configuration_id,seed,epoch,checkpoint,encoder,prediction_path,reference_path,image_id,pathology,original_data_path,evaluation_unit,mass_present,image_height_px,image_width_px,ground_truth_mass_area_px,predicted_mass_area_raw_px,predicted_mass_area_retained_px,raw_intersection_area_px,raw_union_area_px,retained_intersection_area_px,retained_union_area_px,mass_dice,mass_iou,max_retained_component_iou,triage_detection_flag,overlap_detection_iou_00_flag,overlap_detection_iou_02_flag,overlap_detection_iou_05_flag,centroid_detection_flag,normal_false_positive,outcome_category
predictions_milestones_625images_seed42_best,42,,best,PlainConvUNet,predictions/preliminary_milestones_test/seed42/predictions_milestones_625images_seed42_best/liver_0626.png,nnUNet_raw/Dataset001_AUL/labelsTs/liver_0626.png,liver_0626,benign,data/source/AUL/Benign/image/159.jpg,image,True,576,720,1748,1895,1895,1592,2051,1592,2051,0.8740049409827065,0.7762067284251585,0.7762067284251585,True,True,True,True,True,,overlapping_detected
predictions_milestones_625images_seed42_best,42,,best,PlainConvUNet,predictions/preliminary_milestones_test/seed42/predictions_milestones_625images_seed42_best/liver_0627.png,nnUNet_raw/Dataset001_AUL/labelsTs/liver_0627.png,liver_0627,benign,data/source/AUL/Benign/image/88.jpg,image,True,768,1024,49605,18054,18054,16177,51482,16177,51482,0.4781921104361578,0.31422633153335144,0.32611631891946374,True,True,True,False,True,,overlapping_detected
predictions_milestones_625images_seed42_best,42,,best,PlainConvUNet,predictions/preliminary_milestones_test/seed42/predictions_milestones_625images_seed42_best/liver_0628.png,nnUNet_raw/Dataset001_AUL/labelsTs/liver_0628.png,liver_0628,benign,data/source/AUL/Benign/image/190.jpg,image,True,576,720,7141,0,0,0,7141,0,7141,0.0,0.0,0.0,False,False,False,False,False,,unflagged
predictions_milestones_625images_seed42_best,42,,best,PlainConvUNet,predictions/preliminary_milestones_test/seed42/predictions_milestones_625images_seed42_best/liver_0629.png,nnUNet_raw/Dataset001_AUL/labelsTs/liver_0629.png,liver_0629,benign,data/source/AUL/Benign/image/93.jpg,image,True,576,720,45215,39368,39368,38926,45657,38926,45657,0.9204213612664484,0.8525746325864599,0.8525746325864599,True,True,True,True,True,,overlapping_detected
predictions_milestones_625images_seed42_best,42,,best,PlainConvUNet,predictions/preliminary_milestones_test/seed42/predictions_milestones_625images_seed42_best/liver_0630.png,nnUNet_raw/Dataset001_AUL/labelsTs/liver_0630.png,liver_0630,benign,data/source/AUL/Benign/image/2.jpg,image,True,576,720,1657,2091,2091,1651,2097,1651,2097,0.8810032017075774,0.7873152122079161,0.7873152122079161,True,True,True,True,True,,overlapping_detected
predictions_milestones_625images_seed42_best,42,,best,PlainConvUNet,predictions/preliminary_milestones_test/seed42/predictions_milestones_625images_seed42_best/liver_0631.png,nnUNet_raw/Dataset001_AUL/labelsTs/liver_0631.png,liver_0631,benign,data/source/AUL/Benign/image/28.jpg,image,True,576,720,2175,846,846,679,2342,679,2342,0.4495200264812976,0.28992314261315116,0.28992314261315116,True,True,True,False,True,,overlapping_detected
predictions_milestones_625images_seed42_best,42,,best,PlainConvUNet,predictions/preliminary_milestones_test/seed42/predictions_milestones_625images_seed42_best/liver_0632.png,nnUNet_raw/Dataset001_AUL/labelsTs/liver_0632.png,liver_0632,benign,data/source/AUL/Benign/image/110.jpg,image,True,576,720,3443,7230,7230,3443,7230,3443,7230,0.6451794247165745,0.47621023513139693,0.47621023513139693,True,True,True,False,True,,overlapping_detected
predictions_milestones_625images_seed42_best,42,,best,PlainConvUNet,predictions/preliminary_milestones_test/seed42/predictions_milestones_625images_seed42_best/liver_0633.png,nnUNet_raw/Dataset001_AUL/labelsTs/liver_0633.png,liver_0633,benign,data/source/AUL/Benign/image/100.jpg,image,True,576,720,1230,0,0,0,1230,0,1230,0.0,0.0,0.0,False,False,False,False,False,,unflagged
predictions_milestones_625images_seed42_best,42,,best,PlainConvUNet,predictions/preliminary_milestones_test/seed42/predictions_milestones_625images_seed42_best/liver_0634.png,nnUNet_raw/Dataset001_AUL/labelsTs/liver_0634.png,liver_0634,benign,data/source/AUL/Benign/image/157.jpg,image,True,576,768,722,0,0,0,722,0,722,0.0,0.0,0.0,False,False,False,False,False,,unflagged
predictions_milestones_625images_seed42_best,42,,best,PlainConvUNet,predictions/preliminary_milestones_test/seed42/predictions_milestones_625images_seed42_best/liver_0635.png,nnUNet_raw/Dataset001_AUL/labelsTs/liver_0635.png,liver_0635,benign,data/source/AUL/Benign/image/139.jpg,image,True,576,720,633,287,287,287,633,287,633,0.6239130434782608,0.45339652448657186,0.45339652448657186,True,True,True,False,True,,overlapping_detected
predictions_milestones_625images_seed42_best,42,,best,PlainConvUNet,predictions/preliminary_milestones_test/seed42/predictions_milestones_625images_seed42_best/liver_0636.png,nnUNet_raw/Dataset001_AUL/labelsTs/liver_0636.png,liver_0636,benign,data/source/AUL/Benign/image/41.jpg,image,True,576,720,692,560,560,539,713,539,713,0.8610223642172524,0.7559607293127629,0.7559607293127629,True,True,True,True,True,,overlapping_detected
predictions_milestones_625images_seed42_best,42,,best,PlainConvUNet,predictions/preliminary_milestones_test/seed42/predictions_milestones_625images_seed42_best/liver_0637.png,nnUNet_raw/Dataset001_AUL/labelsTs/liver_0637.png,liver_0637,benign,data/source/AUL/Benign/image/72.jpg,image,True,576,720,581,922,922,580,923,580,923,0.7717897538256819,0.628385698808234,0.628385698808234,True,True,True,True,True,,overlapping_detected
predictions_milestones_625images_seed42_best,42,,best,PlainConvUNet,predictions/preliminary_milestones_test/seed42/predictions_milestones_625images_seed42_best/liver_0638.png,nnUNet_raw/Dataset001_AUL/labelsTs/liver_0638.png,liver_0638,benign,data/source/AUL/Benign/image/34.jpg,image,True,576,720,19367,20661,20661,18675,21353,18675,21353,0.9330968322174478,0.8745843675361776,0.8745843675361776,True,True,True,True,True,,overlapping_detected
predictions_milestones_625images_seed42_best,42,,best,PlainConvUNet,predictions/preliminary_milestones_test/seed42/predictions_milestones_625images_seed42_best/liver_0639.png,nnUNet_raw/Dataset001_AUL/labelsTs/liver_0639.png,liver_0639,benign,data/source/AUL/Benign/image/168.jpg,image,True,576,720,4723,1621,1621,1621,4723,1621,4723,0.5110340479192939,0.3432140588608935,0.3432140588608935,True,True,True,False,True,,overlapping_detected
predictions_milestones_625images_seed42_best,42,,best,PlainConvUNet,predictions/preliminary_milestones_test/seed42/predictions_milestones_625images_seed42_best/liver_0640.png,nnUNet_raw/Dataset001_AUL/labelsTs/liver_0640.png,liver_0640,benign,data/source/AUL/Benign/image/61.jpg,image,True,768,1024,81560,68816,68816,66414,83962,66414,83962,0.8833058466776613,0.7910006907886902,0.7910006907886902,True,True,True,True,True,,overlapping_detected
predictions_milestones_625images_seed42_best,42,,best,PlainConvUNet,predictions/preliminary_milestones_test/seed42/predictions_milestones_625images_seed42_best/liver_0641.png,nnUNet_raw/Dataset001_AUL/labelsTs/liver_0641.png,liver_0641,benign,data/source/AUL/Benign/image/7.jpg,image,True,910,1260,27246,25479,25479,25028,27697,25028,27697,0.9493788525367473,0.9036357728273821,0.9036357728273821,True,True,True,True,True,,overlapping_detected
predictions_milestones_625images_seed42_best,42,,best,PlainConvUNet,predictions/preliminary_milestones_test/seed42/predictions_milestones_625images_seed42_best/liver_0642.png,nnUNet_raw/Dataset001_AUL/labelsTs/liver_0642.png,liver_0642,benign,data/source/AUL/Benign/image/14.jpg,image,True,768,1024,12225,17663,17663,12210,17678,12210,17678,0.8170503211991434,0.6906889919674172,0.6906889919674172,True,True,True,True,True,,overlapping_detected
predictions_milestones_625images_seed42_best,42,,best,PlainConvUNet,predictions/preliminary_milestones_test/seed42/predictions_milestones_625images_seed42_best/liver_0643.png,nnUNet_raw/Dataset001_AUL/labelsTs/liver_0643.png,liver_0643,benign,data/source/AUL/Benign/image/36.jpg,image,True,576,720,2022,0,0,0,2022,0,2022,0.0,0.0,0.0,False,False,False,False,False,,unflagged
predictions_milestones_625images_seed42_best,42,,best,PlainConvUNet,predictions/preliminary_milestones_test/seed42/predictions_milestones_625images_seed42_best/liver_0644.png,nnUNet_raw/Dataset001_AUL/labelsTs/liver_0644.png,liver_0644,benign,data/source/AUL/Benign/image/126.jpg,image,True,600,800,11845,6337,6337,6337,11845,6337,11845,0.6970630293697063,0.5349936682144365,0.5349936682144365,True,True,True,True,True,,overlapping_detected
predictions_milestones_625images_seed42_best,42,,best,PlainConvUNet,predictions/preliminary_milestones_test/seed42/predictions_milestones_625images_seed42_best/liver_0645.png,nnUNet_raw/Dataset001_AUL/labelsTs/liver_0645.png,liver_0645,benign,data/source/AUL/Benign/image/101.jpg,image,True,576,720,1205,0,0,0,1205,0,1205,0.0,0.0,0.0,False,False,False,False,False,,unflagged
predictions_milestones_625images_seed42_best,42,,best,PlainConvUNet,predictions/preliminary_milestones_test/seed42/predictions_milestones_625images_seed42_best/liver_0646.png,nnUNet_raw/Dataset001_AUL/labelsTs/liver_0646.png,liver_0646,benign,data/source/AUL/Benign/image/62.jpg,image,True,576,720,847,84,0,0,931,0,847,0.0,0.0,0.0,False,False,False,False,False,,unflagged
predictions_milestones_625images_seed42_best,42,,best,PlainConvUNet,predictions/preliminary_milestones_test/seed42/predictions_milestones_625images_seed42_best/liver_0647.png,nnUNet_raw/Dataset001_AUL/labelsTs/liver_0647.png,liver_0647,benign,data/source/AUL/Benign/image/112.jpg,image,True,576,720,1708,1643,1643,1536,1815,1536,1815,0.9167412712623098,0.8462809917355372,0.8462809917355372,True,True,True,True,True,,overlapping_detected
predictions_milestones_625images_seed42_best,42,,best,PlainConvUNet,predictions/preliminary_milestones_test/seed42/predictions_milestones_625images_seed42_best/liver_0648.png,nnUNet_raw/Dataset001_AUL/labelsTs/liver_0648.png,liver_0648,benign,data/source/AUL/Benign/image/137.jpg,image,True,576,720,2494,46,0,0,2540,0,2494,0.0,0.0,0.0,False,False,False,False,False,,unflagged
predictions_milestones_625images_seed42_best,42,,best,PlainConvUNet,predictions/preliminary_milestones_test/seed42/predictions_milestones_625images_seed42_best/liver_0649.png,nnUNet_raw/Dataset001_AUL/labelsTs/liver_0649.png,liver_0649,benign,data/source/AUL/Benign/image/32.jpg,image,True,576,720,10842,0,0,0,10842,0,10842,0.0,0.0,0.0,False,False,False,False,False,,unflagged
predictions_milestones_625images_seed42_best,42,,best,PlainConvUNet,predictions/preliminary_milestones_test/seed42/predictions_milestones_625images_seed42_best/liver_0650.png,nnUNet_raw/Dataset001_AUL/labelsTs/liver_0650.png,liver_0650,benign,data/source/AUL/Benign/image/87.jpg,image,True,576,720,6010,8158,8158,5372,8796,5372,8796,0.7583286278938453,0.6107321509777172,0.8493280632411068,True,True,True,True,True,,overlapping_detected
predictions_milestones_625images_seed42_best,42,,best,PlainConvUNet,predictions/preliminary_milestones_test/seed42/predictions_milestones_625images_seed42_best/liver_0651.png,nnUNet_raw/Dataset001_AUL/labelsTs/liver_0651.png,liver_0651,benign,data/source/AUL/Benign/image/65.jpg,image,True,576,720,6513,11273,11273,6486,11300,6486,11300,0.7293376813223884,0.5739823008849557,0.5739823008849557,True,True,True,True,True,,overlapping_detected
predictions_milestones_625images_seed42_best,42,,best,PlainConvUNet,predictions/preliminary_milestones_test/seed42/predictions_milestones_625images_seed42_best/liver_0652.png,nnUNet_raw/Dataset001_AUL/labelsTs/liver_0652.png,liver_0652,benign,data/source/AUL/Benign/image/141.jpg,image,True,576,720,1533,2469,2469,0,4002,0,4002,0.0,0.0,0.0,True,False,False,False,False,,flagged_without_detection
predictions_milestones_625images_seed42_best,42,,best,PlainConvUNet,predictions/preliminary_milestones_test/seed42/predictions_milestones_625images_seed42_best/liver_0653.png,nnUNet_raw/Dataset001_AUL/labelsTs/liver_0653.png,liver_0653,benign,data/source/AUL/Benign/image/199.jpg,image,True,576,720,2792,0,0,0,2792,0,2792,0.0,0.0,0.0,False,False,False,False,False,,unflagged
predictions_milestones_625images_seed42_best,42,,best,PlainConvUNet,predictions/preliminary_milestones_test/seed42/predictions_milestones_625images_seed42_best/liver_0654.png,nnUNet_raw/Dataset001_AUL/labelsTs/liver_0654.png,liver_0654,benign,data/source/AUL/Benign/image/103.jpg,image,True,576,768,398,0,0,0,398,0,398,0.0,0.0,0.0,False,False,False,False,False,,unflagged
predictions_milestones_625images_seed42_best,42,,best,PlainConvUNet,predictions/preliminary_milestones_test/seed42/predictions_milestones_625images_seed42_best/liver_0655.png,nnUNet_raw/Dataset001_AUL/labelsTs/liver_0655.png,liver_0655,benign,data/source/AUL/Benign/image/94.jpg,image,True,600,800,11368,4580,4580,4580,11368,4580,11368,0.5743666917481816,0.4028852920478536,0.4028852920478536,True,True,True,False,True,,overlapping_detected
predictions_milestones_625images_seed42_best,42,,best,PlainConvUNet,predictions/preliminary_milestones_test/seed42/predictions_milestones_625images_seed42_best/liver_0656.png,nnUNet_raw/Dataset001_AUL/labelsTs/liver_0656.png,liver_0656,malignant,data/source/AUL/Malignant/image/45.jpg,image,True,576,720,4392,3517,3517,3517,4392,3517,4392,0.8893665444430395,0.8007741347905283,0.8007741347905283,True,True,True,True,True,,overlapping_detected
predictions_milestones_625images_seed42_best,42,,best,PlainConvUNet,predictions/preliminary_milestones_test/seed42/predictions_milestones_625images_seed42_best/liver_0657.png,nnUNet_raw/Dataset001_AUL/labelsTs/liver_0657.png,liver_0657,malignant,data/source/AUL/Malignant/image/412.jpg,image,True,768,1024,20650,17724,17724,15997,22377,15997,22377,0.8337415958722051,0.7148858202618761,0.7148858202618761,True,True,True,True,True,,overlapping_detected
predictions_milestones_625images_seed42_best,42,,best,PlainConvUNet,predictions/preliminary_milestones_test/seed42/predictions_milestones_625images_seed42_best/liver_0658.png,nnUNet_raw/Dataset001_AUL/labelsTs/liver_0658.png,liver_0658,malignant,data/source/AUL/Malignant/image/25.jpg,image,True,600,800,31883,33652,33652,31541,33994,31541,33994,0.9625696192874037,0.9278402070953697,0.9278402070953697,True,True,True,True,True,,overlapping_detected
predictions_milestones_625images_seed42_best,42,,best,PlainConvUNet,predictions/preliminary_milestones_test/seed42/predictions_milestones_625images_seed42_best/liver_0659.png,nnUNet_raw/Dataset001_AUL/labelsTs/liver_0659.png,liver_0659,malignant,data/source/AUL/Malignant/image/313.jpg,image,True,576,720,9106,3440,3440,3313,9233,3313,9233,0.5281364578351666,0.358821618108957,0.358821618108957,True,True,True,False,True,,overlapping_detected
predictions_milestones_625images_seed42_best,42,,best,PlainConvUNet,predictions/preliminary_milestones_test/seed42/predictions_milestones_625images_seed42_best/liver_0660.png,nnUNet_raw/Dataset001_AUL/labelsTs/liver_0660.png,liver_0660,malignant,data/source/AUL/Malignant/image/236.jpg,image,True,768,1024,9890,8819,8819,8489,10220,8489,10220,0.907477684536854,0.8306262230919765,0.8306262230919765,True,True,True,True,True,,overlapping_detected
predictions_milestones_625images_seed42_best,42,,best,PlainConvUNet,predictions/preliminary_milestones_test/seed42/predictions_milestones_625images_seed42_best/liver_0661.png,nnUNet_raw/Dataset001_AUL/labelsTs/liver_0661.png,liver_0661,malignant,data/source/AUL/Malignant/image/42.jpg,image,True,768,1024,66153,64867,64867,62334,68686,62334,68686,0.9515188520836514,0.9075211833561424,0.9075211833561424,True,True,True,True,True,,overlapping_detected
predictions_milestones_625images_seed42_best,42,,best,PlainConvUNet,predictions/preliminary_milestones_test/seed42/predictions_milestones_625images_seed42_best/liver_0662.png,nnUNet_raw/Dataset001_AUL/labelsTs/liver_0662.png,liver_0662,malignant,data/source/AUL/Malignant/image/310.jpg,image,True,768,1024,5978,4964,4964,4757,6185,4757,6185,0.8694936940230306,0.7691188358932902,0.7691188358932902,True,True,True,True,True,,overlapping_detected
predictions_milestones_625images_seed42_best,42,,best,PlainConvUNet,predictions/preliminary_milestones_test/seed42/predictions_milestones_625images_seed42_best/liver_0663.png,nnUNet_raw/Dataset001_AUL/labelsTs/liver_0663.png,liver_0663,malignant,data/source/AUL/Malignant/image/240.jpg,image,True,576,720,823,0,0,0,823,0,823,0.0,0.0,0.0,False,False,False,False,False,,unflagged
predictions_milestones_625images_seed42_best,42,,best,PlainConvUNet,predictions/preliminary_milestones_test/seed42/predictions_milestones_625images_seed42_best/liver_0664.png,nnUNet_raw/Dataset001_AUL/labelsTs/liver_0664.png,liver_0664,malignant,data/source/AUL/Malignant/image/221.jpg,image,True,768,1024,14943,22217,22217,14556,22604,14556,22604,0.7834230355220667,0.6439568218014511,0.6439568218014511,True,True,True,True,True,,overlapping_detected
predictions_milestones_625images_seed42_best,42,,best,PlainConvUNet,predictions/preliminary_milestones_test/seed42/predictions_milestones_625images_seed42_best/liver_0665.png,nnUNet_raw/Dataset001_AUL/labelsTs/liver_0665.png,liver_0665,malignant,data/source/AUL/Malignant/image/433.jpg,image,True,768,1024,5406,24484,24484,5299,24591,5299,24591,0.3545667447306792,0.21548534016510104,0.21548534016510104,True,True,True,False,False,,overlapping_detected
predictions_milestones_625images_seed42_best,42,,best,PlainConvUNet,predictions/preliminary_milestones_test/seed42/predictions_milestones_625images_seed42_best/liver_0666.png,nnUNet_raw/Dataset001_AUL/labelsTs/liver_0666.png,liver_0666,malignant,data/source/AUL/Malignant/image/165.jpg,image,True,768,1024,48852,39315,39315,33640,54527,33640,54527,0.7630973039799471,0.6169420653987933,0.6169420653987933,True,True,True,True,True,,overlapping_detected
predictions_milestones_625images_seed42_best,42,,best,PlainConvUNet,predictions/preliminary_milestones_test/seed42/predictions_milestones_625images_seed42_best/liver_0667.png,nnUNet_raw/Dataset001_AUL/labelsTs/liver_0667.png,liver_0667,malignant,data/source/AUL/Malignant/image/11.jpg,image,True,768,1024,44625,43633,43633,41937,46321,41937,46321,0.9503274490697727,0.9053561019839813,0.9053561019839813,True,True,True,True,True,,overlapping_detected
predictions_milestones_625images_seed42_best,42,,best,PlainConvUNet,predictions/preliminary_milestones_test/seed42/predictions_milestones_625images_seed42_best/liver_0668.png,nnUNet_raw/Dataset001_AUL/labelsTs/liver_0668.png,liver_0668,malignant,data/source/AUL/Malignant/image/364.jpg,image,True,768,1024,173121,92014,92014,86136,178999,86136,178999,0.649752013125389,0.48120939223124154,0.48120939223124154,True,True,True,False,True,,overlapping_detected
predictions_milestones_625images_seed42_best,42,,best,PlainConvUNet,predictions/preliminary_milestones_test/seed42/predictions_milestones_625images_seed42_best/liver_0669.png,nnUNet_raw/Dataset001_AUL/labelsTs/liver_0669.png,liver_0669,malignant,data/source/AUL/Malignant/image/66.jpg,image,True,768,1024,100152,97637,97637,94587,103202,94587,103202,0.9564434827012624,0.9165229356020232,0.9165229356020232,True,True,True,True,True,,overlapping_detected
predictions_milestones_625images_seed42_best,42,,best,PlainConvUNet,predictions/preliminary_milestones_test/seed42/predictions_milestones_625images_seed42_best/liver_0670.png,nnUNet_raw/Dataset001_AUL/labelsTs/liver_0670.png,liver_0670,malignant,data/source/AUL/Malignant/image/391.jpg,image,True,768,1024,5783,6089,6089,5283,6589,5283,6589,0.8899932614555256,0.8017908635604796,0.8017908635604796,True,True,True,True,True,,overlapping_detected
predictions_milestones_625images_seed42_best,42,,best,PlainConvUNet,predictions/preliminary_milestones_test/seed42/predictions_milestones_625images_seed42_best/liver_0671.png,nnUNet_raw/Dataset001_AUL/labelsTs/liver_0671.png,liver_0671,malignant,data/source/AUL/Malignant/image/161.jpg,image,True,576,720,3441,2704,2704,2667,3478,2667,3478,0.8680227827502034,0.7668200115008625,0.7668200115008625,True,True,True,True,True,,overlapping_detected
predictions_milestones_625images_seed42_best,42,,best,PlainConvUNet,predictions/preliminary_milestones_test/seed42/predictions_milestones_625images_seed42_best/liver_0672.png,nnUNet_raw/Dataset001_AUL/labelsTs/liver_0672.png,liver_0672,malignant,data/source/AUL/Malignant/image/405.jpg,image,True,768,1024,5554,3341,3341,3333,5562,3333,5562,0.7494097807757167,0.5992448759439051,0.5992448759439051,True,True,True,True,True,,overlapping_detected
predictions_milestones_625images_seed42_best,42,,best,PlainConvUNet,predictions/preliminary_milestones_test/seed42/predictions_milestones_625images_seed42_best/liver_0673.png,nnUNet_raw/Dataset001_AUL/labelsTs/liver_0673.png,liver_0673,malignant,data/source/AUL/Malignant/image/168.jpg,image,True,768,1024,34845,29587,29587,4650,59782,4650,59782,0.14433821703501365,0.07778261015021244,0.13218488828244926,True,True,False,False,True,,overlapping_detected
predictions_milestones_625images_seed42_best,42,,best,PlainConvUNet,predictions/preliminary_milestones_test/seed42/predictions_milestones_625images_seed42_best/liver_0674.png,nnUNet_raw/Dataset001_AUL/labelsTs/liver_0674.png,liver_0674,malignant,data/source/AUL/Malignant/image/196.jpg,image,True,768,1024,24164,25022,25022,22226,26960,22226,26960,0.9037531004757451,0.824406528189911,0.824406528189911,True,True,True,True,True,,overlapping_detected
predictions_milestones_625images_seed42_best,42,,best,PlainConvUNet,predictions/preliminary_milestones_test/seed42/predictions_milestones_625images_seed42_best/liver_0675.png,nnUNet_raw/Dataset001_AUL/labelsTs/liver_0675.png,liver_0675,malignant,data/source/AUL/Malignant/image/155.jpg,image,True,768,1024,37188,30531,30531,30144,37575,30144,37575,0.8902671333008462,0.8022355289421158,0.8022355289421158,True,True,True,True,True,,overlapping_detected
predictions_milestones_625images_seed42_best,42,,best,PlainConvUNet,predictions/preliminary_milestones_test/seed42/predictions_milestones_625images_seed42_best/liver_0676.png,nnUNet_raw/Dataset001_AUL/labelsTs/liver_0676.png,liver_0676,malignant,data/source/AUL/Malignant/image/374.jpg,image,True,576,768,44291,19329,19329,18650,44970,18650,44970,0.5862936183590066,0.4147209250611519,0.41209695352457193,True,True,True,False,True,,overlapping_detected
predictions_milestones_625images_seed42_best,42,,best,PlainConvUNet,predictions/preliminary_milestones_test/seed42/predictions_milestones_625images_seed42_best/liver_0677.png,nnUNet_raw/Dataset001_AUL/labelsTs/liver_0677.png,liver_0677,malignant,data/source/AUL/Malignant/image/201.jpg,image,True,600,800,24151,40678,40678,0,64829,0,64829,0.0,0.0,0.0,True,False,False,False,False,,flagged_without_detection
predictions_milestones_625images_seed42_best,42,,best,PlainConvUNet,predictions/preliminary_milestones_test/seed42/predictions_milestones_625images_seed42_best/liver_0678.png,nnUNet_raw/Dataset001_AUL/labelsTs/liver_0678.png,liver_0678,malignant,data/source/AUL/Malignant/image/225.jpg,image,True,768,1024,65957,90225,90225,62397,93785,62397,93785,0.7990293375677094,0.6653196140107693,0.6679262248578983,True,True,True,True,True,,overlapping_detected
predictions_milestones_625images_seed42_best,42,,best,PlainConvUNet,predictions/preliminary_milestones_test/seed42/predictions_milestones_625images_seed42_best/liver_0679.png,nnUNet_raw/Dataset001_AUL/labelsTs/liver_0679.png,liver_0679,malignant,data/source/AUL/Malignant/image/173.jpg,image,True,768,1024,69250,72467,72447,65116,76601,65111,76586,0.9189582054375974,0.8500672314982833,0.8501684380957355,True,True,True,True,True,,overlapping_detected
predictions_milestones_625images_seed42_best,42,,best,PlainConvUNet,predictions/preliminary_milestones_test/seed42/predictions_milestones_625images_seed42_best/liver_0680.png,nnUNet_raw/Dataset001_AUL/labelsTs/liver_0680.png,liver_0680,malignant,data/source/AUL/Malignant/image/214.jpg,image,True,576,720,7064,8589,8589,6617,9036,6617,9036,0.8454609340062608,0.7322930500221337,0.7322930500221337,True,True,True,True,True,,overlapping_detected
predictions_milestones_625images_seed42_best,42,,best,PlainConvUNet,predictions/preliminary_milestones_test/seed42/predictions_milestones_625images_seed42_best/liver_0681.png,nnUNet_raw/Dataset001_AUL/labelsTs/liver_0681.png,liver_0681,malignant,data/source/AUL/Malignant/image/172.jpg,image,True,768,1024,124729,103089,103028,101872,125946,101811,125946,0.8943279284341009,0.8088545884744256,0.8083702539183459,True,True,True,True,True,,overlapping_detected
predictions_milestones_625images_seed42_best,42,,best,PlainConvUNet,predictions/preliminary_milestones_test/seed42/predictions_milestones_625images_seed42_best/liver_0682.png,nnUNet_raw/Dataset001_AUL/labelsTs/liver_0682.png,liver_0682,malignant,data/source/AUL/Malignant/image/380.jpg,image,True,576,768,3291,2845,2845,2784,3352,2784,3352,0.9074315514993481,0.8305489260143198,0.8305489260143198,True,True,True,True,True,,overlapping_detected
predictions_milestones_625images_seed42_best,42,,best,PlainConvUNet,predictions/preliminary_milestones_test/seed42/predictions_milestones_625images_seed42_best/liver_0683.png,nnUNet_raw/Dataset001_AUL/labelsTs/liver_0683.png,liver_0683,malignant,data/source/AUL/Malignant/image/22.jpg,image,True,600,800,30876,29153,29153,28351,31678,28351,31678,0.9445767878858552,0.894974430203927,0.894974430203927,True,True,True,True,True,,overlapping_detected
predictions_milestones_625images_seed42_best,42,,best,PlainConvUNet,predictions/preliminary_milestones_test/seed42/predictions_milestones_625images_seed42_best/liver_0684.png,nnUNet_raw/Dataset001_AUL/labelsTs/liver_0684.png,liver_0684,malignant,data/source/AUL/Malignant/image/138.jpg,image,True,576,720,2445,1791,1791,1782,2454,1782,2454,0.8413597733711048,0.726161369193154,0.726161369193154,True,True,True,True,True,,overlapping_detected
predictions_milestones_625images_seed42_best,42,,best,PlainConvUNet,predictions/preliminary_milestones_test/seed42/predictions_milestones_625images_seed42_best/liver_0685.png,nnUNet_raw/Dataset001_AUL/labelsTs/liver_0685.png,liver_0685,malignant,data/source/AUL/Malignant/image/19.jpg,image,True,768,1024,116682,120952,120952,114583,123051,114583,123051,0.9643653685920365,0.9311830054205167,0.9311830054205167,True,True,True,True,True,,overlapping_detected
predictions_milestones_625images_seed42_best,42,,best,PlainConvUNet,predictions/preliminary_milestones_test/seed42/predictions_milestones_625images_seed42_best/liver_0686.png,nnUNet_raw/Dataset001_AUL/labelsTs/liver_0686.png,liver_0686,malignant,data/source/AUL/Malignant/image/312.jpg,image,True,808,1038,23647,22890,22890,22525,24012,22525,24012,0.9680469303994671,0.9380726303514909,0.9380726303514909,True,True,True,True,True,,overlapping_detected
predictions_milestones_625images_seed42_best,42,,best,PlainConvUNet,predictions/preliminary_milestones_test/seed42/predictions_milestones_625images_seed42_best/liver_0687.png,nnUNet_raw/Dataset001_AUL/labelsTs/liver_0687.png,liver_0687,malignant,data/source/AUL/Malignant/image/29.jpg,image,True,768,1024,18558,18304,18304,17351,19511,17351,19511,0.9414030709131355,0.8892932192096766,0.8892932192096766,True,True,True,True,True,,overlapping_detected
predictions_milestones_625images_seed42_best,42,,best,PlainConvUNet,predictions/preliminary_milestones_test/seed42/predictions_milestones_625images_seed42_best/liver_0688.png,nnUNet_raw/Dataset001_AUL/labelsTs/liver_0688.png,liver_0688,malignant,data/source/AUL/Malignant/image/203.jpg,image,True,768,1024,30263,29976,29976,27543,32696,27543,32696,0.9144574113116087,0.8423966234401762,0.8423966234401762,True,True,True,True,True,,overlapping_detected
predictions_milestones_625images_seed42_best,42,,best,PlainConvUNet,predictions/preliminary_milestones_test/seed42/predictions_milestones_625images_seed42_best/liver_0689.png,nnUNet_raw/Dataset001_AUL/labelsTs/liver_0689.png,liver_0689,malignant,data/source/AUL/Malignant/image/192.jpg,image,True,768,1024,44050,33921,33921,32312,45659,32312,45659,0.8288209718998089,0.7076808515298189,0.7076808515298189,True,True,True,True,True,,overlapping_detected
predictions_milestones_625images_seed42_best,42,,best,PlainConvUNet,predictions/preliminary_milestones_test/seed42/predictions_milestones_625images_seed42_best/liver_0690.png,nnUNet_raw/Dataset001_AUL/labelsTs/liver_0690.png,liver_0690,malignant,data/source/AUL/Malignant/image/371.jpg,image,True,625,819,27624,18633,18633,18519,27738,18519,27738,0.8007004345288281,0.6676400605667315,0.6676400605667315,True,True,True,True,True,,overlapping_detected
predictions_milestones_625images_seed42_best,42,,best,PlainConvUNet,predictions/preliminary_milestones_test/seed42/predictions_milestones_625images_seed42_best/liver_0691.png,nnUNet_raw/Dataset001_AUL/labelsTs/liver_0691.png,liver_0691,malignant,data/source/AUL/Malignant/image/167.jpg,image,True,749,894,3606,4413,4413,3536,4483,3536,4483,0.8819054744980671,0.7887575284407763,0.7887575284407763,True,True,True,True,True,,overlapping_detected
predictions_milestones_625images_seed42_best,42,,best,PlainConvUNet,predictions/preliminary_milestones_test/seed42/predictions_milestones_625images_seed42_best/liver_0692.png,nnUNet_raw/Dataset001_AUL/labelsTs/liver_0692.png,liver_0692,malignant,data/source/AUL/Malignant/image/367.jpg,image,True,576,720,2716,6,0,6,2716,0,2716,0.00440852314474651,0.0022091310751104565,0.0,False,False,False,False,False,,unflagged
predictions_milestones_625images_seed42_best,42,,best,PlainConvUNet,predictions/preliminary_milestones_test/seed42/predictions_milestones_625images_seed42_best/liver_0693.png,nnUNet_raw/Dataset001_AUL/labelsTs/liver_0693.png,liver_0693,malignant,data/source/AUL/Malignant/image/275.jpg,image,True,768,1024,40538,50831,50831,39752,51617,39752,51617,0.8701419518655124,0.7701338706240192,0.7701338706240192,True,True,True,True,True,,overlapping_detected
predictions_milestones_625images_seed42_best,42,,best,PlainConvUNet,predictions/preliminary_milestones_test/seed42/predictions_milestones_625images_seed42_best/liver_0694.png,nnUNet_raw/Dataset001_AUL/labelsTs/liver_0694.png,liver_0694,malignant,data/source/AUL/Malignant/image/41.jpg,image,True,768,1024,32179,24403,24403,23786,32796,23786,32796,0.8407620798133683,0.7252713745578729,0.7252713745578729,True,True,True,True,True,,overlapping_detected
predictions_milestones_625images_seed42_best,42,,best,PlainConvUNet,predictions/preliminary_milestones_test/seed42/predictions_milestones_625images_seed42_best/liver_0695.png,nnUNet_raw/Dataset001_AUL/labelsTs/liver_0695.png,liver_0695,malignant,data/source/AUL/Malignant/image/383.jpg,image,True,768,1024,30926,26500,26431,25918,31508,25918,31439,0.9026573329154042,0.8225847403833947,0.8243900887432807,True,True,True,True,True,,overlapping_detected
predictions_milestones_625images_seed42_best,42,,best,PlainConvUNet,predictions/preliminary_milestones_test/seed42/predictions_milestones_625images_seed42_best/liver_0696.png,nnUNet_raw/Dataset001_AUL/labelsTs/liver_0696.png,liver_0696,malignant,data/source/AUL/Malignant/image/106.jpg,image,True,768,1024,15772,13163,13163,12791,16144,12791,16144,0.8841195783653015,0.792306739345887,0.792306739345887,True,True,True,True,True,,overlapping_detected
predictions_milestones_625images_seed42_best,42,,best,PlainConvUNet,predictions/preliminary_milestones_test/seed42/predictions_milestones_625images_seed42_best/liver_0697.png,nnUNet_raw/Dataset001_AUL/labelsTs/liver_0697.png,liver_0697,malignant,data/source/AUL/Malignant/image/140.jpg,image,True,910,1260,16722,17271,17271,15994,17999,15994,17999,0.9410172682611125,0.8886049224956942,0.8886049224956942,True,True,True,True,True,,overlapping_detected
predictions_milestones_625images_seed42_best,42,,best,PlainConvUNet,predictions/preliminary_milestones_test/seed42/predictions_milestones_625images_seed42_best/liver_0698.png,nnUNet_raw/Dataset001_AUL/labelsTs/liver_0698.png,liver_0698,malignant,data/source/AUL/Malignant/image/327.jpg,image,True,768,1024,25104,28754,28754,24184,29674,24184,29674,0.8980652827806453,0.8149895531441667,0.8149895531441667,True,True,True,True,True,,overlapping_detected
predictions_milestones_625images_seed42_best,42,,best,PlainConvUNet,predictions/preliminary_milestones_test/seed42/predictions_milestones_625images_seed42_best/liver_0699.png,nnUNet_raw/Dataset001_AUL/labelsTs/liver_0699.png,liver_0699,malignant,data/source/AUL/Malignant/image/77.jpg,image,True,768,1024,75785,67701,67701,66835,76651,66835,76651,0.9315891445855344,0.8719390484142412,0.8719390484142412,True,True,True,True,True,,overlapping_detected
predictions_milestones_625images_seed42_best,42,,best,PlainConvUNet,predictions/preliminary_milestones_test/seed42/predictions_milestones_625images_seed42_best/liver_0700.png,nnUNet_raw/Dataset001_AUL/labelsTs/liver_0700.png,liver_0700,malignant,data/source/AUL/Malignant/image/342.jpg,image,True,768,1024,194214,161437,161436,138171,217480,138171,217479,0.7770032981771455,0.635327386426338,0.6353303077538521,True,True,True,True,True,,overlapping_detected
predictions_milestones_625images_seed42_best,42,,best,PlainConvUNet,predictions/preliminary_milestones_test/seed42/predictions_milestones_625images_seed42_best/liver_0701.png,nnUNet_raw/Dataset001_AUL/labelsTs/liver_0701.png,liver_0701,malignant,data/source/AUL/Malignant/image/263.jpg,image,True,768,1024,34298,33851,33851,32886,35263,32886,35263,0.9651205446888436,0.9325922354876216,0.9325922354876216,True,True,True,True,True,,overlapping_detected
predictions_milestones_625images_seed42_best,42,,best,PlainConvUNet,predictions/preliminary_milestones_test/seed42/predictions_milestones_625images_seed42_best/liver_0702.png,nnUNet_raw/Dataset001_AUL/labelsTs/liver_0702.png,liver_0702,malignant,data/source/AUL/Malignant/image/288.jpg,image,True,576,720,1401,1017,1017,1012,1406,1012,1406,0.837055417700579,0.7197724039829303,0.7197724039829303,True,True,True,True,True,,overlapping_detected
predictions_milestones_625images_seed42_best,42,,best,PlainConvUNet,predictions/preliminary_milestones_test/seed42/predictions_milestones_625images_seed42_best/liver_0703.png,nnUNet_raw/Dataset001_AUL/labelsTs/liver_0703.png,liver_0703,malignant,data/source/AUL/Malignant/image/304.jpg,image,True,768,1024,31066,32655,32655,30122,33599,30122,33599,0.9454340013496335,0.8965147772255126,0.8965147772255126,True,True,True,True,True,,overlapping_detected
predictions_milestones_625images_seed42_best,42,,best,PlainConvUNet,predictions/preliminary_milestones_test/seed42/predictions_milestones_625images_seed42_best/liver_0704.png,nnUNet_raw/Dataset001_AUL/labelsTs/liver_0704.png,liver_0704,malignant,data/source/AUL/Malignant/image/46.jpg,image,True,768,1024,24522,22841,22841,21390,25973,21390,25973,0.9032367037560965,0.8235475301274401,0.8235475301274401,True,True,True,True,True,,overlapping_detected
predictions_milestones_625images_seed42_best,42,,best,PlainConvUNet,predictions/preliminary_milestones_test/seed42/predictions_milestones_625images_seed42_best/liver_0705.png,nnUNet_raw/Dataset001_AUL/labelsTs/liver_0705.png,liver_0705,malignant,data/source/AUL/Malignant/image/195.jpg,image,True,768,1024,65348,64444,64444,61783,68009,61783,68009,0.9520309418145957,0.9084532929465218,0.9084532929465218,True,True,True,True,True,,overlapping_detected
predictions_milestones_625images_seed42_best,42,,best,PlainConvUNet,predictions/preliminary_milestones_test/seed42/predictions_milestones_625images_seed42_best/liver_0706.png,nnUNet_raw/Dataset001_AUL/labelsTs/liver_0706.png,liver_0706,malignant,data/source/AUL/Malignant/image/111.jpg,image,True,768,1024,54931,47974,47974,46395,56510,46395,56510,0.9017054564889947,0.8210051318350734,0.8210051318350734,True,True,True,True,True,,overlapping_detected
predictions_milestones_625images_seed42_best,42,,best,PlainConvUNet,predictions/preliminary_milestones_test/seed42/predictions_milestones_625images_seed42_best/liver_0707.png,nnUNet_raw/Dataset001_AUL/labelsTs/liver_0707.png,liver_0707,malignant,data/source/AUL/Malignant/image/363.jpg,image,True,768,1024,14074,18619,18619,14068,18625,14068,18625,0.8606123635028905,0.7553288590604027,0.7553288590604027,True,True,True,True,True,,overlapping_detected
predictions_milestones_625images_seed42_best,42,,best,PlainConvUNet,predictions/preliminary_milestones_test/seed42/predictions_milestones_625images_seed42_best/liver_0708.png,nnUNet_raw/Dataset001_AUL/labelsTs/liver_0708.png,liver_0708,malignant,data/source/AUL/Malignant/image/381.jpg,image,True,768,1024,11532,7385,7385,6877,12040,6877,12040,0.7270708886187027,0.5711794019933555,0.5665185681951547,True,True,True,True,True,,overlapping_detected
predictions_milestones_625images_seed42_best,42,,best,PlainConvUNet,predictions/preliminary_milestones_test/seed42/predictions_milestones_625images_seed42_best/liver_0709.png,nnUNet_raw/Dataset001_AUL/labelsTs/liver_0709.png,liver_0709,malignant,data/source/AUL/Malignant/image/249.jpg,image,True,768,1024,34415,29313,29313,28770,34958,28770,34958,0.9028998242530756,0.8229875851021226,0.8229875851021226,True,True,True,True,True,,overlapping_detected
predictions_milestones_625images_seed42_best,42,,best,PlainConvUNet,predictions/preliminary_milestones_test/seed42/predictions_milestones_625images_seed42_best/liver_0710.png,nnUNet_raw/Dataset001_AUL/labelsTs/liver_0710.png,liver_0710,malignant,data/source/AUL/Malignant/image/21.jpg,image,True,768,1024,125958,117955,117955,115760,128153,115760,128153,0.9491909000340285,0.9032952798607914,0.9032952798607914,True,True,True,True,True,,overlapping_detected
predictions_milestones_625images_seed42_best,42,,best,PlainConvUNet,predictions/preliminary_milestones_test/seed42/predictions_milestones_625images_seed42_best/liver_0711.png,nnUNet_raw/Dataset001_AUL/labelsTs/liver_0711.png,liver_0711,malignant,data/source/AUL/Malignant/image/293.jpg,image,True,768,1024,14729,14414,14414,12686,16457,12686,16457,0.8706035754726692,0.7708573859148082,0.7708573859148082,True,True,True,True,True,,overlapping_detected
predictions_milestones_625images_seed42_best,42,,best,PlainConvUNet,predictions/preliminary_milestones_test/seed42/predictions_milestones_625images_seed42_best/liver_0712.png,nnUNet_raw/Dataset001_AUL/labelsTs/liver_0712.png,liver_0712,malignant,data/source/AUL/Malignant/image/217.jpg,image,True,768,1024,35213,39991,39991,34861,40343,34861,40343,0.9271049412265305,0.8641152120566146,0.8641152120566146,True,True,True,True,True,,overlapping_detected
predictions_milestones_625images_seed42_best,42,,best,PlainConvUNet,predictions/preliminary_milestones_test/seed42/predictions_milestones_625images_seed42_best/liver_0713.png,nnUNet_raw/Dataset001_AUL/labelsTs/liver_0713.png,liver_0713,malignant,data/source/AUL/Malignant/image/190.jpg,image,True,768,1024,49653,39512,39512,39121,50044,39121,50044,0.8774967756406662,0.7817320757733195,0.7817320757733195,True,True,True,True,True,,overlapping_detected
predictions_milestones_625images_seed42_best,42,,best,PlainConvUNet,predictions/preliminary_milestones_test/seed42/predictions_milestones_625images_seed42_best/liver_0714.png,nnUNet_raw/Dataset001_AUL/labelsTs/liver_0714.png,liver_0714,malignant,data/source/AUL/Malignant/image/139.jpg,image,True,768,1024,27544,20309,20309,19405,28448,19405,28448,0.8110254320523269,0.6821217660292463,0.6821217660292463,True,True,True,True,True,,overlapping_detected
predictions_milestones_625images_seed42_best,42,,best,PlainConvUNet,predictions/preliminary_milestones_test/seed42/predictions_milestones_625images_seed42_best/liver_0715.png,nnUNet_raw/Dataset001_AUL/labelsTs/liver_0715.png,liver_0715,malignant,data/source/AUL/Malignant/image/218.jpg,image,True,768,1024,14449,15888,15814,13392,16945,13392,16871,0.8828822889540825,0.7903216287990558,0.8597842835130971,True,True,True,True,True,,overlapping_detected
predictions_milestones_625images_seed42_best,42,,best,PlainConvUNet,predictions/preliminary_milestones_test/seed42/predictions_milestones_625images_seed42_best/liver_0716.png,nnUNet_raw/Dataset001_AUL/labelsTs/liver_0716.png,liver_0716,malignant,data/source/AUL/Malignant/image/260.jpg,image,True,407,550,3962,3243,3243,2545,4660,2545,4660,0.7064538514920194,0.546137339055794,0.546137339055794,True,True,True,True,True,,overlapping_detected
predictions_milestones_625images_seed42_best,42,,best,PlainConvUNet,predictions/preliminary_milestones_test/seed42/predictions_milestones_625images_seed42_best/liver_0717.png,nnUNet_raw/Dataset001_AUL/labelsTs/liver_0717.png,liver_0717,malignant,data/source/AUL/Malignant/image/112.jpg,image,True,768,1024,101456,42864,42853,42149,102171,42145,102164,0.5841047671840355,0.4125338892640769,0.3732583696377409,True,True,True,False,True,,overlapping_detected
predictions_milestones_625images_seed42_best,42,,best,PlainConvUNet,predictions/preliminary_milestones_test/seed42/predictions_milestones_625images_seed42_best/liver_0718.png,nnUNet_raw/Dataset001_AUL/labelsTs/liver_0718.png,liver_0718,malignant,data/source/AUL/Malignant/image/186.jpg,image,True,576,768,16287,9344,9344,9146,16485,9146,16485,0.7136670438141314,0.5548074006672733,0.5548074006672733,True,True,True,True,True,,overlapping_detected
predictions_milestones_625images_seed42_best,42,,best,PlainConvUNet,predictions/preliminary_milestones_test/seed42/predictions_milestones_625images_seed42_best/liver_0719.png,nnUNet_raw/Dataset001_AUL/labelsTs/liver_0719.png,liver_0719,malignant,data/source/AUL/Malignant/image/299.jpg,image,True,768,1024,60028,40212,40212,37842,62398,37842,62398,0.7550279329608939,0.6064617455687682,0.6064617455687682,True,True,True,True,True,,overlapping_detected
predictions_milestones_625images_seed42_best,42,,best,PlainConvUNet,predictions/preliminary_milestones_test/seed42/predictions_milestones_625images_seed42_best/liver_0720.png,nnUNet_raw/Dataset001_AUL/labelsTs/liver_0720.png,liver_0720,malignant,data/source/AUL/Malignant/image/248.jpg,image,True,768,1024,62655,88412,88412,57517,93550,57517,93550,0.7614766957707507,0.6148262960983432,0.6148262960983432,True,True,True,True,True,,overlapping_detected
predictions_milestones_625images_seed42_best,42,,best,PlainConvUNet,predictions/preliminary_milestones_test/seed42/predictions_milestones_625images_seed42_best/liver_0721.png,nnUNet_raw/Dataset001_AUL/labelsTs/liver_0721.png,liver_0721,normal,data/source/AUL/Normal/image/74.jpg,image,False,480,640,0,0,0,0,0,0,0,,,,False,,,,,False,normal_true_negative
predictions_milestones_625images_seed42_best,42,,best,PlainConvUNet,predictions/preliminary_milestones_test/seed42/predictions_milestones_625images_seed42_best/liver_0722.png,nnUNet_raw/Dataset001_AUL/labelsTs/liver_0722.png,liver_0722,normal,data/source/AUL/Normal/image/44.jpg,image,False,576,720,0,0,0,0,0,0,0,,,,False,,,,,False,normal_true_negative
predictions_milestones_625images_seed42_best,42,,best,PlainConvUNet,predictions/preliminary_milestones_test/seed42/predictions_milestones_625images_seed42_best/liver_0723.png,nnUNet_raw/Dataset001_AUL/labelsTs/liver_0723.png,liver_0723,normal,data/source/AUL/Normal/image/81.jpg,image,False,576,768,0,0,0,0,0,0,0,,,,False,,,,,False,normal_true_negative
predictions_milestones_625images_seed42_best,42,,best,PlainConvUNet,predictions/preliminary_milestones_test/seed42/predictions_milestones_625images_seed42_best/liver_0724.png,nnUNet_raw/Dataset001_AUL/labelsTs/liver_0724.png,liver_0724,normal,data/source/AUL/Normal/image/25.jpg,image,False,576,720,0,0,0,0,0,0,0,,,,False,,,,,False,normal_true_negative
predictions_milestones_625images_seed42_best,42,,best,PlainConvUNet,predictions/preliminary_milestones_test/seed42/predictions_milestones_625images_seed42_best/liver_0725.png,nnUNet_raw/Dataset001_AUL/labelsTs/liver_0725.png,liver_0725,normal,data/source/AUL/Normal/image/50.jpg,image,False,576,720,0,11,0,0,11,0,0,,,,False,,,,,False,normal_true_negative
predictions_milestones_625images_seed42_best,42,,best,PlainConvUNet,predictions/preliminary_milestones_test/seed42/predictions_milestones_625images_seed42_best/liver_0726.png,nnUNet_raw/Dataset001_AUL/labelsTs/liver_0726.png,liver_0726,normal,data/source/AUL/Normal/image/3.jpg,image,False,576,720,0,0,0,0,0,0,0,,,,False,,,,,False,normal_true_negative
predictions_milestones_625images_seed42_best,42,,best,PlainConvUNet,predictions/preliminary_milestones_test/seed42/predictions_milestones_625images_seed42_best/liver_0727.png,nnUNet_raw/Dataset001_AUL/labelsTs/liver_0727.png,liver_0727,normal,data/source/AUL/Normal/image/84.jpg,image,False,576,720,0,0,0,0,0,0,0,,,,False,,,,,False,normal_true_negative
predictions_milestones_625images_seed42_best,42,,best,PlainConvUNet,predictions/preliminary_milestones_test/seed42/predictions_milestones_625images_seed42_best/liver_0728.png,nnUNet_raw/Dataset001_AUL/labelsTs/liver_0728.png,liver_0728,normal,data/source/AUL/Normal/image/18.jpg,image,False,576,720,0,0,0,0,0,0,0,,,,False,,,,,False,normal_true_negative
predictions_milestones_625images_seed42_best,42,,best,PlainConvUNet,predictions/preliminary_milestones_test/seed42/predictions_milestones_625images_seed42_best/liver_0729.png,nnUNet_raw/Dataset001_AUL/labelsTs/liver_0729.png,liver_0729,normal,data/source/AUL/Normal/image/90.jpg,image,False,576,720,0,0,0,0,0,0,0,,,,False,,,,,False,normal_true_negative
predictions_milestones_625images_seed42_best,42,,best,PlainConvUNet,predictions/preliminary_milestones_test/seed42/predictions_milestones_625images_seed42_best/liver_0730.png,nnUNet_raw/Dataset001_AUL/labelsTs/liver_0730.png,liver_0730,normal,data/source/AUL/Normal/image/17.jpg,image,False,480,640,0,0,0,0,0,0,0,,,,False,,,,,False,normal_true_negative
predictions_milestones_625images_seed42_best,42,,best,PlainConvUNet,predictions/preliminary_milestones_test/seed42/predictions_milestones_625images_seed42_best/liver_0731.png,nnUNet_raw/Dataset001_AUL/labelsTs/liver_0731.png,liver_0731,normal,data/source/AUL/Normal/image/89.jpg,image,False,576,768,0,0,0,0,0,0,0,,,,False,,,,,False,normal_true_negative
predictions_milestones_625images_seed42_best,42,,best,PlainConvUNet,predictions/preliminary_milestones_test/seed42/predictions_milestones_625images_seed42_best/liver_0732.png,nnUNet_raw/Dataset001_AUL/labelsTs/liver_0732.png,liver_0732,normal,data/source/AUL/Normal/image/83.jpg,image,False,480,640,0,0,0,0,0,0,0,,,,False,,,,,False,normal_true_negative
predictions_milestones_625images_seed42_best,42,,best,PlainConvUNet,predictions/preliminary_milestones_test/seed42/predictions_milestones_625images_seed42_best/liver_0733.png,nnUNet_raw/Dataset001_AUL/labelsTs/liver_0733.png,liver_0733,normal,data/source/AUL/Normal/image/2.jpg,image,False,576,768,0,4683,4683,0,4683,0,4683,,,,True,,,,,True,normal_false_positive
predictions_milestones_625images_seed42_best,42,,best,PlainConvUNet,predictions/preliminary_milestones_test/seed42/predictions_milestones_625images_seed42_best/liver_0734.png,nnUNet_raw/Dataset001_AUL/labelsTs/liver_0734.png,liver_0734,normal,data/source/AUL/Normal/image/39.jpg,image,False,576,720,0,0,0,0,0,0,0,,,,False,,,,,False,normal_true_negative
predictions_milestones_625images_seed42_best,42,,best,PlainConvUNet,predictions/preliminary_milestones_test/seed42/predictions_milestones_625images_seed42_best/liver_0735.png,nnUNet_raw/Dataset001_AUL/labelsTs/liver_0735.png,liver_0735,normal,data/source/AUL/Normal/image/7.jpg,image,False,576,720,0,0,0,0,0,0,0,,,,False,,,,,False,normal_true_negative
predictions_milestones_625images_seed42_best_mass,42,,best_mass,PlainConvUNet,predictions/preliminary_milestones_test/seed42/predictions_milestones_625images_seed42_best_mass/liver_0626.png,nnUNet_raw/Dataset001_AUL/labelsTs/liver_0626.png,liver_0626,benign,data/source/AUL/Benign/image/159.jpg,image,True,576,720,1748,1895,1895,1592,2051,1592,2051,0.8740049409827065,0.7762067284251585,0.7762067284251585,True,True,True,True,True,,overlapping_detected
predictions_milestones_625images_seed42_best_mass,42,,best_mass,PlainConvUNet,predictions/preliminary_milestones_test/seed42/predictions_milestones_625images_seed42_best_mass/liver_0627.png,nnUNet_raw/Dataset001_AUL/labelsTs/liver_0627.png,liver_0627,benign,data/source/AUL/Benign/image/88.jpg,image,True,768,1024,49605,18062,18062,16184,51483,16184,51483,0.4783424712193536,0.3143561952489171,0.3262574337264389,True,True,True,False,True,,overlapping_detected
predictions_milestones_625images_seed42_best_mass,42,,best_mass,PlainConvUNet,predictions/preliminary_milestones_test/seed42/predictions_milestones_625images_seed42_best_mass/liver_0628.png,nnUNet_raw/Dataset001_AUL/labelsTs/liver_0628.png,liver_0628,benign,data/source/AUL/Benign/image/190.jpg,image,True,576,720,7141,0,0,0,7141,0,7141,0.0,0.0,0.0,False,False,False,False,False,,unflagged
predictions_milestones_625images_seed42_best_mass,42,,best_mass,PlainConvUNet,predictions/preliminary_milestones_test/seed42/predictions_milestones_625images_seed42_best_mass/liver_0629.png,nnUNet_raw/Dataset001_AUL/labelsTs/liver_0629.png,liver_0629,benign,data/source/AUL/Benign/image/93.jpg,image,True,576,720,45215,39366,39366,38924,45657,38924,45657,0.9203958335796455,0.8525308276934533,0.8525308276934533,True,True,True,True,True,,overlapping_detected
predictions_milestones_625images_seed42_best_mass,42,,best_mass,PlainConvUNet,predictions/preliminary_milestones_test/seed42/predictions_milestones_625images_seed42_best_mass/liver_0630.png,nnUNet_raw/Dataset001_AUL/labelsTs/liver_0630.png,liver_0630,benign,data/source/AUL/Benign/image/2.jpg,image,True,576,720,1657,2091,2091,1651,2097,1651,2097,0.8810032017075774,0.7873152122079161,0.7873152122079161,True,True,True,True,True,,overlapping_detected
predictions_milestones_625images_seed42_best_mass,42,,best_mass,PlainConvUNet,predictions/preliminary_milestones_test/seed42/predictions_milestones_625images_seed42_best_mass/liver_0631.png,nnUNet_raw/Dataset001_AUL/labelsTs/liver_0631.png,liver_0631,benign,data/source/AUL/Benign/image/28.jpg,image,True,576,720,2175,846,846,679,2342,679,2342,0.4495200264812976,0.28992314261315116,0.28992314261315116,True,True,True,False,True,,overlapping_detected
predictions_milestones_625images_seed42_best_mass,42,,best_mass,PlainConvUNet,predictions/preliminary_milestones_test/seed42/predictions_milestones_625images_seed42_best_mass/liver_0632.png,nnUNet_raw/Dataset001_AUL/labelsTs/liver_0632.png,liver_0632,benign,data/source/AUL/Benign/image/110.jpg,image,True,576,720,3443,7230,7230,3443,7230,3443,7230,0.6451794247165745,0.47621023513139693,0.47621023513139693,True,True,True,False,True,,overlapping_detected
predictions_milestones_625images_seed42_best_mass,42,,best_mass,PlainConvUNet,predictions/preliminary_milestones_test/seed42/predictions_milestones_625images_seed42_best_mass/liver_0633.png,nnUNet_raw/Dataset001_AUL/labelsTs/liver_0633.png,liver_0633,benign,data/source/AUL/Benign/image/100.jpg,image,True,576,720,1230,0,0,0,1230,0,1230,0.0,0.0,0.0,False,False,False,False,False,,unflagged
predictions_milestones_625images_seed42_best_mass,42,,best_mass,PlainConvUNet,predictions/preliminary_milestones_test/seed42/predictions_milestones_625images_seed42_best_mass/liver_0634.png,nnUNet_raw/Dataset001_AUL/labelsTs/liver_0634.png,liver_0634,benign,data/source/AUL/Benign/image/157.jpg,image,True,576,768,722,0,0,0,722,0,722,0.0,0.0,0.0,False,False,False,False,False,,unflagged
predictions_milestones_625images_seed42_best_mass,42,,best_mass,PlainConvUNet,predictions/preliminary_milestones_test/seed42/predictions_milestones_625images_seed42_best_mass/liver_0635.png,nnUNet_raw/Dataset001_AUL/labelsTs/liver_0635.png,liver_0635,benign,data/source/AUL/Benign/image/139.jpg,image,True,576,720,633,287,287,287,633,287,633,0.6239130434782608,0.45339652448657186,0.45339652448657186,True,True,True,False,True,,overlapping_detected
predictions_milestones_625images_seed42_best_mass,42,,best_mass,PlainConvUNet,predictions/preliminary_milestones_test/seed42/predictions_milestones_625images_seed42_best_mass/liver_0636.png,nnUNet_raw/Dataset001_AUL/labelsTs/liver_0636.png,liver_0636,benign,data/source/AUL/Benign/image/41.jpg,image,True,576,720,692,560,560,539,713,539,713,0.8610223642172524,0.7559607293127629,0.7559607293127629,True,True,True,True,True,,overlapping_detected
predictions_milestones_625images_seed42_best_mass,42,,best_mass,PlainConvUNet,predictions/preliminary_milestones_test/seed42/predictions_milestones_625images_seed42_best_mass/liver_0637.png,nnUNet_raw/Dataset001_AUL/labelsTs/liver_0637.png,liver_0637,benign,data/source/AUL/Benign/image/72.jpg,image,True,576,720,581,922,922,580,923,580,923,0.7717897538256819,0.628385698808234,0.628385698808234,True,True,True,True,True,,overlapping_detected
predictions_milestones_625images_seed42_best_mass,42,,best_mass,PlainConvUNet,predictions/preliminary_milestones_test/seed42/predictions_milestones_625images_seed42_best_mass/liver_0638.png,nnUNet_raw/Dataset001_AUL/labelsTs/liver_0638.png,liver_0638,benign,data/source/AUL/Benign/image/34.jpg,image,True,576,720,19367,20661,20661,18675,21353,18675,21353,0.9330968322174478,0.8745843675361776,0.8745843675361776,True,True,True,True,True,,overlapping_detected
predictions_milestones_625images_seed42_best_mass,42,,best_mass,PlainConvUNet,predictions/preliminary_milestones_test/seed42/predictions_milestones_625images_seed42_best_mass/liver_0639.png,nnUNet_raw/Dataset001_AUL/labelsTs/liver_0639.png,liver_0639,benign,data/source/AUL/Benign/image/168.jpg,image,True,576,720,4723,1619,1619,1619,4723,1619,4723,0.510564490696941,0.34279059919542665,0.34279059919542665,True,True,True,False,True,,overlapping_detected
predictions_milestones_625images_seed42_best_mass,42,,best_mass,PlainConvUNet,predictions/preliminary_milestones_test/seed42/predictions_milestones_625images_seed42_best_mass/liver_0640.png,nnUNet_raw/Dataset001_AUL/labelsTs/liver_0640.png,liver_0640,benign,data/source/AUL/Benign/image/61.jpg,image,True,768,1024,81560,68816,68816,66413,83963,66413,83963,0.8832925466829813,0.7909793599561712,0.7909793599561712,True,True,True,True,True,,overlapping_detected
predictions_milestones_625images_seed42_best_mass,42,,best_mass,PlainConvUNet,predictions/preliminary_milestones_test/seed42/predictions_milestones_625images_seed42_best_mass/liver_0641.png,nnUNet_raw/Dataset001_AUL/labelsTs/liver_0641.png,liver_0641,benign,data/source/AUL/Benign/image/7.jpg,image,True,910,1260,27246,25480,25480,25029,27697,25029,27697,0.9493987785912074,0.9036718778207026,0.9036718778207026,True,True,True,True,True,,overlapping_detected
predictions_milestones_625images_seed42_best_mass,42,,best_mass,PlainConvUNet,predictions/preliminary_milestones_test/seed42/predictions_milestones_625images_seed42_best_mass/liver_0642.png,nnUNet_raw/Dataset001_AUL/labelsTs/liver_0642.png,liver_0642,benign,data/source/AUL/Benign/image/14.jpg,image,True,768,1024,12225,17663,17663,12210,17678,12210,17678,0.8170503211991434,0.6906889919674172,0.6906889919674172,True,True,True,True,True,,overlapping_detected
predictions_milestones_625images_seed42_best_mass,42,,best_mass,PlainConvUNet,predictions/preliminary_milestones_test/seed42/predictions_milestones_625images_seed42_best_mass/liver_0643.png,nnUNet_raw/Dataset001_AUL/labelsTs/liver_0643.png,liver_0643,benign,data/source/AUL/Benign/image/36.jpg,image,True,576,720,2022,0,0,0,2022,0,2022,0.0,0.0,0.0,False,False,False,False,False,,unflagged
predictions_milestones_625images_seed42_best_mass,42,,best_mass,PlainConvUNet,predictions/preliminary_milestones_test/seed42/predictions_milestones_625images_seed42_best_mass/liver_0644.png,nnUNet_raw/Dataset001_AUL/labelsTs/liver_0644.png,liver_0644,benign,data/source/AUL/Benign/image/126.jpg,image,True,600,800,11845,6338,6338,6338,11845,6338,11845,0.6971346862453941,0.5350780920219502,0.5350780920219502,True,True,True,True,True,,overlapping_detected
predictions_milestones_625images_seed42_best_mass,42,,best_mass,PlainConvUNet,predictions/preliminary_milestones_test/seed42/predictions_milestones_625images_seed42_best_mass/liver_0645.png,nnUNet_raw/Dataset001_AUL/labelsTs/liver_0645.png,liver_0645,benign,data/source/AUL/Benign/image/101.jpg,image,True,576,720,1205,0,0,0,1205,0,1205,0.0,0.0,0.0,False,False,False,False,False,,unflagged
predictions_milestones_625images_seed42_best_mass,42,,best_mass,PlainConvUNet,predictions/preliminary_milestones_test/seed42/predictions_milestones_625images_seed42_best_mass/liver_0646.png,nnUNet_raw/Dataset001_AUL/labelsTs/liver_0646.png,liver_0646,benign,data/source/AUL/Benign/image/62.jpg,image,True,576,720,847,85,0,0,932,0,847,0.0,0.0,0.0,False,False,False,False,False,,unflagged
predictions_milestones_625images_seed42_best_mass,42,,best_mass,PlainConvUNet,predictions/preliminary_milestones_test/seed42/predictions_milestones_625images_seed42_best_mass/liver_0647.png,nnUNet_raw/Dataset001_AUL/labelsTs/liver_0647.png,liver_0647,benign,data/source/AUL/Benign/image/112.jpg,image,True,576,720,1708,1643,1643,1536,1815,1536,1815,0.9167412712623098,0.8462809917355372,0.8462809917355372,True,True,True,True,True,,overlapping_detected
predictions_milestones_625images_seed42_best_mass,42,,best_mass,PlainConvUNet,predictions/preliminary_milestones_test/seed42/predictions_milestones_625images_seed42_best_mass/liver_0648.png,nnUNet_raw/Dataset001_AUL/labelsTs/liver_0648.png,liver_0648,benign,data/source/AUL/Benign/image/137.jpg,image,True,576,720,2494,46,0,0,2540,0,2494,0.0,0.0,0.0,False,False,False,False,False,,unflagged
predictions_milestones_625images_seed42_best_mass,42,,best_mass,PlainConvUNet,predictions/preliminary_milestones_test/seed42/predictions_milestones_625images_seed42_best_mass/liver_0649.png,nnUNet_raw/Dataset001_AUL/labelsTs/liver_0649.png,liver_0649,benign,data/source/AUL/Benign/image/32.jpg,image,True,576,720,10842,0,0,0,10842,0,10842,0.0,0.0,0.0,False,False,False,False,False,,unflagged
predictions_milestones_625images_seed42_best_mass,42,,best_mass,PlainConvUNet,predictions/preliminary_milestones_test/seed42/predictions_milestones_625images_seed42_best_mass/liver_0650.png,nnUNet_raw/Dataset001_AUL/labelsTs/liver_0650.png,liver_0650,benign,data/source/AUL/Benign/image/87.jpg,image,True,576,720,6010,8158,8158,5372,8796,5372,8796,0.7583286278938453,0.6107321509777172,0.8493280632411068,True,True,True,True,True,,overlapping_detected
predictions_milestones_625images_seed42_best_mass,42,,best_mass,PlainConvUNet,predictions/preliminary_milestones_test/seed42/predictions_milestones_625images_seed42_best_mass/liver_0651.png,nnUNet_raw/Dataset001_AUL/labelsTs/liver_0651.png,liver_0651,benign,data/source/AUL/Benign/image/65.jpg,image,True,576,720,6513,11273,11273,6486,11300,6486,11300,0.7293376813223884,0.5739823008849557,0.5739823008849557,True,True,True,True,True,,overlapping_detected
predictions_milestones_625images_seed42_best_mass,42,,best_mass,PlainConvUNet,predictions/preliminary_milestones_test/seed42/predictions_milestones_625images_seed42_best_mass/liver_0652.png,nnUNet_raw/Dataset001_AUL/labelsTs/liver_0652.png,liver_0652,benign,data/source/AUL/Benign/image/141.jpg,image,True,576,720,1533,2471,2471,0,4004,0,4004,0.0,0.0,0.0,True,False,False,False,False,,flagged_without_detection
predictions_milestones_625images_seed42_best_mass,42,,best_mass,PlainConvUNet,predictions/preliminary_milestones_test/seed42/predictions_milestones_625images_seed42_best_mass/liver_0653.png,nnUNet_raw/Dataset001_AUL/labelsTs/liver_0653.png,liver_0653,benign,data/source/AUL/Benign/image/199.jpg,image,True,576,720,2792,0,0,0,2792,0,2792,0.0,0.0,0.0,False,False,False,False,False,,unflagged
predictions_milestones_625images_seed42_best_mass,42,,best_mass,PlainConvUNet,predictions/preliminary_milestones_test/seed42/predictions_milestones_625images_seed42_best_mass/liver_0654.png,nnUNet_raw/Dataset001_AUL/labelsTs/liver_0654.png,liver_0654,benign,data/source/AUL/Benign/image/103.jpg,image,True,576,768,398,0,0,0,398,0,398,0.0,0.0,0.0,False,False,False,False,False,,unflagged
predictions_milestones_625images_seed42_best_mass,42,,best_mass,PlainConvUNet,predictions/preliminary_milestones_test/seed42/predictions_milestones_625images_seed42_best_mass/liver_0655.png,nnUNet_raw/Dataset001_AUL/labelsTs/liver_0655.png,liver_0655,benign,data/source/AUL/Benign/image/94.jpg,image,True,600,800,11368,4581,4581,4581,11368,4581,11368,0.5744560787510189,0.4029732582688248,0.4029732582688248,True,True,True,False,True,,overlapping_detected
predictions_milestones_625images_seed42_best_mass,42,,best_mass,PlainConvUNet,predictions/preliminary_milestones_test/seed42/predictions_milestones_625images_seed42_best_mass/liver_0656.png,nnUNet_raw/Dataset001_AUL/labelsTs/liver_0656.png,liver_0656,malignant,data/source/AUL/Malignant/image/45.jpg,image,True,576,720,4392,3517,3517,3517,4392,3517,4392,0.8893665444430395,0.8007741347905283,0.8007741347905283,True,True,True,True,True,,overlapping_detected
predictions_milestones_625images_seed42_best_mass,42,,best_mass,PlainConvUNet,predictions/preliminary_milestones_test/seed42/predictions_milestones_625images_seed42_best_mass/liver_0657.png,nnUNet_raw/Dataset001_AUL/labelsTs/liver_0657.png,liver_0657,malignant,data/source/AUL/Malignant/image/412.jpg,image,True,768,1024,20650,17726,17726,15999,22377,15999,22377,0.8338023764853033,0.7149751977476874,0.7149751977476874,True,True,True,True,True,,overlapping_detected
predictions_milestones_625images_seed42_best_mass,42,,best_mass,PlainConvUNet,predictions/preliminary_milestones_test/seed42/predictions_milestones_625images_seed42_best_mass/liver_0658.png,nnUNet_raw/Dataset001_AUL/labelsTs/liver_0658.png,liver_0658,malignant,data/source/AUL/Malignant/image/25.jpg,image,True,600,800,31883,33654,33654,31541,33996,31541,33996,0.9625402444420709,0.9277856218378633,0.9277856218378633,True,True,True,True,True,,overlapping_detected
predictions_milestones_625images_seed42_best_mass,42,,best_mass,PlainConvUNet,predictions/preliminary_milestones_test/seed42/predictions_milestones_625images_seed42_best_mass/liver_0659.png,nnUNet_raw/Dataset001_AUL/labelsTs/liver_0659.png,liver_0659,malignant,data/source/AUL/Malignant/image/313.jpg,image,True,576,720,9106,3441,3441,3314,9233,3314,9233,0.5282537658404399,0.3589299252680602,0.3589299252680602,True,True,True,False,True,,overlapping_detected
predictions_milestones_625images_seed42_best_mass,42,,best_mass,PlainConvUNet,predictions/preliminary_milestones_test/seed42/predictions_milestones_625images_seed42_best_mass/liver_0660.png,nnUNet_raw/Dataset001_AUL/labelsTs/liver_0660.png,liver_0660,malignant,data/source/AUL/Malignant/image/236.jpg,image,True,768,1024,9890,8819,8819,8489,10220,8489,10220,0.907477684536854,0.8306262230919765,0.8306262230919765,True,True,True,True,True,,overlapping_detected
predictions_milestones_625images_seed42_best_mass,42,,best_mass,PlainConvUNet,predictions/preliminary_milestones_test/seed42/predictions_milestones_625images_seed42_best_mass/liver_0661.png,nnUNet_raw/Dataset001_AUL/labelsTs/liver_0661.png,liver_0661,malignant,data/source/AUL/Malignant/image/42.jpg,image,True,768,1024,66153,64867,64867,62334,68686,62334,68686,0.9515188520836514,0.9075211833561424,0.9075211833561424,True,True,True,True,True,,overlapping_detected
predictions_milestones_625images_seed42_best_mass,42,,best_mass,PlainConvUNet,predictions/preliminary_milestones_test/seed42/predictions_milestones_625images_seed42_best_mass/liver_0662.png,nnUNet_raw/Dataset001_AUL/labelsTs/liver_0662.png,liver_0662,malignant,data/source/AUL/Malignant/image/310.jpg,image,True,768,1024,5978,4964,4964,4757,6185,4757,6185,0.8694936940230306,0.7691188358932902,0.7691188358932902,True,True,True,True,True,,overlapping_detected
predictions_milestones_625images_seed42_best_mass,42,,best_mass,PlainConvUNet,predictions/preliminary_milestones_test/seed42/predictions_milestones_625images_seed42_best_mass/liver_0663.png,nnUNet_raw/Dataset001_AUL/labelsTs/liver_0663.png,liver_0663,malignant,data/source/AUL/Malignant/image/240.jpg,image,True,576,720,823,0,0,0,823,0,823,0.0,0.0,0.0,False,False,False,False,False,,unflagged
predictions_milestones_625images_seed42_best_mass,42,,best_mass,PlainConvUNet,predictions/preliminary_milestones_test/seed42/predictions_milestones_625images_seed42_best_mass/liver_0664.png,nnUNet_raw/Dataset001_AUL/labelsTs/liver_0664.png,liver_0664,malignant,data/source/AUL/Malignant/image/221.jpg,image,True,768,1024,14943,22216,22216,14556,22603,14556,22603,0.7834441185177211,0.6439853116842897,0.6439853116842897,True,True,True,True,True,,overlapping_detected
predictions_milestones_625images_seed42_best_mass,42,,best_mass,PlainConvUNet,predictions/preliminary_milestones_test/seed42/predictions_milestones_625images_seed42_best_mass/liver_0665.png,nnUNet_raw/Dataset001_AUL/labelsTs/liver_0665.png,liver_0665,malignant,data/source/AUL/Malignant/image/433.jpg,image,True,768,1024,5406,24484,24484,5299,24591,5299,24591,0.3545667447306792,0.21548534016510104,0.21548534016510104,True,True,True,False,False,,overlapping_detected
predictions_milestones_625images_seed42_best_mass,42,,best_mass,PlainConvUNet,predictions/preliminary_milestones_test/seed42/predictions_milestones_625images_seed42_best_mass/liver_0666.png,nnUNet_raw/Dataset001_AUL/labelsTs/liver_0666.png,liver_0666,malignant,data/source/AUL/Malignant/image/165.jpg,image,True,768,1024,48852,39313,39313,33639,54526,33639,54526,0.763091929904157,0.6169350401643253,0.6169350401643253,True,True,True,True,True,,overlapping_detected
predictions_milestones_625images_seed42_best_mass,42,,best_mass,PlainConvUNet,predictions/preliminary_milestones_test/seed42/predictions_milestones_625images_seed42_best_mass/liver_0667.png,nnUNet_raw/Dataset001_AUL/labelsTs/liver_0667.png,liver_0667,malignant,data/source/AUL/Malignant/image/11.jpg,image,True,768,1024,44625,43633,43633,41937,46321,41937,46321,0.9503274490697727,0.9053561019839813,0.9053561019839813,True,True,True,True,True,,overlapping_detected
predictions_milestones_625images_seed42_best_mass,42,,best_mass,PlainConvUNet,predictions/preliminary_milestones_test/seed42/predictions_milestones_625images_seed42_best_mass/liver_0668.png,nnUNet_raw/Dataset001_AUL/labelsTs/liver_0668.png,liver_0668,malignant,data/source/AUL/Malignant/image/364.jpg,image,True,768,1024,173121,92013,92013,86135,178999,86135,178999,0.6497469204251435,0.48120380560785253,0.48120380560785253,True,True,True,False,True,,overlapping_detected
predictions_milestones_625images_seed42_best_mass,42,,best_mass,PlainConvUNet,predictions/preliminary_milestones_test/seed42/predictions_milestones_625images_seed42_best_mass/liver_0669.png,nnUNet_raw/Dataset001_AUL/labelsTs/liver_0669.png,liver_0669,malignant,data/source/AUL/Malignant/image/66.jpg,image,True,768,1024,100152,97639,97639,94587,103204,94587,103204,0.9564338114474369,0.9165051742180536,0.9165051742180536,True,True,True,True,True,,overlapping_detected
predictions_milestones_625images_seed42_best_mass,42,,best_mass,PlainConvUNet,predictions/preliminary_milestones_test/seed42/predictions_milestones_625images_seed42_best_mass/liver_0670.png,nnUNet_raw/Dataset001_AUL/labelsTs/liver_0670.png,liver_0670,malignant,data/source/AUL/Malignant/image/391.jpg,image,True,768,1024,5783,6089,6089,5283,6589,5283,6589,0.8899932614555256,0.8017908635604796,0.8017908635604796,True,True,True,True,True,,overlapping_detected
predictions_milestones_625images_seed42_best_mass,42,,best_mass,PlainConvUNet,predictions/preliminary_milestones_test/seed42/predictions_milestones_625images_seed42_best_mass/liver_0671.png,nnUNet_raw/Dataset001_AUL/labelsTs/liver_0671.png,liver_0671,malignant,data/source/AUL/Malignant/image/161.jpg,image,True,576,720,3441,2704,2704,2667,3478,2667,3478,0.8680227827502034,0.7668200115008625,0.7668200115008625,True,True,True,True,True,,overlapping_detected
predictions_milestones_625images_seed42_best_mass,42,,best_mass,PlainConvUNet,predictions/preliminary_milestones_test/seed42/predictions_milestones_625images_seed42_best_mass/liver_0672.png,nnUNet_raw/Dataset001_AUL/labelsTs/liver_0672.png,liver_0672,malignant,data/source/AUL/Malignant/image/405.jpg,image,True,768,1024,5554,3341,3341,3333,5562,3333,5562,0.7494097807757167,0.5992448759439051,0.5992448759439051,True,True,True,True,True,,overlapping_detected
predictions_milestones_625images_seed42_best_mass,42,,best_mass,PlainConvUNet,predictions/preliminary_milestones_test/seed42/predictions_milestones_625images_seed42_best_mass/liver_0673.png,nnUNet_raw/Dataset001_AUL/labelsTs/liver_0673.png,liver_0673,malignant,data/source/AUL/Malignant/image/168.jpg,image,True,768,1024,34845,29588,29588,4650,59783,4650,59783,0.1443359769062437,0.07778130906779519,0.13218488828244926,True,True,False,False,True,,overlapping_detected
predictions_milestones_625images_seed42_best_mass,42,,best_mass,PlainConvUNet,predictions/preliminary_milestones_test/seed42/predictions_milestones_625images_seed42_best_mass/liver_0674.png,nnUNet_raw/Dataset001_AUL/labelsTs/liver_0674.png,liver_0674,malignant,data/source/AUL/Malignant/image/196.jpg,image,True,768,1024,24164,25022,25022,22226,26960,22226,26960,0.9037531004757451,0.824406528189911,0.824406528189911,True,True,True,True,True,,overlapping_detected
predictions_milestones_625images_seed42_best_mass,42,,best_mass,PlainConvUNet,predictions/preliminary_milestones_test/seed42/predictions_milestones_625images_seed42_best_mass/liver_0675.png,nnUNet_raw/Dataset001_AUL/labelsTs/liver_0675.png,liver_0675,malignant,data/source/AUL/Malignant/image/155.jpg,image,True,768,1024,37188,30532,30532,30145,37575,30145,37575,0.8902835203780272,0.8022621423819029,0.8022621423819029,True,True,True,True,True,,overlapping_detected
predictions_milestones_625images_seed42_best_mass,42,,best_mass,PlainConvUNet,predictions/preliminary_milestones_test/seed42/predictions_milestones_625images_seed42_best_mass/liver_0676.png,nnUNet_raw/Dataset001_AUL/labelsTs/liver_0676.png,liver_0676,malignant,data/source/AUL/Malignant/image/374.jpg,image,True,576,768,44291,19331,19331,18652,44970,18652,44970,0.5863380591619252,0.4147653991549922,0.4121191905714921,True,True,True,False,True,,overlapping_detected
predictions_milestones_625images_seed42_best_mass,42,,best_mass,PlainConvUNet,predictions/preliminary_milestones_test/seed42/predictions_milestones_625images_seed42_best_mass/liver_0677.png,nnUNet_raw/Dataset001_AUL/labelsTs/liver_0677.png,liver_0677,malignant,data/source/AUL/Malignant/image/201.jpg,image,True,600,800,24151,40677,40677,0,64828,0,64828,0.0,0.0,0.0,True,False,False,False,False,,flagged_without_detection
predictions_milestones_625images_seed42_best_mass,42,,best_mass,PlainConvUNet,predictions/preliminary_milestones_test/seed42/predictions_milestones_625images_seed42_best_mass/liver_0678.png,nnUNet_raw/Dataset001_AUL/labelsTs/liver_0678.png,liver_0678,malignant,data/source/AUL/Malignant/image/225.jpg,image,True,768,1024,65957,90224,90224,62396,93785,62396,93785,0.7990216479597391,0.6653089513248387,0.6679155203973496,True,True,True,True,True,,overlapping_detected
predictions_milestones_625images_seed42_best_mass,42,,best_mass,PlainConvUNet,predictions/preliminary_milestones_test/seed42/predictions_milestones_625images_seed42_best_mass/liver_0679.png,nnUNet_raw/Dataset001_AUL/labelsTs/liver_0679.png,liver_0679,malignant,data/source/AUL/Malignant/image/173.jpg,image,True,768,1024,69250,72468,72448,65117,76601,65112,76586,0.9189658335567817,0.8500802861581441,0.8501814953124592,True,True,True,True,True,,overlapping_detected
predictions_milestones_625images_seed42_best_mass,42,,best_mass,PlainConvUNet,predictions/preliminary_milestones_test/seed42/predictions_milestones_625images_seed42_best_mass/liver_0680.png,nnUNet_raw/Dataset001_AUL/labelsTs/liver_0680.png,liver_0680,malignant,data/source/AUL/Malignant/image/214.jpg,image,True,576,720,7064,8589,8589,6617,9036,6617,9036,0.8454609340062608,0.7322930500221337,0.7322930500221337,True,True,True,True,True,,overlapping_detected
predictions_milestones_625images_seed42_best_mass,42,,best_mass,PlainConvUNet,predictions/preliminary_milestones_test/seed42/predictions_milestones_625images_seed42_best_mass/liver_0681.png,nnUNet_raw/Dataset001_AUL/labelsTs/liver_0681.png,liver_0681,malignant,data/source/AUL/Malignant/image/172.jpg,image,True,768,1024,124729,103089,103028,101872,125946,101811,125946,0.8943279284341009,0.8088545884744256,0.8083702539183459,True,True,True,True,True,,overlapping_detected
predictions_milestones_625images_seed42_best_mass,42,,best_mass,PlainConvUNet,predictions/preliminary_milestones_test/seed42/predictions_milestones_625images_seed42_best_mass/liver_0682.png,nnUNet_raw/Dataset001_AUL/labelsTs/liver_0682.png,liver_0682,malignant,data/source/AUL/Malignant/image/380.jpg,image,True,576,768,3291,2844,2844,2784,3351,2784,3351,0.9075794621026895,0.8307967770814683,0.8307967770814683,True,True,True,True,True,,overlapping_detected
predictions_milestones_625images_seed42_best_mass,42,,best_mass,PlainConvUNet,predictions/preliminary_milestones_test/seed42/predictions_milestones_625images_seed42_best_mass/liver_0683.png,nnUNet_raw/Dataset001_AUL/labelsTs/liver_0683.png,liver_0683,malignant,data/source/AUL/Malignant/image/22.jpg,image,True,600,800,30876,29153,29153,28351,31678,28351,31678,0.9445767878858552,0.894974430203927,0.894974430203927,True,True,True,True,True,,overlapping_detected
predictions_milestones_625images_seed42_best_mass,42,,best_mass,PlainConvUNet,predictions/preliminary_milestones_test/seed42/predictions_milestones_625images_seed42_best_mass/liver_0684.png,nnUNet_raw/Dataset001_AUL/labelsTs/liver_0684.png,liver_0684,malignant,data/source/AUL/Malignant/image/138.jpg,image,True,576,720,2445,1790,1790,1781,2454,1781,2454,0.841086186540732,0.7257538712306438,0.7257538712306438,True,True,True,True,True,,overlapping_detected
predictions_milestones_625images_seed42_best_mass,42,,best_mass,PlainConvUNet,predictions/preliminary_milestones_test/seed42/predictions_milestones_625images_seed42_best_mass/liver_0685.png,nnUNet_raw/Dataset001_AUL/labelsTs/liver_0685.png,liver_0685,malignant,data/source/AUL/Malignant/image/19.jpg,image,True,768,1024,116682,120952,120952,114583,123051,114583,123051,0.9643653685920365,0.9311830054205167,0.9311830054205167,True,True,True,True,True,,overlapping_detected
predictions_milestones_625images_seed42_best_mass,42,,best_mass,PlainConvUNet,predictions/preliminary_milestones_test/seed42/predictions_milestones_625images_seed42_best_mass/liver_0686.png,nnUNet_raw/Dataset001_AUL/labelsTs/liver_0686.png,liver_0686,malignant,data/source/AUL/Malignant/image/312.jpg,image,True,808,1038,23647,22890,22890,22525,24012,22525,24012,0.9680469303994671,0.9380726303514909,0.9380726303514909,True,True,True,True,True,,overlapping_detected
predictions_milestones_625images_seed42_best_mass,42,,best_mass,PlainConvUNet,predictions/preliminary_milestones_test/seed42/predictions_milestones_625images_seed42_best_mass/liver_0687.png,nnUNet_raw/Dataset001_AUL/labelsTs/liver_0687.png,liver_0687,malignant,data/source/AUL/Malignant/image/29.jpg,image,True,768,1024,18558,18304,18304,17351,19511,17351,19511,0.9414030709131355,0.8892932192096766,0.8892932192096766,True,True,True,True,True,,overlapping_detected
predictions_milestones_625images_seed42_best_mass,42,,best_mass,PlainConvUNet,predictions/preliminary_milestones_test/seed42/predictions_milestones_625images_seed42_best_mass/liver_0688.png,nnUNet_raw/Dataset001_AUL/labelsTs/liver_0688.png,liver_0688,malignant,data/source/AUL/Malignant/image/203.jpg,image,True,768,1024,30263,29976,29976,27544,32695,27544,32695,0.914490612393964,0.8424529744609267,0.8424529744609267,True,True,True,True,True,,overlapping_detected
predictions_milestones_625images_seed42_best_mass,42,,best_mass,PlainConvUNet,predictions/preliminary_milestones_test/seed42/predictions_milestones_625images_seed42_best_mass/liver_0689.png,nnUNet_raw/Dataset001_AUL/labelsTs/liver_0689.png,liver_0689,malignant,data/source/AUL/Malignant/image/192.jpg,image,True,768,1024,44050,33921,33921,32312,45659,32312,45659,0.8288209718998089,0.7076808515298189,0.7076808515298189,True,True,True,True,True,,overlapping_detected
predictions_milestones_625images_seed42_best_mass,42,,best_mass,PlainConvUNet,predictions/preliminary_milestones_test/seed42/predictions_milestones_625images_seed42_best_mass/liver_0690.png,nnUNet_raw/Dataset001_AUL/labelsTs/liver_0690.png,liver_0690,malignant,data/source/AUL/Malignant/image/371.jpg,image,True,625,819,27624,18634,18634,18520,27738,18520,27738,0.8007263608456916,0.6676761121926599,0.6676761121926599,True,True,True,True,True,,overlapping_detected
predictions_milestones_625images_seed42_best_mass,42,,best_mass,PlainConvUNet,predictions/preliminary_milestones_test/seed42/predictions_milestones_625images_seed42_best_mass/liver_0691.png,nnUNet_raw/Dataset001_AUL/labelsTs/liver_0691.png,liver_0691,malignant,data/source/AUL/Malignant/image/167.jpg,image,True,749,894,3606,4414,4414,3536,4484,3536,4484,0.8817955112219451,0.7885816235504014,0.7885816235504014,True,True,True,True,True,,overlapping_detected
predictions_milestones_625images_seed42_best_mass,42,,best_mass,PlainConvUNet,predictions/preliminary_milestones_test/seed42/predictions_milestones_625images_seed42_best_mass/liver_0692.png,nnUNet_raw/Dataset001_AUL/labelsTs/liver_0692.png,liver_0692,malignant,data/source/AUL/Malignant/image/367.jpg,image,True,576,720,2716,6,0,6,2716,0,2716,0.00440852314474651,0.0022091310751104565,0.0,False,False,False,False,False,,unflagged
predictions_milestones_625images_seed42_best_mass,42,,best_mass,PlainConvUNet,predictions/preliminary_milestones_test/seed42/predictions_milestones_625images_seed42_best_mass/liver_0693.png,nnUNet_raw/Dataset001_AUL/labelsTs/liver_0693.png,liver_0693,malignant,data/source/AUL/Malignant/image/275.jpg,image,True,768,1024,40538,50831,50831,39752,51617,39752,51617,0.8701419518655124,0.7701338706240192,0.7701338706240192,True,True,True,True,True,,overlapping_detected
predictions_milestones_625images_seed42_best_mass,42,,best_mass,PlainConvUNet,predictions/preliminary_milestones_test/seed42/predictions_milestones_625images_seed42_best_mass/liver_0694.png,nnUNet_raw/Dataset001_AUL/labelsTs/liver_0694.png,liver_0694,malignant,data/source/AUL/Malignant/image/41.jpg,image,True,768,1024,32179,24403,24403,23786,32796,23786,32796,0.8407620798133683,0.7252713745578729,0.7252713745578729,True,True,True,True,True,,overlapping_detected
predictions_milestones_625images_seed42_best_mass,42,,best_mass,PlainConvUNet,predictions/preliminary_milestones_test/seed42/predictions_milestones_625images_seed42_best_mass/liver_0695.png,nnUNet_raw/Dataset001_AUL/labelsTs/liver_0695.png,liver_0695,malignant,data/source/AUL/Malignant/image/383.jpg,image,True,768,1024,30926,26499,26430,25917,31508,25917,31439,0.9026382237701349,0.8225530024120858,0.8243582811158116,True,True,True,True,True,,overlapping_detected
predictions_milestones_625images_seed42_best_mass,42,,best_mass,PlainConvUNet,predictions/preliminary_milestones_test/seed42/predictions_milestones_625images_seed42_best_mass/liver_0696.png,nnUNet_raw/Dataset001_AUL/labelsTs/liver_0696.png,liver_0696,malignant,data/source/AUL/Malignant/image/106.jpg,image,True,768,1024,15772,13163,13163,12791,16144,12791,16144,0.8841195783653015,0.792306739345887,0.792306739345887,True,True,True,True,True,,overlapping_detected
predictions_milestones_625images_seed42_best_mass,42,,best_mass,PlainConvUNet,predictions/preliminary_milestones_test/seed42/predictions_milestones_625images_seed42_best_mass/liver_0697.png,nnUNet_raw/Dataset001_AUL/labelsTs/liver_0697.png,liver_0697,malignant,data/source/AUL/Malignant/image/140.jpg,image,True,910,1260,16722,17270,17270,15993,17999,15993,17999,0.9409861143798541,0.8885493638535474,0.8885493638535474,True,True,True,True,True,,overlapping_detected
predictions_milestones_625images_seed42_best_mass,42,,best_mass,PlainConvUNet,predictions/preliminary_milestones_test/seed42/predictions_milestones_625images_seed42_best_mass/liver_0698.png,nnUNet_raw/Dataset001_AUL/labelsTs/liver_0698.png,liver_0698,malignant,data/source/AUL/Malignant/image/327.jpg,image,True,768,1024,25104,28757,28757,24186,29675,24186,29675,0.8980895267447689,0.8150294860994103,0.8150294860994103,True,True,True,True,True,,overlapping_detected
predictions_milestones_625images_seed42_best_mass,42,,best_mass,PlainConvUNet,predictions/preliminary_milestones_test/seed42/predictions_milestones_625images_seed42_best_mass/liver_0699.png,nnUNet_raw/Dataset001_AUL/labelsTs/liver_0699.png,liver_0699,malignant,data/source/AUL/Malignant/image/77.jpg,image,True,768,1024,75785,67702,67702,66836,76651,66836,76651,0.9315965906319039,0.8719520945584532,0.8719520945584532,True,True,True,True,True,,overlapping_detected
predictions_milestones_625images_seed42_best_mass,42,,best_mass,PlainConvUNet,predictions/preliminary_milestones_test/seed42/predictions_milestones_625images_seed42_best_mass/liver_0700.png,nnUNet_raw/Dataset001_AUL/labelsTs/liver_0700.png,liver_0700,malignant,data/source/AUL/Malignant/image/342.jpg,image,True,768,1024,194214,161438,161437,138172,217480,138172,217479,0.7770067369226098,0.6353319845503035,0.6353349058989604,True,True,True,True,True,,overlapping_detected
predictions_milestones_625images_seed42_best_mass,42,,best_mass,PlainConvUNet,predictions/preliminary_milestones_test/seed42/predictions_milestones_625images_seed42_best_mass/liver_0701.png,nnUNet_raw/Dataset001_AUL/labelsTs/liver_0701.png,liver_0701,malignant,data/source/AUL/Malignant/image/263.jpg,image,True,768,1024,34298,33851,33851,32886,35263,32886,35263,0.9651205446888436,0.9325922354876216,0.9325922354876216,True,True,True,True,True,,overlapping_detected
predictions_milestones_625images_seed42_best_mass,42,,best_mass,PlainConvUNet,predictions/preliminary_milestones_test/seed42/predictions_milestones_625images_seed42_best_mass/liver_0702.png,nnUNet_raw/Dataset001_AUL/labelsTs/liver_0702.png,liver_0702,malignant,data/source/AUL/Malignant/image/288.jpg,image,True,576,720,1401,1017,1017,1012,1406,1012,1406,0.837055417700579,0.7197724039829303,0.7197724039829303,True,True,True,True,True,,overlapping_detected
predictions_milestones_625images_seed42_best_mass,42,,best_mass,PlainConvUNet,predictions/preliminary_milestones_test/seed42/predictions_milestones_625images_seed42_best_mass/liver_0703.png,nnUNet_raw/Dataset001_AUL/labelsTs/liver_0703.png,liver_0703,malignant,data/source/AUL/Malignant/image/304.jpg,image,True,768,1024,31066,32656,32656,30122,33600,30122,33600,0.9454191644957786,0.8964880952380953,0.8964880952380953,True,True,True,True,True,,overlapping_detected
predictions_milestones_625images_seed42_best_mass,42,,best_mass,PlainConvUNet,predictions/preliminary_milestones_test/seed42/predictions_milestones_625images_seed42_best_mass/liver_0704.png,nnUNet_raw/Dataset001_AUL/labelsTs/liver_0704.png,liver_0704,malignant,data/source/AUL/Malignant/image/46.jpg,image,True,768,1024,24522,22839,22839,21390,25971,21390,25971,0.9032748463926015,0.8236109506757537,0.8236109506757537,True,True,True,True,True,,overlapping_detected
predictions_milestones_625images_seed42_best_mass,42,,best_mass,PlainConvUNet,predictions/preliminary_milestones_test/seed42/predictions_milestones_625images_seed42_best_mass/liver_0705.png,nnUNet_raw/Dataset001_AUL/labelsTs/liver_0705.png,liver_0705,malignant,data/source/AUL/Malignant/image/195.jpg,image,True,768,1024,65348,64444,64444,61783,68009,61783,68009,0.9520309418145957,0.9084532929465218,0.9084532929465218,True,True,True,True,True,,overlapping_detected
predictions_milestones_625images_seed42_best_mass,42,,best_mass,PlainConvUNet,predictions/preliminary_milestones_test/seed42/predictions_milestones_625images_seed42_best_mass/liver_0706.png,nnUNet_raw/Dataset001_AUL/labelsTs/liver_0706.png,liver_0706,malignant,data/source/AUL/Malignant/image/111.jpg,image,True,768,1024,54931,47974,47974,46395,56510,46395,56510,0.9017054564889947,0.8210051318350734,0.8210051318350734,True,True,True,True,True,,overlapping_detected
predictions_milestones_625images_seed42_best_mass,42,,best_mass,PlainConvUNet,predictions/preliminary_milestones_test/seed42/predictions_milestones_625images_seed42_best_mass/liver_0707.png,nnUNet_raw/Dataset001_AUL/labelsTs/liver_0707.png,liver_0707,malignant,data/source/AUL/Malignant/image/363.jpg,image,True,768,1024,14074,18619,18619,14068,18625,14068,18625,0.8606123635028905,0.7553288590604027,0.7553288590604027,True,True,True,True,True,,overlapping_detected
predictions_milestones_625images_seed42_best_mass,42,,best_mass,PlainConvUNet,predictions/preliminary_milestones_test/seed42/predictions_milestones_625images_seed42_best_mass/liver_0708.png,nnUNet_raw/Dataset001_AUL/labelsTs/liver_0708.png,liver_0708,malignant,data/source/AUL/Malignant/image/381.jpg,image,True,768,1024,11532,7385,7385,6877,12040,6877,12040,0.7270708886187027,0.5711794019933555,0.5665185681951547,True,True,True,True,True,,overlapping_detected
predictions_milestones_625images_seed42_best_mass,42,,best_mass,PlainConvUNet,predictions/preliminary_milestones_test/seed42/predictions_milestones_625images_seed42_best_mass/liver_0709.png,nnUNet_raw/Dataset001_AUL/labelsTs/liver_0709.png,liver_0709,malignant,data/source/AUL/Malignant/image/249.jpg,image,True,768,1024,34415,29313,29313,28769,34959,28769,34959,0.9028684408737133,0.8229354386567121,0.8229354386567121,True,True,True,True,True,,overlapping_detected
predictions_milestones_625images_seed42_best_mass,42,,best_mass,PlainConvUNet,predictions/preliminary_milestones_test/seed42/predictions_milestones_625images_seed42_best_mass/liver_0710.png,nnUNet_raw/Dataset001_AUL/labelsTs/liver_0710.png,liver_0710,malignant,data/source/AUL/Malignant/image/21.jpg,image,True,768,1024,125958,117955,117955,115760,128153,115760,128153,0.9491909000340285,0.9032952798607914,0.9032952798607914,True,True,True,True,True,,overlapping_detected
predictions_milestones_625images_seed42_best_mass,42,,best_mass,PlainConvUNet,predictions/preliminary_milestones_test/seed42/predictions_milestones_625images_seed42_best_mass/liver_0711.png,nnUNet_raw/Dataset001_AUL/labelsTs/liver_0711.png,liver_0711,malignant,data/source/AUL/Malignant/image/293.jpg,image,True,768,1024,14729,14414,14414,12686,16457,12686,16457,0.8706035754726692,0.7708573859148082,0.7708573859148082,True,True,True,True,True,,overlapping_detected
predictions_milestones_625images_seed42_best_mass,42,,best_mass,PlainConvUNet,predictions/preliminary_milestones_test/seed42/predictions_milestones_625images_seed42_best_mass/liver_0712.png,nnUNet_raw/Dataset001_AUL/labelsTs/liver_0712.png,liver_0712,malignant,data/source/AUL/Malignant/image/217.jpg,image,True,768,1024,35213,39992,39992,34861,40344,34861,40344,0.9270926135230371,0.8640937933769581,0.8640937933769581,True,True,True,True,True,,overlapping_detected
predictions_milestones_625images_seed42_best_mass,42,,best_mass,PlainConvUNet,predictions/preliminary_milestones_test/seed42/predictions_milestones_625images_seed42_best_mass/liver_0713.png,nnUNet_raw/Dataset001_AUL/labelsTs/liver_0713.png,liver_0713,malignant,data/source/AUL/Malignant/image/190.jpg,image,True,768,1024,49653,39513,39513,39122,50044,39122,50044,0.8775093645559967,0.7817520581887939,0.7817520581887939,True,True,True,True,True,,overlapping_detected
predictions_milestones_625images_seed42_best_mass,42,,best_mass,PlainConvUNet,predictions/preliminary_milestones_test/seed42/predictions_milestones_625images_seed42_best_mass/liver_0714.png,nnUNet_raw/Dataset001_AUL/labelsTs/liver_0714.png,liver_0714,malignant,data/source/AUL/Malignant/image/139.jpg,image,True,768,1024,27544,20309,20309,19405,28448,19405,28448,0.8110254320523269,0.6821217660292463,0.6821217660292463,True,True,True,True,True,,overlapping_detected
predictions_milestones_625images_seed42_best_mass,42,,best_mass,PlainConvUNet,predictions/preliminary_milestones_test/seed42/predictions_milestones_625images_seed42_best_mass/liver_0715.png,nnUNet_raw/Dataset001_AUL/labelsTs/liver_0715.png,liver_0715,malignant,data/source/AUL/Malignant/image/218.jpg,image,True,768,1024,14449,15887,15813,13391,16945,13391,16871,0.8828454641350211,0.7902626143405135,0.8597200821777093,True,True,True,True,True,,overlapping_detected
predictions_milestones_625images_seed42_best_mass,42,,best_mass,PlainConvUNet,predictions/preliminary_milestones_test/seed42/predictions_milestones_625images_seed42_best_mass/liver_0716.png,nnUNet_raw/Dataset001_AUL/labelsTs/liver_0716.png,liver_0716,malignant,data/source/AUL/Malignant/image/260.jpg,image,True,407,550,3962,3241,3241,2543,4660,2543,4660,0.7060946827710676,0.5457081545064377,0.5457081545064377,True,True,True,True,True,,overlapping_detected
predictions_milestones_625images_seed42_best_mass,42,,best_mass,PlainConvUNet,predictions/preliminary_milestones_test/seed42/predictions_milestones_625images_seed42_best_mass/liver_0717.png,nnUNet_raw/Dataset001_AUL/labelsTs/liver_0717.png,liver_0717,malignant,data/source/AUL/Malignant/image/112.jpg,image,True,768,1024,101456,42867,42856,42153,102170,42149,102163,0.5841480567892852,0.4125770774199863,0.3732620320855615,True,True,True,False,True,,overlapping_detected
predictions_milestones_625images_seed42_best_mass,42,,best_mass,PlainConvUNet,predictions/preliminary_milestones_test/seed42/predictions_milestones_625images_seed42_best_mass/liver_0718.png,nnUNet_raw/Dataset001_AUL/labelsTs/liver_0718.png,liver_0718,malignant,data/source/AUL/Malignant/image/186.jpg,image,True,576,768,16287,9345,9345,9147,16485,9147,16485,0.7137172284644194,0.5548680618744313,0.5548680618744313,True,True,True,True,True,,overlapping_detected
predictions_milestones_625images_seed42_best_mass,42,,best_mass,PlainConvUNet,predictions/preliminary_milestones_test/seed42/predictions_milestones_625images_seed42_best_mass/liver_0719.png,nnUNet_raw/Dataset001_AUL/labelsTs/liver_0719.png,liver_0719,malignant,data/source/AUL/Malignant/image/299.jpg,image,True,768,1024,60028,40213,40213,37842,62399,37842,62399,0.7550204008339901,0.6064520264747832,0.6064520264747832,True,True,True,True,True,,overlapping_detected
predictions_milestones_625images_seed42_best_mass,42,,best_mass,PlainConvUNet,predictions/preliminary_milestones_test/seed42/predictions_milestones_625images_seed42_best_mass/liver_0720.png,nnUNet_raw/Dataset001_AUL/labelsTs/liver_0720.png,liver_0720,malignant,data/source/AUL/Malignant/image/248.jpg,image,True,768,1024,62655,88413,88413,57518,93550,57518,93550,0.7614848942198216,0.6148369855692143,0.6148369855692143,True,True,True,True,True,,overlapping_detected
predictions_milestones_625images_seed42_best_mass,42,,best_mass,PlainConvUNet,predictions/preliminary_milestones_test/seed42/predictions_milestones_625images_seed42_best_mass/liver_0721.png,nnUNet_raw/Dataset001_AUL/labelsTs/liver_0721.png,liver_0721,normal,data/source/AUL/Normal/image/74.jpg,image,False,480,640,0,0,0,0,0,0,0,,,,False,,,,,False,normal_true_negative
predictions_milestones_625images_seed42_best_mass,42,,best_mass,PlainConvUNet,predictions/preliminary_milestones_test/seed42/predictions_milestones_625images_seed42_best_mass/liver_0722.png,nnUNet_raw/Dataset001_AUL/labelsTs/liver_0722.png,liver_0722,normal,data/source/AUL/Normal/image/44.jpg,image,False,576,720,0,0,0,0,0,0,0,,,,False,,,,,False,normal_true_negative
predictions_milestones_625images_seed42_best_mass,42,,best_mass,PlainConvUNet,predictions/preliminary_milestones_test/seed42/predictions_milestones_625images_seed42_best_mass/liver_0723.png,nnUNet_raw/Dataset001_AUL/labelsTs/liver_0723.png,liver_0723,normal,data/source/AUL/Normal/image/81.jpg,image,False,576,768,0,0,0,0,0,0,0,,,,False,,,,,False,normal_true_negative
predictions_milestones_625images_seed42_best_mass,42,,best_mass,PlainConvUNet,predictions/preliminary_milestones_test/seed42/predictions_milestones_625images_seed42_best_mass/liver_0724.png,nnUNet_raw/Dataset001_AUL/labelsTs/liver_0724.png,liver_0724,normal,data/source/AUL/Normal/image/25.jpg,image,False,576,720,0,0,0,0,0,0,0,,,,False,,,,,False,normal_true_negative
predictions_milestones_625images_seed42_best_mass,42,,best_mass,PlainConvUNet,predictions/preliminary_milestones_test/seed42/predictions_milestones_625images_seed42_best_mass/liver_0725.png,nnUNet_raw/Dataset001_AUL/labelsTs/liver_0725.png,liver_0725,normal,data/source/AUL/Normal/image/50.jpg,image,False,576,720,0,11,0,0,11,0,0,,,,False,,,,,False,normal_true_negative
predictions_milestones_625images_seed42_best_mass,42,,best_mass,PlainConvUNet,predictions/preliminary_milestones_test/seed42/predictions_milestones_625images_seed42_best_mass/liver_0726.png,nnUNet_raw/Dataset001_AUL/labelsTs/liver_0726.png,liver_0726,normal,data/source/AUL/Normal/image/3.jpg,image,False,576,720,0,0,0,0,0,0,0,,,,False,,,,,False,normal_true_negative
predictions_milestones_625images_seed42_best_mass,42,,best_mass,PlainConvUNet,predictions/preliminary_milestones_test/seed42/predictions_milestones_625images_seed42_best_mass/liver_0727.png,nnUNet_raw/Dataset001_AUL/labelsTs/liver_0727.png,liver_0727,normal,data/source/AUL/Normal/image/84.jpg,image,False,576,720,0,0,0,0,0,0,0,,,,False,,,,,False,normal_true_negative
predictions_milestones_625images_seed42_best_mass,42,,best_mass,PlainConvUNet,predictions/preliminary_milestones_test/seed42/predictions_milestones_625images_seed42_best_mass/liver_0728.png,nnUNet_raw/Dataset001_AUL/labelsTs/liver_0728.png,liver_0728,normal,data/source/AUL/Normal/image/18.jpg,image,False,576,720,0,0,0,0,0,0,0,,,,False,,,,,False,normal_true_negative
predictions_milestones_625images_seed42_best_mass,42,,best_mass,PlainConvUNet,predictions/preliminary_milestones_test/seed42/predictions_milestones_625images_seed42_best_mass/liver_0729.png,nnUNet_raw/Dataset001_AUL/labelsTs/liver_0729.png,liver_0729,normal,data/source/AUL/Normal/image/90.jpg,image,False,576,720,0,0,0,0,0,0,0,,,,False,,,,,False,normal_true_negative
predictions_milestones_625images_seed42_best_mass,42,,best_mass,PlainConvUNet,predictions/preliminary_milestones_test/seed42/predictions_milestones_625images_seed42_best_mass/liver_0730.png,nnUNet_raw/Dataset001_AUL/labelsTs/liver_0730.png,liver_0730,normal,data/source/AUL/Normal/image/17.jpg,image,False,480,640,0,0,0,0,0,0,0,,,,False,,,,,False,normal_true_negative
predictions_milestones_625images_seed42_best_mass,42,,best_mass,PlainConvUNet,predictions/preliminary_milestones_test/seed42/predictions_milestones_625images_seed42_best_mass/liver_0731.png,nnUNet_raw/Dataset001_AUL/labelsTs/liver_0731.png,liver_0731,normal,data/source/AUL/Normal/image/89.jpg,image,False,576,768,0,0,0,0,0,0,0,,,,False,,,,,False,normal_true_negative
predictions_milestones_625images_seed42_best_mass,42,,best_mass,PlainConvUNet,predictions/preliminary_milestones_test/seed42/predictions_milestones_625images_seed42_best_mass/liver_0732.png,nnUNet_raw/Dataset001_AUL/labelsTs/liver_0732.png,liver_0732,normal,data/source/AUL/Normal/image/83.jpg,image,False,480,640,0,0,0,0,0,0,0,,,,False,,,,,False,normal_true_negative
predictions_milestones_625images_seed42_best_mass,42,,best_mass,PlainConvUNet,predictions/preliminary_milestones_test/seed42/predictions_milestones_625images_seed42_best_mass/liver_0733.png,nnUNet_raw/Dataset001_AUL/labelsTs/liver_0733.png,liver_0733,normal,data/source/AUL/Normal/image/2.jpg,image,False,576,768,0,4683,4683,0,4683,0,4683,,,,True,,,,,True,normal_false_positive
predictions_milestones_625images_seed42_best_mass,42,,best_mass,PlainConvUNet,predictions/preliminary_milestones_test/seed42/predictions_milestones_625images_seed42_best_mass/liver_0734.png,nnUNet_raw/Dataset001_AUL/labelsTs/liver_0734.png,liver_0734,normal,data/source/AUL/Normal/image/39.jpg,image,False,576,720,0,0,0,0,0,0,0,,,,False,,,,,False,normal_true_negative
predictions_milestones_625images_seed42_best_mass,42,,best_mass,PlainConvUNet,predictions/preliminary_milestones_test/seed42/predictions_milestones_625images_seed42_best_mass/liver_0735.png,nnUNet_raw/Dataset001_AUL/labelsTs/liver_0735.png,liver_0735,normal,data/source/AUL/Normal/image/7.jpg,image,False,576,720,0,0,0,0,0,0,0,,,,False,,,,,False,normal_true_negative
predictions_milestones_625images_seed42_epoch100,42,100,epoch100,PlainConvUNet,predictions/preliminary_milestones_test/seed42/predictions_milestones_625images_seed42_epoch100/liver_0626.png,nnUNet_raw/Dataset001_AUL/labelsTs/liver_0626.png,liver_0626,benign,data/source/AUL/Benign/image/159.jpg,image,True,576,720,1748,14,0,14,1748,0,1748,0.015891032917139614,0.008009153318077803,0.0,False,False,False,False,False,,unflagged
predictions_milestones_625images_seed42_epoch100,42,100,epoch100,PlainConvUNet,predictions/preliminary_milestones_test/seed42/predictions_milestones_625images_seed42_epoch100/liver_0627.png,nnUNet_raw/Dataset001_AUL/labelsTs/liver_0627.png,liver_0627,benign,data/source/AUL/Benign/image/88.jpg,image,True,768,1024,49605,14631,14631,14631,49605,14631,49605,0.45553895012142726,0.29495010583610526,0.29495010583610526,True,True,True,False,True,,overlapping_detected
predictions_milestones_625images_seed42_epoch100,42,100,epoch100,PlainConvUNet,predictions/preliminary_milestones_test/seed42/predictions_milestones_625images_seed42_epoch100/liver_0628.png,nnUNet_raw/Dataset001_AUL/labelsTs/liver_0628.png,liver_0628,benign,data/source/AUL/Benign/image/190.jpg,image,True,576,720,7141,0,0,0,7141,0,7141,0.0,0.0,0.0,False,False,False,False,False,,unflagged
predictions_milestones_625images_seed42_epoch100,42,100,epoch100,PlainConvUNet,predictions/preliminary_milestones_test/seed42/predictions_milestones_625images_seed42_epoch100/liver_0629.png,nnUNet_raw/Dataset001_AUL/labelsTs/liver_0629.png,liver_0629,benign,data/source/AUL/Benign/image/93.jpg,image,True,576,720,45215,32881,32881,32858,45238,32858,45238,0.8414771563204262,0.7263362659710862,0.7263362659710862,True,True,True,True,True,,overlapping_detected
predictions_milestones_625images_seed42_epoch100,42,100,epoch100,PlainConvUNet,predictions/preliminary_milestones_test/seed42/predictions_milestones_625images_seed42_epoch100/liver_0630.png,nnUNet_raw/Dataset001_AUL/labelsTs/liver_0630.png,liver_0630,benign,data/source/AUL/Benign/image/2.jpg,image,True,576,720,1657,2075,2075,1648,2084,1648,2084,0.8831725616291533,0.7907869481765835,0.7907869481765835,True,True,True,True,True,,overlapping_detected
predictions_milestones_625images_seed42_epoch100,42,100,epoch100,PlainConvUNet,predictions/preliminary_milestones_test/seed42/predictions_milestones_625images_seed42_epoch100/liver_0631.png,nnUNet_raw/Dataset001_AUL/labelsTs/liver_0631.png,liver_0631,benign,data/source/AUL/Benign/image/28.jpg,image,True,576,720,2175,0,0,0,2175,0,2175,0.0,0.0,0.0,False,False,False,False,False,,unflagged
predictions_milestones_625images_seed42_epoch100,42,100,epoch100,PlainConvUNet,predictions/preliminary_milestones_test/seed42/predictions_milestones_625images_seed42_epoch100/liver_0632.png,nnUNet_raw/Dataset001_AUL/labelsTs/liver_0632.png,liver_0632,benign,data/source/AUL/Benign/image/110.jpg,image,True,576,720,3443,8037,8037,3442,8038,3442,8038,0.5996515679442509,0.4282159741229161,0.4282159741229161,True,True,True,False,True,,overlapping_detected
predictions_milestones_625images_seed42_epoch100,42,100,epoch100,PlainConvUNet,predictions/preliminary_milestones_test/seed42/predictions_milestones_625images_seed42_epoch100/liver_0633.png,nnUNet_raw/Dataset001_AUL/labelsTs/liver_0633.png,liver_0633,benign,data/source/AUL/Benign/image/100.jpg,image,True,576,720,1230,0,0,0,1230,0,1230,0.0,0.0,0.0,False,False,False,False,False,,unflagged
predictions_milestones_625images_seed42_epoch100,42,100,epoch100,PlainConvUNet,predictions/preliminary_milestones_test/seed42/predictions_milestones_625images_seed42_epoch100/liver_0634.png,nnUNet_raw/Dataset001_AUL/labelsTs/liver_0634.png,liver_0634,benign,data/source/AUL/Benign/image/157.jpg,image,True,576,768,722,353,353,0,1075,0,1075,0.0,0.0,0.0,True,False,False,False,False,,flagged_without_detection
predictions_milestones_625images_seed42_epoch100,42,100,epoch100,PlainConvUNet,predictions/preliminary_milestones_test/seed42/predictions_milestones_625images_seed42_epoch100/liver_0635.png,nnUNet_raw/Dataset001_AUL/labelsTs/liver_0635.png,liver_0635,benign,data/source/AUL/Benign/image/139.jpg,image,True,576,720,633,0,0,0,633,0,633,0.0,0.0,0.0,False,False,False,False,False,,unflagged
predictions_milestones_625images_seed42_epoch100,42,100,epoch100,PlainConvUNet,predictions/preliminary_milestones_test/seed42/predictions_milestones_625images_seed42_epoch100/liver_0636.png,nnUNet_raw/Dataset001_AUL/labelsTs/liver_0636.png,liver_0636,benign,data/source/AUL/Benign/image/41.jpg,image,True,576,720,692,0,0,0,692,0,692,0.0,0.0,0.0,False,False,False,False,False,,unflagged
predictions_milestones_625images_seed42_epoch100,42,100,epoch100,PlainConvUNet,predictions/preliminary_milestones_test/seed42/predictions_milestones_625images_seed42_epoch100/liver_0637.png,nnUNet_raw/Dataset001_AUL/labelsTs/liver_0637.png,liver_0637,benign,data/source/AUL/Benign/image/72.jpg,image,True,576,720,581,1669,1669,581,1669,581,1669,0.5164444444444445,0.34811264230077893,0.34811264230077893,True,True,True,False,True,,overlapping_detected
predictions_milestones_625images_seed42_epoch100,42,100,epoch100,PlainConvUNet,predictions/preliminary_milestones_test/seed42/predictions_milestones_625images_seed42_epoch100/liver_0638.png,nnUNet_raw/Dataset001_AUL/labelsTs/liver_0638.png,liver_0638,benign,data/source/AUL/Benign/image/34.jpg,image,True,576,720,19367,17903,17903,17124,20146,17124,20146,0.9189160182452375,0.849995036235481,0.849995036235481,True,True,True,True,True,,overlapping_detected
predictions_milestones_625images_seed42_epoch100,42,100,epoch100,PlainConvUNet,predictions/preliminary_milestones_test/seed42/predictions_milestones_625images_seed42_epoch100/liver_0639.png,nnUNet_raw/Dataset001_AUL/labelsTs/liver_0639.png,liver_0639,benign,data/source/AUL/Benign/image/168.jpg,image,True,576,720,4723,0,0,0,4723,0,4723,0.0,0.0,0.0,False,False,False,False,False,,unflagged
predictions_milestones_625images_seed42_epoch100,42,100,epoch100,PlainConvUNet,predictions/preliminary_milestones_test/seed42/predictions_milestones_625images_seed42_epoch100/liver_0640.png,nnUNet_raw/Dataset001_AUL/labelsTs/liver_0640.png,liver_0640,benign,data/source/AUL/Benign/image/61.jpg,image,True,768,1024,81560,63953,63953,60872,84641,60872,84641,0.8366537697662751,0.7191786486454556,0.7191786486454556,True,True,True,True,True,,overlapping_detected
predictions_milestones_625images_seed42_epoch100,42,100,epoch100,PlainConvUNet,predictions/preliminary_milestones_test/seed42/predictions_milestones_625images_seed42_epoch100/liver_0641.png,nnUNet_raw/Dataset001_AUL/labelsTs/liver_0641.png,liver_0641,benign,data/source/AUL/Benign/image/7.jpg,image,True,910,1260,27246,23841,23841,23737,27350,23737,27350,0.9292775069978664,0.8678976234003656,0.8678976234003656,True,True,True,True,True,,overlapping_detected
predictions_milestones_625images_seed42_epoch100,42,100,epoch100,PlainConvUNet,predictions/preliminary_milestones_test/seed42/predictions_milestones_625images_seed42_epoch100/liver_0642.png,nnUNet_raw/Dataset001_AUL/labelsTs/liver_0642.png,liver_0642,benign,data/source/AUL/Benign/image/14.jpg,image,True,768,1024,12225,15385,15383,11920,15690,11920,15688,0.8634552698297718,0.7597195666029318,0.7598164201937787,True,True,True,True,True,,overlapping_detected
predictions_milestones_625images_seed42_epoch100,42,100,epoch100,PlainConvUNet,predictions/preliminary_milestones_test/seed42/predictions_milestones_625images_seed42_epoch100/liver_0643.png,nnUNet_raw/Dataset001_AUL/labelsTs/liver_0643.png,liver_0643,benign,data/source/AUL/Benign/image/36.jpg,image,True,576,720,2022,0,0,0,2022,0,2022,0.0,0.0,0.0,False,False,False,False,False,,unflagged
predictions_milestones_625images_seed42_epoch100,42,100,epoch100,PlainConvUNet,predictions/preliminary_milestones_test/seed42/predictions_milestones_625images_seed42_epoch100/liver_0644.png,nnUNet_raw/Dataset001_AUL/labelsTs/liver_0644.png,liver_0644,benign,data/source/AUL/Benign/image/126.jpg,image,True,600,800,11845,0,0,0,11845,0,11845,0.0,0.0,0.0,False,False,False,False,False,,unflagged
predictions_milestones_625images_seed42_epoch100,42,100,epoch100,PlainConvUNet,predictions/preliminary_milestones_test/seed42/predictions_milestones_625images_seed42_epoch100/liver_0645.png,nnUNet_raw/Dataset001_AUL/labelsTs/liver_0645.png,liver_0645,benign,data/source/AUL/Benign/image/101.jpg,image,True,576,720,1205,0,0,0,1205,0,1205,0.0,0.0,0.0,False,False,False,False,False,,unflagged
predictions_milestones_625images_seed42_epoch100,42,100,epoch100,PlainConvUNet,predictions/preliminary_milestones_test/seed42/predictions_milestones_625images_seed42_epoch100/liver_0646.png,nnUNet_raw/Dataset001_AUL/labelsTs/liver_0646.png,liver_0646,benign,data/source/AUL/Benign/image/62.jpg,image,True,576,720,847,78,0,0,925,0,847,0.0,0.0,0.0,False,False,False,False,False,,unflagged
predictions_milestones_625images_seed42_epoch100,42,100,epoch100,PlainConvUNet,predictions/preliminary_milestones_test/seed42/predictions_milestones_625images_seed42_epoch100/liver_0647.png,nnUNet_raw/Dataset001_AUL/labelsTs/liver_0647.png,liver_0647,benign,data/source/AUL/Benign/image/112.jpg,image,True,576,720,1708,0,0,0,1708,0,1708,0.0,0.0,0.0,False,False,False,False,False,,unflagged
predictions_milestones_625images_seed42_epoch100,42,100,epoch100,PlainConvUNet,predictions/preliminary_milestones_test/seed42/predictions_milestones_625images_seed42_epoch100/liver_0648.png,nnUNet_raw/Dataset001_AUL/labelsTs/liver_0648.png,liver_0648,benign,data/source/AUL/Benign/image/137.jpg,image,True,576,720,2494,50,0,0,2544,0,2494,0.0,0.0,0.0,False,False,False,False,False,,unflagged
predictions_milestones_625images_seed42_epoch100,42,100,epoch100,PlainConvUNet,predictions/preliminary_milestones_test/seed42/predictions_milestones_625images_seed42_epoch100/liver_0649.png,nnUNet_raw/Dataset001_AUL/labelsTs/liver_0649.png,liver_0649,benign,data/source/AUL/Benign/image/32.jpg,image,True,576,720,10842,0,0,0,10842,0,10842,0.0,0.0,0.0,False,False,False,False,False,,unflagged
predictions_milestones_625images_seed42_epoch100,42,100,epoch100,PlainConvUNet,predictions/preliminary_milestones_test/seed42/predictions_milestones_625images_seed42_epoch100/liver_0650.png,nnUNet_raw/Dataset001_AUL/labelsTs/liver_0650.png,liver_0650,benign,data/source/AUL/Benign/image/87.jpg,image,True,576,720,6010,1138,1138,0,7148,0,7148,0.0,0.0,0.0,True,False,False,False,False,,flagged_without_detection
predictions_milestones_625images_seed42_epoch100,42,100,epoch100,PlainConvUNet,predictions/preliminary_milestones_test/seed42/predictions_milestones_625images_seed42_epoch100/liver_0651.png,nnUNet_raw/Dataset001_AUL/labelsTs/liver_0651.png,liver_0651,benign,data/source/AUL/Benign/image/65.jpg,image,True,576,720,6513,6371,6371,5820,7064,5820,7064,0.9034461347407637,0.8238958097395244,0.8238958097395244,True,True,True,True,True,,overlapping_detected
predictions_milestones_625images_seed42_epoch100,42,100,epoch100,PlainConvUNet,predictions/preliminary_milestones_test/seed42/predictions_milestones_625images_seed42_epoch100/liver_0652.png,nnUNet_raw/Dataset001_AUL/labelsTs/liver_0652.png,liver_0652,benign,data/source/AUL/Benign/image/141.jpg,image,True,576,720,1533,0,0,0,1533,0,1533,0.0,0.0,0.0,False,False,False,False,False,,unflagged
predictions_milestones_625images_seed42_epoch100,42,100,epoch100,PlainConvUNet,predictions/preliminary_milestones_test/seed42/predictions_milestones_625images_seed42_epoch100/liver_0653.png,nnUNet_raw/Dataset001_AUL/labelsTs/liver_0653.png,liver_0653,benign,data/source/AUL/Benign/image/199.jpg,image,True,576,720,2792,0,0,0,2792,0,2792,0.0,0.0,0.0,False,False,False,False,False,,unflagged
predictions_milestones_625images_seed42_epoch100,42,100,epoch100,PlainConvUNet,predictions/preliminary_milestones_test/seed42/predictions_milestones_625images_seed42_epoch100/liver_0654.png,nnUNet_raw/Dataset001_AUL/labelsTs/liver_0654.png,liver_0654,benign,data/source/AUL/Benign/image/103.jpg,image,True,576,768,398,0,0,0,398,0,398,0.0,0.0,0.0,False,False,False,False,False,,unflagged
predictions_milestones_625images_seed42_epoch100,42,100,epoch100,PlainConvUNet,predictions/preliminary_milestones_test/seed42/predictions_milestones_625images_seed42_epoch100/liver_0655.png,nnUNet_raw/Dataset001_AUL/labelsTs/liver_0655.png,liver_0655,benign,data/source/AUL/Benign/image/94.jpg,image,True,600,800,11368,3251,3251,3251,11368,3251,11368,0.444763663725289,0.28597818437719913,0.28597818437719913,True,True,True,False,True,,overlapping_detected
predictions_milestones_625images_seed42_epoch100,42,100,epoch100,PlainConvUNet,predictions/preliminary_milestones_test/seed42/predictions_milestones_625images_seed42_epoch100/liver_0656.png,nnUNet_raw/Dataset001_AUL/labelsTs/liver_0656.png,liver_0656,malignant,data/source/AUL/Malignant/image/45.jpg,image,True,576,720,4392,4139,4139,4023,4508,4023,4508,0.9431485171726643,0.892413487133984,0.892413487133984,True,True,True,True,True,,overlapping_detected
predictions_milestones_625images_seed42_epoch100,42,100,epoch100,PlainConvUNet,predictions/preliminary_milestones_test/seed42/predictions_milestones_625images_seed42_epoch100/liver_0657.png,nnUNet_raw/Dataset001_AUL/labelsTs/liver_0657.png,liver_0657,malignant,data/source/AUL/Malignant/image/412.jpg,image,True,768,1024,20650,11743,11743,11204,21189,11204,21189,0.6917543913808539,0.5287649251970362,0.5287649251970362,True,True,True,True,True,,overlapping_detected
predictions_milestones_625images_seed42_epoch100,42,100,epoch100,PlainConvUNet,predictions/preliminary_milestones_test/seed42/predictions_milestones_625images_seed42_epoch100/liver_0658.png,nnUNet_raw/Dataset001_AUL/labelsTs/liver_0658.png,liver_0658,malignant,data/source/AUL/Malignant/image/25.jpg,image,True,600,800,31883,19831,19831,19814,31900,19814,31900,0.766291526472522,0.621128526645768,0.621128526645768,True,True,True,True,True,,overlapping_detected
predictions_milestones_625images_seed42_epoch100,42,100,epoch100,PlainConvUNet,predictions/preliminary_milestones_test/seed42/predictions_milestones_625images_seed42_epoch100/liver_0659.png,nnUNet_raw/Dataset001_AUL/labelsTs/liver_0659.png,liver_0659,malignant,data/source/AUL/Malignant/image/313.jpg,image,True,576,720,9106,3209,3209,3127,9188,3127,9188,0.5078359723913927,0.34033521985198084,0.34033521985198084,True,True,True,False,True,,overlapping_detected
predictions_milestones_625images_seed42_epoch100,42,100,epoch100,PlainConvUNet,predictions/preliminary_milestones_test/seed42/predictions_milestones_625images_seed42_epoch100/liver_0660.png,nnUNet_raw/Dataset001_AUL/labelsTs/liver_0660.png,liver_0660,malignant,data/source/AUL/Malignant/image/236.jpg,image,True,768,1024,9890,7431,7431,7350,9971,7350,9971,0.8486807921020726,0.7371376993280514,0.7371376993280514,True,True,True,True,True,,overlapping_detected
predictions_milestones_625images_seed42_epoch100,42,100,epoch100,PlainConvUNet,predictions/preliminary_milestones_test/seed42/predictions_milestones_625images_seed42_epoch100/liver_0661.png,nnUNet_raw/Dataset001_AUL/labelsTs/liver_0661.png,liver_0661,malignant,data/source/AUL/Malignant/image/42.jpg,image,True,768,1024,66153,63039,63039,61522,67670,61522,67670,0.9524119140504056,0.9091473326437122,0.9091473326437122,True,True,True,True,True,,overlapping_detected
predictions_milestones_625images_seed42_epoch100,42,100,epoch100,PlainConvUNet,predictions/preliminary_milestones_test/seed42/predictions_milestones_625images_seed42_epoch100/liver_0662.png,nnUNet_raw/Dataset001_AUL/labelsTs/liver_0662.png,liver_0662,malignant,data/source/AUL/Malignant/image/310.jpg,image,True,768,1024,5978,6525,6525,5181,7322,5181,7322,0.8287610973366392,0.7075935536738596,0.7075935536738596,True,True,True,True,True,,overlapping_detected
predictions_milestones_625images_seed42_epoch100,42,100,epoch100,PlainConvUNet,predictions/preliminary_milestones_test/seed42/predictions_milestones_625images_seed42_epoch100/liver_0663.png,nnUNet_raw/Dataset001_AUL/labelsTs/liver_0663.png,liver_0663,malignant,data/source/AUL/Malignant/image/240.jpg,image,True,576,720,823,0,0,0,823,0,823,0.0,0.0,0.0,False,False,False,False,False,,unflagged
predictions_milestones_625images_seed42_epoch100,42,100,epoch100,PlainConvUNet,predictions/preliminary_milestones_test/seed42/predictions_milestones_625images_seed42_epoch100/liver_0664.png,nnUNet_raw/Dataset001_AUL/labelsTs/liver_0664.png,liver_0664,malignant,data/source/AUL/Malignant/image/221.jpg,image,True,768,1024,14943,51761,51742,14943,51761,14943,51742,0.44803909810506115,0.2886922586503352,0.28879826833133626,True,True,True,False,True,,overlapping_detected
predictions_milestones_625images_seed42_epoch100,42,100,epoch100,PlainConvUNet,predictions/preliminary_milestones_test/seed42/predictions_milestones_625images_seed42_epoch100/liver_0665.png,nnUNet_raw/Dataset001_AUL/labelsTs/liver_0665.png,liver_0665,malignant,data/source/AUL/Malignant/image/433.jpg,image,True,768,1024,5406,17531,17531,5323,17614,5323,17614,0.46414090770371014,0.30220279323265586,0.32921021708207066,True,True,True,False,False,,overlapping_detected
predictions_milestones_625images_seed42_epoch100,42,100,epoch100,PlainConvUNet,predictions/preliminary_milestones_test/seed42/predictions_milestones_625images_seed42_epoch100/liver_0666.png,nnUNet_raw/Dataset001_AUL/labelsTs/liver_0666.png,liver_0666,malignant,data/source/AUL/Malignant/image/165.jpg,image,True,768,1024,48852,41483,41483,36398,53937,36398,53937,0.8058449106105053,0.6748243320911433,0.6748243320911433,True,True,True,True,True,,overlapping_detected
predictions_milestones_625images_seed42_epoch100,42,100,epoch100,PlainConvUNet,predictions/preliminary_milestones_test/seed42/predictions_milestones_625images_seed42_epoch100/liver_0667.png,nnUNet_raw/Dataset001_AUL/labelsTs/liver_0667.png,liver_0667,malignant,data/source/AUL/Malignant/image/11.jpg,image,True,768,1024,44625,41293,41293,40502,45416,40502,45416,0.9428059312367606,0.8918002466091245,0.8918002466091245,True,True,True,True,True,,overlapping_detected
predictions_milestones_625images_seed42_epoch100,42,100,epoch100,PlainConvUNet,predictions/preliminary_milestones_test/seed42/predictions_milestones_625images_seed42_epoch100/liver_0668.png,nnUNet_raw/Dataset001_AUL/labelsTs/liver_0668.png,liver_0668,malignant,data/source/AUL/Malignant/image/364.jpg,image,True,768,1024,173121,81075,81075,78365,175831,78365,175831,0.6165714645391744,0.44568363940374567,0.44568363940374567,True,True,True,False,True,,overlapping_detected
predictions_milestones_625images_seed42_epoch100,42,100,epoch100,PlainConvUNet,predictions/preliminary_milestones_test/seed42/predictions_milestones_625images_seed42_epoch100/liver_0669.png,nnUNet_raw/Dataset001_AUL/labelsTs/liver_0669.png,liver_0669,malignant,data/source/AUL/Malignant/image/66.jpg,image,True,768,1024,100152,93721,93721,92645,101228,92645,101228,0.9557287502643483,0.9152112063855851,0.9152112063855851,True,True,True,True,True,,overlapping_detected
predictions_milestones_625images_seed42_epoch100,42,100,epoch100,PlainConvUNet,predictions/preliminary_milestones_test/seed42/predictions_milestones_625images_seed42_epoch100/liver_0670.png,nnUNet_raw/Dataset001_AUL/labelsTs/liver_0670.png,liver_0670,malignant,data/source/AUL/Malignant/image/391.jpg,image,True,768,1024,5783,6546,6546,5497,6832,5497,6832,0.8917187119798848,0.804596018735363,0.804596018735363,True,True,True,True,True,,overlapping_detected
predictions_milestones_625images_seed42_epoch100,42,100,epoch100,PlainConvUNet,predictions/preliminary_milestones_test/seed42/predictions_milestones_625images_seed42_epoch100/liver_0671.png,nnUNet_raw/Dataset001_AUL/labelsTs/liver_0671.png,liver_0671,malignant,data/source/AUL/Malignant/image/161.jpg,image,True,576,720,3441,2340,2340,2340,3441,2340,3441,0.809548521017125,0.6800348735832606,0.6800348735832606,True,True,True,True,True,,overlapping_detected
predictions_milestones_625images_seed42_epoch100,42,100,epoch100,PlainConvUNet,predictions/preliminary_milestones_test/seed42/predictions_milestones_625images_seed42_epoch100/liver_0672.png,nnUNet_raw/Dataset001_AUL/labelsTs/liver_0672.png,liver_0672,malignant,data/source/AUL/Malignant/image/405.jpg,image,True,768,1024,5554,6285,6285,2470,9369,2470,9369,0.4172649717036912,0.2636353933183904,0.44472452286640257,True,True,True,False,True,,overlapping_detected
predictions_milestones_625images_seed42_epoch100,42,100,epoch100,PlainConvUNet,predictions/preliminary_milestones_test/seed42/predictions_milestones_625images_seed42_epoch100/liver_0673.png,nnUNet_raw/Dataset001_AUL/labelsTs/liver_0673.png,liver_0673,malignant,data/source/AUL/Malignant/image/168.jpg,image,True,768,1024,34845,25225,25225,22766,37304,22766,37304,0.7579823539204261,0.6102830795625134,0.6102830795625134,True,True,True,True,True,,overlapping_detected
predictions_milestones_625images_seed42_epoch100,42,100,epoch100,PlainConvUNet,predictions/preliminary_milestones_test/seed42/predictions_milestones_625images_seed42_epoch100/liver_0674.png,nnUNet_raw/Dataset001_AUL/labelsTs/liver_0674.png,liver_0674,malignant,data/source/AUL/Malignant/image/196.jpg,image,True,768,1024,24164,26662,26662,22678,28148,22678,28148,0.892377916814229,0.8056700298422623,0.8056700298422623,True,True,True,True,True,,overlapping_detected
predictions_milestones_625images_seed42_epoch100,42,100,epoch100,PlainConvUNet,predictions/preliminary_milestones_test/seed42/predictions_milestones_625images_seed42_epoch100/liver_0675.png,nnUNet_raw/Dataset001_AUL/labelsTs/liver_0675.png,liver_0675,malignant,data/source/AUL/Malignant/image/155.jpg,image,True,768,1024,37188,29074,29074,28883,37379,28883,37379,0.8717817150101114,0.7727065999625458,0.7727065999625458,True,True,True,True,True,,overlapping_detected
predictions_milestones_625images_seed42_epoch100,42,100,epoch100,PlainConvUNet,predictions/preliminary_milestones_test/seed42/predictions_milestones_625images_seed42_epoch100/liver_0676.png,nnUNet_raw/Dataset001_AUL/labelsTs/liver_0676.png,liver_0676,malignant,data/source/AUL/Malignant/image/374.jpg,image,True,576,768,44291,17307,17307,17292,44306,17292,44306,0.5614468002207864,0.3902857400803503,0.3902857400803503,True,True,True,False,True,,overlapping_detected
predictions_milestones_625images_seed42_epoch100,42,100,epoch100,PlainConvUNet,predictions/preliminary_milestones_test/seed42/predictions_milestones_625images_seed42_epoch100/liver_0677.png,nnUNet_raw/Dataset001_AUL/labelsTs/liver_0677.png,liver_0677,malignant,data/source/AUL/Malignant/image/201.jpg,image,True,600,800,24151,38782,38782,0,62933,0,62933,0.0,0.0,0.0,True,False,False,False,False,,flagged_without_detection
predictions_milestones_625images_seed42_epoch100,42,100,epoch100,PlainConvUNet,predictions/preliminary_milestones_test/seed42/predictions_milestones_625images_seed42_epoch100/liver_0678.png,nnUNet_raw/Dataset001_AUL/labelsTs/liver_0678.png,liver_0678,malignant,data/source/AUL/Malignant/image/225.jpg,image,True,768,1024,65957,80728,80728,64967,81718,64967,81718,0.8858029109997614,0.7950145622751413,0.7950145622751413,True,True,True,True,True,,overlapping_detected
predictions_milestones_625images_seed42_epoch100,42,100,epoch100,PlainConvUNet,predictions/preliminary_milestones_test/seed42/predictions_milestones_625images_seed42_epoch100/liver_0679.png,nnUNet_raw/Dataset001_AUL/labelsTs/liver_0679.png,liver_0679,malignant,data/source/AUL/Malignant/image/173.jpg,image,True,768,1024,69250,62838,62838,56006,76082,56006,76082,0.8480104172975592,0.7361268105465156,0.7361268105465156,True,True,True,True,True,,overlapping_detected
predictions_milestones_625images_seed42_epoch100,42,100,epoch100,PlainConvUNet,predictions/preliminary_milestones_test/seed42/predictions_milestones_625images_seed42_epoch100/liver_0680.png,nnUNet_raw/Dataset001_AUL/labelsTs/liver_0680.png,liver_0680,malignant,data/source/AUL/Malignant/image/214.jpg,image,True,576,720,7064,8726,8726,6686,9104,6686,9104,0.8468651044965168,0.734402460456942,0.734402460456942,True,True,True,True,True,,overlapping_detected
predictions_milestones_625images_seed42_epoch100,42,100,epoch100,PlainConvUNet,predictions/preliminary_milestones_test/seed42/predictions_milestones_625images_seed42_epoch100/liver_0681.png,nnUNet_raw/Dataset001_AUL/labelsTs/liver_0681.png,liver_0681,malignant,data/source/AUL/Malignant/image/172.jpg,image,True,768,1024,124729,99883,99883,99454,125158,99454,125158,0.8855626591633573,0.7946275907253232,0.7946275907253232,True,True,True,True,True,,overlapping_detected
predictions_milestones_625images_seed42_epoch100,42,100,epoch100,PlainConvUNet,predictions/preliminary_milestones_test/seed42/predictions_milestones_625images_seed42_epoch100/liver_0682.png,nnUNet_raw/Dataset001_AUL/labelsTs/liver_0682.png,liver_0682,malignant,data/source/AUL/Malignant/image/380.jpg,image,True,576,768,3291,2708,2708,2453,3546,2453,3546,0.8178029671611935,0.6917653694303441,0.7419842710223835,True,True,True,True,True,,overlapping_detected
predictions_milestones_625images_seed42_epoch100,42,100,epoch100,PlainConvUNet,predictions/preliminary_milestones_test/seed42/predictions_milestones_625images_seed42_epoch100/liver_0683.png,nnUNet_raw/Dataset001_AUL/labelsTs/liver_0683.png,liver_0683,malignant,data/source/AUL/Malignant/image/22.jpg,image,True,600,800,30876,27392,27392,26545,31723,26545,31723,0.9111347566417245,0.8367745799577594,0.8367745799577594,True,True,True,True,True,,overlapping_detected
predictions_milestones_625images_seed42_epoch100,42,100,epoch100,PlainConvUNet,predictions/preliminary_milestones_test/seed42/predictions_milestones_625images_seed42_epoch100/liver_0684.png,nnUNet_raw/Dataset001_AUL/labelsTs/liver_0684.png,liver_0684,malignant,data/source/AUL/Malignant/image/138.jpg,image,True,576,720,2445,0,0,0,2445,0,2445,0.0,0.0,0.0,False,False,False,False,False,,unflagged
predictions_milestones_625images_seed42_epoch100,42,100,epoch100,PlainConvUNet,predictions/preliminary_milestones_test/seed42/predictions_milestones_625images_seed42_epoch100/liver_0685.png,nnUNet_raw/Dataset001_AUL/labelsTs/liver_0685.png,liver_0685,malignant,data/source/AUL/Malignant/image/19.jpg,image,True,768,1024,116682,118263,118263,113542,121403,113542,121403,0.9665411053650854,0.9352487170827739,0.9352487170827739,True,True,True,True,True,,overlapping_detected
predictions_milestones_625images_seed42_epoch100,42,100,epoch100,PlainConvUNet,predictions/preliminary_milestones_test/seed42/predictions_milestones_625images_seed42_epoch100/liver_0686.png,nnUNet_raw/Dataset001_AUL/labelsTs/liver_0686.png,liver_0686,malignant,data/source/AUL/Malignant/image/312.jpg,image,True,808,1038,23647,21129,21129,21066,23710,21066,23710,0.9409505092013579,0.8884858709405314,0.8884858709405314,True,True,True,True,True,,overlapping_detected
predictions_milestones_625images_seed42_epoch100,42,100,epoch100,PlainConvUNet,predictions/preliminary_milestones_test/seed42/predictions_milestones_625images_seed42_epoch100/liver_0687.png,nnUNet_raw/Dataset001_AUL/labelsTs/liver_0687.png,liver_0687,malignant,data/source/AUL/Malignant/image/29.jpg,image,True,768,1024,18558,18041,18041,17182,19417,17182,19417,0.9389327577256209,0.884894679919658,0.884894679919658,True,True,True,True,True,,overlapping_detected
predictions_milestones_625images_seed42_epoch100,42,100,epoch100,PlainConvUNet,predictions/preliminary_milestones_test/seed42/predictions_milestones_625images_seed42_epoch100/liver_0688.png,nnUNet_raw/Dataset001_AUL/labelsTs/liver_0688.png,liver_0688,malignant,data/source/AUL/Malignant/image/203.jpg,image,True,768,1024,30263,27237,27237,25948,31552,25948,31552,0.9025391304347826,0.8223884381338742,0.8223884381338742,True,True,True,True,True,,overlapping_detected
predictions_milestones_625images_seed42_epoch100,42,100,epoch100,PlainConvUNet,predictions/preliminary_milestones_test/seed42/predictions_milestones_625images_seed42_epoch100/liver_0689.png,nnUNet_raw/Dataset001_AUL/labelsTs/liver_0689.png,liver_0689,malignant,data/source/AUL/Malignant/image/192.jpg,image,True,768,1024,44050,31970,31970,29867,46153,29867,46153,0.7857669034464615,0.6471301973869521,0.6471301973869521,True,True,True,True,True,,overlapping_detected
predictions_milestones_625images_seed42_epoch100,42,100,epoch100,PlainConvUNet,predictions/preliminary_milestones_test/seed42/predictions_milestones_625images_seed42_epoch100/liver_0690.png,nnUNet_raw/Dataset001_AUL/labelsTs/liver_0690.png,liver_0690,malignant,data/source/AUL/Malignant/image/371.jpg,image,True,625,819,27624,16409,16409,16186,27847,16186,27847,0.7351758908091659,0.5812475311523683,0.5812475311523683,True,True,True,True,True,,overlapping_detected
predictions_milestones_625images_seed42_epoch100,42,100,epoch100,PlainConvUNet,predictions/preliminary_milestones_test/seed42/predictions_milestones_625images_seed42_epoch100/liver_0691.png,nnUNet_raw/Dataset001_AUL/labelsTs/liver_0691.png,liver_0691,malignant,data/source/AUL/Malignant/image/167.jpg,image,True,749,894,3606,4543,4543,3549,4600,3549,4600,0.8710271198920113,0.7715217391304348,0.7715217391304348,True,True,True,True,True,,overlapping_detected
predictions_milestones_625images_seed42_epoch100,42,100,epoch100,PlainConvUNet,predictions/preliminary_milestones_test/seed42/predictions_milestones_625images_seed42_epoch100/liver_0692.png,nnUNet_raw/Dataset001_AUL/labelsTs/liver_0692.png,liver_0692,malignant,data/source/AUL/Malignant/image/367.jpg,image,True,576,720,2716,155,155,155,2716,155,2716,0.1079763148728666,0.05706921944035346,0.05706921944035346,True,True,False,False,True,,overlapping_detected
predictions_milestones_625images_seed42_epoch100,42,100,epoch100,PlainConvUNet,predictions/preliminary_milestones_test/seed42/predictions_milestones_625images_seed42_epoch100/liver_0693.png,nnUNet_raw/Dataset001_AUL/labelsTs/liver_0693.png,liver_0693,malignant,data/source/AUL/Malignant/image/275.jpg,image,True,768,1024,40538,42372,42372,39070,43840,39070,43840,0.9424677360993848,0.8911952554744526,0.8911952554744526,True,True,True,True,True,,overlapping_detected
predictions_milestones_625images_seed42_epoch100,42,100,epoch100,PlainConvUNet,predictions/preliminary_milestones_test/seed42/predictions_milestones_625images_seed42_epoch100/liver_0694.png,nnUNet_raw/Dataset001_AUL/labelsTs/liver_0694.png,liver_0694,malignant,data/source/AUL/Malignant/image/41.jpg,image,True,768,1024,32179,21695,21695,21414,32460,21414,32460,0.7949660318520994,0.6597042513863216,0.6597042513863216,True,True,True,True,True,,overlapping_detected
predictions_milestones_625images_seed42_epoch100,42,100,epoch100,PlainConvUNet,predictions/preliminary_milestones_test/seed42/predictions_milestones_625images_seed42_epoch100/liver_0695.png,nnUNet_raw/Dataset001_AUL/labelsTs/liver_0695.png,liver_0695,malignant,data/source/AUL/Malignant/image/383.jpg,image,True,768,1024,30926,19118,19118,19035,31009,19035,31009,0.7607305571097435,0.6138540423747945,0.6138540423747945,True,True,True,True,True,,overlapping_detected
predictions_milestones_625images_seed42_epoch100,42,100,epoch100,PlainConvUNet,predictions/preliminary_milestones_test/seed42/predictions_milestones_625images_seed42_epoch100/liver_0696.png,nnUNet_raw/Dataset001_AUL/labelsTs/liver_0696.png,liver_0696,malignant,data/source/AUL/Malignant/image/106.jpg,image,True,768,1024,15772,9609,9607,9516,15865,9516,15863,0.7498522516843308,0.5998109045067759,0.59988652839942,True,True,True,True,True,,overlapping_detected
predictions_milestones_625images_seed42_epoch100,42,100,epoch100,PlainConvUNet,predictions/preliminary_milestones_test/seed42/predictions_milestones_625images_seed42_epoch100/liver_0697.png,nnUNet_raw/Dataset001_AUL/labelsTs/liver_0697.png,liver_0697,malignant,data/source/AUL/Malignant/image/140.jpg,image,True,910,1260,16722,16519,16519,15636,17605,15636,17605,0.9407659216028399,0.8881567736438511,0.8881567736438511,True,True,True,True,True,,overlapping_detected
predictions_milestones_625images_seed42_epoch100,42,100,epoch100,PlainConvUNet,predictions/preliminary_milestones_test/seed42/predictions_milestones_625images_seed42_epoch100/liver_0698.png,nnUNet_raw/Dataset001_AUL/labelsTs/liver_0698.png,liver_0698,malignant,data/source/AUL/Malignant/image/327.jpg,image,True,768,1024,25104,20771,20771,19960,25915,19960,25915,0.8701907356948229,0.7702103029133707,0.7702103029133707,True,True,True,True,True,,overlapping_detected
predictions_milestones_625images_seed42_epoch100,42,100,epoch100,PlainConvUNet,predictions/preliminary_milestones_test/seed42/predictions_milestones_625images_seed42_epoch100/liver_0699.png,nnUNet_raw/Dataset001_AUL/labelsTs/liver_0699.png,liver_0699,malignant,data/source/AUL/Malignant/image/77.jpg,image,True,768,1024,75785,67049,67049,66251,76583,66251,76583,0.9276642816136214,0.8650875520676913,0.8650875520676913,True,True,True,True,True,,overlapping_detected
predictions_milestones_625images_seed42_epoch100,42,100,epoch100,PlainConvUNet,predictions/preliminary_milestones_test/seed42/predictions_milestones_625images_seed42_epoch100/liver_0700.png,nnUNet_raw/Dataset001_AUL/labelsTs/liver_0700.png,liver_0700,malignant,data/source/AUL/Malignant/image/342.jpg,image,True,768,1024,194214,85157,85027,84553,194818,84469,194772,0.6053097851960296,0.4340102043958977,0.4339547920899015,True,True,True,False,True,,overlapping_detected
predictions_milestones_625images_seed42_epoch100,42,100,epoch100,PlainConvUNet,predictions/preliminary_milestones_test/seed42/predictions_milestones_625images_seed42_epoch100/liver_0701.png,nnUNet_raw/Dataset001_AUL/labelsTs/liver_0701.png,liver_0701,malignant,data/source/AUL/Malignant/image/263.jpg,image,True,768,1024,34298,33375,33375,32939,34734,32939,34734,0.9734753890029997,0.9483215293372488,0.9483215293372488,True,True,True,True,True,,overlapping_detected
predictions_milestones_625images_seed42_epoch100,42,100,epoch100,PlainConvUNet,predictions/preliminary_milestones_test/seed42/predictions_milestones_625images_seed42_epoch100/liver_0702.png,nnUNet_raw/Dataset001_AUL/labelsTs/liver_0702.png,liver_0702,malignant,data/source/AUL/Malignant/image/288.jpg,image,True,576,720,1401,0,0,0,1401,0,1401,0.0,0.0,0.0,False,False,False,False,False,,unflagged
predictions_milestones_625images_seed42_epoch100,42,100,epoch100,PlainConvUNet,predictions/preliminary_milestones_test/seed42/predictions_milestones_625images_seed42_epoch100/liver_0703.png,nnUNet_raw/Dataset001_AUL/labelsTs/liver_0703.png,liver_0703,malignant,data/source/AUL/Malignant/image/304.jpg,image,True,768,1024,31066,31536,31536,29138,33464,29138,33464,0.9308967764608159,0.8707267511355486,0.8707267511355486,True,True,True,True,True,,overlapping_detected
predictions_milestones_625images_seed42_epoch100,42,100,epoch100,PlainConvUNet,predictions/preliminary_milestones_test/seed42/predictions_milestones_625images_seed42_epoch100/liver_0704.png,nnUNet_raw/Dataset001_AUL/labelsTs/liver_0704.png,liver_0704,malignant,data/source/AUL/Malignant/image/46.jpg,image,True,768,1024,24522,20548,20548,20082,24988,20082,24988,0.8911471045041047,0.803665759564591,0.803665759564591,True,True,True,True,True,,overlapping_detected
predictions_milestones_625images_seed42_epoch100,42,100,epoch100,PlainConvUNet,predictions/preliminary_milestones_test/seed42/predictions_milestones_625images_seed42_epoch100/liver_0705.png,nnUNet_raw/Dataset001_AUL/labelsTs/liver_0705.png,liver_0705,malignant,data/source/AUL/Malignant/image/195.jpg,image,True,768,1024,65348,63811,63811,61628,67531,61628,67531,0.9542966421232744,0.9125882927840547,0.9125882927840547,True,True,True,True,True,,overlapping_detected
predictions_milestones_625images_seed42_epoch100,42,100,epoch100,PlainConvUNet,predictions/preliminary_milestones_test/seed42/predictions_milestones_625images_seed42_epoch100/liver_0706.png,nnUNet_raw/Dataset001_AUL/labelsTs/liver_0706.png,liver_0706,malignant,data/source/AUL/Malignant/image/111.jpg,image,True,768,1024,54931,48475,48475,45710,57696,45710,57696,0.8840879639479334,0.7922559622850804,0.8048385392823185,True,True,True,True,True,,overlapping_detected
predictions_milestones_625images_seed42_epoch100,42,100,epoch100,PlainConvUNet,predictions/preliminary_milestones_test/seed42/predictions_milestones_625images_seed42_epoch100/liver_0707.png,nnUNet_raw/Dataset001_AUL/labelsTs/liver_0707.png,liver_0707,malignant,data/source/AUL/Malignant/image/363.jpg,image,True,768,1024,14074,18246,18246,13919,18401,13919,18401,0.8613242574257426,0.7564262811803706,0.7564262811803706,True,True,True,True,True,,overlapping_detected
predictions_milestones_625images_seed42_epoch100,42,100,epoch100,PlainConvUNet,predictions/preliminary_milestones_test/seed42/predictions_milestones_625images_seed42_epoch100/liver_0708.png,nnUNet_raw/Dataset001_AUL/labelsTs/liver_0708.png,liver_0708,malignant,data/source/AUL/Malignant/image/381.jpg,image,True,768,1024,11532,7517,7517,7136,11913,7136,11913,0.7492256811381175,0.5990094854360782,0.5990094854360782,True,True,True,True,True,,overlapping_detected
predictions_milestones_625images_seed42_epoch100,42,100,epoch100,PlainConvUNet,predictions/preliminary_milestones_test/seed42/predictions_milestones_625images_seed42_epoch100/liver_0709.png,nnUNet_raw/Dataset001_AUL/labelsTs/liver_0709.png,liver_0709,malignant,data/source/AUL/Malignant/image/249.jpg,image,True,768,1024,34415,31715,31715,30149,35981,30149,35981,0.9118100710721306,0.8379144548511714,0.8379144548511714,True,True,True,True,True,,overlapping_detected
predictions_milestones_625images_seed42_epoch100,42,100,epoch100,PlainConvUNet,predictions/preliminary_milestones_test/seed42/predictions_milestones_625images_seed42_epoch100/liver_0710.png,nnUNet_raw/Dataset001_AUL/labelsTs/liver_0710.png,liver_0710,malignant,data/source/AUL/Malignant/image/21.jpg,image,True,768,1024,125958,109364,109364,108875,126447,108875,126447,0.925327848649935,0.861032685631134,0.861032685631134,True,True,True,True,True,,overlapping_detected
predictions_milestones_625images_seed42_epoch100,42,100,epoch100,PlainConvUNet,predictions/preliminary_milestones_test/seed42/predictions_milestones_625images_seed42_epoch100/liver_0711.png,nnUNet_raw/Dataset001_AUL/labelsTs/liver_0711.png,liver_0711,malignant,data/source/AUL/Malignant/image/293.jpg,image,True,768,1024,14729,10369,10369,6906,18192,6906,18192,0.5503227348792733,0.3796174142480211,0.3796174142480211,True,True,True,False,True,,overlapping_detected
predictions_milestones_625images_seed42_epoch100,42,100,epoch100,PlainConvUNet,predictions/preliminary_milestones_test/seed42/predictions_milestones_625images_seed42_epoch100/liver_0712.png,nnUNet_raw/Dataset001_AUL/labelsTs/liver_0712.png,liver_0712,malignant,data/source/AUL/Malignant/image/217.jpg,image,True,768,1024,35213,41762,41762,33645,43330,33645,43330,0.8741799285482299,0.7764828063697208,0.7764828063697208,True,True,True,True,True,,overlapping_detected
predictions_milestones_625images_seed42_epoch100,42,100,epoch100,PlainConvUNet,predictions/preliminary_milestones_test/seed42/predictions_milestones_625images_seed42_epoch100/liver_0713.png,nnUNet_raw/Dataset001_AUL/labelsTs/liver_0713.png,liver_0713,malignant,data/source/AUL/Malignant/image/190.jpg,image,True,768,1024,49653,39505,39505,38441,50717,38441,50717,0.8623118508714865,0.7579509829051403,0.7579509829051403,True,True,True,True,True,,overlapping_detected
predictions_milestones_625images_seed42_epoch100,42,100,epoch100,PlainConvUNet,predictions/preliminary_milestones_test/seed42/predictions_milestones_625images_seed42_epoch100/liver_0714.png,nnUNet_raw/Dataset001_AUL/labelsTs/liver_0714.png,liver_0714,malignant,data/source/AUL/Malignant/image/139.jpg,image,True,768,1024,27544,33460,33439,26253,34751,26240,34743,0.8606976591698905,0.7554602745244741,0.7892678818504482,True,True,True,True,True,,overlapping_detected
predictions_milestones_625images_seed42_epoch100,42,100,epoch100,PlainConvUNet,predictions/preliminary_milestones_test/seed42/predictions_milestones_625images_seed42_epoch100/liver_0715.png,nnUNet_raw/Dataset001_AUL/labelsTs/liver_0715.png,liver_0715,malignant,data/source/AUL/Malignant/image/218.jpg,image,True,768,1024,14449,30915,30879,14355,31009,14355,30973,0.6328806983511154,0.46293011706278825,0.7796969203193743,True,True,True,False,True,,overlapping_detected
predictions_milestones_625images_seed42_epoch100,42,100,epoch100,PlainConvUNet,predictions/preliminary_milestones_test/seed42/predictions_milestones_625images_seed42_epoch100/liver_0716.png,nnUNet_raw/Dataset001_AUL/labelsTs/liver_0716.png,liver_0716,malignant,data/source/AUL/Malignant/image/260.jpg,image,True,407,550,3962,0,0,0,3962,0,3962,0.0,0.0,0.0,False,False,False,False,False,,unflagged
predictions_milestones_625images_seed42_epoch100,42,100,epoch100,PlainConvUNet,predictions/preliminary_milestones_test/seed42/predictions_milestones_625images_seed42_epoch100/liver_0717.png,nnUNet_raw/Dataset001_AUL/labelsTs/liver_0717.png,liver_0717,malignant,data/source/AUL/Malignant/image/112.jpg,image,True,768,1024,101456,34934,34934,34042,102348,34042,102348,0.4991861573429137,0.3326103099230078,0.3326103099230078,True,True,True,False,True,,overlapping_detected
predictions_milestones_625images_seed42_epoch100,42,100,epoch100,PlainConvUNet,predictions/preliminary_milestones_test/seed42/predictions_milestones_625images_seed42_epoch100/liver_0718.png,nnUNet_raw/Dataset001_AUL/labelsTs/liver_0718.png,liver_0718,malignant,data/source/AUL/Malignant/image/186.jpg,image,True,576,768,16287,4900,4900,4858,16329,4858,16329,0.4585830934063341,0.29750750199032394,0.29750750199032394,True,True,True,False,True,,overlapping_detected
predictions_milestones_625images_seed42_epoch100,42,100,epoch100,PlainConvUNet,predictions/preliminary_milestones_test/seed42/predictions_milestones_625images_seed42_epoch100/liver_0719.png,nnUNet_raw/Dataset001_AUL/labelsTs/liver_0719.png,liver_0719,malignant,data/source/AUL/Malignant/image/299.jpg,image,True,768,1024,60028,31646,31646,28556,63118,28556,63118,0.622990160787137,0.4524224468455908,0.4524224468455908,True,True,True,False,True,,overlapping_detected
predictions_milestones_625images_seed42_epoch100,42,100,epoch100,PlainConvUNet,predictions/preliminary_milestones_test/seed42/predictions_milestones_625images_seed42_epoch100/liver_0720.png,nnUNet_raw/Dataset001_AUL/labelsTs/liver_0720.png,liver_0720,malignant,data/source/AUL/Malignant/image/248.jpg,image,True,768,1024,62655,90705,90705,59045,94315,59045,94315,0.770018257694314,0.6260403965434979,0.6260403965434979,True,True,True,True,True,,overlapping_detected
predictions_milestones_625images_seed42_epoch100,42,100,epoch100,PlainConvUNet,predictions/preliminary_milestones_test/seed42/predictions_milestones_625images_seed42_epoch100/liver_0721.png,nnUNet_raw/Dataset001_AUL/labelsTs/liver_0721.png,liver_0721,normal,data/source/AUL/Normal/image/74.jpg,image,False,480,640,0,0,0,0,0,0,0,,,,False,,,,,False,normal_true_negative
predictions_milestones_625images_seed42_epoch100,42,100,epoch100,PlainConvUNet,predictions/preliminary_milestones_test/seed42/predictions_milestones_625images_seed42_epoch100/liver_0722.png,nnUNet_raw/Dataset001_AUL/labelsTs/liver_0722.png,liver_0722,normal,data/source/AUL/Normal/image/44.jpg,image,False,576,720,0,0,0,0,0,0,0,,,,False,,,,,False,normal_true_negative
predictions_milestones_625images_seed42_epoch100,42,100,epoch100,PlainConvUNet,predictions/preliminary_milestones_test/seed42/predictions_milestones_625images_seed42_epoch100/liver_0723.png,nnUNet_raw/Dataset001_AUL/labelsTs/liver_0723.png,liver_0723,normal,data/source/AUL/Normal/image/81.jpg,image,False,576,768,0,0,0,0,0,0,0,,,,False,,,,,False,normal_true_negative
predictions_milestones_625images_seed42_epoch100,42,100,epoch100,PlainConvUNet,predictions/preliminary_milestones_test/seed42/predictions_milestones_625images_seed42_epoch100/liver_0724.png,nnUNet_raw/Dataset001_AUL/labelsTs/liver_0724.png,liver_0724,normal,data/source/AUL/Normal/image/25.jpg,image,False,576,720,0,43,0,0,43,0,0,,,,False,,,,,False,normal_true_negative
predictions_milestones_625images_seed42_epoch100,42,100,epoch100,PlainConvUNet,predictions/preliminary_milestones_test/seed42/predictions_milestones_625images_seed42_epoch100/liver_0725.png,nnUNet_raw/Dataset001_AUL/labelsTs/liver_0725.png,liver_0725,normal,data/source/AUL/Normal/image/50.jpg,image,False,576,720,0,0,0,0,0,0,0,,,,False,,,,,False,normal_true_negative
predictions_milestones_625images_seed42_epoch100,42,100,epoch100,PlainConvUNet,predictions/preliminary_milestones_test/seed42/predictions_milestones_625images_seed42_epoch100/liver_0726.png,nnUNet_raw/Dataset001_AUL/labelsTs/liver_0726.png,liver_0726,normal,data/source/AUL/Normal/image/3.jpg,image,False,576,720,0,0,0,0,0,0,0,,,,False,,,,,False,normal_true_negative
predictions_milestones_625images_seed42_epoch100,42,100,epoch100,PlainConvUNet,predictions/preliminary_milestones_test/seed42/predictions_milestones_625images_seed42_epoch100/liver_0727.png,nnUNet_raw/Dataset001_AUL/labelsTs/liver_0727.png,liver_0727,normal,data/source/AUL/Normal/image/84.jpg,image,False,576,720,0,0,0,0,0,0,0,,,,False,,,,,False,normal_true_negative
predictions_milestones_625images_seed42_epoch100,42,100,epoch100,PlainConvUNet,predictions/preliminary_milestones_test/seed42/predictions_milestones_625images_seed42_epoch100/liver_0728.png,nnUNet_raw/Dataset001_AUL/labelsTs/liver_0728.png,liver_0728,normal,data/source/AUL/Normal/image/18.jpg,image,False,576,720,0,0,0,0,0,0,0,,,,False,,,,,False,normal_true_negative
predictions_milestones_625images_seed42_epoch100,42,100,epoch100,PlainConvUNet,predictions/preliminary_milestones_test/seed42/predictions_milestones_625images_seed42_epoch100/liver_0729.png,nnUNet_raw/Dataset001_AUL/labelsTs/liver_0729.png,liver_0729,normal,data/source/AUL/Normal/image/90.jpg,image,False,576,720,0,0,0,0,0,0,0,,,,False,,,,,False,normal_true_negative
predictions_milestones_625images_seed42_epoch100,42,100,epoch100,PlainConvUNet,predictions/preliminary_milestones_test/seed42/predictions_milestones_625images_seed42_epoch100/liver_0730.png,nnUNet_raw/Dataset001_AUL/labelsTs/liver_0730.png,liver_0730,normal,data/source/AUL/Normal/image/17.jpg,image,False,480,640,0,0,0,0,0,0,0,,,,False,,,,,False,normal_true_negative
predictions_milestones_625images_seed42_epoch100,42,100,epoch100,PlainConvUNet,predictions/preliminary_milestones_test/seed42/predictions_milestones_625images_seed42_epoch100/liver_0731.png,nnUNet_raw/Dataset001_AUL/labelsTs/liver_0731.png,liver_0731,normal,data/source/AUL/Normal/image/89.jpg,image,False,576,768,0,0,0,0,0,0,0,,,,False,,,,,False,normal_true_negative
predictions_milestones_625images_seed42_epoch100,42,100,epoch100,PlainConvUNet,predictions/preliminary_milestones_test/seed42/predictions_milestones_625images_seed42_epoch100/liver_0732.png,nnUNet_raw/Dataset001_AUL/labelsTs/liver_0732.png,liver_0732,normal,data/source/AUL/Normal/image/83.jpg,image,False,480,640,0,0,0,0,0,0,0,,,,False,,,,,False,normal_true_negative
predictions_milestones_625images_seed42_epoch100,42,100,epoch100,PlainConvUNet,predictions/preliminary_milestones_test/seed42/predictions_milestones_625images_seed42_epoch100/liver_0733.png,nnUNet_raw/Dataset001_AUL/labelsTs/liver_0733.png,liver_0733,normal,data/source/AUL/Normal/image/2.jpg,image,False,576,768,0,0,0,0,0,0,0,,,,False,,,,,False,normal_true_negative
predictions_milestones_625images_seed42_epoch100,42,100,epoch100,PlainConvUNet,predictions/preliminary_milestones_test/seed42/predictions_milestones_625images_seed42_epoch100/liver_0734.png,nnUNet_raw/Dataset001_AUL/labelsTs/liver_0734.png,liver_0734,normal,data/source/AUL/Normal/image/39.jpg,image,False,576,720,0,0,0,0,0,0,0,,,,False,,,,,False,normal_true_negative
predictions_milestones_625images_seed42_epoch100,42,100,epoch100,PlainConvUNet,predictions/preliminary_milestones_test/seed42/predictions_milestones_625images_seed42_epoch100/liver_0735.png,nnUNet_raw/Dataset001_AUL/labelsTs/liver_0735.png,liver_0735,normal,data/source/AUL/Normal/image/7.jpg,image,False,576,720,0,0,0,0,0,0,0,,,,False,,,,,False,normal_true_negative
predictions_milestones_625images_seed42_epoch150,42,150,epoch150,PlainConvUNet,predictions/preliminary_milestones_test/seed42/predictions_milestones_625images_seed42_epoch150/liver_0626.png,nnUNet_raw/Dataset001_AUL/labelsTs/liver_0626.png,liver_0626,benign,data/source/AUL/Benign/image/159.jpg,image,True,576,720,1748,3403,3403,1748,3403,1748,3403,0.6787031644340905,0.5136644137525712,0.5410089755493656,True,True,True,True,True,,overlapping_detected
predictions_milestones_625images_seed42_epoch150,42,150,epoch150,PlainConvUNet,predictions/preliminary_milestones_test/seed42/predictions_milestones_625images_seed42_epoch150/liver_0627.png,nnUNet_raw/Dataset001_AUL/labelsTs/liver_0627.png,liver_0627,benign,data/source/AUL/Benign/image/88.jpg,image,True,768,1024,49605,10912,10835,10912,49605,10835,49605,0.3606259398185634,0.21997782481604677,0.1785707085979236,True,True,True,False,True,,overlapping_detected
predictions_milestones_625images_seed42_epoch150,42,150,epoch150,PlainConvUNet,predictions/preliminary_milestones_test/seed42/predictions_milestones_625images_seed42_epoch150/liver_0628.png,nnUNet_raw/Dataset001_AUL/labelsTs/liver_0628.png,liver_0628,benign,data/source/AUL/Benign/image/190.jpg,image,True,576,720,7141,0,0,0,7141,0,7141,0.0,0.0,0.0,False,False,False,False,False,,unflagged
predictions_milestones_625images_seed42_epoch150,42,150,epoch150,PlainConvUNet,predictions/preliminary_milestones_test/seed42/predictions_milestones_625images_seed42_epoch150/liver_0629.png,nnUNet_raw/Dataset001_AUL/labelsTs/liver_0629.png,liver_0629,benign,data/source/AUL/Benign/image/93.jpg,image,True,576,720,45215,37134,37134,36506,45843,36506,45843,0.8866167166571544,0.7963265929367624,0.7963265929367624,True,True,True,True,True,,overlapping_detected
predictions_milestones_625images_seed42_epoch150,42,150,epoch150,PlainConvUNet,predictions/preliminary_milestones_test/seed42/predictions_milestones_625images_seed42_epoch150/liver_0630.png,nnUNet_raw/Dataset001_AUL/labelsTs/liver_0630.png,liver_0630,benign,data/source/AUL/Benign/image/2.jpg,image,True,576,720,1657,2025,2025,1647,2035,1647,2035,0.8946224877783813,0.8093366093366093,0.8093366093366093,True,True,True,True,True,,overlapping_detected
predictions_milestones_625images_seed42_epoch150,42,150,epoch150,PlainConvUNet,predictions/preliminary_milestones_test/seed42/predictions_milestones_625images_seed42_epoch150/liver_0631.png,nnUNet_raw/Dataset001_AUL/labelsTs/liver_0631.png,liver_0631,benign,data/source/AUL/Benign/image/28.jpg,image,True,576,720,2175,668,668,625,2218,625,2218,0.43967639817094617,0.281785392245266,0.281785392245266,True,True,True,False,True,,overlapping_detected
predictions_milestones_625images_seed42_epoch150,42,150,epoch150,PlainConvUNet,predictions/preliminary_milestones_test/seed42/predictions_milestones_625images_seed42_epoch150/liver_0632.png,nnUNet_raw/Dataset001_AUL/labelsTs/liver_0632.png,liver_0632,benign,data/source/AUL/Benign/image/110.jpg,image,True,576,720,3443,5598,5598,3383,5658,3383,5658,0.748368543302732,0.5979144574054436,0.5979144574054436,True,True,True,True,True,,overlapping_detected
predictions_milestones_625images_seed42_epoch150,42,150,epoch150,PlainConvUNet,predictions/preliminary_milestones_test/seed42/predictions_milestones_625images_seed42_epoch150/liver_0633.png,nnUNet_raw/Dataset001_AUL/labelsTs/liver_0633.png,liver_0633,benign,data/source/AUL/Benign/image/100.jpg,image,True,576,720,1230,0,0,0,1230,0,1230,0.0,0.0,0.0,False,False,False,False,False,,unflagged
predictions_milestones_625images_seed42_epoch150,42,150,epoch150,PlainConvUNet,predictions/preliminary_milestones_test/seed42/predictions_milestones_625images_seed42_epoch150/liver_0634.png,nnUNet_raw/Dataset001_AUL/labelsTs/liver_0634.png,liver_0634,benign,data/source/AUL/Benign/image/157.jpg,image,True,576,768,722,0,0,0,722,0,722,0.0,0.0,0.0,False,False,False,False,False,,unflagged
predictions_milestones_625images_seed42_epoch150,42,150,epoch150,PlainConvUNet,predictions/preliminary_milestones_test/seed42/predictions_milestones_625images_seed42_epoch150/liver_0635.png,nnUNet_raw/Dataset001_AUL/labelsTs/liver_0635.png,liver_0635,benign,data/source/AUL/Benign/image/139.jpg,image,True,576,720,633,0,0,0,633,0,633,0.0,0.0,0.0,False,False,False,False,False,,unflagged
predictions_milestones_625images_seed42_epoch150,42,150,epoch150,PlainConvUNet,predictions/preliminary_milestones_test/seed42/predictions_milestones_625images_seed42_epoch150/liver_0636.png,nnUNet_raw/Dataset001_AUL/labelsTs/liver_0636.png,liver_0636,benign,data/source/AUL/Benign/image/41.jpg,image,True,576,720,692,0,0,0,692,0,692,0.0,0.0,0.0,False,False,False,False,False,,unflagged
predictions_milestones_625images_seed42_epoch150,42,150,epoch150,PlainConvUNet,predictions/preliminary_milestones_test/seed42/predictions_milestones_625images_seed42_epoch150/liver_0637.png,nnUNet_raw/Dataset001_AUL/labelsTs/liver_0637.png,liver_0637,benign,data/source/AUL/Benign/image/72.jpg,image,True,576,720,581,1115,1115,581,1115,581,1115,0.6851415094339622,0.5210762331838565,0.5210762331838565,True,True,True,True,True,,overlapping_detected
predictions_milestones_625images_seed42_epoch150,42,150,epoch150,PlainConvUNet,predictions/preliminary_milestones_test/seed42/predictions_milestones_625images_seed42_epoch150/liver_0638.png,nnUNet_raw/Dataset001_AUL/labelsTs/liver_0638.png,liver_0638,benign,data/source/AUL/Benign/image/34.jpg,image,True,576,720,19367,21298,21298,18503,22162,18503,22162,0.910020902496004,0.8348975724212616,0.8348975724212616,True,True,True,True,True,,overlapping_detected
predictions_milestones_625images_seed42_epoch150,42,150,epoch150,PlainConvUNet,predictions/preliminary_milestones_test/seed42/predictions_milestones_625images_seed42_epoch150/liver_0639.png,nnUNet_raw/Dataset001_AUL/labelsTs/liver_0639.png,liver_0639,benign,data/source/AUL/Benign/image/168.jpg,image,True,576,720,4723,1048,1048,201,5570,201,5570,0.06965863801767458,0.03608617594254937,0.03608617594254937,True,True,False,False,False,,overlapping_detected
predictions_milestones_625images_seed42_epoch150,42,150,epoch150,PlainConvUNet,predictions/preliminary_milestones_test/seed42/predictions_milestones_625images_seed42_epoch150/liver_0640.png,nnUNet_raw/Dataset001_AUL/labelsTs/liver_0640.png,liver_0640,benign,data/source/AUL/Benign/image/61.jpg,image,True,768,1024,81560,62994,62994,60431,84123,60431,84123,0.836102771282704,0.7183647753884194,0.7183647753884194,True,True,True,True,True,,overlapping_detected
predictions_milestones_625images_seed42_epoch150,42,150,epoch150,PlainConvUNet,predictions/preliminary_milestones_test/seed42/predictions_milestones_625images_seed42_epoch150/liver_0641.png,nnUNet_raw/Dataset001_AUL/labelsTs/liver_0641.png,liver_0641,benign,data/source/AUL/Benign/image/7.jpg,image,True,910,1260,27246,25186,25186,24625,27807,24625,27807,0.9393118706133659,0.8855683820620707,0.8855683820620707,True,True,True,True,True,,overlapping_detected
predictions_milestones_625images_seed42_epoch150,42,150,epoch150,PlainConvUNet,predictions/preliminary_milestones_test/seed42/predictions_milestones_625images_seed42_epoch150/liver_0642.png,nnUNet_raw/Dataset001_AUL/labelsTs/liver_0642.png,liver_0642,benign,data/source/AUL/Benign/image/14.jpg,image,True,768,1024,12225,31708,31681,12225,31708,12225,31681,0.5565292604647987,0.3855493881670241,0.6433194758722307,True,True,True,False,True,,overlapping_detected
predictions_milestones_625images_seed42_epoch150,42,150,epoch150,PlainConvUNet,predictions/preliminary_milestones_test/seed42/predictions_milestones_625images_seed42_epoch150/liver_0643.png,nnUNet_raw/Dataset001_AUL/labelsTs/liver_0643.png,liver_0643,benign,data/source/AUL/Benign/image/36.jpg,image,True,576,720,2022,38,0,38,2022,0,2022,0.036893203883495145,0.018793273986152326,0.0,False,False,False,False,False,,unflagged
predictions_milestones_625images_seed42_epoch150,42,150,epoch150,PlainConvUNet,predictions/preliminary_milestones_test/seed42/predictions_milestones_625images_seed42_epoch150/liver_0644.png,nnUNet_raw/Dataset001_AUL/labelsTs/liver_0644.png,liver_0644,benign,data/source/AUL/Benign/image/126.jpg,image,True,600,800,11845,1198,1198,1198,11845,1198,11845,0.18370006900253008,0.1011397214014352,0.1011397214014352,True,True,False,False,True,,overlapping_detected
predictions_milestones_625images_seed42_epoch150,42,150,epoch150,PlainConvUNet,predictions/preliminary_milestones_test/seed42/predictions_milestones_625images_seed42_epoch150/liver_0645.png,nnUNet_raw/Dataset001_AUL/labelsTs/liver_0645.png,liver_0645,benign,data/source/AUL/Benign/image/101.jpg,image,True,576,720,1205,558,558,0,1763,0,1763,0.0,0.0,0.0,True,False,False,False,False,,flagged_without_detection
predictions_milestones_625images_seed42_epoch150,42,150,epoch150,PlainConvUNet,predictions/preliminary_milestones_test/seed42/predictions_milestones_625images_seed42_epoch150/liver_0646.png,nnUNet_raw/Dataset001_AUL/labelsTs/liver_0646.png,liver_0646,benign,data/source/AUL/Benign/image/62.jpg,image,True,576,720,847,64,0,0,911,0,847,0.0,0.0,0.0,False,False,False,False,False,,unflagged
predictions_milestones_625images_seed42_epoch150,42,150,epoch150,PlainConvUNet,predictions/preliminary_milestones_test/seed42/predictions_milestones_625images_seed42_epoch150/liver_0647.png,nnUNet_raw/Dataset001_AUL/labelsTs/liver_0647.png,liver_0647,benign,data/source/AUL/Benign/image/112.jpg,image,True,576,720,1708,1482,1482,1380,1810,1380,1810,0.8652037617554859,0.7624309392265194,0.7624309392265194,True,True,True,True,True,,overlapping_detected
predictions_milestones_625images_seed42_epoch150,42,150,epoch150,PlainConvUNet,predictions/preliminary_milestones_test/seed42/predictions_milestones_625images_seed42_epoch150/liver_0648.png,nnUNet_raw/Dataset001_AUL/labelsTs/liver_0648.png,liver_0648,benign,data/source/AUL/Benign/image/137.jpg,image,True,576,720,2494,819,756,0,3313,0,3250,0.0,0.0,0.0,True,False,False,False,False,,flagged_without_detection
predictions_milestones_625images_seed42_epoch150,42,150,epoch150,PlainConvUNet,predictions/preliminary_milestones_test/seed42/predictions_milestones_625images_seed42_epoch150/liver_0649.png,nnUNet_raw/Dataset001_AUL/labelsTs/liver_0649.png,liver_0649,benign,data/source/AUL/Benign/image/32.jpg,image,True,576,720,10842,563,563,63,11342,63,11342,0.011047786058746165,0.005554575912537472,0.005554575912537472,True,True,False,False,True,,overlapping_detected
predictions_milestones_625images_seed42_epoch150,42,150,epoch150,PlainConvUNet,predictions/preliminary_milestones_test/seed42/predictions_milestones_625images_seed42_epoch150/liver_0650.png,nnUNet_raw/Dataset001_AUL/labelsTs/liver_0650.png,liver_0650,benign,data/source/AUL/Benign/image/87.jpg,image,True,576,720,6010,1481,1481,0,7491,0,7491,0.0,0.0,0.0,True,False,False,False,False,,flagged_without_detection
predictions_milestones_625images_seed42_epoch150,42,150,epoch150,PlainConvUNet,predictions/preliminary_milestones_test/seed42/predictions_milestones_625images_seed42_epoch150/liver_0651.png,nnUNet_raw/Dataset001_AUL/labelsTs/liver_0651.png,liver_0651,benign,data/source/AUL/Benign/image/65.jpg,image,True,576,720,6513,10768,10768,6440,10841,6440,10841,0.7453272380070598,0.5940411401162254,0.5940411401162254,True,True,True,True,True,,overlapping_detected
predictions_milestones_625images_seed42_epoch150,42,150,epoch150,PlainConvUNet,predictions/preliminary_milestones_test/seed42/predictions_milestones_625images_seed42_epoch150/liver_0652.png,nnUNet_raw/Dataset001_AUL/labelsTs/liver_0652.png,liver_0652,benign,data/source/AUL/Benign/image/141.jpg,image,True,576,720,1533,0,0,0,1533,0,1533,0.0,0.0,0.0,False,False,False,False,False,,unflagged
predictions_milestones_625images_seed42_epoch150,42,150,epoch150,PlainConvUNet,predictions/preliminary_milestones_test/seed42/predictions_milestones_625images_seed42_epoch150/liver_0653.png,nnUNet_raw/Dataset001_AUL/labelsTs/liver_0653.png,liver_0653,benign,data/source/AUL/Benign/image/199.jpg,image,True,576,720,2792,15559,15559,0,18351,0,18351,0.0,0.0,0.0,True,False,False,False,False,,flagged_without_detection
predictions_milestones_625images_seed42_epoch150,42,150,epoch150,PlainConvUNet,predictions/preliminary_milestones_test/seed42/predictions_milestones_625images_seed42_epoch150/liver_0654.png,nnUNet_raw/Dataset001_AUL/labelsTs/liver_0654.png,liver_0654,benign,data/source/AUL/Benign/image/103.jpg,image,True,576,768,398,0,0,0,398,0,398,0.0,0.0,0.0,False,False,False,False,False,,unflagged
predictions_milestones_625images_seed42_epoch150,42,150,epoch150,PlainConvUNet,predictions/preliminary_milestones_test/seed42/predictions_milestones_625images_seed42_epoch150/liver_0655.png,nnUNet_raw/Dataset001_AUL/labelsTs/liver_0655.png,liver_0655,benign,data/source/AUL/Benign/image/94.jpg,image,True,600,800,11368,1162,1162,1162,11368,1162,11368,0.18547486033519553,0.1022167487684729,0.07151653764954258,True,True,False,False,True,,overlapping_detected
predictions_milestones_625images_seed42_epoch150,42,150,epoch150,PlainConvUNet,predictions/preliminary_milestones_test/seed42/predictions_milestones_625images_seed42_epoch150/liver_0656.png,nnUNet_raw/Dataset001_AUL/labelsTs/liver_0656.png,liver_0656,malignant,data/source/AUL/Malignant/image/45.jpg,image,True,576,720,4392,3818,3818,3807,4403,3807,4403,0.9274056029232643,0.8646377469906882,0.8646377469906882,True,True,True,True,True,,overlapping_detected
predictions_milestones_625images_seed42_epoch150,42,150,epoch150,PlainConvUNet,predictions/preliminary_milestones_test/seed42/predictions_milestones_625images_seed42_epoch150/liver_0657.png,nnUNet_raw/Dataset001_AUL/labelsTs/liver_0657.png,liver_0657,malignant,data/source/AUL/Malignant/image/412.jpg,image,True,768,1024,20650,17888,17888,16273,22265,16273,22265,0.8445171000051896,0.7308780597350101,0.7308780597350101,True,True,True,True,True,,overlapping_detected
predictions_milestones_625images_seed42_epoch150,42,150,epoch150,PlainConvUNet,predictions/preliminary_milestones_test/seed42/predictions_milestones_625images_seed42_epoch150/liver_0658.png,nnUNet_raw/Dataset001_AUL/labelsTs/liver_0658.png,liver_0658,malignant,data/source/AUL/Malignant/image/25.jpg,image,True,600,800,31883,29282,29282,28644,32521,28644,32521,0.9366140766778386,0.8807847237169829,0.8807847237169829,True,True,True,True,True,,overlapping_detected
predictions_milestones_625images_seed42_epoch150,42,150,epoch150,PlainConvUNet,predictions/preliminary_milestones_test/seed42/predictions_milestones_625images_seed42_epoch150/liver_0659.png,nnUNet_raw/Dataset001_AUL/labelsTs/liver_0659.png,liver_0659,malignant,data/source/AUL/Malignant/image/313.jpg,image,True,576,720,9106,4988,4988,4676,9418,4676,9418,0.6635447708244643,0.49649607135272883,0.49649607135272883,True,True,True,False,True,,overlapping_detected
predictions_milestones_625images_seed42_epoch150,42,150,epoch150,PlainConvUNet,predictions/preliminary_milestones_test/seed42/predictions_milestones_625images_seed42_epoch150/liver_0660.png,nnUNet_raw/Dataset001_AUL/labelsTs/liver_0660.png,liver_0660,malignant,data/source/AUL/Malignant/image/236.jpg,image,True,768,1024,9890,8937,8937,8536,10291,8536,10291,0.9067828119190524,0.8294626372558547,0.8294626372558547,True,True,True,True,True,,overlapping_detected
predictions_milestones_625images_seed42_epoch150,42,150,epoch150,PlainConvUNet,predictions/preliminary_milestones_test/seed42/predictions_milestones_625images_seed42_epoch150/liver_0661.png,nnUNet_raw/Dataset001_AUL/labelsTs/liver_0661.png,liver_0661,malignant,data/source/AUL/Malignant/image/42.jpg,image,True,768,1024,66153,64264,64264,62540,67877,62540,67877,0.9590774208883811,0.9213724825787822,0.9213724825787822,True,True,True,True,True,,overlapping_detected
predictions_milestones_625images_seed42_epoch150,42,150,epoch150,PlainConvUNet,predictions/preliminary_milestones_test/seed42/predictions_milestones_625images_seed42_epoch150/liver_0662.png,nnUNet_raw/Dataset001_AUL/labelsTs/liver_0662.png,liver_0662,malignant,data/source/AUL/Malignant/image/310.jpg,image,True,768,1024,5978,4653,4653,4614,6017,4614,6017,0.8680274668422537,0.7668273225860063,0.7668273225860063,True,True,True,True,True,,overlapping_detected
predictions_milestones_625images_seed42_epoch150,42,150,epoch150,PlainConvUNet,predictions/preliminary_milestones_test/seed42/predictions_milestones_625images_seed42_epoch150/liver_0663.png,nnUNet_raw/Dataset001_AUL/labelsTs/liver_0663.png,liver_0663,malignant,data/source/AUL/Malignant/image/240.jpg,image,True,576,720,823,1428,1428,649,1602,649,1602,0.5766326077298978,0.4051186017478152,0.783816425120773,True,True,True,False,True,,overlapping_detected
predictions_milestones_625images_seed42_epoch150,42,150,epoch150,PlainConvUNet,predictions/preliminary_milestones_test/seed42/predictions_milestones_625images_seed42_epoch150/liver_0664.png,nnUNet_raw/Dataset001_AUL/labelsTs/liver_0664.png,liver_0664,malignant,data/source/AUL/Malignant/image/221.jpg,image,True,768,1024,14943,40680,40680,14943,40680,14943,40680,0.5372957229922873,0.367330383480826,0.367330383480826,True,True,True,False,True,,overlapping_detected
predictions_milestones_625images_seed42_epoch150,42,150,epoch150,PlainConvUNet,predictions/preliminary_milestones_test/seed42/predictions_milestones_625images_seed42_epoch150/liver_0665.png,nnUNet_raw/Dataset001_AUL/labelsTs/liver_0665.png,liver_0665,malignant,data/source/AUL/Malignant/image/433.jpg,image,True,768,1024,5406,7588,7588,5241,7753,5241,7753,0.8066800061566877,0.6759963884947762,0.6759963884947762,True,True,True,True,True,,overlapping_detected
predictions_milestones_625images_seed42_epoch150,42,150,epoch150,PlainConvUNet,predictions/preliminary_milestones_test/seed42/predictions_milestones_625images_seed42_epoch150/liver_0666.png,nnUNet_raw/Dataset001_AUL/labelsTs/liver_0666.png,liver_0666,malignant,data/source/AUL/Malignant/image/165.jpg,image,True,768,1024,48852,40895,40895,35155,54592,35155,54592,0.7834245155826935,0.6439588218053928,0.6439588218053928,True,True,True,True,True,,overlapping_detected
predictions_milestones_625images_seed42_epoch150,42,150,epoch150,PlainConvUNet,predictions/preliminary_milestones_test/seed42/predictions_milestones_625images_seed42_epoch150/liver_0667.png,nnUNet_raw/Dataset001_AUL/labelsTs/liver_0667.png,liver_0667,malignant,data/source/AUL/Malignant/image/11.jpg,image,True,768,1024,44625,40953,40953,40038,45540,40038,45540,0.9357077753628269,0.8791831357048748,0.8791831357048748,True,True,True,True,True,,overlapping_detected
predictions_milestones_625images_seed42_epoch150,42,150,epoch150,PlainConvUNet,predictions/preliminary_milestones_test/seed42/predictions_milestones_625images_seed42_epoch150/liver_0668.png,nnUNet_raw/Dataset001_AUL/labelsTs/liver_0668.png,liver_0668,malignant,data/source/AUL/Malignant/image/364.jpg,image,True,768,1024,173121,76324,76324,73031,176414,73031,176414,0.5855479163743511,0.4139750813427506,0.4139750813427506,True,True,True,False,True,,overlapping_detected
predictions_milestones_625images_seed42_epoch150,42,150,epoch150,PlainConvUNet,predictions/preliminary_milestones_test/seed42/predictions_milestones_625images_seed42_epoch150/liver_0669.png,nnUNet_raw/Dataset001_AUL/labelsTs/liver_0669.png,liver_0669,malignant,data/source/AUL/Malignant/image/66.jpg,image,True,768,1024,100152,96139,96139,94499,101792,94499,101792,0.9628459786745189,0.9283538981452374,0.9283538981452374,True,True,True,True,True,,overlapping_detected
predictions_milestones_625images_seed42_epoch150,42,150,epoch150,PlainConvUNet,predictions/preliminary_milestones_test/seed42/predictions_milestones_625images_seed42_epoch150/liver_0670.png,nnUNet_raw/Dataset001_AUL/labelsTs/liver_0670.png,liver_0670,malignant,data/source/AUL/Malignant/image/391.jpg,image,True,768,1024,5783,6155,6155,5239,6699,5239,6699,0.8777014575305746,0.7820570234363338,0.7820570234363338,True,True,True,True,True,,overlapping_detected
predictions_milestones_625images_seed42_epoch150,42,150,epoch150,PlainConvUNet,predictions/preliminary_milestones_test/seed42/predictions_milestones_625images_seed42_epoch150/liver_0671.png,nnUNet_raw/Dataset001_AUL/labelsTs/liver_0671.png,liver_0671,malignant,data/source/AUL/Malignant/image/161.jpg,image,True,576,720,3441,2833,2833,2820,3454,2820,3454,0.8989480395282117,0.8164447017950203,0.8164447017950203,True,True,True,True,True,,overlapping_detected
predictions_milestones_625images_seed42_epoch150,42,150,epoch150,PlainConvUNet,predictions/preliminary_milestones_test/seed42/predictions_milestones_625images_seed42_epoch150/liver_0672.png,nnUNet_raw/Dataset001_AUL/labelsTs/liver_0672.png,liver_0672,malignant,data/source/AUL/Malignant/image/405.jpg,image,True,768,1024,5554,4778,4778,4558,5774,4558,5774,0.8823073945025165,0.7894007620367163,0.7894007620367163,True,True,True,True,True,,overlapping_detected
predictions_milestones_625images_seed42_epoch150,42,150,epoch150,PlainConvUNet,predictions/preliminary_milestones_test/seed42/predictions_milestones_625images_seed42_epoch150/liver_0673.png,nnUNet_raw/Dataset001_AUL/labelsTs/liver_0673.png,liver_0673,malignant,data/source/AUL/Malignant/image/168.jpg,image,True,768,1024,34845,23636,23636,15362,43119,15362,43119,0.5253672132829466,0.356269857835293,0.43224535734383795,True,True,True,False,True,,overlapping_detected
predictions_milestones_625images_seed42_epoch150,42,150,epoch150,PlainConvUNet,predictions/preliminary_milestones_test/seed42/predictions_milestones_625images_seed42_epoch150/liver_0674.png,nnUNet_raw/Dataset001_AUL/labelsTs/liver_0674.png,liver_0674,malignant,data/source/AUL/Malignant/image/196.jpg,image,True,768,1024,24164,26761,26761,22514,28411,22514,28411,0.8842022582228768,0.7924395480623702,0.7924395480623702,True,True,True,True,True,,overlapping_detected
predictions_milestones_625images_seed42_epoch150,42,150,epoch150,PlainConvUNet,predictions/preliminary_milestones_test/seed42/predictions_milestones_625images_seed42_epoch150/liver_0675.png,nnUNet_raw/Dataset001_AUL/labelsTs/liver_0675.png,liver_0675,malignant,data/source/AUL/Malignant/image/155.jpg,image,True,768,1024,37188,30296,30296,30003,37481,30003,37481,0.889188548396657,0.8004855793602091,0.8004855793602091,True,True,True,True,True,,overlapping_detected
predictions_milestones_625images_seed42_epoch150,42,150,epoch150,PlainConvUNet,predictions/preliminary_milestones_test/seed42/predictions_milestones_625images_seed42_epoch150/liver_0676.png,nnUNet_raw/Dataset001_AUL/labelsTs/liver_0676.png,liver_0676,malignant,data/source/AUL/Malignant/image/374.jpg,image,True,576,768,44291,18192,18192,17662,44821,17662,44821,0.5653377718739497,0.39405635751098816,0.39405635751098816,True,True,True,False,True,,overlapping_detected
predictions_milestones_625images_seed42_epoch150,42,150,epoch150,PlainConvUNet,predictions/preliminary_milestones_test/seed42/predictions_milestones_625images_seed42_epoch150/liver_0677.png,nnUNet_raw/Dataset001_AUL/labelsTs/liver_0677.png,liver_0677,malignant,data/source/AUL/Malignant/image/201.jpg,image,True,600,800,24151,40165,40165,0,64316,0,64316,0.0,0.0,0.0,True,False,False,False,False,,flagged_without_detection
predictions_milestones_625images_seed42_epoch150,42,150,epoch150,PlainConvUNet,predictions/preliminary_milestones_test/seed42/predictions_milestones_625images_seed42_epoch150/liver_0678.png,nnUNet_raw/Dataset001_AUL/labelsTs/liver_0678.png,liver_0678,malignant,data/source/AUL/Malignant/image/225.jpg,image,True,768,1024,65957,61661,61661,31392,96226,31392,96226,0.49196821764954785,0.32623199551056886,0.3030592299649984,True,True,True,False,True,,overlapping_detected
predictions_milestones_625images_seed42_epoch150,42,150,epoch150,PlainConvUNet,predictions/preliminary_milestones_test/seed42/predictions_milestones_625images_seed42_epoch150/liver_0679.png,nnUNet_raw/Dataset001_AUL/labelsTs/liver_0679.png,liver_0679,malignant,data/source/AUL/Malignant/image/173.jpg,image,True,768,1024,69250,60732,60732,53986,75996,53986,75996,0.830668861842409,0.7103794936575609,0.7103794936575609,True,True,True,True,True,,overlapping_detected
predictions_milestones_625images_seed42_epoch150,42,150,epoch150,PlainConvUNet,predictions/preliminary_milestones_test/seed42/predictions_milestones_625images_seed42_epoch150/liver_0680.png,nnUNet_raw/Dataset001_AUL/labelsTs/liver_0680.png,liver_0680,malignant,data/source/AUL/Malignant/image/214.jpg,image,True,576,720,7064,7686,7686,6481,8269,6481,8269,0.8787796610169492,0.7837707098802758,0.7837707098802758,True,True,True,True,True,,overlapping_detected
predictions_milestones_625images_seed42_epoch150,42,150,epoch150,PlainConvUNet,predictions/preliminary_milestones_test/seed42/predictions_milestones_625images_seed42_epoch150/liver_0681.png,nnUNet_raw/Dataset001_AUL/labelsTs/liver_0681.png,liver_0681,malignant,data/source/AUL/Malignant/image/172.jpg,image,True,768,1024,124729,99856,99856,99441,125144,99441,125144,0.885553353963978,0.7946126062775682,0.7946126062775682,True,True,True,True,True,,overlapping_detected
predictions_milestones_625images_seed42_epoch150,42,150,epoch150,PlainConvUNet,predictions/preliminary_milestones_test/seed42/predictions_milestones_625images_seed42_epoch150/liver_0682.png,nnUNet_raw/Dataset001_AUL/labelsTs/liver_0682.png,liver_0682,malignant,data/source/AUL/Malignant/image/380.jpg,image,True,576,768,3291,13040,13040,3257,13074,3257,13074,0.3988733084318168,0.24912039161694968,0.4742973642056211,True,True,True,False,True,,overlapping_detected
predictions_milestones_625images_seed42_epoch150,42,150,epoch150,PlainConvUNet,predictions/preliminary_milestones_test/seed42/predictions_milestones_625images_seed42_epoch150/liver_0683.png,nnUNet_raw/Dataset001_AUL/labelsTs/liver_0683.png,liver_0683,malignant,data/source/AUL/Malignant/image/22.jpg,image,True,600,800,30876,28278,28278,27272,31882,27272,31882,0.9220678229705515,0.855404303368672,0.855404303368672,True,True,True,True,True,,overlapping_detected
predictions_milestones_625images_seed42_epoch150,42,150,epoch150,PlainConvUNet,predictions/preliminary_milestones_test/seed42/predictions_milestones_625images_seed42_epoch150/liver_0684.png,nnUNet_raw/Dataset001_AUL/labelsTs/liver_0684.png,liver_0684,malignant,data/source/AUL/Malignant/image/138.jpg,image,True,576,720,2445,988,988,988,2445,988,2445,0.5755898630935042,0.40408997955010223,0.40408997955010223,True,True,True,False,True,,overlapping_detected
predictions_milestones_625images_seed42_epoch150,42,150,epoch150,PlainConvUNet,predictions/preliminary_milestones_test/seed42/predictions_milestones_625images_seed42_epoch150/liver_0685.png,nnUNet_raw/Dataset001_AUL/labelsTs/liver_0685.png,liver_0685,malignant,data/source/AUL/Malignant/image/19.jpg,image,True,768,1024,116682,118371,118371,113970,121083,113970,121083,0.9697387397735829,0.9412551720720498,0.9412551720720498,True,True,True,True,True,,overlapping_detected
predictions_milestones_625images_seed42_epoch150,42,150,epoch150,PlainConvUNet,predictions/preliminary_milestones_test/seed42/predictions_milestones_625images_seed42_epoch150/liver_0686.png,nnUNet_raw/Dataset001_AUL/labelsTs/liver_0686.png,liver_0686,malignant,data/source/AUL/Malignant/image/312.jpg,image,True,808,1038,23647,22745,22745,22387,24005,22387,24005,0.9651232971201932,0.9325973755467611,0.9325973755467611,True,True,True,True,True,,overlapping_detected
predictions_milestones_625images_seed42_epoch150,42,150,epoch150,PlainConvUNet,predictions/preliminary_milestones_test/seed42/predictions_milestones_625images_seed42_epoch150/liver_0687.png,nnUNet_raw/Dataset001_AUL/labelsTs/liver_0687.png,liver_0687,malignant,data/source/AUL/Malignant/image/29.jpg,image,True,768,1024,18558,18079,18079,17117,19520,17117,19520,0.9344105685509184,0.8768954918032786,0.8768954918032786,True,True,True,True,True,,overlapping_detected
predictions_milestones_625images_seed42_epoch150,42,150,epoch150,PlainConvUNet,predictions/preliminary_milestones_test/seed42/predictions_milestones_625images_seed42_epoch150/liver_0688.png,nnUNet_raw/Dataset001_AUL/labelsTs/liver_0688.png,liver_0688,malignant,data/source/AUL/Malignant/image/203.jpg,image,True,768,1024,30263,28818,28818,26873,32208,26873,32208,0.9097002420405883,0.8343579234972678,0.8343579234972678,True,True,True,True,True,,overlapping_detected
predictions_milestones_625images_seed42_epoch150,42,150,epoch150,PlainConvUNet,predictions/preliminary_milestones_test/seed42/predictions_milestones_625images_seed42_epoch150/liver_0689.png,nnUNet_raw/Dataset001_AUL/labelsTs/liver_0689.png,liver_0689,malignant,data/source/AUL/Malignant/image/192.jpg,image,True,768,1024,44050,30238,30238,28190,46098,28190,46098,0.7589381865173379,0.6115232764978958,0.6115232764978958,True,True,True,True,True,,overlapping_detected
predictions_milestones_625images_seed42_epoch150,42,150,epoch150,PlainConvUNet,predictions/preliminary_milestones_test/seed42/predictions_milestones_625images_seed42_epoch150/liver_0690.png,nnUNet_raw/Dataset001_AUL/labelsTs/liver_0690.png,liver_0690,malignant,data/source/AUL/Malignant/image/371.jpg,image,True,625,819,27624,20010,20010,19634,28000,19634,28000,0.8243691480875005,0.7012142857142857,0.7012142857142857,True,True,True,True,True,,overlapping_detected
predictions_milestones_625images_seed42_epoch150,42,150,epoch150,PlainConvUNet,predictions/preliminary_milestones_test/seed42/predictions_milestones_625images_seed42_epoch150/liver_0691.png,nnUNet_raw/Dataset001_AUL/labelsTs/liver_0691.png,liver_0691,malignant,data/source/AUL/Malignant/image/167.jpg,image,True,749,894,3606,4405,4405,3533,4478,3533,4478,0.882037198851579,0.7889682894149174,0.7889682894149174,True,True,True,True,True,,overlapping_detected
predictions_milestones_625images_seed42_epoch150,42,150,epoch150,PlainConvUNet,predictions/preliminary_milestones_test/seed42/predictions_milestones_625images_seed42_epoch150/liver_0692.png,nnUNet_raw/Dataset001_AUL/labelsTs/liver_0692.png,liver_0692,malignant,data/source/AUL/Malignant/image/367.jpg,image,True,576,720,2716,258,258,258,2716,258,2716,0.17350369872225957,0.09499263622974963,0.09499263622974963,True,True,False,False,True,,overlapping_detected
predictions_milestones_625images_seed42_epoch150,42,150,epoch150,PlainConvUNet,predictions/preliminary_milestones_test/seed42/predictions_milestones_625images_seed42_epoch150/liver_0693.png,nnUNet_raw/Dataset001_AUL/labelsTs/liver_0693.png,liver_0693,malignant,data/source/AUL/Malignant/image/275.jpg,image,True,768,1024,40538,56436,56383,38711,58263,38711,58210,0.7983789469342298,0.6644182414225152,0.6782716871375256,True,True,True,True,True,,overlapping_detected
predictions_milestones_625images_seed42_epoch150,42,150,epoch150,PlainConvUNet,predictions/preliminary_milestones_test/seed42/predictions_milestones_625images_seed42_epoch150/liver_0694.png,nnUNet_raw/Dataset001_AUL/labelsTs/liver_0694.png,liver_0694,malignant,data/source/AUL/Malignant/image/41.jpg,image,True,768,1024,32179,24149,24149,23559,32769,23559,32769,0.8364933958244567,0.7189416826879063,0.7189416826879063,True,True,True,True,True,,overlapping_detected
predictions_milestones_625images_seed42_epoch150,42,150,epoch150,PlainConvUNet,predictions/preliminary_milestones_test/seed42/predictions_milestones_625images_seed42_epoch150/liver_0695.png,nnUNet_raw/Dataset001_AUL/labelsTs/liver_0695.png,liver_0695,malignant,data/source/AUL/Malignant/image/383.jpg,image,True,768,1024,30926,6130,6130,5956,31100,5956,31100,0.3214594127806563,0.19151125401929261,0.16254019292604502,True,True,False,False,True,,overlapping_detected
predictions_milestones_625images_seed42_epoch150,42,150,epoch150,PlainConvUNet,predictions/preliminary_milestones_test/seed42/predictions_milestones_625images_seed42_epoch150/liver_0696.png,nnUNet_raw/Dataset001_AUL/labelsTs/liver_0696.png,liver_0696,malignant,data/source/AUL/Malignant/image/106.jpg,image,True,768,1024,15772,12335,12335,11971,16136,11971,16136,0.8518162735261678,0.7418815071888945,0.7418815071888945,True,True,True,True,True,,overlapping_detected
predictions_milestones_625images_seed42_epoch150,42,150,epoch150,PlainConvUNet,predictions/preliminary_milestones_test/seed42/predictions_milestones_625images_seed42_epoch150/liver_0697.png,nnUNet_raw/Dataset001_AUL/labelsTs/liver_0697.png,liver_0697,malignant,data/source/AUL/Malignant/image/140.jpg,image,True,910,1260,16722,17715,17715,16345,18092,16345,18092,0.9492696808665099,0.9034379836391775,0.9034379836391775,True,True,True,True,True,,overlapping_detected
predictions_milestones_625images_seed42_epoch150,42,150,epoch150,PlainConvUNet,predictions/preliminary_milestones_test/seed42/predictions_milestones_625images_seed42_epoch150/liver_0698.png,nnUNet_raw/Dataset001_AUL/labelsTs/liver_0698.png,liver_0698,malignant,data/source/AUL/Malignant/image/327.jpg,image,True,768,1024,25104,23035,23035,21854,26285,21854,26285,0.9079540497309874,0.8314247669773636,0.8314247669773636,True,True,True,True,True,,overlapping_detected
predictions_milestones_625images_seed42_epoch150,42,150,epoch150,PlainConvUNet,predictions/preliminary_milestones_test/seed42/predictions_milestones_625images_seed42_epoch150/liver_0699.png,nnUNet_raw/Dataset001_AUL/labelsTs/liver_0699.png,liver_0699,malignant,data/source/AUL/Malignant/image/77.jpg,image,True,768,1024,75785,70728,70728,69710,76803,69710,76803,0.9515879137004908,0.9076468367121076,0.9076468367121076,True,True,True,True,True,,overlapping_detected
predictions_milestones_625images_seed42_epoch150,42,150,epoch150,PlainConvUNet,predictions/preliminary_milestones_test/seed42/predictions_milestones_625images_seed42_epoch150/liver_0700.png,nnUNet_raw/Dataset001_AUL/labelsTs/liver_0700.png,liver_0700,malignant,data/source/AUL/Malignant/image/342.jpg,image,True,768,1024,194214,166942,166942,138935,222221,138935,222221,0.7693905126870383,0.6252109386601626,0.6252109386601626,True,True,True,True,True,,overlapping_detected
predictions_milestones_625images_seed42_epoch150,42,150,epoch150,PlainConvUNet,predictions/preliminary_milestones_test/seed42/predictions_milestones_625images_seed42_epoch150/liver_0701.png,nnUNet_raw/Dataset001_AUL/labelsTs/liver_0701.png,liver_0701,malignant,data/source/AUL/Malignant/image/263.jpg,image,True,768,1024,34298,32719,32719,32520,34497,32520,34497,0.9705000223823806,0.9426906687538047,0.9426906687538047,True,True,True,True,True,,overlapping_detected
predictions_milestones_625images_seed42_epoch150,42,150,epoch150,PlainConvUNet,predictions/preliminary_milestones_test/seed42/predictions_milestones_625images_seed42_epoch150/liver_0702.png,nnUNet_raw/Dataset001_AUL/labelsTs/liver_0702.png,liver_0702,malignant,data/source/AUL/Malignant/image/288.jpg,image,True,576,720,1401,0,0,0,1401,0,1401,0.0,0.0,0.0,False,False,False,False,False,,unflagged
predictions_milestones_625images_seed42_epoch150,42,150,epoch150,PlainConvUNet,predictions/preliminary_milestones_test/seed42/predictions_milestones_625images_seed42_epoch150/liver_0703.png,nnUNet_raw/Dataset001_AUL/labelsTs/liver_0703.png,liver_0703,malignant,data/source/AUL/Malignant/image/304.jpg,image,True,768,1024,31066,30403,30403,28920,32549,28920,32549,0.9409621109827718,0.8885065593413009,0.8885065593413009,True,True,True,True,True,,overlapping_detected
predictions_milestones_625images_seed42_epoch150,42,150,epoch150,PlainConvUNet,predictions/preliminary_milestones_test/seed42/predictions_milestones_625images_seed42_epoch150/liver_0704.png,nnUNet_raw/Dataset001_AUL/labelsTs/liver_0704.png,liver_0704,malignant,data/source/AUL/Malignant/image/46.jpg,image,True,768,1024,24522,21158,21158,20540,25140,20540,25140,0.8992994746059545,0.817024661893397,0.817024661893397,True,True,True,True,True,,overlapping_detected
predictions_milestones_625images_seed42_epoch150,42,150,epoch150,PlainConvUNet,predictions/preliminary_milestones_test/seed42/predictions_milestones_625images_seed42_epoch150/liver_0705.png,nnUNet_raw/Dataset001_AUL/labelsTs/liver_0705.png,liver_0705,malignant,data/source/AUL/Malignant/image/195.jpg,image,True,768,1024,65348,63996,63996,60865,68479,60865,68479,0.9411337209302325,0.8888126286890872,0.8888126286890872,True,True,True,True,True,,overlapping_detected
predictions_milestones_625images_seed42_epoch150,42,150,epoch150,PlainConvUNet,predictions/preliminary_milestones_test/seed42/predictions_milestones_625images_seed42_epoch150/liver_0706.png,nnUNet_raw/Dataset001_AUL/labelsTs/liver_0706.png,liver_0706,malignant,data/source/AUL/Malignant/image/111.jpg,image,True,768,1024,54931,47799,47799,46200,56530,46200,56530,0.8994451474739609,0.8172651689368476,0.8172651689368476,True,True,True,True,True,,overlapping_detected
predictions_milestones_625images_seed42_epoch150,42,150,epoch150,PlainConvUNet,predictions/preliminary_milestones_test/seed42/predictions_milestones_625images_seed42_epoch150/liver_0707.png,nnUNet_raw/Dataset001_AUL/labelsTs/liver_0707.png,liver_0707,malignant,data/source/AUL/Malignant/image/363.jpg,image,True,768,1024,14074,42781,42781,14016,42839,14016,42839,0.493043707677425,0.32717850556735684,0.6420228115981861,True,True,True,False,True,,overlapping_detected
predictions_milestones_625images_seed42_epoch150,42,150,epoch150,PlainConvUNet,predictions/preliminary_milestones_test/seed42/predictions_milestones_625images_seed42_epoch150/liver_0708.png,nnUNet_raw/Dataset001_AUL/labelsTs/liver_0708.png,liver_0708,malignant,data/source/AUL/Malignant/image/381.jpg,image,True,768,1024,11532,9275,9275,8511,12296,8511,12296,0.8180900658432259,0.6921763175016266,0.6921763175016266,True,True,True,True,True,,overlapping_detected
predictions_milestones_625images_seed42_epoch150,42,150,epoch150,PlainConvUNet,predictions/preliminary_milestones_test/seed42/predictions_milestones_625images_seed42_epoch150/liver_0709.png,nnUNet_raw/Dataset001_AUL/labelsTs/liver_0709.png,liver_0709,malignant,data/source/AUL/Malignant/image/249.jpg,image,True,768,1024,34415,30735,30735,30023,35127,30023,35127,0.921657712970069,0.8546986648447064,0.8546986648447064,True,True,True,True,True,,overlapping_detected
predictions_milestones_625images_seed42_epoch150,42,150,epoch150,PlainConvUNet,predictions/preliminary_milestones_test/seed42/predictions_milestones_625images_seed42_epoch150/liver_0710.png,nnUNet_raw/Dataset001_AUL/labelsTs/liver_0710.png,liver_0710,malignant,data/source/AUL/Malignant/image/21.jpg,image,True,768,1024,125958,110298,110298,108952,127304,108952,127304,0.9223215495056211,0.8558411361779678,0.8558411361779678,True,True,True,True,True,,overlapping_detected
predictions_milestones_625images_seed42_epoch150,42,150,epoch150,PlainConvUNet,predictions/preliminary_milestones_test/seed42/predictions_milestones_625images_seed42_epoch150/liver_0711.png,nnUNet_raw/Dataset001_AUL/labelsTs/liver_0711.png,liver_0711,malignant,data/source/AUL/Malignant/image/293.jpg,image,True,768,1024,14729,12209,12209,8059,18879,8059,18879,0.5983369218204766,0.4268764235393824,0.4268764235393824,True,True,True,False,True,,overlapping_detected
predictions_milestones_625images_seed42_epoch150,42,150,epoch150,PlainConvUNet,predictions/preliminary_milestones_test/seed42/predictions_milestones_625images_seed42_epoch150/liver_0712.png,nnUNet_raw/Dataset001_AUL/labelsTs/liver_0712.png,liver_0712,malignant,data/source/AUL/Malignant/image/217.jpg,image,True,768,1024,35213,52041,52041,34526,52728,34526,52728,0.7913906525775323,0.6547944166287362,0.6547944166287362,True,True,True,True,True,,overlapping_detected
predictions_milestones_625images_seed42_epoch150,42,150,epoch150,PlainConvUNet,predictions/preliminary_milestones_test/seed42/predictions_milestones_625images_seed42_epoch150/liver_0713.png,nnUNet_raw/Dataset001_AUL/labelsTs/liver_0713.png,liver_0713,malignant,data/source/AUL/Malignant/image/190.jpg,image,True,768,1024,49653,38790,38790,38068,50375,38068,50375,0.8608482299334035,0.7556923076923077,0.7556923076923077,True,True,True,True,True,,overlapping_detected
predictions_milestones_625images_seed42_epoch150,42,150,epoch150,PlainConvUNet,predictions/preliminary_milestones_test/seed42/predictions_milestones_625images_seed42_epoch150/liver_0714.png,nnUNet_raw/Dataset001_AUL/labelsTs/liver_0714.png,liver_0714,malignant,data/source/AUL/Malignant/image/139.jpg,image,True,768,1024,27544,29286,29286,23582,33248,23582,33248,0.8299137779341896,0.7092757459095284,0.7092757459095284,True,True,True,True,True,,overlapping_detected
predictions_milestones_625images_seed42_epoch150,42,150,epoch150,PlainConvUNet,predictions/preliminary_milestones_test/seed42/predictions_milestones_625images_seed42_epoch150/liver_0715.png,nnUNet_raw/Dataset001_AUL/labelsTs/liver_0715.png,liver_0715,malignant,data/source/AUL/Malignant/image/218.jpg,image,True,768,1024,14449,46324,46324,14331,46442,14331,46442,0.4716239119345762,0.30857844192756556,0.30857844192756556,True,True,True,False,False,,overlapping_detected
predictions_milestones_625images_seed42_epoch150,42,150,epoch150,PlainConvUNet,predictions/preliminary_milestones_test/seed42/predictions_milestones_625images_seed42_epoch150/liver_0716.png,nnUNet_raw/Dataset001_AUL/labelsTs/liver_0716.png,liver_0716,malignant,data/source/AUL/Malignant/image/260.jpg,image,True,407,550,3962,137,137,137,3962,137,3962,0.06684557209075384,0.03457849570923776,0.03457849570923776,True,True,False,False,False,,overlapping_detected
predictions_milestones_625images_seed42_epoch150,42,150,epoch150,PlainConvUNet,predictions/preliminary_milestones_test/seed42/predictions_milestones_625images_seed42_epoch150/liver_0717.png,nnUNet_raw/Dataset001_AUL/labelsTs/liver_0717.png,liver_0717,malignant,data/source/AUL/Malignant/image/112.jpg,image,True,768,1024,101456,37019,37019,36624,101851,36624,101851,0.5289619064813144,0.3595840983397316,0.3595840983397316,True,True,True,False,True,,overlapping_detected
predictions_milestones_625images_seed42_epoch150,42,150,epoch150,PlainConvUNet,predictions/preliminary_milestones_test/seed42/predictions_milestones_625images_seed42_epoch150/liver_0718.png,nnUNet_raw/Dataset001_AUL/labelsTs/liver_0718.png,liver_0718,malignant,data/source/AUL/Malignant/image/186.jpg,image,True,576,768,16287,11660,11660,10962,16985,10962,16985,0.7844849178802734,0.6453929938180748,0.6453929938180748,True,True,True,True,True,,overlapping_detected
predictions_milestones_625images_seed42_epoch150,42,150,epoch150,PlainConvUNet,predictions/preliminary_milestones_test/seed42/predictions_milestones_625images_seed42_epoch150/liver_0719.png,nnUNet_raw/Dataset001_AUL/labelsTs/liver_0719.png,liver_0719,malignant,data/source/AUL/Malignant/image/299.jpg,image,True,768,1024,60028,37266,37266,34019,63275,34019,63275,0.699303143050959,0.5376372975108653,0.5338784677189764,True,True,True,True,True,,overlapping_detected
predictions_milestones_625images_seed42_epoch150,42,150,epoch150,PlainConvUNet,predictions/preliminary_milestones_test/seed42/predictions_milestones_625images_seed42_epoch150/liver_0720.png,nnUNet_raw/Dataset001_AUL/labelsTs/liver_0720.png,liver_0720,malignant,data/source/AUL/Malignant/image/248.jpg,image,True,768,1024,62655,91582,91582,60906,93331,60906,93331,0.789771585287577,0.6525806002292914,0.6525806002292914,True,True,True,True,True,,overlapping_detected
predictions_milestones_625images_seed42_epoch150,42,150,epoch150,PlainConvUNet,predictions/preliminary_milestones_test/seed42/predictions_milestones_625images_seed42_epoch150/liver_0721.png,nnUNet_raw/Dataset001_AUL/labelsTs/liver_0721.png,liver_0721,normal,data/source/AUL/Normal/image/74.jpg,image,False,480,640,0,0,0,0,0,0,0,,,,False,,,,,False,normal_true_negative
predictions_milestones_625images_seed42_epoch150,42,150,epoch150,PlainConvUNet,predictions/preliminary_milestones_test/seed42/predictions_milestones_625images_seed42_epoch150/liver_0722.png,nnUNet_raw/Dataset001_AUL/labelsTs/liver_0722.png,liver_0722,normal,data/source/AUL/Normal/image/44.jpg,image,False,576,720,0,0,0,0,0,0,0,,,,False,,,,,False,normal_true_negative
predictions_milestones_625images_seed42_epoch150,42,150,epoch150,PlainConvUNet,predictions/preliminary_milestones_test/seed42/predictions_milestones_625images_seed42_epoch150/liver_0723.png,nnUNet_raw/Dataset001_AUL/labelsTs/liver_0723.png,liver_0723,normal,data/source/AUL/Normal/image/81.jpg,image,False,576,768,0,0,0,0,0,0,0,,,,False,,,,,False,normal_true_negative
predictions_milestones_625images_seed42_epoch150,42,150,epoch150,PlainConvUNet,predictions/preliminary_milestones_test/seed42/predictions_milestones_625images_seed42_epoch150/liver_0724.png,nnUNet_raw/Dataset001_AUL/labelsTs/liver_0724.png,liver_0724,normal,data/source/AUL/Normal/image/25.jpg,image,False,576,720,0,287,287,0,287,0,287,,,,True,,,,,True,normal_false_positive
predictions_milestones_625images_seed42_epoch150,42,150,epoch150,PlainConvUNet,predictions/preliminary_milestones_test/seed42/predictions_milestones_625images_seed42_epoch150/liver_0725.png,nnUNet_raw/Dataset001_AUL/labelsTs/liver_0725.png,liver_0725,normal,data/source/AUL/Normal/image/50.jpg,image,False,576,720,0,0,0,0,0,0,0,,,,False,,,,,False,normal_true_negative
predictions_milestones_625images_seed42_epoch150,42,150,epoch150,PlainConvUNet,predictions/preliminary_milestones_test/seed42/predictions_milestones_625images_seed42_epoch150/liver_0726.png,nnUNet_raw/Dataset001_AUL/labelsTs/liver_0726.png,liver_0726,normal,data/source/AUL/Normal/image/3.jpg,image,False,576,720,0,0,0,0,0,0,0,,,,False,,,,,False,normal_true_negative
predictions_milestones_625images_seed42_epoch150,42,150,epoch150,PlainConvUNet,predictions/preliminary_milestones_test/seed42/predictions_milestones_625images_seed42_epoch150/liver_0727.png,nnUNet_raw/Dataset001_AUL/labelsTs/liver_0727.png,liver_0727,normal,data/source/AUL/Normal/image/84.jpg,image,False,576,720,0,0,0,0,0,0,0,,,,False,,,,,False,normal_true_negative
predictions_milestones_625images_seed42_epoch150,42,150,epoch150,PlainConvUNet,predictions/preliminary_milestones_test/seed42/predictions_milestones_625images_seed42_epoch150/liver_0728.png,nnUNet_raw/Dataset001_AUL/labelsTs/liver_0728.png,liver_0728,normal,data/source/AUL/Normal/image/18.jpg,image,False,576,720,0,0,0,0,0,0,0,,,,False,,,,,False,normal_true_negative
predictions_milestones_625images_seed42_epoch150,42,150,epoch150,PlainConvUNet,predictions/preliminary_milestones_test/seed42/predictions_milestones_625images_seed42_epoch150/liver_0729.png,nnUNet_raw/Dataset001_AUL/labelsTs/liver_0729.png,liver_0729,normal,data/source/AUL/Normal/image/90.jpg,image,False,576,720,0,0,0,0,0,0,0,,,,False,,,,,False,normal_true_negative
predictions_milestones_625images_seed42_epoch150,42,150,epoch150,PlainConvUNet,predictions/preliminary_milestones_test/seed42/predictions_milestones_625images_seed42_epoch150/liver_0730.png,nnUNet_raw/Dataset001_AUL/labelsTs/liver_0730.png,liver_0730,normal,data/source/AUL/Normal/image/17.jpg,image,False,480,640,0,0,0,0,0,0,0,,,,False,,,,,False,normal_true_negative
predictions_milestones_625images_seed42_epoch150,42,150,epoch150,PlainConvUNet,predictions/preliminary_milestones_test/seed42/predictions_milestones_625images_seed42_epoch150/liver_0731.png,nnUNet_raw/Dataset001_AUL/labelsTs/liver_0731.png,liver_0731,normal,data/source/AUL/Normal/image/89.jpg,image,False,576,768,0,0,0,0,0,0,0,,,,False,,,,,False,normal_true_negative
predictions_milestones_625images_seed42_epoch150,42,150,epoch150,PlainConvUNet,predictions/preliminary_milestones_test/seed42/predictions_milestones_625images_seed42_epoch150/liver_0732.png,nnUNet_raw/Dataset001_AUL/labelsTs/liver_0732.png,liver_0732,normal,data/source/AUL/Normal/image/83.jpg,image,False,480,640,0,0,0,0,0,0,0,,,,False,,,,,False,normal_true_negative
predictions_milestones_625images_seed42_epoch150,42,150,epoch150,PlainConvUNet,predictions/preliminary_milestones_test/seed42/predictions_milestones_625images_seed42_epoch150/liver_0733.png,nnUNet_raw/Dataset001_AUL/labelsTs/liver_0733.png,liver_0733,normal,data/source/AUL/Normal/image/2.jpg,image,False,576,768,0,3380,3380,0,3380,0,3380,,,,True,,,,,True,normal_false_positive
predictions_milestones_625images_seed42_epoch150,42,150,epoch150,PlainConvUNet,predictions/preliminary_milestones_test/seed42/predictions_milestones_625images_seed42_epoch150/liver_0734.png,nnUNet_raw/Dataset001_AUL/labelsTs/liver_0734.png,liver_0734,normal,data/source/AUL/Normal/image/39.jpg,image,False,576,720,0,0,0,0,0,0,0,,,,False,,,,,False,normal_true_negative
predictions_milestones_625images_seed42_epoch150,42,150,epoch150,PlainConvUNet,predictions/preliminary_milestones_test/seed42/predictions_milestones_625images_seed42_epoch150/liver_0735.png,nnUNet_raw/Dataset001_AUL/labelsTs/liver_0735.png,liver_0735,normal,data/source/AUL/Normal/image/7.jpg,image,False,576,720,0,0,0,0,0,0,0,,,,False,,,,,False,normal_true_negative
predictions_milestones_625images_seed42_epoch300,42,300,epoch300,PlainConvUNet,predictions/preliminary_milestones_test/seed42/predictions_milestones_625images_seed42_epoch300/liver_0626.png,nnUNet_raw/Dataset001_AUL/labelsTs/liver_0626.png,liver_0626,benign,data/source/AUL/Benign/image/159.jpg,image,True,576,720,1748,0,0,0,1748,0,1748,0.0,0.0,0.0,False,False,False,False,False,,unflagged
predictions_milestones_625images_seed42_epoch300,42,300,epoch300,PlainConvUNet,predictions/preliminary_milestones_test/seed42/predictions_milestones_625images_seed42_epoch300/liver_0627.png,nnUNet_raw/Dataset001_AUL/labelsTs/liver_0627.png,liver_0627,benign,data/source/AUL/Benign/image/88.jpg,image,True,768,1024,49605,17081,17080,17078,49608,17078,49607,0.5121914644753022,0.3442589904854056,0.2776624266736549,True,True,True,False,True,,overlapping_detected
predictions_milestones_625images_seed42_epoch300,42,300,epoch300,PlainConvUNet,predictions/preliminary_milestones_test/seed42/predictions_milestones_625images_seed42_epoch300/liver_0628.png,nnUNet_raw/Dataset001_AUL/labelsTs/liver_0628.png,liver_0628,benign,data/source/AUL/Benign/image/190.jpg,image,True,576,720,7141,0,0,0,7141,0,7141,0.0,0.0,0.0,False,False,False,False,False,,unflagged
predictions_milestones_625images_seed42_epoch300,42,300,epoch300,PlainConvUNet,predictions/preliminary_milestones_test/seed42/predictions_milestones_625images_seed42_epoch300/liver_0629.png,nnUNet_raw/Dataset001_AUL/labelsTs/liver_0629.png,liver_0629,benign,data/source/AUL/Benign/image/93.jpg,image,True,576,720,45215,35400,35400,35104,45511,35104,45511,0.8709049184394964,0.7713300081299027,0.7713300081299027,True,True,True,True,True,,overlapping_detected
predictions_milestones_625images_seed42_epoch300,42,300,epoch300,PlainConvUNet,predictions/preliminary_milestones_test/seed42/predictions_milestones_625images_seed42_epoch300/liver_0630.png,nnUNet_raw/Dataset001_AUL/labelsTs/liver_0630.png,liver_0630,benign,data/source/AUL/Benign/image/2.jpg,image,True,576,720,1657,1827,1827,1619,1865,1619,1865,0.9293915040183697,0.8680965147453084,0.8680965147453084,True,True,True,True,True,,overlapping_detected
predictions_milestones_625images_seed42_epoch300,42,300,epoch300,PlainConvUNet,predictions/preliminary_milestones_test/seed42/predictions_milestones_625images_seed42_epoch300/liver_0631.png,nnUNet_raw/Dataset001_AUL/labelsTs/liver_0631.png,liver_0631,benign,data/source/AUL/Benign/image/28.jpg,image,True,576,720,2175,1198,1198,826,2547,826,2547,0.4897717165727839,0.3243031016882607,0.3243031016882607,True,True,True,False,True,,overlapping_detected
predictions_milestones_625images_seed42_epoch300,42,300,epoch300,PlainConvUNet,predictions/preliminary_milestones_test/seed42/predictions_milestones_625images_seed42_epoch300/liver_0632.png,nnUNet_raw/Dataset001_AUL/labelsTs/liver_0632.png,liver_0632,benign,data/source/AUL/Benign/image/110.jpg,image,True,576,720,3443,8176,8176,3442,8177,3442,8177,0.5924778380239263,0.42093677387795037,0.42093677387795037,True,True,True,False,True,,overlapping_detected
predictions_milestones_625images_seed42_epoch300,42,300,epoch300,PlainConvUNet,predictions/preliminary_milestones_test/seed42/predictions_milestones_625images_seed42_epoch300/liver_0633.png,nnUNet_raw/Dataset001_AUL/labelsTs/liver_0633.png,liver_0633,benign,data/source/AUL/Benign/image/100.jpg,image,True,576,720,1230,0,0,0,1230,0,1230,0.0,0.0,0.0,False,False,False,False,False,,unflagged
predictions_milestones_625images_seed42_epoch300,42,300,epoch300,PlainConvUNet,predictions/preliminary_milestones_test/seed42/predictions_milestones_625images_seed42_epoch300/liver_0634.png,nnUNet_raw/Dataset001_AUL/labelsTs/liver_0634.png,liver_0634,benign,data/source/AUL/Benign/image/157.jpg,image,True,576,768,722,0,0,0,722,0,722,0.0,0.0,0.0,False,False,False,False,False,,unflagged
predictions_milestones_625images_seed42_epoch300,42,300,epoch300,PlainConvUNet,predictions/preliminary_milestones_test/seed42/predictions_milestones_625images_seed42_epoch300/liver_0635.png,nnUNet_raw/Dataset001_AUL/labelsTs/liver_0635.png,liver_0635,benign,data/source/AUL/Benign/image/139.jpg,image,True,576,720,633,72,0,72,633,0,633,0.20425531914893616,0.11374407582938388,0.0,False,False,False,False,False,,unflagged
predictions_milestones_625images_seed42_epoch300,42,300,epoch300,PlainConvUNet,predictions/preliminary_milestones_test/seed42/predictions_milestones_625images_seed42_epoch300/liver_0636.png,nnUNet_raw/Dataset001_AUL/labelsTs/liver_0636.png,liver_0636,benign,data/source/AUL/Benign/image/41.jpg,image,True,576,720,692,333,333,330,695,330,695,0.6439024390243903,0.4748201438848921,0.4748201438848921,True,True,True,False,True,,overlapping_detected
predictions_milestones_625images_seed42_epoch300,42,300,epoch300,PlainConvUNet,predictions/preliminary_milestones_test/seed42/predictions_milestones_625images_seed42_epoch300/liver_0637.png,nnUNet_raw/Dataset001_AUL/labelsTs/liver_0637.png,liver_0637,benign,data/source/AUL/Benign/image/72.jpg,image,True,576,720,581,1069,1069,581,1069,581,1069,0.7042424242424242,0.5434985968194574,0.5434985968194574,True,True,True,True,True,,overlapping_detected
predictions_milestones_625images_seed42_epoch300,42,300,epoch300,PlainConvUNet,predictions/preliminary_milestones_test/seed42/predictions_milestones_625images_seed42_epoch300/liver_0638.png,nnUNet_raw/Dataset001_AUL/labelsTs/liver_0638.png,liver_0638,benign,data/source/AUL/Benign/image/34.jpg,image,True,576,720,19367,20130,20130,18801,20696,18801,20696,0.952021672532091,0.9084364128333977,0.9084364128333977,True,True,True,True,True,,overlapping_detected
predictions_milestones_625images_seed42_epoch300,42,300,epoch300,PlainConvUNet,predictions/preliminary_milestones_test/seed42/predictions_milestones_625images_seed42_epoch300/liver_0639.png,nnUNet_raw/Dataset001_AUL/labelsTs/liver_0639.png,liver_0639,benign,data/source/AUL/Benign/image/168.jpg,image,True,576,720,4723,0,0,0,4723,0,4723,0.0,0.0,0.0,False,False,False,False,False,,unflagged
predictions_milestones_625images_seed42_epoch300,42,300,epoch300,PlainConvUNet,predictions/preliminary_milestones_test/seed42/predictions_milestones_625images_seed42_epoch300/liver_0640.png,nnUNet_raw/Dataset001_AUL/labelsTs/liver_0640.png,liver_0640,benign,data/source/AUL/Benign/image/61.jpg,image,True,768,1024,81560,61618,61618,59075,84103,59075,84103,0.8251966084174943,0.7024125179839007,0.7024125179839007,True,True,True,True,True,,overlapping_detected
predictions_milestones_625images_seed42_epoch300,42,300,epoch300,PlainConvUNet,predictions/preliminary_milestones_test/seed42/predictions_milestones_625images_seed42_epoch300/liver_0641.png,nnUNet_raw/Dataset001_AUL/labelsTs/liver_0641.png,liver_0641,benign,data/source/AUL/Benign/image/7.jpg,image,True,910,1260,27246,25668,25668,25088,27826,25088,27826,0.9482556601277544,0.9016028175088047,0.9016028175088047,True,True,True,True,True,,overlapping_detected
predictions_milestones_625images_seed42_epoch300,42,300,epoch300,PlainConvUNet,predictions/preliminary_milestones_test/seed42/predictions_milestones_625images_seed42_epoch300/liver_0642.png,nnUNet_raw/Dataset001_AUL/labelsTs/liver_0642.png,liver_0642,benign,data/source/AUL/Benign/image/14.jpg,image,True,768,1024,12225,20167,20167,12208,20184,12208,20184,0.7537663620647074,0.6048355132778438,0.6048355132778438,True,True,True,True,True,,overlapping_detected
predictions_milestones_625images_seed42_epoch300,42,300,epoch300,PlainConvUNet,predictions/preliminary_milestones_test/seed42/predictions_milestones_625images_seed42_epoch300/liver_0643.png,nnUNet_raw/Dataset001_AUL/labelsTs/liver_0643.png,liver_0643,benign,data/source/AUL/Benign/image/36.jpg,image,True,576,720,2022,0,0,0,2022,0,2022,0.0,0.0,0.0,False,False,False,False,False,,unflagged
predictions_milestones_625images_seed42_epoch300,42,300,epoch300,PlainConvUNet,predictions/preliminary_milestones_test/seed42/predictions_milestones_625images_seed42_epoch300/liver_0644.png,nnUNet_raw/Dataset001_AUL/labelsTs/liver_0644.png,liver_0644,benign,data/source/AUL/Benign/image/126.jpg,image,True,600,800,11845,4396,4396,637,15604,637,15604,0.07844344560064036,0.040822865931812356,0.05377796538623892,True,True,False,False,True,,overlapping_detected
predictions_milestones_625images_seed42_epoch300,42,300,epoch300,PlainConvUNet,predictions/preliminary_milestones_test/seed42/predictions_milestones_625images_seed42_epoch300/liver_0645.png,nnUNet_raw/Dataset001_AUL/labelsTs/liver_0645.png,liver_0645,benign,data/source/AUL/Benign/image/101.jpg,image,True,576,720,1205,0,0,0,1205,0,1205,0.0,0.0,0.0,False,False,False,False,False,,unflagged
predictions_milestones_625images_seed42_epoch300,42,300,epoch300,PlainConvUNet,predictions/preliminary_milestones_test/seed42/predictions_milestones_625images_seed42_epoch300/liver_0646.png,nnUNet_raw/Dataset001_AUL/labelsTs/liver_0646.png,liver_0646,benign,data/source/AUL/Benign/image/62.jpg,image,True,576,720,847,606,606,0,1453,0,1453,0.0,0.0,0.0,True,False,False,False,False,,flagged_without_detection
predictions_milestones_625images_seed42_epoch300,42,300,epoch300,PlainConvUNet,predictions/preliminary_milestones_test/seed42/predictions_milestones_625images_seed42_epoch300/liver_0647.png,nnUNet_raw/Dataset001_AUL/labelsTs/liver_0647.png,liver_0647,benign,data/source/AUL/Benign/image/112.jpg,image,True,576,720,1708,666,666,666,1708,666,1708,0.561078348778433,0.38992974238875877,0.38992974238875877,True,True,True,False,True,,overlapping_detected
predictions_milestones_625images_seed42_epoch300,42,300,epoch300,PlainConvUNet,predictions/preliminary_milestones_test/seed42/predictions_milestones_625images_seed42_epoch300/liver_0648.png,nnUNet_raw/Dataset001_AUL/labelsTs/liver_0648.png,liver_0648,benign,data/source/AUL/Benign/image/137.jpg,image,True,576,720,2494,354,354,0,2848,0,2848,0.0,0.0,0.0,True,False,False,False,False,,flagged_without_detection
predictions_milestones_625images_seed42_epoch300,42,300,epoch300,PlainConvUNet,predictions/preliminary_milestones_test/seed42/predictions_milestones_625images_seed42_epoch300/liver_0649.png,nnUNet_raw/Dataset001_AUL/labelsTs/liver_0649.png,liver_0649,benign,data/source/AUL/Benign/image/32.jpg,image,True,576,720,10842,0,0,0,10842,0,10842,0.0,0.0,0.0,False,False,False,False,False,,unflagged
predictions_milestones_625images_seed42_epoch300,42,300,epoch300,PlainConvUNet,predictions/preliminary_milestones_test/seed42/predictions_milestones_625images_seed42_epoch300/liver_0650.png,nnUNet_raw/Dataset001_AUL/labelsTs/liver_0650.png,liver_0650,benign,data/source/AUL/Benign/image/87.jpg,image,True,576,720,6010,1430,1331,498,6942,452,6889,0.1338709677419355,0.07173725151253241,0.07520798668885191,True,True,False,False,True,,overlapping_detected
predictions_milestones_625images_seed42_epoch300,42,300,epoch300,PlainConvUNet,predictions/preliminary_milestones_test/seed42/predictions_milestones_625images_seed42_epoch300/liver_0651.png,nnUNet_raw/Dataset001_AUL/labelsTs/liver_0651.png,liver_0651,benign,data/source/AUL/Benign/image/65.jpg,image,True,576,720,6513,9640,9640,6472,9681,6472,9681,0.8013372129016282,0.6685259787212064,0.6685259787212064,True,True,True,True,True,,overlapping_detected
predictions_milestones_625images_seed42_epoch300,42,300,epoch300,PlainConvUNet,predictions/preliminary_milestones_test/seed42/predictions_milestones_625images_seed42_epoch300/liver_0652.png,nnUNet_raw/Dataset001_AUL/labelsTs/liver_0652.png,liver_0652,benign,data/source/AUL/Benign/image/141.jpg,image,True,576,720,1533,1707,1707,0,3240,0,3240,0.0,0.0,0.0,True,False,False,False,False,,flagged_without_detection
predictions_milestones_625images_seed42_epoch300,42,300,epoch300,PlainConvUNet,predictions/preliminary_milestones_test/seed42/predictions_milestones_625images_seed42_epoch300/liver_0653.png,nnUNet_raw/Dataset001_AUL/labelsTs/liver_0653.png,liver_0653,benign,data/source/AUL/Benign/image/199.jpg,image,True,576,720,2792,14883,14883,0,17675,0,17675,0.0,0.0,0.0,True,False,False,False,False,,flagged_without_detection
predictions_milestones_625images_seed42_epoch300,42,300,epoch300,PlainConvUNet,predictions/preliminary_milestones_test/seed42/predictions_milestones_625images_seed42_epoch300/liver_0654.png,nnUNet_raw/Dataset001_AUL/labelsTs/liver_0654.png,liver_0654,benign,data/source/AUL/Benign/image/103.jpg,image,True,576,768,398,0,0,0,398,0,398,0.0,0.0,0.0,False,False,False,False,False,,unflagged
predictions_milestones_625images_seed42_epoch300,42,300,epoch300,PlainConvUNet,predictions/preliminary_milestones_test/seed42/predictions_milestones_625images_seed42_epoch300/liver_0655.png,nnUNet_raw/Dataset001_AUL/labelsTs/liver_0655.png,liver_0655,benign,data/source/AUL/Benign/image/94.jpg,image,True,600,800,11368,3282,3282,3282,11368,3282,11368,0.44805460750853243,0.28870513722730473,0.28870513722730473,True,True,True,False,True,,overlapping_detected
predictions_milestones_625images_seed42_epoch300,42,300,epoch300,PlainConvUNet,predictions/preliminary_milestones_test/seed42/predictions_milestones_625images_seed42_epoch300/liver_0656.png,nnUNet_raw/Dataset001_AUL/labelsTs/liver_0656.png,liver_0656,malignant,data/source/AUL/Malignant/image/45.jpg,image,True,576,720,4392,3849,3849,3835,4406,3835,4406,0.9307122921975488,0.8704039945528824,0.8704039945528824,True,True,True,True,True,,overlapping_detected
predictions_milestones_625images_seed42_epoch300,42,300,epoch300,PlainConvUNet,predictions/preliminary_milestones_test/seed42/predictions_milestones_625images_seed42_epoch300/liver_0657.png,nnUNet_raw/Dataset001_AUL/labelsTs/liver_0657.png,liver_0657,malignant,data/source/AUL/Malignant/image/412.jpg,image,True,768,1024,20650,22381,22381,19244,23787,19244,23787,0.894424949455044,0.8090133266069702,0.8090133266069702,True,True,True,True,True,,overlapping_detected
predictions_milestones_625images_seed42_epoch300,42,300,epoch300,PlainConvUNet,predictions/preliminary_milestones_test/seed42/predictions_milestones_625images_seed42_epoch300/liver_0658.png,nnUNet_raw/Dataset001_AUL/labelsTs/liver_0658.png,liver_0658,malignant,data/source/AUL/Malignant/image/25.jpg,image,True,600,800,31883,26290,26194,25680,32493,25584,32493,0.882883812077768,0.7903240697996492,0.7873695872957253,True,True,True,True,True,,overlapping_detected
predictions_milestones_625images_seed42_epoch300,42,300,epoch300,PlainConvUNet,predictions/preliminary_milestones_test/seed42/predictions_milestones_625images_seed42_epoch300/liver_0659.png,nnUNet_raw/Dataset001_AUL/labelsTs/liver_0659.png,liver_0659,malignant,data/source/AUL/Malignant/image/313.jpg,image,True,576,720,9106,7443,7443,6578,9971,6578,9971,0.7949725058915946,0.6597131681877445,0.6597131681877445,True,True,True,True,True,,overlapping_detected
predictions_milestones_625images_seed42_epoch300,42,300,epoch300,PlainConvUNet,predictions/preliminary_milestones_test/seed42/predictions_milestones_625images_seed42_epoch300/liver_0660.png,nnUNet_raw/Dataset001_AUL/labelsTs/liver_0660.png,liver_0660,malignant,data/source/AUL/Malignant/image/236.jpg,image,True,768,1024,9890,8487,8487,8393,9984,8393,9984,0.9134243891821299,0.840645032051282,0.840645032051282,True,True,True,True,True,,overlapping_detected
predictions_milestones_625images_seed42_epoch300,42,300,epoch300,PlainConvUNet,predictions/preliminary_milestones_test/seed42/predictions_milestones_625images_seed42_epoch300/liver_0661.png,nnUNet_raw/Dataset001_AUL/labelsTs/liver_0661.png,liver_0661,malignant,data/source/AUL/Malignant/image/42.jpg,image,True,768,1024,66153,65000,65000,62898,68255,62898,68255,0.9591545751908077,0.9215149073327962,0.9215149073327962,True,True,True,True,True,,overlapping_detected
predictions_milestones_625images_seed42_epoch300,42,300,epoch300,PlainConvUNet,predictions/preliminary_milestones_test/seed42/predictions_milestones_625images_seed42_epoch300/liver_0662.png,nnUNet_raw/Dataset001_AUL/labelsTs/liver_0662.png,liver_0662,malignant,data/source/AUL/Malignant/image/310.jpg,image,True,768,1024,5978,4094,4094,4080,5992,4080,5992,0.8101667990468626,0.6809078771695594,0.6809078771695594,True,True,True,True,True,,overlapping_detected
predictions_milestones_625images_seed42_epoch300,42,300,epoch300,PlainConvUNet,predictions/preliminary_milestones_test/seed42/predictions_milestones_625images_seed42_epoch300/liver_0663.png,nnUNet_raw/Dataset001_AUL/labelsTs/liver_0663.png,liver_0663,malignant,data/source/AUL/Malignant/image/240.jpg,image,True,576,720,823,0,0,0,823,0,823,0.0,0.0,0.0,False,False,False,False,False,,unflagged
predictions_milestones_625images_seed42_epoch300,42,300,epoch300,PlainConvUNet,predictions/preliminary_milestones_test/seed42/predictions_milestones_625images_seed42_epoch300/liver_0664.png,nnUNet_raw/Dataset001_AUL/labelsTs/liver_0664.png,liver_0664,malignant,data/source/AUL/Malignant/image/221.jpg,image,True,768,1024,14943,33752,33752,14943,33752,14943,33752,0.61373857685594,0.4427293197440152,0.44615292747738333,True,True,True,False,True,,overlapping_detected
predictions_milestones_625images_seed42_epoch300,42,300,epoch300,PlainConvUNet,predictions/preliminary_milestones_test/seed42/predictions_milestones_625images_seed42_epoch300/liver_0665.png,nnUNet_raw/Dataset001_AUL/labelsTs/liver_0665.png,liver_0665,malignant,data/source/AUL/Malignant/image/433.jpg,image,True,768,1024,5406,32168,32168,5355,32219,5355,32219,0.2850375259487944,0.16620627579999378,0.16620627579999378,True,True,False,False,False,,overlapping_detected
predictions_milestones_625images_seed42_epoch300,42,300,epoch300,PlainConvUNet,predictions/preliminary_milestones_test/seed42/predictions_milestones_625images_seed42_epoch300/liver_0666.png,nnUNet_raw/Dataset001_AUL/labelsTs/liver_0666.png,liver_0666,malignant,data/source/AUL/Malignant/image/165.jpg,image,True,768,1024,48852,43966,43966,37955,54863,37955,54863,0.8178370574673016,0.6918141552594644,0.6918141552594644,True,True,True,True,True,,overlapping_detected
predictions_milestones_625images_seed42_epoch300,42,300,epoch300,PlainConvUNet,predictions/preliminary_milestones_test/seed42/predictions_milestones_625images_seed42_epoch300/liver_0667.png,nnUNet_raw/Dataset001_AUL/labelsTs/liver_0667.png,liver_0667,malignant,data/source/AUL/Malignant/image/11.jpg,image,True,768,1024,44625,42219,42219,41471,45373,41471,45373,0.9550688591036801,0.9140017190840367,0.9140017190840367,True,True,True,True,True,,overlapping_detected
predictions_milestones_625images_seed42_epoch300,42,300,epoch300,PlainConvUNet,predictions/preliminary_milestones_test/seed42/predictions_milestones_625images_seed42_epoch300/liver_0668.png,nnUNet_raw/Dataset001_AUL/labelsTs/liver_0668.png,liver_0668,malignant,data/source/AUL/Malignant/image/364.jpg,image,True,768,1024,173121,87897,87897,81993,179025,81993,179025,0.6282555226076363,0.45799748638458315,0.4567015779919006,True,True,True,False,True,,overlapping_detected
predictions_milestones_625images_seed42_epoch300,42,300,epoch300,PlainConvUNet,predictions/preliminary_milestones_test/seed42/predictions_milestones_625images_seed42_epoch300/liver_0669.png,nnUNet_raw/Dataset001_AUL/labelsTs/liver_0669.png,liver_0669,malignant,data/source/AUL/Malignant/image/66.jpg,image,True,768,1024,100152,93730,93730,91287,102595,91287,102595,0.94167586470121,0.8897802037136313,0.8897802037136313,True,True,True,True,True,,overlapping_detected
predictions_milestones_625images_seed42_epoch300,42,300,epoch300,PlainConvUNet,predictions/preliminary_milestones_test/seed42/predictions_milestones_625images_seed42_epoch300/liver_0670.png,nnUNet_raw/Dataset001_AUL/labelsTs/liver_0670.png,liver_0670,malignant,data/source/AUL/Malignant/image/391.jpg,image,True,768,1024,5783,5676,5676,5058,6401,5058,6401,0.8827995462082207,0.7901890329635994,0.7901890329635994,True,True,True,True,True,,overlapping_detected
predictions_milestones_625images_seed42_epoch300,42,300,epoch300,PlainConvUNet,predictions/preliminary_milestones_test/seed42/predictions_milestones_625images_seed42_epoch300/liver_0671.png,nnUNet_raw/Dataset001_AUL/labelsTs/liver_0671.png,liver_0671,malignant,data/source/AUL/Malignant/image/161.jpg,image,True,576,720,3441,2755,2755,2746,3450,2746,3450,0.8863783085861846,0.7959420289855073,0.7959420289855073,True,True,True,True,True,,overlapping_detected
predictions_milestones_625images_seed42_epoch300,42,300,epoch300,PlainConvUNet,predictions/preliminary_milestones_test/seed42/predictions_milestones_625images_seed42_epoch300/liver_0672.png,nnUNet_raw/Dataset001_AUL/labelsTs/liver_0672.png,liver_0672,malignant,data/source/AUL/Malignant/image/405.jpg,image,True,768,1024,5554,3460,3460,3458,5556,3458,5556,0.7672509429775904,0.6223902087832973,0.6223902087832973,True,True,True,True,True,,overlapping_detected
predictions_milestones_625images_seed42_epoch300,42,300,epoch300,PlainConvUNet,predictions/preliminary_milestones_test/seed42/predictions_milestones_625images_seed42_epoch300/liver_0673.png,nnUNet_raw/Dataset001_AUL/labelsTs/liver_0673.png,liver_0673,malignant,data/source/AUL/Malignant/image/168.jpg,image,True,768,1024,34845,18503,18503,16661,36687,16661,36687,0.6246157306740646,0.45413906833483253,0.45413906833483253,True,True,True,False,True,,overlapping_detected
predictions_milestones_625images_seed42_epoch300,42,300,epoch300,PlainConvUNet,predictions/preliminary_milestones_test/seed42/predictions_milestones_625images_seed42_epoch300/liver_0674.png,nnUNet_raw/Dataset001_AUL/labelsTs/liver_0674.png,liver_0674,malignant,data/source/AUL/Malignant/image/196.jpg,image,True,768,1024,24164,28849,28849,22507,30506,22507,30506,0.849112481844076,0.7377892873533075,0.7377892873533075,True,True,True,True,True,,overlapping_detected
predictions_milestones_625images_seed42_epoch300,42,300,epoch300,PlainConvUNet,predictions/preliminary_milestones_test/seed42/predictions_milestones_625images_seed42_epoch300/liver_0675.png,nnUNet_raw/Dataset001_AUL/labelsTs/liver_0675.png,liver_0675,malignant,data/source/AUL/Malignant/image/155.jpg,image,True,768,1024,37188,32219,32219,30851,38556,30851,38556,0.8889881424063856,0.8001608050627659,0.8001608050627659,True,True,True,True,True,,overlapping_detected
predictions_milestones_625images_seed42_epoch300,42,300,epoch300,PlainConvUNet,predictions/preliminary_milestones_test/seed42/predictions_milestones_625images_seed42_epoch300/liver_0676.png,nnUNet_raw/Dataset001_AUL/labelsTs/liver_0676.png,liver_0676,malignant,data/source/AUL/Malignant/image/374.jpg,image,True,576,768,44291,19809,19809,18239,45861,18239,45861,0.5690795631825273,0.3977017509430671,0.3977017509430671,True,True,True,False,True,,overlapping_detected
predictions_milestones_625images_seed42_epoch300,42,300,epoch300,PlainConvUNet,predictions/preliminary_milestones_test/seed42/predictions_milestones_625images_seed42_epoch300/liver_0677.png,nnUNet_raw/Dataset001_AUL/labelsTs/liver_0677.png,liver_0677,malignant,data/source/AUL/Malignant/image/201.jpg,image,True,600,800,24151,43344,43344,0,67495,0,67495,0.0,0.0,0.0,True,False,False,False,False,,flagged_without_detection
predictions_milestones_625images_seed42_epoch300,42,300,epoch300,PlainConvUNet,predictions/preliminary_milestones_test/seed42/predictions_milestones_625images_seed42_epoch300/liver_0678.png,nnUNet_raw/Dataset001_AUL/labelsTs/liver_0678.png,liver_0678,malignant,data/source/AUL/Malignant/image/225.jpg,image,True,768,1024,65957,57667,57667,28584,95040,28584,95040,0.46243447874199184,0.3007575757575758,0.3007575757575758,True,True,True,False,True,,overlapping_detected
predictions_milestones_625images_seed42_epoch300,42,300,epoch300,PlainConvUNet,predictions/preliminary_milestones_test/seed42/predictions_milestones_625images_seed42_epoch300/liver_0679.png,nnUNet_raw/Dataset001_AUL/labelsTs/liver_0679.png,liver_0679,malignant,data/source/AUL/Malignant/image/173.jpg,image,True,768,1024,69250,63277,63277,55923,76604,55923,76604,0.8439487802485531,0.7300271526291056,0.7300271526291056,True,True,True,True,True,,overlapping_detected
predictions_milestones_625images_seed42_epoch300,42,300,epoch300,PlainConvUNet,predictions/preliminary_milestones_test/seed42/predictions_milestones_625images_seed42_epoch300/liver_0680.png,nnUNet_raw/Dataset001_AUL/labelsTs/liver_0680.png,liver_0680,malignant,data/source/AUL/Malignant/image/214.jpg,image,True,576,720,7064,8373,8373,6687,8750,6687,8750,0.8663600440500098,0.7642285714285715,0.7642285714285715,True,True,True,True,True,,overlapping_detected
predictions_milestones_625images_seed42_epoch300,42,300,epoch300,PlainConvUNet,predictions/preliminary_milestones_test/seed42/predictions_milestones_625images_seed42_epoch300/liver_0681.png,nnUNet_raw/Dataset001_AUL/labelsTs/liver_0681.png,liver_0681,malignant,data/source/AUL/Malignant/image/172.jpg,image,True,768,1024,124729,100402,100402,99716,125415,99716,125415,0.885848683655294,0.7950883068213531,0.7950883068213531,True,True,True,True,True,,overlapping_detected
predictions_milestones_625images_seed42_epoch300,42,300,epoch300,PlainConvUNet,predictions/preliminary_milestones_test/seed42/predictions_milestones_625images_seed42_epoch300/liver_0682.png,nnUNet_raw/Dataset001_AUL/labelsTs/liver_0682.png,liver_0682,malignant,data/source/AUL/Malignant/image/380.jpg,image,True,576,768,3291,5513,5513,3054,5750,3054,5750,0.6937755565651976,0.5311304347826087,0.5311304347826087,True,True,True,True,True,,overlapping_detected
predictions_milestones_625images_seed42_epoch300,42,300,epoch300,PlainConvUNet,predictions/preliminary_milestones_test/seed42/predictions_milestones_625images_seed42_epoch300/liver_0683.png,nnUNet_raw/Dataset001_AUL/labelsTs/liver_0683.png,liver_0683,malignant,data/source/AUL/Malignant/image/22.jpg,image,True,600,800,30876,29636,29636,28122,32390,28122,32390,0.9294685351665786,0.8682309354739117,0.8682309354739117,True,True,True,True,True,,overlapping_detected
predictions_milestones_625images_seed42_epoch300,42,300,epoch300,PlainConvUNet,predictions/preliminary_milestones_test/seed42/predictions_milestones_625images_seed42_epoch300/liver_0684.png,nnUNet_raw/Dataset001_AUL/labelsTs/liver_0684.png,liver_0684,malignant,data/source/AUL/Malignant/image/138.jpg,image,True,576,720,2445,1032,1032,1032,2445,1032,2445,0.5936151855047455,0.42208588957055215,0.42208588957055215,True,True,True,False,True,,overlapping_detected
predictions_milestones_625images_seed42_epoch300,42,300,epoch300,PlainConvUNet,predictions/preliminary_milestones_test/seed42/predictions_milestones_625images_seed42_epoch300/liver_0685.png,nnUNet_raw/Dataset001_AUL/labelsTs/liver_0685.png,liver_0685,malignant,data/source/AUL/Malignant/image/19.jpg,image,True,768,1024,116682,122460,122460,115175,123967,115175,123967,0.9632352326232949,0.9290778997636467,0.9290778997636467,True,True,True,True,True,,overlapping_detected
predictions_milestones_625images_seed42_epoch300,42,300,epoch300,PlainConvUNet,predictions/preliminary_milestones_test/seed42/predictions_milestones_625images_seed42_epoch300/liver_0686.png,nnUNet_raw/Dataset001_AUL/labelsTs/liver_0686.png,liver_0686,malignant,data/source/AUL/Malignant/image/312.jpg,image,True,808,1038,23647,22120,22120,21695,24072,21695,24072,0.9480630148360172,0.9012545696244599,0.9012545696244599,True,True,True,True,True,,overlapping_detected
predictions_milestones_625images_seed42_epoch300,42,300,epoch300,PlainConvUNet,predictions/preliminary_milestones_test/seed42/predictions_milestones_625images_seed42_epoch300/liver_0687.png,nnUNet_raw/Dataset001_AUL/labelsTs/liver_0687.png,liver_0687,malignant,data/source/AUL/Malignant/image/29.jpg,image,True,768,1024,18558,18125,18125,17240,19443,17240,19443,0.9399449336204782,0.8866944401584118,0.8866944401584118,True,True,True,True,True,,overlapping_detected
predictions_milestones_625images_seed42_epoch300,42,300,epoch300,PlainConvUNet,predictions/preliminary_milestones_test/seed42/predictions_milestones_625images_seed42_epoch300/liver_0688.png,nnUNet_raw/Dataset001_AUL/labelsTs/liver_0688.png,liver_0688,malignant,data/source/AUL/Malignant/image/203.jpg,image,True,768,1024,30263,29225,29225,27073,32415,27073,32415,0.9102003765465304,0.8351997532006787,0.8351997532006787,True,True,True,True,True,,overlapping_detected
predictions_milestones_625images_seed42_epoch300,42,300,epoch300,PlainConvUNet,predictions/preliminary_milestones_test/seed42/predictions_milestones_625images_seed42_epoch300/liver_0689.png,nnUNet_raw/Dataset001_AUL/labelsTs/liver_0689.png,liver_0689,malignant,data/source/AUL/Malignant/image/192.jpg,image,True,768,1024,44050,33642,33642,31602,46090,31602,46090,0.8135200535447665,0.6856584942503797,0.6856584942503797,True,True,True,True,True,,overlapping_detected
predictions_milestones_625images_seed42_epoch300,42,300,epoch300,PlainConvUNet,predictions/preliminary_milestones_test/seed42/predictions_milestones_625images_seed42_epoch300/liver_0690.png,nnUNet_raw/Dataset001_AUL/labelsTs/liver_0690.png,liver_0690,malignant,data/source/AUL/Malignant/image/371.jpg,image,True,625,819,27624,19341,19341,19124,27841,19124,27841,0.8143936974342596,0.686900614202076,0.686900614202076,True,True,True,True,True,,overlapping_detected
predictions_milestones_625images_seed42_epoch300,42,300,epoch300,PlainConvUNet,predictions/preliminary_milestones_test/seed42/predictions_milestones_625images_seed42_epoch300/liver_0691.png,nnUNet_raw/Dataset001_AUL/labelsTs/liver_0691.png,liver_0691,malignant,data/source/AUL/Malignant/image/167.jpg,image,True,749,894,3606,4244,4244,3484,4366,3484,4366,0.8876433121019108,0.7979844251030692,0.7979844251030692,True,True,True,True,True,,overlapping_detected
predictions_milestones_625images_seed42_epoch300,42,300,epoch300,PlainConvUNet,predictions/preliminary_milestones_test/seed42/predictions_milestones_625images_seed42_epoch300/liver_0692.png,nnUNet_raw/Dataset001_AUL/labelsTs/liver_0692.png,liver_0692,malignant,data/source/AUL/Malignant/image/367.jpg,image,True,576,720,2716,550,550,550,2716,550,2716,0.3368034292712799,0.2025036818851252,0.2025036818851252,True,True,True,False,True,,overlapping_detected
predictions_milestones_625images_seed42_epoch300,42,300,epoch300,PlainConvUNet,predictions/preliminary_milestones_test/seed42/predictions_milestones_625images_seed42_epoch300/liver_0693.png,nnUNet_raw/Dataset001_AUL/labelsTs/liver_0693.png,liver_0693,malignant,data/source/AUL/Malignant/image/275.jpg,image,True,768,1024,40538,59978,59919,39189,61327,39189,61268,0.7797564566835131,0.6390170724150863,0.643064603468929,True,True,True,True,True,,overlapping_detected
predictions_milestones_625images_seed42_epoch300,42,300,epoch300,PlainConvUNet,predictions/preliminary_milestones_test/seed42/predictions_milestones_625images_seed42_epoch300/liver_0694.png,nnUNet_raw/Dataset001_AUL/labelsTs/liver_0694.png,liver_0694,malignant,data/source/AUL/Malignant/image/41.jpg,image,True,768,1024,32179,24929,24929,24445,32663,24445,32663,0.8560972193037752,0.7484003306493586,0.7484003306493586,True,True,True,True,True,,overlapping_detected
predictions_milestones_625images_seed42_epoch300,42,300,epoch300,PlainConvUNet,predictions/preliminary_milestones_test/seed42/predictions_milestones_625images_seed42_epoch300/liver_0695.png,nnUNet_raw/Dataset001_AUL/labelsTs/liver_0695.png,liver_0695,malignant,data/source/AUL/Malignant/image/383.jpg,image,True,768,1024,30926,24312,24312,24049,31189,24049,31189,0.8707411564502697,0.7710731347590497,0.7710731347590497,True,True,True,True,True,,overlapping_detected
predictions_milestones_625images_seed42_epoch300,42,300,epoch300,PlainConvUNet,predictions/preliminary_milestones_test/seed42/predictions_milestones_625images_seed42_epoch300/liver_0696.png,nnUNet_raw/Dataset001_AUL/labelsTs/liver_0696.png,liver_0696,malignant,data/source/AUL/Malignant/image/106.jpg,image,True,768,1024,15772,12935,12935,12450,16257,12450,16257,0.8673842616783363,0.7658239527588115,0.7658239527588115,True,True,True,True,True,,overlapping_detected
predictions_milestones_625images_seed42_epoch300,42,300,epoch300,PlainConvUNet,predictions/preliminary_milestones_test/seed42/predictions_milestones_625images_seed42_epoch300/liver_0697.png,nnUNet_raw/Dataset001_AUL/labelsTs/liver_0697.png,liver_0697,malignant,data/source/AUL/Malignant/image/140.jpg,image,True,910,1260,16722,17683,17683,15943,18462,15943,18462,0.9267838976892894,0.8635575777272235,0.8635575777272235,True,True,True,True,True,,overlapping_detected
predictions_milestones_625images_seed42_epoch300,42,300,epoch300,PlainConvUNet,predictions/preliminary_milestones_test/seed42/predictions_milestones_625images_seed42_epoch300/liver_0698.png,nnUNet_raw/Dataset001_AUL/labelsTs/liver_0698.png,liver_0698,malignant,data/source/AUL/Malignant/image/327.jpg,image,True,768,1024,25104,29967,29967,24799,30272,24799,30272,0.9006192006682283,0.819205866807611,0.819205866807611,True,True,True,True,True,,overlapping_detected
predictions_milestones_625images_seed42_epoch300,42,300,epoch300,PlainConvUNet,predictions/preliminary_milestones_test/seed42/predictions_milestones_625images_seed42_epoch300/liver_0699.png,nnUNet_raw/Dataset001_AUL/labelsTs/liver_0699.png,liver_0699,malignant,data/source/AUL/Malignant/image/77.jpg,image,True,768,1024,75785,69067,69067,68167,76685,68167,76685,0.9411951509126557,0.8889222142531134,0.8889222142531134,True,True,True,True,True,,overlapping_detected
predictions_milestones_625images_seed42_epoch300,42,300,epoch300,PlainConvUNet,predictions/preliminary_milestones_test/seed42/predictions_milestones_625images_seed42_epoch300/liver_0700.png,nnUNet_raw/Dataset001_AUL/labelsTs/liver_0700.png,liver_0700,malignant,data/source/AUL/Malignant/image/342.jpg,image,True,768,1024,194214,124966,124889,101476,217704,101399,217704,0.6358543768406542,0.46611913423731305,0.46424962334178516,True,True,True,False,True,,overlapping_detected
predictions_milestones_625images_seed42_epoch300,42,300,epoch300,PlainConvUNet,predictions/preliminary_milestones_test/seed42/predictions_milestones_625images_seed42_epoch300/liver_0701.png,nnUNet_raw/Dataset001_AUL/labelsTs/liver_0701.png,liver_0701,malignant,data/source/AUL/Malignant/image/263.jpg,image,True,768,1024,34298,34376,34376,32710,35964,32710,35964,0.9526167108367067,0.9095206317428539,0.9095206317428539,True,True,True,True,True,,overlapping_detected
predictions_milestones_625images_seed42_epoch300,42,300,epoch300,PlainConvUNet,predictions/preliminary_milestones_test/seed42/predictions_milestones_625images_seed42_epoch300/liver_0702.png,nnUNet_raw/Dataset001_AUL/labelsTs/liver_0702.png,liver_0702,malignant,data/source/AUL/Malignant/image/288.jpg,image,True,576,720,1401,664,664,664,1401,664,1401,0.6430992736077482,0.4739471805852962,0.4739471805852962,True,True,True,False,True,,overlapping_detected
predictions_milestones_625images_seed42_epoch300,42,300,epoch300,PlainConvUNet,predictions/preliminary_milestones_test/seed42/predictions_milestones_625images_seed42_epoch300/liver_0703.png,nnUNet_raw/Dataset001_AUL/labelsTs/liver_0703.png,liver_0703,malignant,data/source/AUL/Malignant/image/304.jpg,image,True,768,1024,31066,31560,31560,29839,32787,29839,32787,0.9529268993708683,0.9100863146978986,0.9100863146978986,True,True,True,True,True,,overlapping_detected
predictions_milestones_625images_seed42_epoch300,42,300,epoch300,PlainConvUNet,predictions/preliminary_milestones_test/seed42/predictions_milestones_625images_seed42_epoch300/liver_0704.png,nnUNet_raw/Dataset001_AUL/labelsTs/liver_0704.png,liver_0704,malignant,data/source/AUL/Malignant/image/46.jpg,image,True,768,1024,24522,21809,21809,21054,25277,21054,25277,0.9088515248969372,0.8329311231554377,0.8329311231554377,True,True,True,True,True,,overlapping_detected
predictions_milestones_625images_seed42_epoch300,42,300,epoch300,PlainConvUNet,predictions/preliminary_milestones_test/seed42/predictions_milestones_625images_seed42_epoch300/liver_0705.png,nnUNet_raw/Dataset001_AUL/labelsTs/liver_0705.png,liver_0705,malignant,data/source/AUL/Malignant/image/195.jpg,image,True,768,1024,65348,62632,62632,61270,66710,61270,66710,0.9574933583372401,0.9184530055463949,0.9184530055463949,True,True,True,True,True,,overlapping_detected
predictions_milestones_625images_seed42_epoch300,42,300,epoch300,PlainConvUNet,predictions/preliminary_milestones_test/seed42/predictions_milestones_625images_seed42_epoch300/liver_0706.png,nnUNet_raw/Dataset001_AUL/labelsTs/liver_0706.png,liver_0706,malignant,data/source/AUL/Malignant/image/111.jpg,image,True,768,1024,54931,41609,41609,41058,55482,41058,55482,0.8505904288377875,0.7400237914999459,0.7400237914999459,True,True,True,True,True,,overlapping_detected
predictions_milestones_625images_seed42_epoch300,42,300,epoch300,PlainConvUNet,predictions/preliminary_milestones_test/seed42/predictions_milestones_625images_seed42_epoch300/liver_0707.png,nnUNet_raw/Dataset001_AUL/labelsTs/liver_0707.png,liver_0707,malignant,data/source/AUL/Malignant/image/363.jpg,image,True,768,1024,14074,20476,20468,14057,20493,14057,20485,0.8137192474674385,0.6859415410140047,0.7170475413180983,True,True,True,True,True,,overlapping_detected
predictions_milestones_625images_seed42_epoch300,42,300,epoch300,PlainConvUNet,predictions/preliminary_milestones_test/seed42/predictions_milestones_625images_seed42_epoch300/liver_0708.png,nnUNet_raw/Dataset001_AUL/labelsTs/liver_0708.png,liver_0708,malignant,data/source/AUL/Malignant/image/381.jpg,image,True,768,1024,11532,8729,8729,8727,11534,8727,11534,0.8614579734465229,0.7566325645916421,0.7566325645916421,True,True,True,True,True,,overlapping_detected
predictions_milestones_625images_seed42_epoch300,42,300,epoch300,PlainConvUNet,predictions/preliminary_milestones_test/seed42/predictions_milestones_625images_seed42_epoch300/liver_0709.png,nnUNet_raw/Dataset001_AUL/labelsTs/liver_0709.png,liver_0709,malignant,data/source/AUL/Malignant/image/249.jpg,image,True,768,1024,34415,29068,29068,28595,34888,28595,34888,0.9008710993494321,0.8196227929373997,0.8196227929373997,True,True,True,True,True,,overlapping_detected
predictions_milestones_625images_seed42_epoch300,42,300,epoch300,PlainConvUNet,predictions/preliminary_milestones_test/seed42/predictions_milestones_625images_seed42_epoch300/liver_0710.png,nnUNet_raw/Dataset001_AUL/labelsTs/liver_0710.png,liver_0710,malignant,data/source/AUL/Malignant/image/21.jpg,image,True,768,1024,125958,106725,106725,105540,127143,105540,127143,0.9071569474349221,0.8300889549562304,0.8300889549562304,True,True,True,True,True,,overlapping_detected
predictions_milestones_625images_seed42_epoch300,42,300,epoch300,PlainConvUNet,predictions/preliminary_milestones_test/seed42/predictions_milestones_625images_seed42_epoch300/liver_0711.png,nnUNet_raw/Dataset001_AUL/labelsTs/liver_0711.png,liver_0711,malignant,data/source/AUL/Malignant/image/293.jpg,image,True,768,1024,14729,8746,8746,7720,15755,7720,15755,0.6577209797657082,0.4900031735956839,0.4900031735956839,True,True,True,False,True,,overlapping_detected
predictions_milestones_625images_seed42_epoch300,42,300,epoch300,PlainConvUNet,predictions/preliminary_milestones_test/seed42/predictions_milestones_625images_seed42_epoch300/liver_0712.png,nnUNet_raw/Dataset001_AUL/labelsTs/liver_0712.png,liver_0712,malignant,data/source/AUL/Malignant/image/217.jpg,image,True,768,1024,35213,45749,45749,35002,45960,35002,45960,0.8646525530495788,0.7615752828546563,0.7615752828546563,True,True,True,True,True,,overlapping_detected
predictions_milestones_625images_seed42_epoch300,42,300,epoch300,PlainConvUNet,predictions/preliminary_milestones_test/seed42/predictions_milestones_625images_seed42_epoch300/liver_0713.png,nnUNet_raw/Dataset001_AUL/labelsTs/liver_0713.png,liver_0713,malignant,data/source/AUL/Malignant/image/190.jpg,image,True,768,1024,49653,41508,41508,40803,50358,40803,50358,0.8951854411425939,0.8102585487906588,0.8102585487906588,True,True,True,True,True,,overlapping_detected
predictions_milestones_625images_seed42_epoch300,42,300,epoch300,PlainConvUNet,predictions/preliminary_milestones_test/seed42/predictions_milestones_625images_seed42_epoch300/liver_0714.png,nnUNet_raw/Dataset001_AUL/labelsTs/liver_0714.png,liver_0714,malignant,data/source/AUL/Malignant/image/139.jpg,image,True,768,1024,27544,31866,31866,23310,36100,23310,36100,0.7847163777141896,0.6457063711911357,0.6457063711911357,True,True,True,True,True,,overlapping_detected
predictions_milestones_625images_seed42_epoch300,42,300,epoch300,PlainConvUNet,predictions/preliminary_milestones_test/seed42/predictions_milestones_625images_seed42_epoch300/liver_0715.png,nnUNet_raw/Dataset001_AUL/labelsTs/liver_0715.png,liver_0715,malignant,data/source/AUL/Malignant/image/218.jpg,image,True,768,1024,14449,18885,18885,14217,19117,14217,19117,0.8530029399412011,0.7436836323690955,0.7999212288302481,True,True,True,True,True,,overlapping_detected
predictions_milestones_625images_seed42_epoch300,42,300,epoch300,PlainConvUNet,predictions/preliminary_milestones_test/seed42/predictions_milestones_625images_seed42_epoch300/liver_0716.png,nnUNet_raw/Dataset001_AUL/labelsTs/liver_0716.png,liver_0716,malignant,data/source/AUL/Malignant/image/260.jpg,image,True,407,550,3962,4487,4487,2824,5625,2824,5625,0.6684814770978814,0.5020444444444444,0.5020444444444444,True,True,True,True,True,,overlapping_detected
predictions_milestones_625images_seed42_epoch300,42,300,epoch300,PlainConvUNet,predictions/preliminary_milestones_test/seed42/predictions_milestones_625images_seed42_epoch300/liver_0717.png,nnUNet_raw/Dataset001_AUL/labelsTs/liver_0717.png,liver_0717,malignant,data/source/AUL/Malignant/image/112.jpg,image,True,768,1024,101456,55962,55962,53556,103862,53556,103862,0.6804304463276118,0.5156457607209567,0.5156457607209567,True,True,True,True,True,,overlapping_detected
predictions_milestones_625images_seed42_epoch300,42,300,epoch300,PlainConvUNet,predictions/preliminary_milestones_test/seed42/predictions_milestones_625images_seed42_epoch300/liver_0718.png,nnUNet_raw/Dataset001_AUL/labelsTs/liver_0718.png,liver_0718,malignant,data/source/AUL/Malignant/image/186.jpg,image,True,576,768,16287,11066,11066,10397,16956,10397,16956,0.7602091178298541,0.613175277188016,0.613175277188016,True,True,True,True,True,,overlapping_detected
predictions_milestones_625images_seed42_epoch300,42,300,epoch300,PlainConvUNet,predictions/preliminary_milestones_test/seed42/predictions_milestones_625images_seed42_epoch300/liver_0719.png,nnUNet_raw/Dataset001_AUL/labelsTs/liver_0719.png,liver_0719,malignant,data/source/AUL/Malignant/image/299.jpg,image,True,768,1024,60028,38269,38269,35797,62500,35797,62500,0.7283436930933803,0.572752,0.572752,True,True,True,True,True,,overlapping_detected
predictions_milestones_625images_seed42_epoch300,42,300,epoch300,PlainConvUNet,predictions/preliminary_milestones_test/seed42/predictions_milestones_625images_seed42_epoch300/liver_0720.png,nnUNet_raw/Dataset001_AUL/labelsTs/liver_0720.png,liver_0720,malignant,data/source/AUL/Malignant/image/248.jpg,image,True,768,1024,62655,86487,86487,59287,89855,59287,89855,0.7950409676683966,0.6598074675866674,0.6612645972985935,True,True,True,True,True,,overlapping_detected
predictions_milestones_625images_seed42_epoch300,42,300,epoch300,PlainConvUNet,predictions/preliminary_milestones_test/seed42/predictions_milestones_625images_seed42_epoch300/liver_0721.png,nnUNet_raw/Dataset001_AUL/labelsTs/liver_0721.png,liver_0721,normal,data/source/AUL/Normal/image/74.jpg,image,False,480,640,0,0,0,0,0,0,0,,,,False,,,,,False,normal_true_negative
predictions_milestones_625images_seed42_epoch300,42,300,epoch300,PlainConvUNet,predictions/preliminary_milestones_test/seed42/predictions_milestones_625images_seed42_epoch300/liver_0722.png,nnUNet_raw/Dataset001_AUL/labelsTs/liver_0722.png,liver_0722,normal,data/source/AUL/Normal/image/44.jpg,image,False,576,720,0,0,0,0,0,0,0,,,,False,,,,,False,normal_true_negative
predictions_milestones_625images_seed42_epoch300,42,300,epoch300,PlainConvUNet,predictions/preliminary_milestones_test/seed42/predictions_milestones_625images_seed42_epoch300/liver_0723.png,nnUNet_raw/Dataset001_AUL/labelsTs/liver_0723.png,liver_0723,normal,data/source/AUL/Normal/image/81.jpg,image,False,576,768,0,1353,1353,0,1353,0,1353,,,,True,,,,,True,normal_false_positive
predictions_milestones_625images_seed42_epoch300,42,300,epoch300,PlainConvUNet,predictions/preliminary_milestones_test/seed42/predictions_milestones_625images_seed42_epoch300/liver_0724.png,nnUNet_raw/Dataset001_AUL/labelsTs/liver_0724.png,liver_0724,normal,data/source/AUL/Normal/image/25.jpg,image,False,576,720,0,319,319,0,319,0,319,,,,True,,,,,True,normal_false_positive
predictions_milestones_625images_seed42_epoch300,42,300,epoch300,PlainConvUNet,predictions/preliminary_milestones_test/seed42/predictions_milestones_625images_seed42_epoch300/liver_0725.png,nnUNet_raw/Dataset001_AUL/labelsTs/liver_0725.png,liver_0725,normal,data/source/AUL/Normal/image/50.jpg,image,False,576,720,0,0,0,0,0,0,0,,,,False,,,,,False,normal_true_negative
predictions_milestones_625images_seed42_epoch300,42,300,epoch300,PlainConvUNet,predictions/preliminary_milestones_test/seed42/predictions_milestones_625images_seed42_epoch300/liver_0726.png,nnUNet_raw/Dataset001_AUL/labelsTs/liver_0726.png,liver_0726,normal,data/source/AUL/Normal/image/3.jpg,image,False,576,720,0,0,0,0,0,0,0,,,,False,,,,,False,normal_true_negative
predictions_milestones_625images_seed42_epoch300,42,300,epoch300,PlainConvUNet,predictions/preliminary_milestones_test/seed42/predictions_milestones_625images_seed42_epoch300/liver_0727.png,nnUNet_raw/Dataset001_AUL/labelsTs/liver_0727.png,liver_0727,normal,data/source/AUL/Normal/image/84.jpg,image,False,576,720,0,0,0,0,0,0,0,,,,False,,,,,False,normal_true_negative
predictions_milestones_625images_seed42_epoch300,42,300,epoch300,PlainConvUNet,predictions/preliminary_milestones_test/seed42/predictions_milestones_625images_seed42_epoch300/liver_0728.png,nnUNet_raw/Dataset001_AUL/labelsTs/liver_0728.png,liver_0728,normal,data/source/AUL/Normal/image/18.jpg,image,False,576,720,0,0,0,0,0,0,0,,,,False,,,,,False,normal_true_negative
predictions_milestones_625images_seed42_epoch300,42,300,epoch300,PlainConvUNet,predictions/preliminary_milestones_test/seed42/predictions_milestones_625images_seed42_epoch300/liver_0729.png,nnUNet_raw/Dataset001_AUL/labelsTs/liver_0729.png,liver_0729,normal,data/source/AUL/Normal/image/90.jpg,image,False,576,720,0,0,0,0,0,0,0,,,,False,,,,,False,normal_true_negative
predictions_milestones_625images_seed42_epoch300,42,300,epoch300,PlainConvUNet,predictions/preliminary_milestones_test/seed42/predictions_milestones_625images_seed42_epoch300/liver_0730.png,nnUNet_raw/Dataset001_AUL/labelsTs/liver_0730.png,liver_0730,normal,data/source/AUL/Normal/image/17.jpg,image,False,480,640,0,0,0,0,0,0,0,,,,False,,,,,False,normal_true_negative
predictions_milestones_625images_seed42_epoch300,42,300,epoch300,PlainConvUNet,predictions/preliminary_milestones_test/seed42/predictions_milestones_625images_seed42_epoch300/liver_0731.png,nnUNet_raw/Dataset001_AUL/labelsTs/liver_0731.png,liver_0731,normal,data/source/AUL/Normal/image/89.jpg,image,False,576,768,0,0,0,0,0,0,0,,,,False,,,,,False,normal_true_negative
predictions_milestones_625images_seed42_epoch300,42,300,epoch300,PlainConvUNet,predictions/preliminary_milestones_test/seed42/predictions_milestones_625images_seed42_epoch300/liver_0732.png,nnUNet_raw/Dataset001_AUL/labelsTs/liver_0732.png,liver_0732,normal,data/source/AUL/Normal/image/83.jpg,image,False,480,640,0,0,0,0,0,0,0,,,,False,,,,,False,normal_true_negative
predictions_milestones_625images_seed42_epoch300,42,300,epoch300,PlainConvUNet,predictions/preliminary_milestones_test/seed42/predictions_milestones_625images_seed42_epoch300/liver_0733.png,nnUNet_raw/Dataset001_AUL/labelsTs/liver_0733.png,liver_0733,normal,data/source/AUL/Normal/image/2.jpg,image,False,576,768,0,2895,2895,0,2895,0,2895,,,,True,,,,,True,normal_false_positive
predictions_milestones_625images_seed42_epoch300,42,300,epoch300,PlainConvUNet,predictions/preliminary_milestones_test/seed42/predictions_milestones_625images_seed42_epoch300/liver_0734.png,nnUNet_raw/Dataset001_AUL/labelsTs/liver_0734.png,liver_0734,normal,data/source/AUL/Normal/image/39.jpg,image,False,576,720,0,0,0,0,0,0,0,,,,False,,,,,False,normal_true_negative
predictions_milestones_625images_seed42_epoch300,42,300,epoch300,PlainConvUNet,predictions/preliminary_milestones_test/seed42/predictions_milestones_625images_seed42_epoch300/liver_0735.png,nnUNet_raw/Dataset001_AUL/labelsTs/liver_0735.png,liver_0735,normal,data/source/AUL/Normal/image/7.jpg,image,False,576,720,0,0,0,0,0,0,0,,,,False,,,,,False,normal_true_negative
predictions_milestones_625images_seed42_epoch50,42,50,epoch50,PlainConvUNet,predictions/preliminary_milestones_test/seed42/predictions_milestones_625images_seed42_epoch50/liver_0626.png,nnUNet_raw/Dataset001_AUL/labelsTs/liver_0626.png,liver_0626,benign,data/source/AUL/Benign/image/159.jpg,image,True,576,720,1748,0,0,0,1748,0,1748,0.0,0.0,0.0,False,False,False,False,False,,unflagged
predictions_milestones_625images_seed42_epoch50,42,50,epoch50,PlainConvUNet,predictions/preliminary_milestones_test/seed42/predictions_milestones_625images_seed42_epoch50/liver_0627.png,nnUNet_raw/Dataset001_AUL/labelsTs/liver_0627.png,liver_0627,benign,data/source/AUL/Benign/image/88.jpg,image,True,768,1024,49605,0,0,0,49605,0,49605,0.0,0.0,0.0,False,False,False,False,False,,unflagged
predictions_milestones_625images_seed42_epoch50,42,50,epoch50,PlainConvUNet,predictions/preliminary_milestones_test/seed42/predictions_milestones_625images_seed42_epoch50/liver_0628.png,nnUNet_raw/Dataset001_AUL/labelsTs/liver_0628.png,liver_0628,benign,data/source/AUL/Benign/image/190.jpg,image,True,576,720,7141,0,0,0,7141,0,7141,0.0,0.0,0.0,False,False,False,False,False,,unflagged
predictions_milestones_625images_seed42_epoch50,42,50,epoch50,PlainConvUNet,predictions/preliminary_milestones_test/seed42/predictions_milestones_625images_seed42_epoch50/liver_0629.png,nnUNet_raw/Dataset001_AUL/labelsTs/liver_0629.png,liver_0629,benign,data/source/AUL/Benign/image/93.jpg,image,True,576,720,45215,2823,2823,2823,45215,2823,45215,0.11753195386985303,0.062435032621917505,0.062435032621917505,True,True,False,False,True,,overlapping_detected
predictions_milestones_625images_seed42_epoch50,42,50,epoch50,PlainConvUNet,predictions/preliminary_milestones_test/seed42/predictions_milestones_625images_seed42_epoch50/liver_0630.png,nnUNet_raw/Dataset001_AUL/labelsTs/liver_0630.png,liver_0630,benign,data/source/AUL/Benign/image/2.jpg,image,True,576,720,1657,2134,2134,1648,2143,1648,2143,0.8694275916644685,0.7690153989734018,0.7690153989734018,True,True,True,True,True,,overlapping_detected
predictions_milestones_625images_seed42_epoch50,42,50,epoch50,PlainConvUNet,predictions/preliminary_milestones_test/seed42/predictions_milestones_625images_seed42_epoch50/liver_0631.png,nnUNet_raw/Dataset001_AUL/labelsTs/liver_0631.png,liver_0631,benign,data/source/AUL/Benign/image/28.jpg,image,True,576,720,2175,0,0,0,2175,0,2175,0.0,0.0,0.0,False,False,False,False,False,,unflagged
predictions_milestones_625images_seed42_epoch50,42,50,epoch50,PlainConvUNet,predictions/preliminary_milestones_test/seed42/predictions_milestones_625images_seed42_epoch50/liver_0632.png,nnUNet_raw/Dataset001_AUL/labelsTs/liver_0632.png,liver_0632,benign,data/source/AUL/Benign/image/110.jpg,image,True,576,720,3443,5298,5298,3071,5670,3071,5670,0.7026655989017275,0.5416225749559083,0.5416225749559083,True,True,True,True,True,,overlapping_detected
predictions_milestones_625images_seed42_epoch50,42,50,epoch50,PlainConvUNet,predictions/preliminary_milestones_test/seed42/predictions_milestones_625images_seed42_epoch50/liver_0633.png,nnUNet_raw/Dataset001_AUL/labelsTs/liver_0633.png,liver_0633,benign,data/source/AUL/Benign/image/100.jpg,image,True,576,720,1230,0,0,0,1230,0,1230,0.0,0.0,0.0,False,False,False,False,False,,unflagged
predictions_milestones_625images_seed42_epoch50,42,50,epoch50,PlainConvUNet,predictions/preliminary_milestones_test/seed42/predictions_milestones_625images_seed42_epoch50/liver_0634.png,nnUNet_raw/Dataset001_AUL/labelsTs/liver_0634.png,liver_0634,benign,data/source/AUL/Benign/image/157.jpg,image,True,576,768,722,10,0,0,732,0,722,0.0,0.0,0.0,False,False,False,False,False,,unflagged
predictions_milestones_625images_seed42_epoch50,42,50,epoch50,PlainConvUNet,predictions/preliminary_milestones_test/seed42/predictions_milestones_625images_seed42_epoch50/liver_0635.png,nnUNet_raw/Dataset001_AUL/labelsTs/liver_0635.png,liver_0635,benign,data/source/AUL/Benign/image/139.jpg,image,True,576,720,633,0,0,0,633,0,633,0.0,0.0,0.0,False,False,False,False,False,,unflagged
predictions_milestones_625images_seed42_epoch50,42,50,epoch50,PlainConvUNet,predictions/preliminary_milestones_test/seed42/predictions_milestones_625images_seed42_epoch50/liver_0636.png,nnUNet_raw/Dataset001_AUL/labelsTs/liver_0636.png,liver_0636,benign,data/source/AUL/Benign/image/41.jpg,image,True,576,720,692,0,0,0,692,0,692,0.0,0.0,0.0,False,False,False,False,False,,unflagged
predictions_milestones_625images_seed42_epoch50,42,50,epoch50,PlainConvUNet,predictions/preliminary_milestones_test/seed42/predictions_milestones_625images_seed42_epoch50/liver_0637.png,nnUNet_raw/Dataset001_AUL/labelsTs/liver_0637.png,liver_0637,benign,data/source/AUL/Benign/image/72.jpg,image,True,576,720,581,907,907,580,908,580,908,0.7795698924731183,0.6387665198237885,0.6387665198237885,True,True,True,True,True,,overlapping_detected
predictions_milestones_625images_seed42_epoch50,42,50,epoch50,PlainConvUNet,predictions/preliminary_milestones_test/seed42/predictions_milestones_625images_seed42_epoch50/liver_0638.png,nnUNet_raw/Dataset001_AUL/labelsTs/liver_0638.png,liver_0638,benign,data/source/AUL/Benign/image/34.jpg,image,True,576,720,19367,18127,18127,17088,20406,17088,20406,0.9115058409345496,0.837400764481035,0.837400764481035,True,True,True,True,True,,overlapping_detected
predictions_milestones_625images_seed42_epoch50,42,50,epoch50,PlainConvUNet,predictions/preliminary_milestones_test/seed42/predictions_milestones_625images_seed42_epoch50/liver_0639.png,nnUNet_raw/Dataset001_AUL/labelsTs/liver_0639.png,liver_0639,benign,data/source/AUL/Benign/image/168.jpg,image,True,576,720,4723,0,0,0,4723,0,4723,0.0,0.0,0.0,False,False,False,False,False,,unflagged
predictions_milestones_625images_seed42_epoch50,42,50,epoch50,PlainConvUNet,predictions/preliminary_milestones_test/seed42/predictions_milestones_625images_seed42_epoch50/liver_0640.png,nnUNet_raw/Dataset001_AUL/labelsTs/liver_0640.png,liver_0640,benign,data/source/AUL/Benign/image/61.jpg,image,True,768,1024,81560,77385,77385,70351,88594,70351,88594,0.8852244487086728,0.7940831207530984,0.7940831207530984,True,True,True,True,True,,overlapping_detected
predictions_milestones_625images_seed42_epoch50,42,50,epoch50,PlainConvUNet,predictions/preliminary_milestones_test/seed42/predictions_milestones_625images_seed42_epoch50/liver_0641.png,nnUNet_raw/Dataset001_AUL/labelsTs/liver_0641.png,liver_0641,benign,data/source/AUL/Benign/image/7.jpg,image,True,910,1260,27246,25671,25671,24490,28427,24490,28427,0.9256004686584651,0.861504907306434,0.861504907306434,True,True,True,True,True,,overlapping_detected
predictions_milestones_625images_seed42_epoch50,42,50,epoch50,PlainConvUNet,predictions/preliminary_milestones_test/seed42/predictions_milestones_625images_seed42_epoch50/liver_0642.png,nnUNet_raw/Dataset001_AUL/labelsTs/liver_0642.png,liver_0642,benign,data/source/AUL/Benign/image/14.jpg,image,True,768,1024,12225,9908,9908,9062,13071,9062,13071,0.8188677540324403,0.6932904903985923,0.6932904903985923,True,True,True,True,True,,overlapping_detected
predictions_milestones_625images_seed42_epoch50,42,50,epoch50,PlainConvUNet,predictions/preliminary_milestones_test/seed42/predictions_milestones_625images_seed42_epoch50/liver_0643.png,nnUNet_raw/Dataset001_AUL/labelsTs/liver_0643.png,liver_0643,benign,data/source/AUL/Benign/image/36.jpg,image,True,576,720,2022,0,0,0,2022,0,2022,0.0,0.0,0.0,False,False,False,False,False,,unflagged
predictions_milestones_625images_seed42_epoch50,42,50,epoch50,PlainConvUNet,predictions/preliminary_milestones_test/seed42/predictions_milestones_625images_seed42_epoch50/liver_0644.png,nnUNet_raw/Dataset001_AUL/labelsTs/liver_0644.png,liver_0644,benign,data/source/AUL/Benign/image/126.jpg,image,True,600,800,11845,0,0,0,11845,0,11845,0.0,0.0,0.0,False,False,False,False,False,,unflagged
predictions_milestones_625images_seed42_epoch50,42,50,epoch50,PlainConvUNet,predictions/preliminary_milestones_test/seed42/predictions_milestones_625images_seed42_epoch50/liver_0645.png,nnUNet_raw/Dataset001_AUL/labelsTs/liver_0645.png,liver_0645,benign,data/source/AUL/Benign/image/101.jpg,image,True,576,720,1205,0,0,0,1205,0,1205,0.0,0.0,0.0,False,False,False,False,False,,unflagged
predictions_milestones_625images_seed42_epoch50,42,50,epoch50,PlainConvUNet,predictions/preliminary_milestones_test/seed42/predictions_milestones_625images_seed42_epoch50/liver_0646.png,nnUNet_raw/Dataset001_AUL/labelsTs/liver_0646.png,liver_0646,benign,data/source/AUL/Benign/image/62.jpg,image,True,576,720,847,0,0,0,847,0,847,0.0,0.0,0.0,False,False,False,False,False,,unflagged
predictions_milestones_625images_seed42_epoch50,42,50,epoch50,PlainConvUNet,predictions/preliminary_milestones_test/seed42/predictions_milestones_625images_seed42_epoch50/liver_0647.png,nnUNet_raw/Dataset001_AUL/labelsTs/liver_0647.png,liver_0647,benign,data/source/AUL/Benign/image/112.jpg,image,True,576,720,1708,286,286,286,1708,286,1708,0.2868605817452357,0.16744730679156908,0.16744730679156908,True,True,False,False,True,,overlapping_detected
predictions_milestones_625images_seed42_epoch50,42,50,epoch50,PlainConvUNet,predictions/preliminary_milestones_test/seed42/predictions_milestones_625images_seed42_epoch50/liver_0648.png,nnUNet_raw/Dataset001_AUL/labelsTs/liver_0648.png,liver_0648,benign,data/source/AUL/Benign/image/137.jpg,image,True,576,720,2494,0,0,0,2494,0,2494,0.0,0.0,0.0,False,False,False,False,False,,unflagged
predictions_milestones_625images_seed42_epoch50,42,50,epoch50,PlainConvUNet,predictions/preliminary_milestones_test/seed42/predictions_milestones_625images_seed42_epoch50/liver_0649.png,nnUNet_raw/Dataset001_AUL/labelsTs/liver_0649.png,liver_0649,benign,data/source/AUL/Benign/image/32.jpg,image,True,576,720,10842,0,0,0,10842,0,10842,0.0,0.0,0.0,False,False,False,False,False,,unflagged
predictions_milestones_625images_seed42_epoch50,42,50,epoch50,PlainConvUNet,predictions/preliminary_milestones_test/seed42/predictions_milestones_625images_seed42_epoch50/liver_0650.png,nnUNet_raw/Dataset001_AUL/labelsTs/liver_0650.png,liver_0650,benign,data/source/AUL/Benign/image/87.jpg,image,True,576,720,6010,0,0,0,6010,0,6010,0.0,0.0,0.0,False,False,False,False,False,,unflagged
predictions_milestones_625images_seed42_epoch50,42,50,epoch50,PlainConvUNet,predictions/preliminary_milestones_test/seed42/predictions_milestones_625images_seed42_epoch50/liver_0651.png,nnUNet_raw/Dataset001_AUL/labelsTs/liver_0651.png,liver_0651,benign,data/source/AUL/Benign/image/65.jpg,image,True,576,720,6513,457,457,457,6513,457,6513,0.13113342898134864,0.07016735759250729,0.07016735759250729,True,True,False,False,True,,overlapping_detected
predictions_milestones_625images_seed42_epoch50,42,50,epoch50,PlainConvUNet,predictions/preliminary_milestones_test/seed42/predictions_milestones_625images_seed42_epoch50/liver_0652.png,nnUNet_raw/Dataset001_AUL/labelsTs/liver_0652.png,liver_0652,benign,data/source/AUL/Benign/image/141.jpg,image,True,576,720,1533,699,699,0,2232,0,2232,0.0,0.0,0.0,True,False,False,False,False,,flagged_without_detection
predictions_milestones_625images_seed42_epoch50,42,50,epoch50,PlainConvUNet,predictions/preliminary_milestones_test/seed42/predictions_milestones_625images_seed42_epoch50/liver_0653.png,nnUNet_raw/Dataset001_AUL/labelsTs/liver_0653.png,liver_0653,benign,data/source/AUL/Benign/image/199.jpg,image,True,576,720,2792,0,0,0,2792,0,2792,0.0,0.0,0.0,False,False,False,False,False,,unflagged
predictions_milestones_625images_seed42_epoch50,42,50,epoch50,PlainConvUNet,predictions/preliminary_milestones_test/seed42/predictions_milestones_625images_seed42_epoch50/liver_0654.png,nnUNet_raw/Dataset001_AUL/labelsTs/liver_0654.png,liver_0654,benign,data/source/AUL/Benign/image/103.jpg,image,True,576,768,398,0,0,0,398,0,398,0.0,0.0,0.0,False,False,False,False,False,,unflagged
predictions_milestones_625images_seed42_epoch50,42,50,epoch50,PlainConvUNet,predictions/preliminary_milestones_test/seed42/predictions_milestones_625images_seed42_epoch50/liver_0655.png,nnUNet_raw/Dataset001_AUL/labelsTs/liver_0655.png,liver_0655,benign,data/source/AUL/Benign/image/94.jpg,image,True,600,800,11368,0,0,0,11368,0,11368,0.0,0.0,0.0,False,False,False,False,False,,unflagged
predictions_milestones_625images_seed42_epoch50,42,50,epoch50,PlainConvUNet,predictions/preliminary_milestones_test/seed42/predictions_milestones_625images_seed42_epoch50/liver_0656.png,nnUNet_raw/Dataset001_AUL/labelsTs/liver_0656.png,liver_0656,malignant,data/source/AUL/Malignant/image/45.jpg,image,True,576,720,4392,4132,4132,3982,4542,3982,4542,0.9343031440638198,0.876706296785557,0.876706296785557,True,True,True,True,True,,overlapping_detected
predictions_milestones_625images_seed42_epoch50,42,50,epoch50,PlainConvUNet,predictions/preliminary_milestones_test/seed42/predictions_milestones_625images_seed42_epoch50/liver_0657.png,nnUNet_raw/Dataset001_AUL/labelsTs/liver_0657.png,liver_0657,malignant,data/source/AUL/Malignant/image/412.jpg,image,True,768,1024,20650,14030,14030,13619,21061,13619,21061,0.7854094579008074,0.646645458430274,0.646645458430274,True,True,True,True,True,,overlapping_detected
predictions_milestones_625images_seed42_epoch50,42,50,epoch50,PlainConvUNet,predictions/preliminary_milestones_test/seed42/predictions_milestones_625images_seed42_epoch50/liver_0658.png,nnUNet_raw/Dataset001_AUL/labelsTs/liver_0658.png,liver_0658,malignant,data/source/AUL/Malignant/image/25.jpg,image,True,600,800,31883,23156,23156,22957,32082,22957,32082,0.834208470357383,0.7155725952247366,0.7155725952247366,True,True,True,True,True,,overlapping_detected
predictions_milestones_625images_seed42_epoch50,42,50,epoch50,PlainConvUNet,predictions/preliminary_milestones_test/seed42/predictions_milestones_625images_seed42_epoch50/liver_0659.png,nnUNet_raw/Dataset001_AUL/labelsTs/liver_0659.png,liver_0659,malignant,data/source/AUL/Malignant/image/313.jpg,image,True,576,720,9106,4304,4304,4269,9141,4269,9141,0.6366890380313199,0.4670167377748605,0.4670167377748605,True,True,True,False,True,,overlapping_detected
predictions_milestones_625images_seed42_epoch50,42,50,epoch50,PlainConvUNet,predictions/preliminary_milestones_test/seed42/predictions_milestones_625images_seed42_epoch50/liver_0660.png,nnUNet_raw/Dataset001_AUL/labelsTs/liver_0660.png,liver_0660,malignant,data/source/AUL/Malignant/image/236.jpg,image,True,768,1024,9890,2760,2760,2760,9890,2760,9890,0.43636363636363634,0.27906976744186046,0.27906976744186046,True,True,True,False,True,,overlapping_detected
predictions_milestones_625images_seed42_epoch50,42,50,epoch50,PlainConvUNet,predictions/preliminary_milestones_test/seed42/predictions_milestones_625images_seed42_epoch50/liver_0661.png,nnUNet_raw/Dataset001_AUL/labelsTs/liver_0661.png,liver_0661,malignant,data/source/AUL/Malignant/image/42.jpg,image,True,768,1024,66153,64233,64233,61777,68609,61777,68609,0.9476017363827405,0.900421227535746,0.900421227535746,True,True,True,True,True,,overlapping_detected
predictions_milestones_625images_seed42_epoch50,42,50,epoch50,PlainConvUNet,predictions/preliminary_milestones_test/seed42/predictions_milestones_625images_seed42_epoch50/liver_0662.png,nnUNet_raw/Dataset001_AUL/labelsTs/liver_0662.png,liver_0662,malignant,data/source/AUL/Malignant/image/310.jpg,image,True,768,1024,5978,4482,4482,4189,6271,4189,6271,0.8009560229445507,0.667995535002392,0.667995535002392,True,True,True,True,True,,overlapping_detected
predictions_milestones_625images_seed42_epoch50,42,50,epoch50,PlainConvUNet,predictions/preliminary_milestones_test/seed42/predictions_milestones_625images_seed42_epoch50/liver_0663.png,nnUNet_raw/Dataset001_AUL/labelsTs/liver_0663.png,liver_0663,malignant,data/source/AUL/Malignant/image/240.jpg,image,True,576,720,823,0,0,0,823,0,823,0.0,0.0,0.0,False,False,False,False,False,,unflagged
predictions_milestones_625images_seed42_epoch50,42,50,epoch50,PlainConvUNet,predictions/preliminary_milestones_test/seed42/predictions_milestones_625images_seed42_epoch50/liver_0664.png,nnUNet_raw/Dataset001_AUL/labelsTs/liver_0664.png,liver_0664,malignant,data/source/AUL/Malignant/image/221.jpg,image,True,768,1024,14943,88986,88986,14943,88986,14943,88986,0.2875617007764916,0.16792529161890635,0.16792529161890635,True,True,False,False,True,,overlapping_detected
predictions_milestones_625images_seed42_epoch50,42,50,epoch50,PlainConvUNet,predictions/preliminary_milestones_test/seed42/predictions_milestones_625images_seed42_epoch50/liver_0665.png,nnUNet_raw/Dataset001_AUL/labelsTs/liver_0665.png,liver_0665,malignant,data/source/AUL/Malignant/image/433.jpg,image,True,768,1024,5406,26095,26095,5387,26114,5387,26114,0.3420208882257706,0.2062878149651528,0.2062878149651528,True,True,True,False,False,,overlapping_detected
predictions_milestones_625images_seed42_epoch50,42,50,epoch50,PlainConvUNet,predictions/preliminary_milestones_test/seed42/predictions_milestones_625images_seed42_epoch50/liver_0666.png,nnUNet_raw/Dataset001_AUL/labelsTs/liver_0666.png,liver_0666,malignant,data/source/AUL/Malignant/image/165.jpg,image,True,768,1024,48852,54132,54132,44531,58453,44531,58453,0.8648139516818146,0.7618257403383916,0.7618257403383916,True,True,True,True,True,,overlapping_detected
predictions_milestones_625images_seed42_epoch50,42,50,epoch50,PlainConvUNet,predictions/preliminary_milestones_test/seed42/predictions_milestones_625images_seed42_epoch50/liver_0667.png,nnUNet_raw/Dataset001_AUL/labelsTs/liver_0667.png,liver_0667,malignant,data/source/AUL/Malignant/image/11.jpg,image,True,768,1024,44625,42747,42747,41324,46048,41324,46048,0.9459323353019274,0.8974113968033357,0.8974113968033357,True,True,True,True,True,,overlapping_detected
predictions_milestones_625images_seed42_epoch50,42,50,epoch50,PlainConvUNet,predictions/preliminary_milestones_test/seed42/predictions_milestones_625images_seed42_epoch50/liver_0668.png,nnUNet_raw/Dataset001_AUL/labelsTs/liver_0668.png,liver_0668,malignant,data/source/AUL/Malignant/image/364.jpg,image,True,768,1024,173121,82249,82235,77669,177701,77655,177701,0.6082860163684066,0.43707688758082397,0.43699810355597324,True,True,True,False,True,,overlapping_detected
predictions_milestones_625images_seed42_epoch50,42,50,epoch50,PlainConvUNet,predictions/preliminary_milestones_test/seed42/predictions_milestones_625images_seed42_epoch50/liver_0669.png,nnUNet_raw/Dataset001_AUL/labelsTs/liver_0669.png,liver_0669,malignant,data/source/AUL/Malignant/image/66.jpg,image,True,768,1024,100152,96808,96808,95444,101516,95444,101516,0.9691714053614947,0.9401867685882028,0.9401867685882028,True,True,True,True,True,,overlapping_detected
predictions_milestones_625images_seed42_epoch50,42,50,epoch50,PlainConvUNet,predictions/preliminary_milestones_test/seed42/predictions_milestones_625images_seed42_epoch50/liver_0670.png,nnUNet_raw/Dataset001_AUL/labelsTs/liver_0670.png,liver_0670,malignant,data/source/AUL/Malignant/image/391.jpg,image,True,768,1024,5783,6983,6983,5609,7157,5609,7157,0.8787404041986526,0.7837082576498533,0.7837082576498533,True,True,True,True,True,,overlapping_detected
predictions_milestones_625images_seed42_epoch50,42,50,epoch50,PlainConvUNet,predictions/preliminary_milestones_test/seed42/predictions_milestones_625images_seed42_epoch50/liver_0671.png,nnUNet_raw/Dataset001_AUL/labelsTs/liver_0671.png,liver_0671,malignant,data/source/AUL/Malignant/image/161.jpg,image,True,576,720,3441,1810,1810,1810,3441,1810,3441,0.6893924966673015,0.5260098808485906,0.5260098808485906,True,True,True,True,True,,overlapping_detected
predictions_milestones_625images_seed42_epoch50,42,50,epoch50,PlainConvUNet,predictions/preliminary_milestones_test/seed42/predictions_milestones_625images_seed42_epoch50/liver_0672.png,nnUNet_raw/Dataset001_AUL/labelsTs/liver_0672.png,liver_0672,malignant,data/source/AUL/Malignant/image/405.jpg,image,True,768,1024,5554,2525,2525,2525,5554,2525,5554,0.625077361059537,0.45462729564278,0.45462729564278,True,True,True,False,True,,overlapping_detected
predictions_milestones_625images_seed42_epoch50,42,50,epoch50,PlainConvUNet,predictions/preliminary_milestones_test/seed42/predictions_milestones_625images_seed42_epoch50/liver_0673.png,nnUNet_raw/Dataset001_AUL/labelsTs/liver_0673.png,liver_0673,malignant,data/source/AUL/Malignant/image/168.jpg,image,True,768,1024,34845,31105,31105,27679,38271,27679,38271,0.839393479909022,0.7232369156802801,0.7232369156802801,True,True,True,True,True,,overlapping_detected
predictions_milestones_625images_seed42_epoch50,42,50,epoch50,PlainConvUNet,predictions/preliminary_milestones_test/seed42/predictions_milestones_625images_seed42_epoch50/liver_0674.png,nnUNet_raw/Dataset001_AUL/labelsTs/liver_0674.png,liver_0674,malignant,data/source/AUL/Malignant/image/196.jpg,image,True,768,1024,24164,26343,26343,22483,28024,22483,28024,0.8902924347120201,0.8022766200399657,0.8022766200399657,True,True,True,True,True,,overlapping_detected
predictions_milestones_625images_seed42_epoch50,42,50,epoch50,PlainConvUNet,predictions/preliminary_milestones_test/seed42/predictions_milestones_625images_seed42_epoch50/liver_0675.png,nnUNet_raw/Dataset001_AUL/labelsTs/liver_0675.png,liver_0675,malignant,data/source/AUL/Malignant/image/155.jpg,image,True,768,1024,37188,29635,29635,29244,37579,29244,37579,0.8752674977178516,0.7782005907554751,0.7782005907554751,True,True,True,True,True,,overlapping_detected
predictions_milestones_625images_seed42_epoch50,42,50,epoch50,PlainConvUNet,predictions/preliminary_milestones_test/seed42/predictions_milestones_625images_seed42_epoch50/liver_0676.png,nnUNet_raw/Dataset001_AUL/labelsTs/liver_0676.png,liver_0676,malignant,data/source/AUL/Malignant/image/374.jpg,image,True,576,768,44291,17621,17621,17143,44769,17143,44769,0.5537860188654865,0.38292121780696464,0.38292121780696464,True,True,True,False,True,,overlapping_detected
predictions_milestones_625images_seed42_epoch50,42,50,epoch50,PlainConvUNet,predictions/preliminary_milestones_test/seed42/predictions_milestones_625images_seed42_epoch50/liver_0677.png,nnUNet_raw/Dataset001_AUL/labelsTs/liver_0677.png,liver_0677,malignant,data/source/AUL/Malignant/image/201.jpg,image,True,600,800,24151,31848,31848,0,55999,0,55999,0.0,0.0,0.0,True,False,False,False,False,,flagged_without_detection
predictions_milestones_625images_seed42_epoch50,42,50,epoch50,PlainConvUNet,predictions/preliminary_milestones_test/seed42/predictions_milestones_625images_seed42_epoch50/liver_0678.png,nnUNet_raw/Dataset001_AUL/labelsTs/liver_0678.png,liver_0678,malignant,data/source/AUL/Malignant/image/225.jpg,image,True,768,1024,65957,91330,91330,65841,91446,65841,91446,0.8372084151900666,0.7199986877501476,0.7199986877501476,True,True,True,True,True,,overlapping_detected
predictions_milestones_625images_seed42_epoch50,42,50,epoch50,PlainConvUNet,predictions/preliminary_milestones_test/seed42/predictions_milestones_625images_seed42_epoch50/liver_0679.png,nnUNet_raw/Dataset001_AUL/labelsTs/liver_0679.png,liver_0679,malignant,data/source/AUL/Malignant/image/173.jpg,image,True,768,1024,69250,66205,66205,56506,78949,56506,78949,0.8343139788121516,0.7157278749572509,0.7157278749572509,True,True,True,True,True,,overlapping_detected
predictions_milestones_625images_seed42_epoch50,42,50,epoch50,PlainConvUNet,predictions/preliminary_milestones_test/seed42/predictions_milestones_625images_seed42_epoch50/liver_0680.png,nnUNet_raw/Dataset001_AUL/labelsTs/liver_0680.png,liver_0680,malignant,data/source/AUL/Malignant/image/214.jpg,image,True,576,720,7064,1108,1108,1108,7064,1108,7064,0.2711698482623593,0.15685164212910532,0.08168176670441676,True,True,False,False,True,,overlapping_detected
predictions_milestones_625images_seed42_epoch50,42,50,epoch50,PlainConvUNet,predictions/preliminary_milestones_test/seed42/predictions_milestones_625images_seed42_epoch50/liver_0681.png,nnUNet_raw/Dataset001_AUL/labelsTs/liver_0681.png,liver_0681,malignant,data/source/AUL/Malignant/image/172.jpg,image,True,768,1024,124729,107482,107482,106871,125340,106871,125340,0.9204645774747966,0.852648795276847,0.852648795276847,True,True,True,True,True,,overlapping_detected
predictions_milestones_625images_seed42_epoch50,42,50,epoch50,PlainConvUNet,predictions/preliminary_milestones_test/seed42/predictions_milestones_625images_seed42_epoch50/liver_0682.png,nnUNet_raw/Dataset001_AUL/labelsTs/liver_0682.png,liver_0682,malignant,data/source/AUL/Malignant/image/380.jpg,image,True,576,768,3291,0,0,0,3291,0,3291,0.0,0.0,0.0,False,False,False,False,False,,unflagged
predictions_milestones_625images_seed42_epoch50,42,50,epoch50,PlainConvUNet,predictions/preliminary_milestones_test/seed42/predictions_milestones_625images_seed42_epoch50/liver_0683.png,nnUNet_raw/Dataset001_AUL/labelsTs/liver_0683.png,liver_0683,malignant,data/source/AUL/Malignant/image/22.jpg,image,True,600,800,30876,28577,28577,27265,32188,27265,32188,0.9171950952853515,0.8470548030321859,0.8470548030321859,True,True,True,True,True,,overlapping_detected
predictions_milestones_625images_seed42_epoch50,42,50,epoch50,PlainConvUNet,predictions/preliminary_milestones_test/seed42/predictions_milestones_625images_seed42_epoch50/liver_0684.png,nnUNet_raw/Dataset001_AUL/labelsTs/liver_0684.png,liver_0684,malignant,data/source/AUL/Malignant/image/138.jpg,image,True,576,720,2445,0,0,0,2445,0,2445,0.0,0.0,0.0,False,False,False,False,False,,unflagged
predictions_milestones_625images_seed42_epoch50,42,50,epoch50,PlainConvUNet,predictions/preliminary_milestones_test/seed42/predictions_milestones_625images_seed42_epoch50/liver_0685.png,nnUNet_raw/Dataset001_AUL/labelsTs/liver_0685.png,liver_0685,malignant,data/source/AUL/Malignant/image/19.jpg,image,True,768,1024,116682,126796,126796,115652,127826,115652,127826,0.9499995892852743,0.9047611597014692,0.9047611597014692,True,True,True,True,True,,overlapping_detected
predictions_milestones_625images_seed42_epoch50,42,50,epoch50,PlainConvUNet,predictions/preliminary_milestones_test/seed42/predictions_milestones_625images_seed42_epoch50/liver_0686.png,nnUNet_raw/Dataset001_AUL/labelsTs/liver_0686.png,liver_0686,malignant,data/source/AUL/Malignant/image/312.jpg,image,True,808,1038,23647,24090,24090,22827,24910,22827,24910,0.9563650836877056,0.916378964271377,0.916378964271377,True,True,True,True,True,,overlapping_detected
predictions_milestones_625images_seed42_epoch50,42,50,epoch50,PlainConvUNet,predictions/preliminary_milestones_test/seed42/predictions_milestones_625images_seed42_epoch50/liver_0687.png,nnUNet_raw/Dataset001_AUL/labelsTs/liver_0687.png,liver_0687,malignant,data/source/AUL/Malignant/image/29.jpg,image,True,768,1024,18558,18796,18796,17707,19647,17707,19647,0.9480644643143974,0.9012571893927827,0.9012571893927827,True,True,True,True,True,,overlapping_detected
predictions_milestones_625images_seed42_epoch50,42,50,epoch50,PlainConvUNet,predictions/preliminary_milestones_test/seed42/predictions_milestones_625images_seed42_epoch50/liver_0688.png,nnUNet_raw/Dataset001_AUL/labelsTs/liver_0688.png,liver_0688,malignant,data/source/AUL/Malignant/image/203.jpg,image,True,768,1024,30263,30520,30520,27692,33091,27692,33091,0.9111758221871247,0.8368438548245747,0.8368438548245747,True,True,True,True,True,,overlapping_detected
predictions_milestones_625images_seed42_epoch50,42,50,epoch50,PlainConvUNet,predictions/preliminary_milestones_test/seed42/predictions_milestones_625images_seed42_epoch50/liver_0689.png,nnUNet_raw/Dataset001_AUL/labelsTs/liver_0689.png,liver_0689,malignant,data/source/AUL/Malignant/image/192.jpg,image,True,768,1024,44050,31931,31931,29640,46341,29640,46341,0.7801950487621906,0.6396063960639606,0.6396063960639606,True,True,True,True,True,,overlapping_detected
predictions_milestones_625images_seed42_epoch50,42,50,epoch50,PlainConvUNet,predictions/preliminary_milestones_test/seed42/predictions_milestones_625images_seed42_epoch50/liver_0690.png,nnUNet_raw/Dataset001_AUL/labelsTs/liver_0690.png,liver_0690,malignant,data/source/AUL/Malignant/image/371.jpg,image,True,625,819,27624,14394,14394,14168,27850,14168,27850,0.674377647674806,0.5087253141831238,0.5087253141831238,True,True,True,True,True,,overlapping_detected
predictions_milestones_625images_seed42_epoch50,42,50,epoch50,PlainConvUNet,predictions/preliminary_milestones_test/seed42/predictions_milestones_625images_seed42_epoch50/liver_0691.png,nnUNet_raw/Dataset001_AUL/labelsTs/liver_0691.png,liver_0691,malignant,data/source/AUL/Malignant/image/167.jpg,image,True,749,894,3606,3497,3497,3150,3953,3150,3953,0.8869491764043362,0.7968631419175309,0.7968631419175309,True,True,True,True,True,,overlapping_detected
predictions_milestones_625images_seed42_epoch50,42,50,epoch50,PlainConvUNet,predictions/preliminary_milestones_test/seed42/predictions_milestones_625images_seed42_epoch50/liver_0692.png,nnUNet_raw/Dataset001_AUL/labelsTs/liver_0692.png,liver_0692,malignant,data/source/AUL/Malignant/image/367.jpg,image,True,576,720,2716,0,0,0,2716,0,2716,0.0,0.0,0.0,False,False,False,False,False,,unflagged
predictions_milestones_625images_seed42_epoch50,42,50,epoch50,PlainConvUNet,predictions/preliminary_milestones_test/seed42/predictions_milestones_625images_seed42_epoch50/liver_0693.png,nnUNet_raw/Dataset001_AUL/labelsTs/liver_0693.png,liver_0693,malignant,data/source/AUL/Malignant/image/275.jpg,image,True,768,1024,40538,49680,49638,39971,50247,39971,50205,0.8860981178922166,0.7954902780265488,0.7961557613783488,True,True,True,True,True,,overlapping_detected
predictions_milestones_625images_seed42_epoch50,42,50,epoch50,PlainConvUNet,predictions/preliminary_milestones_test/seed42/predictions_milestones_625images_seed42_epoch50/liver_0694.png,nnUNet_raw/Dataset001_AUL/labelsTs/liver_0694.png,liver_0694,malignant,data/source/AUL/Malignant/image/41.jpg,image,True,768,1024,32179,24285,24285,23824,32640,23824,32640,0.843865117597053,0.7299019607843137,0.7299019607843137,True,True,True,True,True,,overlapping_detected
predictions_milestones_625images_seed42_epoch50,42,50,epoch50,PlainConvUNet,predictions/preliminary_milestones_test/seed42/predictions_milestones_625images_seed42_epoch50/liver_0695.png,nnUNet_raw/Dataset001_AUL/labelsTs/liver_0695.png,liver_0695,malignant,data/source/AUL/Malignant/image/383.jpg,image,True,768,1024,30926,6148,6148,5989,31085,5989,31085,0.3230835626045207,0.19266527263953676,0.19266527263953676,True,True,False,False,True,,overlapping_detected
predictions_milestones_625images_seed42_epoch50,42,50,epoch50,PlainConvUNet,predictions/preliminary_milestones_test/seed42/predictions_milestones_625images_seed42_epoch50/liver_0696.png,nnUNet_raw/Dataset001_AUL/labelsTs/liver_0696.png,liver_0696,malignant,data/source/AUL/Malignant/image/106.jpg,image,True,768,1024,15772,8678,8678,8670,15780,8670,15780,0.7092024539877301,0.5494296577946768,0.5494296577946768,True,True,True,True,True,,overlapping_detected
predictions_milestones_625images_seed42_epoch50,42,50,epoch50,PlainConvUNet,predictions/preliminary_milestones_test/seed42/predictions_milestones_625images_seed42_epoch50/liver_0697.png,nnUNet_raw/Dataset001_AUL/labelsTs/liver_0697.png,liver_0697,malignant,data/source/AUL/Malignant/image/140.jpg,image,True,910,1260,16722,17002,17002,15994,17730,15994,17730,0.9485233068437908,0.9020868584320361,0.9020868584320361,True,True,True,True,True,,overlapping_detected
predictions_milestones_625images_seed42_epoch50,42,50,epoch50,PlainConvUNet,predictions/preliminary_milestones_test/seed42/predictions_milestones_625images_seed42_epoch50/liver_0698.png,nnUNet_raw/Dataset001_AUL/labelsTs/liver_0698.png,liver_0698,malignant,data/source/AUL/Malignant/image/327.jpg,image,True,768,1024,25104,6886,6886,6480,25510,6480,25510,0.4051266020631447,0.25401803214425717,0.25401803214425717,True,True,True,False,True,,overlapping_detected
predictions_milestones_625images_seed42_epoch50,42,50,epoch50,PlainConvUNet,predictions/preliminary_milestones_test/seed42/predictions_milestones_625images_seed42_epoch50/liver_0699.png,nnUNet_raw/Dataset001_AUL/labelsTs/liver_0699.png,liver_0699,malignant,data/source/AUL/Malignant/image/77.jpg,image,True,768,1024,75785,69854,69854,68375,77264,68375,77264,0.9389655243444407,0.8849528887968523,0.8849528887968523,True,True,True,True,True,,overlapping_detected
predictions_milestones_625images_seed42_epoch50,42,50,epoch50,PlainConvUNet,predictions/preliminary_milestones_test/seed42/predictions_milestones_625images_seed42_epoch50/liver_0700.png,nnUNet_raw/Dataset001_AUL/labelsTs/liver_0700.png,liver_0700,malignant,data/source/AUL/Malignant/image/342.jpg,image,True,768,1024,194214,114565,114545,83382,225397,83362,225397,0.5400755880419329,0.36993393878356856,0.3691220380040551,True,True,True,False,True,,overlapping_detected
predictions_milestones_625images_seed42_epoch50,42,50,epoch50,PlainConvUNet,predictions/preliminary_milestones_test/seed42/predictions_milestones_625images_seed42_epoch50/liver_0701.png,nnUNet_raw/Dataset001_AUL/labelsTs/liver_0701.png,liver_0701,malignant,data/source/AUL/Malignant/image/263.jpg,image,True,768,1024,34298,32855,32855,32681,34472,32681,34472,0.9733295608535731,0.9480447899744721,0.9480447899744721,True,True,True,True,True,,overlapping_detected
predictions_milestones_625images_seed42_epoch50,42,50,epoch50,PlainConvUNet,predictions/preliminary_milestones_test/seed42/predictions_milestones_625images_seed42_epoch50/liver_0702.png,nnUNet_raw/Dataset001_AUL/labelsTs/liver_0702.png,liver_0702,malignant,data/source/AUL/Malignant/image/288.jpg,image,True,576,720,1401,0,0,0,1401,0,1401,0.0,0.0,0.0,False,False,False,False,False,,unflagged
predictions_milestones_625images_seed42_epoch50,42,50,epoch50,PlainConvUNet,predictions/preliminary_milestones_test/seed42/predictions_milestones_625images_seed42_epoch50/liver_0703.png,nnUNet_raw/Dataset001_AUL/labelsTs/liver_0703.png,liver_0703,malignant,data/source/AUL/Malignant/image/304.jpg,image,True,768,1024,31066,32806,32806,30326,33546,30326,33546,0.9495866733466933,0.9040124008823704,0.9040124008823704,True,True,True,True,True,,overlapping_detected
predictions_milestones_625images_seed42_epoch50,42,50,epoch50,PlainConvUNet,predictions/preliminary_milestones_test/seed42/predictions_milestones_625images_seed42_epoch50/liver_0704.png,nnUNet_raw/Dataset001_AUL/labelsTs/liver_0704.png,liver_0704,malignant,data/source/AUL/Malignant/image/46.jpg,image,True,768,1024,24522,22194,22194,20993,25723,20993,25723,0.8987498929702885,0.8161178711658826,0.8161178711658826,True,True,True,True,True,,overlapping_detected
predictions_milestones_625images_seed42_epoch50,42,50,epoch50,PlainConvUNet,predictions/preliminary_milestones_test/seed42/predictions_milestones_625images_seed42_epoch50/liver_0705.png,nnUNet_raw/Dataset001_AUL/labelsTs/liver_0705.png,liver_0705,malignant,data/source/AUL/Malignant/image/195.jpg,image,True,768,1024,65348,65388,65388,61192,69544,61192,69544,0.9361155305348182,0.879903370528011,0.879903370528011,True,True,True,True,True,,overlapping_detected
predictions_milestones_625images_seed42_epoch50,42,50,epoch50,PlainConvUNet,predictions/preliminary_milestones_test/seed42/predictions_milestones_625images_seed42_epoch50/liver_0706.png,nnUNet_raw/Dataset001_AUL/labelsTs/liver_0706.png,liver_0706,malignant,data/source/AUL/Malignant/image/111.jpg,image,True,768,1024,54931,47570,47570,45619,56882,45619,56882,0.8901181451888275,0.8019936007875954,0.8019936007875954,True,True,True,True,True,,overlapping_detected
predictions_milestones_625images_seed42_epoch50,42,50,epoch50,PlainConvUNet,predictions/preliminary_milestones_test/seed42/predictions_milestones_625images_seed42_epoch50/liver_0707.png,nnUNet_raw/Dataset001_AUL/labelsTs/liver_0707.png,liver_0707,malignant,data/source/AUL/Malignant/image/363.jpg,image,True,768,1024,14074,30704,30563,13934,30844,13934,30703,0.622359194247175,0.45175722993126705,0.5914512500530583,True,True,True,False,True,,overlapping_detected
predictions_milestones_625images_seed42_epoch50,42,50,epoch50,PlainConvUNet,predictions/preliminary_milestones_test/seed42/predictions_milestones_625images_seed42_epoch50/liver_0708.png,nnUNet_raw/Dataset001_AUL/labelsTs/liver_0708.png,liver_0708,malignant,data/source/AUL/Malignant/image/381.jpg,image,True,768,1024,11532,681,681,681,11532,681,11532,0.11152051093097519,0.059053069719042665,0.059053069719042665,True,True,False,False,True,,overlapping_detected
predictions_milestones_625images_seed42_epoch50,42,50,epoch50,PlainConvUNet,predictions/preliminary_milestones_test/seed42/predictions_milestones_625images_seed42_epoch50/liver_0709.png,nnUNet_raw/Dataset001_AUL/labelsTs/liver_0709.png,liver_0709,malignant,data/source/AUL/Malignant/image/249.jpg,image,True,768,1024,34415,33909,33909,30896,37428,30896,37428,0.9043966980855922,0.8254782515763599,0.8254782515763599,True,True,True,True,True,,overlapping_detected
predictions_milestones_625images_seed42_epoch50,42,50,epoch50,PlainConvUNet,predictions/preliminary_milestones_test/seed42/predictions_milestones_625images_seed42_epoch50/liver_0710.png,nnUNet_raw/Dataset001_AUL/labelsTs/liver_0710.png,liver_0710,malignant,data/source/AUL/Malignant/image/21.jpg,image,True,768,1024,125958,93407,93407,92614,126751,92614,126751,0.8443826499213639,0.730676681051826,0.730676681051826,True,True,True,True,True,,overlapping_detected
predictions_milestones_625images_seed42_epoch50,42,50,epoch50,PlainConvUNet,predictions/preliminary_milestones_test/seed42/predictions_milestones_625images_seed42_epoch50/liver_0711.png,nnUNet_raw/Dataset001_AUL/labelsTs/liver_0711.png,liver_0711,malignant,data/source/AUL/Malignant/image/293.jpg,image,True,768,1024,14729,37970,37970,3583,49116,3583,49116,0.13597980986356478,0.07294975160843717,0.07294975160843717,True,True,False,False,False,,overlapping_detected
predictions_milestones_625images_seed42_epoch50,42,50,epoch50,PlainConvUNet,predictions/preliminary_milestones_test/seed42/predictions_milestones_625images_seed42_epoch50/liver_0712.png,nnUNet_raw/Dataset001_AUL/labelsTs/liver_0712.png,liver_0712,malignant,data/source/AUL/Malignant/image/217.jpg,image,True,768,1024,35213,56819,56819,34841,57191,34841,57191,0.7571496870653686,0.6092042454232309,0.6092042454232309,True,True,True,True,True,,overlapping_detected
predictions_milestones_625images_seed42_epoch50,42,50,epoch50,PlainConvUNet,predictions/preliminary_milestones_test/seed42/predictions_milestones_625images_seed42_epoch50/liver_0713.png,nnUNet_raw/Dataset001_AUL/labelsTs/liver_0713.png,liver_0713,malignant,data/source/AUL/Malignant/image/190.jpg,image,True,768,1024,49653,42208,42208,41188,50673,41188,50673,0.8967461708450811,0.8128194502003039,0.8128194502003039,True,True,True,True,True,,overlapping_detected
predictions_milestones_625images_seed42_epoch50,42,50,epoch50,PlainConvUNet,predictions/preliminary_milestones_test/seed42/predictions_milestones_625images_seed42_epoch50/liver_0714.png,nnUNet_raw/Dataset001_AUL/labelsTs/liver_0714.png,liver_0714,malignant,data/source/AUL/Malignant/image/139.jpg,image,True,768,1024,27544,79631,79631,27243,79932,27243,79932,0.5083834849545137,0.34082720312265424,0.34082720312265424,True,True,True,False,True,,overlapping_detected
predictions_milestones_625images_seed42_epoch50,42,50,epoch50,PlainConvUNet,predictions/preliminary_milestones_test/seed42/predictions_milestones_625images_seed42_epoch50/liver_0715.png,nnUNet_raw/Dataset001_AUL/labelsTs/liver_0715.png,liver_0715,malignant,data/source/AUL/Malignant/image/218.jpg,image,True,768,1024,14449,26357,26357,14344,26462,14344,26462,0.7030338675684948,0.5420603129015191,0.6083895321711837,True,True,True,True,True,,overlapping_detected
predictions_milestones_625images_seed42_epoch50,42,50,epoch50,PlainConvUNet,predictions/preliminary_milestones_test/seed42/predictions_milestones_625images_seed42_epoch50/liver_0716.png,nnUNet_raw/Dataset001_AUL/labelsTs/liver_0716.png,liver_0716,malignant,data/source/AUL/Malignant/image/260.jpg,image,True,407,550,3962,0,0,0,3962,0,3962,0.0,0.0,0.0,False,False,False,False,False,,unflagged
predictions_milestones_625images_seed42_epoch50,42,50,epoch50,PlainConvUNet,predictions/preliminary_milestones_test/seed42/predictions_milestones_625images_seed42_epoch50/liver_0717.png,nnUNet_raw/Dataset001_AUL/labelsTs/liver_0717.png,liver_0717,malignant,data/source/AUL/Malignant/image/112.jpg,image,True,768,1024,101456,41852,41759,39877,103431,39814,103401,0.5565216177743043,0.3855420521893823,0.3605049981922472,True,True,True,False,True,,overlapping_detected
predictions_milestones_625images_seed42_epoch50,42,50,epoch50,PlainConvUNet,predictions/preliminary_milestones_test/seed42/predictions_milestones_625images_seed42_epoch50/liver_0718.png,nnUNet_raw/Dataset001_AUL/labelsTs/liver_0718.png,liver_0718,malignant,data/source/AUL/Malignant/image/186.jpg,image,True,576,768,16287,4008,4008,4008,16287,4008,16287,0.3949741315594974,0.24608583532878983,0.24608583532878983,True,True,True,False,True,,overlapping_detected
predictions_milestones_625images_seed42_epoch50,42,50,epoch50,PlainConvUNet,predictions/preliminary_milestones_test/seed42/predictions_milestones_625images_seed42_epoch50/liver_0719.png,nnUNet_raw/Dataset001_AUL/labelsTs/liver_0719.png,liver_0719,malignant,data/source/AUL/Malignant/image/299.jpg,image,True,768,1024,60028,7731,7731,7615,60144,7615,60144,0.22476718959842973,0.12661279595637137,0.12661279595637137,True,True,False,False,True,,overlapping_detected
predictions_milestones_625images_seed42_epoch50,42,50,epoch50,PlainConvUNet,predictions/preliminary_milestones_test/seed42/predictions_milestones_625images_seed42_epoch50/liver_0720.png,nnUNet_raw/Dataset001_AUL/labelsTs/liver_0720.png,liver_0720,malignant,data/source/AUL/Malignant/image/248.jpg,image,True,768,1024,62655,93775,93775,60559,95871,60559,95871,0.7742632487374544,0.6316717255478717,0.6316717255478717,True,True,True,True,True,,overlapping_detected
predictions_milestones_625images_seed42_epoch50,42,50,epoch50,PlainConvUNet,predictions/preliminary_milestones_test/seed42/predictions_milestones_625images_seed42_epoch50/liver_0721.png,nnUNet_raw/Dataset001_AUL/labelsTs/liver_0721.png,liver_0721,normal,data/source/AUL/Normal/image/74.jpg,image,False,480,640,0,0,0,0,0,0,0,,,,False,,,,,False,normal_true_negative
predictions_milestones_625images_seed42_epoch50,42,50,epoch50,PlainConvUNet,predictions/preliminary_milestones_test/seed42/predictions_milestones_625images_seed42_epoch50/liver_0722.png,nnUNet_raw/Dataset001_AUL/labelsTs/liver_0722.png,liver_0722,normal,data/source/AUL/Normal/image/44.jpg,image,False,576,720,0,0,0,0,0,0,0,,,,False,,,,,False,normal_true_negative
predictions_milestones_625images_seed42_epoch50,42,50,epoch50,PlainConvUNet,predictions/preliminary_milestones_test/seed42/predictions_milestones_625images_seed42_epoch50/liver_0723.png,nnUNet_raw/Dataset001_AUL/labelsTs/liver_0723.png,liver_0723,normal,data/source/AUL/Normal/image/81.jpg,image,False,576,768,0,0,0,0,0,0,0,,,,False,,,,,False,normal_true_negative
predictions_milestones_625images_seed42_epoch50,42,50,epoch50,PlainConvUNet,predictions/preliminary_milestones_test/seed42/predictions_milestones_625images_seed42_epoch50/liver_0724.png,nnUNet_raw/Dataset001_AUL/labelsTs/liver_0724.png,liver_0724,normal,data/source/AUL/Normal/image/25.jpg,image,False,576,720,0,0,0,0,0,0,0,,,,False,,,,,False,normal_true_negative
predictions_milestones_625images_seed42_epoch50,42,50,epoch50,PlainConvUNet,predictions/preliminary_milestones_test/seed42/predictions_milestones_625images_seed42_epoch50/liver_0725.png,nnUNet_raw/Dataset001_AUL/labelsTs/liver_0725.png,liver_0725,normal,data/source/AUL/Normal/image/50.jpg,image,False,576,720,0,0,0,0,0,0,0,,,,False,,,,,False,normal_true_negative
predictions_milestones_625images_seed42_epoch50,42,50,epoch50,PlainConvUNet,predictions/preliminary_milestones_test/seed42/predictions_milestones_625images_seed42_epoch50/liver_0726.png,nnUNet_raw/Dataset001_AUL/labelsTs/liver_0726.png,liver_0726,normal,data/source/AUL/Normal/image/3.jpg,image,False,576,720,0,0,0,0,0,0,0,,,,False,,,,,False,normal_true_negative
predictions_milestones_625images_seed42_epoch50,42,50,epoch50,PlainConvUNet,predictions/preliminary_milestones_test/seed42/predictions_milestones_625images_seed42_epoch50/liver_0727.png,nnUNet_raw/Dataset001_AUL/labelsTs/liver_0727.png,liver_0727,normal,data/source/AUL/Normal/image/84.jpg,image,False,576,720,0,0,0,0,0,0,0,,,,False,,,,,False,normal_true_negative
predictions_milestones_625images_seed42_epoch50,42,50,epoch50,PlainConvUNet,predictions/preliminary_milestones_test/seed42/predictions_milestones_625images_seed42_epoch50/liver_0728.png,nnUNet_raw/Dataset001_AUL/labelsTs/liver_0728.png,liver_0728,normal,data/source/AUL/Normal/image/18.jpg,image,False,576,720,0,0,0,0,0,0,0,,,,False,,,,,False,normal_true_negative
predictions_milestones_625images_seed42_epoch50,42,50,epoch50,PlainConvUNet,predictions/preliminary_milestones_test/seed42/predictions_milestones_625images_seed42_epoch50/liver_0729.png,nnUNet_raw/Dataset001_AUL/labelsTs/liver_0729.png,liver_0729,normal,data/source/AUL/Normal/image/90.jpg,image,False,576,720,0,0,0,0,0,0,0,,,,False,,,,,False,normal_true_negative
predictions_milestones_625images_seed42_epoch50,42,50,epoch50,PlainConvUNet,predictions/preliminary_milestones_test/seed42/predictions_milestones_625images_seed42_epoch50/liver_0730.png,nnUNet_raw/Dataset001_AUL/labelsTs/liver_0730.png,liver_0730,normal,data/source/AUL/Normal/image/17.jpg,image,False,480,640,0,0,0,0,0,0,0,,,,False,,,,,False,normal_true_negative
predictions_milestones_625images_seed42_epoch50,42,50,epoch50,PlainConvUNet,predictions/preliminary_milestones_test/seed42/predictions_milestones_625images_seed42_epoch50/liver_0731.png,nnUNet_raw/Dataset001_AUL/labelsTs/liver_0731.png,liver_0731,normal,data/source/AUL/Normal/image/89.jpg,image,False,576,768,0,0,0,0,0,0,0,,,,False,,,,,False,normal_true_negative
predictions_milestones_625images_seed42_epoch50,42,50,epoch50,PlainConvUNet,predictions/preliminary_milestones_test/seed42/predictions_milestones_625images_seed42_epoch50/liver_0732.png,nnUNet_raw/Dataset001_AUL/labelsTs/liver_0732.png,liver_0732,normal,data/source/AUL/Normal/image/83.jpg,image,False,480,640,0,0,0,0,0,0,0,,,,False,,,,,False,normal_true_negative
predictions_milestones_625images_seed42_epoch50,42,50,epoch50,PlainConvUNet,predictions/preliminary_milestones_test/seed42/predictions_milestones_625images_seed42_epoch50/liver_0733.png,nnUNet_raw/Dataset001_AUL/labelsTs/liver_0733.png,liver_0733,normal,data/source/AUL/Normal/image/2.jpg,image,False,576,768,0,0,0,0,0,0,0,,,,False,,,,,False,normal_true_negative
predictions_milestones_625images_seed42_epoch50,42,50,epoch50,PlainConvUNet,predictions/preliminary_milestones_test/seed42/predictions_milestones_625images_seed42_epoch50/liver_0734.png,nnUNet_raw/Dataset001_AUL/labelsTs/liver_0734.png,liver_0734,normal,data/source/AUL/Normal/image/39.jpg,image,False,576,720,0,0,0,0,0,0,0,,,,False,,,,,False,normal_true_negative
predictions_milestones_625images_seed42_epoch50,42,50,epoch50,PlainConvUNet,predictions/preliminary_milestones_test/seed42/predictions_milestones_625images_seed42_epoch50/liver_0735.png,nnUNet_raw/Dataset001_AUL/labelsTs/liver_0735.png,liver_0735,normal,data/source/AUL/Normal/image/7.jpg,image,False,576,720,0,0,0,0,0,0,0,,,,False,,,,,False,normal_true_negative
predictions_milestones_625images_seed42_epoch500,42,500,epoch500,PlainConvUNet,predictions/preliminary_milestones_test/seed42/predictions_milestones_625images_seed42_epoch500/liver_0626.png,nnUNet_raw/Dataset001_AUL/labelsTs/liver_0626.png,liver_0626,benign,data/source/AUL/Benign/image/159.jpg,image,True,576,720,1748,0,0,0,1748,0,1748,0.0,0.0,0.0,False,False,False,False,False,,unflagged
predictions_milestones_625images_seed42_epoch500,42,500,epoch500,PlainConvUNet,predictions/preliminary_milestones_test/seed42/predictions_milestones_625images_seed42_epoch500/liver_0627.png,nnUNet_raw/Dataset001_AUL/labelsTs/liver_0627.png,liver_0627,benign,data/source/AUL/Benign/image/88.jpg,image,True,768,1024,49605,40796,40796,31197,59204,31197,59204,0.6901914801827413,0.5269407472468076,0.5321631441584361,True,True,True,True,True,,overlapping_detected
predictions_milestones_625images_seed42_epoch500,42,500,epoch500,PlainConvUNet,predictions/preliminary_milestones_test/seed42/predictions_milestones_625images_seed42_epoch500/liver_0628.png,nnUNet_raw/Dataset001_AUL/labelsTs/liver_0628.png,liver_0628,benign,data/source/AUL/Benign/image/190.jpg,image,True,576,720,7141,0,0,0,7141,0,7141,0.0,0.0,0.0,False,False,False,False,False,,unflagged
predictions_milestones_625images_seed42_epoch500,42,500,epoch500,PlainConvUNet,predictions/preliminary_milestones_test/seed42/predictions_milestones_625images_seed42_epoch500/liver_0629.png,nnUNet_raw/Dataset001_AUL/labelsTs/liver_0629.png,liver_0629,benign,data/source/AUL/Benign/image/93.jpg,image,True,576,720,45215,8383,8366,8369,45229,8352,45229,0.3122877719317885,0.18503614937318977,0.1846602843308497,True,True,False,False,True,,overlapping_detected
predictions_milestones_625images_seed42_epoch500,42,500,epoch500,PlainConvUNet,predictions/preliminary_milestones_test/seed42/predictions_milestones_625images_seed42_epoch500/liver_0630.png,nnUNet_raw/Dataset001_AUL/labelsTs/liver_0630.png,liver_0630,benign,data/source/AUL/Benign/image/2.jpg,image,True,576,720,1657,2458,2458,1657,2458,1657,2458,0.8053462940461725,0.6741253051261188,0.6741253051261188,True,True,True,True,True,,overlapping_detected
predictions_milestones_625images_seed42_epoch500,42,500,epoch500,PlainConvUNet,predictions/preliminary_milestones_test/seed42/predictions_milestones_625images_seed42_epoch500/liver_0631.png,nnUNet_raw/Dataset001_AUL/labelsTs/liver_0631.png,liver_0631,benign,data/source/AUL/Benign/image/28.jpg,image,True,576,720,2175,0,0,0,2175,0,2175,0.0,0.0,0.0,False,False,False,False,False,,unflagged
predictions_milestones_625images_seed42_epoch500,42,500,epoch500,PlainConvUNet,predictions/preliminary_milestones_test/seed42/predictions_milestones_625images_seed42_epoch500/liver_0632.png,nnUNet_raw/Dataset001_AUL/labelsTs/liver_0632.png,liver_0632,benign,data/source/AUL/Benign/image/110.jpg,image,True,576,720,3443,7042,7042,3443,7042,3443,7042,0.6567477348593228,0.488923601249645,0.488923601249645,True,True,True,False,True,,overlapping_detected
predictions_milestones_625images_seed42_epoch500,42,500,epoch500,PlainConvUNet,predictions/preliminary_milestones_test/seed42/predictions_milestones_625images_seed42_epoch500/liver_0633.png,nnUNet_raw/Dataset001_AUL/labelsTs/liver_0633.png,liver_0633,benign,data/source/AUL/Benign/image/100.jpg,image,True,576,720,1230,0,0,0,1230,0,1230,0.0,0.0,0.0,False,False,False,False,False,,unflagged
predictions_milestones_625images_seed42_epoch500,42,500,epoch500,PlainConvUNet,predictions/preliminary_milestones_test/seed42/predictions_milestones_625images_seed42_epoch500/liver_0634.png,nnUNet_raw/Dataset001_AUL/labelsTs/liver_0634.png,liver_0634,benign,data/source/AUL/Benign/image/157.jpg,image,True,576,768,722,0,0,0,722,0,722,0.0,0.0,0.0,False,False,False,False,False,,unflagged
predictions_milestones_625images_seed42_epoch500,42,500,epoch500,PlainConvUNet,predictions/preliminary_milestones_test/seed42/predictions_milestones_625images_seed42_epoch500/liver_0635.png,nnUNet_raw/Dataset001_AUL/labelsTs/liver_0635.png,liver_0635,benign,data/source/AUL/Benign/image/139.jpg,image,True,576,720,633,0,0,0,633,0,633,0.0,0.0,0.0,False,False,False,False,False,,unflagged
predictions_milestones_625images_seed42_epoch500,42,500,epoch500,PlainConvUNet,predictions/preliminary_milestones_test/seed42/predictions_milestones_625images_seed42_epoch500/liver_0636.png,nnUNet_raw/Dataset001_AUL/labelsTs/liver_0636.png,liver_0636,benign,data/source/AUL/Benign/image/41.jpg,image,True,576,720,692,0,0,0,692,0,692,0.0,0.0,0.0,False,False,False,False,False,,unflagged
predictions_milestones_625images_seed42_epoch500,42,500,epoch500,PlainConvUNet,predictions/preliminary_milestones_test/seed42/predictions_milestones_625images_seed42_epoch500/liver_0637.png,nnUNet_raw/Dataset001_AUL/labelsTs/liver_0637.png,liver_0637,benign,data/source/AUL/Benign/image/72.jpg,image,True,576,720,581,1005,1005,580,1006,580,1006,0.7313997477931904,0.5765407554671969,0.5765407554671969,True,True,True,True,True,,overlapping_detected
predictions_milestones_625images_seed42_epoch500,42,500,epoch500,PlainConvUNet,predictions/preliminary_milestones_test/seed42/predictions_milestones_625images_seed42_epoch500/liver_0638.png,nnUNet_raw/Dataset001_AUL/labelsTs/liver_0638.png,liver_0638,benign,data/source/AUL/Benign/image/34.jpg,image,True,576,720,19367,12009,12009,11251,20125,11251,20125,0.7171723610402856,0.559055900621118,0.559055900621118,True,True,True,True,True,,overlapping_detected
predictions_milestones_625images_seed42_epoch500,42,500,epoch500,PlainConvUNet,predictions/preliminary_milestones_test/seed42/predictions_milestones_625images_seed42_epoch500/liver_0639.png,nnUNet_raw/Dataset001_AUL/labelsTs/liver_0639.png,liver_0639,benign,data/source/AUL/Benign/image/168.jpg,image,True,576,720,4723,0,0,0,4723,0,4723,0.0,0.0,0.0,False,False,False,False,False,,unflagged
predictions_milestones_625images_seed42_epoch500,42,500,epoch500,PlainConvUNet,predictions/preliminary_milestones_test/seed42/predictions_milestones_625images_seed42_epoch500/liver_0640.png,nnUNet_raw/Dataset001_AUL/labelsTs/liver_0640.png,liver_0640,benign,data/source/AUL/Benign/image/61.jpg,image,True,768,1024,81560,71343,71343,66988,85915,66988,85915,0.8762156399809029,0.779700867136123,0.779700867136123,True,True,True,True,True,,overlapping_detected
predictions_milestones_625images_seed42_epoch500,42,500,epoch500,PlainConvUNet,predictions/preliminary_milestones_test/seed42/predictions_milestones_625images_seed42_epoch500/liver_0641.png,nnUNet_raw/Dataset001_AUL/labelsTs/liver_0641.png,liver_0641,benign,data/source/AUL/Benign/image/7.jpg,image,True,910,1260,27246,26107,26107,25323,28030,25323,28030,0.9492624594680712,0.9034249018908312,0.9034249018908312,True,True,True,True,True,,overlapping_detected
predictions_milestones_625images_seed42_epoch500,42,500,epoch500,PlainConvUNet,predictions/preliminary_milestones_test/seed42/predictions_milestones_625images_seed42_epoch500/liver_0642.png,nnUNet_raw/Dataset001_AUL/labelsTs/liver_0642.png,liver_0642,benign,data/source/AUL/Benign/image/14.jpg,image,True,768,1024,12225,19962,19962,12215,19972,12215,19972,0.7590020815857333,0.6116062487482475,0.6116062487482475,True,True,True,True,True,,overlapping_detected
predictions_milestones_625images_seed42_epoch500,42,500,epoch500,PlainConvUNet,predictions/preliminary_milestones_test/seed42/predictions_milestones_625images_seed42_epoch500/liver_0643.png,nnUNet_raw/Dataset001_AUL/labelsTs/liver_0643.png,liver_0643,benign,data/source/AUL/Benign/image/36.jpg,image,True,576,720,2022,52,0,52,2022,0,2022,0.05014464802314368,0.025717111770524232,0.0,False,False,False,False,False,,unflagged
predictions_milestones_625images_seed42_epoch500,42,500,epoch500,PlainConvUNet,predictions/preliminary_milestones_test/seed42/predictions_milestones_625images_seed42_epoch500/liver_0644.png,nnUNet_raw/Dataset001_AUL/labelsTs/liver_0644.png,liver_0644,benign,data/source/AUL/Benign/image/126.jpg,image,True,600,800,11845,8668,8668,849,19664,849,19664,0.0827767757032126,0.0431753458096013,0.07167581257914732,True,True,False,False,True,,overlapping_detected
predictions_milestones_625images_seed42_epoch500,42,500,epoch500,PlainConvUNet,predictions/preliminary_milestones_test/seed42/predictions_milestones_625images_seed42_epoch500/liver_0645.png,nnUNet_raw/Dataset001_AUL/labelsTs/liver_0645.png,liver_0645,benign,data/source/AUL/Benign/image/101.jpg,image,True,576,720,1205,0,0,0,1205,0,1205,0.0,0.0,0.0,False,False,False,False,False,,unflagged
predictions_milestones_625images_seed42_epoch500,42,500,epoch500,PlainConvUNet,predictions/preliminary_milestones_test/seed42/predictions_milestones_625images_seed42_epoch500/liver_0646.png,nnUNet_raw/Dataset001_AUL/labelsTs/liver_0646.png,liver_0646,benign,data/source/AUL/Benign/image/62.jpg,image,True,576,720,847,3406,3406,355,3898,355,3898,0.16694098283564543,0.09107234479220112,0.21805392731535755,True,True,False,False,True,,overlapping_detected
predictions_milestones_625images_seed42_epoch500,42,500,epoch500,PlainConvUNet,predictions/preliminary_milestones_test/seed42/predictions_milestones_625images_seed42_epoch500/liver_0647.png,nnUNet_raw/Dataset001_AUL/labelsTs/liver_0647.png,liver_0647,benign,data/source/AUL/Benign/image/112.jpg,image,True,576,720,1708,152,152,152,1708,152,1708,0.16344086021505377,0.08899297423887588,0.08899297423887588,True,True,False,False,True,,overlapping_detected
predictions_milestones_625images_seed42_epoch500,42,500,epoch500,PlainConvUNet,predictions/preliminary_milestones_test/seed42/predictions_milestones_625images_seed42_epoch500/liver_0648.png,nnUNet_raw/Dataset001_AUL/labelsTs/liver_0648.png,liver_0648,benign,data/source/AUL/Benign/image/137.jpg,image,True,576,720,2494,1791,1791,0,4285,0,4285,0.0,0.0,0.0,True,False,False,False,False,,flagged_without_detection
predictions_milestones_625images_seed42_epoch500,42,500,epoch500,PlainConvUNet,predictions/preliminary_milestones_test/seed42/predictions_milestones_625images_seed42_epoch500/liver_0649.png,nnUNet_raw/Dataset001_AUL/labelsTs/liver_0649.png,liver_0649,benign,data/source/AUL/Benign/image/32.jpg,image,True,576,720,10842,0,0,0,10842,0,10842,0.0,0.0,0.0,False,False,False,False,False,,unflagged
predictions_milestones_625images_seed42_epoch500,42,500,epoch500,PlainConvUNet,predictions/preliminary_milestones_test/seed42/predictions_milestones_625images_seed42_epoch500/liver_0650.png,nnUNet_raw/Dataset001_AUL/labelsTs/liver_0650.png,liver_0650,benign,data/source/AUL/Benign/image/87.jpg,image,True,576,720,6010,0,0,0,6010,0,6010,0.0,0.0,0.0,False,False,False,False,False,,unflagged
predictions_milestones_625images_seed42_epoch500,42,500,epoch500,PlainConvUNet,predictions/preliminary_milestones_test/seed42/predictions_milestones_625images_seed42_epoch500/liver_0651.png,nnUNet_raw/Dataset001_AUL/labelsTs/liver_0651.png,liver_0651,benign,data/source/AUL/Benign/image/65.jpg,image,True,576,720,6513,5769,5769,5269,7013,5269,7013,0.8580035824784237,0.7513189790389277,0.7513189790389277,True,True,True,True,True,,overlapping_detected
predictions_milestones_625images_seed42_epoch500,42,500,epoch500,PlainConvUNet,predictions/preliminary_milestones_test/seed42/predictions_milestones_625images_seed42_epoch500/liver_0652.png,nnUNet_raw/Dataset001_AUL/labelsTs/liver_0652.png,liver_0652,benign,data/source/AUL/Benign/image/141.jpg,image,True,576,720,1533,0,0,0,1533,0,1533,0.0,0.0,0.0,False,False,False,False,False,,unflagged
predictions_milestones_625images_seed42_epoch500,42,500,epoch500,PlainConvUNet,predictions/preliminary_milestones_test/seed42/predictions_milestones_625images_seed42_epoch500/liver_0653.png,nnUNet_raw/Dataset001_AUL/labelsTs/liver_0653.png,liver_0653,benign,data/source/AUL/Benign/image/199.jpg,image,True,576,720,2792,0,0,0,2792,0,2792,0.0,0.0,0.0,False,False,False,False,False,,unflagged
predictions_milestones_625images_seed42_epoch500,42,500,epoch500,PlainConvUNet,predictions/preliminary_milestones_test/seed42/predictions_milestones_625images_seed42_epoch500/liver_0654.png,nnUNet_raw/Dataset001_AUL/labelsTs/liver_0654.png,liver_0654,benign,data/source/AUL/Benign/image/103.jpg,image,True,576,768,398,1849,1849,0,2247,0,2247,0.0,0.0,0.0,True,False,False,False,False,,flagged_without_detection
predictions_milestones_625images_seed42_epoch500,42,500,epoch500,PlainConvUNet,predictions/preliminary_milestones_test/seed42/predictions_milestones_625images_seed42_epoch500/liver_0655.png,nnUNet_raw/Dataset001_AUL/labelsTs/liver_0655.png,liver_0655,benign,data/source/AUL/Benign/image/94.jpg,image,True,600,800,11368,1740,1740,1740,11368,1740,11368,0.26548672566371684,0.15306122448979592,0.15306122448979592,True,True,False,False,True,,overlapping_detected
predictions_milestones_625images_seed42_epoch500,42,500,epoch500,PlainConvUNet,predictions/preliminary_milestones_test/seed42/predictions_milestones_625images_seed42_epoch500/liver_0656.png,nnUNet_raw/Dataset001_AUL/labelsTs/liver_0656.png,liver_0656,malignant,data/source/AUL/Malignant/image/45.jpg,image,True,576,720,4392,3695,3695,3695,4392,3695,4392,0.913812291331767,0.8413023679417122,0.8413023679417122,True,True,True,True,True,,overlapping_detected
predictions_milestones_625images_seed42_epoch500,42,500,epoch500,PlainConvUNet,predictions/preliminary_milestones_test/seed42/predictions_milestones_625images_seed42_epoch500/liver_0657.png,nnUNet_raw/Dataset001_AUL/labelsTs/liver_0657.png,liver_0657,malignant,data/source/AUL/Malignant/image/412.jpg,image,True,768,1024,20650,16216,16216,14245,22621,14245,22621,0.7727987847881517,0.629724592193095,0.629724592193095,True,True,True,True,True,,overlapping_detected
predictions_milestones_625images_seed42_epoch500,42,500,epoch500,PlainConvUNet,predictions/preliminary_milestones_test/seed42/predictions_milestones_625images_seed42_epoch500/liver_0658.png,nnUNet_raw/Dataset001_AUL/labelsTs/liver_0658.png,liver_0658,malignant,data/source/AUL/Malignant/image/25.jpg,image,True,600,800,31883,19959,19959,19434,32408,19434,32408,0.749739593379885,0.5996667489508763,0.5996667489508763,True,True,True,True,True,,overlapping_detected
predictions_milestones_625images_seed42_epoch500,42,500,epoch500,PlainConvUNet,predictions/preliminary_milestones_test/seed42/predictions_milestones_625images_seed42_epoch500/liver_0659.png,nnUNet_raw/Dataset001_AUL/labelsTs/liver_0659.png,liver_0659,malignant,data/source/AUL/Malignant/image/313.jpg,image,True,576,720,9106,5781,5781,5079,9808,5079,9808,0.6823402969033385,0.5178425774877651,0.5178425774877651,True,True,True,True,True,,overlapping_detected
predictions_milestones_625images_seed42_epoch500,42,500,epoch500,PlainConvUNet,predictions/preliminary_milestones_test/seed42/predictions_milestones_625images_seed42_epoch500/liver_0660.png,nnUNet_raw/Dataset001_AUL/labelsTs/liver_0660.png,liver_0660,malignant,data/source/AUL/Malignant/image/236.jpg,image,True,768,1024,9890,9402,9402,8679,10613,8679,10613,0.8997511922040224,0.8177706586262131,0.8177706586262131,True,True,True,True,True,,overlapping_detected
predictions_milestones_625images_seed42_epoch500,42,500,epoch500,PlainConvUNet,predictions/preliminary_milestones_test/seed42/predictions_milestones_625images_seed42_epoch500/liver_0661.png,nnUNet_raw/Dataset001_AUL/labelsTs/liver_0661.png,liver_0661,malignant,data/source/AUL/Malignant/image/42.jpg,image,True,768,1024,66153,66367,66367,63164,69356,63164,69356,0.9532749773619076,0.9107214948958994,0.9107214948958994,True,True,True,True,True,,overlapping_detected
predictions_milestones_625images_seed42_epoch500,42,500,epoch500,PlainConvUNet,predictions/preliminary_milestones_test/seed42/predictions_milestones_625images_seed42_epoch500/liver_0662.png,nnUNet_raw/Dataset001_AUL/labelsTs/liver_0662.png,liver_0662,malignant,data/source/AUL/Malignant/image/310.jpg,image,True,768,1024,5978,6366,6366,5567,6777,5567,6777,0.9019766688269605,0.8214549210565146,0.8214549210565146,True,True,True,True,True,,overlapping_detected
predictions_milestones_625images_seed42_epoch500,42,500,epoch500,PlainConvUNet,predictions/preliminary_milestones_test/seed42/predictions_milestones_625images_seed42_epoch500/liver_0663.png,nnUNet_raw/Dataset001_AUL/labelsTs/liver_0663.png,liver_0663,malignant,data/source/AUL/Malignant/image/240.jpg,image,True,576,720,823,162,162,0,985,0,985,0.0,0.0,0.0,True,False,False,False,False,,flagged_without_detection
predictions_milestones_625images_seed42_epoch500,42,500,epoch500,PlainConvUNet,predictions/preliminary_milestones_test/seed42/predictions_milestones_625images_seed42_epoch500/liver_0664.png,nnUNet_raw/Dataset001_AUL/labelsTs/liver_0664.png,liver_0664,malignant,data/source/AUL/Malignant/image/221.jpg,image,True,768,1024,14943,52881,52881,14943,52881,14943,52881,0.4406404812455768,0.28257786350485053,0.28257786350485053,True,True,True,False,True,,overlapping_detected
predictions_milestones_625images_seed42_epoch500,42,500,epoch500,PlainConvUNet,predictions/preliminary_milestones_test/seed42/predictions_milestones_625images_seed42_epoch500/liver_0665.png,nnUNet_raw/Dataset001_AUL/labelsTs/liver_0665.png,liver_0665,malignant,data/source/AUL/Malignant/image/433.jpg,image,True,768,1024,5406,5770,5770,5192,5984,5192,5984,0.9291338582677166,0.8676470588235294,0.8676470588235294,True,True,True,True,True,,overlapping_detected
predictions_milestones_625images_seed42_epoch500,42,500,epoch500,PlainConvUNet,predictions/preliminary_milestones_test/seed42/predictions_milestones_625images_seed42_epoch500/liver_0666.png,nnUNet_raw/Dataset001_AUL/labelsTs/liver_0666.png,liver_0666,malignant,data/source/AUL/Malignant/image/165.jpg,image,True,768,1024,48852,35415,35415,30316,53951,30316,53951,0.719522470243393,0.5619172953235343,0.5619172953235343,True,True,True,True,True,,overlapping_detected
predictions_milestones_625images_seed42_epoch500,42,500,epoch500,PlainConvUNet,predictions/preliminary_milestones_test/seed42/predictions_milestones_625images_seed42_epoch500/liver_0667.png,nnUNet_raw/Dataset001_AUL/labelsTs/liver_0667.png,liver_0667,malignant,data/source/AUL/Malignant/image/11.jpg,image,True,768,1024,44625,41738,41738,41055,45308,41055,45308,0.9507543739795977,0.9061313675289132,0.9061313675289132,True,True,True,True,True,,overlapping_detected
predictions_milestones_625images_seed42_epoch500,42,500,epoch500,PlainConvUNet,predictions/preliminary_milestones_test/seed42/predictions_milestones_625images_seed42_epoch500/liver_0668.png,nnUNet_raw/Dataset001_AUL/labelsTs/liver_0668.png,liver_0668,malignant,data/source/AUL/Malignant/image/364.jpg,image,True,768,1024,173121,102605,102605,96129,179597,96129,179597,0.6972791829569935,0.5352483616096038,0.5352483616096038,True,True,True,True,True,,overlapping_detected
predictions_milestones_625images_seed42_epoch500,42,500,epoch500,PlainConvUNet,predictions/preliminary_milestones_test/seed42/predictions_milestones_625images_seed42_epoch500/liver_0669.png,nnUNet_raw/Dataset001_AUL/labelsTs/liver_0669.png,liver_0669,malignant,data/source/AUL/Malignant/image/66.jpg,image,True,768,1024,100152,101604,101604,97119,104637,97119,104637,0.9627371676678761,0.9281516098511998,0.9281516098511998,True,True,True,True,True,,overlapping_detected
predictions_milestones_625images_seed42_epoch500,42,500,epoch500,PlainConvUNet,predictions/preliminary_milestones_test/seed42/predictions_milestones_625images_seed42_epoch500/liver_0670.png,nnUNet_raw/Dataset001_AUL/labelsTs/liver_0670.png,liver_0670,malignant,data/source/AUL/Malignant/image/391.jpg,image,True,768,1024,5783,7207,7207,5740,7250,5740,7250,0.8837567359507313,0.7917241379310345,0.7917241379310345,True,True,True,True,True,,overlapping_detected
predictions_milestones_625images_seed42_epoch500,42,500,epoch500,PlainConvUNet,predictions/preliminary_milestones_test/seed42/predictions_milestones_625images_seed42_epoch500/liver_0671.png,nnUNet_raw/Dataset001_AUL/labelsTs/liver_0671.png,liver_0671,malignant,data/source/AUL/Malignant/image/161.jpg,image,True,576,720,3441,3353,3353,3185,3609,3185,3609,0.9375919929349426,0.8825159323912442,0.8825159323912442,True,True,True,True,True,,overlapping_detected
predictions_milestones_625images_seed42_epoch500,42,500,epoch500,PlainConvUNet,predictions/preliminary_milestones_test/seed42/predictions_milestones_625images_seed42_epoch500/liver_0672.png,nnUNet_raw/Dataset001_AUL/labelsTs/liver_0672.png,liver_0672,malignant,data/source/AUL/Malignant/image/405.jpg,image,True,768,1024,5554,1824,1824,1795,5583,1795,5583,0.48658172946597994,0.3215117320437041,0.3215117320437041,True,True,True,False,True,,overlapping_detected
predictions_milestones_625images_seed42_epoch500,42,500,epoch500,PlainConvUNet,predictions/preliminary_milestones_test/seed42/predictions_milestones_625images_seed42_epoch500/liver_0673.png,nnUNet_raw/Dataset001_AUL/labelsTs/liver_0673.png,liver_0673,malignant,data/source/AUL/Malignant/image/168.jpg,image,True,768,1024,34845,16332,16332,13611,37566,13611,37566,0.5319186353244622,0.3623223127295959,0.3623223127295959,True,True,True,False,True,,overlapping_detected
predictions_milestones_625images_seed42_epoch500,42,500,epoch500,PlainConvUNet,predictions/preliminary_milestones_test/seed42/predictions_milestones_625images_seed42_epoch500/liver_0674.png,nnUNet_raw/Dataset001_AUL/labelsTs/liver_0674.png,liver_0674,malignant,data/source/AUL/Malignant/image/196.jpg,image,True,768,1024,24164,25349,25349,22801,26712,22801,26712,0.9210106436693394,0.853586403114705,0.853586403114705,True,True,True,True,True,,overlapping_detected
predictions_milestones_625images_seed42_epoch500,42,500,epoch500,PlainConvUNet,predictions/preliminary_milestones_test/seed42/predictions_milestones_625images_seed42_epoch500/liver_0675.png,nnUNet_raw/Dataset001_AUL/labelsTs/liver_0675.png,liver_0675,malignant,data/source/AUL/Malignant/image/155.jpg,image,True,768,1024,37188,30230,30230,29738,37680,29738,37680,0.8821976326796998,0.7892250530785563,0.7892250530785563,True,True,True,True,True,,overlapping_detected
predictions_milestones_625images_seed42_epoch500,42,500,epoch500,PlainConvUNet,predictions/preliminary_milestones_test/seed42/predictions_milestones_625images_seed42_epoch500/liver_0676.png,nnUNet_raw/Dataset001_AUL/labelsTs/liver_0676.png,liver_0676,malignant,data/source/AUL/Malignant/image/374.jpg,image,True,576,768,44291,3023,3023,3023,44291,3023,44291,0.127784588071184,0.06825314397958954,0.03291865164480368,True,True,False,False,True,,overlapping_detected
predictions_milestones_625images_seed42_epoch500,42,500,epoch500,PlainConvUNet,predictions/preliminary_milestones_test/seed42/predictions_milestones_625images_seed42_epoch500/liver_0677.png,nnUNet_raw/Dataset001_AUL/labelsTs/liver_0677.png,liver_0677,malignant,data/source/AUL/Malignant/image/201.jpg,image,True,600,800,24151,31039,31039,0,55190,0,55190,0.0,0.0,0.0,True,False,False,False,False,,flagged_without_detection
predictions_milestones_625images_seed42_epoch500,42,500,epoch500,PlainConvUNet,predictions/preliminary_milestones_test/seed42/predictions_milestones_625images_seed42_epoch500/liver_0678.png,nnUNet_raw/Dataset001_AUL/labelsTs/liver_0678.png,liver_0678,malignant,data/source/AUL/Malignant/image/225.jpg,image,True,768,1024,65957,78399,78399,55457,88899,55457,88899,0.7683366122641248,0.6238202904419622,0.6404476215773002,True,True,True,True,True,,overlapping_detected
predictions_milestones_625images_seed42_epoch500,42,500,epoch500,PlainConvUNet,predictions/preliminary_milestones_test/seed42/predictions_milestones_625images_seed42_epoch500/liver_0679.png,nnUNet_raw/Dataset001_AUL/labelsTs/liver_0679.png,liver_0679,malignant,data/source/AUL/Malignant/image/173.jpg,image,True,768,1024,69250,56533,56533,49933,75850,49933,75850,0.7939546679598992,0.6583124588002637,0.6583124588002637,True,True,True,True,True,,overlapping_detected
predictions_milestones_625images_seed42_epoch500,42,500,epoch500,PlainConvUNet,predictions/preliminary_milestones_test/seed42/predictions_milestones_625images_seed42_epoch500/liver_0680.png,nnUNet_raw/Dataset001_AUL/labelsTs/liver_0680.png,liver_0680,malignant,data/source/AUL/Malignant/image/214.jpg,image,True,576,720,7064,9860,9860,6736,10188,6736,10188,0.7960293074923186,0.6611700039261876,0.6611700039261876,True,True,True,True,True,,overlapping_detected
predictions_milestones_625images_seed42_epoch500,42,500,epoch500,PlainConvUNet,predictions/preliminary_milestones_test/seed42/predictions_milestones_625images_seed42_epoch500/liver_0681.png,nnUNet_raw/Dataset001_AUL/labelsTs/liver_0681.png,liver_0681,malignant,data/source/AUL/Malignant/image/172.jpg,image,True,768,1024,124729,107457,107457,106091,126095,106091,126095,0.91384493466445,0.8413577064911376,0.8413577064911376,True,True,True,True,True,,overlapping_detected
predictions_milestones_625images_seed42_epoch500,42,500,epoch500,PlainConvUNet,predictions/preliminary_milestones_test/seed42/predictions_milestones_625images_seed42_epoch500/liver_0682.png,nnUNet_raw/Dataset001_AUL/labelsTs/liver_0682.png,liver_0682,malignant,data/source/AUL/Malignant/image/380.jpg,image,True,576,768,3291,8884,8884,1645,10530,1645,10530,0.2702258726899384,0.15622032288698956,0.4998480704952902,True,True,False,False,True,,overlapping_detected
predictions_milestones_625images_seed42_epoch500,42,500,epoch500,PlainConvUNet,predictions/preliminary_milestones_test/seed42/predictions_milestones_625images_seed42_epoch500/liver_0683.png,nnUNet_raw/Dataset001_AUL/labelsTs/liver_0683.png,liver_0683,malignant,data/source/AUL/Malignant/image/22.jpg,image,True,600,800,30876,22305,22305,20653,32528,20653,32528,0.7767059664165773,0.634929906542056,0.634929906542056,True,True,True,True,True,,overlapping_detected
predictions_milestones_625images_seed42_epoch500,42,500,epoch500,PlainConvUNet,predictions/preliminary_milestones_test/seed42/predictions_milestones_625images_seed42_epoch500/liver_0684.png,nnUNet_raw/Dataset001_AUL/labelsTs/liver_0684.png,liver_0684,malignant,data/source/AUL/Malignant/image/138.jpg,image,True,576,720,2445,21,0,21,2445,0,2445,0.0170316301703163,0.008588957055214725,0.0,False,False,False,False,False,,unflagged
predictions_milestones_625images_seed42_epoch500,42,500,epoch500,PlainConvUNet,predictions/preliminary_milestones_test/seed42/predictions_milestones_625images_seed42_epoch500/liver_0685.png,nnUNet_raw/Dataset001_AUL/labelsTs/liver_0685.png,liver_0685,malignant,data/source/AUL/Malignant/image/19.jpg,image,True,768,1024,116682,122763,122763,116099,123346,116099,123346,0.9697341769508655,0.9412465746761144,0.9412465746761144,True,True,True,True,True,,overlapping_detected
predictions_milestones_625images_seed42_epoch500,42,500,epoch500,PlainConvUNet,predictions/preliminary_milestones_test/seed42/predictions_milestones_625images_seed42_epoch500/liver_0686.png,nnUNet_raw/Dataset001_AUL/labelsTs/liver_0686.png,liver_0686,malignant,data/source/AUL/Malignant/image/312.jpg,image,True,808,1038,23647,22650,22650,22001,24296,22001,24296,0.9504287534829471,0.9055400065854462,0.9055400065854462,True,True,True,True,True,,overlapping_detected
predictions_milestones_625images_seed42_epoch500,42,500,epoch500,PlainConvUNet,predictions/preliminary_milestones_test/seed42/predictions_milestones_625images_seed42_epoch500/liver_0687.png,nnUNet_raw/Dataset001_AUL/labelsTs/liver_0687.png,liver_0687,malignant,data/source/AUL/Malignant/image/29.jpg,image,True,768,1024,18558,18648,18648,17453,19753,17453,19753,0.9381820136537118,0.8835619905837088,0.8835619905837088,True,True,True,True,True,,overlapping_detected
predictions_milestones_625images_seed42_epoch500,42,500,epoch500,PlainConvUNet,predictions/preliminary_milestones_test/seed42/predictions_milestones_625images_seed42_epoch500/liver_0688.png,nnUNet_raw/Dataset001_AUL/labelsTs/liver_0688.png,liver_0688,malignant,data/source/AUL/Malignant/image/203.jpg,image,True,768,1024,30263,28643,28643,26978,31928,26978,31928,0.9159678131259974,0.8449636682535705,0.8449636682535705,True,True,True,True,True,,overlapping_detected
predictions_milestones_625images_seed42_epoch500,42,500,epoch500,PlainConvUNet,predictions/preliminary_milestones_test/seed42/predictions_milestones_625images_seed42_epoch500/liver_0689.png,nnUNet_raw/Dataset001_AUL/labelsTs/liver_0689.png,liver_0689,malignant,data/source/AUL/Malignant/image/192.jpg,image,True,768,1024,44050,36853,36786,33981,46922,33937,46899,0.8400430144741233,0.7242018669280934,0.723618840487004,True,True,True,True,True,,overlapping_detected
predictions_milestones_625images_seed42_epoch500,42,500,epoch500,PlainConvUNet,predictions/preliminary_milestones_test/seed42/predictions_milestones_625images_seed42_epoch500/liver_0690.png,nnUNet_raw/Dataset001_AUL/labelsTs/liver_0690.png,liver_0690,malignant,data/source/AUL/Malignant/image/371.jpg,image,True,625,819,27624,1603,1603,1603,27624,1603,27624,0.10969309200396893,0.05802924992759919,0.04554011004923255,True,True,False,False,True,,overlapping_detected
predictions_milestones_625images_seed42_epoch500,42,500,epoch500,PlainConvUNet,predictions/preliminary_milestones_test/seed42/predictions_milestones_625images_seed42_epoch500/liver_0691.png,nnUNet_raw/Dataset001_AUL/labelsTs/liver_0691.png,liver_0691,malignant,data/source/AUL/Malignant/image/167.jpg,image,True,749,894,3606,4884,4884,3595,4895,3595,4895,0.8468786808009423,0.7344228804902962,0.7344228804902962,True,True,True,True,True,,overlapping_detected
predictions_milestones_625images_seed42_epoch500,42,500,epoch500,PlainConvUNet,predictions/preliminary_milestones_test/seed42/predictions_milestones_625images_seed42_epoch500/liver_0692.png,nnUNet_raw/Dataset001_AUL/labelsTs/liver_0692.png,liver_0692,malignant,data/source/AUL/Malignant/image/367.jpg,image,True,576,720,2716,0,0,0,2716,0,2716,0.0,0.0,0.0,False,False,False,False,False,,unflagged
predictions_milestones_625images_seed42_epoch500,42,500,epoch500,PlainConvUNet,predictions/preliminary_milestones_test/seed42/predictions_milestones_625images_seed42_epoch500/liver_0693.png,nnUNet_raw/Dataset001_AUL/labelsTs/liver_0693.png,liver_0693,malignant,data/source/AUL/Malignant/image/275.jpg,image,True,768,1024,40538,37980,37889,28753,49765,28753,49674,0.73239257240378,0.5777755450617904,0.5867360473421079,True,True,True,True,True,,overlapping_detected
predictions_milestones_625images_seed42_epoch500,42,500,epoch500,PlainConvUNet,predictions/preliminary_milestones_test/seed42/predictions_milestones_625images_seed42_epoch500/liver_0694.png,nnUNet_raw/Dataset001_AUL/labelsTs/liver_0694.png,liver_0694,malignant,data/source/AUL/Malignant/image/41.jpg,image,True,768,1024,32179,24597,24597,23648,33128,23648,33128,0.8330280400169086,0.7138372373822748,0.7138372373822748,True,True,True,True,True,,overlapping_detected
predictions_milestones_625images_seed42_epoch500,42,500,epoch500,PlainConvUNet,predictions/preliminary_milestones_test/seed42/predictions_milestones_625images_seed42_epoch500/liver_0695.png,nnUNet_raw/Dataset001_AUL/labelsTs/liver_0695.png,liver_0695,malignant,data/source/AUL/Malignant/image/383.jpg,image,True,768,1024,30926,18736,18645,17636,32026,17545,32026,0.7102412307196649,0.5506775744707425,0.5478361331418222,True,True,True,True,True,,overlapping_detected
predictions_milestones_625images_seed42_epoch500,42,500,epoch500,PlainConvUNet,predictions/preliminary_milestones_test/seed42/predictions_milestones_625images_seed42_epoch500/liver_0696.png,nnUNet_raw/Dataset001_AUL/labelsTs/liver_0696.png,liver_0696,malignant,data/source/AUL/Malignant/image/106.jpg,image,True,768,1024,15772,12532,12532,12387,15917,12387,15917,0.8752826455624647,0.7782245398002136,0.7782245398002136,True,True,True,True,True,,overlapping_detected
predictions_milestones_625images_seed42_epoch500,42,500,epoch500,PlainConvUNet,predictions/preliminary_milestones_test/seed42/predictions_milestones_625images_seed42_epoch500/liver_0697.png,nnUNet_raw/Dataset001_AUL/labelsTs/liver_0697.png,liver_0697,malignant,data/source/AUL/Malignant/image/140.jpg,image,True,910,1260,16722,18404,18404,16379,18747,16379,18747,0.93258554916586,0.8736864564997067,0.8736864564997067,True,True,True,True,True,,overlapping_detected
predictions_milestones_625images_seed42_epoch500,42,500,epoch500,PlainConvUNet,predictions/preliminary_milestones_test/seed42/predictions_milestones_625images_seed42_epoch500/liver_0698.png,nnUNet_raw/Dataset001_AUL/labelsTs/liver_0698.png,liver_0698,malignant,data/source/AUL/Malignant/image/327.jpg,image,True,768,1024,25104,24228,24228,22132,27200,22132,27200,0.8972674937160464,0.8136764705882353,0.8136764705882353,True,True,True,True,True,,overlapping_detected
predictions_milestones_625images_seed42_epoch500,42,500,epoch500,PlainConvUNet,predictions/preliminary_milestones_test/seed42/predictions_milestones_625images_seed42_epoch500/liver_0699.png,nnUNet_raw/Dataset001_AUL/labelsTs/liver_0699.png,liver_0699,malignant,data/source/AUL/Malignant/image/77.jpg,image,True,768,1024,75785,71403,71403,69548,77640,69548,77640,0.9450226920672881,0.8957753735188048,0.8957753735188048,True,True,True,True,True,,overlapping_detected
predictions_milestones_625images_seed42_epoch500,42,500,epoch500,PlainConvUNet,predictions/preliminary_milestones_test/seed42/predictions_milestones_625images_seed42_epoch500/liver_0700.png,nnUNet_raw/Dataset001_AUL/labelsTs/liver_0700.png,liver_0700,malignant,data/source/AUL/Malignant/image/342.jpg,image,True,768,1024,194214,151375,151375,141067,204522,141067,204522,0.8163859382098388,0.689739979073156,0.6911119167532188,True,True,True,True,True,,overlapping_detected
predictions_milestones_625images_seed42_epoch500,42,500,epoch500,PlainConvUNet,predictions/preliminary_milestones_test/seed42/predictions_milestones_625images_seed42_epoch500/liver_0701.png,nnUNet_raw/Dataset001_AUL/labelsTs/liver_0701.png,liver_0701,malignant,data/source/AUL/Malignant/image/263.jpg,image,True,768,1024,34298,35768,35768,33482,36584,33482,36584,0.9557274569691434,0.9152088344631533,0.9152088344631533,True,True,True,True,True,,overlapping_detected
predictions_milestones_625images_seed42_epoch500,42,500,epoch500,PlainConvUNet,predictions/preliminary_milestones_test/seed42/predictions_milestones_625images_seed42_epoch500/liver_0702.png,nnUNet_raw/Dataset001_AUL/labelsTs/liver_0702.png,liver_0702,malignant,data/source/AUL/Malignant/image/288.jpg,image,True,576,720,1401,0,0,0,1401,0,1401,0.0,0.0,0.0,False,False,False,False,False,,unflagged
predictions_milestones_625images_seed42_epoch500,42,500,epoch500,PlainConvUNet,predictions/preliminary_milestones_test/seed42/predictions_milestones_625images_seed42_epoch500/liver_0703.png,nnUNet_raw/Dataset001_AUL/labelsTs/liver_0703.png,liver_0703,malignant,data/source/AUL/Malignant/image/304.jpg,image,True,768,1024,31066,32399,32399,30129,33336,30129,33336,0.9494682108248641,0.9037976961843053,0.9037976961843053,True,True,True,True,True,,overlapping_detected
predictions_milestones_625images_seed42_epoch500,42,500,epoch500,PlainConvUNet,predictions/preliminary_milestones_test/seed42/predictions_milestones_625images_seed42_epoch500/liver_0704.png,nnUNet_raw/Dataset001_AUL/labelsTs/liver_0704.png,liver_0704,malignant,data/source/AUL/Malignant/image/46.jpg,image,True,768,1024,24522,22324,22324,21005,25841,21005,25841,0.8967681338854971,0.8128555396462985,0.8128555396462985,True,True,True,True,True,,overlapping_detected
predictions_milestones_625images_seed42_epoch500,42,500,epoch500,PlainConvUNet,predictions/preliminary_milestones_test/seed42/predictions_milestones_625images_seed42_epoch500/liver_0705.png,nnUNet_raw/Dataset001_AUL/labelsTs/liver_0705.png,liver_0705,malignant,data/source/AUL/Malignant/image/195.jpg,image,True,768,1024,65348,73257,73257,64834,73771,64834,73771,0.9355218065726345,0.8788548345555842,0.8788548345555842,True,True,True,True,True,,overlapping_detected
predictions_milestones_625images_seed42_epoch500,42,500,epoch500,PlainConvUNet,predictions/preliminary_milestones_test/seed42/predictions_milestones_625images_seed42_epoch500/liver_0706.png,nnUNet_raw/Dataset001_AUL/labelsTs/liver_0706.png,liver_0706,malignant,data/source/AUL/Malignant/image/111.jpg,image,True,768,1024,54931,53777,53777,50872,57836,50872,57836,0.9359384773889686,0.8795905664292136,0.8795905664292136,True,True,True,True,True,,overlapping_detected
predictions_milestones_625images_seed42_epoch500,42,500,epoch500,PlainConvUNet,predictions/preliminary_milestones_test/seed42/predictions_milestones_625images_seed42_epoch500/liver_0707.png,nnUNet_raw/Dataset001_AUL/labelsTs/liver_0707.png,liver_0707,malignant,data/source/AUL/Malignant/image/363.jpg,image,True,768,1024,14074,18449,18449,14019,18504,14019,18504,0.8620975924730191,0.7576199740596627,0.7793095780754906,True,True,True,True,True,,overlapping_detected
predictions_milestones_625images_seed42_epoch500,42,500,epoch500,PlainConvUNet,predictions/preliminary_milestones_test/seed42/predictions_milestones_625images_seed42_epoch500/liver_0708.png,nnUNet_raw/Dataset001_AUL/labelsTs/liver_0708.png,liver_0708,malignant,data/source/AUL/Malignant/image/381.jpg,image,True,768,1024,11532,12732,12705,10768,13496,10768,13469,0.8875700626442466,0.7978660343805573,0.7994654391565817,True,True,True,True,True,,overlapping_detected
predictions_milestones_625images_seed42_epoch500,42,500,epoch500,PlainConvUNet,predictions/preliminary_milestones_test/seed42/predictions_milestones_625images_seed42_epoch500/liver_0709.png,nnUNet_raw/Dataset001_AUL/labelsTs/liver_0709.png,liver_0709,malignant,data/source/AUL/Malignant/image/249.jpg,image,True,768,1024,34415,38051,38051,32774,39692,32774,39692,0.9045345403361577,0.8257079512244281,0.8285678169637214,True,True,True,True,True,,overlapping_detected
predictions_milestones_625images_seed42_epoch500,42,500,epoch500,PlainConvUNet,predictions/preliminary_milestones_test/seed42/predictions_milestones_625images_seed42_epoch500/liver_0710.png,nnUNet_raw/Dataset001_AUL/labelsTs/liver_0710.png,liver_0710,malignant,data/source/AUL/Malignant/image/21.jpg,image,True,768,1024,125958,122607,122607,119248,129317,119248,129317,0.9594914811015227,0.9221370740119242,0.9221370740119242,True,True,True,True,True,,overlapping_detected
predictions_milestones_625images_seed42_epoch500,42,500,epoch500,PlainConvUNet,predictions/preliminary_milestones_test/seed42/predictions_milestones_625images_seed42_epoch500/liver_0711.png,nnUNet_raw/Dataset001_AUL/labelsTs/liver_0711.png,liver_0711,malignant,data/source/AUL/Malignant/image/293.jpg,image,True,768,1024,14729,12862,12860,11813,15778,11813,15776,0.8562937189663296,0.7487007225250348,0.7487956389452333,True,True,True,True,True,,overlapping_detected
predictions_milestones_625images_seed42_epoch500,42,500,epoch500,PlainConvUNet,predictions/preliminary_milestones_test/seed42/predictions_milestones_625images_seed42_epoch500/liver_0712.png,nnUNet_raw/Dataset001_AUL/labelsTs/liver_0712.png,liver_0712,malignant,data/source/AUL/Malignant/image/217.jpg,image,True,768,1024,35213,43559,43559,35211,43561,35211,43561,0.8939978672624791,0.8083147769794082,0.8083147769794082,True,True,True,True,True,,overlapping_detected
predictions_milestones_625images_seed42_epoch500,42,500,epoch500,PlainConvUNet,predictions/preliminary_milestones_test/seed42/predictions_milestones_625images_seed42_epoch500/liver_0713.png,nnUNet_raw/Dataset001_AUL/labelsTs/liver_0713.png,liver_0713,malignant,data/source/AUL/Malignant/image/190.jpg,image,True,768,1024,49653,40925,40925,40623,49955,40623,49955,0.8969727748459891,0.8131918726854169,0.8131918726854169,True,True,True,True,True,,overlapping_detected
predictions_milestones_625images_seed42_epoch500,42,500,epoch500,PlainConvUNet,predictions/preliminary_milestones_test/seed42/predictions_milestones_625images_seed42_epoch500/liver_0714.png,nnUNet_raw/Dataset001_AUL/labelsTs/liver_0714.png,liver_0714,malignant,data/source/AUL/Malignant/image/139.jpg,image,True,768,1024,27544,32016,32016,22363,37197,22363,37197,0.7509402283411686,0.6012043982041563,0.6012043982041563,True,True,True,True,True,,overlapping_detected
predictions_milestones_625images_seed42_epoch500,42,500,epoch500,PlainConvUNet,predictions/preliminary_milestones_test/seed42/predictions_milestones_625images_seed42_epoch500/liver_0715.png,nnUNet_raw/Dataset001_AUL/labelsTs/liver_0715.png,liver_0715,malignant,data/source/AUL/Malignant/image/218.jpg,image,True,768,1024,14449,41840,41740,14413,41876,14413,41776,0.512107161257084,0.34418282548476453,0.3450067024128686,True,True,True,False,False,,overlapping_detected
predictions_milestones_625images_seed42_epoch500,42,500,epoch500,PlainConvUNet,predictions/preliminary_milestones_test/seed42/predictions_milestones_625images_seed42_epoch500/liver_0716.png,nnUNet_raw/Dataset001_AUL/labelsTs/liver_0716.png,liver_0716,malignant,data/source/AUL/Malignant/image/260.jpg,image,True,407,550,3962,1603,1603,1138,4427,1138,4427,0.40898472596585805,0.25705895640388526,0.25705895640388526,True,True,True,False,True,,overlapping_detected
predictions_milestones_625images_seed42_epoch500,42,500,epoch500,PlainConvUNet,predictions/preliminary_milestones_test/seed42/predictions_milestones_625images_seed42_epoch500/liver_0717.png,nnUNet_raw/Dataset001_AUL/labelsTs/liver_0717.png,liver_0717,malignant,data/source/AUL/Malignant/image/112.jpg,image,True,768,1024,101456,55106,55106,52938,103624,52938,103624,0.6762560519155351,0.5108662086003243,0.5062863558493598,True,True,True,True,True,,overlapping_detected
predictions_milestones_625images_seed42_epoch500,42,500,epoch500,PlainConvUNet,predictions/preliminary_milestones_test/seed42/predictions_milestones_625images_seed42_epoch500/liver_0718.png,nnUNet_raw/Dataset001_AUL/labelsTs/liver_0718.png,liver_0718,malignant,data/source/AUL/Malignant/image/186.jpg,image,True,576,768,16287,7429,7429,7427,16289,7427,16289,0.6263282172373081,0.45595186935969056,0.45595186935969056,True,True,True,False,True,,overlapping_detected
predictions_milestones_625images_seed42_epoch500,42,500,epoch500,PlainConvUNet,predictions/preliminary_milestones_test/seed42/predictions_milestones_625images_seed42_epoch500/liver_0719.png,nnUNet_raw/Dataset001_AUL/labelsTs/liver_0719.png,liver_0719,malignant,data/source/AUL/Malignant/image/299.jpg,image,True,768,1024,60028,19436,19436,16545,62919,16545,62919,0.41641498036846875,0.26295713536451626,0.26295713536451626,True,True,True,False,True,,overlapping_detected
predictions_milestones_625images_seed42_epoch500,42,500,epoch500,PlainConvUNet,predictions/preliminary_milestones_test/seed42/predictions_milestones_625images_seed42_epoch500/liver_0720.png,nnUNet_raw/Dataset001_AUL/labelsTs/liver_0720.png,liver_0720,malignant,data/source/AUL/Malignant/image/248.jpg,image,True,768,1024,62655,87632,87632,60444,89843,60444,89843,0.8043809511135361,0.6727736161971439,0.6727736161971439,True,True,True,True,True,,overlapping_detected
predictions_milestones_625images_seed42_epoch500,42,500,epoch500,PlainConvUNet,predictions/preliminary_milestones_test/seed42/predictions_milestones_625images_seed42_epoch500/liver_0721.png,nnUNet_raw/Dataset001_AUL/labelsTs/liver_0721.png,liver_0721,normal,data/source/AUL/Normal/image/74.jpg,image,False,480,640,0,0,0,0,0,0,0,,,,False,,,,,False,normal_true_negative
predictions_milestones_625images_seed42_epoch500,42,500,epoch500,PlainConvUNet,predictions/preliminary_milestones_test/seed42/predictions_milestones_625images_seed42_epoch500/liver_0722.png,nnUNet_raw/Dataset001_AUL/labelsTs/liver_0722.png,liver_0722,normal,data/source/AUL/Normal/image/44.jpg,image,False,576,720,0,0,0,0,0,0,0,,,,False,,,,,False,normal_true_negative
predictions_milestones_625images_seed42_epoch500,42,500,epoch500,PlainConvUNet,predictions/preliminary_milestones_test/seed42/predictions_milestones_625images_seed42_epoch500/liver_0723.png,nnUNet_raw/Dataset001_AUL/labelsTs/liver_0723.png,liver_0723,normal,data/source/AUL/Normal/image/81.jpg,image,False,576,768,0,1692,1692,0,1692,0,1692,,,,True,,,,,True,normal_false_positive
predictions_milestones_625images_seed42_epoch500,42,500,epoch500,PlainConvUNet,predictions/preliminary_milestones_test/seed42/predictions_milestones_625images_seed42_epoch500/liver_0724.png,nnUNet_raw/Dataset001_AUL/labelsTs/liver_0724.png,liver_0724,normal,data/source/AUL/Normal/image/25.jpg,image,False,576,720,0,0,0,0,0,0,0,,,,False,,,,,False,normal_true_negative
predictions_milestones_625images_seed42_epoch500,42,500,epoch500,PlainConvUNet,predictions/preliminary_milestones_test/seed42/predictions_milestones_625images_seed42_epoch500/liver_0725.png,nnUNet_raw/Dataset001_AUL/labelsTs/liver_0725.png,liver_0725,normal,data/source/AUL/Normal/image/50.jpg,image,False,576,720,0,0,0,0,0,0,0,,,,False,,,,,False,normal_true_negative
predictions_milestones_625images_seed42_epoch500,42,500,epoch500,PlainConvUNet,predictions/preliminary_milestones_test/seed42/predictions_milestones_625images_seed42_epoch500/liver_0726.png,nnUNet_raw/Dataset001_AUL/labelsTs/liver_0726.png,liver_0726,normal,data/source/AUL/Normal/image/3.jpg,image,False,576,720,0,0,0,0,0,0,0,,,,False,,,,,False,normal_true_negative
predictions_milestones_625images_seed42_epoch500,42,500,epoch500,PlainConvUNet,predictions/preliminary_milestones_test/seed42/predictions_milestones_625images_seed42_epoch500/liver_0727.png,nnUNet_raw/Dataset001_AUL/labelsTs/liver_0727.png,liver_0727,normal,data/source/AUL/Normal/image/84.jpg,image,False,576,720,0,0,0,0,0,0,0,,,,False,,,,,False,normal_true_negative
predictions_milestones_625images_seed42_epoch500,42,500,epoch500,PlainConvUNet,predictions/preliminary_milestones_test/seed42/predictions_milestones_625images_seed42_epoch500/liver_0728.png,nnUNet_raw/Dataset001_AUL/labelsTs/liver_0728.png,liver_0728,normal,data/source/AUL/Normal/image/18.jpg,image,False,576,720,0,30,0,0,30,0,0,,,,False,,,,,False,normal_true_negative
predictions_milestones_625images_seed42_epoch500,42,500,epoch500,PlainConvUNet,predictions/preliminary_milestones_test/seed42/predictions_milestones_625images_seed42_epoch500/liver_0729.png,nnUNet_raw/Dataset001_AUL/labelsTs/liver_0729.png,liver_0729,normal,data/source/AUL/Normal/image/90.jpg,image,False,576,720,0,0,0,0,0,0,0,,,,False,,,,,False,normal_true_negative
predictions_milestones_625images_seed42_epoch500,42,500,epoch500,PlainConvUNet,predictions/preliminary_milestones_test/seed42/predictions_milestones_625images_seed42_epoch500/liver_0730.png,nnUNet_raw/Dataset001_AUL/labelsTs/liver_0730.png,liver_0730,normal,data/source/AUL/Normal/image/17.jpg,image,False,480,640,0,0,0,0,0,0,0,,,,False,,,,,False,normal_true_negative
predictions_milestones_625images_seed42_epoch500,42,500,epoch500,PlainConvUNet,predictions/preliminary_milestones_test/seed42/predictions_milestones_625images_seed42_epoch500/liver_0731.png,nnUNet_raw/Dataset001_AUL/labelsTs/liver_0731.png,liver_0731,normal,data/source/AUL/Normal/image/89.jpg,image,False,576,768,0,0,0,0,0,0,0,,,,False,,,,,False,normal_true_negative
predictions_milestones_625images_seed42_epoch500,42,500,epoch500,PlainConvUNet,predictions/preliminary_milestones_test/seed42/predictions_milestones_625images_seed42_epoch500/liver_0732.png,nnUNet_raw/Dataset001_AUL/labelsTs/liver_0732.png,liver_0732,normal,data/source/AUL/Normal/image/83.jpg,image,False,480,640,0,0,0,0,0,0,0,,,,False,,,,,False,normal_true_negative
predictions_milestones_625images_seed42_epoch500,42,500,epoch500,PlainConvUNet,predictions/preliminary_milestones_test/seed42/predictions_milestones_625images_seed42_epoch500/liver_0733.png,nnUNet_raw/Dataset001_AUL/labelsTs/liver_0733.png,liver_0733,normal,data/source/AUL/Normal/image/2.jpg,image,False,576,768,0,4111,4111,0,4111,0,4111,,,,True,,,,,True,normal_false_positive
predictions_milestones_625images_seed42_epoch500,42,500,epoch500,PlainConvUNet,predictions/preliminary_milestones_test/seed42/predictions_milestones_625images_seed42_epoch500/liver_0734.png,nnUNet_raw/Dataset001_AUL/labelsTs/liver_0734.png,liver_0734,normal,data/source/AUL/Normal/image/39.jpg,image,False,576,720,0,0,0,0,0,0,0,,,,False,,,,,False,normal_true_negative
predictions_milestones_625images_seed42_epoch500,42,500,epoch500,PlainConvUNet,predictions/preliminary_milestones_test/seed42/predictions_milestones_625images_seed42_epoch500/liver_0735.png,nnUNet_raw/Dataset001_AUL/labelsTs/liver_0735.png,liver_0735,normal,data/source/AUL/Normal/image/7.jpg,image,False,576,720,0,0,0,0,0,0,0,,,,False,,,,,False,normal_true_negative
predictions_milestones_625images_seed42_epoch750,42,750,epoch750,PlainConvUNet,predictions/preliminary_milestones_test/seed42/predictions_milestones_625images_seed42_epoch750/liver_0626.png,nnUNet_raw/Dataset001_AUL/labelsTs/liver_0626.png,liver_0626,benign,data/source/AUL/Benign/image/159.jpg,image,True,576,720,1748,1717,1717,1382,2083,1382,2083,0.7976911976911977,0.6634661545847336,0.6634661545847336,True,True,True,True,True,,overlapping_detected
predictions_milestones_625images_seed42_epoch750,42,750,epoch750,PlainConvUNet,predictions/preliminary_milestones_test/seed42/predictions_milestones_625images_seed42_epoch750/liver_0627.png,nnUNet_raw/Dataset001_AUL/labelsTs/liver_0627.png,liver_0627,benign,data/source/AUL/Benign/image/88.jpg,image,True,768,1024,49605,22121,22121,20121,51605,20121,51605,0.5610517803864707,0.3899040790621064,0.4056244330208648,True,True,True,False,True,,overlapping_detected
predictions_milestones_625images_seed42_epoch750,42,750,epoch750,PlainConvUNet,predictions/preliminary_milestones_test/seed42/predictions_milestones_625images_seed42_epoch750/liver_0628.png,nnUNet_raw/Dataset001_AUL/labelsTs/liver_0628.png,liver_0628,benign,data/source/AUL/Benign/image/190.jpg,image,True,576,720,7141,0,0,0,7141,0,7141,0.0,0.0,0.0,False,False,False,False,False,,unflagged
predictions_milestones_625images_seed42_epoch750,42,750,epoch750,PlainConvUNet,predictions/preliminary_milestones_test/seed42/predictions_milestones_625images_seed42_epoch750/liver_0629.png,nnUNet_raw/Dataset001_AUL/labelsTs/liver_0629.png,liver_0629,benign,data/source/AUL/Benign/image/93.jpg,image,True,576,720,45215,37271,37271,37020,45466,37020,45466,0.8976068666197901,0.8142348128271676,0.8142348128271676,True,True,True,True,True,,overlapping_detected
predictions_milestones_625images_seed42_epoch750,42,750,epoch750,PlainConvUNet,predictions/preliminary_milestones_test/seed42/predictions_milestones_625images_seed42_epoch750/liver_0630.png,nnUNet_raw/Dataset001_AUL/labelsTs/liver_0630.png,liver_0630,benign,data/source/AUL/Benign/image/2.jpg,image,True,576,720,1657,1795,1795,1554,1898,1554,1898,0.9003476245654692,0.8187565858798735,0.8187565858798735,True,True,True,True,True,,overlapping_detected
predictions_milestones_625images_seed42_epoch750,42,750,epoch750,PlainConvUNet,predictions/preliminary_milestones_test/seed42/predictions_milestones_625images_seed42_epoch750/liver_0631.png,nnUNet_raw/Dataset001_AUL/labelsTs/liver_0631.png,liver_0631,benign,data/source/AUL/Benign/image/28.jpg,image,True,576,720,2175,828,828,690,2313,690,2313,0.4595404595404595,0.29831387808041504,0.29831387808041504,True,True,True,False,True,,overlapping_detected
predictions_milestones_625images_seed42_epoch750,42,750,epoch750,PlainConvUNet,predictions/preliminary_milestones_test/seed42/predictions_milestones_625images_seed42_epoch750/liver_0632.png,nnUNet_raw/Dataset001_AUL/labelsTs/liver_0632.png,liver_0632,benign,data/source/AUL/Benign/image/110.jpg,image,True,576,720,3443,6748,6748,3443,6748,3443,6748,0.6756942400157001,0.5102252519264967,0.5102252519264967,True,True,True,True,True,,overlapping_detected
predictions_milestones_625images_seed42_epoch750,42,750,epoch750,PlainConvUNet,predictions/preliminary_milestones_test/seed42/predictions_milestones_625images_seed42_epoch750/liver_0633.png,nnUNet_raw/Dataset001_AUL/labelsTs/liver_0633.png,liver_0633,benign,data/source/AUL/Benign/image/100.jpg,image,True,576,720,1230,0,0,0,1230,0,1230,0.0,0.0,0.0,False,False,False,False,False,,unflagged
predictions_milestones_625images_seed42_epoch750,42,750,epoch750,PlainConvUNet,predictions/preliminary_milestones_test/seed42/predictions_milestones_625images_seed42_epoch750/liver_0634.png,nnUNet_raw/Dataset001_AUL/labelsTs/liver_0634.png,liver_0634,benign,data/source/AUL/Benign/image/157.jpg,image,True,576,768,722,0,0,0,722,0,722,0.0,0.0,0.0,False,False,False,False,False,,unflagged
predictions_milestones_625images_seed42_epoch750,42,750,epoch750,PlainConvUNet,predictions/preliminary_milestones_test/seed42/predictions_milestones_625images_seed42_epoch750/liver_0635.png,nnUNet_raw/Dataset001_AUL/labelsTs/liver_0635.png,liver_0635,benign,data/source/AUL/Benign/image/139.jpg,image,True,576,720,633,280,280,280,633,280,633,0.6133625410733844,0.4423380726698262,0.4423380726698262,True,True,True,False,True,,overlapping_detected
predictions_milestones_625images_seed42_epoch750,42,750,epoch750,PlainConvUNet,predictions/preliminary_milestones_test/seed42/predictions_milestones_625images_seed42_epoch750/liver_0636.png,nnUNet_raw/Dataset001_AUL/labelsTs/liver_0636.png,liver_0636,benign,data/source/AUL/Benign/image/41.jpg,image,True,576,720,692,594,594,566,720,566,720,0.880248833592535,0.7861111111111111,0.7861111111111111,True,True,True,True,True,,overlapping_detected
predictions_milestones_625images_seed42_epoch750,42,750,epoch750,PlainConvUNet,predictions/preliminary_milestones_test/seed42/predictions_milestones_625images_seed42_epoch750/liver_0637.png,nnUNet_raw/Dataset001_AUL/labelsTs/liver_0637.png,liver_0637,benign,data/source/AUL/Benign/image/72.jpg,image,True,576,720,581,987,987,581,987,581,987,0.7410714285714286,0.5886524822695035,0.5886524822695035,True,True,True,True,True,,overlapping_detected
predictions_milestones_625images_seed42_epoch750,42,750,epoch750,PlainConvUNet,predictions/preliminary_milestones_test/seed42/predictions_milestones_625images_seed42_epoch750/liver_0638.png,nnUNet_raw/Dataset001_AUL/labelsTs/liver_0638.png,liver_0638,benign,data/source/AUL/Benign/image/34.jpg,image,True,576,720,19367,19058,19058,17934,20491,17934,20491,0.9334547820429407,0.875213508369528,0.875213508369528,True,True,True,True,True,,overlapping_detected
predictions_milestones_625images_seed42_epoch750,42,750,epoch750,PlainConvUNet,predictions/preliminary_milestones_test/seed42/predictions_milestones_625images_seed42_epoch750/liver_0639.png,nnUNet_raw/Dataset001_AUL/labelsTs/liver_0639.png,liver_0639,benign,data/source/AUL/Benign/image/168.jpg,image,True,576,720,4723,0,0,0,4723,0,4723,0.0,0.0,0.0,False,False,False,False,False,,unflagged
predictions_milestones_625images_seed42_epoch750,42,750,epoch750,PlainConvUNet,predictions/preliminary_milestones_test/seed42/predictions_milestones_625images_seed42_epoch750/liver_0640.png,nnUNet_raw/Dataset001_AUL/labelsTs/liver_0640.png,liver_0640,benign,data/source/AUL/Benign/image/61.jpg,image,True,768,1024,81560,62774,62774,60266,84068,60266,84068,0.8350908309892333,0.7168720559547034,0.7168720559547034,True,True,True,True,True,,overlapping_detected
predictions_milestones_625images_seed42_epoch750,42,750,epoch750,PlainConvUNet,predictions/preliminary_milestones_test/seed42/predictions_milestones_625images_seed42_epoch750/liver_0641.png,nnUNet_raw/Dataset001_AUL/labelsTs/liver_0641.png,liver_0641,benign,data/source/AUL/Benign/image/7.jpg,image,True,910,1260,27246,25344,25344,24972,27618,24972,27618,0.94968625213919,0.9041929176623941,0.9041929176623941,True,True,True,True,True,,overlapping_detected
predictions_milestones_625images_seed42_epoch750,42,750,epoch750,PlainConvUNet,predictions/preliminary_milestones_test/seed42/predictions_milestones_625images_seed42_epoch750/liver_0642.png,nnUNet_raw/Dataset001_AUL/labelsTs/liver_0642.png,liver_0642,benign,data/source/AUL/Benign/image/14.jpg,image,True,768,1024,12225,17995,17995,12223,17997,12223,17997,0.8089344804765056,0.6791687503472801,0.6791687503472801,True,True,True,True,True,,overlapping_detected
predictions_milestones_625images_seed42_epoch750,42,750,epoch750,PlainConvUNet,predictions/preliminary_milestones_test/seed42/predictions_milestones_625images_seed42_epoch750/liver_0643.png,nnUNet_raw/Dataset001_AUL/labelsTs/liver_0643.png,liver_0643,benign,data/source/AUL/Benign/image/36.jpg,image,True,576,720,2022,0,0,0,2022,0,2022,0.0,0.0,0.0,False,False,False,False,False,,unflagged
predictions_milestones_625images_seed42_epoch750,42,750,epoch750,PlainConvUNet,predictions/preliminary_milestones_test/seed42/predictions_milestones_625images_seed42_epoch750/liver_0644.png,nnUNet_raw/Dataset001_AUL/labelsTs/liver_0644.png,liver_0644,benign,data/source/AUL/Benign/image/126.jpg,image,True,600,800,11845,5519,5519,5519,11845,5519,11845,0.6356830223450818,0.46593499366821445,0.46593499366821445,True,True,True,False,True,,overlapping_detected
predictions_milestones_625images_seed42_epoch750,42,750,epoch750,PlainConvUNet,predictions/preliminary_milestones_test/seed42/predictions_milestones_625images_seed42_epoch750/liver_0645.png,nnUNet_raw/Dataset001_AUL/labelsTs/liver_0645.png,liver_0645,benign,data/source/AUL/Benign/image/101.jpg,image,True,576,720,1205,70,0,0,1275,0,1205,0.0,0.0,0.0,False,False,False,False,False,,unflagged
predictions_milestones_625images_seed42_epoch750,42,750,epoch750,PlainConvUNet,predictions/preliminary_milestones_test/seed42/predictions_milestones_625images_seed42_epoch750/liver_0646.png,nnUNet_raw/Dataset001_AUL/labelsTs/liver_0646.png,liver_0646,benign,data/source/AUL/Benign/image/62.jpg,image,True,576,720,847,330,330,0,1177,0,1177,0.0,0.0,0.0,True,False,False,False,False,,flagged_without_detection
predictions_milestones_625images_seed42_epoch750,42,750,epoch750,PlainConvUNet,predictions/preliminary_milestones_test/seed42/predictions_milestones_625images_seed42_epoch750/liver_0647.png,nnUNet_raw/Dataset001_AUL/labelsTs/liver_0647.png,liver_0647,benign,data/source/AUL/Benign/image/112.jpg,image,True,576,720,1708,1556,1556,1502,1762,1502,1762,0.9203431372549019,0.8524404086265607,0.8524404086265607,True,True,True,True,True,,overlapping_detected
predictions_milestones_625images_seed42_epoch750,42,750,epoch750,PlainConvUNet,predictions/preliminary_milestones_test/seed42/predictions_milestones_625images_seed42_epoch750/liver_0648.png,nnUNet_raw/Dataset001_AUL/labelsTs/liver_0648.png,liver_0648,benign,data/source/AUL/Benign/image/137.jpg,image,True,576,720,2494,185,185,0,2679,0,2679,0.0,0.0,0.0,True,False,False,False,False,,flagged_without_detection
predictions_milestones_625images_seed42_epoch750,42,750,epoch750,PlainConvUNet,predictions/preliminary_milestones_test/seed42/predictions_milestones_625images_seed42_epoch750/liver_0649.png,nnUNet_raw/Dataset001_AUL/labelsTs/liver_0649.png,liver_0649,benign,data/source/AUL/Benign/image/32.jpg,image,True,576,720,10842,0,0,0,10842,0,10842,0.0,0.0,0.0,False,False,False,False,False,,unflagged
predictions_milestones_625images_seed42_epoch750,42,750,epoch750,PlainConvUNet,predictions/preliminary_milestones_test/seed42/predictions_milestones_625images_seed42_epoch750/liver_0650.png,nnUNet_raw/Dataset001_AUL/labelsTs/liver_0650.png,liver_0650,benign,data/source/AUL/Benign/image/87.jpg,image,True,576,720,6010,2495,2495,0,8505,0,8505,0.0,0.0,0.0,True,False,False,False,False,,flagged_without_detection
predictions_milestones_625images_seed42_epoch750,42,750,epoch750,PlainConvUNet,predictions/preliminary_milestones_test/seed42/predictions_milestones_625images_seed42_epoch750/liver_0651.png,nnUNet_raw/Dataset001_AUL/labelsTs/liver_0651.png,liver_0651,benign,data/source/AUL/Benign/image/65.jpg,image,True,576,720,6513,9616,9616,6466,9663,6466,9663,0.8017856035712071,0.6691503673807306,0.6691503673807306,True,True,True,True,True,,overlapping_detected
predictions_milestones_625images_seed42_epoch750,42,750,epoch750,PlainConvUNet,predictions/preliminary_milestones_test/seed42/predictions_milestones_625images_seed42_epoch750/liver_0652.png,nnUNet_raw/Dataset001_AUL/labelsTs/liver_0652.png,liver_0652,benign,data/source/AUL/Benign/image/141.jpg,image,True,576,720,1533,0,0,0,1533,0,1533,0.0,0.0,0.0,False,False,False,False,False,,unflagged
predictions_milestones_625images_seed42_epoch750,42,750,epoch750,PlainConvUNet,predictions/preliminary_milestones_test/seed42/predictions_milestones_625images_seed42_epoch750/liver_0653.png,nnUNet_raw/Dataset001_AUL/labelsTs/liver_0653.png,liver_0653,benign,data/source/AUL/Benign/image/199.jpg,image,True,576,720,2792,76,0,0,2868,0,2792,0.0,0.0,0.0,False,False,False,False,False,,unflagged
predictions_milestones_625images_seed42_epoch750,42,750,epoch750,PlainConvUNet,predictions/preliminary_milestones_test/seed42/predictions_milestones_625images_seed42_epoch750/liver_0654.png,nnUNet_raw/Dataset001_AUL/labelsTs/liver_0654.png,liver_0654,benign,data/source/AUL/Benign/image/103.jpg,image,True,576,768,398,194,171,0,592,0,569,0.0,0.0,0.0,True,False,False,False,False,,flagged_without_detection
predictions_milestones_625images_seed42_epoch750,42,750,epoch750,PlainConvUNet,predictions/preliminary_milestones_test/seed42/predictions_milestones_625images_seed42_epoch750/liver_0655.png,nnUNet_raw/Dataset001_AUL/labelsTs/liver_0655.png,liver_0655,benign,data/source/AUL/Benign/image/94.jpg,image,True,600,800,11368,4478,4478,4478,11368,4478,11368,0.5651899533005175,0.39391273750879663,0.39391273750879663,True,True,True,False,True,,overlapping_detected
predictions_milestones_625images_seed42_epoch750,42,750,epoch750,PlainConvUNet,predictions/preliminary_milestones_test/seed42/predictions_milestones_625images_seed42_epoch750/liver_0656.png,nnUNet_raw/Dataset001_AUL/labelsTs/liver_0656.png,liver_0656,malignant,data/source/AUL/Malignant/image/45.jpg,image,True,576,720,4392,3477,3477,3477,4392,3477,4392,0.8837209302325582,0.7916666666666666,0.7916666666666666,True,True,True,True,True,,overlapping_detected
predictions_milestones_625images_seed42_epoch750,42,750,epoch750,PlainConvUNet,predictions/preliminary_milestones_test/seed42/predictions_milestones_625images_seed42_epoch750/liver_0657.png,nnUNet_raw/Dataset001_AUL/labelsTs/liver_0657.png,liver_0657,malignant,data/source/AUL/Malignant/image/412.jpg,image,True,768,1024,20650,17690,17690,15972,22368,15972,22368,0.8331768388106416,0.7140557939914163,0.7140557939914163,True,True,True,True,True,,overlapping_detected
predictions_milestones_625images_seed42_epoch750,42,750,epoch750,PlainConvUNet,predictions/preliminary_milestones_test/seed42/predictions_milestones_625images_seed42_epoch750/liver_0658.png,nnUNet_raw/Dataset001_AUL/labelsTs/liver_0658.png,liver_0658,malignant,data/source/AUL/Malignant/image/25.jpg,image,True,600,800,31883,33389,33389,31581,33691,31581,33691,0.96767373452629,0.937371998456561,0.937371998456561,True,True,True,True,True,,overlapping_detected
predictions_milestones_625images_seed42_epoch750,42,750,epoch750,PlainConvUNet,predictions/preliminary_milestones_test/seed42/predictions_milestones_625images_seed42_epoch750/liver_0659.png,nnUNet_raw/Dataset001_AUL/labelsTs/liver_0659.png,liver_0659,malignant,data/source/AUL/Malignant/image/313.jpg,image,True,576,720,9106,3469,3469,3332,9243,3332,9243,0.5299403578528827,0.36048901871686684,0.36048901871686684,True,True,True,False,True,,overlapping_detected
predictions_milestones_625images_seed42_epoch750,42,750,epoch750,PlainConvUNet,predictions/preliminary_milestones_test/seed42/predictions_milestones_625images_seed42_epoch750/liver_0660.png,nnUNet_raw/Dataset001_AUL/labelsTs/liver_0660.png,liver_0660,malignant,data/source/AUL/Malignant/image/236.jpg,image,True,768,1024,9890,8901,8901,8555,10236,8555,10236,0.9105422808791442,0.8357756936303243,0.8357756936303243,True,True,True,True,True,,overlapping_detected
predictions_milestones_625images_seed42_epoch750,42,750,epoch750,PlainConvUNet,predictions/preliminary_milestones_test/seed42/predictions_milestones_625images_seed42_epoch750/liver_0661.png,nnUNet_raw/Dataset001_AUL/labelsTs/liver_0661.png,liver_0661,malignant,data/source/AUL/Malignant/image/42.jpg,image,True,768,1024,66153,64081,64081,62145,68089,62145,68089,0.9543590767387933,0.9127024923262201,0.9127024923262201,True,True,True,True,True,,overlapping_detected
predictions_milestones_625images_seed42_epoch750,42,750,epoch750,PlainConvUNet,predictions/preliminary_milestones_test/seed42/predictions_milestones_625images_seed42_epoch750/liver_0662.png,nnUNet_raw/Dataset001_AUL/labelsTs/liver_0662.png,liver_0662,malignant,data/source/AUL/Malignant/image/310.jpg,image,True,768,1024,5978,4624,4624,4543,6059,4543,6059,0.857008111677042,0.7497936953292622,0.7497936953292622,True,True,True,True,True,,overlapping_detected
predictions_milestones_625images_seed42_epoch750,42,750,epoch750,PlainConvUNet,predictions/preliminary_milestones_test/seed42/predictions_milestones_625images_seed42_epoch750/liver_0663.png,nnUNet_raw/Dataset001_AUL/labelsTs/liver_0663.png,liver_0663,malignant,data/source/AUL/Malignant/image/240.jpg,image,True,576,720,823,0,0,0,823,0,823,0.0,0.0,0.0,False,False,False,False,False,,unflagged
predictions_milestones_625images_seed42_epoch750,42,750,epoch750,PlainConvUNet,predictions/preliminary_milestones_test/seed42/predictions_milestones_625images_seed42_epoch750/liver_0664.png,nnUNet_raw/Dataset001_AUL/labelsTs/liver_0664.png,liver_0664,malignant,data/source/AUL/Malignant/image/221.jpg,image,True,768,1024,14943,15965,15965,13845,17063,13845,17063,0.8958845606315518,0.8114047939987107,0.8114047939987107,True,True,True,True,True,,overlapping_detected
predictions_milestones_625images_seed42_epoch750,42,750,epoch750,PlainConvUNet,predictions/preliminary_milestones_test/seed42/predictions_milestones_625images_seed42_epoch750/liver_0665.png,nnUNet_raw/Dataset001_AUL/labelsTs/liver_0665.png,liver_0665,malignant,data/source/AUL/Malignant/image/433.jpg,image,True,768,1024,5406,22311,22311,5267,22450,5267,22450,0.38005556156871234,0.23461024498886415,0.23461024498886415,True,True,True,False,False,,overlapping_detected
predictions_milestones_625images_seed42_epoch750,42,750,epoch750,PlainConvUNet,predictions/preliminary_milestones_test/seed42/predictions_milestones_625images_seed42_epoch750/liver_0666.png,nnUNet_raw/Dataset001_AUL/labelsTs/liver_0666.png,liver_0666,malignant,data/source/AUL/Malignant/image/165.jpg,image,True,768,1024,48852,37869,37869,32335,54386,32335,54386,0.7457247956089067,0.5945463906152318,0.5945463906152318,True,True,True,True,True,,overlapping_detected
predictions_milestones_625images_seed42_epoch750,42,750,epoch750,PlainConvUNet,predictions/preliminary_milestones_test/seed42/predictions_milestones_625images_seed42_epoch750/liver_0667.png,nnUNet_raw/Dataset001_AUL/labelsTs/liver_0667.png,liver_0667,malignant,data/source/AUL/Malignant/image/11.jpg,image,True,768,1024,44625,43826,43826,41940,46511,41940,46511,0.9483216696249901,0.9017221732493389,0.9017221732493389,True,True,True,True,True,,overlapping_detected
predictions_milestones_625images_seed42_epoch750,42,750,epoch750,PlainConvUNet,predictions/preliminary_milestones_test/seed42/predictions_milestones_625images_seed42_epoch750/liver_0668.png,nnUNet_raw/Dataset001_AUL/labelsTs/liver_0668.png,liver_0668,malignant,data/source/AUL/Malignant/image/364.jpg,image,True,768,1024,173121,95506,95506,90441,178186,90441,178186,0.6733574808191284,0.5075651285735131,0.5075651285735131,True,True,True,True,True,,overlapping_detected
predictions_milestones_625images_seed42_epoch750,42,750,epoch750,PlainConvUNet,predictions/preliminary_milestones_test/seed42/predictions_milestones_625images_seed42_epoch750/liver_0669.png,nnUNet_raw/Dataset001_AUL/labelsTs/liver_0669.png,liver_0669,malignant,data/source/AUL/Malignant/image/66.jpg,image,True,768,1024,100152,95796,95796,92252,103696,92252,103696,0.9415967501582052,0.8896389446073136,0.8896389446073136,True,True,True,True,True,,overlapping_detected
predictions_milestones_625images_seed42_epoch750,42,750,epoch750,PlainConvUNet,predictions/preliminary_milestones_test/seed42/predictions_milestones_625images_seed42_epoch750/liver_0670.png,nnUNet_raw/Dataset001_AUL/labelsTs/liver_0670.png,liver_0670,malignant,data/source/AUL/Malignant/image/391.jpg,image,True,768,1024,5783,6138,6138,5317,6604,5317,6604,0.8920392584514721,0.8051181102362205,0.8051181102362205,True,True,True,True,True,,overlapping_detected
predictions_milestones_625images_seed42_epoch750,42,750,epoch750,PlainConvUNet,predictions/preliminary_milestones_test/seed42/predictions_milestones_625images_seed42_epoch750/liver_0671.png,nnUNet_raw/Dataset001_AUL/labelsTs/liver_0671.png,liver_0671,malignant,data/source/AUL/Malignant/image/161.jpg,image,True,576,720,3441,2737,2737,2718,3460,2718,3460,0.879896406604079,0.7855491329479769,0.7855491329479769,True,True,True,True,True,,overlapping_detected
predictions_milestones_625images_seed42_epoch750,42,750,epoch750,PlainConvUNet,predictions/preliminary_milestones_test/seed42/predictions_milestones_625images_seed42_epoch750/liver_0672.png,nnUNet_raw/Dataset001_AUL/labelsTs/liver_0672.png,liver_0672,malignant,data/source/AUL/Malignant/image/405.jpg,image,True,768,1024,5554,4319,4279,3839,6034,3839,5994,0.7776764914413046,0.6362280411004309,0.6868849525854357,True,True,True,True,True,,overlapping_detected
predictions_milestones_625images_seed42_epoch750,42,750,epoch750,PlainConvUNet,predictions/preliminary_milestones_test/seed42/predictions_milestones_625images_seed42_epoch750/liver_0673.png,nnUNet_raw/Dataset001_AUL/labelsTs/liver_0673.png,liver_0673,malignant,data/source/AUL/Malignant/image/168.jpg,image,True,768,1024,34845,15276,15276,13765,36356,13765,36356,0.5492707647493067,0.3786170095720101,0.3786170095720101,True,True,True,False,True,,overlapping_detected
predictions_milestones_625images_seed42_epoch750,42,750,epoch750,PlainConvUNet,predictions/preliminary_milestones_test/seed42/predictions_milestones_625images_seed42_epoch750/liver_0674.png,nnUNet_raw/Dataset001_AUL/labelsTs/liver_0674.png,liver_0674,malignant,data/source/AUL/Malignant/image/196.jpg,image,True,768,1024,24164,23786,23786,21807,26143,21807,26143,0.9095724713242962,0.8341429828252305,0.8341429828252305,True,True,True,True,True,,overlapping_detected
predictions_milestones_625images_seed42_epoch750,42,750,epoch750,PlainConvUNet,predictions/preliminary_milestones_test/seed42/predictions_milestones_625images_seed42_epoch750/liver_0675.png,nnUNet_raw/Dataset001_AUL/labelsTs/liver_0675.png,liver_0675,malignant,data/source/AUL/Malignant/image/155.jpg,image,True,768,1024,37188,30722,30722,30021,37889,30021,37889,0.8841407745545575,0.7923407849243844,0.7923407849243844,True,True,True,True,True,,overlapping_detected
predictions_milestones_625images_seed42_epoch750,42,750,epoch750,PlainConvUNet,predictions/preliminary_milestones_test/seed42/predictions_milestones_625images_seed42_epoch750/liver_0676.png,nnUNet_raw/Dataset001_AUL/labelsTs/liver_0676.png,liver_0676,malignant,data/source/AUL/Malignant/image/374.jpg,image,True,576,768,44291,15424,15424,15402,44313,15402,44313,0.5158502888721427,0.34757294699072505,0.3386841867605888,True,True,True,False,True,,overlapping_detected
predictions_milestones_625images_seed42_epoch750,42,750,epoch750,PlainConvUNet,predictions/preliminary_milestones_test/seed42/predictions_milestones_625images_seed42_epoch750/liver_0677.png,nnUNet_raw/Dataset001_AUL/labelsTs/liver_0677.png,liver_0677,malignant,data/source/AUL/Malignant/image/201.jpg,image,True,600,800,24151,39566,39566,0,63717,0,63717,0.0,0.0,0.0,True,False,False,False,False,,flagged_without_detection
predictions_milestones_625images_seed42_epoch750,42,750,epoch750,PlainConvUNet,predictions/preliminary_milestones_test/seed42/predictions_milestones_625images_seed42_epoch750/liver_0678.png,nnUNet_raw/Dataset001_AUL/labelsTs/liver_0678.png,liver_0678,malignant,data/source/AUL/Malignant/image/225.jpg,image,True,768,1024,65957,98422,98412,62254,102125,62254,102115,0.7574446857566964,0.6095862913096696,0.609645987367184,True,True,True,True,True,,overlapping_detected
predictions_milestones_625images_seed42_epoch750,42,750,epoch750,PlainConvUNet,predictions/preliminary_milestones_test/seed42/predictions_milestones_625images_seed42_epoch750/liver_0679.png,nnUNet_raw/Dataset001_AUL/labelsTs/liver_0679.png,liver_0679,malignant,data/source/AUL/Malignant/image/173.jpg,image,True,768,1024,69250,68173,68173,60166,77257,60166,77257,0.8756321721982492,0.7787773276207981,0.7787773276207981,True,True,True,True,True,,overlapping_detected
predictions_milestones_625images_seed42_epoch750,42,750,epoch750,PlainConvUNet,predictions/preliminary_milestones_test/seed42/predictions_milestones_625images_seed42_epoch750/liver_0680.png,nnUNet_raw/Dataset001_AUL/labelsTs/liver_0680.png,liver_0680,malignant,data/source/AUL/Malignant/image/214.jpg,image,True,576,720,7064,8604,8604,6716,8952,6716,8952,0.857288741383712,0.7502234137622877,0.7502234137622877,True,True,True,True,True,,overlapping_detected
predictions_milestones_625images_seed42_epoch750,42,750,epoch750,PlainConvUNet,predictions/preliminary_milestones_test/seed42/predictions_milestones_625images_seed42_epoch750/liver_0681.png,nnUNet_raw/Dataset001_AUL/labelsTs/liver_0681.png,liver_0681,malignant,data/source/AUL/Malignant/image/172.jpg,image,True,768,1024,124729,102236,102236,101485,125480,101485,125480,0.8942788535677307,0.8087743066624163,0.8087743066624163,True,True,True,True,True,,overlapping_detected
predictions_milestones_625images_seed42_epoch750,42,750,epoch750,PlainConvUNet,predictions/preliminary_milestones_test/seed42/predictions_milestones_625images_seed42_epoch750/liver_0682.png,nnUNet_raw/Dataset001_AUL/labelsTs/liver_0682.png,liver_0682,malignant,data/source/AUL/Malignant/image/380.jpg,image,True,576,768,3291,2868,2868,2784,3375,2784,3375,0.9040428641013152,0.8248888888888889,0.8248888888888889,True,True,True,True,True,,overlapping_detected
predictions_milestones_625images_seed42_epoch750,42,750,epoch750,PlainConvUNet,predictions/preliminary_milestones_test/seed42/predictions_milestones_625images_seed42_epoch750/liver_0683.png,nnUNet_raw/Dataset001_AUL/labelsTs/liver_0683.png,liver_0683,malignant,data/source/AUL/Malignant/image/22.jpg,image,True,600,800,30876,29357,29357,28395,31838,28395,31838,0.9428386432686401,0.8918587850995665,0.8918587850995665,True,True,True,True,True,,overlapping_detected
predictions_milestones_625images_seed42_epoch750,42,750,epoch750,PlainConvUNet,predictions/preliminary_milestones_test/seed42/predictions_milestones_625images_seed42_epoch750/liver_0684.png,nnUNet_raw/Dataset001_AUL/labelsTs/liver_0684.png,liver_0684,malignant,data/source/AUL/Malignant/image/138.jpg,image,True,576,720,2445,1963,1963,1913,2495,1913,2495,0.8679673321234119,0.7667334669338677,0.7667334669338677,True,True,True,True,True,,overlapping_detected
predictions_milestones_625images_seed42_epoch750,42,750,epoch750,PlainConvUNet,predictions/preliminary_milestones_test/seed42/predictions_milestones_625images_seed42_epoch750/liver_0685.png,nnUNet_raw/Dataset001_AUL/labelsTs/liver_0685.png,liver_0685,malignant,data/source/AUL/Malignant/image/19.jpg,image,True,768,1024,116682,118974,118974,114209,121447,114209,121447,0.9692857385341345,0.9404019860515287,0.9404019860515287,True,True,True,True,True,,overlapping_detected
predictions_milestones_625images_seed42_epoch750,42,750,epoch750,PlainConvUNet,predictions/preliminary_milestones_test/seed42/predictions_milestones_625images_seed42_epoch750/liver_0686.png,nnUNet_raw/Dataset001_AUL/labelsTs/liver_0686.png,liver_0686,malignant,data/source/AUL/Malignant/image/312.jpg,image,True,808,1038,23647,21991,21991,21880,23758,21880,23758,0.9588500810727902,0.9209529421668491,0.9209529421668491,True,True,True,True,True,,overlapping_detected
predictions_milestones_625images_seed42_epoch750,42,750,epoch750,PlainConvUNet,predictions/preliminary_milestones_test/seed42/predictions_milestones_625images_seed42_epoch750/liver_0687.png,nnUNet_raw/Dataset001_AUL/labelsTs/liver_0687.png,liver_0687,malignant,data/source/AUL/Malignant/image/29.jpg,image,True,768,1024,18558,18409,18409,17388,19579,17388,19579,0.9407309221738307,0.8880943868430461,0.8880943868430461,True,True,True,True,True,,overlapping_detected
predictions_milestones_625images_seed42_epoch750,42,750,epoch750,PlainConvUNet,predictions/preliminary_milestones_test/seed42/predictions_milestones_625images_seed42_epoch750/liver_0688.png,nnUNet_raw/Dataset001_AUL/labelsTs/liver_0688.png,liver_0688,malignant,data/source/AUL/Malignant/image/203.jpg,image,True,768,1024,30263,29282,29282,26579,32966,26579,32966,0.8927365857754639,0.8062549293211188,0.8062549293211188,True,True,True,True,True,,overlapping_detected
predictions_milestones_625images_seed42_epoch750,42,750,epoch750,PlainConvUNet,predictions/preliminary_milestones_test/seed42/predictions_milestones_625images_seed42_epoch750/liver_0689.png,nnUNet_raw/Dataset001_AUL/labelsTs/liver_0689.png,liver_0689,malignant,data/source/AUL/Malignant/image/192.jpg,image,True,768,1024,44050,32172,32172,30876,45346,30876,45346,0.8101597963842461,0.6808979843867154,0.6808979843867154,True,True,True,True,True,,overlapping_detected
predictions_milestones_625images_seed42_epoch750,42,750,epoch750,PlainConvUNet,predictions/preliminary_milestones_test/seed42/predictions_milestones_625images_seed42_epoch750/liver_0690.png,nnUNet_raw/Dataset001_AUL/labelsTs/liver_0690.png,liver_0690,malignant,data/source/AUL/Malignant/image/371.jpg,image,True,625,819,27624,19541,19541,19423,27742,19423,27742,0.8236192091593343,0.7001297671400765,0.7001297671400765,True,True,True,True,True,,overlapping_detected
predictions_milestones_625images_seed42_epoch750,42,750,epoch750,PlainConvUNet,predictions/preliminary_milestones_test/seed42/predictions_milestones_625images_seed42_epoch750/liver_0691.png,nnUNet_raw/Dataset001_AUL/labelsTs/liver_0691.png,liver_0691,malignant,data/source/AUL/Malignant/image/167.jpg,image,True,749,894,3606,4409,4409,3534,4481,3534,4481,0.8818465377417343,0.788663244811426,0.788663244811426,True,True,True,True,True,,overlapping_detected
predictions_milestones_625images_seed42_epoch750,42,750,epoch750,PlainConvUNet,predictions/preliminary_milestones_test/seed42/predictions_milestones_625images_seed42_epoch750/liver_0692.png,nnUNet_raw/Dataset001_AUL/labelsTs/liver_0692.png,liver_0692,malignant,data/source/AUL/Malignant/image/367.jpg,image,True,576,720,2716,147,147,147,2716,147,2716,0.10268948655256724,0.05412371134020619,0.05412371134020619,True,True,False,False,True,,overlapping_detected
predictions_milestones_625images_seed42_epoch750,42,750,epoch750,PlainConvUNet,predictions/preliminary_milestones_test/seed42/predictions_milestones_625images_seed42_epoch750/liver_0693.png,nnUNet_raw/Dataset001_AUL/labelsTs/liver_0693.png,liver_0693,malignant,data/source/AUL/Malignant/image/275.jpg,image,True,768,1024,40538,47928,47928,39565,48901,39565,48901,0.8944679311826013,0.809083658820883,0.809083658820883,True,True,True,True,True,,overlapping_detected
predictions_milestones_625images_seed42_epoch750,42,750,epoch750,PlainConvUNet,predictions/preliminary_milestones_test/seed42/predictions_milestones_625images_seed42_epoch750/liver_0694.png,nnUNet_raw/Dataset001_AUL/labelsTs/liver_0694.png,liver_0694,malignant,data/source/AUL/Malignant/image/41.jpg,image,True,768,1024,32179,24140,24140,23697,32622,23697,32622,0.8415277259894529,0.7264116240573846,0.7264116240573846,True,True,True,True,True,,overlapping_detected
predictions_milestones_625images_seed42_epoch750,42,750,epoch750,PlainConvUNet,predictions/preliminary_milestones_test/seed42/predictions_milestones_625images_seed42_epoch750/liver_0695.png,nnUNet_raw/Dataset001_AUL/labelsTs/liver_0695.png,liver_0695,malignant,data/source/AUL/Malignant/image/383.jpg,image,True,768,1024,30926,26352,26352,26048,31230,26048,31230,0.9095289640001397,0.834069804674992,0.834069804674992,True,True,True,True,True,,overlapping_detected
predictions_milestones_625images_seed42_epoch750,42,750,epoch750,PlainConvUNet,predictions/preliminary_milestones_test/seed42/predictions_milestones_625images_seed42_epoch750/liver_0696.png,nnUNet_raw/Dataset001_AUL/labelsTs/liver_0696.png,liver_0696,malignant,data/source/AUL/Malignant/image/106.jpg,image,True,768,1024,15772,13150,13150,12578,16344,12578,16344,0.8697877048613513,0.7695790504160548,0.7695790504160548,True,True,True,True,True,,overlapping_detected
predictions_milestones_625images_seed42_epoch750,42,750,epoch750,PlainConvUNet,predictions/preliminary_milestones_test/seed42/predictions_milestones_625images_seed42_epoch750/liver_0697.png,nnUNet_raw/Dataset001_AUL/labelsTs/liver_0697.png,liver_0697,malignant,data/source/AUL/Malignant/image/140.jpg,image,True,910,1260,16722,17280,17280,16057,17945,16057,17945,0.9444738544791483,0.8947896349958205,0.8947896349958205,True,True,True,True,True,,overlapping_detected
predictions_milestones_625images_seed42_epoch750,42,750,epoch750,PlainConvUNet,predictions/preliminary_milestones_test/seed42/predictions_milestones_625images_seed42_epoch750/liver_0698.png,nnUNet_raw/Dataset001_AUL/labelsTs/liver_0698.png,liver_0698,malignant,data/source/AUL/Malignant/image/327.jpg,image,True,768,1024,25104,29741,29741,24394,30451,24394,30451,0.8895614914759777,0.8010902761814062,0.8010902761814062,True,True,True,True,True,,overlapping_detected
predictions_milestones_625images_seed42_epoch750,42,750,epoch750,PlainConvUNet,predictions/preliminary_milestones_test/seed42/predictions_milestones_625images_seed42_epoch750/liver_0699.png,nnUNet_raw/Dataset001_AUL/labelsTs/liver_0699.png,liver_0699,malignant,data/source/AUL/Malignant/image/77.jpg,image,True,768,1024,75785,68012,68012,67037,76760,67037,76760,0.93238384667274,0.8733324648254299,0.8733324648254299,True,True,True,True,True,,overlapping_detected
predictions_milestones_625images_seed42_epoch750,42,750,epoch750,PlainConvUNet,predictions/preliminary_milestones_test/seed42/predictions_milestones_625images_seed42_epoch750/liver_0700.png,nnUNet_raw/Dataset001_AUL/labelsTs/liver_0700.png,liver_0700,malignant,data/source/AUL/Malignant/image/342.jpg,image,True,768,1024,194214,157530,157493,138808,212936,138808,212899,0.7892558224163028,0.651876620205132,0.6607733649419952,True,True,True,True,True,,overlapping_detected
predictions_milestones_625images_seed42_epoch750,42,750,epoch750,PlainConvUNet,predictions/preliminary_milestones_test/seed42/predictions_milestones_625images_seed42_epoch750/liver_0701.png,nnUNet_raw/Dataset001_AUL/labelsTs/liver_0701.png,liver_0701,malignant,data/source/AUL/Malignant/image/263.jpg,image,True,768,1024,34298,33491,33491,32735,35054,32735,35054,0.9657909100296508,0.933844924972899,0.933844924972899,True,True,True,True,True,,overlapping_detected
predictions_milestones_625images_seed42_epoch750,42,750,epoch750,PlainConvUNet,predictions/preliminary_milestones_test/seed42/predictions_milestones_625images_seed42_epoch750/liver_0702.png,nnUNet_raw/Dataset001_AUL/labelsTs/liver_0702.png,liver_0702,malignant,data/source/AUL/Malignant/image/288.jpg,image,True,576,720,1401,956,956,956,1401,956,1401,0.8112006788290199,0.6823697359029265,0.6823697359029265,True,True,True,True,True,,overlapping_detected
predictions_milestones_625images_seed42_epoch750,42,750,epoch750,PlainConvUNet,predictions/preliminary_milestones_test/seed42/predictions_milestones_625images_seed42_epoch750/liver_0703.png,nnUNet_raw/Dataset001_AUL/labelsTs/liver_0703.png,liver_0703,malignant,data/source/AUL/Malignant/image/304.jpg,image,True,768,1024,31066,31821,31821,29734,33153,29734,33153,0.9456326426765468,0.8968720779416645,0.8968720779416645,True,True,True,True,True,,overlapping_detected
predictions_milestones_625images_seed42_epoch750,42,750,epoch750,PlainConvUNet,predictions/preliminary_milestones_test/seed42/predictions_milestones_625images_seed42_epoch750/liver_0704.png,nnUNet_raw/Dataset001_AUL/labelsTs/liver_0704.png,liver_0704,malignant,data/source/AUL/Malignant/image/46.jpg,image,True,768,1024,24522,22945,22945,21345,26122,21345,26122,0.899361661786083,0.8171273256259092,0.8171273256259092,True,True,True,True,True,,overlapping_detected
predictions_milestones_625images_seed42_epoch750,42,750,epoch750,PlainConvUNet,predictions/preliminary_milestones_test/seed42/predictions_milestones_625images_seed42_epoch750/liver_0705.png,nnUNet_raw/Dataset001_AUL/labelsTs/liver_0705.png,liver_0705,malignant,data/source/AUL/Malignant/image/195.jpg,image,True,768,1024,65348,62919,62919,60687,67580,60687,67580,0.9462605346659702,0.8980023675643681,0.8980023675643681,True,True,True,True,True,,overlapping_detected
predictions_milestones_625images_seed42_epoch750,42,750,epoch750,PlainConvUNet,predictions/preliminary_milestones_test/seed42/predictions_milestones_625images_seed42_epoch750/liver_0706.png,nnUNet_raw/Dataset001_AUL/labelsTs/liver_0706.png,liver_0706,malignant,data/source/AUL/Malignant/image/111.jpg,image,True,768,1024,54931,51103,51103,44884,61150,44884,61150,0.8465963747477224,0.7339983646770237,0.7992876858694684,True,True,True,True,True,,overlapping_detected
predictions_milestones_625images_seed42_epoch750,42,750,epoch750,PlainConvUNet,predictions/preliminary_milestones_test/seed42/predictions_milestones_625images_seed42_epoch750/liver_0707.png,nnUNet_raw/Dataset001_AUL/labelsTs/liver_0707.png,liver_0707,malignant,data/source/AUL/Malignant/image/363.jpg,image,True,768,1024,14074,18350,18350,14060,18364,14060,18364,0.8672588206266962,0.7656284033979525,0.7656284033979525,True,True,True,True,True,,overlapping_detected
predictions_milestones_625images_seed42_epoch750,42,750,epoch750,PlainConvUNet,predictions/preliminary_milestones_test/seed42/predictions_milestones_625images_seed42_epoch750/liver_0708.png,nnUNet_raw/Dataset001_AUL/labelsTs/liver_0708.png,liver_0708,malignant,data/source/AUL/Malignant/image/381.jpg,image,True,768,1024,11532,6348,6218,6231,11649,6167,11583,0.696979865771812,0.5348956992016483,0.5324181990848658,True,True,True,True,True,,overlapping_detected
predictions_milestones_625images_seed42_epoch750,42,750,epoch750,PlainConvUNet,predictions/preliminary_milestones_test/seed42/predictions_milestones_625images_seed42_epoch750/liver_0709.png,nnUNet_raw/Dataset001_AUL/labelsTs/liver_0709.png,liver_0709,malignant,data/source/AUL/Malignant/image/249.jpg,image,True,768,1024,34415,28496,28496,27920,34991,27920,34991,0.8876031218705791,0.7979194650052871,0.7979194650052871,True,True,True,True,True,,overlapping_detected
predictions_milestones_625images_seed42_epoch750,42,750,epoch750,PlainConvUNet,predictions/preliminary_milestones_test/seed42/predictions_milestones_625images_seed42_epoch750/liver_0710.png,nnUNet_raw/Dataset001_AUL/labelsTs/liver_0710.png,liver_0710,malignant,data/source/AUL/Malignant/image/21.jpg,image,True,768,1024,125958,118881,118881,117145,127694,117145,127694,0.9569145438430969,0.917388444249534,0.917388444249534,True,True,True,True,True,,overlapping_detected
predictions_milestones_625images_seed42_epoch750,42,750,epoch750,PlainConvUNet,predictions/preliminary_milestones_test/seed42/predictions_milestones_625images_seed42_epoch750/liver_0711.png,nnUNet_raw/Dataset001_AUL/labelsTs/liver_0711.png,liver_0711,malignant,data/source/AUL/Malignant/image/293.jpg,image,True,768,1024,14729,14467,14467,12501,16695,12501,16695,0.8563501849568435,0.7487870619946092,0.7487870619946092,True,True,True,True,True,,overlapping_detected
predictions_milestones_625images_seed42_epoch750,42,750,epoch750,PlainConvUNet,predictions/preliminary_milestones_test/seed42/predictions_milestones_625images_seed42_epoch750/liver_0712.png,nnUNet_raw/Dataset001_AUL/labelsTs/liver_0712.png,liver_0712,malignant,data/source/AUL/Malignant/image/217.jpg,image,True,768,1024,35213,37778,37731,34714,38277,34714,38230,0.9511857626282693,0.9069153799932074,0.9080303426628302,True,True,True,True,True,,overlapping_detected
predictions_milestones_625images_seed42_epoch750,42,750,epoch750,PlainConvUNet,predictions/preliminary_milestones_test/seed42/predictions_milestones_625images_seed42_epoch750/liver_0713.png,nnUNet_raw/Dataset001_AUL/labelsTs/liver_0713.png,liver_0713,malignant,data/source/AUL/Malignant/image/190.jpg,image,True,768,1024,49653,36345,36345,36280,49718,36280,49718,0.843740552105863,0.7297155959612213,0.7297155959612213,True,True,True,True,True,,overlapping_detected
predictions_milestones_625images_seed42_epoch750,42,750,epoch750,PlainConvUNet,predictions/preliminary_milestones_test/seed42/predictions_milestones_625images_seed42_epoch750/liver_0714.png,nnUNet_raw/Dataset001_AUL/labelsTs/liver_0714.png,liver_0714,malignant,data/source/AUL/Malignant/image/139.jpg,image,True,768,1024,27544,20030,20030,19044,28530,19044,28530,0.8006053726825577,0.6675078864353312,0.6675078864353312,True,True,True,True,True,,overlapping_detected
predictions_milestones_625images_seed42_epoch750,42,750,epoch750,PlainConvUNet,predictions/preliminary_milestones_test/seed42/predictions_milestones_625images_seed42_epoch750/liver_0715.png,nnUNet_raw/Dataset001_AUL/labelsTs/liver_0715.png,liver_0715,malignant,data/source/AUL/Malignant/image/218.jpg,image,True,768,1024,14449,36447,36426,14069,36827,14069,36806,0.5528528764539453,0.3820294892334429,0.8149800150611134,True,True,True,False,True,,overlapping_detected
predictions_milestones_625images_seed42_epoch750,42,750,epoch750,PlainConvUNet,predictions/preliminary_milestones_test/seed42/predictions_milestones_625images_seed42_epoch750/liver_0716.png,nnUNet_raw/Dataset001_AUL/labelsTs/liver_0716.png,liver_0716,malignant,data/source/AUL/Malignant/image/260.jpg,image,True,407,550,3962,2896,2896,2387,4471,2387,4471,0.6961213181685623,0.5338850369044956,0.5338850369044956,True,True,True,True,True,,overlapping_detected
predictions_milestones_625images_seed42_epoch750,42,750,epoch750,PlainConvUNet,predictions/preliminary_milestones_test/seed42/predictions_milestones_625images_seed42_epoch750/liver_0717.png,nnUNet_raw/Dataset001_AUL/labelsTs/liver_0717.png,liver_0717,malignant,data/source/AUL/Malignant/image/112.jpg,image,True,768,1024,101456,59337,59337,57524,103269,57524,103269,0.7155037843687225,0.5570306674800763,0.5570306674800763,True,True,True,True,True,,overlapping_detected
predictions_milestones_625images_seed42_epoch750,42,750,epoch750,PlainConvUNet,predictions/preliminary_milestones_test/seed42/predictions_milestones_625images_seed42_epoch750/liver_0718.png,nnUNet_raw/Dataset001_AUL/labelsTs/liver_0718.png,liver_0718,malignant,data/source/AUL/Malignant/image/186.jpg,image,True,576,768,16287,1679,1679,1679,16287,1679,16287,0.18690860514304797,0.10308835267391171,0.08816847792718119,True,True,False,False,True,,overlapping_detected
predictions_milestones_625images_seed42_epoch750,42,750,epoch750,PlainConvUNet,predictions/preliminary_milestones_test/seed42/predictions_milestones_625images_seed42_epoch750/liver_0719.png,nnUNet_raw/Dataset001_AUL/labelsTs/liver_0719.png,liver_0719,malignant,data/source/AUL/Malignant/image/299.jpg,image,True,768,1024,60028,39365,39365,37460,61933,37460,61933,0.7537754167798537,0.6048471735585229,0.6048471735585229,True,True,True,True,True,,overlapping_detected
predictions_milestones_625images_seed42_epoch750,42,750,epoch750,PlainConvUNet,predictions/preliminary_milestones_test/seed42/predictions_milestones_625images_seed42_epoch750/liver_0720.png,nnUNet_raw/Dataset001_AUL/labelsTs/liver_0720.png,liver_0720,malignant,data/source/AUL/Malignant/image/248.jpg,image,True,768,1024,62655,86879,86879,57149,92385,57149,92385,0.7643612823839394,0.6185960924392488,0.6185960924392488,True,True,True,True,True,,overlapping_detected
predictions_milestones_625images_seed42_epoch750,42,750,epoch750,PlainConvUNet,predictions/preliminary_milestones_test/seed42/predictions_milestones_625images_seed42_epoch750/liver_0721.png,nnUNet_raw/Dataset001_AUL/labelsTs/liver_0721.png,liver_0721,normal,data/source/AUL/Normal/image/74.jpg,image,False,480,640,0,0,0,0,0,0,0,,,,False,,,,,False,normal_true_negative
predictions_milestones_625images_seed42_epoch750,42,750,epoch750,PlainConvUNet,predictions/preliminary_milestones_test/seed42/predictions_milestones_625images_seed42_epoch750/liver_0722.png,nnUNet_raw/Dataset001_AUL/labelsTs/liver_0722.png,liver_0722,normal,data/source/AUL/Normal/image/44.jpg,image,False,576,720,0,0,0,0,0,0,0,,,,False,,,,,False,normal_true_negative
predictions_milestones_625images_seed42_epoch750,42,750,epoch750,PlainConvUNet,predictions/preliminary_milestones_test/seed42/predictions_milestones_625images_seed42_epoch750/liver_0723.png,nnUNet_raw/Dataset001_AUL/labelsTs/liver_0723.png,liver_0723,normal,data/source/AUL/Normal/image/81.jpg,image,False,576,768,0,0,0,0,0,0,0,,,,False,,,,,False,normal_true_negative
predictions_milestones_625images_seed42_epoch750,42,750,epoch750,PlainConvUNet,predictions/preliminary_milestones_test/seed42/predictions_milestones_625images_seed42_epoch750/liver_0724.png,nnUNet_raw/Dataset001_AUL/labelsTs/liver_0724.png,liver_0724,normal,data/source/AUL/Normal/image/25.jpg,image,False,576,720,0,0,0,0,0,0,0,,,,False,,,,,False,normal_true_negative
predictions_milestones_625images_seed42_epoch750,42,750,epoch750,PlainConvUNet,predictions/preliminary_milestones_test/seed42/predictions_milestones_625images_seed42_epoch750/liver_0725.png,nnUNet_raw/Dataset001_AUL/labelsTs/liver_0725.png,liver_0725,normal,data/source/AUL/Normal/image/50.jpg,image,False,576,720,0,0,0,0,0,0,0,,,,False,,,,,False,normal_true_negative
predictions_milestones_625images_seed42_epoch750,42,750,epoch750,PlainConvUNet,predictions/preliminary_milestones_test/seed42/predictions_milestones_625images_seed42_epoch750/liver_0726.png,nnUNet_raw/Dataset001_AUL/labelsTs/liver_0726.png,liver_0726,normal,data/source/AUL/Normal/image/3.jpg,image,False,576,720,0,0,0,0,0,0,0,,,,False,,,,,False,normal_true_negative
predictions_milestones_625images_seed42_epoch750,42,750,epoch750,PlainConvUNet,predictions/preliminary_milestones_test/seed42/predictions_milestones_625images_seed42_epoch750/liver_0727.png,nnUNet_raw/Dataset001_AUL/labelsTs/liver_0727.png,liver_0727,normal,data/source/AUL/Normal/image/84.jpg,image,False,576,720,0,0,0,0,0,0,0,,,,False,,,,,False,normal_true_negative
predictions_milestones_625images_seed42_epoch750,42,750,epoch750,PlainConvUNet,predictions/preliminary_milestones_test/seed42/predictions_milestones_625images_seed42_epoch750/liver_0728.png,nnUNet_raw/Dataset001_AUL/labelsTs/liver_0728.png,liver_0728,normal,data/source/AUL/Normal/image/18.jpg,image,False,576,720,0,0,0,0,0,0,0,,,,False,,,,,False,normal_true_negative
predictions_milestones_625images_seed42_epoch750,42,750,epoch750,PlainConvUNet,predictions/preliminary_milestones_test/seed42/predictions_milestones_625images_seed42_epoch750/liver_0729.png,nnUNet_raw/Dataset001_AUL/labelsTs/liver_0729.png,liver_0729,normal,data/source/AUL/Normal/image/90.jpg,image,False,576,720,0,0,0,0,0,0,0,,,,False,,,,,False,normal_true_negative
predictions_milestones_625images_seed42_epoch750,42,750,epoch750,PlainConvUNet,predictions/preliminary_milestones_test/seed42/predictions_milestones_625images_seed42_epoch750/liver_0730.png,nnUNet_raw/Dataset001_AUL/labelsTs/liver_0730.png,liver_0730,normal,data/source/AUL/Normal/image/17.jpg,image,False,480,640,0,0,0,0,0,0,0,,,,False,,,,,False,normal_true_negative
predictions_milestones_625images_seed42_epoch750,42,750,epoch750,PlainConvUNet,predictions/preliminary_milestones_test/seed42/predictions_milestones_625images_seed42_epoch750/liver_0731.png,nnUNet_raw/Dataset001_AUL/labelsTs/liver_0731.png,liver_0731,normal,data/source/AUL/Normal/image/89.jpg,image,False,576,768,0,0,0,0,0,0,0,,,,False,,,,,False,normal_true_negative
predictions_milestones_625images_seed42_epoch750,42,750,epoch750,PlainConvUNet,predictions/preliminary_milestones_test/seed42/predictions_milestones_625images_seed42_epoch750/liver_0732.png,nnUNet_raw/Dataset001_AUL/labelsTs/liver_0732.png,liver_0732,normal,data/source/AUL/Normal/image/83.jpg,image,False,480,640,0,0,0,0,0,0,0,,,,False,,,,,False,normal_true_negative
predictions_milestones_625images_seed42_epoch750,42,750,epoch750,PlainConvUNet,predictions/preliminary_milestones_test/seed42/predictions_milestones_625images_seed42_epoch750/liver_0733.png,nnUNet_raw/Dataset001_AUL/labelsTs/liver_0733.png,liver_0733,normal,data/source/AUL/Normal/image/2.jpg,image,False,576,768,0,4360,4360,0,4360,0,4360,,,,True,,,,,True,normal_false_positive
predictions_milestones_625images_seed42_epoch750,42,750,epoch750,PlainConvUNet,predictions/preliminary_milestones_test/seed42/predictions_milestones_625images_seed42_epoch750/liver_0734.png,nnUNet_raw/Dataset001_AUL/labelsTs/liver_0734.png,liver_0734,normal,data/source/AUL/Normal/image/39.jpg,image,False,576,720,0,0,0,0,0,0,0,,,,False,,,,,False,normal_true_negative
predictions_milestones_625images_seed42_epoch750,42,750,epoch750,PlainConvUNet,predictions/preliminary_milestones_test/seed42/predictions_milestones_625images_seed42_epoch750/liver_0735.png,nnUNet_raw/Dataset001_AUL/labelsTs/liver_0735.png,liver_0735,normal,data/source/AUL/Normal/image/7.jpg,image,False,576,720,0,0,0,0,0,0,0,,,,False,,,,,False,normal_true_negative
predictions_milestones_625images_seed42_final,42,1000,final,PlainConvUNet,predictions/preliminary_milestones_test/seed42/predictions_milestones_625images_seed42_final/liver_0626.png,nnUNet_raw/Dataset001_AUL/labelsTs/liver_0626.png,liver_0626,benign,data/source/AUL/Benign/image/159.jpg,image,True,576,720,1748,1883,1883,1555,2076,1555,2076,0.8565133572018727,0.7490366088631984,0.7490366088631984,True,True,True,True,True,,overlapping_detected
predictions_milestones_625images_seed42_final,42,1000,final,PlainConvUNet,predictions/preliminary_milestones_test/seed42/predictions_milestones_625images_seed42_final/liver_0627.png,nnUNet_raw/Dataset001_AUL/labelsTs/liver_0627.png,liver_0627,benign,data/source/AUL/Benign/image/88.jpg,image,True,768,1024,49605,15928,15889,13579,51954,13579,51915,0.4144171638716372,0.26136582361319627,0.27374256627356114,True,True,True,False,True,,overlapping_detected
predictions_milestones_625images_seed42_final,42,1000,final,PlainConvUNet,predictions/preliminary_milestones_test/seed42/predictions_milestones_625images_seed42_final/liver_0628.png,nnUNet_raw/Dataset001_AUL/labelsTs/liver_0628.png,liver_0628,benign,data/source/AUL/Benign/image/190.jpg,image,True,576,720,7141,0,0,0,7141,0,7141,0.0,0.0,0.0,False,False,False,False,False,,unflagged
predictions_milestones_625images_seed42_final,42,1000,final,PlainConvUNet,predictions/preliminary_milestones_test/seed42/predictions_milestones_625images_seed42_final/liver_0629.png,nnUNet_raw/Dataset001_AUL/labelsTs/liver_0629.png,liver_0629,benign,data/source/AUL/Benign/image/93.jpg,image,True,576,720,45215,39423,39423,38698,45940,38698,45940,0.9144355963042605,0.8423595994775794,0.8423595994775794,True,True,True,True,True,,overlapping_detected
predictions_milestones_625images_seed42_final,42,1000,final,PlainConvUNet,predictions/preliminary_milestones_test/seed42/predictions_milestones_625images_seed42_final/liver_0630.png,nnUNet_raw/Dataset001_AUL/labelsTs/liver_0630.png,liver_0630,benign,data/source/AUL/Benign/image/2.jpg,image,True,576,720,1657,2011,2011,1650,2018,1650,2018,0.8996728462377317,0.817641228939544,0.817641228939544,True,True,True,True,True,,overlapping_detected
predictions_milestones_625images_seed42_final,42,1000,final,PlainConvUNet,predictions/preliminary_milestones_test/seed42/predictions_milestones_625images_seed42_final/liver_0631.png,nnUNet_raw/Dataset001_AUL/labelsTs/liver_0631.png,liver_0631,benign,data/source/AUL/Benign/image/28.jpg,image,True,576,720,2175,885,885,727,2333,727,2333,0.47516339869281043,0.3116159451350193,0.3116159451350193,True,True,True,False,True,,overlapping_detected
predictions_milestones_625images_seed42_final,42,1000,final,PlainConvUNet,predictions/preliminary_milestones_test/seed42/predictions_milestones_625images_seed42_final/liver_0632.png,nnUNet_raw/Dataset001_AUL/labelsTs/liver_0632.png,liver_0632,benign,data/source/AUL/Benign/image/110.jpg,image,True,576,720,3443,7030,7030,3443,7030,3443,7030,0.6575002387090614,0.48975817923186343,0.48975817923186343,True,True,True,False,True,,overlapping_detected
predictions_milestones_625images_seed42_final,42,1000,final,PlainConvUNet,predictions/preliminary_milestones_test/seed42/predictions_milestones_625images_seed42_final/liver_0633.png,nnUNet_raw/Dataset001_AUL/labelsTs/liver_0633.png,liver_0633,benign,data/source/AUL/Benign/image/100.jpg,image,True,576,720,1230,0,0,0,1230,0,1230,0.0,0.0,0.0,False,False,False,False,False,,unflagged
predictions_milestones_625images_seed42_final,42,1000,final,PlainConvUNet,predictions/preliminary_milestones_test/seed42/predictions_milestones_625images_seed42_final/liver_0634.png,nnUNet_raw/Dataset001_AUL/labelsTs/liver_0634.png,liver_0634,benign,data/source/AUL/Benign/image/157.jpg,image,True,576,768,722,0,0,0,722,0,722,0.0,0.0,0.0,False,False,False,False,False,,unflagged
predictions_milestones_625images_seed42_final,42,1000,final,PlainConvUNet,predictions/preliminary_milestones_test/seed42/predictions_milestones_625images_seed42_final/liver_0635.png,nnUNet_raw/Dataset001_AUL/labelsTs/liver_0635.png,liver_0635,benign,data/source/AUL/Benign/image/139.jpg,image,True,576,720,633,252,252,252,633,252,633,0.5694915254237288,0.3981042654028436,0.3981042654028436,True,True,True,False,True,,overlapping_detected
predictions_milestones_625images_seed42_final,42,1000,final,PlainConvUNet,predictions/preliminary_milestones_test/seed42/predictions_milestones_625images_seed42_final/liver_0636.png,nnUNet_raw/Dataset001_AUL/labelsTs/liver_0636.png,liver_0636,benign,data/source/AUL/Benign/image/41.jpg,image,True,576,720,692,585,585,558,719,558,719,0.8739232576350823,0.7760778859527121,0.7760778859527121,True,True,True,True,True,,overlapping_detected
predictions_milestones_625images_seed42_final,42,1000,final,PlainConvUNet,predictions/preliminary_milestones_test/seed42/predictions_milestones_625images_seed42_final/liver_0637.png,nnUNet_raw/Dataset001_AUL/labelsTs/liver_0637.png,liver_0637,benign,data/source/AUL/Benign/image/72.jpg,image,True,576,720,581,928,928,580,929,580,929,0.7687210072895958,0.6243272335844995,0.6243272335844995,True,True,True,True,True,,overlapping_detected
predictions_milestones_625images_seed42_final,42,1000,final,PlainConvUNet,predictions/preliminary_milestones_test/seed42/predictions_milestones_625images_seed42_final/liver_0638.png,nnUNet_raw/Dataset001_AUL/labelsTs/liver_0638.png,liver_0638,benign,data/source/AUL/Benign/image/34.jpg,image,True,576,720,19367,20017,20017,18314,21070,18314,21070,0.9300223440991265,0.8691979117228287,0.8691979117228287,True,True,True,True,True,,overlapping_detected
predictions_milestones_625images_seed42_final,42,1000,final,PlainConvUNet,predictions/preliminary_milestones_test/seed42/predictions_milestones_625images_seed42_final/liver_0639.png,nnUNet_raw/Dataset001_AUL/labelsTs/liver_0639.png,liver_0639,benign,data/source/AUL/Benign/image/168.jpg,image,True,576,720,4723,0,0,0,4723,0,4723,0.0,0.0,0.0,False,False,False,False,False,,unflagged
predictions_milestones_625images_seed42_final,42,1000,final,PlainConvUNet,predictions/preliminary_milestones_test/seed42/predictions_milestones_625images_seed42_final/liver_0640.png,nnUNet_raw/Dataset001_AUL/labelsTs/liver_0640.png,liver_0640,benign,data/source/AUL/Benign/image/61.jpg,image,True,768,1024,81560,63889,63889,61572,83877,61572,83877,0.8466472784274901,0.7340748953825245,0.7340748953825245,True,True,True,True,True,,overlapping_detected
predictions_milestones_625images_seed42_final,42,1000,final,PlainConvUNet,predictions/preliminary_milestones_test/seed42/predictions_milestones_625images_seed42_final/liver_0641.png,nnUNet_raw/Dataset001_AUL/labelsTs/liver_0641.png,liver_0641,benign,data/source/AUL/Benign/image/7.jpg,image,True,910,1260,27246,25525,25525,25036,27735,25036,27735,0.9488544844706372,0.9026861366504417,0.9026861366504417,True,True,True,True,True,,overlapping_detected
predictions_milestones_625images_seed42_final,42,1000,final,PlainConvUNet,predictions/preliminary_milestones_test/seed42/predictions_milestones_625images_seed42_final/liver_0642.png,nnUNet_raw/Dataset001_AUL/labelsTs/liver_0642.png,liver_0642,benign,data/source/AUL/Benign/image/14.jpg,image,True,768,1024,12225,18241,18241,12185,18281,12185,18281,0.7999080942690212,0.6665390295935671,0.6665390295935671,True,True,True,True,True,,overlapping_detected
predictions_milestones_625images_seed42_final,42,1000,final,PlainConvUNet,predictions/preliminary_milestones_test/seed42/predictions_milestones_625images_seed42_final/liver_0643.png,nnUNet_raw/Dataset001_AUL/labelsTs/liver_0643.png,liver_0643,benign,data/source/AUL/Benign/image/36.jpg,image,True,576,720,2022,0,0,0,2022,0,2022,0.0,0.0,0.0,False,False,False,False,False,,unflagged
predictions_milestones_625images_seed42_final,42,1000,final,PlainConvUNet,predictions/preliminary_milestones_test/seed42/predictions_milestones_625images_seed42_final/liver_0644.png,nnUNet_raw/Dataset001_AUL/labelsTs/liver_0644.png,liver_0644,benign,data/source/AUL/Benign/image/126.jpg,image,True,600,800,11845,3555,3555,3555,11845,3555,11845,0.4616883116883117,0.3001266357112706,0.3001266357112706,True,True,True,False,True,,overlapping_detected
predictions_milestones_625images_seed42_final,42,1000,final,PlainConvUNet,predictions/preliminary_milestones_test/seed42/predictions_milestones_625images_seed42_final/liver_0645.png,nnUNet_raw/Dataset001_AUL/labelsTs/liver_0645.png,liver_0645,benign,data/source/AUL/Benign/image/101.jpg,image,True,576,720,1205,0,0,0,1205,0,1205,0.0,0.0,0.0,False,False,False,False,False,,unflagged
predictions_milestones_625images_seed42_final,42,1000,final,PlainConvUNet,predictions/preliminary_milestones_test/seed42/predictions_milestones_625images_seed42_final/liver_0646.png,nnUNet_raw/Dataset001_AUL/labelsTs/liver_0646.png,liver_0646,benign,data/source/AUL/Benign/image/62.jpg,image,True,576,720,847,79,0,0,926,0,847,0.0,0.0,0.0,False,False,False,False,False,,unflagged
predictions_milestones_625images_seed42_final,42,1000,final,PlainConvUNet,predictions/preliminary_milestones_test/seed42/predictions_milestones_625images_seed42_final/liver_0647.png,nnUNet_raw/Dataset001_AUL/labelsTs/liver_0647.png,liver_0647,benign,data/source/AUL/Benign/image/112.jpg,image,True,576,720,1708,1495,1495,1430,1773,1430,1773,0.8929128941617234,0.8065425831923294,0.8065425831923294,True,True,True,True,True,,overlapping_detected
predictions_milestones_625images_seed42_final,42,1000,final,PlainConvUNet,predictions/preliminary_milestones_test/seed42/predictions_milestones_625images_seed42_final/liver_0648.png,nnUNet_raw/Dataset001_AUL/labelsTs/liver_0648.png,liver_0648,benign,data/source/AUL/Benign/image/137.jpg,image,True,576,720,2494,18,0,0,2512,0,2494,0.0,0.0,0.0,False,False,False,False,False,,unflagged
predictions_milestones_625images_seed42_final,42,1000,final,PlainConvUNet,predictions/preliminary_milestones_test/seed42/predictions_milestones_625images_seed42_final/liver_0649.png,nnUNet_raw/Dataset001_AUL/labelsTs/liver_0649.png,liver_0649,benign,data/source/AUL/Benign/image/32.jpg,image,True,576,720,10842,0,0,0,10842,0,10842,0.0,0.0,0.0,False,False,False,False,False,,unflagged
predictions_milestones_625images_seed42_final,42,1000,final,PlainConvUNet,predictions/preliminary_milestones_test/seed42/predictions_milestones_625images_seed42_final/liver_0650.png,nnUNet_raw/Dataset001_AUL/labelsTs/liver_0650.png,liver_0650,benign,data/source/AUL/Benign/image/87.jpg,image,True,576,720,6010,2554,2554,881,7683,881,7683,0.2057449789817842,0.11466874918651568,0.14586092715231788,True,True,False,False,True,,overlapping_detected
predictions_milestones_625images_seed42_final,42,1000,final,PlainConvUNet,predictions/preliminary_milestones_test/seed42/predictions_milestones_625images_seed42_final/liver_0651.png,nnUNet_raw/Dataset001_AUL/labelsTs/liver_0651.png,liver_0651,benign,data/source/AUL/Benign/image/65.jpg,image,True,576,720,6513,10928,10928,6457,10984,6457,10984,0.7404391950002867,0.5878550619082301,0.5878550619082301,True,True,True,True,True,,overlapping_detected
predictions_milestones_625images_seed42_final,42,1000,final,PlainConvUNet,predictions/preliminary_milestones_test/seed42/predictions_milestones_625images_seed42_final/liver_0652.png,nnUNet_raw/Dataset001_AUL/labelsTs/liver_0652.png,liver_0652,benign,data/source/AUL/Benign/image/141.jpg,image,True,576,720,1533,192,133,0,1725,0,1666,0.0,0.0,0.0,True,False,False,False,False,,flagged_without_detection
predictions_milestones_625images_seed42_final,42,1000,final,PlainConvUNet,predictions/preliminary_milestones_test/seed42/predictions_milestones_625images_seed42_final/liver_0653.png,nnUNet_raw/Dataset001_AUL/labelsTs/liver_0653.png,liver_0653,benign,data/source/AUL/Benign/image/199.jpg,image,True,576,720,2792,0,0,0,2792,0,2792,0.0,0.0,0.0,False,False,False,False,False,,unflagged
predictions_milestones_625images_seed42_final,42,1000,final,PlainConvUNet,predictions/preliminary_milestones_test/seed42/predictions_milestones_625images_seed42_final/liver_0654.png,nnUNet_raw/Dataset001_AUL/labelsTs/liver_0654.png,liver_0654,benign,data/source/AUL/Benign/image/103.jpg,image,True,576,768,398,20,0,0,418,0,398,0.0,0.0,0.0,False,False,False,False,False,,unflagged
predictions_milestones_625images_seed42_final,42,1000,final,PlainConvUNet,predictions/preliminary_milestones_test/seed42/predictions_milestones_625images_seed42_final/liver_0655.png,nnUNet_raw/Dataset001_AUL/labelsTs/liver_0655.png,liver_0655,benign,data/source/AUL/Benign/image/94.jpg,image,True,600,800,11368,4568,4568,4568,11368,4568,11368,0.5732931726907631,0.40182969739619984,0.40182969739619984,True,True,True,False,True,,overlapping_detected
predictions_milestones_625images_seed42_final,42,1000,final,PlainConvUNet,predictions/preliminary_milestones_test/seed42/predictions_milestones_625images_seed42_final/liver_0656.png,nnUNet_raw/Dataset001_AUL/labelsTs/liver_0656.png,liver_0656,malignant,data/source/AUL/Malignant/image/45.jpg,image,True,576,720,4392,3499,3499,3499,4392,3499,4392,0.8868331010011405,0.7966757741347905,0.7966757741347905,True,True,True,True,True,,overlapping_detected
predictions_milestones_625images_seed42_final,42,1000,final,PlainConvUNet,predictions/preliminary_milestones_test/seed42/predictions_milestones_625images_seed42_final/liver_0657.png,nnUNet_raw/Dataset001_AUL/labelsTs/liver_0657.png,liver_0657,malignant,data/source/AUL/Malignant/image/412.jpg,image,True,768,1024,20650,16519,16519,14999,22170,14999,22170,0.8070704081358121,0.6765448804691024,0.6765448804691024,True,True,True,True,True,,overlapping_detected
predictions_milestones_625images_seed42_final,42,1000,final,PlainConvUNet,predictions/preliminary_milestones_test/seed42/predictions_milestones_625images_seed42_final/liver_0658.png,nnUNet_raw/Dataset001_AUL/labelsTs/liver_0658.png,liver_0658,malignant,data/source/AUL/Malignant/image/25.jpg,image,True,600,800,31883,33617,33617,31611,33889,31611,33889,0.9652213740458016,0.9327805482604975,0.9327805482604975,True,True,True,True,True,,overlapping_detected
predictions_milestones_625images_seed42_final,42,1000,final,PlainConvUNet,predictions/preliminary_milestones_test/seed42/predictions_milestones_625images_seed42_final/liver_0659.png,nnUNet_raw/Dataset001_AUL/labelsTs/liver_0659.png,liver_0659,malignant,data/source/AUL/Malignant/image/313.jpg,image,True,576,720,9106,3356,3356,3276,9186,3276,9186,0.5257583052479537,0.356629653821032,0.356629653821032,True,True,True,False,True,,overlapping_detected
predictions_milestones_625images_seed42_final,42,1000,final,PlainConvUNet,predictions/preliminary_milestones_test/seed42/predictions_milestones_625images_seed42_final/liver_0660.png,nnUNet_raw/Dataset001_AUL/labelsTs/liver_0660.png,liver_0660,malignant,data/source/AUL/Malignant/image/236.jpg,image,True,768,1024,9890,9067,9067,8606,10351,8606,10351,0.9079495700796539,0.8314172543715583,0.8314172543715583,True,True,True,True,True,,overlapping_detected
predictions_milestones_625images_seed42_final,42,1000,final,PlainConvUNet,predictions/preliminary_milestones_test/seed42/predictions_milestones_625images_seed42_final/liver_0661.png,nnUNet_raw/Dataset001_AUL/labelsTs/liver_0661.png,liver_0661,malignant,data/source/AUL/Malignant/image/42.jpg,image,True,768,1024,66153,64748,64748,62283,68618,62283,68618,0.9516046477872591,0.9076772858433647,0.9076772858433647,True,True,True,True,True,,overlapping_detected
predictions_milestones_625images_seed42_final,42,1000,final,PlainConvUNet,predictions/preliminary_milestones_test/seed42/predictions_milestones_625images_seed42_final/liver_0662.png,nnUNet_raw/Dataset001_AUL/labelsTs/liver_0662.png,liver_0662,malignant,data/source/AUL/Malignant/image/310.jpg,image,True,768,1024,5978,5003,5003,4693,6288,4693,6288,0.8547491121027229,0.7463422391857506,0.7463422391857506,True,True,True,True,True,,overlapping_detected
predictions_milestones_625images_seed42_final,42,1000,final,PlainConvUNet,predictions/preliminary_milestones_test/seed42/predictions_milestones_625images_seed42_final/liver_0663.png,nnUNet_raw/Dataset001_AUL/labelsTs/liver_0663.png,liver_0663,malignant,data/source/AUL/Malignant/image/240.jpg,image,True,576,720,823,0,0,0,823,0,823,0.0,0.0,0.0,False,False,False,False,False,,unflagged
predictions_milestones_625images_seed42_final,42,1000,final,PlainConvUNet,predictions/preliminary_milestones_test/seed42/predictions_milestones_625images_seed42_final/liver_0664.png,nnUNet_raw/Dataset001_AUL/labelsTs/liver_0664.png,liver_0664,malignant,data/source/AUL/Malignant/image/221.jpg,image,True,768,1024,14943,26364,26364,14738,26569,14738,26569,0.7135836541022103,0.5547066129700027,0.5547066129700027,True,True,True,True,True,,overlapping_detected
predictions_milestones_625images_seed42_final,42,1000,final,PlainConvUNet,predictions/preliminary_milestones_test/seed42/predictions_milestones_625images_seed42_final/liver_0665.png,nnUNet_raw/Dataset001_AUL/labelsTs/liver_0665.png,liver_0665,malignant,data/source/AUL/Malignant/image/433.jpg,image,True,768,1024,5406,23900,23900,5287,24019,5287,24019,0.360813485293114,0.2201174070527499,0.2201174070527499,True,True,True,False,False,,overlapping_detected
predictions_milestones_625images_seed42_final,42,1000,final,PlainConvUNet,predictions/preliminary_milestones_test/seed42/predictions_milestones_625images_seed42_final/liver_0666.png,nnUNet_raw/Dataset001_AUL/labelsTs/liver_0666.png,liver_0666,malignant,data/source/AUL/Malignant/image/165.jpg,image,True,768,1024,48852,39310,39310,33665,54497,33665,54497,0.7637077198793131,0.6177404260784998,0.6177404260784998,True,True,True,True,True,,overlapping_detected
predictions_milestones_625images_seed42_final,42,1000,final,PlainConvUNet,predictions/preliminary_milestones_test/seed42/predictions_milestones_625images_seed42_final/liver_0667.png,nnUNet_raw/Dataset001_AUL/labelsTs/liver_0667.png,liver_0667,malignant,data/source/AUL/Malignant/image/11.jpg,image,True,768,1024,44625,43571,43571,41779,46417,41779,46417,0.9474125810694363,0.9000797121744188,0.9000797121744188,True,True,True,True,True,,overlapping_detected
predictions_milestones_625images_seed42_final,42,1000,final,PlainConvUNet,predictions/preliminary_milestones_test/seed42/predictions_milestones_625images_seed42_final/liver_0668.png,nnUNet_raw/Dataset001_AUL/labelsTs/liver_0668.png,liver_0668,malignant,data/source/AUL/Malignant/image/364.jpg,image,True,768,1024,173121,108433,108433,102073,179481,102073,179481,0.7250687257151381,0.568712008513436,0.5674472506839164,True,True,True,True,True,,overlapping_detected
predictions_milestones_625images_seed42_final,42,1000,final,PlainConvUNet,predictions/preliminary_milestones_test/seed42/predictions_milestones_625images_seed42_final/liver_0669.png,nnUNet_raw/Dataset001_AUL/labelsTs/liver_0669.png,liver_0669,malignant,data/source/AUL/Malignant/image/66.jpg,image,True,768,1024,100152,98969,98969,94927,104194,94927,104194,0.9534604587160571,0.9110601378198361,0.9110601378198361,True,True,True,True,True,,overlapping_detected
predictions_milestones_625images_seed42_final,42,1000,final,PlainConvUNet,predictions/preliminary_milestones_test/seed42/predictions_milestones_625images_seed42_final/liver_0670.png,nnUNet_raw/Dataset001_AUL/labelsTs/liver_0670.png,liver_0670,malignant,data/source/AUL/Malignant/image/391.jpg,image,True,768,1024,5783,6199,6199,5344,6638,5344,6638,0.8920046736771824,0.8050617655920458,0.8050617655920458,True,True,True,True,True,,overlapping_detected
predictions_milestones_625images_seed42_final,42,1000,final,PlainConvUNet,predictions/preliminary_milestones_test/seed42/predictions_milestones_625images_seed42_final/liver_0671.png,nnUNet_raw/Dataset001_AUL/labelsTs/liver_0671.png,liver_0671,malignant,data/source/AUL/Malignant/image/161.jpg,image,True,576,720,3441,2505,2505,2495,3451,2495,3451,0.8392196434577868,0.7229788467110982,0.7229788467110982,True,True,True,True,True,,overlapping_detected
predictions_milestones_625images_seed42_final,42,1000,final,PlainConvUNet,predictions/preliminary_milestones_test/seed42/predictions_milestones_625images_seed42_final/liver_0672.png,nnUNet_raw/Dataset001_AUL/labelsTs/liver_0672.png,liver_0672,malignant,data/source/AUL/Malignant/image/405.jpg,image,True,768,1024,5554,3148,3148,3127,5575,3127,5575,0.7186853596874282,0.5608968609865471,0.5608968609865471,True,True,True,True,True,,overlapping_detected
predictions_milestones_625images_seed42_final,42,1000,final,PlainConvUNet,predictions/preliminary_milestones_test/seed42/predictions_milestones_625images_seed42_final/liver_0673.png,nnUNet_raw/Dataset001_AUL/labelsTs/liver_0673.png,liver_0673,malignant,data/source/AUL/Malignant/image/168.jpg,image,True,768,1024,34845,28766,28766,5950,57661,5950,57661,0.18707456257565516,0.10318933074348347,0.16818361693707953,True,True,False,False,True,,overlapping_detected
predictions_milestones_625images_seed42_final,42,1000,final,PlainConvUNet,predictions/preliminary_milestones_test/seed42/predictions_milestones_625images_seed42_final/liver_0674.png,nnUNet_raw/Dataset001_AUL/labelsTs/liver_0674.png,liver_0674,malignant,data/source/AUL/Malignant/image/196.jpg,image,True,768,1024,24164,24328,24328,22141,26351,22141,26351,0.9131815557205312,0.8402337672194604,0.8402337672194604,True,True,True,True,True,,overlapping_detected
predictions_milestones_625images_seed42_final,42,1000,final,PlainConvUNet,predictions/preliminary_milestones_test/seed42/predictions_milestones_625images_seed42_final/liver_0675.png,nnUNet_raw/Dataset001_AUL/labelsTs/liver_0675.png,liver_0675,malignant,data/source/AUL/Malignant/image/155.jpg,image,True,768,1024,37188,30227,30227,29927,37488,29927,37488,0.8878439516428095,0.7983087921468203,0.7983087921468203,True,True,True,True,True,,overlapping_detected
predictions_milestones_625images_seed42_final,42,1000,final,PlainConvUNet,predictions/preliminary_milestones_test/seed42/predictions_milestones_625images_seed42_final/liver_0676.png,nnUNet_raw/Dataset001_AUL/labelsTs/liver_0676.png,liver_0676,malignant,data/source/AUL/Malignant/image/374.jpg,image,True,576,768,44291,19237,19197,19033,44495,18993,44495,0.5992003526004281,0.42775592763231823,0.41499044836498483,True,True,True,False,True,,overlapping_detected
predictions_milestones_625images_seed42_final,42,1000,final,PlainConvUNet,predictions/preliminary_milestones_test/seed42/predictions_milestones_625images_seed42_final/liver_0677.png,nnUNet_raw/Dataset001_AUL/labelsTs/liver_0677.png,liver_0677,malignant,data/source/AUL/Malignant/image/201.jpg,image,True,600,800,24151,40885,40885,0,65036,0,65036,0.0,0.0,0.0,True,False,False,False,False,,flagged_without_detection
predictions_milestones_625images_seed42_final,42,1000,final,PlainConvUNet,predictions/preliminary_milestones_test/seed42/predictions_milestones_625images_seed42_final/liver_0678.png,nnUNet_raw/Dataset001_AUL/labelsTs/liver_0678.png,liver_0678,malignant,data/source/AUL/Malignant/image/225.jpg,image,True,768,1024,65957,81305,81305,55809,91453,55809,91453,0.7579552090831307,0.6102478868927208,0.6102478868927208,True,True,True,True,True,,overlapping_detected
predictions_milestones_625images_seed42_final,42,1000,final,PlainConvUNet,predictions/preliminary_milestones_test/seed42/predictions_milestones_625images_seed42_final/liver_0679.png,nnUNet_raw/Dataset001_AUL/labelsTs/liver_0679.png,liver_0679,malignant,data/source/AUL/Malignant/image/173.jpg,image,True,768,1024,69250,69154,69154,61656,76748,61656,76748,0.8909569087598624,0.8033564392557461,0.8033564392557461,True,True,True,True,True,,overlapping_detected
predictions_milestones_625images_seed42_final,42,1000,final,PlainConvUNet,predictions/preliminary_milestones_test/seed42/predictions_milestones_625images_seed42_final/liver_0680.png,nnUNet_raw/Dataset001_AUL/labelsTs/liver_0680.png,liver_0680,malignant,data/source/AUL/Malignant/image/214.jpg,image,True,576,720,7064,8669,8669,6581,9152,6581,9152,0.8365855208796796,0.7190777972027972,0.7190777972027972,True,True,True,True,True,,overlapping_detected
predictions_milestones_625images_seed42_final,42,1000,final,PlainConvUNet,predictions/preliminary_milestones_test/seed42/predictions_milestones_625images_seed42_final/liver_0681.png,nnUNet_raw/Dataset001_AUL/labelsTs/liver_0681.png,liver_0681,malignant,data/source/AUL/Malignant/image/172.jpg,image,True,768,1024,124729,103917,103917,102724,125922,102724,125922,0.8985418507212022,0.8157748447451597,0.8157748447451597,True,True,True,True,True,,overlapping_detected
predictions_milestones_625images_seed42_final,42,1000,final,PlainConvUNet,predictions/preliminary_milestones_test/seed42/predictions_milestones_625images_seed42_final/liver_0682.png,nnUNet_raw/Dataset001_AUL/labelsTs/liver_0682.png,liver_0682,malignant,data/source/AUL/Malignant/image/380.jpg,image,True,576,768,3291,2969,2969,2843,3417,2843,3417,0.9083067092651758,0.8320163886450103,0.8320163886450103,True,True,True,True,True,,overlapping_detected
predictions_milestones_625images_seed42_final,42,1000,final,PlainConvUNet,predictions/preliminary_milestones_test/seed42/predictions_milestones_625images_seed42_final/liver_0683.png,nnUNet_raw/Dataset001_AUL/labelsTs/liver_0683.png,liver_0683,malignant,data/source/AUL/Malignant/image/22.jpg,image,True,600,800,30876,29236,29236,28305,31807,28305,31807,0.9417420814479638,0.8898984500267236,0.8898984500267236,True,True,True,True,True,,overlapping_detected
predictions_milestones_625images_seed42_final,42,1000,final,PlainConvUNet,predictions/preliminary_milestones_test/seed42/predictions_milestones_625images_seed42_final/liver_0684.png,nnUNet_raw/Dataset001_AUL/labelsTs/liver_0684.png,liver_0684,malignant,data/source/AUL/Malignant/image/138.jpg,image,True,576,720,2445,1905,1905,1871,2479,1871,2479,0.8602298850574712,0.754739814441307,0.754739814441307,True,True,True,True,True,,overlapping_detected
predictions_milestones_625images_seed42_final,42,1000,final,PlainConvUNet,predictions/preliminary_milestones_test/seed42/predictions_milestones_625images_seed42_final/liver_0685.png,nnUNet_raw/Dataset001_AUL/labelsTs/liver_0685.png,liver_0685,malignant,data/source/AUL/Malignant/image/19.jpg,image,True,768,1024,116682,120696,120696,114502,122876,114502,122876,0.9647229313584241,0.9318499951170286,0.9318499951170286,True,True,True,True,True,,overlapping_detected
predictions_milestones_625images_seed42_final,42,1000,final,PlainConvUNet,predictions/preliminary_milestones_test/seed42/predictions_milestones_625images_seed42_final/liver_0686.png,nnUNet_raw/Dataset001_AUL/labelsTs/liver_0686.png,liver_0686,malignant,data/source/AUL/Malignant/image/312.jpg,image,True,808,1038,23647,22645,22645,22382,23910,22382,23910,0.9669921368703016,0.9360936846507737,0.9360936846507737,True,True,True,True,True,,overlapping_detected
predictions_milestones_625images_seed42_final,42,1000,final,PlainConvUNet,predictions/preliminary_milestones_test/seed42/predictions_milestones_625images_seed42_final/liver_0687.png,nnUNet_raw/Dataset001_AUL/labelsTs/liver_0687.png,liver_0687,malignant,data/source/AUL/Malignant/image/29.jpg,image,True,768,1024,18558,18354,18354,17339,19573,17339,19573,0.9394776766363242,0.8858631788688499,0.8858631788688499,True,True,True,True,True,,overlapping_detected
predictions_milestones_625images_seed42_final,42,1000,final,PlainConvUNet,predictions/preliminary_milestones_test/seed42/predictions_milestones_625images_seed42_final/liver_0688.png,nnUNet_raw/Dataset001_AUL/labelsTs/liver_0688.png,liver_0688,malignant,data/source/AUL/Malignant/image/203.jpg,image,True,768,1024,30263,29257,29257,27191,32329,27191,32329,0.9136760752688172,0.8410714838071082,0.8410714838071082,True,True,True,True,True,,overlapping_detected
predictions_milestones_625images_seed42_final,42,1000,final,PlainConvUNet,predictions/preliminary_milestones_test/seed42/predictions_milestones_625images_seed42_final/liver_0689.png,nnUNet_raw/Dataset001_AUL/labelsTs/liver_0689.png,liver_0689,malignant,data/source/AUL/Malignant/image/192.jpg,image,True,768,1024,44050,33160,33160,31692,45518,31692,45518,0.820929931356042,0.6962520321631003,0.6962520321631003,True,True,True,True,True,,overlapping_detected
predictions_milestones_625images_seed42_final,42,1000,final,PlainConvUNet,predictions/preliminary_milestones_test/seed42/predictions_milestones_625images_seed42_final/liver_0690.png,nnUNet_raw/Dataset001_AUL/labelsTs/liver_0690.png,liver_0690,malignant,data/source/AUL/Malignant/image/371.jpg,image,True,625,819,27624,18893,18893,18786,27731,18786,27731,0.8077047101059828,0.677436803577224,0.677436803577224,True,True,True,True,True,,overlapping_detected
predictions_milestones_625images_seed42_final,42,1000,final,PlainConvUNet,predictions/preliminary_milestones_test/seed42/predictions_milestones_625images_seed42_final/liver_0691.png,nnUNet_raw/Dataset001_AUL/labelsTs/liver_0691.png,liver_0691,malignant,data/source/AUL/Malignant/image/167.jpg,image,True,749,894,3606,4537,4537,3532,4611,3532,4611,0.8674935527446886,0.765994361309911,0.765994361309911,True,True,True,True,True,,overlapping_detected
predictions_milestones_625images_seed42_final,42,1000,final,PlainConvUNet,predictions/preliminary_milestones_test/seed42/predictions_milestones_625images_seed42_final/liver_0692.png,nnUNet_raw/Dataset001_AUL/labelsTs/liver_0692.png,liver_0692,malignant,data/source/AUL/Malignant/image/367.jpg,image,True,576,720,2716,0,0,0,2716,0,2716,0.0,0.0,0.0,False,False,False,False,False,,unflagged
predictions_milestones_625images_seed42_final,42,1000,final,PlainConvUNet,predictions/preliminary_milestones_test/seed42/predictions_milestones_625images_seed42_final/liver_0693.png,nnUNet_raw/Dataset001_AUL/labelsTs/liver_0693.png,liver_0693,malignant,data/source/AUL/Malignant/image/275.jpg,image,True,768,1024,40538,47890,47890,39791,48637,39791,48637,0.8999638123671235,0.8181220058802969,0.8321169409648884,True,True,True,True,True,,overlapping_detected
predictions_milestones_625images_seed42_final,42,1000,final,PlainConvUNet,predictions/preliminary_milestones_test/seed42/predictions_milestones_625images_seed42_final/liver_0694.png,nnUNet_raw/Dataset001_AUL/labelsTs/liver_0694.png,liver_0694,malignant,data/source/AUL/Malignant/image/41.jpg,image,True,768,1024,32179,24189,24189,23592,32776,23592,32776,0.8370706783990917,0.719794971930681,0.719794971930681,True,True,True,True,True,,overlapping_detected
predictions_milestones_625images_seed42_final,42,1000,final,PlainConvUNet,predictions/preliminary_milestones_test/seed42/predictions_milestones_625images_seed42_final/liver_0695.png,nnUNet_raw/Dataset001_AUL/labelsTs/liver_0695.png,liver_0695,malignant,data/source/AUL/Malignant/image/383.jpg,image,True,768,1024,30926,27215,27215,26243,31898,26243,31898,0.9027364510414337,0.8227161577528371,0.8319277108433735,True,True,True,True,True,,overlapping_detected
predictions_milestones_625images_seed42_final,42,1000,final,PlainConvUNet,predictions/preliminary_milestones_test/seed42/predictions_milestones_625images_seed42_final/liver_0696.png,nnUNet_raw/Dataset001_AUL/labelsTs/liver_0696.png,liver_0696,malignant,data/source/AUL/Malignant/image/106.jpg,image,True,768,1024,15772,13045,13045,12605,16212,12605,16212,0.8748308290245341,0.7775104860597088,0.7775104860597088,True,True,True,True,True,,overlapping_detected
predictions_milestones_625images_seed42_final,42,1000,final,PlainConvUNet,predictions/preliminary_milestones_test/seed42/predictions_milestones_625images_seed42_final/liver_0697.png,nnUNet_raw/Dataset001_AUL/labelsTs/liver_0697.png,liver_0697,malignant,data/source/AUL/Malignant/image/140.jpg,image,True,910,1260,16722,17201,17201,15964,17959,15964,17959,0.9411903428352445,0.8889136366167382,0.8889136366167382,True,True,True,True,True,,overlapping_detected
predictions_milestones_625images_seed42_final,42,1000,final,PlainConvUNet,predictions/preliminary_milestones_test/seed42/predictions_milestones_625images_seed42_final/liver_0698.png,nnUNet_raw/Dataset001_AUL/labelsTs/liver_0698.png,liver_0698,malignant,data/source/AUL/Malignant/image/327.jpg,image,True,768,1024,25104,30282,30282,24477,30909,24477,30909,0.8838695699274185,0.7919052703096185,0.7919052703096185,True,True,True,True,True,,overlapping_detected
predictions_milestones_625images_seed42_final,42,1000,final,PlainConvUNet,predictions/preliminary_milestones_test/seed42/predictions_milestones_625images_seed42_final/liver_0699.png,nnUNet_raw/Dataset001_AUL/labelsTs/liver_0699.png,liver_0699,malignant,data/source/AUL/Malignant/image/77.jpg,image,True,768,1024,75785,67924,67924,67040,76669,67040,76669,0.9329965416223062,0.8744081701861248,0.8744081701861248,True,True,True,True,True,,overlapping_detected
predictions_milestones_625images_seed42_final,42,1000,final,PlainConvUNet,predictions/preliminary_milestones_test/seed42/predictions_milestones_625images_seed42_final/liver_0700.png,nnUNet_raw/Dataset001_AUL/labelsTs/liver_0700.png,liver_0700,malignant,data/source/AUL/Malignant/image/342.jpg,image,True,768,1024,194214,159612,159612,143333,210493,143333,210493,0.810189189036419,0.6809395086772482,0.6890645206263131,True,True,True,True,True,,overlapping_detected
predictions_milestones_625images_seed42_final,42,1000,final,PlainConvUNet,predictions/preliminary_milestones_test/seed42/predictions_milestones_625images_seed42_final/liver_0701.png,nnUNet_raw/Dataset001_AUL/labelsTs/liver_0701.png,liver_0701,malignant,data/source/AUL/Malignant/image/263.jpg,image,True,768,1024,34298,33852,33852,32952,35198,32952,35198,0.9670432868672046,0.9361895562247855,0.9361895562247855,True,True,True,True,True,,overlapping_detected
predictions_milestones_625images_seed42_final,42,1000,final,PlainConvUNet,predictions/preliminary_milestones_test/seed42/predictions_milestones_625images_seed42_final/liver_0702.png,nnUNet_raw/Dataset001_AUL/labelsTs/liver_0702.png,liver_0702,malignant,data/source/AUL/Malignant/image/288.jpg,image,True,576,720,1401,978,978,971,1408,971,1408,0.8163093736864229,0.6896306818181818,0.6896306818181818,True,True,True,True,True,,overlapping_detected
predictions_milestones_625images_seed42_final,42,1000,final,PlainConvUNet,predictions/preliminary_milestones_test/seed42/predictions_milestones_625images_seed42_final/liver_0703.png,nnUNet_raw/Dataset001_AUL/labelsTs/liver_0703.png,liver_0703,malignant,data/source/AUL/Malignant/image/304.jpg,image,True,768,1024,31066,32890,32890,30037,33919,30037,33919,0.9393020201388455,0.8855508711931366,0.8855508711931366,True,True,True,True,True,,overlapping_detected
predictions_milestones_625images_seed42_final,42,1000,final,PlainConvUNet,predictions/preliminary_milestones_test/seed42/predictions_milestones_625images_seed42_final/liver_0704.png,nnUNet_raw/Dataset001_AUL/labelsTs/liver_0704.png,liver_0704,malignant,data/source/AUL/Malignant/image/46.jpg,image,True,768,1024,24522,22848,22848,21458,25912,21458,25912,0.9059742453029344,0.8281105279407225,0.8281105279407225,True,True,True,True,True,,overlapping_detected
predictions_milestones_625images_seed42_final,42,1000,final,PlainConvUNet,predictions/preliminary_milestones_test/seed42/predictions_milestones_625images_seed42_final/liver_0705.png,nnUNet_raw/Dataset001_AUL/labelsTs/liver_0705.png,liver_0705,malignant,data/source/AUL/Malignant/image/195.jpg,image,True,768,1024,65348,65096,65096,62268,68176,62268,68176,0.9547085339302689,0.9133419385120863,0.9133419385120863,True,True,True,True,True,,overlapping_detected
predictions_milestones_625images_seed42_final,42,1000,final,PlainConvUNet,predictions/preliminary_milestones_test/seed42/predictions_milestones_625images_seed42_final/liver_0706.png,nnUNet_raw/Dataset001_AUL/labelsTs/liver_0706.png,liver_0706,malignant,data/source/AUL/Malignant/image/111.jpg,image,True,768,1024,54931,50298,50296,46416,58813,46416,58811,0.882190270742856,0.7892132691751823,0.8232560614391373,True,True,True,True,True,,overlapping_detected
predictions_milestones_625images_seed42_final,42,1000,final,PlainConvUNet,predictions/preliminary_milestones_test/seed42/predictions_milestones_625images_seed42_final/liver_0707.png,nnUNet_raw/Dataset001_AUL/labelsTs/liver_0707.png,liver_0707,malignant,data/source/AUL/Malignant/image/363.jpg,image,True,768,1024,14074,18703,18703,14071,18706,14071,18706,0.8585898648442506,0.7522185395060409,0.7522185395060409,True,True,True,True,True,,overlapping_detected
predictions_milestones_625images_seed42_final,42,1000,final,PlainConvUNet,predictions/preliminary_milestones_test/seed42/predictions_milestones_625images_seed42_final/liver_0708.png,nnUNet_raw/Dataset001_AUL/labelsTs/liver_0708.png,liver_0708,malignant,data/source/AUL/Malignant/image/381.jpg,image,True,768,1024,11532,6381,6381,6302,11611,6302,11611,0.7036230670462792,0.5427611747480837,0.5427611747480837,True,True,True,True,True,,overlapping_detected
predictions_milestones_625images_seed42_final,42,1000,final,PlainConvUNet,predictions/preliminary_milestones_test/seed42/predictions_milestones_625images_seed42_final/liver_0709.png,nnUNet_raw/Dataset001_AUL/labelsTs/liver_0709.png,liver_0709,malignant,data/source/AUL/Malignant/image/249.jpg,image,True,768,1024,34415,29599,29599,29050,34964,29050,34964,0.9076139594463711,0.8308545932959616,0.8308545932959616,True,True,True,True,True,,overlapping_detected
predictions_milestones_625images_seed42_final,42,1000,final,PlainConvUNet,predictions/preliminary_milestones_test/seed42/predictions_milestones_625images_seed42_final/liver_0710.png,nnUNet_raw/Dataset001_AUL/labelsTs/liver_0710.png,liver_0710,malignant,data/source/AUL/Malignant/image/21.jpg,image,True,768,1024,125958,118707,118707,116663,128002,116663,128002,0.9536549976498477,0.9114154466336464,0.9114154466336464,True,True,True,True,True,,overlapping_detected
predictions_milestones_625images_seed42_final,42,1000,final,PlainConvUNet,predictions/preliminary_milestones_test/seed42/predictions_milestones_625images_seed42_final/liver_0711.png,nnUNet_raw/Dataset001_AUL/labelsTs/liver_0711.png,liver_0711,malignant,data/source/AUL/Malignant/image/293.jpg,image,True,768,1024,14729,14077,14077,12263,16543,12263,16543,0.8514198430882455,0.7412802998246992,0.7412802998246992,True,True,True,True,True,,overlapping_detected
predictions_milestones_625images_seed42_final,42,1000,final,PlainConvUNet,predictions/preliminary_milestones_test/seed42/predictions_milestones_625images_seed42_final/liver_0712.png,nnUNet_raw/Dataset001_AUL/labelsTs/liver_0712.png,liver_0712,malignant,data/source/AUL/Malignant/image/217.jpg,image,True,768,1024,35213,38880,38880,34904,39189,34904,39189,0.9421672762609153,0.8906580928321723,0.8906580928321723,True,True,True,True,True,,overlapping_detected
predictions_milestones_625images_seed42_final,42,1000,final,PlainConvUNet,predictions/preliminary_milestones_test/seed42/predictions_milestones_625images_seed42_final/liver_0713.png,nnUNet_raw/Dataset001_AUL/labelsTs/liver_0713.png,liver_0713,malignant,data/source/AUL/Malignant/image/190.jpg,image,True,768,1024,49653,39802,39802,39474,49981,39474,49981,0.882544296014756,0.7897801164442488,0.7897801164442488,True,True,True,True,True,,overlapping_detected
predictions_milestones_625images_seed42_final,42,1000,final,PlainConvUNet,predictions/preliminary_milestones_test/seed42/predictions_milestones_625images_seed42_final/liver_0714.png,nnUNet_raw/Dataset001_AUL/labelsTs/liver_0714.png,liver_0714,malignant,data/source/AUL/Malignant/image/139.jpg,image,True,768,1024,27544,20712,20712,19729,28527,19729,28527,0.8176807029177718,0.6915904231079328,0.6915904231079328,True,True,True,True,True,,overlapping_detected
predictions_milestones_625images_seed42_final,42,1000,final,PlainConvUNet,predictions/preliminary_milestones_test/seed42/predictions_milestones_625images_seed42_final/liver_0715.png,nnUNet_raw/Dataset001_AUL/labelsTs/liver_0715.png,liver_0715,malignant,data/source/AUL/Malignant/image/218.jpg,image,True,768,1024,14449,24777,24777,13628,25598,13628,25598,0.6948452556977515,0.532385342604891,0.8524959339421995,True,True,True,True,True,,overlapping_detected
predictions_milestones_625images_seed42_final,42,1000,final,PlainConvUNet,predictions/preliminary_milestones_test/seed42/predictions_milestones_625images_seed42_final/liver_0716.png,nnUNet_raw/Dataset001_AUL/labelsTs/liver_0716.png,liver_0716,malignant,data/source/AUL/Malignant/image/260.jpg,image,True,407,550,3962,3555,3555,3049,4468,3049,4468,0.811227883464148,0.682408236347359,0.682408236347359,True,True,True,True,True,,overlapping_detected
predictions_milestones_625images_seed42_final,42,1000,final,PlainConvUNet,predictions/preliminary_milestones_test/seed42/predictions_milestones_625images_seed42_final/liver_0717.png,nnUNet_raw/Dataset001_AUL/labelsTs/liver_0717.png,liver_0717,malignant,data/source/AUL/Malignant/image/112.jpg,image,True,768,1024,101456,37366,37366,36816,102006,36816,102006,0.5304058434542075,0.36091994588553616,0.3594286836163738,True,True,True,False,True,,overlapping_detected
predictions_milestones_625images_seed42_final,42,1000,final,PlainConvUNet,predictions/preliminary_milestones_test/seed42/predictions_milestones_625images_seed42_final/liver_0718.png,nnUNet_raw/Dataset001_AUL/labelsTs/liver_0718.png,liver_0718,malignant,data/source/AUL/Malignant/image/186.jpg,image,True,576,768,16287,3337,3337,3337,16287,3337,16287,0.34009376273950265,0.20488733345613067,0.10935101614784798,True,True,True,False,True,,overlapping_detected
predictions_milestones_625images_seed42_final,42,1000,final,PlainConvUNet,predictions/preliminary_milestones_test/seed42/predictions_milestones_625images_seed42_final/liver_0719.png,nnUNet_raw/Dataset001_AUL/labelsTs/liver_0719.png,liver_0719,malignant,data/source/AUL/Malignant/image/299.jpg,image,True,768,1024,60028,42237,42237,38884,63381,38884,63381,0.7604556788735148,0.613496158154652,0.613496158154652,True,True,True,True,True,,overlapping_detected
predictions_milestones_625images_seed42_final,42,1000,final,PlainConvUNet,predictions/preliminary_milestones_test/seed42/predictions_milestones_625images_seed42_final/liver_0720.png,nnUNet_raw/Dataset001_AUL/labelsTs/liver_0720.png,liver_0720,malignant,data/source/AUL/Malignant/image/248.jpg,image,True,768,1024,62655,87801,87801,57383,93073,57383,93073,0.7627877917796565,0.6165375565416393,0.6165375565416393,True,True,True,True,True,,overlapping_detected
predictions_milestones_625images_seed42_final,42,1000,final,PlainConvUNet,predictions/preliminary_milestones_test/seed42/predictions_milestones_625images_seed42_final/liver_0721.png,nnUNet_raw/Dataset001_AUL/labelsTs/liver_0721.png,liver_0721,normal,data/source/AUL/Normal/image/74.jpg,image,False,480,640,0,0,0,0,0,0,0,,,,False,,,,,False,normal_true_negative
predictions_milestones_625images_seed42_final,42,1000,final,PlainConvUNet,predictions/preliminary_milestones_test/seed42/predictions_milestones_625images_seed42_final/liver_0722.png,nnUNet_raw/Dataset001_AUL/labelsTs/liver_0722.png,liver_0722,normal,data/source/AUL/Normal/image/44.jpg,image,False,576,720,0,0,0,0,0,0,0,,,,False,,,,,False,normal_true_negative
predictions_milestones_625images_seed42_final,42,1000,final,PlainConvUNet,predictions/preliminary_milestones_test/seed42/predictions_milestones_625images_seed42_final/liver_0723.png,nnUNet_raw/Dataset001_AUL/labelsTs/liver_0723.png,liver_0723,normal,data/source/AUL/Normal/image/81.jpg,image,False,576,768,0,0,0,0,0,0,0,,,,False,,,,,False,normal_true_negative
predictions_milestones_625images_seed42_final,42,1000,final,PlainConvUNet,predictions/preliminary_milestones_test/seed42/predictions_milestones_625images_seed42_final/liver_0724.png,nnUNet_raw/Dataset001_AUL/labelsTs/liver_0724.png,liver_0724,normal,data/source/AUL/Normal/image/25.jpg,image,False,576,720,0,0,0,0,0,0,0,,,,False,,,,,False,normal_true_negative
predictions_milestones_625images_seed42_final,42,1000,final,PlainConvUNet,predictions/preliminary_milestones_test/seed42/predictions_milestones_625images_seed42_final/liver_0725.png,nnUNet_raw/Dataset001_AUL/labelsTs/liver_0725.png,liver_0725,normal,data/source/AUL/Normal/image/50.jpg,image,False,576,720,0,34,0,0,34,0,0,,,,False,,,,,False,normal_true_negative
predictions_milestones_625images_seed42_final,42,1000,final,PlainConvUNet,predictions/preliminary_milestones_test/seed42/predictions_milestones_625images_seed42_final/liver_0726.png,nnUNet_raw/Dataset001_AUL/labelsTs/liver_0726.png,liver_0726,normal,data/source/AUL/Normal/image/3.jpg,image,False,576,720,0,0,0,0,0,0,0,,,,False,,,,,False,normal_true_negative
predictions_milestones_625images_seed42_final,42,1000,final,PlainConvUNet,predictions/preliminary_milestones_test/seed42/predictions_milestones_625images_seed42_final/liver_0727.png,nnUNet_raw/Dataset001_AUL/labelsTs/liver_0727.png,liver_0727,normal,data/source/AUL/Normal/image/84.jpg,image,False,576,720,0,0,0,0,0,0,0,,,,False,,,,,False,normal_true_negative
predictions_milestones_625images_seed42_final,42,1000,final,PlainConvUNet,predictions/preliminary_milestones_test/seed42/predictions_milestones_625images_seed42_final/liver_0728.png,nnUNet_raw/Dataset001_AUL/labelsTs/liver_0728.png,liver_0728,normal,data/source/AUL/Normal/image/18.jpg,image,False,576,720,0,0,0,0,0,0,0,,,,False,,,,,False,normal_true_negative
predictions_milestones_625images_seed42_final,42,1000,final,PlainConvUNet,predictions/preliminary_milestones_test/seed42/predictions_milestones_625images_seed42_final/liver_0729.png,nnUNet_raw/Dataset001_AUL/labelsTs/liver_0729.png,liver_0729,normal,data/source/AUL/Normal/image/90.jpg,image,False,576,720,0,0,0,0,0,0,0,,,,False,,,,,False,normal_true_negative
predictions_milestones_625images_seed42_final,42,1000,final,PlainConvUNet,predictions/preliminary_milestones_test/seed42/predictions_milestones_625images_seed42_final/liver_0730.png,nnUNet_raw/Dataset001_AUL/labelsTs/liver_0730.png,liver_0730,normal,data/source/AUL/Normal/image/17.jpg,image,False,480,640,0,0,0,0,0,0,0,,,,False,,,,,False,normal_true_negative
predictions_milestones_625images_seed42_final,42,1000,final,PlainConvUNet,predictions/preliminary_milestones_test/seed42/predictions_milestones_625images_seed42_final/liver_0731.png,nnUNet_raw/Dataset001_AUL/labelsTs/liver_0731.png,liver_0731,normal,data/source/AUL/Normal/image/89.jpg,image,False,576,768,0,0,0,0,0,0,0,,,,False,,,,,False,normal_true_negative
predictions_milestones_625images_seed42_final,42,1000,final,PlainConvUNet,predictions/preliminary_milestones_test/seed42/predictions_milestones_625images_seed42_final/liver_0732.png,nnUNet_raw/Dataset001_AUL/labelsTs/liver_0732.png,liver_0732,normal,data/source/AUL/Normal/image/83.jpg,image,False,480,640,0,0,0,0,0,0,0,,,,False,,,,,False,normal_true_negative
predictions_milestones_625images_seed42_final,42,1000,final,PlainConvUNet,predictions/preliminary_milestones_test/seed42/predictions_milestones_625images_seed42_final/liver_0733.png,nnUNet_raw/Dataset001_AUL/labelsTs/liver_0733.png,liver_0733,normal,data/source/AUL/Normal/image/2.jpg,image,False,576,768,0,4365,4365,0,4365,0,4365,,,,True,,,,,True,normal_false_positive
predictions_milestones_625images_seed42_final,42,1000,final,PlainConvUNet,predictions/preliminary_milestones_test/seed42/predictions_milestones_625images_seed42_final/liver_0734.png,nnUNet_raw/Dataset001_AUL/labelsTs/liver_0734.png,liver_0734,normal,data/source/AUL/Normal/image/39.jpg,image,False,576,720,0,0,0,0,0,0,0,,,,False,,,,,False,normal_true_negative
predictions_milestones_625images_seed42_final,42,1000,final,PlainConvUNet,predictions/preliminary_milestones_test/seed42/predictions_milestones_625images_seed42_final/liver_0735.png,nnUNet_raw/Dataset001_AUL/labelsTs/liver_0735.png,liver_0735,normal,data/source/AUL/Normal/image/7.jpg,image,False,576,720,0,0,0,0,0,0,0,,,,False,,,,,False,normal_true_negative
