timestamp, index, utilization.gpu [%], utilization.memory [%], memory.used [MiB], memory.total [MiB], power.draw [W], power.limit [W], temperature.gpu, clocks.current.sm [MHz]
2026/09/23 17:06:24.848, 0, 0 %, 0 %, 0 MiB, 49140 MiB, 78.07 W, 300.00 W, 56, 2505 MHz
2026/09/23 17:06:25.853, 0, 0 %, 0 %, 0 MiB, 49140 MiB, 72.49 W, 300.00 W, 56, 2505 MHz
2026/09/23 17:06:26.853, 0, 0 %, 0 %, 0 MiB, 49140 MiB, 67.71 W, 300.00 W, 56, 2505 MHz
2026/09/23 17:06:27.854, 0, 0 %, 0 %, 0 MiB, 49140 MiB, 63.18 W, 300.00 W, 56, 645 MHz
2026/09/23 17:06:28.854, 0, 0 %, 0 %, 633 MiB, 49140 MiB, 37.23 W, 300.00 W, 54, 300 MHz
2026/09/23 17:06:29.855, 0, 0 %, 0 %, 633 MiB, 49140 MiB, 54.74 W, 300.00 W, 55, 2505 MHz
2026/09/23 17:06:30.855, 0, 0 %, 0 %, 633 MiB, 49140 MiB, 62.85 W, 300.00 W, 55, 2505 MHz
2026/09/23 17:06:31.856, 0, 0 %, 0 %, 633 MiB, 49140 MiB, 62.17 W, 300.00 W, 55, 2505 MHz
2026/09/23 17:06:32.857, 0, 0 %, 0 %, 633 MiB, 49140 MiB, 61.86 W, 300.00 W, 54, 2505 MHz
2026/09/23 17:06:33.857, 0, 0 %, 0 %, 647 MiB, 49140 MiB, 61.67 W, 300.00 W, 54, 2505 MHz
2026/09/23 17:06:34.858, 0, 0 %, 0 %, 647 MiB, 49140 MiB, 62.03 W, 300.00 W, 54, 2505 MHz
2026/09/23 17:06:35.858, 0, 0 %, 0 %, 647 MiB, 49140 MiB, 61.97 W, 300.00 W, 54, 2505 MHz
2026/09/23 17:06:36.859, 0, 0 %, 0 %, 647 MiB, 49140 MiB, 61.00 W, 300.00 W, 54, 2505 MHz
2026/09/23 17:06:37.859, 0, 0 %, 0 %, 647 MiB, 49140 MiB, 60.86 W, 300.00 W, 54, 2505 MHz
2026/09/23 17:06:38.860, 0, 0 %, 0 %, 647 MiB, 49140 MiB, 60.79 W, 300.00 W, 53, 2505 MHz
2026/09/23 17:06:39.860, 0, 0 %, 0 %, 647 MiB, 49140 MiB, 60.54 W, 300.00 W, 53, 2505 MHz
2026/09/23 17:06:40.860, 0, 0 %, 0 %, 647 MiB, 49140 MiB, 60.83 W, 300.00 W, 53, 2505 MHz
2026/09/23 17:06:41.861, 0, 0 %, 0 %, 647 MiB, 49140 MiB, 60.49 W, 300.00 W, 53, 2505 MHz
2026/09/23 17:06:42.861, 0, 0 %, 0 %, 647 MiB, 49140 MiB, 60.40 W, 300.00 W, 53, 2505 MHz
2026/09/23 17:06:43.862, 0, 0 %, 0 %, 647 MiB, 49140 MiB, 60.31 W, 300.00 W, 53, 2505 MHz
2026/09/23 17:06:44.862, 0, 0 %, 0 %, 647 MiB, 49140 MiB, 60.20 W, 300.00 W, 53, 2505 MHz
2026/09/23 17:06:45.863, 0, 0 %, 0 %, 647 MiB, 49140 MiB, 60.07 W, 300.00 W, 52, 2505 MHz
2026/09/23 17:06:46.863, 0, 0 %, 0 %, 3273 MiB, 49140 MiB, 59.85 W, 300.00 W, 52, 2505 MHz
2026/09/23 17:06:47.864, 0, 32 %, 30 %, 2489 MiB, 49140 MiB, 130.41 W, 300.00 W, 56, 2745 MHz
2026/09/23 17:06:48.865, 0, 69 %, 60 %, 2623 MiB, 49140 MiB, 175.51 W, 300.00 W, 55, 2745 MHz
2026/09/23 17:06:49.865, 0, 57 %, 64 %, 7879 MiB, 49140 MiB, 161.45 W, 300.00 W, 58, 2745 MHz
2026/09/23 17:06:50.866, 0, 92 %, 89 %, 5571 MiB, 49140 MiB, 196.96 W, 300.00 W, 54, 2745 MHz
2026/09/23 17:06:51.866, 0, 0 %, 0 %, 5571 MiB, 49140 MiB, 77.68 W, 300.00 W, 54, 2745 MHz
2026/09/23 17:06:52.867, 0, 0 %, 0 %, 5571 MiB, 49140 MiB, 97.45 W, 300.00 W, 54, 2745 MHz
2026/09/23 17:06:53.867, 0, 0 %, 0 %, 5575 MiB, 49140 MiB, 77.12 W, 300.00 W, 54, 2745 MHz
2026/09/23 17:06:54.868, 0, 0 %, 0 %, 5575 MiB, 49140 MiB, 117.99 W, 300.00 W, 55, 2760 MHz
2026/09/23 17:06:55.869, 0, 0 %, 0 %, 5575 MiB, 49140 MiB, 96.05 W, 300.00 W, 54, 2760 MHz
2026/09/23 17:06:56.870, 0, 0 %, 0 %, 5575 MiB, 49140 MiB, 75.73 W, 300.00 W, 53, 2505 MHz
2026/09/23 17:06:57.870, 0, 0 %, 0 %, 5575 MiB, 49140 MiB, 67.13 W, 300.00 W, 53, 2505 MHz
2026/09/23 17:06:58.870, 0, 0 %, 0 %, 5575 MiB, 49140 MiB, 58.87 W, 300.00 W, 52, 2505 MHz
2026/09/23 17:06:59.871, 0, 0 %, 0 %, 5575 MiB, 49140 MiB, 59.07 W, 300.00 W, 52, 2505 MHz
2026/09/23 17:07:00.871, 0, 0 %, 0 %, 5575 MiB, 49140 MiB, 59.08 W, 300.00 W, 52, 2505 MHz
2026/09/23 17:07:01.872, 0, 0 %, 0 %, 5575 MiB, 49140 MiB, 58.95 W, 300.00 W, 52, 2505 MHz
2026/09/23 17:07:02.876, 0, 0 %, 0 %, 5575 MiB, 49140 MiB, 58.88 W, 300.00 W, 52, 2505 MHz
2026/09/23 17:07:03.877, 0, 0 %, 0 %, 5575 MiB, 49140 MiB, 59.01 W, 300.00 W, 52, 2505 MHz
2026/09/23 17:07:04.877, 0, 0 %, 0 %, 5575 MiB, 49140 MiB, 59.06 W, 300.00 W, 52, 2505 MHz
2026/09/23 17:07:05.878, 0, 0 %, 0 %, 5577 MiB, 49140 MiB, 59.10 W, 300.00 W, 52, 2505 MHz
2026/09/23 17:07:06.878, 0, 0 %, 0 %, 5579 MiB, 49140 MiB, 62.98 W, 300.00 W, 52, 2505 MHz
2026/09/23 17:07:07.879, 0, 0 %, 0 %, 6003 MiB, 49140 MiB, 66.85 W, 300.00 W, 53, 2505 MHz
2026/09/23 17:07:08.879, 0, 0 %, 0 %, 6319 MiB, 49140 MiB, 114.53 W, 300.00 W, 52, 2760 MHz
2026/09/23 17:07:09.880, 0, 34 %, 3 %, 5267 MiB, 49140 MiB, 103.08 W, 300.00 W, 52, 2760 MHz
2026/09/23 17:07:10.880, 0, 100 %, 64 %, 5163 MiB, 49140 MiB, 107.95 W, 300.00 W, 52, 2760 MHz
2026/09/23 17:07:11.881, 0, 54 %, 27 %, 8405 MiB, 49140 MiB, 85.24 W, 300.00 W, 52, 2760 MHz
2026/09/23 17:07:12.881, 0, 35 %, 27 %, 5479 MiB, 49140 MiB, 86.57 W, 300.00 W, 52, 2760 MHz
2026/09/23 17:07:13.882, 0, 0 %, 0 %, 4953 MiB, 49140 MiB, 94.00 W, 300.00 W, 52, 2760 MHz
2026/09/23 17:07:14.882, 0, 0 %, 0 %, 4953 MiB, 49140 MiB, 81.39 W, 300.00 W, 52, 2760 MHz
2026/09/23 17:07:15.883, 0, 0 %, 0 %, 5113 MiB, 49140 MiB, 79.06 W, 300.00 W, 52, 2505 MHz
2026/09/23 17:07:16.883, 0, 0 %, 0 %, 4847 MiB, 49140 MiB, 70.06 W, 300.00 W, 51, 2505 MHz
2026/09/23 17:07:17.885, 0, 29 %, 34 %, 4765 MiB, 49140 MiB, 72.95 W, 300.00 W, 51, 2505 MHz
2026/09/23 17:07:18.885, 0, 0 %, 0 %, 4765 MiB, 49140 MiB, 81.78 W, 300.00 W, 52, 2760 MHz
2026/09/23 17:07:19.885, 0, 0 %, 0 %, 4765 MiB, 49140 MiB, 83.46 W, 300.00 W, 52, 2760 MHz
2026/09/23 17:07:20.886, 0, 64 %, 49 %, 4765 MiB, 49140 MiB, 89.43 W, 300.00 W, 52, 2760 MHz
2026/09/23 17:07:21.886, 0, 78 %, 74 %, 4765 MiB, 49140 MiB, 92.97 W, 300.00 W, 52, 2760 MHz
2026/09/23 17:07:22.887, 0, 19 %, 3 %, 4765 MiB, 49140 MiB, 71.26 W, 300.00 W, 51, 2505 MHz
2026/09/23 17:07:23.887, 0, 0 %, 0 %, 4765 MiB, 49140 MiB, 59.77 W, 300.00 W, 51, 2505 MHz
2026/09/23 17:07:24.888, 0, 9 %, 1 %, 4767 MiB, 49140 MiB, 60.68 W, 300.00 W, 51, 2505 MHz
2026/09/23 17:07:25.888, 0, 8 %, 1 %, 4767 MiB, 49140 MiB, 60.36 W, 300.00 W, 51, 2505 MHz
2026/09/23 17:07:26.889, 0, 0 %, 0 %, 4765 MiB, 49140 MiB, 81.23 W, 300.00 W, 52, 2505 MHz
2026/09/23 17:07:27.889, 0, 0 %, 0 %, 4765 MiB, 49140 MiB, 83.86 W, 300.00 W, 52, 2760 MHz
2026/09/23 17:07:28.890, 0, 0 %, 0 %, 4765 MiB, 49140 MiB, 94.15 W, 300.00 W, 53, 2505 MHz
2026/09/23 17:07:29.890, 0, 0 %, 0 %, 5611 MiB, 49140 MiB, 110.75 W, 300.00 W, 57, 2640 MHz
2026/09/23 17:07:30.891, 0, 42 %, 49 %, 4239 MiB, 49140 MiB, 112.28 W, 300.00 W, 52, 2760 MHz
2026/09/23 17:07:31.892, 0, 81 %, 80 %, 6897 MiB, 49140 MiB, 141.18 W, 300.00 W, 59, 2430 MHz
2026/09/23 17:07:32.893, 0, 98 %, 89 %, 6897 MiB, 49140 MiB, 273.08 W, 300.00 W, 60, 2070 MHz
2026/09/23 17:07:33.893, 0, 97 %, 90 %, 6897 MiB, 49140 MiB, 284.72 W, 300.00 W, 60, 2190 MHz
2026/09/23 17:07:34.894, 0, 91 %, 83 %, 6897 MiB, 49140 MiB, 283.16 W, 300.00 W, 61, 2145 MHz
2026/09/23 17:07:35.895, 0, 97 %, 89 %, 6897 MiB, 49140 MiB, 285.40 W, 300.00 W, 61, 1860 MHz
2026/09/23 17:07:36.896, 0, 98 %, 90 %, 6897 MiB, 49140 MiB, 285.71 W, 300.00 W, 60, 2040 MHz
2026/09/23 17:07:37.897, 0, 98 %, 90 %, 6897 MiB, 49140 MiB, 286.23 W, 300.00 W, 61, 2025 MHz
2026/09/23 17:07:38.901, 0, 97 %, 86 %, 6897 MiB, 49140 MiB, 285.35 W, 300.00 W, 60, 1980 MHz
2026/09/23 17:07:39.902, 0, 98 %, 88 %, 6897 MiB, 49140 MiB, 285.27 W, 300.00 W, 61, 2160 MHz
2026/09/23 17:07:40.903, 0, 98 %, 91 %, 6897 MiB, 49140 MiB, 286.55 W, 300.00 W, 63, 1815 MHz
2026/09/23 17:07:41.903, 0, 97 %, 90 %, 6897 MiB, 49140 MiB, 283.57 W, 300.00 W, 63, 1890 MHz
2026/09/23 17:07:42.904, 0, 97 %, 89 %, 6897 MiB, 49140 MiB, 284.61 W, 300.00 W, 63, 1740 MHz
2026/09/23 17:07:43.905, 0, 98 %, 90 %, 6897 MiB, 49140 MiB, 284.84 W, 300.00 W, 63, 1680 MHz
2026/09/23 17:07:44.906, 0, 98 %, 90 %, 6897 MiB, 49140 MiB, 282.58 W, 300.00 W, 64, 1755 MHz
2026/09/23 17:07:45.907, 0, 98 %, 90 %, 6897 MiB, 49140 MiB, 286.05 W, 300.00 W, 64, 1710 MHz
2026/09/23 17:07:46.908, 0, 97 %, 89 %, 6897 MiB, 49140 MiB, 286.46 W, 300.00 W, 64, 1785 MHz
2026/09/23 17:07:47.909, 0, 97 %, 88 %, 6897 MiB, 49140 MiB, 284.32 W, 300.00 W, 64, 1800 MHz
2026/09/23 17:07:48.911, 0, 96 %, 89 %, 6897 MiB, 49140 MiB, 285.08 W, 300.00 W, 64, 1785 MHz
2026/09/23 17:07:49.912, 0, 98 %, 89 %, 6897 MiB, 49140 MiB, 284.45 W, 300.00 W, 64, 1770 MHz
2026/09/23 17:07:50.913, 0, 98 %, 89 %, 6897 MiB, 49140 MiB, 286.23 W, 300.00 W, 65, 1755 MHz
2026/09/23 17:07:51.913, 0, 97 %, 89 %, 6897 MiB, 49140 MiB, 286.10 W, 300.00 W, 65, 1680 MHz
2026/09/23 17:07:52.915, 0, 97 %, 89 %, 6897 MiB, 49140 MiB, 287.86 W, 300.00 W, 65, 1710 MHz
2026/09/23 17:07:53.915, 0, 97 %, 88 %, 6897 MiB, 49140 MiB, 287.08 W, 300.00 W, 66, 1755 MHz
2026/09/23 17:07:54.916, 0, 94 %, 85 %, 6897 MiB, 49140 MiB, 289.38 W, 300.00 W, 66, 1755 MHz
2026/09/23 17:07:55.917, 0, 94 %, 86 %, 6897 MiB, 49140 MiB, 289.29 W, 300.00 W, 66, 1740 MHz
2026/09/23 17:07:56.918, 0, 97 %, 89 %, 6897 MiB, 49140 MiB, 230.67 W, 300.00 W, 61, 2655 MHz
2026/09/23 17:07:57.918, 0, 0 %, 0 %, 6897 MiB, 49140 MiB, 94.87 W, 300.00 W, 60, 2655 MHz
2026/09/23 17:07:58.919, 0, 0 %, 0 %, 6897 MiB, 49140 MiB, 73.42 W, 300.00 W, 60, 2505 MHz
2026/09/23 17:07:59.919, 0, 0 %, 0 %, 6897 MiB, 49140 MiB, 69.52 W, 300.00 W, 59, 2505 MHz
2026/09/23 17:08:00.919, 0, 0 %, 0 %, 6897 MiB, 49140 MiB, 65.37 W, 300.00 W, 58, 2505 MHz
2026/09/23 17:08:01.920, 0, 0 %, 0 %, 6897 MiB, 49140 MiB, 64.84 W, 300.00 W, 58, 2505 MHz
2026/09/23 17:08:02.920, 0, 0 %, 0 %, 6897 MiB, 49140 MiB, 64.53 W, 300.00 W, 58, 2505 MHz
2026/09/23 17:08:03.921, 0, 0 %, 0 %, 6897 MiB, 49140 MiB, 64.27 W, 300.00 W, 57, 2505 MHz
2026/09/23 17:08:04.922, 0, 0 %, 0 %, 6897 MiB, 49140 MiB, 64.04 W, 300.00 W, 57, 2505 MHz
2026/09/23 17:08:05.922, 0, 0 %, 0 %, 6897 MiB, 49140 MiB, 63.75 W, 300.00 W, 57, 2505 MHz
2026/09/23 17:08:06.923, 0, 1 %, 0 %, 2885 MiB, 49140 MiB, 78.69 W, 300.00 W, 58, 2505 MHz
2026/09/23 17:08:07.923, 0, 44 %, 37 %, 2885 MiB, 49140 MiB, 203.42 W, 300.00 W, 60, 2745 MHz
2026/09/23 17:08:08.924, 0, 90 %, 100 %, 2885 MiB, 49140 MiB, 180.76 W, 300.00 W, 60, 2745 MHz
2026/09/23 17:08:09.925, 0, 69 %, 75 %, 2465 MiB, 49140 MiB, 223.39 W, 300.00 W, 63, 2745 MHz
2026/09/23 17:08:10.925, 0, 0 %, 0 %, 2465 MiB, 49140 MiB, 115.65 W, 300.00 W, 58, 2745 MHz
2026/09/23 17:08:11.926, 0, 0 %, 0 %, 2887 MiB, 49140 MiB, 139.79 W, 300.00 W, 63, 1740 MHz
2026/09/23 17:08:12.926, 0, 94 %, 69 %, 2887 MiB, 49140 MiB, 271.64 W, 300.00 W, 60, 2685 MHz
2026/09/23 17:08:13.927, 0, 0 %, 0 %, 2887 MiB, 49140 MiB, 66.16 W, 300.00 W, 57, 2505 MHz
2026/09/23 17:08:14.927, 0, 0 %, 0 %, 7025 MiB, 49140 MiB, 156.57 W, 300.00 W, 62, 1995 MHz
2026/09/23 17:08:15.929, 0, 98 %, 91 %, 7025 MiB, 49140 MiB, 285.52 W, 300.00 W, 63, 1965 MHz
2026/09/23 17:08:16.930, 0, 98 %, 91 %, 7025 MiB, 49140 MiB, 286.39 W, 300.00 W, 63, 2010 MHz
2026/09/23 17:08:17.931, 0, 98 %, 91 %, 7025 MiB, 49140 MiB, 286.08 W, 300.00 W, 64, 1935 MHz
2026/09/23 17:08:18.932, 0, 98 %, 91 %, 7025 MiB, 49140 MiB, 284.79 W, 300.00 W, 64, 1965 MHz
2026/09/23 17:08:19.932, 0, 97 %, 91 %, 7025 MiB, 49140 MiB, 284.24 W, 300.00 W, 65, 2085 MHz
2026/09/23 17:08:20.933, 0, 97 %, 91 %, 7025 MiB, 49140 MiB, 288.37 W, 300.00 W, 65, 1995 MHz
2026/09/23 17:08:21.934, 0, 97 %, 91 %, 7025 MiB, 49140 MiB, 286.74 W, 300.00 W, 65, 1980 MHz
2026/09/23 17:08:22.934, 0, 97 %, 90 %, 7025 MiB, 49140 MiB, 286.17 W, 300.00 W, 65, 2040 MHz
2026/09/23 17:08:23.936, 0, 97 %, 90 %, 7025 MiB, 49140 MiB, 286.59 W, 300.00 W, 65, 1980 MHz
2026/09/23 17:08:24.937, 0, 98 %, 91 %, 7025 MiB, 49140 MiB, 286.34 W, 300.00 W, 66, 2025 MHz
2026/09/23 17:08:25.937, 0, 98 %, 90 %, 7025 MiB, 49140 MiB, 289.48 W, 300.00 W, 66, 1980 MHz
2026/09/23 17:08:26.938, 0, 97 %, 89 %, 7025 MiB, 49140 MiB, 290.08 W, 300.00 W, 67, 1965 MHz
2026/09/23 17:08:27.939, 0, 97 %, 89 %, 7025 MiB, 49140 MiB, 290.19 W, 300.00 W, 68, 1980 MHz
2026/09/23 17:08:28.940, 0, 97 %, 90 %, 7025 MiB, 49140 MiB, 290.76 W, 300.00 W, 67, 1890 MHz
2026/09/23 17:08:29.941, 0, 97 %, 90 %, 7025 MiB, 49140 MiB, 290.37 W, 300.00 W, 68, 1905 MHz
2026/09/23 17:08:30.942, 0, 98 %, 90 %, 7025 MiB, 49140 MiB, 291.31 W, 300.00 W, 68, 1965 MHz
2026/09/23 17:08:31.943, 0, 98 %, 89 %, 7025 MiB, 49140 MiB, 292.10 W, 300.00 W, 68, 1890 MHz
2026/09/23 17:08:32.944, 0, 97 %, 89 %, 7025 MiB, 49140 MiB, 290.58 W, 300.00 W, 69, 2010 MHz
2026/09/23 17:08:33.946, 0, 97 %, 86 %, 7025 MiB, 49140 MiB, 287.84 W, 300.00 W, 70, 1950 MHz
2026/09/23 17:08:34.947, 0, 98 %, 88 %, 7025 MiB, 49140 MiB, 291.60 W, 300.00 W, 70, 2055 MHz
2026/09/23 17:08:35.948, 0, 98 %, 88 %, 7025 MiB, 49140 MiB, 291.77 W, 300.00 W, 70, 2100 MHz
2026/09/23 17:08:36.949, 0, 96 %, 86 %, 7025 MiB, 49140 MiB, 291.41 W, 300.00 W, 71, 2055 MHz
2026/09/23 17:08:37.950, 0, 98 %, 88 %, 7025 MiB, 49140 MiB, 291.72 W, 300.00 W, 71, 1935 MHz
2026/09/23 17:08:38.951, 0, 97 %, 87 %, 7025 MiB, 49140 MiB, 288.88 W, 300.00 W, 69, 1815 MHz
2026/09/23 17:08:39.952, 0, 97 %, 88 %, 7025 MiB, 49140 MiB, 293.56 W, 300.00 W, 70, 1605 MHz
2026/09/23 17:08:40.952, 0, 96 %, 67 %, 7025 MiB, 49140 MiB, 250.06 W, 300.00 W, 65, 2730 MHz
2026/09/23 17:08:41.953, 0, 0 %, 0 %, 7025 MiB, 49140 MiB, 84.51 W, 300.00 W, 63, 2745 MHz
2026/09/23 17:08:42.954, 0, 98 %, 90 %, 7025 MiB, 49140 MiB, 200.54 W, 300.00 W, 69, 1710 MHz
2026/09/23 17:08:43.955, 0, 97 %, 88 %, 7025 MiB, 49140 MiB, 289.45 W, 300.00 W, 69, 2025 MHz
2026/09/23 17:08:44.956, 0, 98 %, 88 %, 7025 MiB, 49140 MiB, 292.25 W, 300.00 W, 69, 2100 MHz
2026/09/23 17:08:45.956, 0, 98 %, 88 %, 7025 MiB, 49140 MiB, 292.75 W, 300.00 W, 69, 2025 MHz
2026/09/23 17:08:46.957, 0, 98 %, 88 %, 7025 MiB, 49140 MiB, 293.04 W, 300.00 W, 69, 2055 MHz
2026/09/23 17:08:47.958, 0, 98 %, 88 %, 7025 MiB, 49140 MiB, 291.58 W, 300.00 W, 69, 2100 MHz
2026/09/23 17:08:48.959, 0, 98 %, 87 %, 7025 MiB, 49140 MiB, 291.08 W, 300.00 W, 70, 2025 MHz
2026/09/23 17:08:49.959, 0, 97 %, 86 %, 7025 MiB, 49140 MiB, 289.35 W, 300.00 W, 71, 1605 MHz
2026/09/23 17:08:50.960, 0, 97 %, 89 %, 7025 MiB, 49140 MiB, 289.26 W, 300.00 W, 70, 1935 MHz
2026/09/23 17:08:51.963, 0, 96 %, 87 %, 7025 MiB, 49140 MiB, 292.64 W, 300.00 W, 70, 2010 MHz
2026/09/23 17:08:52.964, 0, 97 %, 87 %, 7025 MiB, 49140 MiB, 290.22 W, 300.00 W, 72, 1950 MHz
2026/09/23 17:08:53.964, 0, 98 %, 87 %, 7025 MiB, 49140 MiB, 289.69 W, 300.00 W, 70, 1635 MHz
2026/09/23 17:08:54.966, 0, 98 %, 90 %, 7025 MiB, 49140 MiB, 290.22 W, 300.00 W, 70, 2025 MHz
2026/09/23 17:08:55.967, 0, 99 %, 90 %, 7025 MiB, 49140 MiB, 291.61 W, 300.00 W, 71, 1965 MHz
2026/09/23 17:08:56.968, 0, 98 %, 87 %, 7025 MiB, 49140 MiB, 292.03 W, 300.00 W, 71, 1665 MHz
2026/09/23 17:08:57.968, 0, 98 %, 88 %, 7025 MiB, 49140 MiB, 291.94 W, 300.00 W, 70, 1635 MHz
2026/09/23 17:08:58.969, 0, 97 %, 87 %, 7025 MiB, 49140 MiB, 292.71 W, 300.00 W, 70, 1575 MHz
2026/09/23 17:08:59.970, 0, 98 %, 89 %, 7025 MiB, 49140 MiB, 290.37 W, 300.00 W, 70, 1800 MHz
2026/09/23 17:09:00.971, 0, 98 %, 87 %, 7025 MiB, 49140 MiB, 292.62 W, 300.00 W, 71, 1935 MHz
2026/09/23 17:09:01.972, 0, 98 %, 87 %, 7025 MiB, 49140 MiB, 290.80 W, 300.00 W, 73, 2010 MHz
2026/09/23 17:09:02.973, 0, 97 %, 86 %, 7025 MiB, 49140 MiB, 292.31 W, 300.00 W, 72, 1635 MHz
2026/09/23 17:09:03.973, 0, 94 %, 86 %, 7025 MiB, 49140 MiB, 290.82 W, 300.00 W, 71, 2190 MHz
2026/09/23 17:09:04.975, 0, 98 %, 89 %, 7025 MiB, 49140 MiB, 291.26 W, 300.00 W, 72, 1875 MHz
2026/09/23 17:09:05.976, 0, 97 %, 85 %, 7025 MiB, 49140 MiB, 291.10 W, 300.00 W, 72, 1665 MHz
2026/09/23 17:09:06.977, 0, 98 %, 88 %, 7025 MiB, 49140 MiB, 292.17 W, 300.00 W, 70, 1575 MHz
2026/09/23 17:09:07.978, 0, 96 %, 68 %, 7025 MiB, 49140 MiB, 297.27 W, 300.00 W, 72, 1290 MHz
2026/09/23 17:09:08.979, 0, 0 %, 0 %, 7025 MiB, 49140 MiB, 165.50 W, 300.00 W, 66, 2730 MHz
2026/09/23 17:09:09.979, 0, 97 %, 89 %, 7025 MiB, 49140 MiB, 115.24 W, 300.00 W, 69, 1935 MHz
2026/09/23 17:09:10.980, 0, 97 %, 86 %, 7025 MiB, 49140 MiB, 290.21 W, 300.00 W, 71, 1845 MHz
2026/09/23 17:09:11.982, 0, 97 %, 87 %, 7025 MiB, 49140 MiB, 291.03 W, 300.00 W, 72, 1980 MHz
2026/09/23 17:09:12.983, 0, 97 %, 86 %, 7025 MiB, 49140 MiB, 291.83 W, 300.00 W, 71, 1635 MHz
2026/09/23 17:09:13.984, 0, 97 %, 88 %, 7025 MiB, 49140 MiB, 292.01 W, 300.00 W, 71, 2055 MHz
2026/09/23 17:09:14.985, 0, 92 %, 83 %, 7025 MiB, 49140 MiB, 290.41 W, 300.00 W, 71, 1695 MHz
2026/09/23 17:09:15.986, 0, 98 %, 88 %, 7025 MiB, 49140 MiB, 289.77 W, 300.00 W, 71, 1875 MHz
2026/09/23 17:09:16.986, 0, 97 %, 86 %, 7025 MiB, 49140 MiB, 287.92 W, 300.00 W, 72, 1590 MHz
2026/09/23 17:09:17.987, 0, 97 %, 87 %, 7025 MiB, 49140 MiB, 291.13 W, 300.00 W, 72, 1815 MHz
2026/09/23 17:09:18.989, 0, 98 %, 89 %, 7025 MiB, 49140 MiB, 291.08 W, 300.00 W, 71, 1740 MHz
2026/09/23 17:09:19.989, 0, 98 %, 89 %, 7025 MiB, 49140 MiB, 291.21 W, 300.00 W, 72, 2070 MHz
2026/09/23 17:09:20.991, 0, 97 %, 86 %, 7025 MiB, 49140 MiB, 289.08 W, 300.00 W, 71, 1890 MHz
2026/09/23 17:09:21.992, 0, 96 %, 90 %, 7025 MiB, 49140 MiB, 289.00 W, 300.00 W, 70, 1635 MHz
2026/09/23 17:09:22.992, 0, 98 %, 87 %, 7025 MiB, 49140 MiB, 289.87 W, 300.00 W, 72, 1950 MHz
2026/09/23 17:09:23.993, 0, 98 %, 87 %, 7025 MiB, 49140 MiB, 290.27 W, 300.00 W, 74, 1815 MHz
2026/09/23 17:09:24.993, 0, 98 %, 88 %, 7025 MiB, 49140 MiB, 291.82 W, 300.00 W, 72, 1800 MHz
2026/09/23 17:09:25.994, 0, 97 %, 87 %, 7025 MiB, 49140 MiB, 289.32 W, 300.00 W, 72, 1890 MHz
2026/09/23 17:09:26.996, 0, 99 %, 90 %, 7025 MiB, 49140 MiB, 292.33 W, 300.00 W, 72, 1950 MHz
2026/09/23 17:09:27.996, 0, 97 %, 85 %, 7025 MiB, 49140 MiB, 292.91 W, 300.00 W, 73, 2025 MHz
2026/09/23 17:09:28.998, 0, 98 %, 87 %, 7025 MiB, 49140 MiB, 293.10 W, 300.00 W, 71, 1710 MHz
2026/09/23 17:09:29.999, 0, 98 %, 89 %, 7025 MiB, 49140 MiB, 290.88 W, 300.00 W, 72, 1710 MHz
2026/09/23 17:09:31.000, 0, 94 %, 84 %, 7025 MiB, 49140 MiB, 290.20 W, 300.00 W, 74, 2040 MHz
2026/09/23 17:09:32.000, 0, 98 %, 88 %, 7025 MiB, 49140 MiB, 290.95 W, 300.00 W, 72, 1995 MHz
2026/09/23 17:09:33.001, 0, 98 %, 88 %, 7025 MiB, 49140 MiB, 292.80 W, 300.00 W, 72, 1680 MHz
2026/09/23 17:09:34.002, 0, 99 %, 88 %, 7025 MiB, 49140 MiB, 293.85 W, 300.00 W, 72, 2010 MHz
2026/09/23 17:09:35.002, 0, 98 %, 87 %, 7025 MiB, 49140 MiB, 289.22 W, 300.00 W, 71, 1800 MHz
2026/09/23 17:09:36.003, 0, 93 %, 66 %, 7025 MiB, 49140 MiB, 293.95 W, 300.00 W, 74, 1590 MHz
2026/09/23 17:09:37.004, 0, 0 %, 0 %, 7025 MiB, 49140 MiB, 180.80 W, 300.00 W, 66, 2550 MHz
2026/09/23 17:09:38.005, 0, 0 %, 0 %, 7025 MiB, 49140 MiB, 73.87 W, 300.00 W, 65, 2550 MHz
2026/09/23 17:09:39.006, 0, 98 %, 88 %, 7025 MiB, 49140 MiB, 219.53 W, 300.00 W, 73, 1935 MHz
2026/09/23 17:09:40.007, 0, 97 %, 86 %, 7025 MiB, 49140 MiB, 291.22 W, 300.00 W, 71, 1845 MHz
2026/09/23 17:09:41.007, 0, 97 %, 88 %, 7025 MiB, 49140 MiB, 289.71 W, 300.00 W, 72, 1830 MHz
2026/09/23 17:09:42.008, 0, 99 %, 89 %, 7025 MiB, 49140 MiB, 289.38 W, 300.00 W, 71, 1950 MHz
2026/09/23 17:09:43.009, 0, 96 %, 84 %, 7025 MiB, 49140 MiB, 291.28 W, 300.00 W, 72, 1920 MHz
2026/09/23 17:09:44.010, 0, 97 %, 88 %, 7025 MiB, 49140 MiB, 292.55 W, 300.00 W, 70, 1635 MHz
2026/09/23 17:09:45.011, 0, 97 %, 87 %, 7025 MiB, 49140 MiB, 291.01 W, 300.00 W, 72, 1545 MHz
2026/09/23 17:09:46.013, 0, 94 %, 83 %, 7025 MiB, 49140 MiB, 289.50 W, 300.00 W, 73, 1995 MHz
2026/09/23 17:09:47.017, 0, 97 %, 88 %, 7025 MiB, 49140 MiB, 289.92 W, 300.00 W, 72, 2025 MHz
2026/09/23 17:09:48.017, 0, 98 %, 87 %, 7025 MiB, 49140 MiB, 292.11 W, 300.00 W, 71, 1620 MHz
2026/09/23 17:09:49.018, 0, 98 %, 89 %, 7025 MiB, 49140 MiB, 293.24 W, 300.00 W, 72, 1950 MHz
2026/09/23 17:09:50.019, 0, 97 %, 86 %, 7025 MiB, 49140 MiB, 291.51 W, 300.00 W, 72, 1935 MHz
2026/09/23 17:09:51.021, 0, 97 %, 90 %, 7025 MiB, 49140 MiB, 292.38 W, 300.00 W, 71, 1635 MHz
2026/09/23 17:09:52.022, 0, 97 %, 87 %, 7025 MiB, 49140 MiB, 290.98 W, 300.00 W, 73, 1575 MHz
2026/09/23 17:09:53.024, 0, 97 %, 87 %, 7025 MiB, 49140 MiB, 292.01 W, 300.00 W, 74, 1935 MHz
2026/09/23 17:09:54.025, 0, 98 %, 87 %, 7025 MiB, 49140 MiB, 291.32 W, 300.00 W, 72, 1920 MHz
2026/09/23 17:09:55.027, 0, 97 %, 87 %, 7025 MiB, 49140 MiB, 292.06 W, 300.00 W, 72, 1605 MHz
2026/09/23 17:09:56.028, 0, 98 %, 86 %, 7025 MiB, 49140 MiB, 292.99 W, 300.00 W, 73, 2040 MHz
2026/09/23 17:09:57.030, 0, 98 %, 87 %, 7025 MiB, 49140 MiB, 292.54 W, 300.00 W, 71, 1680 MHz
2026/09/23 17:09:58.031, 0, 97 %, 88 %, 7025 MiB, 49140 MiB, 291.24 W, 300.00 W, 72, 1575 MHz
2026/09/23 17:09:59.032, 0, 97 %, 86 %, 7025 MiB, 49140 MiB, 291.16 W, 300.00 W, 74, 1770 MHz
2026/09/23 17:10:00.033, 0, 98 %, 87 %, 7025 MiB, 49140 MiB, 292.08 W, 300.00 W, 72, 1815 MHz
2026/09/23 17:10:01.034, 0, 96 %, 88 %, 7025 MiB, 49140 MiB, 291.83 W, 300.00 W, 72, 1755 MHz
2026/09/23 17:10:02.035, 0, 99 %, 89 %, 7025 MiB, 49140 MiB, 291.74 W, 300.00 W, 73, 1935 MHz
2026/09/23 17:10:03.035, 0, 96 %, 86 %, 7025 MiB, 49140 MiB, 291.35 W, 300.00 W, 71, 1800 MHz
2026/09/23 17:10:04.037, 0, 95 %, 68 %, 7025 MiB, 49140 MiB, 294.80 W, 300.00 W, 73, 1515 MHz
2026/09/23 17:10:05.037, 0, 0 %, 0 %, 7025 MiB, 49140 MiB, 224.30 W, 300.00 W, 67, 2670 MHz
2026/09/23 17:10:06.038, 0, 0 %, 0 %, 7025 MiB, 49140 MiB, 80.79 W, 300.00 W, 66, 2670 MHz
2026/09/23 17:10:07.038, 0, 98 %, 87 %, 7025 MiB, 49140 MiB, 199.93 W, 300.00 W, 71, 2085 MHz
2026/09/23 17:10:08.040, 0, 98 %, 89 %, 7025 MiB, 49140 MiB, 290.26 W, 300.00 W, 71, 1920 MHz
2026/09/23 17:10:09.041, 0, 96 %, 86 %, 7025 MiB, 49140 MiB, 292.35 W, 300.00 W, 73, 1635 MHz
2026/09/23 17:10:10.041, 0, 98 %, 87 %, 7025 MiB, 49140 MiB, 290.10 W, 300.00 W, 73, 1515 MHz
2026/09/23 17:10:11.042, 0, 98 %, 89 %, 7025 MiB, 49140 MiB, 289.62 W, 300.00 W, 72, 1890 MHz
2026/09/23 17:10:12.044, 0, 99 %, 89 %, 7025 MiB, 49140 MiB, 292.96 W, 300.00 W, 72, 1980 MHz
2026/09/23 17:10:13.045, 0, 97 %, 85 %, 7025 MiB, 49140 MiB, 292.35 W, 300.00 W, 73, 1620 MHz
2026/09/23 17:10:14.045, 0, 97 %, 90 %, 7025 MiB, 49140 MiB, 290.63 W, 300.00 W, 71, 2025 MHz
2026/09/23 17:10:15.046, 0, 98 %, 86 %, 7025 MiB, 49140 MiB, 290.60 W, 300.00 W, 73, 1665 MHz
2026/09/23 17:10:16.047, 0, 98 %, 87 %, 7025 MiB, 49140 MiB, 292.02 W, 300.00 W, 73, 1560 MHz
2026/09/23 17:10:17.048, 0, 96 %, 88 %, 7025 MiB, 49140 MiB, 290.90 W, 300.00 W, 72, 1905 MHz
2026/09/23 17:10:18.048, 0, 99 %, 89 %, 7025 MiB, 49140 MiB, 292.75 W, 300.00 W, 73, 1875 MHz
2026/09/23 17:10:19.049, 0, 98 %, 88 %, 7025 MiB, 49140 MiB, 291.79 W, 300.00 W, 72, 2055 MHz
2026/09/23 17:10:20.062, 0, 97 %, 88 %, 7025 MiB, 49140 MiB, 291.27 W, 300.00 W, 72, 1905 MHz
2026/09/23 17:10:21.063, 0, 96 %, 85 %, 7025 MiB, 49140 MiB, 291.78 W, 300.00 W, 74, 1620 MHz
2026/09/23 17:10:22.064, 0, 98 %, 86 %, 7025 MiB, 49140 MiB, 291.99 W, 300.00 W, 73, 1620 MHz
2026/09/23 17:10:23.066, 0, 96 %, 88 %, 7025 MiB, 49140 MiB, 291.13 W, 300.00 W, 72, 1815 MHz
2026/09/23 17:10:24.066, 0, 99 %, 89 %, 7025 MiB, 49140 MiB, 293.33 W, 300.00 W, 73, 1845 MHz
2026/09/23 17:10:25.067, 0, 97 %, 87 %, 7025 MiB, 49140 MiB, 292.67 W, 300.00 W, 71, 2175 MHz
2026/09/23 17:10:26.070, 0, 96 %, 86 %, 7025 MiB, 49140 MiB, 290.92 W, 300.00 W, 73, 1695 MHz
2026/09/23 17:10:27.071, 0, 98 %, 87 %, 7025 MiB, 49140 MiB, 292.18 W, 300.00 W, 74, 1515 MHz
2026/09/23 17:10:28.072, 0, 98 %, 88 %, 7025 MiB, 49140 MiB, 292.09 W, 300.00 W, 73, 1890 MHz
2026/09/23 17:10:29.073, 0, 99 %, 88 %, 7025 MiB, 49140 MiB, 292.87 W, 300.00 W, 73, 1965 MHz
2026/09/23 17:10:30.073, 0, 97 %, 86 %, 7025 MiB, 49140 MiB, 293.72 W, 300.00 W, 74, 1620 MHz
2026/09/23 17:10:31.074, 0, 98 %, 88 %, 7025 MiB, 49140 MiB, 292.37 W, 300.00 W, 72, 2010 MHz
2026/09/23 17:10:32.074, 0, 96 %, 69 %, 7025 MiB, 49140 MiB, 293.33 W, 300.00 W, 74, 1470 MHz
2026/09/23 17:10:33.075, 0, 33 %, 22 %, 7025 MiB, 49140 MiB, 285.70 W, 300.00 W, 68, 2685 MHz
2026/09/23 17:10:34.076, 0, 0 %, 0 %, 7025 MiB, 49140 MiB, 94.04 W, 300.00 W, 67, 2730 MHz
2026/09/23 17:10:35.076, 0, 97 %, 85 %, 7025 MiB, 49140 MiB, 168.44 W, 300.00 W, 73, 1665 MHz
2026/09/23 17:10:36.077, 0, 96 %, 85 %, 7025 MiB, 49140 MiB, 292.00 W, 300.00 W, 72, 1605 MHz
2026/09/23 17:10:37.078, 0, 98 %, 88 %, 7025 MiB, 49140 MiB, 291.83 W, 300.00 W, 72, 1905 MHz
2026/09/23 17:10:38.080, 0, 99 %, 89 %, 7025 MiB, 49140 MiB, 292.96 W, 300.00 W, 72, 1965 MHz
2026/09/23 17:10:39.081, 0, 97 %, 84 %, 7025 MiB, 49140 MiB, 291.44 W, 300.00 W, 72, 1740 MHz
2026/09/23 17:10:40.082, 0, 97 %, 86 %, 7025 MiB, 49140 MiB, 289.76 W, 300.00 W, 71, 2040 MHz
2026/09/23 17:10:41.082, 0, 98 %, 88 %, 7025 MiB, 49140 MiB, 290.63 W, 300.00 W, 73, 1830 MHz
2026/09/23 17:10:42.083, 0, 96 %, 85 %, 7025 MiB, 49140 MiB, 291.52 W, 300.00 W, 74, 1590 MHz
2026/09/23 17:10:43.084, 0, 98 %, 88 %, 7025 MiB, 49140 MiB, 292.76 W, 300.00 W, 73, 1590 MHz
2026/09/23 17:10:44.085, 0, 94 %, 87 %, 7025 MiB, 49140 MiB, 291.40 W, 300.00 W, 72, 1860 MHz
2026/09/23 17:10:45.085, 0, 99 %, 88 %, 7025 MiB, 49140 MiB, 293.00 W, 300.00 W, 73, 1860 MHz
2026/09/23 17:10:46.086, 0, 97 %, 87 %, 7025 MiB, 49140 MiB, 292.12 W, 300.00 W, 73, 1890 MHz
2026/09/23 17:10:47.087, 0, 97 %, 89 %, 7025 MiB, 49140 MiB, 293.36 W, 300.00 W, 71, 2010 MHz
2026/09/23 17:10:48.088, 0, 98 %, 89 %, 7025 MiB, 49140 MiB, 292.49 W, 300.00 W, 73, 1815 MHz
2026/09/23 17:10:49.090, 0, 93 %, 82 %, 7025 MiB, 49140 MiB, 291.82 W, 300.00 W, 74, 1710 MHz
2026/09/23 17:10:50.091, 0, 98 %, 85 %, 7025 MiB, 49140 MiB, 291.78 W, 300.00 W, 73, 1605 MHz
2026/09/23 17:10:51.092, 0, 97 %, 89 %, 7025 MiB, 49140 MiB, 291.88 W, 300.00 W, 73, 1800 MHz
2026/09/23 17:10:52.092, 0, 98 %, 86 %, 7025 MiB, 49140 MiB, 292.55 W, 300.00 W, 73, 1635 MHz
2026/09/23 17:10:53.093, 0, 98 %, 87 %, 7025 MiB, 49140 MiB, 292.18 W, 300.00 W, 72, 1785 MHz
2026/09/23 17:10:54.094, 0, 98 %, 89 %, 7025 MiB, 49140 MiB, 292.02 W, 300.00 W, 73, 2055 MHz
2026/09/23 17:10:55.094, 0, 98 %, 87 %, 7025 MiB, 49140 MiB, 292.24 W, 300.00 W, 74, 1815 MHz
2026/09/23 17:10:56.095, 0, 97 %, 88 %, 7025 MiB, 49140 MiB, 291.49 W, 300.00 W, 73, 1545 MHz
2026/09/23 17:10:57.096, 0, 98 %, 89 %, 7025 MiB, 49140 MiB, 292.88 W, 300.00 W, 73, 1935 MHz
2026/09/23 17:10:58.099, 0, 97 %, 91 %, 7025 MiB, 49140 MiB, 288.89 W, 300.00 W, 72, 1605 MHz
2026/09/23 17:10:59.100, 0, 98 %, 86 %, 7025 MiB, 49140 MiB, 291.79 W, 300.00 W, 74, 2025 MHz
2026/09/23 17:11:00.101, 0, 97 %, 84 %, 7025 MiB, 49140 MiB, 291.53 W, 300.00 W, 74, 1560 MHz
2026/09/23 17:11:01.102, 0, 96 %, 67 %, 7025 MiB, 49140 MiB, 298.52 W, 300.00 W, 74, 1470 MHz
2026/09/23 17:11:02.102, 0, 0 %, 0 %, 7025 MiB, 49140 MiB, 139.42 W, 300.00 W, 67, 2730 MHz
2026/09/23 17:11:03.103, 0, 98 %, 93 %, 7025 MiB, 49140 MiB, 94.96 W, 300.00 W, 71, 2145 MHz
2026/09/23 17:11:04.104, 0, 98 %, 87 %, 7025 MiB, 49140 MiB, 291.65 W, 300.00 W, 73, 1710 MHz
2026/09/23 17:11:05.106, 0, 97 %, 87 %, 7025 MiB, 49140 MiB, 290.30 W, 300.00 W, 72, 1635 MHz
2026/09/23 17:11:06.107, 0, 96 %, 85 %, 7025 MiB, 49140 MiB, 292.05 W, 300.00 W, 72, 1860 MHz
2026/09/23 17:11:07.108, 0, 97 %, 85 %, 7025 MiB, 49140 MiB, 292.69 W, 300.00 W, 73, 1815 MHz
2026/09/23 17:11:08.110, 0, 97 %, 87 %, 7025 MiB, 49140 MiB, 291.94 W, 300.00 W, 71, 1680 MHz
2026/09/23 17:11:09.110, 0, 98 %, 88 %, 7025 MiB, 49140 MiB, 291.32 W, 300.00 W, 72, 2055 MHz
2026/09/23 17:11:10.111, 0, 97 %, 86 %, 7025 MiB, 49140 MiB, 291.27 W, 300.00 W, 74, 1710 MHz
2026/09/23 17:11:11.112, 0, 97 %, 87 %, 7025 MiB, 49140 MiB, 291.47 W, 300.00 W, 72, 1560 MHz
2026/09/23 17:11:12.113, 0, 99 %, 88 %, 7025 MiB, 49140 MiB, 292.77 W, 300.00 W, 72, 1905 MHz
2026/09/23 17:11:13.113, 0, 98 %, 85 %, 7025 MiB, 49140 MiB, 292.36 W, 300.00 W, 73, 1830 MHz
2026/09/23 17:11:14.114, 0, 97 %, 91 %, 7025 MiB, 49140 MiB, 290.97 W, 300.00 W, 72, 1605 MHz
2026/09/23 17:11:15.115, 0, 97 %, 86 %, 7025 MiB, 49140 MiB, 292.34 W, 300.00 W, 73, 2010 MHz
2026/09/23 17:11:16.115, 0, 97 %, 86 %, 7025 MiB, 49140 MiB, 292.19 W, 300.00 W, 74, 1665 MHz
2026/09/23 17:11:17.116, 0, 98 %, 89 %, 7025 MiB, 49140 MiB, 291.47 W, 300.00 W, 72, 1560 MHz
2026/09/23 17:11:18.117, 0, 99 %, 89 %, 7025 MiB, 49140 MiB, 292.96 W, 300.00 W, 73, 1860 MHz
2026/09/23 17:11:19.118, 0, 97 %, 86 %, 7025 MiB, 49140 MiB, 293.38 W, 300.00 W, 74, 1770 MHz
2026/09/23 17:11:20.119, 0, 98 %, 87 %, 7025 MiB, 49140 MiB, 293.16 W, 300.00 W, 72, 1755 MHz
2026/09/23 17:11:21.120, 0, 97 %, 87 %, 7025 MiB, 49140 MiB, 291.81 W, 300.00 W, 73, 1935 MHz
2026/09/23 17:11:22.121, 0, 98 %, 87 %, 7025 MiB, 49140 MiB, 292.48 W, 300.00 W, 74, 1845 MHz
2026/09/23 17:11:23.121, 0, 98 %, 87 %, 7025 MiB, 49140 MiB, 292.26 W, 300.00 W, 73, 1620 MHz
2026/09/23 17:11:24.122, 0, 98 %, 86 %, 7025 MiB, 49140 MiB, 292.12 W, 300.00 W, 72, 1695 MHz
2026/09/23 17:11:25.123, 0, 96 %, 84 %, 7025 MiB, 49140 MiB, 293.96 W, 300.00 W, 73, 1815 MHz
2026/09/23 17:11:26.124, 0, 98 %, 89 %, 7025 MiB, 49140 MiB, 291.79 W, 300.00 W, 71, 1590 MHz
2026/09/23 17:11:27.125, 0, 98 %, 86 %, 7025 MiB, 49140 MiB, 291.40 W, 300.00 W, 73, 2040 MHz
2026/09/23 17:11:28.125, 0, 98 %, 87 %, 7025 MiB, 49140 MiB, 292.52 W, 300.00 W, 74, 1695 MHz
2026/09/23 17:11:29.126, 0, 95 %, 68 %, 7025 MiB, 49140 MiB, 295.03 W, 300.00 W, 74, 1440 MHz
2026/09/23 17:11:30.127, 0, 0 %, 0 %, 7025 MiB, 49140 MiB, 216.73 W, 300.00 W, 67, 2730 MHz
2026/09/23 17:11:31.127, 0, 0 %, 0 %, 7025 MiB, 49140 MiB, 88.08 W, 300.00 W, 67, 2730 MHz
2026/09/23 17:11:32.128, 0, 97 %, 85 %, 7025 MiB, 49140 MiB, 228.18 W, 300.00 W, 72, 1605 MHz
2026/09/23 17:11:33.129, 0, 98 %, 90 %, 7025 MiB, 49140 MiB, 292.51 W, 300.00 W, 72, 1575 MHz
2026/09/23 17:11:34.130, 0, 99 %, 88 %, 7025 MiB, 49140 MiB, 292.98 W, 300.00 W, 72, 1935 MHz
2026/09/23 17:11:35.131, 0, 98 %, 87 %, 7025 MiB, 49140 MiB, 292.43 W, 300.00 W, 72, 1980 MHz
2026/09/23 17:11:36.131, 0, 98 %, 90 %, 7025 MiB, 49140 MiB, 292.71 W, 300.00 W, 71, 1695 MHz
2026/09/23 17:11:37.132, 0, 98 %, 87 %, 7025 MiB, 49140 MiB, 290.90 W, 300.00 W, 73, 2070 MHz
2026/09/23 17:11:38.134, 0, 97 %, 84 %, 7025 MiB, 49140 MiB, 289.58 W, 300.00 W, 72, 1575 MHz
2026/09/23 17:11:39.134, 0, 99 %, 87 %, 7025 MiB, 49140 MiB, 291.90 W, 300.00 W, 72, 1800 MHz
2026/09/23 17:11:40.136, 0, 98 %, 86 %, 7025 MiB, 49140 MiB, 293.64 W, 300.00 W, 73, 1815 MHz
2026/09/23 17:11:41.136, 0, 98 %, 90 %, 7025 MiB, 49140 MiB, 291.19 W, 300.00 W, 72, 1740 MHz
2026/09/23 17:11:42.137, 0, 98 %, 86 %, 7025 MiB, 49140 MiB, 291.25 W, 300.00 W, 74, 1830 MHz
2026/09/23 17:11:43.138, 0, 96 %, 85 %, 7025 MiB, 49140 MiB, 293.44 W, 300.00 W, 73, 1965 MHz
2026/09/23 17:11:44.140, 0, 99 %, 87 %, 7025 MiB, 49140 MiB, 290.24 W, 300.00 W, 73, 1590 MHz
2026/09/23 17:11:45.141, 0, 98 %, 86 %, 7025 MiB, 49140 MiB, 292.85 W, 300.00 W, 72, 1860 MHz
2026/09/23 17:11:46.142, 0, 98 %, 89 %, 7025 MiB, 49140 MiB, 291.73 W, 300.00 W, 73, 1920 MHz
2026/09/23 17:11:47.143, 0, 97 %, 85 %, 7025 MiB, 49140 MiB, 292.79 W, 300.00 W, 74, 1935 MHz
2026/09/23 17:11:48.144, 0, 96 %, 86 %, 7025 MiB, 49140 MiB, 291.52 W, 300.00 W, 73, 1680 MHz
2026/09/23 17:11:49.146, 0, 99 %, 88 %, 7025 MiB, 49140 MiB, 293.89 W, 300.00 W, 73, 1515 MHz
2026/09/23 17:11:50.147, 0, 90 %, 84 %, 7025 MiB, 49140 MiB, 291.02 W, 300.00 W, 71, 1785 MHz
2026/09/23 17:11:51.148, 0, 98 %, 86 %, 7025 MiB, 49140 MiB, 290.10 W, 300.00 W, 74, 1755 MHz
2026/09/23 17:11:52.148, 0, 98 %, 85 %, 7025 MiB, 49140 MiB, 292.74 W, 300.00 W, 73, 1830 MHz
2026/09/23 17:11:53.150, 0, 98 %, 87 %, 7025 MiB, 49140 MiB, 292.46 W, 300.00 W, 73, 1575 MHz
2026/09/23 17:11:54.151, 0, 98 %, 91 %, 7025 MiB, 49140 MiB, 290.70 W, 300.00 W, 72, 1740 MHz
2026/09/23 17:11:55.154, 0, 98 %, 85 %, 7025 MiB, 49140 MiB, 292.19 W, 300.00 W, 74, 1710 MHz
2026/09/23 17:11:56.155, 0, 97 %, 85 %, 7025 MiB, 49140 MiB, 292.42 W, 300.00 W, 73, 1860 MHz
2026/09/23 17:11:57.155, 0, 96 %, 69 %, 7025 MiB, 49140 MiB, 293.95 W, 300.00 W, 73, 1500 MHz
2026/09/23 17:11:58.156, 0, 8 %, 0 %, 7025 MiB, 49140 MiB, 258.11 W, 300.00 W, 68, 2730 MHz
2026/09/23 17:11:59.157, 0, 0 %, 0 %, 7025 MiB, 49140 MiB, 88.77 W, 300.00 W, 67, 2730 MHz
2026/09/23 17:12:00.157, 0, 98 %, 87 %, 7025 MiB, 49140 MiB, 189.57 W, 300.00 W, 72, 1695 MHz
2026/09/23 17:12:01.158, 0, 97 %, 86 %, 7025 MiB, 49140 MiB, 291.29 W, 300.00 W, 73, 2025 MHz
2026/09/23 17:12:02.158, 0, 96 %, 88 %, 7025 MiB, 49140 MiB, 290.74 W, 300.00 W, 72, 1620 MHz
2026/09/23 17:12:03.159, 0, 98 %, 86 %, 7025 MiB, 49140 MiB, 293.40 W, 300.00 W, 72, 1590 MHz
2026/09/23 17:12:04.161, 0, 97 %, 89 %, 7025 MiB, 49140 MiB, 291.60 W, 300.00 W, 71, 1800 MHz
2026/09/23 17:12:05.162, 0, 93 %, 82 %, 7025 MiB, 49140 MiB, 290.29 W, 300.00 W, 73, 1590 MHz
2026/09/23 17:12:06.163, 0, 98 %, 86 %, 7025 MiB, 49140 MiB, 289.87 W, 300.00 W, 72, 1875 MHz
2026/09/23 17:12:07.164, 0, 98 %, 86 %, 7025 MiB, 49140 MiB, 288.99 W, 300.00 W, 73, 1575 MHz
2026/09/23 17:12:08.164, 0, 97 %, 90 %, 7025 MiB, 49140 MiB, 290.67 W, 300.00 W, 72, 1860 MHz
2026/09/23 17:12:09.165, 0, 96 %, 85 %, 7025 MiB, 49140 MiB, 291.12 W, 300.00 W, 74, 1860 MHz
2026/09/23 17:12:10.166, 0, 98 %, 85 %, 7025 MiB, 49140 MiB, 291.90 W, 300.00 W, 72, 1860 MHz
2026/09/23 17:12:11.167, 0, 97 %, 85 %, 7025 MiB, 49140 MiB, 293.07 W, 300.00 W, 72, 1560 MHz
2026/09/23 17:12:12.168, 0, 97 %, 85 %, 7025 MiB, 49140 MiB, 293.05 W, 300.00 W, 73, 1770 MHz
2026/09/23 17:12:13.169, 0, 97 %, 90 %, 7025 MiB, 49140 MiB, 291.84 W, 300.00 W, 72, 1935 MHz
2026/09/23 17:12:14.170, 0, 97 %, 85 %, 7025 MiB, 49140 MiB, 292.03 W, 300.00 W, 74, 1740 MHz
2026/09/23 17:12:15.172, 0, 94 %, 82 %, 7025 MiB, 49140 MiB, 292.08 W, 300.00 W, 73, 1920 MHz
2026/09/23 17:12:16.172, 0, 97 %, 86 %, 7025 MiB, 49140 MiB, 293.99 W, 300.00 W, 72, 1590 MHz
2026/09/23 17:12:17.173, 0, 98 %, 88 %, 7025 MiB, 49140 MiB, 294.01 W, 300.00 W, 74, 1650 MHz
2026/09/23 17:12:18.174, 0, 98 %, 86 %, 7025 MiB, 49140 MiB, 293.43 W, 300.00 W, 71, 1815 MHz
2026/09/23 17:12:19.175, 0, 98 %, 88 %, 7025 MiB, 49140 MiB, 290.72 W, 300.00 W, 73, 1650 MHz
2026/09/23 17:12:20.175, 0, 97 %, 87 %, 7025 MiB, 49140 MiB, 291.53 W, 300.00 W, 73, 2025 MHz
2026/09/23 17:12:21.176, 0, 98 %, 87 %, 7025 MiB, 49140 MiB, 291.75 W, 300.00 W, 73, 1590 MHz
2026/09/23 17:12:22.177, 0, 97 %, 86 %, 7025 MiB, 49140 MiB, 291.28 W, 300.00 W, 74, 1605 MHz
2026/09/23 17:12:23.178, 0, 98 %, 86 %, 7025 MiB, 49140 MiB, 291.44 W, 300.00 W, 72, 1770 MHz
2026/09/23 17:12:24.179, 0, 97 %, 87 %, 7025 MiB, 49140 MiB, 291.12 W, 300.00 W, 75, 1860 MHz
2026/09/23 17:12:25.181, 0, 95 %, 83 %, 7025 MiB, 49140 MiB, 292.86 W, 300.00 W, 73, 1905 MHz
2026/09/23 17:12:26.182, 0, 93 %, 67 %, 7025 MiB, 49140 MiB, 297.11 W, 300.00 W, 74, 1500 MHz
2026/09/23 17:12:27.182, 0, 0 %, 0 %, 7025 MiB, 49140 MiB, 140.59 W, 300.00 W, 67, 2730 MHz
2026/09/23 17:12:28.185, 0, 98 %, 89 %, 7025 MiB, 49140 MiB, 121.77 W, 300.00 W, 72, 1725 MHz
2026/09/23 17:12:29.186, 0, 98 %, 86 %, 7025 MiB, 49140 MiB, 290.00 W, 300.00 W, 71, 1620 MHz
2026/09/23 17:12:30.186, 0, 98 %, 88 %, 7025 MiB, 49140 MiB, 289.30 W, 300.00 W, 74, 1920 MHz
2026/09/23 17:12:31.187, 0, 97 %, 87 %, 7025 MiB, 49140 MiB, 292.36 W, 300.00 W, 72, 1635 MHz
2026/09/23 17:12:32.188, 0, 97 %, 87 %, 7025 MiB, 49140 MiB, 291.18 W, 300.00 W, 72, 1905 MHz
2026/09/23 17:12:33.189, 0, 98 %, 87 %, 7025 MiB, 49140 MiB, 292.73 W, 300.00 W, 73, 1575 MHz
2026/09/23 17:12:34.190, 0, 98 %, 87 %, 7025 MiB, 49140 MiB, 290.75 W, 300.00 W, 72, 1785 MHz
2026/09/23 17:12:35.191, 0, 97 %, 86 %, 7025 MiB, 49140 MiB, 292.18 W, 300.00 W, 74, 1920 MHz
2026/09/23 17:12:36.192, 0, 98 %, 87 %, 7025 MiB, 49140 MiB, 292.53 W, 300.00 W, 72, 1785 MHz
2026/09/23 17:12:37.193, 0, 98 %, 87 %, 7025 MiB, 49140 MiB, 292.34 W, 300.00 W, 72, 1980 MHz
2026/09/23 17:12:38.194, 0, 98 %, 87 %, 7025 MiB, 49140 MiB, 293.79 W, 300.00 W, 74, 1590 MHz
2026/09/23 17:12:39.194, 0, 98 %, 86 %, 7025 MiB, 49140 MiB, 291.17 W, 300.00 W, 72, 1605 MHz
2026/09/23 17:12:40.196, 0, 97 %, 87 %, 7025 MiB, 49140 MiB, 292.81 W, 300.00 W, 73, 1830 MHz
2026/09/23 17:12:41.196, 0, 97 %, 86 %, 7025 MiB, 49140 MiB, 292.96 W, 300.00 W, 73, 1635 MHz
2026/09/23 17:12:42.198, 0, 96 %, 85 %, 7025 MiB, 49140 MiB, 292.27 W, 300.00 W, 73, 2040 MHz
2026/09/23 17:12:43.199, 0, 98 %, 87 %, 7025 MiB, 49140 MiB, 293.13 W, 300.00 W, 73, 1575 MHz
2026/09/23 17:12:44.200, 0, 98 %, 86 %, 7025 MiB, 49140 MiB, 292.60 W, 300.00 W, 71, 1560 MHz
2026/09/23 17:12:45.200, 0, 98 %, 86 %, 7025 MiB, 49140 MiB, 291.60 W, 300.00 W, 74, 1710 MHz
2026/09/23 17:12:46.201, 0, 98 %, 87 %, 7025 MiB, 49140 MiB, 291.99 W, 300.00 W, 73, 1890 MHz
2026/09/23 17:12:47.202, 0, 97 %, 86 %, 7025 MiB, 49140 MiB, 293.30 W, 300.00 W, 73, 1860 MHz
2026/09/23 17:12:48.203, 0, 97 %, 88 %, 7025 MiB, 49140 MiB, 292.96 W, 300.00 W, 72, 1515 MHz
2026/09/23 17:12:49.204, 0, 94 %, 84 %, 7025 MiB, 49140 MiB, 291.08 W, 300.00 W, 73, 1815 MHz
2026/09/23 17:12:50.205, 0, 96 %, 85 %, 7025 MiB, 49140 MiB, 291.88 W, 300.00 W, 74, 1635 MHz
2026/09/23 17:12:51.206, 0, 98 %, 87 %, 7025 MiB, 49140 MiB, 292.17 W, 300.00 W, 73, 1965 MHz
2026/09/23 17:12:52.209, 0, 98 %, 87 %, 7025 MiB, 49140 MiB, 293.92 W, 300.00 W, 74, 1560 MHz
2026/09/23 17:12:53.210, 0, 97 %, 86 %, 7025 MiB, 49140 MiB, 291.94 W, 300.00 W, 72, 1800 MHz
2026/09/23 17:12:54.210, 0, 94 %, 64 %, 7025 MiB, 49140 MiB, 296.24 W, 300.00 W, 74, 1515 MHz
2026/09/23 17:12:55.211, 0, 0 %, 0 %, 7025 MiB, 49140 MiB, 208.37 W, 300.00 W, 67, 2670 MHz
2026/09/23 17:12:56.211, 0, 0 %, 0 %, 7025 MiB, 49140 MiB, 81.49 W, 300.00 W, 66, 2670 MHz
2026/09/23 17:12:57.212, 0, 98 %, 89 %, 7025 MiB, 49140 MiB, 201.78 W, 300.00 W, 73, 1965 MHz
2026/09/23 17:12:58.213, 0, 95 %, 85 %, 7025 MiB, 49140 MiB, 291.38 W, 300.00 W, 72, 2145 MHz
2026/09/23 17:12:59.214, 0, 96 %, 86 %, 7025 MiB, 49140 MiB, 292.07 W, 300.00 W, 72, 1890 MHz
2026/09/23 17:13:00.218, 0, 92 %, 83 %, 7025 MiB, 49140 MiB, 289.02 W, 300.00 W, 70, 1560 MHz
2026/09/23 17:13:01.219, 0, 97 %, 86 %, 7025 MiB, 49140 MiB, 290.06 W, 300.00 W, 73, 1815 MHz
2026/09/23 17:13:02.220, 0, 98 %, 88 %, 7025 MiB, 49140 MiB, 290.60 W, 300.00 W, 72, 1710 MHz
2026/09/23 17:13:03.220, 0, 98 %, 87 %, 7025 MiB, 49140 MiB, 292.09 W, 300.00 W, 72, 1980 MHz
2026/09/23 17:13:04.222, 0, 96 %, 87 %, 7025 MiB, 49140 MiB, 294.70 W, 300.00 W, 73, 1815 MHz
2026/09/23 17:13:05.222, 0, 97 %, 86 %, 7025 MiB, 49140 MiB, 292.33 W, 300.00 W, 71, 1530 MHz
2026/09/23 17:13:06.223, 0, 96 %, 86 %, 7025 MiB, 49140 MiB, 291.85 W, 300.00 W, 73, 1920 MHz
2026/09/23 17:13:07.224, 0, 98 %, 87 %, 7025 MiB, 49140 MiB, 292.26 W, 300.00 W, 74, 1650 MHz
2026/09/23 17:13:08.226, 0, 98 %, 86 %, 7025 MiB, 49140 MiB, 291.96 W, 300.00 W, 72, 1980 MHz
2026/09/23 17:13:09.226, 0, 97 %, 85 %, 7025 MiB, 49140 MiB, 293.50 W, 300.00 W, 73, 1560 MHz
2026/09/23 17:13:10.227, 0, 98 %, 86 %, 7025 MiB, 49140 MiB, 292.40 W, 300.00 W, 71, 1575 MHz
2026/09/23 17:13:11.228, 0, 96 %, 85 %, 7025 MiB, 49140 MiB, 291.55 W, 300.00 W, 73, 1770 MHz
2026/09/23 17:13:12.229, 0, 98 %, 87 %, 7025 MiB, 49140 MiB, 292.07 W, 300.00 W, 73, 1695 MHz
2026/09/23 17:13:13.230, 0, 97 %, 85 %, 7025 MiB, 49140 MiB, 292.96 W, 300.00 W, 72, 2010 MHz
2026/09/23 17:13:14.231, 0, 98 %, 87 %, 7025 MiB, 49140 MiB, 294.23 W, 300.00 W, 74, 1560 MHz
2026/09/23 17:13:15.232, 0, 98 %, 88 %, 7025 MiB, 49140 MiB, 290.97 W, 300.00 W, 73, 1830 MHz
2026/09/23 17:13:16.233, 0, 98 %, 87 %, 7025 MiB, 49140 MiB, 292.05 W, 300.00 W, 74, 1650 MHz
2026/09/23 17:13:17.235, 0, 98 %, 87 %, 7025 MiB, 49140 MiB, 291.20 W, 300.00 W, 72, 1785 MHz
2026/09/23 17:13:18.236, 0, 98 %, 87 %, 7025 MiB, 49140 MiB, 293.70 W, 300.00 W, 73, 1830 MHz
2026/09/23 17:13:19.237, 0, 98 %, 88 %, 7025 MiB, 49140 MiB, 292.22 W, 300.00 W, 73, 1530 MHz
2026/09/23 17:13:20.238, 0, 98 %, 88 %, 7025 MiB, 49140 MiB, 292.45 W, 300.00 W, 75, 1875 MHz
2026/09/23 17:13:21.238, 0, 98 %, 87 %, 7025 MiB, 49140 MiB, 292.88 W, 300.00 W, 73, 1755 MHz
2026/09/23 17:13:22.239, 0, 95 %, 71 %, 7025 MiB, 49140 MiB, 294.13 W, 300.00 W, 73, 1440 MHz
2026/09/23 17:13:23.240, 0, 91 %, 65 %, 7025 MiB, 49140 MiB, 299.89 W, 300.00 W, 73, 2085 MHz
2026/09/23 17:13:24.240, 0, 0 %, 0 %, 7025 MiB, 49140 MiB, 106.92 W, 300.00 W, 67, 2730 MHz
2026/09/23 17:13:25.241, 0, 97 %, 89 %, 7025 MiB, 49140 MiB, 140.85 W, 300.00 W, 71, 2010 MHz
2026/09/23 17:13:26.242, 0, 96 %, 86 %, 7025 MiB, 49140 MiB, 293.86 W, 300.00 W, 71, 1635 MHz
2026/09/23 17:13:27.243, 0, 98 %, 87 %, 7025 MiB, 49140 MiB, 292.27 W, 300.00 W, 73, 1725 MHz
2026/09/23 17:13:28.244, 0, 96 %, 88 %, 7025 MiB, 49140 MiB, 290.94 W, 300.00 W, 72, 1905 MHz
2026/09/23 17:13:29.245, 0, 97 %, 88 %, 7025 MiB, 49140 MiB, 293.83 W, 300.00 W, 72, 2010 MHz
2026/09/23 17:13:30.246, 0, 98 %, 88 %, 7025 MiB, 49140 MiB, 292.77 W, 300.00 W, 71, 1665 MHz
2026/09/23 17:13:31.247, 0, 98 %, 88 %, 7025 MiB, 49140 MiB, 291.97 W, 300.00 W, 72, 1515 MHz
2026/09/23 17:13:32.248, 0, 98 %, 87 %, 7025 MiB, 49140 MiB, 291.84 W, 300.00 W, 73, 1785 MHz
2026/09/23 17:13:33.249, 0, 98 %, 86 %, 7025 MiB, 49140 MiB, 291.68 W, 300.00 W, 72, 1620 MHz
2026/09/23 17:13:34.250, 0, 98 %, 87 %, 7025 MiB, 49140 MiB, 293.65 W, 300.00 W, 73, 2025 MHz
2026/09/23 17:13:35.251, 0, 98 %, 86 %, 7025 MiB, 49140 MiB, 291.05 W, 300.00 W, 72, 1545 MHz
2026/09/23 17:13:36.252, 0, 98 %, 87 %, 7025 MiB, 49140 MiB, 290.90 W, 300.00 W, 74, 1740 MHz
2026/09/23 17:13:37.253, 0, 98 %, 88 %, 7025 MiB, 49140 MiB, 292.03 W, 300.00 W, 73, 1905 MHz
2026/09/23 17:13:38.253, 0, 96 %, 85 %, 7025 MiB, 49140 MiB, 293.07 W, 300.00 W, 73, 2025 MHz
2026/09/23 17:13:39.254, 0, 97 %, 88 %, 7025 MiB, 49140 MiB, 293.29 W, 300.00 W, 72, 1830 MHz
2026/09/23 17:13:40.255, 0, 98 %, 87 %, 7025 MiB, 49140 MiB, 292.47 W, 300.00 W, 73, 1590 MHz
2026/09/23 17:13:41.256, 0, 98 %, 88 %, 7025 MiB, 49140 MiB, 292.85 W, 300.00 W, 74, 1770 MHz
2026/09/23 17:13:42.258, 0, 98 %, 86 %, 7025 MiB, 49140 MiB, 293.63 W, 300.00 W, 73, 1830 MHz
2026/09/23 17:13:43.259, 0, 97 %, 86 %, 7025 MiB, 49140 MiB, 292.97 W, 300.00 W, 73, 1905 MHz
2026/09/23 17:13:44.260, 0, 98 %, 88 %, 7025 MiB, 49140 MiB, 292.97 W, 300.00 W, 72, 1680 MHz
2026/09/23 17:13:45.262, 0, 97 %, 86 %, 7025 MiB, 49140 MiB, 290.88 W, 300.00 W, 73, 1545 MHz
2026/09/23 17:13:46.263, 0, 98 %, 88 %, 7025 MiB, 49140 MiB, 292.77 W, 300.00 W, 73, 1830 MHz
2026/09/23 17:13:47.264, 0, 96 %, 85 %, 7025 MiB, 49140 MiB, 291.91 W, 300.00 W, 73, 1920 MHz
2026/09/23 17:13:48.266, 0, 97 %, 87 %, 7025 MiB, 49140 MiB, 293.18 W, 300.00 W, 72, 1830 MHz
2026/09/23 17:13:49.267, 0, 97 %, 87 %, 7025 MiB, 49140 MiB, 291.62 W, 300.00 W, 73, 1560 MHz
2026/09/23 17:13:50.268, 0, 93 %, 83 %, 7025 MiB, 49140 MiB, 288.20 W, 300.00 W, 72, 1950 MHz
2026/09/23 17:13:51.269, 0, 96 %, 66 %, 7025 MiB, 49140 MiB, 293.96 W, 300.00 W, 75, 1515 MHz
2026/09/23 17:13:52.270, 0, 0 %, 0 %, 7025 MiB, 49140 MiB, 196.36 W, 300.00 W, 67, 2505 MHz
2026/09/23 17:13:53.270, 0, 0 %, 0 %, 7025 MiB, 49140 MiB, 73.01 W, 300.00 W, 66, 2505 MHz
2026/09/23 17:13:54.271, 0, 97 %, 87 %, 7025 MiB, 49140 MiB, 193.33 W, 300.00 W, 72, 2025 MHz
2026/09/23 17:13:55.275, 0, 96 %, 86 %, 7025 MiB, 49140 MiB, 292.78 W, 300.00 W, 72, 1905 MHz
2026/09/23 17:13:56.276, 0, 98 %, 88 %, 7025 MiB, 49140 MiB, 291.17 W, 300.00 W, 71, 1695 MHz
2026/09/23 17:13:57.277, 0, 98 %, 88 %, 7025 MiB, 49140 MiB, 291.69 W, 300.00 W, 72, 1605 MHz
2026/09/23 17:13:58.277, 0, 98 %, 88 %, 7025 MiB, 49140 MiB, 291.61 W, 300.00 W, 74, 1935 MHz
2026/09/23 17:13:59.278, 0, 97 %, 88 %, 7025 MiB, 49140 MiB, 292.03 W, 300.00 W, 72, 2010 MHz
2026/09/23 17:14:00.280, 0, 97 %, 86 %, 7025 MiB, 49140 MiB, 292.82 W, 300.00 W, 72, 1935 MHz
2026/09/23 17:14:01.281, 0, 98 %, 88 %, 7025 MiB, 49140 MiB, 293.00 W, 300.00 W, 72, 1875 MHz
2026/09/23 17:14:02.281, 0, 98 %, 86 %, 7025 MiB, 49140 MiB, 292.35 W, 300.00 W, 72, 1605 MHz
2026/09/23 17:14:03.283, 0, 98 %, 88 %, 7025 MiB, 49140 MiB, 290.67 W, 300.00 W, 74, 1770 MHz
2026/09/23 17:14:04.284, 0, 98 %, 87 %, 7025 MiB, 49140 MiB, 290.55 W, 300.00 W, 72, 1905 MHz
2026/09/23 17:14:05.284, 0, 97 %, 86 %, 7025 MiB, 49140 MiB, 292.94 W, 300.00 W, 73, 1875 MHz
2026/09/23 17:14:06.286, 0, 93 %, 84 %, 7025 MiB, 49140 MiB, 292.09 W, 300.00 W, 72, 1740 MHz
2026/09/23 17:14:07.287, 0, 98 %, 87 %, 7025 MiB, 49140 MiB, 288.64 W, 300.00 W, 73, 1545 MHz
2026/09/23 17:14:08.289, 0, 98 %, 87 %, 7025 MiB, 49140 MiB, 292.46 W, 300.00 W, 73, 1605 MHz
2026/09/23 17:14:09.289, 0, 98 %, 87 %, 7025 MiB, 49140 MiB, 291.99 W, 300.00 W, 72, 1770 MHz
2026/09/23 17:14:10.290, 0, 97 %, 87 %, 7025 MiB, 49140 MiB, 293.77 W, 300.00 W, 74, 1590 MHz
2026/09/23 17:14:11.291, 0, 97 %, 85 %, 7025 MiB, 49140 MiB, 291.96 W, 300.00 W, 72, 1980 MHz
2026/09/23 17:14:12.291, 0, 97 %, 86 %, 7025 MiB, 49140 MiB, 291.05 W, 300.00 W, 74, 1575 MHz
2026/09/23 17:14:13.292, 0, 98 %, 88 %, 7025 MiB, 49140 MiB, 292.29 W, 300.00 W, 73, 1725 MHz
2026/09/23 17:14:14.293, 0, 98 %, 88 %, 7025 MiB, 49140 MiB, 292.46 W, 300.00 W, 73, 1830 MHz
2026/09/23 17:14:15.295, 0, 97 %, 88 %, 7025 MiB, 49140 MiB, 292.72 W, 300.00 W, 72, 1980 MHz
2026/09/23 17:14:16.296, 0, 97 %, 86 %, 7025 MiB, 49140 MiB, 290.38 W, 300.00 W, 74, 1590 MHz
2026/09/23 17:14:17.297, 0, 98 %, 87 %, 7025 MiB, 49140 MiB, 289.83 W, 300.00 W, 73, 1875 MHz
2026/09/23 17:14:18.297, 0, 96 %, 86 %, 7025 MiB, 49140 MiB, 293.57 W, 300.00 W, 73, 1755 MHz
2026/09/23 17:14:19.298, 0, 88 %, 66 %, 7025 MiB, 49140 MiB, 291.40 W, 300.00 W, 75, 1470 MHz
2026/09/23 17:14:20.299, 0, 96 %, 69 %, 7025 MiB, 49140 MiB, 296.70 W, 300.00 W, 73, 1950 MHz
2026/09/23 17:14:21.299, 0, 0 %, 0 %, 7025 MiB, 49140 MiB, 112.86 W, 300.00 W, 67, 2730 MHz
2026/09/23 17:14:22.300, 0, 97 %, 87 %, 7025 MiB, 49140 MiB, 160.65 W, 300.00 W, 72, 1620 MHz
2026/09/23 17:14:23.301, 0, 98 %, 88 %, 7025 MiB, 49140 MiB, 292.63 W, 300.00 W, 71, 1995 MHz
2026/09/23 17:14:24.302, 0, 97 %, 87 %, 7025 MiB, 49140 MiB, 291.37 W, 300.00 W, 72, 1710 MHz
2026/09/23 17:14:25.302, 0, 98 %, 88 %, 7025 MiB, 49140 MiB, 292.21 W, 300.00 W, 74, 1545 MHz
2026/09/23 17:14:26.303, 0, 98 %, 87 %, 7025 MiB, 49140 MiB, 292.54 W, 300.00 W, 72, 1845 MHz
2026/09/23 17:14:27.304, 0, 98 %, 88 %, 7025 MiB, 49140 MiB, 292.74 W, 300.00 W, 72, 1860 MHz
2026/09/23 17:14:28.304, 0, 97 %, 87 %, 7025 MiB, 49140 MiB, 293.42 W, 300.00 W, 72, 1785 MHz
2026/09/23 17:14:29.309, 0, 95 %, 85 %, 7025 MiB, 49140 MiB, 289.80 W, 300.00 W, 73, 1635 MHz
2026/09/23 17:14:30.310, 0, 97 %, 86 %, 7025 MiB, 49140 MiB, 291.38 W, 300.00 W, 73, 1575 MHz
2026/09/23 17:14:31.311, 0, 98 %, 86 %, 7025 MiB, 49140 MiB, 291.86 W, 300.00 W, 72, 1770 MHz
2026/09/23 17:14:32.311, 0, 98 %, 86 %, 7025 MiB, 49140 MiB, 292.72 W, 300.00 W, 73, 1785 MHz
2026/09/23 17:14:33.312, 0, 98 %, 86 %, 7025 MiB, 49140 MiB, 292.23 W, 300.00 W, 72, 1920 MHz
2026/09/23 17:14:34.313, 0, 98 %, 87 %, 7025 MiB, 49140 MiB, 292.69 W, 300.00 W, 74, 1575 MHz
2026/09/23 17:14:35.314, 0, 97 %, 86 %, 7025 MiB, 49140 MiB, 292.74 W, 300.00 W, 73, 1725 MHz
2026/09/23 17:14:36.316, 0, 97 %, 86 %, 7025 MiB, 49140 MiB, 291.92 W, 300.00 W, 73, 1890 MHz
2026/09/23 17:14:37.316, 0, 93 %, 83 %, 7025 MiB, 49140 MiB, 291.75 W, 300.00 W, 71, 2040 MHz
2026/09/23 17:14:38.317, 0, 97 %, 87 %, 7025 MiB, 49140 MiB, 291.17 W, 300.00 W, 73, 1575 MHz
2026/09/23 17:14:39.319, 0, 98 %, 88 %, 7025 MiB, 49140 MiB, 290.49 W, 300.00 W, 73, 1770 MHz
2026/09/23 17:14:40.320, 0, 97 %, 86 %, 7025 MiB, 49140 MiB, 292.82 W, 300.00 W, 73, 1860 MHz
2026/09/23 17:14:41.321, 0, 98 %, 88 %, 7025 MiB, 49140 MiB, 293.78 W, 300.00 W, 73, 1845 MHz
2026/09/23 17:14:42.322, 0, 96 %, 86 %, 7025 MiB, 49140 MiB, 291.27 W, 300.00 W, 73, 1635 MHz
2026/09/23 17:14:43.323, 0, 98 %, 87 %, 7025 MiB, 49140 MiB, 292.76 W, 300.00 W, 74, 1515 MHz
2026/09/23 17:14:44.324, 0, 98 %, 86 %, 7025 MiB, 49140 MiB, 292.44 W, 300.00 W, 72, 1800 MHz
2026/09/23 17:14:45.325, 0, 92 %, 81 %, 7025 MiB, 49140 MiB, 292.75 W, 300.00 W, 73, 1605 MHz
2026/09/23 17:14:46.326, 0, 98 %, 86 %, 7025 MiB, 49140 MiB, 290.71 W, 300.00 W, 72, 1950 MHz
2026/09/23 17:14:47.327, 0, 97 %, 87 %, 7025 MiB, 49140 MiB, 291.64 W, 300.00 W, 75, 1575 MHz
2026/09/23 17:14:48.328, 0, 91 %, 65 %, 7025 MiB, 49140 MiB, 296.98 W, 300.00 W, 74, 1455 MHz
2026/09/23 17:14:49.329, 0, 0 %, 0 %, 7025 MiB, 49140 MiB, 174.94 W, 300.00 W, 67, 2730 MHz
2026/09/23 17:14:50.329, 0, 0 %, 0 %, 7025 MiB, 49140 MiB, 87.25 W, 300.00 W, 67, 2730 MHz
2026/09/23 17:14:51.330, 0, 97 %, 86 %, 7025 MiB, 49140 MiB, 212.94 W, 300.00 W, 72, 1785 MHz
2026/09/23 17:14:52.331, 0, 97 %, 87 %, 7025 MiB, 49140 MiB, 293.62 W, 300.00 W, 72, 1755 MHz
2026/09/23 17:14:53.332, 0, 97 %, 86 %, 7025 MiB, 49140 MiB, 291.49 W, 300.00 W, 71, 2040 MHz
2026/09/23 17:14:54.333, 0, 97 %, 87 %, 7025 MiB, 49140 MiB, 290.72 W, 300.00 W, 73, 1590 MHz
2026/09/23 17:14:55.333, 0, 98 %, 88 %, 7025 MiB, 49140 MiB, 293.30 W, 300.00 W, 73, 1545 MHz
2026/09/23 17:14:56.335, 0, 98 %, 88 %, 7025 MiB, 49140 MiB, 292.65 W, 300.00 W, 73, 1845 MHz
2026/09/23 17:14:57.336, 0, 96 %, 86 %, 7025 MiB, 49140 MiB, 292.84 W, 300.00 W, 73, 1785 MHz
2026/09/23 17:14:58.336, 0, 97 %, 88 %, 7025 MiB, 49140 MiB, 293.07 W, 300.00 W, 73, 1890 MHz
2026/09/23 17:14:59.338, 0, 97 %, 86 %, 7025 MiB, 49140 MiB, 291.31 W, 300.00 W, 72, 2055 MHz
2026/09/23 17:15:00.338, 0, 96 %, 87 %, 7025 MiB, 49140 MiB, 290.73 W, 300.00 W, 74, 1845 MHz
2026/09/23 17:15:01.339, 0, 98 %, 88 %, 7025 MiB, 49140 MiB, 291.69 W, 300.00 W, 73, 1560 MHz
2026/09/23 17:15:02.340, 0, 97 %, 87 %, 7025 MiB, 49140 MiB, 293.78 W, 300.00 W, 73, 1920 MHz
2026/09/23 17:15:03.341, 0, 98 %, 88 %, 7025 MiB, 49140 MiB, 291.61 W, 300.00 W, 72, 1725 MHz
2026/09/23 17:15:04.342, 0, 97 %, 86 %, 7025 MiB, 49140 MiB, 291.38 W, 300.00 W, 73, 2010 MHz
2026/09/23 17:15:05.343, 0, 97 %, 87 %, 7025 MiB, 49140 MiB, 292.84 W, 300.00 W, 74, 1605 MHz
2026/09/23 17:15:06.344, 0, 98 %, 86 %, 7025 MiB, 49140 MiB, 291.77 W, 300.00 W, 73, 1560 MHz
2026/09/23 17:15:07.345, 0, 98 %, 86 %, 7025 MiB, 49140 MiB, 293.24 W, 300.00 W, 73, 1755 MHz
2026/09/23 17:15:08.346, 0, 98 %, 86 %, 7025 MiB, 49140 MiB, 291.61 W, 300.00 W, 72, 1590 MHz
2026/09/23 17:15:09.347, 0, 97 %, 88 %, 7025 MiB, 49140 MiB, 290.25 W, 300.00 W, 74, 1740 MHz
2026/09/23 17:15:10.348, 0, 98 %, 86 %, 7025 MiB, 49140 MiB, 289.93 W, 300.00 W, 72, 1575 MHz
2026/09/23 17:15:11.349, 0, 97 %, 86 %, 7025 MiB, 49140 MiB, 292.67 W, 300.00 W, 74, 1770 MHz
2026/09/23 17:15:12.349, 0, 98 %, 86 %, 7025 MiB, 49140 MiB, 291.41 W, 300.00 W, 72, 1680 MHz
2026/09/23 17:15:13.350, 0, 95 %, 85 %, 7025 MiB, 49140 MiB, 289.91 W, 300.00 W, 74, 1590 MHz
2026/09/23 17:15:14.351, 0, 98 %, 86 %, 7025 MiB, 49140 MiB, 291.54 W, 300.00 W, 73, 1515 MHz
2026/09/23 17:15:15.352, 0, 97 %, 86 %, 7025 MiB, 49140 MiB, 293.58 W, 300.00 W, 73, 1785 MHz
2026/09/23 17:15:16.353, 0, 95 %, 68 %, 7025 MiB, 49140 MiB, 294.24 W, 300.00 W, 74, 1470 MHz
2026/09/23 17:15:17.353, 0, 9 %, 0 %, 7025 MiB, 49140 MiB, 263.48 W, 300.00 W, 68, 2730 MHz
2026/09/23 17:15:18.354, 0, 0 %, 0 %, 7025 MiB, 49140 MiB, 88.12 W, 300.00 W, 67, 2730 MHz
2026/09/23 17:15:19.354, 0, 97 %, 88 %, 7025 MiB, 49140 MiB, 186.73 W, 300.00 W, 73, 1800 MHz
2026/09/23 17:15:20.355, 0, 98 %, 88 %, 7025 MiB, 49140 MiB, 292.23 W, 300.00 W, 72, 1620 MHz
2026/09/23 17:15:21.356, 0, 96 %, 85 %, 7025 MiB, 49140 MiB, 292.32 W, 300.00 W, 72, 1815 MHz
2026/09/23 17:15:22.356, 0, 98 %, 88 %, 7025 MiB, 49140 MiB, 292.46 W, 300.00 W, 71, 1860 MHz
2026/09/23 17:15:23.357, 0, 98 %, 88 %, 7025 MiB, 49140 MiB, 291.21 W, 300.00 W, 72, 1935 MHz
2026/09/23 17:15:24.358, 0, 97 %, 87 %, 7025 MiB, 49140 MiB, 288.22 W, 300.00 W, 73, 1560 MHz
2026/09/23 17:15:25.359, 0, 97 %, 87 %, 7025 MiB, 49140 MiB, 293.18 W, 300.00 W, 73, 1890 MHz
2026/09/23 17:15:26.359, 0, 97 %, 87 %, 7025 MiB, 49140 MiB, 293.08 W, 300.00 W, 70, 1710 MHz
2026/09/23 17:15:27.360, 0, 97 %, 87 %, 7025 MiB, 49140 MiB, 291.00 W, 300.00 W, 73, 2025 MHz
2026/09/23 17:15:28.361, 0, 96 %, 86 %, 7025 MiB, 49140 MiB, 292.12 W, 300.00 W, 73, 1545 MHz
2026/09/23 17:15:29.362, 0, 97 %, 86 %, 7025 MiB, 49140 MiB, 291.72 W, 300.00 W, 72, 1800 MHz
2026/09/23 17:15:30.364, 0, 95 %, 85 %, 7025 MiB, 49140 MiB, 292.38 W, 300.00 W, 72, 1755 MHz
2026/09/23 17:15:31.365, 0, 98 %, 87 %, 7025 MiB, 49140 MiB, 291.10 W, 300.00 W, 73, 1980 MHz
2026/09/23 17:15:32.366, 0, 98 %, 86 %, 7025 MiB, 49140 MiB, 292.43 W, 300.00 W, 73, 1620 MHz
2026/09/23 17:15:33.367, 0, 98 %, 86 %, 7025 MiB, 49140 MiB, 292.51 W, 300.00 W, 72, 1575 MHz
2026/09/23 17:15:34.367, 0, 98 %, 87 %, 7025 MiB, 49140 MiB, 294.04 W, 300.00 W, 73, 1755 MHz
2026/09/23 17:15:35.369, 0, 98 %, 85 %, 7025 MiB, 49140 MiB, 291.14 W, 300.00 W, 72, 1710 MHz
2026/09/23 17:15:36.370, 0, 96 %, 85 %, 7025 MiB, 49140 MiB, 292.08 W, 300.00 W, 74, 1860 MHz
2026/09/23 17:15:37.370, 0, 98 %, 87 %, 7025 MiB, 49140 MiB, 291.17 W, 300.00 W, 73, 1515 MHz
2026/09/23 17:15:38.371, 0, 98 %, 88 %, 7025 MiB, 49140 MiB, 291.15 W, 300.00 W, 72, 1980 MHz
2026/09/23 17:15:39.376, 0, 98 %, 87 %, 7025 MiB, 49140 MiB, 292.14 W, 300.00 W, 73, 1860 MHz
2026/09/23 17:15:40.378, 0, 97 %, 88 %, 7025 MiB, 49140 MiB, 293.35 W, 300.00 W, 74, 1665 MHz
2026/09/23 17:15:41.379, 0, 98 %, 86 %, 7025 MiB, 49140 MiB, 291.83 W, 300.00 W, 73, 1515 MHz
2026/09/23 17:15:42.380, 0, 97 %, 86 %, 7025 MiB, 49140 MiB, 294.21 W, 300.00 W, 73, 1785 MHz
2026/09/23 17:15:43.381, 0, 97 %, 86 %, 7025 MiB, 49140 MiB, 292.65 W, 300.00 W, 71, 1650 MHz
2026/09/23 17:15:44.383, 0, 98 %, 86 %, 7025 MiB, 49140 MiB, 291.33 W, 300.00 W, 74, 1995 MHz
2026/09/23 17:15:45.383, 0, 96 %, 65 %, 7025 MiB, 49140 MiB, 297.07 W, 300.00 W, 74, 1425 MHz
2026/09/23 17:15:46.384, 0, 0 %, 0 %, 7025 MiB, 49140 MiB, 155.17 W, 300.00 W, 67, 2730 MHz
2026/09/23 17:15:47.384, 0, 98 %, 92 %, 7025 MiB, 49140 MiB, 92.60 W, 300.00 W, 71, 2100 MHz
2026/09/23 17:15:48.386, 0, 98 %, 88 %, 7025 MiB, 49140 MiB, 290.81 W, 300.00 W, 72, 1710 MHz
2026/09/23 17:15:49.386, 0, 98 %, 88 %, 7025 MiB, 49140 MiB, 292.14 W, 300.00 W, 72, 1530 MHz
2026/09/23 17:15:50.387, 0, 98 %, 88 %, 7025 MiB, 49140 MiB, 292.15 W, 300.00 W, 71, 1845 MHz
2026/09/23 17:15:51.388, 0, 98 %, 88 %, 7025 MiB, 49140 MiB, 291.83 W, 300.00 W, 72, 1845 MHz
2026/09/23 17:15:52.389, 0, 98 %, 88 %, 7025 MiB, 49140 MiB, 292.68 W, 300.00 W, 74, 1950 MHz
2026/09/23 17:15:53.390, 0, 98 %, 89 %, 7025 MiB, 49140 MiB, 292.32 W, 300.00 W, 72, 1800 MHz
2026/09/23 17:15:54.391, 0, 98 %, 87 %, 7025 MiB, 49140 MiB, 293.01 W, 300.00 W, 73, 1530 MHz
2026/09/23 17:15:55.392, 0, 98 %, 88 %, 7025 MiB, 49140 MiB, 291.76 W, 300.00 W, 72, 1890 MHz
2026/09/23 17:15:56.393, 0, 98 %, 87 %, 7025 MiB, 49140 MiB, 292.01 W, 300.00 W, 73, 1755 MHz
2026/09/23 17:15:57.394, 0, 98 %, 88 %, 7025 MiB, 49140 MiB, 292.49 W, 300.00 W, 74, 1950 MHz
2026/09/23 17:15:58.394, 0, 97 %, 87 %, 7025 MiB, 49140 MiB, 292.36 W, 300.00 W, 72, 1755 MHz
2026/09/23 17:15:59.395, 0, 97 %, 88 %, 7025 MiB, 49140 MiB, 293.33 W, 300.00 W, 73, 1560 MHz
2026/09/23 17:16:00.396, 0, 96 %, 87 %, 7025 MiB, 49140 MiB, 292.61 W, 300.00 W, 72, 1860 MHz
2026/09/23 17:16:01.397, 0, 98 %, 87 %, 7025 MiB, 49140 MiB, 291.34 W, 300.00 W, 73, 1710 MHz
2026/09/23 17:16:02.400, 0, 96 %, 85 %, 7025 MiB, 49140 MiB, 291.87 W, 300.00 W, 73, 1995 MHz
2026/09/23 17:16:03.401, 0, 96 %, 85 %, 7025 MiB, 49140 MiB, 292.22 W, 300.00 W, 72, 1560 MHz
2026/09/23 17:16:04.403, 0, 97 %, 87 %, 7025 MiB, 49140 MiB, 292.46 W, 300.00 W, 72, 1920 MHz
2026/09/23 17:16:05.403, 0, 97 %, 87 %, 7025 MiB, 49140 MiB, 291.90 W, 300.00 W, 73, 1815 MHz
2026/09/23 17:16:06.405, 0, 98 %, 88 %, 7025 MiB, 49140 MiB, 293.04 W, 300.00 W, 74, 1980 MHz
2026/09/23 17:16:07.407, 0, 98 %, 86 %, 7025 MiB, 49140 MiB, 292.65 W, 300.00 W, 72, 1590 MHz
2026/09/23 17:16:08.408, 0, 98 %, 87 %, 7025 MiB, 49140 MiB, 293.92 W, 300.00 W, 73, 1605 MHz
2026/09/23 17:16:09.411, 0, 97 %, 85 %, 7025 MiB, 49140 MiB, 290.90 W, 300.00 W, 72, 1875 MHz
2026/09/23 17:16:10.415, 0, 97 %, 85 %, 7025 MiB, 49140 MiB, 291.89 W, 300.00 W, 75, 1950 MHz
2026/09/23 17:16:11.416, 0, 98 %, 89 %, 7025 MiB, 49140 MiB, 292.35 W, 300.00 W, 73, 1635 MHz
2026/09/23 17:16:12.416, 0, 97 %, 85 %, 7025 MiB, 49140 MiB, 293.27 W, 300.00 W, 74, 1545 MHz
2026/09/23 17:16:13.417, 0, 94 %, 69 %, 7025 MiB, 49140 MiB, 295.50 W, 300.00 W, 73, 1590 MHz
2026/09/23 17:16:14.418, 0, 0 %, 0 %, 7025 MiB, 49140 MiB, 221.50 W, 300.00 W, 67, 2535 MHz
2026/09/23 17:16:15.418, 0, 0 %, 0 %, 7025 MiB, 49140 MiB, 73.46 W, 300.00 W, 66, 2535 MHz
2026/09/23 17:16:16.419, 0, 98 %, 89 %, 7025 MiB, 49140 MiB, 194.12 W, 300.00 W, 71, 1890 MHz
2026/09/23 17:16:17.420, 0, 97 %, 85 %, 7025 MiB, 49140 MiB, 292.24 W, 300.00 W, 73, 1890 MHz
2026/09/23 17:16:18.421, 0, 97 %, 87 %, 7025 MiB, 49140 MiB, 291.80 W, 300.00 W, 72, 1755 MHz
2026/09/23 17:16:19.422, 0, 98 %, 88 %, 7025 MiB, 49140 MiB, 293.77 W, 300.00 W, 72, 1575 MHz
2026/09/23 17:16:20.423, 0, 98 %, 87 %, 7025 MiB, 49140 MiB, 292.80 W, 300.00 W, 72, 1860 MHz
2026/09/23 17:16:21.425, 0, 97 %, 87 %, 7025 MiB, 49140 MiB, 291.80 W, 300.00 W, 72, 1815 MHz
2026/09/23 17:16:22.425, 0, 98 %, 86 %, 7025 MiB, 49140 MiB, 292.75 W, 300.00 W, 74, 1980 MHz
2026/09/23 17:16:23.426, 0, 97 %, 89 %, 7025 MiB, 49140 MiB, 292.28 W, 300.00 W, 73, 1680 MHz
2026/09/23 17:16:24.431, 0, 98 %, 87 %, 7025 MiB, 49140 MiB, 293.57 W, 300.00 W, 73, 1530 MHz
2026/09/23 17:16:25.431, 0, 98 %, 89 %, 7025 MiB, 49140 MiB, 292.01 W, 300.00 W, 71, 1815 MHz
2026/09/23 17:16:26.433, 0, 97 %, 85 %, 7025 MiB, 49140 MiB, 291.03 W, 300.00 W, 73, 1635 MHz
2026/09/23 17:16:27.433, 0, 98 %, 86 %, 7025 MiB, 49140 MiB, 292.73 W, 300.00 W, 73, 1950 MHz
2026/09/23 17:16:28.435, 0, 98 %, 86 %, 7025 MiB, 49140 MiB, 292.60 W, 300.00 W, 72, 1575 MHz
2026/09/23 17:16:29.435, 0, 97 %, 86 %, 7025 MiB, 49140 MiB, 291.56 W, 300.00 W, 72, 1770 MHz
2026/09/23 17:16:30.437, 0, 97 %, 87 %, 7025 MiB, 49140 MiB, 292.08 W, 300.00 W, 73, 1920 MHz
2026/09/23 17:16:31.438, 0, 98 %, 87 %, 7025 MiB, 49140 MiB, 292.60 W, 300.00 W, 74, 1935 MHz
2026/09/23 17:16:32.438, 0, 98 %, 89 %, 7025 MiB, 49140 MiB, 292.69 W, 300.00 W, 73, 1665 MHz
2026/09/23 17:16:33.439, 0, 93 %, 80 %, 7025 MiB, 49140 MiB, 291.76 W, 300.00 W, 73, 1635 MHz
2026/09/23 17:16:34.440, 0, 98 %, 90 %, 7025 MiB, 49140 MiB, 291.26 W, 300.00 W, 72, 1575 MHz
2026/09/23 17:16:35.440, 0, 98 %, 86 %, 7025 MiB, 49140 MiB, 292.97 W, 300.00 W, 74, 1815 MHz
2026/09/23 17:16:36.441, 0, 98 %, 86 %, 7025 MiB, 49140 MiB, 293.59 W, 300.00 W, 73, 1605 MHz
2026/09/23 17:16:37.442, 0, 99 %, 87 %, 7025 MiB, 49140 MiB, 292.83 W, 300.00 W, 72, 1860 MHz
2026/09/23 17:16:38.442, 0, 98 %, 87 %, 7025 MiB, 49140 MiB, 292.70 W, 300.00 W, 73, 1575 MHz
2026/09/23 17:16:39.443, 0, 93 %, 83 %, 7025 MiB, 49140 MiB, 291.42 W, 300.00 W, 73, 1920 MHz
2026/09/23 17:16:40.443, 0, 97 %, 86 %, 7025 MiB, 49140 MiB, 290.04 W, 300.00 W, 73, 1620 MHz
2026/09/23 17:16:41.444, 0, 90 %, 65 %, 7025 MiB, 49140 MiB, 290.57 W, 300.00 W, 74, 1860 MHz
2026/09/23 17:16:42.445, 0, 95 %, 66 %, 7025 MiB, 49140 MiB, 298.60 W, 300.00 W, 73, 1485 MHz
2026/09/23 17:16:43.445, 0, 0 %, 0 %, 7025 MiB, 49140 MiB, 124.10 W, 300.00 W, 67, 2730 MHz
2026/09/23 17:16:44.446, 0, 0 %, 0 %, 7025 MiB, 49140 MiB, 87.92 W, 300.00 W, 67, 2730 MHz
2026/09/23 17:16:45.447, 0, 98 %, 87 %, 7025 MiB, 49140 MiB, 165.01 W, 300.00 W, 72, 1605 MHz
2026/09/23 17:16:46.447, 0, 98 %, 89 %, 7025 MiB, 49140 MiB, 290.52 W, 300.00 W, 71, 1830 MHz
2026/09/23 17:16:47.448, 0, 97 %, 86 %, 7025 MiB, 49140 MiB, 291.64 W, 300.00 W, 74, 1995 MHz
2026/09/23 17:16:48.450, 0, 95 %, 85 %, 7025 MiB, 49140 MiB, 291.21 W, 300.00 W, 72, 2130 MHz
2026/09/23 17:16:49.450, 0, 97 %, 85 %, 7025 MiB, 49140 MiB, 290.42 W, 300.00 W, 72, 1650 MHz
2026/09/23 17:16:50.451, 0, 97 %, 88 %, 7025 MiB, 49140 MiB, 289.54 W, 300.00 W, 72, 1830 MHz
2026/09/23 17:16:51.452, 0, 98 %, 87 %, 7025 MiB, 49140 MiB, 291.68 W, 300.00 W, 74, 1950 MHz
2026/09/23 17:16:52.453, 0, 97 %, 88 %, 7025 MiB, 49140 MiB, 291.68 W, 300.00 W, 73, 1965 MHz
2026/09/23 17:16:53.454, 0, 98 %, 87 %, 7025 MiB, 49140 MiB, 292.16 W, 300.00 W, 72, 1665 MHz
2026/09/23 17:16:54.455, 0, 98 %, 88 %, 7025 MiB, 49140 MiB, 291.96 W, 300.00 W, 71, 1515 MHz
2026/09/23 17:16:55.456, 0, 98 %, 86 %, 7025 MiB, 49140 MiB, 290.97 W, 300.00 W, 73, 1755 MHz
2026/09/23 17:16:56.456, 0, 96 %, 84 %, 7025 MiB, 49140 MiB, 291.92 W, 300.00 W, 73, 1620 MHz
2026/09/23 17:16:57.457, 0, 99 %, 89 %, 7025 MiB, 49140 MiB, 292.07 W, 300.00 W, 72, 1860 MHz
2026/09/23 17:16:58.458, 0, 97 %, 86 %, 7025 MiB, 49140 MiB, 291.85 W, 300.00 W, 71, 1515 MHz
2026/09/23 17:16:59.459, 0, 97 %, 86 %, 7025 MiB, 49140 MiB, 291.30 W, 300.00 W, 73, 1755 MHz
2026/09/23 17:17:00.460, 0, 97 %, 85 %, 7025 MiB, 49140 MiB, 292.28 W, 300.00 W, 73, 1635 MHz
2026/09/23 17:17:01.462, 0, 99 %, 87 %, 7025 MiB, 49140 MiB, 292.15 W, 300.00 W, 72, 1815 MHz
2026/09/23 17:17:02.462, 0, 97 %, 86 %, 7025 MiB, 49140 MiB, 293.42 W, 300.00 W, 73, 1560 MHz
2026/09/23 17:17:03.464, 0, 97 %, 86 %, 7025 MiB, 49140 MiB, 291.05 W, 300.00 W, 73, 1845 MHz
2026/09/23 17:17:04.465, 0, 97 %, 86 %, 7025 MiB, 49140 MiB, 292.95 W, 300.00 W, 74, 1665 MHz
2026/09/23 17:17:05.465, 0, 98 %, 89 %, 7025 MiB, 49140 MiB, 292.52 W, 300.00 W, 72, 1980 MHz
2026/09/23 17:17:06.466, 0, 98 %, 86 %, 7025 MiB, 49140 MiB, 292.15 W, 300.00 W, 73, 1590 MHz
2026/09/23 17:17:07.467, 0, 98 %, 89 %, 7025 MiB, 49140 MiB, 292.48 W, 300.00 W, 72, 1755 MHz
2026/09/23 17:17:08.468, 0, 98 %, 86 %, 7025 MiB, 49140 MiB, 292.77 W, 300.00 W, 74, 1860 MHz
2026/09/23 17:17:09.469, 0, 98 %, 87 %, 7025 MiB, 49140 MiB, 292.97 W, 300.00 W, 73, 1905 MHz
2026/09/23 17:17:10.470, 0, 89 %, 67 %, 7025 MiB, 49140 MiB, 294.61 W, 300.00 W, 73, 1590 MHz
2026/09/23 17:17:11.470, 0, 96 %, 67 %, 7025 MiB, 49140 MiB, 298.58 W, 300.00 W, 73, 1380 MHz
2026/09/23 17:17:12.471, 0, 0 %, 0 %, 7025 MiB, 49140 MiB, 125.88 W, 300.00 W, 67, 2730 MHz
2026/09/23 17:17:13.472, 0, 93 %, 83 %, 7025 MiB, 49140 MiB, 139.85 W, 300.00 W, 70, 1575 MHz
2026/09/23 17:17:14.474, 0, 98 %, 87 %, 7025 MiB, 49140 MiB, 290.22 W, 300.00 W, 72, 1845 MHz
2026/09/23 17:17:15.475, 0, 98 %, 87 %, 7025 MiB, 49140 MiB, 292.43 W, 300.00 W, 74, 1830 MHz
2026/09/23 17:17:16.475, 0, 97 %, 89 %, 7025 MiB, 49140 MiB, 291.36 W, 300.00 W, 72, 2010 MHz
2026/09/23 17:17:17.476, 0, 98 %, 87 %, 7025 MiB, 49140 MiB, 293.68 W, 300.00 W, 73, 1605 MHz
2026/09/23 17:17:18.476, 0, 97 %, 90 %, 7025 MiB, 49140 MiB, 291.12 W, 300.00 W, 71, 1590 MHz
2026/09/23 17:17:19.477, 0, 98 %, 86 %, 7025 MiB, 49140 MiB, 291.46 W, 300.00 W, 74, 1890 MHz
2026/09/23 17:17:20.478, 0, 97 %, 89 %, 7025 MiB, 49140 MiB, 291.28 W, 300.00 W, 72, 2010 MHz
2026/09/23 17:17:21.479, 0, 99 %, 88 %, 7025 MiB, 49140 MiB, 293.69 W, 300.00 W, 72, 1620 MHz
2026/09/23 17:17:22.480, 0, 98 %, 88 %, 7025 MiB, 49140 MiB, 291.77 W, 300.00 W, 71, 1590 MHz
2026/09/23 17:17:23.480, 0, 97 %, 85 %, 7025 MiB, 49140 MiB, 290.33 W, 300.00 W, 73, 1575 MHz
2026/09/23 17:17:24.481, 0, 98 %, 86 %, 7025 MiB, 49140 MiB, 292.29 W, 300.00 W, 73, 1845 MHz
2026/09/23 17:17:25.481, 0, 99 %, 88 %, 7025 MiB, 49140 MiB, 292.81 W, 300.00 W, 72, 1845 MHz
2026/09/23 17:17:26.482, 0, 97 %, 85 %, 7025 MiB, 49140 MiB, 293.68 W, 300.00 W, 74, 1875 MHz
2026/09/23 17:17:27.483, 0, 98 %, 88 %, 7025 MiB, 49140 MiB, 291.38 W, 300.00 W, 73, 1545 MHz
2026/09/23 17:17:28.484, 0, 97 %, 86 %, 7025 MiB, 49140 MiB, 292.26 W, 300.00 W, 74, 1845 MHz
2026/09/23 17:17:29.485, 0, 96 %, 88 %, 7025 MiB, 49140 MiB, 292.20 W, 300.00 W, 73, 1665 MHz
2026/09/23 17:17:30.485, 0, 98 %, 86 %, 7025 MiB, 49140 MiB, 292.18 W, 300.00 W, 73, 1860 MHz
2026/09/23 17:17:31.486, 0, 97 %, 88 %, 7025 MiB, 49140 MiB, 291.43 W, 300.00 W, 73, 1575 MHz
2026/09/23 17:17:32.487, 0, 98 %, 87 %, 7025 MiB, 49140 MiB, 292.39 W, 300.00 W, 75, 1860 MHz
2026/09/23 17:17:33.488, 0, 98 %, 90 %, 7025 MiB, 49140 MiB, 291.92 W, 300.00 W, 72, 1650 MHz
2026/09/23 17:17:34.490, 0, 97 %, 84 %, 7025 MiB, 49140 MiB, 293.22 W, 300.00 W, 74, 1965 MHz
2026/09/23 17:17:35.491, 0, 97 %, 90 %, 7025 MiB, 49140 MiB, 292.24 W, 300.00 W, 72, 1560 MHz
2026/09/23 17:17:36.491, 0, 93 %, 81 %, 7025 MiB, 49140 MiB, 292.06 W, 300.00 W, 74, 1710 MHz
2026/09/23 17:17:37.493, 0, 98 %, 85 %, 7025 MiB, 49140 MiB, 292.06 W, 300.00 W, 73, 1845 MHz
2026/09/23 17:17:38.494, 0, 99 %, 89 %, 7025 MiB, 49140 MiB, 292.23 W, 300.00 W, 73, 1935 MHz
2026/09/23 17:17:39.495, 0, 95 %, 68 %, 7025 MiB, 49140 MiB, 296.28 W, 300.00 W, 74, 1440 MHz
2026/09/23 17:17:40.495, 0, 0 %, 0 %, 7025 MiB, 49140 MiB, 203.61 W, 300.00 W, 67, 2730 MHz
2026/09/23 17:17:41.496, 0, 0 %, 0 %, 7025 MiB, 49140 MiB, 88.01 W, 300.00 W, 67, 2730 MHz
2026/09/23 17:17:42.497, 0, 97 %, 85 %, 7025 MiB, 49140 MiB, 229.56 W, 300.00 W, 73, 2010 MHz
2026/09/23 17:17:43.498, 0, 98 %, 90 %, 7025 MiB, 49140 MiB, 290.98 W, 300.00 W, 72, 1560 MHz
2026/09/23 17:17:44.499, 0, 98 %, 86 %, 7025 MiB, 49140 MiB, 289.70 W, 300.00 W, 74, 1770 MHz
2026/09/23 17:17:45.499, 0, 96 %, 84 %, 7025 MiB, 49140 MiB, 290.11 W, 300.00 W, 72, 1800 MHz
2026/09/23 17:17:46.500, 0, 97 %, 85 %, 7025 MiB, 49140 MiB, 290.71 W, 300.00 W, 72, 1590 MHz
2026/09/23 17:17:47.501, 0, 97 %, 85 %, 7025 MiB, 49140 MiB, 293.10 W, 300.00 W, 72, 1875 MHz
2026/09/23 17:17:48.503, 0, 97 %, 88 %, 7025 MiB, 49140 MiB, 291.43 W, 300.00 W, 73, 1620 MHz
2026/09/23 17:17:49.506, 0, 98 %, 86 %, 7025 MiB, 49140 MiB, 292.42 W, 300.00 W, 74, 1860 MHz
2026/09/23 17:17:50.507, 0, 97 %, 87 %, 7025 MiB, 49140 MiB, 291.99 W, 300.00 W, 73, 1890 MHz
2026/09/23 17:17:51.508, 0, 95 %, 85 %, 7025 MiB, 49140 MiB, 292.69 W, 300.00 W, 72, 1920 MHz
2026/09/23 17:17:52.509, 0, 98 %, 87 %, 7025 MiB, 49140 MiB, 289.86 W, 300.00 W, 72, 1680 MHz
2026/09/23 17:17:53.511, 0, 98 %, 87 %, 7025 MiB, 49140 MiB, 292.88 W, 300.00 W, 73, 1530 MHz
2026/09/23 17:17:54.512, 0, 98 %, 86 %, 7025 MiB, 49140 MiB, 292.68 W, 300.00 W, 74, 1875 MHz
2026/09/23 17:17:55.513, 0, 96 %, 88 %, 7025 MiB, 49140 MiB, 291.97 W, 300.00 W, 72, 1620 MHz
2026/09/23 17:17:56.516, 0, 98 %, 84 %, 7025 MiB, 49140 MiB, 292.38 W, 300.00 W, 73, 1650 MHz
2026/09/23 17:17:57.517, 0, 98 %, 90 %, 7025 MiB, 49140 MiB, 292.46 W, 300.00 W, 73, 1530 MHz
2026/09/23 17:17:58.518, 0, 97 %, 84 %, 7025 MiB, 49140 MiB, 292.69 W, 300.00 W, 73, 1800 MHz
2026/09/23 17:17:59.518, 0, 96 %, 86 %, 7025 MiB, 49140 MiB, 291.30 W, 300.00 W, 73, 1650 MHz
2026/09/23 17:18:00.519, 0, 98 %, 87 %, 7025 MiB, 49140 MiB, 293.74 W, 300.00 W, 73, 1845 MHz
2026/09/23 17:18:01.520, 0, 98 %, 87 %, 7025 MiB, 49140 MiB, 292.81 W, 300.00 W, 73, 1575 MHz
2026/09/23 17:18:02.521, 0, 97 %, 87 %, 7025 MiB, 49140 MiB, 292.85 W, 300.00 W, 75, 1740 MHz
2026/09/23 17:18:03.523, 0, 97 %, 86 %, 7025 MiB, 49140 MiB, 293.02 W, 300.00 W, 73, 1905 MHz
2026/09/23 17:18:04.523, 0, 98 %, 86 %, 7025 MiB, 49140 MiB, 293.51 W, 300.00 W, 73, 1950 MHz
2026/09/23 17:18:05.524, 0, 97 %, 84 %, 7025 MiB, 49140 MiB, 292.15 W, 300.00 W, 72, 1590 MHz
2026/09/23 17:18:06.525, 0, 97 %, 86 %, 7025 MiB, 49140 MiB, 289.80 W, 300.00 W, 74, 1980 MHz
2026/09/23 17:18:07.526, 0, 89 %, 63 %, 7025 MiB, 49140 MiB, 297.55 W, 300.00 W, 74, 1410 MHz
2026/09/23 17:18:08.527, 0, 10 %, 0 %, 7025 MiB, 49140 MiB, 175.83 W, 300.00 W, 67, 2730 MHz
2026/09/23 17:18:09.529, 0, 0 %, 0 %, 7025 MiB, 49140 MiB, 102.10 W, 300.00 W, 70, 1875 MHz
2026/09/23 17:18:10.530, 0, 97 %, 90 %, 7025 MiB, 49140 MiB, 288.69 W, 300.00 W, 73, 1605 MHz
2026/09/23 17:18:11.531, 0, 98 %, 87 %, 7025 MiB, 49140 MiB, 288.32 W, 300.00 W, 72, 1785 MHz
2026/09/23 17:18:12.532, 0, 98 %, 89 %, 7025 MiB, 49140 MiB, 293.58 W, 300.00 W, 72, 1830 MHz
2026/09/23 17:18:13.532, 0, 96 %, 85 %, 7025 MiB, 49140 MiB, 291.90 W, 300.00 W, 71, 2010 MHz
2026/09/23 17:18:14.534, 0, 98 %, 89 %, 7025 MiB, 49140 MiB, 289.81 W, 300.00 W, 74, 1560 MHz
2026/09/23 17:18:15.534, 0, 96 %, 85 %, 7025 MiB, 49140 MiB, 291.45 W, 300.00 W, 72, 1815 MHz
2026/09/23 17:18:16.536, 0, 97 %, 87 %, 7025 MiB, 49140 MiB, 293.14 W, 300.00 W, 73, 1845 MHz
2026/09/23 17:18:17.536, 0, 98 %, 85 %, 7025 MiB, 49140 MiB, 292.21 W, 300.00 W, 71, 2010 MHz
2026/09/23 17:18:18.537, 0, 97 %, 88 %, 7025 MiB, 49140 MiB, 291.46 W, 300.00 W, 73, 1575 MHz
2026/09/23 17:18:19.538, 0, 98 %, 86 %, 7025 MiB, 49140 MiB, 292.17 W, 300.00 W, 72, 1755 MHz
2026/09/23 17:18:20.539, 0, 98 %, 88 %, 7025 MiB, 49140 MiB, 292.69 W, 300.00 W, 73, 1920 MHz
2026/09/23 17:18:21.540, 0, 97 %, 84 %, 7025 MiB, 49140 MiB, 293.21 W, 300.00 W, 72, 1935 MHz
2026/09/23 17:18:22.541, 0, 98 %, 90 %, 7025 MiB, 49140 MiB, 291.71 W, 300.00 W, 73, 1605 MHz
2026/09/23 17:18:23.542, 0, 98 %, 86 %, 7025 MiB, 49140 MiB, 292.28 W, 300.00 W, 72, 1605 MHz
2026/09/23 17:18:24.543, 0, 98 %, 90 %, 7025 MiB, 49140 MiB, 291.22 W, 300.00 W, 73, 1950 MHz
2026/09/23 17:18:25.544, 0, 98 %, 86 %, 7025 MiB, 49140 MiB, 291.77 W, 300.00 W, 71, 2145 MHz
2026/09/23 17:18:26.546, 0, 97 %, 88 %, 7025 MiB, 49140 MiB, 289.76 W, 300.00 W, 73, 1590 MHz
2026/09/23 17:18:27.547, 0, 98 %, 86 %, 7025 MiB, 49140 MiB, 292.74 W, 300.00 W, 73, 1545 MHz
2026/09/23 17:18:28.548, 0, 97 %, 87 %, 7025 MiB, 49140 MiB, 292.45 W, 300.00 W, 73, 1800 MHz
2026/09/23 17:18:29.549, 0, 99 %, 87 %, 7025 MiB, 49140 MiB, 293.82 W, 300.00 W, 73, 1860 MHz
2026/09/23 17:18:30.550, 0, 93 %, 86 %, 7025 MiB, 49140 MiB, 291.96 W, 300.00 W, 73, 1710 MHz
2026/09/23 17:18:31.552, 0, 97 %, 86 %, 7025 MiB, 49140 MiB, 292.69 W, 300.00 W, 74, 1515 MHz
2026/09/23 17:18:32.553, 0, 97 %, 85 %, 7025 MiB, 49140 MiB, 291.52 W, 300.00 W, 73, 1785 MHz
2026/09/23 17:18:33.554, 0, 99 %, 87 %, 7025 MiB, 49140 MiB, 293.61 W, 300.00 W, 73, 1890 MHz
2026/09/23 17:18:34.554, 0, 88 %, 85 %, 7025 MiB, 49140 MiB, 290.39 W, 300.00 W, 74, 1605 MHz
2026/09/23 17:18:35.557, 0, 97 %, 86 %, 7025 MiB, 49140 MiB, 295.18 W, 300.00 W, 75, 1485 MHz
2026/09/23 17:18:36.557, 0, 89 %, 63 %, 7025 MiB, 49140 MiB, 251.71 W, 300.00 W, 68, 2730 MHz
2026/09/23 17:18:37.558, 0, 0 %, 0 %, 7025 MiB, 49140 MiB, 88.10 W, 300.00 W, 67, 2730 MHz
2026/09/23 17:18:38.558, 0, 99 %, 87 %, 7025 MiB, 49140 MiB, 216.50 W, 300.00 W, 72, 1890 MHz
2026/09/23 17:18:39.559, 0, 97 %, 86 %, 7025 MiB, 49140 MiB, 291.38 W, 300.00 W, 72, 1905 MHz
2026/09/23 17:18:40.560, 0, 97 %, 86 %, 7025 MiB, 49140 MiB, 289.55 W, 300.00 W, 74, 1560 MHz
2026/09/23 17:18:41.562, 0, 97 %, 86 %, 7025 MiB, 49140 MiB, 289.10 W, 300.00 W, 72, 1875 MHz
2026/09/23 17:18:42.562, 0, 99 %, 89 %, 7025 MiB, 49140 MiB, 292.85 W, 300.00 W, 73, 1635 MHz
2026/09/23 17:18:43.564, 0, 97 %, 87 %, 7025 MiB, 49140 MiB, 288.60 W, 300.00 W, 72, 1920 MHz
2026/09/23 17:18:44.564, 0, 98 %, 87 %, 7025 MiB, 49140 MiB, 291.51 W, 300.00 W, 74, 1575 MHz
2026/09/23 17:18:45.565, 0, 97 %, 85 %, 7025 MiB, 49140 MiB, 290.72 W, 300.00 W, 72, 1815 MHz
2026/09/23 17:18:46.567, 0, 99 %, 89 %, 7025 MiB, 49140 MiB, 293.06 W, 300.00 W, 73, 1650 MHz
2026/09/23 17:18:47.568, 0, 97 %, 86 %, 7025 MiB, 49140 MiB, 291.20 W, 300.00 W, 72, 1995 MHz
2026/09/23 17:18:48.569, 0, 98 %, 89 %, 7025 MiB, 49140 MiB, 292.08 W, 300.00 W, 74, 1575 MHz
2026/09/23 17:18:49.570, 0, 97 %, 87 %, 7025 MiB, 49140 MiB, 289.97 W, 300.00 W, 72, 1755 MHz
2026/09/23 17:18:50.571, 0, 97 %, 89 %, 7025 MiB, 49140 MiB, 292.47 W, 300.00 W, 73, 1965 MHz
2026/09/23 17:18:51.572, 0, 98 %, 86 %, 7025 MiB, 49140 MiB, 293.31 W, 300.00 W, 72, 1920 MHz
2026/09/23 17:18:52.573, 0, 96 %, 89 %, 7025 MiB, 49140 MiB, 292.05 W, 300.00 W, 73, 1665 MHz
2026/09/23 17:18:53.573, 0, 96 %, 84 %, 7025 MiB, 49140 MiB, 292.16 W, 300.00 W, 73, 1575 MHz
2026/09/23 17:18:54.574, 0, 98 %, 87 %, 7025 MiB, 49140 MiB, 292.24 W, 300.00 W, 73, 1785 MHz
2026/09/23 17:18:55.575, 0, 99 %, 89 %, 7025 MiB, 49140 MiB, 293.26 W, 300.00 W, 74, 1635 MHz
2026/09/23 17:18:56.575, 0, 98 %, 87 %, 7025 MiB, 49140 MiB, 292.00 W, 300.00 W, 72, 1980 MHz
2026/09/23 17:18:57.577, 0, 97 %, 87 %, 7025 MiB, 49140 MiB, 292.65 W, 300.00 W, 74, 1575 MHz
2026/09/23 17:18:58.577, 0, 98 %, 86 %, 7025 MiB, 49140 MiB, 291.06 W, 300.00 W, 73, 1845 MHz
2026/09/23 17:18:59.579, 0, 97 %, 88 %, 7025 MiB, 49140 MiB, 292.63 W, 300.00 W, 73, 1830 MHz
2026/09/23 17:19:00.580, 0, 97 %, 85 %, 7025 MiB, 49140 MiB, 293.95 W, 300.00 W, 72, 1905 MHz
2026/09/23 17:19:01.582, 0, 97 %, 90 %, 7025 MiB, 49140 MiB, 292.30 W, 300.00 W, 73, 1905 MHz
2026/09/23 17:19:02.584, 0, 97 %, 86 %, 7025 MiB, 49140 MiB, 292.07 W, 300.00 W, 74, 1695 MHz
2026/09/23 17:19:03.584, 0, 97 %, 85 %, 7025 MiB, 49140 MiB, 294.34 W, 300.00 W, 74, 1530 MHz
2026/09/23 17:19:04.585, 0, 96 %, 67 %, 7025 MiB, 49140 MiB, 299.06 W, 300.00 W, 73, 1485 MHz
2026/09/23 17:19:05.586, 0, 0 %, 0 %, 7025 MiB, 49140 MiB, 111.42 W, 300.00 W, 66, 2505 MHz
2026/09/23 17:19:06.586, 0, 0 %, 0 %, 7025 MiB, 49140 MiB, 140.35 W, 300.00 W, 73, 2055 MHz
2026/09/23 17:19:07.587, 0, 97 %, 86 %, 7025 MiB, 49140 MiB, 290.32 W, 300.00 W, 72, 1590 MHz
2026/09/23 17:19:08.588, 0, 97 %, 89 %, 7025 MiB, 49140 MiB, 292.17 W, 300.00 W, 72, 1905 MHz
2026/09/23 17:19:09.589, 0, 98 %, 86 %, 7025 MiB, 49140 MiB, 292.61 W, 300.00 W, 72, 1890 MHz
2026/09/23 17:19:10.590, 0, 98 %, 89 %, 7025 MiB, 49140 MiB, 292.58 W, 300.00 W, 72, 1980 MHz
2026/09/23 17:19:11.590, 0, 98 %, 87 %, 7025 MiB, 49140 MiB, 292.05 W, 300.00 W, 74, 1740 MHz
2026/09/23 17:19:12.592, 0, 98 %, 87 %, 7025 MiB, 49140 MiB, 289.39 W, 300.00 W, 72, 1815 MHz
2026/09/23 17:19:13.594, 0, 99 %, 88 %, 7025 MiB, 49140 MiB, 293.65 W, 300.00 W, 72, 1860 MHz
2026/09/23 17:19:14.595, 0, 97 %, 89 %, 7025 MiB, 49140 MiB, 291.79 W, 300.00 W, 73, 1995 MHz
2026/09/23 17:19:15.596, 0, 97 %, 85 %, 7025 MiB, 49140 MiB, 292.69 W, 300.00 W, 73, 1605 MHz
2026/09/23 17:19:16.596, 0, 98 %, 87 %, 7025 MiB, 49140 MiB, 291.86 W, 300.00 W, 72, 1530 MHz
2026/09/23 17:19:17.598, 0, 99 %, 89 %, 7025 MiB, 49140 MiB, 294.34 W, 300.00 W, 74, 1815 MHz
2026/09/23 17:19:18.600, 0, 98 %, 87 %, 7025 MiB, 49140 MiB, 291.52 W, 300.00 W, 73, 1995 MHz
2026/09/23 17:19:19.601, 0, 98 %, 86 %, 7025 MiB, 49140 MiB, 292.62 W, 300.00 W, 74, 1695 MHz
2026/09/23 17:19:20.602, 0, 98 %, 85 %, 7025 MiB, 49140 MiB, 292.19 W, 300.00 W, 72, 1530 MHz
2026/09/23 17:19:21.602, 0, 99 %, 88 %, 7025 MiB, 49140 MiB, 294.37 W, 300.00 W, 73, 1920 MHz
2026/09/23 17:19:22.603, 0, 98 %, 87 %, 7025 MiB, 49140 MiB, 291.24 W, 300.00 W, 73, 1815 MHz
2026/09/23 17:19:23.603, 0, 98 %, 86 %, 7025 MiB, 49140 MiB, 292.38 W, 300.00 W, 74, 1800 MHz
2026/09/23 17:19:24.604, 0, 97 %, 86 %, 7025 MiB, 49140 MiB, 292.91 W, 300.00 W, 73, 1545 MHz
2026/09/23 17:19:25.605, 0, 98 %, 89 %, 7025 MiB, 49140 MiB, 294.02 W, 300.00 W, 73, 1830 MHz
2026/09/23 17:19:26.606, 0, 97 %, 85 %, 7025 MiB, 49140 MiB, 293.19 W, 300.00 W, 72, 1830 MHz
2026/09/23 17:19:27.607, 0, 95 %, 89 %, 7025 MiB, 49140 MiB, 292.08 W, 300.00 W, 73, 2025 MHz
2026/09/23 17:19:28.608, 0, 97 %, 85 %, 7025 MiB, 49140 MiB, 292.32 W, 300.00 W, 73, 1635 MHz
2026/09/23 17:19:29.609, 0, 98 %, 87 %, 7025 MiB, 49140 MiB, 292.94 W, 300.00 W, 72, 1515 MHz
2026/09/23 17:19:30.610, 0, 99 %, 88 %, 7025 MiB, 49140 MiB, 294.16 W, 300.00 W, 74, 1725 MHz
2026/09/23 17:19:31.611, 0, 98 %, 87 %, 7025 MiB, 49140 MiB, 292.77 W, 300.00 W, 72, 1575 MHz
2026/09/23 17:19:32.611, 0, 94 %, 67 %, 7025 MiB, 49140 MiB, 297.55 W, 300.00 W, 74, 1470 MHz
2026/09/23 17:19:33.613, 0, 35 %, 24 %, 7025 MiB, 49140 MiB, 189.98 W, 300.00 W, 67, 2730 MHz
2026/09/23 17:19:34.614, 0, 0 %, 0 %, 7025 MiB, 49140 MiB, 87.68 W, 300.00 W, 66, 2730 MHz
2026/09/23 17:19:35.614, 0, 97 %, 84 %, 7025 MiB, 49140 MiB, 223.25 W, 300.00 W, 72, 1560 MHz
2026/09/23 17:19:36.616, 0, 98 %, 87 %, 7025 MiB, 49140 MiB, 293.63 W, 300.00 W, 72, 1920 MHz
2026/09/23 17:19:37.616, 0, 98 %, 85 %, 7025 MiB, 49140 MiB, 293.08 W, 300.00 W, 71, 1920 MHz
2026/09/23 17:19:38.617, 0, 98 %, 90 %, 7025 MiB, 49140 MiB, 292.23 W, 300.00 W, 72, 1950 MHz
2026/09/23 17:19:39.618, 0, 97 %, 86 %, 7025 MiB, 49140 MiB, 291.90 W, 300.00 W, 73, 1605 MHz
2026/09/23 17:19:40.619, 0, 97 %, 86 %, 7025 MiB, 49140 MiB, 290.95 W, 300.00 W, 72, 1605 MHz
2026/09/23 17:19:41.621, 0, 98 %, 88 %, 7025 MiB, 49140 MiB, 291.36 W, 300.00 W, 72, 1890 MHz
2026/09/23 17:19:42.622, 0, 96 %, 87 %, 7025 MiB, 49140 MiB, 291.21 W, 300.00 W, 73, 1935 MHz
2026/09/23 17:19:43.623, 0, 98 %, 86 %, 7025 MiB, 49140 MiB, 292.83 W, 300.00 W, 74, 1770 MHz
2026/09/23 17:19:44.624, 0, 98 %, 86 %, 7025 MiB, 49140 MiB, 290.69 W, 300.00 W, 72, 1575 MHz
2026/09/23 17:19:45.625, 0, 99 %, 88 %, 7025 MiB, 49140 MiB, 292.22 W, 300.00 W, 74, 1710 MHz
2026/09/23 17:19:46.625, 0, 96 %, 86 %, 7025 MiB, 49140 MiB, 291.22 W, 300.00 W, 72, 1755 MHz
2026/09/23 17:19:47.630, 0, 97 %, 87 %, 7025 MiB, 49140 MiB, 291.10 W, 300.00 W, 74, 1875 MHz
2026/09/23 17:19:48.631, 0, 97 %, 85 %, 7025 MiB, 49140 MiB, 291.22 W, 300.00 W, 73, 1515 MHz
2026/09/23 17:19:49.631, 0, 96 %, 84 %, 7025 MiB, 49140 MiB, 291.13 W, 300.00 W, 73, 1770 MHz
2026/09/23 17:19:50.632, 0, 98 %, 87 %, 7025 MiB, 49140 MiB, 292.66 W, 300.00 W, 73, 1875 MHz
2026/09/23 17:19:51.633, 0, 95 %, 84 %, 7025 MiB, 49140 MiB, 291.88 W, 300.00 W, 74, 1950 MHz
2026/09/23 17:19:52.634, 0, 96 %, 84 %, 7025 MiB, 49140 MiB, 292.12 W, 300.00 W, 73, 1635 MHz
2026/09/23 17:19:53.635, 0, 99 %, 89 %, 7025 MiB, 49140 MiB, 292.88 W, 300.00 W, 74, 1575 MHz
2026/09/23 17:19:54.636, 0, 98 %, 87 %, 7025 MiB, 49140 MiB, 291.57 W, 300.00 W, 72, 1845 MHz
2026/09/23 17:19:55.636, 0, 97 %, 87 %, 7025 MiB, 49140 MiB, 292.20 W, 300.00 W, 74, 1785 MHz
2026/09/23 17:19:56.638, 0, 97 %, 86 %, 7025 MiB, 49140 MiB, 291.18 W, 300.00 W, 73, 1770 MHz
2026/09/23 17:19:57.638, 0, 98 %, 88 %, 7025 MiB, 49140 MiB, 294.32 W, 300.00 W, 73, 1515 MHz
2026/09/23 17:19:58.640, 0, 98 %, 85 %, 7025 MiB, 49140 MiB, 292.87 W, 300.00 W, 72, 1830 MHz
2026/09/23 17:19:59.641, 0, 96 %, 88 %, 7025 MiB, 49140 MiB, 291.98 W, 300.00 W, 73, 1605 MHz
2026/09/23 17:20:00.641, 0, 98 %, 87 %, 7025 MiB, 49140 MiB, 291.60 W, 300.00 W, 74, 1380 MHz
2026/09/23 17:20:01.642, 0, 96 %, 67 %, 7025 MiB, 49140 MiB, 274.48 W, 300.00 W, 68, 2730 MHz
2026/09/23 17:20:02.643, 0, 0 %, 0 %, 7025 MiB, 49140 MiB, 87.53 W, 300.00 W, 67, 2730 MHz
2026/09/23 17:20:03.644, 0, 98 %, 90 %, 7025 MiB, 49140 MiB, 186.77 W, 300.00 W, 73, 2025 MHz
2026/09/23 17:20:04.646, 0, 97 %, 88 %, 7025 MiB, 49140 MiB, 289.57 W, 300.00 W, 72, 1590 MHz
2026/09/23 17:20:05.647, 0, 93 %, 81 %, 7025 MiB, 49140 MiB, 290.28 W, 300.00 W, 71, 1800 MHz
2026/09/23 17:20:06.648, 0, 95 %, 87 %, 7025 MiB, 49140 MiB, 290.66 W, 300.00 W, 73, 1575 MHz
2026/09/23 17:20:07.648, 0, 97 %, 86 %, 7025 MiB, 49140 MiB, 290.18 W, 300.00 W, 73, 1710 MHz
2026/09/23 17:20:08.649, 0, 98 %, 88 %, 7025 MiB, 49140 MiB, 292.04 W, 300.00 W, 72, 1515 MHz
2026/09/23 17:20:09.651, 0, 98 %, 87 %, 7025 MiB, 49140 MiB, 288.97 W, 300.00 W, 72, 1890 MHz
2026/09/23 17:20:10.652, 0, 98 %, 87 %, 7025 MiB, 49140 MiB, 291.76 W, 300.00 W, 74, 1890 MHz
2026/09/23 17:20:11.652, 0, 98 %, 87 %, 7025 MiB, 49140 MiB, 292.13 W, 300.00 W, 72, 1770 MHz
2026/09/23 17:20:12.653, 0, 97 %, 86 %, 7025 MiB, 49140 MiB, 293.82 W, 300.00 W, 73, 1560 MHz
2026/09/23 17:20:13.654, 0, 98 %, 85 %, 7025 MiB, 49140 MiB, 293.61 W, 300.00 W, 73, 1815 MHz
2026/09/23 17:20:14.655, 0, 97 %, 90 %, 7025 MiB, 49140 MiB, 291.74 W, 300.00 W, 73, 1860 MHz
2026/09/23 17:20:15.657, 0, 98 %, 86 %, 7025 MiB, 49140 MiB, 292.36 W, 300.00 W, 74, 2040 MHz
2026/09/23 17:20:16.658, 0, 97 %, 86 %, 7025 MiB, 49140 MiB, 290.91 W, 300.00 W, 72, 1650 MHz
2026/09/23 17:20:17.660, 0, 98 %, 88 %, 7025 MiB, 49140 MiB, 290.89 W, 300.00 W, 73, 1650 MHz
2026/09/23 17:20:18.661, 0, 95 %, 84 %, 7025 MiB, 49140 MiB, 288.55 W, 300.00 W, 73, 1920 MHz
2026/09/23 17:20:19.662, 0, 97 %, 87 %, 7025 MiB, 49140 MiB, 290.04 W, 300.00 W, 74, 1830 MHz
2026/09/23 17:20:20.663, 0, 96 %, 86 %, 7025 MiB, 49140 MiB, 292.60 W, 300.00 W, 73, 1830 MHz
2026/09/23 17:20:21.664, 0, 97 %, 89 %, 7025 MiB, 49140 MiB, 293.39 W, 300.00 W, 73, 1635 MHz
2026/09/23 17:20:22.665, 0, 97 %, 85 %, 7025 MiB, 49140 MiB, 292.58 W, 300.00 W, 72, 1935 MHz
2026/09/23 17:20:23.665, 0, 98 %, 88 %, 7025 MiB, 49140 MiB, 289.03 W, 300.00 W, 74, 1695 MHz
2026/09/23 17:20:24.666, 0, 98 %, 87 %, 7025 MiB, 49140 MiB, 291.10 W, 300.00 W, 73, 1875 MHz
2026/09/23 17:20:25.667, 0, 98 %, 86 %, 7025 MiB, 49140 MiB, 293.42 W, 300.00 W, 73, 1590 MHz
2026/09/23 17:20:26.668, 0, 97 %, 86 %, 7025 MiB, 49140 MiB, 293.48 W, 300.00 W, 73, 1755 MHz
2026/09/23 17:20:27.669, 0, 98 %, 87 %, 7025 MiB, 49140 MiB, 292.80 W, 300.00 W, 72, 1860 MHz
2026/09/23 17:20:28.670, 0, 94 %, 84 %, 7025 MiB, 49140 MiB, 291.86 W, 300.00 W, 74, 2085 MHz
2026/09/23 17:20:29.672, 0, 95 %, 65 %, 7025 MiB, 49140 MiB, 298.44 W, 300.00 W, 74, 1425 MHz
2026/09/23 17:20:30.673, 0, 0 %, 0 %, 7025 MiB, 49140 MiB, 138.01 W, 300.00 W, 67, 2730 MHz
2026/09/23 17:20:31.674, 0, 0 %, 0 %, 7025 MiB, 49140 MiB, 130.31 W, 300.00 W, 73, 2160 MHz
2026/09/23 17:20:32.675, 0, 96 %, 86 %, 7025 MiB, 49140 MiB, 288.55 W, 300.00 W, 72, 1680 MHz
2026/09/23 17:20:33.675, 0, 97 %, 86 %, 7025 MiB, 49140 MiB, 293.05 W, 300.00 W, 72, 1560 MHz
2026/09/23 17:20:34.677, 0, 98 %, 88 %, 7025 MiB, 49140 MiB, 291.47 W, 300.00 W, 71, 1785 MHz
2026/09/23 17:20:35.678, 0, 98 %, 88 %, 7025 MiB, 49140 MiB, 291.95 W, 300.00 W, 73, 1680 MHz
2026/09/23 17:20:36.679, 0, 98 %, 88 %, 7025 MiB, 49140 MiB, 292.69 W, 300.00 W, 73, 1650 MHz
2026/09/23 17:20:37.680, 0, 98 %, 88 %, 7025 MiB, 49140 MiB, 290.73 W, 300.00 W, 72, 2025 MHz
2026/09/23 17:20:38.681, 0, 97 %, 86 %, 7025 MiB, 49140 MiB, 293.28 W, 300.00 W, 72, 1605 MHz
2026/09/23 17:20:39.682, 0, 95 %, 86 %, 7025 MiB, 49140 MiB, 290.67 W, 300.00 W, 71, 1605 MHz
2026/09/23 17:20:40.683, 0, 98 %, 88 %, 7025 MiB, 49140 MiB, 292.12 W, 300.00 W, 73, 1800 MHz
2026/09/23 17:20:41.685, 0, 98 %, 87 %, 7025 MiB, 49140 MiB, 290.49 W, 300.00 W, 72, 2235 MHz
2026/09/23 17:20:42.685, 0, 98 %, 87 %, 7025 MiB, 49140 MiB, 291.71 W, 300.00 W, 72, 1710 MHz
2026/09/23 17:20:43.686, 0, 97 %, 86 %, 7025 MiB, 49140 MiB, 290.32 W, 300.00 W, 71, 1530 MHz
2026/09/23 17:20:44.687, 0, 98 %, 88 %, 7025 MiB, 49140 MiB, 292.23 W, 300.00 W, 74, 1740 MHz
2026/09/23 17:20:45.688, 0, 97 %, 88 %, 7025 MiB, 49140 MiB, 292.03 W, 300.00 W, 72, 1950 MHz
2026/09/23 17:20:46.689, 0, 97 %, 86 %, 7025 MiB, 49140 MiB, 293.01 W, 300.00 W, 73, 1800 MHz
2026/09/23 17:20:47.690, 0, 91 %, 82 %, 7025 MiB, 49140 MiB, 292.30 W, 300.00 W, 72, 1515 MHz
2026/09/23 17:20:48.690, 0, 98 %, 86 %, 7025 MiB, 49140 MiB, 291.67 W, 300.00 W, 73, 1815 MHz
2026/09/23 17:20:49.691, 0, 98 %, 88 %, 7025 MiB, 49140 MiB, 291.91 W, 300.00 W, 73, 1605 MHz
2026/09/23 17:20:50.692, 0, 97 %, 87 %, 7025 MiB, 49140 MiB, 292.53 W, 300.00 W, 72, 1935 MHz
2026/09/23 17:20:51.692, 0, 98 %, 88 %, 7025 MiB, 49140 MiB, 293.42 W, 300.00 W, 74, 1575 MHz
2026/09/23 17:20:52.694, 0, 98 %, 88 %, 7025 MiB, 49140 MiB, 291.96 W, 300.00 W, 72, 1725 MHz
2026/09/23 17:20:53.695, 0, 98 %, 87 %, 7025 MiB, 49140 MiB, 292.68 W, 300.00 W, 74, 1935 MHz
2026/09/23 17:20:54.695, 0, 88 %, 79 %, 7025 MiB, 49140 MiB, 290.49 W, 300.00 W, 73, 2055 MHz
2026/09/23 17:20:55.696, 0, 95 %, 86 %, 7025 MiB, 49140 MiB, 293.08 W, 300.00 W, 73, 1650 MHz
2026/09/23 17:20:56.697, 0, 98 %, 88 %, 7025 MiB, 49140 MiB, 292.49 W, 300.00 W, 72, 1515 MHz
2026/09/23 17:20:57.701, 0, 87 %, 66 %, 7025 MiB, 49140 MiB, 295.14 W, 300.00 W, 74, 1380 MHz
2026/09/23 17:20:58.702, 0, 96 %, 68 %, 7025 MiB, 49140 MiB, 208.49 W, 300.00 W, 67, 2730 MHz
2026/09/23 17:20:59.702, 0, 0 %, 0 %, 7025 MiB, 49140 MiB, 87.76 W, 300.00 W, 67, 2730 MHz
2026/09/23 17:21:00.703, 0, 96 %, 87 %, 7025 MiB, 49140 MiB, 231.94 W, 300.00 W, 72, 2040 MHz
2026/09/23 17:21:01.704, 0, 97 %, 88 %, 7025 MiB, 49140 MiB, 293.56 W, 300.00 W, 72, 1635 MHz
2026/09/23 17:21:02.704, 0, 98 %, 88 %, 7025 MiB, 49140 MiB, 291.79 W, 300.00 W, 71, 1575 MHz
2026/09/23 17:21:03.707, 0, 98 %, 87 %, 7025 MiB, 49140 MiB, 290.19 W, 300.00 W, 73, 1800 MHz
2026/09/23 17:21:04.708, 0, 98 %, 88 %, 7025 MiB, 49140 MiB, 291.52 W, 300.00 W, 72, 1980 MHz
2026/09/23 17:21:05.709, 0, 97 %, 86 %, 7025 MiB, 49140 MiB, 293.40 W, 300.00 W, 72, 1725 MHz
2026/09/23 17:21:06.710, 0, 97 %, 86 %, 7025 MiB, 49140 MiB, 291.24 W, 300.00 W, 71, 1560 MHz
2026/09/23 17:21:07.711, 0, 98 %, 87 %, 7025 MiB, 49140 MiB, 291.17 W, 300.00 W, 73, 1815 MHz
2026/09/23 17:21:08.712, 0, 97 %, 87 %, 7025 MiB, 49140 MiB, 291.60 W, 300.00 W, 73, 1800 MHz
2026/09/23 17:21:09.713, 0, 98 %, 87 %, 7025 MiB, 49140 MiB, 292.04 W, 300.00 W, 73, 1875 MHz
2026/09/23 17:21:10.714, 0, 98 %, 88 %, 7025 MiB, 49140 MiB, 293.29 W, 300.00 W, 72, 1605 MHz
2026/09/23 17:21:11.716, 0, 98 %, 86 %, 7025 MiB, 49140 MiB, 290.30 W, 300.00 W, 73, 1860 MHz
2026/09/23 17:21:12.717, 0, 98 %, 88 %, 7025 MiB, 49140 MiB, 292.66 W, 300.00 W, 73, 1635 MHz
2026/09/23 17:21:13.718, 0, 97 %, 87 %, 7025 MiB, 49140 MiB, 291.29 W, 300.00 W, 72, 1890 MHz
2026/09/23 17:21:14.719, 0, 98 %, 87 %, 7025 MiB, 49140 MiB, 290.86 W, 300.00 W, 71, 1530 MHz
2026/09/23 17:21:15.719, 0, 97 %, 87 %, 7025 MiB, 49140 MiB, 290.76 W, 300.00 W, 73, 1785 MHz
2026/09/23 17:21:16.720, 0, 97 %, 87 %, 7025 MiB, 49140 MiB, 291.42 W, 300.00 W, 73, 1965 MHz
2026/09/23 17:21:17.721, 0, 98 %, 86 %, 7025 MiB, 49140 MiB, 293.22 W, 300.00 W, 73, 1755 MHz
2026/09/23 17:21:18.721, 0, 98 %, 87 %, 7025 MiB, 49140 MiB, 292.94 W, 300.00 W, 72, 1515 MHz
2026/09/23 17:21:19.723, 0, 98 %, 87 %, 7025 MiB, 49140 MiB, 290.72 W, 300.00 W, 73, 1815 MHz
2026/09/23 17:21:20.725, 0, 97 %, 88 %, 7025 MiB, 49140 MiB, 291.94 W, 300.00 W, 73, 1815 MHz
2026/09/23 17:21:21.726, 0, 97 %, 85 %, 7025 MiB, 49140 MiB, 292.26 W, 300.00 W, 73, 1755 MHz
2026/09/23 17:21:22.726, 0, 98 %, 86 %, 7025 MiB, 49140 MiB, 293.04 W, 300.00 W, 72, 1530 MHz
2026/09/23 17:21:23.728, 0, 97 %, 86 %, 7025 MiB, 49140 MiB, 292.50 W, 300.00 W, 73, 1515 MHz
2026/09/23 17:21:24.728, 0, 97 %, 86 %, 7025 MiB, 49140 MiB, 291.63 W, 300.00 W, 73, 1785 MHz
2026/09/23 17:21:25.730, 0, 93 %, 83 %, 7025 MiB, 49140 MiB, 294.14 W, 300.00 W, 73, 1410 MHz
2026/09/23 17:21:26.731, 0, 95 %, 67 %, 7025 MiB, 49140 MiB, 276.62 W, 300.00 W, 69, 2730 MHz
2026/09/23 17:21:27.732, 0, 0 %, 0 %, 7025 MiB, 49140 MiB, 87.46 W, 300.00 W, 67, 2730 MHz
2026/09/23 17:21:28.732, 0, 95 %, 84 %, 7025 MiB, 49140 MiB, 184.09 W, 300.00 W, 71, 2040 MHz
2026/09/23 17:21:29.734, 0, 98 %, 86 %, 7025 MiB, 49140 MiB, 293.48 W, 300.00 W, 72, 1935 MHz
2026/09/23 17:21:30.735, 0, 98 %, 87 %, 7025 MiB, 49140 MiB, 290.27 W, 300.00 W, 71, 1650 MHz
2026/09/23 17:21:31.736, 0, 98 %, 87 %, 7025 MiB, 49140 MiB, 290.62 W, 300.00 W, 73, 1575 MHz
2026/09/23 17:21:32.737, 0, 95 %, 85 %, 7025 MiB, 49140 MiB, 289.63 W, 300.00 W, 72, 1980 MHz
2026/09/23 17:21:33.738, 0, 98 %, 86 %, 7025 MiB, 49140 MiB, 292.32 W, 300.00 W, 72, 2085 MHz
2026/09/23 17:21:34.738, 0, 98 %, 87 %, 7025 MiB, 49140 MiB, 290.26 W, 300.00 W, 72, 1560 MHz
2026/09/23 17:21:35.740, 0, 97 %, 87 %, 7025 MiB, 49140 MiB, 290.64 W, 300.00 W, 74, 1800 MHz
2026/09/23 17:21:36.740, 0, 97 %, 86 %, 7025 MiB, 49140 MiB, 291.48 W, 300.00 W, 72, 1830 MHz
2026/09/23 17:21:37.742, 0, 97 %, 86 %, 7025 MiB, 49140 MiB, 292.27 W, 300.00 W, 73, 1995 MHz
2026/09/23 17:21:38.743, 0, 98 %, 88 %, 7025 MiB, 49140 MiB, 290.78 W, 300.00 W, 72, 1560 MHz
2026/09/23 17:21:39.744, 0, 98 %, 88 %, 7025 MiB, 49140 MiB, 291.23 W, 300.00 W, 74, 1755 MHz
2026/09/23 17:21:40.745, 0, 97 %, 86 %, 7025 MiB, 49140 MiB, 292.54 W, 300.00 W, 72, 1935 MHz
2026/09/23 17:21:41.746, 0, 98 %, 86 %, 7025 MiB, 49140 MiB, 293.46 W, 300.00 W, 72, 2100 MHz
2026/09/23 17:21:42.747, 0, 97 %, 86 %, 7025 MiB, 49140 MiB, 291.86 W, 300.00 W, 71, 1650 MHz
2026/09/23 17:21:43.748, 0, 98 %, 88 %, 7025 MiB, 49140 MiB, 290.21 W, 300.00 W, 74, 1620 MHz
2026/09/23 17:21:44.750, 0, 97 %, 87 %, 7025 MiB, 49140 MiB, 290.95 W, 300.00 W, 73, 1980 MHz
2026/09/23 17:21:45.751, 0, 97 %, 85 %, 7025 MiB, 49140 MiB, 293.32 W, 300.00 W, 73, 1965 MHz
2026/09/23 17:21:46.752, 0, 98 %, 86 %, 7025 MiB, 49140 MiB, 292.84 W, 300.00 W, 72, 1665 MHz
2026/09/23 17:21:47.753, 0, 98 %, 86 %, 7025 MiB, 49140 MiB, 290.72 W, 300.00 W, 73, 1560 MHz
2026/09/23 17:21:48.754, 0, 97 %, 87 %, 7025 MiB, 49140 MiB, 292.43 W, 300.00 W, 73, 1785 MHz
2026/09/23 17:21:49.755, 0, 97 %, 87 %, 7025 MiB, 49140 MiB, 292.40 W, 300.00 W, 73, 2070 MHz
2026/09/23 17:21:50.756, 0, 98 %, 87 %, 7025 MiB, 49140 MiB, 291.01 W, 300.00 W, 71, 1650 MHz
2026/09/23 17:21:51.756, 0, 97 %, 86 %, 7025 MiB, 49140 MiB, 290.25 W, 300.00 W, 74, 1575 MHz
2026/09/23 17:21:52.757, 0, 98 %, 88 %, 7025 MiB, 49140 MiB, 292.47 W, 300.00 W, 73, 1875 MHz
2026/09/23 17:21:53.758, 0, 98 %, 86 %, 7025 MiB, 49140 MiB, 293.09 W, 300.00 W, 73, 2010 MHz
2026/09/23 17:21:54.759, 0, 96 %, 67 %, 7025 MiB, 49140 MiB, 297.34 W, 300.00 W, 74, 1440 MHz
2026/09/23 17:21:55.760, 0, 10 %, 0 %, 7025 MiB, 49140 MiB, 164.75 W, 300.00 W, 67, 2730 MHz
2026/09/23 17:21:56.761, 0, 0 %, 0 %, 7025 MiB, 49140 MiB, 104.23 W, 300.00 W, 72, 2085 MHz
2026/09/23 17:21:57.762, 0, 98 %, 88 %, 7025 MiB, 49140 MiB, 294.23 W, 300.00 W, 71, 1605 MHz
2026/09/23 17:21:58.763, 0, 98 %, 88 %, 7025 MiB, 49140 MiB, 290.75 W, 300.00 W, 73, 1605 MHz
2026/09/23 17:21:59.764, 0, 94 %, 84 %, 7025 MiB, 49140 MiB, 290.57 W, 300.00 W, 72, 1935 MHz
2026/09/23 17:22:00.767, 0, 97 %, 86 %, 7025 MiB, 49140 MiB, 292.42 W, 300.00 W, 72, 1920 MHz
2026/09/23 17:22:01.767, 0, 97 %, 87 %, 7025 MiB, 49140 MiB, 291.85 W, 300.00 W, 72, 1860 MHz
2026/09/23 17:22:02.769, 0, 98 %, 88 %, 7025 MiB, 49140 MiB, 291.13 W, 300.00 W, 72, 1590 MHz
2026/09/23 17:22:03.771, 0, 98 %, 88 %, 7025 MiB, 49140 MiB, 291.93 W, 300.00 W, 74, 1740 MHz
2026/09/23 17:22:04.772, 0, 98 %, 88 %, 7025 MiB, 49140 MiB, 292.89 W, 300.00 W, 72, 1890 MHz
2026/09/23 17:22:05.772, 0, 97 %, 86 %, 7025 MiB, 49140 MiB, 292.36 W, 300.00 W, 72, 2055 MHz
2026/09/23 17:22:06.773, 0, 98 %, 86 %, 7025 MiB, 49140 MiB, 292.01 W, 300.00 W, 72, 1725 MHz
2026/09/23 17:22:07.774, 0, 97 %, 86 %, 7025 MiB, 49140 MiB, 292.03 W, 300.00 W, 73, 1590 MHz
2026/09/23 17:22:08.775, 0, 97 %, 86 %, 7025 MiB, 49140 MiB, 291.11 W, 300.00 W, 73, 1800 MHz
2026/09/23 17:22:09.775, 0, 97 %, 87 %, 7025 MiB, 49140 MiB, 291.93 W, 300.00 W, 72, 1680 MHz
2026/09/23 17:22:10.777, 0, 98 %, 88 %, 7025 MiB, 49140 MiB, 291.76 W, 300.00 W, 73, 1845 MHz
2026/09/23 17:22:11.778, 0, 97 %, 86 %, 7025 MiB, 49140 MiB, 292.34 W, 300.00 W, 72, 1620 MHz
2026/09/23 17:22:12.778, 0, 97 %, 86 %, 7025 MiB, 49140 MiB, 292.32 W, 300.00 W, 74, 1545 MHz
2026/09/23 17:22:13.779, 0, 98 %, 86 %, 7025 MiB, 49140 MiB, 292.71 W, 300.00 W, 73, 1815 MHz
2026/09/23 17:22:14.780, 0, 97 %, 86 %, 7025 MiB, 49140 MiB, 293.04 W, 300.00 W, 73, 1950 MHz
2026/09/23 17:22:15.782, 0, 97 %, 86 %, 7025 MiB, 49140 MiB, 291.42 W, 300.00 W, 72, 1965 MHz
2026/09/23 17:22:16.782, 0, 97 %, 85 %, 7025 MiB, 49140 MiB, 291.89 W, 300.00 W, 73, 1815 MHz
2026/09/23 17:22:17.784, 0, 98 %, 87 %, 7025 MiB, 49140 MiB, 291.91 W, 300.00 W, 74, 1545 MHz
2026/09/23 17:22:18.785, 0, 97 %, 86 %, 7025 MiB, 49140 MiB, 291.52 W, 300.00 W, 73, 1875 MHz
2026/09/23 17:22:19.786, 0, 96 %, 86 %, 7025 MiB, 49140 MiB, 292.91 W, 300.00 W, 73, 1800 MHz
2026/09/23 17:22:20.787, 0, 98 %, 86 %, 7025 MiB, 49140 MiB, 292.42 W, 300.00 W, 72, 1980 MHz
2026/09/23 17:22:21.787, 0, 98 %, 86 %, 7025 MiB, 49140 MiB, 291.56 W, 300.00 W, 73, 1680 MHz
2026/09/23 17:22:22.788, 0, 89 %, 72 %, 7025 MiB, 49140 MiB, 294.23 W, 300.00 W, 73, 1500 MHz
2026/09/23 17:22:23.789, 0, 97 %, 64 %, 7025 MiB, 49140 MiB, 232.32 W, 300.00 W, 68, 2730 MHz
2026/09/23 17:22:24.790, 0, 0 %, 0 %, 7025 MiB, 49140 MiB, 87.42 W, 300.00 W, 67, 2730 MHz
2026/09/23 17:22:25.791, 0, 98 %, 88 %, 7025 MiB, 49140 MiB, 213.83 W, 300.00 W, 73, 1815 MHz
2026/09/23 17:22:26.792, 0, 97 %, 87 %, 7025 MiB, 49140 MiB, 289.21 W, 300.00 W, 72, 1995 MHz
2026/09/23 17:22:27.792, 0, 97 %, 86 %, 7025 MiB, 49140 MiB, 291.56 W, 300.00 W, 72, 1785 MHz
2026/09/23 17:22:28.793, 0, 98 %, 87 %, 7025 MiB, 49140 MiB, 291.89 W, 300.00 W, 71, 2085 MHz
2026/09/23 17:22:29.794, 0, 98 %, 86 %, 7025 MiB, 49140 MiB, 290.99 W, 300.00 W, 72, 1830 MHz
2026/09/23 17:22:30.794, 0, 96 %, 85 %, 7025 MiB, 49140 MiB, 291.44 W, 300.00 W, 74, 1605 MHz
2026/09/23 17:22:31.795, 0, 98 %, 87 %, 7025 MiB, 49140 MiB, 292.12 W, 300.00 W, 72, 1845 MHz
2026/09/23 17:22:32.796, 0, 97 %, 86 %, 7025 MiB, 49140 MiB, 291.57 W, 300.00 W, 72, 1770 MHz
2026/09/23 17:22:33.796, 0, 98 %, 88 %, 7025 MiB, 49140 MiB, 290.94 W, 300.00 W, 72, 1920 MHz
2026/09/23 17:22:34.797, 0, 96 %, 85 %, 7025 MiB, 49140 MiB, 291.09 W, 300.00 W, 73, 1845 MHz
2026/09/23 17:22:35.798, 0, 98 %, 88 %, 7025 MiB, 49140 MiB, 291.75 W, 300.00 W, 74, 1605 MHz
2026/09/23 17:22:36.798, 0, 98 %, 88 %, 7025 MiB, 49140 MiB, 291.83 W, 300.00 W, 72, 1800 MHz
2026/09/23 17:22:37.799, 0, 97 %, 86 %, 7025 MiB, 49140 MiB, 291.86 W, 300.00 W, 72, 1950 MHz
2026/09/23 17:22:38.800, 0, 98 %, 87 %, 7025 MiB, 49140 MiB, 291.92 W, 300.00 W, 73, 2010 MHz
2026/09/23 17:22:39.801, 0, 98 %, 86 %, 7025 MiB, 49140 MiB, 290.98 W, 300.00 W, 73, 1800 MHz
2026/09/23 17:22:40.801, 0, 98 %, 87 %, 7025 MiB, 49140 MiB, 291.67 W, 300.00 W, 74, 1605 MHz
2026/09/23 17:22:41.802, 0, 98 %, 87 %, 7025 MiB, 49140 MiB, 291.69 W, 300.00 W, 73, 1935 MHz
2026/09/23 17:22:42.804, 0, 97 %, 86 %, 7025 MiB, 49140 MiB, 293.03 W, 300.00 W, 73, 1860 MHz
2026/09/23 17:22:43.805, 0, 97 %, 86 %, 7025 MiB, 49140 MiB, 292.05 W, 300.00 W, 72, 1995 MHz
2026/09/23 17:22:44.808, 0, 97 %, 86 %, 7025 MiB, 49140 MiB, 290.63 W, 300.00 W, 73, 1650 MHz
2026/09/23 17:22:45.808, 0, 97 %, 86 %, 7025 MiB, 49140 MiB, 292.57 W, 300.00 W, 74, 1530 MHz
2026/09/23 17:22:46.810, 0, 98 %, 88 %, 7025 MiB, 49140 MiB, 291.98 W, 300.00 W, 73, 1815 MHz
2026/09/23 17:22:47.811, 0, 96 %, 85 %, 7025 MiB, 49140 MiB, 291.83 W, 300.00 W, 73, 1620 MHz
2026/09/23 17:22:48.812, 0, 98 %, 88 %, 7025 MiB, 49140 MiB, 289.74 W, 300.00 W, 71, 2010 MHz
2026/09/23 17:22:49.812, 0, 98 %, 87 %, 7025 MiB, 49140 MiB, 290.03 W, 300.00 W, 73, 1590 MHz
2026/09/23 17:22:50.813, 0, 98 %, 88 %, 7025 MiB, 49140 MiB, 295.39 W, 300.00 W, 74, 1440 MHz
2026/09/23 17:22:51.814, 0, 95 %, 68 %, 7025 MiB, 49140 MiB, 290.91 W, 300.00 W, 68, 2160 MHz
2026/09/23 17:22:52.815, 0, 0 %, 0 %, 7025 MiB, 49140 MiB, 98.81 W, 300.00 W, 67, 2730 MHz
2026/09/23 17:22:53.815, 0, 0 %, 0 %, 7025 MiB, 49140 MiB, 162.08 W, 300.00 W, 71, 1890 MHz
2026/09/23 17:22:54.816, 0, 97 %, 88 %, 7025 MiB, 49140 MiB, 293.88 W, 300.00 W, 72, 1650 MHz
2026/09/23 17:22:55.817, 0, 97 %, 88 %, 7025 MiB, 49140 MiB, 291.21 W, 300.00 W, 71, 2025 MHz
2026/09/23 17:22:56.820, 0, 96 %, 85 %, 7025 MiB, 49140 MiB, 290.81 W, 300.00 W, 72, 1680 MHz
2026/09/23 17:22:57.820, 0, 97 %, 86 %, 7025 MiB, 49140 MiB, 292.08 W, 300.00 W, 74, 1560 MHz
2026/09/23 17:22:58.822, 0, 97 %, 87 %, 7025 MiB, 49140 MiB, 291.67 W, 300.00 W, 73, 1950 MHz
2026/09/23 17:22:59.823, 0, 98 %, 87 %, 7025 MiB, 49140 MiB, 290.63 W, 300.00 W, 73, 1620 MHz
2026/09/23 17:23:00.827, 0, 97 %, 88 %, 7025 MiB, 49140 MiB, 292.60 W, 300.00 W, 71, 1650 MHz
2026/09/23 17:23:01.827, 0, 98 %, 86 %, 7025 MiB, 49140 MiB, 291.31 W, 300.00 W, 72, 2010 MHz
2026/09/23 17:23:02.828, 0, 98 %, 87 %, 7025 MiB, 49140 MiB, 292.17 W, 300.00 W, 74, 1710 MHz
2026/09/23 17:23:03.830, 0, 98 %, 87 %, 7025 MiB, 49140 MiB, 291.37 W, 300.00 W, 73, 1545 MHz
2026/09/23 17:23:04.830, 0, 96 %, 85 %, 7025 MiB, 49140 MiB, 292.74 W, 300.00 W, 73, 1905 MHz
2026/09/23 17:23:05.833, 0, 98 %, 88 %, 7025 MiB, 49140 MiB, 291.97 W, 300.00 W, 71, 1680 MHz
2026/09/23 17:23:06.834, 0, 98 %, 86 %, 7025 MiB, 49140 MiB, 292.13 W, 300.00 W, 73, 2085 MHz
2026/09/23 17:23:07.835, 0, 98 %, 87 %, 7025 MiB, 49140 MiB, 292.45 W, 300.00 W, 74, 1680 MHz
2026/09/23 17:23:08.837, 0, 97 %, 86 %, 7025 MiB, 49140 MiB, 291.41 W, 300.00 W, 72, 1545 MHz
2026/09/23 17:23:09.838, 0, 95 %, 83 %, 7025 MiB, 49140 MiB, 293.34 W, 300.00 W, 72, 1845 MHz
2026/09/23 17:23:10.839, 0, 97 %, 88 %, 7025 MiB, 49140 MiB, 290.97 W, 300.00 W, 72, 1740 MHz
2026/09/23 17:23:11.840, 0, 98 %, 86 %, 7025 MiB, 49140 MiB, 291.55 W, 300.00 W, 73, 2160 MHz
2026/09/23 17:23:12.841, 0, 98 %, 88 %, 7025 MiB, 49140 MiB, 290.92 W, 300.00 W, 73, 1635 MHz
2026/09/23 17:23:13.842, 0, 97 %, 87 %, 7025 MiB, 49140 MiB, 291.38 W, 300.00 W, 72, 1590 MHz
2026/09/23 17:23:14.842, 0, 97 %, 86 %, 7025 MiB, 49140 MiB, 292.93 W, 300.00 W, 73, 1830 MHz
2026/09/23 17:23:15.845, 0, 98 %, 89 %, 7025 MiB, 49140 MiB, 291.98 W, 300.00 W, 72, 1935 MHz
2026/09/23 17:23:16.845, 0, 97 %, 86 %, 7025 MiB, 49140 MiB, 291.11 W, 300.00 W, 73, 1935 MHz
2026/09/23 17:23:17.846, 0, 98 %, 88 %, 7025 MiB, 49140 MiB, 292.70 W, 300.00 W, 74, 1875 MHz
2026/09/23 17:23:18.847, 0, 98 %, 89 %, 7025 MiB, 49140 MiB, 292.35 W, 300.00 W, 73, 1605 MHz
2026/09/23 17:23:19.847, 0, 96 %, 69 %, 7025 MiB, 49140 MiB, 297.61 W, 300.00 W, 74, 1485 MHz
2026/09/23 17:23:20.848, 0, 9 %, 0 %, 7025 MiB, 49140 MiB, 159.06 W, 300.00 W, 67, 2730 MHz
2026/09/23 17:23:21.848, 0, 0 %, 0 %, 7025 MiB, 49140 MiB, 104.50 W, 300.00 W, 72, 1965 MHz
2026/09/23 17:23:22.849, 0, 98 %, 89 %, 7025 MiB, 49140 MiB, 291.62 W, 300.00 W, 70, 1665 MHz
2026/09/23 17:23:23.850, 0, 97 %, 86 %, 7025 MiB, 49140 MiB, 290.75 W, 300.00 W, 72, 2040 MHz
2026/09/23 17:23:24.852, 0, 97 %, 87 %, 7025 MiB, 49140 MiB, 288.88 W, 300.00 W, 74, 1815 MHz
2026/09/23 17:23:25.852, 0, 98 %, 88 %, 7025 MiB, 49140 MiB, 287.66 W, 300.00 W, 72, 1575 MHz
2026/09/23 17:23:26.853, 0, 97 %, 86 %, 7025 MiB, 49140 MiB, 291.81 W, 300.00 W, 72, 1830 MHz
2026/09/23 17:23:27.854, 0, 97 %, 87 %, 7025 MiB, 49140 MiB, 291.96 W, 300.00 W, 73, 1845 MHz
2026/09/23 17:23:28.855, 0, 98 %, 89 %, 7025 MiB, 49140 MiB, 292.34 W, 300.00 W, 71, 1680 MHz
2026/09/23 17:23:29.856, 0, 98 %, 86 %, 7025 MiB, 49140 MiB, 291.30 W, 300.00 W, 73, 2070 MHz
2026/09/23 17:23:30.858, 0, 98 %, 87 %, 7025 MiB, 49140 MiB, 291.13 W, 300.00 W, 74, 1770 MHz
2026/09/23 17:23:31.859, 0, 97 %, 86 %, 7025 MiB, 49140 MiB, 291.12 W, 300.00 W, 73, 1635 MHz
2026/09/23 17:23:32.861, 0, 96 %, 86 %, 7025 MiB, 49140 MiB, 291.52 W, 300.00 W, 73, 1860 MHz
2026/09/23 17:23:33.861, 0, 97 %, 89 %, 7025 MiB, 49140 MiB, 293.02 W, 300.00 W, 73, 1785 MHz
2026/09/23 17:23:34.862, 0, 98 %, 89 %, 7025 MiB, 49140 MiB, 291.17 W, 300.00 W, 71, 1650 MHz
2026/09/23 17:23:35.862, 0, 97 %, 87 %, 7025 MiB, 49140 MiB, 291.08 W, 300.00 W, 72, 1980 MHz
2026/09/23 17:23:36.863, 0, 97 %, 86 %, 7025 MiB, 49140 MiB, 291.66 W, 300.00 W, 74, 1815 MHz
2026/09/23 17:23:37.864, 0, 98 %, 87 %, 7025 MiB, 49140 MiB, 292.13 W, 300.00 W, 72, 1635 MHz
2026/09/23 17:23:38.865, 0, 98 %, 88 %, 7025 MiB, 49140 MiB, 291.84 W, 300.00 W, 72, 1620 MHz
2026/09/23 17:23:39.866, 0, 98 %, 88 %, 7025 MiB, 49140 MiB, 293.87 W, 300.00 W, 73, 1890 MHz
2026/09/23 17:23:40.867, 0, 97 %, 87 %, 7025 MiB, 49140 MiB, 292.10 W, 300.00 W, 71, 1830 MHz
2026/09/23 17:23:41.868, 0, 97 %, 86 %, 7025 MiB, 49140 MiB, 290.63 W, 300.00 W, 73, 1980 MHz
2026/09/23 17:23:42.869, 0, 98 %, 88 %, 7025 MiB, 49140 MiB, 291.48 W, 300.00 W, 74, 1980 MHz
2026/09/23 17:23:43.870, 0, 98 %, 87 %, 7025 MiB, 49140 MiB, 289.90 W, 300.00 W, 72, 1575 MHz
2026/09/23 17:23:44.870, 0, 98 %, 86 %, 7025 MiB, 49140 MiB, 292.68 W, 300.00 W, 73, 1860 MHz
2026/09/23 17:23:45.872, 0, 95 %, 86 %, 7025 MiB, 49140 MiB, 290.79 W, 300.00 W, 72, 1905 MHz
2026/09/23 17:23:46.873, 0, 97 %, 86 %, 7025 MiB, 49140 MiB, 290.45 W, 300.00 W, 73, 2040 MHz
2026/09/23 17:23:47.874, 0, 88 %, 67 %, 7025 MiB, 49140 MiB, 295.65 W, 300.00 W, 74, 1470 MHz
2026/09/23 17:23:48.875, 0, 95 %, 67 %, 7025 MiB, 49140 MiB, 211.62 W, 300.00 W, 67, 2730 MHz
2026/09/23 17:23:49.876, 0, 0 %, 0 %, 7025 MiB, 49140 MiB, 88.25 W, 300.00 W, 67, 2730 MHz
2026/09/23 17:23:50.877, 0, 97 %, 88 %, 7025 MiB, 49140 MiB, 193.59 W, 300.00 W, 71, 1890 MHz
2026/09/23 17:23:51.878, 0, 98 %, 89 %, 7025 MiB, 49140 MiB, 291.02 W, 300.00 W, 71, 2040 MHz
2026/09/23 17:23:52.878, 0, 98 %, 88 %, 7025 MiB, 49140 MiB, 291.62 W, 300.00 W, 73, 1620 MHz
2026/09/23 17:23:53.879, 0, 98 %, 89 %, 7025 MiB, 49140 MiB, 291.58 W, 300.00 W, 73, 2025 MHz
2026/09/23 17:23:54.880, 0, 98 %, 88 %, 7025 MiB, 49140 MiB, 290.25 W, 300.00 W, 72, 1710 MHz
2026/09/23 17:23:55.881, 0, 97 %, 86 %, 7025 MiB, 49140 MiB, 291.92 W, 300.00 W, 72, 1605 MHz
2026/09/23 17:23:56.884, 0, 96 %, 86 %, 7025 MiB, 49140 MiB, 291.70 W, 300.00 W, 72, 1905 MHz
2026/09/23 17:23:57.885, 0, 98 %, 88 %, 7025 MiB, 49140 MiB, 290.36 W, 300.00 W, 72, 1950 MHz
2026/09/23 17:23:58.886, 0, 94 %, 85 %, 7025 MiB, 49140 MiB, 290.86 W, 300.00 W, 73, 1680 MHz
2026/09/23 17:23:59.887, 0, 97 %, 88 %, 7025 MiB, 49140 MiB, 290.48 W, 300.00 W, 73, 2055 MHz
2026/09/23 17:24:00.890, 0, 96 %, 87 %, 7025 MiB, 49140 MiB, 289.11 W, 300.00 W, 72, 1635 MHz
2026/09/23 17:24:01.891, 0, 98 %, 88 %, 7025 MiB, 49140 MiB, 292.77 W, 300.00 W, 72, 1560 MHz
2026/09/23 17:24:02.891, 0, 97 %, 87 %, 7025 MiB, 49140 MiB, 291.63 W, 300.00 W, 72, 1920 MHz
2026/09/23 17:24:03.892, 0, 98 %, 86 %, 7025 MiB, 49140 MiB, 291.15 W, 300.00 W, 73, 1920 MHz
2026/09/23 17:24:04.894, 0, 97 %, 86 %, 7025 MiB, 49140 MiB, 289.85 W, 300.00 W, 74, 1965 MHz
2026/09/23 17:24:05.894, 0, 96 %, 86 %, 7025 MiB, 49140 MiB, 291.32 W, 300.00 W, 72, 1890 MHz
2026/09/23 17:24:06.896, 0, 97 %, 87 %, 7025 MiB, 49140 MiB, 290.64 W, 300.00 W, 72, 1650 MHz
2026/09/23 17:24:07.898, 0, 97 %, 88 %, 7025 MiB, 49140 MiB, 290.65 W, 300.00 W, 73, 1575 MHz
2026/09/23 17:24:08.899, 0, 98 %, 88 %, 7025 MiB, 49140 MiB, 288.77 W, 300.00 W, 72, 1920 MHz
2026/09/23 17:24:09.900, 0, 98 %, 88 %, 7025 MiB, 49140 MiB, 291.71 W, 300.00 W, 73, 1650 MHz
2026/09/23 17:24:10.902, 0, 97 %, 87 %, 7025 MiB, 49140 MiB, 293.05 W, 300.00 W, 74, 1965 MHz
2026/09/23 17:24:11.902, 0, 97 %, 87 %, 7025 MiB, 49140 MiB, 290.92 W, 300.00 W, 73, 1800 MHz
2026/09/23 17:24:12.903, 0, 97 %, 86 %, 7025 MiB, 49140 MiB, 290.30 W, 300.00 W, 73, 1590 MHz
2026/09/23 17:24:13.904, 0, 98 %, 87 %, 7025 MiB, 49140 MiB, 288.65 W, 300.00 W, 71, 1800 MHz
2026/09/23 17:24:14.905, 0, 98 %, 88 %, 7025 MiB, 49140 MiB, 287.35 W, 300.00 W, 74, 1650 MHz
2026/09/23 17:24:15.906, 0, 97 %, 86 %, 7025 MiB, 49140 MiB, 294.82 W, 300.00 W, 73, 1530 MHz
2026/09/23 17:24:16.907, 0, 95 %, 68 %, 7025 MiB, 49140 MiB, 271.21 W, 300.00 W, 68, 2730 MHz
2026/09/23 17:24:17.907, 0, 0 %, 0 %, 7025 MiB, 49140 MiB, 87.91 W, 300.00 W, 67, 2730 MHz
2026/09/23 17:24:18.908, 0, 0 %, 0 %, 7025 MiB, 49140 MiB, 171.15 W, 300.00 W, 72, 2040 MHz
2026/09/23 17:24:19.909, 0, 98 %, 87 %, 7025 MiB, 49140 MiB, 288.94 W, 300.00 W, 72, 1680 MHz
2026/09/23 17:24:20.910, 0, 95 %, 85 %, 7025 MiB, 49140 MiB, 289.35 W, 300.00 W, 73, 2025 MHz
2026/09/23 17:24:21.911, 0, 97 %, 87 %, 7025 MiB, 49140 MiB, 286.79 W, 300.00 W, 71, 1650 MHz
2026/09/23 17:24:22.912, 0, 99 %, 90 %, 7025 MiB, 49140 MiB, 290.30 W, 300.00 W, 72, 1590 MHz
2026/09/23 17:24:23.913, 0, 97 %, 85 %, 7025 MiB, 49140 MiB, 289.23 W, 300.00 W, 72, 1875 MHz
2026/09/23 17:24:24.914, 0, 97 %, 87 %, 7025 MiB, 49140 MiB, 291.98 W, 300.00 W, 71, 1845 MHz
2026/09/23 17:24:25.915, 0, 97 %, 88 %, 7025 MiB, 49140 MiB, 291.00 W, 300.00 W, 72, 1800 MHz
2026/09/23 17:24:26.915, 0, 98 %, 86 %, 7025 MiB, 49140 MiB, 291.79 W, 300.00 W, 74, 1965 MHz
2026/09/23 17:24:27.916, 0, 97 %, 87 %, 7025 MiB, 49140 MiB, 291.12 W, 300.00 W, 72, 1965 MHz
2026/09/23 17:24:28.917, 0, 97 %, 88 %, 7025 MiB, 49140 MiB, 291.89 W, 300.00 W, 72, 1590 MHz
2026/09/23 17:24:29.917, 0, 99 %, 89 %, 7025 MiB, 49140 MiB, 292.26 W, 300.00 W, 73, 1635 MHz
2026/09/23 17:24:30.918, 0, 97 %, 87 %, 7025 MiB, 49140 MiB, 292.41 W, 300.00 W, 71, 1845 MHz
2026/09/23 17:24:31.919, 0, 96 %, 89 %, 7025 MiB, 49140 MiB, 290.61 W, 300.00 W, 73, 1890 MHz
2026/09/23 17:24:32.920, 0, 97 %, 86 %, 7025 MiB, 49140 MiB, 291.26 W, 300.00 W, 74, 2040 MHz
2026/09/23 17:24:33.920, 0, 97 %, 86 %, 7025 MiB, 49140 MiB, 290.61 W, 300.00 W, 72, 1920 MHz
2026/09/23 17:24:34.921, 0, 98 %, 86 %, 7025 MiB, 49140 MiB, 291.12 W, 300.00 W, 72, 1560 MHz
2026/09/23 17:24:35.922, 0, 97 %, 85 %, 7025 MiB, 49140 MiB, 292.06 W, 300.00 W, 72, 1800 MHz
2026/09/23 17:24:36.923, 0, 97 %, 87 %, 7025 MiB, 49140 MiB, 291.49 W, 300.00 W, 72, 1860 MHz
2026/09/23 17:24:37.923, 0, 97 %, 88 %, 7025 MiB, 49140 MiB, 291.41 W, 300.00 W, 73, 1680 MHz
2026/09/23 17:24:38.924, 0, 98 %, 87 %, 7025 MiB, 49140 MiB, 290.10 W, 300.00 W, 72, 2025 MHz
2026/09/23 17:24:39.925, 0, 98 %, 88 %, 7025 MiB, 49140 MiB, 292.05 W, 300.00 W, 72, 2025 MHz
2026/09/23 17:24:40.927, 0, 99 %, 88 %, 7025 MiB, 49140 MiB, 292.35 W, 300.00 W, 73, 1830 MHz
2026/09/23 17:24:41.927, 0, 97 %, 85 %, 7025 MiB, 49140 MiB, 291.89 W, 300.00 W, 72, 1665 MHz
2026/09/23 17:24:42.929, 0, 97 %, 87 %, 7025 MiB, 49140 MiB, 291.68 W, 300.00 W, 72, 1635 MHz
2026/09/23 17:24:43.930, 0, 98 %, 88 %, 7025 MiB, 49140 MiB, 292.04 W, 300.00 W, 73, 1470 MHz
2026/09/23 17:24:44.931, 0, 95 %, 68 %, 7025 MiB, 49140 MiB, 298.46 W, 300.00 W, 73, 1395 MHz
2026/09/23 17:24:45.931, 0, 0 %, 0 %, 7025 MiB, 49140 MiB, 135.14 W, 300.00 W, 67, 2730 MHz
2026/09/23 17:24:46.932, 0, 0 %, 0 %, 7025 MiB, 49140 MiB, 121.40 W, 300.00 W, 71, 1740 MHz
2026/09/23 17:24:47.933, 0, 97 %, 87 %, 7025 MiB, 49140 MiB, 290.09 W, 300.00 W, 70, 1590 MHz
2026/09/23 17:24:48.933, 0, 98 %, 89 %, 7025 MiB, 49140 MiB, 289.72 W, 300.00 W, 72, 1905 MHz
2026/09/23 17:24:49.934, 0, 97 %, 88 %, 7025 MiB, 49140 MiB, 292.88 W, 300.00 W, 73, 1845 MHz
2026/09/23 17:24:50.935, 0, 97 %, 85 %, 7025 MiB, 49140 MiB, 291.33 W, 300.00 W, 74, 1920 MHz
2026/09/23 17:24:51.937, 0, 97 %, 86 %, 7025 MiB, 49140 MiB, 290.91 W, 300.00 W, 72, 1935 MHz
2026/09/23 17:24:52.938, 0, 98 %, 90 %, 7025 MiB, 49140 MiB, 289.02 W, 300.00 W, 72, 1995 MHz
2026/09/23 17:24:53.939, 0, 98 %, 87 %, 7025 MiB, 49140 MiB, 291.90 W, 300.00 W, 73, 1590 MHz
2026/09/23 17:24:54.939, 0, 97 %, 87 %, 7025 MiB, 49140 MiB, 291.67 W, 300.00 W, 71, 1560 MHz
2026/09/23 17:24:55.941, 0, 97 %, 88 %, 7025 MiB, 49140 MiB, 289.31 W, 300.00 W, 73, 1830 MHz
2026/09/23 17:24:56.942, 0, 98 %, 87 %, 7025 MiB, 49140 MiB, 291.72 W, 300.00 W, 74, 1860 MHz
2026/09/23 17:24:57.943, 0, 98 %, 87 %, 7025 MiB, 49140 MiB, 291.04 W, 300.00 W, 72, 1965 MHz
2026/09/23 17:24:58.943, 0, 98 %, 89 %, 7025 MiB, 49140 MiB, 292.82 W, 300.00 W, 72, 2025 MHz
2026/09/23 17:24:59.944, 0, 98 %, 89 %, 7025 MiB, 49140 MiB, 293.63 W, 300.00 W, 72, 1650 MHz
2026/09/23 17:25:00.948, 0, 98 %, 86 %, 7025 MiB, 49140 MiB, 291.94 W, 300.00 W, 72, 1605 MHz
2026/09/23 17:25:01.949, 0, 97 %, 91 %, 7025 MiB, 49140 MiB, 289.68 W, 300.00 W, 72, 1995 MHz
2026/09/23 17:25:02.950, 0, 96 %, 85 %, 7025 MiB, 49140 MiB, 289.37 W, 300.00 W, 74, 1755 MHz
2026/09/23 17:25:03.951, 0, 98 %, 87 %, 7025 MiB, 49140 MiB, 290.19 W, 300.00 W, 73, 2085 MHz
2026/09/23 17:25:04.952, 0, 97 %, 86 %, 7025 MiB, 49140 MiB, 292.23 W, 300.00 W, 73, 1965 MHz
2026/09/23 17:25:05.953, 0, 98 %, 86 %, 7025 MiB, 49140 MiB, 291.23 W, 300.00 W, 72, 1590 MHz
2026/09/23 17:25:06.953, 0, 98 %, 87 %, 7025 MiB, 49140 MiB, 292.10 W, 300.00 W, 72, 1665 MHz
2026/09/23 17:25:07.954, 0, 98 %, 88 %, 7025 MiB, 49140 MiB, 291.54 W, 300.00 W, 73, 1815 MHz
2026/09/23 17:25:08.955, 0, 97 %, 87 %, 7025 MiB, 49140 MiB, 290.55 W, 300.00 W, 73, 1620 MHz
2026/09/23 17:25:09.956, 0, 94 %, 84 %, 7025 MiB, 49140 MiB, 289.46 W, 300.00 W, 72, 2025 MHz
2026/09/23 17:25:10.957, 0, 98 %, 89 %, 7025 MiB, 49140 MiB, 293.40 W, 300.00 W, 73, 1695 MHz
2026/09/23 17:25:11.959, 0, 98 %, 87 %, 7025 MiB, 49140 MiB, 289.77 W, 300.00 W, 71, 1650 MHz
2026/09/23 17:25:12.959, 0, 92 %, 68 %, 7025 MiB, 49140 MiB, 295.66 W, 300.00 W, 74, 1440 MHz
2026/09/23 17:25:13.960, 0, 37 %, 25 %, 7025 MiB, 49140 MiB, 190.57 W, 300.00 W, 67, 2730 MHz
2026/09/23 17:25:14.961, 0, 0 %, 0 %, 7025 MiB, 49140 MiB, 87.93 W, 300.00 W, 67, 2730 MHz
2026/09/23 17:25:15.966, 0, 97 %, 84 %, 7025 MiB, 49140 MiB, 217.94 W, 300.00 W, 71, 1905 MHz
2026/09/23 17:25:16.967, 0, 97 %, 87 %, 7025 MiB, 49140 MiB, 290.97 W, 300.00 W, 71, 1710 MHz
2026/09/23 17:25:17.968, 0, 97 %, 88 %, 7025 MiB, 49140 MiB, 291.80 W, 300.00 W, 72, 2010 MHz
2026/09/23 17:25:18.970, 0, 98 %, 87 %, 7025 MiB, 49140 MiB, 289.09 W, 300.00 W, 74, 1965 MHz
2026/09/23 17:25:19.971, 0, 98 %, 88 %, 7025 MiB, 49140 MiB, 290.31 W, 300.00 W, 73, 1635 MHz
2026/09/23 17:25:20.972, 0, 90 %, 83 %, 7025 MiB, 49140 MiB, 286.67 W, 300.00 W, 72, 2055 MHz
2026/09/23 17:25:21.973, 0, 96 %, 87 %, 7025 MiB, 49140 MiB, 289.55 W, 300.00 W, 73, 1635 MHz
2026/09/23 17:25:22.973, 0, 98 %, 88 %, 7025 MiB, 49140 MiB, 291.47 W, 300.00 W, 71, 1575 MHz
2026/09/23 17:25:23.974, 0, 97 %, 89 %, 7025 MiB, 49140 MiB, 289.87 W, 300.00 W, 72, 1920 MHz
2026/09/23 17:25:24.975, 0, 97 %, 87 %, 7025 MiB, 49140 MiB, 291.12 W, 300.00 W, 74, 1905 MHz
2026/09/23 17:25:25.976, 0, 97 %, 87 %, 7025 MiB, 49140 MiB, 288.32 W, 300.00 W, 72, 2295 MHz
2026/09/23 17:25:26.977, 0, 99 %, 88 %, 7025 MiB, 49140 MiB, 291.15 W, 300.00 W, 73, 1860 MHz
2026/09/23 17:25:27.977, 0, 98 %, 86 %, 7025 MiB, 49140 MiB, 290.96 W, 300.00 W, 72, 1665 MHz
2026/09/23 17:25:28.978, 0, 98 %, 87 %, 7025 MiB, 49140 MiB, 292.35 W, 300.00 W, 71, 1650 MHz
2026/09/23 17:25:29.978, 0, 97 %, 89 %, 7025 MiB, 49140 MiB, 289.66 W, 300.00 W, 73, 1620 MHz
2026/09/23 17:25:30.979, 0, 97 %, 86 %, 7025 MiB, 49140 MiB, 291.81 W, 300.00 W, 74, 1965 MHz
2026/09/23 17:25:31.980, 0, 98 %, 88 %, 7025 MiB, 49140 MiB, 290.59 W, 300.00 W, 72, 2100 MHz
2026/09/23 17:25:32.980, 0, 97 %, 88 %, 7025 MiB, 49140 MiB, 290.75 W, 300.00 W, 72, 1740 MHz
2026/09/23 17:25:33.981, 0, 99 %, 89 %, 7025 MiB, 49140 MiB, 292.29 W, 300.00 W, 73, 2040 MHz
2026/09/23 17:25:34.982, 0, 96 %, 86 %, 7025 MiB, 49140 MiB, 291.10 W, 300.00 W, 72, 1710 MHz
2026/09/23 17:25:35.983, 0, 98 %, 90 %, 7025 MiB, 49140 MiB, 288.82 W, 300.00 W, 73, 1665 MHz
2026/09/23 17:25:36.984, 0, 98 %, 86 %, 7025 MiB, 49140 MiB, 291.82 W, 300.00 W, 74, 1920 MHz
2026/09/23 17:25:37.985, 0, 97 %, 86 %, 7025 MiB, 49140 MiB, 291.87 W, 300.00 W, 73, 1950 MHz
2026/09/23 17:25:38.985, 0, 97 %, 88 %, 7025 MiB, 49140 MiB, 292.49 W, 300.00 W, 73, 1680 MHz
2026/09/23 17:25:39.986, 0, 98 %, 89 %, 7025 MiB, 49140 MiB, 292.40 W, 300.00 W, 73, 2070 MHz
2026/09/23 17:25:40.990, 0, 97 %, 86 %, 7025 MiB, 49140 MiB, 294.07 W, 300.00 W, 74, 1515 MHz
2026/09/23 17:25:41.991, 0, 97 %, 67 %, 7025 MiB, 49140 MiB, 240.02 W, 300.00 W, 67, 2505 MHz
2026/09/23 17:25:42.991, 0, 0 %, 0 %, 7025 MiB, 49140 MiB, 73.10 W, 300.00 W, 66, 2505 MHz
2026/09/23 17:25:43.992, 0, 98 %, 89 %, 7025 MiB, 49140 MiB, 194.61 W, 300.00 W, 71, 1995 MHz
2026/09/23 17:25:44.993, 0, 98 %, 89 %, 7025 MiB, 49140 MiB, 293.03 W, 300.00 W, 72, 1710 MHz
2026/09/23 17:25:45.994, 0, 97 %, 87 %, 7025 MiB, 49140 MiB, 290.48 W, 300.00 W, 72, 1905 MHz
2026/09/23 17:25:46.995, 0, 98 %, 87 %, 7025 MiB, 49140 MiB, 288.89 W, 300.00 W, 72, 1950 MHz
2026/09/23 17:25:47.995, 0, 98 %, 87 %, 7025 MiB, 49140 MiB, 291.32 W, 300.00 W, 71, 1665 MHz
2026/09/23 17:25:48.996, 0, 98 %, 89 %, 7025 MiB, 49140 MiB, 291.10 W, 300.00 W, 72, 1590 MHz
2026/09/23 17:25:49.997, 0, 97 %, 86 %, 7025 MiB, 49140 MiB, 291.11 W, 300.00 W, 74, 1875 MHz
2026/09/23 17:25:50.998, 0, 97 %, 87 %, 7025 MiB, 49140 MiB, 291.57 W, 300.00 W, 72, 1965 MHz
2026/09/23 17:25:52.000, 0, 97 %, 89 %, 7025 MiB, 49140 MiB, 289.47 W, 300.00 W, 72, 1770 MHz
2026/09/23 17:25:53.001, 0, 98 %, 89 %, 7025 MiB, 49140 MiB, 292.91 W, 300.00 W, 73, 1995 MHz
2026/09/23 17:25:54.002, 0, 97 %, 87 %, 7025 MiB, 49140 MiB, 287.80 W, 300.00 W, 71, 1650 MHz
2026/09/23 17:25:55.002, 0, 97 %, 88 %, 7025 MiB, 49140 MiB, 290.59 W, 300.00 W, 73, 1605 MHz
2026/09/23 17:25:56.003, 0, 96 %, 86 %, 7025 MiB, 49140 MiB, 291.24 W, 300.00 W, 74, 1890 MHz
2026/09/23 17:25:57.004, 0, 98 %, 86 %, 7025 MiB, 49140 MiB, 290.56 W, 300.00 W, 72, 2025 MHz
2026/09/23 17:25:58.005, 0, 98 %, 88 %, 7025 MiB, 49140 MiB, 293.61 W, 300.00 W, 73, 1710 MHz
2026/09/23 17:25:59.007, 0, 99 %, 87 %, 7025 MiB, 49140 MiB, 292.78 W, 300.00 W, 73, 2055 MHz
2026/09/23 17:26:00.008, 0, 99 %, 87 %, 7025 MiB, 49140 MiB, 290.08 W, 300.00 W, 72, 1920 MHz
2026/09/23 17:26:01.010, 0, 97 %, 87 %, 7025 MiB, 49140 MiB, 290.97 W, 300.00 W, 72, 1590 MHz
2026/09/23 17:26:02.012, 0, 96 %, 86 %, 7025 MiB, 49140 MiB, 288.60 W, 300.00 W, 74, 1710 MHz
2026/09/23 17:26:03.013, 0, 98 %, 87 %, 7025 MiB, 49140 MiB, 290.70 W, 300.00 W, 74, 1905 MHz
2026/09/23 17:26:04.013, 0, 97 %, 86 %, 7025 MiB, 49140 MiB, 288.79 W, 300.00 W, 72, 1980 MHz
2026/09/23 17:26:05.014, 0, 98 %, 90 %, 7025 MiB, 49140 MiB, 289.65 W, 300.00 W, 73, 1890 MHz
2026/09/23 17:26:06.015, 0, 98 %, 89 %, 7025 MiB, 49140 MiB, 293.37 W, 300.00 W, 73, 2025 MHz
2026/09/23 17:26:07.016, 0, 98 %, 86 %, 7025 MiB, 49140 MiB, 289.42 W, 300.00 W, 72, 1605 MHz
2026/09/23 17:26:08.018, 0, 98 %, 89 %, 7025 MiB, 49140 MiB, 291.14 W, 300.00 W, 74, 1605 MHz
2026/09/23 17:26:09.018, 0, 98 %, 87 %, 7025 MiB, 49140 MiB, 294.32 W, 300.00 W, 74, 1410 MHz
2026/09/23 17:26:10.019, 0, 96 %, 67 %, 7025 MiB, 49140 MiB, 290.48 W, 300.00 W, 68, 2175 MHz
2026/09/23 17:26:11.020, 0, 0 %, 0 %, 7025 MiB, 49140 MiB, 98.23 W, 300.00 W, 67, 2730 MHz
2026/09/23 17:26:12.020, 0, 0 %, 0 %, 7025 MiB, 49140 MiB, 94.79 W, 300.00 W, 70, 1755 MHz
2026/09/23 17:26:13.021, 0, 97 %, 91 %, 7025 MiB, 49140 MiB, 292.55 W, 300.00 W, 71, 1665 MHz
2026/09/23 17:26:14.021, 0, 98 %, 88 %, 7025 MiB, 49140 MiB, 292.50 W, 300.00 W, 72, 1575 MHz
2026/09/23 17:26:15.022, 0, 96 %, 85 %, 7025 MiB, 49140 MiB, 286.78 W, 300.00 W, 72, 1845 MHz
2026/09/23 17:26:16.025, 0, 97 %, 87 %, 7025 MiB, 49140 MiB, 288.38 W, 300.00 W, 72, 2025 MHz
2026/09/23 17:26:17.026, 0, 97 %, 88 %, 7025 MiB, 49140 MiB, 291.67 W, 300.00 W, 72, 1815 MHz
2026/09/23 17:26:18.026, 0, 98 %, 88 %, 7025 MiB, 49140 MiB, 290.56 W, 300.00 W, 72, 2025 MHz
2026/09/23 17:26:19.027, 0, 98 %, 86 %, 7025 MiB, 49140 MiB, 290.38 W, 300.00 W, 72, 1905 MHz
2026/09/23 17:26:20.029, 0, 96 %, 86 %, 7025 MiB, 49140 MiB, 290.19 W, 300.00 W, 72, 2010 MHz
2026/09/23 17:26:21.030, 0, 96 %, 88 %, 7025 MiB, 49140 MiB, 290.37 W, 300.00 W, 73, 1665 MHz
2026/09/23 17:26:22.031, 0, 98 %, 87 %, 7025 MiB, 49140 MiB, 291.49 W, 300.00 W, 74, 1590 MHz
2026/09/23 17:26:23.033, 0, 96 %, 86 %, 7025 MiB, 49140 MiB, 290.62 W, 300.00 W, 73, 1995 MHz
2026/09/23 17:26:24.034, 0, 96 %, 87 %, 7025 MiB, 49140 MiB, 291.58 W, 300.00 W, 73, 1965 MHz
2026/09/23 17:26:25.034, 0, 99 %, 88 %, 7025 MiB, 49140 MiB, 291.15 W, 300.00 W, 73, 1830 MHz
2026/09/23 17:26:26.035, 0, 97 %, 87 %, 7025 MiB, 49140 MiB, 291.42 W, 300.00 W, 71, 2010 MHz
2026/09/23 17:26:27.036, 0, 94 %, 88 %, 7025 MiB, 49140 MiB, 290.89 W, 300.00 W, 73, 1890 MHz
2026/09/23 17:26:28.038, 0, 98 %, 87 %, 7025 MiB, 49140 MiB, 291.78 W, 300.00 W, 74, 1590 MHz
2026/09/23 17:26:29.038, 0, 98 %, 87 %, 7025 MiB, 49140 MiB, 291.65 W, 300.00 W, 73, 1590 MHz
2026/09/23 17:26:30.039, 0, 96 %, 87 %, 7025 MiB, 49140 MiB, 289.75 W, 300.00 W, 72, 1845 MHz
2026/09/23 17:26:31.040, 0, 98 %, 88 %, 7025 MiB, 49140 MiB, 291.20 W, 300.00 W, 73, 1830 MHz
2026/09/23 17:26:32.041, 0, 98 %, 86 %, 7025 MiB, 49140 MiB, 288.89 W, 300.00 W, 72, 1980 MHz
2026/09/23 17:26:33.043, 0, 97 %, 90 %, 7025 MiB, 49140 MiB, 286.00 W, 300.00 W, 73, 1710 MHz
2026/09/23 17:26:34.046, 0, 97 %, 87 %, 7025 MiB, 49140 MiB, 287.91 W, 300.00 W, 74, 1650 MHz
2026/09/23 17:26:35.046, 0, 97 %, 86 %, 7025 MiB, 49140 MiB, 290.67 W, 300.00 W, 73, 1605 MHz
2026/09/23 17:26:36.047, 0, 96 %, 87 %, 7025 MiB, 49140 MiB, 290.36 W, 300.00 W, 72, 1905 MHz
2026/09/23 17:26:37.048, 0, 97 %, 87 %, 7025 MiB, 49140 MiB, 291.99 W, 300.00 W, 73, 2025 MHz
2026/09/23 17:26:38.049, 0, 95 %, 72 %, 7025 MiB, 49140 MiB, 294.36 W, 300.00 W, 73, 1515 MHz
2026/09/23 17:26:39.049, 0, 96 %, 68 %, 7025 MiB, 49140 MiB, 197.57 W, 300.00 W, 66, 2505 MHz
2026/09/23 17:26:40.051, 0, 0 %, 0 %, 7025 MiB, 49140 MiB, 72.08 W, 300.00 W, 66, 2505 MHz
2026/09/23 17:26:41.052, 0, 97 %, 86 %, 7025 MiB, 49140 MiB, 220.85 W, 300.00 W, 71, 1980 MHz
2026/09/23 17:26:42.052, 0, 96 %, 89 %, 7025 MiB, 49140 MiB, 289.73 W, 300.00 W, 71, 2010 MHz
2026/09/23 17:26:43.053, 0, 97 %, 88 %, 7025 MiB, 49140 MiB, 291.95 W, 300.00 W, 72, 1665 MHz
2026/09/23 17:26:44.055, 0, 97 %, 86 %, 7025 MiB, 49140 MiB, 289.23 W, 300.00 W, 74, 1620 MHz
2026/09/23 17:26:45.056, 0, 98 %, 88 %, 7025 MiB, 49140 MiB, 289.38 W, 300.00 W, 72, 1890 MHz
2026/09/23 17:26:46.056, 0, 97 %, 88 %, 7025 MiB, 49140 MiB, 288.80 W, 300.00 W, 72, 1785 MHz
2026/09/23 17:26:47.058, 0, 97 %, 88 %, 7025 MiB, 49140 MiB, 289.63 W, 300.00 W, 73, 1710 MHz
2026/09/23 17:26:48.059, 0, 96 %, 86 %, 7025 MiB, 49140 MiB, 286.82 W, 300.00 W, 72, 1950 MHz
2026/09/23 17:26:49.060, 0, 98 %, 88 %, 7025 MiB, 49140 MiB, 289.98 W, 300.00 W, 73, 1590 MHz
2026/09/23 17:26:50.061, 0, 97 %, 87 %, 7025 MiB, 49140 MiB, 289.52 W, 300.00 W, 73, 1575 MHz
2026/09/23 17:26:51.062, 0, 97 %, 87 %, 7025 MiB, 49140 MiB, 288.30 W, 300.00 W, 73, 1980 MHz
2026/09/23 17:26:52.063, 0, 98 %, 90 %, 7025 MiB, 49140 MiB, 291.40 W, 300.00 W, 72, 2025 MHz
2026/09/23 17:26:53.064, 0, 99 %, 89 %, 7025 MiB, 49140 MiB, 293.14 W, 300.00 W, 73, 1680 MHz
2026/09/23 17:26:54.065, 0, 91 %, 81 %, 7025 MiB, 49140 MiB, 288.71 W, 300.00 W, 71, 2040 MHz
2026/09/23 17:26:55.065, 0, 97 %, 88 %, 7025 MiB, 49140 MiB, 287.92 W, 300.00 W, 73, 1620 MHz
2026/09/23 17:26:56.066, 0, 95 %, 85 %, 7025 MiB, 49140 MiB, 288.38 W, 300.00 W, 73, 1665 MHz
2026/09/23 17:26:57.067, 0, 97 %, 89 %, 7025 MiB, 49140 MiB, 287.63 W, 300.00 W, 72, 1815 MHz
2026/09/23 17:26:58.068, 0, 98 %, 89 %, 7025 MiB, 49140 MiB, 291.44 W, 300.00 W, 73, 1620 MHz
2026/09/23 17:26:59.069, 0, 97 %, 87 %, 7025 MiB, 49140 MiB, 290.43 W, 300.00 W, 72, 2010 MHz
2026/09/23 17:27:00.069, 0, 97 %, 88 %, 7025 MiB, 49140 MiB, 290.93 W, 300.00 W, 73, 1695 MHz
2026/09/23 17:27:01.070, 0, 97 %, 85 %, 7025 MiB, 49140 MiB, 290.75 W, 300.00 W, 74, 1590 MHz
2026/09/23 17:27:02.071, 0, 97 %, 86 %, 7025 MiB, 49140 MiB, 291.21 W, 300.00 W, 73, 1965 MHz
2026/09/23 17:27:03.072, 0, 98 %, 88 %, 7025 MiB, 49140 MiB, 292.84 W, 300.00 W, 74, 1635 MHz
2026/09/23 17:27:04.075, 0, 98 %, 87 %, 7025 MiB, 49140 MiB, 293.12 W, 300.00 W, 72, 2010 MHz
2026/09/23 17:27:05.075, 0, 92 %, 84 %, 7025 MiB, 49140 MiB, 290.48 W, 300.00 W, 73, 1680 MHz
2026/09/23 17:27:06.076, 0, 96 %, 69 %, 7025 MiB, 49140 MiB, 296.47 W, 300.00 W, 73, 1395 MHz
2026/09/23 17:27:07.077, 0, 0 %, 0 %, 7025 MiB, 49140 MiB, 151.68 W, 300.00 W, 67, 2715 MHz
2026/09/23 17:27:08.078, 0, 95 %, 85 %, 7025 MiB, 49140 MiB, 100.64 W, 300.00 W, 71, 2010 MHz
2026/09/23 17:27:09.078, 0, 97 %, 88 %, 7025 MiB, 49140 MiB, 293.33 W, 300.00 W, 70, 1665 MHz
2026/09/23 17:27:10.079, 0, 98 %, 89 %, 7025 MiB, 49140 MiB, 290.70 W, 300.00 W, 72, 2115 MHz
2026/09/23 17:27:11.079, 0, 98 %, 86 %, 7025 MiB, 49140 MiB, 289.52 W, 300.00 W, 73, 1920 MHz
2026/09/23 17:27:12.080, 0, 96 %, 85 %, 7025 MiB, 49140 MiB, 291.19 W, 300.00 W, 73, 1635 MHz
2026/09/23 17:27:13.082, 0, 93 %, 86 %, 7025 MiB, 49140 MiB, 288.31 W, 300.00 W, 72, 1575 MHz
2026/09/23 17:27:14.083, 0, 99 %, 89 %, 7025 MiB, 49140 MiB, 292.52 W, 300.00 W, 73, 1935 MHz
2026/09/23 17:27:15.084, 0, 96 %, 87 %, 7025 MiB, 49140 MiB, 290.71 W, 300.00 W, 71, 1905 MHz
2026/09/23 17:27:16.084, 0, 97 %, 88 %, 7025 MiB, 49140 MiB, 290.46 W, 300.00 W, 73, 1995 MHz
2026/09/23 17:27:17.086, 0, 97 %, 87 %, 7025 MiB, 49140 MiB, 290.23 W, 300.00 W, 74, 1755 MHz
2026/09/23 17:27:18.086, 0, 97 %, 87 %, 7025 MiB, 49140 MiB, 290.91 W, 300.00 W, 72, 1605 MHz
2026/09/23 17:27:19.088, 0, 98 %, 89 %, 7025 MiB, 49140 MiB, 291.83 W, 300.00 W, 72, 1890 MHz
2026/09/23 17:27:20.088, 0, 97 %, 86 %, 7025 MiB, 49140 MiB, 292.37 W, 300.00 W, 73, 1980 MHz
2026/09/23 17:27:21.089, 0, 97 %, 91 %, 7025 MiB, 49140 MiB, 291.60 W, 300.00 W, 71, 1605 MHz
2026/09/23 17:27:22.090, 0, 98 %, 86 %, 7025 MiB, 49140 MiB, 291.98 W, 300.00 W, 73, 1995 MHz
2026/09/23 17:27:23.091, 0, 97 %, 86 %, 7025 MiB, 49140 MiB, 291.96 W, 300.00 W, 74, 1680 MHz
2026/09/23 17:27:24.092, 0, 97 %, 88 %, 7025 MiB, 49140 MiB, 291.54 W, 300.00 W, 72, 1590 MHz
2026/09/23 17:27:25.093, 0, 99 %, 89 %, 7025 MiB, 49140 MiB, 292.43 W, 300.00 W, 73, 1995 MHz
2026/09/23 17:27:26.094, 0, 97 %, 87 %, 7025 MiB, 49140 MiB, 290.65 W, 300.00 W, 72, 1890 MHz
2026/09/23 17:27:27.094, 0, 98 %, 88 %, 7025 MiB, 49140 MiB, 290.86 W, 300.00 W, 73, 1965 MHz
2026/09/23 17:27:28.096, 0, 96 %, 85 %, 7025 MiB, 49140 MiB, 291.98 W, 300.00 W, 75, 1815 MHz
2026/09/23 17:27:29.097, 0, 98 %, 90 %, 7025 MiB, 49140 MiB, 290.73 W, 300.00 W, 72, 1545 MHz
2026/09/23 17:27:30.098, 0, 98 %, 89 %, 7025 MiB, 49140 MiB, 293.12 W, 300.00 W, 73, 1935 MHz
2026/09/23 17:27:31.099, 0, 97 %, 86 %, 7025 MiB, 49140 MiB, 291.99 W, 300.00 W, 72, 1950 MHz
2026/09/23 17:27:32.100, 0, 98 %, 89 %, 7025 MiB, 49140 MiB, 291.17 W, 300.00 W, 72, 1920 MHz
2026/09/23 17:27:33.100, 0, 94 %, 82 %, 7025 MiB, 49140 MiB, 291.60 W, 300.00 W, 75, 1935 MHz
2026/09/23 17:27:34.101, 0, 96 %, 67 %, 7025 MiB, 49140 MiB, 295.60 W, 300.00 W, 73, 1545 MHz
2026/09/23 17:27:35.102, 0, 0 %, 0 %, 7025 MiB, 49140 MiB, 213.32 W, 300.00 W, 67, 2730 MHz
2026/09/23 17:27:36.103, 0, 0 %, 0 %, 7025 MiB, 49140 MiB, 87.21 W, 300.00 W, 67, 2730 MHz
2026/09/23 17:27:37.103, 0, 97 %, 87 %, 7025 MiB, 49140 MiB, 209.74 W, 300.00 W, 71, 1965 MHz
2026/09/23 17:27:38.104, 0, 98 %, 89 %, 7025 MiB, 49140 MiB, 288.03 W, 300.00 W, 72, 2190 MHz
2026/09/23 17:27:39.104, 0, 98 %, 86 %, 7025 MiB, 49140 MiB, 290.14 W, 300.00 W, 74, 1950 MHz
2026/09/23 17:27:40.106, 0, 98 %, 87 %, 7025 MiB, 49140 MiB, 290.85 W, 300.00 W, 73, 1575 MHz
2026/09/23 17:27:41.107, 0, 99 %, 88 %, 7025 MiB, 49140 MiB, 289.09 W, 300.00 W, 72, 1830 MHz
2026/09/23 17:27:42.107, 0, 98 %, 88 %, 7025 MiB, 49140 MiB, 291.54 W, 300.00 W, 72, 1935 MHz
2026/09/23 17:27:43.108, 0, 97 %, 90 %, 7025 MiB, 49140 MiB, 292.56 W, 300.00 W, 71, 1605 MHz
2026/09/23 17:27:44.109, 0, 97 %, 86 %, 7025 MiB, 49140 MiB, 290.67 W, 300.00 W, 73, 2025 MHz
2026/09/23 17:27:45.109, 0, 98 %, 86 %, 7025 MiB, 49140 MiB, 291.11 W, 300.00 W, 73, 1575 MHz
2026/09/23 17:27:46.111, 0, 98 %, 87 %, 7025 MiB, 49140 MiB, 290.54 W, 300.00 W, 72, 1650 MHz
2026/09/23 17:27:47.113, 0, 99 %, 88 %, 7025 MiB, 49140 MiB, 291.66 W, 300.00 W, 72, 1830 MHz
2026/09/23 17:27:48.114, 0, 97 %, 87 %, 7025 MiB, 49140 MiB, 290.32 W, 300.00 W, 72, 1890 MHz
2026/09/23 17:27:49.115, 0, 97 %, 87 %, 7025 MiB, 49140 MiB, 290.79 W, 300.00 W, 73, 1995 MHz
2026/09/23 17:27:50.116, 0, 97 %, 86 %, 7025 MiB, 49140 MiB, 292.07 W, 300.00 W, 74, 1785 MHz
2026/09/23 17:27:51.116, 0, 97 %, 87 %, 7025 MiB, 49140 MiB, 291.55 W, 300.00 W, 73, 1590 MHz
2026/09/23 17:27:52.117, 0, 99 %, 89 %, 7025 MiB, 49140 MiB, 292.93 W, 300.00 W, 73, 1875 MHz
2026/09/23 17:27:53.118, 0, 96 %, 83 %, 7025 MiB, 49140 MiB, 293.22 W, 300.00 W, 72, 1965 MHz
2026/09/23 17:27:54.119, 0, 98 %, 90 %, 7025 MiB, 49140 MiB, 291.80 W, 300.00 W, 72, 1770 MHz
2026/09/23 17:27:55.121, 0, 97 %, 86 %, 7025 MiB, 49140 MiB, 290.73 W, 300.00 W, 74, 1845 MHz
2026/09/23 17:27:56.121, 0, 98 %, 86 %, 7025 MiB, 49140 MiB, 292.04 W, 300.00 W, 73, 1935 MHz
2026/09/23 17:27:57.122, 0, 99 %, 89 %, 7025 MiB, 49140 MiB, 291.66 W, 300.00 W, 73, 1575 MHz
2026/09/23 17:27:58.123, 0, 98 %, 87 %, 7025 MiB, 49140 MiB, 292.60 W, 300.00 W, 73, 1800 MHz
2026/09/23 17:27:59.125, 0, 96 %, 87 %, 7025 MiB, 49140 MiB, 291.35 W, 300.00 W, 73, 1890 MHz
2026/09/23 17:28:00.128, 0, 97 %, 86 %, 7025 MiB, 49140 MiB, 291.56 W, 300.00 W, 75, 1965 MHz
2026/09/23 17:28:01.128, 0, 98 %, 85 %, 7025 MiB, 49140 MiB, 292.33 W, 300.00 W, 73, 1920 MHz
2026/09/23 17:28:02.130, 0, 95 %, 69 %, 7025 MiB, 49140 MiB, 293.89 W, 300.00 W, 74, 1515 MHz
2026/09/23 17:28:03.130, 0, 9 %, 0 %, 7025 MiB, 49140 MiB, 272.14 W, 300.00 W, 68, 2730 MHz
2026/09/23 17:28:04.131, 0, 0 %, 0 %, 7025 MiB, 49140 MiB, 87.39 W, 300.00 W, 67, 2730 MHz
2026/09/23 17:28:05.132, 0, 97 %, 86 %, 7025 MiB, 49140 MiB, 176.54 W, 300.00 W, 71, 1845 MHz
2026/09/23 17:28:06.133, 0, 98 %, 87 %, 7025 MiB, 49140 MiB, 291.29 W, 300.00 W, 70, 1860 MHz
2026/09/23 17:28:07.134, 0, 97 %, 88 %, 7025 MiB, 49140 MiB, 290.80 W, 300.00 W, 72, 1905 MHz
2026/09/23 17:28:08.135, 0, 97 %, 87 %, 7025 MiB, 49140 MiB, 291.59 W, 300.00 W, 74, 1965 MHz
2026/09/23 17:28:09.136, 0, 98 %, 86 %, 7025 MiB, 49140 MiB, 292.07 W, 300.00 W, 72, 1920 MHz
2026/09/23 17:28:10.136, 0, 99 %, 90 %, 7025 MiB, 49140 MiB, 291.12 W, 300.00 W, 72, 1650 MHz
2026/09/23 17:28:11.138, 0, 96 %, 86 %, 7025 MiB, 49140 MiB, 291.66 W, 300.00 W, 72, 1875 MHz
2026/09/23 17:28:12.138, 0, 97 %, 90 %, 7025 MiB, 49140 MiB, 291.19 W, 300.00 W, 71, 1890 MHz
2026/09/23 17:28:13.139, 0, 97 %, 85 %, 7025 MiB, 49140 MiB, 291.64 W, 300.00 W, 73, 1695 MHz
2026/09/23 17:28:14.140, 0, 98 %, 87 %, 7025 MiB, 49140 MiB, 291.95 W, 300.00 W, 73, 2010 MHz
2026/09/23 17:28:15.141, 0, 96 %, 88 %, 7025 MiB, 49140 MiB, 291.17 W, 300.00 W, 73, 1680 MHz
2026/09/23 17:28:16.142, 0, 97 %, 86 %, 7025 MiB, 49140 MiB, 291.88 W, 300.00 W, 73, 1560 MHz
2026/09/23 17:28:17.143, 0, 96 %, 86 %, 7025 MiB, 49140 MiB, 291.76 W, 300.00 W, 71, 1860 MHz
2026/09/23 17:28:18.144, 0, 97 %, 86 %, 7025 MiB, 49140 MiB, 291.36 W, 300.00 W, 73, 1755 MHz
2026/09/23 17:28:19.144, 0, 97 %, 86 %, 7025 MiB, 49140 MiB, 292.02 W, 300.00 W, 74, 1995 MHz
2026/09/23 17:28:20.145, 0, 97 %, 87 %, 7025 MiB, 49140 MiB, 292.22 W, 300.00 W, 73, 1770 MHz
2026/09/23 17:28:21.147, 0, 99 %, 89 %, 7025 MiB, 49140 MiB, 292.62 W, 300.00 W, 73, 1620 MHz
2026/09/23 17:28:22.147, 0, 98 %, 86 %, 7025 MiB, 49140 MiB, 291.26 W, 300.00 W, 72, 1890 MHz
2026/09/23 17:28:23.149, 0, 97 %, 89 %, 7025 MiB, 49140 MiB, 290.95 W, 300.00 W, 72, 1980 MHz
2026/09/23 17:28:24.150, 0, 97 %, 86 %, 7025 MiB, 49140 MiB, 290.35 W, 300.00 W, 74, 1920 MHz
2026/09/23 17:28:25.150, 0, 96 %, 87 %, 7025 MiB, 49140 MiB, 289.64 W, 300.00 W, 73, 1755 MHz
2026/09/23 17:28:26.152, 0, 99 %, 89 %, 7025 MiB, 49140 MiB, 293.00 W, 300.00 W, 73, 1590 MHz
2026/09/23 17:28:27.153, 0, 97 %, 86 %, 7025 MiB, 49140 MiB, 291.89 W, 300.00 W, 73, 1845 MHz
2026/09/23 17:28:28.153, 0, 98 %, 91 %, 7025 MiB, 49140 MiB, 292.33 W, 300.00 W, 72, 1770 MHz
2026/09/23 17:28:29.154, 0, 96 %, 85 %, 7025 MiB, 49140 MiB, 291.08 W, 300.00 W, 74, 1665 MHz
2026/09/23 17:28:30.156, 0, 96 %, 82 %, 7025 MiB, 49140 MiB, 292.30 W, 300.00 W, 74, 1485 MHz
2026/09/23 17:28:31.157, 0, 95 %, 66 %, 7025 MiB, 49140 MiB, 298.60 W, 300.00 W, 75, 1500 MHz
2026/09/23 17:28:32.157, 0, 0 %, 0 %, 7025 MiB, 49140 MiB, 119.31 W, 300.00 W, 67, 2730 MHz
2026/09/23 17:28:33.158, 0, 98 %, 88 %, 7025 MiB, 49140 MiB, 145.79 W, 300.00 W, 71, 1980 MHz
2026/09/23 17:28:34.159, 0, 96 %, 87 %, 7025 MiB, 49140 MiB, 291.45 W, 300.00 W, 72, 1620 MHz
2026/09/23 17:28:35.159, 0, 97 %, 88 %, 7025 MiB, 49140 MiB, 290.81 W, 300.00 W, 73, 1770 MHz
2026/09/23 17:28:36.160, 0, 97 %, 86 %, 7025 MiB, 49140 MiB, 289.73 W, 300.00 W, 71, 1800 MHz
2026/09/23 17:28:37.162, 0, 98 %, 87 %, 7025 MiB, 49140 MiB, 289.33 W, 300.00 W, 72, 1650 MHz
2026/09/23 17:28:38.163, 0, 98 %, 88 %, 7025 MiB, 49140 MiB, 292.02 W, 300.00 W, 74, 2010 MHz
2026/09/23 17:28:39.165, 0, 98 %, 88 %, 7025 MiB, 49140 MiB, 291.37 W, 300.00 W, 72, 1815 MHz
2026/09/23 17:28:40.166, 0, 97 %, 87 %, 7025 MiB, 49140 MiB, 292.38 W, 300.00 W, 73, 1545 MHz
2026/09/23 17:28:41.167, 0, 97 %, 87 %, 7025 MiB, 49140 MiB, 290.77 W, 300.00 W, 71, 1875 MHz
2026/09/23 17:28:42.167, 0, 96 %, 86 %, 7025 MiB, 49140 MiB, 289.10 W, 300.00 W, 73, 1650 MHz
2026/09/23 17:28:43.168, 0, 97 %, 87 %, 7025 MiB, 49140 MiB, 291.77 W, 300.00 W, 73, 2055 MHz
2026/09/23 17:28:44.169, 0, 98 %, 89 %, 7025 MiB, 49140 MiB, 292.01 W, 300.00 W, 72, 1770 MHz
2026/09/23 17:28:45.169, 0, 97 %, 88 %, 7025 MiB, 49140 MiB, 292.14 W, 300.00 W, 73, 1755 MHz
2026/09/23 17:28:46.171, 0, 98 %, 89 %, 7025 MiB, 49140 MiB, 290.52 W, 300.00 W, 72, 1575 MHz
2026/09/23 17:28:47.172, 0, 98 %, 88 %, 7025 MiB, 49140 MiB, 288.56 W, 300.00 W, 72, 1800 MHz
2026/09/23 17:28:48.172, 0, 89 %, 81 %, 7025 MiB, 49140 MiB, 286.85 W, 300.00 W, 74, 1695 MHz
2026/09/23 17:28:49.173, 0, 97 %, 88 %, 7025 MiB, 49140 MiB, 288.71 W, 300.00 W, 73, 1755 MHz
2026/09/23 17:28:50.174, 0, 97 %, 88 %, 7025 MiB, 49140 MiB, 292.22 W, 300.00 W, 72, 1575 MHz
2026/09/23 17:28:51.176, 0, 97 %, 87 %, 7025 MiB, 49140 MiB, 291.27 W, 300.00 W, 72, 1980 MHz
2026/09/23 17:28:52.177, 0, 98 %, 89 %, 7025 MiB, 49140 MiB, 291.78 W, 300.00 W, 74, 1935 MHz
2026/09/23 17:28:53.179, 0, 96 %, 87 %, 7025 MiB, 49140 MiB, 291.76 W, 300.00 W, 73, 2115 MHz
2026/09/23 17:28:54.179, 0, 94 %, 84 %, 7025 MiB, 49140 MiB, 292.35 W, 300.00 W, 73, 1710 MHz
2026/09/23 17:28:55.180, 0, 98 %, 86 %, 7025 MiB, 49140 MiB, 289.69 W, 300.00 W, 72, 1575 MHz
2026/09/23 17:28:56.181, 0, 98 %, 88 %, 7025 MiB, 49140 MiB, 292.77 W, 300.00 W, 73, 1830 MHz
2026/09/23 17:28:57.182, 0, 94 %, 85 %, 7025 MiB, 49140 MiB, 291.95 W, 300.00 W, 75, 1830 MHz
2026/09/23 17:28:58.183, 0, 97 %, 86 %, 7025 MiB, 49140 MiB, 289.95 W, 300.00 W, 72, 2040 MHz
2026/09/23 17:28:59.184, 0, 95 %, 69 %, 7025 MiB, 49140 MiB, 297.05 W, 300.00 W, 74, 1425 MHz
2026/09/23 17:29:00.185, 0, 0 %, 0 %, 7025 MiB, 49140 MiB, 181.35 W, 300.00 W, 67, 2730 MHz
2026/09/23 17:29:01.186, 0, 0 %, 0 %, 7025 MiB, 49140 MiB, 88.08 W, 300.00 W, 67, 2730 MHz
2026/09/23 17:29:02.186, 0, 97 %, 88 %, 7025 MiB, 49140 MiB, 194.45 W, 300.00 W, 73, 1965 MHz
2026/09/23 17:29:03.187, 0, 97 %, 87 %, 7025 MiB, 49140 MiB, 289.51 W, 300.00 W, 72, 2070 MHz
2026/09/23 17:29:04.188, 0, 96 %, 88 %, 7025 MiB, 49140 MiB, 292.64 W, 300.00 W, 72, 1815 MHz
2026/09/23 17:29:05.189, 0, 97 %, 86 %, 7025 MiB, 49140 MiB, 287.86 W, 300.00 W, 70, 1620 MHz
2026/09/23 17:29:06.190, 0, 98 %, 87 %, 7025 MiB, 49140 MiB, 289.94 W, 300.00 W, 73, 1860 MHz
2026/09/23 17:29:07.190, 0, 94 %, 84 %, 7025 MiB, 49140 MiB, 291.20 W, 300.00 W, 73, 1725 MHz
2026/09/23 17:29:08.191, 0, 97 %, 86 %, 7025 MiB, 49140 MiB, 289.34 W, 300.00 W, 72, 2055 MHz
2026/09/23 17:29:09.193, 0, 98 %, 88 %, 7025 MiB, 49140 MiB, 292.84 W, 300.00 W, 73, 1830 MHz
2026/09/23 17:29:10.195, 0, 98 %, 88 %, 7025 MiB, 49140 MiB, 292.27 W, 300.00 W, 72, 1620 MHz
2026/09/23 17:29:11.196, 0, 98 %, 88 %, 7025 MiB, 49140 MiB, 290.55 W, 300.00 W, 73, 1875 MHz
2026/09/23 17:29:12.196, 0, 93 %, 84 %, 7025 MiB, 49140 MiB, 290.76 W, 300.00 W, 74, 1920 MHz
2026/09/23 17:29:13.198, 0, 97 %, 88 %, 7025 MiB, 49140 MiB, 290.48 W, 300.00 W, 73, 2070 MHz
2026/09/23 17:29:14.199, 0, 97 %, 88 %, 7025 MiB, 49140 MiB, 292.70 W, 300.00 W, 73, 1860 MHz
2026/09/23 17:29:15.200, 0, 98 %, 88 %, 7025 MiB, 49140 MiB, 291.92 W, 300.00 W, 73, 1620 MHz
2026/09/23 17:29:16.201, 0, 98 %, 87 %, 7025 MiB, 49140 MiB, 291.70 W, 300.00 W, 72, 1770 MHz
2026/09/23 17:29:17.201, 0, 98 %, 88 %, 7025 MiB, 49140 MiB, 291.94 W, 300.00 W, 74, 1860 MHz
2026/09/23 17:29:18.202, 0, 98 %, 88 %, 7025 MiB, 49140 MiB, 293.18 W, 300.00 W, 73, 1650 MHz
2026/09/23 17:29:19.204, 0, 98 %, 87 %, 7025 MiB, 49140 MiB, 290.44 W, 300.00 W, 72, 2010 MHz
2026/09/23 17:29:20.207, 0, 97 %, 86 %, 7025 MiB, 49140 MiB, 292.95 W, 300.00 W, 73, 1620 MHz
2026/09/23 17:29:21.208, 0, 97 %, 86 %, 7025 MiB, 49140 MiB, 291.52 W, 300.00 W, 71, 1605 MHz
2026/09/23 17:29:22.208, 0, 97 %, 87 %, 7025 MiB, 49140 MiB, 290.45 W, 300.00 W, 73, 1800 MHz
2026/09/23 17:29:23.209, 0, 97 %, 87 %, 7025 MiB, 49140 MiB, 291.35 W, 300.00 W, 73, 1710 MHz
2026/09/23 17:29:24.210, 0, 97 %, 85 %, 7025 MiB, 49140 MiB, 288.75 W, 300.00 W, 72, 2025 MHz
2026/09/23 17:29:25.210, 0, 89 %, 80 %, 7025 MiB, 49140 MiB, 286.93 W, 300.00 W, 71, 1575 MHz
2026/09/23 17:29:26.212, 0, 97 %, 87 %, 7025 MiB, 49140 MiB, 289.83 W, 300.00 W, 73, 1935 MHz
2026/09/23 17:29:27.213, 0, 95 %, 67 %, 7025 MiB, 49140 MiB, 293.92 W, 300.00 W, 75, 1560 MHz
2026/09/23 17:29:28.214, 0, 45 %, 31 %, 7025 MiB, 49140 MiB, 288.45 W, 300.00 W, 73, 2340 MHz
2026/09/23 17:29:29.215, 0, 0 %, 0 %, 7025 MiB, 49140 MiB, 97.50 W, 300.00 W, 67, 2730 MHz
2026/09/23 17:29:30.215, 0, 96 %, 86 %, 7025 MiB, 49140 MiB, 158.57 W, 300.00 W, 72, 1590 MHz
2026/09/23 17:29:31.217, 0, 97 %, 86 %, 7025 MiB, 49140 MiB, 289.92 W, 300.00 W, 70, 1635 MHz
2026/09/23 17:29:32.218, 0, 98 %, 88 %, 7025 MiB, 49140 MiB, 289.56 W, 300.00 W, 72, 1995 MHz
2026/09/23 17:29:33.219, 0, 97 %, 88 %, 7025 MiB, 49140 MiB, 289.77 W, 300.00 W, 73, 1965 MHz
2026/09/23 17:29:34.220, 0, 97 %, 87 %, 7025 MiB, 49140 MiB, 288.99 W, 300.00 W, 72, 1920 MHz
2026/09/23 17:29:35.220, 0, 98 %, 86 %, 7025 MiB, 49140 MiB, 291.31 W, 300.00 W, 72, 1635 MHz
2026/09/23 17:29:36.221, 0, 96 %, 86 %, 7025 MiB, 49140 MiB, 291.89 W, 300.00 W, 72, 2070 MHz
2026/09/23 17:29:37.221, 0, 98 %, 89 %, 7025 MiB, 49140 MiB, 289.21 W, 300.00 W, 72, 1830 MHz
2026/09/23 17:29:38.223, 0, 98 %, 87 %, 7025 MiB, 49140 MiB, 288.44 W, 300.00 W, 72, 1605 MHz
2026/09/23 17:29:39.224, 0, 97 %, 87 %, 7025 MiB, 49140 MiB, 289.94 W, 300.00 W, 73, 1605 MHz
2026/09/23 17:29:40.225, 0, 98 %, 88 %, 7025 MiB, 49140 MiB, 288.77 W, 300.00 W, 72, 1800 MHz
2026/09/23 17:29:41.226, 0, 98 %, 87 %, 7025 MiB, 49140 MiB, 289.27 W, 300.00 W, 72, 1755 MHz
2026/09/23 17:29:42.227, 0, 97 %, 87 %, 7025 MiB, 49140 MiB, 293.16 W, 300.00 W, 73, 1995 MHz
2026/09/23 17:29:43.228, 0, 98 %, 88 %, 7025 MiB, 49140 MiB, 292.78 W, 300.00 W, 72, 1740 MHz
2026/09/23 17:29:44.229, 0, 96 %, 87 %, 7025 MiB, 49140 MiB, 291.18 W, 300.00 W, 72, 1605 MHz
2026/09/23 17:29:45.230, 0, 98 %, 88 %, 7025 MiB, 49140 MiB, 291.69 W, 300.00 W, 74, 1830 MHz
2026/09/23 17:29:46.230, 0, 98 %, 89 %, 7025 MiB, 49140 MiB, 291.15 W, 300.00 W, 73, 1935 MHz
2026/09/23 17:29:47.231, 0, 98 %, 88 %, 7025 MiB, 49140 MiB, 292.90 W, 300.00 W, 73, 1995 MHz
2026/09/23 17:29:48.232, 0, 97 %, 87 %, 7025 MiB, 49140 MiB, 291.93 W, 300.00 W, 72, 1845 MHz
2026/09/23 17:29:49.233, 0, 98 %, 88 %, 7025 MiB, 49140 MiB, 290.86 W, 300.00 W, 73, 1590 MHz
2026/09/23 17:29:50.234, 0, 97 %, 88 %, 7025 MiB, 49140 MiB, 292.61 W, 300.00 W, 74, 1875 MHz
2026/09/23 17:29:51.234, 0, 97 %, 87 %, 7025 MiB, 49140 MiB, 292.04 W, 300.00 W, 72, 1995 MHz
2026/09/23 17:29:52.236, 0, 97 %, 86 %, 7025 MiB, 49140 MiB, 292.76 W, 300.00 W, 72, 1740 MHz
2026/09/23 17:29:53.237, 0, 98 %, 87 %, 7025 MiB, 49140 MiB, 292.46 W, 300.00 W, 73, 1920 MHz
2026/09/23 17:29:54.238, 0, 97 %, 86 %, 7025 MiB, 49140 MiB, 290.82 W, 300.00 W, 72, 1590 MHz
2026/09/23 17:29:55.238, 0, 98 %, 87 %, 7025 MiB, 49140 MiB, 291.09 W, 300.00 W, 74, 1695 MHz
2026/09/23 17:29:56.239, 0, 93 %, 63 %, 7025 MiB, 49140 MiB, 296.67 W, 300.00 W, 74, 1575 MHz
2026/09/23 17:29:57.239, 0, 0 %, 0 %, 7025 MiB, 49140 MiB, 155.43 W, 300.00 W, 67, 2730 MHz
2026/09/23 17:29:58.240, 0, 97 %, 89 %, 7025 MiB, 49140 MiB, 111.09 W, 300.00 W, 72, 1785 MHz
2026/09/23 17:29:59.241, 0, 98 %, 88 %, 7025 MiB, 49140 MiB, 288.43 W, 300.00 W, 71, 1860 MHz
2026/09/23 17:30:00.242, 0, 96 %, 87 %, 7025 MiB, 49140 MiB, 291.71 W, 300.00 W, 72, 1920 MHz
2026/09/23 17:30:01.243, 0, 95 %, 86 %, 7025 MiB, 49140 MiB, 290.13 W, 300.00 W, 71, 1770 MHz
2026/09/23 17:30:02.243, 0, 98 %, 88 %, 7025 MiB, 49140 MiB, 289.92 W, 300.00 W, 72, 1590 MHz
2026/09/23 17:30:03.245, 0, 96 %, 87 %, 7025 MiB, 49140 MiB, 290.39 W, 300.00 W, 74, 1875 MHz
2026/09/23 17:30:04.248, 0, 98 %, 88 %, 7025 MiB, 49140 MiB, 290.86 W, 300.00 W, 72, 1875 MHz
2026/09/23 17:30:05.248, 0, 95 %, 85 %, 7025 MiB, 49140 MiB, 291.01 W, 300.00 W, 72, 2205 MHz
2026/09/23 17:30:06.249, 0, 98 %, 88 %, 7025 MiB, 49140 MiB, 291.87 W, 300.00 W, 71, 1905 MHz
2026/09/23 17:30:07.250, 0, 97 %, 88 %, 7025 MiB, 49140 MiB, 290.28 W, 300.00 W, 73, 1560 MHz
2026/09/23 17:30:08.251, 0, 98 %, 88 %, 7025 MiB, 49140 MiB, 291.06 W, 300.00 W, 74, 1890 MHz
2026/09/23 17:30:09.252, 0, 98 %, 88 %, 7025 MiB, 49140 MiB, 291.50 W, 300.00 W, 73, 1815 MHz
2026/09/23 17:30:10.252, 0, 97 %, 87 %, 7025 MiB, 49140 MiB, 293.08 W, 300.00 W, 73, 2070 MHz
2026/09/23 17:30:11.253, 0, 98 %, 88 %, 7025 MiB, 49140 MiB, 291.42 W, 300.00 W, 72, 1785 MHz
2026/09/23 17:30:12.254, 0, 98 %, 88 %, 7025 MiB, 49140 MiB, 290.17 W, 300.00 W, 72, 1650 MHz
2026/09/23 17:30:13.255, 0, 96 %, 85 %, 7025 MiB, 49140 MiB, 289.97 W, 300.00 W, 74, 1635 MHz
2026/09/23 17:30:14.258, 0, 98 %, 88 %, 7025 MiB, 49140 MiB, 289.58 W, 300.00 W, 72, 1905 MHz
2026/09/23 17:30:15.259, 0, 97 %, 87 %, 7025 MiB, 49140 MiB, 292.01 W, 300.00 W, 73, 1920 MHz
2026/09/23 17:30:16.259, 0, 96 %, 87 %, 7025 MiB, 49140 MiB, 291.80 W, 300.00 W, 72, 1890 MHz
2026/09/23 17:30:17.261, 0, 98 %, 88 %, 7025 MiB, 49140 MiB, 291.01 W, 300.00 W, 73, 1620 MHz
2026/09/23 17:30:18.261, 0, 98 %, 88 %, 7025 MiB, 49140 MiB, 291.67 W, 300.00 W, 74, 1890 MHz
2026/09/23 17:30:19.262, 0, 97 %, 88 %, 7025 MiB, 49140 MiB, 291.77 W, 300.00 W, 73, 1830 MHz
2026/09/23 17:30:20.263, 0, 97 %, 87 %, 7025 MiB, 49140 MiB, 293.16 W, 300.00 W, 73, 1965 MHz
2026/09/23 17:30:21.264, 0, 96 %, 87 %, 7025 MiB, 49140 MiB, 292.33 W, 300.00 W, 72, 1815 MHz
2026/09/23 17:30:22.265, 0, 98 %, 87 %, 7025 MiB, 49140 MiB, 290.91 W, 300.00 W, 72, 1635 MHz
2026/09/23 17:30:23.265, 0, 97 %, 88 %, 7025 MiB, 49140 MiB, 291.19 W, 300.00 W, 74, 1575 MHz
2026/09/23 17:30:24.266, 0, 96 %, 67 %, 7025 MiB, 49140 MiB, 296.95 W, 300.00 W, 74, 1500 MHz
2026/09/23 17:30:25.267, 0, 0 %, 0 %, 7025 MiB, 49140 MiB, 213.60 W, 300.00 W, 67, 2730 MHz
2026/09/23 17:30:26.268, 0, 0 %, 0 %, 7025 MiB, 49140 MiB, 87.59 W, 300.00 W, 67, 2730 MHz
2026/09/23 17:30:27.268, 0, 98 %, 87 %, 7025 MiB, 49140 MiB, 211.05 W, 300.00 W, 72, 1635 MHz
2026/09/23 17:30:28.269, 0, 98 %, 86 %, 7025 MiB, 49140 MiB, 290.29 W, 300.00 W, 72, 1830 MHz
2026/09/23 17:30:29.271, 0, 97 %, 87 %, 7025 MiB, 49140 MiB, 293.05 W, 300.00 W, 72, 2025 MHz
2026/09/23 17:30:30.272, 0, 97 %, 88 %, 7025 MiB, 49140 MiB, 291.42 W, 300.00 W, 72, 1995 MHz
2026/09/23 17:30:31.272, 0, 95 %, 85 %, 7025 MiB, 49140 MiB, 290.89 W, 300.00 W, 72, 1995 MHz
2026/09/23 17:30:32.273, 0, 98 %, 88 %, 7025 MiB, 49140 MiB, 289.98 W, 300.00 W, 74, 1590 MHz
2026/09/23 17:30:33.274, 0, 98 %, 87 %, 7025 MiB, 49140 MiB, 293.02 W, 300.00 W, 73, 1560 MHz
2026/09/23 17:30:34.274, 0, 98 %, 86 %, 7025 MiB, 49140 MiB, 290.48 W, 300.00 W, 72, 1785 MHz
2026/09/23 17:30:35.276, 0, 97 %, 87 %, 7025 MiB, 49140 MiB, 292.83 W, 300.00 W, 73, 1755 MHz
2026/09/23 17:30:36.277, 0, 93 %, 83 %, 7025 MiB, 49140 MiB, 290.97 W, 300.00 W, 71, 2025 MHz
2026/09/23 17:30:37.278, 0, 98 %, 88 %, 7025 MiB, 49140 MiB, 290.39 W, 300.00 W, 72, 1845 MHz
2026/09/23 17:30:38.279, 0, 97 %, 87 %, 7025 MiB, 49140 MiB, 291.43 W, 300.00 W, 74, 1650 MHz
2026/09/23 17:30:39.279, 0, 97 %, 87 %, 7025 MiB, 49140 MiB, 290.42 W, 300.00 W, 72, 1830 MHz
2026/09/23 17:30:40.280, 0, 96 %, 87 %, 7025 MiB, 49140 MiB, 289.83 W, 300.00 W, 73, 1920 MHz
2026/09/23 17:30:41.281, 0, 98 %, 87 %, 7025 MiB, 49140 MiB, 292.06 W, 300.00 W, 73, 1740 MHz
2026/09/23 17:30:42.282, 0, 97 %, 85 %, 7025 MiB, 49140 MiB, 291.22 W, 300.00 W, 72, 1980 MHz
2026/09/23 17:30:43.283, 0, 97 %, 86 %, 7025 MiB, 49140 MiB, 291.07 W, 300.00 W, 73, 1605 MHz
2026/09/23 17:30:44.283, 0, 97 %, 88 %, 7025 MiB, 49140 MiB, 292.55 W, 300.00 W, 74, 1530 MHz
2026/09/23 17:30:45.284, 0, 97 %, 88 %, 7025 MiB, 49140 MiB, 290.55 W, 300.00 W, 73, 1965 MHz
2026/09/23 17:30:46.285, 0, 96 %, 86 %, 7025 MiB, 49140 MiB, 292.40 W, 300.00 W, 72, 1950 MHz
2026/09/23 17:30:47.286, 0, 96 %, 87 %, 7025 MiB, 49140 MiB, 291.00 W, 300.00 W, 72, 1995 MHz
2026/09/23 17:30:48.287, 0, 98 %, 88 %, 7025 MiB, 49140 MiB, 291.07 W, 300.00 W, 72, 1860 MHz
2026/09/23 17:30:49.287, 0, 98 %, 89 %, 7025 MiB, 49140 MiB, 292.61 W, 300.00 W, 74, 1590 MHz
2026/09/23 17:30:50.289, 0, 97 %, 86 %, 7025 MiB, 49140 MiB, 290.50 W, 300.00 W, 72, 1830 MHz
2026/09/23 17:30:51.290, 0, 97 %, 87 %, 7025 MiB, 49140 MiB, 293.75 W, 300.00 W, 73, 1665 MHz
2026/09/23 17:30:52.290, 0, 92 %, 65 %, 7025 MiB, 49140 MiB, 292.04 W, 300.00 W, 74, 1575 MHz
2026/09/23 17:30:53.291, 0, 16 %, 11 %, 7025 MiB, 49140 MiB, 278.98 W, 300.00 W, 68, 2505 MHz
2026/09/23 17:30:54.292, 0, 97 %, 89 %, 7025 MiB, 49140 MiB, 134.21 W, 300.00 W, 72, 1920 MHz
2026/09/23 17:30:55.293, 0, 93 %, 84 %, 7025 MiB, 49140 MiB, 290.55 W, 300.00 W, 72, 1995 MHz
2026/09/23 17:30:56.293, 0, 97 %, 87 %, 7025 MiB, 49140 MiB, 289.87 W, 300.00 W, 74, 1605 MHz
2026/09/23 17:30:57.295, 0, 97 %, 88 %, 7025 MiB, 49140 MiB, 291.16 W, 300.00 W, 72, 1815 MHz
2026/09/23 17:30:58.297, 0, 97 %, 86 %, 7025 MiB, 49140 MiB, 292.30 W, 300.00 W, 73, 1980 MHz
2026/09/23 17:30:59.298, 0, 98 %, 88 %, 7025 MiB, 49140 MiB, 292.91 W, 300.00 W, 73, 1890 MHz
2026/09/23 17:31:00.298, 0, 98 %, 86 %, 7025 MiB, 49140 MiB, 292.30 W, 300.00 W, 72, 1890 MHz
2026/09/23 17:31:01.299, 0, 97 %, 88 %, 7025 MiB, 49140 MiB, 290.54 W, 300.00 W, 74, 1620 MHz
2026/09/23 17:31:02.300, 0, 98 %, 88 %, 7025 MiB, 49140 MiB, 291.51 W, 300.00 W, 72, 1875 MHz
2026/09/23 17:31:03.302, 0, 98 %, 88 %, 7025 MiB, 49140 MiB, 293.82 W, 300.00 W, 73, 1875 MHz
2026/09/23 17:31:04.302, 0, 97 %, 87 %, 7025 MiB, 49140 MiB, 292.07 W, 300.00 W, 71, 2025 MHz
2026/09/23 17:31:05.303, 0, 97 %, 88 %, 7025 MiB, 49140 MiB, 291.75 W, 300.00 W, 73, 1770 MHz
2026/09/23 17:31:06.305, 0, 98 %, 88 %, 7025 MiB, 49140 MiB, 291.44 W, 300.00 W, 74, 1560 MHz
2026/09/23 17:31:07.306, 0, 98 %, 89 %, 7025 MiB, 49140 MiB, 290.67 W, 300.00 W, 72, 1770 MHz
2026/09/23 17:31:08.307, 0, 98 %, 88 %, 7025 MiB, 49140 MiB, 292.48 W, 300.00 W, 72, 1845 MHz
2026/09/23 17:31:09.308, 0, 98 %, 87 %, 7025 MiB, 49140 MiB, 291.32 W, 300.00 W, 74, 1635 MHz
2026/09/23 17:31:10.309, 0, 98 %, 86 %, 7025 MiB, 49140 MiB, 290.32 W, 300.00 W, 72, 2010 MHz
2026/09/23 17:31:11.310, 0, 98 %, 86 %, 7025 MiB, 49140 MiB, 291.32 W, 300.00 W, 74, 1575 MHz
2026/09/23 17:31:12.311, 0, 98 %, 88 %, 7025 MiB, 49140 MiB, 290.24 W, 300.00 W, 73, 1635 MHz
2026/09/23 17:31:13.312, 0, 96 %, 85 %, 7025 MiB, 49140 MiB, 292.15 W, 300.00 W, 73, 1830 MHz
2026/09/23 17:31:14.312, 0, 97 %, 88 %, 7025 MiB, 49140 MiB, 292.98 W, 300.00 W, 72, 1860 MHz
2026/09/23 17:31:15.314, 0, 98 %, 88 %, 7025 MiB, 49140 MiB, 291.60 W, 300.00 W, 73, 2010 MHz
2026/09/23 17:31:16.314, 0, 98 %, 88 %, 7025 MiB, 49140 MiB, 290.57 W, 300.00 W, 74, 1635 MHz
2026/09/23 17:31:17.315, 0, 97 %, 87 %, 7025 MiB, 49140 MiB, 289.04 W, 300.00 W, 72, 1620 MHz
2026/09/23 17:31:18.317, 0, 98 %, 87 %, 7025 MiB, 49140 MiB, 293.47 W, 300.00 W, 74, 1755 MHz
2026/09/23 17:31:19.318, 0, 97 %, 86 %, 7025 MiB, 49140 MiB, 290.60 W, 300.00 W, 73, 1950 MHz
2026/09/23 17:31:20.320, 0, 90 %, 65 %, 7025 MiB, 49140 MiB, 295.72 W, 300.00 W, 74, 1650 MHz
2026/09/23 17:31:21.322, 0, 0 %, 0 %, 7025 MiB, 49140 MiB, 189.43 W, 300.00 W, 67, 2730 MHz
2026/09/23 17:31:22.323, 0, 0 %, 0 %, 7025 MiB, 49140 MiB, 87.32 W, 300.00 W, 66, 2730 MHz
2026/09/23 17:31:23.323, 0, 97 %, 88 %, 7025 MiB, 49140 MiB, 162.85 W, 300.00 W, 73, 1950 MHz
2026/09/23 17:31:24.324, 0, 97 %, 87 %, 7025 MiB, 49140 MiB, 292.92 W, 300.00 W, 72, 1635 MHz
2026/09/23 17:31:25.325, 0, 98 %, 88 %, 7025 MiB, 49140 MiB, 291.52 W, 300.00 W, 72, 1530 MHz
2026/09/23 17:31:26.326, 0, 97 %, 88 %, 7025 MiB, 49140 MiB, 292.92 W, 300.00 W, 72, 1965 MHz
2026/09/23 17:31:27.326, 0, 98 %, 88 %, 7025 MiB, 49140 MiB, 290.94 W, 300.00 W, 71, 1725 MHz
2026/09/23 17:31:28.327, 0, 98 %, 88 %, 7025 MiB, 49140 MiB, 290.47 W, 300.00 W, 73, 2055 MHz
2026/09/23 17:31:29.328, 0, 98 %, 87 %, 7025 MiB, 49140 MiB, 291.20 W, 300.00 W, 72, 1635 MHz
2026/09/23 17:31:30.331, 0, 98 %, 86 %, 7025 MiB, 49140 MiB, 291.52 W, 300.00 W, 72, 1545 MHz
2026/09/23 17:31:31.331, 0, 96 %, 87 %, 7025 MiB, 49140 MiB, 293.18 W, 300.00 W, 73, 1875 MHz
2026/09/23 17:31:32.332, 0, 98 %, 89 %, 7025 MiB, 49140 MiB, 292.13 W, 300.00 W, 72, 1935 MHz
2026/09/23 17:31:33.333, 0, 98 %, 88 %, 7025 MiB, 49140 MiB, 292.05 W, 300.00 W, 72, 1875 MHz
2026/09/23 17:31:34.334, 0, 97 %, 86 %, 7025 MiB, 49140 MiB, 291.00 W, 300.00 W, 74, 1890 MHz
2026/09/23 17:31:35.336, 0, 98 %, 87 %, 7025 MiB, 49140 MiB, 290.67 W, 300.00 W, 72, 1560 MHz
2026/09/23 17:31:36.336, 0, 98 %, 87 %, 7025 MiB, 49140 MiB, 290.86 W, 300.00 W, 72, 1695 MHz
2026/09/23 17:31:37.338, 0, 97 %, 87 %, 7025 MiB, 49140 MiB, 292.13 W, 300.00 W, 73, 1845 MHz
2026/09/23 17:31:38.339, 0, 98 %, 87 %, 7025 MiB, 49140 MiB, 290.04 W, 300.00 W, 72, 2010 MHz
2026/09/23 17:31:39.340, 0, 98 %, 88 %, 7025 MiB, 49140 MiB, 290.55 W, 300.00 W, 74, 1815 MHz
2026/09/23 17:31:40.341, 0, 98 %, 86 %, 7025 MiB, 49140 MiB, 290.94 W, 300.00 W, 72, 1530 MHz
2026/09/23 17:31:41.342, 0, 97 %, 87 %, 7025 MiB, 49140 MiB, 293.14 W, 300.00 W, 73, 1800 MHz
2026/09/23 17:31:42.343, 0, 97 %, 88 %, 7025 MiB, 49140 MiB, 292.25 W, 300.00 W, 71, 1740 MHz
2026/09/23 17:31:43.344, 0, 96 %, 86 %, 7025 MiB, 49140 MiB, 290.88 W, 300.00 W, 73, 2025 MHz
2026/09/23 17:31:44.345, 0, 97 %, 87 %, 7025 MiB, 49140 MiB, 291.39 W, 300.00 W, 74, 1620 MHz
2026/09/23 17:31:45.346, 0, 98 %, 87 %, 7025 MiB, 49140 MiB, 291.90 W, 300.00 W, 73, 1530 MHz
2026/09/23 17:31:46.346, 0, 97 %, 87 %, 7025 MiB, 49140 MiB, 290.43 W, 300.00 W, 72, 1995 MHz
2026/09/23 17:31:47.347, 0, 97 %, 87 %, 7025 MiB, 49140 MiB, 291.29 W, 300.00 W, 73, 1980 MHz
2026/09/23 17:31:48.349, 0, 98 %, 89 %, 7025 MiB, 49140 MiB, 291.28 W, 300.00 W, 74, 1875 MHz
2026/09/23 17:31:49.350, 0, 94 %, 65 %, 7025 MiB, 49140 MiB, 298.43 W, 300.00 W, 74, 1395 MHz
2026/09/23 17:31:50.351, 0, 0 %, 0 %, 7025 MiB, 49140 MiB, 154.86 W, 300.00 W, 67, 2730 MHz
2026/09/23 17:31:51.351, 0, 99 %, 89 %, 7025 MiB, 49140 MiB, 98.13 W, 300.00 W, 70, 1755 MHz
2026/09/23 17:31:52.353, 0, 97 %, 87 %, 7025 MiB, 49140 MiB, 292.51 W, 300.00 W, 72, 2085 MHz
2026/09/23 17:31:53.353, 0, 98 %, 89 %, 7025 MiB, 49140 MiB, 292.13 W, 300.00 W, 73, 1680 MHz
2026/09/23 17:31:54.354, 0, 98 %, 88 %, 7025 MiB, 49140 MiB, 292.57 W, 300.00 W, 72, 1560 MHz
2026/09/23 17:31:55.355, 0, 97 %, 86 %, 7025 MiB, 49140 MiB, 292.06 W, 300.00 W, 72, 1800 MHz
2026/09/23 17:31:56.356, 0, 97 %, 86 %, 7025 MiB, 49140 MiB, 292.58 W, 300.00 W, 72, 1890 MHz
2026/09/23 17:31:57.357, 0, 98 %, 87 %, 7025 MiB, 49140 MiB, 289.27 W, 300.00 W, 72, 1950 MHz
2026/09/23 17:31:58.358, 0, 97 %, 87 %, 7025 MiB, 49140 MiB, 290.62 W, 300.00 W, 74, 1905 MHz
2026/09/23 17:31:59.358, 0, 98 %, 89 %, 7025 MiB, 49140 MiB, 289.02 W, 300.00 W, 72, 1605 MHz
2026/09/23 17:32:00.359, 0, 96 %, 85 %, 7025 MiB, 49140 MiB, 290.74 W, 300.00 W, 73, 1980 MHz
2026/09/23 17:32:01.360, 0, 97 %, 88 %, 7025 MiB, 49140 MiB, 292.25 W, 300.00 W, 72, 1920 MHz
2026/09/23 17:32:02.361, 0, 96 %, 85 %, 7025 MiB, 49140 MiB, 292.01 W, 300.00 W, 72, 1950 MHz
2026/09/23 17:32:03.362, 0, 97 %, 88 %, 7025 MiB, 49140 MiB, 290.57 W, 300.00 W, 74, 2040 MHz
2026/09/23 17:32:04.363, 0, 98 %, 88 %, 7025 MiB, 49140 MiB, 292.30 W, 300.00 W, 72, 1785 MHz
2026/09/23 17:32:05.363, 0, 96 %, 85 %, 7025 MiB, 49140 MiB, 293.10 W, 300.00 W, 73, 1620 MHz
2026/09/23 17:32:06.364, 0, 98 %, 88 %, 7025 MiB, 49140 MiB, 293.06 W, 300.00 W, 72, 1905 MHz
2026/09/23 17:32:07.365, 0, 98 %, 86 %, 7025 MiB, 49140 MiB, 291.84 W, 300.00 W, 73, 1965 MHz
2026/09/23 17:32:08.366, 0, 98 %, 87 %, 7025 MiB, 49140 MiB, 292.25 W, 300.00 W, 74, 1725 MHz
2026/09/23 17:32:09.367, 0, 98 %, 87 %, 7025 MiB, 49140 MiB, 293.00 W, 300.00 W, 73, 1905 MHz
2026/09/23 17:32:10.368, 0, 98 %, 87 %, 7025 MiB, 49140 MiB, 291.82 W, 300.00 W, 73, 1545 MHz
2026/09/23 17:32:11.369, 0, 98 %, 87 %, 7025 MiB, 49140 MiB, 293.84 W, 300.00 W, 74, 1575 MHz
2026/09/23 17:32:12.371, 0, 98 %, 86 %, 7025 MiB, 49140 MiB, 291.58 W, 300.00 W, 73, 1905 MHz
2026/09/23 17:32:13.372, 0, 97 %, 89 %, 7025 MiB, 49140 MiB, 291.27 W, 300.00 W, 74, 1950 MHz
2026/09/23 17:32:14.373, 0, 97 %, 88 %, 7025 MiB, 49140 MiB, 291.63 W, 300.00 W, 73, 1710 MHz
2026/09/23 17:32:15.374, 0, 97 %, 87 %, 7025 MiB, 49140 MiB, 293.45 W, 300.00 W, 73, 1530 MHz
2026/09/23 17:32:16.374, 0, 97 %, 87 %, 7025 MiB, 49140 MiB, 293.19 W, 300.00 W, 72, 1845 MHz
2026/09/23 17:32:17.375, 0, 93 %, 66 %, 7025 MiB, 49140 MiB, 295.07 W, 300.00 W, 73, 1515 MHz
2026/09/23 17:32:18.377, 0, 0 %, 0 %, 7025 MiB, 49140 MiB, 226.53 W, 300.00 W, 67, 2730 MHz
2026/09/23 17:32:19.377, 0, 96 %, 88 %, 7025 MiB, 49140 MiB, 207.74 W, 300.00 W, 74, 2010 MHz
2026/09/23 17:32:20.379, 0, 98 %, 88 %, 7025 MiB, 49140 MiB, 292.44 W, 300.00 W, 73, 1800 MHz
2026/09/23 17:32:21.381, 0, 97 %, 88 %, 7025 MiB, 49140 MiB, 293.08 W, 300.00 W, 72, 1560 MHz
2026/09/23 17:32:22.382, 0, 97 %, 88 %, 7025 MiB, 49140 MiB, 292.71 W, 300.00 W, 72, 1920 MHz
2026/09/23 17:32:23.383, 0, 97 %, 87 %, 7025 MiB, 49140 MiB, 292.18 W, 300.00 W, 73, 1950 MHz
2026/09/23 17:32:24.384, 0, 98 %, 88 %, 7025 MiB, 49140 MiB, 292.26 W, 300.00 W, 74, 1875 MHz
2026/09/23 17:32:25.386, 0, 98 %, 87 %, 7025 MiB, 49140 MiB, 292.12 W, 300.00 W, 73, 1875 MHz
2026/09/23 17:32:26.388, 0, 95 %, 86 %, 7025 MiB, 49140 MiB, 292.42 W, 300.00 W, 73, 1575 MHz
2026/09/23 17:32:27.390, 0, 97 %, 86 %, 7025 MiB, 49140 MiB, 293.01 W, 300.00 W, 72, 1950 MHz
2026/09/23 17:32:28.390, 0, 97 %, 87 %, 7025 MiB, 49140 MiB, 291.62 W, 300.00 W, 73, 1920 MHz
2026/09/23 17:32:29.393, 0, 98 %, 87 %, 7025 MiB, 49140 MiB, 292.98 W, 300.00 W, 74, 1920 MHz
2026/09/23 17:32:30.395, 0, 97 %, 87 %, 7025 MiB, 49140 MiB, 292.45 W, 300.00 W, 73, 1890 MHz
2026/09/23 17:32:31.396, 0, 98 %, 87 %, 7025 MiB, 49140 MiB, 292.18 W, 300.00 W, 73, 1515 MHz
2026/09/23 17:32:32.397, 0, 97 %, 87 %, 7025 MiB, 49140 MiB, 289.63 W, 300.00 W, 72, 1800 MHz
2026/09/23 17:32:33.398, 0, 97 %, 87 %, 7025 MiB, 49140 MiB, 291.70 W, 300.00 W, 73, 1725 MHz
2026/09/23 17:32:34.400, 0, 98 %, 87 %, 7025 MiB, 49140 MiB, 292.58 W, 300.00 W, 74, 2010 MHz
2026/09/23 17:32:35.401, 0, 97 %, 89 %, 7025 MiB, 49140 MiB, 291.97 W, 300.00 W, 73, 1680 MHz
2026/09/23 17:32:36.402, 0, 99 %, 87 %, 7025 MiB, 49140 MiB, 293.95 W, 300.00 W, 73, 1500 MHz
2026/09/23 17:32:37.403, 0, 97 %, 90 %, 7025 MiB, 49140 MiB, 290.30 W, 300.00 W, 72, 1755 MHz
2026/09/23 17:32:38.403, 0, 98 %, 86 %, 7025 MiB, 49140 MiB, 290.67 W, 300.00 W, 75, 1830 MHz
2026/09/23 17:32:39.404, 0, 97 %, 86 %, 7025 MiB, 49140 MiB, 292.44 W, 300.00 W, 73, 1875 MHz
2026/09/23 17:32:40.406, 0, 98 %, 88 %, 7025 MiB, 49140 MiB, 293.05 W, 300.00 W, 73, 1560 MHz
2026/09/23 17:32:41.408, 0, 97 %, 87 %, 7025 MiB, 49140 MiB, 291.92 W, 300.00 W, 72, 1890 MHz
2026/09/23 17:32:42.409, 0, 97 %, 86 %, 7025 MiB, 49140 MiB, 292.02 W, 300.00 W, 73, 1665 MHz
2026/09/23 17:32:43.410, 0, 97 %, 87 %, 7025 MiB, 49140 MiB, 292.39 W, 300.00 W, 74, 2010 MHz
2026/09/23 17:32:44.411, 0, 94 %, 67 %, 7025 MiB, 49140 MiB, 292.49 W, 300.00 W, 74, 1590 MHz
2026/09/23 17:32:45.411, 0, 95 %, 66 %, 7025 MiB, 49140 MiB, 298.61 W, 300.00 W, 75, 1485 MHz
2026/09/23 17:32:46.412, 0, 0 %, 0 %, 7025 MiB, 49140 MiB, 123.52 W, 300.00 W, 67, 2730 MHz
2026/09/23 17:32:47.412, 0, 98 %, 87 %, 7025 MiB, 49140 MiB, 130.19 W, 300.00 W, 72, 1935 MHz
2026/09/23 17:32:48.413, 0, 98 %, 88 %, 7025 MiB, 49140 MiB, 291.42 W, 300.00 W, 72, 1875 MHz
2026/09/23 17:32:49.414, 0, 99 %, 88 %, 7025 MiB, 49140 MiB, 292.93 W, 300.00 W, 72, 1590 MHz
2026/09/23 17:32:50.415, 0, 97 %, 85 %, 7025 MiB, 49140 MiB, 294.20 W, 300.00 W, 73, 1530 MHz
2026/09/23 17:32:51.415, 0, 98 %, 89 %, 7025 MiB, 49140 MiB, 291.82 W, 300.00 W, 71, 1530 MHz
2026/09/23 17:32:52.416, 0, 98 %, 87 %, 7025 MiB, 49140 MiB, 292.34 W, 300.00 W, 72, 1845 MHz
2026/09/23 17:32:53.417, 0, 97 %, 86 %, 7025 MiB, 49140 MiB, 292.90 W, 300.00 W, 74, 1770 MHz
2026/09/23 17:32:54.417, 0, 97 %, 87 %, 7025 MiB, 49140 MiB, 291.95 W, 300.00 W, 73, 2025 MHz
2026/09/23 17:32:55.419, 0, 98 %, 87 %, 7025 MiB, 49140 MiB, 293.90 W, 300.00 W, 73, 1680 MHz
2026/09/23 17:32:56.420, 0, 97 %, 86 %, 7025 MiB, 49140 MiB, 292.46 W, 300.00 W, 72, 1560 MHz
2026/09/23 17:32:57.420, 0, 98 %, 88 %, 7025 MiB, 49140 MiB, 291.62 W, 300.00 W, 72, 1905 MHz
2026/09/23 17:32:58.421, 0, 96 %, 85 %, 7025 MiB, 49140 MiB, 292.51 W, 300.00 W, 74, 1920 MHz
2026/09/23 17:32:59.423, 0, 98 %, 88 %, 7025 MiB, 49140 MiB, 292.16 W, 300.00 W, 72, 1950 MHz
2026/09/23 17:33:00.426, 0, 99 %, 89 %, 7025 MiB, 49140 MiB, 294.25 W, 300.00 W, 73, 1710 MHz
2026/09/23 17:33:01.427, 0, 98 %, 87 %, 7025 MiB, 49140 MiB, 293.08 W, 300.00 W, 72, 1545 MHz
2026/09/23 17:33:02.428, 0, 97 %, 86 %, 7025 MiB, 49140 MiB, 290.13 W, 300.00 W, 73, 1815 MHz
2026/09/23 17:33:03.428, 0, 97 %, 85 %, 7025 MiB, 49140 MiB, 292.25 W, 300.00 W, 73, 1575 MHz
2026/09/23 17:33:04.429, 0, 99 %, 89 %, 7025 MiB, 49140 MiB, 291.33 W, 300.00 W, 73, 1845 MHz
2026/09/23 17:33:05.430, 0, 98 %, 86 %, 7025 MiB, 49140 MiB, 293.74 W, 300.00 W, 73, 1560 MHz
2026/09/23 17:33:06.431, 0, 96 %, 87 %, 7025 MiB, 49140 MiB, 292.00 W, 300.00 W, 73, 1935 MHz
2026/09/23 17:33:07.433, 0, 98 %, 86 %, 7025 MiB, 49140 MiB, 292.80 W, 300.00 W, 74, 1965 MHz
2026/09/23 17:33:08.434, 0, 98 %, 87 %, 7025 MiB, 49140 MiB, 292.82 W, 300.00 W, 73, 1890 MHz
2026/09/23 17:33:09.434, 0, 99 %, 89 %, 7025 MiB, 49140 MiB, 292.79 W, 300.00 W, 73, 1755 MHz
2026/09/23 17:33:10.435, 0, 96 %, 89 %, 7025 MiB, 49140 MiB, 289.71 W, 300.00 W, 71, 1575 MHz
2026/09/23 17:33:11.437, 0, 98 %, 86 %, 7025 MiB, 49140 MiB, 291.52 W, 300.00 W, 73, 1815 MHz
2026/09/23 17:33:12.439, 0, 97 %, 85 %, 7025 MiB, 49140 MiB, 291.41 W, 300.00 W, 73, 1740 MHz
2026/09/23 17:33:13.442, 0, 97 %, 67 %, 7025 MiB, 49140 MiB, 297.18 W, 300.00 W, 74, 1470 MHz
2026/09/23 17:33:14.443, 0, 0 %, 0 %, 7025 MiB, 49140 MiB, 197.62 W, 300.00 W, 67, 2730 MHz
2026/09/23 17:33:15.443, 0, 0 %, 0 %, 7025 MiB, 49140 MiB, 87.88 W, 300.00 W, 67, 2730 MHz
2026/09/23 17:33:16.444, 0, 97 %, 87 %, 7025 MiB, 49140 MiB, 226.86 W, 300.00 W, 70, 1560 MHz
2026/09/23 17:33:17.445, 0, 96 %, 86 %, 7025 MiB, 49140 MiB, 290.58 W, 300.00 W, 72, 1890 MHz
2026/09/23 17:33:18.446, 0, 95 %, 85 %, 7025 MiB, 49140 MiB, 291.38 W, 300.00 W, 74, 1665 MHz
2026/09/23 17:33:19.448, 0, 97 %, 90 %, 7025 MiB, 49140 MiB, 290.32 W, 300.00 W, 72, 2010 MHz
2026/09/23 17:33:20.449, 0, 99 %, 88 %, 7025 MiB, 49140 MiB, 293.72 W, 300.00 W, 73, 1710 MHz
2026/09/23 17:33:21.451, 0, 97 %, 87 %, 7025 MiB, 49140 MiB, 291.96 W, 300.00 W, 72, 1575 MHz
2026/09/23 17:33:22.452, 0, 98 %, 88 %, 7025 MiB, 49140 MiB, 291.76 W, 300.00 W, 72, 1845 MHz
2026/09/23 17:33:23.452, 0, 96 %, 85 %, 7025 MiB, 49140 MiB, 291.67 W, 300.00 W, 74, 1785 MHz
2026/09/23 17:33:24.453, 0, 98 %, 89 %, 7025 MiB, 49140 MiB, 290.08 W, 300.00 W, 72, 1980 MHz
2026/09/23 17:33:25.454, 0, 98 %, 86 %, 7025 MiB, 49140 MiB, 292.46 W, 300.00 W, 73, 1620 MHz
2026/09/23 17:33:26.454, 0, 97 %, 91 %, 7025 MiB, 49140 MiB, 290.81 W, 300.00 W, 71, 1590 MHz
2026/09/23 17:33:27.455, 0, 97 %, 86 %, 7025 MiB, 49140 MiB, 292.03 W, 300.00 W, 73, 1785 MHz
2026/09/23 17:33:28.456, 0, 98 %, 87 %, 7025 MiB, 49140 MiB, 292.28 W, 300.00 W, 73, 1620 MHz
2026/09/23 17:33:29.458, 0, 98 %, 89 %, 7025 MiB, 49140 MiB, 292.86 W, 300.00 W, 72, 2010 MHz
2026/09/23 17:33:30.459, 0, 99 %, 87 %, 7025 MiB, 49140 MiB, 293.44 W, 300.00 W, 73, 1605 MHz
2026/09/23 17:33:31.460, 0, 97 %, 90 %, 7025 MiB, 49140 MiB, 290.24 W, 300.00 W, 72, 1605 MHz
2026/09/23 17:33:32.460, 0, 97 %, 86 %, 7025 MiB, 49140 MiB, 291.71 W, 300.00 W, 73, 1755 MHz
2026/09/23 17:33:33.462, 0, 96 %, 85 %, 7025 MiB, 49140 MiB, 292.65 W, 300.00 W, 73, 1605 MHz
2026/09/23 17:33:34.463, 0, 98 %, 89 %, 7025 MiB, 49140 MiB, 292.34 W, 300.00 W, 72, 1980 MHz
2026/09/23 17:33:35.464, 0, 97 %, 85 %, 7025 MiB, 49140 MiB, 293.43 W, 300.00 W, 73, 1620 MHz
2026/09/23 17:33:36.465, 0, 98 %, 91 %, 7025 MiB, 49140 MiB, 290.54 W, 300.00 W, 71, 1575 MHz
2026/09/23 17:33:37.467, 0, 95 %, 83 %, 7025 MiB, 49140 MiB, 291.25 W, 300.00 W, 74, 1815 MHz
2026/09/23 17:33:38.468, 0, 97 %, 84 %, 7025 MiB, 49140 MiB, 292.08 W, 300.00 W, 73, 1815 MHz
2026/09/23 17:33:39.469, 0, 98 %, 86 %, 7025 MiB, 49140 MiB, 290.01 W, 300.00 W, 73, 1590 MHz
2026/09/23 17:33:40.470, 0, 98 %, 88 %, 7025 MiB, 49140 MiB, 292.00 W, 300.00 W, 71, 1605 MHz
2026/09/23 17:33:41.471, 0, 96 %, 67 %, 7025 MiB, 49140 MiB, 295.01 W, 300.00 W, 74, 1350 MHz
2026/09/23 17:33:42.471, 0, 9 %, 0 %, 7025 MiB, 49140 MiB, 265.47 W, 300.00 W, 68, 2685 MHz
2026/09/23 17:33:43.472, 0, 0 %, 0 %, 7025 MiB, 49140 MiB, 82.50 W, 300.00 W, 67, 2685 MHz
2026/09/23 17:33:44.472, 0, 99 %, 88 %, 7025 MiB, 49140 MiB, 178.11 W, 300.00 W, 71, 1950 MHz
2026/09/23 17:33:45.475, 0, 97 %, 86 %, 7025 MiB, 49140 MiB, 291.04 W, 300.00 W, 71, 1830 MHz
2026/09/23 17:33:46.475, 0, 98 %, 90 %, 7025 MiB, 49140 MiB, 291.38 W, 300.00 W, 71, 1575 MHz
2026/09/23 17:33:47.476, 0, 98 %, 87 %, 7025 MiB, 49140 MiB, 292.70 W, 300.00 W, 73, 1590 MHz
2026/09/23 17:33:48.478, 0, 97 %, 87 %, 7025 MiB, 49140 MiB, 289.70 W, 300.00 W, 74, 1860 MHz
2026/09/23 17:33:49.479, 0, 94 %, 87 %, 7025 MiB, 49140 MiB, 291.09 W, 300.00 W, 72, 1770 MHz
2026/09/23 17:33:50.479, 0, 99 %, 88 %, 7025 MiB, 49140 MiB, 293.19 W, 300.00 W, 73, 1965 MHz
2026/09/23 17:33:51.480, 0, 97 %, 89 %, 7025 MiB, 49140 MiB, 290.68 W, 300.00 W, 71, 1620 MHz
2026/09/23 17:33:52.481, 0, 97 %, 86 %, 7025 MiB, 49140 MiB, 289.00 W, 300.00 W, 74, 1815 MHz
2026/09/23 17:33:53.482, 0, 97 %, 86 %, 7025 MiB, 49140 MiB, 293.19 W, 300.00 W, 73, 1935 MHz
2026/09/23 17:33:54.483, 0, 99 %, 89 %, 7025 MiB, 49140 MiB, 292.93 W, 300.00 W, 73, 1905 MHz
2026/09/23 17:33:55.484, 0, 96 %, 85 %, 7025 MiB, 49140 MiB, 292.70 W, 300.00 W, 72, 1860 MHz
2026/09/23 17:33:56.485, 0, 97 %, 87 %, 7025 MiB, 49140 MiB, 291.18 W, 300.00 W, 73, 1575 MHz
2026/09/23 17:33:57.485, 0, 98 %, 87 %, 7025 MiB, 49140 MiB, 292.33 W, 300.00 W, 74, 1845 MHz
2026/09/23 17:33:58.487, 0, 97 %, 87 %, 7025 MiB, 49140 MiB, 292.98 W, 300.00 W, 73, 1905 MHz
2026/09/23 17:33:59.487, 0, 98 %, 87 %, 7025 MiB, 49140 MiB, 293.91 W, 300.00 W, 73, 2055 MHz
2026/09/23 17:34:00.488, 0, 97 %, 86 %, 7025 MiB, 49140 MiB, 291.44 W, 300.00 W, 72, 1680 MHz
2026/09/23 17:34:01.489, 0, 97 %, 86 %, 7025 MiB, 49140 MiB, 291.70 W, 300.00 W, 73, 1530 MHz
2026/09/23 17:34:02.490, 0, 95 %, 84 %, 7025 MiB, 49140 MiB, 290.76 W, 300.00 W, 73, 1785 MHz
2026/09/23 17:34:03.491, 0, 99 %, 87 %, 7025 MiB, 49140 MiB, 291.56 W, 300.00 W, 73, 1830 MHz
2026/09/23 17:34:04.492, 0, 96 %, 84 %, 7025 MiB, 49140 MiB, 292.76 W, 300.00 W, 73, 1935 MHz
2026/09/23 17:34:05.492, 0, 97 %, 88 %, 7025 MiB, 49140 MiB, 291.27 W, 300.00 W, 73, 1620 MHz
2026/09/23 17:34:06.493, 0, 97 %, 86 %, 7025 MiB, 49140 MiB, 291.80 W, 300.00 W, 75, 1800 MHz
2026/09/23 17:34:07.493, 0, 98 %, 88 %, 7025 MiB, 49140 MiB, 289.90 W, 300.00 W, 73, 1920 MHz
2026/09/23 17:34:08.496, 0, 99 %, 89 %, 7025 MiB, 49140 MiB, 290.75 W, 300.00 W, 73, 1965 MHz
2026/09/23 17:34:09.497, 0, 98 %, 87 %, 7025 MiB, 49140 MiB, 292.34 W, 300.00 W, 72, 1695 MHz
2026/09/23 17:34:10.497, 0, 96 %, 66 %, 7025 MiB, 49140 MiB, 297.89 W, 300.00 W, 73, 1455 MHz
2026/09/23 17:34:11.498, 0, 0 %, 0 %, 7025 MiB, 49140 MiB, 139.36 W, 300.00 W, 66, 2505 MHz
2026/09/23 17:34:12.498, 0, 97 %, 89 %, 7025 MiB, 49140 MiB, 92.35 W, 300.00 W, 70, 1725 MHz
2026/09/23 17:34:13.501, 0, 98 %, 88 %, 7025 MiB, 49140 MiB, 292.77 W, 300.00 W, 72, 1950 MHz
2026/09/23 17:34:14.502, 0, 97 %, 89 %, 7025 MiB, 49140 MiB, 289.61 W, 300.00 W, 70, 1665 MHz
2026/09/23 17:34:15.504, 0, 97 %, 86 %, 7025 MiB, 49140 MiB, 291.13 W, 300.00 W, 72, 1545 MHz
2026/09/23 17:34:16.505, 0, 94 %, 83 %, 7025 MiB, 49140 MiB, 288.63 W, 300.00 W, 73, 1860 MHz
2026/09/23 17:34:17.506, 0, 96 %, 87 %, 7025 MiB, 49140 MiB, 288.81 W, 300.00 W, 72, 1845 MHz
2026/09/23 17:34:18.506, 0, 99 %, 89 %, 7025 MiB, 49140 MiB, 290.87 W, 300.00 W, 73, 1890 MHz
2026/09/23 17:34:19.507, 0, 97 %, 86 %, 7025 MiB, 49140 MiB, 292.60 W, 300.00 W, 72, 1845 MHz
2026/09/23 17:34:20.508, 0, 97 %, 89 %, 7025 MiB, 49140 MiB, 292.31 W, 300.00 W, 72, 1605 MHz
2026/09/23 17:34:21.509, 0, 98 %, 86 %, 7025 MiB, 49140 MiB, 292.65 W, 300.00 W, 73, 1590 MHz
2026/09/23 17:34:22.510, 0, 96 %, 85 %, 7025 MiB, 49140 MiB, 292.91 W, 300.00 W, 73, 1830 MHz
2026/09/23 17:34:23.511, 0, 97 %, 87 %, 7025 MiB, 49140 MiB, 290.66 W, 300.00 W, 72, 1635 MHz
2026/09/23 17:34:24.512, 0, 97 %, 85 %, 7025 MiB, 49140 MiB, 293.61 W, 300.00 W, 73, 2010 MHz
2026/09/23 17:34:25.513, 0, 97 %, 89 %, 7025 MiB, 49140 MiB, 291.95 W, 300.00 W, 71, 1605 MHz
2026/09/23 17:34:26.514, 0, 97 %, 85 %, 7025 MiB, 49140 MiB, 290.80 W, 300.00 W, 74, 1620 MHz
2026/09/23 17:34:27.514, 0, 98 %, 86 %, 7025 MiB, 49140 MiB, 292.87 W, 300.00 W, 73, 1740 MHz
2026/09/23 17:34:28.515, 0, 99 %, 87 %, 7025 MiB, 49140 MiB, 292.45 W, 300.00 W, 72, 1695 MHz
2026/09/23 17:34:29.516, 0, 98 %, 86 %, 7025 MiB, 49140 MiB, 293.71 W, 300.00 W, 73, 1845 MHz
2026/09/23 17:34:30.517, 0, 97 %, 90 %, 7025 MiB, 49140 MiB, 292.66 W, 300.00 W, 72, 1965 MHz
2026/09/23 17:34:31.517, 0, 97 %, 85 %, 7025 MiB, 49140 MiB, 291.25 W, 300.00 W, 74, 1620 MHz
2026/09/23 17:34:32.518, 0, 98 %, 86 %, 7025 MiB, 49140 MiB, 293.05 W, 300.00 W, 73, 1725 MHz
2026/09/23 17:34:33.519, 0, 99 %, 88 %, 7025 MiB, 49140 MiB, 293.64 W, 300.00 W, 73, 1890 MHz
2026/09/23 17:34:34.520, 0, 97 %, 86 %, 7025 MiB, 49140 MiB, 292.80 W, 300.00 W, 71, 2010 MHz
2026/09/23 17:34:35.520, 0, 98 %, 86 %, 7025 MiB, 49140 MiB, 291.89 W, 300.00 W, 73, 1590 MHz
2026/09/23 17:34:36.521, 0, 98 %, 87 %, 7025 MiB, 49140 MiB, 293.05 W, 300.00 W, 73, 1515 MHz
2026/09/23 17:34:37.522, 0, 98 %, 86 %, 7025 MiB, 49140 MiB, 292.33 W, 300.00 W, 73, 1800 MHz
2026/09/23 17:34:38.523, 0, 96 %, 67 %, 7025 MiB, 49140 MiB, 295.60 W, 300.00 W, 73, 1485 MHz
2026/09/23 17:34:39.524, 0, 0 %, 0 %, 7025 MiB, 49140 MiB, 219.69 W, 300.00 W, 67, 2505 MHz
2026/09/23 17:34:40.524, 0, 0 %, 0 %, 7025 MiB, 49140 MiB, 73.67 W, 300.00 W, 66, 2505 MHz
2026/09/23 17:34:41.525, 0, 97 %, 84 %, 7025 MiB, 49140 MiB, 198.41 W, 300.00 W, 72, 1815 MHz
2026/09/23 17:34:42.526, 0, 96 %, 90 %, 7025 MiB, 49140 MiB, 291.89 W, 300.00 W, 71, 1965 MHz
2026/09/23 17:34:43.527, 0, 97 %, 86 %, 7025 MiB, 49140 MiB, 290.51 W, 300.00 W, 74, 1620 MHz
2026/09/23 17:34:44.527, 0, 97 %, 86 %, 7025 MiB, 49140 MiB, 292.77 W, 300.00 W, 72, 1800 MHz
2026/09/23 17:34:45.529, 0, 99 %, 89 %, 7025 MiB, 49140 MiB, 292.76 W, 300.00 W, 72, 1980 MHz
2026/09/23 17:34:46.529, 0, 97 %, 87 %, 7025 MiB, 49140 MiB, 293.12 W, 300.00 W, 72, 1875 MHz
2026/09/23 17:34:47.531, 0, 98 %, 90 %, 7025 MiB, 49140 MiB, 293.17 W, 300.00 W, 72, 1920 MHz
2026/09/23 17:34:48.532, 0, 95 %, 84 %, 7025 MiB, 49140 MiB, 292.05 W, 300.00 W, 74, 1530 MHz
2026/09/23 17:34:49.533, 0, 97 %, 87 %, 7025 MiB, 49140 MiB, 290.61 W, 300.00 W, 73, 1905 MHz
2026/09/23 17:34:50.534, 0, 98 %, 87 %, 7025 MiB, 49140 MiB, 292.81 W, 300.00 W, 73, 1695 MHz
2026/09/23 17:34:51.535, 0, 98 %, 87 %, 7025 MiB, 49140 MiB, 292.51 W, 300.00 W, 71, 2025 MHz
2026/09/23 17:34:52.538, 0, 97 %, 86 %, 7025 MiB, 49140 MiB, 291.34 W, 300.00 W, 73, 1620 MHz
2026/09/23 17:34:53.539, 0, 97 %, 86 %, 7025 MiB, 49140 MiB, 292.39 W, 300.00 W, 73, 1590 MHz
2026/09/23 17:34:54.540, 0, 97 %, 85 %, 7025 MiB, 49140 MiB, 292.22 W, 300.00 W, 72, 1800 MHz
2026/09/23 17:34:55.540, 0, 96 %, 84 %, 7025 MiB, 49140 MiB, 293.48 W, 300.00 W, 73, 1830 MHz
2026/09/23 17:34:56.541, 0, 97 %, 88 %, 7025 MiB, 49140 MiB, 292.49 W, 300.00 W, 73, 1860 MHz
2026/09/23 17:34:57.543, 0, 96 %, 84 %, 7025 MiB, 49140 MiB, 292.45 W, 300.00 W, 75, 1590 MHz
2026/09/23 17:34:58.544, 0, 98 %, 90 %, 7025 MiB, 49140 MiB, 290.67 W, 300.00 W, 72, 1755 MHz
2026/09/23 17:34:59.546, 0, 97 %, 84 %, 7025 MiB, 49140 MiB, 293.47 W, 300.00 W, 74, 1650 MHz
2026/09/23 17:35:00.546, 0, 97 %, 90 %, 7025 MiB, 49140 MiB, 292.36 W, 300.00 W, 72, 1995 MHz
2026/09/23 17:35:01.547, 0, 97 %, 85 %, 7025 MiB, 49140 MiB, 290.17 W, 300.00 W, 74, 1590 MHz
2026/09/23 17:35:02.548, 0, 97 %, 87 %, 7025 MiB, 49140 MiB, 292.21 W, 300.00 W, 73, 1905 MHz
2026/09/23 17:35:03.549, 0, 99 %, 88 %, 7025 MiB, 49140 MiB, 293.80 W, 300.00 W, 73, 1860 MHz
2026/09/23 17:35:04.550, 0, 96 %, 86 %, 7025 MiB, 49140 MiB, 293.08 W, 300.00 W, 72, 1995 MHz
2026/09/23 17:35:05.551, 0, 97 %, 86 %, 7025 MiB, 49140 MiB, 292.22 W, 300.00 W, 73, 1605 MHz
2026/09/23 17:35:06.551, 0, 96 %, 70 %, 7025 MiB, 49140 MiB, 292.61 W, 300.00 W, 74, 1365 MHz
2026/09/23 17:35:07.552, 0, 95 %, 67 %, 7025 MiB, 49140 MiB, 298.43 W, 300.00 W, 74, 1305 MHz
2026/09/23 17:35:08.553, 0, 0 %, 0 %, 7025 MiB, 49140 MiB, 118.92 W, 300.00 W, 67, 2745 MHz
2026/09/23 17:35:09.553, 0, 97 %, 86 %, 7025 MiB, 49140 MiB, 127.02 W, 300.00 W, 71, 1845 MHz
2026/09/23 17:35:10.554, 0, 99 %, 89 %, 7025 MiB, 49140 MiB, 291.13 W, 300.00 W, 72, 1965 MHz
2026/09/23 17:35:11.555, 0, 97 %, 85 %, 7025 MiB, 49140 MiB, 292.81 W, 300.00 W, 72, 1815 MHz
2026/09/23 17:35:12.556, 0, 97 %, 89 %, 7025 MiB, 49140 MiB, 292.27 W, 300.00 W, 72, 1875 MHz
2026/09/23 17:35:13.557, 0, 98 %, 87 %, 7025 MiB, 49140 MiB, 291.85 W, 300.00 W, 74, 1590 MHz
2026/09/23 17:35:14.558, 0, 97 %, 85 %, 7025 MiB, 49140 MiB, 292.55 W, 300.00 W, 72, 1800 MHz
2026/09/23 17:35:15.558, 0, 99 %, 89 %, 7025 MiB, 49140 MiB, 292.35 W, 300.00 W, 72, 1920 MHz
2026/09/23 17:35:16.559, 0, 98 %, 86 %, 7025 MiB, 49140 MiB, 293.35 W, 300.00 W, 72, 1965 MHz
2026/09/23 17:35:17.560, 0, 98 %, 88 %, 7025 MiB, 49140 MiB, 291.69 W, 300.00 W, 73, 1725 MHz
2026/09/23 17:35:18.561, 0, 97 %, 86 %, 7025 MiB, 49140 MiB, 293.15 W, 300.00 W, 74, 1710 MHz
2026/09/23 17:35:19.563, 0, 97 %, 88 %, 7025 MiB, 49140 MiB, 292.32 W, 300.00 W, 73, 1530 MHz
2026/09/23 17:35:20.563, 0, 98 %, 87 %, 7025 MiB, 49140 MiB, 293.69 W, 300.00 W, 73, 1860 MHz
2026/09/23 17:35:21.565, 0, 97 %, 86 %, 7025 MiB, 49140 MiB, 292.97 W, 300.00 W, 71, 1725 MHz
2026/09/23 17:35:22.566, 0, 97 %, 85 %, 7025 MiB, 49140 MiB, 290.80 W, 300.00 W, 73, 2010 MHz
2026/09/23 17:35:23.567, 0, 97 %, 85 %, 7025 MiB, 49140 MiB, 291.81 W, 300.00 W, 72, 1575 MHz
2026/09/23 17:35:24.568, 0, 99 %, 88 %, 7025 MiB, 49140 MiB, 292.83 W, 300.00 W, 73, 1755 MHz
2026/09/23 17:35:25.569, 0, 97 %, 85 %, 7025 MiB, 49140 MiB, 293.52 W, 300.00 W, 72, 1935 MHz
2026/09/23 17:35:26.570, 0, 98 %, 88 %, 7025 MiB, 49140 MiB, 292.38 W, 300.00 W, 73, 1890 MHz
2026/09/23 17:35:27.570, 0, 97 %, 86 %, 7025 MiB, 49140 MiB, 292.71 W, 300.00 W, 75, 1785 MHz
2026/09/23 17:35:28.571, 0, 97 %, 87 %, 7025 MiB, 49140 MiB, 292.87 W, 300.00 W, 73, 1500 MHz
2026/09/23 17:35:29.572, 0, 98 %, 86 %, 7025 MiB, 49140 MiB, 293.89 W, 300.00 W, 73, 1800 MHz
2026/09/23 17:35:30.573, 0, 98 %, 89 %, 7025 MiB, 49140 MiB, 291.69 W, 300.00 W, 71, 1620 MHz
2026/09/23 17:35:31.574, 0, 98 %, 86 %, 7025 MiB, 49140 MiB, 290.90 W, 300.00 W, 74, 1905 MHz
2026/09/23 17:35:32.575, 0, 98 %, 86 %, 7025 MiB, 49140 MiB, 291.52 W, 300.00 W, 73, 1575 MHz
2026/09/23 17:35:33.576, 0, 99 %, 89 %, 7025 MiB, 49140 MiB, 293.15 W, 300.00 W, 73, 1890 MHz
2026/09/23 17:35:34.577, 0, 97 %, 88 %, 7025 MiB, 49140 MiB, 291.89 W, 300.00 W, 71, 1635 MHz
2026/09/23 17:35:35.577, 0, 95 %, 68 %, 7025 MiB, 49140 MiB, 295.78 W, 300.00 W, 74, 1560 MHz
2026/09/23 17:35:36.578, 0, 0 %, 0 %, 7025 MiB, 49140 MiB, 208.88 W, 300.00 W, 67, 2745 MHz
2026/09/23 17:35:37.579, 0, 0 %, 0 %, 7025 MiB, 49140 MiB, 87.53 W, 300.00 W, 67, 2745 MHz
2026/09/23 17:35:38.580, 0, 94 %, 85 %, 7025 MiB, 49140 MiB, 206.37 W, 300.00 W, 72, 2040 MHz
2026/09/23 17:35:39.581, 0, 97 %, 87 %, 7025 MiB, 49140 MiB, 290.06 W, 300.00 W, 73, 1680 MHz
2026/09/23 17:35:40.583, 0, 93 %, 85 %, 7025 MiB, 49140 MiB, 290.11 W, 300.00 W, 72, 1575 MHz
2026/09/23 17:35:41.585, 0, 98 %, 86 %, 7025 MiB, 49140 MiB, 292.78 W, 300.00 W, 72, 1785 MHz
2026/09/23 17:35:42.585, 0, 98 %, 88 %, 7025 MiB, 49140 MiB, 290.99 W, 300.00 W, 70, 1710 MHz
2026/09/23 17:35:43.586, 0, 98 %, 86 %, 7025 MiB, 49140 MiB, 290.42 W, 300.00 W, 73, 1995 MHz
2026/09/23 17:35:44.587, 0, 97 %, 85 %, 7025 MiB, 49140 MiB, 291.89 W, 300.00 W, 73, 1575 MHz
2026/09/23 17:35:45.588, 0, 99 %, 88 %, 7025 MiB, 49140 MiB, 291.55 W, 300.00 W, 72, 1830 MHz
2026/09/23 17:35:46.588, 0, 97 %, 86 %, 7025 MiB, 49140 MiB, 292.48 W, 300.00 W, 72, 1905 MHz
2026/09/23 17:35:47.589, 0, 97 %, 88 %, 7025 MiB, 49140 MiB, 291.03 W, 300.00 W, 72, 2070 MHz
2026/09/23 17:35:48.589, 0, 98 %, 86 %, 7025 MiB, 49140 MiB, 292.23 W, 300.00 W, 74, 1725 MHz
2026/09/23 17:35:49.590, 0, 98 %, 90 %, 7025 MiB, 49140 MiB, 291.51 W, 300.00 W, 72, 1515 MHz
2026/09/23 17:35:50.591, 0, 99 %, 87 %, 7025 MiB, 49140 MiB, 294.39 W, 300.00 W, 73, 1860 MHz
2026/09/23 17:35:51.592, 0, 97 %, 90 %, 7025 MiB, 49140 MiB, 290.09 W, 300.00 W, 72, 1860 MHz
2026/09/23 17:35:52.593, 0, 97 %, 86 %, 7025 MiB, 49140 MiB, 291.57 W, 300.00 W, 74, 1875 MHz
2026/09/23 17:35:53.594, 0, 97 %, 87 %, 7025 MiB, 49140 MiB, 292.33 W, 300.00 W, 73, 1545 MHz
2026/09/23 17:35:54.594, 0, 99 %, 87 %, 7025 MiB, 49140 MiB, 293.78 W, 300.00 W, 73, 1860 MHz
2026/09/23 17:35:55.595, 0, 95 %, 87 %, 7025 MiB, 49140 MiB, 290.80 W, 300.00 W, 71, 1680 MHz
2026/09/23 17:35:56.596, 0, 98 %, 87 %, 7025 MiB, 49140 MiB, 290.08 W, 300.00 W, 74, 1965 MHz
2026/09/23 17:35:57.597, 0, 96 %, 85 %, 7025 MiB, 49140 MiB, 290.90 W, 300.00 W, 72, 1575 MHz
2026/09/23 17:35:58.598, 0, 99 %, 87 %, 7025 MiB, 49140 MiB, 292.01 W, 300.00 W, 73, 1785 MHz
2026/09/23 17:35:59.598, 0, 98 %, 90 %, 7025 MiB, 49140 MiB, 290.55 W, 300.00 W, 72, 1620 MHz
2026/09/23 17:36:00.599, 0, 98 %, 86 %, 7025 MiB, 49140 MiB, 291.63 W, 300.00 W, 74, 1890 MHz
2026/09/23 17:36:01.600, 0, 98 %, 86 %, 7025 MiB, 49140 MiB, 292.36 W, 300.00 W, 73, 1590 MHz
2026/09/23 17:36:02.601, 0, 99 %, 89 %, 7025 MiB, 49140 MiB, 293.08 W, 300.00 W, 73, 1815 MHz
2026/09/23 17:36:03.602, 0, 92 %, 67 %, 7025 MiB, 49140 MiB, 293.19 W, 300.00 W, 74, 1590 MHz
2026/09/23 17:36:04.603, 0, 96 %, 66 %, 7025 MiB, 49140 MiB, 298.99 W, 300.00 W, 70, 2580 MHz
2026/09/23 17:36:05.603, 0, 0 %, 0 %, 7025 MiB, 49140 MiB, 96.97 W, 300.00 W, 66, 2505 MHz
2026/09/23 17:36:06.604, 0, 97 %, 86 %, 7025 MiB, 49140 MiB, 136.35 W, 300.00 W, 72, 1620 MHz
2026/09/23 17:36:07.606, 0, 97 %, 90 %, 7025 MiB, 49140 MiB, 289.85 W, 300.00 W, 71, 1635 MHz
2026/09/23 17:36:08.606, 0, 98 %, 87 %, 7025 MiB, 49140 MiB, 292.32 W, 300.00 W, 72, 1560 MHz
2026/09/23 17:36:09.607, 0, 98 %, 87 %, 7025 MiB, 49140 MiB, 291.75 W, 300.00 W, 71, 1830 MHz
2026/09/23 17:36:10.611, 0, 98 %, 87 %, 7025 MiB, 49140 MiB, 291.60 W, 300.00 W, 72, 1710 MHz
2026/09/23 17:36:11.612, 0, 96 %, 85 %, 7025 MiB, 49140 MiB, 289.77 W, 300.00 W, 72, 1920 MHz
2026/09/23 17:36:12.613, 0, 98 %, 88 %, 7025 MiB, 49140 MiB, 290.98 W, 300.00 W, 72, 1545 MHz
2026/09/23 17:36:13.614, 0, 98 %, 87 %, 7025 MiB, 49140 MiB, 292.75 W, 300.00 W, 71, 1920 MHz
2026/09/23 17:36:14.616, 0, 97 %, 87 %, 7025 MiB, 49140 MiB, 291.63 W, 300.00 W, 72, 1860 MHz
2026/09/23 17:36:15.617, 0, 97 %, 87 %, 7025 MiB, 49140 MiB, 291.62 W, 300.00 W, 73, 1995 MHz
2026/09/23 17:36:16.618, 0, 98 %, 88 %, 7025 MiB, 49140 MiB, 292.48 W, 300.00 W, 72, 1680 MHz
2026/09/23 17:36:17.618, 0, 97 %, 85 %, 7025 MiB, 49140 MiB, 292.04 W, 300.00 W, 73, 1575 MHz
2026/09/23 17:36:18.620, 0, 97 %, 89 %, 7025 MiB, 49140 MiB, 289.86 W, 300.00 W, 72, 1905 MHz
2026/09/23 17:36:19.623, 0, 97 %, 85 %, 7025 MiB, 49140 MiB, 291.71 W, 300.00 W, 74, 1755 MHz
2026/09/23 17:36:20.624, 0, 97 %, 86 %, 7025 MiB, 49140 MiB, 291.77 W, 300.00 W, 72, 1905 MHz
2026/09/23 17:36:21.625, 0, 99 %, 88 %, 7025 MiB, 49140 MiB, 292.58 W, 300.00 W, 72, 1620 MHz
2026/09/23 17:36:22.626, 0, 98 %, 86 %, 7025 MiB, 49140 MiB, 292.94 W, 300.00 W, 73, 1785 MHz
2026/09/23 17:36:23.628, 0, 97 %, 88 %, 7025 MiB, 49140 MiB, 291.58 W, 300.00 W, 72, 1965 MHz
2026/09/23 17:36:24.628, 0, 98 %, 87 %, 7025 MiB, 49140 MiB, 292.28 W, 300.00 W, 74, 1920 MHz
2026/09/23 17:36:25.629, 0, 96 %, 86 %, 7025 MiB, 49140 MiB, 290.57 W, 300.00 W, 72, 1560 MHz
2026/09/23 17:36:26.630, 0, 99 %, 89 %, 7025 MiB, 49140 MiB, 293.01 W, 300.00 W, 73, 1590 MHz
2026/09/23 17:36:27.631, 0, 97 %, 86 %, 7025 MiB, 49140 MiB, 291.06 W, 300.00 W, 72, 1950 MHz
2026/09/23 17:36:28.632, 0, 98 %, 87 %, 7025 MiB, 49140 MiB, 291.42 W, 300.00 W, 74, 2040 MHz
2026/09/23 17:36:29.633, 0, 97 %, 84 %, 7025 MiB, 49140 MiB, 291.64 W, 300.00 W, 72, 1605 MHz
2026/09/23 17:36:30.634, 0, 99 %, 88 %, 7025 MiB, 49140 MiB, 293.99 W, 300.00 W, 73, 1590 MHz
2026/09/23 17:36:31.637, 0, 98 %, 86 %, 7025 MiB, 49140 MiB, 292.95 W, 300.00 W, 74, 1455 MHz
2026/09/23 17:36:32.637, 0, 96 %, 67 %, 7025 MiB, 49140 MiB, 263.98 W, 300.00 W, 68, 2580 MHz
2026/09/23 17:36:33.638, 0, 0 %, 0 %, 7025 MiB, 49140 MiB, 76.36 W, 300.00 W, 66, 2580 MHz
2026/09/23 17:36:34.638, 0, 0 %, 0 %, 7025 MiB, 49140 MiB, 164.86 W, 300.00 W, 71, 2010 MHz
2026/09/23 17:36:35.639, 0, 96 %, 86 %, 7025 MiB, 49140 MiB, 288.19 W, 300.00 W, 73, 1740 MHz
2026/09/23 17:36:36.641, 0, 97 %, 86 %, 7025 MiB, 49140 MiB, 287.63 W, 300.00 W, 72, 1905 MHz
2026/09/23 17:36:37.642, 0, 97 %, 87 %, 7025 MiB, 49140 MiB, 289.20 W, 300.00 W, 72, 1545 MHz
2026/09/23 17:36:38.643, 0, 97 %, 84 %, 7025 MiB, 49140 MiB, 291.48 W, 300.00 W, 71, 1935 MHz
2026/09/23 17:36:39.643, 0, 97 %, 91 %, 7025 MiB, 49140 MiB, 291.34 W, 300.00 W, 72, 1950 MHz
2026/09/23 17:36:40.644, 0, 97 %, 85 %, 7025 MiB, 49140 MiB, 290.74 W, 300.00 W, 74, 2145 MHz
2026/09/23 17:36:41.645, 0, 98 %, 88 %, 7025 MiB, 49140 MiB, 291.12 W, 300.00 W, 72, 1680 MHz
2026/09/23 17:36:42.646, 0, 98 %, 87 %, 7025 MiB, 49140 MiB, 293.46 W, 300.00 W, 72, 1515 MHz
2026/09/23 17:36:43.647, 0, 98 %, 87 %, 7025 MiB, 49140 MiB, 290.39 W, 300.00 W, 71, 1785 MHz
2026/09/23 17:36:44.648, 0, 98 %, 88 %, 7025 MiB, 49140 MiB, 291.25 W, 300.00 W, 73, 1680 MHz
2026/09/23 17:36:45.648, 0, 98 %, 88 %, 7025 MiB, 49140 MiB, 292.86 W, 300.00 W, 73, 2010 MHz
2026/09/23 17:36:46.649, 0, 97 %, 87 %, 7025 MiB, 49140 MiB, 290.95 W, 300.00 W, 72, 1545 MHz
2026/09/23 17:36:47.649, 0, 96 %, 86 %, 7025 MiB, 49140 MiB, 291.56 W, 300.00 W, 72, 1950 MHz
2026/09/23 17:36:48.651, 0, 98 %, 86 %, 7025 MiB, 49140 MiB, 290.94 W, 300.00 W, 72, 1695 MHz
2026/09/23 17:36:49.652, 0, 98 %, 88 %, 7025 MiB, 49140 MiB, 292.61 W, 300.00 W, 74, 1965 MHz
2026/09/23 17:36:50.653, 0, 98 %, 88 %, 7025 MiB, 49140 MiB, 292.04 W, 300.00 W, 72, 1605 MHz
2026/09/23 17:36:51.654, 0, 97 %, 86 %, 7025 MiB, 49140 MiB, 293.08 W, 300.00 W, 73, 1590 MHz
2026/09/23 17:36:52.655, 0, 98 %, 88 %, 7025 MiB, 49140 MiB, 290.84 W, 300.00 W, 72, 1920 MHz
2026/09/23 17:36:53.655, 0, 96 %, 86 %, 7025 MiB, 49140 MiB, 291.12 W, 300.00 W, 74, 1830 MHz
2026/09/23 17:36:54.656, 0, 98 %, 88 %, 7025 MiB, 49140 MiB, 293.24 W, 300.00 W, 72, 1905 MHz
2026/09/23 17:36:55.660, 0, 96 %, 86 %, 7025 MiB, 49140 MiB, 292.14 W, 300.00 W, 72, 1890 MHz
2026/09/23 17:36:56.661, 0, 98 %, 88 %, 7025 MiB, 49140 MiB, 293.48 W, 300.00 W, 73, 1590 MHz
2026/09/23 17:36:57.662, 0, 93 %, 85 %, 7025 MiB, 49140 MiB, 289.59 W, 300.00 W, 73, 1860 MHz
2026/09/23 17:36:58.663, 0, 98 %, 88 %, 7025 MiB, 49140 MiB, 290.46 W, 300.00 W, 73, 1560 MHz
2026/09/23 17:36:59.663, 0, 98 %, 87 %, 7025 MiB, 49140 MiB, 292.19 W, 300.00 W, 73, 1875 MHz
2026/09/23 17:37:00.664, 0, 96 %, 67 %, 7025 MiB, 49140 MiB, 297.46 W, 300.00 W, 74, 1425 MHz
2026/09/23 17:37:01.665, 0, 10 %, 0 %, 7025 MiB, 49140 MiB, 163.78 W, 300.00 W, 67, 2745 MHz
2026/09/23 17:37:02.665, 0, 0 %, 0 %, 7025 MiB, 49140 MiB, 110.42 W, 300.00 W, 70, 1725 MHz
2026/09/23 17:37:03.666, 0, 98 %, 88 %, 7025 MiB, 49140 MiB, 291.02 W, 300.00 W, 71, 2010 MHz
2026/09/23 17:37:04.667, 0, 97 %, 88 %, 7025 MiB, 49140 MiB, 293.41 W, 300.00 W, 73, 1575 MHz
2026/09/23 17:37:05.668, 0, 96 %, 87 %, 7025 MiB, 49140 MiB, 290.66 W, 300.00 W, 71, 1620 MHz
2026/09/23 17:37:06.668, 0, 97 %, 87 %, 7025 MiB, 49140 MiB, 291.36 W, 300.00 W, 73, 1815 MHz
2026/09/23 17:37:07.669, 0, 97 %, 88 %, 7025 MiB, 49140 MiB, 292.18 W, 300.00 W, 73, 1680 MHz
2026/09/23 17:37:08.670, 0, 98 %, 88 %, 7025 MiB, 49140 MiB, 292.34 W, 300.00 W, 73, 1905 MHz
2026/09/23 17:37:09.671, 0, 97 %, 87 %, 7025 MiB, 49140 MiB, 292.95 W, 300.00 W, 73, 1800 MHz
2026/09/23 17:37:10.674, 0, 97 %, 87 %, 7025 MiB, 49140 MiB, 292.36 W, 300.00 W, 72, 1605 MHz
2026/09/23 17:37:11.675, 0, 98 %, 87 %, 7025 MiB, 49140 MiB, 291.97 W, 300.00 W, 72, 1740 MHz
2026/09/23 17:37:12.676, 0, 98 %, 88 %, 7025 MiB, 49140 MiB, 292.00 W, 300.00 W, 73, 1785 MHz
2026/09/23 17:37:13.676, 0, 98 %, 88 %, 7025 MiB, 49140 MiB, 292.45 W, 300.00 W, 73, 1575 MHz
2026/09/23 17:37:14.677, 0, 97 %, 88 %, 7025 MiB, 49140 MiB, 291.58 W, 300.00 W, 72, 2025 MHz
2026/09/23 17:37:15.678, 0, 96 %, 86 %, 7025 MiB, 49140 MiB, 294.17 W, 300.00 W, 73, 1620 MHz
2026/09/23 17:37:16.679, 0, 98 %, 88 %, 7025 MiB, 49140 MiB, 291.62 W, 300.00 W, 72, 1530 MHz
2026/09/23 17:37:17.681, 0, 97 %, 86 %, 7025 MiB, 49140 MiB, 291.26 W, 300.00 W, 73, 1875 MHz
2026/09/23 17:37:18.682, 0, 98 %, 87 %, 7025 MiB, 49140 MiB, 291.90 W, 300.00 W, 74, 1665 MHz
2026/09/23 17:37:19.682, 0, 98 %, 89 %, 7025 MiB, 49140 MiB, 291.34 W, 300.00 W, 72, 2025 MHz
2026/09/23 17:37:20.683, 0, 97 %, 86 %, 7025 MiB, 49140 MiB, 293.32 W, 300.00 W, 73, 1635 MHz
2026/09/23 17:37:21.684, 0, 98 %, 88 %, 7025 MiB, 49140 MiB, 291.92 W, 300.00 W, 71, 1545 MHz
2026/09/23 17:37:22.685, 0, 98 %, 87 %, 7025 MiB, 49140 MiB, 290.43 W, 300.00 W, 73, 1785 MHz
2026/09/23 17:37:23.686, 0, 95 %, 86 %, 7025 MiB, 49140 MiB, 292.04 W, 300.00 W, 73, 1665 MHz
2026/09/23 17:37:24.688, 0, 98 %, 87 %, 7025 MiB, 49140 MiB, 292.01 W, 300.00 W, 73, 1995 MHz
2026/09/23 17:37:25.689, 0, 97 %, 86 %, 7025 MiB, 49140 MiB, 292.78 W, 300.00 W, 73, 1620 MHz
2026/09/23 17:37:26.689, 0, 98 %, 88 %, 7025 MiB, 49140 MiB, 292.16 W, 300.00 W, 71, 1575 MHz
2026/09/23 17:37:27.690, 0, 98 %, 87 %, 7025 MiB, 49140 MiB, 292.30 W, 300.00 W, 73, 1815 MHz
2026/09/23 17:37:28.691, 0, 93 %, 70 %, 7025 MiB, 49140 MiB, 296.73 W, 300.00 W, 73, 1350 MHz
2026/09/23 17:37:29.691, 0, 95 %, 68 %, 7025 MiB, 49140 MiB, 212.16 W, 300.00 W, 68, 2745 MHz
2026/09/23 17:37:30.692, 0, 0 %, 0 %, 7025 MiB, 49140 MiB, 87.92 W, 300.00 W, 67, 2745 MHz
2026/09/23 17:37:31.692, 0, 97 %, 87 %, 7025 MiB, 49140 MiB, 211.93 W, 300.00 W, 72, 1605 MHz
2026/09/23 17:37:32.693, 0, 98 %, 86 %, 7025 MiB, 49140 MiB, 288.55 W, 300.00 W, 72, 1935 MHz
2026/09/23 17:37:33.694, 0, 96 %, 86 %, 7025 MiB, 49140 MiB, 289.88 W, 300.00 W, 72, 1635 MHz
2026/09/23 17:37:34.695, 0, 98 %, 88 %, 7025 MiB, 49140 MiB, 290.67 W, 300.00 W, 72, 2025 MHz
2026/09/23 17:37:35.695, 0, 98 %, 88 %, 7025 MiB, 49140 MiB, 293.17 W, 300.00 W, 73, 1590 MHz
2026/09/23 17:37:36.697, 0, 97 %, 88 %, 7025 MiB, 49140 MiB, 290.24 W, 300.00 W, 72, 1620 MHz
2026/09/23 17:37:37.698, 0, 98 %, 87 %, 7025 MiB, 49140 MiB, 291.68 W, 300.00 W, 74, 1890 MHz
2026/09/23 17:37:38.699, 0, 98 %, 88 %, 7025 MiB, 49140 MiB, 292.55 W, 300.00 W, 72, 1770 MHz
2026/09/23 17:37:39.700, 0, 97 %, 87 %, 7025 MiB, 49140 MiB, 292.50 W, 300.00 W, 72, 1890 MHz
2026/09/23 17:37:40.702, 0, 97 %, 87 %, 7025 MiB, 49140 MiB, 293.57 W, 300.00 W, 73, 1575 MHz
2026/09/23 17:37:41.703, 0, 98 %, 88 %, 7025 MiB, 49140 MiB, 291.73 W, 300.00 W, 71, 1590 MHz
2026/09/23 17:37:42.704, 0, 97 %, 87 %, 7025 MiB, 49140 MiB, 292.37 W, 300.00 W, 73, 1575 MHz
2026/09/23 17:37:43.705, 0, 97 %, 87 %, 7025 MiB, 49140 MiB, 292.88 W, 300.00 W, 73, 1800 MHz
2026/09/23 17:37:44.706, 0, 98 %, 88 %, 7025 MiB, 49140 MiB, 291.29 W, 300.00 W, 72, 1590 MHz
2026/09/23 17:37:45.707, 0, 97 %, 87 %, 7025 MiB, 49140 MiB, 293.26 W, 300.00 W, 74, 1920 MHz
2026/09/23 17:37:46.709, 0, 98 %, 88 %, 7025 MiB, 49140 MiB, 292.86 W, 300.00 W, 71, 1635 MHz
2026/09/23 17:37:47.709, 0, 97 %, 86 %, 7025 MiB, 49140 MiB, 291.25 W, 300.00 W, 73, 1605 MHz
2026/09/23 17:37:48.710, 0, 98 %, 89 %, 7025 MiB, 49140 MiB, 292.58 W, 300.00 W, 73, 1815 MHz
2026/09/23 17:37:49.711, 0, 98 %, 88 %, 7025 MiB, 49140 MiB, 292.10 W, 300.00 W, 72, 1590 MHz
2026/09/23 17:37:50.712, 0, 96 %, 87 %, 7025 MiB, 49140 MiB, 293.07 W, 300.00 W, 74, 1935 MHz
2026/09/23 17:37:51.713, 0, 97 %, 87 %, 7025 MiB, 49140 MiB, 290.95 W, 300.00 W, 72, 1620 MHz
2026/09/23 17:37:52.714, 0, 98 %, 87 %, 7025 MiB, 49140 MiB, 291.55 W, 300.00 W, 74, 1905 MHz
2026/09/23 17:37:53.715, 0, 97 %, 86 %, 7025 MiB, 49140 MiB, 292.17 W, 300.00 W, 73, 1920 MHz
2026/09/23 17:37:54.716, 0, 94 %, 85 %, 7025 MiB, 49140 MiB, 290.89 W, 300.00 W, 73, 2025 MHz
2026/09/23 17:37:55.716, 0, 97 %, 88 %, 7025 MiB, 49140 MiB, 290.93 W, 300.00 W, 72, 1560 MHz
2026/09/23 17:37:56.717, 0, 98 %, 88 %, 7025 MiB, 49140 MiB, 291.69 W, 300.00 W, 74, 1515 MHz
2026/09/23 17:37:57.718, 0, 95 %, 67 %, 7025 MiB, 49140 MiB, 288.76 W, 300.00 W, 69, 2715 MHz
2026/09/23 17:37:58.720, 0, 0 %, 0 %, 7025 MiB, 49140 MiB, 141.68 W, 300.00 W, 72, 1875 MHz
2026/09/23 17:37:59.721, 0, 96 %, 86 %, 7025 MiB, 49140 MiB, 291.00 W, 300.00 W, 72, 1680 MHz
2026/09/23 17:38:00.722, 0, 97 %, 87 %, 7025 MiB, 49140 MiB, 292.37 W, 300.00 W, 73, 2025 MHz
2026/09/23 17:38:01.723, 0, 98 %, 88 %, 7025 MiB, 49140 MiB, 292.22 W, 300.00 W, 71, 1665 MHz
2026/09/23 17:38:02.724, 0, 97 %, 87 %, 7025 MiB, 49140 MiB, 289.86 W, 300.00 W, 74, 1620 MHz
2026/09/23 17:38:03.725, 0, 98 %, 88 %, 7025 MiB, 49140 MiB, 292.11 W, 300.00 W, 73, 1785 MHz
2026/09/23 17:38:04.726, 0, 98 %, 89 %, 7025 MiB, 49140 MiB, 291.80 W, 300.00 W, 72, 1710 MHz
2026/09/23 17:38:05.727, 0, 97 %, 86 %, 7025 MiB, 49140 MiB, 293.64 W, 300.00 W, 72, 2040 MHz
2026/09/23 17:38:06.728, 0, 98 %, 87 %, 7025 MiB, 49140 MiB, 292.54 W, 300.00 W, 72, 1770 MHz
2026/09/23 17:38:07.729, 0, 98 %, 86 %, 7025 MiB, 49140 MiB, 290.63 W, 300.00 W, 73, 1575 MHz
2026/09/23 17:38:08.730, 0, 98 %, 88 %, 7025 MiB, 49140 MiB, 291.19 W, 300.00 W, 74, 1935 MHz
2026/09/23 17:38:09.732, 0, 98 %, 87 %, 7025 MiB, 49140 MiB, 291.76 W, 300.00 W, 72, 1995 MHz
2026/09/23 17:38:10.733, 0, 98 %, 87 %, 7025 MiB, 49140 MiB, 292.34 W, 300.00 W, 73, 1920 MHz
2026/09/23 17:38:11.734, 0, 97 %, 86 %, 7025 MiB, 49140 MiB, 290.67 W, 300.00 W, 71, 1695 MHz
2026/09/23 17:38:12.734, 0, 97 %, 86 %, 7025 MiB, 49140 MiB, 291.32 W, 300.00 W, 73, 1515 MHz
2026/09/23 17:38:13.735, 0, 98 %, 87 %, 7025 MiB, 49140 MiB, 292.82 W, 300.00 W, 75, 1890 MHz
2026/09/23 17:38:14.737, 0, 98 %, 87 %, 7025 MiB, 49140 MiB, 292.28 W, 300.00 W, 73, 1980 MHz
2026/09/23 17:38:15.738, 0, 97 %, 87 %, 7025 MiB, 49140 MiB, 292.76 W, 300.00 W, 73, 1935 MHz
2026/09/23 17:38:16.738, 0, 98 %, 87 %, 7025 MiB, 49140 MiB, 293.23 W, 300.00 W, 72, 1815 MHz
2026/09/23 17:38:17.739, 0, 98 %, 86 %, 7025 MiB, 49140 MiB, 292.03 W, 300.00 W, 73, 1545 MHz
2026/09/23 17:38:18.740, 0, 98 %, 87 %, 7025 MiB, 49140 MiB, 292.26 W, 300.00 W, 74, 1875 MHz
2026/09/23 17:38:19.741, 0, 97 %, 86 %, 7025 MiB, 49140 MiB, 292.12 W, 300.00 W, 73, 1725 MHz
2026/09/23 17:38:20.742, 0, 98 %, 88 %, 7025 MiB, 49140 MiB, 294.29 W, 300.00 W, 73, 1950 MHz
2026/09/23 17:38:21.743, 0, 94 %, 84 %, 7025 MiB, 49140 MiB, 291.82 W, 300.00 W, 72, 1635 MHz
2026/09/23 17:38:22.743, 0, 96 %, 86 %, 7025 MiB, 49140 MiB, 290.10 W, 300.00 W, 74, 1620 MHz
2026/09/23 17:38:23.744, 0, 98 %, 88 %, 7025 MiB, 49140 MiB, 291.74 W, 300.00 W, 73, 1920 MHz
2026/09/23 17:38:24.745, 0, 93 %, 67 %, 7025 MiB, 49140 MiB, 296.60 W, 300.00 W, 74, 1485 MHz
2026/09/23 17:38:25.746, 0, 81 %, 56 %, 7025 MiB, 49140 MiB, 200.09 W, 300.00 W, 67, 2730 MHz
2026/09/23 17:38:26.746, 0, 0 %, 0 %, 7025 MiB, 49140 MiB, 88.19 W, 300.00 W, 67, 2730 MHz
2026/09/23 17:38:27.747, 0, 0 %, 0 %, 7025 MiB, 49140 MiB, 126.77 W, 300.00 W, 71, 2025 MHz
2026/09/23 17:38:28.748, 0, 97 %, 88 %, 7025 MiB, 49140 MiB, 290.28 W, 300.00 W, 70, 1665 MHz
2026/09/23 17:38:29.749, 0, 98 %, 87 %, 7025 MiB, 49140 MiB, 291.93 W, 300.00 W, 72, 1545 MHz
2026/09/23 17:38:30.750, 0, 98 %, 88 %, 7025 MiB, 49140 MiB, 291.18 W, 300.00 W, 73, 1860 MHz
2026/09/23 17:38:31.751, 0, 98 %, 87 %, 7025 MiB, 49140 MiB, 291.05 W, 300.00 W, 72, 1785 MHz
2026/09/23 17:38:32.752, 0, 96 %, 86 %, 7025 MiB, 49140 MiB, 291.89 W, 300.00 W, 72, 1665 MHz
2026/09/23 17:38:33.752, 0, 97 %, 88 %, 7025 MiB, 49140 MiB, 290.63 W, 300.00 W, 71, 2040 MHz
2026/09/23 17:38:34.753, 0, 97 %, 87 %, 7025 MiB, 49140 MiB, 291.16 W, 300.00 W, 72, 1650 MHz
2026/09/23 17:38:35.754, 0, 98 %, 86 %, 7025 MiB, 49140 MiB, 292.76 W, 300.00 W, 74, 1560 MHz
2026/09/23 17:38:36.755, 0, 97 %, 87 %, 7025 MiB, 49140 MiB, 292.07 W, 300.00 W, 72, 1965 MHz
2026/09/23 17:38:37.755, 0, 98 %, 87 %, 7025 MiB, 49140 MiB, 292.17 W, 300.00 W, 72, 1875 MHz
2026/09/23 17:38:38.756, 0, 98 %, 87 %, 7025 MiB, 49140 MiB, 291.62 W, 300.00 W, 70, 2145 MHz
2026/09/23 17:38:39.757, 0, 98 %, 87 %, 7025 MiB, 49140 MiB, 290.16 W, 300.00 W, 73, 1620 MHz
2026/09/23 17:38:40.758, 0, 98 %, 87 %, 7025 MiB, 49140 MiB, 292.14 W, 300.00 W, 74, 1530 MHz
2026/09/23 17:38:41.759, 0, 96 %, 85 %, 7025 MiB, 49140 MiB, 290.33 W, 300.00 W, 72, 1800 MHz
2026/09/23 17:38:42.760, 0, 97 %, 87 %, 7025 MiB, 49140 MiB, 292.69 W, 300.00 W, 73, 1575 MHz
2026/09/23 17:38:43.760, 0, 97 %, 87 %, 7025 MiB, 49140 MiB, 291.09 W, 300.00 W, 72, 1875 MHz
2026/09/23 17:38:44.761, 0, 97 %, 88 %, 7025 MiB, 49140 MiB, 292.13 W, 300.00 W, 74, 1575 MHz
2026/09/23 17:38:45.762, 0, 97 %, 88 %, 7025 MiB, 49140 MiB, 291.10 W, 300.00 W, 72, 1935 MHz
2026/09/23 17:38:46.764, 0, 97 %, 86 %, 7025 MiB, 49140 MiB, 293.05 W, 300.00 W, 73, 1980 MHz
2026/09/23 17:38:47.764, 0, 98 %, 88 %, 7025 MiB, 49140 MiB, 293.13 W, 300.00 W, 72, 1905 MHz
2026/09/23 17:38:48.765, 0, 98 %, 88 %, 7025 MiB, 49140 MiB, 291.52 W, 300.00 W, 73, 1905 MHz
2026/09/23 17:38:49.767, 0, 96 %, 87 %, 7025 MiB, 49140 MiB, 291.18 W, 300.00 W, 75, 1590 MHz
2026/09/23 17:38:50.767, 0, 95 %, 85 %, 7025 MiB, 49140 MiB, 291.29 W, 300.00 W, 73, 1935 MHz
2026/09/23 17:38:51.768, 0, 97 %, 86 %, 7025 MiB, 49140 MiB, 293.61 W, 300.00 W, 73, 1860 MHz
2026/09/23 17:38:52.769, 0, 97 %, 86 %, 7025 MiB, 49140 MiB, 292.69 W, 300.00 W, 72, 2040 MHz
2026/09/23 17:38:53.770, 0, 94 %, 67 %, 7025 MiB, 49140 MiB, 295.66 W, 300.00 W, 75, 1455 MHz
2026/09/23 17:38:54.771, 0, 27 %, 16 %, 7025 MiB, 49140 MiB, 183.89 W, 300.00 W, 67, 2610 MHz
2026/09/23 17:38:55.772, 0, 0 %, 0 %, 7025 MiB, 49140 MiB, 78.93 W, 300.00 W, 66, 2610 MHz
2026/09/23 17:38:56.773, 0, 98 %, 84 %, 7025 MiB, 49140 MiB, 208.35 W, 300.00 W, 71, 1695 MHz
2026/09/23 17:38:57.773, 0, 94 %, 84 %, 7025 MiB, 49140 MiB, 289.71 W, 300.00 W, 73, 1635 MHz
2026/09/23 17:38:58.774, 0, 98 %, 88 %, 7025 MiB, 49140 MiB, 289.95 W, 300.00 W, 72, 1620 MHz
2026/09/23 17:38:59.775, 0, 98 %, 89 %, 7025 MiB, 49140 MiB, 289.62 W, 300.00 W, 72, 1845 MHz
2026/09/23 17:39:00.776, 0, 96 %, 86 %, 7025 MiB, 49140 MiB, 289.82 W, 300.00 W, 72, 1680 MHz
2026/09/23 17:39:01.778, 0, 97 %, 88 %, 7025 MiB, 49140 MiB, 287.50 W, 300.00 W, 72, 1950 MHz
2026/09/23 17:39:02.779, 0, 98 %, 88 %, 7025 MiB, 49140 MiB, 291.56 W, 300.00 W, 74, 1575 MHz
2026/09/23 17:39:03.780, 0, 98 %, 88 %, 7025 MiB, 49140 MiB, 291.67 W, 300.00 W, 72, 1680 MHz
2026/09/23 17:39:04.781, 0, 97 %, 87 %, 7025 MiB, 49140 MiB, 291.73 W, 300.00 W, 72, 1890 MHz
2026/09/23 17:39:05.782, 0, 97 %, 87 %, 7025 MiB, 49140 MiB, 291.62 W, 300.00 W, 71, 2100 MHz
2026/09/23 17:39:06.783, 0, 98 %, 86 %, 7025 MiB, 49140 MiB, 290.73 W, 300.00 W, 73, 1650 MHz
2026/09/23 17:39:07.784, 0, 97 %, 87 %, 7025 MiB, 49140 MiB, 291.06 W, 300.00 W, 73, 1545 MHz
2026/09/23 17:39:08.784, 0, 98 %, 87 %, 7025 MiB, 49140 MiB, 291.93 W, 300.00 W, 72, 1845 MHz
2026/09/23 17:39:09.786, 0, 97 %, 86 %, 7025 MiB, 49140 MiB, 293.42 W, 300.00 W, 73, 1695 MHz
2026/09/23 17:39:10.787, 0, 98 %, 88 %, 7025 MiB, 49140 MiB, 291.11 W, 300.00 W, 71, 2070 MHz
2026/09/23 17:39:11.787, 0, 97 %, 87 %, 7025 MiB, 49140 MiB, 291.19 W, 300.00 W, 73, 1620 MHz
2026/09/23 17:39:12.789, 0, 98 %, 88 %, 7025 MiB, 49140 MiB, 292.73 W, 300.00 W, 73, 1560 MHz
2026/09/23 17:39:13.789, 0, 98 %, 87 %, 7025 MiB, 49140 MiB, 289.65 W, 300.00 W, 73, 1920 MHz
2026/09/23 17:39:14.790, 0, 98 %, 87 %, 7025 MiB, 49140 MiB, 292.28 W, 300.00 W, 73, 1620 MHz
2026/09/23 17:39:15.792, 0, 97 %, 87 %, 7025 MiB, 49140 MiB, 291.59 W, 300.00 W, 72, 1995 MHz
2026/09/23 17:39:16.795, 0, 98 %, 88 %, 7025 MiB, 49140 MiB, 291.24 W, 300.00 W, 74, 1590 MHz
2026/09/23 17:39:17.795, 0, 98 %, 88 %, 7025 MiB, 49140 MiB, 288.88 W, 300.00 W, 73, 1905 MHz
2026/09/23 17:39:18.796, 0, 97 %, 86 %, 7025 MiB, 49140 MiB, 292.69 W, 300.00 W, 73, 1920 MHz
2026/09/23 17:39:19.797, 0, 97 %, 87 %, 7025 MiB, 49140 MiB, 291.68 W, 300.00 W, 72, 1950 MHz
2026/09/23 17:39:20.798, 0, 98 %, 86 %, 7025 MiB, 49140 MiB, 292.30 W, 300.00 W, 73, 1875 MHz
2026/09/23 17:39:21.799, 0, 97 %, 86 %, 7025 MiB, 49140 MiB, 293.32 W, 300.00 W, 74, 1425 MHz
2026/09/23 17:39:22.799, 0, 95 %, 67 %, 7025 MiB, 49140 MiB, 269.78 W, 300.00 W, 68, 2730 MHz
2026/09/23 17:39:23.800, 0, 0 %, 0 %, 7025 MiB, 49140 MiB, 87.83 W, 300.00 W, 66, 2730 MHz
2026/09/23 17:39:24.800, 0, 87 %, 77 %, 7025 MiB, 49140 MiB, 181.86 W, 300.00 W, 71, 1845 MHz
2026/09/23 17:39:25.801, 0, 96 %, 87 %, 7025 MiB, 49140 MiB, 291.75 W, 300.00 W, 72, 1965 MHz
2026/09/23 17:39:26.802, 0, 98 %, 88 %, 7025 MiB, 49140 MiB, 289.96 W, 300.00 W, 72, 1980 MHz
2026/09/23 17:39:27.803, 0, 98 %, 88 %, 7025 MiB, 49140 MiB, 291.54 W, 300.00 W, 74, 1950 MHz
2026/09/23 17:39:28.803, 0, 98 %, 87 %, 7025 MiB, 49140 MiB, 290.49 W, 300.00 W, 72, 1590 MHz
2026/09/23 17:39:29.805, 0, 98 %, 86 %, 7025 MiB, 49140 MiB, 292.57 W, 300.00 W, 72, 1845 MHz
2026/09/23 17:39:30.806, 0, 97 %, 86 %, 7025 MiB, 49140 MiB, 291.59 W, 300.00 W, 71, 1785 MHz
2026/09/23 17:39:31.806, 0, 98 %, 86 %, 7025 MiB, 49140 MiB, 290.99 W, 300.00 W, 72, 2025 MHz
2026/09/23 17:39:32.807, 0, 98 %, 87 %, 7025 MiB, 49140 MiB, 292.43 W, 300.00 W, 74, 1725 MHz
2026/09/23 17:39:33.808, 0, 98 %, 88 %, 7025 MiB, 49140 MiB, 291.74 W, 300.00 W, 73, 1530 MHz
2026/09/23 17:39:34.808, 0, 97 %, 86 %, 7025 MiB, 49140 MiB, 293.27 W, 300.00 W, 73, 1860 MHz
2026/09/23 17:39:35.809, 0, 97 %, 86 %, 7025 MiB, 49140 MiB, 291.88 W, 300.00 W, 71, 1770 MHz
2026/09/23 17:39:36.810, 0, 97 %, 86 %, 7025 MiB, 49140 MiB, 291.36 W, 300.00 W, 73, 1935 MHz
2026/09/23 17:39:37.811, 0, 98 %, 87 %, 7025 MiB, 49140 MiB, 292.25 W, 300.00 W, 74, 1770 MHz
2026/09/23 17:39:38.812, 0, 98 %, 88 %, 7025 MiB, 49140 MiB, 291.17 W, 300.00 W, 72, 1545 MHz
2026/09/23 17:39:39.812, 0, 96 %, 85 %, 7025 MiB, 49140 MiB, 291.74 W, 300.00 W, 73, 1755 MHz
2026/09/23 17:39:40.813, 0, 97 %, 88 %, 7025 MiB, 49140 MiB, 291.01 W, 300.00 W, 72, 1755 MHz
2026/09/23 17:39:41.814, 0, 97 %, 87 %, 7025 MiB, 49140 MiB, 291.63 W, 300.00 W, 74, 1995 MHz
2026/09/23 17:39:42.815, 0, 97 %, 88 %, 7025 MiB, 49140 MiB, 291.71 W, 300.00 W, 72, 1590 MHz
2026/09/23 17:39:43.815, 0, 93 %, 83 %, 7025 MiB, 49140 MiB, 291.74 W, 300.00 W, 73, 1980 MHz
2026/09/23 17:39:44.817, 0, 98 %, 87 %, 7025 MiB, 49140 MiB, 292.67 W, 300.00 W, 72, 1875 MHz
2026/09/23 17:39:45.818, 0, 98 %, 86 %, 7025 MiB, 49140 MiB, 291.56 W, 300.00 W, 73, 1995 MHz
2026/09/23 17:39:46.819, 0, 97 %, 86 %, 7025 MiB, 49140 MiB, 291.29 W, 300.00 W, 74, 1650 MHz
2026/09/23 17:39:47.820, 0, 97 %, 87 %, 7025 MiB, 49140 MiB, 292.00 W, 300.00 W, 72, 1515 MHz
2026/09/23 17:39:48.822, 0, 98 %, 86 %, 7025 MiB, 49140 MiB, 291.88 W, 300.00 W, 74, 1815 MHz
2026/09/23 17:39:49.822, 0, 97 %, 88 %, 7025 MiB, 49140 MiB, 291.25 W, 300.00 W, 72, 1740 MHz
2026/09/23 17:39:50.823, 0, 93 %, 64 %, 7025 MiB, 49140 MiB, 297.19 W, 300.00 W, 74, 1395 MHz
2026/09/23 17:39:51.823, 0, 6 %, 0 %, 7025 MiB, 49140 MiB, 145.27 W, 300.00 W, 66, 2610 MHz
2026/09/23 17:39:52.824, 0, 0 %, 0 %, 7025 MiB, 49140 MiB, 93.76 W, 300.00 W, 71, 1920 MHz
2026/09/23 17:39:53.825, 0, 95 %, 87 %, 7025 MiB, 49140 MiB, 292.40 W, 300.00 W, 71, 1650 MHz
2026/09/23 17:39:54.825, 0, 98 %, 89 %, 7025 MiB, 49140 MiB, 289.29 W, 300.00 W, 73, 1920 MHz
2026/09/23 17:39:55.826, 0, 98 %, 89 %, 7025 MiB, 49140 MiB, 289.92 W, 300.00 W, 72, 1605 MHz
2026/09/23 17:39:56.827, 0, 98 %, 88 %, 7025 MiB, 49140 MiB, 289.35 W, 300.00 W, 72, 1680 MHz
2026/09/23 17:39:57.827, 0, 97 %, 87 %, 7025 MiB, 49140 MiB, 292.07 W, 300.00 W, 73, 1875 MHz
2026/09/23 17:39:58.828, 0, 97 %, 88 %, 7025 MiB, 49140 MiB, 291.33 W, 300.00 W, 71, 1575 MHz
2026/09/23 17:39:59.829, 0, 98 %, 88 %, 7025 MiB, 49140 MiB, 290.17 W, 300.00 W, 74, 1935 MHz
2026/09/23 17:40:00.830, 0, 98 %, 88 %, 7025 MiB, 49140 MiB, 291.83 W, 300.00 W, 72, 1620 MHz
2026/09/23 17:40:01.833, 0, 97 %, 87 %, 7025 MiB, 49140 MiB, 291.81 W, 300.00 W, 72, 1785 MHz
2026/09/23 17:40:02.833, 0, 98 %, 87 %, 7025 MiB, 49140 MiB, 292.32 W, 300.00 W, 73, 1935 MHz
2026/09/23 17:40:03.834, 0, 97 %, 88 %, 7025 MiB, 49140 MiB, 292.36 W, 300.00 W, 71, 1605 MHz
2026/09/23 17:40:04.836, 0, 98 %, 88 %, 7025 MiB, 49140 MiB, 291.87 W, 300.00 W, 73, 2010 MHz
2026/09/23 17:40:05.837, 0, 97 %, 87 %, 7025 MiB, 49140 MiB, 292.61 W, 300.00 W, 73, 1620 MHz
2026/09/23 17:40:06.837, 0, 98 %, 88 %, 7025 MiB, 49140 MiB, 292.17 W, 300.00 W, 73, 1530 MHz
2026/09/23 17:40:07.838, 0, 98 %, 86 %, 7025 MiB, 49140 MiB, 293.00 W, 300.00 W, 73, 1830 MHz
2026/09/23 17:40:08.839, 0, 98 %, 87 %, 7025 MiB, 49140 MiB, 290.49 W, 300.00 W, 72, 1845 MHz
2026/09/23 17:40:09.839, 0, 97 %, 85 %, 7025 MiB, 49140 MiB, 291.85 W, 300.00 W, 73, 1995 MHz
2026/09/23 17:40:10.840, 0, 98 %, 87 %, 7025 MiB, 49140 MiB, 291.78 W, 300.00 W, 74, 1920 MHz
2026/09/23 17:40:11.841, 0, 98 %, 87 %, 7025 MiB, 49140 MiB, 292.67 W, 300.00 W, 72, 1890 MHz
2026/09/23 17:40:12.842, 0, 97 %, 86 %, 7025 MiB, 49140 MiB, 292.90 W, 300.00 W, 73, 1575 MHz
2026/09/23 17:40:13.843, 0, 97 %, 87 %, 7025 MiB, 49140 MiB, 289.93 W, 300.00 W, 71, 1830 MHz
2026/09/23 17:40:14.843, 0, 98 %, 88 %, 7025 MiB, 49140 MiB, 290.39 W, 300.00 W, 74, 1590 MHz
2026/09/23 17:40:15.844, 0, 98 %, 89 %, 7025 MiB, 49140 MiB, 291.20 W, 300.00 W, 72, 1875 MHz
2026/09/23 17:40:16.845, 0, 97 %, 86 %, 7025 MiB, 49140 MiB, 292.98 W, 300.00 W, 73, 1635 MHz
2026/09/23 17:40:17.845, 0, 97 %, 87 %, 7025 MiB, 49140 MiB, 293.19 W, 300.00 W, 73, 1815 MHz
2026/09/23 17:40:18.846, 0, 91 %, 76 %, 7025 MiB, 49140 MiB, 295.55 W, 300.00 W, 74, 1485 MHz
2026/09/23 17:40:19.848, 0, 92 %, 67 %, 7025 MiB, 49140 MiB, 223.45 W, 300.00 W, 67, 2595 MHz
2026/09/23 17:40:20.848, 0, 0 %, 0 %, 7025 MiB, 49140 MiB, 77.08 W, 300.00 W, 66, 2595 MHz
2026/09/23 17:40:21.849, 0, 67 %, 57 %, 7025 MiB, 49140 MiB, 165.10 W, 300.00 W, 71, 1560 MHz
2026/09/23 17:40:22.851, 0, 98 %, 86 %, 7025 MiB, 49140 MiB, 291.28 W, 300.00 W, 71, 1980 MHz
2026/09/23 17:40:23.851, 0, 98 %, 86 %, 7025 MiB, 49140 MiB, 290.90 W, 300.00 W, 72, 1965 MHz
2026/09/23 17:40:24.853, 0, 98 %, 88 %, 7025 MiB, 49140 MiB, 291.07 W, 300.00 W, 74, 1905 MHz
2026/09/23 17:40:25.853, 0, 96 %, 86 %, 7025 MiB, 49140 MiB, 291.53 W, 300.00 W, 72, 1905 MHz
2026/09/23 17:40:26.854, 0, 97 %, 88 %, 7025 MiB, 49140 MiB, 291.52 W, 300.00 W, 72, 1575 MHz
2026/09/23 17:40:27.855, 0, 96 %, 87 %, 7025 MiB, 49140 MiB, 292.92 W, 300.00 W, 72, 1605 MHz
2026/09/23 17:40:28.855, 0, 97 %, 87 %, 7025 MiB, 49140 MiB, 289.05 W, 300.00 W, 72, 1905 MHz
2026/09/23 17:40:29.856, 0, 98 %, 87 %, 7025 MiB, 49140 MiB, 291.16 W, 300.00 W, 74, 1875 MHz
2026/09/23 17:40:30.857, 0, 97 %, 87 %, 7025 MiB, 49140 MiB, 289.45 W, 300.00 W, 72, 1905 MHz
2026/09/23 17:40:31.857, 0, 98 %, 88 %, 7025 MiB, 49140 MiB, 289.08 W, 300.00 W, 72, 1590 MHz
2026/09/23 17:40:32.858, 0, 97 %, 87 %, 7025 MiB, 49140 MiB, 290.09 W, 300.00 W, 73, 1650 MHz
2026/09/23 17:40:33.859, 0, 98 %, 88 %, 7025 MiB, 49140 MiB, 291.02 W, 300.00 W, 71, 1815 MHz
2026/09/23 17:40:34.859, 0, 97 %, 86 %, 7025 MiB, 49140 MiB, 291.51 W, 300.00 W, 73, 1710 MHz
2026/09/23 17:40:35.860, 0, 97 %, 86 %, 7025 MiB, 49140 MiB, 291.14 W, 300.00 W, 73, 1995 MHz
2026/09/23 17:40:36.860, 0, 97 %, 86 %, 7025 MiB, 49140 MiB, 291.87 W, 300.00 W, 72, 1620 MHz
2026/09/23 17:40:37.861, 0, 99 %, 88 %, 7025 MiB, 49140 MiB, 292.11 W, 300.00 W, 73, 1560 MHz
2026/09/23 17:40:38.862, 0, 97 %, 87 %, 7025 MiB, 49140 MiB, 290.38 W, 300.00 W, 72, 1830 MHz
2026/09/23 17:40:39.863, 0, 98 %, 88 %, 7025 MiB, 49140 MiB, 292.82 W, 300.00 W, 73, 1665 MHz
2026/09/23 17:40:40.864, 0, 97 %, 86 %, 7025 MiB, 49140 MiB, 292.61 W, 300.00 W, 73, 2070 MHz
2026/09/23 17:40:41.864, 0, 98 %, 88 %, 7025 MiB, 49140 MiB, 290.77 W, 300.00 W, 72, 1575 MHz
2026/09/23 17:40:42.865, 0, 99 %, 87 %, 7025 MiB, 49140 MiB, 293.68 W, 300.00 W, 73, 1545 MHz
2026/09/23 17:40:43.866, 0, 97 %, 86 %, 7025 MiB, 49140 MiB, 291.68 W, 300.00 W, 71, 1770 MHz
2026/09/23 17:40:44.867, 0, 98 %, 87 %, 7025 MiB, 49140 MiB, 291.68 W, 300.00 W, 74, 1710 MHz
2026/09/23 17:40:45.868, 0, 98 %, 86 %, 7025 MiB, 49140 MiB, 292.07 W, 300.00 W, 73, 1860 MHz
2026/09/23 17:40:46.868, 0, 97 %, 88 %, 7025 MiB, 49140 MiB, 291.76 W, 300.00 W, 73, 2055 MHz
2026/09/23 17:40:47.869, 0, 94 %, 66 %, 7025 MiB, 49140 MiB, 297.85 W, 300.00 W, 73, 1500 MHz
2026/09/23 17:40:48.869, 0, 0 %, 0 %, 7025 MiB, 49140 MiB, 131.02 W, 300.00 W, 70, 1710 MHz
2026/09/23 17:40:49.870, 0, 97 %, 86 %, 7025 MiB, 49140 MiB, 287.37 W, 300.00 W, 71, 1875 MHz
2026/09/23 17:40:50.871, 0, 96 %, 85 %, 7025 MiB, 49140 MiB, 291.00 W, 300.00 W, 74, 1920 MHz
2026/09/23 17:40:51.872, 0, 98 %, 86 %, 7025 MiB, 49140 MiB, 291.62 W, 300.00 W, 72, 1800 MHz
2026/09/23 17:40:52.873, 0, 98 %, 86 %, 7025 MiB, 49140 MiB, 293.64 W, 300.00 W, 72, 1545 MHz
2026/09/23 17:40:53.873, 0, 96 %, 85 %, 7025 MiB, 49140 MiB, 289.37 W, 300.00 W, 71, 1770 MHz
2026/09/23 17:40:54.874, 0, 98 %, 87 %, 7025 MiB, 49140 MiB, 292.34 W, 300.00 W, 73, 1590 MHz
2026/09/23 17:40:55.875, 0, 98 %, 86 %, 7025 MiB, 49140 MiB, 292.47 W, 300.00 W, 72, 1845 MHz
2026/09/23 17:40:56.876, 0, 98 %, 90 %, 7025 MiB, 49140 MiB, 290.75 W, 300.00 W, 72, 1590 MHz
2026/09/23 17:40:57.877, 0, 98 %, 86 %, 7025 MiB, 49140 MiB, 290.66 W, 300.00 W, 72, 1740 MHz
2026/09/23 17:40:58.878, 0, 96 %, 87 %, 7025 MiB, 49140 MiB, 291.25 W, 300.00 W, 72, 1965 MHz
2026/09/23 17:40:59.881, 0, 98 %, 86 %, 7025 MiB, 49140 MiB, 292.82 W, 300.00 W, 74, 1845 MHz
2026/09/23 17:41:00.882, 0, 97 %, 84 %, 7025 MiB, 49140 MiB, 291.33 W, 300.00 W, 72, 1995 MHz
2026/09/23 17:41:01.883, 0, 99 %, 88 %, 7025 MiB, 49140 MiB, 293.95 W, 300.00 W, 73, 1575 MHz
2026/09/23 17:41:02.883, 0, 97 %, 86 %, 7025 MiB, 49140 MiB, 292.08 W, 300.00 W, 71, 1590 MHz
2026/09/23 17:41:03.884, 0, 97 %, 87 %, 7025 MiB, 49140 MiB, 291.71 W, 300.00 W, 74, 1800 MHz
2026/09/23 17:41:04.885, 0, 97 %, 85 %, 7025 MiB, 49140 MiB, 292.33 W, 300.00 W, 73, 1710 MHz
2026/09/23 17:41:05.886, 0, 96 %, 89 %, 7025 MiB, 49140 MiB, 292.49 W, 300.00 W, 72, 1830 MHz
2026/09/23 17:41:06.888, 0, 96 %, 84 %, 7025 MiB, 49140 MiB, 293.09 W, 300.00 W, 72, 1515 MHz
2026/09/23 17:41:07.889, 0, 95 %, 88 %, 7025 MiB, 49140 MiB, 292.02 W, 300.00 W, 73, 1815 MHz
2026/09/23 17:41:08.889, 0, 98 %, 87 %, 7025 MiB, 49140 MiB, 292.39 W, 300.00 W, 74, 1620 MHz
2026/09/23 17:41:09.890, 0, 97 %, 87 %, 7025 MiB, 49140 MiB, 291.47 W, 300.00 W, 72, 1800 MHz
2026/09/23 17:41:10.892, 0, 98 %, 85 %, 7025 MiB, 49140 MiB, 293.20 W, 300.00 W, 72, 1515 MHz
2026/09/23 17:41:11.893, 0, 97 %, 90 %, 7025 MiB, 49140 MiB, 291.96 W, 300.00 W, 73, 1845 MHz
2026/09/23 17:41:12.893, 0, 98 %, 85 %, 7025 MiB, 49140 MiB, 292.92 W, 300.00 W, 74, 1680 MHz
2026/09/23 17:41:13.894, 0, 96 %, 86 %, 7025 MiB, 49140 MiB, 291.61 W, 300.00 W, 72, 1965 MHz
2026/09/23 17:41:14.895, 0, 99 %, 88 %, 7025 MiB, 49140 MiB, 297.64 W, 300.00 W, 73, 1290 MHz
2026/09/23 17:41:15.896, 0, 95 %, 67 %, 7025 MiB, 49140 MiB, 236.70 W, 300.00 W, 67, 2505 MHz
2026/09/23 17:41:16.898, 0, 0 %, 0 %, 7025 MiB, 49140 MiB, 153.12 W, 300.00 W, 71, 2130 MHz
2026/09/23 17:41:17.899, 0, 99 %, 87 %, 7025 MiB, 49140 MiB, 292.89 W, 300.00 W, 73, 1545 MHz
2026/09/23 17:41:18.899, 0, 97 %, 90 %, 7025 MiB, 49140 MiB, 290.14 W, 300.00 W, 73, 1800 MHz
2026/09/23 17:41:19.900, 0, 96 %, 86 %, 7025 MiB, 49140 MiB, 290.18 W, 300.00 W, 72, 1620 MHz
2026/09/23 17:41:20.901, 0, 97 %, 87 %, 7025 MiB, 49140 MiB, 289.68 W, 300.00 W, 72, 1860 MHz
2026/09/23 17:41:21.902, 0, 97 %, 84 %, 7025 MiB, 49140 MiB, 291.07 W, 300.00 W, 72, 1530 MHz
2026/09/23 17:41:22.903, 0, 98 %, 90 %, 7025 MiB, 49140 MiB, 290.49 W, 300.00 W, 73, 1800 MHz
2026/09/23 17:41:23.903, 0, 94 %, 83 %, 7025 MiB, 49140 MiB, 290.90 W, 300.00 W, 72, 1785 MHz
2026/09/23 17:41:24.904, 0, 98 %, 89 %, 7025 MiB, 49140 MiB, 293.00 W, 300.00 W, 73, 1875 MHz
2026/09/23 17:41:25.905, 0, 97 %, 85 %, 7025 MiB, 49140 MiB, 293.14 W, 300.00 W, 72, 1575 MHz
2026/09/23 17:41:26.906, 0, 98 %, 89 %, 7025 MiB, 49140 MiB, 290.86 W, 300.00 W, 73, 1770 MHz
2026/09/23 17:41:27.907, 0, 97 %, 85 %, 7025 MiB, 49140 MiB, 292.48 W, 300.00 W, 73, 1635 MHz
2026/09/23 17:41:28.907, 0, 98 %, 88 %, 7025 MiB, 49140 MiB, 291.27 W, 300.00 W, 72, 1860 MHz
2026/09/23 17:41:29.908, 0, 98 %, 87 %, 7025 MiB, 49140 MiB, 293.62 W, 300.00 W, 73, 1575 MHz
2026/09/23 17:41:30.909, 0, 97 %, 88 %, 7025 MiB, 49140 MiB, 291.06 W, 300.00 W, 73, 2010 MHz
2026/09/23 17:41:31.909, 0, 97 %, 84 %, 7025 MiB, 49140 MiB, 292.79 W, 300.00 W, 74, 1710 MHz
2026/09/23 17:41:32.911, 0, 98 %, 87 %, 7025 MiB, 49140 MiB, 291.97 W, 300.00 W, 73, 1995 MHz
2026/09/23 17:41:33.911, 0, 98 %, 87 %, 7025 MiB, 49140 MiB, 290.95 W, 300.00 W, 73, 1545 MHz
2026/09/23 17:41:34.912, 0, 98 %, 89 %, 7025 MiB, 49140 MiB, 292.30 W, 300.00 W, 73, 1890 MHz
2026/09/23 17:41:35.913, 0, 97 %, 85 %, 7025 MiB, 49140 MiB, 292.60 W, 300.00 W, 74, 1860 MHz
2026/09/23 17:41:36.914, 0, 93 %, 80 %, 7025 MiB, 49140 MiB, 291.01 W, 300.00 W, 72, 1995 MHz
2026/09/23 17:41:37.915, 0, 99 %, 87 %, 7025 MiB, 49140 MiB, 293.61 W, 300.00 W, 73, 1575 MHz
2026/09/23 17:41:38.915, 0, 98 %, 87 %, 7025 MiB, 49140 MiB, 291.02 W, 300.00 W, 73, 1815 MHz
2026/09/23 17:41:39.916, 0, 97 %, 85 %, 7025 MiB, 49140 MiB, 291.64 W, 300.00 W, 73, 1620 MHz
2026/09/23 17:41:40.917, 0, 97 %, 88 %, 7025 MiB, 49140 MiB, 292.58 W, 300.00 W, 73, 1845 MHz
2026/09/23 17:41:41.918, 0, 97 %, 84 %, 7025 MiB, 49140 MiB, 293.46 W, 300.00 W, 72, 1500 MHz
2026/09/23 17:41:42.919, 0, 95 %, 70 %, 7025 MiB, 49140 MiB, 296.14 W, 300.00 W, 74, 1500 MHz
2026/09/23 17:41:43.919, 0, 28 %, 20 %, 7025 MiB, 49140 MiB, 189.04 W, 300.00 W, 67, 2730 MHz
2026/09/23 17:41:44.920, 0, 97 %, 86 %, 7025 MiB, 49140 MiB, 223.96 W, 300.00 W, 73, 1995 MHz
2026/09/23 17:41:45.921, 0, 97 %, 88 %, 7025 MiB, 49140 MiB, 291.93 W, 300.00 W, 72, 1590 MHz
2026/09/23 17:41:46.921, 0, 98 %, 86 %, 7025 MiB, 49140 MiB, 289.07 W, 300.00 W, 71, 1620 MHz
2026/09/23 17:41:47.922, 0, 97 %, 87 %, 7025 MiB, 49140 MiB, 290.97 W, 300.00 W, 74, 1920 MHz
2026/09/23 17:41:48.923, 0, 97 %, 86 %, 7025 MiB, 49140 MiB, 291.83 W, 300.00 W, 73, 1845 MHz
2026/09/23 17:41:49.924, 0, 99 %, 87 %, 7025 MiB, 49140 MiB, 291.64 W, 300.00 W, 73, 2010 MHz
2026/09/23 17:41:50.924, 0, 98 %, 87 %, 7025 MiB, 49140 MiB, 291.01 W, 300.00 W, 72, 1560 MHz
2026/09/23 17:41:51.925, 0, 98 %, 88 %, 7025 MiB, 49140 MiB, 292.96 W, 300.00 W, 74, 1590 MHz
2026/09/23 17:41:52.925, 0, 96 %, 85 %, 7025 MiB, 49140 MiB, 291.59 W, 300.00 W, 72, 1905 MHz
2026/09/23 17:41:53.926, 0, 97 %, 88 %, 7025 MiB, 49140 MiB, 293.76 W, 300.00 W, 73, 1920 MHz
2026/09/23 17:41:54.928, 0, 97 %, 85 %, 7025 MiB, 49140 MiB, 293.46 W, 300.00 W, 73, 1770 MHz
2026/09/23 17:41:55.929, 0, 98 %, 90 %, 7025 MiB, 49140 MiB, 292.40 W, 300.00 W, 73, 1545 MHz
2026/09/23 17:41:56.930, 0, 97 %, 85 %, 7025 MiB, 49140 MiB, 292.09 W, 300.00 W, 74, 1830 MHz
2026/09/23 17:41:57.933, 0, 96 %, 86 %, 7025 MiB, 49140 MiB, 291.57 W, 300.00 W, 72, 1695 MHz
2026/09/23 17:41:58.933, 0, 99 %, 87 %, 7025 MiB, 49140 MiB, 293.43 W, 300.00 W, 73, 1830 MHz
2026/09/23 17:41:59.934, 0, 97 %, 88 %, 7025 MiB, 49140 MiB, 291.13 W, 300.00 W, 73, 1530 MHz
2026/09/23 17:42:00.936, 0, 96 %, 84 %, 7025 MiB, 49140 MiB, 291.91 W, 300.00 W, 73, 1800 MHz
2026/09/23 17:42:01.937, 0, 97 %, 87 %, 7025 MiB, 49140 MiB, 292.31 W, 300.00 W, 72, 1605 MHz
2026/09/23 17:42:02.938, 0, 98 %, 87 %, 7025 MiB, 49140 MiB, 292.30 W, 300.00 W, 72, 1770 MHz
2026/09/23 17:42:03.939, 0, 98 %, 90 %, 7025 MiB, 49140 MiB, 289.48 W, 300.00 W, 74, 1530 MHz
2026/09/23 17:42:04.940, 0, 95 %, 84 %, 7025 MiB, 49140 MiB, 291.34 W, 300.00 W, 73, 1755 MHz
2026/09/23 17:42:05.940, 0, 91 %, 84 %, 7025 MiB, 49140 MiB, 291.04 W, 300.00 W, 73, 2040 MHz
2026/09/23 17:42:06.942, 0, 98 %, 85 %, 7025 MiB, 49140 MiB, 288.72 W, 300.00 W, 73, 1560 MHz
2026/09/23 17:42:07.942, 0, 98 %, 86 %, 7025 MiB, 49140 MiB, 291.08 W, 300.00 W, 74, 1770 MHz
2026/09/23 17:42:08.943, 0, 97 %, 87 %, 7025 MiB, 49140 MiB, 291.18 W, 300.00 W, 73, 1815 MHz
2026/09/23 17:42:09.944, 0, 98 %, 87 %, 7025 MiB, 49140 MiB, 293.57 W, 300.00 W, 74, 1680 MHz
2026/09/23 17:42:10.945, 0, 95 %, 67 %, 7025 MiB, 49140 MiB, 297.16 W, 300.00 W, 75, 1530 MHz
2026/09/23 17:42:11.946, 0, 0 %, 0 %, 7025 MiB, 49140 MiB, 133.88 W, 300.00 W, 71, 2025 MHz
2026/09/23 17:42:12.946, 0, 97 %, 91 %, 7025 MiB, 49140 MiB, 285.09 W, 300.00 W, 72, 1545 MHz
2026/09/23 17:42:13.947, 0, 97 %, 85 %, 7025 MiB, 49140 MiB, 291.55 W, 300.00 W, 73, 1770 MHz
2026/09/23 17:42:14.948, 0, 96 %, 87 %, 7025 MiB, 49140 MiB, 290.59 W, 300.00 W, 72, 1620 MHz
2026/09/23 17:42:15.949, 0, 99 %, 87 %, 7025 MiB, 49140 MiB, 292.49 W, 300.00 W, 73, 1965 MHz
2026/09/23 17:42:16.949, 0, 97 %, 87 %, 7025 MiB, 49140 MiB, 290.37 W, 300.00 W, 73, 1575 MHz
2026/09/23 17:42:17.950, 0, 96 %, 85 %, 7025 MiB, 49140 MiB, 289.69 W, 300.00 W, 73, 1845 MHz
2026/09/23 17:42:18.952, 0, 93 %, 84 %, 7025 MiB, 49140 MiB, 291.44 W, 300.00 W, 73, 1980 MHz
2026/09/23 17:42:19.952, 0, 97 %, 85 %, 7025 MiB, 49140 MiB, 290.37 W, 300.00 W, 72, 1560 MHz
2026/09/23 17:42:20.953, 0, 96 %, 85 %, 7025 MiB, 49140 MiB, 291.37 W, 300.00 W, 74, 1725 MHz
2026/09/23 17:42:21.954, 0, 98 %, 85 %, 7025 MiB, 49140 MiB, 291.97 W, 300.00 W, 72, 1770 MHz
2026/09/23 17:42:22.955, 0, 99 %, 88 %, 7025 MiB, 49140 MiB, 294.19 W, 300.00 W, 73, 1995 MHz
2026/09/23 17:42:23.955, 0, 96 %, 85 %, 7025 MiB, 49140 MiB, 289.38 W, 300.00 W, 71, 1605 MHz
2026/09/23 17:42:24.956, 0, 98 %, 88 %, 7025 MiB, 49140 MiB, 289.15 W, 300.00 W, 74, 1620 MHz
2026/09/23 17:42:25.958, 0, 98 %, 86 %, 7025 MiB, 49140 MiB, 291.13 W, 300.00 W, 73, 1905 MHz
2026/09/23 17:42:26.958, 0, 96 %, 88 %, 7025 MiB, 49140 MiB, 291.69 W, 300.00 W, 73, 1920 MHz
2026/09/23 17:42:27.959, 0, 97 %, 85 %, 7025 MiB, 49140 MiB, 293.68 W, 300.00 W, 72, 1740 MHz
2026/09/23 17:42:28.961, 0, 97 %, 90 %, 7025 MiB, 49140 MiB, 292.47 W, 300.00 W, 73, 1515 MHz
2026/09/23 17:42:29.962, 0, 97 %, 86 %, 7025 MiB, 49140 MiB, 291.71 W, 300.00 W, 73, 1770 MHz
2026/09/23 17:42:30.962, 0, 97 %, 87 %, 7025 MiB, 49140 MiB, 291.84 W, 300.00 W, 73, 1590 MHz
2026/09/23 17:42:31.964, 0, 98 %, 87 %, 7025 MiB, 49140 MiB, 293.81 W, 300.00 W, 73, 1845 MHz
2026/09/23 17:42:32.966, 0, 97 %, 87 %, 7025 MiB, 49140 MiB, 291.82 W, 300.00 W, 73, 1545 MHz
2026/09/23 17:42:33.967, 0, 97 %, 85 %, 7025 MiB, 49140 MiB, 292.35 W, 300.00 W, 74, 1830 MHz
2026/09/23 17:42:34.968, 0, 97 %, 86 %, 7025 MiB, 49140 MiB, 291.78 W, 300.00 W, 73, 1890 MHz
2026/09/23 17:42:35.970, 0, 98 %, 85 %, 7025 MiB, 49140 MiB, 293.29 W, 300.00 W, 72, 1980 MHz
2026/09/23 17:42:36.970, 0, 97 %, 89 %, 7025 MiB, 49140 MiB, 290.95 W, 300.00 W, 74, 1590 MHz
2026/09/23 17:42:37.971, 0, 97 %, 86 %, 7025 MiB, 49140 MiB, 294.77 W, 300.00 W, 75, 1440 MHz
2026/09/23 17:42:38.972, 0, 96 %, 67 %, 7025 MiB, 49140 MiB, 252.66 W, 300.00 W, 68, 2730 MHz
2026/09/23 17:42:39.973, 0, 0 %, 0 %, 7025 MiB, 49140 MiB, 172.83 W, 300.00 W, 72, 1815 MHz
2026/09/23 17:42:40.973, 0, 98 %, 85 %, 7025 MiB, 49140 MiB, 292.44 W, 300.00 W, 71, 1995 MHz
2026/09/23 17:42:41.974, 0, 96 %, 88 %, 7025 MiB, 49140 MiB, 291.83 W, 300.00 W, 73, 1590 MHz
2026/09/23 17:42:42.975, 0, 97 %, 85 %, 7025 MiB, 49140 MiB, 290.42 W, 300.00 W, 73, 1800 MHz
2026/09/23 17:42:43.976, 0, 97 %, 88 %, 7025 MiB, 49140 MiB, 292.65 W, 300.00 W, 72, 1815 MHz
2026/09/23 17:42:44.977, 0, 97 %, 84 %, 7025 MiB, 49140 MiB, 290.24 W, 300.00 W, 71, 2025 MHz
2026/09/23 17:42:45.977, 0, 97 %, 87 %, 7025 MiB, 49140 MiB, 291.21 W, 300.00 W, 74, 1560 MHz
2026/09/23 17:42:46.979, 0, 96 %, 85 %, 7025 MiB, 49140 MiB, 291.66 W, 300.00 W, 73, 1740 MHz
2026/09/23 17:42:47.979, 0, 97 %, 89 %, 7025 MiB, 49140 MiB, 293.17 W, 300.00 W, 73, 1950 MHz
2026/09/23 17:42:48.981, 0, 97 %, 85 %, 7025 MiB, 49140 MiB, 291.68 W, 300.00 W, 71, 2025 MHz
2026/09/23 17:42:49.981, 0, 98 %, 88 %, 7025 MiB, 49140 MiB, 290.14 W, 300.00 W, 75, 1560 MHz
2026/09/23 17:42:50.983, 0, 97 %, 86 %, 7025 MiB, 49140 MiB, 291.65 W, 300.00 W, 73, 1890 MHz
2026/09/23 17:42:51.984, 0, 99 %, 89 %, 7025 MiB, 49140 MiB, 292.44 W, 300.00 W, 73, 1575 MHz
2026/09/23 17:42:52.984, 0, 97 %, 86 %, 7025 MiB, 49140 MiB, 290.83 W, 300.00 W, 73, 1875 MHz
2026/09/23 17:42:53.985, 0, 97 %, 85 %, 7025 MiB, 49140 MiB, 290.88 W, 300.00 W, 74, 1515 MHz
2026/09/23 17:42:54.986, 0, 98 %, 85 %, 7025 MiB, 49140 MiB, 292.29 W, 300.00 W, 73, 1755 MHz
2026/09/23 17:42:55.987, 0, 99 %, 89 %, 7025 MiB, 49140 MiB, 293.91 W, 300.00 W, 74, 1575 MHz
2026/09/23 17:42:56.988, 0, 97 %, 86 %, 7025 MiB, 49140 MiB, 291.89 W, 300.00 W, 73, 1860 MHz
2026/09/23 17:42:57.990, 0, 98 %, 86 %, 7025 MiB, 49140 MiB, 292.64 W, 300.00 W, 75, 1575 MHz
2026/09/23 17:42:58.990, 0, 97 %, 86 %, 7025 MiB, 49140 MiB, 293.01 W, 300.00 W, 73, 1860 MHz
2026/09/23 17:42:59.991, 0, 99 %, 88 %, 7025 MiB, 49140 MiB, 292.70 W, 300.00 W, 74, 1605 MHz
2026/09/23 17:43:00.992, 0, 97 %, 86 %, 7025 MiB, 49140 MiB, 292.08 W, 300.00 W, 73, 1860 MHz
2026/09/23 17:43:01.994, 0, 98 %, 86 %, 7025 MiB, 49140 MiB, 291.95 W, 300.00 W, 74, 1560 MHz
2026/09/23 17:43:02.994, 0, 97 %, 86 %, 7025 MiB, 49140 MiB, 292.82 W, 300.00 W, 73, 1905 MHz
2026/09/23 17:43:03.995, 0, 99 %, 88 %, 7025 MiB, 49140 MiB, 292.82 W, 300.00 W, 73, 1650 MHz
2026/09/23 17:43:04.996, 0, 97 %, 85 %, 7025 MiB, 49140 MiB, 290.92 W, 300.00 W, 73, 1770 MHz
2026/09/23 17:43:05.996, 0, 94 %, 68 %, 7025 MiB, 49140 MiB, 296.77 W, 300.00 W, 75, 1575 MHz
2026/09/23 17:43:06.997, 0, 36 %, 27 %, 7025 MiB, 49140 MiB, 193.01 W, 300.00 W, 67, 2730 MHz
2026/09/23 17:43:08.001, 0, 97 %, 88 %, 7025 MiB, 49140 MiB, 208.25 W, 300.00 W, 72, 1605 MHz
2026/09/23 17:43:09.002, 0, 98 %, 88 %, 7025 MiB, 49140 MiB, 292.89 W, 300.00 W, 72, 1770 MHz
2026/09/23 17:43:10.003, 0, 98 %, 87 %, 7025 MiB, 49140 MiB, 291.71 W, 300.00 W, 72, 1965 MHz
2026/09/23 17:43:11.003, 0, 97 %, 90 %, 7025 MiB, 49140 MiB, 290.28 W, 300.00 W, 73, 1635 MHz
2026/09/23 17:43:12.005, 0, 98 %, 86 %, 7025 MiB, 49140 MiB, 290.29 W, 300.00 W, 72, 1635 MHz
2026/09/23 17:43:13.005, 0, 98 %, 88 %, 7025 MiB, 49140 MiB, 289.50 W, 300.00 W, 72, 1860 MHz
2026/09/23 17:43:14.007, 0, 98 %, 87 %, 7025 MiB, 49140 MiB, 290.70 W, 300.00 W, 72, 1845 MHz
2026/09/23 17:43:15.008, 0, 97 %, 89 %, 7025 MiB, 49140 MiB, 289.18 W, 300.00 W, 73, 1740 MHz
2026/09/23 17:43:16.009, 0, 97 %, 86 %, 7025 MiB, 49140 MiB, 290.26 W, 300.00 W, 74, 1545 MHz
2026/09/23 17:43:17.012, 0, 98 %, 85 %, 7025 MiB, 49140 MiB, 288.46 W, 300.00 W, 72, 1770 MHz
2026/09/23 17:43:18.013, 0, 99 %, 89 %, 7025 MiB, 49140 MiB, 293.32 W, 300.00 W, 74, 1785 MHz
2026/09/23 17:43:19.014, 0, 97 %, 86 %, 7025 MiB, 49140 MiB, 290.81 W, 300.00 W, 73, 1860 MHz
2026/09/23 17:43:20.015, 0, 98 %, 85 %, 7025 MiB, 49140 MiB, 292.52 W, 300.00 W, 74, 1530 MHz
2026/09/23 17:43:21.016, 0, 93 %, 81 %, 7025 MiB, 49140 MiB, 290.81 W, 300.00 W, 72, 1770 MHz
2026/09/23 17:43:22.018, 0, 99 %, 88 %, 7025 MiB, 49140 MiB, 292.85 W, 300.00 W, 73, 1905 MHz
2026/09/23 17:43:23.020, 0, 98 %, 89 %, 7025 MiB, 49140 MiB, 291.45 W, 300.00 W, 73, 1665 MHz
2026/09/23 17:43:24.020, 0, 97 %, 85 %, 7025 MiB, 49140 MiB, 293.16 W, 300.00 W, 74, 1575 MHz
2026/09/23 17:43:25.021, 0, 97 %, 87 %, 7025 MiB, 49140 MiB, 291.75 W, 300.00 W, 73, 1590 MHz
2026/09/23 17:43:26.022, 0, 98 %, 87 %, 7025 MiB, 49140 MiB, 293.09 W, 300.00 W, 73, 1830 MHz
2026/09/23 17:43:27.023, 0, 96 %, 89 %, 7025 MiB, 49140 MiB, 292.30 W, 300.00 W, 73, 1935 MHz
2026/09/23 17:43:28.023, 0, 97 %, 85 %, 7025 MiB, 49140 MiB, 293.02 W, 300.00 W, 73, 1560 MHz
2026/09/23 17:43:29.026, 0, 98 %, 88 %, 7025 MiB, 49140 MiB, 292.43 W, 300.00 W, 73, 1740 MHz
2026/09/23 17:43:30.026, 0, 98 %, 86 %, 7025 MiB, 49140 MiB, 293.12 W, 300.00 W, 73, 1800 MHz
2026/09/23 17:43:31.027, 0, 97 %, 90 %, 7025 MiB, 49140 MiB, 292.32 W, 300.00 W, 73, 1965 MHz
2026/09/23 17:43:32.028, 0, 98 %, 86 %, 7025 MiB, 49140 MiB, 290.29 W, 300.00 W, 73, 1560 MHz
2026/09/23 17:43:33.029, 0, 98 %, 89 %, 7025 MiB, 49140 MiB, 293.40 W, 300.00 W, 73, 1710 MHz
2026/09/23 17:43:34.030, 0, 90 %, 64 %, 7025 MiB, 49140 MiB, 296.37 W, 300.00 W, 74, 1335 MHz
2026/09/23 17:43:35.030, 0, 3 %, 0 %, 7025 MiB, 49140 MiB, 146.89 W, 300.00 W, 67, 2730 MHz
2026/09/23 17:43:36.033, 0, 0 %, 0 %, 7025 MiB, 49140 MiB, 104.00 W, 300.00 W, 71, 1980 MHz
2026/09/23 17:43:37.034, 0, 97 %, 86 %, 7025 MiB, 49140 MiB, 293.24 W, 300.00 W, 72, 1860 MHz
2026/09/23 17:43:38.034, 0, 98 %, 87 %, 7025 MiB, 49140 MiB, 290.51 W, 300.00 W, 74, 1845 MHz
2026/09/23 17:43:39.035, 0, 97 %, 86 %, 7025 MiB, 49140 MiB, 292.39 W, 300.00 W, 73, 1545 MHz
2026/09/23 17:43:40.036, 0, 96 %, 86 %, 7025 MiB, 49140 MiB, 293.70 W, 300.00 W, 73, 1890 MHz
2026/09/23 17:43:41.036, 0, 97 %, 85 %, 7025 MiB, 49140 MiB, 293.30 W, 300.00 W, 71, 1800 MHz
2026/09/23 17:43:42.037, 0, 98 %, 90 %, 7025 MiB, 49140 MiB, 291.26 W, 300.00 W, 73, 2040 MHz
2026/09/23 17:43:43.038, 0, 94 %, 82 %, 7025 MiB, 49140 MiB, 289.92 W, 300.00 W, 72, 1545 MHz
2026/09/23 17:43:44.039, 0, 98 %, 87 %, 7025 MiB, 49140 MiB, 293.17 W, 300.00 W, 72, 1845 MHz
2026/09/23 17:43:45.039, 0, 98 %, 87 %, 7025 MiB, 49140 MiB, 289.71 W, 300.00 W, 72, 1830 MHz
2026/09/23 17:43:46.041, 0, 96 %, 85 %, 7025 MiB, 49140 MiB, 289.82 W, 300.00 W, 74, 1680 MHz
2026/09/23 17:43:47.042, 0, 96 %, 84 %, 7025 MiB, 49140 MiB, 291.03 W, 300.00 W, 72, 1590 MHz
2026/09/23 17:43:48.043, 0, 99 %, 89 %, 7025 MiB, 49140 MiB, 292.68 W, 300.00 W, 72, 1890 MHz
2026/09/23 17:43:49.044, 0, 97 %, 87 %, 7025 MiB, 49140 MiB, 291.55 W, 300.00 W, 73, 1935 MHz
2026/09/23 17:43:50.044, 0, 98 %, 87 %, 7025 MiB, 49140 MiB, 292.34 W, 300.00 W, 74, 1890 MHz
2026/09/23 17:43:51.045, 0, 97 %, 86 %, 7025 MiB, 49140 MiB, 293.04 W, 300.00 W, 73, 1590 MHz
2026/09/23 17:43:52.046, 0, 98 %, 87 %, 7025 MiB, 49140 MiB, 291.23 W, 300.00 W, 74, 1755 MHz
2026/09/23 17:43:53.047, 0, 97 %, 86 %, 7025 MiB, 49140 MiB, 290.93 W, 300.00 W, 73, 1875 MHz
2026/09/23 17:43:54.049, 0, 97 %, 85 %, 7025 MiB, 49140 MiB, 292.02 W, 300.00 W, 74, 1695 MHz
2026/09/23 17:43:55.049, 0, 96 %, 86 %, 7025 MiB, 49140 MiB, 291.73 W, 300.00 W, 72, 1620 MHz
2026/09/23 17:43:56.050, 0, 94 %, 82 %, 7025 MiB, 49140 MiB, 290.42 W, 300.00 W, 71, 1590 MHz
2026/09/23 17:43:57.051, 0, 97 %, 87 %, 7025 MiB, 49140 MiB, 291.57 W, 300.00 W, 74, 1935 MHz
2026/09/23 17:43:58.051, 0, 97 %, 86 %, 7025 MiB, 49140 MiB, 290.39 W, 300.00 W, 73, 1515 MHz
2026/09/23 17:43:59.052, 0, 98 %, 87 %, 7025 MiB, 49140 MiB, 293.43 W, 300.00 W, 74, 1755 MHz
2026/09/23 17:44:00.053, 0, 97 %, 86 %, 7025 MiB, 49140 MiB, 291.11 W, 300.00 W, 73, 1860 MHz
2026/09/23 17:44:01.054, 0, 97 %, 86 %, 7025 MiB, 49140 MiB, 291.13 W, 300.00 W, 74, 1665 MHz
2026/09/23 17:44:02.055, 0, 98 %, 86 %, 7025 MiB, 49140 MiB, 295.03 W, 300.00 W, 74, 1515 MHz
2026/09/23 17:44:03.055, 0, 96 %, 67 %, 7025 MiB, 49140 MiB, 255.34 W, 300.00 W, 68, 2730 MHz
2026/09/23 17:44:04.056, 0, 0 %, 0 %, 7025 MiB, 49140 MiB, 88.11 W, 300.00 W, 67, 2730 MHz
2026/09/23 17:44:05.057, 0, 97 %, 92 %, 7025 MiB, 49140 MiB, 187.45 W, 300.00 W, 73, 1725 MHz
2026/09/23 17:44:06.058, 0, 96 %, 85 %, 7025 MiB, 49140 MiB, 292.21 W, 300.00 W, 72, 1530 MHz
2026/09/23 17:44:07.058, 0, 98 %, 87 %, 7025 MiB, 49140 MiB, 293.37 W, 300.00 W, 72, 1845 MHz
2026/09/23 17:44:08.060, 0, 97 %, 85 %, 7025 MiB, 49140 MiB, 290.58 W, 300.00 W, 71, 1635 MHz
2026/09/23 17:44:09.061, 0, 98 %, 88 %, 7025 MiB, 49140 MiB, 291.18 W, 300.00 W, 73, 1980 MHz
2026/09/23 17:44:10.062, 0, 97 %, 86 %, 7025 MiB, 49140 MiB, 291.93 W, 300.00 W, 73, 1575 MHz
2026/09/23 17:44:11.062, 0, 95 %, 88 %, 7025 MiB, 49140 MiB, 292.02 W, 300.00 W, 72, 1755 MHz
2026/09/23 17:44:12.066, 0, 97 %, 85 %, 7025 MiB, 49140 MiB, 291.67 W, 300.00 W, 71, 1620 MHz
2026/09/23 17:44:13.067, 0, 98 %, 89 %, 7025 MiB, 49140 MiB, 290.99 W, 300.00 W, 74, 1680 MHz
2026/09/23 17:44:14.068, 0, 98 %, 87 %, 7025 MiB, 49140 MiB, 291.79 W, 300.00 W, 72, 1860 MHz
2026/09/23 17:44:15.068, 0, 98 %, 89 %, 7025 MiB, 49140 MiB, 292.19 W, 300.00 W, 73, 1500 MHz
2026/09/23 17:44:16.069, 0, 94 %, 83 %, 7025 MiB, 49140 MiB, 291.10 W, 300.00 W, 72, 1920 MHz
2026/09/23 17:44:17.070, 0, 97 %, 87 %, 7025 MiB, 49140 MiB, 290.86 W, 300.00 W, 74, 1725 MHz
2026/09/23 17:44:18.070, 0, 97 %, 85 %, 7025 MiB, 49140 MiB, 291.71 W, 300.00 W, 73, 1800 MHz
2026/09/23 17:44:19.072, 0, 97 %, 88 %, 7025 MiB, 49140 MiB, 293.82 W, 300.00 W, 73, 1530 MHz
2026/09/23 17:44:20.073, 0, 94 %, 83 %, 7025 MiB, 49140 MiB, 290.43 W, 300.00 W, 71, 1815 MHz
2026/09/23 17:44:21.073, 0, 98 %, 88 %, 7025 MiB, 49140 MiB, 291.92 W, 300.00 W, 73, 1665 MHz
2026/09/23 17:44:22.074, 0, 97 %, 85 %, 7025 MiB, 49140 MiB, 291.57 W, 300.00 W, 73, 1875 MHz
2026/09/23 17:44:23.075, 0, 98 %, 89 %, 7025 MiB, 49140 MiB, 293.05 W, 300.00 W, 73, 1560 MHz
2026/09/23 17:44:24.076, 0, 98 %, 86 %, 7025 MiB, 49140 MiB, 292.07 W, 300.00 W, 72, 1830 MHz
2026/09/23 17:44:25.077, 0, 98 %, 90 %, 7025 MiB, 49140 MiB, 292.04 W, 300.00 W, 73, 1620 MHz
2026/09/23 17:44:26.079, 0, 98 %, 87 %, 7025 MiB, 49140 MiB, 292.64 W, 300.00 W, 73, 2025 MHz
2026/09/23 17:44:27.079, 0, 97 %, 86 %, 7025 MiB, 49140 MiB, 292.69 W, 300.00 W, 73, 1545 MHz
2026/09/23 17:44:28.080, 0, 98 %, 89 %, 7025 MiB, 49140 MiB, 294.40 W, 300.00 W, 74, 1575 MHz
2026/09/23 17:44:29.081, 0, 98 %, 87 %, 7025 MiB, 49140 MiB, 291.41 W, 300.00 W, 73, 1845 MHz
2026/09/23 17:44:30.082, 0, 96 %, 85 %, 7025 MiB, 49140 MiB, 292.25 W, 300.00 W, 74, 1965 MHz
2026/09/23 17:44:31.083, 0, 97 %, 67 %, 7025 MiB, 49140 MiB, 298.61 W, 300.00 W, 75, 1365 MHz
2026/09/23 17:44:32.083, 0, 9 %, 0 %, 7025 MiB, 49140 MiB, 136.98 W, 300.00 W, 67, 2730 MHz
2026/09/23 17:44:33.084, 0, 0 %, 0 %, 7025 MiB, 49140 MiB, 105.00 W, 300.00 W, 70, 1725 MHz
2026/09/23 17:44:34.085, 0, 99 %, 89 %, 7025 MiB, 49140 MiB, 293.86 W, 300.00 W, 72, 1545 MHz
2026/09/23 17:44:35.089, 0, 97 %, 86 %, 7025 MiB, 49140 MiB, 291.73 W, 300.00 W, 71, 1725 MHz
2026/09/23 17:44:36.090, 0, 97 %, 87 %, 7025 MiB, 49140 MiB, 291.48 W, 300.00 W, 73, 1800 MHz
2026/09/23 17:44:37.092, 0, 97 %, 87 %, 7025 MiB, 49140 MiB, 291.66 W, 300.00 W, 72, 1785 MHz
2026/09/23 17:44:38.093, 0, 97 %, 86 %, 7025 MiB, 49140 MiB, 292.20 W, 300.00 W, 72, 1560 MHz
2026/09/23 17:44:39.093, 0, 97 %, 86 %, 7025 MiB, 49140 MiB, 289.45 W, 300.00 W, 71, 1770 MHz
2026/09/23 17:44:40.094, 0, 96 %, 87 %, 7025 MiB, 49140 MiB, 291.16 W, 300.00 W, 74, 1605 MHz
2026/09/23 17:44:41.095, 0, 94 %, 83 %, 7025 MiB, 49140 MiB, 290.17 W, 300.00 W, 72, 1620 MHz
2026/09/23 17:44:42.096, 0, 99 %, 89 %, 7025 MiB, 49140 MiB, 292.68 W, 300.00 W, 74, 1590 MHz
2026/09/23 17:44:43.096, 0, 97 %, 86 %, 7025 MiB, 49140 MiB, 291.72 W, 300.00 W, 72, 1875 MHz
2026/09/23 17:44:44.097, 0, 97 %, 86 %, 7025 MiB, 49140 MiB, 292.79 W, 300.00 W, 74, 1935 MHz
2026/09/23 17:44:45.098, 0, 97 %, 86 %, 7025 MiB, 49140 MiB, 292.75 W, 300.00 W, 73, 1650 MHz
2026/09/23 17:44:46.101, 0, 98 %, 86 %, 7025 MiB, 49140 MiB, 293.95 W, 300.00 W, 73, 1515 MHz
2026/09/23 17:44:47.102, 0, 98 %, 86 %, 7025 MiB, 49140 MiB, 290.68 W, 300.00 W, 73, 1920 MHz
2026/09/23 17:44:48.102, 0, 95 %, 83 %, 7025 MiB, 49140 MiB, 291.93 W, 300.00 W, 73, 2025 MHz
2026/09/23 17:44:49.103, 0, 98 %, 87 %, 7025 MiB, 49140 MiB, 292.61 W, 300.00 W, 72, 1545 MHz
2026/09/23 17:44:50.104, 0, 97 %, 86 %, 7025 MiB, 49140 MiB, 293.99 W, 300.00 W, 73, 1755 MHz
2026/09/23 17:44:51.105, 0, 97 %, 85 %, 7025 MiB, 49140 MiB, 291.06 W, 300.00 W, 73, 1695 MHz
2026/09/23 17:44:52.105, 0, 94 %, 84 %, 7025 MiB, 49140 MiB, 291.98 W, 300.00 W, 73, 1890 MHz
2026/09/23 17:44:53.107, 0, 98 %, 86 %, 7025 MiB, 49140 MiB, 293.34 W, 300.00 W, 73, 1545 MHz
2026/09/23 17:44:54.108, 0, 97 %, 85 %, 7025 MiB, 49140 MiB, 291.80 W, 300.00 W, 72, 1785 MHz
2026/09/23 17:44:55.108, 0, 97 %, 87 %, 7025 MiB, 49140 MiB, 291.93 W, 300.00 W, 74, 1815 MHz
2026/09/23 17:44:56.109, 0, 98 %, 87 %, 7025 MiB, 49140 MiB, 292.03 W, 300.00 W, 73, 1650 MHz
2026/09/23 17:44:57.111, 0, 97 %, 86 %, 7025 MiB, 49140 MiB, 293.52 W, 300.00 W, 74, 1590 MHz
2026/09/23 17:44:58.112, 0, 97 %, 86 %, 7025 MiB, 49140 MiB, 291.76 W, 300.00 W, 73, 1875 MHz
2026/09/23 17:44:59.113, 0, 97 %, 86 %, 7025 MiB, 49140 MiB, 295.43 W, 300.00 W, 74, 1425 MHz
2026/09/23 17:45:00.113, 0, 96 %, 64 %, 7025 MiB, 49140 MiB, 251.40 W, 300.00 W, 68, 2730 MHz
2026/09/23 17:45:01.114, 0, 0 %, 0 %, 7025 MiB, 49140 MiB, 88.32 W, 300.00 W, 67, 2730 MHz
2026/09/23 17:45:02.114, 0, 94 %, 86 %, 7025 MiB, 49140 MiB, 184.81 W, 300.00 W, 72, 1890 MHz
2026/09/23 17:45:03.116, 0, 96 %, 85 %, 7025 MiB, 49140 MiB, 292.99 W, 300.00 W, 72, 1590 MHz
2026/09/23 17:45:04.116, 0, 98 %, 86 %, 7025 MiB, 49140 MiB, 291.30 W, 300.00 W, 70, 1590 MHz
2026/09/23 17:45:05.117, 0, 97 %, 87 %, 7025 MiB, 49140 MiB, 289.10 W, 300.00 W, 74, 1935 MHz
2026/09/23 17:45:06.118, 0, 97 %, 86 %, 7025 MiB, 49140 MiB, 291.83 W, 300.00 W, 73, 1965 MHz
2026/09/23 17:45:07.118, 0, 97 %, 85 %, 7025 MiB, 49140 MiB, 293.97 W, 300.00 W, 72, 1725 MHz
2026/09/23 17:45:08.119, 0, 95 %, 85 %, 7025 MiB, 49140 MiB, 292.53 W, 300.00 W, 71, 1545 MHz
2026/09/23 17:45:09.120, 0, 97 %, 87 %, 7025 MiB, 49140 MiB, 291.46 W, 300.00 W, 73, 1785 MHz
2026/09/23 17:45:10.121, 0, 97 %, 87 %, 7025 MiB, 49140 MiB, 291.68 W, 300.00 W, 72, 1710 MHz
2026/09/23 17:45:11.122, 0, 97 %, 86 %, 7025 MiB, 49140 MiB, 292.45 W, 300.00 W, 73, 1725 MHz
2026/09/23 17:45:12.125, 0, 97 %, 87 %, 7025 MiB, 49140 MiB, 292.78 W, 300.00 W, 72, 1530 MHz
2026/09/23 17:45:13.127, 0, 98 %, 87 %, 7025 MiB, 49140 MiB, 291.18 W, 300.00 W, 73, 1815 MHz
2026/09/23 17:45:14.128, 0, 98 %, 88 %, 7025 MiB, 49140 MiB, 292.88 W, 300.00 W, 73, 1590 MHz
2026/09/23 17:45:15.129, 0, 98 %, 88 %, 7025 MiB, 49140 MiB, 292.47 W, 300.00 W, 72, 1995 MHz
2026/09/23 17:45:16.130, 0, 98 %, 88 %, 7025 MiB, 49140 MiB, 294.32 W, 300.00 W, 73, 1545 MHz
2026/09/23 17:45:17.131, 0, 98 %, 88 %, 7025 MiB, 49140 MiB, 291.96 W, 300.00 W, 71, 1605 MHz
2026/09/23 17:45:18.131, 0, 98 %, 87 %, 7025 MiB, 49140 MiB, 291.51 W, 300.00 W, 74, 1905 MHz
2026/09/23 17:45:19.133, 0, 98 %, 87 %, 7025 MiB, 49140 MiB, 292.92 W, 300.00 W, 72, 1845 MHz
2026/09/23 17:45:20.134, 0, 97 %, 86 %, 7025 MiB, 49140 MiB, 293.72 W, 300.00 W, 73, 1710 MHz
2026/09/23 17:45:21.135, 0, 97 %, 87 %, 7025 MiB, 49140 MiB, 293.00 W, 300.00 W, 71, 1500 MHz
2026/09/23 17:45:22.136, 0, 98 %, 87 %, 7025 MiB, 49140 MiB, 292.07 W, 300.00 W, 73, 1770 MHz
2026/09/23 17:45:23.136, 0, 97 %, 88 %, 7025 MiB, 49140 MiB, 291.23 W, 300.00 W, 73, 1800 MHz
2026/09/23 17:45:24.137, 0, 97 %, 86 %, 7025 MiB, 49140 MiB, 292.51 W, 300.00 W, 73, 1815 MHz
2026/09/23 17:45:25.138, 0, 97 %, 86 %, 7025 MiB, 49140 MiB, 293.36 W, 300.00 W, 72, 1515 MHz
2026/09/23 17:45:26.139, 0, 97 %, 86 %, 7025 MiB, 49140 MiB, 290.97 W, 300.00 W, 73, 1785 MHz
2026/09/23 17:45:27.140, 0, 97 %, 88 %, 7025 MiB, 49140 MiB, 291.51 W, 300.00 W, 73, 1830 MHz
2026/09/23 17:45:28.140, 0, 93 %, 65 %, 7025 MiB, 49140 MiB, 297.37 W, 300.00 W, 74, 1665 MHz
2026/09/23 17:45:29.141, 0, 0 %, 0 %, 7025 MiB, 49140 MiB, 160.54 W, 300.00 W, 67, 2730 MHz
2026/09/23 17:45:30.142, 0, 96 %, 86 %, 7025 MiB, 49140 MiB, 258.58 W, 300.00 W, 72, 1710 MHz
2026/09/23 17:45:31.143, 0, 98 %, 87 %, 7025 MiB, 49140 MiB, 292.95 W, 300.00 W, 71, 1530 MHz
2026/09/23 17:45:32.144, 0, 97 %, 86 %, 7025 MiB, 49140 MiB, 291.51 W, 300.00 W, 73, 1785 MHz
2026/09/23 17:45:33.145, 0, 98 %, 87 %, 7025 MiB, 49140 MiB, 292.15 W, 300.00 W, 73, 1605 MHz
2026/09/23 17:45:34.145, 0, 97 %, 86 %, 7025 MiB, 49140 MiB, 292.87 W, 300.00 W, 73, 1875 MHz
2026/09/23 17:45:35.146, 0, 97 %, 86 %, 7025 MiB, 49140 MiB, 292.25 W, 300.00 W, 71, 1530 MHz
2026/09/23 17:45:36.147, 0, 96 %, 86 %, 7025 MiB, 49140 MiB, 289.22 W, 300.00 W, 74, 1905 MHz
2026/09/23 17:45:37.148, 0, 96 %, 85 %, 7025 MiB, 49140 MiB, 292.83 W, 300.00 W, 72, 1935 MHz
2026/09/23 17:45:38.150, 0, 98 %, 86 %, 7025 MiB, 49140 MiB, 292.42 W, 300.00 W, 73, 1590 MHz
2026/09/23 17:45:39.150, 0, 98 %, 88 %, 7025 MiB, 49140 MiB, 292.64 W, 300.00 W, 71, 1545 MHz
2026/09/23 17:45:40.152, 0, 94 %, 84 %, 7025 MiB, 49140 MiB, 291.01 W, 300.00 W, 74, 1905 MHz
2026/09/23 17:45:41.153, 0, 98 %, 88 %, 7025 MiB, 49140 MiB, 290.49 W, 300.00 W, 73, 2010 MHz
2026/09/23 17:45:42.153, 0, 96 %, 86 %, 7025 MiB, 49140 MiB, 293.13 W, 300.00 W, 73, 1575 MHz
2026/09/23 17:45:43.154, 0, 98 %, 87 %, 7025 MiB, 49140 MiB, 291.73 W, 300.00 W, 73, 1935 MHz
2026/09/23 17:45:44.155, 0, 97 %, 86 %, 7025 MiB, 49140 MiB, 292.06 W, 300.00 W, 74, 1695 MHz
2026/09/23 17:45:45.156, 0, 97 %, 86 %, 7025 MiB, 49140 MiB, 291.76 W, 300.00 W, 72, 1980 MHz
2026/09/23 17:45:46.157, 0, 96 %, 86 %, 7025 MiB, 49140 MiB, 291.74 W, 300.00 W, 72, 1575 MHz
2026/09/23 17:45:47.158, 0, 98 %, 85 %, 7025 MiB, 49140 MiB, 291.80 W, 300.00 W, 73, 1845 MHz
2026/09/23 17:45:48.159, 0, 98 %, 87 %, 7025 MiB, 49140 MiB, 292.27 W, 300.00 W, 74, 1695 MHz
2026/09/23 17:45:49.160, 0, 96 %, 85 %, 7025 MiB, 49140 MiB, 291.86 W, 300.00 W, 73, 1845 MHz
2026/09/23 17:45:50.162, 0, 98 %, 86 %, 7025 MiB, 49140 MiB, 290.29 W, 300.00 W, 71, 1560 MHz
2026/09/23 17:45:51.163, 0, 97 %, 87 %, 7025 MiB, 49140 MiB, 291.31 W, 300.00 W, 74, 1770 MHz
2026/09/23 17:45:52.164, 0, 98 %, 88 %, 7025 MiB, 49140 MiB, 292.82 W, 300.00 W, 73, 1920 MHz
2026/09/23 17:45:53.165, 0, 98 %, 86 %, 7025 MiB, 49140 MiB, 293.79 W, 300.00 W, 73, 1995 MHz
2026/09/23 17:45:54.166, 0, 97 %, 86 %, 7025 MiB, 49140 MiB, 293.19 W, 300.00 W, 72, 1635 MHz
2026/09/23 17:45:55.166, 0, 98 %, 86 %, 7025 MiB, 49140 MiB, 293.16 W, 300.00 W, 74, 1650 MHz
2026/09/23 17:45:56.167, 0, 96 %, 69 %, 7025 MiB, 49140 MiB, 286.33 W, 300.00 W, 75, 2490 MHz
2026/09/23 17:45:57.168, 0, 0 %, 0 %, 7025 MiB, 49140 MiB, 95.24 W, 300.00 W, 67, 2730 MHz
2026/09/23 17:45:58.168, 0, 0 %, 0 %, 7025 MiB, 49140 MiB, 170.09 W, 300.00 W, 71, 1620 MHz
2026/09/23 17:45:59.169, 0, 97 %, 87 %, 7025 MiB, 49140 MiB, 294.00 W, 300.00 W, 72, 2010 MHz
2026/09/23 17:46:00.170, 0, 97 %, 88 %, 7025 MiB, 49140 MiB, 291.91 W, 300.00 W, 71, 1635 MHz
2026/09/23 17:46:01.171, 0, 98 %, 87 %, 7025 MiB, 49140 MiB, 290.89 W, 300.00 W, 73, 1560 MHz
2026/09/23 17:46:02.172, 0, 98 %, 89 %, 7025 MiB, 49140 MiB, 292.54 W, 300.00 W, 73, 1800 MHz
2026/09/23 17:46:03.174, 0, 97 %, 87 %, 7025 MiB, 49140 MiB, 291.28 W, 300.00 W, 72, 1770 MHz
2026/09/23 17:46:04.174, 0, 96 %, 86 %, 7025 MiB, 49140 MiB, 292.43 W, 300.00 W, 73, 1890 MHz
2026/09/23 17:46:05.175, 0, 97 %, 87 %, 7025 MiB, 49140 MiB, 290.47 W, 300.00 W, 73, 1515 MHz
2026/09/23 17:46:06.175, 0, 98 %, 87 %, 7025 MiB, 49140 MiB, 292.38 W, 300.00 W, 74, 1935 MHz
2026/09/23 17:46:07.178, 0, 95 %, 84 %, 7025 MiB, 49140 MiB, 290.75 W, 300.00 W, 72, 1650 MHz
2026/09/23 17:46:08.179, 0, 97 %, 88 %, 7025 MiB, 49140 MiB, 293.15 W, 300.00 W, 72, 1860 MHz
2026/09/23 17:46:09.179, 0, 97 %, 86 %, 7025 MiB, 49140 MiB, 291.00 W, 300.00 W, 73, 1530 MHz
2026/09/23 17:46:10.181, 0, 97 %, 86 %, 7025 MiB, 49140 MiB, 289.38 W, 300.00 W, 72, 2025 MHz
2026/09/23 17:46:11.182, 0, 98 %, 87 %, 7025 MiB, 49140 MiB, 291.97 W, 300.00 W, 72, 1650 MHz
2026/09/23 17:46:12.183, 0, 96 %, 86 %, 7025 MiB, 49140 MiB, 291.52 W, 300.00 W, 72, 1845 MHz
2026/09/23 17:46:13.184, 0, 98 %, 87 %, 7025 MiB, 49140 MiB, 288.87 W, 300.00 W, 73, 1815 MHz
2026/09/23 17:46:14.185, 0, 98 %, 87 %, 7025 MiB, 49140 MiB, 291.87 W, 300.00 W, 74, 1890 MHz
2026/09/23 17:46:15.185, 0, 98 %, 87 %, 7025 MiB, 49140 MiB, 291.42 W, 300.00 W, 73, 1635 MHz
2026/09/23 17:46:16.188, 0, 96 %, 85 %, 7025 MiB, 49140 MiB, 293.03 W, 300.00 W, 73, 1995 MHz
2026/09/23 17:46:17.188, 0, 96 %, 86 %, 7025 MiB, 49140 MiB, 290.94 W, 300.00 W, 72, 1575 MHz
2026/09/23 17:46:18.189, 0, 98 %, 88 %, 7025 MiB, 49140 MiB, 292.09 W, 300.00 W, 74, 1920 MHz
2026/09/23 17:46:19.190, 0, 98 %, 87 %, 7025 MiB, 49140 MiB, 290.46 W, 300.00 W, 72, 1620 MHz
2026/09/23 17:46:20.191, 0, 98 %, 88 %, 7025 MiB, 49140 MiB, 292.84 W, 300.00 W, 73, 1890 MHz
2026/09/23 17:46:21.193, 0, 96 %, 86 %, 7025 MiB, 49140 MiB, 290.20 W, 300.00 W, 73, 1530 MHz
2026/09/23 17:46:22.194, 0, 98 %, 88 %, 7025 MiB, 49140 MiB, 291.89 W, 300.00 W, 74, 1860 MHz
2026/09/23 17:46:23.196, 0, 96 %, 65 %, 7025 MiB, 49140 MiB, 294.78 W, 300.00 W, 74, 1500 MHz
2026/09/23 17:46:24.196, 0, 0 %, 0 %, 7025 MiB, 49140 MiB, 273.39 W, 300.00 W, 68, 2730 MHz
2026/09/23 17:46:25.197, 0, 98 %, 88 %, 7025 MiB, 49140 MiB, 123.28 W, 300.00 W, 73, 2040 MHz
2026/09/23 17:46:26.198, 0, 93 %, 85 %, 7025 MiB, 49140 MiB, 289.61 W, 300.00 W, 72, 1605 MHz
2026/09/23 17:46:27.199, 0, 97 %, 86 %, 7025 MiB, 49140 MiB, 291.51 W, 300.00 W, 73, 1560 MHz
2026/09/23 17:46:28.202, 0, 97 %, 86 %, 7025 MiB, 49140 MiB, 291.34 W, 300.00 W, 72, 1770 MHz
2026/09/23 17:46:29.202, 0, 97 %, 86 %, 7025 MiB, 49140 MiB, 291.46 W, 300.00 W, 72, 1785 MHz
2026/09/23 17:46:30.203, 0, 97 %, 88 %, 7025 MiB, 49140 MiB, 292.48 W, 300.00 W, 73, 1965 MHz
2026/09/23 17:46:31.204, 0, 94 %, 84 %, 7025 MiB, 49140 MiB, 290.65 W, 300.00 W, 72, 1635 MHz
2026/09/23 17:46:32.205, 0, 90 %, 79 %, 7025 MiB, 49140 MiB, 290.11 W, 300.00 W, 74, 1980 MHz
2026/09/23 17:46:33.206, 0, 97 %, 86 %, 7025 MiB, 49140 MiB, 289.01 W, 300.00 W, 72, 1680 MHz
2026/09/23 17:46:34.206, 0, 98 %, 88 %, 7025 MiB, 49140 MiB, 291.51 W, 300.00 W, 73, 1980 MHz
2026/09/23 17:46:35.207, 0, 97 %, 86 %, 7025 MiB, 49140 MiB, 290.68 W, 300.00 W, 73, 1605 MHz
2026/09/23 17:46:36.208, 0, 97 %, 87 %, 7025 MiB, 49140 MiB, 291.46 W, 300.00 W, 75, 1845 MHz
2026/09/23 17:46:37.208, 0, 96 %, 86 %, 7025 MiB, 49140 MiB, 292.33 W, 300.00 W, 73, 1995 MHz
2026/09/23 17:46:38.209, 0, 96 %, 86 %, 7025 MiB, 49140 MiB, 292.15 W, 300.00 W, 73, 2025 MHz
2026/09/23 17:46:39.210, 0, 98 %, 88 %, 7025 MiB, 49140 MiB, 291.92 W, 300.00 W, 71, 1635 MHz
2026/09/23 17:46:40.211, 0, 98 %, 87 %, 7025 MiB, 49140 MiB, 290.84 W, 300.00 W, 73, 1620 MHz
2026/09/23 17:46:41.212, 0, 97 %, 86 %, 7025 MiB, 49140 MiB, 292.23 W, 300.00 W, 73, 1605 MHz
2026/09/23 17:46:42.212, 0, 98 %, 86 %, 7025 MiB, 49140 MiB, 291.95 W, 300.00 W, 73, 1845 MHz
2026/09/23 17:46:43.213, 0, 98 %, 88 %, 7025 MiB, 49140 MiB, 293.33 W, 300.00 W, 73, 1875 MHz
2026/09/23 17:46:44.214, 0, 97 %, 87 %, 7025 MiB, 49140 MiB, 291.12 W, 300.00 W, 73, 1770 MHz
2026/09/23 17:46:45.215, 0, 97 %, 87 %, 7025 MiB, 49140 MiB, 292.04 W, 300.00 W, 74, 1515 MHz
2026/09/23 17:46:46.216, 0, 98 %, 87 %, 7025 MiB, 49140 MiB, 290.73 W, 300.00 W, 73, 1755 MHz
2026/09/23 17:46:47.217, 0, 97 %, 86 %, 7025 MiB, 49140 MiB, 294.43 W, 300.00 W, 74, 1605 MHz
2026/09/23 17:46:48.217, 0, 98 %, 86 %, 7025 MiB, 49140 MiB, 292.30 W, 300.00 W, 72, 1995 MHz
2026/09/23 17:46:49.218, 0, 97 %, 87 %, 7025 MiB, 49140 MiB, 291.54 W, 300.00 W, 74, 1605 MHz
2026/09/23 17:46:50.219, 0, 96 %, 85 %, 7025 MiB, 49140 MiB, 291.26 W, 300.00 W, 73, 1785 MHz
2026/09/23 17:46:51.220, 0, 95 %, 68 %, 7025 MiB, 49140 MiB, 295.67 W, 300.00 W, 74, 1485 MHz
2026/09/23 17:46:52.221, 0, 0 %, 0 %, 7025 MiB, 49140 MiB, 217.79 W, 300.00 W, 67, 2730 MHz
2026/09/23 17:46:53.221, 0, 96 %, 86 %, 7025 MiB, 49140 MiB, 201.80 W, 300.00 W, 72, 1935 MHz
2026/09/23 17:46:54.222, 0, 96 %, 87 %, 7025 MiB, 49140 MiB, 292.31 W, 300.00 W, 72, 2010 MHz
2026/09/23 17:46:55.223, 0, 97 %, 88 %, 7025 MiB, 49140 MiB, 291.02 W, 300.00 W, 73, 1710 MHz
2026/09/23 17:46:56.225, 0, 97 %, 87 %, 7025 MiB, 49140 MiB, 292.44 W, 300.00 W, 74, 1530 MHz
2026/09/23 17:46:57.226, 0, 97 %, 86 %, 7025 MiB, 49140 MiB, 291.52 W, 300.00 W, 72, 1830 MHz
2026/09/23 17:46:58.227, 0, 97 %, 87 %, 7025 MiB, 49140 MiB, 294.20 W, 300.00 W, 73, 1740 MHz
2026/09/23 17:46:59.228, 0, 97 %, 87 %, 7025 MiB, 49140 MiB, 292.45 W, 300.00 W, 71, 2055 MHz
2026/09/23 17:47:00.229, 0, 97 %, 87 %, 7025 MiB, 49140 MiB, 291.59 W, 300.00 W, 73, 1620 MHz
2026/09/23 17:47:01.231, 0, 97 %, 87 %, 7025 MiB, 49140 MiB, 291.48 W, 300.00 W, 73, 1575 MHz
2026/09/23 17:47:02.232, 0, 97 %, 86 %, 7025 MiB, 49140 MiB, 291.15 W, 300.00 W, 72, 1740 MHz
2026/09/23 17:47:03.235, 0, 97 %, 87 %, 7025 MiB, 49140 MiB, 292.70 W, 300.00 W, 72, 1905 MHz
2026/09/23 17:47:04.236, 0, 97 %, 87 %, 7025 MiB, 49140 MiB, 291.37 W, 300.00 W, 73, 1815 MHz
2026/09/23 17:47:05.236, 0, 98 %, 88 %, 7025 MiB, 49140 MiB, 292.53 W, 300.00 W, 74, 1485 MHz
2026/09/23 17:47:06.237, 0, 98 %, 87 %, 7025 MiB, 49140 MiB, 292.03 W, 300.00 W, 72, 1830 MHz
2026/09/23 17:47:07.237, 0, 97 %, 86 %, 7025 MiB, 49140 MiB, 293.15 W, 300.00 W, 74, 1650 MHz
2026/09/23 17:47:08.238, 0, 97 %, 85 %, 7025 MiB, 49140 MiB, 291.05 W, 300.00 W, 72, 1980 MHz
2026/09/23 17:47:09.239, 0, 98 %, 87 %, 7025 MiB, 49140 MiB, 291.58 W, 300.00 W, 74, 1545 MHz
2026/09/23 17:47:10.240, 0, 98 %, 86 %, 7025 MiB, 49140 MiB, 292.85 W, 300.00 W, 73, 1740 MHz
2026/09/23 17:47:11.241, 0, 97 %, 86 %, 7025 MiB, 49140 MiB, 293.25 W, 300.00 W, 73, 1920 MHz
2026/09/23 17:47:12.242, 0, 98 %, 88 %, 7025 MiB, 49140 MiB, 293.07 W, 300.00 W, 71, 2190 MHz
2026/09/23 17:47:13.243, 0, 98 %, 87 %, 7025 MiB, 49140 MiB, 290.16 W, 300.00 W, 74, 1545 MHz
2026/09/23 17:47:14.244, 0, 96 %, 86 %, 7025 MiB, 49140 MiB, 291.99 W, 300.00 W, 73, 1785 MHz
2026/09/23 17:47:15.249, 0, 96 %, 86 %, 7025 MiB, 49140 MiB, 292.50 W, 300.00 W, 73, 1695 MHz
2026/09/23 17:47:16.250, 0, 98 %, 86 %, 7025 MiB, 49140 MiB, 291.82 W, 300.00 W, 72, 2010 MHz
2026/09/23 17:47:17.251, 0, 98 %, 86 %, 7025 MiB, 49140 MiB, 291.48 W, 300.00 W, 74, 1545 MHz
2026/09/23 17:47:18.252, 0, 95 %, 83 %, 7025 MiB, 49140 MiB, 292.85 W, 300.00 W, 74, 1605 MHz
2026/09/23 17:47:19.253, 0, 96 %, 67 %, 7025 MiB, 49140 MiB, 297.40 W, 300.00 W, 74, 1470 MHz
2026/09/23 17:47:20.253, 0, 22 %, 19 %, 7025 MiB, 49140 MiB, 144.47 W, 300.00 W, 71, 2025 MHz
2026/09/23 17:47:21.254, 0, 96 %, 86 %, 7025 MiB, 49140 MiB, 277.85 W, 300.00 W, 72, 1965 MHz
2026/09/23 17:47:22.255, 0, 96 %, 86 %, 7025 MiB, 49140 MiB, 292.77 W, 300.00 W, 72, 2010 MHz
2026/09/23 17:47:23.255, 0, 97 %, 87 %, 7025 MiB, 49140 MiB, 291.66 W, 300.00 W, 73, 1710 MHz
2026/09/23 17:47:24.256, 0, 98 %, 88 %, 7025 MiB, 49140 MiB, 292.29 W, 300.00 W, 74, 1500 MHz
2026/09/23 17:47:25.257, 0, 96 %, 86 %, 7025 MiB, 49140 MiB, 292.23 W, 300.00 W, 73, 1875 MHz
2026/09/23 17:47:26.257, 0, 97 %, 87 %, 7025 MiB, 49140 MiB, 293.57 W, 300.00 W, 73, 1785 MHz
2026/09/23 17:47:27.258, 0, 96 %, 86 %, 7025 MiB, 49140 MiB, 291.84 W, 300.00 W, 71, 1635 MHz
2026/09/23 17:47:28.259, 0, 94 %, 83 %, 7025 MiB, 49140 MiB, 288.71 W, 300.00 W, 75, 1890 MHz
2026/09/23 17:47:29.260, 0, 97 %, 87 %, 7025 MiB, 49140 MiB, 291.64 W, 300.00 W, 73, 1590 MHz
2026/09/23 17:47:30.261, 0, 98 %, 88 %, 7025 MiB, 49140 MiB, 292.37 W, 300.00 W, 73, 1755 MHz
2026/09/23 17:47:31.263, 0, 97 %, 88 %, 7025 MiB, 49140 MiB, 289.84 W, 300.00 W, 72, 1950 MHz
2026/09/23 17:47:32.264, 0, 98 %, 88 %, 7025 MiB, 49140 MiB, 290.89 W, 300.00 W, 73, 1965 MHz
2026/09/23 17:47:33.265, 0, 98 %, 88 %, 7025 MiB, 49140 MiB, 291.65 W, 300.00 W, 74, 1905 MHz
2026/09/23 17:47:34.266, 0, 98 %, 88 %, 7025 MiB, 49140 MiB, 291.40 W, 300.00 W, 73, 1605 MHz
2026/09/23 17:47:35.267, 0, 96 %, 85 %, 7025 MiB, 49140 MiB, 293.00 W, 300.00 W, 73, 1980 MHz
2026/09/23 17:47:36.268, 0, 98 %, 88 %, 7025 MiB, 49140 MiB, 292.67 W, 300.00 W, 72, 1830 MHz
2026/09/23 17:47:37.270, 0, 98 %, 88 %, 7025 MiB, 49140 MiB, 291.84 W, 300.00 W, 73, 2040 MHz
2026/09/23 17:47:38.271, 0, 98 %, 88 %, 7025 MiB, 49140 MiB, 292.19 W, 300.00 W, 74, 1620 MHz
2026/09/23 17:47:39.273, 0, 97 %, 86 %, 7025 MiB, 49140 MiB, 291.10 W, 300.00 W, 72, 1545 MHz
2026/09/23 17:47:40.274, 0, 98 %, 88 %, 7025 MiB, 49140 MiB, 292.65 W, 300.00 W, 72, 1905 MHz
2026/09/23 17:47:41.275, 0, 98 %, 88 %, 7025 MiB, 49140 MiB, 291.07 W, 300.00 W, 73, 1965 MHz
2026/09/23 17:47:42.276, 0, 98 %, 88 %, 7025 MiB, 49140 MiB, 291.57 W, 300.00 W, 74, 1590 MHz
2026/09/23 17:47:43.276, 0, 97 %, 87 %, 7025 MiB, 49140 MiB, 290.83 W, 300.00 W, 73, 1710 MHz
2026/09/23 17:47:44.277, 0, 97 %, 87 %, 7025 MiB, 49140 MiB, 294.33 W, 300.00 W, 74, 1740 MHz
2026/09/23 17:47:45.279, 0, 97 %, 86 %, 7025 MiB, 49140 MiB, 290.28 W, 300.00 W, 73, 1890 MHz
2026/09/23 17:47:46.279, 0, 95 %, 69 %, 7025 MiB, 49140 MiB, 295.28 W, 300.00 W, 74, 1455 MHz
2026/09/23 17:47:47.280, 0, 0 %, 0 %, 7025 MiB, 49140 MiB, 247.15 W, 300.00 W, 68, 2625 MHz
2026/09/23 17:47:48.281, 0, 98 %, 88 %, 7025 MiB, 49140 MiB, 169.20 W, 300.00 W, 72, 1980 MHz
2026/09/23 17:47:49.282, 0, 98 %, 87 %, 7025 MiB, 49140 MiB, 292.01 W, 300.00 W, 74, 1875 MHz
2026/09/23 17:47:50.282, 0, 97 %, 87 %, 7025 MiB, 49140 MiB, 290.72 W, 300.00 W, 73, 1560 MHz
2026/09/23 17:47:51.284, 0, 96 %, 86 %, 7025 MiB, 49140 MiB, 288.45 W, 300.00 W, 72, 1755 MHz
2026/09/23 17:47:52.284, 0, 98 %, 88 %, 7025 MiB, 49140 MiB, 289.88 W, 300.00 W, 72, 2010 MHz
2026/09/23 17:47:53.286, 0, 97 %, 88 %, 7025 MiB, 49140 MiB, 290.31 W, 300.00 W, 73, 1980 MHz
2026/09/23 17:47:54.288, 0, 97 %, 89 %, 7025 MiB, 49140 MiB, 291.31 W, 300.00 W, 74, 1890 MHz
2026/09/23 17:47:55.289, 0, 97 %, 87 %, 7025 MiB, 49140 MiB, 291.42 W, 300.00 W, 73, 1515 MHz
2026/09/23 17:47:56.290, 0, 97 %, 87 %, 7025 MiB, 49140 MiB, 292.56 W, 300.00 W, 73, 1845 MHz
2026/09/23 17:47:57.292, 0, 98 %, 88 %, 7025 MiB, 49140 MiB, 292.00 W, 300.00 W, 71, 1725 MHz
2026/09/23 17:47:58.294, 0, 98 %, 88 %, 7025 MiB, 49140 MiB, 292.38 W, 300.00 W, 73, 2040 MHz
2026/09/23 17:47:59.295, 0, 97 %, 87 %, 7025 MiB, 49140 MiB, 290.17 W, 300.00 W, 73, 1560 MHz
2026/09/23 17:48:00.296, 0, 91 %, 82 %, 7025 MiB, 49140 MiB, 290.01 W, 300.00 W, 73, 1845 MHz
2026/09/23 17:48:01.296, 0, 96 %, 85 %, 7025 MiB, 49140 MiB, 288.59 W, 300.00 W, 72, 1590 MHz
2026/09/23 17:48:02.298, 0, 98 %, 87 %, 7025 MiB, 49140 MiB, 289.86 W, 300.00 W, 74, 1905 MHz
2026/09/23 17:48:03.299, 0, 98 %, 87 %, 7025 MiB, 49140 MiB, 291.80 W, 300.00 W, 73, 1545 MHz
2026/09/23 17:48:04.299, 0, 98 %, 87 %, 7025 MiB, 49140 MiB, 292.16 W, 300.00 W, 73, 1680 MHz
2026/09/23 17:48:05.301, 0, 98 %, 87 %, 7025 MiB, 49140 MiB, 292.89 W, 300.00 W, 74, 1785 MHz
2026/09/23 17:48:06.301, 0, 97 %, 86 %, 7025 MiB, 49140 MiB, 291.01 W, 300.00 W, 72, 1635 MHz
2026/09/23 17:48:07.305, 0, 96 %, 85 %, 7025 MiB, 49140 MiB, 291.08 W, 300.00 W, 75, 1845 MHz
2026/09/23 17:48:08.306, 0, 97 %, 88 %, 7025 MiB, 49140 MiB, 290.99 W, 300.00 W, 73, 1620 MHz
2026/09/23 17:48:09.307, 0, 96 %, 86 %, 7025 MiB, 49140 MiB, 293.06 W, 300.00 W, 73, 1830 MHz
2026/09/23 17:48:10.308, 0, 98 %, 88 %, 7025 MiB, 49140 MiB, 292.41 W, 300.00 W, 73, 1935 MHz
2026/09/23 17:48:11.309, 0, 97 %, 87 %, 7025 MiB, 49140 MiB, 291.15 W, 300.00 W, 73, 1980 MHz
2026/09/23 17:48:12.310, 0, 98 %, 88 %, 7025 MiB, 49140 MiB, 291.85 W, 300.00 W, 74, 1605 MHz
2026/09/23 17:48:13.311, 0, 98 %, 86 %, 7025 MiB, 49140 MiB, 291.12 W, 300.00 W, 73, 1575 MHz
2026/09/23 17:48:14.311, 0, 94 %, 67 %, 7025 MiB, 49140 MiB, 297.78 W, 300.00 W, 74, 1485 MHz
2026/09/23 17:48:15.312, 0, 0 %, 0 %, 7025 MiB, 49140 MiB, 154.02 W, 300.00 W, 67, 2505 MHz
2026/09/23 17:48:16.313, 0, 97 %, 86 %, 7025 MiB, 49140 MiB, 252.27 W, 300.00 W, 73, 1620 MHz
2026/09/23 17:48:17.315, 0, 97 %, 87 %, 7025 MiB, 49140 MiB, 292.02 W, 300.00 W, 71, 1860 MHz
2026/09/23 17:48:18.316, 0, 98 %, 88 %, 7025 MiB, 49140 MiB, 291.35 W, 300.00 W, 73, 1920 MHz
2026/09/23 17:48:19.316, 0, 98 %, 89 %, 7025 MiB, 49140 MiB, 291.76 W, 300.00 W, 75, 2040 MHz
2026/09/23 17:48:20.317, 0, 97 %, 88 %, 7025 MiB, 49140 MiB, 290.31 W, 300.00 W, 73, 1905 MHz
2026/09/23 17:48:21.318, 0, 98 %, 88 %, 7025 MiB, 49140 MiB, 290.94 W, 300.00 W, 73, 1560 MHz
2026/09/23 17:48:22.319, 0, 96 %, 87 %, 7025 MiB, 49140 MiB, 291.37 W, 300.00 W, 72, 1860 MHz
2026/09/23 17:48:23.320, 0, 98 %, 88 %, 7025 MiB, 49140 MiB, 291.24 W, 300.00 W, 73, 1860 MHz
2026/09/23 17:48:24.320, 0, 98 %, 88 %, 7025 MiB, 49140 MiB, 289.93 W, 300.00 W, 74, 2040 MHz
2026/09/23 17:48:25.321, 0, 98 %, 87 %, 7025 MiB, 49140 MiB, 291.37 W, 300.00 W, 73, 1680 MHz
2026/09/23 17:48:26.322, 0, 96 %, 87 %, 7025 MiB, 49140 MiB, 293.55 W, 300.00 W, 73, 1560 MHz
2026/09/23 17:48:27.323, 0, 98 %, 88 %, 7025 MiB, 49140 MiB, 292.45 W, 300.00 W, 73, 1890 MHz
2026/09/23 17:48:28.324, 0, 98 %, 88 %, 7025 MiB, 49140 MiB, 292.02 W, 300.00 W, 73, 1815 MHz
2026/09/23 17:48:29.324, 0, 98 %, 88 %, 7025 MiB, 49140 MiB, 292.75 W, 300.00 W, 75, 1980 MHz
2026/09/23 17:48:30.325, 0, 98 %, 87 %, 7025 MiB, 49140 MiB, 291.79 W, 300.00 W, 73, 1635 MHz
2026/09/23 17:48:31.328, 0, 88 %, 77 %, 7025 MiB, 49140 MiB, 290.72 W, 300.00 W, 73, 1605 MHz
2026/09/23 17:48:32.329, 0, 97 %, 86 %, 7025 MiB, 49140 MiB, 291.74 W, 300.00 W, 72, 1860 MHz
2026/09/23 17:48:33.331, 0, 98 %, 89 %, 7025 MiB, 49140 MiB, 291.49 W, 300.00 W, 74, 1905 MHz
2026/09/23 17:48:34.331, 0, 98 %, 87 %, 7025 MiB, 49140 MiB, 292.18 W, 300.00 W, 73, 1890 MHz
2026/09/23 17:48:35.334, 0, 96 %, 86 %, 7025 MiB, 49140 MiB, 292.14 W, 300.00 W, 73, 1620 MHz
2026/09/23 17:48:36.335, 0, 97 %, 88 %, 7025 MiB, 49140 MiB, 292.46 W, 300.00 W, 72, 1875 MHz
2026/09/23 17:48:37.335, 0, 97 %, 87 %, 7025 MiB, 49140 MiB, 291.61 W, 300.00 W, 73, 2010 MHz
2026/09/23 17:48:38.337, 0, 98 %, 87 %, 7025 MiB, 49140 MiB, 291.90 W, 300.00 W, 75, 1920 MHz
2026/09/23 17:48:39.339, 0, 97 %, 87 %, 7025 MiB, 49140 MiB, 292.58 W, 300.00 W, 73, 1815 MHz
2026/09/23 17:48:40.339, 0, 99 %, 89 %, 7025 MiB, 49140 MiB, 293.53 W, 300.00 W, 73, 1575 MHz
2026/09/23 17:48:41.340, 0, 96 %, 67 %, 7025 MiB, 49140 MiB, 293.91 W, 300.00 W, 75, 1470 MHz
2026/09/23 17:48:42.341, 0, 0 %, 0 %, 7025 MiB, 49140 MiB, 242.77 W, 300.00 W, 68, 2730 MHz
2026/09/23 17:48:43.341, 0, 96 %, 85 %, 7025 MiB, 49140 MiB, 181.06 W, 300.00 W, 73, 1725 MHz
2026/09/23 17:48:44.342, 0, 97 %, 89 %, 7025 MiB, 49140 MiB, 290.30 W, 300.00 W, 72, 1890 MHz
2026/09/23 17:48:45.343, 0, 97 %, 85 %, 7025 MiB, 49140 MiB, 291.32 W, 300.00 W, 74, 1920 MHz
2026/09/23 17:48:46.344, 0, 97 %, 86 %, 7025 MiB, 49140 MiB, 292.24 W, 300.00 W, 72, 1905 MHz
2026/09/23 17:48:47.345, 0, 99 %, 89 %, 7025 MiB, 49140 MiB, 293.08 W, 300.00 W, 73, 1590 MHz
2026/09/23 17:48:48.346, 0, 97 %, 86 %, 7025 MiB, 49140 MiB, 293.27 W, 300.00 W, 72, 1830 MHz
2026/09/23 17:48:49.347, 0, 98 %, 88 %, 7025 MiB, 49140 MiB, 291.59 W, 300.00 W, 73, 1935 MHz
2026/09/23 17:48:50.348, 0, 98 %, 86 %, 7025 MiB, 49140 MiB, 292.70 W, 300.00 W, 74, 1905 MHz
2026/09/23 17:48:51.348, 0, 97 %, 87 %, 7025 MiB, 49140 MiB, 292.22 W, 300.00 W, 73, 1845 MHz
2026/09/23 17:48:52.350, 0, 96 %, 86 %, 7025 MiB, 49140 MiB, 292.60 W, 300.00 W, 73, 1545 MHz
2026/09/23 17:48:53.351, 0, 98 %, 87 %, 7025 MiB, 49140 MiB, 292.66 W, 300.00 W, 72, 1935 MHz
2026/09/23 17:48:54.352, 0, 98 %, 88 %, 7025 MiB, 49140 MiB, 291.98 W, 300.00 W, 73, 1875 MHz
2026/09/23 17:48:55.353, 0, 98 %, 87 %, 7025 MiB, 49140 MiB, 292.92 W, 300.00 W, 74, 1890 MHz
2026/09/23 17:48:56.355, 0, 96 %, 88 %, 7025 MiB, 49140 MiB, 292.05 W, 300.00 W, 73, 1740 MHz
2026/09/23 17:48:57.355, 0, 99 %, 87 %, 7025 MiB, 49140 MiB, 293.76 W, 300.00 W, 73, 1530 MHz
2026/09/23 17:48:58.356, 0, 97 %, 90 %, 7025 MiB, 49140 MiB, 290.67 W, 300.00 W, 72, 1830 MHz
2026/09/23 17:48:59.357, 0, 98 %, 86 %, 7025 MiB, 49140 MiB, 290.65 W, 300.00 W, 74, 1590 MHz
2026/09/23 17:49:00.358, 0, 98 %, 87 %, 7025 MiB, 49140 MiB, 291.75 W, 300.00 W, 73, 1860 MHz
2026/09/23 17:49:01.359, 0, 99 %, 89 %, 7025 MiB, 49140 MiB, 292.70 W, 300.00 W, 73, 1620 MHz
2026/09/23 17:49:02.360, 0, 98 %, 87 %, 7025 MiB, 49140 MiB, 291.80 W, 300.00 W, 73, 1905 MHz
2026/09/23 17:49:03.363, 0, 97 %, 86 %, 7025 MiB, 49140 MiB, 290.15 W, 300.00 W, 73, 1665 MHz
2026/09/23 17:49:04.363, 0, 98 %, 86 %, 7025 MiB, 49140 MiB, 291.89 W, 300.00 W, 74, 1620 MHz
2026/09/23 17:49:05.366, 0, 95 %, 85 %, 7025 MiB, 49140 MiB, 291.73 W, 300.00 W, 73, 2070 MHz
2026/09/23 17:49:06.366, 0, 97 %, 86 %, 7025 MiB, 49140 MiB, 292.09 W, 300.00 W, 73, 1575 MHz
2026/09/23 17:49:07.367, 0, 98 %, 88 %, 7025 MiB, 49140 MiB, 291.99 W, 300.00 W, 73, 1905 MHz
2026/09/23 17:49:08.368, 0, 96 %, 85 %, 7025 MiB, 49140 MiB, 292.57 W, 300.00 W, 75, 1770 MHz
2026/09/23 17:49:09.369, 0, 96 %, 66 %, 7025 MiB, 49140 MiB, 298.52 W, 300.00 W, 73, 1440 MHz
2026/09/23 17:49:10.370, 0, 0 %, 0 %, 7025 MiB, 49140 MiB, 156.63 W, 300.00 W, 67, 2730 MHz
2026/09/23 17:49:11.371, 0, 98 %, 86 %, 7025 MiB, 49140 MiB, 264.95 W, 300.00 W, 74, 1830 MHz
2026/09/23 17:49:12.372, 0, 97 %, 85 %, 7025 MiB, 49140 MiB, 292.21 W, 300.00 W, 73, 1620 MHz
2026/09/23 17:49:13.372, 0, 99 %, 88 %, 7025 MiB, 49140 MiB, 291.99 W, 300.00 W, 73, 1830 MHz
2026/09/23 17:49:14.373, 0, 98 %, 86 %, 7025 MiB, 49140 MiB, 293.75 W, 300.00 W, 73, 1560 MHz
2026/09/23 17:49:15.374, 0, 97 %, 90 %, 7025 MiB, 49140 MiB, 292.35 W, 300.00 W, 72, 1650 MHz
2026/09/23 17:49:16.376, 0, 97 %, 85 %, 7025 MiB, 49140 MiB, 291.12 W, 300.00 W, 75, 1950 MHz
2026/09/23 17:49:17.377, 0, 96 %, 88 %, 7025 MiB, 49140 MiB, 291.87 W, 300.00 W, 73, 2070 MHz
2026/09/23 17:49:18.378, 0, 98 %, 87 %, 7025 MiB, 49140 MiB, 293.94 W, 300.00 W, 73, 1650 MHz
2026/09/23 17:49:19.378, 0, 95 %, 86 %, 7025 MiB, 49140 MiB, 291.72 W, 300.00 W, 72, 1545 MHz
2026/09/23 17:49:20.379, 0, 96 %, 84 %, 7025 MiB, 49140 MiB, 290.00 W, 300.00 W, 74, 1815 MHz
2026/09/23 17:49:21.380, 0, 97 %, 88 %, 7025 MiB, 49140 MiB, 290.13 W, 300.00 W, 73, 1995 MHz
2026/09/23 17:49:22.381, 0, 98 %, 87 %, 7025 MiB, 49140 MiB, 292.72 W, 300.00 W, 73, 1740 MHz
2026/09/23 17:49:23.382, 0, 97 %, 87 %, 7025 MiB, 49140 MiB, 290.52 W, 300.00 W, 71, 1530 MHz
2026/09/23 17:49:24.382, 0, 97 %, 87 %, 7025 MiB, 49140 MiB, 292.36 W, 300.00 W, 73, 1845 MHz
2026/09/23 17:49:25.383, 0, 97 %, 86 %, 7025 MiB, 49140 MiB, 292.77 W, 300.00 W, 74, 1665 MHz
2026/09/23 17:49:26.384, 0, 98 %, 88 %, 7025 MiB, 49140 MiB, 291.42 W, 300.00 W, 72, 2010 MHz
2026/09/23 17:49:27.385, 0, 97 %, 85 %, 7025 MiB, 49140 MiB, 293.09 W, 300.00 W, 74, 1575 MHz
2026/09/23 17:49:28.386, 0, 97 %, 89 %, 7025 MiB, 49140 MiB, 290.15 W, 300.00 W, 73, 1815 MHz
2026/09/23 17:49:29.387, 0, 98 %, 86 %, 7025 MiB, 49140 MiB, 292.31 W, 300.00 W, 75, 1875 MHz
2026/09/23 17:49:30.390, 0, 98 %, 85 %, 7025 MiB, 49140 MiB, 293.61 W, 300.00 W, 73, 1710 MHz
2026/09/23 17:49:31.391, 0, 99 %, 88 %, 7025 MiB, 49140 MiB, 292.08 W, 300.00 W, 73, 1875 MHz
2026/09/23 17:49:32.392, 0, 96 %, 86 %, 7025 MiB, 49140 MiB, 292.01 W, 300.00 W, 73, 1530 MHz
2026/09/23 17:49:33.394, 0, 97 %, 86 %, 7025 MiB, 49140 MiB, 291.60 W, 300.00 W, 73, 1875 MHz
2026/09/23 17:49:34.394, 0, 95 %, 84 %, 7025 MiB, 49140 MiB, 290.91 W, 300.00 W, 74, 1605 MHz
2026/09/23 17:49:35.397, 0, 98 %, 86 %, 7025 MiB, 49140 MiB, 290.61 W, 300.00 W, 73, 1980 MHz
2026/09/23 17:49:36.398, 0, 96 %, 67 %, 7025 MiB, 49140 MiB, 295.59 W, 300.00 W, 75, 1470 MHz
2026/09/23 17:49:37.399, 0, 0 %, 0 %, 7025 MiB, 49140 MiB, 259.61 W, 300.00 W, 68, 2505 MHz
2026/09/23 17:49:38.399, 0, 99 %, 88 %, 7025 MiB, 49140 MiB, 153.13 W, 300.00 W, 72, 1695 MHz
2026/09/23 17:49:39.401, 0, 97 %, 87 %, 7025 MiB, 49140 MiB, 291.96 W, 300.00 W, 72, 1560 MHz
2026/09/23 17:49:40.402, 0, 97 %, 85 %, 7025 MiB, 49140 MiB, 287.92 W, 300.00 W, 74, 1905 MHz
2026/09/23 17:49:41.403, 0, 97 %, 85 %, 7025 MiB, 49140 MiB, 292.06 W, 300.00 W, 73, 1860 MHz
2026/09/23 17:49:42.405, 0, 98 %, 86 %, 7025 MiB, 49140 MiB, 292.57 W, 300.00 W, 72, 1965 MHz
2026/09/23 17:49:43.406, 0, 98 %, 85 %, 7025 MiB, 49140 MiB, 292.56 W, 300.00 W, 74, 1590 MHz
2026/09/23 17:49:44.407, 0, 93 %, 88 %, 7025 MiB, 49140 MiB, 291.08 W, 300.00 W, 71, 1800 MHz
2026/09/23 17:49:45.408, 0, 96 %, 85 %, 7025 MiB, 49140 MiB, 290.29 W, 300.00 W, 74, 2040 MHz
2026/09/23 17:49:46.409, 0, 98 %, 87 %, 7025 MiB, 49140 MiB, 291.92 W, 300.00 W, 73, 1890 MHz
2026/09/23 17:49:47.411, 0, 99 %, 89 %, 7025 MiB, 49140 MiB, 293.30 W, 300.00 W, 73, 1935 MHz
2026/09/23 17:49:48.413, 0, 98 %, 87 %, 7025 MiB, 49140 MiB, 292.56 W, 300.00 W, 72, 1545 MHz
2026/09/23 17:49:49.413, 0, 98 %, 88 %, 7025 MiB, 49140 MiB, 292.06 W, 300.00 W, 73, 1905 MHz
2026/09/23 17:49:50.415, 0, 97 %, 86 %, 7025 MiB, 49140 MiB, 292.49 W, 300.00 W, 75, 1965 MHz
2026/09/23 17:49:51.415, 0, 96 %, 87 %, 7025 MiB, 49140 MiB, 291.67 W, 300.00 W, 73, 2055 MHz
2026/09/23 17:49:52.416, 0, 98 %, 87 %, 7025 MiB, 49140 MiB, 293.67 W, 300.00 W, 73, 1635 MHz
2026/09/23 17:49:53.417, 0, 97 %, 88 %, 7025 MiB, 49140 MiB, 292.19 W, 300.00 W, 71, 1590 MHz
2026/09/23 17:49:54.418, 0, 98 %, 86 %, 7025 MiB, 49140 MiB, 291.91 W, 300.00 W, 73, 1545 MHz
2026/09/23 17:49:55.420, 0, 98 %, 86 %, 7025 MiB, 49140 MiB, 292.26 W, 300.00 W, 73, 1770 MHz
2026/09/23 17:49:56.421, 0, 99 %, 88 %, 7025 MiB, 49140 MiB, 291.78 W, 300.00 W, 73, 1980 MHz
2026/09/23 17:49:57.422, 0, 98 %, 89 %, 7025 MiB, 49140 MiB, 291.75 W, 300.00 W, 72, 1605 MHz
2026/09/23 17:49:58.422, 0, 93 %, 82 %, 7025 MiB, 49140 MiB, 290.58 W, 300.00 W, 73, 1635 MHz
2026/09/23 17:49:59.424, 0, 98 %, 87 %, 7025 MiB, 49140 MiB, 291.32 W, 300.00 W, 73, 1890 MHz
2026/09/23 17:50:00.425, 0, 99 %, 89 %, 7025 MiB, 49140 MiB, 293.50 W, 300.00 W, 73, 1920 MHz
2026/09/23 17:50:01.426, 0, 97 %, 86 %, 7025 MiB, 49140 MiB, 293.24 W, 300.00 W, 73, 1725 MHz
2026/09/23 17:50:02.427, 0, 97 %, 87 %, 7025 MiB, 49140 MiB, 291.84 W, 300.00 W, 73, 1530 MHz
2026/09/23 17:50:03.428, 0, 96 %, 85 %, 7025 MiB, 49140 MiB, 293.01 W, 300.00 W, 74, 1920 MHz
2026/09/23 17:50:04.429, 0, 96 %, 68 %, 7025 MiB, 49140 MiB, 297.33 W, 300.00 W, 73, 1410 MHz
2026/09/23 17:50:05.429, 0, 0 %, 0 %, 7025 MiB, 49140 MiB, 176.13 W, 300.00 W, 67, 2730 MHz
2026/09/23 17:50:06.430, 0, 97 %, 86 %, 7025 MiB, 49140 MiB, 245.58 W, 300.00 W, 73, 1890 MHz
2026/09/23 17:50:07.432, 0, 99 %, 87 %, 7025 MiB, 49140 MiB, 288.96 W, 300.00 W, 72, 1845 MHz
2026/09/23 17:50:08.433, 0, 97 %, 84 %, 7025 MiB, 49140 MiB, 293.17 W, 300.00 W, 72, 1830 MHz
2026/09/23 17:50:09.434, 0, 97 %, 88 %, 7025 MiB, 49140 MiB, 290.22 W, 300.00 W, 73, 1560 MHz
2026/09/23 17:50:10.434, 0, 98 %, 88 %, 7025 MiB, 49140 MiB, 292.46 W, 300.00 W, 75, 1875 MHz
2026/09/23 17:50:11.435, 0, 97 %, 86 %, 7025 MiB, 49140 MiB, 293.17 W, 300.00 W, 72, 1935 MHz
2026/09/23 17:50:12.436, 0, 97 %, 86 %, 7025 MiB, 49140 MiB, 292.56 W, 300.00 W, 73, 2115 MHz
2026/09/23 17:50:13.437, 0, 96 %, 89 %, 7025 MiB, 49140 MiB, 290.92 W, 300.00 W, 72, 1620 MHz
2026/09/23 17:50:14.437, 0, 97 %, 85 %, 7025 MiB, 49140 MiB, 291.12 W, 300.00 W, 74, 1590 MHz
2026/09/23 17:50:15.438, 0, 97 %, 86 %, 7025 MiB, 49140 MiB, 291.33 W, 300.00 W, 73, 1935 MHz
2026/09/23 17:50:16.439, 0, 99 %, 88 %, 7025 MiB, 49140 MiB, 293.54 W, 300.00 W, 73, 1860 MHz
2026/09/23 17:50:17.440, 0, 98 %, 86 %, 7025 MiB, 49140 MiB, 293.61 W, 300.00 W, 72, 1875 MHz
2026/09/23 17:50:18.444, 0, 97 %, 87 %, 7025 MiB, 49140 MiB, 291.68 W, 300.00 W, 73, 1545 MHz
2026/09/23 17:50:19.445, 0, 97 %, 86 %, 7025 MiB, 49140 MiB, 292.80 W, 300.00 W, 74, 1875 MHz
2026/09/23 17:50:20.446, 0, 97 %, 89 %, 7025 MiB, 49140 MiB, 292.35 W, 300.00 W, 73, 1665 MHz
2026/09/23 17:50:21.446, 0, 97 %, 85 %, 7025 MiB, 49140 MiB, 293.17 W, 300.00 W, 74, 2010 MHz
2026/09/23 17:50:22.448, 0, 98 %, 90 %, 7025 MiB, 49140 MiB, 291.91 W, 300.00 W, 72, 1560 MHz
2026/09/23 17:50:23.448, 0, 97 %, 85 %, 7025 MiB, 49140 MiB, 291.22 W, 300.00 W, 75, 1920 MHz
2026/09/23 17:50:24.449, 0, 97 %, 89 %, 7025 MiB, 49140 MiB, 292.02 W, 300.00 W, 73, 1665 MHz
2026/09/23 17:50:25.450, 0, 98 %, 86 %, 7025 MiB, 49140 MiB, 292.35 W, 300.00 W, 73, 1995 MHz
2026/09/23 17:50:26.450, 0, 97 %, 88 %, 7025 MiB, 49140 MiB, 290.96 W, 300.00 W, 73, 1575 MHz
2026/09/23 17:50:27.452, 0, 98 %, 86 %, 7025 MiB, 49140 MiB, 292.75 W, 300.00 W, 74, 1920 MHz
2026/09/23 17:50:28.452, 0, 97 %, 87 %, 7025 MiB, 49140 MiB, 290.61 W, 300.00 W, 72, 1650 MHz
2026/09/23 17:50:29.453, 0, 98 %, 85 %, 7025 MiB, 49140 MiB, 293.39 W, 300.00 W, 73, 1935 MHz
2026/09/23 17:50:30.453, 0, 98 %, 89 %, 7025 MiB, 49140 MiB, 291.66 W, 300.00 W, 73, 1620 MHz
2026/09/23 17:50:31.458, 0, 95 %, 69 %, 7025 MiB, 49140 MiB, 293.74 W, 300.00 W, 75, 1455 MHz
2026/09/23 17:50:32.459, 0, 51 %, 37 %, 7025 MiB, 49140 MiB, 289.25 W, 300.00 W, 69, 2670 MHz
2026/09/23 17:50:33.459, 0, 0 %, 0 %, 7025 MiB, 49140 MiB, 98.46 W, 300.00 W, 67, 2730 MHz
2026/09/23 17:50:34.460, 0, 98 %, 89 %, 7025 MiB, 49140 MiB, 192.22 W, 300.00 W, 72, 1875 MHz
2026/09/23 17:50:35.461, 0, 98 %, 87 %, 7025 MiB, 49140 MiB, 291.45 W, 300.00 W, 73, 1575 MHz
2026/09/23 17:50:36.463, 0, 98 %, 87 %, 7025 MiB, 49140 MiB, 289.83 W, 300.00 W, 72, 1800 MHz
2026/09/23 17:50:37.464, 0, 98 %, 89 %, 7025 MiB, 49140 MiB, 290.09 W, 300.00 W, 72, 1665 MHz
2026/09/23 17:50:38.465, 0, 97 %, 85 %, 7025 MiB, 49140 MiB, 290.69 W, 300.00 W, 73, 1995 MHz
2026/09/23 17:50:39.465, 0, 98 %, 90 %, 7025 MiB, 49140 MiB, 289.90 W, 300.00 W, 72, 1560 MHz
2026/09/23 17:50:40.466, 0, 98 %, 87 %, 7025 MiB, 49140 MiB, 290.50 W, 300.00 W, 74, 1875 MHz
2026/09/23 17:50:41.467, 0, 97 %, 89 %, 7025 MiB, 49140 MiB, 292.31 W, 300.00 W, 73, 1740 MHz
2026/09/23 17:50:42.469, 0, 97 %, 86 %, 7025 MiB, 49140 MiB, 293.60 W, 300.00 W, 73, 2010 MHz
2026/09/23 17:50:43.471, 0, 98 %, 89 %, 7025 MiB, 49140 MiB, 292.34 W, 300.00 W, 71, 1995 MHz
2026/09/23 17:50:44.471, 0, 97 %, 86 %, 7025 MiB, 49140 MiB, 291.48 W, 300.00 W, 73, 1575 MHz
2026/09/23 17:50:45.472, 0, 92 %, 81 %, 7025 MiB, 49140 MiB, 290.14 W, 300.00 W, 73, 1665 MHz
2026/09/23 17:50:46.473, 0, 98 %, 87 %, 7025 MiB, 49140 MiB, 291.81 W, 300.00 W, 72, 1740 MHz
2026/09/23 17:50:47.474, 0, 97 %, 85 %, 7025 MiB, 49140 MiB, 293.71 W, 300.00 W, 74, 1575 MHz
2026/09/23 17:50:48.475, 0, 94 %, 89 %, 7025 MiB, 49140 MiB, 291.44 W, 300.00 W, 72, 1860 MHz
2026/09/23 17:50:49.476, 0, 97 %, 86 %, 7025 MiB, 49140 MiB, 291.45 W, 300.00 W, 74, 1575 MHz
2026/09/23 17:50:50.479, 0, 96 %, 86 %, 7025 MiB, 49140 MiB, 293.02 W, 300.00 W, 73, 1845 MHz
2026/09/23 17:50:51.480, 0, 99 %, 88 %, 7025 MiB, 49140 MiB, 293.37 W, 300.00 W, 73, 1995 MHz
2026/09/23 17:50:52.481, 0, 98 %, 87 %, 7025 MiB, 49140 MiB, 291.04 W, 300.00 W, 71, 2145 MHz
2026/09/23 17:50:53.482, 0, 98 %, 87 %, 7025 MiB, 49140 MiB, 291.98 W, 300.00 W, 73, 1620 MHz
2026/09/23 17:50:54.482, 0, 96 %, 85 %, 7025 MiB, 49140 MiB, 291.94 W, 300.00 W, 73, 1560 MHz
2026/09/23 17:50:55.483, 0, 99 %, 87 %, 7025 MiB, 49140 MiB, 291.88 W, 300.00 W, 73, 1890 MHz
2026/09/23 17:50:56.484, 0, 98 %, 86 %, 7025 MiB, 49140 MiB, 293.33 W, 300.00 W, 73, 1950 MHz
2026/09/23 17:50:57.485, 0, 97 %, 87 %, 7025 MiB, 49140 MiB, 291.72 W, 300.00 W, 73, 1755 MHz
2026/09/23 17:50:58.485, 0, 94 %, 84 %, 7025 MiB, 49140 MiB, 292.33 W, 300.00 W, 74, 1530 MHz
2026/09/23 17:50:59.486, 0, 96 %, 86 %, 7025 MiB, 49140 MiB, 292.44 W, 300.00 W, 74, 1785 MHz
2026/09/23 17:51:00.486, 0, 96 %, 67 %, 7025 MiB, 49140 MiB, 298.22 W, 300.00 W, 74, 1320 MHz
2026/09/23 17:51:01.487, 0, 0 %, 0 %, 7025 MiB, 49140 MiB, 132.50 W, 300.00 W, 66, 2505 MHz
2026/09/23 17:51:02.487, 0, 96 %, 86 %, 7025 MiB, 49140 MiB, 114.07 W, 300.00 W, 71, 1920 MHz
2026/09/23 17:51:03.488, 0, 98 %, 88 %, 7025 MiB, 49140 MiB, 291.33 W, 300.00 W, 72, 2025 MHz
2026/09/23 17:51:04.489, 0, 96 %, 86 %, 7025 MiB, 49140 MiB, 289.95 W, 300.00 W, 71, 1965 MHz
2026/09/23 17:51:05.490, 0, 97 %, 89 %, 7025 MiB, 49140 MiB, 290.44 W, 300.00 W, 72, 1875 MHz
2026/09/23 17:51:06.492, 0, 98 %, 86 %, 7025 MiB, 49140 MiB, 289.68 W, 300.00 W, 73, 1575 MHz
2026/09/23 17:51:07.493, 0, 97 %, 85 %, 7025 MiB, 49140 MiB, 289.40 W, 300.00 W, 72, 1755 MHz
2026/09/23 17:51:08.494, 0, 97 %, 86 %, 7025 MiB, 49140 MiB, 289.69 W, 300.00 W, 72, 1785 MHz
2026/09/23 17:51:09.496, 0, 97 %, 85 %, 7025 MiB, 49140 MiB, 290.82 W, 300.00 W, 73, 1605 MHz
2026/09/23 17:51:10.497, 0, 95 %, 86 %, 7025 MiB, 49140 MiB, 289.20 W, 300.00 W, 73, 1770 MHz
2026/09/23 17:51:11.498, 0, 98 %, 87 %, 7025 MiB, 49140 MiB, 290.80 W, 300.00 W, 73, 1560 MHz
2026/09/23 17:51:12.499, 0, 97 %, 89 %, 7025 MiB, 49140 MiB, 292.06 W, 300.00 W, 72, 1785 MHz
2026/09/23 17:51:13.501, 0, 97 %, 85 %, 7025 MiB, 49140 MiB, 291.62 W, 300.00 W, 73, 1650 MHz
2026/09/23 17:51:14.502, 0, 97 %, 88 %, 7025 MiB, 49140 MiB, 289.88 W, 300.00 W, 71, 1980 MHz
2026/09/23 17:51:15.503, 0, 97 %, 87 %, 7025 MiB, 49140 MiB, 290.59 W, 300.00 W, 73, 1620 MHz
2026/09/23 17:51:16.503, 0, 97 %, 87 %, 7025 MiB, 49140 MiB, 292.24 W, 300.00 W, 73, 1575 MHz
2026/09/23 17:51:17.504, 0, 97 %, 87 %, 7025 MiB, 49140 MiB, 291.57 W, 300.00 W, 72, 1770 MHz
2026/09/23 17:51:18.504, 0, 98 %, 86 %, 7025 MiB, 49140 MiB, 294.38 W, 300.00 W, 73, 1620 MHz
2026/09/23 17:51:19.505, 0, 97 %, 90 %, 7025 MiB, 49140 MiB, 291.18 W, 300.00 W, 72, 1965 MHz
2026/09/23 17:51:20.506, 0, 98 %, 86 %, 7025 MiB, 49140 MiB, 291.25 W, 300.00 W, 75, 1560 MHz
2026/09/23 17:51:21.507, 0, 97 %, 86 %, 7025 MiB, 49140 MiB, 293.23 W, 300.00 W, 73, 1875 MHz
2026/09/23 17:51:22.508, 0, 93 %, 83 %, 7025 MiB, 49140 MiB, 292.29 W, 300.00 W, 73, 1635 MHz
2026/09/23 17:51:23.508, 0, 93 %, 88 %, 7025 MiB, 49140 MiB, 289.26 W, 300.00 W, 72, 1995 MHz
2026/09/23 17:51:24.509, 0, 95 %, 83 %, 7025 MiB, 49140 MiB, 289.92 W, 300.00 W, 74, 1590 MHz
2026/09/23 17:51:25.511, 0, 97 %, 88 %, 7025 MiB, 49140 MiB, 291.76 W, 300.00 W, 73, 1860 MHz
2026/09/23 17:51:26.512, 0, 99 %, 87 %, 7025 MiB, 49140 MiB, 294.20 W, 300.00 W, 73, 1695 MHz
2026/09/23 17:51:27.514, 0, 97 %, 87 %, 7025 MiB, 49140 MiB, 292.61 W, 300.00 W, 71, 2010 MHz
2026/09/23 17:51:28.514, 0, 95 %, 67 %, 7025 MiB, 49140 MiB, 295.34 W, 300.00 W, 73, 1560 MHz
2026/09/23 17:51:29.516, 0, 0 %, 0 %, 7025 MiB, 49140 MiB, 208.67 W, 300.00 W, 67, 2730 MHz
2026/09/23 17:51:30.516, 0, 98 %, 86 %, 7025 MiB, 49140 MiB, 172.04 W, 300.00 W, 73, 1605 MHz
2026/09/23 17:51:31.517, 0, 98 %, 87 %, 7025 MiB, 49140 MiB, 292.84 W, 300.00 W, 73, 1530 MHz
2026/09/23 17:51:32.519, 0, 95 %, 84 %, 7025 MiB, 49140 MiB, 291.20 W, 300.00 W, 72, 1635 MHz
2026/09/23 17:51:33.520, 0, 98 %, 85 %, 7025 MiB, 49140 MiB, 293.53 W, 300.00 W, 73, 1875 MHz
2026/09/23 17:51:34.521, 0, 97 %, 90 %, 7025 MiB, 49140 MiB, 292.22 W, 300.00 W, 72, 1695 MHz
2026/09/23 17:51:35.522, 0, 98 %, 86 %, 7025 MiB, 49140 MiB, 291.70 W, 300.00 W, 74, 1875 MHz
2026/09/23 17:51:36.523, 0, 97 %, 85 %, 7025 MiB, 49140 MiB, 292.90 W, 300.00 W, 72, 1575 MHz
2026/09/23 17:51:37.524, 0, 96 %, 85 %, 7025 MiB, 49140 MiB, 291.40 W, 300.00 W, 73, 1815 MHz
2026/09/23 17:51:38.525, 0, 98 %, 90 %, 7025 MiB, 49140 MiB, 290.26 W, 300.00 W, 72, 1635 MHz
2026/09/23 17:51:39.526, 0, 97 %, 85 %, 7025 MiB, 49140 MiB, 292.33 W, 300.00 W, 74, 1815 MHz
2026/09/23 17:51:40.526, 0, 95 %, 89 %, 7025 MiB, 49140 MiB, 290.55 W, 300.00 W, 72, 1530 MHz
2026/09/23 17:51:41.528, 0, 92 %, 80 %, 7025 MiB, 49140 MiB, 292.12 W, 300.00 W, 72, 2070 MHz
2026/09/23 17:51:42.529, 0, 98 %, 86 %, 7025 MiB, 49140 MiB, 287.45 W, 300.00 W, 73, 2025 MHz
2026/09/23 17:51:43.529, 0, 97 %, 85 %, 7025 MiB, 49140 MiB, 292.31 W, 300.00 W, 73, 1575 MHz
2026/09/23 17:51:44.530, 0, 98 %, 87 %, 7025 MiB, 49140 MiB, 290.67 W, 300.00 W, 73, 1830 MHz
2026/09/23 17:51:45.531, 0, 96 %, 90 %, 7025 MiB, 49140 MiB, 291.39 W, 300.00 W, 72, 1575 MHz
2026/09/23 17:51:46.532, 0, 97 %, 85 %, 7025 MiB, 49140 MiB, 290.82 W, 300.00 W, 74, 1875 MHz
2026/09/23 17:51:47.532, 0, 97 %, 87 %, 7025 MiB, 49140 MiB, 292.11 W, 300.00 W, 73, 1545 MHz
2026/09/23 17:51:48.534, 0, 99 %, 87 %, 7025 MiB, 49140 MiB, 293.19 W, 300.00 W, 73, 1890 MHz
2026/09/23 17:51:49.535, 0, 97 %, 87 %, 7025 MiB, 49140 MiB, 292.60 W, 300.00 W, 71, 1650 MHz
2026/09/23 17:51:50.536, 0, 98 %, 86 %, 7025 MiB, 49140 MiB, 290.20 W, 300.00 W, 74, 1950 MHz
2026/09/23 17:51:51.537, 0, 98 %, 86 %, 7025 MiB, 49140 MiB, 293.31 W, 300.00 W, 73, 1560 MHz
2026/09/23 17:51:52.540, 0, 99 %, 87 %, 7025 MiB, 49140 MiB, 292.30 W, 300.00 W, 73, 1770 MHz
2026/09/23 17:51:53.541, 0, 98 %, 86 %, 7025 MiB, 49140 MiB, 293.80 W, 300.00 W, 72, 1890 MHz
2026/09/23 17:51:54.543, 0, 97 %, 87 %, 7025 MiB, 49140 MiB, 291.52 W, 300.00 W, 73, 2010 MHz
2026/09/23 17:51:55.543, 0, 98 %, 87 %, 7025 MiB, 49140 MiB, 292.65 W, 300.00 W, 74, 1575 MHz
2026/09/23 17:51:56.544, 0, 96 %, 67 %, 7025 MiB, 49140 MiB, 296.29 W, 300.00 W, 74, 1380 MHz
2026/09/23 17:51:57.545, 0, 0 %, 0 %, 7025 MiB, 49140 MiB, 178.30 W, 300.00 W, 67, 2745 MHz
2026/09/23 17:51:58.547, 0, 98 %, 87 %, 7025 MiB, 49140 MiB, 249.45 W, 300.00 W, 74, 1650 MHz
2026/09/23 17:51:59.548, 0, 98 %, 89 %, 7025 MiB, 49140 MiB, 291.09 W, 300.00 W, 72, 1560 MHz
2026/09/23 17:52:00.548, 0, 96 %, 84 %, 7025 MiB, 49140 MiB, 293.57 W, 300.00 W, 73, 1800 MHz
2026/09/23 17:52:01.549, 0, 97 %, 87 %, 7025 MiB, 49140 MiB, 290.13 W, 300.00 W, 73, 1965 MHz
2026/09/23 17:52:02.550, 0, 98 %, 86 %, 7025 MiB, 49140 MiB, 292.60 W, 300.00 W, 74, 1605 MHz
2026/09/23 17:52:03.555, 0, 98 %, 88 %, 7025 MiB, 49140 MiB, 291.46 W, 300.00 W, 73, 1560 MHz
2026/09/23 17:52:04.556, 0, 96 %, 84 %, 7025 MiB, 49140 MiB, 292.30 W, 300.00 W, 72, 1905 MHz
2026/09/23 17:52:05.557, 0, 97 %, 88 %, 7025 MiB, 49140 MiB, 291.68 W, 300.00 W, 73, 1935 MHz
2026/09/23 17:52:06.558, 0, 97 %, 85 %, 7025 MiB, 49140 MiB, 291.89 W, 300.00 W, 74, 1590 MHz
2026/09/23 17:52:07.560, 0, 96 %, 88 %, 7025 MiB, 49140 MiB, 292.04 W, 300.00 W, 73, 1560 MHz
2026/09/23 17:52:08.561, 0, 96 %, 84 %, 7025 MiB, 49140 MiB, 293.33 W, 300.00 W, 74, 1755 MHz
2026/09/23 17:52:09.562, 0, 96 %, 88 %, 7025 MiB, 49140 MiB, 290.72 W, 300.00 W, 73, 1920 MHz
2026/09/23 17:52:10.562, 0, 97 %, 85 %, 7025 MiB, 49140 MiB, 291.77 W, 300.00 W, 74, 1635 MHz
2026/09/23 17:52:11.563, 0, 97 %, 88 %, 7025 MiB, 49140 MiB, 291.94 W, 300.00 W, 72, 1500 MHz
2026/09/23 17:52:12.564, 0, 97 %, 84 %, 7025 MiB, 49140 MiB, 293.05 W, 300.00 W, 74, 1800 MHz
2026/09/23 17:52:13.565, 0, 97 %, 88 %, 7025 MiB, 49140 MiB, 290.96 W, 300.00 W, 73, 1965 MHz
2026/09/23 17:52:14.567, 0, 96 %, 85 %, 7025 MiB, 49140 MiB, 292.08 W, 300.00 W, 74, 1665 MHz
2026/09/23 17:52:15.567, 0, 96 %, 88 %, 7025 MiB, 49140 MiB, 291.83 W, 300.00 W, 73, 1560 MHz
2026/09/23 17:52:16.568, 0, 97 %, 84 %, 7025 MiB, 49140 MiB, 292.57 W, 300.00 W, 72, 2055 MHz
2026/09/23 17:52:17.569, 0, 98 %, 89 %, 7025 MiB, 49140 MiB, 291.52 W, 300.00 W, 73, 1860 MHz
2026/09/23 17:52:18.569, 0, 96 %, 85 %, 7025 MiB, 49140 MiB, 292.92 W, 300.00 W, 75, 1770 MHz
2026/09/23 17:52:19.570, 0, 98 %, 87 %, 7025 MiB, 49140 MiB, 292.97 W, 300.00 W, 73, 1530 MHz
2026/09/23 17:52:20.571, 0, 99 %, 88 %, 7025 MiB, 49140 MiB, 292.79 W, 300.00 W, 73, 1845 MHz
2026/09/23 17:52:21.572, 0, 98 %, 86 %, 7025 MiB, 49140 MiB, 291.36 W, 300.00 W, 72, 1845 MHz
2026/09/23 17:52:22.572, 0, 97 %, 87 %, 7025 MiB, 49140 MiB, 291.68 W, 300.00 W, 73, 1755 MHz
2026/09/23 17:52:23.575, 0, 91 %, 66 %, 7025 MiB, 49140 MiB, 294.45 W, 300.00 W, 74, 1695 MHz
2026/09/23 17:52:24.576, 0, 49 %, 35 %, 7025 MiB, 49140 MiB, 289.60 W, 300.00 W, 69, 2685 MHz
2026/09/23 17:52:25.576, 0, 98 %, 87 %, 7025 MiB, 49140 MiB, 143.12 W, 300.00 W, 74, 2025 MHz
2026/09/23 17:52:26.577, 0, 98 %, 87 %, 7025 MiB, 49140 MiB, 292.38 W, 300.00 W, 73, 1830 MHz
2026/09/23 17:52:27.578, 0, 99 %, 88 %, 7025 MiB, 49140 MiB, 292.89 W, 300.00 W, 72, 1545 MHz
2026/09/23 17:52:28.579, 0, 97 %, 86 %, 7025 MiB, 49140 MiB, 290.17 W, 300.00 W, 71, 1830 MHz
2026/09/23 17:52:29.579, 0, 98 %, 86 %, 7025 MiB, 49140 MiB, 290.91 W, 300.00 W, 73, 1680 MHz
2026/09/23 17:52:30.580, 0, 97 %, 86 %, 7025 MiB, 49140 MiB, 293.24 W, 300.00 W, 74, 2115 MHz
2026/09/23 17:52:31.581, 0, 99 %, 89 %, 7025 MiB, 49140 MiB, 290.47 W, 300.00 W, 73, 1575 MHz
2026/09/23 17:52:32.583, 0, 98 %, 87 %, 7025 MiB, 49140 MiB, 291.15 W, 300.00 W, 71, 1755 MHz
2026/09/23 17:52:33.583, 0, 97 %, 86 %, 7025 MiB, 49140 MiB, 291.28 W, 300.00 W, 73, 1635 MHz
2026/09/23 17:52:34.584, 0, 96 %, 84 %, 7025 MiB, 49140 MiB, 292.32 W, 300.00 W, 73, 1830 MHz
2026/09/23 17:52:35.585, 0, 99 %, 89 %, 7025 MiB, 49140 MiB, 292.71 W, 300.00 W, 73, 1560 MHz
2026/09/23 17:52:36.585, 0, 97 %, 86 %, 7025 MiB, 49140 MiB, 293.27 W, 300.00 W, 72, 1920 MHz
2026/09/23 17:52:37.586, 0, 98 %, 88 %, 7025 MiB, 49140 MiB, 292.05 W, 300.00 W, 73, 1815 MHz
2026/09/23 17:52:38.587, 0, 97 %, 86 %, 7025 MiB, 49140 MiB, 293.44 W, 300.00 W, 74, 1950 MHz
2026/09/23 17:52:39.588, 0, 97 %, 88 %, 7025 MiB, 49140 MiB, 292.45 W, 300.00 W, 73, 1605 MHz
2026/09/23 17:52:40.590, 0, 98 %, 86 %, 7025 MiB, 49140 MiB, 292.07 W, 300.00 W, 73, 1560 MHz
2026/09/23 17:52:41.591, 0, 98 %, 90 %, 7025 MiB, 49140 MiB, 291.60 W, 300.00 W, 72, 1725 MHz
2026/09/23 17:52:42.592, 0, 95 %, 84 %, 7025 MiB, 49140 MiB, 292.20 W, 300.00 W, 74, 1680 MHz
2026/09/23 17:52:43.593, 0, 98 %, 86 %, 7025 MiB, 49140 MiB, 292.47 W, 300.00 W, 73, 1965 MHz
2026/09/23 17:52:44.594, 0, 99 %, 87 %, 7025 MiB, 49140 MiB, 292.77 W, 300.00 W, 73, 1575 MHz
2026/09/23 17:52:45.595, 0, 98 %, 87 %, 7025 MiB, 49140 MiB, 293.31 W, 300.00 W, 73, 1800 MHz
2026/09/23 17:52:46.597, 0, 97 %, 87 %, 7025 MiB, 49140 MiB, 291.96 W, 300.00 W, 73, 1785 MHz
2026/09/23 17:52:47.597, 0, 97 %, 86 %, 7025 MiB, 49140 MiB, 292.62 W, 300.00 W, 74, 1965 MHz
2026/09/23 17:52:48.599, 0, 98 %, 88 %, 7025 MiB, 49140 MiB, 292.21 W, 300.00 W, 73, 1530 MHz
2026/09/23 17:52:49.602, 0, 94 %, 83 %, 7025 MiB, 49140 MiB, 292.82 W, 300.00 W, 72, 1875 MHz
2026/09/23 17:52:50.607, 0, 97 %, 87 %, 7025 MiB, 49140 MiB, 292.33 W, 300.00 W, 73, 1710 MHz
2026/09/23 17:52:51.608, 0, 95 %, 68 %, 7025 MiB, 49140 MiB, 296.56 W, 300.00 W, 74, 1485 MHz
2026/09/23 17:52:52.608, 0, 0 %, 0 %, 7025 MiB, 49140 MiB, 192.57 W, 300.00 W, 68, 2730 MHz
2026/09/23 17:52:53.609, 0, 0 %, 0 %, 7025 MiB, 49140 MiB, 87.75 W, 300.00 W, 67, 2730 MHz
2026/09/23 17:52:54.609, 0, 98 %, 87 %, 7025 MiB, 49140 MiB, 207.52 W, 300.00 W, 72, 1965 MHz
2026/09/23 17:52:55.610, 0, 98 %, 87 %, 7025 MiB, 49140 MiB, 290.86 W, 300.00 W, 72, 1560 MHz
2026/09/23 17:52:56.611, 0, 97 %, 85 %, 7025 MiB, 49140 MiB, 293.88 W, 300.00 W, 73, 1590 MHz
2026/09/23 17:52:57.612, 0, 97 %, 87 %, 7025 MiB, 49140 MiB, 292.98 W, 300.00 W, 71, 1875 MHz
2026/09/23 17:52:58.614, 0, 98 %, 88 %, 7025 MiB, 49140 MiB, 291.39 W, 300.00 W, 73, 1755 MHz
2026/09/23 17:52:59.615, 0, 97 %, 87 %, 7025 MiB, 49140 MiB, 292.89 W, 300.00 W, 74, 2025 MHz
2026/09/23 17:53:00.615, 0, 98 %, 87 %, 7025 MiB, 49140 MiB, 291.08 W, 300.00 W, 72, 1725 MHz
2026/09/23 17:53:01.616, 0, 97 %, 87 %, 7025 MiB, 49140 MiB, 293.98 W, 300.00 W, 73, 1545 MHz
2026/09/23 17:53:02.618, 0, 96 %, 86 %, 7025 MiB, 49140 MiB, 292.44 W, 300.00 W, 71, 1875 MHz
2026/09/23 17:53:03.618, 0, 98 %, 87 %, 7025 MiB, 49140 MiB, 291.23 W, 300.00 W, 73, 1635 MHz
2026/09/23 17:53:04.619, 0, 98 %, 88 %, 7025 MiB, 49140 MiB, 293.10 W, 300.00 W, 74, 1995 MHz
2026/09/23 17:53:05.620, 0, 97 %, 86 %, 7025 MiB, 49140 MiB, 290.77 W, 300.00 W, 72, 1680 MHz
2026/09/23 17:53:06.621, 0, 98 %, 87 %, 7025 MiB, 49140 MiB, 293.18 W, 300.00 W, 73, 1530 MHz
2026/09/23 17:53:07.621, 0, 98 %, 85 %, 7025 MiB, 49140 MiB, 291.04 W, 300.00 W, 72, 1725 MHz
2026/09/23 17:53:08.623, 0, 98 %, 88 %, 7025 MiB, 49140 MiB, 289.79 W, 300.00 W, 74, 1860 MHz
2026/09/23 17:53:09.624, 0, 98 %, 86 %, 7025 MiB, 49140 MiB, 288.04 W, 300.00 W, 73, 1605 MHz
2026/09/23 17:53:10.624, 0, 96 %, 85 %, 7025 MiB, 49140 MiB, 290.32 W, 300.00 W, 74, 1590 MHz
2026/09/23 17:53:11.625, 0, 95 %, 85 %, 7025 MiB, 49140 MiB, 290.24 W, 300.00 W, 72, 1995 MHz
2026/09/23 17:53:12.627, 0, 97 %, 87 %, 7025 MiB, 49140 MiB, 291.03 W, 300.00 W, 75, 1815 MHz
2026/09/23 17:53:13.629, 0, 98 %, 87 %, 7025 MiB, 49140 MiB, 292.32 W, 300.00 W, 73, 1950 MHz
2026/09/23 17:53:14.630, 0, 96 %, 85 %, 7025 MiB, 49140 MiB, 290.38 W, 300.00 W, 73, 1560 MHz
2026/09/23 17:53:15.632, 0, 98 %, 86 %, 7025 MiB, 49140 MiB, 289.23 W, 300.00 W, 72, 1590 MHz
2026/09/23 17:53:16.632, 0, 98 %, 87 %, 7025 MiB, 49140 MiB, 289.56 W, 300.00 W, 74, 1815 MHz
2026/09/23 17:53:17.639, 0, 97 %, 87 %, 7025 MiB, 49140 MiB, 290.82 W, 300.00 W, 72, 1965 MHz
2026/09/23 17:53:18.640, 0, 97 %, 86 %, 7025 MiB, 49140 MiB, 292.89 W, 300.00 W, 73, 1875 MHz
2026/09/23 17:53:19.640, 0, 93 %, 68 %, 7025 MiB, 49140 MiB, 294.01 W, 300.00 W, 73, 1455 MHz
2026/09/23 17:53:20.641, 0, 6 %, 5 %, 7025 MiB, 49140 MiB, 280.17 W, 300.00 W, 70, 2505 MHz
2026/09/23 17:53:21.642, 0, 97 %, 88 %, 7025 MiB, 49140 MiB, 134.37 W, 300.00 W, 72, 1620 MHz
2026/09/23 17:53:22.643, 0, 98 %, 86 %, 7025 MiB, 49140 MiB, 292.17 W, 300.00 W, 73, 1575 MHz
2026/09/23 17:53:23.644, 0, 97 %, 87 %, 7025 MiB, 49140 MiB, 288.87 W, 300.00 W, 72, 1830 MHz
2026/09/23 17:53:24.645, 0, 98 %, 88 %, 7025 MiB, 49140 MiB, 292.23 W, 300.00 W, 74, 1935 MHz
2026/09/23 17:53:25.646, 0, 98 %, 88 %, 7025 MiB, 49140 MiB, 290.08 W, 300.00 W, 72, 2055 MHz
2026/09/23 17:53:26.646, 0, 98 %, 88 %, 7025 MiB, 49140 MiB, 293.28 W, 300.00 W, 73, 1635 MHz
2026/09/23 17:53:27.647, 0, 98 %, 86 %, 7025 MiB, 49140 MiB, 290.83 W, 300.00 W, 72, 1620 MHz
2026/09/23 17:53:28.648, 0, 98 %, 87 %, 7025 MiB, 49140 MiB, 291.05 W, 300.00 W, 74, 1950 MHz
2026/09/23 17:53:29.648, 0, 98 %, 88 %, 7025 MiB, 49140 MiB, 292.97 W, 300.00 W, 73, 1845 MHz
2026/09/23 17:53:30.650, 0, 96 %, 86 %, 7025 MiB, 49140 MiB, 292.73 W, 300.00 W, 73, 1860 MHz
2026/09/23 17:53:31.651, 0, 97 %, 88 %, 7025 MiB, 49140 MiB, 293.12 W, 300.00 W, 72, 1590 MHz
2026/09/23 17:53:32.651, 0, 97 %, 87 %, 7025 MiB, 49140 MiB, 291.06 W, 300.00 W, 73, 1890 MHz
2026/09/23 17:53:33.652, 0, 98 %, 87 %, 7025 MiB, 49140 MiB, 292.07 W, 300.00 W, 73, 1695 MHz
2026/09/23 17:53:34.653, 0, 98 %, 86 %, 7025 MiB, 49140 MiB, 292.10 W, 300.00 W, 73, 1980 MHz
2026/09/23 17:53:35.655, 0, 96 %, 85 %, 7025 MiB, 49140 MiB, 294.03 W, 300.00 W, 74, 1530 MHz
2026/09/23 17:53:36.655, 0, 98 %, 88 %, 7025 MiB, 49140 MiB, 291.19 W, 300.00 W, 73, 1845 MHz
2026/09/23 17:53:37.656, 0, 98 %, 86 %, 7025 MiB, 49140 MiB, 292.61 W, 300.00 W, 74, 1665 MHz
2026/09/23 17:53:38.657, 0, 96 %, 85 %, 7025 MiB, 49140 MiB, 290.44 W, 300.00 W, 73, 1860 MHz
2026/09/23 17:53:39.658, 0, 97 %, 87 %, 7025 MiB, 49140 MiB, 292.78 W, 300.00 W, 72, 1500 MHz
2026/09/23 17:53:40.659, 0, 97 %, 86 %, 7025 MiB, 49140 MiB, 291.69 W, 300.00 W, 73, 1785 MHz
2026/09/23 17:53:41.660, 0, 98 %, 87 %, 7025 MiB, 49140 MiB, 291.95 W, 300.00 W, 73, 1605 MHz
2026/09/23 17:53:42.661, 0, 97 %, 86 %, 7025 MiB, 49140 MiB, 292.63 W, 300.00 W, 73, 1830 MHz
2026/09/23 17:53:43.662, 0, 97 %, 87 %, 7025 MiB, 49140 MiB, 293.35 W, 300.00 W, 72, 1500 MHz
2026/09/23 17:53:44.663, 0, 96 %, 86 %, 7025 MiB, 49140 MiB, 291.20 W, 300.00 W, 74, 1770 MHz
2026/09/23 17:53:45.664, 0, 98 %, 86 %, 7025 MiB, 49140 MiB, 292.28 W, 300.00 W, 73, 1725 MHz
2026/09/23 17:53:46.664, 0, 96 %, 86 %, 7025 MiB, 49140 MiB, 292.90 W, 300.00 W, 73, 1845 MHz
2026/09/23 17:53:47.666, 0, 95 %, 68 %, 7025 MiB, 49140 MiB, 296.67 W, 300.00 W, 73, 1305 MHz
2026/09/23 17:53:48.667, 0, 0 %, 0 %, 7025 MiB, 49140 MiB, 198.04 W, 300.00 W, 67, 2505 MHz
2026/09/23 17:53:49.668, 0, 96 %, 87 %, 7025 MiB, 49140 MiB, 214.10 W, 300.00 W, 72, 1710 MHz
2026/09/23 17:53:50.669, 0, 94 %, 84 %, 7025 MiB, 49140 MiB, 291.06 W, 300.00 W, 71, 1605 MHz
2026/09/23 17:53:51.670, 0, 98 %, 87 %, 7025 MiB, 49140 MiB, 290.53 W, 300.00 W, 73, 1785 MHz
2026/09/23 17:53:52.670, 0, 97 %, 86 %, 7025 MiB, 49140 MiB, 291.98 W, 300.00 W, 73, 1860 MHz
2026/09/23 17:53:53.672, 0, 97 %, 86 %, 7025 MiB, 49140 MiB, 292.96 W, 300.00 W, 73, 1875 MHz
2026/09/23 17:53:54.673, 0, 96 %, 86 %, 7025 MiB, 49140 MiB, 292.65 W, 300.00 W, 71, 1515 MHz
2026/09/23 17:53:55.674, 0, 95 %, 86 %, 7025 MiB, 49140 MiB, 289.19 W, 300.00 W, 74, 1995 MHz
2026/09/23 17:53:56.675, 0, 98 %, 86 %, 7025 MiB, 49140 MiB, 291.78 W, 300.00 W, 73, 2010 MHz
2026/09/23 17:53:57.676, 0, 97 %, 86 %, 7025 MiB, 49140 MiB, 293.98 W, 300.00 W, 73, 1605 MHz
2026/09/23 17:53:58.676, 0, 97 %, 86 %, 7025 MiB, 49140 MiB, 291.30 W, 300.00 W, 72, 1740 MHz
2026/09/23 17:53:59.677, 0, 97 %, 87 %, 7025 MiB, 49140 MiB, 291.81 W, 300.00 W, 75, 1815 MHz
2026/09/23 17:54:00.678, 0, 97 %, 86 %, 7025 MiB, 49140 MiB, 291.80 W, 300.00 W, 72, 1635 MHz
2026/09/23 17:54:01.679, 0, 98 %, 87 %, 7025 MiB, 49140 MiB, 293.65 W, 300.00 W, 74, 1875 MHz
2026/09/23 17:54:02.680, 0, 98 %, 86 %, 7025 MiB, 49140 MiB, 289.18 W, 300.00 W, 74, 1575 MHz
2026/09/23 17:54:03.680, 0, 98 %, 87 %, 7025 MiB, 49140 MiB, 292.82 W, 300.00 W, 73, 1890 MHz
2026/09/23 17:54:04.682, 0, 97 %, 87 %, 7025 MiB, 49140 MiB, 293.39 W, 300.00 W, 73, 1980 MHz
2026/09/23 17:54:05.683, 0, 97 %, 86 %, 7025 MiB, 49140 MiB, 293.18 W, 300.00 W, 72, 1590 MHz
2026/09/23 17:54:06.684, 0, 98 %, 86 %, 7025 MiB, 49140 MiB, 291.70 W, 300.00 W, 74, 1500 MHz
2026/09/23 17:54:07.685, 0, 97 %, 86 %, 7025 MiB, 49140 MiB, 292.42 W, 300.00 W, 73, 1845 MHz
2026/09/23 17:54:08.686, 0, 98 %, 88 %, 7025 MiB, 49140 MiB, 292.86 W, 300.00 W, 73, 1980 MHz
2026/09/23 17:54:09.687, 0, 98 %, 88 %, 7025 MiB, 49140 MiB, 293.71 W, 300.00 W, 72, 1680 MHz
2026/09/23 17:54:10.688, 0, 97 %, 86 %, 7025 MiB, 49140 MiB, 290.59 W, 300.00 W, 74, 1620 MHz
2026/09/23 17:54:11.689, 0, 98 %, 87 %, 7025 MiB, 49140 MiB, 292.78 W, 300.00 W, 73, 1800 MHz
2026/09/23 17:54:12.690, 0, 92 %, 82 %, 7025 MiB, 49140 MiB, 290.92 W, 300.00 W, 74, 2070 MHz
2026/09/23 17:54:13.690, 0, 93 %, 84 %, 7025 MiB, 49140 MiB, 288.94 W, 300.00 W, 73, 1590 MHz
2026/09/23 17:54:14.691, 0, 94 %, 79 %, 7025 MiB, 49140 MiB, 292.18 W, 300.00 W, 74, 2040 MHz
2026/09/23 17:54:15.692, 0, 97 %, 65 %, 7025 MiB, 49140 MiB, 298.57 W, 300.00 W, 74, 1455 MHz
2026/09/23 17:54:16.692, 0, 49 %, 47 %, 7025 MiB, 49140 MiB, 146.76 W, 300.00 W, 72, 1725 MHz
2026/09/23 17:54:17.693, 0, 98 %, 87 %, 7025 MiB, 49140 MiB, 283.96 W, 300.00 W, 73, 1800 MHz
2026/09/23 17:54:18.694, 0, 97 %, 86 %, 7025 MiB, 49140 MiB, 291.02 W, 300.00 W, 73, 1965 MHz
2026/09/23 17:54:19.696, 0, 98 %, 88 %, 7025 MiB, 49140 MiB, 293.31 W, 300.00 W, 71, 1650 MHz
2026/09/23 17:54:20.697, 0, 98 %, 87 %, 7025 MiB, 49140 MiB, 291.59 W, 300.00 W, 73, 1545 MHz
2026/09/23 17:54:21.698, 0, 97 %, 87 %, 7025 MiB, 49140 MiB, 290.95 W, 300.00 W, 73, 1935 MHz
2026/09/23 17:54:22.701, 0, 96 %, 86 %, 7025 MiB, 49140 MiB, 292.77 W, 300.00 W, 73, 1980 MHz
2026/09/23 17:54:23.702, 0, 97 %, 86 %, 7025 MiB, 49140 MiB, 291.12 W, 300.00 W, 72, 1545 MHz
2026/09/23 17:54:24.703, 0, 98 %, 87 %, 7025 MiB, 49140 MiB, 291.42 W, 300.00 W, 75, 1740 MHz
2026/09/23 17:54:25.705, 0, 98 %, 88 %, 7025 MiB, 49140 MiB, 292.17 W, 300.00 W, 73, 1860 MHz
2026/09/23 17:54:26.705, 0, 97 %, 87 %, 7025 MiB, 49140 MiB, 294.29 W, 300.00 W, 73, 1920 MHz
2026/09/23 17:54:27.707, 0, 94 %, 85 %, 7025 MiB, 49140 MiB, 290.20 W, 300.00 W, 73, 1590 MHz
2026/09/23 17:54:28.707, 0, 98 %, 88 %, 7025 MiB, 49140 MiB, 291.01 W, 300.00 W, 74, 1800 MHz
2026/09/23 17:54:29.709, 0, 98 %, 87 %, 7025 MiB, 49140 MiB, 291.27 W, 300.00 W, 73, 1560 MHz
2026/09/23 17:54:30.710, 0, 98 %, 87 %, 7025 MiB, 49140 MiB, 294.00 W, 300.00 W, 74, 1875 MHz
2026/09/23 17:54:31.712, 0, 96 %, 86 %, 7025 MiB, 49140 MiB, 291.80 W, 300.00 W, 73, 1575 MHz
2026/09/23 17:54:32.712, 0, 95 %, 85 %, 7025 MiB, 49140 MiB, 292.09 W, 300.00 W, 74, 1890 MHz
2026/09/23 17:54:33.714, 0, 98 %, 86 %, 7025 MiB, 49140 MiB, 292.14 W, 300.00 W, 73, 1665 MHz
2026/09/23 17:54:34.715, 0, 97 %, 86 %, 7025 MiB, 49140 MiB, 291.04 W, 300.00 W, 72, 1830 MHz
2026/09/23 17:54:35.716, 0, 98 %, 87 %, 7025 MiB, 49140 MiB, 290.30 W, 300.00 W, 73, 1545 MHz
2026/09/23 17:54:36.717, 0, 98 %, 88 %, 7025 MiB, 49140 MiB, 292.58 W, 300.00 W, 74, 1800 MHz
2026/09/23 17:54:37.719, 0, 98 %, 87 %, 7025 MiB, 49140 MiB, 292.19 W, 300.00 W, 73, 1635 MHz
2026/09/23 17:54:38.720, 0, 98 %, 88 %, 7025 MiB, 49140 MiB, 292.72 W, 300.00 W, 73, 1845 MHz
2026/09/23 17:54:39.721, 0, 97 %, 87 %, 7025 MiB, 49140 MiB, 291.11 W, 300.00 W, 73, 1515 MHz
2026/09/23 17:54:40.721, 0, 98 %, 86 %, 7025 MiB, 49140 MiB, 290.60 W, 300.00 W, 73, 1845 MHz
2026/09/23 17:54:41.722, 0, 97 %, 85 %, 7025 MiB, 49140 MiB, 293.34 W, 300.00 W, 73, 1875 MHz
2026/09/23 17:54:42.722, 0, 95 %, 68 %, 7025 MiB, 49140 MiB, 295.11 W, 300.00 W, 74, 1410 MHz
2026/09/23 17:54:43.723, 0, 9 %, 0 %, 7025 MiB, 49140 MiB, 257.89 W, 300.00 W, 68, 2730 MHz
2026/09/23 17:54:44.724, 0, 0 %, 0 %, 7025 MiB, 49140 MiB, 88.61 W, 300.00 W, 67, 2730 MHz
2026/09/23 17:54:45.724, 0, 0 %, 0 %, 7025 MiB, 49140 MiB, 84.53 W, 300.00 W, 66, 2505 MHz
2026/09/23 17:54:46.725, 0, 98 %, 88 %, 7025 MiB, 49140 MiB, 233.39 W, 300.00 W, 70, 1695 MHz
2026/09/23 17:54:47.726, 0, 98 %, 88 %, 7025 MiB, 49140 MiB, 290.57 W, 300.00 W, 72, 1860 MHz
2026/09/23 17:54:48.727, 0, 98 %, 88 %, 7025 MiB, 49140 MiB, 289.58 W, 300.00 W, 73, 1545 MHz
2026/09/23 17:54:49.728, 0, 98 %, 88 %, 7025 MiB, 49140 MiB, 290.34 W, 300.00 W, 72, 1740 MHz
2026/09/23 17:54:50.729, 0, 97 %, 86 %, 7025 MiB, 49140 MiB, 290.19 W, 300.00 W, 72, 1935 MHz
2026/09/23 17:54:51.730, 0, 97 %, 88 %, 7025 MiB, 49140 MiB, 289.98 W, 300.00 W, 72, 1920 MHz
2026/09/23 17:54:52.731, 0, 97 %, 86 %, 7025 MiB, 49140 MiB, 289.69 W, 300.00 W, 72, 1860 MHz
2026/09/23 17:54:53.731, 0, 97 %, 87 %, 7025 MiB, 49140 MiB, 289.71 W, 300.00 W, 74, 1605 MHz
2026/09/23 17:54:54.732, 0, 97 %, 86 %, 7025 MiB, 49140 MiB, 289.72 W, 300.00 W, 72, 1755 MHz
2026/09/23 17:54:55.733, 0, 97 %, 87 %, 7025 MiB, 49140 MiB, 290.85 W, 300.00 W, 73, 1755 MHz
2026/09/23 17:54:56.733, 0, 98 %, 88 %, 7025 MiB, 49140 MiB, 291.13 W, 300.00 W, 71, 2025 MHz
2026/09/23 17:54:57.734, 0, 98 %, 88 %, 7025 MiB, 49140 MiB, 291.85 W, 300.00 W, 73, 1620 MHz
2026/09/23 17:54:58.736, 0, 98 %, 88 %, 7025 MiB, 49140 MiB, 290.73 W, 300.00 W, 73, 1515 MHz
2026/09/23 17:54:59.736, 0, 97 %, 86 %, 7025 MiB, 49140 MiB, 290.28 W, 300.00 W, 72, 1770 MHz
2026/09/23 17:55:00.738, 0, 97 %, 86 %, 7025 MiB, 49140 MiB, 293.03 W, 300.00 W, 72, 1890 MHz
2026/09/23 17:55:01.738, 0, 98 %, 86 %, 7025 MiB, 49140 MiB, 291.67 W, 300.00 W, 72, 1890 MHz
2026/09/23 17:55:02.739, 0, 98 %, 88 %, 7025 MiB, 49140 MiB, 292.36 W, 300.00 W, 74, 1590 MHz
2026/09/23 17:55:03.740, 0, 98 %, 88 %, 7025 MiB, 49140 MiB, 292.78 W, 300.00 W, 72, 1755 MHz
2026/09/23 17:55:04.742, 0, 98 %, 88 %, 7025 MiB, 49140 MiB, 293.46 W, 300.00 W, 73, 1860 MHz
2026/09/23 17:55:05.743, 0, 98 %, 87 %, 7025 MiB, 49140 MiB, 292.73 W, 300.00 W, 71, 2055 MHz
2026/09/23 17:55:06.746, 0, 98 %, 87 %, 7025 MiB, 49140 MiB, 292.21 W, 300.00 W, 74, 1575 MHz
2026/09/23 17:55:07.747, 0, 96 %, 85 %, 7025 MiB, 49140 MiB, 292.70 W, 300.00 W, 73, 1890 MHz
2026/09/23 17:55:08.748, 0, 98 %, 86 %, 7025 MiB, 49140 MiB, 293.76 W, 300.00 W, 73, 1905 MHz
2026/09/23 17:55:09.749, 0, 97 %, 86 %, 7025 MiB, 49140 MiB, 293.33 W, 300.00 W, 72, 2010 MHz
2026/09/23 17:55:10.750, 0, 98 %, 86 %, 7025 MiB, 49140 MiB, 292.02 W, 300.00 W, 73, 1575 MHz
2026/09/23 17:55:11.751, 0, 95 %, 65 %, 7025 MiB, 49140 MiB, 296.64 W, 300.00 W, 74, 1530 MHz
2026/09/23 17:55:12.751, 0, 9 %, 0 %, 7025 MiB, 49140 MiB, 174.07 W, 300.00 W, 67, 2730 MHz
2026/09/23 17:55:13.753, 0, 0 %, 0 %, 7025 MiB, 49140 MiB, 86.55 W, 300.00 W, 66, 2730 MHz
2026/09/23 17:55:14.754, 0, 95 %, 86 %, 7025 MiB, 49140 MiB, 218.08 W, 300.00 W, 72, 1635 MHz
2026/09/23 17:55:15.754, 0, 93 %, 84 %, 7025 MiB, 49140 MiB, 286.79 W, 300.00 W, 72, 1785 MHz
2026/09/23 17:55:16.756, 0, 98 %, 87 %, 7025 MiB, 49140 MiB, 290.25 W, 300.00 W, 72, 1875 MHz
2026/09/23 17:55:17.757, 0, 97 %, 86 %, 7025 MiB, 49140 MiB, 292.87 W, 300.00 W, 72, 1965 MHz
2026/09/23 17:55:18.760, 0, 97 %, 85 %, 7025 MiB, 49140 MiB, 292.15 W, 300.00 W, 72, 1680 MHz
2026/09/23 17:55:19.761, 0, 98 %, 87 %, 7025 MiB, 49140 MiB, 292.21 W, 300.00 W, 74, 1530 MHz
2026/09/23 17:55:20.762, 0, 97 %, 88 %, 7025 MiB, 49140 MiB, 291.52 W, 300.00 W, 72, 1830 MHz
2026/09/23 17:55:21.763, 0, 96 %, 85 %, 7025 MiB, 49140 MiB, 291.18 W, 300.00 W, 73, 1770 MHz
2026/09/23 17:55:22.763, 0, 97 %, 87 %, 7025 MiB, 49140 MiB, 291.14 W, 300.00 W, 72, 1875 MHz
2026/09/23 17:55:23.765, 0, 98 %, 88 %, 7025 MiB, 49140 MiB, 293.02 W, 300.00 W, 74, 1560 MHz
2026/09/23 17:55:24.766, 0, 98 %, 88 %, 7025 MiB, 49140 MiB, 291.75 W, 300.00 W, 73, 1950 MHz
2026/09/23 17:55:25.766, 0, 98 %, 87 %, 7025 MiB, 49140 MiB, 289.35 W, 300.00 W, 72, 1815 MHz
2026/09/23 17:55:26.767, 0, 93 %, 83 %, 7025 MiB, 49140 MiB, 289.51 W, 300.00 W, 73, 1800 MHz
2026/09/23 17:55:27.768, 0, 98 %, 87 %, 7025 MiB, 49140 MiB, 292.70 W, 300.00 W, 74, 1545 MHz
2026/09/23 17:55:28.769, 0, 98 %, 87 %, 7025 MiB, 49140 MiB, 291.38 W, 300.00 W, 72, 1830 MHz
2026/09/23 17:55:29.770, 0, 97 %, 85 %, 7025 MiB, 49140 MiB, 293.35 W, 300.00 W, 74, 1635 MHz
2026/09/23 17:55:30.771, 0, 97 %, 87 %, 7025 MiB, 49140 MiB, 290.40 W, 300.00 W, 72, 1890 MHz
2026/09/23 17:55:31.771, 0, 98 %, 87 %, 7025 MiB, 49140 MiB, 291.37 W, 300.00 W, 74, 1590 MHz
2026/09/23 17:55:32.772, 0, 98 %, 87 %, 7025 MiB, 49140 MiB, 291.83 W, 300.00 W, 73, 1890 MHz
2026/09/23 17:55:33.772, 0, 98 %, 86 %, 7025 MiB, 49140 MiB, 293.89 W, 300.00 W, 73, 1650 MHz
2026/09/23 17:55:34.774, 0, 97 %, 87 %, 7025 MiB, 49140 MiB, 292.18 W, 300.00 W, 71, 2025 MHz
2026/09/23 17:55:35.774, 0, 97 %, 87 %, 7025 MiB, 49140 MiB, 290.12 W, 300.00 W, 74, 1605 MHz
2026/09/23 17:55:36.779, 0, 98 %, 87 %, 7025 MiB, 49140 MiB, 289.43 W, 300.00 W, 73, 1830 MHz
2026/09/23 17:55:37.779, 0, 98 %, 87 %, 7025 MiB, 49140 MiB, 292.52 W, 300.00 W, 73, 1905 MHz
2026/09/23 17:55:38.780, 0, 98 %, 86 %, 7025 MiB, 49140 MiB, 290.17 W, 300.00 W, 71, 1680 MHz
2026/09/23 17:55:39.781, 0, 98 %, 87 %, 7025 MiB, 49140 MiB, 293.61 W, 300.00 W, 73, 1530 MHz
2026/09/23 17:55:40.782, 0, 93 %, 67 %, 7025 MiB, 49140 MiB, 267.59 W, 300.00 W, 68, 2670 MHz
2026/09/23 17:55:41.782, 0, 0 %, 0 %, 7025 MiB, 49140 MiB, 82.64 W, 300.00 W, 66, 2670 MHz
2026/09/23 17:55:42.783, 0, 88 %, 84 %, 7025 MiB, 49140 MiB, 178.66 W, 300.00 W, 72, 1785 MHz
2026/09/23 17:55:43.784, 0, 96 %, 87 %, 7025 MiB, 49140 MiB, 293.85 W, 300.00 W, 73, 1860 MHz
2026/09/23 17:55:44.785, 0, 97 %, 87 %, 7025 MiB, 49140 MiB, 291.28 W, 300.00 W, 72, 1905 MHz
2026/09/23 17:55:45.785, 0, 97 %, 87 %, 7025 MiB, 49140 MiB, 291.72 W, 300.00 W, 73, 1830 MHz
2026/09/23 17:55:46.787, 0, 97 %, 87 %, 7025 MiB, 49140 MiB, 288.43 W, 300.00 W, 72, 1590 MHz
2026/09/23 17:55:47.787, 0, 98 %, 87 %, 7025 MiB, 49140 MiB, 291.11 W, 300.00 W, 72, 1845 MHz
2026/09/23 17:55:48.788, 0, 98 %, 86 %, 7025 MiB, 49140 MiB, 290.88 W, 300.00 W, 72, 1785 MHz
2026/09/23 17:55:49.789, 0, 98 %, 86 %, 7025 MiB, 49140 MiB, 289.58 W, 300.00 W, 72, 2055 MHz
2026/09/23 17:55:50.790, 0, 98 %, 87 %, 7025 MiB, 49140 MiB, 291.92 W, 300.00 W, 74, 1680 MHz
2026/09/23 17:55:51.791, 0, 97 %, 86 %, 7025 MiB, 49140 MiB, 291.75 W, 300.00 W, 72, 1530 MHz
2026/09/23 17:55:52.792, 0, 96 %, 86 %, 7025 MiB, 49140 MiB, 293.64 W, 300.00 W, 73, 1815 MHz
2026/09/23 17:55:53.793, 0, 96 %, 87 %, 7025 MiB, 49140 MiB, 291.17 W, 300.00 W, 71, 1680 MHz
2026/09/23 17:55:54.794, 0, 97 %, 87 %, 7025 MiB, 49140 MiB, 290.14 W, 300.00 W, 74, 2010 MHz
2026/09/23 17:55:55.794, 0, 98 %, 86 %, 7025 MiB, 49140 MiB, 289.63 W, 300.00 W, 73, 1545 MHz
2026/09/23 17:55:56.796, 0, 98 %, 86 %, 7025 MiB, 49140 MiB, 293.07 W, 300.00 W, 73, 1815 MHz
2026/09/23 17:55:57.797, 0, 97 %, 86 %, 7025 MiB, 49140 MiB, 293.32 W, 300.00 W, 72, 1845 MHz
2026/09/23 17:55:58.798, 0, 96 %, 85 %, 7025 MiB, 49140 MiB, 291.61 W, 300.00 W, 73, 1995 MHz
2026/09/23 17:55:59.799, 0, 97 %, 86 %, 7025 MiB, 49140 MiB, 292.12 W, 300.00 W, 73, 1650 MHz
2026/09/23 17:56:00.800, 0, 98 %, 87 %, 7025 MiB, 49140 MiB, 291.54 W, 300.00 W, 72, 1575 MHz
2026/09/23 17:56:01.803, 0, 97 %, 86 %, 7025 MiB, 49140 MiB, 292.15 W, 300.00 W, 72, 1920 MHz
2026/09/23 17:56:02.804, 0, 98 %, 86 %, 7025 MiB, 49140 MiB, 292.01 W, 300.00 W, 73, 1935 MHz
2026/09/23 17:56:03.805, 0, 97 %, 86 %, 7025 MiB, 49140 MiB, 293.00 W, 300.00 W, 74, 1650 MHz
2026/09/23 17:56:04.808, 0, 97 %, 86 %, 7025 MiB, 49140 MiB, 292.12 W, 300.00 W, 73, 1515 MHz
2026/09/23 17:56:05.808, 0, 96 %, 85 %, 7025 MiB, 49140 MiB, 294.52 W, 300.00 W, 74, 1770 MHz
2026/09/23 17:56:06.809, 0, 98 %, 88 %, 7025 MiB, 49140 MiB, 292.59 W, 300.00 W, 72, 1590 MHz
2026/09/23 17:56:07.812, 0, 98 %, 87 %, 7025 MiB, 49140 MiB, 292.12 W, 300.00 W, 74, 1905 MHz
2026/09/23 17:56:08.813, 0, 95 %, 67 %, 7025 MiB, 49140 MiB, 298.04 W, 300.00 W, 74, 1485 MHz
2026/09/23 17:56:09.814, 0, 7 %, 0 %, 7025 MiB, 49140 MiB, 149.37 W, 300.00 W, 67, 2655 MHz
2026/09/23 17:56:10.815, 0, 0 %, 0 %, 7025 MiB, 49140 MiB, 97.73 W, 300.00 W, 71, 1920 MHz
2026/09/23 17:56:11.816, 0, 97 %, 88 %, 7025 MiB, 49140 MiB, 295.46 W, 300.00 W, 71, 1770 MHz
2026/09/23 17:56:12.817, 0, 97 %, 86 %, 7025 MiB, 49140 MiB, 291.20 W, 300.00 W, 72, 2055 MHz
2026/09/23 17:56:13.818, 0, 97 %, 87 %, 7025 MiB, 49140 MiB, 290.51 W, 300.00 W, 74, 1785 MHz
2026/09/23 17:56:14.819, 0, 97 %, 87 %, 7025 MiB, 49140 MiB, 289.78 W, 300.00 W, 72, 1545 MHz
2026/09/23 17:56:15.820, 0, 97 %, 85 %, 7025 MiB, 49140 MiB, 290.39 W, 300.00 W, 72, 1875 MHz
2026/09/23 17:56:16.820, 0, 98 %, 87 %, 7025 MiB, 49140 MiB, 289.87 W, 300.00 W, 70, 1665 MHz
2026/09/23 17:56:17.821, 0, 97 %, 86 %, 7025 MiB, 49140 MiB, 289.85 W, 300.00 W, 73, 1995 MHz
2026/09/23 17:56:18.822, 0, 94 %, 84 %, 7025 MiB, 49140 MiB, 290.73 W, 300.00 W, 72, 1590 MHz
2026/09/23 17:56:19.822, 0, 97 %, 85 %, 7025 MiB, 49140 MiB, 293.24 W, 300.00 W, 72, 1800 MHz
2026/09/23 17:56:20.824, 0, 97 %, 87 %, 7025 MiB, 49140 MiB, 293.05 W, 300.00 W, 72, 1875 MHz
2026/09/23 17:56:21.824, 0, 98 %, 86 %, 7025 MiB, 49140 MiB, 292.28 W, 300.00 W, 72, 1950 MHz
2026/09/23 17:56:22.825, 0, 98 %, 87 %, 7025 MiB, 49140 MiB, 292.33 W, 300.00 W, 73, 1635 MHz
2026/09/23 17:56:23.826, 0, 96 %, 86 %, 7025 MiB, 49140 MiB, 290.95 W, 300.00 W, 72, 1590 MHz
2026/09/23 17:56:24.826, 0, 96 %, 87 %, 7025 MiB, 49140 MiB, 293.03 W, 300.00 W, 72, 1995 MHz
2026/09/23 17:56:25.827, 0, 97 %, 85 %, 7025 MiB, 49140 MiB, 291.26 W, 300.00 W, 73, 1995 MHz
2026/09/23 17:56:26.827, 0, 97 %, 86 %, 7025 MiB, 49140 MiB, 292.86 W, 300.00 W, 74, 2025 MHz
2026/09/23 17:56:27.828, 0, 98 %, 87 %, 7025 MiB, 49140 MiB, 291.92 W, 300.00 W, 72, 1605 MHz
2026/09/23 17:56:28.830, 0, 98 %, 87 %, 7025 MiB, 49140 MiB, 293.44 W, 300.00 W, 73, 1515 MHz
2026/09/23 17:56:29.833, 0, 97 %, 87 %, 7025 MiB, 49140 MiB, 291.59 W, 300.00 W, 72, 1770 MHz
2026/09/23 17:56:30.833, 0, 98 %, 88 %, 7025 MiB, 49140 MiB, 290.30 W, 300.00 W, 74, 1980 MHz
2026/09/23 17:56:31.834, 0, 94 %, 84 %, 7025 MiB, 49140 MiB, 290.33 W, 300.00 W, 73, 1680 MHz
2026/09/23 17:56:32.835, 0, 97 %, 86 %, 7025 MiB, 49140 MiB, 293.03 W, 300.00 W, 73, 1515 MHz
2026/09/23 17:56:33.836, 0, 98 %, 88 %, 7025 MiB, 49140 MiB, 292.77 W, 300.00 W, 71, 1815 MHz
2026/09/23 17:56:34.836, 0, 93 %, 83 %, 7025 MiB, 49140 MiB, 289.89 W, 300.00 W, 74, 1920 MHz
2026/09/23 17:56:35.837, 0, 98 %, 87 %, 7025 MiB, 49140 MiB, 292.55 W, 300.00 W, 73, 1680 MHz
2026/09/23 17:56:36.841, 0, 97 %, 84 %, 7025 MiB, 49140 MiB, 296.08 W, 300.00 W, 74, 1440 MHz
2026/09/23 17:56:37.841, 0, 96 %, 67 %, 7025 MiB, 49140 MiB, 237.70 W, 300.00 W, 67, 2745 MHz
2026/09/23 17:56:38.842, 0, 23 %, 20 %, 7025 MiB, 49140 MiB, 186.93 W, 300.00 W, 72, 1815 MHz
2026/09/23 17:56:39.843, 0, 97 %, 86 %, 7025 MiB, 49140 MiB, 293.09 W, 300.00 W, 72, 1530 MHz
2026/09/23 17:56:40.843, 0, 97 %, 86 %, 7025 MiB, 49140 MiB, 293.39 W, 300.00 W, 72, 1905 MHz
2026/09/23 17:56:41.844, 0, 98 %, 85 %, 7025 MiB, 49140 MiB, 291.19 W, 300.00 W, 73, 1635 MHz
2026/09/23 17:56:42.846, 0, 97 %, 88 %, 7025 MiB, 49140 MiB, 291.65 W, 300.00 W, 72, 1905 MHz
2026/09/23 17:56:43.849, 0, 98 %, 87 %, 7025 MiB, 49140 MiB, 292.18 W, 300.00 W, 73, 1530 MHz
2026/09/23 17:56:44.850, 0, 98 %, 86 %, 7025 MiB, 49140 MiB, 293.29 W, 300.00 W, 72, 1875 MHz
2026/09/23 17:56:45.851, 0, 98 %, 86 %, 7025 MiB, 49140 MiB, 292.42 W, 300.00 W, 73, 1845 MHz
2026/09/23 17:56:46.852, 0, 98 %, 89 %, 7025 MiB, 49140 MiB, 290.85 W, 300.00 W, 73, 1965 MHz
2026/09/23 17:56:47.853, 0, 97 %, 87 %, 7025 MiB, 49140 MiB, 290.59 W, 300.00 W, 73, 1590 MHz
2026/09/23 17:56:48.855, 0, 97 %, 87 %, 7025 MiB, 49140 MiB, 291.32 W, 300.00 W, 71, 1785 MHz
2026/09/23 17:56:49.855, 0, 98 %, 87 %, 7025 MiB, 49140 MiB, 292.30 W, 300.00 W, 73, 1650 MHz
2026/09/23 17:56:50.856, 0, 97 %, 87 %, 7025 MiB, 49140 MiB, 291.24 W, 300.00 W, 72, 1890 MHz
2026/09/23 17:56:51.857, 0, 97 %, 85 %, 7025 MiB, 49140 MiB, 293.27 W, 300.00 W, 73, 1515 MHz
2026/09/23 17:56:52.858, 0, 97 %, 85 %, 7025 MiB, 49140 MiB, 291.95 W, 300.00 W, 71, 1740 MHz
2026/09/23 17:56:53.859, 0, 98 %, 87 %, 7025 MiB, 49140 MiB, 291.30 W, 300.00 W, 74, 1845 MHz
2026/09/23 17:56:54.860, 0, 97 %, 86 %, 7025 MiB, 49140 MiB, 291.78 W, 300.00 W, 73, 1755 MHz
2026/09/23 17:56:55.861, 0, 98 %, 86 %, 7025 MiB, 49140 MiB, 293.36 W, 300.00 W, 73, 1530 MHz
2026/09/23 17:56:56.862, 0, 98 %, 87 %, 7025 MiB, 49140 MiB, 291.64 W, 300.00 W, 72, 1785 MHz
2026/09/23 17:56:57.862, 0, 97 %, 87 %, 7025 MiB, 49140 MiB, 291.73 W, 300.00 W, 74, 1860 MHz
2026/09/23 17:56:58.863, 0, 98 %, 87 %, 7025 MiB, 49140 MiB, 292.87 W, 300.00 W, 73, 1830 MHz
2026/09/23 17:56:59.864, 0, 98 %, 86 %, 7025 MiB, 49140 MiB, 293.45 W, 300.00 W, 73, 1530 MHz
2026/09/23 17:57:00.865, 0, 97 %, 86 %, 7025 MiB, 49140 MiB, 293.15 W, 300.00 W, 71, 1770 MHz
2026/09/23 17:57:01.866, 0, 95 %, 85 %, 7025 MiB, 49140 MiB, 291.68 W, 300.00 W, 74, 1560 MHz
2026/09/23 17:57:02.867, 0, 98 %, 86 %, 7025 MiB, 49140 MiB, 293.18 W, 300.00 W, 73, 1890 MHz
2026/09/23 17:57:03.870, 0, 97 %, 89 %, 7025 MiB, 49140 MiB, 292.07 W, 300.00 W, 73, 1560 MHz
2026/09/23 17:57:04.871, 0, 93 %, 68 %, 7025 MiB, 49140 MiB, 296.73 W, 300.00 W, 75, 1440 MHz
2026/09/23 17:57:05.874, 0, 0 %, 0 %, 7025 MiB, 49140 MiB, 145.90 W, 300.00 W, 67, 2730 MHz
2026/09/23 17:57:06.875, 0, 95 %, 84 %, 7025 MiB, 49140 MiB, 273.32 W, 300.00 W, 71, 1830 MHz
2026/09/23 17:57:07.876, 0, 98 %, 89 %, 7025 MiB, 49140 MiB, 289.48 W, 300.00 W, 73, 1665 MHz
2026/09/23 17:57:08.876, 0, 98 %, 86 %, 7025 MiB, 49140 MiB, 291.37 W, 300.00 W, 73, 2025 MHz
2026/09/23 17:57:09.877, 0, 97 %, 88 %, 7025 MiB, 49140 MiB, 292.55 W, 300.00 W, 72, 1560 MHz
2026/09/23 17:57:10.879, 0, 99 %, 87 %, 7025 MiB, 49140 MiB, 294.16 W, 300.00 W, 73, 1605 MHz
2026/09/23 17:57:11.880, 0, 97 %, 86 %, 7025 MiB, 49140 MiB, 291.92 W, 300.00 W, 73, 1905 MHz
2026/09/23 17:57:12.881, 0, 97 %, 86 %, 7025 MiB, 49140 MiB, 292.86 W, 300.00 W, 75, 1950 MHz
2026/09/23 17:57:13.881, 0, 97 %, 84 %, 7025 MiB, 49140 MiB, 292.87 W, 300.00 W, 72, 1650 MHz
2026/09/23 17:57:14.882, 0, 98 %, 89 %, 7025 MiB, 49140 MiB, 292.94 W, 300.00 W, 73, 1560 MHz
2026/09/23 17:57:15.883, 0, 97 %, 86 %, 7025 MiB, 49140 MiB, 292.79 W, 300.00 W, 72, 1545 MHz
2026/09/23 17:57:16.884, 0, 97 %, 86 %, 7025 MiB, 49140 MiB, 291.08 W, 300.00 W, 75, 1965 MHz
2026/09/23 17:57:17.885, 0, 97 %, 85 %, 7025 MiB, 49140 MiB, 291.61 W, 300.00 W, 73, 1995 MHz
2026/09/23 17:57:18.886, 0, 99 %, 89 %, 7025 MiB, 49140 MiB, 292.66 W, 300.00 W, 74, 1545 MHz
2026/09/23 17:57:19.887, 0, 98 %, 87 %, 7025 MiB, 49140 MiB, 291.80 W, 300.00 W, 73, 1800 MHz
2026/09/23 17:57:20.890, 0, 97 %, 85 %, 7025 MiB, 49140 MiB, 292.92 W, 300.00 W, 74, 1770 MHz
2026/09/23 17:57:21.891, 0, 98 %, 87 %, 7025 MiB, 49140 MiB, 292.77 W, 300.00 W, 73, 2025 MHz
2026/09/23 17:57:22.892, 0, 99 %, 88 %, 7025 MiB, 49140 MiB, 295.26 W, 300.00 W, 74, 1575 MHz
2026/09/23 17:57:23.893, 0, 98 %, 87 %, 7025 MiB, 49140 MiB, 292.56 W, 300.00 W, 72, 1590 MHz
2026/09/23 17:57:24.894, 0, 98 %, 86 %, 7025 MiB, 49140 MiB, 292.49 W, 300.00 W, 75, 1800 MHz
2026/09/23 17:57:25.895, 0, 97 %, 85 %, 7025 MiB, 49140 MiB, 291.99 W, 300.00 W, 73, 1995 MHz
2026/09/23 17:57:26.896, 0, 96 %, 85 %, 7025 MiB, 49140 MiB, 292.87 W, 300.00 W, 72, 1560 MHz
2026/09/23 17:57:27.897, 0, 96 %, 89 %, 7025 MiB, 49140 MiB, 290.54 W, 300.00 W, 74, 1785 MHz
2026/09/23 17:57:28.897, 0, 98 %, 86 %, 7025 MiB, 49140 MiB, 292.45 W, 300.00 W, 73, 1830 MHz
2026/09/23 17:57:29.898, 0, 95 %, 83 %, 7025 MiB, 49140 MiB, 289.91 W, 300.00 W, 73, 1560 MHz
2026/09/23 17:57:30.899, 0, 98 %, 91 %, 7025 MiB, 49140 MiB, 292.12 W, 300.00 W, 73, 1860 MHz
2026/09/23 17:57:31.900, 0, 97 %, 84 %, 7025 MiB, 49140 MiB, 295.14 W, 300.00 W, 75, 1545 MHz
2026/09/23 17:57:32.900, 0, 95 %, 67 %, 7025 MiB, 49140 MiB, 266.24 W, 300.00 W, 69, 2730 MHz
2026/09/23 17:57:33.901, 0, 0 %, 0 %, 7025 MiB, 49140 MiB, 88.02 W, 300.00 W, 67, 2730 MHz
2026/09/23 17:57:34.901, 0, 0 %, 0 %, 7025 MiB, 49140 MiB, 171.12 W, 300.00 W, 72, 1875 MHz
2026/09/23 17:57:35.902, 0, 98 %, 87 %, 7025 MiB, 49140 MiB, 292.88 W, 300.00 W, 73, 1800 MHz
2026/09/23 17:57:36.903, 0, 97 %, 85 %, 7025 MiB, 49140 MiB, 291.27 W, 300.00 W, 72, 1995 MHz
2026/09/23 17:57:37.904, 0, 99 %, 88 %, 7025 MiB, 49140 MiB, 293.22 W, 300.00 W, 73, 1575 MHz
2026/09/23 17:57:38.905, 0, 97 %, 87 %, 7025 MiB, 49140 MiB, 289.74 W, 300.00 W, 73, 1905 MHz
2026/09/23 17:57:39.906, 0, 97 %, 85 %, 7025 MiB, 49140 MiB, 289.91 W, 300.00 W, 72, 1830 MHz
2026/09/23 17:57:40.907, 0, 97 %, 86 %, 7025 MiB, 49140 MiB, 293.23 W, 300.00 W, 72, 1620 MHz
2026/09/23 17:57:41.908, 0, 97 %, 86 %, 7025 MiB, 49140 MiB, 290.37 W, 300.00 W, 72, 1665 MHz
2026/09/23 17:57:42.908, 0, 98 %, 86 %, 7025 MiB, 49140 MiB, 291.62 W, 300.00 W, 74, 1800 MHz
2026/09/23 17:57:43.910, 0, 96 %, 85 %, 7025 MiB, 49140 MiB, 291.01 W, 300.00 W, 72, 1965 MHz
2026/09/23 17:57:44.910, 0, 99 %, 87 %, 7025 MiB, 49140 MiB, 293.68 W, 300.00 W, 73, 1590 MHz
2026/09/23 17:57:45.911, 0, 98 %, 90 %, 7025 MiB, 49140 MiB, 292.31 W, 300.00 W, 73, 1785 MHz
2026/09/23 17:57:46.912, 0, 98 %, 86 %, 7025 MiB, 49140 MiB, 293.49 W, 300.00 W, 74, 1860 MHz
2026/09/23 17:57:47.912, 0, 96 %, 84 %, 7025 MiB, 49140 MiB, 292.11 W, 300.00 W, 72, 1980 MHz
2026/09/23 17:57:48.913, 0, 99 %, 88 %, 7025 MiB, 49140 MiB, 293.80 W, 300.00 W, 74, 1545 MHz
2026/09/23 17:57:49.914, 0, 98 %, 86 %, 7025 MiB, 49140 MiB, 292.09 W, 300.00 W, 72, 1785 MHz
2026/09/23 17:57:50.915, 0, 97 %, 86 %, 7025 MiB, 49140 MiB, 292.80 W, 300.00 W, 74, 1935 MHz
2026/09/23 17:57:51.915, 0, 97 %, 85 %, 7025 MiB, 49140 MiB, 292.99 W, 300.00 W, 73, 1995 MHz
2026/09/23 17:57:52.916, 0, 99 %, 88 %, 7025 MiB, 49140 MiB, 292.08 W, 300.00 W, 73, 1590 MHz
2026/09/23 17:57:53.917, 0, 97 %, 86 %, 7025 MiB, 49140 MiB, 291.46 W, 300.00 W, 72, 1575 MHz
2026/09/23 17:57:54.919, 0, 97 %, 86 %, 7025 MiB, 49140 MiB, 292.20 W, 300.00 W, 75, 1905 MHz
2026/09/23 17:57:55.920, 0, 98 %, 86 %, 7025 MiB, 49140 MiB, 293.86 W, 300.00 W, 73, 1920 MHz
2026/09/23 17:57:56.921, 0, 97 %, 87 %, 7025 MiB, 49140 MiB, 294.50 W, 300.00 W, 73, 1680 MHz
2026/09/23 17:57:57.921, 0, 97 %, 84 %, 7025 MiB, 49140 MiB, 293.77 W, 300.00 W, 72, 1500 MHz
2026/09/23 17:57:58.923, 0, 98 %, 89 %, 7025 MiB, 49140 MiB, 292.36 W, 300.00 W, 74, 1785 MHz
2026/09/23 17:57:59.924, 0, 98 %, 87 %, 7025 MiB, 49140 MiB, 291.01 W, 300.00 W, 73, 1845 MHz
2026/09/23 17:58:00.925, 0, 90 %, 65 %, 7025 MiB, 49140 MiB, 297.57 W, 300.00 W, 74, 1530 MHz
2026/09/23 17:58:01.926, 0, 9 %, 0 %, 7025 MiB, 49140 MiB, 178.96 W, 300.00 W, 67, 2730 MHz
2026/09/23 17:58:02.927, 0, 0 %, 0 %, 7025 MiB, 49140 MiB, 87.98 W, 300.00 W, 67, 2730 MHz
2026/09/23 17:58:03.928, 0, 97 %, 87 %, 7025 MiB, 49140 MiB, 225.53 W, 300.00 W, 73, 1995 MHz
2026/09/23 17:58:04.929, 0, 97 %, 86 %, 7025 MiB, 49140 MiB, 292.09 W, 300.00 W, 72, 2055 MHz
2026/09/23 17:58:05.930, 0, 99 %, 88 %, 7025 MiB, 49140 MiB, 292.05 W, 300.00 W, 73, 1980 MHz
2026/09/23 17:58:06.932, 0, 97 %, 87 %, 7025 MiB, 49140 MiB, 289.17 W, 300.00 W, 72, 1605 MHz
2026/09/23 17:58:07.932, 0, 97 %, 85 %, 7025 MiB, 49140 MiB, 291.73 W, 300.00 W, 74, 1830 MHz
2026/09/23 17:58:08.933, 0, 96 %, 85 %, 7025 MiB, 49140 MiB, 291.97 W, 300.00 W, 72, 1605 MHz
2026/09/23 17:58:09.934, 0, 99 %, 89 %, 7025 MiB, 49140 MiB, 293.23 W, 300.00 W, 73, 1965 MHz
2026/09/23 17:58:10.936, 0, 98 %, 87 %, 7025 MiB, 49140 MiB, 291.80 W, 300.00 W, 71, 1575 MHz
2026/09/23 17:58:11.937, 0, 97 %, 86 %, 7025 MiB, 49140 MiB, 291.82 W, 300.00 W, 74, 1770 MHz
2026/09/23 17:58:12.938, 0, 97 %, 85 %, 7025 MiB, 49140 MiB, 292.27 W, 300.00 W, 73, 1710 MHz
2026/09/23 17:58:13.939, 0, 99 %, 88 %, 7025 MiB, 49140 MiB, 292.84 W, 300.00 W, 73, 1980 MHz
2026/09/23 17:58:14.941, 0, 96 %, 86 %, 7025 MiB, 49140 MiB, 291.78 W, 300.00 W, 72, 1560 MHz
2026/09/23 17:58:15.942, 0, 97 %, 84 %, 7025 MiB, 49140 MiB, 291.57 W, 300.00 W, 74, 1860 MHz
2026/09/23 17:58:16.944, 0, 98 %, 86 %, 7025 MiB, 49140 MiB, 292.22 W, 300.00 W, 73, 1620 MHz
2026/09/23 17:58:17.945, 0, 99 %, 89 %, 7025 MiB, 49140 MiB, 293.93 W, 300.00 W, 74, 1965 MHz
2026/09/23 17:58:18.945, 0, 98 %, 87 %, 7025 MiB, 49140 MiB, 291.58 W, 300.00 W, 72, 1575 MHz
2026/09/23 17:58:19.946, 0, 98 %, 86 %, 7025 MiB, 49140 MiB, 292.30 W, 300.00 W, 75, 1875 MHz
2026/09/23 17:58:20.947, 0, 98 %, 85 %, 7025 MiB, 49140 MiB, 293.16 W, 300.00 W, 72, 1650 MHz
2026/09/23 17:58:21.948, 0, 99 %, 88 %, 7025 MiB, 49140 MiB, 294.46 W, 300.00 W, 73, 1980 MHz
2026/09/23 17:58:22.949, 0, 97 %, 86 %, 7025 MiB, 49140 MiB, 292.16 W, 300.00 W, 72, 1545 MHz
2026/09/23 17:58:23.949, 0, 98 %, 87 %, 7025 MiB, 49140 MiB, 292.54 W, 300.00 W, 75, 1755 MHz
2026/09/23 17:58:24.950, 0, 98 %, 86 %, 7025 MiB, 49140 MiB, 291.89 W, 300.00 W, 72, 1695 MHz
2026/09/23 17:58:25.951, 0, 99 %, 88 %, 7025 MiB, 49140 MiB, 294.08 W, 300.00 W, 74, 1980 MHz
2026/09/23 17:58:26.952, 0, 97 %, 86 %, 7025 MiB, 49140 MiB, 292.14 W, 300.00 W, 73, 1560 MHz
2026/09/23 17:58:27.954, 0, 98 %, 87 %, 7025 MiB, 49140 MiB, 292.50 W, 300.00 W, 74, 1710 MHz
2026/09/23 17:58:28.955, 0, 98 %, 87 %, 7025 MiB, 49140 MiB, 295.41 W, 300.00 W, 73, 1530 MHz
2026/09/23 17:58:29.955, 0, 91 %, 64 %, 7025 MiB, 49140 MiB, 272.90 W, 300.00 W, 68, 2730 MHz
2026/09/23 17:58:30.956, 0, 0 %, 0 %, 7025 MiB, 49140 MiB, 87.52 W, 300.00 W, 67, 2730 MHz
2026/09/23 17:58:31.956, 0, 0 %, 0 %, 7025 MiB, 49140 MiB, 165.50 W, 300.00 W, 72, 1980 MHz
2026/09/23 17:58:32.957, 0, 97 %, 85 %, 7025 MiB, 49140 MiB, 293.25 W, 300.00 W, 72, 2025 MHz
2026/09/23 17:58:33.958, 0, 97 %, 85 %, 7025 MiB, 49140 MiB, 290.03 W, 300.00 W, 71, 1635 MHz
2026/09/23 17:58:34.959, 0, 93 %, 83 %, 7025 MiB, 49140 MiB, 288.95 W, 300.00 W, 74, 1920 MHz
2026/09/23 17:58:35.960, 0, 98 %, 86 %, 7025 MiB, 49140 MiB, 292.23 W, 300.00 W, 72, 1905 MHz
2026/09/23 17:58:36.960, 0, 97 %, 87 %, 7025 MiB, 49140 MiB, 292.10 W, 300.00 W, 73, 1995 MHz
2026/09/23 17:58:37.962, 0, 97 %, 85 %, 7025 MiB, 49140 MiB, 291.98 W, 300.00 W, 71, 1590 MHz
2026/09/23 17:58:38.962, 0, 97 %, 86 %, 7025 MiB, 49140 MiB, 292.37 W, 300.00 W, 74, 1575 MHz
2026/09/23 17:58:39.963, 0, 98 %, 86 %, 7025 MiB, 49140 MiB, 292.46 W, 300.00 W, 72, 1905 MHz
2026/09/23 17:58:40.965, 0, 95 %, 87 %, 7025 MiB, 49140 MiB, 292.92 W, 300.00 W, 73, 1920 MHz
2026/09/23 17:58:41.967, 0, 97 %, 84 %, 7025 MiB, 49140 MiB, 292.82 W, 300.00 W, 71, 1590 MHz
2026/09/23 17:58:42.968, 0, 97 %, 88 %, 7025 MiB, 49140 MiB, 291.84 W, 300.00 W, 73, 1545 MHz
2026/09/23 17:58:43.969, 0, 97 %, 85 %, 7025 MiB, 49140 MiB, 292.00 W, 300.00 W, 72, 1815 MHz
2026/09/23 17:58:44.970, 0, 97 %, 89 %, 7025 MiB, 49140 MiB, 292.85 W, 300.00 W, 73, 1905 MHz
2026/09/23 17:58:45.971, 0, 97 %, 85 %, 7025 MiB, 49140 MiB, 294.07 W, 300.00 W, 72, 1755 MHz
2026/09/23 17:58:46.972, 0, 98 %, 90 %, 7025 MiB, 49140 MiB, 291.87 W, 300.00 W, 73, 1515 MHz
2026/09/23 17:58:47.973, 0, 98 %, 86 %, 7025 MiB, 49140 MiB, 292.17 W, 300.00 W, 73, 1770 MHz
2026/09/23 17:58:48.974, 0, 97 %, 87 %, 7025 MiB, 49140 MiB, 292.66 W, 300.00 W, 73, 1860 MHz
2026/09/23 17:58:49.975, 0, 98 %, 86 %, 7025 MiB, 49140 MiB, 293.55 W, 300.00 W, 72, 1770 MHz
2026/09/23 17:58:50.976, 0, 98 %, 90 %, 7025 MiB, 49140 MiB, 291.91 W, 300.00 W, 73, 1515 MHz
2026/09/23 17:58:51.977, 0, 98 %, 87 %, 7025 MiB, 49140 MiB, 292.35 W, 300.00 W, 73, 1800 MHz
2026/09/23 17:58:52.978, 0, 96 %, 87 %, 7025 MiB, 49140 MiB, 292.53 W, 300.00 W, 73, 2055 MHz
2026/09/23 17:58:53.979, 0, 98 %, 85 %, 7025 MiB, 49140 MiB, 290.61 W, 300.00 W, 72, 1950 MHz
2026/09/23 17:58:54.981, 0, 98 %, 90 %, 7025 MiB, 49140 MiB, 291.05 W, 300.00 W, 73, 1650 MHz
2026/09/23 17:58:55.982, 0, 97 %, 85 %, 7025 MiB, 49140 MiB, 291.29 W, 300.00 W, 74, 1500 MHz
2026/09/23 17:58:56.984, 0, 97 %, 85 %, 7025 MiB, 49140 MiB, 288.83 W, 300.00 W, 72, 1785 MHz
2026/09/23 17:58:57.985, 0, 94 %, 67 %, 7025 MiB, 49140 MiB, 297.30 W, 300.00 W, 74, 1515 MHz
2026/09/23 17:58:58.985, 0, 0 %, 0 %, 7025 MiB, 49140 MiB, 181.14 W, 300.00 W, 67, 2730 MHz
2026/09/23 17:58:59.986, 0, 96 %, 86 %, 7025 MiB, 49140 MiB, 231.47 W, 300.00 W, 72, 1920 MHz
2026/09/23 17:59:00.987, 0, 97 %, 87 %, 7025 MiB, 49140 MiB, 291.59 W, 300.00 W, 74, 1575 MHz
2026/09/23 17:59:01.988, 0, 97 %, 86 %, 7025 MiB, 49140 MiB, 289.17 W, 300.00 W, 72, 1800 MHz
2026/09/23 17:59:02.988, 0, 97 %, 90 %, 7025 MiB, 49140 MiB, 289.53 W, 300.00 W, 72, 1905 MHz
2026/09/23 17:59:03.989, 0, 98 %, 87 %, 7025 MiB, 49140 MiB, 290.66 W, 300.00 W, 73, 1815 MHz
2026/09/23 17:59:04.990, 0, 97 %, 86 %, 7025 MiB, 49140 MiB, 290.28 W, 300.00 W, 72, 1980 MHz
2026/09/23 17:59:05.991, 0, 97 %, 85 %, 7025 MiB, 49140 MiB, 288.04 W, 300.00 W, 74, 1560 MHz
2026/09/23 17:59:06.991, 0, 96 %, 85 %, 7025 MiB, 49140 MiB, 290.12 W, 300.00 W, 72, 1875 MHz
2026/09/23 17:59:07.993, 0, 99 %, 89 %, 7025 MiB, 49140 MiB, 291.42 W, 300.00 W, 73, 1920 MHz
2026/09/23 17:59:08.994, 0, 93 %, 83 %, 7025 MiB, 49140 MiB, 291.10 W, 300.00 W, 73, 1875 MHz
2026/09/23 17:59:09.995, 0, 98 %, 87 %, 7025 MiB, 49140 MiB, 292.60 W, 300.00 W, 74, 1575 MHz
2026/09/23 17:59:10.995, 0, 97 %, 86 %, 7025 MiB, 49140 MiB, 290.92 W, 300.00 W, 73, 1875 MHz
2026/09/23 17:59:11.996, 0, 98 %, 86 %, 7025 MiB, 49140 MiB, 293.80 W, 300.00 W, 73, 1740 MHz
2026/09/23 17:59:12.997, 0, 98 %, 85 %, 7025 MiB, 49140 MiB, 291.67 W, 300.00 W, 71, 2010 MHz
2026/09/23 17:59:13.998, 0, 97 %, 87 %, 7025 MiB, 49140 MiB, 292.05 W, 300.00 W, 73, 1560 MHz
2026/09/23 17:59:14.999, 0, 97 %, 86 %, 7025 MiB, 49140 MiB, 292.79 W, 300.00 W, 73, 1605 MHz
2026/09/23 17:59:16.002, 0, 98 %, 90 %, 7025 MiB, 49140 MiB, 291.50 W, 300.00 W, 73, 1950 MHz
2026/09/23 17:59:17.003, 0, 98 %, 86 %, 7025 MiB, 49140 MiB, 292.93 W, 300.00 W, 71, 2055 MHz
2026/09/23 17:59:18.003, 0, 98 %, 89 %, 7025 MiB, 49140 MiB, 290.46 W, 300.00 W, 75, 1560 MHz
2026/09/23 17:59:19.004, 0, 94 %, 83 %, 7025 MiB, 49140 MiB, 291.63 W, 300.00 W, 73, 1905 MHz
2026/09/23 17:59:20.005, 0, 97 %, 85 %, 7025 MiB, 49140 MiB, 293.83 W, 300.00 W, 74, 1620 MHz
2026/09/23 17:59:21.006, 0, 96 %, 85 %, 7025 MiB, 49140 MiB, 291.17 W, 300.00 W, 73, 1845 MHz
2026/09/23 17:59:22.007, 0, 93 %, 82 %, 7025 MiB, 49140 MiB, 292.02 W, 300.00 W, 75, 1515 MHz
2026/09/23 17:59:23.008, 0, 94 %, 82 %, 7025 MiB, 49140 MiB, 291.59 W, 300.00 W, 73, 1785 MHz
2026/09/23 17:59:24.009, 0, 100 %, 89 %, 7025 MiB, 49140 MiB, 294.41 W, 300.00 W, 74, 1635 MHz
2026/09/23 17:59:25.010, 0, 97 %, 88 %, 7025 MiB, 49140 MiB, 291.40 W, 300.00 W, 73, 1605 MHz
2026/09/23 17:59:26.010, 0, 96 %, 68 %, 7025 MiB, 49140 MiB, 298.98 W, 300.00 W, 74, 1695 MHz
2026/09/23 17:59:27.011, 0, 0 %, 0 %, 7025 MiB, 49140 MiB, 113.33 W, 300.00 W, 67, 2730 MHz
2026/09/23 17:59:28.011, 0, 0 %, 0 %, 7025 MiB, 49140 MiB, 144.33 W, 300.00 W, 71, 1785 MHz
2026/09/23 17:59:29.012, 0, 99 %, 89 %, 7025 MiB, 49140 MiB, 292.65 W, 300.00 W, 72, 1650 MHz
2026/09/23 17:59:30.013, 0, 98 %, 86 %, 7025 MiB, 49140 MiB, 290.89 W, 300.00 W, 71, 2010 MHz
2026/09/23 17:59:31.014, 0, 97 %, 88 %, 7025 MiB, 49140 MiB, 291.41 W, 300.00 W, 73, 1620 MHz
2026/09/23 17:59:32.016, 0, 97 %, 86 %, 7025 MiB, 49140 MiB, 292.17 W, 300.00 W, 73, 1590 MHz
2026/09/23 17:59:33.017, 0, 98 %, 88 %, 7025 MiB, 49140 MiB, 292.58 W, 300.00 W, 72, 1725 MHz
2026/09/23 17:59:34.018, 0, 99 %, 87 %, 7025 MiB, 49140 MiB, 293.76 W, 300.00 W, 73, 1725 MHz
2026/09/23 17:59:35.018, 0, 98 %, 86 %, 7025 MiB, 49140 MiB, 292.28 W, 300.00 W, 72, 1860 MHz
2026/09/23 17:59:36.019, 0, 98 %, 88 %, 7025 MiB, 49140 MiB, 292.72 W, 300.00 W, 74, 1590 MHz
2026/09/23 17:59:37.020, 0, 98 %, 86 %, 7025 MiB, 49140 MiB, 292.51 W, 300.00 W, 73, 1740 MHz
2026/09/23 17:59:38.021, 0, 96 %, 89 %, 7025 MiB, 49140 MiB, 292.27 W, 300.00 W, 73, 1950 MHz
2026/09/23 17:59:39.022, 0, 97 %, 85 %, 7025 MiB, 49140 MiB, 293.58 W, 300.00 W, 72, 2040 MHz
2026/09/23 17:59:40.023, 0, 96 %, 90 %, 7025 MiB, 49140 MiB, 291.85 W, 300.00 W, 73, 1635 MHz
2026/09/23 17:59:41.023, 0, 98 %, 86 %, 7025 MiB, 49140 MiB, 290.23 W, 300.00 W, 73, 1560 MHz
2026/09/23 17:59:42.024, 0, 97 %, 86 %, 7025 MiB, 49140 MiB, 291.37 W, 300.00 W, 72, 1590 MHz
2026/09/23 17:59:43.025, 0, 96 %, 85 %, 7025 MiB, 49140 MiB, 293.17 W, 300.00 W, 73, 1965 MHz
2026/09/23 17:59:44.026, 0, 98 %, 88 %, 7025 MiB, 49140 MiB, 291.87 W, 300.00 W, 73, 1935 MHz
2026/09/23 17:59:45.027, 0, 97 %, 86 %, 7025 MiB, 49140 MiB, 293.03 W, 300.00 W, 74, 1665 MHz
2026/09/23 17:59:46.027, 0, 97 %, 85 %, 7025 MiB, 49140 MiB, 291.29 W, 300.00 W, 73, 1515 MHz
2026/09/23 17:59:47.028, 0, 99 %, 88 %, 7025 MiB, 49140 MiB, 293.76 W, 300.00 W, 73, 1770 MHz
2026/09/23 17:59:48.029, 0, 97 %, 85 %, 7025 MiB, 49140 MiB, 290.44 W, 300.00 W, 72, 1635 MHz
2026/09/23 17:59:49.030, 0, 95 %, 83 %, 7025 MiB, 49140 MiB, 290.70 W, 300.00 W, 74, 1590 MHz
2026/09/23 17:59:50.031, 0, 97 %, 86 %, 7025 MiB, 49140 MiB, 291.97 W, 300.00 W, 73, 1515 MHz
2026/09/23 17:59:51.032, 0, 95 %, 84 %, 7025 MiB, 49140 MiB, 292.01 W, 300.00 W, 73, 1845 MHz
2026/09/23 17:59:52.033, 0, 97 %, 89 %, 7025 MiB, 49140 MiB, 290.96 W, 300.00 W, 73, 1980 MHz
2026/09/23 17:59:53.034, 0, 89 %, 78 %, 7025 MiB, 49140 MiB, 290.43 W, 300.00 W, 73, 1530 MHz
2026/09/23 17:59:54.035, 0, 93 %, 68 %, 7025 MiB, 49140 MiB, 297.74 W, 300.00 W, 74, 1515 MHz
2026/09/23 17:59:55.035, 0, 79 %, 57 %, 7025 MiB, 49140 MiB, 193.68 W, 300.00 W, 67, 2505 MHz
2026/09/23 17:59:56.036, 0, 0 %, 0 %, 7025 MiB, 49140 MiB, 73.19 W, 300.00 W, 66, 2505 MHz
2026/09/23 17:59:57.037, 0, 97 %, 86 %, 7025 MiB, 49140 MiB, 212.53 W, 300.00 W, 72, 1590 MHz
2026/09/23 17:59:58.038, 0, 97 %, 87 %, 7025 MiB, 49140 MiB, 288.84 W, 300.00 W, 71, 1545 MHz
2026/09/23 17:59:59.038, 0, 98 %, 89 %, 7025 MiB, 49140 MiB, 290.85 W, 300.00 W, 73, 1725 MHz
2026/09/23 18:00:00.039, 0, 98 %, 87 %, 7025 MiB, 49140 MiB, 290.30 W, 300.00 W, 71, 1635 MHz
2026/09/23 18:00:01.041, 0, 98 %, 88 %, 7025 MiB, 49140 MiB, 289.51 W, 300.00 W, 73, 1980 MHz
2026/09/23 18:00:02.043, 0, 96 %, 85 %, 7025 MiB, 49140 MiB, 288.00 W, 300.00 W, 72, 1605 MHz
2026/09/23 18:00:03.043, 0, 96 %, 85 %, 7025 MiB, 49140 MiB, 289.64 W, 300.00 W, 72, 1845 MHz
2026/09/23 18:00:04.044, 0, 98 %, 86 %, 7025 MiB, 49140 MiB, 291.33 W, 300.00 W, 71, 1650 MHz
2026/09/23 18:00:05.045, 0, 97 %, 88 %, 7025 MiB, 49140 MiB, 291.08 W, 300.00 W, 73, 2010 MHz
2026/09/23 18:00:06.046, 0, 98 %, 87 %, 7025 MiB, 49140 MiB, 290.61 W, 300.00 W, 72, 1560 MHz
2026/09/23 18:00:07.047, 0, 97 %, 87 %, 7025 MiB, 49140 MiB, 289.83 W, 300.00 W, 72, 1770 MHz
2026/09/23 18:00:08.048, 0, 98 %, 86 %, 7025 MiB, 49140 MiB, 291.93 W, 300.00 W, 72, 1890 MHz
2026/09/23 18:00:09.049, 0, 98 %, 90 %, 7025 MiB, 49140 MiB, 292.36 W, 300.00 W, 73, 2010 MHz
2026/09/23 18:00:10.050, 0, 96 %, 84 %, 7025 MiB, 49140 MiB, 292.57 W, 300.00 W, 74, 1710 MHz
2026/09/23 18:00:11.051, 0, 97 %, 85 %, 7025 MiB, 49140 MiB, 292.45 W, 300.00 W, 73, 1515 MHz
2026/09/23 18:00:12.052, 0, 98 %, 86 %, 7025 MiB, 49140 MiB, 294.30 W, 300.00 W, 73, 1875 MHz
2026/09/23 18:00:13.053, 0, 97 %, 84 %, 7025 MiB, 49140 MiB, 293.02 W, 300.00 W, 71, 1695 MHz
2026/09/23 18:00:14.054, 0, 96 %, 88 %, 7025 MiB, 49140 MiB, 291.51 W, 300.00 W, 73, 2025 MHz
2026/09/23 18:00:15.055, 0, 96 %, 85 %, 7025 MiB, 49140 MiB, 291.99 W, 300.00 W, 73, 1560 MHz
2026/09/23 18:00:16.056, 0, 97 %, 90 %, 7025 MiB, 49140 MiB, 292.34 W, 300.00 W, 73, 1815 MHz
2026/09/23 18:00:17.057, 0, 97 %, 85 %, 7025 MiB, 49140 MiB, 293.19 W, 300.00 W, 72, 1890 MHz
2026/09/23 18:00:18.059, 0, 97 %, 90 %, 7025 MiB, 49140 MiB, 290.85 W, 300.00 W, 73, 2025 MHz
2026/09/23 18:00:19.059, 0, 98 %, 86 %, 7025 MiB, 49140 MiB, 291.02 W, 300.00 W, 74, 1635 MHz
2026/09/23 18:00:20.060, 0, 97 %, 85 %, 7025 MiB, 49140 MiB, 290.70 W, 300.00 W, 73, 1500 MHz
2026/09/23 18:00:21.063, 0, 99 %, 88 %, 7025 MiB, 49140 MiB, 294.04 W, 300.00 W, 73, 1785 MHz
2026/09/23 18:00:22.064, 0, 97 %, 86 %, 7025 MiB, 49140 MiB, 293.52 W, 300.00 W, 74, 1380 MHz
2026/09/23 18:00:23.065, 0, 96 %, 67 %, 7025 MiB, 49140 MiB, 283.28 W, 300.00 W, 68, 2505 MHz
2026/09/23 18:00:24.065, 0, 0 %, 0 %, 7025 MiB, 49140 MiB, 129.63 W, 300.00 W, 72, 1965 MHz
2026/09/23 18:00:25.067, 0, 97 %, 85 %, 7025 MiB, 49140 MiB, 290.63 W, 300.00 W, 74, 1740 MHz
2026/09/23 18:00:26.067, 0, 98 %, 87 %, 7025 MiB, 49140 MiB, 292.11 W, 300.00 W, 73, 1560 MHz
2026/09/23 18:00:27.069, 0, 98 %, 89 %, 7025 MiB, 49140 MiB, 293.25 W, 300.00 W, 73, 1830 MHz
2026/09/23 18:00:28.070, 0, 96 %, 83 %, 7025 MiB, 49140 MiB, 291.17 W, 300.00 W, 71, 1680 MHz
2026/09/23 18:00:29.070, 0, 98 %, 88 %, 7025 MiB, 49140 MiB, 289.33 W, 300.00 W, 74, 1950 MHz
2026/09/23 18:00:30.071, 0, 98 %, 86 %, 7025 MiB, 49140 MiB, 291.24 W, 300.00 W, 72, 1590 MHz
2026/09/23 18:00:31.072, 0, 97 %, 89 %, 7025 MiB, 49140 MiB, 293.77 W, 300.00 W, 73, 1785 MHz
2026/09/23 18:00:32.072, 0, 98 %, 86 %, 7025 MiB, 49140 MiB, 293.17 W, 300.00 W, 72, 1860 MHz
2026/09/23 18:00:33.073, 0, 98 %, 90 %, 7025 MiB, 49140 MiB, 291.90 W, 300.00 W, 73, 1695 MHz
2026/09/23 18:00:34.076, 0, 96 %, 84 %, 7025 MiB, 49140 MiB, 291.85 W, 300.00 W, 73, 2010 MHz
2026/09/23 18:00:35.077, 0, 97 %, 87 %, 7025 MiB, 49140 MiB, 291.68 W, 300.00 W, 73, 1560 MHz
2026/09/23 18:00:36.078, 0, 98 %, 86 %, 7025 MiB, 49140 MiB, 292.76 W, 300.00 W, 72, 1935 MHz
2026/09/23 18:00:37.079, 0, 96 %, 90 %, 7025 MiB, 49140 MiB, 291.12 W, 300.00 W, 73, 1665 MHz
2026/09/23 18:00:38.083, 0, 95 %, 83 %, 7025 MiB, 49140 MiB, 291.41 W, 300.00 W, 73, 1965 MHz
2026/09/23 18:00:39.083, 0, 97 %, 87 %, 7025 MiB, 49140 MiB, 292.43 W, 300.00 W, 73, 1560 MHz
2026/09/23 18:00:40.084, 0, 99 %, 87 %, 7025 MiB, 49140 MiB, 293.46 W, 300.00 W, 73, 1755 MHz
2026/09/23 18:00:41.085, 0, 98 %, 87 %, 7025 MiB, 49140 MiB, 292.36 W, 300.00 W, 73, 1920 MHz
2026/09/23 18:00:42.086, 0, 96 %, 85 %, 7025 MiB, 49140 MiB, 291.25 W, 300.00 W, 74, 2055 MHz
2026/09/23 18:00:43.087, 0, 96 %, 86 %, 7025 MiB, 49140 MiB, 290.72 W, 300.00 W, 73, 1560 MHz
2026/09/23 18:00:44.089, 0, 98 %, 86 %, 7025 MiB, 49140 MiB, 293.62 W, 300.00 W, 73, 1965 MHz
2026/09/23 18:00:45.090, 0, 97 %, 88 %, 7025 MiB, 49140 MiB, 292.18 W, 300.00 W, 73, 1815 MHz
2026/09/23 18:00:46.091, 0, 97 %, 85 %, 7025 MiB, 49140 MiB, 292.61 W, 300.00 W, 74, 2130 MHz
2026/09/23 18:00:47.095, 0, 98 %, 87 %, 7025 MiB, 49140 MiB, 291.46 W, 300.00 W, 73, 1560 MHz
2026/09/23 18:00:48.096, 0, 98 %, 87 %, 7025 MiB, 49140 MiB, 293.27 W, 300.00 W, 73, 1860 MHz
2026/09/23 18:00:49.097, 0, 97 %, 90 %, 7025 MiB, 49140 MiB, 292.71 W, 300.00 W, 73, 1785 MHz
2026/09/23 18:00:50.097, 0, 87 %, 64 %, 7025 MiB, 49140 MiB, 296.36 W, 300.00 W, 74, 1470 MHz
2026/09/23 18:00:51.098, 0, 96 %, 67 %, 7025 MiB, 49140 MiB, 192.31 W, 300.00 W, 68, 2730 MHz
2026/09/23 18:00:52.098, 0, 0 %, 0 %, 7025 MiB, 49140 MiB, 87.24 W, 300.00 W, 67, 2730 MHz
2026/09/23 18:00:53.099, 0, 99 %, 89 %, 7025 MiB, 49140 MiB, 218.76 W, 300.00 W, 73, 1605 MHz
2026/09/23 18:00:54.100, 0, 98 %, 87 %, 7025 MiB, 49140 MiB, 291.12 W, 300.00 W, 71, 1785 MHz
2026/09/23 18:00:55.101, 0, 98 %, 88 %, 7025 MiB, 49140 MiB, 291.26 W, 300.00 W, 73, 1635 MHz
2026/09/23 18:00:56.101, 0, 97 %, 86 %, 7025 MiB, 49140 MiB, 290.05 W, 300.00 W, 73, 1965 MHz
2026/09/23 18:00:57.102, 0, 98 %, 88 %, 7025 MiB, 49140 MiB, 289.88 W, 300.00 W, 72, 1575 MHz
2026/09/23 18:00:58.103, 0, 99 %, 87 %, 7025 MiB, 49140 MiB, 292.18 W, 300.00 W, 73, 1650 MHz
2026/09/23 18:00:59.104, 0, 98 %, 87 %, 7025 MiB, 49140 MiB, 290.03 W, 300.00 W, 71, 1755 MHz
2026/09/23 18:01:00.104, 0, 97 %, 87 %, 7025 MiB, 49140 MiB, 289.21 W, 300.00 W, 74, 1755 MHz
2026/09/23 18:01:01.105, 0, 98 %, 87 %, 7025 MiB, 49140 MiB, 289.43 W, 300.00 W, 72, 1860 MHz
2026/09/23 18:01:02.106, 0, 97 %, 89 %, 7025 MiB, 49140 MiB, 292.52 W, 300.00 W, 73, 1560 MHz
2026/09/23 18:01:03.107, 0, 98 %, 86 %, 7025 MiB, 49140 MiB, 293.63 W, 300.00 W, 72, 1875 MHz
2026/09/23 18:01:04.108, 0, 96 %, 88 %, 7025 MiB, 49140 MiB, 292.32 W, 300.00 W, 73, 1935 MHz
2026/09/23 18:01:05.109, 0, 97 %, 85 %, 7025 MiB, 49140 MiB, 292.75 W, 300.00 W, 75, 1950 MHz
2026/09/23 18:01:06.109, 0, 97 %, 85 %, 7025 MiB, 49140 MiB, 291.88 W, 300.00 W, 72, 1635 MHz
2026/09/23 18:01:07.110, 0, 99 %, 89 %, 7025 MiB, 49140 MiB, 293.32 W, 300.00 W, 73, 1560 MHz
2026/09/23 18:01:08.111, 0, 97 %, 87 %, 7025 MiB, 49140 MiB, 291.39 W, 300.00 W, 72, 1725 MHz
2026/09/23 18:01:09.111, 0, 97 %, 86 %, 7025 MiB, 49140 MiB, 291.08 W, 300.00 W, 75, 1965 MHz
2026/09/23 18:01:10.112, 0, 95 %, 85 %, 7025 MiB, 49140 MiB, 290.77 W, 300.00 W, 73, 1620 MHz
2026/09/23 18:01:11.113, 0, 98 %, 88 %, 7025 MiB, 49140 MiB, 293.00 W, 300.00 W, 73, 1530 MHz
2026/09/23 18:01:12.114, 0, 98 %, 88 %, 7025 MiB, 49140 MiB, 292.41 W, 300.00 W, 72, 1740 MHz
2026/09/23 18:01:13.115, 0, 98 %, 87 %, 7025 MiB, 49140 MiB, 291.86 W, 300.00 W, 74, 1830 MHz
2026/09/23 18:01:14.115, 0, 96 %, 85 %, 7025 MiB, 49140 MiB, 292.48 W, 300.00 W, 73, 1830 MHz
2026/09/23 18:01:15.116, 0, 98 %, 87 %, 7025 MiB, 49140 MiB, 291.58 W, 300.00 W, 73, 1530 MHz
2026/09/23 18:01:16.117, 0, 96 %, 87 %, 7025 MiB, 49140 MiB, 289.90 W, 300.00 W, 72, 1755 MHz
2026/09/23 18:01:17.118, 0, 96 %, 86 %, 7025 MiB, 49140 MiB, 291.36 W, 300.00 W, 75, 1830 MHz
2026/09/23 18:01:18.119, 0, 97 %, 86 %, 7025 MiB, 49140 MiB, 294.42 W, 300.00 W, 74, 1455 MHz
2026/09/23 18:01:19.120, 0, 93 %, 65 %, 7025 MiB, 49140 MiB, 272.78 W, 300.00 W, 69, 2730 MHz
2026/09/23 18:01:20.120, 0, 0 %, 0 %, 7025 MiB, 49140 MiB, 87.36 W, 300.00 W, 67, 2745 MHz
2026/09/23 18:01:21.121, 0, 0 %, 0 %, 7025 MiB, 49140 MiB, 172.34 W, 300.00 W, 72, 1830 MHz
2026/09/23 18:01:22.122, 0, 97 %, 87 %, 7025 MiB, 49140 MiB, 292.00 W, 300.00 W, 74, 1965 MHz
2026/09/23 18:01:23.123, 0, 98 %, 87 %, 7025 MiB, 49140 MiB, 292.12 W, 300.00 W, 72, 1995 MHz
2026/09/23 18:01:24.123, 0, 97 %, 85 %, 7025 MiB, 49140 MiB, 291.77 W, 300.00 W, 72, 1680 MHz
2026/09/23 18:01:25.124, 0, 97 %, 87 %, 7025 MiB, 49140 MiB, 291.32 W, 300.00 W, 71, 1590 MHz
2026/09/23 18:01:26.125, 0, 98 %, 87 %, 7025 MiB, 49140 MiB, 291.32 W, 300.00 W, 73, 1860 MHz
2026/09/23 18:01:27.126, 0, 98 %, 87 %, 7025 MiB, 49140 MiB, 289.76 W, 300.00 W, 73, 1650 MHz
2026/09/23 18:01:28.127, 0, 97 %, 88 %, 7025 MiB, 49140 MiB, 289.46 W, 300.00 W, 72, 1965 MHz
2026/09/23 18:01:29.127, 0, 97 %, 87 %, 7025 MiB, 49140 MiB, 292.62 W, 300.00 W, 73, 1650 MHz
2026/09/23 18:01:30.128, 0, 97 %, 88 %, 7025 MiB, 49140 MiB, 292.69 W, 300.00 W, 71, 1530 MHz
2026/09/23 18:01:31.129, 0, 97 %, 87 %, 7025 MiB, 49140 MiB, 291.86 W, 300.00 W, 73, 1770 MHz
2026/09/23 18:01:32.129, 0, 97 %, 87 %, 7025 MiB, 49140 MiB, 291.79 W, 300.00 W, 73, 1665 MHz
2026/09/23 18:01:33.130, 0, 98 %, 87 %, 7025 MiB, 49140 MiB, 291.45 W, 300.00 W, 72, 1890 MHz
2026/09/23 18:01:34.131, 0, 97 %, 87 %, 7025 MiB, 49140 MiB, 293.62 W, 300.00 W, 74, 1545 MHz
2026/09/23 18:01:35.132, 0, 97 %, 86 %, 7025 MiB, 49140 MiB, 291.57 W, 300.00 W, 72, 1815 MHz
2026/09/23 18:01:36.133, 0, 97 %, 86 %, 7025 MiB, 49140 MiB, 291.95 W, 300.00 W, 74, 1785 MHz
2026/09/23 18:01:37.134, 0, 94 %, 84 %, 7025 MiB, 49140 MiB, 290.49 W, 300.00 W, 72, 1905 MHz
2026/09/23 18:01:38.134, 0, 97 %, 87 %, 7025 MiB, 49140 MiB, 292.65 W, 300.00 W, 73, 1545 MHz
2026/09/23 18:01:39.136, 0, 98 %, 86 %, 7025 MiB, 49140 MiB, 288.33 W, 300.00 W, 73, 1905 MHz
2026/09/23 18:01:40.136, 0, 97 %, 87 %, 7025 MiB, 49140 MiB, 290.35 W, 300.00 W, 74, 1650 MHz
2026/09/23 18:01:41.137, 0, 97 %, 86 %, 7025 MiB, 49140 MiB, 289.59 W, 300.00 W, 73, 2010 MHz
2026/09/23 18:01:42.138, 0, 98 %, 88 %, 7025 MiB, 49140 MiB, 293.16 W, 300.00 W, 74, 1545 MHz
2026/09/23 18:01:43.139, 0, 97 %, 87 %, 7025 MiB, 49140 MiB, 291.62 W, 300.00 W, 72, 1785 MHz
2026/09/23 18:01:44.140, 0, 96 %, 86 %, 7025 MiB, 49140 MiB, 291.21 W, 300.00 W, 74, 1830 MHz
2026/09/23 18:01:45.141, 0, 96 %, 86 %, 7025 MiB, 49140 MiB, 291.17 W, 300.00 W, 72, 1995 MHz
2026/09/23 18:01:46.142, 0, 97 %, 87 %, 7025 MiB, 49140 MiB, 293.36 W, 300.00 W, 73, 1590 MHz
2026/09/23 18:01:47.143, 0, 94 %, 69 %, 7025 MiB, 49140 MiB, 297.46 W, 300.00 W, 73, 1335 MHz
2026/09/23 18:01:48.143, 0, 9 %, 0 %, 7025 MiB, 49140 MiB, 166.54 W, 300.00 W, 67, 2730 MHz
2026/09/23 18:01:49.144, 0, 0 %, 0 %, 7025 MiB, 49140 MiB, 98.69 W, 300.00 W, 66, 1980 MHz
2026/09/23 18:01:50.145, 0, 98 %, 88 %, 7025 MiB, 49140 MiB, 290.04 W, 300.00 W, 74, 1965 MHz
2026/09/23 18:01:51.145, 0, 98 %, 87 %, 7025 MiB, 49140 MiB, 290.94 W, 300.00 W, 72, 2025 MHz
2026/09/23 18:01:52.146, 0, 98 %, 87 %, 7025 MiB, 49140 MiB, 293.85 W, 300.00 W, 72, 1770 MHz
2026/09/23 18:01:53.147, 0, 98 %, 87 %, 7025 MiB, 49140 MiB, 292.90 W, 300.00 W, 72, 1545 MHz
2026/09/23 18:01:54.147, 0, 97 %, 85 %, 7025 MiB, 49140 MiB, 291.38 W, 300.00 W, 73, 1815 MHz
2026/09/23 18:01:55.149, 0, 98 %, 88 %, 7025 MiB, 49140 MiB, 292.29 W, 300.00 W, 74, 1845 MHz
2026/09/23 18:01:56.149, 0, 98 %, 87 %, 7025 MiB, 49140 MiB, 289.76 W, 300.00 W, 73, 2040 MHz
2026/09/23 18:01:57.151, 0, 97 %, 86 %, 7025 MiB, 49140 MiB, 291.59 W, 300.00 W, 73, 1680 MHz
2026/09/23 18:01:58.152, 0, 94 %, 84 %, 7025 MiB, 49140 MiB, 288.10 W, 300.00 W, 72, 1650 MHz
2026/09/23 18:01:59.154, 0, 98 %, 87 %, 7025 MiB, 49140 MiB, 291.68 W, 300.00 W, 74, 1875 MHz
2026/09/23 18:02:00.155, 0, 98 %, 88 %, 7025 MiB, 49140 MiB, 291.87 W, 300.00 W, 72, 1905 MHz
2026/09/23 18:02:01.155, 0, 97 %, 86 %, 7025 MiB, 49140 MiB, 293.06 W, 300.00 W, 72, 1830 MHz
2026/09/23 18:02:02.157, 0, 98 %, 86 %, 7025 MiB, 49140 MiB, 293.02 W, 300.00 W, 72, 1530 MHz
2026/09/23 18:02:03.158, 0, 98 %, 86 %, 7025 MiB, 49140 MiB, 290.85 W, 300.00 W, 73, 1815 MHz
2026/09/23 18:02:04.159, 0, 98 %, 88 %, 7025 MiB, 49140 MiB, 291.47 W, 300.00 W, 73, 1635 MHz
2026/09/23 18:02:05.162, 0, 98 %, 87 %, 7025 MiB, 49140 MiB, 292.00 W, 300.00 W, 72, 1980 MHz
2026/09/23 18:02:06.163, 0, 97 %, 87 %, 7025 MiB, 49140 MiB, 293.42 W, 300.00 W, 73, 1590 MHz
2026/09/23 18:02:07.164, 0, 98 %, 87 %, 7025 MiB, 49140 MiB, 292.49 W, 300.00 W, 72, 1740 MHz
2026/09/23 18:02:08.164, 0, 98 %, 87 %, 7025 MiB, 49140 MiB, 291.33 W, 300.00 W, 74, 1905 MHz
2026/09/23 18:02:09.169, 0, 93 %, 84 %, 7025 MiB, 49140 MiB, 291.51 W, 300.00 W, 72, 1710 MHz
2026/09/23 18:02:10.169, 0, 96 %, 86 %, 7025 MiB, 49140 MiB, 294.08 W, 300.00 W, 73, 1980 MHz
2026/09/23 18:02:11.170, 0, 98 %, 87 %, 7025 MiB, 49140 MiB, 290.90 W, 300.00 W, 71, 1575 MHz
2026/09/23 18:02:12.171, 0, 98 %, 87 %, 7025 MiB, 49140 MiB, 289.98 W, 300.00 W, 73, 1530 MHz
2026/09/23 18:02:13.172, 0, 97 %, 87 %, 7025 MiB, 49140 MiB, 290.22 W, 300.00 W, 73, 1710 MHz
2026/09/23 18:02:14.174, 0, 98 %, 88 %, 7025 MiB, 49140 MiB, 290.55 W, 300.00 W, 73, 1635 MHz
2026/09/23 18:02:15.175, 0, 96 %, 86 %, 7025 MiB, 49140 MiB, 294.43 W, 300.00 W, 73, 1485 MHz
2026/09/23 18:02:16.175, 0, 94 %, 66 %, 7025 MiB, 49140 MiB, 240.28 W, 300.00 W, 68, 2730 MHz
2026/09/23 18:02:17.176, 0, 0 %, 0 %, 7025 MiB, 49140 MiB, 87.90 W, 300.00 W, 67, 2730 MHz
2026/09/23 18:02:18.176, 0, 97 %, 90 %, 7025 MiB, 49140 MiB, 212.60 W, 300.00 W, 70, 1635 MHz
2026/09/23 18:02:19.178, 0, 97 %, 86 %, 7025 MiB, 49140 MiB, 289.19 W, 300.00 W, 73, 1560 MHz
2026/09/23 18:02:20.178, 0, 98 %, 88 %, 7025 MiB, 49140 MiB, 289.53 W, 300.00 W, 72, 1785 MHz
2026/09/23 18:02:21.180, 0, 97 %, 87 %, 7025 MiB, 49140 MiB, 289.30 W, 300.00 W, 72, 1605 MHz
2026/09/23 18:02:22.181, 0, 98 %, 88 %, 7025 MiB, 49140 MiB, 290.65 W, 300.00 W, 72, 1980 MHz
2026/09/23 18:02:23.182, 0, 98 %, 88 %, 7025 MiB, 49140 MiB, 290.43 W, 300.00 W, 72, 1575 MHz
2026/09/23 18:02:24.183, 0, 96 %, 86 %, 7025 MiB, 49140 MiB, 290.99 W, 300.00 W, 74, 1830 MHz
2026/09/23 18:02:25.184, 0, 97 %, 87 %, 7025 MiB, 49140 MiB, 290.46 W, 300.00 W, 72, 1605 MHz
2026/09/23 18:02:26.185, 0, 97 %, 86 %, 7025 MiB, 49140 MiB, 291.12 W, 300.00 W, 72, 1845 MHz
2026/09/23 18:02:27.186, 0, 97 %, 86 %, 7025 MiB, 49140 MiB, 291.90 W, 300.00 W, 72, 1590 MHz
2026/09/23 18:02:28.189, 0, 97 %, 86 %, 7025 MiB, 49140 MiB, 291.49 W, 300.00 W, 74, 1875 MHz
2026/09/23 18:02:29.189, 0, 95 %, 85 %, 7025 MiB, 49140 MiB, 289.81 W, 300.00 W, 72, 1860 MHz
2026/09/23 18:02:30.190, 0, 98 %, 87 %, 7025 MiB, 49140 MiB, 292.99 W, 300.00 W, 73, 1875 MHz
2026/09/23 18:02:31.191, 0, 97 %, 86 %, 7025 MiB, 49140 MiB, 291.71 W, 300.00 W, 73, 1545 MHz
2026/09/23 18:02:32.193, 0, 97 %, 86 %, 7025 MiB, 49140 MiB, 292.07 W, 300.00 W, 73, 1875 MHz
2026/09/23 18:02:33.193, 0, 97 %, 87 %, 7025 MiB, 49140 MiB, 292.32 W, 300.00 W, 72, 1815 MHz
2026/09/23 18:02:34.194, 0, 96 %, 85 %, 7025 MiB, 49140 MiB, 290.76 W, 300.00 W, 73, 1950 MHz
2026/09/23 18:02:35.194, 0, 98 %, 88 %, 7025 MiB, 49140 MiB, 292.30 W, 300.00 W, 72, 1575 MHz
2026/09/23 18:02:36.195, 0, 93 %, 83 %, 7025 MiB, 49140 MiB, 291.27 W, 300.00 W, 74, 1800 MHz
2026/09/23 18:02:37.196, 0, 98 %, 87 %, 7025 MiB, 49140 MiB, 293.17 W, 300.00 W, 73, 1905 MHz
2026/09/23 18:02:38.199, 0, 98 %, 86 %, 7025 MiB, 49140 MiB, 292.99 W, 300.00 W, 73, 1950 MHz
2026/09/23 18:02:39.200, 0, 98 %, 86 %, 7025 MiB, 49140 MiB, 293.13 W, 300.00 W, 72, 1725 MHz
2026/09/23 18:02:40.201, 0, 98 %, 86 %, 7025 MiB, 49140 MiB, 291.99 W, 300.00 W, 73, 1500 MHz
2026/09/23 18:02:41.202, 0, 97 %, 87 %, 7025 MiB, 49140 MiB, 292.57 W, 300.00 W, 74, 1785 MHz
2026/09/23 18:02:42.202, 0, 97 %, 86 %, 7025 MiB, 49140 MiB, 291.39 W, 300.00 W, 72, 1620 MHz
2026/09/23 18:02:43.204, 0, 98 %, 88 %, 7025 MiB, 49140 MiB, 293.79 W, 300.00 W, 74, 1665 MHz
2026/09/23 18:02:44.204, 0, 96 %, 69 %, 7025 MiB, 49140 MiB, 297.83 W, 300.00 W, 74, 1515 MHz
2026/09/23 18:02:45.205, 0, 0 %, 0 %, 7025 MiB, 49140 MiB, 127.30 W, 300.00 W, 67, 2745 MHz
2026/09/23 18:02:46.206, 0, 0 %, 0 %, 7025 MiB, 49140 MiB, 134.30 W, 300.00 W, 71, 1590 MHz
2026/09/23 18:02:47.207, 0, 97 %, 86 %, 7025 MiB, 49140 MiB, 289.65 W, 300.00 W, 73, 1905 MHz
2026/09/23 18:02:48.209, 0, 98 %, 87 %, 7025 MiB, 49140 MiB, 291.50 W, 300.00 W, 71, 1710 MHz
2026/09/23 18:02:49.209, 0, 96 %, 86 %, 7025 MiB, 49140 MiB, 290.84 W, 300.00 W, 72, 1890 MHz
2026/09/23 18:02:50.211, 0, 96 %, 86 %, 7025 MiB, 49140 MiB, 291.67 W, 300.00 W, 72, 1590 MHz
2026/09/23 18:02:51.212, 0, 97 %, 86 %, 7025 MiB, 49140 MiB, 291.79 W, 300.00 W, 74, 1935 MHz
2026/09/23 18:02:52.213, 0, 98 %, 88 %, 7025 MiB, 49140 MiB, 292.29 W, 300.00 W, 72, 1920 MHz
2026/09/23 18:02:53.214, 0, 97 %, 86 %, 7025 MiB, 49140 MiB, 293.71 W, 300.00 W, 72, 1995 MHz
2026/09/23 18:02:54.215, 0, 97 %, 86 %, 7025 MiB, 49140 MiB, 292.36 W, 300.00 W, 72, 1695 MHz
2026/09/23 18:02:55.218, 0, 98 %, 86 %, 7025 MiB, 49140 MiB, 291.84 W, 300.00 W, 73, 1560 MHz
2026/09/23 18:02:56.219, 0, 97 %, 86 %, 7025 MiB, 49140 MiB, 292.61 W, 300.00 W, 73, 1905 MHz
2026/09/23 18:02:57.220, 0, 97 %, 87 %, 7025 MiB, 49140 MiB, 291.25 W, 300.00 W, 72, 1665 MHz
2026/09/23 18:02:58.221, 0, 97 %, 87 %, 7025 MiB, 49140 MiB, 292.44 W, 300.00 W, 73, 1740 MHz
2026/09/23 18:02:59.222, 0, 98 %, 86 %, 7025 MiB, 49140 MiB, 290.64 W, 300.00 W, 73, 1845 MHz
2026/09/23 18:03:00.225, 0, 98 %, 87 %, 7025 MiB, 49140 MiB, 292.41 W, 300.00 W, 74, 1530 MHz
2026/09/23 18:03:01.226, 0, 96 %, 85 %, 7025 MiB, 49140 MiB, 290.56 W, 300.00 W, 72, 1800 MHz
2026/09/23 18:03:02.228, 0, 96 %, 86 %, 7025 MiB, 49140 MiB, 293.59 W, 300.00 W, 73, 1620 MHz
2026/09/23 18:03:03.228, 0, 98 %, 88 %, 7025 MiB, 49140 MiB, 291.43 W, 300.00 W, 72, 1935 MHz
2026/09/23 18:03:04.229, 0, 97 %, 87 %, 7025 MiB, 49140 MiB, 291.70 W, 300.00 W, 74, 1575 MHz
2026/09/23 18:03:05.230, 0, 98 %, 87 %, 7025 MiB, 49140 MiB, 292.74 W, 300.00 W, 73, 1755 MHz
2026/09/23 18:03:06.231, 0, 96 %, 86 %, 7025 MiB, 49140 MiB, 293.22 W, 300.00 W, 73, 1890 MHz
2026/09/23 18:03:07.232, 0, 98 %, 87 %, 7025 MiB, 49140 MiB, 294.30 W, 300.00 W, 73, 1845 MHz
2026/09/23 18:03:08.232, 0, 97 %, 87 %, 7025 MiB, 49140 MiB, 292.96 W, 300.00 W, 72, 1845 MHz
2026/09/23 18:03:09.233, 0, 98 %, 88 %, 7025 MiB, 49140 MiB, 290.63 W, 300.00 W, 74, 1590 MHz
2026/09/23 18:03:10.236, 0, 98 %, 88 %, 7025 MiB, 49140 MiB, 290.31 W, 300.00 W, 72, 1725 MHz
2026/09/23 18:03:11.237, 0, 98 %, 86 %, 7025 MiB, 49140 MiB, 291.00 W, 300.00 W, 73, 1890 MHz
2026/09/23 18:03:12.238, 0, 94 %, 68 %, 7025 MiB, 49140 MiB, 296.23 W, 300.00 W, 75, 1395 MHz
2026/09/23 18:03:13.238, 0, 89 %, 64 %, 7025 MiB, 49140 MiB, 201.85 W, 300.00 W, 67, 2745 MHz
2026/09/23 18:03:14.239, 0, 0 %, 0 %, 7025 MiB, 49140 MiB, 87.89 W, 300.00 W, 67, 2745 MHz
2026/09/23 18:03:15.240, 0, 0 %, 0 %, 7025 MiB, 49140 MiB, 103.39 W, 300.00 W, 70, 1860 MHz
2026/09/23 18:03:16.241, 0, 98 %, 88 %, 7025 MiB, 49140 MiB, 291.00 W, 300.00 W, 73, 1590 MHz
2026/09/23 18:03:17.243, 0, 96 %, 86 %, 7025 MiB, 49140 MiB, 291.40 W, 300.00 W, 71, 1830 MHz
2026/09/23 18:03:18.243, 0, 97 %, 86 %, 7025 MiB, 49140 MiB, 291.86 W, 300.00 W, 72, 1950 MHz
2026/09/23 18:03:19.244, 0, 98 %, 87 %, 7025 MiB, 49140 MiB, 292.96 W, 300.00 W, 71, 1995 MHz
2026/09/23 18:03:20.245, 0, 96 %, 85 %, 7025 MiB, 49140 MiB, 291.88 W, 300.00 W, 72, 1800 MHz
2026/09/23 18:03:21.245, 0, 97 %, 87 %, 7025 MiB, 49140 MiB, 291.68 W, 300.00 W, 74, 1605 MHz
2026/09/23 18:03:22.246, 0, 98 %, 88 %, 7025 MiB, 49140 MiB, 291.01 W, 300.00 W, 72, 1620 MHz
2026/09/23 18:03:23.247, 0, 97 %, 86 %, 7025 MiB, 49140 MiB, 289.99 W, 300.00 W, 72, 1875 MHz
2026/09/23 18:03:24.248, 0, 97 %, 87 %, 7025 MiB, 49140 MiB, 291.39 W, 300.00 W, 72, 1815 MHz
2026/09/23 18:03:25.250, 0, 97 %, 86 %, 7025 MiB, 49140 MiB, 290.53 W, 300.00 W, 72, 1890 MHz
2026/09/23 18:03:26.250, 0, 98 %, 87 %, 7025 MiB, 49140 MiB, 292.48 W, 300.00 W, 74, 1560 MHz
2026/09/23 18:03:27.251, 0, 98 %, 87 %, 7025 MiB, 49140 MiB, 292.80 W, 300.00 W, 72, 1905 MHz
2026/09/23 18:03:28.252, 0, 98 %, 87 %, 7025 MiB, 49140 MiB, 293.58 W, 300.00 W, 72, 1815 MHz
2026/09/23 18:03:29.253, 0, 97 %, 86 %, 7025 MiB, 49140 MiB, 290.93 W, 300.00 W, 71, 2010 MHz
2026/09/23 18:03:30.253, 0, 98 %, 88 %, 7025 MiB, 49140 MiB, 290.72 W, 300.00 W, 74, 1545 MHz
2026/09/23 18:03:31.254, 0, 98 %, 88 %, 7025 MiB, 49140 MiB, 292.40 W, 300.00 W, 72, 1740 MHz
2026/09/23 18:03:32.256, 0, 98 %, 87 %, 7025 MiB, 49140 MiB, 292.66 W, 300.00 W, 72, 1890 MHz
2026/09/23 18:03:33.256, 0, 97 %, 87 %, 7025 MiB, 49140 MiB, 293.21 W, 300.00 W, 72, 1935 MHz
2026/09/23 18:03:34.257, 0, 98 %, 86 %, 7025 MiB, 49140 MiB, 291.30 W, 300.00 W, 73, 1665 MHz
2026/09/23 18:03:35.258, 0, 98 %, 87 %, 7025 MiB, 49140 MiB, 290.72 W, 300.00 W, 73, 1605 MHz
2026/09/23 18:03:36.260, 0, 97 %, 87 %, 7025 MiB, 49140 MiB, 291.92 W, 300.00 W, 72, 1815 MHz
2026/09/23 18:03:37.261, 0, 97 %, 86 %, 7025 MiB, 49140 MiB, 292.02 W, 300.00 W, 71, 2010 MHz
2026/09/23 18:03:38.262, 0, 98 %, 87 %, 7025 MiB, 49140 MiB, 291.52 W, 300.00 W, 73, 1590 MHz
2026/09/23 18:03:39.262, 0, 98 %, 88 %, 7025 MiB, 49140 MiB, 292.86 W, 300.00 W, 73, 1560 MHz
2026/09/23 18:03:40.264, 0, 97 %, 87 %, 7025 MiB, 49140 MiB, 292.80 W, 300.00 W, 72, 1755 MHz
2026/09/23 18:03:41.264, 0, 82 %, 62 %, 7025 MiB, 49140 MiB, 293.90 W, 300.00 W, 73, 1515 MHz
2026/09/23 18:03:42.265, 0, 96 %, 67 %, 7025 MiB, 49140 MiB, 219.09 W, 300.00 W, 67, 2505 MHz
2026/09/23 18:03:43.266, 0, 89 %, 81 %, 7025 MiB, 49140 MiB, 189.53 W, 300.00 W, 72, 1905 MHz
2026/09/23 18:03:44.267, 0, 98 %, 87 %, 7025 MiB, 49140 MiB, 291.27 W, 300.00 W, 72, 1800 MHz
2026/09/23 18:03:45.268, 0, 97 %, 87 %, 7025 MiB, 49140 MiB, 291.39 W, 300.00 W, 74, 1575 MHz
2026/09/23 18:03:46.269, 0, 98 %, 87 %, 7025 MiB, 49140 MiB, 288.79 W, 300.00 W, 73, 1860 MHz
2026/09/23 18:03:47.270, 0, 96 %, 84 %, 7025 MiB, 49140 MiB, 291.95 W, 300.00 W, 73, 1830 MHz
2026/09/23 18:03:48.271, 0, 97 %, 87 %, 7025 MiB, 49140 MiB, 292.96 W, 300.00 W, 71, 1680 MHz
2026/09/23 18:03:49.272, 0, 98 %, 87 %, 7025 MiB, 49140 MiB, 289.48 W, 300.00 W, 73, 2040 MHz
2026/09/23 18:03:50.273, 0, 97 %, 87 %, 7025 MiB, 49140 MiB, 287.82 W, 300.00 W, 72, 1605 MHz
2026/09/23 18:03:51.274, 0, 97 %, 86 %, 7025 MiB, 49140 MiB, 291.11 W, 300.00 W, 72, 1800 MHz
2026/09/23 18:03:52.275, 0, 97 %, 87 %, 7025 MiB, 49140 MiB, 290.70 W, 300.00 W, 71, 1950 MHz
2026/09/23 18:03:53.275, 0, 98 %, 86 %, 7025 MiB, 49140 MiB, 291.21 W, 300.00 W, 72, 1965 MHz
2026/09/23 18:03:54.277, 0, 98 %, 87 %, 7025 MiB, 49140 MiB, 292.71 W, 300.00 W, 74, 1710 MHz
2026/09/23 18:03:55.278, 0, 94 %, 84 %, 7025 MiB, 49140 MiB, 289.89 W, 300.00 W, 72, 1815 MHz
2026/09/23 18:03:56.278, 0, 92 %, 82 %, 7025 MiB, 49140 MiB, 290.45 W, 300.00 W, 71, 1650 MHz
2026/09/23 18:03:57.279, 0, 97 %, 87 %, 7025 MiB, 49140 MiB, 291.08 W, 300.00 W, 73, 2085 MHz
2026/09/23 18:03:58.280, 0, 98 %, 88 %, 7025 MiB, 49140 MiB, 291.82 W, 300.00 W, 73, 1545 MHz
2026/09/23 18:03:59.281, 0, 98 %, 88 %, 7025 MiB, 49140 MiB, 292.15 W, 300.00 W, 72, 1545 MHz
2026/09/23 18:04:00.282, 0, 97 %, 87 %, 7025 MiB, 49140 MiB, 293.69 W, 300.00 W, 73, 1800 MHz
2026/09/23 18:04:01.283, 0, 96 %, 87 %, 7025 MiB, 49140 MiB, 290.30 W, 300.00 W, 72, 1845 MHz
2026/09/23 18:04:02.283, 0, 96 %, 86 %, 7025 MiB, 49140 MiB, 291.48 W, 300.00 W, 74, 1755 MHz
2026/09/23 18:04:03.285, 0, 94 %, 84 %, 7025 MiB, 49140 MiB, 290.66 W, 300.00 W, 72, 1560 MHz
2026/09/23 18:04:04.285, 0, 97 %, 87 %, 7025 MiB, 49140 MiB, 294.67 W, 300.00 W, 73, 1770 MHz
2026/09/23 18:04:05.286, 0, 98 %, 88 %, 7025 MiB, 49140 MiB, 290.63 W, 300.00 W, 72, 1890 MHz
2026/09/23 18:04:06.287, 0, 98 %, 87 %, 7025 MiB, 49140 MiB, 292.00 W, 300.00 W, 74, 1785 MHz
2026/09/23 18:04:07.287, 0, 98 %, 87 %, 7025 MiB, 49140 MiB, 292.59 W, 300.00 W, 73, 1515 MHz
2026/09/23 18:04:08.288, 0, 95 %, 84 %, 7025 MiB, 49140 MiB, 292.83 W, 300.00 W, 73, 1455 MHz
2026/09/23 18:04:09.289, 0, 94 %, 65 %, 7025 MiB, 49140 MiB, 296.29 W, 300.00 W, 75, 1455 MHz
2026/09/23 18:04:10.289, 0, 4 %, 0 %, 7025 MiB, 49140 MiB, 137.66 W, 300.00 W, 66, 2505 MHz
2026/09/23 18:04:11.290, 0, 0 %, 0 %, 7025 MiB, 49140 MiB, 88.12 W, 300.00 W, 71, 2040 MHz
2026/09/23 18:04:12.290, 0, 97 %, 86 %, 7025 MiB, 49140 MiB, 290.39 W, 300.00 W, 71, 1920 MHz
2026/09/23 18:04:13.292, 0, 98 %, 87 %, 7025 MiB, 49140 MiB, 290.45 W, 300.00 W, 73, 1890 MHz
2026/09/23 18:04:14.293, 0, 97 %, 87 %, 7025 MiB, 49140 MiB, 291.86 W, 300.00 W, 72, 1605 MHz
2026/09/23 18:04:15.294, 0, 96 %, 86 %, 7025 MiB, 49140 MiB, 291.83 W, 300.00 W, 72, 1665 MHz
2026/09/23 18:04:16.295, 0, 97 %, 88 %, 7025 MiB, 49140 MiB, 292.07 W, 300.00 W, 72, 1890 MHz
2026/09/23 18:04:17.296, 0, 97 %, 88 %, 7025 MiB, 49140 MiB, 290.57 W, 300.00 W, 72, 2010 MHz
2026/09/23 18:04:18.297, 0, 97 %, 87 %, 7025 MiB, 49140 MiB, 290.40 W, 300.00 W, 74, 1920 MHz
2026/09/23 18:04:19.297, 0, 98 %, 88 %, 7025 MiB, 49140 MiB, 292.51 W, 300.00 W, 72, 1575 MHz
2026/09/23 18:04:20.298, 0, 97 %, 87 %, 7025 MiB, 49140 MiB, 291.84 W, 300.00 W, 72, 1785 MHz
2026/09/23 18:04:21.299, 0, 98 %, 87 %, 7025 MiB, 49140 MiB, 292.47 W, 300.00 W, 72, 1935 MHz
2026/09/23 18:04:22.299, 0, 98 %, 86 %, 7025 MiB, 49140 MiB, 291.59 W, 300.00 W, 73, 1980 MHz
2026/09/23 18:04:23.300, 0, 97 %, 86 %, 7025 MiB, 49140 MiB, 292.64 W, 300.00 W, 74, 1620 MHz
2026/09/23 18:04:24.302, 0, 94 %, 85 %, 7025 MiB, 49140 MiB, 291.06 W, 300.00 W, 72, 1815 MHz
2026/09/23 18:04:25.304, 0, 97 %, 86 %, 7025 MiB, 49140 MiB, 290.74 W, 300.00 W, 71, 1590 MHz
2026/09/23 18:04:26.305, 0, 98 %, 88 %, 7025 MiB, 49140 MiB, 289.92 W, 300.00 W, 74, 1890 MHz
2026/09/23 18:04:27.306, 0, 98 %, 88 %, 7025 MiB, 49140 MiB, 292.28 W, 300.00 W, 73, 1560 MHz
2026/09/23 18:04:28.307, 0, 97 %, 87 %, 7025 MiB, 49140 MiB, 293.44 W, 300.00 W, 73, 1875 MHz
2026/09/23 18:04:29.307, 0, 97 %, 86 %, 7025 MiB, 49140 MiB, 291.54 W, 300.00 W, 71, 1620 MHz
2026/09/23 18:04:30.308, 0, 97 %, 86 %, 7025 MiB, 49140 MiB, 291.83 W, 300.00 W, 73, 2010 MHz
2026/09/23 18:04:31.309, 0, 98 %, 87 %, 7025 MiB, 49140 MiB, 291.93 W, 300.00 W, 73, 1620 MHz
2026/09/23 18:04:32.310, 0, 98 %, 87 %, 7025 MiB, 49140 MiB, 291.07 W, 300.00 W, 72, 1605 MHz
2026/09/23 18:04:33.311, 0, 97 %, 87 %, 7025 MiB, 49140 MiB, 292.86 W, 300.00 W, 72, 1920 MHz
2026/09/23 18:04:34.312, 0, 97 %, 87 %, 7025 MiB, 49140 MiB, 291.86 W, 300.00 W, 73, 1845 MHz
2026/09/23 18:04:35.313, 0, 90 %, 81 %, 7025 MiB, 49140 MiB, 290.66 W, 300.00 W, 73, 2010 MHz
2026/09/23 18:04:36.315, 0, 96 %, 87 %, 7025 MiB, 49140 MiB, 289.45 W, 300.00 W, 72, 1935 MHz
2026/09/23 18:04:37.318, 0, 96 %, 68 %, 7025 MiB, 49140 MiB, 297.50 W, 300.00 W, 73, 1305 MHz
2026/09/23 18:04:38.319, 0, 0 %, 0 %, 7025 MiB, 49140 MiB, 144.50 W, 300.00 W, 67, 2730 MHz
2026/09/23 18:04:39.320, 0, 94 %, 87 %, 7025 MiB, 49140 MiB, 106.83 W, 300.00 W, 71, 1665 MHz
2026/09/23 18:04:40.322, 0, 97 %, 86 %, 7025 MiB, 49140 MiB, 293.15 W, 300.00 W, 72, 1620 MHz
2026/09/23 18:04:41.323, 0, 97 %, 87 %, 7025 MiB, 49140 MiB, 288.49 W, 300.00 W, 72, 1875 MHz
2026/09/23 18:04:42.323, 0, 96 %, 87 %, 7025 MiB, 49140 MiB, 291.65 W, 300.00 W, 73, 2100 MHz
2026/09/23 18:04:43.324, 0, 97 %, 87 %, 7025 MiB, 49140 MiB, 291.45 W, 300.00 W, 72, 1755 MHz
2026/09/23 18:04:44.325, 0, 96 %, 87 %, 7025 MiB, 49140 MiB, 291.79 W, 300.00 W, 72, 1515 MHz
2026/09/23 18:04:45.325, 0, 98 %, 88 %, 7025 MiB, 49140 MiB, 290.58 W, 300.00 W, 71, 1920 MHz
2026/09/23 18:04:46.327, 0, 98 %, 88 %, 7025 MiB, 49140 MiB, 289.87 W, 300.00 W, 72, 1905 MHz
2026/09/23 18:04:47.328, 0, 97 %, 88 %, 7025 MiB, 49140 MiB, 289.31 W, 300.00 W, 74, 2055 MHz
2026/09/23 18:04:48.331, 0, 98 %, 88 %, 7025 MiB, 49140 MiB, 291.68 W, 300.00 W, 72, 1725 MHz
2026/09/23 18:04:49.332, 0, 97 %, 87 %, 7025 MiB, 49140 MiB, 292.76 W, 300.00 W, 72, 1545 MHz
2026/09/23 18:04:50.332, 0, 98 %, 86 %, 7025 MiB, 49140 MiB, 289.39 W, 300.00 W, 71, 1785 MHz
2026/09/23 18:04:51.334, 0, 97 %, 86 %, 7025 MiB, 49140 MiB, 291.93 W, 300.00 W, 73, 1620 MHz
2026/09/23 18:04:52.335, 0, 97 %, 87 %, 7025 MiB, 49140 MiB, 290.34 W, 300.00 W, 72, 1950 MHz
2026/09/23 18:04:53.336, 0, 97 %, 86 %, 7025 MiB, 49140 MiB, 292.53 W, 300.00 W, 73, 1590 MHz
2026/09/23 18:04:54.337, 0, 98 %, 88 %, 7025 MiB, 49140 MiB, 292.97 W, 300.00 W, 73, 1770 MHz
2026/09/23 18:04:55.338, 0, 98 %, 86 %, 7025 MiB, 49140 MiB, 292.05 W, 300.00 W, 72, 1845 MHz
2026/09/23 18:04:56.339, 0, 97 %, 88 %, 7025 MiB, 49140 MiB, 291.47 W, 300.00 W, 74, 1980 MHz
2026/09/23 18:04:57.341, 0, 97 %, 87 %, 7025 MiB, 49140 MiB, 291.30 W, 300.00 W, 72, 1635 MHz
2026/09/23 18:04:58.342, 0, 99 %, 88 %, 7025 MiB, 49140 MiB, 293.50 W, 300.00 W, 73, 1560 MHz
2026/09/23 18:04:59.344, 0, 96 %, 86 %, 7025 MiB, 49140 MiB, 292.66 W, 300.00 W, 72, 1905 MHz
2026/09/23 18:05:00.345, 0, 98 %, 87 %, 7025 MiB, 49140 MiB, 291.48 W, 300.00 W, 73, 1680 MHz
2026/09/23 18:05:01.346, 0, 96 %, 86 %, 7025 MiB, 49140 MiB, 292.43 W, 300.00 W, 74, 2025 MHz
2026/09/23 18:05:02.347, 0, 97 %, 88 %, 7025 MiB, 49140 MiB, 290.88 W, 300.00 W, 73, 1620 MHz
2026/09/23 18:05:03.348, 0, 97 %, 84 %, 7025 MiB, 49140 MiB, 290.36 W, 300.00 W, 74, 1590 MHz
2026/09/23 18:05:04.348, 0, 98 %, 88 %, 7025 MiB, 49140 MiB, 290.32 W, 300.00 W, 73, 1890 MHz
2026/09/23 18:05:05.349, 0, 95 %, 68 %, 7025 MiB, 49140 MiB, 293.99 W, 300.00 W, 74, 1440 MHz
2026/09/23 18:05:06.350, 0, 0 %, 0 %, 7025 MiB, 49140 MiB, 212.28 W, 300.00 W, 67, 2730 MHz
2026/09/23 18:05:07.350, 0, 97 %, 86 %, 7025 MiB, 49140 MiB, 198.22 W, 300.00 W, 72, 1800 MHz
2026/09/23 18:05:08.351, 0, 97 %, 88 %, 7025 MiB, 49140 MiB, 290.81 W, 300.00 W, 72, 1980 MHz
2026/09/23 18:05:09.352, 0, 98 %, 87 %, 7025 MiB, 49140 MiB, 292.70 W, 300.00 W, 74, 1800 MHz
2026/09/23 18:05:10.354, 0, 96 %, 85 %, 7025 MiB, 49140 MiB, 292.48 W, 300.00 W, 73, 2025 MHz
2026/09/23 18:05:11.355, 0, 98 %, 86 %, 7025 MiB, 49140 MiB, 289.06 W, 300.00 W, 72, 1545 MHz
2026/09/23 18:05:12.355, 0, 98 %, 86 %, 7025 MiB, 49140 MiB, 292.10 W, 300.00 W, 73, 1575 MHz
2026/09/23 18:05:13.356, 0, 98 %, 89 %, 7025 MiB, 49140 MiB, 289.38 W, 300.00 W, 71, 1770 MHz
2026/09/23 18:05:14.357, 0, 95 %, 84 %, 7025 MiB, 49140 MiB, 289.64 W, 300.00 W, 73, 1710 MHz
2026/09/23 18:05:15.357, 0, 98 %, 86 %, 7025 MiB, 49140 MiB, 290.79 W, 300.00 W, 73, 1860 MHz
2026/09/23 18:05:16.359, 0, 99 %, 89 %, 7025 MiB, 49140 MiB, 292.45 W, 300.00 W, 73, 1590 MHz
2026/09/23 18:05:17.360, 0, 96 %, 87 %, 7025 MiB, 49140 MiB, 291.11 W, 300.00 W, 71, 1860 MHz
2026/09/23 18:05:18.361, 0, 98 %, 86 %, 7025 MiB, 49140 MiB, 290.58 W, 300.00 W, 74, 1635 MHz
2026/09/23 18:05:19.362, 0, 95 %, 84 %, 7025 MiB, 49140 MiB, 289.12 W, 300.00 W, 73, 1935 MHz
2026/09/23 18:05:20.362, 0, 99 %, 87 %, 7025 MiB, 49140 MiB, 291.93 W, 300.00 W, 73, 1545 MHz
2026/09/23 18:05:21.363, 0, 97 %, 85 %, 7025 MiB, 49140 MiB, 293.23 W, 300.00 W, 73, 1725 MHz
2026/09/23 18:05:22.364, 0, 97 %, 87 %, 7025 MiB, 49140 MiB, 291.81 W, 300.00 W, 73, 1815 MHz
2026/09/23 18:05:23.365, 0, 97 %, 86 %, 7025 MiB, 49140 MiB, 292.30 W, 300.00 W, 74, 1800 MHz
2026/09/23 18:05:24.366, 0, 96 %, 89 %, 7025 MiB, 49140 MiB, 291.92 W, 300.00 W, 73, 2040 MHz
2026/09/23 18:05:25.366, 0, 97 %, 85 %, 7025 MiB, 49140 MiB, 289.83 W, 300.00 W, 73, 1575 MHz
2026/09/23 18:05:26.367, 0, 94 %, 87 %, 7025 MiB, 49140 MiB, 291.46 W, 300.00 W, 72, 1845 MHz
2026/09/23 18:05:27.369, 0, 97 %, 85 %, 7025 MiB, 49140 MiB, 291.59 W, 300.00 W, 74, 1890 MHz
2026/09/23 18:05:28.369, 0, 95 %, 86 %, 7025 MiB, 49140 MiB, 290.69 W, 300.00 W, 73, 2055 MHz
2026/09/23 18:05:29.370, 0, 97 %, 86 %, 7025 MiB, 49140 MiB, 292.31 W, 300.00 W, 74, 1575 MHz
2026/09/23 18:05:30.371, 0, 96 %, 86 %, 7025 MiB, 49140 MiB, 291.16 W, 300.00 W, 73, 1875 MHz
2026/09/23 18:05:31.372, 0, 96 %, 85 %, 7025 MiB, 49140 MiB, 292.08 W, 300.00 W, 74, 1620 MHz
2026/09/23 18:05:32.372, 0, 98 %, 87 %, 7025 MiB, 49140 MiB, 291.60 W, 300.00 W, 73, 1860 MHz
2026/09/23 18:05:33.373, 0, 96 %, 67 %, 7025 MiB, 49140 MiB, 299.06 W, 300.00 W, 73, 1455 MHz
2026/09/23 18:05:34.374, 0, 0 %, 0 %, 7025 MiB, 49140 MiB, 132.72 W, 300.00 W, 66, 2505 MHz
2026/09/23 18:05:35.374, 0, 96 %, 90 %, 7025 MiB, 49140 MiB, 268.25 W, 300.00 W, 71, 1575 MHz
2026/09/23 18:05:36.375, 0, 98 %, 86 %, 7025 MiB, 49140 MiB, 291.40 W, 300.00 W, 74, 1755 MHz
2026/09/23 18:05:37.376, 0, 97 %, 84 %, 7025 MiB, 49140 MiB, 292.77 W, 300.00 W, 72, 1740 MHz
2026/09/23 18:05:38.377, 0, 98 %, 86 %, 7025 MiB, 49140 MiB, 292.19 W, 300.00 W, 72, 1920 MHz
2026/09/23 18:05:39.378, 0, 98 %, 86 %, 7025 MiB, 49140 MiB, 292.94 W, 300.00 W, 73, 1590 MHz
2026/09/23 18:05:40.378, 0, 97 %, 87 %, 7025 MiB, 49140 MiB, 291.24 W, 300.00 W, 73, 1980 MHz
2026/09/23 18:05:41.380, 0, 98 %, 87 %, 7025 MiB, 49140 MiB, 292.70 W, 300.00 W, 75, 1785 MHz
2026/09/23 18:05:42.381, 0, 97 %, 89 %, 7025 MiB, 49140 MiB, 292.49 W, 300.00 W, 73, 2010 MHz
2026/09/23 18:05:43.382, 0, 98 %, 87 %, 7025 MiB, 49140 MiB, 294.05 W, 300.00 W, 73, 1635 MHz
2026/09/23 18:05:44.382, 0, 96 %, 90 %, 7025 MiB, 49140 MiB, 290.34 W, 300.00 W, 72, 1590 MHz
2026/09/23 18:05:45.383, 0, 98 %, 86 %, 7025 MiB, 49140 MiB, 291.99 W, 300.00 W, 74, 1755 MHz
2026/09/23 18:05:46.384, 0, 98 %, 85 %, 7025 MiB, 49140 MiB, 293.24 W, 300.00 W, 73, 1575 MHz
2026/09/23 18:05:47.385, 0, 99 %, 89 %, 7025 MiB, 49140 MiB, 292.35 W, 300.00 W, 73, 1890 MHz
2026/09/23 18:05:48.386, 0, 98 %, 87 %, 7025 MiB, 49140 MiB, 293.00 W, 300.00 W, 72, 1575 MHz
2026/09/23 18:05:49.388, 0, 97 %, 86 %, 7025 MiB, 49140 MiB, 289.92 W, 300.00 W, 73, 1845 MHz
2026/09/23 18:05:50.389, 0, 98 %, 86 %, 7025 MiB, 49140 MiB, 292.58 W, 300.00 W, 74, 1620 MHz
2026/09/23 18:05:51.389, 0, 96 %, 85 %, 7025 MiB, 49140 MiB, 291.61 W, 300.00 W, 73, 2010 MHz
2026/09/23 18:05:52.390, 0, 96 %, 85 %, 7025 MiB, 49140 MiB, 293.04 W, 300.00 W, 73, 1590 MHz
2026/09/23 18:05:53.392, 0, 97 %, 88 %, 7025 MiB, 49140 MiB, 291.63 W, 300.00 W, 73, 1815 MHz
2026/09/23 18:05:54.392, 0, 97 %, 85 %, 7025 MiB, 49140 MiB, 291.78 W, 300.00 W, 75, 1770 MHz
2026/09/23 18:05:55.394, 0, 97 %, 90 %, 7025 MiB, 49140 MiB, 291.92 W, 300.00 W, 73, 1995 MHz
2026/09/23 18:05:56.395, 0, 97 %, 85 %, 7025 MiB, 49140 MiB, 293.94 W, 300.00 W, 73, 1590 MHz
2026/09/23 18:05:57.396, 0, 98 %, 89 %, 7025 MiB, 49140 MiB, 292.66 W, 300.00 W, 72, 1515 MHz
2026/09/23 18:05:58.397, 0, 98 %, 86 %, 7025 MiB, 49140 MiB, 291.76 W, 300.00 W, 74, 1785 MHz
2026/09/23 18:05:59.397, 0, 98 %, 86 %, 7025 MiB, 49140 MiB, 291.86 W, 300.00 W, 73, 1635 MHz
2026/09/23 18:06:00.398, 0, 96 %, 67 %, 7025 MiB, 49140 MiB, 295.56 W, 300.00 W, 75, 1470 MHz
2026/09/23 18:06:01.399, 0, 0 %, 0 %, 7025 MiB, 49140 MiB, 255.70 W, 300.00 W, 68, 2730 MHz
2026/09/23 18:06:02.400, 0, 97 %, 85 %, 7025 MiB, 49140 MiB, 163.56 W, 300.00 W, 73, 1620 MHz
2026/09/23 18:06:03.400, 0, 98 %, 90 %, 7025 MiB, 49140 MiB, 291.16 W, 300.00 W, 71, 1545 MHz
2026/09/23 18:06:04.401, 0, 97 %, 86 %, 7025 MiB, 49140 MiB, 290.75 W, 300.00 W, 74, 1830 MHz
2026/09/23 18:06:05.402, 0, 96 %, 85 %, 7025 MiB, 49140 MiB, 290.80 W, 300.00 W, 72, 1995 MHz
2026/09/23 18:06:06.403, 0, 98 %, 86 %, 7025 MiB, 49140 MiB, 293.12 W, 300.00 W, 73, 1650 MHz
2026/09/23 18:06:07.403, 0, 98 %, 90 %, 7025 MiB, 49140 MiB, 289.47 W, 300.00 W, 72, 1650 MHz
2026/09/23 18:06:08.404, 0, 97 %, 86 %, 7025 MiB, 49140 MiB, 290.99 W, 300.00 W, 74, 1935 MHz
2026/09/23 18:06:09.405, 0, 97 %, 87 %, 7025 MiB, 49140 MiB, 291.93 W, 300.00 W, 73, 1995 MHz
2026/09/23 18:06:10.405, 0, 99 %, 87 %, 7025 MiB, 49140 MiB, 293.42 W, 300.00 W, 73, 1605 MHz
2026/09/23 18:06:11.406, 0, 97 %, 90 %, 7025 MiB, 49140 MiB, 291.37 W, 300.00 W, 71, 1605 MHz
2026/09/23 18:06:12.407, 0, 90 %, 78 %, 7025 MiB, 49140 MiB, 290.97 W, 300.00 W, 74, 1860 MHz
2026/09/23 18:06:13.408, 0, 93 %, 86 %, 7025 MiB, 49140 MiB, 289.16 W, 300.00 W, 73, 1740 MHz
2026/09/23 18:06:14.410, 0, 98 %, 86 %, 7025 MiB, 49140 MiB, 292.88 W, 300.00 W, 73, 1950 MHz
2026/09/23 18:06:15.410, 0, 98 %, 90 %, 7025 MiB, 49140 MiB, 292.06 W, 300.00 W, 72, 1605 MHz
2026/09/23 18:06:16.411, 0, 96 %, 84 %, 7025 MiB, 49140 MiB, 292.02 W, 300.00 W, 74, 1605 MHz
2026/09/23 18:06:17.413, 0, 93 %, 81 %, 7025 MiB, 49140 MiB, 291.34 W, 300.00 W, 73, 1995 MHz
2026/09/23 18:06:18.413, 0, 99 %, 87 %, 7025 MiB, 49140 MiB, 292.01 W, 300.00 W, 73, 1980 MHz
2026/09/23 18:06:19.414, 0, 98 %, 91 %, 7025 MiB, 49140 MiB, 291.62 W, 300.00 W, 72, 1575 MHz
2026/09/23 18:06:20.415, 0, 96 %, 84 %, 7025 MiB, 49140 MiB, 290.83 W, 300.00 W, 74, 1815 MHz
2026/09/23 18:06:21.417, 0, 97 %, 87 %, 7025 MiB, 49140 MiB, 291.98 W, 300.00 W, 73, 1935 MHz
2026/09/23 18:06:22.418, 0, 98 %, 87 %, 7025 MiB, 49140 MiB, 293.87 W, 300.00 W, 73, 1995 MHz
2026/09/23 18:06:23.418, 0, 97 %, 87 %, 7025 MiB, 49140 MiB, 293.10 W, 300.00 W, 72, 1665 MHz
2026/09/23 18:06:24.419, 0, 98 %, 86 %, 7025 MiB, 49140 MiB, 291.68 W, 300.00 W, 74, 1515 MHz
2026/09/23 18:06:25.420, 0, 97 %, 86 %, 7025 MiB, 49140 MiB, 289.62 W, 300.00 W, 73, 1890 MHz
2026/09/23 18:06:26.421, 0, 97 %, 85 %, 7025 MiB, 49140 MiB, 291.97 W, 300.00 W, 74, 2025 MHz
2026/09/23 18:06:27.422, 0, 97 %, 90 %, 7025 MiB, 49140 MiB, 291.79 W, 300.00 W, 73, 1575 MHz
2026/09/23 18:06:28.423, 0, 95 %, 67 %, 7025 MiB, 49140 MiB, 297.00 W, 300.00 W, 73, 1425 MHz
2026/09/23 18:06:29.423, 0, 0 %, 0 %, 7025 MiB, 49140 MiB, 185.96 W, 300.00 W, 67, 2625 MHz
2026/09/23 18:06:30.424, 0, 98 %, 87 %, 7025 MiB, 49140 MiB, 224.09 W, 300.00 W, 74, 1905 MHz
2026/09/23 18:06:31.425, 0, 96 %, 89 %, 7025 MiB, 49140 MiB, 291.25 W, 300.00 W, 72, 1680 MHz
2026/09/23 18:06:32.426, 0, 97 %, 84 %, 7025 MiB, 49140 MiB, 292.15 W, 300.00 W, 73, 1890 MHz
2026/09/23 18:06:33.427, 0, 98 %, 89 %, 7025 MiB, 49140 MiB, 290.89 W, 300.00 W, 72, 1605 MHz
2026/09/23 18:06:34.427, 0, 97 %, 86 %, 7025 MiB, 49140 MiB, 290.73 W, 300.00 W, 73, 1785 MHz
2026/09/23 18:06:35.428, 0, 97 %, 90 %, 7025 MiB, 49140 MiB, 292.27 W, 300.00 W, 73, 1620 MHz
2026/09/23 18:06:36.429, 0, 97 %, 85 %, 7025 MiB, 49140 MiB, 293.77 W, 300.00 W, 73, 1995 MHz
2026/09/23 18:06:37.432, 0, 98 %, 90 %, 7025 MiB, 49140 MiB, 290.39 W, 300.00 W, 72, 1575 MHz
2026/09/23 18:06:38.432, 0, 98 %, 87 %, 7025 MiB, 49140 MiB, 289.72 W, 300.00 W, 74, 1740 MHz
2026/09/23 18:06:39.433, 0, 94 %, 83 %, 7025 MiB, 49140 MiB, 291.06 W, 300.00 W, 73, 2040 MHz
2026/09/23 18:06:40.435, 0, 98 %, 86 %, 7025 MiB, 49140 MiB, 292.11 W, 300.00 W, 73, 1995 MHz
2026/09/23 18:06:41.435, 0, 96 %, 90 %, 7025 MiB, 49140 MiB, 289.96 W, 300.00 W, 72, 1575 MHz
2026/09/23 18:06:42.436, 0, 97 %, 84 %, 7025 MiB, 49140 MiB, 291.89 W, 300.00 W, 74, 1695 MHz
2026/09/23 18:06:43.438, 0, 97 %, 85 %, 7025 MiB, 49140 MiB, 292.77 W, 300.00 W, 73, 1860 MHz
2026/09/23 18:06:44.440, 0, 98 %, 86 %, 7025 MiB, 49140 MiB, 292.15 W, 300.00 W, 73, 2010 MHz
2026/09/23 18:06:45.440, 0, 97 %, 86 %, 7025 MiB, 49140 MiB, 292.90 W, 300.00 W, 73, 1905 MHz
2026/09/23 18:06:46.444, 0, 97 %, 87 %, 7025 MiB, 49140 MiB, 291.01 W, 300.00 W, 73, 1545 MHz
2026/09/23 18:06:47.444, 0, 94 %, 83 %, 7025 MiB, 49140 MiB, 291.98 W, 300.00 W, 74, 1845 MHz
2026/09/23 18:06:48.446, 0, 97 %, 86 %, 7025 MiB, 49140 MiB, 291.54 W, 300.00 W, 73, 1590 MHz
2026/09/23 18:06:49.446, 0, 98 %, 85 %, 7025 MiB, 49140 MiB, 293.71 W, 300.00 W, 73, 1860 MHz
2026/09/23 18:06:50.447, 0, 96 %, 86 %, 7025 MiB, 49140 MiB, 291.38 W, 300.00 W, 73, 1560 MHz
2026/09/23 18:06:51.448, 0, 98 %, 86 %, 7025 MiB, 49140 MiB, 292.41 W, 300.00 W, 74, 1860 MHz
2026/09/23 18:06:52.449, 0, 98 %, 89 %, 7025 MiB, 49140 MiB, 292.57 W, 300.00 W, 73, 1740 MHz
2026/09/23 18:06:53.450, 0, 99 %, 87 %, 7025 MiB, 49140 MiB, 294.61 W, 300.00 W, 73, 2040 MHz
2026/09/23 18:06:54.450, 0, 97 %, 87 %, 7025 MiB, 49140 MiB, 292.87 W, 300.00 W, 71, 1605 MHz
2026/09/23 18:06:55.451, 0, 82 %, 63 %, 7025 MiB, 49140 MiB, 292.21 W, 300.00 W, 74, 1680 MHz
2026/09/23 18:06:56.451, 0, 95 %, 65 %, 7025 MiB, 49140 MiB, 297.91 W, 300.00 W, 75, 1365 MHz
2026/09/23 18:06:57.452, 0, 34 %, 30 %, 7025 MiB, 49140 MiB, 118.08 W, 300.00 W, 73, 2370 MHz
2026/09/23 18:06:58.453, 0, 98 %, 87 %, 7025 MiB, 49140 MiB, 280.55 W, 300.00 W, 72, 1935 MHz
2026/09/23 18:06:59.454, 0, 99 %, 89 %, 7025 MiB, 49140 MiB, 293.59 W, 300.00 W, 73, 1935 MHz
2026/09/23 18:07:00.455, 0, 98 %, 89 %, 7025 MiB, 49140 MiB, 290.52 W, 300.00 W, 71, 2130 MHz
2026/09/23 18:07:01.455, 0, 98 %, 85 %, 7025 MiB, 49140 MiB, 289.92 W, 300.00 W, 74, 1575 MHz
2026/09/23 18:07:02.457, 0, 96 %, 87 %, 7025 MiB, 49140 MiB, 290.97 W, 300.00 W, 73, 1890 MHz
2026/09/23 18:07:03.457, 0, 99 %, 88 %, 7025 MiB, 49140 MiB, 293.64 W, 300.00 W, 73, 1830 MHz
2026/09/23 18:07:04.458, 0, 97 %, 89 %, 7025 MiB, 49140 MiB, 289.02 W, 300.00 W, 73, 1875 MHz
2026/09/23 18:07:05.462, 0, 98 %, 86 %, 7025 MiB, 49140 MiB, 292.51 W, 300.00 W, 74, 1545 MHz
2026/09/23 18:07:06.463, 0, 98 %, 85 %, 7025 MiB, 49140 MiB, 292.98 W, 300.00 W, 73, 1740 MHz
2026/09/23 18:07:07.463, 0, 99 %, 87 %, 7025 MiB, 49140 MiB, 293.36 W, 300.00 W, 73, 1890 MHz
2026/09/23 18:07:08.464, 0, 97 %, 85 %, 7025 MiB, 49140 MiB, 293.74 W, 300.00 W, 73, 1890 MHz
2026/09/23 18:07:09.465, 0, 98 %, 87 %, 7025 MiB, 49140 MiB, 291.43 W, 300.00 W, 73, 1695 MHz
2026/09/23 18:07:10.466, 0, 98 %, 87 %, 7025 MiB, 49140 MiB, 292.45 W, 300.00 W, 74, 1515 MHz
2026/09/23 18:07:11.467, 0, 97 %, 89 %, 7025 MiB, 49140 MiB, 291.87 W, 300.00 W, 73, 1770 MHz
2026/09/23 18:07:12.468, 0, 97 %, 85 %, 7025 MiB, 49140 MiB, 291.79 W, 300.00 W, 73, 1590 MHz
2026/09/23 18:07:13.469, 0, 97 %, 90 %, 7025 MiB, 49140 MiB, 289.39 W, 300.00 W, 72, 1965 MHz
2026/09/23 18:07:14.470, 0, 98 %, 86 %, 7025 MiB, 49140 MiB, 289.58 W, 300.00 W, 74, 1575 MHz
2026/09/23 18:07:15.472, 0, 97 %, 84 %, 7025 MiB, 49140 MiB, 292.21 W, 300.00 W, 73, 1680 MHz
2026/09/23 18:07:16.473, 0, 99 %, 89 %, 7025 MiB, 49140 MiB, 292.42 W, 300.00 W, 73, 1890 MHz
2026/09/23 18:07:17.474, 0, 97 %, 87 %, 7025 MiB, 49140 MiB, 291.98 W, 300.00 W, 72, 1995 MHz
2026/09/23 18:07:18.475, 0, 97 %, 86 %, 7025 MiB, 49140 MiB, 291.93 W, 300.00 W, 74, 1620 MHz
2026/09/23 18:07:19.476, 0, 98 %, 87 %, 7025 MiB, 49140 MiB, 292.93 W, 300.00 W, 74, 1530 MHz
2026/09/23 18:07:20.476, 0, 98 %, 90 %, 7025 MiB, 49140 MiB, 292.52 W, 300.00 W, 72, 1785 MHz
2026/09/23 18:07:21.477, 0, 98 %, 86 %, 7025 MiB, 49140 MiB, 294.16 W, 300.00 W, 74, 1620 MHz
2026/09/23 18:07:22.478, 0, 98 %, 88 %, 7025 MiB, 49140 MiB, 293.17 W, 300.00 W, 71, 1980 MHz
2026/09/23 18:07:23.479, 0, 95 %, 67 %, 7025 MiB, 49140 MiB, 295.74 W, 300.00 W, 75, 1500 MHz
2026/09/23 18:07:24.480, 0, 0 %, 0 %, 7025 MiB, 49140 MiB, 247.36 W, 300.00 W, 68, 2730 MHz
2026/09/23 18:07:25.480, 0, 97 %, 85 %, 7025 MiB, 49140 MiB, 170.10 W, 300.00 W, 74, 1905 MHz
2026/09/23 18:07:26.483, 0, 97 %, 87 %, 7025 MiB, 49140 MiB, 292.49 W, 300.00 W, 73, 1905 MHz
2026/09/23 18:07:27.485, 0, 98 %, 87 %, 7025 MiB, 49140 MiB, 293.30 W, 300.00 W, 73, 1635 MHz
2026/09/23 18:07:28.486, 0, 98 %, 90 %, 7025 MiB, 49140 MiB, 290.64 W, 300.00 W, 72, 1995 MHz
2026/09/23 18:07:29.487, 0, 97 %, 85 %, 7025 MiB, 49140 MiB, 291.72 W, 300.00 W, 74, 1575 MHz
2026/09/23 18:07:30.488, 0, 94 %, 85 %, 7025 MiB, 49140 MiB, 290.08 W, 300.00 W, 72, 1950 MHz
2026/09/23 18:07:31.489, 0, 99 %, 89 %, 7025 MiB, 49140 MiB, 293.05 W, 300.00 W, 73, 1890 MHz
2026/09/23 18:07:32.490, 0, 97 %, 86 %, 7025 MiB, 49140 MiB, 292.93 W, 300.00 W, 72, 1950 MHz
2026/09/23 18:07:33.491, 0, 97 %, 87 %, 7025 MiB, 49140 MiB, 291.82 W, 300.00 W, 73, 1725 MHz
2026/09/23 18:07:34.492, 0, 98 %, 86 %, 7025 MiB, 49140 MiB, 292.96 W, 300.00 W, 74, 1515 MHz
2026/09/23 18:07:35.493, 0, 98 %, 89 %, 7025 MiB, 49140 MiB, 292.69 W, 300.00 W, 72, 1815 MHz
2026/09/23 18:07:36.493, 0, 98 %, 86 %, 7025 MiB, 49140 MiB, 294.53 W, 300.00 W, 73, 1665 MHz
2026/09/23 18:07:37.494, 0, 96 %, 89 %, 7025 MiB, 49140 MiB, 292.52 W, 300.00 W, 72, 1995 MHz
2026/09/23 18:07:38.496, 0, 98 %, 86 %, 7025 MiB, 49140 MiB, 291.82 W, 300.00 W, 74, 1575 MHz
2026/09/23 18:07:39.497, 0, 98 %, 85 %, 7025 MiB, 49140 MiB, 292.37 W, 300.00 W, 73, 1725 MHz
2026/09/23 18:07:40.498, 0, 99 %, 89 %, 7025 MiB, 49140 MiB, 293.29 W, 300.00 W, 73, 1950 MHz
2026/09/23 18:07:41.498, 0, 97 %, 86 %, 7025 MiB, 49140 MiB, 293.53 W, 300.00 W, 72, 1980 MHz
2026/09/23 18:07:42.499, 0, 97 %, 86 %, 7025 MiB, 49140 MiB, 292.64 W, 300.00 W, 74, 1560 MHz
2026/09/23 18:07:43.500, 0, 96 %, 84 %, 7025 MiB, 49140 MiB, 292.14 W, 300.00 W, 73, 1605 MHz
2026/09/23 18:07:44.501, 0, 99 %, 89 %, 7025 MiB, 49140 MiB, 292.98 W, 300.00 W, 73, 1920 MHz
2026/09/23 18:07:45.501, 0, 96 %, 85 %, 7025 MiB, 49140 MiB, 293.06 W, 300.00 W, 72, 1980 MHz
2026/09/23 18:07:46.502, 0, 96 %, 84 %, 7025 MiB, 49140 MiB, 290.94 W, 300.00 W, 74, 1545 MHz
2026/09/23 18:07:47.503, 0, 97 %, 84 %, 7025 MiB, 49140 MiB, 292.36 W, 300.00 W, 73, 1725 MHz
2026/09/23 18:07:48.505, 0, 98 %, 88 %, 7025 MiB, 49140 MiB, 293.39 W, 300.00 W, 73, 1785 MHz
2026/09/23 18:07:49.506, 0, 98 %, 88 %, 7025 MiB, 49140 MiB, 292.94 W, 300.00 W, 71, 1620 MHz
2026/09/23 18:07:50.507, 0, 98 %, 86 %, 7025 MiB, 49140 MiB, 292.31 W, 300.00 W, 74, 1980 MHz
2026/09/23 18:07:51.508, 0, 95 %, 66 %, 7025 MiB, 49140 MiB, 297.16 W, 300.00 W, 75, 1335 MHz
2026/09/23 18:07:52.509, 0, 0 %, 0 %, 7025 MiB, 49140 MiB, 173.39 W, 300.00 W, 67, 2730 MHz
2026/09/23 18:07:53.510, 0, 98 %, 88 %, 7025 MiB, 49140 MiB, 246.08 W, 300.00 W, 73, 1485 MHz
2026/09/23 18:07:54.510, 0, 98 %, 87 %, 7025 MiB, 49140 MiB, 293.49 W, 300.00 W, 73, 1860 MHz
2026/09/23 18:07:55.512, 0, 97 %, 87 %, 7025 MiB, 49140 MiB, 291.16 W, 300.00 W, 71, 1695 MHz
2026/09/23 18:07:56.513, 0, 97 %, 86 %, 7025 MiB, 49140 MiB, 290.90 W, 300.00 W, 73, 2040 MHz
2026/09/23 18:07:57.514, 0, 97 %, 84 %, 7025 MiB, 49140 MiB, 291.71 W, 300.00 W, 73, 1575 MHz
2026/09/23 18:07:58.514, 0, 99 %, 89 %, 7025 MiB, 49140 MiB, 292.61 W, 300.00 W, 73, 1890 MHz
2026/09/23 18:07:59.515, 0, 97 %, 86 %, 7025 MiB, 49140 MiB, 293.60 W, 300.00 W, 72, 1785 MHz
2026/09/23 18:08:00.515, 0, 96 %, 85 %, 7025 MiB, 49140 MiB, 290.82 W, 300.00 W, 73, 2025 MHz
2026/09/23 18:08:01.516, 0, 97 %, 88 %, 7025 MiB, 49140 MiB, 290.12 W, 300.00 W, 73, 1515 MHz
2026/09/23 18:08:02.517, 0, 99 %, 87 %, 7025 MiB, 49140 MiB, 293.54 W, 300.00 W, 73, 1785 MHz
2026/09/23 18:08:03.520, 0, 98 %, 90 %, 7025 MiB, 49140 MiB, 291.08 W, 300.00 W, 72, 1785 MHz
2026/09/23 18:08:04.521, 0, 98 %, 86 %, 7025 MiB, 49140 MiB, 291.98 W, 300.00 W, 74, 1710 MHz
2026/09/23 18:08:05.522, 0, 98 %, 89 %, 7025 MiB, 49140 MiB, 292.01 W, 300.00 W, 73, 1530 MHz
2026/09/23 18:08:06.523, 0, 96 %, 84 %, 7025 MiB, 49140 MiB, 293.79 W, 300.00 W, 74, 1770 MHz
2026/09/23 18:08:07.525, 0, 97 %, 90 %, 7025 MiB, 49140 MiB, 291.76 W, 300.00 W, 72, 1740 MHz
2026/09/23 18:08:08.526, 0, 97 %, 85 %, 7025 MiB, 49140 MiB, 291.52 W, 300.00 W, 75, 1800 MHz
2026/09/23 18:08:09.527, 0, 97 %, 89 %, 7025 MiB, 49140 MiB, 291.43 W, 300.00 W, 73, 1515 MHz
2026/09/23 18:08:10.528, 0, 97 %, 85 %, 7025 MiB, 49140 MiB, 294.09 W, 300.00 W, 74, 1770 MHz
2026/09/23 18:08:11.529, 0, 97 %, 91 %, 7025 MiB, 49140 MiB, 291.72 W, 300.00 W, 72, 1650 MHz
2026/09/23 18:08:12.530, 0, 97 %, 86 %, 7025 MiB, 49140 MiB, 291.04 W, 300.00 W, 75, 1725 MHz
2026/09/23 18:08:13.531, 0, 97 %, 88 %, 7025 MiB, 49140 MiB, 292.57 W, 300.00 W, 73, 1530 MHz
2026/09/23 18:08:14.532, 0, 99 %, 88 %, 7025 MiB, 49140 MiB, 293.96 W, 300.00 W, 73, 1830 MHz
2026/09/23 18:08:15.532, 0, 98 %, 88 %, 7025 MiB, 49140 MiB, 288.99 W, 300.00 W, 73, 1920 MHz
2026/09/23 18:08:16.533, 0, 98 %, 86 %, 7025 MiB, 49140 MiB, 292.55 W, 300.00 W, 75, 1740 MHz
2026/09/23 18:08:17.534, 0, 97 %, 88 %, 7025 MiB, 49140 MiB, 291.87 W, 300.00 W, 73, 1560 MHz
2026/09/23 18:08:18.535, 0, 94 %, 71 %, 7025 MiB, 49140 MiB, 292.82 W, 300.00 W, 74, 1590 MHz
2026/09/23 18:08:19.536, 0, 95 %, 67 %, 7025 MiB, 49140 MiB, 298.80 W, 300.00 W, 70, 2625 MHz
2026/09/23 18:08:20.536, 0, 98 %, 90 %, 7025 MiB, 49140 MiB, 128.45 W, 300.00 W, 72, 1830 MHz
2026/09/23 18:08:21.538, 0, 97 %, 85 %, 7025 MiB, 49140 MiB, 291.97 W, 300.00 W, 74, 1890 MHz
2026/09/23 18:08:22.539, 0, 97 %, 86 %, 7025 MiB, 49140 MiB, 291.83 W, 300.00 W, 73, 1545 MHz
2026/09/23 18:08:23.539, 0, 99 %, 88 %, 7025 MiB, 49140 MiB, 293.59 W, 300.00 W, 73, 1905 MHz
2026/09/23 18:08:24.540, 0, 98 %, 89 %, 7025 MiB, 49140 MiB, 291.39 W, 300.00 W, 71, 1665 MHz
2026/09/23 18:08:25.541, 0, 98 %, 86 %, 7025 MiB, 49140 MiB, 291.96 W, 300.00 W, 73, 1995 MHz
2026/09/23 18:08:26.542, 0, 97 %, 85 %, 7025 MiB, 49140 MiB, 292.26 W, 300.00 W, 73, 1575 MHz
2026/09/23 18:08:27.542, 0, 99 %, 89 %, 7025 MiB, 49140 MiB, 293.02 W, 300.00 W, 73, 1845 MHz
2026/09/23 18:08:28.543, 0, 98 %, 87 %, 7025 MiB, 49140 MiB, 293.10 W, 300.00 W, 71, 1680 MHz
2026/09/23 18:08:29.544, 0, 97 %, 86 %, 7025 MiB, 49140 MiB, 290.85 W, 300.00 W, 73, 1995 MHz
2026/09/23 18:08:30.545, 0, 97 %, 84 %, 7025 MiB, 49140 MiB, 292.17 W, 300.00 W, 73, 1575 MHz
2026/09/23 18:08:31.546, 0, 99 %, 88 %, 7025 MiB, 49140 MiB, 292.93 W, 300.00 W, 73, 1860 MHz
2026/09/23 18:08:32.546, 0, 98 %, 87 %, 7025 MiB, 49140 MiB, 292.65 W, 300.00 W, 72, 1755 MHz
2026/09/23 18:08:33.547, 0, 96 %, 85 %, 7025 MiB, 49140 MiB, 291.63 W, 300.00 W, 73, 1980 MHz
2026/09/23 18:08:34.548, 0, 97 %, 86 %, 7025 MiB, 49140 MiB, 291.89 W, 300.00 W, 73, 1575 MHz
2026/09/23 18:08:35.549, 0, 98 %, 86 %, 7025 MiB, 49140 MiB, 291.83 W, 300.00 W, 73, 1755 MHz
2026/09/23 18:08:36.550, 0, 97 %, 87 %, 7025 MiB, 49140 MiB, 292.22 W, 300.00 W, 72, 1770 MHz
2026/09/23 18:08:37.551, 0, 97 %, 85 %, 7025 MiB, 49140 MiB, 291.62 W, 300.00 W, 74, 1995 MHz
2026/09/23 18:08:38.552, 0, 97 %, 85 %, 7025 MiB, 49140 MiB, 291.96 W, 300.00 W, 73, 1560 MHz
2026/09/23 18:08:39.552, 0, 99 %, 88 %, 7025 MiB, 49140 MiB, 292.59 W, 300.00 W, 73, 1545 MHz
2026/09/23 18:08:40.554, 0, 98 %, 87 %, 7025 MiB, 49140 MiB, 293.12 W, 300.00 W, 72, 1830 MHz
2026/09/23 18:08:41.555, 0, 96 %, 84 %, 7025 MiB, 49140 MiB, 291.90 W, 300.00 W, 74, 1575 MHz
2026/09/23 18:08:42.556, 0, 98 %, 87 %, 7025 MiB, 49140 MiB, 291.64 W, 300.00 W, 73, 1785 MHz
2026/09/23 18:08:43.557, 0, 99 %, 89 %, 7025 MiB, 49140 MiB, 293.97 W, 300.00 W, 73, 1530 MHz
2026/09/23 18:08:44.558, 0, 97 %, 86 %, 7025 MiB, 49140 MiB, 293.29 W, 300.00 W, 72, 1815 MHz
2026/09/23 18:08:45.561, 0, 97 %, 86 %, 7025 MiB, 49140 MiB, 291.60 W, 300.00 W, 74, 1560 MHz
2026/09/23 18:08:46.561, 0, 93 %, 66 %, 7025 MiB, 49140 MiB, 295.94 W, 300.00 W, 74, 1440 MHz
2026/09/23 18:08:47.562, 0, 0 %, 0 %, 7025 MiB, 49140 MiB, 232.28 W, 300.00 W, 68, 2730 MHz
2026/09/23 18:08:48.563, 0, 98 %, 89 %, 7025 MiB, 49140 MiB, 187.85 W, 300.00 W, 73, 1740 MHz
2026/09/23 18:08:49.564, 0, 98 %, 86 %, 7025 MiB, 49140 MiB, 293.29 W, 300.00 W, 73, 1560 MHz
2026/09/23 18:08:50.566, 0, 97 %, 90 %, 7025 MiB, 49140 MiB, 290.68 W, 300.00 W, 72, 1860 MHz
2026/09/23 18:08:51.567, 0, 98 %, 86 %, 7025 MiB, 49140 MiB, 291.23 W, 300.00 W, 74, 1950 MHz
2026/09/23 18:08:52.567, 0, 96 %, 86 %, 7025 MiB, 49140 MiB, 293.07 W, 300.00 W, 73, 1725 MHz
2026/09/23 18:08:53.568, 0, 97 %, 85 %, 7025 MiB, 49140 MiB, 292.60 W, 300.00 W, 74, 1605 MHz
2026/09/23 18:08:54.569, 0, 97 %, 88 %, 7025 MiB, 49140 MiB, 290.96 W, 300.00 W, 73, 1890 MHz
2026/09/23 18:08:55.569, 0, 98 %, 87 %, 7025 MiB, 49140 MiB, 291.89 W, 300.00 W, 74, 1965 MHz
2026/09/23 18:08:56.570, 0, 98 %, 89 %, 7025 MiB, 49140 MiB, 291.92 W, 300.00 W, 73, 1620 MHz
2026/09/23 18:08:57.571, 0, 96 %, 84 %, 7025 MiB, 49140 MiB, 292.25 W, 300.00 W, 73, 1800 MHz
2026/09/23 18:08:58.572, 0, 98 %, 88 %, 7025 MiB, 49140 MiB, 291.33 W, 300.00 W, 73, 1905 MHz
2026/09/23 18:08:59.573, 0, 94 %, 83 %, 7025 MiB, 49140 MiB, 291.39 W, 300.00 W, 73, 2025 MHz
2026/09/23 18:09:00.574, 0, 99 %, 87 %, 7025 MiB, 49140 MiB, 291.53 W, 300.00 W, 73, 1590 MHz
2026/09/23 18:09:01.575, 0, 97 %, 86 %, 7025 MiB, 49140 MiB, 293.54 W, 300.00 W, 73, 1845 MHz
2026/09/23 18:09:02.575, 0, 98 %, 87 %, 7025 MiB, 49140 MiB, 291.74 W, 300.00 W, 73, 1725 MHz
2026/09/23 18:09:03.576, 0, 96 %, 85 %, 7025 MiB, 49140 MiB, 293.27 W, 300.00 W, 74, 1980 MHz
2026/09/23 18:09:04.577, 0, 96 %, 88 %, 7025 MiB, 49140 MiB, 291.21 W, 300.00 W, 72, 1575 MHz
2026/09/23 18:09:05.577, 0, 99 %, 85 %, 7025 MiB, 49140 MiB, 293.83 W, 300.00 W, 73, 1575 MHz
2026/09/23 18:09:06.578, 0, 97 %, 89 %, 7025 MiB, 49140 MiB, 289.78 W, 300.00 W, 72, 1860 MHz
2026/09/23 18:09:07.579, 0, 98 %, 86 %, 7025 MiB, 49140 MiB, 291.97 W, 300.00 W, 74, 1800 MHz
2026/09/23 18:09:08.580, 0, 97 %, 89 %, 7025 MiB, 49140 MiB, 290.34 W, 300.00 W, 73, 1695 MHz
2026/09/23 18:09:09.580, 0, 99 %, 89 %, 7025 MiB, 49140 MiB, 293.75 W, 300.00 W, 73, 1515 MHz
2026/09/23 18:09:10.582, 0, 95 %, 85 %, 7025 MiB, 49140 MiB, 291.65 W, 300.00 W, 72, 1815 MHz
2026/09/23 18:09:11.586, 0, 98 %, 87 %, 7025 MiB, 49140 MiB, 292.62 W, 300.00 W, 73, 1740 MHz
2026/09/23 18:09:12.587, 0, 98 %, 87 %, 7025 MiB, 49140 MiB, 291.31 W, 300.00 W, 73, 1980 MHz
2026/09/23 18:09:13.588, 0, 99 %, 87 %, 7025 MiB, 49140 MiB, 290.68 W, 300.00 W, 73, 1605 MHz
2026/09/23 18:09:14.588, 0, 96 %, 66 %, 7025 MiB, 49140 MiB, 298.25 W, 300.00 W, 74, 1350 MHz
2026/09/23 18:09:15.589, 0, 0 %, 0 %, 7025 MiB, 49140 MiB, 143.93 W, 300.00 W, 67, 2730 MHz
2026/09/23 18:09:16.590, 0, 98 %, 88 %, 7025 MiB, 49140 MiB, 271.91 W, 300.00 W, 72, 1875 MHz
2026/09/23 18:09:17.590, 0, 98 %, 88 %, 7025 MiB, 49140 MiB, 292.07 W, 300.00 W, 72, 1920 MHz
2026/09/23 18:09:18.591, 0, 96 %, 87 %, 7025 MiB, 49140 MiB, 291.25 W, 300.00 W, 74, 2085 MHz
2026/09/23 18:09:19.592, 0, 98 %, 87 %, 7025 MiB, 49140 MiB, 291.83 W, 300.00 W, 73, 1710 MHz
2026/09/23 18:09:20.593, 0, 97 %, 86 %, 7025 MiB, 49140 MiB, 290.25 W, 300.00 W, 73, 1590 MHz
2026/09/23 18:09:21.594, 0, 97 %, 86 %, 7025 MiB, 49140 MiB, 289.54 W, 300.00 W, 72, 1920 MHz
2026/09/23 18:09:22.595, 0, 98 %, 88 %, 7025 MiB, 49140 MiB, 291.12 W, 300.00 W, 74, 1845 MHz
2026/09/23 18:09:23.596, 0, 98 %, 88 %, 7025 MiB, 49140 MiB, 292.57 W, 300.00 W, 73, 1890 MHz
2026/09/23 18:09:24.596, 0, 96 %, 86 %, 7025 MiB, 49140 MiB, 292.16 W, 300.00 W, 73, 1605 MHz
2026/09/23 18:09:25.597, 0, 98 %, 88 %, 7025 MiB, 49140 MiB, 290.76 W, 300.00 W, 72, 1755 MHz
2026/09/23 18:09:26.598, 0, 96 %, 87 %, 7025 MiB, 49140 MiB, 291.38 W, 300.00 W, 73, 1995 MHz
2026/09/23 18:09:27.600, 0, 98 %, 89 %, 7025 MiB, 49140 MiB, 291.36 W, 300.00 W, 75, 1950 MHz
2026/09/23 18:09:28.601, 0, 98 %, 88 %, 7025 MiB, 49140 MiB, 292.08 W, 300.00 W, 73, 1905 MHz
2026/09/23 18:09:29.601, 0, 96 %, 86 %, 7025 MiB, 49140 MiB, 292.75 W, 300.00 W, 73, 1905 MHz
2026/09/23 18:09:30.602, 0, 98 %, 89 %, 7025 MiB, 49140 MiB, 292.92 W, 300.00 W, 73, 1590 MHz
2026/09/23 18:09:31.604, 0, 98 %, 87 %, 7025 MiB, 49140 MiB, 291.53 W, 300.00 W, 73, 1830 MHz
2026/09/23 18:09:32.605, 0, 98 %, 88 %, 7025 MiB, 49140 MiB, 291.69 W, 300.00 W, 75, 1950 MHz
2026/09/23 18:09:33.605, 0, 96 %, 86 %, 7025 MiB, 49140 MiB, 291.83 W, 300.00 W, 73, 2010 MHz
2026/09/23 18:09:34.606, 0, 97 %, 86 %, 7025 MiB, 49140 MiB, 293.04 W, 300.00 W, 73, 1875 MHz
2026/09/23 18:09:35.607, 0, 97 %, 88 %, 7025 MiB, 49140 MiB, 293.17 W, 300.00 W, 73, 1605 MHz
2026/09/23 18:09:36.607, 0, 97 %, 87 %, 7025 MiB, 49140 MiB, 291.60 W, 300.00 W, 73, 1830 MHz
2026/09/23 18:09:37.610, 0, 97 %, 88 %, 7025 MiB, 49140 MiB, 291.76 W, 300.00 W, 74, 1965 MHz
2026/09/23 18:09:38.611, 0, 98 %, 88 %, 7025 MiB, 49140 MiB, 292.13 W, 300.00 W, 73, 1890 MHz
2026/09/23 18:09:39.612, 0, 97 %, 87 %, 7025 MiB, 49140 MiB, 293.59 W, 300.00 W, 73, 1860 MHz
2026/09/23 18:09:40.612, 0, 97 %, 87 %, 7025 MiB, 49140 MiB, 293.07 W, 300.00 W, 73, 1545 MHz
2026/09/23 18:09:41.613, 0, 97 %, 68 %, 7025 MiB, 49140 MiB, 294.85 W, 300.00 W, 74, 1410 MHz
2026/09/23 18:09:42.614, 0, 0 %, 0 %, 7025 MiB, 49140 MiB, 243.71 W, 300.00 W, 68, 2550 MHz
2026/09/23 18:09:43.614, 0, 97 %, 86 %, 7025 MiB, 49140 MiB, 158.61 W, 300.00 W, 72, 1875 MHz
2026/09/23 18:09:44.615, 0, 98 %, 86 %, 7025 MiB, 49140 MiB, 292.49 W, 300.00 W, 72, 1950 MHz
2026/09/23 18:09:45.616, 0, 97 %, 88 %, 7025 MiB, 49140 MiB, 292.61 W, 300.00 W, 73, 1605 MHz
2026/09/23 18:09:46.617, 0, 97 %, 87 %, 7025 MiB, 49140 MiB, 290.86 W, 300.00 W, 72, 1860 MHz
2026/09/23 18:09:47.618, 0, 97 %, 87 %, 7025 MiB, 49140 MiB, 291.82 W, 300.00 W, 74, 1965 MHz
2026/09/23 18:09:48.619, 0, 97 %, 86 %, 7025 MiB, 49140 MiB, 291.31 W, 300.00 W, 72, 1890 MHz
2026/09/23 18:09:49.620, 0, 97 %, 87 %, 7025 MiB, 49140 MiB, 290.37 W, 300.00 W, 72, 1920 MHz
2026/09/23 18:09:50.621, 0, 97 %, 86 %, 7025 MiB, 49140 MiB, 292.78 W, 300.00 W, 73, 1560 MHz
2026/09/23 18:09:51.622, 0, 97 %, 86 %, 7025 MiB, 49140 MiB, 290.96 W, 300.00 W, 72, 1665 MHz
2026/09/23 18:09:52.622, 0, 97 %, 87 %, 7025 MiB, 49140 MiB, 290.98 W, 300.00 W, 74, 1860 MHz
2026/09/23 18:09:53.623, 0, 98 %, 88 %, 7025 MiB, 49140 MiB, 291.69 W, 300.00 W, 73, 1800 MHz
2026/09/23 18:09:54.624, 0, 98 %, 87 %, 7025 MiB, 49140 MiB, 292.67 W, 300.00 W, 72, 1905 MHz
2026/09/23 18:09:55.625, 0, 97 %, 88 %, 7025 MiB, 49140 MiB, 292.62 W, 300.00 W, 73, 1620 MHz
2026/09/23 18:09:56.625, 0, 97 %, 86 %, 7025 MiB, 49140 MiB, 291.40 W, 300.00 W, 72, 1800 MHz
2026/09/23 18:09:57.626, 0, 97 %, 87 %, 7025 MiB, 49140 MiB, 292.08 W, 300.00 W, 74, 1845 MHz
2026/09/23 18:09:58.627, 0, 98 %, 88 %, 7025 MiB, 49140 MiB, 291.88 W, 300.00 W, 73, 1845 MHz
2026/09/23 18:09:59.628, 0, 98 %, 87 %, 7025 MiB, 49140 MiB, 292.24 W, 300.00 W, 73, 1980 MHz
2026/09/23 18:10:00.629, 0, 97 %, 87 %, 7025 MiB, 49140 MiB, 292.82 W, 300.00 W, 74, 1575 MHz
2026/09/23 18:10:01.630, 0, 96 %, 86 %, 7025 MiB, 49140 MiB, 290.11 W, 300.00 W, 73, 1965 MHz
2026/09/23 18:10:02.630, 0, 98 %, 89 %, 7025 MiB, 49140 MiB, 291.87 W, 300.00 W, 74, 1905 MHz
2026/09/23 18:10:03.632, 0, 98 %, 88 %, 7025 MiB, 49140 MiB, 291.86 W, 300.00 W, 73, 1995 MHz
2026/09/23 18:10:04.633, 0, 96 %, 87 %, 7025 MiB, 49140 MiB, 292.48 W, 300.00 W, 73, 1695 MHz
2026/09/23 18:10:05.634, 0, 98 %, 87 %, 7025 MiB, 49140 MiB, 291.93 W, 300.00 W, 72, 1515 MHz
2026/09/23 18:10:06.635, 0, 96 %, 86 %, 7025 MiB, 49140 MiB, 291.76 W, 300.00 W, 73, 1875 MHz
2026/09/23 18:10:07.636, 0, 97 %, 86 %, 7025 MiB, 49140 MiB, 290.77 W, 300.00 W, 74, 1650 MHz
2026/09/23 18:10:08.636, 0, 97 %, 86 %, 7025 MiB, 49140 MiB, 291.05 W, 300.00 W, 73, 2055 MHz
2026/09/23 18:10:09.637, 0, 94 %, 68 %, 7025 MiB, 49140 MiB, 298.32 W, 300.00 W, 73, 1245 MHz
2026/09/23 18:10:10.637, 0, 0 %, 0 %, 7025 MiB, 49140 MiB, 153.74 W, 300.00 W, 67, 2505 MHz
2026/09/23 18:10:11.638, 0, 97 %, 87 %, 7025 MiB, 49140 MiB, 251.26 W, 300.00 W, 72, 1635 MHz
2026/09/23 18:10:12.639, 0, 97 %, 86 %, 7025 MiB, 49140 MiB, 290.66 W, 300.00 W, 71, 1560 MHz
2026/09/23 18:10:13.640, 0, 97 %, 87 %, 7025 MiB, 49140 MiB, 290.80 W, 300.00 W, 73, 1890 MHz
2026/09/23 18:10:14.641, 0, 97 %, 87 %, 7025 MiB, 49140 MiB, 291.54 W, 300.00 W, 74, 1725 MHz
2026/09/23 18:10:15.642, 0, 98 %, 86 %, 7025 MiB, 49140 MiB, 289.70 W, 300.00 W, 72, 1995 MHz
2026/09/23 18:10:16.643, 0, 98 %, 87 %, 7025 MiB, 49140 MiB, 293.77 W, 300.00 W, 73, 2010 MHz
2026/09/23 18:10:17.644, 0, 97 %, 86 %, 7025 MiB, 49140 MiB, 291.06 W, 300.00 W, 71, 1665 MHz
2026/09/23 18:10:18.645, 0, 98 %, 87 %, 7025 MiB, 49140 MiB, 290.62 W, 300.00 W, 73, 1590 MHz
2026/09/23 18:10:19.646, 0, 98 %, 88 %, 7025 MiB, 49140 MiB, 292.82 W, 300.00 W, 74, 1860 MHz
2026/09/23 18:10:20.647, 0, 97 %, 86 %, 7025 MiB, 49140 MiB, 291.14 W, 300.00 W, 72, 1695 MHz
2026/09/23 18:10:21.647, 0, 96 %, 86 %, 7025 MiB, 49140 MiB, 291.98 W, 300.00 W, 73, 2010 MHz
2026/09/23 18:10:22.648, 0, 96 %, 86 %, 7025 MiB, 49140 MiB, 291.04 W, 300.00 W, 71, 1620 MHz
2026/09/23 18:10:23.649, 0, 98 %, 87 %, 7025 MiB, 49140 MiB, 290.13 W, 300.00 W, 74, 1560 MHz
2026/09/23 18:10:24.650, 0, 97 %, 87 %, 7025 MiB, 49140 MiB, 292.45 W, 300.00 W, 74, 1800 MHz
2026/09/23 18:10:25.651, 0, 98 %, 87 %, 7025 MiB, 49140 MiB, 291.05 W, 300.00 W, 73, 1590 MHz
2026/09/23 18:10:26.654, 0, 96 %, 86 %, 7025 MiB, 49140 MiB, 293.52 W, 300.00 W, 73, 2010 MHz
2026/09/23 18:10:27.655, 0, 97 %, 86 %, 7025 MiB, 49140 MiB, 291.47 W, 300.00 W, 72, 1605 MHz
2026/09/23 18:10:28.656, 0, 98 %, 87 %, 7025 MiB, 49140 MiB, 290.41 W, 300.00 W, 74, 1665 MHz
2026/09/23 18:10:29.658, 0, 92 %, 83 %, 7025 MiB, 49140 MiB, 290.31 W, 300.00 W, 73, 1965 MHz
2026/09/23 18:10:30.659, 0, 97 %, 86 %, 7025 MiB, 49140 MiB, 290.97 W, 300.00 W, 74, 1995 MHz
2026/09/23 18:10:31.659, 0, 97 %, 86 %, 7025 MiB, 49140 MiB, 291.55 W, 300.00 W, 72, 1635 MHz
2026/09/23 18:10:32.660, 0, 97 %, 88 %, 7025 MiB, 49140 MiB, 289.12 W, 300.00 W, 75, 1890 MHz
2026/09/23 18:10:33.661, 0, 98 %, 88 %, 7025 MiB, 49140 MiB, 292.17 W, 300.00 W, 73, 1950 MHz
2026/09/23 18:10:34.662, 0, 96 %, 86 %, 7025 MiB, 49140 MiB, 293.08 W, 300.00 W, 73, 1935 MHz
2026/09/23 18:10:35.663, 0, 97 %, 88 %, 7025 MiB, 49140 MiB, 292.40 W, 300.00 W, 73, 1725 MHz
2026/09/23 18:10:36.664, 0, 95 %, 67 %, 7025 MiB, 49140 MiB, 293.91 W, 300.00 W, 75, 1485 MHz
2026/09/23 18:10:37.664, 0, 0 %, 0 %, 7025 MiB, 49140 MiB, 265.86 W, 300.00 W, 68, 2730 MHz
2026/09/23 18:10:38.665, 0, 96 %, 86 %, 7025 MiB, 49140 MiB, 159.17 W, 300.00 W, 71, 1680 MHz
2026/09/23 18:10:39.666, 0, 98 %, 88 %, 7025 MiB, 49140 MiB, 298.86 W, 300.00 W, 73, 1560 MHz
2026/09/23 18:10:40.666, 0, 98 %, 88 %, 7025 MiB, 49140 MiB, 292.48 W, 300.00 W, 74, 1905 MHz
2026/09/23 18:10:41.668, 0, 97 %, 87 %, 7025 MiB, 49140 MiB, 290.84 W, 300.00 W, 73, 1815 MHz
2026/09/23 18:10:42.668, 0, 97 %, 88 %, 7025 MiB, 49140 MiB, 293.12 W, 300.00 W, 73, 2085 MHz
2026/09/23 18:10:43.669, 0, 97 %, 88 %, 7025 MiB, 49140 MiB, 292.28 W, 300.00 W, 72, 1755 MHz
2026/09/23 18:10:44.670, 0, 98 %, 88 %, 7025 MiB, 49140 MiB, 291.50 W, 300.00 W, 73, 1605 MHz
2026/09/23 18:10:45.671, 0, 98 %, 89 %, 7025 MiB, 49140 MiB, 291.20 W, 300.00 W, 74, 1830 MHz
2026/09/23 18:10:46.672, 0, 98 %, 88 %, 7025 MiB, 49140 MiB, 289.82 W, 300.00 W, 73, 1890 MHz
2026/09/23 18:10:47.673, 0, 98 %, 87 %, 7025 MiB, 49140 MiB, 290.74 W, 300.00 W, 73, 1785 MHz
2026/09/23 18:10:48.674, 0, 97 %, 88 %, 7025 MiB, 49140 MiB, 291.59 W, 300.00 W, 72, 1890 MHz
2026/09/23 18:10:49.675, 0, 98 %, 87 %, 7025 MiB, 49140 MiB, 291.72 W, 300.00 W, 73, 1620 MHz
2026/09/23 18:10:50.679, 0, 98 %, 88 %, 7025 MiB, 49140 MiB, 292.03 W, 300.00 W, 75, 1935 MHz
2026/09/23 18:10:51.680, 0, 96 %, 86 %, 7025 MiB, 49140 MiB, 291.08 W, 300.00 W, 72, 1725 MHz
2026/09/23 18:10:52.681, 0, 97 %, 88 %, 7025 MiB, 49140 MiB, 293.34 W, 300.00 W, 73, 1995 MHz
2026/09/23 18:10:53.682, 0, 95 %, 86 %, 7025 MiB, 49140 MiB, 292.13 W, 300.00 W, 72, 1695 MHz
2026/09/23 18:10:54.683, 0, 97 %, 87 %, 7025 MiB, 49140 MiB, 289.52 W, 300.00 W, 74, 1545 MHz
2026/09/23 18:10:55.683, 0, 97 %, 86 %, 7025 MiB, 49140 MiB, 291.92 W, 300.00 W, 73, 1770 MHz
2026/09/23 18:10:56.685, 0, 98 %, 87 %, 7025 MiB, 49140 MiB, 291.50 W, 300.00 W, 73, 1710 MHz
2026/09/23 18:10:57.687, 0, 97 %, 87 %, 7025 MiB, 49140 MiB, 292.93 W, 300.00 W, 72, 1920 MHz
2026/09/23 18:10:58.688, 0, 98 %, 86 %, 7025 MiB, 49140 MiB, 291.87 W, 300.00 W, 73, 1545 MHz
2026/09/23 18:10:59.689, 0, 98 %, 88 %, 7025 MiB, 49140 MiB, 292.07 W, 300.00 W, 74, 1785 MHz
2026/09/23 18:11:00.691, 0, 98 %, 87 %, 7025 MiB, 49140 MiB, 292.88 W, 300.00 W, 73, 1920 MHz
2026/09/23 18:11:01.691, 0, 96 %, 86 %, 7025 MiB, 49140 MiB, 293.05 W, 300.00 W, 73, 1905 MHz
2026/09/23 18:11:02.692, 0, 95 %, 86 %, 7025 MiB, 49140 MiB, 292.44 W, 300.00 W, 72, 1890 MHz
2026/09/23 18:11:03.693, 0, 97 %, 87 %, 7025 MiB, 49140 MiB, 290.86 W, 300.00 W, 73, 1545 MHz
2026/09/23 18:11:04.694, 0, 96 %, 69 %, 7025 MiB, 49140 MiB, 298.05 W, 300.00 W, 73, 1425 MHz
2026/09/23 18:11:05.695, 0, 0 %, 0 %, 7025 MiB, 49140 MiB, 164.68 W, 300.00 W, 67, 2535 MHz
2026/09/23 18:11:06.696, 0, 98 %, 88 %, 7025 MiB, 49140 MiB, 240.89 W, 300.00 W, 73, 1545 MHz
2026/09/23 18:11:07.697, 0, 96 %, 86 %, 7025 MiB, 49140 MiB, 288.51 W, 300.00 W, 72, 1905 MHz
2026/09/23 18:11:08.697, 0, 96 %, 86 %, 7025 MiB, 49140 MiB, 292.26 W, 300.00 W, 73, 1800 MHz
2026/09/23 18:11:09.699, 0, 97 %, 86 %, 7025 MiB, 49140 MiB, 289.51 W, 300.00 W, 72, 1965 MHz
2026/09/23 18:11:10.699, 0, 98 %, 87 %, 7025 MiB, 49140 MiB, 291.85 W, 300.00 W, 74, 1575 MHz
2026/09/23 18:11:11.700, 0, 98 %, 87 %, 7025 MiB, 49140 MiB, 291.97 W, 300.00 W, 73, 1635 MHz
2026/09/23 18:11:12.701, 0, 97 %, 87 %, 7025 MiB, 49140 MiB, 290.74 W, 300.00 W, 73, 1875 MHz
2026/09/23 18:11:13.702, 0, 98 %, 88 %, 7025 MiB, 49140 MiB, 292.24 W, 300.00 W, 71, 2160 MHz
2026/09/23 18:11:14.703, 0, 97 %, 87 %, 7025 MiB, 49140 MiB, 290.79 W, 300.00 W, 73, 1785 MHz
2026/09/23 18:11:15.704, 0, 98 %, 88 %, 7025 MiB, 49140 MiB, 290.93 W, 300.00 W, 74, 1530 MHz
2026/09/23 18:11:16.704, 0, 98 %, 87 %, 7025 MiB, 49140 MiB, 290.68 W, 300.00 W, 73, 1785 MHz
2026/09/23 18:11:17.705, 0, 98 %, 87 %, 7025 MiB, 49140 MiB, 292.22 W, 300.00 W, 74, 1650 MHz
2026/09/23 18:11:18.706, 0, 98 %, 86 %, 7025 MiB, 49140 MiB, 292.05 W, 300.00 W, 71, 1995 MHz
2026/09/23 18:11:19.707, 0, 98 %, 87 %, 7025 MiB, 49140 MiB, 291.02 W, 300.00 W, 73, 1605 MHz
2026/09/23 18:11:20.708, 0, 98 %, 87 %, 7025 MiB, 49140 MiB, 289.42 W, 300.00 W, 73, 1575 MHz
2026/09/23 18:11:21.709, 0, 97 %, 86 %, 7025 MiB, 49140 MiB, 289.16 W, 300.00 W, 72, 1770 MHz
2026/09/23 18:11:22.710, 0, 97 %, 87 %, 7025 MiB, 49140 MiB, 293.72 W, 300.00 W, 74, 1665 MHz
2026/09/23 18:11:23.710, 0, 98 %, 86 %, 7025 MiB, 49140 MiB, 291.99 W, 300.00 W, 72, 1980 MHz
2026/09/23 18:11:24.711, 0, 97 %, 86 %, 7025 MiB, 49140 MiB, 291.20 W, 300.00 W, 74, 1560 MHz
2026/09/23 18:11:25.713, 0, 98 %, 88 %, 7025 MiB, 49140 MiB, 290.59 W, 300.00 W, 73, 1740 MHz
2026/09/23 18:11:26.713, 0, 97 %, 87 %, 7025 MiB, 49140 MiB, 290.31 W, 300.00 W, 73, 1950 MHz
2026/09/23 18:11:27.715, 0, 98 %, 88 %, 7025 MiB, 49140 MiB, 292.60 W, 300.00 W, 72, 2010 MHz
2026/09/23 18:11:28.716, 0, 98 %, 88 %, 7025 MiB, 49140 MiB, 289.07 W, 300.00 W, 75, 1590 MHz
2026/09/23 18:11:29.717, 0, 94 %, 85 %, 7025 MiB, 49140 MiB, 290.37 W, 300.00 W, 73, 1845 MHz
2026/09/23 18:11:30.718, 0, 96 %, 86 %, 7025 MiB, 49140 MiB, 291.23 W, 300.00 W, 73, 1875 MHz
2026/09/23 18:11:31.721, 0, 92 %, 67 %, 7025 MiB, 49140 MiB, 293.32 W, 300.00 W, 75, 1470 MHz
2026/09/23 18:11:32.721, 0, 30 %, 23 %, 7025 MiB, 49140 MiB, 285.05 W, 300.00 W, 68, 2595 MHz
2026/09/23 18:11:33.723, 0, 96 %, 88 %, 7025 MiB, 49140 MiB, 131.95 W, 300.00 W, 73, 1500 MHz
2026/09/23 18:11:34.723, 0, 98 %, 88 %, 7025 MiB, 49140 MiB, 290.87 W, 300.00 W, 72, 1875 MHz
2026/09/23 18:11:35.724, 0, 97 %, 88 %, 7025 MiB, 49140 MiB, 292.96 W, 300.00 W, 72, 1875 MHz
2026/09/23 18:11:36.725, 0, 98 %, 88 %, 7025 MiB, 49140 MiB, 292.67 W, 300.00 W, 72, 1920 MHz
2026/09/23 18:11:37.725, 0, 94 %, 84 %, 7025 MiB, 49140 MiB, 291.20 W, 300.00 W, 73, 1860 MHz
2026/09/23 18:11:38.726, 0, 98 %, 89 %, 7025 MiB, 49140 MiB, 290.88 W, 300.00 W, 74, 1500 MHz
2026/09/23 18:11:39.727, 0, 98 %, 88 %, 7025 MiB, 49140 MiB, 291.74 W, 300.00 W, 73, 1890 MHz
2026/09/23 18:11:40.727, 0, 96 %, 86 %, 7025 MiB, 49140 MiB, 290.78 W, 300.00 W, 73, 1920 MHz
2026/09/23 18:11:41.729, 0, 98 %, 88 %, 7025 MiB, 49140 MiB, 290.59 W, 300.00 W, 73, 1860 MHz
2026/09/23 18:11:42.730, 0, 97 %, 86 %, 7025 MiB, 49140 MiB, 289.38 W, 300.00 W, 72, 1890 MHz
2026/09/23 18:11:43.731, 0, 98 %, 88 %, 7025 MiB, 49140 MiB, 288.66 W, 300.00 W, 74, 1530 MHz
2026/09/23 18:11:44.731, 0, 98 %, 88 %, 7025 MiB, 49140 MiB, 290.15 W, 300.00 W, 73, 1845 MHz
2026/09/23 18:11:45.732, 0, 97 %, 88 %, 7025 MiB, 49140 MiB, 291.51 W, 300.00 W, 73, 1800 MHz
2026/09/23 18:11:46.733, 0, 96 %, 87 %, 7025 MiB, 49140 MiB, 290.03 W, 300.00 W, 72, 1965 MHz
2026/09/23 18:11:47.734, 0, 97 %, 86 %, 7025 MiB, 49140 MiB, 288.81 W, 300.00 W, 74, 1605 MHz
2026/09/23 18:11:48.735, 0, 97 %, 86 %, 7025 MiB, 49140 MiB, 290.87 W, 300.00 W, 72, 1770 MHz
2026/09/23 18:11:49.735, 0, 96 %, 85 %, 7025 MiB, 49140 MiB, 292.67 W, 300.00 W, 73, 1935 MHz
2026/09/23 18:11:50.736, 0, 97 %, 88 %, 7025 MiB, 49140 MiB, 291.20 W, 300.00 W, 71, 2190 MHz
2026/09/23 18:11:51.737, 0, 98 %, 88 %, 7025 MiB, 49140 MiB, 291.37 W, 300.00 W, 73, 1680 MHz
2026/09/23 18:11:52.737, 0, 97 %, 87 %, 7025 MiB, 49140 MiB, 291.71 W, 300.00 W, 73, 1560 MHz
2026/09/23 18:11:53.738, 0, 98 %, 86 %, 7025 MiB, 49140 MiB, 292.59 W, 300.00 W, 73, 1755 MHz
2026/09/23 18:11:54.738, 0, 98 %, 87 %, 7025 MiB, 49140 MiB, 293.24 W, 300.00 W, 74, 1575 MHz
2026/09/23 18:11:55.739, 0, 98 %, 86 %, 7025 MiB, 49140 MiB, 291.05 W, 300.00 W, 72, 1875 MHz
2026/09/23 18:11:56.740, 0, 98 %, 87 %, 7025 MiB, 49140 MiB, 293.30 W, 300.00 W, 73, 1980 MHz
2026/09/23 18:11:57.740, 0, 97 %, 86 %, 7025 MiB, 49140 MiB, 291.52 W, 300.00 W, 73, 1575 MHz
2026/09/23 18:11:58.741, 0, 97 %, 86 %, 7025 MiB, 49140 MiB, 291.56 W, 300.00 W, 73, 1845 MHz
2026/09/23 18:11:59.743, 0, 96 %, 66 %, 7025 MiB, 49140 MiB, 296.89 W, 300.00 W, 75, 1395 MHz
2026/09/23 18:12:00.744, 0, 0 %, 0 %, 7025 MiB, 49140 MiB, 196.47 W, 300.00 W, 67, 2505 MHz
2026/09/23 18:12:01.745, 0, 0 %, 0 %, 7025 MiB, 49140 MiB, 72.84 W, 300.00 W, 66, 2505 MHz
2026/09/23 18:12:02.745, 0, 94 %, 84 %, 7025 MiB, 49140 MiB, 198.07 W, 300.00 W, 72, 1785 MHz
2026/09/23 18:12:03.747, 0, 97 %, 88 %, 7025 MiB, 49140 MiB, 290.98 W, 300.00 W, 70, 1725 MHz
2026/09/23 18:12:04.748, 0, 98 %, 88 %, 7025 MiB, 49140 MiB, 291.13 W, 300.00 W, 72, 1995 MHz
2026/09/23 18:12:05.749, 0, 97 %, 87 %, 7025 MiB, 49140 MiB, 291.83 W, 300.00 W, 74, 1950 MHz
2026/09/23 18:12:06.750, 0, 98 %, 88 %, 7025 MiB, 49140 MiB, 291.57 W, 300.00 W, 72, 1635 MHz
2026/09/23 18:12:07.751, 0, 97 %, 88 %, 7025 MiB, 49140 MiB, 291.44 W, 300.00 W, 72, 1905 MHz
2026/09/23 18:12:08.752, 0, 98 %, 88 %, 7025 MiB, 49140 MiB, 291.87 W, 300.00 W, 73, 1830 MHz
2026/09/23 18:12:09.753, 0, 97 %, 86 %, 7025 MiB, 49140 MiB, 289.06 W, 300.00 W, 72, 1800 MHz
2026/09/23 18:12:10.753, 0, 98 %, 87 %, 7025 MiB, 49140 MiB, 292.34 W, 300.00 W, 73, 2025 MHz
2026/09/23 18:12:11.754, 0, 93 %, 83 %, 7025 MiB, 49140 MiB, 290.45 W, 300.00 W, 72, 1605 MHz
2026/09/23 18:12:12.755, 0, 98 %, 87 %, 7025 MiB, 49140 MiB, 291.36 W, 300.00 W, 72, 1575 MHz
2026/09/23 18:12:13.757, 0, 98 %, 88 %, 7025 MiB, 49140 MiB, 290.79 W, 300.00 W, 73, 1815 MHz
2026/09/23 18:12:14.757, 0, 98 %, 86 %, 7025 MiB, 49140 MiB, 289.43 W, 300.00 W, 72, 1950 MHz
2026/09/23 18:12:15.758, 0, 97 %, 87 %, 7025 MiB, 49140 MiB, 289.91 W, 300.00 W, 74, 1935 MHz
2026/09/23 18:12:16.759, 0, 97 %, 86 %, 7025 MiB, 49140 MiB, 292.49 W, 300.00 W, 72, 1575 MHz
2026/09/23 18:12:17.759, 0, 95 %, 85 %, 7025 MiB, 49140 MiB, 291.52 W, 300.00 W, 72, 1995 MHz
2026/09/23 18:12:18.760, 0, 97 %, 86 %, 7025 MiB, 49140 MiB, 287.78 W, 300.00 W, 71, 1590 MHz
2026/09/23 18:12:19.761, 0, 98 %, 88 %, 7025 MiB, 49140 MiB, 291.84 W, 300.00 W, 73, 1995 MHz
2026/09/23 18:12:20.763, 0, 98 %, 88 %, 7025 MiB, 49140 MiB, 292.56 W, 300.00 W, 74, 1665 MHz
2026/09/23 18:12:21.764, 0, 97 %, 87 %, 7025 MiB, 49140 MiB, 290.86 W, 300.00 W, 73, 1560 MHz
2026/09/23 18:12:22.765, 0, 97 %, 88 %, 7025 MiB, 49140 MiB, 292.23 W, 300.00 W, 73, 1965 MHz
2026/09/23 18:12:23.766, 0, 98 %, 89 %, 7025 MiB, 49140 MiB, 292.55 W, 300.00 W, 73, 1935 MHz
2026/09/23 18:12:24.767, 0, 97 %, 87 %, 7025 MiB, 49140 MiB, 291.18 W, 300.00 W, 73, 2025 MHz
2026/09/23 18:12:25.768, 0, 98 %, 88 %, 7025 MiB, 49140 MiB, 291.81 W, 300.00 W, 74, 1740 MHz
2026/09/23 18:12:26.768, 0, 98 %, 88 %, 7025 MiB, 49140 MiB, 292.18 W, 300.00 W, 73, 1605 MHz
2026/09/23 18:12:27.769, 0, 93 %, 66 %, 7025 MiB, 49140 MiB, 293.06 W, 300.00 W, 74, 1470 MHz
2026/09/23 18:12:28.770, 0, 87 %, 62 %, 7025 MiB, 49140 MiB, 297.76 W, 300.00 W, 69, 2685 MHz
2026/09/23 18:12:29.770, 0, 0 %, 0 %, 7025 MiB, 49140 MiB, 106.43 W, 300.00 W, 67, 2745 MHz
2026/09/23 18:12:30.770, 0, 93 %, 85 %, 7025 MiB, 49140 MiB, 149.55 W, 300.00 W, 73, 1995 MHz
2026/09/23 18:12:31.772, 0, 93 %, 84 %, 7025 MiB, 49140 MiB, 288.20 W, 300.00 W, 72, 1605 MHz
2026/09/23 18:12:32.773, 0, 97 %, 87 %, 7025 MiB, 49140 MiB, 290.58 W, 300.00 W, 72, 1950 MHz
2026/09/23 18:12:33.775, 0, 98 %, 88 %, 7025 MiB, 49140 MiB, 291.71 W, 300.00 W, 72, 1935 MHz
2026/09/23 18:12:34.775, 0, 98 %, 87 %, 7025 MiB, 49140 MiB, 291.43 W, 300.00 W, 72, 1860 MHz
2026/09/23 18:12:35.777, 0, 98 %, 88 %, 7025 MiB, 49140 MiB, 292.15 W, 300.00 W, 73, 1995 MHz
2026/09/23 18:12:36.778, 0, 97 %, 87 %, 7025 MiB, 49140 MiB, 291.93 W, 300.00 W, 73, 1575 MHz
2026/09/23 18:12:37.779, 0, 96 %, 86 %, 7025 MiB, 49140 MiB, 290.37 W, 300.00 W, 72, 1860 MHz
2026/09/23 18:12:38.780, 0, 98 %, 88 %, 7025 MiB, 49140 MiB, 291.24 W, 300.00 W, 71, 1785 MHz
2026/09/23 18:12:39.781, 0, 95 %, 86 %, 7025 MiB, 49140 MiB, 290.96 W, 300.00 W, 73, 2025 MHz
2026/09/23 18:12:40.782, 0, 97 %, 87 %, 7025 MiB, 49140 MiB, 290.25 W, 300.00 W, 73, 1575 MHz
2026/09/23 18:12:41.784, 0, 96 %, 85 %, 7025 MiB, 49140 MiB, 291.63 W, 300.00 W, 72, 1620 MHz
2026/09/23 18:12:42.785, 0, 97 %, 87 %, 7025 MiB, 49140 MiB, 293.37 W, 300.00 W, 73, 1860 MHz
2026/09/23 18:12:43.785, 0, 96 %, 85 %, 7025 MiB, 49140 MiB, 289.36 W, 300.00 W, 72, 1845 MHz
2026/09/23 18:12:44.786, 0, 98 %, 89 %, 7025 MiB, 49140 MiB, 289.68 W, 300.00 W, 74, 2190 MHz
2026/09/23 18:12:45.788, 0, 97 %, 87 %, 7025 MiB, 49140 MiB, 291.49 W, 300.00 W, 72, 1830 MHz
2026/09/23 18:12:46.790, 0, 95 %, 85 %, 7025 MiB, 49140 MiB, 292.11 W, 300.00 W, 73, 1605 MHz
2026/09/23 18:12:47.790, 0, 98 %, 89 %, 7025 MiB, 49140 MiB, 292.23 W, 300.00 W, 72, 1830 MHz
2026/09/23 18:12:48.791, 0, 94 %, 84 %, 7025 MiB, 49140 MiB, 291.18 W, 300.00 W, 72, 1650 MHz
2026/09/23 18:12:49.792, 0, 98 %, 88 %, 7025 MiB, 49140 MiB, 291.01 W, 300.00 W, 73, 1995 MHz
2026/09/23 18:12:50.793, 0, 98 %, 87 %, 7025 MiB, 49140 MiB, 291.02 W, 300.00 W, 72, 1545 MHz
2026/09/23 18:12:51.794, 0, 97 %, 86 %, 7025 MiB, 49140 MiB, 293.12 W, 300.00 W, 73, 1605 MHz
2026/09/23 18:12:52.795, 0, 98 %, 86 %, 7025 MiB, 49140 MiB, 292.76 W, 300.00 W, 71, 1800 MHz
2026/09/23 18:12:53.796, 0, 97 %, 86 %, 7025 MiB, 49140 MiB, 292.22 W, 300.00 W, 73, 1635 MHz
2026/09/23 18:12:54.797, 0, 96 %, 86 %, 7025 MiB, 49140 MiB, 291.38 W, 300.00 W, 73, 2010 MHz
2026/09/23 18:12:55.797, 0, 97 %, 86 %, 7025 MiB, 49140 MiB, 290.66 W, 300.00 W, 73, 1605 MHz
2026/09/23 18:12:56.798, 0, 94 %, 65 %, 7025 MiB, 49140 MiB, 295.94 W, 300.00 W, 74, 1440 MHz
2026/09/23 18:12:57.798, 0, 0 %, 0 %, 7025 MiB, 49140 MiB, 182.79 W, 300.00 W, 67, 2745 MHz
2026/09/23 18:12:58.799, 0, 0 %, 0 %, 7025 MiB, 49140 MiB, 87.76 W, 300.00 W, 70, 1905 MHz
2026/09/23 18:12:59.800, 0, 98 %, 89 %, 7025 MiB, 49140 MiB, 231.72 W, 300.00 W, 71, 1935 MHz
2026/09/23 18:13:00.801, 0, 97 %, 87 %, 7025 MiB, 49140 MiB, 290.69 W, 300.00 W, 72, 2010 MHz
2026/09/23 18:13:01.802, 0, 98 %, 87 %, 7025 MiB, 49140 MiB, 292.69 W, 300.00 W, 73, 1665 MHz
2026/09/23 18:13:02.803, 0, 98 %, 87 %, 7025 MiB, 49140 MiB, 292.16 W, 300.00 W, 73, 2025 MHz
2026/09/23 18:13:03.805, 0, 97 %, 86 %, 7025 MiB, 49140 MiB, 291.27 W, 300.00 W, 72, 1605 MHz
2026/09/23 18:13:04.806, 0, 98 %, 87 %, 7025 MiB, 49140 MiB, 293.08 W, 300.00 W, 73, 1575 MHz
2026/09/23 18:13:05.807, 0, 98 %, 86 %, 7025 MiB, 49140 MiB, 290.92 W, 300.00 W, 71, 1770 MHz
2026/09/23 18:13:06.808, 0, 98 %, 87 %, 7025 MiB, 49140 MiB, 290.71 W, 300.00 W, 73, 1635 MHz
2026/09/23 18:13:07.809, 0, 92 %, 80 %, 7025 MiB, 49140 MiB, 291.65 W, 300.00 W, 73, 2055 MHz
2026/09/23 18:13:08.810, 0, 99 %, 88 %, 7025 MiB, 49140 MiB, 291.54 W, 300.00 W, 72, 1590 MHz
2026/09/23 18:13:09.811, 0, 97 %, 86 %, 7025 MiB, 49140 MiB, 292.70 W, 300.00 W, 72, 1800 MHz
2026/09/23 18:13:10.812, 0, 97 %, 88 %, 7025 MiB, 49140 MiB, 291.72 W, 300.00 W, 72, 1935 MHz
2026/09/23 18:13:11.813, 0, 98 %, 86 %, 7025 MiB, 49140 MiB, 292.60 W, 300.00 W, 74, 1950 MHz
2026/09/23 18:13:12.814, 0, 97 %, 87 %, 7025 MiB, 49140 MiB, 293.00 W, 300.00 W, 72, 1860 MHz
2026/09/23 18:13:13.814, 0, 99 %, 89 %, 7025 MiB, 49140 MiB, 293.74 W, 300.00 W, 72, 1590 MHz
2026/09/23 18:13:14.815, 0, 96 %, 85 %, 7025 MiB, 49140 MiB, 293.03 W, 300.00 W, 73, 1815 MHz
2026/09/23 18:13:15.816, 0, 97 %, 88 %, 7025 MiB, 49140 MiB, 291.66 W, 300.00 W, 72, 1920 MHz
2026/09/23 18:13:16.818, 0, 97 %, 86 %, 7025 MiB, 49140 MiB, 291.21 W, 300.00 W, 74, 1995 MHz
2026/09/23 18:13:17.819, 0, 97 %, 88 %, 7025 MiB, 49140 MiB, 290.82 W, 300.00 W, 72, 1635 MHz
2026/09/23 18:13:18.819, 0, 91 %, 82 %, 7025 MiB, 49140 MiB, 290.06 W, 300.00 W, 70, 1980 MHz
2026/09/23 18:13:19.820, 0, 97 %, 86 %, 7025 MiB, 49140 MiB, 288.12 W, 300.00 W, 74, 1950 MHz
2026/09/23 18:13:20.821, 0, 98 %, 87 %, 7025 MiB, 49140 MiB, 292.98 W, 300.00 W, 72, 1830 MHz
2026/09/23 18:13:21.822, 0, 98 %, 87 %, 7025 MiB, 49140 MiB, 292.93 W, 300.00 W, 73, 1545 MHz
2026/09/23 18:13:22.823, 0, 92 %, 87 %, 7025 MiB, 49140 MiB, 290.49 W, 300.00 W, 71, 1830 MHz
2026/09/23 18:13:23.824, 0, 97 %, 85 %, 7025 MiB, 49140 MiB, 290.49 W, 300.00 W, 73, 1590 MHz
2026/09/23 18:13:24.826, 0, 96 %, 67 %, 7025 MiB, 49140 MiB, 295.42 W, 300.00 W, 75, 1455 MHz
2026/09/23 18:13:25.826, 0, 0 %, 0 %, 7025 MiB, 49140 MiB, 233.10 W, 300.00 W, 68, 2745 MHz
2026/09/23 18:13:26.827, 0, 0 %, 0 %, 7025 MiB, 49140 MiB, 87.39 W, 300.00 W, 67, 2745 MHz
2026/09/23 18:13:27.827, 0, 98 %, 88 %, 7025 MiB, 49140 MiB, 205.72 W, 300.00 W, 72, 1860 MHz
2026/09/23 18:13:28.828, 0, 97 %, 89 %, 7025 MiB, 49140 MiB, 290.90 W, 300.00 W, 71, 1950 MHz
2026/09/23 18:13:29.831, 0, 98 %, 87 %, 7025 MiB, 49140 MiB, 290.39 W, 300.00 W, 73, 1785 MHz
2026/09/23 18:13:30.832, 0, 97 %, 85 %, 7025 MiB, 49140 MiB, 290.49 W, 300.00 W, 72, 2010 MHz
2026/09/23 18:13:31.833, 0, 99 %, 89 %, 7025 MiB, 49140 MiB, 290.29 W, 300.00 W, 72, 1620 MHz
2026/09/23 18:13:32.833, 0, 97 %, 88 %, 7025 MiB, 49140 MiB, 290.30 W, 300.00 W, 71, 1545 MHz
2026/09/23 18:13:33.834, 0, 97 %, 87 %, 7025 MiB, 49140 MiB, 291.05 W, 300.00 W, 72, 1905 MHz
2026/09/23 18:13:34.835, 0, 97 %, 87 %, 7025 MiB, 49140 MiB, 291.92 W, 300.00 W, 74, 1725 MHz
2026/09/23 18:13:35.836, 0, 97 %, 89 %, 7025 MiB, 49140 MiB, 290.87 W, 300.00 W, 72, 2010 MHz
2026/09/23 18:13:36.837, 0, 99 %, 89 %, 7025 MiB, 49140 MiB, 292.33 W, 300.00 W, 72, 1770 MHz
2026/09/23 18:13:37.838, 0, 95 %, 85 %, 7025 MiB, 49140 MiB, 291.84 W, 300.00 W, 72, 1590 MHz
2026/09/23 18:13:38.838, 0, 97 %, 88 %, 7025 MiB, 49140 MiB, 291.10 W, 300.00 W, 72, 1830 MHz
2026/09/23 18:13:39.839, 0, 98 %, 86 %, 7025 MiB, 49140 MiB, 291.46 W, 300.00 W, 73, 1800 MHz
2026/09/23 18:13:40.840, 0, 98 %, 85 %, 7025 MiB, 49140 MiB, 290.81 W, 300.00 W, 73, 1620 MHz
2026/09/23 18:13:41.840, 0, 98 %, 90 %, 7025 MiB, 49140 MiB, 292.19 W, 300.00 W, 72, 2010 MHz
2026/09/23 18:13:42.841, 0, 96 %, 84 %, 7025 MiB, 49140 MiB, 291.82 W, 300.00 W, 73, 1635 MHz
2026/09/23 18:13:43.842, 0, 97 %, 90 %, 7025 MiB, 49140 MiB, 290.61 W, 300.00 W, 71, 1560 MHz
2026/09/23 18:13:44.843, 0, 97 %, 86 %, 7025 MiB, 49140 MiB, 291.46 W, 300.00 W, 73, 1785 MHz
2026/09/23 18:13:45.844, 0, 97 %, 87 %, 7025 MiB, 49140 MiB, 292.02 W, 300.00 W, 73, 1680 MHz
2026/09/23 18:13:46.844, 0, 98 %, 90 %, 7025 MiB, 49140 MiB, 291.79 W, 300.00 W, 73, 1965 MHz
2026/09/23 18:13:47.845, 0, 99 %, 87 %, 7025 MiB, 49140 MiB, 293.80 W, 300.00 W, 73, 1620 MHz
2026/09/23 18:13:48.846, 0, 97 %, 90 %, 7025 MiB, 49140 MiB, 290.07 W, 300.00 W, 71, 1575 MHz
2026/09/23 18:13:49.847, 0, 97 %, 85 %, 7025 MiB, 49140 MiB, 290.79 W, 300.00 W, 73, 1725 MHz
2026/09/23 18:13:50.847, 0, 98 %, 86 %, 7025 MiB, 49140 MiB, 291.41 W, 300.00 W, 73, 1800 MHz
2026/09/23 18:13:51.848, 0, 99 %, 89 %, 7025 MiB, 49140 MiB, 292.33 W, 300.00 W, 73, 1905 MHz
2026/09/23 18:13:52.850, 0, 95 %, 69 %, 7025 MiB, 49140 MiB, 292.45 W, 300.00 W, 74, 1455 MHz
2026/09/23 18:13:53.850, 0, 95 %, 66 %, 7025 MiB, 49140 MiB, 298.22 W, 300.00 W, 74, 1485 MHz
2026/09/23 18:13:54.851, 0, 0 %, 0 %, 7025 MiB, 49140 MiB, 97.98 W, 300.00 W, 66, 2505 MHz
2026/09/23 18:13:55.851, 0, 99 %, 90 %, 7025 MiB, 49140 MiB, 171.73 W, 300.00 W, 72, 1890 MHz
2026/09/23 18:13:56.852, 0, 98 %, 85 %, 7025 MiB, 49140 MiB, 293.57 W, 300.00 W, 72, 1665 MHz
2026/09/23 18:13:57.853, 0, 98 %, 90 %, 7025 MiB, 49140 MiB, 291.88 W, 300.00 W, 71, 1575 MHz
2026/09/23 18:13:58.853, 0, 97 %, 86 %, 7025 MiB, 49140 MiB, 290.12 W, 300.00 W, 73, 1830 MHz
2026/09/23 18:13:59.854, 0, 97 %, 86 %, 7025 MiB, 49140 MiB, 291.81 W, 300.00 W, 73, 1620 MHz
2026/09/23 18:14:00.855, 0, 98 %, 89 %, 7025 MiB, 49140 MiB, 291.43 W, 300.00 W, 72, 1980 MHz
2026/09/23 18:14:01.856, 0, 98 %, 86 %, 7025 MiB, 49140 MiB, 292.80 W, 300.00 W, 72, 1620 MHz
2026/09/23 18:14:02.857, 0, 98 %, 87 %, 7025 MiB, 49140 MiB, 292.50 W, 300.00 W, 72, 1545 MHz
2026/09/23 18:14:03.858, 0, 97 %, 88 %, 7025 MiB, 49140 MiB, 291.23 W, 300.00 W, 73, 1950 MHz
2026/09/23 18:14:04.859, 0, 97 %, 86 %, 7025 MiB, 49140 MiB, 290.51 W, 300.00 W, 74, 1845 MHz
2026/09/23 18:14:05.862, 0, 97 %, 87 %, 7025 MiB, 49140 MiB, 291.28 W, 300.00 W, 72, 1710 MHz
2026/09/23 18:14:06.863, 0, 98 %, 86 %, 7025 MiB, 49140 MiB, 289.05 W, 300.00 W, 71, 1620 MHz
2026/09/23 18:14:07.864, 0, 97 %, 87 %, 7025 MiB, 49140 MiB, 290.99 W, 300.00 W, 73, 1770 MHz
2026/09/23 18:14:08.865, 0, 97 %, 86 %, 7025 MiB, 49140 MiB, 291.67 W, 300.00 W, 73, 1860 MHz
2026/09/23 18:14:09.865, 0, 97 %, 89 %, 7025 MiB, 49140 MiB, 292.23 W, 300.00 W, 72, 1920 MHz
2026/09/23 18:14:10.868, 0, 97 %, 84 %, 7025 MiB, 49140 MiB, 291.12 W, 300.00 W, 71, 1575 MHz
2026/09/23 18:14:11.868, 0, 97 %, 90 %, 7025 MiB, 49140 MiB, 291.21 W, 300.00 W, 73, 1935 MHz
2026/09/23 18:14:12.869, 0, 97 %, 85 %, 7025 MiB, 49140 MiB, 291.78 W, 300.00 W, 73, 1635 MHz
2026/09/23 18:14:13.870, 0, 97 %, 86 %, 7025 MiB, 49140 MiB, 291.32 W, 300.00 W, 72, 1995 MHz
2026/09/23 18:14:14.871, 0, 98 %, 89 %, 7025 MiB, 49140 MiB, 293.09 W, 300.00 W, 73, 1620 MHz
2026/09/23 18:14:15.873, 0, 97 %, 86 %, 7025 MiB, 49140 MiB, 291.86 W, 300.00 W, 71, 1575 MHz
2026/09/23 18:14:16.874, 0, 98 %, 89 %, 7025 MiB, 49140 MiB, 289.96 W, 300.00 W, 73, 1785 MHz
2026/09/23 18:14:17.877, 0, 98 %, 87 %, 7025 MiB, 49140 MiB, 292.52 W, 300.00 W, 74, 1650 MHz
2026/09/23 18:14:18.877, 0, 98 %, 87 %, 7025 MiB, 49140 MiB, 290.86 W, 300.00 W, 73, 2010 MHz
2026/09/23 18:14:19.879, 0, 99 %, 89 %, 7025 MiB, 49140 MiB, 293.79 W, 300.00 W, 73, 1995 MHz
2026/09/23 18:14:20.880, 0, 97 %, 86 %, 7025 MiB, 49140 MiB, 294.18 W, 300.00 W, 74, 1440 MHz
2026/09/23 18:14:21.881, 0, 95 %, 66 %, 7025 MiB, 49140 MiB, 239.53 W, 300.00 W, 67, 2505 MHz
2026/09/23 18:14:22.885, 0, 0 %, 0 %, 7025 MiB, 49140 MiB, 163.49 W, 300.00 W, 72, 1575 MHz
2026/09/23 18:14:23.886, 0, 98 %, 86 %, 7025 MiB, 49140 MiB, 291.78 W, 300.00 W, 74, 1950 MHz
2026/09/23 18:14:24.888, 0, 97 %, 86 %, 7025 MiB, 49140 MiB, 292.19 W, 300.00 W, 73, 1920 MHz
2026/09/23 18:14:25.889, 0, 98 %, 88 %, 7025 MiB, 49140 MiB, 293.11 W, 300.00 W, 72, 2010 MHz
2026/09/23 18:14:26.889, 0, 97 %, 85 %, 7025 MiB, 49140 MiB, 291.83 W, 300.00 W, 71, 1770 MHz
2026/09/23 18:14:27.890, 0, 98 %, 89 %, 7025 MiB, 49140 MiB, 289.59 W, 300.00 W, 73, 1575 MHz
2026/09/23 18:14:28.891, 0, 97 %, 86 %, 7025 MiB, 49140 MiB, 292.17 W, 300.00 W, 74, 1860 MHz
2026/09/23 18:14:29.893, 0, 98 %, 87 %, 7025 MiB, 49140 MiB, 291.33 W, 300.00 W, 72, 1725 MHz
2026/09/23 18:14:30.893, 0, 99 %, 87 %, 7025 MiB, 49140 MiB, 292.36 W, 300.00 W, 73, 1920 MHz
2026/09/23 18:14:31.894, 0, 97 %, 86 %, 7025 MiB, 49140 MiB, 290.08 W, 300.00 W, 71, 1620 MHz
2026/09/23 18:14:32.896, 0, 98 %, 88 %, 7025 MiB, 49140 MiB, 291.41 W, 300.00 W, 73, 1575 MHz
2026/09/23 18:14:33.896, 0, 96 %, 85 %, 7025 MiB, 49140 MiB, 291.13 W, 300.00 W, 73, 1785 MHz
2026/09/23 18:14:34.897, 0, 98 %, 88 %, 7025 MiB, 49140 MiB, 291.77 W, 300.00 W, 72, 1590 MHz
2026/09/23 18:14:35.898, 0, 99 %, 88 %, 7025 MiB, 49140 MiB, 294.09 W, 300.00 W, 74, 2010 MHz
2026/09/23 18:14:36.900, 0, 97 %, 87 %, 7025 MiB, 49140 MiB, 291.75 W, 300.00 W, 72, 1590 MHz
2026/09/23 18:14:37.904, 0, 98 %, 88 %, 7025 MiB, 49140 MiB, 292.24 W, 300.00 W, 73, 1575 MHz
2026/09/23 18:14:38.905, 0, 98 %, 87 %, 7025 MiB, 49140 MiB, 292.56 W, 300.00 W, 73, 1800 MHz
2026/09/23 18:14:39.906, 0, 97 %, 86 %, 7025 MiB, 49140 MiB, 290.93 W, 300.00 W, 72, 1680 MHz
2026/09/23 18:14:40.908, 0, 98 %, 87 %, 7025 MiB, 49140 MiB, 291.52 W, 300.00 W, 72, 1890 MHz
2026/09/23 18:14:41.909, 0, 97 %, 88 %, 7025 MiB, 49140 MiB, 291.44 W, 300.00 W, 73, 1605 MHz
2026/09/23 18:14:42.910, 0, 97 %, 86 %, 7025 MiB, 49140 MiB, 292.25 W, 300.00 W, 74, 1785 MHz
2026/09/23 18:14:43.911, 0, 98 %, 87 %, 7025 MiB, 49140 MiB, 291.82 W, 300.00 W, 73, 1830 MHz
2026/09/23 18:14:44.912, 0, 97 %, 88 %, 7025 MiB, 49140 MiB, 290.33 W, 300.00 W, 72, 1590 MHz
2026/09/23 18:14:45.912, 0, 99 %, 89 %, 7025 MiB, 49140 MiB, 291.72 W, 300.00 W, 73, 2100 MHz
2026/09/23 18:14:46.913, 0, 97 %, 87 %, 7025 MiB, 49140 MiB, 290.98 W, 300.00 W, 72, 1635 MHz
2026/09/23 18:14:47.914, 0, 97 %, 88 %, 7025 MiB, 49140 MiB, 291.69 W, 300.00 W, 73, 1530 MHz
2026/09/23 18:14:48.915, 0, 92 %, 66 %, 7025 MiB, 49140 MiB, 297.53 W, 300.00 W, 73, 1470 MHz
2026/09/23 18:14:49.915, 0, 0 %, 0 %, 7025 MiB, 49140 MiB, 154.58 W, 300.00 W, 67, 2730 MHz
2026/09/23 18:14:50.916, 0, 97 %, 86 %, 7025 MiB, 49140 MiB, 263.09 W, 300.00 W, 72, 1875 MHz
2026/09/23 18:14:51.917, 0, 97 %, 89 %, 7025 MiB, 49140 MiB, 291.60 W, 300.00 W, 73, 1965 MHz
2026/09/23 18:14:52.918, 0, 98 %, 87 %, 7025 MiB, 49140 MiB, 290.35 W, 300.00 W, 71, 1680 MHz
2026/09/23 18:14:53.918, 0, 98 %, 90 %, 7025 MiB, 49140 MiB, 291.13 W, 300.00 W, 73, 1545 MHz
2026/09/23 18:14:54.920, 0, 98 %, 86 %, 7025 MiB, 49140 MiB, 291.40 W, 300.00 W, 74, 1860 MHz
2026/09/23 18:14:55.924, 0, 98 %, 85 %, 7025 MiB, 49140 MiB, 291.39 W, 300.00 W, 72, 1770 MHz
2026/09/23 18:14:56.925, 0, 98 %, 86 %, 7025 MiB, 49140 MiB, 292.90 W, 300.00 W, 72, 2055 MHz
2026/09/23 18:14:57.926, 0, 97 %, 86 %, 7025 MiB, 49140 MiB, 291.62 W, 300.00 W, 72, 1650 MHz
2026/09/23 18:14:58.928, 0, 97 %, 89 %, 7025 MiB, 49140 MiB, 289.60 W, 300.00 W, 73, 1560 MHz
2026/09/23 18:14:59.929, 0, 97 %, 87 %, 7025 MiB, 49140 MiB, 291.40 W, 300.00 W, 73, 1815 MHz
2026/09/23 18:15:00.930, 0, 98 %, 90 %, 7025 MiB, 49140 MiB, 289.86 W, 300.00 W, 73, 1830 MHz
2026/09/23 18:15:01.931, 0, 96 %, 84 %, 7025 MiB, 49140 MiB, 292.02 W, 300.00 W, 72, 1845 MHz
2026/09/23 18:15:02.932, 0, 98 %, 90 %, 7025 MiB, 49140 MiB, 291.43 W, 300.00 W, 73, 1620 MHz
2026/09/23 18:15:03.932, 0, 95 %, 85 %, 7025 MiB, 49140 MiB, 291.65 W, 300.00 W, 75, 1845 MHz
2026/09/23 18:15:04.933, 0, 98 %, 87 %, 7025 MiB, 49140 MiB, 293.19 W, 300.00 W, 73, 1845 MHz
2026/09/23 18:15:05.935, 0, 98 %, 89 %, 7025 MiB, 49140 MiB, 290.59 W, 300.00 W, 73, 2085 MHz
2026/09/23 18:15:06.935, 0, 97 %, 86 %, 7025 MiB, 49140 MiB, 289.86 W, 300.00 W, 72, 1875 MHz
2026/09/23 18:15:07.936, 0, 98 %, 89 %, 7025 MiB, 49140 MiB, 291.09 W, 300.00 W, 73, 1800 MHz
2026/09/23 18:15:08.937, 0, 98 %, 87 %, 7025 MiB, 49140 MiB, 291.40 W, 300.00 W, 75, 1530 MHz
2026/09/23 18:15:09.938, 0, 97 %, 86 %, 7025 MiB, 49140 MiB, 292.19 W, 300.00 W, 73, 1845 MHz
2026/09/23 18:15:10.939, 0, 96 %, 88 %, 7025 MiB, 49140 MiB, 293.05 W, 300.00 W, 73, 1980 MHz
2026/09/23 18:15:11.940, 0, 97 %, 85 %, 7025 MiB, 49140 MiB, 292.97 W, 300.00 W, 73, 1935 MHz
2026/09/23 18:15:12.940, 0, 97 %, 87 %, 7025 MiB, 49140 MiB, 291.32 W, 300.00 W, 73, 1920 MHz
2026/09/23 18:15:13.941, 0, 97 %, 86 %, 7025 MiB, 49140 MiB, 290.86 W, 300.00 W, 74, 1575 MHz
2026/09/23 18:15:14.942, 0, 97 %, 86 %, 7025 MiB, 49140 MiB, 292.29 W, 300.00 W, 73, 1830 MHz
2026/09/23 18:15:15.943, 0, 98 %, 89 %, 7025 MiB, 49140 MiB, 295.55 W, 300.00 W, 75, 1335 MHz
2026/09/23 18:15:16.943, 0, 94 %, 66 %, 7025 MiB, 49140 MiB, 256.18 W, 300.00 W, 68, 2730 MHz
2026/09/23 18:15:17.945, 0, 0 %, 0 %, 7025 MiB, 49140 MiB, 162.57 W, 300.00 W, 72, 1905 MHz
2026/09/23 18:15:18.946, 0, 100 %, 86 %, 7025 MiB, 49140 MiB, 289.51 W, 300.00 W, 72, 1950 MHz
2026/09/23 18:15:19.948, 0, 96 %, 85 %, 7025 MiB, 49140 MiB, 291.12 W, 300.00 W, 74, 1590 MHz
2026/09/23 18:15:20.948, 0, 98 %, 87 %, 7025 MiB, 49140 MiB, 292.70 W, 300.00 W, 72, 1830 MHz
2026/09/23 18:15:21.949, 0, 98 %, 90 %, 7025 MiB, 49140 MiB, 293.07 W, 300.00 W, 73, 1965 MHz
2026/09/23 18:15:22.950, 0, 98 %, 86 %, 7025 MiB, 49140 MiB, 291.70 W, 300.00 W, 72, 1995 MHz
2026/09/23 18:15:23.950, 0, 97 %, 89 %, 7025 MiB, 49140 MiB, 291.78 W, 300.00 W, 72, 1875 MHz
2026/09/23 18:15:24.951, 0, 97 %, 87 %, 7025 MiB, 49140 MiB, 291.08 W, 300.00 W, 74, 1620 MHz
2026/09/23 18:15:25.952, 0, 97 %, 86 %, 7025 MiB, 49140 MiB, 290.01 W, 300.00 W, 72, 1980 MHz
2026/09/23 18:15:26.953, 0, 98 %, 88 %, 7025 MiB, 49140 MiB, 292.29 W, 300.00 W, 73, 1905 MHz
2026/09/23 18:15:27.954, 0, 97 %, 84 %, 7025 MiB, 49140 MiB, 292.83 W, 300.00 W, 72, 2100 MHz
2026/09/23 18:15:28.954, 0, 97 %, 90 %, 7025 MiB, 49140 MiB, 290.58 W, 300.00 W, 73, 1680 MHz
2026/09/23 18:15:29.955, 0, 97 %, 85 %, 7025 MiB, 49140 MiB, 292.33 W, 300.00 W, 74, 1590 MHz
2026/09/23 18:15:30.956, 0, 97 %, 86 %, 7025 MiB, 49140 MiB, 290.70 W, 300.00 W, 72, 1860 MHz
2026/09/23 18:15:31.957, 0, 98 %, 88 %, 7025 MiB, 49140 MiB, 292.78 W, 300.00 W, 73, 1665 MHz
2026/09/23 18:15:32.958, 0, 96 %, 85 %, 7025 MiB, 49140 MiB, 287.71 W, 300.00 W, 73, 1845 MHz
2026/09/23 18:15:33.959, 0, 97 %, 86 %, 7025 MiB, 49140 MiB, 292.12 W, 300.00 W, 75, 1530 MHz
2026/09/23 18:15:34.959, 0, 98 %, 86 %, 7025 MiB, 49140 MiB, 292.06 W, 300.00 W, 73, 1875 MHz
2026/09/23 18:15:35.961, 0, 94 %, 84 %, 7025 MiB, 49140 MiB, 292.67 W, 300.00 W, 73, 1830 MHz
2026/09/23 18:15:36.962, 0, 97 %, 84 %, 7025 MiB, 49140 MiB, 292.71 W, 300.00 W, 73, 1995 MHz
2026/09/23 18:15:37.962, 0, 93 %, 88 %, 7025 MiB, 49140 MiB, 291.20 W, 300.00 W, 73, 1650 MHz
2026/09/23 18:15:38.963, 0, 98 %, 86 %, 7025 MiB, 49140 MiB, 291.37 W, 300.00 W, 73, 1560 MHz
2026/09/23 18:15:39.964, 0, 97 %, 86 %, 7025 MiB, 49140 MiB, 292.65 W, 300.00 W, 73, 1875 MHz
2026/09/23 18:15:40.967, 0, 99 %, 89 %, 7025 MiB, 49140 MiB, 292.52 W, 300.00 W, 74, 1620 MHz
2026/09/23 18:15:41.968, 0, 98 %, 87 %, 7025 MiB, 49140 MiB, 292.99 W, 300.00 W, 71, 2010 MHz
2026/09/23 18:15:42.968, 0, 97 %, 89 %, 7025 MiB, 49140 MiB, 292.01 W, 300.00 W, 73, 1665 MHz
2026/09/23 18:15:43.969, 0, 93 %, 67 %, 7025 MiB, 49140 MiB, 298.20 W, 300.00 W, 73, 1455 MHz
2026/09/23 18:15:44.970, 0, 0 %, 0 %, 7025 MiB, 49140 MiB, 167.73 W, 300.00 W, 67, 2610 MHz
2026/09/23 18:15:45.971, 0, 98 %, 86 %, 7025 MiB, 49140 MiB, 243.49 W, 300.00 W, 74, 1575 MHz
2026/09/23 18:15:46.972, 0, 93 %, 83 %, 7025 MiB, 49140 MiB, 290.90 W, 300.00 W, 73, 1920 MHz
2026/09/23 18:15:47.972, 0, 99 %, 88 %, 7025 MiB, 49140 MiB, 292.26 W, 300.00 W, 73, 1815 MHz
2026/09/23 18:15:48.973, 0, 97 %, 85 %, 7025 MiB, 49140 MiB, 291.54 W, 300.00 W, 72, 2010 MHz
2026/09/23 18:15:49.974, 0, 98 %, 91 %, 7025 MiB, 49140 MiB, 291.81 W, 300.00 W, 73, 1770 MHz
2026/09/23 18:15:50.974, 0, 93 %, 82 %, 7025 MiB, 49140 MiB, 291.44 W, 300.00 W, 74, 1530 MHz
2026/09/23 18:15:51.975, 0, 97 %, 84 %, 7025 MiB, 49140 MiB, 291.09 W, 300.00 W, 73, 1905 MHz
2026/09/23 18:15:52.976, 0, 99 %, 87 %, 7025 MiB, 49140 MiB, 292.55 W, 300.00 W, 73, 1665 MHz
2026/09/23 18:15:53.977, 0, 98 %, 88 %, 7025 MiB, 49140 MiB, 289.93 W, 300.00 W, 72, 2010 MHz
2026/09/23 18:15:54.978, 0, 97 %, 87 %, 7025 MiB, 49140 MiB, 291.09 W, 300.00 W, 74, 1575 MHz
2026/09/23 18:15:55.979, 0, 97 %, 86 %, 7025 MiB, 49140 MiB, 292.10 W, 300.00 W, 73, 1560 MHz
2026/09/23 18:15:56.980, 0, 96 %, 87 %, 7025 MiB, 49140 MiB, 290.59 W, 300.00 W, 72, 1620 MHz
2026/09/23 18:15:57.980, 0, 98 %, 88 %, 7025 MiB, 49140 MiB, 292.06 W, 300.00 W, 71, 1965 MHz
2026/09/23 18:15:58.982, 0, 97 %, 91 %, 7025 MiB, 49140 MiB, 289.44 W, 300.00 W, 73, 1995 MHz
2026/09/23 18:15:59.983, 0, 97 %, 86 %, 7025 MiB, 49140 MiB, 292.42 W, 300.00 W, 74, 1665 MHz
2026/09/23 18:16:00.984, 0, 97 %, 85 %, 7025 MiB, 49140 MiB, 291.19 W, 300.00 W, 73, 1545 MHz
2026/09/23 18:16:01.985, 0, 99 %, 88 %, 7025 MiB, 49140 MiB, 293.64 W, 300.00 W, 73, 1845 MHz
2026/09/23 18:16:02.986, 0, 98 %, 85 %, 7025 MiB, 49140 MiB, 292.51 W, 300.00 W, 72, 1755 MHz
2026/09/23 18:16:03.987, 0, 97 %, 90 %, 7025 MiB, 49140 MiB, 291.57 W, 300.00 W, 73, 2025 MHz
2026/09/23 18:16:04.988, 0, 97 %, 85 %, 7025 MiB, 49140 MiB, 291.99 W, 300.00 W, 74, 1605 MHz
2026/09/23 18:16:05.989, 0, 97 %, 85 %, 7025 MiB, 49140 MiB, 291.28 W, 300.00 W, 72, 1530 MHz
2026/09/23 18:16:06.989, 0, 99 %, 88 %, 7025 MiB, 49140 MiB, 289.58 W, 300.00 W, 73, 1980 MHz
2026/09/23 18:16:07.990, 0, 97 %, 87 %, 7025 MiB, 49140 MiB, 290.60 W, 300.00 W, 73, 2010 MHz
2026/09/23 18:16:08.992, 0, 98 %, 87 %, 7025 MiB, 49140 MiB, 291.68 W, 300.00 W, 75, 1740 MHz
2026/09/23 18:16:09.993, 0, 93 %, 81 %, 7025 MiB, 49140 MiB, 291.75 W, 300.00 W, 73, 1500 MHz
2026/09/23 18:16:10.994, 0, 96 %, 85 %, 7025 MiB, 49140 MiB, 294.68 W, 300.00 W, 74, 1560 MHz
2026/09/23 18:16:11.995, 0, 95 %, 67 %, 7025 MiB, 49140 MiB, 277.34 W, 300.00 W, 68, 2505 MHz
2026/09/23 18:16:12.996, 0, 0 %, 0 %, 7025 MiB, 49140 MiB, 126.19 W, 300.00 W, 71, 1635 MHz
2026/09/23 18:16:13.996, 0, 98 %, 88 %, 7025 MiB, 49140 MiB, 291.14 W, 300.00 W, 73, 2100 MHz
2026/09/23 18:16:14.997, 0, 97 %, 86 %, 7025 MiB, 49140 MiB, 290.76 W, 300.00 W, 73, 1590 MHz
2026/09/23 18:16:15.998, 0, 97 %, 87 %, 7025 MiB, 49140 MiB, 290.77 W, 300.00 W, 72, 1560 MHz
2026/09/23 18:16:17.000, 0, 99 %, 90 %, 7025 MiB, 49140 MiB, 291.38 W, 300.00 W, 73, 1845 MHz
2026/09/23 18:16:18.002, 0, 98 %, 86 %, 7025 MiB, 49140 MiB, 290.30 W, 300.00 W, 71, 1710 MHz
2026/09/23 18:16:19.003, 0, 97 %, 89 %, 7025 MiB, 49140 MiB, 290.52 W, 300.00 W, 73, 1995 MHz
2026/09/23 18:16:20.005, 0, 95 %, 84 %, 7025 MiB, 49140 MiB, 291.24 W, 300.00 W, 73, 1575 MHz
2026/09/23 18:16:21.006, 0, 97 %, 87 %, 7025 MiB, 49140 MiB, 291.48 W, 300.00 W, 72, 1560 MHz
2026/09/23 18:16:22.007, 0, 99 %, 89 %, 7025 MiB, 49140 MiB, 293.77 W, 300.00 W, 73, 1830 MHz
2026/09/23 18:16:23.008, 0, 97 %, 87 %, 7025 MiB, 49140 MiB, 292.25 W, 300.00 W, 72, 1755 MHz
2026/09/23 18:16:24.009, 0, 98 %, 90 %, 7025 MiB, 49140 MiB, 289.01 W, 300.00 W, 73, 1995 MHz
2026/09/23 18:16:25.010, 0, 97 %, 87 %, 7025 MiB, 49140 MiB, 289.46 W, 300.00 W, 73, 1605 MHz
2026/09/23 18:16:26.013, 0, 97 %, 87 %, 7025 MiB, 49140 MiB, 289.90 W, 300.00 W, 72, 1605 MHz
2026/09/23 18:16:27.014, 0, 99 %, 89 %, 7025 MiB, 49140 MiB, 293.86 W, 300.00 W, 73, 1800 MHz
2026/09/23 18:16:28.014, 0, 97 %, 87 %, 7025 MiB, 49140 MiB, 290.22 W, 300.00 W, 72, 1650 MHz
2026/09/23 18:16:29.015, 0, 92 %, 83 %, 7025 MiB, 49140 MiB, 290.61 W, 300.00 W, 74, 1965 MHz
2026/09/23 18:16:30.016, 0, 97 %, 86 %, 7025 MiB, 49140 MiB, 292.96 W, 300.00 W, 74, 1650 MHz
2026/09/23 18:16:31.017, 0, 97 %, 87 %, 7025 MiB, 49140 MiB, 290.75 W, 300.00 W, 72, 1560 MHz
2026/09/23 18:16:32.018, 0, 98 %, 89 %, 7025 MiB, 49140 MiB, 293.32 W, 300.00 W, 74, 1800 MHz
2026/09/23 18:16:33.019, 0, 97 %, 87 %, 7025 MiB, 49140 MiB, 291.87 W, 300.00 W, 72, 1650 MHz
2026/09/23 18:16:34.020, 0, 95 %, 87 %, 7025 MiB, 49140 MiB, 290.61 W, 300.00 W, 74, 2025 MHz
2026/09/23 18:16:35.020, 0, 98 %, 87 %, 7025 MiB, 49140 MiB, 291.95 W, 300.00 W, 73, 1590 MHz
2026/09/23 18:16:36.021, 0, 97 %, 88 %, 7025 MiB, 49140 MiB, 291.90 W, 300.00 W, 73, 1545 MHz
2026/09/23 18:16:37.022, 0, 99 %, 89 %, 7025 MiB, 49140 MiB, 293.60 W, 300.00 W, 73, 1785 MHz
2026/09/23 18:16:38.022, 0, 97 %, 86 %, 7025 MiB, 49140 MiB, 291.50 W, 300.00 W, 72, 1650 MHz
2026/09/23 18:16:39.023, 0, 95 %, 68 %, 7025 MiB, 49140 MiB, 296.08 W, 300.00 W, 74, 1485 MHz
2026/09/23 18:16:40.024, 0, 30 %, 22 %, 7025 MiB, 49140 MiB, 190.17 W, 300.00 W, 67, 2730 MHz
2026/09/23 18:16:41.024, 0, 97 %, 85 %, 7025 MiB, 49140 MiB, 222.81 W, 300.00 W, 72, 1830 MHz
2026/09/23 18:16:42.025, 0, 99 %, 88 %, 7025 MiB, 49140 MiB, 292.88 W, 300.00 W, 73, 1815 MHz
2026/09/23 18:16:43.026, 0, 90 %, 84 %, 7025 MiB, 49140 MiB, 286.90 W, 300.00 W, 73, 1665 MHz
2026/09/23 18:16:44.027, 0, 96 %, 86 %, 7025 MiB, 49140 MiB, 287.28 W, 300.00 W, 72, 1695 MHz
2026/09/23 18:16:45.028, 0, 97 %, 87 %, 7025 MiB, 49140 MiB, 293.37 W, 300.00 W, 73, 1530 MHz
2026/09/23 18:16:46.028, 0, 97 %, 84 %, 7025 MiB, 49140 MiB, 292.55 W, 300.00 W, 71, 1875 MHz
2026/09/23 18:16:47.029, 0, 97 %, 89 %, 7025 MiB, 49140 MiB, 290.92 W, 300.00 W, 73, 1755 MHz
2026/09/23 18:16:48.031, 0, 98 %, 86 %, 7025 MiB, 49140 MiB, 292.35 W, 300.00 W, 74, 2055 MHz
2026/09/23 18:16:49.032, 0, 97 %, 85 %, 7025 MiB, 49140 MiB, 292.30 W, 300.00 W, 73, 1800 MHz
2026/09/23 18:16:50.032, 0, 98 %, 90 %, 7025 MiB, 49140 MiB, 293.81 W, 300.00 W, 73, 1590 MHz
2026/09/23 18:16:51.034, 0, 97 %, 85 %, 7025 MiB, 49140 MiB, 292.83 W, 300.00 W, 72, 1890 MHz
2026/09/23 18:16:52.035, 0, 97 %, 89 %, 7025 MiB, 49140 MiB, 291.27 W, 300.00 W, 73, 1920 MHz
2026/09/23 18:16:53.035, 0, 97 %, 86 %, 7025 MiB, 49140 MiB, 291.89 W, 300.00 W, 75, 1995 MHz
2026/09/23 18:16:54.036, 0, 98 %, 87 %, 7025 MiB, 49140 MiB, 292.80 W, 300.00 W, 73, 1800 MHz
2026/09/23 18:16:55.037, 0, 98 %, 88 %, 7025 MiB, 49140 MiB, 293.02 W, 300.00 W, 73, 1545 MHz
2026/09/23 18:16:56.039, 0, 98 %, 85 %, 7025 MiB, 49140 MiB, 291.92 W, 300.00 W, 71, 1860 MHz
2026/09/23 18:16:57.039, 0, 98 %, 89 %, 7025 MiB, 49140 MiB, 291.03 W, 300.00 W, 73, 1635 MHz
2026/09/23 18:16:58.040, 0, 97 %, 85 %, 7025 MiB, 49140 MiB, 291.68 W, 300.00 W, 73, 2010 MHz
2026/09/23 18:16:59.041, 0, 95 %, 86 %, 7025 MiB, 49140 MiB, 290.01 W, 300.00 W, 73, 1590 MHz
2026/09/23 18:17:00.042, 0, 99 %, 87 %, 7025 MiB, 49140 MiB, 293.18 W, 300.00 W, 73, 1755 MHz
2026/09/23 18:17:01.043, 0, 97 %, 87 %, 7025 MiB, 49140 MiB, 292.22 W, 300.00 W, 73, 1860 MHz
2026/09/23 18:17:02.044, 0, 97 %, 87 %, 7025 MiB, 49140 MiB, 291.35 W, 300.00 W, 75, 1815 MHz
2026/09/23 18:17:03.044, 0, 96 %, 85 %, 7025 MiB, 49140 MiB, 291.71 W, 300.00 W, 73, 1860 MHz
2026/09/23 18:17:04.046, 0, 97 %, 89 %, 7025 MiB, 49140 MiB, 292.82 W, 300.00 W, 73, 1545 MHz
2026/09/23 18:17:05.046, 0, 97 %, 85 %, 7025 MiB, 49140 MiB, 291.74 W, 300.00 W, 72, 1935 MHz
2026/09/23 18:17:06.047, 0, 96 %, 89 %, 7025 MiB, 49140 MiB, 293.37 W, 300.00 W, 74, 1395 MHz
2026/09/23 18:17:07.048, 0, 94 %, 65 %, 7025 MiB, 49140 MiB, 286.84 W, 300.00 W, 75, 2475 MHz
2026/09/23 18:17:08.048, 0, 0 %, 0 %, 7025 MiB, 49140 MiB, 134.13 W, 300.00 W, 71, 1755 MHz
2026/09/23 18:17:09.049, 0, 98 %, 89 %, 7025 MiB, 49140 MiB, 291.67 W, 300.00 W, 73, 1680 MHz
2026/09/23 18:17:10.049, 0, 98 %, 87 %, 7025 MiB, 49140 MiB, 291.30 W, 300.00 W, 72, 1755 MHz
2026/09/23 18:17:11.050, 0, 98 %, 88 %, 7025 MiB, 49140 MiB, 291.78 W, 300.00 W, 74, 1665 MHz
2026/09/23 18:17:12.051, 0, 96 %, 85 %, 7025 MiB, 49140 MiB, 292.71 W, 300.00 W, 73, 1920 MHz
2026/09/23 18:17:13.054, 0, 97 %, 88 %, 7025 MiB, 49140 MiB, 292.54 W, 300.00 W, 72, 1545 MHz
2026/09/23 18:17:14.055, 0, 99 %, 89 %, 7025 MiB, 49140 MiB, 293.13 W, 300.00 W, 73, 1740 MHz
2026/09/23 18:17:15.056, 0, 97 %, 88 %, 7025 MiB, 49140 MiB, 291.43 W, 300.00 W, 73, 1935 MHz
2026/09/23 18:17:16.057, 0, 98 %, 86 %, 7025 MiB, 49140 MiB, 292.55 W, 300.00 W, 74, 1890 MHz
2026/09/23 18:17:17.057, 0, 98 %, 87 %, 7025 MiB, 49140 MiB, 292.67 W, 300.00 W, 73, 1785 MHz
2026/09/23 18:17:18.058, 0, 98 %, 88 %, 7025 MiB, 49140 MiB, 293.79 W, 300.00 W, 73, 1530 MHz
2026/09/23 18:17:19.059, 0, 96 %, 85 %, 7025 MiB, 49140 MiB, 292.08 W, 300.00 W, 72, 1800 MHz
2026/09/23 18:17:20.061, 0, 97 %, 87 %, 7025 MiB, 49140 MiB, 290.61 W, 300.00 W, 74, 1575 MHz
2026/09/23 18:17:21.061, 0, 98 %, 88 %, 7025 MiB, 49140 MiB, 291.94 W, 300.00 W, 73, 1920 MHz
2026/09/23 18:17:22.062, 0, 98 %, 86 %, 7025 MiB, 49140 MiB, 292.96 W, 300.00 W, 73, 1560 MHz
2026/09/23 18:17:23.063, 0, 97 %, 86 %, 7025 MiB, 49140 MiB, 292.32 W, 300.00 W, 72, 1860 MHz
2026/09/23 18:17:24.064, 0, 98 %, 86 %, 7025 MiB, 49140 MiB, 291.44 W, 300.00 W, 74, 1650 MHz
2026/09/23 18:17:25.065, 0, 98 %, 88 %, 7025 MiB, 49140 MiB, 292.46 W, 300.00 W, 73, 1980 MHz
2026/09/23 18:17:26.066, 0, 98 %, 87 %, 7025 MiB, 49140 MiB, 292.35 W, 300.00 W, 73, 1545 MHz
2026/09/23 18:17:27.067, 0, 97 %, 86 %, 7025 MiB, 49140 MiB, 293.45 W, 300.00 W, 73, 1950 MHz
2026/09/23 18:17:28.068, 0, 97 %, 86 %, 7025 MiB, 49140 MiB, 291.90 W, 300.00 W, 73, 1680 MHz
2026/09/23 18:17:29.069, 0, 98 %, 89 %, 7025 MiB, 49140 MiB, 291.72 W, 300.00 W, 73, 1995 MHz
2026/09/23 18:17:30.071, 0, 88 %, 78 %, 7025 MiB, 49140 MiB, 290.97 W, 300.00 W, 73, 1500 MHz
2026/09/23 18:17:31.072, 0, 97 %, 87 %, 7025 MiB, 49140 MiB, 291.16 W, 300.00 W, 72, 1785 MHz
2026/09/23 18:17:32.073, 0, 98 %, 87 %, 7025 MiB, 49140 MiB, 291.52 W, 300.00 W, 74, 1725 MHz
2026/09/23 18:17:33.075, 0, 97 %, 86 %, 7025 MiB, 49140 MiB, 291.79 W, 300.00 W, 73, 1920 MHz
2026/09/23 18:17:34.076, 0, 96 %, 67 %, 7025 MiB, 49140 MiB, 297.20 W, 300.00 W, 75, 1440 MHz
2026/09/23 18:17:35.077, 0, 96 %, 65 %, 7025 MiB, 49140 MiB, 215.42 W, 300.00 W, 67, 2505 MHz
2026/09/23 18:17:36.078, 0, 73 %, 65 %, 7025 MiB, 49140 MiB, 187.19 W, 300.00 W, 71, 1590 MHz
2026/09/23 18:17:37.079, 0, 96 %, 86 %, 7025 MiB, 49140 MiB, 290.96 W, 300.00 W, 74, 1860 MHz
2026/09/23 18:17:38.082, 0, 98 %, 87 %, 7025 MiB, 49140 MiB, 292.12 W, 300.00 W, 73, 1830 MHz
2026/09/23 18:17:39.083, 0, 97 %, 87 %, 7025 MiB, 49140 MiB, 293.16 W, 300.00 W, 73, 1890 MHz
2026/09/23 18:17:40.084, 0, 97 %, 87 %, 7025 MiB, 49140 MiB, 293.84 W, 300.00 W, 72, 1620 MHz
2026/09/23 18:17:41.084, 0, 98 %, 87 %, 7025 MiB, 49140 MiB, 291.98 W, 300.00 W, 73, 1770 MHz
2026/09/23 18:17:42.085, 0, 98 %, 87 %, 7025 MiB, 49140 MiB, 291.90 W, 300.00 W, 74, 1875 MHz
2026/09/23 18:17:43.086, 0, 96 %, 86 %, 7025 MiB, 49140 MiB, 290.15 W, 300.00 W, 73, 1995 MHz
2026/09/23 18:17:44.086, 0, 98 %, 87 %, 7025 MiB, 49140 MiB, 294.22 W, 300.00 W, 73, 1635 MHz
2026/09/23 18:17:45.087, 0, 97 %, 87 %, 7025 MiB, 49140 MiB, 293.25 W, 300.00 W, 72, 1515 MHz
2026/09/23 18:17:46.088, 0, 98 %, 86 %, 7025 MiB, 49140 MiB, 290.94 W, 300.00 W, 73, 1785 MHz
2026/09/23 18:17:47.089, 0, 97 %, 88 %, 7025 MiB, 49140 MiB, 291.74 W, 300.00 W, 73, 1665 MHz
2026/09/23 18:17:48.090, 0, 95 %, 86 %, 7025 MiB, 49140 MiB, 290.26 W, 300.00 W, 73, 1605 MHz
2026/09/23 18:17:49.091, 0, 98 %, 88 %, 7025 MiB, 49140 MiB, 293.19 W, 300.00 W, 72, 1515 MHz
2026/09/23 18:17:50.092, 0, 98 %, 88 %, 7025 MiB, 49140 MiB, 292.51 W, 300.00 W, 73, 1815 MHz
2026/09/23 18:17:51.092, 0, 98 %, 87 %, 7025 MiB, 49140 MiB, 292.48 W, 300.00 W, 74, 1710 MHz
2026/09/23 18:17:52.093, 0, 97 %, 87 %, 7025 MiB, 49140 MiB, 291.22 W, 300.00 W, 73, 2010 MHz
2026/09/23 18:17:53.094, 0, 97 %, 88 %, 7025 MiB, 49140 MiB, 293.69 W, 300.00 W, 74, 1575 MHz
2026/09/23 18:17:54.095, 0, 98 %, 88 %, 7025 MiB, 49140 MiB, 291.50 W, 300.00 W, 72, 1605 MHz
2026/09/23 18:17:55.097, 0, 96 %, 86 %, 7025 MiB, 49140 MiB, 292.79 W, 300.00 W, 74, 1755 MHz
2026/09/23 18:17:56.097, 0, 98 %, 88 %, 7025 MiB, 49140 MiB, 292.88 W, 300.00 W, 73, 1770 MHz
2026/09/23 18:17:57.098, 0, 98 %, 86 %, 7025 MiB, 49140 MiB, 292.44 W, 300.00 W, 73, 1860 MHz
2026/09/23 18:17:58.100, 0, 96 %, 86 %, 7025 MiB, 49140 MiB, 292.15 W, 300.00 W, 73, 1515 MHz
2026/09/23 18:17:59.101, 0, 97 %, 86 %, 7025 MiB, 49140 MiB, 292.19 W, 300.00 W, 73, 1890 MHz
2026/09/23 18:18:00.101, 0, 97 %, 87 %, 7025 MiB, 49140 MiB, 292.27 W, 300.00 W, 74, 1620 MHz
2026/09/23 18:18:01.102, 0, 98 %, 88 %, 7025 MiB, 49140 MiB, 292.59 W, 300.00 W, 73, 1995 MHz
2026/09/23 18:18:02.105, 0, 94 %, 67 %, 7025 MiB, 49140 MiB, 299.18 W, 300.00 W, 74, 1335 MHz
2026/09/23 18:18:03.106, 0, 0 %, 0 %, 7025 MiB, 49140 MiB, 133.87 W, 300.00 W, 67, 2505 MHz
2026/09/23 18:18:04.107, 0, 0 %, 0 %, 1835 MiB, 49140 MiB, 73.89 W, 300.00 W, 66, 2505 MHz
2026/09/23 18:18:05.107, 0, 0 %, 0 %, 1835 MiB, 49140 MiB, 72.18 W, 300.00 W, 65, 2505 MHz
2026/09/23 18:18:06.108, 0, 0 %, 0 %, 1835 MiB, 49140 MiB, 74.20 W, 300.00 W, 64, 2505 MHz
2026/09/23 18:18:07.109, 0, 0 %, 0 %, 1835 MiB, 49140 MiB, 76.73 W, 300.00 W, 64, 2505 MHz
2026/09/23 18:18:08.109, 0, 0 %, 0 %, 1835 MiB, 49140 MiB, 111.04 W, 300.00 W, 66, 2730 MHz
2026/09/23 18:18:09.110, 0, 0 %, 0 %, 1835 MiB, 49140 MiB, 109.17 W, 300.00 W, 66, 2730 MHz
2026/09/23 18:18:10.110, 0, 42 %, 17 %, 1835 MiB, 49140 MiB, 194.82 W, 300.00 W, 68, 2730 MHz
2026/09/23 18:18:11.114, 0, 56 %, 23 %, 1835 MiB, 49140 MiB, 209.67 W, 300.00 W, 67, 2535 MHz
2026/09/23 18:18:12.114, 0, 34 %, 14 %, 1835 MiB, 49140 MiB, 226.93 W, 300.00 W, 71, 2715 MHz
2026/09/23 18:18:13.115, 0, 21 %, 9 %, 1835 MiB, 49140 MiB, 220.79 W, 300.00 W, 68, 1965 MHz
2026/09/23 18:18:14.115, 0, 15 %, 6 %, 1835 MiB, 49140 MiB, 205.84 W, 300.00 W, 67, 2520 MHz
2026/09/23 18:18:15.116, 0, 50 %, 21 %, 1835 MiB, 49140 MiB, 197.04 W, 300.00 W, 66, 2745 MHz
2026/09/23 18:18:16.128, 0, 0 %, 0 %, 1835 MiB, 49140 MiB, 116.07 W, 300.00 W, 63, 2745 MHz
2026/09/23 18:18:17.128, 0, 0 %, 0 %, 1835 MiB, 49140 MiB, 95.05 W, 300.00 W, 63, 2505 MHz
2026/09/23 18:18:18.129, 0, 0 %, 0 %, 1835 MiB, 49140 MiB, 70.26 W, 300.00 W, 62, 2505 MHz
2026/09/23 18:18:19.129, 0, 0 %, 0 %, 1835 MiB, 49140 MiB, 68.57 W, 300.00 W, 61, 2505 MHz
2026/09/23 18:18:20.130, 0, 0 %, 0 %, 1835 MiB, 49140 MiB, 68.14 W, 300.00 W, 61, 2505 MHz
2026/09/23 18:18:21.131, 0, 0 %, 0 %, 1835 MiB, 49140 MiB, 67.62 W, 300.00 W, 60, 2505 MHz
2026/09/23 18:18:22.131, 0, 0 %, 0 %, 1835 MiB, 49140 MiB, 67.62 W, 300.00 W, 60, 2505 MHz
2026/09/23 18:18:23.132, 0, 0 %, 0 %, 0 MiB, 49140 MiB, 67.31 W, 300.00 W, 59, 2505 MHz
2026/09/23 18:18:24.132, 0, 0 %, 0 %, 0 MiB, 49140 MiB, 68.62 W, 300.00 W, 59, 2505 MHz
2026/09/23 18:18:25.133, 0, 0 %, 0 %, 0 MiB, 49140 MiB, 67.15 W, 300.00 W, 59, 2505 MHz
2026/09/23 18:18:26.133, 0, 0 %, 0 %, 0 MiB, 49140 MiB, 52.38 W, 300.00 W, 59, 810 MHz
2026/09/23 18:18:27.134, 0, 0 %, 0 %, 0 MiB, 49140 MiB, 34.54 W, 300.00 W, 57, 525 MHz
2026/09/23 18:18:28.134, 0, 0 %, 0 %, 0 MiB, 49140 MiB, 29.84 W, 300.00 W, 57, 330 MHz
2026/09/23 18:18:29.135, 0, 0 %, 0 %, 0 MiB, 49140 MiB, 28.22 W, 300.00 W, 56, 210 MHz
2026/09/23 18:18:30.136, 0, 0 %, 0 %, 0 MiB, 49140 MiB, 28.11 W, 300.00 W, 56, 210 MHz
2026/09/23 18:18:31.136, 0, 0 %, 0 %, 0 MiB, 49140 MiB, 28.03 W, 300.00 W, 56, 210 MHz
2026/09/23 18:18:32.138, 0, 0 %, 0 %, 0 MiB, 49140 MiB, 27.98 W, 300.00 W, 55, 210 MHz
2026/09/23 18:18:33.138, 0, 0 %, 0 %, 0 MiB, 49140 MiB, 27.90 W, 300.00 W, 55, 210 MHz
2026/09/23 18:18:34.139, 0, 0 %, 0 %, 701 MiB, 49140 MiB, 27.83 W, 300.00 W, 54, 210 MHz
2026/09/23 18:18:35.139, 0, 0 %, 0 %, 793 MiB, 49140 MiB, 46.51 W, 300.00 W, 55, 2505 MHz
2026/09/23 18:18:36.140, 0, 27 %, 2 %, 1089 MiB, 49140 MiB, 79.78 W, 300.00 W, 59, 2505 MHz
2026/09/23 18:18:37.140, 0, 49 %, 9 %, 1087 MiB, 49140 MiB, 137.46 W, 300.00 W, 57, 2760 MHz
2026/09/23 18:18:38.141, 0, 52 %, 16 %, 721 MiB, 49140 MiB, 160.44 W, 300.00 W, 58, 2745 MHz
2026/09/23 18:18:39.142, 0, 48 %, 9 %, 717 MiB, 49140 MiB, 141.10 W, 300.00 W, 61, 2745 MHz
2026/09/23 18:18:40.142, 0, 51 %, 14 %, 1087 MiB, 49140 MiB, 175.24 W, 300.00 W, 58, 2745 MHz
2026/09/23 18:18:41.143, 0, 60 %, 29 %, 1087 MiB, 49140 MiB, 198.31 W, 300.00 W, 61, 2745 MHz
2026/09/23 18:18:42.144, 0, 57 %, 24 %, 1087 MiB, 49140 MiB, 183.67 W, 300.00 W, 59, 2745 MHz
2026/09/23 18:18:43.144, 0, 48 %, 9 %, 1087 MiB, 49140 MiB, 169.38 W, 300.00 W, 62, 2745 MHz
2026/09/23 18:18:44.145, 0, 53 %, 21 %, 1087 MiB, 49140 MiB, 177.83 W, 300.00 W, 58, 2745 MHz
2026/09/23 18:18:45.145, 0, 55 %, 27 %, 1087 MiB, 49140 MiB, 186.68 W, 300.00 W, 59, 2745 MHz
2026/09/23 18:18:46.146, 0, 52 %, 22 %, 1087 MiB, 49140 MiB, 193.32 W, 300.00 W, 59, 2745 MHz
2026/09/23 18:18:47.146, 0, 52 %, 23 %, 979 MiB, 49140 MiB, 189.18 W, 300.00 W, 62, 2745 MHz
2026/09/23 18:18:48.148, 0, 57 %, 21 %, 717 MiB, 49140 MiB, 193.57 W, 300.00 W, 60, 2745 MHz
2026/09/23 18:18:49.148, 0, 53 %, 16 %, 717 MiB, 49140 MiB, 170.65 W, 300.00 W, 59, 2745 MHz
2026/09/23 18:18:50.149, 0, 50 %, 12 %, 717 MiB, 49140 MiB, 139.26 W, 300.00 W, 59, 2745 MHz
2026/09/23 18:18:51.149, 0, 0 %, 0 %, 715 MiB, 49140 MiB, 84.23 W, 300.00 W, 57, 2745 MHz
