timestamp, index, utilization.gpu [%], utilization.memory [%], memory.used [MiB], memory.total [MiB], power.draw [W], power.limit [W], temperature.gpu, clocks.current.sm [MHz]
2026/09/23 07:13:02.918, 0, 0 %, 0 %, 0 MiB, 49140 MiB, 72.11 W, 300.00 W, 56, 2505 MHz
2026/09/23 07:13:03.923, 0, 0 %, 0 %, 0 MiB, 49140 MiB, 66.28 W, 300.00 W, 56, 2505 MHz
2026/09/23 07:13:04.924, 0, 0 %, 0 %, 0 MiB, 49140 MiB, 45.46 W, 300.00 W, 55, 450 MHz
2026/09/23 07:13:05.924, 0, 0 %, 0 %, 0 MiB, 49140 MiB, 40.19 W, 300.00 W, 54, 315 MHz
2026/09/23 07:13:06.924, 0, 0 %, 0 %, 633 MiB, 49140 MiB, 32.37 W, 300.00 W, 54, 210 MHz
2026/09/23 07:13:07.925, 0, 0 %, 0 %, 633 MiB, 49140 MiB, 55.46 W, 300.00 W, 54, 2505 MHz
2026/09/23 07:13:08.925, 0, 0 %, 0 %, 633 MiB, 49140 MiB, 61.65 W, 300.00 W, 54, 2505 MHz
2026/09/23 07:13:09.926, 0, 0 %, 0 %, 633 MiB, 49140 MiB, 61.41 W, 300.00 W, 54, 2505 MHz
2026/09/23 07:13:10.932, 0, 0 %, 0 %, 633 MiB, 49140 MiB, 61.29 W, 300.00 W, 54, 2505 MHz
2026/09/23 07:13:11.932, 0, 0 %, 0 %, 633 MiB, 49140 MiB, 61.52 W, 300.00 W, 54, 2505 MHz
2026/09/23 07:13:12.933, 0, 0 %, 0 %, 633 MiB, 49140 MiB, 61.47 W, 300.00 W, 54, 2505 MHz
2026/09/23 07:13:13.933, 0, 0 %, 0 %, 635 MiB, 49140 MiB, 61.04 W, 300.00 W, 54, 2505 MHz
2026/09/23 07:13:14.934, 0, 1 %, 0 %, 1347 MiB, 49140 MiB, 64.30 W, 300.00 W, 54, 2505 MHz
2026/09/23 07:13:15.934, 0, 5 %, 0 %, 2701 MiB, 49140 MiB, 98.98 W, 300.00 W, 57, 2745 MHz
2026/09/23 07:13:16.935, 0, 6 %, 0 %, 2709 MiB, 49140 MiB, 102.97 W, 300.00 W, 54, 2745 MHz
2026/09/23 07:13:17.935, 0, 0 %, 0 %, 2879 MiB, 49140 MiB, 85.39 W, 300.00 W, 54, 2745 MHz
2026/09/23 07:13:18.936, 0, 0 %, 0 %, 3007 MiB, 49140 MiB, 80.45 W, 300.00 W, 54, 2745 MHz
2026/09/23 07:13:19.936, 0, 0 %, 0 %, 2585 MiB, 49140 MiB, 93.20 W, 300.00 W, 54, 2745 MHz
2026/09/23 07:13:20.937, 0, 0 %, 0 %, 2543 MiB, 49140 MiB, 82.08 W, 300.00 W, 54, 2745 MHz
2026/09/23 07:13:21.937, 0, 0 %, 0 %, 2613 MiB, 49140 MiB, 82.43 W, 300.00 W, 54, 2670 MHz
2026/09/23 07:13:22.938, 0, 0 %, 0 %, 2485 MiB, 49140 MiB, 79.93 W, 300.00 W, 54, 2670 MHz
2026/09/23 07:13:23.938, 0, 0 %, 0 %, 2485 MiB, 49140 MiB, 71.29 W, 300.00 W, 53, 2505 MHz
2026/09/23 07:13:24.939, 0, 0 %, 0 %, 2549 MiB, 49140 MiB, 65.27 W, 300.00 W, 53, 2505 MHz
2026/09/23 07:13:25.939, 0, 0 %, 0 %, 2409 MiB, 49140 MiB, 64.55 W, 300.00 W, 53, 2505 MHz
2026/09/23 07:13:26.940, 0, 0 %, 0 %, 2443 MiB, 49140 MiB, 65.26 W, 300.00 W, 52, 2505 MHz
2026/09/23 07:13:27.940, 0, 0 %, 0 %, 2387 MiB, 49140 MiB, 66.74 W, 300.00 W, 52, 2505 MHz
2026/09/23 07:13:28.941, 0, 0 %, 0 %, 2387 MiB, 49140 MiB, 61.45 W, 300.00 W, 52, 2505 MHz
2026/09/23 07:13:29.941, 0, 0 %, 0 %, 2433 MiB, 49140 MiB, 63.82 W, 300.00 W, 52, 2505 MHz
2026/09/23 07:13:30.942, 0, 0 %, 0 %, 2387 MiB, 49140 MiB, 62.72 W, 300.00 W, 52, 2505 MHz
2026/09/23 07:13:31.942, 0, 2 %, 0 %, 2387 MiB, 49140 MiB, 60.64 W, 300.00 W, 52, 2505 MHz
2026/09/23 07:13:32.943, 0, 0 %, 0 %, 2367 MiB, 49140 MiB, 61.67 W, 300.00 W, 52, 2505 MHz
2026/09/23 07:13:33.943, 0, 0 %, 0 %, 2367 MiB, 49140 MiB, 60.61 W, 300.00 W, 52, 2505 MHz
2026/09/23 07:13:34.944, 0, 0 %, 0 %, 2367 MiB, 49140 MiB, 60.72 W, 300.00 W, 51, 2505 MHz
2026/09/23 07:13:35.945, 0, 2 %, 0 %, 2411 MiB, 49140 MiB, 62.19 W, 300.00 W, 51, 2505 MHz
2026/09/23 07:13:36.945, 0, 24 %, 17 %, 2817 MiB, 49140 MiB, 72.19 W, 300.00 W, 51, 2505 MHz
2026/09/23 07:13:37.946, 0, 0 %, 0 %, 3563 MiB, 49140 MiB, 79.56 W, 300.00 W, 56, 2475 MHz
2026/09/23 07:13:38.947, 0, 85 %, 74 %, 3563 MiB, 49140 MiB, 265.11 W, 300.00 W, 59, 2415 MHz
2026/09/23 07:13:39.948, 0, 87 %, 78 %, 3563 MiB, 49140 MiB, 273.57 W, 300.00 W, 58, 2415 MHz
2026/09/23 07:13:40.950, 0, 93 %, 79 %, 3563 MiB, 49140 MiB, 274.83 W, 300.00 W, 60, 2370 MHz
2026/09/23 07:13:41.951, 0, 92 %, 79 %, 3563 MiB, 49140 MiB, 275.35 W, 300.00 W, 59, 2460 MHz
2026/09/23 07:13:42.952, 0, 82 %, 72 %, 3563 MiB, 49140 MiB, 273.94 W, 300.00 W, 60, 2505 MHz
2026/09/23 07:13:43.952, 0, 89 %, 79 %, 3563 MiB, 49140 MiB, 272.87 W, 300.00 W, 62, 2520 MHz
2026/09/23 07:13:44.953, 0, 80 %, 70 %, 3563 MiB, 49140 MiB, 274.45 W, 300.00 W, 60, 2370 MHz
2026/09/23 07:13:45.954, 0, 93 %, 80 %, 3563 MiB, 49140 MiB, 275.51 W, 300.00 W, 61, 2355 MHz
2026/09/23 07:13:46.954, 0, 92 %, 80 %, 3563 MiB, 49140 MiB, 275.82 W, 300.00 W, 62, 2370 MHz
2026/09/23 07:13:47.955, 0, 91 %, 80 %, 3563 MiB, 49140 MiB, 274.33 W, 300.00 W, 62, 2400 MHz
2026/09/23 07:13:48.956, 0, 85 %, 76 %, 3563 MiB, 49140 MiB, 273.13 W, 300.00 W, 62, 2505 MHz
2026/09/23 07:13:49.956, 0, 0 %, 0 %, 3563 MiB, 49140 MiB, 157.69 W, 300.00 W, 57, 2745 MHz
2026/09/23 07:13:50.957, 0, 0 %, 0 %, 1651 MiB, 49140 MiB, 89.82 W, 300.00 W, 57, 2745 MHz
2026/09/23 07:13:51.957, 0, 2 %, 0 %, 1731 MiB, 49140 MiB, 131.57 W, 300.00 W, 61, 2550 MHz
2026/09/23 07:13:52.958, 0, 8 %, 0 %, 1731 MiB, 49140 MiB, 143.82 W, 300.00 W, 57, 2745 MHz
2026/09/23 07:13:53.958, 0, 0 %, 0 %, 3589 MiB, 49140 MiB, 88.67 W, 300.00 W, 56, 2550 MHz
2026/09/23 07:13:54.959, 0, 90 %, 78 %, 3589 MiB, 49140 MiB, 275.59 W, 300.00 W, 62, 2505 MHz
2026/09/23 07:13:55.960, 0, 92 %, 79 %, 3589 MiB, 49140 MiB, 278.81 W, 300.00 W, 64, 2370 MHz
2026/09/23 07:13:56.961, 0, 92 %, 79 %, 3589 MiB, 49140 MiB, 277.42 W, 300.00 W, 63, 2340 MHz
2026/09/23 07:13:57.962, 0, 91 %, 80 %, 3589 MiB, 49140 MiB, 277.87 W, 300.00 W, 63, 2370 MHz
2026/09/23 07:13:58.963, 0, 88 %, 77 %, 3589 MiB, 49140 MiB, 277.68 W, 300.00 W, 64, 2370 MHz
2026/09/23 07:13:59.964, 0, 94 %, 82 %, 3589 MiB, 49140 MiB, 278.96 W, 300.00 W, 63, 2490 MHz
2026/09/23 07:14:00.965, 0, 94 %, 84 %, 3589 MiB, 49140 MiB, 278.29 W, 300.00 W, 64, 2385 MHz
2026/09/23 07:14:01.965, 0, 87 %, 76 %, 3589 MiB, 49140 MiB, 278.03 W, 300.00 W, 65, 2475 MHz
2026/09/23 07:14:02.966, 0, 89 %, 79 %, 3589 MiB, 49140 MiB, 278.81 W, 300.00 W, 65, 2490 MHz
2026/09/23 07:14:03.967, 0, 93 %, 80 %, 3589 MiB, 49140 MiB, 278.71 W, 300.00 W, 64, 2565 MHz
2026/09/23 07:14:04.967, 0, 85 %, 75 %, 3589 MiB, 49140 MiB, 276.67 W, 300.00 W, 67, 2625 MHz
2026/09/23 07:14:05.968, 0, 58 %, 38 %, 3589 MiB, 49140 MiB, 244.65 W, 300.00 W, 62, 2745 MHz
2026/09/23 07:14:06.969, 0, 0 %, 0 %, 3589 MiB, 49140 MiB, 82.66 W, 300.00 W, 60, 2745 MHz
2026/09/23 07:14:07.969, 0, 0 %, 0 %, 3589 MiB, 49140 MiB, 138.83 W, 300.00 W, 66, 2415 MHz
2026/09/23 07:14:08.970, 0, 85 %, 75 %, 3589 MiB, 49140 MiB, 277.11 W, 300.00 W, 67, 2460 MHz
2026/09/23 07:14:09.971, 0, 91 %, 79 %, 3589 MiB, 49140 MiB, 277.44 W, 300.00 W, 67, 2490 MHz
2026/09/23 07:14:10.971, 0, 93 %, 81 %, 3589 MiB, 49140 MiB, 278.32 W, 300.00 W, 66, 2475 MHz
2026/09/23 07:14:11.972, 0, 88 %, 76 %, 3589 MiB, 49140 MiB, 278.81 W, 300.00 W, 65, 2490 MHz
2026/09/23 07:14:12.972, 0, 92 %, 80 %, 3589 MiB, 49140 MiB, 277.39 W, 300.00 W, 68, 2385 MHz
2026/09/23 07:14:13.974, 0, 93 %, 82 %, 3589 MiB, 49140 MiB, 278.87 W, 300.00 W, 68, 2460 MHz
2026/09/23 07:14:14.975, 0, 90 %, 79 %, 3589 MiB, 49140 MiB, 279.03 W, 300.00 W, 68, 2505 MHz
2026/09/23 07:14:15.977, 0, 87 %, 77 %, 3589 MiB, 49140 MiB, 277.83 W, 300.00 W, 67, 2295 MHz
2026/09/23 07:14:16.978, 0, 94 %, 80 %, 3589 MiB, 49140 MiB, 278.83 W, 300.00 W, 66, 2370 MHz
2026/09/23 07:14:17.978, 0, 90 %, 79 %, 3589 MiB, 49140 MiB, 277.10 W, 300.00 W, 68, 2415 MHz
2026/09/23 07:14:18.979, 0, 91 %, 78 %, 3589 MiB, 49140 MiB, 278.71 W, 300.00 W, 67, 2445 MHz
2026/09/23 07:14:19.979, 0, 71 %, 46 %, 3589 MiB, 49140 MiB, 211.62 W, 300.00 W, 63, 2745 MHz
2026/09/23 07:14:20.980, 0, 0 %, 0 %, 3589 MiB, 49140 MiB, 83.74 W, 300.00 W, 62, 2745 MHz
2026/09/23 07:14:21.980, 0, 93 %, 83 %, 3589 MiB, 49140 MiB, 179.92 W, 300.00 W, 67, 2400 MHz
2026/09/23 07:14:22.982, 0, 94 %, 81 %, 3589 MiB, 49140 MiB, 280.66 W, 300.00 W, 67, 2235 MHz
2026/09/23 07:14:23.983, 0, 94 %, 82 %, 3589 MiB, 49140 MiB, 282.43 W, 300.00 W, 67, 2460 MHz
2026/09/23 07:14:24.983, 0, 91 %, 79 %, 3589 MiB, 49140 MiB, 282.79 W, 300.00 W, 69, 2370 MHz
2026/09/23 07:14:25.984, 0, 78 %, 68 %, 3589 MiB, 49140 MiB, 280.52 W, 300.00 W, 68, 2505 MHz
2026/09/23 07:14:26.986, 0, 90 %, 79 %, 3589 MiB, 49140 MiB, 278.98 W, 300.00 W, 69, 2550 MHz
2026/09/23 07:14:27.987, 0, 89 %, 79 %, 3589 MiB, 49140 MiB, 280.66 W, 300.00 W, 68, 2220 MHz
2026/09/23 07:14:28.988, 0, 93 %, 80 %, 3589 MiB, 49140 MiB, 282.98 W, 300.00 W, 68, 2490 MHz
2026/09/23 07:14:29.988, 0, 87 %, 77 %, 3589 MiB, 49140 MiB, 281.06 W, 300.00 W, 68, 2310 MHz
2026/09/23 07:14:30.989, 0, 91 %, 79 %, 3589 MiB, 49140 MiB, 280.14 W, 300.00 W, 70, 2460 MHz
2026/09/23 07:14:31.989, 0, 90 %, 78 %, 3589 MiB, 49140 MiB, 280.77 W, 300.00 W, 70, 2430 MHz
2026/09/23 07:14:32.990, 0, 92 %, 80 %, 3589 MiB, 49140 MiB, 276.47 W, 300.00 W, 71, 2685 MHz
2026/09/23 07:14:33.990, 0, 52 %, 33 %, 3589 MiB, 49140 MiB, 176.25 W, 300.00 W, 64, 2730 MHz
2026/09/23 07:14:34.991, 0, 0 %, 0 %, 3589 MiB, 49140 MiB, 84.07 W, 300.00 W, 63, 2745 MHz
2026/09/23 07:14:35.992, 0, 89 %, 77 %, 3589 MiB, 49140 MiB, 200.40 W, 300.00 W, 67, 2265 MHz
2026/09/23 07:14:36.993, 0, 90 %, 77 %, 3589 MiB, 49140 MiB, 275.26 W, 300.00 W, 70, 2505 MHz
2026/09/23 07:14:37.997, 0, 87 %, 77 %, 3589 MiB, 49140 MiB, 273.86 W, 300.00 W, 67, 2160 MHz
2026/09/23 07:14:38.997, 0, 89 %, 77 %, 3589 MiB, 49140 MiB, 275.57 W, 300.00 W, 70, 2505 MHz
2026/09/23 07:14:39.998, 0, 91 %, 80 %, 3589 MiB, 49140 MiB, 277.04 W, 300.00 W, 70, 2415 MHz
2026/09/23 07:14:41.000, 0, 89 %, 76 %, 3589 MiB, 49140 MiB, 278.26 W, 300.00 W, 69, 2400 MHz
2026/09/23 07:14:42.001, 0, 92 %, 82 %, 3589 MiB, 49140 MiB, 281.28 W, 300.00 W, 70, 2355 MHz
2026/09/23 07:14:43.002, 0, 95 %, 83 %, 3589 MiB, 49140 MiB, 279.73 W, 300.00 W, 69, 2400 MHz
2026/09/23 07:14:44.003, 0, 93 %, 79 %, 3589 MiB, 49140 MiB, 277.41 W, 300.00 W, 70, 2385 MHz
2026/09/23 07:14:45.004, 0, 89 %, 75 %, 3589 MiB, 49140 MiB, 280.81 W, 300.00 W, 70, 2325 MHz
2026/09/23 07:14:46.006, 0, 92 %, 82 %, 3589 MiB, 49140 MiB, 279.41 W, 300.00 W, 69, 2265 MHz
2026/09/23 07:14:47.008, 0, 86 %, 74 %, 3589 MiB, 49140 MiB, 271.56 W, 300.00 W, 69, 2565 MHz
2026/09/23 07:14:48.008, 0, 10 %, 0 %, 3589 MiB, 49140 MiB, 148.35 W, 300.00 W, 64, 2730 MHz
2026/09/23 07:14:49.010, 0, 0 %, 0 %, 3589 MiB, 49140 MiB, 106.73 W, 300.00 W, 68, 2370 MHz
2026/09/23 07:14:50.011, 0, 88 %, 77 %, 3589 MiB, 49140 MiB, 273.79 W, 300.00 W, 68, 2340 MHz
2026/09/23 07:14:51.011, 0, 88 %, 78 %, 3589 MiB, 49140 MiB, 274.92 W, 300.00 W, 69, 2250 MHz
2026/09/23 07:14:52.012, 0, 93 %, 83 %, 3589 MiB, 49140 MiB, 279.98 W, 300.00 W, 69, 2325 MHz
2026/09/23 07:14:53.013, 0, 91 %, 79 %, 3589 MiB, 49140 MiB, 279.41 W, 300.00 W, 69, 2370 MHz
2026/09/23 07:14:54.014, 0, 92 %, 79 %, 3589 MiB, 49140 MiB, 278.64 W, 300.00 W, 70, 2460 MHz
2026/09/23 07:14:55.015, 0, 90 %, 81 %, 3589 MiB, 49140 MiB, 279.85 W, 300.00 W, 71, 2460 MHz
2026/09/23 07:14:56.016, 0, 91 %, 80 %, 3589 MiB, 49140 MiB, 280.54 W, 300.00 W, 70, 2370 MHz
2026/09/23 07:14:57.017, 0, 87 %, 75 %, 3589 MiB, 49140 MiB, 278.14 W, 300.00 W, 71, 2385 MHz
2026/09/23 07:14:58.017, 0, 91 %, 81 %, 3589 MiB, 49140 MiB, 279.54 W, 300.00 W, 70, 2265 MHz
2026/09/23 07:14:59.018, 0, 89 %, 80 %, 3589 MiB, 49140 MiB, 278.69 W, 300.00 W, 72, 2490 MHz
2026/09/23 07:15:00.018, 0, 93 %, 80 %, 3589 MiB, 49140 MiB, 278.16 W, 300.00 W, 71, 2340 MHz
2026/09/23 07:15:01.019, 0, 71 %, 45 %, 3589 MiB, 49140 MiB, 240.33 W, 300.00 W, 65, 2730 MHz
2026/09/23 07:15:02.019, 0, 0 %, 0 %, 3589 MiB, 49140 MiB, 85.10 W, 300.00 W, 64, 2730 MHz
2026/09/23 07:15:03.020, 0, 0 %, 0 %, 3589 MiB, 49140 MiB, 164.04 W, 300.00 W, 68, 2160 MHz
2026/09/23 07:15:04.021, 0, 90 %, 79 %, 3589 MiB, 49140 MiB, 276.26 W, 300.00 W, 68, 2130 MHz
2026/09/23 07:15:05.021, 0, 91 %, 80 %, 3589 MiB, 49140 MiB, 275.90 W, 300.00 W, 69, 2145 MHz
2026/09/23 07:15:06.022, 0, 91 %, 78 %, 3589 MiB, 49140 MiB, 275.80 W, 300.00 W, 69, 2145 MHz
2026/09/23 07:15:07.023, 0, 92 %, 79 %, 3589 MiB, 49140 MiB, 276.53 W, 300.00 W, 69, 2280 MHz
2026/09/23 07:15:08.023, 0, 87 %, 75 %, 3589 MiB, 49140 MiB, 274.89 W, 300.00 W, 70, 2475 MHz
2026/09/23 07:15:09.024, 0, 86 %, 75 %, 3589 MiB, 49140 MiB, 277.09 W, 300.00 W, 70, 2415 MHz
2026/09/23 07:15:10.025, 0, 90 %, 78 %, 3589 MiB, 49140 MiB, 276.53 W, 300.00 W, 69, 2295 MHz
2026/09/23 07:15:11.026, 0, 87 %, 75 %, 3589 MiB, 49140 MiB, 275.48 W, 300.00 W, 70, 2415 MHz
2026/09/23 07:15:12.026, 0, 86 %, 75 %, 3589 MiB, 49140 MiB, 279.58 W, 300.00 W, 71, 2460 MHz
2026/09/23 07:15:13.028, 0, 89 %, 79 %, 3589 MiB, 49140 MiB, 278.50 W, 300.00 W, 70, 2490 MHz
2026/09/23 07:15:14.028, 0, 88 %, 74 %, 3589 MiB, 49140 MiB, 278.99 W, 300.00 W, 71, 2190 MHz
2026/09/23 07:15:15.029, 0, 63 %, 40 %, 3589 MiB, 49140 MiB, 195.55 W, 300.00 W, 65, 2730 MHz
2026/09/23 07:15:16.029, 0, 0 %, 0 %, 3589 MiB, 49140 MiB, 85.07 W, 300.00 W, 64, 2730 MHz
2026/09/23 07:15:17.030, 0, 89 %, 77 %, 3589 MiB, 49140 MiB, 186.47 W, 300.00 W, 69, 2310 MHz
2026/09/23 07:15:18.031, 0, 94 %, 80 %, 3589 MiB, 49140 MiB, 279.35 W, 300.00 W, 70, 2355 MHz
2026/09/23 07:15:19.032, 0, 93 %, 81 %, 3589 MiB, 49140 MiB, 279.93 W, 300.00 W, 71, 2085 MHz
2026/09/23 07:15:20.033, 0, 83 %, 73 %, 3589 MiB, 49140 MiB, 279.44 W, 300.00 W, 70, 2340 MHz
2026/09/23 07:15:21.034, 0, 89 %, 79 %, 3589 MiB, 49140 MiB, 276.84 W, 300.00 W, 70, 2400 MHz
2026/09/23 07:15:22.037, 0, 86 %, 76 %, 3589 MiB, 49140 MiB, 277.19 W, 300.00 W, 70, 2295 MHz
2026/09/23 07:15:23.037, 0, 91 %, 78 %, 3589 MiB, 49140 MiB, 279.65 W, 300.00 W, 70, 2430 MHz
2026/09/23 07:15:24.038, 0, 90 %, 79 %, 3589 MiB, 49140 MiB, 280.13 W, 300.00 W, 71, 2295 MHz
2026/09/23 07:15:25.039, 0, 90 %, 78 %, 3589 MiB, 49140 MiB, 274.46 W, 300.00 W, 69, 2415 MHz
2026/09/23 07:15:26.040, 0, 91 %, 78 %, 3589 MiB, 49140 MiB, 278.79 W, 300.00 W, 69, 2445 MHz
2026/09/23 07:15:27.041, 0, 87 %, 77 %, 3589 MiB, 49140 MiB, 278.67 W, 300.00 W, 71, 2370 MHz
2026/09/23 07:15:28.042, 0, 10 %, 0 %, 3589 MiB, 49140 MiB, 230.17 W, 300.00 W, 66, 2730 MHz
2026/09/23 07:15:29.043, 0, 0 %, 0 %, 3589 MiB, 49140 MiB, 85.31 W, 300.00 W, 65, 2730 MHz
2026/09/23 07:15:30.044, 0, 89 %, 75 %, 3589 MiB, 49140 MiB, 178.80 W, 300.00 W, 70, 2280 MHz
2026/09/23 07:15:31.045, 0, 91 %, 80 %, 3589 MiB, 49140 MiB, 279.20 W, 300.00 W, 69, 2385 MHz
2026/09/23 07:15:32.046, 0, 87 %, 77 %, 3589 MiB, 49140 MiB, 280.22 W, 300.00 W, 69, 2385 MHz
2026/09/23 07:15:33.047, 0, 91 %, 80 %, 3589 MiB, 49140 MiB, 279.22 W, 300.00 W, 72, 2220 MHz
2026/09/23 07:15:34.048, 0, 86 %, 76 %, 3589 MiB, 49140 MiB, 279.12 W, 300.00 W, 72, 2295 MHz
2026/09/23 07:15:35.049, 0, 89 %, 78 %, 3589 MiB, 49140 MiB, 278.10 W, 300.00 W, 72, 2190 MHz
2026/09/23 07:15:36.049, 0, 91 %, 81 %, 3589 MiB, 49140 MiB, 277.89 W, 300.00 W, 72, 2355 MHz
2026/09/23 07:15:37.050, 0, 90 %, 80 %, 3589 MiB, 49140 MiB, 279.69 W, 300.00 W, 72, 2220 MHz
2026/09/23 07:15:38.051, 0, 91 %, 77 %, 3589 MiB, 49140 MiB, 277.10 W, 300.00 W, 70, 2460 MHz
2026/09/23 07:15:39.053, 0, 94 %, 79 %, 3589 MiB, 49140 MiB, 280.91 W, 300.00 W, 70, 2370 MHz
2026/09/23 07:15:40.054, 0, 88 %, 75 %, 3589 MiB, 49140 MiB, 276.03 W, 300.00 W, 70, 2430 MHz
2026/09/23 07:15:41.055, 0, 69 %, 43 %, 3589 MiB, 49140 MiB, 274.23 W, 300.00 W, 70, 2595 MHz
2026/09/23 07:15:42.055, 0, 0 %, 0 %, 3589 MiB, 49140 MiB, 180.42 W, 300.00 W, 65, 2730 MHz
2026/09/23 07:15:43.056, 0, 0 %, 0 %, 3589 MiB, 49140 MiB, 85.52 W, 300.00 W, 65, 2745 MHz
2026/09/23 07:15:44.056, 0, 93 %, 79 %, 3589 MiB, 49140 MiB, 189.61 W, 300.00 W, 69, 2385 MHz
2026/09/23 07:15:45.057, 0, 91 %, 80 %, 3589 MiB, 49140 MiB, 274.18 W, 300.00 W, 70, 2430 MHz
2026/09/23 07:15:46.058, 0, 92 %, 80 %, 3589 MiB, 49140 MiB, 278.71 W, 300.00 W, 71, 2490 MHz
2026/09/23 07:15:47.059, 0, 95 %, 81 %, 3589 MiB, 49140 MiB, 280.82 W, 300.00 W, 70, 2205 MHz
2026/09/23 07:15:48.060, 0, 87 %, 73 %, 3589 MiB, 49140 MiB, 278.66 W, 300.00 W, 70, 2370 MHz
2026/09/23 07:15:49.060, 0, 91 %, 77 %, 3589 MiB, 49140 MiB, 279.96 W, 300.00 W, 70, 2490 MHz
2026/09/23 07:15:50.062, 0, 89 %, 77 %, 3589 MiB, 49140 MiB, 277.90 W, 300.00 W, 71, 2355 MHz
2026/09/23 07:15:51.063, 0, 92 %, 82 %, 3589 MiB, 49140 MiB, 279.83 W, 300.00 W, 71, 2205 MHz
2026/09/23 07:15:52.064, 0, 89 %, 79 %, 3589 MiB, 49140 MiB, 278.51 W, 300.00 W, 72, 2250 MHz
2026/09/23 07:15:53.066, 0, 91 %, 80 %, 3589 MiB, 49140 MiB, 280.05 W, 300.00 W, 71, 2340 MHz
2026/09/23 07:15:54.067, 0, 88 %, 76 %, 3589 MiB, 49140 MiB, 279.15 W, 300.00 W, 70, 2460 MHz
2026/09/23 07:15:55.069, 0, 62 %, 39 %, 3589 MiB, 49140 MiB, 274.93 W, 300.00 W, 73, 2535 MHz
2026/09/23 07:15:56.070, 0, 0 %, 0 %, 3589 MiB, 49140 MiB, 157.73 W, 300.00 W, 65, 2745 MHz
2026/09/23 07:15:57.071, 0, 0 %, 0 %, 3589 MiB, 49140 MiB, 85.71 W, 300.00 W, 65, 2745 MHz
2026/09/23 07:15:58.072, 0, 90 %, 78 %, 3589 MiB, 49140 MiB, 199.72 W, 300.00 W, 71, 2490 MHz
2026/09/23 07:15:59.073, 0, 87 %, 75 %, 3589 MiB, 49140 MiB, 277.86 W, 300.00 W, 70, 2505 MHz
2026/09/23 07:16:00.074, 0, 86 %, 76 %, 3589 MiB, 49140 MiB, 276.05 W, 300.00 W, 71, 2370 MHz
2026/09/23 07:16:01.076, 0, 93 %, 82 %, 3589 MiB, 49140 MiB, 273.49 W, 300.00 W, 70, 2325 MHz
2026/09/23 07:16:02.077, 0, 90 %, 80 %, 3589 MiB, 49140 MiB, 278.65 W, 300.00 W, 71, 2490 MHz
2026/09/23 07:16:03.078, 0, 91 %, 81 %, 3589 MiB, 49140 MiB, 278.70 W, 300.00 W, 72, 2325 MHz
2026/09/23 07:16:04.079, 0, 88 %, 76 %, 3589 MiB, 49140 MiB, 277.19 W, 300.00 W, 71, 2460 MHz
2026/09/23 07:16:05.079, 0, 88 %, 76 %, 3589 MiB, 49140 MiB, 278.34 W, 300.00 W, 72, 2430 MHz
2026/09/23 07:16:06.080, 0, 89 %, 78 %, 3589 MiB, 49140 MiB, 277.87 W, 300.00 W, 72, 2505 MHz
2026/09/23 07:16:07.081, 0, 92 %, 78 %, 3589 MiB, 49140 MiB, 277.26 W, 300.00 W, 70, 2385 MHz
2026/09/23 07:16:08.081, 0, 89 %, 78 %, 3589 MiB, 49140 MiB, 277.71 W, 300.00 W, 71, 2235 MHz
2026/09/23 07:16:09.082, 0, 61 %, 40 %, 3589 MiB, 49140 MiB, 270.23 W, 300.00 W, 71, 2640 MHz
2026/09/23 07:16:10.082, 0, 0 %, 0 %, 3589 MiB, 49140 MiB, 133.25 W, 300.00 W, 65, 2745 MHz
2026/09/23 07:16:11.083, 0, 83 %, 72 %, 3589 MiB, 49140 MiB, 102.71 W, 300.00 W, 68, 2370 MHz
2026/09/23 07:16:12.084, 0, 91 %, 81 %, 3589 MiB, 49140 MiB, 277.81 W, 300.00 W, 71, 2370 MHz
2026/09/23 07:16:13.084, 0, 87 %, 77 %, 3589 MiB, 49140 MiB, 277.57 W, 300.00 W, 70, 2430 MHz
2026/09/23 07:16:14.086, 0, 93 %, 78 %, 3589 MiB, 49140 MiB, 275.00 W, 300.00 W, 70, 2250 MHz
2026/09/23 07:16:15.087, 0, 93 %, 81 %, 3589 MiB, 49140 MiB, 278.53 W, 300.00 W, 71, 2220 MHz
2026/09/23 07:16:16.088, 0, 90 %, 79 %, 3589 MiB, 49140 MiB, 279.24 W, 300.00 W, 70, 2190 MHz
2026/09/23 07:16:17.088, 0, 92 %, 79 %, 3589 MiB, 49140 MiB, 278.63 W, 300.00 W, 69, 2250 MHz
2026/09/23 07:16:18.090, 0, 91 %, 80 %, 3589 MiB, 49140 MiB, 278.07 W, 300.00 W, 72, 2340 MHz
2026/09/23 07:16:19.091, 0, 89 %, 77 %, 3589 MiB, 49140 MiB, 274.19 W, 300.00 W, 70, 2460 MHz
2026/09/23 07:16:20.091, 0, 88 %, 76 %, 3589 MiB, 49140 MiB, 274.83 W, 300.00 W, 70, 2370 MHz
2026/09/23 07:16:21.092, 0, 90 %, 78 %, 3589 MiB, 49140 MiB, 279.23 W, 300.00 W, 70, 2190 MHz
2026/09/23 07:16:22.095, 0, 95 %, 80 %, 3589 MiB, 49140 MiB, 280.90 W, 300.00 W, 71, 2295 MHz
2026/09/23 07:16:23.095, 0, 27 %, 16 %, 3589 MiB, 49140 MiB, 259.21 W, 300.00 W, 67, 2730 MHz
2026/09/23 07:16:24.096, 0, 0 %, 0 %, 3589 MiB, 49140 MiB, 93.33 W, 300.00 W, 65, 2745 MHz
2026/09/23 07:16:25.096, 0, 90 %, 76 %, 3589 MiB, 49140 MiB, 153.64 W, 300.00 W, 70, 2370 MHz
2026/09/23 07:16:26.097, 0, 89 %, 79 %, 3589 MiB, 49140 MiB, 279.57 W, 300.00 W, 71, 2370 MHz
2026/09/23 07:16:27.098, 0, 88 %, 76 %, 3589 MiB, 49140 MiB, 277.83 W, 300.00 W, 71, 2430 MHz
2026/09/23 07:16:28.099, 0, 89 %, 76 %, 3589 MiB, 49140 MiB, 278.41 W, 300.00 W, 71, 2445 MHz
2026/09/23 07:16:29.100, 0, 89 %, 76 %, 3589 MiB, 49140 MiB, 276.82 W, 300.00 W, 71, 2445 MHz
2026/09/23 07:16:30.100, 0, 88 %, 75 %, 3589 MiB, 49140 MiB, 273.25 W, 300.00 W, 70, 2430 MHz
2026/09/23 07:16:31.102, 0, 93 %, 78 %, 3589 MiB, 49140 MiB, 277.39 W, 300.00 W, 70, 2370 MHz
2026/09/23 07:16:32.102, 0, 90 %, 76 %, 3589 MiB, 49140 MiB, 277.95 W, 300.00 W, 71, 2370 MHz
2026/09/23 07:16:33.104, 0, 93 %, 79 %, 3589 MiB, 49140 MiB, 281.23 W, 300.00 W, 70, 2400 MHz
2026/09/23 07:16:34.104, 0, 91 %, 77 %, 3589 MiB, 49140 MiB, 278.14 W, 300.00 W, 71, 2205 MHz
2026/09/23 07:16:35.105, 0, 90 %, 78 %, 3589 MiB, 49140 MiB, 277.04 W, 300.00 W, 72, 2475 MHz
2026/09/23 07:16:36.106, 0, 87 %, 75 %, 3589 MiB, 49140 MiB, 276.90 W, 300.00 W, 72, 2445 MHz
2026/09/23 07:16:37.109, 0, 0 %, 0 %, 3589 MiB, 49140 MiB, 207.90 W, 300.00 W, 66, 2745 MHz
2026/09/23 07:16:38.109, 0, 0 %, 0 %, 3589 MiB, 49140 MiB, 86.21 W, 300.00 W, 65, 2745 MHz
2026/09/23 07:16:39.110, 0, 93 %, 83 %, 3589 MiB, 49140 MiB, 194.10 W, 300.00 W, 71, 2340 MHz
2026/09/23 07:16:40.112, 0, 90 %, 81 %, 3589 MiB, 49140 MiB, 279.55 W, 300.00 W, 72, 2325 MHz
2026/09/23 07:16:41.114, 0, 92 %, 78 %, 3589 MiB, 49140 MiB, 279.20 W, 300.00 W, 70, 2415 MHz
2026/09/23 07:16:42.115, 0, 93 %, 82 %, 3589 MiB, 49140 MiB, 282.17 W, 300.00 W, 72, 2280 MHz
2026/09/23 07:16:43.115, 0, 91 %, 81 %, 3589 MiB, 49140 MiB, 277.61 W, 300.00 W, 72, 2325 MHz
2026/09/23 07:16:44.116, 0, 90 %, 78 %, 3589 MiB, 49140 MiB, 276.75 W, 300.00 W, 71, 2250 MHz
2026/09/23 07:16:45.117, 0, 91 %, 77 %, 3589 MiB, 49140 MiB, 281.18 W, 300.00 W, 71, 2430 MHz
2026/09/23 07:16:46.118, 0, 93 %, 78 %, 3589 MiB, 49140 MiB, 278.38 W, 300.00 W, 70, 2430 MHz
2026/09/23 07:16:47.119, 0, 89 %, 79 %, 3589 MiB, 49140 MiB, 278.93 W, 300.00 W, 71, 2385 MHz
2026/09/23 07:16:48.119, 0, 86 %, 74 %, 3589 MiB, 49140 MiB, 277.25 W, 300.00 W, 71, 2490 MHz
2026/09/23 07:16:49.120, 0, 95 %, 83 %, 3589 MiB, 49140 MiB, 279.29 W, 300.00 W, 71, 2100 MHz
2026/09/23 07:16:50.122, 0, 64 %, 41 %, 3589 MiB, 49140 MiB, 276.32 W, 300.00 W, 71, 2670 MHz
2026/09/23 07:16:51.123, 0, 0 %, 0 %, 3589 MiB, 49140 MiB, 151.60 W, 300.00 W, 65, 2745 MHz
2026/09/23 07:16:52.123, 0, 97 %, 84 %, 3589 MiB, 49140 MiB, 90.05 W, 300.00 W, 68, 2370 MHz
2026/09/23 07:16:53.124, 0, 89 %, 78 %, 3589 MiB, 49140 MiB, 278.26 W, 300.00 W, 69, 2460 MHz
2026/09/23 07:16:54.126, 0, 90 %, 76 %, 3589 MiB, 49140 MiB, 276.97 W, 300.00 W, 70, 2430 MHz
2026/09/23 07:16:55.127, 0, 91 %, 77 %, 3589 MiB, 49140 MiB, 281.67 W, 300.00 W, 70, 2445 MHz
2026/09/23 07:16:56.127, 0, 95 %, 83 %, 3589 MiB, 49140 MiB, 278.54 W, 300.00 W, 71, 2340 MHz
2026/09/23 07:16:57.129, 0, 89 %, 75 %, 3589 MiB, 49140 MiB, 279.52 W, 300.00 W, 71, 2415 MHz
2026/09/23 07:16:58.130, 0, 93 %, 79 %, 3589 MiB, 49140 MiB, 280.89 W, 300.00 W, 70, 2475 MHz
2026/09/23 07:16:59.131, 0, 86 %, 76 %, 3589 MiB, 49140 MiB, 278.29 W, 300.00 W, 71, 2325 MHz
2026/09/23 07:17:00.132, 0, 88 %, 75 %, 3589 MiB, 49140 MiB, 277.82 W, 300.00 W, 71, 2250 MHz
2026/09/23 07:17:01.132, 0, 88 %, 78 %, 3589 MiB, 49140 MiB, 278.31 W, 300.00 W, 71, 2190 MHz
2026/09/23 07:17:02.133, 0, 94 %, 80 %, 3589 MiB, 49140 MiB, 275.17 W, 300.00 W, 71, 2430 MHz
2026/09/23 07:17:03.134, 0, 93 %, 80 %, 3589 MiB, 49140 MiB, 279.29 W, 300.00 W, 71, 2385 MHz
2026/09/23 07:17:04.136, 0, 63 %, 41 %, 3589 MiB, 49140 MiB, 268.32 W, 300.00 W, 71, 2700 MHz
2026/09/23 07:17:05.136, 0, 0 %, 0 %, 3589 MiB, 49140 MiB, 111.93 W, 300.00 W, 65, 2745 MHz
2026/09/23 07:17:06.137, 0, 87 %, 77 %, 3589 MiB, 49140 MiB, 124.71 W, 300.00 W, 71, 2460 MHz
2026/09/23 07:17:07.138, 0, 95 %, 81 %, 3589 MiB, 49140 MiB, 280.70 W, 300.00 W, 70, 2430 MHz
2026/09/23 07:17:08.139, 0, 92 %, 80 %, 3589 MiB, 49140 MiB, 280.98 W, 300.00 W, 71, 2415 MHz
2026/09/23 07:17:09.140, 0, 90 %, 78 %, 3589 MiB, 49140 MiB, 280.95 W, 300.00 W, 70, 2355 MHz
2026/09/23 07:17:10.140, 0, 92 %, 77 %, 3589 MiB, 49140 MiB, 278.81 W, 300.00 W, 71, 2505 MHz
2026/09/23 07:17:11.141, 0, 87 %, 76 %, 3589 MiB, 49140 MiB, 279.97 W, 300.00 W, 70, 2490 MHz
2026/09/23 07:17:12.142, 0, 88 %, 75 %, 3589 MiB, 49140 MiB, 280.99 W, 300.00 W, 71, 2370 MHz
2026/09/23 07:17:13.143, 0, 89 %, 78 %, 3589 MiB, 49140 MiB, 281.33 W, 300.00 W, 71, 2475 MHz
2026/09/23 07:17:14.143, 0, 90 %, 77 %, 3589 MiB, 49140 MiB, 280.58 W, 300.00 W, 71, 2355 MHz
2026/09/23 07:17:15.144, 0, 94 %, 80 %, 3589 MiB, 49140 MiB, 283.93 W, 300.00 W, 71, 2385 MHz
2026/09/23 07:17:16.147, 0, 92 %, 78 %, 3589 MiB, 49140 MiB, 283.74 W, 300.00 W, 71, 2370 MHz
2026/09/23 07:17:17.147, 0, 93 %, 80 %, 3589 MiB, 49140 MiB, 282.46 W, 300.00 W, 72, 2340 MHz
2026/09/23 07:17:18.148, 0, 9 %, 0 %, 3589 MiB, 49140 MiB, 224.73 W, 300.00 W, 67, 2745 MHz
2026/09/23 07:17:19.148, 0, 0 %, 0 %, 3589 MiB, 49140 MiB, 86.29 W, 300.00 W, 65, 2745 MHz
2026/09/23 07:17:20.149, 0, 88 %, 76 %, 3589 MiB, 49140 MiB, 199.73 W, 300.00 W, 70, 2355 MHz
2026/09/23 07:17:21.149, 0, 87 %, 76 %, 3589 MiB, 49140 MiB, 279.18 W, 300.00 W, 70, 2385 MHz
2026/09/23 07:17:22.150, 0, 91 %, 79 %, 3589 MiB, 49140 MiB, 276.39 W, 300.00 W, 69, 2445 MHz
2026/09/23 07:17:23.152, 0, 92 %, 78 %, 3589 MiB, 49140 MiB, 277.50 W, 300.00 W, 71, 2235 MHz
2026/09/23 07:17:24.152, 0, 88 %, 76 %, 3589 MiB, 49140 MiB, 277.83 W, 300.00 W, 71, 2445 MHz
2026/09/23 07:17:25.153, 0, 87 %, 75 %, 3589 MiB, 49140 MiB, 278.14 W, 300.00 W, 71, 2355 MHz
2026/09/23 07:17:26.154, 0, 89 %, 77 %, 3589 MiB, 49140 MiB, 277.73 W, 300.00 W, 70, 2445 MHz
2026/09/23 07:17:27.155, 0, 93 %, 81 %, 3589 MiB, 49140 MiB, 279.30 W, 300.00 W, 70, 2430 MHz
2026/09/23 07:17:28.155, 0, 91 %, 79 %, 3589 MiB, 49140 MiB, 278.93 W, 300.00 W, 71, 2280 MHz
2026/09/23 07:17:29.156, 0, 92 %, 78 %, 3589 MiB, 49140 MiB, 278.77 W, 300.00 W, 72, 2175 MHz
2026/09/23 07:17:30.157, 0, 89 %, 77 %, 3589 MiB, 49140 MiB, 277.69 W, 300.00 W, 70, 2490 MHz
2026/09/23 07:17:31.158, 0, 72 %, 45 %, 3589 MiB, 49140 MiB, 273.51 W, 300.00 W, 71, 2505 MHz
2026/09/23 07:17:32.158, 0, 0 %, 0 %, 3589 MiB, 49140 MiB, 170.43 W, 300.00 W, 66, 2745 MHz
2026/09/23 07:17:33.159, 0, 92 %, 78 %, 3589 MiB, 49140 MiB, 208.20 W, 300.00 W, 72, 2145 MHz
2026/09/23 07:17:34.160, 0, 86 %, 74 %, 3589 MiB, 49140 MiB, 276.42 W, 300.00 W, 71, 2385 MHz
2026/09/23 07:17:35.161, 0, 92 %, 80 %, 3589 MiB, 49140 MiB, 277.25 W, 300.00 W, 69, 2415 MHz
2026/09/23 07:17:36.162, 0, 90 %, 77 %, 3589 MiB, 49140 MiB, 276.61 W, 300.00 W, 71, 2370 MHz
2026/09/23 07:17:37.163, 0, 89 %, 77 %, 3589 MiB, 49140 MiB, 278.49 W, 300.00 W, 70, 2415 MHz
2026/09/23 07:17:38.163, 0, 92 %, 80 %, 3589 MiB, 49140 MiB, 278.06 W, 300.00 W, 71, 2235 MHz
2026/09/23 07:17:39.164, 0, 89 %, 77 %, 3589 MiB, 49140 MiB, 276.35 W, 300.00 W, 70, 2460 MHz
2026/09/23 07:17:40.165, 0, 90 %, 78 %, 3589 MiB, 49140 MiB, 279.17 W, 300.00 W, 70, 2415 MHz
2026/09/23 07:17:41.166, 0, 89 %, 78 %, 3589 MiB, 49140 MiB, 276.72 W, 300.00 W, 71, 2460 MHz
2026/09/23 07:17:42.167, 0, 88 %, 77 %, 3589 MiB, 49140 MiB, 279.69 W, 300.00 W, 70, 2490 MHz
2026/09/23 07:17:43.167, 0, 86 %, 75 %, 3589 MiB, 49140 MiB, 275.64 W, 300.00 W, 72, 2460 MHz
2026/09/23 07:17:44.169, 0, 68 %, 44 %, 3589 MiB, 49140 MiB, 275.02 W, 300.00 W, 71, 2460 MHz
2026/09/23 07:17:45.169, 0, 0 %, 0 %, 3589 MiB, 49140 MiB, 166.02 W, 300.00 W, 65, 2610 MHz
2026/09/23 07:17:46.170, 0, 0 %, 0 %, 3589 MiB, 49140 MiB, 77.46 W, 300.00 W, 65, 2610 MHz
2026/09/23 07:17:47.171, 0, 91 %, 78 %, 3589 MiB, 49140 MiB, 206.82 W, 300.00 W, 72, 2445 MHz
2026/09/23 07:17:48.172, 0, 94 %, 80 %, 3589 MiB, 49140 MiB, 277.32 W, 300.00 W, 71, 2100 MHz
2026/09/23 07:17:49.173, 0, 93 %, 80 %, 3589 MiB, 49140 MiB, 279.45 W, 300.00 W, 70, 2370 MHz
2026/09/23 07:17:50.175, 0, 87 %, 75 %, 3589 MiB, 49140 MiB, 279.22 W, 300.00 W, 69, 2460 MHz
2026/09/23 07:17:51.175, 0, 87 %, 76 %, 3589 MiB, 49140 MiB, 279.10 W, 300.00 W, 72, 2340 MHz
2026/09/23 07:17:52.177, 0, 91 %, 77 %, 3589 MiB, 49140 MiB, 277.52 W, 300.00 W, 72, 2445 MHz
2026/09/23 07:17:53.177, 0, 93 %, 81 %, 3589 MiB, 49140 MiB, 278.78 W, 300.00 W, 71, 2400 MHz
2026/09/23 07:17:54.178, 0, 93 %, 80 %, 3589 MiB, 49140 MiB, 279.95 W, 300.00 W, 71, 2145 MHz
2026/09/23 07:17:55.179, 0, 86 %, 74 %, 3589 MiB, 49140 MiB, 278.13 W, 300.00 W, 71, 2400 MHz
2026/09/23 07:17:56.181, 0, 92 %, 81 %, 3589 MiB, 49140 MiB, 278.57 W, 300.00 W, 70, 2445 MHz
2026/09/23 07:17:57.182, 0, 89 %, 77 %, 3589 MiB, 49140 MiB, 279.24 W, 300.00 W, 70, 2490 MHz
2026/09/23 07:17:58.183, 0, 60 %, 39 %, 3589 MiB, 49140 MiB, 272.30 W, 300.00 W, 71, 2655 MHz
2026/09/23 07:17:59.183, 0, 0 %, 0 %, 3589 MiB, 49140 MiB, 123.65 W, 300.00 W, 65, 2745 MHz
2026/09/23 07:18:00.184, 0, 85 %, 73 %, 3589 MiB, 49140 MiB, 114.68 W, 300.00 W, 68, 2295 MHz
2026/09/23 07:18:01.185, 0, 94 %, 79 %, 3589 MiB, 49140 MiB, 276.69 W, 300.00 W, 71, 2250 MHz
2026/09/23 07:18:02.185, 0, 95 %, 78 %, 3589 MiB, 49140 MiB, 279.58 W, 300.00 W, 71, 2115 MHz
2026/09/23 07:18:03.187, 0, 91 %, 80 %, 3589 MiB, 49140 MiB, 278.82 W, 300.00 W, 70, 2370 MHz
2026/09/23 07:18:04.188, 0, 94 %, 80 %, 3589 MiB, 49140 MiB, 277.40 W, 300.00 W, 71, 2190 MHz
2026/09/23 07:18:05.188, 0, 94 %, 82 %, 3589 MiB, 49140 MiB, 278.29 W, 300.00 W, 70, 2190 MHz
2026/09/23 07:18:06.190, 0, 92 %, 81 %, 3589 MiB, 49140 MiB, 280.30 W, 300.00 W, 71, 2115 MHz
2026/09/23 07:18:07.190, 0, 87 %, 76 %, 3589 MiB, 49140 MiB, 278.47 W, 300.00 W, 70, 2325 MHz
2026/09/23 07:18:08.194, 0, 91 %, 77 %, 3589 MiB, 49140 MiB, 279.15 W, 300.00 W, 71, 2145 MHz
2026/09/23 07:18:09.195, 0, 94 %, 82 %, 3589 MiB, 49140 MiB, 280.95 W, 300.00 W, 71, 2175 MHz
2026/09/23 07:18:10.195, 0, 91 %, 80 %, 3589 MiB, 49140 MiB, 281.45 W, 300.00 W, 72, 2340 MHz
2026/09/23 07:18:11.198, 0, 90 %, 79 %, 3589 MiB, 49140 MiB, 279.24 W, 300.00 W, 71, 2355 MHz
2026/09/23 07:18:12.198, 0, 10 %, 0 %, 3589 MiB, 49140 MiB, 232.66 W, 300.00 W, 67, 2745 MHz
2026/09/23 07:18:13.199, 0, 0 %, 0 %, 3589 MiB, 49140 MiB, 86.07 W, 300.00 W, 65, 2745 MHz
2026/09/23 07:18:14.199, 0, 84 %, 73 %, 3589 MiB, 49140 MiB, 176.73 W, 300.00 W, 69, 2550 MHz
2026/09/23 07:18:15.200, 0, 88 %, 77 %, 3589 MiB, 49140 MiB, 281.15 W, 300.00 W, 70, 2505 MHz
2026/09/23 07:18:16.201, 0, 89 %, 79 %, 3589 MiB, 49140 MiB, 281.84 W, 300.00 W, 70, 2190 MHz
2026/09/23 07:18:17.202, 0, 91 %, 76 %, 3589 MiB, 49140 MiB, 281.30 W, 300.00 W, 71, 2295 MHz
2026/09/23 07:18:18.202, 0, 89 %, 78 %, 3589 MiB, 49140 MiB, 281.50 W, 300.00 W, 70, 2415 MHz
2026/09/23 07:18:19.205, 0, 90 %, 77 %, 3589 MiB, 49140 MiB, 282.33 W, 300.00 W, 71, 2400 MHz
2026/09/23 07:18:20.205, 0, 90 %, 78 %, 3589 MiB, 49140 MiB, 282.89 W, 300.00 W, 70, 2430 MHz
2026/09/23 07:18:21.206, 0, 88 %, 77 %, 3589 MiB, 49140 MiB, 281.13 W, 300.00 W, 73, 2490 MHz
2026/09/23 07:18:22.207, 0, 93 %, 79 %, 3589 MiB, 49140 MiB, 281.78 W, 300.00 W, 71, 2205 MHz
2026/09/23 07:18:23.207, 0, 94 %, 82 %, 3589 MiB, 49140 MiB, 281.80 W, 300.00 W, 70, 2325 MHz
2026/09/23 07:18:24.208, 0, 93 %, 81 %, 3589 MiB, 49140 MiB, 284.07 W, 300.00 W, 72, 2130 MHz
2026/09/23 07:18:25.209, 0, 74 %, 51 %, 3589 MiB, 49140 MiB, 279.84 W, 300.00 W, 72, 2535 MHz
2026/09/23 07:18:26.210, 0, 0 %, 0 %, 3589 MiB, 49140 MiB, 187.12 W, 300.00 W, 66, 2745 MHz
2026/09/23 07:18:27.210, 0, 0 %, 0 %, 3589 MiB, 49140 MiB, 86.09 W, 300.00 W, 65, 2745 MHz
2026/09/23 07:18:28.211, 0, 93 %, 80 %, 3589 MiB, 49140 MiB, 195.70 W, 300.00 W, 70, 2385 MHz
2026/09/23 07:18:29.212, 0, 87 %, 76 %, 3589 MiB, 49140 MiB, 277.78 W, 300.00 W, 70, 2370 MHz
2026/09/23 07:18:30.212, 0, 89 %, 77 %, 3589 MiB, 49140 MiB, 278.37 W, 300.00 W, 71, 2475 MHz
2026/09/23 07:18:31.213, 0, 91 %, 80 %, 3589 MiB, 49140 MiB, 278.31 W, 300.00 W, 70, 2355 MHz
2026/09/23 07:18:32.214, 0, 86 %, 75 %, 3589 MiB, 49140 MiB, 274.22 W, 300.00 W, 71, 2445 MHz
2026/09/23 07:18:33.215, 0, 90 %, 78 %, 3589 MiB, 49140 MiB, 274.35 W, 300.00 W, 71, 2295 MHz
2026/09/23 07:18:34.216, 0, 90 %, 78 %, 3589 MiB, 49140 MiB, 276.73 W, 300.00 W, 71, 2400 MHz
2026/09/23 07:18:35.216, 0, 87 %, 76 %, 3589 MiB, 49140 MiB, 279.05 W, 300.00 W, 72, 2475 MHz
2026/09/23 07:18:36.218, 0, 90 %, 78 %, 3589 MiB, 49140 MiB, 277.84 W, 300.00 W, 71, 2355 MHz
2026/09/23 07:18:37.218, 0, 91 %, 79 %, 3589 MiB, 49140 MiB, 273.57 W, 300.00 W, 71, 2385 MHz
2026/09/23 07:18:38.219, 0, 92 %, 81 %, 3589 MiB, 49140 MiB, 276.30 W, 300.00 W, 70, 2370 MHz
2026/09/23 07:18:39.220, 0, 58 %, 37 %, 3589 MiB, 49140 MiB, 273.23 W, 300.00 W, 70, 2685 MHz
2026/09/23 07:18:40.220, 0, 0 %, 0 %, 3589 MiB, 49140 MiB, 153.19 W, 300.00 W, 66, 2745 MHz
2026/09/23 07:18:41.221, 0, 87 %, 75 %, 3589 MiB, 49140 MiB, 228.40 W, 300.00 W, 71, 2415 MHz
2026/09/23 07:18:42.222, 0, 87 %, 76 %, 3589 MiB, 49140 MiB, 278.67 W, 300.00 W, 69, 2370 MHz
2026/09/23 07:18:43.222, 0, 92 %, 79 %, 3589 MiB, 49140 MiB, 277.00 W, 300.00 W, 72, 2130 MHz
2026/09/23 07:18:44.224, 0, 87 %, 76 %, 3589 MiB, 49140 MiB, 278.23 W, 300.00 W, 71, 2550 MHz
2026/09/23 07:18:45.224, 0, 90 %, 78 %, 3589 MiB, 49140 MiB, 279.45 W, 300.00 W, 72, 2460 MHz
2026/09/23 07:18:46.225, 0, 91 %, 78 %, 3589 MiB, 49140 MiB, 276.88 W, 300.00 W, 71, 2385 MHz
2026/09/23 07:18:47.227, 0, 89 %, 78 %, 3589 MiB, 49140 MiB, 274.92 W, 300.00 W, 71, 2175 MHz
2026/09/23 07:18:48.227, 0, 90 %, 78 %, 3589 MiB, 49140 MiB, 276.44 W, 300.00 W, 72, 2385 MHz
2026/09/23 07:18:49.229, 0, 91 %, 78 %, 3589 MiB, 49140 MiB, 277.04 W, 300.00 W, 71, 2160 MHz
2026/09/23 07:18:50.230, 0, 85 %, 74 %, 3589 MiB, 49140 MiB, 280.01 W, 300.00 W, 72, 2370 MHz
2026/09/23 07:18:51.231, 0, 92 %, 80 %, 3589 MiB, 49140 MiB, 280.94 W, 300.00 W, 72, 2325 MHz
2026/09/23 07:18:52.232, 0, 64 %, 41 %, 3589 MiB, 49140 MiB, 277.30 W, 300.00 W, 73, 2670 MHz
2026/09/23 07:18:53.232, 0, 0 %, 0 %, 3589 MiB, 49140 MiB, 142.02 W, 300.00 W, 66, 2745 MHz
2026/09/23 07:18:54.233, 0, 92 %, 77 %, 3589 MiB, 49140 MiB, 98.86 W, 300.00 W, 69, 2460 MHz
2026/09/23 07:18:55.234, 0, 89 %, 77 %, 3589 MiB, 49140 MiB, 278.01 W, 300.00 W, 70, 2280 MHz
2026/09/23 07:18:56.235, 0, 89 %, 76 %, 3589 MiB, 49140 MiB, 278.99 W, 300.00 W, 70, 2220 MHz
2026/09/23 07:18:57.236, 0, 89 %, 77 %, 3589 MiB, 49140 MiB, 277.38 W, 300.00 W, 70, 2370 MHz
2026/09/23 07:18:58.237, 0, 91 %, 79 %, 3589 MiB, 49140 MiB, 274.99 W, 300.00 W, 72, 2370 MHz
2026/09/23 07:18:59.237, 0, 90 %, 77 %, 3589 MiB, 49140 MiB, 276.29 W, 300.00 W, 71, 2415 MHz
2026/09/23 07:19:00.238, 0, 86 %, 75 %, 3589 MiB, 49140 MiB, 278.61 W, 300.00 W, 70, 2145 MHz
2026/09/23 07:19:01.239, 0, 94 %, 80 %, 3589 MiB, 49140 MiB, 277.65 W, 300.00 W, 70, 2100 MHz
2026/09/23 07:19:02.240, 0, 87 %, 75 %, 3589 MiB, 49140 MiB, 275.33 W, 300.00 W, 71, 2355 MHz
2026/09/23 07:19:03.240, 0, 89 %, 75 %, 3589 MiB, 49140 MiB, 277.11 W, 300.00 W, 71, 2490 MHz
2026/09/23 07:19:04.241, 0, 87 %, 75 %, 3589 MiB, 49140 MiB, 277.44 W, 300.00 W, 70, 2460 MHz
2026/09/23 07:19:05.242, 0, 92 %, 79 %, 3589 MiB, 49140 MiB, 278.44 W, 300.00 W, 71, 2235 MHz
2026/09/23 07:19:06.242, 0, 59 %, 39 %, 3589 MiB, 49140 MiB, 267.83 W, 300.00 W, 69, 2715 MHz
2026/09/23 07:19:07.243, 0, 90 %, 76 %, 3589 MiB, 49140 MiB, 134.62 W, 300.00 W, 69, 2385 MHz
2026/09/23 07:19:08.244, 0, 90 %, 78 %, 3589 MiB, 49140 MiB, 274.92 W, 300.00 W, 71, 2370 MHz
2026/09/23 07:19:09.245, 0, 91 %, 80 %, 3589 MiB, 49140 MiB, 277.45 W, 300.00 W, 72, 2385 MHz
2026/09/23 07:19:10.245, 0, 85 %, 73 %, 3589 MiB, 49140 MiB, 278.87 W, 300.00 W, 71, 2430 MHz
2026/09/23 07:19:11.246, 0, 87 %, 75 %, 3589 MiB, 49140 MiB, 275.60 W, 300.00 W, 70, 2460 MHz
2026/09/23 07:19:12.247, 0, 91 %, 79 %, 3589 MiB, 49140 MiB, 277.21 W, 300.00 W, 71, 2175 MHz
2026/09/23 07:19:13.249, 0, 93 %, 79 %, 3589 MiB, 49140 MiB, 277.72 W, 300.00 W, 70, 2175 MHz
2026/09/23 07:19:14.250, 0, 93 %, 81 %, 3589 MiB, 49140 MiB, 279.82 W, 300.00 W, 72, 2370 MHz
2026/09/23 07:19:15.252, 0, 90 %, 78 %, 3589 MiB, 49140 MiB, 278.78 W, 300.00 W, 71, 2235 MHz
2026/09/23 07:19:16.253, 0, 90 %, 79 %, 3589 MiB, 49140 MiB, 276.76 W, 300.00 W, 72, 2340 MHz
2026/09/23 07:19:17.253, 0, 92 %, 81 %, 3589 MiB, 49140 MiB, 278.75 W, 300.00 W, 72, 2385 MHz
2026/09/23 07:19:18.255, 0, 90 %, 79 %, 3589 MiB, 49140 MiB, 278.44 W, 300.00 W, 70, 2295 MHz
2026/09/23 07:19:19.256, 0, 7 %, 0 %, 3589 MiB, 49140 MiB, 253.91 W, 300.00 W, 67, 2730 MHz
2026/09/23 07:19:20.257, 0, 0 %, 0 %, 3589 MiB, 49140 MiB, 86.23 W, 300.00 W, 65, 2745 MHz
2026/09/23 07:19:21.257, 0, 93 %, 81 %, 3589 MiB, 49140 MiB, 160.67 W, 300.00 W, 70, 2400 MHz
2026/09/23 07:19:22.258, 0, 92 %, 80 %, 3589 MiB, 49140 MiB, 278.81 W, 300.00 W, 70, 2340 MHz
2026/09/23 07:19:23.259, 0, 91 %, 80 %, 3589 MiB, 49140 MiB, 277.76 W, 300.00 W, 71, 2280 MHz
2026/09/23 07:19:24.259, 0, 91 %, 76 %, 3589 MiB, 49140 MiB, 278.23 W, 300.00 W, 71, 2280 MHz
2026/09/23 07:19:25.260, 0, 95 %, 84 %, 3589 MiB, 49140 MiB, 281.11 W, 300.00 W, 72, 2130 MHz
2026/09/23 07:19:26.260, 0, 90 %, 79 %, 3589 MiB, 49140 MiB, 278.98 W, 300.00 W, 71, 2175 MHz
2026/09/23 07:19:27.261, 0, 89 %, 77 %, 3589 MiB, 49140 MiB, 274.74 W, 300.00 W, 71, 2460 MHz
2026/09/23 07:19:28.262, 0, 95 %, 80 %, 3589 MiB, 49140 MiB, 277.65 W, 300.00 W, 70, 2355 MHz
2026/09/23 07:19:29.263, 0, 91 %, 80 %, 3589 MiB, 49140 MiB, 278.63 W, 300.00 W, 72, 2400 MHz
2026/09/23 07:19:30.265, 0, 94 %, 82 %, 3589 MiB, 49140 MiB, 279.60 W, 300.00 W, 71, 2415 MHz
2026/09/23 07:19:31.266, 0, 92 %, 79 %, 3589 MiB, 49140 MiB, 277.16 W, 300.00 W, 70, 2370 MHz
2026/09/23 07:19:32.267, 0, 86 %, 74 %, 3589 MiB, 49140 MiB, 278.10 W, 300.00 W, 71, 2490 MHz
2026/09/23 07:19:33.267, 0, 0 %, 0 %, 3589 MiB, 49140 MiB, 199.39 W, 300.00 W, 66, 2745 MHz
2026/09/23 07:19:34.268, 0, 0 %, 0 %, 3589 MiB, 49140 MiB, 86.53 W, 300.00 W, 65, 2745 MHz
2026/09/23 07:19:35.269, 0, 91 %, 77 %, 3589 MiB, 49140 MiB, 192.81 W, 300.00 W, 70, 2355 MHz
2026/09/23 07:19:36.270, 0, 93 %, 79 %, 3589 MiB, 49140 MiB, 279.34 W, 300.00 W, 70, 2490 MHz
2026/09/23 07:19:37.271, 0, 87 %, 75 %, 3589 MiB, 49140 MiB, 282.91 W, 300.00 W, 70, 2445 MHz
2026/09/23 07:19:38.272, 0, 93 %, 81 %, 3589 MiB, 49140 MiB, 282.06 W, 300.00 W, 70, 2340 MHz
2026/09/23 07:19:39.273, 0, 93 %, 82 %, 3589 MiB, 49140 MiB, 281.62 W, 300.00 W, 71, 2295 MHz
2026/09/23 07:19:40.273, 0, 89 %, 77 %, 3589 MiB, 49140 MiB, 282.58 W, 300.00 W, 71, 2445 MHz
2026/09/23 07:19:41.274, 0, 85 %, 73 %, 3589 MiB, 49140 MiB, 280.67 W, 300.00 W, 71, 2370 MHz
2026/09/23 07:19:42.275, 0, 91 %, 78 %, 3589 MiB, 49140 MiB, 279.93 W, 300.00 W, 71, 2460 MHz
2026/09/23 07:19:43.276, 0, 87 %, 75 %, 3589 MiB, 49140 MiB, 281.11 W, 300.00 W, 72, 2295 MHz
2026/09/23 07:19:44.276, 0, 91 %, 78 %, 3589 MiB, 49140 MiB, 281.71 W, 300.00 W, 72, 2190 MHz
2026/09/23 07:19:45.277, 0, 89 %, 77 %, 3589 MiB, 49140 MiB, 279.99 W, 300.00 W, 71, 2415 MHz
2026/09/23 07:19:46.278, 0, 64 %, 41 %, 3589 MiB, 49140 MiB, 278.12 W, 300.00 W, 72, 2640 MHz
2026/09/23 07:19:47.279, 0, 0 %, 0 %, 3589 MiB, 49140 MiB, 159.92 W, 300.00 W, 66, 2745 MHz
2026/09/23 07:19:48.279, 0, 30 %, 28 %, 3589 MiB, 49140 MiB, 86.43 W, 300.00 W, 70, 2415 MHz
2026/09/23 07:19:49.280, 0, 91 %, 79 %, 3589 MiB, 49140 MiB, 224.82 W, 300.00 W, 71, 2355 MHz
2026/09/23 07:19:50.280, 0, 88 %, 76 %, 3589 MiB, 49140 MiB, 280.29 W, 300.00 W, 71, 2460 MHz
2026/09/23 07:19:51.281, 0, 89 %, 77 %, 3589 MiB, 49140 MiB, 280.74 W, 300.00 W, 70, 2445 MHz
2026/09/23 07:19:52.282, 0, 90 %, 79 %, 3589 MiB, 49140 MiB, 281.08 W, 300.00 W, 72, 2130 MHz
2026/09/23 07:19:53.282, 0, 94 %, 84 %, 3589 MiB, 49140 MiB, 283.44 W, 300.00 W, 72, 2130 MHz
2026/09/23 07:19:54.283, 0, 92 %, 79 %, 3589 MiB, 49140 MiB, 281.28 W, 300.00 W, 71, 2430 MHz
2026/09/23 07:19:55.285, 0, 93 %, 81 %, 3589 MiB, 49140 MiB, 282.37 W, 300.00 W, 71, 2460 MHz
2026/09/23 07:19:56.286, 0, 90 %, 77 %, 3589 MiB, 49140 MiB, 280.40 W, 300.00 W, 71, 2460 MHz
2026/09/23 07:19:57.287, 0, 90 %, 78 %, 3589 MiB, 49140 MiB, 281.54 W, 300.00 W, 72, 2385 MHz
2026/09/23 07:19:58.288, 0, 91 %, 80 %, 3589 MiB, 49140 MiB, 281.26 W, 300.00 W, 71, 2310 MHz
2026/09/23 07:19:59.288, 0, 79 %, 67 %, 3589 MiB, 49140 MiB, 279.85 W, 300.00 W, 71, 2415 MHz
2026/09/23 07:20:00.289, 0, 57 %, 37 %, 3589 MiB, 49140 MiB, 269.19 W, 300.00 W, 71, 2700 MHz
2026/09/23 07:20:01.289, 0, 0 %, 0 %, 3589 MiB, 49140 MiB, 119.17 W, 300.00 W, 66, 2745 MHz
2026/09/23 07:20:02.290, 0, 90 %, 77 %, 3589 MiB, 49140 MiB, 155.35 W, 300.00 W, 70, 2460 MHz
2026/09/23 07:20:03.290, 0, 93 %, 81 %, 3589 MiB, 49140 MiB, 281.06 W, 300.00 W, 71, 2385 MHz
2026/09/23 07:20:04.291, 0, 93 %, 81 %, 3589 MiB, 49140 MiB, 280.11 W, 300.00 W, 71, 2310 MHz
2026/09/23 07:20:05.292, 0, 88 %, 76 %, 3589 MiB, 49140 MiB, 277.54 W, 300.00 W, 71, 2355 MHz
2026/09/23 07:20:06.293, 0, 90 %, 77 %, 3589 MiB, 49140 MiB, 277.83 W, 300.00 W, 71, 2475 MHz
2026/09/23 07:20:07.294, 0, 92 %, 80 %, 3589 MiB, 49140 MiB, 278.98 W, 300.00 W, 71, 2340 MHz
2026/09/23 07:20:08.295, 0, 93 %, 81 %, 3589 MiB, 49140 MiB, 281.17 W, 300.00 W, 72, 2160 MHz
2026/09/23 07:20:09.296, 0, 87 %, 75 %, 3589 MiB, 49140 MiB, 276.68 W, 300.00 W, 70, 2505 MHz
2026/09/23 07:20:10.296, 0, 87 %, 76 %, 3589 MiB, 49140 MiB, 278.65 W, 300.00 W, 71, 2490 MHz
2026/09/23 07:20:11.297, 0, 91 %, 81 %, 3589 MiB, 49140 MiB, 279.41 W, 300.00 W, 72, 2130 MHz
2026/09/23 07:20:12.298, 0, 88 %, 75 %, 3589 MiB, 49140 MiB, 276.37 W, 300.00 W, 71, 2475 MHz
2026/09/23 07:20:13.300, 0, 91 %, 79 %, 3589 MiB, 49140 MiB, 279.64 W, 300.00 W, 73, 2310 MHz
2026/09/23 07:20:14.300, 0, 2 %, 0 %, 3589 MiB, 49140 MiB, 216.90 W, 300.00 W, 66, 2745 MHz
2026/09/23 07:20:15.301, 0, 0 %, 0 %, 3589 MiB, 49140 MiB, 86.27 W, 300.00 W, 65, 2745 MHz
2026/09/23 07:20:16.301, 0, 89 %, 77 %, 3589 MiB, 49140 MiB, 202.88 W, 300.00 W, 71, 2355 MHz
2026/09/23 07:20:17.302, 0, 91 %, 77 %, 3589 MiB, 49140 MiB, 283.70 W, 300.00 W, 71, 2400 MHz
2026/09/23 07:20:18.302, 0, 83 %, 72 %, 3589 MiB, 49140 MiB, 280.63 W, 300.00 W, 70, 2505 MHz
2026/09/23 07:20:19.303, 0, 87 %, 75 %, 3589 MiB, 49140 MiB, 282.13 W, 300.00 W, 72, 2445 MHz
2026/09/23 07:20:20.304, 0, 92 %, 79 %, 3589 MiB, 49140 MiB, 281.28 W, 300.00 W, 71, 2385 MHz
2026/09/23 07:20:21.305, 0, 86 %, 74 %, 3589 MiB, 49140 MiB, 281.51 W, 300.00 W, 71, 2415 MHz
2026/09/23 07:20:22.305, 0, 95 %, 84 %, 3589 MiB, 49140 MiB, 282.62 W, 300.00 W, 71, 2220 MHz
2026/09/23 07:20:23.306, 0, 92 %, 80 %, 3589 MiB, 49140 MiB, 282.82 W, 300.00 W, 72, 2145 MHz
2026/09/23 07:20:24.307, 0, 92 %, 81 %, 3589 MiB, 49140 MiB, 282.24 W, 300.00 W, 72, 2130 MHz
2026/09/23 07:20:25.307, 0, 92 %, 81 %, 3589 MiB, 49140 MiB, 282.88 W, 300.00 W, 71, 2175 MHz
2026/09/23 07:20:26.309, 0, 88 %, 76 %, 3589 MiB, 49140 MiB, 280.86 W, 300.00 W, 71, 2445 MHz
2026/09/23 07:20:27.309, 0, 62 %, 40 %, 3589 MiB, 49140 MiB, 273.18 W, 300.00 W, 72, 2700 MHz
2026/09/23 07:20:28.310, 0, 0 %, 0 %, 3589 MiB, 49140 MiB, 163.43 W, 300.00 W, 66, 2745 MHz
2026/09/23 07:20:29.312, 0, 84 %, 72 %, 3589 MiB, 49140 MiB, 220.94 W, 300.00 W, 70, 2550 MHz
2026/09/23 07:20:30.313, 0, 86 %, 75 %, 3589 MiB, 49140 MiB, 274.75 W, 300.00 W, 70, 2385 MHz
2026/09/23 07:20:31.313, 0, 88 %, 76 %, 3589 MiB, 49140 MiB, 275.81 W, 300.00 W, 72, 2370 MHz
2026/09/23 07:20:32.314, 0, 92 %, 77 %, 3589 MiB, 49140 MiB, 273.18 W, 300.00 W, 70, 2400 MHz
2026/09/23 07:20:33.315, 0, 80 %, 68 %, 3589 MiB, 49140 MiB, 278.34 W, 300.00 W, 70, 2400 MHz
2026/09/23 07:20:34.315, 0, 92 %, 81 %, 3589 MiB, 49140 MiB, 278.75 W, 300.00 W, 72, 2190 MHz
2026/09/23 07:20:35.316, 0, 88 %, 76 %, 3589 MiB, 49140 MiB, 278.86 W, 300.00 W, 70, 2370 MHz
2026/09/23 07:20:36.317, 0, 92 %, 79 %, 3589 MiB, 49140 MiB, 276.78 W, 300.00 W, 70, 2370 MHz
2026/09/23 07:20:37.319, 0, 93 %, 78 %, 3589 MiB, 49140 MiB, 279.78 W, 300.00 W, 71, 2205 MHz
2026/09/23 07:20:38.319, 0, 89 %, 77 %, 3589 MiB, 49140 MiB, 278.62 W, 300.00 W, 71, 2355 MHz
2026/09/23 07:20:39.320, 0, 90 %, 79 %, 3589 MiB, 49140 MiB, 277.69 W, 300.00 W, 73, 2430 MHz
2026/09/23 07:20:40.321, 0, 64 %, 41 %, 3589 MiB, 49140 MiB, 270.79 W, 300.00 W, 71, 2595 MHz
2026/09/23 07:20:41.321, 0, 0 %, 0 %, 3589 MiB, 49140 MiB, 151.32 W, 300.00 W, 66, 2745 MHz
2026/09/23 07:20:42.322, 0, 89 %, 77 %, 3589 MiB, 49140 MiB, 234.98 W, 300.00 W, 71, 2295 MHz
2026/09/23 07:20:43.323, 0, 90 %, 77 %, 3589 MiB, 49140 MiB, 277.96 W, 300.00 W, 72, 2520 MHz
2026/09/23 07:20:44.324, 0, 90 %, 78 %, 3589 MiB, 49140 MiB, 277.34 W, 300.00 W, 70, 2205 MHz
2026/09/23 07:20:45.325, 0, 89 %, 78 %, 3589 MiB, 49140 MiB, 277.10 W, 300.00 W, 72, 2475 MHz
2026/09/23 07:20:46.326, 0, 85 %, 74 %, 3589 MiB, 49140 MiB, 277.47 W, 300.00 W, 72, 2340 MHz
2026/09/23 07:20:47.327, 0, 90 %, 77 %, 3589 MiB, 49140 MiB, 276.66 W, 300.00 W, 72, 2445 MHz
2026/09/23 07:20:48.329, 0, 92 %, 80 %, 3589 MiB, 49140 MiB, 277.03 W, 300.00 W, 72, 2115 MHz
2026/09/23 07:20:49.330, 0, 94 %, 81 %, 3589 MiB, 49140 MiB, 280.07 W, 300.00 W, 71, 2235 MHz
2026/09/23 07:20:50.331, 0, 94 %, 78 %, 3589 MiB, 49140 MiB, 280.77 W, 300.00 W, 71, 2370 MHz
2026/09/23 07:20:51.332, 0, 89 %, 78 %, 3589 MiB, 49140 MiB, 279.32 W, 300.00 W, 72, 2250 MHz
2026/09/23 07:20:52.333, 0, 89 %, 77 %, 3589 MiB, 49140 MiB, 278.59 W, 300.00 W, 71, 2070 MHz
2026/09/23 07:20:53.334, 0, 61 %, 38 %, 3589 MiB, 49140 MiB, 268.48 W, 300.00 W, 72, 2625 MHz
2026/09/23 07:20:54.334, 0, 0 %, 0 %, 3589 MiB, 49140 MiB, 130.32 W, 300.00 W, 66, 2745 MHz
2026/09/23 07:20:55.335, 0, 0 %, 0 %, 3589 MiB, 49140 MiB, 82.55 W, 300.00 W, 64, 2505 MHz
2026/09/23 07:20:56.336, 0, 87 %, 76 %, 3589 MiB, 49140 MiB, 193.22 W, 300.00 W, 71, 2475 MHz
2026/09/23 07:20:57.337, 0, 92 %, 79 %, 3589 MiB, 49140 MiB, 278.55 W, 300.00 W, 71, 2535 MHz
2026/09/23 07:20:58.338, 0, 92 %, 81 %, 3589 MiB, 49140 MiB, 274.81 W, 300.00 W, 71, 2280 MHz
2026/09/23 07:20:59.339, 0, 89 %, 78 %, 3589 MiB, 49140 MiB, 280.06 W, 300.00 W, 71, 2340 MHz
2026/09/23 07:21:00.340, 0, 90 %, 78 %, 3589 MiB, 49140 MiB, 277.20 W, 300.00 W, 71, 2475 MHz
2026/09/23 07:21:01.340, 0, 92 %, 80 %, 3589 MiB, 49140 MiB, 277.49 W, 300.00 W, 71, 2370 MHz
2026/09/23 07:21:02.341, 0, 89 %, 78 %, 3589 MiB, 49140 MiB, 275.23 W, 300.00 W, 72, 2325 MHz
2026/09/23 07:21:03.342, 0, 89 %, 76 %, 3589 MiB, 49140 MiB, 277.90 W, 300.00 W, 71, 2445 MHz
2026/09/23 07:21:04.342, 0, 86 %, 74 %, 3589 MiB, 49140 MiB, 277.91 W, 300.00 W, 71, 2160 MHz
2026/09/23 07:21:05.343, 0, 92 %, 81 %, 3589 MiB, 49140 MiB, 279.38 W, 300.00 W, 72, 2250 MHz
2026/09/23 07:21:06.343, 0, 86 %, 74 %, 3589 MiB, 49140 MiB, 276.90 W, 300.00 W, 71, 2310 MHz
2026/09/23 07:21:07.344, 0, 71 %, 44 %, 3589 MiB, 49140 MiB, 268.21 W, 300.00 W, 72, 2505 MHz
2026/09/23 07:21:08.344, 0, 0 %, 0 %, 3589 MiB, 49140 MiB, 128.50 W, 300.00 W, 65, 2745 MHz
2026/09/23 07:21:09.345, 0, 89 %, 77 %, 3589 MiB, 49140 MiB, 129.10 W, 300.00 W, 70, 2430 MHz
2026/09/23 07:21:10.346, 0, 93 %, 77 %, 3589 MiB, 49140 MiB, 282.60 W, 300.00 W, 70, 2505 MHz
2026/09/23 07:21:11.347, 0, 85 %, 74 %, 3589 MiB, 49140 MiB, 280.74 W, 300.00 W, 71, 2520 MHz
2026/09/23 07:21:12.347, 0, 89 %, 78 %, 3589 MiB, 49140 MiB, 279.98 W, 300.00 W, 72, 2340 MHz
2026/09/23 07:21:13.348, 0, 95 %, 79 %, 3589 MiB, 49140 MiB, 280.34 W, 300.00 W, 71, 2415 MHz
2026/09/23 07:21:14.349, 0, 89 %, 78 %, 3589 MiB, 49140 MiB, 281.44 W, 300.00 W, 71, 2325 MHz
2026/09/23 07:21:15.349, 0, 94 %, 81 %, 3589 MiB, 49140 MiB, 282.11 W, 300.00 W, 70, 2430 MHz
2026/09/23 07:21:16.350, 0, 93 %, 79 %, 3589 MiB, 49140 MiB, 279.53 W, 300.00 W, 71, 2445 MHz
2026/09/23 07:21:17.351, 0, 88 %, 77 %, 3589 MiB, 49140 MiB, 280.86 W, 300.00 W, 71, 2325 MHz
2026/09/23 07:21:18.352, 0, 91 %, 80 %, 3589 MiB, 49140 MiB, 281.95 W, 300.00 W, 70, 2445 MHz
2026/09/23 07:21:19.353, 0, 93 %, 79 %, 3589 MiB, 49140 MiB, 280.42 W, 300.00 W, 71, 2340 MHz
2026/09/23 07:21:20.354, 0, 90 %, 79 %, 3589 MiB, 49140 MiB, 281.19 W, 300.00 W, 73, 2325 MHz
2026/09/23 07:21:21.354, 0, 10 %, 0 %, 3589 MiB, 49140 MiB, 224.51 W, 300.00 W, 67, 2745 MHz
2026/09/23 07:21:22.355, 0, 0 %, 0 %, 3589 MiB, 49140 MiB, 85.98 W, 300.00 W, 65, 2745 MHz
2026/09/23 07:21:23.356, 0, 82 %, 71 %, 3589 MiB, 49140 MiB, 224.45 W, 300.00 W, 71, 2505 MHz
2026/09/23 07:21:24.356, 0, 92 %, 78 %, 3589 MiB, 49140 MiB, 282.53 W, 300.00 W, 70, 2475 MHz
2026/09/23 07:21:25.358, 0, 95 %, 84 %, 3589 MiB, 49140 MiB, 284.38 W, 300.00 W, 71, 2445 MHz
2026/09/23 07:21:26.359, 0, 92 %, 77 %, 3589 MiB, 49140 MiB, 281.53 W, 300.00 W, 70, 2430 MHz
2026/09/23 07:21:27.359, 0, 93 %, 79 %, 3589 MiB, 49140 MiB, 282.46 W, 300.00 W, 70, 2475 MHz
2026/09/23 07:21:28.360, 0, 90 %, 79 %, 3589 MiB, 49140 MiB, 282.20 W, 300.00 W, 71, 2385 MHz
2026/09/23 07:21:29.361, 0, 90 %, 79 %, 3589 MiB, 49140 MiB, 279.54 W, 300.00 W, 72, 2115 MHz
2026/09/23 07:21:30.362, 0, 86 %, 75 %, 3589 MiB, 49140 MiB, 282.27 W, 300.00 W, 71, 2460 MHz
2026/09/23 07:21:31.363, 0, 88 %, 77 %, 3589 MiB, 49140 MiB, 282.03 W, 300.00 W, 70, 2460 MHz
2026/09/23 07:21:32.364, 0, 92 %, 80 %, 3589 MiB, 49140 MiB, 282.45 W, 300.00 W, 70, 2460 MHz
2026/09/23 07:21:33.365, 0, 88 %, 75 %, 3589 MiB, 49140 MiB, 280.57 W, 300.00 W, 72, 2190 MHz
2026/09/23 07:21:34.365, 0, 61 %, 39 %, 3589 MiB, 49140 MiB, 274.82 W, 300.00 W, 71, 2460 MHz
2026/09/23 07:21:35.366, 0, 0 %, 0 %, 3589 MiB, 49140 MiB, 150.00 W, 300.00 W, 66, 2745 MHz
2026/09/23 07:21:36.366, 0, 88 %, 75 %, 3589 MiB, 49140 MiB, 109.63 W, 300.00 W, 69, 2460 MHz
2026/09/23 07:21:37.367, 0, 92 %, 78 %, 3589 MiB, 49140 MiB, 278.98 W, 300.00 W, 71, 2355 MHz
2026/09/23 07:21:38.368, 0, 93 %, 82 %, 3589 MiB, 49140 MiB, 280.73 W, 300.00 W, 71, 2175 MHz
2026/09/23 07:21:39.369, 0, 88 %, 77 %, 3589 MiB, 49140 MiB, 274.51 W, 300.00 W, 69, 2370 MHz
2026/09/23 07:21:40.370, 0, 87 %, 74 %, 3589 MiB, 49140 MiB, 277.55 W, 300.00 W, 71, 2220 MHz
2026/09/23 07:21:41.370, 0, 84 %, 71 %, 3589 MiB, 49140 MiB, 275.00 W, 300.00 W, 71, 2520 MHz
2026/09/23 07:21:42.371, 0, 91 %, 78 %, 3589 MiB, 49140 MiB, 278.98 W, 300.00 W, 72, 2235 MHz
2026/09/23 07:21:43.372, 0, 89 %, 76 %, 3589 MiB, 49140 MiB, 278.16 W, 300.00 W, 72, 2370 MHz
2026/09/23 07:21:44.373, 0, 89 %, 76 %, 3589 MiB, 49140 MiB, 277.67 W, 300.00 W, 72, 2280 MHz
2026/09/23 07:21:45.374, 0, 91 %, 77 %, 3589 MiB, 49140 MiB, 274.11 W, 300.00 W, 70, 2475 MHz
2026/09/23 07:21:46.374, 0, 88 %, 78 %, 3589 MiB, 49140 MiB, 277.58 W, 300.00 W, 70, 2460 MHz
2026/09/23 07:21:47.375, 0, 90 %, 76 %, 3589 MiB, 49140 MiB, 279.60 W, 300.00 W, 72, 2370 MHz
2026/09/23 07:21:48.376, 0, 25 %, 14 %, 3589 MiB, 49140 MiB, 258.48 W, 300.00 W, 72, 2730 MHz
2026/09/23 07:21:49.376, 0, 0 %, 0 %, 3589 MiB, 49140 MiB, 92.39 W, 300.00 W, 65, 2745 MHz
2026/09/23 07:21:50.377, 0, 87 %, 76 %, 3589 MiB, 49140 MiB, 166.77 W, 300.00 W, 71, 2205 MHz
2026/09/23 07:21:51.378, 0, 92 %, 82 %, 3589 MiB, 49140 MiB, 278.27 W, 300.00 W, 70, 2430 MHz
2026/09/23 07:21:52.379, 0, 86 %, 74 %, 3589 MiB, 49140 MiB, 276.53 W, 300.00 W, 70, 2430 MHz
2026/09/23 07:21:53.380, 0, 86 %, 74 %, 3589 MiB, 49140 MiB, 277.64 W, 300.00 W, 69, 2475 MHz
2026/09/23 07:21:54.380, 0, 89 %, 76 %, 3589 MiB, 49140 MiB, 276.53 W, 300.00 W, 72, 2430 MHz
2026/09/23 07:21:55.382, 0, 91 %, 81 %, 3589 MiB, 49140 MiB, 279.11 W, 300.00 W, 70, 2430 MHz
2026/09/23 07:21:56.382, 0, 90 %, 77 %, 3589 MiB, 49140 MiB, 277.89 W, 300.00 W, 72, 2310 MHz
2026/09/23 07:21:57.383, 0, 89 %, 78 %, 3589 MiB, 49140 MiB, 278.52 W, 300.00 W, 71, 2430 MHz
2026/09/23 07:21:58.384, 0, 87 %, 76 %, 3589 MiB, 49140 MiB, 279.48 W, 300.00 W, 71, 2460 MHz
2026/09/23 07:21:59.384, 0, 84 %, 74 %, 3589 MiB, 49140 MiB, 279.48 W, 300.00 W, 71, 2430 MHz
2026/09/23 07:22:00.385, 0, 91 %, 78 %, 3589 MiB, 49140 MiB, 277.35 W, 300.00 W, 71, 2130 MHz
2026/09/23 07:22:01.386, 0, 85 %, 71 %, 3589 MiB, 49140 MiB, 276.51 W, 300.00 W, 71, 2445 MHz
2026/09/23 07:22:02.387, 0, 0 %, 0 %, 3589 MiB, 49140 MiB, 197.97 W, 300.00 W, 66, 2745 MHz
2026/09/23 07:22:03.388, 0, 0 %, 0 %, 3589 MiB, 49140 MiB, 85.64 W, 300.00 W, 65, 2745 MHz
2026/09/23 07:22:04.388, 0, 93 %, 78 %, 3589 MiB, 49140 MiB, 212.18 W, 300.00 W, 70, 2250 MHz
2026/09/23 07:22:05.389, 0, 92 %, 78 %, 3589 MiB, 49140 MiB, 276.14 W, 300.00 W, 71, 2340 MHz
2026/09/23 07:22:06.390, 0, 92 %, 79 %, 3589 MiB, 49140 MiB, 277.72 W, 300.00 W, 70, 2160 MHz
2026/09/23 07:22:07.390, 0, 85 %, 73 %, 3589 MiB, 49140 MiB, 276.09 W, 300.00 W, 71, 2505 MHz
2026/09/23 07:22:08.391, 0, 86 %, 76 %, 3589 MiB, 49140 MiB, 277.83 W, 300.00 W, 70, 2490 MHz
2026/09/23 07:22:09.392, 0, 92 %, 79 %, 3589 MiB, 49140 MiB, 276.86 W, 300.00 W, 71, 2355 MHz
2026/09/23 07:22:10.392, 0, 90 %, 79 %, 3589 MiB, 49140 MiB, 276.65 W, 300.00 W, 71, 2445 MHz
2026/09/23 07:22:11.393, 0, 90 %, 76 %, 3589 MiB, 49140 MiB, 276.42 W, 300.00 W, 72, 2340 MHz
2026/09/23 07:22:12.394, 0, 90 %, 80 %, 3589 MiB, 49140 MiB, 278.05 W, 300.00 W, 71, 2340 MHz
2026/09/23 07:22:13.395, 0, 89 %, 74 %, 3589 MiB, 49140 MiB, 278.00 W, 300.00 W, 72, 2430 MHz
2026/09/23 07:22:14.398, 0, 89 %, 77 %, 3589 MiB, 49140 MiB, 279.34 W, 300.00 W, 72, 2355 MHz
2026/09/23 07:22:15.398, 0, 61 %, 39 %, 3589 MiB, 49140 MiB, 271.17 W, 300.00 W, 72, 2655 MHz
2026/09/23 07:22:16.399, 0, 0 %, 0 %, 3589 MiB, 49140 MiB, 144.61 W, 300.00 W, 66, 2745 MHz
2026/09/23 07:22:17.399, 0, 92 %, 80 %, 3589 MiB, 49140 MiB, 108.18 W, 300.00 W, 69, 2445 MHz
2026/09/23 07:22:18.400, 0, 87 %, 77 %, 3589 MiB, 49140 MiB, 275.39 W, 300.00 W, 70, 2520 MHz
2026/09/23 07:22:19.401, 0, 92 %, 80 %, 3589 MiB, 49140 MiB, 280.32 W, 300.00 W, 69, 2355 MHz
2026/09/23 07:22:20.402, 0, 93 %, 83 %, 3589 MiB, 49140 MiB, 278.06 W, 300.00 W, 71, 2415 MHz
2026/09/23 07:22:21.403, 0, 91 %, 79 %, 3589 MiB, 49140 MiB, 280.64 W, 300.00 W, 70, 2445 MHz
2026/09/23 07:22:22.403, 0, 91 %, 78 %, 3589 MiB, 49140 MiB, 277.20 W, 300.00 W, 72, 2370 MHz
2026/09/23 07:22:23.405, 0, 89 %, 79 %, 3589 MiB, 49140 MiB, 279.08 W, 300.00 W, 71, 2325 MHz
2026/09/23 07:22:24.405, 0, 91 %, 80 %, 3589 MiB, 49140 MiB, 276.43 W, 300.00 W, 71, 2430 MHz
2026/09/23 07:22:25.406, 0, 93 %, 81 %, 3589 MiB, 49140 MiB, 278.65 W, 300.00 W, 70, 2325 MHz
2026/09/23 07:22:26.408, 0, 86 %, 75 %, 3589 MiB, 49140 MiB, 278.32 W, 300.00 W, 70, 2490 MHz
2026/09/23 07:22:27.408, 0, 87 %, 77 %, 3589 MiB, 49140 MiB, 277.30 W, 300.00 W, 71, 2175 MHz
2026/09/23 07:22:28.410, 0, 90 %, 78 %, 3589 MiB, 49140 MiB, 277.75 W, 300.00 W, 72, 2460 MHz
2026/09/23 07:22:29.410, 0, 38 %, 25 %, 3589 MiB, 49140 MiB, 263.45 W, 300.00 W, 72, 2730 MHz
2026/09/23 07:22:30.411, 0, 0 %, 0 %, 3589 MiB, 49140 MiB, 96.54 W, 300.00 W, 65, 2745 MHz
2026/09/23 07:22:31.411, 0, 88 %, 75 %, 3589 MiB, 49140 MiB, 158.21 W, 300.00 W, 70, 2385 MHz
2026/09/23 07:22:32.412, 0, 91 %, 79 %, 3589 MiB, 49140 MiB, 275.31 W, 300.00 W, 72, 2295 MHz
2026/09/23 07:22:33.413, 0, 92 %, 81 %, 3589 MiB, 49140 MiB, 277.53 W, 300.00 W, 71, 2370 MHz
2026/09/23 07:22:34.414, 0, 87 %, 73 %, 3589 MiB, 49140 MiB, 278.26 W, 300.00 W, 71, 2415 MHz
2026/09/23 07:22:35.414, 0, 91 %, 79 %, 3589 MiB, 49140 MiB, 278.51 W, 300.00 W, 70, 2445 MHz
2026/09/23 07:22:36.415, 0, 88 %, 76 %, 3589 MiB, 49140 MiB, 276.77 W, 300.00 W, 72, 2430 MHz
2026/09/23 07:22:37.416, 0, 89 %, 79 %, 3589 MiB, 49140 MiB, 277.09 W, 300.00 W, 71, 2415 MHz
2026/09/23 07:22:38.417, 0, 90 %, 76 %, 3589 MiB, 49140 MiB, 277.14 W, 300.00 W, 71, 2205 MHz
2026/09/23 07:22:39.417, 0, 90 %, 79 %, 3589 MiB, 49140 MiB, 277.98 W, 300.00 W, 70, 2415 MHz
2026/09/23 07:22:40.418, 0, 88 %, 76 %, 3589 MiB, 49140 MiB, 278.77 W, 300.00 W, 71, 2385 MHz
2026/09/23 07:22:41.419, 0, 89 %, 77 %, 3589 MiB, 49140 MiB, 275.67 W, 300.00 W, 72, 2370 MHz
2026/09/23 07:22:42.420, 0, 90 %, 78 %, 3589 MiB, 49140 MiB, 276.88 W, 300.00 W, 71, 2415 MHz
2026/09/23 07:22:43.421, 0, 0 %, 0 %, 3589 MiB, 49140 MiB, 222.56 W, 300.00 W, 66, 2730 MHz
2026/09/23 07:22:44.421, 0, 92 %, 78 %, 3589 MiB, 49140 MiB, 163.84 W, 300.00 W, 70, 2445 MHz
2026/09/23 07:22:45.422, 0, 88 %, 77 %, 3589 MiB, 49140 MiB, 279.68 W, 300.00 W, 71, 2505 MHz
2026/09/23 07:22:46.424, 0, 89 %, 78 %, 3589 MiB, 49140 MiB, 282.36 W, 300.00 W, 72, 2460 MHz
2026/09/23 07:22:47.425, 0, 90 %, 77 %, 3589 MiB, 49140 MiB, 281.24 W, 300.00 W, 72, 2415 MHz
2026/09/23 07:22:48.425, 0, 88 %, 77 %, 3589 MiB, 49140 MiB, 281.17 W, 300.00 W, 71, 2535 MHz
2026/09/23 07:22:49.426, 0, 85 %, 72 %, 3589 MiB, 49140 MiB, 276.75 W, 300.00 W, 72, 2370 MHz
2026/09/23 07:22:50.427, 0, 89 %, 78 %, 3589 MiB, 49140 MiB, 280.04 W, 300.00 W, 71, 2325 MHz
2026/09/23 07:22:51.428, 0, 88 %, 78 %, 3589 MiB, 49140 MiB, 278.51 W, 300.00 W, 71, 2190 MHz
2026/09/23 07:22:52.432, 0, 89 %, 79 %, 3589 MiB, 49140 MiB, 282.83 W, 300.00 W, 72, 2340 MHz
2026/09/23 07:22:53.433, 0, 90 %, 79 %, 3589 MiB, 49140 MiB, 281.71 W, 300.00 W, 72, 2370 MHz
2026/09/23 07:22:54.434, 0, 93 %, 80 %, 3589 MiB, 49140 MiB, 282.73 W, 300.00 W, 70, 2355 MHz
2026/09/23 07:22:55.435, 0, 88 %, 75 %, 3589 MiB, 49140 MiB, 279.37 W, 300.00 W, 72, 2370 MHz
2026/09/23 07:22:56.435, 0, 0 %, 0 %, 3589 MiB, 49140 MiB, 208.01 W, 300.00 W, 66, 2745 MHz
2026/09/23 07:22:57.436, 0, 86 %, 73 %, 3589 MiB, 49140 MiB, 162.35 W, 300.00 W, 71, 2430 MHz
2026/09/23 07:22:58.437, 0, 87 %, 77 %, 3589 MiB, 49140 MiB, 282.67 W, 300.00 W, 72, 2295 MHz
2026/09/23 07:22:59.437, 0, 89 %, 79 %, 3589 MiB, 49140 MiB, 281.85 W, 300.00 W, 71, 2280 MHz
2026/09/23 07:23:00.438, 0, 89 %, 78 %, 3589 MiB, 49140 MiB, 282.96 W, 300.00 W, 72, 2475 MHz
2026/09/23 07:23:01.440, 0, 89 %, 79 %, 3589 MiB, 49140 MiB, 283.33 W, 300.00 W, 71, 2325 MHz
2026/09/23 07:23:02.441, 0, 91 %, 77 %, 3589 MiB, 49140 MiB, 282.80 W, 300.00 W, 72, 2385 MHz
2026/09/23 07:23:03.442, 0, 88 %, 76 %, 3589 MiB, 49140 MiB, 282.43 W, 300.00 W, 72, 2265 MHz
2026/09/23 07:23:04.442, 0, 90 %, 80 %, 3589 MiB, 49140 MiB, 283.49 W, 300.00 W, 72, 2340 MHz
2026/09/23 07:23:05.443, 0, 91 %, 79 %, 3589 MiB, 49140 MiB, 284.49 W, 300.00 W, 71, 2310 MHz
2026/09/23 07:23:06.445, 0, 92 %, 80 %, 3589 MiB, 49140 MiB, 281.96 W, 300.00 W, 72, 2400 MHz
2026/09/23 07:23:07.445, 0, 92 %, 80 %, 3589 MiB, 49140 MiB, 282.94 W, 300.00 W, 71, 2220 MHz
2026/09/23 07:23:08.446, 0, 89 %, 74 %, 3589 MiB, 49140 MiB, 280.76 W, 300.00 W, 72, 2520 MHz
2026/09/23 07:23:09.447, 0, 0 %, 0 %, 3589 MiB, 49140 MiB, 223.63 W, 300.00 W, 67, 2745 MHz
2026/09/23 07:23:10.447, 0, 90 %, 80 %, 3589 MiB, 49140 MiB, 166.35 W, 300.00 W, 70, 2205 MHz
2026/09/23 07:23:11.448, 0, 88 %, 74 %, 3589 MiB, 49140 MiB, 284.29 W, 300.00 W, 72, 2460 MHz
2026/09/23 07:23:12.449, 0, 92 %, 77 %, 3589 MiB, 49140 MiB, 281.77 W, 300.00 W, 71, 2460 MHz
2026/09/23 07:23:13.450, 0, 85 %, 74 %, 3589 MiB, 49140 MiB, 282.79 W, 300.00 W, 71, 2235 MHz
2026/09/23 07:23:14.451, 0, 88 %, 78 %, 3589 MiB, 49140 MiB, 282.29 W, 300.00 W, 72, 2445 MHz
2026/09/23 07:23:15.452, 0, 89 %, 77 %, 3589 MiB, 49140 MiB, 280.81 W, 300.00 W, 71, 2205 MHz
2026/09/23 07:23:16.452, 0, 87 %, 76 %, 3589 MiB, 49140 MiB, 283.06 W, 300.00 W, 73, 2475 MHz
2026/09/23 07:23:17.453, 0, 92 %, 79 %, 3589 MiB, 49140 MiB, 283.37 W, 300.00 W, 72, 2340 MHz
2026/09/23 07:23:18.454, 0, 93 %, 78 %, 3589 MiB, 49140 MiB, 284.48 W, 300.00 W, 72, 2355 MHz
2026/09/23 07:23:19.454, 0, 90 %, 79 %, 3589 MiB, 49140 MiB, 282.34 W, 300.00 W, 72, 2205 MHz
2026/09/23 07:23:20.455, 0, 90 %, 80 %, 3589 MiB, 49140 MiB, 282.96 W, 300.00 W, 72, 2370 MHz
2026/09/23 07:23:21.456, 0, 89 %, 77 %, 3589 MiB, 49140 MiB, 283.88 W, 300.00 W, 72, 2400 MHz
2026/09/23 07:23:22.456, 0, 0 %, 0 %, 3589 MiB, 49140 MiB, 221.35 W, 300.00 W, 67, 2745 MHz
2026/09/23 07:23:23.457, 0, 93 %, 79 %, 3589 MiB, 49140 MiB, 167.73 W, 300.00 W, 71, 2220 MHz
2026/09/23 07:23:24.458, 0, 88 %, 74 %, 3589 MiB, 49140 MiB, 278.62 W, 300.00 W, 72, 2400 MHz
2026/09/23 07:23:25.459, 0, 91 %, 82 %, 3589 MiB, 49140 MiB, 278.08 W, 300.00 W, 73, 2430 MHz
2026/09/23 07:23:26.460, 0, 91 %, 78 %, 3589 MiB, 49140 MiB, 279.93 W, 300.00 W, 71, 2160 MHz
2026/09/23 07:23:27.461, 0, 91 %, 79 %, 3589 MiB, 49140 MiB, 279.19 W, 300.00 W, 72, 2385 MHz
2026/09/23 07:23:28.461, 0, 91 %, 80 %, 3589 MiB, 49140 MiB, 278.83 W, 300.00 W, 72, 2385 MHz
2026/09/23 07:23:29.462, 0, 93 %, 82 %, 3589 MiB, 49140 MiB, 281.96 W, 300.00 W, 73, 2295 MHz
2026/09/23 07:23:30.463, 0, 92 %, 79 %, 3589 MiB, 49140 MiB, 278.90 W, 300.00 W, 72, 2355 MHz
2026/09/23 07:23:31.464, 0, 90 %, 77 %, 3589 MiB, 49140 MiB, 277.91 W, 300.00 W, 72, 2475 MHz
2026/09/23 07:23:32.465, 0, 87 %, 75 %, 3589 MiB, 49140 MiB, 278.85 W, 300.00 W, 72, 2340 MHz
2026/09/23 07:23:33.467, 0, 92 %, 79 %, 3589 MiB, 49140 MiB, 278.19 W, 300.00 W, 71, 2295 MHz
2026/09/23 07:23:34.467, 0, 64 %, 41 %, 3589 MiB, 49140 MiB, 274.64 W, 300.00 W, 73, 2580 MHz
2026/09/23 07:23:35.468, 0, 0 %, 0 %, 3589 MiB, 49140 MiB, 175.50 W, 300.00 W, 66, 2745 MHz
2026/09/23 07:23:36.470, 0, 89 %, 79 %, 3589 MiB, 49140 MiB, 216.41 W, 300.00 W, 73, 2175 MHz
2026/09/23 07:23:37.470, 0, 91 %, 78 %, 3589 MiB, 49140 MiB, 280.04 W, 300.00 W, 70, 2475 MHz
2026/09/23 07:23:38.471, 0, 87 %, 78 %, 3589 MiB, 49140 MiB, 281.06 W, 300.00 W, 72, 2250 MHz
2026/09/23 07:23:39.472, 0, 93 %, 81 %, 3589 MiB, 49140 MiB, 279.01 W, 300.00 W, 71, 2400 MHz
2026/09/23 07:23:40.472, 0, 93 %, 80 %, 3589 MiB, 49140 MiB, 282.22 W, 300.00 W, 71, 2370 MHz
2026/09/23 07:23:41.473, 0, 86 %, 74 %, 3589 MiB, 49140 MiB, 280.67 W, 300.00 W, 71, 2490 MHz
2026/09/23 07:23:42.474, 0, 89 %, 74 %, 3589 MiB, 49140 MiB, 277.85 W, 300.00 W, 72, 2415 MHz
2026/09/23 07:23:43.475, 0, 91 %, 80 %, 3589 MiB, 49140 MiB, 280.17 W, 300.00 W, 71, 2340 MHz
2026/09/23 07:23:44.476, 0, 89 %, 78 %, 3589 MiB, 49140 MiB, 281.13 W, 300.00 W, 73, 2370 MHz
2026/09/23 07:23:45.477, 0, 91 %, 79 %, 3589 MiB, 49140 MiB, 282.54 W, 300.00 W, 73, 2370 MHz
2026/09/23 07:23:46.477, 0, 90 %, 79 %, 3589 MiB, 49140 MiB, 281.71 W, 300.00 W, 72, 2100 MHz
2026/09/23 07:23:47.481, 0, 62 %, 39 %, 3589 MiB, 49140 MiB, 275.41 W, 300.00 W, 73, 2610 MHz
2026/09/23 07:23:48.481, 0, 0 %, 0 %, 3589 MiB, 49140 MiB, 165.81 W, 300.00 W, 66, 2745 MHz
2026/09/23 07:23:49.482, 0, 88 %, 77 %, 3589 MiB, 49140 MiB, 225.80 W, 300.00 W, 70, 2385 MHz
2026/09/23 07:23:50.483, 0, 87 %, 76 %, 3589 MiB, 49140 MiB, 279.22 W, 300.00 W, 73, 2190 MHz
2026/09/23 07:23:51.484, 0, 88 %, 77 %, 3589 MiB, 49140 MiB, 274.85 W, 300.00 W, 71, 2370 MHz
2026/09/23 07:23:52.486, 0, 90 %, 77 %, 3589 MiB, 49140 MiB, 277.48 W, 300.00 W, 72, 2370 MHz
2026/09/23 07:23:53.486, 0, 92 %, 78 %, 3589 MiB, 49140 MiB, 277.77 W, 300.00 W, 71, 2280 MHz
2026/09/23 07:23:54.488, 0, 91 %, 77 %, 3589 MiB, 49140 MiB, 277.06 W, 300.00 W, 72, 2445 MHz
2026/09/23 07:23:55.489, 0, 89 %, 77 %, 3589 MiB, 49140 MiB, 278.17 W, 300.00 W, 73, 2265 MHz
2026/09/23 07:23:56.490, 0, 88 %, 76 %, 3589 MiB, 49140 MiB, 276.48 W, 300.00 W, 71, 2475 MHz
2026/09/23 07:23:57.490, 0, 88 %, 75 %, 3589 MiB, 49140 MiB, 278.49 W, 300.00 W, 71, 2295 MHz
2026/09/23 07:23:58.491, 0, 89 %, 78 %, 3589 MiB, 49140 MiB, 275.07 W, 300.00 W, 71, 2400 MHz
2026/09/23 07:23:59.492, 0, 89 %, 78 %, 3589 MiB, 49140 MiB, 275.07 W, 300.00 W, 73, 2145 MHz
2026/09/23 07:24:00.492, 0, 63 %, 40 %, 3589 MiB, 49140 MiB, 273.32 W, 300.00 W, 71, 2640 MHz
2026/09/23 07:24:01.493, 0, 0 %, 0 %, 3589 MiB, 49140 MiB, 167.65 W, 300.00 W, 66, 2745 MHz
2026/09/23 07:24:02.493, 0, 81 %, 59 %, 3589 MiB, 49140 MiB, 86.89 W, 300.00 W, 70, 2460 MHz
2026/09/23 07:24:03.494, 0, 91 %, 77 %, 3589 MiB, 49140 MiB, 221.16 W, 300.00 W, 71, 2355 MHz
2026/09/23 07:24:04.495, 0, 90 %, 79 %, 3589 MiB, 49140 MiB, 276.29 W, 300.00 W, 71, 2310 MHz
2026/09/23 07:24:05.496, 0, 92 %, 81 %, 3589 MiB, 49140 MiB, 276.75 W, 300.00 W, 71, 2340 MHz
2026/09/23 07:24:06.497, 0, 93 %, 80 %, 3589 MiB, 49140 MiB, 278.12 W, 300.00 W, 71, 2385 MHz
2026/09/23 07:24:07.498, 0, 87 %, 76 %, 3589 MiB, 49140 MiB, 277.37 W, 300.00 W, 72, 2400 MHz
2026/09/23 07:24:08.499, 0, 92 %, 78 %, 3589 MiB, 49140 MiB, 277.51 W, 300.00 W, 71, 2250 MHz
2026/09/23 07:24:09.500, 0, 86 %, 75 %, 3589 MiB, 49140 MiB, 276.65 W, 300.00 W, 70, 2370 MHz
2026/09/23 07:24:10.501, 0, 87 %, 75 %, 3589 MiB, 49140 MiB, 277.05 W, 300.00 W, 72, 2415 MHz
2026/09/23 07:24:11.502, 0, 89 %, 75 %, 3589 MiB, 49140 MiB, 278.38 W, 300.00 W, 71, 2430 MHz
2026/09/23 07:24:12.503, 0, 88 %, 74 %, 3589 MiB, 49140 MiB, 276.62 W, 300.00 W, 72, 2415 MHz
2026/09/23 07:24:13.504, 0, 90 %, 77 %, 3589 MiB, 49140 MiB, 278.93 W, 300.00 W, 72, 2385 MHz
2026/09/23 07:24:14.505, 0, 65 %, 42 %, 3589 MiB, 49140 MiB, 270.52 W, 300.00 W, 71, 2655 MHz
2026/09/23 07:24:15.506, 0, 67 %, 56 %, 3589 MiB, 49140 MiB, 134.41 W, 300.00 W, 70, 2340 MHz
2026/09/23 07:24:16.507, 0, 88 %, 75 %, 3589 MiB, 49140 MiB, 269.68 W, 300.00 W, 70, 2400 MHz
2026/09/23 07:24:17.508, 0, 89 %, 77 %, 3589 MiB, 49140 MiB, 277.93 W, 300.00 W, 72, 2265 MHz
2026/09/23 07:24:18.509, 0, 87 %, 76 %, 3589 MiB, 49140 MiB, 276.28 W, 300.00 W, 72, 2160 MHz
2026/09/23 07:24:19.510, 0, 91 %, 80 %, 3589 MiB, 49140 MiB, 276.18 W, 300.00 W, 72, 2370 MHz
2026/09/23 07:24:20.511, 0, 89 %, 78 %, 3589 MiB, 49140 MiB, 275.94 W, 300.00 W, 70, 2160 MHz
2026/09/23 07:24:21.512, 0, 88 %, 77 %, 3589 MiB, 49140 MiB, 275.32 W, 300.00 W, 70, 2160 MHz
2026/09/23 07:24:22.513, 0, 89 %, 76 %, 3589 MiB, 49140 MiB, 279.05 W, 300.00 W, 71, 2355 MHz
2026/09/23 07:24:23.514, 0, 90 %, 79 %, 3589 MiB, 49140 MiB, 277.90 W, 300.00 W, 73, 2340 MHz
2026/09/23 07:24:24.515, 0, 89 %, 78 %, 3589 MiB, 49140 MiB, 274.60 W, 300.00 W, 70, 2385 MHz
2026/09/23 07:24:25.517, 0, 91 %, 79 %, 3589 MiB, 49140 MiB, 279.79 W, 300.00 W, 72, 2220 MHz
2026/09/23 07:24:26.518, 0, 84 %, 73 %, 3589 MiB, 49140 MiB, 278.12 W, 300.00 W, 71, 2415 MHz
2026/09/23 07:24:27.519, 0, 63 %, 40 %, 3589 MiB, 49140 MiB, 269.52 W, 300.00 W, 72, 2655 MHz
2026/09/23 07:24:28.519, 0, 88 %, 79 %, 3589 MiB, 49140 MiB, 133.54 W, 300.00 W, 69, 2280 MHz
2026/09/23 07:24:29.520, 0, 87 %, 77 %, 3589 MiB, 49140 MiB, 273.61 W, 300.00 W, 71, 2265 MHz
2026/09/23 07:24:30.521, 0, 92 %, 77 %, 3589 MiB, 49140 MiB, 274.88 W, 300.00 W, 71, 2325 MHz
2026/09/23 07:24:31.521, 0, 90 %, 80 %, 3589 MiB, 49140 MiB, 275.98 W, 300.00 W, 70, 2190 MHz
2026/09/23 07:24:32.522, 0, 90 %, 79 %, 3589 MiB, 49140 MiB, 277.64 W, 300.00 W, 70, 2145 MHz
2026/09/23 07:24:33.523, 0, 89 %, 79 %, 3589 MiB, 49140 MiB, 277.13 W, 300.00 W, 73, 2355 MHz
2026/09/23 07:24:34.523, 0, 92 %, 78 %, 3589 MiB, 49140 MiB, 278.54 W, 300.00 W, 72, 2385 MHz
2026/09/23 07:24:35.524, 0, 94 %, 79 %, 3589 MiB, 49140 MiB, 280.77 W, 300.00 W, 71, 2385 MHz
2026/09/23 07:24:36.525, 0, 92 %, 79 %, 3589 MiB, 49140 MiB, 278.67 W, 300.00 W, 72, 2220 MHz
2026/09/23 07:24:37.527, 0, 87 %, 74 %, 3589 MiB, 49140 MiB, 277.49 W, 300.00 W, 71, 2475 MHz
2026/09/23 07:24:38.528, 0, 92 %, 79 %, 3589 MiB, 49140 MiB, 278.23 W, 300.00 W, 71, 2460 MHz
2026/09/23 07:24:39.529, 0, 87 %, 76 %, 3589 MiB, 49140 MiB, 276.88 W, 300.00 W, 72, 2505 MHz
2026/09/23 07:24:40.529, 0, 64 %, 40 %, 3589 MiB, 49140 MiB, 265.42 W, 300.00 W, 72, 2520 MHz
2026/09/23 07:24:41.530, 0, 85 %, 73 %, 3589 MiB, 49140 MiB, 134.56 W, 300.00 W, 71, 2415 MHz
2026/09/23 07:24:42.531, 0, 90 %, 77 %, 3589 MiB, 49140 MiB, 277.30 W, 300.00 W, 72, 2415 MHz
2026/09/23 07:24:43.532, 0, 95 %, 80 %, 3589 MiB, 49140 MiB, 277.69 W, 300.00 W, 71, 2310 MHz
2026/09/23 07:24:44.533, 0, 87 %, 75 %, 3589 MiB, 49140 MiB, 279.61 W, 300.00 W, 71, 2340 MHz
2026/09/23 07:24:45.534, 0, 92 %, 78 %, 3589 MiB, 49140 MiB, 277.73 W, 300.00 W, 71, 2460 MHz
2026/09/23 07:24:46.535, 0, 94 %, 79 %, 3589 MiB, 49140 MiB, 279.70 W, 300.00 W, 71, 2415 MHz
2026/09/23 07:24:47.537, 0, 82 %, 71 %, 3589 MiB, 49140 MiB, 275.64 W, 300.00 W, 71, 2460 MHz
2026/09/23 07:24:48.538, 0, 93 %, 78 %, 3589 MiB, 49140 MiB, 278.30 W, 300.00 W, 72, 2190 MHz
2026/09/23 07:24:49.539, 0, 94 %, 82 %, 3589 MiB, 49140 MiB, 277.88 W, 300.00 W, 71, 2175 MHz
2026/09/23 07:24:50.539, 0, 90 %, 76 %, 3589 MiB, 49140 MiB, 277.56 W, 300.00 W, 72, 2445 MHz
2026/09/23 07:24:51.540, 0, 90 %, 80 %, 3589 MiB, 49140 MiB, 278.11 W, 300.00 W, 73, 2325 MHz
2026/09/23 07:24:52.541, 0, 92 %, 82 %, 3589 MiB, 49140 MiB, 279.70 W, 300.00 W, 73, 2280 MHz
2026/09/23 07:24:53.542, 0, 59 %, 37 %, 3589 MiB, 49140 MiB, 266.31 W, 300.00 W, 69, 2730 MHz
2026/09/23 07:24:54.543, 0, 8 %, 0 %, 3589 MiB, 49140 MiB, 103.30 W, 300.00 W, 66, 2745 MHz
2026/09/23 07:24:55.543, 0, 0 %, 0 %, 3589 MiB, 49140 MiB, 84.85 W, 300.00 W, 65, 2505 MHz
2026/09/23 07:24:56.544, 0, 93 %, 81 %, 3589 MiB, 49140 MiB, 211.01 W, 300.00 W, 70, 2415 MHz
2026/09/23 07:24:57.545, 0, 89 %, 77 %, 3589 MiB, 49140 MiB, 279.63 W, 300.00 W, 71, 2415 MHz
2026/09/23 07:24:58.547, 0, 90 %, 77 %, 3589 MiB, 49140 MiB, 276.84 W, 300.00 W, 70, 2445 MHz
2026/09/23 07:24:59.548, 0, 87 %, 76 %, 3589 MiB, 49140 MiB, 278.58 W, 300.00 W, 71, 2340 MHz
2026/09/23 07:25:00.549, 0, 92 %, 82 %, 3589 MiB, 49140 MiB, 277.92 W, 300.00 W, 72, 2280 MHz
2026/09/23 07:25:01.550, 0, 91 %, 78 %, 3589 MiB, 49140 MiB, 279.96 W, 300.00 W, 70, 2340 MHz
2026/09/23 07:25:02.550, 0, 84 %, 73 %, 3589 MiB, 49140 MiB, 278.80 W, 300.00 W, 72, 2445 MHz
2026/09/23 07:25:03.551, 0, 87 %, 76 %, 3589 MiB, 49140 MiB, 276.13 W, 300.00 W, 71, 2430 MHz
2026/09/23 07:25:04.552, 0, 89 %, 78 %, 3589 MiB, 49140 MiB, 277.78 W, 300.00 W, 72, 2385 MHz
2026/09/23 07:25:05.552, 0, 90 %, 80 %, 3589 MiB, 49140 MiB, 279.31 W, 300.00 W, 71, 2475 MHz
2026/09/23 07:25:06.554, 0, 88 %, 77 %, 3589 MiB, 49140 MiB, 276.98 W, 300.00 W, 71, 2115 MHz
2026/09/23 07:25:07.554, 0, 69 %, 43 %, 3589 MiB, 49140 MiB, 275.39 W, 300.00 W, 71, 2670 MHz
2026/09/23 07:25:08.555, 0, 0 %, 0 %, 3589 MiB, 49140 MiB, 150.65 W, 300.00 W, 66, 2745 MHz
2026/09/23 07:25:09.555, 0, 92 %, 82 %, 3589 MiB, 49140 MiB, 237.08 W, 300.00 W, 72, 2310 MHz
2026/09/23 07:25:10.556, 0, 88 %, 75 %, 3589 MiB, 49140 MiB, 275.91 W, 300.00 W, 71, 2430 MHz
2026/09/23 07:25:11.558, 0, 92 %, 79 %, 3589 MiB, 49140 MiB, 279.69 W, 300.00 W, 70, 2400 MHz
2026/09/23 07:25:12.559, 0, 86 %, 76 %, 3589 MiB, 49140 MiB, 278.49 W, 300.00 W, 73, 2250 MHz
2026/09/23 07:25:13.561, 0, 89 %, 76 %, 3589 MiB, 49140 MiB, 278.26 W, 300.00 W, 71, 2280 MHz
2026/09/23 07:25:14.562, 0, 95 %, 80 %, 3589 MiB, 49140 MiB, 280.42 W, 300.00 W, 71, 2370 MHz
2026/09/23 07:25:15.562, 0, 84 %, 74 %, 3589 MiB, 49140 MiB, 278.19 W, 300.00 W, 70, 2460 MHz
2026/09/23 07:25:16.563, 0, 90 %, 77 %, 3589 MiB, 49140 MiB, 277.13 W, 300.00 W, 72, 2265 MHz
2026/09/23 07:25:17.565, 0, 92 %, 82 %, 3589 MiB, 49140 MiB, 277.70 W, 300.00 W, 72, 2145 MHz
2026/09/23 07:25:18.566, 0, 93 %, 80 %, 3589 MiB, 49140 MiB, 277.67 W, 300.00 W, 71, 2400 MHz
2026/09/23 07:25:19.567, 0, 95 %, 80 %, 3589 MiB, 49140 MiB, 282.29 W, 300.00 W, 72, 2265 MHz
2026/09/23 07:25:20.568, 0, 63 %, 40 %, 3589 MiB, 49140 MiB, 275.34 W, 300.00 W, 73, 2580 MHz
2026/09/23 07:25:21.568, 0, 0 %, 0 %, 3589 MiB, 49140 MiB, 128.50 W, 300.00 W, 69, 2520 MHz
2026/09/23 07:25:22.569, 0, 88 %, 76 %, 3589 MiB, 49140 MiB, 254.12 W, 300.00 W, 71, 2205 MHz
2026/09/23 07:25:23.569, 0, 92 %, 77 %, 3589 MiB, 49140 MiB, 277.14 W, 300.00 W, 71, 2475 MHz
2026/09/23 07:25:24.570, 0, 88 %, 75 %, 3589 MiB, 49140 MiB, 280.81 W, 300.00 W, 71, 2385 MHz
2026/09/23 07:25:25.571, 0, 92 %, 79 %, 3589 MiB, 49140 MiB, 282.02 W, 300.00 W, 71, 2385 MHz
2026/09/23 07:25:26.572, 0, 85 %, 74 %, 3589 MiB, 49140 MiB, 281.49 W, 300.00 W, 72, 2355 MHz
2026/09/23 07:25:27.573, 0, 86 %, 71 %, 3589 MiB, 49140 MiB, 279.30 W, 300.00 W, 71, 2385 MHz
2026/09/23 07:25:28.574, 0, 93 %, 82 %, 3589 MiB, 49140 MiB, 279.83 W, 300.00 W, 72, 2445 MHz
2026/09/23 07:25:29.575, 0, 85 %, 74 %, 3589 MiB, 49140 MiB, 281.97 W, 300.00 W, 71, 2400 MHz
2026/09/23 07:25:30.577, 0, 89 %, 76 %, 3589 MiB, 49140 MiB, 280.42 W, 300.00 W, 71, 2460 MHz
2026/09/23 07:25:31.577, 0, 92 %, 78 %, 3589 MiB, 49140 MiB, 281.83 W, 300.00 W, 71, 2490 MHz
2026/09/23 07:25:32.578, 0, 87 %, 75 %, 3589 MiB, 49140 MiB, 279.34 W, 300.00 W, 71, 2355 MHz
2026/09/23 07:25:33.579, 0, 75 %, 48 %, 3589 MiB, 49140 MiB, 272.52 W, 300.00 W, 71, 2460 MHz
2026/09/23 07:25:34.579, 0, 83 %, 73 %, 3589 MiB, 49140 MiB, 124.64 W, 300.00 W, 69, 2475 MHz
2026/09/23 07:25:35.580, 0, 91 %, 79 %, 3589 MiB, 49140 MiB, 277.43 W, 300.00 W, 71, 2385 MHz
2026/09/23 07:25:36.581, 0, 91 %, 80 %, 3589 MiB, 49140 MiB, 280.74 W, 300.00 W, 71, 2445 MHz
2026/09/23 07:25:37.582, 0, 93 %, 81 %, 3589 MiB, 49140 MiB, 280.96 W, 300.00 W, 71, 2310 MHz
2026/09/23 07:25:38.583, 0, 90 %, 77 %, 3589 MiB, 49140 MiB, 277.19 W, 300.00 W, 72, 2310 MHz
2026/09/23 07:25:39.584, 0, 94 %, 80 %, 3589 MiB, 49140 MiB, 276.19 W, 300.00 W, 72, 2070 MHz
2026/09/23 07:25:40.585, 0, 93 %, 82 %, 3589 MiB, 49140 MiB, 278.36 W, 300.00 W, 71, 2400 MHz
2026/09/23 07:25:41.585, 0, 86 %, 75 %, 3589 MiB, 49140 MiB, 276.98 W, 300.00 W, 71, 2490 MHz
2026/09/23 07:25:42.586, 0, 88 %, 76 %, 3589 MiB, 49140 MiB, 277.78 W, 300.00 W, 71, 2430 MHz
2026/09/23 07:25:43.587, 0, 93 %, 81 %, 3589 MiB, 49140 MiB, 276.53 W, 300.00 W, 72, 2460 MHz
2026/09/23 07:25:44.588, 0, 88 %, 76 %, 3589 MiB, 49140 MiB, 277.47 W, 300.00 W, 71, 2400 MHz
2026/09/23 07:25:45.589, 0, 93 %, 81 %, 3589 MiB, 49140 MiB, 277.51 W, 300.00 W, 72, 2460 MHz
2026/09/23 07:25:46.589, 0, 46 %, 30 %, 3589 MiB, 49140 MiB, 178.33 W, 300.00 W, 66, 2745 MHz
2026/09/23 07:25:47.590, 0, 91 %, 78 %, 3589 MiB, 49140 MiB, 207.32 W, 300.00 W, 72, 2265 MHz
2026/09/23 07:25:48.591, 0, 89 %, 78 %, 3589 MiB, 49140 MiB, 278.10 W, 300.00 W, 71, 2355 MHz
2026/09/23 07:25:49.592, 0, 88 %, 77 %, 3589 MiB, 49140 MiB, 279.05 W, 300.00 W, 71, 2505 MHz
2026/09/23 07:25:50.593, 0, 88 %, 77 %, 3589 MiB, 49140 MiB, 277.72 W, 300.00 W, 72, 2145 MHz
2026/09/23 07:25:51.594, 0, 91 %, 78 %, 3589 MiB, 49140 MiB, 279.88 W, 300.00 W, 71, 2355 MHz
2026/09/23 07:25:52.595, 0, 88 %, 76 %, 3589 MiB, 49140 MiB, 277.85 W, 300.00 W, 71, 2475 MHz
2026/09/23 07:25:53.595, 0, 90 %, 78 %, 3589 MiB, 49140 MiB, 278.41 W, 300.00 W, 72, 2325 MHz
2026/09/23 07:25:54.596, 0, 91 %, 78 %, 3589 MiB, 49140 MiB, 275.76 W, 300.00 W, 71, 2385 MHz
2026/09/23 07:25:55.597, 0, 95 %, 81 %, 3589 MiB, 49140 MiB, 276.75 W, 300.00 W, 73, 2340 MHz
2026/09/23 07:25:56.598, 0, 89 %, 77 %, 3589 MiB, 49140 MiB, 276.63 W, 300.00 W, 72, 2355 MHz
2026/09/23 07:25:57.598, 0, 91 %, 76 %, 3589 MiB, 49140 MiB, 280.27 W, 300.00 W, 72, 2310 MHz
2026/09/23 07:25:58.599, 0, 96 %, 82 %, 3589 MiB, 49140 MiB, 274.63 W, 300.00 W, 73, 2460 MHz
2026/09/23 07:25:59.600, 0, 0 %, 0 %, 3589 MiB, 49140 MiB, 166.64 W, 300.00 W, 66, 2745 MHz
2026/09/23 07:26:00.601, 0, 92 %, 78 %, 3589 MiB, 49140 MiB, 228.54 W, 300.00 W, 70, 2340 MHz
2026/09/23 07:26:01.602, 0, 94 %, 82 %, 3589 MiB, 49140 MiB, 275.86 W, 300.00 W, 72, 2445 MHz
2026/09/23 07:26:02.603, 0, 89 %, 77 %, 3589 MiB, 49140 MiB, 278.59 W, 300.00 W, 71, 2295 MHz
2026/09/23 07:26:03.604, 0, 82 %, 70 %, 3589 MiB, 49140 MiB, 275.83 W, 300.00 W, 71, 2445 MHz
2026/09/23 07:26:04.605, 0, 90 %, 79 %, 3589 MiB, 49140 MiB, 277.88 W, 300.00 W, 72, 2340 MHz
2026/09/23 07:26:05.605, 0, 89 %, 78 %, 3589 MiB, 49140 MiB, 278.42 W, 300.00 W, 71, 2115 MHz
2026/09/23 07:26:06.607, 0, 79 %, 69 %, 3589 MiB, 49140 MiB, 277.17 W, 300.00 W, 72, 2415 MHz
2026/09/23 07:26:07.607, 0, 93 %, 80 %, 3589 MiB, 49140 MiB, 279.75 W, 300.00 W, 72, 2340 MHz
2026/09/23 07:26:08.608, 0, 90 %, 78 %, 3589 MiB, 49140 MiB, 279.14 W, 300.00 W, 73, 2355 MHz
2026/09/23 07:26:09.609, 0, 93 %, 80 %, 3589 MiB, 49140 MiB, 278.29 W, 300.00 W, 73, 2490 MHz
2026/09/23 07:26:10.610, 0, 91 %, 80 %, 3589 MiB, 49140 MiB, 278.53 W, 300.00 W, 71, 2430 MHz
2026/09/23 07:26:11.611, 0, 92 %, 80 %, 3589 MiB, 49140 MiB, 274.03 W, 300.00 W, 73, 2520 MHz
2026/09/23 07:26:12.612, 0, 0 %, 0 %, 3589 MiB, 49140 MiB, 164.49 W, 300.00 W, 66, 2745 MHz
2026/09/23 07:26:13.613, 0, 88 %, 75 %, 3589 MiB, 49140 MiB, 218.76 W, 300.00 W, 70, 2400 MHz
2026/09/23 07:26:14.613, 0, 85 %, 73 %, 3589 MiB, 49140 MiB, 277.53 W, 300.00 W, 73, 2325 MHz
2026/09/23 07:26:15.616, 0, 92 %, 78 %, 3589 MiB, 49140 MiB, 278.04 W, 300.00 W, 73, 2295 MHz
2026/09/23 07:26:16.617, 0, 93 %, 81 %, 3589 MiB, 49140 MiB, 281.15 W, 300.00 W, 71, 2085 MHz
2026/09/23 07:26:17.617, 0, 89 %, 78 %, 3589 MiB, 49140 MiB, 279.44 W, 300.00 W, 71, 2415 MHz
2026/09/23 07:26:18.619, 0, 87 %, 75 %, 3589 MiB, 49140 MiB, 279.88 W, 300.00 W, 72, 2325 MHz
2026/09/23 07:26:19.619, 0, 89 %, 78 %, 3589 MiB, 49140 MiB, 277.20 W, 300.00 W, 72, 2415 MHz
2026/09/23 07:26:20.620, 0, 91 %, 77 %, 3589 MiB, 49140 MiB, 281.11 W, 300.00 W, 72, 2160 MHz
2026/09/23 07:26:21.621, 0, 91 %, 77 %, 3589 MiB, 49140 MiB, 278.53 W, 300.00 W, 72, 2400 MHz
2026/09/23 07:26:22.621, 0, 93 %, 81 %, 3589 MiB, 49140 MiB, 277.71 W, 300.00 W, 71, 2370 MHz
2026/09/23 07:26:23.624, 0, 89 %, 77 %, 3589 MiB, 49140 MiB, 278.05 W, 300.00 W, 72, 2340 MHz
2026/09/23 07:26:24.625, 0, 87 %, 75 %, 3589 MiB, 49140 MiB, 274.53 W, 300.00 W, 72, 2445 MHz
2026/09/23 07:26:25.625, 0, 0 %, 0 %, 3589 MiB, 49140 MiB, 147.09 W, 300.00 W, 66, 2745 MHz
2026/09/23 07:26:26.627, 0, 92 %, 81 %, 3589 MiB, 49140 MiB, 239.00 W, 300.00 W, 71, 2400 MHz
2026/09/23 07:26:27.628, 0, 90 %, 77 %, 3589 MiB, 49140 MiB, 279.26 W, 300.00 W, 71, 2370 MHz
2026/09/23 07:26:28.628, 0, 94 %, 81 %, 3589 MiB, 49140 MiB, 279.50 W, 300.00 W, 73, 2265 MHz
2026/09/23 07:26:29.629, 0, 94 %, 80 %, 3589 MiB, 49140 MiB, 279.85 W, 300.00 W, 72, 2310 MHz
2026/09/23 07:26:30.630, 0, 87 %, 75 %, 3589 MiB, 49140 MiB, 279.08 W, 300.00 W, 73, 2460 MHz
2026/09/23 07:26:31.631, 0, 91 %, 80 %, 3589 MiB, 49140 MiB, 277.13 W, 300.00 W, 72, 2190 MHz
2026/09/23 07:26:32.631, 0, 85 %, 74 %, 3589 MiB, 49140 MiB, 274.40 W, 300.00 W, 71, 2475 MHz
2026/09/23 07:26:33.632, 0, 88 %, 77 %, 3589 MiB, 49140 MiB, 276.05 W, 300.00 W, 72, 2370 MHz
2026/09/23 07:26:34.633, 0, 82 %, 72 %, 3589 MiB, 49140 MiB, 278.27 W, 300.00 W, 71, 2370 MHz
2026/09/23 07:26:35.635, 0, 92 %, 80 %, 3589 MiB, 49140 MiB, 279.11 W, 300.00 W, 73, 2355 MHz
2026/09/23 07:26:36.635, 0, 90 %, 78 %, 3589 MiB, 49140 MiB, 278.37 W, 300.00 W, 71, 2100 MHz
2026/09/23 07:26:37.638, 0, 91 %, 79 %, 3589 MiB, 49140 MiB, 272.54 W, 300.00 W, 73, 2685 MHz
2026/09/23 07:26:38.639, 0, 0 %, 0 %, 3589 MiB, 49140 MiB, 128.37 W, 300.00 W, 66, 2745 MHz
2026/09/23 07:26:39.641, 0, 89 %, 78 %, 3589 MiB, 49140 MiB, 260.88 W, 300.00 W, 71, 2475 MHz
2026/09/23 07:26:40.641, 0, 91 %, 79 %, 3589 MiB, 49140 MiB, 281.47 W, 300.00 W, 71, 2340 MHz
2026/09/23 07:26:41.642, 0, 95 %, 79 %, 3589 MiB, 49140 MiB, 282.35 W, 300.00 W, 71, 2325 MHz
2026/09/23 07:26:42.643, 0, 94 %, 80 %, 3589 MiB, 49140 MiB, 280.66 W, 300.00 W, 71, 2535 MHz
2026/09/23 07:26:43.643, 0, 90 %, 78 %, 3589 MiB, 49140 MiB, 281.44 W, 300.00 W, 72, 2340 MHz
2026/09/23 07:26:44.645, 0, 89 %, 77 %, 3589 MiB, 49140 MiB, 280.66 W, 300.00 W, 72, 2280 MHz
2026/09/23 07:26:45.646, 0, 89 %, 76 %, 3589 MiB, 49140 MiB, 282.90 W, 300.00 W, 72, 2145 MHz
2026/09/23 07:26:46.647, 0, 93 %, 78 %, 3589 MiB, 49140 MiB, 282.23 W, 300.00 W, 72, 2355 MHz
2026/09/23 07:26:47.648, 0, 90 %, 79 %, 3589 MiB, 49140 MiB, 281.08 W, 300.00 W, 71, 2505 MHz
2026/09/23 07:26:48.648, 0, 90 %, 78 %, 3589 MiB, 49140 MiB, 279.86 W, 300.00 W, 72, 2145 MHz
2026/09/23 07:26:49.649, 0, 86 %, 75 %, 3589 MiB, 49140 MiB, 279.92 W, 300.00 W, 72, 2370 MHz
2026/09/23 07:26:50.649, 0, 91 %, 78 %, 3589 MiB, 49140 MiB, 271.58 W, 300.00 W, 71, 2460 MHz
2026/09/23 07:26:51.651, 0, 0 %, 0 %, 3589 MiB, 49140 MiB, 128.23 W, 300.00 W, 66, 2370 MHz
2026/09/23 07:26:52.653, 0, 92 %, 80 %, 3589 MiB, 49140 MiB, 273.33 W, 300.00 W, 72, 2385 MHz
2026/09/23 07:26:53.654, 0, 89 %, 75 %, 3589 MiB, 49140 MiB, 283.63 W, 300.00 W, 71, 2355 MHz
2026/09/23 07:26:54.654, 0, 94 %, 81 %, 3589 MiB, 49140 MiB, 285.17 W, 300.00 W, 72, 2295 MHz
2026/09/23 07:26:55.655, 0, 92 %, 80 %, 3589 MiB, 49140 MiB, 282.68 W, 300.00 W, 71, 2415 MHz
2026/09/23 07:26:56.656, 0, 93 %, 80 %, 3589 MiB, 49140 MiB, 283.80 W, 300.00 W, 71, 2385 MHz
2026/09/23 07:26:57.657, 0, 93 %, 81 %, 3589 MiB, 49140 MiB, 284.48 W, 300.00 W, 71, 2295 MHz
2026/09/23 07:26:58.658, 0, 88 %, 75 %, 3589 MiB, 49140 MiB, 284.57 W, 300.00 W, 72, 2415 MHz
2026/09/23 07:26:59.658, 0, 91 %, 78 %, 3589 MiB, 49140 MiB, 282.88 W, 300.00 W, 71, 2340 MHz
2026/09/23 07:27:00.659, 0, 91 %, 78 %, 3589 MiB, 49140 MiB, 283.26 W, 300.00 W, 72, 2430 MHz
2026/09/23 07:27:01.660, 0, 95 %, 79 %, 3589 MiB, 49140 MiB, 284.10 W, 300.00 W, 71, 2340 MHz
2026/09/23 07:27:02.661, 0, 92 %, 77 %, 3589 MiB, 49140 MiB, 285.58 W, 300.00 W, 72, 2310 MHz
2026/09/23 07:27:03.662, 0, 68 %, 44 %, 3589 MiB, 49140 MiB, 272.52 W, 300.00 W, 69, 2730 MHz
2026/09/23 07:27:04.663, 0, 0 %, 0 %, 3589 MiB, 49140 MiB, 132.64 W, 300.00 W, 71, 2355 MHz
2026/09/23 07:27:05.663, 0, 91 %, 79 %, 3589 MiB, 49140 MiB, 272.08 W, 300.00 W, 72, 2400 MHz
2026/09/23 07:27:06.664, 0, 88 %, 76 %, 3589 MiB, 49140 MiB, 279.64 W, 300.00 W, 71, 2145 MHz
2026/09/23 07:27:07.665, 0, 87 %, 76 %, 3589 MiB, 49140 MiB, 277.53 W, 300.00 W, 71, 2295 MHz
2026/09/23 07:27:08.666, 0, 89 %, 77 %, 3589 MiB, 49140 MiB, 276.44 W, 300.00 W, 71, 2445 MHz
2026/09/23 07:27:09.666, 0, 91 %, 77 %, 3589 MiB, 49140 MiB, 281.26 W, 300.00 W, 72, 2325 MHz
2026/09/23 07:27:10.668, 0, 91 %, 78 %, 3589 MiB, 49140 MiB, 280.56 W, 300.00 W, 72, 2295 MHz
2026/09/23 07:27:11.669, 0, 88 %, 77 %, 3589 MiB, 49140 MiB, 279.33 W, 300.00 W, 71, 2340 MHz
2026/09/23 07:27:12.670, 0, 86 %, 75 %, 3589 MiB, 49140 MiB, 278.31 W, 300.00 W, 71, 2280 MHz
2026/09/23 07:27:13.671, 0, 91 %, 79 %, 3589 MiB, 49140 MiB, 280.13 W, 300.00 W, 72, 2130 MHz
2026/09/23 07:27:14.671, 0, 85 %, 73 %, 3589 MiB, 49140 MiB, 280.15 W, 300.00 W, 71, 2340 MHz
2026/09/23 07:27:15.673, 0, 94 %, 80 %, 3589 MiB, 49140 MiB, 280.45 W, 300.00 W, 71, 2145 MHz
2026/09/23 07:27:16.674, 0, 61 %, 39 %, 3589 MiB, 49140 MiB, 245.88 W, 300.00 W, 67, 2730 MHz
2026/09/23 07:27:17.674, 0, 0 %, 0 %, 3589 MiB, 49140 MiB, 134.79 W, 300.00 W, 71, 2115 MHz
2026/09/23 07:27:18.676, 0, 90 %, 78 %, 3589 MiB, 49140 MiB, 277.62 W, 300.00 W, 73, 2505 MHz
2026/09/23 07:27:19.677, 0, 90 %, 76 %, 3589 MiB, 49140 MiB, 276.08 W, 300.00 W, 72, 2400 MHz
2026/09/23 07:27:20.677, 0, 93 %, 82 %, 3589 MiB, 49140 MiB, 279.17 W, 300.00 W, 71, 2145 MHz
2026/09/23 07:27:21.678, 0, 96 %, 83 %, 3589 MiB, 49140 MiB, 277.17 W, 300.00 W, 72, 2310 MHz
2026/09/23 07:27:22.679, 0, 87 %, 75 %, 3589 MiB, 49140 MiB, 276.31 W, 300.00 W, 73, 2445 MHz
2026/09/23 07:27:23.680, 0, 87 %, 75 %, 3589 MiB, 49140 MiB, 278.59 W, 300.00 W, 72, 2295 MHz
2026/09/23 07:27:24.681, 0, 93 %, 81 %, 3589 MiB, 49140 MiB, 278.24 W, 300.00 W, 71, 2355 MHz
2026/09/23 07:27:25.681, 0, 90 %, 78 %, 3589 MiB, 49140 MiB, 278.38 W, 300.00 W, 71, 2355 MHz
2026/09/23 07:27:26.682, 0, 91 %, 78 %, 3589 MiB, 49140 MiB, 279.58 W, 300.00 W, 71, 2310 MHz
2026/09/23 07:27:27.683, 0, 90 %, 79 %, 3589 MiB, 49140 MiB, 277.64 W, 300.00 W, 72, 2430 MHz
2026/09/23 07:27:28.685, 0, 86 %, 75 %, 3589 MiB, 49140 MiB, 277.33 W, 300.00 W, 71, 2205 MHz
2026/09/23 07:27:29.685, 0, 68 %, 43 %, 3589 MiB, 49140 MiB, 236.70 W, 300.00 W, 67, 2745 MHz
2026/09/23 07:27:30.686, 0, 0 %, 0 %, 3589 MiB, 49140 MiB, 142.05 W, 300.00 W, 72, 2415 MHz
2026/09/23 07:27:31.687, 0, 90 %, 79 %, 3589 MiB, 49140 MiB, 276.74 W, 300.00 W, 71, 2265 MHz
2026/09/23 07:27:32.688, 0, 91 %, 79 %, 3589 MiB, 49140 MiB, 278.69 W, 300.00 W, 72, 2310 MHz
2026/09/23 07:27:33.689, 0, 86 %, 75 %, 3589 MiB, 49140 MiB, 278.76 W, 300.00 W, 72, 2310 MHz
2026/09/23 07:27:34.690, 0, 88 %, 77 %, 3589 MiB, 49140 MiB, 273.92 W, 300.00 W, 71, 2445 MHz
2026/09/23 07:27:35.691, 0, 93 %, 77 %, 3589 MiB, 49140 MiB, 280.60 W, 300.00 W, 71, 2355 MHz
2026/09/23 07:27:36.692, 0, 91 %, 78 %, 3589 MiB, 49140 MiB, 276.23 W, 300.00 W, 72, 2190 MHz
2026/09/23 07:27:37.692, 0, 88 %, 77 %, 3589 MiB, 49140 MiB, 281.08 W, 300.00 W, 71, 2205 MHz
2026/09/23 07:27:38.693, 0, 92 %, 78 %, 3589 MiB, 49140 MiB, 281.99 W, 300.00 W, 71, 2340 MHz
2026/09/23 07:27:39.694, 0, 86 %, 74 %, 3589 MiB, 49140 MiB, 280.15 W, 300.00 W, 71, 2445 MHz
2026/09/23 07:27:40.694, 0, 86 %, 75 %, 3589 MiB, 49140 MiB, 282.05 W, 300.00 W, 72, 2340 MHz
2026/09/23 07:27:41.695, 0, 92 %, 78 %, 3589 MiB, 49140 MiB, 280.08 W, 300.00 W, 72, 2460 MHz
2026/09/23 07:27:42.696, 0, 70 %, 44 %, 3589 MiB, 49140 MiB, 238.87 W, 300.00 W, 67, 2745 MHz
2026/09/23 07:27:43.696, 0, 0 %, 0 %, 3589 MiB, 49140 MiB, 146.79 W, 300.00 W, 72, 2445 MHz
2026/09/23 07:27:44.698, 0, 89 %, 77 %, 3589 MiB, 49140 MiB, 280.83 W, 300.00 W, 71, 2340 MHz
2026/09/23 07:27:45.698, 0, 88 %, 76 %, 3589 MiB, 49140 MiB, 281.83 W, 300.00 W, 72, 2355 MHz
2026/09/23 07:27:46.699, 0, 87 %, 76 %, 3589 MiB, 49140 MiB, 281.30 W, 300.00 W, 72, 2325 MHz
2026/09/23 07:27:47.700, 0, 89 %, 77 %, 3589 MiB, 49140 MiB, 280.04 W, 300.00 W, 71, 2370 MHz
2026/09/23 07:27:48.701, 0, 91 %, 79 %, 3589 MiB, 49140 MiB, 282.69 W, 300.00 W, 71, 2460 MHz
2026/09/23 07:27:49.702, 0, 95 %, 84 %, 3589 MiB, 49140 MiB, 281.55 W, 300.00 W, 73, 2445 MHz
2026/09/23 07:27:50.703, 0, 92 %, 80 %, 3589 MiB, 49140 MiB, 281.78 W, 300.00 W, 73, 2400 MHz
2026/09/23 07:27:51.704, 0, 78 %, 69 %, 3589 MiB, 49140 MiB, 281.69 W, 300.00 W, 73, 2175 MHz
2026/09/23 07:27:52.704, 0, 90 %, 79 %, 3589 MiB, 49140 MiB, 282.55 W, 300.00 W, 73, 2250 MHz
2026/09/23 07:27:53.705, 0, 91 %, 80 %, 3589 MiB, 49140 MiB, 281.82 W, 300.00 W, 71, 2550 MHz
2026/09/23 07:27:54.705, 0, 83 %, 71 %, 3589 MiB, 49140 MiB, 279.30 W, 300.00 W, 73, 2175 MHz
2026/09/23 07:27:55.706, 0, 72 %, 46 %, 3589 MiB, 49140 MiB, 226.40 W, 300.00 W, 67, 2745 MHz
2026/09/23 07:27:56.707, 0, 0 %, 0 %, 3589 MiB, 49140 MiB, 157.10 W, 300.00 W, 71, 2415 MHz
2026/09/23 07:27:57.708, 0, 87 %, 76 %, 3589 MiB, 49140 MiB, 277.63 W, 300.00 W, 71, 2355 MHz
2026/09/23 07:27:58.709, 0, 88 %, 75 %, 3589 MiB, 49140 MiB, 277.86 W, 300.00 W, 73, 2370 MHz
2026/09/23 07:27:59.710, 0, 89 %, 78 %, 3589 MiB, 49140 MiB, 277.92 W, 300.00 W, 71, 2145 MHz
2026/09/23 07:28:00.710, 0, 90 %, 78 %, 3589 MiB, 49140 MiB, 279.25 W, 300.00 W, 71, 2340 MHz
2026/09/23 07:28:01.711, 0, 91 %, 78 %, 3589 MiB, 49140 MiB, 279.37 W, 300.00 W, 72, 2220 MHz
2026/09/23 07:28:02.712, 0, 90 %, 76 %, 3589 MiB, 49140 MiB, 280.31 W, 300.00 W, 72, 2190 MHz
2026/09/23 07:28:03.713, 0, 90 %, 78 %, 3589 MiB, 49140 MiB, 277.90 W, 300.00 W, 72, 2430 MHz
2026/09/23 07:28:04.714, 0, 91 %, 80 %, 3589 MiB, 49140 MiB, 280.01 W, 300.00 W, 71, 2355 MHz
2026/09/23 07:28:05.715, 0, 87 %, 75 %, 3589 MiB, 49140 MiB, 275.15 W, 300.00 W, 71, 2325 MHz
2026/09/23 07:28:06.715, 0, 91 %, 79 %, 3589 MiB, 49140 MiB, 278.47 W, 300.00 W, 71, 2325 MHz
2026/09/23 07:28:07.716, 0, 87 %, 75 %, 3589 MiB, 49140 MiB, 279.14 W, 300.00 W, 71, 2430 MHz
2026/09/23 07:28:08.716, 0, 56 %, 36 %, 3589 MiB, 49140 MiB, 215.03 W, 300.00 W, 67, 2745 MHz
2026/09/23 07:28:09.717, 0, 0 %, 0 %, 3589 MiB, 49140 MiB, 168.19 W, 300.00 W, 72, 2370 MHz
2026/09/23 07:28:10.718, 0, 91 %, 77 %, 3589 MiB, 49140 MiB, 282.79 W, 300.00 W, 73, 2175 MHz
2026/09/23 07:28:11.719, 0, 94 %, 80 %, 3589 MiB, 49140 MiB, 279.61 W, 300.00 W, 72, 2445 MHz
2026/09/23 07:28:12.719, 0, 92 %, 80 %, 3589 MiB, 49140 MiB, 281.61 W, 300.00 W, 72, 2385 MHz
2026/09/23 07:28:13.720, 0, 85 %, 74 %, 3589 MiB, 49140 MiB, 280.46 W, 300.00 W, 72, 2370 MHz
2026/09/23 07:28:14.721, 0, 86 %, 74 %, 3589 MiB, 49140 MiB, 281.07 W, 300.00 W, 72, 2385 MHz
2026/09/23 07:28:15.722, 0, 89 %, 77 %, 3589 MiB, 49140 MiB, 282.74 W, 300.00 W, 72, 2160 MHz
2026/09/23 07:28:16.723, 0, 91 %, 79 %, 3589 MiB, 49140 MiB, 283.74 W, 300.00 W, 71, 2385 MHz
2026/09/23 07:28:17.724, 0, 91 %, 80 %, 3589 MiB, 49140 MiB, 280.83 W, 300.00 W, 72, 2475 MHz
2026/09/23 07:28:18.725, 0, 93 %, 81 %, 3589 MiB, 49140 MiB, 282.67 W, 300.00 W, 73, 2265 MHz
2026/09/23 07:28:19.725, 0, 90 %, 79 %, 3589 MiB, 49140 MiB, 282.77 W, 300.00 W, 72, 2250 MHz
2026/09/23 07:28:20.726, 0, 93 %, 82 %, 3589 MiB, 49140 MiB, 283.03 W, 300.00 W, 73, 2355 MHz
2026/09/23 07:28:21.727, 0, 60 %, 39 %, 3589 MiB, 49140 MiB, 204.38 W, 300.00 W, 67, 2745 MHz
2026/09/23 07:28:22.727, 0, 30 %, 24 %, 3589 MiB, 49140 MiB, 183.30 W, 300.00 W, 71, 2370 MHz
2026/09/23 07:28:23.728, 0, 89 %, 77 %, 3589 MiB, 49140 MiB, 280.54 W, 300.00 W, 71, 2475 MHz
2026/09/23 07:28:24.729, 0, 87 %, 76 %, 3589 MiB, 49140 MiB, 279.29 W, 300.00 W, 71, 2565 MHz
2026/09/23 07:28:25.730, 0, 86 %, 75 %, 3589 MiB, 49140 MiB, 282.27 W, 300.00 W, 72, 2415 MHz
2026/09/23 07:28:26.731, 0, 93 %, 81 %, 3589 MiB, 49140 MiB, 282.04 W, 300.00 W, 72, 2415 MHz
2026/09/23 07:28:27.731, 0, 85 %, 73 %, 3589 MiB, 49140 MiB, 279.99 W, 300.00 W, 72, 2295 MHz
2026/09/23 07:28:28.733, 0, 89 %, 77 %, 3589 MiB, 49140 MiB, 280.15 W, 300.00 W, 73, 2430 MHz
2026/09/23 07:28:29.735, 0, 90 %, 78 %, 3589 MiB, 49140 MiB, 281.41 W, 300.00 W, 72, 2145 MHz
2026/09/23 07:28:30.737, 0, 89 %, 78 %, 3589 MiB, 49140 MiB, 281.07 W, 300.00 W, 71, 2130 MHz
2026/09/23 07:28:31.738, 0, 91 %, 78 %, 3589 MiB, 49140 MiB, 281.47 W, 300.00 W, 71, 2355 MHz
2026/09/23 07:28:32.739, 0, 92 %, 79 %, 3589 MiB, 49140 MiB, 281.80 W, 300.00 W, 72, 2505 MHz
2026/09/23 07:28:33.739, 0, 91 %, 77 %, 3589 MiB, 49140 MiB, 280.26 W, 300.00 W, 73, 2505 MHz
2026/09/23 07:28:34.740, 0, 69 %, 45 %, 3589 MiB, 49140 MiB, 195.97 W, 300.00 W, 67, 2745 MHz
2026/09/23 07:28:35.741, 0, 81 %, 70 %, 3589 MiB, 49140 MiB, 190.35 W, 300.00 W, 71, 2475 MHz
2026/09/23 07:28:36.742, 0, 93 %, 80 %, 3589 MiB, 49140 MiB, 281.46 W, 300.00 W, 71, 2370 MHz
2026/09/23 07:28:37.743, 0, 91 %, 79 %, 3589 MiB, 49140 MiB, 283.16 W, 300.00 W, 72, 2310 MHz
2026/09/23 07:28:38.744, 0, 87 %, 76 %, 3589 MiB, 49140 MiB, 280.66 W, 300.00 W, 72, 2490 MHz
2026/09/23 07:28:39.745, 0, 87 %, 75 %, 3589 MiB, 49140 MiB, 280.87 W, 300.00 W, 71, 2400 MHz
2026/09/23 07:28:40.746, 0, 89 %, 78 %, 3589 MiB, 49140 MiB, 281.42 W, 300.00 W, 71, 2325 MHz
2026/09/23 07:28:41.746, 0, 94 %, 83 %, 3589 MiB, 49140 MiB, 282.41 W, 300.00 W, 71, 2205 MHz
2026/09/23 07:28:42.747, 0, 89 %, 77 %, 3589 MiB, 49140 MiB, 282.29 W, 300.00 W, 72, 2160 MHz
2026/09/23 07:28:43.748, 0, 84 %, 73 %, 3589 MiB, 49140 MiB, 281.21 W, 300.00 W, 73, 2445 MHz
2026/09/23 07:28:44.749, 0, 89 %, 78 %, 3589 MiB, 49140 MiB, 280.27 W, 300.00 W, 72, 2475 MHz
2026/09/23 07:28:45.750, 0, 91 %, 80 %, 3589 MiB, 49140 MiB, 281.59 W, 300.00 W, 73, 2460 MHz
2026/09/23 07:28:46.751, 0, 87 %, 75 %, 3589 MiB, 49140 MiB, 279.94 W, 300.00 W, 72, 2565 MHz
2026/09/23 07:28:47.751, 0, 50 %, 32 %, 3589 MiB, 49140 MiB, 180.31 W, 300.00 W, 66, 2745 MHz
2026/09/23 07:28:48.752, 0, 85 %, 74 %, 3589 MiB, 49140 MiB, 198.46 W, 300.00 W, 72, 2355 MHz
2026/09/23 07:28:49.753, 0, 85 %, 74 %, 3589 MiB, 49140 MiB, 281.65 W, 300.00 W, 72, 2445 MHz
2026/09/23 07:28:50.754, 0, 91 %, 80 %, 3589 MiB, 49140 MiB, 281.03 W, 300.00 W, 71, 2400 MHz
2026/09/23 07:28:51.755, 0, 89 %, 77 %, 3589 MiB, 49140 MiB, 282.07 W, 300.00 W, 71, 2445 MHz
2026/09/23 07:28:52.756, 0, 93 %, 79 %, 3589 MiB, 49140 MiB, 283.11 W, 300.00 W, 72, 2370 MHz
2026/09/23 07:28:53.757, 0, 87 %, 75 %, 3589 MiB, 49140 MiB, 281.95 W, 300.00 W, 72, 2520 MHz
2026/09/23 07:28:54.758, 0, 88 %, 76 %, 3589 MiB, 49140 MiB, 283.59 W, 300.00 W, 71, 2160 MHz
2026/09/23 07:28:55.758, 0, 90 %, 78 %, 3589 MiB, 49140 MiB, 283.55 W, 300.00 W, 72, 2235 MHz
2026/09/23 07:28:56.759, 0, 92 %, 77 %, 3589 MiB, 49140 MiB, 283.59 W, 300.00 W, 73, 2370 MHz
2026/09/23 07:28:57.760, 0, 90 %, 78 %, 3589 MiB, 49140 MiB, 282.79 W, 300.00 W, 73, 2445 MHz
2026/09/23 07:28:58.761, 0, 90 %, 79 %, 3589 MiB, 49140 MiB, 281.56 W, 300.00 W, 72, 2265 MHz
2026/09/23 07:28:59.761, 0, 94 %, 83 %, 3589 MiB, 49140 MiB, 276.59 W, 300.00 W, 73, 2565 MHz
2026/09/23 07:29:00.762, 0, 0 %, 0 %, 3589 MiB, 49140 MiB, 164.76 W, 300.00 W, 66, 2745 MHz
2026/09/23 07:29:01.762, 0, 77 %, 68 %, 3589 MiB, 49140 MiB, 212.75 W, 300.00 W, 71, 2250 MHz
2026/09/23 07:29:02.763, 0, 89 %, 77 %, 3589 MiB, 49140 MiB, 279.33 W, 300.00 W, 71, 2250 MHz
2026/09/23 07:29:03.763, 0, 89 %, 77 %, 3589 MiB, 49140 MiB, 278.39 W, 300.00 W, 72, 2430 MHz
2026/09/23 07:29:04.764, 0, 89 %, 77 %, 3589 MiB, 49140 MiB, 278.74 W, 300.00 W, 72, 2310 MHz
2026/09/23 07:29:05.766, 0, 88 %, 75 %, 3589 MiB, 49140 MiB, 276.52 W, 300.00 W, 72, 2445 MHz
2026/09/23 07:29:06.766, 0, 92 %, 81 %, 3589 MiB, 49140 MiB, 277.45 W, 300.00 W, 72, 2475 MHz
2026/09/23 07:29:07.767, 0, 89 %, 75 %, 3589 MiB, 49140 MiB, 277.26 W, 300.00 W, 70, 2250 MHz
2026/09/23 07:29:08.768, 0, 91 %, 78 %, 3589 MiB, 49140 MiB, 278.30 W, 300.00 W, 72, 2445 MHz
2026/09/23 07:29:09.769, 0, 94 %, 83 %, 3589 MiB, 49140 MiB, 279.52 W, 300.00 W, 72, 2295 MHz
2026/09/23 07:29:10.770, 0, 90 %, 79 %, 3589 MiB, 49140 MiB, 278.18 W, 300.00 W, 72, 2385 MHz
2026/09/23 07:29:11.772, 0, 91 %, 79 %, 3589 MiB, 49140 MiB, 279.06 W, 300.00 W, 72, 2460 MHz
2026/09/23 07:29:12.772, 0, 89 %, 77 %, 3589 MiB, 49140 MiB, 273.23 W, 300.00 W, 73, 2460 MHz
2026/09/23 07:29:13.773, 0, 0 %, 0 %, 3589 MiB, 49140 MiB, 159.85 W, 300.00 W, 66, 2745 MHz
2026/09/23 07:29:14.774, 0, 85 %, 74 %, 3589 MiB, 49140 MiB, 226.70 W, 300.00 W, 70, 2205 MHz
2026/09/23 07:29:15.775, 0, 85 %, 74 %, 3589 MiB, 49140 MiB, 279.07 W, 300.00 W, 72, 2385 MHz
2026/09/23 07:29:16.776, 0, 89 %, 78 %, 3589 MiB, 49140 MiB, 279.06 W, 300.00 W, 72, 2430 MHz
2026/09/23 07:29:17.776, 0, 88 %, 77 %, 3589 MiB, 49140 MiB, 278.28 W, 300.00 W, 71, 2265 MHz
2026/09/23 07:29:18.777, 0, 92 %, 80 %, 3589 MiB, 49140 MiB, 279.08 W, 300.00 W, 71, 2325 MHz
2026/09/23 07:29:19.778, 0, 90 %, 77 %, 3589 MiB, 49140 MiB, 279.01 W, 300.00 W, 72, 2370 MHz
2026/09/23 07:29:20.780, 0, 84 %, 73 %, 3589 MiB, 49140 MiB, 279.25 W, 300.00 W, 72, 2235 MHz
2026/09/23 07:29:21.781, 0, 91 %, 79 %, 3589 MiB, 49140 MiB, 280.25 W, 300.00 W, 72, 2445 MHz
2026/09/23 07:29:22.782, 0, 96 %, 79 %, 3589 MiB, 49140 MiB, 279.21 W, 300.00 W, 71, 2430 MHz
2026/09/23 07:29:23.782, 0, 86 %, 75 %, 3589 MiB, 49140 MiB, 276.58 W, 300.00 W, 72, 2370 MHz
2026/09/23 07:29:24.783, 0, 88 %, 77 %, 3589 MiB, 49140 MiB, 279.54 W, 300.00 W, 72, 2385 MHz
2026/09/23 07:29:25.784, 0, 93 %, 81 %, 3589 MiB, 49140 MiB, 273.08 W, 300.00 W, 72, 2595 MHz
2026/09/23 07:29:26.785, 0, 0 %, 0 %, 3589 MiB, 49140 MiB, 145.40 W, 300.00 W, 66, 2745 MHz
2026/09/23 07:29:27.786, 0, 88 %, 77 %, 3589 MiB, 49140 MiB, 243.35 W, 300.00 W, 72, 2340 MHz
2026/09/23 07:29:28.786, 0, 92 %, 81 %, 3589 MiB, 49140 MiB, 278.86 W, 300.00 W, 71, 2475 MHz
2026/09/23 07:29:29.787, 0, 90 %, 79 %, 3589 MiB, 49140 MiB, 278.13 W, 300.00 W, 72, 2310 MHz
2026/09/23 07:29:30.788, 0, 88 %, 75 %, 3589 MiB, 49140 MiB, 277.54 W, 300.00 W, 70, 2535 MHz
2026/09/23 07:29:31.789, 0, 91 %, 78 %, 3589 MiB, 49140 MiB, 279.13 W, 300.00 W, 72, 2400 MHz
2026/09/23 07:29:32.790, 0, 90 %, 78 %, 3589 MiB, 49140 MiB, 279.77 W, 300.00 W, 72, 2340 MHz
2026/09/23 07:29:33.791, 0, 91 %, 79 %, 3589 MiB, 49140 MiB, 279.46 W, 300.00 W, 71, 2325 MHz
2026/09/23 07:29:34.792, 0, 91 %, 79 %, 3589 MiB, 49140 MiB, 277.50 W, 300.00 W, 71, 2340 MHz
2026/09/23 07:29:35.793, 0, 91 %, 79 %, 3589 MiB, 49140 MiB, 279.34 W, 300.00 W, 71, 2445 MHz
2026/09/23 07:29:36.793, 0, 92 %, 79 %, 3589 MiB, 49140 MiB, 280.49 W, 300.00 W, 71, 2385 MHz
2026/09/23 07:29:37.794, 0, 93 %, 81 %, 3589 MiB, 49140 MiB, 281.77 W, 300.00 W, 72, 2355 MHz
2026/09/23 07:29:38.795, 0, 91 %, 80 %, 3589 MiB, 49140 MiB, 273.29 W, 300.00 W, 73, 2640 MHz
2026/09/23 07:29:39.795, 0, 0 %, 0 %, 3589 MiB, 49140 MiB, 130.80 W, 300.00 W, 70, 2460 MHz
2026/09/23 07:29:40.796, 0, 91 %, 77 %, 3589 MiB, 49140 MiB, 283.01 W, 300.00 W, 71, 2520 MHz
2026/09/23 07:29:41.798, 0, 90 %, 78 %, 3589 MiB, 49140 MiB, 282.44 W, 300.00 W, 72, 2160 MHz
2026/09/23 07:29:42.798, 0, 93 %, 78 %, 3589 MiB, 49140 MiB, 281.85 W, 300.00 W, 71, 2505 MHz
2026/09/23 07:29:43.799, 0, 94 %, 80 %, 3589 MiB, 49140 MiB, 285.29 W, 300.00 W, 71, 2460 MHz
2026/09/23 07:29:44.799, 0, 91 %, 78 %, 3589 MiB, 49140 MiB, 283.73 W, 300.00 W, 71, 2475 MHz
2026/09/23 07:29:45.800, 0, 90 %, 77 %, 3589 MiB, 49140 MiB, 283.19 W, 300.00 W, 71, 2310 MHz
2026/09/23 07:29:46.801, 0, 88 %, 77 %, 3589 MiB, 49140 MiB, 283.20 W, 300.00 W, 72, 2475 MHz
2026/09/23 07:29:47.802, 0, 91 %, 76 %, 3589 MiB, 49140 MiB, 281.91 W, 300.00 W, 71, 2460 MHz
2026/09/23 07:29:48.802, 0, 87 %, 75 %, 3589 MiB, 49140 MiB, 282.29 W, 300.00 W, 73, 2325 MHz
2026/09/23 07:29:49.803, 0, 89 %, 78 %, 3589 MiB, 49140 MiB, 283.84 W, 300.00 W, 72, 2175 MHz
2026/09/23 07:29:50.804, 0, 91 %, 79 %, 3589 MiB, 49140 MiB, 281.37 W, 300.00 W, 72, 2400 MHz
2026/09/23 07:29:51.805, 0, 85 %, 72 %, 3589 MiB, 49140 MiB, 271.54 W, 300.00 W, 72, 2640 MHz
2026/09/23 07:29:52.806, 0, 0 %, 0 %, 3589 MiB, 49140 MiB, 125.99 W, 300.00 W, 71, 2505 MHz
2026/09/23 07:29:53.807, 0, 91 %, 80 %, 3589 MiB, 49140 MiB, 279.82 W, 300.00 W, 71, 2460 MHz
2026/09/23 07:29:54.807, 0, 88 %, 76 %, 3589 MiB, 49140 MiB, 281.60 W, 300.00 W, 71, 2400 MHz
2026/09/23 07:29:55.809, 0, 92 %, 80 %, 3589 MiB, 49140 MiB, 280.38 W, 300.00 W, 73, 2370 MHz
2026/09/23 07:29:56.809, 0, 87 %, 76 %, 3589 MiB, 49140 MiB, 282.27 W, 300.00 W, 71, 2505 MHz
2026/09/23 07:29:57.810, 0, 89 %, 75 %, 3589 MiB, 49140 MiB, 281.72 W, 300.00 W, 71, 2460 MHz
2026/09/23 07:29:58.811, 0, 93 %, 79 %, 3589 MiB, 49140 MiB, 282.14 W, 300.00 W, 72, 2475 MHz
2026/09/23 07:29:59.813, 0, 82 %, 71 %, 3589 MiB, 49140 MiB, 280.77 W, 300.00 W, 72, 2250 MHz
2026/09/23 07:30:00.814, 0, 84 %, 74 %, 3589 MiB, 49140 MiB, 280.40 W, 300.00 W, 72, 2325 MHz
2026/09/23 07:30:01.815, 0, 94 %, 80 %, 3589 MiB, 49140 MiB, 280.44 W, 300.00 W, 71, 2355 MHz
2026/09/23 07:30:02.816, 0, 90 %, 77 %, 3589 MiB, 49140 MiB, 281.85 W, 300.00 W, 73, 2055 MHz
2026/09/23 07:30:03.817, 0, 89 %, 77 %, 3589 MiB, 49140 MiB, 280.50 W, 300.00 W, 73, 2370 MHz
2026/09/23 07:30:04.818, 0, 61 %, 39 %, 3589 MiB, 49140 MiB, 267.48 W, 300.00 W, 73, 2520 MHz
2026/09/23 07:30:05.818, 0, 0 %, 0 %, 3589 MiB, 49140 MiB, 125.60 W, 300.00 W, 71, 2355 MHz
2026/09/23 07:30:06.819, 0, 92 %, 80 %, 3589 MiB, 49140 MiB, 277.37 W, 300.00 W, 72, 2235 MHz
2026/09/23 07:30:07.820, 0, 88 %, 78 %, 3589 MiB, 49140 MiB, 277.45 W, 300.00 W, 71, 2520 MHz
2026/09/23 07:30:08.821, 0, 92 %, 81 %, 3589 MiB, 49140 MiB, 276.57 W, 300.00 W, 71, 2370 MHz
2026/09/23 07:30:09.822, 0, 91 %, 79 %, 3589 MiB, 49140 MiB, 277.35 W, 300.00 W, 73, 2460 MHz
2026/09/23 07:30:10.823, 0, 92 %, 79 %, 3589 MiB, 49140 MiB, 276.73 W, 300.00 W, 72, 2370 MHz
2026/09/23 07:30:11.823, 0, 92 %, 80 %, 3589 MiB, 49140 MiB, 278.35 W, 300.00 W, 72, 2415 MHz
2026/09/23 07:30:12.825, 0, 88 %, 78 %, 3589 MiB, 49140 MiB, 279.68 W, 300.00 W, 72, 2460 MHz
2026/09/23 07:30:13.826, 0, 88 %, 77 %, 3589 MiB, 49140 MiB, 277.50 W, 300.00 W, 72, 2340 MHz
2026/09/23 07:30:14.827, 0, 90 %, 79 %, 3589 MiB, 49140 MiB, 279.64 W, 300.00 W, 73, 2460 MHz
2026/09/23 07:30:15.827, 0, 88 %, 76 %, 3589 MiB, 49140 MiB, 280.04 W, 300.00 W, 71, 2355 MHz
2026/09/23 07:30:16.828, 0, 92 %, 78 %, 3589 MiB, 49140 MiB, 278.35 W, 300.00 W, 72, 2265 MHz
2026/09/23 07:30:17.829, 0, 73 %, 46 %, 3589 MiB, 49140 MiB, 255.89 W, 300.00 W, 72, 2730 MHz
2026/09/23 07:30:18.829, 0, 0 %, 0 %, 3589 MiB, 49140 MiB, 108.92 W, 300.00 W, 66, 2745 MHz
2026/09/23 07:30:19.830, 0, 90 %, 77 %, 3589 MiB, 49140 MiB, 220.32 W, 300.00 W, 71, 2145 MHz
2026/09/23 07:30:20.831, 0, 95 %, 80 %, 3589 MiB, 49140 MiB, 277.75 W, 300.00 W, 71, 2370 MHz
2026/09/23 07:30:21.832, 0, 90 %, 79 %, 3589 MiB, 49140 MiB, 277.52 W, 300.00 W, 72, 2430 MHz
2026/09/23 07:30:22.833, 0, 89 %, 78 %, 3589 MiB, 49140 MiB, 277.43 W, 300.00 W, 71, 2415 MHz
2026/09/23 07:30:23.834, 0, 85 %, 74 %, 3589 MiB, 49140 MiB, 276.18 W, 300.00 W, 71, 2250 MHz
2026/09/23 07:30:24.835, 0, 91 %, 79 %, 3589 MiB, 49140 MiB, 276.91 W, 300.00 W, 71, 2325 MHz
2026/09/23 07:30:25.836, 0, 96 %, 81 %, 3589 MiB, 49140 MiB, 276.86 W, 300.00 W, 72, 2475 MHz
2026/09/23 07:30:26.836, 0, 87 %, 76 %, 3589 MiB, 49140 MiB, 276.97 W, 300.00 W, 73, 2475 MHz
2026/09/23 07:30:27.837, 0, 90 %, 80 %, 3589 MiB, 49140 MiB, 278.29 W, 300.00 W, 72, 2175 MHz
2026/09/23 07:30:28.837, 0, 86 %, 74 %, 3589 MiB, 49140 MiB, 278.57 W, 300.00 W, 70, 2280 MHz
2026/09/23 07:30:29.838, 0, 93 %, 79 %, 3589 MiB, 49140 MiB, 279.04 W, 300.00 W, 72, 2400 MHz
2026/09/23 07:30:30.839, 0, 94 %, 80 %, 3589 MiB, 49140 MiB, 276.06 W, 300.00 W, 72, 2520 MHz
2026/09/23 07:30:31.839, 0, 0 %, 0 %, 3589 MiB, 49140 MiB, 151.52 W, 300.00 W, 66, 2745 MHz
2026/09/23 07:30:32.840, 0, 92 %, 78 %, 3589 MiB, 49140 MiB, 235.94 W, 300.00 W, 70, 2385 MHz
2026/09/23 07:30:33.841, 0, 92 %, 81 %, 3589 MiB, 49140 MiB, 280.00 W, 300.00 W, 71, 2385 MHz
2026/09/23 07:30:34.842, 0, 85 %, 73 %, 3589 MiB, 49140 MiB, 278.02 W, 300.00 W, 71, 2415 MHz
2026/09/23 07:30:35.843, 0, 93 %, 82 %, 3589 MiB, 49140 MiB, 279.26 W, 300.00 W, 71, 2160 MHz
2026/09/23 07:30:36.844, 0, 88 %, 74 %, 3589 MiB, 49140 MiB, 279.26 W, 300.00 W, 71, 2325 MHz
2026/09/23 07:30:37.845, 0, 90 %, 77 %, 3589 MiB, 49140 MiB, 278.20 W, 300.00 W, 71, 2385 MHz
2026/09/23 07:30:38.846, 0, 89 %, 78 %, 3589 MiB, 49140 MiB, 280.06 W, 300.00 W, 72, 2370 MHz
2026/09/23 07:30:39.847, 0, 90 %, 77 %, 3589 MiB, 49140 MiB, 278.95 W, 300.00 W, 73, 2430 MHz
2026/09/23 07:30:40.847, 0, 90 %, 78 %, 3589 MiB, 49140 MiB, 278.76 W, 300.00 W, 72, 2325 MHz
2026/09/23 07:30:41.848, 0, 92 %, 79 %, 3589 MiB, 49140 MiB, 278.17 W, 300.00 W, 72, 2325 MHz
2026/09/23 07:30:42.849, 0, 92 %, 81 %, 3589 MiB, 49140 MiB, 279.42 W, 300.00 W, 72, 2325 MHz
2026/09/23 07:30:43.850, 0, 91 %, 78 %, 3589 MiB, 49140 MiB, 273.12 W, 300.00 W, 71, 2670 MHz
2026/09/23 07:30:44.850, 0, 0 %, 0 %, 3589 MiB, 49140 MiB, 133.86 W, 300.00 W, 66, 2745 MHz
2026/09/23 07:30:45.851, 0, 90 %, 79 %, 3589 MiB, 49140 MiB, 253.33 W, 300.00 W, 72, 2460 MHz
2026/09/23 07:30:46.851, 0, 88 %, 78 %, 3589 MiB, 49140 MiB, 274.36 W, 300.00 W, 70, 2370 MHz
2026/09/23 07:30:47.852, 0, 93 %, 79 %, 3589 MiB, 49140 MiB, 278.92 W, 300.00 W, 72, 2475 MHz
2026/09/23 07:30:48.854, 0, 85 %, 74 %, 3589 MiB, 49140 MiB, 278.71 W, 300.00 W, 71, 2130 MHz
2026/09/23 07:30:49.854, 0, 88 %, 77 %, 3589 MiB, 49140 MiB, 278.50 W, 300.00 W, 71, 2160 MHz
2026/09/23 07:30:50.855, 0, 95 %, 80 %, 3589 MiB, 49140 MiB, 277.16 W, 300.00 W, 71, 2430 MHz
2026/09/23 07:30:51.857, 0, 91 %, 78 %, 3589 MiB, 49140 MiB, 279.98 W, 300.00 W, 72, 2400 MHz
2026/09/23 07:30:52.857, 0, 92 %, 78 %, 3589 MiB, 49140 MiB, 279.51 W, 300.00 W, 71, 2430 MHz
2026/09/23 07:30:53.858, 0, 90 %, 79 %, 3589 MiB, 49140 MiB, 279.66 W, 300.00 W, 71, 2430 MHz
2026/09/23 07:30:54.859, 0, 90 %, 77 %, 3589 MiB, 49140 MiB, 275.29 W, 300.00 W, 71, 2325 MHz
2026/09/23 07:30:55.860, 0, 92 %, 82 %, 3589 MiB, 49140 MiB, 277.39 W, 300.00 W, 73, 2295 MHz
2026/09/23 07:30:56.861, 0, 81 %, 71 %, 3589 MiB, 49140 MiB, 270.05 W, 300.00 W, 71, 2625 MHz
2026/09/23 07:30:57.861, 0, 0 %, 0 %, 3589 MiB, 49140 MiB, 130.81 W, 300.00 W, 66, 2445 MHz
2026/09/23 07:30:58.862, 0, 90 %, 78 %, 3589 MiB, 49140 MiB, 271.51 W, 300.00 W, 72, 2520 MHz
2026/09/23 07:30:59.863, 0, 91 %, 78 %, 3589 MiB, 49140 MiB, 276.81 W, 300.00 W, 72, 2460 MHz
2026/09/23 07:31:00.865, 0, 93 %, 78 %, 3589 MiB, 49140 MiB, 280.50 W, 300.00 W, 71, 2430 MHz
2026/09/23 07:31:01.865, 0, 91 %, 80 %, 3589 MiB, 49140 MiB, 278.46 W, 300.00 W, 72, 2220 MHz
2026/09/23 07:31:02.866, 0, 87 %, 76 %, 3589 MiB, 49140 MiB, 278.35 W, 300.00 W, 71, 2400 MHz
2026/09/23 07:31:03.866, 0, 93 %, 80 %, 3589 MiB, 49140 MiB, 278.77 W, 300.00 W, 71, 2460 MHz
2026/09/23 07:31:04.867, 0, 89 %, 78 %, 3589 MiB, 49140 MiB, 278.26 W, 300.00 W, 71, 2325 MHz
2026/09/23 07:31:05.868, 0, 92 %, 79 %, 3589 MiB, 49140 MiB, 277.50 W, 300.00 W, 72, 2490 MHz
2026/09/23 07:31:06.869, 0, 86 %, 72 %, 3589 MiB, 49140 MiB, 280.24 W, 300.00 W, 72, 2385 MHz
2026/09/23 07:31:07.870, 0, 90 %, 79 %, 3589 MiB, 49140 MiB, 279.62 W, 300.00 W, 71, 2190 MHz
2026/09/23 07:31:08.872, 0, 95 %, 83 %, 3589 MiB, 49140 MiB, 280.05 W, 300.00 W, 71, 2340 MHz
2026/09/23 07:31:09.873, 0, 59 %, 37 %, 3589 MiB, 49140 MiB, 265.68 W, 300.00 W, 72, 2700 MHz
2026/09/23 07:31:10.873, 0, 0 %, 0 %, 3589 MiB, 49140 MiB, 129.47 W, 300.00 W, 70, 2490 MHz
2026/09/23 07:31:11.874, 0, 90 %, 77 %, 3589 MiB, 49140 MiB, 282.87 W, 300.00 W, 72, 2250 MHz
2026/09/23 07:31:12.875, 0, 86 %, 74 %, 3589 MiB, 49140 MiB, 283.45 W, 300.00 W, 72, 2355 MHz
2026/09/23 07:31:13.877, 0, 90 %, 77 %, 3589 MiB, 49140 MiB, 283.35 W, 300.00 W, 72, 2460 MHz
2026/09/23 07:31:14.878, 0, 85 %, 75 %, 3589 MiB, 49140 MiB, 282.52 W, 300.00 W, 72, 2430 MHz
2026/09/23 07:31:15.880, 0, 89 %, 76 %, 3589 MiB, 49140 MiB, 283.78 W, 300.00 W, 71, 2205 MHz
2026/09/23 07:31:16.881, 0, 89 %, 80 %, 3589 MiB, 49140 MiB, 282.96 W, 300.00 W, 73, 2385 MHz
2026/09/23 07:31:17.881, 0, 89 %, 79 %, 3589 MiB, 49140 MiB, 283.84 W, 300.00 W, 72, 2430 MHz
2026/09/23 07:31:18.883, 0, 86 %, 73 %, 3589 MiB, 49140 MiB, 285.35 W, 300.00 W, 72, 2430 MHz
2026/09/23 07:31:19.883, 0, 92 %, 77 %, 3589 MiB, 49140 MiB, 283.33 W, 300.00 W, 71, 2280 MHz
2026/09/23 07:31:20.884, 0, 90 %, 78 %, 3589 MiB, 49140 MiB, 284.47 W, 300.00 W, 71, 2175 MHz
2026/09/23 07:31:21.885, 0, 90 %, 77 %, 3589 MiB, 49140 MiB, 283.27 W, 300.00 W, 72, 2310 MHz
2026/09/23 07:31:22.886, 0, 62 %, 39 %, 3589 MiB, 49140 MiB, 264.19 W, 300.00 W, 68, 2730 MHz
2026/09/23 07:31:23.887, 0, 0 %, 0 %, 3589 MiB, 49140 MiB, 132.51 W, 300.00 W, 71, 2415 MHz
2026/09/23 07:31:24.888, 0, 89 %, 74 %, 3589 MiB, 49140 MiB, 277.62 W, 300.00 W, 71, 2310 MHz
2026/09/23 07:31:25.889, 0, 91 %, 78 %, 3589 MiB, 49140 MiB, 276.67 W, 300.00 W, 72, 2250 MHz
2026/09/23 07:31:26.890, 0, 90 %, 78 %, 3589 MiB, 49140 MiB, 277.62 W, 300.00 W, 72, 2505 MHz
2026/09/23 07:31:27.891, 0, 90 %, 80 %, 3589 MiB, 49140 MiB, 276.44 W, 300.00 W, 72, 2400 MHz
2026/09/23 07:31:28.892, 0, 90 %, 77 %, 3589 MiB, 49140 MiB, 278.51 W, 300.00 W, 71, 2280 MHz
2026/09/23 07:31:29.893, 0, 92 %, 79 %, 3589 MiB, 49140 MiB, 278.71 W, 300.00 W, 71, 2265 MHz
2026/09/23 07:31:30.894, 0, 89 %, 76 %, 3589 MiB, 49140 MiB, 278.92 W, 300.00 W, 72, 2325 MHz
2026/09/23 07:31:31.895, 0, 90 %, 80 %, 3589 MiB, 49140 MiB, 278.56 W, 300.00 W, 72, 2445 MHz
2026/09/23 07:31:32.895, 0, 85 %, 74 %, 3589 MiB, 49140 MiB, 277.60 W, 300.00 W, 71, 2175 MHz
2026/09/23 07:31:33.896, 0, 90 %, 79 %, 3589 MiB, 49140 MiB, 277.98 W, 300.00 W, 73, 2400 MHz
2026/09/23 07:31:34.898, 0, 93 %, 79 %, 3589 MiB, 49140 MiB, 276.58 W, 300.00 W, 72, 2370 MHz
2026/09/23 07:31:35.898, 0, 75 %, 47 %, 3589 MiB, 49140 MiB, 252.13 W, 300.00 W, 67, 2730 MHz
2026/09/23 07:31:36.899, 0, 0 %, 0 %, 3589 MiB, 49140 MiB, 129.76 W, 300.00 W, 71, 2460 MHz
2026/09/23 07:31:37.899, 0, 89 %, 79 %, 3589 MiB, 49140 MiB, 281.46 W, 300.00 W, 71, 2460 MHz
2026/09/23 07:31:38.900, 0, 86 %, 75 %, 3589 MiB, 49140 MiB, 282.51 W, 300.00 W, 72, 2430 MHz
2026/09/23 07:31:39.900, 0, 92 %, 81 %, 3589 MiB, 49140 MiB, 282.62 W, 300.00 W, 73, 2415 MHz
2026/09/23 07:31:40.902, 0, 90 %, 77 %, 3589 MiB, 49140 MiB, 283.14 W, 300.00 W, 73, 2460 MHz
2026/09/23 07:31:41.903, 0, 85 %, 74 %, 3589 MiB, 49140 MiB, 283.92 W, 300.00 W, 71, 2385 MHz
2026/09/23 07:31:42.905, 0, 93 %, 79 %, 3589 MiB, 49140 MiB, 282.27 W, 300.00 W, 72, 2370 MHz
2026/09/23 07:31:43.906, 0, 87 %, 77 %, 3589 MiB, 49140 MiB, 281.71 W, 300.00 W, 73, 2520 MHz
2026/09/23 07:31:44.906, 0, 94 %, 79 %, 3589 MiB, 49140 MiB, 281.74 W, 300.00 W, 72, 2445 MHz
2026/09/23 07:31:45.907, 0, 89 %, 79 %, 3589 MiB, 49140 MiB, 284.74 W, 300.00 W, 71, 2145 MHz
2026/09/23 07:31:46.908, 0, 91 %, 80 %, 3589 MiB, 49140 MiB, 284.44 W, 300.00 W, 73, 2190 MHz
2026/09/23 07:31:47.910, 0, 93 %, 80 %, 3589 MiB, 49140 MiB, 283.98 W, 300.00 W, 72, 2370 MHz
2026/09/23 07:31:48.910, 0, 71 %, 46 %, 3589 MiB, 49140 MiB, 242.05 W, 300.00 W, 67, 2745 MHz
2026/09/23 07:31:49.911, 0, 0 %, 0 %, 3589 MiB, 49140 MiB, 147.29 W, 300.00 W, 71, 2445 MHz
2026/09/23 07:31:50.912, 0, 90 %, 79 %, 3589 MiB, 49140 MiB, 283.45 W, 300.00 W, 71, 2385 MHz
2026/09/23 07:31:51.914, 0, 91 %, 76 %, 3589 MiB, 49140 MiB, 282.87 W, 300.00 W, 71, 2445 MHz
2026/09/23 07:31:52.915, 0, 92 %, 79 %, 3589 MiB, 49140 MiB, 280.34 W, 300.00 W, 70, 2370 MHz
2026/09/23 07:31:53.916, 0, 92 %, 80 %, 3589 MiB, 49140 MiB, 280.20 W, 300.00 W, 71, 2340 MHz
2026/09/23 07:31:54.917, 0, 94 %, 82 %, 3589 MiB, 49140 MiB, 282.18 W, 300.00 W, 72, 2460 MHz
2026/09/23 07:31:55.918, 0, 88 %, 76 %, 3589 MiB, 49140 MiB, 281.03 W, 300.00 W, 72, 2400 MHz
2026/09/23 07:31:56.918, 0, 91 %, 78 %, 3589 MiB, 49140 MiB, 282.47 W, 300.00 W, 71, 2370 MHz
2026/09/23 07:31:57.919, 0, 87 %, 74 %, 3589 MiB, 49140 MiB, 281.76 W, 300.00 W, 72, 2400 MHz
2026/09/23 07:31:58.920, 0, 90 %, 79 %, 3589 MiB, 49140 MiB, 278.58 W, 300.00 W, 72, 2490 MHz
2026/09/23 07:31:59.921, 0, 92 %, 81 %, 3589 MiB, 49140 MiB, 281.37 W, 300.00 W, 72, 2370 MHz
2026/09/23 07:32:00.922, 0, 90 %, 79 %, 3589 MiB, 49140 MiB, 282.42 W, 300.00 W, 72, 2415 MHz
2026/09/23 07:32:01.922, 0, 61 %, 40 %, 3589 MiB, 49140 MiB, 213.16 W, 300.00 W, 67, 2745 MHz
2026/09/23 07:32:02.923, 0, 35 %, 31 %, 3589 MiB, 49140 MiB, 184.59 W, 300.00 W, 72, 2115 MHz
2026/09/23 07:32:03.924, 0, 89 %, 78 %, 3589 MiB, 49140 MiB, 284.36 W, 300.00 W, 72, 2385 MHz
2026/09/23 07:32:04.925, 0, 93 %, 78 %, 3589 MiB, 49140 MiB, 282.65 W, 300.00 W, 71, 2415 MHz
2026/09/23 07:32:05.926, 0, 93 %, 82 %, 3589 MiB, 49140 MiB, 283.43 W, 300.00 W, 71, 2520 MHz
2026/09/23 07:32:06.928, 0, 94 %, 81 %, 3589 MiB, 49140 MiB, 283.50 W, 300.00 W, 72, 2355 MHz
2026/09/23 07:32:07.928, 0, 83 %, 73 %, 3589 MiB, 49140 MiB, 282.53 W, 300.00 W, 72, 2520 MHz
2026/09/23 07:32:08.929, 0, 92 %, 80 %, 3589 MiB, 49140 MiB, 283.61 W, 300.00 W, 72, 2415 MHz
2026/09/23 07:32:09.929, 0, 92 %, 80 %, 3589 MiB, 49140 MiB, 283.35 W, 300.00 W, 73, 2205 MHz
2026/09/23 07:32:10.931, 0, 90 %, 80 %, 3589 MiB, 49140 MiB, 284.86 W, 300.00 W, 73, 2130 MHz
2026/09/23 07:32:11.931, 0, 94 %, 80 %, 3589 MiB, 49140 MiB, 283.16 W, 300.00 W, 72, 2400 MHz
2026/09/23 07:32:12.933, 0, 91 %, 77 %, 3589 MiB, 49140 MiB, 285.11 W, 300.00 W, 71, 2475 MHz
2026/09/23 07:32:13.934, 0, 89 %, 78 %, 3589 MiB, 49140 MiB, 280.06 W, 300.00 W, 71, 2700 MHz
2026/09/23 07:32:14.935, 0, 48 %, 32 %, 3589 MiB, 49140 MiB, 194.90 W, 300.00 W, 66, 2745 MHz
2026/09/23 07:32:15.935, 0, 72 %, 62 %, 3589 MiB, 49140 MiB, 187.57 W, 300.00 W, 72, 2265 MHz
2026/09/23 07:32:16.936, 0, 91 %, 78 %, 3589 MiB, 49140 MiB, 278.63 W, 300.00 W, 71, 2460 MHz
2026/09/23 07:32:17.937, 0, 90 %, 77 %, 3589 MiB, 49140 MiB, 277.76 W, 300.00 W, 72, 2355 MHz
2026/09/23 07:32:18.938, 0, 90 %, 77 %, 3589 MiB, 49140 MiB, 278.07 W, 300.00 W, 72, 2385 MHz
2026/09/23 07:32:19.938, 0, 93 %, 80 %, 3589 MiB, 49140 MiB, 279.05 W, 300.00 W, 73, 2370 MHz
2026/09/23 07:32:20.939, 0, 90 %, 78 %, 3589 MiB, 49140 MiB, 279.48 W, 300.00 W, 71, 2370 MHz
2026/09/23 07:32:21.940, 0, 95 %, 80 %, 3589 MiB, 49140 MiB, 277.39 W, 300.00 W, 71, 2415 MHz
2026/09/23 07:32:22.941, 0, 89 %, 77 %, 3589 MiB, 49140 MiB, 276.22 W, 300.00 W, 72, 2415 MHz
2026/09/23 07:32:23.942, 0, 93 %, 77 %, 3589 MiB, 49140 MiB, 278.92 W, 300.00 W, 71, 2415 MHz
2026/09/23 07:32:24.942, 0, 90 %, 75 %, 3589 MiB, 49140 MiB, 278.08 W, 300.00 W, 71, 2460 MHz
2026/09/23 07:32:25.943, 0, 88 %, 75 %, 3589 MiB, 49140 MiB, 278.91 W, 300.00 W, 73, 2190 MHz
2026/09/23 07:32:26.944, 0, 91 %, 81 %, 3589 MiB, 49140 MiB, 275.61 W, 300.00 W, 73, 2640 MHz
2026/09/23 07:32:27.945, 0, 21 %, 13 %, 3589 MiB, 49140 MiB, 165.01 W, 300.00 W, 66, 2550 MHz
2026/09/23 07:32:28.946, 0, 91 %, 80 %, 3589 MiB, 49140 MiB, 207.96 W, 300.00 W, 72, 2235 MHz
2026/09/23 07:32:29.947, 0, 89 %, 77 %, 3589 MiB, 49140 MiB, 278.12 W, 300.00 W, 71, 2355 MHz
2026/09/23 07:32:30.947, 0, 90 %, 78 %, 3589 MiB, 49140 MiB, 272.95 W, 300.00 W, 71, 2445 MHz
2026/09/23 07:32:31.949, 0, 87 %, 77 %, 3589 MiB, 49140 MiB, 274.01 W, 300.00 W, 70, 2340 MHz
2026/09/23 07:32:32.950, 0, 92 %, 81 %, 3589 MiB, 49140 MiB, 278.93 W, 300.00 W, 71, 2415 MHz
2026/09/23 07:32:33.950, 0, 93 %, 78 %, 3589 MiB, 49140 MiB, 276.67 W, 300.00 W, 70, 2415 MHz
2026/09/23 07:32:34.951, 0, 91 %, 78 %, 3589 MiB, 49140 MiB, 273.79 W, 300.00 W, 72, 2220 MHz
2026/09/23 07:32:35.952, 0, 93 %, 79 %, 3589 MiB, 49140 MiB, 272.65 W, 300.00 W, 72, 2475 MHz
2026/09/23 07:32:36.952, 0, 94 %, 80 %, 3589 MiB, 49140 MiB, 276.39 W, 300.00 W, 72, 2505 MHz
2026/09/23 07:32:37.954, 0, 90 %, 76 %, 3589 MiB, 49140 MiB, 277.92 W, 300.00 W, 72, 2355 MHz
2026/09/23 07:32:38.955, 0, 92 %, 79 %, 3589 MiB, 49140 MiB, 278.55 W, 300.00 W, 72, 2310 MHz
2026/09/23 07:32:39.955, 0, 88 %, 78 %, 3589 MiB, 49140 MiB, 274.30 W, 300.00 W, 72, 2550 MHz
2026/09/23 07:32:40.956, 0, 0 %, 0 %, 3589 MiB, 49140 MiB, 162.58 W, 300.00 W, 66, 2745 MHz
2026/09/23 07:32:41.956, 0, 89 %, 76 %, 3589 MiB, 49140 MiB, 219.11 W, 300.00 W, 72, 2340 MHz
2026/09/23 07:32:42.957, 0, 90 %, 81 %, 3589 MiB, 49140 MiB, 281.28 W, 300.00 W, 71, 2475 MHz
2026/09/23 07:32:43.958, 0, 90 %, 75 %, 3589 MiB, 49140 MiB, 281.16 W, 300.00 W, 72, 2235 MHz
2026/09/23 07:32:44.959, 0, 88 %, 77 %, 3589 MiB, 49140 MiB, 280.63 W, 300.00 W, 71, 2460 MHz
2026/09/23 07:32:45.960, 0, 82 %, 72 %, 3589 MiB, 49140 MiB, 280.55 W, 300.00 W, 72, 2385 MHz
2026/09/23 07:32:46.961, 0, 93 %, 79 %, 3589 MiB, 49140 MiB, 282.87 W, 300.00 W, 72, 2355 MHz
2026/09/23 07:32:47.963, 0, 89 %, 78 %, 3589 MiB, 49140 MiB, 280.83 W, 300.00 W, 72, 2160 MHz
2026/09/23 07:32:48.964, 0, 85 %, 75 %, 3589 MiB, 49140 MiB, 281.72 W, 300.00 W, 71, 2460 MHz
2026/09/23 07:32:49.964, 0, 88 %, 76 %, 3589 MiB, 49140 MiB, 282.63 W, 300.00 W, 71, 2235 MHz
2026/09/23 07:32:50.966, 0, 92 %, 78 %, 3589 MiB, 49140 MiB, 279.96 W, 300.00 W, 73, 2415 MHz
2026/09/23 07:32:51.967, 0, 90 %, 76 %, 3589 MiB, 49140 MiB, 279.06 W, 300.00 W, 72, 2130 MHz
2026/09/23 07:32:52.968, 0, 91 %, 78 %, 3589 MiB, 49140 MiB, 277.66 W, 300.00 W, 73, 2565 MHz
2026/09/23 07:32:53.968, 0, 0 %, 0 %, 3589 MiB, 49140 MiB, 163.04 W, 300.00 W, 66, 2745 MHz
2026/09/23 07:32:54.969, 0, 83 %, 74 %, 3589 MiB, 49140 MiB, 235.19 W, 300.00 W, 71, 2505 MHz
2026/09/23 07:32:55.970, 0, 90 %, 79 %, 3589 MiB, 49140 MiB, 280.71 W, 300.00 W, 71, 2370 MHz
2026/09/23 07:32:56.970, 0, 93 %, 81 %, 3589 MiB, 49140 MiB, 281.95 W, 300.00 W, 71, 2355 MHz
2026/09/23 07:32:57.971, 0, 88 %, 75 %, 3589 MiB, 49140 MiB, 281.89 W, 300.00 W, 73, 2370 MHz
2026/09/23 07:32:58.973, 0, 83 %, 71 %, 3589 MiB, 49140 MiB, 278.23 W, 300.00 W, 72, 2505 MHz
2026/09/23 07:32:59.974, 0, 84 %, 74 %, 3589 MiB, 49140 MiB, 280.95 W, 300.00 W, 72, 2505 MHz
2026/09/23 07:33:00.975, 0, 92 %, 80 %, 3589 MiB, 49140 MiB, 283.19 W, 300.00 W, 73, 2340 MHz
2026/09/23 07:33:01.976, 0, 92 %, 82 %, 3589 MiB, 49140 MiB, 283.11 W, 300.00 W, 73, 2325 MHz
2026/09/23 07:33:02.977, 0, 92 %, 79 %, 3589 MiB, 49140 MiB, 282.90 W, 300.00 W, 73, 2460 MHz
2026/09/23 07:33:03.978, 0, 91 %, 81 %, 3589 MiB, 49140 MiB, 283.16 W, 300.00 W, 72, 2475 MHz
2026/09/23 07:33:04.978, 0, 92 %, 82 %, 3589 MiB, 49140 MiB, 283.84 W, 300.00 W, 72, 2475 MHz
2026/09/23 07:33:05.979, 0, 90 %, 77 %, 3589 MiB, 49140 MiB, 277.10 W, 300.00 W, 73, 2475 MHz
2026/09/23 07:33:06.979, 0, 0 %, 0 %, 3589 MiB, 49140 MiB, 144.33 W, 300.00 W, 66, 2745 MHz
2026/09/23 07:33:07.980, 0, 93 %, 79 %, 3589 MiB, 49140 MiB, 249.59 W, 300.00 W, 71, 2175 MHz
2026/09/23 07:33:08.981, 0, 85 %, 74 %, 3589 MiB, 49140 MiB, 280.34 W, 300.00 W, 71, 2190 MHz
2026/09/23 07:33:09.984, 0, 95 %, 82 %, 3589 MiB, 49140 MiB, 279.74 W, 300.00 W, 72, 2415 MHz
2026/09/23 07:33:10.985, 0, 88 %, 78 %, 3589 MiB, 49140 MiB, 282.08 W, 300.00 W, 73, 2310 MHz
2026/09/23 07:33:11.985, 0, 90 %, 80 %, 3589 MiB, 49140 MiB, 281.52 W, 300.00 W, 72, 2385 MHz
2026/09/23 07:33:12.986, 0, 88 %, 73 %, 3589 MiB, 49140 MiB, 279.91 W, 300.00 W, 71, 2205 MHz
2026/09/23 07:33:13.987, 0, 89 %, 77 %, 3589 MiB, 49140 MiB, 282.11 W, 300.00 W, 71, 2370 MHz
2026/09/23 07:33:14.987, 0, 90 %, 78 %, 3589 MiB, 49140 MiB, 281.74 W, 300.00 W, 72, 2400 MHz
2026/09/23 07:33:15.989, 0, 92 %, 79 %, 3589 MiB, 49140 MiB, 282.85 W, 300.00 W, 72, 2385 MHz
2026/09/23 07:33:16.990, 0, 89 %, 76 %, 3589 MiB, 49140 MiB, 281.27 W, 300.00 W, 72, 2445 MHz
2026/09/23 07:33:17.990, 0, 85 %, 73 %, 3589 MiB, 49140 MiB, 281.19 W, 300.00 W, 72, 2175 MHz
2026/09/23 07:33:18.991, 0, 90 %, 78 %, 3589 MiB, 49140 MiB, 271.32 W, 300.00 W, 71, 2655 MHz
2026/09/23 07:33:19.991, 0, 0 %, 0 %, 3589 MiB, 49140 MiB, 133.33 W, 300.00 W, 70, 2535 MHz
2026/09/23 07:33:20.993, 0, 94 %, 80 %, 3589 MiB, 49140 MiB, 268.13 W, 300.00 W, 72, 2190 MHz
2026/09/23 07:33:21.993, 0, 88 %, 77 %, 3589 MiB, 49140 MiB, 280.62 W, 300.00 W, 72, 2520 MHz
2026/09/23 07:33:22.995, 0, 92 %, 79 %, 3589 MiB, 49140 MiB, 281.88 W, 300.00 W, 73, 2355 MHz
2026/09/23 07:33:23.996, 0, 89 %, 79 %, 3589 MiB, 49140 MiB, 279.61 W, 300.00 W, 72, 2190 MHz
2026/09/23 07:33:24.997, 0, 86 %, 75 %, 3589 MiB, 49140 MiB, 280.94 W, 300.00 W, 72, 2490 MHz
2026/09/23 07:33:25.998, 0, 91 %, 81 %, 3589 MiB, 49140 MiB, 280.90 W, 300.00 W, 71, 2475 MHz
2026/09/23 07:33:26.999, 0, 95 %, 81 %, 3589 MiB, 49140 MiB, 283.71 W, 300.00 W, 72, 2445 MHz
2026/09/23 07:33:27.999, 0, 93 %, 80 %, 3589 MiB, 49140 MiB, 280.43 W, 300.00 W, 71, 2370 MHz
2026/09/23 07:33:29.001, 0, 87 %, 75 %, 3589 MiB, 49140 MiB, 281.29 W, 300.00 W, 72, 2505 MHz
2026/09/23 07:33:30.002, 0, 91 %, 81 %, 3589 MiB, 49140 MiB, 279.54 W, 300.00 W, 72, 2385 MHz
2026/09/23 07:33:31.003, 0, 86 %, 75 %, 3589 MiB, 49140 MiB, 280.38 W, 300.00 W, 73, 2190 MHz
2026/09/23 07:33:32.004, 0, 94 %, 83 %, 3589 MiB, 49140 MiB, 273.19 W, 300.00 W, 72, 2625 MHz
2026/09/23 07:33:33.004, 0, 0 %, 0 %, 3589 MiB, 49140 MiB, 131.84 W, 300.00 W, 70, 2385 MHz
2026/09/23 07:33:34.005, 0, 92 %, 81 %, 3589 MiB, 49140 MiB, 271.19 W, 300.00 W, 70, 2370 MHz
2026/09/23 07:33:35.005, 0, 89 %, 77 %, 3589 MiB, 49140 MiB, 278.02 W, 300.00 W, 72, 2175 MHz
2026/09/23 07:33:36.006, 0, 90 %, 79 %, 3589 MiB, 49140 MiB, 277.64 W, 300.00 W, 71, 2430 MHz
2026/09/23 07:33:37.007, 0, 91 %, 77 %, 3589 MiB, 49140 MiB, 279.61 W, 300.00 W, 72, 2355 MHz
2026/09/23 07:33:38.008, 0, 92 %, 77 %, 3589 MiB, 49140 MiB, 278.39 W, 300.00 W, 72, 2430 MHz
2026/09/23 07:33:39.009, 0, 90 %, 78 %, 3589 MiB, 49140 MiB, 278.41 W, 300.00 W, 72, 2325 MHz
2026/09/23 07:33:40.010, 0, 87 %, 76 %, 3589 MiB, 49140 MiB, 277.61 W, 300.00 W, 71, 2370 MHz
2026/09/23 07:33:41.013, 0, 90 %, 77 %, 3589 MiB, 49140 MiB, 280.51 W, 300.00 W, 73, 2235 MHz
2026/09/23 07:33:42.014, 0, 92 %, 79 %, 3589 MiB, 49140 MiB, 278.98 W, 300.00 W, 72, 2325 MHz
2026/09/23 07:33:43.014, 0, 90 %, 77 %, 3589 MiB, 49140 MiB, 278.46 W, 300.00 W, 72, 2385 MHz
2026/09/23 07:33:44.016, 0, 93 %, 82 %, 3589 MiB, 49140 MiB, 278.66 W, 300.00 W, 70, 2445 MHz
2026/09/23 07:33:45.017, 0, 69 %, 44 %, 3589 MiB, 49140 MiB, 268.16 W, 300.00 W, 70, 2730 MHz
2026/09/23 07:33:46.017, 0, 0 %, 0 %, 3589 MiB, 49140 MiB, 119.43 W, 300.00 W, 71, 2430 MHz
2026/09/23 07:33:47.019, 0, 88 %, 76 %, 3589 MiB, 49140 MiB, 275.94 W, 300.00 W, 70, 2505 MHz
2026/09/23 07:33:48.020, 0, 90 %, 77 %, 3589 MiB, 49140 MiB, 278.13 W, 300.00 W, 72, 2310 MHz
2026/09/23 07:33:49.020, 0, 93 %, 80 %, 3589 MiB, 49140 MiB, 280.21 W, 300.00 W, 72, 2355 MHz
2026/09/23 07:33:50.021, 0, 84 %, 74 %, 3589 MiB, 49140 MiB, 279.83 W, 300.00 W, 72, 2190 MHz
2026/09/23 07:33:51.021, 0, 90 %, 79 %, 3589 MiB, 49140 MiB, 278.75 W, 300.00 W, 72, 2370 MHz
2026/09/23 07:33:52.022, 0, 89 %, 77 %, 3589 MiB, 49140 MiB, 276.21 W, 300.00 W, 71, 2475 MHz
2026/09/23 07:33:53.023, 0, 87 %, 75 %, 3589 MiB, 49140 MiB, 279.07 W, 300.00 W, 72, 2430 MHz
2026/09/23 07:33:54.024, 0, 91 %, 77 %, 3589 MiB, 49140 MiB, 277.20 W, 300.00 W, 71, 2445 MHz
2026/09/23 07:33:55.025, 0, 92 %, 80 %, 3589 MiB, 49140 MiB, 275.93 W, 300.00 W, 71, 2475 MHz
2026/09/23 07:33:56.027, 0, 92 %, 81 %, 3589 MiB, 49140 MiB, 276.53 W, 300.00 W, 73, 2205 MHz
2026/09/23 07:33:57.027, 0, 89 %, 78 %, 3589 MiB, 49140 MiB, 276.82 W, 300.00 W, 71, 2505 MHz
2026/09/23 07:33:58.028, 0, 64 %, 41 %, 3589 MiB, 49140 MiB, 250.39 W, 300.00 W, 70, 2730 MHz
2026/09/23 07:33:59.028, 0, 0 %, 0 %, 3589 MiB, 49140 MiB, 133.49 W, 300.00 W, 71, 2400 MHz
2026/09/23 07:34:00.029, 0, 88 %, 77 %, 3589 MiB, 49140 MiB, 280.65 W, 300.00 W, 71, 2445 MHz
2026/09/23 07:34:01.030, 0, 89 %, 78 %, 3589 MiB, 49140 MiB, 283.59 W, 300.00 W, 72, 2235 MHz
2026/09/23 07:34:02.031, 0, 90 %, 78 %, 3589 MiB, 49140 MiB, 281.34 W, 300.00 W, 71, 2520 MHz
2026/09/23 07:34:03.031, 0, 86 %, 75 %, 3589 MiB, 49140 MiB, 278.92 W, 300.00 W, 71, 2385 MHz
2026/09/23 07:34:04.032, 0, 86 %, 76 %, 3589 MiB, 49140 MiB, 283.66 W, 300.00 W, 71, 2400 MHz
2026/09/23 07:34:05.033, 0, 85 %, 74 %, 3589 MiB, 49140 MiB, 280.75 W, 300.00 W, 71, 2400 MHz
2026/09/23 07:34:06.034, 0, 88 %, 77 %, 3589 MiB, 49140 MiB, 282.66 W, 300.00 W, 73, 2145 MHz
2026/09/23 07:34:07.035, 0, 88 %, 77 %, 3589 MiB, 49140 MiB, 281.93 W, 300.00 W, 73, 2385 MHz
2026/09/23 07:34:08.037, 0, 90 %, 78 %, 3589 MiB, 49140 MiB, 281.79 W, 300.00 W, 72, 2490 MHz
2026/09/23 07:34:09.039, 0, 91 %, 79 %, 3589 MiB, 49140 MiB, 281.93 W, 300.00 W, 72, 2445 MHz
2026/09/23 07:34:10.040, 0, 93 %, 81 %, 3589 MiB, 49140 MiB, 280.88 W, 300.00 W, 72, 2340 MHz
2026/09/23 07:34:11.040, 0, 76 %, 48 %, 3589 MiB, 49140 MiB, 271.49 W, 300.00 W, 68, 2730 MHz
2026/09/23 07:34:12.041, 0, 0 %, 0 %, 3589 MiB, 49140 MiB, 132.96 W, 300.00 W, 71, 2445 MHz
2026/09/23 07:34:13.042, 0, 90 %, 79 %, 3589 MiB, 49140 MiB, 280.76 W, 300.00 W, 71, 2400 MHz
2026/09/23 07:34:14.042, 0, 90 %, 76 %, 3589 MiB, 49140 MiB, 279.06 W, 300.00 W, 71, 2385 MHz
2026/09/23 07:34:15.043, 0, 93 %, 77 %, 3589 MiB, 49140 MiB, 277.41 W, 300.00 W, 73, 2130 MHz
2026/09/23 07:34:16.044, 0, 91 %, 77 %, 3589 MiB, 49140 MiB, 278.66 W, 300.00 W, 73, 2190 MHz
2026/09/23 07:34:17.045, 0, 88 %, 77 %, 3589 MiB, 49140 MiB, 276.21 W, 300.00 W, 72, 2385 MHz
2026/09/23 07:34:18.046, 0, 86 %, 75 %, 3589 MiB, 49140 MiB, 277.84 W, 300.00 W, 73, 2145 MHz
2026/09/23 07:34:19.047, 0, 91 %, 79 %, 3589 MiB, 49140 MiB, 278.62 W, 300.00 W, 72, 2130 MHz
2026/09/23 07:34:20.050, 0, 88 %, 75 %, 3589 MiB, 49140 MiB, 277.34 W, 300.00 W, 73, 2100 MHz
2026/09/23 07:34:21.050, 0, 93 %, 81 %, 3589 MiB, 49140 MiB, 276.29 W, 300.00 W, 72, 2490 MHz
2026/09/23 07:34:22.052, 0, 92 %, 79 %, 3589 MiB, 49140 MiB, 278.18 W, 300.00 W, 71, 2190 MHz
2026/09/23 07:34:23.053, 0, 87 %, 76 %, 3589 MiB, 49140 MiB, 276.16 W, 300.00 W, 72, 2385 MHz
2026/09/23 07:34:24.054, 0, 53 %, 35 %, 3589 MiB, 49140 MiB, 242.02 W, 300.00 W, 68, 2730 MHz
2026/09/23 07:34:25.054, 0, 0 %, 0 %, 3589 MiB, 49140 MiB, 135.29 W, 300.00 W, 71, 2310 MHz
2026/09/23 07:34:26.055, 0, 88 %, 77 %, 3589 MiB, 49140 MiB, 280.01 W, 300.00 W, 71, 2475 MHz
2026/09/23 07:34:27.056, 0, 88 %, 76 %, 3589 MiB, 49140 MiB, 281.17 W, 300.00 W, 72, 2355 MHz
2026/09/23 07:34:28.057, 0, 82 %, 73 %, 3589 MiB, 49140 MiB, 282.44 W, 300.00 W, 71, 2415 MHz
2026/09/23 07:34:29.058, 0, 89 %, 78 %, 3589 MiB, 49140 MiB, 282.00 W, 300.00 W, 72, 2130 MHz
2026/09/23 07:34:30.059, 0, 87 %, 76 %, 3589 MiB, 49140 MiB, 279.87 W, 300.00 W, 71, 2430 MHz
2026/09/23 07:34:31.059, 0, 90 %, 78 %, 3589 MiB, 49140 MiB, 280.30 W, 300.00 W, 72, 2415 MHz
2026/09/23 07:34:32.061, 0, 88 %, 76 %, 3589 MiB, 49140 MiB, 282.06 W, 300.00 W, 71, 2175 MHz
2026/09/23 07:34:33.061, 0, 88 %, 77 %, 3589 MiB, 49140 MiB, 279.33 W, 300.00 W, 72, 2415 MHz
2026/09/23 07:34:34.062, 0, 90 %, 78 %, 3589 MiB, 49140 MiB, 282.48 W, 300.00 W, 73, 2280 MHz
2026/09/23 07:34:35.063, 0, 87 %, 76 %, 3589 MiB, 49140 MiB, 280.21 W, 300.00 W, 71, 2415 MHz
2026/09/23 07:34:36.064, 0, 88 %, 75 %, 3589 MiB, 49140 MiB, 279.58 W, 300.00 W, 71, 2535 MHz
2026/09/23 07:34:37.064, 0, 66 %, 42 %, 3589 MiB, 49140 MiB, 247.87 W, 300.00 W, 68, 2730 MHz
2026/09/23 07:34:38.065, 0, 0 %, 0 %, 3589 MiB, 49140 MiB, 146.93 W, 300.00 W, 70, 2445 MHz
2026/09/23 07:34:39.066, 0, 94 %, 81 %, 3589 MiB, 49140 MiB, 281.87 W, 300.00 W, 72, 2430 MHz
2026/09/23 07:34:40.067, 0, 89 %, 78 %, 3589 MiB, 49140 MiB, 284.04 W, 300.00 W, 72, 2400 MHz
2026/09/23 07:34:41.068, 0, 92 %, 81 %, 3589 MiB, 49140 MiB, 282.77 W, 300.00 W, 71, 2235 MHz
2026/09/23 07:34:42.068, 0, 94 %, 82 %, 3589 MiB, 49140 MiB, 283.15 W, 300.00 W, 72, 2310 MHz
2026/09/23 07:34:43.069, 0, 89 %, 77 %, 3589 MiB, 49140 MiB, 281.69 W, 300.00 W, 71, 2400 MHz
2026/09/23 07:34:44.070, 0, 86 %, 75 %, 3589 MiB, 49140 MiB, 282.42 W, 300.00 W, 71, 2460 MHz
2026/09/23 07:34:45.070, 0, 87 %, 76 %, 3589 MiB, 49140 MiB, 284.14 W, 300.00 W, 71, 2415 MHz
2026/09/23 07:34:46.071, 0, 89 %, 77 %, 3589 MiB, 49140 MiB, 283.04 W, 300.00 W, 73, 2430 MHz
2026/09/23 07:34:47.071, 0, 88 %, 76 %, 3589 MiB, 49140 MiB, 281.28 W, 300.00 W, 72, 2415 MHz
2026/09/23 07:34:48.072, 0, 90 %, 78 %, 3589 MiB, 49140 MiB, 282.74 W, 300.00 W, 72, 2370 MHz
2026/09/23 07:34:49.074, 0, 93 %, 79 %, 3589 MiB, 49140 MiB, 282.33 W, 300.00 W, 71, 2220 MHz
2026/09/23 07:34:50.074, 0, 62 %, 39 %, 3589 MiB, 49140 MiB, 234.42 W, 300.00 W, 67, 2730 MHz
2026/09/23 07:34:51.074, 0, 0 %, 0 %, 3589 MiB, 49140 MiB, 133.10 W, 300.00 W, 70, 2130 MHz
2026/09/23 07:34:52.075, 0, 94 %, 83 %, 3589 MiB, 49140 MiB, 276.39 W, 300.00 W, 71, 2370 MHz
2026/09/23 07:34:53.076, 0, 88 %, 76 %, 3589 MiB, 49140 MiB, 278.52 W, 300.00 W, 72, 2340 MHz
2026/09/23 07:34:54.078, 0, 90 %, 78 %, 3589 MiB, 49140 MiB, 278.77 W, 300.00 W, 72, 2355 MHz
2026/09/23 07:34:55.079, 0, 88 %, 76 %, 3589 MiB, 49140 MiB, 277.88 W, 300.00 W, 72, 2355 MHz
2026/09/23 07:34:56.079, 0, 89 %, 77 %, 3589 MiB, 49140 MiB, 275.75 W, 300.00 W, 72, 2430 MHz
2026/09/23 07:34:57.081, 0, 88 %, 76 %, 3589 MiB, 49140 MiB, 278.75 W, 300.00 W, 72, 2070 MHz
2026/09/23 07:34:58.082, 0, 91 %, 76 %, 3589 MiB, 49140 MiB, 280.11 W, 300.00 W, 72, 2250 MHz
2026/09/23 07:34:59.083, 0, 93 %, 79 %, 3589 MiB, 49140 MiB, 277.68 W, 300.00 W, 72, 2340 MHz
2026/09/23 07:35:00.084, 0, 93 %, 81 %, 3589 MiB, 49140 MiB, 279.27 W, 300.00 W, 73, 2460 MHz
2026/09/23 07:35:01.084, 0, 92 %, 80 %, 3589 MiB, 49140 MiB, 278.30 W, 300.00 W, 72, 2130 MHz
2026/09/23 07:35:02.085, 0, 78 %, 69 %, 3589 MiB, 49140 MiB, 274.87 W, 300.00 W, 71, 2145 MHz
2026/09/23 07:35:03.086, 0, 74 %, 47 %, 3589 MiB, 49140 MiB, 244.30 W, 300.00 W, 68, 2730 MHz
2026/09/23 07:35:04.086, 0, 0 %, 0 %, 3589 MiB, 49140 MiB, 137.00 W, 300.00 W, 70, 2265 MHz
2026/09/23 07:35:05.088, 0, 93 %, 80 %, 3589 MiB, 49140 MiB, 275.42 W, 300.00 W, 72, 2340 MHz
2026/09/23 07:35:06.089, 0, 87 %, 76 %, 3589 MiB, 49140 MiB, 274.46 W, 300.00 W, 71, 2280 MHz
2026/09/23 07:35:07.089, 0, 81 %, 70 %, 3589 MiB, 49140 MiB, 276.38 W, 300.00 W, 72, 2445 MHz
2026/09/23 07:35:08.090, 0, 91 %, 78 %, 3589 MiB, 49140 MiB, 279.27 W, 300.00 W, 72, 2265 MHz
2026/09/23 07:35:09.091, 0, 88 %, 76 %, 3589 MiB, 49140 MiB, 277.58 W, 300.00 W, 71, 2460 MHz
2026/09/23 07:35:10.092, 0, 93 %, 81 %, 3589 MiB, 49140 MiB, 277.32 W, 300.00 W, 72, 2340 MHz
2026/09/23 07:35:11.093, 0, 89 %, 77 %, 3589 MiB, 49140 MiB, 270.82 W, 300.00 W, 71, 2460 MHz
2026/09/23 07:35:12.094, 0, 95 %, 79 %, 3589 MiB, 49140 MiB, 275.45 W, 300.00 W, 70, 2265 MHz
2026/09/23 07:35:13.095, 0, 93 %, 81 %, 3589 MiB, 49140 MiB, 278.42 W, 300.00 W, 72, 2475 MHz
2026/09/23 07:35:14.096, 0, 90 %, 79 %, 3589 MiB, 49140 MiB, 279.27 W, 300.00 W, 72, 2415 MHz
2026/09/23 07:35:15.097, 0, 89 %, 78 %, 3589 MiB, 49140 MiB, 276.32 W, 300.00 W, 71, 2340 MHz
2026/09/23 07:35:16.098, 0, 64 %, 40 %, 3589 MiB, 49140 MiB, 247.32 W, 300.00 W, 68, 2730 MHz
2026/09/23 07:35:17.098, 0, 0 %, 0 %, 3589 MiB, 49140 MiB, 142.12 W, 300.00 W, 71, 2370 MHz
2026/09/23 07:35:18.099, 0, 92 %, 79 %, 3589 MiB, 49140 MiB, 279.80 W, 300.00 W, 72, 2340 MHz
2026/09/23 07:35:19.100, 0, 91 %, 78 %, 3589 MiB, 49140 MiB, 279.30 W, 300.00 W, 73, 2415 MHz
2026/09/23 07:35:20.101, 0, 92 %, 79 %, 3589 MiB, 49140 MiB, 278.71 W, 300.00 W, 71, 2475 MHz
2026/09/23 07:35:21.101, 0, 93 %, 79 %, 3589 MiB, 49140 MiB, 280.43 W, 300.00 W, 71, 2445 MHz
2026/09/23 07:35:22.102, 0, 95 %, 83 %, 3589 MiB, 49140 MiB, 280.11 W, 300.00 W, 72, 2415 MHz
2026/09/23 07:35:23.103, 0, 84 %, 73 %, 3589 MiB, 49140 MiB, 277.65 W, 300.00 W, 71, 2355 MHz
2026/09/23 07:35:24.103, 0, 95 %, 81 %, 3589 MiB, 49140 MiB, 279.35 W, 300.00 W, 70, 2355 MHz
2026/09/23 07:35:25.105, 0, 95 %, 82 %, 3589 MiB, 49140 MiB, 280.86 W, 300.00 W, 71, 2325 MHz
2026/09/23 07:35:26.105, 0, 89 %, 75 %, 3589 MiB, 49140 MiB, 277.68 W, 300.00 W, 72, 2430 MHz
2026/09/23 07:35:27.106, 0, 82 %, 71 %, 3589 MiB, 49140 MiB, 277.88 W, 300.00 W, 71, 2460 MHz
2026/09/23 07:35:28.108, 0, 90 %, 78 %, 3589 MiB, 49140 MiB, 278.14 W, 300.00 W, 71, 2295 MHz
2026/09/23 07:35:29.110, 0, 73 %, 46 %, 3589 MiB, 49140 MiB, 220.77 W, 300.00 W, 66, 2745 MHz
2026/09/23 07:35:30.110, 0, 0 %, 0 %, 3589 MiB, 49140 MiB, 168.29 W, 300.00 W, 71, 2235 MHz
2026/09/23 07:35:31.111, 0, 88 %, 77 %, 3589 MiB, 49140 MiB, 277.69 W, 300.00 W, 71, 2325 MHz
2026/09/23 07:35:32.111, 0, 88 %, 76 %, 3589 MiB, 49140 MiB, 280.71 W, 300.00 W, 71, 2295 MHz
2026/09/23 07:35:33.112, 0, 85 %, 74 %, 3589 MiB, 49140 MiB, 278.11 W, 300.00 W, 70, 2235 MHz
2026/09/23 07:35:34.113, 0, 85 %, 74 %, 3589 MiB, 49140 MiB, 278.09 W, 300.00 W, 72, 2295 MHz
2026/09/23 07:35:35.114, 0, 90 %, 78 %, 3589 MiB, 49140 MiB, 278.19 W, 300.00 W, 71, 2370 MHz
2026/09/23 07:35:36.115, 0, 88 %, 76 %, 3589 MiB, 49140 MiB, 277.15 W, 300.00 W, 71, 2370 MHz
2026/09/23 07:35:37.117, 0, 91 %, 79 %, 3589 MiB, 49140 MiB, 276.20 W, 300.00 W, 71, 2355 MHz
2026/09/23 07:35:38.117, 0, 91 %, 79 %, 3589 MiB, 49140 MiB, 279.19 W, 300.00 W, 72, 2340 MHz
2026/09/23 07:35:39.118, 0, 84 %, 74 %, 3589 MiB, 49140 MiB, 278.15 W, 300.00 W, 71, 2325 MHz
2026/09/23 07:35:40.118, 0, 88 %, 76 %, 3589 MiB, 49140 MiB, 276.58 W, 300.00 W, 72, 2400 MHz
2026/09/23 07:35:41.120, 0, 88 %, 77 %, 3589 MiB, 49140 MiB, 280.62 W, 300.00 W, 73, 2490 MHz
2026/09/23 07:35:42.120, 0, 70 %, 44 %, 3589 MiB, 49140 MiB, 209.01 W, 300.00 W, 66, 2745 MHz
2026/09/23 07:35:43.121, 0, 0 %, 0 %, 3589 MiB, 49140 MiB, 86.56 W, 300.00 W, 65, 2745 MHz
2026/09/23 07:35:44.122, 0, 87 %, 77 %, 3589 MiB, 49140 MiB, 194.26 W, 300.00 W, 70, 2370 MHz
2026/09/23 07:35:45.124, 0, 86 %, 75 %, 3589 MiB, 49140 MiB, 280.25 W, 300.00 W, 70, 2250 MHz
2026/09/23 07:35:46.124, 0, 93 %, 81 %, 3589 MiB, 49140 MiB, 283.44 W, 300.00 W, 70, 2130 MHz
2026/09/23 07:35:47.125, 0, 88 %, 77 %, 3589 MiB, 49140 MiB, 281.54 W, 300.00 W, 70, 2205 MHz
2026/09/23 07:35:48.126, 0, 89 %, 78 %, 3589 MiB, 49140 MiB, 280.32 W, 300.00 W, 70, 2325 MHz
2026/09/23 07:35:49.127, 0, 90 %, 78 %, 3589 MiB, 49140 MiB, 280.86 W, 300.00 W, 72, 2370 MHz
2026/09/23 07:35:50.128, 0, 91 %, 80 %, 3589 MiB, 49140 MiB, 281.34 W, 300.00 W, 72, 2370 MHz
2026/09/23 07:35:51.128, 0, 84 %, 72 %, 3589 MiB, 49140 MiB, 281.56 W, 300.00 W, 71, 2370 MHz
2026/09/23 07:35:52.129, 0, 82 %, 73 %, 3589 MiB, 49140 MiB, 280.15 W, 300.00 W, 72, 2430 MHz
2026/09/23 07:35:53.130, 0, 94 %, 82 %, 3589 MiB, 49140 MiB, 281.38 W, 300.00 W, 71, 2445 MHz
2026/09/23 07:35:54.131, 0, 88 %, 77 %, 3589 MiB, 49140 MiB, 280.17 W, 300.00 W, 72, 2490 MHz
2026/09/23 07:35:55.132, 0, 90 %, 79 %, 3589 MiB, 49140 MiB, 277.91 W, 300.00 W, 70, 2700 MHz
2026/09/23 07:35:56.132, 0, 33 %, 21 %, 3589 MiB, 49140 MiB, 173.37 W, 300.00 W, 66, 2745 MHz
2026/09/23 07:35:57.134, 0, 93 %, 78 %, 3589 MiB, 49140 MiB, 209.05 W, 300.00 W, 70, 2475 MHz
2026/09/23 07:35:58.135, 0, 93 %, 77 %, 3589 MiB, 49140 MiB, 279.84 W, 300.00 W, 71, 2355 MHz
2026/09/23 07:35:59.136, 0, 85 %, 74 %, 3589 MiB, 49140 MiB, 278.73 W, 300.00 W, 70, 2355 MHz
2026/09/23 07:36:00.137, 0, 87 %, 76 %, 3589 MiB, 49140 MiB, 279.55 W, 300.00 W, 71, 2325 MHz
2026/09/23 07:36:01.138, 0, 92 %, 77 %, 3589 MiB, 49140 MiB, 281.71 W, 300.00 W, 71, 2340 MHz
2026/09/23 07:36:02.139, 0, 88 %, 76 %, 3589 MiB, 49140 MiB, 277.58 W, 300.00 W, 72, 2175 MHz
2026/09/23 07:36:03.140, 0, 87 %, 75 %, 3589 MiB, 49140 MiB, 276.15 W, 300.00 W, 70, 2430 MHz
2026/09/23 07:36:04.140, 0, 89 %, 76 %, 3589 MiB, 49140 MiB, 279.93 W, 300.00 W, 72, 2130 MHz
2026/09/23 07:36:05.141, 0, 89 %, 77 %, 3589 MiB, 49140 MiB, 278.74 W, 300.00 W, 71, 2325 MHz
2026/09/23 07:36:06.142, 0, 86 %, 75 %, 3589 MiB, 49140 MiB, 278.41 W, 300.00 W, 71, 2340 MHz
2026/09/23 07:36:07.143, 0, 90 %, 78 %, 3589 MiB, 49140 MiB, 278.35 W, 300.00 W, 72, 2460 MHz
2026/09/23 07:36:08.144, 0, 88 %, 76 %, 3589 MiB, 49140 MiB, 275.32 W, 300.00 W, 73, 2505 MHz
2026/09/23 07:36:09.144, 0, 16 %, 11 %, 3589 MiB, 49140 MiB, 172.95 W, 300.00 W, 66, 2745 MHz
2026/09/23 07:36:10.145, 0, 95 %, 79 %, 3589 MiB, 49140 MiB, 209.55 W, 300.00 W, 70, 2370 MHz
2026/09/23 07:36:11.147, 0, 89 %, 77 %, 3589 MiB, 49140 MiB, 279.23 W, 300.00 W, 72, 2385 MHz
2026/09/23 07:36:12.148, 0, 91 %, 78 %, 3589 MiB, 49140 MiB, 278.78 W, 300.00 W, 71, 2325 MHz
2026/09/23 07:36:13.152, 0, 81 %, 70 %, 3589 MiB, 49140 MiB, 277.03 W, 300.00 W, 71, 2370 MHz
2026/09/23 07:36:14.152, 0, 91 %, 77 %, 3589 MiB, 49140 MiB, 276.08 W, 300.00 W, 71, 2370 MHz
2026/09/23 07:36:15.154, 0, 90 %, 79 %, 3589 MiB, 49140 MiB, 275.22 W, 300.00 W, 71, 2340 MHz
2026/09/23 07:36:16.155, 0, 89 %, 77 %, 3589 MiB, 49140 MiB, 274.59 W, 300.00 W, 72, 2295 MHz
2026/09/23 07:36:17.155, 0, 88 %, 76 %, 3589 MiB, 49140 MiB, 277.87 W, 300.00 W, 72, 2280 MHz
2026/09/23 07:36:18.157, 0, 91 %, 80 %, 3589 MiB, 49140 MiB, 278.46 W, 300.00 W, 72, 2355 MHz
2026/09/23 07:36:19.157, 0, 94 %, 78 %, 3589 MiB, 49140 MiB, 276.36 W, 300.00 W, 71, 2190 MHz
2026/09/23 07:36:20.158, 0, 90 %, 78 %, 3589 MiB, 49140 MiB, 277.37 W, 300.00 W, 71, 2370 MHz
2026/09/23 07:36:21.160, 0, 0 %, 0 %, 3589 MiB, 49140 MiB, 253.57 W, 300.00 W, 67, 2730 MHz
2026/09/23 07:36:22.160, 0, 90 %, 78 %, 3589 MiB, 49140 MiB, 135.05 W, 300.00 W, 72, 2235 MHz
2026/09/23 07:36:23.161, 0, 92 %, 79 %, 3589 MiB, 49140 MiB, 278.63 W, 300.00 W, 71, 2385 MHz
2026/09/23 07:36:24.161, 0, 90 %, 78 %, 3589 MiB, 49140 MiB, 278.78 W, 300.00 W, 72, 2385 MHz
2026/09/23 07:36:25.162, 0, 91 %, 79 %, 3589 MiB, 49140 MiB, 278.98 W, 300.00 W, 70, 2415 MHz
2026/09/23 07:36:26.163, 0, 91 %, 79 %, 3589 MiB, 49140 MiB, 279.57 W, 300.00 W, 71, 2325 MHz
2026/09/23 07:36:27.164, 0, 87 %, 75 %, 3589 MiB, 49140 MiB, 279.10 W, 300.00 W, 70, 2415 MHz
2026/09/23 07:36:28.164, 0, 86 %, 74 %, 3589 MiB, 49140 MiB, 278.33 W, 300.00 W, 72, 2400 MHz
2026/09/23 07:36:29.167, 0, 95 %, 82 %, 3589 MiB, 49140 MiB, 275.01 W, 300.00 W, 71, 2370 MHz
2026/09/23 07:36:30.168, 0, 88 %, 77 %, 3589 MiB, 49140 MiB, 278.64 W, 300.00 W, 70, 2445 MHz
2026/09/23 07:36:31.169, 0, 86 %, 75 %, 3589 MiB, 49140 MiB, 279.14 W, 300.00 W, 72, 2295 MHz
2026/09/23 07:36:32.170, 0, 86 %, 75 %, 3589 MiB, 49140 MiB, 277.53 W, 300.00 W, 71, 2460 MHz
2026/09/23 07:36:33.170, 0, 87 %, 76 %, 3589 MiB, 49140 MiB, 276.41 W, 300.00 W, 71, 2460 MHz
2026/09/23 07:36:34.171, 0, 0 %, 0 %, 3589 MiB, 49140 MiB, 225.37 W, 300.00 W, 66, 2745 MHz
2026/09/23 07:36:35.172, 0, 89 %, 78 %, 3589 MiB, 49140 MiB, 150.22 W, 300.00 W, 71, 2310 MHz
2026/09/23 07:36:36.172, 0, 90 %, 77 %, 3589 MiB, 49140 MiB, 280.20 W, 300.00 W, 71, 2430 MHz
2026/09/23 07:36:37.173, 0, 90 %, 79 %, 3589 MiB, 49140 MiB, 282.11 W, 300.00 W, 71, 2265 MHz
2026/09/23 07:36:38.174, 0, 87 %, 75 %, 3589 MiB, 49140 MiB, 283.82 W, 300.00 W, 71, 2385 MHz
2026/09/23 07:36:39.175, 0, 89 %, 76 %, 3589 MiB, 49140 MiB, 280.38 W, 300.00 W, 71, 2490 MHz
2026/09/23 07:36:40.176, 0, 86 %, 75 %, 3589 MiB, 49140 MiB, 280.86 W, 300.00 W, 72, 2190 MHz
2026/09/23 07:36:41.176, 0, 88 %, 77 %, 3589 MiB, 49140 MiB, 279.93 W, 300.00 W, 71, 2385 MHz
2026/09/23 07:36:42.177, 0, 88 %, 77 %, 3589 MiB, 49140 MiB, 281.19 W, 300.00 W, 73, 2145 MHz
2026/09/23 07:36:43.178, 0, 90 %, 79 %, 3589 MiB, 49140 MiB, 281.58 W, 300.00 W, 72, 2220 MHz
2026/09/23 07:36:44.179, 0, 93 %, 81 %, 3589 MiB, 49140 MiB, 283.33 W, 300.00 W, 72, 2355 MHz
2026/09/23 07:36:45.181, 0, 87 %, 76 %, 3589 MiB, 49140 MiB, 282.14 W, 300.00 W, 72, 2370 MHz
2026/09/23 07:36:46.182, 0, 93 %, 78 %, 3589 MiB, 49140 MiB, 282.68 W, 300.00 W, 71, 2430 MHz
2026/09/23 07:36:47.183, 0, 0 %, 0 %, 3589 MiB, 49140 MiB, 223.09 W, 300.00 W, 66, 2745 MHz
2026/09/23 07:36:48.183, 0, 95 %, 79 %, 3589 MiB, 49140 MiB, 155.30 W, 300.00 W, 70, 2310 MHz
2026/09/23 07:36:49.184, 0, 94 %, 82 %, 3589 MiB, 49140 MiB, 280.29 W, 300.00 W, 72, 2355 MHz
2026/09/23 07:36:50.184, 0, 92 %, 78 %, 3589 MiB, 49140 MiB, 277.48 W, 300.00 W, 71, 2400 MHz
2026/09/23 07:36:51.185, 0, 88 %, 76 %, 3589 MiB, 49140 MiB, 279.22 W, 300.00 W, 72, 2205 MHz
2026/09/23 07:36:52.186, 0, 89 %, 77 %, 3589 MiB, 49140 MiB, 279.76 W, 300.00 W, 71, 2280 MHz
2026/09/23 07:36:53.187, 0, 88 %, 77 %, 3589 MiB, 49140 MiB, 276.49 W, 300.00 W, 72, 2415 MHz
2026/09/23 07:36:54.188, 0, 92 %, 79 %, 3589 MiB, 49140 MiB, 276.65 W, 300.00 W, 71, 2460 MHz
2026/09/23 07:36:55.189, 0, 92 %, 81 %, 3589 MiB, 49140 MiB, 279.66 W, 300.00 W, 72, 2310 MHz
2026/09/23 07:36:56.189, 0, 86 %, 75 %, 3589 MiB, 49140 MiB, 278.99 W, 300.00 W, 70, 2445 MHz
2026/09/23 07:36:57.190, 0, 88 %, 76 %, 3589 MiB, 49140 MiB, 277.64 W, 300.00 W, 72, 2475 MHz
2026/09/23 07:36:58.191, 0, 90 %, 79 %, 3589 MiB, 49140 MiB, 277.44 W, 300.00 W, 72, 2220 MHz
2026/09/23 07:36:59.192, 0, 93 %, 81 %, 3589 MiB, 49140 MiB, 280.13 W, 300.00 W, 72, 2265 MHz
2026/09/23 07:37:00.192, 0, 0 %, 0 %, 3589 MiB, 49140 MiB, 212.70 W, 300.00 W, 66, 2745 MHz
2026/09/23 07:37:01.193, 0, 94 %, 82 %, 3589 MiB, 49140 MiB, 174.09 W, 300.00 W, 71, 2475 MHz
2026/09/23 07:37:02.194, 0, 89 %, 77 %, 3589 MiB, 49140 MiB, 280.19 W, 300.00 W, 72, 2130 MHz
2026/09/23 07:37:03.195, 0, 91 %, 79 %, 3589 MiB, 49140 MiB, 282.07 W, 300.00 W, 70, 2355 MHz
2026/09/23 07:37:04.195, 0, 91 %, 78 %, 3589 MiB, 49140 MiB, 281.53 W, 300.00 W, 71, 2355 MHz
2026/09/23 07:37:05.197, 0, 91 %, 80 %, 3589 MiB, 49140 MiB, 281.10 W, 300.00 W, 73, 2385 MHz
2026/09/23 07:37:06.199, 0, 91 %, 79 %, 3589 MiB, 49140 MiB, 283.03 W, 300.00 W, 72, 2430 MHz
2026/09/23 07:37:07.200, 0, 91 %, 79 %, 3589 MiB, 49140 MiB, 282.11 W, 300.00 W, 71, 2460 MHz
2026/09/23 07:37:08.200, 0, 92 %, 77 %, 3589 MiB, 49140 MiB, 281.49 W, 300.00 W, 71, 2355 MHz
2026/09/23 07:37:09.201, 0, 93 %, 78 %, 3589 MiB, 49140 MiB, 282.33 W, 300.00 W, 71, 2220 MHz
2026/09/23 07:37:10.202, 0, 90 %, 78 %, 3589 MiB, 49140 MiB, 279.79 W, 300.00 W, 71, 2460 MHz
2026/09/23 07:37:11.203, 0, 89 %, 78 %, 3589 MiB, 49140 MiB, 281.44 W, 300.00 W, 73, 2355 MHz
2026/09/23 07:37:12.205, 0, 77 %, 59 %, 3589 MiB, 49140 MiB, 280.30 W, 300.00 W, 72, 2490 MHz
2026/09/23 07:37:13.206, 0, 0 %, 0 %, 3589 MiB, 49140 MiB, 192.17 W, 300.00 W, 66, 2745 MHz
2026/09/23 07:37:14.207, 0, 89 %, 77 %, 3589 MiB, 49140 MiB, 186.54 W, 300.00 W, 70, 2265 MHz
2026/09/23 07:37:15.207, 0, 94 %, 81 %, 3589 MiB, 49140 MiB, 278.20 W, 300.00 W, 71, 2385 MHz
2026/09/23 07:37:16.209, 0, 89 %, 77 %, 3589 MiB, 49140 MiB, 278.57 W, 300.00 W, 72, 2355 MHz
2026/09/23 07:37:17.210, 0, 87 %, 75 %, 3589 MiB, 49140 MiB, 279.13 W, 300.00 W, 73, 2325 MHz
2026/09/23 07:37:18.210, 0, 90 %, 78 %, 3589 MiB, 49140 MiB, 278.39 W, 300.00 W, 71, 2340 MHz
2026/09/23 07:37:19.211, 0, 88 %, 76 %, 3589 MiB, 49140 MiB, 278.17 W, 300.00 W, 71, 2415 MHz
2026/09/23 07:37:20.212, 0, 92 %, 81 %, 3589 MiB, 49140 MiB, 277.59 W, 300.00 W, 73, 2280 MHz
2026/09/23 07:37:21.213, 0, 94 %, 79 %, 3589 MiB, 49140 MiB, 277.63 W, 300.00 W, 71, 2280 MHz
2026/09/23 07:37:22.214, 0, 88 %, 77 %, 3589 MiB, 49140 MiB, 277.90 W, 300.00 W, 72, 2175 MHz
2026/09/23 07:37:23.216, 0, 90 %, 77 %, 3589 MiB, 49140 MiB, 278.44 W, 300.00 W, 71, 2460 MHz
2026/09/23 07:37:24.217, 0, 91 %, 79 %, 3589 MiB, 49140 MiB, 276.84 W, 300.00 W, 72, 2265 MHz
2026/09/23 07:37:25.218, 0, 61 %, 39 %, 3589 MiB, 49140 MiB, 269.47 W, 300.00 W, 71, 2640 MHz
2026/09/23 07:37:26.219, 0, 0 %, 0 %, 3589 MiB, 49140 MiB, 182.32 W, 300.00 W, 66, 2745 MHz
2026/09/23 07:37:27.219, 0, 92 %, 79 %, 3589 MiB, 49140 MiB, 198.01 W, 300.00 W, 71, 2460 MHz
2026/09/23 07:37:28.220, 0, 83 %, 72 %, 3589 MiB, 49140 MiB, 276.12 W, 300.00 W, 69, 2460 MHz
2026/09/23 07:37:29.221, 0, 89 %, 77 %, 3589 MiB, 49140 MiB, 276.35 W, 300.00 W, 70, 2370 MHz
2026/09/23 07:37:30.222, 0, 93 %, 82 %, 3589 MiB, 49140 MiB, 278.08 W, 300.00 W, 71, 2400 MHz
2026/09/23 07:37:31.222, 0, 84 %, 73 %, 3589 MiB, 49140 MiB, 279.46 W, 300.00 W, 71, 2460 MHz
2026/09/23 07:37:32.223, 0, 87 %, 75 %, 3589 MiB, 49140 MiB, 276.68 W, 300.00 W, 70, 2370 MHz
2026/09/23 07:37:33.224, 0, 88 %, 76 %, 3589 MiB, 49140 MiB, 277.99 W, 300.00 W, 71, 2430 MHz
2026/09/23 07:37:34.224, 0, 87 %, 75 %, 3589 MiB, 49140 MiB, 276.74 W, 300.00 W, 71, 2220 MHz
2026/09/23 07:37:35.225, 0, 93 %, 81 %, 3589 MiB, 49140 MiB, 279.43 W, 300.00 W, 72, 2145 MHz
2026/09/23 07:37:36.227, 0, 82 %, 73 %, 3589 MiB, 49140 MiB, 277.85 W, 300.00 W, 72, 2490 MHz
2026/09/23 07:37:37.228, 0, 91 %, 80 %, 3589 MiB, 49140 MiB, 278.85 W, 300.00 W, 73, 2385 MHz
2026/09/23 07:37:38.229, 0, 61 %, 39 %, 3589 MiB, 49140 MiB, 274.28 W, 300.00 W, 72, 2430 MHz
2026/09/23 07:37:39.229, 0, 0 %, 0 %, 3589 MiB, 49140 MiB, 180.57 W, 300.00 W, 66, 2745 MHz
2026/09/23 07:37:40.230, 0, 90 %, 78 %, 3589 MiB, 49140 MiB, 204.58 W, 300.00 W, 71, 2160 MHz
2026/09/23 07:37:41.231, 0, 91 %, 80 %, 3589 MiB, 49140 MiB, 278.26 W, 300.00 W, 72, 2415 MHz
2026/09/23 07:37:42.232, 0, 91 %, 80 %, 3589 MiB, 49140 MiB, 277.77 W, 300.00 W, 71, 2355 MHz
2026/09/23 07:37:43.232, 0, 88 %, 76 %, 3589 MiB, 49140 MiB, 277.27 W, 300.00 W, 72, 2385 MHz
2026/09/23 07:37:44.233, 0, 93 %, 82 %, 3589 MiB, 49140 MiB, 276.55 W, 300.00 W, 71, 2160 MHz
2026/09/23 07:37:45.233, 0, 90 %, 77 %, 3589 MiB, 49140 MiB, 275.56 W, 300.00 W, 71, 2400 MHz
2026/09/23 07:37:46.234, 0, 89 %, 78 %, 3589 MiB, 49140 MiB, 278.81 W, 300.00 W, 70, 2445 MHz
2026/09/23 07:37:47.235, 0, 93 %, 81 %, 3589 MiB, 49140 MiB, 280.01 W, 300.00 W, 71, 2430 MHz
2026/09/23 07:37:48.236, 0, 88 %, 76 %, 3589 MiB, 49140 MiB, 281.03 W, 300.00 W, 71, 2340 MHz
2026/09/23 07:37:49.238, 0, 87 %, 75 %, 3589 MiB, 49140 MiB, 276.03 W, 300.00 W, 71, 2400 MHz
2026/09/23 07:37:50.238, 0, 89 %, 76 %, 3589 MiB, 49140 MiB, 278.70 W, 300.00 W, 72, 2250 MHz
2026/09/23 07:37:51.239, 0, 73 %, 47 %, 3589 MiB, 49140 MiB, 273.98 W, 300.00 W, 73, 2520 MHz
2026/09/23 07:37:52.240, 0, 0 %, 0 %, 3589 MiB, 49140 MiB, 162.20 W, 300.00 W, 66, 2745 MHz
2026/09/23 07:37:53.241, 0, 89 %, 77 %, 3589 MiB, 49140 MiB, 221.32 W, 300.00 W, 70, 2505 MHz
2026/09/23 07:37:54.242, 0, 91 %, 80 %, 3589 MiB, 49140 MiB, 279.57 W, 300.00 W, 70, 2415 MHz
2026/09/23 07:37:55.242, 0, 91 %, 79 %, 3589 MiB, 49140 MiB, 281.75 W, 300.00 W, 72, 2235 MHz
2026/09/23 07:37:56.244, 0, 92 %, 81 %, 3589 MiB, 49140 MiB, 281.53 W, 300.00 W, 73, 2355 MHz
2026/09/23 07:37:57.244, 0, 86 %, 75 %, 3589 MiB, 49140 MiB, 282.01 W, 300.00 W, 71, 2460 MHz
2026/09/23 07:37:58.245, 0, 91 %, 80 %, 3589 MiB, 49140 MiB, 283.54 W, 300.00 W, 72, 2385 MHz
2026/09/23 07:37:59.246, 0, 87 %, 76 %, 3589 MiB, 49140 MiB, 281.23 W, 300.00 W, 71, 2460 MHz
2026/09/23 07:38:00.246, 0, 91 %, 80 %, 3589 MiB, 49140 MiB, 282.01 W, 300.00 W, 72, 2475 MHz
2026/09/23 07:38:01.248, 0, 92 %, 79 %, 3589 MiB, 49140 MiB, 284.08 W, 300.00 W, 72, 2370 MHz
2026/09/23 07:38:02.248, 0, 91 %, 79 %, 3589 MiB, 49140 MiB, 284.88 W, 300.00 W, 72, 2415 MHz
2026/09/23 07:38:03.249, 0, 90 %, 78 %, 3589 MiB, 49140 MiB, 282.28 W, 300.00 W, 72, 2430 MHz
2026/09/23 07:38:04.250, 0, 66 %, 42 %, 3589 MiB, 49140 MiB, 272.77 W, 300.00 W, 72, 2670 MHz
2026/09/23 07:38:05.251, 0, 0 %, 0 %, 3589 MiB, 49140 MiB, 128.06 W, 300.00 W, 66, 2745 MHz
2026/09/23 07:38:06.252, 0, 89 %, 76 %, 3589 MiB, 49140 MiB, 258.03 W, 300.00 W, 71, 2205 MHz
2026/09/23 07:38:07.253, 0, 86 %, 75 %, 3589 MiB, 49140 MiB, 276.16 W, 300.00 W, 70, 2475 MHz
2026/09/23 07:38:08.253, 0, 91 %, 80 %, 3589 MiB, 49140 MiB, 278.83 W, 300.00 W, 71, 2400 MHz
2026/09/23 07:38:09.254, 0, 91 %, 78 %, 3589 MiB, 49140 MiB, 279.57 W, 300.00 W, 71, 2325 MHz
2026/09/23 07:38:10.255, 0, 92 %, 80 %, 3589 MiB, 49140 MiB, 278.80 W, 300.00 W, 72, 2370 MHz
2026/09/23 07:38:11.255, 0, 90 %, 77 %, 3589 MiB, 49140 MiB, 278.87 W, 300.00 W, 71, 2505 MHz
2026/09/23 07:38:12.256, 0, 87 %, 75 %, 3589 MiB, 49140 MiB, 278.41 W, 300.00 W, 70, 2475 MHz
2026/09/23 07:38:13.257, 0, 88 %, 77 %, 3589 MiB, 49140 MiB, 278.86 W, 300.00 W, 72, 2175 MHz
2026/09/23 07:38:14.258, 0, 93 %, 79 %, 3589 MiB, 49140 MiB, 280.40 W, 300.00 W, 72, 2325 MHz
2026/09/23 07:38:15.259, 0, 85 %, 75 %, 3589 MiB, 49140 MiB, 280.37 W, 300.00 W, 71, 2505 MHz
2026/09/23 07:38:16.259, 0, 91 %, 79 %, 3589 MiB, 49140 MiB, 282.00 W, 300.00 W, 72, 2160 MHz
2026/09/23 07:38:17.260, 0, 60 %, 39 %, 3589 MiB, 49140 MiB, 272.61 W, 300.00 W, 72, 2610 MHz
2026/09/23 07:38:18.261, 0, 0 %, 0 %, 3589 MiB, 49140 MiB, 127.80 W, 300.00 W, 66, 2745 MHz
2026/09/23 07:38:19.261, 0, 94 %, 81 %, 3589 MiB, 49140 MiB, 260.03 W, 300.00 W, 71, 2430 MHz
2026/09/23 07:38:20.262, 0, 93 %, 82 %, 3589 MiB, 49140 MiB, 280.24 W, 300.00 W, 71, 2355 MHz
2026/09/23 07:38:21.263, 0, 87 %, 76 %, 3589 MiB, 49140 MiB, 279.42 W, 300.00 W, 71, 2385 MHz
2026/09/23 07:38:22.265, 0, 95 %, 80 %, 3589 MiB, 49140 MiB, 278.59 W, 300.00 W, 70, 2340 MHz
2026/09/23 07:38:23.266, 0, 94 %, 79 %, 3589 MiB, 49140 MiB, 279.86 W, 300.00 W, 71, 2325 MHz
2026/09/23 07:38:24.266, 0, 91 %, 80 %, 3589 MiB, 49140 MiB, 277.99 W, 300.00 W, 71, 2370 MHz
2026/09/23 07:38:25.268, 0, 94 %, 83 %, 3589 MiB, 49140 MiB, 274.38 W, 300.00 W, 71, 2295 MHz
2026/09/23 07:38:26.270, 0, 91 %, 78 %, 3589 MiB, 49140 MiB, 278.22 W, 300.00 W, 71, 2445 MHz
2026/09/23 07:38:27.271, 0, 94 %, 80 %, 3589 MiB, 49140 MiB, 280.00 W, 300.00 W, 72, 2310 MHz
2026/09/23 07:38:28.272, 0, 94 %, 80 %, 3589 MiB, 49140 MiB, 280.29 W, 300.00 W, 72, 2145 MHz
2026/09/23 07:38:29.273, 0, 89 %, 78 %, 3589 MiB, 49140 MiB, 276.11 W, 300.00 W, 70, 2445 MHz
2026/09/23 07:38:30.274, 0, 63 %, 41 %, 3589 MiB, 49140 MiB, 266.95 W, 300.00 W, 72, 2475 MHz
2026/09/23 07:38:31.274, 0, 67 %, 57 %, 3589 MiB, 49140 MiB, 127.28 W, 300.00 W, 68, 2460 MHz
2026/09/23 07:38:32.275, 0, 89 %, 78 %, 3589 MiB, 49140 MiB, 270.48 W, 300.00 W, 70, 2445 MHz
2026/09/23 07:38:33.276, 0, 90 %, 80 %, 3589 MiB, 49140 MiB, 277.66 W, 300.00 W, 71, 2340 MHz
2026/09/23 07:38:34.277, 0, 88 %, 78 %, 3589 MiB, 49140 MiB, 278.43 W, 300.00 W, 70, 2205 MHz
2026/09/23 07:38:35.278, 0, 90 %, 76 %, 3589 MiB, 49140 MiB, 278.88 W, 300.00 W, 71, 2280 MHz
2026/09/23 07:38:36.279, 0, 94 %, 83 %, 3589 MiB, 49140 MiB, 279.15 W, 300.00 W, 71, 2355 MHz
2026/09/23 07:38:37.280, 0, 94 %, 83 %, 3589 MiB, 49140 MiB, 280.23 W, 300.00 W, 71, 2370 MHz
2026/09/23 07:38:38.280, 0, 90 %, 78 %, 3589 MiB, 49140 MiB, 278.59 W, 300.00 W, 72, 2370 MHz
2026/09/23 07:38:39.281, 0, 89 %, 77 %, 3589 MiB, 49140 MiB, 278.34 W, 300.00 W, 72, 2445 MHz
2026/09/23 07:38:40.283, 0, 92 %, 81 %, 3589 MiB, 49140 MiB, 278.38 W, 300.00 W, 71, 2370 MHz
2026/09/23 07:38:41.283, 0, 91 %, 82 %, 3589 MiB, 49140 MiB, 280.05 W, 300.00 W, 71, 2220 MHz
2026/09/23 07:38:42.284, 0, 92 %, 82 %, 3589 MiB, 49140 MiB, 280.06 W, 300.00 W, 71, 2325 MHz
2026/09/23 07:38:43.285, 0, 53 %, 34 %, 3589 MiB, 49140 MiB, 266.24 W, 300.00 W, 72, 2730 MHz
2026/09/23 07:38:44.285, 0, 92 %, 79 %, 3589 MiB, 49140 MiB, 128.46 W, 300.00 W, 69, 2415 MHz
2026/09/23 07:38:45.286, 0, 89 %, 78 %, 3589 MiB, 49140 MiB, 276.42 W, 300.00 W, 71, 2400 MHz
2026/09/23 07:38:46.287, 0, 90 %, 77 %, 3589 MiB, 49140 MiB, 277.07 W, 300.00 W, 72, 2400 MHz
2026/09/23 07:38:47.288, 0, 93 %, 79 %, 3589 MiB, 49140 MiB, 277.07 W, 300.00 W, 70, 2220 MHz
2026/09/23 07:38:48.289, 0, 90 %, 77 %, 3589 MiB, 49140 MiB, 277.74 W, 300.00 W, 72, 2385 MHz
2026/09/23 07:38:49.290, 0, 88 %, 78 %, 3589 MiB, 49140 MiB, 278.85 W, 300.00 W, 71, 2430 MHz
2026/09/23 07:38:50.291, 0, 92 %, 80 %, 3589 MiB, 49140 MiB, 277.08 W, 300.00 W, 70, 2400 MHz
2026/09/23 07:38:51.293, 0, 88 %, 76 %, 3589 MiB, 49140 MiB, 277.36 W, 300.00 W, 72, 2505 MHz
2026/09/23 07:38:52.293, 0, 91 %, 81 %, 3589 MiB, 49140 MiB, 278.57 W, 300.00 W, 71, 2370 MHz
2026/09/23 07:38:53.294, 0, 92 %, 81 %, 3589 MiB, 49140 MiB, 276.75 W, 300.00 W, 70, 2400 MHz
2026/09/23 07:38:54.295, 0, 86 %, 75 %, 3589 MiB, 49140 MiB, 277.42 W, 300.00 W, 73, 2460 MHz
2026/09/23 07:38:55.296, 0, 91 %, 80 %, 3589 MiB, 49140 MiB, 279.06 W, 300.00 W, 71, 2385 MHz
2026/09/23 07:38:56.297, 0, 61 %, 39 %, 3589 MiB, 49140 MiB, 265.73 W, 300.00 W, 73, 2535 MHz
2026/09/23 07:38:57.297, 0, 88 %, 78 %, 3589 MiB, 49140 MiB, 130.10 W, 300.00 W, 70, 2445 MHz
2026/09/23 07:38:58.298, 0, 91 %, 78 %, 3589 MiB, 49140 MiB, 278.44 W, 300.00 W, 72, 2325 MHz
2026/09/23 07:38:59.298, 0, 87 %, 76 %, 3589 MiB, 49140 MiB, 278.62 W, 300.00 W, 71, 2460 MHz
2026/09/23 07:39:00.299, 0, 88 %, 74 %, 3589 MiB, 49140 MiB, 275.99 W, 300.00 W, 71, 2445 MHz
2026/09/23 07:39:01.300, 0, 92 %, 77 %, 3589 MiB, 49140 MiB, 280.05 W, 300.00 W, 72, 2295 MHz
2026/09/23 07:39:02.301, 0, 88 %, 77 %, 3589 MiB, 49140 MiB, 278.24 W, 300.00 W, 70, 2475 MHz
2026/09/23 07:39:03.302, 0, 87 %, 75 %, 3589 MiB, 49140 MiB, 278.43 W, 300.00 W, 72, 2385 MHz
2026/09/23 07:39:04.303, 0, 91 %, 76 %, 3589 MiB, 49140 MiB, 275.99 W, 300.00 W, 72, 2370 MHz
2026/09/23 07:39:05.305, 0, 90 %, 79 %, 3589 MiB, 49140 MiB, 275.73 W, 300.00 W, 70, 2460 MHz
2026/09/23 07:39:06.306, 0, 88 %, 75 %, 3589 MiB, 49140 MiB, 277.04 W, 300.00 W, 73, 2490 MHz
2026/09/23 07:39:07.307, 0, 89 %, 77 %, 3589 MiB, 49140 MiB, 277.86 W, 300.00 W, 72, 2400 MHz
2026/09/23 07:39:08.308, 0, 82 %, 71 %, 3589 MiB, 49140 MiB, 274.94 W, 300.00 W, 70, 2520 MHz
2026/09/23 07:39:09.309, 0, 49 %, 32 %, 3589 MiB, 49140 MiB, 263.81 W, 300.00 W, 71, 2685 MHz
2026/09/23 07:39:10.309, 0, 85 %, 75 %, 3589 MiB, 49140 MiB, 128.06 W, 300.00 W, 69, 2520 MHz
2026/09/23 07:39:11.310, 0, 87 %, 74 %, 3589 MiB, 49140 MiB, 278.93 W, 300.00 W, 72, 2370 MHz
2026/09/23 07:39:12.311, 0, 89 %, 79 %, 3589 MiB, 49140 MiB, 282.39 W, 300.00 W, 70, 2130 MHz
2026/09/23 07:39:13.312, 0, 95 %, 84 %, 3589 MiB, 49140 MiB, 280.44 W, 300.00 W, 71, 2400 MHz
2026/09/23 07:39:14.312, 0, 94 %, 81 %, 3589 MiB, 49140 MiB, 283.30 W, 300.00 W, 72, 2370 MHz
2026/09/23 07:39:15.313, 0, 94 %, 83 %, 3589 MiB, 49140 MiB, 283.34 W, 300.00 W, 71, 2415 MHz
2026/09/23 07:39:16.314, 0, 87 %, 76 %, 3589 MiB, 49140 MiB, 280.86 W, 300.00 W, 71, 2370 MHz
2026/09/23 07:39:17.315, 0, 92 %, 78 %, 3589 MiB, 49140 MiB, 281.33 W, 300.00 W, 72, 2370 MHz
2026/09/23 07:39:18.316, 0, 91 %, 81 %, 3589 MiB, 49140 MiB, 283.80 W, 300.00 W, 71, 2385 MHz
2026/09/23 07:39:19.317, 0, 95 %, 81 %, 3589 MiB, 49140 MiB, 280.18 W, 300.00 W, 71, 2340 MHz
2026/09/23 07:39:20.317, 0, 89 %, 76 %, 3589 MiB, 49140 MiB, 279.34 W, 300.00 W, 72, 2310 MHz
2026/09/23 07:39:21.318, 0, 91 %, 76 %, 3589 MiB, 49140 MiB, 280.37 W, 300.00 W, 72, 2460 MHz
2026/09/23 07:39:22.319, 0, 16 %, 11 %, 3589 MiB, 49140 MiB, 259.31 W, 300.00 W, 71, 2685 MHz
2026/09/23 07:39:23.319, 0, 91 %, 80 %, 3589 MiB, 49140 MiB, 123.39 W, 300.00 W, 69, 2250 MHz
2026/09/23 07:39:24.320, 0, 88 %, 78 %, 3589 MiB, 49140 MiB, 275.58 W, 300.00 W, 71, 2160 MHz
2026/09/23 07:39:25.321, 0, 90 %, 77 %, 3589 MiB, 49140 MiB, 279.04 W, 300.00 W, 72, 2355 MHz
2026/09/23 07:39:26.322, 0, 90 %, 79 %, 3589 MiB, 49140 MiB, 278.11 W, 300.00 W, 71, 2385 MHz
2026/09/23 07:39:27.322, 0, 90 %, 76 %, 3589 MiB, 49140 MiB, 278.32 W, 300.00 W, 71, 2430 MHz
2026/09/23 07:39:28.323, 0, 87 %, 76 %, 3589 MiB, 49140 MiB, 278.56 W, 300.00 W, 71, 2190 MHz
2026/09/23 07:39:29.326, 0, 92 %, 80 %, 3589 MiB, 49140 MiB, 278.87 W, 300.00 W, 71, 2160 MHz
2026/09/23 07:39:30.327, 0, 90 %, 77 %, 3589 MiB, 49140 MiB, 279.41 W, 300.00 W, 71, 2370 MHz
2026/09/23 07:39:31.328, 0, 95 %, 81 %, 3589 MiB, 49140 MiB, 276.42 W, 300.00 W, 71, 2385 MHz
2026/09/23 07:39:32.328, 0, 89 %, 76 %, 3589 MiB, 49140 MiB, 278.18 W, 300.00 W, 71, 2325 MHz
2026/09/23 07:39:33.329, 0, 88 %, 77 %, 3589 MiB, 49140 MiB, 278.76 W, 300.00 W, 73, 2475 MHz
2026/09/23 07:39:34.330, 0, 87 %, 75 %, 3589 MiB, 49140 MiB, 275.75 W, 300.00 W, 72, 2415 MHz
2026/09/23 07:39:35.331, 0, 0 %, 0 %, 3589 MiB, 49140 MiB, 249.04 W, 300.00 W, 67, 2730 MHz
2026/09/23 07:39:36.331, 0, 95 %, 82 %, 3589 MiB, 49140 MiB, 130.57 W, 300.00 W, 70, 2400 MHz
2026/09/23 07:39:37.332, 0, 83 %, 71 %, 3589 MiB, 49140 MiB, 281.69 W, 300.00 W, 71, 2460 MHz
2026/09/23 07:39:38.333, 0, 94 %, 81 %, 3589 MiB, 49140 MiB, 282.96 W, 300.00 W, 70, 2145 MHz
2026/09/23 07:39:39.333, 0, 94 %, 82 %, 3589 MiB, 49140 MiB, 282.94 W, 300.00 W, 71, 2175 MHz
2026/09/23 07:39:40.334, 0, 88 %, 77 %, 3589 MiB, 49140 MiB, 283.02 W, 300.00 W, 70, 2205 MHz
2026/09/23 07:39:41.335, 0, 92 %, 82 %, 3589 MiB, 49140 MiB, 281.86 W, 300.00 W, 73, 2460 MHz
2026/09/23 07:39:42.336, 0, 91 %, 77 %, 3589 MiB, 49140 MiB, 282.31 W, 300.00 W, 71, 2355 MHz
2026/09/23 07:39:43.337, 0, 93 %, 80 %, 3589 MiB, 49140 MiB, 280.05 W, 300.00 W, 70, 2205 MHz
2026/09/23 07:39:44.338, 0, 91 %, 78 %, 3589 MiB, 49140 MiB, 282.54 W, 300.00 W, 71, 2355 MHz
2026/09/23 07:39:45.339, 0, 90 %, 78 %, 3589 MiB, 49140 MiB, 281.56 W, 300.00 W, 72, 2445 MHz
2026/09/23 07:39:46.340, 0, 90 %, 75 %, 3589 MiB, 49140 MiB, 280.32 W, 300.00 W, 71, 2445 MHz
2026/09/23 07:39:47.340, 0, 90 %, 77 %, 3589 MiB, 49140 MiB, 280.83 W, 300.00 W, 71, 2265 MHz
2026/09/23 07:39:48.341, 0, 0 %, 0 %, 3589 MiB, 49140 MiB, 240.15 W, 300.00 W, 67, 2730 MHz
2026/09/23 07:39:49.342, 0, 92 %, 80 %, 3589 MiB, 49140 MiB, 138.17 W, 300.00 W, 70, 2220 MHz
2026/09/23 07:39:50.343, 0, 92 %, 79 %, 3589 MiB, 49140 MiB, 279.89 W, 300.00 W, 71, 2445 MHz
2026/09/23 07:39:51.343, 0, 88 %, 78 %, 3589 MiB, 49140 MiB, 278.40 W, 300.00 W, 72, 2505 MHz
2026/09/23 07:39:52.344, 0, 89 %, 77 %, 3589 MiB, 49140 MiB, 277.79 W, 300.00 W, 71, 2460 MHz
2026/09/23 07:39:53.345, 0, 93 %, 81 %, 3589 MiB, 49140 MiB, 278.17 W, 300.00 W, 72, 2385 MHz
2026/09/23 07:39:54.346, 0, 90 %, 80 %, 3589 MiB, 49140 MiB, 279.03 W, 300.00 W, 71, 2400 MHz
2026/09/23 07:39:55.348, 0, 91 %, 76 %, 3589 MiB, 49140 MiB, 278.45 W, 300.00 W, 72, 2445 MHz
2026/09/23 07:39:56.349, 0, 90 %, 78 %, 3589 MiB, 49140 MiB, 277.90 W, 300.00 W, 71, 2190 MHz
2026/09/23 07:39:57.349, 0, 84 %, 74 %, 3589 MiB, 49140 MiB, 277.61 W, 300.00 W, 70, 2400 MHz
2026/09/23 07:39:58.350, 0, 89 %, 76 %, 3589 MiB, 49140 MiB, 277.76 W, 300.00 W, 71, 2445 MHz
2026/09/23 07:39:59.351, 0, 93 %, 80 %, 3589 MiB, 49140 MiB, 277.62 W, 300.00 W, 70, 2190 MHz
2026/09/23 07:40:00.351, 0, 94 %, 81 %, 3589 MiB, 49140 MiB, 279.95 W, 300.00 W, 70, 2220 MHz
2026/09/23 07:40:01.352, 0, 0 %, 0 %, 3589 MiB, 49140 MiB, 239.05 W, 300.00 W, 67, 2745 MHz
2026/09/23 07:40:02.352, 0, 90 %, 80 %, 3589 MiB, 49140 MiB, 143.21 W, 300.00 W, 72, 2475 MHz
2026/09/23 07:40:03.353, 0, 94 %, 81 %, 3589 MiB, 49140 MiB, 278.14 W, 300.00 W, 71, 2430 MHz
2026/09/23 07:40:04.354, 0, 94 %, 80 %, 3589 MiB, 49140 MiB, 280.34 W, 300.00 W, 72, 2355 MHz
2026/09/23 07:40:05.355, 0, 91 %, 80 %, 3589 MiB, 49140 MiB, 278.11 W, 300.00 W, 70, 2130 MHz
2026/09/23 07:40:06.358, 0, 88 %, 75 %, 3589 MiB, 49140 MiB, 278.31 W, 300.00 W, 70, 2370 MHz
2026/09/23 07:40:07.358, 0, 85 %, 74 %, 3589 MiB, 49140 MiB, 276.91 W, 300.00 W, 73, 2430 MHz
2026/09/23 07:40:08.359, 0, 90 %, 78 %, 3589 MiB, 49140 MiB, 275.72 W, 300.00 W, 71, 2385 MHz
2026/09/23 07:40:09.360, 0, 87 %, 76 %, 3589 MiB, 49140 MiB, 277.72 W, 300.00 W, 72, 2310 MHz
2026/09/23 07:40:10.361, 0, 95 %, 80 %, 3589 MiB, 49140 MiB, 279.14 W, 300.00 W, 71, 2145 MHz
2026/09/23 07:40:11.362, 0, 93 %, 79 %, 3589 MiB, 49140 MiB, 277.89 W, 300.00 W, 71, 2400 MHz
2026/09/23 07:40:12.363, 0, 89 %, 78 %, 3589 MiB, 49140 MiB, 278.58 W, 300.00 W, 70, 2460 MHz
2026/09/23 07:40:13.364, 0, 92 %, 81 %, 3589 MiB, 49140 MiB, 278.67 W, 300.00 W, 72, 2190 MHz
2026/09/23 07:40:14.365, 0, 0 %, 0 %, 3589 MiB, 49140 MiB, 226.21 W, 300.00 W, 66, 2745 MHz
2026/09/23 07:40:15.365, 0, 89 %, 79 %, 3589 MiB, 49140 MiB, 153.14 W, 300.00 W, 70, 2340 MHz
2026/09/23 07:40:16.367, 0, 95 %, 82 %, 3589 MiB, 49140 MiB, 280.12 W, 300.00 W, 70, 2400 MHz
2026/09/23 07:40:17.367, 0, 94 %, 79 %, 3589 MiB, 49140 MiB, 280.81 W, 300.00 W, 71, 2430 MHz
2026/09/23 07:40:18.369, 0, 89 %, 76 %, 3589 MiB, 49140 MiB, 274.82 W, 300.00 W, 71, 2325 MHz
2026/09/23 07:40:19.370, 0, 90 %, 77 %, 3589 MiB, 49140 MiB, 275.80 W, 300.00 W, 71, 2460 MHz
2026/09/23 07:40:20.370, 0, 92 %, 81 %, 3589 MiB, 49140 MiB, 277.50 W, 300.00 W, 72, 2280 MHz
2026/09/23 07:40:21.371, 0, 91 %, 78 %, 3589 MiB, 49140 MiB, 276.97 W, 300.00 W, 71, 2310 MHz
2026/09/23 07:40:22.372, 0, 90 %, 76 %, 3589 MiB, 49140 MiB, 277.05 W, 300.00 W, 71, 2400 MHz
2026/09/23 07:40:23.372, 0, 85 %, 75 %, 3589 MiB, 49140 MiB, 278.92 W, 300.00 W, 71, 2445 MHz
2026/09/23 07:40:24.373, 0, 90 %, 81 %, 3589 MiB, 49140 MiB, 280.35 W, 300.00 W, 73, 2100 MHz
2026/09/23 07:40:25.374, 0, 91 %, 77 %, 3589 MiB, 49140 MiB, 277.85 W, 300.00 W, 71, 2355 MHz
2026/09/23 07:40:26.375, 0, 93 %, 78 %, 3589 MiB, 49140 MiB, 276.36 W, 300.00 W, 71, 2430 MHz
2026/09/23 07:40:27.375, 0, 0 %, 0 %, 3589 MiB, 49140 MiB, 209.00 W, 300.00 W, 66, 2745 MHz
2026/09/23 07:40:28.376, 0, 86 %, 75 %, 3589 MiB, 49140 MiB, 166.33 W, 300.00 W, 72, 2280 MHz
2026/09/23 07:40:29.376, 0, 93 %, 79 %, 3589 MiB, 49140 MiB, 275.81 W, 300.00 W, 71, 2400 MHz
2026/09/23 07:40:30.377, 0, 94 %, 82 %, 3589 MiB, 49140 MiB, 275.46 W, 300.00 W, 71, 2400 MHz
2026/09/23 07:40:31.378, 0, 91 %, 80 %, 3589 MiB, 49140 MiB, 278.72 W, 300.00 W, 72, 2370 MHz
2026/09/23 07:40:32.378, 0, 90 %, 79 %, 3589 MiB, 49140 MiB, 279.58 W, 300.00 W, 72, 2205 MHz
2026/09/23 07:40:33.379, 0, 88 %, 78 %, 3589 MiB, 49140 MiB, 279.26 W, 300.00 W, 71, 2160 MHz
2026/09/23 07:40:34.381, 0, 89 %, 79 %, 3589 MiB, 49140 MiB, 278.73 W, 300.00 W, 72, 2310 MHz
2026/09/23 07:40:35.382, 0, 94 %, 80 %, 3589 MiB, 49140 MiB, 277.78 W, 300.00 W, 71, 2460 MHz
2026/09/23 07:40:36.382, 0, 89 %, 79 %, 3589 MiB, 49140 MiB, 276.66 W, 300.00 W, 72, 2160 MHz
2026/09/23 07:40:37.383, 0, 89 %, 77 %, 3589 MiB, 49140 MiB, 280.17 W, 300.00 W, 72, 2340 MHz
2026/09/23 07:40:38.383, 0, 91 %, 78 %, 3589 MiB, 49140 MiB, 277.76 W, 300.00 W, 71, 2340 MHz
2026/09/23 07:40:39.385, 0, 91 %, 80 %, 3589 MiB, 49140 MiB, 276.96 W, 300.00 W, 71, 2340 MHz
2026/09/23 07:40:40.385, 0, 0 %, 0 %, 3589 MiB, 49140 MiB, 206.01 W, 300.00 W, 66, 2745 MHz
2026/09/23 07:40:41.387, 0, 89 %, 77 %, 3589 MiB, 49140 MiB, 170.12 W, 300.00 W, 71, 2520 MHz
2026/09/23 07:40:42.388, 0, 86 %, 75 %, 3589 MiB, 49140 MiB, 283.24 W, 300.00 W, 73, 2325 MHz
2026/09/23 07:40:43.389, 0, 94 %, 80 %, 3589 MiB, 49140 MiB, 280.07 W, 300.00 W, 71, 2370 MHz
2026/09/23 07:40:44.390, 0, 94 %, 80 %, 3589 MiB, 49140 MiB, 283.64 W, 300.00 W, 71, 2355 MHz
2026/09/23 07:40:45.390, 0, 92 %, 79 %, 3589 MiB, 49140 MiB, 282.81 W, 300.00 W, 72, 2355 MHz
2026/09/23 07:40:46.391, 0, 86 %, 76 %, 3589 MiB, 49140 MiB, 281.20 W, 300.00 W, 71, 2250 MHz
2026/09/23 07:40:47.392, 0, 93 %, 78 %, 3589 MiB, 49140 MiB, 281.16 W, 300.00 W, 71, 2370 MHz
2026/09/23 07:40:48.393, 0, 92 %, 79 %, 3589 MiB, 49140 MiB, 279.04 W, 300.00 W, 71, 2475 MHz
2026/09/23 07:40:49.394, 0, 89 %, 79 %, 3589 MiB, 49140 MiB, 280.62 W, 300.00 W, 72, 2355 MHz
2026/09/23 07:40:50.395, 0, 89 %, 78 %, 3589 MiB, 49140 MiB, 281.59 W, 300.00 W, 72, 2355 MHz
2026/09/23 07:40:51.395, 0, 91 %, 79 %, 3589 MiB, 49140 MiB, 281.10 W, 300.00 W, 72, 2460 MHz
2026/09/23 07:40:52.396, 0, 82 %, 72 %, 3589 MiB, 49140 MiB, 280.18 W, 300.00 W, 73, 2205 MHz
2026/09/23 07:40:53.396, 0, 0 %, 0 %, 3589 MiB, 49140 MiB, 207.73 W, 300.00 W, 66, 2745 MHz
2026/09/23 07:40:54.398, 0, 91 %, 78 %, 3589 MiB, 49140 MiB, 172.51 W, 300.00 W, 71, 2370 MHz
2026/09/23 07:40:55.399, 0, 91 %, 76 %, 3589 MiB, 49140 MiB, 279.28 W, 300.00 W, 71, 2415 MHz
2026/09/23 07:40:56.400, 0, 87 %, 76 %, 3589 MiB, 49140 MiB, 279.28 W, 300.00 W, 70, 2370 MHz
2026/09/23 07:40:57.401, 0, 89 %, 78 %, 3589 MiB, 49140 MiB, 278.07 W, 300.00 W, 72, 2160 MHz
2026/09/23 07:40:58.401, 0, 91 %, 77 %, 3589 MiB, 49140 MiB, 275.22 W, 300.00 W, 71, 2415 MHz
2026/09/23 07:40:59.402, 0, 88 %, 77 %, 3589 MiB, 49140 MiB, 277.62 W, 300.00 W, 70, 2190 MHz
2026/09/23 07:41:00.403, 0, 93 %, 79 %, 3589 MiB, 49140 MiB, 279.39 W, 300.00 W, 71, 2460 MHz
2026/09/23 07:41:01.403, 0, 92 %, 78 %, 3589 MiB, 49140 MiB, 282.63 W, 300.00 W, 71, 2400 MHz
2026/09/23 07:41:02.405, 0, 88 %, 77 %, 3589 MiB, 49140 MiB, 280.22 W, 300.00 W, 70, 2460 MHz
2026/09/23 07:41:03.406, 0, 90 %, 79 %, 3589 MiB, 49140 MiB, 282.32 W, 300.00 W, 71, 2385 MHz
2026/09/23 07:41:04.407, 0, 89 %, 79 %, 3589 MiB, 49140 MiB, 280.86 W, 300.00 W, 73, 2340 MHz
2026/09/23 07:41:05.408, 0, 88 %, 78 %, 3589 MiB, 49140 MiB, 282.41 W, 300.00 W, 71, 2580 MHz
2026/09/23 07:41:06.409, 0, 0 %, 0 %, 3589 MiB, 49140 MiB, 203.18 W, 300.00 W, 66, 2745 MHz
2026/09/23 07:41:07.409, 0, 90 %, 79 %, 3589 MiB, 49140 MiB, 179.51 W, 300.00 W, 71, 2340 MHz
2026/09/23 07:41:08.410, 0, 87 %, 76 %, 3589 MiB, 49140 MiB, 281.07 W, 300.00 W, 72, 2340 MHz
2026/09/23 07:41:09.411, 0, 92 %, 80 %, 3589 MiB, 49140 MiB, 282.01 W, 300.00 W, 72, 2445 MHz
2026/09/23 07:41:10.412, 0, 90 %, 78 %, 3589 MiB, 49140 MiB, 281.66 W, 300.00 W, 72, 2535 MHz
2026/09/23 07:41:11.413, 0, 90 %, 77 %, 3589 MiB, 49140 MiB, 281.23 W, 300.00 W, 72, 2430 MHz
2026/09/23 07:41:12.414, 0, 90 %, 80 %, 3589 MiB, 49140 MiB, 281.04 W, 300.00 W, 73, 2325 MHz
2026/09/23 07:41:13.416, 0, 89 %, 79 %, 3589 MiB, 49140 MiB, 282.29 W, 300.00 W, 72, 2400 MHz
2026/09/23 07:41:14.416, 0, 91 %, 78 %, 3589 MiB, 49140 MiB, 282.82 W, 300.00 W, 72, 2430 MHz
2026/09/23 07:41:15.417, 0, 85 %, 75 %, 3589 MiB, 49140 MiB, 281.90 W, 300.00 W, 73, 2400 MHz
2026/09/23 07:41:16.418, 0, 92 %, 82 %, 3589 MiB, 49140 MiB, 282.83 W, 300.00 W, 72, 2460 MHz
2026/09/23 07:41:17.419, 0, 88 %, 79 %, 3589 MiB, 49140 MiB, 282.99 W, 300.00 W, 72, 2475 MHz
2026/09/23 07:41:18.420, 0, 64 %, 40 %, 3589 MiB, 49140 MiB, 279.71 W, 300.00 W, 72, 2550 MHz
2026/09/23 07:41:19.421, 0, 0 %, 0 %, 3589 MiB, 49140 MiB, 178.69 W, 300.00 W, 66, 2745 MHz
2026/09/23 07:41:20.422, 0, 87 %, 75 %, 3589 MiB, 49140 MiB, 200.39 W, 300.00 W, 72, 2490 MHz
2026/09/23 07:41:21.423, 0, 90 %, 77 %, 3589 MiB, 49140 MiB, 274.12 W, 300.00 W, 71, 2235 MHz
2026/09/23 07:41:22.424, 0, 90 %, 77 %, 3589 MiB, 49140 MiB, 275.31 W, 300.00 W, 71, 2355 MHz
2026/09/23 07:41:23.424, 0, 92 %, 79 %, 3589 MiB, 49140 MiB, 278.94 W, 300.00 W, 70, 2340 MHz
2026/09/23 07:41:24.425, 0, 88 %, 78 %, 3589 MiB, 49140 MiB, 278.09 W, 300.00 W, 71, 2430 MHz
2026/09/23 07:41:25.426, 0, 93 %, 78 %, 3589 MiB, 49140 MiB, 276.60 W, 300.00 W, 71, 2190 MHz
2026/09/23 07:41:26.427, 0, 92 %, 77 %, 3589 MiB, 49140 MiB, 276.39 W, 300.00 W, 71, 2280 MHz
2026/09/23 07:41:27.428, 0, 93 %, 79 %, 3589 MiB, 49140 MiB, 277.51 W, 300.00 W, 71, 2175 MHz
2026/09/23 07:41:28.428, 0, 93 %, 78 %, 3589 MiB, 49140 MiB, 277.68 W, 300.00 W, 71, 2295 MHz
2026/09/23 07:41:29.429, 0, 89 %, 80 %, 3589 MiB, 49140 MiB, 277.20 W, 300.00 W, 73, 2370 MHz
2026/09/23 07:41:30.430, 0, 90 %, 80 %, 3589 MiB, 49140 MiB, 278.81 W, 300.00 W, 71, 2475 MHz
2026/09/23 07:41:31.431, 0, 67 %, 42 %, 3589 MiB, 49140 MiB, 274.49 W, 300.00 W, 71, 2595 MHz
2026/09/23 07:41:32.432, 0, 0 %, 0 %, 3589 MiB, 49140 MiB, 163.06 W, 300.00 W, 66, 2745 MHz
2026/09/23 07:41:33.433, 0, 88 %, 78 %, 3589 MiB, 49140 MiB, 209.99 W, 300.00 W, 71, 2235 MHz
2026/09/23 07:41:34.434, 0, 92 %, 79 %, 3589 MiB, 49140 MiB, 276.53 W, 300.00 W, 71, 2370 MHz
2026/09/23 07:41:35.434, 0, 90 %, 77 %, 3589 MiB, 49140 MiB, 280.34 W, 300.00 W, 70, 2460 MHz
2026/09/23 07:41:36.435, 0, 92 %, 80 %, 3589 MiB, 49140 MiB, 279.02 W, 300.00 W, 72, 2415 MHz
2026/09/23 07:41:37.435, 0, 90 %, 79 %, 3589 MiB, 49140 MiB, 278.46 W, 300.00 W, 72, 2340 MHz
2026/09/23 07:41:38.436, 0, 93 %, 80 %, 3589 MiB, 49140 MiB, 277.24 W, 300.00 W, 71, 2160 MHz
2026/09/23 07:41:39.437, 0, 91 %, 80 %, 3589 MiB, 49140 MiB, 277.61 W, 300.00 W, 72, 2400 MHz
2026/09/23 07:41:40.438, 0, 93 %, 78 %, 3589 MiB, 49140 MiB, 276.98 W, 300.00 W, 71, 2325 MHz
2026/09/23 07:41:41.439, 0, 91 %, 77 %, 3589 MiB, 49140 MiB, 278.85 W, 300.00 W, 71, 2385 MHz
2026/09/23 07:41:42.440, 0, 89 %, 78 %, 3589 MiB, 49140 MiB, 276.47 W, 300.00 W, 72, 2235 MHz
2026/09/23 07:41:43.441, 0, 89 %, 76 %, 3589 MiB, 49140 MiB, 277.80 W, 300.00 W, 71, 2445 MHz
2026/09/23 07:41:44.442, 0, 61 %, 39 %, 3589 MiB, 49140 MiB, 273.57 W, 300.00 W, 72, 2565 MHz
2026/09/23 07:41:45.442, 0, 0 %, 0 %, 3589 MiB, 49140 MiB, 162.25 W, 300.00 W, 66, 2745 MHz
2026/09/23 07:41:46.443, 0, 93 %, 81 %, 3589 MiB, 49140 MiB, 216.22 W, 300.00 W, 71, 2220 MHz
2026/09/23 07:41:47.444, 0, 92 %, 79 %, 3589 MiB, 49140 MiB, 281.18 W, 300.00 W, 71, 2445 MHz
2026/09/23 07:41:48.445, 0, 93 %, 79 %, 3589 MiB, 49140 MiB, 283.95 W, 300.00 W, 70, 2400 MHz
2026/09/23 07:41:49.446, 0, 88 %, 78 %, 3589 MiB, 49140 MiB, 281.49 W, 300.00 W, 70, 2520 MHz
2026/09/23 07:41:50.447, 0, 92 %, 81 %, 3589 MiB, 49140 MiB, 281.60 W, 300.00 W, 70, 2430 MHz
2026/09/23 07:41:51.448, 0, 86 %, 75 %, 3589 MiB, 49140 MiB, 280.70 W, 300.00 W, 72, 2340 MHz
2026/09/23 07:41:52.449, 0, 92 %, 80 %, 3589 MiB, 49140 MiB, 281.27 W, 300.00 W, 72, 2175 MHz
2026/09/23 07:41:53.450, 0, 94 %, 82 %, 3589 MiB, 49140 MiB, 282.19 W, 300.00 W, 73, 2370 MHz
2026/09/23 07:41:54.451, 0, 90 %, 78 %, 3589 MiB, 49140 MiB, 280.40 W, 300.00 W, 70, 2400 MHz
2026/09/23 07:41:55.451, 0, 88 %, 78 %, 3589 MiB, 49140 MiB, 281.13 W, 300.00 W, 71, 2430 MHz
2026/09/23 07:41:56.452, 0, 90 %, 79 %, 3589 MiB, 49140 MiB, 279.33 W, 300.00 W, 71, 2460 MHz
2026/09/23 07:41:57.453, 0, 56 %, 37 %, 3589 MiB, 49140 MiB, 276.71 W, 300.00 W, 72, 2595 MHz
2026/09/23 07:41:58.453, 0, 0 %, 0 %, 3589 MiB, 49140 MiB, 147.68 W, 300.00 W, 65, 2565 MHz
2026/09/23 07:41:59.454, 0, 90 %, 76 %, 3589 MiB, 49140 MiB, 228.62 W, 300.00 W, 71, 2385 MHz
2026/09/23 07:42:00.455, 0, 89 %, 79 %, 3589 MiB, 49140 MiB, 276.83 W, 300.00 W, 72, 2190 MHz
2026/09/23 07:42:01.455, 0, 92 %, 79 %, 3589 MiB, 49140 MiB, 280.65 W, 300.00 W, 70, 2310 MHz
2026/09/23 07:42:02.456, 0, 92 %, 79 %, 3589 MiB, 49140 MiB, 278.11 W, 300.00 W, 71, 2235 MHz
2026/09/23 07:42:03.457, 0, 89 %, 79 %, 3589 MiB, 49140 MiB, 275.60 W, 300.00 W, 72, 2160 MHz
2026/09/23 07:42:04.458, 0, 90 %, 77 %, 3589 MiB, 49140 MiB, 277.93 W, 300.00 W, 72, 2190 MHz
2026/09/23 07:42:05.459, 0, 93 %, 81 %, 3589 MiB, 49140 MiB, 279.43 W, 300.00 W, 70, 2415 MHz
2026/09/23 07:42:06.460, 0, 88 %, 76 %, 3589 MiB, 49140 MiB, 278.84 W, 300.00 W, 71, 2325 MHz
2026/09/23 07:42:07.460, 0, 86 %, 76 %, 3589 MiB, 49140 MiB, 281.07 W, 300.00 W, 72, 2160 MHz
2026/09/23 07:42:08.461, 0, 86 %, 76 %, 3589 MiB, 49140 MiB, 278.21 W, 300.00 W, 73, 2370 MHz
2026/09/23 07:42:09.462, 0, 89 %, 79 %, 3589 MiB, 49140 MiB, 277.85 W, 300.00 W, 72, 2355 MHz
2026/09/23 07:42:10.463, 0, 73 %, 46 %, 3589 MiB, 49140 MiB, 271.43 W, 300.00 W, 71, 2565 MHz
2026/09/23 07:42:11.464, 0, 1 %, 1 %, 3589 MiB, 49140 MiB, 128.78 W, 300.00 W, 71, 2190 MHz
2026/09/23 07:42:12.465, 0, 90 %, 80 %, 3589 MiB, 49140 MiB, 283.03 W, 300.00 W, 71, 2490 MHz
2026/09/23 07:42:13.466, 0, 87 %, 76 %, 3589 MiB, 49140 MiB, 281.94 W, 300.00 W, 71, 2400 MHz
2026/09/23 07:42:14.466, 0, 92 %, 80 %, 3589 MiB, 49140 MiB, 282.99 W, 300.00 W, 72, 2325 MHz
2026/09/23 07:42:15.467, 0, 93 %, 79 %, 3589 MiB, 49140 MiB, 284.36 W, 300.00 W, 72, 2145 MHz
2026/09/23 07:42:16.468, 0, 91 %, 80 %, 3589 MiB, 49140 MiB, 283.94 W, 300.00 W, 72, 2145 MHz
2026/09/23 07:42:17.469, 0, 89 %, 77 %, 3589 MiB, 49140 MiB, 282.98 W, 300.00 W, 72, 2415 MHz
2026/09/23 07:42:18.470, 0, 90 %, 78 %, 3589 MiB, 49140 MiB, 284.14 W, 300.00 W, 71, 2430 MHz
2026/09/23 07:42:19.471, 0, 89 %, 78 %, 3589 MiB, 49140 MiB, 284.35 W, 300.00 W, 71, 2460 MHz
2026/09/23 07:42:20.472, 0, 91 %, 81 %, 3589 MiB, 49140 MiB, 283.60 W, 300.00 W, 71, 2460 MHz
2026/09/23 07:42:21.472, 0, 90 %, 78 %, 3589 MiB, 49140 MiB, 283.91 W, 300.00 W, 71, 2385 MHz
2026/09/23 07:42:22.473, 0, 90 %, 77 %, 3589 MiB, 49140 MiB, 283.65 W, 300.00 W, 72, 2460 MHz
2026/09/23 07:42:23.475, 0, 72 %, 46 %, 3589 MiB, 49140 MiB, 188.73 W, 300.00 W, 70, 2310 MHz
2026/09/23 07:42:24.475, 0, 0 %, 0 %, 3589 MiB, 49140 MiB, 170.88 W, 300.00 W, 66, 2745 MHz
2026/09/23 07:42:25.476, 0, 92 %, 79 %, 3589 MiB, 49140 MiB, 224.81 W, 300.00 W, 70, 2355 MHz
2026/09/23 07:42:26.479, 0, 86 %, 75 %, 3589 MiB, 49140 MiB, 282.69 W, 300.00 W, 72, 2415 MHz
2026/09/23 07:42:27.479, 0, 90 %, 76 %, 3589 MiB, 49140 MiB, 282.21 W, 300.00 W, 71, 2370 MHz
2026/09/23 07:42:28.480, 0, 90 %, 79 %, 3589 MiB, 49140 MiB, 285.76 W, 300.00 W, 71, 2370 MHz
2026/09/23 07:42:29.481, 0, 89 %, 77 %, 3589 MiB, 49140 MiB, 281.95 W, 300.00 W, 71, 2460 MHz
2026/09/23 07:42:30.483, 0, 89 %, 77 %, 3589 MiB, 49140 MiB, 281.07 W, 300.00 W, 70, 2475 MHz
2026/09/23 07:42:31.483, 0, 91 %, 77 %, 3589 MiB, 49140 MiB, 282.40 W, 300.00 W, 73, 2325 MHz
2026/09/23 07:42:32.484, 0, 93 %, 79 %, 3589 MiB, 49140 MiB, 283.60 W, 300.00 W, 72, 2190 MHz
2026/09/23 07:42:33.485, 0, 91 %, 78 %, 3589 MiB, 49140 MiB, 284.34 W, 300.00 W, 73, 2280 MHz
2026/09/23 07:42:34.486, 0, 90 %, 78 %, 3589 MiB, 49140 MiB, 282.46 W, 300.00 W, 73, 2355 MHz
2026/09/23 07:42:35.486, 0, 93 %, 82 %, 3589 MiB, 49140 MiB, 283.07 W, 300.00 W, 72, 2445 MHz
2026/09/23 07:42:36.488, 0, 60 %, 39 %, 3589 MiB, 49140 MiB, 280.58 W, 300.00 W, 72, 2550 MHz
2026/09/23 07:42:37.489, 0, 0 %, 0 %, 3589 MiB, 49140 MiB, 154.13 W, 300.00 W, 66, 2745 MHz
2026/09/23 07:42:38.490, 0, 85 %, 74 %, 3589 MiB, 49140 MiB, 233.44 W, 300.00 W, 72, 2520 MHz
2026/09/23 07:42:39.493, 0, 90 %, 79 %, 3589 MiB, 49140 MiB, 280.75 W, 300.00 W, 70, 2340 MHz
2026/09/23 07:42:40.493, 0, 89 %, 78 %, 3589 MiB, 49140 MiB, 282.76 W, 300.00 W, 71, 2265 MHz
2026/09/23 07:42:41.494, 0, 95 %, 83 %, 3589 MiB, 49140 MiB, 280.72 W, 300.00 W, 71, 2190 MHz
2026/09/23 07:42:42.496, 0, 88 %, 77 %, 3589 MiB, 49140 MiB, 282.58 W, 300.00 W, 70, 2115 MHz
2026/09/23 07:42:43.497, 0, 92 %, 77 %, 3589 MiB, 49140 MiB, 280.37 W, 300.00 W, 71, 2370 MHz
2026/09/23 07:42:44.497, 0, 88 %, 76 %, 3589 MiB, 49140 MiB, 280.94 W, 300.00 W, 71, 2415 MHz
2026/09/23 07:42:45.498, 0, 90 %, 78 %, 3589 MiB, 49140 MiB, 282.20 W, 300.00 W, 72, 2445 MHz
2026/09/23 07:42:46.499, 0, 88 %, 76 %, 3589 MiB, 49140 MiB, 281.46 W, 300.00 W, 72, 2415 MHz
2026/09/23 07:42:47.500, 0, 88 %, 76 %, 3589 MiB, 49140 MiB, 281.03 W, 300.00 W, 71, 2400 MHz
2026/09/23 07:42:48.501, 0, 95 %, 83 %, 3589 MiB, 49140 MiB, 282.45 W, 300.00 W, 71, 2175 MHz
2026/09/23 07:42:49.502, 0, 70 %, 44 %, 3589 MiB, 49140 MiB, 275.90 W, 300.00 W, 72, 2550 MHz
2026/09/23 07:42:50.502, 0, 0 %, 0 %, 3589 MiB, 49140 MiB, 134.82 W, 300.00 W, 66, 2745 MHz
2026/09/23 07:42:51.503, 0, 89 %, 78 %, 3589 MiB, 49140 MiB, 256.38 W, 300.00 W, 71, 2460 MHz
2026/09/23 07:42:52.504, 0, 88 %, 77 %, 3589 MiB, 49140 MiB, 282.00 W, 300.00 W, 71, 2475 MHz
2026/09/23 07:42:53.506, 0, 92 %, 78 %, 3589 MiB, 49140 MiB, 278.64 W, 300.00 W, 70, 2235 MHz
2026/09/23 07:42:54.507, 0, 91 %, 80 %, 3589 MiB, 49140 MiB, 280.33 W, 300.00 W, 70, 2460 MHz
2026/09/23 07:42:55.508, 0, 93 %, 83 %, 3589 MiB, 49140 MiB, 281.41 W, 300.00 W, 70, 2415 MHz
2026/09/23 07:42:56.509, 0, 89 %, 78 %, 3589 MiB, 49140 MiB, 281.24 W, 300.00 W, 71, 2415 MHz
2026/09/23 07:42:57.510, 0, 94 %, 83 %, 3589 MiB, 49140 MiB, 280.82 W, 300.00 W, 71, 2310 MHz
2026/09/23 07:42:58.511, 0, 91 %, 80 %, 3589 MiB, 49140 MiB, 279.45 W, 300.00 W, 70, 2430 MHz
2026/09/23 07:42:59.512, 0, 93 %, 82 %, 3589 MiB, 49140 MiB, 282.74 W, 300.00 W, 71, 2415 MHz
2026/09/23 07:43:00.513, 0, 87 %, 75 %, 3589 MiB, 49140 MiB, 281.94 W, 300.00 W, 71, 2430 MHz
2026/09/23 07:43:01.515, 0, 91 %, 78 %, 3589 MiB, 49140 MiB, 281.61 W, 300.00 W, 72, 2400 MHz
2026/09/23 07:43:02.516, 0, 63 %, 40 %, 3589 MiB, 49140 MiB, 273.31 W, 300.00 W, 72, 2595 MHz
2026/09/23 07:43:03.516, 0, 36 %, 30 %, 3589 MiB, 49140 MiB, 126.23 W, 300.00 W, 66, 2325 MHz
2026/09/23 07:43:04.517, 0, 92 %, 78 %, 3589 MiB, 49140 MiB, 270.39 W, 300.00 W, 71, 2370 MHz
2026/09/23 07:43:05.518, 0, 92 %, 81 %, 3589 MiB, 49140 MiB, 283.83 W, 300.00 W, 71, 2370 MHz
2026/09/23 07:43:06.519, 0, 92 %, 81 %, 3589 MiB, 49140 MiB, 279.78 W, 300.00 W, 70, 2325 MHz
2026/09/23 07:43:07.520, 0, 89 %, 77 %, 3589 MiB, 49140 MiB, 279.88 W, 300.00 W, 72, 2475 MHz
2026/09/23 07:43:08.521, 0, 91 %, 79 %, 3589 MiB, 49140 MiB, 279.07 W, 300.00 W, 70, 2430 MHz
2026/09/23 07:43:09.521, 0, 87 %, 75 %, 3589 MiB, 49140 MiB, 281.34 W, 300.00 W, 71, 2430 MHz
2026/09/23 07:43:10.522, 0, 87 %, 75 %, 3589 MiB, 49140 MiB, 281.75 W, 300.00 W, 72, 2475 MHz
2026/09/23 07:43:11.524, 0, 88 %, 76 %, 3589 MiB, 49140 MiB, 282.74 W, 300.00 W, 71, 2415 MHz
2026/09/23 07:43:12.525, 0, 93 %, 81 %, 3589 MiB, 49140 MiB, 280.78 W, 300.00 W, 71, 2145 MHz
2026/09/23 07:43:13.526, 0, 84 %, 73 %, 3589 MiB, 49140 MiB, 278.28 W, 300.00 W, 70, 2190 MHz
2026/09/23 07:43:14.527, 0, 88 %, 76 %, 3589 MiB, 49140 MiB, 280.71 W, 300.00 W, 72, 2445 MHz
2026/09/23 07:43:15.527, 0, 63 %, 40 %, 3589 MiB, 49140 MiB, 268.96 W, 300.00 W, 70, 2490 MHz
2026/09/23 07:43:16.528, 0, 51 %, 44 %, 3589 MiB, 49140 MiB, 125.07 W, 300.00 W, 65, 2490 MHz
2026/09/23 07:43:17.529, 0, 92 %, 80 %, 3589 MiB, 49140 MiB, 278.74 W, 300.00 W, 71, 2325 MHz
2026/09/23 07:43:18.529, 0, 90 %, 79 %, 3589 MiB, 49140 MiB, 279.60 W, 300.00 W, 72, 2355 MHz
2026/09/23 07:43:19.530, 0, 87 %, 76 %, 3589 MiB, 49140 MiB, 279.24 W, 300.00 W, 71, 2400 MHz
2026/09/23 07:43:20.531, 0, 88 %, 76 %, 3589 MiB, 49140 MiB, 277.67 W, 300.00 W, 72, 2445 MHz
2026/09/23 07:43:21.532, 0, 94 %, 82 %, 3589 MiB, 49140 MiB, 281.11 W, 300.00 W, 70, 2370 MHz
2026/09/23 07:43:22.533, 0, 90 %, 78 %, 3589 MiB, 49140 MiB, 279.23 W, 300.00 W, 71, 2445 MHz
2026/09/23 07:43:23.534, 0, 92 %, 80 %, 3589 MiB, 49140 MiB, 279.04 W, 300.00 W, 72, 2400 MHz
2026/09/23 07:43:24.535, 0, 87 %, 75 %, 3589 MiB, 49140 MiB, 278.34 W, 300.00 W, 71, 2430 MHz
2026/09/23 07:43:25.536, 0, 91 %, 79 %, 3589 MiB, 49140 MiB, 277.83 W, 300.00 W, 72, 2325 MHz
2026/09/23 07:43:26.536, 0, 88 %, 77 %, 3589 MiB, 49140 MiB, 277.46 W, 300.00 W, 70, 2340 MHz
2026/09/23 07:43:27.537, 0, 88 %, 76 %, 3589 MiB, 49140 MiB, 278.60 W, 300.00 W, 71, 2490 MHz
2026/09/23 07:43:28.539, 0, 57 %, 37 %, 3589 MiB, 49140 MiB, 262.77 W, 300.00 W, 71, 2730 MHz
2026/09/23 07:43:29.539, 0, 86 %, 75 %, 3589 MiB, 49140 MiB, 126.04 W, 300.00 W, 70, 2400 MHz
2026/09/23 07:43:30.540, 0, 91 %, 79 %, 3589 MiB, 49140 MiB, 277.08 W, 300.00 W, 71, 2445 MHz
2026/09/23 07:43:31.542, 0, 88 %, 77 %, 3589 MiB, 49140 MiB, 278.67 W, 300.00 W, 70, 2385 MHz
2026/09/23 07:43:32.544, 0, 94 %, 78 %, 3589 MiB, 49140 MiB, 277.31 W, 300.00 W, 71, 2370 MHz
2026/09/23 07:43:33.545, 0, 88 %, 76 %, 3589 MiB, 49140 MiB, 277.86 W, 300.00 W, 70, 2460 MHz
2026/09/23 07:43:34.546, 0, 92 %, 81 %, 3589 MiB, 49140 MiB, 279.15 W, 300.00 W, 70, 2400 MHz
2026/09/23 07:43:35.547, 0, 88 %, 77 %, 3589 MiB, 49140 MiB, 277.64 W, 300.00 W, 71, 2460 MHz
2026/09/23 07:43:36.548, 0, 94 %, 82 %, 3589 MiB, 49140 MiB, 277.58 W, 300.00 W, 71, 2385 MHz
2026/09/23 07:43:37.548, 0, 94 %, 82 %, 3589 MiB, 49140 MiB, 279.73 W, 300.00 W, 71, 2310 MHz
2026/09/23 07:43:38.550, 0, 89 %, 78 %, 3589 MiB, 49140 MiB, 276.39 W, 300.00 W, 72, 2505 MHz
2026/09/23 07:43:39.551, 0, 90 %, 78 %, 3589 MiB, 49140 MiB, 277.41 W, 300.00 W, 72, 2445 MHz
2026/09/23 07:43:40.551, 0, 93 %, 82 %, 3589 MiB, 49140 MiB, 275.49 W, 300.00 W, 72, 2400 MHz
2026/09/23 07:43:41.552, 0, 17 %, 11 %, 3589 MiB, 49140 MiB, 254.07 W, 300.00 W, 67, 2730 MHz
2026/09/23 07:43:42.552, 0, 94 %, 80 %, 3589 MiB, 49140 MiB, 129.98 W, 300.00 W, 70, 2370 MHz
2026/09/23 07:43:43.554, 0, 91 %, 77 %, 3589 MiB, 49140 MiB, 276.93 W, 300.00 W, 71, 2340 MHz
2026/09/23 07:43:44.555, 0, 92 %, 79 %, 3589 MiB, 49140 MiB, 276.79 W, 300.00 W, 70, 2130 MHz
2026/09/23 07:43:45.555, 0, 94 %, 78 %, 3589 MiB, 49140 MiB, 280.22 W, 300.00 W, 71, 2340 MHz
2026/09/23 07:43:46.556, 0, 90 %, 79 %, 3589 MiB, 49140 MiB, 277.66 W, 300.00 W, 71, 2160 MHz
2026/09/23 07:43:47.557, 0, 92 %, 80 %, 3589 MiB, 49140 MiB, 278.73 W, 300.00 W, 71, 2340 MHz
2026/09/23 07:43:48.558, 0, 91 %, 80 %, 3589 MiB, 49140 MiB, 277.57 W, 300.00 W, 70, 2325 MHz
2026/09/23 07:43:49.559, 0, 88 %, 76 %, 3589 MiB, 49140 MiB, 278.44 W, 300.00 W, 72, 2325 MHz
2026/09/23 07:43:50.560, 0, 84 %, 72 %, 3589 MiB, 49140 MiB, 274.67 W, 300.00 W, 71, 2280 MHz
2026/09/23 07:43:51.561, 0, 89 %, 77 %, 3589 MiB, 49140 MiB, 277.51 W, 300.00 W, 71, 2175 MHz
2026/09/23 07:43:52.562, 0, 92 %, 79 %, 3589 MiB, 49140 MiB, 278.36 W, 300.00 W, 70, 2310 MHz
2026/09/23 07:43:53.564, 0, 80 %, 69 %, 3589 MiB, 49140 MiB, 277.59 W, 300.00 W, 72, 2415 MHz
2026/09/23 07:43:54.564, 0, 0 %, 0 %, 3589 MiB, 49140 MiB, 240.10 W, 300.00 W, 66, 2730 MHz
2026/09/23 07:43:55.565, 0, 88 %, 76 %, 3589 MiB, 49140 MiB, 139.48 W, 300.00 W, 70, 2460 MHz
2026/09/23 07:43:56.566, 0, 93 %, 78 %, 3589 MiB, 49140 MiB, 277.84 W, 300.00 W, 70, 2310 MHz
2026/09/23 07:43:57.566, 0, 90 %, 78 %, 3589 MiB, 49140 MiB, 277.08 W, 300.00 W, 71, 2415 MHz
2026/09/23 07:43:58.567, 0, 86 %, 74 %, 3589 MiB, 49140 MiB, 275.44 W, 300.00 W, 72, 2535 MHz
2026/09/23 07:43:59.568, 0, 87 %, 76 %, 3589 MiB, 49140 MiB, 277.80 W, 300.00 W, 71, 2340 MHz
2026/09/23 07:44:00.569, 0, 93 %, 78 %, 3589 MiB, 49140 MiB, 275.15 W, 300.00 W, 70, 2355 MHz
2026/09/23 07:44:01.570, 0, 88 %, 76 %, 3589 MiB, 49140 MiB, 275.40 W, 300.00 W, 71, 2400 MHz
2026/09/23 07:44:02.571, 0, 90 %, 79 %, 3589 MiB, 49140 MiB, 278.35 W, 300.00 W, 70, 2370 MHz
2026/09/23 07:44:03.571, 0, 91 %, 80 %, 3589 MiB, 49140 MiB, 277.70 W, 300.00 W, 72, 2370 MHz
2026/09/23 07:44:04.572, 0, 89 %, 78 %, 3589 MiB, 49140 MiB, 278.82 W, 300.00 W, 72, 2340 MHz
2026/09/23 07:44:05.573, 0, 86 %, 74 %, 3589 MiB, 49140 MiB, 277.74 W, 300.00 W, 71, 2430 MHz
2026/09/23 07:44:06.574, 0, 89 %, 77 %, 3589 MiB, 49140 MiB, 277.94 W, 300.00 W, 70, 2280 MHz
2026/09/23 07:44:07.574, 0, 0 %, 0 %, 3589 MiB, 49140 MiB, 229.50 W, 300.00 W, 66, 2745 MHz
2026/09/23 07:44:08.575, 0, 90 %, 78 %, 3589 MiB, 49140 MiB, 151.57 W, 300.00 W, 69, 2130 MHz
2026/09/23 07:44:09.576, 0, 91 %, 80 %, 3589 MiB, 49140 MiB, 278.12 W, 300.00 W, 72, 2475 MHz
2026/09/23 07:44:10.577, 0, 88 %, 75 %, 3589 MiB, 49140 MiB, 278.69 W, 300.00 W, 71, 2505 MHz
2026/09/23 07:44:11.578, 0, 93 %, 79 %, 3589 MiB, 49140 MiB, 276.83 W, 300.00 W, 71, 2265 MHz
2026/09/23 07:44:12.578, 0, 89 %, 76 %, 3589 MiB, 49140 MiB, 277.86 W, 300.00 W, 71, 2400 MHz
2026/09/23 07:44:13.580, 0, 92 %, 81 %, 3589 MiB, 49140 MiB, 277.93 W, 300.00 W, 72, 2415 MHz
2026/09/23 07:44:14.581, 0, 87 %, 75 %, 3589 MiB, 49140 MiB, 277.90 W, 300.00 W, 71, 2460 MHz
2026/09/23 07:44:15.582, 0, 93 %, 82 %, 3589 MiB, 49140 MiB, 279.73 W, 300.00 W, 72, 2325 MHz
2026/09/23 07:44:16.583, 0, 92 %, 81 %, 3589 MiB, 49140 MiB, 279.02 W, 300.00 W, 71, 2340 MHz
2026/09/23 07:44:17.584, 0, 90 %, 77 %, 3589 MiB, 49140 MiB, 278.15 W, 300.00 W, 72, 2430 MHz
2026/09/23 07:44:18.584, 0, 91 %, 79 %, 3589 MiB, 49140 MiB, 276.47 W, 300.00 W, 72, 2280 MHz
2026/09/23 07:44:19.586, 0, 90 %, 79 %, 3589 MiB, 49140 MiB, 272.58 W, 300.00 W, 71, 2400 MHz
2026/09/23 07:44:20.587, 0, 0 %, 0 %, 3589 MiB, 49140 MiB, 220.44 W, 300.00 W, 66, 2745 MHz
2026/09/23 07:44:21.587, 0, 89 %, 77 %, 3589 MiB, 49140 MiB, 154.73 W, 300.00 W, 70, 2430 MHz
2026/09/23 07:44:22.588, 0, 93 %, 79 %, 3589 MiB, 49140 MiB, 277.96 W, 300.00 W, 71, 2385 MHz
2026/09/23 07:44:23.589, 0, 94 %, 80 %, 3589 MiB, 49140 MiB, 280.65 W, 300.00 W, 70, 2445 MHz
2026/09/23 07:44:24.590, 0, 93 %, 80 %, 3589 MiB, 49140 MiB, 280.79 W, 300.00 W, 71, 2415 MHz
2026/09/23 07:44:25.591, 0, 90 %, 78 %, 3589 MiB, 49140 MiB, 279.03 W, 300.00 W, 71, 2475 MHz
2026/09/23 07:44:26.592, 0, 87 %, 75 %, 3589 MiB, 49140 MiB, 280.95 W, 300.00 W, 70, 2415 MHz
2026/09/23 07:44:27.593, 0, 88 %, 77 %, 3589 MiB, 49140 MiB, 278.88 W, 300.00 W, 72, 2130 MHz
2026/09/23 07:44:28.594, 0, 91 %, 77 %, 3589 MiB, 49140 MiB, 279.54 W, 300.00 W, 71, 2265 MHz
2026/09/23 07:44:29.595, 0, 83 %, 73 %, 3589 MiB, 49140 MiB, 279.43 W, 300.00 W, 72, 2445 MHz
2026/09/23 07:44:30.596, 0, 83 %, 74 %, 3589 MiB, 49140 MiB, 279.64 W, 300.00 W, 71, 2505 MHz
2026/09/23 07:44:31.597, 0, 89 %, 77 %, 3589 MiB, 49140 MiB, 280.22 W, 300.00 W, 71, 2355 MHz
2026/09/23 07:44:32.598, 0, 95 %, 83 %, 3589 MiB, 49140 MiB, 282.08 W, 300.00 W, 72, 2385 MHz
2026/09/23 07:44:33.598, 0, 0 %, 0 %, 3589 MiB, 49140 MiB, 221.77 W, 300.00 W, 66, 2745 MHz
2026/09/23 07:44:34.599, 0, 83 %, 72 %, 3589 MiB, 49140 MiB, 157.67 W, 300.00 W, 71, 2490 MHz
2026/09/23 07:44:35.599, 0, 93 %, 78 %, 3589 MiB, 49140 MiB, 275.13 W, 300.00 W, 70, 2370 MHz
2026/09/23 07:44:36.600, 0, 83 %, 72 %, 3589 MiB, 49140 MiB, 274.48 W, 300.00 W, 71, 2430 MHz
2026/09/23 07:44:37.600, 0, 86 %, 74 %, 3589 MiB, 49140 MiB, 274.54 W, 300.00 W, 70, 2445 MHz
2026/09/23 07:44:38.601, 0, 92 %, 80 %, 3589 MiB, 49140 MiB, 273.55 W, 300.00 W, 72, 2310 MHz
2026/09/23 07:44:39.602, 0, 88 %, 76 %, 3589 MiB, 49140 MiB, 275.62 W, 300.00 W, 71, 2445 MHz
2026/09/23 07:44:40.602, 0, 92 %, 80 %, 3589 MiB, 49140 MiB, 278.15 W, 300.00 W, 72, 2370 MHz
2026/09/23 07:44:41.603, 0, 85 %, 74 %, 3589 MiB, 49140 MiB, 276.91 W, 300.00 W, 70, 2475 MHz
2026/09/23 07:44:42.604, 0, 91 %, 79 %, 3589 MiB, 49140 MiB, 278.39 W, 300.00 W, 72, 2340 MHz
2026/09/23 07:44:43.606, 0, 94 %, 82 %, 3589 MiB, 49140 MiB, 276.16 W, 300.00 W, 71, 2310 MHz
2026/09/23 07:44:44.606, 0, 79 %, 70 %, 3589 MiB, 49140 MiB, 273.53 W, 300.00 W, 71, 2475 MHz
2026/09/23 07:44:45.607, 0, 88 %, 76 %, 3589 MiB, 49140 MiB, 274.93 W, 300.00 W, 71, 2460 MHz
2026/09/23 07:44:46.608, 0, 0 %, 0 %, 3589 MiB, 49140 MiB, 237.70 W, 300.00 W, 66, 2745 MHz
2026/09/23 07:44:47.608, 0, 87 %, 76 %, 3589 MiB, 49140 MiB, 117.40 W, 300.00 W, 70, 2280 MHz
2026/09/23 07:44:48.609, 0, 94 %, 83 %, 3589 MiB, 49140 MiB, 277.40 W, 300.00 W, 72, 2145 MHz
2026/09/23 07:44:49.610, 0, 89 %, 78 %, 3589 MiB, 49140 MiB, 275.85 W, 300.00 W, 71, 2460 MHz
2026/09/23 07:44:50.611, 0, 87 %, 76 %, 3589 MiB, 49140 MiB, 280.33 W, 300.00 W, 70, 2355 MHz
2026/09/23 07:44:51.613, 0, 90 %, 77 %, 3589 MiB, 49140 MiB, 277.85 W, 300.00 W, 71, 2505 MHz
2026/09/23 07:44:52.614, 0, 91 %, 80 %, 3589 MiB, 49140 MiB, 278.26 W, 300.00 W, 71, 2310 MHz
2026/09/23 07:44:53.614, 0, 90 %, 79 %, 3589 MiB, 49140 MiB, 279.52 W, 300.00 W, 72, 2475 MHz
2026/09/23 07:44:54.615, 0, 91 %, 78 %, 3589 MiB, 49140 MiB, 278.47 W, 300.00 W, 71, 2385 MHz
2026/09/23 07:44:55.616, 0, 94 %, 79 %, 3589 MiB, 49140 MiB, 279.64 W, 300.00 W, 71, 2400 MHz
2026/09/23 07:44:56.616, 0, 89 %, 78 %, 3589 MiB, 49140 MiB, 277.30 W, 300.00 W, 71, 2460 MHz
2026/09/23 07:44:57.617, 0, 86 %, 74 %, 3589 MiB, 49140 MiB, 278.29 W, 300.00 W, 71, 2370 MHz
2026/09/23 07:44:58.618, 0, 91 %, 80 %, 3589 MiB, 49140 MiB, 278.58 W, 300.00 W, 70, 2355 MHz
2026/09/23 07:44:59.619, 0, 12 %, 8 %, 3589 MiB, 49140 MiB, 248.26 W, 300.00 W, 67, 2730 MHz
2026/09/23 07:45:00.619, 0, 86 %, 75 %, 3589 MiB, 49140 MiB, 125.92 W, 300.00 W, 69, 2415 MHz
2026/09/23 07:45:01.619, 0, 89 %, 77 %, 3589 MiB, 49140 MiB, 277.57 W, 300.00 W, 70, 2460 MHz
2026/09/23 07:45:02.620, 0, 90 %, 76 %, 3589 MiB, 49140 MiB, 279.15 W, 300.00 W, 71, 2460 MHz
2026/09/23 07:45:03.621, 0, 88 %, 77 %, 3589 MiB, 49140 MiB, 280.91 W, 300.00 W, 72, 2175 MHz
2026/09/23 07:45:04.622, 0, 93 %, 77 %, 3589 MiB, 49140 MiB, 277.54 W, 300.00 W, 70, 2415 MHz
2026/09/23 07:45:05.623, 0, 87 %, 76 %, 3589 MiB, 49140 MiB, 276.55 W, 300.00 W, 72, 2400 MHz
2026/09/23 07:45:06.624, 0, 91 %, 79 %, 3589 MiB, 49140 MiB, 275.77 W, 300.00 W, 72, 2415 MHz
2026/09/23 07:45:07.625, 0, 89 %, 76 %, 3589 MiB, 49140 MiB, 274.80 W, 300.00 W, 70, 2415 MHz
2026/09/23 07:45:08.626, 0, 88 %, 76 %, 3589 MiB, 49140 MiB, 275.75 W, 300.00 W, 70, 2205 MHz
2026/09/23 07:45:09.627, 0, 86 %, 75 %, 3589 MiB, 49140 MiB, 277.80 W, 300.00 W, 72, 2385 MHz
2026/09/23 07:45:10.628, 0, 93 %, 79 %, 3589 MiB, 49140 MiB, 275.92 W, 300.00 W, 71, 2310 MHz
2026/09/23 07:45:11.628, 0, 92 %, 81 %, 3589 MiB, 49140 MiB, 276.78 W, 300.00 W, 71, 2205 MHz
2026/09/23 07:45:12.629, 0, 4 %, 3 %, 3589 MiB, 49140 MiB, 252.52 W, 300.00 W, 67, 2730 MHz
2026/09/23 07:45:13.629, 0, 86 %, 75 %, 3589 MiB, 49140 MiB, 123.34 W, 300.00 W, 69, 2550 MHz
2026/09/23 07:45:14.630, 0, 88 %, 76 %, 3589 MiB, 49140 MiB, 273.71 W, 300.00 W, 71, 2430 MHz
2026/09/23 07:45:15.631, 0, 85 %, 74 %, 3589 MiB, 49140 MiB, 278.85 W, 300.00 W, 71, 2370 MHz
2026/09/23 07:45:16.631, 0, 87 %, 75 %, 3589 MiB, 49140 MiB, 276.36 W, 300.00 W, 70, 2370 MHz
2026/09/23 07:45:17.632, 0, 90 %, 79 %, 3589 MiB, 49140 MiB, 278.24 W, 300.00 W, 70, 2370 MHz
2026/09/23 07:45:18.633, 0, 93 %, 79 %, 3589 MiB, 49140 MiB, 279.28 W, 300.00 W, 70, 2400 MHz
2026/09/23 07:45:19.634, 0, 94 %, 81 %, 3589 MiB, 49140 MiB, 279.29 W, 300.00 W, 70, 2490 MHz
2026/09/23 07:45:20.634, 0, 91 %, 79 %, 3589 MiB, 49140 MiB, 277.67 W, 300.00 W, 71, 2445 MHz
2026/09/23 07:45:21.635, 0, 93 %, 79 %, 3589 MiB, 49140 MiB, 278.23 W, 300.00 W, 71, 2265 MHz
2026/09/23 07:45:22.636, 0, 89 %, 76 %, 3589 MiB, 49140 MiB, 274.17 W, 300.00 W, 71, 2475 MHz
2026/09/23 07:45:23.637, 0, 94 %, 80 %, 3589 MiB, 49140 MiB, 275.32 W, 300.00 W, 71, 2430 MHz
2026/09/23 07:45:24.638, 0, 94 %, 83 %, 3589 MiB, 49140 MiB, 278.12 W, 300.00 W, 71, 2175 MHz
2026/09/23 07:45:25.639, 0, 24 %, 16 %, 3589 MiB, 49140 MiB, 253.71 W, 300.00 W, 67, 2730 MHz
2026/09/23 07:45:26.639, 0, 88 %, 77 %, 3589 MiB, 49140 MiB, 124.57 W, 300.00 W, 71, 2355 MHz
2026/09/23 07:45:27.640, 0, 89 %, 78 %, 3589 MiB, 49140 MiB, 278.60 W, 300.00 W, 71, 2475 MHz
2026/09/23 07:45:28.641, 0, 90 %, 78 %, 3589 MiB, 49140 MiB, 281.08 W, 300.00 W, 71, 2160 MHz
2026/09/23 07:45:29.642, 0, 90 %, 79 %, 3589 MiB, 49140 MiB, 280.81 W, 300.00 W, 71, 2430 MHz
2026/09/23 07:45:30.642, 0, 93 %, 78 %, 3589 MiB, 49140 MiB, 282.13 W, 300.00 W, 71, 2385 MHz
2026/09/23 07:45:31.643, 0, 92 %, 77 %, 3589 MiB, 49140 MiB, 282.92 W, 300.00 W, 71, 2385 MHz
2026/09/23 07:45:32.644, 0, 89 %, 77 %, 3589 MiB, 49140 MiB, 279.60 W, 300.00 W, 72, 2250 MHz
2026/09/23 07:45:33.645, 0, 86 %, 74 %, 3589 MiB, 49140 MiB, 281.50 W, 300.00 W, 70, 2460 MHz
2026/09/23 07:45:34.646, 0, 93 %, 79 %, 3589 MiB, 49140 MiB, 282.67 W, 300.00 W, 70, 2280 MHz
2026/09/23 07:45:35.647, 0, 86 %, 75 %, 3589 MiB, 49140 MiB, 281.35 W, 300.00 W, 71, 2475 MHz
2026/09/23 07:45:36.647, 0, 91 %, 77 %, 3589 MiB, 49140 MiB, 282.55 W, 300.00 W, 71, 2370 MHz
2026/09/23 07:45:37.649, 0, 93 %, 80 %, 3589 MiB, 49140 MiB, 281.69 W, 300.00 W, 71, 2310 MHz
2026/09/23 07:45:38.651, 0, 14 %, 9 %, 3589 MiB, 49140 MiB, 256.07 W, 300.00 W, 67, 2730 MHz
2026/09/23 07:45:39.651, 0, 88 %, 77 %, 3589 MiB, 49140 MiB, 124.30 W, 300.00 W, 70, 2460 MHz
2026/09/23 07:45:40.652, 0, 92 %, 79 %, 3589 MiB, 49140 MiB, 278.47 W, 300.00 W, 71, 2460 MHz
2026/09/23 07:45:41.652, 0, 92 %, 78 %, 3589 MiB, 49140 MiB, 280.27 W, 300.00 W, 70, 2445 MHz
2026/09/23 07:45:42.653, 0, 87 %, 76 %, 3589 MiB, 49140 MiB, 278.30 W, 300.00 W, 72, 2475 MHz
2026/09/23 07:45:43.654, 0, 89 %, 78 %, 3589 MiB, 49140 MiB, 280.88 W, 300.00 W, 72, 2370 MHz
2026/09/23 07:45:44.654, 0, 91 %, 80 %, 3589 MiB, 49140 MiB, 281.31 W, 300.00 W, 71, 2460 MHz
2026/09/23 07:45:45.655, 0, 89 %, 77 %, 3589 MiB, 49140 MiB, 279.81 W, 300.00 W, 72, 2130 MHz
2026/09/23 07:45:46.657, 0, 93 %, 81 %, 3589 MiB, 49140 MiB, 282.23 W, 300.00 W, 71, 2370 MHz
2026/09/23 07:45:47.658, 0, 88 %, 76 %, 3589 MiB, 49140 MiB, 279.76 W, 300.00 W, 73, 2355 MHz
2026/09/23 07:45:48.659, 0, 93 %, 80 %, 3589 MiB, 49140 MiB, 280.97 W, 300.00 W, 71, 2460 MHz
2026/09/23 07:45:49.660, 0, 88 %, 77 %, 3589 MiB, 49140 MiB, 282.24 W, 300.00 W, 71, 2445 MHz
2026/09/23 07:45:50.660, 0, 94 %, 78 %, 3589 MiB, 49140 MiB, 281.91 W, 300.00 W, 71, 2415 MHz
2026/09/23 07:45:51.661, 0, 0 %, 0 %, 3589 MiB, 49140 MiB, 254.94 W, 300.00 W, 67, 2730 MHz
2026/09/23 07:45:52.661, 0, 88 %, 77 %, 3589 MiB, 49140 MiB, 132.88 W, 300.00 W, 70, 2475 MHz
2026/09/23 07:45:53.662, 0, 91 %, 78 %, 3589 MiB, 49140 MiB, 272.45 W, 300.00 W, 71, 2355 MHz
2026/09/23 07:45:54.663, 0, 91 %, 78 %, 3589 MiB, 49140 MiB, 275.74 W, 300.00 W, 71, 2400 MHz
2026/09/23 07:45:55.663, 0, 89 %, 78 %, 3589 MiB, 49140 MiB, 276.37 W, 300.00 W, 71, 2340 MHz
2026/09/23 07:45:56.665, 0, 95 %, 79 %, 3589 MiB, 49140 MiB, 276.69 W, 300.00 W, 70, 2475 MHz
2026/09/23 07:45:57.666, 0, 90 %, 78 %, 3589 MiB, 49140 MiB, 273.81 W, 300.00 W, 70, 2385 MHz
2026/09/23 07:45:58.668, 0, 86 %, 75 %, 3589 MiB, 49140 MiB, 278.57 W, 300.00 W, 73, 2295 MHz
2026/09/23 07:45:59.670, 0, 87 %, 76 %, 3589 MiB, 49140 MiB, 275.29 W, 300.00 W, 70, 2400 MHz
2026/09/23 07:46:00.670, 0, 93 %, 81 %, 3589 MiB, 49140 MiB, 281.14 W, 300.00 W, 71, 2370 MHz
2026/09/23 07:46:01.671, 0, 92 %, 81 %, 3589 MiB, 49140 MiB, 278.82 W, 300.00 W, 72, 2355 MHz
2026/09/23 07:46:02.672, 0, 90 %, 78 %, 3589 MiB, 49140 MiB, 279.18 W, 300.00 W, 71, 2355 MHz
2026/09/23 07:46:03.673, 0, 89 %, 77 %, 3589 MiB, 49140 MiB, 281.30 W, 300.00 W, 72, 2280 MHz
2026/09/23 07:46:04.674, 0, 0 %, 0 %, 3589 MiB, 49140 MiB, 239.40 W, 300.00 W, 67, 2745 MHz
2026/09/23 07:46:05.674, 0, 90 %, 79 %, 3589 MiB, 49140 MiB, 134.70 W, 300.00 W, 71, 2520 MHz
2026/09/23 07:46:06.676, 0, 86 %, 74 %, 3589 MiB, 49140 MiB, 280.57 W, 300.00 W, 70, 2415 MHz
2026/09/23 07:46:07.677, 0, 89 %, 78 %, 3589 MiB, 49140 MiB, 281.11 W, 300.00 W, 70, 2370 MHz
2026/09/23 07:46:08.678, 0, 88 %, 77 %, 3589 MiB, 49140 MiB, 281.63 W, 300.00 W, 71, 2415 MHz
2026/09/23 07:46:09.679, 0, 95 %, 82 %, 3589 MiB, 49140 MiB, 282.15 W, 300.00 W, 71, 2385 MHz
2026/09/23 07:46:10.680, 0, 92 %, 77 %, 3589 MiB, 49140 MiB, 281.17 W, 300.00 W, 70, 2460 MHz
2026/09/23 07:46:11.681, 0, 90 %, 79 %, 3589 MiB, 49140 MiB, 280.72 W, 300.00 W, 70, 2415 MHz
2026/09/23 07:46:12.682, 0, 91 %, 79 %, 3589 MiB, 49140 MiB, 279.87 W, 300.00 W, 72, 2325 MHz
2026/09/23 07:46:13.683, 0, 89 %, 76 %, 3589 MiB, 49140 MiB, 280.34 W, 300.00 W, 71, 2445 MHz
2026/09/23 07:46:14.683, 0, 92 %, 81 %, 3589 MiB, 49140 MiB, 282.54 W, 300.00 W, 71, 2325 MHz
2026/09/23 07:46:15.684, 0, 86 %, 75 %, 3589 MiB, 49140 MiB, 281.33 W, 300.00 W, 72, 2310 MHz
2026/09/23 07:46:16.685, 0, 90 %, 77 %, 3589 MiB, 49140 MiB, 282.04 W, 300.00 W, 71, 2265 MHz
2026/09/23 07:46:17.686, 0, 0 %, 0 %, 3589 MiB, 49140 MiB, 225.42 W, 300.00 W, 67, 2745 MHz
2026/09/23 07:46:18.687, 0, 88 %, 77 %, 3589 MiB, 49140 MiB, 149.70 W, 300.00 W, 71, 2400 MHz
2026/09/23 07:46:19.688, 0, 90 %, 78 %, 3589 MiB, 49140 MiB, 274.87 W, 300.00 W, 70, 2295 MHz
2026/09/23 07:46:20.689, 0, 90 %, 78 %, 3589 MiB, 49140 MiB, 279.17 W, 300.00 W, 70, 2355 MHz
2026/09/23 07:46:21.690, 0, 88 %, 76 %, 3589 MiB, 49140 MiB, 277.29 W, 300.00 W, 71, 2235 MHz
2026/09/23 07:46:22.691, 0, 92 %, 78 %, 3589 MiB, 49140 MiB, 279.11 W, 300.00 W, 70, 2430 MHz
2026/09/23 07:46:23.692, 0, 89 %, 77 %, 3589 MiB, 49140 MiB, 279.06 W, 300.00 W, 72, 2445 MHz
2026/09/23 07:46:24.693, 0, 88 %, 76 %, 3589 MiB, 49140 MiB, 277.98 W, 300.00 W, 72, 2160 MHz
2026/09/23 07:46:25.696, 0, 89 %, 78 %, 3589 MiB, 49140 MiB, 278.89 W, 300.00 W, 72, 2430 MHz
2026/09/23 07:46:26.697, 0, 94 %, 80 %, 3589 MiB, 49140 MiB, 278.86 W, 300.00 W, 71, 2310 MHz
2026/09/23 07:46:27.698, 0, 81 %, 70 %, 3589 MiB, 49140 MiB, 277.31 W, 300.00 W, 72, 2340 MHz
2026/09/23 07:46:28.698, 0, 89 %, 77 %, 3589 MiB, 49140 MiB, 279.96 W, 300.00 W, 71, 2475 MHz
2026/09/23 07:46:29.699, 0, 91 %, 79 %, 3589 MiB, 49140 MiB, 277.59 W, 300.00 W, 72, 2040 MHz
2026/09/23 07:46:30.699, 0, 0 %, 0 %, 3589 MiB, 49140 MiB, 222.43 W, 300.00 W, 66, 2745 MHz
2026/09/23 07:46:31.702, 0, 0 %, 0 %, 1213 MiB, 49140 MiB, 85.89 W, 300.00 W, 65, 2745 MHz
2026/09/23 07:46:32.702, 0, 0 %, 0 %, 1213 MiB, 49140 MiB, 77.48 W, 300.00 W, 64, 2505 MHz
2026/09/23 07:46:33.703, 0, 0 %, 0 %, 1213 MiB, 49140 MiB, 68.76 W, 300.00 W, 63, 2505 MHz
2026/09/23 07:46:34.707, 0, 4 %, 0 %, 1255 MiB, 49140 MiB, 72.30 W, 300.00 W, 63, 2505 MHz
2026/09/23 07:46:35.707, 0, 21 %, 1 %, 1213 MiB, 49140 MiB, 74.31 W, 300.00 W, 62, 2505 MHz
2026/09/23 07:46:36.708, 0, 0 %, 0 %, 1213 MiB, 49140 MiB, 74.25 W, 300.00 W, 62, 2505 MHz
2026/09/23 07:46:37.709, 0, 0 %, 0 %, 1213 MiB, 49140 MiB, 114.30 W, 300.00 W, 62, 2745 MHz
2026/09/23 07:46:38.710, 0, 0 %, 0 %, 1213 MiB, 49140 MiB, 96.55 W, 300.00 W, 62, 2745 MHz
2026/09/23 07:46:39.710, 0, 0 %, 0 %, 1213 MiB, 49140 MiB, 77.88 W, 300.00 W, 61, 2505 MHz
2026/09/23 07:46:40.711, 0, 0 %, 0 %, 1213 MiB, 49140 MiB, 72.24 W, 300.00 W, 60, 2505 MHz
2026/09/23 07:46:41.711, 0, 0 %, 0 %, 1213 MiB, 49140 MiB, 66.61 W, 300.00 W, 59, 2505 MHz
2026/09/23 07:46:42.712, 0, 0 %, 0 %, 1213 MiB, 49140 MiB, 66.58 W, 300.00 W, 59, 2505 MHz
2026/09/23 07:46:43.713, 0, 0 %, 0 %, 0 MiB, 49140 MiB, 67.28 W, 300.00 W, 59, 2505 MHz
2026/09/23 07:46:44.713, 0, 0 %, 0 %, 0 MiB, 49140 MiB, 67.75 W, 300.00 W, 58, 2505 MHz
2026/09/23 07:46:45.714, 0, 0 %, 0 %, 0 MiB, 49140 MiB, 66.56 W, 300.00 W, 58, 705 MHz
2026/09/23 07:46:46.714, 0, 0 %, 0 %, 0 MiB, 49140 MiB, 51.45 W, 300.00 W, 57, 450 MHz
2026/09/23 07:46:47.715, 0, 0 %, 0 %, 0 MiB, 49140 MiB, 32.85 W, 300.00 W, 56, 285 MHz
2026/09/23 07:46:48.715, 0, 0 %, 0 %, 0 MiB, 49140 MiB, 28.55 W, 300.00 W, 56, 210 MHz
2026/09/23 07:46:49.716, 0, 0 %, 0 %, 0 MiB, 49140 MiB, 27.78 W, 300.00 W, 56, 210 MHz
2026/09/23 07:46:50.717, 0, 0 %, 0 %, 0 MiB, 49140 MiB, 27.71 W, 300.00 W, 55, 210 MHz
2026/09/23 07:46:51.717, 0, 0 %, 0 %, 0 MiB, 49140 MiB, 27.55 W, 300.00 W, 55, 210 MHz
2026/09/23 07:46:52.718, 0, 0 %, 0 %, 0 MiB, 49140 MiB, 27.40 W, 300.00 W, 54, 210 MHz
2026/09/23 07:46:53.719, 0, 0 %, 0 %, 0 MiB, 49140 MiB, 27.26 W, 300.00 W, 54, 210 MHz
2026/09/23 07:46:54.719, 0, 0 %, 0 %, 701 MiB, 49140 MiB, 34.81 W, 300.00 W, 55, 2505 MHz
2026/09/23 07:46:55.720, 0, 1 %, 0 %, 949 MiB, 49140 MiB, 68.92 W, 300.00 W, 55, 2505 MHz
2026/09/23 07:46:56.720, 0, 38 %, 15 %, 1249 MiB, 49140 MiB, 98.98 W, 300.00 W, 58, 2745 MHz
2026/09/23 07:46:57.721, 0, 58 %, 18 %, 715 MiB, 49140 MiB, 153.60 W, 300.00 W, 57, 2730 MHz
2026/09/23 07:46:58.722, 0, 55 %, 14 %, 1249 MiB, 49140 MiB, 153.33 W, 300.00 W, 60, 2745 MHz
2026/09/23 07:46:59.723, 0, 57 %, 17 %, 715 MiB, 49140 MiB, 154.68 W, 300.00 W, 58, 2745 MHz
2026/09/23 07:47:00.723, 0, 65 %, 22 %, 1249 MiB, 49140 MiB, 170.99 W, 300.00 W, 58, 2580 MHz
2026/09/23 07:47:01.724, 0, 64 %, 25 %, 715 MiB, 49140 MiB, 169.38 W, 300.00 W, 57, 2655 MHz
2026/09/23 07:47:02.725, 0, 60 %, 15 %, 1249 MiB, 49140 MiB, 162.85 W, 300.00 W, 61, 2745 MHz
2026/09/23 07:47:03.726, 0, 53 %, 13 %, 715 MiB, 49140 MiB, 163.96 W, 300.00 W, 58, 2745 MHz
2026/09/23 07:47:04.726, 0, 63 %, 25 %, 1249 MiB, 49140 MiB, 168.99 W, 300.00 W, 61, 2745 MHz
2026/09/23 07:47:05.727, 0, 54 %, 14 %, 1249 MiB, 49140 MiB, 171.79 W, 300.00 W, 62, 2745 MHz
2026/09/23 07:47:06.728, 0, 55 %, 14 %, 715 MiB, 49140 MiB, 160.54 W, 300.00 W, 59, 2745 MHz
2026/09/23 07:47:07.728, 0, 55 %, 14 %, 715 MiB, 49140 MiB, 153.85 W, 300.00 W, 58, 2745 MHz
2026/09/23 07:47:08.729, 0, 0 %, 0 %, 715 MiB, 49140 MiB, 91.18 W, 300.00 W, 56, 2745 MHz
