timestamp, index, utilization.gpu [%], utilization.memory [%], memory.used [MiB], memory.total [MiB], power.draw [W], power.limit [W], temperature.gpu, clocks.current.sm [MHz]
2026/09/23 16:03:47.141, 0, 0 %, 0 %, 0 MiB, 49140 MiB, 66.00 W, 300.00 W, 56, 2505 MHz
2026/09/23 16:03:48.146, 0, 0 %, 0 %, 0 MiB, 49140 MiB, 66.00 W, 300.00 W, 56, 2505 MHz
2026/09/23 16:03:49.147, 0, 0 %, 0 %, 0 MiB, 49140 MiB, 51.00 W, 300.00 W, 55, 510 MHz
2026/09/23 16:03:50.147, 0, 0 %, 0 %, 0 MiB, 49140 MiB, 42.29 W, 300.00 W, 54, 330 MHz
2026/09/23 16:03:51.148, 0, 0 %, 0 %, 633 MiB, 49140 MiB, 29.92 W, 300.00 W, 54, 210 MHz
2026/09/23 16:03:52.148, 0, 0 %, 0 %, 633 MiB, 49140 MiB, 53.29 W, 300.00 W, 54, 2505 MHz
2026/09/23 16:03:53.149, 0, 0 %, 0 %, 633 MiB, 49140 MiB, 62.05 W, 300.00 W, 54, 2505 MHz
2026/09/23 16:03:54.149, 0, 0 %, 0 %, 633 MiB, 49140 MiB, 60.53 W, 300.00 W, 54, 2505 MHz
2026/09/23 16:03:55.157, 0, 0 %, 0 %, 633 MiB, 49140 MiB, 60.38 W, 300.00 W, 54, 2505 MHz
2026/09/23 16:03:56.158, 0, 0 %, 0 %, 633 MiB, 49140 MiB, 60.14 W, 300.00 W, 54, 2505 MHz
2026/09/23 16:03:57.159, 0, 0 %, 0 %, 653 MiB, 49140 MiB, 60.58 W, 300.00 W, 54, 2505 MHz
2026/09/23 16:03:58.159, 0, 0 %, 0 %, 653 MiB, 49140 MiB, 60.34 W, 300.00 W, 53, 2505 MHz
2026/09/23 16:03:59.160, 0, 0 %, 0 %, 2111 MiB, 49140 MiB, 60.54 W, 300.00 W, 53, 2505 MHz
2026/09/23 16:04:00.160, 0, 17 %, 7 %, 7091 MiB, 49140 MiB, 109.77 W, 300.00 W, 54, 2760 MHz
2026/09/23 16:04:01.161, 0, 98 %, 60 %, 4897 MiB, 49140 MiB, 131.93 W, 300.00 W, 54, 2745 MHz
2026/09/23 16:04:02.161, 0, 0 %, 0 %, 5259 MiB, 49140 MiB, 81.13 W, 300.00 W, 54, 2745 MHz
2026/09/23 16:04:03.162, 0, 0 %, 0 %, 5529 MiB, 49140 MiB, 91.90 W, 300.00 W, 54, 2745 MHz
2026/09/23 16:04:04.162, 0, 100 %, 8 %, 7961 MiB, 49140 MiB, 101.48 W, 300.00 W, 54, 2745 MHz
2026/09/23 16:04:05.163, 0, 75 %, 58 %, 4627 MiB, 49140 MiB, 104.39 W, 300.00 W, 54, 2745 MHz
2026/09/23 16:04:06.163, 0, 0 %, 0 %, 4539 MiB, 49140 MiB, 84.66 W, 300.00 W, 54, 2745 MHz
2026/09/23 16:04:07.164, 0, 0 %, 0 %, 4675 MiB, 49140 MiB, 85.27 W, 300.00 W, 54, 2760 MHz
2026/09/23 16:04:08.164, 0, 0 %, 0 %, 4403 MiB, 49140 MiB, 92.17 W, 300.00 W, 55, 2760 MHz
2026/09/23 16:04:09.165, 0, 0 %, 0 %, 4403 MiB, 49140 MiB, 80.68 W, 300.00 W, 56, 2760 MHz
2026/09/23 16:04:10.165, 0, 0 %, 0 %, 4471 MiB, 49140 MiB, 82.12 W, 300.00 W, 53, 2145 MHz
2026/09/23 16:04:11.166, 0, 0 %, 0 %, 4245 MiB, 49140 MiB, 68.99 W, 300.00 W, 53, 2505 MHz
2026/09/23 16:04:12.166, 0, 0 %, 0 %, 4245 MiB, 49140 MiB, 72.05 W, 300.00 W, 53, 2505 MHz
2026/09/23 16:04:13.166, 0, 0 %, 0 %, 4279 MiB, 49140 MiB, 67.25 W, 300.00 W, 57, 2505 MHz
2026/09/23 16:04:14.167, 0, 0 %, 0 %, 4211 MiB, 49140 MiB, 72.19 W, 300.00 W, 52, 2265 MHz
2026/09/23 16:04:15.167, 0, 0 %, 0 %, 4211 MiB, 49140 MiB, 66.13 W, 300.00 W, 52, 2505 MHz
2026/09/23 16:04:16.168, 0, 0 %, 0 %, 4199 MiB, 49140 MiB, 61.89 W, 300.00 W, 52, 2505 MHz
2026/09/23 16:04:17.168, 0, 0 %, 0 %, 4199 MiB, 49140 MiB, 66.40 W, 300.00 W, 52, 2505 MHz
2026/09/23 16:04:18.169, 0, 0 %, 0 %, 4199 MiB, 49140 MiB, 64.50 W, 300.00 W, 52, 2505 MHz
2026/09/23 16:04:19.169, 0, 0 %, 0 %, 4199 MiB, 49140 MiB, 60.49 W, 300.00 W, 52, 2505 MHz
2026/09/23 16:04:20.172, 0, 0 %, 0 %, 4179 MiB, 49140 MiB, 61.28 W, 300.00 W, 52, 2505 MHz
2026/09/23 16:04:21.173, 0, 0 %, 0 %, 4179 MiB, 49140 MiB, 61.37 W, 300.00 W, 52, 2505 MHz
2026/09/23 16:04:22.173, 0, 0 %, 0 %, 4179 MiB, 49140 MiB, 60.99 W, 300.00 W, 52, 2505 MHz
2026/09/23 16:04:23.174, 0, 0 %, 0 %, 4179 MiB, 49140 MiB, 60.55 W, 300.00 W, 52, 2505 MHz
2026/09/23 16:04:24.174, 0, 8 %, 2 %, 4319 MiB, 49140 MiB, 66.25 W, 300.00 W, 52, 2505 MHz
2026/09/23 16:04:25.176, 0, 52 %, 40 %, 4905 MiB, 49140 MiB, 83.55 W, 300.00 W, 52, 2505 MHz
2026/09/23 16:04:26.176, 0, 0 %, 0 %, 6037 MiB, 49140 MiB, 64.77 W, 300.00 W, 52, 2505 MHz
2026/09/23 16:04:27.178, 0, 95 %, 82 %, 6037 MiB, 49140 MiB, 259.12 W, 300.00 W, 60, 2205 MHz
2026/09/23 16:04:28.178, 0, 97 %, 86 %, 6037 MiB, 49140 MiB, 279.48 W, 300.00 W, 59, 2310 MHz
2026/09/23 16:04:29.180, 0, 97 %, 91 %, 6037 MiB, 49140 MiB, 281.48 W, 300.00 W, 59, 1995 MHz
2026/09/23 16:04:30.181, 0, 97 %, 89 %, 6037 MiB, 49140 MiB, 280.57 W, 300.00 W, 60, 2085 MHz
2026/09/23 16:04:31.182, 0, 97 %, 86 %, 6037 MiB, 49140 MiB, 282.98 W, 300.00 W, 61, 2085 MHz
2026/09/23 16:04:32.182, 0, 98 %, 86 %, 6037 MiB, 49140 MiB, 281.23 W, 300.00 W, 62, 2235 MHz
2026/09/23 16:04:33.183, 0, 97 %, 90 %, 6037 MiB, 49140 MiB, 281.95 W, 300.00 W, 61, 2220 MHz
2026/09/23 16:04:34.184, 0, 95 %, 87 %, 6037 MiB, 49140 MiB, 283.18 W, 300.00 W, 61, 2025 MHz
2026/09/23 16:04:35.185, 0, 98 %, 83 %, 6037 MiB, 49140 MiB, 281.74 W, 300.00 W, 64, 2190 MHz
2026/09/23 16:04:36.186, 0, 98 %, 88 %, 6037 MiB, 49140 MiB, 281.34 W, 300.00 W, 62, 2295 MHz
2026/09/23 16:04:37.187, 0, 97 %, 90 %, 6037 MiB, 49140 MiB, 281.51 W, 300.00 W, 62, 1950 MHz
2026/09/23 16:04:38.188, 0, 98 %, 90 %, 6037 MiB, 49140 MiB, 282.55 W, 300.00 W, 63, 1965 MHz
2026/09/23 16:04:39.188, 0, 96 %, 87 %, 6037 MiB, 49140 MiB, 283.55 W, 300.00 W, 63, 2025 MHz
2026/09/23 16:04:40.190, 0, 98 %, 86 %, 6037 MiB, 49140 MiB, 280.17 W, 300.00 W, 64, 2250 MHz
2026/09/23 16:04:41.191, 0, 93 %, 82 %, 6037 MiB, 49140 MiB, 282.59 W, 300.00 W, 64, 2040 MHz
2026/09/23 16:04:42.193, 0, 97 %, 83 %, 6037 MiB, 49140 MiB, 280.94 W, 300.00 W, 66, 2250 MHz
2026/09/23 16:04:43.193, 0, 98 %, 88 %, 6037 MiB, 49140 MiB, 282.17 W, 300.00 W, 65, 2160 MHz
2026/09/23 16:04:44.194, 0, 98 %, 86 %, 6037 MiB, 49140 MiB, 281.98 W, 300.00 W, 66, 2130 MHz
2026/09/23 16:04:45.195, 0, 97 %, 87 %, 6037 MiB, 49140 MiB, 282.46 W, 300.00 W, 65, 2235 MHz
2026/09/23 16:04:46.196, 0, 98 %, 87 %, 6037 MiB, 49140 MiB, 282.39 W, 300.00 W, 66, 2160 MHz
2026/09/23 16:04:47.197, 0, 98 %, 90 %, 6037 MiB, 49140 MiB, 283.86 W, 300.00 W, 65, 2205 MHz
2026/09/23 16:04:48.198, 0, 97 %, 90 %, 6037 MiB, 49140 MiB, 193.60 W, 300.00 W, 61, 2745 MHz
2026/09/23 16:04:49.198, 0, 0 %, 0 %, 1783 MiB, 49140 MiB, 95.23 W, 300.00 W, 61, 2745 MHz
2026/09/23 16:04:50.199, 0, 18 %, 1 %, 2269 MiB, 49140 MiB, 129.66 W, 300.00 W, 63, 2745 MHz
2026/09/23 16:04:51.199, 0, 94 %, 69 %, 2269 MiB, 49140 MiB, 262.58 W, 300.00 W, 66, 1755 MHz
2026/09/23 16:04:52.200, 0, 0 %, 0 %, 2269 MiB, 49140 MiB, 109.77 W, 300.00 W, 60, 2745 MHz
2026/09/23 16:04:53.202, 0, 0 %, 0 %, 6159 MiB, 49140 MiB, 151.46 W, 300.00 W, 66, 2310 MHz
2026/09/23 16:04:54.203, 0, 97 %, 86 %, 6159 MiB, 49140 MiB, 284.33 W, 300.00 W, 66, 2145 MHz
2026/09/23 16:04:55.203, 0, 98 %, 86 %, 6159 MiB, 49140 MiB, 282.48 W, 300.00 W, 67, 2100 MHz
2026/09/23 16:04:56.204, 0, 97 %, 87 %, 6159 MiB, 49140 MiB, 284.12 W, 300.00 W, 66, 2070 MHz
2026/09/23 16:04:57.205, 0, 93 %, 80 %, 6159 MiB, 49140 MiB, 282.92 W, 300.00 W, 68, 1755 MHz
2026/09/23 16:04:58.206, 0, 98 %, 87 %, 6159 MiB, 49140 MiB, 284.84 W, 300.00 W, 67, 2145 MHz
2026/09/23 16:04:59.207, 0, 98 %, 83 %, 6159 MiB, 49140 MiB, 283.83 W, 300.00 W, 69, 1845 MHz
2026/09/23 16:05:00.207, 0, 97 %, 86 %, 6159 MiB, 49140 MiB, 285.52 W, 300.00 W, 68, 2190 MHz
2026/09/23 16:05:01.208, 0, 97 %, 82 %, 6159 MiB, 49140 MiB, 284.18 W, 300.00 W, 68, 2070 MHz
2026/09/23 16:05:02.208, 0, 97 %, 84 %, 6159 MiB, 49140 MiB, 286.18 W, 300.00 W, 67, 2220 MHz
2026/09/23 16:05:03.209, 0, 98 %, 86 %, 6159 MiB, 49140 MiB, 285.06 W, 300.00 W, 68, 2145 MHz
2026/09/23 16:05:04.210, 0, 95 %, 84 %, 6159 MiB, 49140 MiB, 287.42 W, 300.00 W, 67, 2160 MHz
2026/09/23 16:05:05.211, 0, 97 %, 89 %, 6159 MiB, 49140 MiB, 284.56 W, 300.00 W, 68, 2205 MHz
2026/09/23 16:05:06.213, 0, 97 %, 89 %, 6159 MiB, 49140 MiB, 285.95 W, 300.00 W, 67, 1950 MHz
2026/09/23 16:05:07.214, 0, 98 %, 89 %, 6159 MiB, 49140 MiB, 285.65 W, 300.00 W, 68, 2130 MHz
2026/09/23 16:05:08.218, 0, 98 %, 88 %, 6159 MiB, 49140 MiB, 285.55 W, 300.00 W, 68, 1770 MHz
2026/09/23 16:05:09.219, 0, 98 %, 87 %, 6159 MiB, 49140 MiB, 286.90 W, 300.00 W, 68, 2010 MHz
2026/09/23 16:05:10.220, 0, 98 %, 84 %, 6159 MiB, 49140 MiB, 285.95 W, 300.00 W, 69, 1815 MHz
2026/09/23 16:05:11.221, 0, 97 %, 86 %, 6159 MiB, 49140 MiB, 287.91 W, 300.00 W, 69, 2145 MHz
2026/09/23 16:05:12.222, 0, 97 %, 82 %, 6159 MiB, 49140 MiB, 284.49 W, 300.00 W, 70, 2040 MHz
2026/09/23 16:05:13.223, 0, 92 %, 83 %, 6159 MiB, 49140 MiB, 286.31 W, 300.00 W, 69, 1935 MHz
2026/09/23 16:05:14.224, 0, 97 %, 88 %, 6159 MiB, 49140 MiB, 286.64 W, 300.00 W, 69, 2085 MHz
2026/09/23 16:05:15.224, 0, 94 %, 75 %, 6159 MiB, 49140 MiB, 292.94 W, 300.00 W, 70, 1875 MHz
2026/09/23 16:05:16.225, 0, 28 %, 18 %, 6159 MiB, 49140 MiB, 186.55 W, 300.00 W, 64, 2730 MHz
2026/09/23 16:05:17.225, 0, 0 %, 0 %, 6159 MiB, 49140 MiB, 84.54 W, 300.00 W, 63, 2745 MHz
2026/09/23 16:05:18.226, 0, 98 %, 85 %, 6159 MiB, 49140 MiB, 176.82 W, 300.00 W, 69, 1740 MHz
2026/09/23 16:05:19.227, 0, 98 %, 85 %, 6159 MiB, 49140 MiB, 286.68 W, 300.00 W, 69, 2160 MHz
2026/09/23 16:05:20.229, 0, 98 %, 82 %, 6159 MiB, 49140 MiB, 285.13 W, 300.00 W, 71, 2085 MHz
2026/09/23 16:05:21.230, 0, 95 %, 85 %, 6159 MiB, 49140 MiB, 287.87 W, 300.00 W, 68, 2190 MHz
2026/09/23 16:05:22.231, 0, 93 %, 85 %, 6159 MiB, 49140 MiB, 284.81 W, 300.00 W, 69, 2085 MHz
2026/09/23 16:05:23.231, 0, 96 %, 87 %, 6159 MiB, 49140 MiB, 286.42 W, 300.00 W, 69, 1740 MHz
2026/09/23 16:05:24.232, 0, 97 %, 87 %, 6159 MiB, 49140 MiB, 287.13 W, 300.00 W, 69, 2010 MHz
2026/09/23 16:05:25.233, 0, 98 %, 82 %, 6159 MiB, 49140 MiB, 285.57 W, 300.00 W, 70, 1860 MHz
2026/09/23 16:05:26.234, 0, 97 %, 84 %, 6159 MiB, 49140 MiB, 288.05 W, 300.00 W, 70, 2190 MHz
2026/09/23 16:05:27.236, 0, 97 %, 87 %, 6159 MiB, 49140 MiB, 286.38 W, 300.00 W, 71, 2040 MHz
2026/09/23 16:05:28.236, 0, 95 %, 86 %, 6159 MiB, 49140 MiB, 289.46 W, 300.00 W, 70, 1935 MHz
2026/09/23 16:05:29.238, 0, 96 %, 87 %, 6159 MiB, 49140 MiB, 284.94 W, 300.00 W, 70, 1815 MHz
2026/09/23 16:05:30.239, 0, 98 %, 83 %, 6159 MiB, 49140 MiB, 286.67 W, 300.00 W, 71, 1785 MHz
2026/09/23 16:05:31.240, 0, 98 %, 85 %, 6159 MiB, 49140 MiB, 288.87 W, 300.00 W, 71, 2145 MHz
2026/09/23 16:05:32.241, 0, 98 %, 87 %, 6159 MiB, 49140 MiB, 287.55 W, 300.00 W, 72, 2010 MHz
2026/09/23 16:05:33.241, 0, 97 %, 89 %, 6159 MiB, 49140 MiB, 286.29 W, 300.00 W, 70, 1860 MHz
2026/09/23 16:05:34.242, 0, 98 %, 90 %, 6159 MiB, 49140 MiB, 288.06 W, 300.00 W, 70, 1830 MHz
2026/09/23 16:05:35.243, 0, 98 %, 85 %, 6159 MiB, 49140 MiB, 286.99 W, 300.00 W, 71, 1770 MHz
2026/09/23 16:05:36.243, 0, 97 %, 84 %, 6159 MiB, 49140 MiB, 287.81 W, 300.00 W, 71, 2145 MHz
2026/09/23 16:05:37.245, 0, 97 %, 86 %, 6159 MiB, 49140 MiB, 285.56 W, 300.00 W, 72, 1995 MHz
2026/09/23 16:05:38.245, 0, 96 %, 87 %, 6159 MiB, 49140 MiB, 287.20 W, 300.00 W, 69, 1830 MHz
2026/09/23 16:05:39.247, 0, 97 %, 89 %, 6159 MiB, 49140 MiB, 287.54 W, 300.00 W, 71, 1935 MHz
2026/09/23 16:05:40.247, 0, 91 %, 66 %, 6159 MiB, 49140 MiB, 291.62 W, 300.00 W, 73, 1725 MHz
2026/09/23 16:05:41.248, 0, 9 %, 0 %, 6159 MiB, 49140 MiB, 159.13 W, 300.00 W, 65, 2730 MHz
2026/09/23 16:05:42.249, 0, 0 %, 0 %, 6159 MiB, 49140 MiB, 104.28 W, 300.00 W, 70, 2220 MHz
2026/09/23 16:05:43.250, 0, 97 %, 89 %, 6159 MiB, 49140 MiB, 288.66 W, 300.00 W, 69, 2205 MHz
2026/09/23 16:05:44.251, 0, 97 %, 88 %, 6159 MiB, 49140 MiB, 285.07 W, 300.00 W, 70, 2160 MHz
2026/09/23 16:05:45.252, 0, 95 %, 82 %, 6159 MiB, 49140 MiB, 284.69 W, 300.00 W, 72, 1770 MHz
2026/09/23 16:05:46.253, 0, 93 %, 85 %, 6159 MiB, 49140 MiB, 286.21 W, 300.00 W, 70, 1875 MHz
2026/09/23 16:05:47.254, 0, 98 %, 89 %, 6159 MiB, 49140 MiB, 287.17 W, 300.00 W, 71, 1995 MHz
2026/09/23 16:05:48.255, 0, 96 %, 83 %, 6159 MiB, 49140 MiB, 286.00 W, 300.00 W, 71, 2040 MHz
2026/09/23 16:05:49.258, 0, 98 %, 90 %, 6159 MiB, 49140 MiB, 286.39 W, 300.00 W, 71, 1935 MHz
2026/09/23 16:05:50.258, 0, 98 %, 90 %, 6159 MiB, 49140 MiB, 287.28 W, 300.00 W, 71, 1905 MHz
2026/09/23 16:05:51.259, 0, 97 %, 86 %, 6159 MiB, 49140 MiB, 285.95 W, 300.00 W, 72, 1755 MHz
2026/09/23 16:05:52.260, 0, 98 %, 82 %, 6159 MiB, 49140 MiB, 288.68 W, 300.00 W, 70, 2130 MHz
2026/09/23 16:05:53.262, 0, 94 %, 85 %, 6159 MiB, 49140 MiB, 287.02 W, 300.00 W, 71, 2040 MHz
2026/09/23 16:05:54.263, 0, 98 %, 89 %, 6159 MiB, 49140 MiB, 285.44 W, 300.00 W, 72, 1815 MHz
2026/09/23 16:05:55.264, 0, 98 %, 85 %, 6159 MiB, 49140 MiB, 288.76 W, 300.00 W, 72, 1785 MHz
2026/09/23 16:05:56.265, 0, 96 %, 84 %, 6159 MiB, 49140 MiB, 285.08 W, 300.00 W, 71, 2040 MHz
2026/09/23 16:05:57.266, 0, 98 %, 90 %, 6159 MiB, 49140 MiB, 286.95 W, 300.00 W, 72, 1845 MHz
2026/09/23 16:05:58.267, 0, 97 %, 86 %, 6159 MiB, 49140 MiB, 288.67 W, 300.00 W, 72, 1845 MHz
2026/09/23 16:05:59.267, 0, 96 %, 84 %, 6159 MiB, 49140 MiB, 287.00 W, 300.00 W, 71, 1950 MHz
2026/09/23 16:06:00.268, 0, 97 %, 88 %, 6159 MiB, 49140 MiB, 288.76 W, 300.00 W, 72, 1920 MHz
2026/09/23 16:06:01.269, 0, 95 %, 87 %, 6159 MiB, 49140 MiB, 288.50 W, 300.00 W, 72, 1920 MHz
2026/09/23 16:06:02.270, 0, 98 %, 85 %, 6159 MiB, 49140 MiB, 287.42 W, 300.00 W, 72, 1695 MHz
2026/09/23 16:06:03.270, 0, 98 %, 86 %, 6159 MiB, 49140 MiB, 289.13 W, 300.00 W, 71, 2130 MHz
2026/09/23 16:06:04.271, 0, 95 %, 66 %, 6159 MiB, 49140 MiB, 294.20 W, 300.00 W, 73, 1650 MHz
2026/09/23 16:06:05.272, 0, 0 %, 0 %, 6159 MiB, 49140 MiB, 183.24 W, 300.00 W, 66, 2730 MHz
2026/09/23 16:06:06.272, 0, 0 %, 0 %, 6159 MiB, 49140 MiB, 86.34 W, 300.00 W, 66, 2730 MHz
2026/09/23 16:06:07.273, 0, 97 %, 88 %, 6159 MiB, 49140 MiB, 228.25 W, 300.00 W, 71, 1935 MHz
2026/09/23 16:06:08.273, 0, 97 %, 87 %, 6159 MiB, 49140 MiB, 286.68 W, 300.00 W, 71, 1830 MHz
2026/09/23 16:06:09.274, 0, 95 %, 82 %, 6159 MiB, 49140 MiB, 285.29 W, 300.00 W, 71, 2040 MHz
2026/09/23 16:06:10.275, 0, 98 %, 89 %, 6159 MiB, 49140 MiB, 286.61 W, 300.00 W, 71, 1920 MHz
2026/09/23 16:06:11.277, 0, 98 %, 86 %, 6159 MiB, 49140 MiB, 288.26 W, 300.00 W, 72, 1755 MHz
2026/09/23 16:06:12.278, 0, 98 %, 84 %, 6159 MiB, 49140 MiB, 285.85 W, 300.00 W, 71, 1890 MHz
2026/09/23 16:06:13.279, 0, 97 %, 88 %, 6159 MiB, 49140 MiB, 287.69 W, 300.00 W, 72, 1905 MHz
2026/09/23 16:06:14.281, 0, 98 %, 89 %, 6159 MiB, 49140 MiB, 288.57 W, 300.00 W, 72, 1860 MHz
2026/09/23 16:06:15.282, 0, 98 %, 84 %, 6159 MiB, 49140 MiB, 287.57 W, 300.00 W, 72, 1800 MHz
2026/09/23 16:06:16.283, 0, 97 %, 88 %, 6159 MiB, 49140 MiB, 287.65 W, 300.00 W, 71, 2010 MHz
2026/09/23 16:06:17.284, 0, 96 %, 84 %, 6159 MiB, 49140 MiB, 286.86 W, 300.00 W, 73, 1890 MHz
2026/09/23 16:06:18.286, 0, 98 %, 84 %, 6159 MiB, 49140 MiB, 287.44 W, 300.00 W, 72, 1905 MHz
2026/09/23 16:06:19.287, 0, 97 %, 88 %, 6159 MiB, 49140 MiB, 287.57 W, 300.00 W, 72, 1845 MHz
2026/09/23 16:06:20.287, 0, 97 %, 85 %, 6159 MiB, 49140 MiB, 290.34 W, 300.00 W, 73, 1860 MHz
2026/09/23 16:06:21.289, 0, 97 %, 84 %, 6159 MiB, 49140 MiB, 287.73 W, 300.00 W, 72, 1965 MHz
2026/09/23 16:06:22.291, 0, 98 %, 88 %, 6159 MiB, 49140 MiB, 288.36 W, 300.00 W, 72, 1845 MHz
2026/09/23 16:06:23.291, 0, 97 %, 89 %, 6159 MiB, 49140 MiB, 289.23 W, 300.00 W, 72, 1905 MHz
2026/09/23 16:06:24.292, 0, 98 %, 85 %, 6159 MiB, 49140 MiB, 287.29 W, 300.00 W, 72, 1770 MHz
2026/09/23 16:06:25.293, 0, 97 %, 87 %, 6159 MiB, 49140 MiB, 289.14 W, 300.00 W, 72, 2010 MHz
2026/09/23 16:06:26.294, 0, 97 %, 89 %, 6159 MiB, 49140 MiB, 289.12 W, 300.00 W, 72, 1800 MHz
2026/09/23 16:06:27.295, 0, 96 %, 84 %, 6159 MiB, 49140 MiB, 286.26 W, 300.00 W, 72, 1950 MHz
2026/09/23 16:06:28.298, 0, 98 %, 89 %, 6159 MiB, 49140 MiB, 288.55 W, 300.00 W, 72, 1860 MHz
2026/09/23 16:06:29.299, 0, 93 %, 66 %, 6159 MiB, 49140 MiB, 296.56 W, 300.00 W, 74, 1665 MHz
2026/09/23 16:06:30.299, 0, 0 %, 0 %, 6159 MiB, 49140 MiB, 134.83 W, 300.00 W, 66, 2730 MHz
2026/09/23 16:06:31.300, 0, 98 %, 92 %, 6159 MiB, 49140 MiB, 95.57 W, 300.00 W, 69, 2130 MHz
2026/09/23 16:06:32.302, 0, 96 %, 87 %, 6159 MiB, 49140 MiB, 290.00 W, 300.00 W, 71, 1935 MHz
2026/09/23 16:06:33.302, 0, 96 %, 85 %, 6159 MiB, 49140 MiB, 284.72 W, 300.00 W, 72, 1875 MHz
2026/09/23 16:06:34.303, 0, 98 %, 85 %, 6159 MiB, 49140 MiB, 287.38 W, 300.00 W, 70, 1875 MHz
2026/09/23 16:06:35.304, 0, 98 %, 89 %, 6159 MiB, 49140 MiB, 287.62 W, 300.00 W, 72, 1980 MHz
2026/09/23 16:06:36.305, 0, 91 %, 78 %, 6159 MiB, 49140 MiB, 283.87 W, 300.00 W, 71, 1725 MHz
2026/09/23 16:06:37.305, 0, 98 %, 89 %, 6159 MiB, 49140 MiB, 285.88 W, 300.00 W, 72, 2130 MHz
2026/09/23 16:06:38.306, 0, 98 %, 86 %, 6159 MiB, 49140 MiB, 288.69 W, 300.00 W, 73, 1935 MHz
2026/09/23 16:06:39.307, 0, 97 %, 84 %, 6159 MiB, 49140 MiB, 287.36 W, 300.00 W, 72, 1785 MHz
2026/09/23 16:06:40.308, 0, 97 %, 89 %, 6159 MiB, 49140 MiB, 287.90 W, 300.00 W, 72, 2100 MHz
2026/09/23 16:06:41.309, 0, 97 %, 82 %, 6159 MiB, 49140 MiB, 287.70 W, 300.00 W, 72, 2055 MHz
2026/09/23 16:06:42.309, 0, 93 %, 83 %, 6159 MiB, 49140 MiB, 286.70 W, 300.00 W, 72, 1635 MHz
2026/09/23 16:06:43.310, 0, 98 %, 89 %, 6159 MiB, 49140 MiB, 286.95 W, 300.00 W, 73, 2115 MHz
2026/09/23 16:06:44.312, 0, 97 %, 81 %, 6159 MiB, 49140 MiB, 287.82 W, 300.00 W, 71, 2115 MHz
2026/09/23 16:06:45.312, 0, 95 %, 85 %, 6159 MiB, 49140 MiB, 287.68 W, 300.00 W, 72, 1650 MHz
2026/09/23 16:06:46.313, 0, 98 %, 88 %, 6159 MiB, 49140 MiB, 286.87 W, 300.00 W, 73, 2115 MHz
2026/09/23 16:06:47.314, 0, 97 %, 85 %, 6159 MiB, 49140 MiB, 289.33 W, 300.00 W, 72, 1875 MHz
2026/09/23 16:06:48.315, 0, 96 %, 83 %, 6159 MiB, 49140 MiB, 285.97 W, 300.00 W, 72, 1665 MHz
2026/09/23 16:06:49.316, 0, 98 %, 90 %, 6159 MiB, 49140 MiB, 288.52 W, 300.00 W, 73, 2130 MHz
2026/09/23 16:06:50.317, 0, 98 %, 88 %, 6159 MiB, 49140 MiB, 289.06 W, 300.00 W, 73, 1950 MHz
2026/09/23 16:06:51.319, 0, 98 %, 85 %, 6159 MiB, 49140 MiB, 286.89 W, 300.00 W, 72, 1815 MHz
2026/09/23 16:06:52.321, 0, 98 %, 89 %, 6159 MiB, 49140 MiB, 288.86 W, 300.00 W, 72, 1995 MHz
2026/09/23 16:06:53.322, 0, 98 %, 87 %, 6159 MiB, 49140 MiB, 288.14 W, 300.00 W, 72, 1830 MHz
2026/09/23 16:06:54.322, 0, 90 %, 63 %, 6159 MiB, 49140 MiB, 292.41 W, 300.00 W, 73, 2265 MHz
2026/09/23 16:06:55.323, 0, 0 %, 0 %, 6159 MiB, 49140 MiB, 114.36 W, 300.00 W, 66, 2730 MHz
2026/09/23 16:06:56.323, 0, 93 %, 84 %, 6159 MiB, 49140 MiB, 140.73 W, 300.00 W, 72, 2235 MHz
2026/09/23 16:06:57.324, 0, 96 %, 83 %, 6159 MiB, 49140 MiB, 287.15 W, 300.00 W, 72, 2055 MHz
2026/09/23 16:06:58.325, 0, 92 %, 82 %, 6159 MiB, 49140 MiB, 285.02 W, 300.00 W, 71, 1710 MHz
2026/09/23 16:06:59.326, 0, 97 %, 87 %, 6159 MiB, 49140 MiB, 286.09 W, 300.00 W, 72, 2220 MHz
2026/09/23 16:07:00.326, 0, 98 %, 82 %, 6159 MiB, 49140 MiB, 286.46 W, 300.00 W, 71, 2040 MHz
2026/09/23 16:07:01.328, 0, 94 %, 85 %, 6159 MiB, 49140 MiB, 287.83 W, 300.00 W, 71, 1755 MHz
2026/09/23 16:07:02.328, 0, 98 %, 89 %, 6159 MiB, 49140 MiB, 286.95 W, 300.00 W, 73, 2115 MHz
2026/09/23 16:07:03.329, 0, 98 %, 82 %, 6159 MiB, 49140 MiB, 288.33 W, 300.00 W, 70, 2040 MHz
2026/09/23 16:07:04.330, 0, 94 %, 84 %, 6159 MiB, 49140 MiB, 287.47 W, 300.00 W, 71, 1815 MHz
2026/09/23 16:07:05.331, 0, 98 %, 89 %, 6159 MiB, 49140 MiB, 286.21 W, 300.00 W, 73, 2025 MHz
2026/09/23 16:07:06.334, 0, 98 %, 88 %, 6159 MiB, 49140 MiB, 286.66 W, 300.00 W, 71, 1935 MHz
2026/09/23 16:07:07.335, 0, 98 %, 90 %, 6159 MiB, 49140 MiB, 289.72 W, 300.00 W, 72, 2040 MHz
2026/09/23 16:07:08.335, 0, 97 %, 86 %, 6159 MiB, 49140 MiB, 288.58 W, 300.00 W, 73, 1830 MHz
2026/09/23 16:07:09.336, 0, 98 %, 88 %, 6159 MiB, 49140 MiB, 288.44 W, 300.00 W, 72, 1890 MHz
2026/09/23 16:07:10.338, 0, 97 %, 88 %, 6159 MiB, 49140 MiB, 289.23 W, 300.00 W, 72, 2010 MHz
2026/09/23 16:07:11.340, 0, 97 %, 83 %, 6159 MiB, 49140 MiB, 288.09 W, 300.00 W, 72, 1830 MHz
2026/09/23 16:07:12.341, 0, 97 %, 89 %, 6159 MiB, 49140 MiB, 288.43 W, 300.00 W, 72, 2115 MHz
2026/09/23 16:07:13.342, 0, 97 %, 82 %, 6159 MiB, 49140 MiB, 287.86 W, 300.00 W, 72, 2130 MHz
2026/09/23 16:07:14.342, 0, 95 %, 84 %, 6159 MiB, 49140 MiB, 287.46 W, 300.00 W, 72, 1650 MHz
2026/09/23 16:07:15.343, 0, 97 %, 87 %, 6159 MiB, 49140 MiB, 287.44 W, 300.00 W, 74, 2160 MHz
2026/09/23 16:07:16.344, 0, 98 %, 83 %, 6159 MiB, 49140 MiB, 290.07 W, 300.00 W, 72, 2070 MHz
2026/09/23 16:07:17.345, 0, 97 %, 83 %, 6159 MiB, 49140 MiB, 288.26 W, 300.00 W, 72, 1680 MHz
2026/09/23 16:07:18.345, 0, 95 %, 67 %, 6159 MiB, 49140 MiB, 289.12 W, 300.00 W, 72, 1635 MHz
2026/09/23 16:07:19.346, 0, 10 %, 0 %, 6159 MiB, 49140 MiB, 261.06 W, 300.00 W, 67, 2730 MHz
2026/09/23 16:07:20.346, 0, 0 %, 0 %, 6159 MiB, 49140 MiB, 87.35 W, 300.00 W, 66, 2730 MHz
2026/09/23 16:07:21.347, 0, 98 %, 89 %, 6159 MiB, 49140 MiB, 197.77 W, 300.00 W, 71, 1680 MHz
2026/09/23 16:07:22.349, 0, 97 %, 84 %, 6159 MiB, 49140 MiB, 286.37 W, 300.00 W, 72, 2145 MHz
2026/09/23 16:07:23.351, 0, 98 %, 87 %, 6159 MiB, 49140 MiB, 288.80 W, 300.00 W, 71, 2040 MHz
2026/09/23 16:07:24.351, 0, 95 %, 87 %, 6159 MiB, 49140 MiB, 288.14 W, 300.00 W, 72, 1770 MHz
2026/09/23 16:07:25.352, 0, 97 %, 84 %, 6159 MiB, 49140 MiB, 285.31 W, 300.00 W, 72, 2160 MHz
2026/09/23 16:07:26.353, 0, 98 %, 87 %, 6159 MiB, 49140 MiB, 289.30 W, 300.00 W, 71, 2025 MHz
2026/09/23 16:07:27.353, 0, 97 %, 87 %, 6159 MiB, 49140 MiB, 290.05 W, 300.00 W, 72, 1830 MHz
2026/09/23 16:07:28.355, 0, 97 %, 86 %, 6159 MiB, 49140 MiB, 287.08 W, 300.00 W, 73, 2055 MHz
2026/09/23 16:07:29.356, 0, 98 %, 86 %, 6159 MiB, 49140 MiB, 289.10 W, 300.00 W, 71, 1965 MHz
2026/09/23 16:07:30.356, 0, 96 %, 88 %, 6159 MiB, 49140 MiB, 288.96 W, 300.00 W, 72, 1770 MHz
2026/09/23 16:07:31.357, 0, 95 %, 83 %, 6159 MiB, 49140 MiB, 285.89 W, 300.00 W, 72, 2130 MHz
2026/09/23 16:07:32.358, 0, 97 %, 87 %, 6159 MiB, 49140 MiB, 287.79 W, 300.00 W, 72, 2055 MHz
2026/09/23 16:07:33.358, 0, 97 %, 88 %, 6159 MiB, 49140 MiB, 290.49 W, 300.00 W, 73, 1650 MHz
2026/09/23 16:07:34.360, 0, 98 %, 85 %, 6159 MiB, 49140 MiB, 287.54 W, 300.00 W, 72, 2145 MHz
2026/09/23 16:07:35.362, 0, 97 %, 89 %, 6159 MiB, 49140 MiB, 288.56 W, 300.00 W, 72, 2025 MHz
2026/09/23 16:07:36.362, 0, 97 %, 83 %, 6159 MiB, 49140 MiB, 288.77 W, 300.00 W, 73, 1770 MHz
2026/09/23 16:07:37.363, 0, 94 %, 84 %, 6159 MiB, 49140 MiB, 286.60 W, 300.00 W, 72, 1830 MHz
2026/09/23 16:07:38.364, 0, 98 %, 89 %, 6159 MiB, 49140 MiB, 288.62 W, 300.00 W, 74, 1965 MHz
2026/09/23 16:07:39.365, 0, 98 %, 84 %, 6159 MiB, 49140 MiB, 289.28 W, 300.00 W, 71, 1995 MHz
2026/09/23 16:07:40.366, 0, 97 %, 87 %, 6159 MiB, 49140 MiB, 286.33 W, 300.00 W, 72, 1785 MHz
2026/09/23 16:07:41.367, 0, 95 %, 82 %, 6159 MiB, 49140 MiB, 285.07 W, 300.00 W, 72, 2100 MHz
2026/09/23 16:07:42.368, 0, 97 %, 87 %, 6159 MiB, 49140 MiB, 290.22 W, 300.00 W, 73, 2025 MHz
2026/09/23 16:07:43.369, 0, 93 %, 65 %, 6159 MiB, 49140 MiB, 293.28 W, 300.00 W, 73, 1695 MHz
2026/09/23 16:07:44.370, 0, 0 %, 0 %, 6159 MiB, 49140 MiB, 181.38 W, 300.00 W, 67, 2655 MHz
2026/09/23 16:07:45.372, 0, 0 %, 0 %, 6159 MiB, 49140 MiB, 79.68 W, 300.00 W, 66, 2655 MHz
2026/09/23 16:07:46.372, 0, 97 %, 87 %, 6159 MiB, 49140 MiB, 226.96 W, 300.00 W, 72, 2025 MHz
2026/09/23 16:07:47.373, 0, 98 %, 88 %, 6159 MiB, 49140 MiB, 289.35 W, 300.00 W, 72, 1905 MHz
2026/09/23 16:07:48.374, 0, 98 %, 88 %, 6159 MiB, 49140 MiB, 289.40 W, 300.00 W, 72, 1785 MHz
2026/09/23 16:07:49.375, 0, 97 %, 87 %, 6159 MiB, 49140 MiB, 287.55 W, 300.00 W, 71, 2130 MHz
2026/09/23 16:07:50.376, 0, 97 %, 86 %, 6159 MiB, 49140 MiB, 288.32 W, 300.00 W, 72, 2040 MHz
2026/09/23 16:07:51.377, 0, 97 %, 87 %, 6159 MiB, 49140 MiB, 289.21 W, 300.00 W, 72, 1785 MHz
2026/09/23 16:07:52.378, 0, 98 %, 85 %, 6159 MiB, 49140 MiB, 286.82 W, 300.00 W, 72, 1965 MHz
2026/09/23 16:07:53.379, 0, 96 %, 86 %, 6159 MiB, 49140 MiB, 288.73 W, 300.00 W, 73, 1815 MHz
2026/09/23 16:07:54.380, 0, 98 %, 88 %, 6159 MiB, 49140 MiB, 289.27 W, 300.00 W, 71, 1875 MHz
2026/09/23 16:07:55.381, 0, 97 %, 83 %, 6159 MiB, 49140 MiB, 287.58 W, 300.00 W, 72, 1830 MHz
2026/09/23 16:07:56.382, 0, 97 %, 86 %, 6159 MiB, 49140 MiB, 287.82 W, 300.00 W, 74, 1965 MHz
2026/09/23 16:07:57.383, 0, 97 %, 87 %, 6159 MiB, 49140 MiB, 290.58 W, 300.00 W, 71, 2025 MHz
2026/09/23 16:07:58.383, 0, 95 %, 85 %, 6159 MiB, 49140 MiB, 287.40 W, 300.00 W, 72, 1785 MHz
2026/09/23 16:07:59.384, 0, 98 %, 87 %, 6159 MiB, 49140 MiB, 289.07 W, 300.00 W, 73, 1965 MHz
2026/09/23 16:08:00.385, 0, 97 %, 82 %, 6159 MiB, 49140 MiB, 289.57 W, 300.00 W, 71, 1980 MHz
2026/09/23 16:08:01.386, 0, 97 %, 86 %, 6159 MiB, 49140 MiB, 288.39 W, 300.00 W, 72, 1770 MHz
2026/09/23 16:08:02.386, 0, 98 %, 88 %, 6159 MiB, 49140 MiB, 286.58 W, 300.00 W, 73, 2115 MHz
2026/09/23 16:08:03.387, 0, 97 %, 81 %, 6159 MiB, 49140 MiB, 289.03 W, 300.00 W, 71, 1920 MHz
2026/09/23 16:08:04.388, 0, 96 %, 85 %, 6159 MiB, 49140 MiB, 288.77 W, 300.00 W, 72, 1770 MHz
2026/09/23 16:08:05.388, 0, 96 %, 85 %, 6159 MiB, 49140 MiB, 287.02 W, 300.00 W, 73, 2145 MHz
2026/09/23 16:08:06.391, 0, 98 %, 86 %, 6159 MiB, 49140 MiB, 285.88 W, 300.00 W, 73, 2055 MHz
2026/09/23 16:08:07.391, 0, 97 %, 86 %, 6159 MiB, 49140 MiB, 287.84 W, 300.00 W, 71, 1980 MHz
2026/09/23 16:08:08.392, 0, 93 %, 64 %, 6159 MiB, 49140 MiB, 294.29 W, 300.00 W, 74, 1635 MHz
2026/09/23 16:08:09.393, 0, 0 %, 0 %, 6159 MiB, 49140 MiB, 130.76 W, 300.00 W, 67, 2745 MHz
2026/09/23 16:08:10.394, 0, 95 %, 87 %, 6159 MiB, 49140 MiB, 102.45 W, 300.00 W, 69, 2220 MHz
2026/09/23 16:08:11.394, 0, 97 %, 86 %, 6159 MiB, 49140 MiB, 287.48 W, 300.00 W, 73, 2100 MHz
2026/09/23 16:08:12.397, 0, 95 %, 81 %, 6159 MiB, 49140 MiB, 286.16 W, 300.00 W, 71, 1770 MHz
2026/09/23 16:08:13.397, 0, 96 %, 86 %, 6159 MiB, 49140 MiB, 287.03 W, 300.00 W, 72, 1980 MHz
2026/09/23 16:08:14.398, 0, 98 %, 88 %, 6159 MiB, 49140 MiB, 286.58 W, 300.00 W, 72, 1770 MHz
2026/09/23 16:08:15.401, 0, 98 %, 85 %, 6159 MiB, 49140 MiB, 288.91 W, 300.00 W, 72, 1965 MHz
2026/09/23 16:08:16.402, 0, 95 %, 85 %, 6159 MiB, 49140 MiB, 287.80 W, 300.00 W, 72, 1845 MHz
2026/09/23 16:08:17.402, 0, 97 %, 82 %, 6159 MiB, 49140 MiB, 286.30 W, 300.00 W, 72, 2085 MHz
2026/09/23 16:08:18.405, 0, 97 %, 87 %, 6159 MiB, 49140 MiB, 288.55 W, 300.00 W, 74, 1950 MHz
2026/09/23 16:08:19.405, 0, 96 %, 84 %, 6159 MiB, 49140 MiB, 288.54 W, 300.00 W, 71, 1695 MHz
2026/09/23 16:08:20.407, 0, 97 %, 86 %, 6159 MiB, 49140 MiB, 287.41 W, 300.00 W, 72, 2130 MHz
2026/09/23 16:08:21.409, 0, 97 %, 87 %, 6159 MiB, 49140 MiB, 287.81 W, 300.00 W, 74, 2100 MHz
2026/09/23 16:08:22.409, 0, 98 %, 84 %, 6159 MiB, 49140 MiB, 287.58 W, 300.00 W, 72, 1785 MHz
2026/09/23 16:08:23.411, 0, 97 %, 87 %, 6159 MiB, 49140 MiB, 287.55 W, 300.00 W, 72, 1800 MHz
2026/09/23 16:08:24.411, 0, 98 %, 84 %, 6159 MiB, 49140 MiB, 287.62 W, 300.00 W, 72, 2010 MHz
2026/09/23 16:08:25.412, 0, 97 %, 87 %, 6159 MiB, 49140 MiB, 288.06 W, 300.00 W, 74, 1905 MHz
2026/09/23 16:08:26.414, 0, 94 %, 86 %, 6159 MiB, 49140 MiB, 288.21 W, 300.00 W, 72, 1875 MHz
2026/09/23 16:08:27.414, 0, 98 %, 83 %, 6159 MiB, 49140 MiB, 286.82 W, 300.00 W, 72, 2070 MHz
2026/09/23 16:08:28.415, 0, 97 %, 87 %, 6159 MiB, 49140 MiB, 287.83 W, 300.00 W, 74, 2115 MHz
2026/09/23 16:08:29.416, 0, 98 %, 87 %, 6159 MiB, 49140 MiB, 291.04 W, 300.00 W, 71, 1710 MHz
2026/09/23 16:08:30.416, 0, 97 %, 83 %, 6159 MiB, 49140 MiB, 289.32 W, 300.00 W, 72, 2100 MHz
2026/09/23 16:08:31.417, 0, 98 %, 88 %, 6159 MiB, 49140 MiB, 289.47 W, 300.00 W, 74, 1950 MHz
2026/09/23 16:08:32.418, 0, 97 %, 87 %, 6159 MiB, 49140 MiB, 289.69 W, 300.00 W, 71, 1725 MHz
2026/09/23 16:08:33.419, 0, 95 %, 68 %, 6159 MiB, 49140 MiB, 294.22 W, 300.00 W, 74, 1620 MHz
2026/09/23 16:08:34.419, 0, 0 %, 0 %, 6159 MiB, 49140 MiB, 113.77 W, 300.00 W, 67, 2745 MHz
2026/09/23 16:08:35.420, 0, 97 %, 87 %, 6159 MiB, 49140 MiB, 142.68 W, 300.00 W, 72, 2205 MHz
2026/09/23 16:08:36.421, 0, 96 %, 87 %, 6159 MiB, 49140 MiB, 289.63 W, 300.00 W, 71, 1845 MHz
2026/09/23 16:08:37.422, 0, 94 %, 81 %, 6159 MiB, 49140 MiB, 284.98 W, 300.00 W, 71, 2205 MHz
2026/09/23 16:08:38.422, 0, 96 %, 87 %, 6159 MiB, 49140 MiB, 287.77 W, 300.00 W, 73, 1980 MHz
2026/09/23 16:08:39.424, 0, 98 %, 87 %, 6159 MiB, 49140 MiB, 287.62 W, 300.00 W, 70, 1695 MHz
2026/09/23 16:08:40.425, 0, 97 %, 86 %, 6159 MiB, 49140 MiB, 287.80 W, 300.00 W, 71, 2130 MHz
2026/09/23 16:08:41.426, 0, 97 %, 86 %, 6159 MiB, 49140 MiB, 286.95 W, 300.00 W, 73, 2055 MHz
2026/09/23 16:08:42.427, 0, 97 %, 81 %, 6159 MiB, 49140 MiB, 288.33 W, 300.00 W, 71, 1680 MHz
2026/09/23 16:08:43.428, 0, 97 %, 86 %, 6159 MiB, 49140 MiB, 287.14 W, 300.00 W, 72, 2130 MHz
2026/09/23 16:08:44.429, 0, 96 %, 85 %, 6159 MiB, 49140 MiB, 286.77 W, 300.00 W, 73, 2055 MHz
2026/09/23 16:08:45.430, 0, 97 %, 81 %, 6159 MiB, 49140 MiB, 287.39 W, 300.00 W, 72, 1770 MHz
2026/09/23 16:08:46.431, 0, 93 %, 82 %, 6159 MiB, 49140 MiB, 287.66 W, 300.00 W, 73, 1845 MHz
2026/09/23 16:08:47.432, 0, 98 %, 87 %, 6159 MiB, 49140 MiB, 285.73 W, 300.00 W, 72, 1920 MHz
2026/09/23 16:08:48.433, 0, 97 %, 84 %, 6159 MiB, 49140 MiB, 288.20 W, 300.00 W, 72, 1815 MHz
2026/09/23 16:08:49.434, 0, 96 %, 85 %, 6159 MiB, 49140 MiB, 288.22 W, 300.00 W, 73, 1815 MHz
2026/09/23 16:08:50.436, 0, 98 %, 87 %, 6159 MiB, 49140 MiB, 286.33 W, 300.00 W, 72, 1740 MHz
2026/09/23 16:08:51.438, 0, 97 %, 85 %, 6159 MiB, 49140 MiB, 289.78 W, 300.00 W, 73, 1980 MHz
2026/09/23 16:08:52.439, 0, 98 %, 88 %, 6159 MiB, 49140 MiB, 287.15 W, 300.00 W, 72, 1785 MHz
2026/09/23 16:08:53.439, 0, 97 %, 85 %, 6159 MiB, 49140 MiB, 286.30 W, 300.00 W, 72, 2115 MHz
2026/09/23 16:08:54.442, 0, 97 %, 87 %, 6159 MiB, 49140 MiB, 287.29 W, 300.00 W, 74, 2115 MHz
2026/09/23 16:08:55.442, 0, 98 %, 83 %, 6159 MiB, 49140 MiB, 287.47 W, 300.00 W, 71, 1650 MHz
2026/09/23 16:08:56.443, 0, 96 %, 85 %, 6159 MiB, 49140 MiB, 287.50 W, 300.00 W, 73, 1935 MHz
2026/09/23 16:08:57.444, 0, 91 %, 65 %, 6159 MiB, 49140 MiB, 287.48 W, 300.00 W, 74, 1785 MHz
2026/09/23 16:08:58.445, 0, 10 %, 0 %, 6159 MiB, 49140 MiB, 259.00 W, 300.00 W, 68, 2610 MHz
2026/09/23 16:08:59.446, 0, 0 %, 0 %, 6159 MiB, 49140 MiB, 78.62 W, 300.00 W, 66, 2610 MHz
2026/09/23 16:09:00.447, 0, 96 %, 85 %, 6159 MiB, 49140 MiB, 177.74 W, 300.00 W, 71, 1920 MHz
2026/09/23 16:09:01.451, 0, 97 %, 87 %, 6159 MiB, 49140 MiB, 285.94 W, 300.00 W, 72, 2010 MHz
2026/09/23 16:09:02.451, 0, 97 %, 81 %, 6159 MiB, 49140 MiB, 288.17 W, 300.00 W, 71, 1905 MHz
2026/09/23 16:09:03.452, 0, 96 %, 86 %, 6159 MiB, 49140 MiB, 286.28 W, 300.00 W, 72, 1965 MHz
2026/09/23 16:09:04.453, 0, 95 %, 84 %, 6159 MiB, 49140 MiB, 282.39 W, 300.00 W, 71, 2055 MHz
2026/09/23 16:09:05.454, 0, 98 %, 88 %, 6159 MiB, 49140 MiB, 286.31 W, 300.00 W, 72, 1725 MHz
2026/09/23 16:09:06.455, 0, 97 %, 86 %, 6159 MiB, 49140 MiB, 288.68 W, 300.00 W, 71, 2100 MHz
2026/09/23 16:09:07.456, 0, 95 %, 84 %, 6159 MiB, 49140 MiB, 285.88 W, 300.00 W, 72, 1830 MHz
2026/09/23 16:09:08.457, 0, 98 %, 87 %, 6159 MiB, 49140 MiB, 287.05 W, 300.00 W, 73, 1860 MHz
2026/09/23 16:09:09.457, 0, 98 %, 83 %, 6159 MiB, 49140 MiB, 288.28 W, 300.00 W, 72, 1665 MHz
2026/09/23 16:09:10.458, 0, 98 %, 86 %, 6159 MiB, 49140 MiB, 287.99 W, 300.00 W, 72, 1905 MHz
2026/09/23 16:09:11.459, 0, 96 %, 86 %, 6159 MiB, 49140 MiB, 286.20 W, 300.00 W, 73, 1785 MHz
2026/09/23 16:09:12.459, 0, 98 %, 84 %, 6159 MiB, 49140 MiB, 288.54 W, 300.00 W, 72, 2010 MHz
2026/09/23 16:09:13.460, 0, 97 %, 86 %, 6159 MiB, 49140 MiB, 287.27 W, 300.00 W, 72, 1920 MHz
2026/09/23 16:09:14.461, 0, 96 %, 86 %, 6159 MiB, 49140 MiB, 286.32 W, 300.00 W, 73, 1740 MHz
2026/09/23 16:09:15.462, 0, 97 %, 86 %, 6159 MiB, 49140 MiB, 289.02 W, 300.00 W, 73, 2070 MHz
2026/09/23 16:09:16.464, 0, 89 %, 79 %, 6159 MiB, 49140 MiB, 286.20 W, 300.00 W, 72, 1830 MHz
2026/09/23 16:09:17.465, 0, 98 %, 87 %, 6159 MiB, 49140 MiB, 285.85 W, 300.00 W, 74, 2040 MHz
2026/09/23 16:09:18.466, 0, 98 %, 87 %, 6159 MiB, 49140 MiB, 288.14 W, 300.00 W, 71, 1770 MHz
2026/09/23 16:09:19.467, 0, 96 %, 87 %, 6159 MiB, 49140 MiB, 289.55 W, 300.00 W, 72, 2115 MHz
2026/09/23 16:09:20.468, 0, 98 %, 87 %, 6159 MiB, 49140 MiB, 287.48 W, 300.00 W, 73, 1980 MHz
2026/09/23 16:09:21.469, 0, 96 %, 85 %, 6159 MiB, 49140 MiB, 288.28 W, 300.00 W, 71, 1725 MHz
2026/09/23 16:09:22.470, 0, 96 %, 67 %, 6159 MiB, 49140 MiB, 288.78 W, 300.00 W, 74, 1620 MHz
2026/09/23 16:09:23.470, 0, 0 %, 0 %, 6159 MiB, 49140 MiB, 215.69 W, 300.00 W, 66, 2505 MHz
2026/09/23 16:09:24.471, 0, 0 %, 0 %, 6159 MiB, 49140 MiB, 71.68 W, 300.00 W, 66, 2505 MHz
2026/09/23 16:09:25.471, 0, 98 %, 87 %, 6159 MiB, 49140 MiB, 202.13 W, 300.00 W, 73, 1905 MHz
2026/09/23 16:09:26.472, 0, 98 %, 83 %, 6159 MiB, 49140 MiB, 287.60 W, 300.00 W, 71, 1980 MHz
2026/09/23 16:09:27.473, 0, 98 %, 85 %, 6159 MiB, 49140 MiB, 287.31 W, 300.00 W, 71, 2040 MHz
2026/09/23 16:09:28.474, 0, 97 %, 88 %, 6159 MiB, 49140 MiB, 287.99 W, 300.00 W, 72, 1635 MHz
2026/09/23 16:09:29.474, 0, 98 %, 88 %, 6159 MiB, 49140 MiB, 289.72 W, 300.00 W, 72, 2145 MHz
2026/09/23 16:09:30.475, 0, 97 %, 83 %, 6159 MiB, 49140 MiB, 286.07 W, 300.00 W, 73, 2145 MHz
2026/09/23 16:09:31.476, 0, 98 %, 88 %, 6159 MiB, 49140 MiB, 287.84 W, 300.00 W, 72, 1635 MHz
2026/09/23 16:09:32.477, 0, 98 %, 88 %, 6159 MiB, 49140 MiB, 288.95 W, 300.00 W, 72, 2070 MHz
2026/09/23 16:09:33.477, 0, 97 %, 86 %, 6159 MiB, 49140 MiB, 287.60 W, 300.00 W, 73, 2055 MHz
2026/09/23 16:09:34.478, 0, 98 %, 86 %, 6159 MiB, 49140 MiB, 288.67 W, 300.00 W, 71, 1755 MHz
2026/09/23 16:09:35.479, 0, 98 %, 86 %, 6159 MiB, 49140 MiB, 288.08 W, 300.00 W, 72, 1995 MHz
2026/09/23 16:09:36.480, 0, 98 %, 85 %, 6159 MiB, 49140 MiB, 285.46 W, 300.00 W, 73, 2085 MHz
2026/09/23 16:09:37.482, 0, 98 %, 88 %, 6159 MiB, 49140 MiB, 287.70 W, 300.00 W, 72, 1635 MHz
2026/09/23 16:09:38.485, 0, 97 %, 87 %, 6159 MiB, 49140 MiB, 288.71 W, 300.00 W, 73, 2085 MHz
2026/09/23 16:09:39.485, 0, 95 %, 82 %, 6159 MiB, 49140 MiB, 286.28 W, 300.00 W, 72, 2040 MHz
2026/09/23 16:09:40.486, 0, 97 %, 87 %, 6159 MiB, 49140 MiB, 288.03 W, 300.00 W, 73, 1755 MHz
2026/09/23 16:09:41.486, 0, 98 %, 89 %, 6159 MiB, 49140 MiB, 288.92 W, 300.00 W, 73, 2145 MHz
2026/09/23 16:09:42.488, 0, 98 %, 84 %, 6159 MiB, 49140 MiB, 287.24 W, 300.00 W, 72, 2070 MHz
2026/09/23 16:09:43.490, 0, 96 %, 86 %, 6159 MiB, 49140 MiB, 288.17 W, 300.00 W, 73, 1620 MHz
2026/09/23 16:09:44.491, 0, 97 %, 88 %, 6159 MiB, 49140 MiB, 288.52 W, 300.00 W, 73, 2130 MHz
2026/09/23 16:09:45.492, 0, 98 %, 84 %, 6159 MiB, 49140 MiB, 287.52 W, 300.00 W, 72, 2085 MHz
2026/09/23 16:09:46.493, 0, 98 %, 88 %, 6159 MiB, 49140 MiB, 286.45 W, 300.00 W, 73, 1815 MHz
2026/09/23 16:09:47.495, 0, 93 %, 64 %, 6159 MiB, 49140 MiB, 292.85 W, 300.00 W, 74, 1665 MHz
2026/09/23 16:09:48.495, 0, 0 %, 0 %, 6159 MiB, 49140 MiB, 169.56 W, 300.00 W, 67, 2745 MHz
2026/09/23 16:09:49.496, 0, 0 %, 0 %, 6159 MiB, 49140 MiB, 86.92 W, 300.00 W, 69, 2310 MHz
2026/09/23 16:09:50.499, 0, 97 %, 87 %, 6159 MiB, 49140 MiB, 218.57 W, 300.00 W, 72, 1905 MHz
2026/09/23 16:09:51.500, 0, 97 %, 87 %, 6159 MiB, 49140 MiB, 286.24 W, 300.00 W, 72, 2010 MHz
2026/09/23 16:09:52.501, 0, 98 %, 88 %, 6159 MiB, 49140 MiB, 288.07 W, 300.00 W, 72, 2010 MHz
2026/09/23 16:09:53.501, 0, 97 %, 86 %, 6159 MiB, 49140 MiB, 286.28 W, 300.00 W, 72, 1725 MHz
2026/09/23 16:09:54.502, 0, 96 %, 86 %, 6159 MiB, 49140 MiB, 287.75 W, 300.00 W, 72, 2115 MHz
2026/09/23 16:09:55.503, 0, 98 %, 88 %, 6159 MiB, 49140 MiB, 289.16 W, 300.00 W, 72, 2025 MHz
2026/09/23 16:09:56.504, 0, 98 %, 88 %, 6159 MiB, 49140 MiB, 287.54 W, 300.00 W, 73, 1665 MHz
2026/09/23 16:09:57.507, 0, 98 %, 87 %, 6159 MiB, 49140 MiB, 288.18 W, 300.00 W, 72, 2055 MHz
2026/09/23 16:09:58.508, 0, 97 %, 87 %, 6159 MiB, 49140 MiB, 289.82 W, 300.00 W, 72, 1815 MHz
2026/09/23 16:09:59.509, 0, 94 %, 84 %, 6159 MiB, 49140 MiB, 284.95 W, 300.00 W, 72, 1995 MHz
2026/09/23 16:10:00.510, 0, 90 %, 81 %, 6159 MiB, 49140 MiB, 284.40 W, 300.00 W, 73, 1830 MHz
2026/09/23 16:10:01.511, 0, 98 %, 88 %, 6159 MiB, 49140 MiB, 288.23 W, 300.00 W, 72, 2025 MHz
2026/09/23 16:10:02.512, 0, 98 %, 88 %, 6159 MiB, 49140 MiB, 289.36 W, 300.00 W, 72, 1905 MHz
2026/09/23 16:10:03.513, 0, 96 %, 85 %, 6159 MiB, 49140 MiB, 287.46 W, 300.00 W, 73, 1725 MHz
2026/09/23 16:10:04.514, 0, 97 %, 87 %, 6159 MiB, 49140 MiB, 288.86 W, 300.00 W, 72, 2025 MHz
2026/09/23 16:10:05.515, 0, 97 %, 87 %, 6159 MiB, 49140 MiB, 288.99 W, 300.00 W, 73, 1770 MHz
2026/09/23 16:10:06.515, 0, 98 %, 84 %, 6159 MiB, 49140 MiB, 285.88 W, 300.00 W, 72, 1980 MHz
2026/09/23 16:10:07.516, 0, 98 %, 88 %, 6159 MiB, 49140 MiB, 288.04 W, 300.00 W, 73, 1800 MHz
2026/09/23 16:10:08.517, 0, 97 %, 87 %, 6159 MiB, 49140 MiB, 290.13 W, 300.00 W, 73, 1710 MHz
2026/09/23 16:10:09.518, 0, 97 %, 83 %, 6159 MiB, 49140 MiB, 288.30 W, 300.00 W, 72, 1935 MHz
2026/09/23 16:10:10.519, 0, 97 %, 87 %, 6159 MiB, 49140 MiB, 289.63 W, 300.00 W, 73, 1815 MHz
2026/09/23 16:10:11.520, 0, 97 %, 87 %, 6159 MiB, 49140 MiB, 290.08 W, 300.00 W, 73, 1710 MHz
2026/09/23 16:10:12.520, 0, 96 %, 65 %, 6159 MiB, 49140 MiB, 295.22 W, 300.00 W, 74, 1605 MHz
2026/09/23 16:10:13.521, 0, 0 %, 0 %, 6159 MiB, 49140 MiB, 129.42 W, 300.00 W, 67, 2745 MHz
2026/09/23 16:10:14.521, 0, 97 %, 88 %, 6159 MiB, 49140 MiB, 126.81 W, 300.00 W, 71, 2040 MHz
2026/09/23 16:10:15.523, 0, 98 %, 87 %, 6159 MiB, 49140 MiB, 288.15 W, 300.00 W, 71, 1980 MHz
2026/09/23 16:10:16.524, 0, 96 %, 87 %, 6159 MiB, 49140 MiB, 286.37 W, 300.00 W, 72, 1665 MHz
2026/09/23 16:10:17.525, 0, 97 %, 87 %, 6159 MiB, 49140 MiB, 287.71 W, 300.00 W, 71, 2130 MHz
2026/09/23 16:10:18.526, 0, 98 %, 88 %, 6159 MiB, 49140 MiB, 288.20 W, 300.00 W, 72, 1845 MHz
2026/09/23 16:10:19.527, 0, 97 %, 83 %, 6159 MiB, 49140 MiB, 286.25 W, 300.00 W, 72, 1920 MHz
2026/09/23 16:10:20.528, 0, 98 %, 88 %, 6159 MiB, 49140 MiB, 286.84 W, 300.00 W, 73, 1785 MHz
2026/09/23 16:10:21.529, 0, 97 %, 86 %, 6159 MiB, 49140 MiB, 288.54 W, 300.00 W, 73, 1860 MHz
2026/09/23 16:10:22.530, 0, 98 %, 86 %, 6159 MiB, 49140 MiB, 286.60 W, 300.00 W, 72, 2010 MHz
2026/09/23 16:10:23.530, 0, 97 %, 87 %, 6159 MiB, 49140 MiB, 287.81 W, 300.00 W, 73, 1770 MHz
2026/09/23 16:10:24.531, 0, 98 %, 86 %, 6159 MiB, 49140 MiB, 290.17 W, 300.00 W, 73, 1965 MHz
2026/09/23 16:10:25.532, 0, 98 %, 85 %, 6159 MiB, 49140 MiB, 287.80 W, 300.00 W, 72, 1965 MHz
2026/09/23 16:10:26.532, 0, 97 %, 87 %, 6159 MiB, 49140 MiB, 287.96 W, 300.00 W, 73, 1785 MHz
2026/09/23 16:10:27.533, 0, 98 %, 87 %, 6159 MiB, 49140 MiB, 290.35 W, 300.00 W, 73, 1755 MHz
2026/09/23 16:10:28.534, 0, 95 %, 84 %, 6159 MiB, 49140 MiB, 286.01 W, 300.00 W, 72, 2040 MHz
2026/09/23 16:10:29.534, 0, 98 %, 88 %, 6159 MiB, 49140 MiB, 287.93 W, 300.00 W, 74, 1635 MHz
2026/09/23 16:10:30.535, 0, 97 %, 85 %, 6159 MiB, 49140 MiB, 289.21 W, 300.00 W, 72, 2145 MHz
2026/09/23 16:10:31.536, 0, 98 %, 87 %, 6159 MiB, 49140 MiB, 289.88 W, 300.00 W, 73, 1965 MHz
2026/09/23 16:10:32.537, 0, 98 %, 88 %, 6159 MiB, 49140 MiB, 287.90 W, 300.00 W, 73, 1725 MHz
2026/09/23 16:10:33.538, 0, 96 %, 85 %, 6159 MiB, 49140 MiB, 289.66 W, 300.00 W, 72, 2130 MHz
2026/09/23 16:10:34.539, 0, 98 %, 88 %, 6159 MiB, 49140 MiB, 289.87 W, 300.00 W, 73, 2010 MHz
2026/09/23 16:10:35.540, 0, 98 %, 88 %, 6159 MiB, 49140 MiB, 289.61 W, 300.00 W, 74, 1920 MHz
2026/09/23 16:10:36.540, 0, 94 %, 68 %, 6159 MiB, 49140 MiB, 289.39 W, 300.00 W, 73, 1980 MHz
2026/09/23 16:10:37.541, 0, 9 %, 0 %, 6159 MiB, 49140 MiB, 273.78 W, 300.00 W, 68, 2730 MHz
2026/09/23 16:10:38.541, 0, 0 %, 0 %, 6159 MiB, 49140 MiB, 86.75 W, 300.00 W, 66, 2745 MHz
2026/09/23 16:10:39.542, 0, 98 %, 85 %, 6159 MiB, 49140 MiB, 192.89 W, 300.00 W, 70, 1950 MHz
2026/09/23 16:10:40.542, 0, 91 %, 81 %, 6159 MiB, 49140 MiB, 287.94 W, 300.00 W, 71, 1815 MHz
2026/09/23 16:10:41.543, 0, 97 %, 86 %, 6159 MiB, 49140 MiB, 284.20 W, 300.00 W, 72, 1830 MHz
2026/09/23 16:10:42.544, 0, 97 %, 88 %, 6159 MiB, 49140 MiB, 288.08 W, 300.00 W, 72, 2055 MHz
2026/09/23 16:10:43.545, 0, 97 %, 88 %, 6159 MiB, 49140 MiB, 289.77 W, 300.00 W, 72, 1980 MHz
2026/09/23 16:10:44.546, 0, 98 %, 85 %, 6159 MiB, 49140 MiB, 285.20 W, 300.00 W, 72, 1695 MHz
2026/09/23 16:10:45.547, 0, 97 %, 87 %, 6159 MiB, 49140 MiB, 287.51 W, 300.00 W, 73, 2175 MHz
2026/09/23 16:10:46.547, 0, 98 %, 84 %, 6159 MiB, 49140 MiB, 288.59 W, 300.00 W, 72, 2040 MHz
2026/09/23 16:10:47.548, 0, 96 %, 85 %, 6159 MiB, 49140 MiB, 287.49 W, 300.00 W, 72, 1650 MHz
2026/09/23 16:10:48.549, 0, 98 %, 87 %, 6159 MiB, 49140 MiB, 287.71 W, 300.00 W, 73, 2160 MHz
2026/09/23 16:10:49.550, 0, 98 %, 82 %, 6159 MiB, 49140 MiB, 288.99 W, 300.00 W, 72, 2055 MHz
2026/09/23 16:10:50.551, 0, 94 %, 83 %, 6159 MiB, 49140 MiB, 287.70 W, 300.00 W, 72, 1710 MHz
2026/09/23 16:10:51.552, 0, 98 %, 88 %, 6159 MiB, 49140 MiB, 287.81 W, 300.00 W, 74, 2085 MHz
2026/09/23 16:10:52.552, 0, 98 %, 86 %, 6159 MiB, 49140 MiB, 288.07 W, 300.00 W, 71, 1785 MHz
2026/09/23 16:10:53.554, 0, 97 %, 87 %, 6159 MiB, 49140 MiB, 289.52 W, 300.00 W, 72, 1935 MHz
2026/09/23 16:10:54.555, 0, 96 %, 85 %, 6159 MiB, 49140 MiB, 286.90 W, 300.00 W, 73, 1845 MHz
2026/09/23 16:10:55.556, 0, 98 %, 87 %, 6159 MiB, 49140 MiB, 287.95 W, 300.00 W, 73, 1995 MHz
2026/09/23 16:10:56.558, 0, 98 %, 88 %, 6159 MiB, 49140 MiB, 289.50 W, 300.00 W, 73, 1875 MHz
2026/09/23 16:10:57.559, 0, 98 %, 86 %, 6159 MiB, 49140 MiB, 287.05 W, 300.00 W, 72, 1740 MHz
2026/09/23 16:10:58.560, 0, 98 %, 88 %, 6159 MiB, 49140 MiB, 289.41 W, 300.00 W, 73, 2115 MHz
2026/09/23 16:10:59.561, 0, 98 %, 85 %, 6159 MiB, 49140 MiB, 289.79 W, 300.00 W, 73, 2085 MHz
2026/09/23 16:11:00.562, 0, 95 %, 85 %, 6159 MiB, 49140 MiB, 287.46 W, 300.00 W, 72, 1680 MHz
2026/09/23 16:11:01.563, 0, 94 %, 65 %, 6159 MiB, 49140 MiB, 290.80 W, 300.00 W, 74, 1635 MHz
2026/09/23 16:11:02.564, 0, 0 %, 0 %, 6159 MiB, 49140 MiB, 211.17 W, 300.00 W, 67, 2745 MHz
2026/09/23 16:11:03.564, 0, 0 %, 0 %, 6159 MiB, 49140 MiB, 86.93 W, 300.00 W, 66, 2745 MHz
2026/09/23 16:11:04.565, 0, 98 %, 87 %, 6159 MiB, 49140 MiB, 198.88 W, 300.00 W, 73, 2010 MHz
2026/09/23 16:11:05.566, 0, 97 %, 82 %, 6159 MiB, 49140 MiB, 288.02 W, 300.00 W, 71, 2085 MHz
2026/09/23 16:11:06.567, 0, 96 %, 86 %, 6159 MiB, 49140 MiB, 287.52 W, 300.00 W, 71, 1950 MHz
2026/09/23 16:11:07.567, 0, 96 %, 87 %, 6159 MiB, 49140 MiB, 285.70 W, 300.00 W, 73, 2160 MHz
2026/09/23 16:11:08.569, 0, 98 %, 83 %, 6159 MiB, 49140 MiB, 288.44 W, 300.00 W, 70, 2010 MHz
2026/09/23 16:11:09.569, 0, 95 %, 85 %, 6159 MiB, 49140 MiB, 288.03 W, 300.00 W, 71, 1755 MHz
2026/09/23 16:11:10.570, 0, 97 %, 87 %, 6159 MiB, 49140 MiB, 287.41 W, 300.00 W, 74, 2040 MHz
2026/09/23 16:11:11.571, 0, 97 %, 87 %, 6159 MiB, 49140 MiB, 286.83 W, 300.00 W, 72, 1875 MHz
2026/09/23 16:11:12.571, 0, 98 %, 88 %, 6159 MiB, 49140 MiB, 289.39 W, 300.00 W, 72, 1980 MHz
2026/09/23 16:11:13.572, 0, 98 %, 87 %, 6159 MiB, 49140 MiB, 287.78 W, 300.00 W, 73, 1845 MHz
2026/09/23 16:11:14.573, 0, 98 %, 86 %, 6159 MiB, 49140 MiB, 289.74 W, 300.00 W, 71, 1815 MHz
2026/09/23 16:11:15.574, 0, 98 %, 87 %, 6159 MiB, 49140 MiB, 288.93 W, 300.00 W, 72, 1875 MHz
2026/09/23 16:11:16.575, 0, 97 %, 88 %, 6159 MiB, 49140 MiB, 287.12 W, 300.00 W, 74, 1830 MHz
2026/09/23 16:11:17.576, 0, 98 %, 85 %, 6159 MiB, 49140 MiB, 289.15 W, 300.00 W, 71, 1815 MHz
2026/09/23 16:11:18.578, 0, 96 %, 86 %, 6159 MiB, 49140 MiB, 288.93 W, 300.00 W, 72, 1800 MHz
2026/09/23 16:11:19.579, 0, 97 %, 87 %, 6159 MiB, 49140 MiB, 286.51 W, 300.00 W, 74, 1980 MHz
2026/09/23 16:11:20.579, 0, 96 %, 84 %, 6159 MiB, 49140 MiB, 288.19 W, 300.00 W, 71, 1860 MHz
2026/09/23 16:11:21.580, 0, 97 %, 86 %, 6159 MiB, 49140 MiB, 288.54 W, 300.00 W, 72, 1935 MHz
2026/09/23 16:11:22.581, 0, 98 %, 84 %, 6159 MiB, 49140 MiB, 286.07 W, 300.00 W, 72, 1770 MHz
2026/09/23 16:11:23.582, 0, 97 %, 87 %, 6159 MiB, 49140 MiB, 290.07 W, 300.00 W, 73, 2025 MHz
2026/09/23 16:11:24.583, 0, 98 %, 82 %, 6159 MiB, 49140 MiB, 287.88 W, 300.00 W, 71, 1950 MHz
2026/09/23 16:11:25.585, 0, 97 %, 86 %, 6159 MiB, 49140 MiB, 289.28 W, 300.00 W, 72, 1785 MHz
2026/09/23 16:11:26.586, 0, 93 %, 65 %, 6159 MiB, 49140 MiB, 292.51 W, 300.00 W, 73, 1575 MHz
2026/09/23 16:11:27.586, 0, 0 %, 0 %, 6159 MiB, 49140 MiB, 172.10 W, 300.00 W, 66, 2505 MHz
2026/09/23 16:11:28.587, 0, 0 %, 0 %, 6159 MiB, 49140 MiB, 71.95 W, 300.00 W, 65, 2190 MHz
2026/09/23 16:11:29.588, 0, 97 %, 84 %, 6159 MiB, 49140 MiB, 215.57 W, 300.00 W, 70, 2190 MHz
2026/09/23 16:11:30.589, 0, 98 %, 86 %, 6159 MiB, 49140 MiB, 288.19 W, 300.00 W, 71, 1800 MHz
2026/09/23 16:11:31.590, 0, 96 %, 82 %, 6159 MiB, 49140 MiB, 285.20 W, 300.00 W, 72, 2145 MHz
2026/09/23 16:11:32.590, 0, 97 %, 87 %, 6159 MiB, 49140 MiB, 288.95 W, 300.00 W, 71, 2070 MHz
2026/09/23 16:11:33.591, 0, 97 %, 87 %, 6159 MiB, 49140 MiB, 288.24 W, 300.00 W, 72, 1725 MHz
2026/09/23 16:11:34.592, 0, 96 %, 86 %, 6159 MiB, 49140 MiB, 286.46 W, 300.00 W, 72, 2025 MHz
2026/09/23 16:11:35.593, 0, 94 %, 83 %, 6159 MiB, 49140 MiB, 287.20 W, 300.00 W, 73, 1830 MHz
2026/09/23 16:11:36.595, 0, 98 %, 82 %, 6159 MiB, 49140 MiB, 288.79 W, 300.00 W, 71, 1950 MHz
2026/09/23 16:11:37.596, 0, 94 %, 84 %, 6159 MiB, 49140 MiB, 288.02 W, 300.00 W, 72, 1860 MHz
2026/09/23 16:11:38.597, 0, 97 %, 87 %, 6159 MiB, 49140 MiB, 286.45 W, 300.00 W, 74, 1980 MHz
2026/09/23 16:11:39.598, 0, 97 %, 86 %, 6159 MiB, 49140 MiB, 288.06 W, 300.00 W, 71, 1890 MHz
2026/09/23 16:11:40.599, 0, 97 %, 88 %, 6159 MiB, 49140 MiB, 288.87 W, 300.00 W, 72, 1665 MHz
2026/09/23 16:11:41.601, 0, 97 %, 86 %, 6159 MiB, 49140 MiB, 286.89 W, 300.00 W, 72, 2055 MHz
2026/09/23 16:11:42.601, 0, 98 %, 87 %, 6159 MiB, 49140 MiB, 290.32 W, 300.00 W, 73, 1890 MHz
2026/09/23 16:11:43.602, 0, 98 %, 82 %, 6159 MiB, 49140 MiB, 290.17 W, 300.00 W, 72, 1920 MHz
2026/09/23 16:11:44.604, 0, 95 %, 84 %, 6159 MiB, 49140 MiB, 287.89 W, 300.00 W, 72, 1830 MHz
2026/09/23 16:11:45.605, 0, 97 %, 87 %, 6159 MiB, 49140 MiB, 289.41 W, 300.00 W, 74, 1815 MHz
2026/09/23 16:11:46.606, 0, 97 %, 83 %, 6159 MiB, 49140 MiB, 291.17 W, 300.00 W, 71, 1995 MHz
2026/09/23 16:11:47.608, 0, 97 %, 86 %, 6159 MiB, 49140 MiB, 287.30 W, 300.00 W, 72, 1725 MHz
2026/09/23 16:11:48.608, 0, 96 %, 83 %, 6159 MiB, 49140 MiB, 287.69 W, 300.00 W, 73, 2115 MHz
2026/09/23 16:11:49.609, 0, 98 %, 88 %, 6159 MiB, 49140 MiB, 288.93 W, 300.00 W, 73, 1950 MHz
2026/09/23 16:11:50.610, 0, 97 %, 83 %, 6159 MiB, 49140 MiB, 289.27 W, 300.00 W, 72, 1755 MHz
2026/09/23 16:11:51.610, 0, 95 %, 67 %, 6159 MiB, 49140 MiB, 295.25 W, 300.00 W, 74, 1635 MHz
2026/09/23 16:11:52.612, 0, 0 %, 0 %, 6159 MiB, 49140 MiB, 123.33 W, 300.00 W, 66, 2640 MHz
2026/09/23 16:11:53.612, 0, 99 %, 87 %, 6159 MiB, 49140 MiB, 111.95 W, 300.00 W, 71, 1665 MHz
2026/09/23 16:11:54.613, 0, 97 %, 85 %, 6159 MiB, 49140 MiB, 287.32 W, 300.00 W, 72, 2145 MHz
2026/09/23 16:11:55.613, 0, 98 %, 88 %, 6159 MiB, 49140 MiB, 288.06 W, 300.00 W, 71, 2070 MHz
2026/09/23 16:11:56.614, 0, 98 %, 88 %, 6159 MiB, 49140 MiB, 287.75 W, 300.00 W, 72, 1605 MHz
2026/09/23 16:11:57.615, 0, 97 %, 88 %, 6159 MiB, 49140 MiB, 286.99 W, 300.00 W, 72, 2130 MHz
2026/09/23 16:11:58.616, 0, 98 %, 88 %, 6159 MiB, 49140 MiB, 288.99 W, 300.00 W, 72, 2025 MHz
2026/09/23 16:11:59.617, 0, 96 %, 87 %, 6159 MiB, 49140 MiB, 289.20 W, 300.00 W, 73, 1635 MHz
2026/09/23 16:12:00.617, 0, 98 %, 86 %, 6159 MiB, 49140 MiB, 286.93 W, 300.00 W, 72, 2040 MHz
2026/09/23 16:12:01.618, 0, 98 %, 84 %, 6159 MiB, 49140 MiB, 290.57 W, 300.00 W, 72, 2025 MHz
2026/09/23 16:12:02.619, 0, 94 %, 86 %, 6159 MiB, 49140 MiB, 289.48 W, 300.00 W, 72, 1800 MHz
2026/09/23 16:12:03.620, 0, 94 %, 81 %, 6159 MiB, 49140 MiB, 285.60 W, 300.00 W, 72, 2010 MHz
2026/09/23 16:12:04.620, 0, 98 %, 88 %, 6159 MiB, 49140 MiB, 288.00 W, 300.00 W, 73, 1860 MHz
2026/09/23 16:12:05.621, 0, 97 %, 88 %, 6159 MiB, 49140 MiB, 289.69 W, 300.00 W, 72, 1920 MHz
2026/09/23 16:12:06.622, 0, 97 %, 85 %, 6159 MiB, 49140 MiB, 287.56 W, 300.00 W, 73, 2010 MHz
2026/09/23 16:12:07.623, 0, 98 %, 87 %, 6159 MiB, 49140 MiB, 288.98 W, 300.00 W, 73, 1935 MHz
2026/09/23 16:12:08.624, 0, 96 %, 87 %, 6159 MiB, 49140 MiB, 289.55 W, 300.00 W, 73, 1695 MHz
2026/09/23 16:12:09.624, 0, 96 %, 84 %, 6159 MiB, 49140 MiB, 285.44 W, 300.00 W, 72, 1905 MHz
2026/09/23 16:12:10.625, 0, 98 %, 89 %, 6159 MiB, 49140 MiB, 287.39 W, 300.00 W, 74, 1860 MHz
2026/09/23 16:12:11.627, 0, 98 %, 84 %, 6159 MiB, 49140 MiB, 288.73 W, 300.00 W, 71, 1950 MHz
2026/09/23 16:12:12.627, 0, 96 %, 83 %, 6159 MiB, 49140 MiB, 288.26 W, 300.00 W, 72, 1785 MHz
2026/09/23 16:12:13.628, 0, 97 %, 87 %, 6159 MiB, 49140 MiB, 287.20 W, 300.00 W, 73, 2010 MHz
2026/09/23 16:12:14.630, 0, 97 %, 81 %, 6159 MiB, 49140 MiB, 289.89 W, 300.00 W, 72, 1695 MHz
2026/09/23 16:12:15.631, 0, 89 %, 67 %, 6159 MiB, 49140 MiB, 288.62 W, 300.00 W, 73, 1755 MHz
2026/09/23 16:12:16.631, 0, 28 %, 18 %, 6159 MiB, 49140 MiB, 282.75 W, 300.00 W, 72, 2145 MHz
2026/09/23 16:12:17.632, 0, 0 %, 0 %, 6159 MiB, 49140 MiB, 90.05 W, 300.00 W, 66, 2715 MHz
2026/09/23 16:12:18.632, 0, 97 %, 86 %, 6159 MiB, 49140 MiB, 158.94 W, 300.00 W, 71, 1995 MHz
2026/09/23 16:12:19.633, 0, 94 %, 86 %, 6159 MiB, 49140 MiB, 288.10 W, 300.00 W, 72, 1830 MHz
2026/09/23 16:12:20.634, 0, 97 %, 87 %, 6159 MiB, 49140 MiB, 286.42 W, 300.00 W, 71, 1800 MHz
2026/09/23 16:12:21.635, 0, 98 %, 83 %, 6159 MiB, 49140 MiB, 289.20 W, 300.00 W, 72, 1905 MHz
2026/09/23 16:12:22.636, 0, 96 %, 88 %, 6159 MiB, 49140 MiB, 289.29 W, 300.00 W, 73, 1830 MHz
2026/09/23 16:12:23.636, 0, 97 %, 87 %, 6159 MiB, 49140 MiB, 288.91 W, 300.00 W, 72, 1800 MHz
2026/09/23 16:12:24.637, 0, 98 %, 86 %, 6159 MiB, 49140 MiB, 289.47 W, 300.00 W, 72, 1920 MHz
2026/09/23 16:12:25.638, 0, 97 %, 89 %, 6159 MiB, 49140 MiB, 289.47 W, 300.00 W, 72, 1770 MHz
2026/09/23 16:12:26.639, 0, 97 %, 83 %, 6159 MiB, 49140 MiB, 286.02 W, 300.00 W, 72, 2070 MHz
2026/09/23 16:12:27.641, 0, 96 %, 87 %, 6159 MiB, 49140 MiB, 288.38 W, 300.00 W, 74, 2115 MHz
2026/09/23 16:12:28.642, 0, 97 %, 82 %, 6159 MiB, 49140 MiB, 288.68 W, 300.00 W, 71, 1665 MHz
2026/09/23 16:12:29.642, 0, 96 %, 86 %, 6159 MiB, 49140 MiB, 288.31 W, 300.00 W, 72, 2085 MHz
2026/09/23 16:12:30.643, 0, 97 %, 88 %, 6159 MiB, 49140 MiB, 286.96 W, 300.00 W, 73, 2040 MHz
2026/09/23 16:12:31.645, 0, 98 %, 82 %, 6159 MiB, 49140 MiB, 289.80 W, 300.00 W, 72, 1695 MHz
2026/09/23 16:12:32.645, 0, 96 %, 86 %, 6159 MiB, 49140 MiB, 289.28 W, 300.00 W, 72, 2100 MHz
2026/09/23 16:12:33.647, 0, 96 %, 86 %, 6159 MiB, 49140 MiB, 289.14 W, 300.00 W, 74, 2070 MHz
2026/09/23 16:12:34.648, 0, 97 %, 81 %, 6159 MiB, 49140 MiB, 289.64 W, 300.00 W, 71, 1695 MHz
2026/09/23 16:12:35.649, 0, 95 %, 85 %, 6159 MiB, 49140 MiB, 289.20 W, 300.00 W, 72, 2085 MHz
2026/09/23 16:12:36.650, 0, 97 %, 88 %, 6159 MiB, 49140 MiB, 286.72 W, 300.00 W, 73, 1860 MHz
2026/09/23 16:12:37.651, 0, 98 %, 84 %, 6159 MiB, 49140 MiB, 288.25 W, 300.00 W, 73, 1905 MHz
2026/09/23 16:12:38.652, 0, 97 %, 89 %, 6159 MiB, 49140 MiB, 289.29 W, 300.00 W, 72, 1800 MHz
2026/09/23 16:12:39.653, 0, 98 %, 85 %, 6159 MiB, 49140 MiB, 288.48 W, 300.00 W, 72, 1905 MHz
2026/09/23 16:12:40.654, 0, 96 %, 65 %, 6159 MiB, 49140 MiB, 291.96 W, 300.00 W, 74, 1590 MHz
2026/09/23 16:12:41.655, 0, 3 %, 0 %, 6159 MiB, 49140 MiB, 239.60 W, 300.00 W, 67, 2505 MHz
2026/09/23 16:12:42.655, 0, 0 %, 0 %, 6159 MiB, 49140 MiB, 72.04 W, 300.00 W, 66, 2505 MHz
2026/09/23 16:12:43.656, 0, 96 %, 86 %, 6159 MiB, 49140 MiB, 191.21 W, 300.00 W, 71, 1830 MHz
2026/09/23 16:12:44.656, 0, 98 %, 89 %, 6159 MiB, 49140 MiB, 285.77 W, 300.00 W, 71, 1860 MHz
2026/09/23 16:12:45.657, 0, 98 %, 82 %, 6159 MiB, 49140 MiB, 288.76 W, 300.00 W, 72, 1830 MHz
2026/09/23 16:12:46.658, 0, 95 %, 85 %, 6159 MiB, 49140 MiB, 287.84 W, 300.00 W, 72, 1980 MHz
2026/09/23 16:12:47.659, 0, 98 %, 89 %, 6159 MiB, 49140 MiB, 286.62 W, 300.00 W, 72, 1935 MHz
2026/09/23 16:12:48.660, 0, 98 %, 82 %, 6159 MiB, 49140 MiB, 288.17 W, 300.00 W, 72, 1800 MHz
2026/09/23 16:12:49.660, 0, 97 %, 89 %, 6159 MiB, 49140 MiB, 288.00 W, 300.00 W, 73, 1815 MHz
2026/09/23 16:12:50.661, 0, 96 %, 83 %, 6159 MiB, 49140 MiB, 287.67 W, 300.00 W, 72, 2130 MHz
2026/09/23 16:12:51.661, 0, 98 %, 88 %, 6159 MiB, 49140 MiB, 288.97 W, 300.00 W, 73, 2010 MHz
2026/09/23 16:12:52.662, 0, 97 %, 88 %, 6159 MiB, 49140 MiB, 289.71 W, 300.00 W, 72, 1785 MHz
2026/09/23 16:12:53.664, 0, 98 %, 85 %, 6159 MiB, 49140 MiB, 286.07 W, 300.00 W, 72, 2025 MHz
2026/09/23 16:12:54.664, 0, 97 %, 87 %, 6159 MiB, 49140 MiB, 288.12 W, 300.00 W, 73, 1920 MHz
2026/09/23 16:12:55.665, 0, 97 %, 84 %, 6159 MiB, 49140 MiB, 288.73 W, 300.00 W, 71, 1680 MHz
2026/09/23 16:12:56.666, 0, 96 %, 85 %, 6159 MiB, 49140 MiB, 287.48 W, 300.00 W, 72, 2130 MHz
2026/09/23 16:12:57.668, 0, 97 %, 88 %, 6159 MiB, 49140 MiB, 287.74 W, 300.00 W, 73, 1995 MHz
2026/09/23 16:12:58.669, 0, 98 %, 82 %, 6159 MiB, 49140 MiB, 290.40 W, 300.00 W, 72, 1740 MHz
2026/09/23 16:12:59.670, 0, 95 %, 85 %, 6159 MiB, 49140 MiB, 288.96 W, 300.00 W, 73, 2085 MHz
2026/09/23 16:13:00.671, 0, 98 %, 88 %, 6159 MiB, 49140 MiB, 288.22 W, 300.00 W, 73, 1935 MHz
2026/09/23 16:13:01.672, 0, 97 %, 82 %, 6159 MiB, 49140 MiB, 289.30 W, 300.00 W, 72, 1770 MHz
2026/09/23 16:13:02.675, 0, 97 %, 88 %, 6159 MiB, 49140 MiB, 288.18 W, 300.00 W, 73, 2085 MHz
2026/09/23 16:13:03.676, 0, 97 %, 83 %, 6159 MiB, 49140 MiB, 286.75 W, 300.00 W, 72, 2055 MHz
2026/09/23 16:13:04.677, 0, 98 %, 89 %, 6159 MiB, 49140 MiB, 289.26 W, 300.00 W, 74, 1680 MHz
2026/09/23 16:13:05.678, 0, 92 %, 65 %, 6159 MiB, 49140 MiB, 293.57 W, 300.00 W, 74, 1695 MHz
2026/09/23 16:13:06.679, 0, 0 %, 0 %, 6159 MiB, 49140 MiB, 199.29 W, 300.00 W, 67, 2505 MHz
2026/09/23 16:13:07.680, 0, 0 %, 0 %, 6159 MiB, 49140 MiB, 73.03 W, 300.00 W, 66, 2505 MHz
2026/09/23 16:13:08.683, 0, 98 %, 89 %, 6159 MiB, 49140 MiB, 201.63 W, 300.00 W, 71, 2160 MHz
2026/09/23 16:13:09.684, 0, 94 %, 81 %, 6159 MiB, 49140 MiB, 285.44 W, 300.00 W, 71, 2190 MHz
2026/09/23 16:13:10.685, 0, 98 %, 89 %, 6159 MiB, 49140 MiB, 286.90 W, 300.00 W, 73, 1695 MHz
2026/09/23 16:13:11.686, 0, 98 %, 85 %, 6159 MiB, 49140 MiB, 288.79 W, 300.00 W, 70, 2055 MHz
2026/09/23 16:13:12.687, 0, 87 %, 77 %, 6159 MiB, 49140 MiB, 286.30 W, 300.00 W, 71, 1965 MHz
2026/09/23 16:13:13.688, 0, 97 %, 87 %, 6159 MiB, 49140 MiB, 286.18 W, 300.00 W, 73, 1950 MHz
2026/09/23 16:13:14.689, 0, 98 %, 82 %, 6159 MiB, 49140 MiB, 289.00 W, 300.00 W, 71, 1815 MHz
2026/09/23 16:13:15.690, 0, 96 %, 86 %, 6159 MiB, 49140 MiB, 289.51 W, 300.00 W, 72, 2040 MHz
2026/09/23 16:13:16.691, 0, 98 %, 85 %, 6159 MiB, 49140 MiB, 285.19 W, 300.00 W, 73, 2100 MHz
2026/09/23 16:13:17.692, 0, 98 %, 88 %, 6159 MiB, 49140 MiB, 287.77 W, 300.00 W, 72, 1725 MHz
2026/09/23 16:13:18.694, 0, 98 %, 89 %, 6159 MiB, 49140 MiB, 289.02 W, 300.00 W, 72, 2115 MHz
2026/09/23 16:13:19.699, 0, 97 %, 84 %, 6159 MiB, 49140 MiB, 286.15 W, 300.00 W, 72, 2130 MHz
2026/09/23 16:13:20.699, 0, 96 %, 87 %, 6159 MiB, 49140 MiB, 289.00 W, 300.00 W, 72, 1650 MHz
2026/09/23 16:13:21.701, 0, 96 %, 87 %, 6159 MiB, 49140 MiB, 289.33 W, 300.00 W, 72, 2130 MHz
2026/09/23 16:13:22.701, 0, 97 %, 84 %, 6159 MiB, 49140 MiB, 287.40 W, 300.00 W, 72, 2040 MHz
2026/09/23 16:13:23.702, 0, 95 %, 86 %, 6159 MiB, 49140 MiB, 287.39 W, 300.00 W, 73, 1815 MHz
2026/09/23 16:13:24.703, 0, 98 %, 83 %, 6159 MiB, 49140 MiB, 288.49 W, 300.00 W, 73, 2010 MHz
2026/09/23 16:13:25.704, 0, 96 %, 84 %, 6159 MiB, 49140 MiB, 286.94 W, 300.00 W, 72, 1815 MHz
2026/09/23 16:13:26.704, 0, 97 %, 86 %, 6159 MiB, 49140 MiB, 287.89 W, 300.00 W, 73, 1875 MHz
2026/09/23 16:13:27.705, 0, 98 %, 84 %, 6159 MiB, 49140 MiB, 286.64 W, 300.00 W, 71, 1830 MHz
2026/09/23 16:13:28.706, 0, 96 %, 87 %, 6159 MiB, 49140 MiB, 289.47 W, 300.00 W, 72, 2100 MHz
2026/09/23 16:13:29.707, 0, 98 %, 85 %, 6159 MiB, 49140 MiB, 287.29 W, 300.00 W, 73, 2040 MHz
2026/09/23 16:13:30.707, 0, 93 %, 66 %, 6159 MiB, 49140 MiB, 293.29 W, 300.00 W, 74, 1710 MHz
2026/09/23 16:13:31.708, 0, 0 %, 0 %, 6159 MiB, 49140 MiB, 174.88 W, 300.00 W, 67, 2745 MHz
2026/09/23 16:13:32.708, 0, 0 %, 0 %, 6159 MiB, 49140 MiB, 86.02 W, 300.00 W, 66, 2745 MHz
2026/09/23 16:13:33.710, 0, 96 %, 87 %, 6159 MiB, 49140 MiB, 217.59 W, 300.00 W, 71, 1935 MHz
2026/09/23 16:13:34.711, 0, 97 %, 89 %, 6159 MiB, 49140 MiB, 285.73 W, 300.00 W, 73, 1980 MHz
2026/09/23 16:13:35.711, 0, 98 %, 82 %, 6159 MiB, 49140 MiB, 288.27 W, 300.00 W, 70, 1845 MHz
2026/09/23 16:13:36.712, 0, 96 %, 85 %, 6159 MiB, 49140 MiB, 287.57 W, 300.00 W, 71, 1920 MHz
2026/09/23 16:13:37.713, 0, 97 %, 87 %, 6159 MiB, 49140 MiB, 287.61 W, 300.00 W, 73, 1965 MHz
2026/09/23 16:13:38.714, 0, 97 %, 85 %, 6159 MiB, 49140 MiB, 286.85 W, 300.00 W, 71, 1755 MHz
2026/09/23 16:13:39.714, 0, 96 %, 87 %, 6159 MiB, 49140 MiB, 289.32 W, 300.00 W, 72, 2190 MHz
2026/09/23 16:13:40.715, 0, 89 %, 78 %, 6159 MiB, 49140 MiB, 283.48 W, 300.00 W, 71, 1950 MHz
2026/09/23 16:13:41.716, 0, 95 %, 86 %, 6159 MiB, 49140 MiB, 285.47 W, 300.00 W, 73, 2100 MHz
2026/09/23 16:13:42.717, 0, 97 %, 81 %, 6159 MiB, 49140 MiB, 288.22 W, 300.00 W, 71, 1815 MHz
2026/09/23 16:13:43.720, 0, 95 %, 85 %, 6159 MiB, 49140 MiB, 289.43 W, 300.00 W, 72, 1920 MHz
2026/09/23 16:13:44.720, 0, 96 %, 88 %, 6159 MiB, 49140 MiB, 287.76 W, 300.00 W, 74, 2010 MHz
2026/09/23 16:13:45.721, 0, 98 %, 83 %, 6159 MiB, 49140 MiB, 288.10 W, 300.00 W, 71, 1785 MHz
2026/09/23 16:13:46.722, 0, 96 %, 86 %, 6159 MiB, 49140 MiB, 288.28 W, 300.00 W, 72, 1950 MHz
2026/09/23 16:13:47.723, 0, 98 %, 89 %, 6159 MiB, 49140 MiB, 288.11 W, 300.00 W, 74, 1920 MHz
2026/09/23 16:13:48.724, 0, 97 %, 85 %, 6159 MiB, 49140 MiB, 288.19 W, 300.00 W, 72, 1740 MHz
2026/09/23 16:13:49.725, 0, 95 %, 87 %, 6159 MiB, 49140 MiB, 288.03 W, 300.00 W, 72, 2160 MHz
2026/09/23 16:13:50.725, 0, 96 %, 82 %, 6159 MiB, 49140 MiB, 286.78 W, 300.00 W, 72, 1965 MHz
2026/09/23 16:13:51.726, 0, 98 %, 90 %, 6159 MiB, 49140 MiB, 287.34 W, 300.00 W, 72, 1860 MHz
2026/09/23 16:13:52.728, 0, 98 %, 83 %, 6159 MiB, 49140 MiB, 288.02 W, 300.00 W, 73, 1980 MHz
2026/09/23 16:13:53.729, 0, 95 %, 83 %, 6159 MiB, 49140 MiB, 286.99 W, 300.00 W, 72, 1935 MHz
2026/09/23 16:13:54.730, 0, 98 %, 88 %, 6159 MiB, 49140 MiB, 287.14 W, 300.00 W, 73, 1830 MHz
2026/09/23 16:13:55.730, 0, 94 %, 67 %, 6159 MiB, 49140 MiB, 295.38 W, 300.00 W, 74, 1650 MHz
2026/09/23 16:13:56.731, 0, 0 %, 0 %, 6159 MiB, 49140 MiB, 137.78 W, 300.00 W, 67, 2745 MHz
2026/09/23 16:13:57.731, 0, 98 %, 89 %, 6159 MiB, 49140 MiB, 125.29 W, 300.00 W, 73, 1770 MHz
2026/09/23 16:13:58.732, 0, 97 %, 82 %, 6159 MiB, 49140 MiB, 288.42 W, 300.00 W, 71, 2025 MHz
2026/09/23 16:13:59.733, 0, 92 %, 83 %, 6159 MiB, 49140 MiB, 285.83 W, 300.00 W, 71, 1995 MHz
2026/09/23 16:14:00.735, 0, 97 %, 87 %, 6159 MiB, 49140 MiB, 285.81 W, 300.00 W, 73, 1815 MHz
2026/09/23 16:14:01.736, 0, 96 %, 81 %, 6159 MiB, 49140 MiB, 288.92 W, 300.00 W, 72, 2010 MHz
2026/09/23 16:14:02.737, 0, 95 %, 85 %, 6159 MiB, 49140 MiB, 287.14 W, 300.00 W, 71, 2100 MHz
2026/09/23 16:14:03.738, 0, 98 %, 89 %, 6159 MiB, 49140 MiB, 287.18 W, 300.00 W, 74, 1710 MHz
2026/09/23 16:14:04.739, 0, 97 %, 81 %, 6159 MiB, 49140 MiB, 289.14 W, 300.00 W, 72, 2025 MHz
2026/09/23 16:14:05.740, 0, 95 %, 85 %, 6159 MiB, 49140 MiB, 286.99 W, 300.00 W, 72, 1965 MHz
2026/09/23 16:14:06.740, 0, 96 %, 87 %, 6159 MiB, 49140 MiB, 286.55 W, 300.00 W, 74, 1710 MHz
2026/09/23 16:14:07.742, 0, 98 %, 81 %, 6159 MiB, 49140 MiB, 290.07 W, 300.00 W, 71, 2070 MHz
2026/09/23 16:14:08.743, 0, 96 %, 87 %, 6159 MiB, 49140 MiB, 288.19 W, 300.00 W, 72, 2025 MHz
2026/09/23 16:14:09.743, 0, 98 %, 89 %, 6159 MiB, 49140 MiB, 287.98 W, 300.00 W, 74, 1725 MHz
2026/09/23 16:14:10.744, 0, 98 %, 82 %, 6159 MiB, 49140 MiB, 289.52 W, 300.00 W, 71, 2145 MHz
2026/09/23 16:14:11.745, 0, 96 %, 87 %, 6159 MiB, 49140 MiB, 288.28 W, 300.00 W, 72, 2025 MHz
2026/09/23 16:14:12.746, 0, 98 %, 89 %, 6159 MiB, 49140 MiB, 288.16 W, 300.00 W, 74, 1695 MHz
2026/09/23 16:14:13.748, 0, 98 %, 81 %, 6159 MiB, 49140 MiB, 289.72 W, 300.00 W, 71, 2130 MHz
2026/09/23 16:14:14.749, 0, 97 %, 87 %, 6159 MiB, 49140 MiB, 289.35 W, 300.00 W, 72, 2040 MHz
2026/09/23 16:14:15.749, 0, 97 %, 84 %, 6159 MiB, 49140 MiB, 286.10 W, 300.00 W, 73, 1815 MHz
2026/09/23 16:14:16.750, 0, 98 %, 88 %, 6159 MiB, 49140 MiB, 288.47 W, 300.00 W, 72, 1935 MHz
2026/09/23 16:14:17.751, 0, 97 %, 88 %, 6159 MiB, 49140 MiB, 290.09 W, 300.00 W, 73, 1800 MHz
2026/09/23 16:14:18.752, 0, 96 %, 83 %, 6159 MiB, 49140 MiB, 285.30 W, 300.00 W, 73, 1995 MHz
2026/09/23 16:14:19.754, 0, 91 %, 64 %, 6159 MiB, 49140 MiB, 290.00 W, 300.00 W, 74, 1755 MHz
2026/09/23 16:14:20.755, 0, 8 %, 0 %, 6159 MiB, 49140 MiB, 277.69 W, 300.00 W, 68, 2505 MHz
2026/09/23 16:14:21.755, 0, 0 %, 0 %, 6159 MiB, 49140 MiB, 72.58 W, 300.00 W, 66, 2505 MHz
2026/09/23 16:14:22.757, 0, 97 %, 89 %, 6159 MiB, 49140 MiB, 196.02 W, 300.00 W, 73, 1665 MHz
2026/09/23 16:14:23.757, 0, 98 %, 83 %, 6159 MiB, 49140 MiB, 287.75 W, 300.00 W, 70, 2115 MHz
2026/09/23 16:14:24.758, 0, 95 %, 85 %, 6159 MiB, 49140 MiB, 288.90 W, 300.00 W, 71, 2055 MHz
2026/09/23 16:14:25.759, 0, 97 %, 89 %, 6159 MiB, 49140 MiB, 287.38 W, 300.00 W, 73, 1680 MHz
2026/09/23 16:14:26.760, 0, 97 %, 81 %, 6159 MiB, 49140 MiB, 288.18 W, 300.00 W, 71, 2145 MHz
2026/09/23 16:14:27.762, 0, 96 %, 86 %, 6159 MiB, 49140 MiB, 287.84 W, 300.00 W, 71, 1920 MHz
2026/09/23 16:14:28.762, 0, 97 %, 87 %, 6159 MiB, 49140 MiB, 287.85 W, 300.00 W, 73, 1860 MHz
2026/09/23 16:14:29.764, 0, 98 %, 83 %, 6159 MiB, 49140 MiB, 288.52 W, 300.00 W, 73, 1890 MHz
2026/09/23 16:14:30.765, 0, 96 %, 82 %, 6159 MiB, 49140 MiB, 288.10 W, 300.00 W, 72, 1995 MHz
2026/09/23 16:14:31.767, 0, 97 %, 88 %, 6159 MiB, 49140 MiB, 288.08 W, 300.00 W, 72, 1785 MHz
2026/09/23 16:14:32.768, 0, 98 %, 82 %, 6159 MiB, 49140 MiB, 289.25 W, 300.00 W, 73, 1965 MHz
2026/09/23 16:14:33.770, 0, 96 %, 84 %, 6159 MiB, 49140 MiB, 288.47 W, 300.00 W, 72, 1950 MHz
2026/09/23 16:14:34.770, 0, 96 %, 86 %, 6159 MiB, 49140 MiB, 287.74 W, 300.00 W, 74, 1770 MHz
2026/09/23 16:14:35.771, 0, 98 %, 81 %, 6159 MiB, 49140 MiB, 288.00 W, 300.00 W, 71, 2115 MHz
2026/09/23 16:14:36.772, 0, 95 %, 85 %, 6159 MiB, 49140 MiB, 288.10 W, 300.00 W, 72, 2085 MHz
2026/09/23 16:14:37.773, 0, 98 %, 89 %, 6159 MiB, 49140 MiB, 288.03 W, 300.00 W, 74, 1740 MHz
2026/09/23 16:14:38.774, 0, 98 %, 81 %, 6159 MiB, 49140 MiB, 289.75 W, 300.00 W, 71, 2115 MHz
2026/09/23 16:14:39.774, 0, 94 %, 84 %, 6159 MiB, 49140 MiB, 288.20 W, 300.00 W, 72, 2010 MHz
2026/09/23 16:14:40.775, 0, 97 %, 86 %, 6159 MiB, 49140 MiB, 285.94 W, 300.00 W, 73, 1845 MHz
2026/09/23 16:14:41.776, 0, 97 %, 86 %, 6159 MiB, 49140 MiB, 289.10 W, 300.00 W, 72, 1785 MHz
2026/09/23 16:14:42.777, 0, 96 %, 87 %, 6159 MiB, 49140 MiB, 289.46 W, 300.00 W, 72, 1935 MHz
2026/09/23 16:14:43.778, 0, 98 %, 88 %, 6159 MiB, 49140 MiB, 287.57 W, 300.00 W, 74, 1860 MHz
2026/09/23 16:14:44.779, 0, 92 %, 65 %, 6159 MiB, 49140 MiB, 293.73 W, 300.00 W, 74, 1680 MHz
2026/09/23 16:14:45.779, 0, 0 %, 0 %, 6159 MiB, 49140 MiB, 189.27 W, 300.00 W, 67, 2745 MHz
2026/09/23 16:14:46.780, 0, 0 %, 0 %, 6159 MiB, 49140 MiB, 87.45 W, 300.00 W, 66, 2745 MHz
2026/09/23 16:14:47.781, 0, 97 %, 88 %, 6159 MiB, 49140 MiB, 219.44 W, 300.00 W, 71, 1845 MHz
2026/09/23 16:14:48.781, 0, 96 %, 88 %, 6159 MiB, 49140 MiB, 286.88 W, 300.00 W, 72, 1950 MHz
2026/09/23 16:14:49.782, 0, 97 %, 88 %, 6159 MiB, 49140 MiB, 287.99 W, 300.00 W, 73, 2010 MHz
2026/09/23 16:14:50.783, 0, 97 %, 81 %, 6159 MiB, 49140 MiB, 288.96 W, 300.00 W, 70, 1980 MHz
2026/09/23 16:14:51.784, 0, 94 %, 85 %, 6159 MiB, 49140 MiB, 287.22 W, 300.00 W, 72, 1710 MHz
2026/09/23 16:14:52.786, 0, 98 %, 88 %, 6159 MiB, 49140 MiB, 286.88 W, 300.00 W, 73, 2160 MHz
2026/09/23 16:14:53.786, 0, 98 %, 82 %, 6159 MiB, 49140 MiB, 288.61 W, 300.00 W, 71, 2055 MHz
2026/09/23 16:14:54.788, 0, 94 %, 85 %, 6159 MiB, 49140 MiB, 287.48 W, 300.00 W, 72, 1665 MHz
2026/09/23 16:14:55.788, 0, 98 %, 89 %, 6159 MiB, 49140 MiB, 286.39 W, 300.00 W, 73, 2160 MHz
2026/09/23 16:14:56.789, 0, 98 %, 83 %, 6159 MiB, 49140 MiB, 290.81 W, 300.00 W, 73, 1995 MHz
2026/09/23 16:14:57.790, 0, 94 %, 85 %, 6159 MiB, 49140 MiB, 286.35 W, 300.00 W, 72, 1785 MHz
2026/09/23 16:14:58.791, 0, 97 %, 88 %, 6159 MiB, 49140 MiB, 287.18 W, 300.00 W, 74, 1995 MHz
2026/09/23 16:14:59.791, 0, 98 %, 87 %, 6159 MiB, 49140 MiB, 287.89 W, 300.00 W, 71, 1770 MHz
2026/09/23 16:15:00.793, 0, 97 %, 89 %, 6159 MiB, 49140 MiB, 290.18 W, 300.00 W, 72, 2025 MHz
2026/09/23 16:15:01.794, 0, 93 %, 80 %, 6159 MiB, 49140 MiB, 285.08 W, 300.00 W, 72, 1710 MHz
2026/09/23 16:15:02.795, 0, 98 %, 89 %, 6159 MiB, 49140 MiB, 289.47 W, 300.00 W, 72, 2115 MHz
2026/09/23 16:15:03.795, 0, 98 %, 87 %, 6159 MiB, 49140 MiB, 289.00 W, 300.00 W, 73, 1935 MHz
2026/09/23 16:15:04.796, 0, 96 %, 83 %, 6159 MiB, 49140 MiB, 287.54 W, 300.00 W, 72, 1890 MHz
2026/09/23 16:15:05.797, 0, 98 %, 88 %, 6159 MiB, 49140 MiB, 288.77 W, 300.00 W, 72, 2010 MHz
2026/09/23 16:15:06.798, 0, 98 %, 90 %, 6159 MiB, 49140 MiB, 289.70 W, 300.00 W, 72, 2010 MHz
2026/09/23 16:15:07.799, 0, 91 %, 78 %, 6159 MiB, 49140 MiB, 285.06 W, 300.00 W, 72, 1815 MHz
2026/09/23 16:15:08.800, 0, 97 %, 88 %, 6159 MiB, 49140 MiB, 287.04 W, 300.00 W, 73, 2145 MHz
2026/09/23 16:15:09.800, 0, 94 %, 66 %, 6159 MiB, 49140 MiB, 296.03 W, 300.00 W, 73, 1710 MHz
2026/09/23 16:15:10.801, 0, 0 %, 0 %, 6159 MiB, 49140 MiB, 135.96 W, 300.00 W, 67, 2745 MHz
2026/09/23 16:15:11.802, 0, 92 %, 83 %, 6159 MiB, 49140 MiB, 118.43 W, 300.00 W, 70, 1770 MHz
2026/09/23 16:15:12.802, 0, 97 %, 88 %, 6159 MiB, 49140 MiB, 284.08 W, 300.00 W, 73, 1965 MHz
2026/09/23 16:15:13.803, 0, 97 %, 81 %, 6159 MiB, 49140 MiB, 289.40 W, 300.00 W, 71, 2160 MHz
2026/09/23 16:15:14.804, 0, 95 %, 83 %, 6159 MiB, 49140 MiB, 288.09 W, 300.00 W, 71, 1680 MHz
2026/09/23 16:15:15.805, 0, 97 %, 89 %, 6159 MiB, 49140 MiB, 288.31 W, 300.00 W, 73, 2085 MHz
2026/09/23 16:15:16.806, 0, 98 %, 87 %, 6159 MiB, 49140 MiB, 289.81 W, 300.00 W, 73, 1875 MHz
2026/09/23 16:15:17.807, 0, 96 %, 83 %, 6159 MiB, 49140 MiB, 288.01 W, 300.00 W, 72, 1725 MHz
2026/09/23 16:15:18.808, 0, 98 %, 89 %, 6159 MiB, 49140 MiB, 288.46 W, 300.00 W, 72, 2115 MHz
2026/09/23 16:15:19.808, 0, 98 %, 89 %, 6159 MiB, 49140 MiB, 290.68 W, 300.00 W, 72, 1980 MHz
2026/09/23 16:15:20.810, 0, 97 %, 84 %, 6159 MiB, 49140 MiB, 287.18 W, 300.00 W, 72, 1830 MHz
2026/09/23 16:15:21.811, 0, 98 %, 88 %, 6159 MiB, 49140 MiB, 288.67 W, 300.00 W, 72, 1890 MHz
2026/09/23 16:15:22.813, 0, 97 %, 89 %, 6159 MiB, 49140 MiB, 288.89 W, 300.00 W, 72, 1770 MHz
2026/09/23 16:15:23.813, 0, 98 %, 86 %, 6159 MiB, 49140 MiB, 289.42 W, 300.00 W, 73, 1950 MHz
2026/09/23 16:15:24.814, 0, 97 %, 87 %, 6159 MiB, 49140 MiB, 285.72 W, 300.00 W, 72, 1860 MHz
2026/09/23 16:15:25.815, 0, 97 %, 89 %, 6159 MiB, 49140 MiB, 288.94 W, 300.00 W, 72, 1875 MHz
2026/09/23 16:15:26.816, 0, 96 %, 86 %, 6159 MiB, 49140 MiB, 289.79 W, 300.00 W, 73, 1980 MHz
2026/09/23 16:15:27.817, 0, 98 %, 87 %, 6159 MiB, 49140 MiB, 286.58 W, 300.00 W, 73, 1860 MHz
2026/09/23 16:15:28.818, 0, 97 %, 89 %, 6159 MiB, 49140 MiB, 290.06 W, 300.00 W, 71, 1770 MHz
2026/09/23 16:15:29.818, 0, 97 %, 86 %, 6159 MiB, 49140 MiB, 290.11 W, 300.00 W, 72, 1770 MHz
2026/09/23 16:15:30.819, 0, 97 %, 84 %, 6159 MiB, 49140 MiB, 287.63 W, 300.00 W, 73, 2025 MHz
2026/09/23 16:15:31.820, 0, 97 %, 88 %, 6159 MiB, 49140 MiB, 288.80 W, 300.00 W, 72, 1935 MHz
2026/09/23 16:15:32.821, 0, 98 %, 87 %, 6159 MiB, 49140 MiB, 289.98 W, 300.00 W, 72, 1815 MHz
2026/09/23 16:15:33.822, 0, 88 %, 64 %, 6159 MiB, 49140 MiB, 291.66 W, 300.00 W, 74, 1635 MHz
2026/09/23 16:15:34.822, 0, 8 %, 0 %, 6159 MiB, 49140 MiB, 172.38 W, 300.00 W, 66, 2505 MHz
2026/09/23 16:15:35.823, 0, 0 %, 0 %, 6159 MiB, 49140 MiB, 71.20 W, 300.00 W, 65, 2295 MHz
2026/09/23 16:15:36.824, 0, 96 %, 82 %, 6159 MiB, 49140 MiB, 216.74 W, 300.00 W, 71, 1830 MHz
2026/09/23 16:15:37.825, 0, 98 %, 89 %, 6159 MiB, 49140 MiB, 286.05 W, 300.00 W, 71, 2070 MHz
2026/09/23 16:15:38.826, 0, 97 %, 84 %, 6159 MiB, 49140 MiB, 284.54 W, 300.00 W, 73, 1770 MHz
2026/09/23 16:15:39.827, 0, 96 %, 85 %, 6159 MiB, 49140 MiB, 288.35 W, 300.00 W, 72, 1740 MHz
2026/09/23 16:15:40.828, 0, 98 %, 89 %, 6159 MiB, 49140 MiB, 286.65 W, 300.00 W, 72, 2100 MHz
2026/09/23 16:15:41.829, 0, 97 %, 87 %, 6159 MiB, 49140 MiB, 287.56 W, 300.00 W, 72, 2085 MHz
2026/09/23 16:15:42.831, 0, 97 %, 82 %, 6159 MiB, 49140 MiB, 288.82 W, 300.00 W, 72, 1680 MHz
2026/09/23 16:15:43.831, 0, 97 %, 88 %, 6159 MiB, 49140 MiB, 285.35 W, 300.00 W, 71, 2130 MHz
2026/09/23 16:15:44.832, 0, 97 %, 86 %, 6159 MiB, 49140 MiB, 286.60 W, 300.00 W, 72, 2100 MHz
2026/09/23 16:15:45.835, 0, 96 %, 82 %, 6159 MiB, 49140 MiB, 288.47 W, 300.00 W, 73, 1740 MHz
2026/09/23 16:15:46.835, 0, 97 %, 87 %, 6159 MiB, 49140 MiB, 285.43 W, 300.00 W, 72, 1995 MHz
2026/09/23 16:15:47.836, 0, 98 %, 82 %, 6159 MiB, 49140 MiB, 286.67 W, 300.00 W, 74, 1905 MHz
2026/09/23 16:15:48.839, 0, 93 %, 84 %, 6159 MiB, 49140 MiB, 289.21 W, 300.00 W, 71, 2025 MHz
2026/09/23 16:15:49.840, 0, 98 %, 90 %, 6159 MiB, 49140 MiB, 288.08 W, 300.00 W, 72, 1935 MHz
2026/09/23 16:15:50.840, 0, 98 %, 82 %, 6159 MiB, 49140 MiB, 287.91 W, 300.00 W, 73, 1950 MHz
2026/09/23 16:15:51.842, 0, 95 %, 84 %, 6159 MiB, 49140 MiB, 288.88 W, 300.00 W, 73, 1740 MHz
2026/09/23 16:15:52.843, 0, 97 %, 89 %, 6159 MiB, 49140 MiB, 286.51 W, 300.00 W, 72, 2160 MHz
2026/09/23 16:15:53.844, 0, 97 %, 87 %, 6159 MiB, 49140 MiB, 288.90 W, 300.00 W, 73, 2070 MHz
2026/09/23 16:15:54.845, 0, 98 %, 88 %, 6159 MiB, 49140 MiB, 289.55 W, 300.00 W, 73, 1695 MHz
2026/09/23 16:15:55.845, 0, 98 %, 86 %, 6159 MiB, 49140 MiB, 287.06 W, 300.00 W, 72, 2145 MHz
2026/09/23 16:15:56.846, 0, 97 %, 86 %, 6159 MiB, 49140 MiB, 288.08 W, 300.00 W, 73, 1995 MHz
2026/09/23 16:15:57.847, 0, 98 %, 87 %, 6159 MiB, 49140 MiB, 290.16 W, 300.00 W, 73, 1740 MHz
2026/09/23 16:15:58.848, 0, 92 %, 66 %, 6159 MiB, 49140 MiB, 293.87 W, 300.00 W, 74, 1680 MHz
2026/09/23 16:15:59.849, 0, 0 %, 0 %, 6159 MiB, 49140 MiB, 111.46 W, 300.00 W, 66, 2745 MHz
2026/09/23 16:16:00.849, 0, 0 %, 0 %, 6159 MiB, 49140 MiB, 174.64 W, 300.00 W, 73, 2175 MHz
2026/09/23 16:16:01.853, 0, 98 %, 85 %, 6159 MiB, 49140 MiB, 291.09 W, 300.00 W, 71, 2040 MHz
2026/09/23 16:16:02.854, 0, 96 %, 87 %, 6159 MiB, 49140 MiB, 285.52 W, 300.00 W, 71, 1860 MHz
2026/09/23 16:16:03.854, 0, 95 %, 86 %, 6159 MiB, 49140 MiB, 288.38 W, 300.00 W, 73, 1860 MHz
2026/09/23 16:16:04.857, 0, 97 %, 87 %, 6159 MiB, 49140 MiB, 287.94 W, 300.00 W, 71, 1995 MHz
2026/09/23 16:16:05.859, 0, 98 %, 88 %, 6159 MiB, 49140 MiB, 286.06 W, 300.00 W, 72, 1890 MHz
2026/09/23 16:16:06.860, 0, 98 %, 88 %, 6159 MiB, 49140 MiB, 288.59 W, 300.00 W, 74, 1800 MHz
2026/09/23 16:16:07.861, 0, 97 %, 83 %, 6159 MiB, 49140 MiB, 289.37 W, 300.00 W, 71, 1830 MHz
2026/09/23 16:16:08.862, 0, 97 %, 88 %, 6159 MiB, 49140 MiB, 286.04 W, 300.00 W, 72, 1980 MHz
2026/09/23 16:16:09.863, 0, 97 %, 86 %, 6159 MiB, 49140 MiB, 286.75 W, 300.00 W, 74, 1920 MHz
2026/09/23 16:16:10.864, 0, 97 %, 84 %, 6159 MiB, 49140 MiB, 287.77 W, 300.00 W, 71, 2025 MHz
2026/09/23 16:16:11.865, 0, 98 %, 88 %, 6159 MiB, 49140 MiB, 286.23 W, 300.00 W, 72, 1830 MHz
2026/09/23 16:16:12.865, 0, 96 %, 86 %, 6159 MiB, 49140 MiB, 286.51 W, 300.00 W, 74, 1935 MHz
2026/09/23 16:16:13.866, 0, 97 %, 83 %, 6159 MiB, 49140 MiB, 289.08 W, 300.00 W, 72, 2025 MHz
2026/09/23 16:16:14.867, 0, 98 %, 88 %, 6159 MiB, 49140 MiB, 287.83 W, 300.00 W, 73, 1935 MHz
2026/09/23 16:16:15.867, 0, 97 %, 87 %, 6159 MiB, 49140 MiB, 288.95 W, 300.00 W, 73, 1935 MHz
2026/09/23 16:16:16.868, 0, 98 %, 88 %, 6159 MiB, 49140 MiB, 289.04 W, 300.00 W, 73, 1680 MHz
2026/09/23 16:16:17.869, 0, 98 %, 85 %, 6159 MiB, 49140 MiB, 287.44 W, 300.00 W, 72, 1785 MHz
2026/09/23 16:16:18.870, 0, 96 %, 85 %, 6159 MiB, 49140 MiB, 289.70 W, 300.00 W, 73, 1800 MHz
2026/09/23 16:16:19.873, 0, 98 %, 88 %, 6159 MiB, 49140 MiB, 288.87 W, 300.00 W, 72, 2040 MHz
2026/09/23 16:16:20.874, 0, 97 %, 84 %, 6159 MiB, 49140 MiB, 286.63 W, 300.00 W, 72, 1875 MHz
2026/09/23 16:16:21.875, 0, 92 %, 81 %, 6159 MiB, 49140 MiB, 287.97 W, 300.00 W, 73, 1980 MHz
2026/09/23 16:16:22.876, 0, 98 %, 88 %, 6159 MiB, 49140 MiB, 291.39 W, 300.00 W, 74, 1740 MHz
2026/09/23 16:16:23.876, 0, 95 %, 66 %, 6159 MiB, 49140 MiB, 218.89 W, 300.00 W, 67, 2745 MHz
2026/09/23 16:16:24.877, 0, 0 %, 0 %, 6159 MiB, 49140 MiB, 87.39 W, 300.00 W, 66, 2745 MHz
2026/09/23 16:16:25.877, 0, 95 %, 84 %, 6159 MiB, 49140 MiB, 214.36 W, 300.00 W, 71, 2115 MHz
2026/09/23 16:16:26.879, 0, 98 %, 88 %, 6159 MiB, 49140 MiB, 287.88 W, 300.00 W, 71, 2085 MHz
2026/09/23 16:16:27.880, 0, 98 %, 83 %, 6159 MiB, 49140 MiB, 286.25 W, 300.00 W, 73, 1665 MHz
2026/09/23 16:16:28.881, 0, 96 %, 86 %, 6159 MiB, 49140 MiB, 288.12 W, 300.00 W, 70, 1725 MHz
2026/09/23 16:16:29.881, 0, 97 %, 87 %, 6159 MiB, 49140 MiB, 287.80 W, 300.00 W, 71, 2130 MHz
2026/09/23 16:16:30.882, 0, 97 %, 87 %, 6159 MiB, 49140 MiB, 287.00 W, 300.00 W, 73, 1920 MHz
2026/09/23 16:16:31.883, 0, 97 %, 83 %, 6159 MiB, 49140 MiB, 288.34 W, 300.00 W, 71, 1755 MHz
2026/09/23 16:16:32.883, 0, 98 %, 88 %, 6159 MiB, 49140 MiB, 285.72 W, 300.00 W, 72, 2145 MHz
2026/09/23 16:16:33.884, 0, 97 %, 82 %, 6159 MiB, 49140 MiB, 286.60 W, 300.00 W, 72, 1980 MHz
2026/09/23 16:16:34.885, 0, 95 %, 85 %, 6159 MiB, 49140 MiB, 288.20 W, 300.00 W, 72, 1710 MHz
2026/09/23 16:16:35.886, 0, 97 %, 87 %, 6159 MiB, 49140 MiB, 288.20 W, 300.00 W, 72, 2100 MHz
2026/09/23 16:16:36.887, 0, 96 %, 82 %, 6159 MiB, 49140 MiB, 286.60 W, 300.00 W, 72, 2010 MHz
2026/09/23 16:16:37.888, 0, 94 %, 84 %, 6159 MiB, 49140 MiB, 288.01 W, 300.00 W, 72, 1755 MHz
2026/09/23 16:16:38.889, 0, 97 %, 86 %, 6159 MiB, 49140 MiB, 287.43 W, 300.00 W, 72, 2085 MHz
2026/09/23 16:16:39.889, 0, 97 %, 83 %, 6159 MiB, 49140 MiB, 286.74 W, 300.00 W, 73, 1920 MHz
2026/09/23 16:16:40.890, 0, 96 %, 86 %, 6159 MiB, 49140 MiB, 289.37 W, 300.00 W, 72, 1800 MHz
2026/09/23 16:16:41.890, 0, 97 %, 88 %, 6159 MiB, 49140 MiB, 288.66 W, 300.00 W, 72, 2085 MHz
2026/09/23 16:16:42.891, 0, 97 %, 82 %, 6159 MiB, 49140 MiB, 286.83 W, 300.00 W, 73, 1950 MHz
2026/09/23 16:16:43.892, 0, 95 %, 85 %, 6159 MiB, 49140 MiB, 288.55 W, 300.00 W, 72, 1875 MHz
2026/09/23 16:16:44.893, 0, 98 %, 88 %, 6159 MiB, 49140 MiB, 289.50 W, 300.00 W, 72, 2100 MHz
2026/09/23 16:16:45.894, 0, 96 %, 81 %, 6159 MiB, 49140 MiB, 288.13 W, 300.00 W, 73, 2070 MHz
2026/09/23 16:16:46.894, 0, 96 %, 86 %, 6159 MiB, 49140 MiB, 288.13 W, 300.00 W, 72, 1725 MHz
2026/09/23 16:16:47.896, 0, 95 %, 67 %, 6159 MiB, 49140 MiB, 294.10 W, 300.00 W, 74, 1620 MHz
2026/09/23 16:16:48.896, 0, 10 %, 0 %, 6159 MiB, 49140 MiB, 159.49 W, 300.00 W, 66, 2550 MHz
2026/09/23 16:16:49.897, 0, 0 %, 0 %, 6159 MiB, 49140 MiB, 73.43 W, 300.00 W, 65, 2550 MHz
2026/09/23 16:16:50.898, 0, 96 %, 83 %, 6159 MiB, 49140 MiB, 216.32 W, 300.00 W, 73, 2100 MHz
2026/09/23 16:16:51.899, 0, 97 %, 86 %, 6159 MiB, 49140 MiB, 288.69 W, 300.00 W, 70, 1740 MHz
2026/09/23 16:16:52.899, 0, 97 %, 87 %, 6159 MiB, 49140 MiB, 286.99 W, 300.00 W, 71, 2130 MHz
2026/09/23 16:16:53.900, 0, 97 %, 88 %, 6159 MiB, 49140 MiB, 286.35 W, 300.00 W, 73, 1980 MHz
2026/09/23 16:16:54.900, 0, 97 %, 83 %, 6159 MiB, 49140 MiB, 289.55 W, 300.00 W, 71, 1785 MHz
2026/09/23 16:16:55.901, 0, 97 %, 88 %, 6159 MiB, 49140 MiB, 287.53 W, 300.00 W, 71, 2025 MHz
2026/09/23 16:16:56.902, 0, 98 %, 88 %, 6159 MiB, 49140 MiB, 288.61 W, 300.00 W, 73, 2010 MHz
2026/09/23 16:16:57.904, 0, 97 %, 84 %, 6159 MiB, 49140 MiB, 288.62 W, 300.00 W, 71, 1800 MHz
2026/09/23 16:16:58.905, 0, 98 %, 87 %, 6159 MiB, 49140 MiB, 286.66 W, 300.00 W, 72, 1965 MHz
2026/09/23 16:16:59.906, 0, 98 %, 87 %, 6159 MiB, 49140 MiB, 288.92 W, 300.00 W, 73, 2010 MHz
2026/09/23 16:17:00.908, 0, 97 %, 88 %, 6159 MiB, 49140 MiB, 289.91 W, 300.00 W, 73, 1800 MHz
2026/09/23 16:17:01.909, 0, 96 %, 85 %, 6159 MiB, 49140 MiB, 286.71 W, 300.00 W, 72, 1785 MHz
2026/09/23 16:17:02.910, 0, 97 %, 86 %, 6159 MiB, 49140 MiB, 287.73 W, 300.00 W, 72, 2040 MHz
2026/09/23 16:17:03.911, 0, 97 %, 86 %, 6159 MiB, 49140 MiB, 288.49 W, 300.00 W, 73, 1845 MHz
2026/09/23 16:17:04.912, 0, 97 %, 86 %, 6159 MiB, 49140 MiB, 287.75 W, 300.00 W, 72, 1800 MHz
2026/09/23 16:17:05.913, 0, 97 %, 86 %, 6159 MiB, 49140 MiB, 289.06 W, 300.00 W, 72, 1830 MHz
2026/09/23 16:17:06.913, 0, 97 %, 86 %, 6159 MiB, 49140 MiB, 288.91 W, 300.00 W, 73, 1905 MHz
2026/09/23 16:17:07.914, 0, 97 %, 83 %, 6159 MiB, 49140 MiB, 287.78 W, 300.00 W, 73, 2040 MHz
2026/09/23 16:17:08.915, 0, 95 %, 84 %, 6159 MiB, 49140 MiB, 288.75 W, 300.00 W, 72, 1830 MHz
2026/09/23 16:17:09.916, 0, 94 %, 82 %, 6159 MiB, 49140 MiB, 287.51 W, 300.00 W, 72, 2010 MHz
2026/09/23 16:17:10.917, 0, 96 %, 83 %, 6159 MiB, 49140 MiB, 287.11 W, 300.00 W, 72, 1950 MHz
2026/09/23 16:17:11.917, 0, 97 %, 86 %, 6159 MiB, 49140 MiB, 289.08 W, 300.00 W, 73, 1785 MHz
2026/09/23 16:17:12.919, 0, 93 %, 65 %, 6159 MiB, 49140 MiB, 297.90 W, 300.00 W, 74, 1545 MHz
2026/09/23 16:17:13.919, 0, 0 %, 0 %, 6159 MiB, 49140 MiB, 114.89 W, 300.00 W, 66, 2745 MHz
2026/09/23 16:17:14.920, 0, 97 %, 83 %, 6159 MiB, 49140 MiB, 254.23 W, 300.00 W, 72, 2025 MHz
2026/09/23 16:17:15.922, 0, 94 %, 83 %, 6159 MiB, 49140 MiB, 287.39 W, 300.00 W, 70, 1830 MHz
2026/09/23 16:17:16.925, 0, 97 %, 87 %, 6159 MiB, 49140 MiB, 287.64 W, 300.00 W, 71, 1785 MHz
2026/09/23 16:17:17.927, 0, 96 %, 81 %, 6159 MiB, 49140 MiB, 285.16 W, 300.00 W, 73, 1995 MHz
2026/09/23 16:17:18.928, 0, 97 %, 86 %, 6159 MiB, 49140 MiB, 289.69 W, 300.00 W, 71, 1830 MHz
2026/09/23 16:17:19.930, 0, 97 %, 88 %, 6159 MiB, 49140 MiB, 288.25 W, 300.00 W, 72, 2130 MHz
2026/09/23 16:17:20.931, 0, 97 %, 87 %, 6159 MiB, 49140 MiB, 286.05 W, 300.00 W, 73, 1920 MHz
2026/09/23 16:17:21.932, 0, 98 %, 88 %, 6159 MiB, 49140 MiB, 288.02 W, 300.00 W, 72, 1695 MHz
2026/09/23 16:17:22.933, 0, 96 %, 85 %, 6159 MiB, 49140 MiB, 288.46 W, 300.00 W, 73, 2160 MHz
2026/09/23 16:17:23.935, 0, 97 %, 87 %, 6159 MiB, 49140 MiB, 284.68 W, 300.00 W, 72, 2010 MHz
2026/09/23 16:17:24.936, 0, 98 %, 87 %, 6159 MiB, 49140 MiB, 288.65 W, 300.00 W, 72, 1650 MHz
2026/09/23 16:17:25.937, 0, 98 %, 84 %, 6159 MiB, 49140 MiB, 289.47 W, 300.00 W, 73, 2205 MHz
2026/09/23 16:17:26.938, 0, 96 %, 86 %, 6159 MiB, 49140 MiB, 286.74 W, 300.00 W, 72, 2085 MHz
2026/09/23 16:17:27.938, 0, 98 %, 89 %, 6159 MiB, 49140 MiB, 288.93 W, 300.00 W, 72, 1650 MHz
2026/09/23 16:17:28.939, 0, 97 %, 86 %, 6159 MiB, 49140 MiB, 289.20 W, 300.00 W, 72, 2070 MHz
2026/09/23 16:17:29.940, 0, 98 %, 86 %, 6159 MiB, 49140 MiB, 286.15 W, 300.00 W, 73, 2130 MHz
2026/09/23 16:17:30.941, 0, 90 %, 81 %, 6159 MiB, 49140 MiB, 287.08 W, 300.00 W, 72, 1650 MHz
2026/09/23 16:17:31.942, 0, 97 %, 85 %, 6159 MiB, 49140 MiB, 289.32 W, 300.00 W, 72, 1800 MHz
2026/09/23 16:17:32.942, 0, 97 %, 87 %, 6159 MiB, 49140 MiB, 286.24 W, 300.00 W, 72, 2115 MHz
2026/09/23 16:17:33.943, 0, 97 %, 88 %, 6159 MiB, 49140 MiB, 288.96 W, 300.00 W, 73, 1665 MHz
2026/09/23 16:17:34.944, 0, 98 %, 84 %, 6159 MiB, 49140 MiB, 288.62 W, 300.00 W, 72, 2010 MHz
2026/09/23 16:17:35.945, 0, 96 %, 86 %, 6159 MiB, 49140 MiB, 287.39 W, 300.00 W, 73, 1980 MHz
2026/09/23 16:17:36.946, 0, 90 %, 65 %, 6159 MiB, 49140 MiB, 292.84 W, 300.00 W, 74, 1680 MHz
2026/09/23 16:17:37.947, 0, 0 %, 0 %, 6159 MiB, 49140 MiB, 148.84 W, 300.00 W, 72, 2340 MHz
2026/09/23 16:17:38.948, 0, 96 %, 85 %, 6159 MiB, 49140 MiB, 275.84 W, 300.00 W, 71, 1800 MHz
2026/09/23 16:17:39.950, 0, 97 %, 88 %, 6159 MiB, 49140 MiB, 287.51 W, 300.00 W, 72, 1965 MHz
2026/09/23 16:17:40.951, 0, 97 %, 84 %, 6159 MiB, 49140 MiB, 286.70 W, 300.00 W, 73, 1965 MHz
2026/09/23 16:17:41.952, 0, 96 %, 86 %, 6159 MiB, 49140 MiB, 287.75 W, 300.00 W, 71, 1740 MHz
2026/09/23 16:17:42.953, 0, 98 %, 87 %, 6159 MiB, 49140 MiB, 287.95 W, 300.00 W, 72, 2130 MHz
2026/09/23 16:17:43.953, 0, 96 %, 86 %, 6159 MiB, 49140 MiB, 285.82 W, 300.00 W, 72, 1950 MHz
2026/09/23 16:17:44.954, 0, 98 %, 84 %, 6159 MiB, 49140 MiB, 287.49 W, 300.00 W, 73, 1950 MHz
2026/09/23 16:17:45.955, 0, 96 %, 86 %, 6159 MiB, 49140 MiB, 289.10 W, 300.00 W, 71, 1800 MHz
2026/09/23 16:17:46.958, 0, 97 %, 87 %, 6159 MiB, 49140 MiB, 289.40 W, 300.00 W, 72, 1950 MHz
2026/09/23 16:17:47.958, 0, 97 %, 83 %, 6159 MiB, 49140 MiB, 287.10 W, 300.00 W, 74, 1995 MHz
2026/09/23 16:17:48.959, 0, 95 %, 85 %, 6159 MiB, 49140 MiB, 288.74 W, 300.00 W, 72, 1725 MHz
2026/09/23 16:17:49.962, 0, 96 %, 84 %, 6159 MiB, 49140 MiB, 289.19 W, 300.00 W, 73, 2100 MHz
2026/09/23 16:17:50.964, 0, 97 %, 86 %, 6159 MiB, 49140 MiB, 286.97 W, 300.00 W, 72, 1995 MHz
2026/09/23 16:17:51.965, 0, 97 %, 87 %, 6159 MiB, 49140 MiB, 288.42 W, 300.00 W, 73, 1815 MHz
2026/09/23 16:17:52.967, 0, 96 %, 85 %, 6159 MiB, 49140 MiB, 289.31 W, 300.00 W, 72, 1860 MHz
2026/09/23 16:17:53.968, 0, 97 %, 86 %, 6159 MiB, 49140 MiB, 288.34 W, 300.00 W, 72, 1950 MHz
2026/09/23 16:17:54.969, 0, 98 %, 84 %, 6159 MiB, 49140 MiB, 288.49 W, 300.00 W, 74, 1980 MHz
2026/09/23 16:17:55.969, 0, 95 %, 84 %, 6159 MiB, 49140 MiB, 289.49 W, 300.00 W, 72, 2145 MHz
2026/09/23 16:17:56.970, 0, 97 %, 87 %, 6159 MiB, 49140 MiB, 288.08 W, 300.00 W, 72, 2025 MHz
2026/09/23 16:17:57.972, 0, 98 %, 85 %, 6159 MiB, 49140 MiB, 287.67 W, 300.00 W, 74, 1635 MHz
2026/09/23 16:17:58.973, 0, 98 %, 88 %, 6159 MiB, 49140 MiB, 290.34 W, 300.00 W, 72, 2100 MHz
2026/09/23 16:17:59.974, 0, 96 %, 83 %, 6159 MiB, 49140 MiB, 289.21 W, 300.00 W, 73, 1845 MHz
2026/09/23 16:18:00.975, 0, 90 %, 66 %, 6159 MiB, 49140 MiB, 293.51 W, 300.00 W, 74, 1635 MHz
2026/09/23 16:18:01.975, 0, 0 %, 0 %, 6159 MiB, 49140 MiB, 130.04 W, 300.00 W, 67, 2730 MHz
2026/09/23 16:18:02.976, 0, 0 %, 0 %, 6159 MiB, 49140 MiB, 130.54 W, 300.00 W, 71, 1950 MHz
2026/09/23 16:18:03.976, 0, 98 %, 87 %, 6159 MiB, 49140 MiB, 286.33 W, 300.00 W, 71, 1995 MHz
2026/09/23 16:18:04.978, 0, 96 %, 81 %, 6159 MiB, 49140 MiB, 285.73 W, 300.00 W, 73, 1725 MHz
2026/09/23 16:18:05.978, 0, 96 %, 85 %, 6159 MiB, 49140 MiB, 288.82 W, 300.00 W, 71, 2100 MHz
2026/09/23 16:18:06.979, 0, 98 %, 88 %, 6159 MiB, 49140 MiB, 287.28 W, 300.00 W, 71, 1965 MHz
2026/09/23 16:18:07.980, 0, 97 %, 82 %, 6159 MiB, 49140 MiB, 287.08 W, 300.00 W, 73, 1680 MHz
2026/09/23 16:18:08.980, 0, 95 %, 85 %, 6159 MiB, 49140 MiB, 288.03 W, 300.00 W, 71, 2130 MHz
2026/09/23 16:18:09.981, 0, 98 %, 88 %, 6159 MiB, 49140 MiB, 289.32 W, 300.00 W, 72, 2025 MHz
2026/09/23 16:18:10.984, 0, 97 %, 86 %, 6159 MiB, 49140 MiB, 285.68 W, 300.00 W, 72, 1830 MHz
2026/09/23 16:18:11.984, 0, 98 %, 88 %, 6159 MiB, 49140 MiB, 288.14 W, 300.00 W, 72, 1845 MHz
2026/09/23 16:18:12.985, 0, 97 %, 84 %, 6159 MiB, 49140 MiB, 289.11 W, 300.00 W, 72, 1860 MHz
2026/09/23 16:18:13.985, 0, 96 %, 86 %, 6159 MiB, 49140 MiB, 286.92 W, 300.00 W, 72, 1980 MHz
2026/09/23 16:18:14.986, 0, 97 %, 85 %, 6159 MiB, 49140 MiB, 287.58 W, 300.00 W, 73, 1770 MHz
2026/09/23 16:18:15.987, 0, 95 %, 84 %, 6159 MiB, 49140 MiB, 289.02 W, 300.00 W, 71, 2190 MHz
2026/09/23 16:18:16.988, 0, 97 %, 86 %, 6159 MiB, 49140 MiB, 288.51 W, 300.00 W, 72, 1935 MHz
2026/09/23 16:18:17.989, 0, 97 %, 82 %, 6159 MiB, 49140 MiB, 287.05 W, 300.00 W, 74, 1695 MHz
2026/09/23 16:18:18.989, 0, 95 %, 84 %, 6159 MiB, 49140 MiB, 289.20 W, 300.00 W, 71, 2100 MHz
2026/09/23 16:18:19.990, 0, 98 %, 88 %, 6159 MiB, 49140 MiB, 289.24 W, 300.00 W, 72, 2100 MHz
2026/09/23 16:18:20.991, 0, 98 %, 82 %, 6159 MiB, 49140 MiB, 287.71 W, 300.00 W, 74, 1740 MHz
2026/09/23 16:18:21.992, 0, 96 %, 86 %, 6159 MiB, 49140 MiB, 289.79 W, 300.00 W, 70, 2310 MHz
2026/09/23 16:18:22.993, 0, 98 %, 89 %, 6159 MiB, 49140 MiB, 287.12 W, 300.00 W, 72, 1980 MHz
2026/09/23 16:18:23.993, 0, 98 %, 88 %, 6159 MiB, 49140 MiB, 287.64 W, 300.00 W, 74, 1710 MHz
2026/09/23 16:18:24.995, 0, 98 %, 87 %, 6159 MiB, 49140 MiB, 289.68 W, 300.00 W, 74, 1755 MHz
2026/09/23 16:18:25.995, 0, 93 %, 67 %, 6159 MiB, 49140 MiB, 272.70 W, 300.00 W, 68, 2505 MHz
2026/09/23 16:18:26.996, 0, 0 %, 0 %, 6159 MiB, 49140 MiB, 72.86 W, 300.00 W, 66, 2505 MHz
2026/09/23 16:18:27.997, 0, 0 %, 0 %, 6159 MiB, 49140 MiB, 155.67 W, 300.00 W, 71, 2055 MHz
2026/09/23 16:18:28.998, 0, 98 %, 85 %, 6159 MiB, 49140 MiB, 285.01 W, 300.00 W, 72, 1650 MHz
2026/09/23 16:18:29.999, 0, 100 %, 88 %, 6159 MiB, 49140 MiB, 288.60 W, 300.00 W, 70, 2145 MHz
2026/09/23 16:18:31.001, 0, 97 %, 88 %, 6159 MiB, 49140 MiB, 288.24 W, 300.00 W, 72, 2025 MHz
2026/09/23 16:18:32.002, 0, 98 %, 86 %, 6159 MiB, 49140 MiB, 286.77 W, 300.00 W, 72, 1755 MHz
2026/09/23 16:18:33.005, 0, 97 %, 87 %, 6159 MiB, 49140 MiB, 287.19 W, 300.00 W, 71, 2085 MHz
2026/09/23 16:18:34.006, 0, 98 %, 88 %, 6159 MiB, 49140 MiB, 289.45 W, 300.00 W, 72, 2025 MHz
2026/09/23 16:18:35.006, 0, 97 %, 86 %, 6159 MiB, 49140 MiB, 286.60 W, 300.00 W, 73, 1680 MHz
2026/09/23 16:18:36.008, 0, 96 %, 87 %, 6159 MiB, 49140 MiB, 288.20 W, 300.00 W, 72, 1920 MHz
2026/09/23 16:18:37.009, 0, 97 %, 83 %, 6159 MiB, 49140 MiB, 288.34 W, 300.00 W, 73, 1920 MHz
2026/09/23 16:18:38.010, 0, 98 %, 87 %, 6159 MiB, 49140 MiB, 287.46 W, 300.00 W, 72, 2025 MHz
2026/09/23 16:18:39.011, 0, 97 %, 84 %, 6159 MiB, 49140 MiB, 288.73 W, 300.00 W, 73, 1830 MHz
2026/09/23 16:18:40.012, 0, 98 %, 86 %, 6159 MiB, 49140 MiB, 289.79 W, 300.00 W, 73, 1755 MHz
2026/09/23 16:18:41.013, 0, 96 %, 87 %, 6159 MiB, 49140 MiB, 286.57 W, 300.00 W, 72, 2010 MHz
2026/09/23 16:18:42.014, 0, 96 %, 85 %, 6159 MiB, 49140 MiB, 287.88 W, 300.00 W, 73, 1830 MHz
2026/09/23 16:18:43.015, 0, 96 %, 86 %, 6159 MiB, 49140 MiB, 289.37 W, 300.00 W, 72, 2010 MHz
2026/09/23 16:18:44.016, 0, 98 %, 87 %, 6159 MiB, 49140 MiB, 287.87 W, 300.00 W, 72, 1980 MHz
2026/09/23 16:18:45.017, 0, 98 %, 84 %, 6159 MiB, 49140 MiB, 287.86 W, 300.00 W, 73, 1815 MHz
2026/09/23 16:18:46.018, 0, 95 %, 84 %, 6159 MiB, 49140 MiB, 288.48 W, 300.00 W, 71, 2070 MHz
2026/09/23 16:18:47.018, 0, 98 %, 87 %, 6159 MiB, 49140 MiB, 287.73 W, 300.00 W, 72, 1695 MHz
2026/09/23 16:18:48.020, 0, 95 %, 83 %, 6159 MiB, 49140 MiB, 287.29 W, 300.00 W, 74, 2010 MHz
2026/09/23 16:18:49.021, 0, 95 %, 85 %, 6159 MiB, 49140 MiB, 288.77 W, 300.00 W, 71, 1740 MHz
2026/09/23 16:18:50.022, 0, 96 %, 86 %, 6159 MiB, 49140 MiB, 290.46 W, 300.00 W, 74, 1680 MHz
2026/09/23 16:18:51.023, 0, 92 %, 66 %, 6159 MiB, 49140 MiB, 235.68 W, 300.00 W, 67, 2745 MHz
2026/09/23 16:18:52.023, 0, 0 %, 0 %, 6159 MiB, 49140 MiB, 87.53 W, 300.00 W, 66, 2745 MHz
2026/09/23 16:18:53.025, 0, 97 %, 87 %, 6159 MiB, 49140 MiB, 235.61 W, 300.00 W, 72, 1800 MHz
2026/09/23 16:18:54.026, 0, 97 %, 88 %, 6159 MiB, 49140 MiB, 287.31 W, 300.00 W, 72, 1950 MHz
2026/09/23 16:18:55.027, 0, 97 %, 84 %, 6159 MiB, 49140 MiB, 288.85 W, 300.00 W, 72, 1995 MHz
2026/09/23 16:18:56.027, 0, 97 %, 88 %, 6159 MiB, 49140 MiB, 285.99 W, 300.00 W, 72, 1800 MHz
2026/09/23 16:18:57.030, 0, 97 %, 88 %, 6159 MiB, 49140 MiB, 288.91 W, 300.00 W, 72, 2115 MHz
2026/09/23 16:18:58.031, 0, 98 %, 84 %, 6159 MiB, 49140 MiB, 289.56 W, 300.00 W, 72, 1905 MHz
2026/09/23 16:18:59.031, 0, 97 %, 87 %, 6159 MiB, 49140 MiB, 285.37 W, 300.00 W, 72, 1665 MHz
2026/09/23 16:19:00.032, 0, 98 %, 83 %, 6159 MiB, 49140 MiB, 287.77 W, 300.00 W, 73, 2190 MHz
2026/09/23 16:19:01.034, 0, 96 %, 86 %, 6159 MiB, 49140 MiB, 289.48 W, 300.00 W, 72, 1995 MHz
2026/09/23 16:19:02.035, 0, 97 %, 88 %, 6159 MiB, 49140 MiB, 287.77 W, 300.00 W, 72, 1710 MHz
2026/09/23 16:19:03.037, 0, 97 %, 87 %, 6159 MiB, 49140 MiB, 288.15 W, 300.00 W, 72, 2100 MHz
2026/09/23 16:19:04.037, 0, 97 %, 83 %, 6159 MiB, 49140 MiB, 289.73 W, 300.00 W, 73, 2145 MHz
2026/09/23 16:19:05.038, 0, 97 %, 87 %, 6159 MiB, 49140 MiB, 287.06 W, 300.00 W, 72, 1695 MHz
2026/09/23 16:19:06.039, 0, 97 %, 87 %, 6159 MiB, 49140 MiB, 288.37 W, 300.00 W, 73, 2100 MHz
2026/09/23 16:19:07.039, 0, 96 %, 84 %, 6159 MiB, 49140 MiB, 287.76 W, 300.00 W, 71, 2040 MHz
2026/09/23 16:19:08.040, 0, 97 %, 87 %, 6159 MiB, 49140 MiB, 289.68 W, 300.00 W, 72, 1635 MHz
2026/09/23 16:19:09.042, 0, 96 %, 81 %, 6159 MiB, 49140 MiB, 287.66 W, 300.00 W, 74, 2070 MHz
2026/09/23 16:19:10.042, 0, 96 %, 86 %, 6159 MiB, 49140 MiB, 286.56 W, 300.00 W, 72, 1965 MHz
2026/09/23 16:19:11.046, 0, 97 %, 86 %, 6159 MiB, 49140 MiB, 289.46 W, 300.00 W, 72, 1965 MHz
2026/09/23 16:19:12.046, 0, 96 %, 86 %, 6159 MiB, 49140 MiB, 284.21 W, 300.00 W, 72, 1635 MHz
2026/09/23 16:19:13.047, 0, 97 %, 82 %, 6159 MiB, 49140 MiB, 287.90 W, 300.00 W, 74, 2085 MHz
2026/09/23 16:19:14.048, 0, 96 %, 86 %, 6159 MiB, 49140 MiB, 288.64 W, 300.00 W, 72, 1995 MHz
2026/09/23 16:19:15.049, 0, 90 %, 65 %, 6159 MiB, 49140 MiB, 292.56 W, 300.00 W, 73, 1695 MHz
2026/09/23 16:19:16.050, 0, 0 %, 0 %, 6159 MiB, 49140 MiB, 159.46 W, 300.00 W, 66, 2505 MHz
2026/09/23 16:19:17.050, 0, 95 %, 86 %, 6159 MiB, 49140 MiB, 236.18 W, 300.00 W, 72, 1800 MHz
2026/09/23 16:19:18.052, 0, 97 %, 85 %, 6159 MiB, 49140 MiB, 288.14 W, 300.00 W, 71, 2040 MHz
2026/09/23 16:19:19.053, 0, 97 %, 87 %, 6159 MiB, 49140 MiB, 288.11 W, 300.00 W, 72, 1695 MHz
2026/09/23 16:19:20.054, 0, 97 %, 83 %, 6159 MiB, 49140 MiB, 287.41 W, 300.00 W, 74, 2025 MHz
2026/09/23 16:19:21.055, 0, 96 %, 85 %, 6159 MiB, 49140 MiB, 289.56 W, 300.00 W, 71, 1830 MHz
2026/09/23 16:19:22.056, 0, 98 %, 88 %, 6159 MiB, 49140 MiB, 289.12 W, 300.00 W, 72, 1935 MHz
2026/09/23 16:19:23.058, 0, 97 %, 86 %, 6159 MiB, 49140 MiB, 287.16 W, 300.00 W, 73, 1860 MHz
2026/09/23 16:19:24.061, 0, 97 %, 87 %, 6159 MiB, 49140 MiB, 288.86 W, 300.00 W, 72, 1890 MHz
2026/09/23 16:19:25.062, 0, 97 %, 84 %, 6159 MiB, 49140 MiB, 290.36 W, 300.00 W, 72, 1980 MHz
2026/09/23 16:19:26.063, 0, 97 %, 87 %, 6159 MiB, 49140 MiB, 288.35 W, 300.00 W, 73, 1785 MHz
2026/09/23 16:19:27.064, 0, 97 %, 88 %, 6159 MiB, 49140 MiB, 290.39 W, 300.00 W, 72, 1965 MHz
2026/09/23 16:19:28.066, 0, 98 %, 83 %, 6159 MiB, 49140 MiB, 290.48 W, 300.00 W, 73, 1950 MHz
2026/09/23 16:19:29.068, 0, 98 %, 88 %, 6159 MiB, 49140 MiB, 288.68 W, 300.00 W, 72, 1755 MHz
2026/09/23 16:19:30.069, 0, 97 %, 82 %, 6159 MiB, 49140 MiB, 287.03 W, 300.00 W, 73, 2160 MHz
2026/09/23 16:19:31.070, 0, 96 %, 86 %, 6159 MiB, 49140 MiB, 290.08 W, 300.00 W, 72, 2055 MHz
2026/09/23 16:19:32.070, 0, 98 %, 87 %, 6159 MiB, 49140 MiB, 288.45 W, 300.00 W, 72, 1620 MHz
2026/09/23 16:19:33.071, 0, 98 %, 81 %, 6159 MiB, 49140 MiB, 288.14 W, 300.00 W, 74, 2085 MHz
2026/09/23 16:19:34.074, 0, 95 %, 85 %, 6159 MiB, 49140 MiB, 289.30 W, 300.00 W, 71, 1980 MHz
2026/09/23 16:19:35.075, 0, 98 %, 87 %, 6159 MiB, 49140 MiB, 290.16 W, 300.00 W, 72, 1755 MHz
2026/09/23 16:19:36.076, 0, 97 %, 83 %, 6159 MiB, 49140 MiB, 287.41 W, 300.00 W, 74, 1920 MHz
2026/09/23 16:19:37.079, 0, 95 %, 84 %, 6159 MiB, 49140 MiB, 289.39 W, 300.00 W, 71, 1950 MHz
2026/09/23 16:19:38.080, 0, 96 %, 86 %, 6159 MiB, 49140 MiB, 290.58 W, 300.00 W, 72, 1755 MHz
2026/09/23 16:19:39.080, 0, 85 %, 64 %, 6159 MiB, 49140 MiB, 292.94 W, 300.00 W, 73, 1680 MHz
2026/09/23 16:19:40.081, 0, 10 %, 0 %, 6159 MiB, 49140 MiB, 154.62 W, 300.00 W, 66, 2505 MHz
2026/09/23 16:19:41.081, 0, 0 %, 0 %, 6159 MiB, 49140 MiB, 88.13 W, 300.00 W, 70, 1890 MHz
2026/09/23 16:19:42.083, 0, 97 %, 86 %, 6159 MiB, 49140 MiB, 288.80 W, 300.00 W, 73, 1995 MHz
2026/09/23 16:19:43.083, 0, 97 %, 86 %, 6159 MiB, 49140 MiB, 288.47 W, 300.00 W, 70, 1980 MHz
2026/09/23 16:19:44.085, 0, 97 %, 88 %, 6159 MiB, 49140 MiB, 288.37 W, 300.00 W, 72, 1815 MHz
2026/09/23 16:19:45.085, 0, 96 %, 84 %, 6159 MiB, 49140 MiB, 286.77 W, 300.00 W, 73, 2085 MHz
2026/09/23 16:19:46.086, 0, 97 %, 86 %, 6159 MiB, 49140 MiB, 289.19 W, 300.00 W, 71, 1965 MHz
2026/09/23 16:19:47.087, 0, 98 %, 88 %, 6159 MiB, 49140 MiB, 289.70 W, 300.00 W, 71, 1725 MHz
2026/09/23 16:19:48.089, 0, 98 %, 87 %, 6159 MiB, 49140 MiB, 287.21 W, 300.00 W, 73, 2070 MHz
2026/09/23 16:19:49.089, 0, 98 %, 87 %, 6159 MiB, 49140 MiB, 288.89 W, 300.00 W, 71, 1920 MHz
2026/09/23 16:19:50.090, 0, 98 %, 88 %, 6159 MiB, 49140 MiB, 290.32 W, 300.00 W, 72, 1800 MHz
2026/09/23 16:19:51.091, 0, 98 %, 84 %, 6159 MiB, 49140 MiB, 287.87 W, 300.00 W, 74, 2010 MHz
2026/09/23 16:19:52.092, 0, 96 %, 85 %, 6159 MiB, 49140 MiB, 289.46 W, 300.00 W, 71, 1995 MHz
2026/09/23 16:19:53.093, 0, 98 %, 88 %, 6159 MiB, 49140 MiB, 287.29 W, 300.00 W, 72, 1800 MHz
2026/09/23 16:19:54.093, 0, 98 %, 82 %, 6159 MiB, 49140 MiB, 287.95 W, 300.00 W, 74, 1875 MHz
2026/09/23 16:19:55.094, 0, 97 %, 86 %, 6159 MiB, 49140 MiB, 289.08 W, 300.00 W, 71, 1935 MHz
2026/09/23 16:19:56.095, 0, 98 %, 88 %, 6159 MiB, 49140 MiB, 288.40 W, 300.00 W, 72, 1740 MHz
2026/09/23 16:19:57.096, 0, 96 %, 86 %, 6159 MiB, 49140 MiB, 287.21 W, 300.00 W, 72, 2130 MHz
2026/09/23 16:19:58.097, 0, 97 %, 87 %, 6159 MiB, 49140 MiB, 289.73 W, 300.00 W, 72, 2025 MHz
2026/09/23 16:19:59.098, 0, 98 %, 83 %, 6159 MiB, 49140 MiB, 290.08 W, 300.00 W, 73, 1635 MHz
2026/09/23 16:20:00.100, 0, 97 %, 87 %, 6159 MiB, 49140 MiB, 288.66 W, 300.00 W, 72, 2085 MHz
2026/09/23 16:20:01.101, 0, 98 %, 87 %, 6159 MiB, 49140 MiB, 289.65 W, 300.00 W, 73, 2040 MHz
2026/09/23 16:20:02.102, 0, 98 %, 84 %, 6159 MiB, 49140 MiB, 289.72 W, 300.00 W, 73, 1740 MHz
2026/09/23 16:20:03.103, 0, 97 %, 87 %, 6159 MiB, 49140 MiB, 288.90 W, 300.00 W, 73, 1800 MHz
2026/09/23 16:20:04.104, 0, 95 %, 68 %, 6159 MiB, 49140 MiB, 280.08 W, 300.00 W, 70, 2730 MHz
2026/09/23 16:20:05.104, 0, 0 %, 0 %, 6159 MiB, 49140 MiB, 88.51 W, 300.00 W, 66, 2745 MHz
2026/09/23 16:20:06.104, 0, 0 %, 0 %, 6159 MiB, 49140 MiB, 163.49 W, 300.00 W, 70, 1965 MHz
2026/09/23 16:20:07.105, 0, 98 %, 88 %, 6159 MiB, 49140 MiB, 288.35 W, 300.00 W, 71, 1815 MHz
2026/09/23 16:20:08.106, 0, 97 %, 82 %, 6159 MiB, 49140 MiB, 287.79 W, 300.00 W, 73, 1770 MHz
2026/09/23 16:20:09.107, 0, 94 %, 83 %, 6159 MiB, 49140 MiB, 289.18 W, 300.00 W, 71, 1965 MHz
2026/09/23 16:20:10.109, 0, 97 %, 88 %, 6159 MiB, 49140 MiB, 287.88 W, 300.00 W, 71, 1845 MHz
2026/09/23 16:20:11.110, 0, 97 %, 87 %, 6159 MiB, 49140 MiB, 288.43 W, 300.00 W, 73, 1830 MHz
2026/09/23 16:20:12.110, 0, 96 %, 83 %, 6159 MiB, 49140 MiB, 290.18 W, 300.00 W, 70, 1995 MHz
2026/09/23 16:20:13.112, 0, 98 %, 90 %, 6159 MiB, 49140 MiB, 289.16 W, 300.00 W, 72, 1845 MHz
2026/09/23 16:20:14.113, 0, 98 %, 83 %, 6159 MiB, 49140 MiB, 286.06 W, 300.00 W, 73, 2040 MHz
2026/09/23 16:20:15.114, 0, 94 %, 84 %, 6159 MiB, 49140 MiB, 287.91 W, 300.00 W, 72, 2130 MHz
2026/09/23 16:20:16.117, 0, 98 %, 88 %, 6159 MiB, 49140 MiB, 288.55 W, 300.00 W, 72, 1710 MHz
2026/09/23 16:20:17.117, 0, 96 %, 83 %, 6159 MiB, 49140 MiB, 286.34 W, 300.00 W, 72, 2055 MHz
2026/09/23 16:20:18.118, 0, 97 %, 89 %, 6159 MiB, 49140 MiB, 289.40 W, 300.00 W, 73, 1755 MHz
2026/09/23 16:20:19.119, 0, 98 %, 84 %, 6159 MiB, 49140 MiB, 289.08 W, 300.00 W, 71, 2055 MHz
2026/09/23 16:20:20.120, 0, 94 %, 85 %, 6159 MiB, 49140 MiB, 287.51 W, 300.00 W, 72, 1785 MHz
2026/09/23 16:20:21.120, 0, 98 %, 86 %, 6159 MiB, 49140 MiB, 287.81 W, 300.00 W, 74, 2100 MHz
2026/09/23 16:20:22.121, 0, 96 %, 82 %, 6159 MiB, 49140 MiB, 289.31 W, 300.00 W, 71, 1695 MHz
2026/09/23 16:20:23.122, 0, 98 %, 89 %, 6159 MiB, 49140 MiB, 287.09 W, 300.00 W, 72, 2145 MHz
2026/09/23 16:20:24.123, 0, 98 %, 82 %, 6159 MiB, 49140 MiB, 288.16 W, 300.00 W, 73, 2025 MHz
2026/09/23 16:20:25.124, 0, 95 %, 86 %, 6159 MiB, 49140 MiB, 290.20 W, 300.00 W, 72, 1710 MHz
2026/09/23 16:20:26.124, 0, 96 %, 86 %, 6159 MiB, 49140 MiB, 288.73 W, 300.00 W, 73, 1770 MHz
2026/09/23 16:20:27.125, 0, 98 %, 89 %, 6159 MiB, 49140 MiB, 287.88 W, 300.00 W, 72, 1965 MHz
2026/09/23 16:20:28.126, 0, 97 %, 89 %, 6159 MiB, 49140 MiB, 291.99 W, 300.00 W, 73, 1680 MHz
2026/09/23 16:20:29.127, 0, 92 %, 64 %, 6159 MiB, 49140 MiB, 241.74 W, 300.00 W, 67, 2745 MHz
2026/09/23 16:20:30.127, 0, 0 %, 0 %, 6159 MiB, 49140 MiB, 87.55 W, 300.00 W, 66, 2745 MHz
2026/09/23 16:20:31.128, 0, 96 %, 88 %, 6159 MiB, 49140 MiB, 204.45 W, 300.00 W, 72, 2055 MHz
2026/09/23 16:20:32.129, 0, 96 %, 84 %, 6159 MiB, 49140 MiB, 287.07 W, 300.00 W, 71, 1755 MHz
2026/09/23 16:20:33.130, 0, 97 %, 88 %, 6159 MiB, 49140 MiB, 286.97 W, 300.00 W, 72, 1995 MHz
2026/09/23 16:20:34.130, 0, 96 %, 82 %, 6159 MiB, 49140 MiB, 285.95 W, 300.00 W, 72, 1800 MHz
2026/09/23 16:20:35.131, 0, 97 %, 88 %, 6159 MiB, 49140 MiB, 288.55 W, 300.00 W, 72, 1965 MHz
2026/09/23 16:20:36.132, 0, 97 %, 87 %, 6159 MiB, 49140 MiB, 289.42 W, 300.00 W, 73, 1815 MHz
2026/09/23 16:20:37.133, 0, 97 %, 84 %, 6159 MiB, 49140 MiB, 287.58 W, 300.00 W, 72, 1815 MHz
2026/09/23 16:20:38.134, 0, 96 %, 86 %, 6159 MiB, 49140 MiB, 289.32 W, 300.00 W, 72, 1785 MHz
2026/09/23 16:20:39.135, 0, 98 %, 89 %, 6159 MiB, 49140 MiB, 288.55 W, 300.00 W, 73, 1845 MHz
2026/09/23 16:20:40.136, 0, 98 %, 86 %, 6159 MiB, 49140 MiB, 286.27 W, 300.00 W, 72, 1770 MHz
2026/09/23 16:20:41.137, 0, 96 %, 87 %, 6159 MiB, 49140 MiB, 288.73 W, 300.00 W, 73, 1965 MHz
2026/09/23 16:20:42.138, 0, 98 %, 87 %, 6159 MiB, 49140 MiB, 289.64 W, 300.00 W, 73, 1815 MHz
2026/09/23 16:20:43.139, 0, 98 %, 84 %, 6159 MiB, 49140 MiB, 286.41 W, 300.00 W, 72, 1770 MHz
2026/09/23 16:20:44.139, 0, 93 %, 85 %, 6159 MiB, 49140 MiB, 289.05 W, 300.00 W, 73, 1995 MHz
2026/09/23 16:20:45.140, 0, 98 %, 86 %, 6159 MiB, 49140 MiB, 289.24 W, 300.00 W, 72, 1785 MHz
2026/09/23 16:20:46.141, 0, 98 %, 88 %, 6159 MiB, 49140 MiB, 288.33 W, 300.00 W, 72, 2040 MHz
2026/09/23 16:20:47.142, 0, 98 %, 88 %, 6159 MiB, 49140 MiB, 290.28 W, 300.00 W, 73, 1950 MHz
2026/09/23 16:20:48.144, 0, 96 %, 86 %, 6159 MiB, 49140 MiB, 287.45 W, 300.00 W, 72, 1755 MHz
2026/09/23 16:20:49.144, 0, 95 %, 86 %, 6159 MiB, 49140 MiB, 289.18 W, 300.00 W, 73, 2055 MHz
2026/09/23 16:20:50.145, 0, 98 %, 88 %, 6159 MiB, 49140 MiB, 285.37 W, 300.00 W, 72, 1950 MHz
2026/09/23 16:20:51.146, 0, 97 %, 89 %, 6159 MiB, 49140 MiB, 289.89 W, 300.00 W, 73, 1980 MHz
2026/09/23 16:20:52.147, 0, 97 %, 84 %, 6159 MiB, 49140 MiB, 289.52 W, 300.00 W, 72, 1800 MHz
2026/09/23 16:20:53.148, 0, 94 %, 76 %, 6159 MiB, 49140 MiB, 292.36 W, 300.00 W, 73, 1680 MHz
2026/09/23 16:20:54.148, 0, 68 %, 48 %, 6159 MiB, 49140 MiB, 197.69 W, 300.00 W, 67, 2745 MHz
2026/09/23 16:20:55.149, 0, 0 %, 0 %, 6159 MiB, 49140 MiB, 87.56 W, 300.00 W, 66, 2745 MHz
2026/09/23 16:20:56.150, 0, 90 %, 83 %, 6159 MiB, 49140 MiB, 196.23 W, 300.00 W, 70, 2115 MHz
2026/09/23 16:20:57.151, 0, 98 %, 88 %, 6159 MiB, 49140 MiB, 287.70 W, 300.00 W, 72, 1995 MHz
2026/09/23 16:20:58.152, 0, 97 %, 84 %, 6159 MiB, 49140 MiB, 288.30 W, 300.00 W, 71, 1785 MHz
2026/09/23 16:20:59.153, 0, 98 %, 88 %, 6159 MiB, 49140 MiB, 283.34 W, 300.00 W, 71, 2010 MHz
2026/09/23 16:21:00.154, 0, 97 %, 81 %, 6159 MiB, 49140 MiB, 286.88 W, 300.00 W, 72, 1830 MHz
2026/09/23 16:21:01.155, 0, 95 %, 85 %, 6159 MiB, 49140 MiB, 290.21 W, 300.00 W, 72, 1680 MHz
2026/09/23 16:21:02.156, 0, 98 %, 89 %, 6159 MiB, 49140 MiB, 288.71 W, 300.00 W, 72, 1920 MHz
2026/09/23 16:21:03.157, 0, 96 %, 81 %, 6159 MiB, 49140 MiB, 287.78 W, 300.00 W, 72, 1920 MHz
2026/09/23 16:21:04.157, 0, 95 %, 85 %, 6159 MiB, 49140 MiB, 287.99 W, 300.00 W, 72, 2010 MHz
2026/09/23 16:21:05.160, 0, 97 %, 84 %, 6159 MiB, 49140 MiB, 289.52 W, 300.00 W, 71, 1770 MHz
2026/09/23 16:21:06.161, 0, 98 %, 87 %, 6159 MiB, 49140 MiB, 288.03 W, 300.00 W, 72, 1995 MHz
2026/09/23 16:21:07.162, 0, 98 %, 89 %, 6159 MiB, 49140 MiB, 287.70 W, 300.00 W, 73, 1995 MHz
2026/09/23 16:21:08.163, 0, 97 %, 84 %, 6159 MiB, 49140 MiB, 289.50 W, 300.00 W, 71, 1620 MHz
2026/09/23 16:21:09.163, 0, 97 %, 87 %, 6159 MiB, 49140 MiB, 288.24 W, 300.00 W, 72, 2130 MHz
2026/09/23 16:21:10.164, 0, 97 %, 81 %, 6159 MiB, 49140 MiB, 287.97 W, 300.00 W, 73, 1980 MHz
2026/09/23 16:21:11.166, 0, 96 %, 87 %, 6159 MiB, 49140 MiB, 288.38 W, 300.00 W, 72, 1755 MHz
2026/09/23 16:21:12.166, 0, 98 %, 88 %, 6159 MiB, 49140 MiB, 289.55 W, 300.00 W, 72, 2025 MHz
2026/09/23 16:21:13.168, 0, 98 %, 85 %, 6159 MiB, 49140 MiB, 287.11 W, 300.00 W, 72, 2205 MHz
2026/09/23 16:21:14.169, 0, 97 %, 88 %, 6159 MiB, 49140 MiB, 289.45 W, 300.00 W, 73, 1740 MHz
2026/09/23 16:21:15.170, 0, 98 %, 87 %, 6159 MiB, 49140 MiB, 290.74 W, 300.00 W, 73, 2100 MHz
2026/09/23 16:21:16.171, 0, 97 %, 87 %, 6159 MiB, 49140 MiB, 286.71 W, 300.00 W, 72, 2040 MHz
2026/09/23 16:21:17.172, 0, 97 %, 88 %, 6159 MiB, 49140 MiB, 289.72 W, 300.00 W, 74, 1650 MHz
2026/09/23 16:21:18.172, 0, 92 %, 67 %, 6159 MiB, 49140 MiB, 294.37 W, 300.00 W, 73, 1620 MHz
2026/09/23 16:21:19.173, 0, 16 %, 7 %, 6159 MiB, 49140 MiB, 181.74 W, 300.00 W, 66, 2595 MHz
2026/09/23 16:21:20.173, 0, 0 %, 0 %, 6159 MiB, 49140 MiB, 77.19 W, 300.00 W, 66, 2595 MHz
2026/09/23 16:21:21.175, 0, 96 %, 86 %, 6159 MiB, 49140 MiB, 210.23 W, 300.00 W, 72, 1875 MHz
2026/09/23 16:21:22.176, 0, 97 %, 85 %, 6159 MiB, 49140 MiB, 287.24 W, 300.00 W, 72, 1770 MHz
2026/09/23 16:21:23.177, 0, 97 %, 84 %, 6159 MiB, 49140 MiB, 288.11 W, 300.00 W, 71, 1950 MHz
2026/09/23 16:21:24.177, 0, 98 %, 88 %, 6159 MiB, 49140 MiB, 286.98 W, 300.00 W, 72, 1875 MHz
2026/09/23 16:21:25.178, 0, 98 %, 83 %, 6159 MiB, 49140 MiB, 287.56 W, 300.00 W, 72, 1755 MHz
2026/09/23 16:21:26.179, 0, 95 %, 83 %, 6159 MiB, 49140 MiB, 289.15 W, 300.00 W, 72, 1935 MHz
2026/09/23 16:21:27.180, 0, 98 %, 88 %, 6159 MiB, 49140 MiB, 288.67 W, 300.00 W, 72, 1935 MHz
2026/09/23 16:21:28.181, 0, 97 %, 83 %, 6159 MiB, 49140 MiB, 287.99 W, 300.00 W, 73, 1740 MHz
2026/09/23 16:21:29.182, 0, 95 %, 83 %, 6159 MiB, 49140 MiB, 289.55 W, 300.00 W, 72, 2025 MHz
2026/09/23 16:21:30.183, 0, 98 %, 88 %, 6159 MiB, 49140 MiB, 286.73 W, 300.00 W, 72, 1800 MHz
2026/09/23 16:21:31.184, 0, 97 %, 81 %, 6159 MiB, 49140 MiB, 288.05 W, 300.00 W, 73, 1935 MHz
2026/09/23 16:21:32.184, 0, 94 %, 84 %, 6159 MiB, 49140 MiB, 288.35 W, 300.00 W, 71, 1740 MHz
2026/09/23 16:21:33.185, 0, 98 %, 89 %, 6159 MiB, 49140 MiB, 289.23 W, 300.00 W, 72, 1875 MHz
2026/09/23 16:21:34.186, 0, 97 %, 81 %, 6159 MiB, 49140 MiB, 287.67 W, 300.00 W, 74, 1980 MHz
2026/09/23 16:21:35.187, 0, 96 %, 86 %, 6159 MiB, 49140 MiB, 290.34 W, 300.00 W, 71, 1755 MHz
2026/09/23 16:21:36.188, 0, 97 %, 88 %, 6159 MiB, 49140 MiB, 289.03 W, 300.00 W, 72, 2070 MHz
2026/09/23 16:21:37.188, 0, 95 %, 85 %, 6159 MiB, 49140 MiB, 285.81 W, 300.00 W, 73, 2025 MHz
2026/09/23 16:21:38.189, 0, 97 %, 88 %, 6159 MiB, 49140 MiB, 289.44 W, 300.00 W, 72, 1650 MHz
2026/09/23 16:21:39.191, 0, 98 %, 84 %, 6159 MiB, 49140 MiB, 289.81 W, 300.00 W, 73, 2130 MHz
2026/09/23 16:21:40.191, 0, 95 %, 86 %, 6159 MiB, 49140 MiB, 287.58 W, 300.00 W, 72, 1935 MHz
2026/09/23 16:21:41.192, 0, 97 %, 82 %, 6159 MiB, 49140 MiB, 288.04 W, 300.00 W, 74, 1935 MHz
2026/09/23 16:21:42.193, 0, 95 %, 85 %, 6159 MiB, 49140 MiB, 289.46 W, 300.00 W, 71, 1800 MHz
2026/09/23 16:21:43.194, 0, 95 %, 67 %, 6159 MiB, 49140 MiB, 294.19 W, 300.00 W, 73, 1680 MHz
2026/09/23 16:21:44.194, 0, 5 %, 0 %, 6159 MiB, 49140 MiB, 150.74 W, 300.00 W, 67, 2745 MHz
2026/09/23 16:21:45.195, 0, 0 %, 0 %, 6159 MiB, 49140 MiB, 102.50 W, 300.00 W, 70, 2250 MHz
2026/09/23 16:21:46.196, 0, 92 %, 84 %, 6159 MiB, 49140 MiB, 288.00 W, 300.00 W, 71, 2115 MHz
2026/09/23 16:21:47.196, 0, 97 %, 88 %, 6159 MiB, 49140 MiB, 288.34 W, 300.00 W, 72, 1650 MHz
2026/09/23 16:21:48.197, 0, 97 %, 83 %, 6159 MiB, 49140 MiB, 289.35 W, 300.00 W, 72, 2160 MHz
2026/09/23 16:21:49.198, 0, 97 %, 88 %, 6159 MiB, 49140 MiB, 285.83 W, 300.00 W, 71, 1800 MHz
2026/09/23 16:21:50.199, 0, 97 %, 81 %, 6159 MiB, 49140 MiB, 288.34 W, 300.00 W, 73, 1980 MHz
2026/09/23 16:21:51.200, 0, 93 %, 84 %, 6159 MiB, 49140 MiB, 288.68 W, 300.00 W, 71, 1785 MHz
2026/09/23 16:21:52.201, 0, 98 %, 88 %, 6159 MiB, 49140 MiB, 289.87 W, 300.00 W, 72, 1905 MHz
2026/09/23 16:21:53.201, 0, 97 %, 82 %, 6159 MiB, 49140 MiB, 286.69 W, 300.00 W, 72, 2235 MHz
2026/09/23 16:21:54.202, 0, 97 %, 88 %, 6159 MiB, 49140 MiB, 288.26 W, 300.00 W, 72, 1740 MHz
2026/09/23 16:21:55.203, 0, 97 %, 83 %, 6159 MiB, 49140 MiB, 289.65 W, 300.00 W, 73, 2100 MHz
2026/09/23 16:21:56.203, 0, 98 %, 88 %, 6159 MiB, 49140 MiB, 286.46 W, 300.00 W, 72, 1785 MHz
2026/09/23 16:21:57.204, 0, 96 %, 79 %, 6159 MiB, 49140 MiB, 287.98 W, 300.00 W, 74, 1935 MHz
2026/09/23 16:21:58.205, 0, 95 %, 85 %, 6159 MiB, 49140 MiB, 289.38 W, 300.00 W, 71, 1770 MHz
2026/09/23 16:21:59.206, 0, 97 %, 89 %, 6159 MiB, 49140 MiB, 288.39 W, 300.00 W, 72, 2055 MHz
2026/09/23 16:22:00.209, 0, 97 %, 84 %, 6159 MiB, 49140 MiB, 287.15 W, 300.00 W, 73, 1650 MHz
2026/09/23 16:22:01.210, 0, 96 %, 87 %, 6159 MiB, 49140 MiB, 287.70 W, 300.00 W, 72, 1785 MHz
2026/09/23 16:22:02.210, 0, 96 %, 81 %, 6159 MiB, 49140 MiB, 289.08 W, 300.00 W, 73, 1935 MHz
2026/09/23 16:22:03.211, 0, 96 %, 86 %, 6159 MiB, 49140 MiB, 288.36 W, 300.00 W, 72, 1920 MHz
2026/09/23 16:22:04.212, 0, 98 %, 81 %, 6159 MiB, 49140 MiB, 287.38 W, 300.00 W, 74, 1635 MHz
2026/09/23 16:22:05.213, 0, 96 %, 86 %, 6159 MiB, 49140 MiB, 289.64 W, 300.00 W, 71, 2100 MHz
2026/09/23 16:22:06.214, 0, 97 %, 86 %, 6159 MiB, 49140 MiB, 290.50 W, 300.00 W, 72, 1935 MHz
2026/09/23 16:22:07.215, 0, 98 %, 88 %, 6159 MiB, 49140 MiB, 287.07 W, 300.00 W, 72, 1965 MHz
2026/09/23 16:22:08.216, 0, 95 %, 67 %, 6159 MiB, 49140 MiB, 295.04 W, 300.00 W, 74, 1725 MHz
2026/09/23 16:22:09.216, 0, 0 %, 0 %, 6159 MiB, 49140 MiB, 151.41 W, 300.00 W, 72, 2040 MHz
2026/09/23 16:22:10.217, 0, 94 %, 81 %, 6159 MiB, 49140 MiB, 290.62 W, 300.00 W, 73, 1800 MHz
2026/09/23 16:22:11.218, 0, 97 %, 88 %, 6159 MiB, 49140 MiB, 286.76 W, 300.00 W, 72, 1965 MHz
2026/09/23 16:22:12.219, 0, 98 %, 84 %, 6159 MiB, 49140 MiB, 287.83 W, 300.00 W, 73, 1755 MHz
2026/09/23 16:22:13.219, 0, 95 %, 85 %, 6159 MiB, 49140 MiB, 288.66 W, 300.00 W, 71, 2130 MHz
2026/09/23 16:22:14.220, 0, 98 %, 88 %, 6159 MiB, 49140 MiB, 288.30 W, 300.00 W, 72, 2010 MHz
2026/09/23 16:22:15.221, 0, 96 %, 85 %, 6159 MiB, 49140 MiB, 287.73 W, 300.00 W, 73, 1740 MHz
2026/09/23 16:22:16.222, 0, 98 %, 88 %, 6159 MiB, 49140 MiB, 289.35 W, 300.00 W, 73, 1800 MHz
2026/09/23 16:22:17.222, 0, 93 %, 82 %, 6159 MiB, 49140 MiB, 288.49 W, 300.00 W, 72, 2070 MHz
2026/09/23 16:22:18.224, 0, 97 %, 88 %, 6159 MiB, 49140 MiB, 288.49 W, 300.00 W, 72, 2025 MHz
2026/09/23 16:22:19.225, 0, 94 %, 83 %, 6159 MiB, 49140 MiB, 286.45 W, 300.00 W, 73, 1755 MHz
2026/09/23 16:22:20.226, 0, 98 %, 88 %, 6159 MiB, 49140 MiB, 289.91 W, 300.00 W, 72, 1830 MHz
2026/09/23 16:22:21.228, 0, 96 %, 82 %, 6159 MiB, 49140 MiB, 290.05 W, 300.00 W, 72, 2070 MHz
2026/09/23 16:22:22.228, 0, 96 %, 85 %, 6159 MiB, 49140 MiB, 287.34 W, 300.00 W, 72, 1935 MHz
2026/09/23 16:22:23.229, 0, 97 %, 82 %, 6159 MiB, 49140 MiB, 287.94 W, 300.00 W, 73, 1785 MHz
2026/09/23 16:22:24.230, 0, 94 %, 84 %, 6159 MiB, 49140 MiB, 288.03 W, 300.00 W, 71, 2115 MHz
2026/09/23 16:22:25.231, 0, 98 %, 88 %, 6159 MiB, 49140 MiB, 289.86 W, 300.00 W, 72, 1995 MHz
2026/09/23 16:22:26.232, 0, 98 %, 84 %, 6159 MiB, 49140 MiB, 287.94 W, 300.00 W, 73, 1650 MHz
2026/09/23 16:22:27.233, 0, 97 %, 88 %, 6159 MiB, 49140 MiB, 289.96 W, 300.00 W, 72, 1995 MHz
2026/09/23 16:22:28.234, 0, 97 %, 83 %, 6159 MiB, 49140 MiB, 290.80 W, 300.00 W, 73, 1710 MHz
2026/09/23 16:22:29.235, 0, 98 %, 89 %, 6159 MiB, 49140 MiB, 288.30 W, 300.00 W, 72, 1995 MHz
2026/09/23 16:22:30.236, 0, 98 %, 83 %, 6159 MiB, 49140 MiB, 289.02 W, 300.00 W, 73, 1770 MHz
2026/09/23 16:22:31.237, 0, 93 %, 83 %, 6159 MiB, 49140 MiB, 288.71 W, 300.00 W, 72, 2085 MHz
2026/09/23 16:22:32.237, 0, 90 %, 63 %, 6159 MiB, 49140 MiB, 294.66 W, 300.00 W, 74, 1665 MHz
2026/09/23 16:22:33.238, 0, 0 %, 0 %, 6159 MiB, 49140 MiB, 118.08 W, 300.00 W, 67, 2730 MHz
2026/09/23 16:22:34.238, 0, 0 %, 0 %, 6159 MiB, 49140 MiB, 143.60 W, 300.00 W, 71, 1830 MHz
2026/09/23 16:22:35.239, 0, 97 %, 84 %, 6159 MiB, 49140 MiB, 288.98 W, 300.00 W, 72, 1890 MHz
2026/09/23 16:22:36.242, 0, 96 %, 86 %, 6159 MiB, 49140 MiB, 285.71 W, 300.00 W, 72, 1995 MHz
2026/09/23 16:22:37.243, 0, 98 %, 82 %, 6159 MiB, 49140 MiB, 287.56 W, 300.00 W, 73, 1800 MHz
2026/09/23 16:22:38.245, 0, 94 %, 85 %, 6159 MiB, 49140 MiB, 288.00 W, 300.00 W, 71, 2100 MHz
2026/09/23 16:22:39.245, 0, 98 %, 89 %, 6159 MiB, 49140 MiB, 287.96 W, 300.00 W, 72, 2025 MHz
2026/09/23 16:22:40.246, 0, 97 %, 83 %, 6159 MiB, 49140 MiB, 286.36 W, 300.00 W, 73, 1665 MHz
2026/09/23 16:22:41.247, 0, 98 %, 89 %, 6159 MiB, 49140 MiB, 288.49 W, 300.00 W, 72, 2010 MHz
2026/09/23 16:22:42.247, 0, 96 %, 83 %, 6159 MiB, 49140 MiB, 289.30 W, 300.00 W, 72, 1815 MHz
2026/09/23 16:22:43.248, 0, 96 %, 88 %, 6159 MiB, 49140 MiB, 286.92 W, 300.00 W, 72, 1995 MHz
2026/09/23 16:22:44.249, 0, 97 %, 81 %, 6159 MiB, 49140 MiB, 287.81 W, 300.00 W, 73, 1725 MHz
2026/09/23 16:22:45.250, 0, 95 %, 86 %, 6159 MiB, 49140 MiB, 288.92 W, 300.00 W, 71, 2190 MHz
2026/09/23 16:22:46.250, 0, 97 %, 88 %, 6159 MiB, 49140 MiB, 288.05 W, 300.00 W, 72, 1995 MHz
2026/09/23 16:22:47.251, 0, 97 %, 85 %, 6159 MiB, 49140 MiB, 287.60 W, 300.00 W, 73, 1845 MHz
2026/09/23 16:22:48.252, 0, 98 %, 89 %, 6159 MiB, 49140 MiB, 288.90 W, 300.00 W, 72, 1905 MHz
2026/09/23 16:22:49.253, 0, 97 %, 85 %, 6159 MiB, 49140 MiB, 289.21 W, 300.00 W, 73, 1965 MHz
2026/09/23 16:22:50.254, 0, 98 %, 87 %, 6159 MiB, 49140 MiB, 287.62 W, 300.00 W, 72, 1605 MHz
2026/09/23 16:22:51.255, 0, 98 %, 81 %, 6159 MiB, 49140 MiB, 287.92 W, 300.00 W, 74, 2145 MHz
2026/09/23 16:22:52.256, 0, 96 %, 86 %, 6159 MiB, 49140 MiB, 289.64 W, 300.00 W, 71, 1860 MHz
2026/09/23 16:22:53.257, 0, 98 %, 87 %, 6159 MiB, 49140 MiB, 289.66 W, 300.00 W, 73, 1980 MHz
2026/09/23 16:22:54.258, 0, 97 %, 87 %, 6159 MiB, 49140 MiB, 287.70 W, 300.00 W, 73, 1740 MHz
2026/09/23 16:22:55.259, 0, 96 %, 87 %, 6159 MiB, 49140 MiB, 289.14 W, 300.00 W, 73, 2100 MHz
2026/09/23 16:22:56.263, 0, 97 %, 83 %, 6159 MiB, 49140 MiB, 288.20 W, 300.00 W, 74, 1770 MHz
2026/09/23 16:22:57.264, 0, 93 %, 65 %, 6159 MiB, 49140 MiB, 268.75 W, 300.00 W, 68, 2730 MHz
2026/09/23 16:22:58.264, 0, 0 %, 0 %, 6159 MiB, 49140 MiB, 87.92 W, 300.00 W, 66, 2745 MHz
2026/09/23 16:22:59.264, 0, 0 %, 0 %, 6159 MiB, 49140 MiB, 174.79 W, 300.00 W, 71, 2115 MHz
2026/09/23 16:23:00.265, 0, 97 %, 84 %, 6159 MiB, 49140 MiB, 289.00 W, 300.00 W, 72, 1965 MHz
2026/09/23 16:23:01.266, 0, 97 %, 88 %, 6159 MiB, 49140 MiB, 287.86 W, 300.00 W, 72, 1725 MHz
2026/09/23 16:23:02.267, 0, 97 %, 88 %, 6159 MiB, 49140 MiB, 288.27 W, 300.00 W, 72, 2055 MHz
2026/09/23 16:23:03.268, 0, 92 %, 82 %, 6159 MiB, 49140 MiB, 287.28 W, 300.00 W, 70, 2010 MHz
2026/09/23 16:23:04.269, 0, 98 %, 89 %, 6159 MiB, 49140 MiB, 287.98 W, 300.00 W, 72, 1800 MHz
2026/09/23 16:23:05.270, 0, 96 %, 83 %, 6159 MiB, 49140 MiB, 284.46 W, 300.00 W, 72, 1845 MHz
2026/09/23 16:23:06.275, 0, 98 %, 88 %, 6159 MiB, 49140 MiB, 287.72 W, 300.00 W, 72, 2100 MHz
2026/09/23 16:23:07.275, 0, 97 %, 84 %, 6159 MiB, 49140 MiB, 289.47 W, 300.00 W, 72, 1890 MHz
2026/09/23 16:23:08.276, 0, 98 %, 89 %, 6159 MiB, 49140 MiB, 285.44 W, 300.00 W, 72, 1650 MHz
2026/09/23 16:23:09.277, 0, 98 %, 83 %, 6159 MiB, 49140 MiB, 288.44 W, 300.00 W, 73, 2130 MHz
2026/09/23 16:23:10.277, 0, 96 %, 86 %, 6159 MiB, 49140 MiB, 289.32 W, 300.00 W, 71, 1965 MHz
2026/09/23 16:23:11.279, 0, 97 %, 88 %, 6159 MiB, 49140 MiB, 289.10 W, 300.00 W, 72, 1785 MHz
2026/09/23 16:23:12.280, 0, 98 %, 86 %, 6159 MiB, 49140 MiB, 286.85 W, 300.00 W, 73, 1785 MHz
2026/09/23 16:23:13.282, 0, 95 %, 86 %, 6159 MiB, 49140 MiB, 287.44 W, 300.00 W, 72, 1875 MHz
2026/09/23 16:23:14.283, 0, 97 %, 84 %, 6159 MiB, 49140 MiB, 289.23 W, 300.00 W, 73, 1980 MHz
2026/09/23 16:23:15.284, 0, 98 %, 89 %, 6159 MiB, 49140 MiB, 286.18 W, 300.00 W, 72, 1680 MHz
2026/09/23 16:23:16.285, 0, 98 %, 81 %, 6159 MiB, 49140 MiB, 286.58 W, 300.00 W, 74, 2055 MHz
2026/09/23 16:23:17.286, 0, 95 %, 86 %, 6159 MiB, 49140 MiB, 290.78 W, 300.00 W, 71, 1950 MHz
2026/09/23 16:23:18.287, 0, 98 %, 88 %, 6159 MiB, 49140 MiB, 289.83 W, 300.00 W, 72, 1875 MHz
2026/09/23 16:23:19.288, 0, 97 %, 85 %, 6159 MiB, 49140 MiB, 287.57 W, 300.00 W, 73, 1770 MHz
2026/09/23 16:23:20.289, 0, 97 %, 88 %, 6159 MiB, 49140 MiB, 290.62 W, 300.00 W, 73, 1995 MHz
2026/09/23 16:23:21.289, 0, 96 %, 82 %, 6159 MiB, 49140 MiB, 291.70 W, 300.00 W, 73, 1635 MHz
2026/09/23 16:23:22.291, 0, 93 %, 66 %, 6159 MiB, 49140 MiB, 237.84 W, 300.00 W, 67, 2745 MHz
2026/09/23 16:23:23.292, 0, 0 %, 0 %, 6159 MiB, 49140 MiB, 87.97 W, 300.00 W, 66, 2745 MHz
2026/09/23 16:23:24.294, 0, 96 %, 86 %, 6159 MiB, 49140 MiB, 226.58 W, 300.00 W, 70, 1845 MHz
2026/09/23 16:23:25.295, 0, 96 %, 88 %, 6159 MiB, 49140 MiB, 288.57 W, 300.00 W, 71, 1740 MHz
2026/09/23 16:23:26.296, 0, 97 %, 81 %, 6159 MiB, 49140 MiB, 287.37 W, 300.00 W, 73, 1995 MHz
2026/09/23 16:23:27.296, 0, 96 %, 85 %, 6159 MiB, 49140 MiB, 288.95 W, 300.00 W, 71, 1875 MHz
2026/09/23 16:23:28.297, 0, 97 %, 88 %, 6159 MiB, 49140 MiB, 288.70 W, 300.00 W, 72, 1755 MHz
2026/09/23 16:23:29.298, 0, 97 %, 87 %, 6159 MiB, 49140 MiB, 285.34 W, 300.00 W, 73, 1845 MHz
2026/09/23 16:23:30.299, 0, 98 %, 89 %, 6159 MiB, 49140 MiB, 290.22 W, 300.00 W, 72, 2010 MHz
2026/09/23 16:23:31.299, 0, 97 %, 83 %, 6159 MiB, 49140 MiB, 290.91 W, 300.00 W, 72, 1980 MHz
2026/09/23 16:23:32.300, 0, 98 %, 88 %, 6159 MiB, 49140 MiB, 288.44 W, 300.00 W, 72, 1710 MHz
2026/09/23 16:23:33.301, 0, 98 %, 84 %, 6159 MiB, 49140 MiB, 289.22 W, 300.00 W, 73, 2055 MHz
2026/09/23 16:23:34.302, 0, 96 %, 83 %, 6159 MiB, 49140 MiB, 290.68 W, 300.00 W, 72, 1995 MHz
2026/09/23 16:23:35.303, 0, 98 %, 87 %, 6159 MiB, 49140 MiB, 289.23 W, 300.00 W, 72, 1620 MHz
2026/09/23 16:23:36.304, 0, 97 %, 81 %, 6159 MiB, 49140 MiB, 288.08 W, 300.00 W, 73, 1890 MHz
2026/09/23 16:23:37.306, 0, 94 %, 84 %, 6159 MiB, 49140 MiB, 289.30 W, 300.00 W, 71, 1965 MHz
2026/09/23 16:23:38.306, 0, 97 %, 86 %, 6159 MiB, 49140 MiB, 289.44 W, 300.00 W, 72, 1695 MHz
2026/09/23 16:23:39.307, 0, 97 %, 87 %, 6159 MiB, 49140 MiB, 287.71 W, 300.00 W, 72, 2115 MHz
2026/09/23 16:23:40.308, 0, 97 %, 85 %, 6159 MiB, 49140 MiB, 289.08 W, 300.00 W, 73, 1920 MHz
2026/09/23 16:23:41.309, 0, 94 %, 84 %, 6159 MiB, 49140 MiB, 288.71 W, 300.00 W, 71, 1920 MHz
2026/09/23 16:23:42.310, 0, 98 %, 89 %, 6159 MiB, 49140 MiB, 289.06 W, 300.00 W, 72, 1860 MHz
2026/09/23 16:23:43.310, 0, 98 %, 81 %, 6159 MiB, 49140 MiB, 286.79 W, 300.00 W, 73, 2010 MHz
2026/09/23 16:23:44.311, 0, 97 %, 87 %, 6159 MiB, 49140 MiB, 288.92 W, 300.00 W, 72, 2025 MHz
2026/09/23 16:23:45.313, 0, 98 %, 84 %, 6159 MiB, 49140 MiB, 290.92 W, 300.00 W, 72, 1680 MHz
2026/09/23 16:23:46.313, 0, 86 %, 64 %, 6159 MiB, 49140 MiB, 291.21 W, 300.00 W, 75, 1650 MHz
2026/09/23 16:23:47.314, 0, 7 %, 0 %, 6159 MiB, 49140 MiB, 174.64 W, 300.00 W, 66, 2505 MHz
2026/09/23 16:23:48.314, 0, 0 %, 0 %, 6159 MiB, 49140 MiB, 72.10 W, 300.00 W, 65, 2370 MHz
2026/09/23 16:23:49.315, 0, 97 %, 84 %, 6159 MiB, 49140 MiB, 218.64 W, 300.00 W, 72, 1680 MHz
2026/09/23 16:23:50.316, 0, 98 %, 89 %, 6159 MiB, 49140 MiB, 287.37 W, 300.00 W, 71, 2115 MHz
2026/09/23 16:23:51.318, 0, 97 %, 85 %, 6159 MiB, 49140 MiB, 286.61 W, 300.00 W, 72, 2010 MHz
2026/09/23 16:23:52.319, 0, 97 %, 83 %, 6159 MiB, 49140 MiB, 289.46 W, 300.00 W, 72, 1725 MHz
2026/09/23 16:23:53.320, 0, 98 %, 88 %, 6159 MiB, 49140 MiB, 286.98 W, 300.00 W, 71, 1905 MHz
2026/09/23 16:23:54.321, 0, 97 %, 81 %, 6159 MiB, 49140 MiB, 287.89 W, 300.00 W, 73, 1755 MHz
2026/09/23 16:23:55.322, 0, 92 %, 83 %, 6159 MiB, 49140 MiB, 287.34 W, 300.00 W, 71, 1890 MHz
2026/09/23 16:23:56.322, 0, 98 %, 85 %, 6159 MiB, 49140 MiB, 288.26 W, 300.00 W, 72, 1665 MHz
2026/09/23 16:23:57.323, 0, 98 %, 88 %, 6159 MiB, 49140 MiB, 288.63 W, 300.00 W, 72, 2100 MHz
2026/09/23 16:23:58.324, 0, 98 %, 89 %, 6159 MiB, 49140 MiB, 289.80 W, 300.00 W, 72, 1980 MHz
2026/09/23 16:23:59.325, 0, 98 %, 84 %, 6159 MiB, 49140 MiB, 289.51 W, 300.00 W, 73, 1680 MHz
2026/09/23 16:24:00.326, 0, 97 %, 87 %, 6159 MiB, 49140 MiB, 287.89 W, 300.00 W, 72, 1935 MHz
2026/09/23 16:24:01.328, 0, 96 %, 87 %, 6159 MiB, 49140 MiB, 290.38 W, 300.00 W, 73, 1800 MHz
2026/09/23 16:24:02.329, 0, 97 %, 82 %, 6159 MiB, 49140 MiB, 291.51 W, 300.00 W, 72, 1905 MHz
2026/09/23 16:24:03.329, 0, 97 %, 87 %, 6159 MiB, 49140 MiB, 287.67 W, 300.00 W, 72, 1755 MHz
2026/09/23 16:24:04.331, 0, 95 %, 84 %, 6159 MiB, 49140 MiB, 288.56 W, 300.00 W, 73, 2070 MHz
2026/09/23 16:24:05.332, 0, 94 %, 83 %, 6159 MiB, 49140 MiB, 289.10 W, 300.00 W, 72, 2055 MHz
2026/09/23 16:24:06.332, 0, 96 %, 86 %, 6159 MiB, 49140 MiB, 288.59 W, 300.00 W, 73, 1770 MHz
2026/09/23 16:24:07.333, 0, 98 %, 87 %, 6159 MiB, 49140 MiB, 287.57 W, 300.00 W, 72, 1875 MHz
2026/09/23 16:24:08.335, 0, 97 %, 87 %, 6159 MiB, 49140 MiB, 288.03 W, 300.00 W, 74, 2010 MHz
2026/09/23 16:24:09.336, 0, 96 %, 85 %, 6159 MiB, 49140 MiB, 288.76 W, 300.00 W, 72, 2190 MHz
2026/09/23 16:24:10.336, 0, 97 %, 87 %, 6159 MiB, 49140 MiB, 286.85 W, 300.00 W, 71, 2100 MHz
2026/09/23 16:24:11.337, 0, 94 %, 65 %, 6159 MiB, 49140 MiB, 293.98 W, 300.00 W, 73, 1680 MHz
2026/09/23 16:24:12.337, 0, 0 %, 0 %, 6159 MiB, 49140 MiB, 122.94 W, 300.00 W, 66, 2640 MHz
2026/09/23 16:24:13.338, 0, 0 %, 0 %, 6159 MiB, 49140 MiB, 128.42 W, 300.00 W, 71, 1725 MHz
2026/09/23 16:24:14.339, 0, 97 %, 82 %, 6159 MiB, 49140 MiB, 286.56 W, 300.00 W, 72, 2100 MHz
2026/09/23 16:24:15.340, 0, 94 %, 83 %, 6159 MiB, 49140 MiB, 289.17 W, 300.00 W, 71, 2025 MHz
2026/09/23 16:24:16.341, 0, 98 %, 87 %, 6159 MiB, 49140 MiB, 288.34 W, 300.00 W, 72, 1740 MHz
2026/09/23 16:24:17.341, 0, 98 %, 82 %, 6159 MiB, 49140 MiB, 287.24 W, 300.00 W, 72, 2070 MHz
2026/09/23 16:24:18.342, 0, 90 %, 81 %, 6159 MiB, 49140 MiB, 288.57 W, 300.00 W, 73, 1980 MHz
2026/09/23 16:24:19.343, 0, 98 %, 87 %, 6159 MiB, 49140 MiB, 289.71 W, 300.00 W, 72, 1740 MHz
2026/09/23 16:24:20.344, 0, 98 %, 87 %, 6159 MiB, 49140 MiB, 286.58 W, 300.00 W, 72, 1830 MHz
2026/09/23 16:24:21.346, 0, 97 %, 85 %, 6159 MiB, 49140 MiB, 288.34 W, 300.00 W, 73, 2040 MHz
2026/09/23 16:24:22.346, 0, 94 %, 84 %, 6159 MiB, 49140 MiB, 289.48 W, 300.00 W, 72, 2055 MHz
2026/09/23 16:24:23.348, 0, 96 %, 86 %, 6159 MiB, 49140 MiB, 289.01 W, 300.00 W, 72, 1800 MHz
2026/09/23 16:24:24.349, 0, 98 %, 88 %, 6159 MiB, 49140 MiB, 287.97 W, 300.00 W, 72, 1770 MHz
2026/09/23 16:24:25.349, 0, 98 %, 84 %, 6159 MiB, 49140 MiB, 288.39 W, 300.00 W, 74, 2010 MHz
2026/09/23 16:24:26.350, 0, 96 %, 85 %, 6159 MiB, 49140 MiB, 290.24 W, 300.00 W, 72, 1710 MHz
2026/09/23 16:24:27.351, 0, 97 %, 88 %, 6159 MiB, 49140 MiB, 289.28 W, 300.00 W, 73, 1740 MHz
2026/09/23 16:24:28.352, 0, 97 %, 87 %, 6159 MiB, 49140 MiB, 286.27 W, 300.00 W, 72, 2070 MHz
2026/09/23 16:24:29.354, 0, 97 %, 85 %, 6159 MiB, 49140 MiB, 287.23 W, 300.00 W, 73, 1920 MHz
2026/09/23 16:24:30.355, 0, 96 %, 86 %, 6159 MiB, 49140 MiB, 289.70 W, 300.00 W, 72, 1890 MHz
2026/09/23 16:24:31.355, 0, 97 %, 82 %, 6159 MiB, 49140 MiB, 288.10 W, 300.00 W, 71, 1725 MHz
2026/09/23 16:24:32.357, 0, 98 %, 88 %, 6159 MiB, 49140 MiB, 289.00 W, 300.00 W, 72, 2055 MHz
2026/09/23 16:24:33.358, 0, 98 %, 83 %, 6159 MiB, 49140 MiB, 288.20 W, 300.00 W, 73, 2025 MHz
2026/09/23 16:24:34.359, 0, 95 %, 84 %, 6159 MiB, 49140 MiB, 290.66 W, 300.00 W, 72, 1680 MHz
2026/09/23 16:24:35.359, 0, 98 %, 87 %, 6159 MiB, 49140 MiB, 289.68 W, 300.00 W, 73, 1620 MHz
2026/09/23 16:24:36.360, 0, 93 %, 64 %, 6159 MiB, 49140 MiB, 283.65 W, 300.00 W, 74, 2595 MHz
2026/09/23 16:24:37.360, 0, 0 %, 0 %, 6159 MiB, 49140 MiB, 94.64 W, 300.00 W, 66, 2745 MHz
2026/09/23 16:24:38.361, 0, 0 %, 0 %, 6159 MiB, 49140 MiB, 151.55 W, 300.00 W, 70, 2115 MHz
2026/09/23 16:24:39.363, 0, 98 %, 88 %, 6159 MiB, 49140 MiB, 287.53 W, 300.00 W, 73, 2010 MHz
2026/09/23 16:24:40.364, 0, 97 %, 84 %, 6159 MiB, 49140 MiB, 289.23 W, 300.00 W, 70, 1695 MHz
2026/09/23 16:24:41.364, 0, 97 %, 86 %, 6159 MiB, 49140 MiB, 287.53 W, 300.00 W, 71, 2085 MHz
2026/09/23 16:24:42.366, 0, 97 %, 84 %, 6159 MiB, 49140 MiB, 288.28 W, 300.00 W, 73, 2100 MHz
2026/09/23 16:24:43.367, 0, 96 %, 85 %, 6159 MiB, 49140 MiB, 288.19 W, 300.00 W, 71, 1650 MHz
2026/09/23 16:24:44.368, 0, 97 %, 85 %, 6159 MiB, 49140 MiB, 287.73 W, 300.00 W, 72, 2070 MHz
2026/09/23 16:24:45.368, 0, 98 %, 82 %, 6159 MiB, 49140 MiB, 287.92 W, 300.00 W, 73, 2040 MHz
2026/09/23 16:24:46.369, 0, 97 %, 86 %, 6159 MiB, 49140 MiB, 289.14 W, 300.00 W, 72, 1755 MHz
2026/09/23 16:24:47.371, 0, 96 %, 86 %, 6159 MiB, 49140 MiB, 288.37 W, 300.00 W, 72, 1935 MHz
2026/09/23 16:24:48.372, 0, 98 %, 87 %, 6159 MiB, 49140 MiB, 289.55 W, 300.00 W, 73, 1800 MHz
2026/09/23 16:24:49.373, 0, 97 %, 85 %, 6159 MiB, 49140 MiB, 286.77 W, 300.00 W, 72, 2100 MHz
2026/09/23 16:24:50.374, 0, 97 %, 86 %, 6159 MiB, 49140 MiB, 288.52 W, 300.00 W, 73, 2055 MHz
2026/09/23 16:24:51.374, 0, 98 %, 84 %, 6159 MiB, 49140 MiB, 288.55 W, 300.00 W, 72, 1755 MHz
2026/09/23 16:24:52.376, 0, 96 %, 85 %, 6159 MiB, 49140 MiB, 288.94 W, 300.00 W, 73, 1800 MHz
2026/09/23 16:24:53.380, 0, 97 %, 86 %, 6159 MiB, 49140 MiB, 287.48 W, 300.00 W, 72, 1935 MHz
2026/09/23 16:24:54.380, 0, 97 %, 87 %, 6159 MiB, 49140 MiB, 289.20 W, 300.00 W, 74, 1965 MHz
2026/09/23 16:24:55.382, 0, 97 %, 88 %, 6159 MiB, 49140 MiB, 291.30 W, 300.00 W, 71, 1785 MHz
2026/09/23 16:24:56.383, 0, 98 %, 84 %, 6159 MiB, 49140 MiB, 287.57 W, 300.00 W, 72, 2100 MHz
2026/09/23 16:24:57.383, 0, 98 %, 87 %, 6159 MiB, 49140 MiB, 287.74 W, 300.00 W, 74, 2040 MHz
2026/09/23 16:24:58.385, 0, 98 %, 82 %, 6159 MiB, 49140 MiB, 289.00 W, 300.00 W, 72, 1740 MHz
2026/09/23 16:24:59.386, 0, 95 %, 84 %, 6159 MiB, 49140 MiB, 289.66 W, 300.00 W, 72, 2040 MHz
2026/09/23 16:25:00.386, 0, 92 %, 66 %, 6159 MiB, 49140 MiB, 294.60 W, 300.00 W, 74, 1695 MHz
2026/09/23 16:25:01.387, 0, 0 %, 0 %, 6159 MiB, 49140 MiB, 160.33 W, 300.00 W, 67, 2745 MHz
2026/09/23 16:25:02.388, 0, 0 %, 0 %, 6159 MiB, 49140 MiB, 87.12 W, 300.00 W, 66, 2745 MHz
2026/09/23 16:25:03.388, 0, 95 %, 84 %, 6159 MiB, 49140 MiB, 159.88 W, 300.00 W, 71, 2100 MHz
2026/09/23 16:25:04.389, 0, 98 %, 88 %, 6159 MiB, 49140 MiB, 286.15 W, 300.00 W, 71, 1950 MHz
2026/09/23 16:25:05.391, 0, 97 %, 84 %, 6159 MiB, 49140 MiB, 289.09 W, 300.00 W, 71, 1890 MHz
2026/09/23 16:25:06.391, 0, 97 %, 86 %, 6159 MiB, 49140 MiB, 289.46 W, 300.00 W, 72, 1980 MHz
2026/09/23 16:25:07.393, 0, 97 %, 87 %, 6159 MiB, 49140 MiB, 287.38 W, 300.00 W, 72, 1770 MHz
2026/09/23 16:25:08.394, 0, 98 %, 87 %, 6159 MiB, 49140 MiB, 288.64 W, 300.00 W, 72, 1965 MHz
2026/09/23 16:25:09.395, 0, 98 %, 88 %, 6159 MiB, 49140 MiB, 289.45 W, 300.00 W, 72, 1800 MHz
2026/09/23 16:25:10.396, 0, 98 %, 85 %, 6159 MiB, 49140 MiB, 287.83 W, 300.00 W, 72, 1920 MHz
2026/09/23 16:25:11.398, 0, 97 %, 87 %, 6159 MiB, 49140 MiB, 289.30 W, 300.00 W, 73, 1965 MHz
2026/09/23 16:25:12.399, 0, 97 %, 87 %, 6159 MiB, 49140 MiB, 289.35 W, 300.00 W, 71, 1725 MHz
2026/09/23 16:25:13.400, 0, 96 %, 86 %, 6159 MiB, 49140 MiB, 286.82 W, 300.00 W, 72, 2130 MHz
2026/09/23 16:25:14.400, 0, 98 %, 86 %, 6159 MiB, 49140 MiB, 288.53 W, 300.00 W, 73, 1950 MHz
2026/09/23 16:25:15.401, 0, 97 %, 83 %, 6159 MiB, 49140 MiB, 288.80 W, 300.00 W, 72, 1785 MHz
2026/09/23 16:25:16.403, 0, 97 %, 86 %, 6159 MiB, 49140 MiB, 290.06 W, 300.00 W, 73, 2025 MHz
2026/09/23 16:25:17.403, 0, 98 %, 84 %, 6159 MiB, 49140 MiB, 286.77 W, 300.00 W, 72, 1995 MHz
2026/09/23 16:25:18.404, 0, 98 %, 88 %, 6159 MiB, 49140 MiB, 289.55 W, 300.00 W, 73, 1695 MHz
2026/09/23 16:25:19.405, 0, 97 %, 85 %, 6159 MiB, 49140 MiB, 290.55 W, 300.00 W, 71, 2025 MHz
2026/09/23 16:25:20.406, 0, 94 %, 84 %, 6159 MiB, 49140 MiB, 288.84 W, 300.00 W, 72, 1725 MHz
2026/09/23 16:25:21.408, 0, 97 %, 87 %, 6159 MiB, 49140 MiB, 288.23 W, 300.00 W, 73, 1935 MHz
2026/09/23 16:25:22.408, 0, 96 %, 82 %, 6159 MiB, 49140 MiB, 289.73 W, 300.00 W, 72, 1830 MHz
2026/09/23 16:25:23.409, 0, 97 %, 86 %, 6159 MiB, 49140 MiB, 288.75 W, 300.00 W, 73, 2025 MHz
2026/09/23 16:25:24.410, 0, 97 %, 85 %, 6159 MiB, 49140 MiB, 287.67 W, 300.00 W, 72, 2040 MHz
2026/09/23 16:25:25.411, 0, 96 %, 67 %, 6159 MiB, 49140 MiB, 292.36 W, 300.00 W, 73, 1605 MHz
2026/09/23 16:25:26.411, 0, 2 %, 0 %, 6159 MiB, 49140 MiB, 242.09 W, 300.00 W, 67, 2745 MHz
2026/09/23 16:25:27.412, 0, 0 %, 0 %, 6159 MiB, 49140 MiB, 87.88 W, 300.00 W, 66, 2745 MHz
2026/09/23 16:25:28.412, 0, 98 %, 88 %, 6159 MiB, 49140 MiB, 197.66 W, 300.00 W, 72, 2010 MHz
2026/09/23 16:25:29.413, 0, 97 %, 86 %, 6159 MiB, 49140 MiB, 287.37 W, 300.00 W, 71, 2055 MHz
2026/09/23 16:25:30.415, 0, 98 %, 88 %, 6159 MiB, 49140 MiB, 286.72 W, 300.00 W, 72, 1695 MHz
2026/09/23 16:25:31.417, 0, 97 %, 86 %, 6159 MiB, 49140 MiB, 289.04 W, 300.00 W, 72, 2070 MHz
2026/09/23 16:25:32.417, 0, 96 %, 85 %, 6159 MiB, 49140 MiB, 286.12 W, 300.00 W, 71, 1815 MHz
2026/09/23 16:25:33.420, 0, 97 %, 86 %, 6159 MiB, 49140 MiB, 286.89 W, 300.00 W, 73, 2055 MHz
2026/09/23 16:25:34.420, 0, 98 %, 81 %, 6159 MiB, 49140 MiB, 288.60 W, 300.00 W, 71, 1830 MHz
2026/09/23 16:25:35.421, 0, 96 %, 84 %, 6159 MiB, 49140 MiB, 288.45 W, 300.00 W, 72, 1785 MHz
2026/09/23 16:25:36.422, 0, 97 %, 86 %, 6159 MiB, 49140 MiB, 287.64 W, 300.00 W, 73, 1935 MHz
2026/09/23 16:25:37.423, 0, 97 %, 82 %, 6159 MiB, 49140 MiB, 288.94 W, 300.00 W, 71, 1860 MHz
2026/09/23 16:25:38.423, 0, 95 %, 85 %, 6159 MiB, 49140 MiB, 288.55 W, 300.00 W, 72, 1950 MHz
2026/09/23 16:25:39.424, 0, 97 %, 88 %, 6159 MiB, 49140 MiB, 287.28 W, 300.00 W, 74, 1950 MHz
2026/09/23 16:25:40.425, 0, 95 %, 85 %, 6159 MiB, 49140 MiB, 288.03 W, 300.00 W, 72, 1650 MHz
2026/09/23 16:25:41.426, 0, 98 %, 88 %, 6159 MiB, 49140 MiB, 289.56 W, 300.00 W, 73, 2115 MHz
2026/09/23 16:25:42.427, 0, 97 %, 83 %, 6159 MiB, 49140 MiB, 288.85 W, 300.00 W, 72, 2010 MHz
2026/09/23 16:25:43.428, 0, 97 %, 87 %, 6159 MiB, 49140 MiB, 289.32 W, 300.00 W, 72, 1695 MHz
2026/09/23 16:25:44.428, 0, 97 %, 82 %, 6159 MiB, 49140 MiB, 288.45 W, 300.00 W, 72, 1815 MHz
2026/09/23 16:25:45.429, 0, 95 %, 85 %, 6159 MiB, 49140 MiB, 287.95 W, 300.00 W, 72, 2055 MHz
2026/09/23 16:25:46.430, 0, 98 %, 83 %, 6159 MiB, 49140 MiB, 285.01 W, 300.00 W, 72, 2070 MHz
2026/09/23 16:25:47.431, 0, 98 %, 88 %, 6159 MiB, 49140 MiB, 289.13 W, 300.00 W, 73, 1695 MHz
2026/09/23 16:25:48.432, 0, 98 %, 85 %, 6159 MiB, 49140 MiB, 290.28 W, 300.00 W, 73, 2025 MHz
2026/09/23 16:25:49.432, 0, 95 %, 84 %, 6159 MiB, 49140 MiB, 289.17 W, 300.00 W, 72, 1815 MHz
2026/09/23 16:25:50.436, 0, 91 %, 64 %, 6159 MiB, 49140 MiB, 289.95 W, 300.00 W, 73, 1785 MHz
2026/09/23 16:25:51.437, 0, 0 %, 0 %, 6159 MiB, 49140 MiB, 213.09 W, 300.00 W, 67, 2745 MHz
2026/09/23 16:25:52.438, 0, 0 %, 0 %, 6159 MiB, 49140 MiB, 87.06 W, 300.00 W, 66, 2745 MHz
2026/09/23 16:25:53.438, 0, 96 %, 82 %, 6159 MiB, 49140 MiB, 204.61 W, 300.00 W, 70, 1815 MHz
2026/09/23 16:25:54.441, 0, 95 %, 84 %, 6159 MiB, 49140 MiB, 288.29 W, 300.00 W, 71, 1905 MHz
2026/09/23 16:25:55.444, 0, 98 %, 88 %, 6159 MiB, 49140 MiB, 287.57 W, 300.00 W, 73, 1965 MHz
2026/09/23 16:25:56.445, 0, 95 %, 82 %, 6159 MiB, 49140 MiB, 289.20 W, 300.00 W, 70, 1800 MHz
2026/09/23 16:25:57.446, 0, 96 %, 86 %, 6159 MiB, 49140 MiB, 289.65 W, 300.00 W, 72, 1965 MHz
2026/09/23 16:25:58.447, 0, 98 %, 89 %, 6159 MiB, 49140 MiB, 287.84 W, 300.00 W, 73, 1935 MHz
2026/09/23 16:25:59.447, 0, 98 %, 87 %, 6159 MiB, 49140 MiB, 289.01 W, 300.00 W, 72, 1680 MHz
2026/09/23 16:26:00.448, 0, 98 %, 87 %, 6159 MiB, 49140 MiB, 289.57 W, 300.00 W, 71, 2070 MHz
2026/09/23 16:26:01.449, 0, 94 %, 84 %, 6159 MiB, 49140 MiB, 286.98 W, 300.00 W, 72, 2100 MHz
2026/09/23 16:26:02.450, 0, 97 %, 87 %, 6159 MiB, 49140 MiB, 288.30 W, 300.00 W, 74, 1680 MHz
2026/09/23 16:26:03.451, 0, 98 %, 87 %, 6159 MiB, 49140 MiB, 284.79 W, 300.00 W, 73, 1800 MHz
2026/09/23 16:26:04.451, 0, 97 %, 81 %, 6159 MiB, 49140 MiB, 288.65 W, 300.00 W, 72, 2055 MHz
2026/09/23 16:26:05.453, 0, 96 %, 85 %, 6159 MiB, 49140 MiB, 288.51 W, 300.00 W, 72, 2010 MHz
2026/09/23 16:26:06.454, 0, 97 %, 86 %, 6159 MiB, 49140 MiB, 286.86 W, 300.00 W, 73, 1680 MHz
2026/09/23 16:26:07.454, 0, 97 %, 87 %, 6159 MiB, 49140 MiB, 289.54 W, 300.00 W, 72, 1800 MHz
2026/09/23 16:26:08.456, 0, 98 %, 82 %, 6159 MiB, 49140 MiB, 289.22 W, 300.00 W, 72, 2040 MHz
2026/09/23 16:26:09.457, 0, 95 %, 84 %, 6159 MiB, 49140 MiB, 289.21 W, 300.00 W, 72, 2100 MHz
2026/09/23 16:26:10.458, 0, 94 %, 84 %, 6159 MiB, 49140 MiB, 287.14 W, 300.00 W, 73, 1710 MHz
2026/09/23 16:26:11.458, 0, 96 %, 86 %, 6159 MiB, 49140 MiB, 287.72 W, 300.00 W, 73, 1830 MHz
2026/09/23 16:26:12.459, 0, 97 %, 81 %, 6159 MiB, 49140 MiB, 287.90 W, 300.00 W, 71, 2115 MHz
2026/09/23 16:26:13.460, 0, 97 %, 86 %, 6159 MiB, 49140 MiB, 288.56 W, 300.00 W, 72, 1965 MHz
2026/09/23 16:26:14.461, 0, 96 %, 82 %, 6159 MiB, 49140 MiB, 286.86 W, 300.00 W, 72, 1965 MHz
2026/09/23 16:26:15.462, 0, 94 %, 64 %, 6159 MiB, 49140 MiB, 292.43 W, 300.00 W, 73, 1665 MHz
2026/09/23 16:26:16.465, 0, 0 %, 0 %, 6159 MiB, 49140 MiB, 193.65 W, 300.00 W, 67, 2745 MHz
2026/09/23 16:26:17.466, 0, 0 %, 0 %, 6159 MiB, 49140 MiB, 87.65 W, 300.00 W, 66, 2745 MHz
2026/09/23 16:26:18.466, 0, 96 %, 87 %, 6159 MiB, 49140 MiB, 212.46 W, 300.00 W, 71, 1965 MHz
2026/09/23 16:26:19.467, 0, 98 %, 84 %, 6159 MiB, 49140 MiB, 286.45 W, 300.00 W, 72, 1800 MHz
2026/09/23 16:26:20.468, 0, 97 %, 86 %, 6159 MiB, 49140 MiB, 286.76 W, 300.00 W, 72, 1815 MHz
2026/09/23 16:26:21.468, 0, 98 %, 87 %, 6159 MiB, 49140 MiB, 289.67 W, 300.00 W, 73, 1875 MHz
2026/09/23 16:26:22.469, 0, 98 %, 87 %, 6159 MiB, 49140 MiB, 288.01 W, 300.00 W, 71, 2010 MHz
2026/09/23 16:26:23.470, 0, 98 %, 87 %, 6159 MiB, 49140 MiB, 288.78 W, 300.00 W, 72, 1785 MHz
2026/09/23 16:26:24.471, 0, 97 %, 83 %, 6159 MiB, 49140 MiB, 289.43 W, 300.00 W, 72, 1995 MHz
2026/09/23 16:26:25.471, 0, 93 %, 82 %, 6159 MiB, 49140 MiB, 287.34 W, 300.00 W, 72, 1995 MHz
2026/09/23 16:26:26.472, 0, 98 %, 88 %, 6159 MiB, 49140 MiB, 286.12 W, 300.00 W, 73, 1650 MHz
2026/09/23 16:26:27.473, 0, 97 %, 84 %, 6159 MiB, 49140 MiB, 289.54 W, 300.00 W, 71, 2130 MHz
2026/09/23 16:26:28.474, 0, 98 %, 87 %, 6159 MiB, 49140 MiB, 290.25 W, 300.00 W, 72, 2055 MHz
2026/09/23 16:26:29.474, 0, 98 %, 88 %, 6159 MiB, 49140 MiB, 289.25 W, 300.00 W, 73, 1620 MHz
2026/09/23 16:26:30.475, 0, 98 %, 86 %, 6159 MiB, 49140 MiB, 289.89 W, 300.00 W, 71, 2100 MHz
2026/09/23 16:26:31.476, 0, 98 %, 87 %, 6159 MiB, 49140 MiB, 291.09 W, 300.00 W, 72, 2010 MHz
2026/09/23 16:26:32.476, 0, 98 %, 83 %, 6159 MiB, 49140 MiB, 287.51 W, 300.00 W, 72, 1890 MHz
2026/09/23 16:26:33.478, 0, 98 %, 88 %, 6159 MiB, 49140 MiB, 290.00 W, 300.00 W, 73, 1815 MHz
2026/09/23 16:26:34.479, 0, 97 %, 85 %, 6159 MiB, 49140 MiB, 289.45 W, 300.00 W, 73, 1980 MHz
2026/09/23 16:26:35.479, 0, 96 %, 86 %, 6159 MiB, 49140 MiB, 287.89 W, 300.00 W, 72, 1995 MHz
2026/09/23 16:26:36.481, 0, 98 %, 87 %, 6159 MiB, 49140 MiB, 288.80 W, 300.00 W, 74, 1710 MHz
2026/09/23 16:26:37.484, 0, 98 %, 87 %, 6159 MiB, 49140 MiB, 288.90 W, 300.00 W, 72, 2145 MHz
2026/09/23 16:26:38.487, 0, 97 %, 87 %, 6159 MiB, 49140 MiB, 289.57 W, 300.00 W, 73, 1905 MHz
2026/09/23 16:26:39.488, 0, 98 %, 84 %, 6159 MiB, 49140 MiB, 287.84 W, 300.00 W, 72, 1935 MHz
2026/09/23 16:26:40.490, 0, 92 %, 64 %, 6159 MiB, 49140 MiB, 293.70 W, 300.00 W, 73, 1620 MHz
2026/09/23 16:26:41.491, 0, 0 %, 0 %, 6159 MiB, 49140 MiB, 159.27 W, 300.00 W, 67, 2745 MHz
2026/09/23 16:26:42.491, 0, 96 %, 92 %, 6159 MiB, 49140 MiB, 95.85 W, 300.00 W, 70, 2115 MHz
2026/09/23 16:26:43.492, 0, 98 %, 88 %, 6159 MiB, 49140 MiB, 290.97 W, 300.00 W, 71, 1950 MHz
2026/09/23 16:26:44.494, 0, 96 %, 83 %, 6159 MiB, 49140 MiB, 285.57 W, 300.00 W, 72, 1860 MHz
2026/09/23 16:26:45.495, 0, 95 %, 85 %, 6159 MiB, 49140 MiB, 286.71 W, 300.00 W, 72, 1860 MHz
2026/09/23 16:26:46.495, 0, 98 %, 86 %, 6159 MiB, 49140 MiB, 289.30 W, 300.00 W, 73, 1875 MHz
2026/09/23 16:26:47.496, 0, 97 %, 86 %, 6159 MiB, 49140 MiB, 288.03 W, 300.00 W, 72, 1935 MHz
2026/09/23 16:26:48.497, 0, 97 %, 88 %, 6159 MiB, 49140 MiB, 285.59 W, 300.00 W, 73, 1725 MHz
2026/09/23 16:26:49.498, 0, 98 %, 82 %, 6159 MiB, 49140 MiB, 289.33 W, 300.00 W, 72, 2025 MHz
2026/09/23 16:26:50.499, 0, 96 %, 85 %, 6159 MiB, 49140 MiB, 289.31 W, 300.00 W, 72, 1905 MHz
2026/09/23 16:26:51.500, 0, 96 %, 86 %, 6159 MiB, 49140 MiB, 288.60 W, 300.00 W, 74, 1710 MHz
2026/09/23 16:26:52.502, 0, 97 %, 84 %, 6159 MiB, 49140 MiB, 289.03 W, 300.00 W, 71, 1830 MHz
2026/09/23 16:26:53.503, 0, 97 %, 87 %, 6159 MiB, 49140 MiB, 289.73 W, 300.00 W, 72, 1950 MHz
2026/09/23 16:26:54.505, 0, 98 %, 85 %, 6159 MiB, 49140 MiB, 286.79 W, 300.00 W, 73, 1755 MHz
2026/09/23 16:26:55.506, 0, 98 %, 88 %, 6159 MiB, 49140 MiB, 289.34 W, 300.00 W, 72, 2055 MHz
2026/09/23 16:26:56.506, 0, 97 %, 83 %, 6159 MiB, 49140 MiB, 288.62 W, 300.00 W, 72, 2055 MHz
2026/09/23 16:26:57.507, 0, 96 %, 85 %, 6159 MiB, 49140 MiB, 286.77 W, 300.00 W, 72, 1875 MHz
2026/09/23 16:26:58.507, 0, 96 %, 82 %, 6159 MiB, 49140 MiB, 285.53 W, 300.00 W, 72, 1770 MHz
2026/09/23 16:26:59.509, 0, 96 %, 85 %, 6159 MiB, 49140 MiB, 287.90 W, 300.00 W, 73, 2130 MHz
2026/09/23 16:27:00.510, 0, 98 %, 86 %, 6159 MiB, 49140 MiB, 290.35 W, 300.00 W, 73, 1995 MHz
2026/09/23 16:27:01.510, 0, 94 %, 84 %, 6159 MiB, 49140 MiB, 287.75 W, 300.00 W, 72, 1725 MHz
2026/09/23 16:27:02.511, 0, 98 %, 88 %, 6159 MiB, 49140 MiB, 289.01 W, 300.00 W, 74, 2040 MHz
2026/09/23 16:27:03.512, 0, 98 %, 85 %, 6159 MiB, 49140 MiB, 289.56 W, 300.00 W, 71, 1860 MHz
2026/09/23 16:27:04.513, 0, 97 %, 86 %, 6159 MiB, 49140 MiB, 289.12 W, 300.00 W, 72, 1860 MHz
2026/09/23 16:27:05.513, 0, 94 %, 67 %, 6159 MiB, 49140 MiB, 292.86 W, 300.00 W, 74, 1680 MHz
2026/09/23 16:27:06.514, 0, 0 %, 0 %, 6159 MiB, 49140 MiB, 129.31 W, 300.00 W, 67, 2745 MHz
2026/09/23 16:27:07.514, 0, 0 %, 0 %, 6159 MiB, 49140 MiB, 85.08 W, 300.00 W, 67, 2325 MHz
2026/09/23 16:27:08.515, 0, 96 %, 85 %, 6159 MiB, 49140 MiB, 199.48 W, 300.00 W, 71, 1650 MHz
2026/09/23 16:27:09.516, 0, 96 %, 85 %, 6159 MiB, 49140 MiB, 287.62 W, 300.00 W, 73, 2115 MHz
2026/09/23 16:27:10.516, 0, 97 %, 82 %, 6159 MiB, 49140 MiB, 290.17 W, 300.00 W, 71, 2100 MHz
2026/09/23 16:27:11.517, 0, 95 %, 85 %, 6159 MiB, 49140 MiB, 289.00 W, 300.00 W, 71, 1620 MHz
2026/09/23 16:27:12.518, 0, 98 %, 87 %, 6159 MiB, 49140 MiB, 287.60 W, 300.00 W, 74, 2025 MHz
2026/09/23 16:27:13.519, 0, 97 %, 84 %, 6159 MiB, 49140 MiB, 289.58 W, 300.00 W, 71, 1920 MHz
2026/09/23 16:27:14.519, 0, 97 %, 86 %, 6159 MiB, 49140 MiB, 289.18 W, 300.00 W, 72, 1920 MHz
2026/09/23 16:27:15.521, 0, 97 %, 85 %, 6159 MiB, 49140 MiB, 287.30 W, 300.00 W, 72, 1815 MHz
2026/09/23 16:27:16.522, 0, 98 %, 88 %, 6159 MiB, 49140 MiB, 289.20 W, 300.00 W, 72, 1935 MHz
2026/09/23 16:27:17.523, 0, 97 %, 88 %, 6159 MiB, 49140 MiB, 290.23 W, 300.00 W, 73, 1950 MHz
2026/09/23 16:27:18.524, 0, 97 %, 86 %, 6159 MiB, 49140 MiB, 286.76 W, 300.00 W, 72, 1710 MHz
2026/09/23 16:27:19.525, 0, 97 %, 87 %, 6159 MiB, 49140 MiB, 288.26 W, 300.00 W, 73, 2115 MHz
2026/09/23 16:27:20.526, 0, 97 %, 82 %, 6159 MiB, 49140 MiB, 289.96 W, 300.00 W, 72, 2055 MHz
2026/09/23 16:27:21.527, 0, 95 %, 85 %, 6159 MiB, 49140 MiB, 288.32 W, 300.00 W, 72, 1665 MHz
2026/09/23 16:27:22.528, 0, 97 %, 86 %, 6159 MiB, 49140 MiB, 289.32 W, 300.00 W, 74, 2085 MHz
2026/09/23 16:27:23.529, 0, 97 %, 81 %, 6159 MiB, 49140 MiB, 289.97 W, 300.00 W, 72, 2025 MHz
2026/09/23 16:27:24.529, 0, 95 %, 85 %, 6159 MiB, 49140 MiB, 288.63 W, 300.00 W, 72, 1845 MHz
2026/09/23 16:27:25.531, 0, 97 %, 87 %, 6159 MiB, 49140 MiB, 288.84 W, 300.00 W, 74, 1860 MHz
2026/09/23 16:27:26.531, 0, 98 %, 88 %, 6159 MiB, 49140 MiB, 288.35 W, 300.00 W, 72, 1980 MHz
2026/09/23 16:27:27.532, 0, 97 %, 88 %, 6159 MiB, 49140 MiB, 290.54 W, 300.00 W, 73, 1890 MHz
2026/09/23 16:27:28.533, 0, 97 %, 84 %, 6159 MiB, 49140 MiB, 288.03 W, 300.00 W, 73, 1695 MHz
2026/09/23 16:27:29.534, 0, 98 %, 87 %, 6159 MiB, 49140 MiB, 290.21 W, 300.00 W, 73, 2070 MHz
2026/09/23 16:27:30.535, 0, 87 %, 62 %, 6159 MiB, 49140 MiB, 291.92 W, 300.00 W, 73, 1710 MHz
2026/09/23 16:27:31.535, 0, 0 %, 0 %, 6159 MiB, 49140 MiB, 139.06 W, 300.00 W, 67, 2745 MHz
2026/09/23 16:27:32.536, 0, 97 %, 87 %, 6159 MiB, 49140 MiB, 125.42 W, 300.00 W, 72, 2190 MHz
2026/09/23 16:27:33.537, 0, 97 %, 82 %, 6159 MiB, 49140 MiB, 288.53 W, 300.00 W, 71, 2025 MHz
2026/09/23 16:27:34.538, 0, 96 %, 85 %, 6159 MiB, 49140 MiB, 286.88 W, 300.00 W, 72, 1650 MHz
2026/09/23 16:27:35.539, 0, 97 %, 86 %, 6159 MiB, 49140 MiB, 287.75 W, 300.00 W, 73, 2145 MHz
2026/09/23 16:27:36.539, 0, 97 %, 81 %, 6159 MiB, 49140 MiB, 289.53 W, 300.00 W, 71, 2055 MHz
2026/09/23 16:27:37.540, 0, 95 %, 84 %, 6159 MiB, 49140 MiB, 288.10 W, 300.00 W, 72, 1635 MHz
2026/09/23 16:27:38.541, 0, 98 %, 87 %, 6159 MiB, 49140 MiB, 286.94 W, 300.00 W, 74, 2055 MHz
2026/09/23 16:27:39.542, 0, 97 %, 82 %, 6159 MiB, 49140 MiB, 289.93 W, 300.00 W, 71, 2040 MHz
2026/09/23 16:27:40.542, 0, 96 %, 86 %, 6159 MiB, 49140 MiB, 288.83 W, 300.00 W, 72, 1785 MHz
2026/09/23 16:27:41.544, 0, 97 %, 87 %, 6159 MiB, 49140 MiB, 287.67 W, 300.00 W, 73, 2010 MHz
2026/09/23 16:27:42.545, 0, 92 %, 82 %, 6159 MiB, 49140 MiB, 287.96 W, 300.00 W, 73, 2085 MHz
2026/09/23 16:27:43.546, 0, 96 %, 86 %, 6159 MiB, 49140 MiB, 290.26 W, 300.00 W, 73, 1725 MHz
2026/09/23 16:27:44.547, 0, 96 %, 85 %, 6159 MiB, 49140 MiB, 287.12 W, 300.00 W, 72, 2010 MHz
2026/09/23 16:27:45.548, 0, 97 %, 86 %, 6159 MiB, 49140 MiB, 288.13 W, 300.00 W, 73, 1845 MHz
2026/09/23 16:27:46.549, 0, 97 %, 82 %, 6159 MiB, 49140 MiB, 290.08 W, 300.00 W, 72, 1785 MHz
2026/09/23 16:27:47.549, 0, 96 %, 85 %, 6159 MiB, 49140 MiB, 289.18 W, 300.00 W, 72, 1950 MHz
2026/09/23 16:27:48.550, 0, 97 %, 87 %, 6159 MiB, 49140 MiB, 287.26 W, 300.00 W, 74, 1890 MHz
2026/09/23 16:27:49.551, 0, 93 %, 84 %, 6159 MiB, 49140 MiB, 287.38 W, 300.00 W, 73, 2100 MHz
2026/09/23 16:27:50.552, 0, 97 %, 88 %, 6159 MiB, 49140 MiB, 290.75 W, 300.00 W, 73, 1635 MHz
2026/09/23 16:27:51.553, 0, 97 %, 82 %, 6159 MiB, 49140 MiB, 289.22 W, 300.00 W, 72, 2115 MHz
2026/09/23 16:27:52.555, 0, 98 %, 87 %, 6159 MiB, 49140 MiB, 289.18 W, 300.00 W, 74, 1755 MHz
2026/09/23 16:27:53.555, 0, 97 %, 83 %, 6159 MiB, 49140 MiB, 290.96 W, 300.00 W, 71, 2010 MHz
2026/09/23 16:27:54.557, 0, 88 %, 68 %, 6159 MiB, 49140 MiB, 289.26 W, 300.00 W, 74, 1650 MHz
2026/09/23 16:27:55.558, 0, 34 %, 23 %, 6159 MiB, 49140 MiB, 284.76 W, 300.00 W, 68, 2730 MHz
2026/09/23 16:27:56.558, 0, 0 %, 0 %, 6159 MiB, 49140 MiB, 94.33 W, 300.00 W, 66, 2745 MHz
2026/09/23 16:27:57.559, 0, 97 %, 88 %, 6159 MiB, 49140 MiB, 149.12 W, 300.00 W, 71, 1695 MHz
2026/09/23 16:27:58.560, 0, 98 %, 86 %, 6159 MiB, 49140 MiB, 287.85 W, 300.00 W, 72, 2070 MHz
2026/09/23 16:27:59.561, 0, 98 %, 87 %, 6159 MiB, 49140 MiB, 288.52 W, 300.00 W, 71, 1965 MHz
2026/09/23 16:28:00.562, 0, 98 %, 87 %, 6159 MiB, 49140 MiB, 288.80 W, 300.00 W, 72, 1785 MHz
2026/09/23 16:28:01.562, 0, 98 %, 88 %, 6159 MiB, 49140 MiB, 287.17 W, 300.00 W, 73, 2070 MHz
2026/09/23 16:28:02.564, 0, 98 %, 86 %, 6159 MiB, 49140 MiB, 289.54 W, 300.00 W, 71, 1935 MHz
2026/09/23 16:28:03.564, 0, 97 %, 87 %, 6159 MiB, 49140 MiB, 288.70 W, 300.00 W, 72, 1680 MHz
2026/09/23 16:28:04.565, 0, 98 %, 84 %, 6159 MiB, 49140 MiB, 288.68 W, 300.00 W, 72, 2115 MHz
2026/09/23 16:28:05.567, 0, 98 %, 87 %, 6159 MiB, 49140 MiB, 289.44 W, 300.00 W, 72, 1965 MHz
2026/09/23 16:28:06.567, 0, 98 %, 87 %, 6159 MiB, 49140 MiB, 289.49 W, 300.00 W, 73, 1710 MHz
2026/09/23 16:28:07.568, 0, 96 %, 86 %, 6159 MiB, 49140 MiB, 287.16 W, 300.00 W, 72, 1845 MHz
2026/09/23 16:28:08.569, 0, 97 %, 87 %, 6159 MiB, 49140 MiB, 288.87 W, 300.00 W, 74, 1890 MHz
2026/09/23 16:28:09.570, 0, 97 %, 83 %, 6159 MiB, 49140 MiB, 289.75 W, 300.00 W, 71, 1980 MHz
2026/09/23 16:28:10.572, 0, 97 %, 86 %, 6159 MiB, 49140 MiB, 287.49 W, 300.00 W, 72, 1770 MHz
2026/09/23 16:28:11.572, 0, 98 %, 85 %, 6159 MiB, 49140 MiB, 287.71 W, 300.00 W, 73, 2085 MHz
2026/09/23 16:28:12.574, 0, 97 %, 87 %, 6159 MiB, 49140 MiB, 289.29 W, 300.00 W, 72, 2100 MHz
2026/09/23 16:28:13.574, 0, 97 %, 87 %, 6159 MiB, 49140 MiB, 289.43 W, 300.00 W, 73, 1665 MHz
2026/09/23 16:28:14.577, 0, 96 %, 82 %, 6159 MiB, 49140 MiB, 287.30 W, 300.00 W, 72, 1950 MHz
2026/09/23 16:28:15.579, 0, 98 %, 88 %, 6159 MiB, 49140 MiB, 290.34 W, 300.00 W, 73, 1785 MHz
2026/09/23 16:28:16.579, 0, 97 %, 83 %, 6159 MiB, 49140 MiB, 289.73 W, 300.00 W, 71, 1920 MHz
2026/09/23 16:28:17.580, 0, 96 %, 85 %, 6159 MiB, 49140 MiB, 288.73 W, 300.00 W, 72, 1725 MHz
2026/09/23 16:28:18.582, 0, 97 %, 88 %, 6159 MiB, 49140 MiB, 287.49 W, 300.00 W, 73, 2115 MHz
2026/09/23 16:28:19.583, 0, 86 %, 63 %, 6159 MiB, 49140 MiB, 289.31 W, 300.00 W, 73, 1890 MHz
2026/09/23 16:28:20.583, 0, 9 %, 0 %, 6159 MiB, 49140 MiB, 257.02 W, 300.00 W, 68, 2730 MHz
2026/09/23 16:28:21.584, 0, 0 %, 0 %, 6159 MiB, 49140 MiB, 87.37 W, 300.00 W, 66, 2745 MHz
2026/09/23 16:28:22.584, 0, 98 %, 89 %, 6159 MiB, 49140 MiB, 190.89 W, 300.00 W, 73, 1785 MHz
2026/09/23 16:28:23.585, 0, 98 %, 83 %, 6159 MiB, 49140 MiB, 287.89 W, 300.00 W, 71, 1965 MHz
2026/09/23 16:28:24.586, 0, 95 %, 84 %, 6159 MiB, 49140 MiB, 288.55 W, 300.00 W, 72, 1800 MHz
2026/09/23 16:28:25.587, 0, 98 %, 89 %, 6159 MiB, 49140 MiB, 287.43 W, 300.00 W, 72, 2070 MHz
2026/09/23 16:28:26.587, 0, 98 %, 81 %, 6159 MiB, 49140 MiB, 289.59 W, 300.00 W, 72, 2055 MHz
2026/09/23 16:28:27.588, 0, 95 %, 85 %, 6159 MiB, 49140 MiB, 289.14 W, 300.00 W, 72, 1650 MHz
2026/09/23 16:28:28.590, 0, 98 %, 87 %, 6159 MiB, 49140 MiB, 287.77 W, 300.00 W, 72, 1770 MHz
2026/09/23 16:28:29.591, 0, 97 %, 89 %, 6159 MiB, 49140 MiB, 286.52 W, 300.00 W, 74, 2025 MHz
2026/09/23 16:28:30.594, 0, 98 %, 82 %, 6159 MiB, 49140 MiB, 289.04 W, 300.00 W, 71, 1620 MHz
2026/09/23 16:28:31.594, 0, 95 %, 86 %, 6159 MiB, 49140 MiB, 288.83 W, 300.00 W, 72, 2055 MHz
2026/09/23 16:28:32.595, 0, 96 %, 87 %, 6159 MiB, 49140 MiB, 287.60 W, 300.00 W, 72, 1815 MHz
2026/09/23 16:28:33.596, 0, 97 %, 85 %, 6159 MiB, 49140 MiB, 290.33 W, 300.00 W, 72, 2010 MHz
2026/09/23 16:28:34.597, 0, 97 %, 87 %, 6159 MiB, 49140 MiB, 288.89 W, 300.00 W, 71, 1710 MHz
2026/09/23 16:28:35.598, 0, 94 %, 84 %, 6159 MiB, 49140 MiB, 285.66 W, 300.00 W, 72, 2130 MHz
2026/09/23 16:28:36.599, 0, 98 %, 88 %, 6159 MiB, 49140 MiB, 288.56 W, 300.00 W, 73, 2010 MHz
2026/09/23 16:28:37.600, 0, 98 %, 81 %, 6159 MiB, 49140 MiB, 289.79 W, 300.00 W, 72, 1680 MHz
2026/09/23 16:28:38.601, 0, 93 %, 83 %, 6159 MiB, 49140 MiB, 289.30 W, 300.00 W, 72, 2070 MHz
2026/09/23 16:28:39.602, 0, 98 %, 88 %, 6159 MiB, 49140 MiB, 287.32 W, 300.00 W, 72, 1770 MHz
2026/09/23 16:28:40.602, 0, 97 %, 85 %, 6159 MiB, 49140 MiB, 289.28 W, 300.00 W, 73, 1995 MHz
2026/09/23 16:28:41.604, 0, 97 %, 88 %, 6159 MiB, 49140 MiB, 289.38 W, 300.00 W, 73, 1800 MHz
2026/09/23 16:28:42.604, 0, 96 %, 82 %, 6159 MiB, 49140 MiB, 286.67 W, 300.00 W, 72, 2100 MHz
2026/09/23 16:28:43.605, 0, 95 %, 85 %, 6159 MiB, 49140 MiB, 288.05 W, 300.00 W, 74, 2055 MHz
2026/09/23 16:28:44.606, 0, 93 %, 66 %, 6159 MiB, 49140 MiB, 290.28 W, 300.00 W, 74, 1650 MHz
2026/09/23 16:28:45.607, 0, 0 %, 0 %, 6159 MiB, 49140 MiB, 223.38 W, 300.00 W, 67, 2745 MHz
2026/09/23 16:28:46.607, 0, 0 %, 0 %, 6159 MiB, 49140 MiB, 87.24 W, 300.00 W, 66, 2745 MHz
2026/09/23 16:28:47.607, 0, 96 %, 83 %, 6159 MiB, 49140 MiB, 206.47 W, 300.00 W, 71, 1890 MHz
2026/09/23 16:28:48.608, 0, 98 %, 87 %, 6159 MiB, 49140 MiB, 287.28 W, 300.00 W, 72, 2025 MHz
2026/09/23 16:28:49.609, 0, 97 %, 81 %, 6159 MiB, 49140 MiB, 288.18 W, 300.00 W, 72, 1695 MHz
2026/09/23 16:28:50.612, 0, 95 %, 85 %, 6159 MiB, 49140 MiB, 289.36 W, 300.00 W, 72, 2085 MHz
2026/09/23 16:28:51.612, 0, 94 %, 81 %, 6159 MiB, 49140 MiB, 286.00 W, 300.00 W, 72, 2220 MHz
2026/09/23 16:28:52.613, 0, 98 %, 88 %, 6159 MiB, 49140 MiB, 289.24 W, 300.00 W, 73, 1950 MHz
2026/09/23 16:28:53.615, 0, 97 %, 86 %, 6159 MiB, 49140 MiB, 289.92 W, 300.00 W, 71, 1710 MHz
2026/09/23 16:28:54.616, 0, 92 %, 82 %, 6159 MiB, 49140 MiB, 285.45 W, 300.00 W, 72, 2160 MHz
2026/09/23 16:28:55.617, 0, 97 %, 87 %, 6159 MiB, 49140 MiB, 286.97 W, 300.00 W, 73, 1965 MHz
2026/09/23 16:28:56.619, 0, 98 %, 82 %, 6159 MiB, 49140 MiB, 290.04 W, 300.00 W, 72, 1785 MHz
2026/09/23 16:28:57.620, 0, 97 %, 87 %, 6159 MiB, 49140 MiB, 289.52 W, 300.00 W, 72, 1785 MHz
2026/09/23 16:28:58.620, 0, 98 %, 85 %, 6159 MiB, 49140 MiB, 286.91 W, 300.00 W, 72, 1980 MHz
2026/09/23 16:28:59.621, 0, 97 %, 87 %, 6159 MiB, 49140 MiB, 289.21 W, 300.00 W, 73, 1980 MHz
2026/09/23 16:29:00.623, 0, 98 %, 84 %, 6159 MiB, 49140 MiB, 289.11 W, 300.00 W, 71, 1665 MHz
2026/09/23 16:29:01.624, 0, 96 %, 84 %, 6159 MiB, 49140 MiB, 287.44 W, 300.00 W, 72, 2100 MHz
2026/09/23 16:29:02.625, 0, 98 %, 87 %, 6159 MiB, 49140 MiB, 288.28 W, 300.00 W, 73, 2010 MHz
2026/09/23 16:29:03.626, 0, 97 %, 81 %, 6159 MiB, 49140 MiB, 290.06 W, 300.00 W, 71, 1620 MHz
2026/09/23 16:29:04.626, 0, 95 %, 84 %, 6159 MiB, 49140 MiB, 287.93 W, 300.00 W, 73, 1875 MHz
2026/09/23 16:29:05.627, 0, 98 %, 87 %, 6159 MiB, 49140 MiB, 287.18 W, 300.00 W, 72, 1755 MHz
2026/09/23 16:29:06.628, 0, 92 %, 82 %, 6159 MiB, 49140 MiB, 288.86 W, 300.00 W, 73, 1965 MHz
2026/09/23 16:29:07.630, 0, 98 %, 81 %, 6159 MiB, 49140 MiB, 287.23 W, 300.00 W, 72, 1695 MHz
2026/09/23 16:29:08.630, 0, 95 %, 87 %, 6159 MiB, 49140 MiB, 288.13 W, 300.00 W, 72, 1800 MHz
2026/09/23 16:29:09.632, 0, 95 %, 67 %, 6159 MiB, 49140 MiB, 294.23 W, 300.00 W, 74, 1620 MHz
2026/09/23 16:29:10.633, 0, 0 %, 0 %, 6159 MiB, 49140 MiB, 196.13 W, 300.00 W, 67, 2745 MHz
2026/09/23 16:29:11.633, 0, 95 %, 84 %, 6159 MiB, 49140 MiB, 217.92 W, 300.00 W, 72, 2100 MHz
2026/09/23 16:29:12.634, 0, 98 %, 87 %, 6159 MiB, 49140 MiB, 288.67 W, 300.00 W, 73, 2040 MHz
2026/09/23 16:29:13.634, 0, 98 %, 81 %, 6159 MiB, 49140 MiB, 290.14 W, 300.00 W, 72, 1650 MHz
2026/09/23 16:29:14.635, 0, 96 %, 86 %, 6159 MiB, 49140 MiB, 288.75 W, 300.00 W, 72, 2070 MHz
2026/09/23 16:29:15.636, 0, 98 %, 88 %, 6159 MiB, 49140 MiB, 288.07 W, 300.00 W, 72, 1770 MHz
2026/09/23 16:29:16.637, 0, 98 %, 86 %, 6159 MiB, 49140 MiB, 289.46 W, 300.00 W, 73, 1950 MHz
2026/09/23 16:29:17.637, 0, 98 %, 87 %, 6159 MiB, 49140 MiB, 290.08 W, 300.00 W, 71, 1695 MHz
2026/09/23 16:29:18.638, 0, 97 %, 83 %, 6159 MiB, 49140 MiB, 288.14 W, 300.00 W, 72, 1890 MHz
2026/09/23 16:29:19.641, 0, 97 %, 87 %, 6159 MiB, 49140 MiB, 288.75 W, 300.00 W, 74, 1785 MHz
2026/09/23 16:29:20.642, 0, 98 %, 81 %, 6159 MiB, 49140 MiB, 289.45 W, 300.00 W, 72, 1815 MHz
2026/09/23 16:29:21.643, 0, 96 %, 87 %, 6159 MiB, 49140 MiB, 289.45 W, 300.00 W, 73, 2085 MHz
2026/09/23 16:29:22.643, 0, 97 %, 84 %, 6159 MiB, 49140 MiB, 288.42 W, 300.00 W, 73, 2085 MHz
2026/09/23 16:29:23.645, 0, 96 %, 88 %, 6159 MiB, 49140 MiB, 289.75 W, 300.00 W, 74, 1725 MHz
2026/09/23 16:29:24.645, 0, 98 %, 84 %, 6159 MiB, 49140 MiB, 291.26 W, 300.00 W, 71, 2010 MHz
2026/09/23 16:29:25.647, 0, 94 %, 84 %, 6159 MiB, 49140 MiB, 289.17 W, 300.00 W, 73, 1755 MHz
2026/09/23 16:29:26.648, 0, 97 %, 88 %, 6159 MiB, 49140 MiB, 287.92 W, 300.00 W, 73, 1920 MHz
2026/09/23 16:29:27.648, 0, 97 %, 84 %, 6159 MiB, 49140 MiB, 290.25 W, 300.00 W, 73, 1740 MHz
2026/09/23 16:29:28.651, 0, 96 %, 88 %, 6159 MiB, 49140 MiB, 290.24 W, 300.00 W, 73, 2085 MHz
2026/09/23 16:29:29.651, 0, 97 %, 84 %, 6159 MiB, 49140 MiB, 287.65 W, 300.00 W, 73, 2025 MHz
2026/09/23 16:29:30.652, 0, 98 %, 89 %, 6159 MiB, 49140 MiB, 289.58 W, 300.00 W, 73, 1650 MHz
2026/09/23 16:29:31.653, 0, 97 %, 82 %, 6159 MiB, 49140 MiB, 290.09 W, 300.00 W, 72, 1875 MHz
2026/09/23 16:29:32.654, 0, 94 %, 84 %, 6159 MiB, 49140 MiB, 289.67 W, 300.00 W, 72, 2070 MHz
2026/09/23 16:29:33.655, 0, 93 %, 66 %, 6159 MiB, 49140 MiB, 289.68 W, 300.00 W, 75, 1635 MHz
2026/09/23 16:29:34.656, 0, 0 %, 0 %, 6159 MiB, 49140 MiB, 197.34 W, 300.00 W, 67, 2745 MHz
2026/09/23 16:29:35.657, 0, 0 %, 0 %, 6159 MiB, 49140 MiB, 87.89 W, 300.00 W, 67, 2745 MHz
2026/09/23 16:29:36.657, 0, 94 %, 82 %, 6159 MiB, 49140 MiB, 228.43 W, 300.00 W, 72, 1845 MHz
2026/09/23 16:29:37.658, 0, 97 %, 87 %, 6159 MiB, 49140 MiB, 290.45 W, 300.00 W, 72, 1815 MHz
2026/09/23 16:29:38.659, 0, 98 %, 86 %, 6159 MiB, 49140 MiB, 289.71 W, 300.00 W, 72, 2100 MHz
2026/09/23 16:29:39.660, 0, 96 %, 82 %, 6159 MiB, 49140 MiB, 288.42 W, 300.00 W, 72, 1995 MHz
2026/09/23 16:29:40.661, 0, 98 %, 89 %, 6159 MiB, 49140 MiB, 288.76 W, 300.00 W, 72, 1710 MHz
2026/09/23 16:29:41.662, 0, 98 %, 86 %, 6159 MiB, 49140 MiB, 289.85 W, 300.00 W, 73, 2100 MHz
2026/09/23 16:29:42.662, 0, 96 %, 83 %, 6159 MiB, 49140 MiB, 287.71 W, 300.00 W, 72, 1890 MHz
2026/09/23 16:29:43.663, 0, 98 %, 88 %, 6159 MiB, 49140 MiB, 288.91 W, 300.00 W, 73, 1800 MHz
2026/09/23 16:29:44.665, 0, 97 %, 80 %, 6159 MiB, 49140 MiB, 289.38 W, 300.00 W, 71, 1800 MHz
2026/09/23 16:29:45.666, 0, 95 %, 84 %, 6159 MiB, 49140 MiB, 289.60 W, 300.00 W, 72, 1965 MHz
2026/09/23 16:29:46.668, 0, 96 %, 84 %, 6159 MiB, 49140 MiB, 286.47 W, 300.00 W, 73, 2070 MHz
2026/09/23 16:29:47.669, 0, 97 %, 87 %, 6159 MiB, 49140 MiB, 289.14 W, 300.00 W, 72, 1680 MHz
2026/09/23 16:29:48.669, 0, 97 %, 87 %, 6159 MiB, 49140 MiB, 289.73 W, 300.00 W, 73, 2070 MHz
2026/09/23 16:29:49.670, 0, 96 %, 83 %, 6159 MiB, 49140 MiB, 287.26 W, 300.00 W, 73, 1830 MHz
2026/09/23 16:29:50.671, 0, 98 %, 88 %, 6159 MiB, 49140 MiB, 288.85 W, 300.00 W, 73, 1920 MHz
2026/09/23 16:29:51.671, 0, 96 %, 83 %, 6159 MiB, 49140 MiB, 287.77 W, 300.00 W, 72, 1740 MHz
2026/09/23 16:29:52.672, 0, 96 %, 87 %, 6159 MiB, 49140 MiB, 289.78 W, 300.00 W, 72, 2115 MHz
2026/09/23 16:29:53.673, 0, 95 %, 83 %, 6159 MiB, 49140 MiB, 286.44 W, 300.00 W, 72, 2025 MHz
2026/09/23 16:29:54.673, 0, 97 %, 88 %, 6159 MiB, 49140 MiB, 289.53 W, 300.00 W, 73, 1770 MHz
2026/09/23 16:29:55.674, 0, 98 %, 82 %, 6159 MiB, 49140 MiB, 290.01 W, 300.00 W, 72, 1845 MHz
2026/09/23 16:29:56.675, 0, 95 %, 86 %, 6159 MiB, 49140 MiB, 288.13 W, 300.00 W, 72, 1860 MHz
2026/09/23 16:29:57.676, 0, 97 %, 88 %, 6159 MiB, 49140 MiB, 288.53 W, 300.00 W, 74, 1995 MHz
2026/09/23 16:29:58.677, 0, 94 %, 66 %, 6159 MiB, 49140 MiB, 294.93 W, 300.00 W, 73, 1650 MHz
2026/09/23 16:29:59.677, 0, 0 %, 0 %, 6159 MiB, 49140 MiB, 156.18 W, 300.00 W, 67, 2745 MHz
2026/09/23 16:30:00.678, 0, 0 %, 0 %, 6159 MiB, 49140 MiB, 87.53 W, 300.00 W, 66, 2745 MHz
2026/09/23 16:30:01.678, 0, 98 %, 89 %, 6159 MiB, 49140 MiB, 194.79 W, 300.00 W, 71, 2145 MHz
2026/09/23 16:30:02.679, 0, 98 %, 84 %, 6159 MiB, 49140 MiB, 286.89 W, 300.00 W, 72, 2025 MHz
2026/09/23 16:30:03.680, 0, 98 %, 88 %, 6159 MiB, 49140 MiB, 287.29 W, 300.00 W, 72, 1740 MHz
2026/09/23 16:30:04.681, 0, 98 %, 83 %, 6159 MiB, 49140 MiB, 288.87 W, 300.00 W, 72, 1920 MHz
2026/09/23 16:30:05.681, 0, 91 %, 81 %, 6159 MiB, 49140 MiB, 287.79 W, 300.00 W, 71, 2085 MHz
2026/09/23 16:30:06.682, 0, 98 %, 86 %, 6159 MiB, 49140 MiB, 286.13 W, 300.00 W, 73, 1965 MHz
2026/09/23 16:30:07.683, 0, 93 %, 84 %, 6159 MiB, 49140 MiB, 288.90 W, 300.00 W, 72, 1830 MHz
2026/09/23 16:30:08.684, 0, 96 %, 80 %, 6159 MiB, 49140 MiB, 286.78 W, 300.00 W, 71, 2115 MHz
2026/09/23 16:30:09.684, 0, 95 %, 85 %, 6159 MiB, 49140 MiB, 287.80 W, 300.00 W, 72, 2085 MHz
2026/09/23 16:30:10.686, 0, 98 %, 88 %, 6159 MiB, 49140 MiB, 288.24 W, 300.00 W, 74, 1710 MHz
2026/09/23 16:30:11.687, 0, 98 %, 84 %, 6159 MiB, 49140 MiB, 288.89 W, 300.00 W, 71, 2220 MHz
2026/09/23 16:30:12.687, 0, 98 %, 86 %, 6159 MiB, 49140 MiB, 288.21 W, 300.00 W, 73, 1725 MHz
2026/09/23 16:30:13.688, 0, 95 %, 82 %, 6159 MiB, 49140 MiB, 286.94 W, 300.00 W, 72, 2010 MHz
2026/09/23 16:30:14.689, 0, 97 %, 86 %, 6159 MiB, 49140 MiB, 288.14 W, 300.00 W, 73, 1800 MHz
2026/09/23 16:30:15.690, 0, 98 %, 86 %, 6159 MiB, 49140 MiB, 285.64 W, 300.00 W, 71, 2085 MHz
2026/09/23 16:30:16.691, 0, 98 %, 89 %, 6159 MiB, 49140 MiB, 289.94 W, 300.00 W, 72, 1845 MHz
2026/09/23 16:30:17.693, 0, 97 %, 83 %, 6159 MiB, 49140 MiB, 288.04 W, 300.00 W, 72, 1785 MHz
2026/09/23 16:30:18.694, 0, 98 %, 88 %, 6159 MiB, 49140 MiB, 289.60 W, 300.00 W, 73, 1920 MHz
2026/09/23 16:30:19.695, 0, 98 %, 87 %, 6159 MiB, 49140 MiB, 290.15 W, 300.00 W, 73, 1785 MHz
2026/09/23 16:30:20.696, 0, 96 %, 85 %, 6159 MiB, 49140 MiB, 286.45 W, 300.00 W, 72, 1935 MHz
2026/09/23 16:30:21.697, 0, 97 %, 87 %, 6159 MiB, 49140 MiB, 288.04 W, 300.00 W, 74, 1665 MHz
2026/09/23 16:30:22.698, 0, 98 %, 81 %, 6159 MiB, 49140 MiB, 289.55 W, 300.00 W, 71, 2130 MHz
2026/09/23 16:30:23.699, 0, 94 %, 66 %, 6159 MiB, 49140 MiB, 294.60 W, 300.00 W, 73, 1635 MHz
2026/09/23 16:30:24.699, 0, 0 %, 0 %, 6159 MiB, 49140 MiB, 158.29 W, 300.00 W, 66, 2505 MHz
2026/09/23 16:30:25.700, 0, 95 %, 85 %, 6159 MiB, 49140 MiB, 245.31 W, 300.00 W, 71, 2025 MHz
2026/09/23 16:30:26.701, 0, 97 %, 87 %, 6159 MiB, 49140 MiB, 287.21 W, 300.00 W, 73, 1605 MHz
2026/09/23 16:30:27.702, 0, 97 %, 88 %, 6159 MiB, 49140 MiB, 286.30 W, 300.00 W, 72, 1800 MHz
2026/09/23 16:30:28.703, 0, 97 %, 81 %, 6159 MiB, 49140 MiB, 289.44 W, 300.00 W, 72, 1950 MHz
2026/09/23 16:30:29.703, 0, 95 %, 85 %, 6159 MiB, 49140 MiB, 288.86 W, 300.00 W, 72, 1905 MHz
2026/09/23 16:30:30.704, 0, 98 %, 89 %, 6159 MiB, 49140 MiB, 288.51 W, 300.00 W, 74, 1680 MHz
2026/09/23 16:30:31.706, 0, 98 %, 83 %, 6159 MiB, 49140 MiB, 289.56 W, 300.00 W, 71, 2115 MHz
2026/09/23 16:30:32.707, 0, 97 %, 88 %, 6159 MiB, 49140 MiB, 289.98 W, 300.00 W, 72, 1980 MHz
2026/09/23 16:30:33.707, 0, 98 %, 85 %, 6159 MiB, 49140 MiB, 288.13 W, 300.00 W, 73, 1680 MHz
2026/09/23 16:30:34.708, 0, 97 %, 87 %, 6159 MiB, 49140 MiB, 290.93 W, 300.00 W, 73, 1875 MHz
2026/09/23 16:30:35.708, 0, 98 %, 85 %, 6159 MiB, 49140 MiB, 290.95 W, 300.00 W, 73, 1875 MHz
2026/09/23 16:30:36.710, 0, 95 %, 85 %, 6159 MiB, 49140 MiB, 288.86 W, 300.00 W, 72, 1950 MHz
2026/09/23 16:30:37.710, 0, 98 %, 88 %, 6159 MiB, 49140 MiB, 287.42 W, 300.00 W, 74, 1620 MHz
2026/09/23 16:30:38.711, 0, 97 %, 88 %, 6159 MiB, 49140 MiB, 289.08 W, 300.00 W, 72, 1950 MHz
2026/09/23 16:30:39.712, 0, 98 %, 83 %, 6159 MiB, 49140 MiB, 289.99 W, 300.00 W, 73, 1860 MHz
2026/09/23 16:30:40.713, 0, 95 %, 85 %, 6159 MiB, 49140 MiB, 289.10 W, 300.00 W, 72, 1980 MHz
2026/09/23 16:30:41.714, 0, 98 %, 86 %, 6159 MiB, 49140 MiB, 288.20 W, 300.00 W, 74, 1695 MHz
2026/09/23 16:30:42.714, 0, 97 %, 88 %, 6159 MiB, 49140 MiB, 288.70 W, 300.00 W, 73, 1815 MHz
2026/09/23 16:30:43.715, 0, 97 %, 82 %, 6159 MiB, 49140 MiB, 289.26 W, 300.00 W, 72, 2070 MHz
2026/09/23 16:30:44.716, 0, 96 %, 85 %, 6159 MiB, 49140 MiB, 288.61 W, 300.00 W, 72, 1920 MHz
2026/09/23 16:30:45.717, 0, 98 %, 88 %, 6159 MiB, 49140 MiB, 289.26 W, 300.00 W, 74, 1620 MHz
2026/09/23 16:30:46.717, 0, 98 %, 86 %, 6159 MiB, 49140 MiB, 290.22 W, 300.00 W, 72, 2085 MHz
2026/09/23 16:30:47.718, 0, 95 %, 64 %, 6159 MiB, 49140 MiB, 294.31 W, 300.00 W, 74, 1605 MHz
2026/09/23 16:30:48.719, 0, 0 %, 0 %, 6159 MiB, 49140 MiB, 169.12 W, 300.00 W, 67, 2730 MHz
2026/09/23 16:30:49.719, 0, 95 %, 90 %, 6159 MiB, 49140 MiB, 92.60 W, 300.00 W, 71, 1845 MHz
2026/09/23 16:30:50.720, 0, 98 %, 81 %, 6159 MiB, 49140 MiB, 291.30 W, 300.00 W, 71, 2055 MHz
2026/09/23 16:30:51.720, 0, 95 %, 86 %, 6159 MiB, 49140 MiB, 288.88 W, 300.00 W, 71, 2025 MHz
2026/09/23 16:30:52.721, 0, 97 %, 88 %, 6159 MiB, 49140 MiB, 288.91 W, 300.00 W, 74, 1635 MHz
2026/09/23 16:30:53.722, 0, 98 %, 83 %, 6159 MiB, 49140 MiB, 288.72 W, 300.00 W, 71, 2115 MHz
2026/09/23 16:30:54.722, 0, 97 %, 88 %, 6159 MiB, 49140 MiB, 289.19 W, 300.00 W, 72, 1935 MHz
2026/09/23 16:30:55.723, 0, 98 %, 84 %, 6159 MiB, 49140 MiB, 288.18 W, 300.00 W, 72, 1740 MHz
2026/09/23 16:30:56.724, 0, 98 %, 88 %, 6159 MiB, 49140 MiB, 289.16 W, 300.00 W, 73, 2055 MHz
2026/09/23 16:30:57.725, 0, 98 %, 81 %, 6159 MiB, 49140 MiB, 290.38 W, 300.00 W, 71, 2010 MHz
2026/09/23 16:30:58.726, 0, 95 %, 85 %, 6159 MiB, 49140 MiB, 289.66 W, 300.00 W, 72, 1725 MHz
2026/09/23 16:30:59.726, 0, 98 %, 85 %, 6159 MiB, 49140 MiB, 284.92 W, 300.00 W, 72, 1800 MHz
2026/09/23 16:31:00.727, 0, 98 %, 88 %, 6159 MiB, 49140 MiB, 287.69 W, 300.00 W, 74, 2070 MHz
2026/09/23 16:31:01.728, 0, 97 %, 81 %, 6159 MiB, 49140 MiB, 289.98 W, 300.00 W, 71, 1890 MHz
2026/09/23 16:31:02.728, 0, 96 %, 87 %, 6159 MiB, 49140 MiB, 289.59 W, 300.00 W, 72, 1890 MHz
2026/09/23 16:31:03.729, 0, 98 %, 84 %, 6159 MiB, 49140 MiB, 288.54 W, 300.00 W, 73, 1785 MHz
2026/09/23 16:31:04.730, 0, 98 %, 88 %, 6159 MiB, 49140 MiB, 288.68 W, 300.00 W, 73, 2115 MHz
2026/09/23 16:31:05.731, 0, 97 %, 81 %, 6159 MiB, 49140 MiB, 287.52 W, 300.00 W, 71, 1920 MHz
2026/09/23 16:31:06.732, 0, 97 %, 87 %, 6159 MiB, 49140 MiB, 290.20 W, 300.00 W, 72, 1875 MHz
2026/09/23 16:31:07.733, 0, 97 %, 86 %, 6159 MiB, 49140 MiB, 288.09 W, 300.00 W, 73, 1755 MHz
2026/09/23 16:31:08.734, 0, 98 %, 89 %, 6159 MiB, 49140 MiB, 288.68 W, 300.00 W, 73, 2085 MHz
2026/09/23 16:31:09.734, 0, 97 %, 82 %, 6159 MiB, 49140 MiB, 289.97 W, 300.00 W, 72, 2010 MHz
2026/09/23 16:31:10.736, 0, 93 %, 83 %, 6159 MiB, 49140 MiB, 287.27 W, 300.00 W, 72, 1680 MHz
2026/09/23 16:31:11.736, 0, 98 %, 88 %, 6159 MiB, 49140 MiB, 288.23 W, 300.00 W, 74, 1875 MHz
2026/09/23 16:31:12.737, 0, 95 %, 68 %, 6159 MiB, 49140 MiB, 294.73 W, 300.00 W, 74, 1650 MHz
2026/09/23 16:31:13.738, 0, 0 %, 0 %, 6159 MiB, 49140 MiB, 141.05 W, 300.00 W, 67, 2730 MHz
2026/09/23 16:31:14.738, 0, 97 %, 90 %, 6159 MiB, 49140 MiB, 117.23 W, 300.00 W, 71, 1995 MHz
2026/09/23 16:31:15.740, 0, 98 %, 85 %, 6159 MiB, 49140 MiB, 287.22 W, 300.00 W, 72, 1815 MHz
2026/09/23 16:31:16.741, 0, 97 %, 87 %, 6159 MiB, 49140 MiB, 289.57 W, 300.00 W, 72, 1980 MHz
2026/09/23 16:31:17.743, 0, 98 %, 89 %, 6159 MiB, 49140 MiB, 290.59 W, 300.00 W, 72, 1950 MHz
2026/09/23 16:31:18.744, 0, 98 %, 84 %, 6159 MiB, 49140 MiB, 288.88 W, 300.00 W, 72, 1800 MHz
2026/09/23 16:31:19.745, 0, 93 %, 85 %, 6159 MiB, 49140 MiB, 288.04 W, 300.00 W, 72, 2205 MHz
2026/09/23 16:31:20.746, 0, 93 %, 78 %, 6159 MiB, 49140 MiB, 288.79 W, 300.00 W, 71, 2010 MHz
2026/09/23 16:31:21.747, 0, 97 %, 88 %, 6159 MiB, 49140 MiB, 286.88 W, 300.00 W, 72, 1950 MHz
2026/09/23 16:31:22.748, 0, 97 %, 83 %, 6159 MiB, 49140 MiB, 287.50 W, 300.00 W, 72, 1725 MHz
2026/09/23 16:31:23.748, 0, 97 %, 86 %, 6159 MiB, 49140 MiB, 287.81 W, 300.00 W, 73, 2130 MHz
2026/09/23 16:31:24.749, 0, 96 %, 80 %, 6159 MiB, 49140 MiB, 288.62 W, 300.00 W, 71, 2055 MHz
2026/09/23 16:31:25.750, 0, 96 %, 85 %, 6159 MiB, 49140 MiB, 288.17 W, 300.00 W, 72, 1770 MHz
2026/09/23 16:31:26.750, 0, 98 %, 84 %, 6159 MiB, 49140 MiB, 287.01 W, 300.00 W, 73, 1755 MHz
2026/09/23 16:31:27.751, 0, 98 %, 87 %, 6159 MiB, 49140 MiB, 288.32 W, 300.00 W, 73, 2145 MHz
2026/09/23 16:31:28.751, 0, 97 %, 81 %, 6159 MiB, 49140 MiB, 289.22 W, 300.00 W, 70, 1950 MHz
2026/09/23 16:31:29.752, 0, 96 %, 87 %, 6159 MiB, 49140 MiB, 289.40 W, 300.00 W, 72, 1890 MHz
2026/09/23 16:31:30.753, 0, 98 %, 86 %, 6159 MiB, 49140 MiB, 288.07 W, 300.00 W, 73, 1755 MHz
2026/09/23 16:31:31.754, 0, 98 %, 87 %, 6159 MiB, 49140 MiB, 290.25 W, 300.00 W, 72, 1905 MHz
2026/09/23 16:31:32.754, 0, 98 %, 89 %, 6159 MiB, 49140 MiB, 291.71 W, 300.00 W, 73, 1920 MHz
2026/09/23 16:31:33.755, 0, 96 %, 84 %, 6159 MiB, 49140 MiB, 287.78 W, 300.00 W, 72, 1695 MHz
2026/09/23 16:31:34.757, 0, 97 %, 87 %, 6159 MiB, 49140 MiB, 289.47 W, 300.00 W, 73, 2130 MHz
2026/09/23 16:31:35.759, 0, 97 %, 81 %, 6159 MiB, 49140 MiB, 290.85 W, 300.00 W, 72, 2025 MHz
2026/09/23 16:31:36.759, 0, 94 %, 83 %, 6159 MiB, 49140 MiB, 289.62 W, 300.00 W, 74, 1770 MHz
2026/09/23 16:31:37.760, 0, 89 %, 64 %, 6159 MiB, 49140 MiB, 296.20 W, 300.00 W, 71, 2550 MHz
2026/09/23 16:31:38.760, 0, 0 %, 0 %, 6159 MiB, 49140 MiB, 110.19 W, 300.00 W, 66, 2745 MHz
2026/09/23 16:31:39.761, 0, 91 %, 80 %, 6159 MiB, 49140 MiB, 143.43 W, 300.00 W, 71, 1980 MHz
2026/09/23 16:31:40.762, 0, 97 %, 89 %, 6159 MiB, 49140 MiB, 287.36 W, 300.00 W, 72, 1935 MHz
2026/09/23 16:31:41.763, 0, 98 %, 84 %, 6159 MiB, 49140 MiB, 286.93 W, 300.00 W, 72, 1800 MHz
2026/09/23 16:31:42.763, 0, 98 %, 89 %, 6159 MiB, 49140 MiB, 288.06 W, 300.00 W, 72, 2100 MHz
2026/09/23 16:31:43.764, 0, 98 %, 85 %, 6159 MiB, 49140 MiB, 290.18 W, 300.00 W, 73, 2040 MHz
2026/09/23 16:31:44.765, 0, 96 %, 84 %, 6159 MiB, 49140 MiB, 287.82 W, 300.00 W, 72, 1950 MHz
2026/09/23 16:31:45.766, 0, 98 %, 88 %, 6159 MiB, 49140 MiB, 288.02 W, 300.00 W, 73, 1710 MHz
2026/09/23 16:31:46.767, 0, 98 %, 82 %, 6159 MiB, 49140 MiB, 288.67 W, 300.00 W, 71, 2025 MHz
2026/09/23 16:31:47.768, 0, 97 %, 89 %, 6159 MiB, 49140 MiB, 288.05 W, 300.00 W, 73, 1710 MHz
2026/09/23 16:31:48.768, 0, 98 %, 84 %, 6159 MiB, 49140 MiB, 288.95 W, 300.00 W, 72, 2130 MHz
2026/09/23 16:31:49.769, 0, 97 %, 87 %, 6159 MiB, 49140 MiB, 289.98 W, 300.00 W, 72, 2040 MHz
2026/09/23 16:31:50.770, 0, 97 %, 86 %, 6159 MiB, 49140 MiB, 290.74 W, 300.00 W, 73, 1665 MHz
2026/09/23 16:31:51.771, 0, 95 %, 83 %, 6159 MiB, 49140 MiB, 288.31 W, 300.00 W, 72, 1935 MHz
2026/09/23 16:31:52.773, 0, 97 %, 88 %, 6159 MiB, 49140 MiB, 288.33 W, 300.00 W, 74, 1785 MHz
2026/09/23 16:31:53.775, 0, 98 %, 86 %, 6159 MiB, 49140 MiB, 288.78 W, 300.00 W, 71, 1905 MHz
2026/09/23 16:31:54.777, 0, 96 %, 88 %, 6159 MiB, 49140 MiB, 290.51 W, 300.00 W, 72, 1680 MHz
2026/09/23 16:31:55.777, 0, 98 %, 84 %, 6159 MiB, 49140 MiB, 288.88 W, 300.00 W, 73, 2070 MHz
2026/09/23 16:31:56.778, 0, 97 %, 87 %, 6159 MiB, 49140 MiB, 290.13 W, 300.00 W, 72, 2070 MHz
2026/09/23 16:31:57.779, 0, 98 %, 87 %, 6159 MiB, 49140 MiB, 290.88 W, 300.00 W, 73, 1635 MHz
2026/09/23 16:31:58.780, 0, 97 %, 84 %, 6159 MiB, 49140 MiB, 288.87 W, 300.00 W, 73, 1965 MHz
2026/09/23 16:31:59.780, 0, 97 %, 88 %, 6159 MiB, 49140 MiB, 288.90 W, 300.00 W, 74, 1815 MHz
2026/09/23 16:32:00.781, 0, 98 %, 82 %, 6159 MiB, 49140 MiB, 290.37 W, 300.00 W, 71, 1950 MHz
2026/09/23 16:32:01.782, 0, 88 %, 63 %, 6159 MiB, 49140 MiB, 290.58 W, 300.00 W, 74, 1695 MHz
2026/09/23 16:32:02.783, 0, 10 %, 0 %, 6159 MiB, 49140 MiB, 250.42 W, 300.00 W, 68, 2745 MHz
2026/09/23 16:32:03.783, 0, 0 %, 0 %, 6159 MiB, 49140 MiB, 87.31 W, 300.00 W, 66, 2745 MHz
2026/09/23 16:32:04.783, 0, 95 %, 87 %, 6159 MiB, 49140 MiB, 201.48 W, 300.00 W, 71, 1815 MHz
2026/09/23 16:32:05.784, 0, 98 %, 89 %, 6159 MiB, 49140 MiB, 287.83 W, 300.00 W, 73, 2220 MHz
2026/09/23 16:32:06.785, 0, 95 %, 82 %, 6159 MiB, 49140 MiB, 289.04 W, 300.00 W, 71, 1905 MHz
2026/09/23 16:32:07.786, 0, 96 %, 86 %, 6159 MiB, 49140 MiB, 287.99 W, 300.00 W, 72, 1680 MHz
2026/09/23 16:32:08.787, 0, 97 %, 87 %, 6159 MiB, 49140 MiB, 288.16 W, 300.00 W, 72, 2115 MHz
2026/09/23 16:32:09.788, 0, 97 %, 88 %, 6159 MiB, 49140 MiB, 289.39 W, 300.00 W, 73, 1875 MHz
2026/09/23 16:32:10.789, 0, 96 %, 87 %, 6159 MiB, 49140 MiB, 291.04 W, 300.00 W, 72, 1830 MHz
2026/09/23 16:32:11.790, 0, 96 %, 83 %, 6159 MiB, 49140 MiB, 288.14 W, 300.00 W, 72, 1950 MHz
2026/09/23 16:32:12.790, 0, 98 %, 88 %, 6159 MiB, 49140 MiB, 288.56 W, 300.00 W, 73, 1740 MHz
2026/09/23 16:32:13.791, 0, 92 %, 81 %, 6159 MiB, 49140 MiB, 289.13 W, 300.00 W, 70, 1980 MHz
2026/09/23 16:32:14.792, 0, 96 %, 86 %, 6159 MiB, 49140 MiB, 287.86 W, 300.00 W, 72, 1770 MHz
2026/09/23 16:32:15.793, 0, 97 %, 86 %, 6159 MiB, 49140 MiB, 289.56 W, 300.00 W, 73, 2070 MHz
2026/09/23 16:32:16.794, 0, 97 %, 87 %, 6159 MiB, 49140 MiB, 287.37 W, 300.00 W, 73, 2055 MHz
2026/09/23 16:32:17.795, 0, 97 %, 87 %, 6159 MiB, 49140 MiB, 291.10 W, 300.00 W, 72, 1770 MHz
2026/09/23 16:32:18.796, 0, 97 %, 83 %, 6159 MiB, 49140 MiB, 287.93 W, 300.00 W, 72, 1800 MHz
2026/09/23 16:32:19.797, 0, 98 %, 87 %, 6159 MiB, 49140 MiB, 287.87 W, 300.00 W, 73, 2070 MHz
2026/09/23 16:32:20.798, 0, 96 %, 83 %, 6159 MiB, 49140 MiB, 288.67 W, 300.00 W, 73, 2010 MHz
2026/09/23 16:32:21.799, 0, 98 %, 88 %, 6159 MiB, 49140 MiB, 290.99 W, 300.00 W, 73, 1650 MHz
2026/09/23 16:32:22.800, 0, 97 %, 82 %, 6159 MiB, 49140 MiB, 288.82 W, 300.00 W, 72, 1815 MHz
2026/09/23 16:32:23.800, 0, 97 %, 87 %, 6159 MiB, 49140 MiB, 290.58 W, 300.00 W, 74, 1815 MHz
2026/09/23 16:32:24.801, 0, 98 %, 85 %, 6159 MiB, 49140 MiB, 290.41 W, 300.00 W, 71, 1935 MHz
2026/09/23 16:32:25.802, 0, 97 %, 85 %, 6159 MiB, 49140 MiB, 289.99 W, 300.00 W, 72, 1725 MHz
2026/09/23 16:32:26.804, 0, 92 %, 65 %, 6159 MiB, 49140 MiB, 292.79 W, 300.00 W, 74, 1665 MHz
2026/09/23 16:32:27.804, 0, 0 %, 0 %, 6159 MiB, 49140 MiB, 211.67 W, 300.00 W, 67, 2745 MHz
2026/09/23 16:32:28.806, 0, 97 %, 87 %, 6159 MiB, 49140 MiB, 207.54 W, 300.00 W, 73, 1995 MHz
2026/09/23 16:32:29.807, 0, 98 %, 82 %, 6159 MiB, 49140 MiB, 290.16 W, 300.00 W, 71, 1920 MHz
2026/09/23 16:32:30.808, 0, 96 %, 85 %, 6159 MiB, 49140 MiB, 289.25 W, 300.00 W, 73, 1635 MHz
2026/09/23 16:32:31.809, 0, 96 %, 86 %, 6159 MiB, 49140 MiB, 289.33 W, 300.00 W, 72, 1725 MHz
2026/09/23 16:32:32.812, 0, 96 %, 86 %, 6159 MiB, 49140 MiB, 289.16 W, 300.00 W, 74, 1905 MHz
2026/09/23 16:32:33.813, 0, 97 %, 86 %, 6159 MiB, 49140 MiB, 290.67 W, 300.00 W, 71, 1680 MHz
2026/09/23 16:32:34.814, 0, 95 %, 84 %, 6159 MiB, 49140 MiB, 287.76 W, 300.00 W, 72, 2130 MHz
2026/09/23 16:32:35.814, 0, 96 %, 85 %, 6159 MiB, 49140 MiB, 288.55 W, 300.00 W, 73, 1995 MHz
2026/09/23 16:32:36.815, 0, 96 %, 83 %, 6159 MiB, 49140 MiB, 289.21 W, 300.00 W, 73, 1935 MHz
2026/09/23 16:32:37.817, 0, 98 %, 88 %, 6159 MiB, 49140 MiB, 289.74 W, 300.00 W, 72, 1770 MHz
2026/09/23 16:32:38.818, 0, 98 %, 86 %, 6159 MiB, 49140 MiB, 287.63 W, 300.00 W, 72, 2100 MHz
2026/09/23 16:32:39.819, 0, 97 %, 87 %, 6159 MiB, 49140 MiB, 289.55 W, 300.00 W, 74, 2040 MHz
2026/09/23 16:32:40.819, 0, 98 %, 82 %, 6159 MiB, 49140 MiB, 290.10 W, 300.00 W, 72, 1710 MHz
2026/09/23 16:32:41.820, 0, 96 %, 84 %, 6159 MiB, 49140 MiB, 289.94 W, 300.00 W, 73, 2010 MHz
2026/09/23 16:32:42.821, 0, 97 %, 88 %, 6159 MiB, 49140 MiB, 288.90 W, 300.00 W, 72, 1725 MHz
2026/09/23 16:32:43.822, 0, 95 %, 85 %, 6159 MiB, 49140 MiB, 289.58 W, 300.00 W, 73, 1980 MHz
2026/09/23 16:32:44.823, 0, 98 %, 88 %, 6159 MiB, 49140 MiB, 290.83 W, 300.00 W, 72, 1755 MHz
2026/09/23 16:32:45.824, 0, 96 %, 85 %, 6159 MiB, 49140 MiB, 287.41 W, 300.00 W, 73, 2145 MHz
2026/09/23 16:32:46.825, 0, 98 %, 86 %, 6159 MiB, 49140 MiB, 289.18 W, 300.00 W, 73, 1995 MHz
2026/09/23 16:32:47.827, 0, 97 %, 82 %, 6159 MiB, 49140 MiB, 290.85 W, 300.00 W, 72, 1680 MHz
2026/09/23 16:32:48.828, 0, 96 %, 85 %, 6159 MiB, 49140 MiB, 289.21 W, 300.00 W, 73, 1890 MHz
2026/09/23 16:32:49.829, 0, 94 %, 85 %, 6159 MiB, 49140 MiB, 287.61 W, 300.00 W, 73, 1890 MHz
2026/09/23 16:32:50.829, 0, 94 %, 67 %, 6159 MiB, 49140 MiB, 292.46 W, 300.00 W, 74, 1620 MHz
2026/09/23 16:32:51.830, 0, 0 %, 0 %, 6159 MiB, 49140 MiB, 207.41 W, 300.00 W, 67, 2745 MHz
2026/09/23 16:32:52.831, 0, 97 %, 87 %, 6159 MiB, 49140 MiB, 214.78 W, 300.00 W, 71, 1710 MHz
2026/09/23 16:32:53.833, 0, 95 %, 84 %, 6159 MiB, 49140 MiB, 287.57 W, 300.00 W, 72, 2145 MHz
2026/09/23 16:32:54.835, 0, 97 %, 87 %, 6159 MiB, 49140 MiB, 287.84 W, 300.00 W, 72, 1920 MHz
2026/09/23 16:32:55.835, 0, 97 %, 84 %, 6159 MiB, 49140 MiB, 289.13 W, 300.00 W, 72, 1890 MHz
2026/09/23 16:32:56.836, 0, 98 %, 87 %, 6159 MiB, 49140 MiB, 289.00 W, 300.00 W, 73, 1785 MHz
2026/09/23 16:32:57.838, 0, 97 %, 82 %, 6159 MiB, 49140 MiB, 285.70 W, 300.00 W, 72, 2070 MHz
2026/09/23 16:32:58.839, 0, 98 %, 87 %, 6159 MiB, 49140 MiB, 289.10 W, 300.00 W, 74, 2085 MHz
2026/09/23 16:32:59.840, 0, 92 %, 80 %, 6159 MiB, 49140 MiB, 289.41 W, 300.00 W, 71, 1680 MHz
2026/09/23 16:33:00.840, 0, 94 %, 83 %, 6159 MiB, 49140 MiB, 288.36 W, 300.00 W, 73, 2040 MHz
2026/09/23 16:33:01.841, 0, 97 %, 88 %, 6159 MiB, 49140 MiB, 288.61 W, 300.00 W, 72, 1725 MHz
2026/09/23 16:33:02.842, 0, 97 %, 87 %, 6159 MiB, 49140 MiB, 290.10 W, 300.00 W, 73, 1965 MHz
2026/09/23 16:33:03.843, 0, 97 %, 86 %, 6159 MiB, 49140 MiB, 290.43 W, 300.00 W, 71, 1710 MHz
2026/09/23 16:33:04.844, 0, 93 %, 83 %, 6159 MiB, 49140 MiB, 287.15 W, 300.00 W, 72, 1995 MHz
2026/09/23 16:33:05.844, 0, 97 %, 87 %, 6159 MiB, 49140 MiB, 287.81 W, 300.00 W, 73, 1725 MHz
2026/09/23 16:33:06.845, 0, 96 %, 86 %, 6159 MiB, 49140 MiB, 288.75 W, 300.00 W, 74, 1965 MHz
2026/09/23 16:33:07.845, 0, 97 %, 87 %, 6159 MiB, 49140 MiB, 291.05 W, 300.00 W, 71, 1710 MHz
2026/09/23 16:33:08.847, 0, 96 %, 85 %, 6159 MiB, 49140 MiB, 287.40 W, 300.00 W, 73, 2115 MHz
2026/09/23 16:33:09.847, 0, 97 %, 87 %, 6159 MiB, 49140 MiB, 288.49 W, 300.00 W, 73, 2010 MHz
2026/09/23 16:33:10.848, 0, 97 %, 83 %, 6159 MiB, 49140 MiB, 290.28 W, 300.00 W, 72, 1710 MHz
2026/09/23 16:33:11.849, 0, 98 %, 87 %, 6159 MiB, 49140 MiB, 289.49 W, 300.00 W, 74, 1785 MHz
2026/09/23 16:33:12.850, 0, 98 %, 85 %, 6159 MiB, 49140 MiB, 288.82 W, 300.00 W, 72, 1935 MHz
2026/09/23 16:33:13.851, 0, 98 %, 88 %, 6159 MiB, 49140 MiB, 290.94 W, 300.00 W, 73, 1920 MHz
2026/09/23 16:33:14.852, 0, 93 %, 65 %, 6159 MiB, 49140 MiB, 292.67 W, 300.00 W, 74, 1650 MHz
2026/09/23 16:33:15.853, 0, 0 %, 0 %, 6159 MiB, 49140 MiB, 204.18 W, 300.00 W, 67, 2745 MHz
2026/09/23 16:33:16.853, 0, 97 %, 87 %, 6159 MiB, 49140 MiB, 212.51 W, 300.00 W, 73, 2025 MHz
2026/09/23 16:33:17.854, 0, 97 %, 87 %, 6159 MiB, 49140 MiB, 294.89 W, 300.00 W, 73, 1785 MHz
2026/09/23 16:33:18.855, 0, 98 %, 85 %, 6159 MiB, 49140 MiB, 286.17 W, 300.00 W, 72, 2085 MHz
2026/09/23 16:33:19.855, 0, 98 %, 88 %, 6159 MiB, 49140 MiB, 288.30 W, 300.00 W, 74, 1905 MHz
2026/09/23 16:33:20.856, 0, 97 %, 84 %, 6159 MiB, 49140 MiB, 289.04 W, 300.00 W, 71, 1950 MHz
2026/09/23 16:33:21.857, 0, 95 %, 84 %, 6159 MiB, 49140 MiB, 288.43 W, 300.00 W, 73, 1965 MHz
2026/09/23 16:33:22.858, 0, 98 %, 88 %, 6159 MiB, 49140 MiB, 289.29 W, 300.00 W, 72, 1965 MHz
2026/09/23 16:33:23.862, 0, 98 %, 85 %, 6159 MiB, 49140 MiB, 289.53 W, 300.00 W, 73, 1785 MHz
2026/09/23 16:33:24.863, 0, 97 %, 87 %, 6159 MiB, 49140 MiB, 289.70 W, 300.00 W, 73, 2100 MHz
2026/09/23 16:33:25.863, 0, 97 %, 86 %, 6159 MiB, 49140 MiB, 287.80 W, 300.00 W, 73, 2100 MHz
2026/09/23 16:33:26.864, 0, 97 %, 87 %, 6159 MiB, 49140 MiB, 290.50 W, 300.00 W, 74, 1635 MHz
2026/09/23 16:33:27.865, 0, 97 %, 87 %, 6159 MiB, 49140 MiB, 290.96 W, 300.00 W, 71, 2085 MHz
2026/09/23 16:33:28.866, 0, 96 %, 84 %, 6159 MiB, 49140 MiB, 288.43 W, 300.00 W, 72, 1815 MHz
2026/09/23 16:33:29.866, 0, 96 %, 86 %, 6159 MiB, 49140 MiB, 288.53 W, 300.00 W, 73, 1995 MHz
2026/09/23 16:33:30.867, 0, 98 %, 85 %, 6159 MiB, 49140 MiB, 289.54 W, 300.00 W, 73, 1755 MHz
2026/09/23 16:33:31.868, 0, 98 %, 88 %, 6159 MiB, 49140 MiB, 289.56 W, 300.00 W, 73, 2115 MHz
2026/09/23 16:33:32.869, 0, 98 %, 83 %, 6159 MiB, 49140 MiB, 289.75 W, 300.00 W, 73, 2055 MHz
2026/09/23 16:33:33.869, 0, 97 %, 88 %, 6159 MiB, 49140 MiB, 290.04 W, 300.00 W, 73, 1665 MHz
2026/09/23 16:33:34.871, 0, 98 %, 82 %, 6159 MiB, 49140 MiB, 289.84 W, 300.00 W, 72, 1845 MHz
2026/09/23 16:33:35.872, 0, 95 %, 85 %, 6159 MiB, 49140 MiB, 289.49 W, 300.00 W, 72, 1740 MHz
2026/09/23 16:33:36.873, 0, 98 %, 87 %, 6159 MiB, 49140 MiB, 288.77 W, 300.00 W, 74, 1965 MHz
2026/09/23 16:33:37.876, 0, 98 %, 81 %, 6159 MiB, 49140 MiB, 290.22 W, 300.00 W, 72, 1815 MHz
2026/09/23 16:33:38.876, 0, 94 %, 65 %, 6159 MiB, 49140 MiB, 294.27 W, 300.00 W, 74, 1620 MHz
2026/09/23 16:33:39.877, 0, 0 %, 0 %, 6159 MiB, 49140 MiB, 200.10 W, 300.00 W, 67, 2745 MHz
2026/09/23 16:33:40.878, 0, 96 %, 81 %, 6159 MiB, 49140 MiB, 221.27 W, 300.00 W, 72, 2055 MHz
2026/09/23 16:33:41.879, 0, 98 %, 88 %, 6159 MiB, 49140 MiB, 288.86 W, 300.00 W, 73, 1710 MHz
2026/09/23 16:33:42.880, 0, 97 %, 85 %, 6159 MiB, 49140 MiB, 290.89 W, 300.00 W, 73, 2025 MHz
2026/09/23 16:33:43.881, 0, 96 %, 85 %, 6159 MiB, 49140 MiB, 288.20 W, 300.00 W, 72, 1770 MHz
2026/09/23 16:33:44.882, 0, 97 %, 86 %, 6159 MiB, 49140 MiB, 288.08 W, 300.00 W, 74, 1995 MHz
2026/09/23 16:33:45.882, 0, 97 %, 83 %, 6159 MiB, 49140 MiB, 289.53 W, 300.00 W, 71, 1770 MHz
2026/09/23 16:33:46.883, 0, 96 %, 85 %, 6159 MiB, 49140 MiB, 290.35 W, 300.00 W, 72, 2040 MHz
2026/09/23 16:33:47.884, 0, 97 %, 85 %, 6159 MiB, 49140 MiB, 287.06 W, 300.00 W, 73, 2055 MHz
2026/09/23 16:33:48.885, 0, 97 %, 87 %, 6159 MiB, 49140 MiB, 290.46 W, 300.00 W, 73, 1635 MHz
2026/09/23 16:33:49.886, 0, 98 %, 86 %, 6159 MiB, 49140 MiB, 290.85 W, 300.00 W, 73, 2025 MHz
2026/09/23 16:33:50.887, 0, 95 %, 84 %, 6159 MiB, 49140 MiB, 288.21 W, 300.00 W, 72, 1710 MHz
2026/09/23 16:33:51.887, 0, 97 %, 86 %, 6159 MiB, 49140 MiB, 287.85 W, 300.00 W, 74, 1965 MHz
2026/09/23 16:33:52.888, 0, 98 %, 87 %, 6159 MiB, 49140 MiB, 289.05 W, 300.00 W, 72, 1740 MHz
2026/09/23 16:33:53.890, 0, 97 %, 87 %, 6159 MiB, 49140 MiB, 290.10 W, 300.00 W, 73, 2085 MHz
2026/09/23 16:33:54.891, 0, 92 %, 82 %, 6159 MiB, 49140 MiB, 286.83 W, 300.00 W, 72, 1980 MHz
2026/09/23 16:33:55.892, 0, 97 %, 86 %, 6159 MiB, 49140 MiB, 287.36 W, 300.00 W, 74, 1890 MHz
2026/09/23 16:33:56.894, 0, 98 %, 82 %, 6159 MiB, 49140 MiB, 289.31 W, 300.00 W, 72, 1785 MHz
2026/09/23 16:33:57.895, 0, 97 %, 87 %, 6159 MiB, 49140 MiB, 288.14 W, 300.00 W, 73, 2100 MHz
2026/09/23 16:33:58.896, 0, 97 %, 83 %, 6159 MiB, 49140 MiB, 288.04 W, 300.00 W, 72, 2055 MHz
2026/09/23 16:33:59.897, 0, 96 %, 86 %, 6159 MiB, 49140 MiB, 288.81 W, 300.00 W, 73, 1815 MHz
2026/09/23 16:34:00.898, 0, 96 %, 83 %, 6159 MiB, 49140 MiB, 290.10 W, 300.00 W, 73, 1950 MHz
2026/09/23 16:34:01.899, 0, 95 %, 84 %, 6159 MiB, 49140 MiB, 289.47 W, 300.00 W, 73, 1815 MHz
2026/09/23 16:34:02.899, 0, 96 %, 67 %, 6159 MiB, 49140 MiB, 291.51 W, 300.00 W, 75, 1650 MHz
2026/09/23 16:34:03.900, 0, 0 %, 0 %, 6159 MiB, 49140 MiB, 197.30 W, 300.00 W, 67, 2745 MHz
2026/09/23 16:34:04.901, 0, 97 %, 87 %, 6159 MiB, 49140 MiB, 204.71 W, 300.00 W, 73, 1965 MHz
2026/09/23 16:34:05.902, 0, 98 %, 87 %, 6159 MiB, 49140 MiB, 290.48 W, 300.00 W, 72, 1695 MHz
2026/09/23 16:34:06.904, 0, 98 %, 87 %, 6159 MiB, 49140 MiB, 289.75 W, 300.00 W, 73, 2070 MHz
2026/09/23 16:34:07.905, 0, 97 %, 83 %, 6159 MiB, 49140 MiB, 288.10 W, 300.00 W, 72, 2025 MHz
2026/09/23 16:34:08.906, 0, 98 %, 87 %, 6159 MiB, 49140 MiB, 287.07 W, 300.00 W, 73, 1755 MHz
2026/09/23 16:34:09.907, 0, 96 %, 81 %, 6159 MiB, 49140 MiB, 289.55 W, 300.00 W, 72, 2115 MHz
2026/09/23 16:34:10.907, 0, 97 %, 86 %, 6159 MiB, 49140 MiB, 288.45 W, 300.00 W, 72, 2025 MHz
2026/09/23 16:34:11.908, 0, 97 %, 87 %, 6159 MiB, 49140 MiB, 288.94 W, 300.00 W, 73, 1680 MHz
2026/09/23 16:34:12.909, 0, 97 %, 87 %, 6159 MiB, 49140 MiB, 289.48 W, 300.00 W, 73, 2025 MHz
2026/09/23 16:34:13.910, 0, 97 %, 87 %, 6159 MiB, 49140 MiB, 289.55 W, 300.00 W, 73, 1725 MHz
2026/09/23 16:34:14.910, 0, 96 %, 85 %, 6159 MiB, 49140 MiB, 287.66 W, 300.00 W, 72, 1845 MHz
2026/09/23 16:34:15.911, 0, 97 %, 87 %, 6159 MiB, 49140 MiB, 287.50 W, 300.00 W, 73, 1710 MHz
2026/09/23 16:34:16.914, 0, 97 %, 87 %, 6159 MiB, 49140 MiB, 288.82 W, 300.00 W, 73, 1875 MHz
2026/09/23 16:34:17.915, 0, 94 %, 83 %, 6159 MiB, 49140 MiB, 290.41 W, 300.00 W, 74, 1875 MHz
2026/09/23 16:34:18.916, 0, 95 %, 84 %, 6159 MiB, 49140 MiB, 287.77 W, 300.00 W, 72, 1950 MHz
2026/09/23 16:34:19.916, 0, 98 %, 88 %, 6159 MiB, 49140 MiB, 288.03 W, 300.00 W, 74, 1650 MHz
2026/09/23 16:34:20.919, 0, 98 %, 86 %, 6159 MiB, 49140 MiB, 290.87 W, 300.00 W, 72, 2115 MHz
2026/09/23 16:34:21.920, 0, 97 %, 87 %, 6159 MiB, 49140 MiB, 289.97 W, 300.00 W, 73, 1875 MHz
2026/09/23 16:34:22.920, 0, 98 %, 83 %, 6159 MiB, 49140 MiB, 288.64 W, 300.00 W, 73, 1920 MHz
2026/09/23 16:34:23.921, 0, 96 %, 86 %, 6159 MiB, 49140 MiB, 289.96 W, 300.00 W, 73, 1785 MHz
2026/09/23 16:34:24.922, 0, 97 %, 83 %, 6159 MiB, 49140 MiB, 290.67 W, 300.00 W, 72, 2010 MHz
2026/09/23 16:34:25.923, 0, 96 %, 85 %, 6159 MiB, 49140 MiB, 289.34 W, 300.00 W, 73, 1875 MHz
2026/09/23 16:34:26.923, 0, 92 %, 67 %, 6159 MiB, 49140 MiB, 292.45 W, 300.00 W, 74, 1605 MHz
2026/09/23 16:34:27.924, 0, 0 %, 0 %, 6159 MiB, 49140 MiB, 211.76 W, 300.00 W, 67, 2745 MHz
2026/09/23 16:34:28.924, 0, 0 %, 0 %, 6159 MiB, 49140 MiB, 88.12 W, 300.00 W, 67, 2745 MHz
2026/09/23 16:34:29.926, 0, 99 %, 89 %, 6159 MiB, 49140 MiB, 209.90 W, 300.00 W, 71, 2100 MHz
2026/09/23 16:34:30.926, 0, 97 %, 88 %, 6159 MiB, 49140 MiB, 286.44 W, 300.00 W, 73, 1665 MHz
2026/09/23 16:34:31.927, 0, 96 %, 85 %, 6159 MiB, 49140 MiB, 289.20 W, 300.00 W, 71, 2100 MHz
2026/09/23 16:34:32.930, 0, 97 %, 87 %, 6159 MiB, 49140 MiB, 288.82 W, 300.00 W, 72, 1950 MHz
2026/09/23 16:34:33.930, 0, 97 %, 83 %, 6159 MiB, 49140 MiB, 287.32 W, 300.00 W, 72, 1995 MHz
2026/09/23 16:34:34.932, 0, 98 %, 88 %, 6159 MiB, 49140 MiB, 288.65 W, 300.00 W, 73, 1875 MHz
2026/09/23 16:34:35.932, 0, 98 %, 82 %, 6159 MiB, 49140 MiB, 288.52 W, 300.00 W, 73, 1800 MHz
2026/09/23 16:34:36.934, 0, 91 %, 81 %, 6159 MiB, 49140 MiB, 286.85 W, 300.00 W, 72, 2100 MHz
2026/09/23 16:34:37.935, 0, 96 %, 85 %, 6159 MiB, 49140 MiB, 288.40 W, 300.00 W, 73, 1890 MHz
2026/09/23 16:34:38.937, 0, 98 %, 87 %, 6159 MiB, 49140 MiB, 288.94 W, 300.00 W, 72, 1935 MHz
2026/09/23 16:34:39.938, 0, 97 %, 82 %, 6159 MiB, 49140 MiB, 288.85 W, 300.00 W, 74, 1785 MHz
2026/09/23 16:34:40.938, 0, 94 %, 83 %, 6159 MiB, 49140 MiB, 288.25 W, 300.00 W, 72, 2040 MHz
2026/09/23 16:34:41.940, 0, 97 %, 87 %, 6159 MiB, 49140 MiB, 288.65 W, 300.00 W, 72, 1965 MHz
2026/09/23 16:34:42.942, 0, 98 %, 82 %, 6159 MiB, 49140 MiB, 288.14 W, 300.00 W, 74, 1815 MHz
2026/09/23 16:34:43.943, 0, 94 %, 83 %, 6159 MiB, 49140 MiB, 289.91 W, 300.00 W, 72, 2085 MHz
2026/09/23 16:34:44.944, 0, 97 %, 87 %, 6159 MiB, 49140 MiB, 288.83 W, 300.00 W, 72, 2070 MHz
2026/09/23 16:34:45.948, 0, 98 %, 83 %, 6159 MiB, 49140 MiB, 288.70 W, 300.00 W, 74, 1665 MHz
2026/09/23 16:34:46.949, 0, 95 %, 85 %, 6159 MiB, 49140 MiB, 288.19 W, 300.00 W, 72, 2040 MHz
2026/09/23 16:34:47.950, 0, 96 %, 83 %, 6159 MiB, 49140 MiB, 288.82 W, 300.00 W, 73, 1935 MHz
2026/09/23 16:34:48.950, 0, 97 %, 87 %, 6159 MiB, 49140 MiB, 289.54 W, 300.00 W, 72, 1965 MHz
2026/09/23 16:34:49.951, 0, 98 %, 82 %, 6159 MiB, 49140 MiB, 287.30 W, 300.00 W, 74, 1680 MHz
2026/09/23 16:34:50.952, 0, 97 %, 86 %, 6159 MiB, 49140 MiB, 290.80 W, 300.00 W, 74, 1695 MHz
2026/09/23 16:34:51.953, 0, 94 %, 64 %, 6159 MiB, 49140 MiB, 274.16 W, 300.00 W, 68, 2730 MHz
2026/09/23 16:34:52.953, 0, 0 %, 0 %, 6159 MiB, 49140 MiB, 148.30 W, 300.00 W, 71, 2205 MHz
2026/09/23 16:34:53.954, 0, 97 %, 88 %, 6159 MiB, 49140 MiB, 290.12 W, 300.00 W, 72, 2025 MHz
2026/09/23 16:34:54.955, 0, 98 %, 86 %, 6159 MiB, 49140 MiB, 287.96 W, 300.00 W, 73, 1755 MHz
2026/09/23 16:34:55.956, 0, 97 %, 87 %, 6159 MiB, 49140 MiB, 289.38 W, 300.00 W, 73, 1845 MHz
2026/09/23 16:34:56.958, 0, 98 %, 83 %, 6159 MiB, 49140 MiB, 289.99 W, 300.00 W, 73, 1950 MHz
2026/09/23 16:34:57.959, 0, 98 %, 87 %, 6159 MiB, 49140 MiB, 287.79 W, 300.00 W, 72, 1650 MHz
2026/09/23 16:34:58.960, 0, 97 %, 82 %, 6159 MiB, 49140 MiB, 288.54 W, 300.00 W, 73, 2160 MHz
2026/09/23 16:34:59.962, 0, 97 %, 86 %, 6159 MiB, 49140 MiB, 290.81 W, 300.00 W, 72, 2070 MHz
2026/09/23 16:35:00.963, 0, 98 %, 87 %, 6159 MiB, 49140 MiB, 290.20 W, 300.00 W, 72, 1680 MHz
2026/09/23 16:35:01.965, 0, 98 %, 84 %, 6159 MiB, 49140 MiB, 288.50 W, 300.00 W, 74, 1755 MHz
2026/09/23 16:35:02.966, 0, 97 %, 87 %, 6159 MiB, 49140 MiB, 288.82 W, 300.00 W, 73, 2160 MHz
2026/09/23 16:35:03.966, 0, 98 %, 86 %, 6159 MiB, 49140 MiB, 288.62 W, 300.00 W, 71, 2025 MHz
2026/09/23 16:35:04.968, 0, 97 %, 86 %, 6159 MiB, 49140 MiB, 289.67 W, 300.00 W, 72, 1770 MHz
2026/09/23 16:35:05.969, 0, 98 %, 85 %, 6159 MiB, 49140 MiB, 288.37 W, 300.00 W, 73, 1755 MHz
2026/09/23 16:35:06.971, 0, 96 %, 87 %, 6159 MiB, 49140 MiB, 290.33 W, 300.00 W, 73, 1950 MHz
2026/09/23 16:35:07.972, 0, 97 %, 85 %, 6159 MiB, 49140 MiB, 289.74 W, 300.00 W, 72, 2025 MHz
2026/09/23 16:35:08.973, 0, 96 %, 85 %, 6159 MiB, 49140 MiB, 289.95 W, 300.00 W, 72, 1815 MHz
2026/09/23 16:35:09.974, 0, 97 %, 85 %, 6159 MiB, 49140 MiB, 290.16 W, 300.00 W, 74, 1785 MHz
2026/09/23 16:35:10.975, 0, 98 %, 88 %, 6159 MiB, 49140 MiB, 290.81 W, 300.00 W, 72, 1905 MHz
2026/09/23 16:35:11.977, 0, 98 %, 83 %, 6159 MiB, 49140 MiB, 292.07 W, 300.00 W, 73, 1905 MHz
2026/09/23 16:35:12.977, 0, 97 %, 87 %, 6159 MiB, 49140 MiB, 288.29 W, 300.00 W, 73, 1695 MHz
2026/09/23 16:35:13.978, 0, 97 %, 83 %, 6159 MiB, 49140 MiB, 288.67 W, 300.00 W, 74, 2085 MHz
2026/09/23 16:35:14.979, 0, 96 %, 86 %, 6159 MiB, 49140 MiB, 288.94 W, 300.00 W, 73, 1890 MHz
2026/09/23 16:35:15.979, 0, 93 %, 66 %, 6159 MiB, 49140 MiB, 274.21 W, 300.00 W, 68, 2730 MHz
2026/09/23 16:35:16.980, 0, 0 %, 0 %, 6159 MiB, 49140 MiB, 149.82 W, 300.00 W, 71, 2055 MHz
2026/09/23 16:35:17.981, 0, 97 %, 86 %, 6159 MiB, 49140 MiB, 289.18 W, 300.00 W, 72, 1770 MHz
2026/09/23 16:35:18.982, 0, 96 %, 84 %, 6159 MiB, 49140 MiB, 286.60 W, 300.00 W, 73, 1815 MHz
2026/09/23 16:35:19.983, 0, 98 %, 88 %, 6159 MiB, 49140 MiB, 288.75 W, 300.00 W, 72, 2055 MHz
2026/09/23 16:35:20.983, 0, 97 %, 85 %, 6159 MiB, 49140 MiB, 289.61 W, 300.00 W, 73, 1995 MHz
2026/09/23 16:35:21.984, 0, 97 %, 86 %, 6159 MiB, 49140 MiB, 288.64 W, 300.00 W, 72, 1620 MHz
2026/09/23 16:35:22.985, 0, 93 %, 81 %, 6159 MiB, 49140 MiB, 287.52 W, 300.00 W, 74, 1965 MHz
2026/09/23 16:35:23.986, 0, 96 %, 86 %, 6159 MiB, 49140 MiB, 289.35 W, 300.00 W, 72, 1860 MHz
2026/09/23 16:35:24.987, 0, 97 %, 85 %, 6159 MiB, 49140 MiB, 289.50 W, 300.00 W, 73, 1920 MHz
2026/09/23 16:35:25.989, 0, 96 %, 86 %, 6159 MiB, 49140 MiB, 288.52 W, 300.00 W, 73, 1680 MHz
2026/09/23 16:35:26.989, 0, 97 %, 81 %, 6159 MiB, 49140 MiB, 288.08 W, 300.00 W, 74, 2115 MHz
2026/09/23 16:35:27.991, 0, 95 %, 85 %, 6159 MiB, 49140 MiB, 288.99 W, 300.00 W, 72, 1860 MHz
2026/09/23 16:35:28.992, 0, 96 %, 87 %, 6159 MiB, 49140 MiB, 290.19 W, 300.00 W, 73, 1860 MHz
2026/09/23 16:35:29.992, 0, 98 %, 86 %, 6159 MiB, 49140 MiB, 287.45 W, 300.00 W, 73, 1785 MHz
2026/09/23 16:35:30.993, 0, 97 %, 87 %, 6159 MiB, 49140 MiB, 289.64 W, 300.00 W, 73, 1995 MHz
2026/09/23 16:35:31.995, 0, 98 %, 83 %, 6159 MiB, 49140 MiB, 290.55 W, 300.00 W, 73, 2040 MHz
2026/09/23 16:35:32.997, 0, 97 %, 87 %, 6159 MiB, 49140 MiB, 287.41 W, 300.00 W, 72, 1620 MHz
2026/09/23 16:35:33.998, 0, 97 %, 83 %, 6159 MiB, 49140 MiB, 287.85 W, 300.00 W, 74, 2010 MHz
2026/09/23 16:35:34.998, 0, 97 %, 86 %, 6159 MiB, 49140 MiB, 290.42 W, 300.00 W, 72, 1785 MHz
2026/09/23 16:35:35.999, 0, 97 %, 83 %, 6159 MiB, 49140 MiB, 288.69 W, 300.00 W, 73, 1980 MHz
2026/09/23 16:35:37.000, 0, 97 %, 86 %, 6159 MiB, 49140 MiB, 286.60 W, 300.00 W, 72, 1815 MHz
2026/09/23 16:35:38.001, 0, 95 %, 84 %, 6159 MiB, 49140 MiB, 286.60 W, 300.00 W, 73, 1725 MHz
2026/09/23 16:35:39.001, 0, 98 %, 87 %, 6159 MiB, 49140 MiB, 288.56 W, 300.00 W, 74, 1665 MHz
2026/09/23 16:35:40.002, 0, 94 %, 64 %, 6159 MiB, 49140 MiB, 278.30 W, 300.00 W, 68, 2505 MHz
2026/09/23 16:35:41.003, 0, 0 %, 0 %, 6159 MiB, 49140 MiB, 73.25 W, 300.00 W, 66, 2505 MHz
2026/09/23 16:35:42.003, 0, 0 %, 0 %, 6159 MiB, 49140 MiB, 163.18 W, 300.00 W, 73, 2100 MHz
2026/09/23 16:35:43.004, 0, 96 %, 85 %, 6159 MiB, 49140 MiB, 291.29 W, 300.00 W, 71, 2040 MHz
2026/09/23 16:35:44.005, 0, 96 %, 86 %, 6159 MiB, 49140 MiB, 289.29 W, 300.00 W, 72, 1695 MHz
2026/09/23 16:35:45.006, 0, 97 %, 83 %, 6159 MiB, 49140 MiB, 287.19 W, 300.00 W, 74, 1965 MHz
2026/09/23 16:35:46.007, 0, 96 %, 85 %, 6159 MiB, 49140 MiB, 289.24 W, 300.00 W, 71, 1755 MHz
2026/09/23 16:35:47.008, 0, 97 %, 86 %, 6159 MiB, 49140 MiB, 289.16 W, 300.00 W, 72, 1920 MHz
2026/09/23 16:35:48.009, 0, 98 %, 85 %, 6159 MiB, 49140 MiB, 288.52 W, 300.00 W, 73, 2010 MHz
2026/09/23 16:35:49.009, 0, 98 %, 87 %, 6159 MiB, 49140 MiB, 289.28 W, 300.00 W, 71, 1950 MHz
2026/09/23 16:35:50.010, 0, 97 %, 84 %, 6159 MiB, 49140 MiB, 287.89 W, 300.00 W, 73, 1710 MHz
2026/09/23 16:35:51.011, 0, 98 %, 87 %, 6159 MiB, 49140 MiB, 286.77 W, 300.00 W, 72, 2085 MHz
2026/09/23 16:35:52.012, 0, 97 %, 82 %, 6159 MiB, 49140 MiB, 288.76 W, 300.00 W, 73, 1755 MHz
2026/09/23 16:35:53.012, 0, 94 %, 83 %, 6159 MiB, 49140 MiB, 288.93 W, 300.00 W, 71, 1980 MHz
2026/09/23 16:35:54.013, 0, 98 %, 88 %, 6159 MiB, 49140 MiB, 289.01 W, 300.00 W, 72, 1740 MHz
2026/09/23 16:35:55.015, 0, 97 %, 85 %, 6159 MiB, 49140 MiB, 286.46 W, 300.00 W, 72, 2145 MHz
2026/09/23 16:35:56.016, 0, 97 %, 88 %, 6159 MiB, 49140 MiB, 290.00 W, 300.00 W, 73, 2025 MHz
2026/09/23 16:35:57.017, 0, 96 %, 85 %, 6159 MiB, 49140 MiB, 289.20 W, 300.00 W, 72, 1890 MHz
2026/09/23 16:35:58.017, 0, 92 %, 81 %, 6159 MiB, 49140 MiB, 288.00 W, 300.00 W, 73, 1755 MHz
2026/09/23 16:35:59.018, 0, 98 %, 86 %, 6159 MiB, 49140 MiB, 287.17 W, 300.00 W, 72, 2115 MHz
2026/09/23 16:36:00.019, 0, 97 %, 86 %, 6159 MiB, 49140 MiB, 289.47 W, 300.00 W, 73, 2010 MHz
2026/09/23 16:36:01.020, 0, 96 %, 85 %, 6159 MiB, 49140 MiB, 289.17 W, 300.00 W, 72, 1860 MHz
2026/09/23 16:36:02.021, 0, 95 %, 84 %, 6159 MiB, 49140 MiB, 288.36 W, 300.00 W, 72, 1785 MHz
2026/09/23 16:36:03.022, 0, 97 %, 84 %, 6159 MiB, 49140 MiB, 289.12 W, 300.00 W, 74, 2070 MHz
2026/09/23 16:36:04.024, 0, 98 %, 87 %, 6159 MiB, 49140 MiB, 292.48 W, 300.00 W, 73, 1680 MHz
2026/09/23 16:36:05.024, 0, 92 %, 64 %, 6159 MiB, 49140 MiB, 218.58 W, 300.00 W, 67, 2505 MHz
2026/09/23 16:36:06.025, 0, 0 %, 0 %, 6159 MiB, 49140 MiB, 185.68 W, 300.00 W, 73, 1755 MHz
2026/09/23 16:36:07.025, 0, 96 %, 85 %, 6159 MiB, 49140 MiB, 289.24 W, 300.00 W, 71, 1965 MHz
2026/09/23 16:36:08.026, 0, 97 %, 87 %, 6159 MiB, 49140 MiB, 288.29 W, 300.00 W, 72, 1680 MHz
2026/09/23 16:36:09.026, 0, 97 %, 87 %, 6159 MiB, 49140 MiB, 288.39 W, 300.00 W, 72, 2115 MHz
2026/09/23 16:36:10.027, 0, 98 %, 88 %, 6159 MiB, 49140 MiB, 290.11 W, 300.00 W, 72, 2040 MHz
2026/09/23 16:36:11.028, 0, 98 %, 83 %, 6159 MiB, 49140 MiB, 289.40 W, 300.00 W, 73, 1650 MHz
2026/09/23 16:36:12.029, 0, 97 %, 87 %, 6159 MiB, 49140 MiB, 287.36 W, 300.00 W, 72, 2100 MHz
2026/09/23 16:36:13.030, 0, 96 %, 82 %, 6159 MiB, 49140 MiB, 289.06 W, 300.00 W, 73, 1770 MHz
2026/09/23 16:36:14.031, 0, 95 %, 84 %, 6159 MiB, 49140 MiB, 289.21 W, 300.00 W, 71, 1950 MHz
2026/09/23 16:36:15.032, 0, 98 %, 88 %, 6159 MiB, 49140 MiB, 289.20 W, 300.00 W, 72, 1725 MHz
2026/09/23 16:36:16.033, 0, 97 %, 86 %, 6159 MiB, 49140 MiB, 287.62 W, 300.00 W, 73, 2145 MHz
2026/09/23 16:36:17.035, 0, 97 %, 87 %, 6159 MiB, 49140 MiB, 287.80 W, 300.00 W, 73, 1980 MHz
2026/09/23 16:36:18.035, 0, 96 %, 85 %, 6159 MiB, 49140 MiB, 287.70 W, 300.00 W, 72, 1890 MHz
2026/09/23 16:36:19.037, 0, 96 %, 83 %, 6159 MiB, 49140 MiB, 288.53 W, 300.00 W, 73, 1665 MHz
2026/09/23 16:36:20.038, 0, 98 %, 87 %, 6159 MiB, 49140 MiB, 288.98 W, 300.00 W, 73, 2085 MHz
2026/09/23 16:36:21.039, 0, 97 %, 85 %, 6159 MiB, 49140 MiB, 289.40 W, 300.00 W, 74, 1785 MHz
2026/09/23 16:36:22.039, 0, 95 %, 84 %, 6159 MiB, 49140 MiB, 290.37 W, 300.00 W, 71, 1995 MHz
2026/09/23 16:36:23.040, 0, 98 %, 89 %, 6159 MiB, 49140 MiB, 288.07 W, 300.00 W, 73, 1680 MHz
2026/09/23 16:36:24.040, 0, 97 %, 81 %, 6159 MiB, 49140 MiB, 289.25 W, 300.00 W, 73, 2100 MHz
2026/09/23 16:36:25.041, 0, 96 %, 85 %, 6159 MiB, 49140 MiB, 290.56 W, 300.00 W, 73, 2070 MHz
2026/09/23 16:36:26.042, 0, 95 %, 84 %, 6159 MiB, 49140 MiB, 288.99 W, 300.00 W, 72, 1815 MHz
2026/09/23 16:36:27.044, 0, 97 %, 88 %, 6159 MiB, 49140 MiB, 287.39 W, 300.00 W, 72, 1845 MHz
2026/09/23 16:36:28.044, 0, 97 %, 84 %, 6159 MiB, 49140 MiB, 293.33 W, 300.00 W, 73, 1605 MHz
2026/09/23 16:36:29.045, 0, 94 %, 66 %, 6159 MiB, 49140 MiB, 226.94 W, 300.00 W, 68, 2730 MHz
2026/09/23 16:36:30.046, 0, 0 %, 0 %, 6159 MiB, 49140 MiB, 88.29 W, 300.00 W, 67, 2730 MHz
2026/09/23 16:36:31.046, 0, 98 %, 89 %, 6159 MiB, 49140 MiB, 205.88 W, 300.00 W, 71, 1755 MHz
2026/09/23 16:36:32.047, 0, 97 %, 81 %, 6159 MiB, 49140 MiB, 285.74 W, 300.00 W, 72, 2310 MHz
2026/09/23 16:36:33.048, 0, 97 %, 88 %, 6159 MiB, 49140 MiB, 286.66 W, 300.00 W, 72, 1995 MHz
2026/09/23 16:36:34.049, 0, 98 %, 85 %, 6159 MiB, 49140 MiB, 289.34 W, 300.00 W, 72, 1710 MHz
2026/09/23 16:36:35.049, 0, 98 %, 86 %, 6159 MiB, 49140 MiB, 287.92 W, 300.00 W, 72, 2070 MHz
2026/09/23 16:36:36.050, 0, 97 %, 89 %, 6159 MiB, 49140 MiB, 287.74 W, 300.00 W, 73, 1770 MHz
2026/09/23 16:36:37.051, 0, 96 %, 83 %, 6159 MiB, 49140 MiB, 289.04 W, 300.00 W, 71, 1680 MHz
2026/09/23 16:36:38.052, 0, 98 %, 90 %, 6159 MiB, 49140 MiB, 287.78 W, 300.00 W, 72, 2085 MHz
2026/09/23 16:36:39.053, 0, 98 %, 81 %, 6159 MiB, 49140 MiB, 287.62 W, 300.00 W, 73, 2025 MHz
2026/09/23 16:36:40.055, 0, 94 %, 84 %, 6159 MiB, 49140 MiB, 290.16 W, 300.00 W, 72, 1710 MHz
2026/09/23 16:36:41.056, 0, 97 %, 89 %, 6159 MiB, 49140 MiB, 289.25 W, 300.00 W, 72, 1800 MHz
2026/09/23 16:36:42.057, 0, 95 %, 84 %, 6159 MiB, 49140 MiB, 286.54 W, 300.00 W, 72, 1980 MHz
2026/09/23 16:36:43.058, 0, 97 %, 88 %, 6159 MiB, 49140 MiB, 289.59 W, 300.00 W, 74, 1950 MHz
2026/09/23 16:36:44.058, 0, 96 %, 82 %, 6159 MiB, 49140 MiB, 290.02 W, 300.00 W, 71, 1665 MHz
2026/09/23 16:36:45.059, 0, 97 %, 87 %, 6159 MiB, 49140 MiB, 288.51 W, 300.00 W, 72, 2085 MHz
2026/09/23 16:36:46.060, 0, 97 %, 81 %, 6159 MiB, 49140 MiB, 288.44 W, 300.00 W, 73, 1875 MHz
2026/09/23 16:36:47.061, 0, 96 %, 86 %, 6159 MiB, 49140 MiB, 288.02 W, 300.00 W, 73, 1980 MHz
2026/09/23 16:36:48.063, 0, 97 %, 85 %, 6159 MiB, 49140 MiB, 290.80 W, 300.00 W, 72, 1725 MHz
2026/09/23 16:36:49.064, 0, 98 %, 88 %, 6159 MiB, 49140 MiB, 288.37 W, 300.00 W, 72, 1995 MHz
2026/09/23 16:36:50.064, 0, 98 %, 87 %, 6159 MiB, 49140 MiB, 289.65 W, 300.00 W, 74, 1905 MHz
2026/09/23 16:36:51.065, 0, 96 %, 82 %, 6159 MiB, 49140 MiB, 290.80 W, 300.00 W, 71, 1680 MHz
2026/09/23 16:36:52.066, 0, 97 %, 87 %, 6159 MiB, 49140 MiB, 288.20 W, 300.00 W, 73, 1980 MHz
2026/09/23 16:36:53.067, 0, 91 %, 73 %, 6159 MiB, 49140 MiB, 290.85 W, 300.00 W, 74, 1665 MHz
2026/09/23 16:36:54.067, 0, 71 %, 49 %, 6159 MiB, 49140 MiB, 196.58 W, 300.00 W, 67, 2745 MHz
2026/09/23 16:36:55.069, 0, 95 %, 86 %, 6159 MiB, 49140 MiB, 217.32 W, 300.00 W, 72, 1875 MHz
2026/09/23 16:36:56.069, 0, 98 %, 86 %, 6159 MiB, 49140 MiB, 286.48 W, 300.00 W, 72, 1965 MHz
2026/09/23 16:36:57.070, 0, 98 %, 89 %, 6159 MiB, 49140 MiB, 289.03 W, 300.00 W, 73, 1965 MHz
2026/09/23 16:36:58.072, 0, 96 %, 83 %, 6159 MiB, 49140 MiB, 288.61 W, 300.00 W, 71, 1635 MHz
2026/09/23 16:36:59.073, 0, 97 %, 87 %, 6159 MiB, 49140 MiB, 287.96 W, 300.00 W, 72, 2100 MHz
2026/09/23 16:37:00.073, 0, 97 %, 81 %, 6159 MiB, 49140 MiB, 287.85 W, 300.00 W, 72, 1920 MHz
2026/09/23 16:37:01.074, 0, 95 %, 86 %, 6159 MiB, 49140 MiB, 289.61 W, 300.00 W, 73, 1950 MHz
2026/09/23 16:37:02.075, 0, 97 %, 84 %, 6159 MiB, 49140 MiB, 289.68 W, 300.00 W, 72, 1755 MHz
2026/09/23 16:37:03.076, 0, 96 %, 86 %, 6159 MiB, 49140 MiB, 288.35 W, 300.00 W, 72, 2010 MHz
2026/09/23 16:37:04.077, 0, 97 %, 85 %, 6159 MiB, 49140 MiB, 287.76 W, 300.00 W, 74, 2040 MHz
2026/09/23 16:37:05.078, 0, 97 %, 84 %, 6159 MiB, 49140 MiB, 289.68 W, 300.00 W, 71, 1650 MHz
2026/09/23 16:37:06.079, 0, 98 %, 88 %, 6159 MiB, 49140 MiB, 288.66 W, 300.00 W, 72, 2085 MHz
2026/09/23 16:37:07.081, 0, 97 %, 82 %, 6159 MiB, 49140 MiB, 289.16 W, 300.00 W, 74, 2010 MHz
2026/09/23 16:37:08.082, 0, 94 %, 83 %, 6159 MiB, 49140 MiB, 290.09 W, 300.00 W, 71, 1620 MHz
2026/09/23 16:37:09.083, 0, 98 %, 88 %, 6159 MiB, 49140 MiB, 288.74 W, 300.00 W, 73, 2055 MHz
2026/09/23 16:37:10.085, 0, 97 %, 81 %, 6159 MiB, 49140 MiB, 288.49 W, 300.00 W, 73, 1770 MHz
2026/09/23 16:37:11.087, 0, 97 %, 87 %, 6159 MiB, 49140 MiB, 289.16 W, 300.00 W, 73, 1905 MHz
2026/09/23 16:37:12.089, 0, 98 %, 87 %, 6159 MiB, 49140 MiB, 290.61 W, 300.00 W, 73, 1785 MHz
2026/09/23 16:37:13.089, 0, 98 %, 87 %, 6159 MiB, 49140 MiB, 288.64 W, 300.00 W, 72, 1980 MHz
2026/09/23 16:37:14.091, 0, 98 %, 88 %, 6159 MiB, 49140 MiB, 290.20 W, 300.00 W, 74, 1935 MHz
2026/09/23 16:37:15.092, 0, 97 %, 83 %, 6159 MiB, 49140 MiB, 291.65 W, 300.00 W, 72, 1785 MHz
2026/09/23 16:37:16.093, 0, 97 %, 88 %, 6159 MiB, 49140 MiB, 287.03 W, 300.00 W, 72, 2085 MHz
2026/09/23 16:37:17.094, 0, 91 %, 71 %, 6159 MiB, 49140 MiB, 291.81 W, 300.00 W, 73, 1635 MHz
2026/09/23 16:37:18.095, 0, 52 %, 37 %, 6159 MiB, 49140 MiB, 194.62 W, 300.00 W, 67, 2730 MHz
2026/09/23 16:37:19.097, 0, 97 %, 88 %, 6159 MiB, 49140 MiB, 231.73 W, 300.00 W, 72, 1755 MHz
2026/09/23 16:37:20.098, 0, 98 %, 82 %, 6159 MiB, 49140 MiB, 287.20 W, 300.00 W, 73, 2025 MHz
2026/09/23 16:37:21.099, 0, 95 %, 85 %, 6159 MiB, 49140 MiB, 289.17 W, 300.00 W, 72, 1755 MHz
2026/09/23 16:37:22.099, 0, 98 %, 89 %, 6159 MiB, 49140 MiB, 289.33 W, 300.00 W, 72, 2010 MHz
2026/09/23 16:37:23.101, 0, 98 %, 82 %, 6159 MiB, 49140 MiB, 287.96 W, 300.00 W, 73, 1905 MHz
2026/09/23 16:37:24.101, 0, 95 %, 84 %, 6159 MiB, 49140 MiB, 289.41 W, 300.00 W, 73, 1965 MHz
2026/09/23 16:37:25.102, 0, 98 %, 87 %, 6159 MiB, 49140 MiB, 289.64 W, 300.00 W, 73, 2010 MHz
2026/09/23 16:37:26.103, 0, 98 %, 88 %, 6159 MiB, 49140 MiB, 286.73 W, 300.00 W, 72, 2010 MHz
2026/09/23 16:37:27.104, 0, 98 %, 85 %, 6159 MiB, 49140 MiB, 289.56 W, 300.00 W, 74, 1695 MHz
2026/09/23 16:37:28.105, 0, 97 %, 83 %, 6159 MiB, 49140 MiB, 290.95 W, 300.00 W, 71, 2070 MHz
2026/09/23 16:37:29.106, 0, 98 %, 89 %, 6159 MiB, 49140 MiB, 289.53 W, 300.00 W, 72, 1920 MHz
2026/09/23 16:37:30.107, 0, 97 %, 83 %, 6159 MiB, 49140 MiB, 290.33 W, 300.00 W, 74, 1680 MHz
2026/09/23 16:37:31.108, 0, 96 %, 83 %, 6159 MiB, 49140 MiB, 289.25 W, 300.00 W, 71, 1875 MHz
2026/09/23 16:37:32.108, 0, 98 %, 88 %, 6159 MiB, 49140 MiB, 288.60 W, 300.00 W, 72, 1875 MHz
2026/09/23 16:37:33.110, 0, 98 %, 81 %, 6159 MiB, 49140 MiB, 287.76 W, 300.00 W, 73, 1920 MHz
2026/09/23 16:37:34.111, 0, 96 %, 87 %, 6159 MiB, 49140 MiB, 289.52 W, 300.00 W, 72, 1725 MHz
2026/09/23 16:37:35.113, 0, 98 %, 86 %, 6159 MiB, 49140 MiB, 289.82 W, 300.00 W, 73, 2115 MHz
2026/09/23 16:37:36.114, 0, 97 %, 87 %, 6159 MiB, 49140 MiB, 287.30 W, 300.00 W, 73, 2025 MHz
2026/09/23 16:37:37.115, 0, 98 %, 84 %, 6159 MiB, 49140 MiB, 287.17 W, 300.00 W, 74, 1995 MHz
2026/09/23 16:37:38.115, 0, 96 %, 85 %, 6159 MiB, 49140 MiB, 288.36 W, 300.00 W, 71, 1785 MHz
2026/09/23 16:37:39.117, 0, 97 %, 88 %, 6159 MiB, 49140 MiB, 288.86 W, 300.00 W, 73, 2010 MHz
2026/09/23 16:37:40.118, 0, 97 %, 86 %, 6159 MiB, 49140 MiB, 287.64 W, 300.00 W, 73, 2025 MHz
2026/09/23 16:37:41.120, 0, 88 %, 70 %, 6159 MiB, 49140 MiB, 293.18 W, 300.00 W, 74, 1770 MHz
2026/09/23 16:37:42.121, 0, 44 %, 33 %, 6159 MiB, 49140 MiB, 191.95 W, 300.00 W, 67, 2730 MHz
2026/09/23 16:37:43.121, 0, 97 %, 89 %, 6159 MiB, 49140 MiB, 222.67 W, 300.00 W, 73, 1965 MHz
2026/09/23 16:37:44.122, 0, 97 %, 88 %, 6159 MiB, 49140 MiB, 289.96 W, 300.00 W, 71, 1800 MHz
2026/09/23 16:37:45.123, 0, 97 %, 87 %, 6159 MiB, 49140 MiB, 289.10 W, 300.00 W, 72, 2190 MHz
2026/09/23 16:37:46.123, 0, 98 %, 88 %, 6159 MiB, 49140 MiB, 285.39 W, 300.00 W, 72, 2070 MHz
2026/09/23 16:37:47.125, 0, 97 %, 87 %, 6159 MiB, 49140 MiB, 288.95 W, 300.00 W, 73, 1740 MHz
2026/09/23 16:37:48.126, 0, 96 %, 82 %, 6159 MiB, 49140 MiB, 287.96 W, 300.00 W, 72, 1845 MHz
2026/09/23 16:37:49.127, 0, 98 %, 89 %, 6159 MiB, 49140 MiB, 288.50 W, 300.00 W, 72, 1890 MHz
2026/09/23 16:37:50.127, 0, 98 %, 81 %, 6159 MiB, 49140 MiB, 288.02 W, 300.00 W, 74, 1950 MHz
2026/09/23 16:37:51.128, 0, 95 %, 85 %, 6159 MiB, 49140 MiB, 288.60 W, 300.00 W, 72, 1740 MHz
2026/09/23 16:37:52.129, 0, 97 %, 86 %, 6159 MiB, 49140 MiB, 289.32 W, 300.00 W, 73, 2130 MHz
2026/09/23 16:37:53.131, 0, 97 %, 88 %, 6159 MiB, 49140 MiB, 287.53 W, 300.00 W, 73, 1965 MHz
2026/09/23 16:37:54.132, 0, 96 %, 82 %, 6159 MiB, 49140 MiB, 287.73 W, 300.00 W, 74, 1875 MHz
2026/09/23 16:37:55.133, 0, 96 %, 86 %, 6159 MiB, 49140 MiB, 289.95 W, 300.00 W, 72, 1815 MHz
2026/09/23 16:37:56.134, 0, 97 %, 88 %, 6159 MiB, 49140 MiB, 288.31 W, 300.00 W, 72, 2070 MHz
2026/09/23 16:37:57.135, 0, 97 %, 87 %, 6159 MiB, 49140 MiB, 285.42 W, 300.00 W, 73, 1875 MHz
2026/09/23 16:37:58.135, 0, 97 %, 82 %, 6159 MiB, 49140 MiB, 287.85 W, 300.00 W, 73, 1860 MHz
2026/09/23 16:37:59.137, 0, 95 %, 85 %, 6159 MiB, 49140 MiB, 290.07 W, 300.00 W, 72, 1800 MHz
2026/09/23 16:38:00.138, 0, 97 %, 88 %, 6159 MiB, 49140 MiB, 289.61 W, 300.00 W, 72, 1950 MHz
2026/09/23 16:38:01.139, 0, 98 %, 81 %, 6159 MiB, 49140 MiB, 287.83 W, 300.00 W, 74, 1995 MHz
2026/09/23 16:38:02.140, 0, 95 %, 85 %, 6159 MiB, 49140 MiB, 289.44 W, 300.00 W, 72, 1740 MHz
2026/09/23 16:38:03.141, 0, 96 %, 86 %, 6159 MiB, 49140 MiB, 290.29 W, 300.00 W, 73, 2100 MHz
2026/09/23 16:38:04.141, 0, 98 %, 87 %, 6159 MiB, 49140 MiB, 287.08 W, 300.00 W, 73, 2085 MHz
2026/09/23 16:38:05.143, 0, 89 %, 71 %, 6159 MiB, 49140 MiB, 294.15 W, 300.00 W, 74, 1785 MHz
2026/09/23 16:38:06.144, 0, 37 %, 26 %, 6159 MiB, 49140 MiB, 191.40 W, 300.00 W, 67, 2730 MHz
2026/09/23 16:38:07.144, 0, 98 %, 89 %, 6159 MiB, 49140 MiB, 220.88 W, 300.00 W, 72, 2070 MHz
2026/09/23 16:38:08.145, 0, 97 %, 87 %, 6159 MiB, 49140 MiB, 288.19 W, 300.00 W, 73, 1785 MHz
2026/09/23 16:38:09.147, 0, 97 %, 84 %, 6159 MiB, 49140 MiB, 289.52 W, 300.00 W, 72, 1920 MHz
2026/09/23 16:38:10.148, 0, 98 %, 88 %, 6159 MiB, 49140 MiB, 287.52 W, 300.00 W, 72, 1905 MHz
2026/09/23 16:38:11.149, 0, 98 %, 85 %, 6159 MiB, 49140 MiB, 285.88 W, 300.00 W, 73, 2070 MHz
2026/09/23 16:38:12.149, 0, 93 %, 84 %, 6159 MiB, 49140 MiB, 288.95 W, 300.00 W, 73, 1755 MHz
2026/09/23 16:38:13.151, 0, 96 %, 84 %, 6159 MiB, 49140 MiB, 289.34 W, 300.00 W, 72, 2115 MHz
2026/09/23 16:38:14.151, 0, 97 %, 87 %, 6159 MiB, 49140 MiB, 288.54 W, 300.00 W, 72, 1920 MHz
2026/09/23 16:38:15.152, 0, 98 %, 81 %, 6159 MiB, 49140 MiB, 288.48 W, 300.00 W, 74, 1725 MHz
2026/09/23 16:38:16.153, 0, 94 %, 84 %, 6159 MiB, 49140 MiB, 288.83 W, 300.00 W, 71, 2130 MHz
2026/09/23 16:38:17.154, 0, 97 %, 87 %, 6159 MiB, 49140 MiB, 290.03 W, 300.00 W, 73, 1995 MHz
2026/09/23 16:38:18.155, 0, 98 %, 84 %, 6159 MiB, 49140 MiB, 289.32 W, 300.00 W, 73, 1620 MHz
2026/09/23 16:38:19.156, 0, 97 %, 87 %, 6159 MiB, 49140 MiB, 290.09 W, 300.00 W, 72, 2070 MHz
2026/09/23 16:38:20.157, 0, 97 %, 85 %, 6159 MiB, 49140 MiB, 289.65 W, 300.00 W, 73, 1800 MHz
2026/09/23 16:38:21.158, 0, 98 %, 88 %, 6159 MiB, 49140 MiB, 288.06 W, 300.00 W, 73, 1890 MHz
2026/09/23 16:38:22.160, 0, 98 %, 87 %, 6159 MiB, 49140 MiB, 288.85 W, 300.00 W, 73, 1800 MHz
2026/09/23 16:38:23.161, 0, 92 %, 81 %, 6159 MiB, 49140 MiB, 288.44 W, 300.00 W, 72, 2070 MHz
2026/09/23 16:38:24.162, 0, 97 %, 88 %, 6159 MiB, 49140 MiB, 288.63 W, 300.00 W, 73, 2025 MHz
2026/09/23 16:38:25.164, 0, 93 %, 85 %, 6159 MiB, 49140 MiB, 287.23 W, 300.00 W, 73, 1950 MHz
2026/09/23 16:38:26.164, 0, 98 %, 85 %, 6159 MiB, 49140 MiB, 288.83 W, 300.00 W, 73, 1800 MHz
2026/09/23 16:38:27.165, 0, 96 %, 84 %, 6159 MiB, 49140 MiB, 289.80 W, 300.00 W, 73, 1935 MHz
2026/09/23 16:38:28.166, 0, 97 %, 86 %, 6159 MiB, 49140 MiB, 288.87 W, 300.00 W, 72, 1950 MHz
2026/09/23 16:38:29.168, 0, 91 %, 70 %, 6159 MiB, 49140 MiB, 293.34 W, 300.00 W, 74, 1665 MHz
2026/09/23 16:38:30.168, 0, 54 %, 38 %, 6159 MiB, 49140 MiB, 195.35 W, 300.00 W, 67, 2730 MHz
2026/09/23 16:38:31.169, 0, 0 %, 0 %, 6159 MiB, 49140 MiB, 87.70 W, 300.00 W, 67, 2730 MHz
2026/09/23 16:38:32.171, 0, 98 %, 89 %, 6159 MiB, 49140 MiB, 226.54 W, 300.00 W, 72, 2025 MHz
2026/09/23 16:38:33.172, 0, 97 %, 84 %, 6159 MiB, 49140 MiB, 287.99 W, 300.00 W, 72, 1800 MHz
2026/09/23 16:38:34.173, 0, 94 %, 84 %, 6159 MiB, 49140 MiB, 286.76 W, 300.00 W, 71, 2145 MHz
2026/09/23 16:38:35.174, 0, 97 %, 88 %, 6159 MiB, 49140 MiB, 288.21 W, 300.00 W, 72, 2040 MHz
2026/09/23 16:38:36.175, 0, 97 %, 85 %, 6159 MiB, 49140 MiB, 287.03 W, 300.00 W, 73, 1695 MHz
2026/09/23 16:38:37.176, 0, 97 %, 89 %, 6159 MiB, 49140 MiB, 287.73 W, 300.00 W, 72, 1875 MHz
2026/09/23 16:38:38.180, 0, 97 %, 83 %, 6159 MiB, 49140 MiB, 291.02 W, 300.00 W, 72, 1815 MHz
2026/09/23 16:38:39.181, 0, 97 %, 88 %, 6159 MiB, 49140 MiB, 286.97 W, 300.00 W, 72, 1935 MHz
2026/09/23 16:38:40.182, 0, 96 %, 87 %, 6159 MiB, 49140 MiB, 288.17 W, 300.00 W, 73, 1815 MHz
2026/09/23 16:38:41.183, 0, 97 %, 84 %, 6159 MiB, 49140 MiB, 289.75 W, 300.00 W, 73, 1755 MHz
2026/09/23 16:38:42.184, 0, 98 %, 89 %, 6159 MiB, 49140 MiB, 287.37 W, 300.00 W, 72, 1920 MHz
2026/09/23 16:38:43.184, 0, 98 %, 89 %, 6159 MiB, 49140 MiB, 289.32 W, 300.00 W, 73, 1935 MHz
2026/09/23 16:38:44.186, 0, 98 %, 84 %, 6159 MiB, 49140 MiB, 291.57 W, 300.00 W, 73, 1875 MHz
2026/09/23 16:38:45.186, 0, 98 %, 88 %, 6159 MiB, 49140 MiB, 287.75 W, 300.00 W, 73, 1710 MHz
2026/09/23 16:38:46.187, 0, 96 %, 88 %, 6159 MiB, 49140 MiB, 289.77 W, 300.00 W, 72, 2040 MHz
2026/09/23 16:38:47.189, 0, 98 %, 85 %, 6159 MiB, 49140 MiB, 291.22 W, 300.00 W, 73, 1905 MHz
2026/09/23 16:38:48.190, 0, 98 %, 87 %, 6159 MiB, 49140 MiB, 288.03 W, 300.00 W, 73, 1695 MHz
2026/09/23 16:38:49.190, 0, 96 %, 87 %, 6159 MiB, 49140 MiB, 289.61 W, 300.00 W, 72, 2130 MHz
2026/09/23 16:38:50.191, 0, 97 %, 85 %, 6159 MiB, 49140 MiB, 290.02 W, 300.00 W, 73, 1950 MHz
2026/09/23 16:38:51.192, 0, 98 %, 88 %, 6159 MiB, 49140 MiB, 288.16 W, 300.00 W, 73, 1800 MHz
2026/09/23 16:38:52.193, 0, 97 %, 87 %, 6159 MiB, 49140 MiB, 289.01 W, 300.00 W, 73, 1785 MHz
2026/09/23 16:38:53.194, 0, 96 %, 83 %, 6159 MiB, 49140 MiB, 289.19 W, 300.00 W, 73, 1980 MHz
2026/09/23 16:38:54.194, 0, 94 %, 66 %, 6159 MiB, 49140 MiB, 295.77 W, 300.00 W, 73, 1800 MHz
2026/09/23 16:38:55.195, 0, 4 %, 0 %, 6159 MiB, 49140 MiB, 148.18 W, 300.00 W, 67, 2745 MHz
2026/09/23 16:38:56.195, 0, 0 %, 0 %, 6159 MiB, 49140 MiB, 115.33 W, 300.00 W, 70, 2115 MHz
2026/09/23 16:38:57.197, 0, 96 %, 87 %, 6159 MiB, 49140 MiB, 285.15 W, 300.00 W, 71, 2085 MHz
2026/09/23 16:38:58.198, 0, 98 %, 82 %, 6159 MiB, 49140 MiB, 286.79 W, 300.00 W, 73, 1785 MHz
2026/09/23 16:38:59.199, 0, 95 %, 86 %, 6159 MiB, 49140 MiB, 288.82 W, 300.00 W, 71, 2040 MHz
2026/09/23 16:39:00.200, 0, 97 %, 87 %, 6159 MiB, 49140 MiB, 286.81 W, 300.00 W, 72, 2025 MHz
2026/09/23 16:39:01.200, 0, 98 %, 84 %, 6159 MiB, 49140 MiB, 287.20 W, 300.00 W, 73, 1815 MHz
2026/09/23 16:39:02.201, 0, 96 %, 83 %, 6159 MiB, 49140 MiB, 288.79 W, 300.00 W, 72, 1935 MHz
2026/09/23 16:39:03.202, 0, 98 %, 88 %, 6159 MiB, 49140 MiB, 287.56 W, 300.00 W, 72, 1680 MHz
2026/09/23 16:39:04.202, 0, 97 %, 81 %, 6159 MiB, 49140 MiB, 286.86 W, 300.00 W, 73, 2130 MHz
2026/09/23 16:39:05.203, 0, 94 %, 84 %, 6159 MiB, 49140 MiB, 288.62 W, 300.00 W, 71, 2040 MHz
2026/09/23 16:39:06.203, 0, 97 %, 88 %, 6159 MiB, 49140 MiB, 287.48 W, 300.00 W, 72, 1920 MHz
2026/09/23 16:39:07.205, 0, 97 %, 84 %, 6159 MiB, 49140 MiB, 286.27 W, 300.00 W, 73, 1800 MHz
2026/09/23 16:39:08.208, 0, 98 %, 89 %, 6159 MiB, 49140 MiB, 289.11 W, 300.00 W, 72, 2040 MHz
2026/09/23 16:39:09.208, 0, 96 %, 82 %, 6159 MiB, 49140 MiB, 289.49 W, 300.00 W, 72, 2040 MHz
2026/09/23 16:39:10.209, 0, 97 %, 86 %, 6159 MiB, 49140 MiB, 288.20 W, 300.00 W, 72, 1635 MHz
2026/09/23 16:39:11.210, 0, 97 %, 81 %, 6159 MiB, 49140 MiB, 287.71 W, 300.00 W, 74, 2100 MHz
2026/09/23 16:39:12.210, 0, 95 %, 85 %, 6159 MiB, 49140 MiB, 289.24 W, 300.00 W, 71, 1800 MHz
2026/09/23 16:39:13.212, 0, 96 %, 86 %, 6159 MiB, 49140 MiB, 288.30 W, 300.00 W, 72, 1935 MHz
2026/09/23 16:39:14.212, 0, 97 %, 87 %, 6159 MiB, 49140 MiB, 286.81 W, 300.00 W, 72, 1695 MHz
2026/09/23 16:39:15.213, 0, 96 %, 81 %, 6159 MiB, 49140 MiB, 289.03 W, 300.00 W, 73, 2100 MHz
2026/09/23 16:39:16.214, 0, 95 %, 84 %, 6159 MiB, 49140 MiB, 290.08 W, 300.00 W, 72, 1965 MHz
2026/09/23 16:39:17.215, 0, 98 %, 89 %, 6159 MiB, 49140 MiB, 289.88 W, 300.00 W, 72, 1785 MHz
2026/09/23 16:39:18.218, 0, 98 %, 84 %, 6159 MiB, 49140 MiB, 289.28 W, 300.00 W, 74, 1785 MHz
2026/09/23 16:39:19.218, 0, 95 %, 67 %, 6159 MiB, 49140 MiB, 297.26 W, 300.00 W, 69, 2715 MHz
2026/09/23 16:39:20.220, 0, 0 %, 0 %, 6159 MiB, 49140 MiB, 145.45 W, 300.00 W, 72, 2175 MHz
2026/09/23 16:39:21.221, 0, 95 %, 83 %, 6159 MiB, 49140 MiB, 289.81 W, 300.00 W, 72, 1995 MHz
2026/09/23 16:39:22.222, 0, 98 %, 87 %, 6159 MiB, 49140 MiB, 288.22 W, 300.00 W, 72, 1620 MHz
2026/09/23 16:39:23.226, 0, 98 %, 82 %, 6159 MiB, 49140 MiB, 287.25 W, 300.00 W, 73, 2130 MHz
2026/09/23 16:39:24.227, 0, 94 %, 84 %, 6159 MiB, 49140 MiB, 289.55 W, 300.00 W, 72, 2025 MHz
2026/09/23 16:39:25.227, 0, 98 %, 90 %, 6159 MiB, 49140 MiB, 289.11 W, 300.00 W, 72, 1710 MHz
2026/09/23 16:39:26.231, 0, 98 %, 81 %, 6159 MiB, 49140 MiB, 288.53 W, 300.00 W, 74, 1875 MHz
2026/09/23 16:39:27.232, 0, 97 %, 88 %, 6159 MiB, 49140 MiB, 289.03 W, 300.00 W, 72, 1800 MHz
2026/09/23 16:39:28.232, 0, 97 %, 85 %, 6159 MiB, 49140 MiB, 289.59 W, 300.00 W, 73, 1935 MHz
2026/09/23 16:39:29.234, 0, 98 %, 86 %, 6159 MiB, 49140 MiB, 287.76 W, 300.00 W, 73, 1725 MHz
2026/09/23 16:39:30.235, 0, 96 %, 87 %, 6159 MiB, 49140 MiB, 290.57 W, 300.00 W, 73, 2040 MHz
2026/09/23 16:39:31.235, 0, 95 %, 82 %, 6159 MiB, 49140 MiB, 290.56 W, 300.00 W, 73, 1950 MHz
2026/09/23 16:39:32.236, 0, 96 %, 86 %, 6159 MiB, 49140 MiB, 288.14 W, 300.00 W, 72, 1605 MHz
2026/09/23 16:39:33.237, 0, 97 %, 81 %, 6159 MiB, 49140 MiB, 287.70 W, 300.00 W, 74, 1980 MHz
2026/09/23 16:39:34.238, 0, 96 %, 85 %, 6159 MiB, 49140 MiB, 289.48 W, 300.00 W, 71, 1815 MHz
2026/09/23 16:39:35.238, 0, 93 %, 83 %, 6159 MiB, 49140 MiB, 289.31 W, 300.00 W, 73, 1920 MHz
2026/09/23 16:39:36.239, 0, 98 %, 88 %, 6159 MiB, 49140 MiB, 286.85 W, 300.00 W, 73, 1665 MHz
2026/09/23 16:39:37.240, 0, 98 %, 82 %, 6159 MiB, 49140 MiB, 288.55 W, 300.00 W, 73, 2085 MHz
2026/09/23 16:39:38.241, 0, 96 %, 85 %, 6159 MiB, 49140 MiB, 288.99 W, 300.00 W, 71, 1935 MHz
2026/09/23 16:39:39.242, 0, 98 %, 88 %, 6159 MiB, 49140 MiB, 289.94 W, 300.00 W, 73, 1860 MHz
2026/09/23 16:39:40.243, 0, 97 %, 86 %, 6159 MiB, 49140 MiB, 286.38 W, 300.00 W, 73, 1740 MHz
2026/09/23 16:39:41.245, 0, 98 %, 88 %, 6159 MiB, 49140 MiB, 290.01 W, 300.00 W, 73, 2055 MHz
2026/09/23 16:39:42.246, 0, 95 %, 82 %, 6159 MiB, 49140 MiB, 289.57 W, 300.00 W, 74, 1755 MHz
2026/09/23 16:39:43.247, 0, 88 %, 64 %, 6159 MiB, 49140 MiB, 288.29 W, 300.00 W, 69, 2685 MHz
2026/09/23 16:39:44.247, 0, 0 %, 0 %, 6159 MiB, 49140 MiB, 99.72 W, 300.00 W, 67, 2745 MHz
2026/09/23 16:39:45.248, 0, 0 %, 0 %, 6159 MiB, 49140 MiB, 150.32 W, 300.00 W, 71, 1950 MHz
2026/09/23 16:39:46.249, 0, 98 %, 82 %, 6159 MiB, 49140 MiB, 286.25 W, 300.00 W, 73, 2055 MHz
2026/09/23 16:39:47.250, 0, 94 %, 84 %, 6159 MiB, 49140 MiB, 288.92 W, 300.00 W, 71, 1935 MHz
2026/09/23 16:39:48.251, 0, 98 %, 89 %, 6159 MiB, 49140 MiB, 288.11 W, 300.00 W, 72, 1725 MHz
2026/09/23 16:39:49.251, 0, 98 %, 87 %, 6159 MiB, 49140 MiB, 284.61 W, 300.00 W, 72, 1815 MHz
2026/09/23 16:39:50.252, 0, 97 %, 88 %, 6159 MiB, 49140 MiB, 289.95 W, 300.00 W, 72, 2055 MHz
2026/09/23 16:39:51.253, 0, 98 %, 85 %, 6159 MiB, 49140 MiB, 290.61 W, 300.00 W, 73, 1890 MHz
2026/09/23 16:39:52.254, 0, 98 %, 89 %, 6159 MiB, 49140 MiB, 287.54 W, 300.00 W, 72, 2025 MHz
2026/09/23 16:39:53.255, 0, 98 %, 83 %, 6159 MiB, 49140 MiB, 287.75 W, 300.00 W, 73, 1830 MHz
2026/09/23 16:39:54.256, 0, 94 %, 84 %, 6159 MiB, 49140 MiB, 288.52 W, 300.00 W, 72, 1950 MHz
2026/09/23 16:39:55.257, 0, 97 %, 87 %, 6159 MiB, 49140 MiB, 289.38 W, 300.00 W, 72, 1770 MHz
2026/09/23 16:39:56.257, 0, 98 %, 81 %, 6159 MiB, 49140 MiB, 289.12 W, 300.00 W, 74, 1950 MHz
2026/09/23 16:39:57.258, 0, 96 %, 85 %, 6159 MiB, 49140 MiB, 288.91 W, 300.00 W, 71, 1935 MHz
2026/09/23 16:39:58.259, 0, 98 %, 87 %, 6159 MiB, 49140 MiB, 289.72 W, 300.00 W, 73, 1635 MHz
2026/09/23 16:39:59.260, 0, 98 %, 88 %, 6159 MiB, 49140 MiB, 289.31 W, 300.00 W, 72, 2115 MHz
2026/09/23 16:40:00.261, 0, 98 %, 85 %, 6159 MiB, 49140 MiB, 289.27 W, 300.00 W, 73, 1845 MHz
2026/09/23 16:40:01.262, 0, 95 %, 85 %, 6159 MiB, 49140 MiB, 289.90 W, 300.00 W, 71, 1965 MHz
2026/09/23 16:40:02.262, 0, 98 %, 88 %, 6159 MiB, 49140 MiB, 289.45 W, 300.00 W, 72, 1740 MHz
2026/09/23 16:40:03.263, 0, 97 %, 83 %, 6159 MiB, 49140 MiB, 288.71 W, 300.00 W, 73, 2010 MHz
2026/09/23 16:40:04.264, 0, 95 %, 87 %, 6159 MiB, 49140 MiB, 289.20 W, 300.00 W, 73, 2070 MHz
2026/09/23 16:40:05.268, 0, 96 %, 83 %, 6159 MiB, 49140 MiB, 289.63 W, 300.00 W, 73, 1710 MHz
2026/09/23 16:40:06.269, 0, 97 %, 87 %, 6159 MiB, 49140 MiB, 289.96 W, 300.00 W, 72, 1800 MHz
2026/09/23 16:40:07.269, 0, 97 %, 81 %, 6159 MiB, 49140 MiB, 287.85 W, 300.00 W, 73, 1650 MHz
2026/09/23 16:40:08.270, 0, 93 %, 65 %, 6159 MiB, 49140 MiB, 243.95 W, 300.00 W, 67, 2610 MHz
2026/09/23 16:40:09.271, 0, 0 %, 0 %, 6159 MiB, 49140 MiB, 78.62 W, 300.00 W, 66, 2610 MHz
2026/09/23 16:40:10.271, 0, 97 %, 88 %, 6159 MiB, 49140 MiB, 195.73 W, 300.00 W, 71, 1710 MHz
2026/09/23 16:40:11.272, 0, 95 %, 84 %, 6159 MiB, 49140 MiB, 288.05 W, 300.00 W, 72, 2070 MHz
2026/09/23 16:40:12.274, 0, 98 %, 89 %, 6159 MiB, 49140 MiB, 290.46 W, 300.00 W, 71, 1980 MHz
2026/09/23 16:40:13.275, 0, 98 %, 85 %, 6159 MiB, 49140 MiB, 289.84 W, 300.00 W, 72, 1680 MHz
2026/09/23 16:40:14.275, 0, 96 %, 86 %, 6159 MiB, 49140 MiB, 287.34 W, 300.00 W, 72, 2175 MHz
2026/09/23 16:40:15.276, 0, 97 %, 88 %, 6159 MiB, 49140 MiB, 288.85 W, 300.00 W, 72, 2055 MHz
2026/09/23 16:40:16.277, 0, 98 %, 84 %, 6159 MiB, 49140 MiB, 289.90 W, 300.00 W, 73, 1620 MHz
2026/09/23 16:40:17.278, 0, 97 %, 85 %, 6159 MiB, 49140 MiB, 287.41 W, 300.00 W, 72, 2085 MHz
2026/09/23 16:40:18.278, 0, 98 %, 87 %, 6159 MiB, 49140 MiB, 289.71 W, 300.00 W, 73, 1905 MHz
2026/09/23 16:40:19.279, 0, 97 %, 82 %, 6159 MiB, 49140 MiB, 290.27 W, 300.00 W, 71, 1950 MHz
2026/09/23 16:40:20.280, 0, 96 %, 86 %, 6159 MiB, 49140 MiB, 286.96 W, 300.00 W, 72, 1785 MHz
2026/09/23 16:40:21.281, 0, 97 %, 81 %, 6159 MiB, 49140 MiB, 287.75 W, 300.00 W, 72, 2115 MHz
2026/09/23 16:40:22.282, 0, 96 %, 85 %, 6159 MiB, 49140 MiB, 290.05 W, 300.00 W, 73, 2025 MHz
2026/09/23 16:40:23.283, 0, 98 %, 87 %, 6159 MiB, 49140 MiB, 290.78 W, 300.00 W, 73, 1650 MHz
2026/09/23 16:40:24.284, 0, 97 %, 86 %, 6159 MiB, 49140 MiB, 288.20 W, 300.00 W, 73, 1950 MHz
2026/09/23 16:40:25.284, 0, 97 %, 87 %, 6159 MiB, 49140 MiB, 289.65 W, 300.00 W, 73, 1770 MHz
2026/09/23 16:40:26.285, 0, 97 %, 82 %, 6159 MiB, 49140 MiB, 289.63 W, 300.00 W, 71, 1950 MHz
2026/09/23 16:40:27.286, 0, 96 %, 85 %, 6159 MiB, 49140 MiB, 287.14 W, 300.00 W, 73, 1725 MHz
2026/09/23 16:40:28.286, 0, 97 %, 84 %, 6159 MiB, 49140 MiB, 288.22 W, 300.00 W, 72, 2085 MHz
2026/09/23 16:40:29.287, 0, 97 %, 86 %, 6159 MiB, 49140 MiB, 290.45 W, 300.00 W, 73, 1935 MHz
2026/09/23 16:40:30.288, 0, 98 %, 84 %, 6159 MiB, 49140 MiB, 290.03 W, 300.00 W, 71, 1965 MHz
2026/09/23 16:40:31.289, 0, 97 %, 87 %, 6159 MiB, 49140 MiB, 288.57 W, 300.00 W, 72, 1770 MHz
2026/09/23 16:40:32.290, 0, 90 %, 79 %, 6159 MiB, 49140 MiB, 291.74 W, 300.00 W, 74, 1665 MHz
2026/09/23 16:40:33.290, 0, 93 %, 65 %, 6159 MiB, 49140 MiB, 211.74 W, 300.00 W, 67, 2745 MHz
2026/09/23 16:40:34.292, 0, 0 %, 0 %, 6159 MiB, 49140 MiB, 87.45 W, 300.00 W, 66, 2745 MHz
2026/09/23 16:40:35.293, 0, 96 %, 87 %, 6159 MiB, 49140 MiB, 207.84 W, 300.00 W, 70, 2175 MHz
2026/09/23 16:40:36.294, 0, 96 %, 86 %, 6159 MiB, 49140 MiB, 292.56 W, 300.00 W, 71, 1830 MHz
2026/09/23 16:40:37.295, 0, 98 %, 88 %, 6159 MiB, 49140 MiB, 294.57 W, 300.00 W, 73, 1770 MHz
2026/09/23 16:40:38.296, 0, 97 %, 83 %, 6159 MiB, 49140 MiB, 291.17 W, 300.00 W, 71, 1725 MHz
2026/09/23 16:40:39.297, 0, 98 %, 88 %, 6159 MiB, 49140 MiB, 288.05 W, 300.00 W, 72, 2100 MHz
2026/09/23 16:40:40.298, 0, 97 %, 85 %, 6159 MiB, 49140 MiB, 288.22 W, 300.00 W, 73, 2085 MHz
2026/09/23 16:40:41.300, 0, 93 %, 83 %, 6159 MiB, 49140 MiB, 288.76 W, 300.00 W, 72, 1980 MHz
2026/09/23 16:40:42.301, 0, 98 %, 87 %, 6159 MiB, 49140 MiB, 289.68 W, 300.00 W, 72, 1785 MHz
2026/09/23 16:40:43.302, 0, 95 %, 85 %, 6159 MiB, 49140 MiB, 287.35 W, 300.00 W, 72, 2100 MHz
2026/09/23 16:40:44.303, 0, 94 %, 82 %, 6159 MiB, 49140 MiB, 287.38 W, 300.00 W, 73, 2040 MHz
2026/09/23 16:40:45.305, 0, 96 %, 86 %, 6159 MiB, 49140 MiB, 289.04 W, 300.00 W, 72, 1830 MHz
2026/09/23 16:40:46.305, 0, 98 %, 88 %, 6159 MiB, 49140 MiB, 290.54 W, 300.00 W, 73, 1815 MHz
2026/09/23 16:40:47.307, 0, 97 %, 86 %, 6159 MiB, 49140 MiB, 288.44 W, 300.00 W, 73, 1995 MHz
2026/09/23 16:40:48.308, 0, 98 %, 88 %, 6159 MiB, 49140 MiB, 289.42 W, 300.00 W, 74, 1890 MHz
2026/09/23 16:40:49.309, 0, 98 %, 84 %, 6159 MiB, 49140 MiB, 290.61 W, 300.00 W, 71, 1680 MHz
2026/09/23 16:40:50.309, 0, 97 %, 85 %, 6159 MiB, 49140 MiB, 288.82 W, 300.00 W, 72, 2070 MHz
2026/09/23 16:40:51.310, 0, 98 %, 81 %, 6159 MiB, 49140 MiB, 288.02 W, 300.00 W, 73, 1980 MHz
2026/09/23 16:40:52.311, 0, 96 %, 84 %, 6159 MiB, 49140 MiB, 290.16 W, 300.00 W, 72, 1725 MHz
2026/09/23 16:40:53.311, 0, 98 %, 87 %, 6159 MiB, 49140 MiB, 289.23 W, 300.00 W, 73, 1830 MHz
2026/09/23 16:40:54.312, 0, 91 %, 82 %, 6159 MiB, 49140 MiB, 286.09 W, 300.00 W, 72, 2160 MHz
2026/09/23 16:40:55.313, 0, 97 %, 82 %, 6159 MiB, 49140 MiB, 289.22 W, 300.00 W, 73, 1995 MHz
2026/09/23 16:40:56.314, 0, 94 %, 83 %, 6159 MiB, 49140 MiB, 289.64 W, 300.00 W, 73, 1770 MHz
2026/09/23 16:40:57.314, 0, 90 %, 63 %, 6159 MiB, 49140 MiB, 293.72 W, 300.00 W, 74, 1695 MHz
2026/09/23 16:40:58.315, 0, 7 %, 0 %, 6159 MiB, 49140 MiB, 183.94 W, 300.00 W, 67, 2745 MHz
2026/09/23 16:40:59.316, 0, 0 %, 0 %, 6159 MiB, 49140 MiB, 87.46 W, 300.00 W, 66, 2745 MHz
2026/09/23 16:41:00.317, 0, 97 %, 84 %, 6159 MiB, 49140 MiB, 219.50 W, 300.00 W, 73, 1995 MHz
2026/09/23 16:41:01.318, 0, 95 %, 85 %, 6159 MiB, 49140 MiB, 286.64 W, 300.00 W, 71, 1710 MHz
2026/09/23 16:41:02.318, 0, 98 %, 87 %, 6159 MiB, 49140 MiB, 288.49 W, 300.00 W, 72, 2145 MHz
2026/09/23 16:41:03.319, 0, 98 %, 82 %, 6159 MiB, 49140 MiB, 286.56 W, 300.00 W, 72, 1980 MHz
2026/09/23 16:41:04.320, 0, 97 %, 86 %, 6159 MiB, 49140 MiB, 289.14 W, 300.00 W, 72, 1785 MHz
2026/09/23 16:41:05.322, 0, 97 %, 87 %, 6159 MiB, 49140 MiB, 289.19 W, 300.00 W, 73, 1800 MHz
2026/09/23 16:41:06.323, 0, 98 %, 87 %, 6159 MiB, 49140 MiB, 287.81 W, 300.00 W, 72, 1935 MHz
2026/09/23 16:41:07.323, 0, 95 %, 85 %, 6159 MiB, 49140 MiB, 286.57 W, 300.00 W, 74, 2130 MHz
2026/09/23 16:41:08.324, 0, 96 %, 86 %, 6159 MiB, 49140 MiB, 288.92 W, 300.00 W, 71, 1635 MHz
2026/09/23 16:41:09.325, 0, 95 %, 85 %, 6159 MiB, 49140 MiB, 288.40 W, 300.00 W, 72, 1965 MHz
2026/09/23 16:41:10.326, 0, 97 %, 83 %, 6159 MiB, 49140 MiB, 287.08 W, 300.00 W, 72, 1815 MHz
2026/09/23 16:41:11.328, 0, 98 %, 87 %, 6159 MiB, 49140 MiB, 290.11 W, 300.00 W, 73, 1950 MHz
2026/09/23 16:41:12.329, 0, 98 %, 87 %, 6159 MiB, 49140 MiB, 289.73 W, 300.00 W, 72, 1770 MHz
2026/09/23 16:41:13.329, 0, 98 %, 88 %, 6159 MiB, 49140 MiB, 287.24 W, 300.00 W, 72, 2070 MHz
2026/09/23 16:41:14.331, 0, 97 %, 87 %, 6159 MiB, 49140 MiB, 287.35 W, 300.00 W, 73, 2040 MHz
2026/09/23 16:41:15.331, 0, 95 %, 84 %, 6159 MiB, 49140 MiB, 288.98 W, 300.00 W, 72, 1860 MHz
2026/09/23 16:41:16.332, 0, 97 %, 87 %, 6159 MiB, 49140 MiB, 290.14 W, 300.00 W, 73, 1785 MHz
2026/09/23 16:41:17.333, 0, 97 %, 86 %, 6159 MiB, 49140 MiB, 287.07 W, 300.00 W, 72, 2040 MHz
2026/09/23 16:41:18.334, 0, 98 %, 88 %, 6159 MiB, 49140 MiB, 287.42 W, 300.00 W, 74, 2055 MHz
2026/09/23 16:41:19.335, 0, 94 %, 84 %, 6159 MiB, 49140 MiB, 287.26 W, 300.00 W, 73, 1965 MHz
2026/09/23 16:41:20.335, 0, 97 %, 87 %, 6159 MiB, 49140 MiB, 291.01 W, 300.00 W, 73, 1800 MHz
2026/09/23 16:41:21.336, 0, 97 %, 86 %, 6159 MiB, 49140 MiB, 288.74 W, 300.00 W, 73, 1860 MHz
2026/09/23 16:41:22.337, 0, 92 %, 63 %, 6159 MiB, 49140 MiB, 296.65 W, 300.00 W, 73, 1635 MHz
2026/09/23 16:41:23.337, 0, 9 %, 0 %, 6159 MiB, 49140 MiB, 155.36 W, 300.00 W, 67, 2745 MHz
2026/09/23 16:41:24.338, 0, 0 %, 0 %, 6159 MiB, 49140 MiB, 122.68 W, 300.00 W, 70, 1830 MHz
2026/09/23 16:41:25.338, 0, 98 %, 88 %, 6159 MiB, 49140 MiB, 289.04 W, 300.00 W, 72, 1995 MHz
2026/09/23 16:41:26.339, 0, 97 %, 87 %, 6159 MiB, 49140 MiB, 289.55 W, 300.00 W, 73, 1815 MHz
2026/09/23 16:41:27.340, 0, 98 %, 87 %, 6159 MiB, 49140 MiB, 288.01 W, 300.00 W, 72, 1950 MHz
2026/09/23 16:41:28.341, 0, 98 %, 88 %, 6159 MiB, 49140 MiB, 290.21 W, 300.00 W, 73, 1920 MHz
2026/09/23 16:41:29.341, 0, 97 %, 82 %, 6159 MiB, 49140 MiB, 290.47 W, 300.00 W, 71, 2115 MHz
2026/09/23 16:41:30.342, 0, 97 %, 87 %, 6159 MiB, 49140 MiB, 286.69 W, 300.00 W, 72, 1890 MHz
2026/09/23 16:41:31.343, 0, 97 %, 82 %, 6159 MiB, 49140 MiB, 287.96 W, 300.00 W, 73, 1860 MHz
2026/09/23 16:41:32.344, 0, 94 %, 83 %, 6159 MiB, 49140 MiB, 289.80 W, 300.00 W, 72, 1785 MHz
2026/09/23 16:41:33.345, 0, 98 %, 87 %, 6159 MiB, 49140 MiB, 288.99 W, 300.00 W, 73, 1980 MHz
2026/09/23 16:41:34.346, 0, 98 %, 86 %, 6159 MiB, 49140 MiB, 288.27 W, 300.00 W, 73, 2010 MHz
2026/09/23 16:41:35.346, 0, 98 %, 88 %, 6159 MiB, 49140 MiB, 290.64 W, 300.00 W, 73, 1635 MHz
2026/09/23 16:41:36.347, 0, 97 %, 83 %, 6159 MiB, 49140 MiB, 289.18 W, 300.00 W, 71, 2115 MHz
2026/09/23 16:41:37.348, 0, 98 %, 88 %, 6159 MiB, 49140 MiB, 288.02 W, 300.00 W, 72, 1935 MHz
2026/09/23 16:41:38.349, 0, 97 %, 84 %, 6159 MiB, 49140 MiB, 288.87 W, 300.00 W, 73, 1965 MHz
2026/09/23 16:41:39.350, 0, 95 %, 84 %, 6159 MiB, 49140 MiB, 290.18 W, 300.00 W, 72, 1800 MHz
2026/09/23 16:41:40.351, 0, 97 %, 87 %, 6159 MiB, 49140 MiB, 288.52 W, 300.00 W, 73, 2115 MHz
2026/09/23 16:41:41.352, 0, 96 %, 86 %, 6159 MiB, 49140 MiB, 288.37 W, 300.00 W, 73, 2100 MHz
2026/09/23 16:41:42.354, 0, 96 %, 86 %, 6159 MiB, 49140 MiB, 288.35 W, 300.00 W, 74, 2040 MHz
2026/09/23 16:41:43.355, 0, 97 %, 86 %, 6159 MiB, 49140 MiB, 287.45 W, 300.00 W, 72, 1710 MHz
2026/09/23 16:41:44.356, 0, 98 %, 86 %, 6159 MiB, 49140 MiB, 289.91 W, 300.00 W, 73, 2130 MHz
2026/09/23 16:41:45.356, 0, 97 %, 87 %, 6159 MiB, 49140 MiB, 287.45 W, 300.00 W, 72, 1860 MHz
2026/09/23 16:41:46.358, 0, 97 %, 82 %, 6159 MiB, 49140 MiB, 288.98 W, 300.00 W, 72, 1920 MHz
2026/09/23 16:41:47.358, 0, 93 %, 64 %, 6159 MiB, 49140 MiB, 294.23 W, 300.00 W, 69, 2370 MHz
2026/09/23 16:41:48.359, 0, 0 %, 0 %, 6159 MiB, 49140 MiB, 105.27 W, 300.00 W, 66, 2745 MHz
2026/09/23 16:41:49.359, 0, 0 %, 0 %, 6159 MiB, 49140 MiB, 151.50 W, 300.00 W, 71, 2175 MHz
2026/09/23 16:41:50.360, 0, 97 %, 88 %, 6159 MiB, 49140 MiB, 288.42 W, 300.00 W, 72, 2085 MHz
2026/09/23 16:41:51.360, 0, 94 %, 85 %, 6159 MiB, 49140 MiB, 286.72 W, 300.00 W, 72, 1725 MHz
2026/09/23 16:41:52.361, 0, 97 %, 86 %, 6159 MiB, 49140 MiB, 288.55 W, 300.00 W, 73, 2025 MHz
2026/09/23 16:41:53.362, 0, 97 %, 86 %, 6159 MiB, 49140 MiB, 288.00 W, 300.00 W, 71, 1755 MHz
2026/09/23 16:41:54.363, 0, 96 %, 82 %, 6159 MiB, 49140 MiB, 287.73 W, 300.00 W, 73, 1995 MHz
2026/09/23 16:41:55.364, 0, 97 %, 86 %, 6159 MiB, 49140 MiB, 289.27 W, 300.00 W, 71, 1815 MHz
2026/09/23 16:41:56.365, 0, 97 %, 87 %, 6159 MiB, 49140 MiB, 289.12 W, 300.00 W, 72, 2100 MHz
2026/09/23 16:41:57.369, 0, 97 %, 86 %, 6159 MiB, 49140 MiB, 286.15 W, 300.00 W, 72, 1980 MHz
2026/09/23 16:41:58.370, 0, 98 %, 87 %, 6159 MiB, 49140 MiB, 290.09 W, 300.00 W, 72, 1695 MHz
2026/09/23 16:41:59.371, 0, 97 %, 83 %, 6159 MiB, 49140 MiB, 289.96 W, 300.00 W, 73, 2070 MHz
2026/09/23 16:42:00.372, 0, 97 %, 87 %, 6159 MiB, 49140 MiB, 287.42 W, 300.00 W, 72, 1725 MHz
2026/09/23 16:42:01.373, 0, 98 %, 82 %, 6159 MiB, 49140 MiB, 289.64 W, 300.00 W, 74, 1980 MHz
2026/09/23 16:42:02.374, 0, 96 %, 85 %, 6159 MiB, 49140 MiB, 289.74 W, 300.00 W, 71, 1770 MHz
2026/09/23 16:42:03.375, 0, 97 %, 86 %, 6159 MiB, 49140 MiB, 289.80 W, 300.00 W, 72, 1980 MHz
2026/09/23 16:42:04.376, 0, 97 %, 85 %, 6159 MiB, 49140 MiB, 286.95 W, 300.00 W, 73, 2025 MHz
2026/09/23 16:42:05.376, 0, 98 %, 87 %, 6159 MiB, 49140 MiB, 290.11 W, 300.00 W, 72, 1635 MHz
2026/09/23 16:42:06.377, 0, 97 %, 83 %, 6159 MiB, 49140 MiB, 289.98 W, 300.00 W, 73, 2085 MHz
2026/09/23 16:42:07.380, 0, 98 %, 88 %, 6159 MiB, 49140 MiB, 287.59 W, 300.00 W, 73, 1800 MHz
2026/09/23 16:42:08.380, 0, 97 %, 81 %, 6159 MiB, 49140 MiB, 287.63 W, 300.00 W, 74, 1995 MHz
2026/09/23 16:42:09.382, 0, 96 %, 85 %, 6159 MiB, 49140 MiB, 289.04 W, 300.00 W, 72, 1695 MHz
2026/09/23 16:42:10.382, 0, 97 %, 83 %, 6159 MiB, 49140 MiB, 290.89 W, 300.00 W, 73, 2100 MHz
2026/09/23 16:42:11.383, 0, 97 %, 87 %, 6159 MiB, 49140 MiB, 289.92 W, 300.00 W, 74, 1650 MHz
2026/09/23 16:42:12.384, 0, 93 %, 65 %, 6159 MiB, 49140 MiB, 261.92 W, 300.00 W, 68, 2745 MHz
2026/09/23 16:42:13.385, 0, 0 %, 0 %, 6159 MiB, 49140 MiB, 162.18 W, 300.00 W, 71, 1725 MHz
2026/09/23 16:42:14.385, 0, 96 %, 85 %, 6159 MiB, 49140 MiB, 289.63 W, 300.00 W, 72, 2130 MHz
2026/09/23 16:42:15.386, 0, 98 %, 88 %, 6159 MiB, 49140 MiB, 287.30 W, 300.00 W, 72, 2010 MHz
2026/09/23 16:42:16.387, 0, 98 %, 88 %, 6159 MiB, 49140 MiB, 287.95 W, 300.00 W, 73, 1995 MHz
2026/09/23 16:42:17.388, 0, 95 %, 84 %, 6159 MiB, 49140 MiB, 288.85 W, 300.00 W, 72, 1995 MHz
2026/09/23 16:42:18.389, 0, 97 %, 86 %, 6159 MiB, 49140 MiB, 289.64 W, 300.00 W, 72, 1905 MHz
2026/09/23 16:42:19.390, 0, 95 %, 83 %, 6159 MiB, 49140 MiB, 286.79 W, 300.00 W, 73, 1695 MHz
2026/09/23 16:42:20.390, 0, 97 %, 86 %, 6159 MiB, 49140 MiB, 287.23 W, 300.00 W, 73, 1770 MHz
2026/09/23 16:42:21.391, 0, 95 %, 84 %, 6159 MiB, 49140 MiB, 288.12 W, 300.00 W, 71, 2085 MHz
2026/09/23 16:42:22.391, 0, 97 %, 88 %, 6159 MiB, 49140 MiB, 290.70 W, 300.00 W, 73, 2010 MHz
2026/09/23 16:42:23.392, 0, 98 %, 87 %, 6159 MiB, 49140 MiB, 288.09 W, 300.00 W, 72, 1800 MHz
2026/09/23 16:42:24.394, 0, 97 %, 85 %, 6159 MiB, 49140 MiB, 289.16 W, 300.00 W, 74, 1770 MHz
2026/09/23 16:42:25.394, 0, 96 %, 85 %, 6159 MiB, 49140 MiB, 290.80 W, 300.00 W, 71, 2070 MHz
2026/09/23 16:42:26.395, 0, 97 %, 86 %, 6159 MiB, 49140 MiB, 289.59 W, 300.00 W, 72, 1950 MHz
2026/09/23 16:42:27.397, 0, 97 %, 86 %, 6159 MiB, 49140 MiB, 289.64 W, 300.00 W, 72, 1875 MHz
2026/09/23 16:42:28.398, 0, 98 %, 87 %, 6159 MiB, 49140 MiB, 289.37 W, 300.00 W, 73, 1770 MHz
2026/09/23 16:42:29.400, 0, 94 %, 84 %, 6159 MiB, 49140 MiB, 288.30 W, 300.00 W, 72, 2070 MHz
2026/09/23 16:42:30.401, 0, 96 %, 84 %, 6159 MiB, 49140 MiB, 292.03 W, 300.00 W, 73, 1815 MHz
2026/09/23 16:42:31.401, 0, 98 %, 88 %, 6159 MiB, 49140 MiB, 288.80 W, 300.00 W, 72, 1920 MHz
2026/09/23 16:42:32.402, 0, 97 %, 83 %, 6159 MiB, 49140 MiB, 289.22 W, 300.00 W, 74, 1710 MHz
2026/09/23 16:42:33.403, 0, 95 %, 84 %, 6159 MiB, 49140 MiB, 289.85 W, 300.00 W, 71, 2085 MHz
2026/09/23 16:42:34.403, 0, 96 %, 86 %, 6159 MiB, 49140 MiB, 291.23 W, 300.00 W, 73, 1935 MHz
2026/09/23 16:42:35.405, 0, 97 %, 86 %, 6159 MiB, 49140 MiB, 289.41 W, 300.00 W, 74, 1650 MHz
2026/09/23 16:42:36.406, 0, 93 %, 65 %, 6159 MiB, 49140 MiB, 260.23 W, 300.00 W, 68, 2730 MHz
2026/09/23 16:42:37.406, 0, 0 %, 0 %, 6159 MiB, 49140 MiB, 157.65 W, 300.00 W, 73, 1920 MHz
2026/09/23 16:42:38.407, 0, 96 %, 84 %, 6159 MiB, 49140 MiB, 289.53 W, 300.00 W, 71, 2130 MHz
2026/09/23 16:42:39.408, 0, 98 %, 88 %, 6159 MiB, 49140 MiB, 290.29 W, 300.00 W, 73, 1995 MHz
2026/09/23 16:42:40.409, 0, 98 %, 87 %, 6159 MiB, 49140 MiB, 287.90 W, 300.00 W, 72, 1905 MHz
2026/09/23 16:42:41.409, 0, 97 %, 87 %, 6159 MiB, 49140 MiB, 290.14 W, 300.00 W, 73, 1770 MHz
2026/09/23 16:42:42.410, 0, 96 %, 85 %, 6159 MiB, 49140 MiB, 289.46 W, 300.00 W, 71, 2085 MHz
2026/09/23 16:42:43.412, 0, 98 %, 88 %, 6159 MiB, 49140 MiB, 290.36 W, 300.00 W, 72, 1950 MHz
2026/09/23 16:42:44.412, 0, 97 %, 86 %, 6159 MiB, 49140 MiB, 288.39 W, 300.00 W, 73, 1665 MHz
2026/09/23 16:42:45.413, 0, 98 %, 88 %, 6159 MiB, 49140 MiB, 289.75 W, 300.00 W, 73, 1785 MHz
2026/09/23 16:42:46.417, 0, 97 %, 84 %, 6159 MiB, 49140 MiB, 290.65 W, 300.00 W, 73, 1905 MHz
2026/09/23 16:42:47.418, 0, 98 %, 87 %, 6159 MiB, 49140 MiB, 289.38 W, 300.00 W, 72, 1920 MHz
2026/09/23 16:42:48.418, 0, 97 %, 81 %, 6159 MiB, 49140 MiB, 288.37 W, 300.00 W, 74, 1650 MHz
2026/09/23 16:42:49.420, 0, 97 %, 86 %, 6159 MiB, 49140 MiB, 289.50 W, 300.00 W, 72, 1995 MHz
2026/09/23 16:42:50.421, 0, 98 %, 83 %, 6159 MiB, 49140 MiB, 289.76 W, 300.00 W, 73, 1995 MHz
2026/09/23 16:42:51.422, 0, 97 %, 87 %, 6159 MiB, 49140 MiB, 287.97 W, 300.00 W, 72, 1935 MHz
2026/09/23 16:42:52.422, 0, 98 %, 82 %, 6159 MiB, 49140 MiB, 288.02 W, 300.00 W, 74, 1680 MHz
2026/09/23 16:42:53.423, 0, 98 %, 86 %, 6159 MiB, 49140 MiB, 289.89 W, 300.00 W, 72, 2190 MHz
2026/09/23 16:42:54.424, 0, 98 %, 84 %, 6159 MiB, 49140 MiB, 289.89 W, 300.00 W, 73, 1770 MHz
2026/09/23 16:42:55.424, 0, 97 %, 87 %, 6159 MiB, 49140 MiB, 286.69 W, 300.00 W, 73, 1980 MHz
2026/09/23 16:42:56.428, 0, 96 %, 82 %, 6159 MiB, 49140 MiB, 288.42 W, 300.00 W, 74, 1680 MHz
2026/09/23 16:42:57.429, 0, 96 %, 85 %, 6159 MiB, 49140 MiB, 289.90 W, 300.00 W, 71, 2100 MHz
2026/09/23 16:42:58.430, 0, 98 %, 88 %, 6159 MiB, 49140 MiB, 289.94 W, 300.00 W, 73, 1905 MHz
2026/09/23 16:42:59.430, 0, 96 %, 86 %, 6159 MiB, 49140 MiB, 288.36 W, 300.00 W, 73, 1770 MHz
2026/09/23 16:43:00.431, 0, 94 %, 65 %, 6159 MiB, 49140 MiB, 264.47 W, 300.00 W, 68, 2730 MHz
2026/09/23 16:43:01.431, 0, 0 %, 0 %, 6159 MiB, 49140 MiB, 170.44 W, 300.00 W, 71, 2040 MHz
2026/09/23 16:43:02.433, 0, 98 %, 85 %, 6159 MiB, 49140 MiB, 289.39 W, 300.00 W, 73, 1830 MHz
2026/09/23 16:43:03.434, 0, 98 %, 88 %, 6159 MiB, 49140 MiB, 287.39 W, 300.00 W, 72, 1905 MHz
2026/09/23 16:43:04.435, 0, 96 %, 83 %, 6159 MiB, 49140 MiB, 288.86 W, 300.00 W, 74, 1740 MHz
2026/09/23 16:43:05.436, 0, 94 %, 83 %, 6159 MiB, 49140 MiB, 289.88 W, 300.00 W, 71, 1935 MHz
2026/09/23 16:43:06.437, 0, 98 %, 88 %, 6159 MiB, 49140 MiB, 289.91 W, 300.00 W, 73, 1935 MHz
2026/09/23 16:43:07.437, 0, 97 %, 87 %, 6159 MiB, 49140 MiB, 288.60 W, 300.00 W, 73, 1770 MHz
2026/09/23 16:43:08.439, 0, 98 %, 86 %, 6159 MiB, 49140 MiB, 288.94 W, 300.00 W, 73, 2085 MHz
2026/09/23 16:43:09.439, 0, 97 %, 86 %, 6159 MiB, 49140 MiB, 289.96 W, 300.00 W, 72, 2025 MHz
2026/09/23 16:43:10.441, 0, 97 %, 86 %, 6159 MiB, 49140 MiB, 289.20 W, 300.00 W, 72, 1725 MHz
2026/09/23 16:43:11.442, 0, 97 %, 84 %, 6159 MiB, 49140 MiB, 287.85 W, 300.00 W, 74, 1800 MHz
2026/09/23 16:43:12.443, 0, 97 %, 87 %, 6159 MiB, 49140 MiB, 289.27 W, 300.00 W, 72, 1950 MHz
2026/09/23 16:43:13.443, 0, 98 %, 84 %, 6159 MiB, 49140 MiB, 290.48 W, 300.00 W, 73, 1935 MHz
2026/09/23 16:43:14.444, 0, 98 %, 87 %, 6159 MiB, 49140 MiB, 288.58 W, 300.00 W, 73, 1665 MHz
2026/09/23 16:43:15.444, 0, 98 %, 86 %, 6159 MiB, 49140 MiB, 289.62 W, 300.00 W, 74, 2115 MHz
2026/09/23 16:43:16.445, 0, 96 %, 85 %, 6159 MiB, 49140 MiB, 291.31 W, 300.00 W, 72, 2025 MHz
2026/09/23 16:43:17.446, 0, 97 %, 86 %, 6159 MiB, 49140 MiB, 290.17 W, 300.00 W, 72, 1755 MHz
2026/09/23 16:43:18.447, 0, 97 %, 84 %, 6159 MiB, 49140 MiB, 288.70 W, 300.00 W, 73, 1755 MHz
2026/09/23 16:43:19.447, 0, 98 %, 87 %, 6159 MiB, 49140 MiB, 288.48 W, 300.00 W, 73, 2115 MHz
2026/09/23 16:43:20.449, 0, 96 %, 84 %, 6159 MiB, 49140 MiB, 290.15 W, 300.00 W, 72, 1995 MHz
2026/09/23 16:43:21.451, 0, 97 %, 86 %, 6159 MiB, 49140 MiB, 289.97 W, 300.00 W, 72, 1665 MHz
2026/09/23 16:43:22.451, 0, 97 %, 84 %, 6159 MiB, 49140 MiB, 289.57 W, 300.00 W, 74, 1815 MHz
2026/09/23 16:43:23.452, 0, 98 %, 87 %, 6159 MiB, 49140 MiB, 290.87 W, 300.00 W, 74, 1620 MHz
2026/09/23 16:43:24.455, 0, 94 %, 64 %, 6159 MiB, 49140 MiB, 259.05 W, 300.00 W, 68, 2730 MHz
2026/09/23 16:43:25.455, 0, 0 %, 0 %, 6159 MiB, 49140 MiB, 164.49 W, 300.00 W, 71, 1845 MHz
2026/09/23 16:43:26.456, 0, 97 %, 87 %, 6159 MiB, 49140 MiB, 288.68 W, 300.00 W, 72, 1935 MHz
2026/09/23 16:43:27.457, 0, 97 %, 88 %, 6159 MiB, 49140 MiB, 287.44 W, 300.00 W, 73, 1755 MHz
2026/09/23 16:43:28.458, 0, 98 %, 88 %, 6159 MiB, 49140 MiB, 290.13 W, 300.00 W, 73, 2100 MHz
2026/09/23 16:43:29.458, 0, 94 %, 83 %, 6159 MiB, 49140 MiB, 289.13 W, 300.00 W, 71, 1965 MHz
2026/09/23 16:43:30.459, 0, 97 %, 86 %, 6159 MiB, 49140 MiB, 289.12 W, 300.00 W, 72, 1740 MHz
2026/09/23 16:43:31.460, 0, 98 %, 84 %, 6159 MiB, 49140 MiB, 289.30 W, 300.00 W, 74, 1785 MHz
2026/09/23 16:43:32.461, 0, 98 %, 88 %, 6159 MiB, 49140 MiB, 290.56 W, 300.00 W, 72, 1905 MHz
2026/09/23 16:43:33.462, 0, 97 %, 82 %, 6159 MiB, 49140 MiB, 290.62 W, 300.00 W, 73, 1845 MHz
2026/09/23 16:43:34.462, 0, 97 %, 86 %, 6159 MiB, 49140 MiB, 288.88 W, 300.00 W, 72, 1605 MHz
2026/09/23 16:43:35.463, 0, 96 %, 81 %, 6159 MiB, 49140 MiB, 287.94 W, 300.00 W, 74, 1860 MHz
2026/09/23 16:43:36.464, 0, 97 %, 86 %, 6159 MiB, 49140 MiB, 289.58 W, 300.00 W, 72, 2025 MHz
2026/09/23 16:43:37.465, 0, 97 %, 82 %, 6159 MiB, 49140 MiB, 290.45 W, 300.00 W, 74, 2040 MHz
2026/09/23 16:43:38.466, 0, 96 %, 85 %, 6159 MiB, 49140 MiB, 287.78 W, 300.00 W, 72, 1710 MHz
2026/09/23 16:43:39.468, 0, 97 %, 84 %, 6159 MiB, 49140 MiB, 288.86 W, 300.00 W, 74, 1770 MHz
2026/09/23 16:43:40.468, 0, 97 %, 87 %, 6159 MiB, 49140 MiB, 290.05 W, 300.00 W, 72, 1890 MHz
2026/09/23 16:43:41.469, 0, 92 %, 80 %, 6159 MiB, 49140 MiB, 289.29 W, 300.00 W, 72, 1995 MHz
2026/09/23 16:43:42.470, 0, 97 %, 86 %, 6159 MiB, 49140 MiB, 288.88 W, 300.00 W, 73, 1845 MHz
2026/09/23 16:43:43.471, 0, 98 %, 86 %, 6159 MiB, 49140 MiB, 288.42 W, 300.00 W, 73, 1785 MHz
2026/09/23 16:43:44.472, 0, 97 %, 87 %, 6159 MiB, 49140 MiB, 291.10 W, 300.00 W, 73, 1980 MHz
2026/09/23 16:43:45.472, 0, 97 %, 83 %, 6159 MiB, 49140 MiB, 291.28 W, 300.00 W, 74, 2085 MHz
2026/09/23 16:43:46.473, 0, 97 %, 86 %, 6159 MiB, 49140 MiB, 289.70 W, 300.00 W, 73, 1605 MHz
2026/09/23 16:43:47.475, 0, 98 %, 81 %, 6159 MiB, 49140 MiB, 289.51 W, 300.00 W, 74, 1740 MHz
2026/09/23 16:43:48.475, 0, 93 %, 66 %, 6159 MiB, 49140 MiB, 262.32 W, 300.00 W, 68, 2730 MHz
2026/09/23 16:43:49.476, 0, 0 %, 0 %, 6159 MiB, 49140 MiB, 156.95 W, 300.00 W, 73, 1785 MHz
2026/09/23 16:43:50.476, 0, 98 %, 87 %, 6159 MiB, 49140 MiB, 289.32 W, 300.00 W, 72, 1845 MHz
2026/09/23 16:43:51.477, 0, 94 %, 81 %, 6159 MiB, 49140 MiB, 288.02 W, 300.00 W, 72, 2010 MHz
2026/09/23 16:43:52.478, 0, 97 %, 86 %, 6159 MiB, 49140 MiB, 287.95 W, 300.00 W, 72, 1680 MHz
2026/09/23 16:43:53.479, 0, 97 %, 82 %, 6159 MiB, 49140 MiB, 288.62 W, 300.00 W, 74, 1920 MHz
2026/09/23 16:43:54.481, 0, 97 %, 86 %, 6159 MiB, 49140 MiB, 289.56 W, 300.00 W, 72, 1905 MHz
2026/09/23 16:43:55.482, 0, 98 %, 87 %, 6159 MiB, 49140 MiB, 291.05 W, 300.00 W, 73, 1665 MHz
2026/09/23 16:43:56.483, 0, 98 %, 87 %, 6159 MiB, 49140 MiB, 289.40 W, 300.00 W, 73, 2100 MHz
2026/09/23 16:43:57.484, 0, 98 %, 88 %, 6159 MiB, 49140 MiB, 290.53 W, 300.00 W, 73, 1995 MHz
2026/09/23 16:43:58.485, 0, 97 %, 85 %, 6159 MiB, 49140 MiB, 290.74 W, 300.00 W, 73, 1665 MHz
2026/09/23 16:43:59.486, 0, 93 %, 82 %, 6159 MiB, 49140 MiB, 289.22 W, 300.00 W, 72, 1755 MHz
2026/09/23 16:44:00.486, 0, 97 %, 83 %, 6159 MiB, 49140 MiB, 288.67 W, 300.00 W, 74, 1980 MHz
2026/09/23 16:44:01.487, 0, 98 %, 87 %, 6159 MiB, 49140 MiB, 290.23 W, 300.00 W, 73, 2055 MHz
2026/09/23 16:44:02.488, 0, 98 %, 83 %, 6159 MiB, 49140 MiB, 290.69 W, 300.00 W, 74, 1680 MHz
2026/09/23 16:44:03.488, 0, 97 %, 86 %, 6159 MiB, 49140 MiB, 289.10 W, 300.00 W, 72, 1875 MHz
2026/09/23 16:44:04.489, 0, 98 %, 82 %, 6159 MiB, 49140 MiB, 287.97 W, 300.00 W, 74, 1950 MHz
2026/09/23 16:44:05.491, 0, 97 %, 83 %, 6159 MiB, 49140 MiB, 286.88 W, 300.00 W, 73, 2145 MHz
2026/09/23 16:44:06.493, 0, 96 %, 85 %, 6159 MiB, 49140 MiB, 288.89 W, 300.00 W, 74, 1755 MHz
2026/09/23 16:44:07.494, 0, 98 %, 84 %, 6159 MiB, 49140 MiB, 289.38 W, 300.00 W, 72, 1890 MHz
2026/09/23 16:44:08.496, 0, 98 %, 87 %, 6159 MiB, 49140 MiB, 290.81 W, 300.00 W, 73, 1650 MHz
2026/09/23 16:44:09.496, 0, 92 %, 81 %, 6159 MiB, 49140 MiB, 287.34 W, 300.00 W, 72, 1830 MHz
2026/09/23 16:44:10.497, 0, 98 %, 87 %, 6159 MiB, 49140 MiB, 290.18 W, 300.00 W, 74, 1905 MHz
2026/09/23 16:44:11.498, 0, 96 %, 66 %, 6159 MiB, 49140 MiB, 295.92 W, 300.00 W, 75, 1620 MHz
2026/09/23 16:44:12.499, 0, 0 %, 0 %, 6159 MiB, 49140 MiB, 154.70 W, 300.00 W, 67, 2730 MHz
2026/09/23 16:44:13.499, 0, 98 %, 87 %, 6159 MiB, 49140 MiB, 263.45 W, 300.00 W, 72, 2025 MHz
2026/09/23 16:44:14.500, 0, 94 %, 85 %, 6159 MiB, 49140 MiB, 287.48 W, 300.00 W, 72, 1905 MHz
2026/09/23 16:44:15.501, 0, 96 %, 86 %, 6159 MiB, 49140 MiB, 286.66 W, 300.00 W, 72, 1755 MHz
2026/09/23 16:44:16.503, 0, 98 %, 88 %, 6159 MiB, 49140 MiB, 289.16 W, 300.00 W, 74, 2010 MHz
2026/09/23 16:44:17.503, 0, 96 %, 86 %, 6159 MiB, 49140 MiB, 288.11 W, 300.00 W, 72, 2115 MHz
2026/09/23 16:44:18.505, 0, 98 %, 87 %, 6159 MiB, 49140 MiB, 290.02 W, 300.00 W, 73, 1740 MHz
2026/09/23 16:44:19.506, 0, 95 %, 83 %, 6159 MiB, 49140 MiB, 287.22 W, 300.00 W, 72, 1830 MHz
2026/09/23 16:44:20.507, 0, 97 %, 86 %, 6159 MiB, 49140 MiB, 289.50 W, 300.00 W, 74, 1995 MHz
2026/09/23 16:44:21.507, 0, 97 %, 86 %, 6159 MiB, 49140 MiB, 289.73 W, 300.00 W, 72, 1935 MHz
2026/09/23 16:44:22.509, 0, 96 %, 86 %, 6159 MiB, 49140 MiB, 289.16 W, 300.00 W, 73, 1620 MHz
2026/09/23 16:44:23.509, 0, 97 %, 82 %, 6159 MiB, 49140 MiB, 289.35 W, 300.00 W, 73, 2100 MHz
2026/09/23 16:44:24.512, 0, 97 %, 87 %, 6159 MiB, 49140 MiB, 289.10 W, 300.00 W, 73, 1995 MHz
2026/09/23 16:44:25.513, 0, 97 %, 86 %, 6159 MiB, 49140 MiB, 290.20 W, 300.00 W, 73, 1695 MHz
2026/09/23 16:44:26.514, 0, 95 %, 84 %, 6159 MiB, 49140 MiB, 287.38 W, 300.00 W, 72, 1815 MHz
2026/09/23 16:44:27.515, 0, 97 %, 86 %, 6159 MiB, 49140 MiB, 289.19 W, 300.00 W, 74, 1920 MHz
2026/09/23 16:44:28.517, 0, 97 %, 82 %, 6159 MiB, 49140 MiB, 289.94 W, 300.00 W, 71, 1935 MHz
2026/09/23 16:44:29.517, 0, 96 %, 85 %, 6159 MiB, 49140 MiB, 289.18 W, 300.00 W, 73, 1710 MHz
2026/09/23 16:44:30.519, 0, 98 %, 88 %, 6159 MiB, 49140 MiB, 288.53 W, 300.00 W, 73, 2070 MHz
2026/09/23 16:44:31.520, 0, 94 %, 80 %, 6159 MiB, 49140 MiB, 288.68 W, 300.00 W, 73, 2160 MHz
2026/09/23 16:44:32.520, 0, 98 %, 89 %, 6159 MiB, 49140 MiB, 289.77 W, 300.00 W, 73, 1740 MHz
2026/09/23 16:44:33.521, 0, 97 %, 83 %, 6159 MiB, 49140 MiB, 288.64 W, 300.00 W, 72, 1800 MHz
2026/09/23 16:44:34.522, 0, 98 %, 89 %, 6159 MiB, 49140 MiB, 290.32 W, 300.00 W, 74, 1725 MHz
2026/09/23 16:44:35.523, 0, 92 %, 65 %, 6159 MiB, 49140 MiB, 294.77 W, 300.00 W, 74, 1680 MHz
2026/09/23 16:44:36.524, 0, 0 %, 0 %, 6159 MiB, 49140 MiB, 152.82 W, 300.00 W, 67, 2730 MHz
2026/09/23 16:44:37.524, 0, 95 %, 87 %, 6159 MiB, 49140 MiB, 264.06 W, 300.00 W, 72, 1845 MHz
2026/09/23 16:44:38.525, 0, 97 %, 83 %, 6159 MiB, 49140 MiB, 286.92 W, 300.00 W, 72, 1770 MHz
2026/09/23 16:44:39.525, 0, 97 %, 87 %, 6159 MiB, 49140 MiB, 288.77 W, 300.00 W, 74, 1995 MHz
2026/09/23 16:44:40.527, 0, 97 %, 81 %, 6159 MiB, 49140 MiB, 289.31 W, 300.00 W, 72, 1950 MHz
2026/09/23 16:44:41.527, 0, 94 %, 84 %, 6159 MiB, 49140 MiB, 289.20 W, 300.00 W, 72, 1680 MHz
2026/09/23 16:44:42.529, 0, 97 %, 86 %, 6159 MiB, 49140 MiB, 287.71 W, 300.00 W, 73, 2085 MHz
2026/09/23 16:44:43.529, 0, 97 %, 86 %, 6159 MiB, 49140 MiB, 289.69 W, 300.00 W, 73, 1935 MHz
2026/09/23 16:44:44.530, 0, 98 %, 88 %, 6159 MiB, 49140 MiB, 290.03 W, 300.00 W, 72, 1740 MHz
2026/09/23 16:44:45.531, 0, 98 %, 84 %, 6159 MiB, 49140 MiB, 288.86 W, 300.00 W, 72, 1935 MHz
2026/09/23 16:44:46.532, 0, 98 %, 89 %, 6159 MiB, 49140 MiB, 290.04 W, 300.00 W, 74, 2085 MHz
2026/09/23 16:44:47.532, 0, 97 %, 82 %, 6159 MiB, 49140 MiB, 290.20 W, 300.00 W, 72, 1620 MHz
2026/09/23 16:44:48.533, 0, 95 %, 85 %, 6159 MiB, 49140 MiB, 288.77 W, 300.00 W, 73, 2115 MHz
2026/09/23 16:44:49.534, 0, 98 %, 88 %, 6159 MiB, 49140 MiB, 288.58 W, 300.00 W, 73, 1830 MHz
2026/09/23 16:44:50.534, 0, 98 %, 86 %, 6159 MiB, 49140 MiB, 289.23 W, 300.00 W, 73, 1935 MHz
2026/09/23 16:44:51.536, 0, 96 %, 87 %, 6159 MiB, 49140 MiB, 290.62 W, 300.00 W, 73, 1755 MHz
2026/09/23 16:44:52.537, 0, 97 %, 84 %, 6159 MiB, 49140 MiB, 287.30 W, 300.00 W, 73, 1995 MHz
2026/09/23 16:44:53.538, 0, 98 %, 88 %, 6159 MiB, 49140 MiB, 289.99 W, 300.00 W, 73, 1875 MHz
2026/09/23 16:44:54.538, 0, 98 %, 85 %, 6159 MiB, 49140 MiB, 290.24 W, 300.00 W, 72, 1680 MHz
2026/09/23 16:44:55.539, 0, 96 %, 85 %, 6159 MiB, 49140 MiB, 288.48 W, 300.00 W, 73, 2085 MHz
2026/09/23 16:44:56.540, 0, 98 %, 86 %, 6159 MiB, 49140 MiB, 286.18 W, 300.00 W, 72, 1920 MHz
2026/09/23 16:44:57.541, 0, 98 %, 88 %, 6159 MiB, 49140 MiB, 290.34 W, 300.00 W, 74, 1950 MHz
2026/09/23 16:44:58.542, 0, 97 %, 84 %, 6159 MiB, 49140 MiB, 289.90 W, 300.00 W, 71, 1710 MHz
2026/09/23 16:44:59.542, 0, 93 %, 64 %, 6159 MiB, 49140 MiB, 294.61 W, 300.00 W, 74, 1650 MHz
2026/09/23 16:45:00.543, 0, 0 %, 0 %, 6159 MiB, 49140 MiB, 149.07 W, 300.00 W, 67, 2730 MHz
2026/09/23 16:45:01.544, 0, 98 %, 85 %, 6159 MiB, 49140 MiB, 268.23 W, 300.00 W, 72, 2100 MHz
2026/09/23 16:45:02.547, 0, 97 %, 88 %, 6159 MiB, 49140 MiB, 288.71 W, 300.00 W, 74, 2145 MHz
2026/09/23 16:45:03.548, 0, 98 %, 86 %, 6159 MiB, 49140 MiB, 291.62 W, 300.00 W, 71, 1695 MHz
2026/09/23 16:45:04.548, 0, 94 %, 84 %, 6159 MiB, 49140 MiB, 288.03 W, 300.00 W, 72, 2145 MHz
2026/09/23 16:45:05.549, 0, 98 %, 86 %, 6159 MiB, 49140 MiB, 286.99 W, 300.00 W, 72, 1785 MHz
2026/09/23 16:45:06.550, 0, 98 %, 88 %, 6159 MiB, 49140 MiB, 290.42 W, 300.00 W, 73, 1980 MHz
2026/09/23 16:45:07.551, 0, 98 %, 87 %, 6159 MiB, 49140 MiB, 290.30 W, 300.00 W, 72, 1665 MHz
2026/09/23 16:45:08.552, 0, 97 %, 83 %, 6159 MiB, 49140 MiB, 288.36 W, 300.00 W, 72, 2070 MHz
2026/09/23 16:45:09.553, 0, 97 %, 86 %, 6159 MiB, 49140 MiB, 288.56 W, 300.00 W, 74, 2055 MHz
2026/09/23 16:45:10.554, 0, 97 %, 80 %, 6159 MiB, 49140 MiB, 290.59 W, 300.00 W, 72, 1695 MHz
2026/09/23 16:45:11.555, 0, 96 %, 86 %, 6159 MiB, 49140 MiB, 289.51 W, 300.00 W, 73, 1860 MHz
2026/09/23 16:45:12.557, 0, 96 %, 86 %, 6159 MiB, 49140 MiB, 288.54 W, 300.00 W, 72, 1740 MHz
2026/09/23 16:45:13.557, 0, 98 %, 88 %, 6159 MiB, 49140 MiB, 288.60 W, 300.00 W, 74, 1935 MHz
2026/09/23 16:45:14.558, 0, 98 %, 86 %, 6159 MiB, 49140 MiB, 291.70 W, 300.00 W, 71, 1680 MHz
2026/09/23 16:45:15.560, 0, 95 %, 84 %, 6159 MiB, 49140 MiB, 286.85 W, 300.00 W, 73, 2100 MHz
2026/09/23 16:45:16.561, 0, 97 %, 87 %, 6159 MiB, 49140 MiB, 288.11 W, 300.00 W, 73, 1725 MHz
2026/09/23 16:45:17.561, 0, 97 %, 87 %, 6159 MiB, 49140 MiB, 290.01 W, 300.00 W, 73, 1965 MHz
2026/09/23 16:45:18.563, 0, 95 %, 82 %, 6159 MiB, 49140 MiB, 288.62 W, 300.00 W, 71, 1650 MHz
2026/09/23 16:45:19.564, 0, 95 %, 85 %, 6159 MiB, 49140 MiB, 287.50 W, 300.00 W, 73, 2010 MHz
2026/09/23 16:45:20.565, 0, 97 %, 87 %, 6159 MiB, 49140 MiB, 288.65 W, 300.00 W, 73, 1710 MHz
2026/09/23 16:45:21.566, 0, 97 %, 88 %, 6159 MiB, 49140 MiB, 290.12 W, 300.00 W, 74, 1935 MHz
2026/09/23 16:45:22.566, 0, 98 %, 88 %, 6159 MiB, 49140 MiB, 290.76 W, 300.00 W, 72, 1770 MHz
2026/09/23 16:45:23.567, 0, 94 %, 65 %, 6159 MiB, 49140 MiB, 292.62 W, 300.00 W, 74, 1620 MHz
2026/09/23 16:45:24.568, 0, 0 %, 0 %, 6159 MiB, 49140 MiB, 149.26 W, 300.00 W, 67, 2730 MHz
2026/09/23 16:45:25.569, 0, 0 %, 0 %, 6159 MiB, 49140 MiB, 88.21 W, 300.00 W, 67, 2730 MHz
2026/09/23 16:45:26.571, 0, 98 %, 87 %, 6159 MiB, 49140 MiB, 198.85 W, 300.00 W, 71, 2085 MHz
2026/09/23 16:45:27.572, 0, 98 %, 87 %, 6159 MiB, 49140 MiB, 287.45 W, 300.00 W, 72, 2070 MHz
2026/09/23 16:45:28.572, 0, 98 %, 89 %, 6159 MiB, 49140 MiB, 289.68 W, 300.00 W, 72, 1830 MHz
2026/09/23 16:45:29.573, 0, 98 %, 84 %, 6159 MiB, 49140 MiB, 285.82 W, 300.00 W, 72, 1980 MHz
2026/09/23 16:45:30.575, 0, 98 %, 88 %, 6159 MiB, 49140 MiB, 287.82 W, 300.00 W, 74, 1995 MHz
2026/09/23 16:45:31.575, 0, 97 %, 81 %, 6159 MiB, 49140 MiB, 289.59 W, 300.00 W, 71, 1650 MHz
2026/09/23 16:45:32.576, 0, 91 %, 82 %, 6159 MiB, 49140 MiB, 287.11 W, 300.00 W, 72, 1815 MHz
2026/09/23 16:45:33.577, 0, 98 %, 88 %, 6159 MiB, 49140 MiB, 287.30 W, 300.00 W, 72, 1950 MHz
2026/09/23 16:45:34.578, 0, 98 %, 87 %, 6159 MiB, 49140 MiB, 288.58 W, 300.00 W, 73, 1695 MHz
2026/09/23 16:45:35.580, 0, 98 %, 89 %, 6159 MiB, 49140 MiB, 289.90 W, 300.00 W, 72, 2220 MHz
2026/09/23 16:45:36.583, 0, 96 %, 83 %, 6159 MiB, 49140 MiB, 286.24 W, 300.00 W, 72, 1935 MHz
2026/09/23 16:45:37.584, 0, 98 %, 88 %, 6159 MiB, 49140 MiB, 288.81 W, 300.00 W, 73, 1830 MHz
2026/09/23 16:45:38.584, 0, 98 %, 82 %, 6159 MiB, 49140 MiB, 290.20 W, 300.00 W, 72, 1890 MHz
2026/09/23 16:45:39.585, 0, 95 %, 85 %, 6159 MiB, 49140 MiB, 288.54 W, 300.00 W, 73, 1725 MHz
2026/09/23 16:45:40.586, 0, 94 %, 84 %, 6159 MiB, 49140 MiB, 288.09 W, 300.00 W, 73, 2040 MHz
2026/09/23 16:45:41.587, 0, 98 %, 82 %, 6159 MiB, 49140 MiB, 288.47 W, 300.00 W, 73, 1755 MHz
2026/09/23 16:45:42.587, 0, 94 %, 86 %, 6159 MiB, 49140 MiB, 290.19 W, 300.00 W, 73, 2130 MHz
2026/09/23 16:45:43.588, 0, 98 %, 84 %, 6159 MiB, 49140 MiB, 287.91 W, 300.00 W, 73, 2055 MHz
2026/09/23 16:45:44.589, 0, 97 %, 87 %, 6159 MiB, 49140 MiB, 290.48 W, 300.00 W, 73, 1620 MHz
2026/09/23 16:45:45.590, 0, 98 %, 89 %, 6159 MiB, 49140 MiB, 291.61 W, 300.00 W, 73, 2100 MHz
2026/09/23 16:45:46.592, 0, 95 %, 85 %, 6159 MiB, 49140 MiB, 286.42 W, 300.00 W, 72, 1770 MHz
2026/09/23 16:45:47.593, 0, 98 %, 88 %, 6159 MiB, 49140 MiB, 288.92 W, 300.00 W, 74, 1980 MHz
2026/09/23 16:45:48.594, 0, 94 %, 66 %, 6159 MiB, 49140 MiB, 294.13 W, 300.00 W, 74, 1620 MHz
2026/09/23 16:45:49.595, 0, 0 %, 0 %, 6159 MiB, 49140 MiB, 157.34 W, 300.00 W, 67, 2730 MHz
2026/09/23 16:45:50.596, 0, 91 %, 83 %, 6159 MiB, 49140 MiB, 103.96 W, 300.00 W, 70, 1935 MHz
2026/09/23 16:45:51.596, 0, 98 %, 89 %, 6159 MiB, 49140 MiB, 292.43 W, 300.00 W, 73, 1920 MHz
2026/09/23 16:45:52.597, 0, 95 %, 79 %, 6159 MiB, 49140 MiB, 287.63 W, 300.00 W, 70, 1845 MHz
2026/09/23 16:45:53.598, 0, 95 %, 85 %, 6159 MiB, 49140 MiB, 287.62 W, 300.00 W, 72, 1980 MHz
2026/09/23 16:45:54.599, 0, 98 %, 87 %, 6159 MiB, 49140 MiB, 286.93 W, 300.00 W, 73, 1935 MHz
2026/09/23 16:45:55.604, 0, 96 %, 86 %, 6159 MiB, 49140 MiB, 286.47 W, 300.00 W, 72, 1650 MHz
2026/09/23 16:45:56.604, 0, 97 %, 89 %, 6159 MiB, 49140 MiB, 289.80 W, 300.00 W, 72, 2145 MHz
2026/09/23 16:45:57.605, 0, 98 %, 84 %, 6159 MiB, 49140 MiB, 288.26 W, 300.00 W, 72, 2070 MHz
2026/09/23 16:45:58.607, 0, 98 %, 87 %, 6159 MiB, 49140 MiB, 289.30 W, 300.00 W, 71, 1725 MHz
2026/09/23 16:45:59.608, 0, 98 %, 88 %, 6159 MiB, 49140 MiB, 288.87 W, 300.00 W, 73, 1755 MHz
2026/09/23 16:46:00.609, 0, 97 %, 84 %, 6159 MiB, 49140 MiB, 287.28 W, 300.00 W, 72, 1995 MHz
2026/09/23 16:46:01.610, 0, 98 %, 89 %, 6159 MiB, 49140 MiB, 288.80 W, 300.00 W, 73, 1680 MHz
2026/09/23 16:46:02.612, 0, 98 %, 82 %, 6159 MiB, 49140 MiB, 289.82 W, 300.00 W, 72, 1905 MHz
2026/09/23 16:46:03.613, 0, 96 %, 86 %, 6159 MiB, 49140 MiB, 288.12 W, 300.00 W, 72, 1740 MHz
2026/09/23 16:46:04.614, 0, 98 %, 89 %, 6159 MiB, 49140 MiB, 288.05 W, 300.00 W, 74, 1995 MHz
2026/09/23 16:46:05.614, 0, 97 %, 80 %, 6159 MiB, 49140 MiB, 290.74 W, 300.00 W, 71, 1815 MHz
2026/09/23 16:46:06.616, 0, 96 %, 86 %, 6159 MiB, 49140 MiB, 289.42 W, 300.00 W, 72, 1890 MHz
2026/09/23 16:46:07.616, 0, 97 %, 86 %, 6159 MiB, 49140 MiB, 288.43 W, 300.00 W, 73, 1905 MHz
2026/09/23 16:46:08.617, 0, 98 %, 89 %, 6159 MiB, 49140 MiB, 288.66 W, 300.00 W, 73, 1710 MHz
2026/09/23 16:46:09.619, 0, 98 %, 82 %, 6159 MiB, 49140 MiB, 289.57 W, 300.00 W, 72, 1920 MHz
2026/09/23 16:46:10.619, 0, 95 %, 85 %, 6159 MiB, 49140 MiB, 289.41 W, 300.00 W, 72, 1890 MHz
2026/09/23 16:46:11.620, 0, 98 %, 88 %, 6159 MiB, 49140 MiB, 288.81 W, 300.00 W, 74, 1965 MHz
2026/09/23 16:46:12.621, 0, 97 %, 85 %, 6159 MiB, 49140 MiB, 287.93 W, 300.00 W, 72, 1695 MHz
2026/09/23 16:46:13.622, 0, 93 %, 65 %, 6159 MiB, 49140 MiB, 297.81 W, 300.00 W, 73, 1605 MHz
2026/09/23 16:46:14.622, 0, 0 %, 0 %, 6159 MiB, 49140 MiB, 116.87 W, 300.00 W, 67, 2730 MHz
2026/09/23 16:46:15.624, 0, 97 %, 88 %, 6159 MiB, 49140 MiB, 123.81 W, 300.00 W, 72, 2010 MHz
2026/09/23 16:46:16.625, 0, 98 %, 82 %, 6159 MiB, 49140 MiB, 288.56 W, 300.00 W, 71, 1845 MHz
2026/09/23 16:46:17.626, 0, 94 %, 84 %, 6159 MiB, 49140 MiB, 287.43 W, 300.00 W, 71, 1890 MHz
2026/09/23 16:46:18.627, 0, 98 %, 88 %, 6159 MiB, 49140 MiB, 288.12 W, 300.00 W, 73, 1950 MHz
2026/09/23 16:46:19.628, 0, 98 %, 82 %, 6159 MiB, 49140 MiB, 288.34 W, 300.00 W, 70, 1800 MHz
2026/09/23 16:46:20.629, 0, 94 %, 85 %, 6159 MiB, 49140 MiB, 289.01 W, 300.00 W, 72, 2055 MHz
2026/09/23 16:46:21.630, 0, 98 %, 89 %, 6159 MiB, 49140 MiB, 287.93 W, 300.00 W, 73, 1740 MHz
2026/09/23 16:46:22.632, 0, 98 %, 81 %, 6159 MiB, 49140 MiB, 289.52 W, 300.00 W, 71, 2115 MHz
2026/09/23 16:46:23.633, 0, 96 %, 85 %, 6159 MiB, 49140 MiB, 288.90 W, 300.00 W, 72, 2010 MHz
2026/09/23 16:46:24.634, 0, 98 %, 89 %, 6159 MiB, 49140 MiB, 288.58 W, 300.00 W, 74, 1695 MHz
2026/09/23 16:46:25.635, 0, 98 %, 87 %, 6159 MiB, 49140 MiB, 287.79 W, 300.00 W, 71, 2100 MHz
2026/09/23 16:46:26.636, 0, 93 %, 84 %, 6159 MiB, 49140 MiB, 288.49 W, 300.00 W, 73, 1785 MHz
2026/09/23 16:46:27.637, 0, 97 %, 84 %, 6159 MiB, 49140 MiB, 286.03 W, 300.00 W, 72, 1950 MHz
2026/09/23 16:46:28.638, 0, 95 %, 86 %, 6159 MiB, 49140 MiB, 288.15 W, 300.00 W, 73, 1845 MHz
2026/09/23 16:46:29.639, 0, 98 %, 86 %, 6159 MiB, 49140 MiB, 289.38 W, 300.00 W, 73, 1800 MHz
2026/09/23 16:46:30.641, 0, 97 %, 84 %, 6159 MiB, 49140 MiB, 288.30 W, 300.00 W, 72, 1935 MHz
2026/09/23 16:46:31.641, 0, 97 %, 88 %, 6159 MiB, 49140 MiB, 288.80 W, 300.00 W, 73, 1815 MHz
2026/09/23 16:46:32.642, 0, 98 %, 85 %, 6159 MiB, 49140 MiB, 289.41 W, 300.00 W, 73, 1890 MHz
2026/09/23 16:46:33.643, 0, 96 %, 83 %, 6159 MiB, 49140 MiB, 289.13 W, 300.00 W, 72, 1980 MHz
2026/09/23 16:46:34.644, 0, 98 %, 87 %, 6159 MiB, 49140 MiB, 288.83 W, 300.00 W, 73, 1785 MHz
2026/09/23 16:46:35.644, 0, 97 %, 81 %, 6159 MiB, 49140 MiB, 289.55 W, 300.00 W, 72, 2115 MHz
2026/09/23 16:46:36.645, 0, 96 %, 86 %, 6159 MiB, 49140 MiB, 288.36 W, 300.00 W, 72, 1995 MHz
2026/09/23 16:46:37.646, 0, 92 %, 67 %, 6159 MiB, 49140 MiB, 288.28 W, 300.00 W, 73, 1785 MHz
2026/09/23 16:46:38.650, 0, 0 %, 0 %, 6159 MiB, 49140 MiB, 279.89 W, 300.00 W, 68, 2505 MHz
2026/09/23 16:46:39.650, 0, 98 %, 85 %, 6159 MiB, 49140 MiB, 129.25 W, 300.00 W, 72, 2070 MHz
2026/09/23 16:46:40.651, 0, 98 %, 87 %, 6159 MiB, 49140 MiB, 288.48 W, 300.00 W, 72, 2040 MHz
2026/09/23 16:46:41.653, 0, 98 %, 89 %, 6159 MiB, 49140 MiB, 289.03 W, 300.00 W, 73, 1815 MHz
2026/09/23 16:46:42.654, 0, 95 %, 83 %, 6159 MiB, 49140 MiB, 286.30 W, 300.00 W, 72, 1995 MHz
2026/09/23 16:46:43.654, 0, 98 %, 87 %, 6159 MiB, 49140 MiB, 287.75 W, 300.00 W, 73, 1800 MHz
2026/09/23 16:46:44.656, 0, 97 %, 82 %, 6159 MiB, 49140 MiB, 289.68 W, 300.00 W, 72, 1950 MHz
2026/09/23 16:46:45.657, 0, 94 %, 84 %, 6159 MiB, 49140 MiB, 288.08 W, 300.00 W, 72, 1965 MHz
2026/09/23 16:46:46.658, 0, 98 %, 88 %, 6159 MiB, 49140 MiB, 287.19 W, 300.00 W, 74, 1665 MHz
2026/09/23 16:46:47.661, 0, 98 %, 82 %, 6159 MiB, 49140 MiB, 290.38 W, 300.00 W, 71, 2115 MHz
2026/09/23 16:46:48.662, 0, 95 %, 85 %, 6159 MiB, 49140 MiB, 289.44 W, 300.00 W, 72, 2010 MHz
2026/09/23 16:46:49.663, 0, 94 %, 82 %, 6159 MiB, 49140 MiB, 285.62 W, 300.00 W, 73, 1860 MHz
2026/09/23 16:46:50.663, 0, 96 %, 87 %, 6159 MiB, 49140 MiB, 289.19 W, 300.00 W, 73, 1800 MHz
2026/09/23 16:46:51.664, 0, 98 %, 84 %, 6159 MiB, 49140 MiB, 289.57 W, 300.00 W, 73, 1890 MHz
2026/09/23 16:46:52.665, 0, 93 %, 83 %, 6159 MiB, 49140 MiB, 287.29 W, 300.00 W, 72, 1995 MHz
2026/09/23 16:46:53.666, 0, 96 %, 86 %, 6159 MiB, 49140 MiB, 287.35 W, 300.00 W, 73, 1635 MHz
2026/09/23 16:46:54.667, 0, 98 %, 88 %, 6159 MiB, 49140 MiB, 288.83 W, 300.00 W, 73, 1995 MHz
2026/09/23 16:46:55.668, 0, 96 %, 85 %, 6159 MiB, 49140 MiB, 289.02 W, 300.00 W, 73, 1860 MHz
2026/09/23 16:46:56.671, 0, 95 %, 84 %, 6159 MiB, 49140 MiB, 287.85 W, 300.00 W, 72, 1980 MHz
2026/09/23 16:46:57.671, 0, 97 %, 86 %, 6159 MiB, 49140 MiB, 289.21 W, 300.00 W, 74, 1755 MHz
2026/09/23 16:46:58.672, 0, 98 %, 81 %, 6159 MiB, 49140 MiB, 289.48 W, 300.00 W, 71, 2100 MHz
2026/09/23 16:46:59.673, 0, 97 %, 87 %, 6159 MiB, 49140 MiB, 288.36 W, 300.00 W, 72, 2010 MHz
2026/09/23 16:47:00.674, 0, 97 %, 83 %, 6159 MiB, 49140 MiB, 285.60 W, 300.00 W, 73, 1905 MHz
2026/09/23 16:47:01.675, 0, 89 %, 65 %, 6159 MiB, 49140 MiB, 290.23 W, 300.00 W, 73, 1725 MHz
2026/09/23 16:47:02.677, 0, 0 %, 0 %, 6159 MiB, 49140 MiB, 276.31 W, 300.00 W, 68, 2730 MHz
2026/09/23 16:47:03.677, 0, 98 %, 83 %, 6159 MiB, 49140 MiB, 148.73 W, 300.00 W, 72, 2130 MHz
2026/09/23 16:47:04.679, 0, 94 %, 84 %, 6159 MiB, 49140 MiB, 288.79 W, 300.00 W, 72, 1950 MHz
2026/09/23 16:47:05.680, 0, 98 %, 88 %, 6159 MiB, 49140 MiB, 287.43 W, 300.00 W, 74, 1680 MHz
2026/09/23 16:47:06.680, 0, 98 %, 81 %, 6159 MiB, 49140 MiB, 289.61 W, 300.00 W, 71, 2100 MHz
2026/09/23 16:47:07.681, 0, 96 %, 87 %, 6159 MiB, 49140 MiB, 288.89 W, 300.00 W, 72, 1875 MHz
2026/09/23 16:47:08.682, 0, 98 %, 85 %, 6159 MiB, 49140 MiB, 287.77 W, 300.00 W, 73, 1755 MHz
2026/09/23 16:47:09.683, 0, 98 %, 89 %, 6159 MiB, 49140 MiB, 289.42 W, 300.00 W, 73, 2055 MHz
2026/09/23 16:47:10.687, 0, 97 %, 83 %, 6159 MiB, 49140 MiB, 290.30 W, 300.00 W, 73, 2070 MHz
2026/09/23 16:47:11.688, 0, 94 %, 84 %, 6159 MiB, 49140 MiB, 288.57 W, 300.00 W, 72, 1740 MHz
2026/09/23 16:47:12.689, 0, 98 %, 85 %, 6159 MiB, 49140 MiB, 287.56 W, 300.00 W, 73, 1770 MHz
2026/09/23 16:47:13.689, 0, 98 %, 89 %, 6159 MiB, 49140 MiB, 288.87 W, 300.00 W, 72, 2160 MHz
2026/09/23 16:47:14.690, 0, 97 %, 84 %, 6159 MiB, 49140 MiB, 289.99 W, 300.00 W, 73, 1980 MHz
2026/09/23 16:47:15.691, 0, 95 %, 83 %, 6159 MiB, 49140 MiB, 287.06 W, 300.00 W, 73, 1635 MHz
2026/09/23 16:47:16.691, 0, 97 %, 87 %, 6159 MiB, 49140 MiB, 286.72 W, 300.00 W, 74, 2100 MHz
2026/09/23 16:47:17.693, 0, 97 %, 81 %, 6159 MiB, 49140 MiB, 289.05 W, 300.00 W, 71, 1950 MHz
2026/09/23 16:47:18.693, 0, 96 %, 85 %, 6159 MiB, 49140 MiB, 290.25 W, 300.00 W, 72, 1785 MHz
2026/09/23 16:47:19.695, 0, 98 %, 84 %, 6159 MiB, 49140 MiB, 287.22 W, 300.00 W, 73, 1770 MHz
2026/09/23 16:47:20.697, 0, 91 %, 83 %, 6159 MiB, 49140 MiB, 287.49 W, 300.00 W, 73, 2175 MHz
2026/09/23 16:47:21.698, 0, 98 %, 83 %, 6159 MiB, 49140 MiB, 288.98 W, 300.00 W, 73, 2010 MHz
2026/09/23 16:47:22.700, 0, 96 %, 83 %, 6159 MiB, 49140 MiB, 289.93 W, 300.00 W, 73, 1695 MHz
2026/09/23 16:47:23.700, 0, 97 %, 88 %, 6159 MiB, 49140 MiB, 288.61 W, 300.00 W, 73, 2235 MHz
2026/09/23 16:47:24.702, 0, 95 %, 81 %, 6159 MiB, 49140 MiB, 287.78 W, 300.00 W, 72, 1845 MHz
2026/09/23 16:47:25.703, 0, 93 %, 65 %, 6159 MiB, 49140 MiB, 289.43 W, 300.00 W, 74, 1650 MHz
2026/09/23 16:47:26.703, 0, 0 %, 0 %, 6159 MiB, 49140 MiB, 270.28 W, 300.00 W, 68, 2730 MHz
2026/09/23 16:47:27.704, 0, 96 %, 85 %, 6159 MiB, 49140 MiB, 153.00 W, 300.00 W, 72, 1815 MHz
2026/09/23 16:47:28.705, 0, 98 %, 84 %, 6159 MiB, 49140 MiB, 285.76 W, 300.00 W, 72, 1755 MHz
2026/09/23 16:47:29.706, 0, 98 %, 87 %, 6159 MiB, 49140 MiB, 287.38 W, 300.00 W, 73, 2145 MHz
2026/09/23 16:47:30.707, 0, 97 %, 81 %, 6159 MiB, 49140 MiB, 287.68 W, 300.00 W, 71, 1905 MHz
2026/09/23 16:47:31.708, 0, 97 %, 87 %, 6159 MiB, 49140 MiB, 289.62 W, 300.00 W, 72, 1845 MHz
2026/09/23 16:47:32.709, 0, 98 %, 86 %, 6159 MiB, 49140 MiB, 289.03 W, 300.00 W, 73, 1800 MHz
2026/09/23 16:47:33.709, 0, 97 %, 87 %, 6159 MiB, 49140 MiB, 290.45 W, 300.00 W, 73, 1980 MHz
2026/09/23 16:47:34.710, 0, 94 %, 81 %, 6159 MiB, 49140 MiB, 290.11 W, 300.00 W, 72, 1995 MHz
2026/09/23 16:47:35.711, 0, 96 %, 86 %, 6159 MiB, 49140 MiB, 288.71 W, 300.00 W, 72, 1680 MHz
2026/09/23 16:47:36.712, 0, 98 %, 89 %, 6159 MiB, 49140 MiB, 288.30 W, 300.00 W, 74, 1890 MHz
2026/09/23 16:47:37.713, 0, 97 %, 86 %, 6159 MiB, 49140 MiB, 289.49 W, 300.00 W, 72, 1710 MHz
2026/09/23 16:47:38.715, 0, 98 %, 89 %, 6159 MiB, 49140 MiB, 290.45 W, 300.00 W, 73, 1905 MHz
2026/09/23 16:47:39.715, 0, 95 %, 81 %, 6159 MiB, 49140 MiB, 286.47 W, 300.00 W, 73, 1695 MHz
2026/09/23 16:47:40.716, 0, 96 %, 86 %, 6159 MiB, 49140 MiB, 288.50 W, 300.00 W, 74, 2085 MHz
2026/09/23 16:47:41.717, 0, 98 %, 84 %, 6159 MiB, 49140 MiB, 289.07 W, 300.00 W, 72, 1755 MHz
2026/09/23 16:47:42.718, 0, 98 %, 88 %, 6159 MiB, 49140 MiB, 290.60 W, 300.00 W, 73, 1920 MHz
2026/09/23 16:47:43.719, 0, 97 %, 84 %, 6159 MiB, 49140 MiB, 287.09 W, 300.00 W, 72, 1680 MHz
2026/09/23 16:47:44.720, 0, 96 %, 87 %, 6159 MiB, 49140 MiB, 287.81 W, 300.00 W, 74, 2085 MHz
2026/09/23 16:47:45.721, 0, 98 %, 87 %, 6159 MiB, 49140 MiB, 288.61 W, 300.00 W, 72, 1815 MHz
2026/09/23 16:47:46.722, 0, 98 %, 86 %, 6159 MiB, 49140 MiB, 289.65 W, 300.00 W, 73, 1920 MHz
2026/09/23 16:47:47.722, 0, 94 %, 84 %, 6159 MiB, 49140 MiB, 287.38 W, 300.00 W, 72, 1725 MHz
2026/09/23 16:47:48.723, 0, 98 %, 86 %, 6159 MiB, 49140 MiB, 287.12 W, 300.00 W, 73, 1785 MHz
2026/09/23 16:47:49.723, 0, 81 %, 61 %, 6159 MiB, 49140 MiB, 288.92 W, 300.00 W, 75, 1860 MHz
2026/09/23 16:47:50.724, 0, 8 %, 0 %, 6159 MiB, 49140 MiB, 277.03 W, 300.00 W, 68, 2505 MHz
2026/09/23 16:47:51.725, 0, 0 %, 0 %, 6159 MiB, 49140 MiB, 73.62 W, 300.00 W, 66, 2505 MHz
2026/09/23 16:47:52.725, 0, 98 %, 82 %, 6159 MiB, 49140 MiB, 151.27 W, 300.00 W, 70, 2025 MHz
2026/09/23 16:47:53.727, 0, 96 %, 87 %, 6159 MiB, 49140 MiB, 288.78 W, 300.00 W, 71, 1740 MHz
2026/09/23 16:47:54.727, 0, 97 %, 87 %, 6159 MiB, 49140 MiB, 288.17 W, 300.00 W, 73, 2085 MHz
2026/09/23 16:47:55.730, 0, 97 %, 82 %, 6159 MiB, 49140 MiB, 288.84 W, 300.00 W, 70, 1830 MHz
2026/09/23 16:47:56.731, 0, 97 %, 88 %, 6159 MiB, 49140 MiB, 289.20 W, 300.00 W, 72, 1935 MHz
2026/09/23 16:47:57.732, 0, 98 %, 85 %, 6159 MiB, 49140 MiB, 286.79 W, 300.00 W, 72, 2130 MHz
2026/09/23 16:47:58.732, 0, 98 %, 87 %, 6159 MiB, 49140 MiB, 288.86 W, 300.00 W, 72, 2055 MHz
2026/09/23 16:47:59.733, 0, 98 %, 89 %, 6159 MiB, 49140 MiB, 290.23 W, 300.00 W, 72, 1635 MHz
2026/09/23 16:48:00.734, 0, 95 %, 82 %, 6159 MiB, 49140 MiB, 286.10 W, 300.00 W, 73, 2070 MHz
2026/09/23 16:48:01.735, 0, 98 %, 88 %, 6159 MiB, 49140 MiB, 288.86 W, 300.00 W, 73, 1920 MHz
2026/09/23 16:48:02.736, 0, 98 %, 82 %, 6159 MiB, 49140 MiB, 290.17 W, 300.00 W, 72, 1845 MHz
2026/09/23 16:48:03.738, 0, 97 %, 88 %, 6159 MiB, 49140 MiB, 287.81 W, 300.00 W, 73, 1665 MHz
2026/09/23 16:48:04.739, 0, 97 %, 84 %, 6159 MiB, 49140 MiB, 288.22 W, 300.00 W, 73, 2115 MHz
2026/09/23 16:48:05.739, 0, 97 %, 89 %, 6159 MiB, 49140 MiB, 288.69 W, 300.00 W, 73, 2025 MHz
2026/09/23 16:48:06.741, 0, 97 %, 83 %, 6159 MiB, 49140 MiB, 290.77 W, 300.00 W, 73, 1695 MHz
2026/09/23 16:48:07.742, 0, 95 %, 85 %, 6159 MiB, 49140 MiB, 288.51 W, 300.00 W, 72, 1815 MHz
2026/09/23 16:48:08.742, 0, 98 %, 88 %, 6159 MiB, 49140 MiB, 288.31 W, 300.00 W, 74, 1740 MHz
2026/09/23 16:48:09.743, 0, 96 %, 81 %, 6159 MiB, 49140 MiB, 289.14 W, 300.00 W, 71, 1950 MHz
2026/09/23 16:48:10.744, 0, 97 %, 88 %, 6159 MiB, 49140 MiB, 289.93 W, 300.00 W, 73, 1725 MHz
2026/09/23 16:48:11.745, 0, 97 %, 84 %, 6159 MiB, 49140 MiB, 287.11 W, 300.00 W, 72, 2070 MHz
2026/09/23 16:48:12.747, 0, 96 %, 87 %, 6159 MiB, 49140 MiB, 289.61 W, 300.00 W, 73, 1845 MHz
2026/09/23 16:48:13.748, 0, 98 %, 82 %, 6159 MiB, 49140 MiB, 288.41 W, 300.00 W, 71, 1965 MHz
2026/09/23 16:48:14.749, 0, 93 %, 66 %, 6159 MiB, 49140 MiB, 292.37 W, 300.00 W, 74, 1620 MHz
2026/09/23 16:48:15.750, 0, 9 %, 0 %, 6159 MiB, 49140 MiB, 233.90 W, 300.00 W, 68, 2730 MHz
2026/09/23 16:48:16.750, 0, 0 %, 0 %, 6159 MiB, 49140 MiB, 87.91 W, 300.00 W, 66, 2730 MHz
2026/09/23 16:48:17.751, 0, 98 %, 89 %, 6159 MiB, 49140 MiB, 234.55 W, 300.00 W, 72, 1680 MHz
2026/09/23 16:48:18.753, 0, 95 %, 81 %, 6159 MiB, 49140 MiB, 288.19 W, 300.00 W, 72, 2115 MHz
2026/09/23 16:48:19.754, 0, 93 %, 84 %, 6159 MiB, 49140 MiB, 288.57 W, 300.00 W, 73, 1905 MHz
2026/09/23 16:48:20.755, 0, 89 %, 78 %, 6159 MiB, 49140 MiB, 287.38 W, 300.00 W, 71, 1950 MHz
2026/09/23 16:48:21.757, 0, 96 %, 85 %, 6159 MiB, 49140 MiB, 289.32 W, 300.00 W, 72, 1635 MHz
2026/09/23 16:48:22.758, 0, 96 %, 85 %, 6159 MiB, 49140 MiB, 287.27 W, 300.00 W, 72, 2040 MHz
2026/09/23 16:48:23.759, 0, 97 %, 87 %, 6159 MiB, 49140 MiB, 289.33 W, 300.00 W, 74, 1710 MHz
2026/09/23 16:48:24.760, 0, 97 %, 82 %, 6159 MiB, 49140 MiB, 289.31 W, 300.00 W, 71, 1965 MHz
2026/09/23 16:48:25.764, 0, 92 %, 81 %, 6159 MiB, 49140 MiB, 289.60 W, 300.00 W, 73, 1710 MHz
2026/09/23 16:48:26.766, 0, 98 %, 88 %, 6159 MiB, 49140 MiB, 287.66 W, 300.00 W, 72, 2085 MHz
2026/09/23 16:48:27.768, 0, 97 %, 87 %, 6159 MiB, 49140 MiB, 289.71 W, 300.00 W, 74, 1800 MHz
2026/09/23 16:48:28.769, 0, 97 %, 86 %, 6159 MiB, 49140 MiB, 290.72 W, 300.00 W, 71, 1950 MHz
2026/09/23 16:48:29.770, 0, 95 %, 84 %, 6159 MiB, 49140 MiB, 288.30 W, 300.00 W, 72, 1755 MHz
2026/09/23 16:48:30.772, 0, 97 %, 87 %, 6159 MiB, 49140 MiB, 288.61 W, 300.00 W, 73, 2085 MHz
2026/09/23 16:48:31.773, 0, 97 %, 85 %, 6159 MiB, 49140 MiB, 289.59 W, 300.00 W, 73, 2025 MHz
2026/09/23 16:48:32.773, 0, 96 %, 86 %, 6159 MiB, 49140 MiB, 290.39 W, 300.00 W, 73, 1725 MHz
2026/09/23 16:48:33.774, 0, 97 %, 82 %, 6159 MiB, 49140 MiB, 287.23 W, 300.00 W, 72, 1815 MHz
2026/09/23 16:48:34.775, 0, 98 %, 87 %, 6159 MiB, 49140 MiB, 287.81 W, 300.00 W, 73, 2085 MHz
2026/09/23 16:48:35.777, 0, 98 %, 85 %, 6159 MiB, 49140 MiB, 289.38 W, 300.00 W, 73, 2040 MHz
2026/09/23 16:48:36.777, 0, 97 %, 87 %, 6159 MiB, 49140 MiB, 290.29 W, 300.00 W, 73, 1665 MHz
2026/09/23 16:48:37.778, 0, 97 %, 83 %, 6159 MiB, 49140 MiB, 287.40 W, 300.00 W, 72, 1800 MHz
2026/09/23 16:48:38.779, 0, 98 %, 86 %, 6159 MiB, 49140 MiB, 287.65 W, 300.00 W, 73, 1980 MHz
2026/09/23 16:48:39.780, 0, 91 %, 63 %, 6159 MiB, 49140 MiB, 292.55 W, 300.00 W, 74, 1710 MHz
2026/09/23 16:48:40.781, 0, 0 %, 0 %, 6159 MiB, 49140 MiB, 188.63 W, 300.00 W, 67, 2730 MHz
2026/09/23 16:48:41.781, 0, 0 %, 0 %, 6159 MiB, 49140 MiB, 87.67 W, 300.00 W, 67, 2730 MHz
2026/09/23 16:48:42.782, 0, 96 %, 84 %, 6159 MiB, 49140 MiB, 226.47 W, 300.00 W, 72, 1620 MHz
2026/09/23 16:48:43.783, 0, 96 %, 86 %, 6159 MiB, 49140 MiB, 286.01 W, 300.00 W, 72, 2085 MHz
2026/09/23 16:48:44.784, 0, 97 %, 86 %, 6159 MiB, 49140 MiB, 289.33 W, 300.00 W, 73, 1785 MHz
2026/09/23 16:48:45.785, 0, 97 %, 87 %, 6159 MiB, 49140 MiB, 290.06 W, 300.00 W, 71, 2025 MHz
2026/09/23 16:48:46.786, 0, 97 %, 86 %, 6159 MiB, 49140 MiB, 286.53 W, 300.00 W, 71, 2070 MHz
2026/09/23 16:48:47.786, 0, 96 %, 85 %, 6159 MiB, 49140 MiB, 288.01 W, 300.00 W, 73, 2025 MHz
2026/09/23 16:48:48.787, 0, 97 %, 83 %, 6159 MiB, 49140 MiB, 288.58 W, 300.00 W, 72, 1785 MHz
2026/09/23 16:48:49.788, 0, 98 %, 87 %, 6159 MiB, 49140 MiB, 289.57 W, 300.00 W, 73, 1800 MHz
2026/09/23 16:48:50.790, 0, 97 %, 87 %, 6159 MiB, 49140 MiB, 289.41 W, 300.00 W, 72, 1710 MHz
2026/09/23 16:48:51.791, 0, 97 %, 87 %, 6159 MiB, 49140 MiB, 289.34 W, 300.00 W, 74, 1905 MHz
2026/09/23 16:48:52.791, 0, 96 %, 82 %, 6159 MiB, 49140 MiB, 287.88 W, 300.00 W, 72, 1710 MHz
2026/09/23 16:48:53.792, 0, 95 %, 84 %, 6159 MiB, 49140 MiB, 289.21 W, 300.00 W, 73, 1890 MHz
2026/09/23 16:48:54.793, 0, 98 %, 87 %, 6159 MiB, 49140 MiB, 286.98 W, 300.00 W, 72, 1875 MHz
2026/09/23 16:48:55.793, 0, 96 %, 86 %, 6159 MiB, 49140 MiB, 290.17 W, 300.00 W, 74, 1965 MHz
2026/09/23 16:48:56.795, 0, 96 %, 81 %, 6159 MiB, 49140 MiB, 287.65 W, 300.00 W, 71, 1710 MHz
2026/09/23 16:48:57.796, 0, 96 %, 86 %, 6159 MiB, 49140 MiB, 288.68 W, 300.00 W, 73, 1845 MHz
2026/09/23 16:48:58.796, 0, 97 %, 87 %, 6159 MiB, 49140 MiB, 288.11 W, 300.00 W, 72, 1815 MHz
2026/09/23 16:48:59.797, 0, 98 %, 86 %, 6159 MiB, 49140 MiB, 289.78 W, 300.00 W, 73, 2010 MHz
2026/09/23 16:49:00.798, 0, 96 %, 86 %, 6159 MiB, 49140 MiB, 288.59 W, 300.00 W, 71, 1710 MHz
2026/09/23 16:49:01.799, 0, 95 %, 84 %, 6159 MiB, 49140 MiB, 286.45 W, 300.00 W, 73, 2070 MHz
2026/09/23 16:49:02.800, 0, 97 %, 87 %, 6159 MiB, 49140 MiB, 287.33 W, 300.00 W, 72, 1815 MHz
2026/09/23 16:49:03.800, 0, 90 %, 80 %, 6159 MiB, 49140 MiB, 287.42 W, 300.00 W, 74, 2160 MHz
2026/09/23 16:49:04.801, 0, 93 %, 67 %, 6159 MiB, 49140 MiB, 295.68 W, 300.00 W, 74, 1650 MHz
2026/09/23 16:49:05.801, 0, 0 %, 0 %, 6159 MiB, 49140 MiB, 152.49 W, 300.00 W, 67, 2745 MHz
2026/09/23 16:49:06.802, 0, 96 %, 84 %, 6159 MiB, 49140 MiB, 121.24 W, 300.00 W, 70, 2205 MHz
2026/09/23 16:49:07.802, 0, 97 %, 86 %, 6159 MiB, 49140 MiB, 286.33 W, 300.00 W, 72, 2100 MHz
2026/09/23 16:49:08.805, 0, 97 %, 84 %, 6159 MiB, 49140 MiB, 287.29 W, 300.00 W, 72, 1815 MHz
2026/09/23 16:49:09.806, 0, 98 %, 86 %, 6159 MiB, 49140 MiB, 288.47 W, 300.00 W, 72, 1785 MHz
2026/09/23 16:49:10.807, 0, 97 %, 87 %, 6159 MiB, 49140 MiB, 287.60 W, 300.00 W, 72, 1860 MHz
2026/09/23 16:49:11.807, 0, 96 %, 86 %, 6159 MiB, 49140 MiB, 289.41 W, 300.00 W, 73, 1995 MHz
2026/09/23 16:49:12.812, 0, 98 %, 87 %, 6159 MiB, 49140 MiB, 290.12 W, 300.00 W, 72, 1740 MHz
2026/09/23 16:49:13.813, 0, 96 %, 85 %, 6159 MiB, 49140 MiB, 285.75 W, 300.00 W, 72, 2130 MHz
2026/09/23 16:49:14.814, 0, 96 %, 86 %, 6159 MiB, 49140 MiB, 288.30 W, 300.00 W, 73, 1965 MHz
2026/09/23 16:49:15.816, 0, 97 %, 84 %, 6159 MiB, 49140 MiB, 288.31 W, 300.00 W, 72, 1815 MHz
2026/09/23 16:49:16.817, 0, 97 %, 86 %, 6159 MiB, 49140 MiB, 289.05 W, 300.00 W, 73, 1875 MHz
2026/09/23 16:49:17.818, 0, 98 %, 85 %, 6159 MiB, 49140 MiB, 286.12 W, 300.00 W, 72, 1935 MHz
2026/09/23 16:49:18.818, 0, 98 %, 86 %, 6159 MiB, 49140 MiB, 287.69 W, 300.00 W, 73, 2040 MHz
2026/09/23 16:49:19.819, 0, 98 %, 82 %, 6159 MiB, 49140 MiB, 290.33 W, 300.00 W, 72, 1710 MHz
2026/09/23 16:49:20.820, 0, 98 %, 86 %, 6159 MiB, 49140 MiB, 288.89 W, 300.00 W, 73, 1755 MHz
2026/09/23 16:49:21.821, 0, 90 %, 80 %, 6159 MiB, 49140 MiB, 286.22 W, 300.00 W, 73, 2280 MHz
2026/09/23 16:49:22.824, 0, 98 %, 87 %, 6159 MiB, 49140 MiB, 289.51 W, 300.00 W, 74, 1905 MHz
2026/09/23 16:49:23.824, 0, 97 %, 82 %, 6159 MiB, 49140 MiB, 289.27 W, 300.00 W, 71, 1620 MHz
2026/09/23 16:49:24.827, 0, 96 %, 85 %, 6159 MiB, 49140 MiB, 288.07 W, 300.00 W, 72, 1965 MHz
2026/09/23 16:49:25.830, 0, 98 %, 88 %, 6159 MiB, 49140 MiB, 288.78 W, 300.00 W, 73, 1830 MHz
2026/09/23 16:49:26.831, 0, 93 %, 82 %, 6159 MiB, 49140 MiB, 288.97 W, 300.00 W, 73, 2010 MHz
2026/09/23 16:49:27.832, 0, 98 %, 88 %, 6159 MiB, 49140 MiB, 289.44 W, 300.00 W, 73, 1740 MHz
2026/09/23 16:49:28.834, 0, 97 %, 82 %, 6159 MiB, 49140 MiB, 287.56 W, 300.00 W, 72, 2070 MHz
2026/09/23 16:49:29.835, 0, 95 %, 63 %, 6159 MiB, 49140 MiB, 297.98 W, 300.00 W, 74, 1575 MHz
2026/09/23 16:49:30.835, 0, 0 %, 0 %, 6159 MiB, 49140 MiB, 94.24 W, 300.00 W, 66, 2505 MHz
2026/09/23 16:49:31.836, 0, 98 %, 83 %, 6159 MiB, 49140 MiB, 134.73 W, 300.00 W, 71, 2085 MHz
2026/09/23 16:49:32.838, 0, 96 %, 85 %, 6159 MiB, 49140 MiB, 286.80 W, 300.00 W, 72, 1980 MHz
2026/09/23 16:49:33.840, 0, 96 %, 87 %, 6159 MiB, 49140 MiB, 285.86 W, 300.00 W, 71, 1815 MHz
2026/09/23 16:49:34.841, 0, 94 %, 84 %, 6159 MiB, 49140 MiB, 287.56 W, 300.00 W, 72, 2010 MHz
2026/09/23 16:49:35.842, 0, 97 %, 82 %, 6159 MiB, 49140 MiB, 286.49 W, 300.00 W, 71, 1635 MHz
2026/09/23 16:49:36.843, 0, 94 %, 84 %, 6159 MiB, 49140 MiB, 287.22 W, 300.00 W, 72, 1800 MHz
2026/09/23 16:49:37.844, 0, 97 %, 87 %, 6159 MiB, 49140 MiB, 286.02 W, 300.00 W, 72, 1980 MHz
2026/09/23 16:49:38.845, 0, 97 %, 84 %, 6159 MiB, 49140 MiB, 289.42 W, 300.00 W, 72, 1800 MHz
2026/09/23 16:49:39.845, 0, 98 %, 87 %, 6159 MiB, 49140 MiB, 288.17 W, 300.00 W, 73, 2010 MHz
2026/09/23 16:49:40.846, 0, 97 %, 87 %, 6159 MiB, 49140 MiB, 286.79 W, 300.00 W, 72, 1920 MHz
2026/09/23 16:49:41.848, 0, 97 %, 86 %, 6159 MiB, 49140 MiB, 288.87 W, 300.00 W, 73, 1695 MHz
2026/09/23 16:49:42.848, 0, 98 %, 88 %, 6159 MiB, 49140 MiB, 289.74 W, 300.00 W, 72, 2100 MHz
2026/09/23 16:49:43.849, 0, 97 %, 84 %, 6159 MiB, 49140 MiB, 287.59 W, 300.00 W, 72, 2085 MHz
2026/09/23 16:49:44.850, 0, 97 %, 87 %, 6159 MiB, 49140 MiB, 288.95 W, 300.00 W, 73, 1665 MHz
2026/09/23 16:49:45.851, 0, 97 %, 87 %, 6159 MiB, 49140 MiB, 289.91 W, 300.00 W, 73, 2115 MHz
2026/09/23 16:49:46.853, 0, 96 %, 84 %, 6159 MiB, 49140 MiB, 286.44 W, 300.00 W, 72, 1815 MHz
2026/09/23 16:49:47.855, 0, 97 %, 87 %, 6159 MiB, 49140 MiB, 286.81 W, 300.00 W, 74, 2040 MHz
2026/09/23 16:49:48.856, 0, 98 %, 83 %, 6159 MiB, 49140 MiB, 289.13 W, 300.00 W, 71, 1800 MHz
2026/09/23 16:49:49.859, 0, 96 %, 86 %, 6159 MiB, 49140 MiB, 289.15 W, 300.00 W, 72, 1920 MHz
2026/09/23 16:49:50.859, 0, 98 %, 88 %, 6159 MiB, 49140 MiB, 288.70 W, 300.00 W, 74, 1920 MHz
2026/09/23 16:49:51.860, 0, 97 %, 87 %, 6159 MiB, 49140 MiB, 288.17 W, 300.00 W, 72, 1680 MHz
2026/09/23 16:49:52.861, 0, 98 %, 87 %, 6159 MiB, 49140 MiB, 290.06 W, 300.00 W, 73, 2130 MHz
2026/09/23 16:49:53.862, 0, 88 %, 65 %, 6159 MiB, 49140 MiB, 287.31 W, 300.00 W, 73, 1740 MHz
2026/09/23 16:49:54.863, 0, 0 %, 0 %, 6159 MiB, 49140 MiB, 264.05 W, 300.00 W, 67, 2550 MHz
2026/09/23 16:49:55.863, 0, 98 %, 85 %, 6159 MiB, 49140 MiB, 155.10 W, 300.00 W, 71, 1845 MHz
2026/09/23 16:49:56.865, 0, 96 %, 86 %, 6159 MiB, 49140 MiB, 288.96 W, 300.00 W, 72, 2115 MHz
2026/09/23 16:49:57.866, 0, 98 %, 87 %, 6159 MiB, 49140 MiB, 287.07 W, 300.00 W, 73, 1935 MHz
2026/09/23 16:49:58.866, 0, 97 %, 86 %, 6159 MiB, 49140 MiB, 289.86 W, 300.00 W, 72, 1635 MHz
2026/09/23 16:49:59.869, 0, 98 %, 87 %, 6159 MiB, 49140 MiB, 289.27 W, 300.00 W, 73, 2070 MHz
2026/09/23 16:50:00.869, 0, 95 %, 83 %, 6159 MiB, 49140 MiB, 288.77 W, 300.00 W, 72, 1755 MHz
2026/09/23 16:50:01.870, 0, 97 %, 82 %, 6159 MiB, 49140 MiB, 284.22 W, 300.00 W, 72, 2025 MHz
2026/09/23 16:50:02.871, 0, 95 %, 85 %, 6159 MiB, 49140 MiB, 289.02 W, 300.00 W, 73, 1860 MHz
2026/09/23 16:50:03.872, 0, 98 %, 81 %, 6159 MiB, 49140 MiB, 289.30 W, 300.00 W, 72, 1785 MHz
2026/09/23 16:50:04.873, 0, 96 %, 86 %, 6159 MiB, 49140 MiB, 288.08 W, 300.00 W, 72, 2055 MHz
2026/09/23 16:50:05.874, 0, 98 %, 84 %, 6159 MiB, 49140 MiB, 287.44 W, 300.00 W, 73, 2040 MHz
2026/09/23 16:50:06.875, 0, 97 %, 88 %, 6159 MiB, 49140 MiB, 289.88 W, 300.00 W, 73, 1710 MHz
2026/09/23 16:50:07.876, 0, 98 %, 84 %, 6159 MiB, 49140 MiB, 290.26 W, 300.00 W, 72, 1950 MHz
2026/09/23 16:50:08.877, 0, 96 %, 85 %, 6159 MiB, 49140 MiB, 289.05 W, 300.00 W, 72, 1980 MHz
2026/09/23 16:50:09.878, 0, 96 %, 86 %, 6159 MiB, 49140 MiB, 287.91 W, 300.00 W, 73, 1920 MHz
2026/09/23 16:50:10.878, 0, 97 %, 86 %, 6159 MiB, 49140 MiB, 289.56 W, 300.00 W, 73, 1650 MHz
2026/09/23 16:50:11.880, 0, 98 %, 87 %, 6159 MiB, 49140 MiB, 289.63 W, 300.00 W, 73, 2100 MHz
2026/09/23 16:50:12.881, 0, 96 %, 84 %, 6159 MiB, 49140 MiB, 287.72 W, 300.00 W, 72, 2100 MHz
2026/09/23 16:50:13.881, 0, 96 %, 86 %, 6159 MiB, 49140 MiB, 286.83 W, 300.00 W, 74, 1965 MHz
2026/09/23 16:50:14.883, 0, 97 %, 87 %, 6159 MiB, 49140 MiB, 286.44 W, 300.00 W, 73, 1770 MHz
2026/09/23 16:50:15.883, 0, 98 %, 81 %, 6159 MiB, 49140 MiB, 289.31 W, 300.00 W, 72, 1800 MHz
2026/09/23 16:50:16.884, 0, 96 %, 84 %, 6159 MiB, 49140 MiB, 289.97 W, 300.00 W, 72, 1950 MHz
2026/09/23 16:50:17.885, 0, 85 %, 61 %, 6159 MiB, 49140 MiB, 287.81 W, 300.00 W, 73, 1875 MHz
2026/09/23 16:50:18.886, 0, 0 %, 0 %, 6159 MiB, 49140 MiB, 263.74 W, 300.00 W, 68, 2730 MHz
2026/09/23 16:50:19.887, 0, 98 %, 88 %, 6159 MiB, 49140 MiB, 156.58 W, 300.00 W, 73, 2055 MHz
2026/09/23 16:50:20.887, 0, 98 %, 87 %, 6159 MiB, 49140 MiB, 290.20 W, 300.00 W, 72, 1695 MHz
2026/09/23 16:50:21.889, 0, 98 %, 86 %, 6159 MiB, 49140 MiB, 288.33 W, 300.00 W, 73, 2040 MHz
2026/09/23 16:50:22.890, 0, 92 %, 81 %, 6159 MiB, 49140 MiB, 287.64 W, 300.00 W, 72, 1785 MHz
2026/09/23 16:50:23.891, 0, 97 %, 87 %, 6159 MiB, 49140 MiB, 286.47 W, 300.00 W, 74, 1680 MHz
2026/09/23 16:50:24.893, 0, 97 %, 86 %, 6159 MiB, 49140 MiB, 288.48 W, 300.00 W, 71, 2115 MHz
2026/09/23 16:50:25.894, 0, 98 %, 87 %, 6159 MiB, 49140 MiB, 289.35 W, 300.00 W, 72, 1935 MHz
2026/09/23 16:50:26.894, 0, 97 %, 82 %, 6159 MiB, 49140 MiB, 287.31 W, 300.00 W, 72, 1965 MHz
2026/09/23 16:50:27.896, 0, 97 %, 87 %, 6159 MiB, 49140 MiB, 288.29 W, 300.00 W, 73, 1785 MHz
2026/09/23 16:50:28.898, 0, 96 %, 84 %, 6159 MiB, 49140 MiB, 289.54 W, 300.00 W, 73, 1980 MHz
2026/09/23 16:50:29.899, 0, 96 %, 85 %, 6159 MiB, 49140 MiB, 288.01 W, 300.00 W, 72, 1890 MHz
2026/09/23 16:50:30.899, 0, 97 %, 87 %, 6159 MiB, 49140 MiB, 286.61 W, 300.00 W, 74, 1620 MHz
2026/09/23 16:50:31.900, 0, 96 %, 86 %, 6159 MiB, 49140 MiB, 288.73 W, 300.00 W, 72, 2025 MHz
2026/09/23 16:50:32.901, 0, 97 %, 87 %, 6159 MiB, 49140 MiB, 291.53 W, 300.00 W, 73, 1935 MHz
2026/09/23 16:50:33.901, 0, 97 %, 82 %, 6159 MiB, 49140 MiB, 288.48 W, 300.00 W, 72, 1890 MHz
2026/09/23 16:50:34.902, 0, 98 %, 87 %, 6159 MiB, 49140 MiB, 288.66 W, 300.00 W, 73, 1770 MHz
2026/09/23 16:50:35.904, 0, 97 %, 86 %, 6159 MiB, 49140 MiB, 286.92 W, 300.00 W, 72, 2115 MHz
2026/09/23 16:50:36.905, 0, 96 %, 86 %, 6159 MiB, 49140 MiB, 291.42 W, 300.00 W, 73, 1950 MHz
2026/09/23 16:50:37.906, 0, 96 %, 86 %, 6159 MiB, 49140 MiB, 285.62 W, 300.00 W, 73, 1995 MHz
2026/09/23 16:50:38.906, 0, 96 %, 85 %, 6159 MiB, 49140 MiB, 286.68 W, 300.00 W, 74, 1680 MHz
2026/09/23 16:50:39.907, 0, 97 %, 86 %, 6159 MiB, 49140 MiB, 287.89 W, 300.00 W, 73, 1935 MHz
2026/09/23 16:50:40.908, 0, 97 %, 88 %, 6159 MiB, 49140 MiB, 290.73 W, 300.00 W, 73, 1770 MHz
2026/09/23 16:50:41.909, 0, 93 %, 68 %, 6159 MiB, 49140 MiB, 287.98 W, 300.00 W, 74, 1680 MHz
2026/09/23 16:50:42.909, 0, 0 %, 0 %, 6159 MiB, 49140 MiB, 265.35 W, 300.00 W, 68, 2730 MHz
2026/09/23 16:50:43.910, 0, 98 %, 87 %, 6159 MiB, 49140 MiB, 153.75 W, 300.00 W, 72, 1965 MHz
2026/09/23 16:50:44.910, 0, 97 %, 86 %, 6159 MiB, 49140 MiB, 288.62 W, 300.00 W, 73, 1770 MHz
2026/09/23 16:50:45.911, 0, 97 %, 81 %, 6159 MiB, 49140 MiB, 288.75 W, 300.00 W, 71, 2115 MHz
2026/09/23 16:50:46.912, 0, 96 %, 85 %, 6159 MiB, 49140 MiB, 288.10 W, 300.00 W, 72, 1980 MHz
2026/09/23 16:50:47.913, 0, 98 %, 87 %, 6159 MiB, 49140 MiB, 287.25 W, 300.00 W, 74, 1710 MHz
2026/09/23 16:50:48.914, 0, 98 %, 83 %, 6159 MiB, 49140 MiB, 289.89 W, 300.00 W, 71, 2145 MHz
2026/09/23 16:50:49.914, 0, 96 %, 85 %, 6159 MiB, 49140 MiB, 288.44 W, 300.00 W, 72, 1995 MHz
2026/09/23 16:50:50.916, 0, 96 %, 87 %, 6159 MiB, 49140 MiB, 287.31 W, 300.00 W, 74, 1620 MHz
2026/09/23 16:50:51.917, 0, 96 %, 86 %, 6159 MiB, 49140 MiB, 286.68 W, 300.00 W, 73, 1845 MHz
2026/09/23 16:50:52.918, 0, 97 %, 83 %, 6159 MiB, 49140 MiB, 287.96 W, 300.00 W, 73, 1875 MHz
2026/09/23 16:50:53.919, 0, 96 %, 85 %, 6159 MiB, 49140 MiB, 288.09 W, 300.00 W, 72, 1920 MHz
2026/09/23 16:50:54.920, 0, 97 %, 86 %, 6159 MiB, 49140 MiB, 287.24 W, 300.00 W, 74, 1695 MHz
2026/09/23 16:50:55.921, 0, 97 %, 84 %, 6159 MiB, 49140 MiB, 288.50 W, 300.00 W, 71, 2115 MHz
2026/09/23 16:50:56.921, 0, 97 %, 87 %, 6159 MiB, 49140 MiB, 287.80 W, 300.00 W, 73, 1860 MHz
2026/09/23 16:50:57.922, 0, 96 %, 85 %, 6159 MiB, 49140 MiB, 288.17 W, 300.00 W, 73, 1965 MHz
2026/09/23 16:50:58.926, 0, 98 %, 87 %, 6159 MiB, 49140 MiB, 287.66 W, 300.00 W, 74, 1695 MHz
2026/09/23 16:50:59.927, 0, 98 %, 84 %, 6159 MiB, 49140 MiB, 290.36 W, 300.00 W, 71, 2115 MHz
2026/09/23 16:51:00.928, 0, 96 %, 86 %, 6159 MiB, 49140 MiB, 288.98 W, 300.00 W, 73, 1815 MHz
2026/09/23 16:51:01.928, 0, 97 %, 82 %, 6159 MiB, 49140 MiB, 287.32 W, 300.00 W, 73, 1890 MHz
2026/09/23 16:51:02.930, 0, 97 %, 87 %, 6159 MiB, 49140 MiB, 288.66 W, 300.00 W, 73, 1785 MHz
2026/09/23 16:51:03.931, 0, 98 %, 82 %, 6159 MiB, 49140 MiB, 289.68 W, 300.00 W, 72, 1995 MHz
2026/09/23 16:51:04.931, 0, 95 %, 84 %, 6159 MiB, 49140 MiB, 289.23 W, 300.00 W, 72, 2010 MHz
2026/09/23 16:51:05.932, 0, 94 %, 67 %, 6159 MiB, 49140 MiB, 288.29 W, 300.00 W, 74, 1620 MHz
2026/09/23 16:51:06.933, 0, 0 %, 0 %, 6159 MiB, 49140 MiB, 263.63 W, 300.00 W, 67, 2550 MHz
2026/09/23 16:51:07.933, 0, 97 %, 87 %, 6159 MiB, 49140 MiB, 151.79 W, 300.00 W, 72, 1815 MHz
2026/09/23 16:51:08.935, 0, 96 %, 81 %, 6159 MiB, 49140 MiB, 288.22 W, 300.00 W, 71, 2130 MHz
2026/09/23 16:51:09.936, 0, 96 %, 85 %, 6159 MiB, 49140 MiB, 288.98 W, 300.00 W, 72, 2055 MHz
2026/09/23 16:51:10.936, 0, 97 %, 86 %, 6159 MiB, 49140 MiB, 287.27 W, 300.00 W, 73, 1695 MHz
2026/09/23 16:51:11.937, 0, 96 %, 86 %, 6159 MiB, 49140 MiB, 289.63 W, 300.00 W, 72, 1800 MHz
2026/09/23 16:51:12.939, 0, 98 %, 82 %, 6159 MiB, 49140 MiB, 288.43 W, 300.00 W, 71, 2055 MHz
2026/09/23 16:51:13.939, 0, 96 %, 86 %, 6159 MiB, 49140 MiB, 289.52 W, 300.00 W, 72, 1620 MHz
2026/09/23 16:51:14.940, 0, 97 %, 87 %, 6159 MiB, 49140 MiB, 287.99 W, 300.00 W, 74, 1905 MHz
2026/09/23 16:51:15.941, 0, 98 %, 86 %, 6159 MiB, 49140 MiB, 289.09 W, 300.00 W, 72, 1830 MHz
2026/09/23 16:51:16.942, 0, 98 %, 88 %, 6159 MiB, 49140 MiB, 289.61 W, 300.00 W, 73, 1905 MHz
2026/09/23 16:51:17.942, 0, 97 %, 84 %, 6159 MiB, 49140 MiB, 289.46 W, 300.00 W, 72, 1725 MHz
2026/09/23 16:51:18.943, 0, 97 %, 86 %, 6159 MiB, 49140 MiB, 289.10 W, 300.00 W, 73, 2085 MHz
2026/09/23 16:51:19.944, 0, 96 %, 83 %, 6159 MiB, 49140 MiB, 288.95 W, 300.00 W, 71, 1935 MHz
2026/09/23 16:51:20.946, 0, 96 %, 86 %, 6159 MiB, 49140 MiB, 289.40 W, 300.00 W, 72, 2040 MHz
2026/09/23 16:51:21.947, 0, 98 %, 85 %, 6159 MiB, 49140 MiB, 288.57 W, 300.00 W, 73, 1770 MHz
2026/09/23 16:51:22.947, 0, 98 %, 88 %, 6159 MiB, 49140 MiB, 288.64 W, 300.00 W, 73, 2070 MHz
2026/09/23 16:51:23.948, 0, 98 %, 87 %, 6159 MiB, 49140 MiB, 291.28 W, 300.00 W, 73, 1905 MHz
2026/09/23 16:51:24.949, 0, 96 %, 85 %, 6159 MiB, 49140 MiB, 287.67 W, 300.00 W, 73, 1650 MHz
2026/09/23 16:51:25.950, 0, 97 %, 85 %, 6159 MiB, 49140 MiB, 288.12 W, 300.00 W, 74, 2115 MHz
2026/09/23 16:51:26.951, 0, 98 %, 81 %, 6159 MiB, 49140 MiB, 291.15 W, 300.00 W, 72, 2055 MHz
2026/09/23 16:51:27.951, 0, 96 %, 86 %, 6159 MiB, 49140 MiB, 289.30 W, 300.00 W, 72, 1770 MHz
2026/09/23 16:51:28.952, 0, 96 %, 86 %, 6159 MiB, 49140 MiB, 287.40 W, 300.00 W, 73, 1845 MHz
2026/09/23 16:51:29.954, 0, 93 %, 65 %, 6159 MiB, 49140 MiB, 291.37 W, 300.00 W, 74, 1605 MHz
2026/09/23 16:51:30.955, 0, 10 %, 0 %, 6159 MiB, 49140 MiB, 258.46 W, 300.00 W, 67, 2505 MHz
2026/09/23 16:51:31.955, 0, 0 %, 0 %, 6159 MiB, 49140 MiB, 72.87 W, 300.00 W, 66, 2505 MHz
2026/09/23 16:51:32.956, 0, 99 %, 88 %, 6159 MiB, 49140 MiB, 209.12 W, 300.00 W, 71, 1830 MHz
2026/09/23 16:51:33.958, 0, 97 %, 87 %, 6159 MiB, 49140 MiB, 287.15 W, 300.00 W, 73, 1800 MHz
2026/09/23 16:51:34.958, 0, 97 %, 86 %, 6159 MiB, 49140 MiB, 288.12 W, 300.00 W, 71, 1935 MHz
2026/09/23 16:51:35.960, 0, 97 %, 87 %, 6159 MiB, 49140 MiB, 289.13 W, 300.00 W, 72, 1920 MHz
2026/09/23 16:51:36.964, 0, 94 %, 84 %, 6159 MiB, 49140 MiB, 286.86 W, 300.00 W, 72, 1635 MHz
2026/09/23 16:51:37.965, 0, 97 %, 87 %, 6159 MiB, 49140 MiB, 287.23 W, 300.00 W, 74, 2115 MHz
2026/09/23 16:51:38.967, 0, 97 %, 86 %, 6159 MiB, 49140 MiB, 287.21 W, 300.00 W, 71, 1770 MHz
2026/09/23 16:51:39.968, 0, 98 %, 87 %, 6159 MiB, 49140 MiB, 288.98 W, 300.00 W, 72, 1935 MHz
2026/09/23 16:51:40.969, 0, 98 %, 83 %, 6159 MiB, 49140 MiB, 287.52 W, 300.00 W, 72, 1755 MHz
2026/09/23 16:51:41.970, 0, 98 %, 88 %, 6159 MiB, 49140 MiB, 289.82 W, 300.00 W, 72, 2040 MHz
2026/09/23 16:51:42.971, 0, 97 %, 88 %, 6159 MiB, 49140 MiB, 290.19 W, 300.00 W, 73, 1920 MHz
2026/09/23 16:51:43.973, 0, 97 %, 83 %, 6159 MiB, 49140 MiB, 287.10 W, 300.00 W, 72, 1710 MHz
2026/09/23 16:51:44.974, 0, 98 %, 87 %, 6159 MiB, 49140 MiB, 289.31 W, 300.00 W, 73, 2115 MHz
2026/09/23 16:51:45.975, 0, 98 %, 82 %, 6159 MiB, 49140 MiB, 289.36 W, 300.00 W, 72, 2025 MHz
2026/09/23 16:51:46.975, 0, 95 %, 84 %, 6159 MiB, 49140 MiB, 289.00 W, 300.00 W, 72, 1875 MHz
2026/09/23 16:51:47.977, 0, 97 %, 85 %, 6159 MiB, 49140 MiB, 286.96 W, 300.00 W, 73, 1785 MHz
2026/09/23 16:51:48.978, 0, 97 %, 87 %, 6159 MiB, 49140 MiB, 289.64 W, 300.00 W, 73, 1935 MHz
2026/09/23 16:51:49.979, 0, 97 %, 87 %, 6159 MiB, 49140 MiB, 291.00 W, 300.00 W, 73, 1920 MHz
2026/09/23 16:51:50.979, 0, 95 %, 84 %, 6159 MiB, 49140 MiB, 287.01 W, 300.00 W, 72, 1755 MHz
2026/09/23 16:51:51.980, 0, 98 %, 84 %, 6159 MiB, 49140 MiB, 286.89 W, 300.00 W, 73, 1770 MHz
2026/09/23 16:51:52.983, 0, 98 %, 88 %, 6159 MiB, 49140 MiB, 290.41 W, 300.00 W, 73, 2085 MHz
2026/09/23 16:51:53.984, 0, 96 %, 81 %, 6159 MiB, 49140 MiB, 288.74 W, 300.00 W, 71, 1995 MHz
2026/09/23 16:51:54.984, 0, 94 %, 65 %, 6159 MiB, 49140 MiB, 293.62 W, 300.00 W, 74, 1725 MHz
2026/09/23 16:51:55.985, 0, 0 %, 0 %, 6159 MiB, 49140 MiB, 201.23 W, 300.00 W, 67, 2730 MHz
2026/09/23 16:51:56.986, 0, 0 %, 0 %, 6159 MiB, 49140 MiB, 88.12 W, 300.00 W, 70, 2310 MHz
2026/09/23 16:51:57.987, 0, 97 %, 85 %, 6159 MiB, 49140 MiB, 244.13 W, 300.00 W, 72, 1890 MHz
2026/09/23 16:51:58.989, 0, 97 %, 86 %, 6159 MiB, 49140 MiB, 294.85 W, 300.00 W, 71, 1800 MHz
2026/09/23 16:51:59.989, 0, 97 %, 86 %, 6159 MiB, 49140 MiB, 290.57 W, 300.00 W, 72, 2025 MHz
2026/09/23 16:52:00.991, 0, 98 %, 86 %, 6159 MiB, 49140 MiB, 286.92 W, 300.00 W, 73, 1815 MHz
2026/09/23 16:52:01.991, 0, 98 %, 88 %, 6159 MiB, 49140 MiB, 289.12 W, 300.00 W, 72, 2055 MHz
2026/09/23 16:52:02.992, 0, 97 %, 86 %, 6159 MiB, 49140 MiB, 289.88 W, 300.00 W, 73, 1725 MHz
2026/09/23 16:52:03.993, 0, 97 %, 85 %, 6159 MiB, 49140 MiB, 288.75 W, 300.00 W, 72, 2085 MHz
2026/09/23 16:52:04.994, 0, 97 %, 87 %, 6159 MiB, 49140 MiB, 287.92 W, 300.00 W, 73, 1935 MHz
2026/09/23 16:52:05.995, 0, 97 %, 82 %, 6159 MiB, 49140 MiB, 288.64 W, 300.00 W, 72, 1755 MHz
2026/09/23 16:52:06.996, 0, 94 %, 84 %, 6159 MiB, 49140 MiB, 289.41 W, 300.00 W, 72, 1800 MHz
2026/09/23 16:52:07.999, 0, 97 %, 86 %, 6159 MiB, 49140 MiB, 288.19 W, 300.00 W, 74, 1965 MHz
2026/09/23 16:52:08.999, 0, 97 %, 85 %, 6159 MiB, 49140 MiB, 289.35 W, 300.00 W, 71, 1965 MHz
2026/09/23 16:52:10.001, 0, 96 %, 87 %, 6159 MiB, 49140 MiB, 289.33 W, 300.00 W, 72, 1695 MHz
2026/09/23 16:52:11.002, 0, 96 %, 82 %, 6159 MiB, 49140 MiB, 287.12 W, 300.00 W, 72, 2145 MHz
2026/09/23 16:52:12.004, 0, 97 %, 87 %, 6159 MiB, 49140 MiB, 288.03 W, 300.00 W, 73, 1890 MHz
2026/09/23 16:52:13.005, 0, 96 %, 81 %, 6159 MiB, 49140 MiB, 290.00 W, 300.00 W, 72, 1875 MHz
2026/09/23 16:52:14.007, 0, 96 %, 85 %, 6159 MiB, 49140 MiB, 288.69 W, 300.00 W, 72, 1785 MHz
2026/09/23 16:52:15.008, 0, 97 %, 87 %, 6159 MiB, 49140 MiB, 288.14 W, 300.00 W, 74, 1965 MHz
2026/09/23 16:52:16.009, 0, 97 %, 86 %, 6159 MiB, 49140 MiB, 289.12 W, 300.00 W, 72, 2040 MHz
2026/09/23 16:52:17.010, 0, 91 %, 80 %, 6159 MiB, 49140 MiB, 287.79 W, 300.00 W, 71, 2070 MHz
2026/09/23 16:52:18.011, 0, 97 %, 86 %, 6159 MiB, 49140 MiB, 286.61 W, 300.00 W, 72, 1785 MHz
2026/09/23 16:52:19.012, 0, 97 %, 85 %, 6159 MiB, 49140 MiB, 286.83 W, 300.00 W, 73, 2145 MHz
2026/09/23 16:52:20.013, 0, 94 %, 68 %, 6159 MiB, 49140 MiB, 295.94 W, 300.00 W, 74, 1710 MHz
2026/09/23 16:52:21.014, 0, 0 %, 0 %, 6159 MiB, 49140 MiB, 111.46 W, 300.00 W, 66, 2505 MHz
2026/09/23 16:52:22.014, 0, 97 %, 85 %, 6159 MiB, 49140 MiB, 127.89 W, 300.00 W, 71, 2130 MHz
2026/09/23 16:52:23.015, 0, 97 %, 88 %, 6159 MiB, 49140 MiB, 288.03 W, 300.00 W, 71, 2085 MHz
2026/09/23 16:52:24.016, 0, 98 %, 87 %, 6159 MiB, 49140 MiB, 288.99 W, 300.00 W, 72, 1710 MHz
2026/09/23 16:52:25.017, 0, 96 %, 84 %, 6159 MiB, 49140 MiB, 286.14 W, 300.00 W, 71, 2085 MHz
2026/09/23 16:52:26.017, 0, 98 %, 87 %, 6159 MiB, 49140 MiB, 287.89 W, 300.00 W, 72, 1920 MHz
2026/09/23 16:52:27.019, 0, 97 %, 84 %, 6159 MiB, 49140 MiB, 289.50 W, 300.00 W, 72, 1830 MHz
2026/09/23 16:52:28.020, 0, 95 %, 84 %, 6159 MiB, 49140 MiB, 286.80 W, 300.00 W, 72, 1965 MHz
2026/09/23 16:52:29.020, 0, 97 %, 86 %, 6159 MiB, 49140 MiB, 289.02 W, 300.00 W, 73, 1815 MHz
2026/09/23 16:52:30.022, 0, 98 %, 84 %, 6159 MiB, 49140 MiB, 289.59 W, 300.00 W, 71, 1935 MHz
2026/09/23 16:52:31.023, 0, 98 %, 87 %, 6159 MiB, 49140 MiB, 288.79 W, 300.00 W, 72, 1785 MHz
2026/09/23 16:52:32.024, 0, 97 %, 86 %, 6159 MiB, 49140 MiB, 288.24 W, 300.00 W, 72, 2085 MHz
2026/09/23 16:52:33.024, 0, 97 %, 87 %, 6159 MiB, 49140 MiB, 288.88 W, 300.00 W, 72, 2055 MHz
2026/09/23 16:52:34.025, 0, 97 %, 86 %, 6159 MiB, 49140 MiB, 290.75 W, 300.00 W, 73, 1725 MHz
2026/09/23 16:52:35.026, 0, 95 %, 84 %, 6159 MiB, 49140 MiB, 286.76 W, 300.00 W, 72, 1935 MHz
2026/09/23 16:52:36.027, 0, 97 %, 87 %, 6159 MiB, 49140 MiB, 289.99 W, 300.00 W, 74, 1740 MHz
2026/09/23 16:52:37.028, 0, 98 %, 85 %, 6159 MiB, 49140 MiB, 290.46 W, 300.00 W, 71, 1995 MHz
2026/09/23 16:52:38.030, 0, 95 %, 82 %, 6159 MiB, 49140 MiB, 289.43 W, 300.00 W, 72, 1815 MHz
2026/09/23 16:52:39.030, 0, 97 %, 87 %, 6159 MiB, 49140 MiB, 288.39 W, 300.00 W, 74, 2010 MHz
2026/09/23 16:52:40.031, 0, 98 %, 82 %, 6159 MiB, 49140 MiB, 287.99 W, 300.00 W, 72, 2085 MHz
2026/09/23 16:52:41.033, 0, 97 %, 87 %, 6159 MiB, 49140 MiB, 290.18 W, 300.00 W, 73, 1635 MHz
2026/09/23 16:52:42.033, 0, 95 %, 84 %, 6159 MiB, 49140 MiB, 287.90 W, 300.00 W, 72, 2070 MHz
2026/09/23 16:52:43.035, 0, 98 %, 89 %, 6159 MiB, 49140 MiB, 289.08 W, 300.00 W, 74, 1725 MHz
2026/09/23 16:52:44.036, 0, 85 %, 60 %, 6159 MiB, 49140 MiB, 289.00 W, 300.00 W, 72, 1935 MHz
2026/09/23 16:52:45.037, 0, 62 %, 44 %, 6159 MiB, 49140 MiB, 269.54 W, 300.00 W, 69, 2730 MHz
2026/09/23 16:52:46.037, 0, 0 %, 0 %, 6159 MiB, 49140 MiB, 87.60 W, 300.00 W, 66, 2730 MHz
2026/09/23 16:52:47.037, 0, 97 %, 81 %, 6159 MiB, 49140 MiB, 178.62 W, 300.00 W, 71, 2115 MHz
2026/09/23 16:52:48.039, 0, 90 %, 81 %, 6159 MiB, 49140 MiB, 287.36 W, 300.00 W, 71, 1770 MHz
2026/09/23 16:52:49.039, 0, 97 %, 83 %, 6159 MiB, 49140 MiB, 284.66 W, 300.00 W, 71, 1905 MHz
2026/09/23 16:52:50.040, 0, 94 %, 84 %, 6159 MiB, 49140 MiB, 287.10 W, 300.00 W, 73, 2130 MHz
2026/09/23 16:52:51.041, 0, 97 %, 81 %, 6159 MiB, 49140 MiB, 287.78 W, 300.00 W, 71, 1725 MHz
2026/09/23 16:52:52.042, 0, 95 %, 85 %, 6159 MiB, 49140 MiB, 288.88 W, 300.00 W, 72, 1950 MHz
2026/09/23 16:52:53.043, 0, 97 %, 87 %, 6159 MiB, 49140 MiB, 288.16 W, 300.00 W, 72, 1755 MHz
2026/09/23 16:52:54.044, 0, 97 %, 83 %, 6159 MiB, 49140 MiB, 289.46 W, 300.00 W, 72, 1950 MHz
2026/09/23 16:52:55.045, 0, 93 %, 85 %, 6159 MiB, 49140 MiB, 289.06 W, 300.00 W, 72, 1920 MHz
2026/09/23 16:52:56.045, 0, 97 %, 82 %, 6159 MiB, 49140 MiB, 289.97 W, 300.00 W, 72, 1755 MHz
2026/09/23 16:52:57.046, 0, 98 %, 89 %, 6159 MiB, 49140 MiB, 287.75 W, 300.00 W, 72, 2100 MHz
2026/09/23 16:52:58.048, 0, 97 %, 84 %, 6159 MiB, 49140 MiB, 289.60 W, 300.00 W, 74, 2055 MHz
2026/09/23 16:52:59.048, 0, 94 %, 83 %, 6159 MiB, 49140 MiB, 289.96 W, 300.00 W, 72, 1665 MHz
2026/09/23 16:53:00.050, 0, 97 %, 87 %, 6159 MiB, 49140 MiB, 288.71 W, 300.00 W, 72, 2025 MHz
2026/09/23 16:53:01.051, 0, 98 %, 82 %, 6159 MiB, 49140 MiB, 288.67 W, 300.00 W, 72, 1710 MHz
2026/09/23 16:53:02.052, 0, 95 %, 86 %, 6159 MiB, 49140 MiB, 288.19 W, 300.00 W, 74, 2055 MHz
2026/09/23 16:53:03.052, 0, 96 %, 82 %, 6159 MiB, 49140 MiB, 290.18 W, 300.00 W, 71, 1620 MHz
2026/09/23 16:53:04.053, 0, 98 %, 88 %, 6159 MiB, 49140 MiB, 289.73 W, 300.00 W, 72, 2085 MHz
2026/09/23 16:53:05.055, 0, 97 %, 81 %, 6159 MiB, 49140 MiB, 289.10 W, 300.00 W, 73, 1965 MHz
2026/09/23 16:53:06.055, 0, 94 %, 83 %, 6159 MiB, 49140 MiB, 289.87 W, 300.00 W, 73, 1890 MHz
2026/09/23 16:53:07.057, 0, 98 %, 88 %, 6159 MiB, 49140 MiB, 290.67 W, 300.00 W, 73, 1800 MHz
2026/09/23 16:53:08.057, 0, 98 %, 86 %, 6159 MiB, 49140 MiB, 288.94 W, 300.00 W, 72, 1890 MHz
2026/09/23 16:53:09.058, 0, 92 %, 65 %, 6159 MiB, 49140 MiB, 295.26 W, 300.00 W, 74, 1665 MHz
2026/09/23 16:53:10.059, 0, 0 %, 0 %, 6159 MiB, 49140 MiB, 141.47 W, 300.00 W, 67, 2745 MHz
2026/09/23 16:53:11.059, 0, 97 %, 80 %, 6159 MiB, 49140 MiB, 271.81 W, 300.00 W, 73, 2055 MHz
2026/09/23 16:53:12.060, 0, 93 %, 84 %, 6159 MiB, 49140 MiB, 287.78 W, 300.00 W, 72, 1815 MHz
2026/09/23 16:53:13.061, 0, 97 %, 87 %, 6159 MiB, 49140 MiB, 289.31 W, 300.00 W, 73, 1815 MHz
2026/09/23 16:53:14.061, 0, 98 %, 86 %, 6159 MiB, 49140 MiB, 287.35 W, 300.00 W, 72, 1875 MHz
2026/09/23 16:53:15.062, 0, 98 %, 89 %, 6159 MiB, 49140 MiB, 290.34 W, 300.00 W, 74, 1920 MHz
2026/09/23 16:53:16.063, 0, 97 %, 84 %, 6159 MiB, 49140 MiB, 289.17 W, 300.00 W, 71, 1665 MHz
2026/09/23 16:53:17.064, 0, 98 %, 87 %, 6159 MiB, 49140 MiB, 288.25 W, 300.00 W, 72, 2145 MHz
2026/09/23 16:53:18.065, 0, 98 %, 82 %, 6159 MiB, 49140 MiB, 287.24 W, 300.00 W, 73, 2025 MHz
2026/09/23 16:53:19.066, 0, 95 %, 85 %, 6159 MiB, 49140 MiB, 289.36 W, 300.00 W, 72, 1800 MHz
2026/09/23 16:53:20.067, 0, 98 %, 88 %, 6159 MiB, 49140 MiB, 289.45 W, 300.00 W, 73, 1770 MHz
2026/09/23 16:53:21.068, 0, 98 %, 87 %, 6159 MiB, 49140 MiB, 286.06 W, 300.00 W, 72, 2265 MHz
2026/09/23 16:53:22.069, 0, 98 %, 82 %, 6159 MiB, 49140 MiB, 287.03 W, 300.00 W, 73, 2010 MHz
2026/09/23 16:53:23.070, 0, 94 %, 84 %, 6159 MiB, 49140 MiB, 289.68 W, 300.00 W, 72, 1695 MHz
2026/09/23 16:53:24.072, 0, 98 %, 88 %, 6159 MiB, 49140 MiB, 288.27 W, 300.00 W, 73, 2010 MHz
2026/09/23 16:53:25.072, 0, 97 %, 81 %, 6159 MiB, 49140 MiB, 288.07 W, 300.00 W, 72, 1755 MHz
2026/09/23 16:53:26.073, 0, 97 %, 87 %, 6159 MiB, 49140 MiB, 289.00 W, 300.00 W, 73, 1920 MHz
2026/09/23 16:53:27.074, 0, 98 %, 85 %, 6159 MiB, 49140 MiB, 289.51 W, 300.00 W, 72, 1725 MHz
2026/09/23 16:53:28.076, 0, 97 %, 88 %, 6159 MiB, 49140 MiB, 287.70 W, 300.00 W, 72, 2085 MHz
2026/09/23 16:53:29.076, 0, 97 %, 83 %, 6159 MiB, 49140 MiB, 288.07 W, 300.00 W, 74, 2025 MHz
2026/09/23 16:53:30.077, 0, 95 %, 85 %, 6159 MiB, 49140 MiB, 289.34 W, 300.00 W, 72, 1800 MHz
2026/09/23 16:53:31.077, 0, 98 %, 89 %, 6159 MiB, 49140 MiB, 288.93 W, 300.00 W, 73, 1815 MHz
2026/09/23 16:53:32.078, 0, 96 %, 85 %, 6159 MiB, 49140 MiB, 286.12 W, 300.00 W, 72, 2055 MHz
2026/09/23 16:53:33.080, 0, 95 %, 67 %, 6159 MiB, 49140 MiB, 296.48 W, 300.00 W, 74, 1725 MHz
2026/09/23 16:53:34.080, 0, 0 %, 0 %, 6159 MiB, 49140 MiB, 143.16 W, 300.00 W, 67, 2745 MHz
2026/09/23 16:53:35.081, 0, 98 %, 89 %, 6159 MiB, 49140 MiB, 274.80 W, 300.00 W, 74, 2070 MHz
2026/09/23 16:53:36.082, 0, 97 %, 83 %, 6159 MiB, 49140 MiB, 291.66 W, 300.00 W, 71, 1710 MHz
2026/09/23 16:53:37.083, 0, 98 %, 89 %, 6159 MiB, 49140 MiB, 287.29 W, 300.00 W, 72, 2055 MHz
2026/09/23 16:53:38.084, 0, 98 %, 87 %, 6159 MiB, 49140 MiB, 288.98 W, 300.00 W, 74, 1695 MHz
2026/09/23 16:53:39.085, 0, 96 %, 83 %, 6159 MiB, 49140 MiB, 288.42 W, 300.00 W, 71, 1875 MHz
2026/09/23 16:53:40.087, 0, 98 %, 88 %, 6159 MiB, 49140 MiB, 288.73 W, 300.00 W, 72, 1710 MHz
2026/09/23 16:53:41.088, 0, 97 %, 81 %, 6159 MiB, 49140 MiB, 287.27 W, 300.00 W, 73, 1980 MHz
2026/09/23 16:53:42.088, 0, 96 %, 86 %, 6159 MiB, 49140 MiB, 289.78 W, 300.00 W, 73, 1770 MHz
2026/09/23 16:53:43.089, 0, 97 %, 84 %, 6159 MiB, 49140 MiB, 289.36 W, 300.00 W, 72, 2145 MHz
2026/09/23 16:53:44.090, 0, 98 %, 88 %, 6159 MiB, 49140 MiB, 287.51 W, 300.00 W, 72, 2025 MHz
2026/09/23 16:53:45.091, 0, 96 %, 81 %, 6159 MiB, 49140 MiB, 287.15 W, 300.00 W, 73, 1965 MHz
2026/09/23 16:53:46.092, 0, 96 %, 85 %, 6159 MiB, 49140 MiB, 289.64 W, 300.00 W, 72, 1785 MHz
2026/09/23 16:53:47.093, 0, 98 %, 89 %, 6159 MiB, 49140 MiB, 289.42 W, 300.00 W, 72, 1935 MHz
2026/09/23 16:53:48.094, 0, 97 %, 83 %, 6159 MiB, 49140 MiB, 286.40 W, 300.00 W, 72, 2085 MHz
2026/09/23 16:53:49.095, 0, 98 %, 88 %, 6159 MiB, 49140 MiB, 290.74 W, 300.00 W, 73, 1635 MHz
2026/09/23 16:53:50.096, 0, 97 %, 83 %, 6159 MiB, 49140 MiB, 289.89 W, 300.00 W, 72, 1980 MHz
2026/09/23 16:53:51.097, 0, 96 %, 86 %, 6159 MiB, 49140 MiB, 289.10 W, 300.00 W, 72, 1905 MHz
2026/09/23 16:53:52.098, 0, 98 %, 81 %, 6159 MiB, 49140 MiB, 289.18 W, 300.00 W, 74, 1980 MHz
2026/09/23 16:53:53.099, 0, 96 %, 86 %, 6159 MiB, 49140 MiB, 290.16 W, 300.00 W, 72, 1725 MHz
2026/09/23 16:53:54.100, 0, 97 %, 86 %, 6159 MiB, 49140 MiB, 289.89 W, 300.00 W, 72, 2100 MHz
2026/09/23 16:53:55.101, 0, 98 %, 88 %, 6159 MiB, 49140 MiB, 287.26 W, 300.00 W, 73, 1980 MHz
2026/09/23 16:53:56.101, 0, 98 %, 86 %, 6159 MiB, 49140 MiB, 289.17 W, 300.00 W, 73, 1740 MHz
2026/09/23 16:53:57.103, 0, 95 %, 67 %, 6159 MiB, 49140 MiB, 294.86 W, 300.00 W, 75, 1680 MHz
2026/09/23 16:53:58.104, 0, 0 %, 0 %, 6159 MiB, 49140 MiB, 138.62 W, 300.00 W, 67, 2730 MHz
2026/09/23 16:53:59.104, 0, 0 %, 0 %, 6159 MiB, 49140 MiB, 126.17 W, 300.00 W, 71, 1725 MHz
2026/09/23 16:54:00.105, 0, 95 %, 82 %, 6159 MiB, 49140 MiB, 290.07 W, 300.00 W, 71, 2040 MHz
2026/09/23 16:54:01.106, 0, 97 %, 87 %, 6159 MiB, 49140 MiB, 288.15 W, 300.00 W, 72, 1815 MHz
2026/09/23 16:54:02.107, 0, 97 %, 81 %, 6159 MiB, 49140 MiB, 288.29 W, 300.00 W, 73, 2010 MHz
2026/09/23 16:54:03.107, 0, 94 %, 84 %, 6159 MiB, 49140 MiB, 288.18 W, 300.00 W, 71, 1755 MHz
2026/09/23 16:54:04.108, 0, 98 %, 86 %, 6159 MiB, 49140 MiB, 290.45 W, 300.00 W, 72, 1995 MHz
2026/09/23 16:54:05.108, 0, 98 %, 86 %, 6159 MiB, 49140 MiB, 288.70 W, 300.00 W, 73, 1965 MHz
2026/09/23 16:54:06.111, 0, 97 %, 88 %, 6159 MiB, 49140 MiB, 286.15 W, 300.00 W, 73, 1830 MHz
2026/09/23 16:54:07.112, 0, 95 %, 84 %, 6159 MiB, 49140 MiB, 289.67 W, 300.00 W, 71, 1770 MHz
2026/09/23 16:54:08.113, 0, 97 %, 87 %, 6159 MiB, 49140 MiB, 290.06 W, 300.00 W, 72, 1995 MHz
2026/09/23 16:54:09.113, 0, 98 %, 87 %, 6159 MiB, 49140 MiB, 289.03 W, 300.00 W, 73, 2040 MHz
2026/09/23 16:54:10.114, 0, 97 %, 88 %, 6159 MiB, 49140 MiB, 289.26 W, 300.00 W, 73, 1620 MHz
2026/09/23 16:54:11.115, 0, 95 %, 82 %, 6159 MiB, 49140 MiB, 289.91 W, 300.00 W, 72, 1890 MHz
2026/09/23 16:54:12.116, 0, 97 %, 87 %, 6159 MiB, 49140 MiB, 289.33 W, 300.00 W, 72, 1860 MHz
2026/09/23 16:54:13.117, 0, 97 %, 80 %, 6159 MiB, 49140 MiB, 288.90 W, 300.00 W, 74, 1950 MHz
2026/09/23 16:54:14.118, 0, 95 %, 85 %, 6159 MiB, 49140 MiB, 288.93 W, 300.00 W, 73, 1635 MHz
2026/09/23 16:54:15.119, 0, 97 %, 83 %, 6159 MiB, 49140 MiB, 290.16 W, 300.00 W, 73, 2085 MHz
2026/09/23 16:54:16.119, 0, 97 %, 86 %, 6159 MiB, 49140 MiB, 287.94 W, 300.00 W, 72, 1755 MHz
2026/09/23 16:54:17.120, 0, 98 %, 81 %, 6159 MiB, 49140 MiB, 288.77 W, 300.00 W, 74, 1965 MHz
2026/09/23 16:54:18.121, 0, 96 %, 85 %, 6159 MiB, 49140 MiB, 289.91 W, 300.00 W, 72, 1710 MHz
2026/09/23 16:54:19.125, 0, 97 %, 83 %, 6159 MiB, 49140 MiB, 289.05 W, 300.00 W, 73, 2100 MHz
2026/09/23 16:54:20.125, 0, 97 %, 88 %, 6159 MiB, 49140 MiB, 287.52 W, 300.00 W, 72, 1950 MHz
2026/09/23 16:54:21.126, 0, 98 %, 83 %, 6159 MiB, 49140 MiB, 289.68 W, 300.00 W, 74, 1830 MHz
2026/09/23 16:54:22.127, 0, 96 %, 67 %, 6159 MiB, 49140 MiB, 294.65 W, 300.00 W, 69, 2550 MHz
2026/09/23 16:54:23.128, 0, 0 %, 0 %, 6159 MiB, 49140 MiB, 137.19 W, 300.00 W, 72, 1845 MHz
2026/09/23 16:54:24.129, 0, 98 %, 81 %, 6159 MiB, 49140 MiB, 288.15 W, 300.00 W, 73, 2025 MHz
2026/09/23 16:54:25.130, 0, 94 %, 84 %, 6159 MiB, 49140 MiB, 288.23 W, 300.00 W, 71, 1830 MHz
2026/09/23 16:54:26.131, 0, 98 %, 88 %, 6159 MiB, 49140 MiB, 289.60 W, 300.00 W, 72, 1980 MHz
2026/09/23 16:54:27.132, 0, 97 %, 85 %, 6159 MiB, 49140 MiB, 287.11 W, 300.00 W, 72, 1815 MHz
2026/09/23 16:54:28.132, 0, 97 %, 87 %, 6159 MiB, 49140 MiB, 290.33 W, 300.00 W, 73, 1785 MHz
2026/09/23 16:54:29.133, 0, 95 %, 83 %, 6159 MiB, 49140 MiB, 289.67 W, 300.00 W, 72, 1950 MHz
2026/09/23 16:54:30.134, 0, 94 %, 84 %, 6159 MiB, 49140 MiB, 287.97 W, 300.00 W, 72, 2010 MHz
2026/09/23 16:54:31.134, 0, 96 %, 86 %, 6159 MiB, 49140 MiB, 287.34 W, 300.00 W, 73, 1770 MHz
2026/09/23 16:54:32.135, 0, 98 %, 89 %, 6159 MiB, 49140 MiB, 290.80 W, 300.00 W, 72, 1935 MHz
2026/09/23 16:54:33.136, 0, 97 %, 83 %, 6159 MiB, 49140 MiB, 289.50 W, 300.00 W, 73, 1905 MHz
2026/09/23 16:54:34.137, 0, 97 %, 87 %, 6159 MiB, 49140 MiB, 289.75 W, 300.00 W, 72, 1920 MHz
2026/09/23 16:54:35.138, 0, 98 %, 81 %, 6159 MiB, 49140 MiB, 288.68 W, 300.00 W, 74, 1680 MHz
2026/09/23 16:54:36.139, 0, 96 %, 86 %, 6159 MiB, 49140 MiB, 291.02 W, 300.00 W, 71, 2085 MHz
2026/09/23 16:54:37.140, 0, 92 %, 83 %, 6159 MiB, 49140 MiB, 287.70 W, 300.00 W, 72, 2265 MHz
2026/09/23 16:54:38.142, 0, 97 %, 87 %, 6159 MiB, 49140 MiB, 289.07 W, 300.00 W, 72, 1920 MHz
2026/09/23 16:54:39.142, 0, 98 %, 81 %, 6159 MiB, 49140 MiB, 289.91 W, 300.00 W, 74, 1710 MHz
2026/09/23 16:54:40.143, 0, 94 %, 84 %, 6159 MiB, 49140 MiB, 289.94 W, 300.00 W, 72, 2100 MHz
2026/09/23 16:54:41.144, 0, 98 %, 86 %, 6159 MiB, 49140 MiB, 290.54 W, 300.00 W, 73, 1860 MHz
2026/09/23 16:54:42.145, 0, 96 %, 87 %, 6159 MiB, 49140 MiB, 288.85 W, 300.00 W, 72, 1905 MHz
2026/09/23 16:54:43.146, 0, 98 %, 86 %, 6159 MiB, 49140 MiB, 289.01 W, 300.00 W, 74, 1725 MHz
2026/09/23 16:54:44.147, 0, 96 %, 86 %, 6159 MiB, 49140 MiB, 289.18 W, 300.00 W, 72, 2145 MHz
2026/09/23 16:54:45.148, 0, 96 %, 82 %, 6159 MiB, 49140 MiB, 288.51 W, 300.00 W, 73, 1860 MHz
2026/09/23 16:54:46.149, 0, 89 %, 63 %, 6159 MiB, 49140 MiB, 296.43 W, 300.00 W, 74, 1575 MHz
2026/09/23 16:54:47.149, 0, 0 %, 0 %, 6159 MiB, 49140 MiB, 114.87 W, 300.00 W, 67, 2730 MHz
2026/09/23 16:54:48.150, 0, 0 %, 0 %, 6159 MiB, 49140 MiB, 138.77 W, 300.00 W, 72, 1890 MHz
2026/09/23 16:54:49.151, 0, 96 %, 88 %, 6159 MiB, 49140 MiB, 289.86 W, 300.00 W, 71, 1905 MHz
2026/09/23 16:54:50.152, 0, 98 %, 83 %, 6159 MiB, 49140 MiB, 289.86 W, 300.00 W, 72, 1800 MHz
2026/09/23 16:54:51.153, 0, 98 %, 89 %, 6159 MiB, 49140 MiB, 286.38 W, 300.00 W, 72, 1995 MHz
2026/09/23 16:54:52.154, 0, 98 %, 85 %, 6159 MiB, 49140 MiB, 287.39 W, 300.00 W, 73, 1830 MHz
2026/09/23 16:54:53.155, 0, 96 %, 83 %, 6159 MiB, 49140 MiB, 287.92 W, 300.00 W, 71, 2115 MHz
2026/09/23 16:54:54.156, 0, 97 %, 88 %, 6159 MiB, 49140 MiB, 287.32 W, 300.00 W, 72, 2040 MHz
2026/09/23 16:54:55.158, 0, 98 %, 81 %, 6159 MiB, 49140 MiB, 288.31 W, 300.00 W, 74, 1680 MHz
2026/09/23 16:54:56.158, 0, 96 %, 87 %, 6159 MiB, 49140 MiB, 289.18 W, 300.00 W, 71, 2100 MHz
2026/09/23 16:54:57.159, 0, 93 %, 82 %, 6159 MiB, 49140 MiB, 288.19 W, 300.00 W, 73, 1920 MHz
2026/09/23 16:54:58.160, 0, 97 %, 87 %, 6159 MiB, 49140 MiB, 287.42 W, 300.00 W, 72, 1935 MHz
2026/09/23 16:54:59.161, 0, 98 %, 82 %, 6159 MiB, 49140 MiB, 288.23 W, 300.00 W, 74, 1740 MHz
2026/09/23 16:55:00.162, 0, 95 %, 85 %, 6159 MiB, 49140 MiB, 290.61 W, 300.00 W, 71, 2100 MHz
2026/09/23 16:55:01.163, 0, 98 %, 89 %, 6159 MiB, 49140 MiB, 289.52 W, 300.00 W, 72, 1980 MHz
2026/09/23 16:55:02.165, 0, 97 %, 83 %, 6159 MiB, 49140 MiB, 287.60 W, 300.00 W, 74, 1665 MHz
2026/09/23 16:55:03.165, 0, 97 %, 88 %, 6159 MiB, 49140 MiB, 289.51 W, 300.00 W, 72, 2040 MHz
2026/09/23 16:55:04.166, 0, 98 %, 85 %, 6159 MiB, 49140 MiB, 289.83 W, 300.00 W, 73, 1755 MHz
2026/09/23 16:55:05.167, 0, 96 %, 87 %, 6159 MiB, 49140 MiB, 287.15 W, 300.00 W, 73, 1920 MHz
2026/09/23 16:55:06.168, 0, 98 %, 82 %, 6159 MiB, 49140 MiB, 289.01 W, 300.00 W, 74, 1785 MHz
2026/09/23 16:55:07.168, 0, 96 %, 86 %, 6159 MiB, 49140 MiB, 289.65 W, 300.00 W, 71, 2085 MHz
2026/09/23 16:55:08.169, 0, 97 %, 87 %, 6159 MiB, 49140 MiB, 289.45 W, 300.00 W, 73, 1965 MHz
2026/09/23 16:55:09.171, 0, 97 %, 86 %, 6159 MiB, 49140 MiB, 287.62 W, 300.00 W, 73, 1770 MHz
2026/09/23 16:55:10.172, 0, 98 %, 89 %, 6159 MiB, 49140 MiB, 290.46 W, 300.00 W, 73, 1695 MHz
2026/09/23 16:55:11.173, 0, 92 %, 64 %, 6159 MiB, 49140 MiB, 273.13 W, 300.00 W, 68, 2730 MHz
2026/09/23 16:55:12.173, 0, 0 %, 0 %, 6159 MiB, 49140 MiB, 87.53 W, 300.00 W, 66, 2730 MHz
2026/09/23 16:55:13.174, 0, 0 %, 0 %, 6159 MiB, 49140 MiB, 166.22 W, 300.00 W, 72, 1965 MHz
2026/09/23 16:55:14.176, 0, 98 %, 86 %, 6159 MiB, 49140 MiB, 288.89 W, 300.00 W, 72, 1725 MHz
2026/09/23 16:55:15.176, 0, 97 %, 88 %, 6159 MiB, 49140 MiB, 288.39 W, 300.00 W, 71, 2010 MHz
2026/09/23 16:55:16.177, 0, 97 %, 84 %, 6159 MiB, 49140 MiB, 290.35 W, 300.00 W, 72, 1935 MHz
2026/09/23 16:55:17.178, 0, 98 %, 88 %, 6159 MiB, 49140 MiB, 287.59 W, 300.00 W, 72, 1785 MHz
2026/09/23 16:55:18.179, 0, 98 %, 87 %, 6159 MiB, 49140 MiB, 288.45 W, 300.00 W, 73, 2100 MHz
2026/09/23 16:55:19.180, 0, 95 %, 83 %, 6159 MiB, 49140 MiB, 289.40 W, 300.00 W, 72, 2085 MHz
2026/09/23 16:55:20.181, 0, 98 %, 88 %, 6159 MiB, 49140 MiB, 287.79 W, 300.00 W, 72, 1620 MHz
2026/09/23 16:55:21.182, 0, 98 %, 82 %, 6159 MiB, 49140 MiB, 287.70 W, 300.00 W, 74, 2025 MHz
2026/09/23 16:55:22.183, 0, 97 %, 87 %, 6159 MiB, 49140 MiB, 288.10 W, 300.00 W, 72, 1905 MHz
2026/09/23 16:55:23.184, 0, 97 %, 83 %, 6159 MiB, 49140 MiB, 289.12 W, 300.00 W, 73, 1905 MHz
2026/09/23 16:55:24.185, 0, 97 %, 88 %, 6159 MiB, 49140 MiB, 287.41 W, 300.00 W, 72, 1620 MHz
2026/09/23 16:55:25.186, 0, 98 %, 81 %, 6159 MiB, 49140 MiB, 288.30 W, 300.00 W, 74, 2085 MHz
2026/09/23 16:55:26.187, 0, 95 %, 85 %, 6159 MiB, 49140 MiB, 289.62 W, 300.00 W, 71, 1935 MHz
2026/09/23 16:55:27.188, 0, 97 %, 86 %, 6159 MiB, 49140 MiB, 288.29 W, 300.00 W, 72, 1965 MHz
2026/09/23 16:55:28.189, 0, 98 %, 88 %, 6159 MiB, 49140 MiB, 287.81 W, 300.00 W, 72, 1740 MHz
2026/09/23 16:55:29.189, 0, 96 %, 83 %, 6159 MiB, 49140 MiB, 288.83 W, 300.00 W, 73, 2100 MHz
2026/09/23 16:55:30.190, 0, 96 %, 83 %, 6159 MiB, 49140 MiB, 289.83 W, 300.00 W, 72, 2010 MHz
2026/09/23 16:55:31.191, 0, 97 %, 87 %, 6159 MiB, 49140 MiB, 288.81 W, 300.00 W, 72, 1755 MHz
2026/09/23 16:55:32.192, 0, 98 %, 86 %, 6159 MiB, 49140 MiB, 285.02 W, 300.00 W, 72, 1785 MHz
2026/09/23 16:55:33.192, 0, 97 %, 88 %, 6159 MiB, 49140 MiB, 289.58 W, 300.00 W, 73, 2115 MHz
2026/09/23 16:55:34.193, 0, 94 %, 84 %, 6159 MiB, 49140 MiB, 287.10 W, 300.00 W, 71, 1860 MHz
2026/09/23 16:55:35.194, 0, 97 %, 87 %, 6159 MiB, 49140 MiB, 291.46 W, 300.00 W, 73, 1665 MHz
2026/09/23 16:55:36.194, 0, 96 %, 66 %, 6159 MiB, 49140 MiB, 251.22 W, 300.00 W, 67, 2730 MHz
2026/09/23 16:55:37.195, 0, 0 %, 0 %, 6159 MiB, 49140 MiB, 170.68 W, 300.00 W, 71, 1785 MHz
2026/09/23 16:55:38.196, 0, 98 %, 89 %, 6159 MiB, 49140 MiB, 284.91 W, 300.00 W, 72, 1710 MHz
2026/09/23 16:55:39.197, 0, 98 %, 86 %, 6159 MiB, 49140 MiB, 288.03 W, 300.00 W, 72, 2085 MHz
2026/09/23 16:55:40.198, 0, 96 %, 82 %, 6159 MiB, 49140 MiB, 289.57 W, 300.00 W, 73, 1965 MHz
2026/09/23 16:55:41.198, 0, 97 %, 87 %, 6159 MiB, 49140 MiB, 288.21 W, 300.00 W, 72, 1635 MHz
2026/09/23 16:55:42.199, 0, 98 %, 82 %, 6159 MiB, 49140 MiB, 283.90 W, 300.00 W, 72, 1770 MHz
2026/09/23 16:55:43.200, 0, 97 %, 88 %, 6159 MiB, 49140 MiB, 289.12 W, 300.00 W, 72, 2025 MHz
2026/09/23 16:55:44.201, 0, 98 %, 85 %, 6159 MiB, 49140 MiB, 290.57 W, 300.00 W, 73, 1875 MHz
2026/09/23 16:55:45.202, 0, 97 %, 88 %, 6159 MiB, 49140 MiB, 286.75 W, 300.00 W, 72, 1620 MHz
2026/09/23 16:55:46.202, 0, 97 %, 82 %, 6159 MiB, 49140 MiB, 288.35 W, 300.00 W, 74, 2100 MHz
2026/09/23 16:55:47.206, 0, 94 %, 84 %, 6159 MiB, 49140 MiB, 291.14 W, 300.00 W, 71, 1980 MHz
2026/09/23 16:55:48.207, 0, 98 %, 88 %, 6159 MiB, 49140 MiB, 288.55 W, 300.00 W, 72, 1785 MHz
2026/09/23 16:55:49.207, 0, 98 %, 84 %, 6159 MiB, 49140 MiB, 288.45 W, 300.00 W, 73, 1815 MHz
2026/09/23 16:55:50.208, 0, 96 %, 88 %, 6159 MiB, 49140 MiB, 290.14 W, 300.00 W, 73, 2265 MHz
2026/09/23 16:55:51.209, 0, 95 %, 83 %, 6159 MiB, 49140 MiB, 287.70 W, 300.00 W, 72, 2040 MHz
2026/09/23 16:55:52.210, 0, 96 %, 88 %, 6159 MiB, 49140 MiB, 289.77 W, 300.00 W, 72, 1800 MHz
2026/09/23 16:55:53.210, 0, 98 %, 83 %, 6159 MiB, 49140 MiB, 288.78 W, 300.00 W, 74, 1830 MHz
2026/09/23 16:55:54.212, 0, 98 %, 89 %, 6159 MiB, 49140 MiB, 288.68 W, 300.00 W, 73, 1935 MHz
2026/09/23 16:55:55.213, 0, 98 %, 84 %, 6159 MiB, 49140 MiB, 292.22 W, 300.00 W, 72, 2190 MHz
2026/09/23 16:55:56.214, 0, 97 %, 86 %, 6159 MiB, 49140 MiB, 288.25 W, 300.00 W, 72, 1695 MHz
2026/09/23 16:55:57.214, 0, 98 %, 82 %, 6159 MiB, 49140 MiB, 288.43 W, 300.00 W, 73, 1830 MHz
2026/09/23 16:55:58.216, 0, 97 %, 88 %, 6159 MiB, 49140 MiB, 290.53 W, 300.00 W, 73, 2025 MHz
2026/09/23 16:55:59.217, 0, 98 %, 83 %, 6159 MiB, 49140 MiB, 291.70 W, 300.00 W, 74, 1605 MHz
2026/09/23 16:56:00.217, 0, 94 %, 66 %, 6159 MiB, 49140 MiB, 254.34 W, 300.00 W, 68, 2730 MHz
2026/09/23 16:56:01.218, 0, 0 %, 0 %, 6159 MiB, 49140 MiB, 87.67 W, 300.00 W, 67, 2730 MHz
2026/09/23 16:56:02.218, 0, 93 %, 85 %, 6159 MiB, 49140 MiB, 196.77 W, 300.00 W, 71, 1995 MHz
2026/09/23 16:56:03.219, 0, 98 %, 89 %, 6159 MiB, 49140 MiB, 289.80 W, 300.00 W, 72, 1845 MHz
2026/09/23 16:56:04.220, 0, 97 %, 83 %, 6159 MiB, 49140 MiB, 288.38 W, 300.00 W, 73, 1995 MHz
2026/09/23 16:56:05.221, 0, 96 %, 87 %, 6159 MiB, 49140 MiB, 288.80 W, 300.00 W, 71, 1920 MHz
2026/09/23 16:56:06.224, 0, 98 %, 85 %, 6159 MiB, 49140 MiB, 290.60 W, 300.00 W, 72, 1710 MHz
2026/09/23 16:56:07.225, 0, 97 %, 87 %, 6159 MiB, 49140 MiB, 288.08 W, 300.00 W, 72, 2130 MHz
2026/09/23 16:56:08.225, 0, 97 %, 87 %, 6159 MiB, 49140 MiB, 287.00 W, 300.00 W, 72, 2040 MHz
2026/09/23 16:56:09.226, 0, 96 %, 83 %, 6159 MiB, 49140 MiB, 288.98 W, 300.00 W, 72, 1785 MHz
2026/09/23 16:56:10.226, 0, 97 %, 87 %, 6159 MiB, 49140 MiB, 287.74 W, 300.00 W, 72, 1770 MHz
2026/09/23 16:56:11.230, 0, 97 %, 86 %, 6159 MiB, 49140 MiB, 288.52 W, 300.00 W, 72, 2115 MHz
2026/09/23 16:56:12.231, 0, 98 %, 89 %, 6159 MiB, 49140 MiB, 290.22 W, 300.00 W, 73, 2115 MHz
2026/09/23 16:56:13.232, 0, 96 %, 81 %, 6159 MiB, 49140 MiB, 289.16 W, 300.00 W, 73, 1650 MHz
2026/09/23 16:56:14.233, 0, 97 %, 87 %, 6159 MiB, 49140 MiB, 289.04 W, 300.00 W, 72, 1800 MHz
2026/09/23 16:56:15.234, 0, 98 %, 83 %, 6159 MiB, 49140 MiB, 288.73 W, 300.00 W, 74, 1995 MHz
2026/09/23 16:56:16.234, 0, 97 %, 87 %, 6159 MiB, 49140 MiB, 290.08 W, 300.00 W, 72, 1905 MHz
2026/09/23 16:56:17.235, 0, 97 %, 83 %, 6159 MiB, 49140 MiB, 290.39 W, 300.00 W, 73, 1635 MHz
2026/09/23 16:56:18.236, 0, 98 %, 88 %, 6159 MiB, 49140 MiB, 289.23 W, 300.00 W, 73, 2085 MHz
2026/09/23 16:56:19.237, 0, 98 %, 85 %, 6159 MiB, 49140 MiB, 289.65 W, 300.00 W, 73, 1980 MHz
2026/09/23 16:56:20.238, 0, 94 %, 83 %, 6159 MiB, 49140 MiB, 290.12 W, 300.00 W, 72, 1830 MHz
2026/09/23 16:56:21.239, 0, 97 %, 88 %, 6159 MiB, 49140 MiB, 286.28 W, 300.00 W, 72, 1770 MHz
2026/09/23 16:56:22.239, 0, 98 %, 84 %, 6159 MiB, 49140 MiB, 287.02 W, 300.00 W, 72, 2070 MHz
2026/09/23 16:56:23.240, 0, 96 %, 81 %, 6159 MiB, 49140 MiB, 288.28 W, 300.00 W, 74, 1740 MHz
2026/09/23 16:56:24.241, 0, 96 %, 85 %, 6159 MiB, 49140 MiB, 293.29 W, 300.00 W, 74, 1605 MHz
2026/09/23 16:56:25.242, 0, 93 %, 64 %, 6159 MiB, 49140 MiB, 199.05 W, 300.00 W, 67, 2505 MHz
2026/09/23 16:56:26.242, 0, 63 %, 54 %, 6159 MiB, 49140 MiB, 202.30 W, 300.00 W, 73, 1710 MHz
2026/09/23 16:56:27.243, 0, 95 %, 85 %, 6159 MiB, 49140 MiB, 288.34 W, 300.00 W, 71, 1980 MHz
2026/09/23 16:56:28.244, 0, 97 %, 88 %, 6159 MiB, 49140 MiB, 286.66 W, 300.00 W, 72, 1770 MHz
2026/09/23 16:56:29.244, 0, 98 %, 86 %, 6159 MiB, 49140 MiB, 287.99 W, 300.00 W, 74, 1950 MHz
2026/09/23 16:56:30.246, 0, 97 %, 86 %, 6159 MiB, 49140 MiB, 286.46 W, 300.00 W, 72, 2085 MHz
2026/09/23 16:56:31.246, 0, 97 %, 86 %, 6159 MiB, 49140 MiB, 289.78 W, 300.00 W, 73, 1635 MHz
2026/09/23 16:56:32.247, 0, 97 %, 84 %, 6159 MiB, 49140 MiB, 287.64 W, 300.00 W, 72, 2070 MHz
2026/09/23 16:56:33.248, 0, 97 %, 87 %, 6159 MiB, 49140 MiB, 288.71 W, 300.00 W, 73, 1875 MHz
2026/09/23 16:56:34.248, 0, 97 %, 82 %, 6159 MiB, 49140 MiB, 290.43 W, 300.00 W, 72, 1890 MHz
2026/09/23 16:56:35.249, 0, 98 %, 87 %, 6159 MiB, 49140 MiB, 288.00 W, 300.00 W, 72, 1800 MHz
2026/09/23 16:56:36.250, 0, 98 %, 87 %, 6159 MiB, 49140 MiB, 289.32 W, 300.00 W, 74, 2010 MHz
2026/09/23 16:56:37.251, 0, 98 %, 84 %, 6159 MiB, 49140 MiB, 289.36 W, 300.00 W, 71, 2010 MHz
2026/09/23 16:56:38.252, 0, 96 %, 86 %, 6159 MiB, 49140 MiB, 287.75 W, 300.00 W, 72, 1815 MHz
2026/09/23 16:56:39.253, 0, 97 %, 85 %, 6159 MiB, 49140 MiB, 287.45 W, 300.00 W, 74, 2145 MHz
2026/09/23 16:56:40.254, 0, 94 %, 83 %, 6159 MiB, 49140 MiB, 288.20 W, 300.00 W, 73, 2055 MHz
2026/09/23 16:56:41.255, 0, 97 %, 87 %, 6159 MiB, 49140 MiB, 290.19 W, 300.00 W, 73, 1680 MHz
2026/09/23 16:56:42.256, 0, 98 %, 83 %, 6159 MiB, 49140 MiB, 288.73 W, 300.00 W, 73, 2115 MHz
2026/09/23 16:56:43.257, 0, 94 %, 83 %, 6159 MiB, 49140 MiB, 290.17 W, 300.00 W, 72, 2070 MHz
2026/09/23 16:56:44.257, 0, 96 %, 87 %, 6159 MiB, 49140 MiB, 290.08 W, 300.00 W, 73, 1620 MHz
2026/09/23 16:56:45.258, 0, 98 %, 88 %, 6159 MiB, 49140 MiB, 286.64 W, 300.00 W, 72, 1785 MHz
2026/09/23 16:56:46.259, 0, 98 %, 87 %, 6159 MiB, 49140 MiB, 287.74 W, 300.00 W, 73, 2085 MHz
2026/09/23 16:56:47.261, 0, 96 %, 86 %, 6159 MiB, 49140 MiB, 289.63 W, 300.00 W, 72, 2145 MHz
2026/09/23 16:56:48.262, 0, 90 %, 78 %, 6159 MiB, 49140 MiB, 293.35 W, 300.00 W, 75, 1620 MHz
2026/09/23 16:56:49.263, 0, 85 %, 60 %, 6159 MiB, 49140 MiB, 200.86 W, 300.00 W, 67, 2745 MHz
2026/09/23 16:56:50.263, 0, 98 %, 87 %, 6159 MiB, 49140 MiB, 213.62 W, 300.00 W, 71, 1995 MHz
2026/09/23 16:56:51.264, 0, 98 %, 87 %, 6159 MiB, 49140 MiB, 288.82 W, 300.00 W, 72, 1740 MHz
2026/09/23 16:56:52.265, 0, 97 %, 86 %, 6159 MiB, 49140 MiB, 288.33 W, 300.00 W, 74, 1965 MHz
2026/09/23 16:56:53.265, 0, 96 %, 85 %, 6159 MiB, 49140 MiB, 290.26 W, 300.00 W, 71, 1635 MHz
2026/09/23 16:56:54.266, 0, 98 %, 88 %, 6159 MiB, 49140 MiB, 288.54 W, 300.00 W, 73, 2115 MHz
2026/09/23 16:56:55.269, 0, 98 %, 82 %, 6159 MiB, 49140 MiB, 286.59 W, 300.00 W, 73, 1860 MHz
2026/09/23 16:56:56.269, 0, 97 %, 86 %, 6159 MiB, 49140 MiB, 287.90 W, 300.00 W, 73, 1980 MHz
2026/09/23 16:56:57.270, 0, 98 %, 84 %, 6159 MiB, 49140 MiB, 288.72 W, 300.00 W, 72, 1755 MHz
2026/09/23 16:56:58.272, 0, 97 %, 87 %, 6159 MiB, 49140 MiB, 288.17 W, 300.00 W, 73, 1965 MHz
2026/09/23 16:56:59.272, 0, 97 %, 87 %, 6159 MiB, 49140 MiB, 289.36 W, 300.00 W, 73, 1980 MHz
2026/09/23 16:57:00.273, 0, 97 %, 84 %, 6159 MiB, 49140 MiB, 289.73 W, 300.00 W, 72, 1785 MHz
2026/09/23 16:57:01.274, 0, 97 %, 87 %, 6159 MiB, 49140 MiB, 288.47 W, 300.00 W, 72, 2085 MHz
2026/09/23 16:57:02.275, 0, 97 %, 86 %, 6159 MiB, 49140 MiB, 288.55 W, 300.00 W, 74, 2100 MHz
2026/09/23 16:57:03.276, 0, 96 %, 86 %, 6159 MiB, 49140 MiB, 288.09 W, 300.00 W, 72, 1860 MHz
2026/09/23 16:57:04.277, 0, 97 %, 86 %, 6159 MiB, 49140 MiB, 290.20 W, 300.00 W, 73, 2010 MHz
2026/09/23 16:57:05.278, 0, 97 %, 84 %, 6159 MiB, 49140 MiB, 288.95 W, 300.00 W, 73, 1800 MHz
2026/09/23 16:57:06.280, 0, 97 %, 86 %, 6159 MiB, 49140 MiB, 287.85 W, 300.00 W, 73, 1980 MHz
2026/09/23 16:57:07.280, 0, 97 %, 82 %, 6159 MiB, 49140 MiB, 290.60 W, 300.00 W, 72, 1695 MHz
2026/09/23 16:57:08.282, 0, 98 %, 87 %, 6159 MiB, 49140 MiB, 287.10 W, 300.00 W, 73, 2145 MHz
2026/09/23 16:57:09.282, 0, 95 %, 82 %, 6159 MiB, 49140 MiB, 287.65 W, 300.00 W, 73, 1815 MHz
2026/09/23 16:57:10.284, 0, 96 %, 85 %, 6159 MiB, 49140 MiB, 288.20 W, 300.00 W, 73, 2025 MHz
2026/09/23 16:57:11.285, 0, 97 %, 87 %, 6159 MiB, 49140 MiB, 289.45 W, 300.00 W, 74, 1755 MHz
2026/09/23 16:57:12.286, 0, 93 %, 74 %, 6159 MiB, 49140 MiB, 292.79 W, 300.00 W, 74, 1665 MHz
2026/09/23 16:57:13.286, 0, 65 %, 46 %, 6159 MiB, 49140 MiB, 197.39 W, 300.00 W, 67, 2730 MHz
2026/09/23 16:57:14.287, 0, 98 %, 90 %, 6159 MiB, 49140 MiB, 218.21 W, 300.00 W, 72, 2010 MHz
2026/09/23 16:57:15.287, 0, 97 %, 83 %, 6159 MiB, 49140 MiB, 285.99 W, 300.00 W, 72, 1905 MHz
2026/09/23 16:57:16.289, 0, 98 %, 88 %, 6159 MiB, 49140 MiB, 289.94 W, 300.00 W, 73, 1995 MHz
2026/09/23 16:57:17.290, 0, 97 %, 84 %, 6159 MiB, 49140 MiB, 289.77 W, 300.00 W, 73, 1770 MHz
2026/09/23 16:57:18.290, 0, 98 %, 88 %, 6159 MiB, 49140 MiB, 286.57 W, 300.00 W, 72, 2010 MHz
2026/09/23 16:57:19.292, 0, 97 %, 87 %, 6159 MiB, 49140 MiB, 288.05 W, 300.00 W, 74, 1950 MHz
2026/09/23 16:57:20.293, 0, 98 %, 84 %, 6159 MiB, 49140 MiB, 290.15 W, 300.00 W, 71, 1695 MHz
2026/09/23 16:57:21.293, 0, 97 %, 87 %, 6159 MiB, 49140 MiB, 289.14 W, 300.00 W, 72, 2100 MHz
2026/09/23 16:57:22.294, 0, 98 %, 85 %, 6159 MiB, 49140 MiB, 288.78 W, 300.00 W, 74, 2040 MHz
2026/09/23 16:57:23.295, 0, 96 %, 85 %, 6159 MiB, 49140 MiB, 289.12 W, 300.00 W, 72, 1755 MHz
2026/09/23 16:57:24.295, 0, 97 %, 88 %, 6159 MiB, 49140 MiB, 288.38 W, 300.00 W, 73, 1815 MHz
2026/09/23 16:57:25.296, 0, 97 %, 86 %, 6159 MiB, 49140 MiB, 287.16 W, 300.00 W, 72, 1860 MHz
2026/09/23 16:57:26.299, 0, 97 %, 87 %, 6159 MiB, 49140 MiB, 290.16 W, 300.00 W, 73, 1995 MHz
2026/09/23 16:57:27.300, 0, 96 %, 85 %, 6159 MiB, 49140 MiB, 290.00 W, 300.00 W, 72, 1770 MHz
2026/09/23 16:57:28.301, 0, 98 %, 88 %, 6159 MiB, 49140 MiB, 288.51 W, 300.00 W, 72, 2025 MHz
2026/09/23 16:57:29.301, 0, 98 %, 87 %, 6159 MiB, 49140 MiB, 289.33 W, 300.00 W, 74, 2055 MHz
2026/09/23 16:57:30.303, 0, 97 %, 86 %, 6159 MiB, 49140 MiB, 289.31 W, 300.00 W, 71, 1620 MHz
2026/09/23 16:57:31.303, 0, 98 %, 87 %, 6159 MiB, 49140 MiB, 288.20 W, 300.00 W, 73, 2085 MHz
2026/09/23 16:57:32.306, 0, 98 %, 82 %, 6159 MiB, 49140 MiB, 288.15 W, 300.00 W, 73, 2040 MHz
2026/09/23 16:57:33.306, 0, 96 %, 85 %, 6159 MiB, 49140 MiB, 289.90 W, 300.00 W, 72, 1710 MHz
2026/09/23 16:57:34.307, 0, 98 %, 88 %, 6159 MiB, 49140 MiB, 289.15 W, 300.00 W, 73, 2010 MHz
2026/09/23 16:57:35.308, 0, 98 %, 87 %, 6159 MiB, 49140 MiB, 286.73 W, 300.00 W, 73, 1770 MHz
2026/09/23 16:57:36.309, 0, 91 %, 70 %, 6159 MiB, 49140 MiB, 294.90 W, 300.00 W, 75, 1650 MHz
2026/09/23 16:57:37.310, 0, 26 %, 19 %, 6159 MiB, 49140 MiB, 189.72 W, 300.00 W, 67, 2730 MHz
2026/09/23 16:57:38.310, 0, 97 %, 89 %, 6159 MiB, 49140 MiB, 225.08 W, 300.00 W, 74, 2040 MHz
2026/09/23 16:57:39.313, 0, 98 %, 86 %, 6159 MiB, 49140 MiB, 290.39 W, 300.00 W, 71, 1680 MHz
2026/09/23 16:57:40.314, 0, 97 %, 87 %, 6159 MiB, 49140 MiB, 288.14 W, 300.00 W, 72, 2115 MHz
2026/09/23 16:57:41.315, 0, 98 %, 82 %, 6159 MiB, 49140 MiB, 287.98 W, 300.00 W, 73, 1980 MHz
2026/09/23 16:57:42.316, 0, 95 %, 84 %, 6159 MiB, 49140 MiB, 288.31 W, 300.00 W, 73, 1800 MHz
2026/09/23 16:57:43.316, 0, 98 %, 88 %, 6159 MiB, 49140 MiB, 290.34 W, 300.00 W, 73, 1935 MHz
2026/09/23 16:57:44.317, 0, 97 %, 84 %, 6159 MiB, 49140 MiB, 287.79 W, 300.00 W, 72, 1920 MHz
2026/09/23 16:57:45.318, 0, 97 %, 86 %, 6159 MiB, 49140 MiB, 289.62 W, 300.00 W, 73, 1800 MHz
2026/09/23 16:57:46.320, 0, 96 %, 86 %, 6159 MiB, 49140 MiB, 289.78 W, 300.00 W, 73, 1995 MHz
2026/09/23 16:57:47.320, 0, 97 %, 86 %, 6159 MiB, 49140 MiB, 287.23 W, 300.00 W, 73, 2040 MHz
2026/09/23 16:57:48.322, 0, 98 %, 88 %, 6159 MiB, 49140 MiB, 288.61 W, 300.00 W, 73, 1605 MHz
2026/09/23 16:57:49.322, 0, 98 %, 83 %, 6159 MiB, 49140 MiB, 290.05 W, 300.00 W, 72, 2100 MHz
2026/09/23 16:57:50.324, 0, 97 %, 88 %, 6159 MiB, 49140 MiB, 288.43 W, 300.00 W, 73, 2025 MHz
2026/09/23 16:57:51.327, 0, 98 %, 88 %, 6159 MiB, 49140 MiB, 289.57 W, 300.00 W, 73, 1710 MHz
2026/09/23 16:57:52.328, 0, 95 %, 84 %, 6159 MiB, 49140 MiB, 287.69 W, 300.00 W, 72, 1830 MHz
2026/09/23 16:57:53.330, 0, 97 %, 87 %, 6159 MiB, 49140 MiB, 289.88 W, 300.00 W, 72, 1965 MHz
2026/09/23 16:57:54.330, 0, 98 %, 85 %, 6159 MiB, 49140 MiB, 288.54 W, 300.00 W, 73, 1995 MHz
2026/09/23 16:57:55.332, 0, 97 %, 87 %, 6159 MiB, 49140 MiB, 288.55 W, 300.00 W, 73, 1920 MHz
2026/09/23 16:57:56.333, 0, 89 %, 78 %, 6159 MiB, 49140 MiB, 288.23 W, 300.00 W, 72, 1890 MHz
2026/09/23 16:57:57.334, 0, 98 %, 86 %, 6159 MiB, 49140 MiB, 288.75 W, 300.00 W, 72, 1995 MHz
2026/09/23 16:57:58.334, 0, 98 %, 84 %, 6159 MiB, 49140 MiB, 288.24 W, 300.00 W, 74, 1935 MHz
2026/09/23 16:57:59.335, 0, 96 %, 86 %, 6159 MiB, 49140 MiB, 289.48 W, 300.00 W, 72, 1695 MHz
2026/09/23 16:58:00.336, 0, 90 %, 67 %, 6159 MiB, 49140 MiB, 293.08 W, 300.00 W, 72, 1605 MHz
2026/09/23 16:58:01.337, 0, 16 %, 11 %, 6159 MiB, 49140 MiB, 185.85 W, 300.00 W, 67, 2730 MHz
2026/09/23 16:58:02.338, 0, 95 %, 85 %, 6159 MiB, 49140 MiB, 235.70 W, 300.00 W, 73, 2115 MHz
2026/09/23 16:58:03.339, 0, 97 %, 87 %, 6159 MiB, 49140 MiB, 295.18 W, 300.00 W, 72, 1980 MHz
2026/09/23 16:58:04.339, 0, 97 %, 88 %, 6159 MiB, 49140 MiB, 296.97 W, 300.00 W, 73, 1635 MHz
2026/09/23 16:58:05.340, 0, 98 %, 83 %, 6159 MiB, 49140 MiB, 297.88 W, 300.00 W, 74, 2160 MHz
2026/09/23 16:58:06.341, 0, 95 %, 86 %, 6159 MiB, 49140 MiB, 294.80 W, 300.00 W, 73, 2070 MHz
2026/09/23 16:58:07.342, 0, 97 %, 87 %, 6159 MiB, 49140 MiB, 295.71 W, 300.00 W, 74, 1725 MHz
2026/09/23 16:58:08.343, 0, 97 %, 84 %, 6159 MiB, 49140 MiB, 297.88 W, 300.00 W, 73, 2040 MHz
2026/09/23 16:58:09.344, 0, 97 %, 87 %, 6159 MiB, 49140 MiB, 297.02 W, 300.00 W, 73, 2070 MHz
2026/09/23 16:58:10.344, 0, 98 %, 89 %, 6159 MiB, 49140 MiB, 297.68 W, 300.00 W, 73, 1635 MHz
2026/09/23 16:58:11.345, 0, 98 %, 83 %, 6159 MiB, 49140 MiB, 297.59 W, 300.00 W, 73, 2190 MHz
2026/09/23 16:58:12.346, 0, 97 %, 87 %, 6159 MiB, 49140 MiB, 295.53 W, 300.00 W, 73, 2070 MHz
2026/09/23 16:58:13.347, 0, 95 %, 85 %, 6159 MiB, 49140 MiB, 295.46 W, 300.00 W, 74, 1950 MHz
2026/09/23 16:58:14.348, 0, 94 %, 84 %, 6159 MiB, 49140 MiB, 297.47 W, 300.00 W, 73, 1905 MHz
2026/09/23 16:58:15.349, 0, 98 %, 87 %, 6159 MiB, 49140 MiB, 296.64 W, 300.00 W, 73, 1935 MHz
2026/09/23 16:58:16.349, 0, 97 %, 85 %, 6159 MiB, 49140 MiB, 296.61 W, 300.00 W, 73, 1740 MHz
2026/09/23 16:58:17.350, 0, 97 %, 83 %, 6159 MiB, 49140 MiB, 298.71 W, 300.00 W, 73, 2130 MHz
2026/09/23 16:58:18.351, 0, 98 %, 88 %, 6159 MiB, 49140 MiB, 297.23 W, 300.00 W, 73, 2055 MHz
2026/09/23 16:58:19.353, 0, 98 %, 88 %, 6159 MiB, 49140 MiB, 297.79 W, 300.00 W, 73, 1635 MHz
2026/09/23 16:58:20.353, 0, 95 %, 81 %, 6159 MiB, 49140 MiB, 296.73 W, 300.00 W, 73, 2070 MHz
2026/09/23 16:58:21.354, 0, 97 %, 88 %, 6159 MiB, 49140 MiB, 296.55 W, 300.00 W, 73, 2115 MHz
2026/09/23 16:58:22.355, 0, 96 %, 86 %, 6159 MiB, 49140 MiB, 296.17 W, 300.00 W, 73, 1770 MHz
2026/09/23 16:58:23.356, 0, 97 %, 83 %, 6159 MiB, 49140 MiB, 298.62 W, 300.00 W, 74, 2175 MHz
2026/09/23 16:58:24.357, 0, 87 %, 63 %, 6159 MiB, 49140 MiB, 299.67 W, 300.00 W, 75, 1485 MHz
2026/09/23 16:58:25.358, 0, 0 %, 0 %, 6159 MiB, 49140 MiB, 158.94 W, 300.00 W, 67, 2505 MHz
2026/09/23 16:58:26.359, 0, 97 %, 86 %, 6159 MiB, 49140 MiB, 238.88 W, 300.00 W, 71, 1695 MHz
2026/09/23 16:58:27.361, 0, 96 %, 87 %, 6159 MiB, 49140 MiB, 289.30 W, 300.00 W, 72, 2010 MHz
2026/09/23 16:58:28.361, 0, 97 %, 84 %, 6159 MiB, 49140 MiB, 288.19 W, 300.00 W, 74, 1995 MHz
2026/09/23 16:58:29.363, 0, 98 %, 87 %, 6159 MiB, 49140 MiB, 288.65 W, 300.00 W, 71, 2085 MHz
2026/09/23 16:58:30.364, 0, 98 %, 87 %, 6159 MiB, 49140 MiB, 289.35 W, 300.00 W, 73, 1905 MHz
2026/09/23 16:58:31.365, 0, 95 %, 85 %, 6159 MiB, 49140 MiB, 287.08 W, 300.00 W, 72, 1800 MHz
2026/09/23 16:58:32.365, 0, 97 %, 87 %, 6159 MiB, 49140 MiB, 288.93 W, 300.00 W, 73, 1905 MHz
2026/09/23 16:58:33.366, 0, 96 %, 82 %, 6159 MiB, 49140 MiB, 290.61 W, 300.00 W, 73, 1755 MHz
2026/09/23 16:58:34.367, 0, 97 %, 86 %, 6159 MiB, 49140 MiB, 287.33 W, 300.00 W, 72, 1920 MHz
2026/09/23 16:58:35.368, 0, 97 %, 82 %, 6159 MiB, 49140 MiB, 288.91 W, 300.00 W, 74, 1725 MHz
2026/09/23 16:58:36.370, 0, 95 %, 85 %, 6159 MiB, 49140 MiB, 290.50 W, 300.00 W, 72, 2070 MHz
2026/09/23 16:58:37.370, 0, 95 %, 84 %, 6159 MiB, 49140 MiB, 288.05 W, 300.00 W, 72, 1980 MHz
2026/09/23 16:58:38.371, 0, 98 %, 82 %, 6159 MiB, 49140 MiB, 287.89 W, 300.00 W, 74, 1680 MHz
2026/09/23 16:58:39.372, 0, 97 %, 87 %, 6159 MiB, 49140 MiB, 289.05 W, 300.00 W, 71, 2145 MHz
2026/09/23 16:58:40.373, 0, 98 %, 88 %, 6159 MiB, 49140 MiB, 290.31 W, 300.00 W, 73, 2025 MHz
2026/09/23 16:58:41.374, 0, 97 %, 86 %, 6159 MiB, 49140 MiB, 288.45 W, 300.00 W, 74, 1695 MHz
2026/09/23 16:58:42.375, 0, 97 %, 88 %, 6159 MiB, 49140 MiB, 289.66 W, 300.00 W, 72, 2025 MHz
2026/09/23 16:58:43.376, 0, 96 %, 83 %, 6159 MiB, 49140 MiB, 289.32 W, 300.00 W, 73, 1875 MHz
2026/09/23 16:58:44.378, 0, 98 %, 87 %, 6159 MiB, 49140 MiB, 287.39 W, 300.00 W, 72, 1950 MHz
2026/09/23 16:58:45.379, 0, 98 %, 88 %, 6159 MiB, 49140 MiB, 288.21 W, 300.00 W, 73, 1830 MHz
2026/09/23 16:58:46.380, 0, 95 %, 84 %, 6159 MiB, 49140 MiB, 288.18 W, 300.00 W, 71, 2115 MHz
2026/09/23 16:58:47.380, 0, 95 %, 85 %, 6159 MiB, 49140 MiB, 288.99 W, 300.00 W, 73, 1950 MHz
2026/09/23 16:58:48.381, 0, 91 %, 66 %, 6159 MiB, 49140 MiB, 293.87 W, 300.00 W, 74, 1695 MHz
2026/09/23 16:58:49.382, 0, 0 %, 0 %, 6159 MiB, 49140 MiB, 153.84 W, 300.00 W, 66, 2505 MHz
2026/09/23 16:58:50.382, 0, 97 %, 83 %, 6159 MiB, 49140 MiB, 250.16 W, 300.00 W, 74, 1665 MHz
2026/09/23 16:58:51.384, 0, 96 %, 85 %, 6159 MiB, 49140 MiB, 289.28 W, 300.00 W, 71, 2130 MHz
2026/09/23 16:58:52.384, 0, 97 %, 88 %, 6159 MiB, 49140 MiB, 288.86 W, 300.00 W, 72, 1965 MHz
2026/09/23 16:58:53.386, 0, 98 %, 85 %, 6159 MiB, 49140 MiB, 287.82 W, 300.00 W, 74, 1635 MHz
2026/09/23 16:58:54.386, 0, 98 %, 87 %, 6159 MiB, 49140 MiB, 288.98 W, 300.00 W, 71, 2115 MHz
2026/09/23 16:58:55.387, 0, 97 %, 86 %, 6159 MiB, 49140 MiB, 289.47 W, 300.00 W, 73, 1875 MHz
2026/09/23 16:58:56.388, 0, 96 %, 86 %, 6159 MiB, 49140 MiB, 287.59 W, 300.00 W, 72, 1950 MHz
2026/09/23 16:58:57.388, 0, 97 %, 88 %, 6159 MiB, 49140 MiB, 289.03 W, 300.00 W, 73, 1815 MHz
2026/09/23 16:58:58.389, 0, 97 %, 82 %, 6159 MiB, 49140 MiB, 290.50 W, 300.00 W, 73, 1785 MHz
2026/09/23 16:58:59.390, 0, 97 %, 87 %, 6159 MiB, 49140 MiB, 287.53 W, 300.00 W, 72, 1980 MHz
2026/09/23 16:59:00.392, 0, 98 %, 88 %, 6159 MiB, 49140 MiB, 289.69 W, 300.00 W, 73, 1815 MHz
2026/09/23 16:59:01.392, 0, 97 %, 83 %, 6159 MiB, 49140 MiB, 291.32 W, 300.00 W, 73, 1800 MHz
2026/09/23 16:59:02.393, 0, 98 %, 87 %, 6159 MiB, 49140 MiB, 288.89 W, 300.00 W, 73, 1815 MHz
2026/09/23 16:59:03.394, 0, 97 %, 87 %, 6159 MiB, 49140 MiB, 287.70 W, 300.00 W, 73, 1815 MHz
2026/09/23 16:59:04.395, 0, 98 %, 86 %, 6159 MiB, 49140 MiB, 289.05 W, 300.00 W, 73, 1935 MHz
2026/09/23 16:59:05.396, 0, 98 %, 87 %, 6159 MiB, 49140 MiB, 287.73 W, 300.00 W, 72, 1995 MHz
2026/09/23 16:59:06.398, 0, 97 %, 82 %, 6159 MiB, 49140 MiB, 287.66 W, 300.00 W, 74, 1635 MHz
2026/09/23 16:59:07.399, 0, 96 %, 86 %, 6159 MiB, 49140 MiB, 289.40 W, 300.00 W, 72, 2130 MHz
2026/09/23 16:59:08.400, 0, 97 %, 88 %, 6159 MiB, 49140 MiB, 290.50 W, 300.00 W, 73, 2010 MHz
2026/09/23 16:59:09.401, 0, 97 %, 86 %, 6159 MiB, 49140 MiB, 287.82 W, 300.00 W, 73, 1665 MHz
2026/09/23 16:59:10.402, 0, 97 %, 87 %, 6159 MiB, 49140 MiB, 289.93 W, 300.00 W, 73, 2010 MHz
2026/09/23 16:59:11.402, 0, 97 %, 82 %, 6159 MiB, 49140 MiB, 290.38 W, 300.00 W, 74, 1770 MHz
2026/09/23 16:59:12.403, 0, 95 %, 67 %, 6159 MiB, 49140 MiB, 296.19 W, 300.00 W, 75, 1605 MHz
2026/09/23 16:59:13.403, 0, 0 %, 0 %, 6159 MiB, 49140 MiB, 146.62 W, 300.00 W, 71, 2205 MHz
2026/09/23 16:59:14.405, 0, 98 %, 89 %, 6159 MiB, 49140 MiB, 269.27 W, 300.00 W, 72, 1950 MHz
2026/09/23 16:59:15.405, 0, 98 %, 88 %, 6159 MiB, 49140 MiB, 287.70 W, 300.00 W, 72, 1845 MHz
2026/09/23 16:59:16.407, 0, 96 %, 86 %, 6159 MiB, 49140 MiB, 288.29 W, 300.00 W, 73, 1935 MHz
2026/09/23 16:59:17.408, 0, 98 %, 87 %, 6159 MiB, 49140 MiB, 288.37 W, 300.00 W, 72, 1935 MHz
2026/09/23 16:59:18.409, 0, 97 %, 82 %, 6159 MiB, 49140 MiB, 287.73 W, 300.00 W, 73, 2130 MHz
2026/09/23 16:59:19.410, 0, 96 %, 85 %, 6159 MiB, 49140 MiB, 289.13 W, 300.00 W, 71, 2070 MHz
2026/09/23 16:59:20.410, 0, 93 %, 84 %, 6159 MiB, 49140 MiB, 288.82 W, 300.00 W, 72, 1815 MHz
2026/09/23 16:59:21.411, 0, 98 %, 85 %, 6159 MiB, 49140 MiB, 288.65 W, 300.00 W, 74, 1815 MHz
2026/09/23 16:59:22.412, 0, 96 %, 85 %, 6159 MiB, 49140 MiB, 289.44 W, 300.00 W, 72, 2055 MHz
2026/09/23 16:59:23.413, 0, 97 %, 86 %, 6159 MiB, 49140 MiB, 289.56 W, 300.00 W, 73, 1995 MHz
2026/09/23 16:59:24.414, 0, 98 %, 88 %, 6159 MiB, 49140 MiB, 288.15 W, 300.00 W, 73, 1770 MHz
2026/09/23 16:59:25.414, 0, 98 %, 88 %, 6159 MiB, 49140 MiB, 288.65 W, 300.00 W, 73, 2040 MHz
2026/09/23 16:59:26.415, 0, 96 %, 83 %, 6159 MiB, 49140 MiB, 290.48 W, 300.00 W, 73, 1875 MHz
2026/09/23 16:59:27.418, 0, 97 %, 88 %, 6159 MiB, 49140 MiB, 287.28 W, 300.00 W, 73, 1695 MHz
2026/09/23 16:59:28.419, 0, 98 %, 86 %, 6159 MiB, 49140 MiB, 288.70 W, 300.00 W, 73, 2070 MHz
2026/09/23 16:59:29.420, 0, 97 %, 86 %, 6159 MiB, 49140 MiB, 290.08 W, 300.00 W, 73, 2040 MHz
2026/09/23 16:59:30.421, 0, 98 %, 87 %, 6159 MiB, 49140 MiB, 287.44 W, 300.00 W, 73, 1620 MHz
2026/09/23 16:59:31.422, 0, 98 %, 82 %, 6159 MiB, 49140 MiB, 287.99 W, 300.00 W, 74, 2130 MHz
2026/09/23 16:59:32.423, 0, 96 %, 86 %, 6159 MiB, 49140 MiB, 289.59 W, 300.00 W, 72, 1980 MHz
2026/09/23 16:59:33.424, 0, 98 %, 87 %, 6159 MiB, 49140 MiB, 289.31 W, 300.00 W, 72, 1695 MHz
2026/09/23 16:59:34.425, 0, 97 %, 83 %, 6159 MiB, 49140 MiB, 287.40 W, 300.00 W, 74, 2070 MHz
2026/09/23 16:59:35.426, 0, 94 %, 83 %, 6159 MiB, 49140 MiB, 289.55 W, 300.00 W, 72, 1770 MHz
2026/09/23 16:59:36.426, 0, 94 %, 65 %, 6159 MiB, 49140 MiB, 297.37 W, 300.00 W, 74, 1605 MHz
2026/09/23 16:59:37.427, 0, 0 %, 0 %, 6159 MiB, 49140 MiB, 141.49 W, 300.00 W, 71, 2175 MHz
2026/09/23 16:59:38.428, 0, 98 %, 83 %, 6159 MiB, 49140 MiB, 279.90 W, 300.00 W, 73, 1905 MHz
2026/09/23 16:59:39.428, 0, 97 %, 87 %, 6159 MiB, 49140 MiB, 287.44 W, 300.00 W, 72, 1815 MHz
2026/09/23 16:59:40.429, 0, 98 %, 88 %, 6159 MiB, 49140 MiB, 289.05 W, 300.00 W, 73, 2010 MHz
2026/09/23 16:59:41.430, 0, 97 %, 82 %, 6159 MiB, 49140 MiB, 290.42 W, 300.00 W, 73, 1920 MHz
2026/09/23 16:59:42.431, 0, 97 %, 87 %, 6159 MiB, 49140 MiB, 287.10 W, 300.00 W, 72, 1710 MHz
2026/09/23 16:59:43.432, 0, 97 %, 86 %, 6159 MiB, 49140 MiB, 288.26 W, 300.00 W, 73, 2085 MHz
2026/09/23 16:59:44.432, 0, 96 %, 86 %, 6159 MiB, 49140 MiB, 289.33 W, 300.00 W, 73, 2025 MHz
2026/09/23 16:59:45.433, 0, 97 %, 87 %, 6159 MiB, 49140 MiB, 287.22 W, 300.00 W, 72, 1635 MHz
2026/09/23 16:59:46.435, 0, 97 %, 82 %, 6159 MiB, 49140 MiB, 287.26 W, 300.00 W, 74, 2115 MHz
2026/09/23 16:59:47.436, 0, 94 %, 83 %, 6159 MiB, 49140 MiB, 289.93 W, 300.00 W, 71, 1890 MHz
2026/09/23 16:59:48.438, 0, 96 %, 87 %, 6159 MiB, 49140 MiB, 289.90 W, 300.00 W, 72, 1890 MHz
2026/09/23 16:59:49.439, 0, 98 %, 86 %, 6159 MiB, 49140 MiB, 288.33 W, 300.00 W, 73, 1785 MHz
2026/09/23 16:59:50.440, 0, 98 %, 88 %, 6159 MiB, 49140 MiB, 289.01 W, 300.00 W, 73, 2100 MHz
2026/09/23 16:59:51.441, 0, 96 %, 85 %, 6159 MiB, 49140 MiB, 289.83 W, 300.00 W, 73, 1965 MHz
2026/09/23 16:59:52.441, 0, 98 %, 87 %, 6159 MiB, 49140 MiB, 288.61 W, 300.00 W, 73, 1620 MHz
2026/09/23 16:59:53.442, 0, 96 %, 82 %, 6159 MiB, 49140 MiB, 287.98 W, 300.00 W, 74, 2160 MHz
2026/09/23 16:59:54.443, 0, 90 %, 79 %, 6159 MiB, 49140 MiB, 288.34 W, 300.00 W, 71, 1920 MHz
2026/09/23 16:59:55.443, 0, 97 %, 87 %, 6159 MiB, 49140 MiB, 289.88 W, 300.00 W, 72, 1875 MHz
2026/09/23 16:59:56.444, 0, 97 %, 85 %, 6159 MiB, 49140 MiB, 286.39 W, 300.00 W, 73, 1755 MHz
2026/09/23 16:59:57.445, 0, 98 %, 88 %, 6159 MiB, 49140 MiB, 289.85 W, 300.00 W, 73, 1935 MHz
2026/09/23 16:59:58.446, 0, 98 %, 83 %, 6159 MiB, 49140 MiB, 290.90 W, 300.00 W, 73, 1875 MHz
2026/09/23 16:59:59.447, 0, 97 %, 87 %, 6159 MiB, 49140 MiB, 287.76 W, 300.00 W, 73, 1635 MHz
2026/09/23 17:00:00.448, 0, 95 %, 64 %, 6159 MiB, 49140 MiB, 296.98 W, 300.00 W, 74, 1740 MHz
2026/09/23 17:00:01.448, 0, 0 %, 0 %, 6159 MiB, 49140 MiB, 114.49 W, 300.00 W, 66, 2505 MHz
2026/09/23 17:00:02.450, 0, 97 %, 88 %, 6159 MiB, 49140 MiB, 211.24 W, 300.00 W, 72, 1740 MHz
2026/09/23 17:00:03.451, 0, 97 %, 87 %, 6159 MiB, 49140 MiB, 287.23 W, 300.00 W, 73, 2085 MHz
2026/09/23 17:00:04.451, 0, 96 %, 86 %, 6159 MiB, 49140 MiB, 288.86 W, 300.00 W, 72, 2040 MHz
2026/09/23 17:00:05.453, 0, 98 %, 87 %, 6159 MiB, 49140 MiB, 287.55 W, 300.00 W, 72, 1635 MHz
2026/09/23 17:00:06.454, 0, 98 %, 82 %, 6159 MiB, 49140 MiB, 288.36 W, 300.00 W, 73, 1785 MHz
2026/09/23 17:00:07.455, 0, 95 %, 85 %, 6159 MiB, 49140 MiB, 289.84 W, 300.00 W, 72, 1875 MHz
2026/09/23 17:00:08.456, 0, 95 %, 84 %, 6159 MiB, 49140 MiB, 288.61 W, 300.00 W, 72, 1770 MHz
2026/09/23 17:00:09.456, 0, 97 %, 85 %, 6159 MiB, 49140 MiB, 287.24 W, 300.00 W, 73, 2085 MHz
2026/09/23 17:00:10.457, 0, 97 %, 87 %, 6159 MiB, 49140 MiB, 289.46 W, 300.00 W, 73, 2055 MHz
2026/09/23 17:00:11.458, 0, 98 %, 84 %, 6159 MiB, 49140 MiB, 288.91 W, 300.00 W, 72, 1875 MHz
2026/09/23 17:00:12.459, 0, 95 %, 85 %, 6159 MiB, 49140 MiB, 288.80 W, 300.00 W, 72, 1800 MHz
2026/09/23 17:00:13.460, 0, 97 %, 81 %, 6159 MiB, 49140 MiB, 288.80 W, 300.00 W, 74, 1875 MHz
2026/09/23 17:00:14.461, 0, 96 %, 85 %, 6159 MiB, 49140 MiB, 289.77 W, 300.00 W, 71, 1950 MHz
2026/09/23 17:00:15.462, 0, 96 %, 87 %, 6159 MiB, 49140 MiB, 288.91 W, 300.00 W, 72, 1740 MHz
2026/09/23 17:00:16.463, 0, 98 %, 86 %, 6159 MiB, 49140 MiB, 287.68 W, 300.00 W, 73, 2070 MHz
2026/09/23 17:00:17.464, 0, 97 %, 87 %, 6159 MiB, 49140 MiB, 289.51 W, 300.00 W, 73, 2055 MHz
2026/09/23 17:00:18.465, 0, 98 %, 83 %, 6159 MiB, 49140 MiB, 290.23 W, 300.00 W, 73, 1665 MHz
2026/09/23 17:00:19.466, 0, 93 %, 83 %, 6159 MiB, 49140 MiB, 289.27 W, 300.00 W, 72, 1890 MHz
2026/09/23 17:00:20.466, 0, 98 %, 84 %, 6159 MiB, 49140 MiB, 289.06 W, 300.00 W, 74, 1965 MHz
2026/09/23 17:00:21.467, 0, 98 %, 87 %, 6159 MiB, 49140 MiB, 288.52 W, 300.00 W, 72, 1890 MHz
2026/09/23 17:00:22.469, 0, 98 %, 84 %, 6159 MiB, 49140 MiB, 288.96 W, 300.00 W, 73, 1620 MHz
2026/09/23 17:00:23.474, 0, 97 %, 87 %, 6159 MiB, 49140 MiB, 287.37 W, 300.00 W, 73, 2010 MHz
2026/09/23 17:00:24.475, 0, 91 %, 73 %, 6159 MiB, 49140 MiB, 295.04 W, 300.00 W, 74, 1605 MHz
2026/09/23 17:00:25.475, 0, 47 %, 34 %, 6159 MiB, 49140 MiB, 173.25 W, 300.00 W, 67, 2730 MHz
2026/09/23 17:00:26.476, 0, 0 %, 0 %, 6159 MiB, 49140 MiB, 109.46 W, 300.00 W, 71, 2175 MHz
2026/09/23 17:00:27.477, 0, 97 %, 88 %, 6159 MiB, 49140 MiB, 290.02 W, 300.00 W, 70, 2010 MHz
2026/09/23 17:00:28.478, 0, 98 %, 88 %, 6159 MiB, 49140 MiB, 287.41 W, 300.00 W, 72, 1800 MHz
2026/09/23 17:00:29.478, 0, 97 %, 84 %, 6159 MiB, 49140 MiB, 286.68 W, 300.00 W, 74, 2010 MHz
2026/09/23 17:00:30.479, 0, 96 %, 85 %, 6159 MiB, 49140 MiB, 287.52 W, 300.00 W, 71, 1980 MHz
2026/09/23 17:00:31.481, 0, 90 %, 80 %, 6159 MiB, 49140 MiB, 285.65 W, 300.00 W, 72, 1830 MHz
2026/09/23 17:00:32.481, 0, 98 %, 86 %, 6159 MiB, 49140 MiB, 287.30 W, 300.00 W, 72, 1905 MHz
2026/09/23 17:00:33.483, 0, 97 %, 82 %, 6159 MiB, 49140 MiB, 288.84 W, 300.00 W, 74, 1740 MHz
2026/09/23 17:00:34.483, 0, 95 %, 84 %, 6159 MiB, 49140 MiB, 288.50 W, 300.00 W, 71, 1935 MHz
2026/09/23 17:00:35.484, 0, 96 %, 86 %, 6159 MiB, 49140 MiB, 288.00 W, 300.00 W, 72, 1740 MHz
2026/09/23 17:00:36.485, 0, 98 %, 86 %, 6159 MiB, 49140 MiB, 288.28 W, 300.00 W, 73, 2115 MHz
2026/09/23 17:00:37.487, 0, 98 %, 88 %, 6159 MiB, 49140 MiB, 288.32 W, 300.00 W, 72, 2085 MHz
2026/09/23 17:00:38.487, 0, 97 %, 88 %, 6159 MiB, 49140 MiB, 289.73 W, 300.00 W, 73, 1635 MHz
2026/09/23 17:00:39.488, 0, 97 %, 87 %, 6159 MiB, 49140 MiB, 286.88 W, 300.00 W, 72, 2160 MHz
2026/09/23 17:00:40.489, 0, 98 %, 85 %, 6159 MiB, 49140 MiB, 287.64 W, 300.00 W, 73, 1740 MHz
2026/09/23 17:00:41.489, 0, 97 %, 84 %, 6159 MiB, 49140 MiB, 290.78 W, 300.00 W, 71, 1995 MHz
2026/09/23 17:00:42.490, 0, 98 %, 87 %, 6159 MiB, 49140 MiB, 287.85 W, 300.00 W, 73, 1740 MHz
2026/09/23 17:00:43.491, 0, 98 %, 82 %, 6159 MiB, 49140 MiB, 289.17 W, 300.00 W, 73, 1935 MHz
2026/09/23 17:00:44.492, 0, 95 %, 85 %, 6159 MiB, 49140 MiB, 290.42 W, 300.00 W, 72, 1920 MHz
2026/09/23 17:00:45.493, 0, 98 %, 88 %, 6159 MiB, 49140 MiB, 288.85 W, 300.00 W, 73, 1665 MHz
2026/09/23 17:00:46.494, 0, 96 %, 80 %, 6159 MiB, 49140 MiB, 287.66 W, 300.00 W, 73, 2085 MHz
2026/09/23 17:00:47.495, 0, 97 %, 86 %, 6159 MiB, 49140 MiB, 287.73 W, 300.00 W, 74, 1905 MHz
2026/09/23 17:00:48.496, 0, 93 %, 83 %, 6159 MiB, 49140 MiB, 287.98 W, 300.00 W, 72, 2190 MHz
2026/09/23 17:00:49.496, 0, 95 %, 65 %, 6159 MiB, 49140 MiB, 295.56 W, 300.00 W, 73, 1650 MHz
2026/09/23 17:00:50.497, 0, 0 %, 0 %, 6159 MiB, 49140 MiB, 144.74 W, 300.00 W, 71, 2220 MHz
2026/09/23 17:00:51.498, 0, 97 %, 88 %, 6159 MiB, 49140 MiB, 290.75 W, 300.00 W, 72, 1785 MHz
2026/09/23 17:00:52.498, 0, 97 %, 84 %, 6159 MiB, 49140 MiB, 286.36 W, 300.00 W, 72, 2040 MHz
2026/09/23 17:00:53.500, 0, 98 %, 88 %, 6159 MiB, 49140 MiB, 287.57 W, 300.00 W, 74, 1905 MHz
2026/09/23 17:00:54.501, 0, 96 %, 82 %, 6159 MiB, 49140 MiB, 289.36 W, 300.00 W, 71, 1680 MHz
2026/09/23 17:00:55.501, 0, 98 %, 87 %, 6159 MiB, 49140 MiB, 287.35 W, 300.00 W, 72, 2115 MHz
2026/09/23 17:00:56.503, 0, 98 %, 81 %, 6159 MiB, 49140 MiB, 287.07 W, 300.00 W, 73, 1995 MHz
2026/09/23 17:00:57.504, 0, 95 %, 84 %, 6159 MiB, 49140 MiB, 289.02 W, 300.00 W, 73, 1860 MHz
2026/09/23 17:00:58.504, 0, 97 %, 87 %, 6159 MiB, 49140 MiB, 289.72 W, 300.00 W, 73, 1815 MHz
2026/09/23 17:00:59.506, 0, 94 %, 84 %, 6159 MiB, 49140 MiB, 286.02 W, 300.00 W, 72, 2145 MHz
2026/09/23 17:01:00.507, 0, 97 %, 84 %, 6159 MiB, 49140 MiB, 288.99 W, 300.00 W, 74, 2040 MHz
2026/09/23 17:01:01.508, 0, 95 %, 84 %, 6159 MiB, 49140 MiB, 289.46 W, 300.00 W, 72, 1695 MHz
2026/09/23 17:01:02.509, 0, 98 %, 89 %, 6159 MiB, 49140 MiB, 289.32 W, 300.00 W, 73, 1950 MHz
2026/09/23 17:01:03.511, 0, 97 %, 85 %, 6159 MiB, 49140 MiB, 287.31 W, 300.00 W, 73, 1875 MHz
2026/09/23 17:01:04.511, 0, 96 %, 88 %, 6159 MiB, 49140 MiB, 287.52 W, 300.00 W, 74, 1935 MHz
2026/09/23 17:01:05.512, 0, 96 %, 83 %, 6159 MiB, 49140 MiB, 288.69 W, 300.00 W, 71, 1635 MHz
2026/09/23 17:01:06.513, 0, 98 %, 87 %, 6159 MiB, 49140 MiB, 287.97 W, 300.00 W, 72, 2100 MHz
2026/09/23 17:01:07.514, 0, 98 %, 82 %, 6159 MiB, 49140 MiB, 287.48 W, 300.00 W, 73, 1995 MHz
2026/09/23 17:01:08.515, 0, 95 %, 85 %, 6159 MiB, 49140 MiB, 287.70 W, 300.00 W, 73, 1920 MHz
2026/09/23 17:01:09.516, 0, 98 %, 87 %, 6159 MiB, 49140 MiB, 290.66 W, 300.00 W, 73, 1770 MHz
2026/09/23 17:01:10.516, 0, 98 %, 87 %, 6159 MiB, 49140 MiB, 286.16 W, 300.00 W, 72, 2250 MHz
2026/09/23 17:01:11.517, 0, 98 %, 84 %, 6159 MiB, 49140 MiB, 288.25 W, 300.00 W, 74, 2040 MHz
2026/09/23 17:01:12.518, 0, 96 %, 85 %, 6159 MiB, 49140 MiB, 288.52 W, 300.00 W, 72, 1665 MHz
2026/09/23 17:01:13.519, 0, 94 %, 66 %, 6159 MiB, 49140 MiB, 297.61 W, 300.00 W, 74, 1635 MHz
2026/09/23 17:01:14.520, 0, 0 %, 0 %, 6159 MiB, 49140 MiB, 145.11 W, 300.00 W, 70, 1755 MHz
2026/09/23 17:01:15.521, 0, 98 %, 89 %, 6159 MiB, 49140 MiB, 285.83 W, 300.00 W, 72, 2205 MHz
2026/09/23 17:01:16.523, 0, 98 %, 81 %, 6159 MiB, 49140 MiB, 287.46 W, 300.00 W, 73, 2040 MHz
2026/09/23 17:01:17.524, 0, 94 %, 84 %, 6159 MiB, 49140 MiB, 288.24 W, 300.00 W, 72, 1815 MHz
2026/09/23 17:01:18.525, 0, 98 %, 89 %, 6159 MiB, 49140 MiB, 288.63 W, 300.00 W, 73, 1800 MHz
2026/09/23 17:01:19.525, 0, 98 %, 87 %, 6159 MiB, 49140 MiB, 288.24 W, 300.00 W, 72, 1890 MHz
2026/09/23 17:01:20.526, 0, 97 %, 89 %, 6159 MiB, 49140 MiB, 289.66 W, 300.00 W, 73, 1980 MHz
2026/09/23 17:01:21.527, 0, 97 %, 83 %, 6159 MiB, 49140 MiB, 288.52 W, 300.00 W, 71, 1695 MHz
2026/09/23 17:01:22.528, 0, 96 %, 87 %, 6159 MiB, 49140 MiB, 288.77 W, 300.00 W, 72, 2070 MHz
2026/09/23 17:01:23.529, 0, 96 %, 81 %, 6159 MiB, 49140 MiB, 287.30 W, 300.00 W, 73, 2040 MHz
2026/09/23 17:01:24.529, 0, 95 %, 85 %, 6159 MiB, 49140 MiB, 289.58 W, 300.00 W, 72, 1665 MHz
2026/09/23 17:01:25.531, 0, 98 %, 88 %, 6159 MiB, 49140 MiB, 288.14 W, 300.00 W, 73, 1980 MHz
2026/09/23 17:01:26.531, 0, 97 %, 82 %, 6159 MiB, 49140 MiB, 287.68 W, 300.00 W, 72, 1860 MHz
2026/09/23 17:01:27.533, 0, 97 %, 88 %, 6159 MiB, 49140 MiB, 287.89 W, 300.00 W, 73, 2055 MHz
2026/09/23 17:01:28.533, 0, 97 %, 83 %, 6159 MiB, 49140 MiB, 289.68 W, 300.00 W, 72, 1770 MHz
2026/09/23 17:01:29.537, 0, 94 %, 85 %, 6159 MiB, 49140 MiB, 287.05 W, 300.00 W, 72, 2115 MHz
2026/09/23 17:01:30.538, 0, 98 %, 81 %, 6159 MiB, 49140 MiB, 286.53 W, 300.00 W, 73, 1755 MHz
2026/09/23 17:01:31.539, 0, 96 %, 87 %, 6159 MiB, 49140 MiB, 289.46 W, 300.00 W, 73, 1950 MHz
2026/09/23 17:01:32.540, 0, 98 %, 84 %, 6159 MiB, 49140 MiB, 290.47 W, 300.00 W, 72, 1695 MHz
2026/09/23 17:01:33.542, 0, 97 %, 87 %, 6159 MiB, 49140 MiB, 286.59 W, 300.00 W, 73, 2100 MHz
2026/09/23 17:01:34.543, 0, 92 %, 80 %, 6159 MiB, 49140 MiB, 286.89 W, 300.00 W, 73, 1725 MHz
2026/09/23 17:01:35.544, 0, 97 %, 87 %, 6159 MiB, 49140 MiB, 288.47 W, 300.00 W, 74, 1950 MHz
2026/09/23 17:01:36.545, 0, 96 %, 83 %, 6159 MiB, 49140 MiB, 289.45 W, 300.00 W, 71, 1710 MHz
2026/09/23 17:01:37.545, 0, 91 %, 63 %, 6159 MiB, 49140 MiB, 293.86 W, 300.00 W, 74, 1755 MHz
2026/09/23 17:01:38.546, 0, 0 %, 0 %, 6159 MiB, 49140 MiB, 114.45 W, 300.00 W, 67, 2730 MHz
2026/09/23 17:01:39.546, 0, 0 %, 0 %, 6159 MiB, 49140 MiB, 140.43 W, 300.00 W, 71, 1905 MHz
2026/09/23 17:01:40.547, 0, 97 %, 88 %, 6159 MiB, 49140 MiB, 294.34 W, 300.00 W, 72, 1980 MHz
2026/09/23 17:01:41.548, 0, 98 %, 89 %, 6159 MiB, 49140 MiB, 289.78 W, 300.00 W, 72, 1950 MHz
2026/09/23 17:01:42.551, 0, 98 %, 83 %, 6159 MiB, 49140 MiB, 287.56 W, 300.00 W, 72, 1935 MHz
2026/09/23 17:01:43.551, 0, 97 %, 87 %, 6159 MiB, 49140 MiB, 289.55 W, 300.00 W, 72, 1695 MHz
2026/09/23 17:01:44.553, 0, 97 %, 84 %, 6159 MiB, 49140 MiB, 288.16 W, 300.00 W, 71, 2145 MHz
2026/09/23 17:01:45.554, 0, 98 %, 89 %, 6159 MiB, 49140 MiB, 286.44 W, 300.00 W, 72, 2010 MHz
2026/09/23 17:01:46.555, 0, 97 %, 84 %, 6159 MiB, 49140 MiB, 286.85 W, 300.00 W, 73, 1905 MHz
2026/09/23 17:01:47.556, 0, 95 %, 85 %, 6159 MiB, 49140 MiB, 289.71 W, 300.00 W, 72, 1845 MHz
2026/09/23 17:01:48.557, 0, 98 %, 89 %, 6159 MiB, 49140 MiB, 289.32 W, 300.00 W, 72, 1995 MHz
2026/09/23 17:01:49.558, 0, 96 %, 86 %, 6159 MiB, 49140 MiB, 286.36 W, 300.00 W, 72, 2100 MHz
2026/09/23 17:01:50.558, 0, 98 %, 89 %, 6159 MiB, 49140 MiB, 288.52 W, 300.00 W, 74, 1725 MHz
2026/09/23 17:01:51.559, 0, 95 %, 84 %, 6159 MiB, 49140 MiB, 288.90 W, 300.00 W, 72, 1815 MHz
2026/09/23 17:01:52.561, 0, 98 %, 89 %, 6159 MiB, 49140 MiB, 288.16 W, 300.00 W, 72, 2010 MHz
2026/09/23 17:01:53.562, 0, 98 %, 82 %, 6159 MiB, 49140 MiB, 285.49 W, 300.00 W, 73, 2205 MHz
2026/09/23 17:01:54.568, 0, 98 %, 89 %, 6159 MiB, 49140 MiB, 287.65 W, 300.00 W, 73, 1815 MHz
2026/09/23 17:01:55.569, 0, 95 %, 84 %, 6159 MiB, 49140 MiB, 289.03 W, 300.00 W, 72, 1815 MHz
2026/09/23 17:01:56.570, 0, 98 %, 89 %, 6159 MiB, 49140 MiB, 288.65 W, 300.00 W, 72, 1785 MHz
2026/09/23 17:01:57.570, 0, 97 %, 81 %, 6159 MiB, 49140 MiB, 288.88 W, 300.00 W, 74, 2010 MHz
2026/09/23 17:01:58.571, 0, 95 %, 85 %, 6159 MiB, 49140 MiB, 289.54 W, 300.00 W, 71, 1740 MHz
2026/09/23 17:01:59.572, 0, 98 %, 87 %, 6159 MiB, 49140 MiB, 288.05 W, 300.00 W, 73, 2175 MHz
2026/09/23 17:02:00.573, 0, 98 %, 89 %, 6159 MiB, 49140 MiB, 284.96 W, 300.00 W, 72, 1815 MHz
2026/09/23 17:02:01.573, 0, 96 %, 80 %, 6159 MiB, 49140 MiB, 288.63 W, 300.00 W, 72, 1935 MHz
2026/09/23 17:02:02.574, 0, 92 %, 65 %, 6159 MiB, 49140 MiB, 278.94 W, 300.00 W, 68, 2730 MHz
2026/09/23 17:02:03.575, 0, 0 %, 0 %, 6159 MiB, 49140 MiB, 89.27 W, 300.00 W, 66, 2730 MHz
2026/09/23 17:02:04.575, 0, 0 %, 0 %, 6159 MiB, 49140 MiB, 150.78 W, 300.00 W, 71, 1785 MHz
2026/09/23 17:02:05.576, 0, 98 %, 83 %, 6159 MiB, 49140 MiB, 287.38 W, 300.00 W, 72, 1935 MHz
2026/09/23 17:02:06.578, 0, 96 %, 87 %, 6159 MiB, 49140 MiB, 289.09 W, 300.00 W, 71, 1800 MHz
2026/09/23 17:02:07.579, 0, 98 %, 88 %, 6159 MiB, 49140 MiB, 287.94 W, 300.00 W, 71, 1995 MHz
2026/09/23 17:02:08.580, 0, 98 %, 84 %, 6159 MiB, 49140 MiB, 287.69 W, 300.00 W, 73, 1950 MHz
2026/09/23 17:02:09.582, 0, 96 %, 87 %, 6159 MiB, 49140 MiB, 289.01 W, 300.00 W, 72, 1680 MHz
2026/09/23 17:02:10.583, 0, 98 %, 84 %, 6159 MiB, 49140 MiB, 290.43 W, 300.00 W, 72, 2085 MHz
2026/09/23 17:02:11.583, 0, 98 %, 88 %, 6159 MiB, 49140 MiB, 287.90 W, 300.00 W, 72, 2040 MHz
2026/09/23 17:02:12.584, 0, 97 %, 87 %, 6159 MiB, 49140 MiB, 288.27 W, 300.00 W, 72, 1650 MHz
2026/09/23 17:02:13.585, 0, 94 %, 81 %, 6159 MiB, 49140 MiB, 288.99 W, 300.00 W, 72, 1980 MHz
2026/09/23 17:02:14.585, 0, 97 %, 87 %, 6159 MiB, 49140 MiB, 288.34 W, 300.00 W, 72, 1770 MHz
2026/09/23 17:02:15.586, 0, 98 %, 81 %, 6159 MiB, 49140 MiB, 287.15 W, 300.00 W, 74, 1995 MHz
2026/09/23 17:02:16.587, 0, 94 %, 84 %, 6159 MiB, 49140 MiB, 288.34 W, 300.00 W, 71, 1815 MHz
2026/09/23 17:02:17.588, 0, 97 %, 87 %, 6159 MiB, 49140 MiB, 289.77 W, 300.00 W, 72, 2055 MHz
2026/09/23 17:02:18.590, 0, 98 %, 87 %, 6159 MiB, 49140 MiB, 286.40 W, 300.00 W, 73, 2055 MHz
2026/09/23 17:02:19.590, 0, 98 %, 86 %, 6159 MiB, 49140 MiB, 287.57 W, 300.00 W, 73, 1830 MHz
2026/09/23 17:02:20.592, 0, 96 %, 84 %, 6159 MiB, 49140 MiB, 289.21 W, 300.00 W, 73, 1905 MHz
2026/09/23 17:02:21.595, 0, 96 %, 86 %, 6159 MiB, 49140 MiB, 288.52 W, 300.00 W, 72, 1755 MHz
2026/09/23 17:02:22.595, 0, 98 %, 82 %, 6159 MiB, 49140 MiB, 287.14 W, 300.00 W, 74, 1995 MHz
2026/09/23 17:02:23.597, 0, 96 %, 87 %, 6159 MiB, 49140 MiB, 287.70 W, 300.00 W, 72, 1740 MHz
2026/09/23 17:02:24.597, 0, 97 %, 84 %, 6159 MiB, 49140 MiB, 289.59 W, 300.00 W, 73, 2100 MHz
2026/09/23 17:02:25.598, 0, 98 %, 88 %, 6159 MiB, 49140 MiB, 287.45 W, 300.00 W, 72, 2070 MHz
2026/09/23 17:02:26.599, 0, 97 %, 86 %, 6159 MiB, 49140 MiB, 290.47 W, 300.00 W, 72, 1950 MHz
2026/09/23 17:02:27.599, 0, 95 %, 66 %, 6159 MiB, 49140 MiB, 258.05 W, 300.00 W, 67, 2505 MHz
2026/09/23 17:02:28.600, 0, 0 %, 0 %, 6159 MiB, 49140 MiB, 156.39 W, 300.00 W, 73, 2025 MHz
2026/09/23 17:02:29.600, 0, 98 %, 89 %, 6159 MiB, 49140 MiB, 287.34 W, 300.00 W, 72, 1980 MHz
2026/09/23 17:02:30.601, 0, 97 %, 82 %, 6159 MiB, 49140 MiB, 288.22 W, 300.00 W, 73, 1770 MHz
2026/09/23 17:02:31.603, 0, 94 %, 85 %, 6159 MiB, 49140 MiB, 289.25 W, 300.00 W, 71, 2130 MHz
2026/09/23 17:02:32.605, 0, 98 %, 88 %, 6159 MiB, 49140 MiB, 289.15 W, 300.00 W, 72, 2055 MHz
2026/09/23 17:02:33.606, 0, 97 %, 86 %, 6159 MiB, 49140 MiB, 286.50 W, 300.00 W, 73, 1800 MHz
2026/09/23 17:02:34.607, 0, 98 %, 89 %, 6159 MiB, 49140 MiB, 289.33 W, 300.00 W, 72, 1905 MHz
2026/09/23 17:02:35.607, 0, 97 %, 83 %, 6159 MiB, 49140 MiB, 289.76 W, 300.00 W, 73, 1800 MHz
2026/09/23 17:02:36.608, 0, 96 %, 80 %, 6159 MiB, 49140 MiB, 289.15 W, 300.00 W, 71, 2175 MHz
2026/09/23 17:02:37.611, 0, 96 %, 86 %, 6159 MiB, 49140 MiB, 288.56 W, 300.00 W, 72, 2025 MHz
2026/09/23 17:02:38.612, 0, 98 %, 85 %, 6159 MiB, 49140 MiB, 286.99 W, 300.00 W, 73, 1665 MHz
2026/09/23 17:02:39.613, 0, 96 %, 87 %, 6159 MiB, 49140 MiB, 289.11 W, 300.00 W, 73, 1800 MHz
2026/09/23 17:02:40.614, 0, 97 %, 81 %, 6159 MiB, 49140 MiB, 288.41 W, 300.00 W, 71, 2130 MHz
2026/09/23 17:02:41.615, 0, 96 %, 85 %, 6159 MiB, 49140 MiB, 288.10 W, 300.00 W, 72, 2055 MHz
2026/09/23 17:02:42.615, 0, 97 %, 86 %, 6159 MiB, 49140 MiB, 287.87 W, 300.00 W, 73, 1695 MHz
2026/09/23 17:02:43.618, 0, 96 %, 86 %, 6159 MiB, 49140 MiB, 286.67 W, 300.00 W, 73, 1800 MHz
2026/09/23 17:02:44.619, 0, 98 %, 81 %, 6159 MiB, 49140 MiB, 289.84 W, 300.00 W, 72, 2010 MHz
2026/09/23 17:02:45.620, 0, 95 %, 85 %, 6159 MiB, 49140 MiB, 289.85 W, 300.00 W, 72, 2055 MHz
2026/09/23 17:02:46.622, 0, 97 %, 86 %, 6159 MiB, 49140 MiB, 288.56 W, 300.00 W, 74, 1725 MHz
2026/09/23 17:02:47.623, 0, 97 %, 88 %, 6159 MiB, 49140 MiB, 288.36 W, 300.00 W, 73, 1875 MHz
2026/09/23 17:02:48.624, 0, 97 %, 81 %, 6159 MiB, 49140 MiB, 288.72 W, 300.00 W, 72, 2100 MHz
2026/09/23 17:02:49.625, 0, 95 %, 85 %, 6159 MiB, 49140 MiB, 288.49 W, 300.00 W, 72, 2070 MHz
2026/09/23 17:02:50.626, 0, 93 %, 66 %, 6159 MiB, 49140 MiB, 292.57 W, 300.00 W, 74, 1665 MHz
2026/09/23 17:02:51.627, 0, 0 %, 0 %, 6159 MiB, 49140 MiB, 154.53 W, 300.00 W, 66, 2505 MHz
2026/09/23 17:02:52.627, 0, 99 %, 89 %, 6159 MiB, 49140 MiB, 86.88 W, 300.00 W, 70, 2100 MHz
2026/09/23 17:02:53.628, 0, 98 %, 87 %, 6159 MiB, 49140 MiB, 289.46 W, 300.00 W, 72, 1950 MHz
2026/09/23 17:02:54.630, 0, 97 %, 86 %, 6159 MiB, 49140 MiB, 287.71 W, 300.00 W, 71, 2070 MHz
2026/09/23 17:02:55.631, 0, 98 %, 88 %, 6159 MiB, 49140 MiB, 288.26 W, 300.00 W, 72, 1965 MHz
2026/09/23 17:02:56.631, 0, 95 %, 84 %, 6159 MiB, 49140 MiB, 285.86 W, 300.00 W, 72, 1980 MHz
2026/09/23 17:02:57.632, 0, 97 %, 88 %, 6159 MiB, 49140 MiB, 286.92 W, 300.00 W, 73, 1665 MHz
2026/09/23 17:02:58.632, 0, 97 %, 85 %, 6159 MiB, 49140 MiB, 288.22 W, 300.00 W, 71, 2115 MHz
2026/09/23 17:02:59.633, 0, 97 %, 89 %, 6159 MiB, 49140 MiB, 289.91 W, 300.00 W, 72, 1935 MHz
2026/09/23 17:03:00.634, 0, 91 %, 78 %, 6159 MiB, 49140 MiB, 286.63 W, 300.00 W, 72, 2085 MHz
2026/09/23 17:03:01.635, 0, 98 %, 88 %, 6159 MiB, 49140 MiB, 286.74 W, 300.00 W, 74, 1695 MHz
2026/09/23 17:03:02.636, 0, 98 %, 81 %, 6159 MiB, 49140 MiB, 290.17 W, 300.00 W, 71, 2070 MHz
2026/09/23 17:03:03.637, 0, 96 %, 87 %, 6159 MiB, 49140 MiB, 288.42 W, 300.00 W, 72, 1980 MHz
2026/09/23 17:03:04.638, 0, 94 %, 82 %, 6159 MiB, 49140 MiB, 285.01 W, 300.00 W, 72, 1980 MHz
2026/09/23 17:03:05.639, 0, 96 %, 87 %, 6159 MiB, 49140 MiB, 287.61 W, 300.00 W, 74, 1695 MHz
2026/09/23 17:03:06.640, 0, 97 %, 86 %, 6159 MiB, 49140 MiB, 288.16 W, 300.00 W, 72, 2040 MHz
2026/09/23 17:03:07.642, 0, 97 %, 85 %, 6159 MiB, 49140 MiB, 289.87 W, 300.00 W, 73, 1860 MHz
2026/09/23 17:03:08.643, 0, 92 %, 82 %, 6159 MiB, 49140 MiB, 288.85 W, 300.00 W, 72, 1890 MHz
2026/09/23 17:03:09.644, 0, 98 %, 89 %, 6159 MiB, 49140 MiB, 287.93 W, 300.00 W, 74, 1620 MHz
2026/09/23 17:03:10.645, 0, 98 %, 87 %, 6159 MiB, 49140 MiB, 289.27 W, 300.00 W, 72, 2025 MHz
2026/09/23 17:03:11.645, 0, 98 %, 88 %, 6159 MiB, 49140 MiB, 291.19 W, 300.00 W, 73, 1815 MHz
2026/09/23 17:03:12.646, 0, 96 %, 83 %, 6159 MiB, 49140 MiB, 287.34 W, 300.00 W, 73, 1890 MHz
2026/09/23 17:03:13.647, 0, 97 %, 88 %, 6159 MiB, 49140 MiB, 288.87 W, 300.00 W, 74, 1605 MHz
2026/09/23 17:03:14.648, 0, 98 %, 87 %, 6159 MiB, 49140 MiB, 288.86 W, 300.00 W, 72, 2010 MHz
2026/09/23 17:03:15.649, 0, 92 %, 65 %, 6159 MiB, 49140 MiB, 296.35 W, 300.00 W, 74, 1575 MHz
2026/09/23 17:03:16.649, 0, 40 %, 38 %, 6159 MiB, 49140 MiB, 142.25 W, 300.00 W, 72, 1980 MHz
2026/09/23 17:03:17.650, 0, 97 %, 85 %, 6159 MiB, 49140 MiB, 280.52 W, 300.00 W, 71, 2175 MHz
2026/09/23 17:03:18.652, 0, 96 %, 86 %, 6159 MiB, 49140 MiB, 287.69 W, 300.00 W, 72, 1725 MHz
2026/09/23 17:03:19.655, 0, 98 %, 88 %, 6159 MiB, 49140 MiB, 288.59 W, 300.00 W, 74, 1995 MHz
2026/09/23 17:03:20.655, 0, 98 %, 86 %, 6159 MiB, 49140 MiB, 290.17 W, 300.00 W, 71, 1740 MHz
2026/09/23 17:03:21.659, 0, 98 %, 84 %, 6159 MiB, 49140 MiB, 287.16 W, 300.00 W, 73, 2010 MHz
2026/09/23 17:03:22.660, 0, 95 %, 85 %, 6159 MiB, 49140 MiB, 288.50 W, 300.00 W, 72, 1635 MHz
2026/09/23 17:03:23.661, 0, 96 %, 86 %, 6159 MiB, 49140 MiB, 288.71 W, 300.00 W, 74, 2070 MHz
2026/09/23 17:03:24.662, 0, 98 %, 82 %, 6159 MiB, 49140 MiB, 290.26 W, 300.00 W, 71, 1815 MHz
2026/09/23 17:03:25.664, 0, 96 %, 87 %, 6159 MiB, 49140 MiB, 290.51 W, 300.00 W, 73, 1995 MHz
2026/09/23 17:03:26.664, 0, 96 %, 87 %, 6159 MiB, 49140 MiB, 286.17 W, 300.00 W, 72, 1635 MHz
2026/09/23 17:03:27.665, 0, 98 %, 88 %, 6159 MiB, 49140 MiB, 289.25 W, 300.00 W, 74, 2040 MHz
2026/09/23 17:03:28.671, 0, 98 %, 86 %, 6159 MiB, 49140 MiB, 289.56 W, 300.00 W, 72, 1710 MHz
2026/09/23 17:03:29.672, 0, 98 %, 89 %, 6159 MiB, 49140 MiB, 290.15 W, 300.00 W, 73, 1950 MHz
2026/09/23 17:03:30.674, 0, 97 %, 82 %, 6159 MiB, 49140 MiB, 288.80 W, 300.00 W, 72, 1770 MHz
2026/09/23 17:03:31.674, 0, 95 %, 87 %, 6159 MiB, 49140 MiB, 288.03 W, 300.00 W, 73, 2100 MHz
2026/09/23 17:03:32.675, 0, 97 %, 82 %, 6159 MiB, 49140 MiB, 288.26 W, 300.00 W, 73, 1995 MHz
2026/09/23 17:03:33.676, 0, 95 %, 85 %, 6159 MiB, 49140 MiB, 287.34 W, 300.00 W, 72, 1680 MHz
2026/09/23 17:03:34.676, 0, 98 %, 88 %, 6159 MiB, 49140 MiB, 288.42 W, 300.00 W, 74, 2010 MHz
2026/09/23 17:03:35.677, 0, 98 %, 86 %, 6159 MiB, 49140 MiB, 289.06 W, 300.00 W, 72, 1770 MHz
2026/09/23 17:03:36.678, 0, 96 %, 88 %, 6159 MiB, 49140 MiB, 289.31 W, 300.00 W, 72, 1935 MHz
2026/09/23 17:03:37.680, 0, 97 %, 83 %, 6159 MiB, 49140 MiB, 287.58 W, 300.00 W, 73, 1830 MHz
2026/09/23 17:03:38.681, 0, 97 %, 88 %, 6159 MiB, 49140 MiB, 288.67 W, 300.00 W, 73, 2085 MHz
2026/09/23 17:03:39.681, 0, 95 %, 67 %, 6159 MiB, 49140 MiB, 296.32 W, 300.00 W, 73, 1635 MHz
2026/09/23 17:03:40.682, 0, 0 %, 0 %, 6159 MiB, 49140 MiB, 136.93 W, 300.00 W, 67, 2745 MHz
2026/09/23 17:03:41.682, 0, 98 %, 87 %, 6159 MiB, 49140 MiB, 123.58 W, 300.00 W, 72, 1830 MHz
2026/09/23 17:03:42.683, 0, 96 %, 85 %, 6159 MiB, 49140 MiB, 287.58 W, 300.00 W, 71, 1740 MHz
2026/09/23 17:03:43.684, 0, 98 %, 89 %, 6159 MiB, 49140 MiB, 289.12 W, 300.00 W, 72, 1965 MHz
2026/09/23 17:03:44.685, 0, 96 %, 83 %, 6159 MiB, 49140 MiB, 285.42 W, 300.00 W, 72, 1695 MHz
2026/09/23 17:03:45.686, 0, 94 %, 83 %, 6159 MiB, 49140 MiB, 286.85 W, 300.00 W, 73, 2115 MHz
2026/09/23 17:03:46.688, 0, 98 %, 84 %, 6159 MiB, 49140 MiB, 286.37 W, 300.00 W, 71, 1830 MHz
2026/09/23 17:03:47.689, 0, 94 %, 85 %, 6159 MiB, 49140 MiB, 290.01 W, 300.00 W, 72, 1995 MHz
2026/09/23 17:03:48.689, 0, 97 %, 83 %, 6159 MiB, 49140 MiB, 285.83 W, 300.00 W, 72, 1785 MHz
2026/09/23 17:03:49.690, 0, 98 %, 88 %, 6159 MiB, 49140 MiB, 287.44 W, 300.00 W, 73, 2130 MHz
2026/09/23 17:03:50.691, 0, 97 %, 81 %, 6159 MiB, 49140 MiB, 289.68 W, 300.00 W, 72, 2085 MHz
2026/09/23 17:03:51.692, 0, 96 %, 85 %, 6159 MiB, 49140 MiB, 288.39 W, 300.00 W, 72, 1650 MHz
2026/09/23 17:03:52.694, 0, 98 %, 88 %, 6159 MiB, 49140 MiB, 286.75 W, 300.00 W, 74, 2085 MHz
2026/09/23 17:03:53.695, 0, 98 %, 81 %, 6159 MiB, 49140 MiB, 289.19 W, 300.00 W, 71, 2010 MHz
2026/09/23 17:03:54.695, 0, 96 %, 86 %, 6159 MiB, 49140 MiB, 288.73 W, 300.00 W, 72, 1725 MHz
2026/09/23 17:03:55.696, 0, 98 %, 88 %, 6159 MiB, 49140 MiB, 286.97 W, 300.00 W, 74, 2010 MHz
2026/09/23 17:03:56.697, 0, 97 %, 81 %, 6159 MiB, 49140 MiB, 289.24 W, 300.00 W, 71, 1905 MHz
2026/09/23 17:03:57.698, 0, 95 %, 85 %, 6159 MiB, 49140 MiB, 288.39 W, 300.00 W, 72, 1785 MHz
2026/09/23 17:03:58.699, 0, 97 %, 84 %, 6159 MiB, 49140 MiB, 285.00 W, 300.00 W, 72, 1830 MHz
2026/09/23 17:03:59.700, 0, 97 %, 88 %, 6159 MiB, 49140 MiB, 288.10 W, 300.00 W, 73, 2100 MHz
2026/09/23 17:04:00.700, 0, 93 %, 79 %, 6159 MiB, 49140 MiB, 287.65 W, 300.00 W, 71, 2040 MHz
2026/09/23 17:04:01.701, 0, 95 %, 84 %, 6159 MiB, 49140 MiB, 289.05 W, 300.00 W, 72, 1860 MHz
2026/09/23 17:04:02.705, 0, 98 %, 85 %, 6159 MiB, 49140 MiB, 285.75 W, 300.00 W, 73, 1785 MHz
2026/09/23 17:04:03.706, 0, 88 %, 72 %, 6159 MiB, 49140 MiB, 287.99 W, 300.00 W, 74, 1770 MHz
2026/09/23 17:04:04.707, 0, 66 %, 47 %, 6159 MiB, 49140 MiB, 292.93 W, 300.00 W, 69, 2310 MHz
2026/09/23 17:04:05.707, 0, 0 %, 0 %, 6159 MiB, 49140 MiB, 101.91 W, 300.00 W, 66, 2745 MHz
2026/09/23 17:04:06.708, 0, 95 %, 87 %, 6159 MiB, 49140 MiB, 142.20 W, 300.00 W, 72, 2160 MHz
2026/09/23 17:04:07.709, 0, 97 %, 87 %, 6159 MiB, 49140 MiB, 289.66 W, 300.00 W, 72, 1695 MHz
2026/09/23 17:04:08.709, 0, 97 %, 83 %, 6159 MiB, 49140 MiB, 286.90 W, 300.00 W, 72, 2100 MHz
2026/09/23 17:04:09.710, 0, 98 %, 88 %, 6159 MiB, 49140 MiB, 287.29 W, 300.00 W, 73, 1920 MHz
2026/09/23 17:04:10.711, 0, 97 %, 81 %, 6159 MiB, 49140 MiB, 289.55 W, 300.00 W, 71, 1935 MHz
2026/09/23 17:04:11.712, 0, 95 %, 84 %, 6159 MiB, 49140 MiB, 288.40 W, 300.00 W, 72, 1935 MHz
2026/09/23 17:04:12.713, 0, 98 %, 89 %, 6159 MiB, 49140 MiB, 287.74 W, 300.00 W, 74, 1800 MHz
2026/09/23 17:04:13.714, 0, 98 %, 83 %, 6159 MiB, 49140 MiB, 288.77 W, 300.00 W, 71, 1995 MHz
2026/09/23 17:04:14.715, 0, 89 %, 81 %, 6159 MiB, 49140 MiB, 288.56 W, 300.00 W, 72, 1650 MHz
2026/09/23 17:04:15.715, 0, 94 %, 82 %, 6159 MiB, 49140 MiB, 283.72 W, 300.00 W, 72, 2025 MHz
2026/09/23 17:04:16.716, 0, 97 %, 88 %, 6159 MiB, 49140 MiB, 286.58 W, 300.00 W, 74, 1995 MHz
2026/09/23 17:04:17.718, 0, 97 %, 87 %, 6159 MiB, 49140 MiB, 287.76 W, 300.00 W, 72, 2070 MHz
2026/09/23 17:04:18.719, 0, 97 %, 86 %, 6159 MiB, 49140 MiB, 288.04 W, 300.00 W, 73, 1755 MHz
2026/09/23 17:04:19.719, 0, 96 %, 82 %, 6159 MiB, 49140 MiB, 288.26 W, 300.00 W, 72, 2115 MHz
2026/09/23 17:04:20.720, 0, 98 %, 88 %, 6159 MiB, 49140 MiB, 287.17 W, 300.00 W, 74, 1770 MHz
2026/09/23 17:04:21.721, 0, 95 %, 80 %, 6159 MiB, 49140 MiB, 289.68 W, 300.00 W, 71, 2025 MHz
2026/09/23 17:04:22.722, 0, 96 %, 87 %, 6159 MiB, 49140 MiB, 289.41 W, 300.00 W, 72, 1755 MHz
2026/09/23 17:04:23.723, 0, 98 %, 85 %, 6159 MiB, 49140 MiB, 287.50 W, 300.00 W, 73, 2085 MHz
2026/09/23 17:04:24.724, 0, 96 %, 86 %, 6159 MiB, 49140 MiB, 288.43 W, 300.00 W, 73, 2085 MHz
2026/09/23 17:04:25.726, 0, 98 %, 84 %, 6159 MiB, 49140 MiB, 288.54 W, 300.00 W, 72, 1845 MHz
2026/09/23 17:04:26.727, 0, 95 %, 83 %, 6159 MiB, 49140 MiB, 287.60 W, 300.00 W, 72, 1950 MHz
2026/09/23 17:04:27.728, 0, 91 %, 81 %, 6159 MiB, 49140 MiB, 287.52 W, 300.00 W, 74, 2025 MHz
2026/09/23 17:04:28.730, 0, 87 %, 64 %, 6159 MiB, 49140 MiB, 290.11 W, 300.00 W, 74, 1740 MHz
2026/09/23 17:04:29.730, 0, 0 %, 0 %, 6159 MiB, 49140 MiB, 254.96 W, 300.00 W, 68, 2730 MHz
2026/09/23 17:04:30.731, 0, 95 %, 84 %, 6159 MiB, 49140 MiB, 170.37 W, 300.00 W, 73, 1800 MHz
2026/09/23 17:04:31.732, 0, 98 %, 83 %, 6159 MiB, 49140 MiB, 287.81 W, 300.00 W, 72, 1830 MHz
2026/09/23 17:04:32.732, 0, 97 %, 86 %, 6159 MiB, 49140 MiB, 286.87 W, 300.00 W, 73, 2025 MHz
2026/09/23 17:04:33.733, 0, 97 %, 82 %, 6159 MiB, 49140 MiB, 288.54 W, 300.00 W, 72, 2055 MHz
2026/09/23 17:04:34.734, 0, 95 %, 84 %, 6159 MiB, 49140 MiB, 288.14 W, 300.00 W, 72, 1710 MHz
2026/09/23 17:04:35.735, 0, 97 %, 87 %, 6159 MiB, 49140 MiB, 287.69 W, 300.00 W, 73, 2145 MHz
2026/09/23 17:04:36.736, 0, 97 %, 86 %, 6159 MiB, 49140 MiB, 288.58 W, 300.00 W, 73, 2040 MHz
2026/09/23 17:04:37.737, 0, 96 %, 86 %, 6159 MiB, 49140 MiB, 289.32 W, 300.00 W, 71, 1980 MHz
2026/09/23 17:04:38.738, 0, 97 %, 85 %, 6159 MiB, 49140 MiB, 287.98 W, 300.00 W, 72, 1770 MHz
2026/09/23 17:04:39.738, 0, 97 %, 86 %, 6159 MiB, 49140 MiB, 288.13 W, 300.00 W, 74, 2010 MHz
2026/09/23 17:04:40.740, 0, 97 %, 82 %, 6159 MiB, 49140 MiB, 289.54 W, 300.00 W, 72, 2145 MHz
2026/09/23 17:04:41.740, 0, 97 %, 87 %, 6159 MiB, 49140 MiB, 289.32 W, 300.00 W, 73, 1710 MHz
2026/09/23 17:04:42.741, 0, 91 %, 80 %, 6159 MiB, 49140 MiB, 285.45 W, 300.00 W, 72, 1815 MHz
2026/09/23 17:04:43.741, 0, 98 %, 86 %, 6159 MiB, 49140 MiB, 286.82 W, 300.00 W, 74, 2040 MHz
2026/09/23 17:04:44.742, 0, 97 %, 81 %, 6159 MiB, 49140 MiB, 289.97 W, 300.00 W, 72, 1875 MHz
2026/09/23 17:04:45.743, 0, 96 %, 85 %, 6159 MiB, 49140 MiB, 288.23 W, 300.00 W, 73, 1680 MHz
2026/09/23 17:04:46.744, 0, 97 %, 87 %, 6159 MiB, 49140 MiB, 287.26 W, 300.00 W, 73, 2115 MHz
2026/09/23 17:04:47.744, 0, 96 %, 86 %, 6159 MiB, 49140 MiB, 288.14 W, 300.00 W, 74, 1770 MHz
2026/09/23 17:04:48.745, 0, 95 %, 85 %, 6159 MiB, 49140 MiB, 288.69 W, 300.00 W, 71, 2040 MHz
2026/09/23 17:04:49.746, 0, 98 %, 86 %, 6159 MiB, 49140 MiB, 287.76 W, 300.00 W, 72, 1755 MHz
2026/09/23 17:04:50.747, 0, 96 %, 84 %, 6159 MiB, 49140 MiB, 288.05 W, 300.00 W, 73, 2160 MHz
2026/09/23 17:04:51.747, 0, 98 %, 83 %, 6159 MiB, 49140 MiB, 289.40 W, 300.00 W, 72, 2025 MHz
2026/09/23 17:04:52.748, 0, 88 %, 62 %, 6159 MiB, 49140 MiB, 290.33 W, 300.00 W, 73, 1770 MHz
2026/09/23 17:04:53.748, 0, 0 %, 0 %, 6159 MiB, 49140 MiB, 250.43 W, 300.00 W, 68, 2730 MHz
2026/09/23 17:04:54.750, 0, 98 %, 86 %, 6159 MiB, 49140 MiB, 179.51 W, 300.00 W, 72, 1755 MHz
2026/09/23 17:04:55.750, 0, 97 %, 86 %, 6159 MiB, 49140 MiB, 286.73 W, 300.00 W, 73, 2115 MHz
2026/09/23 17:04:56.751, 0, 98 %, 86 %, 6159 MiB, 49140 MiB, 287.67 W, 300.00 W, 72, 1965 MHz
2026/09/23 17:04:57.751, 0, 97 %, 87 %, 6159 MiB, 49140 MiB, 288.81 W, 300.00 W, 72, 1785 MHz
2026/09/23 17:04:58.752, 0, 97 %, 83 %, 6159 MiB, 49140 MiB, 286.99 W, 300.00 W, 72, 2100 MHz
2026/09/23 17:04:59.753, 0, 97 %, 86 %, 6159 MiB, 49140 MiB, 288.10 W, 300.00 W, 74, 2055 MHz
2026/09/23 17:05:00.754, 0, 98 %, 83 %, 6159 MiB, 49140 MiB, 288.97 W, 300.00 W, 72, 1635 MHz
2026/09/23 17:05:01.755, 0, 95 %, 84 %, 6159 MiB, 49140 MiB, 287.87 W, 300.00 W, 73, 1785 MHz
2026/09/23 17:05:02.756, 0, 97 %, 85 %, 6159 MiB, 49140 MiB, 286.43 W, 300.00 W, 72, 1965 MHz
2026/09/23 17:05:03.758, 0, 97 %, 87 %, 6159 MiB, 49140 MiB, 290.11 W, 300.00 W, 73, 1965 MHz
2026/09/23 17:05:04.759, 0, 97 %, 87 %, 6159 MiB, 49140 MiB, 289.61 W, 300.00 W, 72, 1770 MHz
2026/09/23 17:05:05.760, 0, 98 %, 83 %, 6159 MiB, 49140 MiB, 288.44 W, 300.00 W, 72, 2040 MHz
2026/09/23 17:05:06.762, 0, 98 %, 87 %, 6159 MiB, 49140 MiB, 287.80 W, 300.00 W, 74, 2055 MHz
2026/09/23 17:05:07.763, 0, 97 %, 81 %, 6159 MiB, 49140 MiB, 290.60 W, 300.00 W, 72, 1725 MHz
2026/09/23 17:05:08.764, 0, 97 %, 87 %, 6159 MiB, 49140 MiB, 289.44 W, 300.00 W, 74, 1815 MHz
2026/09/23 17:05:09.764, 0, 97 %, 82 %, 6159 MiB, 49140 MiB, 288.06 W, 300.00 W, 73, 2055 MHz
2026/09/23 17:05:10.765, 0, 97 %, 86 %, 6159 MiB, 49140 MiB, 288.85 W, 300.00 W, 74, 1980 MHz
2026/09/23 17:05:11.767, 0, 97 %, 83 %, 6159 MiB, 49140 MiB, 288.85 W, 300.00 W, 73, 1680 MHz
2026/09/23 17:05:12.768, 0, 97 %, 86 %, 6159 MiB, 49140 MiB, 290.26 W, 300.00 W, 74, 1830 MHz
2026/09/23 17:05:13.768, 0, 97 %, 87 %, 6159 MiB, 49140 MiB, 289.26 W, 300.00 W, 73, 1845 MHz
2026/09/23 17:05:14.769, 0, 98 %, 88 %, 6159 MiB, 49140 MiB, 289.14 W, 300.00 W, 74, 1935 MHz
2026/09/23 17:05:15.770, 0, 98 %, 84 %, 6159 MiB, 49140 MiB, 290.30 W, 300.00 W, 72, 1650 MHz
2026/09/23 17:05:16.770, 0, 93 %, 65 %, 6159 MiB, 49140 MiB, 291.62 W, 300.00 W, 74, 1680 MHz
2026/09/23 17:05:17.771, 0, 0 %, 0 %, 6159 MiB, 49140 MiB, 250.72 W, 300.00 W, 68, 2730 MHz
2026/09/23 17:05:18.771, 0, 97 %, 82 %, 6159 MiB, 49140 MiB, 166.12 W, 300.00 W, 71, 1770 MHz
2026/09/23 17:05:19.772, 0, 97 %, 86 %, 6159 MiB, 49140 MiB, 288.94 W, 300.00 W, 73, 1770 MHz
2026/09/23 17:05:20.773, 0, 97 %, 86 %, 6159 MiB, 49140 MiB, 288.12 W, 300.00 W, 72, 1890 MHz
2026/09/23 17:05:21.775, 0, 98 %, 87 %, 6159 MiB, 49140 MiB, 288.95 W, 300.00 W, 74, 2025 MHz
2026/09/23 17:05:22.775, 0, 97 %, 82 %, 6159 MiB, 49140 MiB, 290.69 W, 300.00 W, 71, 1665 MHz
2026/09/23 17:05:23.776, 0, 94 %, 83 %, 6159 MiB, 49140 MiB, 289.22 W, 300.00 W, 73, 1980 MHz
2026/09/23 17:05:24.777, 0, 97 %, 86 %, 6159 MiB, 49140 MiB, 286.21 W, 300.00 W, 72, 1950 MHz
2026/09/23 17:05:25.778, 0, 97 %, 87 %, 6159 MiB, 49140 MiB, 289.70 W, 300.00 W, 74, 1935 MHz
2026/09/23 17:05:26.779, 0, 98 %, 83 %, 6159 MiB, 49140 MiB, 288.17 W, 300.00 W, 73, 1695 MHz
2026/09/23 17:05:27.780, 0, 97 %, 86 %, 6159 MiB, 49140 MiB, 290.11 W, 300.00 W, 73, 1875 MHz
2026/09/23 17:05:28.783, 0, 97 %, 84 %, 6159 MiB, 49140 MiB, 286.98 W, 300.00 W, 72, 2040 MHz
2026/09/23 17:05:29.784, 0, 97 %, 87 %, 6159 MiB, 49140 MiB, 288.48 W, 300.00 W, 74, 2025 MHz
2026/09/23 17:05:30.786, 0, 97 %, 81 %, 6159 MiB, 49140 MiB, 289.14 W, 300.00 W, 72, 1710 MHz
2026/09/23 17:05:31.787, 0, 97 %, 87 %, 6159 MiB, 49140 MiB, 290.41 W, 300.00 W, 73, 1920 MHz
2026/09/23 17:05:32.788, 0, 96 %, 84 %, 6159 MiB, 49140 MiB, 287.26 W, 300.00 W, 73, 2010 MHz
2026/09/23 17:05:33.790, 0, 97 %, 87 %, 6159 MiB, 49140 MiB, 289.77 W, 300.00 W, 74, 1950 MHz
2026/09/23 17:05:34.790, 0, 98 %, 86 %, 6159 MiB, 49140 MiB, 290.50 W, 300.00 W, 71, 1680 MHz
2026/09/23 17:05:35.791, 0, 97 %, 85 %, 6159 MiB, 49140 MiB, 288.31 W, 300.00 W, 72, 2100 MHz
2026/09/23 17:05:36.793, 0, 97 %, 86 %, 6159 MiB, 49140 MiB, 288.21 W, 300.00 W, 74, 2025 MHz
2026/09/23 17:05:37.793, 0, 97 %, 84 %, 6159 MiB, 49140 MiB, 289.16 W, 300.00 W, 73, 1830 MHz
2026/09/23 17:05:38.795, 0, 93 %, 83 %, 6159 MiB, 49140 MiB, 289.54 W, 300.00 W, 72, 1800 MHz
2026/09/23 17:05:39.796, 0, 96 %, 86 %, 6159 MiB, 49140 MiB, 287.77 W, 300.00 W, 73, 2130 MHz
2026/09/23 17:05:40.798, 0, 92 %, 67 %, 6159 MiB, 49140 MiB, 289.73 W, 300.00 W, 74, 1635 MHz
2026/09/23 17:05:41.798, 0, 9 %, 0 %, 6159 MiB, 49140 MiB, 261.44 W, 300.00 W, 68, 2565 MHz
2026/09/23 17:05:42.799, 0, 0 %, 0 %, 6159 MiB, 49140 MiB, 75.48 W, 300.00 W, 66, 2565 MHz
2026/09/23 17:05:43.800, 0, 0 %, 0 %, 6159 MiB, 49140 MiB, 73.27 W, 300.00 W, 65, 2505 MHz
2026/09/23 17:05:44.800, 0, 0 %, 0 %, 1799 MiB, 49140 MiB, 73.71 W, 300.00 W, 65, 2595 MHz
2026/09/23 17:05:45.802, 0, 0 %, 0 %, 1799 MiB, 49140 MiB, 74.33 W, 300.00 W, 64, 2595 MHz
2026/09/23 17:05:46.802, 0, 3 %, 0 %, 1799 MiB, 49140 MiB, 73.27 W, 300.00 W, 64, 2505 MHz
2026/09/23 17:05:47.803, 0, 20 %, 1 %, 1799 MiB, 49140 MiB, 74.55 W, 300.00 W, 63, 2505 MHz
2026/09/23 17:05:48.803, 0, 0 %, 0 %, 1799 MiB, 49140 MiB, 75.38 W, 300.00 W, 62, 2505 MHz
2026/09/23 17:05:49.807, 0, 3 %, 1 %, 1799 MiB, 49140 MiB, 121.49 W, 300.00 W, 64, 2745 MHz
2026/09/23 17:05:50.807, 0, 5 %, 2 %, 1799 MiB, 49140 MiB, 183.14 W, 300.00 W, 65, 2730 MHz
2026/09/23 17:05:51.808, 0, 38 %, 16 %, 1799 MiB, 49140 MiB, 176.83 W, 300.00 W, 66, 2655 MHz
2026/09/23 17:05:52.808, 0, 0 %, 0 %, 1799 MiB, 49140 MiB, 142.82 W, 300.00 W, 63, 2655 MHz
2026/09/23 17:05:53.809, 0, 0 %, 0 %, 1799 MiB, 49140 MiB, 86.72 W, 300.00 W, 62, 2655 MHz
2026/09/23 17:05:54.810, 0, 0 %, 0 %, 1799 MiB, 49140 MiB, 69.93 W, 300.00 W, 61, 2505 MHz
2026/09/23 17:05:55.810, 0, 0 %, 0 %, 1799 MiB, 49140 MiB, 68.31 W, 300.00 W, 61, 2505 MHz
2026/09/23 17:05:56.811, 0, 0 %, 0 %, 1799 MiB, 49140 MiB, 67.25 W, 300.00 W, 60, 2505 MHz
2026/09/23 17:05:57.811, 0, 0 %, 0 %, 1799 MiB, 49140 MiB, 66.78 W, 300.00 W, 60, 2505 MHz
2026/09/23 17:05:58.812, 0, 0 %, 0 %, 1797 MiB, 49140 MiB, 66.62 W, 300.00 W, 59, 2505 MHz
2026/09/23 17:05:59.812, 0, 0 %, 0 %, 0 MiB, 49140 MiB, 67.53 W, 300.00 W, 59, 2505 MHz
2026/09/23 17:06:00.813, 0, 0 %, 0 %, 0 MiB, 49140 MiB, 67.88 W, 300.00 W, 59, 2505 MHz
2026/09/23 17:06:01.813, 0, 0 %, 0 %, 0 MiB, 49140 MiB, 56.94 W, 300.00 W, 58, 765 MHz
2026/09/23 17:06:02.814, 0, 0 %, 0 %, 0 MiB, 49140 MiB, 45.44 W, 300.00 W, 57, 480 MHz
2026/09/23 17:06:03.814, 0, 0 %, 0 %, 0 MiB, 49140 MiB, 32.51 W, 300.00 W, 57, 300 MHz
2026/09/23 17:06:04.815, 0, 0 %, 0 %, 0 MiB, 49140 MiB, 29.06 W, 300.00 W, 56, 210 MHz
2026/09/23 17:06:05.815, 0, 0 %, 0 %, 0 MiB, 49140 MiB, 27.93 W, 300.00 W, 56, 210 MHz
2026/09/23 17:06:06.816, 0, 0 %, 0 %, 0 MiB, 49140 MiB, 27.82 W, 300.00 W, 56, 210 MHz
2026/09/23 17:06:07.816, 0, 0 %, 0 %, 0 MiB, 49140 MiB, 27.76 W, 300.00 W, 55, 210 MHz
2026/09/23 17:06:08.817, 0, 0 %, 0 %, 0 MiB, 49140 MiB, 27.66 W, 300.00 W, 55, 210 MHz
2026/09/23 17:06:09.817, 0, 0 %, 0 %, 701 MiB, 49140 MiB, 27.44 W, 300.00 W, 55, 2505 MHz
2026/09/23 17:06:10.818, 0, 8 %, 1 %, 803 MiB, 49140 MiB, 67.13 W, 300.00 W, 55, 2505 MHz
2026/09/23 17:06:11.818, 0, 35 %, 3 %, 1051 MiB, 49140 MiB, 81.35 W, 300.00 W, 59, 2505 MHz
2026/09/23 17:06:12.819, 0, 51 %, 12 %, 789 MiB, 49140 MiB, 142.21 W, 300.00 W, 57, 2745 MHz
2026/09/23 17:06:13.819, 0, 53 %, 12 %, 1161 MiB, 49140 MiB, 155.16 W, 300.00 W, 57, 2745 MHz
2026/09/23 17:06:14.820, 0, 51 %, 12 %, 715 MiB, 49140 MiB, 148.50 W, 300.00 W, 58, 2745 MHz
2026/09/23 17:06:15.820, 0, 56 %, 20 %, 1161 MiB, 49140 MiB, 166.93 W, 300.00 W, 59, 2745 MHz
2026/09/23 17:06:16.821, 0, 59 %, 18 %, 1161 MiB, 49140 MiB, 169.12 W, 300.00 W, 61, 2745 MHz
2026/09/23 17:06:17.821, 0, 62 %, 22 %, 715 MiB, 49140 MiB, 164.30 W, 300.00 W, 58, 2745 MHz
2026/09/23 17:06:18.822, 0, 60 %, 22 %, 715 MiB, 49140 MiB, 170.08 W, 300.00 W, 58, 2745 MHz
2026/09/23 17:06:19.823, 0, 55 %, 19 %, 1161 MiB, 49140 MiB, 177.07 W, 300.00 W, 59, 2745 MHz
2026/09/23 17:06:20.823, 0, 60 %, 22 %, 715 MiB, 49140 MiB, 175.04 W, 300.00 W, 59, 2745 MHz
2026/09/23 17:06:21.824, 0, 62 %, 22 %, 715 MiB, 49140 MiB, 170.80 W, 300.00 W, 61, 2745 MHz
2026/09/23 17:06:22.824, 0, 51 %, 12 %, 1161 MiB, 49140 MiB, 152.57 W, 300.00 W, 60, 2745 MHz
2026/09/23 17:06:23.825, 0, 0 %, 0 %, 715 MiB, 49140 MiB, 107.39 W, 300.00 W, 57, 2745 MHz
