timestamp, index, utilization.gpu [%], utilization.memory [%], memory.used [MiB], memory.total [MiB], power.draw [W], power.limit [W], temperature.gpu, clocks.current.sm [MHz]
2026/09/23 03:02:36.023, 0, 0 %, 0 %, 0 MiB, 49140 MiB, 71.64 W, 300.00 W, 56, 2505 MHz
2026/09/23 03:02:37.028, 0, 0 %, 0 %, 0 MiB, 49140 MiB, 66.99 W, 300.00 W, 55, 2505 MHz
2026/09/23 03:02:38.029, 0, 0 %, 0 %, 0 MiB, 49140 MiB, 51.08 W, 300.00 W, 54, 555 MHz
2026/09/23 03:02:39.029, 0, 0 %, 0 %, 1 MiB, 49140 MiB, 30.43 W, 300.00 W, 54, 330 MHz
2026/09/23 03:02:40.032, 0, 0 %, 0 %, 633 MiB, 49140 MiB, 17.91 W, 300.00 W, 53, 210 MHz
2026/09/23 03:02:41.033, 0, 0 %, 0 %, 633 MiB, 49140 MiB, 48.92 W, 300.00 W, 54, 2505 MHz
2026/09/23 03:02:42.033, 0, 0 %, 0 %, 633 MiB, 49140 MiB, 61.76 W, 300.00 W, 54, 2505 MHz
2026/09/23 03:02:43.034, 0, 0 %, 0 %, 633 MiB, 49140 MiB, 60.64 W, 300.00 W, 54, 2505 MHz
2026/09/23 03:02:44.038, 0, 0 %, 0 %, 633 MiB, 49140 MiB, 60.73 W, 300.00 W, 54, 2505 MHz
2026/09/23 03:02:45.038, 0, 0 %, 0 %, 633 MiB, 49140 MiB, 60.95 W, 300.00 W, 53, 2505 MHz
2026/09/23 03:02:46.038, 0, 0 %, 0 %, 635 MiB, 49140 MiB, 60.88 W, 300.00 W, 53, 2505 MHz
2026/09/23 03:02:47.039, 0, 1 %, 0 %, 1343 MiB, 49140 MiB, 61.12 W, 300.00 W, 53, 2505 MHz
2026/09/23 03:02:48.039, 0, 7 %, 0 %, 2639 MiB, 49140 MiB, 80.60 W, 300.00 W, 54, 2505 MHz
2026/09/23 03:02:49.040, 0, 0 %, 0 %, 2713 MiB, 49140 MiB, 87.46 W, 300.00 W, 53, 2505 MHz
2026/09/23 03:02:50.040, 0, 0 %, 0 %, 2883 MiB, 49140 MiB, 67.95 W, 300.00 W, 53, 2505 MHz
2026/09/23 03:02:51.041, 0, 0 %, 0 %, 3011 MiB, 49140 MiB, 74.14 W, 300.00 W, 53, 2505 MHz
2026/09/23 03:02:52.041, 0, 0 %, 0 %, 2589 MiB, 49140 MiB, 90.87 W, 300.00 W, 54, 2745 MHz
2026/09/23 03:02:53.042, 0, 0 %, 0 %, 2547 MiB, 49140 MiB, 78.56 W, 300.00 W, 53, 2505 MHz
2026/09/23 03:02:54.042, 0, 0 %, 0 %, 2681 MiB, 49140 MiB, 68.50 W, 300.00 W, 53, 2505 MHz
2026/09/23 03:02:55.042, 0, 0 %, 0 %, 2553 MiB, 49140 MiB, 83.26 W, 300.00 W, 53, 2745 MHz
2026/09/23 03:02:56.043, 0, 0 %, 0 %, 2469 MiB, 49140 MiB, 76.87 W, 300.00 W, 53, 2505 MHz
2026/09/23 03:02:57.043, 0, 0 %, 0 %, 2501 MiB, 49140 MiB, 65.58 W, 300.00 W, 52, 2505 MHz
2026/09/23 03:02:58.044, 0, 0 %, 0 %, 2397 MiB, 49140 MiB, 64.97 W, 300.00 W, 52, 2505 MHz
2026/09/23 03:02:59.044, 0, 0 %, 0 %, 2433 MiB, 49140 MiB, 65.38 W, 300.00 W, 53, 2505 MHz
2026/09/23 03:03:00.045, 0, 0 %, 0 %, 2377 MiB, 49140 MiB, 63.72 W, 300.00 W, 52, 2505 MHz
2026/09/23 03:03:01.045, 0, 0 %, 0 %, 2403 MiB, 49140 MiB, 61.53 W, 300.00 W, 52, 2505 MHz
2026/09/23 03:03:02.046, 0, 0 %, 0 %, 2423 MiB, 49140 MiB, 64.07 W, 300.00 W, 52, 2505 MHz
2026/09/23 03:03:03.046, 0, 10 %, 1 %, 2403 MiB, 49140 MiB, 62.78 W, 300.00 W, 52, 2505 MHz
2026/09/23 03:03:04.047, 0, 0 %, 0 %, 2403 MiB, 49140 MiB, 60.72 W, 300.00 W, 52, 2505 MHz
2026/09/23 03:03:05.047, 0, 0 %, 0 %, 2403 MiB, 49140 MiB, 61.93 W, 300.00 W, 52, 2505 MHz
2026/09/23 03:03:06.048, 0, 3 %, 0 %, 2383 MiB, 49140 MiB, 60.83 W, 300.00 W, 51, 2505 MHz
2026/09/23 03:03:07.048, 0, 0 %, 0 %, 2363 MiB, 49140 MiB, 60.47 W, 300.00 W, 51, 2505 MHz
2026/09/23 03:03:08.049, 0, 3 %, 0 %, 2491 MiB, 49140 MiB, 63.47 W, 300.00 W, 51, 2505 MHz
2026/09/23 03:03:09.049, 0, 0 %, 0 %, 2835 MiB, 49140 MiB, 70.52 W, 300.00 W, 51, 2505 MHz
2026/09/23 03:03:10.051, 0, 0 %, 0 %, 3535 MiB, 49140 MiB, 108.44 W, 300.00 W, 56, 2310 MHz
2026/09/23 03:03:11.052, 0, 86 %, 75 %, 3535 MiB, 49140 MiB, 264.03 W, 300.00 W, 58, 2640 MHz
2026/09/23 03:03:12.053, 0, 54 %, 47 %, 3535 MiB, 49140 MiB, 236.02 W, 300.00 W, 60, 2280 MHz
2026/09/23 03:03:13.054, 0, 91 %, 81 %, 3535 MiB, 49140 MiB, 274.37 W, 300.00 W, 58, 2430 MHz
2026/09/23 03:03:14.055, 0, 90 %, 80 %, 3535 MiB, 49140 MiB, 275.33 W, 300.00 W, 61, 2370 MHz
2026/09/23 03:03:15.056, 0, 80 %, 70 %, 3535 MiB, 49140 MiB, 274.54 W, 300.00 W, 59, 2505 MHz
2026/09/23 03:03:16.057, 0, 92 %, 77 %, 3535 MiB, 49140 MiB, 278.29 W, 300.00 W, 61, 2430 MHz
2026/09/23 03:03:17.058, 0, 93 %, 79 %, 3535 MiB, 49140 MiB, 275.50 W, 300.00 W, 61, 2460 MHz
2026/09/23 03:03:18.060, 0, 91 %, 81 %, 3535 MiB, 49140 MiB, 273.43 W, 300.00 W, 60, 2565 MHz
2026/09/23 03:03:19.061, 0, 80 %, 69 %, 3535 MiB, 49140 MiB, 276.31 W, 300.00 W, 62, 2430 MHz
2026/09/23 03:03:20.061, 0, 76 %, 69 %, 3535 MiB, 49140 MiB, 276.17 W, 300.00 W, 62, 2415 MHz
2026/09/23 03:03:21.063, 0, 94 %, 80 %, 3535 MiB, 49140 MiB, 277.19 W, 300.00 W, 62, 2550 MHz
2026/09/23 03:03:22.064, 0, 66 %, 57 %, 3535 MiB, 49140 MiB, 182.35 W, 300.00 W, 57, 2745 MHz
2026/09/23 03:03:23.064, 0, 0 %, 0 %, 1485 MiB, 49140 MiB, 85.87 W, 300.00 W, 57, 2745 MHz
2026/09/23 03:03:24.065, 0, 24 %, 1 %, 1677 MiB, 49140 MiB, 94.59 W, 300.00 W, 56, 2505 MHz
2026/09/23 03:03:25.065, 0, 69 %, 45 %, 1677 MiB, 49140 MiB, 170.07 W, 300.00 W, 57, 2745 MHz
2026/09/23 03:03:26.066, 0, 0 %, 0 %, 3589 MiB, 49140 MiB, 78.58 W, 300.00 W, 56, 2745 MHz
2026/09/23 03:03:27.067, 0, 86 %, 76 %, 3589 MiB, 49140 MiB, 215.82 W, 300.00 W, 61, 2475 MHz
2026/09/23 03:03:28.069, 0, 91 %, 78 %, 3589 MiB, 49140 MiB, 274.54 W, 300.00 W, 63, 2475 MHz
2026/09/23 03:03:29.069, 0, 87 %, 76 %, 3589 MiB, 49140 MiB, 275.07 W, 300.00 W, 62, 2445 MHz
2026/09/23 03:03:30.070, 0, 94 %, 79 %, 3589 MiB, 49140 MiB, 275.15 W, 300.00 W, 64, 2295 MHz
2026/09/23 03:03:31.071, 0, 90 %, 78 %, 3589 MiB, 49140 MiB, 275.20 W, 300.00 W, 64, 2415 MHz
2026/09/23 03:03:32.072, 0, 93 %, 80 %, 3589 MiB, 49140 MiB, 273.83 W, 300.00 W, 64, 2370 MHz
2026/09/23 03:03:33.073, 0, 90 %, 80 %, 3589 MiB, 49140 MiB, 275.01 W, 300.00 W, 64, 2355 MHz
2026/09/23 03:03:34.073, 0, 94 %, 81 %, 3589 MiB, 49140 MiB, 274.94 W, 300.00 W, 64, 2295 MHz
2026/09/23 03:03:35.074, 0, 93 %, 82 %, 3589 MiB, 49140 MiB, 275.08 W, 300.00 W, 66, 2445 MHz
2026/09/23 03:03:36.075, 0, 88 %, 78 %, 3589 MiB, 49140 MiB, 275.56 W, 300.00 W, 64, 2370 MHz
2026/09/23 03:03:37.076, 0, 89 %, 78 %, 3589 MiB, 49140 MiB, 278.54 W, 300.00 W, 65, 2400 MHz
2026/09/23 03:03:38.077, 0, 77 %, 58 %, 3589 MiB, 49140 MiB, 264.23 W, 300.00 W, 66, 2610 MHz
2026/09/23 03:03:39.077, 0, 0 %, 0 %, 3589 MiB, 49140 MiB, 106.16 W, 300.00 W, 60, 2745 MHz
2026/09/23 03:03:40.078, 0, 0 %, 0 %, 3589 MiB, 49140 MiB, 118.54 W, 300.00 W, 64, 2415 MHz
2026/09/23 03:03:41.078, 0, 88 %, 77 %, 3589 MiB, 49140 MiB, 276.74 W, 300.00 W, 65, 2280 MHz
2026/09/23 03:03:42.079, 0, 91 %, 81 %, 3589 MiB, 49140 MiB, 278.16 W, 300.00 W, 66, 2430 MHz
2026/09/23 03:03:43.080, 0, 91 %, 78 %, 3589 MiB, 49140 MiB, 278.34 W, 300.00 W, 67, 2415 MHz
2026/09/23 03:03:44.080, 0, 95 %, 83 %, 3589 MiB, 49140 MiB, 278.94 W, 300.00 W, 66, 2460 MHz
2026/09/23 03:03:45.081, 0, 92 %, 81 %, 3589 MiB, 49140 MiB, 279.27 W, 300.00 W, 65, 2505 MHz
2026/09/23 03:03:46.083, 0, 94 %, 82 %, 3589 MiB, 49140 MiB, 280.16 W, 300.00 W, 67, 2190 MHz
2026/09/23 03:03:47.084, 0, 94 %, 83 %, 3589 MiB, 49140 MiB, 279.88 W, 300.00 W, 68, 2415 MHz
2026/09/23 03:03:48.087, 0, 93 %, 81 %, 3589 MiB, 49140 MiB, 278.59 W, 300.00 W, 66, 2520 MHz
2026/09/23 03:03:49.087, 0, 92 %, 77 %, 3589 MiB, 49140 MiB, 281.35 W, 300.00 W, 67, 2265 MHz
2026/09/23 03:03:50.088, 0, 93 %, 83 %, 3589 MiB, 49140 MiB, 279.55 W, 300.00 W, 67, 2265 MHz
2026/09/23 03:03:51.089, 0, 90 %, 78 %, 3589 MiB, 49140 MiB, 279.87 W, 300.00 W, 69, 2400 MHz
2026/09/23 03:03:52.091, 0, 59 %, 38 %, 3589 MiB, 49140 MiB, 206.03 W, 300.00 W, 62, 2745 MHz
2026/09/23 03:03:53.091, 0, 0 %, 0 %, 3589 MiB, 49140 MiB, 83.55 W, 300.00 W, 62, 2745 MHz
2026/09/23 03:03:54.092, 0, 86 %, 74 %, 3589 MiB, 49140 MiB, 181.77 W, 300.00 W, 66, 2490 MHz
2026/09/23 03:03:55.093, 0, 90 %, 77 %, 3589 MiB, 49140 MiB, 281.43 W, 300.00 W, 68, 2370 MHz
2026/09/23 03:03:56.094, 0, 92 %, 78 %, 3589 MiB, 49140 MiB, 278.32 W, 300.00 W, 66, 2475 MHz
2026/09/23 03:03:57.095, 0, 91 %, 77 %, 3589 MiB, 49140 MiB, 280.07 W, 300.00 W, 67, 2370 MHz
2026/09/23 03:03:58.096, 0, 92 %, 77 %, 3589 MiB, 49140 MiB, 277.00 W, 300.00 W, 66, 2445 MHz
2026/09/23 03:03:59.097, 0, 89 %, 78 %, 3589 MiB, 49140 MiB, 278.95 W, 300.00 W, 67, 2430 MHz
2026/09/23 03:04:00.097, 0, 93 %, 82 %, 3589 MiB, 49140 MiB, 280.22 W, 300.00 W, 67, 2400 MHz
2026/09/23 03:04:01.098, 0, 93 %, 79 %, 3589 MiB, 49140 MiB, 278.93 W, 300.00 W, 67, 2460 MHz
2026/09/23 03:04:02.099, 0, 86 %, 75 %, 3589 MiB, 49140 MiB, 278.31 W, 300.00 W, 69, 2415 MHz
2026/09/23 03:04:03.100, 0, 89 %, 78 %, 3589 MiB, 49140 MiB, 279.59 W, 300.00 W, 69, 2430 MHz
2026/09/23 03:04:04.101, 0, 89 %, 78 %, 3589 MiB, 49140 MiB, 279.12 W, 300.00 W, 70, 2355 MHz
2026/09/23 03:04:05.101, 0, 92 %, 79 %, 3589 MiB, 49140 MiB, 275.43 W, 300.00 W, 69, 2490 MHz
2026/09/23 03:04:06.102, 0, 10 %, 0 %, 3589 MiB, 49140 MiB, 157.22 W, 300.00 W, 63, 2730 MHz
2026/09/23 03:04:07.103, 0, 0 %, 0 %, 3589 MiB, 49140 MiB, 84.84 W, 300.00 W, 62, 2700 MHz
2026/09/23 03:04:08.104, 0, 91 %, 79 %, 3589 MiB, 49140 MiB, 282.60 W, 300.00 W, 67, 2475 MHz
2026/09/23 03:04:09.104, 0, 93 %, 78 %, 3589 MiB, 49140 MiB, 283.87 W, 300.00 W, 68, 2310 MHz
2026/09/23 03:04:10.105, 0, 84 %, 74 %, 3589 MiB, 49140 MiB, 280.07 W, 300.00 W, 67, 2430 MHz
2026/09/23 03:04:11.106, 0, 91 %, 76 %, 3589 MiB, 49140 MiB, 283.04 W, 300.00 W, 69, 2400 MHz
2026/09/23 03:04:12.107, 0, 92 %, 80 %, 3589 MiB, 49140 MiB, 281.67 W, 300.00 W, 68, 2460 MHz
2026/09/23 03:04:13.107, 0, 89 %, 78 %, 3589 MiB, 49140 MiB, 282.80 W, 300.00 W, 68, 2310 MHz
2026/09/23 03:04:14.108, 0, 86 %, 75 %, 3589 MiB, 49140 MiB, 281.00 W, 300.00 W, 69, 2535 MHz
2026/09/23 03:04:15.109, 0, 88 %, 76 %, 3589 MiB, 49140 MiB, 280.52 W, 300.00 W, 70, 2370 MHz
2026/09/23 03:04:16.109, 0, 88 %, 77 %, 3589 MiB, 49140 MiB, 283.26 W, 300.00 W, 69, 2310 MHz
2026/09/23 03:04:17.110, 0, 89 %, 78 %, 3589 MiB, 49140 MiB, 283.39 W, 300.00 W, 70, 2370 MHz
2026/09/23 03:04:18.111, 0, 90 %, 77 %, 3589 MiB, 49140 MiB, 283.05 W, 300.00 W, 70, 2370 MHz
2026/09/23 03:04:19.111, 0, 65 %, 41 %, 3589 MiB, 49140 MiB, 258.94 W, 300.00 W, 68, 2670 MHz
2026/09/23 03:04:20.112, 0, 0 %, 0 %, 3589 MiB, 49140 MiB, 83.11 W, 300.00 W, 63, 2670 MHz
2026/09/23 03:04:21.112, 0, 0 %, 0 %, 3589 MiB, 49140 MiB, 144.06 W, 300.00 W, 69, 2220 MHz
2026/09/23 03:04:22.113, 0, 93 %, 81 %, 3589 MiB, 49140 MiB, 274.32 W, 300.00 W, 68, 2415 MHz
2026/09/23 03:04:23.114, 0, 88 %, 76 %, 3589 MiB, 49140 MiB, 278.14 W, 300.00 W, 68, 2415 MHz
2026/09/23 03:04:24.115, 0, 91 %, 80 %, 3589 MiB, 49140 MiB, 278.58 W, 300.00 W, 68, 2370 MHz
2026/09/23 03:04:25.116, 0, 93 %, 82 %, 3589 MiB, 49140 MiB, 279.81 W, 300.00 W, 69, 2445 MHz
2026/09/23 03:04:26.117, 0, 92 %, 80 %, 3589 MiB, 49140 MiB, 277.51 W, 300.00 W, 70, 2370 MHz
2026/09/23 03:04:27.118, 0, 93 %, 81 %, 3589 MiB, 49140 MiB, 279.40 W, 300.00 W, 69, 2325 MHz
2026/09/23 03:04:28.119, 0, 92 %, 80 %, 3589 MiB, 49140 MiB, 282.06 W, 300.00 W, 69, 2355 MHz
2026/09/23 03:04:29.120, 0, 88 %, 76 %, 3589 MiB, 49140 MiB, 279.22 W, 300.00 W, 69, 2400 MHz
2026/09/23 03:04:30.121, 0, 95 %, 82 %, 3589 MiB, 49140 MiB, 281.36 W, 300.00 W, 70, 2400 MHz
2026/09/23 03:04:31.122, 0, 91 %, 80 %, 3589 MiB, 49140 MiB, 278.90 W, 300.00 W, 71, 2415 MHz
2026/09/23 03:04:32.123, 0, 91 %, 78 %, 3589 MiB, 49140 MiB, 277.62 W, 300.00 W, 69, 2370 MHz
2026/09/23 03:04:33.124, 0, 59 %, 38 %, 3589 MiB, 49140 MiB, 190.64 W, 300.00 W, 64, 2730 MHz
2026/09/23 03:04:34.124, 0, 0 %, 0 %, 3589 MiB, 49140 MiB, 84.66 W, 300.00 W, 64, 2730 MHz
2026/09/23 03:04:35.125, 0, 89 %, 77 %, 3589 MiB, 49140 MiB, 197.74 W, 300.00 W, 69, 2295 MHz
2026/09/23 03:04:36.126, 0, 91 %, 80 %, 3589 MiB, 49140 MiB, 274.38 W, 300.00 W, 69, 2250 MHz
2026/09/23 03:04:37.127, 0, 90 %, 79 %, 3589 MiB, 49140 MiB, 273.84 W, 300.00 W, 70, 2370 MHz
2026/09/23 03:04:38.128, 0, 92 %, 77 %, 3589 MiB, 49140 MiB, 275.54 W, 300.00 W, 69, 2460 MHz
2026/09/23 03:04:39.128, 0, 90 %, 79 %, 3589 MiB, 49140 MiB, 279.76 W, 300.00 W, 69, 2310 MHz
2026/09/23 03:04:40.129, 0, 93 %, 79 %, 3589 MiB, 49140 MiB, 278.97 W, 300.00 W, 70, 2475 MHz
2026/09/23 03:04:41.130, 0, 88 %, 77 %, 3589 MiB, 49140 MiB, 279.98 W, 300.00 W, 69, 2400 MHz
2026/09/23 03:04:42.131, 0, 93 %, 79 %, 3589 MiB, 49140 MiB, 280.10 W, 300.00 W, 70, 2295 MHz
2026/09/23 03:04:43.132, 0, 94 %, 80 %, 3589 MiB, 49140 MiB, 279.80 W, 300.00 W, 70, 2460 MHz
2026/09/23 03:04:44.132, 0, 95 %, 79 %, 3589 MiB, 49140 MiB, 279.99 W, 300.00 W, 71, 2445 MHz
2026/09/23 03:04:45.133, 0, 93 %, 81 %, 3589 MiB, 49140 MiB, 276.08 W, 300.00 W, 70, 2235 MHz
2026/09/23 03:04:46.134, 0, 89 %, 78 %, 3589 MiB, 49140 MiB, 268.03 W, 300.00 W, 71, 2595 MHz
2026/09/23 03:04:47.134, 0, 6 %, 0 %, 3589 MiB, 49140 MiB, 133.97 W, 300.00 W, 64, 2730 MHz
2026/09/23 03:04:48.135, 0, 0 %, 0 %, 3589 MiB, 49140 MiB, 109.22 W, 300.00 W, 67, 2430 MHz
2026/09/23 03:04:49.135, 0, 91 %, 79 %, 3589 MiB, 49140 MiB, 276.90 W, 300.00 W, 70, 2490 MHz
2026/09/23 03:04:50.136, 0, 91 %, 76 %, 3589 MiB, 49140 MiB, 277.32 W, 300.00 W, 70, 2475 MHz
2026/09/23 03:04:51.138, 0, 92 %, 80 %, 3589 MiB, 49140 MiB, 280.72 W, 300.00 W, 70, 2370 MHz
2026/09/23 03:04:52.139, 0, 93 %, 82 %, 3589 MiB, 49140 MiB, 280.42 W, 300.00 W, 70, 2340 MHz
2026/09/23 03:04:53.140, 0, 91 %, 80 %, 3589 MiB, 49140 MiB, 280.30 W, 300.00 W, 70, 2400 MHz
2026/09/23 03:04:54.141, 0, 91 %, 78 %, 3589 MiB, 49140 MiB, 280.06 W, 300.00 W, 70, 2430 MHz
2026/09/23 03:04:55.142, 0, 89 %, 78 %, 3589 MiB, 49140 MiB, 280.80 W, 300.00 W, 70, 2445 MHz
2026/09/23 03:04:56.143, 0, 90 %, 76 %, 3589 MiB, 49140 MiB, 280.65 W, 300.00 W, 70, 2490 MHz
2026/09/23 03:04:57.144, 0, 93 %, 78 %, 3589 MiB, 49140 MiB, 280.52 W, 300.00 W, 70, 2415 MHz
2026/09/23 03:04:58.145, 0, 82 %, 72 %, 3589 MiB, 49140 MiB, 278.48 W, 300.00 W, 71, 2460 MHz
2026/09/23 03:04:59.146, 0, 66 %, 43 %, 3589 MiB, 49140 MiB, 275.64 W, 300.00 W, 71, 2610 MHz
2026/09/23 03:05:00.146, 0, 0 %, 0 %, 3589 MiB, 49140 MiB, 163.43 W, 300.00 W, 65, 2730 MHz
2026/09/23 03:05:01.147, 0, 0 %, 0 %, 3589 MiB, 49140 MiB, 84.87 W, 300.00 W, 64, 2730 MHz
2026/09/23 03:05:02.147, 0, 89 %, 78 %, 3589 MiB, 49140 MiB, 217.18 W, 300.00 W, 71, 2475 MHz
2026/09/23 03:05:03.149, 0, 95 %, 84 %, 3589 MiB, 49140 MiB, 278.84 W, 300.00 W, 71, 2415 MHz
2026/09/23 03:05:04.150, 0, 94 %, 83 %, 3589 MiB, 49140 MiB, 280.55 W, 300.00 W, 71, 2385 MHz
2026/09/23 03:05:05.151, 0, 92 %, 80 %, 3589 MiB, 49140 MiB, 280.22 W, 300.00 W, 71, 2415 MHz
2026/09/23 03:05:06.152, 0, 87 %, 75 %, 3589 MiB, 49140 MiB, 277.03 W, 300.00 W, 70, 2445 MHz
2026/09/23 03:05:07.153, 0, 90 %, 78 %, 3589 MiB, 49140 MiB, 278.42 W, 300.00 W, 71, 2460 MHz
2026/09/23 03:05:08.154, 0, 92 %, 80 %, 3589 MiB, 49140 MiB, 280.47 W, 300.00 W, 69, 2385 MHz
2026/09/23 03:05:09.155, 0, 93 %, 79 %, 3589 MiB, 49140 MiB, 279.51 W, 300.00 W, 70, 2460 MHz
2026/09/23 03:05:10.156, 0, 92 %, 82 %, 3589 MiB, 49140 MiB, 279.16 W, 300.00 W, 71, 2310 MHz
2026/09/23 03:05:11.158, 0, 92 %, 77 %, 3589 MiB, 49140 MiB, 279.47 W, 300.00 W, 70, 2475 MHz
2026/09/23 03:05:12.159, 0, 89 %, 77 %, 3589 MiB, 49140 MiB, 279.11 W, 300.00 W, 70, 2340 MHz
2026/09/23 03:05:13.160, 0, 62 %, 40 %, 3589 MiB, 49140 MiB, 270.09 W, 300.00 W, 71, 2670 MHz
2026/09/23 03:05:14.161, 0, 0 %, 0 %, 3589 MiB, 49140 MiB, 116.73 W, 300.00 W, 65, 2730 MHz
2026/09/23 03:05:15.161, 0, 86 %, 73 %, 3589 MiB, 49140 MiB, 92.13 W, 300.00 W, 67, 2400 MHz
2026/09/23 03:05:16.162, 0, 93 %, 83 %, 3589 MiB, 49140 MiB, 274.38 W, 300.00 W, 70, 2115 MHz
2026/09/23 03:05:17.163, 0, 90 %, 76 %, 3589 MiB, 49140 MiB, 278.21 W, 300.00 W, 69, 2415 MHz
2026/09/23 03:05:18.164, 0, 93 %, 80 %, 3589 MiB, 49140 MiB, 278.03 W, 300.00 W, 70, 2385 MHz
2026/09/23 03:05:19.165, 0, 93 %, 80 %, 3589 MiB, 49140 MiB, 278.36 W, 300.00 W, 70, 2190 MHz
2026/09/23 03:05:20.166, 0, 93 %, 82 %, 3589 MiB, 49140 MiB, 279.75 W, 300.00 W, 69, 2400 MHz
2026/09/23 03:05:21.167, 0, 88 %, 77 %, 3589 MiB, 49140 MiB, 272.51 W, 300.00 W, 69, 2370 MHz
2026/09/23 03:05:22.167, 0, 86 %, 75 %, 3589 MiB, 49140 MiB, 276.68 W, 300.00 W, 69, 2460 MHz
2026/09/23 03:05:23.168, 0, 93 %, 81 %, 3589 MiB, 49140 MiB, 278.61 W, 300.00 W, 71, 2340 MHz
2026/09/23 03:05:24.169, 0, 87 %, 76 %, 3589 MiB, 49140 MiB, 277.69 W, 300.00 W, 71, 2295 MHz
2026/09/23 03:05:25.170, 0, 92 %, 79 %, 3589 MiB, 49140 MiB, 277.42 W, 300.00 W, 70, 2460 MHz
2026/09/23 03:05:26.170, 0, 88 %, 75 %, 3589 MiB, 49140 MiB, 275.90 W, 300.00 W, 70, 2445 MHz
2026/09/23 03:05:27.171, 0, 31 %, 20 %, 3589 MiB, 49140 MiB, 260.61 W, 300.00 W, 67, 2730 MHz
2026/09/23 03:05:28.171, 0, 89 %, 75 %, 3589 MiB, 49140 MiB, 131.95 W, 300.00 W, 70, 2295 MHz
2026/09/23 03:05:29.173, 0, 89 %, 78 %, 3589 MiB, 49140 MiB, 275.84 W, 300.00 W, 71, 2415 MHz
2026/09/23 03:05:30.174, 0, 95 %, 79 %, 3589 MiB, 49140 MiB, 281.91 W, 300.00 W, 70, 2385 MHz
2026/09/23 03:05:31.175, 0, 87 %, 76 %, 3589 MiB, 49140 MiB, 277.74 W, 300.00 W, 70, 2415 MHz
2026/09/23 03:05:32.176, 0, 88 %, 76 %, 3589 MiB, 49140 MiB, 278.71 W, 300.00 W, 70, 2415 MHz
2026/09/23 03:05:33.176, 0, 88 %, 77 %, 3589 MiB, 49140 MiB, 279.08 W, 300.00 W, 71, 2340 MHz
2026/09/23 03:05:34.177, 0, 91 %, 79 %, 3589 MiB, 49140 MiB, 278.75 W, 300.00 W, 70, 2370 MHz
2026/09/23 03:05:35.178, 0, 90 %, 79 %, 3589 MiB, 49140 MiB, 279.45 W, 300.00 W, 72, 2220 MHz
2026/09/23 03:05:36.179, 0, 89 %, 77 %, 3589 MiB, 49140 MiB, 278.29 W, 300.00 W, 72, 2370 MHz
2026/09/23 03:05:37.180, 0, 85 %, 74 %, 3589 MiB, 49140 MiB, 278.42 W, 300.00 W, 71, 2205 MHz
2026/09/23 03:05:38.181, 0, 91 %, 79 %, 3589 MiB, 49140 MiB, 276.33 W, 300.00 W, 71, 2400 MHz
2026/09/23 03:05:39.182, 0, 87 %, 75 %, 3589 MiB, 49140 MiB, 278.17 W, 300.00 W, 70, 2370 MHz
2026/09/23 03:05:40.182, 0, 9 %, 0 %, 3589 MiB, 49140 MiB, 236.62 W, 300.00 W, 66, 2640 MHz
2026/09/23 03:05:41.183, 0, 0 %, 0 %, 3589 MiB, 49140 MiB, 78.26 W, 300.00 W, 64, 2640 MHz
2026/09/23 03:05:42.183, 0, 92 %, 79 %, 3589 MiB, 49140 MiB, 137.04 W, 300.00 W, 68, 2475 MHz
2026/09/23 03:05:43.184, 0, 93 %, 82 %, 3589 MiB, 49140 MiB, 279.64 W, 300.00 W, 70, 2400 MHz
2026/09/23 03:05:44.185, 0, 94 %, 82 %, 3589 MiB, 49140 MiB, 280.54 W, 300.00 W, 70, 2325 MHz
2026/09/23 03:05:45.186, 0, 90 %, 79 %, 3589 MiB, 49140 MiB, 280.61 W, 300.00 W, 71, 2415 MHz
2026/09/23 03:05:46.187, 0, 92 %, 81 %, 3589 MiB, 49140 MiB, 277.85 W, 300.00 W, 70, 2475 MHz
2026/09/23 03:05:47.188, 0, 93 %, 78 %, 3589 MiB, 49140 MiB, 281.83 W, 300.00 W, 70, 2190 MHz
2026/09/23 03:05:48.189, 0, 95 %, 80 %, 3589 MiB, 49140 MiB, 279.69 W, 300.00 W, 70, 2190 MHz
2026/09/23 03:05:49.190, 0, 92 %, 81 %, 3589 MiB, 49140 MiB, 281.15 W, 300.00 W, 71, 2265 MHz
2026/09/23 03:05:50.191, 0, 90 %, 76 %, 3589 MiB, 49140 MiB, 279.58 W, 300.00 W, 70, 2370 MHz
2026/09/23 03:05:51.191, 0, 93 %, 81 %, 3589 MiB, 49140 MiB, 278.72 W, 300.00 W, 71, 2370 MHz
2026/09/23 03:05:52.192, 0, 91 %, 80 %, 3589 MiB, 49140 MiB, 281.43 W, 300.00 W, 71, 2325 MHz
2026/09/23 03:05:53.193, 0, 88 %, 77 %, 3589 MiB, 49140 MiB, 277.58 W, 300.00 W, 70, 2535 MHz
2026/09/23 03:05:54.194, 0, 0 %, 0 %, 3589 MiB, 49140 MiB, 199.42 W, 300.00 W, 65, 2730 MHz
2026/09/23 03:05:55.194, 0, 94 %, 82 %, 3589 MiB, 49140 MiB, 184.97 W, 300.00 W, 70, 2445 MHz
2026/09/23 03:05:56.195, 0, 95 %, 80 %, 3589 MiB, 49140 MiB, 279.21 W, 300.00 W, 70, 2355 MHz
2026/09/23 03:05:57.195, 0, 92 %, 81 %, 3589 MiB, 49140 MiB, 277.65 W, 300.00 W, 71, 2460 MHz
2026/09/23 03:05:58.196, 0, 93 %, 81 %, 3589 MiB, 49140 MiB, 279.15 W, 300.00 W, 71, 2160 MHz
2026/09/23 03:05:59.196, 0, 90 %, 78 %, 3589 MiB, 49140 MiB, 277.76 W, 300.00 W, 70, 2145 MHz
2026/09/23 03:06:00.197, 0, 92 %, 78 %, 3589 MiB, 49140 MiB, 279.44 W, 300.00 W, 71, 2370 MHz
2026/09/23 03:06:01.198, 0, 88 %, 77 %, 3589 MiB, 49140 MiB, 279.88 W, 300.00 W, 70, 2415 MHz
2026/09/23 03:06:02.198, 0, 90 %, 78 %, 3589 MiB, 49140 MiB, 280.11 W, 300.00 W, 71, 2160 MHz
2026/09/23 03:06:03.199, 0, 91 %, 78 %, 3589 MiB, 49140 MiB, 276.19 W, 300.00 W, 70, 2190 MHz
2026/09/23 03:06:04.199, 0, 89 %, 77 %, 3589 MiB, 49140 MiB, 275.66 W, 300.00 W, 71, 2490 MHz
2026/09/23 03:06:05.200, 0, 91 %, 78 %, 3589 MiB, 49140 MiB, 274.29 W, 300.00 W, 71, 2415 MHz
2026/09/23 03:06:06.202, 0, 73 %, 45 %, 3589 MiB, 49140 MiB, 272.72 W, 300.00 W, 71, 2625 MHz
2026/09/23 03:06:07.202, 0, 0 %, 0 %, 3589 MiB, 49140 MiB, 173.11 W, 300.00 W, 65, 2730 MHz
2026/09/23 03:06:08.203, 0, 89 %, 78 %, 3589 MiB, 49140 MiB, 207.43 W, 300.00 W, 70, 2160 MHz
2026/09/23 03:06:09.204, 0, 88 %, 75 %, 3589 MiB, 49140 MiB, 277.61 W, 300.00 W, 70, 2475 MHz
2026/09/23 03:06:10.205, 0, 91 %, 79 %, 3589 MiB, 49140 MiB, 278.70 W, 300.00 W, 71, 2415 MHz
2026/09/23 03:06:11.206, 0, 92 %, 81 %, 3589 MiB, 49140 MiB, 278.60 W, 300.00 W, 72, 2340 MHz
2026/09/23 03:06:12.207, 0, 90 %, 80 %, 3589 MiB, 49140 MiB, 280.21 W, 300.00 W, 71, 2415 MHz
2026/09/23 03:06:13.208, 0, 89 %, 76 %, 3589 MiB, 49140 MiB, 279.13 W, 300.00 W, 71, 2370 MHz
2026/09/23 03:06:14.209, 0, 89 %, 76 %, 3589 MiB, 49140 MiB, 278.35 W, 300.00 W, 70, 2415 MHz
2026/09/23 03:06:15.210, 0, 93 %, 77 %, 3589 MiB, 49140 MiB, 278.90 W, 300.00 W, 71, 2310 MHz
2026/09/23 03:06:16.211, 0, 96 %, 82 %, 3589 MiB, 49140 MiB, 279.50 W, 300.00 W, 71, 2205 MHz
2026/09/23 03:06:17.212, 0, 90 %, 78 %, 3589 MiB, 49140 MiB, 279.38 W, 300.00 W, 71, 2175 MHz
2026/09/23 03:06:18.213, 0, 86 %, 74 %, 3589 MiB, 49140 MiB, 279.74 W, 300.00 W, 70, 2310 MHz
2026/09/23 03:06:19.214, 0, 66 %, 42 %, 3589 MiB, 49140 MiB, 274.58 W, 300.00 W, 71, 2535 MHz
2026/09/23 03:06:20.215, 0, 0 %, 0 %, 3589 MiB, 49140 MiB, 150.44 W, 300.00 W, 65, 2730 MHz
2026/09/23 03:06:21.216, 0, 89 %, 75 %, 3589 MiB, 49140 MiB, 234.20 W, 300.00 W, 70, 2355 MHz
2026/09/23 03:06:22.217, 0, 89 %, 76 %, 3589 MiB, 49140 MiB, 280.19 W, 300.00 W, 70, 2205 MHz
2026/09/23 03:06:23.217, 0, 95 %, 83 %, 3589 MiB, 49140 MiB, 279.02 W, 300.00 W, 71, 2220 MHz
2026/09/23 03:06:24.218, 0, 93 %, 82 %, 3589 MiB, 49140 MiB, 280.93 W, 300.00 W, 72, 2280 MHz
2026/09/23 03:06:25.219, 0, 86 %, 75 %, 3589 MiB, 49140 MiB, 276.78 W, 300.00 W, 70, 2430 MHz
2026/09/23 03:06:26.219, 0, 82 %, 70 %, 3589 MiB, 49140 MiB, 277.21 W, 300.00 W, 70, 2505 MHz
2026/09/23 03:06:27.220, 0, 87 %, 75 %, 3589 MiB, 49140 MiB, 277.16 W, 300.00 W, 71, 2370 MHz
2026/09/23 03:06:28.221, 0, 95 %, 80 %, 3589 MiB, 49140 MiB, 281.43 W, 300.00 W, 71, 2445 MHz
2026/09/23 03:06:29.224, 0, 94 %, 79 %, 3589 MiB, 49140 MiB, 281.46 W, 300.00 W, 71, 2250 MHz
2026/09/23 03:06:30.224, 0, 90 %, 79 %, 3589 MiB, 49140 MiB, 277.90 W, 300.00 W, 72, 2445 MHz
2026/09/23 03:06:31.226, 0, 91 %, 79 %, 3589 MiB, 49140 MiB, 279.49 W, 300.00 W, 71, 2490 MHz
2026/09/23 03:06:32.226, 0, 64 %, 41 %, 3589 MiB, 49140 MiB, 271.90 W, 300.00 W, 72, 2640 MHz
2026/09/23 03:06:33.227, 0, 0 %, 0 %, 3589 MiB, 49140 MiB, 130.18 W, 300.00 W, 68, 2370 MHz
2026/09/23 03:06:34.228, 0, 92 %, 77 %, 3589 MiB, 49140 MiB, 259.24 W, 300.00 W, 70, 2415 MHz
2026/09/23 03:06:35.229, 0, 93 %, 78 %, 3589 MiB, 49140 MiB, 279.31 W, 300.00 W, 71, 2370 MHz
2026/09/23 03:06:36.230, 0, 92 %, 81 %, 3589 MiB, 49140 MiB, 279.38 W, 300.00 W, 71, 2370 MHz
2026/09/23 03:06:37.230, 0, 93 %, 80 %, 3589 MiB, 49140 MiB, 280.38 W, 300.00 W, 71, 2370 MHz
2026/09/23 03:06:38.231, 0, 92 %, 80 %, 3589 MiB, 49140 MiB, 280.20 W, 300.00 W, 72, 2265 MHz
2026/09/23 03:06:39.232, 0, 91 %, 80 %, 3589 MiB, 49140 MiB, 280.32 W, 300.00 W, 70, 2265 MHz
2026/09/23 03:06:40.232, 0, 91 %, 77 %, 3589 MiB, 49140 MiB, 279.07 W, 300.00 W, 72, 2460 MHz
2026/09/23 03:06:41.233, 0, 92 %, 80 %, 3589 MiB, 49140 MiB, 279.61 W, 300.00 W, 72, 2385 MHz
2026/09/23 03:06:42.234, 0, 88 %, 77 %, 3589 MiB, 49140 MiB, 278.60 W, 300.00 W, 72, 2370 MHz
2026/09/23 03:06:43.235, 0, 93 %, 82 %, 3589 MiB, 49140 MiB, 279.24 W, 300.00 W, 72, 2430 MHz
2026/09/23 03:06:44.237, 0, 91 %, 77 %, 3589 MiB, 49140 MiB, 278.62 W, 300.00 W, 72, 2355 MHz
2026/09/23 03:06:45.238, 0, 62 %, 39 %, 3589 MiB, 49140 MiB, 269.12 W, 300.00 W, 69, 2730 MHz
2026/09/23 03:06:46.238, 0, 91 %, 80 %, 3589 MiB, 49140 MiB, 124.60 W, 300.00 W, 70, 2250 MHz
2026/09/23 03:06:47.239, 0, 92 %, 79 %, 3589 MiB, 49140 MiB, 278.94 W, 300.00 W, 70, 2235 MHz
2026/09/23 03:06:48.242, 0, 91 %, 78 %, 3589 MiB, 49140 MiB, 277.82 W, 300.00 W, 71, 2280 MHz
2026/09/23 03:06:49.244, 0, 88 %, 76 %, 3589 MiB, 49140 MiB, 277.07 W, 300.00 W, 72, 2280 MHz
2026/09/23 03:06:50.244, 0, 92 %, 80 %, 3589 MiB, 49140 MiB, 279.83 W, 300.00 W, 73, 2145 MHz
2026/09/23 03:06:51.245, 0, 90 %, 75 %, 3589 MiB, 49140 MiB, 277.37 W, 300.00 W, 71, 2400 MHz
2026/09/23 03:06:52.245, 0, 92 %, 81 %, 3589 MiB, 49140 MiB, 278.04 W, 300.00 W, 71, 2340 MHz
2026/09/23 03:06:53.246, 0, 95 %, 81 %, 3589 MiB, 49140 MiB, 280.12 W, 300.00 W, 71, 2130 MHz
2026/09/23 03:06:54.247, 0, 95 %, 81 %, 3589 MiB, 49140 MiB, 280.28 W, 300.00 W, 71, 2490 MHz
2026/09/23 03:06:55.248, 0, 92 %, 76 %, 3589 MiB, 49140 MiB, 279.46 W, 300.00 W, 71, 2325 MHz
2026/09/23 03:06:56.249, 0, 91 %, 79 %, 3589 MiB, 49140 MiB, 280.43 W, 300.00 W, 72, 2370 MHz
2026/09/23 03:06:57.249, 0, 91 %, 79 %, 3589 MiB, 49140 MiB, 278.51 W, 300.00 W, 71, 2400 MHz
2026/09/23 03:06:58.250, 0, 0 %, 0 %, 3589 MiB, 49140 MiB, 247.63 W, 300.00 W, 67, 2730 MHz
2026/09/23 03:06:59.251, 0, 90 %, 77 %, 3589 MiB, 49140 MiB, 130.96 W, 300.00 W, 70, 2490 MHz
2026/09/23 03:07:00.252, 0, 85 %, 74 %, 3589 MiB, 49140 MiB, 274.74 W, 300.00 W, 71, 2475 MHz
2026/09/23 03:07:01.254, 0, 91 %, 80 %, 3589 MiB, 49140 MiB, 274.91 W, 300.00 W, 72, 2160 MHz
2026/09/23 03:07:02.255, 0, 89 %, 77 %, 3589 MiB, 49140 MiB, 279.73 W, 300.00 W, 70, 2445 MHz
2026/09/23 03:07:03.256, 0, 91 %, 80 %, 3589 MiB, 49140 MiB, 278.85 W, 300.00 W, 71, 2295 MHz
2026/09/23 03:07:04.257, 0, 90 %, 79 %, 3589 MiB, 49140 MiB, 276.29 W, 300.00 W, 70, 2340 MHz
2026/09/23 03:07:05.258, 0, 92 %, 80 %, 3589 MiB, 49140 MiB, 279.98 W, 300.00 W, 71, 2325 MHz
2026/09/23 03:07:06.259, 0, 94 %, 82 %, 3589 MiB, 49140 MiB, 280.43 W, 300.00 W, 72, 2340 MHz
2026/09/23 03:07:07.260, 0, 87 %, 75 %, 3589 MiB, 49140 MiB, 278.61 W, 300.00 W, 70, 2490 MHz
2026/09/23 03:07:08.261, 0, 92 %, 80 %, 3589 MiB, 49140 MiB, 279.44 W, 300.00 W, 71, 2445 MHz
2026/09/23 03:07:09.262, 0, 94 %, 80 %, 3589 MiB, 49140 MiB, 280.02 W, 300.00 W, 71, 2400 MHz
2026/09/23 03:07:10.263, 0, 89 %, 77 %, 3589 MiB, 49140 MiB, 280.29 W, 300.00 W, 71, 2400 MHz
2026/09/23 03:07:11.264, 0, 0 %, 0 %, 3589 MiB, 49140 MiB, 205.78 W, 300.00 W, 66, 2730 MHz
2026/09/23 03:07:12.264, 0, 93 %, 78 %, 3589 MiB, 49140 MiB, 172.25 W, 300.00 W, 70, 2475 MHz
2026/09/23 03:07:13.265, 0, 86 %, 74 %, 3589 MiB, 49140 MiB, 272.62 W, 300.00 W, 72, 2430 MHz
2026/09/23 03:07:14.265, 0, 91 %, 80 %, 3589 MiB, 49140 MiB, 276.59 W, 300.00 W, 72, 2115 MHz
2026/09/23 03:07:15.266, 0, 94 %, 83 %, 3589 MiB, 49140 MiB, 279.48 W, 300.00 W, 71, 2445 MHz
2026/09/23 03:07:16.267, 0, 93 %, 81 %, 3589 MiB, 49140 MiB, 278.78 W, 300.00 W, 72, 2250 MHz
2026/09/23 03:07:17.268, 0, 94 %, 83 %, 3589 MiB, 49140 MiB, 278.05 W, 300.00 W, 72, 2115 MHz
2026/09/23 03:07:18.269, 0, 94 %, 80 %, 3589 MiB, 49140 MiB, 278.71 W, 300.00 W, 71, 2385 MHz
2026/09/23 03:07:19.270, 0, 90 %, 75 %, 3589 MiB, 49140 MiB, 279.34 W, 300.00 W, 71, 2430 MHz
2026/09/23 03:07:20.271, 0, 94 %, 79 %, 3589 MiB, 49140 MiB, 281.16 W, 300.00 W, 72, 2235 MHz
2026/09/23 03:07:21.271, 0, 91 %, 79 %, 3589 MiB, 49140 MiB, 278.99 W, 300.00 W, 71, 2385 MHz
2026/09/23 03:07:22.273, 0, 94 %, 80 %, 3589 MiB, 49140 MiB, 279.55 W, 300.00 W, 72, 2205 MHz
2026/09/23 03:07:23.274, 0, 66 %, 43 %, 3589 MiB, 49140 MiB, 277.16 W, 300.00 W, 71, 2550 MHz
2026/09/23 03:07:24.274, 0, 0 %, 0 %, 3589 MiB, 49140 MiB, 183.61 W, 300.00 W, 66, 2730 MHz
2026/09/23 03:07:25.275, 0, 86 %, 75 %, 3589 MiB, 49140 MiB, 193.65 W, 300.00 W, 71, 2475 MHz
2026/09/23 03:07:26.275, 0, 91 %, 78 %, 3589 MiB, 49140 MiB, 278.43 W, 300.00 W, 72, 2160 MHz
2026/09/23 03:07:27.276, 0, 92 %, 78 %, 3589 MiB, 49140 MiB, 278.23 W, 300.00 W, 72, 2220 MHz
2026/09/23 03:07:28.277, 0, 90 %, 77 %, 3589 MiB, 49140 MiB, 277.77 W, 300.00 W, 72, 2310 MHz
2026/09/23 03:07:29.280, 0, 92 %, 81 %, 3589 MiB, 49140 MiB, 278.64 W, 300.00 W, 72, 2280 MHz
2026/09/23 03:07:30.280, 0, 88 %, 77 %, 3589 MiB, 49140 MiB, 277.69 W, 300.00 W, 70, 2475 MHz
2026/09/23 03:07:31.281, 0, 92 %, 78 %, 3589 MiB, 49140 MiB, 280.22 W, 300.00 W, 71, 2385 MHz
2026/09/23 03:07:32.283, 0, 94 %, 79 %, 3589 MiB, 49140 MiB, 280.27 W, 300.00 W, 72, 2280 MHz
2026/09/23 03:07:33.284, 0, 87 %, 77 %, 3589 MiB, 49140 MiB, 279.92 W, 300.00 W, 71, 2445 MHz
2026/09/23 03:07:34.285, 0, 93 %, 79 %, 3589 MiB, 49140 MiB, 278.65 W, 300.00 W, 72, 2400 MHz
2026/09/23 03:07:35.285, 0, 90 %, 79 %, 3589 MiB, 49140 MiB, 280.33 W, 300.00 W, 71, 2490 MHz
2026/09/23 03:07:36.286, 0, 77 %, 48 %, 3589 MiB, 49140 MiB, 276.60 W, 300.00 W, 73, 2505 MHz
2026/09/23 03:07:37.287, 0, 0 %, 0 %, 3589 MiB, 49140 MiB, 162.26 W, 300.00 W, 66, 2730 MHz
2026/09/23 03:07:38.288, 0, 93 %, 78 %, 3589 MiB, 49140 MiB, 216.13 W, 300.00 W, 71, 2130 MHz
2026/09/23 03:07:39.289, 0, 93 %, 80 %, 3589 MiB, 49140 MiB, 280.28 W, 300.00 W, 70, 2370 MHz
2026/09/23 03:07:40.289, 0, 92 %, 81 %, 3589 MiB, 49140 MiB, 281.83 W, 300.00 W, 71, 2415 MHz
2026/09/23 03:07:41.291, 0, 91 %, 78 %, 3589 MiB, 49140 MiB, 283.51 W, 300.00 W, 72, 2325 MHz
2026/09/23 03:07:42.292, 0, 91 %, 79 %, 3589 MiB, 49140 MiB, 282.86 W, 300.00 W, 72, 2370 MHz
2026/09/23 03:07:43.293, 0, 90 %, 78 %, 3589 MiB, 49140 MiB, 283.11 W, 300.00 W, 72, 2430 MHz
2026/09/23 03:07:44.294, 0, 90 %, 77 %, 3589 MiB, 49140 MiB, 282.78 W, 300.00 W, 72, 2325 MHz
2026/09/23 03:07:45.294, 0, 92 %, 80 %, 3589 MiB, 49140 MiB, 282.68 W, 300.00 W, 71, 2400 MHz
2026/09/23 03:07:46.295, 0, 91 %, 80 %, 3589 MiB, 49140 MiB, 283.12 W, 300.00 W, 71, 2400 MHz
2026/09/23 03:07:47.297, 0, 93 %, 80 %, 3589 MiB, 49140 MiB, 281.35 W, 300.00 W, 73, 2340 MHz
2026/09/23 03:07:48.298, 0, 93 %, 80 %, 3589 MiB, 49140 MiB, 283.03 W, 300.00 W, 72, 2340 MHz
2026/09/23 03:07:49.299, 0, 69 %, 44 %, 3589 MiB, 49140 MiB, 277.87 W, 300.00 W, 73, 2535 MHz
2026/09/23 03:07:50.299, 0, 0 %, 0 %, 3589 MiB, 49140 MiB, 145.31 W, 300.00 W, 66, 2730 MHz
2026/09/23 03:07:51.300, 0, 87 %, 74 %, 3589 MiB, 49140 MiB, 238.64 W, 300.00 W, 72, 2355 MHz
2026/09/23 03:07:52.301, 0, 91 %, 77 %, 3589 MiB, 49140 MiB, 278.83 W, 300.00 W, 72, 2340 MHz
2026/09/23 03:07:53.302, 0, 93 %, 79 %, 3589 MiB, 49140 MiB, 279.42 W, 300.00 W, 72, 2280 MHz
2026/09/23 03:07:54.303, 0, 89 %, 74 %, 3589 MiB, 49140 MiB, 276.66 W, 300.00 W, 72, 2370 MHz
2026/09/23 03:07:55.305, 0, 95 %, 80 %, 3589 MiB, 49140 MiB, 279.24 W, 300.00 W, 70, 2130 MHz
2026/09/23 03:07:56.306, 0, 95 %, 81 %, 3589 MiB, 49140 MiB, 280.67 W, 300.00 W, 72, 2160 MHz
2026/09/23 03:07:57.306, 0, 95 %, 80 %, 3589 MiB, 49140 MiB, 281.15 W, 300.00 W, 72, 2130 MHz
2026/09/23 03:07:58.307, 0, 91 %, 80 %, 3589 MiB, 49140 MiB, 280.07 W, 300.00 W, 71, 2115 MHz
2026/09/23 03:07:59.308, 0, 86 %, 75 %, 3589 MiB, 49140 MiB, 280.11 W, 300.00 W, 72, 2460 MHz
2026/09/23 03:08:00.309, 0, 92 %, 81 %, 3589 MiB, 49140 MiB, 278.48 W, 300.00 W, 71, 2175 MHz
2026/09/23 03:08:01.310, 0, 95 %, 81 %, 3589 MiB, 49140 MiB, 278.18 W, 300.00 W, 71, 2310 MHz
2026/09/23 03:08:02.311, 0, 64 %, 41 %, 3589 MiB, 49140 MiB, 269.69 W, 300.00 W, 72, 2535 MHz
2026/09/23 03:08:03.311, 0, 26 %, 21 %, 3589 MiB, 49140 MiB, 130.82 W, 300.00 W, 66, 2580 MHz
2026/09/23 03:08:04.312, 0, 95 %, 83 %, 3589 MiB, 49140 MiB, 271.46 W, 300.00 W, 71, 2415 MHz
2026/09/23 03:08:05.313, 0, 90 %, 78 %, 3589 MiB, 49140 MiB, 285.33 W, 300.00 W, 71, 2280 MHz
2026/09/23 03:08:06.316, 0, 91 %, 79 %, 3589 MiB, 49140 MiB, 283.18 W, 300.00 W, 71, 2205 MHz
2026/09/23 03:08:07.316, 0, 89 %, 78 %, 3589 MiB, 49140 MiB, 282.39 W, 300.00 W, 71, 2250 MHz
2026/09/23 03:08:08.318, 0, 88 %, 77 %, 3589 MiB, 49140 MiB, 280.35 W, 300.00 W, 71, 2460 MHz
2026/09/23 03:08:09.319, 0, 89 %, 75 %, 3589 MiB, 49140 MiB, 279.57 W, 300.00 W, 72, 2355 MHz
2026/09/23 03:08:10.320, 0, 91 %, 80 %, 3589 MiB, 49140 MiB, 280.76 W, 300.00 W, 71, 2445 MHz
2026/09/23 03:08:11.321, 0, 96 %, 82 %, 3589 MiB, 49140 MiB, 282.01 W, 300.00 W, 71, 2205 MHz
2026/09/23 03:08:12.322, 0, 92 %, 78 %, 3589 MiB, 49140 MiB, 282.22 W, 300.00 W, 71, 2400 MHz
2026/09/23 03:08:13.323, 0, 88 %, 78 %, 3589 MiB, 49140 MiB, 281.25 W, 300.00 W, 71, 2490 MHz
2026/09/23 03:08:14.323, 0, 93 %, 82 %, 3589 MiB, 49140 MiB, 281.64 W, 300.00 W, 72, 2370 MHz
2026/09/23 03:08:15.325, 0, 60 %, 39 %, 3589 MiB, 49140 MiB, 267.16 W, 300.00 W, 71, 2625 MHz
2026/09/23 03:08:16.325, 0, 72 %, 62 %, 3589 MiB, 49140 MiB, 123.18 W, 300.00 W, 68, 2190 MHz
2026/09/23 03:08:17.325, 0, 94 %, 79 %, 3589 MiB, 49140 MiB, 275.05 W, 300.00 W, 72, 2295 MHz
2026/09/23 03:08:18.327, 0, 93 %, 78 %, 3589 MiB, 49140 MiB, 275.35 W, 300.00 W, 71, 2220 MHz
2026/09/23 03:08:19.327, 0, 91 %, 76 %, 3589 MiB, 49140 MiB, 279.04 W, 300.00 W, 72, 2295 MHz
2026/09/23 03:08:20.329, 0, 89 %, 77 %, 3589 MiB, 49140 MiB, 277.98 W, 300.00 W, 70, 2460 MHz
2026/09/23 03:08:21.330, 0, 90 %, 79 %, 3589 MiB, 49140 MiB, 278.26 W, 300.00 W, 71, 2385 MHz
2026/09/23 03:08:22.330, 0, 89 %, 77 %, 3589 MiB, 49140 MiB, 278.17 W, 300.00 W, 72, 2370 MHz
2026/09/23 03:08:23.331, 0, 94 %, 81 %, 3589 MiB, 49140 MiB, 280.29 W, 300.00 W, 72, 2415 MHz
2026/09/23 03:08:24.331, 0, 93 %, 79 %, 3589 MiB, 49140 MiB, 280.58 W, 300.00 W, 71, 2370 MHz
2026/09/23 03:08:25.332, 0, 90 %, 79 %, 3589 MiB, 49140 MiB, 279.07 W, 300.00 W, 70, 2445 MHz
2026/09/23 03:08:26.333, 0, 92 %, 81 %, 3589 MiB, 49140 MiB, 279.70 W, 300.00 W, 71, 2415 MHz
2026/09/23 03:08:27.334, 0, 92 %, 78 %, 3589 MiB, 49140 MiB, 278.35 W, 300.00 W, 72, 2265 MHz
2026/09/23 03:08:28.335, 0, 8 %, 5 %, 3589 MiB, 49140 MiB, 254.60 W, 300.00 W, 69, 2730 MHz
2026/09/23 03:08:29.336, 0, 92 %, 77 %, 3589 MiB, 49140 MiB, 133.34 W, 300.00 W, 71, 2460 MHz
2026/09/23 03:08:30.336, 0, 91 %, 77 %, 3589 MiB, 49140 MiB, 280.55 W, 300.00 W, 72, 2190 MHz
2026/09/23 03:08:31.337, 0, 93 %, 80 %, 3589 MiB, 49140 MiB, 283.40 W, 300.00 W, 72, 2205 MHz
2026/09/23 03:08:32.338, 0, 88 %, 77 %, 3589 MiB, 49140 MiB, 280.39 W, 300.00 W, 71, 2340 MHz
2026/09/23 03:08:33.339, 0, 93 %, 79 %, 3589 MiB, 49140 MiB, 281.90 W, 300.00 W, 72, 2310 MHz
2026/09/23 03:08:34.339, 0, 92 %, 82 %, 3589 MiB, 49140 MiB, 284.15 W, 300.00 W, 72, 2430 MHz
2026/09/23 03:08:35.340, 0, 83 %, 73 %, 3589 MiB, 49140 MiB, 282.93 W, 300.00 W, 71, 2445 MHz
2026/09/23 03:08:36.341, 0, 94 %, 79 %, 3589 MiB, 49140 MiB, 281.23 W, 300.00 W, 72, 2415 MHz
2026/09/23 03:08:37.342, 0, 90 %, 78 %, 3589 MiB, 49140 MiB, 284.00 W, 300.00 W, 71, 2355 MHz
2026/09/23 03:08:38.343, 0, 94 %, 80 %, 3589 MiB, 49140 MiB, 283.87 W, 300.00 W, 72, 2295 MHz
2026/09/23 03:08:39.344, 0, 93 %, 80 %, 3589 MiB, 49140 MiB, 284.66 W, 300.00 W, 72, 2325 MHz
2026/09/23 03:08:40.344, 0, 91 %, 78 %, 3589 MiB, 49140 MiB, 282.39 W, 300.00 W, 72, 2385 MHz
2026/09/23 03:08:41.345, 0, 0 %, 0 %, 3589 MiB, 49140 MiB, 229.34 W, 300.00 W, 67, 2730 MHz
2026/09/23 03:08:42.346, 0, 87 %, 75 %, 3589 MiB, 49140 MiB, 158.49 W, 300.00 W, 71, 2310 MHz
2026/09/23 03:08:43.346, 0, 92 %, 81 %, 3589 MiB, 49140 MiB, 278.47 W, 300.00 W, 72, 2415 MHz
2026/09/23 03:08:44.348, 0, 90 %, 76 %, 3589 MiB, 49140 MiB, 278.70 W, 300.00 W, 71, 2370 MHz
2026/09/23 03:08:45.348, 0, 96 %, 80 %, 3589 MiB, 49140 MiB, 281.20 W, 300.00 W, 71, 2310 MHz
2026/09/23 03:08:46.349, 0, 94 %, 82 %, 3589 MiB, 49140 MiB, 279.23 W, 300.00 W, 71, 2115 MHz
2026/09/23 03:08:47.350, 0, 93 %, 81 %, 3589 MiB, 49140 MiB, 279.87 W, 300.00 W, 71, 2235 MHz
2026/09/23 03:08:48.351, 0, 94 %, 80 %, 3589 MiB, 49140 MiB, 282.94 W, 300.00 W, 72, 2265 MHz
2026/09/23 03:08:49.352, 0, 93 %, 79 %, 3589 MiB, 49140 MiB, 280.76 W, 300.00 W, 72, 2175 MHz
2026/09/23 03:08:50.353, 0, 88 %, 75 %, 3589 MiB, 49140 MiB, 278.80 W, 300.00 W, 72, 2400 MHz
2026/09/23 03:08:51.353, 0, 89 %, 75 %, 3589 MiB, 49140 MiB, 278.46 W, 300.00 W, 71, 2385 MHz
2026/09/23 03:08:52.354, 0, 92 %, 80 %, 3589 MiB, 49140 MiB, 279.12 W, 300.00 W, 71, 2205 MHz
2026/09/23 03:08:53.354, 0, 87 %, 73 %, 3589 MiB, 49140 MiB, 279.68 W, 300.00 W, 73, 2400 MHz
2026/09/23 03:08:54.355, 0, 0 %, 0 %, 3589 MiB, 49140 MiB, 197.60 W, 300.00 W, 66, 2730 MHz
2026/09/23 03:08:55.356, 0, 87 %, 77 %, 3589 MiB, 49140 MiB, 184.81 W, 300.00 W, 73, 2445 MHz
2026/09/23 03:08:56.356, 0, 85 %, 72 %, 3589 MiB, 49140 MiB, 281.38 W, 300.00 W, 71, 2430 MHz
2026/09/23 03:08:57.357, 0, 91 %, 80 %, 3589 MiB, 49140 MiB, 282.07 W, 300.00 W, 72, 2310 MHz
2026/09/23 03:08:58.358, 0, 90 %, 80 %, 3589 MiB, 49140 MiB, 282.26 W, 300.00 W, 72, 2385 MHz
2026/09/23 03:08:59.359, 0, 93 %, 83 %, 3589 MiB, 49140 MiB, 284.18 W, 300.00 W, 73, 2385 MHz
2026/09/23 03:09:00.360, 0, 87 %, 76 %, 3589 MiB, 49140 MiB, 284.61 W, 300.00 W, 73, 2475 MHz
2026/09/23 03:09:01.361, 0, 87 %, 77 %, 3589 MiB, 49140 MiB, 283.26 W, 300.00 W, 73, 2355 MHz
2026/09/23 03:09:02.361, 0, 90 %, 79 %, 3589 MiB, 49140 MiB, 283.82 W, 300.00 W, 73, 2415 MHz
2026/09/23 03:09:03.362, 0, 89 %, 76 %, 3589 MiB, 49140 MiB, 283.64 W, 300.00 W, 72, 2370 MHz
2026/09/23 03:09:04.364, 0, 90 %, 77 %, 3589 MiB, 49140 MiB, 283.39 W, 300.00 W, 72, 2235 MHz
2026/09/23 03:09:05.364, 0, 90 %, 77 %, 3589 MiB, 49140 MiB, 283.77 W, 300.00 W, 72, 2370 MHz
2026/09/23 03:09:06.365, 0, 78 %, 49 %, 3589 MiB, 49140 MiB, 283.49 W, 300.00 W, 73, 2475 MHz
2026/09/23 03:09:07.366, 0, 0 %, 0 %, 3589 MiB, 49140 MiB, 175.72 W, 300.00 W, 66, 2730 MHz
2026/09/23 03:09:08.366, 0, 93 %, 82 %, 3589 MiB, 49140 MiB, 212.04 W, 300.00 W, 72, 2340 MHz
2026/09/23 03:09:09.367, 0, 93 %, 78 %, 3589 MiB, 49140 MiB, 278.21 W, 300.00 W, 71, 2415 MHz
2026/09/23 03:09:10.368, 0, 88 %, 77 %, 3589 MiB, 49140 MiB, 279.02 W, 300.00 W, 72, 2160 MHz
2026/09/23 03:09:11.370, 0, 87 %, 77 %, 3589 MiB, 49140 MiB, 277.42 W, 300.00 W, 72, 2370 MHz
2026/09/23 03:09:12.371, 0, 88 %, 74 %, 3589 MiB, 49140 MiB, 277.68 W, 300.00 W, 72, 2460 MHz
2026/09/23 03:09:13.371, 0, 95 %, 80 %, 3589 MiB, 49140 MiB, 280.67 W, 300.00 W, 72, 2250 MHz
2026/09/23 03:09:14.372, 0, 91 %, 80 %, 3589 MiB, 49140 MiB, 278.59 W, 300.00 W, 72, 2235 MHz
2026/09/23 03:09:15.372, 0, 82 %, 72 %, 3589 MiB, 49140 MiB, 277.85 W, 300.00 W, 72, 2505 MHz
2026/09/23 03:09:16.373, 0, 94 %, 82 %, 3589 MiB, 49140 MiB, 279.42 W, 300.00 W, 72, 2100 MHz
2026/09/23 03:09:17.374, 0, 92 %, 78 %, 3589 MiB, 49140 MiB, 281.43 W, 300.00 W, 71, 2415 MHz
2026/09/23 03:09:18.374, 0, 90 %, 77 %, 3589 MiB, 49140 MiB, 279.48 W, 300.00 W, 72, 2475 MHz
2026/09/23 03:09:19.375, 0, 72 %, 46 %, 3589 MiB, 49140 MiB, 275.65 W, 300.00 W, 71, 2580 MHz
2026/09/23 03:09:20.376, 0, 0 %, 0 %, 3589 MiB, 49140 MiB, 155.02 W, 300.00 W, 66, 2730 MHz
2026/09/23 03:09:21.377, 0, 87 %, 76 %, 3589 MiB, 49140 MiB, 234.48 W, 300.00 W, 72, 2445 MHz
2026/09/23 03:09:22.377, 0, 89 %, 78 %, 3589 MiB, 49140 MiB, 279.14 W, 300.00 W, 72, 2160 MHz
2026/09/23 03:09:23.379, 0, 90 %, 78 %, 3589 MiB, 49140 MiB, 279.10 W, 300.00 W, 71, 2355 MHz
2026/09/23 03:09:24.380, 0, 89 %, 76 %, 3589 MiB, 49140 MiB, 278.55 W, 300.00 W, 71, 2355 MHz
2026/09/23 03:09:25.380, 0, 88 %, 76 %, 3589 MiB, 49140 MiB, 277.89 W, 300.00 W, 71, 2370 MHz
2026/09/23 03:09:26.381, 0, 89 %, 75 %, 3589 MiB, 49140 MiB, 279.10 W, 300.00 W, 71, 2445 MHz
2026/09/23 03:09:27.382, 0, 90 %, 77 %, 3589 MiB, 49140 MiB, 277.61 W, 300.00 W, 72, 2415 MHz
2026/09/23 03:09:28.383, 0, 88 %, 78 %, 3589 MiB, 49140 MiB, 279.03 W, 300.00 W, 72, 2190 MHz
2026/09/23 03:09:29.384, 0, 90 %, 78 %, 3589 MiB, 49140 MiB, 279.76 W, 300.00 W, 72, 2280 MHz
2026/09/23 03:09:30.385, 0, 91 %, 80 %, 3589 MiB, 49140 MiB, 278.09 W, 300.00 W, 72, 2460 MHz
2026/09/23 03:09:31.386, 0, 84 %, 73 %, 3589 MiB, 49140 MiB, 278.48 W, 300.00 W, 71, 2475 MHz
2026/09/23 03:09:32.389, 0, 64 %, 42 %, 3589 MiB, 49140 MiB, 274.59 W, 300.00 W, 71, 2595 MHz
2026/09/23 03:09:33.390, 0, 0 %, 0 %, 3589 MiB, 49140 MiB, 139.34 W, 300.00 W, 66, 2730 MHz
2026/09/23 03:09:34.391, 0, 88 %, 75 %, 3589 MiB, 49140 MiB, 249.41 W, 300.00 W, 71, 2460 MHz
2026/09/23 03:09:35.392, 0, 89 %, 79 %, 3589 MiB, 49140 MiB, 281.64 W, 300.00 W, 72, 2355 MHz
2026/09/23 03:09:36.392, 0, 89 %, 80 %, 3589 MiB, 49140 MiB, 283.28 W, 300.00 W, 72, 2175 MHz
2026/09/23 03:09:37.393, 0, 83 %, 73 %, 3589 MiB, 49140 MiB, 281.95 W, 300.00 W, 72, 2370 MHz
2026/09/23 03:09:38.394, 0, 91 %, 77 %, 3589 MiB, 49140 MiB, 280.82 W, 300.00 W, 71, 2400 MHz
2026/09/23 03:09:39.395, 0, 88 %, 77 %, 3589 MiB, 49140 MiB, 281.67 W, 300.00 W, 71, 2310 MHz
2026/09/23 03:09:40.396, 0, 95 %, 81 %, 3589 MiB, 49140 MiB, 282.55 W, 300.00 W, 72, 2340 MHz
2026/09/23 03:09:41.396, 0, 92 %, 81 %, 3589 MiB, 49140 MiB, 281.32 W, 300.00 W, 70, 2355 MHz
2026/09/23 03:09:42.397, 0, 95 %, 79 %, 3589 MiB, 49140 MiB, 283.20 W, 300.00 W, 71, 2265 MHz
2026/09/23 03:09:43.398, 0, 90 %, 80 %, 3589 MiB, 49140 MiB, 284.42 W, 300.00 W, 73, 2130 MHz
2026/09/23 03:09:44.399, 0, 93 %, 81 %, 3589 MiB, 49140 MiB, 282.39 W, 300.00 W, 73, 2280 MHz
2026/09/23 03:09:45.399, 0, 64 %, 42 %, 3589 MiB, 49140 MiB, 271.57 W, 300.00 W, 72, 2655 MHz
2026/09/23 03:09:46.400, 0, 65 %, 55 %, 3589 MiB, 49140 MiB, 128.04 W, 300.00 W, 70, 2430 MHz
2026/09/23 03:09:47.401, 0, 87 %, 76 %, 3589 MiB, 49140 MiB, 271.31 W, 300.00 W, 70, 2385 MHz
2026/09/23 03:09:48.402, 0, 87 %, 76 %, 3589 MiB, 49140 MiB, 275.47 W, 300.00 W, 73, 2130 MHz
2026/09/23 03:09:49.403, 0, 90 %, 76 %, 3589 MiB, 49140 MiB, 274.76 W, 300.00 W, 71, 2370 MHz
2026/09/23 03:09:50.403, 0, 92 %, 80 %, 3589 MiB, 49140 MiB, 276.60 W, 300.00 W, 71, 2310 MHz
2026/09/23 03:09:51.404, 0, 89 %, 78 %, 3589 MiB, 49140 MiB, 278.04 W, 300.00 W, 73, 2160 MHz
2026/09/23 03:09:52.406, 0, 90 %, 79 %, 3589 MiB, 49140 MiB, 279.00 W, 300.00 W, 71, 2265 MHz
2026/09/23 03:09:53.407, 0, 94 %, 83 %, 3589 MiB, 49140 MiB, 280.61 W, 300.00 W, 72, 2085 MHz
2026/09/23 03:09:54.407, 0, 89 %, 79 %, 3589 MiB, 49140 MiB, 280.04 W, 300.00 W, 72, 2100 MHz
2026/09/23 03:09:55.408, 0, 93 %, 79 %, 3589 MiB, 49140 MiB, 280.26 W, 300.00 W, 72, 2295 MHz
2026/09/23 03:09:56.409, 0, 85 %, 75 %, 3589 MiB, 49140 MiB, 277.75 W, 300.00 W, 72, 2235 MHz
2026/09/23 03:09:57.410, 0, 88 %, 77 %, 3589 MiB, 49140 MiB, 276.21 W, 300.00 W, 72, 2385 MHz
2026/09/23 03:09:58.411, 0, 61 %, 39 %, 3589 MiB, 49140 MiB, 266.80 W, 300.00 W, 69, 2730 MHz
2026/09/23 03:09:59.411, 0, 89 %, 77 %, 3589 MiB, 49140 MiB, 124.88 W, 300.00 W, 71, 2520 MHz
2026/09/23 03:10:00.412, 0, 92 %, 77 %, 3589 MiB, 49140 MiB, 283.00 W, 300.00 W, 70, 2445 MHz
2026/09/23 03:10:01.413, 0, 94 %, 79 %, 3589 MiB, 49140 MiB, 282.70 W, 300.00 W, 72, 2190 MHz
2026/09/23 03:10:02.414, 0, 91 %, 76 %, 3589 MiB, 49140 MiB, 281.78 W, 300.00 W, 71, 2430 MHz
2026/09/23 03:10:03.415, 0, 89 %, 76 %, 3589 MiB, 49140 MiB, 280.61 W, 300.00 W, 71, 2460 MHz
2026/09/23 03:10:04.416, 0, 91 %, 81 %, 3589 MiB, 49140 MiB, 281.72 W, 300.00 W, 73, 2160 MHz
2026/09/23 03:10:05.416, 0, 90 %, 79 %, 3589 MiB, 49140 MiB, 283.10 W, 300.00 W, 72, 2220 MHz
2026/09/23 03:10:06.417, 0, 92 %, 78 %, 3589 MiB, 49140 MiB, 281.35 W, 300.00 W, 72, 2415 MHz
2026/09/23 03:10:07.418, 0, 90 %, 79 %, 3589 MiB, 49140 MiB, 282.33 W, 300.00 W, 72, 2190 MHz
2026/09/23 03:10:08.419, 0, 93 %, 80 %, 3589 MiB, 49140 MiB, 282.52 W, 300.00 W, 71, 2355 MHz
2026/09/23 03:10:09.420, 0, 88 %, 75 %, 3589 MiB, 49140 MiB, 281.25 W, 300.00 W, 72, 2460 MHz
2026/09/23 03:10:10.421, 0, 85 %, 75 %, 3589 MiB, 49140 MiB, 281.64 W, 300.00 W, 72, 2355 MHz
2026/09/23 03:10:11.421, 0, 6 %, 3 %, 3589 MiB, 49140 MiB, 257.51 W, 300.00 W, 67, 2730 MHz
2026/09/23 03:10:12.422, 0, 92 %, 77 %, 3589 MiB, 49140 MiB, 133.36 W, 300.00 W, 71, 2340 MHz
2026/09/23 03:10:13.423, 0, 91 %, 77 %, 3589 MiB, 49140 MiB, 280.82 W, 300.00 W, 71, 2370 MHz
2026/09/23 03:10:14.424, 0, 94 %, 79 %, 3589 MiB, 49140 MiB, 278.68 W, 300.00 W, 71, 2370 MHz
2026/09/23 03:10:15.425, 0, 89 %, 75 %, 3589 MiB, 49140 MiB, 279.48 W, 300.00 W, 71, 2190 MHz
2026/09/23 03:10:16.426, 0, 90 %, 79 %, 3589 MiB, 49140 MiB, 278.72 W, 300.00 W, 72, 2175 MHz
2026/09/23 03:10:17.427, 0, 90 %, 76 %, 3589 MiB, 49140 MiB, 277.66 W, 300.00 W, 71, 2415 MHz
2026/09/23 03:10:18.428, 0, 90 %, 77 %, 3589 MiB, 49140 MiB, 278.71 W, 300.00 W, 72, 2400 MHz
2026/09/23 03:10:19.429, 0, 93 %, 79 %, 3589 MiB, 49140 MiB, 278.99 W, 300.00 W, 72, 2310 MHz
2026/09/23 03:10:20.430, 0, 89 %, 78 %, 3589 MiB, 49140 MiB, 280.31 W, 300.00 W, 71, 2430 MHz
2026/09/23 03:10:21.431, 0, 87 %, 76 %, 3589 MiB, 49140 MiB, 280.36 W, 300.00 W, 73, 2340 MHz
2026/09/23 03:10:22.431, 0, 92 %, 79 %, 3589 MiB, 49140 MiB, 278.80 W, 300.00 W, 72, 2325 MHz
2026/09/23 03:10:23.432, 0, 92 %, 79 %, 3589 MiB, 49140 MiB, 278.84 W, 300.00 W, 72, 2310 MHz
2026/09/23 03:10:24.433, 0, 0 %, 0 %, 3589 MiB, 49140 MiB, 220.16 W, 300.00 W, 67, 2730 MHz
2026/09/23 03:10:25.434, 0, 92 %, 78 %, 3589 MiB, 49140 MiB, 165.44 W, 300.00 W, 71, 2340 MHz
2026/09/23 03:10:26.435, 0, 88 %, 73 %, 3589 MiB, 49140 MiB, 281.73 W, 300.00 W, 71, 2190 MHz
2026/09/23 03:10:27.436, 0, 87 %, 76 %, 3589 MiB, 49140 MiB, 280.83 W, 300.00 W, 71, 2280 MHz
2026/09/23 03:10:28.437, 0, 93 %, 80 %, 3589 MiB, 49140 MiB, 281.16 W, 300.00 W, 71, 2295 MHz
2026/09/23 03:10:29.438, 0, 87 %, 76 %, 3589 MiB, 49140 MiB, 283.16 W, 300.00 W, 71, 2145 MHz
2026/09/23 03:10:30.439, 0, 93 %, 79 %, 3589 MiB, 49140 MiB, 281.92 W, 300.00 W, 71, 2430 MHz
2026/09/23 03:10:31.440, 0, 94 %, 80 %, 3589 MiB, 49140 MiB, 282.08 W, 300.00 W, 71, 2070 MHz
2026/09/23 03:10:32.442, 0, 92 %, 81 %, 3589 MiB, 49140 MiB, 281.69 W, 300.00 W, 73, 2280 MHz
2026/09/23 03:10:33.443, 0, 92 %, 80 %, 3589 MiB, 49140 MiB, 282.64 W, 300.00 W, 72, 2400 MHz
2026/09/23 03:10:34.444, 0, 88 %, 79 %, 3589 MiB, 49140 MiB, 282.17 W, 300.00 W, 72, 2325 MHz
2026/09/23 03:10:35.445, 0, 89 %, 76 %, 3589 MiB, 49140 MiB, 284.43 W, 300.00 W, 71, 2415 MHz
2026/09/23 03:10:36.445, 0, 78 %, 58 %, 3589 MiB, 49140 MiB, 282.40 W, 300.00 W, 72, 2490 MHz
2026/09/23 03:10:37.446, 0, 0 %, 0 %, 3589 MiB, 49140 MiB, 191.27 W, 300.00 W, 66, 2730 MHz
2026/09/23 03:10:38.446, 0, 90 %, 77 %, 3589 MiB, 49140 MiB, 189.90 W, 300.00 W, 71, 2400 MHz
2026/09/23 03:10:39.447, 0, 92 %, 80 %, 3589 MiB, 49140 MiB, 275.97 W, 300.00 W, 72, 2355 MHz
2026/09/23 03:10:40.448, 0, 92 %, 79 %, 3589 MiB, 49140 MiB, 280.36 W, 300.00 W, 71, 2475 MHz
2026/09/23 03:10:41.450, 0, 93 %, 79 %, 3589 MiB, 49140 MiB, 277.41 W, 300.00 W, 71, 2250 MHz
2026/09/23 03:10:42.450, 0, 85 %, 75 %, 3589 MiB, 49140 MiB, 279.86 W, 300.00 W, 71, 2280 MHz
2026/09/23 03:10:43.452, 0, 90 %, 79 %, 3589 MiB, 49140 MiB, 278.74 W, 300.00 W, 70, 2325 MHz
2026/09/23 03:10:44.452, 0, 94 %, 83 %, 3589 MiB, 49140 MiB, 280.05 W, 300.00 W, 71, 2295 MHz
2026/09/23 03:10:45.453, 0, 88 %, 76 %, 3589 MiB, 49140 MiB, 279.43 W, 300.00 W, 70, 2295 MHz
2026/09/23 03:10:46.454, 0, 92 %, 80 %, 3589 MiB, 49140 MiB, 279.03 W, 300.00 W, 70, 2235 MHz
2026/09/23 03:10:47.455, 0, 91 %, 81 %, 3589 MiB, 49140 MiB, 279.26 W, 300.00 W, 72, 2415 MHz
2026/09/23 03:10:48.457, 0, 88 %, 77 %, 3589 MiB, 49140 MiB, 281.08 W, 300.00 W, 73, 2295 MHz
2026/09/23 03:10:49.457, 0, 67 %, 43 %, 3589 MiB, 49140 MiB, 276.22 W, 300.00 W, 71, 2640 MHz
2026/09/23 03:10:50.460, 0, 0 %, 0 %, 3589 MiB, 49140 MiB, 168.38 W, 300.00 W, 66, 2730 MHz
2026/09/23 03:10:51.461, 0, 89 %, 78 %, 3589 MiB, 49140 MiB, 215.88 W, 300.00 W, 72, 2415 MHz
2026/09/23 03:10:52.461, 0, 94 %, 82 %, 3589 MiB, 49140 MiB, 278.57 W, 300.00 W, 72, 2250 MHz
2026/09/23 03:10:53.462, 0, 85 %, 75 %, 3589 MiB, 49140 MiB, 278.65 W, 300.00 W, 70, 2460 MHz
2026/09/23 03:10:54.463, 0, 91 %, 78 %, 3589 MiB, 49140 MiB, 277.85 W, 300.00 W, 72, 2175 MHz
2026/09/23 03:10:55.463, 0, 88 %, 76 %, 3589 MiB, 49140 MiB, 276.79 W, 300.00 W, 72, 2190 MHz
2026/09/23 03:10:56.464, 0, 90 %, 75 %, 3589 MiB, 49140 MiB, 276.72 W, 300.00 W, 71, 2385 MHz
2026/09/23 03:10:57.466, 0, 87 %, 76 %, 3589 MiB, 49140 MiB, 277.55 W, 300.00 W, 71, 2445 MHz
2026/09/23 03:10:58.467, 0, 92 %, 80 %, 3589 MiB, 49140 MiB, 279.21 W, 300.00 W, 70, 2355 MHz
2026/09/23 03:10:59.468, 0, 88 %, 76 %, 3589 MiB, 49140 MiB, 280.41 W, 300.00 W, 71, 2370 MHz
2026/09/23 03:11:00.469, 0, 90 %, 77 %, 3589 MiB, 49140 MiB, 278.78 W, 300.00 W, 71, 2415 MHz
2026/09/23 03:11:01.469, 0, 89 %, 76 %, 3589 MiB, 49140 MiB, 279.22 W, 300.00 W, 71, 2460 MHz
2026/09/23 03:11:02.470, 0, 66 %, 41 %, 3589 MiB, 49140 MiB, 276.50 W, 300.00 W, 72, 2490 MHz
2026/09/23 03:11:03.471, 0, 0 %, 0 %, 3589 MiB, 49140 MiB, 151.52 W, 300.00 W, 66, 2730 MHz
2026/09/23 03:11:04.471, 0, 93 %, 80 %, 3589 MiB, 49140 MiB, 233.70 W, 300.00 W, 71, 2415 MHz
2026/09/23 03:11:05.472, 0, 90 %, 77 %, 3589 MiB, 49140 MiB, 279.46 W, 300.00 W, 70, 2385 MHz
2026/09/23 03:11:06.473, 0, 90 %, 76 %, 3589 MiB, 49140 MiB, 279.62 W, 300.00 W, 71, 2235 MHz
2026/09/23 03:11:07.474, 0, 88 %, 76 %, 3589 MiB, 49140 MiB, 278.93 W, 300.00 W, 72, 2115 MHz
2026/09/23 03:11:08.474, 0, 95 %, 83 %, 3589 MiB, 49140 MiB, 278.38 W, 300.00 W, 72, 2250 MHz
2026/09/23 03:11:09.475, 0, 91 %, 80 %, 3589 MiB, 49140 MiB, 280.31 W, 300.00 W, 73, 2115 MHz
2026/09/23 03:11:10.476, 0, 88 %, 74 %, 3589 MiB, 49140 MiB, 278.82 W, 300.00 W, 71, 2430 MHz
2026/09/23 03:11:11.477, 0, 88 %, 77 %, 3589 MiB, 49140 MiB, 277.65 W, 300.00 W, 71, 2355 MHz
2026/09/23 03:11:12.478, 0, 88 %, 75 %, 3589 MiB, 49140 MiB, 278.99 W, 300.00 W, 72, 2280 MHz
2026/09/23 03:11:13.479, 0, 87 %, 76 %, 3589 MiB, 49140 MiB, 279.51 W, 300.00 W, 73, 2205 MHz
2026/09/23 03:11:14.479, 0, 95 %, 80 %, 3589 MiB, 49140 MiB, 279.13 W, 300.00 W, 72, 2265 MHz
2026/09/23 03:11:15.480, 0, 62 %, 40 %, 3589 MiB, 49140 MiB, 268.65 W, 300.00 W, 71, 2520 MHz
2026/09/23 03:11:16.481, 0, 0 %, 0 %, 3589 MiB, 49140 MiB, 123.38 W, 300.00 W, 66, 2730 MHz
2026/09/23 03:11:17.482, 0, 94 %, 80 %, 3589 MiB, 49140 MiB, 265.50 W, 300.00 W, 71, 2385 MHz
2026/09/23 03:11:18.483, 0, 94 %, 80 %, 3589 MiB, 49140 MiB, 281.14 W, 300.00 W, 71, 2355 MHz
2026/09/23 03:11:19.484, 0, 95 %, 80 %, 3589 MiB, 49140 MiB, 283.49 W, 300.00 W, 72, 2310 MHz
2026/09/23 03:11:20.485, 0, 91 %, 80 %, 3589 MiB, 49140 MiB, 280.05 W, 300.00 W, 72, 2475 MHz
2026/09/23 03:11:21.487, 0, 90 %, 78 %, 3589 MiB, 49140 MiB, 281.71 W, 300.00 W, 72, 2190 MHz
2026/09/23 03:11:22.488, 0, 88 %, 75 %, 3589 MiB, 49140 MiB, 279.82 W, 300.00 W, 72, 2355 MHz
2026/09/23 03:11:23.489, 0, 86 %, 75 %, 3589 MiB, 49140 MiB, 280.76 W, 300.00 W, 71, 2220 MHz
2026/09/23 03:11:24.491, 0, 95 %, 81 %, 3589 MiB, 49140 MiB, 281.18 W, 300.00 W, 73, 2025 MHz
2026/09/23 03:11:25.492, 0, 93 %, 77 %, 3589 MiB, 49140 MiB, 281.21 W, 300.00 W, 72, 2310 MHz
2026/09/23 03:11:26.492, 0, 90 %, 78 %, 3589 MiB, 49140 MiB, 281.19 W, 300.00 W, 72, 2190 MHz
2026/09/23 03:11:27.493, 0, 88 %, 75 %, 3589 MiB, 49140 MiB, 280.56 W, 300.00 W, 73, 2370 MHz
2026/09/23 03:11:28.494, 0, 57 %, 37 %, 3589 MiB, 49140 MiB, 270.09 W, 300.00 W, 71, 2730 MHz
2026/09/23 03:11:29.494, 0, 0 %, 0 %, 3589 MiB, 49140 MiB, 120.87 W, 300.00 W, 66, 2730 MHz
2026/09/23 03:11:30.496, 0, 87 %, 75 %, 3589 MiB, 49140 MiB, 256.52 W, 300.00 W, 71, 2160 MHz
2026/09/23 03:11:31.497, 0, 90 %, 78 %, 3589 MiB, 49140 MiB, 278.67 W, 300.00 W, 72, 2160 MHz
2026/09/23 03:11:32.498, 0, 89 %, 77 %, 3589 MiB, 49140 MiB, 278.57 W, 300.00 W, 72, 2295 MHz
2026/09/23 03:11:33.498, 0, 92 %, 78 %, 3589 MiB, 49140 MiB, 279.11 W, 300.00 W, 72, 2145 MHz
2026/09/23 03:11:34.501, 0, 89 %, 75 %, 3589 MiB, 49140 MiB, 276.46 W, 300.00 W, 71, 2355 MHz
2026/09/23 03:11:35.501, 0, 93 %, 80 %, 3589 MiB, 49140 MiB, 277.49 W, 300.00 W, 72, 2115 MHz
2026/09/23 03:11:36.503, 0, 92 %, 81 %, 3589 MiB, 49140 MiB, 279.69 W, 300.00 W, 71, 2250 MHz
2026/09/23 03:11:37.504, 0, 89 %, 77 %, 3589 MiB, 49140 MiB, 279.37 W, 300.00 W, 72, 2190 MHz
2026/09/23 03:11:38.505, 0, 89 %, 78 %, 3589 MiB, 49140 MiB, 275.12 W, 300.00 W, 70, 2415 MHz
2026/09/23 03:11:39.506, 0, 90 %, 77 %, 3589 MiB, 49140 MiB, 277.66 W, 300.00 W, 72, 2190 MHz
2026/09/23 03:11:40.507, 0, 93 %, 81 %, 3589 MiB, 49140 MiB, 279.09 W, 300.00 W, 71, 2160 MHz
2026/09/23 03:11:41.508, 0, 64 %, 40 %, 3589 MiB, 49140 MiB, 269.60 W, 300.00 W, 73, 2640 MHz
2026/09/23 03:11:42.509, 0, 44 %, 38 %, 3589 MiB, 49140 MiB, 129.28 W, 300.00 W, 66, 2460 MHz
2026/09/23 03:11:43.512, 0, 84 %, 73 %, 3589 MiB, 49140 MiB, 266.70 W, 300.00 W, 70, 2445 MHz
2026/09/23 03:11:44.513, 0, 88 %, 75 %, 3589 MiB, 49140 MiB, 275.77 W, 300.00 W, 72, 2400 MHz
2026/09/23 03:11:45.514, 0, 89 %, 77 %, 3589 MiB, 49140 MiB, 277.00 W, 300.00 W, 71, 2355 MHz
2026/09/23 03:11:46.514, 0, 95 %, 81 %, 3589 MiB, 49140 MiB, 277.02 W, 300.00 W, 72, 2250 MHz
2026/09/23 03:11:47.516, 0, 92 %, 79 %, 3589 MiB, 49140 MiB, 278.99 W, 300.00 W, 72, 2325 MHz
2026/09/23 03:11:48.516, 0, 91 %, 77 %, 3589 MiB, 49140 MiB, 277.33 W, 300.00 W, 72, 2295 MHz
2026/09/23 03:11:49.517, 0, 88 %, 76 %, 3589 MiB, 49140 MiB, 278.19 W, 300.00 W, 70, 2475 MHz
2026/09/23 03:11:50.518, 0, 93 %, 79 %, 3589 MiB, 49140 MiB, 278.54 W, 300.00 W, 73, 2310 MHz
2026/09/23 03:11:51.519, 0, 90 %, 78 %, 3589 MiB, 49140 MiB, 279.56 W, 300.00 W, 71, 2355 MHz
2026/09/23 03:11:52.519, 0, 93 %, 79 %, 3589 MiB, 49140 MiB, 279.06 W, 300.00 W, 73, 2325 MHz
2026/09/23 03:11:53.520, 0, 89 %, 77 %, 3589 MiB, 49140 MiB, 279.23 W, 300.00 W, 71, 2385 MHz
2026/09/23 03:11:54.520, 0, 63 %, 39 %, 3589 MiB, 49140 MiB, 268.22 W, 300.00 W, 71, 2580 MHz
2026/09/23 03:11:55.521, 0, 72 %, 61 %, 3589 MiB, 49140 MiB, 126.37 W, 300.00 W, 69, 2370 MHz
2026/09/23 03:11:56.522, 0, 93 %, 81 %, 3589 MiB, 49140 MiB, 272.23 W, 300.00 W, 70, 2355 MHz
2026/09/23 03:11:57.523, 0, 94 %, 83 %, 3589 MiB, 49140 MiB, 279.85 W, 300.00 W, 71, 2385 MHz
2026/09/23 03:11:58.525, 0, 89 %, 77 %, 3589 MiB, 49140 MiB, 278.66 W, 300.00 W, 71, 2235 MHz
2026/09/23 03:11:59.526, 0, 93 %, 79 %, 3589 MiB, 49140 MiB, 278.57 W, 300.00 W, 71, 2115 MHz
2026/09/23 03:12:00.526, 0, 93 %, 81 %, 3589 MiB, 49140 MiB, 277.73 W, 300.00 W, 71, 2385 MHz
2026/09/23 03:12:01.528, 0, 87 %, 75 %, 3589 MiB, 49140 MiB, 279.18 W, 300.00 W, 72, 2475 MHz
2026/09/23 03:12:02.528, 0, 92 %, 77 %, 3589 MiB, 49140 MiB, 277.91 W, 300.00 W, 72, 2130 MHz
2026/09/23 03:12:03.529, 0, 92 %, 81 %, 3589 MiB, 49140 MiB, 282.28 W, 300.00 W, 72, 2130 MHz
2026/09/23 03:12:04.531, 0, 91 %, 80 %, 3589 MiB, 49140 MiB, 281.12 W, 300.00 W, 71, 2145 MHz
2026/09/23 03:12:05.532, 0, 84 %, 72 %, 3589 MiB, 49140 MiB, 278.68 W, 300.00 W, 70, 2490 MHz
2026/09/23 03:12:06.533, 0, 91 %, 77 %, 3589 MiB, 49140 MiB, 278.62 W, 300.00 W, 73, 2325 MHz
2026/09/23 03:12:07.534, 0, 64 %, 41 %, 3589 MiB, 49140 MiB, 269.94 W, 300.00 W, 73, 2520 MHz
2026/09/23 03:12:08.534, 0, 89 %, 79 %, 3589 MiB, 49140 MiB, 127.61 W, 300.00 W, 69, 2220 MHz
2026/09/23 03:12:09.535, 0, 92 %, 79 %, 3589 MiB, 49140 MiB, 281.62 W, 300.00 W, 71, 2310 MHz
2026/09/23 03:12:10.536, 0, 93 %, 82 %, 3589 MiB, 49140 MiB, 281.71 W, 300.00 W, 70, 2370 MHz
2026/09/23 03:12:11.537, 0, 91 %, 77 %, 3589 MiB, 49140 MiB, 283.76 W, 300.00 W, 72, 2130 MHz
2026/09/23 03:12:12.539, 0, 87 %, 76 %, 3589 MiB, 49140 MiB, 281.25 W, 300.00 W, 71, 2415 MHz
2026/09/23 03:12:13.540, 0, 93 %, 81 %, 3589 MiB, 49140 MiB, 282.21 W, 300.00 W, 71, 2400 MHz
2026/09/23 03:12:14.541, 0, 86 %, 74 %, 3589 MiB, 49140 MiB, 280.48 W, 300.00 W, 72, 2475 MHz
2026/09/23 03:12:15.542, 0, 94 %, 82 %, 3589 MiB, 49140 MiB, 279.10 W, 300.00 W, 71, 2370 MHz
2026/09/23 03:12:16.543, 0, 86 %, 75 %, 3589 MiB, 49140 MiB, 283.02 W, 300.00 W, 72, 2415 MHz
2026/09/23 03:12:17.543, 0, 90 %, 77 %, 3589 MiB, 49140 MiB, 281.29 W, 300.00 W, 72, 2370 MHz
2026/09/23 03:12:18.544, 0, 87 %, 76 %, 3589 MiB, 49140 MiB, 280.25 W, 300.00 W, 72, 2385 MHz
2026/09/23 03:12:19.545, 0, 90 %, 78 %, 3589 MiB, 49140 MiB, 283.15 W, 300.00 W, 72, 2355 MHz
2026/09/23 03:12:20.546, 0, 37 %, 24 %, 3589 MiB, 49140 MiB, 263.94 W, 300.00 W, 71, 2715 MHz
2026/09/23 03:12:21.546, 0, 0 %, 0 %, 3589 MiB, 49140 MiB, 113.40 W, 300.00 W, 66, 2730 MHz
2026/09/23 03:12:22.547, 0, 93 %, 80 %, 3589 MiB, 49140 MiB, 223.63 W, 300.00 W, 72, 2280 MHz
2026/09/23 03:12:23.548, 0, 91 %, 79 %, 3589 MiB, 49140 MiB, 280.05 W, 300.00 W, 71, 2400 MHz
2026/09/23 03:12:24.548, 0, 90 %, 78 %, 3589 MiB, 49140 MiB, 280.28 W, 300.00 W, 71, 2205 MHz
2026/09/23 03:12:25.549, 0, 91 %, 79 %, 3589 MiB, 49140 MiB, 278.98 W, 300.00 W, 71, 2145 MHz
2026/09/23 03:12:26.551, 0, 90 %, 79 %, 3589 MiB, 49140 MiB, 279.13 W, 300.00 W, 71, 2175 MHz
2026/09/23 03:12:27.551, 0, 93 %, 81 %, 3589 MiB, 49140 MiB, 280.52 W, 300.00 W, 71, 2190 MHz
2026/09/23 03:12:28.553, 0, 91 %, 80 %, 3589 MiB, 49140 MiB, 280.21 W, 300.00 W, 71, 2145 MHz
2026/09/23 03:12:29.554, 0, 95 %, 82 %, 3589 MiB, 49140 MiB, 279.56 W, 300.00 W, 70, 2205 MHz
2026/09/23 03:12:30.556, 0, 92 %, 78 %, 3589 MiB, 49140 MiB, 278.27 W, 300.00 W, 73, 2325 MHz
2026/09/23 03:12:31.557, 0, 81 %, 69 %, 3589 MiB, 49140 MiB, 275.27 W, 300.00 W, 71, 2400 MHz
2026/09/23 03:12:32.558, 0, 88 %, 77 %, 3589 MiB, 49140 MiB, 276.92 W, 300.00 W, 70, 2475 MHz
2026/09/23 03:12:33.559, 0, 60 %, 39 %, 3589 MiB, 49140 MiB, 270.37 W, 300.00 W, 70, 2655 MHz
2026/09/23 03:12:34.560, 0, 0 %, 0 %, 3589 MiB, 49140 MiB, 143.52 W, 300.00 W, 66, 2730 MHz
2026/09/23 03:12:35.560, 0, 88 %, 76 %, 3589 MiB, 49140 MiB, 240.17 W, 300.00 W, 70, 2430 MHz
2026/09/23 03:12:36.561, 0, 88 %, 75 %, 3589 MiB, 49140 MiB, 274.14 W, 300.00 W, 72, 2430 MHz
2026/09/23 03:12:37.562, 0, 87 %, 75 %, 3589 MiB, 49140 MiB, 278.39 W, 300.00 W, 71, 2430 MHz
2026/09/23 03:12:38.562, 0, 91 %, 80 %, 3589 MiB, 49140 MiB, 279.37 W, 300.00 W, 71, 2460 MHz
2026/09/23 03:12:39.563, 0, 90 %, 78 %, 3589 MiB, 49140 MiB, 280.51 W, 300.00 W, 71, 2445 MHz
2026/09/23 03:12:40.565, 0, 91 %, 77 %, 3589 MiB, 49140 MiB, 278.33 W, 300.00 W, 72, 2430 MHz
2026/09/23 03:12:41.566, 0, 93 %, 78 %, 3589 MiB, 49140 MiB, 280.79 W, 300.00 W, 71, 2355 MHz
2026/09/23 03:12:42.568, 0, 87 %, 75 %, 3589 MiB, 49140 MiB, 278.58 W, 300.00 W, 71, 2370 MHz
2026/09/23 03:12:43.568, 0, 91 %, 78 %, 3589 MiB, 49140 MiB, 278.05 W, 300.00 W, 71, 2385 MHz
2026/09/23 03:12:44.569, 0, 88 %, 77 %, 3589 MiB, 49140 MiB, 279.37 W, 300.00 W, 71, 2415 MHz
2026/09/23 03:12:45.571, 0, 89 %, 78 %, 3589 MiB, 49140 MiB, 279.41 W, 300.00 W, 71, 2295 MHz
2026/09/23 03:12:46.572, 0, 64 %, 41 %, 3589 MiB, 49140 MiB, 269.11 W, 300.00 W, 72, 2655 MHz
2026/09/23 03:12:47.572, 0, 0 %, 0 %, 3589 MiB, 49140 MiB, 130.87 W, 300.00 W, 69, 2730 MHz
2026/09/23 03:12:48.573, 0, 93 %, 82 %, 3589 MiB, 49140 MiB, 256.71 W, 300.00 W, 71, 2325 MHz
2026/09/23 03:12:49.574, 0, 88 %, 75 %, 3589 MiB, 49140 MiB, 279.83 W, 300.00 W, 70, 2475 MHz
2026/09/23 03:12:50.575, 0, 88 %, 77 %, 3589 MiB, 49140 MiB, 277.47 W, 300.00 W, 71, 2205 MHz
2026/09/23 03:12:51.575, 0, 93 %, 79 %, 3589 MiB, 49140 MiB, 278.69 W, 300.00 W, 71, 2085 MHz
2026/09/23 03:12:52.577, 0, 91 %, 78 %, 3589 MiB, 49140 MiB, 278.19 W, 300.00 W, 72, 2415 MHz
2026/09/23 03:12:53.578, 0, 84 %, 73 %, 3589 MiB, 49140 MiB, 276.40 W, 300.00 W, 71, 2535 MHz
2026/09/23 03:12:54.579, 0, 94 %, 79 %, 3589 MiB, 49140 MiB, 279.49 W, 300.00 W, 71, 2385 MHz
2026/09/23 03:12:55.579, 0, 86 %, 75 %, 3589 MiB, 49140 MiB, 278.79 W, 300.00 W, 70, 2415 MHz
2026/09/23 03:12:56.581, 0, 92 %, 80 %, 3589 MiB, 49140 MiB, 280.53 W, 300.00 W, 72, 2295 MHz
2026/09/23 03:12:57.582, 0, 88 %, 76 %, 3589 MiB, 49140 MiB, 277.30 W, 300.00 W, 73, 2385 MHz
2026/09/23 03:12:58.582, 0, 91 %, 79 %, 3589 MiB, 49140 MiB, 279.79 W, 300.00 W, 72, 2355 MHz
2026/09/23 03:12:59.584, 0, 60 %, 39 %, 3589 MiB, 49140 MiB, 268.17 W, 300.00 W, 71, 2640 MHz
2026/09/23 03:13:00.584, 0, 85 %, 74 %, 3589 MiB, 49140 MiB, 133.65 W, 300.00 W, 71, 2535 MHz
2026/09/23 03:13:01.585, 0, 92 %, 78 %, 3589 MiB, 49140 MiB, 276.93 W, 300.00 W, 70, 2115 MHz
2026/09/23 03:13:02.586, 0, 89 %, 77 %, 3589 MiB, 49140 MiB, 278.44 W, 300.00 W, 70, 2355 MHz
2026/09/23 03:13:03.587, 0, 86 %, 74 %, 3589 MiB, 49140 MiB, 279.46 W, 300.00 W, 72, 2535 MHz
2026/09/23 03:13:04.588, 0, 92 %, 81 %, 3589 MiB, 49140 MiB, 279.34 W, 300.00 W, 71, 2355 MHz
2026/09/23 03:13:05.589, 0, 92 %, 78 %, 3589 MiB, 49140 MiB, 279.60 W, 300.00 W, 70, 2430 MHz
2026/09/23 03:13:06.590, 0, 94 %, 78 %, 3589 MiB, 49140 MiB, 280.59 W, 300.00 W, 71, 2385 MHz
2026/09/23 03:13:07.590, 0, 87 %, 76 %, 3589 MiB, 49140 MiB, 279.38 W, 300.00 W, 72, 2430 MHz
2026/09/23 03:13:08.591, 0, 94 %, 82 %, 3589 MiB, 49140 MiB, 279.59 W, 300.00 W, 72, 2280 MHz
2026/09/23 03:13:09.593, 0, 88 %, 76 %, 3589 MiB, 49140 MiB, 279.84 W, 300.00 W, 72, 2400 MHz
2026/09/23 03:13:10.593, 0, 89 %, 78 %, 3589 MiB, 49140 MiB, 278.18 W, 300.00 W, 72, 2415 MHz
2026/09/23 03:13:11.594, 0, 88 %, 76 %, 3589 MiB, 49140 MiB, 278.33 W, 300.00 W, 71, 2205 MHz
2026/09/23 03:13:12.595, 0, 50 %, 32 %, 3589 MiB, 49140 MiB, 263.26 W, 300.00 W, 68, 2730 MHz
2026/09/23 03:13:13.595, 0, 92 %, 80 %, 3589 MiB, 49140 MiB, 126.34 W, 300.00 W, 71, 2250 MHz
2026/09/23 03:13:14.597, 0, 87 %, 75 %, 3589 MiB, 49140 MiB, 278.34 W, 300.00 W, 71, 2475 MHz
2026/09/23 03:13:15.598, 0, 92 %, 78 %, 3589 MiB, 49140 MiB, 279.60 W, 300.00 W, 71, 2445 MHz
2026/09/23 03:13:16.598, 0, 84 %, 73 %, 3589 MiB, 49140 MiB, 279.39 W, 300.00 W, 71, 2415 MHz
2026/09/23 03:13:17.599, 0, 90 %, 79 %, 3589 MiB, 49140 MiB, 279.69 W, 300.00 W, 72, 2400 MHz
2026/09/23 03:13:18.600, 0, 93 %, 80 %, 3589 MiB, 49140 MiB, 280.78 W, 300.00 W, 70, 2145 MHz
2026/09/23 03:13:19.601, 0, 88 %, 76 %, 3589 MiB, 49140 MiB, 278.88 W, 300.00 W, 72, 2400 MHz
2026/09/23 03:13:20.602, 0, 91 %, 76 %, 3589 MiB, 49140 MiB, 277.76 W, 300.00 W, 71, 2325 MHz
2026/09/23 03:13:21.602, 0, 90 %, 77 %, 3589 MiB, 49140 MiB, 280.02 W, 300.00 W, 71, 2370 MHz
2026/09/23 03:13:22.603, 0, 91 %, 79 %, 3589 MiB, 49140 MiB, 278.47 W, 300.00 W, 72, 2400 MHz
2026/09/23 03:13:23.604, 0, 94 %, 80 %, 3589 MiB, 49140 MiB, 280.07 W, 300.00 W, 71, 2235 MHz
2026/09/23 03:13:24.605, 0, 89 %, 77 %, 3589 MiB, 49140 MiB, 277.86 W, 300.00 W, 70, 2190 MHz
2026/09/23 03:13:25.606, 0, 0 %, 0 %, 3589 MiB, 49140 MiB, 238.92 W, 300.00 W, 67, 2730 MHz
2026/09/23 03:13:26.606, 0, 88 %, 76 %, 3589 MiB, 49140 MiB, 143.97 W, 300.00 W, 71, 2400 MHz
2026/09/23 03:13:27.608, 0, 88 %, 75 %, 3589 MiB, 49140 MiB, 280.89 W, 300.00 W, 71, 2415 MHz
2026/09/23 03:13:28.608, 0, 94 %, 82 %, 3589 MiB, 49140 MiB, 282.23 W, 300.00 W, 71, 2475 MHz
2026/09/23 03:13:29.609, 0, 96 %, 81 %, 3589 MiB, 49140 MiB, 282.71 W, 300.00 W, 71, 2310 MHz
2026/09/23 03:13:30.610, 0, 91 %, 78 %, 3589 MiB, 49140 MiB, 282.17 W, 300.00 W, 70, 2370 MHz
2026/09/23 03:13:31.611, 0, 88 %, 77 %, 3589 MiB, 49140 MiB, 282.42 W, 300.00 W, 72, 2310 MHz
2026/09/23 03:13:32.612, 0, 93 %, 81 %, 3589 MiB, 49140 MiB, 282.20 W, 300.00 W, 70, 2310 MHz
2026/09/23 03:13:33.613, 0, 90 %, 78 %, 3589 MiB, 49140 MiB, 283.03 W, 300.00 W, 71, 2445 MHz
2026/09/23 03:13:34.614, 0, 92 %, 78 %, 3589 MiB, 49140 MiB, 281.77 W, 300.00 W, 72, 2400 MHz
2026/09/23 03:13:35.615, 0, 92 %, 79 %, 3589 MiB, 49140 MiB, 281.51 W, 300.00 W, 72, 2355 MHz
2026/09/23 03:13:36.616, 0, 91 %, 76 %, 3589 MiB, 49140 MiB, 283.72 W, 300.00 W, 71, 2460 MHz
2026/09/23 03:13:37.617, 0, 91 %, 80 %, 3589 MiB, 49140 MiB, 281.31 W, 300.00 W, 72, 2415 MHz
2026/09/23 03:13:38.617, 0, 0 %, 0 %, 3589 MiB, 49140 MiB, 222.97 W, 300.00 W, 66, 2730 MHz
2026/09/23 03:13:39.618, 0, 89 %, 78 %, 3589 MiB, 49140 MiB, 156.57 W, 300.00 W, 71, 2340 MHz
2026/09/23 03:13:40.619, 0, 88 %, 76 %, 3589 MiB, 49140 MiB, 276.45 W, 300.00 W, 71, 2325 MHz
2026/09/23 03:13:41.619, 0, 92 %, 78 %, 3589 MiB, 49140 MiB, 277.56 W, 300.00 W, 72, 2415 MHz
2026/09/23 03:13:42.620, 0, 91 %, 78 %, 3589 MiB, 49140 MiB, 278.79 W, 300.00 W, 72, 2205 MHz
2026/09/23 03:13:43.621, 0, 89 %, 77 %, 3589 MiB, 49140 MiB, 277.80 W, 300.00 W, 71, 2265 MHz
2026/09/23 03:13:44.621, 0, 88 %, 76 %, 3589 MiB, 49140 MiB, 276.56 W, 300.00 W, 72, 2370 MHz
2026/09/23 03:13:45.622, 0, 87 %, 75 %, 3589 MiB, 49140 MiB, 278.68 W, 300.00 W, 71, 2430 MHz
2026/09/23 03:13:46.622, 0, 89 %, 77 %, 3589 MiB, 49140 MiB, 276.76 W, 300.00 W, 71, 2460 MHz
2026/09/23 03:13:47.624, 0, 92 %, 76 %, 3589 MiB, 49140 MiB, 277.69 W, 300.00 W, 71, 2265 MHz
2026/09/23 03:13:48.624, 0, 91 %, 79 %, 3589 MiB, 49140 MiB, 278.81 W, 300.00 W, 72, 2415 MHz
2026/09/23 03:13:49.625, 0, 95 %, 80 %, 3589 MiB, 49140 MiB, 281.49 W, 300.00 W, 71, 2070 MHz
2026/09/23 03:13:50.626, 0, 90 %, 78 %, 3589 MiB, 49140 MiB, 281.14 W, 300.00 W, 73, 2145 MHz
2026/09/23 03:13:51.627, 0, 0 %, 0 %, 3589 MiB, 49140 MiB, 214.90 W, 300.00 W, 66, 2730 MHz
2026/09/23 03:13:52.627, 0, 87 %, 75 %, 3589 MiB, 49140 MiB, 165.18 W, 300.00 W, 72, 2265 MHz
2026/09/23 03:13:53.628, 0, 89 %, 75 %, 3589 MiB, 49140 MiB, 273.18 W, 300.00 W, 70, 2460 MHz
2026/09/23 03:13:54.629, 0, 94 %, 78 %, 3589 MiB, 49140 MiB, 278.24 W, 300.00 W, 71, 2370 MHz
2026/09/23 03:13:55.630, 0, 91 %, 78 %, 3589 MiB, 49140 MiB, 277.83 W, 300.00 W, 71, 2325 MHz
2026/09/23 03:13:56.631, 0, 93 %, 78 %, 3589 MiB, 49140 MiB, 278.90 W, 300.00 W, 71, 2325 MHz
2026/09/23 03:13:57.632, 0, 90 %, 78 %, 3589 MiB, 49140 MiB, 279.36 W, 300.00 W, 72, 2490 MHz
2026/09/23 03:13:58.633, 0, 93 %, 79 %, 3589 MiB, 49140 MiB, 279.56 W, 300.00 W, 71, 2205 MHz
2026/09/23 03:13:59.634, 0, 90 %, 76 %, 3589 MiB, 49140 MiB, 280.58 W, 300.00 W, 71, 2400 MHz
2026/09/23 03:14:00.634, 0, 92 %, 80 %, 3589 MiB, 49140 MiB, 279.15 W, 300.00 W, 70, 2310 MHz
2026/09/23 03:14:01.635, 0, 91 %, 78 %, 3589 MiB, 49140 MiB, 279.03 W, 300.00 W, 71, 2295 MHz
2026/09/23 03:14:02.636, 0, 90 %, 78 %, 3589 MiB, 49140 MiB, 278.65 W, 300.00 W, 71, 2475 MHz
2026/09/23 03:14:03.636, 0, 80 %, 64 %, 3589 MiB, 49140 MiB, 279.11 W, 300.00 W, 72, 2460 MHz
2026/09/23 03:14:04.637, 0, 0 %, 0 %, 3589 MiB, 49140 MiB, 196.03 W, 300.00 W, 66, 2730 MHz
2026/09/23 03:14:05.637, 0, 0 %, 0 %, 3589 MiB, 49140 MiB, 85.64 W, 300.00 W, 65, 2730 MHz
2026/09/23 03:14:06.638, 0, 89 %, 78 %, 3589 MiB, 49140 MiB, 200.27 W, 300.00 W, 71, 2400 MHz
2026/09/23 03:14:07.639, 0, 91 %, 79 %, 3589 MiB, 49140 MiB, 282.05 W, 300.00 W, 70, 2505 MHz
2026/09/23 03:14:08.640, 0, 92 %, 81 %, 3589 MiB, 49140 MiB, 280.82 W, 300.00 W, 72, 2130 MHz
2026/09/23 03:14:09.641, 0, 91 %, 79 %, 3589 MiB, 49140 MiB, 280.68 W, 300.00 W, 72, 2145 MHz
2026/09/23 03:14:10.642, 0, 89 %, 77 %, 3589 MiB, 49140 MiB, 281.79 W, 300.00 W, 72, 2325 MHz
2026/09/23 03:14:11.643, 0, 92 %, 80 %, 3589 MiB, 49140 MiB, 281.76 W, 300.00 W, 72, 2355 MHz
2026/09/23 03:14:12.645, 0, 86 %, 75 %, 3589 MiB, 49140 MiB, 281.88 W, 300.00 W, 72, 2385 MHz
2026/09/23 03:14:13.646, 0, 90 %, 76 %, 3589 MiB, 49140 MiB, 281.03 W, 300.00 W, 70, 2505 MHz
2026/09/23 03:14:14.646, 0, 90 %, 79 %, 3589 MiB, 49140 MiB, 282.32 W, 300.00 W, 71, 2325 MHz
2026/09/23 03:14:15.647, 0, 92 %, 80 %, 3589 MiB, 49140 MiB, 283.20 W, 300.00 W, 71, 2310 MHz
2026/09/23 03:14:16.648, 0, 95 %, 83 %, 3589 MiB, 49140 MiB, 284.04 W, 300.00 W, 72, 2175 MHz
2026/09/23 03:14:17.649, 0, 64 %, 41 %, 3589 MiB, 49140 MiB, 274.74 W, 300.00 W, 72, 2415 MHz
2026/09/23 03:14:18.650, 0, 0 %, 0 %, 3589 MiB, 49140 MiB, 152.65 W, 300.00 W, 66, 2730 MHz
2026/09/23 03:14:19.654, 0, 92 %, 78 %, 3589 MiB, 49140 MiB, 227.22 W, 300.00 W, 71, 2430 MHz
2026/09/23 03:14:20.655, 0, 93 %, 82 %, 3589 MiB, 49140 MiB, 280.58 W, 300.00 W, 71, 2370 MHz
2026/09/23 03:14:21.655, 0, 92 %, 80 %, 3589 MiB, 49140 MiB, 276.84 W, 300.00 W, 71, 2265 MHz
2026/09/23 03:14:22.656, 0, 93 %, 80 %, 3589 MiB, 49140 MiB, 279.77 W, 300.00 W, 70, 2415 MHz
2026/09/23 03:14:23.657, 0, 93 %, 82 %, 3589 MiB, 49140 MiB, 280.03 W, 300.00 W, 72, 2325 MHz
2026/09/23 03:14:24.657, 0, 86 %, 75 %, 3589 MiB, 49140 MiB, 277.22 W, 300.00 W, 71, 2175 MHz
2026/09/23 03:14:25.660, 0, 92 %, 80 %, 3589 MiB, 49140 MiB, 278.70 W, 300.00 W, 70, 2145 MHz
2026/09/23 03:14:26.661, 0, 91 %, 79 %, 3589 MiB, 49140 MiB, 280.28 W, 300.00 W, 70, 2100 MHz
2026/09/23 03:14:27.661, 0, 89 %, 77 %, 3589 MiB, 49140 MiB, 278.99 W, 300.00 W, 72, 2385 MHz
2026/09/23 03:14:28.662, 0, 91 %, 79 %, 3589 MiB, 49140 MiB, 277.71 W, 300.00 W, 72, 2355 MHz
2026/09/23 03:14:29.663, 0, 88 %, 76 %, 3589 MiB, 49140 MiB, 278.18 W, 300.00 W, 73, 2325 MHz
2026/09/23 03:14:30.663, 0, 64 %, 41 %, 3589 MiB, 49140 MiB, 270.60 W, 300.00 W, 72, 2565 MHz
2026/09/23 03:14:31.664, 0, 0 %, 0 %, 3589 MiB, 49140 MiB, 145.00 W, 300.00 W, 66, 2730 MHz
2026/09/23 03:14:32.665, 0, 93 %, 80 %, 3589 MiB, 49140 MiB, 239.05 W, 300.00 W, 70, 2310 MHz
2026/09/23 03:14:33.665, 0, 87 %, 75 %, 3589 MiB, 49140 MiB, 278.72 W, 300.00 W, 72, 2370 MHz
2026/09/23 03:14:34.666, 0, 92 %, 77 %, 3589 MiB, 49140 MiB, 278.28 W, 300.00 W, 71, 2370 MHz
2026/09/23 03:14:35.667, 0, 89 %, 76 %, 3589 MiB, 49140 MiB, 279.59 W, 300.00 W, 70, 2400 MHz
2026/09/23 03:14:36.667, 0, 90 %, 79 %, 3589 MiB, 49140 MiB, 278.25 W, 300.00 W, 70, 2370 MHz
2026/09/23 03:14:37.668, 0, 89 %, 77 %, 3589 MiB, 49140 MiB, 278.63 W, 300.00 W, 72, 2415 MHz
2026/09/23 03:14:38.669, 0, 91 %, 78 %, 3589 MiB, 49140 MiB, 279.59 W, 300.00 W, 70, 2100 MHz
2026/09/23 03:14:39.669, 0, 92 %, 80 %, 3589 MiB, 49140 MiB, 278.43 W, 300.00 W, 73, 2325 MHz
2026/09/23 03:14:40.670, 0, 93 %, 80 %, 3589 MiB, 49140 MiB, 280.32 W, 300.00 W, 72, 2310 MHz
2026/09/23 03:14:41.671, 0, 92 %, 80 %, 3589 MiB, 49140 MiB, 279.16 W, 300.00 W, 70, 2340 MHz
2026/09/23 03:14:42.672, 0, 89 %, 77 %, 3589 MiB, 49140 MiB, 275.39 W, 300.00 W, 73, 2355 MHz
2026/09/23 03:14:43.672, 0, 61 %, 39 %, 3589 MiB, 49140 MiB, 267.69 W, 300.00 W, 72, 2490 MHz
2026/09/23 03:14:44.673, 0, 0 %, 0 %, 3589 MiB, 49140 MiB, 126.21 W, 300.00 W, 66, 2730 MHz
2026/09/23 03:14:45.674, 0, 88 %, 75 %, 3589 MiB, 49140 MiB, 245.52 W, 300.00 W, 71, 2430 MHz
2026/09/23 03:14:46.674, 0, 87 %, 75 %, 3589 MiB, 49140 MiB, 281.31 W, 300.00 W, 71, 2190 MHz
2026/09/23 03:14:47.676, 0, 94 %, 80 %, 3589 MiB, 49140 MiB, 280.56 W, 300.00 W, 71, 2415 MHz
2026/09/23 03:14:48.676, 0, 89 %, 77 %, 3589 MiB, 49140 MiB, 280.96 W, 300.00 W, 72, 2385 MHz
2026/09/23 03:14:49.677, 0, 87 %, 75 %, 3589 MiB, 49140 MiB, 281.14 W, 300.00 W, 71, 2505 MHz
2026/09/23 03:14:50.678, 0, 92 %, 80 %, 3589 MiB, 49140 MiB, 282.18 W, 300.00 W, 72, 2385 MHz
2026/09/23 03:14:51.679, 0, 91 %, 77 %, 3589 MiB, 49140 MiB, 281.04 W, 300.00 W, 70, 2400 MHz
2026/09/23 03:14:52.680, 0, 93 %, 79 %, 3589 MiB, 49140 MiB, 283.68 W, 300.00 W, 72, 2340 MHz
2026/09/23 03:14:53.681, 0, 90 %, 78 %, 3589 MiB, 49140 MiB, 281.11 W, 300.00 W, 72, 2160 MHz
2026/09/23 03:14:54.682, 0, 91 %, 80 %, 3589 MiB, 49140 MiB, 281.97 W, 300.00 W, 72, 2100 MHz
2026/09/23 03:14:55.683, 0, 90 %, 78 %, 3589 MiB, 49140 MiB, 283.10 W, 300.00 W, 71, 2385 MHz
2026/09/23 03:14:56.684, 0, 60 %, 39 %, 3589 MiB, 49140 MiB, 274.41 W, 300.00 W, 73, 2610 MHz
2026/09/23 03:14:57.684, 0, 12 %, 10 %, 3589 MiB, 49140 MiB, 129.11 W, 300.00 W, 69, 2250 MHz
2026/09/23 03:14:58.685, 0, 89 %, 77 %, 3589 MiB, 49140 MiB, 262.57 W, 300.00 W, 72, 2415 MHz
2026/09/23 03:14:59.686, 0, 88 %, 77 %, 3589 MiB, 49140 MiB, 271.80 W, 300.00 W, 71, 2310 MHz
2026/09/23 03:15:00.686, 0, 92 %, 78 %, 3589 MiB, 49140 MiB, 275.64 W, 300.00 W, 71, 2265 MHz
2026/09/23 03:15:01.687, 0, 86 %, 75 %, 3589 MiB, 49140 MiB, 276.50 W, 300.00 W, 72, 2385 MHz
2026/09/23 03:15:02.688, 0, 86 %, 74 %, 3589 MiB, 49140 MiB, 280.18 W, 300.00 W, 73, 2415 MHz
2026/09/23 03:15:03.689, 0, 91 %, 77 %, 3589 MiB, 49140 MiB, 277.14 W, 300.00 W, 71, 2370 MHz
2026/09/23 03:15:04.690, 0, 92 %, 80 %, 3589 MiB, 49140 MiB, 279.47 W, 300.00 W, 72, 2160 MHz
2026/09/23 03:15:05.691, 0, 90 %, 77 %, 3589 MiB, 49140 MiB, 279.27 W, 300.00 W, 72, 2295 MHz
2026/09/23 03:15:06.692, 0, 90 %, 77 %, 3589 MiB, 49140 MiB, 277.44 W, 300.00 W, 72, 2475 MHz
2026/09/23 03:15:07.693, 0, 88 %, 76 %, 3589 MiB, 49140 MiB, 278.33 W, 300.00 W, 72, 2220 MHz
2026/09/23 03:15:08.694, 0, 84 %, 72 %, 3589 MiB, 49140 MiB, 277.88 W, 300.00 W, 72, 2610 MHz
2026/09/23 03:15:09.694, 0, 68 %, 43 %, 3589 MiB, 49140 MiB, 195.49 W, 300.00 W, 66, 2730 MHz
2026/09/23 03:15:10.695, 0, 42 %, 37 %, 3589 MiB, 49140 MiB, 179.25 W, 300.00 W, 71, 2400 MHz
2026/09/23 03:15:11.696, 0, 90 %, 78 %, 3589 MiB, 49140 MiB, 275.24 W, 300.00 W, 72, 2400 MHz
2026/09/23 03:15:12.697, 0, 84 %, 72 %, 3589 MiB, 49140 MiB, 272.28 W, 300.00 W, 70, 2445 MHz
2026/09/23 03:15:13.698, 0, 88 %, 75 %, 3589 MiB, 49140 MiB, 274.95 W, 300.00 W, 70, 2415 MHz
2026/09/23 03:15:14.699, 0, 94 %, 78 %, 3589 MiB, 49140 MiB, 276.84 W, 300.00 W, 72, 2325 MHz
2026/09/23 03:15:15.700, 0, 93 %, 82 %, 3589 MiB, 49140 MiB, 278.13 W, 300.00 W, 70, 2460 MHz
2026/09/23 03:15:16.701, 0, 89 %, 77 %, 3589 MiB, 49140 MiB, 278.61 W, 300.00 W, 71, 2205 MHz
2026/09/23 03:15:17.702, 0, 89 %, 75 %, 3589 MiB, 49140 MiB, 278.28 W, 300.00 W, 73, 2250 MHz
2026/09/23 03:15:18.704, 0, 91 %, 79 %, 3589 MiB, 49140 MiB, 279.77 W, 300.00 W, 72, 2385 MHz
2026/09/23 03:15:19.706, 0, 92 %, 80 %, 3589 MiB, 49140 MiB, 280.49 W, 300.00 W, 73, 2280 MHz
2026/09/23 03:15:20.707, 0, 89 %, 77 %, 3589 MiB, 49140 MiB, 279.21 W, 300.00 W, 71, 2445 MHz
2026/09/23 03:15:21.708, 0, 88 %, 76 %, 3589 MiB, 49140 MiB, 277.02 W, 300.00 W, 71, 2550 MHz
2026/09/23 03:15:22.709, 0, 56 %, 37 %, 3589 MiB, 49140 MiB, 197.48 W, 300.00 W, 66, 2730 MHz
2026/09/23 03:15:23.709, 0, 47 %, 41 %, 3589 MiB, 49140 MiB, 199.87 W, 300.00 W, 72, 2400 MHz
2026/09/23 03:15:24.710, 0, 90 %, 78 %, 3589 MiB, 49140 MiB, 279.28 W, 300.00 W, 72, 2310 MHz
2026/09/23 03:15:25.711, 0, 86 %, 75 %, 3589 MiB, 49140 MiB, 277.02 W, 300.00 W, 71, 2415 MHz
2026/09/23 03:15:26.712, 0, 85 %, 74 %, 3589 MiB, 49140 MiB, 278.17 W, 300.00 W, 72, 2205 MHz
2026/09/23 03:15:27.713, 0, 90 %, 79 %, 3589 MiB, 49140 MiB, 278.33 W, 300.00 W, 71, 2460 MHz
2026/09/23 03:15:28.714, 0, 88 %, 76 %, 3589 MiB, 49140 MiB, 275.34 W, 300.00 W, 70, 2445 MHz
2026/09/23 03:15:29.715, 0, 92 %, 79 %, 3589 MiB, 49140 MiB, 277.24 W, 300.00 W, 72, 2220 MHz
2026/09/23 03:15:30.717, 0, 91 %, 79 %, 3589 MiB, 49140 MiB, 278.93 W, 300.00 W, 71, 2490 MHz
2026/09/23 03:15:31.718, 0, 94 %, 80 %, 3589 MiB, 49140 MiB, 277.14 W, 300.00 W, 70, 2430 MHz
2026/09/23 03:15:32.719, 0, 89 %, 77 %, 3589 MiB, 49140 MiB, 276.17 W, 300.00 W, 70, 2460 MHz
2026/09/23 03:15:33.720, 0, 90 %, 76 %, 3589 MiB, 49140 MiB, 278.74 W, 300.00 W, 72, 2310 MHz
2026/09/23 03:15:34.721, 0, 94 %, 82 %, 3589 MiB, 49140 MiB, 276.26 W, 300.00 W, 72, 2610 MHz
2026/09/23 03:15:35.721, 0, 66 %, 43 %, 3589 MiB, 49140 MiB, 180.21 W, 300.00 W, 66, 2730 MHz
2026/09/23 03:15:36.722, 0, 42 %, 37 %, 3589 MiB, 49140 MiB, 199.12 W, 300.00 W, 72, 2175 MHz
2026/09/23 03:15:37.723, 0, 90 %, 78 %, 3589 MiB, 49140 MiB, 277.98 W, 300.00 W, 71, 2505 MHz
2026/09/23 03:15:38.725, 0, 91 %, 79 %, 3589 MiB, 49140 MiB, 277.89 W, 300.00 W, 72, 2265 MHz
2026/09/23 03:15:39.726, 0, 87 %, 75 %, 3589 MiB, 49140 MiB, 278.31 W, 300.00 W, 71, 2220 MHz
2026/09/23 03:15:40.727, 0, 89 %, 76 %, 3589 MiB, 49140 MiB, 279.11 W, 300.00 W, 72, 2055 MHz
2026/09/23 03:15:41.728, 0, 94 %, 82 %, 3589 MiB, 49140 MiB, 278.05 W, 300.00 W, 72, 2295 MHz
2026/09/23 03:15:42.729, 0, 90 %, 79 %, 3589 MiB, 49140 MiB, 278.01 W, 300.00 W, 71, 2235 MHz
2026/09/23 03:15:43.730, 0, 89 %, 79 %, 3589 MiB, 49140 MiB, 277.65 W, 300.00 W, 71, 2370 MHz
2026/09/23 03:15:44.731, 0, 94 %, 81 %, 3589 MiB, 49140 MiB, 278.05 W, 300.00 W, 73, 2280 MHz
2026/09/23 03:15:45.731, 0, 86 %, 75 %, 3589 MiB, 49140 MiB, 278.09 W, 300.00 W, 71, 2385 MHz
2026/09/23 03:15:46.732, 0, 93 %, 78 %, 3589 MiB, 49140 MiB, 279.17 W, 300.00 W, 71, 2310 MHz
2026/09/23 03:15:47.733, 0, 91 %, 78 %, 3589 MiB, 49140 MiB, 273.95 W, 300.00 W, 72, 2565 MHz
2026/09/23 03:15:48.734, 0, 31 %, 20 %, 3589 MiB, 49140 MiB, 176.31 W, 300.00 W, 66, 2730 MHz
2026/09/23 03:15:49.735, 0, 90 %, 79 %, 3589 MiB, 49140 MiB, 207.99 W, 300.00 W, 70, 2370 MHz
2026/09/23 03:15:50.736, 0, 91 %, 80 %, 3589 MiB, 49140 MiB, 278.48 W, 300.00 W, 71, 2355 MHz
2026/09/23 03:15:51.737, 0, 86 %, 75 %, 3589 MiB, 49140 MiB, 279.12 W, 300.00 W, 71, 2415 MHz
2026/09/23 03:15:52.738, 0, 95 %, 81 %, 3589 MiB, 49140 MiB, 278.77 W, 300.00 W, 72, 2310 MHz
2026/09/23 03:15:53.739, 0, 92 %, 78 %, 3589 MiB, 49140 MiB, 281.07 W, 300.00 W, 71, 2235 MHz
2026/09/23 03:15:54.740, 0, 93 %, 80 %, 3589 MiB, 49140 MiB, 280.17 W, 300.00 W, 72, 2085 MHz
2026/09/23 03:15:55.741, 0, 94 %, 80 %, 3589 MiB, 49140 MiB, 278.31 W, 300.00 W, 72, 2130 MHz
2026/09/23 03:15:56.741, 0, 91 %, 77 %, 3589 MiB, 49140 MiB, 279.00 W, 300.00 W, 71, 2310 MHz
2026/09/23 03:15:57.742, 0, 91 %, 80 %, 3589 MiB, 49140 MiB, 279.52 W, 300.00 W, 72, 2280 MHz
2026/09/23 03:15:58.743, 0, 93 %, 80 %, 3589 MiB, 49140 MiB, 281.30 W, 300.00 W, 72, 2280 MHz
2026/09/23 03:15:59.743, 0, 87 %, 75 %, 3589 MiB, 49140 MiB, 278.24 W, 300.00 W, 72, 2280 MHz
2026/09/23 03:16:00.744, 0, 91 %, 76 %, 3589 MiB, 49140 MiB, 274.86 W, 300.00 W, 72, 2610 MHz
2026/09/23 03:16:01.745, 0, 0 %, 0 %, 3589 MiB, 49140 MiB, 152.36 W, 300.00 W, 66, 2730 MHz
2026/09/23 03:16:02.745, 0, 90 %, 76 %, 3589 MiB, 49140 MiB, 231.57 W, 300.00 W, 72, 2370 MHz
2026/09/23 03:16:03.746, 0, 93 %, 82 %, 3589 MiB, 49140 MiB, 280.16 W, 300.00 W, 70, 2355 MHz
2026/09/23 03:16:04.747, 0, 93 %, 80 %, 3589 MiB, 49140 MiB, 280.12 W, 300.00 W, 71, 2475 MHz
2026/09/23 03:16:05.747, 0, 88 %, 76 %, 3589 MiB, 49140 MiB, 281.77 W, 300.00 W, 72, 2430 MHz
2026/09/23 03:16:06.748, 0, 85 %, 75 %, 3589 MiB, 49140 MiB, 278.55 W, 300.00 W, 70, 2460 MHz
2026/09/23 03:16:07.749, 0, 91 %, 79 %, 3589 MiB, 49140 MiB, 282.63 W, 300.00 W, 70, 2325 MHz
2026/09/23 03:16:08.749, 0, 90 %, 76 %, 3589 MiB, 49140 MiB, 282.39 W, 300.00 W, 72, 2295 MHz
2026/09/23 03:16:09.750, 0, 92 %, 79 %, 3589 MiB, 49140 MiB, 284.22 W, 300.00 W, 72, 2310 MHz
2026/09/23 03:16:10.751, 0, 91 %, 80 %, 3589 MiB, 49140 MiB, 284.29 W, 300.00 W, 72, 2445 MHz
2026/09/23 03:16:11.752, 0, 89 %, 78 %, 3589 MiB, 49140 MiB, 285.24 W, 300.00 W, 71, 2325 MHz
2026/09/23 03:16:12.753, 0, 95 %, 80 %, 3589 MiB, 49140 MiB, 283.81 W, 300.00 W, 72, 2295 MHz
2026/09/23 03:16:13.753, 0, 90 %, 78 %, 3589 MiB, 49140 MiB, 275.05 W, 300.00 W, 71, 2670 MHz
2026/09/23 03:16:14.754, 0, 0 %, 0 %, 3589 MiB, 49140 MiB, 139.71 W, 300.00 W, 66, 2730 MHz
2026/09/23 03:16:15.755, 0, 90 %, 80 %, 3589 MiB, 49140 MiB, 242.99 W, 300.00 W, 70, 2190 MHz
2026/09/23 03:16:16.756, 0, 92 %, 79 %, 3589 MiB, 49140 MiB, 279.90 W, 300.00 W, 71, 2370 MHz
2026/09/23 03:16:17.756, 0, 92 %, 81 %, 3589 MiB, 49140 MiB, 279.41 W, 300.00 W, 72, 2355 MHz
2026/09/23 03:16:18.757, 0, 90 %, 81 %, 3589 MiB, 49140 MiB, 278.33 W, 300.00 W, 70, 2085 MHz
2026/09/23 03:16:19.758, 0, 91 %, 77 %, 3589 MiB, 49140 MiB, 276.33 W, 300.00 W, 70, 2505 MHz
2026/09/23 03:16:20.759, 0, 87 %, 75 %, 3589 MiB, 49140 MiB, 277.24 W, 300.00 W, 71, 2160 MHz
2026/09/23 03:16:21.760, 0, 86 %, 74 %, 3589 MiB, 49140 MiB, 276.03 W, 300.00 W, 72, 2265 MHz
2026/09/23 03:16:22.761, 0, 90 %, 78 %, 3589 MiB, 49140 MiB, 278.64 W, 300.00 W, 72, 2355 MHz
2026/09/23 03:16:23.762, 0, 89 %, 79 %, 3589 MiB, 49140 MiB, 279.74 W, 300.00 W, 72, 2205 MHz
2026/09/23 03:16:24.763, 0, 88 %, 78 %, 3589 MiB, 49140 MiB, 277.60 W, 300.00 W, 72, 2205 MHz
2026/09/23 03:16:25.765, 0, 90 %, 75 %, 3589 MiB, 49140 MiB, 279.12 W, 300.00 W, 70, 2430 MHz
2026/09/23 03:16:26.765, 0, 92 %, 79 %, 3589 MiB, 49140 MiB, 271.32 W, 300.00 W, 72, 2625 MHz
2026/09/23 03:16:27.766, 0, 0 %, 0 %, 3589 MiB, 49140 MiB, 132.23 W, 300.00 W, 66, 2730 MHz
2026/09/23 03:16:28.767, 0, 89 %, 79 %, 3589 MiB, 49140 MiB, 253.12 W, 300.00 W, 71, 2370 MHz
2026/09/23 03:16:29.768, 0, 96 %, 81 %, 3589 MiB, 49140 MiB, 281.97 W, 300.00 W, 71, 2205 MHz
2026/09/23 03:16:30.770, 0, 90 %, 76 %, 3589 MiB, 49140 MiB, 278.86 W, 300.00 W, 71, 2205 MHz
2026/09/23 03:16:31.772, 0, 95 %, 81 %, 3589 MiB, 49140 MiB, 277.79 W, 300.00 W, 70, 2355 MHz
2026/09/23 03:16:32.773, 0, 86 %, 75 %, 3589 MiB, 49140 MiB, 276.84 W, 300.00 W, 72, 2445 MHz
2026/09/23 03:16:33.774, 0, 92 %, 79 %, 3589 MiB, 49140 MiB, 280.04 W, 300.00 W, 72, 2310 MHz
2026/09/23 03:16:34.775, 0, 88 %, 75 %, 3589 MiB, 49140 MiB, 279.82 W, 300.00 W, 72, 2445 MHz
2026/09/23 03:16:35.775, 0, 88 %, 76 %, 3589 MiB, 49140 MiB, 277.33 W, 300.00 W, 72, 2340 MHz
2026/09/23 03:16:36.776, 0, 87 %, 76 %, 3589 MiB, 49140 MiB, 280.72 W, 300.00 W, 72, 2400 MHz
2026/09/23 03:16:37.777, 0, 88 %, 77 %, 3589 MiB, 49140 MiB, 279.08 W, 300.00 W, 71, 2145 MHz
2026/09/23 03:16:38.778, 0, 93 %, 78 %, 3589 MiB, 49140 MiB, 280.42 W, 300.00 W, 72, 2055 MHz
2026/09/23 03:16:39.778, 0, 94 %, 79 %, 3589 MiB, 49140 MiB, 266.67 W, 300.00 W, 72, 2565 MHz
2026/09/23 03:16:40.779, 0, 0 %, 0 %, 3589 MiB, 49140 MiB, 125.64 W, 300.00 W, 66, 2730 MHz
2026/09/23 03:16:41.780, 0, 90 %, 77 %, 3589 MiB, 49140 MiB, 258.07 W, 300.00 W, 71, 2265 MHz
2026/09/23 03:16:42.780, 0, 87 %, 76 %, 3589 MiB, 49140 MiB, 278.71 W, 300.00 W, 72, 2280 MHz
2026/09/23 03:16:43.781, 0, 88 %, 75 %, 3589 MiB, 49140 MiB, 278.86 W, 300.00 W, 71, 2160 MHz
2026/09/23 03:16:44.782, 0, 93 %, 80 %, 3589 MiB, 49140 MiB, 278.12 W, 300.00 W, 71, 2400 MHz
2026/09/23 03:16:45.783, 0, 89 %, 79 %, 3589 MiB, 49140 MiB, 279.59 W, 300.00 W, 72, 2310 MHz
2026/09/23 03:16:46.783, 0, 87 %, 76 %, 3589 MiB, 49140 MiB, 278.64 W, 300.00 W, 72, 2295 MHz
2026/09/23 03:16:47.785, 0, 87 %, 75 %, 3589 MiB, 49140 MiB, 279.13 W, 300.00 W, 71, 2370 MHz
2026/09/23 03:16:48.786, 0, 90 %, 79 %, 3589 MiB, 49140 MiB, 277.92 W, 300.00 W, 72, 2160 MHz
2026/09/23 03:16:49.787, 0, 93 %, 80 %, 3589 MiB, 49140 MiB, 280.25 W, 300.00 W, 72, 2325 MHz
2026/09/23 03:16:50.788, 0, 88 %, 76 %, 3589 MiB, 49140 MiB, 278.43 W, 300.00 W, 73, 2265 MHz
2026/09/23 03:16:51.789, 0, 93 %, 82 %, 3589 MiB, 49140 MiB, 278.67 W, 300.00 W, 70, 2310 MHz
2026/09/23 03:16:52.790, 0, 94 %, 82 %, 3589 MiB, 49140 MiB, 269.77 W, 300.00 W, 71, 2625 MHz
2026/09/23 03:16:53.790, 0, 0 %, 0 %, 3589 MiB, 49140 MiB, 122.07 W, 300.00 W, 66, 2730 MHz
2026/09/23 03:16:54.791, 0, 93 %, 78 %, 3589 MiB, 49140 MiB, 256.58 W, 300.00 W, 71, 2445 MHz
2026/09/23 03:16:55.793, 0, 89 %, 74 %, 3589 MiB, 49140 MiB, 283.56 W, 300.00 W, 71, 2460 MHz
2026/09/23 03:16:56.793, 0, 88 %, 78 %, 3589 MiB, 49140 MiB, 281.13 W, 300.00 W, 72, 2535 MHz
2026/09/23 03:16:57.794, 0, 88 %, 77 %, 3589 MiB, 49140 MiB, 283.07 W, 300.00 W, 71, 2385 MHz
2026/09/23 03:16:58.795, 0, 90 %, 77 %, 3589 MiB, 49140 MiB, 284.16 W, 300.00 W, 71, 2460 MHz
2026/09/23 03:16:59.796, 0, 91 %, 80 %, 3589 MiB, 49140 MiB, 281.68 W, 300.00 W, 72, 2370 MHz
2026/09/23 03:17:00.796, 0, 93 %, 79 %, 3589 MiB, 49140 MiB, 282.84 W, 300.00 W, 73, 2430 MHz
2026/09/23 03:17:01.797, 0, 84 %, 73 %, 3589 MiB, 49140 MiB, 284.49 W, 300.00 W, 72, 2310 MHz
2026/09/23 03:17:02.800, 0, 92 %, 80 %, 3589 MiB, 49140 MiB, 281.07 W, 300.00 W, 71, 2415 MHz
2026/09/23 03:17:03.801, 0, 95 %, 80 %, 3589 MiB, 49140 MiB, 285.72 W, 300.00 W, 71, 2340 MHz
2026/09/23 03:17:04.801, 0, 84 %, 72 %, 3589 MiB, 49140 MiB, 282.82 W, 300.00 W, 72, 2355 MHz
2026/09/23 03:17:05.802, 0, 88 %, 76 %, 3589 MiB, 49140 MiB, 274.25 W, 300.00 W, 73, 2655 MHz
2026/09/23 03:17:06.802, 0, 0 %, 0 %, 3589 MiB, 49140 MiB, 124.68 W, 300.00 W, 71, 2730 MHz
2026/09/23 03:17:07.803, 0, 87 %, 77 %, 3589 MiB, 49140 MiB, 261.04 W, 300.00 W, 71, 2340 MHz
2026/09/23 03:17:08.806, 0, 90 %, 75 %, 3589 MiB, 49140 MiB, 278.11 W, 300.00 W, 71, 2265 MHz
2026/09/23 03:17:09.806, 0, 94 %, 80 %, 3589 MiB, 49140 MiB, 278.35 W, 300.00 W, 71, 2235 MHz
2026/09/23 03:17:10.808, 0, 87 %, 76 %, 3589 MiB, 49140 MiB, 276.59 W, 300.00 W, 72, 2550 MHz
2026/09/23 03:17:11.808, 0, 91 %, 76 %, 3589 MiB, 49140 MiB, 276.11 W, 300.00 W, 71, 2145 MHz
2026/09/23 03:17:12.809, 0, 94 %, 80 %, 3589 MiB, 49140 MiB, 278.88 W, 300.00 W, 70, 2325 MHz
2026/09/23 03:17:13.810, 0, 91 %, 77 %, 3589 MiB, 49140 MiB, 279.72 W, 300.00 W, 71, 2280 MHz
2026/09/23 03:17:14.811, 0, 89 %, 76 %, 3589 MiB, 49140 MiB, 278.42 W, 300.00 W, 73, 2370 MHz
2026/09/23 03:17:15.812, 0, 90 %, 79 %, 3589 MiB, 49140 MiB, 277.41 W, 300.00 W, 71, 2325 MHz
2026/09/23 03:17:16.812, 0, 93 %, 78 %, 3589 MiB, 49140 MiB, 279.08 W, 300.00 W, 72, 2280 MHz
2026/09/23 03:17:17.813, 0, 91 %, 77 %, 3589 MiB, 49140 MiB, 278.29 W, 300.00 W, 71, 2295 MHz
2026/09/23 03:17:18.814, 0, 91 %, 77 %, 3589 MiB, 49140 MiB, 271.69 W, 300.00 W, 72, 2535 MHz
2026/09/23 03:17:19.815, 0, 0 %, 0 %, 3589 MiB, 49140 MiB, 129.27 W, 300.00 W, 70, 2505 MHz
2026/09/23 03:17:20.815, 0, 93 %, 79 %, 3589 MiB, 49140 MiB, 272.19 W, 300.00 W, 71, 2355 MHz
2026/09/23 03:17:21.816, 0, 89 %, 75 %, 3589 MiB, 49140 MiB, 276.49 W, 300.00 W, 71, 2325 MHz
2026/09/23 03:17:22.817, 0, 90 %, 75 %, 3589 MiB, 49140 MiB, 279.40 W, 300.00 W, 71, 2355 MHz
2026/09/23 03:17:23.819, 0, 92 %, 81 %, 3589 MiB, 49140 MiB, 278.24 W, 300.00 W, 70, 2070 MHz
2026/09/23 03:17:24.822, 0, 88 %, 76 %, 3589 MiB, 49140 MiB, 277.13 W, 300.00 W, 72, 2370 MHz
2026/09/23 03:17:25.822, 0, 92 %, 79 %, 3589 MiB, 49140 MiB, 278.52 W, 300.00 W, 71, 2025 MHz
2026/09/23 03:17:26.824, 0, 89 %, 76 %, 3589 MiB, 49140 MiB, 279.18 W, 300.00 W, 72, 2250 MHz
2026/09/23 03:17:27.824, 0, 90 %, 77 %, 3589 MiB, 49140 MiB, 278.71 W, 300.00 W, 72, 2190 MHz
2026/09/23 03:17:28.826, 0, 90 %, 77 %, 3589 MiB, 49140 MiB, 278.12 W, 300.00 W, 71, 2385 MHz
2026/09/23 03:17:29.826, 0, 95 %, 83 %, 3589 MiB, 49140 MiB, 278.16 W, 300.00 W, 72, 2445 MHz
2026/09/23 03:17:30.827, 0, 93 %, 80 %, 3589 MiB, 49140 MiB, 279.17 W, 300.00 W, 72, 2445 MHz
2026/09/23 03:17:31.828, 0, 69 %, 44 %, 3589 MiB, 49140 MiB, 258.53 W, 300.00 W, 67, 2730 MHz
2026/09/23 03:17:32.828, 0, 0 %, 0 %, 3589 MiB, 49140 MiB, 130.41 W, 300.00 W, 72, 2430 MHz
2026/09/23 03:17:33.829, 0, 90 %, 78 %, 3589 MiB, 49140 MiB, 282.90 W, 300.00 W, 71, 2370 MHz
2026/09/23 03:17:34.831, 0, 88 %, 76 %, 3589 MiB, 49140 MiB, 281.13 W, 300.00 W, 71, 2400 MHz
2026/09/23 03:17:35.832, 0, 88 %, 78 %, 3589 MiB, 49140 MiB, 278.00 W, 300.00 W, 71, 2250 MHz
2026/09/23 03:17:36.833, 0, 90 %, 77 %, 3589 MiB, 49140 MiB, 279.33 W, 300.00 W, 72, 2175 MHz
2026/09/23 03:17:37.834, 0, 86 %, 75 %, 3589 MiB, 49140 MiB, 282.46 W, 300.00 W, 71, 2355 MHz
2026/09/23 03:17:38.835, 0, 93 %, 80 %, 3589 MiB, 49140 MiB, 283.11 W, 300.00 W, 71, 2325 MHz
2026/09/23 03:17:39.835, 0, 86 %, 72 %, 3589 MiB, 49140 MiB, 281.73 W, 300.00 W, 71, 2310 MHz
2026/09/23 03:17:40.836, 0, 94 %, 79 %, 3589 MiB, 49140 MiB, 282.11 W, 300.00 W, 71, 2415 MHz
2026/09/23 03:17:41.836, 0, 90 %, 77 %, 3589 MiB, 49140 MiB, 280.89 W, 300.00 W, 71, 2295 MHz
2026/09/23 03:17:42.837, 0, 88 %, 77 %, 3589 MiB, 49140 MiB, 279.49 W, 300.00 W, 72, 2205 MHz
2026/09/23 03:17:43.838, 0, 90 %, 80 %, 3589 MiB, 49140 MiB, 277.91 W, 300.00 W, 72, 2415 MHz
2026/09/23 03:17:44.838, 0, 66 %, 43 %, 3589 MiB, 49140 MiB, 245.62 W, 300.00 W, 67, 2730 MHz
2026/09/23 03:17:45.839, 0, 0 %, 0 %, 3589 MiB, 49140 MiB, 137.04 W, 300.00 W, 70, 2355 MHz
2026/09/23 03:17:46.839, 0, 93 %, 80 %, 3589 MiB, 49140 MiB, 277.06 W, 300.00 W, 72, 2295 MHz
2026/09/23 03:17:47.840, 0, 83 %, 72 %, 3589 MiB, 49140 MiB, 276.19 W, 300.00 W, 71, 2370 MHz
2026/09/23 03:17:48.842, 0, 88 %, 78 %, 3589 MiB, 49140 MiB, 277.77 W, 300.00 W, 70, 2370 MHz
2026/09/23 03:17:49.843, 0, 87 %, 76 %, 3589 MiB, 49140 MiB, 277.30 W, 300.00 W, 71, 2145 MHz
2026/09/23 03:17:50.844, 0, 89 %, 78 %, 3589 MiB, 49140 MiB, 275.44 W, 300.00 W, 71, 2295 MHz
2026/09/23 03:17:51.845, 0, 90 %, 78 %, 3589 MiB, 49140 MiB, 279.08 W, 300.00 W, 71, 2400 MHz
2026/09/23 03:17:52.845, 0, 91 %, 79 %, 3589 MiB, 49140 MiB, 278.43 W, 300.00 W, 72, 2265 MHz
2026/09/23 03:17:53.846, 0, 93 %, 82 %, 3589 MiB, 49140 MiB, 280.15 W, 300.00 W, 73, 2085 MHz
2026/09/23 03:17:54.847, 0, 89 %, 78 %, 3589 MiB, 49140 MiB, 275.55 W, 300.00 W, 72, 2460 MHz
2026/09/23 03:17:55.847, 0, 92 %, 77 %, 3589 MiB, 49140 MiB, 278.23 W, 300.00 W, 71, 2310 MHz
2026/09/23 03:17:56.849, 0, 89 %, 76 %, 3589 MiB, 49140 MiB, 278.85 W, 300.00 W, 70, 2265 MHz
2026/09/23 03:17:57.849, 0, 63 %, 41 %, 3589 MiB, 49140 MiB, 238.15 W, 300.00 W, 67, 2730 MHz
2026/09/23 03:17:58.851, 0, 0 %, 0 %, 3589 MiB, 49140 MiB, 146.48 W, 300.00 W, 70, 2340 MHz
2026/09/23 03:17:59.851, 0, 94 %, 82 %, 3589 MiB, 49140 MiB, 284.60 W, 300.00 W, 71, 2400 MHz
2026/09/23 03:18:00.853, 0, 87 %, 76 %, 3589 MiB, 49140 MiB, 284.13 W, 300.00 W, 71, 2460 MHz
2026/09/23 03:18:01.854, 0, 89 %, 78 %, 3589 MiB, 49140 MiB, 283.09 W, 300.00 W, 71, 2475 MHz
2026/09/23 03:18:02.855, 0, 87 %, 74 %, 3589 MiB, 49140 MiB, 282.52 W, 300.00 W, 72, 2325 MHz
2026/09/23 03:18:03.856, 0, 93 %, 82 %, 3589 MiB, 49140 MiB, 284.35 W, 300.00 W, 72, 2400 MHz
2026/09/23 03:18:04.857, 0, 95 %, 80 %, 3589 MiB, 49140 MiB, 283.27 W, 300.00 W, 71, 2340 MHz
2026/09/23 03:18:05.857, 0, 94 %, 80 %, 3589 MiB, 49140 MiB, 282.91 W, 300.00 W, 71, 2355 MHz
2026/09/23 03:18:06.858, 0, 95 %, 82 %, 3589 MiB, 49140 MiB, 283.65 W, 300.00 W, 71, 2295 MHz
2026/09/23 03:18:07.859, 0, 95 %, 82 %, 3589 MiB, 49140 MiB, 285.96 W, 300.00 W, 72, 2370 MHz
2026/09/23 03:18:08.861, 0, 89 %, 78 %, 3589 MiB, 49140 MiB, 283.70 W, 300.00 W, 71, 2355 MHz
2026/09/23 03:18:09.862, 0, 93 %, 82 %, 3589 MiB, 49140 MiB, 285.04 W, 300.00 W, 72, 2460 MHz
2026/09/23 03:18:10.862, 0, 67 %, 43 %, 3589 MiB, 49140 MiB, 213.20 W, 300.00 W, 66, 2730 MHz
2026/09/23 03:18:11.863, 0, 0 %, 0 %, 3589 MiB, 49140 MiB, 172.92 W, 300.00 W, 71, 2115 MHz
2026/09/23 03:18:12.864, 0, 86 %, 71 %, 3589 MiB, 49140 MiB, 276.43 W, 300.00 W, 71, 2265 MHz
2026/09/23 03:18:13.865, 0, 95 %, 82 %, 3589 MiB, 49140 MiB, 279.50 W, 300.00 W, 71, 2415 MHz
2026/09/23 03:18:14.867, 0, 88 %, 75 %, 3589 MiB, 49140 MiB, 278.55 W, 300.00 W, 72, 2385 MHz
2026/09/23 03:18:15.868, 0, 86 %, 75 %, 3589 MiB, 49140 MiB, 277.27 W, 300.00 W, 71, 2310 MHz
2026/09/23 03:18:16.869, 0, 93 %, 81 %, 3589 MiB, 49140 MiB, 280.61 W, 300.00 W, 71, 2280 MHz
2026/09/23 03:18:17.870, 0, 89 %, 77 %, 3589 MiB, 49140 MiB, 279.87 W, 300.00 W, 71, 2265 MHz
2026/09/23 03:18:18.870, 0, 90 %, 77 %, 3589 MiB, 49140 MiB, 278.15 W, 300.00 W, 73, 2130 MHz
2026/09/23 03:18:19.872, 0, 82 %, 72 %, 3589 MiB, 49140 MiB, 278.43 W, 300.00 W, 71, 2115 MHz
2026/09/23 03:18:20.873, 0, 89 %, 75 %, 3589 MiB, 49140 MiB, 280.10 W, 300.00 W, 71, 2175 MHz
2026/09/23 03:18:21.875, 0, 95 %, 82 %, 3589 MiB, 49140 MiB, 280.77 W, 300.00 W, 72, 2130 MHz
2026/09/23 03:18:22.875, 0, 91 %, 80 %, 3589 MiB, 49140 MiB, 277.49 W, 300.00 W, 73, 2460 MHz
2026/09/23 03:18:23.876, 0, 61 %, 39 %, 3589 MiB, 49140 MiB, 192.86 W, 300.00 W, 66, 2730 MHz
2026/09/23 03:18:24.876, 0, 69 %, 58 %, 3589 MiB, 49140 MiB, 187.28 W, 300.00 W, 71, 2145 MHz
2026/09/23 03:18:25.877, 0, 92 %, 78 %, 3589 MiB, 49140 MiB, 279.78 W, 300.00 W, 72, 2280 MHz
2026/09/23 03:18:26.878, 0, 88 %, 75 %, 3589 MiB, 49140 MiB, 278.54 W, 300.00 W, 71, 2325 MHz
2026/09/23 03:18:27.878, 0, 90 %, 76 %, 3589 MiB, 49140 MiB, 278.97 W, 300.00 W, 71, 2385 MHz
2026/09/23 03:18:28.880, 0, 94 %, 80 %, 3589 MiB, 49140 MiB, 278.26 W, 300.00 W, 70, 2355 MHz
2026/09/23 03:18:29.880, 0, 88 %, 77 %, 3589 MiB, 49140 MiB, 278.00 W, 300.00 W, 72, 2355 MHz
2026/09/23 03:18:30.881, 0, 91 %, 77 %, 3589 MiB, 49140 MiB, 278.75 W, 300.00 W, 72, 2295 MHz
2026/09/23 03:18:31.882, 0, 93 %, 79 %, 3589 MiB, 49140 MiB, 278.87 W, 300.00 W, 72, 2355 MHz
2026/09/23 03:18:32.883, 0, 90 %, 76 %, 3589 MiB, 49140 MiB, 277.96 W, 300.00 W, 71, 2355 MHz
2026/09/23 03:18:33.884, 0, 91 %, 80 %, 3589 MiB, 49140 MiB, 280.32 W, 300.00 W, 72, 2430 MHz
2026/09/23 03:18:34.885, 0, 90 %, 79 %, 3589 MiB, 49140 MiB, 279.25 W, 300.00 W, 71, 2340 MHz
2026/09/23 03:18:35.886, 0, 94 %, 79 %, 3589 MiB, 49140 MiB, 273.18 W, 300.00 W, 72, 2520 MHz
2026/09/23 03:18:36.888, 0, 36 %, 23 %, 3589 MiB, 49140 MiB, 169.67 W, 300.00 W, 66, 2730 MHz
2026/09/23 03:18:37.888, 0, 91 %, 77 %, 3589 MiB, 49140 MiB, 205.49 W, 300.00 W, 71, 2520 MHz
2026/09/23 03:18:38.889, 0, 88 %, 76 %, 3589 MiB, 49140 MiB, 274.55 W, 300.00 W, 71, 2145 MHz
2026/09/23 03:18:39.890, 0, 95 %, 79 %, 3589 MiB, 49140 MiB, 281.98 W, 300.00 W, 71, 2460 MHz
2026/09/23 03:18:40.891, 0, 95 %, 80 %, 3589 MiB, 49140 MiB, 282.76 W, 300.00 W, 71, 2145 MHz
2026/09/23 03:18:41.892, 0, 88 %, 78 %, 3589 MiB, 49140 MiB, 282.68 W, 300.00 W, 71, 2130 MHz
2026/09/23 03:18:42.893, 0, 90 %, 79 %, 3589 MiB, 49140 MiB, 284.07 W, 300.00 W, 72, 2235 MHz
2026/09/23 03:18:43.894, 0, 91 %, 78 %, 3589 MiB, 49140 MiB, 283.78 W, 300.00 W, 71, 2355 MHz
2026/09/23 03:18:44.895, 0, 91 %, 81 %, 3589 MiB, 49140 MiB, 284.05 W, 300.00 W, 73, 2295 MHz
2026/09/23 03:18:45.895, 0, 90 %, 79 %, 3589 MiB, 49140 MiB, 283.85 W, 300.00 W, 73, 2310 MHz
2026/09/23 03:18:46.896, 0, 92 %, 81 %, 3589 MiB, 49140 MiB, 283.43 W, 300.00 W, 72, 2415 MHz
2026/09/23 03:18:47.898, 0, 89 %, 79 %, 3589 MiB, 49140 MiB, 282.94 W, 300.00 W, 72, 2490 MHz
2026/09/23 03:18:48.899, 0, 91 %, 80 %, 3589 MiB, 49140 MiB, 274.94 W, 300.00 W, 73, 2595 MHz
2026/09/23 03:18:49.900, 0, 0 %, 0 %, 3589 MiB, 49140 MiB, 149.87 W, 300.00 W, 66, 2730 MHz
2026/09/23 03:18:50.900, 0, 91 %, 78 %, 3589 MiB, 49140 MiB, 235.72 W, 300.00 W, 71, 2415 MHz
2026/09/23 03:18:51.901, 0, 87 %, 74 %, 3589 MiB, 49140 MiB, 283.41 W, 300.00 W, 71, 2520 MHz
2026/09/23 03:18:52.902, 0, 89 %, 76 %, 3589 MiB, 49140 MiB, 283.68 W, 300.00 W, 71, 2415 MHz
2026/09/23 03:18:53.902, 0, 95 %, 80 %, 3589 MiB, 49140 MiB, 284.04 W, 300.00 W, 71, 2310 MHz
2026/09/23 03:18:54.903, 0, 93 %, 79 %, 3589 MiB, 49140 MiB, 283.86 W, 300.00 W, 72, 2235 MHz
2026/09/23 03:18:55.904, 0, 94 %, 79 %, 3589 MiB, 49140 MiB, 284.53 W, 300.00 W, 71, 2355 MHz
2026/09/23 03:18:56.905, 0, 96 %, 82 %, 3589 MiB, 49140 MiB, 282.62 W, 300.00 W, 72, 2370 MHz
2026/09/23 03:18:57.906, 0, 91 %, 80 %, 3589 MiB, 49140 MiB, 282.20 W, 300.00 W, 72, 2310 MHz
2026/09/23 03:18:58.907, 0, 88 %, 76 %, 3589 MiB, 49140 MiB, 284.17 W, 300.00 W, 72, 2400 MHz
2026/09/23 03:18:59.907, 0, 83 %, 73 %, 3589 MiB, 49140 MiB, 282.91 W, 300.00 W, 72, 2385 MHz
2026/09/23 03:19:00.908, 0, 91 %, 78 %, 3589 MiB, 49140 MiB, 283.58 W, 300.00 W, 72, 2490 MHz
2026/09/23 03:19:01.909, 0, 89 %, 78 %, 3589 MiB, 49140 MiB, 274.31 W, 300.00 W, 71, 2715 MHz
2026/09/23 03:19:02.909, 0, 0 %, 0 %, 3589 MiB, 49140 MiB, 137.55 W, 300.00 W, 66, 2730 MHz
2026/09/23 03:19:03.910, 0, 88 %, 77 %, 3589 MiB, 49140 MiB, 251.31 W, 300.00 W, 71, 2355 MHz
2026/09/23 03:19:04.911, 0, 92 %, 81 %, 3589 MiB, 49140 MiB, 283.57 W, 300.00 W, 72, 2190 MHz
2026/09/23 03:19:05.912, 0, 90 %, 77 %, 3589 MiB, 49140 MiB, 281.72 W, 300.00 W, 71, 2250 MHz
2026/09/23 03:19:06.912, 0, 89 %, 77 %, 3589 MiB, 49140 MiB, 282.14 W, 300.00 W, 71, 2400 MHz
2026/09/23 03:19:07.913, 0, 95 %, 83 %, 3589 MiB, 49140 MiB, 282.92 W, 300.00 W, 71, 2265 MHz
2026/09/23 03:19:08.914, 0, 92 %, 80 %, 3589 MiB, 49140 MiB, 281.38 W, 300.00 W, 71, 2370 MHz
2026/09/23 03:19:09.914, 0, 90 %, 78 %, 3589 MiB, 49140 MiB, 282.10 W, 300.00 W, 71, 2130 MHz
2026/09/23 03:19:10.916, 0, 92 %, 77 %, 3589 MiB, 49140 MiB, 282.35 W, 300.00 W, 72, 2130 MHz
2026/09/23 03:19:11.917, 0, 90 %, 79 %, 3589 MiB, 49140 MiB, 281.13 W, 300.00 W, 71, 2130 MHz
2026/09/23 03:19:12.918, 0, 91 %, 78 %, 3589 MiB, 49140 MiB, 283.00 W, 300.00 W, 71, 2115 MHz
2026/09/23 03:19:13.919, 0, 89 %, 76 %, 3589 MiB, 49140 MiB, 282.12 W, 300.00 W, 72, 2505 MHz
2026/09/23 03:19:14.919, 0, 84 %, 64 %, 3589 MiB, 49140 MiB, 272.99 W, 300.00 W, 73, 2685 MHz
2026/09/23 03:19:15.920, 0, 0 %, 0 %, 3589 MiB, 49140 MiB, 127.64 W, 300.00 W, 70, 2370 MHz
2026/09/23 03:19:16.920, 0, 89 %, 79 %, 3589 MiB, 49140 MiB, 280.82 W, 300.00 W, 71, 2355 MHz
2026/09/23 03:19:17.921, 0, 92 %, 79 %, 3589 MiB, 49140 MiB, 276.58 W, 300.00 W, 72, 2055 MHz
2026/09/23 03:19:18.922, 0, 92 %, 79 %, 3589 MiB, 49140 MiB, 278.92 W, 300.00 W, 71, 2220 MHz
2026/09/23 03:19:19.923, 0, 85 %, 73 %, 3589 MiB, 49140 MiB, 278.21 W, 300.00 W, 72, 2175 MHz
2026/09/23 03:19:20.924, 0, 90 %, 80 %, 3589 MiB, 49140 MiB, 278.80 W, 300.00 W, 72, 2205 MHz
2026/09/23 03:19:21.925, 0, 91 %, 78 %, 3589 MiB, 49140 MiB, 279.41 W, 300.00 W, 71, 2445 MHz
2026/09/23 03:19:22.926, 0, 88 %, 75 %, 3589 MiB, 49140 MiB, 279.42 W, 300.00 W, 72, 2265 MHz
2026/09/23 03:19:23.926, 0, 92 %, 81 %, 3589 MiB, 49140 MiB, 279.81 W, 300.00 W, 72, 2070 MHz
2026/09/23 03:19:24.928, 0, 86 %, 75 %, 3589 MiB, 49140 MiB, 278.63 W, 300.00 W, 72, 2175 MHz
2026/09/23 03:19:25.929, 0, 91 %, 77 %, 3589 MiB, 49140 MiB, 277.71 W, 300.00 W, 71, 2235 MHz
2026/09/23 03:19:26.930, 0, 93 %, 78 %, 3589 MiB, 49140 MiB, 278.00 W, 300.00 W, 71, 2415 MHz
2026/09/23 03:19:27.930, 0, 73 %, 46 %, 3589 MiB, 49140 MiB, 249.18 W, 300.00 W, 67, 2730 MHz
2026/09/23 03:19:28.931, 0, 0 %, 0 %, 3589 MiB, 49140 MiB, 135.79 W, 300.00 W, 69, 2460 MHz
2026/09/23 03:19:29.932, 0, 87 %, 74 %, 3589 MiB, 49140 MiB, 273.75 W, 300.00 W, 71, 2160 MHz
2026/09/23 03:19:30.933, 0, 86 %, 76 %, 3589 MiB, 49140 MiB, 276.26 W, 300.00 W, 72, 2310 MHz
2026/09/23 03:19:31.934, 0, 93 %, 82 %, 3589 MiB, 49140 MiB, 278.68 W, 300.00 W, 71, 2265 MHz
2026/09/23 03:19:32.935, 0, 86 %, 73 %, 3589 MiB, 49140 MiB, 276.15 W, 300.00 W, 71, 2370 MHz
2026/09/23 03:19:33.935, 0, 88 %, 73 %, 3589 MiB, 49140 MiB, 278.53 W, 300.00 W, 71, 2265 MHz
2026/09/23 03:19:34.936, 0, 88 %, 75 %, 3589 MiB, 49140 MiB, 279.67 W, 300.00 W, 71, 2310 MHz
2026/09/23 03:19:35.938, 0, 94 %, 81 %, 3589 MiB, 49140 MiB, 280.93 W, 300.00 W, 73, 2205 MHz
2026/09/23 03:19:36.939, 0, 91 %, 79 %, 3589 MiB, 49140 MiB, 278.24 W, 300.00 W, 71, 2460 MHz
2026/09/23 03:19:37.939, 0, 91 %, 78 %, 3589 MiB, 49140 MiB, 278.33 W, 300.00 W, 72, 2265 MHz
2026/09/23 03:19:38.941, 0, 89 %, 77 %, 3589 MiB, 49140 MiB, 279.48 W, 300.00 W, 72, 2280 MHz
2026/09/23 03:19:39.941, 0, 92 %, 80 %, 3589 MiB, 49140 MiB, 277.67 W, 300.00 W, 70, 2220 MHz
2026/09/23 03:19:40.942, 0, 70 %, 45 %, 3589 MiB, 49140 MiB, 202.37 W, 300.00 W, 66, 2730 MHz
2026/09/23 03:19:41.942, 0, 16 %, 14 %, 3589 MiB, 49140 MiB, 178.90 W, 300.00 W, 72, 2175 MHz
2026/09/23 03:19:42.943, 0, 86 %, 74 %, 3589 MiB, 49140 MiB, 279.43 W, 300.00 W, 72, 2145 MHz
2026/09/23 03:19:43.944, 0, 92 %, 78 %, 3589 MiB, 49140 MiB, 280.80 W, 300.00 W, 71, 2220 MHz
2026/09/23 03:19:44.944, 0, 90 %, 77 %, 3589 MiB, 49140 MiB, 283.01 W, 300.00 W, 71, 2325 MHz
2026/09/23 03:19:45.945, 0, 87 %, 76 %, 3589 MiB, 49140 MiB, 281.08 W, 300.00 W, 72, 2445 MHz
2026/09/23 03:19:46.946, 0, 90 %, 77 %, 3589 MiB, 49140 MiB, 282.72 W, 300.00 W, 73, 2190 MHz
2026/09/23 03:19:47.948, 0, 90 %, 79 %, 3589 MiB, 49140 MiB, 282.15 W, 300.00 W, 72, 2415 MHz
2026/09/23 03:19:48.950, 0, 94 %, 82 %, 3589 MiB, 49140 MiB, 283.82 W, 300.00 W, 71, 2400 MHz
2026/09/23 03:19:49.951, 0, 94 %, 83 %, 3589 MiB, 49140 MiB, 283.63 W, 300.00 W, 71, 2340 MHz
2026/09/23 03:19:50.952, 0, 92 %, 81 %, 3589 MiB, 49140 MiB, 283.01 W, 300.00 W, 73, 2265 MHz
2026/09/23 03:19:51.953, 0, 94 %, 79 %, 3589 MiB, 49140 MiB, 282.12 W, 300.00 W, 73, 2370 MHz
2026/09/23 03:19:52.955, 0, 88 %, 77 %, 3589 MiB, 49140 MiB, 278.51 W, 300.00 W, 72, 2535 MHz
2026/09/23 03:19:53.956, 0, 64 %, 41 %, 3589 MiB, 49140 MiB, 178.19 W, 300.00 W, 66, 2730 MHz
2026/09/23 03:19:54.956, 0, 90 %, 78 %, 3589 MiB, 49140 MiB, 201.13 W, 300.00 W, 72, 2085 MHz
2026/09/23 03:19:55.957, 0, 91 %, 79 %, 3589 MiB, 49140 MiB, 282.12 W, 300.00 W, 71, 2325 MHz
2026/09/23 03:19:56.958, 0, 93 %, 81 %, 3589 MiB, 49140 MiB, 282.23 W, 300.00 W, 71, 2295 MHz
2026/09/23 03:19:57.959, 0, 90 %, 78 %, 3589 MiB, 49140 MiB, 282.32 W, 300.00 W, 72, 2220 MHz
2026/09/23 03:19:58.959, 0, 88 %, 77 %, 3589 MiB, 49140 MiB, 282.54 W, 300.00 W, 72, 2160 MHz
2026/09/23 03:19:59.960, 0, 93 %, 80 %, 3589 MiB, 49140 MiB, 280.80 W, 300.00 W, 71, 2340 MHz
2026/09/23 03:20:00.961, 0, 88 %, 76 %, 3589 MiB, 49140 MiB, 281.23 W, 300.00 W, 71, 2430 MHz
2026/09/23 03:20:01.962, 0, 90 %, 79 %, 3589 MiB, 49140 MiB, 282.63 W, 300.00 W, 72, 2175 MHz
2026/09/23 03:20:02.963, 0, 93 %, 79 %, 3589 MiB, 49140 MiB, 279.41 W, 300.00 W, 70, 2445 MHz
2026/09/23 03:20:03.963, 0, 90 %, 76 %, 3589 MiB, 49140 MiB, 280.62 W, 300.00 W, 72, 2355 MHz
2026/09/23 03:20:04.964, 0, 88 %, 76 %, 3589 MiB, 49140 MiB, 280.64 W, 300.00 W, 73, 2100 MHz
2026/09/23 03:20:05.965, 0, 92 %, 80 %, 3589 MiB, 49140 MiB, 278.85 W, 300.00 W, 71, 2640 MHz
2026/09/23 03:20:06.968, 0, 0 %, 0 %, 3589 MiB, 49140 MiB, 158.68 W, 300.00 W, 66, 2730 MHz
2026/09/23 03:20:07.968, 0, 92 %, 80 %, 3589 MiB, 49140 MiB, 221.38 W, 300.00 W, 72, 2325 MHz
2026/09/23 03:20:08.969, 0, 89 %, 78 %, 3589 MiB, 49140 MiB, 277.60 W, 300.00 W, 71, 2130 MHz
2026/09/23 03:20:09.970, 0, 91 %, 79 %, 3589 MiB, 49140 MiB, 278.08 W, 300.00 W, 71, 2310 MHz
2026/09/23 03:20:10.971, 0, 94 %, 81 %, 3589 MiB, 49140 MiB, 279.32 W, 300.00 W, 72, 2145 MHz
2026/09/23 03:20:11.973, 0, 92 %, 81 %, 3589 MiB, 49140 MiB, 280.23 W, 300.00 W, 72, 2070 MHz
2026/09/23 03:20:12.974, 0, 92 %, 76 %, 3589 MiB, 49140 MiB, 279.39 W, 300.00 W, 70, 2430 MHz
2026/09/23 03:20:13.974, 0, 91 %, 79 %, 3589 MiB, 49140 MiB, 278.81 W, 300.00 W, 71, 2475 MHz
2026/09/23 03:20:14.975, 0, 92 %, 78 %, 3589 MiB, 49140 MiB, 278.78 W, 300.00 W, 72, 2475 MHz
2026/09/23 03:20:15.976, 0, 91 %, 79 %, 3589 MiB, 49140 MiB, 277.89 W, 300.00 W, 72, 2355 MHz
2026/09/23 03:20:16.977, 0, 91 %, 79 %, 3589 MiB, 49140 MiB, 279.84 W, 300.00 W, 70, 2175 MHz
2026/09/23 03:20:17.978, 0, 91 %, 79 %, 3589 MiB, 49140 MiB, 277.40 W, 300.00 W, 72, 2340 MHz
2026/09/23 03:20:18.980, 0, 89 %, 78 %, 3589 MiB, 49140 MiB, 274.20 W, 300.00 W, 72, 2475 MHz
2026/09/23 03:20:19.982, 0, 0 %, 0 %, 3589 MiB, 49140 MiB, 144.83 W, 300.00 W, 66, 2730 MHz
2026/09/23 03:20:20.982, 0, 89 %, 77 %, 3589 MiB, 49140 MiB, 235.67 W, 300.00 W, 71, 2355 MHz
2026/09/23 03:20:21.983, 0, 91 %, 80 %, 3589 MiB, 49140 MiB, 276.50 W, 300.00 W, 71, 2235 MHz
2026/09/23 03:20:22.984, 0, 82 %, 70 %, 3589 MiB, 49140 MiB, 272.35 W, 300.00 W, 72, 2475 MHz
2026/09/23 03:20:23.986, 0, 93 %, 79 %, 3589 MiB, 49140 MiB, 278.66 W, 300.00 W, 71, 2325 MHz
2026/09/23 03:20:24.986, 0, 94 %, 83 %, 3589 MiB, 49140 MiB, 279.11 W, 300.00 W, 71, 2145 MHz
2026/09/23 03:20:25.987, 0, 92 %, 79 %, 3589 MiB, 49140 MiB, 280.12 W, 300.00 W, 72, 2430 MHz
2026/09/23 03:20:26.988, 0, 86 %, 75 %, 3589 MiB, 49140 MiB, 275.45 W, 300.00 W, 70, 2415 MHz
2026/09/23 03:20:27.989, 0, 94 %, 82 %, 3589 MiB, 49140 MiB, 278.39 W, 300.00 W, 70, 2520 MHz
2026/09/23 03:20:28.990, 0, 91 %, 79 %, 3589 MiB, 49140 MiB, 277.94 W, 300.00 W, 72, 2370 MHz
2026/09/23 03:20:29.991, 0, 90 %, 78 %, 3589 MiB, 49140 MiB, 278.96 W, 300.00 W, 73, 2400 MHz
2026/09/23 03:20:30.993, 0, 94 %, 82 %, 3589 MiB, 49140 MiB, 278.90 W, 300.00 W, 71, 2160 MHz
2026/09/23 03:20:31.994, 0, 90 %, 77 %, 3589 MiB, 49140 MiB, 271.73 W, 300.00 W, 71, 2685 MHz
2026/09/23 03:20:32.994, 0, 0 %, 0 %, 3589 MiB, 49140 MiB, 138.84 W, 300.00 W, 66, 2730 MHz
2026/09/23 03:20:33.996, 0, 91 %, 80 %, 3589 MiB, 49140 MiB, 244.43 W, 300.00 W, 70, 2160 MHz
2026/09/23 03:20:34.997, 0, 91 %, 79 %, 3589 MiB, 49140 MiB, 277.48 W, 300.00 W, 70, 2460 MHz
2026/09/23 03:20:35.997, 0, 89 %, 78 %, 3589 MiB, 49140 MiB, 279.27 W, 300.00 W, 72, 2325 MHz
2026/09/23 03:20:36.999, 0, 86 %, 74 %, 3589 MiB, 49140 MiB, 280.64 W, 300.00 W, 71, 2460 MHz
2026/09/23 03:20:38.000, 0, 89 %, 78 %, 3589 MiB, 49140 MiB, 277.14 W, 300.00 W, 72, 2400 MHz
2026/09/23 03:20:39.000, 0, 92 %, 76 %, 3589 MiB, 49140 MiB, 278.53 W, 300.00 W, 70, 2460 MHz
2026/09/23 03:20:40.001, 0, 91 %, 79 %, 3589 MiB, 49140 MiB, 279.04 W, 300.00 W, 72, 2265 MHz
2026/09/23 03:20:41.002, 0, 89 %, 77 %, 3589 MiB, 49140 MiB, 278.86 W, 300.00 W, 72, 2340 MHz
2026/09/23 03:20:42.003, 0, 91 %, 77 %, 3589 MiB, 49140 MiB, 278.93 W, 300.00 W, 72, 2280 MHz
2026/09/23 03:20:43.003, 0, 92 %, 79 %, 3589 MiB, 49140 MiB, 278.41 W, 300.00 W, 72, 2310 MHz
2026/09/23 03:20:44.005, 0, 84 %, 72 %, 3589 MiB, 49140 MiB, 278.60 W, 300.00 W, 71, 2145 MHz
2026/09/23 03:20:45.006, 0, 88 %, 76 %, 3589 MiB, 49140 MiB, 272.08 W, 300.00 W, 73, 2550 MHz
2026/09/23 03:20:46.007, 0, 0 %, 0 %, 3589 MiB, 49140 MiB, 129.80 W, 300.00 W, 66, 2730 MHz
2026/09/23 03:20:47.010, 0, 93 %, 80 %, 3589 MiB, 49140 MiB, 253.32 W, 300.00 W, 72, 2460 MHz
2026/09/23 03:20:48.010, 0, 91 %, 79 %, 3589 MiB, 49140 MiB, 278.22 W, 300.00 W, 71, 2130 MHz
2026/09/23 03:20:49.011, 0, 95 %, 80 %, 3589 MiB, 49140 MiB, 279.95 W, 300.00 W, 71, 2340 MHz
2026/09/23 03:20:50.013, 0, 95 %, 83 %, 3589 MiB, 49140 MiB, 279.26 W, 300.00 W, 70, 2325 MHz
2026/09/23 03:20:51.014, 0, 91 %, 79 %, 3589 MiB, 49140 MiB, 278.69 W, 300.00 W, 72, 2385 MHz
2026/09/23 03:20:52.015, 0, 90 %, 76 %, 3589 MiB, 49140 MiB, 279.98 W, 300.00 W, 72, 2280 MHz
2026/09/23 03:20:53.015, 0, 90 %, 77 %, 3589 MiB, 49140 MiB, 278.96 W, 300.00 W, 71, 2355 MHz
2026/09/23 03:20:54.016, 0, 92 %, 80 %, 3589 MiB, 49140 MiB, 279.48 W, 300.00 W, 73, 2445 MHz
2026/09/23 03:20:55.017, 0, 82 %, 70 %, 3589 MiB, 49140 MiB, 277.31 W, 300.00 W, 71, 2415 MHz
2026/09/23 03:20:56.018, 0, 90 %, 78 %, 3589 MiB, 49140 MiB, 279.98 W, 300.00 W, 72, 2160 MHz
2026/09/23 03:20:57.018, 0, 95 %, 83 %, 3589 MiB, 49140 MiB, 279.53 W, 300.00 W, 71, 2190 MHz
2026/09/23 03:20:58.019, 0, 86 %, 74 %, 3589 MiB, 49140 MiB, 269.50 W, 300.00 W, 71, 2565 MHz
2026/09/23 03:20:59.020, 0, 0 %, 0 %, 3589 MiB, 49140 MiB, 122.08 W, 300.00 W, 66, 2475 MHz
2026/09/23 03:21:00.021, 0, 91 %, 79 %, 3589 MiB, 49140 MiB, 270.56 W, 300.00 W, 71, 2385 MHz
2026/09/23 03:21:01.022, 0, 88 %, 75 %, 3589 MiB, 49140 MiB, 280.78 W, 300.00 W, 70, 2370 MHz
2026/09/23 03:21:02.023, 0, 93 %, 82 %, 3589 MiB, 49140 MiB, 280.98 W, 300.00 W, 71, 2415 MHz
2026/09/23 03:21:03.023, 0, 92 %, 80 %, 3589 MiB, 49140 MiB, 280.45 W, 300.00 W, 71, 2490 MHz
2026/09/23 03:21:04.024, 0, 88 %, 76 %, 3589 MiB, 49140 MiB, 280.03 W, 300.00 W, 72, 2085 MHz
2026/09/23 03:21:05.025, 0, 90 %, 76 %, 3589 MiB, 49140 MiB, 283.20 W, 300.00 W, 72, 2100 MHz
2026/09/23 03:21:06.025, 0, 86 %, 75 %, 3589 MiB, 49140 MiB, 282.41 W, 300.00 W, 72, 2340 MHz
2026/09/23 03:21:07.026, 0, 93 %, 80 %, 3589 MiB, 49140 MiB, 284.35 W, 300.00 W, 71, 2340 MHz
2026/09/23 03:21:08.027, 0, 94 %, 78 %, 3589 MiB, 49140 MiB, 281.66 W, 300.00 W, 71, 2460 MHz
2026/09/23 03:21:09.028, 0, 93 %, 81 %, 3589 MiB, 49140 MiB, 281.43 W, 300.00 W, 71, 2115 MHz
2026/09/23 03:21:10.029, 0, 90 %, 78 %, 3589 MiB, 49140 MiB, 281.63 W, 300.00 W, 73, 2400 MHz
2026/09/23 03:21:11.029, 0, 71 %, 50 %, 3589 MiB, 49140 MiB, 270.17 W, 300.00 W, 71, 2610 MHz
2026/09/23 03:21:12.030, 0, 0 %, 0 %, 3589 MiB, 49140 MiB, 132.15 W, 300.00 W, 71, 2385 MHz
2026/09/23 03:21:13.030, 0, 95 %, 84 %, 3589 MiB, 49140 MiB, 283.41 W, 300.00 W, 71, 2340 MHz
2026/09/23 03:21:14.031, 0, 79 %, 67 %, 3589 MiB, 49140 MiB, 279.79 W, 300.00 W, 71, 2460 MHz
2026/09/23 03:21:15.032, 0, 92 %, 79 %, 3589 MiB, 49140 MiB, 281.00 W, 300.00 W, 72, 2430 MHz
2026/09/23 03:21:16.032, 0, 92 %, 77 %, 3589 MiB, 49140 MiB, 281.85 W, 300.00 W, 71, 2355 MHz
2026/09/23 03:21:17.033, 0, 88 %, 76 %, 3589 MiB, 49140 MiB, 279.47 W, 300.00 W, 71, 2385 MHz
2026/09/23 03:21:18.034, 0, 87 %, 75 %, 3589 MiB, 49140 MiB, 281.50 W, 300.00 W, 71, 2325 MHz
2026/09/23 03:21:19.035, 0, 93 %, 82 %, 3589 MiB, 49140 MiB, 282.79 W, 300.00 W, 72, 2310 MHz
2026/09/23 03:21:20.036, 0, 92 %, 76 %, 3589 MiB, 49140 MiB, 281.38 W, 300.00 W, 72, 2295 MHz
2026/09/23 03:21:21.036, 0, 89 %, 76 %, 3589 MiB, 49140 MiB, 283.71 W, 300.00 W, 71, 2475 MHz
2026/09/23 03:21:22.038, 0, 91 %, 77 %, 3589 MiB, 49140 MiB, 283.30 W, 300.00 W, 71, 2310 MHz
2026/09/23 03:21:23.040, 0, 93 %, 78 %, 3589 MiB, 49140 MiB, 280.83 W, 300.00 W, 72, 2430 MHz
2026/09/23 03:21:24.041, 0, 50 %, 32 %, 3589 MiB, 49140 MiB, 261.07 W, 300.00 W, 68, 2730 MHz
2026/09/23 03:21:25.041, 0, 0 %, 0 %, 3589 MiB, 49140 MiB, 126.62 W, 300.00 W, 70, 2370 MHz
2026/09/23 03:21:26.045, 0, 90 %, 78 %, 3589 MiB, 49140 MiB, 276.44 W, 300.00 W, 70, 2190 MHz
2026/09/23 03:21:27.046, 0, 90 %, 78 %, 3589 MiB, 49140 MiB, 279.54 W, 300.00 W, 71, 2295 MHz
2026/09/23 03:21:28.047, 0, 88 %, 76 %, 3589 MiB, 49140 MiB, 277.95 W, 300.00 W, 72, 2145 MHz
2026/09/23 03:21:29.047, 0, 88 %, 76 %, 3589 MiB, 49140 MiB, 278.77 W, 300.00 W, 71, 2340 MHz
2026/09/23 03:21:30.049, 0, 89 %, 78 %, 3589 MiB, 49140 MiB, 277.37 W, 300.00 W, 72, 2295 MHz
2026/09/23 03:21:31.050, 0, 92 %, 80 %, 3589 MiB, 49140 MiB, 279.39 W, 300.00 W, 72, 2370 MHz
2026/09/23 03:21:32.051, 0, 88 %, 77 %, 3589 MiB, 49140 MiB, 278.33 W, 300.00 W, 71, 2070 MHz
2026/09/23 03:21:33.052, 0, 88 %, 75 %, 3589 MiB, 49140 MiB, 279.47 W, 300.00 W, 72, 2385 MHz
2026/09/23 03:21:34.053, 0, 91 %, 79 %, 3589 MiB, 49140 MiB, 279.38 W, 300.00 W, 72, 2415 MHz
2026/09/23 03:21:35.054, 0, 91 %, 78 %, 3589 MiB, 49140 MiB, 278.59 W, 300.00 W, 73, 2445 MHz
2026/09/23 03:21:36.054, 0, 87 %, 75 %, 3589 MiB, 49140 MiB, 277.39 W, 300.00 W, 72, 2310 MHz
2026/09/23 03:21:37.055, 0, 67 %, 43 %, 3589 MiB, 49140 MiB, 242.62 W, 300.00 W, 67, 2730 MHz
2026/09/23 03:21:38.055, 0, 0 %, 0 %, 3589 MiB, 49140 MiB, 145.79 W, 300.00 W, 70, 2205 MHz
2026/09/23 03:21:39.057, 0, 94 %, 80 %, 3589 MiB, 49140 MiB, 282.27 W, 300.00 W, 70, 2145 MHz
2026/09/23 03:21:40.057, 0, 94 %, 82 %, 3589 MiB, 49140 MiB, 282.52 W, 300.00 W, 71, 2325 MHz
2026/09/23 03:21:41.058, 0, 92 %, 79 %, 3589 MiB, 49140 MiB, 285.12 W, 300.00 W, 71, 2220 MHz
2026/09/23 03:21:42.060, 0, 91 %, 78 %, 3589 MiB, 49140 MiB, 286.33 W, 300.00 W, 71, 2340 MHz
2026/09/23 03:21:43.060, 0, 88 %, 76 %, 3589 MiB, 49140 MiB, 284.40 W, 300.00 W, 72, 2385 MHz
2026/09/23 03:21:44.061, 0, 92 %, 80 %, 3589 MiB, 49140 MiB, 284.79 W, 300.00 W, 72, 2280 MHz
2026/09/23 03:21:45.062, 0, 85 %, 74 %, 3589 MiB, 49140 MiB, 280.97 W, 300.00 W, 73, 2535 MHz
2026/09/23 03:21:46.063, 0, 88 %, 76 %, 3589 MiB, 49140 MiB, 282.40 W, 300.00 W, 71, 2370 MHz
2026/09/23 03:21:47.064, 0, 90 %, 76 %, 3589 MiB, 49140 MiB, 282.43 W, 300.00 W, 71, 2370 MHz
2026/09/23 03:21:48.064, 0, 87 %, 76 %, 3589 MiB, 49140 MiB, 281.98 W, 300.00 W, 73, 2115 MHz
2026/09/23 03:21:49.065, 0, 92 %, 81 %, 3589 MiB, 49140 MiB, 283.90 W, 300.00 W, 73, 2130 MHz
2026/09/23 03:21:50.066, 0, 62 %, 39 %, 3589 MiB, 49140 MiB, 218.43 W, 300.00 W, 66, 2730 MHz
2026/09/23 03:21:51.067, 0, 0 %, 0 %, 3589 MiB, 49140 MiB, 165.14 W, 300.00 W, 72, 2145 MHz
2026/09/23 03:21:52.067, 0, 88 %, 75 %, 3589 MiB, 49140 MiB, 279.42 W, 300.00 W, 71, 2175 MHz
2026/09/23 03:21:53.068, 0, 92 %, 80 %, 3589 MiB, 49140 MiB, 280.67 W, 300.00 W, 71, 2175 MHz
2026/09/23 03:21:54.069, 0, 92 %, 80 %, 3589 MiB, 49140 MiB, 279.21 W, 300.00 W, 71, 2370 MHz
2026/09/23 03:21:55.069, 0, 93 %, 81 %, 3589 MiB, 49140 MiB, 278.29 W, 300.00 W, 70, 2355 MHz
2026/09/23 03:21:56.071, 0, 89 %, 77 %, 3589 MiB, 49140 MiB, 278.30 W, 300.00 W, 72, 2220 MHz
2026/09/23 03:21:57.071, 0, 91 %, 80 %, 3589 MiB, 49140 MiB, 276.91 W, 300.00 W, 70, 2445 MHz
2026/09/23 03:21:58.072, 0, 93 %, 80 %, 3589 MiB, 49140 MiB, 279.13 W, 300.00 W, 72, 2340 MHz
2026/09/23 03:21:59.073, 0, 95 %, 83 %, 3589 MiB, 49140 MiB, 277.26 W, 300.00 W, 71, 2475 MHz
2026/09/23 03:22:00.073, 0, 94 %, 80 %, 3589 MiB, 49140 MiB, 278.79 W, 300.00 W, 71, 2400 MHz
2026/09/23 03:22:01.075, 0, 88 %, 76 %, 3589 MiB, 49140 MiB, 278.06 W, 300.00 W, 71, 2460 MHz
2026/09/23 03:22:02.075, 0, 93 %, 77 %, 3589 MiB, 49140 MiB, 279.40 W, 300.00 W, 71, 2340 MHz
2026/09/23 03:22:03.076, 0, 62 %, 40 %, 3589 MiB, 49140 MiB, 201.17 W, 300.00 W, 66, 2730 MHz
2026/09/23 03:22:04.077, 0, 57 %, 49 %, 3589 MiB, 49140 MiB, 184.54 W, 300.00 W, 71, 2355 MHz
2026/09/23 03:22:05.078, 0, 92 %, 80 %, 3589 MiB, 49140 MiB, 279.68 W, 300.00 W, 70, 2370 MHz
2026/09/23 03:22:06.079, 0, 92 %, 80 %, 3589 MiB, 49140 MiB, 279.40 W, 300.00 W, 72, 2325 MHz
2026/09/23 03:22:07.079, 0, 91 %, 78 %, 3589 MiB, 49140 MiB, 278.60 W, 300.00 W, 72, 2310 MHz
2026/09/23 03:22:08.080, 0, 89 %, 76 %, 3589 MiB, 49140 MiB, 278.62 W, 300.00 W, 72, 2145 MHz
2026/09/23 03:22:09.081, 0, 91 %, 77 %, 3589 MiB, 49140 MiB, 276.11 W, 300.00 W, 71, 2430 MHz
2026/09/23 03:22:10.081, 0, 90 %, 76 %, 3589 MiB, 49140 MiB, 279.94 W, 300.00 W, 71, 2295 MHz
2026/09/23 03:22:11.082, 0, 90 %, 77 %, 3589 MiB, 49140 MiB, 279.17 W, 300.00 W, 72, 2355 MHz
2026/09/23 03:22:12.083, 0, 93 %, 78 %, 3589 MiB, 49140 MiB, 281.03 W, 300.00 W, 72, 2115 MHz
2026/09/23 03:22:13.084, 0, 91 %, 79 %, 3589 MiB, 49140 MiB, 279.87 W, 300.00 W, 72, 2280 MHz
2026/09/23 03:22:14.085, 0, 90 %, 78 %, 3589 MiB, 49140 MiB, 279.62 W, 300.00 W, 73, 2130 MHz
2026/09/23 03:22:15.086, 0, 92 %, 78 %, 3589 MiB, 49140 MiB, 275.61 W, 300.00 W, 73, 2430 MHz
2026/09/23 03:22:16.086, 0, 13 %, 9 %, 3589 MiB, 49140 MiB, 169.76 W, 300.00 W, 66, 2730 MHz
2026/09/23 03:22:17.087, 0, 86 %, 75 %, 3589 MiB, 49140 MiB, 212.97 W, 300.00 W, 71, 2205 MHz
2026/09/23 03:22:18.088, 0, 90 %, 77 %, 3589 MiB, 49140 MiB, 277.20 W, 300.00 W, 71, 2445 MHz
2026/09/23 03:22:19.089, 0, 94 %, 80 %, 3589 MiB, 49140 MiB, 280.67 W, 300.00 W, 71, 2205 MHz
2026/09/23 03:22:20.090, 0, 94 %, 78 %, 3589 MiB, 49140 MiB, 280.32 W, 300.00 W, 72, 2130 MHz
2026/09/23 03:22:21.091, 0, 93 %, 80 %, 3589 MiB, 49140 MiB, 279.33 W, 300.00 W, 71, 2190 MHz
2026/09/23 03:22:22.091, 0, 82 %, 71 %, 3589 MiB, 49140 MiB, 280.21 W, 300.00 W, 71, 2145 MHz
2026/09/23 03:22:23.092, 0, 92 %, 80 %, 3589 MiB, 49140 MiB, 278.96 W, 300.00 W, 71, 2385 MHz
2026/09/23 03:22:24.093, 0, 94 %, 79 %, 3589 MiB, 49140 MiB, 280.34 W, 300.00 W, 71, 2040 MHz
2026/09/23 03:22:25.093, 0, 89 %, 77 %, 3589 MiB, 49140 MiB, 281.10 W, 300.00 W, 71, 2220 MHz
2026/09/23 03:22:26.094, 0, 91 %, 79 %, 3589 MiB, 49140 MiB, 279.67 W, 300.00 W, 71, 2415 MHz
2026/09/23 03:22:27.095, 0, 93 %, 80 %, 3589 MiB, 49140 MiB, 275.22 W, 300.00 W, 73, 2145 MHz
2026/09/23 03:22:28.096, 0, 93 %, 82 %, 3589 MiB, 49140 MiB, 271.57 W, 300.00 W, 71, 2655 MHz
2026/09/23 03:22:29.096, 0, 0 %, 0 %, 3589 MiB, 49140 MiB, 150.92 W, 300.00 W, 66, 2730 MHz
2026/09/23 03:22:30.097, 0, 89 %, 78 %, 3589 MiB, 49140 MiB, 219.93 W, 300.00 W, 70, 2475 MHz
2026/09/23 03:22:31.098, 0, 92 %, 80 %, 3589 MiB, 49140 MiB, 278.05 W, 300.00 W, 72, 2130 MHz
2026/09/23 03:22:32.099, 0, 93 %, 81 %, 3589 MiB, 49140 MiB, 280.73 W, 300.00 W, 71, 2295 MHz
2026/09/23 03:22:33.100, 0, 89 %, 78 %, 3589 MiB, 49140 MiB, 278.17 W, 300.00 W, 71, 2430 MHz
2026/09/23 03:22:34.101, 0, 94 %, 80 %, 3589 MiB, 49140 MiB, 279.66 W, 300.00 W, 71, 2175 MHz
2026/09/23 03:22:35.101, 0, 87 %, 75 %, 3589 MiB, 49140 MiB, 278.87 W, 300.00 W, 71, 2190 MHz
2026/09/23 03:22:36.102, 0, 91 %, 78 %, 3589 MiB, 49140 MiB, 278.89 W, 300.00 W, 71, 2160 MHz
2026/09/23 03:22:37.102, 0, 88 %, 75 %, 3589 MiB, 49140 MiB, 277.96 W, 300.00 W, 73, 2310 MHz
2026/09/23 03:22:38.104, 0, 89 %, 78 %, 3589 MiB, 49140 MiB, 277.33 W, 300.00 W, 72, 2295 MHz
2026/09/23 03:22:39.104, 0, 89 %, 78 %, 3589 MiB, 49140 MiB, 278.99 W, 300.00 W, 70, 2475 MHz
2026/09/23 03:22:40.106, 0, 91 %, 78 %, 3589 MiB, 49140 MiB, 279.15 W, 300.00 W, 71, 2445 MHz
2026/09/23 03:22:41.108, 0, 87 %, 76 %, 3589 MiB, 49140 MiB, 273.95 W, 300.00 W, 71, 2580 MHz
2026/09/23 03:22:42.108, 0, 0 %, 0 %, 3589 MiB, 49140 MiB, 155.76 W, 300.00 W, 66, 2715 MHz
2026/09/23 03:22:43.110, 0, 91 %, 79 %, 3589 MiB, 49140 MiB, 227.17 W, 300.00 W, 70, 2400 MHz
2026/09/23 03:22:44.112, 0, 87 %, 75 %, 3589 MiB, 49140 MiB, 279.01 W, 300.00 W, 71, 2160 MHz
2026/09/23 03:22:45.114, 0, 92 %, 80 %, 3589 MiB, 49140 MiB, 279.07 W, 300.00 W, 71, 2190 MHz
2026/09/23 03:22:46.114, 0, 91 %, 76 %, 3589 MiB, 49140 MiB, 277.95 W, 300.00 W, 70, 2265 MHz
2026/09/23 03:22:47.116, 0, 94 %, 80 %, 3589 MiB, 49140 MiB, 278.92 W, 300.00 W, 72, 2445 MHz
2026/09/23 03:22:48.116, 0, 94 %, 83 %, 3589 MiB, 49140 MiB, 279.03 W, 300.00 W, 71, 2295 MHz
2026/09/23 03:22:49.117, 0, 92 %, 78 %, 3589 MiB, 49140 MiB, 278.26 W, 300.00 W, 72, 2355 MHz
2026/09/23 03:22:50.118, 0, 94 %, 79 %, 3589 MiB, 49140 MiB, 278.89 W, 300.00 W, 71, 2460 MHz
2026/09/23 03:22:51.119, 0, 93 %, 80 %, 3589 MiB, 49140 MiB, 279.09 W, 300.00 W, 72, 2310 MHz
2026/09/23 03:22:52.120, 0, 91 %, 79 %, 3589 MiB, 49140 MiB, 278.12 W, 300.00 W, 71, 2400 MHz
2026/09/23 03:22:53.121, 0, 92 %, 80 %, 3589 MiB, 49140 MiB, 278.57 W, 300.00 W, 70, 2295 MHz
2026/09/23 03:22:54.121, 0, 91 %, 79 %, 3589 MiB, 49140 MiB, 274.14 W, 300.00 W, 73, 2505 MHz
2026/09/23 03:22:55.122, 0, 0 %, 0 %, 3589 MiB, 49140 MiB, 135.83 W, 300.00 W, 65, 2730 MHz
2026/09/23 03:22:56.122, 0, 89 %, 78 %, 3589 MiB, 49140 MiB, 255.46 W, 300.00 W, 71, 2280 MHz
2026/09/23 03:22:57.123, 0, 88 %, 76 %, 3589 MiB, 49140 MiB, 282.11 W, 300.00 W, 70, 2340 MHz
2026/09/23 03:22:58.124, 0, 90 %, 77 %, 3589 MiB, 49140 MiB, 284.33 W, 300.00 W, 70, 2505 MHz
2026/09/23 03:22:59.125, 0, 89 %, 77 %, 3589 MiB, 49140 MiB, 283.66 W, 300.00 W, 71, 2445 MHz
2026/09/23 03:23:00.125, 0, 95 %, 80 %, 3589 MiB, 49140 MiB, 282.53 W, 300.00 W, 71, 2385 MHz
2026/09/23 03:23:01.126, 0, 92 %, 77 %, 3589 MiB, 49140 MiB, 284.70 W, 300.00 W, 72, 2295 MHz
2026/09/23 03:23:02.127, 0, 91 %, 79 %, 3589 MiB, 49140 MiB, 283.00 W, 300.00 W, 70, 2280 MHz
2026/09/23 03:23:03.128, 0, 86 %, 75 %, 3589 MiB, 49140 MiB, 284.19 W, 300.00 W, 72, 2340 MHz
2026/09/23 03:23:04.128, 0, 86 %, 74 %, 3589 MiB, 49140 MiB, 281.54 W, 300.00 W, 72, 2310 MHz
2026/09/23 03:23:05.129, 0, 90 %, 79 %, 3589 MiB, 49140 MiB, 283.28 W, 300.00 W, 70, 2175 MHz
2026/09/23 03:23:06.130, 0, 83 %, 72 %, 3589 MiB, 49140 MiB, 282.95 W, 300.00 W, 72, 2415 MHz
2026/09/23 03:23:07.131, 0, 91 %, 80 %, 3589 MiB, 49140 MiB, 275.49 W, 300.00 W, 71, 2685 MHz
2026/09/23 03:23:08.132, 0, 0 %, 0 %, 3589 MiB, 49140 MiB, 131.04 W, 300.00 W, 69, 2220 MHz
2026/09/23 03:23:09.132, 0, 88 %, 76 %, 3589 MiB, 49140 MiB, 262.64 W, 300.00 W, 71, 2400 MHz
2026/09/23 03:23:10.133, 0, 88 %, 77 %, 3589 MiB, 49140 MiB, 278.65 W, 300.00 W, 72, 2415 MHz
2026/09/23 03:23:11.134, 0, 91 %, 80 %, 3589 MiB, 49140 MiB, 278.48 W, 300.00 W, 71, 2340 MHz
2026/09/23 03:23:12.135, 0, 92 %, 79 %, 3589 MiB, 49140 MiB, 278.24 W, 300.00 W, 70, 2370 MHz
2026/09/23 03:23:13.135, 0, 88 %, 76 %, 3589 MiB, 49140 MiB, 279.01 W, 300.00 W, 73, 2325 MHz
2026/09/23 03:23:14.136, 0, 91 %, 79 %, 3589 MiB, 49140 MiB, 277.94 W, 300.00 W, 72, 2295 MHz
2026/09/23 03:23:15.136, 0, 91 %, 79 %, 3589 MiB, 49140 MiB, 277.88 W, 300.00 W, 72, 2280 MHz
2026/09/23 03:23:16.137, 0, 87 %, 75 %, 3589 MiB, 49140 MiB, 278.80 W, 300.00 W, 71, 2460 MHz
2026/09/23 03:23:17.138, 0, 94 %, 77 %, 3589 MiB, 49140 MiB, 277.57 W, 300.00 W, 72, 2250 MHz
2026/09/23 03:23:18.139, 0, 92 %, 77 %, 3589 MiB, 49140 MiB, 280.91 W, 300.00 W, 72, 2370 MHz
2026/09/23 03:23:19.139, 0, 93 %, 77 %, 3589 MiB, 49140 MiB, 278.29 W, 300.00 W, 72, 2145 MHz
2026/09/23 03:23:20.140, 0, 75 %, 52 %, 3589 MiB, 49140 MiB, 269.70 W, 300.00 W, 72, 2730 MHz
2026/09/23 03:23:21.140, 0, 0 %, 0 %, 3589 MiB, 49140 MiB, 126.65 W, 300.00 W, 69, 2400 MHz
2026/09/23 03:23:22.141, 0, 89 %, 77 %, 3589 MiB, 49140 MiB, 279.47 W, 300.00 W, 72, 2340 MHz
2026/09/23 03:23:23.142, 0, 92 %, 81 %, 3589 MiB, 49140 MiB, 277.52 W, 300.00 W, 71, 2280 MHz
2026/09/23 03:23:24.142, 0, 90 %, 78 %, 3589 MiB, 49140 MiB, 276.09 W, 300.00 W, 71, 2370 MHz
2026/09/23 03:23:25.144, 0, 94 %, 81 %, 3589 MiB, 49140 MiB, 278.87 W, 300.00 W, 71, 2355 MHz
2026/09/23 03:23:26.145, 0, 93 %, 78 %, 3589 MiB, 49140 MiB, 278.76 W, 300.00 W, 71, 2415 MHz
2026/09/23 03:23:27.146, 0, 89 %, 78 %, 3589 MiB, 49140 MiB, 278.22 W, 300.00 W, 71, 2385 MHz
2026/09/23 03:23:28.146, 0, 87 %, 76 %, 3589 MiB, 49140 MiB, 278.69 W, 300.00 W, 71, 2430 MHz
2026/09/23 03:23:29.147, 0, 89 %, 77 %, 3589 MiB, 49140 MiB, 278.83 W, 300.00 W, 72, 2355 MHz
2026/09/23 03:23:30.149, 0, 94 %, 82 %, 3589 MiB, 49140 MiB, 280.63 W, 300.00 W, 70, 2340 MHz
2026/09/23 03:23:31.150, 0, 94 %, 81 %, 3589 MiB, 49140 MiB, 279.66 W, 300.00 W, 72, 2340 MHz
2026/09/23 03:23:32.151, 0, 92 %, 77 %, 3589 MiB, 49140 MiB, 280.99 W, 300.00 W, 71, 2145 MHz
2026/09/23 03:23:33.151, 0, 67 %, 43 %, 3589 MiB, 49140 MiB, 257.52 W, 300.00 W, 67, 2730 MHz
2026/09/23 03:23:34.152, 0, 0 %, 0 %, 3589 MiB, 49140 MiB, 135.78 W, 300.00 W, 69, 2265 MHz
2026/09/23 03:23:35.153, 0, 92 %, 80 %, 3589 MiB, 49140 MiB, 280.47 W, 300.00 W, 71, 2310 MHz
2026/09/23 03:23:36.153, 0, 92 %, 80 %, 3589 MiB, 49140 MiB, 283.25 W, 300.00 W, 72, 2190 MHz
2026/09/23 03:23:37.154, 0, 92 %, 80 %, 3589 MiB, 49140 MiB, 282.87 W, 300.00 W, 71, 2325 MHz
2026/09/23 03:23:38.155, 0, 94 %, 82 %, 3589 MiB, 49140 MiB, 281.96 W, 300.00 W, 72, 2250 MHz
2026/09/23 03:23:39.156, 0, 90 %, 79 %, 3589 MiB, 49140 MiB, 282.77 W, 300.00 W, 72, 2145 MHz
2026/09/23 03:23:40.157, 0, 91 %, 79 %, 3589 MiB, 49140 MiB, 282.41 W, 300.00 W, 71, 2340 MHz
2026/09/23 03:23:41.157, 0, 92 %, 78 %, 3589 MiB, 49140 MiB, 283.61 W, 300.00 W, 72, 2370 MHz
2026/09/23 03:23:42.158, 0, 92 %, 78 %, 3589 MiB, 49140 MiB, 283.12 W, 300.00 W, 71, 2325 MHz
2026/09/23 03:23:43.159, 0, 91 %, 78 %, 3589 MiB, 49140 MiB, 284.13 W, 300.00 W, 72, 2340 MHz
2026/09/23 03:23:44.160, 0, 88 %, 77 %, 3589 MiB, 49140 MiB, 280.26 W, 300.00 W, 70, 2475 MHz
2026/09/23 03:23:45.161, 0, 86 %, 74 %, 3589 MiB, 49140 MiB, 279.51 W, 300.00 W, 71, 2445 MHz
2026/09/23 03:23:46.162, 0, 72 %, 47 %, 3589 MiB, 49140 MiB, 210.97 W, 300.00 W, 66, 2730 MHz
2026/09/23 03:23:47.162, 0, 0 %, 0 %, 3589 MiB, 49140 MiB, 177.59 W, 300.00 W, 70, 2280 MHz
2026/09/23 03:23:48.163, 0, 89 %, 78 %, 3589 MiB, 49140 MiB, 278.82 W, 300.00 W, 71, 2295 MHz
2026/09/23 03:23:49.164, 0, 92 %, 80 %, 3589 MiB, 49140 MiB, 277.87 W, 300.00 W, 70, 2325 MHz
2026/09/23 03:23:50.165, 0, 94 %, 81 %, 3589 MiB, 49140 MiB, 280.63 W, 300.00 W, 71, 2310 MHz
2026/09/23 03:23:51.167, 0, 89 %, 76 %, 3589 MiB, 49140 MiB, 276.66 W, 300.00 W, 71, 2355 MHz
2026/09/23 03:23:52.167, 0, 89 %, 77 %, 3589 MiB, 49140 MiB, 277.07 W, 300.00 W, 72, 2340 MHz
2026/09/23 03:23:53.168, 0, 85 %, 74 %, 3589 MiB, 49140 MiB, 278.65 W, 300.00 W, 71, 2325 MHz
2026/09/23 03:23:54.169, 0, 91 %, 76 %, 3589 MiB, 49140 MiB, 280.38 W, 300.00 W, 71, 2430 MHz
2026/09/23 03:23:55.170, 0, 94 %, 82 %, 3589 MiB, 49140 MiB, 278.94 W, 300.00 W, 71, 2310 MHz
2026/09/23 03:23:56.170, 0, 89 %, 77 %, 3589 MiB, 49140 MiB, 276.51 W, 300.00 W, 71, 2250 MHz
2026/09/23 03:23:57.171, 0, 88 %, 77 %, 3589 MiB, 49140 MiB, 277.27 W, 300.00 W, 72, 2400 MHz
2026/09/23 03:23:58.172, 0, 94 %, 82 %, 3589 MiB, 49140 MiB, 276.44 W, 300.00 W, 70, 2460 MHz
2026/09/23 03:23:59.174, 0, 67 %, 43 %, 3589 MiB, 49140 MiB, 187.35 W, 300.00 W, 66, 2730 MHz
2026/09/23 03:24:00.175, 0, 87 %, 76 %, 3589 MiB, 49140 MiB, 200.85 W, 300.00 W, 71, 2370 MHz
2026/09/23 03:24:01.176, 0, 86 %, 75 %, 3589 MiB, 49140 MiB, 281.25 W, 300.00 W, 71, 2445 MHz
2026/09/23 03:24:02.177, 0, 90 %, 77 %, 3589 MiB, 49140 MiB, 279.39 W, 300.00 W, 71, 2400 MHz
2026/09/23 03:24:03.178, 0, 92 %, 79 %, 3589 MiB, 49140 MiB, 280.51 W, 300.00 W, 72, 2130 MHz
2026/09/23 03:24:04.179, 0, 89 %, 77 %, 3589 MiB, 49140 MiB, 281.67 W, 300.00 W, 71, 2460 MHz
2026/09/23 03:24:05.180, 0, 91 %, 79 %, 3589 MiB, 49140 MiB, 282.49 W, 300.00 W, 72, 2175 MHz
2026/09/23 03:24:06.182, 0, 90 %, 76 %, 3589 MiB, 49140 MiB, 282.39 W, 300.00 W, 73, 2220 MHz
2026/09/23 03:24:07.183, 0, 84 %, 73 %, 3589 MiB, 49140 MiB, 279.52 W, 300.00 W, 70, 2400 MHz
2026/09/23 03:24:08.184, 0, 84 %, 73 %, 3589 MiB, 49140 MiB, 280.39 W, 300.00 W, 72, 2430 MHz
2026/09/23 03:24:09.185, 0, 88 %, 77 %, 3589 MiB, 49140 MiB, 280.15 W, 300.00 W, 72, 2325 MHz
2026/09/23 03:24:10.185, 0, 95 %, 80 %, 3589 MiB, 49140 MiB, 281.61 W, 300.00 W, 71, 2475 MHz
2026/09/23 03:24:11.186, 0, 87 %, 75 %, 3589 MiB, 49140 MiB, 278.06 W, 300.00 W, 71, 2490 MHz
2026/09/23 03:24:12.187, 0, 52 %, 33 %, 3589 MiB, 49140 MiB, 176.32 W, 300.00 W, 66, 2730 MHz
2026/09/23 03:24:13.188, 0, 91 %, 76 %, 3589 MiB, 49140 MiB, 200.86 W, 300.00 W, 71, 2520 MHz
2026/09/23 03:24:14.189, 0, 89 %, 78 %, 3589 MiB, 49140 MiB, 279.05 W, 300.00 W, 71, 2340 MHz
2026/09/23 03:24:15.190, 0, 91 %, 78 %, 3589 MiB, 49140 MiB, 279.80 W, 300.00 W, 72, 2295 MHz
2026/09/23 03:24:16.191, 0, 94 %, 82 %, 3589 MiB, 49140 MiB, 281.04 W, 300.00 W, 70, 2310 MHz
2026/09/23 03:24:17.192, 0, 91 %, 76 %, 3589 MiB, 49140 MiB, 278.36 W, 300.00 W, 71, 2430 MHz
2026/09/23 03:24:18.194, 0, 89 %, 78 %, 3589 MiB, 49140 MiB, 278.75 W, 300.00 W, 72, 2340 MHz
2026/09/23 03:24:19.195, 0, 94 %, 81 %, 3589 MiB, 49140 MiB, 280.90 W, 300.00 W, 71, 2250 MHz
2026/09/23 03:24:20.196, 0, 91 %, 80 %, 3589 MiB, 49140 MiB, 279.20 W, 300.00 W, 72, 2415 MHz
2026/09/23 03:24:21.197, 0, 91 %, 78 %, 3589 MiB, 49140 MiB, 279.07 W, 300.00 W, 73, 2310 MHz
2026/09/23 03:24:22.198, 0, 90 %, 76 %, 3589 MiB, 49140 MiB, 279.17 W, 300.00 W, 72, 2280 MHz
2026/09/23 03:24:23.199, 0, 88 %, 75 %, 3589 MiB, 49140 MiB, 278.62 W, 300.00 W, 71, 2355 MHz
2026/09/23 03:24:24.200, 0, 91 %, 79 %, 3589 MiB, 49140 MiB, 273.73 W, 300.00 W, 72, 2475 MHz
2026/09/23 03:24:25.200, 0, 0 %, 0 %, 3589 MiB, 49140 MiB, 156.11 W, 300.00 W, 66, 2730 MHz
2026/09/23 03:24:26.200, 0, 0 %, 0 %, 3589 MiB, 49140 MiB, 144.60 W, 300.00 W, 70, 2385 MHz
2026/09/23 03:24:27.201, 0, 89 %, 77 %, 3589 MiB, 49140 MiB, 280.58 W, 300.00 W, 71, 2160 MHz
2026/09/23 03:24:28.202, 0, 90 %, 75 %, 3589 MiB, 49140 MiB, 282.09 W, 300.00 W, 71, 2190 MHz
2026/09/23 03:24:29.202, 0, 92 %, 79 %, 3589 MiB, 49140 MiB, 281.05 W, 300.00 W, 70, 2430 MHz
2026/09/23 03:24:30.204, 0, 93 %, 79 %, 3589 MiB, 49140 MiB, 282.28 W, 300.00 W, 70, 2460 MHz
2026/09/23 03:24:31.208, 0, 87 %, 74 %, 3589 MiB, 49140 MiB, 279.91 W, 300.00 W, 72, 2400 MHz
2026/09/23 03:24:32.209, 0, 91 %, 76 %, 3589 MiB, 49140 MiB, 278.43 W, 300.00 W, 71, 2325 MHz
2026/09/23 03:24:33.210, 0, 87 %, 75 %, 3589 MiB, 49140 MiB, 282.00 W, 300.00 W, 71, 2145 MHz
2026/09/23 03:24:34.211, 0, 92 %, 79 %, 3589 MiB, 49140 MiB, 283.47 W, 300.00 W, 71, 2145 MHz
2026/09/23 03:24:35.212, 0, 92 %, 77 %, 3589 MiB, 49140 MiB, 281.26 W, 300.00 W, 70, 2430 MHz
2026/09/23 03:24:36.213, 0, 85 %, 74 %, 3589 MiB, 49140 MiB, 280.08 W, 300.00 W, 71, 2355 MHz
2026/09/23 03:24:37.214, 0, 94 %, 80 %, 3589 MiB, 49140 MiB, 278.38 W, 300.00 W, 71, 2475 MHz
2026/09/23 03:24:38.215, 0, 66 %, 41 %, 3589 MiB, 49140 MiB, 240.20 W, 300.00 W, 67, 2730 MHz
2026/09/23 03:24:39.215, 0, 0 %, 0 %, 3589 MiB, 49140 MiB, 137.24 W, 300.00 W, 70, 2475 MHz
2026/09/23 03:24:40.216, 0, 86 %, 74 %, 3589 MiB, 49140 MiB, 277.63 W, 300.00 W, 72, 2340 MHz
2026/09/23 03:24:41.217, 0, 86 %, 73 %, 3589 MiB, 49140 MiB, 278.93 W, 300.00 W, 71, 2145 MHz
2026/09/23 03:24:42.217, 0, 93 %, 78 %, 3589 MiB, 49140 MiB, 278.93 W, 300.00 W, 71, 2295 MHz
2026/09/23 03:24:43.218, 0, 94 %, 80 %, 3589 MiB, 49140 MiB, 278.84 W, 300.00 W, 71, 2370 MHz
2026/09/23 03:24:44.218, 0, 86 %, 74 %, 3589 MiB, 49140 MiB, 277.14 W, 300.00 W, 71, 2265 MHz
2026/09/23 03:24:45.219, 0, 91 %, 79 %, 3589 MiB, 49140 MiB, 280.32 W, 300.00 W, 71, 2370 MHz
2026/09/23 03:24:46.220, 0, 88 %, 74 %, 3589 MiB, 49140 MiB, 277.64 W, 300.00 W, 70, 2415 MHz
2026/09/23 03:24:47.221, 0, 90 %, 79 %, 3589 MiB, 49140 MiB, 279.54 W, 300.00 W, 70, 2280 MHz
2026/09/23 03:24:48.221, 0, 90 %, 78 %, 3589 MiB, 49140 MiB, 278.07 W, 300.00 W, 70, 2340 MHz
2026/09/23 03:24:49.222, 0, 85 %, 75 %, 3589 MiB, 49140 MiB, 278.00 W, 300.00 W, 71, 2460 MHz
2026/09/23 03:24:50.224, 0, 89 %, 78 %, 3589 MiB, 49140 MiB, 278.93 W, 300.00 W, 71, 2355 MHz
2026/09/23 03:24:51.225, 0, 64 %, 41 %, 3589 MiB, 49140 MiB, 230.71 W, 300.00 W, 67, 2730 MHz
2026/09/23 03:24:52.225, 0, 0 %, 0 %, 3589 MiB, 49140 MiB, 85.74 W, 300.00 W, 65, 2730 MHz
2026/09/23 03:24:53.226, 0, 0 %, 0 %, 3589 MiB, 49140 MiB, 155.71 W, 300.00 W, 70, 2430 MHz
2026/09/23 03:24:54.227, 0, 89 %, 77 %, 3589 MiB, 49140 MiB, 278.35 W, 300.00 W, 71, 2460 MHz
2026/09/23 03:24:55.227, 0, 91 %, 78 %, 3589 MiB, 49140 MiB, 278.85 W, 300.00 W, 71, 2355 MHz
2026/09/23 03:24:56.229, 0, 91 %, 76 %, 3589 MiB, 49140 MiB, 276.52 W, 300.00 W, 71, 2340 MHz
2026/09/23 03:24:57.230, 0, 94 %, 80 %, 3589 MiB, 49140 MiB, 277.84 W, 300.00 W, 70, 2475 MHz
2026/09/23 03:24:58.231, 0, 91 %, 78 %, 3589 MiB, 49140 MiB, 277.27 W, 300.00 W, 71, 2490 MHz
2026/09/23 03:24:59.232, 0, 93 %, 80 %, 3589 MiB, 49140 MiB, 277.85 W, 300.00 W, 71, 2400 MHz
2026/09/23 03:25:00.233, 0, 90 %, 79 %, 3589 MiB, 49140 MiB, 277.68 W, 300.00 W, 71, 2190 MHz
2026/09/23 03:25:01.234, 0, 90 %, 77 %, 3589 MiB, 49140 MiB, 279.40 W, 300.00 W, 71, 2145 MHz
2026/09/23 03:25:02.235, 0, 88 %, 77 %, 3589 MiB, 49140 MiB, 277.56 W, 300.00 W, 71, 2340 MHz
2026/09/23 03:25:03.236, 0, 90 %, 77 %, 3589 MiB, 49140 MiB, 281.13 W, 300.00 W, 72, 2340 MHz
2026/09/23 03:25:04.237, 0, 91 %, 78 %, 3589 MiB, 49140 MiB, 281.26 W, 300.00 W, 72, 2535 MHz
2026/09/23 03:25:05.237, 0, 70 %, 45 %, 3589 MiB, 49140 MiB, 206.21 W, 300.00 W, 66, 2655 MHz
2026/09/23 03:25:06.238, 0, 25 %, 21 %, 3589 MiB, 49140 MiB, 173.86 W, 300.00 W, 71, 2445 MHz
2026/09/23 03:25:07.239, 0, 94 %, 79 %, 3589 MiB, 49140 MiB, 277.70 W, 300.00 W, 71, 2205 MHz
2026/09/23 03:25:08.240, 0, 91 %, 78 %, 3589 MiB, 49140 MiB, 279.65 W, 300.00 W, 71, 2190 MHz
2026/09/23 03:25:09.241, 0, 93 %, 80 %, 3589 MiB, 49140 MiB, 279.81 W, 300.00 W, 71, 2190 MHz
2026/09/23 03:25:10.242, 0, 90 %, 79 %, 3589 MiB, 49140 MiB, 279.67 W, 300.00 W, 70, 2385 MHz
2026/09/23 03:25:11.243, 0, 92 %, 80 %, 3589 MiB, 49140 MiB, 277.13 W, 300.00 W, 72, 2490 MHz
2026/09/23 03:25:12.244, 0, 89 %, 80 %, 3589 MiB, 49140 MiB, 278.55 W, 300.00 W, 72, 2475 MHz
2026/09/23 03:25:13.245, 0, 93 %, 78 %, 3589 MiB, 49140 MiB, 278.85 W, 300.00 W, 71, 2445 MHz
2026/09/23 03:25:14.247, 0, 93 %, 78 %, 3589 MiB, 49140 MiB, 277.73 W, 300.00 W, 71, 2280 MHz
2026/09/23 03:25:15.247, 0, 89 %, 75 %, 3589 MiB, 49140 MiB, 276.57 W, 300.00 W, 71, 2295 MHz
2026/09/23 03:25:16.248, 0, 92 %, 77 %, 3589 MiB, 49140 MiB, 277.96 W, 300.00 W, 71, 2400 MHz
2026/09/23 03:25:17.249, 0, 87 %, 77 %, 3589 MiB, 49140 MiB, 275.98 W, 300.00 W, 72, 2610 MHz
2026/09/23 03:25:18.249, 0, 61 %, 39 %, 3589 MiB, 49140 MiB, 181.92 W, 300.00 W, 66, 2730 MHz
2026/09/23 03:25:19.250, 0, 93 %, 78 %, 3589 MiB, 49140 MiB, 200.80 W, 300.00 W, 70, 2445 MHz
2026/09/23 03:25:20.251, 0, 87 %, 74 %, 3589 MiB, 49140 MiB, 275.43 W, 300.00 W, 72, 2415 MHz
2026/09/23 03:25:21.252, 0, 91 %, 78 %, 3589 MiB, 49140 MiB, 276.19 W, 300.00 W, 71, 2295 MHz
2026/09/23 03:25:22.253, 0, 89 %, 78 %, 3589 MiB, 49140 MiB, 277.23 W, 300.00 W, 72, 2430 MHz
2026/09/23 03:25:23.255, 0, 94 %, 82 %, 3589 MiB, 49140 MiB, 279.57 W, 300.00 W, 71, 2325 MHz
2026/09/23 03:25:24.256, 0, 92 %, 79 %, 3589 MiB, 49140 MiB, 279.72 W, 300.00 W, 71, 2130 MHz
2026/09/23 03:25:25.257, 0, 91 %, 78 %, 3589 MiB, 49140 MiB, 278.43 W, 300.00 W, 72, 2310 MHz
2026/09/23 03:25:26.258, 0, 88 %, 77 %, 3589 MiB, 49140 MiB, 279.73 W, 300.00 W, 72, 2520 MHz
2026/09/23 03:25:27.259, 0, 90 %, 75 %, 3589 MiB, 49140 MiB, 278.20 W, 300.00 W, 70, 2445 MHz
2026/09/23 03:25:28.260, 0, 90 %, 76 %, 3589 MiB, 49140 MiB, 279.97 W, 300.00 W, 71, 2460 MHz
2026/09/23 03:25:29.261, 0, 92 %, 80 %, 3589 MiB, 49140 MiB, 279.70 W, 300.00 W, 71, 2370 MHz
2026/09/23 03:25:30.261, 0, 0 %, 0 %, 3589 MiB, 49140 MiB, 250.79 W, 300.00 W, 67, 2730 MHz
2026/09/23 03:25:31.263, 0, 90 %, 79 %, 3589 MiB, 49140 MiB, 129.12 W, 300.00 W, 70, 2160 MHz
2026/09/23 03:25:32.263, 0, 95 %, 80 %, 3589 MiB, 49140 MiB, 280.39 W, 300.00 W, 71, 2295 MHz
2026/09/23 03:25:33.265, 0, 86 %, 75 %, 3589 MiB, 49140 MiB, 277.08 W, 300.00 W, 70, 2220 MHz
2026/09/23 03:25:34.266, 0, 90 %, 79 %, 3589 MiB, 49140 MiB, 278.17 W, 300.00 W, 70, 2205 MHz
2026/09/23 03:25:35.266, 0, 90 %, 78 %, 3589 MiB, 49140 MiB, 278.92 W, 300.00 W, 70, 2130 MHz
2026/09/23 03:25:36.267, 0, 93 %, 80 %, 3589 MiB, 49140 MiB, 276.82 W, 300.00 W, 71, 2340 MHz
2026/09/23 03:25:37.268, 0, 93 %, 81 %, 3589 MiB, 49140 MiB, 277.02 W, 300.00 W, 71, 2205 MHz
2026/09/23 03:25:38.269, 0, 91 %, 77 %, 3589 MiB, 49140 MiB, 278.17 W, 300.00 W, 71, 2205 MHz
2026/09/23 03:25:39.270, 0, 91 %, 77 %, 3589 MiB, 49140 MiB, 278.10 W, 300.00 W, 72, 2250 MHz
2026/09/23 03:25:40.270, 0, 91 %, 77 %, 3589 MiB, 49140 MiB, 277.97 W, 300.00 W, 71, 2160 MHz
2026/09/23 03:25:41.271, 0, 85 %, 75 %, 3589 MiB, 49140 MiB, 276.47 W, 300.00 W, 72, 2325 MHz
2026/09/23 03:25:42.273, 0, 91 %, 77 %, 3589 MiB, 49140 MiB, 277.89 W, 300.00 W, 71, 2415 MHz
2026/09/23 03:25:43.274, 0, 0 %, 0 %, 3589 MiB, 49140 MiB, 237.05 W, 300.00 W, 66, 2730 MHz
2026/09/23 03:25:44.274, 0, 90 %, 76 %, 3589 MiB, 49140 MiB, 139.32 W, 300.00 W, 70, 2400 MHz
2026/09/23 03:25:45.275, 0, 93 %, 80 %, 3589 MiB, 49140 MiB, 275.76 W, 300.00 W, 71, 2325 MHz
2026/09/23 03:25:46.276, 0, 91 %, 79 %, 3589 MiB, 49140 MiB, 274.39 W, 300.00 W, 70, 2130 MHz
2026/09/23 03:25:47.277, 0, 90 %, 77 %, 3589 MiB, 49140 MiB, 277.08 W, 300.00 W, 72, 2520 MHz
2026/09/23 03:25:48.277, 0, 93 %, 80 %, 3589 MiB, 49140 MiB, 278.17 W, 300.00 W, 71, 2355 MHz
2026/09/23 03:25:49.278, 0, 90 %, 80 %, 3589 MiB, 49140 MiB, 277.32 W, 300.00 W, 70, 2130 MHz
2026/09/23 03:25:50.279, 0, 85 %, 75 %, 3589 MiB, 49140 MiB, 277.49 W, 300.00 W, 71, 2430 MHz
2026/09/23 03:25:51.280, 0, 88 %, 74 %, 3589 MiB, 49140 MiB, 276.91 W, 300.00 W, 71, 2490 MHz
2026/09/23 03:25:52.283, 0, 88 %, 75 %, 3589 MiB, 49140 MiB, 276.33 W, 300.00 W, 71, 2400 MHz
2026/09/23 03:25:53.284, 0, 92 %, 81 %, 3589 MiB, 49140 MiB, 278.06 W, 300.00 W, 71, 2310 MHz
2026/09/23 03:25:54.285, 0, 90 %, 78 %, 3589 MiB, 49140 MiB, 277.01 W, 300.00 W, 70, 2355 MHz
2026/09/23 03:25:55.285, 0, 89 %, 78 %, 3589 MiB, 49140 MiB, 279.36 W, 300.00 W, 70, 2340 MHz
2026/09/23 03:25:56.286, 0, 0 %, 0 %, 3589 MiB, 49140 MiB, 236.84 W, 300.00 W, 66, 2730 MHz
2026/09/23 03:25:57.286, 0, 84 %, 73 %, 3589 MiB, 49140 MiB, 144.74 W, 300.00 W, 69, 2505 MHz
2026/09/23 03:25:58.287, 0, 90 %, 80 %, 3589 MiB, 49140 MiB, 278.76 W, 300.00 W, 72, 2205 MHz
2026/09/23 03:25:59.288, 0, 90 %, 77 %, 3589 MiB, 49140 MiB, 278.34 W, 300.00 W, 70, 2505 MHz
2026/09/23 03:26:00.289, 0, 86 %, 73 %, 3589 MiB, 49140 MiB, 278.13 W, 300.00 W, 72, 2400 MHz
2026/09/23 03:26:01.289, 0, 89 %, 79 %, 3589 MiB, 49140 MiB, 278.68 W, 300.00 W, 71, 2355 MHz
2026/09/23 03:26:02.290, 0, 90 %, 79 %, 3589 MiB, 49140 MiB, 278.24 W, 300.00 W, 72, 2460 MHz
2026/09/23 03:26:03.291, 0, 91 %, 80 %, 3589 MiB, 49140 MiB, 279.15 W, 300.00 W, 70, 2295 MHz
2026/09/23 03:26:04.292, 0, 92 %, 79 %, 3589 MiB, 49140 MiB, 279.29 W, 300.00 W, 71, 2355 MHz
2026/09/23 03:26:05.293, 0, 92 %, 77 %, 3589 MiB, 49140 MiB, 280.09 W, 300.00 W, 70, 2400 MHz
2026/09/23 03:26:06.294, 0, 94 %, 80 %, 3589 MiB, 49140 MiB, 279.67 W, 300.00 W, 71, 2385 MHz
2026/09/23 03:26:07.294, 0, 90 %, 79 %, 3589 MiB, 49140 MiB, 279.35 W, 300.00 W, 70, 2415 MHz
2026/09/23 03:26:08.295, 0, 91 %, 79 %, 3589 MiB, 49140 MiB, 278.64 W, 300.00 W, 70, 2310 MHz
2026/09/23 03:26:09.296, 0, 0 %, 0 %, 3589 MiB, 49140 MiB, 223.70 W, 300.00 W, 66, 2730 MHz
2026/09/23 03:26:10.296, 0, 86 %, 76 %, 3589 MiB, 49140 MiB, 154.45 W, 300.00 W, 70, 2445 MHz
2026/09/23 03:26:11.297, 0, 90 %, 80 %, 3589 MiB, 49140 MiB, 282.01 W, 300.00 W, 72, 2145 MHz
2026/09/23 03:26:12.298, 0, 91 %, 76 %, 3589 MiB, 49140 MiB, 280.02 W, 300.00 W, 71, 2265 MHz
2026/09/23 03:26:13.299, 0, 95 %, 81 %, 3589 MiB, 49140 MiB, 282.26 W, 300.00 W, 71, 2430 MHz
2026/09/23 03:26:14.299, 0, 96 %, 83 %, 3589 MiB, 49140 MiB, 281.95 W, 300.00 W, 70, 2340 MHz
2026/09/23 03:26:15.300, 0, 93 %, 81 %, 3589 MiB, 49140 MiB, 283.13 W, 300.00 W, 70, 2325 MHz
2026/09/23 03:26:16.303, 0, 91 %, 79 %, 3589 MiB, 49140 MiB, 282.45 W, 300.00 W, 70, 2415 MHz
2026/09/23 03:26:17.304, 0, 89 %, 78 %, 3589 MiB, 49140 MiB, 282.48 W, 300.00 W, 72, 2415 MHz
2026/09/23 03:26:18.305, 0, 93 %, 81 %, 3589 MiB, 49140 MiB, 283.25 W, 300.00 W, 72, 2205 MHz
2026/09/23 03:26:19.305, 0, 94 %, 82 %, 3589 MiB, 49140 MiB, 283.00 W, 300.00 W, 73, 2055 MHz
2026/09/23 03:26:20.307, 0, 90 %, 80 %, 3589 MiB, 49140 MiB, 282.31 W, 300.00 W, 73, 2160 MHz
2026/09/23 03:26:21.308, 0, 92 %, 81 %, 3589 MiB, 49140 MiB, 282.29 W, 300.00 W, 72, 2505 MHz
2026/09/23 03:26:22.308, 0, 0 %, 0 %, 3589 MiB, 49140 MiB, 201.78 W, 300.00 W, 66, 2730 MHz
2026/09/23 03:26:23.309, 0, 88 %, 78 %, 3589 MiB, 49140 MiB, 173.51 W, 300.00 W, 72, 2205 MHz
2026/09/23 03:26:24.310, 0, 92 %, 80 %, 3589 MiB, 49140 MiB, 278.58 W, 300.00 W, 71, 2220 MHz
2026/09/23 03:26:25.310, 0, 86 %, 73 %, 3589 MiB, 49140 MiB, 277.96 W, 300.00 W, 72, 2370 MHz
2026/09/23 03:26:26.311, 0, 90 %, 79 %, 3589 MiB, 49140 MiB, 276.40 W, 300.00 W, 71, 2325 MHz
2026/09/23 03:26:27.311, 0, 93 %, 82 %, 3589 MiB, 49140 MiB, 277.01 W, 300.00 W, 70, 2325 MHz
2026/09/23 03:26:28.312, 0, 90 %, 77 %, 3589 MiB, 49140 MiB, 279.97 W, 300.00 W, 71, 2445 MHz
2026/09/23 03:26:29.312, 0, 93 %, 81 %, 3589 MiB, 49140 MiB, 277.00 W, 300.00 W, 72, 2085 MHz
2026/09/23 03:26:30.313, 0, 91 %, 81 %, 3589 MiB, 49140 MiB, 280.54 W, 300.00 W, 73, 2160 MHz
2026/09/23 03:26:31.314, 0, 87 %, 73 %, 3589 MiB, 49140 MiB, 277.93 W, 300.00 W, 71, 2370 MHz
2026/09/23 03:26:32.316, 0, 91 %, 77 %, 3589 MiB, 49140 MiB, 276.78 W, 300.00 W, 71, 2535 MHz
2026/09/23 03:26:33.317, 0, 89 %, 77 %, 3589 MiB, 49140 MiB, 278.38 W, 300.00 W, 70, 2370 MHz
2026/09/23 03:26:34.317, 0, 83 %, 61 %, 3589 MiB, 49140 MiB, 277.56 W, 300.00 W, 71, 2520 MHz
2026/09/23 03:26:35.318, 0, 0 %, 0 %, 3589 MiB, 49140 MiB, 191.24 W, 300.00 W, 66, 2730 MHz
2026/09/23 03:26:36.319, 0, 91 %, 79 %, 3589 MiB, 49140 MiB, 181.78 W, 300.00 W, 71, 2145 MHz
2026/09/23 03:26:37.320, 0, 90 %, 80 %, 3589 MiB, 49140 MiB, 281.75 W, 300.00 W, 72, 2160 MHz
2026/09/23 03:26:38.321, 0, 91 %, 77 %, 3589 MiB, 49140 MiB, 280.62 W, 300.00 W, 71, 2175 MHz
2026/09/23 03:26:39.321, 0, 95 %, 81 %, 3589 MiB, 49140 MiB, 283.45 W, 300.00 W, 71, 2265 MHz
2026/09/23 03:26:40.323, 0, 92 %, 79 %, 3589 MiB, 49140 MiB, 284.15 W, 300.00 W, 72, 2340 MHz
2026/09/23 03:26:41.324, 0, 91 %, 81 %, 3589 MiB, 49140 MiB, 282.18 W, 300.00 W, 72, 2130 MHz
2026/09/23 03:26:42.324, 0, 93 %, 79 %, 3589 MiB, 49140 MiB, 281.63 W, 300.00 W, 71, 2280 MHz
2026/09/23 03:26:43.326, 0, 90 %, 77 %, 3589 MiB, 49140 MiB, 283.18 W, 300.00 W, 72, 2340 MHz
2026/09/23 03:26:44.326, 0, 90 %, 75 %, 3589 MiB, 49140 MiB, 278.07 W, 300.00 W, 72, 2205 MHz
2026/09/23 03:26:45.327, 0, 88 %, 77 %, 3589 MiB, 49140 MiB, 280.30 W, 300.00 W, 71, 2250 MHz
2026/09/23 03:26:46.328, 0, 91 %, 78 %, 3589 MiB, 49140 MiB, 281.39 W, 300.00 W, 71, 2175 MHz
2026/09/23 03:26:47.329, 0, 65 %, 42 %, 3589 MiB, 49140 MiB, 278.06 W, 300.00 W, 71, 2670 MHz
2026/09/23 03:26:48.330, 0, 0 %, 0 %, 3589 MiB, 49140 MiB, 174.73 W, 300.00 W, 66, 2730 MHz
2026/09/23 03:26:49.331, 0, 92 %, 78 %, 3589 MiB, 49140 MiB, 187.58 W, 300.00 W, 71, 2340 MHz
2026/09/23 03:26:50.332, 0, 93 %, 78 %, 3589 MiB, 49140 MiB, 279.21 W, 300.00 W, 71, 2355 MHz
2026/09/23 03:26:51.333, 0, 90 %, 79 %, 3589 MiB, 49140 MiB, 277.19 W, 300.00 W, 71, 2115 MHz
2026/09/23 03:26:52.334, 0, 92 %, 79 %, 3589 MiB, 49140 MiB, 279.32 W, 300.00 W, 70, 2205 MHz
2026/09/23 03:26:53.334, 0, 92 %, 81 %, 3589 MiB, 49140 MiB, 278.51 W, 300.00 W, 72, 2385 MHz
2026/09/23 03:26:54.335, 0, 92 %, 78 %, 3589 MiB, 49140 MiB, 279.02 W, 300.00 W, 71, 2460 MHz
2026/09/23 03:26:55.335, 0, 94 %, 79 %, 3589 MiB, 49140 MiB, 278.79 W, 300.00 W, 71, 2130 MHz
2026/09/23 03:26:56.336, 0, 92 %, 81 %, 3589 MiB, 49140 MiB, 279.45 W, 300.00 W, 72, 2145 MHz
2026/09/23 03:26:57.337, 0, 96 %, 81 %, 3589 MiB, 49140 MiB, 280.48 W, 300.00 W, 71, 2085 MHz
2026/09/23 03:26:58.338, 0, 91 %, 78 %, 3589 MiB, 49140 MiB, 278.22 W, 300.00 W, 72, 2445 MHz
2026/09/23 03:26:59.339, 0, 90 %, 76 %, 3589 MiB, 49140 MiB, 278.03 W, 300.00 W, 71, 2430 MHz
2026/09/23 03:27:00.340, 0, 73 %, 47 %, 3589 MiB, 49140 MiB, 278.11 W, 300.00 W, 72, 2550 MHz
2026/09/23 03:27:01.340, 0, 0 %, 0 %, 3589 MiB, 49140 MiB, 179.78 W, 300.00 W, 66, 2730 MHz
2026/09/23 03:27:02.340, 0, 90 %, 77 %, 3589 MiB, 49140 MiB, 201.37 W, 300.00 W, 70, 2400 MHz
2026/09/23 03:27:03.341, 0, 89 %, 79 %, 3589 MiB, 49140 MiB, 278.64 W, 300.00 W, 72, 2325 MHz
2026/09/23 03:27:04.345, 0, 90 %, 78 %, 3589 MiB, 49140 MiB, 277.14 W, 300.00 W, 70, 2370 MHz
2026/09/23 03:27:05.345, 0, 93 %, 81 %, 3589 MiB, 49140 MiB, 280.38 W, 300.00 W, 70, 2130 MHz
2026/09/23 03:27:06.346, 0, 89 %, 76 %, 3589 MiB, 49140 MiB, 278.17 W, 300.00 W, 71, 2355 MHz
2026/09/23 03:27:07.347, 0, 87 %, 76 %, 3589 MiB, 49140 MiB, 278.61 W, 300.00 W, 72, 2340 MHz
2026/09/23 03:27:08.348, 0, 92 %, 78 %, 3589 MiB, 49140 MiB, 279.08 W, 300.00 W, 71, 2310 MHz
2026/09/23 03:27:09.348, 0, 94 %, 79 %, 3589 MiB, 49140 MiB, 279.64 W, 300.00 W, 71, 2235 MHz
2026/09/23 03:27:10.349, 0, 91 %, 79 %, 3589 MiB, 49140 MiB, 278.76 W, 300.00 W, 70, 2265 MHz
2026/09/23 03:27:11.350, 0, 86 %, 75 %, 3589 MiB, 49140 MiB, 277.85 W, 300.00 W, 72, 2310 MHz
2026/09/23 03:27:12.351, 0, 91 %, 77 %, 3589 MiB, 49140 MiB, 278.48 W, 300.00 W, 72, 2445 MHz
2026/09/23 03:27:13.352, 0, 52 %, 33 %, 3589 MiB, 49140 MiB, 272.31 W, 300.00 W, 72, 2610 MHz
2026/09/23 03:27:14.353, 0, 0 %, 0 %, 3589 MiB, 49140 MiB, 166.87 W, 300.00 W, 66, 2730 MHz
2026/09/23 03:27:15.353, 0, 95 %, 80 %, 3589 MiB, 49140 MiB, 208.70 W, 300.00 W, 70, 2235 MHz
2026/09/23 03:27:16.355, 0, 92 %, 77 %, 3589 MiB, 49140 MiB, 279.48 W, 300.00 W, 70, 2385 MHz
2026/09/23 03:27:17.355, 0, 90 %, 79 %, 3589 MiB, 49140 MiB, 278.80 W, 300.00 W, 71, 2160 MHz
2026/09/23 03:27:18.356, 0, 90 %, 77 %, 3589 MiB, 49140 MiB, 278.27 W, 300.00 W, 72, 2325 MHz
2026/09/23 03:27:19.357, 0, 90 %, 78 %, 3589 MiB, 49140 MiB, 275.86 W, 300.00 W, 70, 2415 MHz
2026/09/23 03:27:20.358, 0, 92 %, 82 %, 3589 MiB, 49140 MiB, 279.15 W, 300.00 W, 72, 2310 MHz
2026/09/23 03:27:21.360, 0, 91 %, 79 %, 3589 MiB, 49140 MiB, 276.95 W, 300.00 W, 71, 2190 MHz
2026/09/23 03:27:22.361, 0, 93 %, 81 %, 3589 MiB, 49140 MiB, 278.69 W, 300.00 W, 70, 2445 MHz
2026/09/23 03:27:23.361, 0, 91 %, 79 %, 3589 MiB, 49140 MiB, 278.95 W, 300.00 W, 71, 2385 MHz
2026/09/23 03:27:24.362, 0, 93 %, 80 %, 3589 MiB, 49140 MiB, 280.10 W, 300.00 W, 72, 2295 MHz
2026/09/23 03:27:25.363, 0, 94 %, 80 %, 3589 MiB, 49140 MiB, 280.33 W, 300.00 W, 71, 2340 MHz
2026/09/23 03:27:26.364, 0, 66 %, 41 %, 3589 MiB, 49140 MiB, 274.51 W, 300.00 W, 71, 2520 MHz
2026/09/23 03:27:27.364, 0, 0 %, 0 %, 3589 MiB, 49140 MiB, 166.40 W, 300.00 W, 66, 2730 MHz
2026/09/23 03:27:28.365, 0, 89 %, 77 %, 3589 MiB, 49140 MiB, 204.65 W, 300.00 W, 71, 2445 MHz
2026/09/23 03:27:29.365, 0, 87 %, 74 %, 3589 MiB, 49140 MiB, 271.64 W, 300.00 W, 70, 2475 MHz
2026/09/23 03:27:30.366, 0, 92 %, 78 %, 3589 MiB, 49140 MiB, 274.09 W, 300.00 W, 71, 2175 MHz
2026/09/23 03:27:31.367, 0, 84 %, 73 %, 3589 MiB, 49140 MiB, 274.65 W, 300.00 W, 71, 2355 MHz
2026/09/23 03:27:32.368, 0, 90 %, 75 %, 3589 MiB, 49140 MiB, 274.15 W, 300.00 W, 71, 2355 MHz
2026/09/23 03:27:33.369, 0, 87 %, 74 %, 3589 MiB, 49140 MiB, 273.46 W, 300.00 W, 71, 2220 MHz
2026/09/23 03:27:34.369, 0, 91 %, 80 %, 3589 MiB, 49140 MiB, 276.91 W, 300.00 W, 72, 2385 MHz
2026/09/23 03:27:35.370, 0, 90 %, 79 %, 3589 MiB, 49140 MiB, 279.01 W, 300.00 W, 71, 2355 MHz
2026/09/23 03:27:36.371, 0, 90 %, 79 %, 3589 MiB, 49140 MiB, 280.03 W, 300.00 W, 71, 2325 MHz
2026/09/23 03:27:37.372, 0, 89 %, 78 %, 3589 MiB, 49140 MiB, 275.60 W, 300.00 W, 72, 2475 MHz
2026/09/23 03:27:38.373, 0, 88 %, 74 %, 3589 MiB, 49140 MiB, 279.11 W, 300.00 W, 70, 2385 MHz
2026/09/23 03:27:39.373, 0, 67 %, 42 %, 3589 MiB, 49140 MiB, 276.49 W, 300.00 W, 71, 2520 MHz
2026/09/23 03:27:40.374, 0, 0 %, 0 %, 3589 MiB, 49140 MiB, 170.99 W, 300.00 W, 66, 2730 MHz
2026/09/23 03:27:41.374, 0, 91 %, 77 %, 3589 MiB, 49140 MiB, 210.43 W, 300.00 W, 70, 2400 MHz
2026/09/23 03:27:42.375, 0, 95 %, 83 %, 3589 MiB, 49140 MiB, 278.73 W, 300.00 W, 71, 2325 MHz
2026/09/23 03:27:43.375, 0, 86 %, 72 %, 3589 MiB, 49140 MiB, 279.60 W, 300.00 W, 71, 2460 MHz
2026/09/23 03:27:44.376, 0, 89 %, 78 %, 3589 MiB, 49140 MiB, 277.71 W, 300.00 W, 70, 2325 MHz
2026/09/23 03:27:45.377, 0, 89 %, 77 %, 3589 MiB, 49140 MiB, 278.25 W, 300.00 W, 72, 2130 MHz
2026/09/23 03:27:46.377, 0, 92 %, 79 %, 3589 MiB, 49140 MiB, 278.62 W, 300.00 W, 71, 2235 MHz
2026/09/23 03:27:47.378, 0, 91 %, 77 %, 3589 MiB, 49140 MiB, 277.59 W, 300.00 W, 71, 2265 MHz
2026/09/23 03:27:48.379, 0, 87 %, 74 %, 3589 MiB, 49140 MiB, 275.36 W, 300.00 W, 72, 2340 MHz
2026/09/23 03:27:49.380, 0, 94 %, 80 %, 3589 MiB, 49140 MiB, 280.74 W, 300.00 W, 72, 2115 MHz
2026/09/23 03:27:50.380, 0, 89 %, 79 %, 3589 MiB, 49140 MiB, 278.62 W, 300.00 W, 72, 2400 MHz
2026/09/23 03:27:51.382, 0, 86 %, 73 %, 3589 MiB, 49140 MiB, 279.02 W, 300.00 W, 72, 2385 MHz
2026/09/23 03:27:52.382, 0, 64 %, 41 %, 3589 MiB, 49140 MiB, 274.74 W, 300.00 W, 73, 2655 MHz
2026/09/23 03:27:53.383, 0, 0 %, 0 %, 3589 MiB, 49140 MiB, 134.49 W, 300.00 W, 66, 2730 MHz
2026/09/23 03:27:54.384, 0, 94 %, 80 %, 3589 MiB, 49140 MiB, 247.22 W, 300.00 W, 71, 2175 MHz
2026/09/23 03:27:55.385, 0, 90 %, 79 %, 3589 MiB, 49140 MiB, 279.04 W, 300.00 W, 70, 2370 MHz
2026/09/23 03:27:56.386, 0, 92 %, 78 %, 3589 MiB, 49140 MiB, 281.21 W, 300.00 W, 71, 2310 MHz
2026/09/23 03:27:57.387, 0, 86 %, 75 %, 3589 MiB, 49140 MiB, 280.38 W, 300.00 W, 71, 2310 MHz
2026/09/23 03:27:58.388, 0, 93 %, 81 %, 3589 MiB, 49140 MiB, 281.93 W, 300.00 W, 71, 2235 MHz
2026/09/23 03:27:59.389, 0, 91 %, 80 %, 3589 MiB, 49140 MiB, 282.50 W, 300.00 W, 71, 2460 MHz
2026/09/23 03:28:00.390, 0, 95 %, 82 %, 3589 MiB, 49140 MiB, 283.43 W, 300.00 W, 71, 2340 MHz
2026/09/23 03:28:01.390, 0, 90 %, 78 %, 3589 MiB, 49140 MiB, 283.74 W, 300.00 W, 71, 2415 MHz
2026/09/23 03:28:02.391, 0, 86 %, 75 %, 3589 MiB, 49140 MiB, 280.48 W, 300.00 W, 70, 2475 MHz
2026/09/23 03:28:03.392, 0, 89 %, 78 %, 3589 MiB, 49140 MiB, 281.43 W, 300.00 W, 70, 2445 MHz
2026/09/23 03:28:04.393, 0, 92 %, 79 %, 3589 MiB, 49140 MiB, 281.07 W, 300.00 W, 72, 2115 MHz
2026/09/23 03:28:05.394, 0, 59 %, 38 %, 3589 MiB, 49140 MiB, 273.95 W, 300.00 W, 72, 2655 MHz
2026/09/23 03:28:06.395, 0, 0 %, 0 %, 3589 MiB, 49140 MiB, 124.21 W, 300.00 W, 66, 2730 MHz
2026/09/23 03:28:07.395, 0, 91 %, 76 %, 3589 MiB, 49140 MiB, 258.96 W, 300.00 W, 71, 2460 MHz
2026/09/23 03:28:08.396, 0, 93 %, 79 %, 3589 MiB, 49140 MiB, 278.11 W, 300.00 W, 72, 2130 MHz
2026/09/23 03:28:09.397, 0, 90 %, 78 %, 3589 MiB, 49140 MiB, 278.93 W, 300.00 W, 71, 2145 MHz
2026/09/23 03:28:10.398, 0, 89 %, 78 %, 3589 MiB, 49140 MiB, 278.54 W, 300.00 W, 71, 2430 MHz
2026/09/23 03:28:11.399, 0, 90 %, 78 %, 3589 MiB, 49140 MiB, 278.33 W, 300.00 W, 71, 2250 MHz
2026/09/23 03:28:12.400, 0, 91 %, 79 %, 3589 MiB, 49140 MiB, 279.21 W, 300.00 W, 72, 2100 MHz
2026/09/23 03:28:13.400, 0, 82 %, 71 %, 3589 MiB, 49140 MiB, 276.95 W, 300.00 W, 71, 2400 MHz
2026/09/23 03:28:14.401, 0, 90 %, 78 %, 3589 MiB, 49140 MiB, 275.26 W, 300.00 W, 70, 2460 MHz
2026/09/23 03:28:15.401, 0, 88 %, 76 %, 3589 MiB, 49140 MiB, 277.95 W, 300.00 W, 72, 2250 MHz
2026/09/23 03:28:16.402, 0, 86 %, 74 %, 3589 MiB, 49140 MiB, 276.89 W, 300.00 W, 71, 2490 MHz
2026/09/23 03:28:17.403, 0, 87 %, 75 %, 3589 MiB, 49140 MiB, 278.26 W, 300.00 W, 71, 2130 MHz
2026/09/23 03:28:18.404, 0, 61 %, 39 %, 3589 MiB, 49140 MiB, 269.87 W, 300.00 W, 71, 2595 MHz
2026/09/23 03:28:19.405, 0, 0 %, 0 %, 3589 MiB, 49140 MiB, 127.88 W, 300.00 W, 66, 2730 MHz
2026/09/23 03:28:20.406, 0, 87 %, 75 %, 3589 MiB, 49140 MiB, 257.56 W, 300.00 W, 70, 2415 MHz
2026/09/23 03:28:21.407, 0, 92 %, 79 %, 3589 MiB, 49140 MiB, 278.40 W, 300.00 W, 71, 2295 MHz
2026/09/23 03:28:22.407, 0, 92 %, 80 %, 3589 MiB, 49140 MiB, 279.58 W, 300.00 W, 72, 2265 MHz
2026/09/23 03:28:23.409, 0, 92 %, 79 %, 3589 MiB, 49140 MiB, 278.14 W, 300.00 W, 71, 2310 MHz
2026/09/23 03:28:24.410, 0, 90 %, 78 %, 3589 MiB, 49140 MiB, 278.29 W, 300.00 W, 72, 2430 MHz
2026/09/23 03:28:25.410, 0, 90 %, 78 %, 3589 MiB, 49140 MiB, 278.55 W, 300.00 W, 71, 2145 MHz
2026/09/23 03:28:26.411, 0, 94 %, 82 %, 3589 MiB, 49140 MiB, 280.48 W, 300.00 W, 71, 2070 MHz
2026/09/23 03:28:27.412, 0, 94 %, 81 %, 3589 MiB, 49140 MiB, 280.20 W, 300.00 W, 71, 2130 MHz
2026/09/23 03:28:28.413, 0, 92 %, 79 %, 3589 MiB, 49140 MiB, 279.00 W, 300.00 W, 71, 2325 MHz
2026/09/23 03:28:29.413, 0, 85 %, 73 %, 3589 MiB, 49140 MiB, 276.91 W, 300.00 W, 71, 2130 MHz
2026/09/23 03:28:30.414, 0, 90 %, 79 %, 3589 MiB, 49140 MiB, 277.38 W, 300.00 W, 71, 2145 MHz
2026/09/23 03:28:31.415, 0, 60 %, 39 %, 3589 MiB, 49140 MiB, 270.53 W, 300.00 W, 71, 2655 MHz
2026/09/23 03:28:32.415, 0, 89 %, 79 %, 3589 MiB, 49140 MiB, 129.38 W, 300.00 W, 69, 2475 MHz
2026/09/23 03:28:33.416, 0, 88 %, 77 %, 3589 MiB, 49140 MiB, 276.31 W, 300.00 W, 71, 2400 MHz
2026/09/23 03:28:34.417, 0, 91 %, 76 %, 3589 MiB, 49140 MiB, 275.41 W, 300.00 W, 71, 2340 MHz
2026/09/23 03:28:35.418, 0, 90 %, 78 %, 3589 MiB, 49140 MiB, 279.24 W, 300.00 W, 70, 2400 MHz
2026/09/23 03:28:36.419, 0, 93 %, 79 %, 3589 MiB, 49140 MiB, 277.57 W, 300.00 W, 72, 2280 MHz
2026/09/23 03:28:37.420, 0, 85 %, 73 %, 3589 MiB, 49140 MiB, 274.89 W, 300.00 W, 70, 2430 MHz
2026/09/23 03:28:38.421, 0, 84 %, 71 %, 3589 MiB, 49140 MiB, 275.29 W, 300.00 W, 70, 2355 MHz
2026/09/23 03:28:39.421, 0, 87 %, 75 %, 3589 MiB, 49140 MiB, 276.99 W, 300.00 W, 70, 2505 MHz
2026/09/23 03:28:40.422, 0, 93 %, 78 %, 3589 MiB, 49140 MiB, 277.61 W, 300.00 W, 72, 2355 MHz
2026/09/23 03:28:41.423, 0, 91 %, 80 %, 3589 MiB, 49140 MiB, 278.93 W, 300.00 W, 71, 2370 MHz
2026/09/23 03:28:42.424, 0, 95 %, 83 %, 3589 MiB, 49140 MiB, 280.19 W, 300.00 W, 71, 2220 MHz
2026/09/23 03:28:43.424, 0, 91 %, 77 %, 3589 MiB, 49140 MiB, 276.89 W, 300.00 W, 71, 2355 MHz
2026/09/23 03:28:44.425, 0, 65 %, 42 %, 3589 MiB, 49140 MiB, 268.94 W, 300.00 W, 71, 2535 MHz
2026/09/23 03:28:45.426, 0, 81 %, 69 %, 3589 MiB, 49140 MiB, 126.77 W, 300.00 W, 69, 2190 MHz
2026/09/23 03:28:46.427, 0, 89 %, 78 %, 3589 MiB, 49140 MiB, 275.37 W, 300.00 W, 70, 2100 MHz
2026/09/23 03:28:47.428, 0, 93 %, 81 %, 3589 MiB, 49140 MiB, 281.12 W, 300.00 W, 71, 2280 MHz
2026/09/23 03:28:48.429, 0, 91 %, 77 %, 3589 MiB, 49140 MiB, 278.51 W, 300.00 W, 72, 2370 MHz
2026/09/23 03:28:49.430, 0, 93 %, 80 %, 3589 MiB, 49140 MiB, 278.57 W, 300.00 W, 71, 2295 MHz
2026/09/23 03:28:50.430, 0, 90 %, 79 %, 3589 MiB, 49140 MiB, 278.72 W, 300.00 W, 71, 2385 MHz
2026/09/23 03:28:51.431, 0, 93 %, 82 %, 3589 MiB, 49140 MiB, 279.41 W, 300.00 W, 71, 2145 MHz
2026/09/23 03:28:52.432, 0, 93 %, 81 %, 3589 MiB, 49140 MiB, 280.16 W, 300.00 W, 71, 2235 MHz
2026/09/23 03:28:53.433, 0, 95 %, 80 %, 3589 MiB, 49140 MiB, 279.11 W, 300.00 W, 72, 2235 MHz
2026/09/23 03:28:54.434, 0, 86 %, 75 %, 3589 MiB, 49140 MiB, 279.06 W, 300.00 W, 72, 2430 MHz
2026/09/23 03:28:55.434, 0, 93 %, 82 %, 3589 MiB, 49140 MiB, 278.61 W, 300.00 W, 72, 2250 MHz
2026/09/23 03:28:56.436, 0, 90 %, 78 %, 3589 MiB, 49140 MiB, 278.60 W, 300.00 W, 71, 2445 MHz
2026/09/23 03:28:57.436, 0, 24 %, 16 %, 3589 MiB, 49140 MiB, 255.56 W, 300.00 W, 72, 2730 MHz
2026/09/23 03:28:58.436, 0, 90 %, 78 %, 3589 MiB, 49140 MiB, 124.72 W, 300.00 W, 71, 2370 MHz
2026/09/23 03:28:59.437, 0, 95 %, 83 %, 3589 MiB, 49140 MiB, 274.82 W, 300.00 W, 71, 2175 MHz
2026/09/23 03:29:00.438, 0, 92 %, 81 %, 3589 MiB, 49140 MiB, 274.04 W, 300.00 W, 70, 2430 MHz
2026/09/23 03:29:01.439, 0, 92 %, 79 %, 3589 MiB, 49140 MiB, 275.60 W, 300.00 W, 71, 2355 MHz
2026/09/23 03:29:02.440, 0, 92 %, 81 %, 3589 MiB, 49140 MiB, 276.12 W, 300.00 W, 70, 2280 MHz
2026/09/23 03:29:03.441, 0, 88 %, 76 %, 3589 MiB, 49140 MiB, 277.79 W, 300.00 W, 70, 2355 MHz
2026/09/23 03:29:04.442, 0, 95 %, 82 %, 3589 MiB, 49140 MiB, 278.11 W, 300.00 W, 70, 2145 MHz
2026/09/23 03:29:05.443, 0, 89 %, 76 %, 3589 MiB, 49140 MiB, 275.30 W, 300.00 W, 71, 2250 MHz
2026/09/23 03:29:06.444, 0, 95 %, 82 %, 3589 MiB, 49140 MiB, 278.11 W, 300.00 W, 72, 2355 MHz
2026/09/23 03:29:07.444, 0, 89 %, 78 %, 3589 MiB, 49140 MiB, 279.96 W, 300.00 W, 71, 2400 MHz
2026/09/23 03:29:08.445, 0, 92 %, 76 %, 3589 MiB, 49140 MiB, 278.79 W, 300.00 W, 72, 2295 MHz
2026/09/23 03:29:09.446, 0, 91 %, 79 %, 3589 MiB, 49140 MiB, 279.21 W, 300.00 W, 70, 2400 MHz
2026/09/23 03:29:10.447, 0, 20 %, 14 %, 3589 MiB, 49140 MiB, 254.56 W, 300.00 W, 71, 2715 MHz
2026/09/23 03:29:11.448, 0, 87 %, 76 %, 3589 MiB, 49140 MiB, 110.85 W, 300.00 W, 69, 2175 MHz
2026/09/23 03:29:12.449, 0, 92 %, 79 %, 3589 MiB, 49140 MiB, 276.87 W, 300.00 W, 70, 2160 MHz
2026/09/23 03:29:13.450, 0, 92 %, 80 %, 3589 MiB, 49140 MiB, 279.17 W, 300.00 W, 71, 2130 MHz
2026/09/23 03:29:14.450, 0, 92 %, 80 %, 3589 MiB, 49140 MiB, 277.69 W, 300.00 W, 71, 2385 MHz
2026/09/23 03:29:15.451, 0, 90 %, 79 %, 3589 MiB, 49140 MiB, 279.39 W, 300.00 W, 71, 2295 MHz
2026/09/23 03:29:16.452, 0, 94 %, 80 %, 3589 MiB, 49140 MiB, 279.63 W, 300.00 W, 71, 2295 MHz
2026/09/23 03:29:17.453, 0, 90 %, 79 %, 3589 MiB, 49140 MiB, 278.36 W, 300.00 W, 71, 2190 MHz
2026/09/23 03:29:18.454, 0, 92 %, 80 %, 3589 MiB, 49140 MiB, 279.24 W, 300.00 W, 72, 2340 MHz
2026/09/23 03:29:19.455, 0, 91 %, 79 %, 3589 MiB, 49140 MiB, 279.17 W, 300.00 W, 71, 2475 MHz
2026/09/23 03:29:20.456, 0, 92 %, 77 %, 3589 MiB, 49140 MiB, 279.20 W, 300.00 W, 72, 2370 MHz
2026/09/23 03:29:21.457, 0, 83 %, 72 %, 3589 MiB, 49140 MiB, 277.02 W, 300.00 W, 71, 2370 MHz
2026/09/23 03:29:22.458, 0, 94 %, 82 %, 3589 MiB, 49140 MiB, 278.64 W, 300.00 W, 73, 2340 MHz
2026/09/23 03:29:23.459, 0, 60 %, 39 %, 3589 MiB, 49140 MiB, 266.60 W, 300.00 W, 68, 2730 MHz
2026/09/23 03:29:24.459, 0, 89 %, 78 %, 3589 MiB, 49140 MiB, 127.51 W, 300.00 W, 70, 2400 MHz
2026/09/23 03:29:25.460, 0, 86 %, 75 %, 3589 MiB, 49140 MiB, 279.49 W, 300.00 W, 72, 2535 MHz
2026/09/23 03:29:26.461, 0, 92 %, 82 %, 3589 MiB, 49140 MiB, 282.30 W, 300.00 W, 71, 2355 MHz
2026/09/23 03:29:27.462, 0, 91 %, 80 %, 3589 MiB, 49140 MiB, 282.86 W, 300.00 W, 71, 2205 MHz
2026/09/23 03:29:28.463, 0, 86 %, 75 %, 3589 MiB, 49140 MiB, 284.98 W, 300.00 W, 70, 2370 MHz
2026/09/23 03:29:29.464, 0, 93 %, 79 %, 3589 MiB, 49140 MiB, 281.91 W, 300.00 W, 72, 2220 MHz
2026/09/23 03:29:30.464, 0, 90 %, 78 %, 3589 MiB, 49140 MiB, 283.25 W, 300.00 W, 73, 2460 MHz
2026/09/23 03:29:31.466, 0, 82 %, 73 %, 3589 MiB, 49140 MiB, 281.51 W, 300.00 W, 71, 2475 MHz
2026/09/23 03:29:32.467, 0, 92 %, 81 %, 3589 MiB, 49140 MiB, 282.11 W, 300.00 W, 73, 2355 MHz
2026/09/23 03:29:33.468, 0, 91 %, 80 %, 3589 MiB, 49140 MiB, 286.08 W, 300.00 W, 73, 2445 MHz
2026/09/23 03:29:34.468, 0, 91 %, 80 %, 3589 MiB, 49140 MiB, 284.64 W, 300.00 W, 72, 2325 MHz
2026/09/23 03:29:35.469, 0, 91 %, 77 %, 3589 MiB, 49140 MiB, 282.90 W, 300.00 W, 71, 2445 MHz
2026/09/23 03:29:36.470, 0, 60 %, 39 %, 3589 MiB, 49140 MiB, 271.49 W, 300.00 W, 69, 2730 MHz
2026/09/23 03:29:37.470, 0, 94 %, 79 %, 3589 MiB, 49140 MiB, 127.28 W, 300.00 W, 69, 2460 MHz
2026/09/23 03:29:38.471, 0, 90 %, 79 %, 3589 MiB, 49140 MiB, 281.89 W, 300.00 W, 71, 2400 MHz
2026/09/23 03:29:39.472, 0, 90 %, 76 %, 3589 MiB, 49140 MiB, 283.68 W, 300.00 W, 71, 2475 MHz
2026/09/23 03:29:40.473, 0, 94 %, 83 %, 3589 MiB, 49140 MiB, 283.31 W, 300.00 W, 72, 2370 MHz
2026/09/23 03:29:41.473, 0, 90 %, 79 %, 3589 MiB, 49140 MiB, 283.54 W, 300.00 W, 72, 2400 MHz
2026/09/23 03:29:42.474, 0, 86 %, 75 %, 3589 MiB, 49140 MiB, 279.56 W, 300.00 W, 72, 2385 MHz
2026/09/23 03:29:43.475, 0, 86 %, 75 %, 3589 MiB, 49140 MiB, 280.80 W, 300.00 W, 72, 2520 MHz
2026/09/23 03:29:44.476, 0, 88 %, 76 %, 3589 MiB, 49140 MiB, 280.71 W, 300.00 W, 71, 2370 MHz
2026/09/23 03:29:45.477, 0, 93 %, 79 %, 3589 MiB, 49140 MiB, 282.18 W, 300.00 W, 71, 2265 MHz
2026/09/23 03:29:46.478, 0, 90 %, 76 %, 3589 MiB, 49140 MiB, 281.98 W, 300.00 W, 71, 2190 MHz
2026/09/23 03:29:47.478, 0, 91 %, 76 %, 3589 MiB, 49140 MiB, 279.07 W, 300.00 W, 71, 2340 MHz
2026/09/23 03:29:48.479, 0, 92 %, 77 %, 3589 MiB, 49140 MiB, 281.90 W, 300.00 W, 71, 2430 MHz
2026/09/23 03:29:49.480, 0, 41 %, 27 %, 3589 MiB, 49140 MiB, 257.11 W, 300.00 W, 68, 2730 MHz
2026/09/23 03:29:50.480, 0, 93 %, 80 %, 3589 MiB, 49140 MiB, 125.50 W, 300.00 W, 69, 2325 MHz
2026/09/23 03:29:51.482, 0, 91 %, 78 %, 3589 MiB, 49140 MiB, 273.76 W, 300.00 W, 71, 2385 MHz
2026/09/23 03:29:52.483, 0, 94 %, 79 %, 3589 MiB, 49140 MiB, 277.22 W, 300.00 W, 70, 2130 MHz
2026/09/23 03:29:53.484, 0, 93 %, 82 %, 3589 MiB, 49140 MiB, 280.25 W, 300.00 W, 71, 2385 MHz
2026/09/23 03:29:54.484, 0, 91 %, 79 %, 3589 MiB, 49140 MiB, 278.61 W, 300.00 W, 70, 2205 MHz
2026/09/23 03:29:55.485, 0, 88 %, 75 %, 3589 MiB, 49140 MiB, 277.82 W, 300.00 W, 72, 2445 MHz
2026/09/23 03:29:56.486, 0, 89 %, 77 %, 3589 MiB, 49140 MiB, 278.30 W, 300.00 W, 72, 2445 MHz
2026/09/23 03:29:57.488, 0, 90 %, 78 %, 3589 MiB, 49140 MiB, 279.05 W, 300.00 W, 73, 2415 MHz
2026/09/23 03:29:58.488, 0, 89 %, 78 %, 3589 MiB, 49140 MiB, 278.77 W, 300.00 W, 72, 2310 MHz
2026/09/23 03:29:59.489, 0, 90 %, 79 %, 3589 MiB, 49140 MiB, 279.88 W, 300.00 W, 72, 2460 MHz
2026/09/23 03:30:00.490, 0, 89 %, 77 %, 3589 MiB, 49140 MiB, 275.30 W, 300.00 W, 71, 2160 MHz
2026/09/23 03:30:01.491, 0, 86 %, 74 %, 3589 MiB, 49140 MiB, 277.62 W, 300.00 W, 72, 2325 MHz
2026/09/23 03:30:02.492, 0, 0 %, 0 %, 3589 MiB, 49140 MiB, 248.38 W, 300.00 W, 67, 2730 MHz
2026/09/23 03:30:03.493, 0, 90 %, 78 %, 3589 MiB, 49140 MiB, 127.85 W, 300.00 W, 71, 2370 MHz
2026/09/23 03:30:04.494, 0, 92 %, 81 %, 3589 MiB, 49140 MiB, 281.53 W, 300.00 W, 72, 2175 MHz
2026/09/23 03:30:05.494, 0, 89 %, 77 %, 3589 MiB, 49140 MiB, 281.95 W, 300.00 W, 71, 2370 MHz
2026/09/23 03:30:06.495, 0, 93 %, 81 %, 3589 MiB, 49140 MiB, 281.30 W, 300.00 W, 70, 2325 MHz
2026/09/23 03:30:07.496, 0, 92 %, 78 %, 3589 MiB, 49140 MiB, 282.63 W, 300.00 W, 72, 2310 MHz
2026/09/23 03:30:08.497, 0, 93 %, 80 %, 3589 MiB, 49140 MiB, 281.00 W, 300.00 W, 72, 2295 MHz
2026/09/23 03:30:09.497, 0, 91 %, 79 %, 3589 MiB, 49140 MiB, 282.50 W, 300.00 W, 73, 2145 MHz
2026/09/23 03:30:10.498, 0, 91 %, 79 %, 3589 MiB, 49140 MiB, 282.70 W, 300.00 W, 73, 2175 MHz
2026/09/23 03:30:11.499, 0, 94 %, 80 %, 3589 MiB, 49140 MiB, 281.72 W, 300.00 W, 71, 2310 MHz
2026/09/23 03:30:12.499, 0, 85 %, 74 %, 3589 MiB, 49140 MiB, 280.61 W, 300.00 W, 71, 2325 MHz
2026/09/23 03:30:13.500, 0, 95 %, 84 %, 3589 MiB, 49140 MiB, 281.39 W, 300.00 W, 72, 2295 MHz
2026/09/23 03:30:14.501, 0, 90 %, 78 %, 3589 MiB, 49140 MiB, 280.38 W, 300.00 W, 71, 2340 MHz
2026/09/23 03:30:15.502, 0, 0 %, 0 %, 3589 MiB, 49140 MiB, 239.90 W, 300.00 W, 67, 2730 MHz
2026/09/23 03:30:16.502, 0, 89 %, 78 %, 3589 MiB, 49140 MiB, 135.07 W, 300.00 W, 70, 2460 MHz
2026/09/23 03:30:17.506, 0, 86 %, 75 %, 3589 MiB, 49140 MiB, 276.85 W, 300.00 W, 71, 2415 MHz
2026/09/23 03:30:18.506, 0, 93 %, 80 %, 3589 MiB, 49140 MiB, 276.39 W, 300.00 W, 71, 2250 MHz
2026/09/23 03:30:19.507, 0, 88 %, 77 %, 3589 MiB, 49140 MiB, 279.82 W, 300.00 W, 71, 2100 MHz
2026/09/23 03:30:20.508, 0, 95 %, 83 %, 3589 MiB, 49140 MiB, 279.25 W, 300.00 W, 71, 2190 MHz
2026/09/23 03:30:21.509, 0, 93 %, 80 %, 3589 MiB, 49140 MiB, 279.98 W, 300.00 W, 72, 2250 MHz
2026/09/23 03:30:22.509, 0, 91 %, 78 %, 3589 MiB, 49140 MiB, 279.61 W, 300.00 W, 71, 2415 MHz
2026/09/23 03:30:23.510, 0, 93 %, 80 %, 3589 MiB, 49140 MiB, 280.13 W, 300.00 W, 70, 2295 MHz
2026/09/23 03:30:24.511, 0, 89 %, 77 %, 3589 MiB, 49140 MiB, 278.32 W, 300.00 W, 73, 2205 MHz
2026/09/23 03:30:25.512, 0, 88 %, 76 %, 3589 MiB, 49140 MiB, 277.56 W, 300.00 W, 71, 2100 MHz
2026/09/23 03:30:26.513, 0, 91 %, 79 %, 3589 MiB, 49140 MiB, 276.85 W, 300.00 W, 72, 2400 MHz
2026/09/23 03:30:27.513, 0, 91 %, 78 %, 3589 MiB, 49140 MiB, 276.42 W, 300.00 W, 71, 2400 MHz
2026/09/23 03:30:28.514, 0, 0 %, 0 %, 3589 MiB, 49140 MiB, 222.34 W, 300.00 W, 66, 2730 MHz
2026/09/23 03:30:29.515, 0, 91 %, 78 %, 3589 MiB, 49140 MiB, 149.57 W, 300.00 W, 71, 2400 MHz
2026/09/23 03:30:30.516, 0, 91 %, 76 %, 3589 MiB, 49140 MiB, 278.01 W, 300.00 W, 70, 2430 MHz
2026/09/23 03:30:31.516, 0, 94 %, 82 %, 3589 MiB, 49140 MiB, 278.11 W, 300.00 W, 71, 2280 MHz
2026/09/23 03:30:32.517, 0, 88 %, 75 %, 3589 MiB, 49140 MiB, 278.20 W, 300.00 W, 71, 2445 MHz
2026/09/23 03:30:33.518, 0, 90 %, 79 %, 3589 MiB, 49140 MiB, 279.23 W, 300.00 W, 71, 2130 MHz
2026/09/23 03:30:34.519, 0, 89 %, 78 %, 3589 MiB, 49140 MiB, 279.87 W, 300.00 W, 70, 2400 MHz
2026/09/23 03:30:35.520, 0, 92 %, 80 %, 3589 MiB, 49140 MiB, 277.04 W, 300.00 W, 71, 2445 MHz
2026/09/23 03:30:36.521, 0, 94 %, 82 %, 3589 MiB, 49140 MiB, 278.63 W, 300.00 W, 72, 2190 MHz
2026/09/23 03:30:37.523, 0, 93 %, 77 %, 3589 MiB, 49140 MiB, 277.98 W, 300.00 W, 71, 2340 MHz
2026/09/23 03:30:38.523, 0, 87 %, 76 %, 3589 MiB, 49140 MiB, 279.95 W, 300.00 W, 71, 2130 MHz
2026/09/23 03:30:39.524, 0, 90 %, 76 %, 3589 MiB, 49140 MiB, 276.88 W, 300.00 W, 71, 2400 MHz
2026/09/23 03:30:40.524, 0, 90 %, 79 %, 3589 MiB, 49140 MiB, 278.60 W, 300.00 W, 71, 2325 MHz
2026/09/23 03:30:41.525, 0, 0 %, 0 %, 3589 MiB, 49140 MiB, 222.79 W, 300.00 W, 66, 2730 MHz
2026/09/23 03:30:42.526, 0, 90 %, 77 %, 3589 MiB, 49140 MiB, 154.14 W, 300.00 W, 70, 2415 MHz
2026/09/23 03:30:43.526, 0, 89 %, 78 %, 3589 MiB, 49140 MiB, 274.48 W, 300.00 W, 71, 2175 MHz
2026/09/23 03:30:44.527, 0, 90 %, 76 %, 3589 MiB, 49140 MiB, 276.67 W, 300.00 W, 70, 2400 MHz
2026/09/23 03:30:45.528, 0, 89 %, 76 %, 3589 MiB, 49140 MiB, 277.58 W, 300.00 W, 71, 2460 MHz
2026/09/23 03:30:46.529, 0, 89 %, 78 %, 3589 MiB, 49140 MiB, 276.90 W, 300.00 W, 71, 2295 MHz
2026/09/23 03:30:47.530, 0, 93 %, 79 %, 3589 MiB, 49140 MiB, 279.63 W, 300.00 W, 71, 2070 MHz
2026/09/23 03:30:48.531, 0, 94 %, 82 %, 3589 MiB, 49140 MiB, 279.87 W, 300.00 W, 72, 2340 MHz
2026/09/23 03:30:49.532, 0, 88 %, 76 %, 3589 MiB, 49140 MiB, 278.26 W, 300.00 W, 72, 2430 MHz
2026/09/23 03:30:50.533, 0, 91 %, 77 %, 3589 MiB, 49140 MiB, 278.03 W, 300.00 W, 71, 2355 MHz
2026/09/23 03:30:51.533, 0, 92 %, 79 %, 3589 MiB, 49140 MiB, 280.15 W, 300.00 W, 70, 2085 MHz
2026/09/23 03:30:52.534, 0, 89 %, 77 %, 3589 MiB, 49140 MiB, 278.46 W, 300.00 W, 72, 2340 MHz
2026/09/23 03:30:53.535, 0, 85 %, 74 %, 3589 MiB, 49140 MiB, 276.89 W, 300.00 W, 71, 2355 MHz
2026/09/23 03:30:54.536, 0, 0 %, 0 %, 3589 MiB, 49140 MiB, 217.23 W, 300.00 W, 66, 2730 MHz
2026/09/23 03:30:55.536, 0, 91 %, 78 %, 3589 MiB, 49140 MiB, 159.75 W, 300.00 W, 70, 2370 MHz
2026/09/23 03:30:56.537, 0, 91 %, 79 %, 3589 MiB, 49140 MiB, 281.43 W, 300.00 W, 72, 2445 MHz
2026/09/23 03:30:57.538, 0, 89 %, 75 %, 3589 MiB, 49140 MiB, 279.69 W, 300.00 W, 71, 2220 MHz
2026/09/23 03:30:58.538, 0, 91 %, 79 %, 3589 MiB, 49140 MiB, 281.68 W, 300.00 W, 71, 2415 MHz
2026/09/23 03:30:59.539, 0, 91 %, 79 %, 3589 MiB, 49140 MiB, 281.83 W, 300.00 W, 73, 2370 MHz
2026/09/23 03:31:00.540, 0, 91 %, 77 %, 3589 MiB, 49140 MiB, 280.73 W, 300.00 W, 71, 2280 MHz
2026/09/23 03:31:01.542, 0, 86 %, 74 %, 3589 MiB, 49140 MiB, 280.13 W, 300.00 W, 70, 2220 MHz
2026/09/23 03:31:02.543, 0, 90 %, 78 %, 3589 MiB, 49140 MiB, 279.59 W, 300.00 W, 72, 2460 MHz
2026/09/23 03:31:03.544, 0, 92 %, 80 %, 3589 MiB, 49140 MiB, 281.56 W, 300.00 W, 73, 2295 MHz
2026/09/23 03:31:04.544, 0, 93 %, 79 %, 3589 MiB, 49140 MiB, 282.65 W, 300.00 W, 71, 2370 MHz
2026/09/23 03:31:05.545, 0, 86 %, 75 %, 3589 MiB, 49140 MiB, 281.69 W, 300.00 W, 72, 2415 MHz
2026/09/23 03:31:06.546, 0, 91 %, 79 %, 3589 MiB, 49140 MiB, 282.65 W, 300.00 W, 72, 2475 MHz
2026/09/23 03:31:07.547, 0, 0 %, 0 %, 3589 MiB, 49140 MiB, 209.04 W, 300.00 W, 66, 2730 MHz
2026/09/23 03:31:08.548, 0, 90 %, 79 %, 3589 MiB, 49140 MiB, 174.73 W, 300.00 W, 72, 2415 MHz
2026/09/23 03:31:09.548, 0, 91 %, 79 %, 3589 MiB, 49140 MiB, 279.67 W, 300.00 W, 72, 2325 MHz
2026/09/23 03:31:10.549, 0, 95 %, 80 %, 3589 MiB, 49140 MiB, 276.94 W, 300.00 W, 71, 2220 MHz
2026/09/23 03:31:11.550, 0, 95 %, 82 %, 3589 MiB, 49140 MiB, 277.51 W, 300.00 W, 70, 2010 MHz
2026/09/23 03:31:12.551, 0, 91 %, 76 %, 3589 MiB, 49140 MiB, 280.64 W, 300.00 W, 71, 2415 MHz
2026/09/23 03:31:13.552, 0, 88 %, 77 %, 3589 MiB, 49140 MiB, 278.28 W, 300.00 W, 70, 2310 MHz
2026/09/23 03:31:14.554, 0, 86 %, 74 %, 3589 MiB, 49140 MiB, 278.51 W, 300.00 W, 73, 2310 MHz
2026/09/23 03:31:15.554, 0, 88 %, 77 %, 3589 MiB, 49140 MiB, 279.77 W, 300.00 W, 72, 2310 MHz
2026/09/23 03:31:16.555, 0, 88 %, 76 %, 3589 MiB, 49140 MiB, 277.82 W, 300.00 W, 72, 2190 MHz
2026/09/23 03:31:17.556, 0, 88 %, 76 %, 3589 MiB, 49140 MiB, 279.13 W, 300.00 W, 70, 2430 MHz
2026/09/23 03:31:18.560, 0, 93 %, 80 %, 3589 MiB, 49140 MiB, 280.63 W, 300.00 W, 70, 2115 MHz
2026/09/23 03:31:19.561, 0, 84 %, 63 %, 3589 MiB, 49140 MiB, 277.17 W, 300.00 W, 72, 2460 MHz
2026/09/23 03:31:20.561, 0, 0 %, 0 %, 3589 MiB, 49140 MiB, 188.35 W, 300.00 W, 66, 2730 MHz
2026/09/23 03:31:21.561, 0, 88 %, 77 %, 3589 MiB, 49140 MiB, 200.28 W, 300.00 W, 72, 2325 MHz
2026/09/23 03:31:22.563, 0, 89 %, 78 %, 3589 MiB, 49140 MiB, 284.94 W, 300.00 W, 72, 2295 MHz
2026/09/23 03:31:23.564, 0, 90 %, 77 %, 3589 MiB, 49140 MiB, 284.25 W, 300.00 W, 72, 2460 MHz
2026/09/23 03:31:24.566, 0, 91 %, 79 %, 3589 MiB, 49140 MiB, 283.99 W, 300.00 W, 73, 2355 MHz
2026/09/23 03:31:25.566, 0, 94 %, 82 %, 3589 MiB, 49140 MiB, 282.86 W, 300.00 W, 72, 2430 MHz
2026/09/23 03:31:26.567, 0, 87 %, 75 %, 3589 MiB, 49140 MiB, 284.50 W, 300.00 W, 71, 2490 MHz
2026/09/23 03:31:27.569, 0, 92 %, 81 %, 3589 MiB, 49140 MiB, 282.75 W, 300.00 W, 72, 2145 MHz
2026/09/23 03:31:28.569, 0, 91 %, 78 %, 3589 MiB, 49140 MiB, 284.90 W, 300.00 W, 70, 2370 MHz
2026/09/23 03:31:29.571, 0, 91 %, 78 %, 3589 MiB, 49140 MiB, 283.28 W, 300.00 W, 72, 2370 MHz
2026/09/23 03:31:30.571, 0, 86 %, 75 %, 3589 MiB, 49140 MiB, 284.25 W, 300.00 W, 73, 2400 MHz
2026/09/23 03:31:31.572, 0, 92 %, 77 %, 3589 MiB, 49140 MiB, 282.82 W, 300.00 W, 72, 2280 MHz
2026/09/23 03:31:32.573, 0, 63 %, 41 %, 3589 MiB, 49140 MiB, 278.92 W, 300.00 W, 72, 2610 MHz
2026/09/23 03:31:33.574, 0, 0 %, 0 %, 3589 MiB, 49140 MiB, 165.68 W, 300.00 W, 66, 2730 MHz
2026/09/23 03:31:34.574, 0, 93 %, 81 %, 3589 MiB, 49140 MiB, 218.09 W, 300.00 W, 71, 2355 MHz
2026/09/23 03:31:35.575, 0, 92 %, 79 %, 3589 MiB, 49140 MiB, 280.46 W, 300.00 W, 72, 2325 MHz
2026/09/23 03:31:36.577, 0, 91 %, 76 %, 3589 MiB, 49140 MiB, 277.07 W, 300.00 W, 71, 2370 MHz
2026/09/23 03:31:37.578, 0, 94 %, 82 %, 3589 MiB, 49140 MiB, 281.47 W, 300.00 W, 71, 2295 MHz
2026/09/23 03:31:38.578, 0, 91 %, 79 %, 3589 MiB, 49140 MiB, 280.93 W, 300.00 W, 73, 2235 MHz
2026/09/23 03:31:39.579, 0, 93 %, 82 %, 3589 MiB, 49140 MiB, 280.07 W, 300.00 W, 73, 2295 MHz
2026/09/23 03:31:40.581, 0, 88 %, 77 %, 3589 MiB, 49140 MiB, 279.73 W, 300.00 W, 72, 2565 MHz
2026/09/23 03:31:41.582, 0, 95 %, 78 %, 3589 MiB, 49140 MiB, 277.42 W, 300.00 W, 71, 2340 MHz
2026/09/23 03:31:42.582, 0, 94 %, 81 %, 3589 MiB, 49140 MiB, 281.06 W, 300.00 W, 72, 2040 MHz
2026/09/23 03:31:43.583, 0, 92 %, 81 %, 3589 MiB, 49140 MiB, 278.57 W, 300.00 W, 72, 2145 MHz
2026/09/23 03:31:44.584, 0, 95 %, 80 %, 3589 MiB, 49140 MiB, 279.41 W, 300.00 W, 72, 2130 MHz
2026/09/23 03:31:45.585, 0, 63 %, 40 %, 3589 MiB, 49140 MiB, 274.45 W, 300.00 W, 71, 2580 MHz
2026/09/23 03:31:46.585, 0, 0 %, 0 %, 3589 MiB, 49140 MiB, 134.01 W, 300.00 W, 66, 2640 MHz
2026/09/23 03:31:47.586, 0, 88 %, 75 %, 3589 MiB, 49140 MiB, 255.09 W, 300.00 W, 71, 2460 MHz
2026/09/23 03:31:48.587, 0, 95 %, 78 %, 3589 MiB, 49140 MiB, 284.96 W, 300.00 W, 71, 2430 MHz
2026/09/23 03:31:49.588, 0, 93 %, 78 %, 3589 MiB, 49140 MiB, 283.63 W, 300.00 W, 71, 2400 MHz
2026/09/23 03:31:50.589, 0, 92 %, 80 %, 3589 MiB, 49140 MiB, 282.77 W, 300.00 W, 72, 2460 MHz
2026/09/23 03:31:51.589, 0, 94 %, 81 %, 3589 MiB, 49140 MiB, 284.38 W, 300.00 W, 71, 2385 MHz
2026/09/23 03:31:52.591, 0, 94 %, 82 %, 3589 MiB, 49140 MiB, 286.31 W, 300.00 W, 72, 2295 MHz
2026/09/23 03:31:53.593, 0, 90 %, 78 %, 3589 MiB, 49140 MiB, 283.27 W, 300.00 W, 71, 2340 MHz
2026/09/23 03:31:54.594, 0, 93 %, 79 %, 3589 MiB, 49140 MiB, 282.57 W, 300.00 W, 72, 2370 MHz
2026/09/23 03:31:55.595, 0, 92 %, 78 %, 3589 MiB, 49140 MiB, 284.11 W, 300.00 W, 72, 2370 MHz
2026/09/23 03:31:56.596, 0, 92 %, 78 %, 3589 MiB, 49140 MiB, 283.73 W, 300.00 W, 71, 2340 MHz
2026/09/23 03:31:57.597, 0, 87 %, 75 %, 3589 MiB, 49140 MiB, 285.37 W, 300.00 W, 72, 2205 MHz
2026/09/23 03:31:58.600, 0, 65 %, 41 %, 3589 MiB, 49140 MiB, 265.44 W, 300.00 W, 72, 2730 MHz
2026/09/23 03:31:59.600, 0, 93 %, 79 %, 3589 MiB, 49140 MiB, 135.00 W, 300.00 W, 71, 2370 MHz
2026/09/23 03:32:00.601, 0, 89 %, 77 %, 3589 MiB, 49140 MiB, 281.41 W, 300.00 W, 72, 2295 MHz
2026/09/23 03:32:01.601, 0, 92 %, 81 %, 3589 MiB, 49140 MiB, 284.75 W, 300.00 W, 72, 2325 MHz
2026/09/23 03:32:02.602, 0, 92 %, 79 %, 3589 MiB, 49140 MiB, 284.89 W, 300.00 W, 71, 2325 MHz
2026/09/23 03:32:03.603, 0, 92 %, 78 %, 3589 MiB, 49140 MiB, 283.68 W, 300.00 W, 72, 2325 MHz
2026/09/23 03:32:04.604, 0, 90 %, 77 %, 3589 MiB, 49140 MiB, 284.55 W, 300.00 W, 72, 2400 MHz
2026/09/23 03:32:05.605, 0, 91 %, 77 %, 3589 MiB, 49140 MiB, 284.25 W, 300.00 W, 72, 2400 MHz
2026/09/23 03:32:06.605, 0, 94 %, 78 %, 3589 MiB, 49140 MiB, 284.75 W, 300.00 W, 72, 2445 MHz
2026/09/23 03:32:07.606, 0, 86 %, 74 %, 3589 MiB, 49140 MiB, 282.01 W, 300.00 W, 71, 2355 MHz
2026/09/23 03:32:08.607, 0, 94 %, 82 %, 3589 MiB, 49140 MiB, 283.77 W, 300.00 W, 73, 2070 MHz
2026/09/23 03:32:09.608, 0, 88 %, 76 %, 3589 MiB, 49140 MiB, 282.61 W, 300.00 W, 72, 2325 MHz
2026/09/23 03:32:10.609, 0, 88 %, 76 %, 3589 MiB, 49140 MiB, 279.86 W, 300.00 W, 71, 2460 MHz
2026/09/23 03:32:11.610, 0, 48 %, 31 %, 3589 MiB, 49140 MiB, 248.88 W, 300.00 W, 68, 2730 MHz
2026/09/23 03:32:12.611, 0, 86 %, 74 %, 3589 MiB, 49140 MiB, 131.51 W, 300.00 W, 71, 2310 MHz
2026/09/23 03:32:13.612, 0, 93 %, 82 %, 3589 MiB, 49140 MiB, 277.18 W, 300.00 W, 72, 2400 MHz
2026/09/23 03:32:14.613, 0, 93 %, 81 %, 3589 MiB, 49140 MiB, 278.62 W, 300.00 W, 71, 2400 MHz
2026/09/23 03:32:15.614, 0, 93 %, 81 %, 3589 MiB, 49140 MiB, 279.25 W, 300.00 W, 72, 2340 MHz
2026/09/23 03:32:16.616, 0, 91 %, 77 %, 3589 MiB, 49140 MiB, 279.18 W, 300.00 W, 72, 2130 MHz
2026/09/23 03:32:17.617, 0, 92 %, 79 %, 3589 MiB, 49140 MiB, 279.52 W, 300.00 W, 72, 2160 MHz
2026/09/23 03:32:18.618, 0, 94 %, 80 %, 3589 MiB, 49140 MiB, 278.97 W, 300.00 W, 72, 2325 MHz
2026/09/23 03:32:19.619, 0, 91 %, 77 %, 3589 MiB, 49140 MiB, 278.99 W, 300.00 W, 72, 2340 MHz
2026/09/23 03:32:20.620, 0, 92 %, 80 %, 3589 MiB, 49140 MiB, 282.24 W, 300.00 W, 72, 2085 MHz
2026/09/23 03:32:21.620, 0, 92 %, 81 %, 3589 MiB, 49140 MiB, 277.90 W, 300.00 W, 71, 2340 MHz
2026/09/23 03:32:22.622, 0, 91 %, 76 %, 3589 MiB, 49140 MiB, 278.66 W, 300.00 W, 72, 2460 MHz
2026/09/23 03:32:23.623, 0, 89 %, 77 %, 3589 MiB, 49140 MiB, 278.73 W, 300.00 W, 71, 2475 MHz
2026/09/23 03:32:24.624, 0, 0 %, 0 %, 3589 MiB, 49140 MiB, 227.39 W, 300.00 W, 67, 2730 MHz
2026/09/23 03:32:25.624, 0, 88 %, 77 %, 3589 MiB, 49140 MiB, 150.40 W, 300.00 W, 71, 2370 MHz
2026/09/23 03:32:26.625, 0, 90 %, 79 %, 3589 MiB, 49140 MiB, 279.16 W, 300.00 W, 71, 2370 MHz
2026/09/23 03:32:27.627, 0, 77 %, 66 %, 3589 MiB, 49140 MiB, 275.28 W, 300.00 W, 70, 2415 MHz
2026/09/23 03:32:28.627, 0, 93 %, 83 %, 3589 MiB, 49140 MiB, 278.33 W, 300.00 W, 71, 2115 MHz
2026/09/23 03:32:29.629, 0, 92 %, 79 %, 3589 MiB, 49140 MiB, 279.55 W, 300.00 W, 72, 2070 MHz
2026/09/23 03:32:30.630, 0, 89 %, 77 %, 3589 MiB, 49140 MiB, 279.37 W, 300.00 W, 72, 2415 MHz
2026/09/23 03:32:31.632, 0, 88 %, 77 %, 3589 MiB, 49140 MiB, 278.64 W, 300.00 W, 72, 2370 MHz
2026/09/23 03:32:32.633, 0, 86 %, 76 %, 3589 MiB, 49140 MiB, 278.66 W, 300.00 W, 70, 2175 MHz
2026/09/23 03:32:33.633, 0, 92 %, 77 %, 3589 MiB, 49140 MiB, 277.23 W, 300.00 W, 72, 2325 MHz
2026/09/23 03:32:34.634, 0, 91 %, 78 %, 3589 MiB, 49140 MiB, 276.79 W, 300.00 W, 72, 2175 MHz
2026/09/23 03:32:35.635, 0, 89 %, 78 %, 3589 MiB, 49140 MiB, 278.28 W, 300.00 W, 71, 2445 MHz
2026/09/23 03:32:36.636, 0, 91 %, 79 %, 3589 MiB, 49140 MiB, 279.61 W, 300.00 W, 71, 2370 MHz
2026/09/23 03:32:37.637, 0, 0 %, 0 %, 3589 MiB, 49140 MiB, 222.56 W, 300.00 W, 67, 2730 MHz
2026/09/23 03:32:38.637, 0, 89 %, 75 %, 3589 MiB, 49140 MiB, 157.16 W, 300.00 W, 71, 2340 MHz
2026/09/23 03:32:39.638, 0, 89 %, 76 %, 3589 MiB, 49140 MiB, 280.55 W, 300.00 W, 72, 2385 MHz
2026/09/23 03:32:40.639, 0, 88 %, 75 %, 3589 MiB, 49140 MiB, 281.44 W, 300.00 W, 72, 2445 MHz
2026/09/23 03:32:41.639, 0, 87 %, 77 %, 3589 MiB, 49140 MiB, 282.61 W, 300.00 W, 71, 2400 MHz
2026/09/23 03:32:42.640, 0, 88 %, 77 %, 3589 MiB, 49140 MiB, 278.42 W, 300.00 W, 71, 2490 MHz
2026/09/23 03:32:43.641, 0, 90 %, 77 %, 3589 MiB, 49140 MiB, 279.08 W, 300.00 W, 71, 2460 MHz
2026/09/23 03:32:44.642, 0, 87 %, 75 %, 3589 MiB, 49140 MiB, 280.54 W, 300.00 W, 72, 2295 MHz
2026/09/23 03:32:45.643, 0, 94 %, 82 %, 3589 MiB, 49140 MiB, 281.67 W, 300.00 W, 71, 2190 MHz
2026/09/23 03:32:46.644, 0, 91 %, 76 %, 3589 MiB, 49140 MiB, 280.89 W, 300.00 W, 72, 2355 MHz
2026/09/23 03:32:47.645, 0, 87 %, 76 %, 3589 MiB, 49140 MiB, 280.32 W, 300.00 W, 71, 2475 MHz
2026/09/23 03:32:48.647, 0, 92 %, 80 %, 3589 MiB, 49140 MiB, 283.12 W, 300.00 W, 72, 2445 MHz
2026/09/23 03:32:49.648, 0, 87 %, 75 %, 3589 MiB, 49140 MiB, 281.43 W, 300.00 W, 73, 2445 MHz
2026/09/23 03:32:50.648, 0, 0 %, 0 %, 3589 MiB, 49140 MiB, 224.97 W, 300.00 W, 67, 2730 MHz
2026/09/23 03:32:51.649, 0, 94 %, 79 %, 3589 MiB, 49140 MiB, 155.23 W, 300.00 W, 71, 2355 MHz
2026/09/23 03:32:52.650, 0, 94 %, 80 %, 3589 MiB, 49140 MiB, 278.71 W, 300.00 W, 70, 2205 MHz
2026/09/23 03:32:53.651, 0, 93 %, 80 %, 3589 MiB, 49140 MiB, 278.60 W, 300.00 W, 71, 2295 MHz
2026/09/23 03:32:54.651, 0, 93 %, 80 %, 3589 MiB, 49140 MiB, 279.82 W, 300.00 W, 70, 2310 MHz
2026/09/23 03:32:55.653, 0, 91 %, 76 %, 3589 MiB, 49140 MiB, 279.62 W, 300.00 W, 70, 2085 MHz
2026/09/23 03:32:56.653, 0, 88 %, 77 %, 3589 MiB, 49140 MiB, 278.28 W, 300.00 W, 71, 2460 MHz
2026/09/23 03:32:57.654, 0, 90 %, 77 %, 3589 MiB, 49140 MiB, 277.52 W, 300.00 W, 72, 2310 MHz
2026/09/23 03:32:58.655, 0, 93 %, 82 %, 3589 MiB, 49140 MiB, 278.83 W, 300.00 W, 71, 2190 MHz
2026/09/23 03:32:59.656, 0, 87 %, 72 %, 3589 MiB, 49140 MiB, 278.28 W, 300.00 W, 71, 2370 MHz
2026/09/23 03:33:00.657, 0, 95 %, 80 %, 3589 MiB, 49140 MiB, 281.08 W, 300.00 W, 72, 2055 MHz
2026/09/23 03:33:01.657, 0, 88 %, 77 %, 3589 MiB, 49140 MiB, 281.40 W, 300.00 W, 71, 2325 MHz
2026/09/23 03:33:02.660, 0, 89 %, 79 %, 3589 MiB, 49140 MiB, 278.56 W, 300.00 W, 71, 2130 MHz
2026/09/23 03:33:03.661, 0, 0 %, 0 %, 3589 MiB, 49140 MiB, 201.15 W, 300.00 W, 66, 2730 MHz
2026/09/23 03:33:04.661, 0, 92 %, 80 %, 3589 MiB, 49140 MiB, 178.57 W, 300.00 W, 70, 2430 MHz
2026/09/23 03:33:05.663, 0, 92 %, 79 %, 3589 MiB, 49140 MiB, 281.57 W, 300.00 W, 72, 2325 MHz
2026/09/23 03:33:06.663, 0, 91 %, 76 %, 3589 MiB, 49140 MiB, 284.95 W, 300.00 W, 71, 2220 MHz
2026/09/23 03:33:07.665, 0, 90 %, 78 %, 3589 MiB, 49140 MiB, 281.55 W, 300.00 W, 71, 2175 MHz
2026/09/23 03:33:08.666, 0, 89 %, 74 %, 3589 MiB, 49140 MiB, 281.84 W, 300.00 W, 72, 2400 MHz
2026/09/23 03:33:09.666, 0, 83 %, 73 %, 3589 MiB, 49140 MiB, 281.55 W, 300.00 W, 71, 2520 MHz
2026/09/23 03:33:10.667, 0, 89 %, 79 %, 3589 MiB, 49140 MiB, 280.26 W, 300.00 W, 71, 2370 MHz
2026/09/23 03:33:11.668, 0, 87 %, 75 %, 3589 MiB, 49140 MiB, 281.68 W, 300.00 W, 72, 2415 MHz
2026/09/23 03:33:12.669, 0, 92 %, 79 %, 3589 MiB, 49140 MiB, 281.52 W, 300.00 W, 72, 2250 MHz
2026/09/23 03:33:13.670, 0, 89 %, 76 %, 3589 MiB, 49140 MiB, 281.67 W, 300.00 W, 73, 2400 MHz
2026/09/23 03:33:14.671, 0, 86 %, 74 %, 3589 MiB, 49140 MiB, 282.91 W, 300.00 W, 72, 2460 MHz
2026/09/23 03:33:15.672, 0, 70 %, 44 %, 3589 MiB, 49140 MiB, 278.51 W, 300.00 W, 71, 2535 MHz
2026/09/23 03:33:16.672, 0, 0 %, 0 %, 3589 MiB, 49140 MiB, 178.08 W, 300.00 W, 66, 2730 MHz
2026/09/23 03:33:17.673, 0, 95 %, 80 %, 3589 MiB, 49140 MiB, 197.29 W, 300.00 W, 72, 2130 MHz
2026/09/23 03:33:18.673, 0, 91 %, 77 %, 3589 MiB, 49140 MiB, 282.68 W, 300.00 W, 72, 2280 MHz
2026/09/23 03:33:19.674, 0, 92 %, 80 %, 3589 MiB, 49140 MiB, 281.95 W, 300.00 W, 70, 2355 MHz
2026/09/23 03:33:20.675, 0, 91 %, 77 %, 3589 MiB, 49140 MiB, 280.95 W, 300.00 W, 72, 2340 MHz
2026/09/23 03:33:21.676, 0, 87 %, 75 %, 3589 MiB, 49140 MiB, 282.18 W, 300.00 W, 72, 2355 MHz
2026/09/23 03:33:22.677, 0, 91 %, 78 %, 3589 MiB, 49140 MiB, 281.65 W, 300.00 W, 72, 2340 MHz
2026/09/23 03:33:23.677, 0, 91 %, 78 %, 3589 MiB, 49140 MiB, 281.51 W, 300.00 W, 72, 2280 MHz
2026/09/23 03:33:24.678, 0, 93 %, 79 %, 3589 MiB, 49140 MiB, 282.40 W, 300.00 W, 73, 2115 MHz
2026/09/23 03:33:25.680, 0, 90 %, 76 %, 3589 MiB, 49140 MiB, 281.71 W, 300.00 W, 73, 2130 MHz
2026/09/23 03:33:26.681, 0, 88 %, 77 %, 3589 MiB, 49140 MiB, 282.14 W, 300.00 W, 72, 2325 MHz
2026/09/23 03:33:27.681, 0, 90 %, 77 %, 3589 MiB, 49140 MiB, 281.87 W, 300.00 W, 73, 2355 MHz
2026/09/23 03:33:28.682, 0, 61 %, 39 %, 3589 MiB, 49140 MiB, 277.76 W, 300.00 W, 70, 2415 MHz
2026/09/23 03:33:29.682, 0, 0 %, 0 %, 3589 MiB, 49140 MiB, 157.60 W, 300.00 W, 66, 2730 MHz
2026/09/23 03:33:30.683, 0, 90 %, 77 %, 3589 MiB, 49140 MiB, 221.86 W, 300.00 W, 71, 2055 MHz
2026/09/23 03:33:31.685, 0, 86 %, 75 %, 3589 MiB, 49140 MiB, 277.49 W, 300.00 W, 71, 2505 MHz
2026/09/23 03:33:32.686, 0, 88 %, 77 %, 3589 MiB, 49140 MiB, 278.69 W, 300.00 W, 72, 2490 MHz
2026/09/23 03:33:33.687, 0, 94 %, 82 %, 3589 MiB, 49140 MiB, 278.52 W, 300.00 W, 72, 2355 MHz
2026/09/23 03:33:34.688, 0, 93 %, 78 %, 3589 MiB, 49140 MiB, 278.74 W, 300.00 W, 71, 2385 MHz
2026/09/23 03:33:35.689, 0, 95 %, 80 %, 3589 MiB, 49140 MiB, 280.46 W, 300.00 W, 71, 2295 MHz
2026/09/23 03:33:36.690, 0, 87 %, 76 %, 3589 MiB, 49140 MiB, 278.87 W, 300.00 W, 70, 2250 MHz
2026/09/23 03:33:37.691, 0, 95 %, 80 %, 3589 MiB, 49140 MiB, 280.46 W, 300.00 W, 72, 2235 MHz
2026/09/23 03:33:38.692, 0, 93 %, 79 %, 3589 MiB, 49140 MiB, 280.08 W, 300.00 W, 71, 2310 MHz
2026/09/23 03:33:39.693, 0, 89 %, 78 %, 3589 MiB, 49140 MiB, 277.83 W, 300.00 W, 71, 2085 MHz
2026/09/23 03:33:40.694, 0, 91 %, 77 %, 3589 MiB, 49140 MiB, 278.82 W, 300.00 W, 71, 2040 MHz
2026/09/23 03:33:41.694, 0, 61 %, 39 %, 3589 MiB, 49140 MiB, 271.99 W, 300.00 W, 71, 2550 MHz
2026/09/23 03:33:42.695, 0, 0 %, 0 %, 3589 MiB, 49140 MiB, 138.54 W, 300.00 W, 66, 2730 MHz
2026/09/23 03:33:43.695, 0, 87 %, 74 %, 3589 MiB, 49140 MiB, 237.32 W, 300.00 W, 71, 2370 MHz
2026/09/23 03:33:44.697, 0, 92 %, 80 %, 3589 MiB, 49140 MiB, 278.17 W, 300.00 W, 72, 2310 MHz
2026/09/23 03:33:45.698, 0, 88 %, 74 %, 3589 MiB, 49140 MiB, 278.73 W, 300.00 W, 71, 2460 MHz
2026/09/23 03:33:46.698, 0, 88 %, 76 %, 3589 MiB, 49140 MiB, 276.69 W, 300.00 W, 72, 2235 MHz
2026/09/23 03:33:47.699, 0, 88 %, 77 %, 3589 MiB, 49140 MiB, 276.55 W, 300.00 W, 72, 2340 MHz
2026/09/23 03:33:48.700, 0, 94 %, 79 %, 3589 MiB, 49140 MiB, 279.85 W, 300.00 W, 71, 2295 MHz
2026/09/23 03:33:49.703, 0, 91 %, 78 %, 3589 MiB, 49140 MiB, 277.32 W, 300.00 W, 70, 2295 MHz
2026/09/23 03:33:50.703, 0, 89 %, 76 %, 3589 MiB, 49140 MiB, 278.45 W, 300.00 W, 71, 2190 MHz
2026/09/23 03:33:51.704, 0, 87 %, 76 %, 3589 MiB, 49140 MiB, 277.78 W, 300.00 W, 72, 2490 MHz
2026/09/23 03:33:52.705, 0, 90 %, 78 %, 3589 MiB, 49140 MiB, 276.38 W, 300.00 W, 72, 2160 MHz
2026/09/23 03:33:53.705, 0, 92 %, 78 %, 3589 MiB, 49140 MiB, 277.99 W, 300.00 W, 71, 2085 MHz
2026/09/23 03:33:54.706, 0, 56 %, 36 %, 3589 MiB, 49140 MiB, 271.25 W, 300.00 W, 72, 2535 MHz
2026/09/23 03:33:55.706, 0, 0 %, 0 %, 3589 MiB, 49140 MiB, 140.66 W, 300.00 W, 66, 2730 MHz
2026/09/23 03:33:56.707, 0, 89 %, 76 %, 3589 MiB, 49140 MiB, 238.49 W, 300.00 W, 71, 2430 MHz
2026/09/23 03:33:57.708, 0, 92 %, 78 %, 3589 MiB, 49140 MiB, 279.71 W, 300.00 W, 70, 2100 MHz
2026/09/23 03:33:58.709, 0, 93 %, 78 %, 3589 MiB, 49140 MiB, 277.76 W, 300.00 W, 71, 2205 MHz
2026/09/23 03:33:59.709, 0, 93 %, 79 %, 3589 MiB, 49140 MiB, 278.51 W, 300.00 W, 71, 2160 MHz
2026/09/23 03:34:00.710, 0, 95 %, 82 %, 3589 MiB, 49140 MiB, 279.92 W, 300.00 W, 72, 2220 MHz
2026/09/23 03:34:01.711, 0, 94 %, 79 %, 3589 MiB, 49140 MiB, 280.51 W, 300.00 W, 71, 2310 MHz
2026/09/23 03:34:02.711, 0, 90 %, 78 %, 3589 MiB, 49140 MiB, 277.79 W, 300.00 W, 71, 2130 MHz
2026/09/23 03:34:03.712, 0, 86 %, 74 %, 3589 MiB, 49140 MiB, 276.10 W, 300.00 W, 71, 2355 MHz
2026/09/23 03:34:04.713, 0, 93 %, 82 %, 3589 MiB, 49140 MiB, 279.04 W, 300.00 W, 73, 2310 MHz
2026/09/23 03:34:05.713, 0, 84 %, 73 %, 3589 MiB, 49140 MiB, 280.03 W, 300.00 W, 73, 2490 MHz
2026/09/23 03:34:06.714, 0, 86 %, 74 %, 3589 MiB, 49140 MiB, 277.08 W, 300.00 W, 71, 2550 MHz
2026/09/23 03:34:07.715, 0, 66 %, 43 %, 3589 MiB, 49140 MiB, 271.18 W, 300.00 W, 72, 2535 MHz
2026/09/23 03:34:08.716, 0, 24 %, 20 %, 3589 MiB, 49140 MiB, 126.40 W, 300.00 W, 70, 2370 MHz
2026/09/23 03:34:09.716, 0, 89 %, 77 %, 3589 MiB, 49140 MiB, 266.52 W, 300.00 W, 71, 2385 MHz
2026/09/23 03:34:10.717, 0, 91 %, 80 %, 3589 MiB, 49140 MiB, 280.81 W, 300.00 W, 71, 2130 MHz
2026/09/23 03:34:11.718, 0, 91 %, 79 %, 3589 MiB, 49140 MiB, 281.41 W, 300.00 W, 71, 2235 MHz
2026/09/23 03:34:12.720, 0, 87 %, 76 %, 3589 MiB, 49140 MiB, 282.71 W, 300.00 W, 70, 2325 MHz
2026/09/23 03:34:13.720, 0, 86 %, 76 %, 3589 MiB, 49140 MiB, 279.57 W, 300.00 W, 72, 2175 MHz
2026/09/23 03:34:14.721, 0, 86 %, 75 %, 3589 MiB, 49140 MiB, 278.27 W, 300.00 W, 70, 2325 MHz
2026/09/23 03:34:15.724, 0, 92 %, 79 %, 3589 MiB, 49140 MiB, 280.16 W, 300.00 W, 71, 2415 MHz
2026/09/23 03:34:16.724, 0, 92 %, 78 %, 3589 MiB, 49140 MiB, 283.08 W, 300.00 W, 71, 2355 MHz
2026/09/23 03:34:17.725, 0, 88 %, 75 %, 3589 MiB, 49140 MiB, 281.17 W, 300.00 W, 72, 2310 MHz
2026/09/23 03:34:18.726, 0, 91 %, 77 %, 3589 MiB, 49140 MiB, 281.18 W, 300.00 W, 71, 2310 MHz
2026/09/23 03:34:19.727, 0, 93 %, 78 %, 3589 MiB, 49140 MiB, 282.99 W, 300.00 W, 71, 2430 MHz
2026/09/23 03:34:20.728, 0, 60 %, 38 %, 3589 MiB, 49140 MiB, 268.97 W, 300.00 W, 71, 2655 MHz
2026/09/23 03:34:21.728, 0, 79 %, 69 %, 3589 MiB, 49140 MiB, 123.97 W, 300.00 W, 71, 2100 MHz
2026/09/23 03:34:22.729, 0, 94 %, 80 %, 3589 MiB, 49140 MiB, 274.96 W, 300.00 W, 71, 2160 MHz
2026/09/23 03:34:23.730, 0, 93 %, 79 %, 3589 MiB, 49140 MiB, 276.20 W, 300.00 W, 71, 2400 MHz
2026/09/23 03:34:24.731, 0, 92 %, 80 %, 3589 MiB, 49140 MiB, 278.69 W, 300.00 W, 72, 2415 MHz
2026/09/23 03:34:25.732, 0, 88 %, 78 %, 3589 MiB, 49140 MiB, 278.98 W, 300.00 W, 71, 2385 MHz
2026/09/23 03:34:26.732, 0, 92 %, 81 %, 3589 MiB, 49140 MiB, 280.23 W, 300.00 W, 72, 2145 MHz
2026/09/23 03:34:27.733, 0, 91 %, 80 %, 3589 MiB, 49140 MiB, 278.65 W, 300.00 W, 72, 2055 MHz
2026/09/23 03:34:28.734, 0, 93 %, 78 %, 3589 MiB, 49140 MiB, 274.98 W, 300.00 W, 71, 2325 MHz
2026/09/23 03:34:29.735, 0, 92 %, 80 %, 3589 MiB, 49140 MiB, 275.94 W, 300.00 W, 71, 2265 MHz
2026/09/23 03:34:30.735, 0, 92 %, 78 %, 3589 MiB, 49140 MiB, 280.95 W, 300.00 W, 71, 2400 MHz
2026/09/23 03:34:31.736, 0, 86 %, 75 %, 3589 MiB, 49140 MiB, 281.31 W, 300.00 W, 73, 2370 MHz
2026/09/23 03:34:32.739, 0, 93 %, 78 %, 3589 MiB, 49140 MiB, 279.82 W, 300.00 W, 72, 2250 MHz
2026/09/23 03:34:33.739, 0, 66 %, 42 %, 3589 MiB, 49140 MiB, 269.85 W, 300.00 W, 69, 2730 MHz
2026/09/23 03:34:34.740, 0, 92 %, 80 %, 3589 MiB, 49140 MiB, 128.70 W, 300.00 W, 71, 2370 MHz
2026/09/23 03:34:35.741, 0, 84 %, 71 %, 3589 MiB, 49140 MiB, 278.08 W, 300.00 W, 72, 2445 MHz
2026/09/23 03:34:36.742, 0, 90 %, 75 %, 3589 MiB, 49140 MiB, 282.84 W, 300.00 W, 71, 2445 MHz
2026/09/23 03:34:37.743, 0, 86 %, 75 %, 3589 MiB, 49140 MiB, 281.16 W, 300.00 W, 70, 2385 MHz
2026/09/23 03:34:38.743, 0, 91 %, 78 %, 3589 MiB, 49140 MiB, 281.24 W, 300.00 W, 72, 2340 MHz
2026/09/23 03:34:39.744, 0, 91 %, 81 %, 3589 MiB, 49140 MiB, 281.75 W, 300.00 W, 72, 2055 MHz
2026/09/23 03:34:40.744, 0, 91 %, 79 %, 3589 MiB, 49140 MiB, 282.32 W, 300.00 W, 71, 2325 MHz
2026/09/23 03:34:41.745, 0, 90 %, 79 %, 3589 MiB, 49140 MiB, 281.11 W, 300.00 W, 72, 2400 MHz
2026/09/23 03:34:42.746, 0, 85 %, 73 %, 3589 MiB, 49140 MiB, 279.96 W, 300.00 W, 72, 2355 MHz
2026/09/23 03:34:43.746, 0, 90 %, 77 %, 3589 MiB, 49140 MiB, 281.04 W, 300.00 W, 72, 2430 MHz
2026/09/23 03:34:44.747, 0, 86 %, 75 %, 3589 MiB, 49140 MiB, 281.72 W, 300.00 W, 73, 2160 MHz
2026/09/23 03:34:45.748, 0, 90 %, 76 %, 3589 MiB, 49140 MiB, 282.11 W, 300.00 W, 72, 2250 MHz
2026/09/23 03:34:46.749, 0, 21 %, 13 %, 3589 MiB, 49140 MiB, 259.59 W, 300.00 W, 67, 2730 MHz
2026/09/23 03:34:47.749, 0, 93 %, 80 %, 3589 MiB, 49140 MiB, 126.08 W, 300.00 W, 69, 2295 MHz
2026/09/23 03:34:48.750, 0, 93 %, 79 %, 3589 MiB, 49140 MiB, 275.14 W, 300.00 W, 70, 2310 MHz
2026/09/23 03:34:49.751, 0, 92 %, 78 %, 3589 MiB, 49140 MiB, 277.90 W, 300.00 W, 71, 2325 MHz
2026/09/23 03:34:50.753, 0, 90 %, 77 %, 3589 MiB, 49140 MiB, 278.37 W, 300.00 W, 72, 2310 MHz
2026/09/23 03:34:51.753, 0, 93 %, 79 %, 3589 MiB, 49140 MiB, 277.85 W, 300.00 W, 71, 2100 MHz
2026/09/23 03:34:52.754, 0, 93 %, 82 %, 3589 MiB, 49140 MiB, 280.50 W, 300.00 W, 72, 2040 MHz
2026/09/23 03:34:53.755, 0, 93 %, 80 %, 3589 MiB, 49140 MiB, 279.73 W, 300.00 W, 72, 2190 MHz
2026/09/23 03:34:54.755, 0, 93 %, 81 %, 3589 MiB, 49140 MiB, 278.23 W, 300.00 W, 71, 2205 MHz
2026/09/23 03:34:55.756, 0, 86 %, 73 %, 3589 MiB, 49140 MiB, 276.58 W, 300.00 W, 72, 2415 MHz
2026/09/23 03:34:56.758, 0, 90 %, 78 %, 3589 MiB, 49140 MiB, 278.11 W, 300.00 W, 72, 2370 MHz
2026/09/23 03:34:57.758, 0, 94 %, 80 %, 3589 MiB, 49140 MiB, 279.56 W, 300.00 W, 71, 2280 MHz
2026/09/23 03:34:58.759, 0, 93 %, 80 %, 3589 MiB, 49140 MiB, 279.87 W, 300.00 W, 70, 2295 MHz
2026/09/23 03:34:59.760, 0, 0 %, 0 %, 3589 MiB, 49140 MiB, 236.60 W, 300.00 W, 67, 2730 MHz
2026/09/23 03:35:00.760, 0, 87 %, 75 %, 3589 MiB, 49140 MiB, 144.32 W, 300.00 W, 70, 2445 MHz
2026/09/23 03:35:01.761, 0, 89 %, 77 %, 3589 MiB, 49140 MiB, 279.37 W, 300.00 W, 72, 2370 MHz
2026/09/23 03:35:02.762, 0, 92 %, 79 %, 3589 MiB, 49140 MiB, 273.86 W, 300.00 W, 72, 2145 MHz
2026/09/23 03:35:03.762, 0, 92 %, 80 %, 3589 MiB, 49140 MiB, 277.96 W, 300.00 W, 70, 2160 MHz
2026/09/23 03:35:04.763, 0, 94 %, 80 %, 3589 MiB, 49140 MiB, 280.29 W, 300.00 W, 72, 2160 MHz
2026/09/23 03:35:05.764, 0, 88 %, 75 %, 3589 MiB, 49140 MiB, 276.86 W, 300.00 W, 72, 2430 MHz
2026/09/23 03:35:06.765, 0, 93 %, 80 %, 3589 MiB, 49140 MiB, 278.61 W, 300.00 W, 71, 2355 MHz
2026/09/23 03:35:07.766, 0, 95 %, 83 %, 3589 MiB, 49140 MiB, 277.44 W, 300.00 W, 72, 2085 MHz
2026/09/23 03:35:08.768, 0, 88 %, 77 %, 3589 MiB, 49140 MiB, 279.35 W, 300.00 W, 71, 2145 MHz
2026/09/23 03:35:09.769, 0, 91 %, 76 %, 3589 MiB, 49140 MiB, 279.88 W, 300.00 W, 72, 2295 MHz
2026/09/23 03:35:10.769, 0, 91 %, 76 %, 3589 MiB, 49140 MiB, 280.75 W, 300.00 W, 71, 2325 MHz
2026/09/23 03:35:11.771, 0, 93 %, 78 %, 3589 MiB, 49140 MiB, 279.66 W, 300.00 W, 72, 2310 MHz
2026/09/23 03:35:12.771, 0, 0 %, 0 %, 3589 MiB, 49140 MiB, 217.98 W, 300.00 W, 66, 2730 MHz
2026/09/23 03:35:13.772, 0, 94 %, 81 %, 3589 MiB, 49140 MiB, 169.96 W, 300.00 W, 71, 2145 MHz
2026/09/23 03:35:14.773, 0, 87 %, 74 %, 3589 MiB, 49140 MiB, 280.51 W, 300.00 W, 71, 2460 MHz
2026/09/23 03:35:15.774, 0, 92 %, 79 %, 3589 MiB, 49140 MiB, 282.51 W, 300.00 W, 71, 2370 MHz
2026/09/23 03:35:16.775, 0, 87 %, 77 %, 3589 MiB, 49140 MiB, 278.05 W, 300.00 W, 72, 2100 MHz
2026/09/23 03:35:17.776, 0, 96 %, 82 %, 3589 MiB, 49140 MiB, 283.21 W, 300.00 W, 72, 2205 MHz
2026/09/23 03:35:18.777, 0, 92 %, 80 %, 3589 MiB, 49140 MiB, 281.98 W, 300.00 W, 71, 2115 MHz
2026/09/23 03:35:19.778, 0, 92 %, 81 %, 3589 MiB, 49140 MiB, 283.65 W, 300.00 W, 72, 2115 MHz
2026/09/23 03:35:20.778, 0, 90 %, 79 %, 3589 MiB, 49140 MiB, 282.07 W, 300.00 W, 71, 2340 MHz
2026/09/23 03:35:21.779, 0, 90 %, 77 %, 3589 MiB, 49140 MiB, 282.15 W, 300.00 W, 72, 2190 MHz
2026/09/23 03:35:22.780, 0, 91 %, 79 %, 3589 MiB, 49140 MiB, 282.61 W, 300.00 W, 71, 2250 MHz
2026/09/23 03:35:23.781, 0, 84 %, 73 %, 3589 MiB, 49140 MiB, 281.31 W, 300.00 W, 73, 2460 MHz
2026/09/23 03:35:24.781, 0, 93 %, 76 %, 3589 MiB, 49140 MiB, 281.58 W, 300.00 W, 72, 2415 MHz
2026/09/23 03:35:25.782, 0, 0 %, 0 %, 3589 MiB, 49140 MiB, 197.61 W, 300.00 W, 66, 2730 MHz
2026/09/23 03:35:26.783, 0, 91 %, 81 %, 3589 MiB, 49140 MiB, 183.31 W, 300.00 W, 72, 2355 MHz
2026/09/23 03:35:27.783, 0, 92 %, 82 %, 3589 MiB, 49140 MiB, 281.36 W, 300.00 W, 73, 2325 MHz
2026/09/23 03:35:28.784, 0, 92 %, 79 %, 3589 MiB, 49140 MiB, 283.18 W, 300.00 W, 70, 2115 MHz
2026/09/23 03:35:29.785, 0, 93 %, 82 %, 3589 MiB, 49140 MiB, 283.72 W, 300.00 W, 71, 2145 MHz
2026/09/23 03:35:30.785, 0, 88 %, 78 %, 3589 MiB, 49140 MiB, 280.80 W, 300.00 W, 73, 2340 MHz
2026/09/23 03:35:31.786, 0, 92 %, 81 %, 3589 MiB, 49140 MiB, 282.13 W, 300.00 W, 72, 2370 MHz
2026/09/23 03:35:32.788, 0, 92 %, 79 %, 3589 MiB, 49140 MiB, 282.83 W, 300.00 W, 72, 2385 MHz
2026/09/23 03:35:33.788, 0, 90 %, 77 %, 3589 MiB, 49140 MiB, 282.10 W, 300.00 W, 72, 2445 MHz
2026/09/23 03:35:34.789, 0, 90 %, 80 %, 3589 MiB, 49140 MiB, 279.89 W, 300.00 W, 73, 2280 MHz
2026/09/23 03:35:35.790, 0, 88 %, 78 %, 3589 MiB, 49140 MiB, 282.12 W, 300.00 W, 73, 2325 MHz
2026/09/23 03:35:36.791, 0, 92 %, 79 %, 3589 MiB, 49140 MiB, 282.74 W, 300.00 W, 72, 2325 MHz
2026/09/23 03:35:37.791, 0, 68 %, 43 %, 3589 MiB, 49140 MiB, 277.57 W, 300.00 W, 72, 2460 MHz
2026/09/23 03:35:38.792, 0, 0 %, 0 %, 3589 MiB, 49140 MiB, 169.40 W, 300.00 W, 66, 2730 MHz
2026/09/23 03:35:39.793, 0, 0 %, 0 %, 1387 MiB, 49140 MiB, 85.20 W, 300.00 W, 65, 2730 MHz
2026/09/23 03:35:40.794, 0, 0 %, 0 %, 1387 MiB, 49140 MiB, 74.38 W, 300.00 W, 64, 2505 MHz
2026/09/23 03:35:41.794, 0, 0 %, 0 %, 1387 MiB, 49140 MiB, 68.76 W, 300.00 W, 63, 2505 MHz
2026/09/23 03:35:42.795, 0, 0 %, 0 %, 1387 MiB, 49140 MiB, 68.02 W, 300.00 W, 63, 2505 MHz
2026/09/23 03:35:43.795, 0, 3 %, 0 %, 1471 MiB, 49140 MiB, 70.92 W, 300.00 W, 62, 2505 MHz
2026/09/23 03:35:44.796, 0, 0 %, 0 %, 1471 MiB, 49140 MiB, 79.33 W, 300.00 W, 62, 2505 MHz
2026/09/23 03:35:45.801, 0, 0 %, 0 %, 1387 MiB, 49140 MiB, 73.73 W, 300.00 W, 61, 2505 MHz
2026/09/23 03:35:46.801, 0, 0 %, 0 %, 1387 MiB, 49140 MiB, 73.81 W, 300.00 W, 61, 2505 MHz
2026/09/23 03:35:47.802, 0, 0 %, 0 %, 1387 MiB, 49140 MiB, 67.15 W, 300.00 W, 61, 2505 MHz
2026/09/23 03:35:48.802, 0, 0 %, 0 %, 1387 MiB, 49140 MiB, 66.89 W, 300.00 W, 60, 2505 MHz
2026/09/23 03:35:49.803, 0, 0 %, 0 %, 1387 MiB, 49140 MiB, 66.35 W, 300.00 W, 60, 2505 MHz
2026/09/23 03:35:50.803, 0, 0 %, 0 %, 1385 MiB, 49140 MiB, 66.18 W, 300.00 W, 59, 2505 MHz
2026/09/23 03:35:51.804, 0, 23 %, 2 %, 0 MiB, 49140 MiB, 66.75 W, 300.00 W, 59, 2505 MHz
2026/09/23 03:35:52.804, 0, 0 %, 0 %, 0 MiB, 49140 MiB, 67.24 W, 300.00 W, 59, 2505 MHz
2026/09/23 03:35:53.805, 0, 0 %, 0 %, 0 MiB, 49140 MiB, 46.73 W, 300.00 W, 57, 660 MHz
2026/09/23 03:35:54.805, 0, 0 %, 0 %, 0 MiB, 49140 MiB, 33.09 W, 300.00 W, 57, 375 MHz
2026/09/23 03:35:55.806, 0, 0 %, 0 %, 0 MiB, 49140 MiB, 16.93 W, 300.00 W, 56, 225 MHz
2026/09/23 03:35:56.807, 0, 0 %, 0 %, 0 MiB, 49140 MiB, 11.92 W, 300.00 W, 56, 210 MHz
2026/09/23 03:35:57.808, 0, 0 %, 0 %, 0 MiB, 49140 MiB, 11.16 W, 300.00 W, 55, 210 MHz
2026/09/23 03:35:58.808, 0, 0 %, 0 %, 0 MiB, 49140 MiB, 10.81 W, 300.00 W, 55, 210 MHz
2026/09/23 03:35:59.809, 0, 0 %, 0 %, 0 MiB, 49140 MiB, 10.50 W, 300.00 W, 55, 210 MHz
2026/09/23 03:36:00.810, 0, 0 %, 0 %, 0 MiB, 49140 MiB, 10.21 W, 300.00 W, 54, 210 MHz
2026/09/23 03:36:01.811, 0, 0 %, 0 %, 701 MiB, 49140 MiB, 10.45 W, 300.00 W, 54, 210 MHz
2026/09/23 03:36:02.812, 0, 0 %, 0 %, 815 MiB, 49140 MiB, 27.54 W, 300.00 W, 55, 2505 MHz
2026/09/23 03:36:03.812, 0, 42 %, 3 %, 715 MiB, 49140 MiB, 71.98 W, 300.00 W, 56, 2505 MHz
2026/09/23 03:36:04.813, 0, 58 %, 18 %, 715 MiB, 49140 MiB, 127.96 W, 300.00 W, 58, 2745 MHz
2026/09/23 03:36:05.814, 0, 58 %, 14 %, 715 MiB, 49140 MiB, 157.66 W, 300.00 W, 57, 2745 MHz
2026/09/23 03:36:06.814, 0, 55 %, 16 %, 715 MiB, 49140 MiB, 153.35 W, 300.00 W, 59, 2745 MHz
2026/09/23 03:36:07.816, 0, 52 %, 13 %, 715 MiB, 49140 MiB, 163.40 W, 300.00 W, 62, 2745 MHz
2026/09/23 03:36:08.816, 0, 52 %, 13 %, 715 MiB, 49140 MiB, 172.08 W, 300.00 W, 60, 2745 MHz
2026/09/23 03:36:09.817, 0, 55 %, 13 %, 1017 MiB, 49140 MiB, 168.73 W, 300.00 W, 58, 2595 MHz
2026/09/23 03:36:10.818, 0, 62 %, 19 %, 715 MiB, 49140 MiB, 163.52 W, 300.00 W, 61, 2745 MHz
2026/09/23 03:36:11.818, 0, 63 %, 22 %, 971 MiB, 49140 MiB, 168.27 W, 300.00 W, 62, 2745 MHz
2026/09/23 03:36:12.819, 0, 63 %, 24 %, 715 MiB, 49140 MiB, 175.54 W, 300.00 W, 62, 2715 MHz
2026/09/23 03:36:13.819, 0, 55 %, 14 %, 715 MiB, 49140 MiB, 164.04 W, 300.00 W, 59, 2745 MHz
2026/09/23 03:36:14.820, 0, 57 %, 15 %, 1081 MiB, 49140 MiB, 153.16 W, 300.00 W, 59, 2745 MHz
2026/09/23 03:36:15.820, 0, 0 %, 0 %, 715 MiB, 49140 MiB, 92.18 W, 300.00 W, 57, 2745 MHz
