timestamp, index, utilization.gpu [%], utilization.memory [%], memory.used [MiB], memory.total [MiB], power.draw [W], power.limit [W], temperature.gpu, clocks.current.sm [MHz]
2026/09/23 09:07:50.316, 0, 11 %, 1 %, 0 MiB, 49140 MiB, 79.38 W, 300.00 W, 57, 2505 MHz
2026/09/23 09:07:51.321, 0, 11 %, 1 %, 0 MiB, 49140 MiB, 73.32 W, 300.00 W, 56, 2505 MHz
2026/09/23 09:07:52.321, 0, 0 %, 0 %, 0 MiB, 49140 MiB, 67.25 W, 300.00 W, 56, 2505 MHz
2026/09/23 09:07:53.322, 0, 0 %, 0 %, 0 MiB, 49140 MiB, 53.43 W, 300.00 W, 55, 570 MHz
2026/09/23 09:07:54.322, 0, 0 %, 0 %, 633 MiB, 49140 MiB, 36.58 W, 300.00 W, 54, 270 MHz
2026/09/23 09:07:55.323, 0, 0 %, 0 %, 633 MiB, 49140 MiB, 55.22 W, 300.00 W, 54, 2505 MHz
2026/09/23 09:07:56.323, 0, 0 %, 0 %, 633 MiB, 49140 MiB, 60.44 W, 300.00 W, 54, 2505 MHz
2026/09/23 09:07:57.324, 0, 0 %, 0 %, 633 MiB, 49140 MiB, 61.21 W, 300.00 W, 54, 2505 MHz
2026/09/23 09:07:58.327, 0, 0 %, 0 %, 633 MiB, 49140 MiB, 61.10 W, 300.00 W, 54, 2505 MHz
2026/09/23 09:07:59.327, 0, 0 %, 0 %, 635 MiB, 49140 MiB, 60.67 W, 300.00 W, 54, 2505 MHz
2026/09/23 09:08:00.328, 0, 0 %, 0 %, 635 MiB, 49140 MiB, 60.88 W, 300.00 W, 54, 2505 MHz
2026/09/23 09:08:01.328, 0, 0 %, 0 %, 1583 MiB, 49140 MiB, 60.67 W, 300.00 W, 54, 2505 MHz
2026/09/23 09:08:02.329, 0, 13 %, 4 %, 6999 MiB, 49140 MiB, 87.74 W, 300.00 W, 54, 2505 MHz
2026/09/23 09:08:03.329, 0, 75 %, 35 %, 3673 MiB, 49140 MiB, 105.66 W, 300.00 W, 54, 2745 MHz
2026/09/23 09:08:04.330, 0, 0 %, 0 %, 3927 MiB, 49140 MiB, 80.86 W, 300.00 W, 54, 2745 MHz
2026/09/23 09:08:05.330, 0, 0 %, 0 %, 4119 MiB, 49140 MiB, 79.02 W, 300.00 W, 53, 2505 MHz
2026/09/23 09:08:06.330, 0, 69 %, 6 %, 3679 MiB, 49140 MiB, 88.83 W, 300.00 W, 54, 2745 MHz
2026/09/23 09:08:07.331, 0, 42 %, 26 %, 3487 MiB, 49140 MiB, 98.28 W, 300.00 W, 54, 2745 MHz
2026/09/23 09:08:08.332, 0, 60 %, 20 %, 3427 MiB, 49140 MiB, 83.74 W, 300.00 W, 54, 2745 MHz
2026/09/23 09:08:09.332, 0, 20 %, 14 %, 3525 MiB, 49140 MiB, 82.13 W, 300.00 W, 54, 2745 MHz
2026/09/23 09:08:10.333, 0, 0 %, 0 %, 3335 MiB, 49140 MiB, 88.67 W, 300.00 W, 54, 2745 MHz
2026/09/23 09:08:11.333, 0, 0 %, 0 %, 3335 MiB, 49140 MiB, 71.29 W, 300.00 W, 53, 2505 MHz
2026/09/23 09:08:12.334, 0, 0 %, 0 %, 3431 MiB, 49140 MiB, 67.61 W, 300.00 W, 53, 2505 MHz
2026/09/23 09:08:13.334, 0, 0 %, 0 %, 3271 MiB, 49140 MiB, 67.67 W, 300.00 W, 53, 2505 MHz
2026/09/23 09:08:14.335, 0, 22 %, 2 %, 3221 MiB, 49140 MiB, 63.12 W, 300.00 W, 53, 2505 MHz
2026/09/23 09:08:15.335, 0, 34 %, 5 %, 3245 MiB, 49140 MiB, 66.01 W, 300.00 W, 52, 2505 MHz
2026/09/23 09:08:16.336, 0, 10 %, 2 %, 3163 MiB, 49140 MiB, 65.33 W, 300.00 W, 52, 2505 MHz
2026/09/23 09:08:17.336, 0, 0 %, 0 %, 3163 MiB, 49140 MiB, 61.87 W, 300.00 W, 52, 2505 MHz
2026/09/23 09:08:18.337, 0, 0 %, 0 %, 3197 MiB, 49140 MiB, 65.03 W, 300.00 W, 52, 2505 MHz
2026/09/23 09:08:19.337, 0, 0 %, 0 %, 3147 MiB, 49140 MiB, 63.61 W, 300.00 W, 52, 2505 MHz
2026/09/23 09:08:20.338, 0, 0 %, 0 %, 3147 MiB, 49140 MiB, 60.52 W, 300.00 W, 52, 2505 MHz
2026/09/23 09:08:21.338, 0, 0 %, 0 %, 3131 MiB, 49140 MiB, 61.39 W, 300.00 W, 52, 2505 MHz
2026/09/23 09:08:22.339, 0, 0 %, 0 %, 3131 MiB, 49140 MiB, 61.13 W, 300.00 W, 52, 2505 MHz
2026/09/23 09:08:23.339, 0, 2 %, 0 %, 3131 MiB, 49140 MiB, 60.58 W, 300.00 W, 52, 2505 MHz
2026/09/23 09:08:24.340, 0, 0 %, 0 %, 3111 MiB, 49140 MiB, 60.28 W, 300.00 W, 51, 2505 MHz
2026/09/23 09:08:25.340, 0, 1 %, 0 %, 3207 MiB, 49140 MiB, 63.02 W, 300.00 W, 51, 2505 MHz
2026/09/23 09:08:26.341, 0, 7 %, 1 %, 3875 MiB, 49140 MiB, 74.69 W, 300.00 W, 52, 2505 MHz
2026/09/23 09:08:27.343, 0, 0 %, 0 %, 4793 MiB, 49140 MiB, 64.68 W, 300.00 W, 51, 2505 MHz
2026/09/23 09:08:28.344, 0, 96 %, 85 %, 4793 MiB, 49140 MiB, 216.20 W, 300.00 W, 59, 2565 MHz
2026/09/23 09:08:29.346, 0, 60 %, 55 %, 4793 MiB, 49140 MiB, 242.10 W, 300.00 W, 58, 2505 MHz
2026/09/23 09:08:30.347, 0, 78 %, 68 %, 4793 MiB, 49140 MiB, 261.14 W, 300.00 W, 59, 2205 MHz
2026/09/23 09:08:31.348, 0, 95 %, 87 %, 4793 MiB, 49140 MiB, 278.76 W, 300.00 W, 60, 2265 MHz
2026/09/23 09:08:32.348, 0, 95 %, 87 %, 4793 MiB, 49140 MiB, 279.06 W, 300.00 W, 61, 2370 MHz
2026/09/23 09:08:33.350, 0, 98 %, 86 %, 4793 MiB, 49140 MiB, 281.08 W, 300.00 W, 62, 1965 MHz
2026/09/23 09:08:34.351, 0, 96 %, 87 %, 4793 MiB, 49140 MiB, 281.79 W, 300.00 W, 61, 2235 MHz
2026/09/23 09:08:35.352, 0, 94 %, 83 %, 4793 MiB, 49140 MiB, 282.88 W, 300.00 W, 61, 2310 MHz
2026/09/23 09:08:36.352, 0, 93 %, 85 %, 4793 MiB, 49140 MiB, 280.10 W, 300.00 W, 62, 2370 MHz
2026/09/23 09:08:37.353, 0, 95 %, 88 %, 4793 MiB, 49140 MiB, 281.40 W, 300.00 W, 63, 2010 MHz
2026/09/23 09:08:38.354, 0, 95 %, 86 %, 4793 MiB, 49140 MiB, 281.85 W, 300.00 W, 63, 2085 MHz
2026/09/23 09:08:39.356, 0, 97 %, 86 %, 4793 MiB, 49140 MiB, 281.79 W, 300.00 W, 63, 2190 MHz
2026/09/23 09:08:40.360, 0, 97 %, 86 %, 4793 MiB, 49140 MiB, 283.77 W, 300.00 W, 65, 2265 MHz
2026/09/23 09:08:41.361, 0, 97 %, 86 %, 4793 MiB, 49140 MiB, 279.72 W, 300.00 W, 64, 2250 MHz
2026/09/23 09:08:42.362, 0, 97 %, 85 %, 4793 MiB, 49140 MiB, 283.49 W, 300.00 W, 65, 2205 MHz
2026/09/23 09:08:43.363, 0, 98 %, 86 %, 4793 MiB, 49140 MiB, 284.49 W, 300.00 W, 65, 2235 MHz
2026/09/23 09:08:44.364, 0, 0 %, 0 %, 1587 MiB, 49140 MiB, 112.25 W, 300.00 W, 58, 2745 MHz
2026/09/23 09:08:45.364, 0, 29 %, 7 %, 1539 MiB, 49140 MiB, 95.27 W, 300.00 W, 58, 2505 MHz
2026/09/23 09:08:46.365, 0, 0 %, 0 %, 1937 MiB, 49140 MiB, 185.91 W, 300.00 W, 64, 2100 MHz
2026/09/23 09:08:47.365, 0, 4 %, 0 %, 1937 MiB, 49140 MiB, 139.35 W, 300.00 W, 58, 2745 MHz
2026/09/23 09:08:48.366, 0, 0 %, 0 %, 4873 MiB, 49140 MiB, 117.33 W, 300.00 W, 63, 2325 MHz
2026/09/23 09:08:49.366, 0, 94 %, 84 %, 4873 MiB, 49140 MiB, 286.03 W, 300.00 W, 63, 1980 MHz
2026/09/23 09:08:50.367, 0, 96 %, 88 %, 4873 MiB, 49140 MiB, 285.79 W, 300.00 W, 64, 2190 MHz
2026/09/23 09:08:51.369, 0, 96 %, 86 %, 4873 MiB, 49140 MiB, 285.19 W, 300.00 W, 65, 2175 MHz
2026/09/23 09:08:52.370, 0, 97 %, 86 %, 4873 MiB, 49140 MiB, 284.72 W, 300.00 W, 65, 2250 MHz
2026/09/23 09:08:53.371, 0, 97 %, 86 %, 4873 MiB, 49140 MiB, 281.58 W, 300.00 W, 66, 2175 MHz
2026/09/23 09:08:54.372, 0, 97 %, 87 %, 4873 MiB, 49140 MiB, 283.08 W, 300.00 W, 66, 2220 MHz
2026/09/23 09:08:55.374, 0, 97 %, 87 %, 4873 MiB, 49140 MiB, 283.43 W, 300.00 W, 67, 2220 MHz
2026/09/23 09:08:56.376, 0, 95 %, 85 %, 4873 MiB, 49140 MiB, 285.59 W, 300.00 W, 66, 2130 MHz
2026/09/23 09:08:57.376, 0, 98 %, 86 %, 4873 MiB, 49140 MiB, 285.62 W, 300.00 W, 66, 2175 MHz
2026/09/23 09:08:58.377, 0, 97 %, 86 %, 4873 MiB, 49140 MiB, 282.12 W, 300.00 W, 67, 2130 MHz
2026/09/23 09:08:59.377, 0, 98 %, 85 %, 4873 MiB, 49140 MiB, 284.59 W, 300.00 W, 67, 2205 MHz
2026/09/23 09:09:00.378, 0, 97 %, 86 %, 4873 MiB, 49140 MiB, 286.18 W, 300.00 W, 67, 2160 MHz
2026/09/23 09:09:01.379, 0, 94 %, 82 %, 4873 MiB, 49140 MiB, 285.83 W, 300.00 W, 68, 2175 MHz
2026/09/23 09:09:02.380, 0, 98 %, 85 %, 4873 MiB, 49140 MiB, 285.85 W, 300.00 W, 67, 2175 MHz
2026/09/23 09:09:03.381, 0, 93 %, 82 %, 4873 MiB, 49140 MiB, 285.25 W, 300.00 W, 68, 2175 MHz
2026/09/23 09:09:04.382, 0, 74 %, 53 %, 4873 MiB, 49140 MiB, 275.11 W, 300.00 W, 69, 2235 MHz
2026/09/23 09:09:05.383, 0, 0 %, 0 %, 4873 MiB, 49140 MiB, 130.26 W, 300.00 W, 62, 2745 MHz
2026/09/23 09:09:06.384, 0, 0 %, 0 %, 4873 MiB, 49140 MiB, 117.12 W, 300.00 W, 66, 2265 MHz
2026/09/23 09:09:07.385, 0, 95 %, 83 %, 4873 MiB, 49140 MiB, 284.81 W, 300.00 W, 68, 2085 MHz
2026/09/23 09:09:08.386, 0, 94 %, 83 %, 4873 MiB, 49140 MiB, 285.18 W, 300.00 W, 69, 2100 MHz
2026/09/23 09:09:09.386, 0, 96 %, 84 %, 4873 MiB, 49140 MiB, 284.25 W, 300.00 W, 69, 2070 MHz
2026/09/23 09:09:10.387, 0, 89 %, 79 %, 4873 MiB, 49140 MiB, 284.71 W, 300.00 W, 69, 2010 MHz
2026/09/23 09:09:11.389, 0, 93 %, 82 %, 4873 MiB, 49140 MiB, 285.56 W, 300.00 W, 68, 2295 MHz
2026/09/23 09:09:12.389, 0, 97 %, 88 %, 4873 MiB, 49140 MiB, 284.52 W, 300.00 W, 68, 2265 MHz
2026/09/23 09:09:13.390, 0, 97 %, 87 %, 4873 MiB, 49140 MiB, 285.11 W, 300.00 W, 68, 2265 MHz
2026/09/23 09:09:14.391, 0, 98 %, 86 %, 4873 MiB, 49140 MiB, 286.52 W, 300.00 W, 68, 2205 MHz
2026/09/23 09:09:15.392, 0, 96 %, 86 %, 4873 MiB, 49140 MiB, 286.62 W, 300.00 W, 69, 2220 MHz
2026/09/23 09:09:16.393, 0, 97 %, 87 %, 4873 MiB, 49140 MiB, 287.08 W, 300.00 W, 69, 2205 MHz
2026/09/23 09:09:17.393, 0, 96 %, 86 %, 4873 MiB, 49140 MiB, 286.51 W, 300.00 W, 69, 2190 MHz
2026/09/23 09:09:18.394, 0, 97 %, 87 %, 4873 MiB, 49140 MiB, 287.17 W, 300.00 W, 69, 2190 MHz
2026/09/23 09:09:19.394, 0, 97 %, 87 %, 4873 MiB, 49140 MiB, 285.80 W, 300.00 W, 69, 2175 MHz
2026/09/23 09:09:20.395, 0, 98 %, 85 %, 4873 MiB, 49140 MiB, 286.22 W, 300.00 W, 70, 2100 MHz
2026/09/23 09:09:21.397, 0, 94 %, 84 %, 4873 MiB, 49140 MiB, 287.65 W, 300.00 W, 70, 2100 MHz
2026/09/23 09:09:22.398, 0, 92 %, 77 %, 4873 MiB, 49140 MiB, 284.57 W, 300.00 W, 71, 1920 MHz
2026/09/23 09:09:23.398, 0, 2 %, 0 %, 4873 MiB, 49140 MiB, 136.54 W, 300.00 W, 64, 2745 MHz
2026/09/23 09:09:24.399, 0, 0 %, 0 %, 4873 MiB, 49140 MiB, 93.11 W, 300.00 W, 68, 2355 MHz
2026/09/23 09:09:25.399, 0, 97 %, 85 %, 4873 MiB, 49140 MiB, 287.22 W, 300.00 W, 69, 2130 MHz
2026/09/23 09:09:26.401, 0, 97 %, 85 %, 4873 MiB, 49140 MiB, 287.64 W, 300.00 W, 69, 2160 MHz
2026/09/23 09:09:27.401, 0, 96 %, 83 %, 4873 MiB, 49140 MiB, 285.72 W, 300.00 W, 70, 2175 MHz
2026/09/23 09:09:28.402, 0, 97 %, 86 %, 4873 MiB, 49140 MiB, 286.85 W, 300.00 W, 70, 2220 MHz
2026/09/23 09:09:29.403, 0, 98 %, 86 %, 4873 MiB, 49140 MiB, 285.44 W, 300.00 W, 68, 2190 MHz
2026/09/23 09:09:30.404, 0, 95 %, 86 %, 4873 MiB, 49140 MiB, 285.75 W, 300.00 W, 68, 2205 MHz
2026/09/23 09:09:31.404, 0, 97 %, 87 %, 4873 MiB, 49140 MiB, 286.13 W, 300.00 W, 69, 2160 MHz
2026/09/23 09:09:32.405, 0, 96 %, 86 %, 4873 MiB, 49140 MiB, 286.71 W, 300.00 W, 69, 2175 MHz
2026/09/23 09:09:33.406, 0, 94 %, 85 %, 4873 MiB, 49140 MiB, 286.30 W, 300.00 W, 69, 2175 MHz
2026/09/23 09:09:34.407, 0, 93 %, 83 %, 4873 MiB, 49140 MiB, 286.11 W, 300.00 W, 70, 2130 MHz
2026/09/23 09:09:35.408, 0, 94 %, 84 %, 4873 MiB, 49140 MiB, 286.27 W, 300.00 W, 70, 2175 MHz
2026/09/23 09:09:36.409, 0, 92 %, 83 %, 4873 MiB, 49140 MiB, 282.46 W, 300.00 W, 72, 1890 MHz
2026/09/23 09:09:37.410, 0, 95 %, 83 %, 4873 MiB, 49140 MiB, 286.72 W, 300.00 W, 72, 1770 MHz
2026/09/23 09:09:38.411, 0, 94 %, 82 %, 4873 MiB, 49140 MiB, 286.45 W, 300.00 W, 71, 1995 MHz
2026/09/23 09:09:39.412, 0, 96 %, 83 %, 4873 MiB, 49140 MiB, 287.41 W, 300.00 W, 71, 2220 MHz
2026/09/23 09:09:40.413, 0, 97 %, 86 %, 4873 MiB, 49140 MiB, 283.92 W, 300.00 W, 70, 2280 MHz
2026/09/23 09:09:41.413, 0, 8 %, 0 %, 4873 MiB, 49140 MiB, 169.25 W, 300.00 W, 65, 2745 MHz
2026/09/23 09:09:42.414, 0, 0 %, 0 %, 4873 MiB, 49140 MiB, 86.99 W, 300.00 W, 70, 2070 MHz
2026/09/23 09:09:43.415, 0, 95 %, 87 %, 4873 MiB, 49140 MiB, 287.26 W, 300.00 W, 71, 1860 MHz
2026/09/23 09:09:44.416, 0, 95 %, 83 %, 4873 MiB, 49140 MiB, 286.30 W, 300.00 W, 71, 1815 MHz
2026/09/23 09:09:45.417, 0, 95 %, 83 %, 4873 MiB, 49140 MiB, 286.83 W, 300.00 W, 70, 1905 MHz
2026/09/23 09:09:46.417, 0, 92 %, 81 %, 4873 MiB, 49140 MiB, 286.07 W, 300.00 W, 70, 2100 MHz
2026/09/23 09:09:47.418, 0, 97 %, 85 %, 4873 MiB, 49140 MiB, 287.31 W, 300.00 W, 71, 2055 MHz
2026/09/23 09:09:48.420, 0, 97 %, 85 %, 4873 MiB, 49140 MiB, 286.17 W, 300.00 W, 70, 2250 MHz
2026/09/23 09:09:49.421, 0, 97 %, 88 %, 4873 MiB, 49140 MiB, 286.59 W, 300.00 W, 70, 2175 MHz
2026/09/23 09:09:50.422, 0, 95 %, 85 %, 4873 MiB, 49140 MiB, 287.27 W, 300.00 W, 70, 2115 MHz
2026/09/23 09:09:51.423, 0, 94 %, 84 %, 4873 MiB, 49140 MiB, 286.37 W, 300.00 W, 71, 2115 MHz
2026/09/23 09:09:52.424, 0, 94 %, 84 %, 4873 MiB, 49140 MiB, 286.27 W, 300.00 W, 72, 1860 MHz
2026/09/23 09:09:53.425, 0, 94 %, 84 %, 4873 MiB, 49140 MiB, 288.49 W, 300.00 W, 72, 1860 MHz
2026/09/23 09:09:54.425, 0, 95 %, 83 %, 4873 MiB, 49140 MiB, 287.83 W, 300.00 W, 72, 1845 MHz
2026/09/23 09:09:55.426, 0, 94 %, 82 %, 4873 MiB, 49140 MiB, 287.93 W, 300.00 W, 72, 1830 MHz
2026/09/23 09:09:56.426, 0, 94 %, 82 %, 4873 MiB, 49140 MiB, 287.67 W, 300.00 W, 71, 1845 MHz
2026/09/23 09:09:57.427, 0, 96 %, 85 %, 4873 MiB, 49140 MiB, 287.69 W, 300.00 W, 71, 2160 MHz
2026/09/23 09:09:58.428, 0, 30 %, 18 %, 4873 MiB, 49140 MiB, 271.39 W, 300.00 W, 67, 2730 MHz
2026/09/23 09:09:59.430, 0, 0 %, 0 %, 4873 MiB, 49140 MiB, 92.18 W, 300.00 W, 65, 2745 MHz
2026/09/23 09:10:00.430, 0, 94 %, 85 %, 4873 MiB, 49140 MiB, 154.66 W, 300.00 W, 71, 2205 MHz
2026/09/23 09:10:01.432, 0, 93 %, 82 %, 4873 MiB, 49140 MiB, 286.20 W, 300.00 W, 72, 1830 MHz
2026/09/23 09:10:02.433, 0, 95 %, 83 %, 4873 MiB, 49140 MiB, 287.20 W, 300.00 W, 72, 1800 MHz
2026/09/23 09:10:03.434, 0, 95 %, 82 %, 4873 MiB, 49140 MiB, 287.26 W, 300.00 W, 71, 1845 MHz
2026/09/23 09:10:04.435, 0, 96 %, 85 %, 4873 MiB, 49140 MiB, 288.39 W, 300.00 W, 71, 2025 MHz
2026/09/23 09:10:05.435, 0, 96 %, 86 %, 4873 MiB, 49140 MiB, 288.09 W, 300.00 W, 71, 2175 MHz
2026/09/23 09:10:06.436, 0, 98 %, 87 %, 4873 MiB, 49140 MiB, 288.99 W, 300.00 W, 71, 2115 MHz
2026/09/23 09:10:07.437, 0, 97 %, 85 %, 4873 MiB, 49140 MiB, 289.01 W, 300.00 W, 71, 2025 MHz
2026/09/23 09:10:08.439, 0, 97 %, 84 %, 4873 MiB, 49140 MiB, 288.65 W, 300.00 W, 72, 2010 MHz
2026/09/23 09:10:09.439, 0, 98 %, 86 %, 4873 MiB, 49140 MiB, 288.32 W, 300.00 W, 71, 2145 MHz
2026/09/23 09:10:10.440, 0, 95 %, 86 %, 4873 MiB, 49140 MiB, 286.84 W, 300.00 W, 70, 2115 MHz
2026/09/23 09:10:11.441, 0, 95 %, 85 %, 4873 MiB, 49140 MiB, 288.24 W, 300.00 W, 71, 2115 MHz
2026/09/23 09:10:12.442, 0, 95 %, 85 %, 4873 MiB, 49140 MiB, 287.52 W, 300.00 W, 72, 2025 MHz
2026/09/23 09:10:13.443, 0, 95 %, 86 %, 4873 MiB, 49140 MiB, 288.04 W, 300.00 W, 72, 1845 MHz
2026/09/23 09:10:14.444, 0, 95 %, 83 %, 4873 MiB, 49140 MiB, 287.73 W, 300.00 W, 73, 1770 MHz
2026/09/23 09:10:15.444, 0, 95 %, 84 %, 4873 MiB, 49140 MiB, 288.14 W, 300.00 W, 72, 2040 MHz
2026/09/23 09:10:16.446, 0, 77 %, 54 %, 4873 MiB, 49140 MiB, 283.14 W, 300.00 W, 71, 2415 MHz
2026/09/23 09:10:17.446, 0, 0 %, 0 %, 4873 MiB, 49140 MiB, 113.95 W, 300.00 W, 66, 2745 MHz
2026/09/23 09:10:18.448, 0, 97 %, 85 %, 4873 MiB, 49140 MiB, 137.88 W, 300.00 W, 70, 2130 MHz
2026/09/23 09:10:19.449, 0, 95 %, 86 %, 4873 MiB, 49140 MiB, 286.12 W, 300.00 W, 70, 2055 MHz
2026/09/23 09:10:20.450, 0, 95 %, 85 %, 4873 MiB, 49140 MiB, 287.20 W, 300.00 W, 70, 1980 MHz
2026/09/23 09:10:21.451, 0, 91 %, 81 %, 4873 MiB, 49140 MiB, 286.40 W, 300.00 W, 71, 2145 MHz
2026/09/23 09:10:22.453, 0, 93 %, 84 %, 4873 MiB, 49140 MiB, 286.00 W, 300.00 W, 72, 2190 MHz
2026/09/23 09:10:23.454, 0, 94 %, 82 %, 4873 MiB, 49140 MiB, 286.65 W, 300.00 W, 72, 2130 MHz
2026/09/23 09:10:24.455, 0, 96 %, 84 %, 4873 MiB, 49140 MiB, 287.81 W, 300.00 W, 71, 2055 MHz
2026/09/23 09:10:25.456, 0, 98 %, 87 %, 4873 MiB, 49140 MiB, 288.14 W, 300.00 W, 71, 1830 MHz
2026/09/23 09:10:26.456, 0, 98 %, 85 %, 4873 MiB, 49140 MiB, 287.47 W, 300.00 W, 72, 2085 MHz
2026/09/23 09:10:27.459, 0, 95 %, 85 %, 4873 MiB, 49140 MiB, 288.24 W, 300.00 W, 71, 2055 MHz
2026/09/23 09:10:28.459, 0, 93 %, 84 %, 4873 MiB, 49140 MiB, 286.58 W, 300.00 W, 71, 2100 MHz
2026/09/23 09:10:29.460, 0, 95 %, 83 %, 4873 MiB, 49140 MiB, 284.22 W, 300.00 W, 73, 2160 MHz
2026/09/23 09:10:30.461, 0, 97 %, 85 %, 4873 MiB, 49140 MiB, 287.61 W, 300.00 W, 72, 1950 MHz
2026/09/23 09:10:31.461, 0, 97 %, 85 %, 4873 MiB, 49140 MiB, 287.57 W, 300.00 W, 72, 1830 MHz
2026/09/23 09:10:32.462, 0, 97 %, 87 %, 4873 MiB, 49140 MiB, 287.45 W, 300.00 W, 71, 2190 MHz
2026/09/23 09:10:33.464, 0, 95 %, 85 %, 4873 MiB, 49140 MiB, 287.46 W, 300.00 W, 72, 2040 MHz
2026/09/23 09:10:34.464, 0, 82 %, 58 %, 4873 MiB, 49140 MiB, 281.73 W, 300.00 W, 73, 2355 MHz
2026/09/23 09:10:35.496, 0, 0 %, 0 %, 4873 MiB, 49140 MiB, 144.87 W, 300.00 W, 66, 2745 MHz
2026/09/23 09:10:36.496, 0, 94 %, 85 %, 4873 MiB, 49140 MiB, 112.50 W, 300.00 W, 69, 2010 MHz
2026/09/23 09:10:37.497, 0, 95 %, 84 %, 4873 MiB, 49140 MiB, 284.47 W, 300.00 W, 71, 2100 MHz
2026/09/23 09:10:38.498, 0, 95 %, 86 %, 4873 MiB, 49140 MiB, 287.58 W, 300.00 W, 72, 2280 MHz
2026/09/23 09:10:39.499, 0, 93 %, 84 %, 4873 MiB, 49140 MiB, 286.89 W, 300.00 W, 73, 2175 MHz
2026/09/23 09:10:40.499, 0, 94 %, 82 %, 4873 MiB, 49140 MiB, 287.55 W, 300.00 W, 73, 2115 MHz
2026/09/23 09:10:41.500, 0, 97 %, 86 %, 4873 MiB, 49140 MiB, 287.54 W, 300.00 W, 71, 1920 MHz
2026/09/23 09:10:42.502, 0, 97 %, 85 %, 4873 MiB, 49140 MiB, 288.53 W, 300.00 W, 71, 1800 MHz
2026/09/23 09:10:43.503, 0, 93 %, 83 %, 4873 MiB, 49140 MiB, 286.58 W, 300.00 W, 71, 2145 MHz
2026/09/23 09:10:44.504, 0, 95 %, 86 %, 4873 MiB, 49140 MiB, 287.43 W, 300.00 W, 71, 2010 MHz
2026/09/23 09:10:45.505, 0, 95 %, 85 %, 4873 MiB, 49140 MiB, 288.30 W, 300.00 W, 71, 1995 MHz
2026/09/23 09:10:46.506, 0, 94 %, 86 %, 4873 MiB, 49140 MiB, 286.52 W, 300.00 W, 73, 2205 MHz
2026/09/23 09:10:47.506, 0, 90 %, 81 %, 4873 MiB, 49140 MiB, 286.42 W, 300.00 W, 72, 2175 MHz
2026/09/23 09:10:48.507, 0, 96 %, 84 %, 4873 MiB, 49140 MiB, 287.62 W, 300.00 W, 72, 2010 MHz
2026/09/23 09:10:49.508, 0, 98 %, 86 %, 4873 MiB, 49140 MiB, 289.22 W, 300.00 W, 72, 1785 MHz
2026/09/23 09:10:50.510, 0, 96 %, 85 %, 4873 MiB, 49140 MiB, 287.24 W, 300.00 W, 72, 2100 MHz
2026/09/23 09:10:51.511, 0, 95 %, 86 %, 4873 MiB, 49140 MiB, 288.93 W, 300.00 W, 71, 2010 MHz
2026/09/23 09:10:52.512, 0, 79 %, 55 %, 4873 MiB, 49140 MiB, 285.64 W, 300.00 W, 74, 2205 MHz
2026/09/23 09:10:53.512, 0, 0 %, 0 %, 4873 MiB, 49140 MiB, 162.98 W, 300.00 W, 66, 2745 MHz
2026/09/23 09:10:54.513, 0, 95 %, 87 %, 4873 MiB, 49140 MiB, 97.39 W, 300.00 W, 70, 2175 MHz
2026/09/23 09:10:55.513, 0, 97 %, 86 %, 4873 MiB, 49140 MiB, 288.36 W, 300.00 W, 71, 1860 MHz
2026/09/23 09:10:56.514, 0, 96 %, 84 %, 4873 MiB, 49140 MiB, 288.58 W, 300.00 W, 71, 1800 MHz
2026/09/23 09:10:57.515, 0, 98 %, 85 %, 4873 MiB, 49140 MiB, 288.38 W, 300.00 W, 72, 1920 MHz
2026/09/23 09:10:58.515, 0, 94 %, 84 %, 4873 MiB, 49140 MiB, 288.35 W, 300.00 W, 71, 2190 MHz
2026/09/23 09:10:59.516, 0, 94 %, 84 %, 4873 MiB, 49140 MiB, 284.61 W, 300.00 W, 72, 2235 MHz
2026/09/23 09:11:00.517, 0, 94 %, 84 %, 4873 MiB, 49140 MiB, 286.46 W, 300.00 W, 73, 2145 MHz
2026/09/23 09:11:01.519, 0, 95 %, 82 %, 4873 MiB, 49140 MiB, 288.75 W, 300.00 W, 73, 2115 MHz
2026/09/23 09:11:02.520, 0, 96 %, 84 %, 4873 MiB, 49140 MiB, 288.52 W, 300.00 W, 72, 2010 MHz
2026/09/23 09:11:03.521, 0, 96 %, 85 %, 4873 MiB, 49140 MiB, 289.58 W, 300.00 W, 72, 1770 MHz
2026/09/23 09:11:04.521, 0, 97 %, 85 %, 4873 MiB, 49140 MiB, 288.37 W, 300.00 W, 72, 1875 MHz
2026/09/23 09:11:05.522, 0, 97 %, 85 %, 4873 MiB, 49140 MiB, 289.26 W, 300.00 W, 72, 2160 MHz
2026/09/23 09:11:06.523, 0, 97 %, 87 %, 4873 MiB, 49140 MiB, 289.15 W, 300.00 W, 72, 2130 MHz
2026/09/23 09:11:07.524, 0, 94 %, 85 %, 4873 MiB, 49140 MiB, 288.23 W, 300.00 W, 71, 1845 MHz
2026/09/23 09:11:08.524, 0, 94 %, 84 %, 4873 MiB, 49140 MiB, 287.04 W, 300.00 W, 72, 2160 MHz
2026/09/23 09:11:09.525, 0, 93 %, 82 %, 4873 MiB, 49140 MiB, 286.68 W, 300.00 W, 73, 2010 MHz
2026/09/23 09:11:10.526, 0, 89 %, 63 %, 4873 MiB, 49140 MiB, 288.21 W, 300.00 W, 73, 2100 MHz
2026/09/23 09:11:11.526, 0, 0 %, 0 %, 4873 MiB, 49140 MiB, 179.67 W, 300.00 W, 66, 2745 MHz
2026/09/23 09:11:12.527, 0, 0 %, 0 %, 4873 MiB, 49140 MiB, 86.52 W, 300.00 W, 66, 2745 MHz
2026/09/23 09:11:13.528, 0, 94 %, 84 %, 4873 MiB, 49140 MiB, 202.99 W, 300.00 W, 72, 1995 MHz
2026/09/23 09:11:14.531, 0, 97 %, 84 %, 4873 MiB, 49140 MiB, 287.22 W, 300.00 W, 72, 2250 MHz
2026/09/23 09:11:15.531, 0, 97 %, 86 %, 4873 MiB, 49140 MiB, 288.06 W, 300.00 W, 71, 2160 MHz
2026/09/23 09:11:16.532, 0, 96 %, 86 %, 4873 MiB, 49140 MiB, 286.04 W, 300.00 W, 70, 1830 MHz
2026/09/23 09:11:17.533, 0, 94 %, 83 %, 4873 MiB, 49140 MiB, 287.22 W, 300.00 W, 71, 1815 MHz
2026/09/23 09:11:18.534, 0, 93 %, 84 %, 4873 MiB, 49140 MiB, 285.77 W, 300.00 W, 73, 2085 MHz
2026/09/23 09:11:19.534, 0, 94 %, 82 %, 4873 MiB, 49140 MiB, 287.82 W, 300.00 W, 73, 1950 MHz
2026/09/23 09:11:20.535, 0, 96 %, 83 %, 4873 MiB, 49140 MiB, 288.86 W, 300.00 W, 72, 2130 MHz
2026/09/23 09:11:21.537, 0, 96 %, 85 %, 4873 MiB, 49140 MiB, 289.26 W, 300.00 W, 72, 2130 MHz
2026/09/23 09:11:22.538, 0, 98 %, 85 %, 4873 MiB, 49140 MiB, 289.58 W, 300.00 W, 72, 2070 MHz
2026/09/23 09:11:23.539, 0, 97 %, 85 %, 4873 MiB, 49140 MiB, 288.53 W, 300.00 W, 72, 2010 MHz
2026/09/23 09:11:24.540, 0, 96 %, 86 %, 4873 MiB, 49140 MiB, 288.64 W, 300.00 W, 71, 1815 MHz
2026/09/23 09:11:25.541, 0, 93 %, 82 %, 4873 MiB, 49140 MiB, 288.83 W, 300.00 W, 72, 1890 MHz
2026/09/23 09:11:26.541, 0, 94 %, 83 %, 4873 MiB, 49140 MiB, 287.18 W, 300.00 W, 73, 1935 MHz
2026/09/23 09:11:27.543, 0, 96 %, 84 %, 4873 MiB, 49140 MiB, 289.08 W, 300.00 W, 72, 2205 MHz
2026/09/23 09:11:28.544, 0, 89 %, 73 %, 4873 MiB, 49140 MiB, 286.02 W, 300.00 W, 71, 2250 MHz
2026/09/23 09:11:29.545, 0, 4 %, 0 %, 4873 MiB, 49140 MiB, 209.53 W, 300.00 W, 67, 2745 MHz
2026/09/23 09:11:30.545, 0, 0 %, 0 %, 4873 MiB, 49140 MiB, 86.31 W, 300.00 W, 66, 2745 MHz
2026/09/23 09:11:31.546, 0, 95 %, 85 %, 4873 MiB, 49140 MiB, 201.87 W, 300.00 W, 70, 1785 MHz
2026/09/23 09:11:32.548, 0, 95 %, 84 %, 4873 MiB, 49140 MiB, 288.27 W, 300.00 W, 72, 2130 MHz
2026/09/23 09:11:33.548, 0, 94 %, 84 %, 4873 MiB, 49140 MiB, 288.78 W, 300.00 W, 72, 2025 MHz
2026/09/23 09:11:34.549, 0, 97 %, 85 %, 4873 MiB, 49140 MiB, 287.14 W, 300.00 W, 71, 2220 MHz
2026/09/23 09:11:35.550, 0, 96 %, 85 %, 4873 MiB, 49140 MiB, 287.63 W, 300.00 W, 72, 2145 MHz
2026/09/23 09:11:36.551, 0, 96 %, 85 %, 4873 MiB, 49140 MiB, 286.69 W, 300.00 W, 72, 2040 MHz
2026/09/23 09:11:37.552, 0, 95 %, 85 %, 4873 MiB, 49140 MiB, 287.70 W, 300.00 W, 71, 1800 MHz
2026/09/23 09:11:38.552, 0, 94 %, 83 %, 4873 MiB, 49140 MiB, 288.00 W, 300.00 W, 72, 2250 MHz
2026/09/23 09:11:39.553, 0, 93 %, 82 %, 4873 MiB, 49140 MiB, 287.93 W, 300.00 W, 73, 1980 MHz
2026/09/23 09:11:40.554, 0, 96 %, 83 %, 4873 MiB, 49140 MiB, 288.97 W, 300.00 W, 72, 2085 MHz
2026/09/23 09:11:41.555, 0, 97 %, 86 %, 4873 MiB, 49140 MiB, 289.27 W, 300.00 W, 72, 2130 MHz
2026/09/23 09:11:42.556, 0, 95 %, 84 %, 4873 MiB, 49140 MiB, 286.77 W, 300.00 W, 73, 2010 MHz
2026/09/23 09:11:43.557, 0, 95 %, 81 %, 4873 MiB, 49140 MiB, 286.83 W, 300.00 W, 71, 1755 MHz
2026/09/23 09:11:44.557, 0, 97 %, 87 %, 4873 MiB, 49140 MiB, 288.99 W, 300.00 W, 72, 2070 MHz
2026/09/23 09:11:45.559, 0, 98 %, 84 %, 4873 MiB, 49140 MiB, 287.39 W, 300.00 W, 73, 1995 MHz
2026/09/23 09:11:46.559, 0, 96 %, 87 %, 4873 MiB, 49140 MiB, 289.73 W, 300.00 W, 73, 2115 MHz
2026/09/23 09:11:47.560, 0, 9 %, 0 %, 4873 MiB, 49140 MiB, 250.37 W, 300.00 W, 68, 2730 MHz
2026/09/23 09:11:48.560, 0, 0 %, 0 %, 4873 MiB, 49140 MiB, 86.54 W, 300.00 W, 66, 2745 MHz
2026/09/23 09:11:49.561, 0, 96 %, 85 %, 4873 MiB, 49140 MiB, 188.27 W, 300.00 W, 72, 2205 MHz
2026/09/23 09:11:50.562, 0, 96 %, 86 %, 4873 MiB, 49140 MiB, 289.54 W, 300.00 W, 73, 2175 MHz
2026/09/23 09:11:51.563, 0, 97 %, 84 %, 4873 MiB, 49140 MiB, 287.60 W, 300.00 W, 71, 2085 MHz
2026/09/23 09:11:52.564, 0, 95 %, 86 %, 4873 MiB, 49140 MiB, 288.57 W, 300.00 W, 71, 2145 MHz
2026/09/23 09:11:53.564, 0, 96 %, 86 %, 4873 MiB, 49140 MiB, 287.82 W, 300.00 W, 72, 2115 MHz
2026/09/23 09:11:54.565, 0, 96 %, 84 %, 4873 MiB, 49140 MiB, 287.17 W, 300.00 W, 72, 1935 MHz
2026/09/23 09:11:55.570, 0, 95 %, 84 %, 4873 MiB, 49140 MiB, 287.57 W, 300.00 W, 72, 1995 MHz
2026/09/23 09:11:56.572, 0, 97 %, 86 %, 4873 MiB, 49140 MiB, 289.58 W, 300.00 W, 73, 2025 MHz
2026/09/23 09:11:57.573, 0, 95 %, 84 %, 4873 MiB, 49140 MiB, 287.55 W, 300.00 W, 72, 2205 MHz
2026/09/23 09:11:58.574, 0, 95 %, 86 %, 4873 MiB, 49140 MiB, 288.26 W, 300.00 W, 72, 2010 MHz
2026/09/23 09:11:59.575, 0, 95 %, 85 %, 4873 MiB, 49140 MiB, 287.80 W, 300.00 W, 72, 2115 MHz
2026/09/23 09:12:00.576, 0, 93 %, 80 %, 4873 MiB, 49140 MiB, 287.97 W, 300.00 W, 71, 2160 MHz
2026/09/23 09:12:01.577, 0, 96 %, 86 %, 4873 MiB, 49140 MiB, 288.90 W, 300.00 W, 72, 2010 MHz
2026/09/23 09:12:02.579, 0, 97 %, 86 %, 4873 MiB, 49140 MiB, 289.48 W, 300.00 W, 73, 1785 MHz
2026/09/23 09:12:03.580, 0, 94 %, 84 %, 4873 MiB, 49140 MiB, 288.13 W, 300.00 W, 72, 2130 MHz
2026/09/23 09:12:04.582, 0, 95 %, 85 %, 4873 MiB, 49140 MiB, 288.05 W, 300.00 W, 72, 1965 MHz
2026/09/23 09:12:05.583, 0, 74 %, 54 %, 4873 MiB, 49140 MiB, 278.83 W, 300.00 W, 73, 2340 MHz
2026/09/23 09:12:06.584, 0, 0 %, 0 %, 4873 MiB, 49140 MiB, 103.65 W, 300.00 W, 66, 2745 MHz
2026/09/23 09:12:07.584, 0, 91 %, 83 %, 4873 MiB, 49140 MiB, 122.18 W, 300.00 W, 70, 2100 MHz
2026/09/23 09:12:08.586, 0, 94 %, 81 %, 4873 MiB, 49140 MiB, 285.08 W, 300.00 W, 71, 2175 MHz
2026/09/23 09:12:09.587, 0, 93 %, 82 %, 4873 MiB, 49140 MiB, 287.19 W, 300.00 W, 71, 2130 MHz
2026/09/23 09:12:10.588, 0, 98 %, 87 %, 4873 MiB, 49140 MiB, 287.69 W, 300.00 W, 72, 1830 MHz
2026/09/23 09:12:11.589, 0, 98 %, 86 %, 4873 MiB, 49140 MiB, 289.09 W, 300.00 W, 73, 1785 MHz
2026/09/23 09:12:12.591, 0, 98 %, 84 %, 4873 MiB, 49140 MiB, 288.71 W, 300.00 W, 72, 1995 MHz
2026/09/23 09:12:13.592, 0, 93 %, 84 %, 4873 MiB, 49140 MiB, 288.18 W, 300.00 W, 71, 2085 MHz
2026/09/23 09:12:14.592, 0, 95 %, 85 %, 4873 MiB, 49140 MiB, 286.30 W, 300.00 W, 72, 2145 MHz
2026/09/23 09:12:15.594, 0, 92 %, 80 %, 4873 MiB, 49140 MiB, 286.78 W, 300.00 W, 71, 2190 MHz
2026/09/23 09:12:16.595, 0, 97 %, 86 %, 4873 MiB, 49140 MiB, 287.64 W, 300.00 W, 73, 1905 MHz
2026/09/23 09:12:17.595, 0, 96 %, 82 %, 4873 MiB, 49140 MiB, 288.46 W, 300.00 W, 73, 1800 MHz
2026/09/23 09:12:18.596, 0, 95 %, 84 %, 4873 MiB, 49140 MiB, 288.57 W, 300.00 W, 72, 2190 MHz
2026/09/23 09:12:19.597, 0, 94 %, 85 %, 4873 MiB, 49140 MiB, 287.73 W, 300.00 W, 72, 1935 MHz
2026/09/23 09:12:20.598, 0, 95 %, 85 %, 4873 MiB, 49140 MiB, 288.11 W, 300.00 W, 73, 2130 MHz
2026/09/23 09:12:21.599, 0, 94 %, 81 %, 4873 MiB, 49140 MiB, 287.61 W, 300.00 W, 71, 2145 MHz
2026/09/23 09:12:22.599, 0, 97 %, 86 %, 4873 MiB, 49140 MiB, 289.27 W, 300.00 W, 73, 1905 MHz
2026/09/23 09:12:23.600, 0, 82 %, 58 %, 4873 MiB, 49140 MiB, 284.74 W, 300.00 W, 73, 2190 MHz
2026/09/23 09:12:24.601, 0, 0 %, 0 %, 4873 MiB, 49140 MiB, 160.32 W, 300.00 W, 66, 2700 MHz
2026/09/23 09:12:25.602, 0, 96 %, 85 %, 4873 MiB, 49140 MiB, 92.70 W, 300.00 W, 65, 2010 MHz
2026/09/23 09:12:26.602, 0, 95 %, 82 %, 4873 MiB, 49140 MiB, 288.12 W, 300.00 W, 72, 2145 MHz
2026/09/23 09:12:27.603, 0, 93 %, 83 %, 4873 MiB, 49140 MiB, 288.20 W, 300.00 W, 72, 2235 MHz
2026/09/23 09:12:28.604, 0, 95 %, 87 %, 4873 MiB, 49140 MiB, 287.99 W, 300.00 W, 71, 2055 MHz
2026/09/23 09:12:29.605, 0, 94 %, 84 %, 4873 MiB, 49140 MiB, 286.74 W, 300.00 W, 72, 2190 MHz
2026/09/23 09:12:30.609, 0, 95 %, 83 %, 4873 MiB, 49140 MiB, 287.10 W, 300.00 W, 71, 2115 MHz
2026/09/23 09:12:31.610, 0, 98 %, 87 %, 4873 MiB, 49140 MiB, 288.06 W, 300.00 W, 73, 1830 MHz
2026/09/23 09:12:32.611, 0, 97 %, 84 %, 4873 MiB, 49140 MiB, 289.58 W, 300.00 W, 73, 1785 MHz
2026/09/23 09:12:33.612, 0, 96 %, 84 %, 4873 MiB, 49140 MiB, 289.38 W, 300.00 W, 72, 2115 MHz
2026/09/23 09:12:34.613, 0, 96 %, 87 %, 4873 MiB, 49140 MiB, 287.26 W, 300.00 W, 72, 1950 MHz
2026/09/23 09:12:35.615, 0, 94 %, 82 %, 4873 MiB, 49140 MiB, 287.22 W, 300.00 W, 72, 2190 MHz
2026/09/23 09:12:36.616, 0, 95 %, 83 %, 4873 MiB, 49140 MiB, 287.96 W, 300.00 W, 71, 2085 MHz
2026/09/23 09:12:37.618, 0, 96 %, 86 %, 4873 MiB, 49140 MiB, 289.85 W, 300.00 W, 72, 2010 MHz
2026/09/23 09:12:38.619, 0, 98 %, 87 %, 4873 MiB, 49140 MiB, 290.14 W, 300.00 W, 73, 1830 MHz
2026/09/23 09:12:39.620, 0, 98 %, 86 %, 4873 MiB, 49140 MiB, 290.96 W, 300.00 W, 74, 1755 MHz
2026/09/23 09:12:40.621, 0, 96 %, 84 %, 4873 MiB, 49140 MiB, 288.96 W, 300.00 W, 72, 2085 MHz
2026/09/23 09:12:41.621, 0, 82 %, 58 %, 4873 MiB, 49140 MiB, 285.50 W, 300.00 W, 73, 2115 MHz
2026/09/23 09:12:42.622, 0, 0 %, 0 %, 4873 MiB, 49140 MiB, 182.73 W, 300.00 W, 66, 2505 MHz
2026/09/23 09:12:43.622, 0, 0 %, 0 %, 4873 MiB, 49140 MiB, 71.23 W, 300.00 W, 65, 2505 MHz
2026/09/23 09:12:44.624, 0, 96 %, 85 %, 4873 MiB, 49140 MiB, 204.48 W, 300.00 W, 72, 2145 MHz
2026/09/23 09:12:45.625, 0, 97 %, 83 %, 4873 MiB, 49140 MiB, 286.71 W, 300.00 W, 72, 1860 MHz
2026/09/23 09:12:46.626, 0, 95 %, 84 %, 4873 MiB, 49140 MiB, 288.25 W, 300.00 W, 71, 2175 MHz
2026/09/23 09:12:47.627, 0, 96 %, 86 %, 4873 MiB, 49140 MiB, 288.42 W, 300.00 W, 71, 1845 MHz
2026/09/23 09:12:48.628, 0, 95 %, 85 %, 4873 MiB, 49140 MiB, 287.90 W, 300.00 W, 71, 1770 MHz
2026/09/23 09:12:49.629, 0, 95 %, 84 %, 4873 MiB, 49140 MiB, 286.96 W, 300.00 W, 72, 2160 MHz
2026/09/23 09:12:50.630, 0, 95 %, 84 %, 4873 MiB, 49140 MiB, 287.35 W, 300.00 W, 71, 1995 MHz
2026/09/23 09:12:51.632, 0, 96 %, 86 %, 4873 MiB, 49140 MiB, 289.73 W, 300.00 W, 72, 2205 MHz
2026/09/23 09:12:52.633, 0, 96 %, 82 %, 4873 MiB, 49140 MiB, 287.31 W, 300.00 W, 72, 2100 MHz
2026/09/23 09:12:53.633, 0, 95 %, 86 %, 4873 MiB, 49140 MiB, 288.80 W, 300.00 W, 72, 1860 MHz
2026/09/23 09:12:54.634, 0, 95 %, 84 %, 4873 MiB, 49140 MiB, 286.06 W, 300.00 W, 72, 2130 MHz
2026/09/23 09:12:55.635, 0, 96 %, 83 %, 4873 MiB, 49140 MiB, 287.65 W, 300.00 W, 71, 1935 MHz
2026/09/23 09:12:56.636, 0, 97 %, 86 %, 4873 MiB, 49140 MiB, 289.72 W, 300.00 W, 72, 2190 MHz
2026/09/23 09:12:57.639, 0, 95 %, 84 %, 4873 MiB, 49140 MiB, 288.65 W, 300.00 W, 72, 2160 MHz
2026/09/23 09:12:58.640, 0, 98 %, 86 %, 4873 MiB, 49140 MiB, 289.07 W, 300.00 W, 72, 2115 MHz
2026/09/23 09:12:59.641, 0, 87 %, 71 %, 4873 MiB, 49140 MiB, 287.93 W, 300.00 W, 73, 2340 MHz
2026/09/23 09:13:00.641, 0, 5 %, 0 %, 4873 MiB, 49140 MiB, 227.99 W, 300.00 W, 67, 2640 MHz
2026/09/23 09:13:01.642, 0, 0 %, 0 %, 4873 MiB, 49140 MiB, 78.72 W, 300.00 W, 65, 2640 MHz
2026/09/23 09:13:02.642, 0, 95 %, 82 %, 4873 MiB, 49140 MiB, 197.01 W, 300.00 W, 72, 1935 MHz
2026/09/23 09:13:03.643, 0, 95 %, 84 %, 4873 MiB, 49140 MiB, 287.14 W, 300.00 W, 72, 2100 MHz
2026/09/23 09:13:04.645, 0, 96 %, 86 %, 4873 MiB, 49140 MiB, 287.73 W, 300.00 W, 71, 2190 MHz
2026/09/23 09:13:05.645, 0, 98 %, 88 %, 4873 MiB, 49140 MiB, 289.24 W, 300.00 W, 71, 2130 MHz
2026/09/23 09:13:06.646, 0, 97 %, 83 %, 4873 MiB, 49140 MiB, 288.38 W, 300.00 W, 72, 2085 MHz
2026/09/23 09:13:07.646, 0, 89 %, 81 %, 4873 MiB, 49140 MiB, 287.22 W, 300.00 W, 70, 1920 MHz
2026/09/23 09:13:08.647, 0, 94 %, 85 %, 4873 MiB, 49140 MiB, 286.43 W, 300.00 W, 72, 1875 MHz
2026/09/23 09:13:09.649, 0, 95 %, 83 %, 4873 MiB, 49140 MiB, 287.43 W, 300.00 W, 73, 2160 MHz
2026/09/23 09:13:10.649, 0, 94 %, 81 %, 4873 MiB, 49140 MiB, 288.47 W, 300.00 W, 73, 1980 MHz
2026/09/23 09:13:11.650, 0, 97 %, 87 %, 4873 MiB, 49140 MiB, 288.30 W, 300.00 W, 72, 2190 MHz
2026/09/23 09:13:12.651, 0, 97 %, 87 %, 4873 MiB, 49140 MiB, 289.86 W, 300.00 W, 72, 2145 MHz
2026/09/23 09:13:13.651, 0, 97 %, 83 %, 4873 MiB, 49140 MiB, 288.35 W, 300.00 W, 73, 2040 MHz
2026/09/23 09:13:14.652, 0, 95 %, 84 %, 4873 MiB, 49140 MiB, 289.29 W, 300.00 W, 72, 1980 MHz
2026/09/23 09:13:15.653, 0, 94 %, 85 %, 4873 MiB, 49140 MiB, 286.57 W, 300.00 W, 72, 1950 MHz
2026/09/23 09:13:16.654, 0, 95 %, 85 %, 4873 MiB, 49140 MiB, 288.09 W, 300.00 W, 73, 2085 MHz
2026/09/23 09:13:17.655, 0, 95 %, 82 %, 4873 MiB, 49140 MiB, 288.69 W, 300.00 W, 74, 1995 MHz
2026/09/23 09:13:18.656, 0, 9 %, 0 %, 4873 MiB, 49140 MiB, 257.72 W, 300.00 W, 67, 2730 MHz
2026/09/23 09:13:19.656, 0, 0 %, 0 %, 4873 MiB, 49140 MiB, 86.48 W, 300.00 W, 66, 2745 MHz
2026/09/23 09:13:20.657, 0, 95 %, 85 %, 4873 MiB, 49140 MiB, 167.07 W, 300.00 W, 72, 2130 MHz
2026/09/23 09:13:21.658, 0, 95 %, 82 %, 4873 MiB, 49140 MiB, 287.02 W, 300.00 W, 73, 2040 MHz
2026/09/23 09:13:22.659, 0, 97 %, 88 %, 4873 MiB, 49140 MiB, 286.62 W, 300.00 W, 71, 2250 MHz
2026/09/23 09:13:23.660, 0, 96 %, 85 %, 4873 MiB, 49140 MiB, 288.50 W, 300.00 W, 72, 2175 MHz
2026/09/23 09:13:24.661, 0, 97 %, 83 %, 4873 MiB, 49140 MiB, 287.39 W, 300.00 W, 73, 2070 MHz
2026/09/23 09:13:25.662, 0, 95 %, 86 %, 4873 MiB, 49140 MiB, 288.16 W, 300.00 W, 71, 1845 MHz
2026/09/23 09:13:26.662, 0, 95 %, 86 %, 4873 MiB, 49140 MiB, 287.24 W, 300.00 W, 72, 1815 MHz
2026/09/23 09:13:27.663, 0, 95 %, 82 %, 4873 MiB, 49140 MiB, 286.63 W, 300.00 W, 73, 2115 MHz
2026/09/23 09:13:28.664, 0, 96 %, 85 %, 4873 MiB, 49140 MiB, 287.77 W, 300.00 W, 72, 2100 MHz
2026/09/23 09:13:29.665, 0, 97 %, 86 %, 4873 MiB, 49140 MiB, 288.44 W, 300.00 W, 72, 2205 MHz
2026/09/23 09:13:30.665, 0, 97 %, 83 %, 4873 MiB, 49140 MiB, 288.28 W, 300.00 W, 73, 2010 MHz
2026/09/23 09:13:31.667, 0, 95 %, 86 %, 4873 MiB, 49140 MiB, 287.77 W, 300.00 W, 71, 1815 MHz
2026/09/23 09:13:32.667, 0, 95 %, 83 %, 4873 MiB, 49140 MiB, 286.59 W, 300.00 W, 73, 2160 MHz
2026/09/23 09:13:33.668, 0, 94 %, 83 %, 4873 MiB, 49140 MiB, 288.02 W, 300.00 W, 72, 2130 MHz
2026/09/23 09:13:34.669, 0, 97 %, 87 %, 4873 MiB, 49140 MiB, 289.58 W, 300.00 W, 72, 2130 MHz
2026/09/23 09:13:35.670, 0, 98 %, 83 %, 4873 MiB, 49140 MiB, 288.96 W, 300.00 W, 73, 2010 MHz
2026/09/23 09:13:36.671, 0, 82 %, 57 %, 4873 MiB, 49140 MiB, 283.31 W, 300.00 W, 72, 2265 MHz
2026/09/23 09:13:37.671, 0, 0 %, 0 %, 4873 MiB, 49140 MiB, 108.90 W, 300.00 W, 65, 2505 MHz
2026/09/23 09:13:38.672, 0, 95 %, 86 %, 4873 MiB, 49140 MiB, 99.53 W, 300.00 W, 69, 2175 MHz
2026/09/23 09:13:39.673, 0, 95 %, 87 %, 4873 MiB, 49140 MiB, 285.19 W, 300.00 W, 71, 2085 MHz
2026/09/23 09:13:40.673, 0, 96 %, 87 %, 4873 MiB, 49140 MiB, 287.73 W, 300.00 W, 72, 2070 MHz
2026/09/23 09:13:41.674, 0, 95 %, 84 %, 4873 MiB, 49140 MiB, 288.00 W, 300.00 W, 72, 1935 MHz
2026/09/23 09:13:42.675, 0, 94 %, 81 %, 4873 MiB, 49140 MiB, 286.91 W, 300.00 W, 73, 1770 MHz
2026/09/23 09:13:43.676, 0, 94 %, 82 %, 4873 MiB, 49140 MiB, 288.48 W, 300.00 W, 72, 2070 MHz
2026/09/23 09:13:44.678, 0, 97 %, 87 %, 4873 MiB, 49140 MiB, 286.94 W, 300.00 W, 71, 2100 MHz
2026/09/23 09:13:45.680, 0, 98 %, 87 %, 4873 MiB, 49140 MiB, 289.85 W, 300.00 W, 72, 1995 MHz
2026/09/23 09:13:46.681, 0, 97 %, 83 %, 4873 MiB, 49140 MiB, 287.79 W, 300.00 W, 72, 2205 MHz
2026/09/23 09:13:47.681, 0, 95 %, 86 %, 4873 MiB, 49140 MiB, 288.16 W, 300.00 W, 71, 2130 MHz
2026/09/23 09:13:48.682, 0, 94 %, 85 %, 4873 MiB, 49140 MiB, 287.98 W, 300.00 W, 72, 2010 MHz
2026/09/23 09:13:49.683, 0, 95 %, 84 %, 4873 MiB, 49140 MiB, 287.29 W, 300.00 W, 73, 1845 MHz
2026/09/23 09:13:50.684, 0, 95 %, 82 %, 4873 MiB, 49140 MiB, 288.61 W, 300.00 W, 72, 1770 MHz
2026/09/23 09:13:51.684, 0, 97 %, 86 %, 4873 MiB, 49140 MiB, 288.55 W, 300.00 W, 72, 2070 MHz
2026/09/23 09:13:52.686, 0, 96 %, 82 %, 4873 MiB, 49140 MiB, 287.97 W, 300.00 W, 72, 2220 MHz
2026/09/23 09:13:53.687, 0, 95 %, 86 %, 4873 MiB, 49140 MiB, 287.75 W, 300.00 W, 71, 2115 MHz
2026/09/23 09:13:54.688, 0, 81 %, 57 %, 4873 MiB, 49140 MiB, 284.47 W, 300.00 W, 74, 2100 MHz
2026/09/23 09:13:55.689, 0, 0 %, 0 %, 4873 MiB, 49140 MiB, 166.31 W, 300.00 W, 66, 2745 MHz
2026/09/23 09:13:56.689, 0, 0 %, 0 %, 4873 MiB, 49140 MiB, 86.50 W, 300.00 W, 66, 2745 MHz
2026/09/23 09:13:57.690, 0, 95 %, 84 %, 4873 MiB, 49140 MiB, 211.38 W, 300.00 W, 71, 2100 MHz
2026/09/23 09:13:58.691, 0, 95 %, 84 %, 4873 MiB, 49140 MiB, 287.90 W, 300.00 W, 71, 1995 MHz
2026/09/23 09:13:59.692, 0, 98 %, 84 %, 4873 MiB, 49140 MiB, 287.68 W, 300.00 W, 71, 2145 MHz
2026/09/23 09:14:00.692, 0, 97 %, 86 %, 4873 MiB, 49140 MiB, 289.45 W, 300.00 W, 70, 2130 MHz
2026/09/23 09:14:01.694, 0, 94 %, 84 %, 4873 MiB, 49140 MiB, 287.72 W, 300.00 W, 72, 2040 MHz
2026/09/23 09:14:02.695, 0, 95 %, 86 %, 4873 MiB, 49140 MiB, 287.93 W, 300.00 W, 72, 2025 MHz
2026/09/23 09:14:03.696, 0, 95 %, 82 %, 4873 MiB, 49140 MiB, 288.09 W, 300.00 W, 73, 1785 MHz
2026/09/23 09:14:04.696, 0, 93 %, 82 %, 4873 MiB, 49140 MiB, 288.30 W, 300.00 W, 72, 2145 MHz
2026/09/23 09:14:05.698, 0, 96 %, 84 %, 4873 MiB, 49140 MiB, 287.66 W, 300.00 W, 72, 2010 MHz
2026/09/23 09:14:06.699, 0, 96 %, 84 %, 4873 MiB, 49140 MiB, 288.98 W, 300.00 W, 71, 2145 MHz
2026/09/23 09:14:07.699, 0, 94 %, 84 %, 4873 MiB, 49140 MiB, 288.13 W, 300.00 W, 72, 2070 MHz
2026/09/23 09:14:08.700, 0, 93 %, 80 %, 4873 MiB, 49140 MiB, 286.53 W, 300.00 W, 73, 1755 MHz
2026/09/23 09:14:09.701, 0, 95 %, 84 %, 4873 MiB, 49140 MiB, 288.48 W, 300.00 W, 72, 2130 MHz
2026/09/23 09:14:10.702, 0, 96 %, 84 %, 4873 MiB, 49140 MiB, 288.59 W, 300.00 W, 72, 2040 MHz
2026/09/23 09:14:11.703, 0, 96 %, 85 %, 4873 MiB, 49140 MiB, 289.19 W, 300.00 W, 71, 2145 MHz
2026/09/23 09:14:12.704, 0, 83 %, 61 %, 4873 MiB, 49140 MiB, 288.33 W, 300.00 W, 72, 2040 MHz
2026/09/23 09:14:13.704, 0, 0 %, 0 %, 4873 MiB, 49140 MiB, 219.23 W, 300.00 W, 67, 2745 MHz
2026/09/23 09:14:14.705, 0, 0 %, 0 %, 4873 MiB, 49140 MiB, 86.17 W, 300.00 W, 66, 2745 MHz
2026/09/23 09:14:15.705, 0, 97 %, 83 %, 4873 MiB, 49140 MiB, 152.35 W, 300.00 W, 71, 1980 MHz
2026/09/23 09:14:16.706, 0, 96 %, 86 %, 4873 MiB, 49140 MiB, 287.39 W, 300.00 W, 70, 2160 MHz
2026/09/23 09:14:17.708, 0, 95 %, 85 %, 4873 MiB, 49140 MiB, 287.64 W, 300.00 W, 70, 2145 MHz
2026/09/23 09:14:18.709, 0, 93 %, 84 %, 4873 MiB, 49140 MiB, 285.04 W, 300.00 W, 72, 1890 MHz
2026/09/23 09:14:19.710, 0, 95 %, 81 %, 4873 MiB, 49140 MiB, 287.31 W, 300.00 W, 73, 1800 MHz
2026/09/23 09:14:20.712, 0, 95 %, 83 %, 4873 MiB, 49140 MiB, 288.84 W, 300.00 W, 72, 1890 MHz
2026/09/23 09:14:21.713, 0, 97 %, 87 %, 4873 MiB, 49140 MiB, 289.09 W, 300.00 W, 72, 2055 MHz
2026/09/23 09:14:22.714, 0, 98 %, 83 %, 4873 MiB, 49140 MiB, 289.13 W, 300.00 W, 72, 2085 MHz
2026/09/23 09:14:23.715, 0, 94 %, 85 %, 4873 MiB, 49140 MiB, 288.51 W, 300.00 W, 71, 2145 MHz
2026/09/23 09:14:24.716, 0, 96 %, 87 %, 4873 MiB, 49140 MiB, 288.48 W, 300.00 W, 72, 1995 MHz
2026/09/23 09:14:25.717, 0, 94 %, 85 %, 4873 MiB, 49140 MiB, 288.35 W, 300.00 W, 73, 1980 MHz
2026/09/23 09:14:26.718, 0, 95 %, 80 %, 4873 MiB, 49140 MiB, 287.50 W, 300.00 W, 73, 2115 MHz
2026/09/23 09:14:27.718, 0, 96 %, 86 %, 4873 MiB, 49140 MiB, 288.71 W, 300.00 W, 72, 1860 MHz
2026/09/23 09:14:28.720, 0, 98 %, 86 %, 4873 MiB, 49140 MiB, 288.61 W, 300.00 W, 72, 1800 MHz
2026/09/23 09:14:29.721, 0, 95 %, 85 %, 4873 MiB, 49140 MiB, 288.60 W, 300.00 W, 71, 2115 MHz
2026/09/23 09:14:30.721, 0, 95 %, 86 %, 4873 MiB, 49140 MiB, 286.45 W, 300.00 W, 72, 2160 MHz
2026/09/23 09:14:31.722, 0, 88 %, 61 %, 4873 MiB, 49140 MiB, 284.05 W, 300.00 W, 73, 2175 MHz
2026/09/23 09:14:32.722, 0, 0 %, 0 %, 4873 MiB, 49140 MiB, 112.05 W, 300.00 W, 65, 2505 MHz
2026/09/23 09:14:33.723, 0, 94 %, 86 %, 4873 MiB, 49140 MiB, 98.96 W, 300.00 W, 69, 2025 MHz
2026/09/23 09:14:34.724, 0, 95 %, 86 %, 4873 MiB, 49140 MiB, 286.12 W, 300.00 W, 71, 2205 MHz
2026/09/23 09:14:35.725, 0, 95 %, 83 %, 4873 MiB, 49140 MiB, 287.26 W, 300.00 W, 72, 2130 MHz
2026/09/23 09:14:36.726, 0, 96 %, 84 %, 4873 MiB, 49140 MiB, 287.48 W, 300.00 W, 71, 1995 MHz
2026/09/23 09:14:37.727, 0, 97 %, 86 %, 4873 MiB, 49140 MiB, 289.18 W, 300.00 W, 71, 1920 MHz
2026/09/23 09:14:38.727, 0, 95 %, 84 %, 4873 MiB, 49140 MiB, 288.11 W, 300.00 W, 72, 1800 MHz
2026/09/23 09:14:39.728, 0, 94 %, 85 %, 4873 MiB, 49140 MiB, 284.84 W, 300.00 W, 72, 2010 MHz
2026/09/23 09:14:40.729, 0, 95 %, 82 %, 4873 MiB, 49140 MiB, 286.78 W, 300.00 W, 73, 2115 MHz
2026/09/23 09:14:41.730, 0, 95 %, 82 %, 4873 MiB, 49140 MiB, 288.16 W, 300.00 W, 72, 2085 MHz
2026/09/23 09:14:42.730, 0, 92 %, 81 %, 4873 MiB, 49140 MiB, 287.98 W, 300.00 W, 71, 1815 MHz
2026/09/23 09:14:43.731, 0, 98 %, 86 %, 4873 MiB, 49140 MiB, 288.37 W, 300.00 W, 72, 1755 MHz
2026/09/23 09:14:44.733, 0, 96 %, 86 %, 4873 MiB, 49140 MiB, 287.41 W, 300.00 W, 71, 2055 MHz
2026/09/23 09:14:45.733, 0, 93 %, 84 %, 4873 MiB, 49140 MiB, 287.14 W, 300.00 W, 72, 2160 MHz
2026/09/23 09:14:46.734, 0, 95 %, 83 %, 4873 MiB, 49140 MiB, 287.34 W, 300.00 W, 73, 2160 MHz
2026/09/23 09:14:47.735, 0, 96 %, 84 %, 4873 MiB, 49140 MiB, 287.77 W, 300.00 W, 72, 2040 MHz
2026/09/23 09:14:48.736, 0, 96 %, 85 %, 4873 MiB, 49140 MiB, 289.43 W, 300.00 W, 72, 1845 MHz
2026/09/23 09:14:49.736, 0, 82 %, 58 %, 4873 MiB, 49140 MiB, 284.07 W, 300.00 W, 72, 2220 MHz
2026/09/23 09:14:50.737, 0, 0 %, 0 %, 4873 MiB, 49140 MiB, 172.97 W, 300.00 W, 66, 2745 MHz
2026/09/23 09:14:51.739, 0, 0 %, 0 %, 4873 MiB, 49140 MiB, 86.31 W, 300.00 W, 66, 2745 MHz
2026/09/23 09:14:52.740, 0, 95 %, 84 %, 4873 MiB, 49140 MiB, 202.80 W, 300.00 W, 71, 1965 MHz
2026/09/23 09:14:53.741, 0, 97 %, 87 %, 4873 MiB, 49140 MiB, 289.21 W, 300.00 W, 71, 1785 MHz
2026/09/23 09:14:54.743, 0, 98 %, 83 %, 4873 MiB, 49140 MiB, 287.98 W, 300.00 W, 72, 2040 MHz
2026/09/23 09:14:55.744, 0, 92 %, 83 %, 4873 MiB, 49140 MiB, 287.29 W, 300.00 W, 71, 1980 MHz
2026/09/23 09:14:56.745, 0, 94 %, 85 %, 4873 MiB, 49140 MiB, 286.84 W, 300.00 W, 72, 2190 MHz
2026/09/23 09:14:57.746, 0, 94 %, 81 %, 4873 MiB, 49140 MiB, 288.00 W, 300.00 W, 73, 2145 MHz
2026/09/23 09:14:58.747, 0, 96 %, 86 %, 4873 MiB, 49140 MiB, 288.33 W, 300.00 W, 72, 1905 MHz
2026/09/23 09:14:59.748, 0, 97 %, 86 %, 4873 MiB, 49140 MiB, 289.41 W, 300.00 W, 72, 1770 MHz
2026/09/23 09:15:00.749, 0, 98 %, 83 %, 4873 MiB, 49140 MiB, 288.98 W, 300.00 W, 72, 2055 MHz
2026/09/23 09:15:01.750, 0, 94 %, 85 %, 4873 MiB, 49140 MiB, 287.49 W, 300.00 W, 72, 2085 MHz
2026/09/23 09:15:02.751, 0, 95 %, 81 %, 4873 MiB, 49140 MiB, 286.02 W, 300.00 W, 73, 2115 MHz
2026/09/23 09:15:03.752, 0, 96 %, 86 %, 4873 MiB, 49140 MiB, 288.83 W, 300.00 W, 72, 1905 MHz
2026/09/23 09:15:04.753, 0, 98 %, 86 %, 4873 MiB, 49140 MiB, 288.98 W, 300.00 W, 72, 1815 MHz
2026/09/23 09:15:05.754, 0, 97 %, 84 %, 4873 MiB, 49140 MiB, 289.18 W, 300.00 W, 72, 2085 MHz
2026/09/23 09:15:06.755, 0, 96 %, 87 %, 4873 MiB, 49140 MiB, 289.40 W, 300.00 W, 71, 2025 MHz
2026/09/23 09:15:07.756, 0, 91 %, 79 %, 4873 MiB, 49140 MiB, 285.90 W, 300.00 W, 72, 2070 MHz
2026/09/23 09:15:08.756, 0, 6 %, 0 %, 4873 MiB, 49140 MiB, 234.01 W, 300.00 W, 67, 2745 MHz
2026/09/23 09:15:09.757, 0, 0 %, 0 %, 4873 MiB, 49140 MiB, 86.43 W, 300.00 W, 66, 2745 MHz
2026/09/23 09:15:10.757, 0, 97 %, 87 %, 4873 MiB, 49140 MiB, 189.26 W, 300.00 W, 71, 1875 MHz
2026/09/23 09:15:11.758, 0, 98 %, 87 %, 4873 MiB, 49140 MiB, 293.32 W, 300.00 W, 71, 1815 MHz
2026/09/23 09:15:12.758, 0, 98 %, 87 %, 4873 MiB, 49140 MiB, 294.42 W, 300.00 W, 72, 1830 MHz
2026/09/23 09:15:13.760, 0, 97 %, 86 %, 4873 MiB, 49140 MiB, 292.29 W, 300.00 W, 71, 2250 MHz
2026/09/23 09:15:14.761, 0, 95 %, 87 %, 4873 MiB, 49140 MiB, 292.66 W, 300.00 W, 71, 2115 MHz
2026/09/23 09:15:15.761, 0, 95 %, 87 %, 4873 MiB, 49140 MiB, 291.75 W, 300.00 W, 72, 2160 MHz
2026/09/23 09:15:16.762, 0, 95 %, 85 %, 4873 MiB, 49140 MiB, 293.09 W, 300.00 W, 73, 2250 MHz
2026/09/23 09:15:17.763, 0, 95 %, 82 %, 4873 MiB, 49140 MiB, 291.87 W, 300.00 W, 72, 2010 MHz
2026/09/23 09:15:18.764, 0, 95 %, 84 %, 4873 MiB, 49140 MiB, 293.82 W, 300.00 W, 72, 2205 MHz
2026/09/23 09:15:19.765, 0, 98 %, 87 %, 4873 MiB, 49140 MiB, 293.54 W, 300.00 W, 72, 2130 MHz
2026/09/23 09:15:20.765, 0, 98 %, 87 %, 4873 MiB, 49140 MiB, 294.87 W, 300.00 W, 72, 2100 MHz
2026/09/23 09:15:21.766, 0, 98 %, 83 %, 4873 MiB, 49140 MiB, 294.28 W, 300.00 W, 73, 2085 MHz
2026/09/23 09:15:22.767, 0, 94 %, 85 %, 4873 MiB, 49140 MiB, 293.90 W, 300.00 W, 71, 1830 MHz
2026/09/23 09:15:23.768, 0, 94 %, 85 %, 4873 MiB, 49140 MiB, 292.30 W, 300.00 W, 72, 1980 MHz
2026/09/23 09:15:24.769, 0, 95 %, 84 %, 4873 MiB, 49140 MiB, 292.24 W, 300.00 W, 73, 2115 MHz
2026/09/23 09:15:25.769, 0, 95 %, 81 %, 4873 MiB, 49140 MiB, 294.27 W, 300.00 W, 74, 2010 MHz
2026/09/23 09:15:26.770, 0, 25 %, 16 %, 4873 MiB, 49140 MiB, 273.70 W, 300.00 W, 68, 2730 MHz
2026/09/23 09:15:27.771, 0, 0 %, 0 %, 4873 MiB, 49140 MiB, 91.67 W, 300.00 W, 66, 2745 MHz
2026/09/23 09:15:28.771, 0, 96 %, 86 %, 4873 MiB, 49140 MiB, 152.07 W, 300.00 W, 71, 2130 MHz
2026/09/23 09:15:29.772, 0, 97 %, 83 %, 4873 MiB, 49140 MiB, 287.02 W, 300.00 W, 72, 2040 MHz
2026/09/23 09:15:30.772, 0, 96 %, 86 %, 4873 MiB, 49140 MiB, 288.75 W, 300.00 W, 70, 1815 MHz
2026/09/23 09:15:31.773, 0, 95 %, 86 %, 4873 MiB, 49140 MiB, 288.02 W, 300.00 W, 72, 1935 MHz
2026/09/23 09:15:32.774, 0, 93 %, 83 %, 4873 MiB, 49140 MiB, 287.70 W, 300.00 W, 73, 2055 MHz
2026/09/23 09:15:33.775, 0, 96 %, 83 %, 4873 MiB, 49140 MiB, 288.56 W, 300.00 W, 72, 2025 MHz
2026/09/23 09:15:34.775, 0, 97 %, 87 %, 4873 MiB, 49140 MiB, 288.39 W, 300.00 W, 72, 2280 MHz
2026/09/23 09:15:35.776, 0, 98 %, 85 %, 4873 MiB, 49140 MiB, 287.66 W, 300.00 W, 72, 2040 MHz
2026/09/23 09:15:36.777, 0, 96 %, 84 %, 4873 MiB, 49140 MiB, 288.67 W, 300.00 W, 72, 1860 MHz
2026/09/23 09:15:37.778, 0, 95 %, 86 %, 4873 MiB, 49140 MiB, 288.69 W, 300.00 W, 72, 1905 MHz
2026/09/23 09:15:38.778, 0, 96 %, 85 %, 4873 MiB, 49140 MiB, 290.06 W, 300.00 W, 73, 2145 MHz
2026/09/23 09:15:39.779, 0, 96 %, 83 %, 4873 MiB, 49140 MiB, 290.02 W, 300.00 W, 74, 1980 MHz
2026/09/23 09:15:40.780, 0, 95 %, 83 %, 4873 MiB, 49140 MiB, 289.77 W, 300.00 W, 73, 2055 MHz
2026/09/23 09:15:41.781, 0, 96 %, 86 %, 4873 MiB, 49140 MiB, 288.95 W, 300.00 W, 72, 2145 MHz
2026/09/23 09:15:42.782, 0, 95 %, 85 %, 4873 MiB, 49140 MiB, 288.05 W, 300.00 W, 73, 1965 MHz
2026/09/23 09:15:43.783, 0, 95 %, 82 %, 4873 MiB, 49140 MiB, 286.22 W, 300.00 W, 72, 1770 MHz
2026/09/23 09:15:44.783, 0, 76 %, 54 %, 4873 MiB, 49140 MiB, 284.46 W, 300.00 W, 73, 2265 MHz
2026/09/23 09:15:45.784, 0, 0 %, 0 %, 4873 MiB, 49140 MiB, 114.07 W, 300.00 W, 66, 2745 MHz
2026/09/23 09:15:46.784, 0, 94 %, 84 %, 4873 MiB, 49140 MiB, 124.54 W, 300.00 W, 70, 2130 MHz
2026/09/23 09:15:47.785, 0, 94 %, 84 %, 4873 MiB, 49140 MiB, 286.95 W, 300.00 W, 71, 2070 MHz
2026/09/23 09:15:48.787, 0, 93 %, 80 %, 4873 MiB, 49140 MiB, 285.42 W, 300.00 W, 70, 1800 MHz
2026/09/23 09:15:49.790, 0, 98 %, 86 %, 4873 MiB, 49140 MiB, 287.32 W, 300.00 W, 72, 2130 MHz
2026/09/23 09:15:50.791, 0, 98 %, 85 %, 4873 MiB, 49140 MiB, 288.61 W, 300.00 W, 73, 1965 MHz
2026/09/23 09:15:51.792, 0, 98 %, 87 %, 4873 MiB, 49140 MiB, 289.76 W, 300.00 W, 72, 2025 MHz
2026/09/23 09:15:52.793, 0, 92 %, 82 %, 4873 MiB, 49140 MiB, 287.83 W, 300.00 W, 71, 2160 MHz
2026/09/23 09:15:53.794, 0, 94 %, 84 %, 4873 MiB, 49140 MiB, 286.58 W, 300.00 W, 72, 1935 MHz
2026/09/23 09:15:54.794, 0, 95 %, 82 %, 4873 MiB, 49140 MiB, 287.89 W, 300.00 W, 71, 1800 MHz
2026/09/23 09:15:55.796, 0, 97 %, 85 %, 4873 MiB, 49140 MiB, 287.23 W, 300.00 W, 73, 1995 MHz
2026/09/23 09:15:56.796, 0, 94 %, 84 %, 4873 MiB, 49140 MiB, 286.98 W, 300.00 W, 72, 2115 MHz
2026/09/23 09:15:57.797, 0, 92 %, 84 %, 4873 MiB, 49140 MiB, 288.00 W, 300.00 W, 73, 2055 MHz
2026/09/23 09:15:58.799, 0, 93 %, 81 %, 4873 MiB, 49140 MiB, 287.89 W, 300.00 W, 71, 1770 MHz
2026/09/23 09:15:59.800, 0, 98 %, 85 %, 4873 MiB, 49140 MiB, 289.58 W, 300.00 W, 72, 1995 MHz
2026/09/23 09:16:00.801, 0, 98 %, 85 %, 4873 MiB, 49140 MiB, 290.14 W, 300.00 W, 74, 1980 MHz
2026/09/23 09:16:01.802, 0, 95 %, 86 %, 4873 MiB, 49140 MiB, 287.99 W, 300.00 W, 72, 2175 MHz
2026/09/23 09:16:02.803, 0, 84 %, 60 %, 4873 MiB, 49140 MiB, 283.69 W, 300.00 W, 73, 1965 MHz
2026/09/23 09:16:03.803, 0, 0 %, 0 %, 4873 MiB, 49140 MiB, 167.39 W, 300.00 W, 66, 2745 MHz
2026/09/23 09:16:04.804, 0, 0 %, 0 %, 4873 MiB, 49140 MiB, 86.58 W, 300.00 W, 66, 2745 MHz
2026/09/23 09:16:05.805, 0, 94 %, 85 %, 4873 MiB, 49140 MiB, 187.21 W, 300.00 W, 71, 2070 MHz
2026/09/23 09:16:06.806, 0, 89 %, 80 %, 4873 MiB, 49140 MiB, 286.01 W, 300.00 W, 71, 1860 MHz
2026/09/23 09:16:07.807, 0, 96 %, 84 %, 4873 MiB, 49140 MiB, 287.51 W, 300.00 W, 71, 2025 MHz
2026/09/23 09:16:08.808, 0, 98 %, 86 %, 4873 MiB, 49140 MiB, 288.88 W, 300.00 W, 73, 1800 MHz
2026/09/23 09:16:09.810, 0, 98 %, 87 %, 4873 MiB, 49140 MiB, 287.16 W, 300.00 W, 72, 2130 MHz
2026/09/23 09:16:10.810, 0, 94 %, 84 %, 4873 MiB, 49140 MiB, 286.97 W, 300.00 W, 72, 2040 MHz
2026/09/23 09:16:11.812, 0, 94 %, 81 %, 4873 MiB, 49140 MiB, 286.72 W, 300.00 W, 71, 2115 MHz
2026/09/23 09:16:12.812, 0, 97 %, 85 %, 4873 MiB, 49140 MiB, 289.28 W, 300.00 W, 72, 1920 MHz
2026/09/23 09:16:13.813, 0, 97 %, 84 %, 4873 MiB, 49140 MiB, 290.16 W, 300.00 W, 73, 1770 MHz
2026/09/23 09:16:14.814, 0, 96 %, 86 %, 4873 MiB, 49140 MiB, 287.89 W, 300.00 W, 72, 2160 MHz
2026/09/23 09:16:15.816, 0, 89 %, 80 %, 4873 MiB, 49140 MiB, 285.75 W, 300.00 W, 72, 2280 MHz
2026/09/23 09:16:16.817, 0, 95 %, 82 %, 4873 MiB, 49140 MiB, 287.59 W, 300.00 W, 71, 2010 MHz
2026/09/23 09:16:17.817, 0, 97 %, 86 %, 4873 MiB, 49140 MiB, 289.88 W, 300.00 W, 72, 1845 MHz
2026/09/23 09:16:18.818, 0, 97 %, 85 %, 4873 MiB, 49140 MiB, 289.48 W, 300.00 W, 74, 1755 MHz
2026/09/23 09:16:19.819, 0, 92 %, 82 %, 4873 MiB, 49140 MiB, 289.01 W, 300.00 W, 72, 2100 MHz
2026/09/23 09:16:20.819, 0, 93 %, 84 %, 4873 MiB, 49140 MiB, 287.19 W, 300.00 W, 72, 2190 MHz
2026/09/23 09:16:21.820, 0, 11 %, 0 %, 4873 MiB, 49140 MiB, 238.70 W, 300.00 W, 67, 2505 MHz
2026/09/23 09:16:22.821, 0, 0 %, 0 %, 4873 MiB, 49140 MiB, 71.27 W, 300.00 W, 65, 2505 MHz
2026/09/23 09:16:23.823, 0, 96 %, 86 %, 4873 MiB, 49140 MiB, 197.29 W, 300.00 W, 72, 2040 MHz
2026/09/23 09:16:24.824, 0, 95 %, 82 %, 4873 MiB, 49140 MiB, 288.36 W, 300.00 W, 70, 2130 MHz
2026/09/23 09:16:25.825, 0, 96 %, 83 %, 4873 MiB, 49140 MiB, 288.82 W, 300.00 W, 71, 2055 MHz
2026/09/23 09:16:26.826, 0, 97 %, 85 %, 4873 MiB, 49140 MiB, 289.38 W, 300.00 W, 72, 1815 MHz
2026/09/23 09:16:27.827, 0, 97 %, 84 %, 4873 MiB, 49140 MiB, 290.35 W, 300.00 W, 73, 1770 MHz
2026/09/23 09:16:28.828, 0, 97 %, 86 %, 4873 MiB, 49140 MiB, 288.70 W, 300.00 W, 72, 2070 MHz
2026/09/23 09:16:29.829, 0, 90 %, 80 %, 4873 MiB, 49140 MiB, 287.71 W, 300.00 W, 71, 2040 MHz
2026/09/23 09:16:30.830, 0, 95 %, 86 %, 4873 MiB, 49140 MiB, 287.31 W, 300.00 W, 72, 2010 MHz
2026/09/23 09:16:31.831, 0, 94 %, 82 %, 4873 MiB, 49140 MiB, 288.40 W, 300.00 W, 71, 2145 MHz
2026/09/23 09:16:32.832, 0, 95 %, 83 %, 4873 MiB, 49140 MiB, 288.99 W, 300.00 W, 71, 2010 MHz
2026/09/23 09:16:33.833, 0, 97 %, 85 %, 4873 MiB, 49140 MiB, 289.82 W, 300.00 W, 73, 1845 MHz
2026/09/23 09:16:34.833, 0, 94 %, 84 %, 4873 MiB, 49140 MiB, 287.71 W, 300.00 W, 72, 2175 MHz
2026/09/23 09:16:35.834, 0, 93 %, 83 %, 4873 MiB, 49140 MiB, 287.82 W, 300.00 W, 72, 2055 MHz
2026/09/23 09:16:36.835, 0, 94 %, 84 %, 4873 MiB, 49140 MiB, 287.92 W, 300.00 W, 72, 1965 MHz
2026/09/23 09:16:37.835, 0, 94 %, 86 %, 4873 MiB, 49140 MiB, 287.81 W, 300.00 W, 72, 2205 MHz
2026/09/23 09:16:38.836, 0, 94 %, 82 %, 4873 MiB, 49140 MiB, 288.66 W, 300.00 W, 71, 2145 MHz
2026/09/23 09:16:39.837, 0, 10 %, 0 %, 4873 MiB, 49140 MiB, 254.93 W, 300.00 W, 68, 2730 MHz
2026/09/23 09:16:40.838, 0, 0 %, 0 %, 4873 MiB, 49140 MiB, 86.52 W, 300.00 W, 66, 2745 MHz
2026/09/23 09:16:41.838, 0, 96 %, 87 %, 4873 MiB, 49140 MiB, 159.58 W, 300.00 W, 70, 2205 MHz
2026/09/23 09:16:42.840, 0, 94 %, 82 %, 4873 MiB, 49140 MiB, 286.00 W, 300.00 W, 71, 1995 MHz
2026/09/23 09:16:43.841, 0, 94 %, 86 %, 4873 MiB, 49140 MiB, 286.68 W, 300.00 W, 72, 2205 MHz
2026/09/23 09:16:44.841, 0, 94 %, 83 %, 4873 MiB, 49140 MiB, 288.16 W, 300.00 W, 72, 2160 MHz
2026/09/23 09:16:45.842, 0, 95 %, 83 %, 4873 MiB, 49140 MiB, 288.89 W, 300.00 W, 71, 2130 MHz
2026/09/23 09:16:46.843, 0, 97 %, 85 %, 4873 MiB, 49140 MiB, 288.14 W, 300.00 W, 72, 2010 MHz
2026/09/23 09:16:47.844, 0, 97 %, 85 %, 4873 MiB, 49140 MiB, 289.08 W, 300.00 W, 73, 1830 MHz
2026/09/23 09:16:48.845, 0, 96 %, 85 %, 4873 MiB, 49140 MiB, 288.33 W, 300.00 W, 72, 1920 MHz
2026/09/23 09:16:49.845, 0, 98 %, 88 %, 4873 MiB, 49140 MiB, 289.07 W, 300.00 W, 72, 2175 MHz
2026/09/23 09:16:50.846, 0, 96 %, 86 %, 4873 MiB, 49140 MiB, 288.45 W, 300.00 W, 72, 2085 MHz
2026/09/23 09:16:51.847, 0, 95 %, 85 %, 4873 MiB, 49140 MiB, 288.14 W, 300.00 W, 72, 1965 MHz
2026/09/23 09:16:52.849, 0, 94 %, 82 %, 4873 MiB, 49140 MiB, 286.32 W, 300.00 W, 71, 2115 MHz
2026/09/23 09:16:53.850, 0, 97 %, 84 %, 4873 MiB, 49140 MiB, 285.85 W, 300.00 W, 73, 1755 MHz
2026/09/23 09:16:54.850, 0, 97 %, 87 %, 4873 MiB, 49140 MiB, 289.20 W, 300.00 W, 72, 2040 MHz
2026/09/23 09:16:55.851, 0, 96 %, 86 %, 4873 MiB, 49140 MiB, 289.09 W, 300.00 W, 72, 1845 MHz
2026/09/23 09:16:56.852, 0, 95 %, 85 %, 4873 MiB, 49140 MiB, 288.83 W, 300.00 W, 72, 1755 MHz
2026/09/23 09:16:57.853, 0, 85 %, 58 %, 4873 MiB, 49140 MiB, 283.11 W, 300.00 W, 72, 2160 MHz
2026/09/23 09:16:58.853, 0, 0 %, 0 %, 4873 MiB, 49140 MiB, 121.47 W, 300.00 W, 66, 2745 MHz
2026/09/23 09:16:59.854, 0, 98 %, 88 %, 4873 MiB, 49140 MiB, 115.30 W, 300.00 W, 69, 2145 MHz
2026/09/23 09:17:00.854, 0, 92 %, 83 %, 4873 MiB, 49140 MiB, 284.54 W, 300.00 W, 71, 1875 MHz
2026/09/23 09:17:01.855, 0, 94 %, 85 %, 4873 MiB, 49140 MiB, 283.95 W, 300.00 W, 72, 2145 MHz
2026/09/23 09:17:02.857, 0, 94 %, 82 %, 4873 MiB, 49140 MiB, 286.12 W, 300.00 W, 70, 2025 MHz
2026/09/23 09:17:03.858, 0, 96 %, 84 %, 4873 MiB, 49140 MiB, 288.00 W, 300.00 W, 71, 2130 MHz
2026/09/23 09:17:04.859, 0, 97 %, 85 %, 4873 MiB, 49140 MiB, 287.84 W, 300.00 W, 73, 2175 MHz
2026/09/23 09:17:05.860, 0, 98 %, 85 %, 4873 MiB, 49140 MiB, 287.91 W, 300.00 W, 72, 2055 MHz
2026/09/23 09:17:06.861, 0, 95 %, 85 %, 4873 MiB, 49140 MiB, 286.87 W, 300.00 W, 70, 1830 MHz
2026/09/23 09:17:07.864, 0, 92 %, 82 %, 4873 MiB, 49140 MiB, 286.64 W, 300.00 W, 72, 2070 MHz
2026/09/23 09:17:08.864, 0, 89 %, 80 %, 4873 MiB, 49140 MiB, 286.12 W, 300.00 W, 73, 2040 MHz
2026/09/23 09:17:09.865, 0, 97 %, 86 %, 4873 MiB, 49140 MiB, 286.68 W, 300.00 W, 72, 2145 MHz
2026/09/23 09:17:10.866, 0, 97 %, 84 %, 4873 MiB, 49140 MiB, 288.85 W, 300.00 W, 72, 2130 MHz
2026/09/23 09:17:11.868, 0, 97 %, 86 %, 4873 MiB, 49140 MiB, 288.71 W, 300.00 W, 72, 2055 MHz
2026/09/23 09:17:12.868, 0, 96 %, 87 %, 4873 MiB, 49140 MiB, 288.49 W, 300.00 W, 71, 1845 MHz
2026/09/23 09:17:13.869, 0, 94 %, 83 %, 4873 MiB, 49140 MiB, 287.71 W, 300.00 W, 72, 1785 MHz
2026/09/23 09:17:14.871, 0, 94 %, 85 %, 4873 MiB, 49140 MiB, 287.70 W, 300.00 W, 73, 2130 MHz
2026/09/23 09:17:15.872, 0, 78 %, 55 %, 4873 MiB, 49140 MiB, 283.91 W, 300.00 W, 72, 2340 MHz
2026/09/23 09:17:16.872, 0, 0 %, 0 %, 4873 MiB, 49140 MiB, 169.85 W, 300.00 W, 66, 2745 MHz
2026/09/23 09:17:17.873, 0, 0 %, 0 %, 4873 MiB, 49140 MiB, 86.46 W, 300.00 W, 66, 2745 MHz
2026/09/23 09:17:18.874, 0, 94 %, 83 %, 4873 MiB, 49140 MiB, 201.87 W, 300.00 W, 72, 2145 MHz
2026/09/23 09:17:19.875, 0, 94 %, 82 %, 4873 MiB, 49140 MiB, 287.21 W, 300.00 W, 72, 1980 MHz
2026/09/23 09:17:20.877, 0, 95 %, 83 %, 4873 MiB, 49140 MiB, 288.38 W, 300.00 W, 71, 2025 MHz
2026/09/23 09:17:21.877, 0, 96 %, 84 %, 4873 MiB, 49140 MiB, 289.28 W, 300.00 W, 71, 2220 MHz
2026/09/23 09:17:22.878, 0, 97 %, 86 %, 4873 MiB, 49140 MiB, 289.61 W, 300.00 W, 72, 2190 MHz
2026/09/23 09:17:23.878, 0, 97 %, 85 %, 4873 MiB, 49140 MiB, 288.92 W, 300.00 W, 71, 2175 MHz
2026/09/23 09:17:24.879, 0, 97 %, 86 %, 4873 MiB, 49140 MiB, 287.02 W, 300.00 W, 71, 1965 MHz
2026/09/23 09:17:25.880, 0, 93 %, 83 %, 4873 MiB, 49140 MiB, 287.87 W, 300.00 W, 71, 1785 MHz
2026/09/23 09:17:26.881, 0, 92 %, 81 %, 4873 MiB, 49140 MiB, 286.93 W, 300.00 W, 72, 1920 MHz
2026/09/23 09:17:27.881, 0, 94 %, 82 %, 4873 MiB, 49140 MiB, 286.41 W, 300.00 W, 73, 2070 MHz
2026/09/23 09:17:28.882, 0, 95 %, 82 %, 4873 MiB, 49140 MiB, 288.07 W, 300.00 W, 72, 2055 MHz
2026/09/23 09:17:29.883, 0, 97 %, 86 %, 4873 MiB, 49140 MiB, 289.09 W, 300.00 W, 72, 2175 MHz
2026/09/23 09:17:30.884, 0, 97 %, 85 %, 4873 MiB, 49140 MiB, 287.50 W, 300.00 W, 73, 2085 MHz
2026/09/23 09:17:31.885, 0, 98 %, 88 %, 4873 MiB, 49140 MiB, 288.89 W, 300.00 W, 72, 1965 MHz
2026/09/23 09:17:32.886, 0, 93 %, 83 %, 4873 MiB, 49140 MiB, 287.17 W, 300.00 W, 72, 1830 MHz
2026/09/23 09:17:33.887, 0, 87 %, 66 %, 4873 MiB, 49140 MiB, 286.81 W, 300.00 W, 72, 2085 MHz
2026/09/23 09:17:34.888, 0, 2 %, 0 %, 4873 MiB, 49140 MiB, 223.84 W, 300.00 W, 67, 2745 MHz
2026/09/23 09:17:35.889, 0, 0 %, 0 %, 4873 MiB, 49140 MiB, 86.42 W, 300.00 W, 66, 2745 MHz
2026/09/23 09:17:36.889, 0, 97 %, 84 %, 4873 MiB, 49140 MiB, 148.72 W, 300.00 W, 70, 2160 MHz
2026/09/23 09:17:37.891, 0, 98 %, 85 %, 4873 MiB, 49140 MiB, 288.34 W, 300.00 W, 71, 2100 MHz
2026/09/23 09:17:38.892, 0, 94 %, 85 %, 4873 MiB, 49140 MiB, 286.79 W, 300.00 W, 70, 1905 MHz
2026/09/23 09:17:39.893, 0, 95 %, 85 %, 4873 MiB, 49140 MiB, 287.27 W, 300.00 W, 71, 1785 MHz
2026/09/23 09:17:40.894, 0, 95 %, 84 %, 4873 MiB, 49140 MiB, 287.40 W, 300.00 W, 72, 1875 MHz
2026/09/23 09:17:41.895, 0, 94 %, 85 %, 4873 MiB, 49140 MiB, 286.35 W, 300.00 W, 73, 2235 MHz
2026/09/23 09:17:42.897, 0, 93 %, 82 %, 4873 MiB, 49140 MiB, 287.32 W, 300.00 W, 72, 2010 MHz
2026/09/23 09:17:43.897, 0, 97 %, 85 %, 4873 MiB, 49140 MiB, 288.21 W, 300.00 W, 71, 2235 MHz
2026/09/23 09:17:44.898, 0, 98 %, 85 %, 4873 MiB, 49140 MiB, 288.51 W, 300.00 W, 72, 2115 MHz
2026/09/23 09:17:45.899, 0, 97 %, 85 %, 4873 MiB, 49140 MiB, 288.70 W, 300.00 W, 72, 2100 MHz
2026/09/23 09:17:46.900, 0, 97 %, 87 %, 4873 MiB, 49140 MiB, 288.16 W, 300.00 W, 71, 2175 MHz
2026/09/23 09:17:47.900, 0, 96 %, 86 %, 4873 MiB, 49140 MiB, 288.14 W, 300.00 W, 70, 2130 MHz
2026/09/23 09:17:48.901, 0, 94 %, 84 %, 4873 MiB, 49140 MiB, 287.29 W, 300.00 W, 72, 2010 MHz
2026/09/23 09:17:49.902, 0, 95 %, 86 %, 4873 MiB, 49140 MiB, 287.35 W, 300.00 W, 73, 1830 MHz
2026/09/23 09:17:50.903, 0, 95 %, 83 %, 4873 MiB, 49140 MiB, 288.08 W, 300.00 W, 73, 1800 MHz
2026/09/23 09:17:51.905, 0, 93 %, 82 %, 4873 MiB, 49140 MiB, 288.07 W, 300.00 W, 72, 2160 MHz
2026/09/23 09:17:52.905, 0, 75 %, 54 %, 4873 MiB, 49140 MiB, 279.96 W, 300.00 W, 73, 2325 MHz
2026/09/23 09:17:53.909, 0, 0 %, 0 %, 4873 MiB, 49140 MiB, 131.57 W, 300.00 W, 66, 2745 MHz
2026/09/23 09:17:54.910, 0, 97 %, 86 %, 4873 MiB, 49140 MiB, 117.54 W, 300.00 W, 70, 2040 MHz
2026/09/23 09:17:55.910, 0, 97 %, 84 %, 4873 MiB, 49140 MiB, 286.78 W, 300.00 W, 71, 1980 MHz
2026/09/23 09:17:56.911, 0, 97 %, 85 %, 4873 MiB, 49140 MiB, 289.23 W, 300.00 W, 72, 2070 MHz
2026/09/23 09:17:57.912, 0, 97 %, 87 %, 4873 MiB, 49140 MiB, 288.34 W, 300.00 W, 71, 2190 MHz
2026/09/23 09:17:58.912, 0, 96 %, 87 %, 4873 MiB, 49140 MiB, 287.71 W, 300.00 W, 71, 2160 MHz
2026/09/23 09:17:59.914, 0, 94 %, 85 %, 4873 MiB, 49140 MiB, 287.72 W, 300.00 W, 71, 2145 MHz
2026/09/23 09:18:00.915, 0, 94 %, 86 %, 4873 MiB, 49140 MiB, 286.66 W, 300.00 W, 72, 1935 MHz
2026/09/23 09:18:01.915, 0, 93 %, 81 %, 4873 MiB, 49140 MiB, 287.07 W, 300.00 W, 72, 1815 MHz
2026/09/23 09:18:02.916, 0, 96 %, 84 %, 4873 MiB, 49140 MiB, 288.69 W, 300.00 W, 72, 2115 MHz
2026/09/23 09:18:03.918, 0, 97 %, 86 %, 4873 MiB, 49140 MiB, 289.65 W, 300.00 W, 71, 2070 MHz
2026/09/23 09:18:04.919, 0, 96 %, 84 %, 4873 MiB, 49140 MiB, 288.82 W, 300.00 W, 72, 2010 MHz
2026/09/23 09:18:05.920, 0, 96 %, 86 %, 4873 MiB, 49140 MiB, 287.77 W, 300.00 W, 71, 2130 MHz
2026/09/23 09:18:06.920, 0, 94 %, 84 %, 4873 MiB, 49140 MiB, 287.97 W, 300.00 W, 72, 2130 MHz
2026/09/23 09:18:07.921, 0, 94 %, 85 %, 4873 MiB, 49140 MiB, 286.99 W, 300.00 W, 73, 1965 MHz
2026/09/23 09:18:08.921, 0, 95 %, 83 %, 4873 MiB, 49140 MiB, 288.50 W, 300.00 W, 73, 1785 MHz
2026/09/23 09:18:09.922, 0, 96 %, 83 %, 4873 MiB, 49140 MiB, 288.55 W, 300.00 W, 72, 1980 MHz
2026/09/23 09:18:10.924, 0, 83 %, 58 %, 4873 MiB, 49140 MiB, 286.00 W, 300.00 W, 73, 2025 MHz
2026/09/23 09:18:11.924, 0, 0 %, 0 %, 4873 MiB, 49140 MiB, 158.84 W, 300.00 W, 66, 2745 MHz
2026/09/23 09:18:12.924, 0, 0 %, 0 %, 4873 MiB, 49140 MiB, 86.56 W, 300.00 W, 65, 2580 MHz
2026/09/23 09:18:13.925, 0, 92 %, 83 %, 4873 MiB, 49140 MiB, 215.94 W, 300.00 W, 71, 2100 MHz
2026/09/23 09:18:14.926, 0, 95 %, 86 %, 4873 MiB, 49140 MiB, 288.66 W, 300.00 W, 72, 2010 MHz
2026/09/23 09:18:15.927, 0, 94 %, 82 %, 4873 MiB, 49140 MiB, 286.91 W, 300.00 W, 73, 1800 MHz
2026/09/23 09:18:16.929, 0, 96 %, 84 %, 4873 MiB, 49140 MiB, 287.74 W, 300.00 W, 71, 2025 MHz
2026/09/23 09:18:17.929, 0, 97 %, 86 %, 4873 MiB, 49140 MiB, 287.50 W, 300.00 W, 71, 2040 MHz
2026/09/23 09:18:18.930, 0, 98 %, 85 %, 4873 MiB, 49140 MiB, 288.73 W, 300.00 W, 72, 2040 MHz
2026/09/23 09:18:19.932, 0, 97 %, 85 %, 4873 MiB, 49140 MiB, 289.40 W, 300.00 W, 72, 2100 MHz
2026/09/23 09:18:20.932, 0, 96 %, 87 %, 4873 MiB, 49140 MiB, 288.12 W, 300.00 W, 70, 2145 MHz
2026/09/23 09:18:21.933, 0, 95 %, 85 %, 4873 MiB, 49140 MiB, 287.61 W, 300.00 W, 71, 2100 MHz
2026/09/23 09:18:22.934, 0, 92 %, 81 %, 4873 MiB, 49140 MiB, 284.59 W, 300.00 W, 73, 1785 MHz
2026/09/23 09:18:23.935, 0, 95 %, 82 %, 4873 MiB, 49140 MiB, 288.93 W, 300.00 W, 72, 1770 MHz
2026/09/23 09:18:24.936, 0, 97 %, 86 %, 4873 MiB, 49140 MiB, 287.98 W, 300.00 W, 72, 2130 MHz
2026/09/23 09:18:25.938, 0, 98 %, 85 %, 4873 MiB, 49140 MiB, 289.51 W, 300.00 W, 72, 1950 MHz
2026/09/23 09:18:26.939, 0, 96 %, 87 %, 4873 MiB, 49140 MiB, 287.92 W, 300.00 W, 70, 2265 MHz
2026/09/23 09:18:27.940, 0, 93 %, 84 %, 4873 MiB, 49140 MiB, 286.61 W, 300.00 W, 72, 2010 MHz
2026/09/23 09:18:28.942, 0, 87 %, 60 %, 4873 MiB, 49140 MiB, 286.88 W, 300.00 W, 73, 2010 MHz
2026/09/23 09:18:29.942, 0, 0 %, 0 %, 4873 MiB, 49140 MiB, 200.37 W, 300.00 W, 66, 2745 MHz
2026/09/23 09:18:30.943, 0, 0 %, 0 %, 4873 MiB, 49140 MiB, 86.32 W, 300.00 W, 66, 2745 MHz
2026/09/23 09:18:31.944, 0, 98 %, 87 %, 4873 MiB, 49140 MiB, 220.31 W, 300.00 W, 71, 2190 MHz
2026/09/23 09:18:32.945, 0, 97 %, 85 %, 4873 MiB, 49140 MiB, 288.20 W, 300.00 W, 71, 2025 MHz
2026/09/23 09:18:33.946, 0, 97 %, 85 %, 4873 MiB, 49140 MiB, 288.33 W, 300.00 W, 72, 2100 MHz
2026/09/23 09:18:34.947, 0, 96 %, 86 %, 4873 MiB, 49140 MiB, 289.01 W, 300.00 W, 71, 2250 MHz
2026/09/23 09:18:35.948, 0, 92 %, 84 %, 4873 MiB, 49140 MiB, 283.68 W, 300.00 W, 73, 1920 MHz
2026/09/23 09:18:36.949, 0, 96 %, 83 %, 4873 MiB, 49140 MiB, 285.91 W, 300.00 W, 71, 2070 MHz
2026/09/23 09:18:37.949, 0, 97 %, 86 %, 4873 MiB, 49140 MiB, 288.74 W, 300.00 W, 71, 1890 MHz
2026/09/23 09:18:38.950, 0, 98 %, 85 %, 4873 MiB, 49140 MiB, 288.49 W, 300.00 W, 72, 1935 MHz
2026/09/23 09:18:39.952, 0, 90 %, 80 %, 4873 MiB, 49140 MiB, 284.97 W, 300.00 W, 71, 2085 MHz
2026/09/23 09:18:40.953, 0, 94 %, 83 %, 4873 MiB, 49140 MiB, 284.53 W, 300.00 W, 73, 2145 MHz
2026/09/23 09:18:41.954, 0, 95 %, 82 %, 4873 MiB, 49140 MiB, 288.05 W, 300.00 W, 72, 2025 MHz
2026/09/23 09:18:42.955, 0, 97 %, 86 %, 4873 MiB, 49140 MiB, 288.27 W, 300.00 W, 72, 1815 MHz
2026/09/23 09:18:43.956, 0, 97 %, 84 %, 4873 MiB, 49140 MiB, 289.22 W, 300.00 W, 72, 1785 MHz
2026/09/23 09:18:44.958, 0, 97 %, 86 %, 4873 MiB, 49140 MiB, 288.75 W, 300.00 W, 72, 2130 MHz
2026/09/23 09:18:45.959, 0, 94 %, 84 %, 4873 MiB, 49140 MiB, 287.61 W, 300.00 W, 71, 2040 MHz
2026/09/23 09:18:46.960, 0, 84 %, 61 %, 4873 MiB, 49140 MiB, 286.29 W, 300.00 W, 72, 2310 MHz
2026/09/23 09:18:47.961, 0, 1 %, 0 %, 4873 MiB, 49140 MiB, 220.03 W, 300.00 W, 67, 2745 MHz
2026/09/23 09:18:48.961, 0, 0 %, 0 %, 4873 MiB, 49140 MiB, 86.28 W, 300.00 W, 66, 2745 MHz
2026/09/23 09:18:49.962, 0, 96 %, 84 %, 4873 MiB, 49140 MiB, 199.72 W, 300.00 W, 71, 2055 MHz
2026/09/23 09:18:50.962, 0, 97 %, 84 %, 4873 MiB, 49140 MiB, 287.94 W, 300.00 W, 71, 1845 MHz
2026/09/23 09:18:51.964, 0, 97 %, 84 %, 4873 MiB, 49140 MiB, 288.87 W, 300.00 W, 71, 1815 MHz
2026/09/23 09:18:52.965, 0, 97 %, 85 %, 4873 MiB, 49140 MiB, 287.83 W, 300.00 W, 72, 2085 MHz
2026/09/23 09:18:53.966, 0, 98 %, 88 %, 4873 MiB, 49140 MiB, 288.73 W, 300.00 W, 72, 2205 MHz
2026/09/23 09:18:54.969, 0, 95 %, 86 %, 4873 MiB, 49140 MiB, 288.33 W, 300.00 W, 70, 2040 MHz
2026/09/23 09:18:55.970, 0, 95 %, 85 %, 4873 MiB, 49140 MiB, 287.98 W, 300.00 W, 71, 2010 MHz
2026/09/23 09:18:56.971, 0, 96 %, 87 %, 4873 MiB, 49140 MiB, 288.72 W, 300.00 W, 72, 2205 MHz
2026/09/23 09:18:57.972, 0, 94 %, 85 %, 4873 MiB, 49140 MiB, 289.12 W, 300.00 W, 73, 2160 MHz
2026/09/23 09:18:58.973, 0, 95 %, 83 %, 4873 MiB, 49140 MiB, 288.88 W, 300.00 W, 73, 2130 MHz
2026/09/23 09:18:59.974, 0, 95 %, 82 %, 4873 MiB, 49140 MiB, 288.41 W, 300.00 W, 72, 2070 MHz
2026/09/23 09:19:00.975, 0, 95 %, 83 %, 4873 MiB, 49140 MiB, 288.92 W, 300.00 W, 72, 1830 MHz
2026/09/23 09:19:01.977, 0, 98 %, 86 %, 4873 MiB, 49140 MiB, 289.15 W, 300.00 W, 72, 1785 MHz
2026/09/23 09:19:02.978, 0, 97 %, 85 %, 4873 MiB, 49140 MiB, 289.57 W, 300.00 W, 72, 1935 MHz
2026/09/23 09:19:03.979, 0, 95 %, 86 %, 4873 MiB, 49140 MiB, 289.15 W, 300.00 W, 71, 1995 MHz
2026/09/23 09:19:04.982, 0, 95 %, 85 %, 4873 MiB, 49140 MiB, 285.97 W, 300.00 W, 73, 1785 MHz
2026/09/23 09:19:05.982, 0, 0 %, 0 %, 4873 MiB, 49140 MiB, 164.14 W, 300.00 W, 66, 2745 MHz
2026/09/23 09:19:06.983, 0, 96 %, 85 %, 4873 MiB, 49140 MiB, 235.50 W, 300.00 W, 72, 1875 MHz
2026/09/23 09:19:07.984, 0, 97 %, 86 %, 4873 MiB, 49140 MiB, 289.68 W, 300.00 W, 71, 2250 MHz
2026/09/23 09:19:08.985, 0, 94 %, 85 %, 4873 MiB, 49140 MiB, 287.69 W, 300.00 W, 71, 1950 MHz
2026/09/23 09:19:09.986, 0, 95 %, 85 %, 4873 MiB, 49140 MiB, 286.23 W, 300.00 W, 73, 2130 MHz
2026/09/23 09:19:10.986, 0, 95 %, 83 %, 4873 MiB, 49140 MiB, 288.01 W, 300.00 W, 73, 2115 MHz
2026/09/23 09:19:11.987, 0, 96 %, 83 %, 4873 MiB, 49140 MiB, 289.32 W, 300.00 W, 72, 2115 MHz
2026/09/23 09:19:12.988, 0, 97 %, 86 %, 4873 MiB, 49140 MiB, 288.91 W, 300.00 W, 72, 1800 MHz
2026/09/23 09:19:13.989, 0, 97 %, 85 %, 4873 MiB, 49140 MiB, 289.24 W, 300.00 W, 73, 2070 MHz
2026/09/23 09:19:14.990, 0, 96 %, 86 %, 4873 MiB, 49140 MiB, 288.70 W, 300.00 W, 71, 2025 MHz
2026/09/23 09:19:15.991, 0, 96 %, 85 %, 4873 MiB, 49140 MiB, 287.03 W, 300.00 W, 72, 2220 MHz
2026/09/23 09:19:16.992, 0, 95 %, 86 %, 4873 MiB, 49140 MiB, 287.98 W, 300.00 W, 73, 2100 MHz
2026/09/23 09:19:17.993, 0, 94 %, 82 %, 4873 MiB, 49140 MiB, 288.70 W, 300.00 W, 72, 1995 MHz
2026/09/23 09:19:18.993, 0, 96 %, 85 %, 4873 MiB, 49140 MiB, 289.18 W, 300.00 W, 72, 1815 MHz
2026/09/23 09:19:19.994, 0, 97 %, 85 %, 4873 MiB, 49140 MiB, 288.80 W, 300.00 W, 72, 1860 MHz
2026/09/23 09:19:20.995, 0, 92 %, 83 %, 4873 MiB, 49140 MiB, 287.68 W, 300.00 W, 71, 2025 MHz
2026/09/23 09:19:21.996, 0, 96 %, 86 %, 4873 MiB, 49140 MiB, 287.77 W, 300.00 W, 74, 1950 MHz
2026/09/23 09:19:22.997, 0, 78 %, 56 %, 4873 MiB, 49140 MiB, 231.84 W, 300.00 W, 67, 2745 MHz
2026/09/23 09:19:23.997, 0, 0 %, 0 %, 4873 MiB, 49140 MiB, 169.01 W, 300.00 W, 72, 2145 MHz
2026/09/23 09:19:24.998, 0, 96 %, 83 %, 4873 MiB, 49140 MiB, 287.92 W, 300.00 W, 72, 1935 MHz
2026/09/23 09:19:25.999, 0, 97 %, 86 %, 4873 MiB, 49140 MiB, 288.25 W, 300.00 W, 72, 2115 MHz
2026/09/23 09:19:27.000, 0, 97 %, 84 %, 4873 MiB, 49140 MiB, 287.94 W, 300.00 W, 72, 1965 MHz
2026/09/23 09:19:28.001, 0, 97 %, 88 %, 4873 MiB, 49140 MiB, 287.83 W, 300.00 W, 71, 1830 MHz
2026/09/23 09:19:29.002, 0, 95 %, 84 %, 4873 MiB, 49140 MiB, 286.14 W, 300.00 W, 73, 2130 MHz
2026/09/23 09:19:30.003, 0, 94 %, 84 %, 4873 MiB, 49140 MiB, 287.86 W, 300.00 W, 74, 1965 MHz
2026/09/23 09:19:31.004, 0, 93 %, 81 %, 4873 MiB, 49140 MiB, 288.25 W, 300.00 W, 72, 2205 MHz
2026/09/23 09:19:32.005, 0, 98 %, 86 %, 4873 MiB, 49140 MiB, 289.03 W, 300.00 W, 72, 2115 MHz
2026/09/23 09:19:33.006, 0, 97 %, 84 %, 4873 MiB, 49140 MiB, 287.28 W, 300.00 W, 72, 1875 MHz
2026/09/23 09:19:34.007, 0, 95 %, 86 %, 4873 MiB, 49140 MiB, 287.92 W, 300.00 W, 72, 1800 MHz
2026/09/23 09:19:35.008, 0, 92 %, 83 %, 4873 MiB, 49140 MiB, 286.69 W, 300.00 W, 73, 2175 MHz
2026/09/23 09:19:36.008, 0, 96 %, 85 %, 4873 MiB, 49140 MiB, 288.09 W, 300.00 W, 73, 1965 MHz
2026/09/23 09:19:37.009, 0, 94 %, 81 %, 4873 MiB, 49140 MiB, 289.37 W, 300.00 W, 72, 2205 MHz
2026/09/23 09:19:38.010, 0, 97 %, 85 %, 4873 MiB, 49140 MiB, 289.36 W, 300.00 W, 72, 2145 MHz
2026/09/23 09:19:39.011, 0, 97 %, 85 %, 4873 MiB, 49140 MiB, 289.90 W, 300.00 W, 73, 2085 MHz
2026/09/23 09:19:40.012, 0, 82 %, 57 %, 4873 MiB, 49140 MiB, 284.74 W, 300.00 W, 73, 2460 MHz
2026/09/23 09:19:41.013, 0, 0 %, 0 %, 4873 MiB, 49140 MiB, 115.43 W, 300.00 W, 66, 2745 MHz
2026/09/23 09:19:42.013, 0, 0 %, 0 %, 4873 MiB, 49140 MiB, 159.79 W, 300.00 W, 71, 2235 MHz
2026/09/23 09:19:43.014, 0, 97 %, 86 %, 4873 MiB, 49140 MiB, 286.34 W, 300.00 W, 71, 2145 MHz
2026/09/23 09:19:44.015, 0, 97 %, 85 %, 4873 MiB, 49140 MiB, 288.06 W, 300.00 W, 71, 2145 MHz
2026/09/23 09:19:45.017, 0, 98 %, 85 %, 4873 MiB, 49140 MiB, 288.08 W, 300.00 W, 72, 2070 MHz
2026/09/23 09:19:46.017, 0, 97 %, 84 %, 4873 MiB, 49140 MiB, 288.37 W, 300.00 W, 72, 2040 MHz
2026/09/23 09:19:47.018, 0, 98 %, 86 %, 4873 MiB, 49140 MiB, 287.58 W, 300.00 W, 71, 1875 MHz
2026/09/23 09:19:48.019, 0, 96 %, 86 %, 4873 MiB, 49140 MiB, 286.37 W, 300.00 W, 72, 2175 MHz
2026/09/23 09:19:49.019, 0, 95 %, 86 %, 4873 MiB, 49140 MiB, 286.30 W, 300.00 W, 73, 2040 MHz
2026/09/23 09:19:50.020, 0, 96 %, 83 %, 4873 MiB, 49140 MiB, 287.67 W, 300.00 W, 71, 2190 MHz
2026/09/23 09:19:51.021, 0, 98 %, 87 %, 4873 MiB, 49140 MiB, 285.79 W, 300.00 W, 72, 2055 MHz
2026/09/23 09:19:52.022, 0, 98 %, 86 %, 4873 MiB, 49140 MiB, 288.39 W, 300.00 W, 72, 1950 MHz
2026/09/23 09:19:53.023, 0, 96 %, 87 %, 4873 MiB, 49140 MiB, 288.08 W, 300.00 W, 71, 1755 MHz
2026/09/23 09:19:54.023, 0, 95 %, 85 %, 4873 MiB, 49140 MiB, 287.68 W, 300.00 W, 73, 2085 MHz
2026/09/23 09:19:55.025, 0, 95 %, 83 %, 4873 MiB, 49140 MiB, 288.84 W, 300.00 W, 73, 1965 MHz
2026/09/23 09:19:56.025, 0, 94 %, 81 %, 4873 MiB, 49140 MiB, 289.48 W, 300.00 W, 72, 2145 MHz
2026/09/23 09:19:57.026, 0, 96 %, 85 %, 4873 MiB, 49140 MiB, 287.76 W, 300.00 W, 72, 2130 MHz
2026/09/23 09:19:58.027, 0, 82 %, 68 %, 4873 MiB, 49140 MiB, 278.73 W, 300.00 W, 72, 2265 MHz
2026/09/23 09:19:59.027, 0, 0 %, 0 %, 4873 MiB, 49140 MiB, 133.83 W, 300.00 W, 66, 2745 MHz
2026/09/23 09:20:00.028, 0, 96 %, 86 %, 4873 MiB, 49140 MiB, 275.53 W, 300.00 W, 71, 2115 MHz
2026/09/23 09:20:01.029, 0, 97 %, 85 %, 4873 MiB, 49140 MiB, 287.90 W, 300.00 W, 72, 2055 MHz
2026/09/23 09:20:02.030, 0, 95 %, 84 %, 4873 MiB, 49140 MiB, 287.74 W, 300.00 W, 72, 2025 MHz
2026/09/23 09:20:03.030, 0, 96 %, 83 %, 4873 MiB, 49140 MiB, 288.53 W, 300.00 W, 71, 1830 MHz
2026/09/23 09:20:04.031, 0, 94 %, 82 %, 4873 MiB, 49140 MiB, 287.69 W, 300.00 W, 71, 1785 MHz
2026/09/23 09:20:05.032, 0, 95 %, 83 %, 4873 MiB, 49140 MiB, 289.34 W, 300.00 W, 72, 2145 MHz
2026/09/23 09:20:06.033, 0, 97 %, 86 %, 4873 MiB, 49140 MiB, 289.19 W, 300.00 W, 73, 2055 MHz
2026/09/23 09:20:07.033, 0, 98 %, 83 %, 4873 MiB, 49140 MiB, 287.73 W, 300.00 W, 72, 2160 MHz
2026/09/23 09:20:08.034, 0, 96 %, 85 %, 4873 MiB, 49140 MiB, 288.91 W, 300.00 W, 72, 2160 MHz
2026/09/23 09:20:09.037, 0, 95 %, 86 %, 4873 MiB, 49140 MiB, 288.46 W, 300.00 W, 72, 2145 MHz
2026/09/23 09:20:10.037, 0, 94 %, 84 %, 4873 MiB, 49140 MiB, 287.92 W, 300.00 W, 72, 2085 MHz
2026/09/23 09:20:11.038, 0, 93 %, 84 %, 4873 MiB, 49140 MiB, 286.21 W, 300.00 W, 72, 1890 MHz
2026/09/23 09:20:12.039, 0, 94 %, 83 %, 4873 MiB, 49140 MiB, 287.09 W, 300.00 W, 72, 1980 MHz
2026/09/23 09:20:13.040, 0, 97 %, 87 %, 4873 MiB, 49140 MiB, 290.19 W, 300.00 W, 73, 2130 MHz
2026/09/23 09:20:14.041, 0, 97 %, 87 %, 4873 MiB, 49140 MiB, 289.36 W, 300.00 W, 74, 2010 MHz
2026/09/23 09:20:15.042, 0, 97 %, 83 %, 4873 MiB, 49140 MiB, 288.16 W, 300.00 W, 72, 1800 MHz
2026/09/23 09:20:16.042, 0, 33 %, 22 %, 4873 MiB, 49140 MiB, 184.07 W, 300.00 W, 67, 2730 MHz
2026/09/23 09:20:17.043, 0, 0 %, 0 %, 4873 MiB, 49140 MiB, 87.11 W, 300.00 W, 66, 2730 MHz
2026/09/23 09:20:18.043, 0, 97 %, 87 %, 4873 MiB, 49140 MiB, 208.49 W, 300.00 W, 73, 1905 MHz
2026/09/23 09:20:19.044, 0, 94 %, 83 %, 4873 MiB, 49140 MiB, 285.60 W, 300.00 W, 71, 2040 MHz
2026/09/23 09:20:20.045, 0, 94 %, 85 %, 4873 MiB, 49140 MiB, 283.73 W, 300.00 W, 71, 2205 MHz
2026/09/23 09:20:21.046, 0, 95 %, 82 %, 4873 MiB, 49140 MiB, 287.38 W, 300.00 W, 71, 2025 MHz
2026/09/23 09:20:22.047, 0, 97 %, 87 %, 4873 MiB, 49140 MiB, 287.22 W, 300.00 W, 73, 1770 MHz
2026/09/23 09:20:23.048, 0, 97 %, 83 %, 4873 MiB, 49140 MiB, 288.47 W, 300.00 W, 72, 2025 MHz
2026/09/23 09:20:24.049, 0, 95 %, 86 %, 4873 MiB, 49140 MiB, 287.84 W, 300.00 W, 71, 2040 MHz
2026/09/23 09:20:25.050, 0, 95 %, 86 %, 4873 MiB, 49140 MiB, 287.76 W, 300.00 W, 72, 1965 MHz
2026/09/23 09:20:26.052, 0, 95 %, 86 %, 4873 MiB, 49140 MiB, 288.24 W, 300.00 W, 72, 2025 MHz
2026/09/23 09:20:27.052, 0, 95 %, 86 %, 4873 MiB, 49140 MiB, 286.55 W, 300.00 W, 72, 2235 MHz
2026/09/23 09:20:28.053, 0, 94 %, 80 %, 4873 MiB, 49140 MiB, 287.40 W, 300.00 W, 72, 2040 MHz
2026/09/23 09:20:29.054, 0, 97 %, 87 %, 4873 MiB, 49140 MiB, 289.21 W, 300.00 W, 73, 1935 MHz
2026/09/23 09:20:30.055, 0, 98 %, 87 %, 4873 MiB, 49140 MiB, 289.12 W, 300.00 W, 74, 1800 MHz
2026/09/23 09:20:31.055, 0, 97 %, 84 %, 4873 MiB, 49140 MiB, 288.03 W, 300.00 W, 72, 2040 MHz
2026/09/23 09:20:32.057, 0, 94 %, 85 %, 4873 MiB, 49140 MiB, 285.79 W, 300.00 W, 72, 2100 MHz
2026/09/23 09:20:33.058, 0, 95 %, 85 %, 4873 MiB, 49140 MiB, 287.73 W, 300.00 W, 72, 1980 MHz
2026/09/23 09:20:34.059, 0, 81 %, 58 %, 4873 MiB, 49140 MiB, 222.65 W, 300.00 W, 67, 2730 MHz
2026/09/23 09:20:35.059, 0, 0 %, 0 %, 4873 MiB, 49140 MiB, 86.62 W, 300.00 W, 66, 2730 MHz
2026/09/23 09:20:36.059, 0, 97 %, 88 %, 4873 MiB, 49140 MiB, 222.85 W, 300.00 W, 71, 1995 MHz
2026/09/23 09:20:37.061, 0, 96 %, 86 %, 4873 MiB, 49140 MiB, 288.34 W, 300.00 W, 73, 1770 MHz
2026/09/23 09:20:38.062, 0, 97 %, 84 %, 4873 MiB, 49140 MiB, 286.80 W, 300.00 W, 71, 2130 MHz
2026/09/23 09:20:39.063, 0, 94 %, 85 %, 4873 MiB, 49140 MiB, 286.83 W, 300.00 W, 71, 2130 MHz
2026/09/23 09:20:40.064, 0, 94 %, 84 %, 4873 MiB, 49140 MiB, 286.93 W, 300.00 W, 72, 2175 MHz
2026/09/23 09:20:41.065, 0, 93 %, 80 %, 4873 MiB, 49140 MiB, 287.99 W, 300.00 W, 71, 2115 MHz
2026/09/23 09:20:42.066, 0, 96 %, 86 %, 4873 MiB, 49140 MiB, 283.91 W, 300.00 W, 72, 2130 MHz
2026/09/23 09:20:43.067, 0, 94 %, 85 %, 4873 MiB, 49140 MiB, 286.33 W, 300.00 W, 72, 2040 MHz
2026/09/23 09:20:44.067, 0, 94 %, 86 %, 4873 MiB, 49140 MiB, 286.05 W, 300.00 W, 72, 2190 MHz
2026/09/23 09:20:45.068, 0, 95 %, 83 %, 4873 MiB, 49140 MiB, 287.57 W, 300.00 W, 70, 2160 MHz
2026/09/23 09:20:46.069, 0, 94 %, 83 %, 4873 MiB, 49140 MiB, 288.27 W, 300.00 W, 72, 2070 MHz
2026/09/23 09:20:47.070, 0, 97 %, 86 %, 4873 MiB, 49140 MiB, 289.50 W, 300.00 W, 73, 1845 MHz
2026/09/23 09:20:48.071, 0, 97 %, 87 %, 4873 MiB, 49140 MiB, 289.20 W, 300.00 W, 73, 1800 MHz
2026/09/23 09:20:49.073, 0, 97 %, 84 %, 4873 MiB, 49140 MiB, 287.32 W, 300.00 W, 72, 2175 MHz
2026/09/23 09:20:50.074, 0, 94 %, 86 %, 4873 MiB, 49140 MiB, 287.95 W, 300.00 W, 72, 2010 MHz
2026/09/23 09:20:51.075, 0, 96 %, 87 %, 4873 MiB, 49140 MiB, 287.81 W, 300.00 W, 72, 2205 MHz
2026/09/23 09:20:52.075, 0, 84 %, 61 %, 4873 MiB, 49140 MiB, 244.68 W, 300.00 W, 67, 2535 MHz
2026/09/23 09:20:53.075, 0, 0 %, 0 %, 4873 MiB, 49140 MiB, 72.76 W, 300.00 W, 65, 2535 MHz
2026/09/23 09:20:54.076, 0, 96 %, 88 %, 4873 MiB, 49140 MiB, 186.85 W, 300.00 W, 70, 2055 MHz
2026/09/23 09:20:55.077, 0, 95 %, 86 %, 4873 MiB, 49140 MiB, 286.85 W, 300.00 W, 71, 2085 MHz
2026/09/23 09:20:56.078, 0, 93 %, 84 %, 4873 MiB, 49140 MiB, 284.73 W, 300.00 W, 71, 2235 MHz
2026/09/23 09:20:57.079, 0, 93 %, 82 %, 4873 MiB, 49140 MiB, 287.16 W, 300.00 W, 71, 2070 MHz
2026/09/23 09:20:58.080, 0, 96 %, 87 %, 4873 MiB, 49140 MiB, 288.79 W, 300.00 W, 72, 1845 MHz
2026/09/23 09:20:59.081, 0, 98 %, 87 %, 4873 MiB, 49140 MiB, 287.95 W, 300.00 W, 72, 1800 MHz
2026/09/23 09:21:00.082, 0, 97 %, 84 %, 4873 MiB, 49140 MiB, 288.50 W, 300.00 W, 71, 2145 MHz
2026/09/23 09:21:01.085, 0, 95 %, 84 %, 4873 MiB, 49140 MiB, 288.28 W, 300.00 W, 72, 2190 MHz
2026/09/23 09:21:02.085, 0, 94 %, 86 %, 4873 MiB, 49140 MiB, 286.50 W, 300.00 W, 72, 2085 MHz
2026/09/23 09:21:03.086, 0, 95 %, 85 %, 4873 MiB, 49140 MiB, 286.57 W, 300.00 W, 73, 2325 MHz
2026/09/23 09:21:04.087, 0, 94 %, 80 %, 4873 MiB, 49140 MiB, 287.28 W, 300.00 W, 71, 2115 MHz
2026/09/23 09:21:05.088, 0, 96 %, 87 %, 4873 MiB, 49140 MiB, 287.91 W, 300.00 W, 72, 2160 MHz
2026/09/23 09:21:06.089, 0, 94 %, 84 %, 4873 MiB, 49140 MiB, 287.68 W, 300.00 W, 73, 2070 MHz
2026/09/23 09:21:07.090, 0, 95 %, 84 %, 4873 MiB, 49140 MiB, 288.22 W, 300.00 W, 72, 1860 MHz
2026/09/23 09:21:08.091, 0, 94 %, 86 %, 4873 MiB, 49140 MiB, 287.16 W, 300.00 W, 72, 1890 MHz
2026/09/23 09:21:09.091, 0, 93 %, 83 %, 4873 MiB, 49140 MiB, 285.71 W, 300.00 W, 71, 1965 MHz
2026/09/23 09:21:10.092, 0, 71 %, 53 %, 4873 MiB, 49140 MiB, 272.55 W, 300.00 W, 73, 2730 MHz
2026/09/23 09:21:11.093, 0, 0 %, 0 %, 4873 MiB, 49140 MiB, 99.35 W, 300.00 W, 66, 2745 MHz
2026/09/23 09:21:12.093, 0, 0 %, 0 %, 4873 MiB, 49140 MiB, 163.27 W, 300.00 W, 72, 2145 MHz
2026/09/23 09:21:13.095, 0, 98 %, 86 %, 4873 MiB, 49140 MiB, 288.92 W, 300.00 W, 73, 2130 MHz
2026/09/23 09:21:14.096, 0, 96 %, 84 %, 4873 MiB, 49140 MiB, 286.01 W, 300.00 W, 71, 1845 MHz
2026/09/23 09:21:15.096, 0, 95 %, 86 %, 4873 MiB, 49140 MiB, 285.99 W, 300.00 W, 71, 1815 MHz
2026/09/23 09:21:16.097, 0, 96 %, 87 %, 4873 MiB, 49140 MiB, 286.86 W, 300.00 W, 72, 2175 MHz
2026/09/23 09:21:17.098, 0, 95 %, 82 %, 4873 MiB, 49140 MiB, 287.03 W, 300.00 W, 73, 2010 MHz
2026/09/23 09:21:18.100, 0, 94 %, 83 %, 4873 MiB, 49140 MiB, 287.68 W, 300.00 W, 71, 2295 MHz
2026/09/23 09:21:19.100, 0, 97 %, 87 %, 4873 MiB, 49140 MiB, 288.79 W, 300.00 W, 72, 2145 MHz
2026/09/23 09:21:20.101, 0, 97 %, 86 %, 4873 MiB, 49140 MiB, 288.26 W, 300.00 W, 72, 2085 MHz
2026/09/23 09:21:21.102, 0, 97 %, 83 %, 4873 MiB, 49140 MiB, 288.00 W, 300.00 W, 70, 1950 MHz
2026/09/23 09:21:22.103, 0, 96 %, 87 %, 4873 MiB, 49140 MiB, 287.22 W, 300.00 W, 71, 1830 MHz
2026/09/23 09:21:23.106, 0, 92 %, 83 %, 4873 MiB, 49140 MiB, 286.91 W, 300.00 W, 72, 2085 MHz
2026/09/23 09:21:24.107, 0, 95 %, 83 %, 4873 MiB, 49140 MiB, 286.91 W, 300.00 W, 73, 2010 MHz
2026/09/23 09:21:25.109, 0, 95 %, 83 %, 4873 MiB, 49140 MiB, 288.28 W, 300.00 W, 72, 2160 MHz
2026/09/23 09:21:26.109, 0, 96 %, 85 %, 4873 MiB, 49140 MiB, 288.47 W, 300.00 W, 72, 2115 MHz
2026/09/23 09:21:27.111, 0, 97 %, 83 %, 4873 MiB, 49140 MiB, 288.17 W, 300.00 W, 73, 2040 MHz
2026/09/23 09:21:28.112, 0, 83 %, 58 %, 4873 MiB, 49140 MiB, 280.45 W, 300.00 W, 72, 2115 MHz
2026/09/23 09:21:29.112, 0, 0 %, 0 %, 4873 MiB, 49140 MiB, 120.58 W, 300.00 W, 66, 2745 MHz
2026/09/23 09:21:30.113, 0, 0 %, 0 %, 4873 MiB, 49140 MiB, 130.01 W, 300.00 W, 70, 2130 MHz
2026/09/23 09:21:31.113, 0, 95 %, 83 %, 4873 MiB, 49140 MiB, 285.96 W, 300.00 W, 71, 2190 MHz
2026/09/23 09:21:32.115, 0, 97 %, 83 %, 4873 MiB, 49140 MiB, 286.84 W, 300.00 W, 71, 2040 MHz
2026/09/23 09:21:33.115, 0, 97 %, 85 %, 4873 MiB, 49140 MiB, 286.27 W, 300.00 W, 71, 1890 MHz
2026/09/23 09:21:34.116, 0, 95 %, 86 %, 4873 MiB, 49140 MiB, 285.84 W, 300.00 W, 72, 2115 MHz
2026/09/23 09:21:35.117, 0, 92 %, 80 %, 4873 MiB, 49140 MiB, 286.68 W, 300.00 W, 71, 2040 MHz
2026/09/23 09:21:36.118, 0, 97 %, 86 %, 4873 MiB, 49140 MiB, 288.59 W, 300.00 W, 71, 2175 MHz
2026/09/23 09:21:37.119, 0, 97 %, 86 %, 4873 MiB, 49140 MiB, 287.94 W, 300.00 W, 72, 2055 MHz
2026/09/23 09:21:38.120, 0, 96 %, 84 %, 4873 MiB, 49140 MiB, 288.94 W, 300.00 W, 70, 1815 MHz
2026/09/23 09:21:39.123, 0, 88 %, 79 %, 4873 MiB, 49140 MiB, 285.68 W, 300.00 W, 73, 2175 MHz
2026/09/23 09:21:40.125, 0, 95 %, 82 %, 4873 MiB, 49140 MiB, 287.86 W, 300.00 W, 73, 2025 MHz
2026/09/23 09:21:41.126, 0, 95 %, 82 %, 4873 MiB, 49140 MiB, 289.12 W, 300.00 W, 72, 2010 MHz
2026/09/23 09:21:42.127, 0, 96 %, 84 %, 4873 MiB, 49140 MiB, 288.43 W, 300.00 W, 72, 2160 MHz
2026/09/23 09:21:43.128, 0, 97 %, 83 %, 4873 MiB, 49140 MiB, 287.63 W, 300.00 W, 71, 1980 MHz
2026/09/23 09:21:44.129, 0, 95 %, 86 %, 4873 MiB, 49140 MiB, 288.10 W, 300.00 W, 71, 1800 MHz
2026/09/23 09:21:45.130, 0, 95 %, 86 %, 4873 MiB, 49140 MiB, 287.54 W, 300.00 W, 73, 2070 MHz
2026/09/23 09:21:46.131, 0, 94 %, 84 %, 4873 MiB, 49140 MiB, 282.92 W, 300.00 W, 73, 1785 MHz
2026/09/23 09:21:47.132, 0, 9 %, 0 %, 4873 MiB, 49140 MiB, 159.73 W, 300.00 W, 66, 2745 MHz
2026/09/23 09:21:48.134, 0, 0 %, 0 %, 4873 MiB, 49140 MiB, 86.22 W, 300.00 W, 70, 2400 MHz
2026/09/23 09:21:49.134, 0, 95 %, 81 %, 4873 MiB, 49140 MiB, 287.80 W, 300.00 W, 71, 2010 MHz
2026/09/23 09:21:50.135, 0, 96 %, 85 %, 4873 MiB, 49140 MiB, 289.12 W, 300.00 W, 71, 2130 MHz
2026/09/23 09:21:51.136, 0, 98 %, 87 %, 4873 MiB, 49140 MiB, 288.99 W, 300.00 W, 71, 2145 MHz
2026/09/23 09:21:52.137, 0, 97 %, 83 %, 4873 MiB, 49140 MiB, 284.81 W, 300.00 W, 70, 1770 MHz
2026/09/23 09:21:53.138, 0, 94 %, 85 %, 4873 MiB, 49140 MiB, 286.96 W, 300.00 W, 72, 2070 MHz
2026/09/23 09:21:54.139, 0, 94 %, 84 %, 4873 MiB, 49140 MiB, 286.52 W, 300.00 W, 73, 2025 MHz
2026/09/23 09:21:55.139, 0, 95 %, 81 %, 4873 MiB, 49140 MiB, 288.15 W, 300.00 W, 72, 1830 MHz
2026/09/23 09:21:56.140, 0, 94 %, 83 %, 4873 MiB, 49140 MiB, 289.49 W, 300.00 W, 71, 2115 MHz
2026/09/23 09:21:57.141, 0, 97 %, 86 %, 4873 MiB, 49140 MiB, 289.40 W, 300.00 W, 71, 2100 MHz
2026/09/23 09:21:58.142, 0, 98 %, 87 %, 4873 MiB, 49140 MiB, 289.12 W, 300.00 W, 72, 1965 MHz
2026/09/23 09:21:59.143, 0, 97 %, 83 %, 4873 MiB, 49140 MiB, 287.31 W, 300.00 W, 70, 2145 MHz
2026/09/23 09:22:00.144, 0, 94 %, 85 %, 4873 MiB, 49140 MiB, 287.26 W, 300.00 W, 72, 2085 MHz
2026/09/23 09:22:01.145, 0, 92 %, 83 %, 4873 MiB, 49140 MiB, 287.48 W, 300.00 W, 73, 1890 MHz
2026/09/23 09:22:02.145, 0, 94 %, 81 %, 4873 MiB, 49140 MiB, 287.97 W, 300.00 W, 71, 2040 MHz
2026/09/23 09:22:03.147, 0, 96 %, 86 %, 4873 MiB, 49140 MiB, 287.36 W, 300.00 W, 72, 1995 MHz
2026/09/23 09:22:04.148, 0, 98 %, 84 %, 4873 MiB, 49140 MiB, 286.44 W, 300.00 W, 72, 2340 MHz
2026/09/23 09:22:05.149, 0, 80 %, 57 %, 4873 MiB, 49140 MiB, 196.21 W, 300.00 W, 66, 2745 MHz
2026/09/23 09:22:06.149, 0, 0 %, 0 %, 4873 MiB, 49140 MiB, 86.35 W, 300.00 W, 66, 2745 MHz
2026/09/23 09:22:07.150, 0, 91 %, 83 %, 4873 MiB, 49140 MiB, 205.23 W, 300.00 W, 70, 2130 MHz
2026/09/23 09:22:08.151, 0, 95 %, 86 %, 4873 MiB, 49140 MiB, 287.28 W, 300.00 W, 71, 2070 MHz
2026/09/23 09:22:09.152, 0, 94 %, 84 %, 4873 MiB, 49140 MiB, 287.48 W, 300.00 W, 72, 1875 MHz
2026/09/23 09:22:10.153, 0, 95 %, 83 %, 4873 MiB, 49140 MiB, 287.53 W, 300.00 W, 72, 1800 MHz
2026/09/23 09:22:11.153, 0, 95 %, 83 %, 4873 MiB, 49140 MiB, 288.38 W, 300.00 W, 71, 2130 MHz
2026/09/23 09:22:12.155, 0, 96 %, 86 %, 4873 MiB, 49140 MiB, 289.42 W, 300.00 W, 71, 2010 MHz
2026/09/23 09:22:13.155, 0, 97 %, 83 %, 4873 MiB, 49140 MiB, 287.77 W, 300.00 W, 72, 2055 MHz
2026/09/23 09:22:14.156, 0, 96 %, 84 %, 4873 MiB, 49140 MiB, 288.41 W, 300.00 W, 70, 2145 MHz
2026/09/23 09:22:15.157, 0, 94 %, 85 %, 4873 MiB, 49140 MiB, 285.43 W, 300.00 W, 72, 2085 MHz
2026/09/23 09:22:16.158, 0, 93 %, 82 %, 4873 MiB, 49140 MiB, 286.40 W, 300.00 W, 73, 1770 MHz
2026/09/23 09:22:17.158, 0, 95 %, 81 %, 4873 MiB, 49140 MiB, 288.71 W, 300.00 W, 72, 2115 MHz
2026/09/23 09:22:18.159, 0, 97 %, 86 %, 4873 MiB, 49140 MiB, 287.15 W, 300.00 W, 72, 2025 MHz
2026/09/23 09:22:19.160, 0, 96 %, 83 %, 4873 MiB, 49140 MiB, 287.54 W, 300.00 W, 71, 2130 MHz
2026/09/23 09:22:20.161, 0, 95 %, 86 %, 4873 MiB, 49140 MiB, 286.00 W, 300.00 W, 72, 2040 MHz
2026/09/23 09:22:21.162, 0, 96 %, 84 %, 4873 MiB, 49140 MiB, 287.59 W, 300.00 W, 73, 1815 MHz
2026/09/23 09:22:22.164, 0, 93 %, 81 %, 4873 MiB, 49140 MiB, 288.19 W, 300.00 W, 72, 2325 MHz
2026/09/23 09:22:23.165, 0, 79 %, 57 %, 4873 MiB, 49140 MiB, 237.17 W, 300.00 W, 67, 2745 MHz
2026/09/23 09:22:24.165, 0, 0 %, 0 %, 4873 MiB, 49140 MiB, 86.75 W, 300.00 W, 66, 2745 MHz
2026/09/23 09:22:25.165, 0, 95 %, 83 %, 4873 MiB, 49140 MiB, 217.26 W, 300.00 W, 70, 2115 MHz
2026/09/23 09:22:26.166, 0, 92 %, 83 %, 4873 MiB, 49140 MiB, 286.41 W, 300.00 W, 71, 2070 MHz
2026/09/23 09:22:27.167, 0, 94 %, 82 %, 4873 MiB, 49140 MiB, 284.97 W, 300.00 W, 71, 1965 MHz
2026/09/23 09:22:28.168, 0, 96 %, 84 %, 4873 MiB, 49140 MiB, 287.47 W, 300.00 W, 71, 2040 MHz
2026/09/23 09:22:29.169, 0, 95 %, 84 %, 4873 MiB, 49140 MiB, 285.30 W, 300.00 W, 70, 2130 MHz
2026/09/23 09:22:30.170, 0, 93 %, 84 %, 4873 MiB, 49140 MiB, 286.55 W, 300.00 W, 72, 2040 MHz
2026/09/23 09:22:31.170, 0, 95 %, 84 %, 4873 MiB, 49140 MiB, 286.15 W, 300.00 W, 73, 1785 MHz
2026/09/23 09:22:32.172, 0, 94 %, 82 %, 4873 MiB, 49140 MiB, 288.11 W, 300.00 W, 72, 2130 MHz
2026/09/23 09:22:33.172, 0, 98 %, 87 %, 4873 MiB, 49140 MiB, 288.15 W, 300.00 W, 72, 1995 MHz
2026/09/23 09:22:34.173, 0, 98 %, 83 %, 4873 MiB, 49140 MiB, 288.37 W, 300.00 W, 72, 2115 MHz
2026/09/23 09:22:35.175, 0, 96 %, 84 %, 4873 MiB, 49140 MiB, 288.33 W, 300.00 W, 71, 2190 MHz
2026/09/23 09:22:36.176, 0, 96 %, 87 %, 4873 MiB, 49140 MiB, 286.91 W, 300.00 W, 72, 2100 MHz
2026/09/23 09:22:37.177, 0, 96 %, 87 %, 4873 MiB, 49140 MiB, 287.62 W, 300.00 W, 73, 1950 MHz
2026/09/23 09:22:38.178, 0, 95 %, 83 %, 4873 MiB, 49140 MiB, 288.12 W, 300.00 W, 72, 1785 MHz
2026/09/23 09:22:39.178, 0, 95 %, 83 %, 4873 MiB, 49140 MiB, 288.34 W, 300.00 W, 71, 2175 MHz
2026/09/23 09:22:40.179, 0, 97 %, 87 %, 4873 MiB, 49140 MiB, 287.61 W, 300.00 W, 72, 1980 MHz
2026/09/23 09:22:41.180, 0, 77 %, 56 %, 4873 MiB, 49140 MiB, 250.46 W, 300.00 W, 67, 2700 MHz
2026/09/23 09:22:42.180, 0, 0 %, 0 %, 4873 MiB, 49140 MiB, 83.00 W, 300.00 W, 65, 2700 MHz
2026/09/23 09:22:43.181, 0, 94 %, 84 %, 4873 MiB, 49140 MiB, 192.62 W, 300.00 W, 70, 2145 MHz
2026/09/23 09:22:44.182, 0, 95 %, 86 %, 4873 MiB, 49140 MiB, 285.80 W, 300.00 W, 71, 2115 MHz
2026/09/23 09:22:45.183, 0, 95 %, 87 %, 4873 MiB, 49140 MiB, 286.92 W, 300.00 W, 72, 2130 MHz
2026/09/23 09:22:46.186, 0, 94 %, 82 %, 4873 MiB, 49140 MiB, 286.11 W, 300.00 W, 72, 2115 MHz
2026/09/23 09:22:47.187, 0, 96 %, 86 %, 4873 MiB, 49140 MiB, 286.25 W, 300.00 W, 71, 1785 MHz
2026/09/23 09:22:48.188, 0, 94 %, 81 %, 4873 MiB, 49140 MiB, 287.64 W, 300.00 W, 72, 2130 MHz
2026/09/23 09:22:49.189, 0, 93 %, 84 %, 4873 MiB, 49140 MiB, 287.29 W, 300.00 W, 71, 1965 MHz
2026/09/23 09:22:50.189, 0, 95 %, 86 %, 4873 MiB, 49140 MiB, 287.38 W, 300.00 W, 72, 2265 MHz
2026/09/23 09:22:51.191, 0, 94 %, 83 %, 4873 MiB, 49140 MiB, 286.11 W, 300.00 W, 72, 2145 MHz
2026/09/23 09:22:52.192, 0, 95 %, 83 %, 4873 MiB, 49140 MiB, 288.11 W, 300.00 W, 71, 1965 MHz
2026/09/23 09:22:53.193, 0, 97 %, 87 %, 4873 MiB, 49140 MiB, 289.46 W, 300.00 W, 71, 1845 MHz
2026/09/23 09:22:54.194, 0, 97 %, 85 %, 4873 MiB, 49140 MiB, 287.54 W, 300.00 W, 72, 2025 MHz
2026/09/23 09:22:55.194, 0, 97 %, 84 %, 4873 MiB, 49140 MiB, 287.82 W, 300.00 W, 71, 2190 MHz
2026/09/23 09:22:56.195, 0, 95 %, 86 %, 4873 MiB, 49140 MiB, 287.02 W, 300.00 W, 71, 1965 MHz
2026/09/23 09:22:57.196, 0, 96 %, 87 %, 4873 MiB, 49140 MiB, 287.46 W, 300.00 W, 72, 2070 MHz
2026/09/23 09:22:58.197, 0, 94 %, 86 %, 4873 MiB, 49140 MiB, 286.58 W, 300.00 W, 73, 2220 MHz
2026/09/23 09:22:59.197, 0, 85 %, 60 %, 4873 MiB, 49140 MiB, 264.96 W, 300.00 W, 67, 2730 MHz
2026/09/23 09:23:00.198, 0, 0 %, 0 %, 4873 MiB, 49140 MiB, 91.82 W, 300.00 W, 66, 2745 MHz
2026/09/23 09:23:01.198, 0, 0 %, 0 %, 4873 MiB, 49140 MiB, 164.32 W, 300.00 W, 70, 1860 MHz
2026/09/23 09:23:02.199, 0, 97 %, 88 %, 4873 MiB, 49140 MiB, 286.57 W, 300.00 W, 71, 1800 MHz
2026/09/23 09:23:03.200, 0, 97 %, 83 %, 4873 MiB, 49140 MiB, 287.80 W, 300.00 W, 71, 2115 MHz
2026/09/23 09:23:04.201, 0, 93 %, 83 %, 4873 MiB, 49140 MiB, 286.70 W, 300.00 W, 70, 2070 MHz
2026/09/23 09:23:05.202, 0, 95 %, 87 %, 4873 MiB, 49140 MiB, 287.11 W, 300.00 W, 71, 1980 MHz
2026/09/23 09:23:06.203, 0, 96 %, 86 %, 4873 MiB, 49140 MiB, 287.65 W, 300.00 W, 72, 2085 MHz
2026/09/23 09:23:07.204, 0, 93 %, 85 %, 4873 MiB, 49140 MiB, 286.29 W, 300.00 W, 73, 2130 MHz
2026/09/23 09:23:08.204, 0, 95 %, 81 %, 4873 MiB, 49140 MiB, 287.46 W, 300.00 W, 72, 2040 MHz
2026/09/23 09:23:09.206, 0, 94 %, 83 %, 4873 MiB, 49140 MiB, 288.59 W, 300.00 W, 71, 1920 MHz
2026/09/23 09:23:10.207, 0, 97 %, 87 %, 4873 MiB, 49140 MiB, 286.93 W, 300.00 W, 72, 1830 MHz
2026/09/23 09:23:11.208, 0, 98 %, 83 %, 4873 MiB, 49140 MiB, 288.20 W, 300.00 W, 72, 2175 MHz
2026/09/23 09:23:12.209, 0, 95 %, 86 %, 4873 MiB, 49140 MiB, 288.15 W, 300.00 W, 71, 2010 MHz
2026/09/23 09:23:13.210, 0, 95 %, 87 %, 4873 MiB, 49140 MiB, 285.70 W, 300.00 W, 72, 2175 MHz
2026/09/23 09:23:14.211, 0, 96 %, 84 %, 4873 MiB, 49140 MiB, 286.67 W, 300.00 W, 73, 2115 MHz
2026/09/23 09:23:15.211, 0, 97 %, 87 %, 4873 MiB, 49140 MiB, 287.46 W, 300.00 W, 72, 1875 MHz
2026/09/23 09:23:16.212, 0, 97 %, 87 %, 4873 MiB, 49140 MiB, 288.72 W, 300.00 W, 72, 1785 MHz
2026/09/23 09:23:17.213, 0, 88 %, 62 %, 4873 MiB, 49140 MiB, 283.66 W, 300.00 W, 72, 2235 MHz
2026/09/23 09:23:18.213, 0, 0 %, 0 %, 4873 MiB, 49140 MiB, 116.20 W, 300.00 W, 66, 2745 MHz
2026/09/23 09:23:19.214, 0, 0 %, 0 %, 4873 MiB, 49140 MiB, 130.57 W, 300.00 W, 70, 2010 MHz
2026/09/23 09:23:20.214, 0, 95 %, 86 %, 4873 MiB, 49140 MiB, 285.24 W, 300.00 W, 71, 1815 MHz
2026/09/23 09:23:21.215, 0, 97 %, 84 %, 4873 MiB, 49140 MiB, 287.06 W, 300.00 W, 72, 2130 MHz
2026/09/23 09:23:22.217, 0, 98 %, 83 %, 4873 MiB, 49140 MiB, 286.10 W, 300.00 W, 70, 2010 MHz
2026/09/23 09:23:23.220, 0, 94 %, 85 %, 4873 MiB, 49140 MiB, 285.69 W, 300.00 W, 72, 2220 MHz
2026/09/23 09:23:24.221, 0, 95 %, 84 %, 4873 MiB, 49140 MiB, 286.75 W, 300.00 W, 73, 2175 MHz
2026/09/23 09:23:25.222, 0, 92 %, 81 %, 4873 MiB, 49140 MiB, 285.29 W, 300.00 W, 71, 1830 MHz
2026/09/23 09:23:26.223, 0, 98 %, 83 %, 4873 MiB, 49140 MiB, 285.48 W, 300.00 W, 71, 2160 MHz
2026/09/23 09:23:27.224, 0, 95 %, 86 %, 4873 MiB, 49140 MiB, 287.24 W, 300.00 W, 71, 1965 MHz
2026/09/23 09:23:28.225, 0, 95 %, 87 %, 4873 MiB, 49140 MiB, 287.02 W, 300.00 W, 72, 2250 MHz
2026/09/23 09:23:29.226, 0, 95 %, 85 %, 4873 MiB, 49140 MiB, 287.46 W, 300.00 W, 73, 2190 MHz
2026/09/23 09:23:30.227, 0, 95 %, 82 %, 4873 MiB, 49140 MiB, 287.05 W, 300.00 W, 72, 2085 MHz
2026/09/23 09:23:31.228, 0, 95 %, 84 %, 4873 MiB, 49140 MiB, 289.32 W, 300.00 W, 72, 1935 MHz
2026/09/23 09:23:32.229, 0, 96 %, 86 %, 4873 MiB, 49140 MiB, 289.16 W, 300.00 W, 72, 2145 MHz
2026/09/23 09:23:33.229, 0, 98 %, 87 %, 4873 MiB, 49140 MiB, 289.42 W, 300.00 W, 72, 2085 MHz
2026/09/23 09:23:34.230, 0, 98 %, 85 %, 4873 MiB, 49140 MiB, 288.52 W, 300.00 W, 73, 2130 MHz
2026/09/23 09:23:35.231, 0, 96 %, 83 %, 4873 MiB, 49140 MiB, 282.71 W, 300.00 W, 72, 1845 MHz
2026/09/23 09:23:36.231, 0, 9 %, 0 %, 4873 MiB, 49140 MiB, 154.64 W, 300.00 W, 66, 2745 MHz
2026/09/23 09:23:37.232, 0, 0 %, 0 %, 4873 MiB, 49140 MiB, 85.59 W, 300.00 W, 65, 2745 MHz
2026/09/23 09:23:38.232, 0, 93 %, 81 %, 4873 MiB, 49140 MiB, 172.14 W, 300.00 W, 72, 2085 MHz
2026/09/23 09:23:39.233, 0, 95 %, 82 %, 4873 MiB, 49140 MiB, 286.46 W, 300.00 W, 72, 2085 MHz
2026/09/23 09:23:40.234, 0, 95 %, 83 %, 4873 MiB, 49140 MiB, 287.45 W, 300.00 W, 71, 2205 MHz
2026/09/23 09:23:41.235, 0, 95 %, 84 %, 4873 MiB, 49140 MiB, 288.73 W, 300.00 W, 71, 2220 MHz
2026/09/23 09:23:42.235, 0, 96 %, 87 %, 4873 MiB, 49140 MiB, 287.93 W, 300.00 W, 71, 2145 MHz
2026/09/23 09:23:43.236, 0, 98 %, 87 %, 4873 MiB, 49140 MiB, 288.93 W, 300.00 W, 71, 2130 MHz
2026/09/23 09:23:44.237, 0, 97 %, 86 %, 4873 MiB, 49140 MiB, 288.02 W, 300.00 W, 72, 2130 MHz
2026/09/23 09:23:45.238, 0, 97 %, 83 %, 4873 MiB, 49140 MiB, 286.47 W, 300.00 W, 70, 1815 MHz
2026/09/23 09:23:46.239, 0, 95 %, 86 %, 4873 MiB, 49140 MiB, 287.35 W, 300.00 W, 71, 1830 MHz
2026/09/23 09:23:47.239, 0, 87 %, 78 %, 4873 MiB, 49140 MiB, 285.36 W, 300.00 W, 73, 2025 MHz
2026/09/23 09:23:48.240, 0, 95 %, 83 %, 4873 MiB, 49140 MiB, 287.67 W, 300.00 W, 72, 2055 MHz
2026/09/23 09:23:49.241, 0, 95 %, 85 %, 4873 MiB, 49140 MiB, 287.42 W, 300.00 W, 71, 2145 MHz
2026/09/23 09:23:50.241, 0, 98 %, 87 %, 4873 MiB, 49140 MiB, 285.94 W, 300.00 W, 72, 2070 MHz
2026/09/23 09:23:51.242, 0, 96 %, 82 %, 4873 MiB, 49140 MiB, 286.89 W, 300.00 W, 72, 1860 MHz
2026/09/23 09:23:52.243, 0, 90 %, 82 %, 4873 MiB, 49140 MiB, 286.72 W, 300.00 W, 71, 1785 MHz
2026/09/23 09:23:53.244, 0, 94 %, 86 %, 4873 MiB, 49140 MiB, 289.11 W, 300.00 W, 71, 1800 MHz
2026/09/23 09:23:54.245, 0, 81 %, 58 %, 4873 MiB, 49140 MiB, 256.37 W, 300.00 W, 68, 2730 MHz
2026/09/23 09:23:55.245, 0, 0 %, 0 %, 4873 MiB, 49140 MiB, 86.41 W, 300.00 W, 66, 2745 MHz
2026/09/23 09:23:56.246, 0, 0 %, 0 %, 4873 MiB, 49140 MiB, 188.12 W, 300.00 W, 69, 1845 MHz
2026/09/23 09:23:57.247, 0, 95 %, 86 %, 4873 MiB, 49140 MiB, 287.60 W, 300.00 W, 70, 1800 MHz
2026/09/23 09:23:58.249, 0, 97 %, 87 %, 4873 MiB, 49140 MiB, 286.95 W, 300.00 W, 72, 2175 MHz
2026/09/23 09:23:59.250, 0, 98 %, 86 %, 4873 MiB, 49140 MiB, 289.13 W, 300.00 W, 73, 2040 MHz
2026/09/23 09:24:00.251, 0, 97 %, 85 %, 4873 MiB, 49140 MiB, 287.09 W, 300.00 W, 72, 2280 MHz
2026/09/23 09:24:01.252, 0, 97 %, 88 %, 4873 MiB, 49140 MiB, 287.62 W, 300.00 W, 71, 2175 MHz
2026/09/23 09:24:02.254, 0, 95 %, 86 %, 4873 MiB, 49140 MiB, 287.53 W, 300.00 W, 71, 2130 MHz
2026/09/23 09:24:03.255, 0, 92 %, 82 %, 4873 MiB, 49140 MiB, 286.15 W, 300.00 W, 72, 2070 MHz
2026/09/23 09:24:04.256, 0, 93 %, 82 %, 4873 MiB, 49140 MiB, 286.14 W, 300.00 W, 70, 1800 MHz
2026/09/23 09:24:05.257, 0, 95 %, 83 %, 4873 MiB, 49140 MiB, 288.29 W, 300.00 W, 71, 1785 MHz
2026/09/23 09:24:06.257, 0, 95 %, 83 %, 4873 MiB, 49140 MiB, 287.74 W, 300.00 W, 72, 2175 MHz
2026/09/23 09:24:07.259, 0, 96 %, 84 %, 4873 MiB, 49140 MiB, 287.77 W, 300.00 W, 73, 2040 MHz
2026/09/23 09:24:08.259, 0, 96 %, 84 %, 4873 MiB, 49140 MiB, 288.20 W, 300.00 W, 72, 2055 MHz
2026/09/23 09:24:09.260, 0, 96 %, 86 %, 4873 MiB, 49140 MiB, 286.60 W, 300.00 W, 72, 2145 MHz
2026/09/23 09:24:10.261, 0, 94 %, 83 %, 4873 MiB, 49140 MiB, 287.44 W, 300.00 W, 72, 2055 MHz
2026/09/23 09:24:11.262, 0, 95 %, 87 %, 4873 MiB, 49140 MiB, 287.80 W, 300.00 W, 72, 1995 MHz
2026/09/23 09:24:12.262, 0, 82 %, 59 %, 4873 MiB, 49140 MiB, 268.05 W, 300.00 W, 69, 2730 MHz
2026/09/23 09:24:13.263, 0, 0 %, 0 %, 4873 MiB, 49140 MiB, 83.77 W, 300.00 W, 66, 2685 MHz
2026/09/23 09:24:14.264, 0, 0 %, 0 %, 4873 MiB, 49140 MiB, 149.77 W, 300.00 W, 70, 2085 MHz
2026/09/23 09:24:15.266, 0, 96 %, 85 %, 4873 MiB, 49140 MiB, 287.32 W, 300.00 W, 71, 2160 MHz
2026/09/23 09:24:16.266, 0, 97 %, 87 %, 4873 MiB, 49140 MiB, 287.56 W, 300.00 W, 71, 2310 MHz
2026/09/23 09:24:17.267, 0, 97 %, 87 %, 4873 MiB, 49140 MiB, 287.93 W, 300.00 W, 73, 2010 MHz
2026/09/23 09:24:18.268, 0, 98 %, 85 %, 4873 MiB, 49140 MiB, 288.58 W, 300.00 W, 73, 2010 MHz
2026/09/23 09:24:19.270, 0, 97 %, 86 %, 4873 MiB, 49140 MiB, 287.82 W, 300.00 W, 71, 2235 MHz
2026/09/23 09:24:20.270, 0, 96 %, 86 %, 4873 MiB, 49140 MiB, 287.51 W, 300.00 W, 71, 2190 MHz
2026/09/23 09:24:21.271, 0, 93 %, 83 %, 4873 MiB, 49140 MiB, 286.41 W, 300.00 W, 72, 2085 MHz
2026/09/23 09:24:22.272, 0, 94 %, 83 %, 4873 MiB, 49140 MiB, 286.71 W, 300.00 W, 71, 2145 MHz
2026/09/23 09:24:23.275, 0, 94 %, 81 %, 4873 MiB, 49140 MiB, 287.35 W, 300.00 W, 71, 2100 MHz
2026/09/23 09:24:24.276, 0, 97 %, 85 %, 4873 MiB, 49140 MiB, 288.95 W, 300.00 W, 72, 2055 MHz
2026/09/23 09:24:25.276, 0, 97 %, 86 %, 4873 MiB, 49140 MiB, 288.56 W, 300.00 W, 73, 1845 MHz
2026/09/23 09:24:26.277, 0, 98 %, 85 %, 4873 MiB, 49140 MiB, 289.02 W, 300.00 W, 73, 1785 MHz
2026/09/23 09:24:27.278, 0, 96 %, 84 %, 4873 MiB, 49140 MiB, 287.92 W, 300.00 W, 72, 2055 MHz
2026/09/23 09:24:28.279, 0, 97 %, 88 %, 4873 MiB, 49140 MiB, 287.89 W, 300.00 W, 71, 2115 MHz
2026/09/23 09:24:29.280, 0, 95 %, 85 %, 4873 MiB, 49140 MiB, 287.65 W, 300.00 W, 72, 2025 MHz
2026/09/23 09:24:30.281, 0, 85 %, 60 %, 4873 MiB, 49140 MiB, 283.11 W, 300.00 W, 74, 2085 MHz
2026/09/23 09:24:31.282, 0, 0 %, 0 %, 4873 MiB, 49140 MiB, 108.97 W, 300.00 W, 65, 2505 MHz
2026/09/23 09:24:32.282, 0, 0 %, 0 %, 4873 MiB, 49140 MiB, 110.74 W, 300.00 W, 69, 2175 MHz
2026/09/23 09:24:33.283, 0, 94 %, 86 %, 4873 MiB, 49140 MiB, 282.07 W, 300.00 W, 70, 2370 MHz
2026/09/23 09:24:34.284, 0, 94 %, 82 %, 4873 MiB, 49140 MiB, 285.99 W, 300.00 W, 71, 2040 MHz
2026/09/23 09:24:35.285, 0, 97 %, 86 %, 4873 MiB, 49140 MiB, 288.78 W, 300.00 W, 72, 1935 MHz
2026/09/23 09:24:36.286, 0, 98 %, 86 %, 4873 MiB, 49140 MiB, 288.09 W, 300.00 W, 73, 1785 MHz
2026/09/23 09:24:37.289, 0, 97 %, 85 %, 4873 MiB, 49140 MiB, 286.70 W, 300.00 W, 71, 2085 MHz
2026/09/23 09:24:38.290, 0, 95 %, 85 %, 4873 MiB, 49140 MiB, 287.80 W, 300.00 W, 71, 1980 MHz
2026/09/23 09:24:39.294, 0, 93 %, 85 %, 4873 MiB, 49140 MiB, 286.85 W, 300.00 W, 72, 2235 MHz
2026/09/23 09:24:40.294, 0, 95 %, 85 %, 4873 MiB, 49140 MiB, 288.10 W, 300.00 W, 72, 2190 MHz
2026/09/23 09:24:41.295, 0, 97 %, 85 %, 4873 MiB, 49140 MiB, 286.29 W, 300.00 W, 72, 1950 MHz
2026/09/23 09:24:42.297, 0, 97 %, 85 %, 4873 MiB, 49140 MiB, 289.27 W, 300.00 W, 72, 1815 MHz
2026/09/23 09:24:43.297, 0, 97 %, 85 %, 4873 MiB, 49140 MiB, 288.76 W, 300.00 W, 73, 1770 MHz
2026/09/23 09:24:44.299, 0, 97 %, 85 %, 4873 MiB, 49140 MiB, 287.79 W, 300.00 W, 72, 1965 MHz
2026/09/23 09:24:45.300, 0, 98 %, 87 %, 4873 MiB, 49140 MiB, 288.17 W, 300.00 W, 72, 2130 MHz
2026/09/23 09:24:46.302, 0, 96 %, 87 %, 4873 MiB, 49140 MiB, 287.58 W, 300.00 W, 71, 2040 MHz
2026/09/23 09:24:47.302, 0, 93 %, 84 %, 4873 MiB, 49140 MiB, 284.45 W, 300.00 W, 71, 2160 MHz
2026/09/23 09:24:48.303, 0, 92 %, 79 %, 4873 MiB, 49140 MiB, 285.59 W, 300.00 W, 73, 1980 MHz
2026/09/23 09:24:49.304, 0, 10 %, 0 %, 4873 MiB, 49140 MiB, 148.68 W, 300.00 W, 65, 2505 MHz
2026/09/23 09:24:50.304, 0, 0 %, 0 %, 4873 MiB, 49140 MiB, 72.63 W, 300.00 W, 64, 2370 MHz
2026/09/23 09:24:51.305, 0, 95 %, 87 %, 4873 MiB, 49140 MiB, 286.81 W, 300.00 W, 71, 2235 MHz
2026/09/23 09:24:52.306, 0, 95 %, 86 %, 4873 MiB, 49140 MiB, 288.16 W, 300.00 W, 71, 2190 MHz
2026/09/23 09:24:53.308, 0, 95 %, 84 %, 4873 MiB, 49140 MiB, 287.42 W, 300.00 W, 70, 2145 MHz
2026/09/23 09:24:54.309, 0, 92 %, 80 %, 4873 MiB, 49140 MiB, 287.58 W, 300.00 W, 71, 2100 MHz
2026/09/23 09:24:55.310, 0, 97 %, 86 %, 4873 MiB, 49140 MiB, 288.34 W, 300.00 W, 72, 1950 MHz
2026/09/23 09:24:56.310, 0, 98 %, 86 %, 4873 MiB, 49140 MiB, 287.62 W, 300.00 W, 73, 1785 MHz
2026/09/23 09:24:57.312, 0, 98 %, 85 %, 4873 MiB, 49140 MiB, 288.36 W, 300.00 W, 72, 1950 MHz
2026/09/23 09:24:58.313, 0, 96 %, 85 %, 4873 MiB, 49140 MiB, 287.18 W, 300.00 W, 71, 2190 MHz
2026/09/23 09:24:59.313, 0, 94 %, 84 %, 4873 MiB, 49140 MiB, 284.96 W, 300.00 W, 72, 2250 MHz
2026/09/23 09:25:00.314, 0, 91 %, 83 %, 4873 MiB, 49140 MiB, 286.22 W, 300.00 W, 71, 2190 MHz
2026/09/23 09:25:01.315, 0, 96 %, 85 %, 4873 MiB, 49140 MiB, 284.86 W, 300.00 W, 72, 2085 MHz
2026/09/23 09:25:02.315, 0, 97 %, 86 %, 4873 MiB, 49140 MiB, 288.69 W, 300.00 W, 73, 1875 MHz
2026/09/23 09:25:03.316, 0, 97 %, 86 %, 4873 MiB, 49140 MiB, 288.70 W, 300.00 W, 73, 1830 MHz
2026/09/23 09:25:04.317, 0, 96 %, 83 %, 4873 MiB, 49140 MiB, 288.73 W, 300.00 W, 72, 1920 MHz
2026/09/23 09:25:05.318, 0, 97 %, 85 %, 4873 MiB, 49140 MiB, 289.05 W, 300.00 W, 72, 2145 MHz
2026/09/23 09:25:06.319, 0, 97 %, 88 %, 4873 MiB, 49140 MiB, 284.92 W, 300.00 W, 73, 2310 MHz
2026/09/23 09:25:07.319, 0, 49 %, 34 %, 4873 MiB, 49140 MiB, 186.15 W, 300.00 W, 66, 2745 MHz
2026/09/23 09:25:08.320, 0, 0 %, 0 %, 4873 MiB, 49140 MiB, 86.55 W, 300.00 W, 66, 2745 MHz
2026/09/23 09:25:09.320, 0, 96 %, 85 %, 4873 MiB, 49140 MiB, 218.99 W, 300.00 W, 71, 1860 MHz
2026/09/23 09:25:10.321, 0, 97 %, 85 %, 4873 MiB, 49140 MiB, 288.30 W, 300.00 W, 72, 2205 MHz
2026/09/23 09:25:11.322, 0, 97 %, 85 %, 4873 MiB, 49140 MiB, 285.94 W, 300.00 W, 71, 2175 MHz
2026/09/23 09:25:12.323, 0, 97 %, 87 %, 4873 MiB, 49140 MiB, 286.06 W, 300.00 W, 71, 1890 MHz
2026/09/23 09:25:13.323, 0, 95 %, 86 %, 4873 MiB, 49140 MiB, 285.30 W, 300.00 W, 72, 2100 MHz
2026/09/23 09:25:14.324, 0, 94 %, 85 %, 4873 MiB, 49140 MiB, 285.95 W, 300.00 W, 72, 2265 MHz
2026/09/23 09:25:15.325, 0, 95 %, 84 %, 4873 MiB, 49140 MiB, 288.64 W, 300.00 W, 71, 2190 MHz
2026/09/23 09:25:16.326, 0, 95 %, 84 %, 4873 MiB, 49140 MiB, 288.60 W, 300.00 W, 71, 2070 MHz
2026/09/23 09:25:17.327, 0, 95 %, 83 %, 4873 MiB, 49140 MiB, 287.11 W, 300.00 W, 72, 2130 MHz
2026/09/23 09:25:18.327, 0, 97 %, 86 %, 4873 MiB, 49140 MiB, 288.61 W, 300.00 W, 72, 2175 MHz
2026/09/23 09:25:19.328, 0, 98 %, 87 %, 4873 MiB, 49140 MiB, 289.33 W, 300.00 W, 72, 2145 MHz
2026/09/23 09:25:20.329, 0, 94 %, 82 %, 4873 MiB, 49140 MiB, 288.80 W, 300.00 W, 72, 2070 MHz
2026/09/23 09:25:21.329, 0, 98 %, 86 %, 4873 MiB, 49140 MiB, 288.14 W, 300.00 W, 72, 1965 MHz
2026/09/23 09:25:22.330, 0, 96 %, 87 %, 4873 MiB, 49140 MiB, 287.30 W, 300.00 W, 71, 1785 MHz
2026/09/23 09:25:23.331, 0, 95 %, 84 %, 4873 MiB, 49140 MiB, 287.11 W, 300.00 W, 72, 2115 MHz
2026/09/23 09:25:24.332, 0, 94 %, 85 %, 4873 MiB, 49140 MiB, 287.25 W, 300.00 W, 73, 1830 MHz
2026/09/23 09:25:25.332, 0, 86 %, 61 %, 4873 MiB, 49140 MiB, 212.22 W, 300.00 W, 66, 2745 MHz
2026/09/23 09:25:26.333, 0, 0 %, 0 %, 4873 MiB, 49140 MiB, 86.65 W, 300.00 W, 66, 2745 MHz
2026/09/23 09:25:27.334, 0, 94 %, 86 %, 4873 MiB, 49140 MiB, 203.95 W, 300.00 W, 72, 2220 MHz
2026/09/23 09:25:28.335, 0, 94 %, 84 %, 4873 MiB, 49140 MiB, 290.25 W, 300.00 W, 73, 2040 MHz
2026/09/23 09:25:29.336, 0, 95 %, 82 %, 4873 MiB, 49140 MiB, 291.16 W, 300.00 W, 72, 2025 MHz
2026/09/23 09:25:30.336, 0, 96 %, 84 %, 4873 MiB, 49140 MiB, 288.30 W, 300.00 W, 72, 2205 MHz
2026/09/23 09:25:31.338, 0, 95 %, 84 %, 4873 MiB, 49140 MiB, 287.37 W, 300.00 W, 71, 2115 MHz
2026/09/23 09:25:32.339, 0, 97 %, 86 %, 4873 MiB, 49140 MiB, 287.67 W, 300.00 W, 70, 2025 MHz
2026/09/23 09:25:33.340, 0, 95 %, 85 %, 4873 MiB, 49140 MiB, 285.91 W, 300.00 W, 72, 1935 MHz
2026/09/23 09:25:34.340, 0, 94 %, 84 %, 4873 MiB, 49140 MiB, 287.19 W, 300.00 W, 72, 2205 MHz
2026/09/23 09:25:35.341, 0, 95 %, 83 %, 4873 MiB, 49140 MiB, 287.81 W, 300.00 W, 73, 1980 MHz
2026/09/23 09:25:36.342, 0, 95 %, 82 %, 4873 MiB, 49140 MiB, 289.07 W, 300.00 W, 72, 2055 MHz
2026/09/23 09:25:37.344, 0, 97 %, 85 %, 4873 MiB, 49140 MiB, 289.42 W, 300.00 W, 71, 2235 MHz
2026/09/23 09:25:38.344, 0, 98 %, 86 %, 4873 MiB, 49140 MiB, 288.29 W, 300.00 W, 72, 2115 MHz
2026/09/23 09:25:39.345, 0, 97 %, 85 %, 4873 MiB, 49140 MiB, 287.88 W, 300.00 W, 70, 1875 MHz
2026/09/23 09:25:40.347, 0, 95 %, 85 %, 4873 MiB, 49140 MiB, 288.05 W, 300.00 W, 72, 1770 MHz
2026/09/23 09:25:41.349, 0, 94 %, 85 %, 4873 MiB, 49140 MiB, 287.16 W, 300.00 W, 73, 2145 MHz
2026/09/23 09:25:42.350, 0, 95 %, 85 %, 4873 MiB, 49140 MiB, 288.29 W, 300.00 W, 73, 2055 MHz
2026/09/23 09:25:43.351, 0, 79 %, 57 %, 4873 MiB, 49140 MiB, 246.10 W, 300.00 W, 67, 2745 MHz
2026/09/23 09:25:44.351, 0, 0 %, 0 %, 4873 MiB, 49140 MiB, 155.59 W, 300.00 W, 71, 2190 MHz
2026/09/23 09:25:45.352, 0, 97 %, 86 %, 4873 MiB, 49140 MiB, 293.65 W, 300.00 W, 72, 2160 MHz
2026/09/23 09:25:46.353, 0, 97 %, 85 %, 4873 MiB, 49140 MiB, 293.17 W, 300.00 W, 72, 2100 MHz
2026/09/23 09:25:47.354, 0, 97 %, 85 %, 4873 MiB, 49140 MiB, 294.66 W, 300.00 W, 72, 2085 MHz
2026/09/23 09:25:48.355, 0, 95 %, 85 %, 4873 MiB, 49140 MiB, 292.79 W, 300.00 W, 72, 2025 MHz
2026/09/23 09:25:49.355, 0, 97 %, 88 %, 4873 MiB, 49140 MiB, 293.83 W, 300.00 W, 71, 1905 MHz
2026/09/23 09:25:50.356, 0, 94 %, 85 %, 4873 MiB, 49140 MiB, 292.61 W, 300.00 W, 71, 1815 MHz
2026/09/23 09:25:51.357, 0, 92 %, 82 %, 4873 MiB, 49140 MiB, 291.84 W, 300.00 W, 73, 2085 MHz
2026/09/23 09:25:52.358, 0, 95 %, 87 %, 4873 MiB, 49140 MiB, 293.30 W, 300.00 W, 73, 2175 MHz
2026/09/23 09:25:53.359, 0, 95 %, 86 %, 4873 MiB, 49140 MiB, 293.50 W, 300.00 W, 73, 2235 MHz
2026/09/23 09:25:54.360, 0, 91 %, 82 %, 4873 MiB, 49140 MiB, 292.26 W, 300.00 W, 74, 2055 MHz
2026/09/23 09:25:55.362, 0, 94 %, 82 %, 4873 MiB, 49140 MiB, 293.74 W, 300.00 W, 73, 2010 MHz
2026/09/23 09:25:56.363, 0, 95 %, 83 %, 4873 MiB, 49140 MiB, 293.27 W, 300.00 W, 72, 2100 MHz
2026/09/23 09:25:57.364, 0, 96 %, 84 %, 4873 MiB, 49140 MiB, 294.48 W, 300.00 W, 72, 2265 MHz
2026/09/23 09:25:58.364, 0, 96 %, 86 %, 4873 MiB, 49140 MiB, 292.90 W, 300.00 W, 73, 2025 MHz
2026/09/23 09:25:59.365, 0, 98 %, 85 %, 4873 MiB, 49140 MiB, 294.91 W, 300.00 W, 73, 2040 MHz
2026/09/23 09:26:00.366, 0, 74 %, 52 %, 4873 MiB, 49140 MiB, 286.11 W, 300.00 W, 72, 2160 MHz
2026/09/23 09:26:01.367, 0, 0 %, 0 %, 4873 MiB, 49140 MiB, 121.12 W, 300.00 W, 66, 2745 MHz
2026/09/23 09:26:02.368, 0, 0 %, 0 %, 4873 MiB, 49140 MiB, 119.28 W, 300.00 W, 71, 1770 MHz
2026/09/23 09:26:03.369, 0, 96 %, 84 %, 4873 MiB, 49140 MiB, 287.10 W, 300.00 W, 71, 2145 MHz
2026/09/23 09:26:04.370, 0, 98 %, 86 %, 4873 MiB, 49140 MiB, 288.44 W, 300.00 W, 72, 2085 MHz
2026/09/23 09:26:05.371, 0, 97 %, 88 %, 4873 MiB, 49140 MiB, 285.43 W, 300.00 W, 71, 2160 MHz
2026/09/23 09:26:06.372, 0, 94 %, 84 %, 4873 MiB, 49140 MiB, 286.80 W, 300.00 W, 72, 2085 MHz
2026/09/23 09:26:07.372, 0, 95 %, 85 %, 4873 MiB, 49140 MiB, 286.86 W, 300.00 W, 73, 1845 MHz
2026/09/23 09:26:08.373, 0, 94 %, 82 %, 4873 MiB, 49140 MiB, 288.10 W, 300.00 W, 72, 1815 MHz
2026/09/23 09:26:09.374, 0, 96 %, 85 %, 4873 MiB, 49140 MiB, 286.98 W, 300.00 W, 72, 1950 MHz
2026/09/23 09:26:10.375, 0, 97 %, 86 %, 4873 MiB, 49140 MiB, 287.50 W, 300.00 W, 71, 2160 MHz
2026/09/23 09:26:11.375, 0, 96 %, 86 %, 4873 MiB, 49140 MiB, 288.07 W, 300.00 W, 71, 2115 MHz
2026/09/23 09:26:12.376, 0, 94 %, 84 %, 4873 MiB, 49140 MiB, 286.11 W, 300.00 W, 73, 1890 MHz
2026/09/23 09:26:13.378, 0, 87 %, 77 %, 4873 MiB, 49140 MiB, 286.48 W, 300.00 W, 72, 2160 MHz
2026/09/23 09:26:14.379, 0, 97 %, 86 %, 4873 MiB, 49140 MiB, 286.77 W, 300.00 W, 72, 2025 MHz
2026/09/23 09:26:15.380, 0, 96 %, 85 %, 4873 MiB, 49140 MiB, 287.69 W, 300.00 W, 71, 2145 MHz
2026/09/23 09:26:16.381, 0, 95 %, 84 %, 4873 MiB, 49140 MiB, 287.99 W, 300.00 W, 72, 1995 MHz
2026/09/23 09:26:17.382, 0, 95 %, 87 %, 4873 MiB, 49140 MiB, 287.91 W, 300.00 W, 74, 1860 MHz
2026/09/23 09:26:18.383, 0, 94 %, 82 %, 4873 MiB, 49140 MiB, 287.02 W, 300.00 W, 74, 1800 MHz
2026/09/23 09:26:19.383, 0, 8 %, 0 %, 4873 MiB, 49140 MiB, 167.95 W, 300.00 W, 66, 2745 MHz
2026/09/23 09:26:20.384, 0, 0 %, 0 %, 4873 MiB, 49140 MiB, 86.61 W, 300.00 W, 71, 2085 MHz
2026/09/23 09:26:21.385, 0, 95 %, 82 %, 4873 MiB, 49140 MiB, 231.11 W, 300.00 W, 71, 2115 MHz
2026/09/23 09:26:22.387, 0, 96 %, 85 %, 4873 MiB, 49140 MiB, 288.93 W, 300.00 W, 71, 2160 MHz
2026/09/23 09:26:23.387, 0, 97 %, 86 %, 4873 MiB, 49140 MiB, 289.26 W, 300.00 W, 71, 2010 MHz
2026/09/23 09:26:24.388, 0, 97 %, 85 %, 4873 MiB, 49140 MiB, 287.88 W, 300.00 W, 70, 2385 MHz
2026/09/23 09:26:25.391, 0, 96 %, 86 %, 4873 MiB, 49140 MiB, 285.77 W, 300.00 W, 72, 2115 MHz
2026/09/23 09:26:26.392, 0, 91 %, 82 %, 4873 MiB, 49140 MiB, 287.01 W, 300.00 W, 73, 1800 MHz
2026/09/23 09:26:27.393, 0, 94 %, 82 %, 4873 MiB, 49140 MiB, 288.68 W, 300.00 W, 73, 1770 MHz
2026/09/23 09:26:28.394, 0, 94 %, 82 %, 4873 MiB, 49140 MiB, 288.78 W, 300.00 W, 72, 2220 MHz
2026/09/23 09:26:29.395, 0, 96 %, 84 %, 4873 MiB, 49140 MiB, 286.52 W, 300.00 W, 72, 2100 MHz
2026/09/23 09:26:30.395, 0, 97 %, 87 %, 4873 MiB, 49140 MiB, 288.44 W, 300.00 W, 71, 2190 MHz
2026/09/23 09:26:31.396, 0, 96 %, 86 %, 4873 MiB, 49140 MiB, 287.17 W, 300.00 W, 72, 2025 MHz
2026/09/23 09:26:32.397, 0, 94 %, 85 %, 4873 MiB, 49140 MiB, 287.93 W, 300.00 W, 73, 1920 MHz
2026/09/23 09:26:33.397, 0, 91 %, 81 %, 4873 MiB, 49140 MiB, 287.74 W, 300.00 W, 72, 1800 MHz
2026/09/23 09:26:34.398, 0, 96 %, 83 %, 4873 MiB, 49140 MiB, 288.72 W, 300.00 W, 72, 2175 MHz
2026/09/23 09:26:35.399, 0, 97 %, 86 %, 4873 MiB, 49140 MiB, 289.36 W, 300.00 W, 72, 1965 MHz
2026/09/23 09:26:36.399, 0, 98 %, 85 %, 4873 MiB, 49140 MiB, 286.73 W, 300.00 W, 74, 1935 MHz
2026/09/23 09:26:37.400, 0, 87 %, 62 %, 4873 MiB, 49140 MiB, 196.03 W, 300.00 W, 67, 2745 MHz
2026/09/23 09:26:38.400, 0, 0 %, 0 %, 4873 MiB, 49140 MiB, 86.69 W, 300.00 W, 66, 2745 MHz
2026/09/23 09:26:39.401, 0, 94 %, 85 %, 4873 MiB, 49140 MiB, 203.18 W, 300.00 W, 72, 1905 MHz
2026/09/23 09:26:40.402, 0, 94 %, 82 %, 4873 MiB, 49140 MiB, 284.84 W, 300.00 W, 71, 2115 MHz
2026/09/23 09:26:41.402, 0, 98 %, 86 %, 4873 MiB, 49140 MiB, 288.40 W, 300.00 W, 71, 2265 MHz
2026/09/23 09:26:42.403, 0, 98 %, 85 %, 4873 MiB, 49140 MiB, 287.55 W, 300.00 W, 72, 2190 MHz
2026/09/23 09:26:43.405, 0, 97 %, 88 %, 4873 MiB, 49140 MiB, 288.29 W, 300.00 W, 71, 2160 MHz
2026/09/23 09:26:44.405, 0, 95 %, 85 %, 4873 MiB, 49140 MiB, 287.40 W, 300.00 W, 72, 2070 MHz
2026/09/23 09:26:45.407, 0, 94 %, 85 %, 4873 MiB, 49140 MiB, 286.67 W, 300.00 W, 73, 1800 MHz
2026/09/23 09:26:46.408, 0, 95 %, 83 %, 4873 MiB, 49140 MiB, 289.07 W, 300.00 W, 73, 1800 MHz
2026/09/23 09:26:47.409, 0, 95 %, 83 %, 4873 MiB, 49140 MiB, 288.35 W, 300.00 W, 72, 2055 MHz
2026/09/23 09:26:48.410, 0, 95 %, 83 %, 4873 MiB, 49140 MiB, 289.18 W, 300.00 W, 72, 1815 MHz
2026/09/23 09:26:49.412, 0, 96 %, 84 %, 4873 MiB, 49140 MiB, 289.69 W, 300.00 W, 72, 1785 MHz
2026/09/23 09:26:50.414, 0, 97 %, 85 %, 4873 MiB, 49140 MiB, 289.38 W, 300.00 W, 73, 2085 MHz
2026/09/23 09:26:51.415, 0, 97 %, 87 %, 4873 MiB, 49140 MiB, 288.16 W, 300.00 W, 71, 1980 MHz
2026/09/23 09:26:52.416, 0, 94 %, 83 %, 4873 MiB, 49140 MiB, 287.36 W, 300.00 W, 72, 2130 MHz
2026/09/23 09:26:53.417, 0, 95 %, 84 %, 4873 MiB, 49140 MiB, 288.42 W, 300.00 W, 74, 2130 MHz
2026/09/23 09:26:54.417, 0, 94 %, 82 %, 4873 MiB, 49140 MiB, 288.92 W, 300.00 W, 73, 2145 MHz
2026/09/23 09:26:55.418, 0, 77 %, 54 %, 4873 MiB, 49140 MiB, 236.38 W, 300.00 W, 67, 2745 MHz
2026/09/23 09:26:56.419, 0, 0 %, 0 %, 4873 MiB, 49140 MiB, 87.10 W, 300.00 W, 66, 2745 MHz
2026/09/23 09:26:57.419, 0, 0 %, 0 %, 4873 MiB, 49140 MiB, 174.85 W, 300.00 W, 71, 1815 MHz
2026/09/23 09:26:58.420, 0, 98 %, 85 %, 4873 MiB, 49140 MiB, 286.42 W, 300.00 W, 72, 2115 MHz
2026/09/23 09:26:59.421, 0, 97 %, 87 %, 4873 MiB, 49140 MiB, 287.11 W, 300.00 W, 70, 2010 MHz
2026/09/23 09:27:00.421, 0, 95 %, 85 %, 4873 MiB, 49140 MiB, 286.53 W, 300.00 W, 72, 2220 MHz
2026/09/23 09:27:01.423, 0, 94 %, 86 %, 4873 MiB, 49140 MiB, 286.96 W, 300.00 W, 73, 2130 MHz
2026/09/23 09:27:02.423, 0, 94 %, 82 %, 4873 MiB, 49140 MiB, 287.79 W, 300.00 W, 71, 2070 MHz
2026/09/23 09:27:03.424, 0, 97 %, 85 %, 4873 MiB, 49140 MiB, 288.93 W, 300.00 W, 71, 1785 MHz
2026/09/23 09:27:04.425, 0, 98 %, 85 %, 4873 MiB, 49140 MiB, 290.82 W, 300.00 W, 72, 1800 MHz
2026/09/23 09:27:05.426, 0, 97 %, 84 %, 4873 MiB, 49140 MiB, 289.70 W, 300.00 W, 72, 1995 MHz
2026/09/23 09:27:06.427, 0, 97 %, 85 %, 4873 MiB, 49140 MiB, 288.84 W, 300.00 W, 71, 2115 MHz
2026/09/23 09:27:07.428, 0, 96 %, 86 %, 4873 MiB, 49140 MiB, 288.65 W, 300.00 W, 71, 1950 MHz
2026/09/23 09:27:08.429, 0, 89 %, 79 %, 4873 MiB, 49140 MiB, 284.78 W, 300.00 W, 72, 2085 MHz
2026/09/23 09:27:09.429, 0, 95 %, 82 %, 4873 MiB, 49140 MiB, 289.02 W, 300.00 W, 72, 1830 MHz
2026/09/23 09:27:10.431, 0, 96 %, 84 %, 4873 MiB, 49140 MiB, 287.41 W, 300.00 W, 72, 2130 MHz
2026/09/23 09:27:11.432, 0, 97 %, 87 %, 4873 MiB, 49140 MiB, 289.30 W, 300.00 W, 71, 2100 MHz
2026/09/23 09:27:12.432, 0, 95 %, 85 %, 4873 MiB, 49140 MiB, 287.72 W, 300.00 W, 72, 2115 MHz
2026/09/23 09:27:13.433, 0, 78 %, 55 %, 4873 MiB, 49140 MiB, 282.05 W, 300.00 W, 73, 2295 MHz
2026/09/23 09:27:14.433, 0, 0 %, 0 %, 4873 MiB, 49140 MiB, 112.50 W, 300.00 W, 66, 2745 MHz
2026/09/23 09:27:15.434, 0, 0 %, 0 %, 4873 MiB, 49140 MiB, 136.05 W, 300.00 W, 70, 2010 MHz
2026/09/23 09:27:16.434, 0, 95 %, 84 %, 4873 MiB, 49140 MiB, 285.14 W, 300.00 W, 72, 2235 MHz
2026/09/23 09:27:17.436, 0, 96 %, 83 %, 4873 MiB, 49140 MiB, 286.70 W, 300.00 W, 73, 2100 MHz
2026/09/23 09:27:18.436, 0, 96 %, 83 %, 4873 MiB, 49140 MiB, 288.07 W, 300.00 W, 72, 1890 MHz
2026/09/23 09:27:19.437, 0, 96 %, 85 %, 4873 MiB, 49140 MiB, 286.50 W, 300.00 W, 72, 1800 MHz
2026/09/23 09:27:20.438, 0, 97 %, 85 %, 4873 MiB, 49140 MiB, 285.58 W, 300.00 W, 71, 2025 MHz
2026/09/23 09:27:21.439, 0, 92 %, 82 %, 4873 MiB, 49140 MiB, 286.38 W, 300.00 W, 72, 2220 MHz
2026/09/23 09:27:22.440, 0, 93 %, 82 %, 4873 MiB, 49140 MiB, 286.20 W, 300.00 W, 72, 2100 MHz
2026/09/23 09:27:23.441, 0, 95 %, 82 %, 4873 MiB, 49140 MiB, 288.23 W, 300.00 W, 72, 1845 MHz
2026/09/23 09:27:24.442, 0, 98 %, 85 %, 4873 MiB, 49140 MiB, 287.25 W, 300.00 W, 73, 2235 MHz
2026/09/23 09:27:25.443, 0, 89 %, 80 %, 4873 MiB, 49140 MiB, 286.62 W, 300.00 W, 72, 2055 MHz
2026/09/23 09:27:26.443, 0, 94 %, 85 %, 4873 MiB, 49140 MiB, 288.12 W, 300.00 W, 73, 2205 MHz
2026/09/23 09:27:27.444, 0, 95 %, 82 %, 4873 MiB, 49140 MiB, 287.77 W, 300.00 W, 72, 1980 MHz
2026/09/23 09:27:28.445, 0, 97 %, 84 %, 4873 MiB, 49140 MiB, 289.21 W, 300.00 W, 72, 1830 MHz
2026/09/23 09:27:29.446, 0, 97 %, 85 %, 4873 MiB, 49140 MiB, 289.82 W, 300.00 W, 72, 1785 MHz
2026/09/23 09:27:30.447, 0, 97 %, 85 %, 4873 MiB, 49140 MiB, 289.26 W, 300.00 W, 73, 2100 MHz
2026/09/23 09:27:31.447, 0, 96 %, 87 %, 4873 MiB, 49140 MiB, 284.72 W, 300.00 W, 73, 1905 MHz
2026/09/23 09:27:32.449, 0, 10 %, 0 %, 4873 MiB, 49140 MiB, 152.09 W, 300.00 W, 66, 2745 MHz
2026/09/23 09:27:33.449, 0, 0 %, 0 %, 4873 MiB, 49140 MiB, 109.58 W, 300.00 W, 70, 2070 MHz
2026/09/23 09:27:34.450, 0, 94 %, 81 %, 4873 MiB, 49140 MiB, 287.84 W, 300.00 W, 71, 2010 MHz
2026/09/23 09:27:35.451, 0, 98 %, 86 %, 4873 MiB, 49140 MiB, 289.25 W, 300.00 W, 71, 1815 MHz
2026/09/23 09:27:36.452, 0, 96 %, 85 %, 4873 MiB, 49140 MiB, 288.05 W, 300.00 W, 72, 1905 MHz
2026/09/23 09:27:37.453, 0, 98 %, 86 %, 4873 MiB, 49140 MiB, 289.53 W, 300.00 W, 72, 1995 MHz
2026/09/23 09:27:38.454, 0, 97 %, 87 %, 4873 MiB, 49140 MiB, 287.45 W, 300.00 W, 71, 1770 MHz
2026/09/23 09:27:39.454, 0, 94 %, 84 %, 4873 MiB, 49140 MiB, 287.32 W, 300.00 W, 72, 2130 MHz
2026/09/23 09:27:40.455, 0, 95 %, 85 %, 4873 MiB, 49140 MiB, 286.45 W, 300.00 W, 73, 1965 MHz
2026/09/23 09:27:41.456, 0, 96 %, 83 %, 4873 MiB, 49140 MiB, 288.90 W, 300.00 W, 72, 2190 MHz
2026/09/23 09:27:42.457, 0, 96 %, 85 %, 4873 MiB, 49140 MiB, 286.91 W, 300.00 W, 72, 2040 MHz
2026/09/23 09:27:43.459, 0, 95 %, 86 %, 4873 MiB, 49140 MiB, 287.40 W, 300.00 W, 71, 1770 MHz
2026/09/23 09:27:44.460, 0, 92 %, 82 %, 4873 MiB, 49140 MiB, 287.22 W, 300.00 W, 72, 2055 MHz
2026/09/23 09:27:45.461, 0, 94 %, 83 %, 4873 MiB, 49140 MiB, 286.51 W, 300.00 W, 73, 1995 MHz
2026/09/23 09:27:46.462, 0, 92 %, 80 %, 4873 MiB, 49140 MiB, 287.58 W, 300.00 W, 72, 2115 MHz
2026/09/23 09:27:47.462, 0, 93 %, 84 %, 4873 MiB, 49140 MiB, 288.88 W, 300.00 W, 71, 1845 MHz
2026/09/23 09:27:48.463, 0, 96 %, 86 %, 4873 MiB, 49140 MiB, 289.55 W, 300.00 W, 71, 1740 MHz
2026/09/23 09:27:49.465, 0, 95 %, 84 %, 4873 MiB, 49140 MiB, 286.05 W, 300.00 W, 73, 2145 MHz
2026/09/23 09:27:50.466, 0, 0 %, 0 %, 4873 MiB, 49140 MiB, 175.39 W, 300.00 W, 66, 2745 MHz
2026/09/23 09:27:51.467, 0, 94 %, 83 %, 4873 MiB, 49140 MiB, 225.29 W, 300.00 W, 71, 2100 MHz
2026/09/23 09:27:52.467, 0, 96 %, 84 %, 4873 MiB, 49140 MiB, 289.31 W, 300.00 W, 71, 2100 MHz
2026/09/23 09:27:53.469, 0, 97 %, 85 %, 4873 MiB, 49140 MiB, 287.61 W, 300.00 W, 72, 2025 MHz
2026/09/23 09:27:54.470, 0, 94 %, 84 %, 4873 MiB, 49140 MiB, 285.60 W, 300.00 W, 71, 1800 MHz
2026/09/23 09:27:55.471, 0, 95 %, 85 %, 4873 MiB, 49140 MiB, 288.34 W, 300.00 W, 73, 1980 MHz
2026/09/23 09:27:56.471, 0, 95 %, 83 %, 4873 MiB, 49140 MiB, 288.75 W, 300.00 W, 72, 2115 MHz
2026/09/23 09:27:57.472, 0, 98 %, 86 %, 4873 MiB, 49140 MiB, 288.40 W, 300.00 W, 72, 2130 MHz
2026/09/23 09:27:58.473, 0, 96 %, 83 %, 4873 MiB, 49140 MiB, 288.06 W, 300.00 W, 73, 1995 MHz
2026/09/23 09:27:59.474, 0, 96 %, 86 %, 4873 MiB, 49140 MiB, 288.12 W, 300.00 W, 71, 1770 MHz
2026/09/23 09:28:00.474, 0, 94 %, 84 %, 4873 MiB, 49140 MiB, 288.15 W, 300.00 W, 73, 2115 MHz
2026/09/23 09:28:01.475, 0, 95 %, 82 %, 4873 MiB, 49140 MiB, 287.49 W, 300.00 W, 72, 2145 MHz
2026/09/23 09:28:02.476, 0, 96 %, 84 %, 4873 MiB, 49140 MiB, 288.86 W, 300.00 W, 72, 2145 MHz
2026/09/23 09:28:03.477, 0, 98 %, 85 %, 4873 MiB, 49140 MiB, 287.05 W, 300.00 W, 72, 1845 MHz
2026/09/23 09:28:04.478, 0, 94 %, 84 %, 4873 MiB, 49140 MiB, 288.58 W, 300.00 W, 72, 1770 MHz
2026/09/23 09:28:05.479, 0, 95 %, 85 %, 4873 MiB, 49140 MiB, 289.93 W, 300.00 W, 73, 2145 MHz
2026/09/23 09:28:06.480, 0, 93 %, 82 %, 4873 MiB, 49140 MiB, 288.77 W, 300.00 W, 73, 2040 MHz
2026/09/23 09:28:07.481, 0, 88 %, 61 %, 4873 MiB, 49140 MiB, 229.29 W, 300.00 W, 67, 2745 MHz
2026/09/23 09:28:08.481, 0, 0 %, 0 %, 4873 MiB, 49140 MiB, 174.16 W, 300.00 W, 73, 2160 MHz
2026/09/23 09:28:09.482, 0, 96 %, 85 %, 4873 MiB, 49140 MiB, 286.06 W, 300.00 W, 72, 2100 MHz
2026/09/23 09:28:10.483, 0, 96 %, 86 %, 4873 MiB, 49140 MiB, 287.51 W, 300.00 W, 72, 1905 MHz
2026/09/23 09:28:11.484, 0, 95 %, 81 %, 4873 MiB, 49140 MiB, 288.96 W, 300.00 W, 72, 1755 MHz
2026/09/23 09:28:12.485, 0, 97 %, 87 %, 4873 MiB, 49140 MiB, 289.90 W, 300.00 W, 73, 2130 MHz
2026/09/23 09:28:13.485, 0, 97 %, 86 %, 4873 MiB, 49140 MiB, 288.94 W, 300.00 W, 72, 2085 MHz
2026/09/23 09:28:14.487, 0, 95 %, 84 %, 4873 MiB, 49140 MiB, 288.98 W, 300.00 W, 72, 2160 MHz
2026/09/23 09:28:15.488, 0, 96 %, 86 %, 4873 MiB, 49140 MiB, 287.05 W, 300.00 W, 73, 1980 MHz
2026/09/23 09:28:16.488, 0, 93 %, 81 %, 4873 MiB, 49140 MiB, 288.32 W, 300.00 W, 71, 1725 MHz
2026/09/23 09:28:17.490, 0, 96 %, 84 %, 4873 MiB, 49140 MiB, 288.35 W, 300.00 W, 74, 1995 MHz
2026/09/23 09:28:18.491, 0, 98 %, 83 %, 4873 MiB, 49140 MiB, 288.78 W, 300.00 W, 72, 2085 MHz
2026/09/23 09:28:19.492, 0, 92 %, 83 %, 4873 MiB, 49140 MiB, 288.43 W, 300.00 W, 72, 2100 MHz
2026/09/23 09:28:20.493, 0, 94 %, 85 %, 4873 MiB, 49140 MiB, 287.58 W, 300.00 W, 72, 1845 MHz
2026/09/23 09:28:21.494, 0, 92 %, 80 %, 4873 MiB, 49140 MiB, 287.41 W, 300.00 W, 73, 2160 MHz
2026/09/23 09:28:22.495, 0, 97 %, 86 %, 4873 MiB, 49140 MiB, 288.99 W, 300.00 W, 73, 1980 MHz
2026/09/23 09:28:23.496, 0, 94 %, 84 %, 4873 MiB, 49140 MiB, 289.25 W, 300.00 W, 73, 2130 MHz
2026/09/23 09:28:24.496, 0, 86 %, 60 %, 4873 MiB, 49140 MiB, 284.41 W, 300.00 W, 73, 1905 MHz
2026/09/23 09:28:25.497, 0, 0 %, 0 %, 4873 MiB, 49140 MiB, 136.78 W, 300.00 W, 70, 2250 MHz
2026/09/23 09:28:26.498, 0, 95 %, 84 %, 4873 MiB, 49140 MiB, 282.46 W, 300.00 W, 72, 2085 MHz
2026/09/23 09:28:27.499, 0, 97 %, 86 %, 4873 MiB, 49140 MiB, 289.68 W, 300.00 W, 73, 1890 MHz
2026/09/23 09:28:28.500, 0, 97 %, 86 %, 4873 MiB, 49140 MiB, 288.25 W, 300.00 W, 72, 1920 MHz
2026/09/23 09:28:29.500, 0, 96 %, 85 %, 4873 MiB, 49140 MiB, 289.06 W, 300.00 W, 72, 2100 MHz
2026/09/23 09:28:30.501, 0, 95 %, 86 %, 4873 MiB, 49140 MiB, 287.09 W, 300.00 W, 73, 2190 MHz
2026/09/23 09:28:31.502, 0, 95 %, 82 %, 4873 MiB, 49140 MiB, 287.87 W, 300.00 W, 72, 2040 MHz
2026/09/23 09:28:32.503, 0, 96 %, 86 %, 4873 MiB, 49140 MiB, 289.76 W, 300.00 W, 74, 1710 MHz
2026/09/23 09:28:33.504, 0, 98 %, 83 %, 4873 MiB, 49140 MiB, 289.17 W, 300.00 W, 72, 2115 MHz
2026/09/23 09:28:34.505, 0, 93 %, 84 %, 4873 MiB, 49140 MiB, 289.10 W, 300.00 W, 72, 1995 MHz
2026/09/23 09:28:35.505, 0, 95 %, 86 %, 4873 MiB, 49140 MiB, 288.45 W, 300.00 W, 73, 2130 MHz
2026/09/23 09:28:36.506, 0, 96 %, 82 %, 4873 MiB, 49140 MiB, 288.73 W, 300.00 W, 71, 2100 MHz
2026/09/23 09:28:37.507, 0, 95 %, 84 %, 4873 MiB, 49140 MiB, 289.52 W, 300.00 W, 73, 1890 MHz
2026/09/23 09:28:38.508, 0, 98 %, 87 %, 4873 MiB, 49140 MiB, 290.45 W, 300.00 W, 74, 1740 MHz
2026/09/23 09:28:39.509, 0, 96 %, 84 %, 4873 MiB, 49140 MiB, 287.69 W, 300.00 W, 72, 2040 MHz
2026/09/23 09:28:40.509, 0, 94 %, 85 %, 4873 MiB, 49140 MiB, 287.72 W, 300.00 W, 73, 2205 MHz
2026/09/23 09:28:41.510, 0, 95 %, 81 %, 4873 MiB, 49140 MiB, 284.92 W, 300.00 W, 72, 2385 MHz
2026/09/23 09:28:42.512, 0, 91 %, 63 %, 4873 MiB, 49140 MiB, 192.79 W, 300.00 W, 67, 2745 MHz
2026/09/23 09:28:43.512, 0, 0 %, 0 %, 4873 MiB, 49140 MiB, 87.12 W, 300.00 W, 66, 2745 MHz
2026/09/23 09:28:44.514, 0, 93 %, 84 %, 4873 MiB, 49140 MiB, 224.22 W, 300.00 W, 72, 2190 MHz
2026/09/23 09:28:45.515, 0, 95 %, 81 %, 4873 MiB, 49140 MiB, 288.13 W, 300.00 W, 70, 2130 MHz
2026/09/23 09:28:46.516, 0, 95 %, 84 %, 4873 MiB, 49140 MiB, 288.33 W, 300.00 W, 72, 1890 MHz
2026/09/23 09:28:47.516, 0, 98 %, 86 %, 4873 MiB, 49140 MiB, 287.74 W, 300.00 W, 72, 1995 MHz
2026/09/23 09:28:48.519, 0, 93 %, 84 %, 4873 MiB, 49140 MiB, 287.64 W, 300.00 W, 71, 1965 MHz
2026/09/23 09:28:49.520, 0, 95 %, 86 %, 4873 MiB, 49140 MiB, 288.05 W, 300.00 W, 72, 2190 MHz
2026/09/23 09:28:50.521, 0, 94 %, 81 %, 4873 MiB, 49140 MiB, 287.52 W, 300.00 W, 71, 2115 MHz
2026/09/23 09:28:51.522, 0, 96 %, 85 %, 4873 MiB, 49140 MiB, 288.32 W, 300.00 W, 73, 1845 MHz
2026/09/23 09:28:52.523, 0, 97 %, 83 %, 4873 MiB, 49140 MiB, 287.79 W, 300.00 W, 72, 2070 MHz
2026/09/23 09:28:53.524, 0, 96 %, 87 %, 4873 MiB, 49140 MiB, 287.30 W, 300.00 W, 72, 2070 MHz
2026/09/23 09:28:54.525, 0, 95 %, 84 %, 4873 MiB, 49140 MiB, 286.18 W, 300.00 W, 71, 2145 MHz
2026/09/23 09:28:55.525, 0, 96 %, 85 %, 4873 MiB, 49140 MiB, 287.63 W, 300.00 W, 73, 1845 MHz
2026/09/23 09:28:56.526, 0, 97 %, 83 %, 4873 MiB, 49140 MiB, 288.31 W, 300.00 W, 72, 2025 MHz
2026/09/23 09:28:57.527, 0, 94 %, 85 %, 4873 MiB, 49140 MiB, 286.70 W, 300.00 W, 73, 2130 MHz
2026/09/23 09:28:58.527, 0, 94 %, 82 %, 4873 MiB, 49140 MiB, 287.70 W, 300.00 W, 71, 2115 MHz
2026/09/23 09:28:59.528, 0, 96 %, 84 %, 4873 MiB, 49140 MiB, 288.27 W, 300.00 W, 73, 1875 MHz
2026/09/23 09:29:00.528, 0, 83 %, 57 %, 4873 MiB, 49140 MiB, 226.58 W, 300.00 W, 67, 2745 MHz
2026/09/23 09:29:01.529, 0, 31 %, 29 %, 4873 MiB, 49140 MiB, 185.11 W, 300.00 W, 71, 2055 MHz
2026/09/23 09:29:02.530, 0, 94 %, 85 %, 4873 MiB, 49140 MiB, 288.02 W, 300.00 W, 72, 1995 MHz
2026/09/23 09:29:03.531, 0, 95 %, 84 %, 4873 MiB, 49140 MiB, 287.37 W, 300.00 W, 71, 2145 MHz
2026/09/23 09:29:04.531, 0, 95 %, 83 %, 4873 MiB, 49140 MiB, 289.19 W, 300.00 W, 72, 2010 MHz
2026/09/23 09:29:05.532, 0, 96 %, 86 %, 4873 MiB, 49140 MiB, 290.73 W, 300.00 W, 73, 1785 MHz
2026/09/23 09:29:06.533, 0, 97 %, 85 %, 4873 MiB, 49140 MiB, 288.65 W, 300.00 W, 72, 2070 MHz
2026/09/23 09:29:07.533, 0, 95 %, 86 %, 4873 MiB, 49140 MiB, 288.67 W, 300.00 W, 72, 1995 MHz
2026/09/23 09:29:08.534, 0, 95 %, 86 %, 4873 MiB, 49140 MiB, 287.57 W, 300.00 W, 73, 2190 MHz
2026/09/23 09:29:09.535, 0, 95 %, 81 %, 4873 MiB, 49140 MiB, 287.84 W, 300.00 W, 72, 2010 MHz
2026/09/23 09:29:10.536, 0, 96 %, 87 %, 4873 MiB, 49140 MiB, 289.60 W, 300.00 W, 73, 1770 MHz
2026/09/23 09:29:11.537, 0, 98 %, 83 %, 4873 MiB, 49140 MiB, 288.74 W, 300.00 W, 72, 2070 MHz
2026/09/23 09:29:12.537, 0, 96 %, 86 %, 4873 MiB, 49140 MiB, 288.75 W, 300.00 W, 72, 2055 MHz
2026/09/23 09:29:13.538, 0, 94 %, 85 %, 4873 MiB, 49140 MiB, 287.26 W, 300.00 W, 73, 2160 MHz
2026/09/23 09:29:14.538, 0, 96 %, 82 %, 4873 MiB, 49140 MiB, 287.96 W, 300.00 W, 72, 2190 MHz
2026/09/23 09:29:15.539, 0, 97 %, 86 %, 4873 MiB, 49140 MiB, 289.09 W, 300.00 W, 74, 2085 MHz
2026/09/23 09:29:16.541, 0, 96 %, 84 %, 4873 MiB, 49140 MiB, 288.77 W, 300.00 W, 72, 1725 MHz
2026/09/23 09:29:17.541, 0, 0 %, 0 %, 4873 MiB, 49140 MiB, 195.01 W, 300.00 W, 67, 2655 MHz
2026/09/23 09:29:18.542, 0, 95 %, 86 %, 4873 MiB, 49140 MiB, 202.85 W, 300.00 W, 71, 1770 MHz
2026/09/23 09:29:19.543, 0, 94 %, 84 %, 4873 MiB, 49140 MiB, 287.52 W, 300.00 W, 73, 2115 MHz
2026/09/23 09:29:20.545, 0, 94 %, 83 %, 4873 MiB, 49140 MiB, 287.10 W, 300.00 W, 71, 2010 MHz
2026/09/23 09:29:21.545, 0, 98 %, 86 %, 4873 MiB, 49140 MiB, 288.56 W, 300.00 W, 73, 2115 MHz
2026/09/23 09:29:22.546, 0, 96 %, 85 %, 4873 MiB, 49140 MiB, 288.51 W, 300.00 W, 72, 1905 MHz
2026/09/23 09:29:23.547, 0, 92 %, 83 %, 4873 MiB, 49140 MiB, 287.04 W, 300.00 W, 73, 2085 MHz
2026/09/23 09:29:24.549, 0, 94 %, 81 %, 4873 MiB, 49140 MiB, 286.82 W, 300.00 W, 71, 1965 MHz
2026/09/23 09:29:25.550, 0, 97 %, 86 %, 4873 MiB, 49140 MiB, 289.46 W, 300.00 W, 72, 2145 MHz
2026/09/23 09:29:26.551, 0, 98 %, 85 %, 4873 MiB, 49140 MiB, 289.26 W, 300.00 W, 72, 2100 MHz
2026/09/23 09:29:27.552, 0, 95 %, 85 %, 4873 MiB, 49140 MiB, 289.03 W, 300.00 W, 72, 1890 MHz
2026/09/23 09:29:28.553, 0, 95 %, 86 %, 4873 MiB, 49140 MiB, 287.18 W, 300.00 W, 73, 1980 MHz
2026/09/23 09:29:29.555, 0, 96 %, 84 %, 4873 MiB, 49140 MiB, 286.80 W, 300.00 W, 72, 2055 MHz
2026/09/23 09:29:30.557, 0, 98 %, 85 %, 4873 MiB, 49140 MiB, 288.17 W, 300.00 W, 73, 2085 MHz
2026/09/23 09:29:31.557, 0, 92 %, 83 %, 4873 MiB, 49140 MiB, 287.83 W, 300.00 W, 71, 1815 MHz
2026/09/23 09:29:32.558, 0, 96 %, 85 %, 4873 MiB, 49140 MiB, 287.03 W, 300.00 W, 73, 2085 MHz
2026/09/23 09:29:33.559, 0, 94 %, 81 %, 4873 MiB, 49140 MiB, 288.25 W, 300.00 W, 73, 1965 MHz
2026/09/23 09:29:34.560, 0, 36 %, 25 %, 4873 MiB, 49140 MiB, 272.00 W, 300.00 W, 68, 2730 MHz
2026/09/23 09:29:35.560, 0, 0 %, 0 %, 4873 MiB, 49140 MiB, 95.22 W, 300.00 W, 66, 2745 MHz
2026/09/23 09:29:36.561, 0, 97 %, 86 %, 4873 MiB, 49140 MiB, 174.51 W, 300.00 W, 71, 2145 MHz
2026/09/23 09:29:37.561, 0, 97 %, 83 %, 4873 MiB, 49140 MiB, 288.45 W, 300.00 W, 72, 2055 MHz
2026/09/23 09:29:38.562, 0, 96 %, 86 %, 4873 MiB, 49140 MiB, 287.76 W, 300.00 W, 70, 1800 MHz
2026/09/23 09:29:39.563, 0, 95 %, 86 %, 4873 MiB, 49140 MiB, 288.27 W, 300.00 W, 72, 1830 MHz
2026/09/23 09:29:40.563, 0, 95 %, 85 %, 4873 MiB, 49140 MiB, 288.67 W, 300.00 W, 72, 2100 MHz
2026/09/23 09:29:41.568, 0, 91 %, 80 %, 4873 MiB, 49140 MiB, 286.68 W, 300.00 W, 72, 2205 MHz
2026/09/23 09:29:42.569, 0, 97 %, 86 %, 4873 MiB, 49140 MiB, 289.09 W, 300.00 W, 72, 2130 MHz
2026/09/23 09:29:43.573, 0, 96 %, 84 %, 4873 MiB, 49140 MiB, 288.20 W, 300.00 W, 71, 2025 MHz
2026/09/23 09:29:44.574, 0, 94 %, 85 %, 4873 MiB, 49140 MiB, 287.67 W, 300.00 W, 72, 1800 MHz
2026/09/23 09:29:45.575, 0, 90 %, 77 %, 4873 MiB, 49140 MiB, 287.37 W, 300.00 W, 72, 2250 MHz
2026/09/23 09:29:46.575, 0, 96 %, 86 %, 4873 MiB, 49140 MiB, 288.55 W, 300.00 W, 72, 2190 MHz
2026/09/23 09:29:47.576, 0, 97 %, 83 %, 4873 MiB, 49140 MiB, 288.00 W, 300.00 W, 73, 2010 MHz
2026/09/23 09:29:48.578, 0, 91 %, 82 %, 4873 MiB, 49140 MiB, 287.50 W, 300.00 W, 72, 2010 MHz
2026/09/23 09:29:49.578, 0, 94 %, 80 %, 4873 MiB, 49140 MiB, 286.38 W, 300.00 W, 73, 1995 MHz
2026/09/23 09:29:50.580, 0, 97 %, 87 %, 4873 MiB, 49140 MiB, 289.02 W, 300.00 W, 72, 2175 MHz
2026/09/23 09:29:51.581, 0, 97 %, 83 %, 4873 MiB, 49140 MiB, 288.13 W, 300.00 W, 72, 2085 MHz
2026/09/23 09:29:52.582, 0, 78 %, 56 %, 4873 MiB, 49140 MiB, 282.04 W, 300.00 W, 73, 2325 MHz
2026/09/23 09:29:53.584, 0, 0 %, 0 %, 4873 MiB, 49140 MiB, 120.35 W, 300.00 W, 66, 2745 MHz
2026/09/23 09:29:54.584, 0, 98 %, 88 %, 4873 MiB, 49140 MiB, 140.64 W, 300.00 W, 71, 2130 MHz
2026/09/23 09:29:55.585, 0, 95 %, 83 %, 4873 MiB, 49140 MiB, 286.62 W, 300.00 W, 70, 1950 MHz
2026/09/23 09:29:56.586, 0, 93 %, 84 %, 4873 MiB, 49140 MiB, 287.72 W, 300.00 W, 71, 1800 MHz
2026/09/23 09:29:57.587, 0, 95 %, 87 %, 4873 MiB, 49140 MiB, 287.37 W, 300.00 W, 72, 1920 MHz
2026/09/23 09:29:58.589, 0, 95 %, 85 %, 4873 MiB, 49140 MiB, 288.94 W, 300.00 W, 72, 2070 MHz
2026/09/23 09:29:59.590, 0, 93 %, 80 %, 4873 MiB, 49140 MiB, 287.77 W, 300.00 W, 73, 2040 MHz
2026/09/23 09:30:00.592, 0, 93 %, 82 %, 4873 MiB, 49140 MiB, 288.81 W, 300.00 W, 72, 2115 MHz
2026/09/23 09:30:01.593, 0, 97 %, 86 %, 4873 MiB, 49140 MiB, 288.42 W, 300.00 W, 72, 2250 MHz
2026/09/23 09:30:02.594, 0, 96 %, 86 %, 4873 MiB, 49140 MiB, 287.24 W, 300.00 W, 71, 1815 MHz
2026/09/23 09:30:03.594, 0, 93 %, 84 %, 4873 MiB, 49140 MiB, 288.10 W, 300.00 W, 71, 2115 MHz
2026/09/23 09:30:04.595, 0, 95 %, 86 %, 4873 MiB, 49140 MiB, 287.26 W, 300.00 W, 72, 2010 MHz
2026/09/23 09:30:05.597, 0, 95 %, 82 %, 4873 MiB, 49140 MiB, 288.30 W, 300.00 W, 73, 1770 MHz
2026/09/23 09:30:06.598, 0, 95 %, 84 %, 4873 MiB, 49140 MiB, 289.45 W, 300.00 W, 72, 2025 MHz
2026/09/23 09:30:07.598, 0, 97 %, 86 %, 4873 MiB, 49140 MiB, 290.04 W, 300.00 W, 72, 2055 MHz
2026/09/23 09:30:08.599, 0, 95 %, 86 %, 4873 MiB, 49140 MiB, 286.58 W, 300.00 W, 71, 2115 MHz
2026/09/23 09:30:09.600, 0, 95 %, 86 %, 4873 MiB, 49140 MiB, 288.52 W, 300.00 W, 72, 2025 MHz
2026/09/23 09:30:10.600, 0, 80 %, 57 %, 4873 MiB, 49140 MiB, 280.61 W, 300.00 W, 73, 2175 MHz
2026/09/23 09:30:11.601, 0, 0 %, 0 %, 4873 MiB, 49140 MiB, 147.19 W, 300.00 W, 70, 2460 MHz
2026/09/23 09:30:12.602, 0, 98 %, 83 %, 4873 MiB, 49140 MiB, 267.97 W, 300.00 W, 72, 1965 MHz
2026/09/23 09:30:13.603, 0, 92 %, 84 %, 4873 MiB, 49140 MiB, 287.66 W, 300.00 W, 71, 2130 MHz
2026/09/23 09:30:14.603, 0, 95 %, 84 %, 4873 MiB, 49140 MiB, 287.00 W, 300.00 W, 73, 1890 MHz
2026/09/23 09:30:15.604, 0, 95 %, 82 %, 4873 MiB, 49140 MiB, 288.51 W, 300.00 W, 72, 1770 MHz
2026/09/23 09:30:16.604, 0, 97 %, 87 %, 4873 MiB, 49140 MiB, 288.75 W, 300.00 W, 72, 2070 MHz
2026/09/23 09:30:17.605, 0, 97 %, 83 %, 4873 MiB, 49140 MiB, 289.57 W, 300.00 W, 72, 2040 MHz
2026/09/23 09:30:18.606, 0, 95 %, 84 %, 4873 MiB, 49140 MiB, 288.82 W, 300.00 W, 72, 2160 MHz
2026/09/23 09:30:19.607, 0, 92 %, 83 %, 4873 MiB, 49140 MiB, 286.77 W, 300.00 W, 73, 1935 MHz
2026/09/23 09:30:20.607, 0, 95 %, 83 %, 4873 MiB, 49140 MiB, 287.67 W, 300.00 W, 72, 1785 MHz
2026/09/23 09:30:21.609, 0, 96 %, 86 %, 4873 MiB, 49140 MiB, 289.25 W, 300.00 W, 72, 2085 MHz
2026/09/23 09:30:22.609, 0, 96 %, 82 %, 4873 MiB, 49140 MiB, 288.96 W, 300.00 W, 72, 2235 MHz
2026/09/23 09:30:23.613, 0, 95 %, 85 %, 4873 MiB, 49140 MiB, 288.20 W, 300.00 W, 72, 2100 MHz
2026/09/23 09:30:24.614, 0, 94 %, 83 %, 4873 MiB, 49140 MiB, 287.93 W, 300.00 W, 74, 1815 MHz
2026/09/23 09:30:25.615, 0, 95 %, 81 %, 4873 MiB, 49140 MiB, 288.75 W, 300.00 W, 73, 1770 MHz
2026/09/23 09:30:26.616, 0, 96 %, 86 %, 4873 MiB, 49140 MiB, 289.78 W, 300.00 W, 72, 2115 MHz
2026/09/23 09:30:27.618, 0, 89 %, 63 %, 4873 MiB, 49140 MiB, 287.75 W, 300.00 W, 73, 2190 MHz
2026/09/23 09:30:28.618, 0, 0 %, 0 %, 4873 MiB, 49140 MiB, 206.61 W, 300.00 W, 67, 2745 MHz
2026/09/23 09:30:29.619, 0, 0 %, 0 %, 4873 MiB, 49140 MiB, 86.98 W, 300.00 W, 66, 2745 MHz
2026/09/23 09:30:30.619, 0, 93 %, 81 %, 4873 MiB, 49140 MiB, 212.41 W, 300.00 W, 72, 1815 MHz
2026/09/23 09:30:31.620, 0, 98 %, 87 %, 4873 MiB, 49140 MiB, 287.97 W, 300.00 W, 71, 2025 MHz
2026/09/23 09:30:32.620, 0, 98 %, 84 %, 4873 MiB, 49140 MiB, 289.93 W, 300.00 W, 72, 2010 MHz
2026/09/23 09:30:33.621, 0, 95 %, 84 %, 4873 MiB, 49140 MiB, 289.01 W, 300.00 W, 71, 2175 MHz
2026/09/23 09:30:34.622, 0, 95 %, 86 %, 4873 MiB, 49140 MiB, 286.96 W, 300.00 W, 72, 2025 MHz
2026/09/23 09:30:35.623, 0, 90 %, 78 %, 4873 MiB, 49140 MiB, 285.99 W, 300.00 W, 72, 1905 MHz
2026/09/23 09:30:36.624, 0, 96 %, 85 %, 4873 MiB, 49140 MiB, 287.99 W, 300.00 W, 72, 1995 MHz
2026/09/23 09:30:37.625, 0, 98 %, 83 %, 4873 MiB, 49140 MiB, 289.54 W, 300.00 W, 73, 2025 MHz
2026/09/23 09:30:38.626, 0, 95 %, 86 %, 4873 MiB, 49140 MiB, 287.34 W, 300.00 W, 72, 2025 MHz
2026/09/23 09:30:39.626, 0, 95 %, 82 %, 4873 MiB, 49140 MiB, 287.83 W, 300.00 W, 74, 1800 MHz
2026/09/23 09:30:40.627, 0, 95 %, 83 %, 4873 MiB, 49140 MiB, 288.79 W, 300.00 W, 72, 1995 MHz
2026/09/23 09:30:41.628, 0, 98 %, 86 %, 4873 MiB, 49140 MiB, 288.98 W, 300.00 W, 72, 1980 MHz
2026/09/23 09:30:42.629, 0, 95 %, 83 %, 4873 MiB, 49140 MiB, 288.41 W, 300.00 W, 72, 2160 MHz
2026/09/23 09:30:43.630, 0, 96 %, 86 %, 4873 MiB, 49140 MiB, 287.69 W, 300.00 W, 72, 2025 MHz
2026/09/23 09:30:44.630, 0, 95 %, 81 %, 4873 MiB, 49140 MiB, 287.68 W, 300.00 W, 74, 1770 MHz
2026/09/23 09:30:45.632, 0, 97 %, 86 %, 4873 MiB, 49140 MiB, 287.71 W, 300.00 W, 72, 2025 MHz
2026/09/23 09:30:46.632, 0, 9 %, 0 %, 4873 MiB, 49140 MiB, 250.10 W, 300.00 W, 67, 2745 MHz
2026/09/23 09:30:47.633, 0, 0 %, 0 %, 4873 MiB, 49140 MiB, 86.93 W, 300.00 W, 66, 2745 MHz
2026/09/23 09:30:48.633, 0, 94 %, 83 %, 4873 MiB, 49140 MiB, 178.23 W, 300.00 W, 71, 2070 MHz
2026/09/23 09:30:49.634, 0, 98 %, 87 %, 4873 MiB, 49140 MiB, 287.42 W, 300.00 W, 71, 2010 MHz
2026/09/23 09:30:50.636, 0, 97 %, 82 %, 4873 MiB, 49140 MiB, 288.47 W, 300.00 W, 72, 2040 MHz
2026/09/23 09:30:51.636, 0, 94 %, 86 %, 4873 MiB, 49140 MiB, 286.69 W, 300.00 W, 72, 2040 MHz
2026/09/23 09:30:52.637, 0, 96 %, 82 %, 4873 MiB, 49140 MiB, 285.54 W, 300.00 W, 72, 2085 MHz
2026/09/23 09:30:53.638, 0, 96 %, 85 %, 4873 MiB, 49140 MiB, 289.18 W, 300.00 W, 72, 1890 MHz
2026/09/23 09:30:54.639, 0, 98 %, 87 %, 4873 MiB, 49140 MiB, 290.08 W, 300.00 W, 71, 1785 MHz
2026/09/23 09:30:55.640, 0, 98 %, 83 %, 4873 MiB, 49140 MiB, 289.40 W, 300.00 W, 72, 1875 MHz
2026/09/23 09:30:56.640, 0, 95 %, 85 %, 4873 MiB, 49140 MiB, 288.49 W, 300.00 W, 71, 2130 MHz
2026/09/23 09:30:57.641, 0, 95 %, 86 %, 4873 MiB, 49140 MiB, 287.93 W, 300.00 W, 71, 1965 MHz
2026/09/23 09:30:58.642, 0, 95 %, 86 %, 4873 MiB, 49140 MiB, 288.53 W, 300.00 W, 72, 2145 MHz
2026/09/23 09:30:59.642, 0, 94 %, 81 %, 4873 MiB, 49140 MiB, 287.59 W, 300.00 W, 73, 2145 MHz
2026/09/23 09:31:00.644, 0, 94 %, 82 %, 4873 MiB, 49140 MiB, 288.95 W, 300.00 W, 72, 2055 MHz
2026/09/23 09:31:01.645, 0, 98 %, 87 %, 4873 MiB, 49140 MiB, 288.92 W, 300.00 W, 72, 1785 MHz
2026/09/23 09:31:02.646, 0, 97 %, 85 %, 4873 MiB, 49140 MiB, 290.55 W, 300.00 W, 72, 1785 MHz
2026/09/23 09:31:03.647, 0, 95 %, 84 %, 4873 MiB, 49140 MiB, 288.46 W, 300.00 W, 71, 2145 MHz
2026/09/23 09:31:04.648, 0, 86 %, 61 %, 4873 MiB, 49140 MiB, 283.56 W, 300.00 W, 70, 2595 MHz
2026/09/23 09:31:05.648, 0, 94 %, 85 %, 4873 MiB, 49140 MiB, 135.20 W, 300.00 W, 72, 2265 MHz
2026/09/23 09:31:06.649, 0, 93 %, 81 %, 4873 MiB, 49140 MiB, 286.95 W, 300.00 W, 72, 2085 MHz
2026/09/23 09:31:07.650, 0, 97 %, 86 %, 4873 MiB, 49140 MiB, 287.39 W, 300.00 W, 71, 1755 MHz
2026/09/23 09:31:08.650, 0, 94 %, 83 %, 4873 MiB, 49140 MiB, 287.16 W, 300.00 W, 71, 2145 MHz
2026/09/23 09:31:09.652, 0, 93 %, 85 %, 4873 MiB, 49140 MiB, 286.39 W, 300.00 W, 72, 2235 MHz
2026/09/23 09:31:10.652, 0, 94 %, 81 %, 4873 MiB, 49140 MiB, 288.16 W, 300.00 W, 73, 2145 MHz
2026/09/23 09:31:11.653, 0, 95 %, 84 %, 4873 MiB, 49140 MiB, 288.09 W, 300.00 W, 72, 1935 MHz
2026/09/23 09:31:12.654, 0, 98 %, 86 %, 4873 MiB, 49140 MiB, 288.58 W, 300.00 W, 72, 1785 MHz
2026/09/23 09:31:13.655, 0, 92 %, 82 %, 4873 MiB, 49140 MiB, 288.17 W, 300.00 W, 71, 2055 MHz
2026/09/23 09:31:14.656, 0, 95 %, 86 %, 4873 MiB, 49140 MiB, 287.77 W, 300.00 W, 72, 2025 MHz
2026/09/23 09:31:15.657, 0, 95 %, 83 %, 4873 MiB, 49140 MiB, 286.64 W, 300.00 W, 74, 2160 MHz
2026/09/23 09:31:16.657, 0, 95 %, 82 %, 4873 MiB, 49140 MiB, 288.72 W, 300.00 W, 72, 2070 MHz
2026/09/23 09:31:17.658, 0, 96 %, 86 %, 4873 MiB, 49140 MiB, 289.80 W, 300.00 W, 72, 1830 MHz
2026/09/23 09:31:18.659, 0, 98 %, 86 %, 4873 MiB, 49140 MiB, 289.67 W, 300.00 W, 72, 1785 MHz
2026/09/23 09:31:19.660, 0, 96 %, 85 %, 4873 MiB, 49140 MiB, 288.41 W, 300.00 W, 72, 2070 MHz
2026/09/23 09:31:20.661, 0, 94 %, 86 %, 4873 MiB, 49140 MiB, 288.18 W, 300.00 W, 72, 2040 MHz
2026/09/23 09:31:21.662, 0, 81 %, 58 %, 4873 MiB, 49140 MiB, 283.66 W, 300.00 W, 73, 2130 MHz
2026/09/23 09:31:22.662, 0, 0 %, 0 %, 4873 MiB, 49140 MiB, 179.94 W, 300.00 W, 67, 2745 MHz
2026/09/23 09:31:23.665, 0, 95 %, 84 %, 4873 MiB, 49140 MiB, 230.44 W, 300.00 W, 73, 2160 MHz
2026/09/23 09:31:24.666, 0, 94 %, 81 %, 4873 MiB, 49140 MiB, 293.04 W, 300.00 W, 74, 2145 MHz
2026/09/23 09:31:25.667, 0, 95 %, 83 %, 4873 MiB, 49140 MiB, 293.30 W, 300.00 W, 73, 2055 MHz
2026/09/23 09:31:26.668, 0, 97 %, 87 %, 4873 MiB, 49140 MiB, 294.15 W, 300.00 W, 72, 1890 MHz
2026/09/23 09:31:27.668, 0, 97 %, 86 %, 4873 MiB, 49140 MiB, 294.83 W, 300.00 W, 72, 1860 MHz
2026/09/23 09:31:28.670, 0, 98 %, 86 %, 4873 MiB, 49140 MiB, 294.33 W, 300.00 W, 73, 1815 MHz
2026/09/23 09:31:29.670, 0, 97 %, 83 %, 4873 MiB, 49140 MiB, 294.58 W, 300.00 W, 73, 2100 MHz
2026/09/23 09:31:30.672, 0, 95 %, 86 %, 4873 MiB, 49140 MiB, 293.51 W, 300.00 W, 71, 2130 MHz
2026/09/23 09:31:31.673, 0, 91 %, 83 %, 4873 MiB, 49140 MiB, 291.11 W, 300.00 W, 73, 2265 MHz
2026/09/23 09:31:32.674, 0, 94 %, 83 %, 4873 MiB, 49140 MiB, 291.96 W, 300.00 W, 74, 2175 MHz
2026/09/23 09:31:33.676, 0, 93 %, 80 %, 4873 MiB, 49140 MiB, 293.96 W, 300.00 W, 74, 2250 MHz
2026/09/23 09:31:34.677, 0, 96 %, 85 %, 4873 MiB, 49140 MiB, 292.48 W, 300.00 W, 73, 2100 MHz
2026/09/23 09:31:35.677, 0, 96 %, 85 %, 4873 MiB, 49140 MiB, 294.67 W, 300.00 W, 73, 2085 MHz
2026/09/23 09:31:36.679, 0, 97 %, 87 %, 4873 MiB, 49140 MiB, 293.62 W, 300.00 W, 72, 1815 MHz
2026/09/23 09:31:37.680, 0, 98 %, 86 %, 4873 MiB, 49140 MiB, 294.92 W, 300.00 W, 73, 1815 MHz
2026/09/23 09:31:38.680, 0, 93 %, 76 %, 4873 MiB, 49140 MiB, 294.21 W, 300.00 W, 73, 2025 MHz
2026/09/23 09:31:39.681, 0, 0 %, 0 %, 4873 MiB, 49140 MiB, 231.12 W, 300.00 W, 67, 2595 MHz
2026/09/23 09:31:40.682, 0, 96 %, 86 %, 4873 MiB, 49140 MiB, 164.71 W, 300.00 W, 72, 2040 MHz
2026/09/23 09:31:41.683, 0, 94 %, 82 %, 4873 MiB, 49140 MiB, 285.90 W, 300.00 W, 74, 1995 MHz
2026/09/23 09:31:42.683, 0, 94 %, 82 %, 4873 MiB, 49140 MiB, 288.73 W, 300.00 W, 72, 2070 MHz
2026/09/23 09:31:43.684, 0, 95 %, 84 %, 4873 MiB, 49140 MiB, 289.29 W, 300.00 W, 72, 2190 MHz
2026/09/23 09:31:44.685, 0, 95 %, 85 %, 4873 MiB, 49140 MiB, 289.22 W, 300.00 W, 72, 2130 MHz
2026/09/23 09:31:45.687, 0, 97 %, 83 %, 4873 MiB, 49140 MiB, 288.89 W, 300.00 W, 73, 2040 MHz
2026/09/23 09:31:46.687, 0, 95 %, 85 %, 4873 MiB, 49140 MiB, 288.35 W, 300.00 W, 71, 1785 MHz
2026/09/23 09:31:47.688, 0, 94 %, 83 %, 4873 MiB, 49140 MiB, 285.75 W, 300.00 W, 73, 2010 MHz
2026/09/23 09:31:48.689, 0, 94 %, 82 %, 4873 MiB, 49140 MiB, 288.37 W, 300.00 W, 72, 2145 MHz
2026/09/23 09:31:49.690, 0, 96 %, 86 %, 4873 MiB, 49140 MiB, 288.44 W, 300.00 W, 72, 2130 MHz
2026/09/23 09:31:50.690, 0, 98 %, 85 %, 4873 MiB, 49140 MiB, 289.68 W, 300.00 W, 73, 2040 MHz
2026/09/23 09:31:51.692, 0, 95 %, 83 %, 4873 MiB, 49140 MiB, 288.88 W, 300.00 W, 72, 1845 MHz
2026/09/23 09:31:52.693, 0, 91 %, 82 %, 4873 MiB, 49140 MiB, 288.17 W, 300.00 W, 72, 1800 MHz
2026/09/23 09:31:53.695, 0, 94 %, 81 %, 4873 MiB, 49140 MiB, 284.65 W, 300.00 W, 74, 2010 MHz
2026/09/23 09:31:54.696, 0, 93 %, 81 %, 4873 MiB, 49140 MiB, 288.68 W, 300.00 W, 73, 2205 MHz
2026/09/23 09:31:55.696, 0, 97 %, 87 %, 4873 MiB, 49140 MiB, 289.02 W, 300.00 W, 72, 2130 MHz
2026/09/23 09:31:56.697, 0, 80 %, 56 %, 4873 MiB, 49140 MiB, 283.85 W, 300.00 W, 73, 2460 MHz
2026/09/23 09:31:57.697, 0, 0 %, 0 %, 4873 MiB, 49140 MiB, 116.78 W, 300.00 W, 66, 2745 MHz
2026/09/23 09:31:58.698, 0, 94 %, 84 %, 4873 MiB, 49140 MiB, 147.60 W, 300.00 W, 71, 2265 MHz
2026/09/23 09:31:59.699, 0, 96 %, 82 %, 4873 MiB, 49140 MiB, 283.74 W, 300.00 W, 72, 2085 MHz
2026/09/23 09:32:00.700, 0, 97 %, 85 %, 4873 MiB, 49140 MiB, 287.81 W, 300.00 W, 72, 1830 MHz
2026/09/23 09:32:01.701, 0, 93 %, 84 %, 4873 MiB, 49140 MiB, 288.09 W, 300.00 W, 71, 1830 MHz
2026/09/23 09:32:02.701, 0, 93 %, 84 %, 4873 MiB, 49140 MiB, 288.83 W, 300.00 W, 72, 2145 MHz
2026/09/23 09:32:03.702, 0, 95 %, 83 %, 4873 MiB, 49140 MiB, 288.05 W, 300.00 W, 73, 2070 MHz
2026/09/23 09:32:04.704, 0, 96 %, 84 %, 4873 MiB, 49140 MiB, 287.54 W, 300.00 W, 72, 2160 MHz
2026/09/23 09:32:05.705, 0, 96 %, 86 %, 4873 MiB, 49140 MiB, 287.21 W, 300.00 W, 72, 2280 MHz
2026/09/23 09:32:06.706, 0, 93 %, 83 %, 4873 MiB, 49140 MiB, 285.85 W, 300.00 W, 73, 2070 MHz
2026/09/23 09:32:07.707, 0, 95 %, 82 %, 4873 MiB, 49140 MiB, 287.37 W, 300.00 W, 71, 1800 MHz
2026/09/23 09:32:08.707, 0, 97 %, 86 %, 4873 MiB, 49140 MiB, 288.00 W, 300.00 W, 72, 2130 MHz
2026/09/23 09:32:09.708, 0, 98 %, 86 %, 4873 MiB, 49140 MiB, 289.49 W, 300.00 W, 73, 2145 MHz
2026/09/23 09:32:10.709, 0, 98 %, 84 %, 4873 MiB, 49140 MiB, 289.82 W, 300.00 W, 74, 1950 MHz
2026/09/23 09:32:11.710, 0, 95 %, 85 %, 4873 MiB, 49140 MiB, 287.96 W, 300.00 W, 72, 2145 MHz
2026/09/23 09:32:12.711, 0, 93 %, 83 %, 4873 MiB, 49140 MiB, 286.79 W, 300.00 W, 72, 2130 MHz
2026/09/23 09:32:13.711, 0, 95 %, 85 %, 4873 MiB, 49140 MiB, 286.69 W, 300.00 W, 73, 1980 MHz
2026/09/23 09:32:14.713, 0, 84 %, 56 %, 4873 MiB, 49140 MiB, 284.95 W, 300.00 W, 74, 2130 MHz
2026/09/23 09:32:15.713, 0, 0 %, 0 %, 4873 MiB, 49140 MiB, 133.90 W, 300.00 W, 66, 2745 MHz
2026/09/23 09:32:16.714, 0, 98 %, 88 %, 4873 MiB, 49140 MiB, 115.40 W, 300.00 W, 70, 2250 MHz
2026/09/23 09:32:17.714, 0, 93 %, 84 %, 4873 MiB, 49140 MiB, 285.50 W, 300.00 W, 71, 2220 MHz
2026/09/23 09:32:18.715, 0, 94 %, 85 %, 4873 MiB, 49140 MiB, 286.85 W, 300.00 W, 71, 2130 MHz
2026/09/23 09:32:19.716, 0, 95 %, 84 %, 4873 MiB, 49140 MiB, 285.45 W, 300.00 W, 71, 1860 MHz
2026/09/23 09:32:20.717, 0, 94 %, 83 %, 4873 MiB, 49140 MiB, 287.11 W, 300.00 W, 71, 1830 MHz
2026/09/23 09:32:21.718, 0, 97 %, 86 %, 4873 MiB, 49140 MiB, 288.39 W, 300.00 W, 72, 2175 MHz
2026/09/23 09:32:22.718, 0, 97 %, 85 %, 4873 MiB, 49140 MiB, 289.34 W, 300.00 W, 73, 2040 MHz
2026/09/23 09:32:23.719, 0, 97 %, 85 %, 4873 MiB, 49140 MiB, 289.42 W, 300.00 W, 73, 2025 MHz
2026/09/23 09:32:24.721, 0, 97 %, 86 %, 4873 MiB, 49140 MiB, 288.30 W, 300.00 W, 72, 2130 MHz
2026/09/23 09:32:25.722, 0, 96 %, 85 %, 4873 MiB, 49140 MiB, 287.35 W, 300.00 W, 72, 2130 MHz
2026/09/23 09:32:26.723, 0, 94 %, 84 %, 4873 MiB, 49140 MiB, 285.17 W, 300.00 W, 72, 1965 MHz
2026/09/23 09:32:27.723, 0, 94 %, 83 %, 4873 MiB, 49140 MiB, 287.47 W, 300.00 W, 70, 1785 MHz
2026/09/23 09:32:28.724, 0, 97 %, 85 %, 4873 MiB, 49140 MiB, 287.31 W, 300.00 W, 72, 1830 MHz
2026/09/23 09:32:29.725, 0, 96 %, 84 %, 4873 MiB, 49140 MiB, 289.79 W, 300.00 W, 72, 2055 MHz
2026/09/23 09:32:30.727, 0, 97 %, 86 %, 4873 MiB, 49140 MiB, 288.95 W, 300.00 W, 73, 1845 MHz
2026/09/23 09:32:31.727, 0, 97 %, 84 %, 4873 MiB, 49140 MiB, 288.70 W, 300.00 W, 73, 1815 MHz
2026/09/23 09:32:32.728, 0, 83 %, 59 %, 4873 MiB, 49140 MiB, 286.21 W, 300.00 W, 73, 2055 MHz
2026/09/23 09:32:33.729, 0, 0 %, 0 %, 4873 MiB, 49140 MiB, 161.32 W, 300.00 W, 66, 2745 MHz
2026/09/23 09:32:34.729, 0, 94 %, 86 %, 4873 MiB, 49140 MiB, 240.45 W, 300.00 W, 72, 2295 MHz
2026/09/23 09:32:35.730, 0, 94 %, 82 %, 4873 MiB, 49140 MiB, 288.14 W, 300.00 W, 71, 2160 MHz
2026/09/23 09:32:36.730, 0, 96 %, 84 %, 4873 MiB, 49140 MiB, 287.70 W, 300.00 W, 72, 2130 MHz
2026/09/23 09:32:37.733, 0, 97 %, 86 %, 4873 MiB, 49140 MiB, 288.66 W, 300.00 W, 73, 1845 MHz
2026/09/23 09:32:38.734, 0, 97 %, 87 %, 4873 MiB, 49140 MiB, 286.39 W, 300.00 W, 72, 2100 MHz
2026/09/23 09:32:39.734, 0, 95 %, 86 %, 4873 MiB, 49140 MiB, 287.62 W, 300.00 W, 72, 2205 MHz
2026/09/23 09:32:40.736, 0, 93 %, 84 %, 4873 MiB, 49140 MiB, 286.57 W, 300.00 W, 71, 1995 MHz
2026/09/23 09:32:41.737, 0, 95 %, 86 %, 4873 MiB, 49140 MiB, 286.60 W, 300.00 W, 73, 2190 MHz
2026/09/23 09:32:42.738, 0, 92 %, 81 %, 4873 MiB, 49140 MiB, 287.42 W, 300.00 W, 71, 2145 MHz
2026/09/23 09:32:43.738, 0, 96 %, 85 %, 4873 MiB, 49140 MiB, 288.13 W, 300.00 W, 73, 1905 MHz
2026/09/23 09:32:44.739, 0, 96 %, 85 %, 4873 MiB, 49140 MiB, 287.41 W, 300.00 W, 72, 1980 MHz
2026/09/23 09:32:45.740, 0, 93 %, 83 %, 4873 MiB, 49140 MiB, 286.79 W, 300.00 W, 72, 1950 MHz
2026/09/23 09:32:46.740, 0, 93 %, 85 %, 4873 MiB, 49140 MiB, 287.52 W, 300.00 W, 73, 2235 MHz
2026/09/23 09:32:47.741, 0, 95 %, 82 %, 4873 MiB, 49140 MiB, 288.13 W, 300.00 W, 72, 2160 MHz
2026/09/23 09:32:48.742, 0, 95 %, 83 %, 4873 MiB, 49140 MiB, 288.40 W, 300.00 W, 72, 2010 MHz
2026/09/23 09:32:49.743, 0, 89 %, 71 %, 4873 MiB, 49140 MiB, 288.40 W, 300.00 W, 73, 1890 MHz
2026/09/23 09:32:50.743, 0, 0 %, 0 %, 4873 MiB, 49140 MiB, 226.51 W, 300.00 W, 67, 2745 MHz
2026/09/23 09:32:51.744, 0, 92 %, 81 %, 4873 MiB, 49140 MiB, 180.45 W, 300.00 W, 70, 2160 MHz
2026/09/23 09:32:52.745, 0, 96 %, 84 %, 4873 MiB, 49140 MiB, 288.96 W, 300.00 W, 71, 2085 MHz
2026/09/23 09:32:53.746, 0, 96 %, 84 %, 4873 MiB, 49140 MiB, 287.72 W, 300.00 W, 73, 1785 MHz
2026/09/23 09:32:54.747, 0, 92 %, 83 %, 4873 MiB, 49140 MiB, 287.21 W, 300.00 W, 72, 2235 MHz
2026/09/23 09:32:55.747, 0, 94 %, 85 %, 4873 MiB, 49140 MiB, 286.18 W, 300.00 W, 72, 2115 MHz
2026/09/23 09:32:56.748, 0, 94 %, 82 %, 4873 MiB, 49140 MiB, 287.32 W, 300.00 W, 71, 2160 MHz
2026/09/23 09:32:57.749, 0, 97 %, 84 %, 4873 MiB, 49140 MiB, 288.77 W, 300.00 W, 72, 2055 MHz
2026/09/23 09:32:58.750, 0, 98 %, 85 %, 4873 MiB, 49140 MiB, 288.92 W, 300.00 W, 74, 1785 MHz
2026/09/23 09:32:59.751, 0, 97 %, 85 %, 4873 MiB, 49140 MiB, 288.50 W, 300.00 W, 72, 2010 MHz
2026/09/23 09:33:00.752, 0, 95 %, 85 %, 4873 MiB, 49140 MiB, 288.21 W, 300.00 W, 72, 2010 MHz
2026/09/23 09:33:01.753, 0, 94 %, 84 %, 4873 MiB, 49140 MiB, 288.40 W, 300.00 W, 72, 1920 MHz
2026/09/23 09:33:02.754, 0, 96 %, 86 %, 4873 MiB, 49140 MiB, 288.53 W, 300.00 W, 72, 1995 MHz
2026/09/23 09:33:03.755, 0, 93 %, 82 %, 4873 MiB, 49140 MiB, 287.25 W, 300.00 W, 71, 2160 MHz
2026/09/23 09:33:04.756, 0, 97 %, 86 %, 4873 MiB, 49140 MiB, 288.21 W, 300.00 W, 73, 1950 MHz
2026/09/23 09:33:05.758, 0, 97 %, 85 %, 4873 MiB, 49140 MiB, 288.28 W, 300.00 W, 73, 1770 MHz
2026/09/23 09:33:06.762, 0, 95 %, 86 %, 4873 MiB, 49140 MiB, 288.86 W, 300.00 W, 72, 2190 MHz
2026/09/23 09:33:07.763, 0, 73 %, 52 %, 4873 MiB, 49140 MiB, 281.05 W, 300.00 W, 73, 2400 MHz
2026/09/23 09:33:08.763, 0, 97 %, 86 %, 4873 MiB, 49140 MiB, 131.69 W, 300.00 W, 72, 1905 MHz
2026/09/23 09:33:09.764, 0, 96 %, 87 %, 4873 MiB, 49140 MiB, 290.52 W, 300.00 W, 72, 2310 MHz
2026/09/23 09:33:10.765, 0, 95 %, 85 %, 4873 MiB, 49140 MiB, 289.20 W, 300.00 W, 72, 2025 MHz
2026/09/23 09:33:11.766, 0, 93 %, 84 %, 4873 MiB, 49140 MiB, 286.99 W, 300.00 W, 73, 2250 MHz
2026/09/23 09:33:12.767, 0, 94 %, 82 %, 4873 MiB, 49140 MiB, 288.05 W, 300.00 W, 71, 2115 MHz
2026/09/23 09:33:13.768, 0, 95 %, 82 %, 4873 MiB, 49140 MiB, 289.09 W, 300.00 W, 71, 2100 MHz
2026/09/23 09:33:14.768, 0, 97 %, 85 %, 4873 MiB, 49140 MiB, 289.61 W, 300.00 W, 73, 1995 MHz
2026/09/23 09:33:15.769, 0, 97 %, 86 %, 4873 MiB, 49140 MiB, 290.20 W, 300.00 W, 73, 1860 MHz
2026/09/23 09:33:16.770, 0, 97 %, 84 %, 4873 MiB, 49140 MiB, 289.64 W, 300.00 W, 74, 1770 MHz
2026/09/23 09:33:17.771, 0, 97 %, 87 %, 4873 MiB, 49140 MiB, 287.63 W, 300.00 W, 72, 2175 MHz
2026/09/23 09:33:18.771, 0, 96 %, 87 %, 4873 MiB, 49140 MiB, 289.36 W, 300.00 W, 72, 1830 MHz
2026/09/23 09:33:19.773, 0, 95 %, 85 %, 4873 MiB, 49140 MiB, 286.99 W, 300.00 W, 72, 1920 MHz
2026/09/23 09:33:20.773, 0, 95 %, 84 %, 4873 MiB, 49140 MiB, 286.65 W, 300.00 W, 72, 2130 MHz
2026/09/23 09:33:21.774, 0, 92 %, 81 %, 4873 MiB, 49140 MiB, 288.80 W, 300.00 W, 71, 2010 MHz
2026/09/23 09:33:22.775, 0, 97 %, 85 %, 4873 MiB, 49140 MiB, 288.33 W, 300.00 W, 73, 2205 MHz
2026/09/23 09:33:23.776, 0, 97 %, 84 %, 4873 MiB, 49140 MiB, 288.98 W, 300.00 W, 74, 2190 MHz
2026/09/23 09:33:24.777, 0, 82 %, 57 %, 4873 MiB, 49140 MiB, 285.49 W, 300.00 W, 72, 2250 MHz
2026/09/23 09:33:25.777, 0, 0 %, 0 %, 4873 MiB, 49140 MiB, 173.10 W, 300.00 W, 67, 2745 MHz
2026/09/23 09:33:26.778, 0, 96 %, 87 %, 4873 MiB, 49140 MiB, 231.05 W, 300.00 W, 72, 2055 MHz
2026/09/23 09:33:27.779, 0, 95 %, 85 %, 4873 MiB, 49140 MiB, 287.19 W, 300.00 W, 72, 1785 MHz
2026/09/23 09:33:28.781, 0, 92 %, 83 %, 4873 MiB, 49140 MiB, 286.93 W, 300.00 W, 73, 2205 MHz
2026/09/23 09:33:29.782, 0, 94 %, 81 %, 4873 MiB, 49140 MiB, 287.02 W, 300.00 W, 72, 2040 MHz
2026/09/23 09:33:30.782, 0, 97 %, 86 %, 4873 MiB, 49140 MiB, 288.77 W, 300.00 W, 72, 2145 MHz
2026/09/23 09:33:31.783, 0, 98 %, 85 %, 4873 MiB, 49140 MiB, 288.67 W, 300.00 W, 73, 2040 MHz
2026/09/23 09:33:32.784, 0, 95 %, 86 %, 4873 MiB, 49140 MiB, 288.23 W, 300.00 W, 71, 1815 MHz
2026/09/23 09:33:33.785, 0, 95 %, 85 %, 4873 MiB, 49140 MiB, 288.44 W, 300.00 W, 72, 1755 MHz
2026/09/23 09:33:34.787, 0, 95 %, 86 %, 4873 MiB, 49140 MiB, 287.47 W, 300.00 W, 73, 2085 MHz
2026/09/23 09:33:35.788, 0, 94 %, 82 %, 4873 MiB, 49140 MiB, 287.58 W, 300.00 W, 73, 1965 MHz
2026/09/23 09:33:36.789, 0, 96 %, 84 %, 4873 MiB, 49140 MiB, 289.53 W, 300.00 W, 72, 2010 MHz
2026/09/23 09:33:37.789, 0, 97 %, 86 %, 4873 MiB, 49140 MiB, 290.02 W, 300.00 W, 72, 2145 MHz
2026/09/23 09:33:38.791, 0, 98 %, 85 %, 4873 MiB, 49140 MiB, 290.14 W, 300.00 W, 73, 2100 MHz
2026/09/23 09:33:39.791, 0, 97 %, 85 %, 4873 MiB, 49140 MiB, 289.31 W, 300.00 W, 73, 2085 MHz
2026/09/23 09:33:40.793, 0, 95 %, 85 %, 4873 MiB, 49140 MiB, 288.99 W, 300.00 W, 71, 1815 MHz
2026/09/23 09:33:41.793, 0, 91 %, 81 %, 4873 MiB, 49140 MiB, 286.76 W, 300.00 W, 74, 1980 MHz
2026/09/23 09:33:42.794, 0, 0 %, 0 %, 4873 MiB, 49140 MiB, 233.19 W, 300.00 W, 67, 2730 MHz
2026/09/23 09:33:43.795, 0, 92 %, 82 %, 4873 MiB, 49140 MiB, 169.77 W, 300.00 W, 73, 2100 MHz
2026/09/23 09:33:44.796, 0, 96 %, 84 %, 4873 MiB, 49140 MiB, 287.32 W, 300.00 W, 72, 2040 MHz
2026/09/23 09:33:45.798, 0, 98 %, 86 %, 4873 MiB, 49140 MiB, 288.00 W, 300.00 W, 72, 2145 MHz
2026/09/23 09:33:46.799, 0, 92 %, 83 %, 4873 MiB, 49140 MiB, 287.34 W, 300.00 W, 72, 2010 MHz
2026/09/23 09:33:47.801, 0, 97 %, 87 %, 4873 MiB, 49140 MiB, 288.18 W, 300.00 W, 71, 1830 MHz
2026/09/23 09:33:48.802, 0, 95 %, 85 %, 4873 MiB, 49140 MiB, 289.04 W, 300.00 W, 72, 1785 MHz
2026/09/23 09:33:49.804, 0, 91 %, 82 %, 4873 MiB, 49140 MiB, 286.80 W, 300.00 W, 74, 2235 MHz
2026/09/23 09:33:50.805, 0, 94 %, 82 %, 4873 MiB, 49140 MiB, 287.95 W, 300.00 W, 73, 2025 MHz
2026/09/23 09:33:51.805, 0, 97 %, 85 %, 4873 MiB, 49140 MiB, 288.68 W, 300.00 W, 73, 2115 MHz
2026/09/23 09:33:52.806, 0, 96 %, 85 %, 4873 MiB, 49140 MiB, 290.20 W, 300.00 W, 72, 2100 MHz
2026/09/23 09:33:53.807, 0, 97 %, 87 %, 4873 MiB, 49140 MiB, 287.55 W, 300.00 W, 72, 1845 MHz
2026/09/23 09:33:54.808, 0, 96 %, 85 %, 4873 MiB, 49140 MiB, 288.20 W, 300.00 W, 73, 1785 MHz
2026/09/23 09:33:55.809, 0, 95 %, 83 %, 4873 MiB, 49140 MiB, 287.80 W, 300.00 W, 74, 2010 MHz
2026/09/23 09:33:56.810, 0, 91 %, 79 %, 4873 MiB, 49140 MiB, 287.70 W, 300.00 W, 72, 2145 MHz
2026/09/23 09:33:57.812, 0, 98 %, 84 %, 4873 MiB, 49140 MiB, 289.45 W, 300.00 W, 73, 2100 MHz
2026/09/23 09:33:58.813, 0, 97 %, 87 %, 4873 MiB, 49140 MiB, 289.38 W, 300.00 W, 73, 1890 MHz
2026/09/23 09:33:59.813, 0, 86 %, 59 %, 4873 MiB, 49140 MiB, 286.24 W, 300.00 W, 73, 2115 MHz
2026/09/23 09:34:00.814, 0, 97 %, 86 %, 4873 MiB, 49140 MiB, 139.99 W, 300.00 W, 71, 2160 MHz
2026/09/23 09:34:01.815, 0, 98 %, 86 %, 4873 MiB, 49140 MiB, 289.67 W, 300.00 W, 72, 2040 MHz
2026/09/23 09:34:02.817, 0, 94 %, 84 %, 4873 MiB, 49140 MiB, 288.51 W, 300.00 W, 72, 1785 MHz
2026/09/23 09:34:03.817, 0, 95 %, 85 %, 4873 MiB, 49140 MiB, 287.25 W, 300.00 W, 74, 2130 MHz
2026/09/23 09:34:04.819, 0, 95 %, 82 %, 4873 MiB, 49140 MiB, 288.78 W, 300.00 W, 72, 2010 MHz
2026/09/23 09:34:05.819, 0, 97 %, 85 %, 4873 MiB, 49140 MiB, 289.01 W, 300.00 W, 72, 2160 MHz
2026/09/23 09:34:06.820, 0, 98 %, 85 %, 4873 MiB, 49140 MiB, 289.63 W, 300.00 W, 73, 1965 MHz
2026/09/23 09:34:07.820, 0, 98 %, 88 %, 4873 MiB, 49140 MiB, 289.98 W, 300.00 W, 72, 2160 MHz
2026/09/23 09:34:08.821, 0, 94 %, 83 %, 4873 MiB, 49140 MiB, 287.77 W, 300.00 W, 72, 2040 MHz
2026/09/23 09:34:09.822, 0, 93 %, 84 %, 4873 MiB, 49140 MiB, 288.33 W, 300.00 W, 73, 1830 MHz
2026/09/23 09:34:10.824, 0, 95 %, 82 %, 4873 MiB, 49140 MiB, 288.48 W, 300.00 W, 73, 1740 MHz
2026/09/23 09:34:11.825, 0, 98 %, 85 %, 4873 MiB, 49140 MiB, 288.71 W, 300.00 W, 72, 1950 MHz
2026/09/23 09:34:12.826, 0, 98 %, 85 %, 4873 MiB, 49140 MiB, 290.90 W, 300.00 W, 73, 2040 MHz
2026/09/23 09:34:13.827, 0, 97 %, 87 %, 4873 MiB, 49140 MiB, 289.94 W, 300.00 W, 72, 2160 MHz
2026/09/23 09:34:14.829, 0, 94 %, 84 %, 4873 MiB, 49140 MiB, 289.04 W, 300.00 W, 72, 2085 MHz
2026/09/23 09:34:15.830, 0, 93 %, 83 %, 4873 MiB, 49140 MiB, 287.59 W, 300.00 W, 74, 1785 MHz
2026/09/23 09:34:16.831, 0, 89 %, 62 %, 4873 MiB, 49140 MiB, 286.06 W, 300.00 W, 73, 1965 MHz
2026/09/23 09:34:17.832, 0, 0 %, 0 %, 4873 MiB, 49140 MiB, 182.06 W, 300.00 W, 67, 2730 MHz
2026/09/23 09:34:18.833, 0, 0 %, 0 %, 4873 MiB, 49140 MiB, 87.11 W, 300.00 W, 66, 2730 MHz
2026/09/23 09:34:19.835, 0, 95 %, 83 %, 4873 MiB, 49140 MiB, 211.67 W, 300.00 W, 71, 2250 MHz
2026/09/23 09:34:20.836, 0, 97 %, 88 %, 4873 MiB, 49140 MiB, 285.14 W, 300.00 W, 71, 2220 MHz
2026/09/23 09:34:21.836, 0, 93 %, 84 %, 4873 MiB, 49140 MiB, 287.89 W, 300.00 W, 71, 2160 MHz
2026/09/23 09:34:22.837, 0, 93 %, 83 %, 4873 MiB, 49140 MiB, 288.06 W, 300.00 W, 72, 2040 MHz
2026/09/23 09:34:23.838, 0, 94 %, 84 %, 4873 MiB, 49140 MiB, 287.57 W, 300.00 W, 73, 1815 MHz
2026/09/23 09:34:24.839, 0, 97 %, 84 %, 4873 MiB, 49140 MiB, 287.76 W, 300.00 W, 72, 2055 MHz
2026/09/23 09:34:25.839, 0, 98 %, 87 %, 4873 MiB, 49140 MiB, 290.02 W, 300.00 W, 72, 2115 MHz
2026/09/23 09:34:26.840, 0, 96 %, 87 %, 4873 MiB, 49140 MiB, 286.43 W, 300.00 W, 71, 2130 MHz
2026/09/23 09:34:27.841, 0, 94 %, 84 %, 4873 MiB, 49140 MiB, 288.60 W, 300.00 W, 72, 2100 MHz
2026/09/23 09:34:28.842, 0, 93 %, 85 %, 4873 MiB, 49140 MiB, 287.65 W, 300.00 W, 74, 1830 MHz
2026/09/23 09:34:29.843, 0, 94 %, 82 %, 4873 MiB, 49140 MiB, 287.85 W, 300.00 W, 72, 1785 MHz
2026/09/23 09:34:30.844, 0, 96 %, 84 %, 4873 MiB, 49140 MiB, 289.19 W, 300.00 W, 72, 2160 MHz
2026/09/23 09:34:31.845, 0, 98 %, 86 %, 4873 MiB, 49140 MiB, 290.26 W, 300.00 W, 72, 1995 MHz
2026/09/23 09:34:32.846, 0, 96 %, 86 %, 4873 MiB, 49140 MiB, 286.82 W, 300.00 W, 71, 2130 MHz
2026/09/23 09:34:33.847, 0, 94 %, 85 %, 4873 MiB, 49140 MiB, 287.56 W, 300.00 W, 73, 1890 MHz
2026/09/23 09:34:34.847, 0, 82 %, 62 %, 4873 MiB, 49140 MiB, 286.10 W, 300.00 W, 72, 2220 MHz
2026/09/23 09:34:35.848, 0, 0 %, 0 %, 4873 MiB, 49140 MiB, 224.46 W, 300.00 W, 67, 2745 MHz
2026/09/23 09:34:36.848, 0, 97 %, 85 %, 4873 MiB, 49140 MiB, 174.31 W, 300.00 W, 72, 2055 MHz
2026/09/23 09:34:37.850, 0, 91 %, 81 %, 4873 MiB, 49140 MiB, 286.51 W, 300.00 W, 72, 2025 MHz
2026/09/23 09:34:38.851, 0, 94 %, 84 %, 4873 MiB, 49140 MiB, 286.52 W, 300.00 W, 73, 1860 MHz
2026/09/23 09:34:39.851, 0, 96 %, 83 %, 4873 MiB, 49140 MiB, 288.56 W, 300.00 W, 72, 1770 MHz
2026/09/23 09:34:40.852, 0, 96 %, 84 %, 4873 MiB, 49140 MiB, 289.35 W, 300.00 W, 72, 2205 MHz
2026/09/23 09:34:41.854, 0, 97 %, 84 %, 4873 MiB, 49140 MiB, 289.53 W, 300.00 W, 72, 1965 MHz
2026/09/23 09:34:42.855, 0, 96 %, 87 %, 4873 MiB, 49140 MiB, 288.84 W, 300.00 W, 71, 2205 MHz
2026/09/23 09:34:43.856, 0, 93 %, 82 %, 4873 MiB, 49140 MiB, 286.70 W, 300.00 W, 72, 2010 MHz
2026/09/23 09:34:44.857, 0, 94 %, 81 %, 4873 MiB, 49140 MiB, 286.64 W, 300.00 W, 73, 1755 MHz
2026/09/23 09:34:45.858, 0, 97 %, 85 %, 4873 MiB, 49140 MiB, 289.87 W, 300.00 W, 72, 2100 MHz
2026/09/23 09:34:46.858, 0, 97 %, 84 %, 4873 MiB, 49140 MiB, 290.35 W, 300.00 W, 72, 1965 MHz
2026/09/23 09:34:47.859, 0, 95 %, 85 %, 4873 MiB, 49140 MiB, 288.80 W, 300.00 W, 71, 2145 MHz
2026/09/23 09:34:48.860, 0, 96 %, 85 %, 4873 MiB, 49140 MiB, 288.11 W, 300.00 W, 73, 1950 MHz
2026/09/23 09:34:49.862, 0, 93 %, 82 %, 4873 MiB, 49140 MiB, 287.69 W, 300.00 W, 74, 1770 MHz
2026/09/23 09:34:50.863, 0, 96 %, 84 %, 4873 MiB, 49140 MiB, 289.48 W, 300.00 W, 72, 2055 MHz
2026/09/23 09:34:51.864, 0, 97 %, 85 %, 4873 MiB, 49140 MiB, 287.25 W, 300.00 W, 73, 1995 MHz
2026/09/23 09:34:52.864, 0, 85 %, 58 %, 4873 MiB, 49140 MiB, 284.51 W, 300.00 W, 74, 2175 MHz
2026/09/23 09:34:53.865, 0, 92 %, 82 %, 4873 MiB, 49140 MiB, 142.41 W, 300.00 W, 71, 2175 MHz
2026/09/23 09:34:54.866, 0, 98 %, 85 %, 4873 MiB, 49140 MiB, 289.54 W, 300.00 W, 72, 1770 MHz
2026/09/23 09:34:55.866, 0, 97 %, 85 %, 4873 MiB, 49140 MiB, 289.96 W, 300.00 W, 72, 2115 MHz
2026/09/23 09:34:56.868, 0, 92 %, 83 %, 4873 MiB, 49140 MiB, 287.41 W, 300.00 W, 72, 1965 MHz
2026/09/23 09:34:57.869, 0, 94 %, 84 %, 4873 MiB, 49140 MiB, 285.97 W, 300.00 W, 74, 2115 MHz
2026/09/23 09:34:58.869, 0, 94 %, 81 %, 4873 MiB, 49140 MiB, 288.15 W, 300.00 W, 72, 2085 MHz
2026/09/23 09:34:59.871, 0, 97 %, 84 %, 4873 MiB, 49140 MiB, 287.09 W, 300.00 W, 72, 1800 MHz
2026/09/23 09:35:00.872, 0, 96 %, 85 %, 4873 MiB, 49140 MiB, 288.93 W, 300.00 W, 73, 2145 MHz
2026/09/23 09:35:01.873, 0, 96 %, 86 %, 4873 MiB, 49140 MiB, 288.58 W, 300.00 W, 71, 1980 MHz
2026/09/23 09:35:02.874, 0, 93 %, 82 %, 4873 MiB, 49140 MiB, 285.10 W, 300.00 W, 74, 2130 MHz
2026/09/23 09:35:03.874, 0, 95 %, 82 %, 4873 MiB, 49140 MiB, 288.87 W, 300.00 W, 72, 2010 MHz
2026/09/23 09:35:04.875, 0, 95 %, 84 %, 4873 MiB, 49140 MiB, 288.75 W, 300.00 W, 72, 1830 MHz
2026/09/23 09:35:05.876, 0, 93 %, 85 %, 4873 MiB, 49140 MiB, 285.49 W, 300.00 W, 71, 2040 MHz
2026/09/23 09:35:06.877, 0, 95 %, 85 %, 4873 MiB, 49140 MiB, 287.29 W, 300.00 W, 72, 1980 MHz
2026/09/23 09:35:07.878, 0, 94 %, 84 %, 4873 MiB, 49140 MiB, 288.48 W, 300.00 W, 72, 1950 MHz
2026/09/23 09:35:08.880, 0, 94 %, 84 %, 4873 MiB, 49140 MiB, 288.37 W, 300.00 W, 73, 2145 MHz
2026/09/23 09:35:09.881, 0, 82 %, 57 %, 4873 MiB, 49140 MiB, 286.64 W, 300.00 W, 74, 1800 MHz
2026/09/23 09:35:10.882, 0, 0 %, 0 %, 4873 MiB, 49140 MiB, 170.10 W, 300.00 W, 66, 2505 MHz
2026/09/23 09:35:11.882, 0, 0 %, 0 %, 4873 MiB, 49140 MiB, 71.16 W, 300.00 W, 65, 2505 MHz
2026/09/23 09:35:12.883, 0, 96 %, 84 %, 4873 MiB, 49140 MiB, 215.27 W, 300.00 W, 72, 1845 MHz
2026/09/23 09:35:13.884, 0, 95 %, 83 %, 4873 MiB, 49140 MiB, 287.35 W, 300.00 W, 71, 1785 MHz
2026/09/23 09:35:14.885, 0, 97 %, 85 %, 4873 MiB, 49140 MiB, 289.40 W, 300.00 W, 72, 1890 MHz
2026/09/23 09:35:15.887, 0, 97 %, 85 %, 4873 MiB, 49140 MiB, 288.82 W, 300.00 W, 72, 2145 MHz
2026/09/23 09:35:16.890, 0, 97 %, 87 %, 4873 MiB, 49140 MiB, 288.41 W, 300.00 W, 72, 2175 MHz
2026/09/23 09:35:17.891, 0, 95 %, 86 %, 4873 MiB, 49140 MiB, 287.41 W, 300.00 W, 71, 2025 MHz
2026/09/23 09:35:18.892, 0, 94 %, 84 %, 4873 MiB, 49140 MiB, 285.71 W, 300.00 W, 72, 2055 MHz
2026/09/23 09:35:19.893, 0, 94 %, 84 %, 4873 MiB, 49140 MiB, 287.82 W, 300.00 W, 73, 2220 MHz
2026/09/23 09:35:20.893, 0, 93 %, 82 %, 4873 MiB, 49140 MiB, 286.58 W, 300.00 W, 73, 2145 MHz
2026/09/23 09:35:21.896, 0, 96 %, 84 %, 4873 MiB, 49140 MiB, 287.46 W, 300.00 W, 72, 1995 MHz
2026/09/23 09:35:22.896, 0, 98 %, 87 %, 4873 MiB, 49140 MiB, 289.31 W, 300.00 W, 72, 1875 MHz
2026/09/23 09:35:23.897, 0, 98 %, 86 %, 4873 MiB, 49140 MiB, 286.52 W, 300.00 W, 72, 2100 MHz
2026/09/23 09:35:24.899, 0, 94 %, 84 %, 4873 MiB, 49140 MiB, 286.65 W, 300.00 W, 72, 2025 MHz
2026/09/23 09:35:25.900, 0, 95 %, 85 %, 4873 MiB, 49140 MiB, 288.36 W, 300.00 W, 72, 2040 MHz
2026/09/23 09:35:26.901, 0, 93 %, 84 %, 4873 MiB, 49140 MiB, 288.31 W, 300.00 W, 73, 2160 MHz
2026/09/23 09:35:27.902, 0, 85 %, 61 %, 4873 MiB, 49140 MiB, 287.27 W, 300.00 W, 73, 2250 MHz
2026/09/23 09:35:28.902, 0, 0 %, 0 %, 4873 MiB, 49140 MiB, 201.80 W, 300.00 W, 67, 2745 MHz
2026/09/23 09:35:29.903, 0, 0 %, 0 %, 4873 MiB, 49140 MiB, 86.53 W, 300.00 W, 66, 2745 MHz
2026/09/23 09:35:30.903, 0, 96 %, 87 %, 4873 MiB, 49140 MiB, 197.17 W, 300.00 W, 70, 2085 MHz
2026/09/23 09:35:31.904, 0, 95 %, 86 %, 4873 MiB, 49140 MiB, 287.76 W, 300.00 W, 70, 2010 MHz
2026/09/23 09:35:32.905, 0, 95 %, 85 %, 4873 MiB, 49140 MiB, 287.55 W, 300.00 W, 71, 1965 MHz
2026/09/23 09:35:33.906, 0, 93 %, 83 %, 4873 MiB, 49140 MiB, 287.47 W, 300.00 W, 72, 2220 MHz
2026/09/23 09:35:34.907, 0, 93 %, 84 %, 4873 MiB, 49140 MiB, 286.24 W, 300.00 W, 73, 2280 MHz
2026/09/23 09:35:35.908, 0, 93 %, 82 %, 4873 MiB, 49140 MiB, 287.76 W, 300.00 W, 72, 2130 MHz
2026/09/23 09:35:36.909, 0, 92 %, 81 %, 4873 MiB, 49140 MiB, 287.01 W, 300.00 W, 71, 1815 MHz
2026/09/23 09:35:37.911, 0, 97 %, 85 %, 4873 MiB, 49140 MiB, 286.80 W, 300.00 W, 72, 1800 MHz
2026/09/23 09:35:38.911, 0, 94 %, 84 %, 4873 MiB, 49140 MiB, 285.77 W, 300.00 W, 71, 1980 MHz
2026/09/23 09:35:39.912, 0, 93 %, 83 %, 4873 MiB, 49140 MiB, 287.99 W, 300.00 W, 72, 2085 MHz
2026/09/23 09:35:40.914, 0, 95 %, 82 %, 4873 MiB, 49140 MiB, 286.34 W, 300.00 W, 73, 2130 MHz
2026/09/23 09:35:41.915, 0, 94 %, 81 %, 4873 MiB, 49140 MiB, 288.71 W, 300.00 W, 72, 2055 MHz
2026/09/23 09:35:42.915, 0, 97 %, 86 %, 4873 MiB, 49140 MiB, 288.61 W, 300.00 W, 72, 1815 MHz
2026/09/23 09:35:43.916, 0, 96 %, 84 %, 4873 MiB, 49140 MiB, 288.22 W, 300.00 W, 73, 1980 MHz
2026/09/23 09:35:44.917, 0, 97 %, 88 %, 4873 MiB, 49140 MiB, 288.69 W, 300.00 W, 71, 1860 MHz
2026/09/23 09:35:45.917, 0, 95 %, 85 %, 4873 MiB, 49140 MiB, 288.40 W, 300.00 W, 71, 2340 MHz
2026/09/23 09:35:46.918, 0, 10 %, 0 %, 4873 MiB, 49140 MiB, 241.95 W, 300.00 W, 67, 2745 MHz
2026/09/23 09:35:47.920, 0, 0 %, 0 %, 4873 MiB, 49140 MiB, 86.64 W, 300.00 W, 66, 2745 MHz
2026/09/23 09:35:48.921, 0, 92 %, 83 %, 4873 MiB, 49140 MiB, 201.47 W, 300.00 W, 72, 2115 MHz
2026/09/23 09:35:49.922, 0, 93 %, 82 %, 4873 MiB, 49140 MiB, 286.34 W, 300.00 W, 71, 2145 MHz
2026/09/23 09:35:50.923, 0, 96 %, 85 %, 4873 MiB, 49140 MiB, 286.21 W, 300.00 W, 71, 2235 MHz
2026/09/23 09:35:51.923, 0, 96 %, 84 %, 4873 MiB, 49140 MiB, 287.68 W, 300.00 W, 71, 2130 MHz
2026/09/23 09:35:52.925, 0, 97 %, 85 %, 4873 MiB, 49140 MiB, 289.34 W, 300.00 W, 71, 2145 MHz
2026/09/23 09:35:53.925, 0, 97 %, 86 %, 4873 MiB, 49140 MiB, 287.07 W, 300.00 W, 71, 1905 MHz
2026/09/23 09:35:54.927, 0, 95 %, 85 %, 4873 MiB, 49140 MiB, 285.98 W, 300.00 W, 71, 1830 MHz
2026/09/23 09:35:55.929, 0, 93 %, 84 %, 4873 MiB, 49140 MiB, 286.79 W, 300.00 W, 72, 2160 MHz
2026/09/23 09:35:56.929, 0, 95 %, 82 %, 4873 MiB, 49140 MiB, 286.59 W, 300.00 W, 73, 2010 MHz
2026/09/23 09:35:57.930, 0, 97 %, 86 %, 4873 MiB, 49140 MiB, 287.01 W, 300.00 W, 72, 2175 MHz
2026/09/23 09:35:58.931, 0, 98 %, 86 %, 4873 MiB, 49140 MiB, 290.01 W, 300.00 W, 72, 2130 MHz
2026/09/23 09:35:59.933, 0, 97 %, 84 %, 4873 MiB, 49140 MiB, 287.10 W, 300.00 W, 72, 2055 MHz
2026/09/23 09:36:00.934, 0, 96 %, 86 %, 4873 MiB, 49140 MiB, 285.73 W, 300.00 W, 71, 1770 MHz
2026/09/23 09:36:01.934, 0, 95 %, 84 %, 4873 MiB, 49140 MiB, 289.49 W, 300.00 W, 72, 2010 MHz
2026/09/23 09:36:02.935, 0, 94 %, 82 %, 4873 MiB, 49140 MiB, 287.46 W, 300.00 W, 73, 1995 MHz
2026/09/23 09:36:03.936, 0, 96 %, 84 %, 4873 MiB, 49140 MiB, 288.89 W, 300.00 W, 72, 2205 MHz
2026/09/23 09:36:04.937, 0, 20 %, 15 %, 4873 MiB, 49140 MiB, 249.45 W, 300.00 W, 68, 2730 MHz
2026/09/23 09:36:05.937, 0, 97 %, 85 %, 4873 MiB, 49140 MiB, 148.66 W, 300.00 W, 71, 2145 MHz
2026/09/23 09:36:06.938, 0, 96 %, 86 %, 4873 MiB, 49140 MiB, 284.76 W, 300.00 W, 70, 1800 MHz
2026/09/23 09:36:07.939, 0, 94 %, 84 %, 4873 MiB, 49140 MiB, 288.32 W, 300.00 W, 71, 1815 MHz
2026/09/23 09:36:08.940, 0, 93 %, 84 %, 4873 MiB, 49140 MiB, 288.39 W, 300.00 W, 72, 2250 MHz
2026/09/23 09:36:09.941, 0, 94 %, 82 %, 4873 MiB, 49140 MiB, 287.64 W, 300.00 W, 73, 2025 MHz
2026/09/23 09:36:10.941, 0, 98 %, 87 %, 4873 MiB, 49140 MiB, 286.83 W, 300.00 W, 72, 2130 MHz
2026/09/23 09:36:11.942, 0, 96 %, 85 %, 4873 MiB, 49140 MiB, 285.20 W, 300.00 W, 70, 1890 MHz
2026/09/23 09:36:12.943, 0, 95 %, 84 %, 4873 MiB, 49140 MiB, 287.03 W, 300.00 W, 71, 1770 MHz
2026/09/23 09:36:13.944, 0, 94 %, 85 %, 4873 MiB, 49140 MiB, 286.24 W, 300.00 W, 73, 2430 MHz
2026/09/23 09:36:14.944, 0, 96 %, 85 %, 4873 MiB, 49140 MiB, 286.30 W, 300.00 W, 72, 2175 MHz
2026/09/23 09:36:15.946, 0, 97 %, 85 %, 4873 MiB, 49140 MiB, 287.34 W, 300.00 W, 72, 2115 MHz
2026/09/23 09:36:16.947, 0, 94 %, 83 %, 4873 MiB, 49140 MiB, 286.98 W, 300.00 W, 73, 2025 MHz
2026/09/23 09:36:17.948, 0, 95 %, 82 %, 4873 MiB, 49140 MiB, 287.45 W, 300.00 W, 71, 1815 MHz
2026/09/23 09:36:18.949, 0, 97 %, 87 %, 4873 MiB, 49140 MiB, 287.87 W, 300.00 W, 73, 2175 MHz
2026/09/23 09:36:19.950, 0, 97 %, 83 %, 4873 MiB, 49140 MiB, 288.43 W, 300.00 W, 73, 1965 MHz
2026/09/23 09:36:20.950, 0, 96 %, 86 %, 4873 MiB, 49140 MiB, 288.61 W, 300.00 W, 72, 2175 MHz
2026/09/23 09:36:21.951, 0, 79 %, 54 %, 4873 MiB, 49140 MiB, 283.19 W, 300.00 W, 73, 2160 MHz
2026/09/23 09:36:22.951, 0, 0 %, 0 %, 4873 MiB, 49140 MiB, 140.83 W, 300.00 W, 66, 2745 MHz
2026/09/23 09:36:23.952, 0, 95 %, 86 %, 4873 MiB, 49140 MiB, 262.32 W, 300.00 W, 72, 2085 MHz
2026/09/23 09:36:24.953, 0, 93 %, 80 %, 4873 MiB, 49140 MiB, 285.79 W, 300.00 W, 71, 1815 MHz
2026/09/23 09:36:25.954, 0, 96 %, 85 %, 4873 MiB, 49140 MiB, 287.73 W, 300.00 W, 73, 2235 MHz
2026/09/23 09:36:26.955, 0, 97 %, 82 %, 4873 MiB, 49140 MiB, 287.68 W, 300.00 W, 72, 2100 MHz
2026/09/23 09:36:27.956, 0, 96 %, 86 %, 4873 MiB, 49140 MiB, 288.71 W, 300.00 W, 72, 2205 MHz
2026/09/23 09:36:28.958, 0, 94 %, 85 %, 4873 MiB, 49140 MiB, 287.85 W, 300.00 W, 72, 2100 MHz
2026/09/23 09:36:29.959, 0, 94 %, 84 %, 4873 MiB, 49140 MiB, 287.90 W, 300.00 W, 73, 2010 MHz
2026/09/23 09:36:30.960, 0, 95 %, 82 %, 4873 MiB, 49140 MiB, 288.31 W, 300.00 W, 72, 1860 MHz
2026/09/23 09:36:31.961, 0, 95 %, 83 %, 4873 MiB, 49140 MiB, 288.81 W, 300.00 W, 71, 1755 MHz
2026/09/23 09:36:32.962, 0, 96 %, 86 %, 4873 MiB, 49140 MiB, 289.03 W, 300.00 W, 72, 2085 MHz
2026/09/23 09:36:33.963, 0, 98 %, 87 %, 4873 MiB, 49140 MiB, 289.05 W, 300.00 W, 73, 1845 MHz
2026/09/23 09:36:34.964, 0, 97 %, 84 %, 4873 MiB, 49140 MiB, 288.24 W, 300.00 W, 73, 1830 MHz
2026/09/23 09:36:35.965, 0, 97 %, 84 %, 4873 MiB, 49140 MiB, 288.73 W, 300.00 W, 72, 2055 MHz
2026/09/23 09:36:36.966, 0, 95 %, 87 %, 4873 MiB, 49140 MiB, 287.65 W, 300.00 W, 72, 2040 MHz
2026/09/23 09:36:37.966, 0, 95 %, 86 %, 4873 MiB, 49140 MiB, 287.26 W, 300.00 W, 73, 2070 MHz
2026/09/23 09:36:38.967, 0, 80 %, 58 %, 4873 MiB, 49140 MiB, 285.52 W, 300.00 W, 74, 2325 MHz
2026/09/23 09:36:39.968, 0, 0 %, 0 %, 4873 MiB, 49140 MiB, 201.76 W, 300.00 W, 67, 2745 MHz
2026/09/23 09:36:40.970, 0, 95 %, 84 %, 4873 MiB, 49140 MiB, 203.44 W, 300.00 W, 72, 2100 MHz
2026/09/23 09:36:41.971, 0, 95 %, 84 %, 4873 MiB, 49140 MiB, 290.51 W, 300.00 W, 72, 2040 MHz
2026/09/23 09:36:42.973, 0, 92 %, 80 %, 4873 MiB, 49140 MiB, 286.13 W, 300.00 W, 74, 1905 MHz
2026/09/23 09:36:43.973, 0, 96 %, 84 %, 4873 MiB, 49140 MiB, 287.19 W, 300.00 W, 72, 2160 MHz
2026/09/23 09:36:44.974, 0, 93 %, 84 %, 4873 MiB, 49140 MiB, 287.09 W, 300.00 W, 72, 1980 MHz
2026/09/23 09:36:45.975, 0, 95 %, 86 %, 4873 MiB, 49140 MiB, 287.01 W, 300.00 W, 73, 2190 MHz
2026/09/23 09:36:46.976, 0, 94 %, 81 %, 4873 MiB, 49140 MiB, 287.28 W, 300.00 W, 72, 2145 MHz
2026/09/23 09:36:47.976, 0, 97 %, 87 %, 4873 MiB, 49140 MiB, 286.66 W, 300.00 W, 73, 1980 MHz
2026/09/23 09:36:48.978, 0, 98 %, 88 %, 4873 MiB, 49140 MiB, 289.93 W, 300.00 W, 73, 1890 MHz
2026/09/23 09:36:49.979, 0, 97 %, 87 %, 4873 MiB, 49140 MiB, 289.51 W, 300.00 W, 74, 1845 MHz
2026/09/23 09:36:50.980, 0, 97 %, 84 %, 4873 MiB, 49140 MiB, 288.41 W, 300.00 W, 73, 1830 MHz
2026/09/23 09:36:51.981, 0, 93 %, 84 %, 4873 MiB, 49140 MiB, 286.89 W, 300.00 W, 72, 2115 MHz
2026/09/23 09:36:52.982, 0, 96 %, 87 %, 4873 MiB, 49140 MiB, 286.98 W, 300.00 W, 72, 1950 MHz
2026/09/23 09:36:53.982, 0, 95 %, 85 %, 4873 MiB, 49140 MiB, 287.08 W, 300.00 W, 73, 2250 MHz
2026/09/23 09:36:54.984, 0, 94 %, 82 %, 4873 MiB, 49140 MiB, 287.21 W, 300.00 W, 72, 2175 MHz
2026/09/23 09:36:55.985, 0, 94 %, 82 %, 4873 MiB, 49140 MiB, 287.85 W, 300.00 W, 71, 2160 MHz
2026/09/23 09:36:56.985, 0, 10 %, 0 %, 4873 MiB, 49140 MiB, 254.37 W, 300.00 W, 68, 2730 MHz
2026/09/23 09:36:57.986, 0, 0 %, 0 %, 4873 MiB, 49140 MiB, 87.26 W, 300.00 W, 66, 2745 MHz
2026/09/23 09:36:58.987, 0, 97 %, 84 %, 4873 MiB, 49140 MiB, 196.22 W, 300.00 W, 72, 2085 MHz
2026/09/23 09:36:59.987, 0, 95 %, 86 %, 4873 MiB, 49140 MiB, 286.11 W, 300.00 W, 71, 2055 MHz
2026/09/23 09:37:00.989, 0, 95 %, 87 %, 4873 MiB, 49140 MiB, 287.11 W, 300.00 W, 72, 2010 MHz
2026/09/23 09:37:01.990, 0, 95 %, 85 %, 4873 MiB, 49140 MiB, 286.29 W, 300.00 W, 72, 2250 MHz
2026/09/23 09:37:02.992, 0, 94 %, 81 %, 4873 MiB, 49140 MiB, 286.93 W, 300.00 W, 71, 2115 MHz
2026/09/23 09:37:03.993, 0, 96 %, 86 %, 4873 MiB, 49140 MiB, 287.20 W, 300.00 W, 72, 2100 MHz
2026/09/23 09:37:04.994, 0, 97 %, 87 %, 4873 MiB, 49140 MiB, 289.17 W, 300.00 W, 73, 1875 MHz
2026/09/23 09:37:05.994, 0, 97 %, 86 %, 4873 MiB, 49140 MiB, 288.77 W, 300.00 W, 73, 1815 MHz
2026/09/23 09:37:06.995, 0, 96 %, 84 %, 4873 MiB, 49140 MiB, 288.45 W, 300.00 W, 73, 1800 MHz
2026/09/23 09:37:07.996, 0, 97 %, 84 %, 4873 MiB, 49140 MiB, 287.31 W, 300.00 W, 72, 2070 MHz
2026/09/23 09:37:08.997, 0, 95 %, 86 %, 4873 MiB, 49140 MiB, 287.45 W, 300.00 W, 72, 2010 MHz
2026/09/23 09:37:09.998, 0, 95 %, 83 %, 4873 MiB, 49140 MiB, 285.38 W, 300.00 W, 72, 2175 MHz
2026/09/23 09:37:10.999, 0, 95 %, 82 %, 4873 MiB, 49140 MiB, 288.17 W, 300.00 W, 72, 2145 MHz
2026/09/23 09:37:12.000, 0, 95 %, 84 %, 4873 MiB, 49140 MiB, 287.98 W, 300.00 W, 72, 2070 MHz
2026/09/23 09:37:13.001, 0, 97 %, 86 %, 4873 MiB, 49140 MiB, 287.82 W, 300.00 W, 73, 1770 MHz
2026/09/23 09:37:14.002, 0, 95 %, 84 %, 4873 MiB, 49140 MiB, 287.80 W, 300.00 W, 72, 2130 MHz
2026/09/23 09:37:15.002, 0, 7 %, 0 %, 4873 MiB, 49140 MiB, 262.18 W, 300.00 W, 68, 2730 MHz
2026/09/23 09:37:16.003, 0, 0 %, 0 %, 4873 MiB, 49140 MiB, 86.66 W, 300.00 W, 66, 2745 MHz
2026/09/23 09:37:17.003, 0, 97 %, 86 %, 4873 MiB, 49140 MiB, 162.72 W, 300.00 W, 72, 1845 MHz
2026/09/23 09:37:18.006, 0, 97 %, 83 %, 4873 MiB, 49140 MiB, 286.62 W, 300.00 W, 71, 2010 MHz
2026/09/23 09:37:19.006, 0, 97 %, 86 %, 4873 MiB, 49140 MiB, 287.79 W, 300.00 W, 72, 2205 MHz
2026/09/23 09:37:20.007, 0, 95 %, 84 %, 4873 MiB, 49140 MiB, 288.05 W, 300.00 W, 71, 2175 MHz
2026/09/23 09:37:21.008, 0, 91 %, 83 %, 4873 MiB, 49140 MiB, 286.29 W, 300.00 W, 71, 2085 MHz
2026/09/23 09:37:22.008, 0, 95 %, 87 %, 4873 MiB, 49140 MiB, 286.83 W, 300.00 W, 71, 1815 MHz
2026/09/23 09:37:23.009, 0, 95 %, 85 %, 4873 MiB, 49140 MiB, 287.30 W, 300.00 W, 71, 1815 MHz
2026/09/23 09:37:24.010, 0, 95 %, 86 %, 4873 MiB, 49140 MiB, 287.40 W, 300.00 W, 72, 1860 MHz
2026/09/23 09:37:25.011, 0, 95 %, 83 %, 4873 MiB, 49140 MiB, 286.03 W, 300.00 W, 72, 2205 MHz
2026/09/23 09:37:26.012, 0, 93 %, 81 %, 4873 MiB, 49140 MiB, 286.73 W, 300.00 W, 70, 2070 MHz
2026/09/23 09:37:27.013, 0, 95 %, 85 %, 4873 MiB, 49140 MiB, 287.58 W, 300.00 W, 72, 2250 MHz
2026/09/23 09:37:28.013, 0, 98 %, 88 %, 4873 MiB, 49140 MiB, 288.68 W, 300.00 W, 73, 2145 MHz
2026/09/23 09:37:29.014, 0, 97 %, 86 %, 4873 MiB, 49140 MiB, 288.29 W, 300.00 W, 73, 2145 MHz
2026/09/23 09:37:30.015, 0, 94 %, 86 %, 4873 MiB, 49140 MiB, 286.54 W, 300.00 W, 72, 1875 MHz
2026/09/23 09:37:31.016, 0, 89 %, 82 %, 4873 MiB, 49140 MiB, 284.39 W, 300.00 W, 72, 2235 MHz
2026/09/23 09:37:32.016, 0, 93 %, 80 %, 4873 MiB, 49140 MiB, 286.40 W, 300.00 W, 71, 2055 MHz
2026/09/23 09:37:33.017, 0, 89 %, 61 %, 4873 MiB, 49140 MiB, 286.71 W, 300.00 W, 71, 1860 MHz
2026/09/23 09:37:34.017, 0, 0 %, 0 %, 4873 MiB, 49140 MiB, 109.92 W, 300.00 W, 66, 2745 MHz
2026/09/23 09:37:35.018, 0, 96 %, 87 %, 4873 MiB, 49140 MiB, 141.03 W, 300.00 W, 70, 2205 MHz
2026/09/23 09:37:36.021, 0, 94 %, 81 %, 4873 MiB, 49140 MiB, 285.80 W, 300.00 W, 72, 2160 MHz
2026/09/23 09:37:37.022, 0, 97 %, 83 %, 4873 MiB, 49140 MiB, 287.40 W, 300.00 W, 72, 2130 MHz
2026/09/23 09:37:38.023, 0, 93 %, 85 %, 4873 MiB, 49140 MiB, 284.00 W, 300.00 W, 72, 2055 MHz
2026/09/23 09:37:39.024, 0, 96 %, 83 %, 4873 MiB, 49140 MiB, 285.42 W, 300.00 W, 73, 2115 MHz
2026/09/23 09:37:40.025, 0, 95 %, 81 %, 4873 MiB, 49140 MiB, 287.04 W, 300.00 W, 73, 2010 MHz
2026/09/23 09:37:41.025, 0, 96 %, 83 %, 4873 MiB, 49140 MiB, 287.98 W, 300.00 W, 72, 1950 MHz
2026/09/23 09:37:42.026, 0, 96 %, 85 %, 4873 MiB, 49140 MiB, 288.27 W, 300.00 W, 72, 2100 MHz
2026/09/23 09:37:43.027, 0, 96 %, 86 %, 4873 MiB, 49140 MiB, 288.75 W, 300.00 W, 71, 2235 MHz
2026/09/23 09:37:44.028, 0, 97 %, 87 %, 4873 MiB, 49140 MiB, 288.96 W, 300.00 W, 72, 2220 MHz
2026/09/23 09:37:45.029, 0, 97 %, 87 %, 4873 MiB, 49140 MiB, 288.82 W, 300.00 W, 72, 2130 MHz
2026/09/23 09:37:46.030, 0, 98 %, 86 %, 4873 MiB, 49140 MiB, 289.16 W, 300.00 W, 72, 2130 MHz
2026/09/23 09:37:47.031, 0, 95 %, 84 %, 4873 MiB, 49140 MiB, 288.34 W, 300.00 W, 72, 2100 MHz
2026/09/23 09:37:48.032, 0, 96 %, 87 %, 4873 MiB, 49140 MiB, 287.39 W, 300.00 W, 71, 1815 MHz
2026/09/23 09:37:49.034, 0, 95 %, 83 %, 4873 MiB, 49140 MiB, 285.17 W, 300.00 W, 73, 2160 MHz
2026/09/23 09:37:50.035, 0, 95 %, 84 %, 4873 MiB, 49140 MiB, 287.24 W, 300.00 W, 72, 2010 MHz
2026/09/23 09:37:51.036, 0, 80 %, 57 %, 4873 MiB, 49140 MiB, 285.26 W, 300.00 W, 71, 2280 MHz
2026/09/23 09:37:52.036, 0, 0 %, 0 %, 4873 MiB, 49140 MiB, 135.37 W, 300.00 W, 66, 2745 MHz
2026/09/23 09:37:53.037, 0, 0 %, 0 %, 4873 MiB, 49140 MiB, 86.05 W, 300.00 W, 66, 2745 MHz
2026/09/23 09:37:54.037, 0, 96 %, 85 %, 4873 MiB, 49140 MiB, 199.89 W, 300.00 W, 72, 2220 MHz
2026/09/23 09:37:55.038, 0, 94 %, 82 %, 4873 MiB, 49140 MiB, 287.13 W, 300.00 W, 73, 2190 MHz
2026/09/23 09:37:56.039, 0, 94 %, 82 %, 4873 MiB, 49140 MiB, 287.09 W, 300.00 W, 72, 1995 MHz
2026/09/23 09:37:57.041, 0, 95 %, 84 %, 4873 MiB, 49140 MiB, 287.16 W, 300.00 W, 71, 2085 MHz
2026/09/23 09:37:58.042, 0, 96 %, 86 %, 4873 MiB, 49140 MiB, 288.68 W, 300.00 W, 72, 2175 MHz
2026/09/23 09:37:59.043, 0, 94 %, 84 %, 4873 MiB, 49140 MiB, 288.50 W, 300.00 W, 71, 2205 MHz
2026/09/23 09:38:00.044, 0, 97 %, 85 %, 4873 MiB, 49140 MiB, 287.38 W, 300.00 W, 72, 2115 MHz
2026/09/23 09:38:01.045, 0, 96 %, 87 %, 4873 MiB, 49140 MiB, 285.65 W, 300.00 W, 71, 1785 MHz
2026/09/23 09:38:02.046, 0, 94 %, 85 %, 4873 MiB, 49140 MiB, 287.64 W, 300.00 W, 71, 1815 MHz
2026/09/23 09:38:03.047, 0, 95 %, 83 %, 4873 MiB, 49140 MiB, 284.64 W, 300.00 W, 73, 2145 MHz
2026/09/23 09:38:04.048, 0, 90 %, 78 %, 4873 MiB, 49140 MiB, 287.35 W, 300.00 W, 73, 1995 MHz
2026/09/23 09:38:05.049, 0, 96 %, 85 %, 4873 MiB, 49140 MiB, 286.55 W, 300.00 W, 72, 2235 MHz
2026/09/23 09:38:06.050, 0, 97 %, 87 %, 4873 MiB, 49140 MiB, 287.81 W, 300.00 W, 72, 2160 MHz
2026/09/23 09:38:07.051, 0, 96 %, 84 %, 4873 MiB, 49140 MiB, 287.43 W, 300.00 W, 70, 2055 MHz
2026/09/23 09:38:08.052, 0, 95 %, 86 %, 4873 MiB, 49140 MiB, 286.04 W, 300.00 W, 72, 1860 MHz
2026/09/23 09:38:09.053, 0, 92 %, 81 %, 4873 MiB, 49140 MiB, 286.52 W, 300.00 W, 72, 2355 MHz
2026/09/23 09:38:10.054, 0, 0 %, 0 %, 4873 MiB, 49140 MiB, 234.00 W, 300.00 W, 67, 2745 MHz
2026/09/23 09:38:11.054, 0, 95 %, 86 %, 4873 MiB, 49140 MiB, 171.24 W, 300.00 W, 70, 2175 MHz
2026/09/23 09:38:12.056, 0, 96 %, 86 %, 4873 MiB, 49140 MiB, 284.93 W, 300.00 W, 72, 2100 MHz
2026/09/23 09:38:13.058, 0, 94 %, 85 %, 4873 MiB, 49140 MiB, 288.35 W, 300.00 W, 72, 2055 MHz
2026/09/23 09:38:14.059, 0, 94 %, 81 %, 4873 MiB, 49140 MiB, 285.38 W, 300.00 W, 73, 1800 MHz
2026/09/23 09:38:15.060, 0, 97 %, 88 %, 4873 MiB, 49140 MiB, 287.23 W, 300.00 W, 72, 2160 MHz
2026/09/23 09:38:16.060, 0, 97 %, 86 %, 4873 MiB, 49140 MiB, 289.06 W, 300.00 W, 72, 2040 MHz
2026/09/23 09:38:17.061, 0, 97 %, 82 %, 4873 MiB, 49140 MiB, 287.19 W, 300.00 W, 72, 2085 MHz
2026/09/23 09:38:18.062, 0, 93 %, 83 %, 4873 MiB, 49140 MiB, 288.02 W, 300.00 W, 71, 2160 MHz
2026/09/23 09:38:19.064, 0, 96 %, 87 %, 4873 MiB, 49140 MiB, 286.69 W, 300.00 W, 71, 2115 MHz
2026/09/23 09:38:20.065, 0, 93 %, 85 %, 4873 MiB, 49140 MiB, 286.86 W, 300.00 W, 72, 2115 MHz
2026/09/23 09:38:21.065, 0, 96 %, 85 %, 4873 MiB, 49140 MiB, 287.42 W, 300.00 W, 73, 1905 MHz
2026/09/23 09:38:22.066, 0, 94 %, 80 %, 4873 MiB, 49140 MiB, 287.72 W, 300.00 W, 73, 1815 MHz
2026/09/23 09:38:23.067, 0, 95 %, 84 %, 4873 MiB, 49140 MiB, 288.12 W, 300.00 W, 72, 1995 MHz
2026/09/23 09:38:24.068, 0, 95 %, 86 %, 4873 MiB, 49140 MiB, 289.50 W, 300.00 W, 72, 2175 MHz
2026/09/23 09:38:25.069, 0, 98 %, 88 %, 4873 MiB, 49140 MiB, 288.54 W, 300.00 W, 72, 2055 MHz
2026/09/23 09:38:26.069, 0, 96 %, 82 %, 4873 MiB, 49140 MiB, 287.51 W, 300.00 W, 73, 2205 MHz
2026/09/23 09:38:27.070, 0, 80 %, 57 %, 4873 MiB, 49140 MiB, 279.81 W, 300.00 W, 73, 2235 MHz
2026/09/23 09:38:28.071, 0, 0 %, 0 %, 4873 MiB, 49140 MiB, 110.67 W, 300.00 W, 66, 2745 MHz
2026/09/23 09:38:29.072, 0, 95 %, 87 %, 4873 MiB, 49140 MiB, 134.09 W, 300.00 W, 70, 2115 MHz
2026/09/23 09:38:30.073, 0, 95 %, 87 %, 4873 MiB, 49140 MiB, 284.98 W, 300.00 W, 72, 2115 MHz
2026/09/23 09:38:31.074, 0, 94 %, 81 %, 4873 MiB, 49140 MiB, 285.64 W, 300.00 W, 73, 1845 MHz
2026/09/23 09:38:32.074, 0, 94 %, 82 %, 4873 MiB, 49140 MiB, 287.61 W, 300.00 W, 73, 1830 MHz
2026/09/23 09:38:33.075, 0, 95 %, 82 %, 4873 MiB, 49140 MiB, 287.30 W, 300.00 W, 72, 1830 MHz
2026/09/23 09:38:34.076, 0, 94 %, 83 %, 4873 MiB, 49140 MiB, 287.91 W, 300.00 W, 72, 2130 MHz
2026/09/23 09:38:35.077, 0, 97 %, 87 %, 4873 MiB, 49140 MiB, 288.14 W, 300.00 W, 71, 2100 MHz
2026/09/23 09:38:36.078, 0, 97 %, 87 %, 4873 MiB, 49140 MiB, 289.12 W, 300.00 W, 72, 2040 MHz
2026/09/23 09:38:37.080, 0, 96 %, 84 %, 4873 MiB, 49140 MiB, 286.72 W, 300.00 W, 71, 2175 MHz
2026/09/23 09:38:38.081, 0, 95 %, 86 %, 4873 MiB, 49140 MiB, 287.99 W, 300.00 W, 71, 2160 MHz
2026/09/23 09:38:39.082, 0, 95 %, 86 %, 4873 MiB, 49140 MiB, 288.09 W, 300.00 W, 71, 2145 MHz
2026/09/23 09:38:40.083, 0, 95 %, 86 %, 4873 MiB, 49140 MiB, 288.02 W, 300.00 W, 71, 2115 MHz
2026/09/23 09:38:41.084, 0, 94 %, 85 %, 4873 MiB, 49140 MiB, 287.05 W, 300.00 W, 72, 2085 MHz
2026/09/23 09:38:42.084, 0, 95 %, 83 %, 4873 MiB, 49140 MiB, 286.96 W, 300.00 W, 73, 1890 MHz
2026/09/23 09:38:43.086, 0, 95 %, 84 %, 4873 MiB, 49140 MiB, 287.20 W, 300.00 W, 72, 1875 MHz
2026/09/23 09:38:44.087, 0, 94 %, 84 %, 4873 MiB, 49140 MiB, 286.82 W, 300.00 W, 72, 2040 MHz
2026/09/23 09:38:45.088, 0, 82 %, 60 %, 4873 MiB, 49140 MiB, 284.79 W, 300.00 W, 72, 2310 MHz
2026/09/23 09:38:46.088, 0, 0 %, 0 %, 4873 MiB, 49140 MiB, 139.20 W, 300.00 W, 70, 2490 MHz
2026/09/23 09:38:47.089, 0, 97 %, 86 %, 4873 MiB, 49140 MiB, 267.43 W, 300.00 W, 72, 1980 MHz
2026/09/23 09:38:48.089, 0, 98 %, 83 %, 4873 MiB, 49140 MiB, 287.69 W, 300.00 W, 72, 2115 MHz
2026/09/23 09:38:49.090, 0, 93 %, 85 %, 4873 MiB, 49140 MiB, 286.10 W, 300.00 W, 71, 2160 MHz
2026/09/23 09:38:50.091, 0, 95 %, 87 %, 4873 MiB, 49140 MiB, 286.98 W, 300.00 W, 72, 2100 MHz
2026/09/23 09:38:51.092, 0, 94 %, 84 %, 4873 MiB, 49140 MiB, 286.09 W, 300.00 W, 73, 1875 MHz
2026/09/23 09:38:52.093, 0, 95 %, 82 %, 4873 MiB, 49140 MiB, 286.56 W, 300.00 W, 73, 1815 MHz
2026/09/23 09:38:53.093, 0, 96 %, 84 %, 4873 MiB, 49140 MiB, 288.74 W, 300.00 W, 72, 1815 MHz
2026/09/23 09:38:54.095, 0, 95 %, 85 %, 4873 MiB, 49140 MiB, 288.00 W, 300.00 W, 72, 2235 MHz
2026/09/23 09:38:55.095, 0, 97 %, 87 %, 4873 MiB, 49140 MiB, 288.29 W, 300.00 W, 72, 2085 MHz
2026/09/23 09:38:56.096, 0, 97 %, 84 %, 4873 MiB, 49140 MiB, 286.45 W, 300.00 W, 73, 2175 MHz
2026/09/23 09:38:57.098, 0, 95 %, 86 %, 4873 MiB, 49140 MiB, 288.96 W, 300.00 W, 71, 2175 MHz
2026/09/23 09:38:58.099, 0, 94 %, 85 %, 4873 MiB, 49140 MiB, 287.15 W, 300.00 W, 72, 2040 MHz
2026/09/23 09:38:59.100, 0, 94 %, 82 %, 4873 MiB, 49140 MiB, 286.99 W, 300.00 W, 74, 1755 MHz
2026/09/23 09:39:00.101, 0, 95 %, 82 %, 4873 MiB, 49140 MiB, 288.83 W, 300.00 W, 72, 1920 MHz
2026/09/23 09:39:01.102, 0, 95 %, 85 %, 4873 MiB, 49140 MiB, 288.83 W, 300.00 W, 72, 1800 MHz
2026/09/23 09:39:02.104, 0, 80 %, 57 %, 4873 MiB, 49140 MiB, 285.05 W, 300.00 W, 69, 2700 MHz
2026/09/23 09:39:03.104, 0, 0 %, 0 %, 4873 MiB, 49140 MiB, 128.40 W, 300.00 W, 71, 1830 MHz
2026/09/23 09:39:04.106, 0, 97 %, 86 %, 4873 MiB, 49140 MiB, 286.79 W, 300.00 W, 72, 1995 MHz
2026/09/23 09:39:05.107, 0, 98 %, 84 %, 4873 MiB, 49140 MiB, 288.82 W, 300.00 W, 72, 2235 MHz
2026/09/23 09:39:06.108, 0, 96 %, 86 %, 4873 MiB, 49140 MiB, 287.76 W, 300.00 W, 71, 2025 MHz
2026/09/23 09:39:07.109, 0, 95 %, 86 %, 4873 MiB, 49140 MiB, 285.73 W, 300.00 W, 72, 2250 MHz
2026/09/23 09:39:08.110, 0, 95 %, 84 %, 4873 MiB, 49140 MiB, 287.40 W, 300.00 W, 73, 2145 MHz
2026/09/23 09:39:09.112, 0, 95 %, 83 %, 4873 MiB, 49140 MiB, 289.19 W, 300.00 W, 74, 2160 MHz
2026/09/23 09:39:10.113, 0, 96 %, 82 %, 4873 MiB, 49140 MiB, 288.27 W, 300.00 W, 73, 2100 MHz
2026/09/23 09:39:11.114, 0, 97 %, 87 %, 4873 MiB, 49140 MiB, 287.09 W, 300.00 W, 72, 1755 MHz
2026/09/23 09:39:12.115, 0, 97 %, 86 %, 4873 MiB, 49140 MiB, 289.60 W, 300.00 W, 73, 1830 MHz
2026/09/23 09:39:13.116, 0, 96 %, 83 %, 4873 MiB, 49140 MiB, 288.16 W, 300.00 W, 71, 2190 MHz
2026/09/23 09:39:14.116, 0, 95 %, 86 %, 4873 MiB, 49140 MiB, 287.64 W, 300.00 W, 72, 1950 MHz
2026/09/23 09:39:15.118, 0, 95 %, 86 %, 4873 MiB, 49140 MiB, 286.68 W, 300.00 W, 73, 2190 MHz
2026/09/23 09:39:16.120, 0, 95 %, 83 %, 4873 MiB, 49140 MiB, 288.05 W, 300.00 W, 74, 2145 MHz
2026/09/23 09:39:17.120, 0, 89 %, 77 %, 4873 MiB, 49140 MiB, 287.78 W, 300.00 W, 73, 1950 MHz
2026/09/23 09:39:18.122, 0, 97 %, 86 %, 4873 MiB, 49140 MiB, 290.00 W, 300.00 W, 72, 1800 MHz
2026/09/23 09:39:19.122, 0, 98 %, 86 %, 4873 MiB, 49140 MiB, 286.28 W, 300.00 W, 73, 1845 MHz
2026/09/23 09:39:20.123, 0, 0 %, 0 %, 4873 MiB, 49140 MiB, 159.96 W, 300.00 W, 67, 2745 MHz
2026/09/23 09:39:21.124, 0, 95 %, 84 %, 4873 MiB, 49140 MiB, 241.28 W, 300.00 W, 71, 1965 MHz
2026/09/23 09:39:22.125, 0, 94 %, 86 %, 4873 MiB, 49140 MiB, 286.33 W, 300.00 W, 72, 2235 MHz
2026/09/23 09:39:23.126, 0, 95 %, 84 %, 4873 MiB, 49140 MiB, 288.06 W, 300.00 W, 74, 2115 MHz
2026/09/23 09:39:24.127, 0, 95 %, 81 %, 4873 MiB, 49140 MiB, 288.13 W, 300.00 W, 72, 1845 MHz
2026/09/23 09:39:25.128, 0, 97 %, 86 %, 4873 MiB, 49140 MiB, 289.76 W, 300.00 W, 72, 1770 MHz
2026/09/23 09:39:26.129, 0, 95 %, 81 %, 4873 MiB, 49140 MiB, 286.87 W, 300.00 W, 71, 2160 MHz
2026/09/23 09:39:27.130, 0, 95 %, 86 %, 4873 MiB, 49140 MiB, 287.99 W, 300.00 W, 72, 1965 MHz
2026/09/23 09:39:28.131, 0, 94 %, 85 %, 4873 MiB, 49140 MiB, 287.35 W, 300.00 W, 73, 2205 MHz
2026/09/23 09:39:29.132, 0, 94 %, 83 %, 4873 MiB, 49140 MiB, 287.55 W, 300.00 W, 74, 2130 MHz
2026/09/23 09:39:30.133, 0, 95 %, 83 %, 4873 MiB, 49140 MiB, 289.05 W, 300.00 W, 72, 2085 MHz
2026/09/23 09:39:31.133, 0, 96 %, 85 %, 4873 MiB, 49140 MiB, 289.15 W, 300.00 W, 72, 1800 MHz
2026/09/23 09:39:32.134, 0, 97 %, 86 %, 4873 MiB, 49140 MiB, 289.41 W, 300.00 W, 73, 1755 MHz
2026/09/23 09:39:33.135, 0, 97 %, 83 %, 4873 MiB, 49140 MiB, 289.52 W, 300.00 W, 73, 2085 MHz
2026/09/23 09:39:34.136, 0, 96 %, 86 %, 4873 MiB, 49140 MiB, 287.36 W, 300.00 W, 73, 2145 MHz
2026/09/23 09:39:35.136, 0, 94 %, 83 %, 4873 MiB, 49140 MiB, 285.80 W, 300.00 W, 74, 2085 MHz
2026/09/23 09:39:36.137, 0, 96 %, 83 %, 4873 MiB, 49140 MiB, 289.61 W, 300.00 W, 73, 1755 MHz
2026/09/23 09:39:37.138, 0, 87 %, 61 %, 4873 MiB, 49140 MiB, 225.54 W, 300.00 W, 67, 2745 MHz
2026/09/23 09:39:38.139, 0, 1 %, 0 %, 4873 MiB, 49140 MiB, 177.76 W, 300.00 W, 72, 1815 MHz
2026/09/23 09:39:39.140, 0, 97 %, 86 %, 4873 MiB, 49140 MiB, 288.73 W, 300.00 W, 72, 1740 MHz
2026/09/23 09:39:40.140, 0, 98 %, 83 %, 4873 MiB, 49140 MiB, 288.29 W, 300.00 W, 72, 2115 MHz
2026/09/23 09:39:41.141, 0, 95 %, 84 %, 4873 MiB, 49140 MiB, 288.21 W, 300.00 W, 71, 1980 MHz
2026/09/23 09:39:42.142, 0, 95 %, 86 %, 4873 MiB, 49140 MiB, 287.66 W, 300.00 W, 73, 2250 MHz
2026/09/23 09:39:43.143, 0, 95 %, 83 %, 4873 MiB, 49140 MiB, 286.98 W, 300.00 W, 74, 2130 MHz
2026/09/23 09:39:44.143, 0, 95 %, 81 %, 4873 MiB, 49140 MiB, 288.65 W, 300.00 W, 72, 2115 MHz
2026/09/23 09:39:45.144, 0, 96 %, 85 %, 4873 MiB, 49140 MiB, 289.58 W, 300.00 W, 72, 1845 MHz
2026/09/23 09:39:46.145, 0, 97 %, 86 %, 4873 MiB, 49140 MiB, 288.06 W, 300.00 W, 73, 1980 MHz
2026/09/23 09:39:47.146, 0, 96 %, 84 %, 4873 MiB, 49140 MiB, 288.83 W, 300.00 W, 72, 2100 MHz
2026/09/23 09:39:48.147, 0, 95 %, 86 %, 4873 MiB, 49140 MiB, 288.29 W, 300.00 W, 72, 2025 MHz
2026/09/23 09:39:49.147, 0, 95 %, 84 %, 4873 MiB, 49140 MiB, 286.17 W, 300.00 W, 73, 1965 MHz
2026/09/23 09:39:50.148, 0, 95 %, 83 %, 4873 MiB, 49140 MiB, 288.95 W, 300.00 W, 72, 2130 MHz
2026/09/23 09:39:51.148, 0, 97 %, 86 %, 4873 MiB, 49140 MiB, 287.96 W, 300.00 W, 73, 2010 MHz
2026/09/23 09:39:52.149, 0, 94 %, 83 %, 4873 MiB, 49140 MiB, 287.91 W, 300.00 W, 72, 1755 MHz
2026/09/23 09:39:53.150, 0, 95 %, 86 %, 4873 MiB, 49140 MiB, 286.30 W, 300.00 W, 74, 2100 MHz
2026/09/23 09:39:54.151, 0, 79 %, 56 %, 4873 MiB, 49140 MiB, 281.40 W, 300.00 W, 73, 2460 MHz
2026/09/23 09:39:55.151, 0, 0 %, 0 %, 4873 MiB, 49140 MiB, 117.49 W, 300.00 W, 72, 2130 MHz
2026/09/23 09:39:56.152, 0, 94 %, 81 %, 4873 MiB, 49140 MiB, 283.54 W, 300.00 W, 72, 2160 MHz
2026/09/23 09:39:57.153, 0, 96 %, 85 %, 4873 MiB, 49140 MiB, 288.88 W, 300.00 W, 72, 2115 MHz
2026/09/23 09:39:58.154, 0, 98 %, 87 %, 4873 MiB, 49140 MiB, 288.03 W, 300.00 W, 73, 2025 MHz
2026/09/23 09:39:59.154, 0, 96 %, 84 %, 4873 MiB, 49140 MiB, 288.52 W, 300.00 W, 71, 1785 MHz
2026/09/23 09:40:00.155, 0, 93 %, 84 %, 4873 MiB, 49140 MiB, 286.20 W, 300.00 W, 73, 2190 MHz
2026/09/23 09:40:01.156, 0, 88 %, 76 %, 4873 MiB, 49140 MiB, 285.40 W, 300.00 W, 72, 2160 MHz
2026/09/23 09:40:02.156, 0, 97 %, 85 %, 4873 MiB, 49140 MiB, 288.16 W, 300.00 W, 73, 2040 MHz
2026/09/23 09:40:03.157, 0, 97 %, 84 %, 4873 MiB, 49140 MiB, 289.17 W, 300.00 W, 71, 1815 MHz
2026/09/23 09:40:04.158, 0, 95 %, 86 %, 4873 MiB, 49140 MiB, 289.06 W, 300.00 W, 72, 1785 MHz
2026/09/23 09:40:05.159, 0, 93 %, 84 %, 4873 MiB, 49140 MiB, 288.33 W, 300.00 W, 73, 2100 MHz
2026/09/23 09:40:06.159, 0, 93 %, 81 %, 4873 MiB, 49140 MiB, 287.71 W, 300.00 W, 72, 2070 MHz
2026/09/23 09:40:07.160, 0, 95 %, 85 %, 4873 MiB, 49140 MiB, 288.35 W, 300.00 W, 72, 2115 MHz
2026/09/23 09:40:08.162, 0, 98 %, 86 %, 4873 MiB, 49140 MiB, 285.65 W, 300.00 W, 72, 1860 MHz
2026/09/23 09:40:09.164, 0, 95 %, 86 %, 4873 MiB, 49140 MiB, 288.49 W, 300.00 W, 73, 1995 MHz
2026/09/23 09:40:10.166, 0, 93 %, 83 %, 4873 MiB, 49140 MiB, 289.18 W, 300.00 W, 74, 1995 MHz
2026/09/23 09:40:11.166, 0, 95 %, 81 %, 4873 MiB, 49140 MiB, 285.30 W, 300.00 W, 73, 2115 MHz
2026/09/23 09:40:12.167, 0, 76 %, 55 %, 4873 MiB, 49140 MiB, 174.97 W, 300.00 W, 67, 2745 MHz
2026/09/23 09:40:13.168, 0, 93 %, 81 %, 4873 MiB, 49140 MiB, 236.76 W, 300.00 W, 73, 2025 MHz
2026/09/23 09:40:14.168, 0, 95 %, 81 %, 4873 MiB, 49140 MiB, 294.22 W, 300.00 W, 73, 2100 MHz
2026/09/23 09:40:15.169, 0, 97 %, 88 %, 4873 MiB, 49140 MiB, 292.09 W, 300.00 W, 72, 2175 MHz
2026/09/23 09:40:16.170, 0, 94 %, 84 %, 4873 MiB, 49140 MiB, 292.43 W, 300.00 W, 72, 2115 MHz
2026/09/23 09:40:17.171, 0, 95 %, 84 %, 4873 MiB, 49140 MiB, 293.70 W, 300.00 W, 73, 2160 MHz
2026/09/23 09:40:18.173, 0, 94 %, 84 %, 4873 MiB, 49140 MiB, 293.20 W, 300.00 W, 73, 2115 MHz
2026/09/23 09:40:19.174, 0, 95 %, 85 %, 4873 MiB, 49140 MiB, 293.09 W, 300.00 W, 73, 2115 MHz
2026/09/23 09:40:20.175, 0, 93 %, 84 %, 4873 MiB, 49140 MiB, 292.17 W, 300.00 W, 72, 1890 MHz
2026/09/23 09:40:21.176, 0, 96 %, 83 %, 4873 MiB, 49140 MiB, 293.66 W, 300.00 W, 72, 1875 MHz
2026/09/23 09:40:22.177, 0, 95 %, 83 %, 4873 MiB, 49140 MiB, 293.63 W, 300.00 W, 71, 1815 MHz
2026/09/23 09:40:23.178, 0, 93 %, 81 %, 4873 MiB, 49140 MiB, 293.65 W, 300.00 W, 72, 1830 MHz
2026/09/23 09:40:24.178, 0, 97 %, 87 %, 4873 MiB, 49140 MiB, 292.71 W, 300.00 W, 74, 2220 MHz
2026/09/23 09:40:25.179, 0, 98 %, 86 %, 4873 MiB, 49140 MiB, 291.73 W, 300.00 W, 73, 2085 MHz
2026/09/23 09:40:26.180, 0, 95 %, 85 %, 4873 MiB, 49140 MiB, 288.93 W, 300.00 W, 73, 2190 MHz
2026/09/23 09:40:27.181, 0, 94 %, 86 %, 4873 MiB, 49140 MiB, 285.48 W, 300.00 W, 73, 2010 MHz
2026/09/23 09:40:28.183, 0, 93 %, 82 %, 4873 MiB, 49140 MiB, 286.79 W, 300.00 W, 71, 2220 MHz
2026/09/23 09:40:29.183, 0, 84 %, 61 %, 4873 MiB, 49140 MiB, 224.79 W, 300.00 W, 68, 2745 MHz
2026/09/23 09:40:30.184, 0, 0 %, 0 %, 4873 MiB, 49140 MiB, 171.87 W, 300.00 W, 71, 2145 MHz
2026/09/23 09:40:31.185, 0, 95 %, 85 %, 4873 MiB, 49140 MiB, 287.29 W, 300.00 W, 72, 2100 MHz
2026/09/23 09:40:32.185, 0, 94 %, 85 %, 4873 MiB, 49140 MiB, 287.73 W, 300.00 W, 73, 2070 MHz
2026/09/23 09:40:33.186, 0, 88 %, 79 %, 4873 MiB, 49140 MiB, 286.23 W, 300.00 W, 72, 1980 MHz
2026/09/23 09:40:34.188, 0, 96 %, 85 %, 4873 MiB, 49140 MiB, 287.98 W, 300.00 W, 74, 2025 MHz
2026/09/23 09:40:35.188, 0, 98 %, 85 %, 4873 MiB, 49140 MiB, 287.99 W, 300.00 W, 72, 2250 MHz
2026/09/23 09:40:36.189, 0, 94 %, 85 %, 4873 MiB, 49140 MiB, 287.07 W, 300.00 W, 72, 2085 MHz
2026/09/23 09:40:37.190, 0, 93 %, 84 %, 4873 MiB, 49140 MiB, 287.27 W, 300.00 W, 73, 1920 MHz
2026/09/23 09:40:38.192, 0, 94 %, 82 %, 4873 MiB, 49140 MiB, 287.25 W, 300.00 W, 72, 2040 MHz
2026/09/23 09:40:39.193, 0, 96 %, 84 %, 4873 MiB, 49140 MiB, 287.51 W, 300.00 W, 74, 1785 MHz
2026/09/23 09:40:40.194, 0, 97 %, 87 %, 4873 MiB, 49140 MiB, 287.98 W, 300.00 W, 72, 2160 MHz
2026/09/23 09:40:41.194, 0, 96 %, 86 %, 4873 MiB, 49140 MiB, 287.84 W, 300.00 W, 72, 1935 MHz
2026/09/23 09:40:42.196, 0, 95 %, 85 %, 4873 MiB, 49140 MiB, 288.10 W, 300.00 W, 73, 2175 MHz
2026/09/23 09:40:43.198, 0, 95 %, 86 %, 4873 MiB, 49140 MiB, 287.16 W, 300.00 W, 71, 2145 MHz
2026/09/23 09:40:44.199, 0, 95 %, 82 %, 4873 MiB, 49140 MiB, 288.14 W, 300.00 W, 73, 2025 MHz
2026/09/23 09:40:45.200, 0, 98 %, 86 %, 4873 MiB, 49140 MiB, 288.46 W, 300.00 W, 74, 1770 MHz
2026/09/23 09:40:46.200, 0, 84 %, 60 %, 4873 MiB, 49140 MiB, 284.71 W, 300.00 W, 74, 2145 MHz
2026/09/23 09:40:47.201, 0, 0 %, 0 %, 4873 MiB, 49140 MiB, 136.49 W, 300.00 W, 70, 2280 MHz
2026/09/23 09:40:48.202, 0, 95 %, 86 %, 4873 MiB, 49140 MiB, 286.04 W, 300.00 W, 72, 1980 MHz
2026/09/23 09:40:49.203, 0, 95 %, 85 %, 4873 MiB, 49140 MiB, 287.16 W, 300.00 W, 73, 2115 MHz
2026/09/23 09:40:50.204, 0, 93 %, 82 %, 4873 MiB, 49140 MiB, 286.23 W, 300.00 W, 72, 2100 MHz
2026/09/23 09:40:51.204, 0, 98 %, 86 %, 4873 MiB, 49140 MiB, 288.43 W, 300.00 W, 73, 1800 MHz
2026/09/23 09:40:52.205, 0, 96 %, 83 %, 4873 MiB, 49140 MiB, 287.74 W, 300.00 W, 73, 1950 MHz
2026/09/23 09:40:53.206, 0, 94 %, 85 %, 4873 MiB, 49140 MiB, 286.36 W, 300.00 W, 72, 2010 MHz
2026/09/23 09:40:54.207, 0, 93 %, 84 %, 4873 MiB, 49140 MiB, 287.44 W, 300.00 W, 73, 2190 MHz
2026/09/23 09:40:55.207, 0, 94 %, 84 %, 4873 MiB, 49140 MiB, 289.54 W, 300.00 W, 72, 2160 MHz
2026/09/23 09:40:56.208, 0, 95 %, 82 %, 4873 MiB, 49140 MiB, 288.75 W, 300.00 W, 71, 2145 MHz
2026/09/23 09:40:57.210, 0, 95 %, 82 %, 4873 MiB, 49140 MiB, 288.74 W, 300.00 W, 73, 2055 MHz
2026/09/23 09:40:58.211, 0, 97 %, 85 %, 4873 MiB, 49140 MiB, 289.25 W, 300.00 W, 74, 1785 MHz
2026/09/23 09:40:59.212, 0, 97 %, 86 %, 4873 MiB, 49140 MiB, 286.63 W, 300.00 W, 72, 2130 MHz
2026/09/23 09:41:00.213, 0, 94 %, 84 %, 4873 MiB, 49140 MiB, 287.37 W, 300.00 W, 72, 2085 MHz
2026/09/23 09:41:01.214, 0, 95 %, 86 %, 4873 MiB, 49140 MiB, 288.29 W, 300.00 W, 73, 2145 MHz
2026/09/23 09:41:02.215, 0, 95 %, 83 %, 4873 MiB, 49140 MiB, 287.88 W, 300.00 W, 72, 2025 MHz
2026/09/23 09:41:03.216, 0, 97 %, 86 %, 4873 MiB, 49140 MiB, 286.53 W, 300.00 W, 74, 1815 MHz
2026/09/23 09:41:04.216, 0, 26 %, 19 %, 4873 MiB, 49140 MiB, 183.20 W, 300.00 W, 67, 2730 MHz
2026/09/23 09:41:05.217, 0, 95 %, 82 %, 4873 MiB, 49140 MiB, 224.95 W, 300.00 W, 71, 2130 MHz
2026/09/23 09:41:06.218, 0, 96 %, 84 %, 4873 MiB, 49140 MiB, 287.59 W, 300.00 W, 73, 2190 MHz
2026/09/23 09:41:07.219, 0, 97 %, 84 %, 4873 MiB, 49140 MiB, 288.67 W, 300.00 W, 73, 1785 MHz
2026/09/23 09:41:08.221, 0, 98 %, 87 %, 4873 MiB, 49140 MiB, 289.08 W, 300.00 W, 72, 2130 MHz
2026/09/23 09:41:09.221, 0, 95 %, 86 %, 4873 MiB, 49140 MiB, 288.46 W, 300.00 W, 72, 2025 MHz
2026/09/23 09:41:10.222, 0, 94 %, 85 %, 4873 MiB, 49140 MiB, 286.00 W, 300.00 W, 72, 2160 MHz
2026/09/23 09:41:11.224, 0, 94 %, 82 %, 4873 MiB, 49140 MiB, 288.35 W, 300.00 W, 71, 2160 MHz
2026/09/23 09:41:12.226, 0, 97 %, 84 %, 4873 MiB, 49140 MiB, 288.98 W, 300.00 W, 72, 2055 MHz
2026/09/23 09:41:13.226, 0, 97 %, 86 %, 4873 MiB, 49140 MiB, 289.15 W, 300.00 W, 73, 1875 MHz
2026/09/23 09:41:14.227, 0, 97 %, 85 %, 4873 MiB, 49140 MiB, 288.28 W, 300.00 W, 73, 1980 MHz
2026/09/23 09:41:15.228, 0, 95 %, 85 %, 4873 MiB, 49140 MiB, 287.98 W, 300.00 W, 72, 1995 MHz
2026/09/23 09:41:16.228, 0, 94 %, 83 %, 4873 MiB, 49140 MiB, 287.83 W, 300.00 W, 73, 2220 MHz
2026/09/23 09:41:17.229, 0, 93 %, 82 %, 4873 MiB, 49140 MiB, 288.33 W, 300.00 W, 71, 2100 MHz
2026/09/23 09:41:18.230, 0, 96 %, 84 %, 4873 MiB, 49140 MiB, 289.45 W, 300.00 W, 73, 1920 MHz
2026/09/23 09:41:19.230, 0, 97 %, 85 %, 4873 MiB, 49140 MiB, 290.05 W, 300.00 W, 74, 1740 MHz
2026/09/23 09:41:20.231, 0, 97 %, 84 %, 4873 MiB, 49140 MiB, 288.57 W, 300.00 W, 72, 2160 MHz
2026/09/23 09:41:21.231, 0, 75 %, 54 %, 4873 MiB, 49140 MiB, 241.68 W, 300.00 W, 68, 2730 MHz
2026/09/23 09:41:22.232, 0, 0 %, 0 %, 4873 MiB, 49140 MiB, 163.49 W, 300.00 W, 72, 2115 MHz
2026/09/23 09:41:23.233, 0, 94 %, 84 %, 4873 MiB, 49140 MiB, 286.90 W, 300.00 W, 72, 1950 MHz
2026/09/23 09:41:24.233, 0, 94 %, 84 %, 4873 MiB, 49140 MiB, 287.68 W, 300.00 W, 72, 2235 MHz
2026/09/23 09:41:25.234, 0, 94 %, 82 %, 4873 MiB, 49140 MiB, 288.18 W, 300.00 W, 72, 2070 MHz
2026/09/23 09:41:26.235, 0, 97 %, 85 %, 4873 MiB, 49140 MiB, 288.08 W, 300.00 W, 74, 2100 MHz
2026/09/23 09:41:27.236, 0, 95 %, 84 %, 4873 MiB, 49140 MiB, 288.28 W, 300.00 W, 72, 1845 MHz
2026/09/23 09:41:28.237, 0, 91 %, 81 %, 4873 MiB, 49140 MiB, 287.91 W, 300.00 W, 73, 1890 MHz
2026/09/23 09:41:29.237, 0, 94 %, 85 %, 4873 MiB, 49140 MiB, 288.17 W, 300.00 W, 72, 2055 MHz
2026/09/23 09:41:30.238, 0, 94 %, 81 %, 4873 MiB, 49140 MiB, 288.01 W, 300.00 W, 73, 2130 MHz
2026/09/23 09:41:31.240, 0, 97 %, 85 %, 4873 MiB, 49140 MiB, 288.48 W, 300.00 W, 73, 2070 MHz
2026/09/23 09:41:32.240, 0, 96 %, 87 %, 4873 MiB, 49140 MiB, 287.84 W, 300.00 W, 72, 1800 MHz
2026/09/23 09:41:33.241, 0, 93 %, 83 %, 4873 MiB, 49140 MiB, 286.72 W, 300.00 W, 72, 1995 MHz
2026/09/23 09:41:34.242, 0, 94 %, 82 %, 4873 MiB, 49140 MiB, 289.45 W, 300.00 W, 72, 2025 MHz
2026/09/23 09:41:35.242, 0, 96 %, 84 %, 4873 MiB, 49140 MiB, 290.16 W, 300.00 W, 73, 2145 MHz
2026/09/23 09:41:36.244, 0, 97 %, 85 %, 4873 MiB, 49140 MiB, 288.72 W, 300.00 W, 73, 1995 MHz
2026/09/23 09:41:37.245, 0, 95 %, 86 %, 4873 MiB, 49140 MiB, 288.30 W, 300.00 W, 72, 1755 MHz
2026/09/23 09:41:38.245, 0, 80 %, 58 %, 4873 MiB, 49140 MiB, 285.54 W, 300.00 W, 73, 2235 MHz
2026/09/23 09:41:39.246, 0, 0 %, 0 %, 4873 MiB, 49140 MiB, 137.11 W, 300.00 W, 70, 2025 MHz
2026/09/23 09:41:40.246, 0, 95 %, 87 %, 4873 MiB, 49140 MiB, 281.56 W, 300.00 W, 71, 1815 MHz
2026/09/23 09:41:41.247, 0, 95 %, 85 %, 4873 MiB, 49140 MiB, 292.59 W, 300.00 W, 72, 1845 MHz
2026/09/23 09:41:42.248, 0, 95 %, 85 %, 4873 MiB, 49140 MiB, 292.32 W, 300.00 W, 73, 2175 MHz
2026/09/23 09:41:43.249, 0, 94 %, 83 %, 4873 MiB, 49140 MiB, 292.56 W, 300.00 W, 74, 2100 MHz
2026/09/23 09:41:44.250, 0, 95 %, 82 %, 4873 MiB, 49140 MiB, 294.20 W, 300.00 W, 74, 2040 MHz
2026/09/23 09:41:45.252, 0, 96 %, 84 %, 4873 MiB, 49140 MiB, 293.65 W, 300.00 W, 72, 2265 MHz
2026/09/23 09:41:46.253, 0, 97 %, 86 %, 4873 MiB, 49140 MiB, 292.31 W, 300.00 W, 73, 2130 MHz
2026/09/23 09:41:47.255, 0, 97 %, 84 %, 4873 MiB, 49140 MiB, 288.39 W, 300.00 W, 72, 1980 MHz
2026/09/23 09:41:48.256, 0, 96 %, 86 %, 4873 MiB, 49140 MiB, 288.77 W, 300.00 W, 72, 1755 MHz
2026/09/23 09:41:49.256, 0, 96 %, 85 %, 4873 MiB, 49140 MiB, 288.16 W, 300.00 W, 73, 2100 MHz
2026/09/23 09:41:50.257, 0, 94 %, 82 %, 4873 MiB, 49140 MiB, 287.88 W, 300.00 W, 73, 1980 MHz
2026/09/23 09:41:51.259, 0, 96 %, 84 %, 4873 MiB, 49140 MiB, 289.14 W, 300.00 W, 72, 2175 MHz
2026/09/23 09:41:52.259, 0, 98 %, 85 %, 4873 MiB, 49140 MiB, 288.56 W, 300.00 W, 73, 2085 MHz
2026/09/23 09:41:53.260, 0, 97 %, 86 %, 4873 MiB, 49140 MiB, 288.03 W, 300.00 W, 72, 1785 MHz
2026/09/23 09:41:54.262, 0, 92 %, 82 %, 4873 MiB, 49140 MiB, 286.16 W, 300.00 W, 74, 2130 MHz
2026/09/23 09:41:55.263, 0, 94 %, 82 %, 4873 MiB, 49140 MiB, 284.80 W, 300.00 W, 74, 2130 MHz
2026/09/23 09:41:56.264, 0, 82 %, 57 %, 4873 MiB, 49140 MiB, 186.55 W, 300.00 W, 66, 2505 MHz
2026/09/23 09:41:57.265, 0, 93 %, 81 %, 4873 MiB, 49140 MiB, 205.02 W, 300.00 W, 72, 2115 MHz
2026/09/23 09:41:58.267, 0, 97 %, 83 %, 4873 MiB, 49140 MiB, 289.00 W, 300.00 W, 72, 2040 MHz
2026/09/23 09:41:59.267, 0, 97 %, 87 %, 4873 MiB, 49140 MiB, 288.58 W, 300.00 W, 71, 1830 MHz
2026/09/23 09:42:00.268, 0, 95 %, 85 %, 4873 MiB, 49140 MiB, 288.26 W, 300.00 W, 72, 1785 MHz
2026/09/23 09:42:01.269, 0, 94 %, 84 %, 4873 MiB, 49140 MiB, 286.79 W, 300.00 W, 74, 2055 MHz
2026/09/23 09:42:02.270, 0, 95 %, 82 %, 4873 MiB, 49140 MiB, 286.58 W, 300.00 W, 72, 2175 MHz
2026/09/23 09:42:03.271, 0, 96 %, 84 %, 4873 MiB, 49140 MiB, 287.47 W, 300.00 W, 72, 1980 MHz
2026/09/23 09:42:04.272, 0, 96 %, 86 %, 4873 MiB, 49140 MiB, 288.52 W, 300.00 W, 72, 1755 MHz
2026/09/23 09:42:05.273, 0, 93 %, 83 %, 4873 MiB, 49140 MiB, 287.24 W, 300.00 W, 73, 2145 MHz
2026/09/23 09:42:06.274, 0, 94 %, 82 %, 4873 MiB, 49140 MiB, 288.19 W, 300.00 W, 73, 1950 MHz
2026/09/23 09:42:07.275, 0, 96 %, 83 %, 4873 MiB, 49140 MiB, 289.13 W, 300.00 W, 72, 2190 MHz
2026/09/23 09:42:08.276, 0, 96 %, 83 %, 4873 MiB, 49140 MiB, 288.81 W, 300.00 W, 73, 2010 MHz
2026/09/23 09:42:09.277, 0, 97 %, 86 %, 4873 MiB, 49140 MiB, 288.81 W, 300.00 W, 72, 1845 MHz
2026/09/23 09:42:10.278, 0, 96 %, 86 %, 4873 MiB, 49140 MiB, 288.66 W, 300.00 W, 72, 1755 MHz
2026/09/23 09:42:11.278, 0, 94 %, 86 %, 4873 MiB, 49140 MiB, 284.79 W, 300.00 W, 72, 2205 MHz
2026/09/23 09:42:12.279, 0, 97 %, 85 %, 4873 MiB, 49140 MiB, 288.68 W, 300.00 W, 72, 2100 MHz
2026/09/23 09:42:13.280, 0, 81 %, 57 %, 4873 MiB, 49140 MiB, 263.23 W, 300.00 W, 68, 2730 MHz
2026/09/23 09:42:14.280, 0, 0 %, 0 %, 4873 MiB, 49140 MiB, 138.62 W, 300.00 W, 70, 2130 MHz
2026/09/23 09:42:15.281, 0, 94 %, 84 %, 4873 MiB, 49140 MiB, 285.33 W, 300.00 W, 73, 2025 MHz
2026/09/23 09:42:16.282, 0, 94 %, 84 %, 4873 MiB, 49140 MiB, 287.62 W, 300.00 W, 73, 1785 MHz
2026/09/23 09:42:17.282, 0, 95 %, 83 %, 4873 MiB, 49140 MiB, 287.40 W, 300.00 W, 72, 2145 MHz
2026/09/23 09:42:18.283, 0, 97 %, 85 %, 4873 MiB, 49140 MiB, 287.29 W, 300.00 W, 72, 2235 MHz
2026/09/23 09:42:19.284, 0, 97 %, 88 %, 4873 MiB, 49140 MiB, 287.99 W, 300.00 W, 71, 2160 MHz
2026/09/23 09:42:20.285, 0, 95 %, 85 %, 4873 MiB, 49140 MiB, 286.23 W, 300.00 W, 74, 1815 MHz
2026/09/23 09:42:21.286, 0, 91 %, 80 %, 4873 MiB, 49140 MiB, 287.83 W, 300.00 W, 72, 1980 MHz
2026/09/23 09:42:22.286, 0, 96 %, 85 %, 4873 MiB, 49140 MiB, 289.25 W, 300.00 W, 72, 2040 MHz
2026/09/23 09:42:23.288, 0, 98 %, 85 %, 4873 MiB, 49140 MiB, 285.97 W, 300.00 W, 71, 2130 MHz
2026/09/23 09:42:24.289, 0, 93 %, 83 %, 4873 MiB, 49140 MiB, 286.61 W, 300.00 W, 73, 1890 MHz
2026/09/23 09:42:25.290, 0, 95 %, 83 %, 4873 MiB, 49140 MiB, 287.58 W, 300.00 W, 72, 1920 MHz
2026/09/23 09:42:26.290, 0, 97 %, 85 %, 4873 MiB, 49140 MiB, 289.13 W, 300.00 W, 72, 2055 MHz
2026/09/23 09:42:27.293, 0, 97 %, 84 %, 4873 MiB, 49140 MiB, 286.89 W, 300.00 W, 71, 2115 MHz
2026/09/23 09:42:28.293, 0, 95 %, 86 %, 4873 MiB, 49140 MiB, 287.92 W, 300.00 W, 73, 2040 MHz
2026/09/23 09:42:29.294, 0, 96 %, 85 %, 4873 MiB, 49140 MiB, 287.42 W, 300.00 W, 73, 1755 MHz
2026/09/23 09:42:30.296, 0, 94 %, 81 %, 4873 MiB, 49140 MiB, 287.37 W, 300.00 W, 74, 1905 MHz
2026/09/23 09:42:31.297, 0, 0 %, 0 %, 4873 MiB, 49140 MiB, 156.89 W, 300.00 W, 67, 2745 MHz
2026/09/23 09:42:32.298, 0, 97 %, 86 %, 4873 MiB, 49140 MiB, 235.91 W, 300.00 W, 72, 1995 MHz
2026/09/23 09:42:33.299, 0, 97 %, 83 %, 4873 MiB, 49140 MiB, 288.48 W, 300.00 W, 73, 2100 MHz
2026/09/23 09:42:34.300, 0, 98 %, 88 %, 4873 MiB, 49140 MiB, 288.50 W, 300.00 W, 71, 2145 MHz
2026/09/23 09:42:35.303, 0, 94 %, 83 %, 4873 MiB, 49140 MiB, 287.16 W, 300.00 W, 72, 1965 MHz
2026/09/23 09:42:36.303, 0, 95 %, 85 %, 4873 MiB, 49140 MiB, 287.39 W, 300.00 W, 72, 1845 MHz
2026/09/23 09:42:37.305, 0, 96 %, 84 %, 4873 MiB, 49140 MiB, 288.77 W, 300.00 W, 72, 2190 MHz
2026/09/23 09:42:38.305, 0, 97 %, 84 %, 4873 MiB, 49140 MiB, 287.73 W, 300.00 W, 72, 2085 MHz
2026/09/23 09:42:39.306, 0, 97 %, 88 %, 4873 MiB, 49140 MiB, 289.18 W, 300.00 W, 71, 2145 MHz
2026/09/23 09:42:40.307, 0, 93 %, 83 %, 4873 MiB, 49140 MiB, 285.58 W, 300.00 W, 74, 1860 MHz
2026/09/23 09:42:41.308, 0, 93 %, 82 %, 4873 MiB, 49140 MiB, 286.58 W, 300.00 W, 72, 1860 MHz
2026/09/23 09:42:42.309, 0, 96 %, 85 %, 4873 MiB, 49140 MiB, 288.14 W, 300.00 W, 72, 1995 MHz
2026/09/23 09:42:43.311, 0, 98 %, 85 %, 4873 MiB, 49140 MiB, 288.37 W, 300.00 W, 71, 2160 MHz
2026/09/23 09:42:44.312, 0, 96 %, 87 %, 4873 MiB, 49140 MiB, 289.04 W, 300.00 W, 72, 2100 MHz
2026/09/23 09:42:45.313, 0, 94 %, 83 %, 4873 MiB, 49140 MiB, 286.64 W, 300.00 W, 73, 1830 MHz
2026/09/23 09:42:46.313, 0, 94 %, 82 %, 4873 MiB, 49140 MiB, 288.55 W, 300.00 W, 73, 1770 MHz
2026/09/23 09:42:47.314, 0, 96 %, 84 %, 4873 MiB, 49140 MiB, 289.83 W, 300.00 W, 73, 2220 MHz
2026/09/23 09:42:48.315, 0, 84 %, 57 %, 4873 MiB, 49140 MiB, 237.58 W, 300.00 W, 67, 2730 MHz
2026/09/23 09:42:49.315, 0, 0 %, 0 %, 4873 MiB, 49140 MiB, 161.50 W, 300.00 W, 71, 2145 MHz
2026/09/23 09:42:50.318, 0, 92 %, 82 %, 4873 MiB, 49140 MiB, 287.70 W, 300.00 W, 72, 2055 MHz
2026/09/23 09:42:51.319, 0, 94 %, 82 %, 4873 MiB, 49140 MiB, 286.37 W, 300.00 W, 72, 1905 MHz
2026/09/23 09:42:52.319, 0, 97 %, 85 %, 4873 MiB, 49140 MiB, 287.71 W, 300.00 W, 72, 1995 MHz
2026/09/23 09:42:53.320, 0, 98 %, 85 %, 4873 MiB, 49140 MiB, 287.09 W, 300.00 W, 71, 2205 MHz
2026/09/23 09:42:54.320, 0, 96 %, 86 %, 4873 MiB, 49140 MiB, 288.42 W, 300.00 W, 72, 2115 MHz
2026/09/23 09:42:55.321, 0, 93 %, 82 %, 4873 MiB, 49140 MiB, 288.28 W, 300.00 W, 73, 1995 MHz
2026/09/23 09:42:56.322, 0, 95 %, 86 %, 4873 MiB, 49140 MiB, 288.62 W, 300.00 W, 74, 1830 MHz
2026/09/23 09:42:57.323, 0, 95 %, 83 %, 4873 MiB, 49140 MiB, 288.98 W, 300.00 W, 73, 1755 MHz
2026/09/23 09:42:58.324, 0, 95 %, 82 %, 4873 MiB, 49140 MiB, 289.48 W, 300.00 W, 72, 2025 MHz
2026/09/23 09:42:59.325, 0, 97 %, 85 %, 4873 MiB, 49140 MiB, 289.67 W, 300.00 W, 72, 1995 MHz
2026/09/23 09:43:00.325, 0, 97 %, 85 %, 4873 MiB, 49140 MiB, 288.60 W, 300.00 W, 73, 2190 MHz
2026/09/23 09:43:01.326, 0, 96 %, 86 %, 4873 MiB, 49140 MiB, 288.47 W, 300.00 W, 71, 2130 MHz
2026/09/23 09:43:02.327, 0, 91 %, 81 %, 4873 MiB, 49140 MiB, 286.38 W, 300.00 W, 74, 1800 MHz
2026/09/23 09:43:03.329, 0, 95 %, 82 %, 4873 MiB, 49140 MiB, 288.15 W, 300.00 W, 72, 1905 MHz
2026/09/23 09:43:04.329, 0, 97 %, 84 %, 4873 MiB, 49140 MiB, 287.16 W, 300.00 W, 73, 2070 MHz
2026/09/23 09:43:05.330, 0, 81 %, 57 %, 4873 MiB, 49140 MiB, 283.55 W, 300.00 W, 73, 2325 MHz
2026/09/23 09:43:06.331, 0, 0 %, 0 %, 4873 MiB, 49140 MiB, 130.73 W, 300.00 W, 70, 2010 MHz
2026/09/23 09:43:07.331, 0, 97 %, 85 %, 4873 MiB, 49140 MiB, 267.10 W, 300.00 W, 72, 1815 MHz
2026/09/23 09:43:08.335, 0, 97 %, 85 %, 4873 MiB, 49140 MiB, 289.34 W, 300.00 W, 72, 2115 MHz
2026/09/23 09:43:09.336, 0, 97 %, 88 %, 4873 MiB, 49140 MiB, 288.67 W, 300.00 W, 71, 1995 MHz
2026/09/23 09:43:10.338, 0, 94 %, 84 %, 4873 MiB, 49140 MiB, 287.14 W, 300.00 W, 73, 2190 MHz
2026/09/23 09:43:11.339, 0, 95 %, 83 %, 4873 MiB, 49140 MiB, 288.00 W, 300.00 W, 73, 2130 MHz
2026/09/23 09:43:12.339, 0, 96 %, 84 %, 4873 MiB, 49140 MiB, 288.46 W, 300.00 W, 72, 1860 MHz
2026/09/23 09:43:13.342, 0, 97 %, 84 %, 4873 MiB, 49140 MiB, 288.43 W, 300.00 W, 72, 1830 MHz
2026/09/23 09:43:14.343, 0, 97 %, 87 %, 4873 MiB, 49140 MiB, 287.46 W, 300.00 W, 71, 1950 MHz
2026/09/23 09:43:15.343, 0, 93 %, 83 %, 4873 MiB, 49140 MiB, 287.02 W, 300.00 W, 74, 2145 MHz
2026/09/23 09:43:16.344, 0, 94 %, 81 %, 4873 MiB, 49140 MiB, 288.45 W, 300.00 W, 72, 2085 MHz
2026/09/23 09:43:17.344, 0, 97 %, 86 %, 4873 MiB, 49140 MiB, 288.58 W, 300.00 W, 72, 1740 MHz
2026/09/23 09:43:18.346, 0, 97 %, 86 %, 4873 MiB, 49140 MiB, 287.87 W, 300.00 W, 71, 2040 MHz
2026/09/23 09:43:19.346, 0, 94 %, 84 %, 4873 MiB, 49140 MiB, 288.48 W, 300.00 W, 73, 2010 MHz
2026/09/23 09:43:20.347, 0, 95 %, 86 %, 4873 MiB, 49140 MiB, 287.22 W, 300.00 W, 74, 2115 MHz
2026/09/23 09:43:21.348, 0, 95 %, 83 %, 4873 MiB, 49140 MiB, 289.25 W, 300.00 W, 72, 2040 MHz
2026/09/23 09:43:22.350, 0, 96 %, 84 %, 4873 MiB, 49140 MiB, 285.39 W, 300.00 W, 74, 1845 MHz
2026/09/23 09:43:23.350, 0, 88 %, 63 %, 4873 MiB, 49140 MiB, 207.13 W, 300.00 W, 67, 2745 MHz
2026/09/23 09:43:24.352, 0, 95 %, 88 %, 4873 MiB, 49140 MiB, 196.20 W, 300.00 W, 71, 2025 MHz
2026/09/23 09:43:25.354, 0, 95 %, 84 %, 4873 MiB, 49140 MiB, 285.76 W, 300.00 W, 73, 2160 MHz
2026/09/23 09:43:26.355, 0, 94 %, 82 %, 4873 MiB, 49140 MiB, 287.19 W, 300.00 W, 72, 2010 MHz
2026/09/23 09:43:27.355, 0, 97 %, 85 %, 4873 MiB, 49140 MiB, 288.93 W, 300.00 W, 72, 1770 MHz
2026/09/23 09:43:28.358, 0, 97 %, 84 %, 4873 MiB, 49140 MiB, 288.67 W, 300.00 W, 73, 2070 MHz
2026/09/23 09:43:29.359, 0, 97 %, 88 %, 4873 MiB, 49140 MiB, 288.57 W, 300.00 W, 71, 1995 MHz
2026/09/23 09:43:30.360, 0, 94 %, 83 %, 4873 MiB, 49140 MiB, 288.17 W, 300.00 W, 73, 2115 MHz
2026/09/23 09:43:31.361, 0, 95 %, 86 %, 4873 MiB, 49140 MiB, 288.33 W, 300.00 W, 74, 2115 MHz
2026/09/23 09:43:32.361, 0, 95 %, 82 %, 4873 MiB, 49140 MiB, 289.21 W, 300.00 W, 73, 2055 MHz
2026/09/23 09:43:33.362, 0, 95 %, 83 %, 4873 MiB, 49140 MiB, 289.80 W, 300.00 W, 72, 1815 MHz
2026/09/23 09:43:34.364, 0, 97 %, 84 %, 4873 MiB, 49140 MiB, 289.83 W, 300.00 W, 73, 1770 MHz
2026/09/23 09:43:35.368, 0, 97 %, 85 %, 4873 MiB, 49140 MiB, 289.42 W, 300.00 W, 72, 2175 MHz
2026/09/23 09:43:36.368, 0, 95 %, 85 %, 4873 MiB, 49140 MiB, 288.40 W, 300.00 W, 73, 2100 MHz
2026/09/23 09:43:37.369, 0, 93 %, 84 %, 4873 MiB, 49140 MiB, 287.53 W, 300.00 W, 74, 2160 MHz
2026/09/23 09:43:38.370, 0, 95 %, 83 %, 4873 MiB, 49140 MiB, 289.19 W, 300.00 W, 73, 1890 MHz
2026/09/23 09:43:39.371, 0, 97 %, 86 %, 4873 MiB, 49140 MiB, 288.85 W, 300.00 W, 73, 1860 MHz
2026/09/23 09:43:40.372, 0, 83 %, 58 %, 4873 MiB, 49140 MiB, 275.40 W, 300.00 W, 68, 2730 MHz
2026/09/23 09:43:41.372, 0, 0 %, 0 %, 4873 MiB, 49140 MiB, 128.34 W, 300.00 W, 72, 1815 MHz
2026/09/23 09:43:42.373, 0, 97 %, 85 %, 4873 MiB, 49140 MiB, 287.54 W, 300.00 W, 71, 2070 MHz
2026/09/23 09:43:43.374, 0, 96 %, 86 %, 4873 MiB, 49140 MiB, 288.29 W, 300.00 W, 72, 2040 MHz
2026/09/23 09:43:44.374, 0, 94 %, 84 %, 4873 MiB, 49140 MiB, 287.71 W, 300.00 W, 73, 2085 MHz
2026/09/23 09:43:45.377, 0, 95 %, 81 %, 4873 MiB, 49140 MiB, 288.77 W, 300.00 W, 72, 1815 MHz
2026/09/23 09:43:46.377, 0, 96 %, 84 %, 4873 MiB, 49140 MiB, 289.18 W, 300.00 W, 73, 1920 MHz
2026/09/23 09:43:47.378, 0, 97 %, 85 %, 4873 MiB, 49140 MiB, 289.77 W, 300.00 W, 71, 2010 MHz
2026/09/23 09:43:48.379, 0, 94 %, 83 %, 4873 MiB, 49140 MiB, 287.55 W, 300.00 W, 73, 2145 MHz
2026/09/23 09:43:49.380, 0, 94 %, 82 %, 4873 MiB, 49140 MiB, 288.95 W, 300.00 W, 73, 2055 MHz
2026/09/23 09:43:50.381, 0, 95 %, 83 %, 4873 MiB, 49140 MiB, 289.63 W, 300.00 W, 72, 1755 MHz
2026/09/23 09:43:51.382, 0, 95 %, 83 %, 4873 MiB, 49140 MiB, 288.08 W, 300.00 W, 73, 2130 MHz
2026/09/23 09:43:52.383, 0, 95 %, 85 %, 4873 MiB, 49140 MiB, 287.56 W, 300.00 W, 73, 2085 MHz
2026/09/23 09:43:53.384, 0, 94 %, 84 %, 4873 MiB, 49140 MiB, 288.77 W, 300.00 W, 74, 2115 MHz
2026/09/23 09:43:54.385, 0, 95 %, 82 %, 4873 MiB, 49140 MiB, 288.93 W, 300.00 W, 72, 2115 MHz
2026/09/23 09:43:55.386, 0, 97 %, 83 %, 4873 MiB, 49140 MiB, 289.52 W, 300.00 W, 73, 2025 MHz
2026/09/23 09:43:56.387, 0, 98 %, 87 %, 4873 MiB, 49140 MiB, 289.45 W, 300.00 W, 72, 1770 MHz
2026/09/23 09:43:57.388, 0, 90 %, 79 %, 4873 MiB, 49140 MiB, 285.74 W, 300.00 W, 73, 1920 MHz
2026/09/23 09:43:58.388, 0, 17 %, 13 %, 4873 MiB, 49140 MiB, 179.07 W, 300.00 W, 67, 2730 MHz
2026/09/23 09:43:59.392, 0, 98 %, 87 %, 4873 MiB, 49140 MiB, 222.35 W, 300.00 W, 71, 1800 MHz
2026/09/23 09:44:00.393, 0, 95 %, 85 %, 4873 MiB, 49140 MiB, 287.79 W, 300.00 W, 73, 2310 MHz
2026/09/23 09:44:01.393, 0, 95 %, 83 %, 4873 MiB, 49140 MiB, 286.48 W, 300.00 W, 72, 2190 MHz
2026/09/23 09:44:02.394, 0, 98 %, 86 %, 4873 MiB, 49140 MiB, 289.65 W, 300.00 W, 72, 2070 MHz
2026/09/23 09:44:03.395, 0, 97 %, 86 %, 4873 MiB, 49140 MiB, 287.10 W, 300.00 W, 72, 1785 MHz
2026/09/23 09:44:04.396, 0, 95 %, 84 %, 4873 MiB, 49140 MiB, 287.24 W, 300.00 W, 74, 2025 MHz
2026/09/23 09:44:05.397, 0, 94 %, 82 %, 4873 MiB, 49140 MiB, 288.59 W, 300.00 W, 72, 2205 MHz
2026/09/23 09:44:06.398, 0, 96 %, 84 %, 4873 MiB, 49140 MiB, 289.47 W, 300.00 W, 73, 1980 MHz
2026/09/23 09:44:07.399, 0, 98 %, 84 %, 4873 MiB, 49140 MiB, 289.21 W, 300.00 W, 72, 1860 MHz
2026/09/23 09:44:08.400, 0, 90 %, 80 %, 4873 MiB, 49140 MiB, 287.60 W, 300.00 W, 72, 2085 MHz
2026/09/23 09:44:09.400, 0, 95 %, 86 %, 4873 MiB, 49140 MiB, 289.13 W, 300.00 W, 74, 1995 MHz
2026/09/23 09:44:10.401, 0, 93 %, 81 %, 4873 MiB, 49140 MiB, 288.31 W, 300.00 W, 72, 2145 MHz
2026/09/23 09:44:11.401, 0, 97 %, 86 %, 4873 MiB, 49140 MiB, 288.06 W, 300.00 W, 73, 2025 MHz
2026/09/23 09:44:12.402, 0, 98 %, 85 %, 4873 MiB, 49140 MiB, 288.99 W, 300.00 W, 73, 1935 MHz
2026/09/23 09:44:13.403, 0, 97 %, 87 %, 4873 MiB, 49140 MiB, 288.06 W, 300.00 W, 73, 2010 MHz
2026/09/23 09:44:14.404, 0, 94 %, 85 %, 4873 MiB, 49140 MiB, 289.25 W, 300.00 W, 74, 1995 MHz
2026/09/23 09:44:15.405, 0, 82 %, 57 %, 4873 MiB, 49140 MiB, 240.30 W, 300.00 W, 68, 2730 MHz
2026/09/23 09:44:16.407, 0, 0 %, 0 %, 4873 MiB, 49140 MiB, 154.91 W, 300.00 W, 72, 2145 MHz
2026/09/23 09:44:17.407, 0, 94 %, 82 %, 4873 MiB, 49140 MiB, 287.61 W, 300.00 W, 73, 2085 MHz
2026/09/23 09:44:18.408, 0, 95 %, 83 %, 4873 MiB, 49140 MiB, 288.99 W, 300.00 W, 72, 2115 MHz
2026/09/23 09:44:19.409, 0, 97 %, 84 %, 4873 MiB, 49140 MiB, 286.36 W, 300.00 W, 72, 1920 MHz
2026/09/23 09:44:20.410, 0, 96 %, 86 %, 4873 MiB, 49140 MiB, 287.01 W, 300.00 W, 72, 1860 MHz
2026/09/23 09:44:21.414, 0, 93 %, 84 %, 4873 MiB, 49140 MiB, 287.97 W, 300.00 W, 73, 1935 MHz
2026/09/23 09:44:22.415, 0, 97 %, 85 %, 4873 MiB, 49140 MiB, 286.68 W, 300.00 W, 72, 2115 MHz
2026/09/23 09:44:23.416, 0, 98 %, 85 %, 4873 MiB, 49140 MiB, 287.24 W, 300.00 W, 71, 1815 MHz
2026/09/23 09:44:24.417, 0, 95 %, 85 %, 4873 MiB, 49140 MiB, 289.27 W, 300.00 W, 72, 1770 MHz
2026/09/23 09:44:25.418, 0, 96 %, 86 %, 4873 MiB, 49140 MiB, 289.10 W, 300.00 W, 74, 2070 MHz
2026/09/23 09:44:26.421, 0, 97 %, 82 %, 4873 MiB, 49140 MiB, 287.71 W, 300.00 W, 73, 2190 MHz
2026/09/23 09:44:27.421, 0, 94 %, 86 %, 4873 MiB, 49140 MiB, 288.25 W, 300.00 W, 73, 2085 MHz
2026/09/23 09:44:28.422, 0, 95 %, 86 %, 4873 MiB, 49140 MiB, 287.63 W, 300.00 W, 73, 1905 MHz
2026/09/23 09:44:29.423, 0, 94 %, 80 %, 4873 MiB, 49140 MiB, 289.11 W, 300.00 W, 72, 1755 MHz
2026/09/23 09:44:30.424, 0, 95 %, 84 %, 4873 MiB, 49140 MiB, 288.50 W, 300.00 W, 73, 2115 MHz
2026/09/23 09:44:31.425, 0, 97 %, 85 %, 4873 MiB, 49140 MiB, 289.43 W, 300.00 W, 73, 1995 MHz
2026/09/23 09:44:32.426, 0, 89 %, 73 %, 4873 MiB, 49140 MiB, 285.18 W, 300.00 W, 73, 2145 MHz
2026/09/23 09:44:33.427, 0, 0 %, 0 %, 4873 MiB, 49140 MiB, 132.55 W, 300.00 W, 66, 2505 MHz
2026/09/23 09:44:34.428, 0, 94 %, 80 %, 4873 MiB, 49140 MiB, 257.65 W, 300.00 W, 71, 1785 MHz
2026/09/23 09:44:35.429, 0, 96 %, 84 %, 4873 MiB, 49140 MiB, 287.98 W, 300.00 W, 73, 2175 MHz
2026/09/23 09:44:36.433, 0, 98 %, 83 %, 4873 MiB, 49140 MiB, 287.12 W, 300.00 W, 72, 2160 MHz
2026/09/23 09:44:37.433, 0, 94 %, 85 %, 4873 MiB, 49140 MiB, 288.02 W, 300.00 W, 72, 2130 MHz
2026/09/23 09:44:38.434, 0, 95 %, 86 %, 4873 MiB, 49140 MiB, 288.54 W, 300.00 W, 73, 2010 MHz
2026/09/23 09:44:39.435, 0, 91 %, 78 %, 4873 MiB, 49140 MiB, 288.38 W, 300.00 W, 72, 2070 MHz
2026/09/23 09:44:40.435, 0, 96 %, 85 %, 4873 MiB, 49140 MiB, 289.64 W, 300.00 W, 73, 1815 MHz
2026/09/23 09:44:41.437, 0, 98 %, 87 %, 4873 MiB, 49140 MiB, 290.07 W, 300.00 W, 74, 1755 MHz
2026/09/23 09:44:42.438, 0, 97 %, 83 %, 4873 MiB, 49140 MiB, 289.25 W, 300.00 W, 73, 2025 MHz
2026/09/23 09:44:43.438, 0, 96 %, 85 %, 4873 MiB, 49140 MiB, 288.85 W, 300.00 W, 72, 2070 MHz
2026/09/23 09:44:44.439, 0, 91 %, 82 %, 4873 MiB, 49140 MiB, 287.06 W, 300.00 W, 73, 2205 MHz
2026/09/23 09:44:45.441, 0, 94 %, 82 %, 4873 MiB, 49140 MiB, 287.93 W, 300.00 W, 72, 2115 MHz
2026/09/23 09:44:46.441, 0, 94 %, 83 %, 4873 MiB, 49140 MiB, 289.36 W, 300.00 W, 72, 2010 MHz
2026/09/23 09:44:47.442, 0, 97 %, 87 %, 4873 MiB, 49140 MiB, 287.65 W, 300.00 W, 74, 1770 MHz
2026/09/23 09:44:48.443, 0, 98 %, 83 %, 4873 MiB, 49140 MiB, 289.52 W, 300.00 W, 72, 1965 MHz
2026/09/23 09:44:49.443, 0, 96 %, 86 %, 4873 MiB, 49140 MiB, 288.96 W, 300.00 W, 73, 1860 MHz
2026/09/23 09:44:50.444, 0, 87 %, 60 %, 4873 MiB, 49140 MiB, 208.79 W, 300.00 W, 67, 2730 MHz
2026/09/23 09:44:51.444, 0, 72 %, 65 %, 4873 MiB, 49140 MiB, 192.24 W, 300.00 W, 72, 2190 MHz
2026/09/23 09:44:52.445, 0, 95 %, 81 %, 4873 MiB, 49140 MiB, 287.79 W, 300.00 W, 71, 2100 MHz
2026/09/23 09:44:53.446, 0, 96 %, 86 %, 4873 MiB, 49140 MiB, 288.83 W, 300.00 W, 73, 1815 MHz
2026/09/23 09:44:54.447, 0, 98 %, 86 %, 4873 MiB, 49140 MiB, 288.35 W, 300.00 W, 73, 2055 MHz
2026/09/23 09:44:55.448, 0, 97 %, 85 %, 4873 MiB, 49140 MiB, 288.94 W, 300.00 W, 72, 2025 MHz
2026/09/23 09:44:56.451, 0, 94 %, 85 %, 4873 MiB, 49140 MiB, 286.68 W, 300.00 W, 72, 2190 MHz
2026/09/23 09:44:57.454, 0, 96 %, 82 %, 4873 MiB, 49140 MiB, 287.52 W, 300.00 W, 71, 2115 MHz
2026/09/23 09:44:58.455, 0, 94 %, 82 %, 4873 MiB, 49140 MiB, 288.61 W, 300.00 W, 73, 1800 MHz
2026/09/23 09:44:59.456, 0, 96 %, 81 %, 4873 MiB, 49140 MiB, 287.65 W, 300.00 W, 72, 2190 MHz
2026/09/23 09:45:00.457, 0, 93 %, 84 %, 4873 MiB, 49140 MiB, 286.47 W, 300.00 W, 73, 2145 MHz
2026/09/23 09:45:01.458, 0, 95 %, 84 %, 4873 MiB, 49140 MiB, 287.86 W, 300.00 W, 71, 2100 MHz
2026/09/23 09:45:02.458, 0, 94 %, 83 %, 4873 MiB, 49140 MiB, 288.08 W, 300.00 W, 74, 1860 MHz
2026/09/23 09:45:03.459, 0, 97 %, 85 %, 4873 MiB, 49140 MiB, 289.17 W, 300.00 W, 73, 1905 MHz
2026/09/23 09:45:04.460, 0, 93 %, 83 %, 4873 MiB, 49140 MiB, 287.88 W, 300.00 W, 72, 1950 MHz
2026/09/23 09:45:05.461, 0, 96 %, 87 %, 4873 MiB, 49140 MiB, 288.34 W, 300.00 W, 73, 2190 MHz
2026/09/23 09:45:06.462, 0, 95 %, 82 %, 4873 MiB, 49140 MiB, 288.79 W, 300.00 W, 72, 2085 MHz
2026/09/23 09:45:07.462, 0, 84 %, 58 %, 4873 MiB, 49140 MiB, 282.83 W, 300.00 W, 71, 2055 MHz
2026/09/23 09:45:08.463, 0, 0 %, 0 %, 4873 MiB, 49140 MiB, 137.21 W, 300.00 W, 72, 1770 MHz
2026/09/23 09:45:09.463, 0, 98 %, 86 %, 4873 MiB, 49140 MiB, 287.93 W, 300.00 W, 73, 1875 MHz
2026/09/23 09:45:10.467, 0, 96 %, 84 %, 4873 MiB, 49140 MiB, 289.23 W, 300.00 W, 72, 2145 MHz
2026/09/23 09:45:11.467, 0, 94 %, 85 %, 4873 MiB, 49140 MiB, 288.13 W, 300.00 W, 72, 1950 MHz
2026/09/23 09:45:12.468, 0, 94 %, 86 %, 4873 MiB, 49140 MiB, 287.63 W, 300.00 W, 72, 2175 MHz
2026/09/23 09:45:13.469, 0, 95 %, 81 %, 4873 MiB, 49140 MiB, 288.46 W, 300.00 W, 71, 2130 MHz
2026/09/23 09:45:14.469, 0, 95 %, 85 %, 4873 MiB, 49140 MiB, 288.47 W, 300.00 W, 74, 1830 MHz
2026/09/23 09:45:15.470, 0, 97 %, 85 %, 4873 MiB, 49140 MiB, 288.52 W, 300.00 W, 73, 1980 MHz
2026/09/23 09:45:16.471, 0, 95 %, 85 %, 4873 MiB, 49140 MiB, 288.38 W, 300.00 W, 72, 2010 MHz
2026/09/23 09:45:17.471, 0, 94 %, 85 %, 4873 MiB, 49140 MiB, 287.58 W, 300.00 W, 73, 2220 MHz
2026/09/23 09:45:18.473, 0, 94 %, 81 %, 4873 MiB, 49140 MiB, 287.73 W, 300.00 W, 71, 2145 MHz
2026/09/23 09:45:19.473, 0, 94 %, 84 %, 4873 MiB, 49140 MiB, 286.36 W, 300.00 W, 74, 1770 MHz
2026/09/23 09:45:20.475, 0, 98 %, 83 %, 4873 MiB, 49140 MiB, 289.74 W, 300.00 W, 73, 2055 MHz
2026/09/23 09:45:21.476, 0, 86 %, 78 %, 4873 MiB, 49140 MiB, 287.32 W, 300.00 W, 73, 2010 MHz
2026/09/23 09:45:22.476, 0, 95 %, 83 %, 4873 MiB, 49140 MiB, 286.88 W, 300.00 W, 71, 2115 MHz
2026/09/23 09:45:23.477, 0, 95 %, 84 %, 4873 MiB, 49140 MiB, 289.25 W, 300.00 W, 73, 1995 MHz
2026/09/23 09:45:24.478, 0, 97 %, 86 %, 4873 MiB, 49140 MiB, 285.86 W, 300.00 W, 74, 2205 MHz
2026/09/23 09:45:25.480, 0, 0 %, 0 %, 4873 MiB, 49140 MiB, 173.07 W, 300.00 W, 67, 2745 MHz
2026/09/23 09:45:26.480, 0, 92 %, 83 %, 4873 MiB, 49140 MiB, 227.84 W, 300.00 W, 73, 2190 MHz
2026/09/23 09:45:27.482, 0, 93 %, 81 %, 4873 MiB, 49140 MiB, 287.73 W, 300.00 W, 71, 2010 MHz
2026/09/23 09:45:28.484, 0, 92 %, 81 %, 4873 MiB, 49140 MiB, 287.83 W, 300.00 W, 73, 2160 MHz
2026/09/23 09:45:29.486, 0, 96 %, 85 %, 4873 MiB, 49140 MiB, 289.01 W, 300.00 W, 73, 2085 MHz
2026/09/23 09:45:30.486, 0, 92 %, 83 %, 4873 MiB, 49140 MiB, 286.81 W, 300.00 W, 72, 1815 MHz
2026/09/23 09:45:31.490, 0, 93 %, 84 %, 4873 MiB, 49140 MiB, 285.60 W, 300.00 W, 72, 2040 MHz
2026/09/23 09:45:32.490, 0, 93 %, 80 %, 4873 MiB, 49140 MiB, 288.81 W, 300.00 W, 72, 2160 MHz
2026/09/23 09:45:33.491, 0, 97 %, 86 %, 4873 MiB, 49140 MiB, 288.55 W, 300.00 W, 74, 2145 MHz
2026/09/23 09:45:34.492, 0, 98 %, 86 %, 4873 MiB, 49140 MiB, 289.67 W, 300.00 W, 73, 1980 MHz
2026/09/23 09:45:35.493, 0, 96 %, 86 %, 4873 MiB, 49140 MiB, 288.88 W, 300.00 W, 72, 1785 MHz
2026/09/23 09:45:36.493, 0, 94 %, 85 %, 4873 MiB, 49140 MiB, 288.06 W, 300.00 W, 73, 2025 MHz
2026/09/23 09:45:37.495, 0, 94 %, 82 %, 4873 MiB, 49140 MiB, 288.82 W, 300.00 W, 72, 2100 MHz
2026/09/23 09:45:38.495, 0, 95 %, 81 %, 4873 MiB, 49140 MiB, 289.82 W, 300.00 W, 73, 1950 MHz
2026/09/23 09:45:39.496, 0, 97 %, 87 %, 4873 MiB, 49140 MiB, 288.68 W, 300.00 W, 73, 2160 MHz
2026/09/23 09:45:40.497, 0, 93 %, 81 %, 4873 MiB, 49140 MiB, 287.30 W, 300.00 W, 72, 1800 MHz
2026/09/23 09:45:41.498, 0, 93 %, 84 %, 4873 MiB, 49140 MiB, 286.51 W, 300.00 W, 74, 2205 MHz
2026/09/23 09:45:42.498, 0, 83 %, 59 %, 4873 MiB, 49140 MiB, 240.79 W, 300.00 W, 68, 2745 MHz
2026/09/23 09:45:43.499, 0, 0 %, 0 %, 4873 MiB, 49140 MiB, 156.11 W, 300.00 W, 72, 2040 MHz
2026/09/23 09:45:44.499, 0, 95 %, 84 %, 4873 MiB, 49140 MiB, 288.40 W, 300.00 W, 72, 2130 MHz
2026/09/23 09:45:45.500, 0, 98 %, 83 %, 4873 MiB, 49140 MiB, 287.23 W, 300.00 W, 72, 1800 MHz
2026/09/23 09:45:46.500, 0, 95 %, 86 %, 4873 MiB, 49140 MiB, 287.61 W, 300.00 W, 73, 2100 MHz
2026/09/23 09:45:47.501, 0, 96 %, 83 %, 4873 MiB, 49140 MiB, 288.26 W, 300.00 W, 73, 1980 MHz
2026/09/23 09:45:48.502, 0, 95 %, 85 %, 4873 MiB, 49140 MiB, 288.80 W, 300.00 W, 72, 2160 MHz
2026/09/23 09:45:49.503, 0, 97 %, 86 %, 4873 MiB, 49140 MiB, 289.45 W, 300.00 W, 73, 2025 MHz
2026/09/23 09:45:50.503, 0, 96 %, 83 %, 4873 MiB, 49140 MiB, 288.54 W, 300.00 W, 71, 1785 MHz
2026/09/23 09:45:51.505, 0, 95 %, 86 %, 4873 MiB, 49140 MiB, 288.44 W, 300.00 W, 73, 1980 MHz
2026/09/23 09:45:52.506, 0, 94 %, 84 %, 4873 MiB, 49140 MiB, 288.60 W, 300.00 W, 74, 2055 MHz
2026/09/23 09:45:53.507, 0, 95 %, 81 %, 4873 MiB, 49140 MiB, 288.96 W, 300.00 W, 72, 2070 MHz
2026/09/23 09:45:54.507, 0, 95 %, 85 %, 4873 MiB, 49140 MiB, 288.22 W, 300.00 W, 73, 2100 MHz
2026/09/23 09:45:55.508, 0, 97 %, 82 %, 4873 MiB, 49140 MiB, 289.29 W, 300.00 W, 72, 2010 MHz
2026/09/23 09:45:56.509, 0, 95 %, 85 %, 4873 MiB, 49140 MiB, 288.18 W, 300.00 W, 73, 1815 MHz
2026/09/23 09:45:57.511, 0, 94 %, 85 %, 4873 MiB, 49140 MiB, 286.49 W, 300.00 W, 74, 2010 MHz
2026/09/23 09:45:58.511, 0, 90 %, 79 %, 4873 MiB, 49140 MiB, 288.25 W, 300.00 W, 72, 2175 MHz
2026/09/23 09:45:59.512, 0, 89 %, 71 %, 4873 MiB, 49140 MiB, 286.03 W, 300.00 W, 73, 2010 MHz
2026/09/23 09:46:00.513, 0, 0 %, 0 %, 4873 MiB, 49140 MiB, 137.63 W, 300.00 W, 67, 2745 MHz
2026/09/23 09:46:01.513, 0, 94 %, 83 %, 4873 MiB, 49140 MiB, 260.64 W, 300.00 W, 72, 2160 MHz
2026/09/23 09:46:02.515, 0, 97 %, 86 %, 4873 MiB, 49140 MiB, 288.94 W, 300.00 W, 72, 2100 MHz
2026/09/23 09:46:03.516, 0, 98 %, 83 %, 4873 MiB, 49140 MiB, 288.61 W, 300.00 W, 73, 2040 MHz
2026/09/23 09:46:04.517, 0, 95 %, 84 %, 4873 MiB, 49140 MiB, 288.90 W, 300.00 W, 71, 1800 MHz
2026/09/23 09:46:05.518, 0, 94 %, 85 %, 4873 MiB, 49140 MiB, 286.16 W, 300.00 W, 73, 2175 MHz
2026/09/23 09:46:06.519, 0, 95 %, 81 %, 4873 MiB, 49140 MiB, 287.11 W, 300.00 W, 73, 1935 MHz
2026/09/23 09:46:07.520, 0, 96 %, 84 %, 4873 MiB, 49140 MiB, 289.11 W, 300.00 W, 72, 2205 MHz
2026/09/23 09:46:08.521, 0, 95 %, 85 %, 4873 MiB, 49140 MiB, 289.49 W, 300.00 W, 72, 2130 MHz
2026/09/23 09:46:09.522, 0, 97 %, 86 %, 4873 MiB, 49140 MiB, 289.48 W, 300.00 W, 73, 2100 MHz
2026/09/23 09:46:10.523, 0, 98 %, 83 %, 4873 MiB, 49140 MiB, 288.30 W, 300.00 W, 72, 2010 MHz
2026/09/23 09:46:11.524, 0, 96 %, 84 %, 4873 MiB, 49140 MiB, 288.86 W, 300.00 W, 71, 1785 MHz
2026/09/23 09:46:12.525, 0, 95 %, 86 %, 4873 MiB, 49140 MiB, 288.24 W, 300.00 W, 73, 1815 MHz
2026/09/23 09:46:13.526, 0, 96 %, 86 %, 4873 MiB, 49140 MiB, 288.09 W, 300.00 W, 74, 2100 MHz
2026/09/23 09:46:14.527, 0, 94 %, 81 %, 4873 MiB, 49140 MiB, 288.19 W, 300.00 W, 73, 1980 MHz
2026/09/23 09:46:15.527, 0, 97 %, 87 %, 4873 MiB, 49140 MiB, 289.77 W, 300.00 W, 72, 2010 MHz
2026/09/23 09:46:16.528, 0, 97 %, 86 %, 4873 MiB, 49140 MiB, 288.79 W, 300.00 W, 73, 1680 MHz
2026/09/23 09:46:17.529, 0, 87 %, 61 %, 4873 MiB, 49140 MiB, 206.33 W, 300.00 W, 67, 2730 MHz
2026/09/23 09:46:18.529, 0, 98 %, 86 %, 4873 MiB, 49140 MiB, 199.66 W, 300.00 W, 73, 2130 MHz
2026/09/23 09:46:19.530, 0, 97 %, 83 %, 4873 MiB, 49140 MiB, 290.20 W, 300.00 W, 71, 2190 MHz
2026/09/23 09:46:20.531, 0, 93 %, 85 %, 4873 MiB, 49140 MiB, 287.20 W, 300.00 W, 73, 2040 MHz
2026/09/23 09:46:21.532, 0, 95 %, 85 %, 4873 MiB, 49140 MiB, 286.10 W, 300.00 W, 73, 1770 MHz
2026/09/23 09:46:22.533, 0, 95 %, 84 %, 4873 MiB, 49140 MiB, 288.13 W, 300.00 W, 72, 2160 MHz
2026/09/23 09:46:23.534, 0, 97 %, 87 %, 4873 MiB, 49140 MiB, 288.80 W, 300.00 W, 73, 2070 MHz
2026/09/23 09:46:24.535, 0, 96 %, 86 %, 4873 MiB, 49140 MiB, 288.68 W, 300.00 W, 71, 2115 MHz
2026/09/23 09:46:25.535, 0, 95 %, 87 %, 4873 MiB, 49140 MiB, 287.92 W, 300.00 W, 73, 1995 MHz
2026/09/23 09:46:26.536, 0, 95 %, 85 %, 4873 MiB, 49140 MiB, 288.45 W, 300.00 W, 74, 1830 MHz
2026/09/23 09:46:27.537, 0, 93 %, 82 %, 4873 MiB, 49140 MiB, 288.18 W, 300.00 W, 72, 2160 MHz
2026/09/23 09:46:28.539, 0, 97 %, 85 %, 4873 MiB, 49140 MiB, 287.62 W, 300.00 W, 73, 2145 MHz
2026/09/23 09:46:29.539, 0, 94 %, 85 %, 4873 MiB, 49140 MiB, 288.67 W, 300.00 W, 72, 2040 MHz
2026/09/23 09:46:30.540, 0, 95 %, 86 %, 4873 MiB, 49140 MiB, 288.27 W, 300.00 W, 74, 1770 MHz
2026/09/23 09:46:31.541, 0, 94 %, 82 %, 4873 MiB, 49140 MiB, 289.98 W, 300.00 W, 73, 2010 MHz
2026/09/23 09:46:32.542, 0, 98 %, 87 %, 4873 MiB, 49140 MiB, 289.80 W, 300.00 W, 73, 1980 MHz
2026/09/23 09:46:33.543, 0, 98 %, 84 %, 4873 MiB, 49140 MiB, 289.33 W, 300.00 W, 71, 2115 MHz
2026/09/23 09:46:34.543, 0, 84 %, 60 %, 4873 MiB, 49140 MiB, 274.95 W, 300.00 W, 68, 2730 MHz
2026/09/23 09:46:35.544, 0, 0 %, 0 %, 4873 MiB, 49140 MiB, 138.62 W, 300.00 W, 72, 2115 MHz
2026/09/23 09:46:36.544, 0, 95 %, 87 %, 4873 MiB, 49140 MiB, 289.65 W, 300.00 W, 73, 1905 MHz
2026/09/23 09:46:37.545, 0, 95 %, 82 %, 4873 MiB, 49140 MiB, 288.77 W, 300.00 W, 73, 1770 MHz
2026/09/23 09:46:38.546, 0, 96 %, 84 %, 4873 MiB, 49140 MiB, 288.97 W, 300.00 W, 72, 2085 MHz
2026/09/23 09:46:39.547, 0, 97 %, 87 %, 4873 MiB, 49140 MiB, 291.29 W, 300.00 W, 72, 1965 MHz
2026/09/23 09:46:40.547, 0, 98 %, 83 %, 4873 MiB, 49140 MiB, 289.16 W, 300.00 W, 73, 2130 MHz
2026/09/23 09:46:41.549, 0, 95 %, 86 %, 4873 MiB, 49140 MiB, 287.98 W, 300.00 W, 73, 2025 MHz
2026/09/23 09:46:42.549, 0, 96 %, 84 %, 4873 MiB, 49140 MiB, 288.18 W, 300.00 W, 74, 1755 MHz
2026/09/23 09:46:43.551, 0, 95 %, 84 %, 4873 MiB, 49140 MiB, 288.55 W, 300.00 W, 72, 2040 MHz
2026/09/23 09:46:44.552, 0, 97 %, 85 %, 4873 MiB, 49140 MiB, 289.31 W, 300.00 W, 73, 2100 MHz
2026/09/23 09:46:45.553, 0, 93 %, 83 %, 4873 MiB, 49140 MiB, 287.17 W, 300.00 W, 73, 1950 MHz
2026/09/23 09:46:46.554, 0, 94 %, 81 %, 4873 MiB, 49140 MiB, 288.58 W, 300.00 W, 73, 1785 MHz
2026/09/23 09:46:47.556, 0, 97 %, 86 %, 4873 MiB, 49140 MiB, 289.97 W, 300.00 W, 72, 2055 MHz
2026/09/23 09:46:48.557, 0, 98 %, 85 %, 4873 MiB, 49140 MiB, 289.28 W, 300.00 W, 72, 2130 MHz
2026/09/23 09:46:49.557, 0, 95 %, 85 %, 4873 MiB, 49140 MiB, 289.35 W, 300.00 W, 73, 2010 MHz
2026/09/23 09:46:50.559, 0, 95 %, 84 %, 4873 MiB, 49140 MiB, 287.87 W, 300.00 W, 74, 1770 MHz
2026/09/23 09:46:51.559, 0, 96 %, 82 %, 4873 MiB, 49140 MiB, 287.96 W, 300.00 W, 73, 2265 MHz
2026/09/23 09:46:52.560, 0, 0 %, 0 %, 4873 MiB, 49140 MiB, 169.10 W, 300.00 W, 67, 2730 MHz
2026/09/23 09:46:53.561, 0, 96 %, 84 %, 4873 MiB, 49140 MiB, 240.98 W, 300.00 W, 72, 2145 MHz
2026/09/23 09:46:54.561, 0, 96 %, 85 %, 4873 MiB, 49140 MiB, 295.02 W, 300.00 W, 72, 2250 MHz
2026/09/23 09:46:55.562, 0, 98 %, 87 %, 4873 MiB, 49140 MiB, 293.88 W, 300.00 W, 73, 2100 MHz
2026/09/23 09:46:56.567, 0, 97 %, 82 %, 4873 MiB, 49140 MiB, 294.17 W, 300.00 W, 72, 2205 MHz
2026/09/23 09:46:57.568, 0, 92 %, 84 %, 4873 MiB, 49140 MiB, 292.55 W, 300.00 W, 73, 2040 MHz
2026/09/23 09:46:58.569, 0, 95 %, 83 %, 4873 MiB, 49140 MiB, 292.79 W, 300.00 W, 74, 1815 MHz
2026/09/23 09:46:59.569, 0, 95 %, 83 %, 4873 MiB, 49140 MiB, 294.07 W, 300.00 W, 73, 2145 MHz
2026/09/23 09:47:00.570, 0, 97 %, 87 %, 4873 MiB, 49140 MiB, 294.74 W, 300.00 W, 73, 2010 MHz
2026/09/23 09:47:01.571, 0, 97 %, 85 %, 4873 MiB, 49140 MiB, 294.65 W, 300.00 W, 74, 2040 MHz
2026/09/23 09:47:02.572, 0, 95 %, 84 %, 4873 MiB, 49140 MiB, 293.94 W, 300.00 W, 72, 2145 MHz
2026/09/23 09:47:03.573, 0, 94 %, 85 %, 4873 MiB, 49140 MiB, 292.63 W, 300.00 W, 73, 2115 MHz
2026/09/23 09:47:04.573, 0, 94 %, 86 %, 4873 MiB, 49140 MiB, 294.18 W, 300.00 W, 74, 2160 MHz
2026/09/23 09:47:05.574, 0, 94 %, 80 %, 4873 MiB, 49140 MiB, 293.29 W, 300.00 W, 73, 2055 MHz
2026/09/23 09:47:06.575, 0, 94 %, 84 %, 4873 MiB, 49140 MiB, 292.33 W, 300.00 W, 73, 1920 MHz
2026/09/23 09:47:07.576, 0, 94 %, 81 %, 4873 MiB, 49140 MiB, 294.15 W, 300.00 W, 73, 2130 MHz
2026/09/23 09:47:08.577, 0, 95 %, 86 %, 4873 MiB, 49140 MiB, 293.95 W, 300.00 W, 74, 2175 MHz
2026/09/23 09:47:09.577, 0, 82 %, 58 %, 4873 MiB, 49140 MiB, 234.27 W, 300.00 W, 68, 2730 MHz
2026/09/23 09:47:10.578, 0, 0 %, 0 %, 4873 MiB, 49140 MiB, 87.16 W, 300.00 W, 67, 2730 MHz
2026/09/23 09:47:11.578, 0, 97 %, 85 %, 4873 MiB, 49140 MiB, 184.45 W, 300.00 W, 71, 2160 MHz
2026/09/23 09:47:12.579, 0, 95 %, 86 %, 4873 MiB, 49140 MiB, 287.05 W, 300.00 W, 72, 2010 MHz
2026/09/23 09:47:13.580, 0, 95 %, 87 %, 4873 MiB, 49140 MiB, 287.22 W, 300.00 W, 73, 2130 MHz
2026/09/23 09:47:14.580, 0, 95 %, 83 %, 4873 MiB, 49140 MiB, 288.18 W, 300.00 W, 72, 2010 MHz
2026/09/23 09:47:15.582, 0, 97 %, 86 %, 4873 MiB, 49140 MiB, 290.11 W, 300.00 W, 72, 1785 MHz
2026/09/23 09:47:16.582, 0, 98 %, 86 %, 4873 MiB, 49140 MiB, 289.31 W, 300.00 W, 73, 1965 MHz
2026/09/23 09:47:17.583, 0, 96 %, 84 %, 4873 MiB, 49140 MiB, 289.57 W, 300.00 W, 71, 2040 MHz
2026/09/23 09:47:18.583, 0, 94 %, 85 %, 4873 MiB, 49140 MiB, 288.74 W, 300.00 W, 72, 2025 MHz
2026/09/23 09:47:19.584, 0, 94 %, 84 %, 4873 MiB, 49140 MiB, 287.64 W, 300.00 W, 74, 2100 MHz
2026/09/23 09:47:20.586, 0, 94 %, 81 %, 4873 MiB, 49140 MiB, 289.87 W, 300.00 W, 73, 2010 MHz
2026/09/23 09:47:21.586, 0, 95 %, 84 %, 4873 MiB, 49140 MiB, 289.83 W, 300.00 W, 72, 1800 MHz
2026/09/23 09:47:22.587, 0, 97 %, 86 %, 4873 MiB, 49140 MiB, 289.30 W, 300.00 W, 73, 1995 MHz
2026/09/23 09:47:23.588, 0, 93 %, 83 %, 4873 MiB, 49140 MiB, 287.88 W, 300.00 W, 72, 1980 MHz
2026/09/23 09:47:24.589, 0, 93 %, 81 %, 4873 MiB, 49140 MiB, 285.47 W, 300.00 W, 72, 1980 MHz
2026/09/23 09:47:25.589, 0, 98 %, 87 %, 4873 MiB, 49140 MiB, 286.62 W, 300.00 W, 72, 2085 MHz
2026/09/23 09:47:26.590, 0, 96 %, 86 %, 4873 MiB, 49140 MiB, 289.23 W, 300.00 W, 72, 1965 MHz
2026/09/23 09:47:27.591, 0, 84 %, 59 %, 4873 MiB, 49140 MiB, 284.30 W, 300.00 W, 71, 2640 MHz
2026/09/23 09:47:28.591, 0, 0 %, 0 %, 4873 MiB, 49140 MiB, 109.33 W, 300.00 W, 67, 2730 MHz
2026/09/23 09:47:29.592, 0, 0 %, 0 %, 4873 MiB, 49140 MiB, 177.01 W, 300.00 W, 71, 1800 MHz
2026/09/23 09:47:30.593, 0, 98 %, 83 %, 4873 MiB, 49140 MiB, 288.92 W, 300.00 W, 72, 2160 MHz
2026/09/23 09:47:31.594, 0, 95 %, 86 %, 4873 MiB, 49140 MiB, 287.53 W, 300.00 W, 72, 2055 MHz
2026/09/23 09:47:32.595, 0, 91 %, 82 %, 4873 MiB, 49140 MiB, 286.07 W, 300.00 W, 74, 2100 MHz
2026/09/23 09:47:33.596, 0, 95 %, 82 %, 4873 MiB, 49140 MiB, 289.57 W, 300.00 W, 72, 2055 MHz
2026/09/23 09:47:34.597, 0, 96 %, 85 %, 4873 MiB, 49140 MiB, 289.71 W, 300.00 W, 72, 1785 MHz
2026/09/23 09:47:35.598, 0, 96 %, 85 %, 4873 MiB, 49140 MiB, 289.10 W, 300.00 W, 73, 1965 MHz
2026/09/23 09:47:36.598, 0, 96 %, 84 %, 4873 MiB, 49140 MiB, 288.11 W, 300.00 W, 72, 1965 MHz
2026/09/23 09:47:37.600, 0, 94 %, 85 %, 4873 MiB, 49140 MiB, 287.68 W, 300.00 W, 74, 2175 MHz
2026/09/23 09:47:38.600, 0, 96 %, 82 %, 4873 MiB, 49140 MiB, 288.32 W, 300.00 W, 72, 2010 MHz
2026/09/23 09:47:39.602, 0, 97 %, 87 %, 4873 MiB, 49140 MiB, 285.52 W, 300.00 W, 72, 2190 MHz
2026/09/23 09:47:40.604, 0, 96 %, 86 %, 4873 MiB, 49140 MiB, 288.73 W, 300.00 W, 72, 1905 MHz
2026/09/23 09:47:41.606, 0, 95 %, 85 %, 4873 MiB, 49140 MiB, 288.91 W, 300.00 W, 73, 2160 MHz
2026/09/23 09:47:42.607, 0, 95 %, 83 %, 4873 MiB, 49140 MiB, 288.65 W, 300.00 W, 74, 2100 MHz
2026/09/23 09:47:43.607, 0, 94 %, 82 %, 4873 MiB, 49140 MiB, 290.26 W, 300.00 W, 73, 1935 MHz
2026/09/23 09:47:44.608, 0, 96 %, 86 %, 4873 MiB, 49140 MiB, 287.58 W, 300.00 W, 73, 2100 MHz
2026/09/23 09:47:45.609, 0, 79 %, 57 %, 4873 MiB, 49140 MiB, 283.63 W, 300.00 W, 72, 2070 MHz
2026/09/23 09:47:46.609, 0, 0 %, 0 %, 4873 MiB, 49140 MiB, 119.87 W, 300.00 W, 66, 2730 MHz
2026/09/23 09:47:47.610, 0, 0 %, 0 %, 4873 MiB, 49140 MiB, 112.81 W, 300.00 W, 70, 2115 MHz
2026/09/23 09:47:48.611, 0, 95 %, 86 %, 4873 MiB, 49140 MiB, 286.03 W, 300.00 W, 72, 2190 MHz
2026/09/23 09:47:49.612, 0, 93 %, 80 %, 4873 MiB, 49140 MiB, 287.53 W, 300.00 W, 72, 2115 MHz
2026/09/23 09:47:50.612, 0, 96 %, 84 %, 4873 MiB, 49140 MiB, 287.77 W, 300.00 W, 71, 1800 MHz
2026/09/23 09:47:51.613, 0, 97 %, 87 %, 4873 MiB, 49140 MiB, 289.63 W, 300.00 W, 72, 1755 MHz
2026/09/23 09:47:52.614, 0, 96 %, 82 %, 4873 MiB, 49140 MiB, 288.39 W, 300.00 W, 71, 1845 MHz
2026/09/23 09:47:53.615, 0, 95 %, 86 %, 4873 MiB, 49140 MiB, 286.57 W, 300.00 W, 73, 2115 MHz
2026/09/23 09:47:54.616, 0, 94 %, 81 %, 4873 MiB, 49140 MiB, 287.32 W, 300.00 W, 72, 2025 MHz
2026/09/23 09:47:55.616, 0, 96 %, 84 %, 4873 MiB, 49140 MiB, 288.24 W, 300.00 W, 72, 2115 MHz
2026/09/23 09:47:56.618, 0, 98 %, 84 %, 4873 MiB, 49140 MiB, 288.44 W, 300.00 W, 73, 1965 MHz
2026/09/23 09:47:57.620, 0, 94 %, 86 %, 4873 MiB, 49140 MiB, 287.63 W, 300.00 W, 71, 1785 MHz
2026/09/23 09:47:58.622, 0, 95 %, 86 %, 4873 MiB, 49140 MiB, 287.45 W, 300.00 W, 73, 2115 MHz
2026/09/23 09:47:59.622, 0, 95 %, 82 %, 4873 MiB, 49140 MiB, 288.50 W, 300.00 W, 73, 1980 MHz
2026/09/23 09:48:00.623, 0, 95 %, 83 %, 4873 MiB, 49140 MiB, 289.54 W, 300.00 W, 72, 2145 MHz
2026/09/23 09:48:01.624, 0, 98 %, 87 %, 4873 MiB, 49140 MiB, 290.12 W, 300.00 W, 72, 2040 MHz
2026/09/23 09:48:02.624, 0, 97 %, 83 %, 4873 MiB, 49140 MiB, 289.10 W, 300.00 W, 72, 1830 MHz
2026/09/23 09:48:03.625, 0, 96 %, 86 %, 4873 MiB, 49140 MiB, 286.05 W, 300.00 W, 73, 2280 MHz
2026/09/23 09:48:04.626, 0, 3 %, 3 %, 4873 MiB, 49140 MiB, 168.82 W, 300.00 W, 66, 2505 MHz
2026/09/23 09:48:05.627, 0, 93 %, 84 %, 4873 MiB, 49140 MiB, 221.91 W, 300.00 W, 73, 2085 MHz
2026/09/23 09:48:06.628, 0, 94 %, 80 %, 4873 MiB, 49140 MiB, 287.57 W, 300.00 W, 72, 2130 MHz
2026/09/23 09:48:07.629, 0, 97 %, 87 %, 4873 MiB, 49140 MiB, 288.75 W, 300.00 W, 72, 2130 MHz
2026/09/23 09:48:08.630, 0, 96 %, 86 %, 4873 MiB, 49140 MiB, 288.12 W, 300.00 W, 72, 1995 MHz
2026/09/23 09:48:09.630, 0, 97 %, 84 %, 4873 MiB, 49140 MiB, 286.85 W, 300.00 W, 71, 1755 MHz
2026/09/23 09:48:10.631, 0, 95 %, 85 %, 4873 MiB, 49140 MiB, 288.44 W, 300.00 W, 73, 2085 MHz
2026/09/23 09:48:11.632, 0, 94 %, 81 %, 4873 MiB, 49140 MiB, 288.88 W, 300.00 W, 72, 2025 MHz
2026/09/23 09:48:12.634, 0, 95 %, 84 %, 4873 MiB, 49140 MiB, 288.32 W, 300.00 W, 72, 2115 MHz
2026/09/23 09:48:13.637, 0, 98 %, 86 %, 4873 MiB, 49140 MiB, 287.73 W, 300.00 W, 73, 1950 MHz
2026/09/23 09:48:14.638, 0, 90 %, 81 %, 4873 MiB, 49140 MiB, 287.65 W, 300.00 W, 72, 1935 MHz
2026/09/23 09:48:15.638, 0, 95 %, 86 %, 4873 MiB, 49140 MiB, 289.56 W, 300.00 W, 74, 1980 MHz
2026/09/23 09:48:16.639, 0, 96 %, 87 %, 4873 MiB, 49140 MiB, 286.79 W, 300.00 W, 72, 2130 MHz
2026/09/23 09:48:17.640, 0, 94 %, 84 %, 4873 MiB, 49140 MiB, 287.42 W, 300.00 W, 72, 1935 MHz
2026/09/23 09:48:18.641, 0, 93 %, 82 %, 4873 MiB, 49140 MiB, 287.26 W, 300.00 W, 72, 2055 MHz
2026/09/23 09:48:19.642, 0, 98 %, 85 %, 4873 MiB, 49140 MiB, 287.55 W, 300.00 W, 73, 1950 MHz
2026/09/23 09:48:20.645, 0, 94 %, 83 %, 4873 MiB, 49140 MiB, 286.57 W, 300.00 W, 72, 2160 MHz
2026/09/23 09:48:21.645, 0, 84 %, 60 %, 4873 MiB, 49140 MiB, 230.90 W, 300.00 W, 67, 2745 MHz
2026/09/23 09:48:22.646, 0, 0 %, 0 %, 4873 MiB, 49140 MiB, 169.01 W, 300.00 W, 72, 2250 MHz
2026/09/23 09:48:23.647, 0, 97 %, 86 %, 4873 MiB, 49140 MiB, 294.37 W, 300.00 W, 73, 2145 MHz
2026/09/23 09:48:24.648, 0, 97 %, 85 %, 4873 MiB, 49140 MiB, 293.17 W, 300.00 W, 73, 2055 MHz
2026/09/23 09:48:25.649, 0, 98 %, 87 %, 4873 MiB, 49140 MiB, 293.71 W, 300.00 W, 72, 2220 MHz
2026/09/23 09:48:26.649, 0, 95 %, 86 %, 4873 MiB, 49140 MiB, 293.02 W, 300.00 W, 72, 2145 MHz
2026/09/23 09:48:27.651, 0, 94 %, 86 %, 4873 MiB, 49140 MiB, 291.08 W, 300.00 W, 72, 1980 MHz
2026/09/23 09:48:28.652, 0, 89 %, 79 %, 4873 MiB, 49140 MiB, 292.13 W, 300.00 W, 73, 1935 MHz
2026/09/23 09:48:29.653, 0, 97 %, 86 %, 4873 MiB, 49140 MiB, 294.22 W, 300.00 W, 74, 2190 MHz
2026/09/23 09:48:30.654, 0, 98 %, 85 %, 4873 MiB, 49140 MiB, 293.52 W, 300.00 W, 73, 2115 MHz
2026/09/23 09:48:31.655, 0, 97 %, 86 %, 4873 MiB, 49140 MiB, 293.36 W, 300.00 W, 72, 2175 MHz
2026/09/23 09:48:32.656, 0, 91 %, 81 %, 4873 MiB, 49140 MiB, 291.15 W, 300.00 W, 73, 2100 MHz
2026/09/23 09:48:33.657, 0, 93 %, 82 %, 4873 MiB, 49140 MiB, 292.19 W, 300.00 W, 72, 1830 MHz
2026/09/23 09:48:34.657, 0, 97 %, 85 %, 4873 MiB, 49140 MiB, 294.48 W, 300.00 W, 73, 2190 MHz
2026/09/23 09:48:35.659, 0, 97 %, 86 %, 4873 MiB, 49140 MiB, 294.71 W, 300.00 W, 74, 2070 MHz
2026/09/23 09:48:36.660, 0, 94 %, 82 %, 4873 MiB, 49140 MiB, 295.15 W, 300.00 W, 74, 2070 MHz
2026/09/23 09:48:37.661, 0, 98 %, 88 %, 4873 MiB, 49140 MiB, 292.33 W, 300.00 W, 73, 2220 MHz
2026/09/23 09:48:38.661, 0, 81 %, 59 %, 4873 MiB, 49140 MiB, 288.79 W, 300.00 W, 73, 2190 MHz
2026/09/23 09:48:39.662, 0, 0 %, 0 %, 4873 MiB, 49140 MiB, 120.09 W, 300.00 W, 67, 2730 MHz
2026/09/23 09:48:40.662, 0, 0 %, 0 %, 4873 MiB, 49140 MiB, 126.88 W, 300.00 W, 71, 2040 MHz
2026/09/23 09:48:41.663, 0, 94 %, 84 %, 4873 MiB, 49140 MiB, 288.37 W, 300.00 W, 71, 1995 MHz
2026/09/23 09:48:42.664, 0, 95 %, 84 %, 4873 MiB, 49140 MiB, 288.27 W, 300.00 W, 72, 2055 MHz
2026/09/23 09:48:43.664, 0, 95 %, 86 %, 4873 MiB, 49140 MiB, 288.45 W, 300.00 W, 72, 2190 MHz
2026/09/23 09:48:44.667, 0, 94 %, 84 %, 4873 MiB, 49140 MiB, 288.52 W, 300.00 W, 72, 2175 MHz
2026/09/23 09:48:45.667, 0, 93 %, 81 %, 4873 MiB, 49140 MiB, 288.40 W, 300.00 W, 71, 2115 MHz
2026/09/23 09:48:46.668, 0, 97 %, 85 %, 4873 MiB, 49140 MiB, 289.49 W, 300.00 W, 72, 1995 MHz
2026/09/23 09:48:47.669, 0, 97 %, 84 %, 4873 MiB, 49140 MiB, 287.70 W, 300.00 W, 73, 1770 MHz
2026/09/23 09:48:48.670, 0, 97 %, 87 %, 4873 MiB, 49140 MiB, 288.76 W, 300.00 W, 72, 2055 MHz
2026/09/23 09:48:49.671, 0, 95 %, 84 %, 4873 MiB, 49140 MiB, 287.66 W, 300.00 W, 72, 1935 MHz
2026/09/23 09:48:50.673, 0, 94 %, 83 %, 4873 MiB, 49140 MiB, 286.64 W, 300.00 W, 72, 2175 MHz
2026/09/23 09:48:51.674, 0, 96 %, 84 %, 4873 MiB, 49140 MiB, 288.25 W, 300.00 W, 72, 2040 MHz
2026/09/23 09:48:52.674, 0, 97 %, 86 %, 4873 MiB, 49140 MiB, 289.61 W, 300.00 W, 73, 1845 MHz
2026/09/23 09:48:53.675, 0, 97 %, 87 %, 4873 MiB, 49140 MiB, 285.98 W, 300.00 W, 72, 2055 MHz
2026/09/23 09:48:54.676, 0, 89 %, 79 %, 4873 MiB, 49140 MiB, 286.36 W, 300.00 W, 72, 2175 MHz
2026/09/23 09:48:55.679, 0, 94 %, 83 %, 4873 MiB, 49140 MiB, 286.99 W, 300.00 W, 72, 2145 MHz
2026/09/23 09:48:56.680, 0, 9 %, 0 %, 4873 MiB, 49140 MiB, 245.12 W, 300.00 W, 67, 2505 MHz
2026/09/23 09:48:57.681, 0, 0 %, 0 %, 4873 MiB, 49140 MiB, 72.09 W, 300.00 W, 65, 2505 MHz
2026/09/23 09:48:58.681, 0, 94 %, 84 %, 4873 MiB, 49140 MiB, 170.66 W, 300.00 W, 71, 2190 MHz
2026/09/23 09:48:59.682, 0, 95 %, 83 %, 4873 MiB, 49140 MiB, 287.54 W, 300.00 W, 70, 2115 MHz
2026/09/23 09:49:00.683, 0, 96 %, 85 %, 4873 MiB, 49140 MiB, 288.58 W, 300.00 W, 72, 2055 MHz
2026/09/23 09:49:01.684, 0, 98 %, 85 %, 4873 MiB, 49140 MiB, 287.52 W, 300.00 W, 73, 1785 MHz
2026/09/23 09:49:02.687, 0, 95 %, 85 %, 4873 MiB, 49140 MiB, 287.02 W, 300.00 W, 71, 2040 MHz
2026/09/23 09:49:03.688, 0, 93 %, 83 %, 4873 MiB, 49140 MiB, 286.69 W, 300.00 W, 72, 2055 MHz
2026/09/23 09:49:04.689, 0, 94 %, 83 %, 4873 MiB, 49140 MiB, 286.17 W, 300.00 W, 71, 2145 MHz
2026/09/23 09:49:05.691, 0, 97 %, 86 %, 4873 MiB, 49140 MiB, 288.72 W, 300.00 W, 72, 2055 MHz
2026/09/23 09:49:06.691, 0, 97 %, 86 %, 4873 MiB, 49140 MiB, 289.73 W, 300.00 W, 73, 1890 MHz
2026/09/23 09:49:07.692, 0, 92 %, 84 %, 4873 MiB, 49140 MiB, 287.23 W, 300.00 W, 73, 2145 MHz
2026/09/23 09:49:08.693, 0, 95 %, 86 %, 4873 MiB, 49140 MiB, 287.86 W, 300.00 W, 72, 2175 MHz
2026/09/23 09:49:09.693, 0, 94 %, 83 %, 4873 MiB, 49140 MiB, 287.58 W, 300.00 W, 72, 2025 MHz
2026/09/23 09:49:10.694, 0, 94 %, 85 %, 4873 MiB, 49140 MiB, 287.68 W, 300.00 W, 73, 2205 MHz
2026/09/23 09:49:11.695, 0, 95 %, 83 %, 4873 MiB, 49140 MiB, 287.53 W, 300.00 W, 71, 2130 MHz
2026/09/23 09:49:12.696, 0, 96 %, 84 %, 4873 MiB, 49140 MiB, 288.24 W, 300.00 W, 72, 2025 MHz
2026/09/23 09:49:13.697, 0, 98 %, 86 %, 4873 MiB, 49140 MiB, 289.73 W, 300.00 W, 73, 1815 MHz
2026/09/23 09:49:14.698, 0, 86 %, 61 %, 4873 MiB, 49140 MiB, 281.92 W, 300.00 W, 73, 1740 MHz
2026/09/23 09:49:15.699, 0, 87 %, 80 %, 4873 MiB, 49140 MiB, 126.63 W, 300.00 W, 70, 2355 MHz
2026/09/23 09:49:16.700, 0, 97 %, 85 %, 4873 MiB, 49140 MiB, 285.14 W, 300.00 W, 70, 1950 MHz
2026/09/23 09:49:17.701, 0, 98 %, 86 %, 4873 MiB, 49140 MiB, 288.87 W, 300.00 W, 73, 1845 MHz
2026/09/23 09:49:18.703, 0, 97 %, 86 %, 4873 MiB, 49140 MiB, 287.63 W, 300.00 W, 72, 2070 MHz
2026/09/23 09:49:19.703, 0, 96 %, 86 %, 4873 MiB, 49140 MiB, 288.09 W, 300.00 W, 72, 2010 MHz
2026/09/23 09:49:20.707, 0, 94 %, 83 %, 4873 MiB, 49140 MiB, 287.56 W, 300.00 W, 72, 2040 MHz
2026/09/23 09:49:21.708, 0, 92 %, 83 %, 4873 MiB, 49140 MiB, 287.10 W, 300.00 W, 71, 2175 MHz
2026/09/23 09:49:22.709, 0, 92 %, 80 %, 4873 MiB, 49140 MiB, 288.12 W, 300.00 W, 71, 2145 MHz
2026/09/23 09:49:23.710, 0, 97 %, 85 %, 4873 MiB, 49140 MiB, 288.67 W, 300.00 W, 72, 1905 MHz
2026/09/23 09:49:24.710, 0, 98 %, 85 %, 4873 MiB, 49140 MiB, 287.90 W, 300.00 W, 73, 1830 MHz
2026/09/23 09:49:25.711, 0, 96 %, 86 %, 4873 MiB, 49140 MiB, 288.71 W, 300.00 W, 72, 2115 MHz
2026/09/23 09:49:26.712, 0, 95 %, 85 %, 4873 MiB, 49140 MiB, 287.45 W, 300.00 W, 72, 2010 MHz
2026/09/23 09:49:27.712, 0, 95 %, 83 %, 4873 MiB, 49140 MiB, 287.20 W, 300.00 W, 72, 2070 MHz
2026/09/23 09:49:28.714, 0, 97 %, 86 %, 4873 MiB, 49140 MiB, 287.56 W, 300.00 W, 72, 2235 MHz
2026/09/23 09:49:29.714, 0, 96 %, 84 %, 4873 MiB, 49140 MiB, 288.95 W, 300.00 W, 73, 2130 MHz
2026/09/23 09:49:30.715, 0, 98 %, 86 %, 4873 MiB, 49140 MiB, 288.96 W, 300.00 W, 73, 2025 MHz
2026/09/23 09:49:31.717, 0, 87 %, 63 %, 4873 MiB, 49140 MiB, 285.88 W, 300.00 W, 73, 1845 MHz
2026/09/23 09:49:32.717, 0, 0 %, 0 %, 4873 MiB, 49140 MiB, 168.34 W, 300.00 W, 66, 2505 MHz
2026/09/23 09:49:33.718, 0, 95 %, 85 %, 4873 MiB, 49140 MiB, 224.33 W, 300.00 W, 71, 1770 MHz
2026/09/23 09:49:34.719, 0, 94 %, 83 %, 4873 MiB, 49140 MiB, 287.43 W, 300.00 W, 72, 1830 MHz
2026/09/23 09:49:35.719, 0, 95 %, 82 %, 4873 MiB, 49140 MiB, 286.74 W, 300.00 W, 71, 2040 MHz
2026/09/23 09:49:36.720, 0, 94 %, 82 %, 4873 MiB, 49140 MiB, 287.97 W, 300.00 W, 71, 1950 MHz
2026/09/23 09:49:37.721, 0, 97 %, 86 %, 4873 MiB, 49140 MiB, 287.57 W, 300.00 W, 73, 2160 MHz
2026/09/23 09:49:38.722, 0, 96 %, 84 %, 4873 MiB, 49140 MiB, 288.58 W, 300.00 W, 72, 2085 MHz
2026/09/23 09:49:39.723, 0, 97 %, 88 %, 4873 MiB, 49140 MiB, 288.54 W, 300.00 W, 72, 1905 MHz
2026/09/23 09:49:40.724, 0, 95 %, 84 %, 4873 MiB, 49140 MiB, 287.46 W, 300.00 W, 72, 1800 MHz
2026/09/23 09:49:41.725, 0, 95 %, 83 %, 4873 MiB, 49140 MiB, 286.73 W, 300.00 W, 74, 2040 MHz
2026/09/23 09:49:42.725, 0, 98 %, 86 %, 4873 MiB, 49140 MiB, 288.03 W, 300.00 W, 72, 2190 MHz
2026/09/23 09:49:43.726, 0, 97 %, 85 %, 4873 MiB, 49140 MiB, 289.73 W, 300.00 W, 72, 2130 MHz
2026/09/23 09:49:44.727, 0, 97 %, 85 %, 4873 MiB, 49140 MiB, 288.58 W, 300.00 W, 72, 2055 MHz
2026/09/23 09:49:45.729, 0, 95 %, 86 %, 4873 MiB, 49140 MiB, 288.82 W, 300.00 W, 71, 1845 MHz
2026/09/23 09:49:46.729, 0, 94 %, 83 %, 4873 MiB, 49140 MiB, 288.46 W, 300.00 W, 72, 1800 MHz
2026/09/23 09:49:47.730, 0, 94 %, 85 %, 4873 MiB, 49140 MiB, 287.85 W, 300.00 W, 73, 2145 MHz
2026/09/23 09:49:48.731, 0, 93 %, 81 %, 4873 MiB, 49140 MiB, 287.72 W, 300.00 W, 73, 1905 MHz
2026/09/23 09:49:49.732, 0, 6 %, 0 %, 4873 MiB, 49140 MiB, 230.78 W, 300.00 W, 67, 2745 MHz
2026/09/23 09:49:50.732, 0, 0 %, 0 %, 4873 MiB, 49140 MiB, 87.00 W, 300.00 W, 66, 2745 MHz
2026/09/23 09:49:51.733, 0, 95 %, 85 %, 4873 MiB, 49140 MiB, 191.76 W, 300.00 W, 72, 2175 MHz
2026/09/23 09:49:52.734, 0, 93 %, 82 %, 4873 MiB, 49140 MiB, 286.75 W, 300.00 W, 73, 2040 MHz
2026/09/23 09:49:53.735, 0, 96 %, 83 %, 4873 MiB, 49140 MiB, 288.31 W, 300.00 W, 71, 2085 MHz
2026/09/23 09:49:54.735, 0, 98 %, 87 %, 4873 MiB, 49140 MiB, 289.35 W, 300.00 W, 71, 2160 MHz
2026/09/23 09:49:55.736, 0, 98 %, 85 %, 4873 MiB, 49140 MiB, 289.84 W, 300.00 W, 72, 2115 MHz
2026/09/23 09:49:56.737, 0, 96 %, 84 %, 4873 MiB, 49140 MiB, 288.76 W, 300.00 W, 72, 2070 MHz
2026/09/23 09:49:57.738, 0, 95 %, 85 %, 4873 MiB, 49140 MiB, 287.30 W, 300.00 W, 71, 1845 MHz
2026/09/23 09:49:58.739, 0, 93 %, 84 %, 4873 MiB, 49140 MiB, 286.41 W, 300.00 W, 73, 2085 MHz
2026/09/23 09:49:59.740, 0, 94 %, 82 %, 4873 MiB, 49140 MiB, 286.76 W, 300.00 W, 73, 2055 MHz
2026/09/23 09:50:00.741, 0, 95 %, 82 %, 4873 MiB, 49140 MiB, 288.46 W, 300.00 W, 72, 2115 MHz
2026/09/23 09:50:01.742, 0, 97 %, 85 %, 4873 MiB, 49140 MiB, 288.35 W, 300.00 W, 72, 2130 MHz
2026/09/23 09:50:02.742, 0, 96 %, 86 %, 4873 MiB, 49140 MiB, 287.46 W, 300.00 W, 72, 2010 MHz
2026/09/23 09:50:03.743, 0, 95 %, 85 %, 4873 MiB, 49140 MiB, 288.28 W, 300.00 W, 71, 1815 MHz
2026/09/23 09:50:04.745, 0, 95 %, 85 %, 4873 MiB, 49140 MiB, 287.69 W, 300.00 W, 72, 1785 MHz
2026/09/23 09:50:05.746, 0, 92 %, 82 %, 4873 MiB, 49140 MiB, 286.94 W, 300.00 W, 74, 2115 MHz
2026/09/23 09:50:06.746, 0, 94 %, 81 %, 4873 MiB, 49140 MiB, 288.11 W, 300.00 W, 72, 2040 MHz
2026/09/23 09:50:07.747, 0, 19 %, 11 %, 4873 MiB, 49140 MiB, 270.53 W, 300.00 W, 68, 2730 MHz
2026/09/23 09:50:08.748, 0, 0 %, 0 %, 4873 MiB, 49140 MiB, 90.84 W, 300.00 W, 66, 2745 MHz
2026/09/23 09:50:09.749, 0, 97 %, 85 %, 4873 MiB, 49140 MiB, 152.16 W, 300.00 W, 71, 2265 MHz
2026/09/23 09:50:10.750, 0, 96 %, 86 %, 4873 MiB, 49140 MiB, 285.80 W, 300.00 W, 70, 1890 MHz
2026/09/23 09:50:11.750, 0, 95 %, 85 %, 4873 MiB, 49140 MiB, 287.33 W, 300.00 W, 71, 1785 MHz
2026/09/23 09:50:12.752, 0, 95 %, 85 %, 4873 MiB, 49140 MiB, 287.61 W, 300.00 W, 72, 1800 MHz
2026/09/23 09:50:13.754, 0, 93 %, 84 %, 4873 MiB, 49140 MiB, 286.68 W, 300.00 W, 73, 2160 MHz
2026/09/23 09:50:14.758, 0, 96 %, 83 %, 4873 MiB, 49140 MiB, 287.15 W, 300.00 W, 71, 2070 MHz
2026/09/23 09:50:15.758, 0, 98 %, 85 %, 4873 MiB, 49140 MiB, 286.64 W, 300.00 W, 72, 2115 MHz
2026/09/23 09:50:16.759, 0, 96 %, 87 %, 4873 MiB, 49140 MiB, 287.91 W, 300.00 W, 71, 1905 MHz
2026/09/23 09:50:17.761, 0, 94 %, 85 %, 4873 MiB, 49140 MiB, 286.55 W, 300.00 W, 72, 2025 MHz
2026/09/23 09:50:18.761, 0, 96 %, 84 %, 4873 MiB, 49140 MiB, 288.01 W, 300.00 W, 73, 1830 MHz
2026/09/23 09:50:19.762, 0, 94 %, 82 %, 4873 MiB, 49140 MiB, 287.83 W, 300.00 W, 72, 2070 MHz
2026/09/23 09:50:20.763, 0, 97 %, 85 %, 4873 MiB, 49140 MiB, 288.69 W, 300.00 W, 72, 2070 MHz
2026/09/23 09:50:21.764, 0, 96 %, 84 %, 4873 MiB, 49140 MiB, 289.11 W, 300.00 W, 72, 1965 MHz
2026/09/23 09:50:22.766, 0, 97 %, 87 %, 4873 MiB, 49140 MiB, 287.74 W, 300.00 W, 71, 2280 MHz
2026/09/23 09:50:23.767, 0, 93 %, 83 %, 4873 MiB, 49140 MiB, 287.35 W, 300.00 W, 72, 2130 MHz
2026/09/23 09:50:24.768, 0, 94 %, 84 %, 4873 MiB, 49140 MiB, 287.53 W, 300.00 W, 72, 2055 MHz
2026/09/23 09:50:25.769, 0, 81 %, 57 %, 4873 MiB, 49140 MiB, 285.16 W, 300.00 W, 73, 2025 MHz
2026/09/23 09:50:26.771, 0, 0 %, 0 %, 4873 MiB, 49140 MiB, 131.48 W, 300.00 W, 66, 2745 MHz
2026/09/23 09:50:27.772, 0, 93 %, 79 %, 4873 MiB, 49140 MiB, 92.72 W, 300.00 W, 70, 2070 MHz
2026/09/23 09:50:28.774, 0, 97 %, 87 %, 4873 MiB, 49140 MiB, 286.71 W, 300.00 W, 71, 2235 MHz
2026/09/23 09:50:29.774, 0, 95 %, 86 %, 4873 MiB, 49140 MiB, 287.84 W, 300.00 W, 70, 2175 MHz
2026/09/23 09:50:30.775, 0, 93 %, 82 %, 4873 MiB, 49140 MiB, 286.39 W, 300.00 W, 71, 2055 MHz
2026/09/23 09:50:31.776, 0, 92 %, 81 %, 4873 MiB, 49140 MiB, 284.17 W, 300.00 W, 72, 1785 MHz
2026/09/23 09:50:32.777, 0, 92 %, 81 %, 4873 MiB, 49140 MiB, 287.21 W, 300.00 W, 72, 2220 MHz
2026/09/23 09:50:33.781, 0, 97 %, 85 %, 4873 MiB, 49140 MiB, 287.87 W, 300.00 W, 71, 2025 MHz
2026/09/23 09:50:34.782, 0, 96 %, 84 %, 4873 MiB, 49140 MiB, 288.22 W, 300.00 W, 72, 2085 MHz
2026/09/23 09:50:35.785, 0, 93 %, 85 %, 4873 MiB, 49140 MiB, 287.19 W, 300.00 W, 70, 2190 MHz
2026/09/23 09:50:36.785, 0, 92 %, 83 %, 4873 MiB, 49140 MiB, 285.81 W, 300.00 W, 72, 2085 MHz
2026/09/23 09:50:37.786, 0, 93 %, 82 %, 4873 MiB, 49140 MiB, 285.98 W, 300.00 W, 72, 1800 MHz
2026/09/23 09:50:38.787, 0, 96 %, 83 %, 4873 MiB, 49140 MiB, 288.45 W, 300.00 W, 72, 1905 MHz
2026/09/23 09:50:39.788, 0, 97 %, 86 %, 4873 MiB, 49140 MiB, 288.94 W, 300.00 W, 72, 2175 MHz
2026/09/23 09:50:40.790, 0, 97 %, 84 %, 4873 MiB, 49140 MiB, 289.18 W, 300.00 W, 72, 1950 MHz
2026/09/23 09:50:41.790, 0, 98 %, 86 %, 4873 MiB, 49140 MiB, 289.17 W, 300.00 W, 72, 2130 MHz
2026/09/23 09:50:42.791, 0, 95 %, 85 %, 4873 MiB, 49140 MiB, 288.48 W, 300.00 W, 71, 2145 MHz
2026/09/23 09:50:43.792, 0, 87 %, 61 %, 4873 MiB, 49140 MiB, 287.17 W, 300.00 W, 73, 2085 MHz
2026/09/23 09:50:44.793, 0, 9 %, 0 %, 4873 MiB, 49140 MiB, 186.38 W, 300.00 W, 66, 2745 MHz
2026/09/23 09:50:45.793, 0, 0 %, 0 %, 4873 MiB, 49140 MiB, 85.87 W, 300.00 W, 66, 2745 MHz
2026/09/23 09:50:46.794, 0, 97 %, 87 %, 4873 MiB, 49140 MiB, 167.67 W, 300.00 W, 71, 2190 MHz
2026/09/23 09:50:47.795, 0, 92 %, 82 %, 4873 MiB, 49140 MiB, 285.07 W, 300.00 W, 71, 2100 MHz
2026/09/23 09:50:48.796, 0, 90 %, 81 %, 4873 MiB, 49140 MiB, 284.86 W, 300.00 W, 72, 1815 MHz
2026/09/23 09:50:49.797, 0, 95 %, 82 %, 4873 MiB, 49140 MiB, 287.43 W, 300.00 W, 71, 1800 MHz
2026/09/23 09:50:50.799, 0, 97 %, 85 %, 4873 MiB, 49140 MiB, 286.11 W, 300.00 W, 72, 2040 MHz
2026/09/23 09:50:51.800, 0, 97 %, 85 %, 4873 MiB, 49140 MiB, 288.85 W, 300.00 W, 72, 2085 MHz
2026/09/23 09:50:52.801, 0, 98 %, 89 %, 4873 MiB, 49140 MiB, 288.42 W, 300.00 W, 71, 2205 MHz
2026/09/23 09:50:53.802, 0, 96 %, 86 %, 4873 MiB, 49140 MiB, 286.98 W, 300.00 W, 71, 2145 MHz
2026/09/23 09:50:54.804, 0, 93 %, 83 %, 4873 MiB, 49140 MiB, 286.84 W, 300.00 W, 72, 2040 MHz
2026/09/23 09:50:55.804, 0, 96 %, 84 %, 4873 MiB, 49140 MiB, 283.86 W, 300.00 W, 71, 2310 MHz
2026/09/23 09:50:56.806, 0, 98 %, 87 %, 4873 MiB, 49140 MiB, 287.74 W, 300.00 W, 71, 2025 MHz
2026/09/23 09:50:57.807, 0, 97 %, 84 %, 4873 MiB, 49140 MiB, 289.51 W, 300.00 W, 72, 1950 MHz
2026/09/23 09:50:58.808, 0, 97 %, 87 %, 4873 MiB, 49140 MiB, 288.47 W, 300.00 W, 72, 2145 MHz
2026/09/23 09:50:59.808, 0, 95 %, 84 %, 4873 MiB, 49140 MiB, 288.14 W, 300.00 W, 71, 2100 MHz
2026/09/23 09:51:00.809, 0, 94 %, 85 %, 4873 MiB, 49140 MiB, 287.59 W, 300.00 W, 72, 2010 MHz
2026/09/23 09:51:01.810, 0, 95 %, 82 %, 4873 MiB, 49140 MiB, 286.93 W, 300.00 W, 72, 1785 MHz
2026/09/23 09:51:02.811, 0, 80 %, 58 %, 4873 MiB, 49140 MiB, 283.38 W, 300.00 W, 72, 2235 MHz
2026/09/23 09:51:03.811, 0, 0 %, 0 %, 4873 MiB, 49140 MiB, 114.32 W, 300.00 W, 66, 2745 MHz
2026/09/23 09:51:04.812, 0, 98 %, 87 %, 4873 MiB, 49140 MiB, 137.90 W, 300.00 W, 70, 2250 MHz
2026/09/23 09:51:05.812, 0, 93 %, 83 %, 4873 MiB, 49140 MiB, 286.13 W, 300.00 W, 71, 1980 MHz
2026/09/23 09:51:06.814, 0, 94 %, 84 %, 4873 MiB, 49140 MiB, 287.83 W, 300.00 W, 71, 2130 MHz
2026/09/23 09:51:07.814, 0, 92 %, 81 %, 4873 MiB, 49140 MiB, 286.31 W, 300.00 W, 73, 2115 MHz
2026/09/23 09:51:08.815, 0, 96 %, 84 %, 4873 MiB, 49140 MiB, 287.64 W, 300.00 W, 71, 1995 MHz
2026/09/23 09:51:09.817, 0, 97 %, 86 %, 4873 MiB, 49140 MiB, 289.17 W, 300.00 W, 71, 1785 MHz
2026/09/23 09:51:10.817, 0, 97 %, 84 %, 4873 MiB, 49140 MiB, 290.14 W, 300.00 W, 71, 1755 MHz
2026/09/23 09:51:11.818, 0, 98 %, 85 %, 4873 MiB, 49140 MiB, 289.42 W, 300.00 W, 72, 2070 MHz
2026/09/23 09:51:12.819, 0, 96 %, 86 %, 4873 MiB, 49140 MiB, 288.60 W, 300.00 W, 70, 2025 MHz
2026/09/23 09:51:13.820, 0, 94 %, 83 %, 4873 MiB, 49140 MiB, 288.19 W, 300.00 W, 71, 2055 MHz
2026/09/23 09:51:14.821, 0, 95 %, 86 %, 4873 MiB, 49140 MiB, 287.67 W, 300.00 W, 73, 2145 MHz
2026/09/23 09:51:15.822, 0, 94 %, 82 %, 4873 MiB, 49140 MiB, 287.93 W, 300.00 W, 72, 2055 MHz
2026/09/23 09:51:16.823, 0, 98 %, 86 %, 4873 MiB, 49140 MiB, 289.31 W, 300.00 W, 72, 1920 MHz
2026/09/23 09:51:17.824, 0, 96 %, 83 %, 4873 MiB, 49140 MiB, 288.52 W, 300.00 W, 72, 1785 MHz
2026/09/23 09:51:18.825, 0, 94 %, 85 %, 4873 MiB, 49140 MiB, 287.15 W, 300.00 W, 71, 1950 MHz
2026/09/23 09:51:19.826, 0, 94 %, 85 %, 4873 MiB, 49140 MiB, 287.60 W, 300.00 W, 72, 2190 MHz
2026/09/23 09:51:20.827, 0, 83 %, 60 %, 4873 MiB, 49140 MiB, 285.52 W, 300.00 W, 72, 2355 MHz
2026/09/23 09:51:21.827, 0, 0 %, 0 %, 4873 MiB, 49140 MiB, 144.28 W, 300.00 W, 66, 2745 MHz
2026/09/23 09:51:22.828, 0, 97 %, 85 %, 4873 MiB, 49140 MiB, 106.07 W, 300.00 W, 70, 2130 MHz
2026/09/23 09:51:23.829, 0, 97 %, 88 %, 4873 MiB, 49140 MiB, 288.79 W, 300.00 W, 71, 2160 MHz
2026/09/23 09:51:24.830, 0, 94 %, 84 %, 4873 MiB, 49140 MiB, 287.18 W, 300.00 W, 71, 2040 MHz
2026/09/23 09:51:25.831, 0, 94 %, 85 %, 4873 MiB, 49140 MiB, 286.45 W, 300.00 W, 72, 2145 MHz
2026/09/23 09:51:26.832, 0, 95 %, 82 %, 4873 MiB, 49140 MiB, 287.59 W, 300.00 W, 72, 2070 MHz
2026/09/23 09:51:27.833, 0, 96 %, 84 %, 4873 MiB, 49140 MiB, 289.13 W, 300.00 W, 71, 1935 MHz
2026/09/23 09:51:28.834, 0, 97 %, 84 %, 4873 MiB, 49140 MiB, 288.74 W, 300.00 W, 72, 1800 MHz
2026/09/23 09:51:29.835, 0, 96 %, 85 %, 4873 MiB, 49140 MiB, 289.10 W, 300.00 W, 72, 2040 MHz
2026/09/23 09:51:30.837, 0, 95 %, 85 %, 4873 MiB, 49140 MiB, 289.20 W, 300.00 W, 71, 2055 MHz
2026/09/23 09:51:31.838, 0, 93 %, 84 %, 4873 MiB, 49140 MiB, 286.76 W, 300.00 W, 72, 2205 MHz
2026/09/23 09:51:32.839, 0, 94 %, 82 %, 4873 MiB, 49140 MiB, 287.64 W, 300.00 W, 73, 2100 MHz
2026/09/23 09:51:33.839, 0, 96 %, 84 %, 4873 MiB, 49140 MiB, 289.19 W, 300.00 W, 72, 1995 MHz
2026/09/23 09:51:34.841, 0, 98 %, 85 %, 4873 MiB, 49140 MiB, 289.70 W, 300.00 W, 71, 1770 MHz
2026/09/23 09:51:35.841, 0, 97 %, 85 %, 4873 MiB, 49140 MiB, 288.28 W, 300.00 W, 72, 2115 MHz
2026/09/23 09:51:36.843, 0, 95 %, 85 %, 4873 MiB, 49140 MiB, 288.25 W, 300.00 W, 71, 1995 MHz
2026/09/23 09:51:37.844, 0, 94 %, 83 %, 4873 MiB, 49140 MiB, 285.68 W, 300.00 W, 73, 2130 MHz
2026/09/23 09:51:38.844, 0, 82 %, 59 %, 4873 MiB, 49140 MiB, 286.39 W, 300.00 W, 73, 2055 MHz
2026/09/23 09:51:39.845, 0, 0 %, 0 %, 4873 MiB, 49140 MiB, 179.48 W, 300.00 W, 66, 2715 MHz
2026/09/23 09:51:40.846, 0, 0 %, 0 %, 4873 MiB, 49140 MiB, 84.44 W, 300.00 W, 65, 2715 MHz
2026/09/23 09:51:41.846, 0, 97 %, 84 %, 4873 MiB, 49140 MiB, 208.47 W, 300.00 W, 71, 1995 MHz
2026/09/23 09:51:42.847, 0, 98 %, 87 %, 4873 MiB, 49140 MiB, 288.51 W, 300.00 W, 71, 2115 MHz
2026/09/23 09:51:43.848, 0, 96 %, 86 %, 4873 MiB, 49140 MiB, 288.29 W, 300.00 W, 70, 2025 MHz
2026/09/23 09:51:44.849, 0, 94 %, 82 %, 4873 MiB, 49140 MiB, 284.39 W, 300.00 W, 73, 2160 MHz
2026/09/23 09:51:45.850, 0, 96 %, 84 %, 4873 MiB, 49140 MiB, 288.19 W, 300.00 W, 72, 1935 MHz
2026/09/23 09:51:46.850, 0, 97 %, 85 %, 4873 MiB, 49140 MiB, 289.24 W, 300.00 W, 71, 1815 MHz
2026/09/23 09:51:47.851, 0, 97 %, 85 %, 4873 MiB, 49140 MiB, 287.77 W, 300.00 W, 72, 2055 MHz
2026/09/23 09:51:48.852, 0, 95 %, 85 %, 4873 MiB, 49140 MiB, 288.37 W, 300.00 W, 70, 2010 MHz
2026/09/23 09:51:49.853, 0, 94 %, 86 %, 4873 MiB, 49140 MiB, 286.45 W, 300.00 W, 72, 2205 MHz
2026/09/23 09:51:50.854, 0, 94 %, 83 %, 4873 MiB, 49140 MiB, 287.78 W, 300.00 W, 73, 2130 MHz
2026/09/23 09:51:51.855, 0, 95 %, 82 %, 4873 MiB, 49140 MiB, 288.03 W, 300.00 W, 72, 1980 MHz
2026/09/23 09:51:52.855, 0, 96 %, 85 %, 4873 MiB, 49140 MiB, 288.80 W, 300.00 W, 72, 1845 MHz
2026/09/23 09:51:53.856, 0, 93 %, 83 %, 4873 MiB, 49140 MiB, 284.88 W, 300.00 W, 71, 2220 MHz
2026/09/23 09:51:54.857, 0, 92 %, 83 %, 4873 MiB, 49140 MiB, 284.35 W, 300.00 W, 73, 2145 MHz
2026/09/23 09:51:55.858, 0, 96 %, 82 %, 4873 MiB, 49140 MiB, 286.74 W, 300.00 W, 72, 2100 MHz
2026/09/23 09:51:56.858, 0, 82 %, 67 %, 4873 MiB, 49140 MiB, 286.34 W, 300.00 W, 71, 2490 MHz
2026/09/23 09:51:57.859, 0, 9 %, 0 %, 4873 MiB, 49140 MiB, 228.89 W, 300.00 W, 67, 2745 MHz
2026/09/23 09:51:58.859, 0, 0 %, 0 %, 4873 MiB, 49140 MiB, 86.59 W, 300.00 W, 66, 2745 MHz
2026/09/23 09:51:59.860, 0, 93 %, 83 %, 4873 MiB, 49140 MiB, 178.89 W, 300.00 W, 72, 2085 MHz
2026/09/23 09:52:00.861, 0, 93 %, 81 %, 4873 MiB, 49140 MiB, 285.92 W, 300.00 W, 71, 2235 MHz
2026/09/23 09:52:01.862, 0, 97 %, 86 %, 4873 MiB, 49140 MiB, 288.23 W, 300.00 W, 71, 2160 MHz
2026/09/23 09:52:02.863, 0, 97 %, 84 %, 4873 MiB, 49140 MiB, 288.25 W, 300.00 W, 71, 2100 MHz
2026/09/23 09:52:03.863, 0, 96 %, 86 %, 4873 MiB, 49140 MiB, 287.83 W, 300.00 W, 71, 1905 MHz
2026/09/23 09:52:04.864, 0, 95 %, 85 %, 4873 MiB, 49140 MiB, 285.94 W, 300.00 W, 71, 2010 MHz
2026/09/23 09:52:05.865, 0, 92 %, 83 %, 4873 MiB, 49140 MiB, 286.51 W, 300.00 W, 72, 2100 MHz
2026/09/23 09:52:06.866, 0, 94 %, 82 %, 4873 MiB, 49140 MiB, 286.80 W, 300.00 W, 72, 2070 MHz
2026/09/23 09:52:07.867, 0, 98 %, 87 %, 4873 MiB, 49140 MiB, 287.63 W, 300.00 W, 71, 2130 MHz
2026/09/23 09:52:08.868, 0, 97 %, 88 %, 4873 MiB, 49140 MiB, 285.94 W, 300.00 W, 71, 1920 MHz
2026/09/23 09:52:09.869, 0, 93 %, 82 %, 4873 MiB, 49140 MiB, 287.32 W, 300.00 W, 72, 2100 MHz
2026/09/23 09:52:10.870, 0, 95 %, 85 %, 4873 MiB, 49140 MiB, 289.22 W, 300.00 W, 73, 2055 MHz
2026/09/23 09:52:11.871, 0, 95 %, 83 %, 4873 MiB, 49140 MiB, 286.97 W, 300.00 W, 72, 2205 MHz
2026/09/23 09:52:12.873, 0, 98 %, 87 %, 4873 MiB, 49140 MiB, 287.64 W, 300.00 W, 71, 2160 MHz
2026/09/23 09:52:13.874, 0, 97 %, 84 %, 4873 MiB, 49140 MiB, 287.79 W, 300.00 W, 72, 2100 MHz
2026/09/23 09:52:14.875, 0, 98 %, 86 %, 4873 MiB, 49140 MiB, 288.21 W, 300.00 W, 73, 2085 MHz
2026/09/23 09:52:15.876, 0, 82 %, 58 %, 4873 MiB, 49140 MiB, 267.52 W, 300.00 W, 70, 2730 MHz
2026/09/23 09:52:16.876, 0, 0 %, 0 %, 4873 MiB, 49140 MiB, 90.62 W, 300.00 W, 66, 2745 MHz
2026/09/23 09:52:17.877, 0, 93 %, 83 %, 4873 MiB, 49140 MiB, 165.11 W, 300.00 W, 71, 2115 MHz
2026/09/23 09:52:18.877, 0, 92 %, 83 %, 4873 MiB, 49140 MiB, 287.95 W, 300.00 W, 72, 2145 MHz
2026/09/23 09:52:19.879, 0, 95 %, 83 %, 4873 MiB, 49140 MiB, 286.70 W, 300.00 W, 71, 2160 MHz
2026/09/23 09:52:20.881, 0, 96 %, 84 %, 4873 MiB, 49140 MiB, 288.03 W, 300.00 W, 71, 2205 MHz
2026/09/23 09:52:21.881, 0, 97 %, 86 %, 4873 MiB, 49140 MiB, 287.76 W, 300.00 W, 71, 2175 MHz
2026/09/23 09:52:22.882, 0, 96 %, 85 %, 4873 MiB, 49140 MiB, 287.12 W, 300.00 W, 71, 2145 MHz
2026/09/23 09:52:23.883, 0, 97 %, 85 %, 4873 MiB, 49140 MiB, 287.73 W, 300.00 W, 72, 2115 MHz
2026/09/23 09:52:24.884, 0, 96 %, 85 %, 4873 MiB, 49140 MiB, 287.06 W, 300.00 W, 72, 1995 MHz
2026/09/23 09:52:25.885, 0, 96 %, 86 %, 4873 MiB, 49140 MiB, 287.79 W, 300.00 W, 70, 1815 MHz
2026/09/23 09:52:26.885, 0, 96 %, 85 %, 4873 MiB, 49140 MiB, 288.37 W, 300.00 W, 72, 1950 MHz
2026/09/23 09:52:27.887, 0, 94 %, 85 %, 4873 MiB, 49140 MiB, 289.65 W, 300.00 W, 72, 2160 MHz
2026/09/23 09:52:28.890, 0, 95 %, 84 %, 4873 MiB, 49140 MiB, 289.40 W, 300.00 W, 73, 2040 MHz
2026/09/23 09:52:29.891, 0, 98 %, 83 %, 4873 MiB, 49140 MiB, 288.83 W, 300.00 W, 73, 1995 MHz
2026/09/23 09:52:30.892, 0, 95 %, 86 %, 4873 MiB, 49140 MiB, 288.66 W, 300.00 W, 72, 2175 MHz
2026/09/23 09:52:31.893, 0, 93 %, 84 %, 4873 MiB, 49140 MiB, 287.08 W, 300.00 W, 72, 2100 MHz
2026/09/23 09:52:32.894, 0, 95 %, 85 %, 4873 MiB, 49140 MiB, 287.69 W, 300.00 W, 72, 2040 MHz
2026/09/23 09:52:33.895, 0, 74 %, 53 %, 4873 MiB, 49140 MiB, 282.95 W, 300.00 W, 74, 1890 MHz
2026/09/23 09:52:34.895, 0, 96 %, 88 %, 4873 MiB, 49140 MiB, 135.93 W, 300.00 W, 70, 2280 MHz
2026/09/23 09:52:35.897, 0, 97 %, 86 %, 4873 MiB, 49140 MiB, 291.03 W, 300.00 W, 72, 2175 MHz
2026/09/23 09:52:36.898, 0, 95 %, 81 %, 4873 MiB, 49140 MiB, 286.99 W, 300.00 W, 72, 2130 MHz
2026/09/23 09:52:37.900, 0, 95 %, 85 %, 4873 MiB, 49140 MiB, 287.97 W, 300.00 W, 72, 2145 MHz
2026/09/23 09:52:38.901, 0, 93 %, 85 %, 4873 MiB, 49140 MiB, 287.69 W, 300.00 W, 72, 2160 MHz
2026/09/23 09:52:39.901, 0, 95 %, 87 %, 4873 MiB, 49140 MiB, 287.68 W, 300.00 W, 72, 2055 MHz
2026/09/23 09:52:40.903, 0, 95 %, 84 %, 4873 MiB, 49140 MiB, 288.61 W, 300.00 W, 72, 1950 MHz
2026/09/23 09:52:41.904, 0, 96 %, 86 %, 4873 MiB, 49140 MiB, 286.33 W, 300.00 W, 72, 2235 MHz
2026/09/23 09:52:42.908, 0, 97 %, 84 %, 4873 MiB, 49140 MiB, 288.20 W, 300.00 W, 73, 1800 MHz
2026/09/23 09:52:43.910, 0, 96 %, 84 %, 4873 MiB, 49140 MiB, 289.15 W, 300.00 W, 72, 2115 MHz
2026/09/23 09:52:44.910, 0, 94 %, 85 %, 4873 MiB, 49140 MiB, 288.72 W, 300.00 W, 72, 2145 MHz
2026/09/23 09:52:45.911, 0, 94 %, 83 %, 4873 MiB, 49140 MiB, 285.61 W, 300.00 W, 72, 2220 MHz
2026/09/23 09:52:46.911, 0, 95 %, 82 %, 4873 MiB, 49140 MiB, 288.05 W, 300.00 W, 71, 2130 MHz
2026/09/23 09:52:47.913, 0, 96 %, 85 %, 4873 MiB, 49140 MiB, 288.84 W, 300.00 W, 72, 2070 MHz
2026/09/23 09:52:48.914, 0, 95 %, 83 %, 4873 MiB, 49140 MiB, 285.38 W, 300.00 W, 72, 2115 MHz
2026/09/23 09:52:49.916, 0, 95 %, 86 %, 4873 MiB, 49140 MiB, 286.89 W, 300.00 W, 72, 1995 MHz
2026/09/23 09:52:50.917, 0, 85 %, 59 %, 4873 MiB, 49140 MiB, 285.05 W, 300.00 W, 73, 2205 MHz
2026/09/23 09:52:51.917, 0, 0 %, 0 %, 4873 MiB, 49140 MiB, 177.30 W, 300.00 W, 67, 2745 MHz
2026/09/23 09:52:52.918, 0, 95 %, 82 %, 4873 MiB, 49140 MiB, 226.95 W, 300.00 W, 70, 2130 MHz
2026/09/23 09:52:53.919, 0, 96 %, 86 %, 4873 MiB, 49140 MiB, 287.09 W, 300.00 W, 72, 1875 MHz
2026/09/23 09:52:54.920, 0, 97 %, 86 %, 4873 MiB, 49140 MiB, 288.76 W, 300.00 W, 73, 1785 MHz
2026/09/23 09:52:55.921, 0, 95 %, 86 %, 4873 MiB, 49140 MiB, 287.16 W, 300.00 W, 72, 2175 MHz
2026/09/23 09:52:56.923, 0, 94 %, 85 %, 4873 MiB, 49140 MiB, 287.16 W, 300.00 W, 72, 1950 MHz
2026/09/23 09:52:57.924, 0, 95 %, 86 %, 4873 MiB, 49140 MiB, 287.70 W, 300.00 W, 72, 2100 MHz
2026/09/23 09:52:58.926, 0, 95 %, 83 %, 4873 MiB, 49140 MiB, 288.42 W, 300.00 W, 72, 2175 MHz
2026/09/23 09:52:59.927, 0, 93 %, 80 %, 4873 MiB, 49140 MiB, 288.67 W, 300.00 W, 71, 2190 MHz
2026/09/23 09:53:00.927, 0, 95 %, 84 %, 4873 MiB, 49140 MiB, 288.69 W, 300.00 W, 72, 1995 MHz
2026/09/23 09:53:01.928, 0, 96 %, 86 %, 4873 MiB, 49140 MiB, 288.09 W, 300.00 W, 74, 1815 MHz
2026/09/23 09:53:02.929, 0, 94 %, 85 %, 4873 MiB, 49140 MiB, 286.65 W, 300.00 W, 72, 2145 MHz
2026/09/23 09:53:03.930, 0, 93 %, 84 %, 4873 MiB, 49140 MiB, 287.58 W, 300.00 W, 72, 2100 MHz
2026/09/23 09:53:04.931, 0, 95 %, 82 %, 4873 MiB, 49140 MiB, 287.29 W, 300.00 W, 72, 2145 MHz
2026/09/23 09:53:05.932, 0, 95 %, 81 %, 4873 MiB, 49140 MiB, 288.54 W, 300.00 W, 71, 2130 MHz
2026/09/23 09:53:06.934, 0, 97 %, 86 %, 4873 MiB, 49140 MiB, 288.04 W, 300.00 W, 73, 1950 MHz
2026/09/23 09:53:07.934, 0, 97 %, 83 %, 4873 MiB, 49140 MiB, 288.42 W, 300.00 W, 74, 1815 MHz
2026/09/23 09:53:08.935, 0, 0 %, 0 %, 4873 MiB, 49140 MiB, 242.21 W, 300.00 W, 68, 2745 MHz
2026/09/23 09:53:09.936, 0, 0 %, 0 %, 4873 MiB, 49140 MiB, 87.04 W, 300.00 W, 66, 2745 MHz
2026/09/23 09:53:10.937, 0, 0 %, 0 %, 1299 MiB, 49140 MiB, 81.83 W, 300.00 W, 65, 2505 MHz
2026/09/23 09:53:11.937, 0, 0 %, 0 %, 1299 MiB, 49140 MiB, 70.14 W, 300.00 W, 64, 2505 MHz
2026/09/23 09:53:12.938, 0, 0 %, 0 %, 1299 MiB, 49140 MiB, 69.48 W, 300.00 W, 63, 2505 MHz
2026/09/23 09:53:13.939, 0, 1 %, 0 %, 1299 MiB, 49140 MiB, 74.50 W, 300.00 W, 63, 2505 MHz
2026/09/23 09:53:14.939, 0, 0 %, 0 %, 1299 MiB, 49140 MiB, 78.13 W, 300.00 W, 62, 2505 MHz
2026/09/23 09:53:15.941, 0, 46 %, 19 %, 1299 MiB, 49140 MiB, 98.34 W, 300.00 W, 65, 2640 MHz
2026/09/23 09:53:16.941, 0, 0 %, 0 %, 1299 MiB, 49140 MiB, 117.94 W, 300.00 W, 62, 2640 MHz
2026/09/23 09:53:17.942, 0, 0 %, 0 %, 1299 MiB, 49140 MiB, 81.87 W, 300.00 W, 62, 2640 MHz
2026/09/23 09:53:18.942, 0, 0 %, 0 %, 1299 MiB, 49140 MiB, 70.58 W, 300.00 W, 61, 2505 MHz
2026/09/23 09:53:19.943, 0, 0 %, 0 %, 1299 MiB, 49140 MiB, 68.50 W, 300.00 W, 61, 2505 MHz
2026/09/23 09:53:20.943, 0, 0 %, 0 %, 1299 MiB, 49140 MiB, 66.70 W, 300.00 W, 60, 2505 MHz
2026/09/23 09:53:21.944, 0, 0 %, 0 %, 1299 MiB, 49140 MiB, 66.13 W, 300.00 W, 60, 2505 MHz
2026/09/23 09:53:22.944, 0, 0 %, 0 %, 0 MiB, 49140 MiB, 65.90 W, 300.00 W, 59, 2505 MHz
2026/09/23 09:53:23.945, 0, 0 %, 0 %, 0 MiB, 49140 MiB, 67.09 W, 300.00 W, 59, 2505 MHz
2026/09/23 09:53:24.945, 0, 0 %, 0 %, 0 MiB, 49140 MiB, 44.17 W, 300.00 W, 59, 2505 MHz
2026/09/23 09:53:25.946, 0, 0 %, 0 %, 0 MiB, 49140 MiB, 37.57 W, 300.00 W, 58, 585 MHz
2026/09/23 09:53:26.946, 0, 0 %, 0 %, 0 MiB, 49140 MiB, 30.72 W, 300.00 W, 57, 375 MHz
2026/09/23 09:53:27.947, 0, 0 %, 0 %, 0 MiB, 49140 MiB, 28.14 W, 300.00 W, 57, 240 MHz
2026/09/23 09:53:28.947, 0, 0 %, 0 %, 0 MiB, 49140 MiB, 28.01 W, 300.00 W, 56, 210 MHz
2026/09/23 09:53:29.948, 0, 0 %, 0 %, 0 MiB, 49140 MiB, 27.90 W, 300.00 W, 56, 210 MHz
2026/09/23 09:53:30.948, 0, 0 %, 0 %, 0 MiB, 49140 MiB, 27.76 W, 300.00 W, 56, 210 MHz
2026/09/23 09:53:31.949, 0, 0 %, 0 %, 0 MiB, 49140 MiB, 27.68 W, 300.00 W, 55, 210 MHz
2026/09/23 09:53:32.949, 0, 0 %, 0 %, 3 MiB, 49140 MiB, 27.65 W, 300.00 W, 55, 210 MHz
2026/09/23 09:53:33.951, 0, 0 %, 0 %, 809 MiB, 49140 MiB, 40.46 W, 300.00 W, 55, 2505 MHz
2026/09/23 09:53:34.951, 0, 27 %, 2 %, 1143 MiB, 49140 MiB, 71.38 W, 300.00 W, 55, 2505 MHz
2026/09/23 09:53:35.952, 0, 60 %, 19 %, 1249 MiB, 49140 MiB, 122.99 W, 300.00 W, 58, 2745 MHz
2026/09/23 09:53:36.953, 0, 54 %, 13 %, 715 MiB, 49140 MiB, 158.44 W, 300.00 W, 58, 2745 MHz
2026/09/23 09:53:37.953, 0, 60 %, 17 %, 715 MiB, 49140 MiB, 153.62 W, 300.00 W, 58, 2745 MHz
2026/09/23 09:53:38.954, 0, 56 %, 15 %, 1249 MiB, 49140 MiB, 159.88 W, 300.00 W, 58, 2730 MHz
2026/09/23 09:53:39.954, 0, 55 %, 17 %, 715 MiB, 49140 MiB, 170.62 W, 300.00 W, 58, 2535 MHz
2026/09/23 09:53:40.955, 0, 64 %, 24 %, 715 MiB, 49140 MiB, 168.53 W, 300.00 W, 60, 2745 MHz
2026/09/23 09:53:41.956, 0, 53 %, 13 %, 715 MiB, 49140 MiB, 168.26 W, 300.00 W, 61, 2745 MHz
2026/09/23 09:53:42.956, 0, 64 %, 25 %, 1249 MiB, 49140 MiB, 164.59 W, 300.00 W, 60, 2745 MHz
2026/09/23 09:53:43.957, 0, 54 %, 15 %, 715 MiB, 49140 MiB, 176.76 W, 300.00 W, 59, 2730 MHz
2026/09/23 09:53:44.957, 0, 60 %, 16 %, 715 MiB, 49140 MiB, 169.14 W, 300.00 W, 59, 2715 MHz
2026/09/23 09:53:45.958, 0, 60 %, 19 %, 847 MiB, 49140 MiB, 155.22 W, 300.00 W, 60, 2745 MHz
2026/09/23 09:53:46.958, 0, 0 %, 0 %, 715 MiB, 49140 MiB, 128.40 W, 300.00 W, 57, 2745 MHz
2026/09/23 09:53:47.959, 0, 0 %, 0 %, 715 MiB, 49140 MiB, 85.56 W, 300.00 W, 57, 2745 MHz
