timestamp, index, utilization.gpu [%], utilization.memory [%], memory.used [MiB], memory.total [MiB], power.draw [W], power.limit [W], temperature.gpu, clocks.current.sm [MHz]
2026/09/23 05:35:44.793, 0, 0 %, 0 %, 0 MiB, 49140 MiB, 72.95 W, 300.00 W, 55, 2505 MHz
2026/09/23 05:35:45.797, 0, 0 %, 0 %, 0 MiB, 49140 MiB, 64.79 W, 300.00 W, 54, 2505 MHz
2026/09/23 05:35:46.798, 0, 0 %, 0 %, 0 MiB, 49140 MiB, 57.95 W, 300.00 W, 54, 600 MHz
2026/09/23 05:35:47.798, 0, 0 %, 0 %, 1 MiB, 49140 MiB, 46.70 W, 300.00 W, 53, 375 MHz
2026/09/23 05:35:48.799, 0, 0 %, 0 %, 633 MiB, 49140 MiB, 31.98 W, 300.00 W, 53, 225 MHz
2026/09/23 05:35:49.799, 0, 0 %, 0 %, 633 MiB, 49140 MiB, 53.70 W, 300.00 W, 53, 2505 MHz
2026/09/23 05:35:50.800, 0, 0 %, 0 %, 633 MiB, 49140 MiB, 61.88 W, 300.00 W, 53, 2505 MHz
2026/09/23 05:35:51.800, 0, 0 %, 0 %, 633 MiB, 49140 MiB, 60.21 W, 300.00 W, 53, 2505 MHz
2026/09/23 05:35:52.801, 0, 0 %, 0 %, 633 MiB, 49140 MiB, 60.22 W, 300.00 W, 53, 2505 MHz
2026/09/23 05:35:53.801, 0, 0 %, 0 %, 633 MiB, 49140 MiB, 60.41 W, 300.00 W, 53, 2505 MHz
2026/09/23 05:35:54.801, 0, 0 %, 0 %, 635 MiB, 49140 MiB, 60.61 W, 300.00 W, 53, 2505 MHz
2026/09/23 05:35:55.802, 0, 0 %, 0 %, 1279 MiB, 49140 MiB, 69.37 W, 300.00 W, 54, 2505 MHz
2026/09/23 05:35:56.802, 0, 3 %, 0 %, 2443 MiB, 49140 MiB, 82.77 W, 300.00 W, 55, 2505 MHz
2026/09/23 05:35:57.803, 0, 0 %, 0 %, 2449 MiB, 49140 MiB, 90.23 W, 300.00 W, 53, 2745 MHz
2026/09/23 05:35:58.803, 0, 0 %, 0 %, 2595 MiB, 49140 MiB, 82.27 W, 300.00 W, 53, 2505 MHz
2026/09/23 05:35:59.804, 0, 0 %, 0 %, 2705 MiB, 49140 MiB, 73.48 W, 300.00 W, 53, 2745 MHz
2026/09/23 05:36:00.804, 0, 0 %, 0 %, 2345 MiB, 49140 MiB, 88.71 W, 300.00 W, 53, 2745 MHz
2026/09/23 05:36:01.805, 0, 0 %, 0 %, 2309 MiB, 49140 MiB, 76.33 W, 300.00 W, 52, 2505 MHz
2026/09/23 05:36:02.805, 0, 0 %, 0 %, 2367 MiB, 49140 MiB, 67.79 W, 300.00 W, 52, 2655 MHz
2026/09/23 05:36:03.806, 0, 0 %, 0 %, 2257 MiB, 49140 MiB, 74.65 W, 300.00 W, 52, 2655 MHz
2026/09/23 05:36:04.806, 0, 28 %, 3 %, 2285 MiB, 49140 MiB, 67.99 W, 300.00 W, 52, 2505 MHz
2026/09/23 05:36:05.807, 0, 47 %, 6 %, 2193 MiB, 49140 MiB, 63.84 W, 300.00 W, 52, 2505 MHz
2026/09/23 05:36:06.807, 0, 22 %, 4 %, 2213 MiB, 49140 MiB, 62.77 W, 300.00 W, 52, 2505 MHz
2026/09/23 05:36:07.808, 0, 0 %, 0 %, 2223 MiB, 49140 MiB, 60.18 W, 300.00 W, 52, 2505 MHz
2026/09/23 05:36:08.808, 0, 0 %, 0 %, 2175 MiB, 49140 MiB, 62.09 W, 300.00 W, 51, 2505 MHz
2026/09/23 05:36:09.809, 0, 0 %, 0 %, 2199 MiB, 49140 MiB, 61.70 W, 300.00 W, 51, 2505 MHz
2026/09/23 05:36:10.809, 0, 0 %, 0 %, 2217 MiB, 49140 MiB, 60.15 W, 300.00 W, 51, 2505 MHz
2026/09/23 05:36:11.810, 0, 0 %, 0 %, 2175 MiB, 49140 MiB, 61.67 W, 300.00 W, 51, 2505 MHz
2026/09/23 05:36:12.810, 0, 0 %, 0 %, 2175 MiB, 49140 MiB, 61.33 W, 300.00 W, 51, 2505 MHz
2026/09/23 05:36:13.811, 0, 0 %, 0 %, 2175 MiB, 49140 MiB, 59.97 W, 300.00 W, 51, 2505 MHz
2026/09/23 05:36:14.811, 0, 0 %, 0 %, 2175 MiB, 49140 MiB, 60.53 W, 300.00 W, 51, 2505 MHz
2026/09/23 05:36:15.812, 0, 0 %, 0 %, 2155 MiB, 49140 MiB, 60.10 W, 300.00 W, 51, 2505 MHz
2026/09/23 05:36:16.812, 0, 0 %, 0 %, 2155 MiB, 49140 MiB, 59.88 W, 300.00 W, 51, 2505 MHz
2026/09/23 05:36:17.813, 0, 0 %, 0 %, 2183 MiB, 49140 MiB, 61.04 W, 300.00 W, 51, 2505 MHz
2026/09/23 05:36:18.813, 0, 0 %, 0 %, 2561 MiB, 49140 MiB, 67.87 W, 300.00 W, 51, 2505 MHz
2026/09/23 05:36:19.814, 0, 0 %, 0 %, 3163 MiB, 49140 MiB, 61.39 W, 300.00 W, 51, 2505 MHz
2026/09/23 05:36:20.814, 0, 88 %, 74 %, 3163 MiB, 49140 MiB, 193.23 W, 300.00 W, 57, 2625 MHz
2026/09/23 05:36:21.815, 0, 85 %, 72 %, 3163 MiB, 49140 MiB, 271.97 W, 300.00 W, 59, 2535 MHz
2026/09/23 05:36:22.817, 0, 86 %, 72 %, 3163 MiB, 49140 MiB, 274.06 W, 300.00 W, 60, 2460 MHz
2026/09/23 05:36:23.818, 0, 87 %, 74 %, 3163 MiB, 49140 MiB, 272.73 W, 300.00 W, 60, 2460 MHz
2026/09/23 05:36:24.818, 0, 85 %, 70 %, 3163 MiB, 49140 MiB, 270.21 W, 300.00 W, 58, 2685 MHz
2026/09/23 05:36:25.819, 0, 84 %, 69 %, 3163 MiB, 49140 MiB, 264.67 W, 300.00 W, 61, 2565 MHz
2026/09/23 05:36:26.820, 0, 85 %, 71 %, 3163 MiB, 49140 MiB, 269.12 W, 300.00 W, 60, 2475 MHz
2026/09/23 05:36:27.821, 0, 83 %, 70 %, 3163 MiB, 49140 MiB, 267.69 W, 300.00 W, 62, 2370 MHz
2026/09/23 05:36:28.822, 0, 88 %, 73 %, 3163 MiB, 49140 MiB, 268.11 W, 300.00 W, 61, 2460 MHz
2026/09/23 05:36:29.822, 0, 83 %, 71 %, 3163 MiB, 49140 MiB, 270.36 W, 300.00 W, 61, 2580 MHz
2026/09/23 05:36:30.823, 0, 88 %, 73 %, 3163 MiB, 49140 MiB, 234.23 W, 300.00 W, 57, 2745 MHz
2026/09/23 05:36:31.823, 0, 0 %, 0 %, 1465 MiB, 49140 MiB, 78.67 W, 300.00 W, 56, 2745 MHz
2026/09/23 05:36:32.824, 0, 4 %, 0 %, 1569 MiB, 49140 MiB, 97.60 W, 300.00 W, 56, 2505 MHz
2026/09/23 05:36:33.827, 0, 56 %, 33 %, 1569 MiB, 49140 MiB, 155.11 W, 300.00 W, 56, 2670 MHz
2026/09/23 05:36:34.828, 0, 0 %, 0 %, 3197 MiB, 49140 MiB, 73.41 W, 300.00 W, 55, 2670 MHz
2026/09/23 05:36:35.829, 0, 87 %, 74 %, 3197 MiB, 49140 MiB, 199.83 W, 300.00 W, 60, 2595 MHz
2026/09/23 05:36:36.830, 0, 82 %, 70 %, 3197 MiB, 49140 MiB, 271.15 W, 300.00 W, 63, 2520 MHz
2026/09/23 05:36:37.831, 0, 89 %, 72 %, 3197 MiB, 49140 MiB, 273.95 W, 300.00 W, 63, 2610 MHz
2026/09/23 05:36:38.832, 0, 85 %, 73 %, 3197 MiB, 49140 MiB, 271.77 W, 300.00 W, 62, 2520 MHz
2026/09/23 05:36:39.832, 0, 90 %, 73 %, 3197 MiB, 49140 MiB, 268.54 W, 300.00 W, 63, 2370 MHz
2026/09/23 05:36:40.833, 0, 78 %, 64 %, 3197 MiB, 49140 MiB, 269.68 W, 300.00 W, 64, 2475 MHz
2026/09/23 05:36:41.834, 0, 84 %, 71 %, 3197 MiB, 49140 MiB, 270.62 W, 300.00 W, 64, 2505 MHz
2026/09/23 05:36:42.834, 0, 82 %, 69 %, 3197 MiB, 49140 MiB, 274.32 W, 300.00 W, 63, 2565 MHz
2026/09/23 05:36:43.834, 0, 89 %, 72 %, 3197 MiB, 49140 MiB, 269.96 W, 300.00 W, 64, 2535 MHz
2026/09/23 05:36:44.835, 0, 88 %, 75 %, 3197 MiB, 49140 MiB, 270.76 W, 300.00 W, 65, 2430 MHz
2026/09/23 05:36:45.836, 0, 86 %, 73 %, 3197 MiB, 49140 MiB, 266.83 W, 300.00 W, 65, 2655 MHz
2026/09/23 05:36:46.836, 0, 9 %, 0 %, 3197 MiB, 49140 MiB, 154.85 W, 300.00 W, 59, 2745 MHz
2026/09/23 05:36:47.838, 0, 0 %, 0 %, 3197 MiB, 49140 MiB, 81.46 W, 300.00 W, 59, 2745 MHz
2026/09/23 05:36:48.838, 0, 84 %, 72 %, 3197 MiB, 49140 MiB, 217.45 W, 300.00 W, 64, 2475 MHz
2026/09/23 05:36:49.839, 0, 88 %, 72 %, 3197 MiB, 49140 MiB, 277.69 W, 300.00 W, 66, 2355 MHz
2026/09/23 05:36:50.840, 0, 93 %, 76 %, 3197 MiB, 49140 MiB, 275.04 W, 300.00 W, 66, 2460 MHz
2026/09/23 05:36:51.840, 0, 86 %, 73 %, 3197 MiB, 49140 MiB, 274.26 W, 300.00 W, 65, 2625 MHz
2026/09/23 05:36:52.841, 0, 86 %, 70 %, 3197 MiB, 49140 MiB, 276.19 W, 300.00 W, 65, 2565 MHz
2026/09/23 05:36:53.842, 0, 83 %, 68 %, 3197 MiB, 49140 MiB, 273.65 W, 300.00 W, 66, 2460 MHz
2026/09/23 05:36:54.842, 0, 87 %, 73 %, 3197 MiB, 49140 MiB, 273.66 W, 300.00 W, 66, 2550 MHz
2026/09/23 05:36:55.843, 0, 82 %, 69 %, 3197 MiB, 49140 MiB, 274.72 W, 300.00 W, 67, 2475 MHz
2026/09/23 05:36:56.844, 0, 85 %, 70 %, 3197 MiB, 49140 MiB, 274.52 W, 300.00 W, 67, 2520 MHz
2026/09/23 05:36:57.844, 0, 92 %, 76 %, 3197 MiB, 49140 MiB, 276.48 W, 300.00 W, 66, 2565 MHz
2026/09/23 05:36:58.845, 0, 63 %, 37 %, 3197 MiB, 49140 MiB, 249.46 W, 300.00 W, 64, 2745 MHz
2026/09/23 05:36:59.846, 0, 0 %, 0 %, 3197 MiB, 49140 MiB, 85.55 W, 300.00 W, 61, 2745 MHz
2026/09/23 05:37:00.846, 0, 0 %, 0 %, 3197 MiB, 49140 MiB, 152.33 W, 300.00 W, 66, 2475 MHz
2026/09/23 05:37:01.847, 0, 81 %, 68 %, 3197 MiB, 49140 MiB, 276.34 W, 300.00 W, 67, 2310 MHz
2026/09/23 05:37:02.848, 0, 90 %, 73 %, 3197 MiB, 49140 MiB, 276.05 W, 300.00 W, 65, 2400 MHz
2026/09/23 05:37:03.849, 0, 89 %, 72 %, 3197 MiB, 49140 MiB, 274.93 W, 300.00 W, 67, 2565 MHz
2026/09/23 05:37:04.849, 0, 85 %, 71 %, 3197 MiB, 49140 MiB, 275.58 W, 300.00 W, 66, 2430 MHz
2026/09/23 05:37:05.850, 0, 88 %, 75 %, 3197 MiB, 49140 MiB, 276.23 W, 300.00 W, 67, 2535 MHz
2026/09/23 05:37:06.851, 0, 91 %, 77 %, 3197 MiB, 49140 MiB, 277.83 W, 300.00 W, 68, 2475 MHz
2026/09/23 05:37:07.851, 0, 89 %, 75 %, 3197 MiB, 49140 MiB, 274.11 W, 300.00 W, 68, 2550 MHz
2026/09/23 05:37:08.852, 0, 92 %, 77 %, 3197 MiB, 49140 MiB, 275.14 W, 300.00 W, 69, 2535 MHz
2026/09/23 05:37:09.852, 0, 85 %, 72 %, 3197 MiB, 49140 MiB, 274.53 W, 300.00 W, 69, 2505 MHz
2026/09/23 05:37:10.853, 0, 86 %, 74 %, 3197 MiB, 49140 MiB, 274.55 W, 300.00 W, 69, 2295 MHz
2026/09/23 05:37:11.854, 0, 56 %, 32 %, 3197 MiB, 49140 MiB, 196.70 W, 300.00 W, 63, 2745 MHz
2026/09/23 05:37:12.855, 0, 0 %, 0 %, 3197 MiB, 49140 MiB, 83.89 W, 300.00 W, 62, 2745 MHz
2026/09/23 05:37:13.856, 0, 83 %, 69 %, 3197 MiB, 49140 MiB, 200.72 W, 300.00 W, 68, 2490 MHz
2026/09/23 05:37:14.856, 0, 84 %, 69 %, 3197 MiB, 49140 MiB, 275.82 W, 300.00 W, 68, 2550 MHz
2026/09/23 05:37:15.857, 0, 87 %, 73 %, 3197 MiB, 49140 MiB, 279.76 W, 300.00 W, 69, 2505 MHz
2026/09/23 05:37:16.858, 0, 83 %, 68 %, 3197 MiB, 49140 MiB, 277.32 W, 300.00 W, 69, 2460 MHz
2026/09/23 05:37:17.858, 0, 86 %, 74 %, 3197 MiB, 49140 MiB, 279.50 W, 300.00 W, 69, 2490 MHz
2026/09/23 05:37:18.859, 0, 82 %, 68 %, 3197 MiB, 49140 MiB, 278.43 W, 300.00 W, 69, 2505 MHz
2026/09/23 05:37:19.860, 0, 87 %, 74 %, 3197 MiB, 49140 MiB, 281.45 W, 300.00 W, 69, 2460 MHz
2026/09/23 05:37:20.861, 0, 86 %, 74 %, 3197 MiB, 49140 MiB, 279.80 W, 300.00 W, 69, 2460 MHz
2026/09/23 05:37:21.863, 0, 81 %, 68 %, 3197 MiB, 49140 MiB, 277.67 W, 300.00 W, 68, 2565 MHz
2026/09/23 05:37:22.864, 0, 86 %, 70 %, 3197 MiB, 49140 MiB, 279.75 W, 300.00 W, 68, 2460 MHz
2026/09/23 05:37:23.866, 0, 89 %, 72 %, 3197 MiB, 49140 MiB, 274.57 W, 300.00 W, 70, 2595 MHz
2026/09/23 05:37:24.866, 0, 9 %, 0 %, 3197 MiB, 49140 MiB, 143.19 W, 300.00 W, 63, 2730 MHz
2026/09/23 05:37:25.867, 0, 0 %, 0 %, 3197 MiB, 49140 MiB, 106.64 W, 300.00 W, 67, 2460 MHz
2026/09/23 05:37:26.868, 0, 85 %, 71 %, 3197 MiB, 49140 MiB, 277.27 W, 300.00 W, 68, 2400 MHz
2026/09/23 05:37:27.868, 0, 87 %, 73 %, 3197 MiB, 49140 MiB, 278.63 W, 300.00 W, 68, 2265 MHz
2026/09/23 05:37:28.869, 0, 91 %, 78 %, 3197 MiB, 49140 MiB, 279.69 W, 300.00 W, 70, 2295 MHz
2026/09/23 05:37:29.870, 0, 84 %, 72 %, 3197 MiB, 49140 MiB, 276.82 W, 300.00 W, 69, 2550 MHz
2026/09/23 05:37:30.871, 0, 86 %, 73 %, 3197 MiB, 49140 MiB, 278.21 W, 300.00 W, 70, 2490 MHz
2026/09/23 05:37:31.871, 0, 82 %, 68 %, 3197 MiB, 49140 MiB, 278.10 W, 300.00 W, 69, 2520 MHz
2026/09/23 05:37:32.873, 0, 89 %, 75 %, 3197 MiB, 49140 MiB, 278.49 W, 300.00 W, 69, 2520 MHz
2026/09/23 05:37:33.874, 0, 84 %, 72 %, 3197 MiB, 49140 MiB, 276.43 W, 300.00 W, 69, 2460 MHz
2026/09/23 05:37:34.875, 0, 89 %, 75 %, 3197 MiB, 49140 MiB, 278.21 W, 300.00 W, 70, 2550 MHz
2026/09/23 05:37:35.876, 0, 83 %, 68 %, 3197 MiB, 49140 MiB, 281.44 W, 300.00 W, 71, 2400 MHz
2026/09/23 05:37:36.876, 0, 69 %, 41 %, 3197 MiB, 49140 MiB, 247.05 W, 300.00 W, 66, 2730 MHz
2026/09/23 05:37:37.877, 0, 0 %, 0 %, 3197 MiB, 49140 MiB, 85.03 W, 300.00 W, 64, 2745 MHz
2026/09/23 05:37:38.877, 0, 0 %, 0 %, 3197 MiB, 49140 MiB, 168.25 W, 300.00 W, 68, 2415 MHz
2026/09/23 05:37:39.878, 0, 86 %, 73 %, 3197 MiB, 49140 MiB, 278.42 W, 300.00 W, 69, 2520 MHz
2026/09/23 05:37:40.878, 0, 89 %, 73 %, 3197 MiB, 49140 MiB, 279.62 W, 300.00 W, 71, 2460 MHz
2026/09/23 05:37:41.879, 0, 90 %, 75 %, 3197 MiB, 49140 MiB, 278.63 W, 300.00 W, 70, 2535 MHz
2026/09/23 05:37:42.880, 0, 81 %, 68 %, 3197 MiB, 49140 MiB, 279.96 W, 300.00 W, 70, 2445 MHz
2026/09/23 05:37:43.881, 0, 89 %, 73 %, 3197 MiB, 49140 MiB, 279.92 W, 300.00 W, 70, 2550 MHz
2026/09/23 05:37:44.882, 0, 83 %, 70 %, 3197 MiB, 49140 MiB, 278.53 W, 300.00 W, 69, 2460 MHz
2026/09/23 05:37:45.883, 0, 88 %, 72 %, 3197 MiB, 49140 MiB, 278.95 W, 300.00 W, 69, 2565 MHz
2026/09/23 05:37:46.883, 0, 90 %, 73 %, 3197 MiB, 49140 MiB, 278.92 W, 300.00 W, 69, 2565 MHz
2026/09/23 05:37:47.884, 0, 87 %, 73 %, 3197 MiB, 49140 MiB, 278.74 W, 300.00 W, 71, 2445 MHz
2026/09/23 05:37:48.884, 0, 86 %, 70 %, 3197 MiB, 49140 MiB, 277.30 W, 300.00 W, 70, 2565 MHz
2026/09/23 05:37:49.885, 0, 40 %, 24 %, 3197 MiB, 49140 MiB, 170.52 W, 300.00 W, 65, 2730 MHz
2026/09/23 05:37:50.886, 0, 0 %, 0 %, 3197 MiB, 49140 MiB, 84.74 W, 300.00 W, 64, 2745 MHz
2026/09/23 05:37:51.890, 0, 90 %, 74 %, 3197 MiB, 49140 MiB, 217.41 W, 300.00 W, 70, 2535 MHz
2026/09/23 05:37:52.890, 0, 87 %, 72 %, 3197 MiB, 49140 MiB, 280.59 W, 300.00 W, 69, 2520 MHz
2026/09/23 05:37:53.891, 0, 84 %, 71 %, 3197 MiB, 49140 MiB, 282.20 W, 300.00 W, 70, 2535 MHz
2026/09/23 05:37:54.893, 0, 83 %, 70 %, 3197 MiB, 49140 MiB, 280.56 W, 300.00 W, 70, 2490 MHz
2026/09/23 05:37:55.894, 0, 90 %, 73 %, 3197 MiB, 49140 MiB, 282.68 W, 300.00 W, 70, 2535 MHz
2026/09/23 05:37:56.894, 0, 86 %, 73 %, 3197 MiB, 49140 MiB, 283.02 W, 300.00 W, 70, 2415 MHz
2026/09/23 05:37:57.895, 0, 88 %, 71 %, 3197 MiB, 49140 MiB, 281.80 W, 300.00 W, 70, 2475 MHz
2026/09/23 05:37:58.895, 0, 89 %, 72 %, 3197 MiB, 49140 MiB, 281.89 W, 300.00 W, 71, 2460 MHz
2026/09/23 05:37:59.897, 0, 85 %, 73 %, 3197 MiB, 49140 MiB, 281.30 W, 300.00 W, 71, 2415 MHz
2026/09/23 05:38:00.899, 0, 88 %, 72 %, 3197 MiB, 49140 MiB, 281.47 W, 300.00 W, 71, 2505 MHz
2026/09/23 05:38:01.900, 0, 89 %, 72 %, 3197 MiB, 49140 MiB, 272.34 W, 300.00 W, 70, 2625 MHz
2026/09/23 05:38:02.901, 0, 0 %, 0 %, 3197 MiB, 49140 MiB, 121.79 W, 300.00 W, 65, 2745 MHz
2026/09/23 05:38:03.901, 0, 0 %, 0 %, 3197 MiB, 49140 MiB, 127.27 W, 300.00 W, 70, 2505 MHz
2026/09/23 05:38:04.902, 0, 88 %, 75 %, 3197 MiB, 49140 MiB, 273.58 W, 300.00 W, 70, 2505 MHz
2026/09/23 05:38:05.903, 0, 84 %, 72 %, 3197 MiB, 49140 MiB, 275.44 W, 300.00 W, 69, 2445 MHz
2026/09/23 05:38:06.903, 0, 86 %, 70 %, 3197 MiB, 49140 MiB, 276.80 W, 300.00 W, 69, 2400 MHz
2026/09/23 05:38:07.904, 0, 88 %, 73 %, 3197 MiB, 49140 MiB, 276.83 W, 300.00 W, 69, 2565 MHz
2026/09/23 05:38:08.905, 0, 89 %, 72 %, 3197 MiB, 49140 MiB, 276.78 W, 300.00 W, 70, 2490 MHz
2026/09/23 05:38:09.905, 0, 89 %, 72 %, 3197 MiB, 49140 MiB, 277.89 W, 300.00 W, 70, 2565 MHz
2026/09/23 05:38:10.906, 0, 83 %, 67 %, 3197 MiB, 49140 MiB, 276.31 W, 300.00 W, 70, 2520 MHz
2026/09/23 05:38:11.908, 0, 80 %, 66 %, 3197 MiB, 49140 MiB, 274.28 W, 300.00 W, 70, 2550 MHz
2026/09/23 05:38:12.909, 0, 85 %, 71 %, 3197 MiB, 49140 MiB, 274.36 W, 300.00 W, 70, 2490 MHz
2026/09/23 05:38:13.912, 0, 60 %, 36 %, 3197 MiB, 49140 MiB, 270.39 W, 300.00 W, 71, 2655 MHz
2026/09/23 05:38:14.912, 0, 0 %, 0 %, 3197 MiB, 49140 MiB, 146.45 W, 300.00 W, 65, 2745 MHz
2026/09/23 05:38:15.913, 0, 0 %, 0 %, 3197 MiB, 49140 MiB, 84.75 W, 300.00 W, 66, 2745 MHz
2026/09/23 05:38:16.915, 0, 88 %, 73 %, 3197 MiB, 49140 MiB, 209.43 W, 300.00 W, 69, 2355 MHz
2026/09/23 05:38:17.916, 0, 86 %, 70 %, 3197 MiB, 49140 MiB, 277.31 W, 300.00 W, 69, 2415 MHz
2026/09/23 05:38:18.917, 0, 85 %, 70 %, 3197 MiB, 49140 MiB, 278.17 W, 300.00 W, 70, 2460 MHz
2026/09/23 05:38:19.918, 0, 88 %, 72 %, 3197 MiB, 49140 MiB, 276.17 W, 300.00 W, 70, 2490 MHz
2026/09/23 05:38:20.919, 0, 90 %, 77 %, 3197 MiB, 49140 MiB, 280.97 W, 300.00 W, 71, 2430 MHz
2026/09/23 05:38:21.920, 0, 86 %, 72 %, 3197 MiB, 49140 MiB, 278.83 W, 300.00 W, 71, 2445 MHz
2026/09/23 05:38:22.921, 0, 83 %, 69 %, 3197 MiB, 49140 MiB, 276.95 W, 300.00 W, 70, 2310 MHz
2026/09/23 05:38:23.921, 0, 85 %, 70 %, 3197 MiB, 49140 MiB, 276.83 W, 300.00 W, 70, 2460 MHz
2026/09/23 05:38:24.922, 0, 88 %, 72 %, 3197 MiB, 49140 MiB, 277.96 W, 300.00 W, 72, 2430 MHz
2026/09/23 05:38:25.923, 0, 87 %, 75 %, 3197 MiB, 49140 MiB, 280.26 W, 300.00 W, 71, 2460 MHz
2026/09/23 05:38:26.924, 0, 71 %, 42 %, 3197 MiB, 49140 MiB, 267.35 W, 300.00 W, 71, 2475 MHz
2026/09/23 05:38:27.924, 0, 0 %, 0 %, 3197 MiB, 49140 MiB, 112.94 W, 300.00 W, 65, 2745 MHz
2026/09/23 05:38:28.925, 0, 87 %, 71 %, 3197 MiB, 49140 MiB, 136.79 W, 300.00 W, 69, 2295 MHz
2026/09/23 05:38:29.926, 0, 87 %, 75 %, 3197 MiB, 49140 MiB, 272.73 W, 300.00 W, 71, 2520 MHz
2026/09/23 05:38:30.927, 0, 88 %, 73 %, 3197 MiB, 49140 MiB, 277.66 W, 300.00 W, 69, 2370 MHz
2026/09/23 05:38:31.927, 0, 90 %, 74 %, 3197 MiB, 49140 MiB, 278.28 W, 300.00 W, 70, 2430 MHz
2026/09/23 05:38:32.928, 0, 89 %, 73 %, 3197 MiB, 49140 MiB, 276.58 W, 300.00 W, 69, 2490 MHz
2026/09/23 05:38:33.928, 0, 87 %, 73 %, 3197 MiB, 49140 MiB, 274.92 W, 300.00 W, 70, 2355 MHz
2026/09/23 05:38:34.929, 0, 87 %, 73 %, 3197 MiB, 49140 MiB, 276.33 W, 300.00 W, 71, 2415 MHz
2026/09/23 05:38:35.930, 0, 86 %, 72 %, 3197 MiB, 49140 MiB, 274.92 W, 300.00 W, 71, 2460 MHz
2026/09/23 05:38:36.931, 0, 94 %, 76 %, 3197 MiB, 49140 MiB, 278.94 W, 300.00 W, 71, 2355 MHz
2026/09/23 05:38:37.932, 0, 88 %, 74 %, 3197 MiB, 49140 MiB, 277.80 W, 300.00 W, 71, 2460 MHz
2026/09/23 05:38:38.933, 0, 88 %, 74 %, 3197 MiB, 49140 MiB, 274.76 W, 300.00 W, 70, 2460 MHz
2026/09/23 05:38:39.933, 0, 0 %, 0 %, 3197 MiB, 49140 MiB, 202.27 W, 300.00 W, 65, 2745 MHz
2026/09/23 05:38:40.934, 0, 0 %, 0 %, 3197 MiB, 49140 MiB, 85.29 W, 300.00 W, 65, 2745 MHz
2026/09/23 05:38:41.934, 0, 87 %, 72 %, 3197 MiB, 49140 MiB, 186.45 W, 300.00 W, 69, 2520 MHz
2026/09/23 05:38:42.935, 0, 87 %, 74 %, 3197 MiB, 49140 MiB, 273.80 W, 300.00 W, 70, 2475 MHz
2026/09/23 05:38:43.937, 0, 89 %, 71 %, 3197 MiB, 49140 MiB, 274.48 W, 300.00 W, 70, 2475 MHz
2026/09/23 05:38:44.937, 0, 89 %, 73 %, 3197 MiB, 49140 MiB, 277.01 W, 300.00 W, 70, 2430 MHz
2026/09/23 05:38:45.939, 0, 82 %, 69 %, 3197 MiB, 49140 MiB, 274.28 W, 300.00 W, 70, 2460 MHz
2026/09/23 05:38:46.940, 0, 84 %, 71 %, 3197 MiB, 49140 MiB, 274.37 W, 300.00 W, 71, 2460 MHz
2026/09/23 05:38:47.941, 0, 88 %, 74 %, 3197 MiB, 49140 MiB, 271.98 W, 300.00 W, 70, 2505 MHz
2026/09/23 05:38:48.943, 0, 88 %, 72 %, 3197 MiB, 49140 MiB, 273.25 W, 300.00 W, 69, 2415 MHz
2026/09/23 05:38:49.944, 0, 85 %, 72 %, 3197 MiB, 49140 MiB, 273.32 W, 300.00 W, 71, 2430 MHz
2026/09/23 05:38:50.944, 0, 82 %, 69 %, 3197 MiB, 49140 MiB, 272.82 W, 300.00 W, 71, 2550 MHz
2026/09/23 05:38:51.945, 0, 67 %, 40 %, 3197 MiB, 49140 MiB, 268.75 W, 300.00 W, 71, 2580 MHz
2026/09/23 05:38:52.946, 0, 0 %, 0 %, 3197 MiB, 49140 MiB, 155.04 W, 300.00 W, 65, 2745 MHz
2026/09/23 05:38:53.946, 0, 86 %, 69 %, 3197 MiB, 49140 MiB, 97.48 W, 300.00 W, 68, 2460 MHz
2026/09/23 05:38:54.947, 0, 86 %, 72 %, 3197 MiB, 49140 MiB, 270.48 W, 300.00 W, 69, 2535 MHz
2026/09/23 05:38:55.948, 0, 94 %, 76 %, 3197 MiB, 49140 MiB, 280.45 W, 300.00 W, 71, 2235 MHz
2026/09/23 05:38:56.948, 0, 90 %, 74 %, 3197 MiB, 49140 MiB, 281.16 W, 300.00 W, 70, 2445 MHz
2026/09/23 05:38:57.949, 0, 87 %, 70 %, 3197 MiB, 49140 MiB, 279.65 W, 300.00 W, 69, 2490 MHz
2026/09/23 05:38:58.950, 0, 81 %, 69 %, 3197 MiB, 49140 MiB, 276.63 W, 300.00 W, 71, 2475 MHz
2026/09/23 05:38:59.950, 0, 85 %, 72 %, 3197 MiB, 49140 MiB, 279.33 W, 300.00 W, 72, 2445 MHz
2026/09/23 05:39:00.951, 0, 84 %, 69 %, 3197 MiB, 49140 MiB, 280.98 W, 300.00 W, 70, 2520 MHz
2026/09/23 05:39:01.953, 0, 86 %, 74 %, 3197 MiB, 49140 MiB, 278.03 W, 300.00 W, 72, 2430 MHz
2026/09/23 05:39:02.954, 0, 85 %, 72 %, 3197 MiB, 49140 MiB, 280.01 W, 300.00 W, 70, 2505 MHz
2026/09/23 05:39:03.955, 0, 82 %, 69 %, 3197 MiB, 49140 MiB, 279.61 W, 300.00 W, 71, 2490 MHz
2026/09/23 05:39:04.956, 0, 9 %, 0 %, 3197 MiB, 49140 MiB, 247.75 W, 300.00 W, 66, 2730 MHz
2026/09/23 05:39:05.956, 0, 0 %, 0 %, 3197 MiB, 49140 MiB, 85.57 W, 300.00 W, 65, 2745 MHz
2026/09/23 05:39:06.957, 0, 86 %, 70 %, 3197 MiB, 49140 MiB, 142.85 W, 300.00 W, 69, 2490 MHz
2026/09/23 05:39:07.958, 0, 85 %, 72 %, 3197 MiB, 49140 MiB, 276.40 W, 300.00 W, 70, 2535 MHz
2026/09/23 05:39:08.958, 0, 90 %, 75 %, 3197 MiB, 49140 MiB, 280.45 W, 300.00 W, 70, 2475 MHz
2026/09/23 05:39:09.959, 0, 93 %, 77 %, 3197 MiB, 49140 MiB, 279.86 W, 300.00 W, 71, 2205 MHz
2026/09/23 05:39:10.959, 0, 87 %, 73 %, 3197 MiB, 49140 MiB, 279.98 W, 300.00 W, 72, 2400 MHz
2026/09/23 05:39:11.960, 0, 91 %, 74 %, 3197 MiB, 49140 MiB, 280.68 W, 300.00 W, 72, 2370 MHz
2026/09/23 05:39:12.961, 0, 87 %, 70 %, 3197 MiB, 49140 MiB, 279.68 W, 300.00 W, 71, 2460 MHz
2026/09/23 05:39:13.962, 0, 87 %, 73 %, 3197 MiB, 49140 MiB, 279.60 W, 300.00 W, 72, 2400 MHz
2026/09/23 05:39:14.963, 0, 92 %, 75 %, 3197 MiB, 49140 MiB, 278.20 W, 300.00 W, 72, 2250 MHz
2026/09/23 05:39:15.964, 0, 86 %, 74 %, 3197 MiB, 49140 MiB, 280.97 W, 300.00 W, 72, 2370 MHz
2026/09/23 05:39:16.964, 0, 79 %, 67 %, 3197 MiB, 49140 MiB, 278.26 W, 300.00 W, 72, 2400 MHz
2026/09/23 05:39:17.965, 0, 0 %, 0 %, 3197 MiB, 49140 MiB, 195.32 W, 300.00 W, 65, 2745 MHz
2026/09/23 05:39:18.965, 0, 0 %, 0 %, 3197 MiB, 49140 MiB, 85.24 W, 300.00 W, 65, 2745 MHz
2026/09/23 05:39:19.966, 0, 83 %, 68 %, 3197 MiB, 49140 MiB, 190.16 W, 300.00 W, 69, 2445 MHz
2026/09/23 05:39:20.967, 0, 89 %, 75 %, 3197 MiB, 49140 MiB, 272.47 W, 300.00 W, 71, 2355 MHz
2026/09/23 05:39:21.968, 0, 91 %, 76 %, 3197 MiB, 49140 MiB, 274.85 W, 300.00 W, 71, 2400 MHz
2026/09/23 05:39:22.969, 0, 87 %, 72 %, 3197 MiB, 49140 MiB, 272.75 W, 300.00 W, 70, 2490 MHz
2026/09/23 05:39:23.969, 0, 85 %, 73 %, 3197 MiB, 49140 MiB, 273.82 W, 300.00 W, 71, 2475 MHz
2026/09/23 05:39:24.970, 0, 86 %, 70 %, 3197 MiB, 49140 MiB, 275.28 W, 300.00 W, 70, 2475 MHz
2026/09/23 05:39:25.971, 0, 88 %, 75 %, 3197 MiB, 49140 MiB, 272.03 W, 300.00 W, 70, 2445 MHz
2026/09/23 05:39:26.972, 0, 88 %, 71 %, 3197 MiB, 49140 MiB, 273.52 W, 300.00 W, 70, 2520 MHz
2026/09/23 05:39:27.973, 0, 89 %, 72 %, 3197 MiB, 49140 MiB, 275.48 W, 300.00 W, 70, 2460 MHz
2026/09/23 05:39:28.975, 0, 81 %, 69 %, 3197 MiB, 49140 MiB, 272.88 W, 300.00 W, 71, 2520 MHz
2026/09/23 05:39:29.976, 0, 54 %, 32 %, 3197 MiB, 49140 MiB, 267.34 W, 300.00 W, 71, 2730 MHz
2026/09/23 05:39:30.976, 0, 0 %, 0 %, 3197 MiB, 49140 MiB, 152.96 W, 300.00 W, 65, 2745 MHz
2026/09/23 05:39:31.977, 0, 0 %, 0 %, 3197 MiB, 49140 MiB, 84.23 W, 300.00 W, 67, 2490 MHz
2026/09/23 05:39:32.977, 0, 88 %, 75 %, 3197 MiB, 49140 MiB, 209.35 W, 300.00 W, 70, 2430 MHz
2026/09/23 05:39:33.979, 0, 87 %, 71 %, 3197 MiB, 49140 MiB, 280.82 W, 300.00 W, 70, 2265 MHz
2026/09/23 05:39:34.980, 0, 91 %, 75 %, 3197 MiB, 49140 MiB, 280.02 W, 300.00 W, 71, 2430 MHz
2026/09/23 05:39:35.980, 0, 89 %, 75 %, 3197 MiB, 49140 MiB, 286.33 W, 300.00 W, 71, 2445 MHz
2026/09/23 05:39:36.981, 0, 84 %, 68 %, 3197 MiB, 49140 MiB, 278.81 W, 300.00 W, 70, 2460 MHz
2026/09/23 05:39:37.982, 0, 81 %, 68 %, 3197 MiB, 49140 MiB, 277.47 W, 300.00 W, 71, 2535 MHz
2026/09/23 05:39:38.983, 0, 88 %, 75 %, 3197 MiB, 49140 MiB, 280.28 W, 300.00 W, 72, 2475 MHz
2026/09/23 05:39:39.984, 0, 88 %, 74 %, 3197 MiB, 49140 MiB, 280.50 W, 300.00 W, 70, 2535 MHz
2026/09/23 05:39:40.985, 0, 82 %, 70 %, 3197 MiB, 49140 MiB, 280.46 W, 300.00 W, 72, 2535 MHz
2026/09/23 05:39:41.986, 0, 90 %, 73 %, 3197 MiB, 49140 MiB, 277.86 W, 300.00 W, 72, 2535 MHz
2026/09/23 05:39:42.986, 0, 64 %, 37 %, 3197 MiB, 49140 MiB, 262.97 W, 300.00 W, 69, 2730 MHz
2026/09/23 05:39:43.987, 0, 0 %, 0 %, 3197 MiB, 49140 MiB, 93.27 W, 300.00 W, 64, 2535 MHz
2026/09/23 05:39:44.987, 0, 90 %, 73 %, 3197 MiB, 49140 MiB, 122.49 W, 300.00 W, 70, 2385 MHz
2026/09/23 05:39:45.988, 0, 90 %, 77 %, 3197 MiB, 49140 MiB, 275.20 W, 300.00 W, 70, 2535 MHz
2026/09/23 05:39:46.988, 0, 86 %, 73 %, 3197 MiB, 49140 MiB, 273.27 W, 300.00 W, 70, 2430 MHz
2026/09/23 05:39:47.989, 0, 89 %, 75 %, 3197 MiB, 49140 MiB, 275.36 W, 300.00 W, 71, 2475 MHz
2026/09/23 05:39:48.990, 0, 83 %, 70 %, 3197 MiB, 49140 MiB, 275.04 W, 300.00 W, 71, 2445 MHz
2026/09/23 05:39:49.991, 0, 90 %, 73 %, 3197 MiB, 49140 MiB, 273.33 W, 300.00 W, 70, 2490 MHz
2026/09/23 05:39:50.991, 0, 87 %, 70 %, 3197 MiB, 49140 MiB, 274.26 W, 300.00 W, 71, 2535 MHz
2026/09/23 05:39:51.992, 0, 88 %, 72 %, 3197 MiB, 49140 MiB, 274.69 W, 300.00 W, 71, 2415 MHz
2026/09/23 05:39:52.993, 0, 88 %, 74 %, 3197 MiB, 49140 MiB, 272.33 W, 300.00 W, 70, 2325 MHz
2026/09/23 05:39:53.994, 0, 91 %, 74 %, 3197 MiB, 49140 MiB, 273.52 W, 300.00 W, 70, 2460 MHz
2026/09/23 05:39:54.995, 0, 88 %, 72 %, 3197 MiB, 49140 MiB, 273.64 W, 300.00 W, 70, 2430 MHz
2026/09/23 05:39:55.995, 0, 6 %, 0 %, 3197 MiB, 49140 MiB, 215.58 W, 300.00 W, 66, 2745 MHz
2026/09/23 05:39:56.996, 0, 0 %, 0 %, 3197 MiB, 49140 MiB, 85.43 W, 300.00 W, 65, 2745 MHz
2026/09/23 05:39:57.996, 0, 89 %, 72 %, 3197 MiB, 49140 MiB, 174.50 W, 300.00 W, 70, 2535 MHz
2026/09/23 05:39:58.997, 0, 90 %, 74 %, 3197 MiB, 49140 MiB, 279.48 W, 300.00 W, 70, 2430 MHz
2026/09/23 05:39:59.997, 0, 90 %, 74 %, 3197 MiB, 49140 MiB, 278.50 W, 300.00 W, 70, 2505 MHz
2026/09/23 05:40:00.998, 0, 85 %, 72 %, 3197 MiB, 49140 MiB, 279.50 W, 300.00 W, 70, 2490 MHz
2026/09/23 05:40:01.999, 0, 87 %, 70 %, 3197 MiB, 49140 MiB, 278.72 W, 300.00 W, 71, 2475 MHz
2026/09/23 05:40:02.999, 0, 91 %, 75 %, 3197 MiB, 49140 MiB, 279.20 W, 300.00 W, 70, 2460 MHz
2026/09/23 05:40:04.000, 0, 90 %, 74 %, 3197 MiB, 49140 MiB, 279.61 W, 300.00 W, 72, 2445 MHz
2026/09/23 05:40:05.001, 0, 83 %, 70 %, 3197 MiB, 49140 MiB, 279.16 W, 300.00 W, 71, 2460 MHz
2026/09/23 05:40:06.002, 0, 91 %, 74 %, 3197 MiB, 49140 MiB, 279.84 W, 300.00 W, 70, 2505 MHz
2026/09/23 05:40:07.003, 0, 90 %, 76 %, 3197 MiB, 49140 MiB, 282.41 W, 300.00 W, 72, 2475 MHz
2026/09/23 05:40:08.003, 0, 63 %, 36 %, 3197 MiB, 49140 MiB, 278.71 W, 300.00 W, 71, 2730 MHz
2026/09/23 05:40:09.004, 0, 0 %, 0 %, 3197 MiB, 49140 MiB, 171.42 W, 300.00 W, 65, 2745 MHz
2026/09/23 05:40:10.004, 0, 0 %, 0 %, 3197 MiB, 49140 MiB, 85.34 W, 300.00 W, 65, 2745 MHz
2026/09/23 05:40:11.005, 0, 89 %, 74 %, 3197 MiB, 49140 MiB, 205.55 W, 300.00 W, 69, 2460 MHz
2026/09/23 05:40:12.005, 0, 89 %, 73 %, 3197 MiB, 49140 MiB, 281.36 W, 300.00 W, 70, 2475 MHz
2026/09/23 05:40:13.006, 0, 90 %, 73 %, 3197 MiB, 49140 MiB, 277.14 W, 300.00 W, 70, 2550 MHz
2026/09/23 05:40:14.008, 0, 85 %, 73 %, 3197 MiB, 49140 MiB, 281.57 W, 300.00 W, 71, 2475 MHz
2026/09/23 05:40:15.008, 0, 87 %, 72 %, 3197 MiB, 49140 MiB, 280.10 W, 300.00 W, 71, 2355 MHz
2026/09/23 05:40:16.009, 0, 83 %, 68 %, 3197 MiB, 49140 MiB, 277.93 W, 300.00 W, 70, 2370 MHz
2026/09/23 05:40:17.011, 0, 86 %, 70 %, 3197 MiB, 49140 MiB, 279.54 W, 300.00 W, 70, 2400 MHz
2026/09/23 05:40:18.012, 0, 86 %, 72 %, 3197 MiB, 49140 MiB, 278.89 W, 300.00 W, 71, 2400 MHz
2026/09/23 05:40:19.013, 0, 84 %, 67 %, 3197 MiB, 49140 MiB, 274.39 W, 300.00 W, 71, 2520 MHz
2026/09/23 05:40:20.014, 0, 86 %, 70 %, 3197 MiB, 49140 MiB, 278.09 W, 300.00 W, 71, 2280 MHz
2026/09/23 05:40:21.015, 0, 62 %, 36 %, 3197 MiB, 49140 MiB, 265.97 W, 300.00 W, 72, 2610 MHz
2026/09/23 05:40:22.015, 0, 0 %, 0 %, 3197 MiB, 49140 MiB, 124.10 W, 300.00 W, 65, 2745 MHz
2026/09/23 05:40:23.017, 0, 86 %, 73 %, 3197 MiB, 49140 MiB, 108.84 W, 300.00 W, 69, 2415 MHz
2026/09/23 05:40:24.017, 0, 82 %, 69 %, 3197 MiB, 49140 MiB, 271.89 W, 300.00 W, 70, 2490 MHz
2026/09/23 05:40:25.019, 0, 82 %, 67 %, 3197 MiB, 49140 MiB, 275.72 W, 300.00 W, 69, 2490 MHz
2026/09/23 05:40:26.020, 0, 83 %, 67 %, 3197 MiB, 49140 MiB, 274.52 W, 300.00 W, 70, 2520 MHz
2026/09/23 05:40:27.021, 0, 81 %, 67 %, 3197 MiB, 49140 MiB, 274.42 W, 300.00 W, 70, 2460 MHz
2026/09/23 05:40:28.021, 0, 81 %, 68 %, 3197 MiB, 49140 MiB, 274.71 W, 300.00 W, 71, 2520 MHz
2026/09/23 05:40:29.022, 0, 87 %, 73 %, 3197 MiB, 49140 MiB, 275.96 W, 300.00 W, 70, 2505 MHz
2026/09/23 05:40:30.025, 0, 83 %, 71 %, 3197 MiB, 49140 MiB, 275.84 W, 300.00 W, 71, 2490 MHz
2026/09/23 05:40:31.025, 0, 87 %, 73 %, 3197 MiB, 49140 MiB, 277.96 W, 300.00 W, 71, 2505 MHz
2026/09/23 05:40:32.026, 0, 83 %, 68 %, 3197 MiB, 49140 MiB, 275.51 W, 300.00 W, 71, 2475 MHz
2026/09/23 05:40:33.027, 0, 88 %, 73 %, 3197 MiB, 49140 MiB, 274.45 W, 300.00 W, 70, 2505 MHz
2026/09/23 05:40:34.027, 0, 9 %, 0 %, 3197 MiB, 49140 MiB, 234.46 W, 300.00 W, 66, 2580 MHz
2026/09/23 05:40:35.028, 0, 0 %, 0 %, 3197 MiB, 49140 MiB, 75.43 W, 300.00 W, 64, 2580 MHz
2026/09/23 05:40:36.028, 0, 92 %, 74 %, 3197 MiB, 49140 MiB, 158.91 W, 300.00 W, 69, 2205 MHz
2026/09/23 05:40:37.030, 0, 90 %, 76 %, 3197 MiB, 49140 MiB, 274.56 W, 300.00 W, 70, 2400 MHz
2026/09/23 05:40:38.031, 0, 89 %, 73 %, 3197 MiB, 49140 MiB, 278.85 W, 300.00 W, 70, 2535 MHz
2026/09/23 05:40:39.032, 0, 82 %, 68 %, 3197 MiB, 49140 MiB, 276.54 W, 300.00 W, 70, 2475 MHz
2026/09/23 05:40:40.033, 0, 86 %, 73 %, 3197 MiB, 49140 MiB, 278.11 W, 300.00 W, 71, 2460 MHz
2026/09/23 05:40:41.033, 0, 87 %, 71 %, 3197 MiB, 49140 MiB, 276.45 W, 300.00 W, 70, 2460 MHz
2026/09/23 05:40:42.034, 0, 89 %, 72 %, 3197 MiB, 49140 MiB, 276.21 W, 300.00 W, 71, 2460 MHz
2026/09/23 05:40:43.036, 0, 82 %, 70 %, 3197 MiB, 49140 MiB, 277.60 W, 300.00 W, 71, 2490 MHz
2026/09/23 05:40:44.037, 0, 90 %, 73 %, 3197 MiB, 49140 MiB, 278.40 W, 300.00 W, 71, 2400 MHz
2026/09/23 05:40:45.037, 0, 86 %, 70 %, 3197 MiB, 49140 MiB, 275.88 W, 300.00 W, 70, 2505 MHz
2026/09/23 05:40:46.039, 0, 65 %, 38 %, 3197 MiB, 49140 MiB, 273.00 W, 300.00 W, 70, 2715 MHz
2026/09/23 05:40:47.039, 0, 0 %, 0 %, 3197 MiB, 49140 MiB, 157.10 W, 300.00 W, 65, 2745 MHz
2026/09/23 05:40:48.041, 0, 0 %, 0 %, 3197 MiB, 49140 MiB, 85.37 W, 300.00 W, 65, 2745 MHz
2026/09/23 05:40:49.043, 0, 86 %, 69 %, 3197 MiB, 49140 MiB, 219.88 W, 300.00 W, 69, 2460 MHz
2026/09/23 05:40:50.044, 0, 81 %, 67 %, 3197 MiB, 49140 MiB, 274.47 W, 300.00 W, 69, 2505 MHz
2026/09/23 05:40:51.045, 0, 84 %, 71 %, 3197 MiB, 49140 MiB, 276.72 W, 300.00 W, 71, 2400 MHz
2026/09/23 05:40:52.045, 0, 88 %, 71 %, 3197 MiB, 49140 MiB, 275.43 W, 300.00 W, 70, 2475 MHz
2026/09/23 05:40:53.046, 0, 81 %, 68 %, 3197 MiB, 49140 MiB, 275.61 W, 300.00 W, 70, 2475 MHz
2026/09/23 05:40:54.047, 0, 86 %, 70 %, 3197 MiB, 49140 MiB, 277.17 W, 300.00 W, 70, 2550 MHz
2026/09/23 05:40:55.047, 0, 86 %, 72 %, 3197 MiB, 49140 MiB, 277.22 W, 300.00 W, 71, 2505 MHz
2026/09/23 05:40:56.049, 0, 90 %, 73 %, 3197 MiB, 49140 MiB, 276.92 W, 300.00 W, 70, 2400 MHz
2026/09/23 05:40:57.050, 0, 85 %, 70 %, 3197 MiB, 49140 MiB, 278.36 W, 300.00 W, 71, 2400 MHz
2026/09/23 05:40:58.051, 0, 87 %, 70 %, 3197 MiB, 49140 MiB, 274.45 W, 300.00 W, 70, 2490 MHz
2026/09/23 05:40:59.051, 0, 63 %, 37 %, 3197 MiB, 49140 MiB, 267.69 W, 300.00 W, 72, 2640 MHz
2026/09/23 05:41:00.052, 0, 85 %, 71 %, 3197 MiB, 49140 MiB, 131.96 W, 300.00 W, 69, 2385 MHz
2026/09/23 05:41:01.053, 0, 92 %, 75 %, 3197 MiB, 49140 MiB, 276.62 W, 300.00 W, 70, 2430 MHz
2026/09/23 05:41:02.053, 0, 83 %, 69 %, 3197 MiB, 49140 MiB, 277.03 W, 300.00 W, 71, 2535 MHz
2026/09/23 05:41:03.054, 0, 86 %, 71 %, 3197 MiB, 49140 MiB, 280.42 W, 300.00 W, 70, 2520 MHz
2026/09/23 05:41:04.055, 0, 85 %, 72 %, 3197 MiB, 49140 MiB, 280.75 W, 300.00 W, 71, 2490 MHz
2026/09/23 05:41:05.056, 0, 89 %, 75 %, 3197 MiB, 49140 MiB, 279.41 W, 300.00 W, 72, 2370 MHz
2026/09/23 05:41:06.057, 0, 86 %, 73 %, 3197 MiB, 49140 MiB, 281.09 W, 300.00 W, 71, 2460 MHz
2026/09/23 05:41:07.057, 0, 88 %, 73 %, 3197 MiB, 49140 MiB, 279.66 W, 300.00 W, 71, 2505 MHz
2026/09/23 05:41:08.058, 0, 85 %, 70 %, 3197 MiB, 49140 MiB, 280.26 W, 300.00 W, 72, 2565 MHz
2026/09/23 05:41:09.059, 0, 88 %, 73 %, 3197 MiB, 49140 MiB, 281.86 W, 300.00 W, 72, 2220 MHz
2026/09/23 05:41:10.060, 0, 86 %, 72 %, 3197 MiB, 49140 MiB, 278.17 W, 300.00 W, 71, 2430 MHz
2026/09/23 05:41:11.061, 0, 10 %, 0 %, 3197 MiB, 49140 MiB, 240.98 W, 300.00 W, 67, 2730 MHz
2026/09/23 05:41:12.061, 0, 0 %, 0 %, 3197 MiB, 49140 MiB, 85.87 W, 300.00 W, 65, 2745 MHz
2026/09/23 05:41:13.062, 0, 86 %, 71 %, 3197 MiB, 49140 MiB, 146.61 W, 300.00 W, 70, 2505 MHz
2026/09/23 05:41:14.062, 0, 89 %, 74 %, 3197 MiB, 49140 MiB, 273.57 W, 300.00 W, 70, 2415 MHz
2026/09/23 05:41:15.063, 0, 87 %, 73 %, 3197 MiB, 49140 MiB, 276.38 W, 300.00 W, 71, 2475 MHz
2026/09/23 05:41:16.064, 0, 89 %, 74 %, 3197 MiB, 49140 MiB, 275.09 W, 300.00 W, 71, 2445 MHz
2026/09/23 05:41:17.064, 0, 91 %, 76 %, 3197 MiB, 49140 MiB, 273.75 W, 300.00 W, 71, 2310 MHz
2026/09/23 05:41:18.065, 0, 88 %, 72 %, 3197 MiB, 49140 MiB, 274.54 W, 300.00 W, 70, 2370 MHz
2026/09/23 05:41:19.066, 0, 88 %, 72 %, 3197 MiB, 49140 MiB, 273.74 W, 300.00 W, 70, 2445 MHz
2026/09/23 05:41:20.067, 0, 88 %, 73 %, 3197 MiB, 49140 MiB, 275.44 W, 300.00 W, 71, 2430 MHz
2026/09/23 05:41:21.068, 0, 91 %, 74 %, 3197 MiB, 49140 MiB, 273.01 W, 300.00 W, 70, 2445 MHz
2026/09/23 05:41:22.069, 0, 86 %, 73 %, 3197 MiB, 49140 MiB, 274.02 W, 300.00 W, 70, 2490 MHz
2026/09/23 05:41:23.069, 0, 86 %, 73 %, 3197 MiB, 49140 MiB, 276.71 W, 300.00 W, 70, 2460 MHz
2026/09/23 05:41:24.070, 0, 0 %, 0 %, 3197 MiB, 49140 MiB, 198.15 W, 300.00 W, 66, 2745 MHz
2026/09/23 05:41:25.070, 0, 0 %, 0 %, 3197 MiB, 49140 MiB, 85.42 W, 300.00 W, 65, 2745 MHz
2026/09/23 05:41:26.071, 0, 89 %, 75 %, 3197 MiB, 49140 MiB, 199.01 W, 300.00 W, 70, 2490 MHz
2026/09/23 05:41:27.072, 0, 87 %, 70 %, 3197 MiB, 49140 MiB, 279.03 W, 300.00 W, 70, 2595 MHz
2026/09/23 05:41:28.073, 0, 86 %, 72 %, 3197 MiB, 49140 MiB, 281.55 W, 300.00 W, 71, 2415 MHz
2026/09/23 05:41:29.074, 0, 84 %, 69 %, 3197 MiB, 49140 MiB, 278.12 W, 300.00 W, 69, 2520 MHz
2026/09/23 05:41:30.075, 0, 91 %, 74 %, 3197 MiB, 49140 MiB, 280.31 W, 300.00 W, 70, 2445 MHz
2026/09/23 05:41:31.076, 0, 88 %, 72 %, 3197 MiB, 49140 MiB, 282.61 W, 300.00 W, 70, 2400 MHz
2026/09/23 05:41:32.077, 0, 89 %, 73 %, 3197 MiB, 49140 MiB, 280.79 W, 300.00 W, 71, 2370 MHz
2026/09/23 05:41:33.078, 0, 83 %, 70 %, 3197 MiB, 49140 MiB, 281.63 W, 300.00 W, 70, 2385 MHz
2026/09/23 05:41:34.079, 0, 84 %, 69 %, 3197 MiB, 49140 MiB, 278.98 W, 300.00 W, 72, 2460 MHz
2026/09/23 05:41:35.080, 0, 83 %, 69 %, 3197 MiB, 49140 MiB, 279.93 W, 300.00 W, 71, 2565 MHz
2026/09/23 05:41:36.081, 0, 58 %, 34 %, 3197 MiB, 49140 MiB, 268.07 W, 300.00 W, 72, 2730 MHz
2026/09/23 05:41:37.081, 0, 0 %, 0 %, 3197 MiB, 49140 MiB, 138.25 W, 300.00 W, 65, 2745 MHz
2026/09/23 05:41:38.082, 0, 82 %, 68 %, 3197 MiB, 49140 MiB, 109.13 W, 300.00 W, 69, 2520 MHz
2026/09/23 05:41:39.082, 0, 88 %, 73 %, 3197 MiB, 49140 MiB, 270.88 W, 300.00 W, 71, 2460 MHz
2026/09/23 05:41:40.083, 0, 85 %, 72 %, 3197 MiB, 49140 MiB, 278.42 W, 300.00 W, 70, 2565 MHz
2026/09/23 05:41:41.085, 0, 84 %, 70 %, 3197 MiB, 49140 MiB, 280.20 W, 300.00 W, 70, 2400 MHz
2026/09/23 05:41:42.086, 0, 91 %, 74 %, 3197 MiB, 49140 MiB, 279.71 W, 300.00 W, 70, 2415 MHz
2026/09/23 05:41:43.086, 0, 90 %, 74 %, 3197 MiB, 49140 MiB, 279.80 W, 300.00 W, 71, 2295 MHz
2026/09/23 05:41:44.087, 0, 88 %, 72 %, 3197 MiB, 49140 MiB, 279.84 W, 300.00 W, 71, 2385 MHz
2026/09/23 05:41:45.088, 0, 83 %, 70 %, 3197 MiB, 49140 MiB, 278.40 W, 300.00 W, 71, 2580 MHz
2026/09/23 05:41:46.089, 0, 87 %, 72 %, 3197 MiB, 49140 MiB, 278.62 W, 300.00 W, 71, 2370 MHz
2026/09/23 05:41:47.090, 0, 85 %, 70 %, 3197 MiB, 49140 MiB, 279.10 W, 300.00 W, 72, 2445 MHz
2026/09/23 05:41:48.091, 0, 89 %, 73 %, 3197 MiB, 49140 MiB, 278.19 W, 300.00 W, 71, 2445 MHz
2026/09/23 05:41:49.092, 0, 0 %, 0 %, 3197 MiB, 49140 MiB, 233.26 W, 300.00 W, 67, 2730 MHz
2026/09/23 05:41:50.092, 0, 87 %, 71 %, 3197 MiB, 49140 MiB, 134.45 W, 300.00 W, 69, 2430 MHz
2026/09/23 05:41:51.093, 0, 92 %, 76 %, 3197 MiB, 49140 MiB, 277.24 W, 300.00 W, 70, 2400 MHz
2026/09/23 05:41:52.094, 0, 89 %, 75 %, 3197 MiB, 49140 MiB, 280.41 W, 300.00 W, 71, 2430 MHz
2026/09/23 05:41:53.094, 0, 90 %, 75 %, 3197 MiB, 49140 MiB, 280.54 W, 300.00 W, 71, 2265 MHz
2026/09/23 05:41:54.095, 0, 92 %, 76 %, 3197 MiB, 49140 MiB, 279.41 W, 300.00 W, 71, 2400 MHz
2026/09/23 05:41:55.096, 0, 83 %, 70 %, 3197 MiB, 49140 MiB, 280.23 W, 300.00 W, 70, 2460 MHz
2026/09/23 05:41:56.096, 0, 89 %, 74 %, 3197 MiB, 49140 MiB, 280.86 W, 300.00 W, 71, 2250 MHz
2026/09/23 05:41:57.097, 0, 86 %, 71 %, 3197 MiB, 49140 MiB, 277.79 W, 300.00 W, 71, 2520 MHz
2026/09/23 05:41:58.098, 0, 92 %, 76 %, 3197 MiB, 49140 MiB, 279.61 W, 300.00 W, 70, 2400 MHz
2026/09/23 05:41:59.099, 0, 86 %, 73 %, 3197 MiB, 49140 MiB, 281.05 W, 300.00 W, 71, 2475 MHz
2026/09/23 05:42:00.100, 0, 85 %, 71 %, 3197 MiB, 49140 MiB, 280.69 W, 300.00 W, 70, 2460 MHz
2026/09/23 05:42:01.101, 0, 0 %, 0 %, 3197 MiB, 49140 MiB, 206.80 W, 300.00 W, 66, 2745 MHz
2026/09/23 05:42:02.101, 0, 0 %, 0 %, 3197 MiB, 49140 MiB, 85.60 W, 300.00 W, 65, 2745 MHz
2026/09/23 05:42:03.101, 0, 88 %, 74 %, 3197 MiB, 49140 MiB, 189.82 W, 300.00 W, 70, 2475 MHz
2026/09/23 05:42:04.104, 0, 86 %, 71 %, 3197 MiB, 49140 MiB, 277.38 W, 300.00 W, 70, 2565 MHz
2026/09/23 05:42:05.105, 0, 87 %, 73 %, 3197 MiB, 49140 MiB, 280.20 W, 300.00 W, 71, 2400 MHz
2026/09/23 05:42:06.106, 0, 90 %, 74 %, 3197 MiB, 49140 MiB, 279.77 W, 300.00 W, 71, 2505 MHz
2026/09/23 05:42:07.107, 0, 87 %, 72 %, 3197 MiB, 49140 MiB, 280.32 W, 300.00 W, 70, 2505 MHz
2026/09/23 05:42:08.108, 0, 90 %, 76 %, 3197 MiB, 49140 MiB, 281.12 W, 300.00 W, 72, 2430 MHz
2026/09/23 05:42:09.109, 0, 91 %, 74 %, 3197 MiB, 49140 MiB, 280.65 W, 300.00 W, 72, 2460 MHz
2026/09/23 05:42:10.109, 0, 85 %, 69 %, 3197 MiB, 49140 MiB, 281.15 W, 300.00 W, 70, 2520 MHz
2026/09/23 05:42:11.110, 0, 86 %, 70 %, 3197 MiB, 49140 MiB, 279.31 W, 300.00 W, 71, 2460 MHz
2026/09/23 05:42:12.111, 0, 92 %, 76 %, 3197 MiB, 49140 MiB, 281.79 W, 300.00 W, 70, 2460 MHz
2026/09/23 05:42:13.112, 0, 51 %, 31 %, 3197 MiB, 49140 MiB, 271.87 W, 300.00 W, 71, 2730 MHz
2026/09/23 05:42:14.113, 0, 0 %, 0 %, 3197 MiB, 49140 MiB, 146.45 W, 300.00 W, 65, 2745 MHz
2026/09/23 05:42:15.113, 0, 87 %, 73 %, 3197 MiB, 49140 MiB, 92.93 W, 300.00 W, 65, 2400 MHz
2026/09/23 05:42:16.115, 0, 89 %, 74 %, 3197 MiB, 49140 MiB, 275.42 W, 300.00 W, 70, 2475 MHz
2026/09/23 05:42:17.116, 0, 88 %, 74 %, 3197 MiB, 49140 MiB, 283.48 W, 300.00 W, 71, 2460 MHz
2026/09/23 05:42:18.117, 0, 84 %, 71 %, 3197 MiB, 49140 MiB, 282.39 W, 300.00 W, 71, 2490 MHz
2026/09/23 05:42:19.118, 0, 86 %, 72 %, 3197 MiB, 49140 MiB, 282.48 W, 300.00 W, 71, 2415 MHz
2026/09/23 05:42:20.119, 0, 85 %, 71 %, 3197 MiB, 49140 MiB, 282.48 W, 300.00 W, 71, 2460 MHz
2026/09/23 05:42:21.119, 0, 88 %, 72 %, 3197 MiB, 49140 MiB, 281.91 W, 300.00 W, 71, 2490 MHz
2026/09/23 05:42:22.120, 0, 84 %, 68 %, 3197 MiB, 49140 MiB, 282.32 W, 300.00 W, 71, 2535 MHz
2026/09/23 05:42:23.121, 0, 92 %, 75 %, 3197 MiB, 49140 MiB, 281.48 W, 300.00 W, 71, 2475 MHz
2026/09/23 05:42:24.123, 0, 90 %, 74 %, 3197 MiB, 49140 MiB, 282.53 W, 300.00 W, 71, 2445 MHz
2026/09/23 05:42:25.123, 0, 89 %, 73 %, 3197 MiB, 49140 MiB, 281.61 W, 300.00 W, 70, 2460 MHz
2026/09/23 05:42:26.124, 0, 12 %, 4 %, 3197 MiB, 49140 MiB, 256.09 W, 300.00 W, 67, 2730 MHz
2026/09/23 05:42:27.125, 0, 0 %, 0 %, 3197 MiB, 49140 MiB, 87.73 W, 300.00 W, 65, 2745 MHz
2026/09/23 05:42:28.125, 0, 84 %, 70 %, 3197 MiB, 49140 MiB, 159.19 W, 300.00 W, 70, 2460 MHz
2026/09/23 05:42:29.126, 0, 87 %, 74 %, 3197 MiB, 49140 MiB, 278.29 W, 300.00 W, 71, 2460 MHz
2026/09/23 05:42:30.127, 0, 82 %, 70 %, 3197 MiB, 49140 MiB, 280.88 W, 300.00 W, 71, 2550 MHz
2026/09/23 05:42:31.128, 0, 83 %, 69 %, 3197 MiB, 49140 MiB, 278.79 W, 300.00 W, 70, 2475 MHz
2026/09/23 05:42:32.129, 0, 89 %, 74 %, 3197 MiB, 49140 MiB, 280.98 W, 300.00 W, 71, 2520 MHz
2026/09/23 05:42:33.129, 0, 89 %, 74 %, 3197 MiB, 49140 MiB, 278.64 W, 300.00 W, 71, 2475 MHz
2026/09/23 05:42:34.130, 0, 89 %, 73 %, 3197 MiB, 49140 MiB, 279.86 W, 300.00 W, 71, 2520 MHz
2026/09/23 05:42:35.131, 0, 81 %, 68 %, 3197 MiB, 49140 MiB, 283.09 W, 300.00 W, 71, 2520 MHz
2026/09/23 05:42:36.131, 0, 87 %, 73 %, 3197 MiB, 49140 MiB, 277.61 W, 300.00 W, 70, 2460 MHz
2026/09/23 05:42:37.132, 0, 89 %, 74 %, 3197 MiB, 49140 MiB, 279.41 W, 300.00 W, 72, 2415 MHz
2026/09/23 05:42:38.134, 0, 84 %, 64 %, 3197 MiB, 49140 MiB, 280.74 W, 300.00 W, 71, 2535 MHz
2026/09/23 05:42:39.134, 0, 0 %, 0 %, 3197 MiB, 49140 MiB, 185.18 W, 300.00 W, 65, 2700 MHz
2026/09/23 05:42:40.135, 0, 89 %, 74 %, 3197 MiB, 49140 MiB, 189.34 W, 300.00 W, 71, 2460 MHz
2026/09/23 05:42:41.136, 0, 89 %, 73 %, 3197 MiB, 49140 MiB, 279.80 W, 300.00 W, 71, 2520 MHz
2026/09/23 05:42:42.137, 0, 81 %, 68 %, 3197 MiB, 49140 MiB, 274.01 W, 300.00 W, 71, 2490 MHz
2026/09/23 05:42:43.137, 0, 87 %, 71 %, 3197 MiB, 49140 MiB, 275.63 W, 300.00 W, 70, 2460 MHz
2026/09/23 05:42:44.138, 0, 90 %, 74 %, 3197 MiB, 49140 MiB, 276.86 W, 300.00 W, 71, 2475 MHz
2026/09/23 05:42:45.139, 0, 91 %, 75 %, 3197 MiB, 49140 MiB, 279.23 W, 300.00 W, 70, 2310 MHz
2026/09/23 05:42:46.140, 0, 90 %, 74 %, 3197 MiB, 49140 MiB, 276.22 W, 300.00 W, 72, 2460 MHz
2026/09/23 05:42:47.140, 0, 90 %, 74 %, 3197 MiB, 49140 MiB, 276.37 W, 300.00 W, 71, 2550 MHz
2026/09/23 05:42:48.141, 0, 88 %, 72 %, 3197 MiB, 49140 MiB, 278.47 W, 300.00 W, 71, 2505 MHz
2026/09/23 05:42:49.142, 0, 90 %, 74 %, 3197 MiB, 49140 MiB, 278.96 W, 300.00 W, 71, 2400 MHz
2026/09/23 05:42:50.143, 0, 61 %, 36 %, 3197 MiB, 49140 MiB, 273.98 W, 300.00 W, 71, 2490 MHz
2026/09/23 05:42:51.143, 0, 0 %, 0 %, 3197 MiB, 49140 MiB, 149.91 W, 300.00 W, 65, 2670 MHz
2026/09/23 05:42:52.144, 0, 88 %, 72 %, 3197 MiB, 49140 MiB, 221.46 W, 300.00 W, 71, 2520 MHz
2026/09/23 05:42:53.145, 0, 88 %, 72 %, 3197 MiB, 49140 MiB, 272.64 W, 300.00 W, 71, 2445 MHz
2026/09/23 05:42:54.145, 0, 87 %, 72 %, 3197 MiB, 49140 MiB, 275.13 W, 300.00 W, 71, 2475 MHz
2026/09/23 05:42:55.146, 0, 84 %, 70 %, 3197 MiB, 49140 MiB, 276.69 W, 300.00 W, 71, 2325 MHz
2026/09/23 05:42:56.147, 0, 83 %, 69 %, 3197 MiB, 49140 MiB, 275.91 W, 300.00 W, 70, 2505 MHz
2026/09/23 05:42:57.148, 0, 88 %, 74 %, 3197 MiB, 49140 MiB, 277.34 W, 300.00 W, 71, 2370 MHz
2026/09/23 05:42:58.149, 0, 88 %, 72 %, 3197 MiB, 49140 MiB, 276.04 W, 300.00 W, 70, 2505 MHz
2026/09/23 05:42:59.149, 0, 85 %, 70 %, 3197 MiB, 49140 MiB, 276.91 W, 300.00 W, 70, 2565 MHz
2026/09/23 05:43:00.150, 0, 90 %, 72 %, 3197 MiB, 49140 MiB, 277.27 W, 300.00 W, 70, 2490 MHz
2026/09/23 05:43:01.150, 0, 91 %, 76 %, 3197 MiB, 49140 MiB, 276.19 W, 300.00 W, 71, 2490 MHz
2026/09/23 05:43:02.151, 0, 62 %, 37 %, 3197 MiB, 49140 MiB, 269.43 W, 300.00 W, 71, 2730 MHz
2026/09/23 05:43:03.151, 0, 0 %, 0 %, 3197 MiB, 49140 MiB, 133.20 W, 300.00 W, 65, 2745 MHz
2026/09/23 05:43:04.153, 0, 88 %, 74 %, 3197 MiB, 49140 MiB, 252.15 W, 300.00 W, 70, 2370 MHz
2026/09/23 05:43:05.153, 0, 84 %, 70 %, 3197 MiB, 49140 MiB, 281.39 W, 300.00 W, 71, 2490 MHz
2026/09/23 05:43:06.155, 0, 88 %, 74 %, 3197 MiB, 49140 MiB, 281.99 W, 300.00 W, 70, 2475 MHz
2026/09/23 05:43:07.155, 0, 90 %, 75 %, 3197 MiB, 49140 MiB, 284.50 W, 300.00 W, 72, 2370 MHz
2026/09/23 05:43:08.156, 0, 87 %, 71 %, 3197 MiB, 49140 MiB, 281.06 W, 300.00 W, 71, 2535 MHz
2026/09/23 05:43:09.157, 0, 85 %, 72 %, 3197 MiB, 49140 MiB, 282.76 W, 300.00 W, 72, 2415 MHz
2026/09/23 05:43:10.157, 0, 85 %, 73 %, 3197 MiB, 49140 MiB, 283.43 W, 300.00 W, 72, 2520 MHz
2026/09/23 05:43:11.158, 0, 87 %, 74 %, 3197 MiB, 49140 MiB, 282.41 W, 300.00 W, 72, 2490 MHz
2026/09/23 05:43:12.159, 0, 92 %, 76 %, 3197 MiB, 49140 MiB, 281.63 W, 300.00 W, 72, 2370 MHz
2026/09/23 05:43:13.160, 0, 86 %, 72 %, 3197 MiB, 49140 MiB, 282.29 W, 300.00 W, 72, 2460 MHz
2026/09/23 05:43:14.161, 0, 62 %, 36 %, 3197 MiB, 49140 MiB, 270.81 W, 300.00 W, 69, 2730 MHz
2026/09/23 05:43:15.163, 0, 0 %, 0 %, 3197 MiB, 49140 MiB, 103.96 W, 300.00 W, 65, 2745 MHz
2026/09/23 05:43:16.164, 0, 83 %, 69 %, 3197 MiB, 49140 MiB, 247.67 W, 300.00 W, 71, 2595 MHz
2026/09/23 05:43:17.165, 0, 84 %, 71 %, 3197 MiB, 49140 MiB, 278.94 W, 300.00 W, 71, 2460 MHz
2026/09/23 05:43:18.165, 0, 90 %, 76 %, 3197 MiB, 49140 MiB, 279.16 W, 300.00 W, 71, 2310 MHz
2026/09/23 05:43:19.166, 0, 89 %, 74 %, 3197 MiB, 49140 MiB, 279.84 W, 300.00 W, 72, 2400 MHz
2026/09/23 05:43:20.167, 0, 85 %, 71 %, 3197 MiB, 49140 MiB, 282.80 W, 300.00 W, 71, 2445 MHz
2026/09/23 05:43:21.168, 0, 87 %, 71 %, 3197 MiB, 49140 MiB, 277.90 W, 300.00 W, 70, 2520 MHz
2026/09/23 05:43:22.168, 0, 87 %, 73 %, 3197 MiB, 49140 MiB, 278.91 W, 300.00 W, 71, 2460 MHz
2026/09/23 05:43:23.169, 0, 93 %, 76 %, 3197 MiB, 49140 MiB, 278.00 W, 300.00 W, 71, 2325 MHz
2026/09/23 05:43:24.172, 0, 86 %, 70 %, 3197 MiB, 49140 MiB, 281.00 W, 300.00 W, 71, 2475 MHz
2026/09/23 05:43:25.173, 0, 92 %, 75 %, 3197 MiB, 49140 MiB, 277.99 W, 300.00 W, 71, 2175 MHz
2026/09/23 05:43:26.173, 0, 58 %, 34 %, 3197 MiB, 49140 MiB, 269.91 W, 300.00 W, 69, 2730 MHz
2026/09/23 05:43:27.174, 0, 87 %, 72 %, 3197 MiB, 49140 MiB, 129.87 W, 300.00 W, 70, 2415 MHz
2026/09/23 05:43:28.175, 0, 88 %, 74 %, 3197 MiB, 49140 MiB, 275.89 W, 300.00 W, 71, 2520 MHz
2026/09/23 05:43:29.175, 0, 91 %, 77 %, 3197 MiB, 49140 MiB, 280.20 W, 300.00 W, 71, 2460 MHz
2026/09/23 05:43:30.176, 0, 83 %, 68 %, 3197 MiB, 49140 MiB, 278.39 W, 300.00 W, 70, 2505 MHz
2026/09/23 05:43:31.177, 0, 85 %, 71 %, 3197 MiB, 49140 MiB, 277.33 W, 300.00 W, 72, 2505 MHz
2026/09/23 05:43:32.177, 0, 80 %, 67 %, 3197 MiB, 49140 MiB, 279.04 W, 300.00 W, 72, 2475 MHz
2026/09/23 05:43:33.178, 0, 86 %, 71 %, 3197 MiB, 49140 MiB, 281.49 W, 300.00 W, 71, 2475 MHz
2026/09/23 05:43:34.179, 0, 88 %, 72 %, 3197 MiB, 49140 MiB, 277.07 W, 300.00 W, 71, 2520 MHz
2026/09/23 05:43:35.180, 0, 86 %, 72 %, 3197 MiB, 49140 MiB, 279.32 W, 300.00 W, 72, 2490 MHz
2026/09/23 05:43:36.181, 0, 89 %, 73 %, 3197 MiB, 49140 MiB, 278.94 W, 300.00 W, 71, 2415 MHz
2026/09/23 05:43:37.181, 0, 90 %, 75 %, 3197 MiB, 49140 MiB, 281.85 W, 300.00 W, 72, 2430 MHz
2026/09/23 05:43:38.182, 0, 0 %, 0 %, 3197 MiB, 49140 MiB, 230.02 W, 300.00 W, 66, 2745 MHz
2026/09/23 05:43:39.182, 0, 81 %, 67 %, 3197 MiB, 49140 MiB, 149.90 W, 300.00 W, 70, 2520 MHz
2026/09/23 05:43:40.183, 0, 86 %, 70 %, 3197 MiB, 49140 MiB, 269.04 W, 300.00 W, 71, 2415 MHz
2026/09/23 05:43:41.184, 0, 83 %, 69 %, 3197 MiB, 49140 MiB, 279.38 W, 300.00 W, 71, 2445 MHz
2026/09/23 05:43:42.184, 0, 90 %, 74 %, 3197 MiB, 49140 MiB, 279.70 W, 300.00 W, 71, 2325 MHz
2026/09/23 05:43:43.185, 0, 84 %, 72 %, 3197 MiB, 49140 MiB, 278.24 W, 300.00 W, 72, 2430 MHz
2026/09/23 05:43:44.186, 0, 91 %, 75 %, 3197 MiB, 49140 MiB, 279.82 W, 300.00 W, 71, 2415 MHz
2026/09/23 05:43:45.187, 0, 91 %, 74 %, 3197 MiB, 49140 MiB, 280.92 W, 300.00 W, 72, 2475 MHz
2026/09/23 05:43:46.188, 0, 92 %, 74 %, 3197 MiB, 49140 MiB, 284.17 W, 300.00 W, 72, 2400 MHz
2026/09/23 05:43:47.188, 0, 82 %, 68 %, 3197 MiB, 49140 MiB, 279.51 W, 300.00 W, 72, 2580 MHz
2026/09/23 05:43:48.189, 0, 87 %, 72 %, 3197 MiB, 49140 MiB, 278.84 W, 300.00 W, 72, 2445 MHz
2026/09/23 05:43:49.190, 0, 87 %, 72 %, 3197 MiB, 49140 MiB, 279.26 W, 300.00 W, 72, 2535 MHz
2026/09/23 05:43:50.191, 0, 0 %, 0 %, 3197 MiB, 49140 MiB, 207.52 W, 300.00 W, 66, 2745 MHz
2026/09/23 05:43:51.191, 0, 86 %, 70 %, 3197 MiB, 49140 MiB, 181.51 W, 300.00 W, 70, 2550 MHz
2026/09/23 05:43:52.192, 0, 89 %, 74 %, 3197 MiB, 49140 MiB, 284.96 W, 300.00 W, 72, 2460 MHz
2026/09/23 05:43:53.192, 0, 82 %, 66 %, 3197 MiB, 49140 MiB, 281.26 W, 300.00 W, 71, 2550 MHz
2026/09/23 05:43:54.193, 0, 89 %, 74 %, 3197 MiB, 49140 MiB, 281.32 W, 300.00 W, 71, 2460 MHz
2026/09/23 05:43:55.194, 0, 87 %, 71 %, 3197 MiB, 49140 MiB, 281.65 W, 300.00 W, 71, 2490 MHz
2026/09/23 05:43:56.195, 0, 86 %, 73 %, 3197 MiB, 49140 MiB, 282.70 W, 300.00 W, 72, 2490 MHz
2026/09/23 05:43:57.196, 0, 86 %, 71 %, 3197 MiB, 49140 MiB, 282.81 W, 300.00 W, 71, 2400 MHz
2026/09/23 05:43:58.196, 0, 87 %, 73 %, 3197 MiB, 49140 MiB, 281.38 W, 300.00 W, 72, 2520 MHz
2026/09/23 05:43:59.200, 0, 89 %, 75 %, 3197 MiB, 49140 MiB, 283.99 W, 300.00 W, 70, 2400 MHz
2026/09/23 05:44:00.201, 0, 91 %, 74 %, 3197 MiB, 49140 MiB, 283.34 W, 300.00 W, 72, 2475 MHz
2026/09/23 05:44:01.201, 0, 61 %, 36 %, 3197 MiB, 49140 MiB, 281.30 W, 300.00 W, 73, 2640 MHz
2026/09/23 05:44:02.202, 0, 0 %, 0 %, 3197 MiB, 49140 MiB, 166.67 W, 300.00 W, 66, 2745 MHz
2026/09/23 05:44:03.203, 0, 88 %, 72 %, 3197 MiB, 49140 MiB, 217.24 W, 300.00 W, 71, 2550 MHz
2026/09/23 05:44:04.204, 0, 89 %, 74 %, 3197 MiB, 49140 MiB, 282.92 W, 300.00 W, 71, 2490 MHz
2026/09/23 05:44:05.205, 0, 91 %, 75 %, 3197 MiB, 49140 MiB, 280.58 W, 300.00 W, 71, 2370 MHz
2026/09/23 05:44:06.206, 0, 84 %, 70 %, 3197 MiB, 49140 MiB, 280.65 W, 300.00 W, 72, 2310 MHz
2026/09/23 05:44:07.207, 0, 84 %, 70 %, 3197 MiB, 49140 MiB, 279.41 W, 300.00 W, 71, 2370 MHz
2026/09/23 05:44:08.208, 0, 86 %, 73 %, 3197 MiB, 49140 MiB, 277.86 W, 300.00 W, 72, 2400 MHz
2026/09/23 05:44:09.209, 0, 85 %, 72 %, 3197 MiB, 49140 MiB, 281.76 W, 300.00 W, 72, 2280 MHz
2026/09/23 05:44:10.210, 0, 86 %, 72 %, 3197 MiB, 49140 MiB, 278.04 W, 300.00 W, 71, 2265 MHz
2026/09/23 05:44:11.211, 0, 92 %, 73 %, 3197 MiB, 49140 MiB, 279.57 W, 300.00 W, 71, 2445 MHz
2026/09/23 05:44:12.215, 0, 86 %, 72 %, 3197 MiB, 49140 MiB, 281.95 W, 300.00 W, 72, 2460 MHz
2026/09/23 05:44:13.216, 0, 59 %, 35 %, 3197 MiB, 49140 MiB, 272.31 W, 300.00 W, 71, 2685 MHz
2026/09/23 05:44:14.217, 0, 23 %, 17 %, 3197 MiB, 49140 MiB, 133.41 W, 300.00 W, 69, 2505 MHz
2026/09/23 05:44:15.218, 0, 89 %, 73 %, 3197 MiB, 49140 MiB, 268.85 W, 300.00 W, 71, 2535 MHz
2026/09/23 05:44:16.218, 0, 91 %, 76 %, 3197 MiB, 49140 MiB, 284.56 W, 300.00 W, 72, 2430 MHz
2026/09/23 05:44:17.220, 0, 84 %, 70 %, 3197 MiB, 49140 MiB, 281.43 W, 300.00 W, 71, 2460 MHz
2026/09/23 05:44:18.220, 0, 87 %, 72 %, 3197 MiB, 49140 MiB, 285.10 W, 300.00 W, 71, 2490 MHz
2026/09/23 05:44:19.221, 0, 89 %, 74 %, 3197 MiB, 49140 MiB, 282.16 W, 300.00 W, 72, 2445 MHz
2026/09/23 05:44:20.222, 0, 84 %, 69 %, 3197 MiB, 49140 MiB, 283.38 W, 300.00 W, 71, 2445 MHz
2026/09/23 05:44:21.222, 0, 89 %, 72 %, 3197 MiB, 49140 MiB, 282.14 W, 300.00 W, 72, 2400 MHz
2026/09/23 05:44:22.223, 0, 85 %, 71 %, 3197 MiB, 49140 MiB, 280.90 W, 300.00 W, 72, 2370 MHz
2026/09/23 05:44:23.223, 0, 83 %, 70 %, 3197 MiB, 49140 MiB, 282.44 W, 300.00 W, 71, 2460 MHz
2026/09/23 05:44:24.224, 0, 86 %, 72 %, 3197 MiB, 49140 MiB, 280.98 W, 300.00 W, 71, 2520 MHz
2026/09/23 05:44:25.224, 0, 45 %, 26 %, 3197 MiB, 49140 MiB, 265.86 W, 300.00 W, 68, 2730 MHz
2026/09/23 05:44:26.225, 0, 87 %, 71 %, 3197 MiB, 49140 MiB, 132.45 W, 300.00 W, 71, 2460 MHz
2026/09/23 05:44:27.226, 0, 88 %, 73 %, 3197 MiB, 49140 MiB, 274.93 W, 300.00 W, 71, 2550 MHz
2026/09/23 05:44:28.226, 0, 90 %, 74 %, 3197 MiB, 49140 MiB, 277.10 W, 300.00 W, 71, 2370 MHz
2026/09/23 05:44:29.227, 0, 88 %, 73 %, 3197 MiB, 49140 MiB, 279.83 W, 300.00 W, 71, 2415 MHz
2026/09/23 05:44:30.228, 0, 83 %, 71 %, 3197 MiB, 49140 MiB, 278.37 W, 300.00 W, 72, 2505 MHz
2026/09/23 05:44:31.228, 0, 91 %, 77 %, 3197 MiB, 49140 MiB, 279.99 W, 300.00 W, 71, 2505 MHz
2026/09/23 05:44:32.229, 0, 89 %, 73 %, 3197 MiB, 49140 MiB, 277.58 W, 300.00 W, 72, 2475 MHz
2026/09/23 05:44:33.230, 0, 89 %, 74 %, 3197 MiB, 49140 MiB, 280.65 W, 300.00 W, 72, 2370 MHz
2026/09/23 05:44:34.231, 0, 83 %, 70 %, 3197 MiB, 49140 MiB, 281.22 W, 300.00 W, 72, 2520 MHz
2026/09/23 05:44:35.232, 0, 88 %, 73 %, 3197 MiB, 49140 MiB, 280.62 W, 300.00 W, 71, 2415 MHz
2026/09/23 05:44:36.232, 0, 85 %, 71 %, 3197 MiB, 49140 MiB, 276.75 W, 300.00 W, 71, 2430 MHz
2026/09/23 05:44:37.233, 0, 0 %, 0 %, 3197 MiB, 49140 MiB, 231.74 W, 300.00 W, 67, 2745 MHz
2026/09/23 05:44:38.234, 0, 90 %, 74 %, 3197 MiB, 49140 MiB, 144.77 W, 300.00 W, 71, 2430 MHz
2026/09/23 05:44:39.235, 0, 87 %, 72 %, 3197 MiB, 49140 MiB, 283.67 W, 300.00 W, 71, 2370 MHz
2026/09/23 05:44:40.235, 0, 86 %, 71 %, 3197 MiB, 49140 MiB, 282.30 W, 300.00 W, 72, 2490 MHz
2026/09/23 05:44:41.236, 0, 79 %, 65 %, 3197 MiB, 49140 MiB, 280.42 W, 300.00 W, 70, 2505 MHz
2026/09/23 05:44:42.237, 0, 91 %, 75 %, 3197 MiB, 49140 MiB, 280.51 W, 300.00 W, 72, 2385 MHz
2026/09/23 05:44:43.238, 0, 87 %, 72 %, 3197 MiB, 49140 MiB, 283.03 W, 300.00 W, 73, 2325 MHz
2026/09/23 05:44:44.238, 0, 85 %, 72 %, 3197 MiB, 49140 MiB, 282.32 W, 300.00 W, 72, 2370 MHz
2026/09/23 05:44:45.239, 0, 89 %, 73 %, 3197 MiB, 49140 MiB, 282.79 W, 300.00 W, 72, 2385 MHz
2026/09/23 05:44:46.240, 0, 87 %, 71 %, 3197 MiB, 49140 MiB, 282.00 W, 300.00 W, 72, 2520 MHz
2026/09/23 05:44:47.241, 0, 91 %, 74 %, 3197 MiB, 49140 MiB, 281.47 W, 300.00 W, 71, 2520 MHz
2026/09/23 05:44:48.241, 0, 83 %, 70 %, 3197 MiB, 49140 MiB, 269.57 W, 300.00 W, 72, 2475 MHz
2026/09/23 05:44:49.243, 0, 0 %, 0 %, 3197 MiB, 49140 MiB, 231.64 W, 300.00 W, 67, 2745 MHz
2026/09/23 05:44:50.243, 0, 83 %, 69 %, 3197 MiB, 49140 MiB, 147.59 W, 300.00 W, 72, 2445 MHz
2026/09/23 05:44:51.247, 0, 86 %, 72 %, 3197 MiB, 49140 MiB, 281.22 W, 300.00 W, 70, 2505 MHz
2026/09/23 05:44:52.247, 0, 82 %, 67 %, 3197 MiB, 49140 MiB, 283.02 W, 300.00 W, 70, 2580 MHz
2026/09/23 05:44:53.248, 0, 87 %, 73 %, 3197 MiB, 49140 MiB, 281.15 W, 300.00 W, 72, 2460 MHz
2026/09/23 05:44:54.249, 0, 88 %, 73 %, 3197 MiB, 49140 MiB, 282.75 W, 300.00 W, 73, 2400 MHz
2026/09/23 05:44:55.250, 0, 86 %, 71 %, 3197 MiB, 49140 MiB, 282.14 W, 300.00 W, 71, 2535 MHz
2026/09/23 05:44:56.251, 0, 84 %, 71 %, 3197 MiB, 49140 MiB, 280.09 W, 300.00 W, 72, 2460 MHz
2026/09/23 05:44:57.252, 0, 89 %, 75 %, 3197 MiB, 49140 MiB, 281.92 W, 300.00 W, 71, 2475 MHz
2026/09/23 05:44:58.252, 0, 87 %, 72 %, 3197 MiB, 49140 MiB, 280.64 W, 300.00 W, 73, 2400 MHz
2026/09/23 05:44:59.253, 0, 89 %, 74 %, 3197 MiB, 49140 MiB, 281.35 W, 300.00 W, 73, 2205 MHz
2026/09/23 05:45:00.254, 0, 81 %, 68 %, 3197 MiB, 49140 MiB, 281.24 W, 300.00 W, 72, 2505 MHz
2026/09/23 05:45:01.255, 0, 0 %, 0 %, 3197 MiB, 49140 MiB, 207.05 W, 300.00 W, 66, 2745 MHz
2026/09/23 05:45:02.255, 0, 88 %, 73 %, 3197 MiB, 49140 MiB, 182.61 W, 300.00 W, 71, 2505 MHz
2026/09/23 05:45:03.257, 0, 82 %, 70 %, 3197 MiB, 49140 MiB, 282.90 W, 300.00 W, 72, 2535 MHz
2026/09/23 05:45:04.258, 0, 82 %, 70 %, 3197 MiB, 49140 MiB, 280.79 W, 300.00 W, 70, 2550 MHz
2026/09/23 05:45:05.258, 0, 82 %, 69 %, 3197 MiB, 49140 MiB, 281.10 W, 300.00 W, 72, 2475 MHz
2026/09/23 05:45:06.259, 0, 82 %, 69 %, 3197 MiB, 49140 MiB, 282.23 W, 300.00 W, 72, 2415 MHz
2026/09/23 05:45:07.260, 0, 86 %, 70 %, 3197 MiB, 49140 MiB, 281.39 W, 300.00 W, 73, 2385 MHz
2026/09/23 05:45:08.261, 0, 84 %, 71 %, 3197 MiB, 49140 MiB, 281.27 W, 300.00 W, 72, 2490 MHz
2026/09/23 05:45:09.262, 0, 91 %, 74 %, 3197 MiB, 49140 MiB, 281.04 W, 300.00 W, 71, 2475 MHz
2026/09/23 05:45:10.263, 0, 89 %, 73 %, 3197 MiB, 49140 MiB, 283.14 W, 300.00 W, 71, 2445 MHz
2026/09/23 05:45:11.263, 0, 82 %, 69 %, 3197 MiB, 49140 MiB, 282.93 W, 300.00 W, 71, 2550 MHz
2026/09/23 05:45:12.264, 0, 78 %, 54 %, 3197 MiB, 49140 MiB, 282.18 W, 300.00 W, 73, 2550 MHz
2026/09/23 05:45:13.265, 0, 0 %, 0 %, 3197 MiB, 49140 MiB, 180.50 W, 300.00 W, 66, 2745 MHz
2026/09/23 05:45:14.265, 0, 87 %, 70 %, 3197 MiB, 49140 MiB, 197.46 W, 300.00 W, 71, 2475 MHz
2026/09/23 05:45:15.266, 0, 88 %, 71 %, 3197 MiB, 49140 MiB, 275.35 W, 300.00 W, 71, 2505 MHz
2026/09/23 05:45:16.266, 0, 88 %, 75 %, 3197 MiB, 49140 MiB, 279.86 W, 300.00 W, 71, 2445 MHz
2026/09/23 05:45:17.267, 0, 87 %, 73 %, 3197 MiB, 49140 MiB, 277.26 W, 300.00 W, 71, 2445 MHz
2026/09/23 05:45:18.267, 0, 83 %, 69 %, 3197 MiB, 49140 MiB, 278.42 W, 300.00 W, 71, 2460 MHz
2026/09/23 05:45:19.268, 0, 86 %, 72 %, 3197 MiB, 49140 MiB, 279.74 W, 300.00 W, 71, 2475 MHz
2026/09/23 05:45:20.269, 0, 90 %, 76 %, 3197 MiB, 49140 MiB, 280.04 W, 300.00 W, 71, 2475 MHz
2026/09/23 05:45:21.270, 0, 92 %, 75 %, 3197 MiB, 49140 MiB, 279.71 W, 300.00 W, 71, 2520 MHz
2026/09/23 05:45:22.272, 0, 93 %, 75 %, 3197 MiB, 49140 MiB, 278.97 W, 300.00 W, 72, 2415 MHz
2026/09/23 05:45:23.272, 0, 78 %, 65 %, 3197 MiB, 49140 MiB, 277.43 W, 300.00 W, 72, 2400 MHz
2026/09/23 05:45:24.273, 0, 71 %, 41 %, 3197 MiB, 49140 MiB, 276.81 W, 300.00 W, 72, 2595 MHz
2026/09/23 05:45:25.274, 0, 0 %, 0 %, 3197 MiB, 49140 MiB, 162.29 W, 300.00 W, 66, 2745 MHz
2026/09/23 05:45:26.274, 0, 86 %, 73 %, 3197 MiB, 49140 MiB, 222.30 W, 300.00 W, 70, 2505 MHz
2026/09/23 05:45:27.275, 0, 89 %, 74 %, 3197 MiB, 49140 MiB, 280.65 W, 300.00 W, 72, 2505 MHz
2026/09/23 05:45:28.276, 0, 88 %, 73 %, 3197 MiB, 49140 MiB, 280.06 W, 300.00 W, 72, 2430 MHz
2026/09/23 05:45:29.277, 0, 88 %, 72 %, 3197 MiB, 49140 MiB, 279.57 W, 300.00 W, 73, 2415 MHz
2026/09/23 05:45:30.278, 0, 84 %, 69 %, 3197 MiB, 49140 MiB, 279.21 W, 300.00 W, 73, 2505 MHz
2026/09/23 05:45:31.279, 0, 87 %, 70 %, 3197 MiB, 49140 MiB, 277.60 W, 300.00 W, 71, 2430 MHz
2026/09/23 05:45:32.280, 0, 87 %, 71 %, 3197 MiB, 49140 MiB, 279.45 W, 300.00 W, 71, 2355 MHz
2026/09/23 05:45:33.281, 0, 86 %, 73 %, 3197 MiB, 49140 MiB, 281.33 W, 300.00 W, 72, 2505 MHz
2026/09/23 05:45:34.281, 0, 87 %, 71 %, 3197 MiB, 49140 MiB, 278.93 W, 300.00 W, 72, 2475 MHz
2026/09/23 05:45:35.282, 0, 87 %, 71 %, 3197 MiB, 49140 MiB, 278.84 W, 300.00 W, 72, 2355 MHz
2026/09/23 05:45:36.283, 0, 59 %, 35 %, 3197 MiB, 49140 MiB, 268.86 W, 300.00 W, 72, 2700 MHz
2026/09/23 05:45:37.283, 0, 0 %, 0 %, 3197 MiB, 49140 MiB, 130.95 W, 300.00 W, 66, 2745 MHz
2026/09/23 05:45:38.284, 0, 87 %, 73 %, 3197 MiB, 49140 MiB, 258.50 W, 300.00 W, 70, 2415 MHz
2026/09/23 05:45:39.285, 0, 83 %, 66 %, 3197 MiB, 49140 MiB, 280.45 W, 300.00 W, 70, 2520 MHz
2026/09/23 05:45:40.286, 0, 91 %, 74 %, 3197 MiB, 49140 MiB, 281.46 W, 300.00 W, 72, 2400 MHz
2026/09/23 05:45:41.287, 0, 90 %, 73 %, 3197 MiB, 49140 MiB, 279.60 W, 300.00 W, 71, 2400 MHz
2026/09/23 05:45:42.288, 0, 87 %, 72 %, 3197 MiB, 49140 MiB, 279.02 W, 300.00 W, 70, 2520 MHz
2026/09/23 05:45:43.289, 0, 84 %, 71 %, 3197 MiB, 49140 MiB, 276.76 W, 300.00 W, 71, 2520 MHz
2026/09/23 05:45:44.290, 0, 89 %, 74 %, 3197 MiB, 49140 MiB, 277.13 W, 300.00 W, 72, 2415 MHz
2026/09/23 05:45:45.291, 0, 88 %, 73 %, 3197 MiB, 49140 MiB, 278.91 W, 300.00 W, 72, 2475 MHz
2026/09/23 05:45:46.291, 0, 94 %, 78 %, 3197 MiB, 49140 MiB, 281.15 W, 300.00 W, 72, 2175 MHz
2026/09/23 05:45:47.292, 0, 86 %, 70 %, 3197 MiB, 49140 MiB, 278.45 W, 300.00 W, 73, 2400 MHz
2026/09/23 05:45:48.293, 0, 53 %, 32 %, 3197 MiB, 49140 MiB, 261.43 W, 300.00 W, 72, 2730 MHz
2026/09/23 05:45:49.294, 0, 86 %, 74 %, 3197 MiB, 49140 MiB, 134.29 W, 300.00 W, 69, 2505 MHz
2026/09/23 05:45:50.295, 0, 88 %, 72 %, 3197 MiB, 49140 MiB, 284.23 W, 300.00 W, 72, 2475 MHz
2026/09/23 05:45:51.296, 0, 88 %, 74 %, 3197 MiB, 49140 MiB, 281.62 W, 300.00 W, 71, 2475 MHz
2026/09/23 05:45:52.297, 0, 85 %, 72 %, 3197 MiB, 49140 MiB, 280.68 W, 300.00 W, 71, 2385 MHz
2026/09/23 05:45:53.298, 0, 86 %, 73 %, 3197 MiB, 49140 MiB, 282.60 W, 300.00 W, 71, 2475 MHz
2026/09/23 05:45:54.299, 0, 83 %, 70 %, 3197 MiB, 49140 MiB, 280.48 W, 300.00 W, 72, 2550 MHz
2026/09/23 05:45:55.300, 0, 88 %, 73 %, 3197 MiB, 49140 MiB, 282.19 W, 300.00 W, 71, 2430 MHz
2026/09/23 05:45:56.301, 0, 95 %, 78 %, 3197 MiB, 49140 MiB, 283.07 W, 300.00 W, 72, 2370 MHz
2026/09/23 05:45:57.303, 0, 85 %, 71 %, 3197 MiB, 49140 MiB, 281.62 W, 300.00 W, 72, 2520 MHz
2026/09/23 05:45:58.304, 0, 90 %, 74 %, 3197 MiB, 49140 MiB, 282.37 W, 300.00 W, 71, 2340 MHz
2026/09/23 05:45:59.305, 0, 90 %, 74 %, 3197 MiB, 49140 MiB, 284.35 W, 300.00 W, 72, 2400 MHz
2026/09/23 05:46:00.305, 0, 0 %, 0 %, 3197 MiB, 49140 MiB, 241.31 W, 300.00 W, 68, 2730 MHz
2026/09/23 05:46:01.306, 0, 87 %, 75 %, 3197 MiB, 49140 MiB, 145.53 W, 300.00 W, 71, 2550 MHz
2026/09/23 05:46:02.307, 0, 86 %, 73 %, 3197 MiB, 49140 MiB, 281.16 W, 300.00 W, 71, 2505 MHz
2026/09/23 05:46:03.308, 0, 89 %, 74 %, 3197 MiB, 49140 MiB, 280.05 W, 300.00 W, 72, 2460 MHz
2026/09/23 05:46:04.309, 0, 86 %, 70 %, 3197 MiB, 49140 MiB, 281.02 W, 300.00 W, 72, 2460 MHz
2026/09/23 05:46:05.310, 0, 89 %, 73 %, 3197 MiB, 49140 MiB, 279.14 W, 300.00 W, 71, 2385 MHz
2026/09/23 05:46:06.311, 0, 86 %, 71 %, 3197 MiB, 49140 MiB, 279.71 W, 300.00 W, 72, 2520 MHz
2026/09/23 05:46:07.311, 0, 92 %, 77 %, 3197 MiB, 49140 MiB, 280.00 W, 300.00 W, 72, 2310 MHz
2026/09/23 05:46:08.312, 0, 88 %, 74 %, 3197 MiB, 49140 MiB, 279.91 W, 300.00 W, 71, 2370 MHz
2026/09/23 05:46:09.314, 0, 81 %, 67 %, 3197 MiB, 49140 MiB, 278.02 W, 300.00 W, 72, 2505 MHz
2026/09/23 05:46:10.315, 0, 83 %, 68 %, 3197 MiB, 49140 MiB, 280.59 W, 300.00 W, 72, 2475 MHz
2026/09/23 05:46:11.316, 0, 85 %, 69 %, 3197 MiB, 49140 MiB, 278.92 W, 300.00 W, 72, 2400 MHz
2026/09/23 05:46:12.316, 0, 0 %, 0 %, 3197 MiB, 49140 MiB, 208.52 W, 300.00 W, 66, 2745 MHz
2026/09/23 05:46:13.317, 0, 88 %, 71 %, 3197 MiB, 49140 MiB, 157.43 W, 300.00 W, 71, 2370 MHz
2026/09/23 05:46:14.317, 0, 91 %, 75 %, 3197 MiB, 49140 MiB, 274.98 W, 300.00 W, 71, 2460 MHz
2026/09/23 05:46:15.318, 0, 88 %, 76 %, 3197 MiB, 49140 MiB, 277.07 W, 300.00 W, 71, 2430 MHz
2026/09/23 05:46:16.319, 0, 84 %, 71 %, 3197 MiB, 49140 MiB, 276.50 W, 300.00 W, 71, 2520 MHz
2026/09/23 05:46:17.320, 0, 94 %, 77 %, 3197 MiB, 49140 MiB, 277.94 W, 300.00 W, 72, 2085 MHz
2026/09/23 05:46:18.321, 0, 88 %, 71 %, 3197 MiB, 49140 MiB, 276.87 W, 300.00 W, 71, 2370 MHz
2026/09/23 05:46:19.321, 0, 87 %, 73 %, 3197 MiB, 49140 MiB, 275.83 W, 300.00 W, 71, 2490 MHz
2026/09/23 05:46:20.322, 0, 86 %, 70 %, 3197 MiB, 49140 MiB, 276.01 W, 300.00 W, 72, 2265 MHz
2026/09/23 05:46:21.323, 0, 87 %, 74 %, 3197 MiB, 49140 MiB, 274.61 W, 300.00 W, 71, 2400 MHz
2026/09/23 05:46:22.324, 0, 85 %, 71 %, 3197 MiB, 49140 MiB, 276.62 W, 300.00 W, 72, 2550 MHz
2026/09/23 05:46:23.325, 0, 84 %, 72 %, 3197 MiB, 49140 MiB, 277.62 W, 300.00 W, 71, 2505 MHz
2026/09/23 05:46:24.325, 0, 0 %, 0 %, 3197 MiB, 49140 MiB, 192.90 W, 300.00 W, 66, 2745 MHz
2026/09/23 05:46:25.326, 0, 90 %, 74 %, 3197 MiB, 49140 MiB, 183.48 W, 300.00 W, 70, 2355 MHz
2026/09/23 05:46:26.327, 0, 89 %, 73 %, 3197 MiB, 49140 MiB, 283.85 W, 300.00 W, 71, 2445 MHz
2026/09/23 05:46:27.327, 0, 88 %, 73 %, 3197 MiB, 49140 MiB, 280.96 W, 300.00 W, 72, 2265 MHz
2026/09/23 05:46:28.328, 0, 92 %, 74 %, 3197 MiB, 49140 MiB, 278.42 W, 300.00 W, 72, 2430 MHz
2026/09/23 05:46:29.328, 0, 86 %, 71 %, 3197 MiB, 49140 MiB, 279.00 W, 300.00 W, 70, 2490 MHz
2026/09/23 05:46:30.329, 0, 87 %, 72 %, 3197 MiB, 49140 MiB, 278.20 W, 300.00 W, 71, 2355 MHz
2026/09/23 05:46:31.330, 0, 87 %, 71 %, 3197 MiB, 49140 MiB, 278.42 W, 300.00 W, 71, 2490 MHz
2026/09/23 05:46:32.330, 0, 89 %, 74 %, 3197 MiB, 49140 MiB, 279.40 W, 300.00 W, 71, 2340 MHz
2026/09/23 05:46:33.332, 0, 86 %, 73 %, 3197 MiB, 49140 MiB, 280.21 W, 300.00 W, 72, 2535 MHz
2026/09/23 05:46:34.332, 0, 82 %, 67 %, 3197 MiB, 49140 MiB, 278.86 W, 300.00 W, 71, 2490 MHz
2026/09/23 05:46:35.333, 0, 65 %, 37 %, 3197 MiB, 49140 MiB, 271.74 W, 300.00 W, 71, 2505 MHz
2026/09/23 05:46:36.334, 0, 0 %, 0 %, 3197 MiB, 49140 MiB, 164.15 W, 300.00 W, 66, 2745 MHz
2026/09/23 05:46:37.335, 0, 84 %, 69 %, 3197 MiB, 49140 MiB, 93.53 W, 300.00 W, 68, 2415 MHz
2026/09/23 05:46:38.337, 0, 82 %, 66 %, 3197 MiB, 49140 MiB, 269.27 W, 300.00 W, 70, 2445 MHz
2026/09/23 05:46:39.337, 0, 86 %, 73 %, 3197 MiB, 49140 MiB, 275.36 W, 300.00 W, 71, 2460 MHz
2026/09/23 05:46:40.338, 0, 88 %, 74 %, 3197 MiB, 49140 MiB, 277.29 W, 300.00 W, 71, 2505 MHz
2026/09/23 05:46:41.339, 0, 86 %, 71 %, 3197 MiB, 49140 MiB, 278.76 W, 300.00 W, 71, 2535 MHz
2026/09/23 05:46:42.339, 0, 85 %, 69 %, 3197 MiB, 49140 MiB, 275.85 W, 300.00 W, 71, 2565 MHz
2026/09/23 05:46:43.340, 0, 90 %, 76 %, 3197 MiB, 49140 MiB, 279.59 W, 300.00 W, 72, 2520 MHz
2026/09/23 05:46:44.341, 0, 89 %, 76 %, 3197 MiB, 49140 MiB, 280.61 W, 300.00 W, 72, 2535 MHz
2026/09/23 05:46:45.342, 0, 91 %, 74 %, 3197 MiB, 49140 MiB, 280.85 W, 300.00 W, 71, 2505 MHz
2026/09/23 05:46:46.343, 0, 89 %, 72 %, 3197 MiB, 49140 MiB, 279.19 W, 300.00 W, 71, 2460 MHz
2026/09/23 05:46:47.344, 0, 84 %, 70 %, 3197 MiB, 49140 MiB, 278.59 W, 300.00 W, 71, 2265 MHz
2026/09/23 05:46:48.345, 0, 67 %, 40 %, 3197 MiB, 49140 MiB, 267.46 W, 300.00 W, 70, 2685 MHz
2026/09/23 05:46:49.346, 0, 90 %, 73 %, 3197 MiB, 49140 MiB, 128.66 W, 300.00 W, 71, 2430 MHz
2026/09/23 05:46:50.347, 0, 91 %, 76 %, 3197 MiB, 49140 MiB, 277.15 W, 300.00 W, 71, 2280 MHz
2026/09/23 05:46:51.347, 0, 89 %, 72 %, 3197 MiB, 49140 MiB, 279.43 W, 300.00 W, 71, 2445 MHz
2026/09/23 05:46:52.349, 0, 80 %, 68 %, 3197 MiB, 49140 MiB, 275.54 W, 300.00 W, 71, 2370 MHz
2026/09/23 05:46:53.350, 0, 87 %, 73 %, 3197 MiB, 49140 MiB, 276.34 W, 300.00 W, 70, 2490 MHz
2026/09/23 05:46:54.350, 0, 91 %, 76 %, 3197 MiB, 49140 MiB, 277.97 W, 300.00 W, 71, 2370 MHz
2026/09/23 05:46:55.351, 0, 83 %, 70 %, 3197 MiB, 49140 MiB, 275.58 W, 300.00 W, 71, 2310 MHz
2026/09/23 05:46:56.352, 0, 89 %, 73 %, 3197 MiB, 49140 MiB, 276.06 W, 300.00 W, 71, 2370 MHz
2026/09/23 05:46:57.353, 0, 85 %, 71 %, 3197 MiB, 49140 MiB, 275.73 W, 300.00 W, 71, 2475 MHz
2026/09/23 05:46:58.353, 0, 85 %, 70 %, 3197 MiB, 49140 MiB, 277.26 W, 300.00 W, 71, 2310 MHz
2026/09/23 05:46:59.354, 0, 86 %, 71 %, 3197 MiB, 49140 MiB, 273.75 W, 300.00 W, 71, 2415 MHz
2026/09/23 05:47:00.354, 0, 0 %, 0 %, 3197 MiB, 49140 MiB, 222.17 W, 300.00 W, 66, 2745 MHz
2026/09/23 05:47:01.355, 0, 84 %, 69 %, 3197 MiB, 49140 MiB, 161.01 W, 300.00 W, 71, 2280 MHz
2026/09/23 05:47:02.355, 0, 90 %, 75 %, 3197 MiB, 49140 MiB, 274.70 W, 300.00 W, 71, 2340 MHz
2026/09/23 05:47:03.356, 0, 89 %, 74 %, 3197 MiB, 49140 MiB, 276.48 W, 300.00 W, 71, 2385 MHz
2026/09/23 05:47:04.357, 0, 84 %, 71 %, 3197 MiB, 49140 MiB, 275.48 W, 300.00 W, 70, 2490 MHz
2026/09/23 05:47:05.358, 0, 86 %, 70 %, 3197 MiB, 49140 MiB, 276.53 W, 300.00 W, 70, 2430 MHz
2026/09/23 05:47:06.358, 0, 79 %, 66 %, 3197 MiB, 49140 MiB, 276.27 W, 300.00 W, 71, 2400 MHz
2026/09/23 05:47:07.359, 0, 86 %, 72 %, 3197 MiB, 49140 MiB, 277.11 W, 300.00 W, 71, 2460 MHz
2026/09/23 05:47:08.360, 0, 91 %, 74 %, 3197 MiB, 49140 MiB, 278.76 W, 300.00 W, 71, 2385 MHz
2026/09/23 05:47:09.360, 0, 90 %, 73 %, 3197 MiB, 49140 MiB, 276.89 W, 300.00 W, 72, 2475 MHz
2026/09/23 05:47:10.361, 0, 83 %, 70 %, 3197 MiB, 49140 MiB, 275.93 W, 300.00 W, 72, 2595 MHz
2026/09/23 05:47:11.362, 0, 84 %, 67 %, 3197 MiB, 49140 MiB, 275.46 W, 300.00 W, 71, 2520 MHz
2026/09/23 05:47:12.363, 0, 0 %, 0 %, 3197 MiB, 49140 MiB, 188.61 W, 300.00 W, 66, 2745 MHz
2026/09/23 05:47:13.364, 0, 87 %, 74 %, 3197 MiB, 49140 MiB, 189.83 W, 300.00 W, 70, 2475 MHz
2026/09/23 05:47:14.364, 0, 88 %, 73 %, 3197 MiB, 49140 MiB, 278.92 W, 300.00 W, 71, 2520 MHz
2026/09/23 05:47:15.366, 0, 92 %, 75 %, 3197 MiB, 49140 MiB, 280.36 W, 300.00 W, 72, 2220 MHz
2026/09/23 05:47:16.366, 0, 92 %, 75 %, 3197 MiB, 49140 MiB, 280.92 W, 300.00 W, 72, 2295 MHz
2026/09/23 05:47:17.367, 0, 91 %, 76 %, 3197 MiB, 49140 MiB, 280.38 W, 300.00 W, 71, 2445 MHz
2026/09/23 05:47:18.368, 0, 84 %, 70 %, 3197 MiB, 49140 MiB, 278.71 W, 300.00 W, 72, 2445 MHz
2026/09/23 05:47:19.369, 0, 84 %, 68 %, 3197 MiB, 49140 MiB, 277.17 W, 300.00 W, 72, 2355 MHz
2026/09/23 05:47:20.369, 0, 88 %, 71 %, 3197 MiB, 49140 MiB, 280.74 W, 300.00 W, 71, 2490 MHz
2026/09/23 05:47:21.370, 0, 87 %, 72 %, 3197 MiB, 49140 MiB, 278.50 W, 300.00 W, 71, 2550 MHz
2026/09/23 05:47:22.371, 0, 85 %, 70 %, 3197 MiB, 49140 MiB, 278.86 W, 300.00 W, 71, 2430 MHz
2026/09/23 05:47:23.371, 0, 64 %, 37 %, 3197 MiB, 49140 MiB, 274.26 W, 300.00 W, 72, 2640 MHz
2026/09/23 05:47:24.372, 0, 0 %, 0 %, 3197 MiB, 49140 MiB, 158.35 W, 300.00 W, 66, 2745 MHz
2026/09/23 05:47:25.373, 0, 88 %, 75 %, 3197 MiB, 49140 MiB, 221.48 W, 300.00 W, 71, 2460 MHz
2026/09/23 05:47:26.374, 0, 89 %, 75 %, 3197 MiB, 49140 MiB, 282.71 W, 300.00 W, 71, 2460 MHz
2026/09/23 05:47:27.375, 0, 91 %, 74 %, 3197 MiB, 49140 MiB, 282.68 W, 300.00 W, 72, 2250 MHz
2026/09/23 05:47:28.376, 0, 84 %, 71 %, 3197 MiB, 49140 MiB, 278.99 W, 300.00 W, 71, 2535 MHz
2026/09/23 05:47:29.376, 0, 86 %, 70 %, 3197 MiB, 49140 MiB, 280.03 W, 300.00 W, 72, 2415 MHz
2026/09/23 05:47:30.377, 0, 79 %, 67 %, 3197 MiB, 49140 MiB, 277.66 W, 300.00 W, 72, 2475 MHz
2026/09/23 05:47:31.378, 0, 87 %, 72 %, 3197 MiB, 49140 MiB, 278.00 W, 300.00 W, 71, 2460 MHz
2026/09/23 05:47:32.379, 0, 91 %, 75 %, 3197 MiB, 49140 MiB, 279.39 W, 300.00 W, 71, 2445 MHz
2026/09/23 05:47:33.380, 0, 91 %, 74 %, 3197 MiB, 49140 MiB, 280.62 W, 300.00 W, 71, 2325 MHz
2026/09/23 05:47:34.381, 0, 79 %, 67 %, 3197 MiB, 49140 MiB, 279.31 W, 300.00 W, 73, 2460 MHz
2026/09/23 05:47:35.382, 0, 55 %, 33 %, 3197 MiB, 49140 MiB, 269.85 W, 300.00 W, 72, 2640 MHz
2026/09/23 05:47:36.382, 0, 0 %, 0 %, 3197 MiB, 49140 MiB, 133.43 W, 300.00 W, 66, 2745 MHz
2026/09/23 05:47:37.384, 0, 86 %, 70 %, 3197 MiB, 49140 MiB, 251.25 W, 300.00 W, 70, 2430 MHz
2026/09/23 05:47:38.385, 0, 90 %, 74 %, 3197 MiB, 49140 MiB, 274.80 W, 300.00 W, 71, 2460 MHz
2026/09/23 05:47:39.385, 0, 89 %, 72 %, 3197 MiB, 49140 MiB, 278.46 W, 300.00 W, 72, 2220 MHz
2026/09/23 05:47:40.386, 0, 89 %, 72 %, 3197 MiB, 49140 MiB, 279.73 W, 300.00 W, 71, 2460 MHz
2026/09/23 05:47:41.386, 0, 82 %, 69 %, 3197 MiB, 49140 MiB, 278.47 W, 300.00 W, 72, 2475 MHz
2026/09/23 05:47:42.387, 0, 85 %, 68 %, 3197 MiB, 49140 MiB, 280.45 W, 300.00 W, 72, 2415 MHz
2026/09/23 05:47:43.387, 0, 84 %, 68 %, 3197 MiB, 49140 MiB, 278.49 W, 300.00 W, 72, 2415 MHz
2026/09/23 05:47:44.388, 0, 89 %, 74 %, 3197 MiB, 49140 MiB, 278.82 W, 300.00 W, 71, 2475 MHz
2026/09/23 05:47:45.389, 0, 82 %, 69 %, 3197 MiB, 49140 MiB, 278.46 W, 300.00 W, 71, 2580 MHz
2026/09/23 05:47:46.390, 0, 86 %, 70 %, 3197 MiB, 49140 MiB, 279.22 W, 300.00 W, 71, 2505 MHz
2026/09/23 05:47:47.390, 0, 55 %, 34 %, 3197 MiB, 49140 MiB, 264.65 W, 300.00 W, 71, 2730 MHz
2026/09/23 05:47:48.391, 0, 83 %, 70 %, 3197 MiB, 49140 MiB, 131.73 W, 300.00 W, 71, 2505 MHz
2026/09/23 05:47:49.392, 0, 91 %, 74 %, 3197 MiB, 49140 MiB, 274.48 W, 300.00 W, 71, 2385 MHz
2026/09/23 05:47:50.392, 0, 91 %, 74 %, 3197 MiB, 49140 MiB, 278.02 W, 300.00 W, 72, 2190 MHz
2026/09/23 05:47:51.393, 0, 81 %, 67 %, 3197 MiB, 49140 MiB, 274.93 W, 300.00 W, 72, 2490 MHz
2026/09/23 05:47:52.394, 0, 79 %, 66 %, 3197 MiB, 49140 MiB, 275.18 W, 300.00 W, 71, 2460 MHz
2026/09/23 05:47:53.394, 0, 90 %, 75 %, 3197 MiB, 49140 MiB, 276.07 W, 300.00 W, 71, 2475 MHz
2026/09/23 05:47:54.395, 0, 90 %, 76 %, 3197 MiB, 49140 MiB, 277.82 W, 300.00 W, 72, 2445 MHz
2026/09/23 05:47:55.396, 0, 90 %, 73 %, 3197 MiB, 49140 MiB, 277.89 W, 300.00 W, 71, 2460 MHz
2026/09/23 05:47:56.397, 0, 90 %, 73 %, 3197 MiB, 49140 MiB, 276.50 W, 300.00 W, 71, 2460 MHz
2026/09/23 05:47:57.398, 0, 91 %, 74 %, 3197 MiB, 49140 MiB, 278.06 W, 300.00 W, 71, 2385 MHz
2026/09/23 05:47:58.399, 0, 84 %, 71 %, 3197 MiB, 49140 MiB, 276.08 W, 300.00 W, 71, 2625 MHz
2026/09/23 05:47:59.399, 0, 0 %, 0 %, 3197 MiB, 49140 MiB, 242.45 W, 300.00 W, 67, 2730 MHz
2026/09/23 05:48:00.400, 0, 87 %, 74 %, 3197 MiB, 49140 MiB, 131.08 W, 300.00 W, 70, 2475 MHz
2026/09/23 05:48:01.401, 0, 89 %, 76 %, 3197 MiB, 49140 MiB, 274.88 W, 300.00 W, 72, 2415 MHz
2026/09/23 05:48:02.401, 0, 88 %, 72 %, 3197 MiB, 49140 MiB, 278.87 W, 300.00 W, 70, 2385 MHz
2026/09/23 05:48:03.402, 0, 85 %, 71 %, 3197 MiB, 49140 MiB, 275.95 W, 300.00 W, 71, 2310 MHz
2026/09/23 05:48:04.403, 0, 89 %, 74 %, 3197 MiB, 49140 MiB, 275.08 W, 300.00 W, 71, 2505 MHz
2026/09/23 05:48:05.403, 0, 84 %, 70 %, 3197 MiB, 49140 MiB, 275.73 W, 300.00 W, 70, 2460 MHz
2026/09/23 05:48:06.404, 0, 87 %, 71 %, 3197 MiB, 49140 MiB, 274.88 W, 300.00 W, 70, 2385 MHz
2026/09/23 05:48:07.405, 0, 94 %, 78 %, 3197 MiB, 49140 MiB, 277.57 W, 300.00 W, 71, 2445 MHz
2026/09/23 05:48:08.406, 0, 93 %, 75 %, 3197 MiB, 49140 MiB, 280.96 W, 300.00 W, 70, 2535 MHz
2026/09/23 05:48:09.407, 0, 81 %, 68 %, 3197 MiB, 49140 MiB, 275.67 W, 300.00 W, 72, 2370 MHz
2026/09/23 05:48:10.407, 0, 89 %, 73 %, 3197 MiB, 49140 MiB, 276.85 W, 300.00 W, 71, 2490 MHz
2026/09/23 05:48:11.408, 0, 0 %, 0 %, 3197 MiB, 49140 MiB, 223.85 W, 300.00 W, 66, 2745 MHz
2026/09/23 05:48:12.408, 0, 83 %, 69 %, 3197 MiB, 49140 MiB, 151.25 W, 300.00 W, 70, 2565 MHz
2026/09/23 05:48:13.409, 0, 89 %, 73 %, 3197 MiB, 49140 MiB, 279.39 W, 300.00 W, 71, 2235 MHz
2026/09/23 05:48:14.410, 0, 86 %, 70 %, 3197 MiB, 49140 MiB, 279.07 W, 300.00 W, 70, 2460 MHz
2026/09/23 05:48:15.411, 0, 86 %, 70 %, 3197 MiB, 49140 MiB, 280.74 W, 300.00 W, 70, 2400 MHz
2026/09/23 05:48:16.411, 0, 85 %, 72 %, 3197 MiB, 49140 MiB, 278.70 W, 300.00 W, 72, 2370 MHz
2026/09/23 05:48:17.412, 0, 87 %, 73 %, 3197 MiB, 49140 MiB, 278.07 W, 300.00 W, 71, 2475 MHz
2026/09/23 05:48:18.412, 0, 88 %, 72 %, 3197 MiB, 49140 MiB, 278.00 W, 300.00 W, 70, 2475 MHz
2026/09/23 05:48:19.414, 0, 85 %, 71 %, 3197 MiB, 49140 MiB, 277.78 W, 300.00 W, 71, 2385 MHz
2026/09/23 05:48:20.415, 0, 87 %, 73 %, 3197 MiB, 49140 MiB, 279.13 W, 300.00 W, 72, 2415 MHz
2026/09/23 05:48:21.416, 0, 84 %, 69 %, 3197 MiB, 49140 MiB, 281.04 W, 300.00 W, 72, 2370 MHz
2026/09/23 05:48:22.417, 0, 88 %, 73 %, 3197 MiB, 49140 MiB, 279.15 W, 300.00 W, 72, 2610 MHz
2026/09/23 05:48:23.418, 0, 0 %, 0 %, 3197 MiB, 49140 MiB, 194.35 W, 300.00 W, 66, 2745 MHz
2026/09/23 05:48:24.418, 0, 85 %, 69 %, 3197 MiB, 49140 MiB, 183.95 W, 300.00 W, 71, 2535 MHz
2026/09/23 05:48:25.419, 0, 91 %, 73 %, 3197 MiB, 49140 MiB, 281.50 W, 300.00 W, 71, 2490 MHz
2026/09/23 05:48:26.420, 0, 93 %, 75 %, 3197 MiB, 49140 MiB, 281.68 W, 300.00 W, 72, 2355 MHz
2026/09/23 05:48:27.421, 0, 84 %, 73 %, 3197 MiB, 49140 MiB, 280.37 W, 300.00 W, 72, 2535 MHz
2026/09/23 05:48:28.422, 0, 94 %, 77 %, 3197 MiB, 49140 MiB, 280.01 W, 300.00 W, 72, 2445 MHz
2026/09/23 05:48:29.423, 0, 85 %, 71 %, 3197 MiB, 49140 MiB, 277.93 W, 300.00 W, 72, 2520 MHz
2026/09/23 05:48:30.423, 0, 88 %, 75 %, 3197 MiB, 49140 MiB, 279.36 W, 300.00 W, 72, 2520 MHz
2026/09/23 05:48:31.424, 0, 87 %, 72 %, 3197 MiB, 49140 MiB, 279.84 W, 300.00 W, 72, 2445 MHz
2026/09/23 05:48:32.427, 0, 92 %, 74 %, 3197 MiB, 49140 MiB, 280.69 W, 300.00 W, 72, 2460 MHz
2026/09/23 05:48:33.427, 0, 86 %, 70 %, 3197 MiB, 49140 MiB, 278.57 W, 300.00 W, 72, 2490 MHz
2026/09/23 05:48:34.428, 0, 72 %, 42 %, 3197 MiB, 49140 MiB, 275.99 W, 300.00 W, 72, 2625 MHz
2026/09/23 05:48:35.428, 0, 0 %, 0 %, 3197 MiB, 49140 MiB, 167.76 W, 300.00 W, 66, 2745 MHz
2026/09/23 05:48:36.429, 0, 87 %, 73 %, 3197 MiB, 49140 MiB, 217.34 W, 300.00 W, 71, 2445 MHz
2026/09/23 05:48:37.430, 0, 90 %, 73 %, 3197 MiB, 49140 MiB, 284.67 W, 300.00 W, 71, 2550 MHz
2026/09/23 05:48:38.431, 0, 91 %, 74 %, 3197 MiB, 49140 MiB, 283.67 W, 300.00 W, 72, 2505 MHz
2026/09/23 05:48:39.432, 0, 82 %, 67 %, 3197 MiB, 49140 MiB, 280.64 W, 300.00 W, 71, 2370 MHz
2026/09/23 05:48:40.433, 0, 84 %, 70 %, 3197 MiB, 49140 MiB, 281.62 W, 300.00 W, 71, 2400 MHz
2026/09/23 05:48:41.433, 0, 87 %, 75 %, 3197 MiB, 49140 MiB, 282.11 W, 300.00 W, 73, 2535 MHz
2026/09/23 05:48:42.434, 0, 83 %, 69 %, 3197 MiB, 49140 MiB, 281.56 W, 300.00 W, 72, 2430 MHz
2026/09/23 05:48:43.435, 0, 86 %, 70 %, 3197 MiB, 49140 MiB, 283.45 W, 300.00 W, 70, 2415 MHz
2026/09/23 05:48:44.436, 0, 89 %, 73 %, 3197 MiB, 49140 MiB, 281.58 W, 300.00 W, 73, 2415 MHz
2026/09/23 05:48:45.437, 0, 87 %, 73 %, 3197 MiB, 49140 MiB, 280.82 W, 300.00 W, 71, 2445 MHz
2026/09/23 05:48:46.437, 0, 66 %, 39 %, 3197 MiB, 49140 MiB, 278.52 W, 300.00 W, 72, 2670 MHz
2026/09/23 05:48:47.438, 0, 0 %, 0 %, 3197 MiB, 49140 MiB, 156.17 W, 300.00 W, 66, 2745 MHz
2026/09/23 05:48:48.438, 0, 85 %, 68 %, 3197 MiB, 49140 MiB, 224.01 W, 300.00 W, 71, 2535 MHz
2026/09/23 05:48:49.439, 0, 85 %, 69 %, 3197 MiB, 49140 MiB, 276.23 W, 300.00 W, 70, 2490 MHz
2026/09/23 05:48:50.439, 0, 85 %, 70 %, 3197 MiB, 49140 MiB, 279.74 W, 300.00 W, 71, 2400 MHz
2026/09/23 05:48:51.440, 0, 86 %, 71 %, 3197 MiB, 49140 MiB, 275.37 W, 300.00 W, 70, 2460 MHz
2026/09/23 05:48:52.440, 0, 80 %, 67 %, 3197 MiB, 49140 MiB, 278.28 W, 300.00 W, 71, 2400 MHz
2026/09/23 05:48:53.442, 0, 86 %, 70 %, 3197 MiB, 49140 MiB, 279.26 W, 300.00 W, 70, 2475 MHz
2026/09/23 05:48:54.443, 0, 90 %, 75 %, 3197 MiB, 49140 MiB, 277.96 W, 300.00 W, 71, 2430 MHz
2026/09/23 05:48:55.444, 0, 85 %, 73 %, 3197 MiB, 49140 MiB, 277.64 W, 300.00 W, 72, 2445 MHz
2026/09/23 05:48:56.444, 0, 83 %, 68 %, 3197 MiB, 49140 MiB, 281.20 W, 300.00 W, 71, 2490 MHz
2026/09/23 05:48:57.445, 0, 89 %, 74 %, 3197 MiB, 49140 MiB, 277.12 W, 300.00 W, 70, 2445 MHz
2026/09/23 05:48:58.446, 0, 54 %, 32 %, 3197 MiB, 49140 MiB, 269.16 W, 300.00 W, 71, 2715 MHz
2026/09/23 05:48:59.446, 0, 0 %, 0 %, 3197 MiB, 49140 MiB, 149.86 W, 300.00 W, 66, 2745 MHz
2026/09/23 05:49:00.447, 0, 85 %, 72 %, 3197 MiB, 49140 MiB, 228.09 W, 300.00 W, 71, 2565 MHz
2026/09/23 05:49:01.448, 0, 85 %, 71 %, 3197 MiB, 49140 MiB, 279.88 W, 300.00 W, 71, 2490 MHz
2026/09/23 05:49:02.449, 0, 84 %, 69 %, 3197 MiB, 49140 MiB, 280.86 W, 300.00 W, 70, 2565 MHz
2026/09/23 05:49:03.450, 0, 85 %, 71 %, 3197 MiB, 49140 MiB, 277.86 W, 300.00 W, 72, 2460 MHz
2026/09/23 05:49:04.450, 0, 86 %, 72 %, 3197 MiB, 49140 MiB, 277.71 W, 300.00 W, 72, 2415 MHz
2026/09/23 05:49:05.451, 0, 86 %, 71 %, 3197 MiB, 49140 MiB, 278.61 W, 300.00 W, 71, 2490 MHz
2026/09/23 05:49:06.451, 0, 91 %, 77 %, 3197 MiB, 49140 MiB, 280.28 W, 300.00 W, 72, 2445 MHz
2026/09/23 05:49:07.452, 0, 84 %, 69 %, 3197 MiB, 49140 MiB, 281.66 W, 300.00 W, 70, 2445 MHz
2026/09/23 05:49:08.454, 0, 86 %, 70 %, 3197 MiB, 49140 MiB, 278.95 W, 300.00 W, 70, 2475 MHz
2026/09/23 05:49:09.455, 0, 87 %, 72 %, 3197 MiB, 49140 MiB, 277.93 W, 300.00 W, 70, 2340 MHz
2026/09/23 05:49:10.456, 0, 61 %, 36 %, 3197 MiB, 49140 MiB, 270.18 W, 300.00 W, 71, 2655 MHz
2026/09/23 05:49:11.456, 0, 0 %, 0 %, 3197 MiB, 49140 MiB, 125.27 W, 300.00 W, 65, 2535 MHz
2026/09/23 05:49:12.457, 0, 81 %, 67 %, 3197 MiB, 49140 MiB, 268.60 W, 300.00 W, 70, 2505 MHz
2026/09/23 05:49:13.458, 0, 80 %, 67 %, 3197 MiB, 49140 MiB, 276.69 W, 300.00 W, 72, 2445 MHz
2026/09/23 05:49:14.458, 0, 85 %, 72 %, 3197 MiB, 49140 MiB, 278.18 W, 300.00 W, 71, 2580 MHz
2026/09/23 05:49:15.459, 0, 92 %, 76 %, 3197 MiB, 49140 MiB, 282.84 W, 300.00 W, 71, 2445 MHz
2026/09/23 05:49:16.460, 0, 84 %, 69 %, 3197 MiB, 49140 MiB, 278.39 W, 300.00 W, 70, 2475 MHz
2026/09/23 05:49:17.462, 0, 90 %, 76 %, 3197 MiB, 49140 MiB, 280.95 W, 300.00 W, 72, 2370 MHz
2026/09/23 05:49:18.463, 0, 88 %, 73 %, 3197 MiB, 49140 MiB, 279.07 W, 300.00 W, 72, 2325 MHz
2026/09/23 05:49:19.463, 0, 89 %, 73 %, 3197 MiB, 49140 MiB, 280.15 W, 300.00 W, 72, 2325 MHz
2026/09/23 05:49:20.465, 0, 88 %, 75 %, 3197 MiB, 49140 MiB, 277.85 W, 300.00 W, 72, 2355 MHz
2026/09/23 05:49:21.466, 0, 86 %, 73 %, 3197 MiB, 49140 MiB, 275.85 W, 300.00 W, 72, 2505 MHz
2026/09/23 05:49:22.466, 0, 66 %, 38 %, 3197 MiB, 49140 MiB, 185.17 W, 300.00 W, 66, 2745 MHz
2026/09/23 05:49:23.467, 0, 10 %, 8 %, 3197 MiB, 49140 MiB, 191.87 W, 300.00 W, 70, 2535 MHz
2026/09/23 05:49:24.468, 0, 83 %, 70 %, 3197 MiB, 49140 MiB, 279.68 W, 300.00 W, 71, 2490 MHz
2026/09/23 05:49:25.468, 0, 85 %, 70 %, 3197 MiB, 49140 MiB, 277.59 W, 300.00 W, 72, 2370 MHz
2026/09/23 05:49:26.469, 0, 90 %, 73 %, 3197 MiB, 49140 MiB, 276.72 W, 300.00 W, 72, 2475 MHz
2026/09/23 05:49:27.470, 0, 86 %, 73 %, 3197 MiB, 49140 MiB, 278.89 W, 300.00 W, 71, 2505 MHz
2026/09/23 05:49:28.470, 0, 84 %, 68 %, 3197 MiB, 49140 MiB, 279.25 W, 300.00 W, 72, 2310 MHz
2026/09/23 05:49:29.471, 0, 89 %, 73 %, 3197 MiB, 49140 MiB, 281.36 W, 300.00 W, 71, 2385 MHz
2026/09/23 05:49:30.472, 0, 93 %, 77 %, 3197 MiB, 49140 MiB, 279.20 W, 300.00 W, 72, 2370 MHz
2026/09/23 05:49:31.472, 0, 85 %, 70 %, 3197 MiB, 49140 MiB, 278.11 W, 300.00 W, 71, 2535 MHz
2026/09/23 05:49:32.474, 0, 91 %, 76 %, 3197 MiB, 49140 MiB, 281.33 W, 300.00 W, 72, 2430 MHz
2026/09/23 05:49:33.475, 0, 91 %, 73 %, 3197 MiB, 49140 MiB, 272.67 W, 300.00 W, 72, 2640 MHz
2026/09/23 05:49:34.475, 0, 51 %, 30 %, 3197 MiB, 49140 MiB, 162.42 W, 300.00 W, 66, 2745 MHz
2026/09/23 05:49:35.476, 0, 90 %, 74 %, 3197 MiB, 49140 MiB, 222.16 W, 300.00 W, 70, 2475 MHz
2026/09/23 05:49:36.477, 0, 93 %, 77 %, 3197 MiB, 49140 MiB, 281.37 W, 300.00 W, 71, 2370 MHz
2026/09/23 05:49:37.477, 0, 80 %, 69 %, 3197 MiB, 49140 MiB, 277.90 W, 300.00 W, 71, 2490 MHz
2026/09/23 05:49:38.478, 0, 88 %, 74 %, 3197 MiB, 49140 MiB, 279.24 W, 300.00 W, 72, 2325 MHz
2026/09/23 05:49:39.479, 0, 86 %, 71 %, 3197 MiB, 49140 MiB, 279.96 W, 300.00 W, 71, 2445 MHz
2026/09/23 05:49:40.480, 0, 85 %, 71 %, 3197 MiB, 49140 MiB, 277.65 W, 300.00 W, 71, 2205 MHz
2026/09/23 05:49:41.481, 0, 90 %, 75 %, 3197 MiB, 49140 MiB, 277.25 W, 300.00 W, 71, 2460 MHz
2026/09/23 05:49:42.482, 0, 87 %, 72 %, 3197 MiB, 49140 MiB, 279.13 W, 300.00 W, 72, 2400 MHz
2026/09/23 05:49:43.483, 0, 86 %, 72 %, 3197 MiB, 49140 MiB, 279.18 W, 300.00 W, 72, 2475 MHz
2026/09/23 05:49:44.484, 0, 90 %, 74 %, 3197 MiB, 49140 MiB, 279.48 W, 300.00 W, 71, 2100 MHz
2026/09/23 05:49:45.485, 0, 91 %, 76 %, 3197 MiB, 49140 MiB, 269.11 W, 300.00 W, 72, 2595 MHz
2026/09/23 05:49:46.485, 0, 0 %, 0 %, 3197 MiB, 49140 MiB, 125.22 W, 300.00 W, 66, 2745 MHz
2026/09/23 05:49:47.486, 0, 90 %, 73 %, 3197 MiB, 49140 MiB, 256.58 W, 300.00 W, 70, 2460 MHz
2026/09/23 05:49:48.487, 0, 84 %, 71 %, 3197 MiB, 49140 MiB, 279.73 W, 300.00 W, 70, 2565 MHz
2026/09/23 05:49:49.488, 0, 93 %, 76 %, 3197 MiB, 49140 MiB, 279.89 W, 300.00 W, 71, 2385 MHz
2026/09/23 05:49:50.489, 0, 86 %, 71 %, 3197 MiB, 49140 MiB, 281.23 W, 300.00 W, 71, 2430 MHz
2026/09/23 05:49:51.490, 0, 90 %, 74 %, 3197 MiB, 49140 MiB, 281.05 W, 300.00 W, 72, 2415 MHz
2026/09/23 05:49:52.490, 0, 88 %, 72 %, 3197 MiB, 49140 MiB, 277.66 W, 300.00 W, 72, 2445 MHz
2026/09/23 05:49:53.493, 0, 89 %, 74 %, 3197 MiB, 49140 MiB, 279.60 W, 300.00 W, 71, 2385 MHz
2026/09/23 05:49:54.493, 0, 91 %, 74 %, 3197 MiB, 49140 MiB, 278.23 W, 300.00 W, 72, 2415 MHz
2026/09/23 05:49:55.495, 0, 87 %, 70 %, 3197 MiB, 49140 MiB, 276.95 W, 300.00 W, 72, 2505 MHz
2026/09/23 05:49:56.496, 0, 85 %, 71 %, 3197 MiB, 49140 MiB, 278.40 W, 300.00 W, 71, 2460 MHz
2026/09/23 05:49:57.497, 0, 75 %, 56 %, 3197 MiB, 49140 MiB, 268.47 W, 300.00 W, 72, 2595 MHz
2026/09/23 05:49:58.497, 0, 0 %, 0 %, 3197 MiB, 49140 MiB, 119.50 W, 300.00 W, 68, 2190 MHz
2026/09/23 05:49:59.498, 0, 86 %, 70 %, 3197 MiB, 49140 MiB, 275.52 W, 300.00 W, 70, 2160 MHz
2026/09/23 05:50:00.500, 0, 83 %, 68 %, 3197 MiB, 49140 MiB, 272.01 W, 300.00 W, 70, 2535 MHz
2026/09/23 05:50:01.501, 0, 87 %, 72 %, 3197 MiB, 49140 MiB, 276.40 W, 300.00 W, 72, 2475 MHz
2026/09/23 05:50:02.502, 0, 84 %, 70 %, 3197 MiB, 49140 MiB, 275.08 W, 300.00 W, 72, 2460 MHz
2026/09/23 05:50:03.503, 0, 91 %, 76 %, 3197 MiB, 49140 MiB, 275.09 W, 300.00 W, 71, 2475 MHz
2026/09/23 05:50:04.504, 0, 87 %, 71 %, 3197 MiB, 49140 MiB, 274.92 W, 300.00 W, 71, 2520 MHz
2026/09/23 05:50:05.506, 0, 89 %, 75 %, 3197 MiB, 49140 MiB, 276.83 W, 300.00 W, 72, 2415 MHz
2026/09/23 05:50:06.506, 0, 85 %, 70 %, 3197 MiB, 49140 MiB, 275.81 W, 300.00 W, 72, 2400 MHz
2026/09/23 05:50:07.507, 0, 83 %, 71 %, 3197 MiB, 49140 MiB, 277.33 W, 300.00 W, 71, 2370 MHz
2026/09/23 05:50:08.508, 0, 89 %, 75 %, 3197 MiB, 49140 MiB, 278.50 W, 300.00 W, 72, 2415 MHz
2026/09/23 05:50:09.509, 0, 55 %, 32 %, 3197 MiB, 49140 MiB, 244.41 W, 300.00 W, 68, 2730 MHz
2026/09/23 05:50:10.509, 0, 0 %, 0 %, 3197 MiB, 49140 MiB, 120.69 W, 300.00 W, 69, 2520 MHz
2026/09/23 05:50:11.510, 0, 82 %, 67 %, 3197 MiB, 49140 MiB, 272.84 W, 300.00 W, 71, 2430 MHz
2026/09/23 05:50:12.511, 0, 84 %, 70 %, 3197 MiB, 49140 MiB, 275.83 W, 300.00 W, 70, 2460 MHz
2026/09/23 05:50:13.512, 0, 85 %, 72 %, 3197 MiB, 49140 MiB, 276.89 W, 300.00 W, 71, 2370 MHz
2026/09/23 05:50:14.512, 0, 89 %, 73 %, 3197 MiB, 49140 MiB, 275.08 W, 300.00 W, 71, 2370 MHz
2026/09/23 05:50:15.513, 0, 92 %, 76 %, 3197 MiB, 49140 MiB, 276.46 W, 300.00 W, 72, 2415 MHz
2026/09/23 05:50:16.514, 0, 86 %, 72 %, 3197 MiB, 49140 MiB, 273.90 W, 300.00 W, 71, 2460 MHz
2026/09/23 05:50:17.515, 0, 93 %, 77 %, 3197 MiB, 49140 MiB, 276.37 W, 300.00 W, 72, 2370 MHz
2026/09/23 05:50:18.515, 0, 91 %, 74 %, 3197 MiB, 49140 MiB, 279.43 W, 300.00 W, 71, 2400 MHz
2026/09/23 05:50:19.516, 0, 89 %, 73 %, 3197 MiB, 49140 MiB, 274.02 W, 300.00 W, 71, 2445 MHz
2026/09/23 05:50:20.516, 0, 78 %, 64 %, 3197 MiB, 49140 MiB, 271.18 W, 300.00 W, 71, 2370 MHz
2026/09/23 05:50:21.517, 0, 62 %, 36 %, 3197 MiB, 49140 MiB, 247.25 W, 300.00 W, 68, 2730 MHz
2026/09/23 05:50:22.518, 0, 0 %, 0 %, 3197 MiB, 49140 MiB, 129.99 W, 300.00 W, 69, 2490 MHz
2026/09/23 05:50:23.518, 0, 89 %, 74 %, 3197 MiB, 49140 MiB, 273.75 W, 300.00 W, 69, 2310 MHz
2026/09/23 05:50:24.519, 0, 93 %, 77 %, 3197 MiB, 49140 MiB, 276.98 W, 300.00 W, 71, 2580 MHz
2026/09/23 05:50:25.520, 0, 76 %, 63 %, 3197 MiB, 49140 MiB, 280.57 W, 300.00 W, 72, 2400 MHz
2026/09/23 05:50:26.521, 0, 85 %, 70 %, 3197 MiB, 49140 MiB, 275.70 W, 300.00 W, 70, 2520 MHz
2026/09/23 05:50:27.521, 0, 86 %, 70 %, 3197 MiB, 49140 MiB, 278.49 W, 300.00 W, 71, 2565 MHz
2026/09/23 05:50:28.522, 0, 82 %, 68 %, 3197 MiB, 49140 MiB, 278.90 W, 300.00 W, 72, 2400 MHz
2026/09/23 05:50:29.523, 0, 90 %, 74 %, 3197 MiB, 49140 MiB, 279.39 W, 300.00 W, 72, 2460 MHz
2026/09/23 05:50:30.524, 0, 85 %, 72 %, 3197 MiB, 49140 MiB, 278.93 W, 300.00 W, 71, 2520 MHz
2026/09/23 05:50:31.526, 0, 90 %, 74 %, 3197 MiB, 49140 MiB, 275.32 W, 300.00 W, 71, 2535 MHz
2026/09/23 05:50:32.527, 0, 92 %, 75 %, 3197 MiB, 49140 MiB, 280.00 W, 300.00 W, 71, 2295 MHz
2026/09/23 05:50:33.528, 0, 55 %, 32 %, 3197 MiB, 49140 MiB, 230.87 W, 300.00 W, 67, 2745 MHz
2026/09/23 05:50:34.528, 0, 0 %, 0 %, 3197 MiB, 49140 MiB, 141.85 W, 300.00 W, 70, 2295 MHz
2026/09/23 05:50:35.529, 0, 85 %, 70 %, 3197 MiB, 49140 MiB, 273.02 W, 300.00 W, 70, 2310 MHz
2026/09/23 05:50:36.530, 0, 91 %, 74 %, 3197 MiB, 49140 MiB, 275.40 W, 300.00 W, 71, 2325 MHz
2026/09/23 05:50:37.531, 0, 91 %, 75 %, 3197 MiB, 49140 MiB, 276.54 W, 300.00 W, 71, 2490 MHz
2026/09/23 05:50:38.531, 0, 83 %, 70 %, 3197 MiB, 49140 MiB, 272.67 W, 300.00 W, 72, 2265 MHz
2026/09/23 05:50:39.532, 0, 87 %, 72 %, 3197 MiB, 49140 MiB, 272.13 W, 300.00 W, 71, 2460 MHz
2026/09/23 05:50:40.532, 0, 91 %, 75 %, 3197 MiB, 49140 MiB, 273.77 W, 300.00 W, 71, 2430 MHz
2026/09/23 05:50:41.533, 0, 86 %, 70 %, 3197 MiB, 49140 MiB, 276.14 W, 300.00 W, 71, 2310 MHz
2026/09/23 05:50:42.534, 0, 88 %, 73 %, 3197 MiB, 49140 MiB, 273.28 W, 300.00 W, 71, 2445 MHz
2026/09/23 05:50:43.535, 0, 87 %, 71 %, 3197 MiB, 49140 MiB, 272.98 W, 300.00 W, 71, 2370 MHz
2026/09/23 05:50:44.536, 0, 83 %, 69 %, 3197 MiB, 49140 MiB, 273.68 W, 300.00 W, 72, 2400 MHz
2026/09/23 05:50:45.537, 0, 60 %, 35 %, 3197 MiB, 49140 MiB, 208.75 W, 300.00 W, 66, 2745 MHz
2026/09/23 05:50:46.537, 0, 0 %, 0 %, 3197 MiB, 49140 MiB, 165.42 W, 300.00 W, 70, 2430 MHz
2026/09/23 05:50:47.538, 0, 93 %, 77 %, 3197 MiB, 49140 MiB, 278.12 W, 300.00 W, 71, 2385 MHz
2026/09/23 05:50:48.539, 0, 85 %, 70 %, 3197 MiB, 49140 MiB, 278.26 W, 300.00 W, 70, 2490 MHz
2026/09/23 05:50:49.541, 0, 89 %, 73 %, 3197 MiB, 49140 MiB, 277.30 W, 300.00 W, 70, 2520 MHz
2026/09/23 05:50:50.542, 0, 83 %, 69 %, 3197 MiB, 49140 MiB, 277.81 W, 300.00 W, 71, 2460 MHz
2026/09/23 05:50:51.543, 0, 89 %, 74 %, 3197 MiB, 49140 MiB, 279.88 W, 300.00 W, 71, 2400 MHz
2026/09/23 05:50:52.544, 0, 87 %, 72 %, 3197 MiB, 49140 MiB, 282.14 W, 300.00 W, 71, 2460 MHz
2026/09/23 05:50:53.545, 0, 92 %, 76 %, 3197 MiB, 49140 MiB, 280.01 W, 300.00 W, 71, 2490 MHz
2026/09/23 05:50:54.546, 0, 94 %, 75 %, 3197 MiB, 49140 MiB, 278.02 W, 300.00 W, 71, 2445 MHz
2026/09/23 05:50:55.546, 0, 91 %, 75 %, 3197 MiB, 49140 MiB, 278.73 W, 300.00 W, 72, 2385 MHz
2026/09/23 05:50:56.547, 0, 86 %, 72 %, 3197 MiB, 49140 MiB, 277.21 W, 300.00 W, 71, 2670 MHz
2026/09/23 05:50:57.547, 0, 51 %, 30 %, 3197 MiB, 49140 MiB, 179.43 W, 300.00 W, 66, 2745 MHz
2026/09/23 05:50:58.548, 0, 91 %, 75 %, 3197 MiB, 49140 MiB, 201.01 W, 300.00 W, 72, 2430 MHz
2026/09/23 05:50:59.548, 0, 89 %, 74 %, 3197 MiB, 49140 MiB, 279.49 W, 300.00 W, 70, 2520 MHz
2026/09/23 05:51:00.549, 0, 87 %, 71 %, 3197 MiB, 49140 MiB, 280.71 W, 300.00 W, 71, 2490 MHz
2026/09/23 05:51:01.550, 0, 92 %, 76 %, 3197 MiB, 49140 MiB, 279.01 W, 300.00 W, 72, 2490 MHz
2026/09/23 05:51:02.551, 0, 88 %, 72 %, 3197 MiB, 49140 MiB, 277.76 W, 300.00 W, 71, 2415 MHz
2026/09/23 05:51:03.552, 0, 84 %, 68 %, 3197 MiB, 49140 MiB, 278.24 W, 300.00 W, 71, 2175 MHz
2026/09/23 05:51:04.552, 0, 80 %, 68 %, 3197 MiB, 49140 MiB, 275.36 W, 300.00 W, 70, 2625 MHz
2026/09/23 05:51:05.553, 0, 91 %, 75 %, 3197 MiB, 49140 MiB, 277.02 W, 300.00 W, 73, 2535 MHz
2026/09/23 05:51:06.554, 0, 87 %, 72 %, 3197 MiB, 49140 MiB, 279.56 W, 300.00 W, 71, 2445 MHz
2026/09/23 05:51:07.555, 0, 93 %, 76 %, 3197 MiB, 49140 MiB, 279.06 W, 300.00 W, 71, 2475 MHz
2026/09/23 05:51:08.555, 0, 89 %, 75 %, 3197 MiB, 49140 MiB, 275.74 W, 300.00 W, 72, 2520 MHz
2026/09/23 05:51:09.556, 0, 0 %, 0 %, 3197 MiB, 49140 MiB, 160.61 W, 300.00 W, 66, 2745 MHz
2026/09/23 05:51:10.557, 0, 89 %, 74 %, 3197 MiB, 49140 MiB, 217.71 W, 300.00 W, 71, 2370 MHz
2026/09/23 05:51:11.557, 0, 86 %, 71 %, 3197 MiB, 49140 MiB, 277.15 W, 300.00 W, 70, 2460 MHz
2026/09/23 05:51:12.559, 0, 83 %, 67 %, 3197 MiB, 49140 MiB, 279.44 W, 300.00 W, 70, 2370 MHz
2026/09/23 05:51:13.559, 0, 85 %, 71 %, 3197 MiB, 49140 MiB, 278.42 W, 300.00 W, 71, 2400 MHz
2026/09/23 05:51:14.560, 0, 82 %, 67 %, 3197 MiB, 49140 MiB, 280.03 W, 300.00 W, 72, 2460 MHz
2026/09/23 05:51:15.561, 0, 87 %, 73 %, 3197 MiB, 49140 MiB, 276.63 W, 300.00 W, 71, 2550 MHz
2026/09/23 05:51:16.562, 0, 87 %, 71 %, 3197 MiB, 49140 MiB, 280.23 W, 300.00 W, 72, 2415 MHz
2026/09/23 05:51:17.563, 0, 90 %, 72 %, 3197 MiB, 49140 MiB, 277.25 W, 300.00 W, 71, 2400 MHz
2026/09/23 05:51:18.563, 0, 83 %, 69 %, 3197 MiB, 49140 MiB, 278.99 W, 300.00 W, 70, 2370 MHz
2026/09/23 05:51:19.564, 0, 84 %, 71 %, 3197 MiB, 49140 MiB, 278.78 W, 300.00 W, 71, 2295 MHz
2026/09/23 05:51:20.565, 0, 85 %, 71 %, 3197 MiB, 49140 MiB, 274.23 W, 300.00 W, 72, 2685 MHz
2026/09/23 05:51:21.566, 0, 0 %, 0 %, 3197 MiB, 49140 MiB, 141.56 W, 300.00 W, 66, 2745 MHz
2026/09/23 05:51:22.567, 0, 83 %, 69 %, 3197 MiB, 49140 MiB, 241.44 W, 300.00 W, 70, 2370 MHz
2026/09/23 05:51:23.569, 0, 85 %, 72 %, 3197 MiB, 49140 MiB, 280.11 W, 300.00 W, 70, 2430 MHz
2026/09/23 05:51:24.570, 0, 85 %, 72 %, 3197 MiB, 49140 MiB, 276.95 W, 300.00 W, 71, 2400 MHz
2026/09/23 05:51:25.570, 0, 83 %, 70 %, 3197 MiB, 49140 MiB, 277.48 W, 300.00 W, 70, 2415 MHz
2026/09/23 05:51:26.571, 0, 83 %, 68 %, 3197 MiB, 49140 MiB, 277.77 W, 300.00 W, 71, 2475 MHz
2026/09/23 05:51:27.572, 0, 90 %, 74 %, 3197 MiB, 49140 MiB, 277.46 W, 300.00 W, 72, 2370 MHz
2026/09/23 05:51:28.573, 0, 88 %, 72 %, 3197 MiB, 49140 MiB, 280.19 W, 300.00 W, 72, 2445 MHz
2026/09/23 05:51:29.573, 0, 89 %, 74 %, 3197 MiB, 49140 MiB, 281.46 W, 300.00 W, 71, 2430 MHz
2026/09/23 05:51:30.575, 0, 89 %, 73 %, 3197 MiB, 49140 MiB, 280.56 W, 300.00 W, 72, 2400 MHz
2026/09/23 05:51:31.576, 0, 84 %, 70 %, 3197 MiB, 49140 MiB, 279.03 W, 300.00 W, 70, 2310 MHz
2026/09/23 05:51:32.577, 0, 89 %, 74 %, 3197 MiB, 49140 MiB, 271.09 W, 300.00 W, 72, 2700 MHz
2026/09/23 05:51:33.577, 0, 0 %, 0 %, 3197 MiB, 49140 MiB, 119.59 W, 300.00 W, 65, 2745 MHz
2026/09/23 05:51:34.578, 0, 87 %, 72 %, 3197 MiB, 49140 MiB, 216.51 W, 300.00 W, 70, 2415 MHz
2026/09/23 05:51:35.578, 0, 89 %, 73 %, 3197 MiB, 49140 MiB, 276.96 W, 300.00 W, 72, 2355 MHz
2026/09/23 05:51:36.579, 0, 93 %, 77 %, 3197 MiB, 49140 MiB, 272.50 W, 300.00 W, 70, 2490 MHz
2026/09/23 05:51:37.580, 0, 83 %, 69 %, 3197 MiB, 49140 MiB, 274.70 W, 300.00 W, 71, 2340 MHz
2026/09/23 05:51:38.580, 0, 87 %, 72 %, 3197 MiB, 49140 MiB, 278.98 W, 300.00 W, 70, 2430 MHz
2026/09/23 05:51:39.583, 0, 84 %, 70 %, 3197 MiB, 49140 MiB, 275.83 W, 300.00 W, 71, 2445 MHz
2026/09/23 05:51:40.583, 0, 91 %, 74 %, 3197 MiB, 49140 MiB, 277.66 W, 300.00 W, 72, 2340 MHz
2026/09/23 05:51:41.585, 0, 84 %, 70 %, 3197 MiB, 49140 MiB, 278.32 W, 300.00 W, 72, 2415 MHz
2026/09/23 05:51:42.586, 0, 92 %, 77 %, 3197 MiB, 49140 MiB, 277.20 W, 300.00 W, 71, 2400 MHz
2026/09/23 05:51:43.587, 0, 89 %, 73 %, 3197 MiB, 49140 MiB, 276.54 W, 300.00 W, 72, 2415 MHz
2026/09/23 05:51:44.588, 0, 90 %, 74 %, 3197 MiB, 49140 MiB, 266.75 W, 300.00 W, 71, 2625 MHz
2026/09/23 05:51:45.589, 0, 0 %, 0 %, 3197 MiB, 49140 MiB, 131.58 W, 300.00 W, 65, 2745 MHz
2026/09/23 05:51:46.590, 0, 88 %, 73 %, 3197 MiB, 49140 MiB, 246.65 W, 300.00 W, 70, 2520 MHz
2026/09/23 05:51:47.591, 0, 83 %, 69 %, 3197 MiB, 49140 MiB, 280.01 W, 300.00 W, 70, 2580 MHz
2026/09/23 05:51:48.592, 0, 85 %, 71 %, 3197 MiB, 49140 MiB, 278.20 W, 300.00 W, 71, 2415 MHz
2026/09/23 05:51:49.593, 0, 91 %, 76 %, 3197 MiB, 49140 MiB, 280.11 W, 300.00 W, 70, 2475 MHz
2026/09/23 05:51:50.594, 0, 87 %, 72 %, 3197 MiB, 49140 MiB, 279.45 W, 300.00 W, 71, 2445 MHz
2026/09/23 05:51:51.594, 0, 90 %, 76 %, 3197 MiB, 49140 MiB, 278.75 W, 300.00 W, 71, 2400 MHz
2026/09/23 05:51:52.595, 0, 85 %, 70 %, 3197 MiB, 49140 MiB, 278.04 W, 300.00 W, 70, 2475 MHz
2026/09/23 05:51:53.598, 0, 89 %, 75 %, 3197 MiB, 49140 MiB, 279.29 W, 300.00 W, 72, 2460 MHz
2026/09/23 05:51:54.599, 0, 91 %, 76 %, 3197 MiB, 49140 MiB, 280.11 W, 300.00 W, 70, 2445 MHz
2026/09/23 05:51:55.600, 0, 89 %, 72 %, 3197 MiB, 49140 MiB, 280.24 W, 300.00 W, 70, 2490 MHz
2026/09/23 05:51:56.600, 0, 82 %, 65 %, 3197 MiB, 49140 MiB, 271.99 W, 300.00 W, 69, 2685 MHz
2026/09/23 05:51:57.601, 0, 0 %, 0 %, 3197 MiB, 49140 MiB, 121.00 W, 300.00 W, 71, 2505 MHz
2026/09/23 05:51:58.602, 0, 85 %, 71 %, 3197 MiB, 49140 MiB, 277.26 W, 300.00 W, 71, 2460 MHz
2026/09/23 05:51:59.602, 0, 88 %, 74 %, 3197 MiB, 49140 MiB, 280.52 W, 300.00 W, 71, 2190 MHz
2026/09/23 05:52:00.603, 0, 86 %, 72 %, 3197 MiB, 49140 MiB, 275.66 W, 300.00 W, 71, 2415 MHz
2026/09/23 05:52:01.604, 0, 84 %, 68 %, 3197 MiB, 49140 MiB, 276.13 W, 300.00 W, 71, 2475 MHz
2026/09/23 05:52:02.605, 0, 85 %, 71 %, 3197 MiB, 49140 MiB, 274.89 W, 300.00 W, 71, 2490 MHz
2026/09/23 05:52:03.606, 0, 90 %, 74 %, 3197 MiB, 49140 MiB, 276.89 W, 300.00 W, 70, 2550 MHz
2026/09/23 05:52:04.606, 0, 89 %, 72 %, 3197 MiB, 49140 MiB, 275.78 W, 300.00 W, 71, 2445 MHz
2026/09/23 05:52:05.607, 0, 88 %, 72 %, 3197 MiB, 49140 MiB, 277.45 W, 300.00 W, 71, 2520 MHz
2026/09/23 05:52:06.608, 0, 86 %, 71 %, 3197 MiB, 49140 MiB, 276.58 W, 300.00 W, 70, 2445 MHz
2026/09/23 05:52:07.609, 0, 83 %, 68 %, 3197 MiB, 49140 MiB, 278.09 W, 300.00 W, 71, 2430 MHz
2026/09/23 05:52:08.610, 0, 56 %, 33 %, 3197 MiB, 49140 MiB, 237.83 W, 300.00 W, 66, 2745 MHz
2026/09/23 05:52:09.610, 0, 0 %, 0 %, 3197 MiB, 49140 MiB, 132.87 W, 300.00 W, 71, 2460 MHz
2026/09/23 05:52:10.611, 0, 90 %, 72 %, 3197 MiB, 49140 MiB, 278.14 W, 300.00 W, 70, 2460 MHz
2026/09/23 05:52:11.612, 0, 82 %, 70 %, 3197 MiB, 49140 MiB, 277.41 W, 300.00 W, 72, 2340 MHz
2026/09/23 05:52:12.613, 0, 81 %, 67 %, 3197 MiB, 49140 MiB, 276.46 W, 300.00 W, 70, 2520 MHz
2026/09/23 05:52:13.614, 0, 84 %, 71 %, 3197 MiB, 49140 MiB, 276.31 W, 300.00 W, 72, 2280 MHz
2026/09/23 05:52:14.615, 0, 87 %, 72 %, 3197 MiB, 49140 MiB, 277.18 W, 300.00 W, 70, 2535 MHz
2026/09/23 05:52:15.616, 0, 87 %, 72 %, 3197 MiB, 49140 MiB, 278.15 W, 300.00 W, 71, 2265 MHz
2026/09/23 05:52:16.617, 0, 87 %, 72 %, 3197 MiB, 49140 MiB, 277.05 W, 300.00 W, 72, 2475 MHz
2026/09/23 05:52:17.618, 0, 88 %, 72 %, 3197 MiB, 49140 MiB, 276.63 W, 300.00 W, 71, 2505 MHz
2026/09/23 05:52:18.618, 0, 89 %, 75 %, 3197 MiB, 49140 MiB, 275.33 W, 300.00 W, 72, 2445 MHz
2026/09/23 05:52:19.620, 0, 87 %, 71 %, 3197 MiB, 49140 MiB, 281.81 W, 300.00 W, 72, 2415 MHz
2026/09/23 05:52:20.621, 0, 56 %, 33 %, 3197 MiB, 49140 MiB, 245.69 W, 300.00 W, 67, 2745 MHz
2026/09/23 05:52:21.621, 0, 0 %, 0 %, 3197 MiB, 49140 MiB, 131.49 W, 300.00 W, 71, 2370 MHz
2026/09/23 05:52:22.622, 0, 92 %, 74 %, 3197 MiB, 49140 MiB, 276.57 W, 300.00 W, 69, 2415 MHz
2026/09/23 05:52:23.623, 0, 85 %, 71 %, 3197 MiB, 49140 MiB, 275.72 W, 300.00 W, 72, 2445 MHz
2026/09/23 05:52:24.624, 0, 90 %, 75 %, 3197 MiB, 49140 MiB, 278.20 W, 300.00 W, 72, 2505 MHz
2026/09/23 05:52:25.624, 0, 90 %, 74 %, 3197 MiB, 49140 MiB, 275.75 W, 300.00 W, 71, 2490 MHz
2026/09/23 05:52:26.626, 0, 81 %, 68 %, 3197 MiB, 49140 MiB, 274.35 W, 300.00 W, 70, 2325 MHz
2026/09/23 05:52:27.628, 0, 90 %, 73 %, 3197 MiB, 49140 MiB, 274.78 W, 300.00 W, 71, 2415 MHz
2026/09/23 05:52:28.629, 0, 86 %, 71 %, 3197 MiB, 49140 MiB, 275.51 W, 300.00 W, 71, 2325 MHz
2026/09/23 05:52:29.630, 0, 86 %, 71 %, 3197 MiB, 49140 MiB, 275.50 W, 300.00 W, 72, 2535 MHz
2026/09/23 05:52:30.631, 0, 87 %, 72 %, 3197 MiB, 49140 MiB, 272.67 W, 300.00 W, 71, 2355 MHz
2026/09/23 05:52:31.632, 0, 90 %, 72 %, 3197 MiB, 49140 MiB, 276.24 W, 300.00 W, 70, 2460 MHz
2026/09/23 05:52:32.632, 0, 66 %, 39 %, 3197 MiB, 49140 MiB, 230.29 W, 300.00 W, 66, 2745 MHz
2026/09/23 05:52:33.633, 0, 0 %, 0 %, 3197 MiB, 49140 MiB, 145.57 W, 300.00 W, 71, 2445 MHz
2026/09/23 05:52:34.634, 0, 87 %, 72 %, 3197 MiB, 49140 MiB, 273.52 W, 300.00 W, 70, 2460 MHz
2026/09/23 05:52:35.635, 0, 85 %, 72 %, 3197 MiB, 49140 MiB, 275.40 W, 300.00 W, 71, 2475 MHz
2026/09/23 05:52:36.636, 0, 88 %, 74 %, 3197 MiB, 49140 MiB, 277.14 W, 300.00 W, 72, 2475 MHz
2026/09/23 05:52:37.636, 0, 88 %, 74 %, 3197 MiB, 49140 MiB, 276.77 W, 300.00 W, 70, 2370 MHz
2026/09/23 05:52:38.637, 0, 87 %, 73 %, 3197 MiB, 49140 MiB, 277.26 W, 300.00 W, 70, 2535 MHz
2026/09/23 05:52:39.638, 0, 88 %, 75 %, 3197 MiB, 49140 MiB, 274.37 W, 300.00 W, 70, 2535 MHz
2026/09/23 05:52:40.639, 0, 84 %, 70 %, 3197 MiB, 49140 MiB, 273.83 W, 300.00 W, 70, 2535 MHz
2026/09/23 05:52:41.640, 0, 89 %, 73 %, 3197 MiB, 49140 MiB, 274.52 W, 300.00 W, 71, 2505 MHz
2026/09/23 05:52:42.641, 0, 92 %, 76 %, 3197 MiB, 49140 MiB, 276.19 W, 300.00 W, 72, 2415 MHz
2026/09/23 05:52:43.641, 0, 91 %, 74 %, 3197 MiB, 49140 MiB, 275.70 W, 300.00 W, 72, 2430 MHz
2026/09/23 05:52:44.642, 0, 56 %, 33 %, 3197 MiB, 49140 MiB, 212.09 W, 300.00 W, 66, 2745 MHz
2026/09/23 05:52:45.642, 0, 0 %, 0 %, 3197 MiB, 49140 MiB, 158.66 W, 300.00 W, 71, 2535 MHz
2026/09/23 05:52:46.643, 0, 88 %, 73 %, 3197 MiB, 49140 MiB, 276.25 W, 300.00 W, 71, 2460 MHz
2026/09/23 05:52:47.643, 0, 92 %, 77 %, 3197 MiB, 49140 MiB, 276.07 W, 300.00 W, 71, 2310 MHz
2026/09/23 05:52:48.644, 0, 87 %, 73 %, 3197 MiB, 49140 MiB, 273.96 W, 300.00 W, 71, 2520 MHz
2026/09/23 05:52:49.645, 0, 86 %, 71 %, 3197 MiB, 49140 MiB, 276.66 W, 300.00 W, 72, 2400 MHz
2026/09/23 05:52:50.646, 0, 88 %, 73 %, 3197 MiB, 49140 MiB, 277.67 W, 300.00 W, 72, 2415 MHz
2026/09/23 05:52:51.647, 0, 87 %, 73 %, 3197 MiB, 49140 MiB, 276.68 W, 300.00 W, 72, 2550 MHz
2026/09/23 05:52:52.648, 0, 89 %, 74 %, 3197 MiB, 49140 MiB, 277.61 W, 300.00 W, 72, 2355 MHz
2026/09/23 05:52:53.649, 0, 87 %, 72 %, 3197 MiB, 49140 MiB, 276.55 W, 300.00 W, 70, 2100 MHz
2026/09/23 05:52:54.650, 0, 83 %, 68 %, 3197 MiB, 49140 MiB, 274.71 W, 300.00 W, 71, 2385 MHz
2026/09/23 05:52:55.651, 0, 88 %, 73 %, 3197 MiB, 49140 MiB, 273.49 W, 300.00 W, 70, 2625 MHz
2026/09/23 05:52:56.651, 0, 66 %, 38 %, 3197 MiB, 49140 MiB, 187.95 W, 300.00 W, 66, 2745 MHz
2026/09/23 05:52:57.652, 0, 81 %, 67 %, 3197 MiB, 49140 MiB, 185.85 W, 300.00 W, 71, 2445 MHz
2026/09/23 05:52:58.653, 0, 83 %, 69 %, 3197 MiB, 49140 MiB, 271.13 W, 300.00 W, 71, 2460 MHz
2026/09/23 05:52:59.653, 0, 82 %, 67 %, 3197 MiB, 49140 MiB, 277.28 W, 300.00 W, 70, 2430 MHz
2026/09/23 05:53:00.654, 0, 92 %, 74 %, 3197 MiB, 49140 MiB, 275.69 W, 300.00 W, 71, 2235 MHz
2026/09/23 05:53:01.655, 0, 85 %, 71 %, 3197 MiB, 49140 MiB, 274.09 W, 300.00 W, 72, 2535 MHz
2026/09/23 05:53:02.656, 0, 87 %, 72 %, 3197 MiB, 49140 MiB, 276.62 W, 300.00 W, 71, 2475 MHz
2026/09/23 05:53:03.656, 0, 89 %, 73 %, 3197 MiB, 49140 MiB, 277.57 W, 300.00 W, 72, 2430 MHz
2026/09/23 05:53:04.657, 0, 88 %, 72 %, 3197 MiB, 49140 MiB, 276.12 W, 300.00 W, 72, 2430 MHz
2026/09/23 05:53:05.658, 0, 90 %, 74 %, 3197 MiB, 49140 MiB, 276.14 W, 300.00 W, 70, 2445 MHz
2026/09/23 05:53:06.658, 0, 88 %, 73 %, 3197 MiB, 49140 MiB, 277.78 W, 300.00 W, 70, 2445 MHz
2026/09/23 05:53:07.659, 0, 83 %, 69 %, 3197 MiB, 49140 MiB, 273.24 W, 300.00 W, 71, 2700 MHz
2026/09/23 05:53:08.659, 0, 25 %, 14 %, 3197 MiB, 49140 MiB, 167.53 W, 300.00 W, 66, 2730 MHz
2026/09/23 05:53:09.660, 0, 0 %, 0 %, 3197 MiB, 49140 MiB, 131.96 W, 300.00 W, 70, 2475 MHz
2026/09/23 05:53:10.661, 0, 86 %, 71 %, 3197 MiB, 49140 MiB, 275.90 W, 300.00 W, 71, 2520 MHz
2026/09/23 05:53:11.661, 0, 89 %, 72 %, 3197 MiB, 49140 MiB, 277.42 W, 300.00 W, 72, 2535 MHz
2026/09/23 05:53:12.662, 0, 89 %, 74 %, 3197 MiB, 49140 MiB, 276.71 W, 300.00 W, 70, 2490 MHz
2026/09/23 05:53:13.663, 0, 88 %, 73 %, 3197 MiB, 49140 MiB, 276.77 W, 300.00 W, 71, 2430 MHz
2026/09/23 05:53:14.664, 0, 88 %, 73 %, 3197 MiB, 49140 MiB, 279.02 W, 300.00 W, 72, 2250 MHz
2026/09/23 05:53:15.665, 0, 84 %, 69 %, 3197 MiB, 49140 MiB, 278.69 W, 300.00 W, 71, 2325 MHz
2026/09/23 05:53:16.665, 0, 87 %, 72 %, 3197 MiB, 49140 MiB, 277.30 W, 300.00 W, 72, 2490 MHz
2026/09/23 05:53:17.666, 0, 82 %, 68 %, 3197 MiB, 49140 MiB, 279.29 W, 300.00 W, 72, 2235 MHz
2026/09/23 05:53:18.667, 0, 89 %, 73 %, 3197 MiB, 49140 MiB, 279.57 W, 300.00 W, 72, 2460 MHz
2026/09/23 05:53:19.668, 0, 86 %, 72 %, 3197 MiB, 49140 MiB, 280.21 W, 300.00 W, 71, 2460 MHz
2026/09/23 05:53:20.668, 0, 60 %, 35 %, 3197 MiB, 49140 MiB, 234.43 W, 300.00 W, 66, 2640 MHz
2026/09/23 05:53:21.669, 0, 0 %, 0 %, 3197 MiB, 49140 MiB, 141.28 W, 300.00 W, 69, 2475 MHz
2026/09/23 05:53:22.670, 0, 83 %, 71 %, 3197 MiB, 49140 MiB, 270.14 W, 300.00 W, 71, 2400 MHz
2026/09/23 05:53:23.671, 0, 89 %, 72 %, 3197 MiB, 49140 MiB, 273.08 W, 300.00 W, 71, 2430 MHz
2026/09/23 05:53:24.672, 0, 86 %, 71 %, 3197 MiB, 49140 MiB, 276.01 W, 300.00 W, 71, 2430 MHz
2026/09/23 05:53:25.672, 0, 86 %, 72 %, 3197 MiB, 49140 MiB, 278.78 W, 300.00 W, 70, 2475 MHz
2026/09/23 05:53:26.673, 0, 81 %, 67 %, 3197 MiB, 49140 MiB, 276.81 W, 300.00 W, 70, 2520 MHz
2026/09/23 05:53:27.673, 0, 83 %, 69 %, 3197 MiB, 49140 MiB, 273.25 W, 300.00 W, 72, 2205 MHz
2026/09/23 05:53:28.674, 0, 89 %, 74 %, 3197 MiB, 49140 MiB, 275.13 W, 300.00 W, 72, 2265 MHz
2026/09/23 05:53:29.675, 0, 86 %, 70 %, 3197 MiB, 49140 MiB, 273.24 W, 300.00 W, 71, 2385 MHz
2026/09/23 05:53:30.676, 0, 85 %, 71 %, 3197 MiB, 49140 MiB, 276.83 W, 300.00 W, 71, 2535 MHz
2026/09/23 05:53:31.677, 0, 80 %, 65 %, 3197 MiB, 49140 MiB, 271.53 W, 300.00 W, 71, 2520 MHz
2026/09/23 05:53:32.677, 0, 64 %, 38 %, 3197 MiB, 49140 MiB, 203.55 W, 300.00 W, 66, 2745 MHz
2026/09/23 05:53:33.678, 0, 34 %, 27 %, 3197 MiB, 49140 MiB, 175.46 W, 300.00 W, 69, 2505 MHz
2026/09/23 05:53:34.678, 0, 86 %, 70 %, 3197 MiB, 49140 MiB, 275.62 W, 300.00 W, 70, 2445 MHz
2026/09/23 05:53:35.680, 0, 88 %, 73 %, 3197 MiB, 49140 MiB, 274.77 W, 300.00 W, 71, 2505 MHz
2026/09/23 05:53:36.680, 0, 90 %, 74 %, 3197 MiB, 49140 MiB, 274.75 W, 300.00 W, 70, 2535 MHz
2026/09/23 05:53:37.681, 0, 89 %, 72 %, 3197 MiB, 49140 MiB, 275.80 W, 300.00 W, 71, 2415 MHz
2026/09/23 05:53:38.682, 0, 87 %, 74 %, 3197 MiB, 49140 MiB, 277.74 W, 300.00 W, 70, 2160 MHz
2026/09/23 05:53:39.683, 0, 89 %, 74 %, 3197 MiB, 49140 MiB, 274.66 W, 300.00 W, 71, 2505 MHz
2026/09/23 05:53:40.684, 0, 85 %, 72 %, 3197 MiB, 49140 MiB, 275.09 W, 300.00 W, 70, 2490 MHz
2026/09/23 05:53:41.684, 0, 84 %, 71 %, 3197 MiB, 49140 MiB, 279.12 W, 300.00 W, 71, 2475 MHz
2026/09/23 05:53:42.685, 0, 84 %, 69 %, 3197 MiB, 49140 MiB, 278.66 W, 300.00 W, 71, 2535 MHz
2026/09/23 05:53:43.686, 0, 84 %, 71 %, 3197 MiB, 49140 MiB, 272.49 W, 300.00 W, 70, 2595 MHz
2026/09/23 05:53:44.687, 0, 50 %, 29 %, 3197 MiB, 49140 MiB, 177.68 W, 300.00 W, 66, 2745 MHz
2026/09/23 05:53:45.687, 0, 89 %, 74 %, 3197 MiB, 49140 MiB, 207.52 W, 300.00 W, 71, 2445 MHz
2026/09/23 05:53:46.688, 0, 89 %, 74 %, 3197 MiB, 49140 MiB, 279.58 W, 300.00 W, 70, 2520 MHz
2026/09/23 05:53:47.689, 0, 89 %, 73 %, 3197 MiB, 49140 MiB, 277.80 W, 300.00 W, 70, 2415 MHz
2026/09/23 05:53:48.689, 0, 88 %, 70 %, 3197 MiB, 49140 MiB, 278.49 W, 300.00 W, 70, 2565 MHz
2026/09/23 05:53:49.690, 0, 88 %, 74 %, 3197 MiB, 49140 MiB, 278.30 W, 300.00 W, 71, 2460 MHz
2026/09/23 05:53:50.691, 0, 81 %, 67 %, 3197 MiB, 49140 MiB, 278.45 W, 300.00 W, 70, 2535 MHz
2026/09/23 05:53:51.692, 0, 89 %, 72 %, 3197 MiB, 49140 MiB, 279.81 W, 300.00 W, 71, 2445 MHz
2026/09/23 05:53:52.693, 0, 82 %, 69 %, 3197 MiB, 49140 MiB, 278.99 W, 300.00 W, 71, 2475 MHz
2026/09/23 05:53:53.694, 0, 88 %, 70 %, 3197 MiB, 49140 MiB, 276.88 W, 300.00 W, 71, 2490 MHz
2026/09/23 05:53:54.694, 0, 83 %, 70 %, 3197 MiB, 49140 MiB, 278.37 W, 300.00 W, 70, 2490 MHz
2026/09/23 05:53:55.696, 0, 84 %, 69 %, 3197 MiB, 49140 MiB, 275.28 W, 300.00 W, 72, 2535 MHz
2026/09/23 05:53:56.696, 0, 0 %, 0 %, 3197 MiB, 49140 MiB, 156.71 W, 300.00 W, 66, 2745 MHz
2026/09/23 05:53:57.698, 0, 91 %, 76 %, 3197 MiB, 49140 MiB, 237.43 W, 300.00 W, 70, 2550 MHz
2026/09/23 05:53:58.698, 0, 86 %, 72 %, 3197 MiB, 49140 MiB, 285.09 W, 300.00 W, 71, 2535 MHz
2026/09/23 05:53:59.699, 0, 92 %, 75 %, 3197 MiB, 49140 MiB, 284.48 W, 300.00 W, 71, 2430 MHz
2026/09/23 05:54:00.700, 0, 83 %, 69 %, 3197 MiB, 49140 MiB, 282.32 W, 300.00 W, 71, 2505 MHz
2026/09/23 05:54:01.701, 0, 81 %, 69 %, 3197 MiB, 49140 MiB, 284.10 W, 300.00 W, 72, 2400 MHz
2026/09/23 05:54:02.701, 0, 83 %, 70 %, 3197 MiB, 49140 MiB, 283.81 W, 300.00 W, 73, 2430 MHz
2026/09/23 05:54:03.702, 0, 82 %, 67 %, 3197 MiB, 49140 MiB, 281.02 W, 300.00 W, 71, 2550 MHz
2026/09/23 05:54:04.703, 0, 88 %, 73 %, 3197 MiB, 49140 MiB, 282.24 W, 300.00 W, 72, 2370 MHz
2026/09/23 05:54:05.704, 0, 84 %, 68 %, 3197 MiB, 49140 MiB, 285.38 W, 300.00 W, 71, 2460 MHz
2026/09/23 05:54:06.705, 0, 85 %, 72 %, 3197 MiB, 49140 MiB, 285.28 W, 300.00 W, 71, 2505 MHz
2026/09/23 05:54:07.706, 0, 89 %, 73 %, 3197 MiB, 49140 MiB, 278.56 W, 300.00 W, 72, 2685 MHz
2026/09/23 05:54:08.706, 0, 0 %, 0 %, 3197 MiB, 49140 MiB, 136.80 W, 300.00 W, 66, 2745 MHz
2026/09/23 05:54:09.707, 0, 85 %, 72 %, 3197 MiB, 49140 MiB, 255.29 W, 300.00 W, 71, 2520 MHz
2026/09/23 05:54:10.708, 0, 91 %, 75 %, 3197 MiB, 49140 MiB, 281.28 W, 300.00 W, 71, 2460 MHz
2026/09/23 05:54:11.709, 0, 85 %, 71 %, 3197 MiB, 49140 MiB, 281.72 W, 300.00 W, 72, 2385 MHz
2026/09/23 05:54:12.710, 0, 88 %, 74 %, 3197 MiB, 49140 MiB, 279.43 W, 300.00 W, 70, 2430 MHz
2026/09/23 05:54:13.710, 0, 85 %, 70 %, 3197 MiB, 49140 MiB, 278.72 W, 300.00 W, 72, 2370 MHz
2026/09/23 05:54:14.711, 0, 87 %, 73 %, 3197 MiB, 49140 MiB, 278.20 W, 300.00 W, 70, 2370 MHz
2026/09/23 05:54:15.711, 0, 89 %, 72 %, 3197 MiB, 49140 MiB, 279.94 W, 300.00 W, 71, 2310 MHz
2026/09/23 05:54:16.712, 0, 88 %, 74 %, 3197 MiB, 49140 MiB, 278.72 W, 300.00 W, 72, 2445 MHz
2026/09/23 05:54:17.713, 0, 87 %, 69 %, 3197 MiB, 49140 MiB, 278.57 W, 300.00 W, 71, 2505 MHz
2026/09/23 05:54:18.713, 0, 85 %, 69 %, 3197 MiB, 49140 MiB, 278.34 W, 300.00 W, 73, 2385 MHz
2026/09/23 05:54:19.714, 0, 82 %, 57 %, 3197 MiB, 49140 MiB, 264.55 W, 300.00 W, 72, 2715 MHz
2026/09/23 05:54:20.715, 0, 0 %, 0 %, 3197 MiB, 49140 MiB, 132.71 W, 300.00 W, 69, 2400 MHz
2026/09/23 05:54:21.716, 0, 88 %, 73 %, 3197 MiB, 49140 MiB, 279.58 W, 300.00 W, 72, 2355 MHz
2026/09/23 05:54:22.716, 0, 90 %, 76 %, 3197 MiB, 49140 MiB, 279.38 W, 300.00 W, 70, 2115 MHz
2026/09/23 05:54:23.717, 0, 92 %, 75 %, 3197 MiB, 49140 MiB, 278.16 W, 300.00 W, 72, 2490 MHz
2026/09/23 05:54:24.717, 0, 83 %, 71 %, 3197 MiB, 49140 MiB, 276.87 W, 300.00 W, 70, 2370 MHz
2026/09/23 05:54:25.719, 0, 85 %, 69 %, 3197 MiB, 49140 MiB, 276.29 W, 300.00 W, 71, 2550 MHz
2026/09/23 05:54:26.720, 0, 88 %, 75 %, 3197 MiB, 49140 MiB, 275.43 W, 300.00 W, 71, 2535 MHz
2026/09/23 05:54:27.720, 0, 83 %, 68 %, 3197 MiB, 49140 MiB, 278.98 W, 300.00 W, 70, 2490 MHz
2026/09/23 05:54:28.721, 0, 87 %, 73 %, 3197 MiB, 49140 MiB, 279.31 W, 300.00 W, 71, 2370 MHz
2026/09/23 05:54:29.722, 0, 87 %, 70 %, 3197 MiB, 49140 MiB, 278.01 W, 300.00 W, 71, 2370 MHz
2026/09/23 05:54:30.723, 0, 90 %, 73 %, 3197 MiB, 49140 MiB, 278.95 W, 300.00 W, 72, 2370 MHz
2026/09/23 05:54:31.725, 0, 53 %, 31 %, 3197 MiB, 49140 MiB, 246.03 W, 300.00 W, 69, 2730 MHz
2026/09/23 05:54:32.725, 0, 0 %, 0 %, 3197 MiB, 49140 MiB, 134.89 W, 300.00 W, 71, 2460 MHz
2026/09/23 05:54:33.728, 0, 81 %, 67 %, 3197 MiB, 49140 MiB, 275.03 W, 300.00 W, 71, 2460 MHz
2026/09/23 05:54:34.728, 0, 87 %, 69 %, 3197 MiB, 49140 MiB, 279.61 W, 300.00 W, 70, 2490 MHz
2026/09/23 05:54:35.729, 0, 85 %, 69 %, 3197 MiB, 49140 MiB, 277.65 W, 300.00 W, 71, 2550 MHz
2026/09/23 05:54:36.730, 0, 84 %, 72 %, 3197 MiB, 49140 MiB, 280.36 W, 300.00 W, 72, 2445 MHz
2026/09/23 05:54:37.732, 0, 88 %, 73 %, 3197 MiB, 49140 MiB, 277.57 W, 300.00 W, 71, 2535 MHz
2026/09/23 05:54:38.732, 0, 85 %, 71 %, 3197 MiB, 49140 MiB, 278.18 W, 300.00 W, 72, 2520 MHz
2026/09/23 05:54:39.734, 0, 87 %, 74 %, 3197 MiB, 49140 MiB, 279.91 W, 300.00 W, 71, 2460 MHz
2026/09/23 05:54:40.735, 0, 85 %, 70 %, 3197 MiB, 49140 MiB, 277.55 W, 300.00 W, 71, 2535 MHz
2026/09/23 05:54:41.735, 0, 90 %, 75 %, 3197 MiB, 49140 MiB, 279.28 W, 300.00 W, 72, 2445 MHz
2026/09/23 05:54:42.736, 0, 87 %, 72 %, 3197 MiB, 49140 MiB, 278.55 W, 300.00 W, 72, 2250 MHz
2026/09/23 05:54:43.737, 0, 60 %, 35 %, 3197 MiB, 49140 MiB, 236.31 W, 300.00 W, 67, 2730 MHz
2026/09/23 05:54:44.737, 0, 0 %, 0 %, 3197 MiB, 49140 MiB, 144.24 W, 300.00 W, 71, 2475 MHz
2026/09/23 05:54:45.738, 0, 83 %, 69 %, 3197 MiB, 49140 MiB, 280.70 W, 300.00 W, 72, 2430 MHz
2026/09/23 05:54:46.739, 0, 88 %, 73 %, 3197 MiB, 49140 MiB, 282.25 W, 300.00 W, 70, 2280 MHz
2026/09/23 05:54:47.739, 0, 88 %, 73 %, 3197 MiB, 49140 MiB, 281.92 W, 300.00 W, 70, 2340 MHz
2026/09/23 05:54:48.740, 0, 89 %, 76 %, 3197 MiB, 49140 MiB, 282.28 W, 300.00 W, 72, 2430 MHz
2026/09/23 05:54:49.741, 0, 84 %, 70 %, 3197 MiB, 49140 MiB, 280.00 W, 300.00 W, 72, 2415 MHz
2026/09/23 05:54:50.742, 0, 89 %, 75 %, 3197 MiB, 49140 MiB, 282.76 W, 300.00 W, 72, 2490 MHz
2026/09/23 05:54:51.743, 0, 86 %, 74 %, 3197 MiB, 49140 MiB, 284.09 W, 300.00 W, 72, 2505 MHz
2026/09/23 05:54:52.743, 0, 86 %, 73 %, 3197 MiB, 49140 MiB, 283.26 W, 300.00 W, 71, 2505 MHz
2026/09/23 05:54:53.744, 0, 88 %, 76 %, 3197 MiB, 49140 MiB, 281.85 W, 300.00 W, 71, 2355 MHz
2026/09/23 05:54:54.745, 0, 89 %, 72 %, 3197 MiB, 49140 MiB, 284.12 W, 300.00 W, 72, 2460 MHz
2026/09/23 05:54:55.746, 0, 57 %, 34 %, 3197 MiB, 49140 MiB, 203.61 W, 300.00 W, 66, 2745 MHz
2026/09/23 05:54:56.746, 0, 24 %, 18 %, 3197 MiB, 49140 MiB, 182.12 W, 300.00 W, 70, 2490 MHz
2026/09/23 05:54:57.747, 0, 87 %, 71 %, 3197 MiB, 49140 MiB, 280.86 W, 300.00 W, 70, 2520 MHz
2026/09/23 05:54:58.748, 0, 85 %, 72 %, 3197 MiB, 49140 MiB, 280.83 W, 300.00 W, 71, 2430 MHz
2026/09/23 05:54:59.749, 0, 90 %, 76 %, 3197 MiB, 49140 MiB, 279.76 W, 300.00 W, 72, 2190 MHz
2026/09/23 05:55:00.749, 0, 86 %, 73 %, 3197 MiB, 49140 MiB, 282.69 W, 300.00 W, 70, 2565 MHz
2026/09/23 05:55:01.750, 0, 83 %, 70 %, 3197 MiB, 49140 MiB, 281.02 W, 300.00 W, 71, 2460 MHz
2026/09/23 05:55:02.751, 0, 84 %, 69 %, 3197 MiB, 49140 MiB, 279.52 W, 300.00 W, 71, 2400 MHz
2026/09/23 05:55:03.751, 0, 88 %, 71 %, 3197 MiB, 49140 MiB, 279.96 W, 300.00 W, 71, 2400 MHz
2026/09/23 05:55:04.752, 0, 90 %, 75 %, 3197 MiB, 49140 MiB, 282.10 W, 300.00 W, 71, 2460 MHz
2026/09/23 05:55:05.753, 0, 77 %, 64 %, 3197 MiB, 49140 MiB, 281.83 W, 300.00 W, 72, 2460 MHz
2026/09/23 05:55:06.753, 0, 88 %, 71 %, 3197 MiB, 49140 MiB, 278.89 W, 300.00 W, 71, 2625 MHz
2026/09/23 05:55:07.754, 0, 63 %, 37 %, 3197 MiB, 49140 MiB, 182.28 W, 300.00 W, 66, 2745 MHz
2026/09/23 05:55:08.754, 0, 84 %, 69 %, 3197 MiB, 49140 MiB, 194.54 W, 300.00 W, 70, 2370 MHz
2026/09/23 05:55:09.755, 0, 87 %, 73 %, 3197 MiB, 49140 MiB, 277.09 W, 300.00 W, 72, 2475 MHz
2026/09/23 05:55:10.756, 0, 81 %, 69 %, 3197 MiB, 49140 MiB, 281.28 W, 300.00 W, 72, 2505 MHz
2026/09/23 05:55:11.757, 0, 88 %, 73 %, 3197 MiB, 49140 MiB, 279.45 W, 300.00 W, 72, 2520 MHz
2026/09/23 05:55:12.757, 0, 86 %, 69 %, 3197 MiB, 49140 MiB, 279.02 W, 300.00 W, 71, 2475 MHz
2026/09/23 05:55:13.758, 0, 85 %, 70 %, 3197 MiB, 49140 MiB, 281.77 W, 300.00 W, 73, 2385 MHz
2026/09/23 05:55:14.758, 0, 85 %, 73 %, 3197 MiB, 49140 MiB, 280.23 W, 300.00 W, 72, 2490 MHz
2026/09/23 05:55:15.759, 0, 83 %, 71 %, 3197 MiB, 49140 MiB, 280.93 W, 300.00 W, 72, 2490 MHz
2026/09/23 05:55:16.760, 0, 90 %, 73 %, 3197 MiB, 49140 MiB, 278.06 W, 300.00 W, 72, 2520 MHz
2026/09/23 05:55:17.761, 0, 84 %, 71 %, 3197 MiB, 49140 MiB, 279.58 W, 300.00 W, 71, 2430 MHz
2026/09/23 05:55:18.762, 0, 87 %, 72 %, 3197 MiB, 49140 MiB, 274.79 W, 300.00 W, 71, 2700 MHz
2026/09/23 05:55:19.762, 0, 0 %, 0 %, 3197 MiB, 49140 MiB, 162.88 W, 300.00 W, 66, 2745 MHz
2026/09/23 05:55:20.763, 0, 91 %, 75 %, 3197 MiB, 49140 MiB, 218.94 W, 300.00 W, 71, 2430 MHz
2026/09/23 05:55:21.763, 0, 86 %, 71 %, 3197 MiB, 49140 MiB, 277.89 W, 300.00 W, 70, 2205 MHz
2026/09/23 05:55:22.764, 0, 89 %, 75 %, 3197 MiB, 49140 MiB, 277.05 W, 300.00 W, 71, 2220 MHz
2026/09/23 05:55:23.765, 0, 87 %, 72 %, 3197 MiB, 49140 MiB, 280.34 W, 300.00 W, 71, 2460 MHz
2026/09/23 05:55:24.766, 0, 86 %, 73 %, 3197 MiB, 49140 MiB, 279.05 W, 300.00 W, 72, 2475 MHz
2026/09/23 05:55:25.767, 0, 93 %, 78 %, 3197 MiB, 49140 MiB, 279.96 W, 300.00 W, 71, 2310 MHz
2026/09/23 05:55:26.767, 0, 87 %, 71 %, 3197 MiB, 49140 MiB, 281.17 W, 300.00 W, 71, 2430 MHz
2026/09/23 05:55:27.768, 0, 86 %, 70 %, 3197 MiB, 49140 MiB, 279.25 W, 300.00 W, 73, 2535 MHz
2026/09/23 05:55:28.768, 0, 93 %, 76 %, 3197 MiB, 49140 MiB, 278.05 W, 300.00 W, 71, 2535 MHz
2026/09/23 05:55:29.769, 0, 92 %, 77 %, 3197 MiB, 49140 MiB, 280.07 W, 300.00 W, 72, 2460 MHz
2026/09/23 05:55:30.769, 0, 85 %, 70 %, 3197 MiB, 49140 MiB, 268.09 W, 300.00 W, 71, 2700 MHz
2026/09/23 05:55:31.770, 0, 0 %, 0 %, 3197 MiB, 49140 MiB, 144.73 W, 300.00 W, 66, 2745 MHz
2026/09/23 05:55:32.772, 0, 90 %, 74 %, 3197 MiB, 49140 MiB, 225.07 W, 300.00 W, 71, 2490 MHz
2026/09/23 05:55:33.772, 0, 90 %, 76 %, 3197 MiB, 49140 MiB, 278.56 W, 300.00 W, 71, 2400 MHz
2026/09/23 05:55:34.773, 0, 81 %, 68 %, 3197 MiB, 49140 MiB, 272.80 W, 300.00 W, 71, 2250 MHz
2026/09/23 05:55:35.774, 0, 83 %, 68 %, 3197 MiB, 49140 MiB, 271.93 W, 300.00 W, 71, 2475 MHz
2026/09/23 05:55:36.774, 0, 85 %, 68 %, 3197 MiB, 49140 MiB, 274.88 W, 300.00 W, 71, 2475 MHz
2026/09/23 05:55:37.775, 0, 86 %, 72 %, 3197 MiB, 49140 MiB, 272.56 W, 300.00 W, 71, 2475 MHz
2026/09/23 05:55:38.776, 0, 84 %, 69 %, 3197 MiB, 49140 MiB, 273.58 W, 300.00 W, 72, 2280 MHz
2026/09/23 05:55:39.777, 0, 89 %, 73 %, 3197 MiB, 49140 MiB, 271.76 W, 300.00 W, 71, 2460 MHz
2026/09/23 05:55:40.778, 0, 82 %, 68 %, 3197 MiB, 49140 MiB, 272.00 W, 300.00 W, 71, 2445 MHz
2026/09/23 05:55:41.779, 0, 84 %, 70 %, 3197 MiB, 49140 MiB, 271.95 W, 300.00 W, 72, 2385 MHz
2026/09/23 05:55:42.780, 0, 83 %, 70 %, 3197 MiB, 49140 MiB, 265.84 W, 300.00 W, 71, 2715 MHz
2026/09/23 05:55:43.780, 0, 0 %, 0 %, 3197 MiB, 49140 MiB, 143.66 W, 300.00 W, 65, 2745 MHz
2026/09/23 05:55:44.781, 0, 91 %, 74 %, 3197 MiB, 49140 MiB, 244.29 W, 300.00 W, 72, 2325 MHz
2026/09/23 05:55:45.782, 0, 86 %, 73 %, 3197 MiB, 49140 MiB, 279.69 W, 300.00 W, 72, 2475 MHz
2026/09/23 05:55:46.782, 0, 89 %, 76 %, 3197 MiB, 49140 MiB, 277.24 W, 300.00 W, 72, 2415 MHz
2026/09/23 05:55:47.783, 0, 91 %, 74 %, 3197 MiB, 49140 MiB, 278.23 W, 300.00 W, 71, 2460 MHz
2026/09/23 05:55:48.783, 0, 84 %, 71 %, 3197 MiB, 49140 MiB, 277.70 W, 300.00 W, 70, 2490 MHz
2026/09/23 05:55:49.784, 0, 75 %, 63 %, 3197 MiB, 49140 MiB, 278.40 W, 300.00 W, 72, 2340 MHz
2026/09/23 05:55:50.785, 0, 85 %, 68 %, 3197 MiB, 49140 MiB, 275.02 W, 300.00 W, 71, 2550 MHz
2026/09/23 05:55:51.786, 0, 89 %, 72 %, 3197 MiB, 49140 MiB, 275.52 W, 300.00 W, 70, 2520 MHz
2026/09/23 05:55:52.786, 0, 84 %, 71 %, 3197 MiB, 49140 MiB, 275.38 W, 300.00 W, 71, 2550 MHz
2026/09/23 05:55:53.789, 0, 90 %, 74 %, 3197 MiB, 49140 MiB, 278.72 W, 300.00 W, 72, 2400 MHz
2026/09/23 05:55:54.790, 0, 87 %, 71 %, 3197 MiB, 49140 MiB, 270.10 W, 300.00 W, 73, 2580 MHz
2026/09/23 05:55:55.790, 0, 0 %, 0 %, 3197 MiB, 49140 MiB, 136.83 W, 300.00 W, 66, 2745 MHz
2026/09/23 05:55:56.791, 0, 87 %, 71 %, 3197 MiB, 49140 MiB, 247.77 W, 300.00 W, 71, 2310 MHz
2026/09/23 05:55:57.791, 0, 92 %, 75 %, 3197 MiB, 49140 MiB, 280.95 W, 300.00 W, 70, 2475 MHz
2026/09/23 05:55:58.792, 0, 83 %, 68 %, 3197 MiB, 49140 MiB, 278.76 W, 300.00 W, 70, 2550 MHz
2026/09/23 05:55:59.793, 0, 90 %, 76 %, 3197 MiB, 49140 MiB, 277.25 W, 300.00 W, 71, 2370 MHz
2026/09/23 05:56:00.794, 0, 89 %, 74 %, 3197 MiB, 49140 MiB, 278.35 W, 300.00 W, 71, 2475 MHz
2026/09/23 05:56:01.795, 0, 82 %, 68 %, 3197 MiB, 49140 MiB, 279.09 W, 300.00 W, 71, 2370 MHz
2026/09/23 05:56:02.796, 0, 93 %, 75 %, 3197 MiB, 49140 MiB, 279.84 W, 300.00 W, 72, 2355 MHz
2026/09/23 05:56:03.796, 0, 87 %, 74 %, 3197 MiB, 49140 MiB, 278.51 W, 300.00 W, 71, 2430 MHz
2026/09/23 05:56:04.797, 0, 87 %, 73 %, 3197 MiB, 49140 MiB, 279.72 W, 300.00 W, 71, 2430 MHz
2026/09/23 05:56:05.797, 0, 81 %, 67 %, 3197 MiB, 49140 MiB, 280.77 W, 300.00 W, 71, 2430 MHz
2026/09/23 05:56:06.798, 0, 83 %, 68 %, 3197 MiB, 49140 MiB, 268.74 W, 300.00 W, 72, 2715 MHz
2026/09/23 05:56:07.799, 0, 0 %, 0 %, 3197 MiB, 49140 MiB, 120.61 W, 300.00 W, 69, 2580 MHz
2026/09/23 05:56:08.800, 0, 84 %, 71 %, 3197 MiB, 49140 MiB, 262.76 W, 300.00 W, 71, 2475 MHz
2026/09/23 05:56:09.801, 0, 92 %, 77 %, 3197 MiB, 49140 MiB, 283.39 W, 300.00 W, 71, 2445 MHz
2026/09/23 05:56:10.801, 0, 87 %, 72 %, 3197 MiB, 49140 MiB, 280.81 W, 300.00 W, 70, 2460 MHz
2026/09/23 05:56:11.804, 0, 86 %, 70 %, 3197 MiB, 49140 MiB, 279.36 W, 300.00 W, 72, 2460 MHz
2026/09/23 05:56:12.804, 0, 88 %, 71 %, 3197 MiB, 49140 MiB, 279.45 W, 300.00 W, 71, 2460 MHz
2026/09/23 05:56:13.805, 0, 84 %, 70 %, 3197 MiB, 49140 MiB, 278.57 W, 300.00 W, 71, 2460 MHz
2026/09/23 05:56:14.806, 0, 89 %, 71 %, 3197 MiB, 49140 MiB, 281.54 W, 300.00 W, 72, 2265 MHz
2026/09/23 05:56:15.806, 0, 94 %, 76 %, 3197 MiB, 49140 MiB, 282.06 W, 300.00 W, 72, 2580 MHz
2026/09/23 05:56:16.807, 0, 86 %, 73 %, 3197 MiB, 49140 MiB, 281.26 W, 300.00 W, 72, 2475 MHz
2026/09/23 05:56:17.807, 0, 90 %, 76 %, 3197 MiB, 49140 MiB, 281.55 W, 300.00 W, 72, 2265 MHz
2026/09/23 05:56:18.808, 0, 85 %, 72 %, 3197 MiB, 49140 MiB, 270.42 W, 300.00 W, 71, 2700 MHz
2026/09/23 05:56:19.809, 0, 0 %, 0 %, 3197 MiB, 49140 MiB, 130.74 W, 300.00 W, 69, 2460 MHz
2026/09/23 05:56:20.810, 0, 88 %, 73 %, 3197 MiB, 49140 MiB, 274.61 W, 300.00 W, 71, 2490 MHz
2026/09/23 05:56:21.810, 0, 87 %, 73 %, 3197 MiB, 49140 MiB, 277.41 W, 300.00 W, 71, 2505 MHz
2026/09/23 05:56:22.811, 0, 85 %, 69 %, 3197 MiB, 49140 MiB, 278.05 W, 300.00 W, 70, 2475 MHz
2026/09/23 05:56:23.812, 0, 87 %, 72 %, 3197 MiB, 49140 MiB, 277.06 W, 300.00 W, 72, 2310 MHz
2026/09/23 05:56:24.813, 0, 92 %, 74 %, 3197 MiB, 49140 MiB, 279.15 W, 300.00 W, 72, 2370 MHz
2026/09/23 05:56:25.814, 0, 89 %, 73 %, 3197 MiB, 49140 MiB, 276.82 W, 300.00 W, 72, 2475 MHz
2026/09/23 05:56:26.815, 0, 85 %, 72 %, 3197 MiB, 49140 MiB, 278.24 W, 300.00 W, 72, 2430 MHz
2026/09/23 05:56:27.816, 0, 87 %, 71 %, 3197 MiB, 49140 MiB, 276.95 W, 300.00 W, 71, 2490 MHz
2026/09/23 05:56:28.817, 0, 80 %, 67 %, 3197 MiB, 49140 MiB, 276.76 W, 300.00 W, 72, 2520 MHz
2026/09/23 05:56:29.818, 0, 87 %, 71 %, 3197 MiB, 49140 MiB, 280.98 W, 300.00 W, 73, 2280 MHz
2026/09/23 05:56:30.818, 0, 86 %, 66 %, 3197 MiB, 49140 MiB, 268.36 W, 300.00 W, 72, 2700 MHz
2026/09/23 05:56:31.819, 0, 0 %, 0 %, 3197 MiB, 49140 MiB, 107.34 W, 300.00 W, 65, 2745 MHz
2026/09/23 05:56:32.820, 0, 0 %, 0 %, 3197 MiB, 49140 MiB, 133.43 W, 300.00 W, 70, 2475 MHz
2026/09/23 05:56:33.821, 0, 84 %, 67 %, 3197 MiB, 49140 MiB, 274.05 W, 300.00 W, 71, 2430 MHz
2026/09/23 05:56:34.823, 0, 91 %, 77 %, 3197 MiB, 49140 MiB, 275.30 W, 300.00 W, 70, 2505 MHz
2026/09/23 05:56:35.824, 0, 93 %, 77 %, 3197 MiB, 49140 MiB, 276.51 W, 300.00 W, 70, 2325 MHz
2026/09/23 05:56:36.824, 0, 81 %, 66 %, 3197 MiB, 49140 MiB, 275.78 W, 300.00 W, 71, 2415 MHz
2026/09/23 05:56:37.825, 0, 89 %, 75 %, 3197 MiB, 49140 MiB, 276.26 W, 300.00 W, 71, 2595 MHz
2026/09/23 05:56:38.826, 0, 84 %, 71 %, 3197 MiB, 49140 MiB, 274.37 W, 300.00 W, 71, 2400 MHz
2026/09/23 05:56:39.827, 0, 85 %, 72 %, 3197 MiB, 49140 MiB, 278.40 W, 300.00 W, 70, 2265 MHz
2026/09/23 05:56:40.827, 0, 84 %, 71 %, 3197 MiB, 49140 MiB, 273.30 W, 300.00 W, 72, 2460 MHz
2026/09/23 05:56:41.828, 0, 89 %, 75 %, 3197 MiB, 49140 MiB, 276.52 W, 300.00 W, 72, 2415 MHz
2026/09/23 05:56:42.828, 0, 85 %, 71 %, 3197 MiB, 49140 MiB, 275.61 W, 300.00 W, 71, 2505 MHz
2026/09/23 05:56:43.829, 0, 60 %, 35 %, 3197 MiB, 49140 MiB, 222.46 W, 300.00 W, 66, 2745 MHz
2026/09/23 05:56:44.830, 0, 0 %, 0 %, 3197 MiB, 49140 MiB, 149.80 W, 300.00 W, 71, 2505 MHz
2026/09/23 05:56:45.830, 0, 89 %, 76 %, 3197 MiB, 49140 MiB, 278.01 W, 300.00 W, 71, 2565 MHz
2026/09/23 05:56:46.831, 0, 87 %, 74 %, 3197 MiB, 49140 MiB, 278.43 W, 300.00 W, 71, 2250 MHz
2026/09/23 05:56:47.832, 0, 83 %, 68 %, 3197 MiB, 49140 MiB, 278.30 W, 300.00 W, 72, 2400 MHz
2026/09/23 05:56:48.833, 0, 89 %, 73 %, 3197 MiB, 49140 MiB, 279.52 W, 300.00 W, 71, 2520 MHz
2026/09/23 05:56:49.834, 0, 81 %, 67 %, 3197 MiB, 49140 MiB, 277.99 W, 300.00 W, 70, 2295 MHz
2026/09/23 05:56:50.835, 0, 83 %, 68 %, 3197 MiB, 49140 MiB, 278.24 W, 300.00 W, 71, 2340 MHz
2026/09/23 05:56:51.835, 0, 83 %, 71 %, 3197 MiB, 49140 MiB, 279.83 W, 300.00 W, 72, 2505 MHz
2026/09/23 05:56:52.836, 0, 88 %, 71 %, 3197 MiB, 49140 MiB, 279.17 W, 300.00 W, 72, 2460 MHz
2026/09/23 05:56:53.838, 0, 93 %, 76 %, 3197 MiB, 49140 MiB, 279.15 W, 300.00 W, 72, 2460 MHz
2026/09/23 05:56:54.838, 0, 90 %, 74 %, 3197 MiB, 49140 MiB, 278.01 W, 300.00 W, 71, 2460 MHz
2026/09/23 05:56:55.839, 0, 51 %, 30 %, 3197 MiB, 49140 MiB, 212.88 W, 300.00 W, 66, 2745 MHz
2026/09/23 05:56:56.839, 0, 0 %, 0 %, 3197 MiB, 49140 MiB, 159.18 W, 300.00 W, 70, 2415 MHz
2026/09/23 05:56:57.840, 0, 88 %, 73 %, 3197 MiB, 49140 MiB, 275.66 W, 300.00 W, 71, 2505 MHz
2026/09/23 05:56:58.841, 0, 92 %, 75 %, 3197 MiB, 49140 MiB, 277.19 W, 300.00 W, 71, 2535 MHz
2026/09/23 05:56:59.842, 0, 90 %, 76 %, 3197 MiB, 49140 MiB, 277.26 W, 300.00 W, 71, 2550 MHz
2026/09/23 05:57:00.844, 0, 91 %, 74 %, 3197 MiB, 49140 MiB, 279.70 W, 300.00 W, 72, 2475 MHz
2026/09/23 05:57:01.845, 0, 91 %, 75 %, 3197 MiB, 49140 MiB, 279.11 W, 300.00 W, 71, 2475 MHz
2026/09/23 05:57:02.845, 0, 87 %, 75 %, 3197 MiB, 49140 MiB, 279.13 W, 300.00 W, 71, 2550 MHz
2026/09/23 05:57:03.846, 0, 84 %, 70 %, 3197 MiB, 49140 MiB, 276.61 W, 300.00 W, 71, 2370 MHz
2026/09/23 05:57:04.848, 0, 84 %, 70 %, 3197 MiB, 49140 MiB, 276.48 W, 300.00 W, 72, 2550 MHz
2026/09/23 05:57:05.849, 0, 88 %, 73 %, 3197 MiB, 49140 MiB, 278.62 W, 300.00 W, 70, 2550 MHz
2026/09/23 05:57:06.849, 0, 83 %, 68 %, 3197 MiB, 49140 MiB, 276.97 W, 300.00 W, 71, 2580 MHz
2026/09/23 05:57:07.850, 0, 67 %, 39 %, 3197 MiB, 49140 MiB, 210.84 W, 300.00 W, 66, 2745 MHz
2026/09/23 05:57:08.850, 0, 0 %, 0 %, 3197 MiB, 49140 MiB, 162.39 W, 300.00 W, 70, 2490 MHz
2026/09/23 05:57:09.851, 0, 92 %, 75 %, 3197 MiB, 49140 MiB, 279.54 W, 300.00 W, 70, 2460 MHz
2026/09/23 05:57:10.852, 0, 85 %, 70 %, 3197 MiB, 49140 MiB, 279.48 W, 300.00 W, 71, 2400 MHz
2026/09/23 05:57:11.852, 0, 87 %, 72 %, 3197 MiB, 49140 MiB, 278.46 W, 300.00 W, 71, 2415 MHz
2026/09/23 05:57:12.853, 0, 89 %, 76 %, 3197 MiB, 49140 MiB, 280.43 W, 300.00 W, 72, 2475 MHz
2026/09/23 05:57:13.854, 0, 86 %, 69 %, 3197 MiB, 49140 MiB, 279.64 W, 300.00 W, 72, 2475 MHz
2026/09/23 05:57:14.855, 0, 87 %, 70 %, 3197 MiB, 49140 MiB, 280.22 W, 300.00 W, 72, 2340 MHz
2026/09/23 05:57:15.856, 0, 91 %, 76 %, 3197 MiB, 49140 MiB, 279.59 W, 300.00 W, 72, 2355 MHz
2026/09/23 05:57:16.858, 0, 79 %, 67 %, 3197 MiB, 49140 MiB, 276.81 W, 300.00 W, 72, 2550 MHz
2026/09/23 05:57:17.859, 0, 85 %, 68 %, 3197 MiB, 49140 MiB, 279.01 W, 300.00 W, 71, 2475 MHz
2026/09/23 05:57:18.860, 0, 90 %, 73 %, 3197 MiB, 49140 MiB, 280.36 W, 300.00 W, 72, 2460 MHz
2026/09/23 05:57:19.860, 0, 57 %, 34 %, 3197 MiB, 49140 MiB, 201.20 W, 300.00 W, 66, 2745 MHz
2026/09/23 05:57:20.861, 0, 20 %, 17 %, 3197 MiB, 49140 MiB, 180.29 W, 300.00 W, 70, 2460 MHz
2026/09/23 05:57:21.862, 0, 84 %, 70 %, 3197 MiB, 49140 MiB, 282.31 W, 300.00 W, 72, 2460 MHz
2026/09/23 05:57:22.862, 0, 86 %, 72 %, 3197 MiB, 49140 MiB, 283.15 W, 300.00 W, 71, 2355 MHz
2026/09/23 05:57:23.867, 0, 88 %, 71 %, 3197 MiB, 49140 MiB, 283.58 W, 300.00 W, 72, 2325 MHz
2026/09/23 05:57:24.868, 0, 86 %, 69 %, 3197 MiB, 49140 MiB, 280.30 W, 300.00 W, 71, 2490 MHz
2026/09/23 05:57:25.870, 0, 87 %, 73 %, 3197 MiB, 49140 MiB, 281.24 W, 300.00 W, 71, 2505 MHz
2026/09/23 05:57:26.870, 0, 83 %, 70 %, 3197 MiB, 49140 MiB, 280.89 W, 300.00 W, 72, 2445 MHz
2026/09/23 05:57:27.872, 0, 83 %, 71 %, 3197 MiB, 49140 MiB, 280.38 W, 300.00 W, 71, 2520 MHz
2026/09/23 05:57:28.872, 0, 82 %, 67 %, 3197 MiB, 49140 MiB, 278.56 W, 300.00 W, 71, 2505 MHz
2026/09/23 05:57:29.873, 0, 91 %, 74 %, 3197 MiB, 49140 MiB, 280.52 W, 300.00 W, 72, 2430 MHz
2026/09/23 05:57:30.874, 0, 88 %, 72 %, 3197 MiB, 49140 MiB, 281.48 W, 300.00 W, 71, 2550 MHz
2026/09/23 05:57:31.875, 0, 52 %, 32 %, 3197 MiB, 49140 MiB, 195.56 W, 300.00 W, 66, 2745 MHz
2026/09/23 05:57:32.876, 0, 0 %, 0 %, 3197 MiB, 49140 MiB, 166.88 W, 300.00 W, 71, 2400 MHz
2026/09/23 05:57:33.877, 0, 88 %, 72 %, 3197 MiB, 49140 MiB, 274.85 W, 300.00 W, 70, 2475 MHz
2026/09/23 05:57:34.878, 0, 82 %, 65 %, 3197 MiB, 49140 MiB, 274.66 W, 300.00 W, 71, 2370 MHz
2026/09/23 05:57:35.878, 0, 83 %, 70 %, 3197 MiB, 49140 MiB, 273.99 W, 300.00 W, 72, 2430 MHz
2026/09/23 05:57:36.879, 0, 80 %, 67 %, 3197 MiB, 49140 MiB, 275.36 W, 300.00 W, 70, 2475 MHz
2026/09/23 05:57:37.880, 0, 83 %, 68 %, 3197 MiB, 49140 MiB, 275.84 W, 300.00 W, 71, 2355 MHz
2026/09/23 05:57:38.881, 0, 86 %, 72 %, 3197 MiB, 49140 MiB, 275.98 W, 300.00 W, 70, 2475 MHz
2026/09/23 05:57:39.881, 0, 83 %, 69 %, 3197 MiB, 49140 MiB, 276.65 W, 300.00 W, 71, 2445 MHz
2026/09/23 05:57:40.882, 0, 89 %, 73 %, 3197 MiB, 49140 MiB, 276.05 W, 300.00 W, 71, 2535 MHz
2026/09/23 05:57:41.884, 0, 88 %, 75 %, 3197 MiB, 49140 MiB, 275.06 W, 300.00 W, 71, 2235 MHz
2026/09/23 05:57:42.885, 0, 92 %, 74 %, 3197 MiB, 49140 MiB, 272.15 W, 300.00 W, 70, 2595 MHz
2026/09/23 05:57:43.885, 0, 60 %, 35 %, 3197 MiB, 49140 MiB, 174.39 W, 300.00 W, 66, 2745 MHz
2026/09/23 05:57:44.886, 0, 82 %, 67 %, 3197 MiB, 49140 MiB, 205.54 W, 300.00 W, 70, 2385 MHz
2026/09/23 05:57:45.887, 0, 87 %, 72 %, 3197 MiB, 49140 MiB, 279.28 W, 300.00 W, 72, 2520 MHz
2026/09/23 05:57:46.887, 0, 89 %, 76 %, 3197 MiB, 49140 MiB, 279.48 W, 300.00 W, 72, 2295 MHz
2026/09/23 05:57:47.889, 0, 89 %, 72 %, 3197 MiB, 49140 MiB, 279.85 W, 300.00 W, 72, 2370 MHz
2026/09/23 05:57:48.890, 0, 85 %, 70 %, 3197 MiB, 49140 MiB, 279.32 W, 300.00 W, 72, 2415 MHz
2026/09/23 05:57:49.891, 0, 89 %, 76 %, 3197 MiB, 49140 MiB, 277.53 W, 300.00 W, 71, 2145 MHz
2026/09/23 05:57:50.891, 0, 90 %, 74 %, 3197 MiB, 49140 MiB, 279.20 W, 300.00 W, 71, 2520 MHz
2026/09/23 05:57:51.892, 0, 87 %, 73 %, 3197 MiB, 49140 MiB, 279.85 W, 300.00 W, 71, 2550 MHz
2026/09/23 05:57:52.893, 0, 88 %, 75 %, 3197 MiB, 49140 MiB, 280.19 W, 300.00 W, 72, 2460 MHz
2026/09/23 05:57:53.893, 0, 95 %, 77 %, 3197 MiB, 49140 MiB, 278.93 W, 300.00 W, 72, 2415 MHz
2026/09/23 05:57:54.896, 0, 86 %, 70 %, 3197 MiB, 49140 MiB, 273.62 W, 300.00 W, 72, 2550 MHz
2026/09/23 05:57:55.896, 0, 12 %, 7 %, 3197 MiB, 49140 MiB, 150.93 W, 300.00 W, 66, 2745 MHz
2026/09/23 05:57:56.897, 0, 89 %, 76 %, 3197 MiB, 49140 MiB, 232.61 W, 300.00 W, 71, 2400 MHz
2026/09/23 05:57:57.898, 0, 85 %, 72 %, 3197 MiB, 49140 MiB, 274.61 W, 300.00 W, 70, 2520 MHz
2026/09/23 05:57:58.899, 0, 88 %, 73 %, 3197 MiB, 49140 MiB, 276.68 W, 300.00 W, 70, 2505 MHz
2026/09/23 05:57:59.900, 0, 87 %, 71 %, 3197 MiB, 49140 MiB, 278.48 W, 300.00 W, 71, 2430 MHz
2026/09/23 05:58:00.901, 0, 88 %, 72 %, 3197 MiB, 49140 MiB, 275.34 W, 300.00 W, 70, 2550 MHz
2026/09/23 05:58:01.902, 0, 90 %, 72 %, 3197 MiB, 49140 MiB, 274.88 W, 300.00 W, 72, 2280 MHz
2026/09/23 05:58:02.902, 0, 86 %, 71 %, 3197 MiB, 49140 MiB, 276.64 W, 300.00 W, 71, 2535 MHz
2026/09/23 05:58:03.903, 0, 82 %, 67 %, 3197 MiB, 49140 MiB, 275.08 W, 300.00 W, 71, 2460 MHz
2026/09/23 05:58:04.904, 0, 86 %, 71 %, 3197 MiB, 49140 MiB, 277.68 W, 300.00 W, 71, 2430 MHz
2026/09/23 05:58:05.905, 0, 89 %, 73 %, 3197 MiB, 49140 MiB, 277.25 W, 300.00 W, 71, 2505 MHz
2026/09/23 05:58:06.905, 0, 90 %, 73 %, 3197 MiB, 49140 MiB, 268.51 W, 300.00 W, 71, 2625 MHz
2026/09/23 05:58:07.906, 0, 0 %, 0 %, 3197 MiB, 49140 MiB, 141.78 W, 300.00 W, 66, 2745 MHz
2026/09/23 05:58:08.907, 0, 83 %, 69 %, 3197 MiB, 49140 MiB, 242.43 W, 300.00 W, 72, 2370 MHz
2026/09/23 05:58:09.908, 0, 85 %, 71 %, 3197 MiB, 49140 MiB, 277.27 W, 300.00 W, 70, 2535 MHz
2026/09/23 05:58:10.909, 0, 86 %, 71 %, 3197 MiB, 49140 MiB, 280.07 W, 300.00 W, 72, 2445 MHz
2026/09/23 05:58:11.909, 0, 81 %, 67 %, 3197 MiB, 49140 MiB, 278.10 W, 300.00 W, 72, 2280 MHz
2026/09/23 05:58:12.910, 0, 86 %, 71 %, 3197 MiB, 49140 MiB, 277.89 W, 300.00 W, 71, 2475 MHz
2026/09/23 05:58:13.911, 0, 90 %, 75 %, 3197 MiB, 49140 MiB, 279.94 W, 300.00 W, 72, 2190 MHz
2026/09/23 05:58:14.912, 0, 85 %, 71 %, 3197 MiB, 49140 MiB, 276.23 W, 300.00 W, 72, 2490 MHz
2026/09/23 05:58:15.913, 0, 82 %, 69 %, 3197 MiB, 49140 MiB, 276.52 W, 300.00 W, 71, 2520 MHz
2026/09/23 05:58:16.914, 0, 90 %, 73 %, 3197 MiB, 49140 MiB, 275.36 W, 300.00 W, 72, 2475 MHz
2026/09/23 05:58:17.915, 0, 84 %, 69 %, 3197 MiB, 49140 MiB, 279.56 W, 300.00 W, 71, 2475 MHz
2026/09/23 05:58:18.916, 0, 91 %, 75 %, 3197 MiB, 49140 MiB, 271.68 W, 300.00 W, 72, 2640 MHz
2026/09/23 05:58:19.916, 0, 0 %, 0 %, 3197 MiB, 49140 MiB, 137.39 W, 300.00 W, 66, 2745 MHz
2026/09/23 05:58:20.917, 0, 85 %, 69 %, 3197 MiB, 49140 MiB, 240.57 W, 300.00 W, 70, 2565 MHz
2026/09/23 05:58:21.918, 0, 91 %, 76 %, 3197 MiB, 49140 MiB, 276.45 W, 300.00 W, 71, 2310 MHz
2026/09/23 05:58:22.918, 0, 80 %, 66 %, 3197 MiB, 49140 MiB, 277.73 W, 300.00 W, 72, 2490 MHz
2026/09/23 05:58:23.920, 0, 85 %, 71 %, 3197 MiB, 49140 MiB, 275.68 W, 300.00 W, 71, 2475 MHz
2026/09/23 05:58:24.921, 0, 87 %, 72 %, 3197 MiB, 49140 MiB, 276.96 W, 300.00 W, 71, 2475 MHz
2026/09/23 05:58:25.925, 0, 89 %, 74 %, 3197 MiB, 49140 MiB, 275.70 W, 300.00 W, 71, 2415 MHz
2026/09/23 05:58:26.925, 0, 85 %, 69 %, 3197 MiB, 49140 MiB, 276.21 W, 300.00 W, 72, 2460 MHz
2026/09/23 05:58:27.927, 0, 85 %, 71 %, 3197 MiB, 49140 MiB, 275.61 W, 300.00 W, 72, 2175 MHz
2026/09/23 05:58:28.927, 0, 91 %, 75 %, 3197 MiB, 49140 MiB, 274.31 W, 300.00 W, 71, 2415 MHz
2026/09/23 05:58:29.928, 0, 86 %, 70 %, 3197 MiB, 49140 MiB, 276.60 W, 300.00 W, 70, 2265 MHz
2026/09/23 05:58:30.930, 0, 82 %, 67 %, 3197 MiB, 49140 MiB, 268.63 W, 300.00 W, 72, 2715 MHz
2026/09/23 05:58:31.930, 0, 0 %, 0 %, 3197 MiB, 49140 MiB, 128.99 W, 300.00 W, 65, 2745 MHz
2026/09/23 05:58:32.932, 0, 87 %, 72 %, 3197 MiB, 49140 MiB, 253.42 W, 300.00 W, 70, 2385 MHz
2026/09/23 05:58:33.932, 0, 83 %, 70 %, 3197 MiB, 49140 MiB, 276.24 W, 300.00 W, 71, 2565 MHz
2026/09/23 05:58:34.934, 0, 84 %, 69 %, 3197 MiB, 49140 MiB, 278.67 W, 300.00 W, 72, 2415 MHz
2026/09/23 05:58:35.934, 0, 88 %, 73 %, 3197 MiB, 49140 MiB, 279.54 W, 300.00 W, 72, 2520 MHz
2026/09/23 05:58:36.936, 0, 82 %, 68 %, 3197 MiB, 49140 MiB, 277.98 W, 300.00 W, 71, 2520 MHz
2026/09/23 05:58:37.936, 0, 83 %, 69 %, 3197 MiB, 49140 MiB, 278.86 W, 300.00 W, 71, 2565 MHz
2026/09/23 05:58:38.938, 0, 87 %, 73 %, 3197 MiB, 49140 MiB, 280.63 W, 300.00 W, 71, 2520 MHz
2026/09/23 05:58:39.938, 0, 86 %, 71 %, 3197 MiB, 49140 MiB, 281.34 W, 300.00 W, 72, 2310 MHz
2026/09/23 05:58:40.939, 0, 87 %, 72 %, 3197 MiB, 49140 MiB, 277.44 W, 300.00 W, 70, 2565 MHz
2026/09/23 05:58:41.940, 0, 83 %, 69 %, 3197 MiB, 49140 MiB, 277.92 W, 300.00 W, 72, 2460 MHz
2026/09/23 05:58:42.941, 0, 88 %, 73 %, 3197 MiB, 49140 MiB, 268.47 W, 300.00 W, 72, 2730 MHz
2026/09/23 05:58:43.941, 0, 0 %, 0 %, 3197 MiB, 49140 MiB, 128.73 W, 300.00 W, 67, 2505 MHz
2026/09/23 05:58:44.942, 0, 83 %, 69 %, 3197 MiB, 49140 MiB, 265.63 W, 300.00 W, 71, 2475 MHz
2026/09/23 05:58:45.943, 0, 88 %, 73 %, 3197 MiB, 49140 MiB, 278.11 W, 300.00 W, 71, 2370 MHz
2026/09/23 05:58:46.944, 0, 92 %, 77 %, 3197 MiB, 49140 MiB, 278.09 W, 300.00 W, 72, 2535 MHz
2026/09/23 05:58:47.945, 0, 91 %, 74 %, 3197 MiB, 49140 MiB, 279.38 W, 300.00 W, 71, 2475 MHz
2026/09/23 05:58:48.946, 0, 88 %, 73 %, 3197 MiB, 49140 MiB, 279.36 W, 300.00 W, 71, 2460 MHz
2026/09/23 05:58:49.947, 0, 92 %, 76 %, 3197 MiB, 49140 MiB, 280.48 W, 300.00 W, 72, 2415 MHz
2026/09/23 05:58:50.948, 0, 91 %, 76 %, 3197 MiB, 49140 MiB, 280.61 W, 300.00 W, 72, 2490 MHz
2026/09/23 05:58:51.949, 0, 84 %, 71 %, 3197 MiB, 49140 MiB, 277.78 W, 300.00 W, 72, 2505 MHz
2026/09/23 05:58:52.949, 0, 88 %, 74 %, 3197 MiB, 49140 MiB, 278.86 W, 300.00 W, 71, 2370 MHz
2026/09/23 05:58:53.950, 0, 89 %, 74 %, 3197 MiB, 49140 MiB, 280.20 W, 300.00 W, 71, 2460 MHz
2026/09/23 05:58:54.951, 0, 67 %, 43 %, 3197 MiB, 49140 MiB, 265.97 W, 300.00 W, 73, 2685 MHz
2026/09/23 05:58:55.951, 0, 0 %, 0 %, 3197 MiB, 49140 MiB, 129.90 W, 300.00 W, 69, 2325 MHz
2026/09/23 05:58:56.952, 0, 91 %, 76 %, 3197 MiB, 49140 MiB, 282.03 W, 300.00 W, 71, 2475 MHz
2026/09/23 05:58:57.953, 0, 84 %, 70 %, 3197 MiB, 49140 MiB, 280.63 W, 300.00 W, 71, 2445 MHz
2026/09/23 05:58:58.954, 0, 89 %, 73 %, 3197 MiB, 49140 MiB, 281.25 W, 300.00 W, 71, 2370 MHz
2026/09/23 05:58:59.955, 0, 84 %, 70 %, 3197 MiB, 49140 MiB, 280.30 W, 300.00 W, 71, 2550 MHz
2026/09/23 05:59:00.955, 0, 86 %, 72 %, 3197 MiB, 49140 MiB, 281.77 W, 300.00 W, 71, 2460 MHz
2026/09/23 05:59:01.957, 0, 80 %, 69 %, 3197 MiB, 49140 MiB, 280.61 W, 300.00 W, 71, 2475 MHz
2026/09/23 05:59:02.957, 0, 86 %, 71 %, 3197 MiB, 49140 MiB, 280.41 W, 300.00 W, 71, 2490 MHz
2026/09/23 05:59:03.958, 0, 88 %, 73 %, 3197 MiB, 49140 MiB, 283.04 W, 300.00 W, 71, 2475 MHz
2026/09/23 05:59:04.959, 0, 89 %, 73 %, 3197 MiB, 49140 MiB, 284.42 W, 300.00 W, 72, 2430 MHz
2026/09/23 05:59:05.960, 0, 88 %, 73 %, 3197 MiB, 49140 MiB, 284.08 W, 300.00 W, 72, 2505 MHz
2026/09/23 05:59:06.961, 0, 70 %, 40 %, 3197 MiB, 49140 MiB, 248.96 W, 300.00 W, 69, 2730 MHz
2026/09/23 05:59:07.962, 0, 0 %, 0 %, 3197 MiB, 49140 MiB, 128.24 W, 300.00 W, 70, 2565 MHz
2026/09/23 05:59:08.964, 0, 88 %, 72 %, 3197 MiB, 49140 MiB, 276.95 W, 300.00 W, 72, 2400 MHz
2026/09/23 05:59:09.964, 0, 88 %, 73 %, 3197 MiB, 49140 MiB, 278.93 W, 300.00 W, 72, 2385 MHz
2026/09/23 05:59:10.965, 0, 85 %, 71 %, 3197 MiB, 49140 MiB, 277.97 W, 300.00 W, 71, 2475 MHz
2026/09/23 05:59:11.966, 0, 90 %, 74 %, 3197 MiB, 49140 MiB, 281.75 W, 300.00 W, 72, 2475 MHz
2026/09/23 05:59:12.968, 0, 87 %, 73 %, 3197 MiB, 49140 MiB, 281.55 W, 300.00 W, 72, 2400 MHz
2026/09/23 05:59:13.968, 0, 84 %, 70 %, 3197 MiB, 49140 MiB, 278.52 W, 300.00 W, 72, 2535 MHz
2026/09/23 05:59:14.969, 0, 82 %, 68 %, 3197 MiB, 49140 MiB, 277.81 W, 300.00 W, 72, 2460 MHz
2026/09/23 05:59:15.970, 0, 86 %, 71 %, 3197 MiB, 49140 MiB, 280.40 W, 300.00 W, 71, 2550 MHz
2026/09/23 05:59:16.970, 0, 86 %, 71 %, 3197 MiB, 49140 MiB, 279.79 W, 300.00 W, 71, 2445 MHz
2026/09/23 05:59:17.971, 0, 83 %, 68 %, 3197 MiB, 49140 MiB, 277.86 W, 300.00 W, 70, 2370 MHz
2026/09/23 05:59:18.972, 0, 54 %, 32 %, 3197 MiB, 49140 MiB, 232.93 W, 300.00 W, 67, 2745 MHz
2026/09/23 05:59:19.973, 0, 0 %, 0 %, 3197 MiB, 49140 MiB, 143.17 W, 300.00 W, 71, 2475 MHz
2026/09/23 05:59:20.974, 0, 86 %, 71 %, 3197 MiB, 49140 MiB, 276.24 W, 300.00 W, 71, 2490 MHz
2026/09/23 05:59:21.974, 0, 86 %, 71 %, 3197 MiB, 49140 MiB, 274.82 W, 300.00 W, 71, 2550 MHz
2026/09/23 05:59:22.975, 0, 81 %, 67 %, 3197 MiB, 49140 MiB, 274.48 W, 300.00 W, 71, 2550 MHz
2026/09/23 05:59:23.977, 0, 90 %, 74 %, 3197 MiB, 49140 MiB, 277.77 W, 300.00 W, 71, 2355 MHz
2026/09/23 05:59:24.978, 0, 90 %, 75 %, 3197 MiB, 49140 MiB, 275.73 W, 300.00 W, 71, 2520 MHz
2026/09/23 05:59:25.978, 0, 84 %, 69 %, 3197 MiB, 49140 MiB, 275.34 W, 300.00 W, 72, 2490 MHz
2026/09/23 05:59:26.979, 0, 92 %, 77 %, 3197 MiB, 49140 MiB, 281.53 W, 300.00 W, 72, 2340 MHz
2026/09/23 05:59:27.980, 0, 91 %, 75 %, 3197 MiB, 49140 MiB, 275.95 W, 300.00 W, 72, 2445 MHz
2026/09/23 05:59:28.981, 0, 91 %, 75 %, 3197 MiB, 49140 MiB, 276.38 W, 300.00 W, 72, 2415 MHz
2026/09/23 05:59:29.982, 0, 90 %, 74 %, 3197 MiB, 49140 MiB, 275.32 W, 300.00 W, 71, 2535 MHz
2026/09/23 05:59:30.982, 0, 62 %, 37 %, 3197 MiB, 49140 MiB, 216.16 W, 300.00 W, 66, 2745 MHz
2026/09/23 05:59:31.983, 0, 0 %, 0 %, 3197 MiB, 49140 MiB, 159.66 W, 300.00 W, 70, 2415 MHz
2026/09/23 05:59:32.984, 0, 86 %, 71 %, 3197 MiB, 49140 MiB, 272.53 W, 300.00 W, 69, 2400 MHz
2026/09/23 05:59:33.984, 0, 85 %, 71 %, 3197 MiB, 49140 MiB, 272.86 W, 300.00 W, 71, 2490 MHz
2026/09/23 05:59:34.985, 0, 87 %, 72 %, 3197 MiB, 49140 MiB, 275.49 W, 300.00 W, 71, 2460 MHz
2026/09/23 05:59:35.985, 0, 88 %, 72 %, 3197 MiB, 49140 MiB, 274.92 W, 300.00 W, 71, 2565 MHz
2026/09/23 05:59:36.986, 0, 85 %, 71 %, 3197 MiB, 49140 MiB, 273.72 W, 300.00 W, 71, 2475 MHz
2026/09/23 05:59:37.987, 0, 84 %, 70 %, 3197 MiB, 49140 MiB, 273.39 W, 300.00 W, 70, 2445 MHz
2026/09/23 05:59:38.988, 0, 87 %, 71 %, 3197 MiB, 49140 MiB, 269.52 W, 300.00 W, 71, 2400 MHz
2026/09/23 05:59:39.989, 0, 89 %, 75 %, 3197 MiB, 49140 MiB, 273.18 W, 300.00 W, 71, 2370 MHz
2026/09/23 05:59:40.990, 0, 90 %, 75 %, 3197 MiB, 49140 MiB, 274.35 W, 300.00 W, 71, 2475 MHz
2026/09/23 05:59:41.990, 0, 85 %, 69 %, 3197 MiB, 49140 MiB, 274.25 W, 300.00 W, 70, 2265 MHz
2026/09/23 05:59:42.991, 0, 57 %, 33 %, 3197 MiB, 49140 MiB, 195.53 W, 300.00 W, 66, 2745 MHz
2026/09/23 05:59:43.992, 0, 31 %, 26 %, 3197 MiB, 49140 MiB, 178.73 W, 300.00 W, 71, 2460 MHz
2026/09/23 05:59:44.993, 0, 88 %, 72 %, 3197 MiB, 49140 MiB, 280.68 W, 300.00 W, 72, 2535 MHz
2026/09/23 05:59:45.993, 0, 91 %, 76 %, 3197 MiB, 49140 MiB, 281.47 W, 300.00 W, 71, 2460 MHz
2026/09/23 05:59:46.994, 0, 90 %, 74 %, 3197 MiB, 49140 MiB, 281.05 W, 300.00 W, 71, 2370 MHz
2026/09/23 05:59:47.995, 0, 92 %, 76 %, 3197 MiB, 49140 MiB, 279.61 W, 300.00 W, 72, 2430 MHz
2026/09/23 05:59:48.995, 0, 90 %, 74 %, 3197 MiB, 49140 MiB, 277.59 W, 300.00 W, 72, 2445 MHz
2026/09/23 05:59:49.996, 0, 81 %, 69 %, 3197 MiB, 49140 MiB, 276.64 W, 300.00 W, 72, 2520 MHz
2026/09/23 05:59:50.997, 0, 90 %, 75 %, 3197 MiB, 49140 MiB, 278.89 W, 300.00 W, 71, 2505 MHz
2026/09/23 05:59:51.997, 0, 85 %, 71 %, 3197 MiB, 49140 MiB, 279.49 W, 300.00 W, 71, 2445 MHz
2026/09/23 05:59:52.998, 0, 85 %, 71 %, 3197 MiB, 49140 MiB, 278.18 W, 300.00 W, 71, 2490 MHz
2026/09/23 05:59:53.999, 0, 91 %, 75 %, 3197 MiB, 49140 MiB, 275.36 W, 300.00 W, 71, 2535 MHz
2026/09/23 05:59:55.001, 0, 52 %, 30 %, 3197 MiB, 49140 MiB, 177.82 W, 300.00 W, 66, 2745 MHz
2026/09/23 05:59:56.001, 0, 87 %, 71 %, 3197 MiB, 49140 MiB, 197.03 W, 300.00 W, 71, 2460 MHz
2026/09/23 05:59:57.002, 0, 82 %, 68 %, 3197 MiB, 49140 MiB, 277.81 W, 300.00 W, 71, 2505 MHz
2026/09/23 05:59:58.003, 0, 88 %, 72 %, 3197 MiB, 49140 MiB, 279.45 W, 300.00 W, 71, 2415 MHz
2026/09/23 05:59:59.003, 0, 87 %, 71 %, 3197 MiB, 49140 MiB, 278.73 W, 300.00 W, 71, 2565 MHz
2026/09/23 06:00:00.004, 0, 91 %, 73 %, 3197 MiB, 49140 MiB, 279.70 W, 300.00 W, 71, 2430 MHz
2026/09/23 06:00:01.005, 0, 88 %, 72 %, 3197 MiB, 49140 MiB, 279.15 W, 300.00 W, 71, 2415 MHz
2026/09/23 06:00:02.006, 0, 89 %, 73 %, 3197 MiB, 49140 MiB, 279.16 W, 300.00 W, 71, 2550 MHz
2026/09/23 06:00:03.006, 0, 82 %, 68 %, 3197 MiB, 49140 MiB, 277.55 W, 300.00 W, 72, 2340 MHz
2026/09/23 06:00:04.008, 0, 91 %, 75 %, 3197 MiB, 49140 MiB, 280.55 W, 300.00 W, 72, 2475 MHz
2026/09/23 06:00:05.008, 0, 86 %, 72 %, 3197 MiB, 49140 MiB, 281.73 W, 300.00 W, 71, 2520 MHz
2026/09/23 06:00:06.009, 0, 88 %, 74 %, 3197 MiB, 49140 MiB, 276.78 W, 300.00 W, 71, 2700 MHz
2026/09/23 06:00:07.009, 0, 0 %, 0 %, 3197 MiB, 49140 MiB, 161.40 W, 300.00 W, 66, 2745 MHz
2026/09/23 06:00:08.010, 0, 83 %, 70 %, 3197 MiB, 49140 MiB, 216.40 W, 300.00 W, 72, 2460 MHz
2026/09/23 06:00:09.011, 0, 84 %, 68 %, 3197 MiB, 49140 MiB, 282.03 W, 300.00 W, 71, 2445 MHz
2026/09/23 06:00:10.013, 0, 87 %, 73 %, 3197 MiB, 49140 MiB, 281.57 W, 300.00 W, 72, 2475 MHz
2026/09/23 06:00:11.015, 0, 86 %, 73 %, 3197 MiB, 49140 MiB, 283.52 W, 300.00 W, 72, 2460 MHz
2026/09/23 06:00:12.016, 0, 89 %, 74 %, 3197 MiB, 49140 MiB, 284.75 W, 300.00 W, 72, 2460 MHz
2026/09/23 06:00:13.017, 0, 84 %, 70 %, 3197 MiB, 49140 MiB, 281.47 W, 300.00 W, 71, 2565 MHz
2026/09/23 06:00:14.018, 0, 89 %, 73 %, 3197 MiB, 49140 MiB, 280.33 W, 300.00 W, 71, 2490 MHz
2026/09/23 06:00:15.018, 0, 84 %, 71 %, 3197 MiB, 49140 MiB, 280.30 W, 300.00 W, 72, 2475 MHz
2026/09/23 06:00:16.019, 0, 85 %, 71 %, 3197 MiB, 49140 MiB, 282.08 W, 300.00 W, 72, 2490 MHz
2026/09/23 06:00:17.020, 0, 86 %, 71 %, 3197 MiB, 49140 MiB, 281.97 W, 300.00 W, 72, 2430 MHz
2026/09/23 06:00:18.021, 0, 0 %, 0 %, 3197 MiB, 49140 MiB, 243.76 W, 300.00 W, 67, 2730 MHz
2026/09/23 06:00:19.022, 0, 88 %, 72 %, 3197 MiB, 49140 MiB, 132.16 W, 300.00 W, 71, 2415 MHz
2026/09/23 06:00:20.022, 0, 90 %, 74 %, 3197 MiB, 49140 MiB, 277.69 W, 300.00 W, 71, 2340 MHz
2026/09/23 06:00:21.023, 0, 85 %, 69 %, 3197 MiB, 49140 MiB, 276.27 W, 300.00 W, 71, 2430 MHz
2026/09/23 06:00:22.024, 0, 89 %, 73 %, 3197 MiB, 49140 MiB, 274.58 W, 300.00 W, 71, 2430 MHz
2026/09/23 06:00:23.025, 0, 88 %, 73 %, 3197 MiB, 49140 MiB, 273.68 W, 300.00 W, 72, 2415 MHz
2026/09/23 06:00:24.027, 0, 81 %, 66 %, 3197 MiB, 49140 MiB, 274.69 W, 300.00 W, 70, 2460 MHz
2026/09/23 06:00:25.028, 0, 91 %, 76 %, 3197 MiB, 49140 MiB, 275.30 W, 300.00 W, 70, 2325 MHz
2026/09/23 06:00:26.028, 0, 87 %, 74 %, 3197 MiB, 49140 MiB, 277.00 W, 300.00 W, 71, 2445 MHz
2026/09/23 06:00:27.029, 0, 91 %, 75 %, 3197 MiB, 49140 MiB, 275.07 W, 300.00 W, 72, 2430 MHz
2026/09/23 06:00:28.030, 0, 83 %, 68 %, 3197 MiB, 49140 MiB, 274.39 W, 300.00 W, 71, 2475 MHz
2026/09/23 06:00:29.032, 0, 81 %, 67 %, 3197 MiB, 49140 MiB, 273.38 W, 300.00 W, 71, 2460 MHz
2026/09/23 06:00:30.033, 0, 0 %, 0 %, 3197 MiB, 49140 MiB, 229.38 W, 300.00 W, 67, 2745 MHz
2026/09/23 06:00:31.033, 0, 87 %, 70 %, 3197 MiB, 49140 MiB, 139.59 W, 300.00 W, 70, 2415 MHz
2026/09/23 06:00:32.034, 0, 92 %, 77 %, 3197 MiB, 49140 MiB, 280.56 W, 300.00 W, 72, 2265 MHz
2026/09/23 06:00:33.035, 0, 84 %, 71 %, 3197 MiB, 49140 MiB, 277.76 W, 300.00 W, 72, 2520 MHz
2026/09/23 06:00:34.036, 0, 84 %, 69 %, 3197 MiB, 49140 MiB, 279.52 W, 300.00 W, 71, 2430 MHz
2026/09/23 06:00:35.036, 0, 85 %, 71 %, 3197 MiB, 49140 MiB, 278.09 W, 300.00 W, 71, 2475 MHz
2026/09/23 06:00:36.037, 0, 86 %, 72 %, 3197 MiB, 49140 MiB, 280.14 W, 300.00 W, 72, 2445 MHz
2026/09/23 06:00:37.038, 0, 84 %, 70 %, 3197 MiB, 49140 MiB, 276.48 W, 300.00 W, 71, 2535 MHz
2026/09/23 06:00:38.039, 0, 78 %, 65 %, 3197 MiB, 49140 MiB, 276.79 W, 300.00 W, 72, 2475 MHz
2026/09/23 06:00:39.040, 0, 88 %, 73 %, 3197 MiB, 49140 MiB, 277.73 W, 300.00 W, 72, 2430 MHz
2026/09/23 06:00:40.040, 0, 89 %, 73 %, 3197 MiB, 49140 MiB, 282.18 W, 300.00 W, 72, 2430 MHz
2026/09/23 06:00:41.041, 0, 90 %, 75 %, 3197 MiB, 49140 MiB, 280.47 W, 300.00 W, 71, 2490 MHz
2026/09/23 06:00:42.042, 0, 0 %, 0 %, 3197 MiB, 49140 MiB, 213.60 W, 300.00 W, 66, 2745 MHz
2026/09/23 06:00:43.043, 0, 86 %, 72 %, 3197 MiB, 49140 MiB, 165.18 W, 300.00 W, 71, 2505 MHz
2026/09/23 06:00:44.043, 0, 86 %, 71 %, 3197 MiB, 49140 MiB, 279.30 W, 300.00 W, 70, 2370 MHz
2026/09/23 06:00:45.044, 0, 86 %, 72 %, 3197 MiB, 49140 MiB, 278.92 W, 300.00 W, 71, 2340 MHz
2026/09/23 06:00:46.045, 0, 89 %, 75 %, 3197 MiB, 49140 MiB, 276.93 W, 300.00 W, 71, 2505 MHz
2026/09/23 06:00:47.046, 0, 84 %, 70 %, 3197 MiB, 49140 MiB, 278.05 W, 300.00 W, 72, 2565 MHz
2026/09/23 06:00:48.047, 0, 85 %, 71 %, 3197 MiB, 49140 MiB, 279.36 W, 300.00 W, 71, 2370 MHz
2026/09/23 06:00:49.048, 0, 86 %, 72 %, 3197 MiB, 49140 MiB, 279.22 W, 300.00 W, 72, 2520 MHz
2026/09/23 06:00:50.049, 0, 82 %, 69 %, 3197 MiB, 49140 MiB, 280.09 W, 300.00 W, 72, 2400 MHz
2026/09/23 06:00:51.049, 0, 89 %, 73 %, 3197 MiB, 49140 MiB, 278.21 W, 300.00 W, 72, 2415 MHz
2026/09/23 06:00:52.050, 0, 86 %, 72 %, 3197 MiB, 49140 MiB, 279.49 W, 300.00 W, 72, 2265 MHz
2026/09/23 06:00:53.052, 0, 79 %, 65 %, 3197 MiB, 49140 MiB, 276.42 W, 300.00 W, 71, 2610 MHz
2026/09/23 06:00:54.052, 0, 0 %, 0 %, 3197 MiB, 49140 MiB, 191.15 W, 300.00 W, 66, 2745 MHz
2026/09/23 06:00:55.053, 0, 86 %, 71 %, 3197 MiB, 49140 MiB, 179.93 W, 300.00 W, 70, 2415 MHz
2026/09/23 06:00:56.056, 0, 82 %, 68 %, 3197 MiB, 49140 MiB, 274.57 W, 300.00 W, 70, 2520 MHz
2026/09/23 06:00:57.057, 0, 90 %, 74 %, 3197 MiB, 49140 MiB, 275.63 W, 300.00 W, 72, 2490 MHz
2026/09/23 06:00:58.058, 0, 88 %, 72 %, 3197 MiB, 49140 MiB, 275.62 W, 300.00 W, 71, 2430 MHz
2026/09/23 06:00:59.059, 0, 86 %, 72 %, 3197 MiB, 49140 MiB, 276.37 W, 300.00 W, 71, 2325 MHz
2026/09/23 06:01:00.060, 0, 85 %, 70 %, 3197 MiB, 49140 MiB, 274.95 W, 300.00 W, 71, 2505 MHz
2026/09/23 06:01:01.061, 0, 88 %, 72 %, 3197 MiB, 49140 MiB, 276.55 W, 300.00 W, 71, 2505 MHz
2026/09/23 06:01:02.063, 0, 90 %, 74 %, 3197 MiB, 49140 MiB, 277.04 W, 300.00 W, 71, 2400 MHz
2026/09/23 06:01:03.063, 0, 85 %, 70 %, 3197 MiB, 49140 MiB, 275.92 W, 300.00 W, 71, 2475 MHz
2026/09/23 06:01:04.064, 0, 88 %, 72 %, 3197 MiB, 49140 MiB, 276.80 W, 300.00 W, 71, 2475 MHz
2026/09/23 06:01:05.065, 0, 72 %, 47 %, 3197 MiB, 49140 MiB, 271.98 W, 300.00 W, 72, 2490 MHz
2026/09/23 06:01:06.065, 0, 0 %, 0 %, 3197 MiB, 49140 MiB, 177.78 W, 300.00 W, 66, 2745 MHz
2026/09/23 06:01:07.066, 0, 85 %, 70 %, 3197 MiB, 49140 MiB, 199.81 W, 300.00 W, 71, 2475 MHz
2026/09/23 06:01:08.067, 0, 84 %, 69 %, 3197 MiB, 49140 MiB, 278.84 W, 300.00 W, 72, 2370 MHz
2026/09/23 06:01:09.068, 0, 83 %, 68 %, 3197 MiB, 49140 MiB, 277.66 W, 300.00 W, 70, 2475 MHz
2026/09/23 06:01:10.068, 0, 90 %, 75 %, 3197 MiB, 49140 MiB, 278.01 W, 300.00 W, 72, 2505 MHz
2026/09/23 06:01:11.069, 0, 90 %, 75 %, 3197 MiB, 49140 MiB, 278.93 W, 300.00 W, 72, 2370 MHz
2026/09/23 06:01:12.071, 0, 86 %, 72 %, 3197 MiB, 49140 MiB, 280.47 W, 300.00 W, 72, 2490 MHz
2026/09/23 06:01:13.071, 0, 90 %, 75 %, 3197 MiB, 49140 MiB, 279.69 W, 300.00 W, 72, 2475 MHz
2026/09/23 06:01:14.072, 0, 87 %, 72 %, 3197 MiB, 49140 MiB, 280.09 W, 300.00 W, 73, 2415 MHz
2026/09/23 06:01:15.073, 0, 90 %, 74 %, 3197 MiB, 49140 MiB, 280.32 W, 300.00 W, 71, 2580 MHz
2026/09/23 06:01:16.073, 0, 86 %, 72 %, 3197 MiB, 49140 MiB, 277.16 W, 300.00 W, 71, 2250 MHz
2026/09/23 06:01:17.074, 0, 67 %, 39 %, 3197 MiB, 49140 MiB, 273.65 W, 300.00 W, 71, 2685 MHz
2026/09/23 06:01:18.075, 0, 0 %, 0 %, 3197 MiB, 49140 MiB, 166.60 W, 300.00 W, 66, 2745 MHz
2026/09/23 06:01:19.075, 0, 81 %, 67 %, 3197 MiB, 49140 MiB, 210.60 W, 300.00 W, 71, 2520 MHz
2026/09/23 06:01:20.076, 0, 85 %, 71 %, 3197 MiB, 49140 MiB, 275.80 W, 300.00 W, 71, 2460 MHz
2026/09/23 06:01:21.077, 0, 90 %, 75 %, 3197 MiB, 49140 MiB, 279.63 W, 300.00 W, 70, 2400 MHz
2026/09/23 06:01:22.078, 0, 87 %, 72 %, 3197 MiB, 49140 MiB, 281.31 W, 300.00 W, 71, 2490 MHz
2026/09/23 06:01:23.079, 0, 88 %, 73 %, 3197 MiB, 49140 MiB, 281.07 W, 300.00 W, 72, 2520 MHz
2026/09/23 06:01:24.080, 0, 84 %, 70 %, 3197 MiB, 49140 MiB, 278.80 W, 300.00 W, 72, 2475 MHz
2026/09/23 06:01:25.080, 0, 82 %, 68 %, 3197 MiB, 49140 MiB, 279.21 W, 300.00 W, 70, 2460 MHz
2026/09/23 06:01:26.081, 0, 84 %, 68 %, 3197 MiB, 49140 MiB, 276.62 W, 300.00 W, 71, 2535 MHz
2026/09/23 06:01:27.082, 0, 90 %, 74 %, 3197 MiB, 49140 MiB, 280.59 W, 300.00 W, 71, 2475 MHz
2026/09/23 06:01:28.083, 0, 90 %, 75 %, 3197 MiB, 49140 MiB, 279.64 W, 300.00 W, 73, 2445 MHz
2026/09/23 06:01:29.084, 0, 56 %, 34 %, 3197 MiB, 49140 MiB, 275.42 W, 300.00 W, 72, 2625 MHz
2026/09/23 06:01:30.084, 0, 0 %, 0 %, 3197 MiB, 49140 MiB, 148.81 W, 300.00 W, 66, 2745 MHz
2026/09/23 06:01:31.085, 0, 90 %, 74 %, 3197 MiB, 49140 MiB, 232.93 W, 300.00 W, 71, 2520 MHz
2026/09/23 06:01:32.087, 0, 85 %, 71 %, 3197 MiB, 49140 MiB, 272.44 W, 300.00 W, 71, 2550 MHz
2026/09/23 06:01:33.088, 0, 90 %, 74 %, 3197 MiB, 49140 MiB, 275.50 W, 300.00 W, 71, 2340 MHz
2026/09/23 06:01:34.088, 0, 84 %, 70 %, 3197 MiB, 49140 MiB, 277.54 W, 300.00 W, 71, 2430 MHz
2026/09/23 06:01:35.089, 0, 82 %, 68 %, 3197 MiB, 49140 MiB, 274.05 W, 300.00 W, 70, 2505 MHz
2026/09/23 06:01:36.091, 0, 92 %, 76 %, 3197 MiB, 49140 MiB, 275.27 W, 300.00 W, 72, 2370 MHz
2026/09/23 06:01:37.091, 0, 88 %, 73 %, 3197 MiB, 49140 MiB, 275.78 W, 300.00 W, 72, 2310 MHz
2026/09/23 06:01:38.092, 0, 88 %, 72 %, 3197 MiB, 49140 MiB, 274.93 W, 300.00 W, 71, 2235 MHz
2026/09/23 06:01:39.093, 0, 86 %, 70 %, 3197 MiB, 49140 MiB, 272.72 W, 300.00 W, 71, 2250 MHz
2026/09/23 06:01:40.093, 0, 86 %, 70 %, 3197 MiB, 49140 MiB, 275.71 W, 300.00 W, 71, 2505 MHz
2026/09/23 06:01:41.094, 0, 67 %, 39 %, 3197 MiB, 49140 MiB, 269.67 W, 300.00 W, 70, 2730 MHz
2026/09/23 06:01:42.095, 0, 0 %, 0 %, 3197 MiB, 49140 MiB, 130.12 W, 300.00 W, 66, 2535 MHz
2026/09/23 06:01:43.096, 0, 92 %, 76 %, 3197 MiB, 49140 MiB, 249.45 W, 300.00 W, 72, 2340 MHz
2026/09/23 06:01:44.096, 0, 82 %, 68 %, 3197 MiB, 49140 MiB, 279.52 W, 300.00 W, 71, 2640 MHz
2026/09/23 06:01:45.097, 0, 89 %, 73 %, 3197 MiB, 49140 MiB, 280.46 W, 300.00 W, 72, 2430 MHz
2026/09/23 06:01:46.098, 0, 79 %, 65 %, 3197 MiB, 49140 MiB, 276.13 W, 300.00 W, 70, 2535 MHz
2026/09/23 06:01:47.098, 0, 89 %, 73 %, 3197 MiB, 49140 MiB, 278.36 W, 300.00 W, 73, 2325 MHz
2026/09/23 06:01:48.100, 0, 90 %, 75 %, 3197 MiB, 49140 MiB, 277.53 W, 300.00 W, 71, 2445 MHz
2026/09/23 06:01:49.101, 0, 93 %, 76 %, 3197 MiB, 49140 MiB, 279.01 W, 300.00 W, 72, 2460 MHz
2026/09/23 06:01:50.102, 0, 87 %, 73 %, 3197 MiB, 49140 MiB, 279.06 W, 300.00 W, 72, 2475 MHz
2026/09/23 06:01:51.104, 0, 90 %, 73 %, 3197 MiB, 49140 MiB, 276.89 W, 300.00 W, 71, 2385 MHz
2026/09/23 06:01:52.105, 0, 87 %, 70 %, 3197 MiB, 49140 MiB, 280.21 W, 300.00 W, 72, 2400 MHz
2026/09/23 06:01:53.105, 0, 56 %, 33 %, 3197 MiB, 49140 MiB, 265.01 W, 300.00 W, 72, 2730 MHz
2026/09/23 06:01:54.106, 0, 0 %, 0 %, 3197 MiB, 49140 MiB, 119.24 W, 300.00 W, 66, 2745 MHz
2026/09/23 06:01:55.107, 0, 86 %, 72 %, 3197 MiB, 49140 MiB, 253.91 W, 300.00 W, 71, 2430 MHz
2026/09/23 06:01:56.112, 0, 86 %, 70 %, 3197 MiB, 49140 MiB, 275.67 W, 300.00 W, 71, 2475 MHz
2026/09/23 06:01:57.112, 0, 86 %, 71 %, 3197 MiB, 49140 MiB, 277.71 W, 300.00 W, 71, 2370 MHz
2026/09/23 06:01:58.113, 0, 90 %, 74 %, 3197 MiB, 49140 MiB, 278.22 W, 300.00 W, 71, 2475 MHz
2026/09/23 06:01:59.114, 0, 85 %, 68 %, 3197 MiB, 49140 MiB, 276.87 W, 300.00 W, 71, 2445 MHz
2026/09/23 06:02:00.115, 0, 91 %, 73 %, 3197 MiB, 49140 MiB, 276.38 W, 300.00 W, 71, 2445 MHz
2026/09/23 06:02:01.116, 0, 86 %, 73 %, 3197 MiB, 49140 MiB, 276.42 W, 300.00 W, 71, 2415 MHz
2026/09/23 06:02:02.117, 0, 91 %, 74 %, 3197 MiB, 49140 MiB, 276.14 W, 300.00 W, 72, 2460 MHz
2026/09/23 06:02:03.117, 0, 87 %, 70 %, 3197 MiB, 49140 MiB, 275.93 W, 300.00 W, 72, 2430 MHz
2026/09/23 06:02:04.118, 0, 93 %, 75 %, 3197 MiB, 49140 MiB, 279.36 W, 300.00 W, 72, 2340 MHz
2026/09/23 06:02:05.119, 0, 55 %, 32 %, 3197 MiB, 49140 MiB, 263.28 W, 300.00 W, 72, 2730 MHz
2026/09/23 06:02:06.120, 0, 89 %, 73 %, 3197 MiB, 49140 MiB, 126.83 W, 300.00 W, 69, 2505 MHz
2026/09/23 06:02:07.120, 0, 83 %, 70 %, 3197 MiB, 49140 MiB, 278.83 W, 300.00 W, 72, 2415 MHz
2026/09/23 06:02:08.121, 0, 84 %, 71 %, 3197 MiB, 49140 MiB, 278.99 W, 300.00 W, 71, 2505 MHz
2026/09/23 06:02:09.122, 0, 85 %, 73 %, 3197 MiB, 49140 MiB, 279.59 W, 300.00 W, 71, 2520 MHz
2026/09/23 06:02:10.123, 0, 79 %, 66 %, 3197 MiB, 49140 MiB, 276.81 W, 300.00 W, 70, 2535 MHz
2026/09/23 06:02:11.124, 0, 87 %, 73 %, 3197 MiB, 49140 MiB, 274.45 W, 300.00 W, 71, 2415 MHz
2026/09/23 06:02:12.125, 0, 83 %, 69 %, 3197 MiB, 49140 MiB, 277.11 W, 300.00 W, 72, 2475 MHz
2026/09/23 06:02:13.126, 0, 86 %, 72 %, 3197 MiB, 49140 MiB, 277.54 W, 300.00 W, 72, 2415 MHz
2026/09/23 06:02:14.126, 0, 86 %, 71 %, 3197 MiB, 49140 MiB, 279.72 W, 300.00 W, 71, 2430 MHz
2026/09/23 06:02:15.127, 0, 92 %, 75 %, 3197 MiB, 49140 MiB, 281.88 W, 300.00 W, 71, 2445 MHz
2026/09/23 06:02:16.129, 0, 82 %, 69 %, 3197 MiB, 49140 MiB, 278.78 W, 300.00 W, 72, 2445 MHz
2026/09/23 06:02:17.130, 0, 47 %, 28 %, 3197 MiB, 49140 MiB, 259.01 W, 300.00 W, 72, 2640 MHz
2026/09/23 06:02:18.130, 0, 83 %, 69 %, 3197 MiB, 49140 MiB, 125.10 W, 300.00 W, 70, 2415 MHz
2026/09/23 06:02:19.131, 0, 92 %, 75 %, 3197 MiB, 49140 MiB, 275.41 W, 300.00 W, 71, 2445 MHz
2026/09/23 06:02:20.132, 0, 89 %, 76 %, 3197 MiB, 49140 MiB, 278.17 W, 300.00 W, 71, 2400 MHz
2026/09/23 06:02:21.133, 0, 84 %, 71 %, 3197 MiB, 49140 MiB, 278.79 W, 300.00 W, 70, 2520 MHz
2026/09/23 06:02:22.134, 0, 85 %, 71 %, 3197 MiB, 49140 MiB, 276.79 W, 300.00 W, 70, 2490 MHz
2026/09/23 06:02:23.134, 0, 85 %, 72 %, 3197 MiB, 49140 MiB, 277.31 W, 300.00 W, 72, 2430 MHz
2026/09/23 06:02:24.135, 0, 88 %, 71 %, 3197 MiB, 49140 MiB, 275.26 W, 300.00 W, 70, 2385 MHz
2026/09/23 06:02:25.136, 0, 85 %, 70 %, 3197 MiB, 49140 MiB, 276.99 W, 300.00 W, 72, 2445 MHz
2026/09/23 06:02:26.139, 0, 86 %, 70 %, 3197 MiB, 49140 MiB, 276.92 W, 300.00 W, 72, 2475 MHz
2026/09/23 06:02:27.140, 0, 87 %, 72 %, 3197 MiB, 49140 MiB, 281.49 W, 300.00 W, 72, 2490 MHz
2026/09/23 06:02:28.141, 0, 83 %, 67 %, 3197 MiB, 49140 MiB, 278.95 W, 300.00 W, 72, 2520 MHz
2026/09/23 06:02:29.142, 0, 53 %, 31 %, 3197 MiB, 49140 MiB, 262.14 W, 300.00 W, 70, 2730 MHz
2026/09/23 06:02:30.142, 0, 90 %, 73 %, 3197 MiB, 49140 MiB, 127.51 W, 300.00 W, 69, 2370 MHz
2026/09/23 06:02:31.143, 0, 83 %, 70 %, 3197 MiB, 49140 MiB, 273.90 W, 300.00 W, 71, 2520 MHz
2026/09/23 06:02:32.144, 0, 88 %, 71 %, 3197 MiB, 49140 MiB, 279.42 W, 300.00 W, 72, 2415 MHz
2026/09/23 06:02:33.144, 0, 82 %, 69 %, 3197 MiB, 49140 MiB, 277.42 W, 300.00 W, 71, 2565 MHz
2026/09/23 06:02:34.145, 0, 86 %, 74 %, 3197 MiB, 49140 MiB, 279.52 W, 300.00 W, 71, 2460 MHz
2026/09/23 06:02:35.146, 0, 90 %, 74 %, 3197 MiB, 49140 MiB, 280.77 W, 300.00 W, 72, 2355 MHz
2026/09/23 06:02:36.147, 0, 87 %, 70 %, 3197 MiB, 49140 MiB, 279.88 W, 300.00 W, 72, 2415 MHz
2026/09/23 06:02:37.147, 0, 87 %, 72 %, 3197 MiB, 49140 MiB, 278.63 W, 300.00 W, 72, 2490 MHz
2026/09/23 06:02:38.148, 0, 85 %, 69 %, 3197 MiB, 49140 MiB, 277.47 W, 300.00 W, 72, 2490 MHz
2026/09/23 06:02:39.149, 0, 86 %, 70 %, 3197 MiB, 49140 MiB, 277.52 W, 300.00 W, 72, 2415 MHz
2026/09/23 06:02:40.150, 0, 84 %, 67 %, 3197 MiB, 49140 MiB, 276.58 W, 300.00 W, 72, 2445 MHz
2026/09/23 06:02:41.150, 0, 10 %, 6 %, 3197 MiB, 49140 MiB, 250.42 W, 300.00 W, 70, 2730 MHz
2026/09/23 06:02:42.151, 0, 92 %, 75 %, 3197 MiB, 49140 MiB, 132.67 W, 300.00 W, 70, 2460 MHz
2026/09/23 06:02:43.152, 0, 86 %, 73 %, 3197 MiB, 49140 MiB, 280.22 W, 300.00 W, 70, 2475 MHz
2026/09/23 06:02:44.152, 0, 85 %, 72 %, 3197 MiB, 49140 MiB, 281.47 W, 300.00 W, 71, 2505 MHz
2026/09/23 06:02:45.153, 0, 88 %, 73 %, 3197 MiB, 49140 MiB, 282.24 W, 300.00 W, 72, 2445 MHz
2026/09/23 06:02:46.154, 0, 88 %, 74 %, 3197 MiB, 49140 MiB, 282.11 W, 300.00 W, 71, 2370 MHz
2026/09/23 06:02:47.155, 0, 91 %, 74 %, 3197 MiB, 49140 MiB, 286.70 W, 300.00 W, 72, 2385 MHz
2026/09/23 06:02:48.156, 0, 91 %, 77 %, 3197 MiB, 49140 MiB, 282.35 W, 300.00 W, 72, 2400 MHz
2026/09/23 06:02:49.157, 0, 88 %, 74 %, 3197 MiB, 49140 MiB, 283.69 W, 300.00 W, 72, 2490 MHz
2026/09/23 06:02:50.158, 0, 87 %, 74 %, 3197 MiB, 49140 MiB, 282.49 W, 300.00 W, 71, 2430 MHz
2026/09/23 06:02:51.159, 0, 91 %, 73 %, 3197 MiB, 49140 MiB, 281.79 W, 300.00 W, 72, 2295 MHz
2026/09/23 06:02:52.160, 0, 88 %, 71 %, 3197 MiB, 49140 MiB, 280.79 W, 300.00 W, 71, 2460 MHz
2026/09/23 06:02:53.160, 0, 0 %, 0 %, 3197 MiB, 49140 MiB, 223.96 W, 300.00 W, 67, 2730 MHz
2026/09/23 06:02:54.161, 0, 83 %, 70 %, 3197 MiB, 49140 MiB, 153.32 W, 300.00 W, 71, 2490 MHz
2026/09/23 06:02:55.161, 0, 90 %, 75 %, 3197 MiB, 49140 MiB, 275.30 W, 300.00 W, 71, 2340 MHz
2026/09/23 06:02:56.162, 0, 88 %, 71 %, 3197 MiB, 49140 MiB, 276.87 W, 300.00 W, 72, 2355 MHz
2026/09/23 06:02:57.163, 0, 83 %, 70 %, 3197 MiB, 49140 MiB, 274.38 W, 300.00 W, 70, 2475 MHz
2026/09/23 06:02:58.163, 0, 83 %, 68 %, 3197 MiB, 49140 MiB, 272.49 W, 300.00 W, 72, 2505 MHz
2026/09/23 06:02:59.164, 0, 86 %, 72 %, 3197 MiB, 49140 MiB, 275.53 W, 300.00 W, 72, 2520 MHz
2026/09/23 06:03:00.166, 0, 88 %, 74 %, 3197 MiB, 49140 MiB, 275.66 W, 300.00 W, 71, 2430 MHz
2026/09/23 06:03:01.166, 0, 88 %, 71 %, 3197 MiB, 49140 MiB, 278.97 W, 300.00 W, 71, 2460 MHz
2026/09/23 06:03:02.167, 0, 91 %, 74 %, 3197 MiB, 49140 MiB, 279.11 W, 300.00 W, 72, 2220 MHz
2026/09/23 06:03:03.168, 0, 84 %, 70 %, 3197 MiB, 49140 MiB, 274.72 W, 300.00 W, 71, 2535 MHz
2026/09/23 06:03:04.169, 0, 88 %, 73 %, 3197 MiB, 49140 MiB, 277.51 W, 300.00 W, 72, 2400 MHz
2026/09/23 06:03:05.169, 0, 0 %, 0 %, 3197 MiB, 49140 MiB, 203.55 W, 300.00 W, 66, 2700 MHz
2026/09/23 06:03:06.170, 0, 86 %, 70 %, 3197 MiB, 49140 MiB, 168.58 W, 300.00 W, 69, 2415 MHz
2026/09/23 06:03:07.170, 0, 91 %, 74 %, 3197 MiB, 49140 MiB, 271.55 W, 300.00 W, 70, 2385 MHz
2026/09/23 06:03:08.171, 0, 89 %, 72 %, 3197 MiB, 49140 MiB, 275.97 W, 300.00 W, 71, 2415 MHz
2026/09/23 06:03:09.172, 0, 86 %, 69 %, 3197 MiB, 49140 MiB, 277.79 W, 300.00 W, 71, 2415 MHz
2026/09/23 06:03:10.172, 0, 90 %, 76 %, 3197 MiB, 49140 MiB, 278.29 W, 300.00 W, 70, 2415 MHz
2026/09/23 06:03:11.173, 0, 93 %, 77 %, 3197 MiB, 49140 MiB, 278.42 W, 300.00 W, 72, 2445 MHz
2026/09/23 06:03:12.174, 0, 91 %, 75 %, 3197 MiB, 49140 MiB, 276.80 W, 300.00 W, 71, 2220 MHz
2026/09/23 06:03:13.176, 0, 89 %, 74 %, 3197 MiB, 49140 MiB, 274.03 W, 300.00 W, 72, 2430 MHz
2026/09/23 06:03:14.176, 0, 84 %, 71 %, 3197 MiB, 49140 MiB, 275.75 W, 300.00 W, 71, 2400 MHz
2026/09/23 06:03:15.178, 0, 86 %, 72 %, 3197 MiB, 49140 MiB, 277.19 W, 300.00 W, 71, 2475 MHz
2026/09/23 06:03:16.179, 0, 53 %, 31 %, 3197 MiB, 49140 MiB, 276.42 W, 300.00 W, 71, 2625 MHz
2026/09/23 06:03:17.179, 0, 0 %, 0 %, 3197 MiB, 49140 MiB, 172.50 W, 300.00 W, 66, 2745 MHz
2026/09/23 06:03:18.180, 0, 87 %, 73 %, 3197 MiB, 49140 MiB, 197.98 W, 300.00 W, 71, 2460 MHz
2026/09/23 06:03:19.180, 0, 89 %, 73 %, 3197 MiB, 49140 MiB, 277.95 W, 300.00 W, 72, 2460 MHz
2026/09/23 06:03:20.181, 0, 89 %, 72 %, 3197 MiB, 49140 MiB, 279.26 W, 300.00 W, 71, 2400 MHz
2026/09/23 06:03:21.182, 0, 89 %, 72 %, 3197 MiB, 49140 MiB, 280.79 W, 300.00 W, 72, 2280 MHz
2026/09/23 06:03:22.183, 0, 79 %, 66 %, 3197 MiB, 49140 MiB, 277.68 W, 300.00 W, 71, 2235 MHz
2026/09/23 06:03:23.183, 0, 82 %, 68 %, 3197 MiB, 49140 MiB, 278.67 W, 300.00 W, 72, 2370 MHz
2026/09/23 06:03:24.184, 0, 89 %, 74 %, 3197 MiB, 49140 MiB, 278.69 W, 300.00 W, 72, 2370 MHz
2026/09/23 06:03:25.185, 0, 84 %, 72 %, 3197 MiB, 49140 MiB, 279.03 W, 300.00 W, 72, 2475 MHz
2026/09/23 06:03:26.185, 0, 82 %, 67 %, 3197 MiB, 49140 MiB, 278.20 W, 300.00 W, 71, 2505 MHz
2026/09/23 06:03:27.186, 0, 88 %, 74 %, 3197 MiB, 49140 MiB, 277.13 W, 300.00 W, 71, 2430 MHz
2026/09/23 06:03:28.187, 0, 58 %, 34 %, 3197 MiB, 49140 MiB, 274.32 W, 300.00 W, 71, 2610 MHz
2026/09/23 06:03:29.187, 0, 0 %, 0 %, 3197 MiB, 49140 MiB, 161.06 W, 300.00 W, 66, 2745 MHz
2026/09/23 06:03:30.188, 0, 81 %, 67 %, 3197 MiB, 49140 MiB, 218.97 W, 300.00 W, 71, 2355 MHz
2026/09/23 06:03:31.189, 0, 87 %, 70 %, 3197 MiB, 49140 MiB, 280.67 W, 300.00 W, 71, 2460 MHz
2026/09/23 06:03:32.189, 0, 91 %, 74 %, 3197 MiB, 49140 MiB, 280.83 W, 300.00 W, 72, 2415 MHz
2026/09/23 06:03:33.190, 0, 89 %, 72 %, 3197 MiB, 49140 MiB, 279.71 W, 300.00 W, 71, 2490 MHz
2026/09/23 06:03:34.191, 0, 89 %, 74 %, 3197 MiB, 49140 MiB, 278.70 W, 300.00 W, 71, 2175 MHz
2026/09/23 06:03:35.192, 0, 90 %, 74 %, 3197 MiB, 49140 MiB, 280.52 W, 300.00 W, 71, 2370 MHz
2026/09/23 06:03:36.193, 0, 89 %, 74 %, 3197 MiB, 49140 MiB, 280.69 W, 300.00 W, 71, 2415 MHz
2026/09/23 06:03:37.193, 0, 86 %, 73 %, 3197 MiB, 49140 MiB, 280.03 W, 300.00 W, 72, 2490 MHz
2026/09/23 06:03:38.194, 0, 91 %, 74 %, 3197 MiB, 49140 MiB, 280.95 W, 300.00 W, 72, 2445 MHz
2026/09/23 06:03:39.195, 0, 85 %, 70 %, 3197 MiB, 49140 MiB, 278.21 W, 300.00 W, 72, 2535 MHz
2026/09/23 06:03:40.196, 0, 61 %, 36 %, 3197 MiB, 49140 MiB, 270.18 W, 300.00 W, 73, 2550 MHz
2026/09/23 06:03:41.196, 0, 0 %, 0 %, 3197 MiB, 49140 MiB, 128.49 W, 300.00 W, 69, 2745 MHz
2026/09/23 06:03:42.197, 0, 82 %, 68 %, 3197 MiB, 49140 MiB, 253.95 W, 300.00 W, 71, 2490 MHz
2026/09/23 06:03:43.197, 0, 90 %, 73 %, 3197 MiB, 49140 MiB, 275.17 W, 300.00 W, 72, 2385 MHz
2026/09/23 06:03:44.199, 0, 85 %, 72 %, 3197 MiB, 49140 MiB, 276.89 W, 300.00 W, 72, 2475 MHz
2026/09/23 06:03:45.199, 0, 88 %, 72 %, 3197 MiB, 49140 MiB, 276.19 W, 300.00 W, 72, 2460 MHz
2026/09/23 06:03:46.200, 0, 89 %, 71 %, 3197 MiB, 49140 MiB, 275.47 W, 300.00 W, 71, 2475 MHz
2026/09/23 06:03:47.201, 0, 92 %, 75 %, 3197 MiB, 49140 MiB, 275.17 W, 300.00 W, 70, 2415 MHz
2026/09/23 06:03:48.202, 0, 90 %, 77 %, 3197 MiB, 49140 MiB, 275.18 W, 300.00 W, 71, 2220 MHz
2026/09/23 06:03:49.203, 0, 89 %, 72 %, 3197 MiB, 49140 MiB, 275.77 W, 300.00 W, 72, 2400 MHz
2026/09/23 06:03:50.204, 0, 82 %, 69 %, 3197 MiB, 49140 MiB, 274.40 W, 300.00 W, 72, 2490 MHz
2026/09/23 06:03:51.205, 0, 89 %, 74 %, 3197 MiB, 49140 MiB, 277.34 W, 300.00 W, 72, 2415 MHz
2026/09/23 06:03:52.206, 0, 57 %, 34 %, 3197 MiB, 49140 MiB, 267.09 W, 300.00 W, 73, 2700 MHz
2026/09/23 06:03:53.206, 0, 47 %, 39 %, 3197 MiB, 49140 MiB, 126.72 W, 300.00 W, 70, 2370 MHz
2026/09/23 06:03:54.207, 0, 82 %, 68 %, 3197 MiB, 49140 MiB, 269.99 W, 300.00 W, 70, 2565 MHz
2026/09/23 06:03:55.207, 0, 87 %, 71 %, 3197 MiB, 49140 MiB, 278.22 W, 300.00 W, 71, 2520 MHz
2026/09/23 06:03:56.208, 0, 82 %, 69 %, 3197 MiB, 49140 MiB, 276.03 W, 300.00 W, 72, 2535 MHz
2026/09/23 06:03:57.209, 0, 87 %, 72 %, 3197 MiB, 49140 MiB, 277.49 W, 300.00 W, 72, 2580 MHz
2026/09/23 06:03:58.210, 0, 91 %, 75 %, 3197 MiB, 49140 MiB, 278.57 W, 300.00 W, 71, 2400 MHz
2026/09/23 06:03:59.211, 0, 84 %, 69 %, 3197 MiB, 49140 MiB, 280.23 W, 300.00 W, 71, 2370 MHz
2026/09/23 06:04:00.212, 0, 83 %, 70 %, 3197 MiB, 49140 MiB, 279.29 W, 300.00 W, 72, 2370 MHz
2026/09/23 06:04:01.212, 0, 88 %, 76 %, 3197 MiB, 49140 MiB, 277.20 W, 300.00 W, 72, 2385 MHz
2026/09/23 06:04:02.213, 0, 89 %, 72 %, 3197 MiB, 49140 MiB, 279.35 W, 300.00 W, 73, 2430 MHz
2026/09/23 06:04:03.214, 0, 82 %, 68 %, 3197 MiB, 49140 MiB, 278.11 W, 300.00 W, 71, 2415 MHz
2026/09/23 06:04:04.214, 0, 71 %, 41 %, 3197 MiB, 49140 MiB, 262.64 W, 300.00 W, 69, 2730 MHz
2026/09/23 06:04:05.215, 0, 86 %, 71 %, 3197 MiB, 49140 MiB, 127.29 W, 300.00 W, 69, 2445 MHz
2026/09/23 06:04:06.216, 0, 86 %, 74 %, 3197 MiB, 49140 MiB, 275.73 W, 300.00 W, 72, 2460 MHz
2026/09/23 06:04:07.216, 0, 92 %, 77 %, 3197 MiB, 49140 MiB, 281.12 W, 300.00 W, 72, 2430 MHz
2026/09/23 06:04:08.217, 0, 86 %, 72 %, 3197 MiB, 49140 MiB, 280.95 W, 300.00 W, 71, 2400 MHz
2026/09/23 06:04:09.218, 0, 88 %, 71 %, 3197 MiB, 49140 MiB, 279.01 W, 300.00 W, 71, 2475 MHz
2026/09/23 06:04:10.219, 0, 89 %, 76 %, 3197 MiB, 49140 MiB, 277.55 W, 300.00 W, 72, 2445 MHz
2026/09/23 06:04:11.220, 0, 81 %, 66 %, 3197 MiB, 49140 MiB, 280.55 W, 300.00 W, 72, 2520 MHz
2026/09/23 06:04:12.220, 0, 89 %, 74 %, 3197 MiB, 49140 MiB, 278.47 W, 300.00 W, 71, 2475 MHz
2026/09/23 06:04:13.221, 0, 89 %, 75 %, 3197 MiB, 49140 MiB, 278.81 W, 300.00 W, 72, 2445 MHz
2026/09/23 06:04:14.223, 0, 87 %, 73 %, 3197 MiB, 49140 MiB, 277.86 W, 300.00 W, 71, 2460 MHz
2026/09/23 06:04:15.224, 0, 86 %, 68 %, 3197 MiB, 49140 MiB, 278.22 W, 300.00 W, 71, 2520 MHz
2026/09/23 06:04:16.225, 0, 0 %, 0 %, 3197 MiB, 49140 MiB, 242.54 W, 300.00 W, 67, 2730 MHz
2026/09/23 06:04:17.225, 0, 88 %, 72 %, 3197 MiB, 49140 MiB, 130.79 W, 300.00 W, 70, 2445 MHz
2026/09/23 06:04:18.226, 0, 90 %, 74 %, 3197 MiB, 49140 MiB, 275.31 W, 300.00 W, 71, 2415 MHz
2026/09/23 06:04:19.226, 0, 88 %, 76 %, 3197 MiB, 49140 MiB, 278.52 W, 300.00 W, 72, 2445 MHz
2026/09/23 06:04:20.227, 0, 89 %, 73 %, 3197 MiB, 49140 MiB, 279.77 W, 300.00 W, 71, 2475 MHz
2026/09/23 06:04:21.228, 0, 90 %, 75 %, 3197 MiB, 49140 MiB, 279.80 W, 300.00 W, 71, 2430 MHz
2026/09/23 06:04:22.229, 0, 83 %, 68 %, 3197 MiB, 49140 MiB, 279.88 W, 300.00 W, 71, 2550 MHz
2026/09/23 06:04:23.230, 0, 84 %, 72 %, 3197 MiB, 49140 MiB, 278.48 W, 300.00 W, 73, 2265 MHz
2026/09/23 06:04:24.231, 0, 90 %, 76 %, 3197 MiB, 49140 MiB, 280.14 W, 300.00 W, 72, 2475 MHz
2026/09/23 06:04:25.232, 0, 87 %, 70 %, 3197 MiB, 49140 MiB, 278.65 W, 300.00 W, 72, 2460 MHz
2026/09/23 06:04:26.233, 0, 83 %, 67 %, 3197 MiB, 49140 MiB, 278.03 W, 300.00 W, 71, 2580 MHz
2026/09/23 06:04:27.234, 0, 87 %, 74 %, 3197 MiB, 49140 MiB, 278.20 W, 300.00 W, 72, 2475 MHz
2026/09/23 06:04:28.234, 0, 0 %, 0 %, 3197 MiB, 49140 MiB, 228.68 W, 300.00 W, 67, 2745 MHz
2026/09/23 06:04:29.235, 0, 83 %, 70 %, 3197 MiB, 49140 MiB, 139.82 W, 300.00 W, 71, 2565 MHz
2026/09/23 06:04:30.235, 0, 89 %, 75 %, 3197 MiB, 49140 MiB, 274.12 W, 300.00 W, 72, 2475 MHz
2026/09/23 06:04:31.236, 0, 89 %, 74 %, 3197 MiB, 49140 MiB, 280.24 W, 300.00 W, 70, 2490 MHz
2026/09/23 06:04:32.237, 0, 86 %, 72 %, 3197 MiB, 49140 MiB, 278.96 W, 300.00 W, 71, 2520 MHz
2026/09/23 06:04:33.238, 0, 80 %, 67 %, 3197 MiB, 49140 MiB, 276.48 W, 300.00 W, 72, 2520 MHz
2026/09/23 06:04:34.239, 0, 87 %, 71 %, 3197 MiB, 49140 MiB, 276.75 W, 300.00 W, 71, 2520 MHz
2026/09/23 06:04:35.239, 0, 83 %, 68 %, 3197 MiB, 49140 MiB, 280.21 W, 300.00 W, 71, 2475 MHz
2026/09/23 06:04:36.240, 0, 88 %, 73 %, 3197 MiB, 49140 MiB, 280.04 W, 300.00 W, 71, 2520 MHz
2026/09/23 06:04:37.241, 0, 89 %, 72 %, 3197 MiB, 49140 MiB, 277.99 W, 300.00 W, 72, 2400 MHz
2026/09/23 06:04:38.242, 0, 86 %, 70 %, 3197 MiB, 49140 MiB, 277.52 W, 300.00 W, 71, 2460 MHz
2026/09/23 06:04:39.243, 0, 84 %, 68 %, 3197 MiB, 49140 MiB, 277.65 W, 300.00 W, 71, 2550 MHz
2026/09/23 06:04:40.243, 0, 0 %, 0 %, 3197 MiB, 49140 MiB, 220.46 W, 300.00 W, 67, 2745 MHz
2026/09/23 06:04:41.245, 0, 0 %, 0 %, 3197 MiB, 49140 MiB, 107.99 W, 300.00 W, 66, 2745 MHz
2026/09/23 06:04:42.246, 0, 90 %, 72 %, 3197 MiB, 49140 MiB, 220.07 W, 300.00 W, 71, 2520 MHz
2026/09/23 06:04:43.248, 0, 89 %, 72 %, 3197 MiB, 49140 MiB, 280.47 W, 300.00 W, 71, 2370 MHz
2026/09/23 06:04:44.248, 0, 88 %, 75 %, 3197 MiB, 49140 MiB, 280.33 W, 300.00 W, 72, 2370 MHz
2026/09/23 06:04:45.249, 0, 85 %, 72 %, 3197 MiB, 49140 MiB, 280.42 W, 300.00 W, 73, 2325 MHz
2026/09/23 06:04:46.250, 0, 84 %, 68 %, 3197 MiB, 49140 MiB, 279.95 W, 300.00 W, 71, 2535 MHz
2026/09/23 06:04:47.251, 0, 86 %, 72 %, 3197 MiB, 49140 MiB, 276.37 W, 300.00 W, 71, 2535 MHz
2026/09/23 06:04:48.252, 0, 86 %, 73 %, 3197 MiB, 49140 MiB, 278.79 W, 300.00 W, 72, 2520 MHz
2026/09/23 06:04:49.252, 0, 87 %, 71 %, 3197 MiB, 49140 MiB, 280.89 W, 300.00 W, 72, 2415 MHz
2026/09/23 06:04:50.253, 0, 88 %, 72 %, 3197 MiB, 49140 MiB, 278.73 W, 300.00 W, 71, 2565 MHz
2026/09/23 06:04:51.253, 0, 89 %, 72 %, 3197 MiB, 49140 MiB, 280.14 W, 300.00 W, 72, 2385 MHz
2026/09/23 06:04:52.254, 0, 58 %, 34 %, 3197 MiB, 49140 MiB, 269.39 W, 300.00 W, 73, 2670 MHz
2026/09/23 06:04:53.254, 0, 54 %, 45 %, 3197 MiB, 49140 MiB, 128.32 W, 300.00 W, 70, 2550 MHz
2026/09/23 06:04:54.255, 0, 89 %, 74 %, 3197 MiB, 49140 MiB, 272.80 W, 300.00 W, 70, 2415 MHz
2026/09/23 06:04:55.256, 0, 83 %, 67 %, 3197 MiB, 49140 MiB, 276.85 W, 300.00 W, 71, 2535 MHz
2026/09/23 06:04:56.256, 0, 84 %, 69 %, 3197 MiB, 49140 MiB, 278.20 W, 300.00 W, 71, 2385 MHz
2026/09/23 06:04:57.257, 0, 85 %, 70 %, 3197 MiB, 49140 MiB, 276.78 W, 300.00 W, 71, 2460 MHz
2026/09/23 06:04:58.257, 0, 91 %, 74 %, 3197 MiB, 49140 MiB, 278.50 W, 300.00 W, 72, 2445 MHz
2026/09/23 06:04:59.258, 0, 86 %, 71 %, 3197 MiB, 49140 MiB, 279.26 W, 300.00 W, 71, 2325 MHz
2026/09/23 06:05:00.259, 0, 86 %, 72 %, 3197 MiB, 49140 MiB, 279.95 W, 300.00 W, 72, 2295 MHz
2026/09/23 06:05:01.260, 0, 86 %, 73 %, 3197 MiB, 49140 MiB, 279.90 W, 300.00 W, 72, 2460 MHz
2026/09/23 06:05:02.261, 0, 87 %, 70 %, 3197 MiB, 49140 MiB, 278.70 W, 300.00 W, 72, 2445 MHz
2026/09/23 06:05:03.261, 0, 82 %, 65 %, 3197 MiB, 49140 MiB, 279.15 W, 300.00 W, 72, 2475 MHz
2026/09/23 06:05:04.262, 0, 58 %, 35 %, 3197 MiB, 49140 MiB, 265.69 W, 300.00 W, 69, 2730 MHz
2026/09/23 06:05:05.263, 0, 85 %, 72 %, 3197 MiB, 49140 MiB, 132.95 W, 300.00 W, 71, 2550 MHz
2026/09/23 06:05:06.264, 0, 90 %, 76 %, 3197 MiB, 49140 MiB, 275.88 W, 300.00 W, 72, 2460 MHz
2026/09/23 06:05:07.265, 0, 89 %, 73 %, 3197 MiB, 49140 MiB, 278.19 W, 300.00 W, 71, 2415 MHz
2026/09/23 06:05:08.265, 0, 89 %, 73 %, 3197 MiB, 49140 MiB, 279.93 W, 300.00 W, 72, 2340 MHz
2026/09/23 06:05:09.266, 0, 85 %, 70 %, 3197 MiB, 49140 MiB, 279.76 W, 300.00 W, 72, 2235 MHz
2026/09/23 06:05:10.267, 0, 89 %, 74 %, 3197 MiB, 49140 MiB, 280.32 W, 300.00 W, 72, 2430 MHz
2026/09/23 06:05:11.268, 0, 87 %, 75 %, 3197 MiB, 49140 MiB, 278.20 W, 300.00 W, 72, 2475 MHz
2026/09/23 06:05:12.268, 0, 81 %, 69 %, 3197 MiB, 49140 MiB, 279.84 W, 300.00 W, 72, 2520 MHz
2026/09/23 06:05:13.269, 0, 86 %, 73 %, 3197 MiB, 49140 MiB, 278.81 W, 300.00 W, 72, 2520 MHz
2026/09/23 06:05:14.270, 0, 89 %, 73 %, 3197 MiB, 49140 MiB, 277.54 W, 300.00 W, 71, 2475 MHz
2026/09/23 06:05:15.271, 0, 88 %, 74 %, 3197 MiB, 49140 MiB, 279.87 W, 300.00 W, 72, 2415 MHz
2026/09/23 06:05:16.272, 0, 0 %, 0 %, 3197 MiB, 49140 MiB, 246.06 W, 300.00 W, 67, 2730 MHz
2026/09/23 06:05:17.272, 0, 91 %, 74 %, 3197 MiB, 49140 MiB, 130.05 W, 300.00 W, 72, 2415 MHz
2026/09/23 06:05:18.273, 0, 85 %, 72 %, 3197 MiB, 49140 MiB, 275.96 W, 300.00 W, 72, 2460 MHz
2026/09/23 06:05:19.274, 0, 90 %, 72 %, 3197 MiB, 49140 MiB, 277.51 W, 300.00 W, 71, 2475 MHz
2026/09/23 06:05:20.275, 0, 91 %, 74 %, 3197 MiB, 49140 MiB, 275.36 W, 300.00 W, 72, 2430 MHz
2026/09/23 06:05:21.276, 0, 87 %, 70 %, 3197 MiB, 49140 MiB, 275.65 W, 300.00 W, 72, 2475 MHz
2026/09/23 06:05:22.276, 0, 85 %, 70 %, 3197 MiB, 49140 MiB, 274.45 W, 300.00 W, 70, 2460 MHz
2026/09/23 06:05:23.277, 0, 87 %, 75 %, 3197 MiB, 49140 MiB, 274.49 W, 300.00 W, 72, 2460 MHz
2026/09/23 06:05:24.278, 0, 87 %, 72 %, 3197 MiB, 49140 MiB, 276.15 W, 300.00 W, 71, 2400 MHz
2026/09/23 06:05:25.278, 0, 90 %, 74 %, 3197 MiB, 49140 MiB, 276.16 W, 300.00 W, 71, 2415 MHz
2026/09/23 06:05:26.279, 0, 90 %, 76 %, 3197 MiB, 49140 MiB, 275.70 W, 300.00 W, 72, 2370 MHz
2026/09/23 06:05:27.280, 0, 92 %, 76 %, 3197 MiB, 49140 MiB, 277.43 W, 300.00 W, 71, 2370 MHz
2026/09/23 06:05:28.281, 0, 0 %, 0 %, 3197 MiB, 49140 MiB, 225.04 W, 300.00 W, 67, 2745 MHz
2026/09/23 06:05:29.281, 0, 86 %, 73 %, 3197 MiB, 49140 MiB, 147.54 W, 300.00 W, 71, 2565 MHz
2026/09/23 06:05:30.282, 0, 86 %, 72 %, 3197 MiB, 49140 MiB, 280.20 W, 300.00 W, 70, 2490 MHz
2026/09/23 06:05:31.282, 0, 91 %, 74 %, 3197 MiB, 49140 MiB, 279.75 W, 300.00 W, 71, 2535 MHz
2026/09/23 06:05:32.283, 0, 87 %, 69 %, 3197 MiB, 49140 MiB, 279.88 W, 300.00 W, 71, 2565 MHz
2026/09/23 06:05:33.284, 0, 88 %, 71 %, 3197 MiB, 49140 MiB, 278.99 W, 300.00 W, 71, 2520 MHz
2026/09/23 06:05:34.285, 0, 89 %, 72 %, 3197 MiB, 49140 MiB, 280.44 W, 300.00 W, 72, 2490 MHz
2026/09/23 06:05:35.286, 0, 89 %, 73 %, 3197 MiB, 49140 MiB, 279.47 W, 300.00 W, 72, 2400 MHz
2026/09/23 06:05:36.287, 0, 89 %, 73 %, 3197 MiB, 49140 MiB, 278.58 W, 300.00 W, 71, 2460 MHz
2026/09/23 06:05:37.288, 0, 88 %, 75 %, 3197 MiB, 49140 MiB, 278.34 W, 300.00 W, 72, 2505 MHz
2026/09/23 06:05:38.289, 0, 92 %, 77 %, 3197 MiB, 49140 MiB, 280.17 W, 300.00 W, 71, 2340 MHz
2026/09/23 06:05:39.289, 0, 88 %, 75 %, 3197 MiB, 49140 MiB, 279.88 W, 300.00 W, 73, 2490 MHz
2026/09/23 06:05:40.290, 0, 0 %, 0 %, 3197 MiB, 49140 MiB, 206.29 W, 300.00 W, 66, 2745 MHz
2026/09/23 06:05:41.291, 0, 89 %, 74 %, 3197 MiB, 49140 MiB, 175.30 W, 300.00 W, 70, 2490 MHz
2026/09/23 06:05:42.291, 0, 85 %, 72 %, 3197 MiB, 49140 MiB, 275.75 W, 300.00 W, 71, 2460 MHz
2026/09/23 06:05:43.292, 0, 91 %, 74 %, 3197 MiB, 49140 MiB, 279.10 W, 300.00 W, 71, 2505 MHz
2026/09/23 06:05:44.293, 0, 88 %, 70 %, 3197 MiB, 49140 MiB, 280.55 W, 300.00 W, 71, 2490 MHz
2026/09/23 06:05:45.294, 0, 87 %, 71 %, 3197 MiB, 49140 MiB, 277.99 W, 300.00 W, 71, 2565 MHz
2026/09/23 06:05:46.294, 0, 91 %, 74 %, 3197 MiB, 49140 MiB, 276.95 W, 300.00 W, 71, 2490 MHz
2026/09/23 06:05:47.295, 0, 89 %, 75 %, 3197 MiB, 49140 MiB, 279.86 W, 300.00 W, 71, 2505 MHz
2026/09/23 06:05:48.296, 0, 87 %, 72 %, 3197 MiB, 49140 MiB, 278.14 W, 300.00 W, 71, 2520 MHz
2026/09/23 06:05:49.297, 0, 84 %, 70 %, 3197 MiB, 49140 MiB, 277.48 W, 300.00 W, 71, 2535 MHz
2026/09/23 06:05:50.298, 0, 89 %, 74 %, 3197 MiB, 49140 MiB, 278.73 W, 300.00 W, 72, 2490 MHz
2026/09/23 06:05:51.298, 0, 89 %, 73 %, 3197 MiB, 49140 MiB, 279.45 W, 300.00 W, 70, 2610 MHz
2026/09/23 06:05:52.299, 0, 0 %, 0 %, 3197 MiB, 49140 MiB, 197.91 W, 300.00 W, 66, 2685 MHz
2026/09/23 06:05:53.299, 0, 86 %, 71 %, 3197 MiB, 49140 MiB, 165.67 W, 300.00 W, 71, 2415 MHz
2026/09/23 06:05:54.300, 0, 86 %, 72 %, 3197 MiB, 49140 MiB, 276.49 W, 300.00 W, 72, 2400 MHz
2026/09/23 06:05:55.303, 0, 93 %, 75 %, 3197 MiB, 49140 MiB, 277.73 W, 300.00 W, 71, 2580 MHz
2026/09/23 06:05:56.305, 0, 92 %, 74 %, 3197 MiB, 49140 MiB, 277.85 W, 300.00 W, 72, 2400 MHz
2026/09/23 06:05:57.305, 0, 89 %, 72 %, 3197 MiB, 49140 MiB, 277.54 W, 300.00 W, 70, 2430 MHz
2026/09/23 06:05:58.306, 0, 88 %, 71 %, 3197 MiB, 49140 MiB, 274.13 W, 300.00 W, 73, 2355 MHz
2026/09/23 06:05:59.306, 0, 87 %, 73 %, 3197 MiB, 49140 MiB, 279.08 W, 300.00 W, 73, 2355 MHz
2026/09/23 06:06:00.307, 0, 88 %, 71 %, 3197 MiB, 49140 MiB, 279.10 W, 300.00 W, 72, 2340 MHz
2026/09/23 06:06:01.308, 0, 89 %, 74 %, 3197 MiB, 49140 MiB, 279.11 W, 300.00 W, 72, 2400 MHz
2026/09/23 06:06:02.308, 0, 88 %, 75 %, 3197 MiB, 49140 MiB, 276.18 W, 300.00 W, 72, 2415 MHz
2026/09/23 06:06:03.309, 0, 61 %, 36 %, 3197 MiB, 49140 MiB, 266.98 W, 300.00 W, 72, 2715 MHz
2026/09/23 06:06:04.310, 0, 0 %, 0 %, 3197 MiB, 49140 MiB, 157.71 W, 300.00 W, 66, 2745 MHz
2026/09/23 06:06:05.311, 0, 87 %, 73 %, 3197 MiB, 49140 MiB, 213.71 W, 300.00 W, 72, 2460 MHz
2026/09/23 06:06:06.312, 0, 86 %, 73 %, 3197 MiB, 49140 MiB, 277.90 W, 300.00 W, 71, 2445 MHz
2026/09/23 06:06:07.313, 0, 80 %, 67 %, 3197 MiB, 49140 MiB, 279.54 W, 300.00 W, 73, 2370 MHz
2026/09/23 06:06:08.313, 0, 87 %, 73 %, 3197 MiB, 49140 MiB, 279.75 W, 300.00 W, 71, 2460 MHz
2026/09/23 06:06:09.314, 0, 89 %, 75 %, 3197 MiB, 49140 MiB, 281.30 W, 300.00 W, 71, 2460 MHz
2026/09/23 06:06:10.315, 0, 85 %, 69 %, 3197 MiB, 49140 MiB, 280.21 W, 300.00 W, 72, 2370 MHz
2026/09/23 06:06:11.316, 0, 90 %, 72 %, 3197 MiB, 49140 MiB, 279.26 W, 300.00 W, 72, 2475 MHz
2026/09/23 06:06:12.316, 0, 89 %, 71 %, 3197 MiB, 49140 MiB, 280.50 W, 300.00 W, 72, 2235 MHz
2026/09/23 06:06:13.317, 0, 86 %, 69 %, 3197 MiB, 49140 MiB, 280.74 W, 300.00 W, 71, 2520 MHz
2026/09/23 06:06:14.318, 0, 90 %, 73 %, 3197 MiB, 49140 MiB, 278.60 W, 300.00 W, 72, 2430 MHz
2026/09/23 06:06:15.318, 0, 60 %, 35 %, 3197 MiB, 49140 MiB, 273.25 W, 300.00 W, 71, 2580 MHz
2026/09/23 06:06:16.319, 0, 0 %, 0 %, 3197 MiB, 49140 MiB, 153.87 W, 300.00 W, 66, 2745 MHz
2026/09/23 06:06:17.320, 0, 79 %, 65 %, 3197 MiB, 49140 MiB, 226.72 W, 300.00 W, 71, 2475 MHz
2026/09/23 06:06:18.321, 0, 92 %, 77 %, 3197 MiB, 49140 MiB, 282.21 W, 300.00 W, 71, 2445 MHz
2026/09/23 06:06:19.322, 0, 88 %, 74 %, 3197 MiB, 49140 MiB, 278.27 W, 300.00 W, 72, 2460 MHz
2026/09/23 06:06:20.323, 0, 87 %, 73 %, 3197 MiB, 49140 MiB, 278.43 W, 300.00 W, 71, 2505 MHz
2026/09/23 06:06:21.323, 0, 88 %, 72 %, 3197 MiB, 49140 MiB, 276.79 W, 300.00 W, 72, 2400 MHz
2026/09/23 06:06:22.324, 0, 89 %, 72 %, 3197 MiB, 49140 MiB, 276.22 W, 300.00 W, 72, 2340 MHz
2026/09/23 06:06:23.325, 0, 92 %, 75 %, 3197 MiB, 49140 MiB, 276.73 W, 300.00 W, 71, 2430 MHz
2026/09/23 06:06:24.326, 0, 87 %, 72 %, 3197 MiB, 49140 MiB, 275.96 W, 300.00 W, 72, 2370 MHz
2026/09/23 06:06:25.326, 0, 88 %, 73 %, 3197 MiB, 49140 MiB, 277.57 W, 300.00 W, 72, 2430 MHz
2026/09/23 06:06:26.327, 0, 85 %, 70 %, 3197 MiB, 49140 MiB, 276.00 W, 300.00 W, 73, 2370 MHz
2026/09/23 06:06:27.327, 0, 56 %, 34 %, 3197 MiB, 49140 MiB, 265.73 W, 300.00 W, 71, 2610 MHz
2026/09/23 06:06:28.328, 0, 0 %, 0 %, 3197 MiB, 49140 MiB, 131.90 W, 300.00 W, 66, 2745 MHz
2026/09/23 06:06:29.329, 0, 0 %, 0 %, 1445 MiB, 49140 MiB, 85.79 W, 300.00 W, 65, 2745 MHz
2026/09/23 06:06:30.329, 0, 0 %, 0 %, 1447 MiB, 49140 MiB, 72.03 W, 300.00 W, 64, 2505 MHz
2026/09/23 06:06:31.330, 0, 0 %, 0 %, 1447 MiB, 49140 MiB, 69.68 W, 300.00 W, 64, 2505 MHz
2026/09/23 06:06:32.331, 0, 1 %, 0 %, 1447 MiB, 49140 MiB, 70.48 W, 300.00 W, 63, 2505 MHz
2026/09/23 06:06:33.331, 0, 0 %, 0 %, 1447 MiB, 49140 MiB, 78.87 W, 300.00 W, 62, 2505 MHz
2026/09/23 06:06:34.334, 0, 0 %, 0 %, 1447 MiB, 49140 MiB, 85.21 W, 300.00 W, 64, 2505 MHz
2026/09/23 06:06:35.334, 0, 0 %, 0 %, 1447 MiB, 49140 MiB, 82.37 W, 300.00 W, 61, 2505 MHz
2026/09/23 06:06:36.335, 0, 0 %, 0 %, 1447 MiB, 49140 MiB, 67.29 W, 300.00 W, 61, 2505 MHz
2026/09/23 06:06:37.335, 0, 0 %, 0 %, 1447 MiB, 49140 MiB, 67.04 W, 300.00 W, 61, 2505 MHz
2026/09/23 06:06:38.336, 0, 0 %, 0 %, 1447 MiB, 49140 MiB, 66.78 W, 300.00 W, 60, 2505 MHz
2026/09/23 06:06:39.336, 0, 0 %, 0 %, 1447 MiB, 49140 MiB, 66.70 W, 300.00 W, 60, 2505 MHz
2026/09/23 06:06:40.337, 0, 0 %, 0 %, 0 MiB, 49140 MiB, 66.74 W, 300.00 W, 59, 2505 MHz
2026/09/23 06:06:41.337, 0, 0 %, 0 %, 0 MiB, 49140 MiB, 67.58 W, 300.00 W, 59, 2505 MHz
2026/09/23 06:06:42.337, 0, 0 %, 0 %, 0 MiB, 49140 MiB, 67.62 W, 300.00 W, 59, 2505 MHz
2026/09/23 06:06:43.338, 0, 0 %, 0 %, 0 MiB, 49140 MiB, 62.37 W, 300.00 W, 58, 720 MHz
2026/09/23 06:06:44.338, 0, 0 %, 0 %, 0 MiB, 49140 MiB, 48.52 W, 300.00 W, 57, 450 MHz
2026/09/23 06:06:45.339, 0, 0 %, 0 %, 0 MiB, 49140 MiB, 32.99 W, 300.00 W, 57, 285 MHz
2026/09/23 06:06:46.339, 0, 0 %, 0 %, 0 MiB, 49140 MiB, 29.58 W, 300.00 W, 56, 210 MHz
2026/09/23 06:06:47.340, 0, 0 %, 0 %, 0 MiB, 49140 MiB, 28.26 W, 300.00 W, 56, 210 MHz
2026/09/23 06:06:48.341, 0, 0 %, 0 %, 0 MiB, 49140 MiB, 28.15 W, 300.00 W, 56, 210 MHz
2026/09/23 06:06:49.341, 0, 0 %, 0 %, 0 MiB, 49140 MiB, 27.99 W, 300.00 W, 55, 210 MHz
2026/09/23 06:06:50.342, 0, 0 %, 0 %, 0 MiB, 49140 MiB, 27.84 W, 300.00 W, 55, 210 MHz
2026/09/23 06:06:51.342, 0, 0 %, 0 %, 763 MiB, 49140 MiB, 35.40 W, 300.00 W, 55, 2505 MHz
2026/09/23 06:06:52.343, 0, 5 %, 0 %, 1025 MiB, 49140 MiB, 69.46 W, 300.00 W, 55, 2505 MHz
2026/09/23 06:06:53.343, 0, 52 %, 11 %, 715 MiB, 49140 MiB, 105.83 W, 300.00 W, 57, 2745 MHz
2026/09/23 06:06:54.344, 0, 54 %, 14 %, 715 MiB, 49140 MiB, 146.78 W, 300.00 W, 59, 2745 MHz
2026/09/23 06:06:55.345, 0, 51 %, 11 %, 715 MiB, 49140 MiB, 155.86 W, 300.00 W, 58, 2745 MHz
2026/09/23 06:06:56.350, 0, 59 %, 21 %, 715 MiB, 49140 MiB, 155.46 W, 300.00 W, 58, 2730 MHz
2026/09/23 06:06:57.351, 0, 53 %, 14 %, 715 MiB, 49140 MiB, 167.43 W, 300.00 W, 59, 2745 MHz
2026/09/23 06:06:58.351, 0, 53 %, 14 %, 715 MiB, 49140 MiB, 164.68 W, 300.00 W, 60, 2745 MHz
2026/09/23 06:06:59.352, 0, 51 %, 16 %, 923 MiB, 49140 MiB, 165.10 W, 300.00 W, 59, 2670 MHz
2026/09/23 06:07:00.352, 0, 54 %, 15 %, 715 MiB, 49140 MiB, 163.18 W, 300.00 W, 59, 2670 MHz
2026/09/23 06:07:01.353, 0, 60 %, 21 %, 1161 MiB, 49140 MiB, 171.59 W, 300.00 W, 59, 2730 MHz
2026/09/23 06:07:02.353, 0, 60 %, 20 %, 715 MiB, 49140 MiB, 173.25 W, 300.00 W, 62, 2745 MHz
2026/09/23 06:07:03.354, 0, 56 %, 15 %, 715 MiB, 49140 MiB, 165.47 W, 300.00 W, 59, 2700 MHz
2026/09/23 06:07:04.354, 0, 43 %, 11 %, 715 MiB, 49140 MiB, 145.38 W, 300.00 W, 58, 2745 MHz
2026/09/23 06:07:05.355, 0, 0 %, 0 %, 715 MiB, 49140 MiB, 97.22 W, 300.00 W, 57, 2745 MHz
