timestamp, index, utilization.gpu [%], utilization.memory [%], memory.used [MiB], memory.total [MiB], power.draw [W], power.limit [W], temperature.gpu, clocks.current.sm [MHz]
2026/09/23 15:00:55.430, 0, 0 %, 0 %, 0 MiB, 49140 MiB, 74.71 W, 300.00 W, 56, 2505 MHz
2026/09/23 15:00:56.434, 0, 0 %, 0 %, 0 MiB, 49140 MiB, 67.40 W, 300.00 W, 56, 2505 MHz
2026/09/23 15:00:57.434, 0, 0 %, 0 %, 0 MiB, 49140 MiB, 48.05 W, 300.00 W, 55, 525 MHz
2026/09/23 15:00:58.435, 0, 0 %, 0 %, 0 MiB, 49140 MiB, 41.11 W, 300.00 W, 54, 330 MHz
2026/09/23 15:00:59.435, 0, 0 %, 0 %, 633 MiB, 49140 MiB, 32.65 W, 300.00 W, 54, 210 MHz
2026/09/23 15:01:00.436, 0, 0 %, 0 %, 633 MiB, 49140 MiB, 54.73 W, 300.00 W, 54, 2505 MHz
2026/09/23 15:01:01.436, 0, 0 %, 0 %, 633 MiB, 49140 MiB, 60.54 W, 300.00 W, 54, 2505 MHz
2026/09/23 15:01:02.437, 0, 0 %, 0 %, 633 MiB, 49140 MiB, 61.51 W, 300.00 W, 54, 2505 MHz
2026/09/23 15:01:03.438, 0, 0 %, 0 %, 633 MiB, 49140 MiB, 61.47 W, 300.00 W, 54, 2505 MHz
2026/09/23 15:01:04.442, 0, 0 %, 0 %, 633 MiB, 49140 MiB, 61.26 W, 300.00 W, 54, 2505 MHz
2026/09/23 15:01:05.442, 0, 0 %, 0 %, 653 MiB, 49140 MiB, 61.36 W, 300.00 W, 54, 2505 MHz
2026/09/23 15:01:06.443, 0, 0 %, 0 %, 653 MiB, 49140 MiB, 61.42 W, 300.00 W, 54, 2505 MHz
2026/09/23 15:01:07.443, 0, 1 %, 0 %, 2137 MiB, 49140 MiB, 61.88 W, 300.00 W, 54, 2505 MHz
2026/09/23 15:01:08.444, 0, 16 %, 2 %, 4285 MiB, 49140 MiB, 113.88 W, 300.00 W, 59, 2745 MHz
2026/09/23 15:01:09.444, 0, 100 %, 62 %, 4897 MiB, 49140 MiB, 132.15 W, 300.00 W, 56, 2745 MHz
2026/09/23 15:01:10.445, 0, 0 %, 0 %, 5259 MiB, 49140 MiB, 81.36 W, 300.00 W, 54, 2745 MHz
2026/09/23 15:01:11.445, 0, 0 %, 0 %, 5529 MiB, 49140 MiB, 92.13 W, 300.00 W, 54, 2745 MHz
2026/09/23 15:01:12.446, 0, 0 %, 0 %, 4627 MiB, 49140 MiB, 101.72 W, 300.00 W, 54, 2745 MHz
2026/09/23 15:01:13.446, 0, 0 %, 0 %, 4539 MiB, 49140 MiB, 104.40 W, 300.00 W, 54, 2745 MHz
2026/09/23 15:01:14.447, 0, 0 %, 0 %, 4675 MiB, 49140 MiB, 85.11 W, 300.00 W, 54, 2745 MHz
2026/09/23 15:01:15.447, 0, 9 %, 1 %, 4403 MiB, 49140 MiB, 90.92 W, 300.00 W, 54, 2745 MHz
2026/09/23 15:01:16.447, 0, 9 %, 2 %, 4403 MiB, 49140 MiB, 87.04 W, 300.00 W, 54, 2610 MHz
2026/09/23 15:01:17.448, 0, 7 %, 1 %, 4471 MiB, 49140 MiB, 70.95 W, 300.00 W, 53, 2610 MHz
2026/09/23 15:01:18.448, 0, 0 %, 0 %, 4245 MiB, 49140 MiB, 71.51 W, 300.00 W, 53, 2505 MHz
2026/09/23 15:01:19.449, 0, 19 %, 9 %, 4245 MiB, 49140 MiB, 70.49 W, 300.00 W, 53, 2505 MHz
2026/09/23 15:01:20.449, 0, 0 %, 0 %, 4279 MiB, 49140 MiB, 63.71 W, 300.00 W, 53, 2505 MHz
2026/09/23 15:01:21.450, 0, 0 %, 0 %, 4211 MiB, 49140 MiB, 67.24 W, 300.00 W, 53, 2505 MHz
2026/09/23 15:01:22.450, 0, 0 %, 0 %, 4211 MiB, 49140 MiB, 66.95 W, 300.00 W, 53, 2505 MHz
2026/09/23 15:01:23.451, 0, 0 %, 0 %, 4199 MiB, 49140 MiB, 62.40 W, 300.00 W, 52, 2505 MHz
2026/09/23 15:01:24.451, 0, 0 %, 0 %, 4199 MiB, 49140 MiB, 66.71 W, 300.00 W, 52, 2505 MHz
2026/09/23 15:01:25.452, 0, 0 %, 0 %, 4199 MiB, 49140 MiB, 65.11 W, 300.00 W, 52, 2505 MHz
2026/09/23 15:01:26.452, 0, 0 %, 0 %, 4199 MiB, 49140 MiB, 61.22 W, 300.00 W, 52, 2505 MHz
2026/09/23 15:01:27.453, 0, 0 %, 0 %, 4179 MiB, 49140 MiB, 60.86 W, 300.00 W, 52, 2505 MHz
2026/09/23 15:01:28.453, 0, 2 %, 0 %, 4179 MiB, 49140 MiB, 60.22 W, 300.00 W, 52, 2505 MHz
2026/09/23 15:01:29.454, 0, 0 %, 0 %, 4179 MiB, 49140 MiB, 59.89 W, 300.00 W, 52, 2505 MHz
2026/09/23 15:01:30.454, 0, 0 %, 0 %, 4249 MiB, 49140 MiB, 63.26 W, 300.00 W, 52, 2505 MHz
2026/09/23 15:01:31.455, 0, 18 %, 13 %, 4905 MiB, 49140 MiB, 82.79 W, 300.00 W, 52, 2505 MHz
2026/09/23 15:01:32.455, 0, 0 %, 0 %, 6037 MiB, 49140 MiB, 65.84 W, 300.00 W, 52, 2505 MHz
2026/09/23 15:01:33.456, 0, 97 %, 89 %, 6037 MiB, 49140 MiB, 213.47 W, 300.00 W, 58, 1845 MHz
2026/09/23 15:01:34.458, 0, 98 %, 89 %, 6037 MiB, 49140 MiB, 280.86 W, 300.00 W, 59, 2025 MHz
2026/09/23 15:01:35.462, 0, 97 %, 90 %, 6037 MiB, 49140 MiB, 281.98 W, 300.00 W, 58, 2070 MHz
2026/09/23 15:01:36.462, 0, 97 %, 88 %, 6037 MiB, 49140 MiB, 281.20 W, 300.00 W, 60, 2310 MHz
2026/09/23 15:01:37.463, 0, 95 %, 86 %, 6037 MiB, 49140 MiB, 282.63 W, 300.00 W, 61, 2100 MHz
2026/09/23 15:01:38.464, 0, 97 %, 89 %, 6037 MiB, 49140 MiB, 281.59 W, 300.00 W, 63, 2145 MHz
2026/09/23 15:01:39.465, 0, 96 %, 87 %, 6037 MiB, 49140 MiB, 283.58 W, 300.00 W, 62, 2010 MHz
2026/09/23 15:01:40.466, 0, 97 %, 86 %, 6037 MiB, 49140 MiB, 281.05 W, 300.00 W, 63, 1935 MHz
2026/09/23 15:01:41.467, 0, 95 %, 86 %, 6037 MiB, 49140 MiB, 281.23 W, 300.00 W, 63, 1905 MHz
2026/09/23 15:01:42.468, 0, 98 %, 88 %, 6037 MiB, 49140 MiB, 282.96 W, 300.00 W, 64, 1995 MHz
2026/09/23 15:01:43.468, 0, 97 %, 84 %, 6037 MiB, 49140 MiB, 284.44 W, 300.00 W, 63, 2220 MHz
2026/09/23 15:01:44.469, 0, 97 %, 82 %, 6037 MiB, 49140 MiB, 281.92 W, 300.00 W, 64, 2070 MHz
2026/09/23 15:01:45.469, 0, 97 %, 88 %, 6037 MiB, 49140 MiB, 283.50 W, 300.00 W, 63, 2190 MHz
2026/09/23 15:01:46.470, 0, 97 %, 87 %, 6037 MiB, 49140 MiB, 281.62 W, 300.00 W, 64, 2130 MHz
2026/09/23 15:01:47.471, 0, 97 %, 89 %, 6037 MiB, 49140 MiB, 281.97 W, 300.00 W, 64, 2160 MHz
2026/09/23 15:01:48.473, 0, 98 %, 90 %, 6037 MiB, 49140 MiB, 283.74 W, 300.00 W, 64, 2280 MHz
2026/09/23 15:01:49.474, 0, 98 %, 89 %, 6037 MiB, 49140 MiB, 282.15 W, 300.00 W, 65, 2160 MHz
2026/09/23 15:01:50.475, 0, 96 %, 87 %, 6037 MiB, 49140 MiB, 283.50 W, 300.00 W, 64, 2205 MHz
2026/09/23 15:01:51.476, 0, 98 %, 89 %, 6037 MiB, 49140 MiB, 283.50 W, 300.00 W, 66, 2130 MHz
2026/09/23 15:01:52.477, 0, 98 %, 89 %, 6037 MiB, 49140 MiB, 282.23 W, 300.00 W, 66, 1935 MHz
2026/09/23 15:01:53.478, 0, 98 %, 86 %, 6037 MiB, 49140 MiB, 284.37 W, 300.00 W, 66, 2040 MHz
2026/09/23 15:01:54.478, 0, 98 %, 88 %, 6037 MiB, 49140 MiB, 261.31 W, 300.00 W, 61, 2505 MHz
2026/09/23 15:01:55.479, 0, 0 %, 0 %, 1783 MiB, 49140 MiB, 68.15 W, 300.00 W, 60, 2505 MHz
2026/09/23 15:01:56.479, 0, 18 %, 1 %, 2269 MiB, 49140 MiB, 109.22 W, 300.00 W, 62, 2625 MHz
2026/09/23 15:01:57.480, 0, 79 %, 60 %, 2269 MiB, 49140 MiB, 223.80 W, 300.00 W, 66, 1755 MHz
2026/09/23 15:01:58.480, 0, 8 %, 0 %, 2269 MiB, 49140 MiB, 177.19 W, 300.00 W, 60, 2745 MHz
2026/09/23 15:01:59.481, 0, 0 %, 0 %, 6159 MiB, 49140 MiB, 90.92 W, 300.00 W, 63, 2325 MHz
2026/09/23 15:02:00.483, 0, 98 %, 89 %, 6159 MiB, 49140 MiB, 283.78 W, 300.00 W, 65, 2235 MHz
2026/09/23 15:02:01.484, 0, 97 %, 84 %, 6159 MiB, 49140 MiB, 282.54 W, 300.00 W, 67, 1920 MHz
2026/09/23 15:02:02.484, 0, 96 %, 86 %, 6159 MiB, 49140 MiB, 286.77 W, 300.00 W, 67, 1920 MHz
2026/09/23 15:02:03.485, 0, 97 %, 88 %, 6159 MiB, 49140 MiB, 284.26 W, 300.00 W, 68, 1755 MHz
2026/09/23 15:02:04.485, 0, 95 %, 85 %, 6159 MiB, 49140 MiB, 285.45 W, 300.00 W, 66, 2175 MHz
2026/09/23 15:02:05.486, 0, 97 %, 87 %, 6159 MiB, 49140 MiB, 284.52 W, 300.00 W, 67, 2085 MHz
2026/09/23 15:02:06.487, 0, 98 %, 89 %, 6159 MiB, 49140 MiB, 285.36 W, 300.00 W, 66, 2235 MHz
2026/09/23 15:02:07.488, 0, 98 %, 88 %, 6159 MiB, 49140 MiB, 284.64 W, 300.00 W, 67, 2070 MHz
2026/09/23 15:02:08.489, 0, 97 %, 84 %, 6159 MiB, 49140 MiB, 282.58 W, 300.00 W, 68, 1950 MHz
2026/09/23 15:02:09.490, 0, 95 %, 85 %, 6159 MiB, 49140 MiB, 284.66 W, 300.00 W, 66, 2325 MHz
2026/09/23 15:02:10.490, 0, 98 %, 88 %, 6159 MiB, 49140 MiB, 283.32 W, 300.00 W, 68, 2040 MHz
2026/09/23 15:02:11.492, 0, 98 %, 87 %, 6159 MiB, 49140 MiB, 285.28 W, 300.00 W, 68, 2025 MHz
2026/09/23 15:02:12.495, 0, 98 %, 85 %, 6159 MiB, 49140 MiB, 285.18 W, 300.00 W, 68, 1875 MHz
2026/09/23 15:02:13.496, 0, 95 %, 85 %, 6159 MiB, 49140 MiB, 285.43 W, 300.00 W, 69, 1800 MHz
2026/09/23 15:02:14.497, 0, 98 %, 89 %, 6159 MiB, 49140 MiB, 285.89 W, 300.00 W, 68, 2175 MHz
2026/09/23 15:02:15.499, 0, 96 %, 87 %, 6159 MiB, 49140 MiB, 287.62 W, 300.00 W, 68, 2085 MHz
2026/09/23 15:02:16.500, 0, 97 %, 82 %, 6159 MiB, 49140 MiB, 284.95 W, 300.00 W, 70, 1860 MHz
2026/09/23 15:02:17.500, 0, 95 %, 85 %, 6159 MiB, 49140 MiB, 287.06 W, 300.00 W, 69, 1980 MHz
2026/09/23 15:02:18.501, 0, 96 %, 86 %, 6159 MiB, 49140 MiB, 285.34 W, 300.00 W, 69, 2055 MHz
2026/09/23 15:02:19.503, 0, 98 %, 86 %, 6159 MiB, 49140 MiB, 284.50 W, 300.00 W, 70, 1905 MHz
2026/09/23 15:02:20.503, 0, 96 %, 83 %, 6159 MiB, 49140 MiB, 286.92 W, 300.00 W, 70, 1815 MHz
2026/09/23 15:02:21.504, 0, 97 %, 87 %, 6159 MiB, 49140 MiB, 285.37 W, 300.00 W, 71, 2100 MHz
2026/09/23 15:02:22.505, 0, 92 %, 64 %, 6159 MiB, 49140 MiB, 276.36 W, 300.00 W, 65, 2640 MHz
2026/09/23 15:02:23.505, 0, 0 %, 0 %, 6159 MiB, 49140 MiB, 79.37 W, 300.00 W, 63, 2640 MHz
2026/09/23 15:02:24.506, 0, 0 %, 0 %, 6159 MiB, 49140 MiB, 142.91 W, 300.00 W, 68, 2250 MHz
2026/09/23 15:02:25.507, 0, 97 %, 84 %, 6159 MiB, 49140 MiB, 285.97 W, 300.00 W, 70, 1845 MHz
2026/09/23 15:02:26.508, 0, 95 %, 85 %, 6159 MiB, 49140 MiB, 286.69 W, 300.00 W, 69, 2070 MHz
2026/09/23 15:02:27.509, 0, 97 %, 86 %, 6159 MiB, 49140 MiB, 284.08 W, 300.00 W, 69, 1770 MHz
2026/09/23 15:02:28.510, 0, 95 %, 83 %, 6159 MiB, 49140 MiB, 284.80 W, 300.00 W, 70, 2130 MHz
2026/09/23 15:02:29.510, 0, 98 %, 85 %, 6159 MiB, 49140 MiB, 287.74 W, 300.00 W, 70, 1995 MHz
2026/09/23 15:02:30.512, 0, 97 %, 87 %, 6159 MiB, 49140 MiB, 283.24 W, 300.00 W, 70, 1755 MHz
2026/09/23 15:02:31.513, 0, 97 %, 83 %, 6159 MiB, 49140 MiB, 286.67 W, 300.00 W, 70, 2145 MHz
2026/09/23 15:02:32.514, 0, 97 %, 86 %, 6159 MiB, 49140 MiB, 286.09 W, 300.00 W, 71, 2085 MHz
2026/09/23 15:02:33.515, 0, 96 %, 86 %, 6159 MiB, 49140 MiB, 285.51 W, 300.00 W, 70, 1695 MHz
2026/09/23 15:02:34.516, 0, 97 %, 82 %, 6159 MiB, 49140 MiB, 286.61 W, 300.00 W, 71, 2145 MHz
2026/09/23 15:02:35.516, 0, 95 %, 84 %, 6159 MiB, 49140 MiB, 287.06 W, 300.00 W, 70, 2085 MHz
2026/09/23 15:02:36.517, 0, 98 %, 87 %, 6159 MiB, 49140 MiB, 286.09 W, 300.00 W, 70, 1695 MHz
2026/09/23 15:02:37.519, 0, 97 %, 83 %, 6159 MiB, 49140 MiB, 286.76 W, 300.00 W, 71, 2145 MHz
2026/09/23 15:02:38.520, 0, 95 %, 84 %, 6159 MiB, 49140 MiB, 288.09 W, 300.00 W, 71, 2085 MHz
2026/09/23 15:02:39.521, 0, 97 %, 85 %, 6159 MiB, 49140 MiB, 286.35 W, 300.00 W, 70, 1680 MHz
2026/09/23 15:02:40.522, 0, 97 %, 82 %, 6159 MiB, 49140 MiB, 287.52 W, 300.00 W, 72, 2205 MHz
2026/09/23 15:02:41.523, 0, 96 %, 85 %, 6159 MiB, 49140 MiB, 287.76 W, 300.00 W, 70, 2010 MHz
2026/09/23 15:02:42.524, 0, 97 %, 87 %, 6159 MiB, 49140 MiB, 286.52 W, 300.00 W, 70, 1695 MHz
2026/09/23 15:02:43.526, 0, 97 %, 81 %, 6159 MiB, 49140 MiB, 286.78 W, 300.00 W, 72, 2100 MHz
2026/09/23 15:02:44.526, 0, 89 %, 79 %, 6159 MiB, 49140 MiB, 286.25 W, 300.00 W, 70, 1845 MHz
2026/09/23 15:02:45.527, 0, 98 %, 88 %, 6159 MiB, 49140 MiB, 287.37 W, 300.00 W, 71, 1920 MHz
2026/09/23 15:02:46.528, 0, 96 %, 85 %, 6159 MiB, 49140 MiB, 286.90 W, 300.00 W, 73, 1725 MHz
2026/09/23 15:02:47.529, 0, 93 %, 65 %, 6159 MiB, 49140 MiB, 243.61 W, 300.00 W, 66, 2730 MHz
2026/09/23 15:02:48.529, 0, 0 %, 0 %, 6159 MiB, 49140 MiB, 85.42 W, 300.00 W, 65, 2730 MHz
2026/09/23 15:02:49.530, 0, 95 %, 86 %, 6159 MiB, 49140 MiB, 195.73 W, 300.00 W, 71, 1965 MHz
2026/09/23 15:02:50.531, 0, 97 %, 87 %, 6159 MiB, 49140 MiB, 286.22 W, 300.00 W, 70, 1875 MHz
2026/09/23 15:02:51.532, 0, 96 %, 87 %, 6159 MiB, 49140 MiB, 284.92 W, 300.00 W, 71, 2115 MHz
2026/09/23 15:02:52.533, 0, 98 %, 84 %, 6159 MiB, 49140 MiB, 288.32 W, 300.00 W, 72, 1905 MHz
2026/09/23 15:02:53.534, 0, 98 %, 88 %, 6159 MiB, 49140 MiB, 286.33 W, 300.00 W, 71, 1995 MHz
2026/09/23 15:02:54.534, 0, 95 %, 85 %, 6159 MiB, 49140 MiB, 286.40 W, 300.00 W, 72, 2220 MHz
2026/09/23 15:02:55.535, 0, 96 %, 86 %, 6159 MiB, 49140 MiB, 288.15 W, 300.00 W, 72, 1950 MHz
2026/09/23 15:02:56.536, 0, 97 %, 87 %, 6159 MiB, 49140 MiB, 286.03 W, 300.00 W, 72, 1725 MHz
2026/09/23 15:02:57.538, 0, 96 %, 82 %, 6159 MiB, 49140 MiB, 286.77 W, 300.00 W, 72, 2145 MHz
2026/09/23 15:02:58.539, 0, 97 %, 86 %, 6159 MiB, 49140 MiB, 288.34 W, 300.00 W, 71, 2100 MHz
2026/09/23 15:02:59.539, 0, 98 %, 88 %, 6159 MiB, 49140 MiB, 287.48 W, 300.00 W, 71, 1695 MHz
2026/09/23 15:03:00.540, 0, 98 %, 84 %, 6159 MiB, 49140 MiB, 286.87 W, 300.00 W, 73, 2010 MHz
2026/09/23 15:03:01.542, 0, 96 %, 85 %, 6159 MiB, 49140 MiB, 286.82 W, 300.00 W, 70, 1860 MHz
2026/09/23 15:03:02.543, 0, 95 %, 85 %, 6159 MiB, 49140 MiB, 287.47 W, 300.00 W, 72, 1995 MHz
2026/09/23 15:03:03.545, 0, 98 %, 88 %, 6159 MiB, 49140 MiB, 287.81 W, 300.00 W, 72, 1920 MHz
2026/09/23 15:03:04.547, 0, 96 %, 83 %, 6159 MiB, 49140 MiB, 286.46 W, 300.00 W, 71, 1815 MHz
2026/09/23 15:03:05.547, 0, 98 %, 87 %, 6159 MiB, 49140 MiB, 287.42 W, 300.00 W, 72, 2160 MHz
2026/09/23 15:03:06.548, 0, 97 %, 85 %, 6159 MiB, 49140 MiB, 289.18 W, 300.00 W, 72, 2085 MHz
2026/09/23 15:03:07.550, 0, 94 %, 84 %, 6159 MiB, 49140 MiB, 285.86 W, 300.00 W, 71, 1665 MHz
2026/09/23 15:03:08.551, 0, 97 %, 87 %, 6159 MiB, 49140 MiB, 285.69 W, 300.00 W, 73, 2055 MHz
2026/09/23 15:03:09.553, 0, 95 %, 84 %, 6159 MiB, 49140 MiB, 287.59 W, 300.00 W, 71, 1755 MHz
2026/09/23 15:03:10.553, 0, 97 %, 87 %, 6159 MiB, 49140 MiB, 288.52 W, 300.00 W, 72, 2265 MHz
2026/09/23 15:03:11.554, 0, 94 %, 66 %, 6159 MiB, 49140 MiB, 294.86 W, 300.00 W, 71, 2490 MHz
2026/09/23 15:03:12.554, 0, 0 %, 0 %, 6159 MiB, 49140 MiB, 111.77 W, 300.00 W, 66, 2730 MHz
2026/09/23 15:03:13.555, 0, 97 %, 88 %, 6159 MiB, 49140 MiB, 140.01 W, 300.00 W, 72, 2040 MHz
2026/09/23 15:03:14.556, 0, 97 %, 86 %, 6159 MiB, 49140 MiB, 288.66 W, 300.00 W, 70, 1800 MHz
2026/09/23 15:03:15.557, 0, 97 %, 86 %, 6159 MiB, 49140 MiB, 287.46 W, 300.00 W, 71, 1995 MHz
2026/09/23 15:03:16.558, 0, 98 %, 84 %, 6159 MiB, 49140 MiB, 285.21 W, 300.00 W, 72, 2145 MHz
2026/09/23 15:03:17.559, 0, 98 %, 88 %, 6159 MiB, 49140 MiB, 287.95 W, 300.00 W, 72, 2205 MHz
2026/09/23 15:03:18.561, 0, 98 %, 88 %, 6159 MiB, 49140 MiB, 288.00 W, 300.00 W, 72, 1710 MHz
2026/09/23 15:03:19.562, 0, 97 %, 82 %, 6159 MiB, 49140 MiB, 286.44 W, 300.00 W, 72, 2160 MHz
2026/09/23 15:03:20.562, 0, 97 %, 87 %, 6159 MiB, 49140 MiB, 287.77 W, 300.00 W, 72, 2040 MHz
2026/09/23 15:03:21.563, 0, 97 %, 86 %, 6159 MiB, 49140 MiB, 288.70 W, 300.00 W, 73, 1710 MHz
2026/09/23 15:03:22.564, 0, 94 %, 84 %, 6159 MiB, 49140 MiB, 286.00 W, 300.00 W, 71, 1965 MHz
2026/09/23 15:03:23.565, 0, 96 %, 86 %, 6159 MiB, 49140 MiB, 285.70 W, 300.00 W, 73, 1770 MHz
2026/09/23 15:03:24.566, 0, 97 %, 83 %, 6159 MiB, 49140 MiB, 287.13 W, 300.00 W, 71, 2025 MHz
2026/09/23 15:03:25.567, 0, 97 %, 86 %, 6159 MiB, 49140 MiB, 288.33 W, 300.00 W, 72, 1845 MHz
2026/09/23 15:03:26.568, 0, 96 %, 86 %, 6159 MiB, 49140 MiB, 286.93 W, 300.00 W, 73, 2130 MHz
2026/09/23 15:03:27.569, 0, 97 %, 87 %, 6159 MiB, 49140 MiB, 288.83 W, 300.00 W, 72, 2100 MHz
2026/09/23 15:03:28.569, 0, 97 %, 84 %, 6159 MiB, 49140 MiB, 288.20 W, 300.00 W, 72, 1740 MHz
2026/09/23 15:03:29.570, 0, 96 %, 84 %, 6159 MiB, 49140 MiB, 286.57 W, 300.00 W, 72, 1830 MHz
2026/09/23 15:03:30.573, 0, 98 %, 87 %, 6159 MiB, 49140 MiB, 287.58 W, 300.00 W, 74, 1935 MHz
2026/09/23 15:03:31.574, 0, 97 %, 84 %, 6159 MiB, 49140 MiB, 287.99 W, 300.00 W, 71, 2025 MHz
2026/09/23 15:03:32.575, 0, 98 %, 88 %, 6159 MiB, 49140 MiB, 288.50 W, 300.00 W, 73, 1725 MHz
2026/09/23 15:03:33.576, 0, 97 %, 83 %, 6159 MiB, 49140 MiB, 287.36 W, 300.00 W, 72, 2160 MHz
2026/09/23 15:03:34.576, 0, 97 %, 87 %, 6159 MiB, 49140 MiB, 288.27 W, 300.00 W, 73, 1950 MHz
2026/09/23 15:03:35.577, 0, 93 %, 67 %, 6159 MiB, 49140 MiB, 291.13 W, 300.00 W, 73, 1680 MHz
2026/09/23 15:03:36.578, 0, 10 %, 0 %, 6159 MiB, 49140 MiB, 253.00 W, 300.00 W, 68, 2730 MHz
2026/09/23 15:03:37.578, 0, 0 %, 0 %, 6159 MiB, 49140 MiB, 86.82 W, 300.00 W, 66, 2730 MHz
2026/09/23 15:03:38.580, 0, 97 %, 85 %, 6159 MiB, 49140 MiB, 202.85 W, 300.00 W, 71, 2130 MHz
2026/09/23 15:03:39.580, 0, 96 %, 85 %, 6159 MiB, 49140 MiB, 287.18 W, 300.00 W, 72, 1935 MHz
2026/09/23 15:03:40.581, 0, 97 %, 85 %, 6159 MiB, 49140 MiB, 287.61 W, 300.00 W, 72, 2100 MHz
2026/09/23 15:03:41.582, 0, 96 %, 84 %, 6159 MiB, 49140 MiB, 286.60 W, 300.00 W, 72, 2010 MHz
2026/09/23 15:03:42.583, 0, 97 %, 87 %, 6159 MiB, 49140 MiB, 288.24 W, 300.00 W, 73, 1845 MHz
2026/09/23 15:03:43.584, 0, 98 %, 82 %, 6159 MiB, 49140 MiB, 288.10 W, 300.00 W, 71, 2010 MHz
2026/09/23 15:03:44.584, 0, 97 %, 87 %, 6159 MiB, 49140 MiB, 284.37 W, 300.00 W, 72, 1725 MHz
2026/09/23 15:03:45.586, 0, 98 %, 87 %, 6159 MiB, 49140 MiB, 286.89 W, 300.00 W, 73, 2100 MHz
2026/09/23 15:03:46.587, 0, 97 %, 87 %, 6159 MiB, 49140 MiB, 288.34 W, 300.00 W, 72, 2070 MHz
2026/09/23 15:03:47.588, 0, 98 %, 88 %, 6159 MiB, 49140 MiB, 287.07 W, 300.00 W, 72, 1725 MHz
2026/09/23 15:03:48.589, 0, 97 %, 86 %, 6159 MiB, 49140 MiB, 286.32 W, 300.00 W, 73, 2130 MHz
2026/09/23 15:03:49.590, 0, 98 %, 88 %, 6159 MiB, 49140 MiB, 286.93 W, 300.00 W, 72, 2145 MHz
2026/09/23 15:03:50.591, 0, 97 %, 88 %, 6159 MiB, 49140 MiB, 288.14 W, 300.00 W, 73, 1680 MHz
2026/09/23 15:03:51.592, 0, 96 %, 85 %, 6159 MiB, 49140 MiB, 286.44 W, 300.00 W, 72, 2130 MHz
2026/09/23 15:03:52.593, 0, 97 %, 88 %, 6159 MiB, 49140 MiB, 286.84 W, 300.00 W, 74, 1830 MHz
2026/09/23 15:03:53.594, 0, 97 %, 81 %, 6159 MiB, 49140 MiB, 287.86 W, 300.00 W, 71, 1995 MHz
2026/09/23 15:03:54.596, 0, 96 %, 85 %, 6159 MiB, 49140 MiB, 287.12 W, 300.00 W, 72, 1800 MHz
2026/09/23 15:03:55.596, 0, 97 %, 87 %, 6159 MiB, 49140 MiB, 286.33 W, 300.00 W, 73, 2160 MHz
2026/09/23 15:03:56.597, 0, 98 %, 85 %, 6159 MiB, 49140 MiB, 286.95 W, 300.00 W, 73, 2100 MHz
2026/09/23 15:03:57.598, 0, 98 %, 89 %, 6159 MiB, 49140 MiB, 289.12 W, 300.00 W, 72, 1815 MHz
2026/09/23 15:03:58.599, 0, 97 %, 83 %, 6159 MiB, 49140 MiB, 285.67 W, 300.00 W, 72, 1890 MHz
2026/09/23 15:03:59.601, 0, 98 %, 88 %, 6159 MiB, 49140 MiB, 287.02 W, 300.00 W, 74, 1980 MHz
2026/09/23 15:04:00.602, 0, 92 %, 66 %, 6159 MiB, 49140 MiB, 290.85 W, 300.00 W, 73, 1710 MHz
2026/09/23 15:04:01.603, 0, 0 %, 0 %, 6159 MiB, 49140 MiB, 202.80 W, 300.00 W, 67, 2655 MHz
2026/09/23 15:04:02.604, 0, 0 %, 0 %, 6159 MiB, 49140 MiB, 80.18 W, 300.00 W, 66, 2655 MHz
2026/09/23 15:04:03.604, 0, 98 %, 88 %, 6159 MiB, 49140 MiB, 169.75 W, 300.00 W, 72, 1740 MHz
2026/09/23 15:04:04.605, 0, 98 %, 89 %, 6159 MiB, 49140 MiB, 288.03 W, 300.00 W, 71, 2055 MHz
2026/09/23 15:04:05.606, 0, 98 %, 84 %, 6159 MiB, 49140 MiB, 285.93 W, 300.00 W, 71, 2040 MHz
2026/09/23 15:04:06.607, 0, 97 %, 87 %, 6159 MiB, 49140 MiB, 287.73 W, 300.00 W, 73, 1995 MHz
2026/09/23 15:04:07.607, 0, 97 %, 84 %, 6159 MiB, 49140 MiB, 288.90 W, 300.00 W, 70, 1695 MHz
2026/09/23 15:04:08.608, 0, 95 %, 83 %, 6159 MiB, 49140 MiB, 286.25 W, 300.00 W, 72, 2145 MHz
2026/09/23 15:04:09.609, 0, 98 %, 87 %, 6159 MiB, 49140 MiB, 286.30 W, 300.00 W, 73, 2055 MHz
2026/09/23 15:04:10.610, 0, 97 %, 80 %, 6159 MiB, 49140 MiB, 289.80 W, 300.00 W, 71, 1680 MHz
2026/09/23 15:04:11.611, 0, 95 %, 85 %, 6159 MiB, 49140 MiB, 286.18 W, 300.00 W, 72, 1875 MHz
2026/09/23 15:04:12.611, 0, 98 %, 87 %, 6159 MiB, 49140 MiB, 287.08 W, 300.00 W, 72, 1725 MHz
2026/09/23 15:04:13.612, 0, 97 %, 87 %, 6159 MiB, 49140 MiB, 287.36 W, 300.00 W, 73, 2025 MHz
2026/09/23 15:04:14.613, 0, 97 %, 85 %, 6159 MiB, 49140 MiB, 287.24 W, 300.00 W, 71, 1740 MHz
2026/09/23 15:04:15.613, 0, 91 %, 82 %, 6159 MiB, 49140 MiB, 286.54 W, 300.00 W, 72, 2235 MHz
2026/09/23 15:04:16.614, 0, 98 %, 88 %, 6159 MiB, 49140 MiB, 286.77 W, 300.00 W, 72, 1905 MHz
2026/09/23 15:04:17.619, 0, 98 %, 83 %, 6159 MiB, 49140 MiB, 289.17 W, 300.00 W, 72, 1920 MHz
2026/09/23 15:04:18.620, 0, 98 %, 83 %, 6159 MiB, 49140 MiB, 286.38 W, 300.00 W, 71, 1665 MHz
2026/09/23 15:04:19.621, 0, 96 %, 84 %, 6159 MiB, 49140 MiB, 287.70 W, 300.00 W, 72, 2130 MHz
2026/09/23 15:04:20.622, 0, 97 %, 87 %, 6159 MiB, 49140 MiB, 286.36 W, 300.00 W, 73, 2070 MHz
2026/09/23 15:04:21.623, 0, 97 %, 81 %, 6159 MiB, 49140 MiB, 289.53 W, 300.00 W, 72, 1755 MHz
2026/09/23 15:04:22.624, 0, 95 %, 85 %, 6159 MiB, 49140 MiB, 288.28 W, 300.00 W, 73, 1905 MHz
2026/09/23 15:04:23.625, 0, 98 %, 88 %, 6159 MiB, 49140 MiB, 287.45 W, 300.00 W, 72, 1740 MHz
2026/09/23 15:04:24.627, 0, 97 %, 83 %, 6159 MiB, 49140 MiB, 289.56 W, 300.00 W, 73, 1965 MHz
2026/09/23 15:04:25.627, 0, 94 %, 65 %, 6159 MiB, 49140 MiB, 291.52 W, 300.00 W, 73, 1635 MHz
2026/09/23 15:04:26.628, 0, 0 %, 0 %, 6159 MiB, 49140 MiB, 218.06 W, 300.00 W, 67, 2730 MHz
2026/09/23 15:04:27.629, 0, 0 %, 0 %, 6159 MiB, 49140 MiB, 87.25 W, 300.00 W, 66, 2730 MHz
2026/09/23 15:04:28.629, 0, 98 %, 88 %, 6159 MiB, 49140 MiB, 208.69 W, 300.00 W, 72, 1995 MHz
2026/09/23 15:04:29.629, 0, 96 %, 81 %, 6159 MiB, 49140 MiB, 285.93 W, 300.00 W, 71, 1935 MHz
2026/09/23 15:04:30.630, 0, 96 %, 86 %, 6159 MiB, 49140 MiB, 288.36 W, 300.00 W, 72, 1935 MHz
2026/09/23 15:04:31.631, 0, 97 %, 88 %, 6159 MiB, 49140 MiB, 287.22 W, 300.00 W, 72, 1815 MHz
2026/09/23 15:04:32.634, 0, 98 %, 84 %, 6159 MiB, 49140 MiB, 287.76 W, 300.00 W, 72, 1965 MHz
2026/09/23 15:04:33.635, 0, 97 %, 89 %, 6159 MiB, 49140 MiB, 287.23 W, 300.00 W, 71, 1890 MHz
2026/09/23 15:04:34.636, 0, 98 %, 85 %, 6159 MiB, 49140 MiB, 287.65 W, 300.00 W, 72, 1965 MHz
2026/09/23 15:04:35.637, 0, 98 %, 88 %, 6159 MiB, 49140 MiB, 288.95 W, 300.00 W, 73, 1980 MHz
2026/09/23 15:04:36.637, 0, 98 %, 83 %, 6159 MiB, 49140 MiB, 287.68 W, 300.00 W, 71, 1665 MHz
2026/09/23 15:04:37.639, 0, 95 %, 84 %, 6159 MiB, 49140 MiB, 287.51 W, 300.00 W, 72, 2160 MHz
2026/09/23 15:04:38.639, 0, 97 %, 88 %, 6159 MiB, 49140 MiB, 286.38 W, 300.00 W, 72, 1815 MHz
2026/09/23 15:04:39.641, 0, 96 %, 86 %, 6159 MiB, 49140 MiB, 287.73 W, 300.00 W, 73, 2070 MHz
2026/09/23 15:04:40.642, 0, 97 %, 88 %, 6159 MiB, 49140 MiB, 288.43 W, 300.00 W, 72, 1830 MHz
2026/09/23 15:04:41.643, 0, 98 %, 84 %, 6159 MiB, 49140 MiB, 286.03 W, 300.00 W, 72, 2085 MHz
2026/09/23 15:04:42.643, 0, 98 %, 87 %, 6159 MiB, 49140 MiB, 287.62 W, 300.00 W, 74, 2070 MHz
2026/09/23 15:04:43.644, 0, 92 %, 80 %, 6159 MiB, 49140 MiB, 286.18 W, 300.00 W, 72, 2085 MHz
2026/09/23 15:04:44.647, 0, 98 %, 89 %, 6159 MiB, 49140 MiB, 287.82 W, 300.00 W, 72, 1815 MHz
2026/09/23 15:04:45.648, 0, 93 %, 83 %, 6159 MiB, 49140 MiB, 284.46 W, 300.00 W, 72, 2145 MHz
2026/09/23 15:04:46.649, 0, 98 %, 88 %, 6159 MiB, 49140 MiB, 287.14 W, 300.00 W, 72, 1800 MHz
2026/09/23 15:04:47.650, 0, 97 %, 87 %, 6159 MiB, 49140 MiB, 286.55 W, 300.00 W, 74, 1995 MHz
2026/09/23 15:04:48.651, 0, 97 %, 82 %, 6159 MiB, 49140 MiB, 287.68 W, 300.00 W, 71, 1665 MHz
2026/09/23 15:04:49.654, 0, 96 %, 86 %, 6159 MiB, 49140 MiB, 286.76 W, 300.00 W, 73, 2085 MHz
2026/09/23 15:04:50.655, 0, 87 %, 63 %, 6159 MiB, 49140 MiB, 290.34 W, 300.00 W, 73, 1890 MHz
2026/09/23 15:04:51.656, 0, 0 %, 0 %, 6159 MiB, 49140 MiB, 195.38 W, 300.00 W, 67, 2730 MHz
2026/09/23 15:04:52.656, 0, 0 %, 0 %, 6159 MiB, 49140 MiB, 87.19 W, 300.00 W, 66, 2730 MHz
2026/09/23 15:04:53.658, 0, 94 %, 87 %, 6159 MiB, 49140 MiB, 235.02 W, 300.00 W, 72, 1815 MHz
2026/09/23 15:04:54.659, 0, 98 %, 87 %, 6159 MiB, 49140 MiB, 287.42 W, 300.00 W, 72, 1950 MHz
2026/09/23 15:04:55.659, 0, 97 %, 87 %, 6159 MiB, 49140 MiB, 287.60 W, 300.00 W, 73, 1725 MHz
2026/09/23 15:04:56.660, 0, 98 %, 89 %, 6159 MiB, 49140 MiB, 288.22 W, 300.00 W, 72, 2175 MHz
2026/09/23 15:04:57.662, 0, 98 %, 85 %, 6159 MiB, 49140 MiB, 286.45 W, 300.00 W, 72, 2070 MHz
2026/09/23 15:04:58.667, 0, 97 %, 87 %, 6159 MiB, 49140 MiB, 286.85 W, 300.00 W, 73, 1830 MHz
2026/09/23 15:04:59.667, 0, 97 %, 81 %, 6159 MiB, 49140 MiB, 288.05 W, 300.00 W, 72, 1875 MHz
2026/09/23 15:05:00.668, 0, 94 %, 84 %, 6159 MiB, 49140 MiB, 288.24 W, 300.00 W, 73, 1980 MHz
2026/09/23 15:05:01.669, 0, 97 %, 87 %, 6159 MiB, 49140 MiB, 286.72 W, 300.00 W, 72, 2010 MHz
2026/09/23 15:05:02.670, 0, 97 %, 87 %, 6159 MiB, 49140 MiB, 288.49 W, 300.00 W, 73, 1740 MHz
2026/09/23 15:05:03.671, 0, 97 %, 88 %, 6159 MiB, 49140 MiB, 288.94 W, 300.00 W, 73, 2160 MHz
2026/09/23 15:05:04.672, 0, 97 %, 83 %, 6159 MiB, 49140 MiB, 286.18 W, 300.00 W, 72, 1995 MHz
2026/09/23 15:05:05.675, 0, 98 %, 88 %, 6159 MiB, 49140 MiB, 288.60 W, 300.00 W, 73, 1935 MHz
2026/09/23 15:05:06.676, 0, 96 %, 80 %, 6159 MiB, 49140 MiB, 288.93 W, 300.00 W, 72, 1860 MHz
2026/09/23 15:05:07.676, 0, 96 %, 85 %, 6159 MiB, 49140 MiB, 288.37 W, 300.00 W, 72, 1905 MHz
2026/09/23 15:05:08.677, 0, 97 %, 86 %, 6159 MiB, 49140 MiB, 287.17 W, 300.00 W, 74, 1980 MHz
2026/09/23 15:05:09.678, 0, 97 %, 87 %, 6159 MiB, 49140 MiB, 288.34 W, 300.00 W, 72, 1695 MHz
2026/09/23 15:05:10.679, 0, 98 %, 85 %, 6159 MiB, 49140 MiB, 289.47 W, 300.00 W, 73, 2085 MHz
2026/09/23 15:05:11.680, 0, 95 %, 85 %, 6159 MiB, 49140 MiB, 286.83 W, 300.00 W, 72, 1710 MHz
2026/09/23 15:05:12.680, 0, 98 %, 89 %, 6159 MiB, 49140 MiB, 287.82 W, 300.00 W, 74, 1980 MHz
2026/09/23 15:05:13.682, 0, 98 %, 85 %, 6159 MiB, 49140 MiB, 288.60 W, 300.00 W, 72, 1845 MHz
2026/09/23 15:05:14.685, 0, 96 %, 87 %, 6159 MiB, 49140 MiB, 288.59 W, 300.00 W, 73, 2100 MHz
2026/09/23 15:05:15.690, 0, 94 %, 67 %, 6159 MiB, 49140 MiB, 292.41 W, 300.00 W, 74, 1650 MHz
2026/09/23 15:05:16.691, 0, 0 %, 0 %, 6159 MiB, 49140 MiB, 146.78 W, 300.00 W, 67, 2730 MHz
2026/09/23 15:05:17.691, 0, 96 %, 88 %, 6159 MiB, 49140 MiB, 103.21 W, 300.00 W, 70, 2145 MHz
2026/09/23 15:05:18.692, 0, 98 %, 86 %, 6159 MiB, 49140 MiB, 287.45 W, 300.00 W, 72, 2055 MHz
2026/09/23 15:05:19.693, 0, 92 %, 83 %, 6159 MiB, 49140 MiB, 287.54 W, 300.00 W, 72, 1725 MHz
2026/09/23 15:05:20.694, 0, 97 %, 87 %, 6159 MiB, 49140 MiB, 287.70 W, 300.00 W, 72, 2145 MHz
2026/09/23 15:05:21.695, 0, 95 %, 82 %, 6159 MiB, 49140 MiB, 285.55 W, 300.00 W, 72, 1935 MHz
2026/09/23 15:05:22.695, 0, 98 %, 88 %, 6159 MiB, 49140 MiB, 286.29 W, 300.00 W, 73, 2040 MHz
2026/09/23 15:05:23.696, 0, 98 %, 82 %, 6159 MiB, 49140 MiB, 287.20 W, 300.00 W, 71, 1830 MHz
2026/09/23 15:05:24.698, 0, 97 %, 88 %, 6159 MiB, 49140 MiB, 289.78 W, 300.00 W, 72, 2070 MHz
2026/09/23 15:05:25.698, 0, 97 %, 83 %, 6159 MiB, 49140 MiB, 286.62 W, 300.00 W, 72, 2085 MHz
2026/09/23 15:05:26.700, 0, 98 %, 88 %, 6159 MiB, 49140 MiB, 289.66 W, 300.00 W, 72, 1680 MHz
2026/09/23 15:05:27.701, 0, 98 %, 82 %, 6159 MiB, 49140 MiB, 288.58 W, 300.00 W, 73, 1980 MHz
2026/09/23 15:05:28.701, 0, 95 %, 85 %, 6159 MiB, 49140 MiB, 288.07 W, 300.00 W, 72, 1755 MHz
2026/09/23 15:05:29.702, 0, 98 %, 88 %, 6159 MiB, 49140 MiB, 287.28 W, 300.00 W, 74, 2010 MHz
2026/09/23 15:05:30.703, 0, 98 %, 86 %, 6159 MiB, 49140 MiB, 288.96 W, 300.00 W, 71, 1725 MHz
2026/09/23 15:05:31.704, 0, 98 %, 89 %, 6159 MiB, 49140 MiB, 289.20 W, 300.00 W, 72, 2175 MHz
2026/09/23 15:05:32.705, 0, 96 %, 82 %, 6159 MiB, 49140 MiB, 287.15 W, 300.00 W, 72, 1965 MHz
2026/09/23 15:05:33.706, 0, 98 %, 88 %, 6159 MiB, 49140 MiB, 286.88 W, 300.00 W, 74, 1995 MHz
2026/09/23 15:05:34.706, 0, 98 %, 81 %, 6159 MiB, 49140 MiB, 289.23 W, 300.00 W, 71, 1800 MHz
2026/09/23 15:05:35.707, 0, 95 %, 86 %, 6159 MiB, 49140 MiB, 287.50 W, 300.00 W, 73, 2145 MHz
2026/09/23 15:05:36.709, 0, 96 %, 83 %, 6159 MiB, 49140 MiB, 287.19 W, 300.00 W, 73, 1950 MHz
2026/09/23 15:05:37.713, 0, 98 %, 89 %, 6159 MiB, 49140 MiB, 288.55 W, 300.00 W, 74, 2040 MHz
2026/09/23 15:05:38.713, 0, 97 %, 81 %, 6159 MiB, 49140 MiB, 288.91 W, 300.00 W, 71, 1815 MHz
2026/09/23 15:05:39.714, 0, 97 %, 86 %, 6159 MiB, 49140 MiB, 288.37 W, 300.00 W, 73, 2085 MHz
2026/09/23 15:05:40.715, 0, 91 %, 64 %, 6159 MiB, 49140 MiB, 291.60 W, 300.00 W, 73, 1770 MHz
2026/09/23 15:05:41.715, 0, 0 %, 0 %, 6159 MiB, 49140 MiB, 130.49 W, 300.00 W, 67, 2730 MHz
2026/09/23 15:05:42.716, 0, 96 %, 88 %, 6159 MiB, 49140 MiB, 133.45 W, 300.00 W, 71, 2010 MHz
2026/09/23 15:05:43.717, 0, 94 %, 81 %, 6159 MiB, 49140 MiB, 285.02 W, 300.00 W, 72, 2235 MHz
2026/09/23 15:05:44.717, 0, 98 %, 89 %, 6159 MiB, 49140 MiB, 287.73 W, 300.00 W, 72, 1875 MHz
2026/09/23 15:05:45.719, 0, 98 %, 82 %, 6159 MiB, 49140 MiB, 288.44 W, 300.00 W, 72, 1980 MHz
2026/09/23 15:05:46.720, 0, 96 %, 85 %, 6159 MiB, 49140 MiB, 287.99 W, 300.00 W, 72, 1965 MHz
2026/09/23 15:05:47.721, 0, 98 %, 88 %, 6159 MiB, 49140 MiB, 287.69 W, 300.00 W, 73, 1815 MHz
2026/09/23 15:05:48.723, 0, 98 %, 82 %, 6159 MiB, 49140 MiB, 287.71 W, 300.00 W, 71, 2160 MHz
2026/09/23 15:05:49.724, 0, 98 %, 89 %, 6159 MiB, 49140 MiB, 287.66 W, 300.00 W, 73, 1890 MHz
2026/09/23 15:05:50.725, 0, 98 %, 84 %, 6159 MiB, 49140 MiB, 288.19 W, 300.00 W, 72, 1995 MHz
2026/09/23 15:05:51.726, 0, 98 %, 89 %, 6159 MiB, 49140 MiB, 288.97 W, 300.00 W, 72, 1815 MHz
2026/09/23 15:05:52.726, 0, 97 %, 81 %, 6159 MiB, 49140 MiB, 286.99 W, 300.00 W, 71, 2130 MHz
2026/09/23 15:05:53.727, 0, 97 %, 87 %, 6159 MiB, 49140 MiB, 287.43 W, 300.00 W, 72, 2025 MHz
2026/09/23 15:05:54.728, 0, 96 %, 83 %, 6159 MiB, 49140 MiB, 286.82 W, 300.00 W, 72, 1890 MHz
2026/09/23 15:05:55.729, 0, 97 %, 88 %, 6159 MiB, 49140 MiB, 287.83 W, 300.00 W, 73, 1830 MHz
2026/09/23 15:05:56.731, 0, 97 %, 81 %, 6159 MiB, 49140 MiB, 287.46 W, 300.00 W, 72, 2085 MHz
2026/09/23 15:05:57.731, 0, 94 %, 84 %, 6159 MiB, 49140 MiB, 288.51 W, 300.00 W, 72, 1995 MHz
2026/09/23 15:05:58.732, 0, 98 %, 85 %, 6159 MiB, 49140 MiB, 285.65 W, 300.00 W, 73, 1725 MHz
2026/09/23 15:05:59.733, 0, 96 %, 87 %, 6159 MiB, 49140 MiB, 287.81 W, 300.00 W, 73, 1860 MHz
2026/09/23 15:06:00.735, 0, 97 %, 85 %, 6159 MiB, 49140 MiB, 289.06 W, 300.00 W, 73, 1920 MHz
2026/09/23 15:06:01.736, 0, 96 %, 84 %, 6159 MiB, 49140 MiB, 287.19 W, 300.00 W, 73, 1950 MHz
2026/09/23 15:06:02.737, 0, 97 %, 88 %, 6159 MiB, 49140 MiB, 287.50 W, 300.00 W, 74, 1710 MHz
2026/09/23 15:06:03.738, 0, 98 %, 83 %, 6159 MiB, 49140 MiB, 289.13 W, 300.00 W, 71, 2130 MHz
2026/09/23 15:06:04.739, 0, 93 %, 73 %, 6159 MiB, 49140 MiB, 288.97 W, 300.00 W, 74, 1695 MHz
2026/09/23 15:06:05.739, 0, 37 %, 24 %, 6159 MiB, 49140 MiB, 284.56 W, 300.00 W, 68, 2685 MHz
2026/09/23 15:06:06.740, 0, 0 %, 0 %, 6159 MiB, 49140 MiB, 94.24 W, 300.00 W, 66, 2745 MHz
2026/09/23 15:06:07.741, 0, 97 %, 82 %, 6159 MiB, 49140 MiB, 161.95 W, 300.00 W, 70, 2280 MHz
2026/09/23 15:06:08.743, 0, 95 %, 87 %, 6159 MiB, 49140 MiB, 286.35 W, 300.00 W, 72, 1875 MHz
2026/09/23 15:06:09.744, 0, 98 %, 84 %, 6159 MiB, 49140 MiB, 286.41 W, 300.00 W, 72, 1905 MHz
2026/09/23 15:06:10.745, 0, 98 %, 88 %, 6159 MiB, 49140 MiB, 287.78 W, 300.00 W, 72, 1935 MHz
2026/09/23 15:06:11.746, 0, 97 %, 87 %, 6159 MiB, 49140 MiB, 288.95 W, 300.00 W, 72, 1680 MHz
2026/09/23 15:06:12.746, 0, 96 %, 82 %, 6159 MiB, 49140 MiB, 286.54 W, 300.00 W, 72, 2010 MHz
2026/09/23 15:06:13.750, 0, 98 %, 88 %, 6159 MiB, 49140 MiB, 285.84 W, 300.00 W, 73, 1830 MHz
2026/09/23 15:06:14.751, 0, 98 %, 82 %, 6159 MiB, 49140 MiB, 289.16 W, 300.00 W, 72, 2025 MHz
2026/09/23 15:06:15.751, 0, 96 %, 86 %, 6159 MiB, 49140 MiB, 288.22 W, 300.00 W, 72, 1935 MHz
2026/09/23 15:06:16.752, 0, 98 %, 89 %, 6159 MiB, 49140 MiB, 287.16 W, 300.00 W, 74, 1710 MHz
2026/09/23 15:06:17.752, 0, 98 %, 83 %, 6159 MiB, 49140 MiB, 289.18 W, 300.00 W, 71, 2115 MHz
2026/09/23 15:06:18.753, 0, 96 %, 87 %, 6159 MiB, 49140 MiB, 288.16 W, 300.00 W, 72, 1980 MHz
2026/09/23 15:06:19.754, 0, 98 %, 84 %, 6159 MiB, 49140 MiB, 285.29 W, 300.00 W, 72, 1965 MHz
2026/09/23 15:06:20.755, 0, 96 %, 87 %, 6159 MiB, 49140 MiB, 288.11 W, 300.00 W, 73, 1845 MHz
2026/09/23 15:06:21.756, 0, 98 %, 83 %, 6159 MiB, 49140 MiB, 289.37 W, 300.00 W, 73, 1935 MHz
2026/09/23 15:06:22.757, 0, 95 %, 83 %, 6159 MiB, 49140 MiB, 287.79 W, 300.00 W, 72, 1935 MHz
2026/09/23 15:06:23.757, 0, 98 %, 88 %, 6159 MiB, 49140 MiB, 287.17 W, 300.00 W, 74, 1695 MHz
2026/09/23 15:06:24.758, 0, 98 %, 84 %, 6159 MiB, 49140 MiB, 289.34 W, 300.00 W, 71, 2175 MHz
2026/09/23 15:06:25.759, 0, 98 %, 88 %, 6159 MiB, 49140 MiB, 287.58 W, 300.00 W, 73, 1770 MHz
2026/09/23 15:06:26.759, 0, 93 %, 83 %, 6159 MiB, 49140 MiB, 286.72 W, 300.00 W, 72, 2040 MHz
2026/09/23 15:06:27.761, 0, 98 %, 88 %, 6159 MiB, 49140 MiB, 286.97 W, 300.00 W, 74, 1695 MHz
2026/09/23 15:06:28.762, 0, 98 %, 88 %, 6159 MiB, 49140 MiB, 288.51 W, 300.00 W, 72, 2025 MHz
2026/09/23 15:06:29.762, 0, 90 %, 63 %, 6159 MiB, 49140 MiB, 290.06 W, 300.00 W, 74, 1740 MHz
2026/09/23 15:06:30.763, 0, 9 %, 0 %, 6159 MiB, 49140 MiB, 254.15 W, 300.00 W, 68, 2745 MHz
2026/09/23 15:06:31.764, 0, 0 %, 0 %, 6159 MiB, 49140 MiB, 87.72 W, 300.00 W, 66, 2745 MHz
2026/09/23 15:06:32.765, 0, 97 %, 86 %, 6159 MiB, 49140 MiB, 180.41 W, 300.00 W, 72, 1935 MHz
2026/09/23 15:06:33.766, 0, 96 %, 82 %, 6159 MiB, 49140 MiB, 288.60 W, 300.00 W, 72, 1755 MHz
2026/09/23 15:06:34.766, 0, 98 %, 87 %, 6159 MiB, 49140 MiB, 287.26 W, 300.00 W, 72, 2130 MHz
2026/09/23 15:06:35.768, 0, 93 %, 78 %, 6159 MiB, 49140 MiB, 286.61 W, 300.00 W, 71, 2040 MHz
2026/09/23 15:06:36.769, 0, 96 %, 86 %, 6159 MiB, 49140 MiB, 287.14 W, 300.00 W, 72, 1995 MHz
2026/09/23 15:06:37.769, 0, 98 %, 84 %, 6159 MiB, 49140 MiB, 285.48 W, 300.00 W, 72, 1785 MHz
2026/09/23 15:06:38.770, 0, 98 %, 88 %, 6159 MiB, 49140 MiB, 286.89 W, 300.00 W, 73, 2160 MHz
2026/09/23 15:06:39.770, 0, 97 %, 81 %, 6159 MiB, 49140 MiB, 288.92 W, 300.00 W, 71, 2040 MHz
2026/09/23 15:06:40.771, 0, 96 %, 86 %, 6159 MiB, 49140 MiB, 286.53 W, 300.00 W, 72, 1950 MHz
2026/09/23 15:06:41.772, 0, 98 %, 85 %, 6159 MiB, 49140 MiB, 287.14 W, 300.00 W, 72, 1815 MHz
2026/09/23 15:06:42.773, 0, 98 %, 87 %, 6159 MiB, 49140 MiB, 288.78 W, 300.00 W, 72, 1995 MHz
2026/09/23 15:06:43.773, 0, 98 %, 82 %, 6159 MiB, 49140 MiB, 288.56 W, 300.00 W, 72, 2085 MHz
2026/09/23 15:06:44.774, 0, 95 %, 84 %, 6159 MiB, 49140 MiB, 287.81 W, 300.00 W, 72, 1665 MHz
2026/09/23 15:06:45.775, 0, 97 %, 87 %, 6159 MiB, 49140 MiB, 286.60 W, 300.00 W, 74, 2160 MHz
2026/09/23 15:06:46.776, 0, 98 %, 81 %, 6159 MiB, 49140 MiB, 288.56 W, 300.00 W, 71, 1980 MHz
2026/09/23 15:06:47.777, 0, 95 %, 85 %, 6159 MiB, 49140 MiB, 288.54 W, 300.00 W, 72, 1935 MHz
2026/09/23 15:06:48.778, 0, 97 %, 84 %, 6159 MiB, 49140 MiB, 285.08 W, 300.00 W, 73, 1845 MHz
2026/09/23 15:06:49.779, 0, 98 %, 88 %, 6159 MiB, 49140 MiB, 288.79 W, 300.00 W, 73, 2100 MHz
2026/09/23 15:06:50.780, 0, 98 %, 86 %, 6159 MiB, 49140 MiB, 289.57 W, 300.00 W, 73, 1905 MHz
2026/09/23 15:06:51.781, 0, 96 %, 83 %, 6159 MiB, 49140 MiB, 286.45 W, 300.00 W, 72, 1725 MHz
2026/09/23 15:06:52.781, 0, 98 %, 87 %, 6159 MiB, 49140 MiB, 287.82 W, 300.00 W, 73, 2160 MHz
2026/09/23 15:06:53.782, 0, 97 %, 83 %, 6159 MiB, 49140 MiB, 286.75 W, 300.00 W, 71, 1785 MHz
2026/09/23 15:06:54.782, 0, 94 %, 66 %, 6159 MiB, 49140 MiB, 291.92 W, 300.00 W, 74, 1635 MHz
2026/09/23 15:06:55.783, 0, 0 %, 0 %, 6159 MiB, 49140 MiB, 235.11 W, 300.00 W, 67, 2745 MHz
2026/09/23 15:06:56.783, 0, 0 %, 0 %, 6159 MiB, 49140 MiB, 87.22 W, 300.00 W, 66, 2745 MHz
2026/09/23 15:06:57.784, 0, 97 %, 82 %, 6159 MiB, 49140 MiB, 211.52 W, 300.00 W, 70, 2085 MHz
2026/09/23 15:06:58.785, 0, 96 %, 86 %, 6159 MiB, 49140 MiB, 287.31 W, 300.00 W, 71, 1920 MHz
2026/09/23 15:06:59.787, 0, 90 %, 78 %, 6159 MiB, 49140 MiB, 284.45 W, 300.00 W, 72, 1920 MHz
2026/09/23 15:07:00.788, 0, 97 %, 87 %, 6159 MiB, 49140 MiB, 286.15 W, 300.00 W, 73, 2145 MHz
2026/09/23 15:07:01.789, 0, 98 %, 82 %, 6159 MiB, 49140 MiB, 289.22 W, 300.00 W, 71, 2055 MHz
2026/09/23 15:07:02.790, 0, 96 %, 86 %, 6159 MiB, 49140 MiB, 288.31 W, 300.00 W, 72, 1695 MHz
2026/09/23 15:07:03.791, 0, 98 %, 88 %, 6159 MiB, 49140 MiB, 287.79 W, 300.00 W, 74, 2025 MHz
2026/09/23 15:07:04.792, 0, 98 %, 83 %, 6159 MiB, 49140 MiB, 289.46 W, 300.00 W, 71, 1815 MHz
2026/09/23 15:07:05.793, 0, 97 %, 88 %, 6159 MiB, 49140 MiB, 289.05 W, 300.00 W, 72, 1965 MHz
2026/09/23 15:07:06.794, 0, 98 %, 84 %, 6159 MiB, 49140 MiB, 286.95 W, 300.00 W, 72, 1785 MHz
2026/09/23 15:07:07.796, 0, 97 %, 87 %, 6159 MiB, 49140 MiB, 289.31 W, 300.00 W, 73, 2055 MHz
2026/09/23 15:07:08.796, 0, 97 %, 82 %, 6159 MiB, 49140 MiB, 287.93 W, 300.00 W, 72, 2040 MHz
2026/09/23 15:07:09.797, 0, 95 %, 85 %, 6159 MiB, 49140 MiB, 288.78 W, 300.00 W, 72, 1710 MHz
2026/09/23 15:07:10.798, 0, 97 %, 87 %, 6159 MiB, 49140 MiB, 287.65 W, 300.00 W, 73, 1815 MHz
2026/09/23 15:07:11.799, 0, 98 %, 88 %, 6159 MiB, 49140 MiB, 288.29 W, 300.00 W, 73, 2025 MHz
2026/09/23 15:07:12.799, 0, 98 %, 84 %, 6159 MiB, 49140 MiB, 290.08 W, 300.00 W, 73, 2010 MHz
2026/09/23 15:07:13.801, 0, 95 %, 84 %, 6159 MiB, 49140 MiB, 287.07 W, 300.00 W, 72, 1665 MHz
2026/09/23 15:07:14.801, 0, 97 %, 87 %, 6159 MiB, 49140 MiB, 288.02 W, 300.00 W, 74, 2070 MHz
2026/09/23 15:07:15.802, 0, 97 %, 84 %, 6159 MiB, 49140 MiB, 288.23 W, 300.00 W, 71, 1785 MHz
2026/09/23 15:07:16.803, 0, 97 %, 86 %, 6159 MiB, 49140 MiB, 288.57 W, 300.00 W, 73, 1875 MHz
2026/09/23 15:07:17.804, 0, 95 %, 83 %, 6159 MiB, 49140 MiB, 287.37 W, 300.00 W, 72, 1620 MHz
2026/09/23 15:07:18.805, 0, 97 %, 88 %, 6159 MiB, 49140 MiB, 289.29 W, 300.00 W, 74, 2085 MHz
2026/09/23 15:07:19.805, 0, 91 %, 64 %, 6159 MiB, 49140 MiB, 291.93 W, 300.00 W, 74, 1650 MHz
2026/09/23 15:07:20.806, 0, 0 %, 0 %, 6159 MiB, 49140 MiB, 206.10 W, 300.00 W, 67, 2745 MHz
2026/09/23 15:07:21.806, 0, 0 %, 0 %, 6159 MiB, 49140 MiB, 86.95 W, 300.00 W, 66, 2745 MHz
2026/09/23 15:07:22.807, 0, 97 %, 81 %, 6159 MiB, 49140 MiB, 204.17 W, 300.00 W, 70, 2055 MHz
2026/09/23 15:07:23.808, 0, 95 %, 87 %, 6159 MiB, 49140 MiB, 287.20 W, 300.00 W, 72, 1740 MHz
2026/09/23 15:07:24.809, 0, 97 %, 84 %, 6159 MiB, 49140 MiB, 285.77 W, 300.00 W, 72, 2160 MHz
2026/09/23 15:07:25.810, 0, 97 %, 88 %, 6159 MiB, 49140 MiB, 288.87 W, 300.00 W, 72, 2025 MHz
2026/09/23 15:07:26.811, 0, 96 %, 81 %, 6159 MiB, 49140 MiB, 288.91 W, 300.00 W, 71, 2040 MHz
2026/09/23 15:07:27.811, 0, 96 %, 86 %, 6159 MiB, 49140 MiB, 286.83 W, 300.00 W, 72, 1785 MHz
2026/09/23 15:07:28.812, 0, 98 %, 86 %, 6159 MiB, 49140 MiB, 287.58 W, 300.00 W, 73, 2040 MHz
2026/09/23 15:07:29.813, 0, 97 %, 88 %, 6159 MiB, 49140 MiB, 288.43 W, 300.00 W, 72, 2100 MHz
2026/09/23 15:07:30.814, 0, 97 %, 86 %, 6159 MiB, 49140 MiB, 290.88 W, 300.00 W, 73, 1695 MHz
2026/09/23 15:07:31.814, 0, 94 %, 84 %, 6159 MiB, 49140 MiB, 286.59 W, 300.00 W, 72, 1845 MHz
2026/09/23 15:07:32.817, 0, 98 %, 89 %, 6159 MiB, 49140 MiB, 287.54 W, 300.00 W, 74, 1860 MHz
2026/09/23 15:07:33.818, 0, 98 %, 83 %, 6159 MiB, 49140 MiB, 289.04 W, 300.00 W, 71, 2010 MHz
2026/09/23 15:07:34.819, 0, 98 %, 89 %, 6159 MiB, 49140 MiB, 288.45 W, 300.00 W, 73, 1710 MHz
2026/09/23 15:07:35.820, 0, 96 %, 82 %, 6159 MiB, 49140 MiB, 286.95 W, 300.00 W, 72, 2115 MHz
2026/09/23 15:07:36.821, 0, 97 %, 87 %, 6159 MiB, 49140 MiB, 286.25 W, 300.00 W, 74, 1995 MHz
2026/09/23 15:07:37.822, 0, 97 %, 86 %, 6159 MiB, 49140 MiB, 289.61 W, 300.00 W, 72, 1905 MHz
2026/09/23 15:07:38.823, 0, 97 %, 88 %, 6159 MiB, 49140 MiB, 287.88 W, 300.00 W, 72, 1815 MHz
2026/09/23 15:07:39.824, 0, 96 %, 84 %, 6159 MiB, 49140 MiB, 286.11 W, 300.00 W, 72, 2025 MHz
2026/09/23 15:07:40.825, 0, 98 %, 88 %, 6159 MiB, 49140 MiB, 288.35 W, 300.00 W, 73, 1740 MHz
2026/09/23 15:07:41.826, 0, 96 %, 84 %, 6159 MiB, 49140 MiB, 288.20 W, 300.00 W, 72, 1935 MHz
2026/09/23 15:07:42.827, 0, 96 %, 84 %, 6159 MiB, 49140 MiB, 287.88 W, 300.00 W, 73, 1680 MHz
2026/09/23 15:07:43.827, 0, 95 %, 86 %, 6159 MiB, 49140 MiB, 287.87 W, 300.00 W, 72, 1785 MHz
2026/09/23 15:07:44.828, 0, 95 %, 65 %, 6159 MiB, 49140 MiB, 294.15 W, 300.00 W, 73, 1635 MHz
2026/09/23 15:07:45.829, 0, 0 %, 0 %, 6159 MiB, 49140 MiB, 175.88 W, 300.00 W, 67, 2745 MHz
2026/09/23 15:07:46.829, 0, 0 %, 0 %, 6159 MiB, 49140 MiB, 87.55 W, 300.00 W, 66, 2745 MHz
2026/09/23 15:07:47.831, 0, 98 %, 84 %, 6159 MiB, 49140 MiB, 212.61 W, 300.00 W, 72, 2115 MHz
2026/09/23 15:07:48.831, 0, 97 %, 86 %, 6159 MiB, 49140 MiB, 288.40 W, 300.00 W, 72, 1710 MHz
2026/09/23 15:07:49.832, 0, 97 %, 87 %, 6159 MiB, 49140 MiB, 286.73 W, 300.00 W, 72, 2190 MHz
2026/09/23 15:07:50.835, 0, 90 %, 80 %, 6159 MiB, 49140 MiB, 286.57 W, 300.00 W, 72, 1815 MHz
2026/09/23 15:07:51.836, 0, 98 %, 89 %, 6159 MiB, 49140 MiB, 288.00 W, 300.00 W, 71, 1995 MHz
2026/09/23 15:07:52.837, 0, 94 %, 83 %, 6159 MiB, 49140 MiB, 284.86 W, 300.00 W, 72, 1845 MHz
2026/09/23 15:07:53.838, 0, 97 %, 87 %, 6159 MiB, 49140 MiB, 285.80 W, 300.00 W, 72, 2160 MHz
2026/09/23 15:07:54.839, 0, 98 %, 87 %, 6159 MiB, 49140 MiB, 288.42 W, 300.00 W, 73, 1905 MHz
2026/09/23 15:07:55.840, 0, 98 %, 88 %, 6159 MiB, 49140 MiB, 288.03 W, 300.00 W, 72, 1995 MHz
2026/09/23 15:07:56.841, 0, 97 %, 85 %, 6159 MiB, 49140 MiB, 286.28 W, 300.00 W, 72, 1815 MHz
2026/09/23 15:07:57.842, 0, 98 %, 87 %, 6159 MiB, 49140 MiB, 287.56 W, 300.00 W, 73, 2070 MHz
2026/09/23 15:07:58.842, 0, 98 %, 84 %, 6159 MiB, 49140 MiB, 289.15 W, 300.00 W, 72, 2040 MHz
2026/09/23 15:07:59.843, 0, 97 %, 88 %, 6159 MiB, 49140 MiB, 288.75 W, 300.00 W, 72, 1830 MHz
2026/09/23 15:08:00.846, 0, 98 %, 84 %, 6159 MiB, 49140 MiB, 287.95 W, 300.00 W, 72, 1875 MHz
2026/09/23 15:08:01.847, 0, 97 %, 86 %, 6159 MiB, 49140 MiB, 288.11 W, 300.00 W, 74, 1995 MHz
2026/09/23 15:08:02.847, 0, 97 %, 84 %, 6159 MiB, 49140 MiB, 289.26 W, 300.00 W, 71, 1980 MHz
2026/09/23 15:08:03.848, 0, 94 %, 83 %, 6159 MiB, 49140 MiB, 287.24 W, 300.00 W, 73, 1710 MHz
2026/09/23 15:08:04.849, 0, 97 %, 87 %, 6159 MiB, 49140 MiB, 287.21 W, 300.00 W, 72, 2145 MHz
2026/09/23 15:08:05.850, 0, 98 %, 86 %, 6159 MiB, 49140 MiB, 289.44 W, 300.00 W, 73, 2010 MHz
2026/09/23 15:08:06.851, 0, 98 %, 87 %, 6159 MiB, 49140 MiB, 288.25 W, 300.00 W, 72, 1965 MHz
2026/09/23 15:08:07.851, 0, 97 %, 84 %, 6159 MiB, 49140 MiB, 287.14 W, 300.00 W, 72, 1800 MHz
2026/09/23 15:08:08.852, 0, 98 %, 86 %, 6159 MiB, 49140 MiB, 287.56 W, 300.00 W, 74, 2010 MHz
2026/09/23 15:08:09.853, 0, 93 %, 65 %, 6159 MiB, 49140 MiB, 293.60 W, 300.00 W, 73, 1650 MHz
2026/09/23 15:08:10.853, 0, 0 %, 0 %, 6159 MiB, 49140 MiB, 155.50 W, 300.00 W, 67, 2745 MHz
2026/09/23 15:08:11.854, 0, 97 %, 89 %, 6159 MiB, 49140 MiB, 92.43 W, 300.00 W, 66, 2250 MHz
2026/09/23 15:08:12.854, 0, 97 %, 81 %, 6159 MiB, 49140 MiB, 288.50 W, 300.00 W, 71, 1770 MHz
2026/09/23 15:08:13.855, 0, 96 %, 86 %, 6159 MiB, 49140 MiB, 286.34 W, 300.00 W, 72, 1935 MHz
2026/09/23 15:08:14.856, 0, 98 %, 88 %, 6159 MiB, 49140 MiB, 286.22 W, 300.00 W, 72, 1710 MHz
2026/09/23 15:08:15.857, 0, 97 %, 88 %, 6159 MiB, 49140 MiB, 286.45 W, 300.00 W, 73, 2040 MHz
2026/09/23 15:08:16.858, 0, 97 %, 87 %, 6159 MiB, 49140 MiB, 289.08 W, 300.00 W, 72, 1830 MHz
2026/09/23 15:08:17.859, 0, 97 %, 83 %, 6159 MiB, 49140 MiB, 285.92 W, 300.00 W, 72, 2115 MHz
2026/09/23 15:08:18.860, 0, 91 %, 80 %, 6159 MiB, 49140 MiB, 285.67 W, 300.00 W, 73, 1980 MHz
2026/09/23 15:08:19.861, 0, 98 %, 85 %, 6159 MiB, 49140 MiB, 286.96 W, 300.00 W, 72, 1950 MHz
2026/09/23 15:08:20.861, 0, 98 %, 88 %, 6159 MiB, 49140 MiB, 288.76 W, 300.00 W, 73, 1815 MHz
2026/09/23 15:08:21.862, 0, 98 %, 84 %, 6159 MiB, 49140 MiB, 287.19 W, 300.00 W, 72, 2115 MHz
2026/09/23 15:08:22.863, 0, 97 %, 87 %, 6159 MiB, 49140 MiB, 288.20 W, 300.00 W, 74, 2010 MHz
2026/09/23 15:08:23.865, 0, 98 %, 83 %, 6159 MiB, 49140 MiB, 289.37 W, 300.00 W, 71, 1665 MHz
2026/09/23 15:08:24.866, 0, 95 %, 84 %, 6159 MiB, 49140 MiB, 289.04 W, 300.00 W, 72, 2145 MHz
2026/09/23 15:08:25.867, 0, 98 %, 87 %, 6159 MiB, 49140 MiB, 288.53 W, 300.00 W, 73, 1995 MHz
2026/09/23 15:08:26.868, 0, 97 %, 83 %, 6159 MiB, 49140 MiB, 289.31 W, 300.00 W, 72, 1845 MHz
2026/09/23 15:08:27.869, 0, 98 %, 86 %, 6159 MiB, 49140 MiB, 288.97 W, 300.00 W, 73, 1845 MHz
2026/09/23 15:08:28.870, 0, 97 %, 85 %, 6159 MiB, 49140 MiB, 287.17 W, 300.00 W, 72, 1965 MHz
2026/09/23 15:08:29.871, 0, 97 %, 86 %, 6159 MiB, 49140 MiB, 289.52 W, 300.00 W, 74, 1935 MHz
2026/09/23 15:08:30.872, 0, 96 %, 83 %, 6159 MiB, 49140 MiB, 288.33 W, 300.00 W, 71, 1665 MHz
2026/09/23 15:08:31.872, 0, 96 %, 85 %, 6159 MiB, 49140 MiB, 287.98 W, 300.00 W, 72, 2100 MHz
2026/09/23 15:08:32.873, 0, 97 %, 86 %, 6159 MiB, 49140 MiB, 287.42 W, 300.00 W, 73, 1920 MHz
2026/09/23 15:08:33.874, 0, 97 %, 87 %, 6159 MiB, 49140 MiB, 286.65 W, 300.00 W, 73, 2025 MHz
2026/09/23 15:08:34.875, 0, 91 %, 64 %, 6159 MiB, 49140 MiB, 295.07 W, 300.00 W, 73, 1665 MHz
2026/09/23 15:08:35.875, 0, 0 %, 0 %, 6159 MiB, 49140 MiB, 136.30 W, 300.00 W, 67, 2745 MHz
2026/09/23 15:08:36.876, 0, 94 %, 85 %, 6159 MiB, 49140 MiB, 116.56 W, 300.00 W, 69, 1830 MHz
2026/09/23 15:08:37.877, 0, 96 %, 85 %, 6159 MiB, 49140 MiB, 285.26 W, 300.00 W, 71, 2160 MHz
2026/09/23 15:08:38.878, 0, 98 %, 86 %, 6159 MiB, 49140 MiB, 287.29 W, 300.00 W, 72, 2055 MHz
2026/09/23 15:08:39.879, 0, 97 %, 82 %, 6159 MiB, 49140 MiB, 288.39 W, 300.00 W, 72, 1740 MHz
2026/09/23 15:08:40.880, 0, 98 %, 87 %, 6159 MiB, 49140 MiB, 288.04 W, 300.00 W, 73, 1830 MHz
2026/09/23 15:08:41.881, 0, 97 %, 82 %, 6159 MiB, 49140 MiB, 286.41 W, 300.00 W, 72, 2085 MHz
2026/09/23 15:08:42.884, 0, 97 %, 87 %, 6159 MiB, 49140 MiB, 287.79 W, 300.00 W, 73, 2100 MHz
2026/09/23 15:08:43.885, 0, 91 %, 80 %, 6159 MiB, 49140 MiB, 288.35 W, 300.00 W, 71, 1785 MHz
2026/09/23 15:08:44.887, 0, 94 %, 83 %, 6159 MiB, 49140 MiB, 288.35 W, 300.00 W, 72, 2100 MHz
2026/09/23 15:08:45.890, 0, 97 %, 86 %, 6159 MiB, 49140 MiB, 287.42 W, 300.00 W, 73, 1905 MHz
2026/09/23 15:08:46.891, 0, 97 %, 86 %, 6159 MiB, 49140 MiB, 288.46 W, 300.00 W, 73, 2010 MHz
2026/09/23 15:08:47.891, 0, 98 %, 87 %, 6159 MiB, 49140 MiB, 289.23 W, 300.00 W, 71, 1755 MHz
2026/09/23 15:08:48.892, 0, 94 %, 84 %, 6159 MiB, 49140 MiB, 287.20 W, 300.00 W, 72, 2175 MHz
2026/09/23 15:08:49.893, 0, 96 %, 87 %, 6159 MiB, 49140 MiB, 285.28 W, 300.00 W, 72, 1800 MHz
2026/09/23 15:08:50.894, 0, 97 %, 86 %, 6159 MiB, 49140 MiB, 289.35 W, 300.00 W, 73, 1980 MHz
2026/09/23 15:08:51.895, 0, 97 %, 87 %, 6159 MiB, 49140 MiB, 289.16 W, 300.00 W, 71, 1785 MHz
2026/09/23 15:08:52.896, 0, 95 %, 84 %, 6159 MiB, 49140 MiB, 286.32 W, 300.00 W, 72, 2130 MHz
2026/09/23 15:08:53.897, 0, 97 %, 87 %, 6159 MiB, 49140 MiB, 286.78 W, 300.00 W, 73, 1965 MHz
2026/09/23 15:08:54.898, 0, 97 %, 84 %, 6159 MiB, 49140 MiB, 289.18 W, 300.00 W, 72, 1935 MHz
2026/09/23 15:08:55.899, 0, 97 %, 87 %, 6159 MiB, 49140 MiB, 289.75 W, 300.00 W, 73, 1800 MHz
2026/09/23 15:08:56.901, 0, 98 %, 83 %, 6159 MiB, 49140 MiB, 286.31 W, 300.00 W, 72, 2055 MHz
2026/09/23 15:08:57.901, 0, 97 %, 86 %, 6159 MiB, 49140 MiB, 289.05 W, 300.00 W, 74, 2040 MHz
2026/09/23 15:08:58.903, 0, 97 %, 82 %, 6159 MiB, 49140 MiB, 288.75 W, 300.00 W, 72, 1710 MHz
2026/09/23 15:08:59.904, 0, 95 %, 65 %, 6159 MiB, 49140 MiB, 295.92 W, 300.00 W, 75, 1590 MHz
2026/09/23 15:09:00.904, 0, 0 %, 0 %, 6159 MiB, 49140 MiB, 115.65 W, 300.00 W, 67, 2745 MHz
2026/09/23 15:09:01.905, 0, 98 %, 86 %, 6159 MiB, 49140 MiB, 134.29 W, 300.00 W, 71, 2040 MHz
2026/09/23 15:09:02.905, 0, 97 %, 88 %, 6159 MiB, 49140 MiB, 286.83 W, 300.00 W, 72, 1980 MHz
2026/09/23 15:09:03.908, 0, 97 %, 84 %, 6159 MiB, 49140 MiB, 287.91 W, 300.00 W, 72, 1815 MHz
2026/09/23 15:09:04.909, 0, 96 %, 85 %, 6159 MiB, 49140 MiB, 287.55 W, 300.00 W, 72, 1995 MHz
2026/09/23 15:09:05.909, 0, 97 %, 88 %, 6159 MiB, 49140 MiB, 286.22 W, 300.00 W, 72, 1965 MHz
2026/09/23 15:09:06.910, 0, 97 %, 86 %, 6159 MiB, 49140 MiB, 286.75 W, 300.00 W, 73, 1725 MHz
2026/09/23 15:09:07.911, 0, 98 %, 88 %, 6159 MiB, 49140 MiB, 288.91 W, 300.00 W, 71, 2145 MHz
2026/09/23 15:09:08.911, 0, 97 %, 84 %, 6159 MiB, 49140 MiB, 286.02 W, 300.00 W, 72, 1980 MHz
2026/09/23 15:09:09.912, 0, 97 %, 86 %, 6159 MiB, 49140 MiB, 287.12 W, 300.00 W, 73, 1860 MHz
2026/09/23 15:09:10.913, 0, 96 %, 81 %, 6159 MiB, 49140 MiB, 287.70 W, 300.00 W, 71, 1830 MHz
2026/09/23 15:09:11.914, 0, 96 %, 86 %, 6159 MiB, 49140 MiB, 287.16 W, 300.00 W, 72, 1890 MHz
2026/09/23 15:09:12.915, 0, 97 %, 88 %, 6159 MiB, 49140 MiB, 286.26 W, 300.00 W, 74, 1935 MHz
2026/09/23 15:09:13.916, 0, 98 %, 88 %, 6159 MiB, 49140 MiB, 288.07 W, 300.00 W, 71, 1770 MHz
2026/09/23 15:09:14.917, 0, 98 %, 88 %, 6159 MiB, 49140 MiB, 287.62 W, 300.00 W, 72, 2205 MHz
2026/09/23 15:09:15.918, 0, 98 %, 87 %, 6159 MiB, 49140 MiB, 286.40 W, 300.00 W, 72, 1920 MHz
2026/09/23 15:09:16.921, 0, 97 %, 85 %, 6159 MiB, 49140 MiB, 287.11 W, 300.00 W, 74, 1965 MHz
2026/09/23 15:09:17.922, 0, 97 %, 82 %, 6159 MiB, 49140 MiB, 287.32 W, 300.00 W, 71, 1860 MHz
2026/09/23 15:09:18.923, 0, 97 %, 86 %, 6159 MiB, 49140 MiB, 288.63 W, 300.00 W, 72, 1980 MHz
2026/09/23 15:09:19.924, 0, 97 %, 87 %, 6159 MiB, 49140 MiB, 286.47 W, 300.00 W, 73, 1935 MHz
2026/09/23 15:09:20.926, 0, 97 %, 87 %, 6159 MiB, 49140 MiB, 287.91 W, 300.00 W, 72, 1695 MHz
2026/09/23 15:09:21.927, 0, 97 %, 87 %, 6159 MiB, 49140 MiB, 288.83 W, 300.00 W, 73, 2175 MHz
2026/09/23 15:09:22.928, 0, 96 %, 85 %, 6159 MiB, 49140 MiB, 286.44 W, 300.00 W, 72, 1860 MHz
2026/09/23 15:09:23.930, 0, 82 %, 59 %, 6159 MiB, 49140 MiB, 286.42 W, 300.00 W, 73, 2220 MHz
2026/09/23 15:09:24.930, 0, 7 %, 0 %, 6159 MiB, 49140 MiB, 278.19 W, 300.00 W, 68, 2730 MHz
2026/09/23 15:09:25.931, 0, 0 %, 0 %, 6159 MiB, 49140 MiB, 88.02 W, 300.00 W, 66, 2745 MHz
2026/09/23 15:09:26.931, 0, 95 %, 85 %, 6159 MiB, 49140 MiB, 182.62 W, 300.00 W, 71, 1800 MHz
2026/09/23 15:09:27.932, 0, 97 %, 86 %, 6159 MiB, 49140 MiB, 285.66 W, 300.00 W, 72, 2010 MHz
2026/09/23 15:09:28.934, 0, 98 %, 84 %, 6159 MiB, 49140 MiB, 287.42 W, 300.00 W, 71, 1815 MHz
2026/09/23 15:09:29.935, 0, 97 %, 87 %, 6159 MiB, 49140 MiB, 288.73 W, 300.00 W, 72, 2130 MHz
2026/09/23 15:09:30.936, 0, 97 %, 86 %, 6159 MiB, 49140 MiB, 286.03 W, 300.00 W, 72, 2085 MHz
2026/09/23 15:09:31.936, 0, 98 %, 88 %, 6159 MiB, 49140 MiB, 287.98 W, 300.00 W, 72, 1650 MHz
2026/09/23 15:09:32.938, 0, 98 %, 88 %, 6159 MiB, 49140 MiB, 289.53 W, 300.00 W, 73, 2160 MHz
2026/09/23 15:09:33.939, 0, 97 %, 85 %, 6159 MiB, 49140 MiB, 286.52 W, 300.00 W, 72, 1950 MHz
2026/09/23 15:09:34.940, 0, 96 %, 86 %, 6159 MiB, 49140 MiB, 284.03 W, 300.00 W, 73, 1950 MHz
2026/09/23 15:09:35.940, 0, 97 %, 87 %, 6159 MiB, 49140 MiB, 286.08 W, 300.00 W, 72, 1770 MHz
2026/09/23 15:09:36.941, 0, 97 %, 84 %, 6159 MiB, 49140 MiB, 288.66 W, 300.00 W, 73, 2025 MHz
2026/09/23 15:09:37.942, 0, 93 %, 82 %, 6159 MiB, 49140 MiB, 285.99 W, 300.00 W, 72, 1905 MHz
2026/09/23 15:09:38.943, 0, 98 %, 87 %, 6159 MiB, 49140 MiB, 286.82 W, 300.00 W, 74, 2010 MHz
2026/09/23 15:09:39.944, 0, 97 %, 85 %, 6159 MiB, 49140 MiB, 287.40 W, 300.00 W, 71, 1770 MHz
2026/09/23 15:09:40.944, 0, 97 %, 87 %, 6159 MiB, 49140 MiB, 289.42 W, 300.00 W, 72, 2115 MHz
2026/09/23 15:09:41.946, 0, 98 %, 85 %, 6159 MiB, 49140 MiB, 286.86 W, 300.00 W, 73, 1980 MHz
2026/09/23 15:09:42.950, 0, 96 %, 85 %, 6159 MiB, 49140 MiB, 287.56 W, 300.00 W, 74, 2040 MHz
2026/09/23 15:09:43.951, 0, 97 %, 82 %, 6159 MiB, 49140 MiB, 288.43 W, 300.00 W, 71, 1845 MHz
2026/09/23 15:09:44.951, 0, 97 %, 86 %, 6159 MiB, 49140 MiB, 288.40 W, 300.00 W, 72, 1935 MHz
2026/09/23 15:09:45.952, 0, 97 %, 85 %, 6159 MiB, 49140 MiB, 287.21 W, 300.00 W, 73, 2100 MHz
2026/09/23 15:09:46.953, 0, 94 %, 84 %, 6159 MiB, 49140 MiB, 288.49 W, 300.00 W, 73, 1695 MHz
2026/09/23 15:09:47.954, 0, 97 %, 83 %, 6159 MiB, 49140 MiB, 288.36 W, 300.00 W, 71, 1815 MHz
2026/09/23 15:09:48.954, 0, 94 %, 67 %, 6159 MiB, 49140 MiB, 291.42 W, 300.00 W, 74, 1650 MHz
2026/09/23 15:09:49.955, 0, 0 %, 0 %, 6159 MiB, 49140 MiB, 235.15 W, 300.00 W, 67, 2745 MHz
2026/09/23 15:09:50.955, 0, 0 %, 0 %, 6159 MiB, 49140 MiB, 87.53 W, 300.00 W, 66, 2745 MHz
2026/09/23 15:09:51.957, 0, 97 %, 85 %, 6159 MiB, 49140 MiB, 194.16 W, 300.00 W, 73, 1725 MHz
2026/09/23 15:09:52.958, 0, 98 %, 82 %, 6159 MiB, 49140 MiB, 288.81 W, 300.00 W, 71, 2085 MHz
2026/09/23 15:09:53.959, 0, 96 %, 86 %, 6159 MiB, 49140 MiB, 287.29 W, 300.00 W, 71, 2010 MHz
2026/09/23 15:09:54.960, 0, 98 %, 87 %, 6159 MiB, 49140 MiB, 287.06 W, 300.00 W, 73, 1890 MHz
2026/09/23 15:09:55.961, 0, 98 %, 82 %, 6159 MiB, 49140 MiB, 287.61 W, 300.00 W, 71, 2115 MHz
2026/09/23 15:09:56.962, 0, 98 %, 86 %, 6159 MiB, 49140 MiB, 287.32 W, 300.00 W, 72, 1965 MHz
2026/09/23 15:09:57.963, 0, 98 %, 83 %, 6159 MiB, 49140 MiB, 285.58 W, 300.00 W, 72, 1995 MHz
2026/09/23 15:09:58.964, 0, 96 %, 86 %, 6159 MiB, 49140 MiB, 287.33 W, 300.00 W, 73, 1800 MHz
2026/09/23 15:09:59.965, 0, 98 %, 82 %, 6159 MiB, 49140 MiB, 288.54 W, 300.00 W, 72, 1995 MHz
2026/09/23 15:10:00.965, 0, 97 %, 87 %, 6159 MiB, 49140 MiB, 286.54 W, 300.00 W, 72, 1965 MHz
2026/09/23 15:10:01.967, 0, 97 %, 83 %, 6159 MiB, 49140 MiB, 286.51 W, 300.00 W, 72, 1890 MHz
2026/09/23 15:10:02.968, 0, 97 %, 87 %, 6159 MiB, 49140 MiB, 288.06 W, 300.00 W, 72, 1920 MHz
2026/09/23 15:10:03.969, 0, 97 %, 87 %, 6159 MiB, 49140 MiB, 289.23 W, 300.00 W, 73, 1800 MHz
2026/09/23 15:10:04.970, 0, 96 %, 85 %, 6159 MiB, 49140 MiB, 287.27 W, 300.00 W, 73, 2010 MHz
2026/09/23 15:10:05.972, 0, 98 %, 87 %, 6159 MiB, 49140 MiB, 286.40 W, 300.00 W, 73, 1800 MHz
2026/09/23 15:10:06.973, 0, 98 %, 83 %, 6159 MiB, 49140 MiB, 288.30 W, 300.00 W, 71, 2160 MHz
2026/09/23 15:10:07.973, 0, 97 %, 86 %, 6159 MiB, 49140 MiB, 287.86 W, 300.00 W, 72, 2025 MHz
2026/09/23 15:10:08.975, 0, 98 %, 88 %, 6159 MiB, 49140 MiB, 286.96 W, 300.00 W, 73, 1635 MHz
2026/09/23 15:10:09.976, 0, 97 %, 86 %, 6159 MiB, 49140 MiB, 288.05 W, 300.00 W, 73, 1965 MHz
2026/09/23 15:10:10.977, 0, 97 %, 86 %, 6159 MiB, 49140 MiB, 289.26 W, 300.00 W, 73, 1755 MHz
2026/09/23 15:10:11.978, 0, 95 %, 85 %, 6159 MiB, 49140 MiB, 286.17 W, 300.00 W, 72, 1965 MHz
2026/09/23 15:10:12.979, 0, 98 %, 87 %, 6159 MiB, 49140 MiB, 286.82 W, 300.00 W, 74, 1755 MHz
2026/09/23 15:10:13.981, 0, 95 %, 66 %, 6159 MiB, 49140 MiB, 294.10 W, 300.00 W, 75, 1665 MHz
2026/09/23 15:10:14.982, 0, 0 %, 0 %, 6159 MiB, 49140 MiB, 203.87 W, 300.00 W, 67, 2730 MHz
2026/09/23 15:10:15.982, 0, 0 %, 0 %, 6159 MiB, 49140 MiB, 87.24 W, 300.00 W, 66, 2730 MHz
2026/09/23 15:10:16.983, 0, 97 %, 87 %, 6159 MiB, 49140 MiB, 206.88 W, 300.00 W, 72, 1830 MHz
2026/09/23 15:10:17.984, 0, 98 %, 85 %, 6159 MiB, 49140 MiB, 285.78 W, 300.00 W, 71, 2025 MHz
2026/09/23 15:10:18.985, 0, 98 %, 88 %, 6159 MiB, 49140 MiB, 286.62 W, 300.00 W, 72, 1890 MHz
2026/09/23 15:10:19.985, 0, 97 %, 87 %, 6159 MiB, 49140 MiB, 288.08 W, 300.00 W, 72, 1695 MHz
2026/09/23 15:10:20.986, 0, 97 %, 86 %, 6159 MiB, 49140 MiB, 286.06 W, 300.00 W, 71, 2010 MHz
2026/09/23 15:10:21.987, 0, 98 %, 87 %, 6159 MiB, 49140 MiB, 288.02 W, 300.00 W, 73, 1785 MHz
2026/09/23 15:10:22.987, 0, 98 %, 85 %, 6159 MiB, 49140 MiB, 288.99 W, 300.00 W, 72, 2055 MHz
2026/09/23 15:10:23.988, 0, 96 %, 84 %, 6159 MiB, 49140 MiB, 287.11 W, 300.00 W, 72, 2040 MHz
2026/09/23 15:10:24.989, 0, 98 %, 88 %, 6159 MiB, 49140 MiB, 285.11 W, 300.00 W, 73, 1725 MHz
2026/09/23 15:10:25.990, 0, 98 %, 87 %, 6159 MiB, 49140 MiB, 286.16 W, 300.00 W, 72, 1875 MHz
2026/09/23 15:10:26.991, 0, 97 %, 87 %, 6159 MiB, 49140 MiB, 288.79 W, 300.00 W, 73, 1755 MHz
2026/09/23 15:10:27.991, 0, 97 %, 84 %, 6159 MiB, 49140 MiB, 287.14 W, 300.00 W, 72, 1995 MHz
2026/09/23 15:10:28.992, 0, 98 %, 87 %, 6159 MiB, 49140 MiB, 287.65 W, 300.00 W, 73, 1785 MHz
2026/09/23 15:10:29.996, 0, 98 %, 84 %, 6159 MiB, 49140 MiB, 289.15 W, 300.00 W, 73, 1980 MHz
2026/09/23 15:10:30.996, 0, 95 %, 85 %, 6159 MiB, 49140 MiB, 288.16 W, 300.00 W, 72, 1935 MHz
2026/09/23 15:10:31.997, 0, 97 %, 87 %, 6159 MiB, 49140 MiB, 287.30 W, 300.00 W, 74, 1725 MHz
2026/09/23 15:10:32.999, 0, 97 %, 86 %, 6159 MiB, 49140 MiB, 287.15 W, 300.00 W, 71, 2130 MHz
2026/09/23 15:10:34.000, 0, 97 %, 87 %, 6159 MiB, 49140 MiB, 288.51 W, 300.00 W, 72, 1815 MHz
2026/09/23 15:10:35.001, 0, 97 %, 84 %, 6159 MiB, 49140 MiB, 286.93 W, 300.00 W, 73, 2010 MHz
2026/09/23 15:10:36.001, 0, 97 %, 86 %, 6159 MiB, 49140 MiB, 287.87 W, 300.00 W, 74, 1830 MHz
2026/09/23 15:10:37.005, 0, 97 %, 82 %, 6159 MiB, 49140 MiB, 289.61 W, 300.00 W, 72, 2070 MHz
2026/09/23 15:10:38.006, 0, 95 %, 84 %, 6159 MiB, 49140 MiB, 288.60 W, 300.00 W, 72, 1770 MHz
2026/09/23 15:10:39.007, 0, 95 %, 66 %, 6159 MiB, 49140 MiB, 293.25 W, 300.00 W, 74, 1650 MHz
2026/09/23 15:10:40.008, 0, 0 %, 0 %, 6159 MiB, 49140 MiB, 177.35 W, 300.00 W, 67, 2730 MHz
2026/09/23 15:10:41.008, 0, 0 %, 0 %, 6159 MiB, 49140 MiB, 87.31 W, 300.00 W, 66, 2730 MHz
2026/09/23 15:10:42.010, 0, 97 %, 86 %, 6159 MiB, 49140 MiB, 178.17 W, 300.00 W, 71, 1935 MHz
2026/09/23 15:10:43.011, 0, 97 %, 87 %, 6159 MiB, 49140 MiB, 288.29 W, 300.00 W, 72, 2010 MHz
2026/09/23 15:10:44.012, 0, 97 %, 88 %, 6159 MiB, 49140 MiB, 286.43 W, 300.00 W, 72, 1890 MHz
2026/09/23 15:10:45.016, 0, 97 %, 87 %, 6159 MiB, 49140 MiB, 287.90 W, 300.00 W, 71, 2070 MHz
2026/09/23 15:10:46.016, 0, 97 %, 86 %, 6159 MiB, 49140 MiB, 288.21 W, 300.00 W, 72, 2025 MHz
2026/09/23 15:10:47.018, 0, 95 %, 84 %, 6159 MiB, 49140 MiB, 286.52 W, 300.00 W, 71, 1680 MHz
2026/09/23 15:10:48.019, 0, 97 %, 87 %, 6159 MiB, 49140 MiB, 285.14 W, 300.00 W, 73, 2040 MHz
2026/09/23 15:10:49.020, 0, 98 %, 84 %, 6159 MiB, 49140 MiB, 288.65 W, 300.00 W, 71, 1875 MHz
2026/09/23 15:10:50.021, 0, 96 %, 86 %, 6159 MiB, 49140 MiB, 288.78 W, 300.00 W, 72, 1950 MHz
2026/09/23 15:10:51.022, 0, 97 %, 84 %, 6159 MiB, 49140 MiB, 286.26 W, 300.00 W, 72, 1875 MHz
2026/09/23 15:10:52.022, 0, 98 %, 87 %, 6159 MiB, 49140 MiB, 287.87 W, 300.00 W, 72, 2070 MHz
2026/09/23 15:10:53.024, 0, 98 %, 83 %, 6159 MiB, 49140 MiB, 288.01 W, 300.00 W, 72, 2085 MHz
2026/09/23 15:10:54.026, 0, 95 %, 85 %, 6159 MiB, 49140 MiB, 286.12 W, 300.00 W, 72, 1680 MHz
2026/09/23 15:10:55.026, 0, 97 %, 87 %, 6159 MiB, 49140 MiB, 286.94 W, 300.00 W, 74, 2130 MHz
2026/09/23 15:10:56.027, 0, 97 %, 85 %, 6159 MiB, 49140 MiB, 288.47 W, 300.00 W, 71, 1800 MHz
2026/09/23 15:10:57.028, 0, 98 %, 87 %, 6159 MiB, 49140 MiB, 289.35 W, 300.00 W, 72, 1980 MHz
2026/09/23 15:10:58.028, 0, 97 %, 86 %, 6159 MiB, 49140 MiB, 286.08 W, 300.00 W, 73, 1785 MHz
2026/09/23 15:10:59.029, 0, 98 %, 87 %, 6159 MiB, 49140 MiB, 289.29 W, 300.00 W, 73, 2010 MHz
2026/09/23 15:11:00.031, 0, 98 %, 83 %, 6159 MiB, 49140 MiB, 288.89 W, 300.00 W, 72, 2070 MHz
2026/09/23 15:11:01.031, 0, 98 %, 88 %, 6159 MiB, 49140 MiB, 288.12 W, 300.00 W, 73, 1965 MHz
2026/09/23 15:11:02.032, 0, 98 %, 83 %, 6159 MiB, 49140 MiB, 288.18 W, 300.00 W, 72, 1800 MHz
2026/09/23 15:11:03.033, 0, 97 %, 86 %, 6159 MiB, 49140 MiB, 289.12 W, 300.00 W, 73, 2085 MHz
2026/09/23 15:11:04.033, 0, 92 %, 64 %, 6159 MiB, 49140 MiB, 291.86 W, 300.00 W, 74, 1770 MHz
2026/09/23 15:11:05.034, 0, 0 %, 0 %, 6159 MiB, 49140 MiB, 204.56 W, 300.00 W, 67, 2730 MHz
2026/09/23 15:11:06.034, 0, 0 %, 0 %, 6159 MiB, 49140 MiB, 87.22 W, 300.00 W, 66, 2730 MHz
2026/09/23 15:11:07.035, 0, 98 %, 85 %, 6159 MiB, 49140 MiB, 210.80 W, 300.00 W, 71, 1785 MHz
2026/09/23 15:11:08.036, 0, 98 %, 87 %, 6159 MiB, 49140 MiB, 288.51 W, 300.00 W, 72, 2085 MHz
2026/09/23 15:11:09.037, 0, 97 %, 85 %, 6159 MiB, 49140 MiB, 289.37 W, 300.00 W, 73, 2040 MHz
2026/09/23 15:11:10.038, 0, 96 %, 85 %, 6159 MiB, 49140 MiB, 287.14 W, 300.00 W, 71, 1650 MHz
2026/09/23 15:11:11.038, 0, 97 %, 87 %, 6159 MiB, 49140 MiB, 285.79 W, 300.00 W, 73, 1920 MHz
2026/09/23 15:11:12.040, 0, 96 %, 85 %, 6159 MiB, 49140 MiB, 288.28 W, 300.00 W, 71, 1740 MHz
2026/09/23 15:11:13.040, 0, 97 %, 87 %, 6159 MiB, 49140 MiB, 288.63 W, 300.00 W, 72, 1950 MHz
2026/09/23 15:11:14.042, 0, 97 %, 83 %, 6159 MiB, 49140 MiB, 286.04 W, 300.00 W, 72, 1800 MHz
2026/09/23 15:11:15.042, 0, 98 %, 87 %, 6159 MiB, 49140 MiB, 287.75 W, 300.00 W, 73, 2175 MHz
2026/09/23 15:11:16.043, 0, 98 %, 84 %, 6159 MiB, 49140 MiB, 288.32 W, 300.00 W, 71, 1875 MHz
2026/09/23 15:11:17.044, 0, 97 %, 87 %, 6159 MiB, 49140 MiB, 288.03 W, 300.00 W, 72, 1935 MHz
2026/09/23 15:11:18.045, 0, 97 %, 83 %, 6159 MiB, 49140 MiB, 287.36 W, 300.00 W, 72, 1815 MHz
2026/09/23 15:11:19.046, 0, 97 %, 86 %, 6159 MiB, 49140 MiB, 289.48 W, 300.00 W, 72, 2055 MHz
2026/09/23 15:11:20.047, 0, 98 %, 82 %, 6159 MiB, 49140 MiB, 288.91 W, 300.00 W, 72, 2040 MHz
2026/09/23 15:11:21.049, 0, 96 %, 85 %, 6159 MiB, 49140 MiB, 288.12 W, 300.00 W, 72, 1710 MHz
2026/09/23 15:11:22.050, 0, 98 %, 88 %, 6159 MiB, 49140 MiB, 288.76 W, 300.00 W, 74, 1950 MHz
2026/09/23 15:11:23.050, 0, 98 %, 87 %, 6159 MiB, 49140 MiB, 287.54 W, 300.00 W, 72, 1875 MHz
2026/09/23 15:11:24.051, 0, 98 %, 88 %, 6159 MiB, 49140 MiB, 288.91 W, 300.00 W, 73, 1935 MHz
2026/09/23 15:11:25.052, 0, 92 %, 81 %, 6159 MiB, 49140 MiB, 286.83 W, 300.00 W, 72, 1725 MHz
2026/09/23 15:11:26.053, 0, 97 %, 86 %, 6159 MiB, 49140 MiB, 284.85 W, 300.00 W, 73, 1815 MHz
2026/09/23 15:11:27.054, 0, 98 %, 87 %, 6159 MiB, 49140 MiB, 289.41 W, 300.00 W, 72, 1965 MHz
2026/09/23 15:11:28.055, 0, 95 %, 86 %, 6159 MiB, 49140 MiB, 288.95 W, 300.00 W, 73, 1935 MHz
2026/09/23 15:11:29.055, 0, 93 %, 64 %, 6159 MiB, 49140 MiB, 293.16 W, 300.00 W, 74, 1635 MHz
2026/09/23 15:11:30.056, 0, 0 %, 0 %, 6159 MiB, 49140 MiB, 173.30 W, 300.00 W, 66, 2505 MHz
2026/09/23 15:11:31.056, 0, 0 %, 0 %, 6159 MiB, 49140 MiB, 72.12 W, 300.00 W, 65, 2505 MHz
2026/09/23 15:11:32.058, 0, 96 %, 85 %, 6159 MiB, 49140 MiB, 210.79 W, 300.00 W, 72, 1770 MHz
2026/09/23 15:11:33.058, 0, 97 %, 81 %, 6159 MiB, 49140 MiB, 287.50 W, 300.00 W, 71, 1965 MHz
2026/09/23 15:11:34.059, 0, 95 %, 84 %, 6159 MiB, 49140 MiB, 286.92 W, 300.00 W, 71, 1860 MHz
2026/09/23 15:11:35.060, 0, 98 %, 87 %, 6159 MiB, 49140 MiB, 286.63 W, 300.00 W, 73, 1710 MHz
2026/09/23 15:11:36.060, 0, 97 %, 83 %, 6159 MiB, 49140 MiB, 287.68 W, 300.00 W, 70, 2010 MHz
2026/09/23 15:11:37.061, 0, 97 %, 86 %, 6159 MiB, 49140 MiB, 287.98 W, 300.00 W, 71, 1800 MHz
2026/09/23 15:11:38.062, 0, 96 %, 85 %, 6159 MiB, 49140 MiB, 285.71 W, 300.00 W, 73, 2130 MHz
2026/09/23 15:11:39.063, 0, 97 %, 86 %, 6159 MiB, 49140 MiB, 285.75 W, 300.00 W, 73, 1785 MHz
2026/09/23 15:11:40.064, 0, 98 %, 83 %, 6159 MiB, 49140 MiB, 287.84 W, 300.00 W, 71, 1980 MHz
2026/09/23 15:11:41.068, 0, 96 %, 85 %, 6159 MiB, 49140 MiB, 287.79 W, 300.00 W, 72, 1800 MHz
2026/09/23 15:11:42.069, 0, 97 %, 87 %, 6159 MiB, 49140 MiB, 287.59 W, 300.00 W, 73, 2025 MHz
2026/09/23 15:11:43.070, 0, 96 %, 85 %, 6159 MiB, 49140 MiB, 286.75 W, 300.00 W, 72, 2055 MHz
2026/09/23 15:11:44.072, 0, 95 %, 85 %, 6159 MiB, 49140 MiB, 288.82 W, 300.00 W, 73, 1725 MHz
2026/09/23 15:11:45.073, 0, 95 %, 83 %, 6159 MiB, 49140 MiB, 285.19 W, 300.00 W, 72, 1830 MHz
2026/09/23 15:11:46.074, 0, 97 %, 87 %, 6159 MiB, 49140 MiB, 288.74 W, 300.00 W, 73, 2010 MHz
2026/09/23 15:11:47.075, 0, 97 %, 86 %, 6159 MiB, 49140 MiB, 288.36 W, 300.00 W, 72, 2085 MHz
2026/09/23 15:11:48.076, 0, 98 %, 87 %, 6159 MiB, 49140 MiB, 289.33 W, 300.00 W, 73, 1695 MHz
2026/09/23 15:11:49.077, 0, 94 %, 83 %, 6159 MiB, 49140 MiB, 286.42 W, 300.00 W, 72, 1860 MHz
2026/09/23 15:11:50.077, 0, 98 %, 87 %, 6159 MiB, 49140 MiB, 288.33 W, 300.00 W, 74, 1845 MHz
2026/09/23 15:11:51.078, 0, 94 %, 82 %, 6159 MiB, 49140 MiB, 288.24 W, 300.00 W, 71, 1965 MHz
2026/09/23 15:11:52.079, 0, 98 %, 87 %, 6159 MiB, 49140 MiB, 289.44 W, 300.00 W, 73, 1665 MHz
2026/09/23 15:11:53.080, 0, 94 %, 83 %, 6159 MiB, 49140 MiB, 286.02 W, 300.00 W, 72, 1980 MHz
2026/09/23 15:11:54.081, 0, 94 %, 68 %, 6159 MiB, 49140 MiB, 294.71 W, 300.00 W, 74, 1650 MHz
2026/09/23 15:11:55.081, 0, 0 %, 0 %, 6159 MiB, 49140 MiB, 140.81 W, 300.00 W, 67, 2745 MHz
2026/09/23 15:11:56.082, 0, 0 %, 0 %, 6159 MiB, 49140 MiB, 102.68 W, 300.00 W, 70, 1830 MHz
2026/09/23 15:11:57.083, 0, 98 %, 84 %, 6159 MiB, 49140 MiB, 288.42 W, 300.00 W, 71, 2190 MHz
2026/09/23 15:11:58.084, 0, 97 %, 86 %, 6159 MiB, 49140 MiB, 287.39 W, 300.00 W, 72, 1845 MHz
2026/09/23 15:11:59.084, 0, 96 %, 85 %, 6159 MiB, 49140 MiB, 287.55 W, 300.00 W, 72, 1755 MHz
2026/09/23 15:12:00.085, 0, 93 %, 82 %, 6159 MiB, 49140 MiB, 285.55 W, 300.00 W, 71, 1875 MHz
2026/09/23 15:12:01.086, 0, 97 %, 87 %, 6159 MiB, 49140 MiB, 287.08 W, 300.00 W, 73, 1920 MHz
2026/09/23 15:12:02.086, 0, 98 %, 86 %, 6159 MiB, 49140 MiB, 289.01 W, 300.00 W, 71, 1935 MHz
2026/09/23 15:12:03.087, 0, 98 %, 87 %, 6159 MiB, 49140 MiB, 287.68 W, 300.00 W, 72, 1695 MHz
2026/09/23 15:12:04.088, 0, 98 %, 88 %, 6159 MiB, 49140 MiB, 286.54 W, 300.00 W, 72, 2130 MHz
2026/09/23 15:12:05.089, 0, 98 %, 86 %, 6159 MiB, 49140 MiB, 288.79 W, 300.00 W, 73, 2040 MHz
2026/09/23 15:12:06.090, 0, 96 %, 87 %, 6159 MiB, 49140 MiB, 287.99 W, 300.00 W, 71, 1965 MHz
2026/09/23 15:12:07.091, 0, 95 %, 82 %, 6159 MiB, 49140 MiB, 285.98 W, 300.00 W, 72, 1830 MHz
2026/09/23 15:12:08.092, 0, 98 %, 87 %, 6159 MiB, 49140 MiB, 287.23 W, 300.00 W, 73, 1950 MHz
2026/09/23 15:12:09.093, 0, 98 %, 82 %, 6159 MiB, 49140 MiB, 286.66 W, 300.00 W, 72, 2085 MHz
2026/09/23 15:12:10.093, 0, 97 %, 88 %, 6159 MiB, 49140 MiB, 288.04 W, 300.00 W, 72, 1845 MHz
2026/09/23 15:12:11.094, 0, 97 %, 84 %, 6159 MiB, 49140 MiB, 287.30 W, 300.00 W, 72, 1770 MHz
2026/09/23 15:12:12.095, 0, 97 %, 87 %, 6159 MiB, 49140 MiB, 288.07 W, 300.00 W, 74, 1995 MHz
2026/09/23 15:12:13.096, 0, 97 %, 82 %, 6159 MiB, 49140 MiB, 286.19 W, 300.00 W, 72, 2130 MHz
2026/09/23 15:12:14.098, 0, 96 %, 87 %, 6159 MiB, 49140 MiB, 287.71 W, 300.00 W, 73, 1845 MHz
2026/09/23 15:12:15.099, 0, 97 %, 83 %, 6159 MiB, 49140 MiB, 288.71 W, 300.00 W, 71, 2025 MHz
2026/09/23 15:12:16.100, 0, 97 %, 87 %, 6159 MiB, 49140 MiB, 286.28 W, 300.00 W, 72, 1785 MHz
2026/09/23 15:12:17.100, 0, 98 %, 81 %, 6159 MiB, 49140 MiB, 287.27 W, 300.00 W, 73, 2130 MHz
2026/09/23 15:12:18.101, 0, 96 %, 87 %, 6159 MiB, 49140 MiB, 292.67 W, 300.00 W, 74, 1665 MHz
2026/09/23 15:12:19.102, 0, 95 %, 66 %, 6159 MiB, 49140 MiB, 219.55 W, 300.00 W, 67, 2535 MHz
2026/09/23 15:12:20.102, 0, 0 %, 0 %, 6159 MiB, 49140 MiB, 72.91 W, 300.00 W, 66, 2535 MHz
2026/09/23 15:12:21.103, 0, 98 %, 84 %, 6159 MiB, 49140 MiB, 187.68 W, 300.00 W, 72, 2070 MHz
2026/09/23 15:12:22.103, 0, 95 %, 84 %, 6159 MiB, 49140 MiB, 285.79 W, 300.00 W, 71, 1710 MHz
2026/09/23 15:12:23.105, 0, 98 %, 88 %, 6159 MiB, 49140 MiB, 287.62 W, 300.00 W, 71, 2040 MHz
2026/09/23 15:12:24.106, 0, 98 %, 81 %, 6159 MiB, 49140 MiB, 288.12 W, 300.00 W, 72, 1830 MHz
2026/09/23 15:12:25.107, 0, 95 %, 85 %, 6159 MiB, 49140 MiB, 288.17 W, 300.00 W, 72, 2010 MHz
2026/09/23 15:12:26.111, 0, 98 %, 86 %, 6159 MiB, 49140 MiB, 287.78 W, 300.00 W, 71, 1785 MHz
2026/09/23 15:12:27.111, 0, 97 %, 88 %, 6159 MiB, 49140 MiB, 286.35 W, 300.00 W, 71, 2145 MHz
2026/09/23 15:12:28.112, 0, 98 %, 83 %, 6159 MiB, 49140 MiB, 288.12 W, 300.00 W, 74, 2100 MHz
2026/09/23 15:12:29.113, 0, 95 %, 84 %, 6159 MiB, 49140 MiB, 288.77 W, 300.00 W, 71, 1680 MHz
2026/09/23 15:12:30.114, 0, 98 %, 88 %, 6159 MiB, 49140 MiB, 287.81 W, 300.00 W, 72, 1950 MHz
2026/09/23 15:12:31.115, 0, 97 %, 84 %, 6159 MiB, 49140 MiB, 286.64 W, 300.00 W, 72, 1920 MHz
2026/09/23 15:12:32.115, 0, 98 %, 89 %, 6159 MiB, 49140 MiB, 289.41 W, 300.00 W, 73, 2040 MHz
2026/09/23 15:12:33.116, 0, 97 %, 84 %, 6159 MiB, 49140 MiB, 289.00 W, 300.00 W, 71, 1755 MHz
2026/09/23 15:12:34.117, 0, 98 %, 88 %, 6159 MiB, 49140 MiB, 285.97 W, 300.00 W, 72, 2175 MHz
2026/09/23 15:12:35.118, 0, 98 %, 81 %, 6159 MiB, 49140 MiB, 286.13 W, 300.00 W, 72, 1710 MHz
2026/09/23 15:12:36.118, 0, 98 %, 88 %, 6159 MiB, 49140 MiB, 288.37 W, 300.00 W, 74, 1950 MHz
2026/09/23 15:12:37.120, 0, 96 %, 83 %, 6159 MiB, 49140 MiB, 290.15 W, 300.00 W, 71, 1680 MHz
2026/09/23 15:12:38.120, 0, 98 %, 87 %, 6159 MiB, 49140 MiB, 288.46 W, 300.00 W, 72, 2100 MHz
2026/09/23 15:12:39.121, 0, 97 %, 81 %, 6159 MiB, 49140 MiB, 286.80 W, 300.00 W, 73, 1875 MHz
2026/09/23 15:12:40.122, 0, 96 %, 85 %, 6159 MiB, 49140 MiB, 286.64 W, 300.00 W, 73, 1965 MHz
2026/09/23 15:12:41.123, 0, 98 %, 83 %, 6159 MiB, 49140 MiB, 288.60 W, 300.00 W, 71, 1755 MHz
2026/09/23 15:12:42.124, 0, 98 %, 88 %, 6159 MiB, 49140 MiB, 286.44 W, 300.00 W, 72, 2145 MHz
2026/09/23 15:12:43.125, 0, 97 %, 80 %, 6159 MiB, 49140 MiB, 290.93 W, 300.00 W, 74, 1695 MHz
2026/09/23 15:12:44.125, 0, 95 %, 67 %, 6159 MiB, 49140 MiB, 211.04 W, 300.00 W, 67, 2745 MHz
2026/09/23 15:12:45.126, 0, 0 %, 0 %, 6159 MiB, 49140 MiB, 87.03 W, 300.00 W, 66, 2745 MHz
2026/09/23 15:12:46.126, 0, 98 %, 90 %, 6159 MiB, 49140 MiB, 195.67 W, 300.00 W, 71, 2175 MHz
2026/09/23 15:12:47.128, 0, 98 %, 84 %, 6159 MiB, 49140 MiB, 287.17 W, 300.00 W, 73, 2070 MHz
2026/09/23 15:12:48.129, 0, 94 %, 84 %, 6159 MiB, 49140 MiB, 288.39 W, 300.00 W, 71, 1665 MHz
2026/09/23 15:12:49.129, 0, 97 %, 87 %, 6159 MiB, 49140 MiB, 287.05 W, 300.00 W, 72, 1995 MHz
2026/09/23 15:12:50.130, 0, 97 %, 85 %, 6159 MiB, 49140 MiB, 284.89 W, 300.00 W, 72, 1905 MHz
2026/09/23 15:12:51.132, 0, 98 %, 88 %, 6159 MiB, 49140 MiB, 288.01 W, 300.00 W, 73, 1980 MHz
2026/09/23 15:12:52.133, 0, 96 %, 83 %, 6159 MiB, 49140 MiB, 288.20 W, 300.00 W, 71, 1710 MHz
2026/09/23 15:12:53.133, 0, 98 %, 88 %, 6159 MiB, 49140 MiB, 287.51 W, 300.00 W, 72, 2130 MHz
2026/09/23 15:12:54.134, 0, 97 %, 83 %, 6159 MiB, 49140 MiB, 287.07 W, 300.00 W, 73, 2055 MHz
2026/09/23 15:12:55.135, 0, 95 %, 85 %, 6159 MiB, 49140 MiB, 288.30 W, 300.00 W, 72, 1740 MHz
2026/09/23 15:12:56.136, 0, 98 %, 89 %, 6159 MiB, 49140 MiB, 288.10 W, 300.00 W, 72, 1965 MHz
2026/09/23 15:12:57.137, 0, 97 %, 85 %, 6159 MiB, 49140 MiB, 285.64 W, 300.00 W, 72, 2055 MHz
2026/09/23 15:12:58.138, 0, 97 %, 88 %, 6159 MiB, 49140 MiB, 289.33 W, 300.00 W, 74, 1980 MHz
2026/09/23 15:12:59.139, 0, 97 %, 83 %, 6159 MiB, 49140 MiB, 288.30 W, 300.00 W, 71, 1740 MHz
2026/09/23 15:13:00.140, 0, 96 %, 86 %, 6159 MiB, 49140 MiB, 288.33 W, 300.00 W, 72, 2100 MHz
2026/09/23 15:13:01.141, 0, 98 %, 83 %, 6159 MiB, 49140 MiB, 286.83 W, 300.00 W, 73, 1800 MHz
2026/09/23 15:13:02.141, 0, 98 %, 89 %, 6159 MiB, 49140 MiB, 288.89 W, 300.00 W, 74, 1905 MHz
2026/09/23 15:13:03.142, 0, 97 %, 83 %, 6159 MiB, 49140 MiB, 289.48 W, 300.00 W, 71, 1695 MHz
2026/09/23 15:13:04.143, 0, 98 %, 87 %, 6159 MiB, 49140 MiB, 288.57 W, 300.00 W, 72, 2055 MHz
2026/09/23 15:13:05.144, 0, 97 %, 82 %, 6159 MiB, 49140 MiB, 287.23 W, 300.00 W, 72, 1710 MHz
2026/09/23 15:13:06.145, 0, 97 %, 88 %, 6159 MiB, 49140 MiB, 288.10 W, 300.00 W, 73, 1995 MHz
2026/09/23 15:13:07.146, 0, 98 %, 83 %, 6159 MiB, 49140 MiB, 290.62 W, 300.00 W, 72, 1725 MHz
2026/09/23 15:13:08.146, 0, 92 %, 77 %, 6159 MiB, 49140 MiB, 291.49 W, 300.00 W, 73, 1650 MHz
2026/09/23 15:13:09.147, 0, 76 %, 55 %, 6159 MiB, 49140 MiB, 198.41 W, 300.00 W, 67, 2745 MHz
2026/09/23 15:13:10.147, 0, 0 %, 0 %, 6159 MiB, 49140 MiB, 87.30 W, 300.00 W, 66, 2745 MHz
2026/09/23 15:13:11.148, 0, 97 %, 88 %, 6159 MiB, 49140 MiB, 211.96 W, 300.00 W, 71, 2025 MHz
2026/09/23 15:13:12.149, 0, 97 %, 88 %, 6159 MiB, 49140 MiB, 287.38 W, 300.00 W, 73, 1755 MHz
2026/09/23 15:13:13.150, 0, 96 %, 83 %, 6159 MiB, 49140 MiB, 287.93 W, 300.00 W, 71, 2025 MHz
2026/09/23 15:13:14.151, 0, 98 %, 88 %, 6159 MiB, 49140 MiB, 286.61 W, 300.00 W, 72, 1755 MHz
2026/09/23 15:13:15.152, 0, 97 %, 81 %, 6159 MiB, 49140 MiB, 286.98 W, 300.00 W, 72, 1995 MHz
2026/09/23 15:13:16.153, 0, 96 %, 86 %, 6159 MiB, 49140 MiB, 287.15 W, 300.00 W, 72, 1740 MHz
2026/09/23 15:13:17.153, 0, 98 %, 87 %, 6159 MiB, 49140 MiB, 288.56 W, 300.00 W, 73, 2130 MHz
2026/09/23 15:13:18.154, 0, 95 %, 85 %, 6159 MiB, 49140 MiB, 283.98 W, 300.00 W, 72, 1785 MHz
2026/09/23 15:13:19.155, 0, 97 %, 81 %, 6159 MiB, 49140 MiB, 288.03 W, 300.00 W, 73, 1995 MHz
2026/09/23 15:13:20.156, 0, 95 %, 85 %, 6159 MiB, 49140 MiB, 287.98 W, 300.00 W, 72, 1830 MHz
2026/09/23 15:13:21.157, 0, 97 %, 84 %, 6159 MiB, 49140 MiB, 287.87 W, 300.00 W, 72, 2145 MHz
2026/09/23 15:13:22.161, 0, 98 %, 88 %, 6159 MiB, 49140 MiB, 286.55 W, 300.00 W, 72, 1965 MHz
2026/09/23 15:13:23.162, 0, 98 %, 82 %, 6159 MiB, 49140 MiB, 288.93 W, 300.00 W, 73, 1800 MHz
2026/09/23 15:13:24.163, 0, 96 %, 84 %, 6159 MiB, 49140 MiB, 289.73 W, 300.00 W, 71, 1830 MHz
2026/09/23 15:13:25.164, 0, 98 %, 88 %, 6159 MiB, 49140 MiB, 288.53 W, 300.00 W, 72, 1890 MHz
2026/09/23 15:13:26.164, 0, 98 %, 82 %, 6159 MiB, 49140 MiB, 287.73 W, 300.00 W, 74, 2010 MHz
2026/09/23 15:13:27.166, 0, 96 %, 86 %, 6159 MiB, 49140 MiB, 288.68 W, 300.00 W, 72, 1755 MHz
2026/09/23 15:13:28.166, 0, 97 %, 83 %, 6159 MiB, 49140 MiB, 289.69 W, 300.00 W, 73, 2130 MHz
2026/09/23 15:13:29.167, 0, 98 %, 88 %, 6159 MiB, 49140 MiB, 286.41 W, 300.00 W, 72, 1740 MHz
2026/09/23 15:13:30.168, 0, 98 %, 81 %, 6159 MiB, 49140 MiB, 287.61 W, 300.00 W, 74, 1965 MHz
2026/09/23 15:13:31.169, 0, 96 %, 85 %, 6159 MiB, 49140 MiB, 289.25 W, 300.00 W, 72, 1770 MHz
2026/09/23 15:13:32.171, 0, 97 %, 84 %, 6159 MiB, 49140 MiB, 289.35 W, 300.00 W, 73, 2145 MHz
2026/09/23 15:13:33.172, 0, 92 %, 66 %, 6159 MiB, 49140 MiB, 293.64 W, 300.00 W, 74, 1620 MHz
2026/09/23 15:13:34.173, 0, 8 %, 0 %, 6159 MiB, 49140 MiB, 174.23 W, 300.00 W, 66, 2505 MHz
2026/09/23 15:13:35.173, 0, 0 %, 0 %, 6159 MiB, 49140 MiB, 73.08 W, 300.00 W, 66, 2505 MHz
2026/09/23 15:13:36.174, 0, 98 %, 82 %, 6159 MiB, 49140 MiB, 211.29 W, 300.00 W, 73, 1995 MHz
2026/09/23 15:13:37.176, 0, 97 %, 87 %, 6159 MiB, 49140 MiB, 289.22 W, 300.00 W, 71, 1785 MHz
2026/09/23 15:13:38.177, 0, 98 %, 87 %, 6159 MiB, 49140 MiB, 288.02 W, 300.00 W, 72, 2190 MHz
2026/09/23 15:13:39.178, 0, 96 %, 87 %, 6159 MiB, 49140 MiB, 285.34 W, 300.00 W, 71, 1815 MHz
2026/09/23 15:13:40.179, 0, 97 %, 81 %, 6159 MiB, 49140 MiB, 286.84 W, 300.00 W, 73, 1995 MHz
2026/09/23 15:13:41.179, 0, 94 %, 84 %, 6159 MiB, 49140 MiB, 287.77 W, 300.00 W, 71, 1815 MHz
2026/09/23 15:13:42.183, 0, 96 %, 86 %, 6159 MiB, 49140 MiB, 288.36 W, 300.00 W, 72, 2175 MHz
2026/09/23 15:13:43.184, 0, 97 %, 87 %, 6159 MiB, 49140 MiB, 286.57 W, 300.00 W, 72, 2040 MHz
2026/09/23 15:13:44.185, 0, 97 %, 85 %, 6159 MiB, 49140 MiB, 286.93 W, 300.00 W, 73, 1995 MHz
2026/09/23 15:13:45.186, 0, 96 %, 86 %, 6159 MiB, 49140 MiB, 289.64 W, 300.00 W, 71, 1830 MHz
2026/09/23 15:13:46.187, 0, 96 %, 87 %, 6159 MiB, 49140 MiB, 289.05 W, 300.00 W, 72, 2010 MHz
2026/09/23 15:13:47.188, 0, 98 %, 85 %, 6159 MiB, 49140 MiB, 288.29 W, 300.00 W, 73, 1890 MHz
2026/09/23 15:13:48.188, 0, 97 %, 88 %, 6159 MiB, 49140 MiB, 289.48 W, 300.00 W, 72, 1695 MHz
2026/09/23 15:13:49.189, 0, 97 %, 83 %, 6159 MiB, 49140 MiB, 289.88 W, 300.00 W, 73, 2115 MHz
2026/09/23 15:13:50.190, 0, 98 %, 89 %, 6159 MiB, 49140 MiB, 286.98 W, 300.00 W, 73, 1980 MHz
2026/09/23 15:13:51.191, 0, 98 %, 83 %, 6159 MiB, 49140 MiB, 287.79 W, 300.00 W, 74, 2040 MHz
2026/09/23 15:13:52.192, 0, 96 %, 86 %, 6159 MiB, 49140 MiB, 288.10 W, 300.00 W, 71, 1845 MHz
2026/09/23 15:13:53.193, 0, 97 %, 88 %, 6159 MiB, 49140 MiB, 289.65 W, 300.00 W, 72, 1995 MHz
2026/09/23 15:13:54.193, 0, 97 %, 86 %, 6159 MiB, 49140 MiB, 286.49 W, 300.00 W, 73, 2115 MHz
2026/09/23 15:13:55.194, 0, 97 %, 87 %, 6159 MiB, 49140 MiB, 288.07 W, 300.00 W, 73, 1830 MHz
2026/09/23 15:13:56.196, 0, 95 %, 83 %, 6159 MiB, 49140 MiB, 289.57 W, 300.00 W, 73, 1890 MHz
2026/09/23 15:13:57.196, 0, 97 %, 87 %, 6159 MiB, 49140 MiB, 288.57 W, 300.00 W, 72, 1875 MHz
2026/09/23 15:13:58.197, 0, 93 %, 65 %, 6159 MiB, 49140 MiB, 294.87 W, 300.00 W, 73, 1650 MHz
2026/09/23 15:13:59.198, 0, 9 %, 0 %, 6159 MiB, 49140 MiB, 159.36 W, 300.00 W, 67, 2745 MHz
2026/09/23 15:14:00.198, 0, 0 %, 0 %, 6159 MiB, 49140 MiB, 99.94 W, 300.00 W, 71, 2025 MHz
2026/09/23 15:14:01.199, 0, 98 %, 88 %, 6159 MiB, 49140 MiB, 288.63 W, 300.00 W, 71, 2025 MHz
2026/09/23 15:14:02.199, 0, 98 %, 82 %, 6159 MiB, 49140 MiB, 287.18 W, 300.00 W, 72, 1830 MHz
2026/09/23 15:14:03.200, 0, 96 %, 85 %, 6159 MiB, 49140 MiB, 288.27 W, 300.00 W, 71, 2010 MHz
2026/09/23 15:14:04.201, 0, 98 %, 88 %, 6159 MiB, 49140 MiB, 287.94 W, 300.00 W, 72, 1980 MHz
2026/09/23 15:14:05.202, 0, 98 %, 81 %, 6159 MiB, 49140 MiB, 286.71 W, 300.00 W, 74, 1680 MHz
2026/09/23 15:14:06.203, 0, 97 %, 87 %, 6159 MiB, 49140 MiB, 288.49 W, 300.00 W, 72, 2085 MHz
2026/09/23 15:14:07.204, 0, 97 %, 84 %, 6159 MiB, 49140 MiB, 289.09 W, 300.00 W, 72, 1755 MHz
2026/09/23 15:14:08.204, 0, 98 %, 89 %, 6159 MiB, 49140 MiB, 287.26 W, 300.00 W, 72, 1995 MHz
2026/09/23 15:14:09.206, 0, 98 %, 85 %, 6159 MiB, 49140 MiB, 288.15 W, 300.00 W, 72, 1800 MHz
2026/09/23 15:14:10.207, 0, 96 %, 83 %, 6159 MiB, 49140 MiB, 288.55 W, 300.00 W, 72, 2040 MHz
2026/09/23 15:14:11.207, 0, 97 %, 86 %, 6159 MiB, 49140 MiB, 287.72 W, 300.00 W, 72, 2100 MHz
2026/09/23 15:14:12.208, 0, 97 %, 82 %, 6159 MiB, 49140 MiB, 286.61 W, 300.00 W, 73, 1650 MHz
2026/09/23 15:14:13.209, 0, 97 %, 88 %, 6159 MiB, 49140 MiB, 287.22 W, 300.00 W, 73, 1815 MHz
2026/09/23 15:14:14.210, 0, 95 %, 82 %, 6159 MiB, 49140 MiB, 288.13 W, 300.00 W, 71, 2055 MHz
2026/09/23 15:14:15.211, 0, 98 %, 89 %, 6159 MiB, 49140 MiB, 289.13 W, 300.00 W, 72, 2010 MHz
2026/09/23 15:14:16.212, 0, 98 %, 83 %, 6159 MiB, 49140 MiB, 287.77 W, 300.00 W, 73, 1635 MHz
2026/09/23 15:14:17.213, 0, 96 %, 87 %, 6159 MiB, 49140 MiB, 288.64 W, 300.00 W, 73, 1830 MHz
2026/09/23 15:14:18.214, 0, 97 %, 83 %, 6159 MiB, 49140 MiB, 290.79 W, 300.00 W, 73, 1845 MHz
2026/09/23 15:14:19.214, 0, 98 %, 87 %, 6159 MiB, 49140 MiB, 289.12 W, 300.00 W, 72, 1905 MHz
2026/09/23 15:14:20.215, 0, 97 %, 81 %, 6159 MiB, 49140 MiB, 288.51 W, 300.00 W, 74, 1650 MHz
2026/09/23 15:14:21.215, 0, 97 %, 88 %, 6159 MiB, 49140 MiB, 289.36 W, 300.00 W, 73, 1905 MHz
2026/09/23 15:14:22.217, 0, 98 %, 84 %, 6159 MiB, 49140 MiB, 289.99 W, 300.00 W, 73, 2025 MHz
2026/09/23 15:14:23.218, 0, 94 %, 66 %, 6159 MiB, 49140 MiB, 294.62 W, 300.00 W, 74, 1635 MHz
2026/09/23 15:14:24.218, 0, 9 %, 0 %, 6159 MiB, 49140 MiB, 130.59 W, 300.00 W, 67, 2730 MHz
2026/09/23 15:14:25.219, 0, 0 %, 0 %, 6159 MiB, 49140 MiB, 86.41 W, 300.00 W, 69, 2175 MHz
2026/09/23 15:14:26.219, 0, 97 %, 83 %, 6159 MiB, 49140 MiB, 285.88 W, 300.00 W, 72, 1845 MHz
2026/09/23 15:14:27.221, 0, 96 %, 86 %, 6159 MiB, 49140 MiB, 288.07 W, 300.00 W, 70, 2205 MHz
2026/09/23 15:14:28.222, 0, 97 %, 86 %, 6159 MiB, 49140 MiB, 287.65 W, 300.00 W, 72, 1965 MHz
2026/09/23 15:14:29.222, 0, 97 %, 87 %, 6159 MiB, 49140 MiB, 286.27 W, 300.00 W, 72, 2010 MHz
2026/09/23 15:14:30.223, 0, 98 %, 85 %, 6159 MiB, 49140 MiB, 287.07 W, 300.00 W, 73, 1830 MHz
2026/09/23 15:14:31.224, 0, 96 %, 84 %, 6159 MiB, 49140 MiB, 288.48 W, 300.00 W, 71, 2055 MHz
2026/09/23 15:14:32.225, 0, 97 %, 88 %, 6159 MiB, 49140 MiB, 288.26 W, 300.00 W, 72, 2190 MHz
2026/09/23 15:14:33.226, 0, 98 %, 83 %, 6159 MiB, 49140 MiB, 287.91 W, 300.00 W, 73, 1650 MHz
2026/09/23 15:14:34.227, 0, 96 %, 88 %, 6159 MiB, 49140 MiB, 288.49 W, 300.00 W, 72, 1995 MHz
2026/09/23 15:14:35.228, 0, 97 %, 83 %, 6159 MiB, 49140 MiB, 289.40 W, 300.00 W, 72, 1725 MHz
2026/09/23 15:14:36.230, 0, 98 %, 88 %, 6159 MiB, 49140 MiB, 287.85 W, 300.00 W, 72, 2025 MHz
2026/09/23 15:14:37.230, 0, 98 %, 81 %, 6159 MiB, 49140 MiB, 288.37 W, 300.00 W, 74, 1680 MHz
2026/09/23 15:14:38.232, 0, 95 %, 87 %, 6159 MiB, 49140 MiB, 286.67 W, 300.00 W, 72, 1800 MHz
2026/09/23 15:14:39.233, 0, 96 %, 84 %, 6159 MiB, 49140 MiB, 288.73 W, 300.00 W, 72, 1935 MHz
2026/09/23 15:14:40.233, 0, 98 %, 87 %, 6159 MiB, 49140 MiB, 289.39 W, 300.00 W, 72, 2040 MHz
2026/09/23 15:14:41.234, 0, 97 %, 84 %, 6159 MiB, 49140 MiB, 286.41 W, 300.00 W, 72, 1845 MHz
2026/09/23 15:14:42.235, 0, 98 %, 87 %, 6159 MiB, 49140 MiB, 289.33 W, 300.00 W, 73, 1815 MHz
2026/09/23 15:14:43.236, 0, 93 %, 83 %, 6159 MiB, 49140 MiB, 288.81 W, 300.00 W, 71, 2160 MHz
2026/09/23 15:14:44.237, 0, 98 %, 87 %, 6159 MiB, 49140 MiB, 290.49 W, 300.00 W, 72, 1890 MHz
2026/09/23 15:14:45.238, 0, 98 %, 87 %, 6159 MiB, 49140 MiB, 287.97 W, 300.00 W, 72, 1950 MHz
2026/09/23 15:14:46.239, 0, 98 %, 86 %, 6159 MiB, 49140 MiB, 286.46 W, 300.00 W, 74, 1680 MHz
2026/09/23 15:14:47.240, 0, 96 %, 86 %, 6159 MiB, 49140 MiB, 287.14 W, 300.00 W, 73, 1995 MHz
2026/09/23 15:14:48.241, 0, 93 %, 64 %, 6159 MiB, 49140 MiB, 294.83 W, 300.00 W, 72, 1695 MHz
2026/09/23 15:14:49.241, 0, 6 %, 0 %, 6159 MiB, 49140 MiB, 151.73 W, 300.00 W, 67, 2745 MHz
2026/09/23 15:14:50.242, 0, 0 %, 0 %, 6159 MiB, 49140 MiB, 103.63 W, 300.00 W, 71, 1755 MHz
2026/09/23 15:14:51.242, 0, 97 %, 81 %, 6159 MiB, 49140 MiB, 287.78 W, 300.00 W, 73, 1995 MHz
2026/09/23 15:14:52.243, 0, 96 %, 85 %, 6159 MiB, 49140 MiB, 288.65 W, 300.00 W, 71, 1770 MHz
2026/09/23 15:14:53.245, 0, 98 %, 85 %, 6159 MiB, 49140 MiB, 288.02 W, 300.00 W, 72, 1965 MHz
2026/09/23 15:14:54.246, 0, 97 %, 87 %, 6159 MiB, 49140 MiB, 285.98 W, 300.00 W, 71, 1785 MHz
2026/09/23 15:14:55.247, 0, 98 %, 86 %, 6159 MiB, 49140 MiB, 287.07 W, 300.00 W, 73, 2115 MHz
2026/09/23 15:14:56.247, 0, 96 %, 85 %, 6159 MiB, 49140 MiB, 289.18 W, 300.00 W, 71, 2025 MHz
2026/09/23 15:14:57.248, 0, 94 %, 83 %, 6159 MiB, 49140 MiB, 287.86 W, 300.00 W, 72, 1860 MHz
2026/09/23 15:14:58.248, 0, 97 %, 85 %, 6159 MiB, 49140 MiB, 287.04 W, 300.00 W, 73, 1830 MHz
2026/09/23 15:14:59.249, 0, 97 %, 88 %, 6159 MiB, 49140 MiB, 288.70 W, 300.00 W, 72, 2040 MHz
2026/09/23 15:15:00.252, 0, 95 %, 82 %, 6159 MiB, 49140 MiB, 289.31 W, 300.00 W, 73, 2130 MHz
2026/09/23 15:15:01.252, 0, 98 %, 87 %, 6159 MiB, 49140 MiB, 287.46 W, 300.00 W, 72, 1860 MHz
2026/09/23 15:15:02.253, 0, 98 %, 87 %, 6159 MiB, 49140 MiB, 285.89 W, 300.00 W, 73, 1800 MHz
2026/09/23 15:15:03.254, 0, 97 %, 87 %, 6159 MiB, 49140 MiB, 288.23 W, 300.00 W, 73, 2130 MHz
2026/09/23 15:15:04.255, 0, 95 %, 84 %, 6159 MiB, 49140 MiB, 289.70 W, 300.00 W, 72, 2025 MHz
2026/09/23 15:15:05.255, 0, 97 %, 87 %, 6159 MiB, 49140 MiB, 288.62 W, 300.00 W, 72, 1995 MHz
2026/09/23 15:15:06.257, 0, 98 %, 86 %, 6159 MiB, 49140 MiB, 287.99 W, 300.00 W, 73, 1830 MHz
2026/09/23 15:15:07.257, 0, 98 %, 88 %, 6159 MiB, 49140 MiB, 288.96 W, 300.00 W, 74, 2205 MHz
2026/09/23 15:15:08.258, 0, 94 %, 84 %, 6159 MiB, 49140 MiB, 289.05 W, 300.00 W, 71, 1965 MHz
2026/09/23 15:15:09.259, 0, 95 %, 86 %, 6159 MiB, 49140 MiB, 289.27 W, 300.00 W, 72, 1965 MHz
2026/09/23 15:15:10.259, 0, 98 %, 88 %, 6159 MiB, 49140 MiB, 287.33 W, 300.00 W, 72, 1800 MHz
2026/09/23 15:15:11.260, 0, 97 %, 87 %, 6159 MiB, 49140 MiB, 288.12 W, 300.00 W, 73, 2115 MHz
2026/09/23 15:15:12.262, 0, 95 %, 84 %, 6159 MiB, 49140 MiB, 284.74 W, 300.00 W, 72, 2040 MHz
2026/09/23 15:15:13.263, 0, 95 %, 65 %, 6159 MiB, 49140 MiB, 293.88 W, 300.00 W, 73, 1650 MHz
2026/09/23 15:15:14.263, 0, 0 %, 0 %, 6159 MiB, 49140 MiB, 135.52 W, 300.00 W, 67, 2745 MHz
2026/09/23 15:15:15.264, 0, 0 %, 0 %, 6159 MiB, 49140 MiB, 138.49 W, 300.00 W, 72, 1830 MHz
2026/09/23 15:15:16.265, 0, 96 %, 87 %, 6159 MiB, 49140 MiB, 287.08 W, 300.00 W, 71, 2310 MHz
2026/09/23 15:15:17.266, 0, 97 %, 83 %, 6159 MiB, 49140 MiB, 287.26 W, 300.00 W, 72, 2025 MHz
2026/09/23 15:15:18.270, 0, 98 %, 87 %, 6159 MiB, 49140 MiB, 286.97 W, 300.00 W, 72, 1650 MHz
2026/09/23 15:15:19.271, 0, 98 %, 82 %, 6159 MiB, 49140 MiB, 287.40 W, 300.00 W, 73, 2100 MHz
2026/09/23 15:15:20.272, 0, 95 %, 84 %, 6159 MiB, 49140 MiB, 287.94 W, 300.00 W, 71, 2010 MHz
2026/09/23 15:15:21.273, 0, 97 %, 88 %, 6159 MiB, 49140 MiB, 287.59 W, 300.00 W, 72, 1830 MHz
2026/09/23 15:15:22.274, 0, 97 %, 84 %, 6159 MiB, 49140 MiB, 286.52 W, 300.00 W, 73, 1830 MHz
2026/09/23 15:15:23.275, 0, 98 %, 88 %, 6159 MiB, 49140 MiB, 288.11 W, 300.00 W, 72, 2100 MHz
2026/09/23 15:15:24.276, 0, 96 %, 82 %, 6159 MiB, 49140 MiB, 290.46 W, 300.00 W, 73, 2025 MHz
2026/09/23 15:15:25.277, 0, 97 %, 86 %, 6159 MiB, 49140 MiB, 286.86 W, 300.00 W, 72, 1650 MHz
2026/09/23 15:15:26.279, 0, 98 %, 82 %, 6159 MiB, 49140 MiB, 287.16 W, 300.00 W, 74, 2100 MHz
2026/09/23 15:15:27.280, 0, 96 %, 85 %, 6159 MiB, 49140 MiB, 288.50 W, 300.00 W, 71, 1755 MHz
2026/09/23 15:15:28.280, 0, 98 %, 87 %, 6159 MiB, 49140 MiB, 289.90 W, 300.00 W, 72, 1950 MHz
2026/09/23 15:15:29.281, 0, 96 %, 86 %, 6159 MiB, 49140 MiB, 287.28 W, 300.00 W, 73, 1755 MHz
2026/09/23 15:15:30.282, 0, 98 %, 86 %, 6159 MiB, 49140 MiB, 288.14 W, 300.00 W, 73, 2100 MHz
2026/09/23 15:15:31.282, 0, 95 %, 83 %, 6159 MiB, 49140 MiB, 288.71 W, 300.00 W, 72, 2040 MHz
2026/09/23 15:15:32.283, 0, 98 %, 88 %, 6159 MiB, 49140 MiB, 288.79 W, 300.00 W, 73, 1935 MHz
2026/09/23 15:15:33.284, 0, 98 %, 86 %, 6159 MiB, 49140 MiB, 288.40 W, 300.00 W, 73, 1785 MHz
2026/09/23 15:15:34.286, 0, 98 %, 89 %, 6159 MiB, 49140 MiB, 288.11 W, 300.00 W, 73, 1965 MHz
2026/09/23 15:15:35.286, 0, 97 %, 84 %, 6159 MiB, 49140 MiB, 289.44 W, 300.00 W, 73, 1905 MHz
2026/09/23 15:15:36.288, 0, 97 %, 86 %, 6159 MiB, 49140 MiB, 287.44 W, 300.00 W, 72, 1830 MHz
2026/09/23 15:15:37.289, 0, 98 %, 81 %, 6159 MiB, 49140 MiB, 288.10 W, 300.00 W, 74, 1680 MHz
2026/09/23 15:15:38.289, 0, 94 %, 65 %, 6159 MiB, 49140 MiB, 278.95 W, 300.00 W, 68, 2730 MHz
2026/09/23 15:15:39.290, 0, 0 %, 0 %, 6159 MiB, 49140 MiB, 87.61 W, 300.00 W, 66, 2745 MHz
2026/09/23 15:15:40.290, 0, 0 %, 0 %, 6159 MiB, 49140 MiB, 159.70 W, 300.00 W, 71, 1950 MHz
2026/09/23 15:15:41.291, 0, 98 %, 84 %, 6159 MiB, 49140 MiB, 289.20 W, 300.00 W, 72, 1725 MHz
2026/09/23 15:15:42.292, 0, 98 %, 89 %, 6159 MiB, 49140 MiB, 285.65 W, 300.00 W, 71, 2070 MHz
2026/09/23 15:15:43.293, 0, 97 %, 83 %, 6159 MiB, 49140 MiB, 286.08 W, 300.00 W, 74, 1965 MHz
2026/09/23 15:15:44.294, 0, 96 %, 85 %, 6159 MiB, 49140 MiB, 288.23 W, 300.00 W, 71, 1980 MHz
2026/09/23 15:15:45.294, 0, 98 %, 84 %, 6159 MiB, 49140 MiB, 287.93 W, 300.00 W, 73, 1725 MHz
2026/09/23 15:15:46.295, 0, 96 %, 87 %, 6159 MiB, 49140 MiB, 285.86 W, 300.00 W, 72, 2025 MHz
2026/09/23 15:15:47.297, 0, 91 %, 77 %, 6159 MiB, 49140 MiB, 286.76 W, 300.00 W, 74, 1980 MHz
2026/09/23 15:15:48.298, 0, 96 %, 86 %, 6159 MiB, 49140 MiB, 287.42 W, 300.00 W, 72, 1920 MHz
2026/09/23 15:15:49.298, 0, 96 %, 82 %, 6159 MiB, 49140 MiB, 288.72 W, 300.00 W, 73, 1650 MHz
2026/09/23 15:15:50.299, 0, 98 %, 88 %, 6159 MiB, 49140 MiB, 286.21 W, 300.00 W, 72, 1980 MHz
2026/09/23 15:15:51.300, 0, 97 %, 80 %, 6159 MiB, 49140 MiB, 287.51 W, 300.00 W, 74, 1875 MHz
2026/09/23 15:15:52.301, 0, 97 %, 88 %, 6159 MiB, 49140 MiB, 286.82 W, 300.00 W, 72, 2115 MHz
2026/09/23 15:15:53.302, 0, 92 %, 78 %, 6159 MiB, 49140 MiB, 287.32 W, 300.00 W, 72, 1995 MHz
2026/09/23 15:15:54.304, 0, 96 %, 87 %, 6159 MiB, 49140 MiB, 286.81 W, 300.00 W, 72, 1800 MHz
2026/09/23 15:15:55.305, 0, 98 %, 86 %, 6159 MiB, 49140 MiB, 286.31 W, 300.00 W, 73, 2160 MHz
2026/09/23 15:15:56.305, 0, 96 %, 86 %, 6159 MiB, 49140 MiB, 286.62 W, 300.00 W, 74, 1830 MHz
2026/09/23 15:15:57.307, 0, 94 %, 83 %, 6159 MiB, 49140 MiB, 288.47 W, 300.00 W, 72, 1860 MHz
2026/09/23 15:15:58.308, 0, 93 %, 80 %, 6159 MiB, 49140 MiB, 287.46 W, 300.00 W, 72, 1830 MHz
2026/09/23 15:15:59.309, 0, 98 %, 89 %, 6159 MiB, 49140 MiB, 286.89 W, 300.00 W, 72, 1800 MHz
2026/09/23 15:16:00.309, 0, 98 %, 83 %, 6159 MiB, 49140 MiB, 286.64 W, 300.00 W, 73, 2145 MHz
2026/09/23 15:16:01.310, 0, 97 %, 85 %, 6159 MiB, 49140 MiB, 288.79 W, 300.00 W, 73, 2025 MHz
2026/09/23 15:16:02.311, 0, 96 %, 86 %, 6159 MiB, 49140 MiB, 289.91 W, 300.00 W, 73, 1635 MHz
2026/09/23 15:16:03.312, 0, 94 %, 67 %, 6159 MiB, 49140 MiB, 253.14 W, 300.00 W, 68, 2730 MHz
2026/09/23 15:16:04.312, 0, 0 %, 0 %, 6159 MiB, 49140 MiB, 87.08 W, 300.00 W, 66, 2730 MHz
2026/09/23 15:16:05.313, 0, 95 %, 84 %, 6159 MiB, 49140 MiB, 197.37 W, 300.00 W, 70, 2040 MHz
2026/09/23 15:16:06.313, 0, 98 %, 87 %, 6159 MiB, 49140 MiB, 285.55 W, 300.00 W, 71, 1785 MHz
2026/09/23 15:16:07.315, 0, 98 %, 81 %, 6159 MiB, 49140 MiB, 286.56 W, 300.00 W, 72, 2160 MHz
2026/09/23 15:16:08.315, 0, 95 %, 84 %, 6159 MiB, 49140 MiB, 287.49 W, 300.00 W, 72, 2070 MHz
2026/09/23 15:16:09.318, 0, 97 %, 87 %, 6159 MiB, 49140 MiB, 287.68 W, 300.00 W, 71, 1935 MHz
2026/09/23 15:16:10.318, 0, 98 %, 87 %, 6159 MiB, 49140 MiB, 285.93 W, 300.00 W, 72, 1770 MHz
2026/09/23 15:16:11.320, 0, 97 %, 83 %, 6159 MiB, 49140 MiB, 284.28 W, 300.00 W, 71, 1935 MHz
2026/09/23 15:16:12.322, 0, 96 %, 87 %, 6159 MiB, 49140 MiB, 287.47 W, 300.00 W, 73, 1965 MHz
2026/09/23 15:16:13.323, 0, 96 %, 85 %, 6159 MiB, 49140 MiB, 286.45 W, 300.00 W, 72, 2205 MHz
2026/09/23 15:16:14.323, 0, 97 %, 87 %, 6159 MiB, 49140 MiB, 288.73 W, 300.00 W, 73, 1725 MHz
2026/09/23 15:16:15.325, 0, 98 %, 86 %, 6159 MiB, 49140 MiB, 287.34 W, 300.00 W, 72, 1935 MHz
2026/09/23 15:16:16.325, 0, 98 %, 87 %, 6159 MiB, 49140 MiB, 287.92 W, 300.00 W, 74, 2010 MHz
2026/09/23 15:16:17.327, 0, 95 %, 84 %, 6159 MiB, 49140 MiB, 288.68 W, 300.00 W, 72, 1980 MHz
2026/09/23 15:16:18.328, 0, 97 %, 87 %, 6159 MiB, 49140 MiB, 288.79 W, 300.00 W, 73, 1695 MHz
2026/09/23 15:16:19.329, 0, 98 %, 87 %, 6159 MiB, 49140 MiB, 286.15 W, 300.00 W, 72, 1905 MHz
2026/09/23 15:16:20.329, 0, 98 %, 88 %, 6159 MiB, 49140 MiB, 289.73 W, 300.00 W, 74, 1740 MHz
2026/09/23 15:16:21.331, 0, 95 %, 84 %, 6159 MiB, 49140 MiB, 286.75 W, 300.00 W, 73, 2025 MHz
2026/09/23 15:16:22.333, 0, 98 %, 86 %, 6159 MiB, 49140 MiB, 290.20 W, 300.00 W, 73, 1845 MHz
2026/09/23 15:16:23.334, 0, 97 %, 87 %, 6159 MiB, 49140 MiB, 287.92 W, 300.00 W, 72, 1770 MHz
2026/09/23 15:16:24.336, 0, 98 %, 82 %, 6159 MiB, 49140 MiB, 288.66 W, 300.00 W, 73, 2070 MHz
2026/09/23 15:16:25.337, 0, 96 %, 84 %, 6159 MiB, 49140 MiB, 290.21 W, 300.00 W, 72, 2025 MHz
2026/09/23 15:16:26.338, 0, 97 %, 87 %, 6159 MiB, 49140 MiB, 289.68 W, 300.00 W, 74, 1800 MHz
2026/09/23 15:16:27.338, 0, 93 %, 83 %, 6159 MiB, 49140 MiB, 290.53 W, 300.00 W, 75, 1620 MHz
2026/09/23 15:16:28.339, 0, 94 %, 65 %, 6159 MiB, 49140 MiB, 232.15 W, 300.00 W, 68, 2730 MHz
2026/09/23 15:16:29.340, 0, 0 %, 0 %, 6159 MiB, 49140 MiB, 87.63 W, 300.00 W, 66, 2730 MHz
2026/09/23 15:16:30.340, 0, 90 %, 80 %, 6159 MiB, 49140 MiB, 208.73 W, 300.00 W, 71, 1755 MHz
2026/09/23 15:16:31.341, 0, 98 %, 87 %, 6159 MiB, 49140 MiB, 288.35 W, 300.00 W, 72, 2010 MHz
2026/09/23 15:16:32.341, 0, 97 %, 84 %, 6159 MiB, 49140 MiB, 288.95 W, 300.00 W, 71, 1770 MHz
2026/09/23 15:16:33.343, 0, 97 %, 86 %, 6159 MiB, 49140 MiB, 287.05 W, 300.00 W, 71, 2115 MHz
2026/09/23 15:16:34.344, 0, 97 %, 81 %, 6159 MiB, 49140 MiB, 287.24 W, 300.00 W, 72, 1785 MHz
2026/09/23 15:16:35.345, 0, 97 %, 85 %, 6159 MiB, 49140 MiB, 288.75 W, 300.00 W, 72, 1980 MHz
2026/09/23 15:16:36.346, 0, 97 %, 82 %, 6159 MiB, 49140 MiB, 288.48 W, 300.00 W, 71, 1710 MHz
2026/09/23 15:16:37.347, 0, 98 %, 87 %, 6159 MiB, 49140 MiB, 286.86 W, 300.00 W, 72, 2130 MHz
2026/09/23 15:16:38.348, 0, 97 %, 81 %, 6159 MiB, 49140 MiB, 287.55 W, 300.00 W, 72, 1800 MHz
2026/09/23 15:16:39.349, 0, 97 %, 86 %, 6159 MiB, 49140 MiB, 287.82 W, 300.00 W, 73, 1995 MHz
2026/09/23 15:16:40.350, 0, 97 %, 82 %, 6159 MiB, 49140 MiB, 289.13 W, 300.00 W, 71, 1710 MHz
2026/09/23 15:16:41.351, 0, 97 %, 87 %, 6159 MiB, 49140 MiB, 287.38 W, 300.00 W, 72, 2130 MHz
2026/09/23 15:16:42.352, 0, 97 %, 83 %, 6159 MiB, 49140 MiB, 287.67 W, 300.00 W, 72, 1770 MHz
2026/09/23 15:16:43.352, 0, 96 %, 85 %, 6159 MiB, 49140 MiB, 288.25 W, 300.00 W, 73, 1980 MHz
2026/09/23 15:16:44.353, 0, 98 %, 83 %, 6159 MiB, 49140 MiB, 289.02 W, 300.00 W, 71, 1680 MHz
2026/09/23 15:16:45.354, 0, 97 %, 86 %, 6159 MiB, 49140 MiB, 288.48 W, 300.00 W, 73, 2085 MHz
2026/09/23 15:16:46.356, 0, 96 %, 83 %, 6159 MiB, 49140 MiB, 286.76 W, 300.00 W, 72, 1815 MHz
2026/09/23 15:16:47.357, 0, 97 %, 87 %, 6159 MiB, 49140 MiB, 288.63 W, 300.00 W, 73, 1950 MHz
2026/09/23 15:16:48.358, 0, 97 %, 85 %, 6159 MiB, 49140 MiB, 288.99 W, 300.00 W, 71, 1635 MHz
2026/09/23 15:16:49.358, 0, 96 %, 85 %, 6159 MiB, 49140 MiB, 286.54 W, 300.00 W, 71, 1740 MHz
2026/09/23 15:16:50.359, 0, 97 %, 86 %, 6159 MiB, 49140 MiB, 287.16 W, 300.00 W, 72, 2160 MHz
2026/09/23 15:16:51.360, 0, 98 %, 82 %, 6159 MiB, 49140 MiB, 288.34 W, 300.00 W, 73, 2010 MHz
2026/09/23 15:16:52.361, 0, 96 %, 85 %, 6159 MiB, 49140 MiB, 290.72 W, 300.00 W, 74, 1665 MHz
2026/09/23 15:16:53.362, 0, 93 %, 64 %, 6159 MiB, 49140 MiB, 206.28 W, 300.00 W, 67, 2715 MHz
2026/09/23 15:16:54.362, 0, 0 %, 0 %, 6159 MiB, 49140 MiB, 84.76 W, 300.00 W, 66, 2715 MHz
2026/09/23 15:16:55.364, 0, 97 %, 86 %, 6159 MiB, 49140 MiB, 218.83 W, 300.00 W, 71, 1950 MHz
2026/09/23 15:16:56.364, 0, 98 %, 86 %, 6159 MiB, 49140 MiB, 288.02 W, 300.00 W, 72, 2100 MHz
2026/09/23 15:16:57.365, 0, 98 %, 81 %, 6159 MiB, 49140 MiB, 285.78 W, 300.00 W, 72, 1785 MHz
2026/09/23 15:16:58.366, 0, 96 %, 87 %, 6159 MiB, 49140 MiB, 288.87 W, 300.00 W, 73, 1935 MHz
2026/09/23 15:16:59.367, 0, 96 %, 83 %, 6159 MiB, 49140 MiB, 288.90 W, 300.00 W, 71, 1695 MHz
2026/09/23 15:17:00.367, 0, 97 %, 86 %, 6159 MiB, 49140 MiB, 288.37 W, 300.00 W, 72, 2145 MHz
2026/09/23 15:17:01.369, 0, 98 %, 82 %, 6159 MiB, 49140 MiB, 287.21 W, 300.00 W, 72, 1920 MHz
2026/09/23 15:17:02.370, 0, 97 %, 86 %, 6159 MiB, 49140 MiB, 288.02 W, 300.00 W, 73, 2010 MHz
2026/09/23 15:17:03.371, 0, 98 %, 83 %, 6159 MiB, 49140 MiB, 289.28 W, 300.00 W, 71, 1725 MHz
2026/09/23 15:17:04.373, 0, 98 %, 87 %, 6159 MiB, 49140 MiB, 286.76 W, 300.00 W, 72, 2115 MHz
2026/09/23 15:17:05.373, 0, 98 %, 82 %, 6159 MiB, 49140 MiB, 287.24 W, 300.00 W, 72, 1695 MHz
2026/09/23 15:17:06.375, 0, 97 %, 87 %, 6159 MiB, 49140 MiB, 288.46 W, 300.00 W, 74, 1935 MHz
2026/09/23 15:17:07.375, 0, 97 %, 84 %, 6159 MiB, 49140 MiB, 289.04 W, 300.00 W, 71, 1680 MHz
2026/09/23 15:17:08.377, 0, 98 %, 87 %, 6159 MiB, 49140 MiB, 287.52 W, 300.00 W, 73, 2085 MHz
2026/09/23 15:17:09.378, 0, 98 %, 84 %, 6159 MiB, 49140 MiB, 287.60 W, 300.00 W, 72, 1725 MHz
2026/09/23 15:17:10.379, 0, 98 %, 88 %, 6159 MiB, 49140 MiB, 289.02 W, 300.00 W, 73, 1950 MHz
2026/09/23 15:17:11.380, 0, 96 %, 84 %, 6159 MiB, 49140 MiB, 287.57 W, 300.00 W, 72, 1680 MHz
2026/09/23 15:17:12.381, 0, 97 %, 87 %, 6159 MiB, 49140 MiB, 289.18 W, 300.00 W, 73, 1800 MHz
2026/09/23 15:17:13.382, 0, 97 %, 87 %, 6159 MiB, 49140 MiB, 287.88 W, 300.00 W, 72, 2025 MHz
2026/09/23 15:17:14.383, 0, 97 %, 86 %, 6159 MiB, 49140 MiB, 287.45 W, 300.00 W, 74, 2115 MHz
2026/09/23 15:17:15.383, 0, 95 %, 84 %, 6159 MiB, 49140 MiB, 288.62 W, 300.00 W, 73, 1710 MHz
2026/09/23 15:17:16.384, 0, 97 %, 88 %, 6159 MiB, 49140 MiB, 287.74 W, 300.00 W, 72, 1785 MHz
2026/09/23 15:17:17.385, 0, 85 %, 62 %, 6159 MiB, 49140 MiB, 292.46 W, 300.00 W, 74, 1755 MHz
2026/09/23 15:17:18.385, 0, 8 %, 0 %, 6159 MiB, 49140 MiB, 180.61 W, 300.00 W, 67, 2745 MHz
2026/09/23 15:17:19.386, 0, 0 %, 0 %, 6159 MiB, 49140 MiB, 87.67 W, 300.00 W, 66, 2745 MHz
2026/09/23 15:17:20.387, 0, 93 %, 82 %, 6159 MiB, 49140 MiB, 216.72 W, 300.00 W, 71, 2130 MHz
2026/09/23 15:17:21.388, 0, 98 %, 88 %, 6159 MiB, 49140 MiB, 287.41 W, 300.00 W, 73, 1695 MHz
2026/09/23 15:17:22.389, 0, 97 %, 86 %, 6159 MiB, 49140 MiB, 287.92 W, 300.00 W, 71, 1980 MHz
2026/09/23 15:17:23.390, 0, 97 %, 86 %, 6159 MiB, 49140 MiB, 287.97 W, 300.00 W, 72, 1890 MHz
2026/09/23 15:17:24.391, 0, 98 %, 83 %, 6159 MiB, 49140 MiB, 286.83 W, 300.00 W, 72, 1980 MHz
2026/09/23 15:17:25.391, 0, 96 %, 85 %, 6159 MiB, 49140 MiB, 288.39 W, 300.00 W, 72, 1725 MHz
2026/09/23 15:17:26.392, 0, 97 %, 84 %, 6159 MiB, 49140 MiB, 288.43 W, 300.00 W, 71, 2145 MHz
2026/09/23 15:17:27.393, 0, 98 %, 87 %, 6159 MiB, 49140 MiB, 286.77 W, 300.00 W, 72, 1965 MHz
2026/09/23 15:17:28.394, 0, 98 %, 86 %, 6159 MiB, 49140 MiB, 287.57 W, 300.00 W, 73, 1845 MHz
2026/09/23 15:17:29.396, 0, 96 %, 85 %, 6159 MiB, 49140 MiB, 289.68 W, 300.00 W, 71, 1785 MHz
2026/09/23 15:17:30.397, 0, 94 %, 83 %, 6159 MiB, 49140 MiB, 287.78 W, 300.00 W, 72, 1950 MHz
2026/09/23 15:17:31.398, 0, 98 %, 85 %, 6159 MiB, 49140 MiB, 287.33 W, 300.00 W, 73, 1920 MHz
2026/09/23 15:17:32.398, 0, 98 %, 87 %, 6159 MiB, 49140 MiB, 289.05 W, 300.00 W, 72, 1680 MHz
2026/09/23 15:17:33.400, 0, 98 %, 83 %, 6159 MiB, 49140 MiB, 288.88 W, 300.00 W, 73, 2085 MHz
2026/09/23 15:17:34.401, 0, 97 %, 86 %, 6159 MiB, 49140 MiB, 288.57 W, 300.00 W, 72, 1770 MHz
2026/09/23 15:17:35.401, 0, 97 %, 82 %, 6159 MiB, 49140 MiB, 287.73 W, 300.00 W, 74, 1995 MHz
2026/09/23 15:17:36.404, 0, 97 %, 86 %, 6159 MiB, 49140 MiB, 288.43 W, 300.00 W, 72, 1725 MHz
2026/09/23 15:17:37.404, 0, 97 %, 83 %, 6159 MiB, 49140 MiB, 289.26 W, 300.00 W, 73, 2070 MHz
2026/09/23 15:17:38.405, 0, 97 %, 86 %, 6159 MiB, 49140 MiB, 287.67 W, 300.00 W, 72, 1740 MHz
2026/09/23 15:17:39.406, 0, 97 %, 81 %, 6159 MiB, 49140 MiB, 289.27 W, 300.00 W, 74, 1935 MHz
2026/09/23 15:17:40.407, 0, 97 %, 86 %, 6159 MiB, 49140 MiB, 289.29 W, 300.00 W, 73, 1620 MHz
2026/09/23 15:17:41.407, 0, 97 %, 83 %, 6159 MiB, 49140 MiB, 290.24 W, 300.00 W, 73, 1965 MHz
2026/09/23 15:17:42.409, 0, 93 %, 68 %, 6159 MiB, 49140 MiB, 295.47 W, 300.00 W, 74, 1635 MHz
2026/09/23 15:17:43.409, 0, 9 %, 0 %, 6159 MiB, 49140 MiB, 156.12 W, 300.00 W, 66, 2505 MHz
2026/09/23 15:17:44.410, 0, 0 %, 0 %, 6159 MiB, 49140 MiB, 95.81 W, 300.00 W, 71, 1755 MHz
2026/09/23 15:17:45.410, 0, 97 %, 84 %, 6159 MiB, 49140 MiB, 288.54 W, 300.00 W, 72, 2010 MHz
2026/09/23 15:17:46.411, 0, 97 %, 87 %, 6159 MiB, 49140 MiB, 287.80 W, 300.00 W, 71, 1890 MHz
2026/09/23 15:17:47.412, 0, 92 %, 82 %, 6159 MiB, 49140 MiB, 286.28 W, 300.00 W, 72, 1995 MHz
2026/09/23 15:17:48.415, 0, 98 %, 87 %, 6159 MiB, 49140 MiB, 286.82 W, 300.00 W, 73, 1845 MHz
2026/09/23 15:17:49.416, 0, 94 %, 82 %, 6159 MiB, 49140 MiB, 289.16 W, 300.00 W, 71, 1800 MHz
2026/09/23 15:17:50.416, 0, 96 %, 86 %, 6159 MiB, 49140 MiB, 289.35 W, 300.00 W, 72, 2205 MHz
2026/09/23 15:17:51.417, 0, 97 %, 87 %, 6159 MiB, 49140 MiB, 286.66 W, 300.00 W, 72, 1935 MHz
2026/09/23 15:17:52.418, 0, 98 %, 84 %, 6159 MiB, 49140 MiB, 288.08 W, 300.00 W, 73, 1890 MHz
2026/09/23 15:17:53.419, 0, 96 %, 84 %, 6159 MiB, 49140 MiB, 288.45 W, 300.00 W, 71, 1785 MHz
2026/09/23 15:17:54.420, 0, 98 %, 87 %, 6159 MiB, 49140 MiB, 289.62 W, 300.00 W, 72, 2130 MHz
2026/09/23 15:17:55.421, 0, 98 %, 87 %, 6159 MiB, 49140 MiB, 286.95 W, 300.00 W, 72, 1905 MHz
2026/09/23 15:17:56.421, 0, 98 %, 84 %, 6159 MiB, 49140 MiB, 288.36 W, 300.00 W, 73, 1890 MHz
2026/09/23 15:17:57.422, 0, 96 %, 86 %, 6159 MiB, 49140 MiB, 288.13 W, 300.00 W, 73, 1740 MHz
2026/09/23 15:17:58.423, 0, 96 %, 85 %, 6159 MiB, 49140 MiB, 289.25 W, 300.00 W, 72, 1815 MHz
2026/09/23 15:17:59.425, 0, 98 %, 87 %, 6159 MiB, 49140 MiB, 288.13 W, 300.00 W, 72, 2055 MHz
2026/09/23 15:18:00.426, 0, 97 %, 86 %, 6159 MiB, 49140 MiB, 286.91 W, 300.00 W, 72, 1980 MHz
2026/09/23 15:18:01.426, 0, 97 %, 85 %, 6159 MiB, 49140 MiB, 287.17 W, 300.00 W, 74, 1980 MHz
2026/09/23 15:18:02.427, 0, 96 %, 85 %, 6159 MiB, 49140 MiB, 287.93 W, 300.00 W, 73, 1920 MHz
2026/09/23 15:18:03.429, 0, 97 %, 83 %, 6159 MiB, 49140 MiB, 290.39 W, 300.00 W, 73, 2040 MHz
2026/09/23 15:18:04.429, 0, 96 %, 85 %, 6159 MiB, 49140 MiB, 287.25 W, 300.00 W, 72, 1965 MHz
2026/09/23 15:18:05.431, 0, 97 %, 84 %, 6159 MiB, 49140 MiB, 288.26 W, 300.00 W, 74, 1950 MHz
2026/09/23 15:18:06.432, 0, 95 %, 85 %, 6159 MiB, 49140 MiB, 288.77 W, 300.00 W, 73, 1860 MHz
2026/09/23 15:18:07.433, 0, 94 %, 65 %, 6159 MiB, 49140 MiB, 295.34 W, 300.00 W, 73, 1620 MHz
2026/09/23 15:18:08.433, 0, 0 %, 0 %, 6159 MiB, 49140 MiB, 135.78 W, 300.00 W, 67, 2745 MHz
2026/09/23 15:18:09.434, 0, 0 %, 0 %, 6159 MiB, 49140 MiB, 111.38 W, 300.00 W, 70, 2130 MHz
2026/09/23 15:18:10.435, 0, 98 %, 86 %, 6159 MiB, 49140 MiB, 287.39 W, 300.00 W, 72, 1785 MHz
2026/09/23 15:18:11.436, 0, 97 %, 87 %, 6159 MiB, 49140 MiB, 286.61 W, 300.00 W, 72, 1965 MHz
2026/09/23 15:18:12.436, 0, 98 %, 82 %, 6159 MiB, 49140 MiB, 288.54 W, 300.00 W, 73, 1740 MHz
2026/09/23 15:18:13.437, 0, 95 %, 84 %, 6159 MiB, 49140 MiB, 287.69 W, 300.00 W, 71, 2130 MHz
2026/09/23 15:18:14.438, 0, 97 %, 86 %, 6159 MiB, 49140 MiB, 288.94 W, 300.00 W, 72, 1815 MHz
2026/09/23 15:18:15.439, 0, 96 %, 86 %, 6159 MiB, 49140 MiB, 287.42 W, 300.00 W, 72, 1980 MHz
2026/09/23 15:18:16.440, 0, 98 %, 83 %, 6159 MiB, 49140 MiB, 287.62 W, 300.00 W, 73, 1740 MHz
2026/09/23 15:18:17.441, 0, 96 %, 85 %, 6159 MiB, 49140 MiB, 287.36 W, 300.00 W, 71, 2085 MHz
2026/09/23 15:18:18.441, 0, 98 %, 86 %, 6159 MiB, 49140 MiB, 289.66 W, 300.00 W, 73, 1725 MHz
2026/09/23 15:18:19.442, 0, 97 %, 86 %, 6159 MiB, 49140 MiB, 287.85 W, 300.00 W, 72, 1965 MHz
2026/09/23 15:18:20.443, 0, 98 %, 82 %, 6159 MiB, 49140 MiB, 288.16 W, 300.00 W, 74, 1710 MHz
2026/09/23 15:18:21.444, 0, 96 %, 85 %, 6159 MiB, 49140 MiB, 289.20 W, 300.00 W, 72, 2115 MHz
2026/09/23 15:18:22.445, 0, 97 %, 85 %, 6159 MiB, 49140 MiB, 289.91 W, 300.00 W, 73, 1770 MHz
2026/09/23 15:18:23.446, 0, 97 %, 86 %, 6159 MiB, 49140 MiB, 286.93 W, 300.00 W, 72, 1920 MHz
2026/09/23 15:18:24.446, 0, 96 %, 83 %, 6159 MiB, 49140 MiB, 287.83 W, 300.00 W, 73, 1695 MHz
2026/09/23 15:18:25.447, 0, 98 %, 87 %, 6159 MiB, 49140 MiB, 289.40 W, 300.00 W, 72, 1770 MHz
2026/09/23 15:18:26.448, 0, 98 %, 86 %, 6159 MiB, 49140 MiB, 289.12 W, 300.00 W, 71, 2100 MHz
2026/09/23 15:18:27.448, 0, 97 %, 86 %, 6159 MiB, 49140 MiB, 287.54 W, 300.00 W, 72, 1890 MHz
2026/09/23 15:18:28.449, 0, 97 %, 87 %, 6159 MiB, 49140 MiB, 286.80 W, 300.00 W, 73, 1935 MHz
2026/09/23 15:18:29.450, 0, 97 %, 81 %, 6159 MiB, 49140 MiB, 288.23 W, 300.00 W, 74, 1650 MHz
2026/09/23 15:18:30.451, 0, 97 %, 86 %, 6159 MiB, 49140 MiB, 290.41 W, 300.00 W, 72, 2085 MHz
2026/09/23 15:18:31.453, 0, 97 %, 84 %, 6159 MiB, 49140 MiB, 288.94 W, 300.00 W, 73, 1815 MHz
2026/09/23 15:18:32.453, 0, 92 %, 65 %, 6159 MiB, 49140 MiB, 291.67 W, 300.00 W, 74, 1650 MHz
2026/09/23 15:18:33.454, 0, 0 %, 0 %, 6159 MiB, 49140 MiB, 133.34 W, 300.00 W, 67, 2745 MHz
2026/09/23 15:18:34.454, 0, 0 %, 0 %, 6159 MiB, 49140 MiB, 121.54 W, 300.00 W, 71, 2055 MHz
2026/09/23 15:18:35.455, 0, 98 %, 87 %, 6159 MiB, 49140 MiB, 291.35 W, 300.00 W, 72, 1905 MHz
2026/09/23 15:18:36.456, 0, 97 %, 83 %, 6159 MiB, 49140 MiB, 289.03 W, 300.00 W, 72, 1755 MHz
2026/09/23 15:18:37.457, 0, 97 %, 86 %, 6159 MiB, 49140 MiB, 286.66 W, 300.00 W, 71, 1935 MHz
2026/09/23 15:18:38.458, 0, 97 %, 86 %, 6159 MiB, 49140 MiB, 285.37 W, 300.00 W, 72, 1800 MHz
2026/09/23 15:18:39.459, 0, 98 %, 87 %, 6159 MiB, 49140 MiB, 288.81 W, 300.00 W, 72, 1845 MHz
2026/09/23 15:18:40.460, 0, 96 %, 85 %, 6159 MiB, 49140 MiB, 289.30 W, 300.00 W, 71, 2010 MHz
2026/09/23 15:18:41.461, 0, 97 %, 87 %, 6159 MiB, 49140 MiB, 288.03 W, 300.00 W, 72, 1800 MHz
2026/09/23 15:18:42.462, 0, 96 %, 86 %, 6159 MiB, 49140 MiB, 285.17 W, 300.00 W, 72, 1950 MHz
2026/09/23 15:18:43.464, 0, 98 %, 81 %, 6159 MiB, 49140 MiB, 287.61 W, 300.00 W, 73, 1725 MHz
2026/09/23 15:18:44.465, 0, 96 %, 85 %, 6159 MiB, 49140 MiB, 288.86 W, 300.00 W, 71, 2145 MHz
2026/09/23 15:18:45.466, 0, 97 %, 85 %, 6159 MiB, 49140 MiB, 287.88 W, 300.00 W, 73, 1740 MHz
2026/09/23 15:18:46.467, 0, 98 %, 87 %, 6159 MiB, 49140 MiB, 287.32 W, 300.00 W, 72, 1965 MHz
2026/09/23 15:18:47.467, 0, 97 %, 82 %, 6159 MiB, 49140 MiB, 287.03 W, 300.00 W, 74, 1710 MHz
2026/09/23 15:18:48.468, 0, 97 %, 86 %, 6159 MiB, 49140 MiB, 289.70 W, 300.00 W, 71, 2160 MHz
2026/09/23 15:18:49.469, 0, 98 %, 87 %, 6159 MiB, 49140 MiB, 289.42 W, 300.00 W, 72, 1875 MHz
2026/09/23 15:18:50.471, 0, 97 %, 87 %, 6159 MiB, 49140 MiB, 284.90 W, 300.00 W, 72, 1980 MHz
2026/09/23 15:18:51.472, 0, 97 %, 81 %, 6159 MiB, 49140 MiB, 287.09 W, 300.00 W, 74, 1650 MHz
2026/09/23 15:18:52.472, 0, 98 %, 87 %, 6159 MiB, 49140 MiB, 288.14 W, 300.00 W, 72, 1950 MHz
2026/09/23 15:18:53.473, 0, 98 %, 83 %, 6159 MiB, 49140 MiB, 289.55 W, 300.00 W, 73, 1920 MHz
2026/09/23 15:18:54.474, 0, 97 %, 87 %, 6159 MiB, 49140 MiB, 286.33 W, 300.00 W, 72, 1800 MHz
2026/09/23 15:18:55.475, 0, 98 %, 88 %, 6159 MiB, 49140 MiB, 286.02 W, 300.00 W, 73, 1695 MHz
2026/09/23 15:18:56.475, 0, 94 %, 80 %, 6159 MiB, 49140 MiB, 287.44 W, 300.00 W, 74, 2100 MHz
2026/09/23 15:18:57.476, 0, 95 %, 64 %, 6159 MiB, 49140 MiB, 297.17 W, 300.00 W, 74, 1650 MHz
2026/09/23 15:18:58.477, 0, 0 %, 0 %, 6159 MiB, 49140 MiB, 119.30 W, 300.00 W, 67, 2745 MHz
2026/09/23 15:18:59.477, 0, 0 %, 0 %, 6159 MiB, 49140 MiB, 132.57 W, 300.00 W, 71, 2010 MHz
2026/09/23 15:19:00.478, 0, 97 %, 86 %, 6159 MiB, 49140 MiB, 286.18 W, 300.00 W, 71, 1815 MHz
2026/09/23 15:19:01.478, 0, 97 %, 87 %, 6159 MiB, 49140 MiB, 287.78 W, 300.00 W, 72, 2055 MHz
2026/09/23 15:19:02.479, 0, 95 %, 83 %, 6159 MiB, 49140 MiB, 288.44 W, 300.00 W, 72, 2175 MHz
2026/09/23 15:19:03.481, 0, 98 %, 87 %, 6159 MiB, 49140 MiB, 286.94 W, 300.00 W, 72, 1680 MHz
2026/09/23 15:19:04.481, 0, 96 %, 81 %, 6159 MiB, 49140 MiB, 285.86 W, 300.00 W, 74, 1965 MHz
2026/09/23 15:19:05.482, 0, 97 %, 86 %, 6159 MiB, 49140 MiB, 288.38 W, 300.00 W, 71, 1860 MHz
2026/09/23 15:19:06.483, 0, 96 %, 81 %, 6159 MiB, 49140 MiB, 288.15 W, 300.00 W, 72, 1935 MHz
2026/09/23 15:19:07.485, 0, 98 %, 88 %, 6159 MiB, 49140 MiB, 286.13 W, 300.00 W, 72, 1695 MHz
2026/09/23 15:19:08.485, 0, 97 %, 82 %, 6159 MiB, 49140 MiB, 287.02 W, 300.00 W, 74, 2115 MHz
2026/09/23 15:19:09.486, 0, 95 %, 84 %, 6159 MiB, 49140 MiB, 287.65 W, 300.00 W, 71, 1710 MHz
2026/09/23 15:19:10.487, 0, 98 %, 84 %, 6159 MiB, 49140 MiB, 288.30 W, 300.00 W, 73, 1920 MHz
2026/09/23 15:19:11.487, 0, 98 %, 86 %, 6159 MiB, 49140 MiB, 286.09 W, 300.00 W, 72, 1695 MHz
2026/09/23 15:19:12.488, 0, 97 %, 82 %, 6159 MiB, 49140 MiB, 288.06 W, 300.00 W, 74, 2085 MHz
2026/09/23 15:19:13.489, 0, 96 %, 85 %, 6159 MiB, 49140 MiB, 288.71 W, 300.00 W, 71, 1770 MHz
2026/09/23 15:19:14.490, 0, 97 %, 87 %, 6159 MiB, 49140 MiB, 289.70 W, 300.00 W, 73, 1935 MHz
2026/09/23 15:19:15.491, 0, 98 %, 87 %, 6159 MiB, 49140 MiB, 285.21 W, 300.00 W, 72, 1680 MHz
2026/09/23 15:19:16.492, 0, 97 %, 81 %, 6159 MiB, 49140 MiB, 288.02 W, 300.00 W, 74, 2100 MHz
2026/09/23 15:19:17.493, 0, 95 %, 84 %, 6159 MiB, 49140 MiB, 287.23 W, 300.00 W, 71, 1770 MHz
2026/09/23 15:19:18.493, 0, 96 %, 82 %, 6159 MiB, 49140 MiB, 287.22 W, 300.00 W, 73, 1905 MHz
2026/09/23 15:19:19.494, 0, 96 %, 85 %, 6159 MiB, 49140 MiB, 286.67 W, 300.00 W, 72, 1665 MHz
2026/09/23 15:19:20.496, 0, 98 %, 84 %, 6159 MiB, 49140 MiB, 287.57 W, 300.00 W, 74, 1860 MHz
2026/09/23 15:19:21.497, 0, 98 %, 87 %, 6159 MiB, 49140 MiB, 288.86 W, 300.00 W, 72, 1695 MHz
2026/09/23 15:19:22.497, 0, 91 %, 65 %, 6159 MiB, 49140 MiB, 291.43 W, 300.00 W, 68, 2670 MHz
2026/09/23 15:19:23.498, 0, 0 %, 0 %, 6159 MiB, 49140 MiB, 99.96 W, 300.00 W, 66, 2745 MHz
2026/09/23 15:19:24.498, 0, 0 %, 0 %, 6159 MiB, 49140 MiB, 146.06 W, 300.00 W, 70, 2085 MHz
2026/09/23 15:19:25.499, 0, 97 %, 87 %, 6159 MiB, 49140 MiB, 285.98 W, 300.00 W, 71, 1785 MHz
2026/09/23 15:19:26.500, 0, 96 %, 84 %, 6159 MiB, 49140 MiB, 286.79 W, 300.00 W, 72, 1905 MHz
2026/09/23 15:19:27.501, 0, 95 %, 86 %, 6159 MiB, 49140 MiB, 286.41 W, 300.00 W, 72, 2220 MHz
2026/09/23 15:19:28.501, 0, 96 %, 86 %, 6159 MiB, 49140 MiB, 288.47 W, 300.00 W, 72, 1995 MHz
2026/09/23 15:19:29.502, 0, 97 %, 85 %, 6159 MiB, 49140 MiB, 287.12 W, 300.00 W, 72, 1710 MHz
2026/09/23 15:19:30.503, 0, 97 %, 82 %, 6159 MiB, 49140 MiB, 288.23 W, 300.00 W, 73, 2055 MHz
2026/09/23 15:19:31.504, 0, 96 %, 85 %, 6159 MiB, 49140 MiB, 288.37 W, 300.00 W, 71, 1785 MHz
2026/09/23 15:19:32.505, 0, 97 %, 87 %, 6159 MiB, 49140 MiB, 289.20 W, 300.00 W, 72, 1980 MHz
2026/09/23 15:19:33.506, 0, 95 %, 85 %, 6159 MiB, 49140 MiB, 286.05 W, 300.00 W, 72, 1725 MHz
2026/09/23 15:19:34.507, 0, 98 %, 81 %, 6159 MiB, 49140 MiB, 286.85 W, 300.00 W, 73, 1965 MHz
2026/09/23 15:19:35.508, 0, 96 %, 84 %, 6159 MiB, 49140 MiB, 288.77 W, 300.00 W, 71, 1920 MHz
2026/09/23 15:19:36.509, 0, 98 %, 83 %, 6159 MiB, 49140 MiB, 287.71 W, 300.00 W, 73, 2010 MHz
2026/09/23 15:19:37.510, 0, 97 %, 86 %, 6159 MiB, 49140 MiB, 286.95 W, 300.00 W, 72, 1650 MHz
2026/09/23 15:19:38.510, 0, 97 %, 82 %, 6159 MiB, 49140 MiB, 287.57 W, 300.00 W, 74, 2025 MHz
2026/09/23 15:19:39.512, 0, 97 %, 86 %, 6159 MiB, 49140 MiB, 287.62 W, 300.00 W, 72, 1905 MHz
2026/09/23 15:19:40.512, 0, 98 %, 83 %, 6159 MiB, 49140 MiB, 289.34 W, 300.00 W, 73, 1950 MHz
2026/09/23 15:19:41.514, 0, 98 %, 87 %, 6159 MiB, 49140 MiB, 287.94 W, 300.00 W, 72, 1680 MHz
2026/09/23 15:19:42.515, 0, 95 %, 82 %, 6159 MiB, 49140 MiB, 287.07 W, 300.00 W, 73, 1830 MHz
2026/09/23 15:19:43.515, 0, 97 %, 86 %, 6159 MiB, 49140 MiB, 288.08 W, 300.00 W, 72, 2115 MHz
2026/09/23 15:19:44.516, 0, 97 %, 85 %, 6159 MiB, 49140 MiB, 288.25 W, 300.00 W, 72, 1995 MHz
2026/09/23 15:19:45.517, 0, 96 %, 86 %, 6159 MiB, 49140 MiB, 288.88 W, 300.00 W, 72, 1785 MHz
2026/09/23 15:19:46.518, 0, 97 %, 86 %, 6159 MiB, 49140 MiB, 285.39 W, 300.00 W, 73, 1725 MHz
2026/09/23 15:19:47.518, 0, 93 %, 65 %, 6159 MiB, 49140 MiB, 281.33 W, 300.00 W, 68, 2535 MHz
2026/09/23 15:19:48.519, 0, 0 %, 0 %, 6159 MiB, 49140 MiB, 76.60 W, 300.00 W, 66, 2535 MHz
2026/09/23 15:19:49.521, 0, 0 %, 0 %, 6159 MiB, 49140 MiB, 154.02 W, 300.00 W, 71, 1845 MHz
2026/09/23 15:19:50.522, 0, 97 %, 85 %, 6159 MiB, 49140 MiB, 286.39 W, 300.00 W, 71, 1830 MHz
2026/09/23 15:19:51.522, 0, 96 %, 82 %, 6159 MiB, 49140 MiB, 285.45 W, 300.00 W, 72, 2130 MHz
2026/09/23 15:19:52.524, 0, 98 %, 87 %, 6159 MiB, 49140 MiB, 286.19 W, 300.00 W, 73, 1785 MHz
2026/09/23 15:19:53.525, 0, 95 %, 84 %, 6159 MiB, 49140 MiB, 287.67 W, 300.00 W, 70, 2040 MHz
2026/09/23 15:19:54.526, 0, 96 %, 86 %, 6159 MiB, 49140 MiB, 287.15 W, 300.00 W, 72, 1635 MHz
2026/09/23 15:19:55.527, 0, 95 %, 85 %, 6159 MiB, 49140 MiB, 286.33 W, 300.00 W, 71, 1980 MHz
2026/09/23 15:19:56.528, 0, 98 %, 82 %, 6159 MiB, 49140 MiB, 288.14 W, 300.00 W, 73, 1770 MHz
2026/09/23 15:19:57.529, 0, 95 %, 83 %, 6159 MiB, 49140 MiB, 288.22 W, 300.00 W, 70, 1965 MHz
2026/09/23 15:19:58.530, 0, 97 %, 87 %, 6159 MiB, 49140 MiB, 288.36 W, 300.00 W, 72, 1740 MHz
2026/09/23 15:19:59.531, 0, 97 %, 86 %, 6159 MiB, 49140 MiB, 286.58 W, 300.00 W, 72, 2145 MHz
2026/09/23 15:20:00.532, 0, 98 %, 87 %, 6159 MiB, 49140 MiB, 288.40 W, 300.00 W, 72, 1920 MHz
2026/09/23 15:20:01.534, 0, 97 %, 85 %, 6159 MiB, 49140 MiB, 289.05 W, 300.00 W, 71, 1965 MHz
2026/09/23 15:20:02.537, 0, 98 %, 87 %, 6159 MiB, 49140 MiB, 286.37 W, 300.00 W, 72, 1800 MHz
2026/09/23 15:20:03.538, 0, 97 %, 85 %, 6159 MiB, 49140 MiB, 287.87 W, 300.00 W, 73, 2130 MHz
2026/09/23 15:20:04.538, 0, 96 %, 86 %, 6159 MiB, 49140 MiB, 288.38 W, 300.00 W, 72, 2070 MHz
2026/09/23 15:20:05.539, 0, 95 %, 85 %, 6159 MiB, 49140 MiB, 289.28 W, 300.00 W, 71, 1950 MHz
2026/09/23 15:20:06.540, 0, 97 %, 86 %, 6159 MiB, 49140 MiB, 286.81 W, 300.00 W, 73, 1740 MHz
2026/09/23 15:20:07.540, 0, 97 %, 87 %, 6159 MiB, 49140 MiB, 288.40 W, 300.00 W, 73, 2145 MHz
2026/09/23 15:20:08.541, 0, 96 %, 87 %, 6159 MiB, 49140 MiB, 288.86 W, 300.00 W, 72, 1995 MHz
2026/09/23 15:20:09.542, 0, 97 %, 86 %, 6159 MiB, 49140 MiB, 289.08 W, 300.00 W, 72, 1965 MHz
2026/09/23 15:20:10.543, 0, 98 %, 87 %, 6159 MiB, 49140 MiB, 286.60 W, 300.00 W, 72, 1800 MHz
2026/09/23 15:20:11.544, 0, 98 %, 85 %, 6159 MiB, 49140 MiB, 290.27 W, 300.00 W, 74, 1665 MHz
2026/09/23 15:20:12.544, 0, 95 %, 68 %, 6159 MiB, 49140 MiB, 243.61 W, 300.00 W, 67, 2745 MHz
2026/09/23 15:20:13.545, 0, 0 %, 0 %, 6159 MiB, 49140 MiB, 87.20 W, 300.00 W, 66, 2745 MHz
2026/09/23 15:20:14.546, 0, 98 %, 88 %, 6159 MiB, 49140 MiB, 204.77 W, 300.00 W, 73, 2130 MHz
2026/09/23 15:20:15.546, 0, 96 %, 85 %, 6159 MiB, 49140 MiB, 287.76 W, 300.00 W, 70, 1980 MHz
2026/09/23 15:20:16.548, 0, 97 %, 88 %, 6159 MiB, 49140 MiB, 287.13 W, 300.00 W, 72, 1755 MHz
2026/09/23 15:20:17.549, 0, 97 %, 86 %, 6159 MiB, 49140 MiB, 286.57 W, 300.00 W, 72, 2145 MHz
2026/09/23 15:20:18.550, 0, 97 %, 88 %, 6159 MiB, 49140 MiB, 287.90 W, 300.00 W, 72, 2010 MHz
2026/09/23 15:20:19.551, 0, 96 %, 86 %, 6159 MiB, 49140 MiB, 289.38 W, 300.00 W, 72, 1800 MHz
2026/09/23 15:20:20.552, 0, 98 %, 88 %, 6159 MiB, 49140 MiB, 287.00 W, 300.00 W, 72, 1905 MHz
2026/09/23 15:20:21.552, 0, 97 %, 87 %, 6159 MiB, 49140 MiB, 288.34 W, 300.00 W, 73, 1860 MHz
2026/09/23 15:20:22.553, 0, 97 %, 83 %, 6159 MiB, 49140 MiB, 288.77 W, 300.00 W, 71, 1980 MHz
2026/09/23 15:20:23.554, 0, 98 %, 87 %, 6159 MiB, 49140 MiB, 287.81 W, 300.00 W, 72, 1725 MHz
2026/09/23 15:20:24.554, 0, 97 %, 81 %, 6159 MiB, 49140 MiB, 287.90 W, 300.00 W, 72, 2130 MHz
2026/09/23 15:20:25.556, 0, 95 %, 86 %, 6159 MiB, 49140 MiB, 288.12 W, 300.00 W, 72, 1995 MHz
2026/09/23 15:20:26.556, 0, 98 %, 83 %, 6159 MiB, 49140 MiB, 288.26 W, 300.00 W, 72, 1965 MHz
2026/09/23 15:20:27.557, 0, 97 %, 87 %, 6159 MiB, 49140 MiB, 287.67 W, 300.00 W, 72, 1770 MHz
2026/09/23 15:20:28.558, 0, 98 %, 81 %, 6159 MiB, 49140 MiB, 288.02 W, 300.00 W, 72, 2115 MHz
2026/09/23 15:20:29.559, 0, 96 %, 85 %, 6159 MiB, 49140 MiB, 287.11 W, 300.00 W, 73, 1830 MHz
2026/09/23 15:20:30.560, 0, 97 %, 83 %, 6159 MiB, 49140 MiB, 289.56 W, 300.00 W, 71, 2010 MHz
2026/09/23 15:20:31.560, 0, 98 %, 87 %, 6159 MiB, 49140 MiB, 288.39 W, 300.00 W, 72, 1710 MHz
2026/09/23 15:20:32.562, 0, 96 %, 80 %, 6159 MiB, 49140 MiB, 288.59 W, 300.00 W, 72, 2130 MHz
2026/09/23 15:20:33.563, 0, 96 %, 85 %, 6159 MiB, 49140 MiB, 288.86 W, 300.00 W, 73, 2025 MHz
2026/09/23 15:20:34.564, 0, 96 %, 83 %, 6159 MiB, 49140 MiB, 289.72 W, 300.00 W, 72, 1800 MHz
2026/09/23 15:20:35.564, 0, 98 %, 88 %, 6159 MiB, 49140 MiB, 287.83 W, 300.00 W, 72, 2055 MHz
2026/09/23 15:20:36.565, 0, 97 %, 81 %, 6159 MiB, 49140 MiB, 291.81 W, 300.00 W, 73, 1665 MHz
2026/09/23 15:20:37.565, 0, 96 %, 64 %, 6159 MiB, 49140 MiB, 210.12 W, 300.00 W, 67, 2745 MHz
2026/09/23 15:20:38.566, 0, 0 %, 0 %, 6159 MiB, 49140 MiB, 87.41 W, 300.00 W, 66, 2745 MHz
2026/09/23 15:20:39.567, 0, 98 %, 85 %, 6159 MiB, 49140 MiB, 207.47 W, 300.00 W, 71, 1770 MHz
2026/09/23 15:20:40.568, 0, 97 %, 88 %, 6159 MiB, 49140 MiB, 286.41 W, 300.00 W, 71, 2130 MHz
2026/09/23 15:20:41.569, 0, 97 %, 81 %, 6159 MiB, 49140 MiB, 287.37 W, 300.00 W, 72, 1935 MHz
2026/09/23 15:20:42.570, 0, 94 %, 83 %, 6159 MiB, 49140 MiB, 287.93 W, 300.00 W, 72, 1830 MHz
2026/09/23 15:20:43.571, 0, 98 %, 87 %, 6159 MiB, 49140 MiB, 288.47 W, 300.00 W, 72, 1800 MHz
2026/09/23 15:20:44.576, 0, 98 %, 88 %, 6159 MiB, 49140 MiB, 286.63 W, 300.00 W, 72, 2145 MHz
2026/09/23 15:20:45.576, 0, 98 %, 86 %, 6159 MiB, 49140 MiB, 287.12 W, 300.00 W, 73, 2055 MHz
2026/09/23 15:20:46.577, 0, 95 %, 85 %, 6159 MiB, 49140 MiB, 288.92 W, 300.00 W, 72, 1740 MHz
2026/09/23 15:20:47.578, 0, 97 %, 87 %, 6159 MiB, 49140 MiB, 288.86 W, 300.00 W, 73, 1770 MHz
2026/09/23 15:20:48.579, 0, 98 %, 87 %, 6159 MiB, 49140 MiB, 286.80 W, 300.00 W, 71, 2115 MHz
2026/09/23 15:20:49.580, 0, 97 %, 84 %, 6159 MiB, 49140 MiB, 288.41 W, 300.00 W, 73, 1995 MHz
2026/09/23 15:20:50.581, 0, 95 %, 84 %, 6159 MiB, 49140 MiB, 288.08 W, 300.00 W, 72, 1815 MHz
2026/09/23 15:20:51.581, 0, 98 %, 86 %, 6159 MiB, 49140 MiB, 289.42 W, 300.00 W, 72, 1785 MHz
2026/09/23 15:20:52.585, 0, 97 %, 87 %, 6159 MiB, 49140 MiB, 285.89 W, 300.00 W, 73, 1830 MHz
2026/09/23 15:20:53.585, 0, 97 %, 84 %, 6159 MiB, 49140 MiB, 286.53 W, 300.00 W, 72, 2115 MHz
2026/09/23 15:20:54.586, 0, 98 %, 83 %, 6159 MiB, 49140 MiB, 290.18 W, 300.00 W, 73, 2040 MHz
2026/09/23 15:20:55.587, 0, 96 %, 86 %, 6159 MiB, 49140 MiB, 289.95 W, 300.00 W, 72, 1725 MHz
2026/09/23 15:20:56.589, 0, 98 %, 88 %, 6159 MiB, 49140 MiB, 288.78 W, 300.00 W, 72, 1815 MHz
2026/09/23 15:20:57.590, 0, 98 %, 87 %, 6159 MiB, 49140 MiB, 288.18 W, 300.00 W, 72, 2070 MHz
2026/09/23 15:20:58.591, 0, 98 %, 84 %, 6159 MiB, 49140 MiB, 288.51 W, 300.00 W, 74, 2055 MHz
2026/09/23 15:20:59.592, 0, 96 %, 85 %, 6159 MiB, 49140 MiB, 288.23 W, 300.00 W, 72, 1695 MHz
2026/09/23 15:21:00.594, 0, 98 %, 88 %, 6159 MiB, 49140 MiB, 289.49 W, 300.00 W, 73, 1785 MHz
2026/09/23 15:21:01.595, 0, 88 %, 71 %, 6159 MiB, 49140 MiB, 291.25 W, 300.00 W, 74, 1635 MHz
2026/09/23 15:21:02.596, 0, 66 %, 46 %, 6159 MiB, 49140 MiB, 196.68 W, 300.00 W, 67, 2745 MHz
2026/09/23 15:21:03.597, 0, 0 %, 0 %, 6159 MiB, 49140 MiB, 87.62 W, 300.00 W, 66, 2745 MHz
2026/09/23 15:21:04.598, 0, 98 %, 88 %, 6159 MiB, 49140 MiB, 225.04 W, 300.00 W, 71, 2115 MHz
2026/09/23 15:21:05.599, 0, 98 %, 86 %, 6159 MiB, 49140 MiB, 287.40 W, 300.00 W, 73, 2055 MHz
2026/09/23 15:21:06.602, 0, 95 %, 83 %, 6159 MiB, 49140 MiB, 287.54 W, 300.00 W, 71, 1650 MHz
2026/09/23 15:21:07.602, 0, 98 %, 88 %, 6159 MiB, 49140 MiB, 287.46 W, 300.00 W, 72, 2085 MHz
2026/09/23 15:21:08.604, 0, 96 %, 81 %, 6159 MiB, 49140 MiB, 287.83 W, 300.00 W, 72, 1770 MHz
2026/09/23 15:21:09.604, 0, 97 %, 88 %, 6159 MiB, 49140 MiB, 287.18 W, 300.00 W, 73, 1995 MHz
2026/09/23 15:21:10.606, 0, 98 %, 83 %, 6159 MiB, 49140 MiB, 288.34 W, 300.00 W, 70, 1740 MHz
2026/09/23 15:21:11.607, 0, 97 %, 86 %, 6159 MiB, 49140 MiB, 285.79 W, 300.00 W, 72, 1980 MHz
2026/09/23 15:21:12.608, 0, 97 %, 84 %, 6159 MiB, 49140 MiB, 287.17 W, 300.00 W, 72, 1875 MHz
2026/09/23 15:21:13.609, 0, 96 %, 88 %, 6159 MiB, 49140 MiB, 288.78 W, 300.00 W, 73, 1995 MHz
2026/09/23 15:21:14.610, 0, 95 %, 84 %, 6159 MiB, 49140 MiB, 286.53 W, 300.00 W, 72, 1770 MHz
2026/09/23 15:21:15.611, 0, 97 %, 87 %, 6159 MiB, 49140 MiB, 287.82 W, 300.00 W, 72, 1800 MHz
2026/09/23 15:21:16.611, 0, 98 %, 88 %, 6159 MiB, 49140 MiB, 287.04 W, 300.00 W, 72, 2070 MHz
2026/09/23 15:21:17.612, 0, 97 %, 86 %, 6159 MiB, 49140 MiB, 288.50 W, 300.00 W, 74, 2025 MHz
2026/09/23 15:21:18.613, 0, 94 %, 84 %, 6159 MiB, 49140 MiB, 288.33 W, 300.00 W, 72, 1725 MHz
2026/09/23 15:21:19.614, 0, 98 %, 88 %, 6159 MiB, 49140 MiB, 288.56 W, 300.00 W, 73, 1860 MHz
2026/09/23 15:21:20.615, 0, 98 %, 86 %, 6159 MiB, 49140 MiB, 287.30 W, 300.00 W, 73, 1935 MHz
2026/09/23 15:21:21.615, 0, 97 %, 87 %, 6159 MiB, 49140 MiB, 288.95 W, 300.00 W, 74, 1890 MHz
2026/09/23 15:21:22.616, 0, 96 %, 83 %, 6159 MiB, 49140 MiB, 288.45 W, 300.00 W, 72, 1635 MHz
2026/09/23 15:21:23.618, 0, 97 %, 88 %, 6159 MiB, 49140 MiB, 289.40 W, 300.00 W, 73, 2115 MHz
2026/09/23 15:21:24.619, 0, 97 %, 83 %, 6159 MiB, 49140 MiB, 287.40 W, 300.00 W, 73, 2025 MHz
2026/09/23 15:21:25.619, 0, 97 %, 88 %, 6159 MiB, 49140 MiB, 288.73 W, 300.00 W, 74, 1650 MHz
2026/09/23 15:21:26.622, 0, 87 %, 63 %, 6159 MiB, 49140 MiB, 292.54 W, 300.00 W, 74, 1695 MHz
2026/09/23 15:21:27.622, 0, 9 %, 0 %, 6159 MiB, 49140 MiB, 169.57 W, 300.00 W, 67, 2745 MHz
2026/09/23 15:21:28.623, 0, 0 %, 0 %, 6159 MiB, 49140 MiB, 118.63 W, 300.00 W, 71, 2055 MHz
2026/09/23 15:21:29.623, 0, 97 %, 84 %, 6159 MiB, 49140 MiB, 287.42 W, 300.00 W, 71, 2010 MHz
2026/09/23 15:21:30.624, 0, 98 %, 89 %, 6159 MiB, 49140 MiB, 287.50 W, 300.00 W, 72, 1650 MHz
2026/09/23 15:21:31.625, 0, 97 %, 83 %, 6159 MiB, 49140 MiB, 289.45 W, 300.00 W, 71, 2100 MHz
2026/09/23 15:21:32.626, 0, 98 %, 89 %, 6159 MiB, 49140 MiB, 286.21 W, 300.00 W, 72, 1800 MHz
2026/09/23 15:21:33.626, 0, 97 %, 80 %, 6159 MiB, 49140 MiB, 286.06 W, 300.00 W, 72, 1980 MHz
2026/09/23 15:21:34.627, 0, 96 %, 86 %, 6159 MiB, 49140 MiB, 288.13 W, 300.00 W, 71, 1710 MHz
2026/09/23 15:21:35.628, 0, 97 %, 83 %, 6159 MiB, 49140 MiB, 288.80 W, 300.00 W, 73, 2130 MHz
2026/09/23 15:21:36.629, 0, 97 %, 88 %, 6159 MiB, 49140 MiB, 286.98 W, 300.00 W, 72, 1920 MHz
2026/09/23 15:21:37.630, 0, 97 %, 82 %, 6159 MiB, 49140 MiB, 287.51 W, 300.00 W, 73, 1980 MHz
2026/09/23 15:21:38.631, 0, 96 %, 86 %, 6159 MiB, 49140 MiB, 289.25 W, 300.00 W, 71, 1800 MHz
2026/09/23 15:21:39.632, 0, 98 %, 89 %, 6159 MiB, 49140 MiB, 289.77 W, 300.00 W, 72, 1935 MHz
2026/09/23 15:21:40.634, 0, 98 %, 83 %, 6159 MiB, 49140 MiB, 287.73 W, 300.00 W, 73, 1920 MHz
2026/09/23 15:21:41.634, 0, 96 %, 87 %, 6159 MiB, 49140 MiB, 287.74 W, 300.00 W, 72, 1635 MHz
2026/09/23 15:21:42.639, 0, 96 %, 82 %, 6159 MiB, 49140 MiB, 288.83 W, 300.00 W, 72, 1830 MHz
2026/09/23 15:21:43.639, 0, 97 %, 87 %, 6159 MiB, 49140 MiB, 289.36 W, 300.00 W, 72, 1935 MHz
2026/09/23 15:21:44.640, 0, 98 %, 82 %, 6159 MiB, 49140 MiB, 287.40 W, 300.00 W, 73, 2025 MHz
2026/09/23 15:21:45.641, 0, 97 %, 88 %, 6159 MiB, 49140 MiB, 287.79 W, 300.00 W, 73, 1785 MHz
2026/09/23 15:21:46.642, 0, 95 %, 84 %, 6159 MiB, 49140 MiB, 289.55 W, 300.00 W, 72, 1800 MHz
2026/09/23 15:21:47.642, 0, 98 %, 88 %, 6159 MiB, 49140 MiB, 289.18 W, 300.00 W, 72, 1980 MHz
2026/09/23 15:21:48.643, 0, 98 %, 87 %, 6159 MiB, 49140 MiB, 287.70 W, 300.00 W, 73, 2025 MHz
2026/09/23 15:21:49.644, 0, 97 %, 87 %, 6159 MiB, 49140 MiB, 289.00 W, 300.00 W, 73, 1725 MHz
2026/09/23 15:21:50.646, 0, 86 %, 76 %, 6159 MiB, 49140 MiB, 286.22 W, 300.00 W, 72, 1740 MHz
2026/09/23 15:21:51.646, 0, 94 %, 65 %, 6159 MiB, 49140 MiB, 296.27 W, 300.00 W, 74, 1830 MHz
2026/09/23 15:21:52.647, 0, 0 %, 0 %, 6159 MiB, 49140 MiB, 116.89 W, 300.00 W, 67, 2745 MHz
2026/09/23 15:21:53.647, 0, 0 %, 0 %, 6159 MiB, 49140 MiB, 128.94 W, 300.00 W, 69, 1845 MHz
2026/09/23 15:21:54.648, 0, 97 %, 88 %, 6159 MiB, 49140 MiB, 288.30 W, 300.00 W, 71, 1875 MHz
2026/09/23 15:21:55.649, 0, 98 %, 87 %, 6159 MiB, 49140 MiB, 285.71 W, 300.00 W, 72, 2055 MHz
2026/09/23 15:21:56.650, 0, 98 %, 89 %, 6159 MiB, 49140 MiB, 288.70 W, 300.00 W, 72, 1665 MHz
2026/09/23 15:21:57.650, 0, 96 %, 83 %, 6159 MiB, 49140 MiB, 289.97 W, 300.00 W, 72, 2070 MHz
2026/09/23 15:21:58.652, 0, 96 %, 87 %, 6159 MiB, 49140 MiB, 286.61 W, 300.00 W, 72, 1785 MHz
2026/09/23 15:21:59.653, 0, 98 %, 81 %, 6159 MiB, 49140 MiB, 287.00 W, 300.00 W, 73, 1950 MHz
2026/09/23 15:22:00.653, 0, 97 %, 88 %, 6159 MiB, 49140 MiB, 287.48 W, 300.00 W, 72, 1650 MHz
2026/09/23 15:22:01.654, 0, 97 %, 83 %, 6159 MiB, 49140 MiB, 288.88 W, 300.00 W, 73, 1770 MHz
2026/09/23 15:22:02.656, 0, 97 %, 80 %, 6159 MiB, 49140 MiB, 288.87 W, 300.00 W, 71, 1845 MHz
2026/09/23 15:22:03.657, 0, 96 %, 85 %, 6159 MiB, 49140 MiB, 288.36 W, 300.00 W, 72, 2130 MHz
2026/09/23 15:22:04.660, 0, 96 %, 83 %, 6159 MiB, 49140 MiB, 284.88 W, 300.00 W, 72, 1965 MHz
2026/09/23 15:22:05.661, 0, 97 %, 88 %, 6159 MiB, 49140 MiB, 288.12 W, 300.00 W, 74, 1995 MHz
2026/09/23 15:22:06.661, 0, 97 %, 85 %, 6159 MiB, 49140 MiB, 289.41 W, 300.00 W, 71, 1725 MHz
2026/09/23 15:22:07.662, 0, 98 %, 83 %, 6159 MiB, 49140 MiB, 288.85 W, 300.00 W, 73, 2010 MHz
2026/09/23 15:22:08.663, 0, 94 %, 84 %, 6159 MiB, 49140 MiB, 288.70 W, 300.00 W, 72, 1875 MHz
2026/09/23 15:22:09.664, 0, 98 %, 89 %, 6159 MiB, 49140 MiB, 288.52 W, 300.00 W, 74, 1935 MHz
2026/09/23 15:22:10.665, 0, 97 %, 88 %, 6159 MiB, 49140 MiB, 287.33 W, 300.00 W, 73, 1680 MHz
2026/09/23 15:22:11.666, 0, 97 %, 81 %, 6159 MiB, 49140 MiB, 287.65 W, 300.00 W, 71, 1815 MHz
2026/09/23 15:22:12.667, 0, 97 %, 88 %, 6159 MiB, 49140 MiB, 289.41 W, 300.00 W, 72, 2085 MHz
2026/09/23 15:22:13.668, 0, 96 %, 83 %, 6159 MiB, 49140 MiB, 286.86 W, 300.00 W, 72, 1935 MHz
2026/09/23 15:22:14.669, 0, 98 %, 88 %, 6159 MiB, 49140 MiB, 288.84 W, 300.00 W, 74, 1695 MHz
2026/09/23 15:22:15.670, 0, 94 %, 66 %, 6159 MiB, 49140 MiB, 293.85 W, 300.00 W, 73, 1635 MHz
2026/09/23 15:22:16.670, 0, 0 %, 0 %, 6159 MiB, 49140 MiB, 202.37 W, 300.00 W, 67, 2580 MHz
2026/09/23 15:22:17.671, 0, 0 %, 0 %, 6159 MiB, 49140 MiB, 76.68 W, 300.00 W, 66, 2580 MHz
2026/09/23 15:22:18.672, 0, 97 %, 85 %, 6159 MiB, 49140 MiB, 213.29 W, 300.00 W, 70, 2160 MHz
2026/09/23 15:22:19.674, 0, 98 %, 89 %, 6159 MiB, 49140 MiB, 288.10 W, 300.00 W, 72, 1830 MHz
2026/09/23 15:22:20.674, 0, 95 %, 82 %, 6159 MiB, 49140 MiB, 286.17 W, 300.00 W, 72, 2010 MHz
2026/09/23 15:22:21.675, 0, 96 %, 87 %, 6159 MiB, 49140 MiB, 286.55 W, 300.00 W, 73, 1710 MHz
2026/09/23 15:22:22.675, 0, 98 %, 89 %, 6159 MiB, 49140 MiB, 286.78 W, 300.00 W, 72, 2025 MHz
2026/09/23 15:22:23.677, 0, 98 %, 84 %, 6159 MiB, 49140 MiB, 289.74 W, 300.00 W, 73, 1950 MHz
2026/09/23 15:22:24.678, 0, 95 %, 85 %, 6159 MiB, 49140 MiB, 287.48 W, 300.00 W, 72, 1935 MHz
2026/09/23 15:22:25.680, 0, 97 %, 84 %, 6159 MiB, 49140 MiB, 285.70 W, 300.00 W, 73, 1710 MHz
2026/09/23 15:22:26.681, 0, 96 %, 87 %, 6159 MiB, 49140 MiB, 288.80 W, 300.00 W, 72, 1845 MHz
2026/09/23 15:22:27.681, 0, 97 %, 81 %, 6159 MiB, 49140 MiB, 288.80 W, 300.00 W, 71, 2010 MHz
2026/09/23 15:22:28.682, 0, 93 %, 82 %, 6159 MiB, 49140 MiB, 287.86 W, 300.00 W, 72, 2055 MHz
2026/09/23 15:22:29.683, 0, 90 %, 76 %, 6159 MiB, 49140 MiB, 285.31 W, 300.00 W, 72, 2070 MHz
2026/09/23 15:22:30.684, 0, 98 %, 88 %, 6159 MiB, 49140 MiB, 287.36 W, 300.00 W, 74, 1695 MHz
2026/09/23 15:22:31.685, 0, 98 %, 87 %, 6159 MiB, 49140 MiB, 288.07 W, 300.00 W, 72, 1755 MHz
2026/09/23 15:22:32.686, 0, 97 %, 80 %, 6159 MiB, 49140 MiB, 289.24 W, 300.00 W, 72, 2025 MHz
2026/09/23 15:22:33.686, 0, 96 %, 85 %, 6159 MiB, 49140 MiB, 289.88 W, 300.00 W, 72, 2010 MHz
2026/09/23 15:22:34.687, 0, 98 %, 85 %, 6159 MiB, 49140 MiB, 287.89 W, 300.00 W, 73, 1695 MHz
2026/09/23 15:22:35.688, 0, 98 %, 89 %, 6159 MiB, 49140 MiB, 289.03 W, 300.00 W, 73, 1785 MHz
2026/09/23 15:22:36.688, 0, 98 %, 81 %, 6159 MiB, 49140 MiB, 288.93 W, 300.00 W, 71, 2085 MHz
2026/09/23 15:22:37.689, 0, 97 %, 87 %, 6159 MiB, 49140 MiB, 289.89 W, 300.00 W, 72, 1950 MHz
2026/09/23 15:22:38.690, 0, 96 %, 82 %, 6159 MiB, 49140 MiB, 287.33 W, 300.00 W, 73, 1965 MHz
2026/09/23 15:22:39.691, 0, 98 %, 88 %, 6159 MiB, 49140 MiB, 288.77 W, 300.00 W, 74, 1710 MHz
2026/09/23 15:22:40.692, 0, 96 %, 68 %, 6159 MiB, 49140 MiB, 292.36 W, 300.00 W, 73, 1620 MHz
2026/09/23 15:22:41.692, 0, 0 %, 0 %, 6159 MiB, 49140 MiB, 190.94 W, 300.00 W, 67, 2745 MHz
2026/09/23 15:22:42.693, 0, 0 %, 0 %, 6159 MiB, 49140 MiB, 88.17 W, 300.00 W, 66, 2745 MHz
2026/09/23 15:22:43.693, 0, 97 %, 88 %, 6159 MiB, 49140 MiB, 213.27 W, 300.00 W, 72, 1965 MHz
2026/09/23 15:22:44.694, 0, 88 %, 78 %, 6159 MiB, 49140 MiB, 284.90 W, 300.00 W, 71, 2115 MHz
2026/09/23 15:22:45.695, 0, 98 %, 88 %, 6159 MiB, 49140 MiB, 286.64 W, 300.00 W, 73, 1650 MHz
2026/09/23 15:22:46.696, 0, 98 %, 88 %, 6159 MiB, 49140 MiB, 286.91 W, 300.00 W, 72, 1815 MHz
2026/09/23 15:22:47.697, 0, 97 %, 82 %, 6159 MiB, 49140 MiB, 289.78 W, 300.00 W, 73, 1980 MHz
2026/09/23 15:22:48.698, 0, 93 %, 83 %, 6159 MiB, 49140 MiB, 288.79 W, 300.00 W, 72, 2130 MHz
2026/09/23 15:22:49.698, 0, 97 %, 86 %, 6159 MiB, 49140 MiB, 289.10 W, 300.00 W, 73, 1695 MHz
2026/09/23 15:22:50.699, 0, 98 %, 88 %, 6159 MiB, 49140 MiB, 288.96 W, 300.00 W, 72, 1785 MHz
2026/09/23 15:22:51.700, 0, 96 %, 80 %, 6159 MiB, 49140 MiB, 288.02 W, 300.00 W, 71, 2100 MHz
2026/09/23 15:22:52.701, 0, 95 %, 85 %, 6159 MiB, 49140 MiB, 287.32 W, 300.00 W, 72, 1980 MHz
2026/09/23 15:22:53.702, 0, 98 %, 83 %, 6159 MiB, 49140 MiB, 285.93 W, 300.00 W, 72, 1890 MHz
2026/09/23 15:22:54.702, 0, 97 %, 86 %, 6159 MiB, 49140 MiB, 289.06 W, 300.00 W, 73, 1800 MHz
2026/09/23 15:22:55.703, 0, 97 %, 81 %, 6159 MiB, 49140 MiB, 289.33 W, 300.00 W, 71, 2175 MHz
2026/09/23 15:22:56.705, 0, 97 %, 88 %, 6159 MiB, 49140 MiB, 289.70 W, 300.00 W, 73, 1935 MHz
2026/09/23 15:22:57.706, 0, 97 %, 82 %, 6159 MiB, 49140 MiB, 287.45 W, 300.00 W, 72, 1965 MHz
2026/09/23 15:22:58.707, 0, 98 %, 88 %, 6159 MiB, 49140 MiB, 288.94 W, 300.00 W, 74, 1680 MHz
2026/09/23 15:22:59.707, 0, 98 %, 86 %, 6159 MiB, 49140 MiB, 289.16 W, 300.00 W, 72, 2085 MHz
2026/09/23 15:23:00.708, 0, 96 %, 85 %, 6159 MiB, 49140 MiB, 289.78 W, 300.00 W, 73, 1800 MHz
2026/09/23 15:23:01.709, 0, 96 %, 85 %, 6159 MiB, 49140 MiB, 287.69 W, 300.00 W, 72, 1950 MHz
2026/09/23 15:23:02.710, 0, 98 %, 88 %, 6159 MiB, 49140 MiB, 289.38 W, 300.00 W, 74, 1890 MHz
2026/09/23 15:23:03.710, 0, 98 %, 88 %, 6159 MiB, 49140 MiB, 288.18 W, 300.00 W, 73, 2085 MHz
2026/09/23 15:23:04.711, 0, 98 %, 81 %, 6159 MiB, 49140 MiB, 289.07 W, 300.00 W, 72, 2010 MHz
2026/09/23 15:23:05.713, 0, 95 %, 66 %, 6159 MiB, 49140 MiB, 293.69 W, 300.00 W, 74, 1620 MHz
2026/09/23 15:23:06.714, 0, 0 %, 0 %, 6159 MiB, 49140 MiB, 184.10 W, 300.00 W, 67, 2745 MHz
2026/09/23 15:23:07.714, 0, 0 %, 0 %, 6159 MiB, 49140 MiB, 87.91 W, 300.00 W, 66, 2745 MHz
2026/09/23 15:23:08.715, 0, 97 %, 84 %, 6159 MiB, 49140 MiB, 221.04 W, 300.00 W, 71, 1710 MHz
2026/09/23 15:23:09.716, 0, 98 %, 89 %, 6159 MiB, 49140 MiB, 289.03 W, 300.00 W, 72, 1950 MHz
2026/09/23 15:23:10.717, 0, 98 %, 84 %, 6159 MiB, 49140 MiB, 287.87 W, 300.00 W, 72, 1770 MHz
2026/09/23 15:23:11.717, 0, 97 %, 87 %, 6159 MiB, 49140 MiB, 287.84 W, 300.00 W, 73, 2145 MHz
2026/09/23 15:23:12.718, 0, 98 %, 82 %, 6159 MiB, 49140 MiB, 289.25 W, 300.00 W, 70, 1845 MHz
2026/09/23 15:23:13.719, 0, 97 %, 87 %, 6159 MiB, 49140 MiB, 289.65 W, 300.00 W, 72, 1965 MHz
2026/09/23 15:23:14.719, 0, 95 %, 85 %, 6159 MiB, 49140 MiB, 284.96 W, 300.00 W, 72, 1665 MHz
2026/09/23 15:23:15.720, 0, 98 %, 87 %, 6159 MiB, 49140 MiB, 286.99 W, 300.00 W, 73, 1830 MHz
2026/09/23 15:23:16.721, 0, 98 %, 87 %, 6159 MiB, 49140 MiB, 289.59 W, 300.00 W, 72, 1950 MHz
2026/09/23 15:23:17.722, 0, 98 %, 84 %, 6159 MiB, 49140 MiB, 290.15 W, 300.00 W, 73, 1935 MHz
2026/09/23 15:23:18.723, 0, 93 %, 83 %, 6159 MiB, 49140 MiB, 288.42 W, 300.00 W, 72, 1665 MHz
2026/09/23 15:23:19.724, 0, 98 %, 88 %, 6159 MiB, 49140 MiB, 287.92 W, 300.00 W, 73, 1815 MHz
2026/09/23 15:23:20.725, 0, 98 %, 87 %, 6159 MiB, 49140 MiB, 289.20 W, 300.00 W, 72, 2010 MHz
2026/09/23 15:23:21.726, 0, 96 %, 85 %, 6159 MiB, 49140 MiB, 289.47 W, 300.00 W, 73, 1965 MHz
2026/09/23 15:23:22.727, 0, 95 %, 85 %, 6159 MiB, 49140 MiB, 287.91 W, 300.00 W, 72, 1695 MHz
2026/09/23 15:23:23.728, 0, 96 %, 87 %, 6159 MiB, 49140 MiB, 289.20 W, 300.00 W, 74, 1875 MHz
2026/09/23 15:23:24.730, 0, 98 %, 88 %, 6159 MiB, 49140 MiB, 289.77 W, 300.00 W, 72, 1905 MHz
2026/09/23 15:23:25.731, 0, 98 %, 82 %, 6159 MiB, 49140 MiB, 289.89 W, 300.00 W, 72, 2100 MHz
2026/09/23 15:23:26.732, 0, 95 %, 85 %, 6159 MiB, 49140 MiB, 288.36 W, 300.00 W, 72, 1890 MHz
2026/09/23 15:23:27.732, 0, 97 %, 83 %, 6159 MiB, 49140 MiB, 287.30 W, 300.00 W, 73, 1815 MHz
2026/09/23 15:23:28.733, 0, 97 %, 87 %, 6159 MiB, 49140 MiB, 290.01 W, 300.00 W, 73, 2115 MHz
2026/09/23 15:23:29.733, 0, 98 %, 81 %, 6159 MiB, 49140 MiB, 289.73 W, 300.00 W, 71, 1920 MHz
2026/09/23 15:23:30.734, 0, 95 %, 64 %, 6159 MiB, 49140 MiB, 294.27 W, 300.00 W, 74, 1710 MHz
2026/09/23 15:23:31.735, 0, 0 %, 0 %, 6159 MiB, 49140 MiB, 164.79 W, 300.00 W, 66, 2670 MHz
2026/09/23 15:23:32.738, 0, 98 %, 89 %, 6159 MiB, 49140 MiB, 95.36 W, 300.00 W, 70, 2025 MHz
2026/09/23 15:23:33.738, 0, 95 %, 82 %, 6159 MiB, 49140 MiB, 288.11 W, 300.00 W, 72, 1740 MHz
2026/09/23 15:23:34.739, 0, 98 %, 87 %, 6159 MiB, 49140 MiB, 287.67 W, 300.00 W, 73, 2055 MHz
2026/09/23 15:23:35.740, 0, 97 %, 84 %, 6159 MiB, 49140 MiB, 289.09 W, 300.00 W, 71, 1785 MHz
2026/09/23 15:23:36.742, 0, 97 %, 87 %, 6159 MiB, 49140 MiB, 289.77 W, 300.00 W, 72, 1950 MHz
2026/09/23 15:23:37.742, 0, 94 %, 83 %, 6159 MiB, 49140 MiB, 287.24 W, 300.00 W, 72, 1620 MHz
2026/09/23 15:23:38.743, 0, 91 %, 82 %, 6159 MiB, 49140 MiB, 286.85 W, 300.00 W, 73, 1845 MHz
2026/09/23 15:23:39.744, 0, 98 %, 87 %, 6159 MiB, 49140 MiB, 288.35 W, 300.00 W, 72, 1995 MHz
2026/09/23 15:23:40.744, 0, 98 %, 85 %, 6159 MiB, 49140 MiB, 290.73 W, 300.00 W, 73, 2070 MHz
2026/09/23 15:23:41.745, 0, 94 %, 84 %, 6159 MiB, 49140 MiB, 289.79 W, 300.00 W, 72, 1695 MHz
2026/09/23 15:23:42.746, 0, 97 %, 87 %, 6159 MiB, 49140 MiB, 288.49 W, 300.00 W, 73, 1890 MHz
2026/09/23 15:23:43.748, 0, 93 %, 84 %, 6159 MiB, 49140 MiB, 288.87 W, 300.00 W, 73, 2130 MHz
2026/09/23 15:23:44.749, 0, 97 %, 81 %, 6159 MiB, 49140 MiB, 289.80 W, 300.00 W, 71, 2055 MHz
2026/09/23 15:23:45.750, 0, 98 %, 88 %, 6159 MiB, 49140 MiB, 287.39 W, 300.00 W, 72, 1965 MHz
2026/09/23 15:23:46.751, 0, 95 %, 82 %, 6159 MiB, 49140 MiB, 286.69 W, 300.00 W, 72, 1755 MHz
2026/09/23 15:23:47.752, 0, 98 %, 87 %, 6159 MiB, 49140 MiB, 289.28 W, 300.00 W, 74, 2115 MHz
2026/09/23 15:23:48.753, 0, 94 %, 83 %, 6159 MiB, 49140 MiB, 289.18 W, 300.00 W, 72, 1920 MHz
2026/09/23 15:23:49.754, 0, 97 %, 87 %, 6159 MiB, 49140 MiB, 289.86 W, 300.00 W, 73, 1890 MHz
2026/09/23 15:23:50.755, 0, 95 %, 84 %, 6159 MiB, 49140 MiB, 288.52 W, 300.00 W, 72, 1605 MHz
2026/09/23 15:23:51.756, 0, 97 %, 87 %, 6159 MiB, 49140 MiB, 288.96 W, 300.00 W, 74, 2025 MHz
2026/09/23 15:23:52.756, 0, 97 %, 87 %, 6159 MiB, 49140 MiB, 290.29 W, 300.00 W, 73, 2010 MHz
2026/09/23 15:23:53.757, 0, 98 %, 80 %, 6159 MiB, 49140 MiB, 290.34 W, 300.00 W, 72, 1920 MHz
2026/09/23 15:23:54.758, 0, 96 %, 86 %, 6159 MiB, 49140 MiB, 289.25 W, 300.00 W, 72, 1710 MHz
2026/09/23 15:23:55.759, 0, 92 %, 65 %, 6159 MiB, 49140 MiB, 293.41 W, 300.00 W, 74, 1620 MHz
2026/09/23 15:23:56.760, 0, 0 %, 0 %, 6159 MiB, 49140 MiB, 146.65 W, 300.00 W, 67, 2730 MHz
2026/09/23 15:23:57.760, 0, 95 %, 87 %, 6159 MiB, 49140 MiB, 103.53 W, 300.00 W, 70, 1860 MHz
2026/09/23 15:23:58.762, 0, 98 %, 88 %, 6159 MiB, 49140 MiB, 293.14 W, 300.00 W, 73, 1905 MHz
2026/09/23 15:23:59.763, 0, 96 %, 82 %, 6159 MiB, 49140 MiB, 288.93 W, 300.00 W, 70, 1980 MHz
2026/09/23 15:24:00.763, 0, 97 %, 88 %, 6159 MiB, 49140 MiB, 288.48 W, 300.00 W, 72, 1695 MHz
2026/09/23 15:24:01.764, 0, 94 %, 82 %, 6159 MiB, 49140 MiB, 286.28 W, 300.00 W, 72, 1995 MHz
2026/09/23 15:24:02.765, 0, 98 %, 88 %, 6159 MiB, 49140 MiB, 287.41 W, 300.00 W, 73, 2085 MHz
2026/09/23 15:24:03.766, 0, 97 %, 87 %, 6159 MiB, 49140 MiB, 288.01 W, 300.00 W, 72, 1980 MHz
2026/09/23 15:24:04.766, 0, 98 %, 81 %, 6159 MiB, 49140 MiB, 288.89 W, 300.00 W, 72, 1950 MHz
2026/09/23 15:24:05.767, 0, 96 %, 85 %, 6159 MiB, 49140 MiB, 288.95 W, 300.00 W, 72, 1815 MHz
2026/09/23 15:24:06.768, 0, 97 %, 83 %, 6159 MiB, 49140 MiB, 286.86 W, 300.00 W, 72, 2130 MHz
2026/09/23 15:24:07.769, 0, 98 %, 87 %, 6159 MiB, 49140 MiB, 289.74 W, 300.00 W, 73, 1890 MHz
2026/09/23 15:24:08.769, 0, 96 %, 81 %, 6159 MiB, 49140 MiB, 289.51 W, 300.00 W, 71, 1935 MHz
2026/09/23 15:24:09.770, 0, 98 %, 89 %, 6159 MiB, 49140 MiB, 289.13 W, 300.00 W, 73, 1620 MHz
2026/09/23 15:24:10.771, 0, 95 %, 84 %, 6159 MiB, 49140 MiB, 287.00 W, 300.00 W, 72, 1815 MHz
2026/09/23 15:24:11.772, 0, 94 %, 84 %, 6159 MiB, 49140 MiB, 289.38 W, 300.00 W, 73, 2085 MHz
2026/09/23 15:24:12.773, 0, 91 %, 82 %, 6159 MiB, 49140 MiB, 289.30 W, 300.00 W, 73, 2010 MHz
2026/09/23 15:24:13.774, 0, 93 %, 79 %, 6159 MiB, 49140 MiB, 289.88 W, 300.00 W, 71, 1950 MHz
2026/09/23 15:24:14.775, 0, 94 %, 82 %, 6159 MiB, 49140 MiB, 288.30 W, 300.00 W, 72, 1815 MHz
2026/09/23 15:24:15.775, 0, 96 %, 85 %, 6159 MiB, 49140 MiB, 286.27 W, 300.00 W, 72, 1710 MHz
2026/09/23 15:24:16.777, 0, 96 %, 82 %, 6159 MiB, 49140 MiB, 287.63 W, 300.00 W, 72, 2040 MHz
2026/09/23 15:24:17.778, 0, 97 %, 86 %, 6159 MiB, 49140 MiB, 289.72 W, 300.00 W, 73, 1755 MHz
2026/09/23 15:24:18.779, 0, 96 %, 81 %, 6159 MiB, 49140 MiB, 289.13 W, 300.00 W, 71, 1920 MHz
2026/09/23 15:24:19.780, 0, 96 %, 86 %, 6159 MiB, 49140 MiB, 288.13 W, 300.00 W, 73, 1800 MHz
2026/09/23 15:24:20.781, 0, 90 %, 62 %, 6159 MiB, 49140 MiB, 292.08 W, 300.00 W, 74, 1755 MHz
2026/09/23 15:24:21.782, 0, 0 %, 0 %, 6159 MiB, 49140 MiB, 131.03 W, 300.00 W, 67, 2745 MHz
2026/09/23 15:24:22.782, 0, 92 %, 81 %, 6159 MiB, 49140 MiB, 124.47 W, 300.00 W, 72, 2235 MHz
2026/09/23 15:24:23.783, 0, 96 %, 82 %, 6159 MiB, 49140 MiB, 288.17 W, 300.00 W, 71, 1920 MHz
2026/09/23 15:24:24.784, 0, 95 %, 84 %, 6159 MiB, 49140 MiB, 288.19 W, 300.00 W, 72, 1650 MHz
2026/09/23 15:24:25.786, 0, 97 %, 82 %, 6159 MiB, 49140 MiB, 284.88 W, 300.00 W, 71, 1845 MHz
2026/09/23 15:24:26.786, 0, 97 %, 86 %, 6159 MiB, 49140 MiB, 288.35 W, 300.00 W, 73, 2070 MHz
2026/09/23 15:24:27.787, 0, 94 %, 82 %, 6159 MiB, 49140 MiB, 289.04 W, 300.00 W, 72, 2115 MHz
2026/09/23 15:24:28.788, 0, 95 %, 85 %, 6159 MiB, 49140 MiB, 288.20 W, 300.00 W, 71, 1995 MHz
2026/09/23 15:24:29.789, 0, 96 %, 86 %, 6159 MiB, 49140 MiB, 286.80 W, 300.00 W, 72, 1785 MHz
2026/09/23 15:24:30.790, 0, 96 %, 87 %, 6159 MiB, 49140 MiB, 286.58 W, 300.00 W, 72, 2205 MHz
2026/09/23 15:24:31.790, 0, 97 %, 87 %, 6159 MiB, 49140 MiB, 287.69 W, 300.00 W, 73, 1800 MHz
2026/09/23 15:24:32.792, 0, 98 %, 86 %, 6159 MiB, 49140 MiB, 290.62 W, 300.00 W, 71, 2010 MHz
2026/09/23 15:24:33.793, 0, 94 %, 83 %, 6159 MiB, 49140 MiB, 289.54 W, 300.00 W, 72, 1725 MHz
2026/09/23 15:24:34.794, 0, 98 %, 88 %, 6159 MiB, 49140 MiB, 288.47 W, 300.00 W, 73, 2070 MHz
2026/09/23 15:24:35.795, 0, 97 %, 87 %, 6159 MiB, 49140 MiB, 289.77 W, 300.00 W, 74, 1755 MHz
2026/09/23 15:24:36.796, 0, 97 %, 86 %, 6159 MiB, 49140 MiB, 289.77 W, 300.00 W, 71, 2010 MHz
2026/09/23 15:24:37.797, 0, 96 %, 84 %, 6159 MiB, 49140 MiB, 288.85 W, 300.00 W, 73, 1710 MHz
2026/09/23 15:24:38.797, 0, 96 %, 84 %, 6159 MiB, 49140 MiB, 287.07 W, 300.00 W, 72, 2040 MHz
2026/09/23 15:24:39.798, 0, 98 %, 87 %, 6159 MiB, 49140 MiB, 289.56 W, 300.00 W, 74, 1785 MHz
2026/09/23 15:24:40.799, 0, 96 %, 81 %, 6159 MiB, 49140 MiB, 289.46 W, 300.00 W, 72, 1890 MHz
2026/09/23 15:24:41.800, 0, 98 %, 86 %, 6159 MiB, 49140 MiB, 289.02 W, 300.00 W, 73, 1650 MHz
2026/09/23 15:24:42.802, 0, 97 %, 82 %, 6159 MiB, 49140 MiB, 286.30 W, 300.00 W, 72, 2070 MHz
2026/09/23 15:24:43.803, 0, 97 %, 85 %, 6159 MiB, 49140 MiB, 289.57 W, 300.00 W, 74, 2085 MHz
2026/09/23 15:24:44.807, 0, 98 %, 81 %, 6159 MiB, 49140 MiB, 290.01 W, 300.00 W, 72, 1710 MHz
2026/09/23 15:24:45.807, 0, 93 %, 66 %, 6159 MiB, 49140 MiB, 295.39 W, 300.00 W, 73, 1680 MHz
2026/09/23 15:24:46.809, 0, 0 %, 0 %, 6159 MiB, 49140 MiB, 117.68 W, 300.00 W, 67, 2745 MHz
2026/09/23 15:24:47.809, 0, 96 %, 87 %, 6159 MiB, 49140 MiB, 133.49 W, 300.00 W, 71, 1845 MHz
2026/09/23 15:24:48.810, 0, 97 %, 82 %, 6159 MiB, 49140 MiB, 286.35 W, 300.00 W, 71, 2070 MHz
2026/09/23 15:24:49.811, 0, 97 %, 87 %, 6159 MiB, 49140 MiB, 288.51 W, 300.00 W, 73, 2055 MHz
2026/09/23 15:24:50.812, 0, 96 %, 84 %, 6159 MiB, 49140 MiB, 288.85 W, 300.00 W, 71, 1650 MHz
2026/09/23 15:24:51.813, 0, 96 %, 84 %, 6159 MiB, 49140 MiB, 287.72 W, 300.00 W, 72, 2055 MHz
2026/09/23 15:24:52.815, 0, 97 %, 86 %, 6159 MiB, 49140 MiB, 287.64 W, 300.00 W, 72, 1770 MHz
2026/09/23 15:24:53.815, 0, 97 %, 87 %, 6159 MiB, 49140 MiB, 289.58 W, 300.00 W, 73, 1965 MHz
2026/09/23 15:24:54.817, 0, 98 %, 87 %, 6159 MiB, 49140 MiB, 289.59 W, 300.00 W, 71, 1710 MHz
2026/09/23 15:24:55.818, 0, 97 %, 86 %, 6159 MiB, 49140 MiB, 287.93 W, 300.00 W, 72, 2115 MHz
2026/09/23 15:24:56.819, 0, 98 %, 87 %, 6159 MiB, 49140 MiB, 287.00 W, 300.00 W, 73, 1965 MHz
2026/09/23 15:24:57.820, 0, 96 %, 84 %, 6159 MiB, 49140 MiB, 288.37 W, 300.00 W, 72, 1980 MHz
2026/09/23 15:24:58.821, 0, 95 %, 85 %, 6159 MiB, 49140 MiB, 288.43 W, 300.00 W, 72, 1830 MHz
2026/09/23 15:24:59.822, 0, 97 %, 82 %, 6159 MiB, 49140 MiB, 287.32 W, 300.00 W, 72, 2055 MHz
2026/09/23 15:25:00.822, 0, 96 %, 86 %, 6159 MiB, 49140 MiB, 287.95 W, 300.00 W, 73, 2070 MHz
2026/09/23 15:25:01.824, 0, 97 %, 81 %, 6159 MiB, 49140 MiB, 289.21 W, 300.00 W, 72, 1755 MHz
2026/09/23 15:25:02.824, 0, 96 %, 84 %, 6159 MiB, 49140 MiB, 289.50 W, 300.00 W, 73, 1920 MHz
2026/09/23 15:25:03.825, 0, 97 %, 82 %, 6159 MiB, 49140 MiB, 286.84 W, 300.00 W, 72, 2040 MHz
2026/09/23 15:25:04.825, 0, 98 %, 86 %, 6159 MiB, 49140 MiB, 287.42 W, 300.00 W, 73, 1995 MHz
2026/09/23 15:25:05.828, 0, 98 %, 84 %, 6159 MiB, 49140 MiB, 289.74 W, 300.00 W, 73, 1815 MHz
2026/09/23 15:25:06.828, 0, 97 %, 87 %, 6159 MiB, 49140 MiB, 290.50 W, 300.00 W, 73, 1770 MHz
2026/09/23 15:25:07.829, 0, 97 %, 82 %, 6159 MiB, 49140 MiB, 287.77 W, 300.00 W, 72, 2085 MHz
2026/09/23 15:25:08.830, 0, 98 %, 86 %, 6159 MiB, 49140 MiB, 287.54 W, 300.00 W, 73, 2025 MHz
2026/09/23 15:25:09.832, 0, 94 %, 72 %, 6159 MiB, 49140 MiB, 290.14 W, 300.00 W, 72, 1740 MHz
2026/09/23 15:25:10.834, 0, 53 %, 37 %, 6159 MiB, 49140 MiB, 289.57 W, 300.00 W, 74, 2550 MHz
2026/09/23 15:25:11.835, 0, 0 %, 0 %, 6159 MiB, 49140 MiB, 98.53 W, 300.00 W, 67, 2745 MHz
2026/09/23 15:25:12.836, 0, 96 %, 86 %, 6159 MiB, 49140 MiB, 134.17 W, 300.00 W, 71, 2145 MHz
2026/09/23 15:25:13.836, 0, 98 %, 86 %, 6159 MiB, 49140 MiB, 287.48 W, 300.00 W, 73, 2040 MHz
2026/09/23 15:25:14.838, 0, 97 %, 81 %, 6159 MiB, 49140 MiB, 288.82 W, 300.00 W, 71, 1695 MHz
2026/09/23 15:25:15.840, 0, 96 %, 85 %, 6159 MiB, 49140 MiB, 288.28 W, 300.00 W, 72, 2040 MHz
2026/09/23 15:25:16.841, 0, 98 %, 87 %, 6159 MiB, 49140 MiB, 287.72 W, 300.00 W, 72, 1830 MHz
2026/09/23 15:25:17.841, 0, 90 %, 79 %, 6159 MiB, 49140 MiB, 288.27 W, 300.00 W, 72, 2025 MHz
2026/09/23 15:25:18.842, 0, 98 %, 86 %, 6159 MiB, 49140 MiB, 287.31 W, 300.00 W, 71, 1680 MHz
2026/09/23 15:25:19.843, 0, 96 %, 85 %, 6159 MiB, 49140 MiB, 288.05 W, 300.00 W, 72, 2130 MHz
2026/09/23 15:25:20.844, 0, 97 %, 86 %, 6159 MiB, 49140 MiB, 288.11 W, 300.00 W, 73, 1980 MHz
2026/09/23 15:25:21.845, 0, 95 %, 83 %, 6159 MiB, 49140 MiB, 288.06 W, 300.00 W, 72, 1980 MHz
2026/09/23 15:25:22.847, 0, 96 %, 87 %, 6159 MiB, 49140 MiB, 288.28 W, 300.00 W, 72, 1800 MHz
2026/09/23 15:25:23.847, 0, 97 %, 83 %, 6159 MiB, 49140 MiB, 288.18 W, 300.00 W, 72, 2115 MHz
2026/09/23 15:25:24.849, 0, 97 %, 86 %, 6159 MiB, 49140 MiB, 288.11 W, 300.00 W, 74, 2070 MHz
2026/09/23 15:25:25.853, 0, 98 %, 82 %, 6159 MiB, 49140 MiB, 289.00 W, 300.00 W, 72, 1725 MHz
2026/09/23 15:25:26.854, 0, 96 %, 86 %, 6159 MiB, 49140 MiB, 288.97 W, 300.00 W, 73, 1830 MHz
2026/09/23 15:25:27.854, 0, 97 %, 82 %, 6159 MiB, 49140 MiB, 287.62 W, 300.00 W, 72, 2085 MHz
2026/09/23 15:25:28.855, 0, 97 %, 86 %, 6159 MiB, 49140 MiB, 288.45 W, 300.00 W, 73, 1980 MHz
2026/09/23 15:25:29.856, 0, 96 %, 85 %, 6159 MiB, 49140 MiB, 287.99 W, 300.00 W, 73, 2025 MHz
2026/09/23 15:25:30.857, 0, 98 %, 83 %, 6159 MiB, 49140 MiB, 287.95 W, 300.00 W, 71, 1650 MHz
2026/09/23 15:25:31.857, 0, 96 %, 84 %, 6159 MiB, 49140 MiB, 288.56 W, 300.00 W, 72, 1890 MHz
2026/09/23 15:25:32.858, 0, 96 %, 87 %, 6159 MiB, 49140 MiB, 288.90 W, 300.00 W, 73, 1950 MHz
2026/09/23 15:25:33.859, 0, 97 %, 86 %, 6159 MiB, 49140 MiB, 289.45 W, 300.00 W, 73, 1635 MHz
2026/09/23 15:25:34.860, 0, 88 %, 72 %, 6159 MiB, 49140 MiB, 288.52 W, 300.00 W, 71, 2025 MHz
2026/09/23 15:25:35.861, 0, 52 %, 36 %, 6159 MiB, 49140 MiB, 287.06 W, 300.00 W, 74, 2685 MHz
2026/09/23 15:25:36.861, 0, 0 %, 0 %, 6159 MiB, 49140 MiB, 98.29 W, 300.00 W, 67, 2730 MHz
2026/09/23 15:25:37.862, 0, 98 %, 88 %, 6159 MiB, 49140 MiB, 150.66 W, 300.00 W, 71, 2070 MHz
2026/09/23 15:25:38.862, 0, 97 %, 86 %, 6159 MiB, 49140 MiB, 287.55 W, 300.00 W, 73, 1905 MHz
2026/09/23 15:25:39.864, 0, 97 %, 82 %, 6159 MiB, 49140 MiB, 288.60 W, 300.00 W, 71, 1965 MHz
2026/09/23 15:25:40.865, 0, 96 %, 85 %, 6159 MiB, 49140 MiB, 288.68 W, 300.00 W, 71, 1905 MHz
2026/09/23 15:25:41.865, 0, 97 %, 86 %, 6159 MiB, 49140 MiB, 288.69 W, 300.00 W, 72, 1995 MHz
2026/09/23 15:25:42.870, 0, 97 %, 87 %, 6159 MiB, 49140 MiB, 287.34 W, 300.00 W, 72, 1650 MHz
2026/09/23 15:25:43.870, 0, 97 %, 86 %, 6159 MiB, 49140 MiB, 289.31 W, 300.00 W, 73, 2100 MHz
2026/09/23 15:25:44.871, 0, 95 %, 83 %, 6159 MiB, 49140 MiB, 287.03 W, 300.00 W, 72, 1845 MHz
2026/09/23 15:25:45.872, 0, 97 %, 87 %, 6159 MiB, 49140 MiB, 287.80 W, 300.00 W, 73, 1950 MHz
2026/09/23 15:25:46.873, 0, 98 %, 87 %, 6159 MiB, 49140 MiB, 290.42 W, 300.00 W, 71, 1725 MHz
2026/09/23 15:25:47.873, 0, 98 %, 88 %, 6159 MiB, 49140 MiB, 289.66 W, 300.00 W, 73, 2100 MHz
2026/09/23 15:25:48.874, 0, 97 %, 85 %, 6159 MiB, 49140 MiB, 288.11 W, 300.00 W, 72, 1935 MHz
2026/09/23 15:25:49.876, 0, 89 %, 78 %, 6159 MiB, 49140 MiB, 285.75 W, 300.00 W, 73, 1770 MHz
2026/09/23 15:25:50.876, 0, 97 %, 87 %, 6159 MiB, 49140 MiB, 286.81 W, 300.00 W, 72, 1620 MHz
2026/09/23 15:25:51.877, 0, 98 %, 87 %, 6159 MiB, 49140 MiB, 291.34 W, 300.00 W, 73, 2115 MHz
2026/09/23 15:25:52.878, 0, 96 %, 85 %, 6159 MiB, 49140 MiB, 287.90 W, 300.00 W, 72, 1710 MHz
2026/09/23 15:25:53.879, 0, 97 %, 87 %, 6159 MiB, 49140 MiB, 286.90 W, 300.00 W, 73, 1995 MHz
2026/09/23 15:25:54.880, 0, 98 %, 87 %, 6159 MiB, 49140 MiB, 290.13 W, 300.00 W, 73, 1635 MHz
2026/09/23 15:25:55.881, 0, 98 %, 87 %, 6159 MiB, 49140 MiB, 290.85 W, 300.00 W, 73, 2100 MHz
2026/09/23 15:25:56.882, 0, 96 %, 84 %, 6159 MiB, 49140 MiB, 286.66 W, 300.00 W, 72, 2025 MHz
2026/09/23 15:25:57.884, 0, 96 %, 86 %, 6159 MiB, 49140 MiB, 288.56 W, 300.00 W, 74, 1980 MHz
2026/09/23 15:25:58.885, 0, 97 %, 87 %, 6159 MiB, 49140 MiB, 288.76 W, 300.00 W, 73, 1620 MHz
2026/09/23 15:25:59.886, 0, 83 %, 60 %, 6159 MiB, 49140 MiB, 289.61 W, 300.00 W, 73, 1725 MHz
2026/09/23 15:26:00.887, 0, 9 %, 0 %, 6159 MiB, 49140 MiB, 271.01 W, 300.00 W, 68, 2730 MHz
2026/09/23 15:26:01.887, 0, 0 %, 0 %, 6159 MiB, 49140 MiB, 87.43 W, 300.00 W, 66, 2730 MHz
2026/09/23 15:26:02.888, 0, 98 %, 88 %, 6159 MiB, 49140 MiB, 166.38 W, 300.00 W, 71, 2205 MHz
2026/09/23 15:26:03.889, 0, 97 %, 83 %, 6159 MiB, 49140 MiB, 286.08 W, 300.00 W, 72, 2085 MHz
2026/09/23 15:26:04.890, 0, 97 %, 86 %, 6159 MiB, 49140 MiB, 287.62 W, 300.00 W, 72, 1725 MHz
2026/09/23 15:26:05.891, 0, 97 %, 81 %, 6159 MiB, 49140 MiB, 288.43 W, 300.00 W, 71, 1845 MHz
2026/09/23 15:26:06.891, 0, 96 %, 85 %, 6159 MiB, 49140 MiB, 288.52 W, 300.00 W, 71, 2040 MHz
2026/09/23 15:26:07.893, 0, 97 %, 88 %, 6159 MiB, 49140 MiB, 287.97 W, 300.00 W, 73, 1965 MHz
2026/09/23 15:26:08.893, 0, 96 %, 85 %, 6159 MiB, 49140 MiB, 286.80 W, 300.00 W, 73, 1875 MHz
2026/09/23 15:26:09.894, 0, 97 %, 83 %, 6159 MiB, 49140 MiB, 288.58 W, 300.00 W, 71, 1815 MHz
2026/09/23 15:26:10.895, 0, 97 %, 87 %, 6159 MiB, 49140 MiB, 288.99 W, 300.00 W, 72, 1995 MHz
2026/09/23 15:26:11.896, 0, 97 %, 83 %, 6159 MiB, 49140 MiB, 287.91 W, 300.00 W, 72, 2085 MHz
2026/09/23 15:26:12.897, 0, 97 %, 86 %, 6159 MiB, 49140 MiB, 288.36 W, 300.00 W, 73, 1785 MHz
2026/09/23 15:26:13.898, 0, 97 %, 81 %, 6159 MiB, 49140 MiB, 289.24 W, 300.00 W, 72, 1800 MHz
2026/09/23 15:26:14.899, 0, 96 %, 85 %, 6159 MiB, 49140 MiB, 288.98 W, 300.00 W, 72, 1950 MHz
2026/09/23 15:26:15.900, 0, 98 %, 87 %, 6159 MiB, 49140 MiB, 288.05 W, 300.00 W, 73, 1890 MHz
2026/09/23 15:26:16.901, 0, 97 %, 86 %, 6159 MiB, 49140 MiB, 288.98 W, 300.00 W, 73, 1680 MHz
2026/09/23 15:26:17.902, 0, 97 %, 82 %, 6159 MiB, 49140 MiB, 289.52 W, 300.00 W, 72, 1905 MHz
2026/09/23 15:26:18.903, 0, 96 %, 86 %, 6159 MiB, 49140 MiB, 288.88 W, 300.00 W, 72, 2040 MHz
2026/09/23 15:26:19.904, 0, 98 %, 88 %, 6159 MiB, 49140 MiB, 288.69 W, 300.00 W, 73, 1620 MHz
2026/09/23 15:26:20.905, 0, 97 %, 87 %, 6159 MiB, 49140 MiB, 288.93 W, 300.00 W, 72, 2010 MHz
2026/09/23 15:26:21.905, 0, 96 %, 84 %, 6159 MiB, 49140 MiB, 289.81 W, 300.00 W, 73, 1890 MHz
2026/09/23 15:26:22.906, 0, 97 %, 86 %, 6159 MiB, 49140 MiB, 288.07 W, 300.00 W, 72, 2055 MHz
2026/09/23 15:26:23.907, 0, 97 %, 82 %, 6159 MiB, 49140 MiB, 287.08 W, 300.00 W, 73, 1875 MHz
2026/09/23 15:26:24.907, 0, 91 %, 64 %, 6159 MiB, 49140 MiB, 289.67 W, 300.00 W, 73, 1710 MHz
2026/09/23 15:26:25.908, 0, 9 %, 0 %, 6159 MiB, 49140 MiB, 260.15 W, 300.00 W, 67, 2505 MHz
2026/09/23 15:26:26.908, 0, 0 %, 0 %, 6159 MiB, 49140 MiB, 73.07 W, 300.00 W, 66, 2505 MHz
2026/09/23 15:26:27.909, 0, 97 %, 87 %, 6159 MiB, 49140 MiB, 127.62 W, 300.00 W, 72, 1695 MHz
2026/09/23 15:26:28.910, 0, 97 %, 85 %, 6159 MiB, 49140 MiB, 288.85 W, 300.00 W, 70, 2145 MHz
2026/09/23 15:26:29.911, 0, 98 %, 88 %, 6159 MiB, 49140 MiB, 288.89 W, 300.00 W, 71, 1950 MHz
2026/09/23 15:26:30.911, 0, 95 %, 84 %, 6159 MiB, 49140 MiB, 283.82 W, 300.00 W, 71, 1995 MHz
2026/09/23 15:26:31.913, 0, 97 %, 86 %, 6159 MiB, 49140 MiB, 287.02 W, 300.00 W, 73, 1665 MHz
2026/09/23 15:26:32.914, 0, 97 %, 86 %, 6159 MiB, 49140 MiB, 288.11 W, 300.00 W, 72, 2055 MHz
2026/09/23 15:26:33.915, 0, 90 %, 80 %, 6159 MiB, 49140 MiB, 287.00 W, 300.00 W, 71, 2130 MHz
2026/09/23 15:26:34.918, 0, 96 %, 84 %, 6159 MiB, 49140 MiB, 287.70 W, 300.00 W, 72, 1995 MHz
2026/09/23 15:26:35.919, 0, 97 %, 82 %, 6159 MiB, 49140 MiB, 285.61 W, 300.00 W, 72, 1935 MHz
2026/09/23 15:26:36.920, 0, 97 %, 86 %, 6159 MiB, 49140 MiB, 288.11 W, 300.00 W, 73, 1815 MHz
2026/09/23 15:26:37.921, 0, 97 %, 82 %, 6159 MiB, 49140 MiB, 289.76 W, 300.00 W, 71, 2100 MHz
2026/09/23 15:26:38.922, 0, 97 %, 86 %, 6159 MiB, 49140 MiB, 289.34 W, 300.00 W, 72, 2040 MHz
2026/09/23 15:26:39.923, 0, 98 %, 88 %, 6159 MiB, 49140 MiB, 288.99 W, 300.00 W, 74, 1650 MHz
2026/09/23 15:26:40.923, 0, 97 %, 85 %, 6159 MiB, 49140 MiB, 289.49 W, 300.00 W, 71, 2100 MHz
2026/09/23 15:26:41.924, 0, 97 %, 87 %, 6159 MiB, 49140 MiB, 289.45 W, 300.00 W, 73, 1920 MHz
2026/09/23 15:26:42.925, 0, 97 %, 82 %, 6159 MiB, 49140 MiB, 287.38 W, 300.00 W, 72, 1995 MHz
2026/09/23 15:26:43.926, 0, 97 %, 86 %, 6159 MiB, 49140 MiB, 288.68 W, 300.00 W, 73, 1785 MHz
2026/09/23 15:26:44.926, 0, 98 %, 81 %, 6159 MiB, 49140 MiB, 289.24 W, 300.00 W, 72, 2040 MHz
2026/09/23 15:26:45.927, 0, 95 %, 84 %, 6159 MiB, 49140 MiB, 288.85 W, 300.00 W, 72, 1980 MHz
2026/09/23 15:26:46.928, 0, 96 %, 85 %, 6159 MiB, 49140 MiB, 284.01 W, 300.00 W, 72, 1980 MHz
2026/09/23 15:26:47.928, 0, 97 %, 86 %, 6159 MiB, 49140 MiB, 288.31 W, 300.00 W, 74, 1710 MHz
2026/09/23 15:26:48.931, 0, 96 %, 86 %, 6159 MiB, 49140 MiB, 286.50 W, 300.00 W, 72, 2115 MHz
2026/09/23 15:26:49.932, 0, 92 %, 73 %, 6159 MiB, 49140 MiB, 289.31 W, 300.00 W, 73, 1695 MHz
2026/09/23 15:26:50.933, 0, 42 %, 28 %, 6159 MiB, 49140 MiB, 287.12 W, 300.00 W, 68, 2730 MHz
2026/09/23 15:26:51.934, 0, 0 %, 0 %, 6159 MiB, 49140 MiB, 96.21 W, 300.00 W, 66, 2745 MHz
2026/09/23 15:26:52.934, 0, 98 %, 87 %, 6159 MiB, 49140 MiB, 173.05 W, 300.00 W, 72, 1815 MHz
2026/09/23 15:26:53.935, 0, 96 %, 81 %, 6159 MiB, 49140 MiB, 288.57 W, 300.00 W, 70, 2220 MHz
2026/09/23 15:26:54.937, 0, 97 %, 85 %, 6159 MiB, 49140 MiB, 287.13 W, 300.00 W, 71, 1980 MHz
2026/09/23 15:26:55.938, 0, 98 %, 83 %, 6159 MiB, 49140 MiB, 286.14 W, 300.00 W, 72, 1830 MHz
2026/09/23 15:26:56.939, 0, 97 %, 87 %, 6159 MiB, 49140 MiB, 288.78 W, 300.00 W, 72, 1830 MHz
2026/09/23 15:26:57.940, 0, 98 %, 86 %, 6159 MiB, 49140 MiB, 289.23 W, 300.00 W, 73, 1815 MHz
2026/09/23 15:26:58.941, 0, 95 %, 84 %, 6159 MiB, 49140 MiB, 286.69 W, 300.00 W, 71, 1995 MHz
2026/09/23 15:26:59.941, 0, 97 %, 86 %, 6159 MiB, 49140 MiB, 287.99 W, 300.00 W, 74, 1695 MHz
2026/09/23 15:27:00.942, 0, 97 %, 85 %, 6159 MiB, 49140 MiB, 289.11 W, 300.00 W, 71, 2160 MHz
2026/09/23 15:27:01.943, 0, 97 %, 87 %, 6159 MiB, 49140 MiB, 288.26 W, 300.00 W, 73, 1755 MHz
2026/09/23 15:27:02.944, 0, 93 %, 82 %, 6159 MiB, 49140 MiB, 286.88 W, 300.00 W, 72, 1950 MHz
2026/09/23 15:27:03.947, 0, 98 %, 88 %, 6159 MiB, 49140 MiB, 287.36 W, 300.00 W, 74, 1650 MHz
2026/09/23 15:27:04.948, 0, 97 %, 86 %, 6159 MiB, 49140 MiB, 288.68 W, 300.00 W, 72, 2025 MHz
2026/09/23 15:27:05.949, 0, 98 %, 88 %, 6159 MiB, 49140 MiB, 290.59 W, 300.00 W, 73, 1710 MHz
2026/09/23 15:27:06.949, 0, 96 %, 86 %, 6159 MiB, 49140 MiB, 287.51 W, 300.00 W, 73, 1950 MHz
2026/09/23 15:27:07.950, 0, 97 %, 86 %, 6159 MiB, 49140 MiB, 288.95 W, 300.00 W, 74, 1725 MHz
2026/09/23 15:27:08.950, 0, 97 %, 85 %, 6159 MiB, 49140 MiB, 288.78 W, 300.00 W, 71, 2175 MHz
2026/09/23 15:27:09.952, 0, 98 %, 86 %, 6159 MiB, 49140 MiB, 287.79 W, 300.00 W, 72, 2175 MHz
2026/09/23 15:27:10.953, 0, 96 %, 85 %, 6159 MiB, 49140 MiB, 288.85 W, 300.00 W, 72, 1695 MHz
2026/09/23 15:27:11.954, 0, 98 %, 87 %, 6159 MiB, 49140 MiB, 288.03 W, 300.00 W, 73, 1845 MHz
2026/09/23 15:27:12.955, 0, 97 %, 86 %, 6159 MiB, 49140 MiB, 289.39 W, 300.00 W, 73, 2115 MHz
2026/09/23 15:27:13.958, 0, 97 %, 84 %, 6159 MiB, 49140 MiB, 289.96 W, 300.00 W, 73, 2010 MHz
2026/09/23 15:27:14.959, 0, 94 %, 67 %, 6159 MiB, 49140 MiB, 291.73 W, 300.00 W, 74, 1650 MHz
2026/09/23 15:27:15.960, 0, 7 %, 0 %, 6159 MiB, 49140 MiB, 250.72 W, 300.00 W, 67, 2745 MHz
2026/09/23 15:27:16.960, 0, 0 %, 0 %, 6159 MiB, 49140 MiB, 87.36 W, 300.00 W, 66, 2745 MHz
2026/09/23 15:27:17.961, 0, 98 %, 88 %, 6159 MiB, 49140 MiB, 205.25 W, 300.00 W, 73, 2055 MHz
2026/09/23 15:27:18.962, 0, 97 %, 84 %, 6159 MiB, 49140 MiB, 288.19 W, 300.00 W, 70, 1845 MHz
2026/09/23 15:27:19.963, 0, 98 %, 88 %, 6159 MiB, 49140 MiB, 288.45 W, 300.00 W, 72, 1950 MHz
2026/09/23 15:27:20.963, 0, 95 %, 84 %, 6159 MiB, 49140 MiB, 285.22 W, 300.00 W, 71, 1635 MHz
2026/09/23 15:27:21.964, 0, 98 %, 88 %, 6159 MiB, 49140 MiB, 285.94 W, 300.00 W, 73, 1860 MHz
2026/09/23 15:27:22.965, 0, 97 %, 87 %, 6159 MiB, 49140 MiB, 286.76 W, 300.00 W, 72, 2100 MHz
2026/09/23 15:27:23.966, 0, 98 %, 85 %, 6159 MiB, 49140 MiB, 289.07 W, 300.00 W, 72, 2025 MHz
2026/09/23 15:27:24.967, 0, 90 %, 79 %, 6159 MiB, 49140 MiB, 286.61 W, 300.00 W, 72, 1965 MHz
2026/09/23 15:27:25.967, 0, 96 %, 82 %, 6159 MiB, 49140 MiB, 284.56 W, 300.00 W, 72, 1770 MHz
2026/09/23 15:27:26.968, 0, 97 %, 86 %, 6159 MiB, 49140 MiB, 288.28 W, 300.00 W, 73, 2160 MHz
2026/09/23 15:27:27.969, 0, 97 %, 83 %, 6159 MiB, 49140 MiB, 289.27 W, 300.00 W, 71, 1935 MHz
2026/09/23 15:27:28.970, 0, 93 %, 84 %, 6159 MiB, 49140 MiB, 288.03 W, 300.00 W, 73, 1950 MHz
2026/09/23 15:27:29.971, 0, 97 %, 85 %, 6159 MiB, 49140 MiB, 287.24 W, 300.00 W, 72, 1680 MHz
2026/09/23 15:27:30.972, 0, 98 %, 86 %, 6159 MiB, 49140 MiB, 288.22 W, 300.00 W, 73, 2235 MHz
2026/09/23 15:27:31.972, 0, 97 %, 84 %, 6159 MiB, 49140 MiB, 288.79 W, 300.00 W, 71, 1695 MHz
2026/09/23 15:27:32.973, 0, 98 %, 87 %, 6159 MiB, 49140 MiB, 289.74 W, 300.00 W, 72, 1935 MHz
2026/09/23 15:27:33.974, 0, 95 %, 83 %, 6159 MiB, 49140 MiB, 286.07 W, 300.00 W, 72, 1650 MHz
2026/09/23 15:27:34.975, 0, 97 %, 86 %, 6159 MiB, 49140 MiB, 287.90 W, 300.00 W, 74, 2115 MHz
2026/09/23 15:27:35.975, 0, 97 %, 84 %, 6159 MiB, 49140 MiB, 288.27 W, 300.00 W, 72, 1710 MHz
2026/09/23 15:27:36.977, 0, 98 %, 87 %, 6159 MiB, 49140 MiB, 289.04 W, 300.00 W, 73, 1920 MHz
2026/09/23 15:27:37.978, 0, 97 %, 84 %, 6159 MiB, 49140 MiB, 287.48 W, 300.00 W, 73, 1725 MHz
2026/09/23 15:27:38.979, 0, 94 %, 84 %, 6159 MiB, 49140 MiB, 288.20 W, 300.00 W, 74, 2145 MHz
2026/09/23 15:27:39.980, 0, 95 %, 66 %, 6159 MiB, 49140 MiB, 290.06 W, 300.00 W, 75, 1650 MHz
2026/09/23 15:27:40.981, 0, 0 %, 0 %, 6159 MiB, 49140 MiB, 219.27 W, 300.00 W, 67, 2505 MHz
2026/09/23 15:27:41.983, 0, 98 %, 84 %, 6159 MiB, 49140 MiB, 190.40 W, 300.00 W, 72, 2085 MHz
2026/09/23 15:27:42.984, 0, 94 %, 83 %, 6159 MiB, 49140 MiB, 289.35 W, 300.00 W, 72, 1710 MHz
2026/09/23 15:27:43.985, 0, 97 %, 87 %, 6159 MiB, 49140 MiB, 286.91 W, 300.00 W, 73, 1905 MHz
2026/09/23 15:27:44.986, 0, 98 %, 87 %, 6159 MiB, 49140 MiB, 288.57 W, 300.00 W, 72, 1950 MHz
2026/09/23 15:27:45.987, 0, 98 %, 84 %, 6159 MiB, 49140 MiB, 290.63 W, 300.00 W, 73, 2040 MHz
2026/09/23 15:27:46.987, 0, 94 %, 83 %, 6159 MiB, 49140 MiB, 288.79 W, 300.00 W, 72, 1725 MHz
2026/09/23 15:27:47.988, 0, 97 %, 87 %, 6159 MiB, 49140 MiB, 288.78 W, 300.00 W, 74, 1890 MHz
2026/09/23 15:27:48.989, 0, 98 %, 87 %, 6159 MiB, 49140 MiB, 289.86 W, 300.00 W, 72, 1965 MHz
2026/09/23 15:27:49.989, 0, 98 %, 87 %, 6159 MiB, 49140 MiB, 290.98 W, 300.00 W, 73, 1875 MHz
2026/09/23 15:27:50.990, 0, 96 %, 85 %, 6159 MiB, 49140 MiB, 287.58 W, 300.00 W, 72, 1620 MHz
2026/09/23 15:27:51.992, 0, 97 %, 86 %, 6159 MiB, 49140 MiB, 287.33 W, 300.00 W, 73, 1830 MHz
2026/09/23 15:27:52.992, 0, 97 %, 86 %, 6159 MiB, 49140 MiB, 289.95 W, 300.00 W, 73, 1980 MHz
2026/09/23 15:27:53.994, 0, 97 %, 84 %, 6159 MiB, 49140 MiB, 289.73 W, 300.00 W, 73, 2010 MHz
2026/09/23 15:27:54.995, 0, 97 %, 86 %, 6159 MiB, 49140 MiB, 287.81 W, 300.00 W, 73, 1935 MHz
2026/09/23 15:27:55.996, 0, 91 %, 82 %, 6159 MiB, 49140 MiB, 285.61 W, 300.00 W, 72, 1695 MHz
2026/09/23 15:27:56.997, 0, 98 %, 88 %, 6159 MiB, 49140 MiB, 287.70 W, 300.00 W, 74, 1890 MHz
2026/09/23 15:27:57.998, 0, 98 %, 86 %, 6159 MiB, 49140 MiB, 290.59 W, 300.00 W, 72, 1965 MHz
2026/09/23 15:27:58.999, 0, 97 %, 84 %, 6159 MiB, 49140 MiB, 290.11 W, 300.00 W, 73, 1710 MHz
2026/09/23 15:28:00.000, 0, 96 %, 84 %, 6159 MiB, 49140 MiB, 288.71 W, 300.00 W, 72, 1845 MHz
2026/09/23 15:28:01.001, 0, 97 %, 87 %, 6159 MiB, 49140 MiB, 287.81 W, 300.00 W, 74, 2010 MHz
2026/09/23 15:28:02.001, 0, 98 %, 87 %, 6159 MiB, 49140 MiB, 286.92 W, 300.00 W, 73, 2010 MHz
2026/09/23 15:28:03.002, 0, 97 %, 83 %, 6159 MiB, 49140 MiB, 289.18 W, 300.00 W, 72, 1770 MHz
2026/09/23 15:28:04.003, 0, 93 %, 68 %, 6159 MiB, 49140 MiB, 290.94 W, 300.00 W, 74, 1635 MHz
2026/09/23 15:28:05.004, 0, 0 %, 0 %, 6159 MiB, 49140 MiB, 234.89 W, 300.00 W, 67, 2745 MHz
2026/09/23 15:28:06.004, 0, 0 %, 0 %, 6159 MiB, 49140 MiB, 87.65 W, 300.00 W, 67, 2745 MHz
2026/09/23 15:28:07.005, 0, 96 %, 83 %, 6159 MiB, 49140 MiB, 196.36 W, 300.00 W, 72, 1785 MHz
2026/09/23 15:28:08.007, 0, 95 %, 84 %, 6159 MiB, 49140 MiB, 287.71 W, 300.00 W, 71, 1860 MHz
2026/09/23 15:28:09.007, 0, 97 %, 87 %, 6159 MiB, 49140 MiB, 286.97 W, 300.00 W, 73, 1950 MHz
2026/09/23 15:28:10.008, 0, 97 %, 84 %, 6159 MiB, 49140 MiB, 287.43 W, 300.00 W, 71, 1965 MHz
2026/09/23 15:28:11.008, 0, 98 %, 86 %, 6159 MiB, 49140 MiB, 288.59 W, 300.00 W, 72, 1800 MHz
2026/09/23 15:28:12.009, 0, 96 %, 82 %, 6159 MiB, 49140 MiB, 284.96 W, 300.00 W, 72, 2175 MHz
2026/09/23 15:28:13.010, 0, 90 %, 79 %, 6159 MiB, 49140 MiB, 287.35 W, 300.00 W, 73, 1710 MHz
2026/09/23 15:28:14.011, 0, 98 %, 84 %, 6159 MiB, 49140 MiB, 287.16 W, 300.00 W, 71, 1950 MHz
2026/09/23 15:28:15.011, 0, 98 %, 87 %, 6159 MiB, 49140 MiB, 288.10 W, 300.00 W, 72, 1710 MHz
2026/09/23 15:28:16.012, 0, 95 %, 83 %, 6159 MiB, 49140 MiB, 284.87 W, 300.00 W, 72, 1920 MHz
2026/09/23 15:28:17.013, 0, 98 %, 87 %, 6159 MiB, 49140 MiB, 288.77 W, 300.00 W, 74, 1980 MHz
2026/09/23 15:28:18.014, 0, 98 %, 87 %, 6159 MiB, 49140 MiB, 287.36 W, 300.00 W, 73, 2085 MHz
2026/09/23 15:28:19.015, 0, 92 %, 80 %, 6159 MiB, 49140 MiB, 288.07 W, 300.00 W, 72, 1935 MHz
2026/09/23 15:28:20.016, 0, 96 %, 85 %, 6159 MiB, 49140 MiB, 287.37 W, 300.00 W, 72, 1800 MHz
2026/09/23 15:28:21.016, 0, 97 %, 83 %, 6159 MiB, 49140 MiB, 286.95 W, 300.00 W, 72, 2130 MHz
2026/09/23 15:28:22.017, 0, 98 %, 87 %, 6159 MiB, 49140 MiB, 288.66 W, 300.00 W, 73, 1905 MHz
2026/09/23 15:28:23.018, 0, 94 %, 81 %, 6159 MiB, 49140 MiB, 289.59 W, 300.00 W, 71, 2010 MHz
2026/09/23 15:28:24.019, 0, 97 %, 87 %, 6159 MiB, 49140 MiB, 288.71 W, 300.00 W, 73, 1725 MHz
2026/09/23 15:28:25.020, 0, 96 %, 83 %, 6159 MiB, 49140 MiB, 287.36 W, 300.00 W, 73, 2190 MHz
2026/09/23 15:28:26.020, 0, 97 %, 86 %, 6159 MiB, 49140 MiB, 288.24 W, 300.00 W, 73, 1710 MHz
2026/09/23 15:28:27.021, 0, 97 %, 84 %, 6159 MiB, 49140 MiB, 289.59 W, 300.00 W, 71, 1950 MHz
2026/09/23 15:28:28.022, 0, 98 %, 86 %, 6159 MiB, 49140 MiB, 288.48 W, 300.00 W, 73, 1740 MHz
2026/09/23 15:28:29.023, 0, 91 %, 64 %, 6159 MiB, 49140 MiB, 289.02 W, 300.00 W, 73, 1650 MHz
2026/09/23 15:28:30.024, 0, 0 %, 0 %, 6159 MiB, 49140 MiB, 211.43 W, 300.00 W, 67, 2745 MHz
2026/09/23 15:28:31.024, 0, 97 %, 88 %, 6159 MiB, 49140 MiB, 204.22 W, 300.00 W, 72, 1785 MHz
2026/09/23 15:28:32.026, 0, 98 %, 88 %, 6159 MiB, 49140 MiB, 288.71 W, 300.00 W, 73, 2040 MHz
2026/09/23 15:28:33.027, 0, 98 %, 87 %, 6159 MiB, 49140 MiB, 284.63 W, 300.00 W, 73, 1830 MHz
2026/09/23 15:28:34.028, 0, 98 %, 86 %, 6159 MiB, 49140 MiB, 288.84 W, 300.00 W, 71, 2040 MHz
2026/09/23 15:28:35.029, 0, 97 %, 83 %, 6159 MiB, 49140 MiB, 287.68 W, 300.00 W, 72, 1755 MHz
2026/09/23 15:28:36.031, 0, 97 %, 89 %, 6159 MiB, 49140 MiB, 286.77 W, 300.00 W, 73, 2145 MHz
2026/09/23 15:28:37.032, 0, 98 %, 84 %, 6159 MiB, 49140 MiB, 288.24 W, 300.00 W, 72, 2100 MHz
2026/09/23 15:28:38.032, 0, 98 %, 88 %, 6159 MiB, 49140 MiB, 288.76 W, 300.00 W, 72, 1890 MHz
2026/09/23 15:28:39.033, 0, 96 %, 83 %, 6159 MiB, 49140 MiB, 285.82 W, 300.00 W, 72, 1800 MHz
2026/09/23 15:28:40.034, 0, 97 %, 88 %, 6159 MiB, 49140 MiB, 287.50 W, 300.00 W, 73, 2130 MHz
2026/09/23 15:28:41.035, 0, 98 %, 84 %, 6159 MiB, 49140 MiB, 289.21 W, 300.00 W, 73, 2010 MHz
2026/09/23 15:28:42.036, 0, 96 %, 86 %, 6159 MiB, 49140 MiB, 288.38 W, 300.00 W, 71, 2010 MHz
2026/09/23 15:28:43.037, 0, 95 %, 85 %, 6159 MiB, 49140 MiB, 286.43 W, 300.00 W, 73, 1680 MHz
2026/09/23 15:28:44.038, 0, 97 %, 87 %, 6159 MiB, 49140 MiB, 288.43 W, 300.00 W, 72, 2130 MHz
2026/09/23 15:28:45.039, 0, 97 %, 88 %, 6159 MiB, 49140 MiB, 289.66 W, 300.00 W, 74, 1710 MHz
2026/09/23 15:28:46.040, 0, 97 %, 81 %, 6159 MiB, 49140 MiB, 288.30 W, 300.00 W, 71, 1920 MHz
2026/09/23 15:28:47.040, 0, 96 %, 86 %, 6159 MiB, 49140 MiB, 287.32 W, 300.00 W, 73, 1815 MHz
2026/09/23 15:28:48.041, 0, 97 %, 84 %, 6159 MiB, 49140 MiB, 286.04 W, 300.00 W, 72, 2025 MHz
2026/09/23 15:28:49.042, 0, 95 %, 84 %, 6159 MiB, 49140 MiB, 287.49 W, 300.00 W, 74, 2025 MHz
2026/09/23 15:28:50.043, 0, 98 %, 81 %, 6159 MiB, 49140 MiB, 289.14 W, 300.00 W, 72, 1770 MHz
2026/09/23 15:28:51.043, 0, 97 %, 87 %, 6159 MiB, 49140 MiB, 288.91 W, 300.00 W, 73, 1800 MHz
2026/09/23 15:28:52.044, 0, 93 %, 81 %, 6159 MiB, 49140 MiB, 286.80 W, 300.00 W, 72, 2145 MHz
2026/09/23 15:28:53.045, 0, 95 %, 67 %, 6159 MiB, 49140 MiB, 289.55 W, 300.00 W, 74, 1605 MHz
2026/09/23 15:28:54.046, 0, 0 %, 0 %, 6159 MiB, 49140 MiB, 228.41 W, 300.00 W, 68, 2745 MHz
2026/09/23 15:28:55.047, 0, 0 %, 0 %, 6159 MiB, 49140 MiB, 87.94 W, 300.00 W, 67, 2745 MHz
2026/09/23 15:28:56.047, 0, 98 %, 89 %, 6159 MiB, 49140 MiB, 208.63 W, 300.00 W, 71, 2085 MHz
2026/09/23 15:28:57.048, 0, 98 %, 87 %, 6159 MiB, 49140 MiB, 287.07 W, 300.00 W, 72, 2025 MHz
2026/09/23 15:28:58.049, 0, 97 %, 88 %, 6159 MiB, 49140 MiB, 287.99 W, 300.00 W, 71, 1815 MHz
2026/09/23 15:28:59.050, 0, 97 %, 83 %, 6159 MiB, 49140 MiB, 285.92 W, 300.00 W, 72, 2160 MHz
2026/09/23 15:29:00.051, 0, 98 %, 87 %, 6159 MiB, 49140 MiB, 287.14 W, 300.00 W, 73, 2025 MHz
2026/09/23 15:29:01.052, 0, 97 %, 84 %, 6159 MiB, 49140 MiB, 286.57 W, 300.00 W, 72, 1995 MHz
2026/09/23 15:29:02.053, 0, 95 %, 85 %, 6159 MiB, 49140 MiB, 288.14 W, 300.00 W, 71, 1740 MHz
2026/09/23 15:29:03.053, 0, 94 %, 84 %, 6159 MiB, 49140 MiB, 286.36 W, 300.00 W, 72, 2130 MHz
2026/09/23 15:29:04.055, 0, 98 %, 88 %, 6159 MiB, 49140 MiB, 288.30 W, 300.00 W, 73, 1965 MHz
2026/09/23 15:29:05.055, 0, 98 %, 84 %, 6159 MiB, 49140 MiB, 288.36 W, 300.00 W, 72, 1950 MHz
2026/09/23 15:29:06.056, 0, 96 %, 87 %, 6159 MiB, 49140 MiB, 289.07 W, 300.00 W, 72, 1815 MHz
2026/09/23 15:29:07.057, 0, 95 %, 84 %, 6159 MiB, 49140 MiB, 284.81 W, 300.00 W, 72, 2130 MHz
2026/09/23 15:29:08.058, 0, 98 %, 89 %, 6159 MiB, 49140 MiB, 287.66 W, 300.00 W, 72, 1950 MHz
2026/09/23 15:29:09.058, 0, 97 %, 83 %, 6159 MiB, 49140 MiB, 289.89 W, 300.00 W, 72, 1995 MHz
2026/09/23 15:29:10.059, 0, 97 %, 88 %, 6159 MiB, 49140 MiB, 290.12 W, 300.00 W, 72, 1770 MHz
2026/09/23 15:29:11.060, 0, 97 %, 82 %, 6159 MiB, 49140 MiB, 287.00 W, 300.00 W, 72, 2085 MHz
2026/09/23 15:29:12.061, 0, 98 %, 87 %, 6159 MiB, 49140 MiB, 288.83 W, 300.00 W, 73, 2010 MHz
2026/09/23 15:29:13.062, 0, 98 %, 81 %, 6159 MiB, 49140 MiB, 289.07 W, 300.00 W, 73, 1800 MHz
2026/09/23 15:29:14.062, 0, 96 %, 86 %, 6159 MiB, 49140 MiB, 289.52 W, 300.00 W, 73, 1830 MHz
2026/09/23 15:29:15.064, 0, 98 %, 86 %, 6159 MiB, 49140 MiB, 287.59 W, 300.00 W, 72, 1830 MHz
2026/09/23 15:29:16.065, 0, 97 %, 87 %, 6159 MiB, 49140 MiB, 288.28 W, 300.00 W, 74, 2085 MHz
2026/09/23 15:29:17.066, 0, 97 %, 81 %, 6159 MiB, 49140 MiB, 289.74 W, 300.00 W, 71, 1635 MHz
2026/09/23 15:29:18.066, 0, 91 %, 65 %, 6159 MiB, 49140 MiB, 289.64 W, 300.00 W, 73, 1695 MHz
2026/09/23 15:29:19.067, 0, 0 %, 0 %, 6159 MiB, 49140 MiB, 196.91 W, 300.00 W, 67, 2505 MHz
2026/09/23 15:29:20.069, 0, 0 %, 0 %, 6159 MiB, 49140 MiB, 72.36 W, 300.00 W, 66, 2505 MHz
2026/09/23 15:29:21.070, 0, 96 %, 86 %, 6159 MiB, 49140 MiB, 217.32 W, 300.00 W, 72, 1680 MHz
2026/09/23 15:29:22.070, 0, 98 %, 86 %, 6159 MiB, 49140 MiB, 286.74 W, 300.00 W, 72, 1875 MHz
2026/09/23 15:29:23.071, 0, 97 %, 87 %, 6159 MiB, 49140 MiB, 288.49 W, 300.00 W, 73, 2010 MHz
2026/09/23 15:29:24.071, 0, 97 %, 85 %, 6159 MiB, 49140 MiB, 288.76 W, 300.00 W, 70, 1710 MHz
2026/09/23 15:29:25.073, 0, 96 %, 84 %, 6159 MiB, 49140 MiB, 287.35 W, 300.00 W, 72, 2130 MHz
2026/09/23 15:29:26.074, 0, 98 %, 87 %, 6159 MiB, 49140 MiB, 286.84 W, 300.00 W, 72, 1725 MHz
2026/09/23 15:29:27.075, 0, 98 %, 87 %, 6159 MiB, 49140 MiB, 288.78 W, 300.00 W, 73, 2025 MHz
2026/09/23 15:29:28.075, 0, 97 %, 83 %, 6159 MiB, 49140 MiB, 288.42 W, 300.00 W, 71, 1650 MHz
2026/09/23 15:29:29.077, 0, 94 %, 84 %, 6159 MiB, 49140 MiB, 288.96 W, 300.00 W, 72, 2100 MHz
2026/09/23 15:29:30.078, 0, 98 %, 84 %, 6159 MiB, 49140 MiB, 285.65 W, 300.00 W, 72, 2010 MHz
2026/09/23 15:29:31.078, 0, 97 %, 87 %, 6159 MiB, 49140 MiB, 287.56 W, 300.00 W, 74, 2055 MHz
2026/09/23 15:29:32.079, 0, 97 %, 81 %, 6159 MiB, 49140 MiB, 287.71 W, 300.00 W, 72, 1755 MHz
2026/09/23 15:29:33.080, 0, 98 %, 89 %, 6159 MiB, 49140 MiB, 287.98 W, 300.00 W, 72, 1800 MHz
2026/09/23 15:29:34.081, 0, 96 %, 84 %, 6159 MiB, 49140 MiB, 285.36 W, 300.00 W, 72, 2130 MHz
2026/09/23 15:29:35.082, 0, 97 %, 88 %, 6159 MiB, 49140 MiB, 287.19 W, 300.00 W, 73, 1950 MHz
2026/09/23 15:29:36.082, 0, 98 %, 88 %, 6159 MiB, 49140 MiB, 287.18 W, 300.00 W, 73, 1965 MHz
2026/09/23 15:29:37.084, 0, 98 %, 86 %, 6159 MiB, 49140 MiB, 289.92 W, 300.00 W, 71, 2100 MHz
2026/09/23 15:29:38.085, 0, 95 %, 84 %, 6159 MiB, 49140 MiB, 287.45 W, 300.00 W, 72, 1680 MHz
2026/09/23 15:29:39.087, 0, 98 %, 87 %, 6159 MiB, 49140 MiB, 287.62 W, 300.00 W, 72, 1890 MHz
2026/09/23 15:29:40.088, 0, 98 %, 88 %, 6159 MiB, 49140 MiB, 289.06 W, 300.00 W, 74, 1890 MHz
2026/09/23 15:29:41.089, 0, 97 %, 80 %, 6159 MiB, 49140 MiB, 288.09 W, 300.00 W, 71, 1785 MHz
2026/09/23 15:29:42.090, 0, 95 %, 85 %, 6159 MiB, 49140 MiB, 289.04 W, 300.00 W, 73, 1980 MHz
2026/09/23 15:29:43.090, 0, 92 %, 64 %, 6159 MiB, 49140 MiB, 291.94 W, 300.00 W, 74, 1710 MHz
2026/09/23 15:29:44.091, 0, 0 %, 0 %, 6159 MiB, 49140 MiB, 180.51 W, 300.00 W, 67, 2745 MHz
2026/09/23 15:29:45.092, 0, 95 %, 85 %, 6159 MiB, 49140 MiB, 218.31 W, 300.00 W, 72, 1950 MHz
2026/09/23 15:29:46.094, 0, 95 %, 85 %, 6159 MiB, 49140 MiB, 287.74 W, 300.00 W, 72, 2010 MHz
2026/09/23 15:29:47.096, 0, 97 %, 87 %, 6159 MiB, 49140 MiB, 288.18 W, 300.00 W, 74, 1695 MHz
2026/09/23 15:29:48.097, 0, 97 %, 82 %, 6159 MiB, 49140 MiB, 288.52 W, 300.00 W, 72, 1965 MHz
2026/09/23 15:29:49.098, 0, 94 %, 84 %, 6159 MiB, 49140 MiB, 288.50 W, 300.00 W, 72, 2220 MHz
2026/09/23 15:29:50.099, 0, 96 %, 83 %, 6159 MiB, 49140 MiB, 283.81 W, 300.00 W, 72, 1965 MHz
2026/09/23 15:29:51.101, 0, 96 %, 87 %, 6159 MiB, 49140 MiB, 286.39 W, 300.00 W, 74, 2010 MHz
2026/09/23 15:29:52.104, 0, 98 %, 87 %, 6159 MiB, 49140 MiB, 287.55 W, 300.00 W, 72, 1695 MHz
2026/09/23 15:29:53.104, 0, 98 %, 81 %, 6159 MiB, 49140 MiB, 287.31 W, 300.00 W, 73, 1920 MHz
2026/09/23 15:29:54.107, 0, 95 %, 85 %, 6159 MiB, 49140 MiB, 288.90 W, 300.00 W, 72, 1890 MHz
2026/09/23 15:29:55.108, 0, 96 %, 85 %, 6159 MiB, 49140 MiB, 286.59 W, 300.00 W, 73, 1965 MHz
2026/09/23 15:29:56.111, 0, 97 %, 88 %, 6159 MiB, 49140 MiB, 287.16 W, 300.00 W, 73, 1695 MHz
2026/09/23 15:29:57.112, 0, 97 %, 81 %, 6159 MiB, 49140 MiB, 288.98 W, 300.00 W, 71, 1800 MHz
2026/09/23 15:29:58.113, 0, 96 %, 87 %, 6159 MiB, 49140 MiB, 289.28 W, 300.00 W, 73, 2010 MHz
2026/09/23 15:29:59.115, 0, 98 %, 83 %, 6159 MiB, 49140 MiB, 287.57 W, 300.00 W, 72, 2040 MHz
2026/09/23 15:30:00.115, 0, 98 %, 88 %, 6159 MiB, 49140 MiB, 289.46 W, 300.00 W, 73, 1755 MHz
2026/09/23 15:30:01.117, 0, 97 %, 83 %, 6159 MiB, 49140 MiB, 287.40 W, 300.00 W, 71, 1815 MHz
2026/09/23 15:30:02.119, 0, 97 %, 88 %, 6159 MiB, 49140 MiB, 290.08 W, 300.00 W, 73, 2175 MHz
2026/09/23 15:30:03.119, 0, 96 %, 83 %, 6159 MiB, 49140 MiB, 286.89 W, 300.00 W, 72, 1800 MHz
2026/09/23 15:30:04.120, 0, 97 %, 87 %, 6159 MiB, 49140 MiB, 288.43 W, 300.00 W, 74, 1995 MHz
2026/09/23 15:30:05.121, 0, 98 %, 84 %, 6159 MiB, 49140 MiB, 288.67 W, 300.00 W, 72, 1785 MHz
2026/09/23 15:30:06.122, 0, 97 %, 88 %, 6159 MiB, 49140 MiB, 289.74 W, 300.00 W, 73, 2115 MHz
2026/09/23 15:30:07.123, 0, 94 %, 64 %, 6159 MiB, 49140 MiB, 291.22 W, 300.00 W, 74, 1605 MHz
2026/09/23 15:30:08.123, 0, 0 %, 0 %, 6159 MiB, 49140 MiB, 214.35 W, 300.00 W, 67, 2745 MHz
2026/09/23 15:30:09.125, 0, 97 %, 88 %, 6159 MiB, 49140 MiB, 209.26 W, 300.00 W, 73, 1950 MHz
2026/09/23 15:30:10.126, 0, 95 %, 81 %, 6159 MiB, 49140 MiB, 287.90 W, 300.00 W, 71, 1830 MHz
2026/09/23 15:30:11.126, 0, 97 %, 88 %, 6159 MiB, 49140 MiB, 289.03 W, 300.00 W, 73, 2130 MHz
2026/09/23 15:30:12.127, 0, 95 %, 83 %, 6159 MiB, 49140 MiB, 286.24 W, 300.00 W, 72, 1785 MHz
2026/09/23 15:30:13.127, 0, 97 %, 86 %, 6159 MiB, 49140 MiB, 286.86 W, 300.00 W, 73, 1920 MHz
2026/09/23 15:30:14.128, 0, 97 %, 88 %, 6159 MiB, 49140 MiB, 289.60 W, 300.00 W, 73, 1665 MHz
2026/09/23 15:30:15.129, 0, 97 %, 80 %, 6159 MiB, 49140 MiB, 288.28 W, 300.00 W, 71, 1815 MHz
2026/09/23 15:30:16.130, 0, 97 %, 87 %, 6159 MiB, 49140 MiB, 288.78 W, 300.00 W, 73, 2085 MHz
2026/09/23 15:30:17.131, 0, 97 %, 83 %, 6159 MiB, 49140 MiB, 286.67 W, 300.00 W, 72, 1950 MHz
2026/09/23 15:30:18.132, 0, 97 %, 86 %, 6159 MiB, 49140 MiB, 289.27 W, 300.00 W, 73, 1905 MHz
2026/09/23 15:30:19.134, 0, 98 %, 84 %, 6159 MiB, 49140 MiB, 287.41 W, 300.00 W, 71, 1770 MHz
2026/09/23 15:30:20.134, 0, 98 %, 88 %, 6159 MiB, 49140 MiB, 290.02 W, 300.00 W, 73, 2115 MHz
2026/09/23 15:30:21.135, 0, 95 %, 82 %, 6159 MiB, 49140 MiB, 287.35 W, 300.00 W, 72, 1965 MHz
2026/09/23 15:30:22.136, 0, 97 %, 86 %, 6159 MiB, 49140 MiB, 286.10 W, 300.00 W, 74, 1935 MHz
2026/09/23 15:30:23.137, 0, 97 %, 87 %, 6159 MiB, 49140 MiB, 288.82 W, 300.00 W, 73, 1740 MHz
2026/09/23 15:30:24.138, 0, 97 %, 81 %, 6159 MiB, 49140 MiB, 288.08 W, 300.00 W, 71, 1815 MHz
2026/09/23 15:30:25.141, 0, 97 %, 88 %, 6159 MiB, 49140 MiB, 290.51 W, 300.00 W, 73, 2130 MHz
2026/09/23 15:30:26.142, 0, 98 %, 84 %, 6159 MiB, 49140 MiB, 288.08 W, 300.00 W, 72, 1935 MHz
2026/09/23 15:30:27.142, 0, 98 %, 87 %, 6159 MiB, 49140 MiB, 288.34 W, 300.00 W, 74, 1830 MHz
2026/09/23 15:30:28.144, 0, 97 %, 83 %, 6159 MiB, 49140 MiB, 289.02 W, 300.00 W, 72, 2115 MHz
2026/09/23 15:30:29.144, 0, 97 %, 87 %, 6159 MiB, 49140 MiB, 289.24 W, 300.00 W, 73, 1710 MHz
2026/09/23 15:30:30.146, 0, 95 %, 84 %, 6159 MiB, 49140 MiB, 287.53 W, 300.00 W, 72, 2070 MHz
2026/09/23 15:30:31.147, 0, 93 %, 64 %, 6159 MiB, 49140 MiB, 290.94 W, 300.00 W, 74, 1650 MHz
2026/09/23 15:30:32.147, 0, 0 %, 0 %, 6159 MiB, 49140 MiB, 231.43 W, 300.00 W, 67, 2745 MHz
2026/09/23 15:30:33.148, 0, 98 %, 89 %, 6159 MiB, 49140 MiB, 196.09 W, 300.00 W, 73, 1905 MHz
2026/09/23 15:30:34.149, 0, 99 %, 86 %, 6159 MiB, 49140 MiB, 297.59 W, 300.00 W, 73, 1920 MHz
2026/09/23 15:30:35.151, 0, 96 %, 83 %, 6159 MiB, 49140 MiB, 296.85 W, 300.00 W, 72, 2040 MHz
2026/09/23 15:30:36.152, 0, 97 %, 86 %, 6159 MiB, 49140 MiB, 296.09 W, 300.00 W, 74, 1815 MHz
2026/09/23 15:30:37.153, 0, 97 %, 81 %, 6159 MiB, 49140 MiB, 296.39 W, 300.00 W, 72, 2190 MHz
2026/09/23 15:30:38.155, 0, 96 %, 86 %, 6159 MiB, 49140 MiB, 297.42 W, 300.00 W, 73, 2145 MHz
2026/09/23 15:30:39.155, 0, 97 %, 86 %, 6159 MiB, 49140 MiB, 296.25 W, 300.00 W, 74, 1725 MHz
2026/09/23 15:30:40.157, 0, 97 %, 88 %, 6159 MiB, 49140 MiB, 297.00 W, 300.00 W, 73, 1905 MHz
2026/09/23 15:30:41.158, 0, 98 %, 84 %, 6159 MiB, 49140 MiB, 292.71 W, 300.00 W, 74, 1875 MHz
2026/09/23 15:30:42.158, 0, 95 %, 85 %, 6159 MiB, 49140 MiB, 289.32 W, 300.00 W, 72, 1890 MHz
2026/09/23 15:30:43.160, 0, 98 %, 84 %, 6159 MiB, 49140 MiB, 286.31 W, 300.00 W, 73, 1860 MHz
2026/09/23 15:30:44.161, 0, 97 %, 88 %, 6159 MiB, 49140 MiB, 289.56 W, 300.00 W, 73, 1770 MHz
2026/09/23 15:30:45.162, 0, 97 %, 81 %, 6159 MiB, 49140 MiB, 288.12 W, 300.00 W, 71, 2160 MHz
2026/09/23 15:30:46.163, 0, 97 %, 87 %, 6159 MiB, 49140 MiB, 288.53 W, 300.00 W, 73, 1860 MHz
2026/09/23 15:30:47.163, 0, 94 %, 83 %, 6159 MiB, 49140 MiB, 286.40 W, 300.00 W, 72, 1995 MHz
2026/09/23 15:30:48.164, 0, 98 %, 87 %, 6159 MiB, 49140 MiB, 286.61 W, 300.00 W, 74, 1635 MHz
2026/09/23 15:30:49.165, 0, 97 %, 87 %, 6159 MiB, 49140 MiB, 287.62 W, 300.00 W, 73, 1815 MHz
2026/09/23 15:30:50.166, 0, 98 %, 81 %, 6159 MiB, 49140 MiB, 289.11 W, 300.00 W, 72, 2115 MHz
2026/09/23 15:30:51.166, 0, 98 %, 89 %, 6159 MiB, 49140 MiB, 288.34 W, 300.00 W, 73, 1890 MHz
2026/09/23 15:30:52.167, 0, 94 %, 83 %, 6159 MiB, 49140 MiB, 286.61 W, 300.00 W, 72, 1995 MHz
2026/09/23 15:30:53.169, 0, 97 %, 87 %, 6159 MiB, 49140 MiB, 287.96 W, 300.00 W, 74, 1620 MHz
2026/09/23 15:30:54.170, 0, 98 %, 88 %, 6159 MiB, 49140 MiB, 288.34 W, 300.00 W, 73, 1815 MHz
2026/09/23 15:30:55.174, 0, 90 %, 63 %, 6159 MiB, 49140 MiB, 288.43 W, 300.00 W, 74, 1755 MHz
2026/09/23 15:30:56.174, 0, 0 %, 0 %, 6159 MiB, 49140 MiB, 236.96 W, 300.00 W, 67, 2505 MHz
2026/09/23 15:30:57.176, 0, 98 %, 83 %, 6159 MiB, 49140 MiB, 172.52 W, 300.00 W, 72, 2145 MHz
2026/09/23 15:30:58.176, 0, 93 %, 83 %, 6159 MiB, 49140 MiB, 288.77 W, 300.00 W, 72, 1980 MHz
2026/09/23 15:30:59.177, 0, 98 %, 85 %, 6159 MiB, 49140 MiB, 286.44 W, 300.00 W, 73, 1665 MHz
2026/09/23 15:31:00.177, 0, 98 %, 88 %, 6159 MiB, 49140 MiB, 288.94 W, 300.00 W, 73, 1845 MHz
2026/09/23 15:31:01.178, 0, 98 %, 83 %, 6159 MiB, 49140 MiB, 289.65 W, 300.00 W, 73, 1995 MHz
2026/09/23 15:31:02.179, 0, 94 %, 84 %, 6159 MiB, 49140 MiB, 288.54 W, 300.00 W, 72, 2040 MHz
2026/09/23 15:31:03.181, 0, 92 %, 78 %, 6159 MiB, 49140 MiB, 285.13 W, 300.00 W, 72, 2070 MHz
2026/09/23 15:31:04.182, 0, 98 %, 87 %, 6159 MiB, 49140 MiB, 287.62 W, 300.00 W, 74, 1815 MHz
2026/09/23 15:31:05.183, 0, 98 %, 83 %, 6159 MiB, 49140 MiB, 287.41 W, 300.00 W, 72, 2145 MHz
2026/09/23 15:31:06.184, 0, 94 %, 86 %, 6159 MiB, 49140 MiB, 288.63 W, 300.00 W, 73, 1785 MHz
2026/09/23 15:31:07.184, 0, 95 %, 83 %, 6159 MiB, 49140 MiB, 286.13 W, 300.00 W, 72, 2010 MHz
2026/09/23 15:31:08.185, 0, 98 %, 88 %, 6159 MiB, 49140 MiB, 287.80 W, 300.00 W, 74, 1725 MHz
2026/09/23 15:31:09.187, 0, 94 %, 83 %, 6159 MiB, 49140 MiB, 288.67 W, 300.00 W, 72, 2085 MHz
2026/09/23 15:31:10.188, 0, 97 %, 85 %, 6159 MiB, 49140 MiB, 288.73 W, 300.00 W, 74, 1845 MHz
2026/09/23 15:31:11.189, 0, 94 %, 84 %, 6159 MiB, 49140 MiB, 286.99 W, 300.00 W, 72, 1920 MHz
2026/09/23 15:31:12.190, 0, 96 %, 86 %, 6159 MiB, 49140 MiB, 287.01 W, 300.00 W, 74, 1650 MHz
2026/09/23 15:31:13.190, 0, 93 %, 84 %, 6159 MiB, 49140 MiB, 287.54 W, 300.00 W, 73, 1875 MHz
2026/09/23 15:31:14.191, 0, 97 %, 84 %, 6159 MiB, 49140 MiB, 286.75 W, 300.00 W, 72, 1785 MHz
2026/09/23 15:31:15.192, 0, 98 %, 87 %, 6159 MiB, 49140 MiB, 289.35 W, 300.00 W, 73, 1905 MHz
2026/09/23 15:31:16.194, 0, 93 %, 83 %, 6159 MiB, 49140 MiB, 287.73 W, 300.00 W, 72, 1680 MHz
2026/09/23 15:31:17.195, 0, 98 %, 86 %, 6159 MiB, 49140 MiB, 287.34 W, 300.00 W, 73, 1770 MHz
2026/09/23 15:31:18.196, 0, 98 %, 88 %, 6159 MiB, 49140 MiB, 289.54 W, 300.00 W, 73, 2115 MHz
2026/09/23 15:31:19.197, 0, 90 %, 64 %, 6159 MiB, 49140 MiB, 288.87 W, 300.00 W, 74, 1755 MHz
2026/09/23 15:31:20.198, 0, 0 %, 0 %, 6159 MiB, 49140 MiB, 257.59 W, 300.00 W, 68, 2730 MHz
2026/09/23 15:31:21.198, 0, 97 %, 83 %, 6159 MiB, 49140 MiB, 164.57 W, 300.00 W, 71, 1800 MHz
2026/09/23 15:31:22.199, 0, 97 %, 87 %, 6159 MiB, 49140 MiB, 288.33 W, 300.00 W, 73, 1920 MHz
2026/09/23 15:31:23.200, 0, 97 %, 84 %, 6159 MiB, 49140 MiB, 286.69 W, 300.00 W, 73, 1680 MHz
2026/09/23 15:31:24.201, 0, 94 %, 85 %, 6159 MiB, 49140 MiB, 286.86 W, 300.00 W, 74, 1770 MHz
2026/09/23 15:31:25.201, 0, 97 %, 87 %, 6159 MiB, 49140 MiB, 287.51 W, 300.00 W, 73, 2025 MHz
2026/09/23 15:31:26.203, 0, 97 %, 81 %, 6159 MiB, 49140 MiB, 288.88 W, 300.00 W, 70, 1950 MHz
2026/09/23 15:31:27.204, 0, 97 %, 87 %, 6159 MiB, 49140 MiB, 288.52 W, 300.00 W, 73, 1920 MHz
2026/09/23 15:31:28.206, 0, 95 %, 82 %, 6159 MiB, 49140 MiB, 286.60 W, 300.00 W, 73, 1710 MHz
2026/09/23 15:31:29.207, 0, 97 %, 87 %, 6159 MiB, 49140 MiB, 288.27 W, 300.00 W, 74, 2145 MHz
2026/09/23 15:31:30.207, 0, 97 %, 84 %, 6159 MiB, 49140 MiB, 288.84 W, 300.00 W, 72, 1725 MHz
2026/09/23 15:31:31.208, 0, 97 %, 82 %, 6159 MiB, 49140 MiB, 287.10 W, 300.00 W, 72, 2010 MHz
2026/09/23 15:31:32.209, 0, 96 %, 86 %, 6159 MiB, 49140 MiB, 288.37 W, 300.00 W, 72, 1905 MHz
2026/09/23 15:31:33.210, 0, 97 %, 83 %, 6159 MiB, 49140 MiB, 286.56 W, 300.00 W, 73, 2190 MHz
2026/09/23 15:31:34.210, 0, 97 %, 86 %, 6159 MiB, 49140 MiB, 288.53 W, 300.00 W, 73, 1965 MHz
2026/09/23 15:31:35.212, 0, 95 %, 86 %, 6159 MiB, 49140 MiB, 285.73 W, 300.00 W, 72, 1680 MHz
2026/09/23 15:31:36.213, 0, 98 %, 81 %, 6159 MiB, 49140 MiB, 287.89 W, 300.00 W, 74, 1785 MHz
2026/09/23 15:31:37.213, 0, 97 %, 88 %, 6159 MiB, 49140 MiB, 289.46 W, 300.00 W, 73, 2085 MHz
2026/09/23 15:31:38.216, 0, 94 %, 83 %, 6159 MiB, 49140 MiB, 286.83 W, 300.00 W, 72, 1695 MHz
2026/09/23 15:31:39.218, 0, 91 %, 79 %, 6159 MiB, 49140 MiB, 289.33 W, 300.00 W, 73, 1905 MHz
2026/09/23 15:31:40.219, 0, 98 %, 86 %, 6159 MiB, 49140 MiB, 287.47 W, 300.00 W, 73, 1845 MHz
2026/09/23 15:31:41.219, 0, 98 %, 88 %, 6159 MiB, 49140 MiB, 287.29 W, 300.00 W, 73, 1740 MHz
2026/09/23 15:31:42.220, 0, 97 %, 82 %, 6159 MiB, 49140 MiB, 288.99 W, 300.00 W, 74, 2130 MHz
2026/09/23 15:31:43.221, 0, 87 %, 66 %, 6159 MiB, 49140 MiB, 292.71 W, 300.00 W, 74, 1635 MHz
2026/09/23 15:31:44.222, 0, 30 %, 20 %, 6159 MiB, 49140 MiB, 190.23 W, 300.00 W, 67, 2730 MHz
2026/09/23 15:31:45.222, 0, 0 %, 0 %, 6159 MiB, 49140 MiB, 88.21 W, 300.00 W, 67, 2730 MHz
2026/09/23 15:31:46.223, 0, 97 %, 86 %, 6159 MiB, 49140 MiB, 215.48 W, 300.00 W, 71, 1710 MHz
2026/09/23 15:31:47.224, 0, 97 %, 83 %, 6159 MiB, 49140 MiB, 288.08 W, 300.00 W, 73, 2130 MHz
2026/09/23 15:31:48.224, 0, 94 %, 84 %, 6159 MiB, 49140 MiB, 288.77 W, 300.00 W, 71, 2055 MHz
2026/09/23 15:31:49.225, 0, 97 %, 88 %, 6159 MiB, 49140 MiB, 288.51 W, 300.00 W, 72, 1950 MHz
2026/09/23 15:31:50.227, 0, 98 %, 86 %, 6159 MiB, 49140 MiB, 286.24 W, 300.00 W, 73, 1830 MHz
2026/09/23 15:31:51.227, 0, 96 %, 87 %, 6159 MiB, 49140 MiB, 287.30 W, 300.00 W, 73, 2175 MHz
2026/09/23 15:31:52.229, 0, 94 %, 85 %, 6159 MiB, 49140 MiB, 288.29 W, 300.00 W, 71, 1920 MHz
2026/09/23 15:31:53.231, 0, 98 %, 88 %, 6159 MiB, 49140 MiB, 290.05 W, 300.00 W, 72, 1935 MHz
2026/09/23 15:31:54.232, 0, 97 %, 86 %, 6159 MiB, 49140 MiB, 287.16 W, 300.00 W, 72, 1740 MHz
2026/09/23 15:31:55.233, 0, 98 %, 87 %, 6159 MiB, 49140 MiB, 287.20 W, 300.00 W, 74, 2130 MHz
2026/09/23 15:31:56.234, 0, 95 %, 85 %, 6159 MiB, 49140 MiB, 287.71 W, 300.00 W, 72, 1725 MHz
2026/09/23 15:31:57.236, 0, 98 %, 86 %, 6159 MiB, 49140 MiB, 289.14 W, 300.00 W, 73, 1935 MHz
2026/09/23 15:31:58.236, 0, 97 %, 87 %, 6159 MiB, 49140 MiB, 286.29 W, 300.00 W, 72, 1740 MHz
2026/09/23 15:31:59.237, 0, 98 %, 88 %, 6159 MiB, 49140 MiB, 286.65 W, 300.00 W, 73, 1785 MHz
2026/09/23 15:32:00.239, 0, 98 %, 88 %, 6159 MiB, 49140 MiB, 289.09 W, 300.00 W, 73, 2055 MHz
2026/09/23 15:32:01.239, 0, 96 %, 82 %, 6159 MiB, 49140 MiB, 288.40 W, 300.00 W, 71, 2040 MHz
2026/09/23 15:32:02.240, 0, 97 %, 87 %, 6159 MiB, 49140 MiB, 288.88 W, 300.00 W, 72, 1935 MHz
2026/09/23 15:32:03.241, 0, 97 %, 86 %, 6159 MiB, 49140 MiB, 287.23 W, 300.00 W, 73, 1800 MHz
2026/09/23 15:32:04.242, 0, 97 %, 87 %, 6159 MiB, 49140 MiB, 289.15 W, 300.00 W, 73, 2145 MHz
2026/09/23 15:32:05.243, 0, 95 %, 85 %, 6159 MiB, 49140 MiB, 288.72 W, 300.00 W, 72, 1980 MHz
2026/09/23 15:32:06.244, 0, 98 %, 88 %, 6159 MiB, 49140 MiB, 289.59 W, 300.00 W, 73, 1740 MHz
2026/09/23 15:32:07.245, 0, 98 %, 87 %, 6159 MiB, 49140 MiB, 286.16 W, 300.00 W, 72, 1860 MHz
2026/09/23 15:32:08.246, 0, 87 %, 64 %, 6159 MiB, 49140 MiB, 290.65 W, 300.00 W, 73, 1755 MHz
2026/09/23 15:32:09.247, 0, 8 %, 0 %, 6159 MiB, 49140 MiB, 171.48 W, 300.00 W, 66, 2505 MHz
2026/09/23 15:32:10.248, 0, 0 %, 0 %, 6159 MiB, 49140 MiB, 72.73 W, 300.00 W, 66, 2505 MHz
2026/09/23 15:32:11.248, 0, 96 %, 87 %, 6159 MiB, 49140 MiB, 202.12 W, 300.00 W, 70, 1995 MHz
2026/09/23 15:32:12.249, 0, 98 %, 85 %, 6159 MiB, 49140 MiB, 289.76 W, 300.00 W, 72, 1665 MHz
2026/09/23 15:32:13.250, 0, 93 %, 84 %, 6159 MiB, 49140 MiB, 286.01 W, 300.00 W, 72, 2010 MHz
2026/09/23 15:32:14.251, 0, 98 %, 81 %, 6159 MiB, 49140 MiB, 286.80 W, 300.00 W, 73, 1935 MHz
2026/09/23 15:32:15.252, 0, 97 %, 87 %, 6159 MiB, 49140 MiB, 288.39 W, 300.00 W, 71, 2085 MHz
2026/09/23 15:32:16.253, 0, 94 %, 80 %, 6159 MiB, 49140 MiB, 287.21 W, 300.00 W, 71, 1980 MHz
2026/09/23 15:32:17.254, 0, 96 %, 87 %, 6159 MiB, 49140 MiB, 287.90 W, 300.00 W, 72, 1725 MHz
2026/09/23 15:32:18.255, 0, 98 %, 87 %, 6159 MiB, 49140 MiB, 286.97 W, 300.00 W, 72, 2145 MHz
2026/09/23 15:32:19.255, 0, 98 %, 87 %, 6159 MiB, 49140 MiB, 289.31 W, 300.00 W, 73, 1920 MHz
2026/09/23 15:32:20.256, 0, 95 %, 84 %, 6159 MiB, 49140 MiB, 287.74 W, 300.00 W, 71, 1995 MHz
2026/09/23 15:32:21.257, 0, 97 %, 87 %, 6159 MiB, 49140 MiB, 289.05 W, 300.00 W, 72, 1695 MHz
2026/09/23 15:32:22.260, 0, 97 %, 87 %, 6159 MiB, 49140 MiB, 287.35 W, 300.00 W, 72, 2085 MHz
2026/09/23 15:32:23.261, 0, 96 %, 80 %, 6159 MiB, 49140 MiB, 288.04 W, 300.00 W, 74, 1950 MHz
2026/09/23 15:32:24.261, 0, 96 %, 85 %, 6159 MiB, 49140 MiB, 289.53 W, 300.00 W, 71, 1935 MHz
2026/09/23 15:32:25.262, 0, 98 %, 85 %, 6159 MiB, 49140 MiB, 289.36 W, 300.00 W, 73, 1650 MHz
2026/09/23 15:32:26.263, 0, 98 %, 88 %, 6159 MiB, 49140 MiB, 287.85 W, 300.00 W, 72, 2085 MHz
2026/09/23 15:32:27.264, 0, 96 %, 81 %, 6159 MiB, 49140 MiB, 288.94 W, 300.00 W, 74, 1725 MHz
2026/09/23 15:32:28.265, 0, 95 %, 86 %, 6159 MiB, 49140 MiB, 289.07 W, 300.00 W, 71, 1935 MHz
2026/09/23 15:32:29.266, 0, 97 %, 86 %, 6159 MiB, 49140 MiB, 289.41 W, 300.00 W, 73, 1665 MHz
2026/09/23 15:32:30.267, 0, 98 %, 88 %, 6159 MiB, 49140 MiB, 286.00 W, 300.00 W, 72, 1905 MHz
2026/09/23 15:32:31.268, 0, 97 %, 82 %, 6159 MiB, 49140 MiB, 286.17 W, 300.00 W, 73, 2100 MHz
2026/09/23 15:32:32.269, 0, 97 %, 87 %, 6159 MiB, 49140 MiB, 287.99 W, 300.00 W, 74, 1950 MHz
2026/09/23 15:32:33.270, 0, 87 %, 62 %, 6159 MiB, 49140 MiB, 292.71 W, 300.00 W, 74, 1620 MHz
2026/09/23 15:32:34.271, 0, 10 %, 0 %, 6159 MiB, 49140 MiB, 171.17 W, 300.00 W, 67, 2730 MHz
2026/09/23 15:32:35.272, 0, 0 %, 0 %, 6159 MiB, 49140 MiB, 87.08 W, 300.00 W, 66, 2730 MHz
2026/09/23 15:32:36.272, 0, 96 %, 85 %, 6159 MiB, 49140 MiB, 213.43 W, 300.00 W, 71, 2055 MHz
2026/09/23 15:32:37.273, 0, 96 %, 86 %, 6159 MiB, 49140 MiB, 288.23 W, 300.00 W, 72, 1665 MHz
2026/09/23 15:32:38.274, 0, 97 %, 87 %, 6159 MiB, 49140 MiB, 288.23 W, 300.00 W, 71, 1860 MHz
2026/09/23 15:32:39.274, 0, 98 %, 87 %, 6159 MiB, 49140 MiB, 288.40 W, 300.00 W, 73, 1995 MHz
2026/09/23 15:32:40.275, 0, 95 %, 84 %, 6159 MiB, 49140 MiB, 289.13 W, 300.00 W, 72, 2100 MHz
2026/09/23 15:32:41.277, 0, 98 %, 86 %, 6159 MiB, 49140 MiB, 289.78 W, 300.00 W, 72, 1620 MHz
2026/09/23 15:32:42.278, 0, 97 %, 85 %, 6159 MiB, 49140 MiB, 286.53 W, 300.00 W, 72, 1770 MHz
2026/09/23 15:32:43.281, 0, 98 %, 87 %, 6159 MiB, 49140 MiB, 289.83 W, 300.00 W, 73, 1830 MHz
2026/09/23 15:32:44.282, 0, 92 %, 82 %, 6159 MiB, 49140 MiB, 289.00 W, 300.00 W, 71, 1890 MHz
2026/09/23 15:32:45.285, 0, 97 %, 87 %, 6159 MiB, 49140 MiB, 289.70 W, 300.00 W, 72, 1680 MHz
2026/09/23 15:32:46.286, 0, 98 %, 86 %, 6159 MiB, 49140 MiB, 287.15 W, 300.00 W, 72, 2040 MHz
2026/09/23 15:32:47.287, 0, 98 %, 87 %, 6159 MiB, 49140 MiB, 289.52 W, 300.00 W, 74, 1725 MHz
2026/09/23 15:32:48.287, 0, 97 %, 86 %, 6159 MiB, 49140 MiB, 289.94 W, 300.00 W, 71, 1950 MHz
2026/09/23 15:32:49.288, 0, 98 %, 86 %, 6159 MiB, 49140 MiB, 290.36 W, 300.00 W, 73, 1665 MHz
2026/09/23 15:32:50.289, 0, 95 %, 83 %, 6159 MiB, 49140 MiB, 287.48 W, 300.00 W, 72, 1935 MHz
2026/09/23 15:32:51.290, 0, 98 %, 87 %, 6159 MiB, 49140 MiB, 289.69 W, 300.00 W, 74, 1800 MHz
2026/09/23 15:32:52.291, 0, 98 %, 86 %, 6159 MiB, 49140 MiB, 291.04 W, 300.00 W, 71, 1980 MHz
2026/09/23 15:32:53.292, 0, 98 %, 86 %, 6159 MiB, 49140 MiB, 288.33 W, 300.00 W, 73, 1650 MHz
2026/09/23 15:32:54.293, 0, 98 %, 86 %, 6159 MiB, 49140 MiB, 286.11 W, 300.00 W, 72, 2115 MHz
2026/09/23 15:32:55.294, 0, 98 %, 84 %, 6159 MiB, 49140 MiB, 288.96 W, 300.00 W, 73, 1965 MHz
2026/09/23 15:32:56.295, 0, 95 %, 84 %, 6159 MiB, 49140 MiB, 289.31 W, 300.00 W, 72, 1950 MHz
2026/09/23 15:32:57.295, 0, 97 %, 85 %, 6159 MiB, 49140 MiB, 289.52 W, 300.00 W, 72, 1710 MHz
2026/09/23 15:32:58.296, 0, 92 %, 65 %, 6159 MiB, 49140 MiB, 291.86 W, 300.00 W, 74, 1605 MHz
2026/09/23 15:32:59.297, 0, 10 %, 0 %, 6159 MiB, 49140 MiB, 157.77 W, 300.00 W, 66, 2505 MHz
2026/09/23 15:33:00.298, 0, 0 %, 0 %, 6159 MiB, 49140 MiB, 74.55 W, 300.00 W, 65, 2160 MHz
2026/09/23 15:33:01.299, 0, 96 %, 86 %, 6159 MiB, 49140 MiB, 286.52 W, 300.00 W, 73, 1950 MHz
2026/09/23 15:33:02.300, 0, 96 %, 84 %, 6159 MiB, 49140 MiB, 287.13 W, 300.00 W, 70, 1770 MHz
2026/09/23 15:33:03.300, 0, 98 %, 86 %, 6159 MiB, 49140 MiB, 288.03 W, 300.00 W, 72, 1995 MHz
2026/09/23 15:33:04.301, 0, 97 %, 84 %, 6159 MiB, 49140 MiB, 287.39 W, 300.00 W, 71, 1695 MHz
2026/09/23 15:33:05.302, 0, 97 %, 87 %, 6159 MiB, 49140 MiB, 288.01 W, 300.00 W, 73, 2085 MHz
2026/09/23 15:33:06.303, 0, 97 %, 86 %, 6159 MiB, 49140 MiB, 290.02 W, 300.00 W, 71, 1635 MHz
2026/09/23 15:33:07.304, 0, 98 %, 86 %, 6159 MiB, 49140 MiB, 289.80 W, 300.00 W, 72, 2100 MHz
2026/09/23 15:33:08.305, 0, 97 %, 84 %, 6159 MiB, 49140 MiB, 286.77 W, 300.00 W, 72, 1815 MHz
2026/09/23 15:33:09.306, 0, 97 %, 86 %, 6159 MiB, 49140 MiB, 289.80 W, 300.00 W, 73, 1950 MHz
2026/09/23 15:33:10.307, 0, 97 %, 82 %, 6159 MiB, 49140 MiB, 289.82 W, 300.00 W, 71, 1710 MHz
2026/09/23 15:33:11.308, 0, 95 %, 84 %, 6159 MiB, 49140 MiB, 287.36 W, 300.00 W, 72, 1995 MHz
2026/09/23 15:33:12.309, 0, 97 %, 84 %, 6159 MiB, 49140 MiB, 288.25 W, 300.00 W, 72, 1755 MHz
2026/09/23 15:33:13.310, 0, 98 %, 86 %, 6159 MiB, 49140 MiB, 288.36 W, 300.00 W, 74, 1980 MHz
2026/09/23 15:33:14.311, 0, 97 %, 82 %, 6159 MiB, 49140 MiB, 290.86 W, 300.00 W, 71, 1725 MHz
2026/09/23 15:33:15.314, 0, 98 %, 87 %, 6159 MiB, 49140 MiB, 288.04 W, 300.00 W, 72, 2100 MHz
2026/09/23 15:33:16.315, 0, 95 %, 80 %, 6159 MiB, 49140 MiB, 288.76 W, 300.00 W, 73, 1980 MHz
2026/09/23 15:33:17.316, 0, 96 %, 85 %, 6159 MiB, 49140 MiB, 290.44 W, 300.00 W, 73, 1770 MHz
2026/09/23 15:33:18.316, 0, 97 %, 87 %, 6159 MiB, 49140 MiB, 288.63 W, 300.00 W, 70, 1755 MHz
2026/09/23 15:33:19.317, 0, 97 %, 87 %, 6159 MiB, 49140 MiB, 285.91 W, 300.00 W, 72, 2115 MHz
2026/09/23 15:33:20.318, 0, 98 %, 81 %, 6159 MiB, 49140 MiB, 288.31 W, 300.00 W, 73, 1935 MHz
2026/09/23 15:33:21.318, 0, 97 %, 86 %, 6159 MiB, 49140 MiB, 289.65 W, 300.00 W, 73, 1950 MHz
2026/09/23 15:33:22.319, 0, 98 %, 87 %, 6159 MiB, 49140 MiB, 290.43 W, 300.00 W, 73, 1800 MHz
2026/09/23 15:33:23.321, 0, 94 %, 68 %, 6159 MiB, 49140 MiB, 294.81 W, 300.00 W, 74, 1680 MHz
2026/09/23 15:33:24.322, 0, 3 %, 0 %, 6159 MiB, 49140 MiB, 146.17 W, 300.00 W, 67, 2730 MHz
2026/09/23 15:33:25.322, 0, 0 %, 0 %, 6159 MiB, 49140 MiB, 103.59 W, 300.00 W, 70, 1830 MHz
2026/09/23 15:33:26.323, 0, 97 %, 81 %, 6159 MiB, 49140 MiB, 289.81 W, 300.00 W, 71, 1830 MHz
2026/09/23 15:33:27.323, 0, 97 %, 86 %, 6159 MiB, 49140 MiB, 287.28 W, 300.00 W, 72, 2010 MHz
2026/09/23 15:33:28.324, 0, 98 %, 86 %, 6159 MiB, 49140 MiB, 289.21 W, 300.00 W, 71, 1815 MHz
2026/09/23 15:33:29.325, 0, 98 %, 87 %, 6159 MiB, 49140 MiB, 286.46 W, 300.00 W, 72, 2100 MHz
2026/09/23 15:33:30.326, 0, 97 %, 84 %, 6159 MiB, 49140 MiB, 287.65 W, 300.00 W, 72, 1770 MHz
2026/09/23 15:33:31.326, 0, 97 %, 87 %, 6159 MiB, 49140 MiB, 289.19 W, 300.00 W, 73, 1935 MHz
2026/09/23 15:33:32.327, 0, 98 %, 83 %, 6159 MiB, 49140 MiB, 289.83 W, 300.00 W, 71, 1740 MHz
2026/09/23 15:33:33.328, 0, 97 %, 85 %, 6159 MiB, 49140 MiB, 287.12 W, 300.00 W, 72, 2085 MHz
2026/09/23 15:33:34.330, 0, 98 %, 82 %, 6159 MiB, 49140 MiB, 287.18 W, 300.00 W, 73, 1770 MHz
2026/09/23 15:33:35.331, 0, 97 %, 87 %, 6159 MiB, 49140 MiB, 288.85 W, 300.00 W, 73, 1950 MHz
2026/09/23 15:33:36.332, 0, 98 %, 83 %, 6159 MiB, 49140 MiB, 290.26 W, 300.00 W, 71, 1695 MHz
2026/09/23 15:33:37.334, 0, 97 %, 86 %, 6159 MiB, 49140 MiB, 288.64 W, 300.00 W, 72, 2100 MHz
2026/09/23 15:33:38.334, 0, 94 %, 80 %, 6159 MiB, 49140 MiB, 287.20 W, 300.00 W, 72, 1920 MHz
2026/09/23 15:33:39.335, 0, 97 %, 86 %, 6159 MiB, 49140 MiB, 288.13 W, 300.00 W, 73, 1950 MHz
2026/09/23 15:33:40.337, 0, 98 %, 83 %, 6159 MiB, 49140 MiB, 289.75 W, 300.00 W, 71, 1695 MHz
2026/09/23 15:33:41.340, 0, 98 %, 87 %, 6159 MiB, 49140 MiB, 287.03 W, 300.00 W, 72, 2130 MHz
2026/09/23 15:33:42.341, 0, 97 %, 81 %, 6159 MiB, 49140 MiB, 288.12 W, 300.00 W, 72, 1935 MHz
2026/09/23 15:33:43.341, 0, 97 %, 86 %, 6159 MiB, 49140 MiB, 289.51 W, 300.00 W, 73, 1740 MHz
2026/09/23 15:33:44.342, 0, 97 %, 85 %, 6159 MiB, 49140 MiB, 289.45 W, 300.00 W, 72, 2130 MHz
2026/09/23 15:33:45.343, 0, 97 %, 86 %, 6159 MiB, 49140 MiB, 287.45 W, 300.00 W, 72, 1890 MHz
2026/09/23 15:33:46.344, 0, 97 %, 84 %, 6159 MiB, 49140 MiB, 288.39 W, 300.00 W, 74, 1920 MHz
2026/09/23 15:33:47.345, 0, 96 %, 85 %, 6159 MiB, 49140 MiB, 288.89 W, 300.00 W, 72, 1800 MHz
2026/09/23 15:33:48.345, 0, 94 %, 65 %, 6159 MiB, 49140 MiB, 295.90 W, 300.00 W, 73, 1665 MHz
2026/09/23 15:33:49.346, 0, 0 %, 0 %, 6159 MiB, 49140 MiB, 133.48 W, 300.00 W, 67, 2730 MHz
2026/09/23 15:33:50.346, 0, 0 %, 0 %, 6159 MiB, 49140 MiB, 108.80 W, 300.00 W, 70, 2040 MHz
2026/09/23 15:33:51.347, 0, 96 %, 85 %, 6159 MiB, 49140 MiB, 288.93 W, 300.00 W, 71, 1815 MHz
2026/09/23 15:33:52.347, 0, 97 %, 87 %, 6159 MiB, 49140 MiB, 287.85 W, 300.00 W, 72, 1965 MHz
2026/09/23 15:33:53.348, 0, 97 %, 86 %, 6159 MiB, 49140 MiB, 286.11 W, 300.00 W, 71, 2100 MHz
2026/09/23 15:33:54.350, 0, 98 %, 87 %, 6159 MiB, 49140 MiB, 288.97 W, 300.00 W, 72, 1650 MHz
2026/09/23 15:33:55.351, 0, 98 %, 82 %, 6159 MiB, 49140 MiB, 289.17 W, 300.00 W, 72, 1695 MHz
2026/09/23 15:33:56.351, 0, 97 %, 87 %, 6159 MiB, 49140 MiB, 287.57 W, 300.00 W, 72, 1935 MHz
2026/09/23 15:33:57.352, 0, 96 %, 84 %, 6159 MiB, 49140 MiB, 287.08 W, 300.00 W, 73, 1935 MHz
2026/09/23 15:33:58.353, 0, 96 %, 85 %, 6159 MiB, 49140 MiB, 287.09 W, 300.00 W, 71, 1785 MHz
2026/09/23 15:33:59.354, 0, 96 %, 86 %, 6159 MiB, 49140 MiB, 290.05 W, 300.00 W, 72, 2235 MHz
2026/09/23 15:34:00.354, 0, 97 %, 85 %, 6159 MiB, 49140 MiB, 285.92 W, 300.00 W, 72, 1785 MHz
2026/09/23 15:34:01.355, 0, 96 %, 82 %, 6159 MiB, 49140 MiB, 287.74 W, 300.00 W, 73, 1950 MHz
2026/09/23 15:34:02.356, 0, 97 %, 87 %, 6159 MiB, 49140 MiB, 287.63 W, 300.00 W, 72, 1920 MHz
2026/09/23 15:34:03.357, 0, 97 %, 86 %, 6159 MiB, 49140 MiB, 288.16 W, 300.00 W, 72, 1905 MHz
2026/09/23 15:34:04.357, 0, 98 %, 86 %, 6159 MiB, 49140 MiB, 289.46 W, 300.00 W, 72, 1785 MHz
2026/09/23 15:34:05.358, 0, 96 %, 83 %, 6159 MiB, 49140 MiB, 288.75 W, 300.00 W, 73, 1965 MHz
2026/09/23 15:34:06.359, 0, 97 %, 87 %, 6159 MiB, 49140 MiB, 290.16 W, 300.00 W, 72, 1695 MHz
2026/09/23 15:34:07.360, 0, 98 %, 83 %, 6159 MiB, 49140 MiB, 290.83 W, 300.00 W, 73, 2085 MHz
2026/09/23 15:34:08.361, 0, 98 %, 87 %, 6159 MiB, 49140 MiB, 287.33 W, 300.00 W, 72, 1815 MHz
2026/09/23 15:34:09.362, 0, 97 %, 82 %, 6159 MiB, 49140 MiB, 287.90 W, 300.00 W, 74, 1995 MHz
2026/09/23 15:34:10.363, 0, 97 %, 86 %, 6159 MiB, 49140 MiB, 289.49 W, 300.00 W, 72, 1650 MHz
2026/09/23 15:34:11.363, 0, 97 %, 83 %, 6159 MiB, 49140 MiB, 289.24 W, 300.00 W, 73, 2025 MHz
2026/09/23 15:34:12.364, 0, 95 %, 84 %, 6159 MiB, 49140 MiB, 288.01 W, 300.00 W, 72, 1965 MHz
2026/09/23 15:34:13.365, 0, 92 %, 64 %, 6159 MiB, 49140 MiB, 292.95 W, 300.00 W, 74, 1650 MHz
2026/09/23 15:34:14.365, 0, 0 %, 0 %, 6159 MiB, 49140 MiB, 128.97 W, 300.00 W, 66, 2730 MHz
2026/09/23 15:34:15.366, 0, 0 %, 0 %, 6159 MiB, 49140 MiB, 114.43 W, 300.00 W, 71, 2025 MHz
2026/09/23 15:34:16.371, 0, 97 %, 86 %, 6159 MiB, 49140 MiB, 286.17 W, 300.00 W, 71, 2055 MHz
2026/09/23 15:34:17.372, 0, 97 %, 83 %, 6159 MiB, 49140 MiB, 286.44 W, 300.00 W, 72, 2025 MHz
2026/09/23 15:34:18.374, 0, 96 %, 86 %, 6159 MiB, 49140 MiB, 287.78 W, 300.00 W, 72, 1695 MHz
2026/09/23 15:34:19.374, 0, 98 %, 84 %, 6159 MiB, 49140 MiB, 289.58 W, 300.00 W, 72, 2130 MHz
2026/09/23 15:34:20.375, 0, 97 %, 87 %, 6159 MiB, 49140 MiB, 288.04 W, 300.00 W, 72, 1905 MHz
2026/09/23 15:34:21.376, 0, 93 %, 80 %, 6159 MiB, 49140 MiB, 287.35 W, 300.00 W, 74, 1980 MHz
2026/09/23 15:34:22.376, 0, 89 %, 79 %, 6159 MiB, 49140 MiB, 287.63 W, 300.00 W, 72, 1695 MHz
2026/09/23 15:34:23.378, 0, 93 %, 83 %, 6159 MiB, 49140 MiB, 285.99 W, 300.00 W, 71, 1800 MHz
2026/09/23 15:34:24.380, 0, 96 %, 86 %, 6159 MiB, 49140 MiB, 288.88 W, 300.00 W, 72, 2085 MHz
2026/09/23 15:34:25.380, 0, 98 %, 87 %, 6159 MiB, 49140 MiB, 285.79 W, 300.00 W, 72, 1770 MHz
2026/09/23 15:34:26.382, 0, 96 %, 81 %, 6159 MiB, 49140 MiB, 288.41 W, 300.00 W, 74, 2010 MHz
2026/09/23 15:34:27.382, 0, 96 %, 85 %, 6159 MiB, 49140 MiB, 290.14 W, 300.00 W, 71, 1755 MHz
2026/09/23 15:34:28.384, 0, 97 %, 86 %, 6159 MiB, 49140 MiB, 288.57 W, 300.00 W, 72, 2175 MHz
2026/09/23 15:34:29.384, 0, 97 %, 86 %, 6159 MiB, 49140 MiB, 286.27 W, 300.00 W, 72, 1770 MHz
2026/09/23 15:34:30.385, 0, 98 %, 82 %, 6159 MiB, 49140 MiB, 288.85 W, 300.00 W, 74, 2025 MHz
2026/09/23 15:34:31.386, 0, 96 %, 85 %, 6159 MiB, 49140 MiB, 288.54 W, 300.00 W, 71, 1770 MHz
2026/09/23 15:34:32.388, 0, 96 %, 81 %, 6159 MiB, 49140 MiB, 287.37 W, 300.00 W, 73, 1905 MHz
2026/09/23 15:34:33.389, 0, 94 %, 83 %, 6159 MiB, 49140 MiB, 288.01 W, 300.00 W, 72, 2040 MHz
2026/09/23 15:34:34.390, 0, 97 %, 84 %, 6159 MiB, 49140 MiB, 289.32 W, 300.00 W, 73, 1695 MHz
2026/09/23 15:34:35.391, 0, 98 %, 87 %, 6159 MiB, 49140 MiB, 288.48 W, 300.00 W, 73, 1770 MHz
2026/09/23 15:34:36.393, 0, 97 %, 86 %, 6159 MiB, 49140 MiB, 290.61 W, 300.00 W, 72, 2025 MHz
2026/09/23 15:34:37.394, 0, 95 %, 83 %, 6159 MiB, 49140 MiB, 288.84 W, 300.00 W, 72, 1845 MHz
2026/09/23 15:34:38.394, 0, 93 %, 64 %, 6159 MiB, 49140 MiB, 292.12 W, 300.00 W, 74, 1695 MHz
2026/09/23 15:34:39.395, 0, 0 %, 0 %, 6159 MiB, 49140 MiB, 129.42 W, 300.00 W, 66, 2730 MHz
2026/09/23 15:34:40.395, 0, 0 %, 0 %, 6159 MiB, 49140 MiB, 112.18 W, 300.00 W, 69, 2220 MHz
2026/09/23 15:34:41.397, 0, 97 %, 87 %, 6159 MiB, 49140 MiB, 287.32 W, 300.00 W, 71, 1935 MHz
2026/09/23 15:34:42.397, 0, 97 %, 87 %, 6159 MiB, 49140 MiB, 287.63 W, 300.00 W, 72, 1830 MHz
2026/09/23 15:34:43.398, 0, 97 %, 87 %, 6159 MiB, 49140 MiB, 288.85 W, 300.00 W, 72, 1785 MHz
2026/09/23 15:34:44.400, 0, 94 %, 83 %, 6159 MiB, 49140 MiB, 288.43 W, 300.00 W, 70, 2175 MHz
2026/09/23 15:34:45.401, 0, 96 %, 85 %, 6159 MiB, 49140 MiB, 289.80 W, 300.00 W, 72, 1920 MHz
2026/09/23 15:34:46.405, 0, 97 %, 86 %, 6159 MiB, 49140 MiB, 286.43 W, 300.00 W, 72, 1965 MHz
2026/09/23 15:34:47.406, 0, 98 %, 83 %, 6159 MiB, 49140 MiB, 289.12 W, 300.00 W, 73, 1755 MHz
2026/09/23 15:34:48.407, 0, 96 %, 85 %, 6159 MiB, 49140 MiB, 288.55 W, 300.00 W, 71, 2160 MHz
2026/09/23 15:34:49.408, 0, 98 %, 87 %, 6159 MiB, 49140 MiB, 290.14 W, 300.00 W, 72, 1800 MHz
2026/09/23 15:34:50.408, 0, 97 %, 86 %, 6159 MiB, 49140 MiB, 286.99 W, 300.00 W, 72, 1980 MHz
2026/09/23 15:34:51.410, 0, 98 %, 81 %, 6159 MiB, 49140 MiB, 288.53 W, 300.00 W, 74, 1710 MHz
2026/09/23 15:34:52.411, 0, 96 %, 84 %, 6159 MiB, 49140 MiB, 289.31 W, 300.00 W, 71, 2145 MHz
2026/09/23 15:34:53.412, 0, 97 %, 85 %, 6159 MiB, 49140 MiB, 289.90 W, 300.00 W, 72, 1830 MHz
2026/09/23 15:34:54.412, 0, 98 %, 87 %, 6159 MiB, 49140 MiB, 286.86 W, 300.00 W, 72, 1935 MHz
2026/09/23 15:34:55.413, 0, 93 %, 80 %, 6159 MiB, 49140 MiB, 288.20 W, 300.00 W, 74, 1710 MHz
2026/09/23 15:34:56.414, 0, 96 %, 85 %, 6159 MiB, 49140 MiB, 288.72 W, 300.00 W, 72, 2115 MHz
2026/09/23 15:34:57.416, 0, 98 %, 83 %, 6159 MiB, 49140 MiB, 289.78 W, 300.00 W, 73, 1800 MHz
2026/09/23 15:34:58.417, 0, 98 %, 86 %, 6159 MiB, 49140 MiB, 287.99 W, 300.00 W, 72, 1950 MHz
2026/09/23 15:34:59.418, 0, 97 %, 83 %, 6159 MiB, 49140 MiB, 288.00 W, 300.00 W, 73, 1665 MHz
2026/09/23 15:35:00.418, 0, 97 %, 86 %, 6159 MiB, 49140 MiB, 288.72 W, 300.00 W, 73, 1830 MHz
2026/09/23 15:35:01.419, 0, 90 %, 79 %, 6159 MiB, 49140 MiB, 287.57 W, 300.00 W, 72, 2070 MHz
2026/09/23 15:35:02.420, 0, 96 %, 83 %, 6159 MiB, 49140 MiB, 289.96 W, 300.00 W, 73, 1740 MHz
2026/09/23 15:35:03.421, 0, 94 %, 66 %, 6159 MiB, 49140 MiB, 295.12 W, 300.00 W, 74, 1650 MHz
2026/09/23 15:35:04.422, 0, 0 %, 0 %, 6159 MiB, 49140 MiB, 126.86 W, 300.00 W, 66, 2700 MHz
2026/09/23 15:35:05.422, 0, 0 %, 0 %, 6159 MiB, 49140 MiB, 116.34 W, 300.00 W, 71, 1965 MHz
2026/09/23 15:35:06.423, 0, 97 %, 83 %, 6159 MiB, 49140 MiB, 288.08 W, 300.00 W, 73, 1725 MHz
2026/09/23 15:35:07.424, 0, 96 %, 84 %, 6159 MiB, 49140 MiB, 287.99 W, 300.00 W, 71, 2115 MHz
2026/09/23 15:35:08.426, 0, 98 %, 84 %, 6159 MiB, 49140 MiB, 288.94 W, 300.00 W, 72, 1800 MHz
2026/09/23 15:35:09.427, 0, 97 %, 87 %, 6159 MiB, 49140 MiB, 286.87 W, 300.00 W, 72, 1980 MHz
2026/09/23 15:35:10.427, 0, 98 %, 84 %, 6159 MiB, 49140 MiB, 289.76 W, 300.00 W, 73, 1800 MHz
2026/09/23 15:35:11.428, 0, 95 %, 84 %, 6159 MiB, 49140 MiB, 289.14 W, 300.00 W, 71, 2100 MHz
2026/09/23 15:35:12.429, 0, 98 %, 88 %, 6159 MiB, 49140 MiB, 289.88 W, 300.00 W, 72, 1965 MHz
2026/09/23 15:35:13.432, 0, 97 %, 86 %, 6159 MiB, 49140 MiB, 286.80 W, 300.00 W, 72, 1920 MHz
2026/09/23 15:35:14.433, 0, 97 %, 86 %, 6159 MiB, 49140 MiB, 288.52 W, 300.00 W, 73, 1800 MHz
2026/09/23 15:35:15.434, 0, 94 %, 83 %, 6159 MiB, 49140 MiB, 289.12 W, 300.00 W, 71, 2115 MHz
2026/09/23 15:35:16.435, 0, 98 %, 86 %, 6159 MiB, 49140 MiB, 289.59 W, 300.00 W, 72, 1950 MHz
2026/09/23 15:35:17.435, 0, 98 %, 87 %, 6159 MiB, 49140 MiB, 287.70 W, 300.00 W, 72, 1920 MHz
2026/09/23 15:35:18.436, 0, 97 %, 86 %, 6159 MiB, 49140 MiB, 289.09 W, 300.00 W, 72, 1785 MHz
2026/09/23 15:35:19.437, 0, 97 %, 85 %, 6159 MiB, 49140 MiB, 289.73 W, 300.00 W, 72, 2025 MHz
2026/09/23 15:35:20.438, 0, 98 %, 87 %, 6159 MiB, 49140 MiB, 289.65 W, 300.00 W, 72, 1770 MHz
2026/09/23 15:35:21.439, 0, 96 %, 84 %, 6159 MiB, 49140 MiB, 288.30 W, 300.00 W, 73, 1830 MHz
2026/09/23 15:35:22.439, 0, 96 %, 86 %, 6159 MiB, 49140 MiB, 288.74 W, 300.00 W, 73, 2220 MHz
2026/09/23 15:35:23.440, 0, 95 %, 84 %, 6159 MiB, 49140 MiB, 288.10 W, 300.00 W, 71, 1740 MHz
2026/09/23 15:35:24.440, 0, 98 %, 87 %, 6159 MiB, 49140 MiB, 289.00 W, 300.00 W, 72, 1965 MHz
2026/09/23 15:35:25.441, 0, 97 %, 86 %, 6159 MiB, 49140 MiB, 285.79 W, 300.00 W, 72, 1710 MHz
2026/09/23 15:35:26.442, 0, 96 %, 83 %, 6159 MiB, 49140 MiB, 286.47 W, 300.00 W, 72, 1785 MHz
2026/09/23 15:35:27.444, 0, 96 %, 85 %, 6159 MiB, 49140 MiB, 287.49 W, 300.00 W, 73, 2145 MHz
2026/09/23 15:35:28.445, 0, 96 %, 67 %, 6159 MiB, 49140 MiB, 296.98 W, 300.00 W, 73, 1605 MHz
2026/09/23 15:35:29.445, 0, 0 %, 0 %, 6159 MiB, 49140 MiB, 120.13 W, 300.00 W, 66, 2745 MHz
2026/09/23 15:35:30.446, 0, 0 %, 0 %, 6159 MiB, 49140 MiB, 119.56 W, 300.00 W, 71, 1815 MHz
2026/09/23 15:35:31.446, 0, 97 %, 87 %, 6159 MiB, 49140 MiB, 286.36 W, 300.00 W, 72, 2160 MHz
2026/09/23 15:35:32.447, 0, 95 %, 84 %, 6159 MiB, 49140 MiB, 288.63 W, 300.00 W, 71, 2010 MHz
2026/09/23 15:35:33.447, 0, 96 %, 87 %, 6159 MiB, 49140 MiB, 287.77 W, 300.00 W, 71, 1965 MHz
2026/09/23 15:35:34.448, 0, 97 %, 87 %, 6159 MiB, 49140 MiB, 285.79 W, 300.00 W, 72, 1830 MHz
2026/09/23 15:35:35.449, 0, 98 %, 87 %, 6159 MiB, 49140 MiB, 288.00 W, 300.00 W, 72, 2115 MHz
2026/09/23 15:35:36.449, 0, 96 %, 84 %, 6159 MiB, 49140 MiB, 287.64 W, 300.00 W, 70, 1965 MHz
2026/09/23 15:35:37.450, 0, 96 %, 86 %, 6159 MiB, 49140 MiB, 288.73 W, 300.00 W, 72, 1995 MHz
2026/09/23 15:35:38.451, 0, 98 %, 87 %, 6159 MiB, 49140 MiB, 286.38 W, 300.00 W, 72, 1695 MHz
2026/09/23 15:35:39.451, 0, 98 %, 82 %, 6159 MiB, 49140 MiB, 287.45 W, 300.00 W, 73, 2115 MHz
2026/09/23 15:35:40.452, 0, 97 %, 86 %, 6159 MiB, 49140 MiB, 288.10 W, 300.00 W, 71, 1785 MHz
2026/09/23 15:35:41.454, 0, 98 %, 88 %, 6159 MiB, 49140 MiB, 289.37 W, 300.00 W, 72, 1965 MHz
2026/09/23 15:35:42.454, 0, 98 %, 87 %, 6159 MiB, 49140 MiB, 288.22 W, 300.00 W, 72, 1695 MHz
2026/09/23 15:35:43.456, 0, 98 %, 83 %, 6159 MiB, 49140 MiB, 288.58 W, 300.00 W, 73, 2130 MHz
2026/09/23 15:35:44.457, 0, 96 %, 86 %, 6159 MiB, 49140 MiB, 288.36 W, 300.00 W, 71, 1725 MHz
2026/09/23 15:35:45.457, 0, 97 %, 83 %, 6159 MiB, 49140 MiB, 287.88 W, 300.00 W, 72, 2070 MHz
2026/09/23 15:35:46.459, 0, 93 %, 82 %, 6159 MiB, 49140 MiB, 288.85 W, 300.00 W, 72, 1785 MHz
2026/09/23 15:35:47.460, 0, 97 %, 84 %, 6159 MiB, 49140 MiB, 287.27 W, 300.00 W, 73, 1800 MHz
2026/09/23 15:35:48.460, 0, 98 %, 87 %, 6159 MiB, 49140 MiB, 289.92 W, 300.00 W, 72, 2205 MHz
2026/09/23 15:35:49.461, 0, 94 %, 83 %, 6159 MiB, 49140 MiB, 288.30 W, 300.00 W, 71, 2025 MHz
2026/09/23 15:35:50.462, 0, 98 %, 87 %, 6159 MiB, 49140 MiB, 289.10 W, 300.00 W, 72, 1935 MHz
2026/09/23 15:35:51.463, 0, 94 %, 84 %, 6159 MiB, 49140 MiB, 287.25 W, 300.00 W, 72, 1785 MHz
2026/09/23 15:35:52.464, 0, 98 %, 87 %, 6159 MiB, 49140 MiB, 289.22 W, 300.00 W, 73, 2130 MHz
2026/09/23 15:35:53.464, 0, 92 %, 65 %, 6159 MiB, 49140 MiB, 294.36 W, 300.00 W, 73, 1650 MHz
2026/09/23 15:35:54.465, 0, 0 %, 0 %, 6159 MiB, 49140 MiB, 120.62 W, 300.00 W, 66, 2745 MHz
2026/09/23 15:35:55.465, 0, 0 %, 0 %, 6159 MiB, 49140 MiB, 134.72 W, 300.00 W, 70, 1695 MHz
2026/09/23 15:35:56.466, 0, 97 %, 83 %, 6159 MiB, 49140 MiB, 287.41 W, 300.00 W, 73, 2025 MHz
2026/09/23 15:35:57.467, 0, 96 %, 85 %, 6159 MiB, 49140 MiB, 288.55 W, 300.00 W, 71, 1965 MHz
2026/09/23 15:35:58.468, 0, 98 %, 84 %, 6159 MiB, 49140 MiB, 289.02 W, 300.00 W, 72, 1965 MHz
2026/09/23 15:35:59.469, 0, 96 %, 85 %, 6159 MiB, 49140 MiB, 286.33 W, 300.00 W, 72, 1665 MHz
2026/09/23 15:36:00.469, 0, 97 %, 82 %, 6159 MiB, 49140 MiB, 286.39 W, 300.00 W, 73, 1935 MHz
2026/09/23 15:36:01.470, 0, 97 %, 85 %, 6159 MiB, 49140 MiB, 288.26 W, 300.00 W, 71, 1680 MHz
2026/09/23 15:36:02.471, 0, 93 %, 80 %, 6159 MiB, 49140 MiB, 288.24 W, 300.00 W, 72, 2025 MHz
2026/09/23 15:36:03.472, 0, 94 %, 83 %, 6159 MiB, 49140 MiB, 287.15 W, 300.00 W, 72, 1650 MHz
2026/09/23 15:36:04.472, 0, 98 %, 82 %, 6159 MiB, 49140 MiB, 288.91 W, 300.00 W, 74, 2085 MHz
2026/09/23 15:36:05.475, 0, 97 %, 85 %, 6159 MiB, 49140 MiB, 288.94 W, 300.00 W, 71, 1770 MHz
2026/09/23 15:36:06.475, 0, 97 %, 85 %, 6159 MiB, 49140 MiB, 289.99 W, 300.00 W, 72, 1935 MHz
2026/09/23 15:36:07.476, 0, 97 %, 86 %, 6159 MiB, 49140 MiB, 286.44 W, 300.00 W, 72, 1665 MHz
2026/09/23 15:36:08.477, 0, 97 %, 83 %, 6159 MiB, 49140 MiB, 287.98 W, 300.00 W, 73, 1830 MHz
2026/09/23 15:36:09.478, 0, 98 %, 87 %, 6159 MiB, 49140 MiB, 287.69 W, 300.00 W, 72, 2100 MHz
2026/09/23 15:36:10.479, 0, 96 %, 86 %, 6159 MiB, 49140 MiB, 289.19 W, 300.00 W, 72, 1950 MHz
2026/09/23 15:36:11.480, 0, 97 %, 86 %, 6159 MiB, 49140 MiB, 288.93 W, 300.00 W, 72, 1785 MHz
2026/09/23 15:36:12.480, 0, 97 %, 85 %, 6159 MiB, 49140 MiB, 287.48 W, 300.00 W, 73, 2085 MHz
2026/09/23 15:36:13.481, 0, 97 %, 87 %, 6159 MiB, 49140 MiB, 288.21 W, 300.00 W, 73, 2010 MHz
2026/09/23 15:36:14.482, 0, 97 %, 85 %, 6159 MiB, 49140 MiB, 289.65 W, 300.00 W, 72, 1770 MHz
2026/09/23 15:36:15.484, 0, 97 %, 85 %, 6159 MiB, 49140 MiB, 289.48 W, 300.00 W, 72, 1770 MHz
2026/09/23 15:36:16.485, 0, 97 %, 84 %, 6159 MiB, 49140 MiB, 286.43 W, 300.00 W, 73, 2100 MHz
2026/09/23 15:36:17.486, 0, 97 %, 87 %, 6159 MiB, 49140 MiB, 290.90 W, 300.00 W, 74, 1710 MHz
2026/09/23 15:36:18.487, 0, 95 %, 66 %, 6159 MiB, 49140 MiB, 292.80 W, 300.00 W, 68, 2730 MHz
2026/09/23 15:36:19.487, 0, 0 %, 0 %, 6159 MiB, 49140 MiB, 100.56 W, 300.00 W, 66, 2745 MHz
2026/09/23 15:36:20.489, 0, 0 %, 0 %, 6159 MiB, 49140 MiB, 146.31 W, 300.00 W, 70, 2025 MHz
2026/09/23 15:36:21.489, 0, 98 %, 87 %, 6159 MiB, 49140 MiB, 287.50 W, 300.00 W, 71, 1815 MHz
2026/09/23 15:36:22.492, 0, 98 %, 87 %, 6159 MiB, 49140 MiB, 285.52 W, 300.00 W, 72, 2130 MHz
2026/09/23 15:36:23.493, 0, 97 %, 87 %, 6159 MiB, 49140 MiB, 289.34 W, 300.00 W, 72, 2055 MHz
2026/09/23 15:36:24.494, 0, 97 %, 84 %, 6159 MiB, 49140 MiB, 288.54 W, 300.00 W, 72, 1800 MHz
2026/09/23 15:36:25.494, 0, 97 %, 86 %, 6159 MiB, 49140 MiB, 288.86 W, 300.00 W, 72, 1800 MHz
2026/09/23 15:36:26.495, 0, 98 %, 82 %, 6159 MiB, 49140 MiB, 288.59 W, 300.00 W, 73, 1965 MHz
2026/09/23 15:36:27.496, 0, 96 %, 85 %, 6159 MiB, 49140 MiB, 288.43 W, 300.00 W, 72, 2070 MHz
2026/09/23 15:36:28.498, 0, 98 %, 82 %, 6159 MiB, 49140 MiB, 289.82 W, 300.00 W, 73, 1680 MHz
2026/09/23 15:36:29.499, 0, 98 %, 88 %, 6159 MiB, 49140 MiB, 287.73 W, 300.00 W, 72, 2070 MHz
2026/09/23 15:36:30.500, 0, 98 %, 85 %, 6159 MiB, 49140 MiB, 289.34 W, 300.00 W, 73, 1740 MHz
2026/09/23 15:36:31.501, 0, 95 %, 84 %, 6159 MiB, 49140 MiB, 289.71 W, 300.00 W, 71, 1920 MHz
2026/09/23 15:36:32.501, 0, 97 %, 87 %, 6159 MiB, 49140 MiB, 288.89 W, 300.00 W, 72, 1665 MHz
2026/09/23 15:36:33.502, 0, 96 %, 86 %, 6159 MiB, 49140 MiB, 286.12 W, 300.00 W, 72, 1830 MHz
2026/09/23 15:36:34.503, 0, 98 %, 83 %, 6159 MiB, 49140 MiB, 288.61 W, 300.00 W, 74, 2190 MHz
2026/09/23 15:36:35.505, 0, 97 %, 87 %, 6159 MiB, 49140 MiB, 287.20 W, 300.00 W, 72, 1950 MHz
2026/09/23 15:36:36.505, 0, 94 %, 82 %, 6159 MiB, 49140 MiB, 289.29 W, 300.00 W, 71, 1980 MHz
2026/09/23 15:36:37.507, 0, 97 %, 87 %, 6159 MiB, 49140 MiB, 289.10 W, 300.00 W, 73, 1695 MHz
2026/09/23 15:36:38.507, 0, 97 %, 87 %, 6159 MiB, 49140 MiB, 286.02 W, 300.00 W, 72, 1830 MHz
2026/09/23 15:36:39.508, 0, 98 %, 84 %, 6159 MiB, 49140 MiB, 289.47 W, 300.00 W, 73, 1995 MHz
2026/09/23 15:36:40.509, 0, 98 %, 87 %, 6159 MiB, 49140 MiB, 288.60 W, 300.00 W, 73, 1965 MHz
2026/09/23 15:36:41.511, 0, 97 %, 85 %, 6159 MiB, 49140 MiB, 289.89 W, 300.00 W, 72, 1875 MHz
2026/09/23 15:36:42.512, 0, 98 %, 87 %, 6159 MiB, 49140 MiB, 286.97 W, 300.00 W, 74, 1785 MHz
2026/09/23 15:36:43.513, 0, 93 %, 67 %, 6159 MiB, 49140 MiB, 265.38 W, 300.00 W, 68, 2730 MHz
2026/09/23 15:36:44.513, 0, 0 %, 0 %, 6159 MiB, 49140 MiB, 157.12 W, 300.00 W, 72, 2130 MHz
2026/09/23 15:36:45.514, 0, 98 %, 87 %, 6159 MiB, 49140 MiB, 289.39 W, 300.00 W, 72, 2055 MHz
2026/09/23 15:36:46.515, 0, 98 %, 86 %, 6159 MiB, 49140 MiB, 289.14 W, 300.00 W, 72, 1860 MHz
2026/09/23 15:36:47.516, 0, 98 %, 88 %, 6159 MiB, 49140 MiB, 285.85 W, 300.00 W, 72, 1785 MHz
2026/09/23 15:36:48.517, 0, 97 %, 80 %, 6159 MiB, 49140 MiB, 287.66 W, 300.00 W, 72, 2115 MHz
2026/09/23 15:36:49.518, 0, 97 %, 88 %, 6159 MiB, 49140 MiB, 287.70 W, 300.00 W, 73, 1710 MHz
2026/09/23 15:36:50.518, 0, 96 %, 82 %, 6159 MiB, 49140 MiB, 288.32 W, 300.00 W, 72, 2115 MHz
2026/09/23 15:36:51.519, 0, 97 %, 87 %, 6159 MiB, 49140 MiB, 288.12 W, 300.00 W, 71, 2010 MHz
2026/09/23 15:36:52.520, 0, 97 %, 86 %, 6159 MiB, 49140 MiB, 287.91 W, 300.00 W, 72, 1725 MHz
2026/09/23 15:36:53.520, 0, 98 %, 81 %, 6159 MiB, 49140 MiB, 288.06 W, 300.00 W, 72, 2130 MHz
2026/09/23 15:36:54.522, 0, 98 %, 89 %, 6159 MiB, 49140 MiB, 289.09 W, 300.00 W, 74, 1755 MHz
2026/09/23 15:36:55.522, 0, 96 %, 82 %, 6159 MiB, 49140 MiB, 289.58 W, 300.00 W, 71, 1935 MHz
2026/09/23 15:36:56.523, 0, 98 %, 88 %, 6159 MiB, 49140 MiB, 289.96 W, 300.00 W, 72, 1695 MHz
2026/09/23 15:36:57.524, 0, 98 %, 82 %, 6159 MiB, 49140 MiB, 286.66 W, 300.00 W, 72, 1830 MHz
2026/09/23 15:36:58.525, 0, 98 %, 85 %, 6159 MiB, 49140 MiB, 288.99 W, 300.00 W, 74, 2070 MHz
2026/09/23 15:36:59.526, 0, 95 %, 84 %, 6159 MiB, 49140 MiB, 290.01 W, 300.00 W, 72, 1725 MHz
2026/09/23 15:37:00.526, 0, 97 %, 86 %, 6159 MiB, 49140 MiB, 289.69 W, 300.00 W, 73, 1725 MHz
2026/09/23 15:37:01.528, 0, 92 %, 84 %, 6159 MiB, 49140 MiB, 286.80 W, 300.00 W, 72, 2070 MHz
2026/09/23 15:37:02.529, 0, 97 %, 81 %, 6159 MiB, 49140 MiB, 288.02 W, 300.00 W, 73, 1770 MHz
2026/09/23 15:37:03.529, 0, 97 %, 87 %, 6159 MiB, 49140 MiB, 288.88 W, 300.00 W, 73, 1935 MHz
2026/09/23 15:37:04.532, 0, 98 %, 83 %, 6159 MiB, 49140 MiB, 291.23 W, 300.00 W, 71, 1710 MHz
2026/09/23 15:37:05.533, 0, 96 %, 85 %, 6159 MiB, 49140 MiB, 288.42 W, 300.00 W, 73, 2055 MHz
2026/09/23 15:37:06.533, 0, 98 %, 85 %, 6159 MiB, 49140 MiB, 287.01 W, 300.00 W, 73, 1905 MHz
2026/09/23 15:37:07.534, 0, 93 %, 65 %, 6159 MiB, 49140 MiB, 281.26 W, 300.00 W, 71, 2700 MHz
2026/09/23 15:37:08.534, 0, 0 %, 0 %, 6159 MiB, 49140 MiB, 145.47 W, 300.00 W, 72, 1785 MHz
2026/09/23 15:37:09.535, 0, 95 %, 84 %, 6159 MiB, 49140 MiB, 287.57 W, 300.00 W, 72, 1980 MHz
2026/09/23 15:37:10.536, 0, 97 %, 83 %, 6159 MiB, 49140 MiB, 288.49 W, 300.00 W, 70, 1740 MHz
2026/09/23 15:37:11.537, 0, 97 %, 87 %, 6159 MiB, 49140 MiB, 286.80 W, 300.00 W, 72, 2085 MHz
2026/09/23 15:37:12.538, 0, 98 %, 81 %, 6159 MiB, 49140 MiB, 288.28 W, 300.00 W, 73, 1785 MHz
2026/09/23 15:37:13.539, 0, 97 %, 87 %, 6159 MiB, 49140 MiB, 285.69 W, 300.00 W, 74, 2145 MHz
2026/09/23 15:37:14.541, 0, 95 %, 84 %, 6159 MiB, 49140 MiB, 288.55 W, 300.00 W, 73, 1890 MHz
2026/09/23 15:37:15.542, 0, 97 %, 85 %, 6159 MiB, 49140 MiB, 289.89 W, 300.00 W, 72, 1710 MHz
2026/09/23 15:37:16.543, 0, 97 %, 88 %, 6159 MiB, 49140 MiB, 286.58 W, 300.00 W, 72, 2130 MHz
2026/09/23 15:37:17.544, 0, 98 %, 81 %, 6159 MiB, 49140 MiB, 288.09 W, 300.00 W, 73, 1755 MHz
2026/09/23 15:37:18.544, 0, 97 %, 87 %, 6159 MiB, 49140 MiB, 290.14 W, 300.00 W, 74, 1935 MHz
2026/09/23 15:37:19.546, 0, 96 %, 82 %, 6159 MiB, 49140 MiB, 289.82 W, 300.00 W, 71, 1650 MHz
2026/09/23 15:37:20.547, 0, 97 %, 86 %, 6159 MiB, 49140 MiB, 288.68 W, 300.00 W, 73, 1830 MHz
2026/09/23 15:37:21.548, 0, 98 %, 87 %, 6159 MiB, 49140 MiB, 286.95 W, 300.00 W, 72, 2025 MHz
2026/09/23 15:37:22.549, 0, 97 %, 86 %, 6159 MiB, 49140 MiB, 288.96 W, 300.00 W, 74, 2100 MHz
2026/09/23 15:37:23.550, 0, 95 %, 86 %, 6159 MiB, 49140 MiB, 290.11 W, 300.00 W, 73, 1800 MHz
2026/09/23 15:37:24.551, 0, 94 %, 84 %, 6159 MiB, 49140 MiB, 289.53 W, 300.00 W, 72, 1815 MHz
2026/09/23 15:37:25.551, 0, 97 %, 88 %, 6159 MiB, 49140 MiB, 286.46 W, 300.00 W, 73, 2085 MHz
2026/09/23 15:37:26.552, 0, 97 %, 86 %, 6159 MiB, 49140 MiB, 285.00 W, 300.00 W, 72, 2220 MHz
2026/09/23 15:37:27.553, 0, 97 %, 81 %, 6159 MiB, 49140 MiB, 289.14 W, 300.00 W, 73, 1965 MHz
2026/09/23 15:37:28.554, 0, 96 %, 86 %, 6159 MiB, 49140 MiB, 289.33 W, 300.00 W, 73, 1950 MHz
2026/09/23 15:37:29.554, 0, 97 %, 82 %, 6159 MiB, 49140 MiB, 291.13 W, 300.00 W, 71, 1665 MHz
2026/09/23 15:37:30.556, 0, 97 %, 86 %, 6159 MiB, 49140 MiB, 288.95 W, 300.00 W, 73, 2040 MHz
2026/09/23 15:37:31.557, 0, 94 %, 65 %, 6159 MiB, 49140 MiB, 294.64 W, 300.00 W, 75, 1860 MHz
2026/09/23 15:37:32.557, 0, 0 %, 0 %, 6159 MiB, 49140 MiB, 138.37 W, 300.00 W, 71, 2085 MHz
2026/09/23 15:37:33.558, 0, 98 %, 88 %, 6159 MiB, 49140 MiB, 294.15 W, 300.00 W, 72, 2160 MHz
2026/09/23 15:37:34.559, 0, 97 %, 80 %, 6159 MiB, 49140 MiB, 287.04 W, 300.00 W, 72, 1905 MHz
2026/09/23 15:37:35.561, 0, 97 %, 88 %, 6159 MiB, 49140 MiB, 290.74 W, 300.00 W, 74, 1935 MHz
2026/09/23 15:37:36.562, 0, 92 %, 80 %, 6159 MiB, 49140 MiB, 289.18 W, 300.00 W, 72, 1635 MHz
2026/09/23 15:37:37.563, 0, 98 %, 88 %, 6159 MiB, 49140 MiB, 289.38 W, 300.00 W, 73, 1815 MHz
2026/09/23 15:37:38.564, 0, 97 %, 85 %, 6159 MiB, 49140 MiB, 287.42 W, 300.00 W, 72, 1995 MHz
2026/09/23 15:37:39.565, 0, 98 %, 88 %, 6159 MiB, 49140 MiB, 289.04 W, 300.00 W, 74, 2055 MHz
2026/09/23 15:37:40.567, 0, 96 %, 83 %, 6159 MiB, 49140 MiB, 290.23 W, 300.00 W, 72, 1680 MHz
2026/09/23 15:37:41.567, 0, 97 %, 87 %, 6159 MiB, 49140 MiB, 288.59 W, 300.00 W, 73, 1935 MHz
2026/09/23 15:37:42.569, 0, 98 %, 87 %, 6159 MiB, 49140 MiB, 286.64 W, 300.00 W, 73, 1965 MHz
2026/09/23 15:37:43.570, 0, 97 %, 88 %, 6159 MiB, 49140 MiB, 288.98 W, 300.00 W, 74, 2220 MHz
2026/09/23 15:37:44.573, 0, 95 %, 84 %, 6159 MiB, 49140 MiB, 288.96 W, 300.00 W, 72, 1710 MHz
2026/09/23 15:37:45.573, 0, 98 %, 89 %, 6159 MiB, 49140 MiB, 289.75 W, 300.00 W, 73, 1845 MHz
2026/09/23 15:37:46.574, 0, 98 %, 85 %, 6159 MiB, 49140 MiB, 287.88 W, 300.00 W, 72, 1965 MHz
2026/09/23 15:37:47.575, 0, 98 %, 89 %, 6159 MiB, 49140 MiB, 290.10 W, 300.00 W, 74, 1905 MHz
2026/09/23 15:37:48.576, 0, 96 %, 82 %, 6159 MiB, 49140 MiB, 289.77 W, 300.00 W, 72, 1620 MHz
2026/09/23 15:37:49.577, 0, 98 %, 88 %, 6159 MiB, 49140 MiB, 288.66 W, 300.00 W, 73, 1995 MHz
2026/09/23 15:37:50.578, 0, 97 %, 86 %, 6159 MiB, 49140 MiB, 287.08 W, 300.00 W, 73, 2040 MHz
2026/09/23 15:37:51.579, 0, 97 %, 85 %, 6159 MiB, 49140 MiB, 289.58 W, 300.00 W, 74, 1800 MHz
2026/09/23 15:37:52.579, 0, 95 %, 85 %, 6159 MiB, 49140 MiB, 289.39 W, 300.00 W, 72, 1800 MHz
2026/09/23 15:37:53.581, 0, 96 %, 86 %, 6159 MiB, 49140 MiB, 289.44 W, 300.00 W, 73, 2130 MHz
2026/09/23 15:37:54.582, 0, 88 %, 79 %, 6159 MiB, 49140 MiB, 285.87 W, 300.00 W, 73, 1785 MHz
2026/09/23 15:37:55.583, 0, 90 %, 63 %, 6159 MiB, 49140 MiB, 293.11 W, 300.00 W, 74, 1770 MHz
2026/09/23 15:37:56.583, 0, 0 %, 0 %, 6159 MiB, 49140 MiB, 147.63 W, 300.00 W, 71, 2085 MHz
2026/09/23 15:37:57.584, 0, 97 %, 81 %, 6159 MiB, 49140 MiB, 286.00 W, 300.00 W, 73, 1875 MHz
2026/09/23 15:37:58.586, 0, 97 %, 88 %, 6159 MiB, 49140 MiB, 289.58 W, 300.00 W, 74, 1665 MHz
2026/09/23 15:37:59.586, 0, 96 %, 83 %, 6159 MiB, 49140 MiB, 288.49 W, 300.00 W, 71, 2055 MHz
2026/09/23 15:38:00.587, 0, 98 %, 88 %, 6159 MiB, 49140 MiB, 287.75 W, 300.00 W, 73, 1995 MHz
2026/09/23 15:38:01.588, 0, 98 %, 87 %, 6159 MiB, 49140 MiB, 286.82 W, 300.00 W, 73, 2025 MHz
2026/09/23 15:38:02.589, 0, 94 %, 85 %, 6159 MiB, 49140 MiB, 289.41 W, 300.00 W, 73, 1710 MHz
2026/09/23 15:38:03.589, 0, 96 %, 83 %, 6159 MiB, 49140 MiB, 290.26 W, 300.00 W, 72, 1815 MHz
2026/09/23 15:38:04.590, 0, 97 %, 87 %, 6159 MiB, 49140 MiB, 287.54 W, 300.00 W, 73, 2085 MHz
2026/09/23 15:38:05.591, 0, 97 %, 86 %, 6159 MiB, 49140 MiB, 286.62 W, 300.00 W, 73, 1905 MHz
2026/09/23 15:38:06.591, 0, 98 %, 81 %, 6159 MiB, 49140 MiB, 288.77 W, 300.00 W, 74, 1995 MHz
2026/09/23 15:38:07.593, 0, 96 %, 85 %, 6159 MiB, 49140 MiB, 289.80 W, 300.00 W, 72, 1710 MHz
2026/09/23 15:38:08.595, 0, 98 %, 85 %, 6159 MiB, 49140 MiB, 288.67 W, 300.00 W, 73, 2130 MHz
2026/09/23 15:38:09.595, 0, 97 %, 88 %, 6159 MiB, 49140 MiB, 287.01 W, 300.00 W, 72, 2115 MHz
2026/09/23 15:38:10.596, 0, 97 %, 81 %, 6159 MiB, 49140 MiB, 287.40 W, 300.00 W, 74, 1965 MHz
2026/09/23 15:38:11.597, 0, 95 %, 84 %, 6159 MiB, 49140 MiB, 289.11 W, 300.00 W, 72, 1710 MHz
2026/09/23 15:38:12.600, 0, 97 %, 83 %, 6159 MiB, 49140 MiB, 289.08 W, 300.00 W, 73, 2070 MHz
2026/09/23 15:38:13.601, 0, 98 %, 88 %, 6159 MiB, 49140 MiB, 288.45 W, 300.00 W, 72, 1920 MHz
2026/09/23 15:38:14.604, 0, 91 %, 79 %, 6159 MiB, 49140 MiB, 287.64 W, 300.00 W, 73, 2055 MHz
2026/09/23 15:38:15.604, 0, 98 %, 86 %, 6159 MiB, 49140 MiB, 289.62 W, 300.00 W, 73, 1740 MHz
2026/09/23 15:38:16.605, 0, 95 %, 84 %, 6159 MiB, 49140 MiB, 290.20 W, 300.00 W, 72, 1785 MHz
2026/09/23 15:38:17.607, 0, 98 %, 88 %, 6159 MiB, 49140 MiB, 289.33 W, 300.00 W, 72, 1995 MHz
2026/09/23 15:38:18.608, 0, 98 %, 86 %, 6159 MiB, 49140 MiB, 286.08 W, 300.00 W, 72, 1950 MHz
2026/09/23 15:38:19.608, 0, 93 %, 64 %, 6159 MiB, 49140 MiB, 296.24 W, 300.00 W, 75, 1695 MHz
2026/09/23 15:38:20.609, 0, 0 %, 0 %, 6159 MiB, 49140 MiB, 147.73 W, 300.00 W, 73, 2355 MHz
2026/09/23 15:38:21.610, 0, 95 %, 86 %, 6159 MiB, 49140 MiB, 278.58 W, 300.00 W, 71, 1710 MHz
2026/09/23 15:38:22.610, 0, 98 %, 85 %, 6159 MiB, 49140 MiB, 287.07 W, 300.00 W, 73, 2010 MHz
2026/09/23 15:38:23.612, 0, 98 %, 87 %, 6159 MiB, 49140 MiB, 289.10 W, 300.00 W, 72, 1845 MHz
2026/09/23 15:38:24.613, 0, 98 %, 82 %, 6159 MiB, 49140 MiB, 288.40 W, 300.00 W, 74, 1950 MHz
2026/09/23 15:38:25.613, 0, 97 %, 88 %, 6159 MiB, 49140 MiB, 290.11 W, 300.00 W, 72, 1695 MHz
2026/09/23 15:38:26.614, 0, 97 %, 83 %, 6159 MiB, 49140 MiB, 290.67 W, 300.00 W, 73, 2115 MHz
2026/09/23 15:38:27.615, 0, 98 %, 88 %, 6159 MiB, 49140 MiB, 287.19 W, 300.00 W, 73, 1905 MHz
2026/09/23 15:38:28.619, 0, 96 %, 80 %, 6159 MiB, 49140 MiB, 285.45 W, 300.00 W, 73, 2175 MHz
2026/09/23 15:38:29.620, 0, 98 %, 89 %, 6159 MiB, 49140 MiB, 288.13 W, 300.00 W, 73, 1620 MHz
2026/09/23 15:38:30.621, 0, 98 %, 84 %, 6159 MiB, 49140 MiB, 289.88 W, 300.00 W, 74, 2055 MHz
2026/09/23 15:38:31.623, 0, 96 %, 86 %, 6159 MiB, 49140 MiB, 288.39 W, 300.00 W, 72, 1710 MHz
2026/09/23 15:38:32.625, 0, 97 %, 81 %, 6159 MiB, 49140 MiB, 287.83 W, 300.00 W, 74, 1920 MHz
2026/09/23 15:38:33.626, 0, 97 %, 87 %, 6159 MiB, 49140 MiB, 289.76 W, 300.00 W, 73, 1620 MHz
2026/09/23 15:38:34.628, 0, 97 %, 82 %, 6159 MiB, 49140 MiB, 290.10 W, 300.00 W, 73, 2040 MHz
2026/09/23 15:38:35.628, 0, 97 %, 86 %, 6159 MiB, 49140 MiB, 289.45 W, 300.00 W, 73, 1680 MHz
2026/09/23 15:38:36.629, 0, 98 %, 82 %, 6159 MiB, 49140 MiB, 288.98 W, 300.00 W, 73, 1935 MHz
2026/09/23 15:38:37.631, 0, 97 %, 88 %, 6159 MiB, 49140 MiB, 286.35 W, 300.00 W, 74, 1920 MHz
2026/09/23 15:38:38.631, 0, 97 %, 87 %, 6159 MiB, 49140 MiB, 288.45 W, 300.00 W, 73, 1680 MHz
2026/09/23 15:38:39.632, 0, 96 %, 82 %, 6159 MiB, 49140 MiB, 290.21 W, 300.00 W, 72, 2085 MHz
2026/09/23 15:38:40.633, 0, 98 %, 88 %, 6159 MiB, 49140 MiB, 288.55 W, 300.00 W, 73, 1935 MHz
2026/09/23 15:38:41.633, 0, 97 %, 87 %, 6159 MiB, 49140 MiB, 287.70 W, 300.00 W, 73, 1935 MHz
2026/09/23 15:38:42.634, 0, 98 %, 81 %, 6159 MiB, 49140 MiB, 288.39 W, 300.00 W, 75, 1710 MHz
2026/09/23 15:38:43.635, 0, 92 %, 67 %, 6159 MiB, 49140 MiB, 292.63 W, 300.00 W, 75, 1665 MHz
2026/09/23 15:38:44.635, 0, 9 %, 0 %, 6159 MiB, 49140 MiB, 156.58 W, 300.00 W, 67, 2730 MHz
2026/09/23 15:38:45.637, 0, 0 %, 0 %, 6159 MiB, 49140 MiB, 109.30 W, 300.00 W, 73, 1740 MHz
2026/09/23 15:38:46.638, 0, 96 %, 86 %, 6159 MiB, 49140 MiB, 291.53 W, 300.00 W, 70, 2130 MHz
2026/09/23 15:38:47.639, 0, 98 %, 87 %, 6159 MiB, 49140 MiB, 287.96 W, 300.00 W, 73, 1755 MHz
2026/09/23 15:38:48.640, 0, 98 %, 89 %, 6159 MiB, 49140 MiB, 286.33 W, 300.00 W, 72, 1965 MHz
2026/09/23 15:38:49.640, 0, 98 %, 81 %, 6159 MiB, 49140 MiB, 287.70 W, 300.00 W, 74, 1710 MHz
2026/09/23 15:38:50.641, 0, 96 %, 85 %, 6159 MiB, 49140 MiB, 289.17 W, 300.00 W, 71, 2115 MHz
2026/09/23 15:38:51.642, 0, 98 %, 85 %, 6159 MiB, 49140 MiB, 289.72 W, 300.00 W, 73, 1755 MHz
2026/09/23 15:38:52.643, 0, 98 %, 88 %, 6159 MiB, 49140 MiB, 287.61 W, 300.00 W, 72, 1935 MHz
2026/09/23 15:38:53.644, 0, 97 %, 80 %, 6159 MiB, 49140 MiB, 287.39 W, 300.00 W, 74, 1695 MHz
2026/09/23 15:38:54.645, 0, 95 %, 85 %, 6159 MiB, 49140 MiB, 288.91 W, 300.00 W, 71, 2145 MHz
2026/09/23 15:38:55.645, 0, 98 %, 85 %, 6159 MiB, 49140 MiB, 289.20 W, 300.00 W, 73, 1785 MHz
2026/09/23 15:38:56.646, 0, 98 %, 88 %, 6159 MiB, 49140 MiB, 286.14 W, 300.00 W, 73, 1980 MHz
2026/09/23 15:38:57.647, 0, 97 %, 80 %, 6159 MiB, 49140 MiB, 287.77 W, 300.00 W, 74, 1695 MHz
2026/09/23 15:38:58.648, 0, 96 %, 85 %, 6159 MiB, 49140 MiB, 288.53 W, 300.00 W, 71, 2100 MHz
2026/09/23 15:38:59.649, 0, 97 %, 83 %, 6159 MiB, 49140 MiB, 287.97 W, 300.00 W, 73, 1710 MHz
2026/09/23 15:39:00.650, 0, 97 %, 87 %, 6159 MiB, 49140 MiB, 288.28 W, 300.00 W, 73, 1965 MHz
2026/09/23 15:39:01.651, 0, 98 %, 82 %, 6159 MiB, 49140 MiB, 288.80 W, 300.00 W, 74, 1725 MHz
2026/09/23 15:39:02.652, 0, 95 %, 85 %, 6159 MiB, 49140 MiB, 289.50 W, 300.00 W, 71, 2085 MHz
2026/09/23 15:39:03.653, 0, 97 %, 87 %, 6159 MiB, 49140 MiB, 289.19 W, 300.00 W, 73, 1905 MHz
2026/09/23 15:39:04.654, 0, 98 %, 88 %, 6159 MiB, 49140 MiB, 286.46 W, 300.00 W, 73, 1965 MHz
2026/09/23 15:39:05.655, 0, 98 %, 82 %, 6159 MiB, 49140 MiB, 288.64 W, 300.00 W, 74, 1755 MHz
2026/09/23 15:39:06.655, 0, 95 %, 85 %, 6159 MiB, 49140 MiB, 288.62 W, 300.00 W, 71, 2130 MHz
2026/09/23 15:39:07.657, 0, 96 %, 86 %, 6159 MiB, 49140 MiB, 289.71 W, 300.00 W, 72, 1950 MHz
2026/09/23 15:39:08.658, 0, 91 %, 64 %, 6159 MiB, 49140 MiB, 293.32 W, 300.00 W, 75, 1635 MHz
2026/09/23 15:39:09.658, 0, 0 %, 0 %, 6159 MiB, 49140 MiB, 130.05 W, 300.00 W, 67, 2730 MHz
2026/09/23 15:39:10.659, 0, 0 %, 0 %, 6159 MiB, 49140 MiB, 122.98 W, 300.00 W, 72, 1725 MHz
2026/09/23 15:39:11.660, 0, 97 %, 88 %, 6159 MiB, 49140 MiB, 286.76 W, 300.00 W, 72, 1845 MHz
2026/09/23 15:39:12.662, 0, 96 %, 84 %, 6159 MiB, 49140 MiB, 288.39 W, 300.00 W, 72, 1875 MHz
2026/09/23 15:39:13.663, 0, 97 %, 87 %, 6159 MiB, 49140 MiB, 285.90 W, 300.00 W, 72, 1935 MHz
2026/09/23 15:39:14.664, 0, 97 %, 81 %, 6159 MiB, 49140 MiB, 285.81 W, 300.00 W, 73, 1695 MHz
2026/09/23 15:39:15.664, 0, 97 %, 88 %, 6159 MiB, 49140 MiB, 287.42 W, 300.00 W, 73, 1815 MHz
2026/09/23 15:39:16.665, 0, 93 %, 83 %, 6159 MiB, 49140 MiB, 287.24 W, 300.00 W, 71, 2130 MHz
2026/09/23 15:39:17.665, 0, 98 %, 88 %, 6159 MiB, 49140 MiB, 288.27 W, 300.00 W, 72, 2010 MHz
2026/09/23 15:39:18.666, 0, 98 %, 85 %, 6159 MiB, 49140 MiB, 287.14 W, 300.00 W, 72, 1725 MHz
2026/09/23 15:39:19.667, 0, 97 %, 88 %, 6159 MiB, 49140 MiB, 287.40 W, 300.00 W, 72, 1800 MHz
2026/09/23 15:39:20.667, 0, 97 %, 83 %, 6159 MiB, 49140 MiB, 289.24 W, 300.00 W, 72, 2130 MHz
2026/09/23 15:39:21.668, 0, 97 %, 87 %, 6159 MiB, 49140 MiB, 286.69 W, 300.00 W, 72, 2115 MHz
2026/09/23 15:39:22.669, 0, 97 %, 82 %, 6159 MiB, 49140 MiB, 287.61 W, 300.00 W, 74, 1665 MHz
2026/09/23 15:39:23.671, 0, 97 %, 88 %, 6159 MiB, 49140 MiB, 287.17 W, 300.00 W, 72, 1935 MHz
2026/09/23 15:39:24.672, 0, 97 %, 83 %, 6159 MiB, 49140 MiB, 288.81 W, 300.00 W, 73, 1800 MHz
2026/09/23 15:39:25.673, 0, 98 %, 87 %, 6159 MiB, 49140 MiB, 287.07 W, 300.00 W, 73, 1950 MHz
2026/09/23 15:39:26.674, 0, 97 %, 80 %, 6159 MiB, 49140 MiB, 287.93 W, 300.00 W, 74, 1725 MHz
2026/09/23 15:39:27.675, 0, 96 %, 85 %, 6159 MiB, 49140 MiB, 288.30 W, 300.00 W, 71, 1815 MHz
2026/09/23 15:39:28.675, 0, 98 %, 88 %, 6159 MiB, 49140 MiB, 289.93 W, 300.00 W, 72, 1920 MHz
2026/09/23 15:39:29.676, 0, 98 %, 87 %, 6159 MiB, 49140 MiB, 288.12 W, 300.00 W, 72, 1785 MHz
2026/09/23 15:39:30.676, 0, 97 %, 85 %, 6159 MiB, 49140 MiB, 288.88 W, 300.00 W, 73, 2160 MHz
2026/09/23 15:39:31.678, 0, 96 %, 86 %, 6159 MiB, 49140 MiB, 289.97 W, 300.00 W, 72, 2010 MHz
2026/09/23 15:39:32.678, 0, 98 %, 89 %, 6159 MiB, 49140 MiB, 289.07 W, 300.00 W, 74, 1920 MHz
2026/09/23 15:39:33.679, 0, 95 %, 66 %, 6159 MiB, 49140 MiB, 295.40 W, 300.00 W, 71, 2505 MHz
2026/09/23 15:39:34.680, 0, 0 %, 0 %, 6159 MiB, 49140 MiB, 103.88 W, 300.00 W, 66, 2625 MHz
2026/09/23 15:39:35.680, 0, 0 %, 0 %, 6159 MiB, 49140 MiB, 109.17 W, 300.00 W, 71, 2070 MHz
2026/09/23 15:39:36.681, 0, 98 %, 87 %, 6159 MiB, 49140 MiB, 285.04 W, 300.00 W, 71, 1680 MHz
2026/09/23 15:39:37.682, 0, 97 %, 83 %, 6159 MiB, 49140 MiB, 285.52 W, 300.00 W, 73, 1875 MHz
2026/09/23 15:39:38.683, 0, 97 %, 87 %, 6159 MiB, 49140 MiB, 287.74 W, 300.00 W, 71, 1980 MHz
2026/09/23 15:39:39.684, 0, 98 %, 83 %, 6159 MiB, 49140 MiB, 289.43 W, 300.00 W, 72, 1875 MHz
2026/09/23 15:39:40.684, 0, 98 %, 87 %, 6159 MiB, 49140 MiB, 286.38 W, 300.00 W, 72, 1725 MHz
2026/09/23 15:39:41.685, 0, 96 %, 80 %, 6159 MiB, 49140 MiB, 287.69 W, 300.00 W, 73, 1950 MHz
2026/09/23 15:39:42.686, 0, 96 %, 87 %, 6159 MiB, 49140 MiB, 287.74 W, 300.00 W, 72, 1980 MHz
2026/09/23 15:39:43.687, 0, 98 %, 84 %, 6159 MiB, 49140 MiB, 289.42 W, 300.00 W, 72, 1950 MHz
2026/09/23 15:39:44.687, 0, 98 %, 88 %, 6159 MiB, 49140 MiB, 286.78 W, 300.00 W, 72, 1650 MHz
2026/09/23 15:39:45.688, 0, 98 %, 81 %, 6159 MiB, 49140 MiB, 286.82 W, 300.00 W, 74, 2085 MHz
2026/09/23 15:39:46.689, 0, 97 %, 86 %, 6159 MiB, 49140 MiB, 287.96 W, 300.00 W, 71, 1770 MHz
2026/09/23 15:39:47.691, 0, 98 %, 85 %, 6159 MiB, 49140 MiB, 289.49 W, 300.00 W, 72, 1920 MHz
2026/09/23 15:39:48.692, 0, 97 %, 87 %, 6159 MiB, 49140 MiB, 286.62 W, 300.00 W, 72, 1635 MHz
2026/09/23 15:39:49.693, 0, 97 %, 80 %, 6159 MiB, 49140 MiB, 287.51 W, 300.00 W, 74, 1920 MHz
2026/09/23 15:39:50.694, 0, 97 %, 87 %, 6159 MiB, 49140 MiB, 288.76 W, 300.00 W, 71, 1935 MHz
2026/09/23 15:39:51.696, 0, 96 %, 82 %, 6159 MiB, 49140 MiB, 289.67 W, 300.00 W, 73, 1875 MHz
2026/09/23 15:39:52.696, 0, 96 %, 87 %, 6159 MiB, 49140 MiB, 287.99 W, 300.00 W, 72, 1635 MHz
2026/09/23 15:39:53.698, 0, 96 %, 80 %, 6159 MiB, 49140 MiB, 288.07 W, 300.00 W, 74, 2025 MHz
2026/09/23 15:39:54.699, 0, 96 %, 87 %, 6159 MiB, 49140 MiB, 289.21 W, 300.00 W, 72, 1890 MHz
2026/09/23 15:39:55.700, 0, 95 %, 81 %, 6159 MiB, 49140 MiB, 287.83 W, 300.00 W, 71, 2010 MHz
2026/09/23 15:39:56.701, 0, 96 %, 87 %, 6159 MiB, 49140 MiB, 288.44 W, 300.00 W, 72, 1890 MHz
2026/09/23 15:39:57.703, 0, 98 %, 86 %, 6159 MiB, 49140 MiB, 286.36 W, 300.00 W, 72, 1740 MHz
2026/09/23 15:39:58.703, 0, 93 %, 66 %, 6159 MiB, 49140 MiB, 297.50 W, 300.00 W, 73, 1620 MHz
2026/09/23 15:39:59.704, 0, 0 %, 0 %, 6159 MiB, 49140 MiB, 153.00 W, 300.00 W, 71, 2055 MHz
2026/09/23 15:40:00.704, 0, 98 %, 87 %, 6159 MiB, 49140 MiB, 287.46 W, 300.00 W, 72, 1755 MHz
2026/09/23 15:40:01.706, 0, 97 %, 81 %, 6159 MiB, 49140 MiB, 287.75 W, 300.00 W, 73, 1815 MHz
2026/09/23 15:40:02.706, 0, 94 %, 86 %, 6159 MiB, 49140 MiB, 285.67 W, 300.00 W, 72, 2100 MHz
2026/09/23 15:40:03.707, 0, 94 %, 83 %, 6159 MiB, 49140 MiB, 288.38 W, 300.00 W, 70, 1935 MHz
2026/09/23 15:40:04.708, 0, 97 %, 87 %, 6159 MiB, 49140 MiB, 288.26 W, 300.00 W, 73, 1920 MHz
2026/09/23 15:40:05.709, 0, 97 %, 86 %, 6159 MiB, 49140 MiB, 287.03 W, 300.00 W, 72, 1635 MHz
2026/09/23 15:40:06.709, 0, 98 %, 81 %, 6159 MiB, 49140 MiB, 287.92 W, 300.00 W, 73, 1785 MHz
2026/09/23 15:40:07.710, 0, 96 %, 86 %, 6159 MiB, 49140 MiB, 288.48 W, 300.00 W, 73, 2085 MHz
2026/09/23 15:40:08.711, 0, 94 %, 84 %, 6159 MiB, 49140 MiB, 288.48 W, 300.00 W, 71, 1770 MHz
2026/09/23 15:40:09.711, 0, 98 %, 84 %, 6159 MiB, 49140 MiB, 288.20 W, 300.00 W, 73, 1905 MHz
2026/09/23 15:40:10.713, 0, 96 %, 86 %, 6159 MiB, 49140 MiB, 287.95 W, 300.00 W, 72, 1680 MHz
2026/09/23 15:40:11.714, 0, 98 %, 81 %, 6159 MiB, 49140 MiB, 288.86 W, 300.00 W, 74, 1890 MHz
2026/09/23 15:40:12.715, 0, 97 %, 87 %, 6159 MiB, 49140 MiB, 287.68 W, 300.00 W, 73, 2190 MHz
2026/09/23 15:40:13.716, 0, 96 %, 85 %, 6159 MiB, 49140 MiB, 288.50 W, 300.00 W, 71, 1815 MHz
2026/09/23 15:40:14.718, 0, 97 %, 84 %, 6159 MiB, 49140 MiB, 289.46 W, 300.00 W, 73, 1890 MHz
2026/09/23 15:40:15.719, 0, 94 %, 83 %, 6159 MiB, 49140 MiB, 286.91 W, 300.00 W, 72, 1950 MHz
2026/09/23 15:40:16.722, 0, 96 %, 85 %, 6159 MiB, 49140 MiB, 287.32 W, 300.00 W, 72, 1785 MHz
2026/09/23 15:40:17.723, 0, 97 %, 83 %, 6159 MiB, 49140 MiB, 288.26 W, 300.00 W, 74, 1725 MHz
2026/09/23 15:40:18.724, 0, 96 %, 85 %, 6159 MiB, 49140 MiB, 288.56 W, 300.00 W, 72, 1965 MHz
2026/09/23 15:40:19.728, 0, 98 %, 85 %, 6159 MiB, 49140 MiB, 289.27 W, 300.00 W, 73, 1695 MHz
2026/09/23 15:40:20.728, 0, 97 %, 87 %, 6159 MiB, 49140 MiB, 287.71 W, 300.00 W, 73, 2085 MHz
2026/09/23 15:40:21.730, 0, 97 %, 80 %, 6159 MiB, 49140 MiB, 287.75 W, 300.00 W, 74, 2025 MHz
2026/09/23 15:40:22.730, 0, 93 %, 67 %, 6159 MiB, 49140 MiB, 295.08 W, 300.00 W, 74, 1590 MHz
2026/09/23 15:40:23.731, 0, 0 %, 0 %, 6159 MiB, 49140 MiB, 149.08 W, 300.00 W, 71, 2055 MHz
2026/09/23 15:40:24.731, 0, 97 %, 83 %, 6159 MiB, 49140 MiB, 282.27 W, 300.00 W, 72, 1680 MHz
2026/09/23 15:40:25.732, 0, 97 %, 87 %, 6159 MiB, 49140 MiB, 286.52 W, 300.00 W, 72, 2085 MHz
2026/09/23 15:40:26.733, 0, 98 %, 81 %, 6159 MiB, 49140 MiB, 287.13 W, 300.00 W, 74, 1920 MHz
2026/09/23 15:40:27.734, 0, 96 %, 85 %, 6159 MiB, 49140 MiB, 288.12 W, 300.00 W, 71, 1905 MHz
2026/09/23 15:40:28.734, 0, 97 %, 82 %, 6159 MiB, 49140 MiB, 289.49 W, 300.00 W, 73, 1710 MHz
2026/09/23 15:40:29.735, 0, 97 %, 87 %, 6159 MiB, 49140 MiB, 288.46 W, 300.00 W, 72, 1785 MHz
2026/09/23 15:40:30.736, 0, 98 %, 82 %, 6159 MiB, 49140 MiB, 288.01 W, 300.00 W, 73, 2085 MHz
2026/09/23 15:40:31.737, 0, 96 %, 87 %, 6159 MiB, 49140 MiB, 288.95 W, 300.00 W, 73, 1995 MHz
2026/09/23 15:40:32.737, 0, 97 %, 84 %, 6159 MiB, 49140 MiB, 289.43 W, 300.00 W, 71, 1905 MHz
2026/09/23 15:40:33.740, 0, 97 %, 87 %, 6159 MiB, 49140 MiB, 286.60 W, 300.00 W, 72, 1725 MHz
2026/09/23 15:40:34.740, 0, 98 %, 87 %, 6159 MiB, 49140 MiB, 288.24 W, 300.00 W, 72, 2115 MHz
2026/09/23 15:40:35.741, 0, 98 %, 87 %, 6159 MiB, 49140 MiB, 290.09 W, 300.00 W, 73, 1980 MHz
2026/09/23 15:40:36.741, 0, 96 %, 83 %, 6159 MiB, 49140 MiB, 289.47 W, 300.00 W, 72, 1980 MHz
2026/09/23 15:40:37.743, 0, 97 %, 86 %, 6159 MiB, 49140 MiB, 288.02 W, 300.00 W, 73, 1710 MHz
2026/09/23 15:40:38.745, 0, 98 %, 88 %, 6159 MiB, 49140 MiB, 288.12 W, 300.00 W, 72, 2130 MHz
2026/09/23 15:40:39.745, 0, 98 %, 85 %, 6159 MiB, 49140 MiB, 286.92 W, 300.00 W, 74, 1920 MHz
2026/09/23 15:40:40.748, 0, 97 %, 87 %, 6159 MiB, 49140 MiB, 289.51 W, 300.00 W, 72, 2190 MHz
2026/09/23 15:40:41.748, 0, 97 %, 88 %, 6159 MiB, 49140 MiB, 288.36 W, 300.00 W, 73, 1695 MHz
2026/09/23 15:40:42.749, 0, 98 %, 87 %, 6159 MiB, 49140 MiB, 286.90 W, 300.00 W, 72, 1815 MHz
2026/09/23 15:40:43.750, 0, 96 %, 82 %, 6159 MiB, 49140 MiB, 287.25 W, 300.00 W, 73, 2085 MHz
2026/09/23 15:40:44.753, 0, 96 %, 84 %, 6159 MiB, 49140 MiB, 287.93 W, 300.00 W, 73, 2010 MHz
2026/09/23 15:40:45.754, 0, 96 %, 83 %, 6159 MiB, 49140 MiB, 288.24 W, 300.00 W, 71, 2010 MHz
2026/09/23 15:40:46.755, 0, 88 %, 61 %, 6159 MiB, 49140 MiB, 291.85 W, 300.00 W, 74, 1695 MHz
2026/09/23 15:40:47.755, 0, 0 %, 0 %, 6159 MiB, 49140 MiB, 146.03 W, 300.00 W, 67, 2475 MHz
2026/09/23 15:40:48.757, 0, 97 %, 87 %, 6159 MiB, 49140 MiB, 280.89 W, 300.00 W, 73, 1665 MHz
2026/09/23 15:40:49.758, 0, 97 %, 86 %, 6159 MiB, 49140 MiB, 284.52 W, 300.00 W, 72, 1830 MHz
2026/09/23 15:40:50.758, 0, 98 %, 82 %, 6159 MiB, 49140 MiB, 287.32 W, 300.00 W, 73, 2100 MHz
2026/09/23 15:40:51.759, 0, 96 %, 85 %, 6159 MiB, 49140 MiB, 287.82 W, 300.00 W, 72, 1995 MHz
2026/09/23 15:40:52.760, 0, 97 %, 84 %, 6159 MiB, 49140 MiB, 288.26 W, 300.00 W, 72, 1920 MHz
2026/09/23 15:40:53.762, 0, 98 %, 87 %, 6159 MiB, 49140 MiB, 286.61 W, 300.00 W, 72, 1770 MHz
2026/09/23 15:40:54.763, 0, 98 %, 83 %, 6159 MiB, 49140 MiB, 287.43 W, 300.00 W, 73, 1995 MHz
2026/09/23 15:40:55.764, 0, 96 %, 86 %, 6159 MiB, 49140 MiB, 285.61 W, 300.00 W, 73, 1770 MHz
2026/09/23 15:40:56.765, 0, 98 %, 84 %, 6159 MiB, 49140 MiB, 289.86 W, 300.00 W, 71, 1965 MHz
2026/09/23 15:40:57.766, 0, 97 %, 86 %, 6159 MiB, 49140 MiB, 287.88 W, 300.00 W, 73, 2070 MHz
2026/09/23 15:40:58.767, 0, 97 %, 87 %, 6159 MiB, 49140 MiB, 288.89 W, 300.00 W, 72, 1785 MHz
2026/09/23 15:40:59.768, 0, 95 %, 84 %, 6159 MiB, 49140 MiB, 286.18 W, 300.00 W, 72, 1740 MHz
2026/09/23 15:41:00.768, 0, 97 %, 87 %, 6159 MiB, 49140 MiB, 287.68 W, 300.00 W, 72, 2145 MHz
2026/09/23 15:41:01.769, 0, 97 %, 86 %, 6159 MiB, 49140 MiB, 289.84 W, 300.00 W, 73, 1920 MHz
2026/09/23 15:41:02.770, 0, 98 %, 87 %, 6159 MiB, 49140 MiB, 290.04 W, 300.00 W, 71, 1965 MHz
2026/09/23 15:41:03.771, 0, 95 %, 83 %, 6159 MiB, 49140 MiB, 287.64 W, 300.00 W, 73, 1680 MHz
2026/09/23 15:41:04.772, 0, 98 %, 83 %, 6159 MiB, 49140 MiB, 284.94 W, 300.00 W, 72, 1830 MHz
2026/09/23 15:41:05.773, 0, 97 %, 87 %, 6159 MiB, 49140 MiB, 288.90 W, 300.00 W, 73, 1935 MHz
2026/09/23 15:41:06.775, 0, 98 %, 85 %, 6159 MiB, 49140 MiB, 289.82 W, 300.00 W, 73, 1935 MHz
2026/09/23 15:41:07.777, 0, 98 %, 86 %, 6159 MiB, 49140 MiB, 289.42 W, 300.00 W, 72, 1725 MHz
2026/09/23 15:41:08.778, 0, 96 %, 85 %, 6159 MiB, 49140 MiB, 287.23 W, 300.00 W, 72, 2100 MHz
2026/09/23 15:41:09.780, 0, 94 %, 68 %, 6159 MiB, 49140 MiB, 288.54 W, 300.00 W, 74, 1680 MHz
2026/09/23 15:41:10.780, 0, 0 %, 0 %, 6159 MiB, 49140 MiB, 246.14 W, 300.00 W, 68, 2730 MHz
2026/09/23 15:41:11.781, 0, 90 %, 80 %, 6159 MiB, 49140 MiB, 169.10 W, 300.00 W, 72, 2235 MHz
2026/09/23 15:41:12.783, 0, 98 %, 88 %, 6159 MiB, 49140 MiB, 287.60 W, 300.00 W, 72, 1800 MHz
2026/09/23 15:41:13.783, 0, 98 %, 87 %, 6159 MiB, 49140 MiB, 289.06 W, 300.00 W, 73, 2010 MHz
2026/09/23 15:41:14.784, 0, 98 %, 87 %, 6159 MiB, 49140 MiB, 289.43 W, 300.00 W, 72, 1800 MHz
2026/09/23 15:41:15.785, 0, 96 %, 85 %, 6159 MiB, 49140 MiB, 285.91 W, 300.00 W, 72, 2100 MHz
2026/09/23 15:41:16.786, 0, 98 %, 86 %, 6159 MiB, 49140 MiB, 288.29 W, 300.00 W, 72, 1845 MHz
2026/09/23 15:41:17.786, 0, 97 %, 85 %, 6159 MiB, 49140 MiB, 288.60 W, 300.00 W, 73, 1995 MHz
2026/09/23 15:41:18.787, 0, 97 %, 87 %, 6159 MiB, 49140 MiB, 289.19 W, 300.00 W, 71, 1695 MHz
2026/09/23 15:41:19.788, 0, 96 %, 84 %, 6159 MiB, 49140 MiB, 286.78 W, 300.00 W, 72, 2070 MHz
2026/09/23 15:41:20.788, 0, 97 %, 86 %, 6159 MiB, 49140 MiB, 288.35 W, 300.00 W, 73, 1830 MHz
2026/09/23 15:41:21.790, 0, 97 %, 85 %, 6159 MiB, 49140 MiB, 288.65 W, 300.00 W, 73, 1980 MHz
2026/09/23 15:41:22.791, 0, 98 %, 88 %, 6159 MiB, 49140 MiB, 288.72 W, 300.00 W, 72, 1770 MHz
2026/09/23 15:41:23.792, 0, 93 %, 81 %, 6159 MiB, 49140 MiB, 286.89 W, 300.00 W, 72, 2190 MHz
2026/09/23 15:41:24.793, 0, 97 %, 87 %, 6159 MiB, 49140 MiB, 287.46 W, 300.00 W, 73, 1800 MHz
2026/09/23 15:41:25.794, 0, 98 %, 87 %, 6159 MiB, 49140 MiB, 289.80 W, 300.00 W, 74, 1950 MHz
2026/09/23 15:41:26.795, 0, 97 %, 84 %, 6159 MiB, 49140 MiB, 290.26 W, 300.00 W, 71, 1665 MHz
2026/09/23 15:41:27.796, 0, 96 %, 84 %, 6159 MiB, 49140 MiB, 288.12 W, 300.00 W, 73, 1920 MHz
2026/09/23 15:41:28.799, 0, 98 %, 85 %, 6159 MiB, 49140 MiB, 287.06 W, 300.00 W, 72, 1920 MHz
2026/09/23 15:41:29.799, 0, 98 %, 87 %, 6159 MiB, 49140 MiB, 289.05 W, 300.00 W, 74, 2040 MHz
2026/09/23 15:41:30.800, 0, 98 %, 83 %, 6159 MiB, 49140 MiB, 289.76 W, 300.00 W, 72, 1665 MHz
2026/09/23 15:41:31.801, 0, 97 %, 85 %, 6159 MiB, 49140 MiB, 288.92 W, 300.00 W, 73, 1815 MHz
2026/09/23 15:41:32.802, 0, 98 %, 82 %, 6159 MiB, 49140 MiB, 286.07 W, 300.00 W, 73, 2040 MHz
2026/09/23 15:41:33.803, 0, 93 %, 67 %, 6159 MiB, 49140 MiB, 289.26 W, 300.00 W, 74, 1710 MHz
2026/09/23 15:41:34.804, 0, 0 %, 0 %, 6159 MiB, 49140 MiB, 260.86 W, 300.00 W, 68, 2505 MHz
2026/09/23 15:41:35.804, 0, 96 %, 86 %, 6159 MiB, 49140 MiB, 151.86 W, 300.00 W, 73, 2010 MHz
2026/09/23 15:41:36.805, 0, 98 %, 87 %, 6159 MiB, 49140 MiB, 288.92 W, 300.00 W, 71, 1725 MHz
2026/09/23 15:41:37.806, 0, 96 %, 86 %, 6159 MiB, 49140 MiB, 287.09 W, 300.00 W, 72, 2115 MHz
2026/09/23 15:41:38.807, 0, 97 %, 86 %, 6159 MiB, 49140 MiB, 287.07 W, 300.00 W, 72, 1905 MHz
2026/09/23 15:41:39.808, 0, 98 %, 87 %, 6159 MiB, 49140 MiB, 287.92 W, 300.00 W, 73, 2010 MHz
2026/09/23 15:41:40.809, 0, 97 %, 87 %, 6159 MiB, 49140 MiB, 288.91 W, 300.00 W, 72, 1830 MHz
2026/09/23 15:41:41.809, 0, 97 %, 84 %, 6159 MiB, 49140 MiB, 287.08 W, 300.00 W, 72, 2085 MHz
2026/09/23 15:41:42.810, 0, 98 %, 86 %, 6159 MiB, 49140 MiB, 286.73 W, 300.00 W, 73, 1995 MHz
2026/09/23 15:41:43.811, 0, 98 %, 85 %, 6159 MiB, 49140 MiB, 287.48 W, 300.00 W, 73, 1890 MHz
2026/09/23 15:41:44.811, 0, 97 %, 86 %, 6159 MiB, 49140 MiB, 289.14 W, 300.00 W, 73, 1815 MHz
2026/09/23 15:41:45.812, 0, 96 %, 85 %, 6159 MiB, 49140 MiB, 284.54 W, 300.00 W, 72, 2025 MHz
2026/09/23 15:41:46.813, 0, 96 %, 83 %, 6159 MiB, 49140 MiB, 285.52 W, 300.00 W, 72, 2130 MHz
2026/09/23 15:41:47.814, 0, 97 %, 85 %, 6159 MiB, 49140 MiB, 287.93 W, 300.00 W, 73, 2010 MHz
2026/09/23 15:41:48.814, 0, 97 %, 83 %, 6159 MiB, 49140 MiB, 288.58 W, 300.00 W, 72, 1755 MHz
2026/09/23 15:41:49.815, 0, 98 %, 86 %, 6159 MiB, 49140 MiB, 288.46 W, 300.00 W, 73, 1800 MHz
2026/09/23 15:41:50.816, 0, 97 %, 84 %, 6159 MiB, 49140 MiB, 286.98 W, 300.00 W, 72, 2010 MHz
2026/09/23 15:41:51.817, 0, 97 %, 86 %, 6159 MiB, 49140 MiB, 290.23 W, 300.00 W, 74, 1920 MHz
2026/09/23 15:41:52.819, 0, 98 %, 83 %, 6159 MiB, 49140 MiB, 289.04 W, 300.00 W, 72, 1635 MHz
2026/09/23 15:41:53.820, 0, 95 %, 83 %, 6159 MiB, 49140 MiB, 288.19 W, 300.00 W, 72, 2040 MHz
2026/09/23 15:41:54.821, 0, 93 %, 81 %, 6159 MiB, 49140 MiB, 284.86 W, 300.00 W, 72, 2145 MHz
2026/09/23 15:41:55.822, 0, 97 %, 86 %, 6159 MiB, 49140 MiB, 286.95 W, 300.00 W, 74, 1875 MHz
2026/09/23 15:41:56.822, 0, 96 %, 83 %, 6159 MiB, 49140 MiB, 288.40 W, 300.00 W, 73, 1785 MHz
2026/09/23 15:41:57.823, 0, 93 %, 64 %, 6159 MiB, 49140 MiB, 291.58 W, 300.00 W, 73, 1635 MHz
2026/09/23 15:41:58.823, 0, 0 %, 0 %, 6159 MiB, 49140 MiB, 268.45 W, 300.00 W, 69, 2730 MHz
2026/09/23 15:41:59.824, 0, 95 %, 84 %, 6159 MiB, 49140 MiB, 153.39 W, 300.00 W, 72, 1830 MHz
2026/09/23 15:42:00.825, 0, 96 %, 87 %, 6159 MiB, 49140 MiB, 287.02 W, 300.00 W, 72, 1980 MHz
2026/09/23 15:42:01.826, 0, 98 %, 87 %, 6159 MiB, 49140 MiB, 288.94 W, 300.00 W, 73, 1695 MHz
2026/09/23 15:42:02.827, 0, 98 %, 87 %, 6159 MiB, 49140 MiB, 289.69 W, 300.00 W, 71, 2085 MHz
2026/09/23 15:42:03.828, 0, 95 %, 84 %, 6159 MiB, 49140 MiB, 286.35 W, 300.00 W, 72, 1755 MHz
2026/09/23 15:42:04.829, 0, 97 %, 86 %, 6159 MiB, 49140 MiB, 287.19 W, 300.00 W, 74, 1980 MHz
2026/09/23 15:42:05.830, 0, 97 %, 86 %, 6159 MiB, 49140 MiB, 287.89 W, 300.00 W, 72, 1725 MHz
2026/09/23 15:42:06.830, 0, 98 %, 87 %, 6159 MiB, 49140 MiB, 290.67 W, 300.00 W, 73, 2115 MHz
2026/09/23 15:42:07.831, 0, 96 %, 84 %, 6159 MiB, 49140 MiB, 286.05 W, 300.00 W, 72, 1815 MHz
2026/09/23 15:42:08.832, 0, 97 %, 87 %, 6159 MiB, 49140 MiB, 286.65 W, 300.00 W, 74, 1965 MHz
2026/09/23 15:42:09.833, 0, 97 %, 86 %, 6159 MiB, 49140 MiB, 289.35 W, 300.00 W, 72, 1635 MHz
2026/09/23 15:42:10.834, 0, 96 %, 83 %, 6159 MiB, 49140 MiB, 290.79 W, 300.00 W, 73, 1965 MHz
2026/09/23 15:42:11.835, 0, 97 %, 86 %, 6159 MiB, 49140 MiB, 287.91 W, 300.00 W, 72, 2025 MHz
2026/09/23 15:42:12.836, 0, 97 %, 83 %, 6159 MiB, 49140 MiB, 286.29 W, 300.00 W, 73, 1980 MHz
2026/09/23 15:42:13.837, 0, 97 %, 86 %, 6159 MiB, 49140 MiB, 289.08 W, 300.00 W, 74, 1905 MHz
2026/09/23 15:42:14.838, 0, 98 %, 87 %, 6159 MiB, 49140 MiB, 287.15 W, 300.00 W, 73, 1635 MHz
2026/09/23 15:42:15.838, 0, 97 %, 81 %, 6159 MiB, 49140 MiB, 288.83 W, 300.00 W, 71, 1770 MHz
2026/09/23 15:42:16.839, 0, 97 %, 87 %, 6159 MiB, 49140 MiB, 288.86 W, 300.00 W, 73, 2070 MHz
2026/09/23 15:42:17.840, 0, 98 %, 85 %, 6159 MiB, 49140 MiB, 286.80 W, 300.00 W, 73, 1920 MHz
2026/09/23 15:42:18.841, 0, 98 %, 86 %, 6159 MiB, 49140 MiB, 287.99 W, 300.00 W, 74, 1980 MHz
2026/09/23 15:42:19.841, 0, 97 %, 86 %, 6159 MiB, 49140 MiB, 288.11 W, 300.00 W, 73, 1635 MHz
2026/09/23 15:42:20.842, 0, 97 %, 81 %, 6159 MiB, 49140 MiB, 289.33 W, 300.00 W, 72, 1815 MHz
2026/09/23 15:42:21.844, 0, 91 %, 71 %, 6159 MiB, 49140 MiB, 288.55 W, 300.00 W, 74, 1695 MHz
2026/09/23 15:42:22.845, 0, 36 %, 25 %, 6159 MiB, 49140 MiB, 283.83 W, 300.00 W, 69, 2730 MHz
2026/09/23 15:42:23.847, 0, 96 %, 85 %, 6159 MiB, 49140 MiB, 144.99 W, 300.00 W, 71, 1995 MHz
2026/09/23 15:42:24.849, 0, 95 %, 82 %, 6159 MiB, 49140 MiB, 286.83 W, 300.00 W, 73, 2130 MHz
2026/09/23 15:42:25.850, 0, 97 %, 85 %, 6159 MiB, 49140 MiB, 287.52 W, 300.00 W, 73, 1845 MHz
2026/09/23 15:42:26.851, 0, 96 %, 86 %, 6159 MiB, 49140 MiB, 285.66 W, 300.00 W, 72, 1635 MHz
2026/09/23 15:42:27.852, 0, 98 %, 84 %, 6159 MiB, 49140 MiB, 286.20 W, 300.00 W, 71, 1770 MHz
2026/09/23 15:42:28.854, 0, 95 %, 84 %, 6159 MiB, 49140 MiB, 289.59 W, 300.00 W, 73, 2130 MHz
2026/09/23 15:42:29.855, 0, 98 %, 84 %, 6159 MiB, 49140 MiB, 286.60 W, 300.00 W, 72, 1965 MHz
2026/09/23 15:42:30.856, 0, 98 %, 87 %, 6159 MiB, 49140 MiB, 288.39 W, 300.00 W, 74, 1950 MHz
2026/09/23 15:42:31.856, 0, 97 %, 84 %, 6159 MiB, 49140 MiB, 288.80 W, 300.00 W, 72, 1770 MHz
2026/09/23 15:42:32.858, 0, 97 %, 85 %, 6159 MiB, 49140 MiB, 288.24 W, 300.00 W, 73, 2070 MHz
2026/09/23 15:42:33.859, 0, 96 %, 85 %, 6159 MiB, 49140 MiB, 287.36 W, 300.00 W, 73, 1740 MHz
2026/09/23 15:42:34.860, 0, 97 %, 87 %, 6159 MiB, 49140 MiB, 286.33 W, 300.00 W, 73, 1905 MHz
2026/09/23 15:42:35.860, 0, 97 %, 87 %, 6159 MiB, 49140 MiB, 287.60 W, 300.00 W, 73, 1710 MHz
2026/09/23 15:42:36.861, 0, 97 %, 83 %, 6159 MiB, 49140 MiB, 288.22 W, 300.00 W, 71, 1785 MHz
2026/09/23 15:42:37.862, 0, 97 %, 87 %, 6159 MiB, 49140 MiB, 289.68 W, 300.00 W, 73, 2100 MHz
2026/09/23 15:42:38.863, 0, 97 %, 86 %, 6159 MiB, 49140 MiB, 287.14 W, 300.00 W, 73, 1860 MHz
2026/09/23 15:42:39.863, 0, 98 %, 86 %, 6159 MiB, 49140 MiB, 288.00 W, 300.00 W, 74, 1920 MHz
2026/09/23 15:42:40.864, 0, 98 %, 87 %, 6159 MiB, 49140 MiB, 288.11 W, 300.00 W, 73, 1620 MHz
2026/09/23 15:42:41.865, 0, 96 %, 81 %, 6159 MiB, 49140 MiB, 289.11 W, 300.00 W, 71, 1815 MHz
2026/09/23 15:42:42.865, 0, 97 %, 87 %, 6159 MiB, 49140 MiB, 287.61 W, 300.00 W, 73, 1800 MHz
2026/09/23 15:42:43.866, 0, 96 %, 85 %, 6159 MiB, 49140 MiB, 286.83 W, 300.00 W, 72, 1980 MHz
2026/09/23 15:42:44.867, 0, 97 %, 87 %, 6159 MiB, 49140 MiB, 287.55 W, 300.00 W, 74, 1620 MHz
2026/09/23 15:42:45.868, 0, 98 %, 87 %, 6159 MiB, 49140 MiB, 289.12 W, 300.00 W, 73, 1845 MHz
2026/09/23 15:42:46.868, 0, 89 %, 61 %, 6159 MiB, 49140 MiB, 296.29 W, 300.00 W, 75, 1695 MHz
2026/09/23 15:42:47.869, 0, 0 %, 0 %, 6159 MiB, 49140 MiB, 118.71 W, 300.00 W, 67, 2730 MHz
2026/09/23 15:42:48.869, 0, 97 %, 83 %, 6159 MiB, 49140 MiB, 137.08 W, 300.00 W, 71, 1935 MHz
2026/09/23 15:42:49.870, 0, 98 %, 86 %, 6159 MiB, 49140 MiB, 286.54 W, 300.00 W, 72, 1785 MHz
2026/09/23 15:42:50.871, 0, 97 %, 82 %, 6159 MiB, 49140 MiB, 289.06 W, 300.00 W, 72, 2010 MHz
2026/09/23 15:42:51.873, 0, 96 %, 85 %, 6159 MiB, 49140 MiB, 287.68 W, 300.00 W, 72, 2070 MHz
2026/09/23 15:42:52.873, 0, 94 %, 84 %, 6159 MiB, 49140 MiB, 285.82 W, 300.00 W, 73, 1755 MHz
2026/09/23 15:42:53.875, 0, 98 %, 87 %, 6159 MiB, 49140 MiB, 288.83 W, 300.00 W, 72, 1755 MHz
2026/09/23 15:42:54.875, 0, 96 %, 81 %, 6159 MiB, 49140 MiB, 289.08 W, 300.00 W, 71, 2010 MHz
2026/09/23 15:42:55.876, 0, 95 %, 85 %, 6159 MiB, 49140 MiB, 287.83 W, 300.00 W, 72, 2055 MHz
2026/09/23 15:42:56.877, 0, 97 %, 83 %, 6159 MiB, 49140 MiB, 287.05 W, 300.00 W, 72, 1800 MHz
2026/09/23 15:42:57.878, 0, 96 %, 85 %, 6159 MiB, 49140 MiB, 289.55 W, 300.00 W, 72, 1770 MHz
2026/09/23 15:42:58.879, 0, 93 %, 82 %, 6159 MiB, 49140 MiB, 285.73 W, 300.00 W, 71, 2130 MHz
2026/09/23 15:42:59.880, 0, 97 %, 87 %, 6159 MiB, 49140 MiB, 288.01 W, 300.00 W, 72, 1845 MHz
2026/09/23 15:43:00.880, 0, 98 %, 83 %, 6159 MiB, 49140 MiB, 287.82 W, 300.00 W, 72, 1965 MHz
2026/09/23 15:43:01.881, 0, 97 %, 86 %, 6159 MiB, 49140 MiB, 288.59 W, 300.00 W, 73, 1785 MHz
2026/09/23 15:43:02.882, 0, 97 %, 81 %, 6159 MiB, 49140 MiB, 289.59 W, 300.00 W, 72, 2040 MHz
2026/09/23 15:43:03.884, 0, 97 %, 85 %, 6159 MiB, 49140 MiB, 289.54 W, 300.00 W, 72, 1935 MHz
2026/09/23 15:43:04.885, 0, 95 %, 81 %, 6159 MiB, 49140 MiB, 286.96 W, 300.00 W, 72, 1965 MHz
2026/09/23 15:43:05.885, 0, 97 %, 85 %, 6159 MiB, 49140 MiB, 288.24 W, 300.00 W, 73, 1785 MHz
2026/09/23 15:43:06.886, 0, 90 %, 80 %, 6159 MiB, 49140 MiB, 287.84 W, 300.00 W, 72, 2100 MHz
2026/09/23 15:43:07.887, 0, 97 %, 85 %, 6159 MiB, 49140 MiB, 287.42 W, 300.00 W, 73, 1860 MHz
2026/09/23 15:43:08.888, 0, 96 %, 84 %, 6159 MiB, 49140 MiB, 289.66 W, 300.00 W, 72, 1980 MHz
2026/09/23 15:43:09.889, 0, 97 %, 82 %, 6159 MiB, 49140 MiB, 286.58 W, 300.00 W, 72, 1935 MHz
2026/09/23 15:43:10.890, 0, 94 %, 77 %, 6159 MiB, 49140 MiB, 288.66 W, 300.00 W, 73, 1950 MHz
2026/09/23 15:43:11.891, 0, 79 %, 55 %, 6159 MiB, 49140 MiB, 295.14 W, 300.00 W, 69, 2505 MHz
2026/09/23 15:43:12.891, 0, 97 %, 88 %, 6159 MiB, 49140 MiB, 151.50 W, 300.00 W, 72, 1785 MHz
2026/09/23 15:43:13.892, 0, 96 %, 85 %, 6159 MiB, 49140 MiB, 288.08 W, 300.00 W, 72, 1950 MHz
2026/09/23 15:43:14.893, 0, 97 %, 86 %, 6159 MiB, 49140 MiB, 287.98 W, 300.00 W, 74, 1695 MHz
2026/09/23 15:43:15.893, 0, 98 %, 87 %, 6159 MiB, 49140 MiB, 288.45 W, 300.00 W, 72, 2010 MHz
2026/09/23 15:43:16.894, 0, 98 %, 87 %, 6159 MiB, 49140 MiB, 290.75 W, 300.00 W, 73, 1800 MHz
2026/09/23 15:43:17.895, 0, 96 %, 84 %, 6159 MiB, 49140 MiB, 288.34 W, 300.00 W, 72, 1920 MHz
2026/09/23 15:43:18.896, 0, 97 %, 87 %, 6159 MiB, 49140 MiB, 287.82 W, 300.00 W, 73, 1680 MHz
2026/09/23 15:43:19.897, 0, 98 %, 87 %, 6159 MiB, 49140 MiB, 290.16 W, 300.00 W, 73, 1815 MHz
2026/09/23 15:43:20.897, 0, 97 %, 83 %, 6159 MiB, 49140 MiB, 288.15 W, 300.00 W, 71, 2100 MHz
2026/09/23 15:43:21.898, 0, 98 %, 86 %, 6159 MiB, 49140 MiB, 290.54 W, 300.00 W, 72, 1980 MHz
2026/09/23 15:43:22.899, 0, 97 %, 83 %, 6159 MiB, 49140 MiB, 287.57 W, 300.00 W, 73, 1830 MHz
2026/09/23 15:43:23.899, 0, 97 %, 86 %, 6159 MiB, 49140 MiB, 287.86 W, 300.00 W, 74, 1695 MHz
2026/09/23 15:43:24.900, 0, 97 %, 86 %, 6159 MiB, 49140 MiB, 287.20 W, 300.00 W, 72, 1950 MHz
2026/09/23 15:43:25.901, 0, 97 %, 81 %, 6159 MiB, 49140 MiB, 289.14 W, 300.00 W, 72, 2010 MHz
2026/09/23 15:43:26.905, 0, 97 %, 87 %, 6159 MiB, 49140 MiB, 287.51 W, 300.00 W, 73, 1935 MHz
2026/09/23 15:43:27.906, 0, 94 %, 84 %, 6159 MiB, 49140 MiB, 286.10 W, 300.00 W, 72, 2070 MHz
2026/09/23 15:43:28.907, 0, 97 %, 87 %, 6159 MiB, 49140 MiB, 288.23 W, 300.00 W, 74, 1635 MHz
2026/09/23 15:43:29.908, 0, 98 %, 87 %, 6159 MiB, 49140 MiB, 289.28 W, 300.00 W, 72, 1965 MHz
2026/09/23 15:43:30.910, 0, 97 %, 85 %, 6159 MiB, 49140 MiB, 290.10 W, 300.00 W, 73, 1905 MHz
2026/09/23 15:43:31.911, 0, 97 %, 85 %, 6159 MiB, 49140 MiB, 287.85 W, 300.00 W, 72, 1770 MHz
2026/09/23 15:43:32.913, 0, 97 %, 85 %, 6159 MiB, 49140 MiB, 288.33 W, 300.00 W, 73, 1770 MHz
2026/09/23 15:43:33.914, 0, 97 %, 86 %, 6159 MiB, 49140 MiB, 289.09 W, 300.00 W, 73, 2115 MHz
2026/09/23 15:43:34.916, 0, 98 %, 82 %, 6159 MiB, 49140 MiB, 289.67 W, 300.00 W, 71, 1710 MHz
2026/09/23 15:43:35.917, 0, 94 %, 65 %, 6159 MiB, 49140 MiB, 297.56 W, 300.00 W, 74, 2235 MHz
2026/09/23 15:43:36.918, 0, 97 %, 88 %, 6159 MiB, 49140 MiB, 147.95 W, 300.00 W, 72, 1890 MHz
2026/09/23 15:43:37.918, 0, 97 %, 82 %, 6159 MiB, 49140 MiB, 292.15 W, 300.00 W, 72, 1815 MHz
2026/09/23 15:43:38.919, 0, 97 %, 85 %, 6159 MiB, 49140 MiB, 288.55 W, 300.00 W, 73, 2115 MHz
2026/09/23 15:43:39.921, 0, 97 %, 84 %, 6159 MiB, 49140 MiB, 289.39 W, 300.00 W, 71, 1860 MHz
2026/09/23 15:43:40.922, 0, 98 %, 86 %, 6159 MiB, 49140 MiB, 290.56 W, 300.00 W, 72, 1920 MHz
2026/09/23 15:43:41.923, 0, 98 %, 82 %, 6159 MiB, 49140 MiB, 288.21 W, 300.00 W, 72, 1770 MHz
2026/09/23 15:43:42.923, 0, 96 %, 85 %, 6159 MiB, 49140 MiB, 287.33 W, 300.00 W, 73, 2085 MHz
2026/09/23 15:43:43.924, 0, 96 %, 84 %, 6159 MiB, 49140 MiB, 288.01 W, 300.00 W, 71, 1830 MHz
2026/09/23 15:43:44.925, 0, 98 %, 87 %, 6159 MiB, 49140 MiB, 290.15 W, 300.00 W, 73, 1935 MHz
2026/09/23 15:43:45.925, 0, 96 %, 85 %, 6159 MiB, 49140 MiB, 287.92 W, 300.00 W, 73, 1635 MHz
2026/09/23 15:43:46.926, 0, 96 %, 86 %, 6159 MiB, 49140 MiB, 288.07 W, 300.00 W, 73, 1770 MHz
2026/09/23 15:43:47.928, 0, 97 %, 86 %, 6159 MiB, 49140 MiB, 288.77 W, 300.00 W, 73, 1950 MHz
2026/09/23 15:43:48.929, 0, 97 %, 82 %, 6159 MiB, 49140 MiB, 289.51 W, 300.00 W, 72, 1950 MHz
2026/09/23 15:43:49.930, 0, 97 %, 85 %, 6159 MiB, 49140 MiB, 289.42 W, 300.00 W, 72, 1815 MHz
2026/09/23 15:43:50.931, 0, 98 %, 82 %, 6159 MiB, 49140 MiB, 287.54 W, 300.00 W, 73, 1755 MHz
2026/09/23 15:43:51.933, 0, 97 %, 86 %, 6159 MiB, 49140 MiB, 287.65 W, 300.00 W, 74, 2040 MHz
2026/09/23 15:43:52.934, 0, 97 %, 86 %, 6159 MiB, 49140 MiB, 288.40 W, 300.00 W, 72, 1830 MHz
2026/09/23 15:43:53.935, 0, 94 %, 81 %, 6159 MiB, 49140 MiB, 288.29 W, 300.00 W, 73, 2010 MHz
2026/09/23 15:43:54.937, 0, 96 %, 85 %, 6159 MiB, 49140 MiB, 288.15 W, 300.00 W, 72, 1755 MHz
2026/09/23 15:43:55.938, 0, 98 %, 85 %, 6159 MiB, 49140 MiB, 287.55 W, 300.00 W, 73, 1755 MHz
2026/09/23 15:43:56.939, 0, 97 %, 86 %, 6159 MiB, 49140 MiB, 289.09 W, 300.00 W, 73, 2130 MHz
2026/09/23 15:43:57.939, 0, 98 %, 85 %, 6159 MiB, 49140 MiB, 287.89 W, 300.00 W, 71, 1725 MHz
2026/09/23 15:43:58.940, 0, 96 %, 83 %, 6159 MiB, 49140 MiB, 287.99 W, 300.00 W, 72, 2115 MHz
2026/09/23 15:43:59.941, 0, 93 %, 65 %, 6159 MiB, 49140 MiB, 296.69 W, 300.00 W, 74, 1635 MHz
2026/09/23 15:44:00.942, 0, 68 %, 59 %, 6159 MiB, 49140 MiB, 145.12 W, 300.00 W, 72, 2115 MHz
2026/09/23 15:44:01.943, 0, 98 %, 86 %, 6159 MiB, 49140 MiB, 288.31 W, 300.00 W, 73, 1740 MHz
2026/09/23 15:44:02.945, 0, 97 %, 86 %, 6159 MiB, 49140 MiB, 290.87 W, 300.00 W, 73, 2115 MHz
2026/09/23 15:44:03.945, 0, 98 %, 83 %, 6159 MiB, 49140 MiB, 288.84 W, 300.00 W, 71, 1950 MHz
2026/09/23 15:44:04.946, 0, 97 %, 87 %, 6159 MiB, 49140 MiB, 287.90 W, 300.00 W, 73, 1965 MHz
2026/09/23 15:44:05.947, 0, 96 %, 85 %, 6159 MiB, 49140 MiB, 286.86 W, 300.00 W, 72, 1635 MHz
2026/09/23 15:44:06.948, 0, 98 %, 87 %, 6159 MiB, 49140 MiB, 287.65 W, 300.00 W, 74, 2010 MHz
2026/09/23 15:44:07.948, 0, 98 %, 86 %, 6159 MiB, 49140 MiB, 289.26 W, 300.00 W, 72, 1665 MHz
2026/09/23 15:44:08.949, 0, 98 %, 87 %, 6159 MiB, 49140 MiB, 289.26 W, 300.00 W, 73, 1890 MHz
2026/09/23 15:44:09.950, 0, 97 %, 86 %, 6159 MiB, 49140 MiB, 286.56 W, 300.00 W, 72, 1695 MHz
2026/09/23 15:44:10.951, 0, 98 %, 83 %, 6159 MiB, 49140 MiB, 286.32 W, 300.00 W, 73, 1710 MHz
2026/09/23 15:44:11.953, 0, 97 %, 85 %, 6159 MiB, 49140 MiB, 289.20 W, 300.00 W, 74, 2145 MHz
2026/09/23 15:44:12.954, 0, 98 %, 84 %, 6159 MiB, 49140 MiB, 289.35 W, 300.00 W, 72, 1740 MHz
2026/09/23 15:44:13.955, 0, 98 %, 87 %, 6159 MiB, 49140 MiB, 289.31 W, 300.00 W, 73, 1950 MHz
2026/09/23 15:44:14.956, 0, 96 %, 85 %, 6159 MiB, 49140 MiB, 286.23 W, 300.00 W, 72, 1665 MHz
2026/09/23 15:44:15.957, 0, 96 %, 87 %, 6159 MiB, 49140 MiB, 287.15 W, 300.00 W, 74, 1905 MHz
2026/09/23 15:44:16.958, 0, 96 %, 86 %, 6159 MiB, 49140 MiB, 288.71 W, 300.00 W, 73, 2130 MHz
2026/09/23 15:44:17.958, 0, 97 %, 82 %, 6159 MiB, 49140 MiB, 289.33 W, 300.00 W, 72, 1980 MHz
2026/09/23 15:44:18.959, 0, 98 %, 87 %, 6159 MiB, 49140 MiB, 288.79 W, 300.00 W, 73, 1935 MHz
2026/09/23 15:44:19.961, 0, 98 %, 82 %, 6159 MiB, 49140 MiB, 287.71 W, 300.00 W, 73, 1785 MHz
2026/09/23 15:44:20.961, 0, 97 %, 87 %, 6159 MiB, 49140 MiB, 287.76 W, 300.00 W, 74, 1875 MHz
2026/09/23 15:44:21.963, 0, 97 %, 85 %, 6159 MiB, 49140 MiB, 288.73 W, 300.00 W, 72, 1890 MHz
2026/09/23 15:44:22.964, 0, 96 %, 86 %, 6159 MiB, 49140 MiB, 289.19 W, 300.00 W, 73, 1635 MHz
2026/09/23 15:44:23.964, 0, 94 %, 66 %, 6159 MiB, 49140 MiB, 293.85 W, 300.00 W, 74, 1710 MHz
2026/09/23 15:44:24.965, 0, 0 %, 0 %, 6159 MiB, 49140 MiB, 139.10 W, 300.00 W, 70, 1740 MHz
2026/09/23 15:44:25.965, 0, 98 %, 86 %, 6159 MiB, 49140 MiB, 265.22 W, 300.00 W, 72, 2085 MHz
2026/09/23 15:44:26.966, 0, 97 %, 85 %, 6159 MiB, 49140 MiB, 287.85 W, 300.00 W, 73, 1755 MHz
2026/09/23 15:44:27.967, 0, 96 %, 84 %, 6159 MiB, 49140 MiB, 287.09 W, 300.00 W, 71, 1935 MHz
2026/09/23 15:44:28.968, 0, 98 %, 87 %, 6159 MiB, 49140 MiB, 288.78 W, 300.00 W, 73, 1635 MHz
2026/09/23 15:44:29.968, 0, 96 %, 84 %, 6159 MiB, 49140 MiB, 286.44 W, 300.00 W, 72, 1875 MHz
2026/09/23 15:44:30.970, 0, 98 %, 86 %, 6159 MiB, 49140 MiB, 288.68 W, 300.00 W, 74, 1890 MHz
2026/09/23 15:44:31.971, 0, 97 %, 86 %, 6159 MiB, 49140 MiB, 288.30 W, 300.00 W, 72, 2055 MHz
2026/09/23 15:44:32.971, 0, 98 %, 87 %, 6159 MiB, 49140 MiB, 290.11 W, 300.00 W, 73, 1665 MHz
2026/09/23 15:44:33.972, 0, 95 %, 83 %, 6159 MiB, 49140 MiB, 287.59 W, 300.00 W, 72, 1815 MHz
2026/09/23 15:44:34.973, 0, 97 %, 83 %, 6159 MiB, 49140 MiB, 286.15 W, 300.00 W, 73, 2175 MHz
2026/09/23 15:44:35.974, 0, 97 %, 86 %, 6159 MiB, 49140 MiB, 289.43 W, 300.00 W, 73, 1830 MHz
2026/09/23 15:44:36.974, 0, 97 %, 84 %, 6159 MiB, 49140 MiB, 288.33 W, 300.00 W, 71, 1920 MHz
2026/09/23 15:44:37.975, 0, 97 %, 86 %, 6159 MiB, 49140 MiB, 288.41 W, 300.00 W, 73, 1635 MHz
2026/09/23 15:44:38.976, 0, 95 %, 84 %, 6159 MiB, 49140 MiB, 287.71 W, 300.00 W, 72, 1860 MHz
2026/09/23 15:44:39.977, 0, 97 %, 86 %, 6159 MiB, 49140 MiB, 288.31 W, 300.00 W, 74, 2205 MHz
2026/09/23 15:44:40.978, 0, 97 %, 86 %, 6159 MiB, 49140 MiB, 289.02 W, 300.00 W, 73, 2055 MHz
2026/09/23 15:44:41.979, 0, 97 %, 84 %, 6159 MiB, 49140 MiB, 290.17 W, 300.00 W, 73, 1785 MHz
2026/09/23 15:44:42.979, 0, 96 %, 84 %, 6159 MiB, 49140 MiB, 287.03 W, 300.00 W, 72, 1755 MHz
2026/09/23 15:44:43.980, 0, 96 %, 82 %, 6159 MiB, 49140 MiB, 286.58 W, 300.00 W, 72, 2100 MHz
2026/09/23 15:44:44.981, 0, 92 %, 80 %, 6159 MiB, 49140 MiB, 287.96 W, 300.00 W, 74, 1845 MHz
2026/09/23 15:44:45.982, 0, 96 %, 84 %, 6159 MiB, 49140 MiB, 289.74 W, 300.00 W, 72, 1935 MHz
2026/09/23 15:44:46.982, 0, 98 %, 87 %, 6159 MiB, 49140 MiB, 288.97 W, 300.00 W, 73, 1650 MHz
2026/09/23 15:44:47.984, 0, 92 %, 64 %, 6159 MiB, 49140 MiB, 294.43 W, 300.00 W, 74, 1650 MHz
2026/09/23 15:44:48.986, 0, 0 %, 0 %, 6159 MiB, 49140 MiB, 145.48 W, 300.00 W, 67, 2745 MHz
2026/09/23 15:44:49.988, 0, 98 %, 87 %, 6159 MiB, 49140 MiB, 273.03 W, 300.00 W, 73, 2085 MHz
2026/09/23 15:44:50.989, 0, 98 %, 87 %, 6159 MiB, 49140 MiB, 288.47 W, 300.00 W, 72, 2010 MHz
2026/09/23 15:44:51.990, 0, 97 %, 84 %, 6159 MiB, 49140 MiB, 289.53 W, 300.00 W, 72, 1800 MHz
2026/09/23 15:44:52.990, 0, 96 %, 85 %, 6159 MiB, 49140 MiB, 286.12 W, 300.00 W, 72, 1800 MHz
2026/09/23 15:44:53.991, 0, 97 %, 83 %, 6159 MiB, 49140 MiB, 287.03 W, 300.00 W, 72, 2115 MHz
2026/09/23 15:44:54.992, 0, 97 %, 86 %, 6159 MiB, 49140 MiB, 287.75 W, 300.00 W, 74, 1710 MHz
2026/09/23 15:44:55.993, 0, 97 %, 84 %, 6159 MiB, 49140 MiB, 289.29 W, 300.00 W, 71, 1935 MHz
2026/09/23 15:44:56.994, 0, 96 %, 85 %, 6159 MiB, 49140 MiB, 288.66 W, 300.00 W, 73, 1650 MHz
2026/09/23 15:44:57.995, 0, 97 %, 83 %, 6159 MiB, 49140 MiB, 286.18 W, 300.00 W, 72, 1965 MHz
2026/09/23 15:44:58.995, 0, 97 %, 86 %, 6159 MiB, 49140 MiB, 288.33 W, 300.00 W, 74, 2010 MHz
2026/09/23 15:44:59.997, 0, 98 %, 83 %, 6159 MiB, 49140 MiB, 287.65 W, 300.00 W, 73, 2055 MHz
2026/09/23 15:45:00.998, 0, 93 %, 81 %, 6159 MiB, 49140 MiB, 286.45 W, 300.00 W, 71, 1995 MHz
2026/09/23 15:45:01.998, 0, 95 %, 85 %, 6159 MiB, 49140 MiB, 286.82 W, 300.00 W, 73, 1650 MHz
2026/09/23 15:45:03.000, 0, 98 %, 84 %, 6159 MiB, 49140 MiB, 286.95 W, 300.00 W, 72, 1860 MHz
2026/09/23 15:45:04.000, 0, 97 %, 87 %, 6159 MiB, 49140 MiB, 288.73 W, 300.00 W, 73, 2010 MHz
2026/09/23 15:45:05.001, 0, 96 %, 81 %, 6159 MiB, 49140 MiB, 288.82 W, 300.00 W, 73, 2100 MHz
2026/09/23 15:45:06.002, 0, 98 %, 89 %, 6159 MiB, 49140 MiB, 288.87 W, 300.00 W, 73, 1710 MHz
2026/09/23 15:45:07.003, 0, 93 %, 80 %, 6159 MiB, 49140 MiB, 286.52 W, 300.00 W, 72, 1740 MHz
2026/09/23 15:45:08.004, 0, 97 %, 87 %, 6159 MiB, 49140 MiB, 287.47 W, 300.00 W, 73, 2130 MHz
2026/09/23 15:45:09.007, 0, 98 %, 87 %, 6159 MiB, 49140 MiB, 289.18 W, 300.00 W, 74, 1755 MHz
2026/09/23 15:45:10.008, 0, 97 %, 81 %, 6159 MiB, 49140 MiB, 289.91 W, 300.00 W, 71, 1980 MHz
2026/09/23 15:45:11.009, 0, 93 %, 83 %, 6159 MiB, 49140 MiB, 288.11 W, 300.00 W, 73, 1815 MHz
2026/09/23 15:45:12.010, 0, 94 %, 66 %, 6159 MiB, 49140 MiB, 290.47 W, 300.00 W, 74, 1710 MHz
2026/09/23 15:45:13.011, 0, 0 %, 0 %, 6159 MiB, 49140 MiB, 154.23 W, 300.00 W, 66, 2505 MHz
2026/09/23 15:45:14.011, 0, 97 %, 87 %, 6159 MiB, 49140 MiB, 250.17 W, 300.00 W, 72, 1755 MHz
2026/09/23 15:45:15.014, 0, 98 %, 88 %, 6159 MiB, 49140 MiB, 287.16 W, 300.00 W, 73, 1935 MHz
2026/09/23 15:45:16.014, 0, 97 %, 81 %, 6159 MiB, 49140 MiB, 287.81 W, 300.00 W, 72, 1680 MHz
2026/09/23 15:45:17.015, 0, 97 %, 88 %, 6159 MiB, 49140 MiB, 286.45 W, 300.00 W, 72, 1785 MHz
2026/09/23 15:45:18.016, 0, 96 %, 82 %, 6159 MiB, 49140 MiB, 286.99 W, 300.00 W, 72, 2070 MHz
2026/09/23 15:45:19.017, 0, 95 %, 86 %, 6159 MiB, 49140 MiB, 286.61 W, 300.00 W, 72, 1845 MHz
2026/09/23 15:45:20.018, 0, 98 %, 87 %, 6159 MiB, 49140 MiB, 288.38 W, 300.00 W, 73, 1995 MHz
2026/09/23 15:45:21.019, 0, 94 %, 84 %, 6159 MiB, 49140 MiB, 288.99 W, 300.00 W, 70, 1740 MHz
2026/09/23 15:45:22.020, 0, 93 %, 83 %, 6159 MiB, 49140 MiB, 286.84 W, 300.00 W, 72, 2100 MHz
2026/09/23 15:45:23.021, 0, 97 %, 86 %, 6159 MiB, 49140 MiB, 286.76 W, 300.00 W, 72, 1755 MHz
2026/09/23 15:45:24.021, 0, 98 %, 87 %, 6159 MiB, 49140 MiB, 289.09 W, 300.00 W, 73, 1935 MHz
2026/09/23 15:45:25.022, 0, 97 %, 82 %, 6159 MiB, 49140 MiB, 289.85 W, 300.00 W, 71, 1650 MHz
2026/09/23 15:45:26.023, 0, 96 %, 85 %, 6159 MiB, 49140 MiB, 288.88 W, 300.00 W, 73, 1800 MHz
2026/09/23 15:45:27.024, 0, 96 %, 82 %, 6159 MiB, 49140 MiB, 285.62 W, 300.00 W, 72, 2100 MHz
2026/09/23 15:45:28.025, 0, 96 %, 85 %, 6159 MiB, 49140 MiB, 288.31 W, 300.00 W, 74, 1980 MHz
2026/09/23 15:45:29.026, 0, 97 %, 85 %, 6159 MiB, 49140 MiB, 288.57 W, 300.00 W, 73, 1965 MHz
2026/09/23 15:45:30.027, 0, 96 %, 79 %, 6159 MiB, 49140 MiB, 288.07 W, 300.00 W, 72, 1695 MHz
2026/09/23 15:45:31.029, 0, 97 %, 87 %, 6159 MiB, 49140 MiB, 289.92 W, 300.00 W, 73, 1800 MHz
2026/09/23 15:45:32.030, 0, 97 %, 83 %, 6159 MiB, 49140 MiB, 287.34 W, 300.00 W, 72, 2070 MHz
2026/09/23 15:45:33.030, 0, 98 %, 87 %, 6159 MiB, 49140 MiB, 289.17 W, 300.00 W, 73, 1965 MHz
2026/09/23 15:45:34.032, 0, 96 %, 84 %, 6159 MiB, 49140 MiB, 288.18 W, 300.00 W, 73, 1950 MHz
2026/09/23 15:45:35.032, 0, 98 %, 84 %, 6159 MiB, 49140 MiB, 289.16 W, 300.00 W, 71, 1665 MHz
2026/09/23 15:45:36.034, 0, 90 %, 64 %, 6159 MiB, 49140 MiB, 292.65 W, 300.00 W, 74, 1770 MHz
2026/09/23 15:45:37.034, 0, 0 %, 0 %, 6159 MiB, 49140 MiB, 182.31 W, 300.00 W, 67, 2745 MHz
2026/09/23 15:45:38.035, 0, 97 %, 83 %, 6159 MiB, 49140 MiB, 238.55 W, 300.00 W, 72, 2025 MHz
2026/09/23 15:45:39.035, 0, 98 %, 86 %, 6159 MiB, 49140 MiB, 287.71 W, 300.00 W, 73, 1965 MHz
2026/09/23 15:45:40.036, 0, 97 %, 83 %, 6159 MiB, 49140 MiB, 287.22 W, 300.00 W, 72, 1935 MHz
2026/09/23 15:45:41.037, 0, 98 %, 88 %, 6159 MiB, 49140 MiB, 288.02 W, 300.00 W, 71, 1770 MHz
2026/09/23 15:45:42.038, 0, 96 %, 86 %, 6159 MiB, 49140 MiB, 287.26 W, 300.00 W, 72, 2055 MHz
2026/09/23 15:45:43.038, 0, 97 %, 86 %, 6159 MiB, 49140 MiB, 288.13 W, 300.00 W, 73, 1830 MHz
2026/09/23 15:45:44.039, 0, 97 %, 87 %, 6159 MiB, 49140 MiB, 288.25 W, 300.00 W, 74, 2055 MHz
2026/09/23 15:45:45.040, 0, 96 %, 80 %, 6159 MiB, 49140 MiB, 289.20 W, 300.00 W, 71, 1635 MHz
2026/09/23 15:45:46.041, 0, 96 %, 86 %, 6159 MiB, 49140 MiB, 287.82 W, 300.00 W, 73, 1845 MHz
2026/09/23 15:45:47.041, 0, 97 %, 83 %, 6159 MiB, 49140 MiB, 287.84 W, 300.00 W, 72, 2010 MHz
2026/09/23 15:45:48.042, 0, 97 %, 87 %, 6159 MiB, 49140 MiB, 289.49 W, 300.00 W, 74, 2010 MHz
2026/09/23 15:45:49.043, 0, 98 %, 81 %, 6159 MiB, 49140 MiB, 288.87 W, 300.00 W, 73, 1785 MHz
2026/09/23 15:45:50.044, 0, 98 %, 88 %, 6159 MiB, 49140 MiB, 288.27 W, 300.00 W, 72, 1815 MHz
2026/09/23 15:45:51.045, 0, 94 %, 84 %, 6159 MiB, 49140 MiB, 286.39 W, 300.00 W, 72, 2100 MHz
2026/09/23 15:45:52.046, 0, 98 %, 87 %, 6159 MiB, 49140 MiB, 287.03 W, 300.00 W, 73, 1755 MHz
2026/09/23 15:45:53.046, 0, 98 %, 87 %, 6159 MiB, 49140 MiB, 290.19 W, 300.00 W, 74, 1920 MHz
2026/09/23 15:45:54.047, 0, 97 %, 81 %, 6159 MiB, 49140 MiB, 289.06 W, 300.00 W, 72, 1635 MHz
2026/09/23 15:45:55.048, 0, 97 %, 86 %, 6159 MiB, 49140 MiB, 288.42 W, 300.00 W, 73, 1800 MHz
2026/09/23 15:45:56.049, 0, 96 %, 81 %, 6159 MiB, 49140 MiB, 286.30 W, 300.00 W, 72, 2115 MHz
2026/09/23 15:45:57.050, 0, 97 %, 87 %, 6159 MiB, 49140 MiB, 288.39 W, 300.00 W, 73, 1920 MHz
2026/09/23 15:45:58.051, 0, 97 %, 85 %, 6159 MiB, 49140 MiB, 289.23 W, 300.00 W, 73, 1980 MHz
2026/09/23 15:45:59.052, 0, 98 %, 88 %, 6159 MiB, 49140 MiB, 289.60 W, 300.00 W, 72, 1785 MHz
2026/09/23 15:46:00.053, 0, 94 %, 68 %, 6159 MiB, 49140 MiB, 291.26 W, 300.00 W, 73, 1665 MHz
2026/09/23 15:46:01.053, 0, 0 %, 0 %, 6159 MiB, 49140 MiB, 198.20 W, 300.00 W, 67, 2745 MHz
2026/09/23 15:46:02.054, 0, 95 %, 83 %, 6159 MiB, 49140 MiB, 214.60 W, 300.00 W, 72, 2205 MHz
2026/09/23 15:46:03.054, 0, 97 %, 84 %, 6159 MiB, 49140 MiB, 285.03 W, 300.00 W, 72, 2100 MHz
2026/09/23 15:46:04.055, 0, 97 %, 87 %, 6159 MiB, 49140 MiB, 288.56 W, 300.00 W, 74, 1800 MHz
2026/09/23 15:46:05.055, 0, 97 %, 81 %, 6159 MiB, 49140 MiB, 288.62 W, 300.00 W, 72, 1815 MHz
2026/09/23 15:46:06.056, 0, 98 %, 89 %, 6159 MiB, 49140 MiB, 288.67 W, 300.00 W, 72, 2070 MHz
2026/09/23 15:46:07.058, 0, 97 %, 84 %, 6159 MiB, 49140 MiB, 287.69 W, 300.00 W, 72, 1965 MHz
2026/09/23 15:46:08.058, 0, 97 %, 86 %, 6159 MiB, 49140 MiB, 289.15 W, 300.00 W, 74, 1770 MHz
2026/09/23 15:46:09.059, 0, 97 %, 82 %, 6159 MiB, 49140 MiB, 288.50 W, 300.00 W, 73, 1785 MHz
2026/09/23 15:46:10.060, 0, 97 %, 88 %, 6159 MiB, 49140 MiB, 289.72 W, 300.00 W, 73, 2115 MHz
2026/09/23 15:46:11.061, 0, 96 %, 83 %, 6159 MiB, 49140 MiB, 286.51 W, 300.00 W, 72, 1755 MHz
2026/09/23 15:46:12.062, 0, 98 %, 88 %, 6159 MiB, 49140 MiB, 287.77 W, 300.00 W, 74, 1935 MHz
2026/09/23 15:46:13.063, 0, 98 %, 87 %, 6159 MiB, 49140 MiB, 288.83 W, 300.00 W, 73, 1755 MHz
2026/09/23 15:46:14.064, 0, 98 %, 82 %, 6159 MiB, 49140 MiB, 289.05 W, 300.00 W, 71, 1770 MHz
2026/09/23 15:46:15.064, 0, 98 %, 88 %, 6159 MiB, 49140 MiB, 289.98 W, 300.00 W, 73, 2100 MHz
2026/09/23 15:46:16.065, 0, 98 %, 84 %, 6159 MiB, 49140 MiB, 287.97 W, 300.00 W, 73, 1995 MHz
2026/09/23 15:46:17.066, 0, 97 %, 85 %, 6159 MiB, 49140 MiB, 287.93 W, 300.00 W, 73, 1950 MHz
2026/09/23 15:46:18.067, 0, 98 %, 82 %, 6159 MiB, 49140 MiB, 289.41 W, 300.00 W, 71, 1815 MHz
2026/09/23 15:46:19.068, 0, 97 %, 87 %, 6159 MiB, 49140 MiB, 289.87 W, 300.00 W, 73, 2100 MHz
2026/09/23 15:46:20.068, 0, 94 %, 83 %, 6159 MiB, 49140 MiB, 287.77 W, 300.00 W, 72, 1740 MHz
2026/09/23 15:46:21.070, 0, 98 %, 84 %, 6159 MiB, 49140 MiB, 287.09 W, 300.00 W, 73, 2055 MHz
2026/09/23 15:46:22.070, 0, 98 %, 87 %, 6159 MiB, 49140 MiB, 289.06 W, 300.00 W, 73, 1740 MHz
2026/09/23 15:46:23.071, 0, 98 %, 81 %, 6159 MiB, 49140 MiB, 289.06 W, 300.00 W, 71, 1770 MHz
2026/09/23 15:46:24.072, 0, 92 %, 65 %, 6159 MiB, 49140 MiB, 291.43 W, 300.00 W, 75, 1665 MHz
2026/09/23 15:46:25.072, 0, 0 %, 0 %, 6159 MiB, 49140 MiB, 234.63 W, 300.00 W, 67, 2730 MHz
2026/09/23 15:46:26.073, 0, 97 %, 87 %, 6159 MiB, 49140 MiB, 186.62 W, 300.00 W, 72, 2025 MHz
2026/09/23 15:46:27.074, 0, 98 %, 83 %, 6159 MiB, 49140 MiB, 286.82 W, 300.00 W, 72, 2025 MHz
2026/09/23 15:46:28.074, 0, 98 %, 88 %, 6159 MiB, 49140 MiB, 287.71 W, 300.00 W, 73, 1950 MHz
2026/09/23 15:46:29.076, 0, 98 %, 84 %, 6159 MiB, 49140 MiB, 287.77 W, 300.00 W, 71, 1740 MHz
2026/09/23 15:46:30.076, 0, 98 %, 87 %, 6159 MiB, 49140 MiB, 289.22 W, 300.00 W, 73, 2160 MHz
2026/09/23 15:46:31.079, 0, 93 %, 83 %, 6159 MiB, 49140 MiB, 287.82 W, 300.00 W, 72, 1800 MHz
2026/09/23 15:46:32.079, 0, 97 %, 87 %, 6159 MiB, 49140 MiB, 287.48 W, 300.00 W, 74, 1920 MHz
2026/09/23 15:46:33.080, 0, 93 %, 83 %, 6159 MiB, 49140 MiB, 288.18 W, 300.00 W, 73, 1710 MHz
2026/09/23 15:46:34.081, 0, 98 %, 81 %, 6159 MiB, 49140 MiB, 288.21 W, 300.00 W, 71, 1770 MHz
2026/09/23 15:46:35.082, 0, 95 %, 86 %, 6159 MiB, 49140 MiB, 289.28 W, 300.00 W, 72, 2085 MHz
2026/09/23 15:46:36.083, 0, 97 %, 82 %, 6159 MiB, 49140 MiB, 287.60 W, 300.00 W, 73, 1965 MHz
2026/09/23 15:46:37.084, 0, 98 %, 88 %, 6159 MiB, 49140 MiB, 288.86 W, 300.00 W, 74, 1950 MHz
2026/09/23 15:46:38.085, 0, 98 %, 86 %, 6159 MiB, 49140 MiB, 288.75 W, 300.00 W, 72, 1695 MHz
2026/09/23 15:46:39.086, 0, 97 %, 87 %, 6159 MiB, 49140 MiB, 289.27 W, 300.00 W, 73, 2070 MHz
2026/09/23 15:46:40.086, 0, 96 %, 84 %, 6159 MiB, 49140 MiB, 287.28 W, 300.00 W, 72, 1725 MHz
2026/09/23 15:46:41.087, 0, 96 %, 87 %, 6159 MiB, 49140 MiB, 287.30 W, 300.00 W, 74, 1950 MHz
2026/09/23 15:46:42.088, 0, 98 %, 87 %, 6159 MiB, 49140 MiB, 288.28 W, 300.00 W, 72, 1620 MHz
2026/09/23 15:46:43.090, 0, 97 %, 83 %, 6159 MiB, 49140 MiB, 290.26 W, 300.00 W, 73, 1980 MHz
2026/09/23 15:46:44.091, 0, 96 %, 85 %, 6159 MiB, 49140 MiB, 288.43 W, 300.00 W, 72, 1950 MHz
2026/09/23 15:46:45.092, 0, 97 %, 83 %, 6159 MiB, 49140 MiB, 287.62 W, 300.00 W, 73, 2085 MHz
2026/09/23 15:46:46.092, 0, 97 %, 87 %, 6159 MiB, 49140 MiB, 288.50 W, 300.00 W, 74, 1725 MHz
2026/09/23 15:46:47.093, 0, 98 %, 82 %, 6159 MiB, 49140 MiB, 290.20 W, 300.00 W, 71, 2115 MHz
2026/09/23 15:46:48.094, 0, 91 %, 64 %, 6159 MiB, 49140 MiB, 290.30 W, 300.00 W, 74, 1800 MHz
2026/09/23 15:46:49.095, 0, 0 %, 0 %, 6159 MiB, 49140 MiB, 252.62 W, 300.00 W, 68, 2730 MHz
2026/09/23 15:46:50.095, 0, 96 %, 86 %, 6159 MiB, 49140 MiB, 171.06 W, 300.00 W, 72, 1920 MHz
2026/09/23 15:46:51.097, 0, 98 %, 83 %, 6159 MiB, 49140 MiB, 287.59 W, 300.00 W, 72, 1935 MHz
2026/09/23 15:46:52.098, 0, 98 %, 87 %, 6159 MiB, 49140 MiB, 287.91 W, 300.00 W, 73, 1815 MHz
2026/09/23 15:46:53.100, 0, 98 %, 82 %, 6159 MiB, 49140 MiB, 288.25 W, 300.00 W, 71, 2160 MHz
2026/09/23 15:46:54.101, 0, 98 %, 88 %, 6159 MiB, 49140 MiB, 289.09 W, 300.00 W, 73, 1920 MHz
2026/09/23 15:46:55.102, 0, 91 %, 80 %, 6159 MiB, 49140 MiB, 285.07 W, 300.00 W, 72, 1980 MHz
2026/09/23 15:46:56.103, 0, 98 %, 85 %, 6159 MiB, 49140 MiB, 286.35 W, 300.00 W, 73, 1665 MHz
2026/09/23 15:46:57.104, 0, 97 %, 88 %, 6159 MiB, 49140 MiB, 287.46 W, 300.00 W, 73, 1830 MHz
2026/09/23 15:46:58.104, 0, 97 %, 82 %, 6159 MiB, 49140 MiB, 287.29 W, 300.00 W, 71, 2115 MHz
2026/09/23 15:46:59.107, 0, 97 %, 88 %, 6159 MiB, 49140 MiB, 289.30 W, 300.00 W, 73, 1770 MHz
2026/09/23 15:47:00.107, 0, 95 %, 84 %, 6159 MiB, 49140 MiB, 286.95 W, 300.00 W, 72, 1965 MHz
2026/09/23 15:47:01.108, 0, 97 %, 88 %, 6159 MiB, 49140 MiB, 287.02 W, 300.00 W, 73, 1665 MHz
2026/09/23 15:47:02.110, 0, 97 %, 87 %, 6159 MiB, 49140 MiB, 288.05 W, 300.00 W, 73, 1815 MHz
2026/09/23 15:47:03.110, 0, 97 %, 81 %, 6159 MiB, 49140 MiB, 287.45 W, 300.00 W, 71, 2145 MHz
2026/09/23 15:47:04.111, 0, 98 %, 89 %, 6159 MiB, 49140 MiB, 289.80 W, 300.00 W, 73, 1830 MHz
2026/09/23 15:47:05.112, 0, 95 %, 84 %, 6159 MiB, 49140 MiB, 286.07 W, 300.00 W, 72, 1935 MHz
2026/09/23 15:47:06.113, 0, 98 %, 84 %, 6159 MiB, 49140 MiB, 286.33 W, 300.00 W, 73, 1770 MHz
2026/09/23 15:47:07.113, 0, 98 %, 88 %, 6159 MiB, 49140 MiB, 288.38 W, 300.00 W, 73, 1770 MHz
2026/09/23 15:47:08.114, 0, 97 %, 81 %, 6159 MiB, 49140 MiB, 289.99 W, 300.00 W, 72, 2100 MHz
2026/09/23 15:47:09.117, 0, 98 %, 88 %, 6159 MiB, 49140 MiB, 289.74 W, 300.00 W, 73, 1785 MHz
2026/09/23 15:47:10.118, 0, 95 %, 84 %, 6159 MiB, 49140 MiB, 286.38 W, 300.00 W, 72, 1905 MHz
2026/09/23 15:47:11.119, 0, 98 %, 84 %, 6159 MiB, 49140 MiB, 287.33 W, 300.00 W, 73, 1770 MHz
2026/09/23 15:47:12.120, 0, 86 %, 62 %, 6159 MiB, 49140 MiB, 288.84 W, 300.00 W, 73, 1965 MHz
2026/09/23 15:47:13.120, 0, 0 %, 0 %, 6159 MiB, 49140 MiB, 277.35 W, 300.00 W, 68, 2505 MHz
2026/09/23 15:47:14.121, 0, 97 %, 83 %, 6159 MiB, 49140 MiB, 127.24 W, 300.00 W, 72, 1890 MHz
2026/09/23 15:47:15.122, 0, 98 %, 87 %, 6159 MiB, 49140 MiB, 287.91 W, 300.00 W, 73, 1800 MHz
2026/09/23 15:47:16.124, 0, 98 %, 81 %, 6159 MiB, 49140 MiB, 289.14 W, 300.00 W, 71, 2100 MHz
2026/09/23 15:47:17.125, 0, 97 %, 88 %, 6159 MiB, 49140 MiB, 289.28 W, 300.00 W, 72, 1935 MHz
2026/09/23 15:47:18.126, 0, 97 %, 82 %, 6159 MiB, 49140 MiB, 288.52 W, 300.00 W, 72, 1965 MHz
2026/09/23 15:47:19.127, 0, 98 %, 87 %, 6159 MiB, 49140 MiB, 288.14 W, 300.00 W, 73, 1785 MHz
2026/09/23 15:47:20.133, 0, 97 %, 81 %, 6159 MiB, 49140 MiB, 288.12 W, 300.00 W, 71, 2145 MHz
2026/09/23 15:47:21.134, 0, 97 %, 88 %, 6159 MiB, 49140 MiB, 289.91 W, 300.00 W, 72, 1920 MHz
2026/09/23 15:47:22.135, 0, 97 %, 82 %, 6159 MiB, 49140 MiB, 286.25 W, 300.00 W, 72, 1980 MHz
2026/09/23 15:47:23.136, 0, 98 %, 88 %, 6159 MiB, 49140 MiB, 288.33 W, 300.00 W, 74, 1695 MHz
2026/09/23 15:47:24.137, 0, 97 %, 86 %, 6159 MiB, 49140 MiB, 289.19 W, 300.00 W, 72, 2055 MHz
2026/09/23 15:47:25.139, 0, 98 %, 85 %, 6159 MiB, 49140 MiB, 289.83 W, 300.00 W, 73, 1875 MHz
2026/09/23 15:47:26.140, 0, 96 %, 85 %, 6159 MiB, 49140 MiB, 288.08 W, 300.00 W, 72, 2085 MHz
2026/09/23 15:47:27.140, 0, 98 %, 83 %, 6159 MiB, 49140 MiB, 287.51 W, 300.00 W, 72, 1920 MHz
2026/09/23 15:47:28.141, 0, 98 %, 88 %, 6159 MiB, 49140 MiB, 287.40 W, 300.00 W, 74, 1680 MHz
2026/09/23 15:47:29.142, 0, 97 %, 88 %, 6159 MiB, 49140 MiB, 287.69 W, 300.00 W, 73, 1770 MHz
2026/09/23 15:47:30.143, 0, 98 %, 84 %, 6159 MiB, 49140 MiB, 287.18 W, 300.00 W, 72, 2130 MHz
2026/09/23 15:47:31.143, 0, 98 %, 81 %, 6159 MiB, 49140 MiB, 287.79 W, 300.00 W, 72, 1935 MHz
2026/09/23 15:47:32.144, 0, 96 %, 86 %, 6159 MiB, 49140 MiB, 288.08 W, 300.00 W, 73, 1920 MHz
2026/09/23 15:47:33.145, 0, 96 %, 82 %, 6159 MiB, 49140 MiB, 286.80 W, 300.00 W, 72, 1965 MHz
2026/09/23 15:47:34.145, 0, 96 %, 87 %, 6159 MiB, 49140 MiB, 289.28 W, 300.00 W, 74, 1680 MHz
2026/09/23 15:47:35.146, 0, 98 %, 87 %, 6159 MiB, 49140 MiB, 288.85 W, 300.00 W, 72, 2010 MHz
2026/09/23 15:47:36.147, 0, 97 %, 81 %, 6159 MiB, 49140 MiB, 289.62 W, 300.00 W, 74, 1800 MHz
2026/09/23 15:47:37.147, 0, 91 %, 65 %, 6159 MiB, 49140 MiB, 295.61 W, 300.00 W, 74, 2235 MHz
2026/09/23 15:47:38.148, 0, 97 %, 82 %, 6159 MiB, 49140 MiB, 144.55 W, 300.00 W, 71, 1980 MHz
2026/09/23 15:47:39.148, 0, 96 %, 84 %, 6159 MiB, 49140 MiB, 289.95 W, 300.00 W, 72, 1770 MHz
2026/09/23 15:47:40.149, 0, 97 %, 83 %, 6159 MiB, 49140 MiB, 286.45 W, 300.00 W, 72, 1710 MHz
2026/09/23 15:47:41.150, 0, 98 %, 88 %, 6159 MiB, 49140 MiB, 288.53 W, 300.00 W, 74, 2100 MHz
2026/09/23 15:47:42.151, 0, 96 %, 86 %, 6159 MiB, 49140 MiB, 286.65 W, 300.00 W, 73, 1980 MHz
2026/09/23 15:47:43.152, 0, 98 %, 83 %, 6159 MiB, 49140 MiB, 289.28 W, 300.00 W, 71, 2145 MHz
2026/09/23 15:47:44.152, 0, 95 %, 85 %, 6159 MiB, 49140 MiB, 288.57 W, 300.00 W, 72, 1920 MHz
2026/09/23 15:47:45.153, 0, 97 %, 82 %, 6159 MiB, 49140 MiB, 286.21 W, 300.00 W, 72, 1770 MHz
2026/09/23 15:47:46.153, 0, 98 %, 88 %, 6159 MiB, 49140 MiB, 289.32 W, 300.00 W, 74, 2100 MHz
2026/09/23 15:47:47.155, 0, 97 %, 84 %, 6159 MiB, 49140 MiB, 288.51 W, 300.00 W, 71, 1785 MHz
2026/09/23 15:47:48.157, 0, 89 %, 79 %, 6159 MiB, 49140 MiB, 288.17 W, 300.00 W, 73, 2055 MHz
2026/09/23 15:47:49.159, 0, 96 %, 85 %, 6159 MiB, 49140 MiB, 285.76 W, 300.00 W, 72, 1875 MHz
2026/09/23 15:47:50.159, 0, 97 %, 83 %, 6159 MiB, 49140 MiB, 286.16 W, 300.00 W, 73, 1815 MHz
2026/09/23 15:47:51.160, 0, 97 %, 87 %, 6159 MiB, 49140 MiB, 287.98 W, 300.00 W, 73, 2115 MHz
2026/09/23 15:47:52.161, 0, 98 %, 81 %, 6159 MiB, 49140 MiB, 289.52 W, 300.00 W, 72, 2040 MHz
2026/09/23 15:47:53.162, 0, 93 %, 83 %, 6159 MiB, 49140 MiB, 288.56 W, 300.00 W, 72, 1950 MHz
2026/09/23 15:47:54.163, 0, 97 %, 82 %, 6159 MiB, 49140 MiB, 285.93 W, 300.00 W, 72, 1785 MHz
2026/09/23 15:47:55.163, 0, 97 %, 87 %, 6159 MiB, 49140 MiB, 287.48 W, 300.00 W, 74, 2130 MHz
2026/09/23 15:47:56.164, 0, 98 %, 85 %, 6159 MiB, 49140 MiB, 288.08 W, 300.00 W, 72, 1755 MHz
2026/09/23 15:47:57.166, 0, 97 %, 83 %, 6159 MiB, 49140 MiB, 288.51 W, 300.00 W, 73, 2100 MHz
2026/09/23 15:47:58.166, 0, 94 %, 83 %, 6159 MiB, 49140 MiB, 288.95 W, 300.00 W, 72, 1815 MHz
2026/09/23 15:47:59.167, 0, 98 %, 84 %, 6159 MiB, 49140 MiB, 286.92 W, 300.00 W, 73, 1785 MHz
2026/09/23 15:48:00.168, 0, 97 %, 88 %, 6159 MiB, 49140 MiB, 288.96 W, 300.00 W, 73, 2085 MHz
2026/09/23 15:48:01.168, 0, 95 %, 65 %, 6159 MiB, 49140 MiB, 295.66 W, 300.00 W, 73, 1665 MHz
2026/09/23 15:48:02.169, 0, 0 %, 0 %, 6159 MiB, 49140 MiB, 136.90 W, 300.00 W, 67, 2730 MHz
2026/09/23 15:48:03.169, 0, 97 %, 89 %, 6159 MiB, 49140 MiB, 110.27 W, 300.00 W, 71, 2085 MHz
2026/09/23 15:48:04.171, 0, 97 %, 83 %, 6159 MiB, 49140 MiB, 287.84 W, 300.00 W, 70, 2115 MHz
2026/09/23 15:48:05.171, 0, 94 %, 86 %, 6159 MiB, 49140 MiB, 285.93 W, 300.00 W, 72, 1995 MHz
2026/09/23 15:48:06.172, 0, 95 %, 83 %, 6159 MiB, 49140 MiB, 284.95 W, 300.00 W, 72, 1650 MHz
2026/09/23 15:48:07.175, 0, 97 %, 82 %, 6159 MiB, 49140 MiB, 283.92 W, 300.00 W, 72, 1830 MHz
2026/09/23 15:48:08.175, 0, 98 %, 88 %, 6159 MiB, 49140 MiB, 287.83 W, 300.00 W, 73, 2085 MHz
2026/09/23 15:48:09.177, 0, 98 %, 81 %, 6159 MiB, 49140 MiB, 288.83 W, 300.00 W, 71, 2070 MHz
2026/09/23 15:48:10.178, 0, 97 %, 86 %, 6159 MiB, 49140 MiB, 287.85 W, 300.00 W, 72, 1830 MHz
2026/09/23 15:48:11.180, 0, 97 %, 84 %, 6159 MiB, 49140 MiB, 287.15 W, 300.00 W, 73, 1815 MHz
2026/09/23 15:48:12.181, 0, 98 %, 88 %, 6159 MiB, 49140 MiB, 289.46 W, 300.00 W, 72, 2040 MHz
2026/09/23 15:48:13.181, 0, 98 %, 87 %, 6159 MiB, 49140 MiB, 289.74 W, 300.00 W, 73, 1875 MHz
2026/09/23 15:48:14.182, 0, 92 %, 81 %, 6159 MiB, 49140 MiB, 286.85 W, 300.00 W, 72, 1740 MHz
2026/09/23 15:48:15.183, 0, 97 %, 84 %, 6159 MiB, 49140 MiB, 285.08 W, 300.00 W, 73, 1845 MHz
2026/09/23 15:48:16.184, 0, 97 %, 88 %, 6159 MiB, 49140 MiB, 289.02 W, 300.00 W, 73, 2085 MHz
2026/09/23 15:48:17.185, 0, 97 %, 82 %, 6159 MiB, 49140 MiB, 288.45 W, 300.00 W, 72, 2115 MHz
2026/09/23 15:48:18.186, 0, 94 %, 83 %, 6159 MiB, 49140 MiB, 288.14 W, 300.00 W, 72, 1800 MHz
2026/09/23 15:48:19.187, 0, 98 %, 84 %, 6159 MiB, 49140 MiB, 287.11 W, 300.00 W, 73, 1785 MHz
2026/09/23 15:48:20.187, 0, 98 %, 88 %, 6159 MiB, 49140 MiB, 289.20 W, 300.00 W, 72, 2025 MHz
2026/09/23 15:48:21.188, 0, 98 %, 81 %, 6159 MiB, 49140 MiB, 288.43 W, 300.00 W, 72, 2070 MHz
2026/09/23 15:48:22.189, 0, 94 %, 84 %, 6159 MiB, 49140 MiB, 288.81 W, 300.00 W, 72, 1800 MHz
2026/09/23 15:48:23.190, 0, 98 %, 84 %, 6159 MiB, 49140 MiB, 286.42 W, 300.00 W, 72, 1800 MHz
2026/09/23 15:48:24.191, 0, 98 %, 87 %, 6159 MiB, 49140 MiB, 288.58 W, 300.00 W, 73, 1905 MHz
2026/09/23 15:48:25.191, 0, 98 %, 82 %, 6159 MiB, 49140 MiB, 289.07 W, 300.00 W, 71, 1935 MHz
2026/09/23 15:48:26.192, 0, 93 %, 66 %, 6159 MiB, 49140 MiB, 295.60 W, 300.00 W, 74, 1635 MHz
2026/09/23 15:48:27.193, 0, 63 %, 54 %, 6159 MiB, 49140 MiB, 146.56 W, 300.00 W, 70, 2115 MHz
2026/09/23 15:48:28.193, 0, 95 %, 85 %, 6159 MiB, 49140 MiB, 280.55 W, 300.00 W, 72, 1785 MHz
2026/09/23 15:48:29.195, 0, 98 %, 86 %, 6159 MiB, 49140 MiB, 286.84 W, 300.00 W, 73, 2115 MHz
2026/09/23 15:48:30.195, 0, 96 %, 86 %, 6159 MiB, 49140 MiB, 288.47 W, 300.00 W, 73, 1995 MHz
2026/09/23 15:48:31.198, 0, 95 %, 80 %, 6159 MiB, 49140 MiB, 286.61 W, 300.00 W, 71, 1995 MHz
2026/09/23 15:48:32.199, 0, 97 %, 89 %, 6159 MiB, 49140 MiB, 288.34 W, 300.00 W, 72, 1725 MHz
2026/09/23 15:48:33.200, 0, 95 %, 82 %, 6159 MiB, 49140 MiB, 286.07 W, 300.00 W, 73, 2100 MHz
2026/09/23 15:48:34.200, 0, 97 %, 87 %, 6159 MiB, 49140 MiB, 286.52 W, 300.00 W, 73, 2220 MHz
2026/09/23 15:48:35.201, 0, 98 %, 88 %, 6159 MiB, 49140 MiB, 287.72 W, 300.00 W, 73, 2055 MHz
2026/09/23 15:48:36.204, 0, 93 %, 78 %, 6159 MiB, 49140 MiB, 288.31 W, 300.00 W, 72, 1980 MHz
2026/09/23 15:48:37.205, 0, 97 %, 88 %, 6159 MiB, 49140 MiB, 287.37 W, 300.00 W, 73, 1710 MHz
2026/09/23 15:48:38.206, 0, 98 %, 84 %, 6159 MiB, 49140 MiB, 287.18 W, 300.00 W, 72, 2085 MHz
2026/09/23 15:48:39.206, 0, 97 %, 86 %, 6159 MiB, 49140 MiB, 288.41 W, 300.00 W, 73, 1740 MHz
2026/09/23 15:48:40.208, 0, 97 %, 82 %, 6159 MiB, 49140 MiB, 288.14 W, 300.00 W, 71, 1965 MHz
2026/09/23 15:48:41.209, 0, 97 %, 88 %, 6159 MiB, 49140 MiB, 288.37 W, 300.00 W, 73, 1680 MHz
2026/09/23 15:48:42.210, 0, 95 %, 83 %, 6159 MiB, 49140 MiB, 286.96 W, 300.00 W, 72, 1920 MHz
2026/09/23 15:48:43.210, 0, 97 %, 88 %, 6159 MiB, 49140 MiB, 288.24 W, 300.00 W, 74, 1950 MHz
2026/09/23 15:48:44.211, 0, 95 %, 85 %, 6159 MiB, 49140 MiB, 288.70 W, 300.00 W, 72, 2010 MHz
2026/09/23 15:48:45.211, 0, 97 %, 87 %, 6159 MiB, 49140 MiB, 289.14 W, 300.00 W, 73, 1710 MHz
2026/09/23 15:48:46.213, 0, 96 %, 85 %, 6159 MiB, 49140 MiB, 286.94 W, 300.00 W, 72, 1785 MHz
2026/09/23 15:48:47.216, 0, 98 %, 86 %, 6159 MiB, 49140 MiB, 288.04 W, 300.00 W, 73, 2130 MHz
2026/09/23 15:48:48.217, 0, 97 %, 88 %, 6159 MiB, 49140 MiB, 288.37 W, 300.00 W, 73, 1980 MHz
2026/09/23 15:48:49.218, 0, 97 %, 87 %, 6159 MiB, 49140 MiB, 289.79 W, 300.00 W, 72, 1950 MHz
2026/09/23 15:48:50.219, 0, 93 %, 64 %, 6159 MiB, 49140 MiB, 294.45 W, 300.00 W, 74, 1680 MHz
2026/09/23 15:48:51.219, 0, 49 %, 46 %, 6159 MiB, 49140 MiB, 140.50 W, 300.00 W, 67, 2295 MHz
2026/09/23 15:48:52.220, 0, 97 %, 87 %, 6159 MiB, 49140 MiB, 281.72 W, 300.00 W, 72, 1935 MHz
2026/09/23 15:48:53.221, 0, 94 %, 83 %, 6159 MiB, 49140 MiB, 286.37 W, 300.00 W, 72, 1710 MHz
2026/09/23 15:48:54.222, 0, 97 %, 86 %, 6159 MiB, 49140 MiB, 288.16 W, 300.00 W, 72, 2100 MHz
2026/09/23 15:48:55.222, 0, 97 %, 87 %, 6159 MiB, 49140 MiB, 289.96 W, 300.00 W, 73, 1815 MHz
2026/09/23 15:48:56.224, 0, 96 %, 85 %, 6159 MiB, 49140 MiB, 290.67 W, 300.00 W, 71, 2010 MHz
2026/09/23 15:48:57.225, 0, 96 %, 84 %, 6159 MiB, 49140 MiB, 287.57 W, 300.00 W, 73, 1695 MHz
2026/09/23 15:48:58.225, 0, 97 %, 87 %, 6159 MiB, 49140 MiB, 288.36 W, 300.00 W, 72, 2100 MHz
2026/09/23 15:48:59.226, 0, 98 %, 87 %, 6159 MiB, 49140 MiB, 288.95 W, 300.00 W, 74, 1815 MHz
2026/09/23 15:49:00.227, 0, 98 %, 81 %, 6159 MiB, 49140 MiB, 289.21 W, 300.00 W, 72, 1875 MHz
2026/09/23 15:49:01.229, 0, 96 %, 85 %, 6159 MiB, 49140 MiB, 289.65 W, 300.00 W, 73, 1620 MHz
2026/09/23 15:49:02.229, 0, 98 %, 83 %, 6159 MiB, 49140 MiB, 287.18 W, 300.00 W, 72, 1860 MHz
2026/09/23 15:49:03.230, 0, 97 %, 85 %, 6159 MiB, 49140 MiB, 287.63 W, 300.00 W, 74, 2085 MHz
2026/09/23 15:49:04.231, 0, 88 %, 78 %, 6159 MiB, 49140 MiB, 285.26 W, 300.00 W, 73, 2070 MHz
2026/09/23 15:49:05.232, 0, 98 %, 82 %, 6159 MiB, 49140 MiB, 288.57 W, 300.00 W, 71, 1935 MHz
2026/09/23 15:49:06.233, 0, 97 %, 86 %, 6159 MiB, 49140 MiB, 288.98 W, 300.00 W, 73, 1650 MHz
2026/09/23 15:49:07.233, 0, 97 %, 81 %, 6159 MiB, 49140 MiB, 286.80 W, 300.00 W, 72, 1815 MHz
2026/09/23 15:49:08.234, 0, 97 %, 86 %, 6159 MiB, 49140 MiB, 289.08 W, 300.00 W, 74, 2010 MHz
2026/09/23 15:49:09.235, 0, 96 %, 83 %, 6159 MiB, 49140 MiB, 288.30 W, 300.00 W, 73, 1995 MHz
2026/09/23 15:49:10.236, 0, 97 %, 86 %, 6159 MiB, 49140 MiB, 289.51 W, 300.00 W, 72, 1920 MHz
2026/09/23 15:49:11.238, 0, 95 %, 84 %, 6159 MiB, 49140 MiB, 286.99 W, 300.00 W, 73, 1695 MHz
2026/09/23 15:49:12.239, 0, 97 %, 86 %, 6159 MiB, 49140 MiB, 288.50 W, 300.00 W, 72, 2115 MHz
2026/09/23 15:49:13.239, 0, 98 %, 87 %, 6159 MiB, 49140 MiB, 289.28 W, 300.00 W, 74, 1920 MHz
2026/09/23 15:49:14.242, 0, 95 %, 67 %, 6159 MiB, 49140 MiB, 295.76 W, 300.00 W, 74, 1620 MHz
2026/09/23 15:49:15.243, 0, 0 %, 0 %, 6159 MiB, 49140 MiB, 153.52 W, 300.00 W, 67, 2730 MHz
2026/09/23 15:49:16.243, 0, 0 %, 0 %, 6159 MiB, 49140 MiB, 87.99 W, 300.00 W, 66, 2730 MHz
2026/09/23 15:49:17.245, 0, 97 %, 84 %, 6159 MiB, 49140 MiB, 204.64 W, 300.00 W, 72, 1935 MHz
2026/09/23 15:49:18.246, 0, 98 %, 88 %, 6159 MiB, 49140 MiB, 287.25 W, 300.00 W, 71, 1845 MHz
2026/09/23 15:49:19.248, 0, 98 %, 86 %, 6159 MiB, 49140 MiB, 286.25 W, 300.00 W, 71, 2115 MHz
2026/09/23 15:49:20.248, 0, 98 %, 86 %, 6159 MiB, 49140 MiB, 288.72 W, 300.00 W, 73, 2010 MHz
2026/09/23 15:49:21.249, 0, 96 %, 82 %, 6159 MiB, 49140 MiB, 288.26 W, 300.00 W, 72, 1785 MHz
2026/09/23 15:49:22.249, 0, 96 %, 85 %, 6159 MiB, 49140 MiB, 288.96 W, 300.00 W, 73, 1830 MHz
2026/09/23 15:49:23.250, 0, 95 %, 83 %, 6159 MiB, 49140 MiB, 284.91 W, 300.00 W, 71, 2130 MHz
2026/09/23 15:49:24.250, 0, 98 %, 87 %, 6159 MiB, 49140 MiB, 287.58 W, 300.00 W, 72, 1920 MHz
2026/09/23 15:49:25.251, 0, 97 %, 86 %, 6159 MiB, 49140 MiB, 289.53 W, 300.00 W, 73, 1980 MHz
2026/09/23 15:49:26.253, 0, 97 %, 87 %, 6159 MiB, 49140 MiB, 288.79 W, 300.00 W, 71, 1725 MHz
2026/09/23 15:49:27.254, 0, 96 %, 84 %, 6159 MiB, 49140 MiB, 286.18 W, 300.00 W, 72, 2130 MHz
2026/09/23 15:49:28.255, 0, 96 %, 87 %, 6159 MiB, 49140 MiB, 287.53 W, 300.00 W, 72, 1785 MHz
2026/09/23 15:49:29.255, 0, 97 %, 85 %, 6159 MiB, 49140 MiB, 288.99 W, 300.00 W, 73, 1980 MHz
2026/09/23 15:49:30.256, 0, 95 %, 84 %, 6159 MiB, 49140 MiB, 288.99 W, 300.00 W, 71, 1725 MHz
2026/09/23 15:49:31.257, 0, 96 %, 85 %, 6159 MiB, 49140 MiB, 286.88 W, 300.00 W, 72, 2130 MHz
2026/09/23 15:49:32.258, 0, 98 %, 86 %, 6159 MiB, 49140 MiB, 288.46 W, 300.00 W, 73, 1995 MHz
2026/09/23 15:49:33.259, 0, 97 %, 84 %, 6159 MiB, 49140 MiB, 289.33 W, 300.00 W, 72, 1815 MHz
2026/09/23 15:49:34.260, 0, 97 %, 86 %, 6159 MiB, 49140 MiB, 289.41 W, 300.00 W, 73, 1800 MHz
2026/09/23 15:49:35.261, 0, 97 %, 84 %, 6159 MiB, 49140 MiB, 285.26 W, 300.00 W, 72, 2100 MHz
2026/09/23 15:49:36.262, 0, 96 %, 85 %, 6159 MiB, 49140 MiB, 286.92 W, 300.00 W, 72, 1860 MHz
2026/09/23 15:49:37.264, 0, 98 %, 86 %, 6159 MiB, 49140 MiB, 289.20 W, 300.00 W, 73, 1950 MHz
2026/09/23 15:49:38.265, 0, 97 %, 87 %, 6159 MiB, 49140 MiB, 288.96 W, 300.00 W, 72, 1785 MHz
2026/09/23 15:49:39.266, 0, 91 %, 65 %, 6159 MiB, 49140 MiB, 292.98 W, 300.00 W, 74, 1710 MHz
2026/09/23 15:49:40.266, 0, 0 %, 0 %, 6159 MiB, 49140 MiB, 164.82 W, 300.00 W, 67, 2745 MHz
2026/09/23 15:49:41.267, 0, 0 %, 0 %, 6159 MiB, 49140 MiB, 88.07 W, 300.00 W, 66, 2745 MHz
2026/09/23 15:49:42.268, 0, 95 %, 85 %, 6159 MiB, 49140 MiB, 217.50 W, 300.00 W, 71, 2130 MHz
2026/09/23 15:49:43.269, 0, 96 %, 86 %, 6159 MiB, 49140 MiB, 285.24 W, 300.00 W, 72, 1860 MHz
2026/09/23 15:49:44.269, 0, 98 %, 86 %, 6159 MiB, 49140 MiB, 286.95 W, 300.00 W, 72, 1995 MHz
2026/09/23 15:49:45.271, 0, 98 %, 88 %, 6159 MiB, 49140 MiB, 288.58 W, 300.00 W, 72, 1800 MHz
2026/09/23 15:49:46.272, 0, 97 %, 86 %, 6159 MiB, 49140 MiB, 285.62 W, 300.00 W, 72, 2115 MHz
2026/09/23 15:49:47.273, 0, 97 %, 86 %, 6159 MiB, 49140 MiB, 287.64 W, 300.00 W, 73, 2025 MHz
2026/09/23 15:49:48.274, 0, 98 %, 83 %, 6159 MiB, 49140 MiB, 289.07 W, 300.00 W, 72, 1695 MHz
2026/09/23 15:49:49.275, 0, 98 %, 87 %, 6159 MiB, 49140 MiB, 287.60 W, 300.00 W, 73, 1815 MHz
2026/09/23 15:49:50.277, 0, 97 %, 84 %, 6159 MiB, 49140 MiB, 285.66 W, 300.00 W, 71, 2100 MHz
2026/09/23 15:49:51.278, 0, 98 %, 87 %, 6159 MiB, 49140 MiB, 288.07 W, 300.00 W, 72, 2025 MHz
2026/09/23 15:49:52.280, 0, 98 %, 86 %, 6159 MiB, 49140 MiB, 288.93 W, 300.00 W, 72, 1950 MHz
2026/09/23 15:49:53.280, 0, 98 %, 87 %, 6159 MiB, 49140 MiB, 289.56 W, 300.00 W, 73, 1755 MHz
2026/09/23 15:49:54.281, 0, 98 %, 83 %, 6159 MiB, 49140 MiB, 287.27 W, 300.00 W, 72, 2100 MHz
2026/09/23 15:49:55.282, 0, 97 %, 85 %, 6159 MiB, 49140 MiB, 288.27 W, 300.00 W, 73, 1995 MHz
2026/09/23 15:49:56.282, 0, 98 %, 87 %, 6159 MiB, 49140 MiB, 287.78 W, 300.00 W, 73, 1965 MHz
2026/09/23 15:49:57.284, 0, 98 %, 86 %, 6159 MiB, 49140 MiB, 288.42 W, 300.00 W, 71, 1695 MHz
2026/09/23 15:49:58.285, 0, 95 %, 84 %, 6159 MiB, 49140 MiB, 288.74 W, 300.00 W, 72, 2115 MHz
2026/09/23 15:49:59.285, 0, 98 %, 88 %, 6159 MiB, 49140 MiB, 288.74 W, 300.00 W, 72, 1695 MHz
2026/09/23 15:50:00.287, 0, 97 %, 86 %, 6159 MiB, 49140 MiB, 287.81 W, 300.00 W, 74, 1905 MHz
2026/09/23 15:50:01.288, 0, 95 %, 82 %, 6159 MiB, 49140 MiB, 287.35 W, 300.00 W, 72, 1830 MHz
2026/09/23 15:50:02.288, 0, 97 %, 86 %, 6159 MiB, 49140 MiB, 289.21 W, 300.00 W, 73, 2205 MHz
2026/09/23 15:50:03.289, 0, 96 %, 85 %, 6159 MiB, 49140 MiB, 286.12 W, 300.00 W, 72, 1935 MHz
2026/09/23 15:50:04.291, 0, 92 %, 63 %, 6159 MiB, 49140 MiB, 295.12 W, 300.00 W, 73, 1695 MHz
2026/09/23 15:50:05.291, 0, 0 %, 0 %, 6159 MiB, 49140 MiB, 158.71 W, 300.00 W, 67, 2745 MHz
2026/09/23 15:50:06.293, 0, 0 %, 0 %, 6159 MiB, 49140 MiB, 87.98 W, 300.00 W, 66, 2745 MHz
2026/09/23 15:50:07.294, 0, 93 %, 81 %, 6159 MiB, 49140 MiB, 213.71 W, 300.00 W, 70, 1950 MHz
2026/09/23 15:50:08.295, 0, 96 %, 86 %, 6159 MiB, 49140 MiB, 286.33 W, 300.00 W, 71, 1980 MHz
2026/09/23 15:50:09.295, 0, 97 %, 87 %, 6159 MiB, 49140 MiB, 286.19 W, 300.00 W, 71, 1980 MHz
2026/09/23 15:50:10.296, 0, 97 %, 87 %, 6159 MiB, 49140 MiB, 287.95 W, 300.00 W, 73, 1740 MHz
2026/09/23 15:50:11.298, 0, 97 %, 82 %, 6159 MiB, 49140 MiB, 288.08 W, 300.00 W, 71, 1785 MHz
2026/09/23 15:50:12.299, 0, 96 %, 85 %, 6159 MiB, 49140 MiB, 288.53 W, 300.00 W, 72, 2070 MHz
2026/09/23 15:50:13.300, 0, 98 %, 84 %, 6159 MiB, 49140 MiB, 286.57 W, 300.00 W, 72, 1935 MHz
2026/09/23 15:50:14.301, 0, 98 %, 87 %, 6159 MiB, 49140 MiB, 289.09 W, 300.00 W, 72, 1665 MHz
2026/09/23 15:50:15.302, 0, 97 %, 82 %, 6159 MiB, 49140 MiB, 288.99 W, 300.00 W, 71, 1890 MHz
2026/09/23 15:50:16.302, 0, 98 %, 87 %, 6159 MiB, 49140 MiB, 287.01 W, 300.00 W, 72, 2085 MHz
2026/09/23 15:50:17.304, 0, 97 %, 83 %, 6159 MiB, 49140 MiB, 286.91 W, 300.00 W, 72, 1965 MHz
2026/09/23 15:50:18.305, 0, 98 %, 86 %, 6159 MiB, 49140 MiB, 288.97 W, 300.00 W, 73, 1815 MHz
2026/09/23 15:50:19.307, 0, 98 %, 84 %, 6159 MiB, 49140 MiB, 287.97 W, 300.00 W, 71, 1815 MHz
2026/09/23 15:50:20.307, 0, 97 %, 87 %, 6159 MiB, 49140 MiB, 288.77 W, 300.00 W, 72, 2100 MHz
2026/09/23 15:50:21.310, 0, 95 %, 84 %, 6159 MiB, 49140 MiB, 285.11 W, 300.00 W, 72, 1830 MHz
2026/09/23 15:50:22.311, 0, 98 %, 88 %, 6159 MiB, 49140 MiB, 286.74 W, 300.00 W, 74, 1980 MHz
2026/09/23 15:50:23.312, 0, 97 %, 85 %, 6159 MiB, 49140 MiB, 288.55 W, 300.00 W, 71, 1695 MHz
2026/09/23 15:50:24.313, 0, 97 %, 87 %, 6159 MiB, 49140 MiB, 289.76 W, 300.00 W, 72, 2130 MHz
2026/09/23 15:50:25.314, 0, 96 %, 85 %, 6159 MiB, 49140 MiB, 286.77 W, 300.00 W, 72, 1905 MHz
2026/09/23 15:50:26.315, 0, 96 %, 86 %, 6159 MiB, 49140 MiB, 287.83 W, 300.00 W, 74, 2010 MHz
2026/09/23 15:50:27.316, 0, 96 %, 85 %, 6159 MiB, 49140 MiB, 288.87 W, 300.00 W, 72, 1710 MHz
2026/09/23 15:50:28.317, 0, 97 %, 87 %, 6159 MiB, 49140 MiB, 289.77 W, 300.00 W, 73, 2130 MHz
2026/09/23 15:50:29.317, 0, 91 %, 64 %, 6159 MiB, 49140 MiB, 293.08 W, 300.00 W, 74, 1695 MHz
2026/09/23 15:50:30.318, 0, 0 %, 0 %, 6159 MiB, 49140 MiB, 165.16 W, 300.00 W, 67, 2745 MHz
2026/09/23 15:50:31.319, 0, 0 %, 0 %, 6159 MiB, 49140 MiB, 87.60 W, 300.00 W, 69, 2400 MHz
2026/09/23 15:50:32.321, 0, 98 %, 86 %, 6159 MiB, 49140 MiB, 218.73 W, 300.00 W, 72, 2085 MHz
2026/09/23 15:50:33.322, 0, 94 %, 84 %, 6159 MiB, 49140 MiB, 288.09 W, 300.00 W, 72, 1785 MHz
2026/09/23 15:50:34.323, 0, 97 %, 81 %, 6159 MiB, 49140 MiB, 287.82 W, 300.00 W, 71, 1830 MHz
2026/09/23 15:50:35.323, 0, 96 %, 85 %, 6159 MiB, 49140 MiB, 287.33 W, 300.00 W, 71, 2010 MHz
2026/09/23 15:50:36.324, 0, 97 %, 86 %, 6159 MiB, 49140 MiB, 286.06 W, 300.00 W, 73, 2025 MHz
2026/09/23 15:50:37.325, 0, 97 %, 87 %, 6159 MiB, 49140 MiB, 286.56 W, 300.00 W, 72, 2010 MHz
2026/09/23 15:50:38.326, 0, 98 %, 86 %, 6159 MiB, 49140 MiB, 287.63 W, 300.00 W, 73, 1905 MHz
2026/09/23 15:50:39.328, 0, 93 %, 83 %, 6159 MiB, 49140 MiB, 287.46 W, 300.00 W, 71, 1755 MHz
2026/09/23 15:50:40.329, 0, 98 %, 84 %, 6159 MiB, 49140 MiB, 288.77 W, 300.00 W, 72, 2115 MHz
2026/09/23 15:50:41.330, 0, 96 %, 86 %, 6159 MiB, 49140 MiB, 285.62 W, 300.00 W, 72, 1875 MHz
2026/09/23 15:50:42.330, 0, 98 %, 81 %, 6159 MiB, 49140 MiB, 287.62 W, 300.00 W, 74, 2025 MHz
2026/09/23 15:50:43.332, 0, 96 %, 86 %, 6159 MiB, 49140 MiB, 287.50 W, 300.00 W, 72, 1695 MHz
2026/09/23 15:50:44.333, 0, 97 %, 83 %, 6159 MiB, 49140 MiB, 289.44 W, 300.00 W, 73, 2130 MHz
2026/09/23 15:50:45.333, 0, 98 %, 87 %, 6159 MiB, 49140 MiB, 286.48 W, 300.00 W, 72, 1860 MHz
2026/09/23 15:50:46.334, 0, 98 %, 82 %, 6159 MiB, 49140 MiB, 286.88 W, 300.00 W, 74, 1965 MHz
2026/09/23 15:50:47.335, 0, 97 %, 85 %, 6159 MiB, 49140 MiB, 286.43 W, 300.00 W, 72, 1650 MHz
2026/09/23 15:50:48.336, 0, 98 %, 85 %, 6159 MiB, 49140 MiB, 288.07 W, 300.00 W, 73, 1965 MHz
2026/09/23 15:50:49.337, 0, 96 %, 85 %, 6159 MiB, 49140 MiB, 286.84 W, 300.00 W, 72, 2025 MHz
2026/09/23 15:50:50.338, 0, 98 %, 84 %, 6159 MiB, 49140 MiB, 287.95 W, 300.00 W, 73, 1710 MHz
2026/09/23 15:50:51.339, 0, 97 %, 87 %, 6159 MiB, 49140 MiB, 288.18 W, 300.00 W, 72, 1890 MHz
2026/09/23 15:50:52.341, 0, 96 %, 83 %, 6159 MiB, 49140 MiB, 287.60 W, 300.00 W, 71, 2115 MHz
2026/09/23 15:50:53.342, 0, 98 %, 87 %, 6159 MiB, 49140 MiB, 290.84 W, 300.00 W, 74, 1665 MHz
2026/09/23 15:50:54.342, 0, 95 %, 66 %, 6159 MiB, 49140 MiB, 245.26 W, 300.00 W, 67, 2745 MHz
2026/09/23 15:50:55.343, 0, 0 %, 0 %, 6159 MiB, 49140 MiB, 87.49 W, 300.00 W, 66, 2745 MHz
2026/09/23 15:50:56.343, 0, 0 %, 0 %, 6159 MiB, 49140 MiB, 151.99 W, 300.00 W, 71, 1995 MHz
2026/09/23 15:50:57.344, 0, 97 %, 87 %, 6159 MiB, 49140 MiB, 287.38 W, 300.00 W, 72, 1860 MHz
2026/09/23 15:50:58.345, 0, 96 %, 86 %, 6159 MiB, 49140 MiB, 287.11 W, 300.00 W, 71, 1980 MHz
2026/09/23 15:50:59.346, 0, 97 %, 86 %, 6159 MiB, 49140 MiB, 286.08 W, 300.00 W, 71, 2055 MHz
2026/09/23 15:51:00.347, 0, 97 %, 83 %, 6159 MiB, 49140 MiB, 286.48 W, 300.00 W, 73, 1665 MHz
2026/09/23 15:51:01.348, 0, 96 %, 85 %, 6159 MiB, 49140 MiB, 286.86 W, 300.00 W, 71, 2070 MHz
2026/09/23 15:51:02.349, 0, 97 %, 83 %, 6159 MiB, 49140 MiB, 288.56 W, 300.00 W, 72, 1740 MHz
2026/09/23 15:51:03.349, 0, 98 %, 87 %, 6159 MiB, 49140 MiB, 285.49 W, 300.00 W, 72, 1950 MHz
2026/09/23 15:51:04.350, 0, 98 %, 82 %, 6159 MiB, 49140 MiB, 287.13 W, 300.00 W, 73, 1740 MHz
2026/09/23 15:51:05.352, 0, 96 %, 85 %, 6159 MiB, 49140 MiB, 286.15 W, 300.00 W, 71, 2115 MHz
2026/09/23 15:51:06.353, 0, 97 %, 83 %, 6159 MiB, 49140 MiB, 287.55 W, 300.00 W, 73, 1815 MHz
2026/09/23 15:51:07.354, 0, 98 %, 87 %, 6159 MiB, 49140 MiB, 285.88 W, 300.00 W, 72, 1965 MHz
2026/09/23 15:51:08.354, 0, 98 %, 82 %, 6159 MiB, 49140 MiB, 286.64 W, 300.00 W, 74, 1635 MHz
2026/09/23 15:51:09.355, 0, 98 %, 87 %, 6159 MiB, 49140 MiB, 289.93 W, 300.00 W, 72, 2040 MHz
2026/09/23 15:51:10.356, 0, 97 %, 82 %, 6159 MiB, 49140 MiB, 289.55 W, 300.00 W, 73, 1770 MHz
2026/09/23 15:51:11.357, 0, 97 %, 86 %, 6159 MiB, 49140 MiB, 287.40 W, 300.00 W, 72, 1920 MHz
2026/09/23 15:51:12.358, 0, 98 %, 81 %, 6159 MiB, 49140 MiB, 287.31 W, 300.00 W, 74, 1695 MHz
2026/09/23 15:51:13.359, 0, 98 %, 86 %, 6159 MiB, 49140 MiB, 288.46 W, 300.00 W, 71, 2085 MHz
2026/09/23 15:51:14.360, 0, 97 %, 83 %, 6159 MiB, 49140 MiB, 290.05 W, 300.00 W, 73, 1740 MHz
2026/09/23 15:51:15.360, 0, 97 %, 86 %, 6159 MiB, 49140 MiB, 287.22 W, 300.00 W, 72, 1980 MHz
2026/09/23 15:51:16.361, 0, 97 %, 82 %, 6159 MiB, 49140 MiB, 286.74 W, 300.00 W, 74, 1665 MHz
2026/09/23 15:51:17.362, 0, 98 %, 87 %, 6159 MiB, 49140 MiB, 288.32 W, 300.00 W, 73, 1815 MHz
2026/09/23 15:51:18.364, 0, 95 %, 83 %, 6159 MiB, 49140 MiB, 287.97 W, 300.00 W, 74, 1725 MHz
2026/09/23 15:51:19.365, 0, 94 %, 66 %, 6159 MiB, 49140 MiB, 273.46 W, 300.00 W, 68, 2730 MHz
2026/09/23 15:51:20.365, 0, 0 %, 0 %, 6159 MiB, 49140 MiB, 147.80 W, 300.00 W, 71, 2130 MHz
2026/09/23 15:51:21.366, 0, 97 %, 86 %, 6159 MiB, 49140 MiB, 289.32 W, 300.00 W, 72, 1935 MHz
2026/09/23 15:51:22.368, 0, 97 %, 86 %, 6159 MiB, 49140 MiB, 286.99 W, 300.00 W, 72, 1800 MHz
2026/09/23 15:51:23.370, 0, 97 %, 86 %, 6159 MiB, 49140 MiB, 288.26 W, 300.00 W, 73, 1815 MHz
2026/09/23 15:51:24.370, 0, 96 %, 84 %, 6159 MiB, 49140 MiB, 288.13 W, 300.00 W, 71, 2115 MHz
2026/09/23 15:51:25.371, 0, 98 %, 88 %, 6159 MiB, 49140 MiB, 288.37 W, 300.00 W, 72, 2010 MHz
2026/09/23 15:51:26.372, 0, 98 %, 85 %, 6159 MiB, 49140 MiB, 287.67 W, 300.00 W, 73, 1740 MHz
2026/09/23 15:51:27.372, 0, 98 %, 87 %, 6159 MiB, 49140 MiB, 287.87 W, 300.00 W, 72, 1770 MHz
2026/09/23 15:51:28.373, 0, 94 %, 83 %, 6159 MiB, 49140 MiB, 287.98 W, 300.00 W, 71, 2160 MHz
2026/09/23 15:51:29.374, 0, 97 %, 87 %, 6159 MiB, 49140 MiB, 288.75 W, 300.00 W, 73, 1740 MHz
2026/09/23 15:51:30.375, 0, 96 %, 85 %, 6159 MiB, 49140 MiB, 287.64 W, 300.00 W, 72, 1905 MHz
2026/09/23 15:51:31.376, 0, 97 %, 84 %, 6159 MiB, 49140 MiB, 287.87 W, 300.00 W, 73, 1725 MHz
2026/09/23 15:51:32.376, 0, 97 %, 87 %, 6159 MiB, 49140 MiB, 287.43 W, 300.00 W, 73, 1800 MHz
2026/09/23 15:51:33.377, 0, 96 %, 85 %, 6159 MiB, 49140 MiB, 288.55 W, 300.00 W, 71, 2085 MHz
2026/09/23 15:51:34.379, 0, 97 %, 87 %, 6159 MiB, 49140 MiB, 287.76 W, 300.00 W, 73, 1830 MHz
2026/09/23 15:51:35.379, 0, 97 %, 86 %, 6159 MiB, 49140 MiB, 286.20 W, 300.00 W, 72, 1980 MHz
2026/09/23 15:51:36.381, 0, 97 %, 84 %, 6159 MiB, 49140 MiB, 286.65 W, 300.00 W, 73, 1770 MHz
2026/09/23 15:51:37.382, 0, 96 %, 86 %, 6159 MiB, 49140 MiB, 288.15 W, 300.00 W, 74, 1695 MHz
2026/09/23 15:51:38.383, 0, 97 %, 86 %, 6159 MiB, 49140 MiB, 289.83 W, 300.00 W, 71, 2100 MHz
2026/09/23 15:51:39.384, 0, 97 %, 82 %, 6159 MiB, 49140 MiB, 289.15 W, 300.00 W, 73, 1920 MHz
2026/09/23 15:51:40.384, 0, 97 %, 86 %, 6159 MiB, 49140 MiB, 286.81 W, 300.00 W, 73, 1920 MHz
2026/09/23 15:51:41.385, 0, 97 %, 86 %, 6159 MiB, 49140 MiB, 288.66 W, 300.00 W, 72, 1635 MHz
2026/09/23 15:51:42.386, 0, 97 %, 84 %, 6159 MiB, 49140 MiB, 285.77 W, 300.00 W, 74, 1785 MHz
2026/09/23 15:51:43.387, 0, 94 %, 64 %, 6159 MiB, 49140 MiB, 296.43 W, 300.00 W, 69, 2730 MHz
2026/09/23 15:51:44.388, 0, 0 %, 0 %, 6159 MiB, 49140 MiB, 141.38 W, 300.00 W, 72, 1890 MHz
2026/09/23 15:51:45.388, 0, 98 %, 88 %, 6159 MiB, 49140 MiB, 286.46 W, 300.00 W, 73, 2085 MHz
2026/09/23 15:51:46.389, 0, 97 %, 85 %, 6159 MiB, 49140 MiB, 289.15 W, 300.00 W, 72, 2010 MHz
2026/09/23 15:51:47.390, 0, 95 %, 85 %, 6159 MiB, 49140 MiB, 286.99 W, 300.00 W, 72, 1920 MHz
2026/09/23 15:51:48.391, 0, 94 %, 83 %, 6159 MiB, 49140 MiB, 287.21 W, 300.00 W, 72, 1815 MHz
2026/09/23 15:51:49.392, 0, 97 %, 86 %, 6159 MiB, 49140 MiB, 288.01 W, 300.00 W, 73, 2115 MHz
2026/09/23 15:51:50.392, 0, 96 %, 85 %, 6159 MiB, 49140 MiB, 286.83 W, 300.00 W, 71, 1785 MHz
2026/09/23 15:51:51.394, 0, 97 %, 86 %, 6159 MiB, 49140 MiB, 289.21 W, 300.00 W, 73, 1935 MHz
2026/09/23 15:51:52.394, 0, 96 %, 85 %, 6159 MiB, 49140 MiB, 286.08 W, 300.00 W, 72, 1635 MHz
2026/09/23 15:51:53.395, 0, 98 %, 81 %, 6159 MiB, 49140 MiB, 287.25 W, 300.00 W, 74, 2040 MHz
2026/09/23 15:51:54.395, 0, 97 %, 86 %, 6159 MiB, 49140 MiB, 289.63 W, 300.00 W, 71, 1710 MHz
2026/09/23 15:51:55.396, 0, 95 %, 83 %, 6159 MiB, 49140 MiB, 289.64 W, 300.00 W, 73, 1935 MHz
2026/09/23 15:51:56.397, 0, 98 %, 86 %, 6159 MiB, 49140 MiB, 286.63 W, 300.00 W, 72, 1620 MHz
2026/09/23 15:51:57.398, 0, 97 %, 83 %, 6159 MiB, 49140 MiB, 288.64 W, 300.00 W, 74, 1875 MHz
2026/09/23 15:51:58.398, 0, 97 %, 87 %, 6159 MiB, 49140 MiB, 288.29 W, 300.00 W, 73, 2070 MHz
2026/09/23 15:51:59.400, 0, 97 %, 85 %, 6159 MiB, 49140 MiB, 289.20 W, 300.00 W, 72, 1995 MHz
2026/09/23 15:52:00.401, 0, 91 %, 81 %, 6159 MiB, 49140 MiB, 288.74 W, 300.00 W, 73, 1905 MHz
2026/09/23 15:52:01.401, 0, 97 %, 86 %, 6159 MiB, 49140 MiB, 288.12 W, 300.00 W, 73, 1635 MHz
2026/09/23 15:52:02.402, 0, 97 %, 81 %, 6159 MiB, 49140 MiB, 287.94 W, 300.00 W, 74, 1815 MHz
2026/09/23 15:52:03.403, 0, 97 %, 87 %, 6159 MiB, 49140 MiB, 288.95 W, 300.00 W, 73, 2145 MHz
2026/09/23 15:52:04.404, 0, 96 %, 84 %, 6159 MiB, 49140 MiB, 288.98 W, 300.00 W, 72, 1965 MHz
2026/09/23 15:52:05.405, 0, 97 %, 87 %, 6159 MiB, 49140 MiB, 288.80 W, 300.00 W, 73, 1965 MHz
2026/09/23 15:52:06.406, 0, 97 %, 86 %, 6159 MiB, 49140 MiB, 286.67 W, 300.00 W, 73, 1665 MHz
2026/09/23 15:52:07.406, 0, 96 %, 66 %, 6159 MiB, 49140 MiB, 297.03 W, 300.00 W, 73, 1695 MHz
2026/09/23 15:52:08.407, 0, 0 %, 0 %, 6159 MiB, 49140 MiB, 129.87 W, 300.00 W, 71, 1860 MHz
2026/09/23 15:52:09.407, 0, 98 %, 86 %, 6159 MiB, 49140 MiB, 283.67 W, 300.00 W, 73, 1755 MHz
2026/09/23 15:52:10.408, 0, 97 %, 87 %, 6159 MiB, 49140 MiB, 288.39 W, 300.00 W, 72, 2055 MHz
2026/09/23 15:52:11.409, 0, 98 %, 85 %, 6159 MiB, 49140 MiB, 288.82 W, 300.00 W, 72, 2010 MHz
2026/09/23 15:52:12.410, 0, 98 %, 87 %, 6159 MiB, 49140 MiB, 288.63 W, 300.00 W, 72, 1845 MHz
2026/09/23 15:52:13.411, 0, 98 %, 87 %, 6159 MiB, 49140 MiB, 286.51 W, 300.00 W, 73, 1800 MHz
2026/09/23 15:52:14.413, 0, 97 %, 86 %, 6159 MiB, 49140 MiB, 289.06 W, 300.00 W, 73, 2115 MHz
2026/09/23 15:52:15.413, 0, 96 %, 86 %, 6159 MiB, 49140 MiB, 289.14 W, 300.00 W, 71, 2040 MHz
2026/09/23 15:52:16.414, 0, 97 %, 87 %, 6159 MiB, 49140 MiB, 287.57 W, 300.00 W, 72, 1905 MHz
2026/09/23 15:52:17.416, 0, 97 %, 87 %, 6159 MiB, 49140 MiB, 287.09 W, 300.00 W, 72, 1695 MHz
2026/09/23 15:52:18.418, 0, 98 %, 82 %, 6159 MiB, 49140 MiB, 287.40 W, 300.00 W, 74, 2055 MHz
2026/09/23 15:52:19.419, 0, 97 %, 86 %, 6159 MiB, 49140 MiB, 289.80 W, 300.00 W, 71, 1800 MHz
2026/09/23 15:52:20.420, 0, 98 %, 86 %, 6159 MiB, 49140 MiB, 289.39 W, 300.00 W, 73, 1920 MHz
2026/09/23 15:52:21.421, 0, 97 %, 86 %, 6159 MiB, 49140 MiB, 287.81 W, 300.00 W, 72, 1695 MHz
2026/09/23 15:52:22.422, 0, 98 %, 81 %, 6159 MiB, 49140 MiB, 288.24 W, 300.00 W, 74, 2085 MHz
2026/09/23 15:52:23.422, 0, 97 %, 85 %, 6159 MiB, 49140 MiB, 288.92 W, 300.00 W, 72, 1710 MHz
2026/09/23 15:52:24.423, 0, 97 %, 85 %, 6159 MiB, 49140 MiB, 289.61 W, 300.00 W, 73, 1935 MHz
2026/09/23 15:52:25.428, 0, 97 %, 86 %, 6159 MiB, 49140 MiB, 287.08 W, 300.00 W, 72, 1695 MHz
2026/09/23 15:52:26.429, 0, 98 %, 84 %, 6159 MiB, 49140 MiB, 288.13 W, 300.00 W, 73, 1785 MHz
2026/09/23 15:52:27.430, 0, 97 %, 87 %, 6159 MiB, 49140 MiB, 288.34 W, 300.00 W, 73, 2070 MHz
2026/09/23 15:52:28.431, 0, 96 %, 85 %, 6159 MiB, 49140 MiB, 291.09 W, 300.00 W, 72, 1965 MHz
2026/09/23 15:52:29.432, 0, 97 %, 87 %, 6159 MiB, 49140 MiB, 289.85 W, 300.00 W, 73, 1710 MHz
2026/09/23 15:52:30.432, 0, 98 %, 87 %, 6159 MiB, 49140 MiB, 287.77 W, 300.00 W, 73, 2085 MHz
2026/09/23 15:52:31.434, 0, 94 %, 68 %, 6159 MiB, 49140 MiB, 295.26 W, 300.00 W, 75, 1590 MHz
2026/09/23 15:52:32.435, 0, 1 %, 0 %, 6159 MiB, 49140 MiB, 142.16 W, 300.00 W, 67, 2730 MHz
2026/09/23 15:52:33.435, 0, 0 %, 0 %, 6159 MiB, 49140 MiB, 116.64 W, 300.00 W, 71, 1935 MHz
2026/09/23 15:52:34.436, 0, 98 %, 87 %, 6159 MiB, 49140 MiB, 284.53 W, 300.00 W, 71, 1845 MHz
2026/09/23 15:52:35.437, 0, 98 %, 81 %, 6159 MiB, 49140 MiB, 286.53 W, 300.00 W, 73, 1950 MHz
2026/09/23 15:52:36.438, 0, 97 %, 86 %, 6159 MiB, 49140 MiB, 288.41 W, 300.00 W, 71, 1995 MHz
2026/09/23 15:52:37.439, 0, 97 %, 85 %, 6159 MiB, 49140 MiB, 288.45 W, 300.00 W, 73, 1665 MHz
2026/09/23 15:52:38.439, 0, 97 %, 86 %, 6159 MiB, 49140 MiB, 286.43 W, 300.00 W, 72, 2055 MHz
2026/09/23 15:52:39.440, 0, 98 %, 84 %, 6159 MiB, 49140 MiB, 287.24 W, 300.00 W, 74, 2025 MHz
2026/09/23 15:52:40.441, 0, 96 %, 86 %, 6159 MiB, 49140 MiB, 288.52 W, 300.00 W, 71, 1980 MHz
2026/09/23 15:52:41.442, 0, 98 %, 87 %, 6159 MiB, 49140 MiB, 289.68 W, 300.00 W, 72, 1680 MHz
2026/09/23 15:52:42.443, 0, 95 %, 85 %, 6159 MiB, 49140 MiB, 287.62 W, 300.00 W, 72, 2040 MHz
2026/09/23 15:52:43.446, 0, 97 %, 82 %, 6159 MiB, 49140 MiB, 287.99 W, 300.00 W, 74, 1725 MHz
2026/09/23 15:52:44.448, 0, 97 %, 86 %, 6159 MiB, 49140 MiB, 287.38 W, 300.00 W, 71, 1920 MHz
2026/09/23 15:52:45.448, 0, 96 %, 84 %, 6159 MiB, 49140 MiB, 287.89 W, 300.00 W, 73, 1710 MHz
2026/09/23 15:52:46.449, 0, 98 %, 86 %, 6159 MiB, 49140 MiB, 287.20 W, 300.00 W, 72, 1785 MHz
2026/09/23 15:52:47.450, 0, 97 %, 85 %, 6159 MiB, 49140 MiB, 289.12 W, 300.00 W, 73, 2085 MHz
2026/09/23 15:52:48.451, 0, 98 %, 87 %, 6159 MiB, 49140 MiB, 289.84 W, 300.00 W, 73, 1995 MHz
2026/09/23 15:52:49.452, 0, 95 %, 84 %, 6159 MiB, 49140 MiB, 286.61 W, 300.00 W, 71, 1920 MHz
2026/09/23 15:52:50.453, 0, 98 %, 84 %, 6159 MiB, 49140 MiB, 287.74 W, 300.00 W, 72, 1815 MHz
2026/09/23 15:52:51.454, 0, 98 %, 86 %, 6159 MiB, 49140 MiB, 287.90 W, 300.00 W, 72, 1785 MHz
2026/09/23 15:52:52.455, 0, 98 %, 84 %, 6159 MiB, 49140 MiB, 289.29 W, 300.00 W, 73, 2085 MHz
2026/09/23 15:52:53.456, 0, 98 %, 87 %, 6159 MiB, 49140 MiB, 289.79 W, 300.00 W, 73, 2070 MHz
2026/09/23 15:52:54.457, 0, 97 %, 86 %, 6159 MiB, 49140 MiB, 288.39 W, 300.00 W, 72, 1980 MHz
2026/09/23 15:52:55.458, 0, 98 %, 87 %, 6159 MiB, 49140 MiB, 286.99 W, 300.00 W, 72, 1785 MHz
2026/09/23 15:52:56.458, 0, 94 %, 65 %, 6159 MiB, 49140 MiB, 297.14 W, 300.00 W, 74, 1530 MHz
2026/09/23 15:52:57.459, 0, 0 %, 0 %, 6159 MiB, 49140 MiB, 95.15 W, 300.00 W, 66, 2505 MHz
2026/09/23 15:52:58.460, 0, 0 %, 0 %, 6159 MiB, 49140 MiB, 127.73 W, 300.00 W, 71, 2175 MHz
2026/09/23 15:52:59.460, 0, 97 %, 87 %, 6159 MiB, 49140 MiB, 287.47 W, 300.00 W, 72, 2010 MHz
2026/09/23 15:53:00.462, 0, 97 %, 86 %, 6159 MiB, 49140 MiB, 288.22 W, 300.00 W, 72, 1725 MHz
2026/09/23 15:53:01.463, 0, 97 %, 86 %, 6159 MiB, 49140 MiB, 286.46 W, 300.00 W, 71, 1860 MHz
2026/09/23 15:53:02.464, 0, 97 %, 83 %, 6159 MiB, 49140 MiB, 288.03 W, 300.00 W, 73, 2010 MHz
2026/09/23 15:53:03.465, 0, 96 %, 85 %, 6159 MiB, 49140 MiB, 288.90 W, 300.00 W, 71, 1965 MHz
2026/09/23 15:53:04.467, 0, 97 %, 87 %, 6159 MiB, 49140 MiB, 287.84 W, 300.00 W, 72, 1710 MHz
2026/09/23 15:53:05.468, 0, 97 %, 86 %, 6159 MiB, 49140 MiB, 287.77 W, 300.00 W, 72, 2145 MHz
2026/09/23 15:53:06.468, 0, 97 %, 87 %, 6159 MiB, 49140 MiB, 288.32 W, 300.00 W, 73, 1860 MHz
2026/09/23 15:53:07.469, 0, 98 %, 83 %, 6159 MiB, 49140 MiB, 289.00 W, 300.00 W, 71, 2010 MHz
2026/09/23 15:53:08.471, 0, 98 %, 89 %, 6159 MiB, 49140 MiB, 286.89 W, 300.00 W, 72, 1770 MHz
2026/09/23 15:53:09.471, 0, 98 %, 82 %, 6159 MiB, 49140 MiB, 287.19 W, 300.00 W, 73, 2100 MHz
2026/09/23 15:53:10.473, 0, 97 %, 87 %, 6159 MiB, 49140 MiB, 288.29 W, 300.00 W, 72, 1980 MHz
2026/09/23 15:53:11.473, 0, 98 %, 84 %, 6159 MiB, 49140 MiB, 289.95 W, 300.00 W, 72, 1965 MHz
2026/09/23 15:53:12.475, 0, 97 %, 88 %, 6159 MiB, 49140 MiB, 287.51 W, 300.00 W, 72, 1755 MHz
2026/09/23 15:53:13.476, 0, 98 %, 81 %, 6159 MiB, 49140 MiB, 286.81 W, 300.00 W, 72, 2115 MHz
2026/09/23 15:53:14.477, 0, 95 %, 85 %, 6159 MiB, 49140 MiB, 288.59 W, 300.00 W, 73, 1830 MHz
2026/09/23 15:53:15.478, 0, 97 %, 83 %, 6159 MiB, 49140 MiB, 289.83 W, 300.00 W, 71, 2010 MHz
2026/09/23 15:53:16.479, 0, 97 %, 86 %, 6159 MiB, 49140 MiB, 288.20 W, 300.00 W, 72, 1680 MHz
2026/09/23 15:53:17.480, 0, 95 %, 79 %, 6159 MiB, 49140 MiB, 287.76 W, 300.00 W, 72, 2115 MHz
2026/09/23 15:53:18.483, 0, 97 %, 88 %, 6159 MiB, 49140 MiB, 289.06 W, 300.00 W, 74, 1980 MHz
2026/09/23 15:53:19.484, 0, 98 %, 84 %, 6159 MiB, 49140 MiB, 290.20 W, 300.00 W, 71, 1680 MHz
2026/09/23 15:53:20.485, 0, 98 %, 86 %, 6159 MiB, 49140 MiB, 287.75 W, 300.00 W, 72, 1710 MHz
2026/09/23 15:53:21.485, 0, 94 %, 66 %, 6159 MiB, 49140 MiB, 281.97 W, 300.00 W, 72, 2670 MHz
2026/09/23 15:53:22.486, 0, 0 %, 0 %, 6159 MiB, 49140 MiB, 92.80 W, 300.00 W, 66, 2730 MHz
2026/09/23 15:53:23.486, 0, 0 %, 0 %, 6159 MiB, 49140 MiB, 146.66 W, 300.00 W, 70, 1755 MHz
2026/09/23 15:53:24.487, 0, 98 %, 88 %, 6159 MiB, 49140 MiB, 286.94 W, 300.00 W, 72, 1875 MHz
2026/09/23 15:53:25.487, 0, 96 %, 87 %, 6159 MiB, 49140 MiB, 285.19 W, 300.00 W, 71, 2130 MHz
2026/09/23 15:53:26.488, 0, 97 %, 82 %, 6159 MiB, 49140 MiB, 286.79 W, 300.00 W, 72, 1920 MHz
2026/09/23 15:53:27.489, 0, 94 %, 84 %, 6159 MiB, 49140 MiB, 287.78 W, 300.00 W, 72, 1995 MHz
2026/09/23 15:53:28.491, 0, 97 %, 83 %, 6159 MiB, 49140 MiB, 287.33 W, 300.00 W, 70, 1665 MHz
2026/09/23 15:53:29.491, 0, 97 %, 87 %, 6159 MiB, 49140 MiB, 286.26 W, 300.00 W, 72, 2040 MHz
2026/09/23 15:53:30.492, 0, 96 %, 82 %, 6159 MiB, 49140 MiB, 287.87 W, 300.00 W, 72, 1890 MHz
2026/09/23 15:53:31.494, 0, 98 %, 88 %, 6159 MiB, 49140 MiB, 287.76 W, 300.00 W, 73, 1890 MHz
2026/09/23 15:53:32.494, 0, 95 %, 82 %, 6159 MiB, 49140 MiB, 288.33 W, 300.00 W, 71, 1635 MHz
2026/09/23 15:53:33.495, 0, 98 %, 88 %, 6159 MiB, 49140 MiB, 288.08 W, 300.00 W, 72, 2070 MHz
2026/09/23 15:53:34.496, 0, 97 %, 82 %, 6159 MiB, 49140 MiB, 287.09 W, 300.00 W, 72, 1860 MHz
2026/09/23 15:53:35.496, 0, 97 %, 88 %, 6159 MiB, 49140 MiB, 288.73 W, 300.00 W, 73, 1950 MHz
2026/09/23 15:53:36.497, 0, 96 %, 82 %, 6159 MiB, 49140 MiB, 288.08 W, 300.00 W, 71, 1635 MHz
2026/09/23 15:53:37.498, 0, 98 %, 89 %, 6159 MiB, 49140 MiB, 288.85 W, 300.00 W, 73, 1770 MHz
2026/09/23 15:53:38.500, 0, 96 %, 85 %, 6159 MiB, 49140 MiB, 286.31 W, 300.00 W, 72, 2085 MHz
2026/09/23 15:53:39.503, 0, 97 %, 85 %, 6159 MiB, 49140 MiB, 289.05 W, 300.00 W, 74, 2085 MHz
2026/09/23 15:53:40.504, 0, 95 %, 84 %, 6159 MiB, 49140 MiB, 289.62 W, 300.00 W, 72, 1665 MHz
2026/09/23 15:53:41.505, 0, 97 %, 85 %, 6159 MiB, 49140 MiB, 287.03 W, 300.00 W, 71, 1740 MHz
2026/09/23 15:53:42.506, 0, 97 %, 86 %, 6159 MiB, 49140 MiB, 287.42 W, 300.00 W, 72, 2085 MHz
2026/09/23 15:53:43.507, 0, 97 %, 84 %, 6159 MiB, 49140 MiB, 286.45 W, 300.00 W, 72, 1995 MHz
2026/09/23 15:53:44.508, 0, 97 %, 87 %, 6159 MiB, 49140 MiB, 288.67 W, 300.00 W, 74, 2025 MHz
2026/09/23 15:53:45.509, 0, 95 %, 83 %, 6159 MiB, 49140 MiB, 286.70 W, 300.00 W, 72, 2220 MHz
2026/09/23 15:53:46.509, 0, 95 %, 68 %, 6159 MiB, 49140 MiB, 289.15 W, 300.00 W, 74, 2520 MHz
2026/09/23 15:53:47.510, 0, 0 %, 0 %, 6159 MiB, 49140 MiB, 100.19 W, 300.00 W, 66, 2730 MHz
2026/09/23 15:53:48.510, 0, 0 %, 0 %, 6159 MiB, 49140 MiB, 147.13 W, 300.00 W, 70, 1740 MHz
2026/09/23 15:53:49.513, 0, 98 %, 89 %, 6159 MiB, 49140 MiB, 288.41 W, 300.00 W, 72, 1875 MHz
2026/09/23 15:53:50.513, 0, 97 %, 84 %, 6159 MiB, 49140 MiB, 285.79 W, 300.00 W, 72, 1980 MHz
2026/09/23 15:53:51.514, 0, 97 %, 88 %, 6159 MiB, 49140 MiB, 288.32 W, 300.00 W, 72, 1920 MHz
2026/09/23 15:53:52.515, 0, 97 %, 83 %, 6159 MiB, 49140 MiB, 288.82 W, 300.00 W, 71, 1695 MHz
2026/09/23 15:53:53.517, 0, 98 %, 88 %, 6159 MiB, 49140 MiB, 287.53 W, 300.00 W, 72, 2130 MHz
2026/09/23 15:53:54.518, 0, 97 %, 81 %, 6159 MiB, 49140 MiB, 287.12 W, 300.00 W, 72, 1980 MHz
2026/09/23 15:53:55.518, 0, 95 %, 85 %, 6159 MiB, 49140 MiB, 285.83 W, 300.00 W, 72, 2040 MHz
2026/09/23 15:53:56.519, 0, 97 %, 83 %, 6159 MiB, 49140 MiB, 287.07 W, 300.00 W, 71, 1680 MHz
2026/09/23 15:53:57.520, 0, 97 %, 86 %, 6159 MiB, 49140 MiB, 287.43 W, 300.00 W, 72, 2085 MHz
2026/09/23 15:53:58.522, 0, 98 %, 81 %, 6159 MiB, 49140 MiB, 287.04 W, 300.00 W, 72, 1785 MHz
2026/09/23 15:53:59.524, 0, 98 %, 89 %, 6159 MiB, 49140 MiB, 288.49 W, 300.00 W, 73, 1950 MHz
2026/09/23 15:54:00.526, 0, 95 %, 82 %, 6159 MiB, 49140 MiB, 290.46 W, 300.00 W, 71, 1740 MHz
2026/09/23 15:54:01.526, 0, 97 %, 86 %, 6159 MiB, 49140 MiB, 286.87 W, 300.00 W, 72, 1950 MHz
2026/09/23 15:54:02.528, 0, 97 %, 82 %, 6159 MiB, 49140 MiB, 287.92 W, 300.00 W, 72, 1875 MHz
2026/09/23 15:54:03.529, 0, 97 %, 88 %, 6159 MiB, 49140 MiB, 289.04 W, 300.00 W, 73, 1950 MHz
2026/09/23 15:54:04.530, 0, 96 %, 82 %, 6159 MiB, 49140 MiB, 289.57 W, 300.00 W, 71, 1695 MHz
2026/09/23 15:54:05.530, 0, 98 %, 87 %, 6159 MiB, 49140 MiB, 287.10 W, 300.00 W, 73, 1860 MHz
2026/09/23 15:54:06.531, 0, 94 %, 83 %, 6159 MiB, 49140 MiB, 285.16 W, 300.00 W, 72, 2100 MHz
2026/09/23 15:54:07.533, 0, 98 %, 86 %, 6159 MiB, 49140 MiB, 287.67 W, 300.00 W, 73, 2085 MHz
2026/09/23 15:54:08.533, 0, 95 %, 85 %, 6159 MiB, 49140 MiB, 287.37 W, 300.00 W, 73, 1785 MHz
2026/09/23 15:54:09.534, 0, 97 %, 86 %, 6159 MiB, 49140 MiB, 289.49 W, 300.00 W, 72, 2130 MHz
2026/09/23 15:54:10.538, 0, 97 %, 87 %, 6159 MiB, 49140 MiB, 286.97 W, 300.00 W, 74, 1800 MHz
2026/09/23 15:54:11.539, 0, 95 %, 66 %, 6159 MiB, 49140 MiB, 281.35 W, 300.00 W, 70, 2565 MHz
2026/09/23 15:54:12.539, 0, 0 %, 0 %, 6159 MiB, 49140 MiB, 90.28 W, 300.00 W, 66, 2745 MHz
2026/09/23 15:54:13.540, 0, 0 %, 0 %, 6159 MiB, 49140 MiB, 150.46 W, 300.00 W, 71, 1800 MHz
2026/09/23 15:54:14.540, 0, 97 %, 81 %, 6159 MiB, 49140 MiB, 287.50 W, 300.00 W, 72, 1995 MHz
2026/09/23 15:54:15.541, 0, 96 %, 86 %, 6159 MiB, 49140 MiB, 286.78 W, 300.00 W, 72, 1740 MHz
2026/09/23 15:54:16.542, 0, 97 %, 83 %, 6159 MiB, 49140 MiB, 288.86 W, 300.00 W, 72, 2100 MHz
2026/09/23 15:54:17.542, 0, 98 %, 88 %, 6159 MiB, 49140 MiB, 286.60 W, 300.00 W, 72, 1875 MHz
2026/09/23 15:54:18.543, 0, 96 %, 79 %, 6159 MiB, 49140 MiB, 286.95 W, 300.00 W, 73, 1965 MHz
2026/09/23 15:54:19.544, 0, 94 %, 85 %, 6159 MiB, 49140 MiB, 286.92 W, 300.00 W, 72, 1695 MHz
2026/09/23 15:54:20.545, 0, 98 %, 83 %, 6159 MiB, 49140 MiB, 289.52 W, 300.00 W, 73, 2145 MHz
2026/09/23 15:54:21.546, 0, 98 %, 88 %, 6159 MiB, 49140 MiB, 286.77 W, 300.00 W, 71, 1800 MHz
2026/09/23 15:54:22.546, 0, 97 %, 81 %, 6159 MiB, 49140 MiB, 286.02 W, 300.00 W, 73, 1920 MHz
2026/09/23 15:54:23.547, 0, 96 %, 87 %, 6159 MiB, 49140 MiB, 288.55 W, 300.00 W, 72, 1710 MHz
2026/09/23 15:54:24.548, 0, 98 %, 84 %, 6159 MiB, 49140 MiB, 289.05 W, 300.00 W, 72, 2130 MHz
2026/09/23 15:54:25.550, 0, 97 %, 87 %, 6159 MiB, 49140 MiB, 285.83 W, 300.00 W, 72, 1950 MHz
2026/09/23 15:54:26.550, 0, 97 %, 81 %, 6159 MiB, 49140 MiB, 286.75 W, 300.00 W, 73, 1995 MHz
2026/09/23 15:54:27.552, 0, 95 %, 86 %, 6159 MiB, 49140 MiB, 286.31 W, 300.00 W, 71, 1845 MHz
2026/09/23 15:54:28.553, 0, 97 %, 86 %, 6159 MiB, 49140 MiB, 288.98 W, 300.00 W, 72, 2100 MHz
2026/09/23 15:54:29.553, 0, 97 %, 87 %, 6159 MiB, 49140 MiB, 286.16 W, 300.00 W, 73, 2070 MHz
2026/09/23 15:54:30.556, 0, 98 %, 85 %, 6159 MiB, 49140 MiB, 288.19 W, 300.00 W, 73, 1770 MHz
2026/09/23 15:54:31.557, 0, 96 %, 84 %, 6159 MiB, 49140 MiB, 288.14 W, 300.00 W, 72, 1875 MHz
2026/09/23 15:54:32.558, 0, 98 %, 88 %, 6159 MiB, 49140 MiB, 288.60 W, 300.00 W, 72, 2145 MHz
2026/09/23 15:54:33.559, 0, 97 %, 88 %, 6159 MiB, 49140 MiB, 285.37 W, 300.00 W, 72, 1995 MHz
2026/09/23 15:54:34.560, 0, 97 %, 86 %, 6159 MiB, 49140 MiB, 288.98 W, 300.00 W, 73, 1800 MHz
2026/09/23 15:54:35.561, 0, 96 %, 83 %, 6159 MiB, 49140 MiB, 291.58 W, 300.00 W, 72, 1680 MHz
2026/09/23 15:54:36.561, 0, 93 %, 64 %, 6159 MiB, 49140 MiB, 271.32 W, 300.00 W, 68, 2730 MHz
2026/09/23 15:54:37.562, 0, 0 %, 0 %, 6159 MiB, 49140 MiB, 86.55 W, 300.00 W, 66, 2745 MHz
2026/09/23 15:54:38.562, 0, 0 %, 0 %, 6159 MiB, 49140 MiB, 161.73 W, 300.00 W, 70, 2130 MHz
2026/09/23 15:54:39.563, 0, 97 %, 89 %, 6159 MiB, 49140 MiB, 287.36 W, 300.00 W, 71, 1980 MHz
2026/09/23 15:54:40.566, 0, 97 %, 83 %, 6159 MiB, 49140 MiB, 284.68 W, 300.00 W, 72, 2115 MHz
2026/09/23 15:54:41.566, 0, 98 %, 89 %, 6159 MiB, 49140 MiB, 287.12 W, 300.00 W, 72, 1740 MHz
2026/09/23 15:54:42.567, 0, 88 %, 78 %, 6159 MiB, 49140 MiB, 285.60 W, 300.00 W, 71, 1815 MHz
2026/09/23 15:54:43.567, 0, 97 %, 85 %, 6159 MiB, 49140 MiB, 288.73 W, 300.00 W, 72, 2145 MHz
2026/09/23 15:54:44.570, 0, 98 %, 88 %, 6159 MiB, 49140 MiB, 286.66 W, 300.00 W, 72, 1905 MHz
2026/09/23 15:54:45.570, 0, 97 %, 81 %, 6159 MiB, 49140 MiB, 287.71 W, 300.00 W, 73, 1980 MHz
2026/09/23 15:54:46.571, 0, 93 %, 82 %, 6159 MiB, 49140 MiB, 284.49 W, 300.00 W, 72, 1695 MHz
2026/09/23 15:54:47.572, 0, 98 %, 84 %, 6159 MiB, 49140 MiB, 288.38 W, 300.00 W, 73, 2100 MHz
2026/09/23 15:54:48.574, 0, 98 %, 88 %, 6159 MiB, 49140 MiB, 286.52 W, 300.00 W, 72, 1830 MHz
2026/09/23 15:54:49.574, 0, 98 %, 82 %, 6159 MiB, 49140 MiB, 287.52 W, 300.00 W, 74, 2025 MHz
2026/09/23 15:54:50.575, 0, 97 %, 86 %, 6159 MiB, 49140 MiB, 288.94 W, 300.00 W, 71, 1815 MHz
2026/09/23 15:54:51.576, 0, 98 %, 88 %, 6159 MiB, 49140 MiB, 288.02 W, 300.00 W, 72, 2100 MHz
2026/09/23 15:54:52.577, 0, 97 %, 87 %, 6159 MiB, 49140 MiB, 287.46 W, 300.00 W, 73, 2100 MHz
2026/09/23 15:54:53.578, 0, 98 %, 89 %, 6159 MiB, 49140 MiB, 289.07 W, 300.00 W, 73, 1725 MHz
2026/09/23 15:54:54.579, 0, 96 %, 83 %, 6159 MiB, 49140 MiB, 289.16 W, 300.00 W, 73, 2025 MHz
2026/09/23 15:54:55.580, 0, 97 %, 88 %, 6159 MiB, 49140 MiB, 287.38 W, 300.00 W, 72, 2070 MHz
2026/09/23 15:54:56.581, 0, 98 %, 83 %, 6159 MiB, 49140 MiB, 287.86 W, 300.00 W, 74, 1665 MHz
2026/09/23 15:54:57.581, 0, 98 %, 88 %, 6159 MiB, 49140 MiB, 289.09 W, 300.00 W, 72, 1950 MHz
2026/09/23 15:54:58.583, 0, 98 %, 84 %, 6159 MiB, 49140 MiB, 289.17 W, 300.00 W, 73, 1830 MHz
2026/09/23 15:54:59.584, 0, 97 %, 86 %, 6159 MiB, 49140 MiB, 288.77 W, 300.00 W, 72, 1905 MHz
2026/09/23 15:55:00.585, 0, 98 %, 81 %, 6159 MiB, 49140 MiB, 289.61 W, 300.00 W, 73, 1905 MHz
2026/09/23 15:55:01.585, 0, 94 %, 66 %, 6159 MiB, 49140 MiB, 257.05 W, 300.00 W, 67, 2505 MHz
2026/09/23 15:55:02.586, 0, 0 %, 0 %, 6159 MiB, 49140 MiB, 148.86 W, 300.00 W, 73, 1695 MHz
2026/09/23 15:55:03.586, 0, 96 %, 85 %, 6159 MiB, 49140 MiB, 289.16 W, 300.00 W, 70, 2160 MHz
2026/09/23 15:55:04.588, 0, 97 %, 87 %, 6159 MiB, 49140 MiB, 288.67 W, 300.00 W, 72, 2010 MHz
2026/09/23 15:55:05.589, 0, 98 %, 87 %, 6159 MiB, 49140 MiB, 286.02 W, 300.00 W, 73, 1860 MHz
2026/09/23 15:55:06.590, 0, 97 %, 87 %, 6159 MiB, 49140 MiB, 287.74 W, 300.00 W, 72, 1815 MHz
2026/09/23 15:55:07.591, 0, 95 %, 83 %, 6159 MiB, 49140 MiB, 288.64 W, 300.00 W, 72, 1965 MHz
2026/09/23 15:55:08.592, 0, 97 %, 86 %, 6159 MiB, 49140 MiB, 287.97 W, 300.00 W, 72, 1980 MHz
2026/09/23 15:55:09.594, 0, 98 %, 81 %, 6159 MiB, 49140 MiB, 287.54 W, 300.00 W, 74, 1710 MHz
2026/09/23 15:55:10.595, 0, 96 %, 85 %, 6159 MiB, 49140 MiB, 288.62 W, 300.00 W, 71, 2145 MHz
2026/09/23 15:55:11.598, 0, 97 %, 86 %, 6159 MiB, 49140 MiB, 289.00 W, 300.00 W, 73, 1890 MHz
2026/09/23 15:55:12.599, 0, 96 %, 86 %, 6159 MiB, 49140 MiB, 286.70 W, 300.00 W, 73, 1980 MHz
2026/09/23 15:55:13.600, 0, 98 %, 83 %, 6159 MiB, 49140 MiB, 287.02 W, 300.00 W, 74, 1740 MHz
2026/09/23 15:55:14.601, 0, 96 %, 86 %, 6159 MiB, 49140 MiB, 288.16 W, 300.00 W, 71, 2115 MHz
2026/09/23 15:55:15.602, 0, 96 %, 86 %, 6159 MiB, 49140 MiB, 288.18 W, 300.00 W, 72, 1920 MHz
2026/09/23 15:55:16.603, 0, 98 %, 88 %, 6159 MiB, 49140 MiB, 286.37 W, 300.00 W, 73, 1935 MHz
2026/09/23 15:55:17.604, 0, 97 %, 87 %, 6159 MiB, 49140 MiB, 287.73 W, 300.00 W, 73, 1785 MHz
2026/09/23 15:55:18.604, 0, 95 %, 85 %, 6159 MiB, 49140 MiB, 288.89 W, 300.00 W, 71, 2205 MHz
2026/09/23 15:55:19.605, 0, 94 %, 83 %, 6159 MiB, 49140 MiB, 288.71 W, 300.00 W, 73, 1800 MHz
2026/09/23 15:55:20.606, 0, 98 %, 88 %, 6159 MiB, 49140 MiB, 287.29 W, 300.00 W, 72, 1965 MHz
2026/09/23 15:55:21.606, 0, 97 %, 83 %, 6159 MiB, 49140 MiB, 287.52 W, 300.00 W, 74, 1740 MHz
2026/09/23 15:55:22.609, 0, 95 %, 84 %, 6159 MiB, 49140 MiB, 287.32 W, 300.00 W, 72, 2100 MHz
2026/09/23 15:55:23.609, 0, 97 %, 83 %, 6159 MiB, 49140 MiB, 289.55 W, 300.00 W, 72, 2250 MHz
2026/09/23 15:55:24.611, 0, 98 %, 87 %, 6159 MiB, 49140 MiB, 289.01 W, 300.00 W, 74, 1695 MHz
2026/09/23 15:55:25.612, 0, 90 %, 64 %, 6159 MiB, 49140 MiB, 261.27 W, 300.00 W, 68, 2745 MHz
2026/09/23 15:55:26.613, 0, 0 %, 0 %, 6159 MiB, 49140 MiB, 103.64 W, 300.00 W, 71, 2205 MHz
2026/09/23 15:55:27.614, 0, 97 %, 83 %, 6159 MiB, 49140 MiB, 288.54 W, 300.00 W, 72, 1725 MHz
2026/09/23 15:55:28.614, 0, 98 %, 89 %, 6159 MiB, 49140 MiB, 287.36 W, 300.00 W, 72, 1950 MHz
2026/09/23 15:55:29.615, 0, 97 %, 84 %, 6159 MiB, 49140 MiB, 288.99 W, 300.00 W, 73, 1905 MHz
2026/09/23 15:55:30.616, 0, 97 %, 86 %, 6159 MiB, 49140 MiB, 287.00 W, 300.00 W, 72, 2130 MHz
2026/09/23 15:55:31.616, 0, 98 %, 82 %, 6159 MiB, 49140 MiB, 285.39 W, 300.00 W, 73, 1725 MHz
2026/09/23 15:55:32.618, 0, 98 %, 88 %, 6159 MiB, 49140 MiB, 287.43 W, 300.00 W, 72, 1785 MHz
2026/09/23 15:55:33.618, 0, 94 %, 82 %, 6159 MiB, 49140 MiB, 286.97 W, 300.00 W, 71, 2175 MHz
2026/09/23 15:55:34.620, 0, 97 %, 86 %, 6159 MiB, 49140 MiB, 288.05 W, 300.00 W, 73, 1905 MHz
2026/09/23 15:55:35.621, 0, 97 %, 87 %, 6159 MiB, 49140 MiB, 285.97 W, 300.00 W, 73, 1965 MHz
2026/09/23 15:55:36.621, 0, 96 %, 82 %, 6159 MiB, 49140 MiB, 287.22 W, 300.00 W, 74, 1725 MHz
2026/09/23 15:55:37.622, 0, 96 %, 86 %, 6159 MiB, 49140 MiB, 287.62 W, 300.00 W, 72, 2040 MHz
2026/09/23 15:55:38.623, 0, 98 %, 84 %, 6159 MiB, 49140 MiB, 290.02 W, 300.00 W, 73, 1755 MHz
2026/09/23 15:55:39.623, 0, 97 %, 87 %, 6159 MiB, 49140 MiB, 286.95 W, 300.00 W, 73, 1980 MHz
2026/09/23 15:55:40.624, 0, 96 %, 80 %, 6159 MiB, 49140 MiB, 286.84 W, 300.00 W, 74, 1695 MHz
2026/09/23 15:55:41.625, 0, 96 %, 86 %, 6159 MiB, 49140 MiB, 287.78 W, 300.00 W, 72, 2010 MHz
2026/09/23 15:55:42.626, 0, 97 %, 83 %, 6159 MiB, 49140 MiB, 289.33 W, 300.00 W, 73, 1860 MHz
2026/09/23 15:55:43.626, 0, 97 %, 86 %, 6159 MiB, 49140 MiB, 287.36 W, 300.00 W, 72, 1650 MHz
2026/09/23 15:55:44.627, 0, 98 %, 81 %, 6159 MiB, 49140 MiB, 287.86 W, 300.00 W, 74, 2040 MHz
2026/09/23 15:55:45.628, 0, 96 %, 85 %, 6159 MiB, 49140 MiB, 287.93 W, 300.00 W, 72, 1710 MHz
2026/09/23 15:55:46.629, 0, 98 %, 84 %, 6159 MiB, 49140 MiB, 289.76 W, 300.00 W, 73, 1935 MHz
2026/09/23 15:55:47.629, 0, 98 %, 87 %, 6159 MiB, 49140 MiB, 286.94 W, 300.00 W, 72, 1680 MHz
2026/09/23 15:55:48.631, 0, 97 %, 81 %, 6159 MiB, 49140 MiB, 287.67 W, 300.00 W, 74, 2100 MHz
2026/09/23 15:55:49.631, 0, 95 %, 68 %, 6159 MiB, 49140 MiB, 294.19 W, 300.00 W, 73, 1740 MHz
2026/09/23 15:55:50.632, 0, 0 %, 0 %, 6159 MiB, 49140 MiB, 148.76 W, 300.00 W, 71, 2205 MHz
2026/09/23 15:55:51.633, 0, 95 %, 81 %, 6159 MiB, 49140 MiB, 279.89 W, 300.00 W, 72, 2055 MHz
2026/09/23 15:55:52.634, 0, 97 %, 86 %, 6159 MiB, 49140 MiB, 287.33 W, 300.00 W, 72, 1710 MHz
2026/09/23 15:55:53.635, 0, 98 %, 82 %, 6159 MiB, 49140 MiB, 286.16 W, 300.00 W, 73, 1800 MHz
2026/09/23 15:55:54.636, 0, 97 %, 88 %, 6159 MiB, 49140 MiB, 285.95 W, 300.00 W, 73, 2145 MHz
2026/09/23 15:55:55.638, 0, 94 %, 82 %, 6159 MiB, 49140 MiB, 286.58 W, 300.00 W, 71, 1830 MHz
2026/09/23 15:55:56.639, 0, 97 %, 86 %, 6159 MiB, 49140 MiB, 289.35 W, 300.00 W, 72, 1950 MHz
2026/09/23 15:55:57.640, 0, 97 %, 87 %, 6159 MiB, 49140 MiB, 284.89 W, 300.00 W, 72, 1635 MHz
2026/09/23 15:55:58.641, 0, 98 %, 81 %, 6159 MiB, 49140 MiB, 286.47 W, 300.00 W, 74, 1830 MHz
2026/09/23 15:55:59.641, 0, 97 %, 88 %, 6159 MiB, 49140 MiB, 287.82 W, 300.00 W, 73, 2055 MHz
2026/09/23 15:56:00.642, 0, 95 %, 83 %, 6159 MiB, 49140 MiB, 288.57 W, 300.00 W, 72, 2040 MHz
2026/09/23 15:56:01.643, 0, 98 %, 88 %, 6159 MiB, 49140 MiB, 288.75 W, 300.00 W, 72, 1845 MHz
2026/09/23 15:56:02.644, 0, 98 %, 84 %, 6159 MiB, 49140 MiB, 286.83 W, 300.00 W, 73, 1785 MHz
2026/09/23 15:56:03.647, 0, 97 %, 87 %, 6159 MiB, 49140 MiB, 288.19 W, 300.00 W, 73, 2100 MHz
2026/09/23 15:56:04.648, 0, 95 %, 84 %, 6159 MiB, 49140 MiB, 288.33 W, 300.00 W, 71, 1920 MHz
2026/09/23 15:56:05.649, 0, 97 %, 87 %, 6159 MiB, 49140 MiB, 289.22 W, 300.00 W, 73, 1965 MHz
2026/09/23 15:56:06.650, 0, 98 %, 88 %, 6159 MiB, 49140 MiB, 284.85 W, 300.00 W, 73, 1710 MHz
2026/09/23 15:56:07.651, 0, 96 %, 80 %, 6159 MiB, 49140 MiB, 286.51 W, 300.00 W, 74, 2010 MHz
2026/09/23 15:56:08.652, 0, 97 %, 87 %, 6159 MiB, 49140 MiB, 288.70 W, 300.00 W, 72, 1875 MHz
2026/09/23 15:56:09.653, 0, 98 %, 84 %, 6159 MiB, 49140 MiB, 289.53 W, 300.00 W, 73, 1905 MHz
2026/09/23 15:56:10.656, 0, 98 %, 88 %, 6159 MiB, 49140 MiB, 287.84 W, 300.00 W, 72, 1665 MHz
2026/09/23 15:56:11.657, 0, 98 %, 81 %, 6159 MiB, 49140 MiB, 288.00 W, 300.00 W, 74, 1860 MHz
2026/09/23 15:56:12.658, 0, 97 %, 87 %, 6159 MiB, 49140 MiB, 288.83 W, 300.00 W, 72, 1995 MHz
2026/09/23 15:56:13.658, 0, 93 %, 65 %, 6159 MiB, 49140 MiB, 294.52 W, 300.00 W, 73, 1635 MHz
2026/09/23 15:56:14.659, 0, 0 %, 0 %, 6159 MiB, 49140 MiB, 152.17 W, 300.00 W, 68, 2400 MHz
2026/09/23 15:56:15.660, 0, 98 %, 88 %, 6159 MiB, 49140 MiB, 264.94 W, 300.00 W, 72, 1980 MHz
2026/09/23 15:56:16.661, 0, 98 %, 86 %, 6159 MiB, 49140 MiB, 286.09 W, 300.00 W, 73, 1800 MHz
2026/09/23 15:56:17.661, 0, 95 %, 85 %, 6159 MiB, 49140 MiB, 286.60 W, 300.00 W, 73, 2115 MHz
2026/09/23 15:56:18.662, 0, 93 %, 83 %, 6159 MiB, 49140 MiB, 285.69 W, 300.00 W, 71, 1725 MHz
2026/09/23 15:56:19.663, 0, 97 %, 86 %, 6159 MiB, 49140 MiB, 288.67 W, 300.00 W, 72, 2190 MHz
2026/09/23 15:56:20.664, 0, 98 %, 87 %, 6159 MiB, 49140 MiB, 286.12 W, 300.00 W, 72, 1635 MHz
2026/09/23 15:56:21.665, 0, 96 %, 80 %, 6159 MiB, 49140 MiB, 287.66 W, 300.00 W, 74, 1995 MHz
2026/09/23 15:56:22.665, 0, 97 %, 86 %, 6159 MiB, 49140 MiB, 288.43 W, 300.00 W, 72, 1740 MHz
2026/09/23 15:56:23.668, 0, 97 %, 83 %, 6159 MiB, 49140 MiB, 288.68 W, 300.00 W, 73, 1890 MHz
2026/09/23 15:56:24.669, 0, 97 %, 87 %, 6159 MiB, 49140 MiB, 286.83 W, 300.00 W, 72, 1650 MHz
2026/09/23 15:56:25.670, 0, 97 %, 81 %, 6159 MiB, 49140 MiB, 287.65 W, 300.00 W, 74, 2025 MHz
2026/09/23 15:56:26.670, 0, 96 %, 86 %, 6159 MiB, 49140 MiB, 288.55 W, 300.00 W, 72, 1905 MHz
2026/09/23 15:56:27.671, 0, 93 %, 83 %, 6159 MiB, 49140 MiB, 285.85 W, 300.00 W, 71, 1935 MHz
2026/09/23 15:56:28.672, 0, 97 %, 87 %, 6159 MiB, 49140 MiB, 288.78 W, 300.00 W, 73, 1980 MHz
2026/09/23 15:56:29.673, 0, 98 %, 87 %, 6159 MiB, 49140 MiB, 287.06 W, 300.00 W, 73, 1815 MHz
2026/09/23 15:56:30.673, 0, 96 %, 85 %, 6159 MiB, 49140 MiB, 287.97 W, 300.00 W, 73, 2115 MHz
2026/09/23 15:56:31.674, 0, 97 %, 83 %, 6159 MiB, 49140 MiB, 289.30 W, 300.00 W, 72, 2085 MHz
2026/09/23 15:56:32.675, 0, 98 %, 88 %, 6159 MiB, 49140 MiB, 289.24 W, 300.00 W, 72, 1785 MHz
2026/09/23 15:56:33.677, 0, 98 %, 84 %, 6159 MiB, 49140 MiB, 286.88 W, 300.00 W, 73, 2085 MHz
2026/09/23 15:56:34.679, 0, 97 %, 86 %, 6159 MiB, 49140 MiB, 287.78 W, 300.00 W, 73, 1935 MHz
2026/09/23 15:56:35.680, 0, 95 %, 84 %, 6159 MiB, 49140 MiB, 287.92 W, 300.00 W, 72, 1965 MHz
2026/09/23 15:56:36.681, 0, 97 %, 87 %, 6159 MiB, 49140 MiB, 289.17 W, 300.00 W, 73, 1740 MHz
2026/09/23 15:56:37.682, 0, 86 %, 61 %, 6159 MiB, 49140 MiB, 291.88 W, 300.00 W, 73, 1635 MHz
2026/09/23 15:56:38.682, 0, 0 %, 0 %, 6159 MiB, 49140 MiB, 163.97 W, 300.00 W, 67, 2730 MHz
2026/09/23 15:56:39.683, 0, 97 %, 86 %, 6159 MiB, 49140 MiB, 268.59 W, 300.00 W, 72, 2115 MHz
2026/09/23 15:56:40.684, 0, 97 %, 82 %, 6159 MiB, 49140 MiB, 287.31 W, 300.00 W, 74, 1785 MHz
2026/09/23 15:56:41.685, 0, 95 %, 85 %, 6159 MiB, 49140 MiB, 289.66 W, 300.00 W, 71, 1950 MHz
2026/09/23 15:56:42.686, 0, 97 %, 87 %, 6159 MiB, 49140 MiB, 288.10 W, 300.00 W, 73, 1650 MHz
2026/09/23 15:56:43.689, 0, 98 %, 87 %, 6159 MiB, 49140 MiB, 286.38 W, 300.00 W, 72, 1830 MHz
2026/09/23 15:56:44.690, 0, 97 %, 83 %, 6159 MiB, 49140 MiB, 287.39 W, 300.00 W, 73, 2085 MHz
2026/09/23 15:56:45.691, 0, 97 %, 87 %, 6159 MiB, 49140 MiB, 288.20 W, 300.00 W, 73, 1965 MHz
2026/09/23 15:56:46.692, 0, 96 %, 83 %, 6159 MiB, 49140 MiB, 289.95 W, 300.00 W, 72, 1995 MHz
2026/09/23 15:56:47.694, 0, 98 %, 88 %, 6159 MiB, 49140 MiB, 288.41 W, 300.00 W, 73, 1695 MHz
2026/09/23 15:56:48.695, 0, 98 %, 87 %, 6159 MiB, 49140 MiB, 287.19 W, 300.00 W, 73, 2145 MHz
2026/09/23 15:56:49.696, 0, 98 %, 82 %, 6159 MiB, 49140 MiB, 287.72 W, 300.00 W, 74, 1680 MHz
2026/09/23 15:56:50.697, 0, 95 %, 84 %, 6159 MiB, 49140 MiB, 287.83 W, 300.00 W, 71, 2025 MHz
2026/09/23 15:56:51.698, 0, 97 %, 82 %, 6159 MiB, 49140 MiB, 288.62 W, 300.00 W, 73, 1710 MHz
2026/09/23 15:56:52.699, 0, 97 %, 87 %, 6159 MiB, 49140 MiB, 287.10 W, 300.00 W, 72, 1830 MHz
2026/09/23 15:56:53.700, 0, 97 %, 81 %, 6159 MiB, 49140 MiB, 289.01 W, 300.00 W, 74, 2025 MHz
2026/09/23 15:56:54.701, 0, 98 %, 88 %, 6159 MiB, 49140 MiB, 290.15 W, 300.00 W, 73, 2055 MHz
2026/09/23 15:56:55.701, 0, 97 %, 83 %, 6159 MiB, 49140 MiB, 289.33 W, 300.00 W, 73, 1695 MHz
2026/09/23 15:56:56.702, 0, 98 %, 87 %, 6159 MiB, 49140 MiB, 285.82 W, 300.00 W, 73, 1845 MHz
2026/09/23 15:56:57.703, 0, 97 %, 82 %, 6159 MiB, 49140 MiB, 285.25 W, 300.00 W, 72, 1980 MHz
2026/09/23 15:56:58.704, 0, 97 %, 82 %, 6159 MiB, 49140 MiB, 288.30 W, 300.00 W, 73, 2145 MHz
2026/09/23 15:56:59.705, 0, 93 %, 82 %, 6159 MiB, 49140 MiB, 288.27 W, 300.00 W, 73, 1845 MHz
2026/09/23 15:57:00.706, 0, 97 %, 82 %, 6159 MiB, 49140 MiB, 289.69 W, 300.00 W, 72, 1965 MHz
2026/09/23 15:57:01.707, 0, 86 %, 61 %, 6159 MiB, 49140 MiB, 292.98 W, 300.00 W, 74, 1635 MHz
2026/09/23 15:57:02.707, 0, 0 %, 0 %, 6159 MiB, 49140 MiB, 157.59 W, 300.00 W, 66, 2505 MHz
2026/09/23 15:57:03.708, 0, 97 %, 87 %, 6159 MiB, 49140 MiB, 244.55 W, 300.00 W, 72, 1680 MHz
2026/09/23 15:57:04.709, 0, 97 %, 85 %, 6159 MiB, 49140 MiB, 287.05 W, 300.00 W, 73, 2010 MHz
2026/09/23 15:57:05.709, 0, 97 %, 87 %, 6159 MiB, 49140 MiB, 288.79 W, 300.00 W, 74, 1725 MHz
2026/09/23 15:57:06.710, 0, 96 %, 84 %, 6159 MiB, 49140 MiB, 287.95 W, 300.00 W, 71, 1980 MHz
2026/09/23 15:57:07.710, 0, 97 %, 86 %, 6159 MiB, 49140 MiB, 288.13 W, 300.00 W, 72, 1680 MHz
2026/09/23 15:57:08.711, 0, 97 %, 85 %, 6159 MiB, 49140 MiB, 284.94 W, 300.00 W, 72, 1920 MHz
2026/09/23 15:57:09.712, 0, 97 %, 87 %, 6159 MiB, 49140 MiB, 289.31 W, 300.00 W, 74, 1740 MHz
2026/09/23 15:57:10.714, 0, 97 %, 86 %, 6159 MiB, 49140 MiB, 289.07 W, 300.00 W, 72, 1950 MHz
2026/09/23 15:57:11.715, 0, 97 %, 86 %, 6159 MiB, 49140 MiB, 288.45 W, 300.00 W, 73, 1650 MHz
2026/09/23 15:57:12.715, 0, 98 %, 84 %, 6159 MiB, 49140 MiB, 287.53 W, 300.00 W, 72, 2100 MHz
2026/09/23 15:57:13.717, 0, 95 %, 86 %, 6159 MiB, 49140 MiB, 288.62 W, 300.00 W, 73, 1755 MHz
2026/09/23 15:57:14.717, 0, 98 %, 85 %, 6159 MiB, 49140 MiB, 289.08 W, 300.00 W, 71, 1950 MHz
2026/09/23 15:57:15.718, 0, 95 %, 83 %, 6159 MiB, 49140 MiB, 287.01 W, 300.00 W, 73, 1650 MHz
2026/09/23 15:57:16.719, 0, 98 %, 85 %, 6159 MiB, 49140 MiB, 287.30 W, 300.00 W, 73, 1965 MHz
2026/09/23 15:57:17.720, 0, 96 %, 86 %, 6159 MiB, 49140 MiB, 288.95 W, 300.00 W, 74, 1920 MHz
2026/09/23 15:57:18.721, 0, 98 %, 87 %, 6159 MiB, 49140 MiB, 288.98 W, 300.00 W, 71, 1950 MHz
2026/09/23 15:57:19.723, 0, 98 %, 86 %, 6159 MiB, 49140 MiB, 288.15 W, 300.00 W, 73, 1695 MHz
2026/09/23 15:57:20.723, 0, 97 %, 84 %, 6159 MiB, 49140 MiB, 288.23 W, 300.00 W, 72, 1770 MHz
2026/09/23 15:57:21.725, 0, 97 %, 87 %, 6159 MiB, 49140 MiB, 288.79 W, 300.00 W, 74, 1905 MHz
2026/09/23 15:57:22.725, 0, 98 %, 84 %, 6159 MiB, 49140 MiB, 289.61 W, 300.00 W, 72, 1620 MHz
2026/09/23 15:57:23.727, 0, 97 %, 85 %, 6159 MiB, 49140 MiB, 288.57 W, 300.00 W, 73, 2010 MHz
2026/09/23 15:57:24.727, 0, 97 %, 85 %, 6159 MiB, 49140 MiB, 286.93 W, 300.00 W, 72, 1875 MHz
2026/09/23 15:57:25.728, 0, 90 %, 64 %, 6159 MiB, 49140 MiB, 295.71 W, 300.00 W, 74, 1620 MHz
2026/09/23 15:57:26.730, 0, 0 %, 0 %, 6159 MiB, 49140 MiB, 174.13 W, 300.00 W, 67, 2730 MHz
2026/09/23 15:57:27.731, 0, 97 %, 87 %, 6159 MiB, 49140 MiB, 242.76 W, 300.00 W, 73, 1965 MHz
2026/09/23 15:57:28.733, 0, 97 %, 84 %, 6159 MiB, 49140 MiB, 287.69 W, 300.00 W, 71, 1665 MHz
2026/09/23 15:57:29.734, 0, 96 %, 86 %, 6159 MiB, 49140 MiB, 288.14 W, 300.00 W, 73, 1785 MHz
2026/09/23 15:57:30.735, 0, 98 %, 87 %, 6159 MiB, 49140 MiB, 286.19 W, 300.00 W, 72, 2085 MHz
2026/09/23 15:57:31.736, 0, 98 %, 86 %, 6159 MiB, 49140 MiB, 287.81 W, 300.00 W, 74, 1785 MHz
2026/09/23 15:57:32.736, 0, 96 %, 85 %, 6159 MiB, 49140 MiB, 289.30 W, 300.00 W, 73, 1905 MHz
2026/09/23 15:57:33.738, 0, 96 %, 86 %, 6159 MiB, 49140 MiB, 287.18 W, 300.00 W, 71, 1725 MHz
2026/09/23 15:57:34.738, 0, 97 %, 86 %, 6159 MiB, 49140 MiB, 286.67 W, 300.00 W, 72, 2085 MHz
2026/09/23 15:57:35.739, 0, 97 %, 83 %, 6159 MiB, 49140 MiB, 287.54 W, 300.00 W, 73, 1740 MHz
2026/09/23 15:57:36.740, 0, 97 %, 86 %, 6159 MiB, 49140 MiB, 288.37 W, 300.00 W, 73, 1995 MHz
2026/09/23 15:57:37.741, 0, 97 %, 82 %, 6159 MiB, 49140 MiB, 289.27 W, 300.00 W, 71, 1635 MHz
2026/09/23 15:57:38.743, 0, 97 %, 85 %, 6159 MiB, 49140 MiB, 288.97 W, 300.00 W, 73, 1890 MHz
2026/09/23 15:57:39.743, 0, 97 %, 84 %, 6159 MiB, 49140 MiB, 286.36 W, 300.00 W, 72, 2040 MHz
2026/09/23 15:57:40.744, 0, 98 %, 85 %, 6159 MiB, 49140 MiB, 289.46 W, 300.00 W, 74, 1995 MHz
2026/09/23 15:57:41.745, 0, 95 %, 84 %, 6159 MiB, 49140 MiB, 288.67 W, 300.00 W, 73, 1800 MHz
2026/09/23 15:57:42.745, 0, 97 %, 83 %, 6159 MiB, 49140 MiB, 288.93 W, 300.00 W, 72, 1665 MHz
2026/09/23 15:57:43.748, 0, 97 %, 86 %, 6159 MiB, 49140 MiB, 288.29 W, 300.00 W, 73, 2070 MHz
2026/09/23 15:57:44.749, 0, 96 %, 83 %, 6159 MiB, 49140 MiB, 286.59 W, 300.00 W, 73, 2100 MHz
2026/09/23 15:57:45.750, 0, 93 %, 83 %, 6159 MiB, 49140 MiB, 287.39 W, 300.00 W, 74, 2010 MHz
2026/09/23 15:57:46.751, 0, 97 %, 85 %, 6159 MiB, 49140 MiB, 287.25 W, 300.00 W, 74, 1965 MHz
2026/09/23 15:57:47.752, 0, 96 %, 81 %, 6159 MiB, 49140 MiB, 289.35 W, 300.00 W, 72, 1620 MHz
2026/09/23 15:57:48.752, 0, 98 %, 86 %, 6159 MiB, 49140 MiB, 289.19 W, 300.00 W, 73, 1995 MHz
2026/09/23 15:57:49.753, 0, 91 %, 69 %, 6159 MiB, 49140 MiB, 292.77 W, 300.00 W, 74, 1665 MHz
2026/09/23 15:57:50.754, 0, 58 %, 39 %, 6159 MiB, 49140 MiB, 196.36 W, 300.00 W, 67, 2730 MHz
2026/09/23 15:57:51.755, 0, 97 %, 87 %, 6159 MiB, 49140 MiB, 221.45 W, 300.00 W, 72, 2010 MHz
2026/09/23 15:57:52.757, 0, 96 %, 86 %, 6159 MiB, 49140 MiB, 288.33 W, 300.00 W, 74, 2010 MHz
2026/09/23 15:57:53.759, 0, 96 %, 84 %, 6159 MiB, 49140 MiB, 289.09 W, 300.00 W, 72, 1680 MHz
2026/09/23 15:57:54.760, 0, 96 %, 86 %, 6159 MiB, 49140 MiB, 288.76 W, 300.00 W, 73, 1800 MHz
2026/09/23 15:57:55.762, 0, 97 %, 86 %, 6159 MiB, 49140 MiB, 286.98 W, 300.00 W, 72, 2085 MHz
2026/09/23 15:57:56.762, 0, 98 %, 82 %, 6159 MiB, 49140 MiB, 287.40 W, 300.00 W, 73, 1755 MHz
2026/09/23 15:57:57.763, 0, 97 %, 86 %, 6159 MiB, 49140 MiB, 289.12 W, 300.00 W, 73, 1950 MHz
2026/09/23 15:57:58.765, 0, 97 %, 82 %, 6159 MiB, 49140 MiB, 289.81 W, 300.00 W, 71, 1680 MHz
2026/09/23 15:57:59.767, 0, 97 %, 85 %, 6159 MiB, 49140 MiB, 288.41 W, 300.00 W, 73, 1995 MHz
2026/09/23 15:58:00.768, 0, 97 %, 86 %, 6159 MiB, 49140 MiB, 285.59 W, 300.00 W, 72, 2085 MHz
2026/09/23 15:58:01.769, 0, 97 %, 81 %, 6159 MiB, 49140 MiB, 288.48 W, 300.00 W, 73, 1815 MHz
2026/09/23 15:58:02.770, 0, 97 %, 86 %, 6159 MiB, 49140 MiB, 289.14 W, 300.00 W, 74, 1935 MHz
2026/09/23 15:58:03.771, 0, 97 %, 83 %, 6159 MiB, 49140 MiB, 290.01 W, 300.00 W, 71, 1635 MHz
2026/09/23 15:58:04.771, 0, 98 %, 86 %, 6159 MiB, 49140 MiB, 287.97 W, 300.00 W, 73, 1785 MHz
2026/09/23 15:58:05.772, 0, 98 %, 87 %, 6159 MiB, 49140 MiB, 286.81 W, 300.00 W, 72, 2055 MHz
2026/09/23 15:58:06.773, 0, 97 %, 82 %, 6159 MiB, 49140 MiB, 288.23 W, 300.00 W, 73, 1965 MHz
2026/09/23 15:58:07.774, 0, 96 %, 85 %, 6159 MiB, 49140 MiB, 289.05 W, 300.00 W, 73, 1950 MHz
2026/09/23 15:58:08.775, 0, 97 %, 86 %, 6159 MiB, 49140 MiB, 288.54 W, 300.00 W, 71, 1740 MHz
2026/09/23 15:58:09.775, 0, 98 %, 86 %, 6159 MiB, 49140 MiB, 286.57 W, 300.00 W, 73, 2085 MHz
2026/09/23 15:58:10.778, 0, 96 %, 84 %, 6159 MiB, 49140 MiB, 286.35 W, 300.00 W, 72, 2025 MHz
2026/09/23 15:58:11.779, 0, 90 %, 80 %, 6159 MiB, 49140 MiB, 287.29 W, 300.00 W, 74, 1830 MHz
2026/09/23 15:58:12.780, 0, 94 %, 83 %, 6159 MiB, 49140 MiB, 287.56 W, 300.00 W, 73, 1680 MHz
2026/09/23 15:58:13.781, 0, 96 %, 84 %, 6159 MiB, 49140 MiB, 288.16 W, 300.00 W, 74, 1650 MHz
2026/09/23 15:58:14.782, 0, 95 %, 65 %, 6159 MiB, 49140 MiB, 222.18 W, 300.00 W, 68, 2730 MHz
2026/09/23 15:58:15.783, 0, 87 %, 79 %, 6159 MiB, 49140 MiB, 198.67 W, 300.00 W, 72, 1875 MHz
2026/09/23 15:58:16.784, 0, 98 %, 87 %, 6159 MiB, 49140 MiB, 289.95 W, 300.00 W, 73, 2130 MHz
2026/09/23 15:58:17.785, 0, 98 %, 87 %, 6159 MiB, 49140 MiB, 286.62 W, 300.00 W, 72, 2010 MHz
2026/09/23 15:58:18.786, 0, 98 %, 86 %, 6159 MiB, 49140 MiB, 288.23 W, 300.00 W, 73, 1740 MHz
2026/09/23 15:58:19.789, 0, 96 %, 84 %, 6159 MiB, 49140 MiB, 288.94 W, 300.00 W, 72, 1845 MHz
2026/09/23 15:58:20.790, 0, 97 %, 86 %, 6159 MiB, 49140 MiB, 288.96 W, 300.00 W, 72, 1965 MHz
2026/09/23 15:58:21.791, 0, 97 %, 85 %, 6159 MiB, 49140 MiB, 286.72 W, 300.00 W, 73, 2025 MHz
2026/09/23 15:58:22.792, 0, 98 %, 87 %, 6159 MiB, 49140 MiB, 289.09 W, 300.00 W, 73, 1740 MHz
2026/09/23 15:58:23.793, 0, 96 %, 85 %, 6159 MiB, 49140 MiB, 288.90 W, 300.00 W, 72, 1830 MHz
2026/09/23 15:58:24.794, 0, 97 %, 86 %, 6159 MiB, 49140 MiB, 287.77 W, 300.00 W, 73, 2115 MHz
2026/09/23 15:58:25.795, 0, 97 %, 86 %, 6159 MiB, 49140 MiB, 286.76 W, 300.00 W, 72, 2055 MHz
2026/09/23 15:58:26.796, 0, 97 %, 84 %, 6159 MiB, 49140 MiB, 287.40 W, 300.00 W, 74, 1905 MHz
2026/09/23 15:58:27.797, 0, 95 %, 83 %, 6159 MiB, 49140 MiB, 287.94 W, 300.00 W, 71, 1785 MHz
2026/09/23 15:58:28.798, 0, 95 %, 84 %, 6159 MiB, 49140 MiB, 287.36 W, 300.00 W, 73, 2085 MHz
2026/09/23 15:58:29.798, 0, 98 %, 86 %, 6159 MiB, 49140 MiB, 286.85 W, 300.00 W, 72, 1875 MHz
2026/09/23 15:58:30.800, 0, 98 %, 85 %, 6159 MiB, 49140 MiB, 287.22 W, 300.00 W, 73, 2010 MHz
2026/09/23 15:58:31.801, 0, 98 %, 88 %, 6159 MiB, 49140 MiB, 288.62 W, 300.00 W, 73, 1680 MHz
2026/09/23 15:58:32.801, 0, 96 %, 85 %, 6159 MiB, 49140 MiB, 289.66 W, 300.00 W, 72, 1800 MHz
2026/09/23 15:58:33.803, 0, 97 %, 87 %, 6159 MiB, 49140 MiB, 289.25 W, 300.00 W, 73, 2070 MHz
2026/09/23 15:58:34.803, 0, 97 %, 87 %, 6159 MiB, 49140 MiB, 285.64 W, 300.00 W, 72, 2190 MHz
2026/09/23 15:58:35.804, 0, 96 %, 84 %, 6159 MiB, 49140 MiB, 287.21 W, 300.00 W, 73, 2055 MHz
2026/09/23 15:58:36.805, 0, 98 %, 87 %, 6159 MiB, 49140 MiB, 289.70 W, 300.00 W, 73, 1635 MHz
2026/09/23 15:58:37.807, 0, 98 %, 83 %, 6159 MiB, 49140 MiB, 290.77 W, 300.00 W, 73, 1635 MHz
2026/09/23 15:58:38.808, 0, 94 %, 66 %, 6159 MiB, 49140 MiB, 236.61 W, 300.00 W, 68, 2730 MHz
2026/09/23 15:58:39.809, 0, 0 %, 0 %, 6159 MiB, 49140 MiB, 170.06 W, 300.00 W, 72, 1770 MHz
2026/09/23 15:58:40.810, 0, 97 %, 81 %, 6159 MiB, 49140 MiB, 286.82 W, 300.00 W, 73, 1935 MHz
2026/09/23 15:58:41.811, 0, 91 %, 81 %, 6159 MiB, 49140 MiB, 286.43 W, 300.00 W, 72, 1695 MHz
2026/09/23 15:58:42.811, 0, 97 %, 85 %, 6159 MiB, 49140 MiB, 288.32 W, 300.00 W, 72, 1905 MHz
2026/09/23 15:58:43.813, 0, 98 %, 86 %, 6159 MiB, 49140 MiB, 287.67 W, 300.00 W, 72, 2070 MHz
2026/09/23 15:58:44.813, 0, 97 %, 84 %, 6159 MiB, 49140 MiB, 286.68 W, 300.00 W, 73, 1935 MHz
2026/09/23 15:58:45.814, 0, 96 %, 87 %, 6159 MiB, 49140 MiB, 287.69 W, 300.00 W, 73, 1650 MHz
2026/09/23 15:58:46.816, 0, 97 %, 86 %, 6159 MiB, 49140 MiB, 288.41 W, 300.00 W, 73, 1920 MHz
2026/09/23 15:58:47.817, 0, 98 %, 86 %, 6159 MiB, 49140 MiB, 288.38 W, 300.00 W, 72, 1950 MHz
2026/09/23 15:58:48.821, 0, 97 %, 85 %, 6159 MiB, 49140 MiB, 286.99 W, 300.00 W, 73, 2010 MHz
2026/09/23 15:58:49.824, 0, 95 %, 82 %, 6159 MiB, 49140 MiB, 287.09 W, 300.00 W, 74, 1920 MHz
2026/09/23 15:58:50.825, 0, 95 %, 84 %, 6159 MiB, 49140 MiB, 288.40 W, 300.00 W, 71, 1800 MHz
2026/09/23 15:58:51.826, 0, 98 %, 87 %, 6159 MiB, 49140 MiB, 290.68 W, 300.00 W, 73, 2070 MHz
2026/09/23 15:58:52.828, 0, 97 %, 87 %, 6159 MiB, 49140 MiB, 287.90 W, 300.00 W, 73, 1950 MHz
2026/09/23 15:58:53.829, 0, 97 %, 82 %, 6159 MiB, 49140 MiB, 288.89 W, 300.00 W, 74, 1980 MHz
2026/09/23 15:58:54.830, 0, 95 %, 84 %, 6159 MiB, 49140 MiB, 289.24 W, 300.00 W, 72, 1785 MHz
2026/09/23 15:58:55.831, 0, 97 %, 84 %, 6159 MiB, 49140 MiB, 289.27 W, 300.00 W, 73, 2085 MHz
2026/09/23 15:58:56.832, 0, 98 %, 87 %, 6159 MiB, 49140 MiB, 286.69 W, 300.00 W, 73, 1860 MHz
2026/09/23 15:58:57.833, 0, 97 %, 82 %, 6159 MiB, 49140 MiB, 287.73 W, 300.00 W, 74, 1995 MHz
2026/09/23 15:58:58.834, 0, 97 %, 86 %, 6159 MiB, 49140 MiB, 288.64 W, 300.00 W, 73, 1800 MHz
2026/09/23 15:58:59.834, 0, 97 %, 84 %, 6159 MiB, 49140 MiB, 290.70 W, 300.00 W, 74, 1845 MHz
2026/09/23 15:59:00.835, 0, 98 %, 86 %, 6159 MiB, 49140 MiB, 289.31 W, 300.00 W, 72, 2115 MHz
2026/09/23 15:59:01.836, 0, 98 %, 84 %, 6159 MiB, 49140 MiB, 289.39 W, 300.00 W, 74, 1695 MHz
2026/09/23 15:59:02.836, 0, 93 %, 66 %, 6159 MiB, 49140 MiB, 263.73 W, 300.00 W, 68, 2730 MHz
2026/09/23 15:59:03.837, 0, 0 %, 0 %, 6159 MiB, 49140 MiB, 158.37 W, 300.00 W, 73, 1710 MHz
2026/09/23 15:59:04.837, 0, 97 %, 86 %, 6159 MiB, 49140 MiB, 289.02 W, 300.00 W, 71, 2115 MHz
2026/09/23 15:59:05.839, 0, 97 %, 87 %, 6159 MiB, 49140 MiB, 290.54 W, 300.00 W, 72, 1920 MHz
2026/09/23 15:59:06.839, 0, 97 %, 86 %, 6159 MiB, 49140 MiB, 286.68 W, 300.00 W, 73, 1995 MHz
2026/09/23 15:59:07.840, 0, 97 %, 83 %, 6159 MiB, 49140 MiB, 287.83 W, 300.00 W, 74, 1695 MHz
2026/09/23 15:59:08.841, 0, 98 %, 86 %, 6159 MiB, 49140 MiB, 289.84 W, 300.00 W, 72, 2085 MHz
2026/09/23 15:59:09.841, 0, 98 %, 83 %, 6159 MiB, 49140 MiB, 289.78 W, 300.00 W, 73, 1770 MHz
2026/09/23 15:59:10.842, 0, 98 %, 87 %, 6159 MiB, 49140 MiB, 286.56 W, 300.00 W, 72, 2070 MHz
2026/09/23 15:59:11.843, 0, 97 %, 85 %, 6159 MiB, 49140 MiB, 287.54 W, 300.00 W, 74, 1635 MHz
2026/09/23 15:59:12.843, 0, 97 %, 87 %, 6159 MiB, 49140 MiB, 288.64 W, 300.00 W, 72, 1950 MHz
2026/09/23 15:59:13.845, 0, 98 %, 83 %, 6159 MiB, 49140 MiB, 290.02 W, 300.00 W, 73, 1710 MHz
2026/09/23 15:59:14.845, 0, 97 %, 86 %, 6159 MiB, 49140 MiB, 287.84 W, 300.00 W, 72, 1875 MHz
2026/09/23 15:59:15.846, 0, 97 %, 84 %, 6159 MiB, 49140 MiB, 288.15 W, 300.00 W, 74, 1650 MHz
2026/09/23 15:59:16.847, 0, 97 %, 87 %, 6159 MiB, 49140 MiB, 288.92 W, 300.00 W, 73, 1860 MHz
2026/09/23 15:59:17.849, 0, 97 %, 83 %, 6159 MiB, 49140 MiB, 290.47 W, 300.00 W, 72, 1980 MHz
2026/09/23 15:59:18.849, 0, 94 %, 82 %, 6159 MiB, 49140 MiB, 285.74 W, 300.00 W, 73, 1755 MHz
2026/09/23 15:59:19.850, 0, 97 %, 86 %, 6159 MiB, 49140 MiB, 286.09 W, 300.00 W, 73, 1935 MHz
2026/09/23 15:59:20.851, 0, 98 %, 81 %, 6159 MiB, 49140 MiB, 288.64 W, 300.00 W, 74, 1680 MHz
2026/09/23 15:59:21.852, 0, 97 %, 85 %, 6159 MiB, 49140 MiB, 289.08 W, 300.00 W, 72, 2100 MHz
2026/09/23 15:59:22.853, 0, 96 %, 82 %, 6159 MiB, 49140 MiB, 289.74 W, 300.00 W, 73, 1740 MHz
2026/09/23 15:59:23.854, 0, 98 %, 86 %, 6159 MiB, 49140 MiB, 287.60 W, 300.00 W, 72, 1980 MHz
2026/09/23 15:59:24.855, 0, 98 %, 85 %, 6159 MiB, 49140 MiB, 287.06 W, 300.00 W, 74, 1695 MHz
2026/09/23 15:59:25.856, 0, 97 %, 87 %, 6159 MiB, 49140 MiB, 287.61 W, 300.00 W, 74, 1740 MHz
2026/09/23 15:59:26.857, 0, 93 %, 64 %, 6159 MiB, 49140 MiB, 276.61 W, 300.00 W, 68, 2505 MHz
2026/09/23 15:59:27.857, 0, 0 %, 0 %, 6159 MiB, 49140 MiB, 127.61 W, 300.00 W, 72, 1815 MHz
2026/09/23 15:59:28.858, 0, 97 %, 87 %, 6159 MiB, 49140 MiB, 286.92 W, 300.00 W, 73, 1800 MHz
2026/09/23 15:59:29.859, 0, 97 %, 85 %, 6159 MiB, 49140 MiB, 289.47 W, 300.00 W, 72, 1965 MHz
2026/09/23 15:59:30.861, 0, 98 %, 86 %, 6159 MiB, 49140 MiB, 288.03 W, 300.00 W, 72, 2070 MHz
2026/09/23 15:59:31.861, 0, 96 %, 83 %, 6159 MiB, 49140 MiB, 288.55 W, 300.00 W, 73, 1650 MHz
2026/09/23 15:59:32.863, 0, 97 %, 87 %, 6159 MiB, 49140 MiB, 289.06 W, 300.00 W, 73, 1755 MHz
2026/09/23 15:59:33.865, 0, 94 %, 83 %, 6159 MiB, 49140 MiB, 288.51 W, 300.00 W, 72, 2070 MHz
2026/09/23 15:59:34.866, 0, 97 %, 86 %, 6159 MiB, 49140 MiB, 289.88 W, 300.00 W, 72, 1950 MHz
2026/09/23 15:59:35.867, 0, 97 %, 85 %, 6159 MiB, 49140 MiB, 287.00 W, 300.00 W, 73, 1815 MHz
2026/09/23 15:59:36.868, 0, 97 %, 87 %, 6159 MiB, 49140 MiB, 289.24 W, 300.00 W, 73, 1800 MHz
2026/09/23 15:59:37.868, 0, 97 %, 86 %, 6159 MiB, 49140 MiB, 290.08 W, 300.00 W, 73, 1905 MHz
2026/09/23 15:59:38.870, 0, 97 %, 86 %, 6159 MiB, 49140 MiB, 287.97 W, 300.00 W, 72, 1935 MHz
2026/09/23 15:59:39.870, 0, 97 %, 86 %, 6159 MiB, 49140 MiB, 286.74 W, 300.00 W, 73, 1905 MHz
2026/09/23 15:59:40.872, 0, 97 %, 85 %, 6159 MiB, 49140 MiB, 287.73 W, 300.00 W, 74, 1710 MHz
2026/09/23 15:59:41.872, 0, 95 %, 84 %, 6159 MiB, 49140 MiB, 286.90 W, 300.00 W, 72, 2010 MHz
2026/09/23 15:59:42.873, 0, 95 %, 81 %, 6159 MiB, 49140 MiB, 289.00 W, 300.00 W, 73, 1845 MHz
2026/09/23 15:59:43.874, 0, 98 %, 87 %, 6159 MiB, 49140 MiB, 287.87 W, 300.00 W, 73, 1920 MHz
2026/09/23 15:59:44.875, 0, 97 %, 81 %, 6159 MiB, 49140 MiB, 287.30 W, 300.00 W, 74, 1665 MHz
2026/09/23 15:59:45.875, 0, 97 %, 86 %, 6159 MiB, 49140 MiB, 288.59 W, 300.00 W, 72, 2115 MHz
2026/09/23 15:59:46.876, 0, 97 %, 82 %, 6159 MiB, 49140 MiB, 289.23 W, 300.00 W, 74, 1830 MHz
2026/09/23 15:59:47.877, 0, 98 %, 86 %, 6159 MiB, 49140 MiB, 286.82 W, 300.00 W, 72, 1770 MHz
2026/09/23 15:59:48.878, 0, 97 %, 87 %, 6159 MiB, 49140 MiB, 287.04 W, 300.00 W, 73, 1755 MHz
2026/09/23 15:59:49.879, 0, 97 %, 86 %, 6159 MiB, 49140 MiB, 289.38 W, 300.00 W, 74, 1755 MHz
2026/09/23 15:59:50.880, 0, 91 %, 67 %, 6159 MiB, 49140 MiB, 294.86 W, 300.00 W, 69, 2730 MHz
2026/09/23 15:59:51.880, 0, 0 %, 0 %, 6159 MiB, 49140 MiB, 139.65 W, 300.00 W, 72, 1770 MHz
2026/09/23 15:59:52.881, 0, 97 %, 87 %, 6159 MiB, 49140 MiB, 287.67 W, 300.00 W, 73, 2100 MHz
2026/09/23 15:59:53.883, 0, 96 %, 85 %, 6159 MiB, 49140 MiB, 287.11 W, 300.00 W, 71, 1860 MHz
2026/09/23 15:59:54.883, 0, 98 %, 87 %, 6159 MiB, 49140 MiB, 287.95 W, 300.00 W, 73, 2085 MHz
2026/09/23 15:59:55.886, 0, 97 %, 83 %, 6159 MiB, 49140 MiB, 288.88 W, 300.00 W, 72, 2025 MHz
2026/09/23 15:59:56.887, 0, 94 %, 83 %, 6159 MiB, 49140 MiB, 288.80 W, 300.00 W, 72, 1995 MHz
2026/09/23 15:59:57.889, 0, 95 %, 84 %, 6159 MiB, 49140 MiB, 286.28 W, 300.00 W, 73, 1845 MHz
2026/09/23 15:59:58.890, 0, 97 %, 87 %, 6159 MiB, 49140 MiB, 288.88 W, 300.00 W, 73, 2145 MHz
2026/09/23 15:59:59.890, 0, 97 %, 81 %, 6159 MiB, 49140 MiB, 287.99 W, 300.00 W, 71, 2040 MHz
2026/09/23 16:00:00.891, 0, 97 %, 86 %, 6159 MiB, 49140 MiB, 289.40 W, 300.00 W, 72, 1935 MHz
2026/09/23 16:00:01.892, 0, 97 %, 83 %, 6159 MiB, 49140 MiB, 286.62 W, 300.00 W, 72, 1740 MHz
2026/09/23 16:00:02.893, 0, 97 %, 87 %, 6159 MiB, 49140 MiB, 287.32 W, 300.00 W, 74, 2055 MHz
2026/09/23 16:00:03.894, 0, 98 %, 87 %, 6159 MiB, 49140 MiB, 288.42 W, 300.00 W, 72, 1965 MHz
2026/09/23 16:00:04.896, 0, 97 %, 82 %, 6159 MiB, 49140 MiB, 288.66 W, 300.00 W, 73, 2040 MHz
2026/09/23 16:00:05.896, 0, 96 %, 85 %, 6159 MiB, 49140 MiB, 287.83 W, 300.00 W, 72, 1860 MHz
2026/09/23 16:00:06.898, 0, 97 %, 83 %, 6159 MiB, 49140 MiB, 287.17 W, 300.00 W, 73, 1710 MHz
2026/09/23 16:00:07.900, 0, 97 %, 85 %, 6159 MiB, 49140 MiB, 288.67 W, 300.00 W, 74, 2100 MHz
2026/09/23 16:00:08.901, 0, 97 %, 85 %, 6159 MiB, 49140 MiB, 288.64 W, 300.00 W, 72, 1725 MHz
2026/09/23 16:00:09.901, 0, 98 %, 87 %, 6159 MiB, 49140 MiB, 289.33 W, 300.00 W, 73, 1920 MHz
2026/09/23 16:00:10.902, 0, 96 %, 86 %, 6159 MiB, 49140 MiB, 288.23 W, 300.00 W, 73, 1635 MHz
2026/09/23 16:00:11.903, 0, 96 %, 85 %, 6159 MiB, 49140 MiB, 288.55 W, 300.00 W, 74, 1785 MHz
2026/09/23 16:00:12.904, 0, 97 %, 87 %, 6159 MiB, 49140 MiB, 289.44 W, 300.00 W, 73, 1950 MHz
2026/09/23 16:00:13.904, 0, 95 %, 66 %, 6159 MiB, 49140 MiB, 292.87 W, 300.00 W, 74, 1635 MHz
2026/09/23 16:00:14.905, 0, 0 %, 0 %, 6159 MiB, 49140 MiB, 216.58 W, 300.00 W, 67, 2505 MHz
2026/09/23 16:00:15.906, 0, 97 %, 86 %, 6159 MiB, 49140 MiB, 192.08 W, 300.00 W, 73, 1965 MHz
2026/09/23 16:00:16.907, 0, 96 %, 85 %, 6159 MiB, 49140 MiB, 287.01 W, 300.00 W, 72, 1635 MHz
2026/09/23 16:00:17.908, 0, 97 %, 86 %, 6159 MiB, 49140 MiB, 287.17 W, 300.00 W, 74, 1995 MHz
2026/09/23 16:00:18.909, 0, 97 %, 86 %, 6159 MiB, 49140 MiB, 287.88 W, 300.00 W, 72, 1845 MHz
2026/09/23 16:00:19.910, 0, 97 %, 87 %, 6159 MiB, 49140 MiB, 290.09 W, 300.00 W, 73, 1920 MHz
2026/09/23 16:00:20.911, 0, 96 %, 85 %, 6159 MiB, 49140 MiB, 286.60 W, 300.00 W, 72, 1620 MHz
2026/09/23 16:00:21.912, 0, 98 %, 87 %, 6159 MiB, 49140 MiB, 288.25 W, 300.00 W, 73, 1785 MHz
2026/09/23 16:00:22.913, 0, 98 %, 87 %, 6159 MiB, 49140 MiB, 290.50 W, 300.00 W, 73, 1905 MHz
2026/09/23 16:00:23.913, 0, 97 %, 85 %, 6159 MiB, 49140 MiB, 290.09 W, 300.00 W, 73, 1965 MHz
2026/09/23 16:00:24.914, 0, 96 %, 85 %, 6159 MiB, 49140 MiB, 288.71 W, 300.00 W, 73, 2010 MHz
2026/09/23 16:00:25.915, 0, 97 %, 83 %, 6159 MiB, 49140 MiB, 286.87 W, 300.00 W, 73, 1740 MHz
2026/09/23 16:00:26.916, 0, 98 %, 86 %, 6159 MiB, 49140 MiB, 288.87 W, 300.00 W, 74, 2130 MHz
2026/09/23 16:00:27.916, 0, 98 %, 85 %, 6159 MiB, 49140 MiB, 289.42 W, 300.00 W, 72, 1755 MHz
2026/09/23 16:00:28.917, 0, 97 %, 87 %, 6159 MiB, 49140 MiB, 289.53 W, 300.00 W, 73, 1920 MHz
2026/09/23 16:00:29.919, 0, 98 %, 85 %, 6159 MiB, 49140 MiB, 287.92 W, 300.00 W, 72, 1725 MHz
2026/09/23 16:00:30.920, 0, 97 %, 85 %, 6159 MiB, 49140 MiB, 288.98 W, 300.00 W, 74, 2100 MHz
2026/09/23 16:00:31.921, 0, 97 %, 85 %, 6159 MiB, 49140 MiB, 288.49 W, 300.00 W, 72, 1695 MHz
2026/09/23 16:00:32.922, 0, 98 %, 87 %, 6159 MiB, 49140 MiB, 289.54 W, 300.00 W, 73, 1935 MHz
2026/09/23 16:00:33.923, 0, 97 %, 85 %, 6159 MiB, 49140 MiB, 286.49 W, 300.00 W, 72, 1650 MHz
2026/09/23 16:00:34.923, 0, 98 %, 87 %, 6159 MiB, 49140 MiB, 288.03 W, 300.00 W, 74, 2010 MHz
2026/09/23 16:00:35.924, 0, 96 %, 86 %, 6159 MiB, 49140 MiB, 288.67 W, 300.00 W, 73, 1965 MHz
2026/09/23 16:00:36.924, 0, 97 %, 86 %, 6159 MiB, 49140 MiB, 290.11 W, 300.00 W, 72, 1860 MHz
2026/09/23 16:00:37.925, 0, 91 %, 66 %, 6159 MiB, 49140 MiB, 289.69 W, 300.00 W, 74, 1695 MHz
2026/09/23 16:00:38.926, 0, 0 %, 0 %, 6159 MiB, 49140 MiB, 234.42 W, 300.00 W, 68, 2730 MHz
2026/09/23 16:00:39.926, 0, 97 %, 86 %, 6159 MiB, 49140 MiB, 187.60 W, 300.00 W, 72, 1800 MHz
2026/09/23 16:00:40.928, 0, 98 %, 83 %, 6159 MiB, 49140 MiB, 284.66 W, 300.00 W, 72, 2130 MHz
2026/09/23 16:00:41.929, 0, 97 %, 85 %, 6159 MiB, 49140 MiB, 288.98 W, 300.00 W, 73, 1800 MHz
2026/09/23 16:00:42.929, 0, 98 %, 82 %, 6159 MiB, 49140 MiB, 288.64 W, 300.00 W, 72, 1980 MHz
2026/09/23 16:00:43.930, 0, 96 %, 84 %, 6159 MiB, 49140 MiB, 288.96 W, 300.00 W, 72, 1755 MHz
2026/09/23 16:00:44.931, 0, 97 %, 85 %, 6159 MiB, 49140 MiB, 288.13 W, 300.00 W, 73, 2130 MHz
2026/09/23 16:00:45.932, 0, 98 %, 86 %, 6159 MiB, 49140 MiB, 289.20 W, 300.00 W, 73, 1950 MHz
2026/09/23 16:00:46.935, 0, 97 %, 83 %, 6159 MiB, 49140 MiB, 288.96 W, 300.00 W, 71, 1965 MHz
2026/09/23 16:00:47.936, 0, 98 %, 87 %, 6159 MiB, 49140 MiB, 290.24 W, 300.00 W, 73, 1665 MHz
2026/09/23 16:00:48.937, 0, 94 %, 84 %, 6159 MiB, 49140 MiB, 286.86 W, 300.00 W, 72, 1965 MHz
2026/09/23 16:00:49.937, 0, 97 %, 87 %, 6159 MiB, 49140 MiB, 287.07 W, 300.00 W, 74, 2055 MHz
2026/09/23 16:00:50.939, 0, 98 %, 86 %, 6159 MiB, 49140 MiB, 287.66 W, 300.00 W, 74, 1725 MHz
2026/09/23 16:00:51.939, 0, 97 %, 86 %, 6159 MiB, 49140 MiB, 288.27 W, 300.00 W, 72, 2040 MHz
2026/09/23 16:00:52.940, 0, 97 %, 85 %, 6159 MiB, 49140 MiB, 290.18 W, 300.00 W, 74, 1695 MHz
2026/09/23 16:00:53.941, 0, 96 %, 84 %, 6159 MiB, 49140 MiB, 286.56 W, 300.00 W, 73, 1740 MHz
2026/09/23 16:00:54.941, 0, 98 %, 83 %, 6159 MiB, 49140 MiB, 287.84 W, 300.00 W, 73, 2085 MHz
2026/09/23 16:00:55.943, 0, 98 %, 86 %, 6159 MiB, 49140 MiB, 288.29 W, 300.00 W, 74, 1950 MHz
2026/09/23 16:00:56.944, 0, 98 %, 86 %, 6159 MiB, 49140 MiB, 290.05 W, 300.00 W, 72, 2040 MHz
2026/09/23 16:00:57.945, 0, 97 %, 83 %, 6159 MiB, 49140 MiB, 289.53 W, 300.00 W, 73, 1785 MHz
2026/09/23 16:00:58.947, 0, 97 %, 85 %, 6159 MiB, 49140 MiB, 288.18 W, 300.00 W, 72, 1710 MHz
2026/09/23 16:00:59.948, 0, 98 %, 83 %, 6159 MiB, 49140 MiB, 288.80 W, 300.00 W, 73, 2100 MHz
2026/09/23 16:01:00.949, 0, 97 %, 85 %, 6159 MiB, 49140 MiB, 289.09 W, 300.00 W, 74, 1695 MHz
2026/09/23 16:01:01.949, 0, 95 %, 67 %, 6159 MiB, 49140 MiB, 287.64 W, 300.00 W, 74, 2220 MHz
2026/09/23 16:01:02.950, 0, 0 %, 0 %, 6159 MiB, 49140 MiB, 236.08 W, 300.00 W, 67, 2505 MHz
2026/09/23 16:01:03.951, 0, 96 %, 86 %, 6159 MiB, 49140 MiB, 170.01 W, 300.00 W, 72, 2130 MHz
2026/09/23 16:01:04.952, 0, 91 %, 79 %, 6159 MiB, 49140 MiB, 288.47 W, 300.00 W, 71, 2025 MHz
2026/09/23 16:01:05.953, 0, 96 %, 86 %, 6159 MiB, 49140 MiB, 287.68 W, 300.00 W, 73, 1680 MHz
2026/09/23 16:01:06.954, 0, 96 %, 86 %, 6159 MiB, 49140 MiB, 286.39 W, 300.00 W, 73, 2010 MHz
2026/09/23 16:01:07.954, 0, 97 %, 87 %, 6159 MiB, 49140 MiB, 288.28 W, 300.00 W, 74, 2040 MHz
2026/09/23 16:01:08.956, 0, 97 %, 86 %, 6159 MiB, 49140 MiB, 289.69 W, 300.00 W, 73, 2010 MHz
2026/09/23 16:01:09.956, 0, 98 %, 88 %, 6159 MiB, 49140 MiB, 289.41 W, 300.00 W, 73, 1860 MHz
2026/09/23 16:01:10.957, 0, 95 %, 84 %, 6159 MiB, 49140 MiB, 288.10 W, 300.00 W, 72, 1725 MHz
2026/09/23 16:01:11.958, 0, 98 %, 87 %, 6159 MiB, 49140 MiB, 287.18 W, 300.00 W, 73, 2085 MHz
2026/09/23 16:01:12.959, 0, 98 %, 88 %, 6159 MiB, 49140 MiB, 289.36 W, 300.00 W, 74, 1755 MHz
2026/09/23 16:01:13.960, 0, 98 %, 81 %, 6159 MiB, 49140 MiB, 289.13 W, 300.00 W, 72, 1920 MHz
2026/09/23 16:01:14.962, 0, 97 %, 86 %, 6159 MiB, 49140 MiB, 289.23 W, 300.00 W, 73, 1620 MHz
2026/09/23 16:01:15.964, 0, 98 %, 83 %, 6159 MiB, 49140 MiB, 287.55 W, 300.00 W, 72, 1830 MHz
2026/09/23 16:01:16.965, 0, 97 %, 87 %, 6159 MiB, 49140 MiB, 289.51 W, 300.00 W, 74, 2010 MHz
2026/09/23 16:01:17.968, 0, 98 %, 81 %, 6159 MiB, 49140 MiB, 289.58 W, 300.00 W, 72, 2070 MHz
2026/09/23 16:01:18.969, 0, 95 %, 85 %, 6159 MiB, 49140 MiB, 288.85 W, 300.00 W, 72, 1995 MHz
2026/09/23 16:01:19.970, 0, 95 %, 85 %, 6159 MiB, 49140 MiB, 287.64 W, 300.00 W, 73, 1665 MHz
2026/09/23 16:01:20.972, 0, 98 %, 83 %, 6159 MiB, 49140 MiB, 288.10 W, 300.00 W, 73, 1905 MHz
2026/09/23 16:01:21.973, 0, 97 %, 86 %, 6159 MiB, 49140 MiB, 288.61 W, 300.00 W, 74, 1965 MHz
2026/09/23 16:01:22.974, 0, 98 %, 84 %, 6159 MiB, 49140 MiB, 287.39 W, 300.00 W, 73, 1995 MHz
2026/09/23 16:01:23.974, 0, 98 %, 88 %, 6159 MiB, 49140 MiB, 289.70 W, 300.00 W, 72, 1770 MHz
2026/09/23 16:01:24.975, 0, 94 %, 83 %, 6159 MiB, 49140 MiB, 287.48 W, 300.00 W, 73, 2085 MHz
2026/09/23 16:01:25.976, 0, 92 %, 66 %, 6159 MiB, 49140 MiB, 288.36 W, 300.00 W, 74, 1635 MHz
2026/09/23 16:01:26.977, 0, 0 %, 0 %, 6159 MiB, 49140 MiB, 263.60 W, 300.00 W, 68, 2730 MHz
2026/09/23 16:01:27.977, 0, 98 %, 89 %, 6159 MiB, 49140 MiB, 157.84 W, 300.00 W, 72, 1905 MHz
2026/09/23 16:01:28.978, 0, 96 %, 86 %, 6159 MiB, 49140 MiB, 289.50 W, 300.00 W, 73, 1995 MHz
2026/09/23 16:01:29.978, 0, 98 %, 83 %, 6159 MiB, 49140 MiB, 288.84 W, 300.00 W, 71, 1650 MHz
2026/09/23 16:01:30.979, 0, 94 %, 84 %, 6159 MiB, 49140 MiB, 289.24 W, 300.00 W, 72, 2010 MHz
2026/09/23 16:01:31.980, 0, 98 %, 85 %, 6159 MiB, 49140 MiB, 287.32 W, 300.00 W, 72, 1890 MHz
2026/09/23 16:01:32.981, 0, 98 %, 88 %, 6159 MiB, 49140 MiB, 289.34 W, 300.00 W, 74, 1935 MHz
2026/09/23 16:01:33.982, 0, 98 %, 81 %, 6159 MiB, 49140 MiB, 289.61 W, 300.00 W, 72, 1680 MHz
2026/09/23 16:01:34.986, 0, 96 %, 86 %, 6159 MiB, 49140 MiB, 288.78 W, 300.00 W, 73, 1800 MHz
2026/09/23 16:01:35.987, 0, 97 %, 82 %, 6159 MiB, 49140 MiB, 286.72 W, 300.00 W, 72, 1995 MHz
2026/09/23 16:01:36.987, 0, 98 %, 87 %, 6159 MiB, 49140 MiB, 289.26 W, 300.00 W, 74, 1995 MHz
2026/09/23 16:01:37.988, 0, 98 %, 83 %, 6159 MiB, 49140 MiB, 289.21 W, 300.00 W, 73, 1905 MHz
2026/09/23 16:01:38.988, 0, 98 %, 88 %, 6159 MiB, 49140 MiB, 289.69 W, 300.00 W, 72, 1770 MHz
2026/09/23 16:01:39.989, 0, 95 %, 84 %, 6159 MiB, 49140 MiB, 287.04 W, 300.00 W, 73, 2085 MHz
2026/09/23 16:01:40.990, 0, 98 %, 87 %, 6159 MiB, 49140 MiB, 288.56 W, 300.00 W, 72, 1755 MHz
2026/09/23 16:01:41.991, 0, 98 %, 88 %, 6159 MiB, 49140 MiB, 290.08 W, 300.00 W, 74, 1905 MHz
2026/09/23 16:01:42.992, 0, 98 %, 81 %, 6159 MiB, 49140 MiB, 288.86 W, 300.00 W, 72, 1650 MHz
2026/09/23 16:01:43.993, 0, 98 %, 88 %, 6159 MiB, 49140 MiB, 290.11 W, 300.00 W, 73, 1770 MHz
2026/09/23 16:01:44.994, 0, 96 %, 83 %, 6159 MiB, 49140 MiB, 288.15 W, 300.00 W, 72, 2100 MHz
2026/09/23 16:01:45.994, 0, 94 %, 84 %, 6159 MiB, 49140 MiB, 287.32 W, 300.00 W, 73, 1815 MHz
2026/09/23 16:01:46.995, 0, 98 %, 87 %, 6159 MiB, 49140 MiB, 290.03 W, 300.00 W, 73, 1905 MHz
2026/09/23 16:01:47.998, 0, 97 %, 80 %, 6159 MiB, 49140 MiB, 289.06 W, 300.00 W, 72, 1725 MHz
2026/09/23 16:01:48.998, 0, 98 %, 88 %, 6159 MiB, 49140 MiB, 289.23 W, 300.00 W, 73, 1770 MHz
2026/09/23 16:01:50.000, 0, 88 %, 64 %, 6159 MiB, 49140 MiB, 288.81 W, 300.00 W, 74, 1890 MHz
2026/09/23 16:01:51.001, 0, 25 %, 19 %, 6159 MiB, 49140 MiB, 281.84 W, 300.00 W, 72, 2640 MHz
2026/09/23 16:01:52.001, 0, 98 %, 90 %, 6159 MiB, 49140 MiB, 134.97 W, 300.00 W, 73, 1980 MHz
2026/09/23 16:01:53.002, 0, 98 %, 82 %, 6159 MiB, 49140 MiB, 290.76 W, 300.00 W, 71, 1620 MHz
2026/09/23 16:01:54.003, 0, 96 %, 85 %, 6159 MiB, 49140 MiB, 289.59 W, 300.00 W, 73, 1965 MHz
2026/09/23 16:01:55.004, 0, 97 %, 83 %, 6159 MiB, 49140 MiB, 285.11 W, 300.00 W, 72, 2025 MHz
2026/09/23 16:01:56.005, 0, 97 %, 86 %, 6159 MiB, 49140 MiB, 287.76 W, 300.00 W, 73, 1995 MHz
2026/09/23 16:01:57.007, 0, 98 %, 83 %, 6159 MiB, 49140 MiB, 288.92 W, 300.00 W, 73, 1920 MHz
2026/09/23 16:01:58.007, 0, 96 %, 86 %, 6159 MiB, 49140 MiB, 288.85 W, 300.00 W, 71, 1710 MHz
2026/09/23 16:01:59.009, 0, 91 %, 80 %, 6159 MiB, 49140 MiB, 286.02 W, 300.00 W, 72, 1950 MHz
2026/09/23 16:02:00.009, 0, 97 %, 83 %, 6159 MiB, 49140 MiB, 286.87 W, 300.00 W, 73, 1995 MHz
2026/09/23 16:02:01.011, 0, 98 %, 88 %, 6159 MiB, 49140 MiB, 288.60 W, 300.00 W, 74, 1980 MHz
2026/09/23 16:02:02.011, 0, 97 %, 80 %, 6159 MiB, 49140 MiB, 288.68 W, 300.00 W, 72, 1725 MHz
2026/09/23 16:02:03.013, 0, 97 %, 88 %, 6159 MiB, 49140 MiB, 289.23 W, 300.00 W, 73, 1785 MHz
2026/09/23 16:02:04.014, 0, 95 %, 83 %, 6159 MiB, 49140 MiB, 285.62 W, 300.00 W, 73, 2130 MHz
2026/09/23 16:02:05.015, 0, 97 %, 88 %, 6159 MiB, 49140 MiB, 288.18 W, 300.00 W, 73, 1890 MHz
2026/09/23 16:02:06.016, 0, 98 %, 88 %, 6159 MiB, 49140 MiB, 287.59 W, 300.00 W, 74, 1875 MHz
2026/09/23 16:02:07.016, 0, 98 %, 81 %, 6159 MiB, 49140 MiB, 288.43 W, 300.00 W, 72, 1635 MHz
2026/09/23 16:02:08.018, 0, 96 %, 86 %, 6159 MiB, 49140 MiB, 288.96 W, 300.00 W, 73, 1770 MHz
2026/09/23 16:02:09.018, 0, 96 %, 82 %, 6159 MiB, 49140 MiB, 286.94 W, 300.00 W, 72, 2055 MHz
2026/09/23 16:02:10.019, 0, 97 %, 87 %, 6159 MiB, 49140 MiB, 288.77 W, 300.00 W, 73, 1785 MHz
2026/09/23 16:02:11.021, 0, 98 %, 88 %, 6159 MiB, 49140 MiB, 287.91 W, 300.00 W, 74, 1875 MHz
2026/09/23 16:02:12.021, 0, 97 %, 80 %, 6159 MiB, 49140 MiB, 289.10 W, 300.00 W, 72, 1740 MHz
2026/09/23 16:02:13.023, 0, 98 %, 89 %, 6159 MiB, 49140 MiB, 288.36 W, 300.00 W, 73, 1785 MHz
2026/09/23 16:02:14.025, 0, 94 %, 84 %, 6159 MiB, 49140 MiB, 285.92 W, 300.00 W, 73, 1710 MHz
2026/09/23 16:02:15.026, 0, 91 %, 65 %, 6159 MiB, 49140 MiB, 294.17 W, 300.00 W, 74, 1635 MHz
2026/09/23 16:02:16.026, 0, 95 %, 85 %, 6159 MiB, 49140 MiB, 121.24 W, 300.00 W, 70, 2295 MHz
2026/09/23 16:02:17.027, 0, 96 %, 85 %, 6159 MiB, 49140 MiB, 287.73 W, 300.00 W, 73, 1995 MHz
2026/09/23 16:02:18.028, 0, 97 %, 82 %, 6159 MiB, 49140 MiB, 287.70 W, 300.00 W, 72, 1800 MHz
2026/09/23 16:02:19.030, 0, 98 %, 88 %, 6159 MiB, 49140 MiB, 289.25 W, 300.00 W, 71, 2145 MHz
2026/09/23 16:02:20.030, 0, 95 %, 84 %, 6159 MiB, 49140 MiB, 287.10 W, 300.00 W, 73, 1755 MHz
2026/09/23 16:02:21.032, 0, 97 %, 88 %, 6159 MiB, 49140 MiB, 287.20 W, 300.00 W, 72, 1935 MHz
2026/09/23 16:02:22.033, 0, 98 %, 88 %, 6159 MiB, 49140 MiB, 287.84 W, 300.00 W, 73, 1650 MHz
2026/09/23 16:02:23.034, 0, 97 %, 86 %, 6159 MiB, 49140 MiB, 289.75 W, 300.00 W, 73, 2085 MHz
2026/09/23 16:02:24.034, 0, 94 %, 84 %, 6159 MiB, 49140 MiB, 287.89 W, 300.00 W, 72, 1725 MHz
2026/09/23 16:02:25.035, 0, 98 %, 84 %, 6159 MiB, 49140 MiB, 287.22 W, 300.00 W, 73, 2085 MHz
2026/09/23 16:02:26.036, 0, 96 %, 86 %, 6159 MiB, 49140 MiB, 289.47 W, 300.00 W, 73, 1800 MHz
2026/09/23 16:02:27.036, 0, 97 %, 81 %, 6159 MiB, 49140 MiB, 288.96 W, 300.00 W, 72, 1785 MHz
2026/09/23 16:02:28.037, 0, 96 %, 86 %, 6159 MiB, 49140 MiB, 289.89 W, 300.00 W, 73, 2055 MHz
2026/09/23 16:02:29.039, 0, 96 %, 82 %, 6159 MiB, 49140 MiB, 286.46 W, 300.00 W, 73, 1980 MHz
2026/09/23 16:02:30.039, 0, 97 %, 87 %, 6159 MiB, 49140 MiB, 288.98 W, 300.00 W, 74, 2010 MHz
2026/09/23 16:02:31.041, 0, 98 %, 86 %, 6159 MiB, 49140 MiB, 289.24 W, 300.00 W, 72, 1710 MHz
2026/09/23 16:02:32.042, 0, 98 %, 82 %, 6159 MiB, 49140 MiB, 288.64 W, 300.00 W, 73, 1980 MHz
2026/09/23 16:02:33.042, 0, 95 %, 84 %, 6159 MiB, 49140 MiB, 288.66 W, 300.00 W, 72, 1950 MHz
2026/09/23 16:02:34.044, 0, 97 %, 83 %, 6159 MiB, 49140 MiB, 286.41 W, 300.00 W, 73, 2010 MHz
2026/09/23 16:02:35.045, 0, 98 %, 88 %, 6159 MiB, 49140 MiB, 289.39 W, 300.00 W, 73, 1740 MHz
2026/09/23 16:02:36.046, 0, 97 %, 81 %, 6159 MiB, 49140 MiB, 288.97 W, 300.00 W, 71, 1785 MHz
2026/09/23 16:02:37.047, 0, 98 %, 88 %, 6159 MiB, 49140 MiB, 289.74 W, 300.00 W, 73, 2115 MHz
2026/09/23 16:02:38.048, 0, 97 %, 83 %, 6159 MiB, 49140 MiB, 287.61 W, 300.00 W, 73, 1935 MHz
2026/09/23 16:02:39.048, 0, 91 %, 64 %, 6159 MiB, 49140 MiB, 292.52 W, 300.00 W, 74, 1725 MHz
2026/09/23 16:02:40.049, 0, 0 %, 0 %, 6159 MiB, 49140 MiB, 145.18 W, 300.00 W, 67, 2730 MHz
2026/09/23 16:02:41.050, 0, 97 %, 83 %, 6159 MiB, 49140 MiB, 250.00 W, 300.00 W, 72, 1800 MHz
2026/09/23 16:02:42.052, 0, 97 %, 87 %, 6159 MiB, 49140 MiB, 286.24 W, 300.00 W, 73, 1995 MHz
2026/09/23 16:02:43.053, 0, 97 %, 86 %, 6159 MiB, 49140 MiB, 289.31 W, 300.00 W, 73, 1650 MHz
2026/09/23 16:02:44.054, 0, 97 %, 80 %, 6159 MiB, 49140 MiB, 287.43 W, 300.00 W, 71, 1800 MHz
2026/09/23 16:02:45.054, 0, 92 %, 83 %, 6159 MiB, 49140 MiB, 287.73 W, 300.00 W, 73, 2040 MHz
2026/09/23 16:02:46.055, 0, 95 %, 84 %, 6159 MiB, 49140 MiB, 287.03 W, 300.00 W, 72, 1755 MHz
2026/09/23 16:02:47.056, 0, 98 %, 88 %, 6159 MiB, 49140 MiB, 287.14 W, 300.00 W, 74, 1965 MHz
2026/09/23 16:02:48.057, 0, 97 %, 87 %, 6159 MiB, 49140 MiB, 289.24 W, 300.00 W, 73, 1635 MHz
2026/09/23 16:02:49.058, 0, 98 %, 81 %, 6159 MiB, 49140 MiB, 289.69 W, 300.00 W, 72, 1905 MHz
2026/09/23 16:02:50.058, 0, 96 %, 85 %, 6159 MiB, 49140 MiB, 289.70 W, 300.00 W, 72, 1950 MHz
2026/09/23 16:02:51.059, 0, 98 %, 85 %, 6159 MiB, 49140 MiB, 287.60 W, 300.00 W, 73, 2070 MHz
2026/09/23 16:02:52.060, 0, 97 %, 88 %, 6159 MiB, 49140 MiB, 288.41 W, 300.00 W, 73, 1725 MHz
2026/09/23 16:02:53.061, 0, 98 %, 88 %, 6159 MiB, 49140 MiB, 285.69 W, 300.00 W, 72, 1695 MHz
2026/09/23 16:02:54.061, 0, 96 %, 87 %, 6159 MiB, 49140 MiB, 290.38 W, 300.00 W, 73, 2130 MHz
2026/09/23 16:02:55.062, 0, 94 %, 84 %, 6159 MiB, 49140 MiB, 286.59 W, 300.00 W, 72, 1935 MHz
2026/09/23 16:02:56.063, 0, 96 %, 83 %, 6159 MiB, 49140 MiB, 284.97 W, 300.00 W, 73, 1965 MHz
2026/09/23 16:02:57.065, 0, 98 %, 88 %, 6159 MiB, 49140 MiB, 288.41 W, 300.00 W, 74, 1980 MHz
2026/09/23 16:02:58.067, 0, 98 %, 85 %, 6159 MiB, 49140 MiB, 288.55 W, 300.00 W, 72, 1710 MHz
2026/09/23 16:02:59.067, 0, 97 %, 88 %, 6159 MiB, 49140 MiB, 289.66 W, 300.00 W, 73, 2160 MHz
2026/09/23 16:03:00.069, 0, 95 %, 83 %, 6159 MiB, 49140 MiB, 285.97 W, 300.00 W, 72, 1770 MHz
2026/09/23 16:03:01.069, 0, 97 %, 87 %, 6159 MiB, 49140 MiB, 287.51 W, 300.00 W, 74, 1980 MHz
2026/09/23 16:03:02.070, 0, 98 %, 87 %, 6159 MiB, 49140 MiB, 288.80 W, 300.00 W, 73, 1920 MHz
2026/09/23 16:03:03.071, 0, 92 %, 64 %, 6159 MiB, 49140 MiB, 295.15 W, 300.00 W, 75, 1665 MHz
2026/09/23 16:03:04.072, 0, 0 %, 0 %, 6159 MiB, 49140 MiB, 184.85 W, 300.00 W, 67, 2730 MHz
2026/09/23 16:03:05.072, 0, 0 %, 0 %, 1797 MiB, 49140 MiB, 87.35 W, 300.00 W, 66, 2730 MHz
2026/09/23 16:03:06.073, 0, 0 %, 0 %, 1799 MiB, 49140 MiB, 76.85 W, 300.00 W, 65, 2505 MHz
2026/09/23 16:03:07.074, 0, 0 %, 0 %, 1799 MiB, 49140 MiB, 70.45 W, 300.00 W, 64, 2505 MHz
2026/09/23 16:03:08.074, 0, 1 %, 0 %, 1799 MiB, 49140 MiB, 71.69 W, 300.00 W, 64, 2505 MHz
2026/09/23 16:03:09.076, 0, 16 %, 3 %, 1799 MiB, 49140 MiB, 75.65 W, 300.00 W, 64, 2505 MHz
2026/09/23 16:03:10.076, 0, 0 %, 0 %, 1799 MiB, 49140 MiB, 73.55 W, 300.00 W, 63, 2505 MHz
2026/09/23 16:03:11.078, 0, 0 %, 0 %, 1799 MiB, 49140 MiB, 126.48 W, 300.00 W, 64, 2745 MHz
2026/09/23 16:03:12.079, 0, 32 %, 13 %, 1799 MiB, 49140 MiB, 182.04 W, 300.00 W, 65, 2745 MHz
2026/09/23 16:03:13.080, 0, 49 %, 20 %, 1799 MiB, 49140 MiB, 197.63 W, 300.00 W, 66, 2565 MHz
2026/09/23 16:03:14.083, 0, 0 %, 0 %, 1799 MiB, 49140 MiB, 120.36 W, 300.00 W, 62, 2565 MHz
2026/09/23 16:03:15.083, 0, 0 %, 0 %, 1799 MiB, 49140 MiB, 84.52 W, 300.00 W, 62, 2565 MHz
2026/09/23 16:03:16.084, 0, 0 %, 0 %, 1799 MiB, 49140 MiB, 68.93 W, 300.00 W, 61, 2505 MHz
2026/09/23 16:03:17.084, 0, 0 %, 0 %, 1799 MiB, 49140 MiB, 68.05 W, 300.00 W, 61, 2505 MHz
2026/09/23 16:03:18.085, 0, 0 %, 0 %, 1799 MiB, 49140 MiB, 67.26 W, 300.00 W, 60, 2505 MHz
2026/09/23 16:03:19.089, 0, 0 %, 0 %, 1799 MiB, 49140 MiB, 66.97 W, 300.00 W, 60, 2505 MHz
2026/09/23 16:03:20.089, 0, 0 %, 0 %, 0 MiB, 49140 MiB, 66.87 W, 300.00 W, 59, 2505 MHz
2026/09/23 16:03:21.090, 0, 0 %, 0 %, 0 MiB, 49140 MiB, 68.20 W, 300.00 W, 59, 2505 MHz
2026/09/23 16:03:22.090, 0, 0 %, 0 %, 0 MiB, 49140 MiB, 68.23 W, 300.00 W, 58, 2505 MHz
2026/09/23 16:03:23.091, 0, 0 %, 0 %, 0 MiB, 49140 MiB, 52.17 W, 300.00 W, 57, 735 MHz
2026/09/23 16:03:24.091, 0, 0 %, 0 %, 0 MiB, 49140 MiB, 42.68 W, 300.00 W, 57, 465 MHz
2026/09/23 16:03:25.092, 0, 0 %, 0 %, 0 MiB, 49140 MiB, 32.38 W, 300.00 W, 57, 285 MHz
2026/09/23 16:03:26.092, 0, 0 %, 0 %, 0 MiB, 49140 MiB, 29.06 W, 300.00 W, 56, 210 MHz
2026/09/23 16:03:27.093, 0, 0 %, 0 %, 0 MiB, 49140 MiB, 27.99 W, 300.00 W, 56, 210 MHz
2026/09/23 16:03:28.093, 0, 0 %, 0 %, 0 MiB, 49140 MiB, 27.82 W, 300.00 W, 55, 210 MHz
2026/09/23 16:03:29.095, 0, 0 %, 0 %, 0 MiB, 49140 MiB, 27.71 W, 300.00 W, 55, 210 MHz
2026/09/23 16:03:30.095, 0, 0 %, 0 %, 0 MiB, 49140 MiB, 27.64 W, 300.00 W, 55, 210 MHz
2026/09/23 16:03:31.096, 0, 0 %, 0 %, 435 MiB, 49140 MiB, 27.49 W, 300.00 W, 54, 210 MHz
2026/09/23 16:03:32.096, 0, 17 %, 9 %, 803 MiB, 49140 MiB, 45.69 W, 300.00 W, 56, 2505 MHz
2026/09/23 16:03:33.097, 0, 25 %, 8 %, 715 MiB, 49140 MiB, 82.28 W, 300.00 W, 56, 2505 MHz
2026/09/23 16:03:34.097, 0, 52 %, 11 %, 715 MiB, 49140 MiB, 138.17 W, 300.00 W, 59, 2745 MHz
2026/09/23 16:03:35.098, 0, 54 %, 11 %, 715 MiB, 49140 MiB, 155.28 W, 300.00 W, 59, 2745 MHz
2026/09/23 16:03:36.098, 0, 60 %, 21 %, 1161 MiB, 49140 MiB, 151.11 W, 300.00 W, 58, 2745 MHz
2026/09/23 16:03:37.099, 0, 59 %, 21 %, 715 MiB, 49140 MiB, 165.00 W, 300.00 W, 58, 2745 MHz
2026/09/23 16:03:38.099, 0, 54 %, 16 %, 715 MiB, 49140 MiB, 176.22 W, 300.00 W, 60, 2745 MHz
2026/09/23 16:03:39.100, 0, 50 %, 12 %, 1161 MiB, 49140 MiB, 156.37 W, 300.00 W, 62, 2655 MHz
2026/09/23 16:03:40.100, 0, 56 %, 16 %, 1161 MiB, 49140 MiB, 165.93 W, 300.00 W, 61, 2655 MHz
2026/09/23 16:03:41.101, 0, 54 %, 15 %, 715 MiB, 49140 MiB, 175.32 W, 300.00 W, 59, 2745 MHz
2026/09/23 16:03:42.101, 0, 60 %, 20 %, 715 MiB, 49140 MiB, 173.71 W, 300.00 W, 59, 2745 MHz
2026/09/23 16:03:43.102, 0, 55 %, 19 %, 715 MiB, 49140 MiB, 168.32 W, 300.00 W, 59, 2745 MHz
2026/09/23 16:03:44.102, 0, 53 %, 11 %, 715 MiB, 49140 MiB, 151.91 W, 300.00 W, 61, 2685 MHz
2026/09/23 16:03:45.103, 0, 0 %, 0 %, 715 MiB, 49140 MiB, 118.89 W, 300.00 W, 57, 2745 MHz
2026/09/23 16:03:46.103, 0, 0 %, 0 %, 0 MiB, 49140 MiB, 78.30 W, 300.00 W, 57, 2745 MHz
