timestamp, index, utilization.gpu [%], utilization.memory [%], memory.used [MiB], memory.total [MiB], power.draw [W], power.limit [W], temperature.gpu, clocks.current.sm [MHz]
2026/09/23 02:29:01.176, 0, 0 %, 0 %, 0 MiB, 49140 MiB, 75.45 W, 300.00 W, 55, 2505 MHz
2026/09/23 02:29:02.181, 0, 0 %, 0 %, 0 MiB, 49140 MiB, 67.18 W, 300.00 W, 55, 2505 MHz
2026/09/23 02:29:03.181, 0, 0 %, 0 %, 0 MiB, 49140 MiB, 56.28 W, 300.00 W, 55, 2505 MHz
2026/09/23 02:29:04.182, 0, 0 %, 0 %, 0 MiB, 49140 MiB, 45.10 W, 300.00 W, 54, 600 MHz
2026/09/23 02:29:05.182, 0, 0 %, 0 %, 633 MiB, 49140 MiB, 29.24 W, 300.00 W, 53, 225 MHz
2026/09/23 02:29:06.183, 0, 0 %, 0 %, 633 MiB, 49140 MiB, 52.85 W, 300.00 W, 53, 2505 MHz
2026/09/23 02:29:07.183, 0, 0 %, 0 %, 633 MiB, 49140 MiB, 60.47 W, 300.00 W, 53, 2505 MHz
2026/09/23 02:29:08.184, 0, 0 %, 0 %, 633 MiB, 49140 MiB, 61.30 W, 300.00 W, 53, 2505 MHz
2026/09/23 02:29:09.189, 0, 0 %, 0 %, 633 MiB, 49140 MiB, 61.18 W, 300.00 W, 53, 2505 MHz
2026/09/23 02:29:10.189, 0, 0 %, 0 %, 633 MiB, 49140 MiB, 61.17 W, 300.00 W, 53, 2505 MHz
2026/09/23 02:29:11.190, 0, 0 %, 0 %, 635 MiB, 49140 MiB, 61.24 W, 300.00 W, 53, 2505 MHz
2026/09/23 02:29:12.190, 0, 0 %, 0 %, 1347 MiB, 49140 MiB, 67.96 W, 300.00 W, 53, 2505 MHz
2026/09/23 02:29:13.191, 0, 3 %, 0 %, 2701 MiB, 49140 MiB, 91.28 W, 300.00 W, 54, 2610 MHz
2026/09/23 02:29:14.191, 0, 0 %, 0 %, 2709 MiB, 49140 MiB, 97.31 W, 300.00 W, 53, 2745 MHz
2026/09/23 02:29:15.191, 0, 0 %, 0 %, 2879 MiB, 49140 MiB, 84.91 W, 300.00 W, 53, 2745 MHz
2026/09/23 02:29:16.192, 0, 0 %, 0 %, 3007 MiB, 49140 MiB, 79.33 W, 300.00 W, 53, 2745 MHz
2026/09/23 02:29:17.192, 0, 0 %, 0 %, 2585 MiB, 49140 MiB, 93.48 W, 300.00 W, 56, 2745 MHz
2026/09/23 02:29:18.193, 0, 0 %, 0 %, 2543 MiB, 49140 MiB, 84.82 W, 300.00 W, 53, 2505 MHz
2026/09/23 02:29:19.193, 0, 0 %, 0 %, 2609 MiB, 49140 MiB, 70.12 W, 300.00 W, 52, 2505 MHz
2026/09/23 02:29:20.194, 0, 0 %, 0 %, 2481 MiB, 49140 MiB, 82.10 W, 300.00 W, 53, 2745 MHz
2026/09/23 02:29:21.194, 0, 0 %, 0 %, 2481 MiB, 49140 MiB, 85.48 W, 300.00 W, 53, 2505 MHz
2026/09/23 02:29:22.195, 0, 0 %, 0 %, 2545 MiB, 49140 MiB, 65.73 W, 300.00 W, 52, 2505 MHz
2026/09/23 02:29:23.195, 0, 0 %, 0 %, 2439 MiB, 49140 MiB, 64.68 W, 300.00 W, 52, 2505 MHz
2026/09/23 02:29:24.196, 0, 0 %, 0 %, 2439 MiB, 49140 MiB, 61.86 W, 300.00 W, 52, 2505 MHz
2026/09/23 02:29:25.196, 0, 0 %, 0 %, 2383 MiB, 49140 MiB, 64.35 W, 300.00 W, 52, 2505 MHz
2026/09/23 02:29:26.197, 0, 0 %, 0 %, 2409 MiB, 49140 MiB, 63.68 W, 300.00 W, 52, 2505 MHz
2026/09/23 02:29:27.197, 0, 0 %, 0 %, 2429 MiB, 49140 MiB, 61.81 W, 300.00 W, 51, 2505 MHz
2026/09/23 02:29:28.198, 0, 0 %, 0 %, 2383 MiB, 49140 MiB, 63.76 W, 300.00 W, 51, 2505 MHz
2026/09/23 02:29:29.198, 0, 0 %, 0 %, 2383 MiB, 49140 MiB, 62.69 W, 300.00 W, 51, 2505 MHz
2026/09/23 02:29:30.199, 0, 0 %, 0 %, 2383 MiB, 49140 MiB, 61.51 W, 300.00 W, 51, 2505 MHz
2026/09/23 02:29:31.199, 0, 4 %, 0 %, 2363 MiB, 49140 MiB, 60.95 W, 300.00 W, 51, 2505 MHz
2026/09/23 02:29:32.199, 0, 0 %, 0 %, 2363 MiB, 49140 MiB, 61.34 W, 300.00 W, 51, 2505 MHz
2026/09/23 02:29:33.200, 0, 0 %, 0 %, 2355 MiB, 49140 MiB, 60.24 W, 300.00 W, 51, 2505 MHz
2026/09/23 02:29:34.200, 0, 15 %, 1 %, 2451 MiB, 49140 MiB, 66.06 W, 300.00 W, 51, 2505 MHz
2026/09/23 02:29:35.201, 0, 0 %, 0 %, 2797 MiB, 49140 MiB, 70.86 W, 300.00 W, 51, 2505 MHz
2026/09/23 02:29:36.202, 0, 0 %, 0 %, 3539 MiB, 49140 MiB, 125.25 W, 300.00 W, 56, 2505 MHz
2026/09/23 02:29:37.202, 0, 87 %, 75 %, 3539 MiB, 49140 MiB, 264.87 W, 300.00 W, 58, 2535 MHz
2026/09/23 02:29:38.203, 0, 88 %, 79 %, 3539 MiB, 49140 MiB, 260.10 W, 300.00 W, 57, 2445 MHz
2026/09/23 02:29:39.203, 0, 82 %, 72 %, 3539 MiB, 49140 MiB, 260.69 W, 300.00 W, 58, 2310 MHz
2026/09/23 02:29:40.204, 0, 92 %, 80 %, 3539 MiB, 49140 MiB, 270.89 W, 300.00 W, 59, 2670 MHz
2026/09/23 02:29:41.206, 0, 92 %, 79 %, 3539 MiB, 49140 MiB, 277.93 W, 300.00 W, 60, 2475 MHz
2026/09/23 02:29:42.206, 0, 85 %, 76 %, 3539 MiB, 49140 MiB, 278.66 W, 300.00 W, 61, 2460 MHz
2026/09/23 02:29:43.208, 0, 91 %, 79 %, 3539 MiB, 49140 MiB, 278.58 W, 300.00 W, 60, 2430 MHz
2026/09/23 02:29:44.209, 0, 93 %, 83 %, 3539 MiB, 49140 MiB, 278.72 W, 300.00 W, 62, 2565 MHz
2026/09/23 02:29:45.210, 0, 87 %, 77 %, 3539 MiB, 49140 MiB, 277.95 W, 300.00 W, 63, 2520 MHz
2026/09/23 02:29:46.211, 0, 90 %, 79 %, 3539 MiB, 49140 MiB, 278.03 W, 300.00 W, 63, 2565 MHz
2026/09/23 02:29:47.211, 0, 90 %, 81 %, 3539 MiB, 49140 MiB, 277.68 W, 300.00 W, 63, 2535 MHz
2026/09/23 02:29:48.212, 0, 0 %, 0 %, 3539 MiB, 49140 MiB, 165.24 W, 300.00 W, 57, 2745 MHz
2026/09/23 02:29:49.212, 0, 0 %, 0 %, 1561 MiB, 49140 MiB, 90.36 W, 300.00 W, 57, 2745 MHz
2026/09/23 02:29:50.212, 0, 25 %, 9 %, 1667 MiB, 49140 MiB, 132.67 W, 300.00 W, 61, 2670 MHz
2026/09/23 02:29:51.213, 0, 9 %, 0 %, 1667 MiB, 49140 MiB, 151.83 W, 300.00 W, 56, 2745 MHz
2026/09/23 02:29:52.213, 0, 0 %, 0 %, 3579 MiB, 49140 MiB, 98.43 W, 300.00 W, 61, 2295 MHz
2026/09/23 02:29:53.214, 0, 90 %, 79 %, 3579 MiB, 49140 MiB, 276.70 W, 300.00 W, 61, 2370 MHz
2026/09/23 02:29:54.215, 0, 92 %, 80 %, 3579 MiB, 49140 MiB, 274.53 W, 300.00 W, 62, 2400 MHz
2026/09/23 02:29:55.216, 0, 90 %, 78 %, 3579 MiB, 49140 MiB, 276.18 W, 300.00 W, 64, 2430 MHz
2026/09/23 02:29:56.217, 0, 90 %, 79 %, 3579 MiB, 49140 MiB, 276.49 W, 300.00 W, 62, 2295 MHz
2026/09/23 02:29:57.219, 0, 91 %, 81 %, 3579 MiB, 49140 MiB, 275.37 W, 300.00 W, 64, 2520 MHz
2026/09/23 02:29:58.219, 0, 86 %, 77 %, 3579 MiB, 49140 MiB, 275.39 W, 300.00 W, 64, 2430 MHz
2026/09/23 02:29:59.220, 0, 91 %, 78 %, 3579 MiB, 49140 MiB, 277.40 W, 300.00 W, 64, 2475 MHz
2026/09/23 02:30:00.221, 0, 93 %, 84 %, 3579 MiB, 49140 MiB, 278.17 W, 300.00 W, 66, 2490 MHz
2026/09/23 02:30:01.222, 0, 93 %, 81 %, 3579 MiB, 49140 MiB, 278.70 W, 300.00 W, 65, 2340 MHz
2026/09/23 02:30:02.223, 0, 93 %, 83 %, 3579 MiB, 49140 MiB, 277.11 W, 300.00 W, 65, 2370 MHz
2026/09/23 02:30:03.224, 0, 87 %, 77 %, 3579 MiB, 49140 MiB, 277.18 W, 300.00 W, 66, 2430 MHz
2026/09/23 02:30:04.224, 0, 65 %, 42 %, 3579 MiB, 49140 MiB, 241.91 W, 300.00 W, 61, 2745 MHz
2026/09/23 02:30:05.225, 0, 0 %, 0 %, 3579 MiB, 49140 MiB, 132.04 W, 300.00 W, 64, 2355 MHz
2026/09/23 02:30:06.225, 0, 89 %, 78 %, 3579 MiB, 49140 MiB, 277.98 W, 300.00 W, 65, 2520 MHz
2026/09/23 02:30:07.226, 0, 84 %, 74 %, 3579 MiB, 49140 MiB, 279.52 W, 300.00 W, 65, 2460 MHz
2026/09/23 02:30:08.227, 0, 86 %, 73 %, 3579 MiB, 49140 MiB, 277.56 W, 300.00 W, 66, 2460 MHz
2026/09/23 02:30:09.227, 0, 92 %, 80 %, 3579 MiB, 49140 MiB, 278.73 W, 300.00 W, 67, 2370 MHz
2026/09/23 02:30:10.229, 0, 88 %, 79 %, 3579 MiB, 49140 MiB, 281.08 W, 300.00 W, 68, 2400 MHz
2026/09/23 02:30:11.230, 0, 91 %, 81 %, 3579 MiB, 49140 MiB, 279.96 W, 300.00 W, 68, 2280 MHz
2026/09/23 02:30:12.231, 0, 91 %, 79 %, 3579 MiB, 49140 MiB, 278.80 W, 300.00 W, 67, 2520 MHz
2026/09/23 02:30:13.232, 0, 88 %, 77 %, 3579 MiB, 49140 MiB, 277.29 W, 300.00 W, 68, 2415 MHz
2026/09/23 02:30:14.234, 0, 90 %, 78 %, 3579 MiB, 49140 MiB, 278.00 W, 300.00 W, 67, 2490 MHz
2026/09/23 02:30:15.236, 0, 90 %, 79 %, 3579 MiB, 49140 MiB, 278.62 W, 300.00 W, 67, 2505 MHz
2026/09/23 02:30:16.236, 0, 92 %, 82 %, 3579 MiB, 49140 MiB, 279.26 W, 300.00 W, 67, 2490 MHz
2026/09/23 02:30:17.237, 0, 69 %, 44 %, 3579 MiB, 49140 MiB, 203.49 W, 300.00 W, 62, 2745 MHz
2026/09/23 02:30:18.237, 0, 37 %, 32 %, 3579 MiB, 49140 MiB, 181.79 W, 300.00 W, 69, 2355 MHz
2026/09/23 02:30:19.238, 0, 92 %, 80 %, 3579 MiB, 49140 MiB, 280.67 W, 300.00 W, 67, 2490 MHz
2026/09/23 02:30:20.239, 0, 88 %, 77 %, 3579 MiB, 49140 MiB, 280.20 W, 300.00 W, 68, 2430 MHz
2026/09/23 02:30:21.240, 0, 87 %, 77 %, 3579 MiB, 49140 MiB, 279.94 W, 300.00 W, 68, 2340 MHz
2026/09/23 02:30:22.241, 0, 91 %, 80 %, 3579 MiB, 49140 MiB, 282.17 W, 300.00 W, 69, 2205 MHz
2026/09/23 02:30:23.242, 0, 84 %, 75 %, 3579 MiB, 49140 MiB, 281.42 W, 300.00 W, 68, 2370 MHz
2026/09/23 02:30:24.243, 0, 90 %, 80 %, 3579 MiB, 49140 MiB, 280.39 W, 300.00 W, 67, 2520 MHz
2026/09/23 02:30:25.244, 0, 86 %, 76 %, 3579 MiB, 49140 MiB, 281.02 W, 300.00 W, 68, 2415 MHz
2026/09/23 02:30:26.244, 0, 92 %, 82 %, 3579 MiB, 49140 MiB, 281.19 W, 300.00 W, 69, 2475 MHz
2026/09/23 02:30:27.245, 0, 95 %, 82 %, 3579 MiB, 49140 MiB, 282.25 W, 300.00 W, 69, 2475 MHz
2026/09/23 02:30:28.246, 0, 92 %, 78 %, 3579 MiB, 49140 MiB, 280.20 W, 300.00 W, 69, 2460 MHz
2026/09/23 02:30:29.247, 0, 91 %, 81 %, 3579 MiB, 49140 MiB, 278.99 W, 300.00 W, 69, 2580 MHz
2026/09/23 02:30:30.247, 0, 38 %, 24 %, 3579 MiB, 49140 MiB, 176.19 W, 300.00 W, 64, 2745 MHz
2026/09/23 02:30:31.248, 0, 92 %, 82 %, 3579 MiB, 49140 MiB, 205.89 W, 300.00 W, 69, 2400 MHz
2026/09/23 02:30:32.249, 0, 90 %, 80 %, 3579 MiB, 49140 MiB, 276.77 W, 300.00 W, 68, 2415 MHz
2026/09/23 02:30:33.250, 0, 94 %, 82 %, 3579 MiB, 49140 MiB, 277.64 W, 300.00 W, 68, 2460 MHz
2026/09/23 02:30:34.252, 0, 90 %, 78 %, 3579 MiB, 49140 MiB, 277.77 W, 300.00 W, 69, 2325 MHz
2026/09/23 02:30:35.252, 0, 94 %, 81 %, 3579 MiB, 49140 MiB, 282.47 W, 300.00 W, 69, 2385 MHz
2026/09/23 02:30:36.253, 0, 95 %, 82 %, 3579 MiB, 49140 MiB, 282.54 W, 300.00 W, 69, 2445 MHz
2026/09/23 02:30:37.255, 0, 94 %, 81 %, 3579 MiB, 49140 MiB, 280.95 W, 300.00 W, 70, 2370 MHz
2026/09/23 02:30:38.257, 0, 93 %, 81 %, 3579 MiB, 49140 MiB, 282.79 W, 300.00 W, 69, 2490 MHz
2026/09/23 02:30:39.258, 0, 89 %, 76 %, 3579 MiB, 49140 MiB, 281.54 W, 300.00 W, 69, 2460 MHz
2026/09/23 02:30:40.259, 0, 87 %, 78 %, 3579 MiB, 49140 MiB, 281.47 W, 300.00 W, 70, 2475 MHz
2026/09/23 02:30:41.259, 0, 92 %, 80 %, 3579 MiB, 49140 MiB, 281.20 W, 300.00 W, 69, 2505 MHz
2026/09/23 02:30:42.260, 0, 92 %, 80 %, 3579 MiB, 49140 MiB, 276.81 W, 300.00 W, 70, 2535 MHz
2026/09/23 02:30:43.260, 0, 0 %, 0 %, 3579 MiB, 49140 MiB, 137.44 W, 300.00 W, 64, 2745 MHz
2026/09/23 02:30:44.261, 0, 86 %, 75 %, 3579 MiB, 49140 MiB, 228.41 W, 300.00 W, 70, 2430 MHz
2026/09/23 02:30:45.262, 0, 93 %, 80 %, 3579 MiB, 49140 MiB, 276.35 W, 300.00 W, 69, 2400 MHz
2026/09/23 02:30:46.263, 0, 94 %, 82 %, 3579 MiB, 49140 MiB, 280.01 W, 300.00 W, 69, 2400 MHz
2026/09/23 02:30:47.264, 0, 89 %, 76 %, 3579 MiB, 49140 MiB, 278.67 W, 300.00 W, 69, 2355 MHz
2026/09/23 02:30:48.265, 0, 94 %, 82 %, 3579 MiB, 49140 MiB, 279.97 W, 300.00 W, 70, 2415 MHz
2026/09/23 02:30:49.266, 0, 93 %, 81 %, 3579 MiB, 49140 MiB, 280.65 W, 300.00 W, 70, 2235 MHz
2026/09/23 02:30:50.267, 0, 88 %, 77 %, 3579 MiB, 49140 MiB, 279.37 W, 300.00 W, 70, 2160 MHz
2026/09/23 02:30:51.268, 0, 91 %, 81 %, 3579 MiB, 49140 MiB, 281.21 W, 300.00 W, 70, 2460 MHz
2026/09/23 02:30:52.269, 0, 87 %, 76 %, 3579 MiB, 49140 MiB, 276.82 W, 300.00 W, 70, 2265 MHz
2026/09/23 02:30:53.270, 0, 87 %, 78 %, 3579 MiB, 49140 MiB, 278.29 W, 300.00 W, 70, 2400 MHz
2026/09/23 02:30:54.271, 0, 92 %, 80 %, 3579 MiB, 49140 MiB, 279.87 W, 300.00 W, 71, 2445 MHz
2026/09/23 02:30:55.271, 0, 87 %, 78 %, 3579 MiB, 49140 MiB, 272.25 W, 300.00 W, 71, 2475 MHz
2026/09/23 02:30:56.272, 0, 0 %, 0 %, 3579 MiB, 49140 MiB, 133.98 W, 300.00 W, 69, 2370 MHz
2026/09/23 02:30:57.273, 0, 85 %, 74 %, 3579 MiB, 49140 MiB, 272.67 W, 300.00 W, 70, 2445 MHz
2026/09/23 02:30:58.274, 0, 89 %, 77 %, 3579 MiB, 49140 MiB, 278.80 W, 300.00 W, 70, 2460 MHz
2026/09/23 02:30:59.276, 0, 90 %, 77 %, 3579 MiB, 49140 MiB, 276.27 W, 300.00 W, 71, 2175 MHz
2026/09/23 02:31:00.277, 0, 89 %, 79 %, 3579 MiB, 49140 MiB, 279.09 W, 300.00 W, 69, 2460 MHz
2026/09/23 02:31:01.278, 0, 90 %, 79 %, 3579 MiB, 49140 MiB, 279.45 W, 300.00 W, 71, 2505 MHz
2026/09/23 02:31:02.279, 0, 93 %, 83 %, 3579 MiB, 49140 MiB, 275.78 W, 300.00 W, 71, 2370 MHz
2026/09/23 02:31:03.280, 0, 87 %, 77 %, 3579 MiB, 49140 MiB, 276.23 W, 300.00 W, 70, 2430 MHz
2026/09/23 02:31:04.280, 0, 89 %, 75 %, 3579 MiB, 49140 MiB, 278.48 W, 300.00 W, 70, 2400 MHz
2026/09/23 02:31:05.281, 0, 92 %, 80 %, 3579 MiB, 49140 MiB, 280.33 W, 300.00 W, 70, 2490 MHz
2026/09/23 02:31:06.282, 0, 92 %, 79 %, 3579 MiB, 49140 MiB, 281.09 W, 300.00 W, 70, 2400 MHz
2026/09/23 02:31:07.282, 0, 89 %, 76 %, 3579 MiB, 49140 MiB, 278.80 W, 300.00 W, 72, 2535 MHz
2026/09/23 02:31:08.283, 0, 78 %, 52 %, 3579 MiB, 49140 MiB, 269.93 W, 300.00 W, 69, 2745 MHz
2026/09/23 02:31:09.284, 0, 0 %, 0 %, 3579 MiB, 49140 MiB, 131.70 W, 300.00 W, 69, 2370 MHz
2026/09/23 02:31:10.285, 0, 91 %, 79 %, 3579 MiB, 49140 MiB, 276.61 W, 300.00 W, 71, 2415 MHz
2026/09/23 02:31:11.285, 0, 88 %, 76 %, 3579 MiB, 49140 MiB, 279.69 W, 300.00 W, 72, 2370 MHz
2026/09/23 02:31:12.286, 0, 88 %, 79 %, 3579 MiB, 49140 MiB, 278.74 W, 300.00 W, 70, 2490 MHz
2026/09/23 02:31:13.287, 0, 92 %, 81 %, 3579 MiB, 49140 MiB, 280.11 W, 300.00 W, 71, 2430 MHz
2026/09/23 02:31:14.288, 0, 89 %, 76 %, 3579 MiB, 49140 MiB, 278.30 W, 300.00 W, 71, 2475 MHz
2026/09/23 02:31:15.289, 0, 88 %, 78 %, 3579 MiB, 49140 MiB, 278.90 W, 300.00 W, 72, 2475 MHz
2026/09/23 02:31:16.289, 0, 91 %, 81 %, 3579 MiB, 49140 MiB, 281.27 W, 300.00 W, 72, 2385 MHz
2026/09/23 02:31:17.290, 0, 91 %, 82 %, 3579 MiB, 49140 MiB, 280.39 W, 300.00 W, 72, 2400 MHz
2026/09/23 02:31:18.291, 0, 93 %, 81 %, 3579 MiB, 49140 MiB, 281.80 W, 300.00 W, 70, 2235 MHz
2026/09/23 02:31:19.292, 0, 86 %, 74 %, 3579 MiB, 49140 MiB, 278.46 W, 300.00 W, 71, 2475 MHz
2026/09/23 02:31:20.292, 0, 72 %, 46 %, 3579 MiB, 49140 MiB, 275.79 W, 300.00 W, 70, 2595 MHz
2026/09/23 02:31:21.293, 0, 0 %, 0 %, 3579 MiB, 49140 MiB, 155.46 W, 300.00 W, 65, 2745 MHz
2026/09/23 02:31:22.293, 0, 94 %, 82 %, 3579 MiB, 49140 MiB, 235.44 W, 300.00 W, 69, 2475 MHz
2026/09/23 02:31:23.295, 0, 92 %, 83 %, 3579 MiB, 49140 MiB, 283.62 W, 300.00 W, 71, 2175 MHz
2026/09/23 02:31:24.296, 0, 94 %, 80 %, 3579 MiB, 49140 MiB, 284.36 W, 300.00 W, 70, 2430 MHz
2026/09/23 02:31:25.297, 0, 89 %, 76 %, 3579 MiB, 49140 MiB, 282.18 W, 300.00 W, 70, 2385 MHz
2026/09/23 02:31:26.297, 0, 89 %, 79 %, 3579 MiB, 49140 MiB, 283.29 W, 300.00 W, 70, 2370 MHz
2026/09/23 02:31:27.298, 0, 90 %, 80 %, 3579 MiB, 49140 MiB, 282.73 W, 300.00 W, 71, 2265 MHz
2026/09/23 02:31:28.300, 0, 93 %, 79 %, 3579 MiB, 49140 MiB, 282.45 W, 300.00 W, 71, 2400 MHz
2026/09/23 02:31:29.301, 0, 95 %, 81 %, 3579 MiB, 49140 MiB, 283.49 W, 300.00 W, 71, 2460 MHz
2026/09/23 02:31:30.301, 0, 94 %, 81 %, 3579 MiB, 49140 MiB, 284.67 W, 300.00 W, 71, 2505 MHz
2026/09/23 02:31:31.302, 0, 91 %, 79 %, 3579 MiB, 49140 MiB, 284.05 W, 300.00 W, 72, 2460 MHz
2026/09/23 02:31:32.303, 0, 90 %, 80 %, 3579 MiB, 49140 MiB, 281.83 W, 300.00 W, 73, 2430 MHz
2026/09/23 02:31:33.304, 0, 62 %, 40 %, 3579 MiB, 49140 MiB, 274.55 W, 300.00 W, 72, 2595 MHz
2026/09/23 02:31:34.304, 0, 39 %, 35 %, 3579 MiB, 49140 MiB, 125.95 W, 300.00 W, 71, 2355 MHz
2026/09/23 02:31:35.305, 0, 91 %, 80 %, 3579 MiB, 49140 MiB, 269.09 W, 300.00 W, 71, 2400 MHz
2026/09/23 02:31:36.306, 0, 87 %, 77 %, 3579 MiB, 49140 MiB, 276.87 W, 300.00 W, 72, 2415 MHz
2026/09/23 02:31:37.307, 0, 92 %, 82 %, 3579 MiB, 49140 MiB, 277.79 W, 300.00 W, 72, 2340 MHz
2026/09/23 02:31:38.308, 0, 89 %, 79 %, 3579 MiB, 49140 MiB, 276.64 W, 300.00 W, 71, 2505 MHz
2026/09/23 02:31:39.308, 0, 89 %, 77 %, 3579 MiB, 49140 MiB, 276.22 W, 300.00 W, 71, 2490 MHz
2026/09/23 02:31:40.309, 0, 92 %, 81 %, 3579 MiB, 49140 MiB, 278.13 W, 300.00 W, 72, 2235 MHz
2026/09/23 02:31:41.311, 0, 88 %, 76 %, 3579 MiB, 49140 MiB, 278.27 W, 300.00 W, 72, 2535 MHz
2026/09/23 02:31:42.312, 0, 87 %, 75 %, 3579 MiB, 49140 MiB, 277.60 W, 300.00 W, 72, 2505 MHz
2026/09/23 02:31:43.313, 0, 84 %, 74 %, 3579 MiB, 49140 MiB, 277.66 W, 300.00 W, 71, 2490 MHz
2026/09/23 02:31:44.314, 0, 90 %, 78 %, 3579 MiB, 49140 MiB, 276.88 W, 300.00 W, 70, 2370 MHz
2026/09/23 02:31:45.315, 0, 93 %, 80 %, 3579 MiB, 49140 MiB, 278.18 W, 300.00 W, 70, 2370 MHz
2026/09/23 02:31:46.316, 0, 60 %, 39 %, 3579 MiB, 49140 MiB, 266.48 W, 300.00 W, 69, 2745 MHz
2026/09/23 02:31:47.316, 0, 91 %, 81 %, 3579 MiB, 49140 MiB, 125.44 W, 300.00 W, 70, 2430 MHz
2026/09/23 02:31:48.317, 0, 93 %, 82 %, 3579 MiB, 49140 MiB, 282.30 W, 300.00 W, 72, 2250 MHz
2026/09/23 02:31:49.318, 0, 93 %, 81 %, 3579 MiB, 49140 MiB, 279.68 W, 300.00 W, 70, 2445 MHz
2026/09/23 02:31:50.319, 0, 90 %, 79 %, 3579 MiB, 49140 MiB, 279.23 W, 300.00 W, 70, 2430 MHz
2026/09/23 02:31:51.319, 0, 95 %, 81 %, 3579 MiB, 49140 MiB, 280.58 W, 300.00 W, 71, 2430 MHz
2026/09/23 02:31:52.320, 0, 78 %, 68 %, 3579 MiB, 49140 MiB, 277.57 W, 300.00 W, 71, 2460 MHz
2026/09/23 02:31:53.321, 0, 93 %, 81 %, 3579 MiB, 49140 MiB, 279.65 W, 300.00 W, 72, 2325 MHz
2026/09/23 02:31:54.324, 0, 91 %, 77 %, 3579 MiB, 49140 MiB, 278.99 W, 300.00 W, 71, 2445 MHz
2026/09/23 02:31:55.325, 0, 91 %, 80 %, 3579 MiB, 49140 MiB, 278.31 W, 300.00 W, 72, 2415 MHz
2026/09/23 02:31:56.325, 0, 95 %, 81 %, 3579 MiB, 49140 MiB, 280.21 W, 300.00 W, 71, 2415 MHz
2026/09/23 02:31:57.326, 0, 84 %, 73 %, 3579 MiB, 49140 MiB, 277.68 W, 300.00 W, 72, 2295 MHz
2026/09/23 02:31:58.327, 0, 87 %, 77 %, 3579 MiB, 49140 MiB, 279.21 W, 300.00 W, 73, 2325 MHz
2026/09/23 02:31:59.328, 0, 0 %, 0 %, 3579 MiB, 49140 MiB, 240.12 W, 300.00 W, 67, 2745 MHz
2026/09/23 02:32:00.328, 0, 91 %, 79 %, 3579 MiB, 49140 MiB, 146.22 W, 300.00 W, 71, 2400 MHz
2026/09/23 02:32:01.329, 0, 90 %, 77 %, 3579 MiB, 49140 MiB, 282.35 W, 300.00 W, 71, 2430 MHz
2026/09/23 02:32:02.329, 0, 93 %, 83 %, 3579 MiB, 49140 MiB, 281.42 W, 300.00 W, 71, 2430 MHz
2026/09/23 02:32:03.331, 0, 86 %, 74 %, 3579 MiB, 49140 MiB, 279.84 W, 300.00 W, 72, 2280 MHz
2026/09/23 02:32:04.332, 0, 90 %, 77 %, 3579 MiB, 49140 MiB, 282.00 W, 300.00 W, 72, 2385 MHz
2026/09/23 02:32:05.333, 0, 84 %, 73 %, 3579 MiB, 49140 MiB, 281.89 W, 300.00 W, 72, 2370 MHz
2026/09/23 02:32:06.333, 0, 91 %, 77 %, 3579 MiB, 49140 MiB, 282.13 W, 300.00 W, 71, 2505 MHz
2026/09/23 02:32:07.334, 0, 94 %, 80 %, 3579 MiB, 49140 MiB, 282.78 W, 300.00 W, 71, 2400 MHz
2026/09/23 02:32:08.334, 0, 89 %, 77 %, 3579 MiB, 49140 MiB, 280.65 W, 300.00 W, 71, 2490 MHz
2026/09/23 02:32:09.335, 0, 88 %, 79 %, 3579 MiB, 49140 MiB, 281.46 W, 300.00 W, 72, 2370 MHz
2026/09/23 02:32:10.336, 0, 94 %, 84 %, 3579 MiB, 49140 MiB, 282.11 W, 300.00 W, 72, 2370 MHz
2026/09/23 02:32:11.337, 0, 89 %, 78 %, 3579 MiB, 49140 MiB, 281.86 W, 300.00 W, 72, 2445 MHz
2026/09/23 02:32:12.338, 0, 0 %, 0 %, 3579 MiB, 49140 MiB, 212.25 W, 300.00 W, 67, 2745 MHz
2026/09/23 02:32:13.338, 0, 88 %, 77 %, 3579 MiB, 49140 MiB, 173.88 W, 300.00 W, 70, 2520 MHz
2026/09/23 02:32:14.339, 0, 92 %, 81 %, 3579 MiB, 49140 MiB, 280.62 W, 300.00 W, 71, 2355 MHz
2026/09/23 02:32:15.340, 0, 92 %, 82 %, 3579 MiB, 49140 MiB, 280.59 W, 300.00 W, 72, 2490 MHz
2026/09/23 02:32:16.341, 0, 92 %, 79 %, 3579 MiB, 49140 MiB, 280.83 W, 300.00 W, 73, 2295 MHz
2026/09/23 02:32:17.342, 0, 91 %, 79 %, 3579 MiB, 49140 MiB, 279.62 W, 300.00 W, 72, 2160 MHz
2026/09/23 02:32:18.342, 0, 80 %, 69 %, 3579 MiB, 49140 MiB, 277.97 W, 300.00 W, 72, 2595 MHz
2026/09/23 02:32:19.343, 0, 88 %, 76 %, 3579 MiB, 49140 MiB, 278.75 W, 300.00 W, 72, 2460 MHz
2026/09/23 02:32:20.344, 0, 94 %, 84 %, 3579 MiB, 49140 MiB, 279.73 W, 300.00 W, 72, 2430 MHz
2026/09/23 02:32:21.345, 0, 89 %, 76 %, 3579 MiB, 49140 MiB, 280.01 W, 300.00 W, 72, 2445 MHz
2026/09/23 02:32:22.345, 0, 90 %, 80 %, 3579 MiB, 49140 MiB, 281.70 W, 300.00 W, 72, 2460 MHz
2026/09/23 02:32:23.347, 0, 90 %, 80 %, 3579 MiB, 49140 MiB, 279.72 W, 300.00 W, 71, 2445 MHz
2026/09/23 02:32:24.348, 0, 75 %, 47 %, 3579 MiB, 49140 MiB, 278.12 W, 300.00 W, 72, 2475 MHz
2026/09/23 02:32:25.349, 0, 0 %, 0 %, 3579 MiB, 49140 MiB, 178.24 W, 300.00 W, 66, 2745 MHz
2026/09/23 02:32:26.349, 0, 92 %, 80 %, 3579 MiB, 49140 MiB, 203.59 W, 300.00 W, 71, 2250 MHz
2026/09/23 02:32:27.351, 0, 87 %, 77 %, 3579 MiB, 49140 MiB, 276.30 W, 300.00 W, 70, 2475 MHz
2026/09/23 02:32:28.352, 0, 90 %, 79 %, 3579 MiB, 49140 MiB, 280.14 W, 300.00 W, 71, 2475 MHz
2026/09/23 02:32:29.352, 0, 92 %, 78 %, 3579 MiB, 49140 MiB, 279.16 W, 300.00 W, 72, 2355 MHz
2026/09/23 02:32:30.353, 0, 94 %, 83 %, 3579 MiB, 49140 MiB, 283.06 W, 300.00 W, 71, 2400 MHz
2026/09/23 02:32:31.353, 0, 89 %, 78 %, 3579 MiB, 49140 MiB, 279.22 W, 300.00 W, 72, 2460 MHz
2026/09/23 02:32:32.355, 0, 92 %, 80 %, 3579 MiB, 49140 MiB, 278.62 W, 300.00 W, 72, 2175 MHz
2026/09/23 02:32:33.356, 0, 94 %, 81 %, 3579 MiB, 49140 MiB, 279.42 W, 300.00 W, 72, 2235 MHz
2026/09/23 02:32:34.356, 0, 88 %, 77 %, 3579 MiB, 49140 MiB, 278.98 W, 300.00 W, 73, 2190 MHz
2026/09/23 02:32:35.358, 0, 90 %, 79 %, 3579 MiB, 49140 MiB, 279.40 W, 300.00 W, 71, 2430 MHz
2026/09/23 02:32:36.358, 0, 91 %, 80 %, 3579 MiB, 49140 MiB, 279.74 W, 300.00 W, 71, 2385 MHz
2026/09/23 02:32:37.359, 0, 63 %, 41 %, 3579 MiB, 49140 MiB, 274.62 W, 300.00 W, 71, 2520 MHz
2026/09/23 02:32:38.360, 0, 0 %, 0 %, 3579 MiB, 49140 MiB, 147.84 W, 300.00 W, 66, 2745 MHz
2026/09/23 02:32:39.360, 0, 90 %, 79 %, 3579 MiB, 49140 MiB, 236.49 W, 300.00 W, 71, 2400 MHz
2026/09/23 02:32:40.361, 0, 90 %, 79 %, 3579 MiB, 49140 MiB, 280.55 W, 300.00 W, 72, 2400 MHz
2026/09/23 02:32:41.361, 0, 94 %, 80 %, 3579 MiB, 49140 MiB, 281.02 W, 300.00 W, 71, 2250 MHz
2026/09/23 02:32:42.362, 0, 91 %, 80 %, 3579 MiB, 49140 MiB, 280.89 W, 300.00 W, 71, 2250 MHz
2026/09/23 02:32:43.363, 0, 86 %, 75 %, 3579 MiB, 49140 MiB, 278.27 W, 300.00 W, 72, 2505 MHz
2026/09/23 02:32:44.364, 0, 93 %, 81 %, 3579 MiB, 49140 MiB, 278.11 W, 300.00 W, 72, 2355 MHz
2026/09/23 02:32:45.365, 0, 93 %, 82 %, 3579 MiB, 49140 MiB, 279.31 W, 300.00 W, 71, 2415 MHz
2026/09/23 02:32:46.368, 0, 94 %, 82 %, 3579 MiB, 49140 MiB, 281.52 W, 300.00 W, 72, 2145 MHz
2026/09/23 02:32:47.369, 0, 87 %, 75 %, 3579 MiB, 49140 MiB, 278.96 W, 300.00 W, 72, 2235 MHz
2026/09/23 02:32:48.369, 0, 90 %, 78 %, 3579 MiB, 49140 MiB, 279.83 W, 300.00 W, 72, 2370 MHz
2026/09/23 02:32:49.370, 0, 93 %, 82 %, 3579 MiB, 49140 MiB, 280.61 W, 300.00 W, 71, 2235 MHz
2026/09/23 02:32:50.371, 0, 66 %, 42 %, 3579 MiB, 49140 MiB, 272.60 W, 300.00 W, 72, 2595 MHz
2026/09/23 02:32:51.372, 0, 0 %, 0 %, 3579 MiB, 49140 MiB, 110.78 W, 300.00 W, 66, 2745 MHz
2026/09/23 02:32:52.373, 0, 91 %, 77 %, 3579 MiB, 49140 MiB, 258.99 W, 300.00 W, 72, 2400 MHz
2026/09/23 02:32:53.375, 0, 93 %, 78 %, 3579 MiB, 49140 MiB, 280.27 W, 300.00 W, 72, 2205 MHz
2026/09/23 02:32:54.376, 0, 93 %, 81 %, 3579 MiB, 49140 MiB, 278.45 W, 300.00 W, 71, 2400 MHz
2026/09/23 02:32:55.377, 0, 90 %, 78 %, 3579 MiB, 49140 MiB, 277.36 W, 300.00 W, 73, 2400 MHz
2026/09/23 02:32:56.378, 0, 88 %, 76 %, 3579 MiB, 49140 MiB, 276.81 W, 300.00 W, 72, 2355 MHz
2026/09/23 02:32:57.379, 0, 92 %, 81 %, 3579 MiB, 49140 MiB, 281.09 W, 300.00 W, 71, 2370 MHz
2026/09/23 02:32:58.380, 0, 89 %, 78 %, 3579 MiB, 49140 MiB, 279.29 W, 300.00 W, 72, 2490 MHz
2026/09/23 02:32:59.381, 0, 91 %, 79 %, 3579 MiB, 49140 MiB, 278.09 W, 300.00 W, 72, 2430 MHz
2026/09/23 02:33:00.382, 0, 91 %, 80 %, 3579 MiB, 49140 MiB, 279.44 W, 300.00 W, 72, 2205 MHz
2026/09/23 02:33:01.382, 0, 93 %, 82 %, 3579 MiB, 49140 MiB, 278.50 W, 300.00 W, 71, 2415 MHz
2026/09/23 02:33:02.383, 0, 89 %, 78 %, 3579 MiB, 49140 MiB, 278.18 W, 300.00 W, 71, 2445 MHz
2026/09/23 02:33:03.384, 0, 58 %, 37 %, 3579 MiB, 49140 MiB, 268.81 W, 300.00 W, 72, 2640 MHz
2026/09/23 02:33:04.384, 0, 63 %, 56 %, 3579 MiB, 49140 MiB, 127.80 W, 300.00 W, 66, 2415 MHz
2026/09/23 02:33:05.386, 0, 94 %, 79 %, 3579 MiB, 49140 MiB, 274.59 W, 300.00 W, 72, 2355 MHz
2026/09/23 02:33:06.387, 0, 95 %, 84 %, 3579 MiB, 49140 MiB, 279.78 W, 300.00 W, 71, 2415 MHz
2026/09/23 02:33:07.388, 0, 88 %, 76 %, 3579 MiB, 49140 MiB, 280.85 W, 300.00 W, 72, 2430 MHz
2026/09/23 02:33:08.388, 0, 95 %, 81 %, 3579 MiB, 49140 MiB, 279.63 W, 300.00 W, 71, 2220 MHz
2026/09/23 02:33:09.389, 0, 91 %, 79 %, 3579 MiB, 49140 MiB, 279.20 W, 300.00 W, 71, 2430 MHz
2026/09/23 02:33:10.389, 0, 88 %, 76 %, 3579 MiB, 49140 MiB, 275.92 W, 300.00 W, 73, 2445 MHz
2026/09/23 02:33:11.390, 0, 89 %, 79 %, 3579 MiB, 49140 MiB, 277.94 W, 300.00 W, 71, 2250 MHz
2026/09/23 02:33:12.392, 0, 87 %, 76 %, 3579 MiB, 49140 MiB, 279.21 W, 300.00 W, 70, 2190 MHz
2026/09/23 02:33:13.393, 0, 95 %, 83 %, 3579 MiB, 49140 MiB, 279.50 W, 300.00 W, 72, 2190 MHz
2026/09/23 02:33:14.394, 0, 92 %, 81 %, 3579 MiB, 49140 MiB, 280.73 W, 300.00 W, 72, 2385 MHz
2026/09/23 02:33:15.394, 0, 92 %, 79 %, 3579 MiB, 49140 MiB, 279.99 W, 300.00 W, 73, 2340 MHz
2026/09/23 02:33:16.396, 0, 0 %, 0 %, 3579 MiB, 49140 MiB, 252.21 W, 300.00 W, 69, 2730 MHz
2026/09/23 02:33:17.396, 0, 90 %, 79 %, 3579 MiB, 49140 MiB, 129.43 W, 300.00 W, 71, 2460 MHz
2026/09/23 02:33:18.397, 0, 93 %, 82 %, 3579 MiB, 49140 MiB, 285.57 W, 300.00 W, 71, 2355 MHz
2026/09/23 02:33:19.398, 0, 95 %, 82 %, 3579 MiB, 49140 MiB, 285.42 W, 300.00 W, 72, 2325 MHz
2026/09/23 02:33:20.398, 0, 93 %, 82 %, 3579 MiB, 49140 MiB, 284.94 W, 300.00 W, 71, 2400 MHz
2026/09/23 02:33:21.399, 0, 88 %, 78 %, 3579 MiB, 49140 MiB, 283.98 W, 300.00 W, 71, 2475 MHz
2026/09/23 02:33:22.400, 0, 89 %, 78 %, 3579 MiB, 49140 MiB, 282.59 W, 300.00 W, 72, 2370 MHz
2026/09/23 02:33:23.400, 0, 91 %, 81 %, 3579 MiB, 49140 MiB, 284.28 W, 300.00 W, 72, 2370 MHz
2026/09/23 02:33:24.402, 0, 91 %, 81 %, 3579 MiB, 49140 MiB, 284.81 W, 300.00 W, 71, 2190 MHz
2026/09/23 02:33:25.403, 0, 92 %, 78 %, 3579 MiB, 49140 MiB, 283.90 W, 300.00 W, 72, 2295 MHz
2026/09/23 02:33:26.403, 0, 93 %, 81 %, 3579 MiB, 49140 MiB, 282.56 W, 300.00 W, 71, 2325 MHz
2026/09/23 02:33:27.404, 0, 88 %, 77 %, 3579 MiB, 49140 MiB, 281.81 W, 300.00 W, 73, 2235 MHz
2026/09/23 02:33:28.405, 0, 91 %, 80 %, 3579 MiB, 49140 MiB, 285.65 W, 300.00 W, 73, 2385 MHz
2026/09/23 02:33:29.406, 0, 0 %, 0 %, 3579 MiB, 49140 MiB, 233.99 W, 300.00 W, 67, 2745 MHz
2026/09/23 02:33:30.407, 0, 92 %, 79 %, 3579 MiB, 49140 MiB, 149.42 W, 300.00 W, 72, 2145 MHz
2026/09/23 02:33:31.411, 0, 89 %, 78 %, 3579 MiB, 49140 MiB, 277.78 W, 300.00 W, 71, 2190 MHz
2026/09/23 02:33:32.412, 0, 89 %, 78 %, 3579 MiB, 49140 MiB, 276.35 W, 300.00 W, 72, 2490 MHz
2026/09/23 02:33:33.413, 0, 94 %, 81 %, 3579 MiB, 49140 MiB, 277.45 W, 300.00 W, 72, 2205 MHz
2026/09/23 02:33:34.413, 0, 95 %, 81 %, 3579 MiB, 49140 MiB, 277.50 W, 300.00 W, 72, 2130 MHz
2026/09/23 02:33:35.414, 0, 94 %, 81 %, 3579 MiB, 49140 MiB, 277.20 W, 300.00 W, 72, 2130 MHz
2026/09/23 02:33:36.415, 0, 90 %, 79 %, 3579 MiB, 49140 MiB, 280.12 W, 300.00 W, 70, 2220 MHz
2026/09/23 02:33:37.416, 0, 88 %, 77 %, 3579 MiB, 49140 MiB, 277.75 W, 300.00 W, 73, 2460 MHz
2026/09/23 02:33:38.417, 0, 92 %, 80 %, 3579 MiB, 49140 MiB, 280.09 W, 300.00 W, 72, 2280 MHz
2026/09/23 02:33:39.417, 0, 94 %, 83 %, 3579 MiB, 49140 MiB, 279.11 W, 300.00 W, 72, 2385 MHz
2026/09/23 02:33:40.419, 0, 91 %, 77 %, 3579 MiB, 49140 MiB, 278.58 W, 300.00 W, 71, 2475 MHz
2026/09/23 02:33:41.419, 0, 93 %, 79 %, 3579 MiB, 49140 MiB, 281.11 W, 300.00 W, 71, 2415 MHz
2026/09/23 02:33:42.420, 0, 0 %, 0 %, 3579 MiB, 49140 MiB, 202.19 W, 300.00 W, 66, 2745 MHz
2026/09/23 02:33:43.421, 0, 94 %, 80 %, 3579 MiB, 49140 MiB, 181.55 W, 300.00 W, 70, 2445 MHz
2026/09/23 02:33:44.422, 0, 92 %, 81 %, 3579 MiB, 49140 MiB, 281.65 W, 300.00 W, 72, 2250 MHz
2026/09/23 02:33:45.423, 0, 90 %, 79 %, 3579 MiB, 49140 MiB, 282.64 W, 300.00 W, 70, 2340 MHz
2026/09/23 02:33:46.424, 0, 94 %, 82 %, 3579 MiB, 49140 MiB, 284.34 W, 300.00 W, 71, 2145 MHz
2026/09/23 02:33:47.425, 0, 93 %, 78 %, 3579 MiB, 49140 MiB, 279.86 W, 300.00 W, 71, 2460 MHz
2026/09/23 02:33:48.426, 0, 94 %, 83 %, 3579 MiB, 49140 MiB, 285.53 W, 300.00 W, 73, 2325 MHz
2026/09/23 02:33:49.427, 0, 80 %, 69 %, 3579 MiB, 49140 MiB, 279.77 W, 300.00 W, 72, 2265 MHz
2026/09/23 02:33:50.428, 0, 91 %, 78 %, 3579 MiB, 49140 MiB, 281.73 W, 300.00 W, 71, 2235 MHz
2026/09/23 02:33:51.430, 0, 85 %, 74 %, 3579 MiB, 49140 MiB, 282.74 W, 300.00 W, 71, 2385 MHz
2026/09/23 02:33:52.431, 0, 89 %, 77 %, 3579 MiB, 49140 MiB, 281.04 W, 300.00 W, 72, 2400 MHz
2026/09/23 02:33:53.432, 0, 87 %, 76 %, 3579 MiB, 49140 MiB, 282.86 W, 300.00 W, 72, 2430 MHz
2026/09/23 02:33:54.432, 0, 72 %, 52 %, 3579 MiB, 49140 MiB, 280.73 W, 300.00 W, 73, 2520 MHz
2026/09/23 02:33:55.433, 0, 0 %, 0 %, 3579 MiB, 49140 MiB, 187.67 W, 300.00 W, 66, 2745 MHz
2026/09/23 02:33:56.433, 0, 86 %, 75 %, 3579 MiB, 49140 MiB, 191.85 W, 300.00 W, 72, 2520 MHz
2026/09/23 02:33:57.434, 0, 90 %, 79 %, 3579 MiB, 49140 MiB, 277.88 W, 300.00 W, 73, 2490 MHz
2026/09/23 02:33:58.435, 0, 93 %, 79 %, 3579 MiB, 49140 MiB, 279.71 W, 300.00 W, 71, 2130 MHz
2026/09/23 02:33:59.436, 0, 94 %, 80 %, 3579 MiB, 49140 MiB, 278.96 W, 300.00 W, 71, 2430 MHz
2026/09/23 02:34:00.437, 0, 88 %, 76 %, 3579 MiB, 49140 MiB, 278.29 W, 300.00 W, 72, 2505 MHz
2026/09/23 02:34:01.438, 0, 86 %, 75 %, 3579 MiB, 49140 MiB, 278.68 W, 300.00 W, 72, 2370 MHz
2026/09/23 02:34:02.439, 0, 94 %, 79 %, 3579 MiB, 49140 MiB, 279.64 W, 300.00 W, 71, 2355 MHz
2026/09/23 02:34:03.439, 0, 93 %, 78 %, 3579 MiB, 49140 MiB, 280.02 W, 300.00 W, 71, 2370 MHz
2026/09/23 02:34:04.440, 0, 94 %, 83 %, 3579 MiB, 49140 MiB, 280.24 W, 300.00 W, 73, 2415 MHz
2026/09/23 02:34:05.441, 0, 90 %, 77 %, 3579 MiB, 49140 MiB, 279.45 W, 300.00 W, 72, 2400 MHz
2026/09/23 02:34:06.442, 0, 93 %, 82 %, 3579 MiB, 49140 MiB, 278.79 W, 300.00 W, 73, 2370 MHz
2026/09/23 02:34:07.444, 0, 68 %, 44 %, 3579 MiB, 49140 MiB, 276.10 W, 300.00 W, 71, 2625 MHz
2026/09/23 02:34:08.444, 0, 0 %, 0 %, 3579 MiB, 49140 MiB, 151.98 W, 300.00 W, 66, 2745 MHz
2026/09/23 02:34:09.445, 0, 85 %, 74 %, 3579 MiB, 49140 MiB, 225.30 W, 300.00 W, 71, 2460 MHz
2026/09/23 02:34:10.446, 0, 90 %, 79 %, 3579 MiB, 49140 MiB, 277.19 W, 300.00 W, 71, 2205 MHz
2026/09/23 02:34:11.447, 0, 90 %, 78 %, 3579 MiB, 49140 MiB, 277.84 W, 300.00 W, 70, 2220 MHz
2026/09/23 02:34:12.447, 0, 91 %, 79 %, 3579 MiB, 49140 MiB, 277.71 W, 300.00 W, 72, 2430 MHz
2026/09/23 02:34:13.448, 0, 91 %, 80 %, 3579 MiB, 49140 MiB, 277.61 W, 300.00 W, 70, 2400 MHz
2026/09/23 02:34:14.449, 0, 89 %, 78 %, 3579 MiB, 49140 MiB, 278.41 W, 300.00 W, 73, 2415 MHz
2026/09/23 02:34:15.451, 0, 88 %, 77 %, 3579 MiB, 49140 MiB, 278.86 W, 300.00 W, 72, 2205 MHz
2026/09/23 02:34:16.453, 0, 89 %, 77 %, 3579 MiB, 49140 MiB, 276.78 W, 300.00 W, 73, 2175 MHz
2026/09/23 02:34:17.453, 0, 93 %, 82 %, 3579 MiB, 49140 MiB, 279.95 W, 300.00 W, 72, 2145 MHz
2026/09/23 02:34:18.454, 0, 90 %, 78 %, 3579 MiB, 49140 MiB, 279.42 W, 300.00 W, 73, 2175 MHz
2026/09/23 02:34:19.454, 0, 89 %, 78 %, 3579 MiB, 49140 MiB, 278.19 W, 300.00 W, 71, 2415 MHz
2026/09/23 02:34:20.455, 0, 64 %, 41 %, 3579 MiB, 49140 MiB, 271.39 W, 300.00 W, 73, 2565 MHz
2026/09/23 02:34:21.456, 0, 0 %, 0 %, 3579 MiB, 49140 MiB, 133.07 W, 300.00 W, 66, 2745 MHz
2026/09/23 02:34:22.457, 0, 92 %, 78 %, 3579 MiB, 49140 MiB, 250.67 W, 300.00 W, 71, 2370 MHz
2026/09/23 02:34:23.457, 0, 88 %, 76 %, 3579 MiB, 49140 MiB, 281.15 W, 300.00 W, 71, 2475 MHz
2026/09/23 02:34:24.459, 0, 90 %, 79 %, 3579 MiB, 49140 MiB, 280.41 W, 300.00 W, 72, 2370 MHz
2026/09/23 02:34:25.460, 0, 92 %, 81 %, 3579 MiB, 49140 MiB, 281.33 W, 300.00 W, 72, 2325 MHz
2026/09/23 02:34:26.462, 0, 91 %, 77 %, 3579 MiB, 49140 MiB, 281.03 W, 300.00 W, 71, 2355 MHz
2026/09/23 02:34:27.463, 0, 95 %, 81 %, 3579 MiB, 49140 MiB, 282.65 W, 300.00 W, 72, 2115 MHz
2026/09/23 02:34:28.464, 0, 90 %, 76 %, 3579 MiB, 49140 MiB, 281.81 W, 300.00 W, 72, 2415 MHz
2026/09/23 02:34:29.465, 0, 91 %, 78 %, 3579 MiB, 49140 MiB, 283.45 W, 300.00 W, 72, 2160 MHz
2026/09/23 02:34:30.466, 0, 90 %, 78 %, 3579 MiB, 49140 MiB, 282.64 W, 300.00 W, 72, 2220 MHz
2026/09/23 02:34:31.467, 0, 89 %, 77 %, 3579 MiB, 49140 MiB, 282.40 W, 300.00 W, 72, 2400 MHz
2026/09/23 02:34:32.467, 0, 92 %, 81 %, 3579 MiB, 49140 MiB, 284.49 W, 300.00 W, 72, 2190 MHz
2026/09/23 02:34:33.468, 0, 61 %, 39 %, 3579 MiB, 49140 MiB, 272.53 W, 300.00 W, 72, 2715 MHz
2026/09/23 02:34:34.469, 0, 67 %, 59 %, 3579 MiB, 49140 MiB, 127.42 W, 300.00 W, 70, 2460 MHz
2026/09/23 02:34:35.470, 0, 87 %, 76 %, 3579 MiB, 49140 MiB, 274.89 W, 300.00 W, 72, 2445 MHz
2026/09/23 02:34:36.471, 0, 94 %, 82 %, 3579 MiB, 49140 MiB, 278.71 W, 300.00 W, 71, 2460 MHz
2026/09/23 02:34:37.471, 0, 94 %, 82 %, 3579 MiB, 49140 MiB, 278.60 W, 300.00 W, 72, 2430 MHz
2026/09/23 02:34:38.472, 0, 89 %, 77 %, 3579 MiB, 49140 MiB, 278.68 W, 300.00 W, 72, 2445 MHz
2026/09/23 02:34:39.473, 0, 93 %, 79 %, 3579 MiB, 49140 MiB, 279.25 W, 300.00 W, 71, 2325 MHz
2026/09/23 02:34:40.474, 0, 86 %, 75 %, 3579 MiB, 49140 MiB, 280.16 W, 300.00 W, 72, 2445 MHz
2026/09/23 02:34:41.475, 0, 91 %, 77 %, 3579 MiB, 49140 MiB, 275.21 W, 300.00 W, 71, 2415 MHz
2026/09/23 02:34:42.475, 0, 87 %, 76 %, 3579 MiB, 49140 MiB, 277.82 W, 300.00 W, 71, 2430 MHz
2026/09/23 02:34:43.476, 0, 89 %, 77 %, 3579 MiB, 49140 MiB, 279.05 W, 300.00 W, 72, 2370 MHz
2026/09/23 02:34:44.478, 0, 92 %, 80 %, 3579 MiB, 49140 MiB, 278.91 W, 300.00 W, 72, 2295 MHz
2026/09/23 02:34:45.478, 0, 91 %, 79 %, 3579 MiB, 49140 MiB, 279.18 W, 300.00 W, 72, 2325 MHz
2026/09/23 02:34:46.479, 0, 25 %, 16 %, 3579 MiB, 49140 MiB, 255.27 W, 300.00 W, 67, 2730 MHz
2026/09/23 02:34:47.480, 0, 87 %, 75 %, 3579 MiB, 49140 MiB, 130.30 W, 300.00 W, 70, 2460 MHz
2026/09/23 02:34:48.481, 0, 94 %, 80 %, 3579 MiB, 49140 MiB, 277.76 W, 300.00 W, 71, 2295 MHz
2026/09/23 02:34:49.482, 0, 93 %, 82 %, 3579 MiB, 49140 MiB, 277.87 W, 300.00 W, 72, 2385 MHz
2026/09/23 02:34:50.482, 0, 92 %, 78 %, 3579 MiB, 49140 MiB, 279.72 W, 300.00 W, 71, 2370 MHz
2026/09/23 02:34:51.483, 0, 89 %, 78 %, 3579 MiB, 49140 MiB, 277.10 W, 300.00 W, 71, 2460 MHz
2026/09/23 02:34:52.484, 0, 88 %, 77 %, 3579 MiB, 49140 MiB, 278.36 W, 300.00 W, 72, 2265 MHz
2026/09/23 02:34:53.485, 0, 89 %, 78 %, 3579 MiB, 49140 MiB, 278.63 W, 300.00 W, 72, 2115 MHz
2026/09/23 02:34:54.486, 0, 89 %, 77 %, 3579 MiB, 49140 MiB, 274.42 W, 300.00 W, 72, 2430 MHz
2026/09/23 02:34:55.487, 0, 90 %, 78 %, 3579 MiB, 49140 MiB, 276.96 W, 300.00 W, 72, 2430 MHz
2026/09/23 02:34:56.488, 0, 87 %, 75 %, 3579 MiB, 49140 MiB, 277.89 W, 300.00 W, 71, 2355 MHz
2026/09/23 02:34:57.488, 0, 93 %, 82 %, 3579 MiB, 49140 MiB, 280.23 W, 300.00 W, 72, 2385 MHz
2026/09/23 02:34:58.489, 0, 88 %, 77 %, 3579 MiB, 49140 MiB, 279.00 W, 300.00 W, 72, 2490 MHz
2026/09/23 02:34:59.490, 0, 0 %, 0 %, 3579 MiB, 49140 MiB, 230.37 W, 300.00 W, 67, 2745 MHz
2026/09/23 02:35:00.490, 0, 93 %, 81 %, 3579 MiB, 49140 MiB, 151.48 W, 300.00 W, 70, 2400 MHz
2026/09/23 02:35:01.492, 0, 92 %, 80 %, 3579 MiB, 49140 MiB, 278.95 W, 300.00 W, 72, 2430 MHz
2026/09/23 02:35:02.493, 0, 92 %, 80 %, 3579 MiB, 49140 MiB, 278.75 W, 300.00 W, 72, 2295 MHz
2026/09/23 02:35:03.493, 0, 91 %, 79 %, 3579 MiB, 49140 MiB, 278.58 W, 300.00 W, 72, 2265 MHz
2026/09/23 02:35:04.494, 0, 91 %, 80 %, 3579 MiB, 49140 MiB, 279.46 W, 300.00 W, 72, 2340 MHz
2026/09/23 02:35:05.495, 0, 90 %, 79 %, 3579 MiB, 49140 MiB, 278.55 W, 300.00 W, 72, 2160 MHz
2026/09/23 02:35:06.495, 0, 90 %, 78 %, 3579 MiB, 49140 MiB, 278.40 W, 300.00 W, 72, 2430 MHz
2026/09/23 02:35:07.497, 0, 92 %, 80 %, 3579 MiB, 49140 MiB, 279.83 W, 300.00 W, 72, 2115 MHz
2026/09/23 02:35:08.497, 0, 92 %, 81 %, 3579 MiB, 49140 MiB, 278.89 W, 300.00 W, 71, 2340 MHz
2026/09/23 02:35:09.498, 0, 95 %, 81 %, 3579 MiB, 49140 MiB, 281.12 W, 300.00 W, 71, 2445 MHz
2026/09/23 02:35:10.499, 0, 93 %, 79 %, 3579 MiB, 49140 MiB, 280.12 W, 300.00 W, 71, 2400 MHz
2026/09/23 02:35:11.500, 0, 86 %, 72 %, 3579 MiB, 49140 MiB, 277.99 W, 300.00 W, 70, 2640 MHz
2026/09/23 02:35:12.500, 0, 0 %, 0 %, 3579 MiB, 49140 MiB, 195.46 W, 300.00 W, 66, 2745 MHz
2026/09/23 02:35:13.501, 0, 93 %, 82 %, 3579 MiB, 49140 MiB, 183.97 W, 300.00 W, 71, 2400 MHz
2026/09/23 02:35:14.502, 0, 88 %, 77 %, 3579 MiB, 49140 MiB, 277.48 W, 300.00 W, 70, 2280 MHz
2026/09/23 02:35:15.502, 0, 89 %, 78 %, 3579 MiB, 49140 MiB, 278.90 W, 300.00 W, 73, 2385 MHz
2026/09/23 02:35:16.503, 0, 92 %, 81 %, 3579 MiB, 49140 MiB, 280.38 W, 300.00 W, 71, 2460 MHz
2026/09/23 02:35:17.504, 0, 89 %, 76 %, 3579 MiB, 49140 MiB, 278.60 W, 300.00 W, 71, 2430 MHz
2026/09/23 02:35:18.505, 0, 94 %, 82 %, 3579 MiB, 49140 MiB, 280.61 W, 300.00 W, 72, 2325 MHz
2026/09/23 02:35:19.508, 0, 92 %, 78 %, 3579 MiB, 49140 MiB, 277.65 W, 300.00 W, 71, 2190 MHz
2026/09/23 02:35:20.509, 0, 95 %, 83 %, 3579 MiB, 49140 MiB, 277.90 W, 300.00 W, 72, 2250 MHz
2026/09/23 02:35:21.510, 0, 92 %, 81 %, 3579 MiB, 49140 MiB, 280.46 W, 300.00 W, 71, 2370 MHz
2026/09/23 02:35:22.510, 0, 86 %, 75 %, 3579 MiB, 49140 MiB, 278.56 W, 300.00 W, 71, 2325 MHz
2026/09/23 02:35:23.511, 0, 94 %, 80 %, 3579 MiB, 49140 MiB, 278.79 W, 300.00 W, 71, 2295 MHz
2026/09/23 02:35:24.515, 0, 61 %, 39 %, 3579 MiB, 49140 MiB, 274.60 W, 300.00 W, 72, 2565 MHz
2026/09/23 02:35:25.515, 0, 0 %, 0 %, 3579 MiB, 49140 MiB, 171.87 W, 300.00 W, 66, 2745 MHz
2026/09/23 02:35:26.516, 0, 89 %, 77 %, 3579 MiB, 49140 MiB, 205.76 W, 300.00 W, 71, 2370 MHz
2026/09/23 02:35:27.517, 0, 91 %, 79 %, 3579 MiB, 49140 MiB, 277.36 W, 300.00 W, 72, 2505 MHz
2026/09/23 02:35:28.518, 0, 93 %, 79 %, 3579 MiB, 49140 MiB, 278.33 W, 300.00 W, 71, 2460 MHz
2026/09/23 02:35:29.519, 0, 89 %, 78 %, 3579 MiB, 49140 MiB, 278.09 W, 300.00 W, 72, 2460 MHz
2026/09/23 02:35:30.520, 0, 88 %, 76 %, 3579 MiB, 49140 MiB, 277.04 W, 300.00 W, 71, 2400 MHz
2026/09/23 02:35:31.521, 0, 88 %, 76 %, 3579 MiB, 49140 MiB, 278.80 W, 300.00 W, 71, 2400 MHz
2026/09/23 02:35:32.522, 0, 93 %, 80 %, 3579 MiB, 49140 MiB, 280.34 W, 300.00 W, 71, 2370 MHz
2026/09/23 02:35:33.523, 0, 87 %, 76 %, 3579 MiB, 49140 MiB, 279.44 W, 300.00 W, 71, 2295 MHz
2026/09/23 02:35:34.524, 0, 88 %, 77 %, 3579 MiB, 49140 MiB, 278.32 W, 300.00 W, 72, 2415 MHz
2026/09/23 02:35:35.524, 0, 92 %, 80 %, 3579 MiB, 49140 MiB, 278.16 W, 300.00 W, 71, 2145 MHz
2026/09/23 02:35:36.525, 0, 88 %, 76 %, 3579 MiB, 49140 MiB, 279.67 W, 300.00 W, 71, 2385 MHz
2026/09/23 02:35:37.525, 0, 73 %, 46 %, 3579 MiB, 49140 MiB, 276.04 W, 300.00 W, 71, 2535 MHz
2026/09/23 02:35:38.526, 0, 0 %, 0 %, 3579 MiB, 49140 MiB, 157.10 W, 300.00 W, 66, 2745 MHz
2026/09/23 02:35:39.527, 0, 94 %, 83 %, 3579 MiB, 49140 MiB, 231.52 W, 300.00 W, 72, 2325 MHz
2026/09/23 02:35:40.528, 0, 87 %, 76 %, 3579 MiB, 49140 MiB, 275.48 W, 300.00 W, 70, 2460 MHz
2026/09/23 02:35:41.528, 0, 90 %, 79 %, 3579 MiB, 49140 MiB, 277.96 W, 300.00 W, 71, 2370 MHz
2026/09/23 02:35:42.530, 0, 87 %, 76 %, 3579 MiB, 49140 MiB, 277.10 W, 300.00 W, 72, 2430 MHz
2026/09/23 02:35:43.531, 0, 89 %, 76 %, 3579 MiB, 49140 MiB, 277.22 W, 300.00 W, 71, 2220 MHz
2026/09/23 02:35:44.531, 0, 87 %, 76 %, 3579 MiB, 49140 MiB, 277.10 W, 300.00 W, 71, 2505 MHz
2026/09/23 02:35:45.533, 0, 90 %, 78 %, 3579 MiB, 49140 MiB, 278.60 W, 300.00 W, 71, 2430 MHz
2026/09/23 02:35:46.534, 0, 92 %, 80 %, 3579 MiB, 49140 MiB, 278.61 W, 300.00 W, 72, 2385 MHz
2026/09/23 02:35:47.535, 0, 89 %, 78 %, 3579 MiB, 49140 MiB, 275.91 W, 300.00 W, 72, 2355 MHz
2026/09/23 02:35:48.535, 0, 95 %, 84 %, 3579 MiB, 49140 MiB, 280.13 W, 300.00 W, 72, 2340 MHz
2026/09/23 02:35:49.536, 0, 91 %, 78 %, 3579 MiB, 49140 MiB, 279.92 W, 300.00 W, 72, 2445 MHz
2026/09/23 02:35:50.537, 0, 54 %, 35 %, 3579 MiB, 49140 MiB, 268.22 W, 300.00 W, 72, 2400 MHz
2026/09/23 02:35:51.538, 0, 0 %, 0 %, 3579 MiB, 49140 MiB, 133.92 W, 300.00 W, 65, 2610 MHz
2026/09/23 02:35:52.538, 0, 92 %, 79 %, 3579 MiB, 49140 MiB, 235.55 W, 300.00 W, 71, 2445 MHz
2026/09/23 02:35:53.540, 0, 90 %, 77 %, 3579 MiB, 49140 MiB, 278.00 W, 300.00 W, 71, 2370 MHz
2026/09/23 02:35:54.540, 0, 92 %, 82 %, 3579 MiB, 49140 MiB, 278.39 W, 300.00 W, 72, 2310 MHz
2026/09/23 02:35:55.541, 0, 90 %, 80 %, 3579 MiB, 49140 MiB, 279.73 W, 300.00 W, 73, 2310 MHz
2026/09/23 02:35:56.542, 0, 89 %, 77 %, 3579 MiB, 49140 MiB, 277.12 W, 300.00 W, 72, 2235 MHz
2026/09/23 02:35:57.543, 0, 90 %, 78 %, 3579 MiB, 49140 MiB, 274.17 W, 300.00 W, 71, 2445 MHz
2026/09/23 02:35:58.544, 0, 88 %, 77 %, 3579 MiB, 49140 MiB, 277.47 W, 300.00 W, 72, 2340 MHz
2026/09/23 02:35:59.545, 0, 88 %, 77 %, 3579 MiB, 49140 MiB, 274.98 W, 300.00 W, 72, 2310 MHz
2026/09/23 02:36:00.546, 0, 92 %, 80 %, 3579 MiB, 49140 MiB, 279.13 W, 300.00 W, 72, 2325 MHz
2026/09/23 02:36:01.546, 0, 89 %, 77 %, 3579 MiB, 49140 MiB, 277.40 W, 300.00 W, 71, 2385 MHz
2026/09/23 02:36:02.548, 0, 92 %, 80 %, 3579 MiB, 49140 MiB, 279.67 W, 300.00 W, 71, 2355 MHz
2026/09/23 02:36:03.548, 0, 58 %, 37 %, 3579 MiB, 49140 MiB, 266.08 W, 300.00 W, 72, 2535 MHz
2026/09/23 02:36:04.549, 0, 0 %, 0 %, 3579 MiB, 49140 MiB, 135.10 W, 300.00 W, 66, 2535 MHz
2026/09/23 02:36:05.551, 0, 91 %, 78 %, 3579 MiB, 49140 MiB, 251.77 W, 300.00 W, 71, 2445 MHz
2026/09/23 02:36:06.553, 0, 92 %, 81 %, 3579 MiB, 49140 MiB, 279.22 W, 300.00 W, 71, 2475 MHz
2026/09/23 02:36:07.553, 0, 95 %, 82 %, 3579 MiB, 49140 MiB, 279.64 W, 300.00 W, 70, 2445 MHz
2026/09/23 02:36:08.554, 0, 89 %, 77 %, 3579 MiB, 49140 MiB, 279.23 W, 300.00 W, 70, 2460 MHz
2026/09/23 02:36:09.555, 0, 94 %, 82 %, 3579 MiB, 49140 MiB, 280.57 W, 300.00 W, 72, 2355 MHz
2026/09/23 02:36:10.558, 0, 93 %, 78 %, 3579 MiB, 49140 MiB, 279.64 W, 300.00 W, 70, 2445 MHz
2026/09/23 02:36:11.559, 0, 95 %, 84 %, 3579 MiB, 49140 MiB, 277.82 W, 300.00 W, 72, 2295 MHz
2026/09/23 02:36:12.559, 0, 84 %, 72 %, 3579 MiB, 49140 MiB, 278.24 W, 300.00 W, 71, 2445 MHz
2026/09/23 02:36:13.560, 0, 91 %, 80 %, 3579 MiB, 49140 MiB, 279.01 W, 300.00 W, 71, 2475 MHz
2026/09/23 02:36:14.562, 0, 91 %, 79 %, 3579 MiB, 49140 MiB, 280.35 W, 300.00 W, 71, 2340 MHz
2026/09/23 02:36:15.563, 0, 93 %, 82 %, 3579 MiB, 49140 MiB, 273.96 W, 300.00 W, 73, 2340 MHz
2026/09/23 02:36:16.563, 0, 60 %, 39 %, 3579 MiB, 49140 MiB, 260.46 W, 300.00 W, 72, 2685 MHz
2026/09/23 02:36:17.564, 0, 63 %, 56 %, 3579 MiB, 49140 MiB, 128.08 W, 300.00 W, 70, 2310 MHz
2026/09/23 02:36:18.565, 0, 89 %, 78 %, 3579 MiB, 49140 MiB, 274.72 W, 300.00 W, 70, 2505 MHz
2026/09/23 02:36:19.566, 0, 87 %, 76 %, 3579 MiB, 49140 MiB, 276.38 W, 300.00 W, 72, 2220 MHz
2026/09/23 02:36:20.566, 0, 92 %, 79 %, 3579 MiB, 49140 MiB, 278.02 W, 300.00 W, 71, 2235 MHz
2026/09/23 02:36:21.568, 0, 92 %, 81 %, 3579 MiB, 49140 MiB, 278.40 W, 300.00 W, 72, 2295 MHz
2026/09/23 02:36:22.568, 0, 92 %, 81 %, 3579 MiB, 49140 MiB, 279.23 W, 300.00 W, 72, 2175 MHz
2026/09/23 02:36:23.569, 0, 94 %, 82 %, 3579 MiB, 49140 MiB, 279.95 W, 300.00 W, 72, 2310 MHz
2026/09/23 02:36:24.570, 0, 90 %, 79 %, 3579 MiB, 49140 MiB, 278.45 W, 300.00 W, 72, 2475 MHz
2026/09/23 02:36:25.571, 0, 88 %, 76 %, 3579 MiB, 49140 MiB, 279.04 W, 300.00 W, 71, 2385 MHz
2026/09/23 02:36:26.572, 0, 90 %, 78 %, 3579 MiB, 49140 MiB, 279.74 W, 300.00 W, 72, 2190 MHz
2026/09/23 02:36:27.572, 0, 90 %, 78 %, 3579 MiB, 49140 MiB, 279.46 W, 300.00 W, 72, 2190 MHz
2026/09/23 02:36:28.573, 0, 89 %, 78 %, 3579 MiB, 49140 MiB, 278.95 W, 300.00 W, 71, 2325 MHz
2026/09/23 02:36:29.574, 0, 23 %, 15 %, 3579 MiB, 49140 MiB, 257.70 W, 300.00 W, 67, 2730 MHz
2026/09/23 02:36:30.574, 0, 95 %, 82 %, 3579 MiB, 49140 MiB, 133.95 W, 300.00 W, 70, 2355 MHz
2026/09/23 02:36:31.576, 0, 89 %, 76 %, 3579 MiB, 49140 MiB, 277.49 W, 300.00 W, 70, 2475 MHz
2026/09/23 02:36:32.577, 0, 89 %, 78 %, 3579 MiB, 49140 MiB, 278.08 W, 300.00 W, 70, 2415 MHz
2026/09/23 02:36:33.577, 0, 87 %, 76 %, 3579 MiB, 49140 MiB, 275.61 W, 300.00 W, 72, 2310 MHz
2026/09/23 02:36:34.579, 0, 88 %, 78 %, 3579 MiB, 49140 MiB, 276.46 W, 300.00 W, 71, 2415 MHz
2026/09/23 02:36:35.580, 0, 89 %, 76 %, 3579 MiB, 49140 MiB, 276.78 W, 300.00 W, 72, 2460 MHz
2026/09/23 02:36:36.580, 0, 93 %, 79 %, 3579 MiB, 49140 MiB, 280.29 W, 300.00 W, 72, 2310 MHz
2026/09/23 02:36:37.582, 0, 89 %, 78 %, 3579 MiB, 49140 MiB, 279.74 W, 300.00 W, 71, 2265 MHz
2026/09/23 02:36:38.584, 0, 90 %, 78 %, 3579 MiB, 49140 MiB, 276.24 W, 300.00 W, 72, 2370 MHz
2026/09/23 02:36:39.585, 0, 93 %, 80 %, 3579 MiB, 49140 MiB, 278.08 W, 300.00 W, 72, 2145 MHz
2026/09/23 02:36:40.586, 0, 87 %, 77 %, 3579 MiB, 49140 MiB, 277.74 W, 300.00 W, 71, 2505 MHz
2026/09/23 02:36:41.587, 0, 91 %, 78 %, 3579 MiB, 49140 MiB, 276.67 W, 300.00 W, 71, 2490 MHz
2026/09/23 02:36:42.588, 0, 0 %, 0 %, 3579 MiB, 49140 MiB, 228.16 W, 300.00 W, 67, 2730 MHz
2026/09/23 02:36:43.588, 0, 93 %, 81 %, 3579 MiB, 49140 MiB, 152.42 W, 300.00 W, 70, 2460 MHz
2026/09/23 02:36:44.589, 0, 95 %, 81 %, 3579 MiB, 49140 MiB, 277.39 W, 300.00 W, 71, 2295 MHz
2026/09/23 02:36:45.590, 0, 90 %, 79 %, 3579 MiB, 49140 MiB, 278.71 W, 300.00 W, 71, 2400 MHz
2026/09/23 02:36:46.590, 0, 92 %, 82 %, 3579 MiB, 49140 MiB, 278.84 W, 300.00 W, 71, 2250 MHz
2026/09/23 02:36:47.591, 0, 91 %, 80 %, 3579 MiB, 49140 MiB, 279.97 W, 300.00 W, 71, 2370 MHz
2026/09/23 02:36:48.591, 0, 89 %, 79 %, 3579 MiB, 49140 MiB, 278.96 W, 300.00 W, 71, 2400 MHz
2026/09/23 02:36:49.592, 0, 95 %, 80 %, 3579 MiB, 49140 MiB, 276.70 W, 300.00 W, 72, 2100 MHz
2026/09/23 02:36:50.593, 0, 89 %, 79 %, 3579 MiB, 49140 MiB, 278.97 W, 300.00 W, 70, 2430 MHz
2026/09/23 02:36:51.594, 0, 92 %, 81 %, 3579 MiB, 49140 MiB, 279.59 W, 300.00 W, 70, 2370 MHz
2026/09/23 02:36:52.595, 0, 86 %, 76 %, 3579 MiB, 49140 MiB, 279.27 W, 300.00 W, 71, 2475 MHz
2026/09/23 02:36:53.595, 0, 95 %, 82 %, 3579 MiB, 49140 MiB, 277.73 W, 300.00 W, 72, 2310 MHz
2026/09/23 02:36:54.596, 0, 85 %, 71 %, 3579 MiB, 49140 MiB, 278.14 W, 300.00 W, 71, 2430 MHz
2026/09/23 02:36:55.597, 0, 0 %, 0 %, 3579 MiB, 49140 MiB, 197.36 W, 300.00 W, 66, 2745 MHz
2026/09/23 02:36:56.597, 0, 88 %, 78 %, 3579 MiB, 49140 MiB, 181.22 W, 300.00 W, 71, 2145 MHz
2026/09/23 02:36:57.598, 0, 95 %, 80 %, 3579 MiB, 49140 MiB, 277.16 W, 300.00 W, 70, 2085 MHz
2026/09/23 02:36:58.599, 0, 95 %, 80 %, 3579 MiB, 49140 MiB, 278.53 W, 300.00 W, 70, 2100 MHz
2026/09/23 02:36:59.599, 0, 92 %, 78 %, 3579 MiB, 49140 MiB, 279.67 W, 300.00 W, 71, 2370 MHz
2026/09/23 02:37:00.600, 0, 90 %, 79 %, 3579 MiB, 49140 MiB, 279.12 W, 300.00 W, 70, 2400 MHz
2026/09/23 02:37:01.602, 0, 89 %, 77 %, 3579 MiB, 49140 MiB, 278.15 W, 300.00 W, 71, 2325 MHz
2026/09/23 02:37:02.603, 0, 91 %, 79 %, 3579 MiB, 49140 MiB, 276.70 W, 300.00 W, 73, 2415 MHz
2026/09/23 02:37:03.604, 0, 91 %, 78 %, 3579 MiB, 49140 MiB, 278.44 W, 300.00 W, 72, 2340 MHz
2026/09/23 02:37:04.605, 0, 85 %, 73 %, 3579 MiB, 49140 MiB, 278.09 W, 300.00 W, 72, 2505 MHz
2026/09/23 02:37:05.606, 0, 92 %, 78 %, 3579 MiB, 49140 MiB, 277.08 W, 300.00 W, 72, 2130 MHz
2026/09/23 02:37:06.606, 0, 92 %, 82 %, 3579 MiB, 49140 MiB, 281.14 W, 300.00 W, 71, 2355 MHz
2026/09/23 02:37:07.607, 0, 75 %, 47 %, 3579 MiB, 49140 MiB, 276.12 W, 300.00 W, 73, 2430 MHz
2026/09/23 02:37:08.607, 0, 0 %, 0 %, 3579 MiB, 49140 MiB, 177.67 W, 300.00 W, 66, 2745 MHz
2026/09/23 02:37:09.608, 0, 92 %, 81 %, 3579 MiB, 49140 MiB, 205.51 W, 300.00 W, 70, 2400 MHz
2026/09/23 02:37:10.609, 0, 89 %, 76 %, 3579 MiB, 49140 MiB, 277.08 W, 300.00 W, 72, 2385 MHz
2026/09/23 02:37:11.610, 0, 88 %, 76 %, 3579 MiB, 49140 MiB, 277.66 W, 300.00 W, 72, 2445 MHz
2026/09/23 02:37:12.611, 0, 94 %, 83 %, 3579 MiB, 49140 MiB, 278.48 W, 300.00 W, 71, 2220 MHz
2026/09/23 02:37:13.611, 0, 92 %, 81 %, 3579 MiB, 49140 MiB, 278.57 W, 300.00 W, 71, 2265 MHz
2026/09/23 02:37:14.613, 0, 90 %, 80 %, 3579 MiB, 49140 MiB, 280.15 W, 300.00 W, 71, 2370 MHz
2026/09/23 02:37:15.614, 0, 89 %, 78 %, 3579 MiB, 49140 MiB, 278.28 W, 300.00 W, 73, 2385 MHz
2026/09/23 02:37:16.615, 0, 92 %, 80 %, 3579 MiB, 49140 MiB, 279.11 W, 300.00 W, 71, 2400 MHz
2026/09/23 02:37:17.616, 0, 92 %, 79 %, 3579 MiB, 49140 MiB, 275.78 W, 300.00 W, 72, 2340 MHz
2026/09/23 02:37:18.617, 0, 94 %, 81 %, 3579 MiB, 49140 MiB, 279.76 W, 300.00 W, 72, 2280 MHz
2026/09/23 02:37:19.618, 0, 91 %, 78 %, 3579 MiB, 49140 MiB, 279.04 W, 300.00 W, 73, 2340 MHz
2026/09/23 02:37:20.619, 0, 64 %, 41 %, 3579 MiB, 49140 MiB, 273.11 W, 300.00 W, 73, 2535 MHz
2026/09/23 02:37:21.619, 0, 0 %, 0 %, 3579 MiB, 49140 MiB, 146.78 W, 300.00 W, 66, 2745 MHz
2026/09/23 02:37:22.620, 0, 87 %, 74 %, 3579 MiB, 49140 MiB, 234.23 W, 300.00 W, 72, 2445 MHz
2026/09/23 02:37:23.621, 0, 91 %, 81 %, 3579 MiB, 49140 MiB, 282.39 W, 300.00 W, 70, 2205 MHz
2026/09/23 02:37:24.621, 0, 90 %, 78 %, 3579 MiB, 49140 MiB, 282.99 W, 300.00 W, 72, 2445 MHz
2026/09/23 02:37:25.622, 0, 92 %, 81 %, 3579 MiB, 49140 MiB, 281.02 W, 300.00 W, 72, 2370 MHz
2026/09/23 02:37:26.623, 0, 88 %, 78 %, 3579 MiB, 49140 MiB, 280.63 W, 300.00 W, 72, 2400 MHz
2026/09/23 02:37:27.624, 0, 87 %, 75 %, 3579 MiB, 49140 MiB, 281.40 W, 300.00 W, 73, 2460 MHz
2026/09/23 02:37:28.625, 0, 91 %, 79 %, 3579 MiB, 49140 MiB, 281.47 W, 300.00 W, 72, 2400 MHz
2026/09/23 02:37:29.626, 0, 92 %, 82 %, 3579 MiB, 49140 MiB, 281.44 W, 300.00 W, 72, 2355 MHz
2026/09/23 02:37:30.626, 0, 93 %, 80 %, 3579 MiB, 49140 MiB, 280.44 W, 300.00 W, 72, 2340 MHz
2026/09/23 02:37:31.628, 0, 87 %, 77 %, 3579 MiB, 49140 MiB, 281.66 W, 300.00 W, 71, 2430 MHz
2026/09/23 02:37:32.629, 0, 90 %, 80 %, 3579 MiB, 49140 MiB, 281.49 W, 300.00 W, 72, 2460 MHz
2026/09/23 02:37:33.629, 0, 61 %, 39 %, 3579 MiB, 49140 MiB, 275.92 W, 300.00 W, 71, 2565 MHz
2026/09/23 02:37:34.630, 0, 0 %, 0 %, 3579 MiB, 49140 MiB, 137.58 W, 300.00 W, 66, 2745 MHz
2026/09/23 02:37:35.631, 0, 85 %, 74 %, 3579 MiB, 49140 MiB, 254.63 W, 300.00 W, 72, 2445 MHz
2026/09/23 02:37:36.631, 0, 92 %, 79 %, 3579 MiB, 49140 MiB, 285.02 W, 300.00 W, 72, 2250 MHz
2026/09/23 02:37:37.633, 0, 88 %, 78 %, 3579 MiB, 49140 MiB, 283.47 W, 300.00 W, 71, 2340 MHz
2026/09/23 02:37:38.634, 0, 92 %, 77 %, 3579 MiB, 49140 MiB, 283.17 W, 300.00 W, 72, 2415 MHz
2026/09/23 02:37:39.635, 0, 88 %, 76 %, 3579 MiB, 49140 MiB, 282.62 W, 300.00 W, 72, 2430 MHz
2026/09/23 02:37:40.636, 0, 95 %, 80 %, 3579 MiB, 49140 MiB, 284.25 W, 300.00 W, 72, 2400 MHz
2026/09/23 02:37:41.637, 0, 92 %, 80 %, 3579 MiB, 49140 MiB, 283.31 W, 300.00 W, 71, 2400 MHz
2026/09/23 02:37:42.637, 0, 94 %, 80 %, 3579 MiB, 49140 MiB, 282.11 W, 300.00 W, 73, 2145 MHz
2026/09/23 02:37:43.638, 0, 89 %, 77 %, 3579 MiB, 49140 MiB, 281.91 W, 300.00 W, 72, 2460 MHz
2026/09/23 02:37:44.639, 0, 90 %, 81 %, 3579 MiB, 49140 MiB, 284.48 W, 300.00 W, 72, 2385 MHz
2026/09/23 02:37:45.640, 0, 92 %, 79 %, 3579 MiB, 49140 MiB, 283.18 W, 300.00 W, 73, 2460 MHz
2026/09/23 02:37:46.641, 0, 75 %, 47 %, 3579 MiB, 49140 MiB, 275.71 W, 300.00 W, 71, 2520 MHz
2026/09/23 02:37:47.642, 0, 21 %, 19 %, 3579 MiB, 49140 MiB, 125.49 W, 300.00 W, 70, 2370 MHz
2026/09/23 02:37:48.643, 0, 93 %, 80 %, 3579 MiB, 49140 MiB, 270.60 W, 300.00 W, 70, 2190 MHz
2026/09/23 02:37:49.644, 0, 89 %, 79 %, 3579 MiB, 49140 MiB, 283.18 W, 300.00 W, 72, 2430 MHz
2026/09/23 02:37:50.645, 0, 92 %, 81 %, 3579 MiB, 49140 MiB, 283.57 W, 300.00 W, 72, 2370 MHz
2026/09/23 02:37:51.645, 0, 92 %, 79 %, 3579 MiB, 49140 MiB, 283.77 W, 300.00 W, 71, 2115 MHz
2026/09/23 02:37:52.646, 0, 92 %, 81 %, 3579 MiB, 49140 MiB, 284.53 W, 300.00 W, 72, 2265 MHz
2026/09/23 02:37:53.647, 0, 94 %, 80 %, 3579 MiB, 49140 MiB, 285.37 W, 300.00 W, 71, 2430 MHz
2026/09/23 02:37:54.648, 0, 95 %, 81 %, 3579 MiB, 49140 MiB, 284.95 W, 300.00 W, 71, 2370 MHz
2026/09/23 02:37:55.649, 0, 87 %, 76 %, 3579 MiB, 49140 MiB, 283.76 W, 300.00 W, 72, 2415 MHz
2026/09/23 02:37:56.650, 0, 88 %, 78 %, 3579 MiB, 49140 MiB, 284.29 W, 300.00 W, 71, 2385 MHz
2026/09/23 02:37:57.650, 0, 87 %, 75 %, 3579 MiB, 49140 MiB, 282.23 W, 300.00 W, 73, 2430 MHz
2026/09/23 02:37:58.651, 0, 94 %, 83 %, 3579 MiB, 49140 MiB, 284.44 W, 300.00 W, 73, 2385 MHz
2026/09/23 02:37:59.651, 0, 46 %, 29 %, 3579 MiB, 49140 MiB, 269.12 W, 300.00 W, 68, 2730 MHz
2026/09/23 02:38:00.652, 0, 87 %, 75 %, 3579 MiB, 49140 MiB, 123.81 W, 300.00 W, 70, 2175 MHz
2026/09/23 02:38:01.653, 0, 93 %, 83 %, 3579 MiB, 49140 MiB, 275.19 W, 300.00 W, 72, 2385 MHz
2026/09/23 02:38:02.654, 0, 92 %, 81 %, 3579 MiB, 49140 MiB, 275.60 W, 300.00 W, 72, 2370 MHz
2026/09/23 02:38:03.655, 0, 91 %, 78 %, 3579 MiB, 49140 MiB, 275.11 W, 300.00 W, 71, 2265 MHz
2026/09/23 02:38:04.656, 0, 90 %, 78 %, 3579 MiB, 49140 MiB, 277.92 W, 300.00 W, 72, 2265 MHz
2026/09/23 02:38:05.657, 0, 92 %, 82 %, 3579 MiB, 49140 MiB, 278.07 W, 300.00 W, 73, 2400 MHz
2026/09/23 02:38:06.658, 0, 88 %, 75 %, 3579 MiB, 49140 MiB, 276.46 W, 300.00 W, 71, 2490 MHz
2026/09/23 02:38:07.659, 0, 88 %, 76 %, 3579 MiB, 49140 MiB, 277.86 W, 300.00 W, 72, 2385 MHz
2026/09/23 02:38:08.659, 0, 88 %, 77 %, 3579 MiB, 49140 MiB, 277.50 W, 300.00 W, 71, 2310 MHz
2026/09/23 02:38:09.660, 0, 90 %, 80 %, 3579 MiB, 49140 MiB, 278.11 W, 300.00 W, 72, 2475 MHz
2026/09/23 02:38:10.661, 0, 91 %, 79 %, 3579 MiB, 49140 MiB, 278.60 W, 300.00 W, 71, 2385 MHz
2026/09/23 02:38:11.662, 0, 91 %, 80 %, 3579 MiB, 49140 MiB, 278.45 W, 300.00 W, 71, 2190 MHz
2026/09/23 02:38:12.662, 0, 32 %, 21 %, 3579 MiB, 49140 MiB, 260.02 W, 300.00 W, 68, 2730 MHz
2026/09/23 02:38:13.663, 0, 94 %, 80 %, 3579 MiB, 49140 MiB, 124.74 W, 300.00 W, 70, 2310 MHz
2026/09/23 02:38:14.664, 0, 95 %, 84 %, 3579 MiB, 49140 MiB, 276.34 W, 300.00 W, 71, 2265 MHz
2026/09/23 02:38:15.665, 0, 89 %, 78 %, 3579 MiB, 49140 MiB, 276.31 W, 300.00 W, 71, 2235 MHz
2026/09/23 02:38:16.665, 0, 90 %, 80 %, 3579 MiB, 49140 MiB, 277.93 W, 300.00 W, 70, 2160 MHz
2026/09/23 02:38:17.666, 0, 93 %, 81 %, 3579 MiB, 49140 MiB, 278.50 W, 300.00 W, 71, 2340 MHz
2026/09/23 02:38:18.668, 0, 93 %, 80 %, 3579 MiB, 49140 MiB, 279.37 W, 300.00 W, 70, 2145 MHz
2026/09/23 02:38:19.669, 0, 93 %, 81 %, 3579 MiB, 49140 MiB, 279.51 W, 300.00 W, 71, 2205 MHz
2026/09/23 02:38:20.670, 0, 94 %, 81 %, 3579 MiB, 49140 MiB, 279.00 W, 300.00 W, 70, 2130 MHz
2026/09/23 02:38:21.671, 0, 93 %, 80 %, 3579 MiB, 49140 MiB, 276.23 W, 300.00 W, 71, 2340 MHz
2026/09/23 02:38:22.672, 0, 91 %, 78 %, 3579 MiB, 49140 MiB, 276.54 W, 300.00 W, 72, 2400 MHz
2026/09/23 02:38:23.673, 0, 91 %, 82 %, 3579 MiB, 49140 MiB, 278.98 W, 300.00 W, 72, 2415 MHz
2026/09/23 02:38:24.674, 0, 88 %, 77 %, 3579 MiB, 49140 MiB, 278.14 W, 300.00 W, 73, 2430 MHz
2026/09/23 02:38:25.675, 0, 0 %, 0 %, 3579 MiB, 49140 MiB, 232.89 W, 300.00 W, 67, 2745 MHz
2026/09/23 02:38:26.676, 0, 92 %, 81 %, 3579 MiB, 49140 MiB, 137.45 W, 300.00 W, 71, 2430 MHz
2026/09/23 02:38:27.676, 0, 88 %, 76 %, 3579 MiB, 49140 MiB, 274.95 W, 300.00 W, 70, 2490 MHz
2026/09/23 02:38:28.677, 0, 92 %, 82 %, 3579 MiB, 49140 MiB, 275.08 W, 300.00 W, 72, 2175 MHz
2026/09/23 02:38:29.679, 0, 92 %, 77 %, 3579 MiB, 49140 MiB, 275.04 W, 300.00 W, 71, 2190 MHz
2026/09/23 02:38:30.679, 0, 90 %, 76 %, 3579 MiB, 49140 MiB, 277.11 W, 300.00 W, 71, 2475 MHz
2026/09/23 02:38:31.680, 0, 92 %, 78 %, 3579 MiB, 49140 MiB, 280.14 W, 300.00 W, 71, 2295 MHz
2026/09/23 02:38:32.681, 0, 93 %, 80 %, 3579 MiB, 49140 MiB, 280.28 W, 300.00 W, 72, 2235 MHz
2026/09/23 02:38:33.682, 0, 95 %, 83 %, 3579 MiB, 49140 MiB, 281.27 W, 300.00 W, 73, 2205 MHz
2026/09/23 02:38:34.683, 0, 91 %, 77 %, 3579 MiB, 49140 MiB, 278.22 W, 300.00 W, 71, 2400 MHz
2026/09/23 02:38:35.684, 0, 95 %, 79 %, 3579 MiB, 49140 MiB, 278.65 W, 300.00 W, 71, 2220 MHz
2026/09/23 02:38:36.684, 0, 88 %, 76 %, 3579 MiB, 49140 MiB, 276.63 W, 300.00 W, 71, 2445 MHz
2026/09/23 02:38:37.685, 0, 91 %, 80 %, 3579 MiB, 49140 MiB, 279.04 W, 300.00 W, 70, 2415 MHz
2026/09/23 02:38:38.686, 0, 0 %, 0 %, 3579 MiB, 49140 MiB, 221.02 W, 300.00 W, 66, 2745 MHz
2026/09/23 02:38:39.686, 0, 91 %, 78 %, 3579 MiB, 49140 MiB, 172.62 W, 300.00 W, 71, 2415 MHz
2026/09/23 02:38:40.687, 0, 96 %, 84 %, 3579 MiB, 49140 MiB, 283.65 W, 300.00 W, 72, 2430 MHz
2026/09/23 02:38:41.688, 0, 92 %, 82 %, 3579 MiB, 49140 MiB, 283.10 W, 300.00 W, 72, 2265 MHz
2026/09/23 02:38:42.689, 0, 89 %, 75 %, 3579 MiB, 49140 MiB, 283.89 W, 300.00 W, 71, 2415 MHz
2026/09/23 02:38:43.690, 0, 91 %, 79 %, 3579 MiB, 49140 MiB, 282.09 W, 300.00 W, 71, 2355 MHz
2026/09/23 02:38:44.691, 0, 88 %, 76 %, 3579 MiB, 49140 MiB, 284.49 W, 300.00 W, 72, 2370 MHz
2026/09/23 02:38:45.691, 0, 93 %, 82 %, 3579 MiB, 49140 MiB, 283.39 W, 300.00 W, 72, 2355 MHz
2026/09/23 02:38:46.692, 0, 89 %, 77 %, 3579 MiB, 49140 MiB, 282.71 W, 300.00 W, 72, 2415 MHz
2026/09/23 02:38:47.693, 0, 91 %, 78 %, 3579 MiB, 49140 MiB, 284.51 W, 300.00 W, 71, 2445 MHz
2026/09/23 02:38:48.694, 0, 92 %, 79 %, 3579 MiB, 49140 MiB, 284.37 W, 300.00 W, 71, 2445 MHz
2026/09/23 02:38:49.696, 0, 90 %, 79 %, 3579 MiB, 49140 MiB, 283.52 W, 300.00 W, 72, 2160 MHz
2026/09/23 02:38:50.696, 0, 91 %, 78 %, 3579 MiB, 49140 MiB, 283.66 W, 300.00 W, 71, 2535 MHz
2026/09/23 02:38:51.697, 0, 0 %, 0 %, 3579 MiB, 49140 MiB, 209.30 W, 300.00 W, 67, 2745 MHz
2026/09/23 02:38:52.698, 0, 90 %, 78 %, 3579 MiB, 49140 MiB, 177.30 W, 300.00 W, 71, 2490 MHz
2026/09/23 02:38:53.698, 0, 94 %, 81 %, 3579 MiB, 49140 MiB, 280.46 W, 300.00 W, 71, 2355 MHz
2026/09/23 02:38:54.699, 0, 92 %, 77 %, 3579 MiB, 49140 MiB, 279.04 W, 300.00 W, 71, 2415 MHz
2026/09/23 02:38:55.700, 0, 93 %, 82 %, 3579 MiB, 49140 MiB, 278.65 W, 300.00 W, 71, 2355 MHz
2026/09/23 02:38:56.700, 0, 93 %, 80 %, 3579 MiB, 49140 MiB, 279.39 W, 300.00 W, 71, 2310 MHz
2026/09/23 02:38:57.701, 0, 91 %, 79 %, 3579 MiB, 49140 MiB, 278.37 W, 300.00 W, 71, 2460 MHz
2026/09/23 02:38:58.702, 0, 95 %, 81 %, 3579 MiB, 49140 MiB, 279.53 W, 300.00 W, 71, 2400 MHz
2026/09/23 02:38:59.703, 0, 96 %, 83 %, 3579 MiB, 49140 MiB, 276.88 W, 300.00 W, 72, 2295 MHz
2026/09/23 02:39:00.704, 0, 93 %, 81 %, 3579 MiB, 49140 MiB, 278.12 W, 300.00 W, 72, 2430 MHz
2026/09/23 02:39:01.705, 0, 91 %, 80 %, 3579 MiB, 49140 MiB, 277.60 W, 300.00 W, 71, 2340 MHz
2026/09/23 02:39:02.705, 0, 87 %, 77 %, 3579 MiB, 49140 MiB, 277.71 W, 300.00 W, 71, 2385 MHz
2026/09/23 02:39:03.706, 0, 75 %, 52 %, 3579 MiB, 49140 MiB, 277.01 W, 300.00 W, 72, 2430 MHz
2026/09/23 02:39:04.707, 0, 0 %, 0 %, 3579 MiB, 49140 MiB, 183.92 W, 300.00 W, 66, 2745 MHz
2026/09/23 02:39:05.708, 0, 88 %, 76 %, 3579 MiB, 49140 MiB, 198.08 W, 300.00 W, 70, 2460 MHz
2026/09/23 02:39:06.709, 0, 89 %, 78 %, 3579 MiB, 49140 MiB, 278.98 W, 300.00 W, 70, 2370 MHz
2026/09/23 02:39:07.710, 0, 90 %, 80 %, 3579 MiB, 49140 MiB, 277.35 W, 300.00 W, 73, 2115 MHz
2026/09/23 02:39:08.710, 0, 86 %, 76 %, 3579 MiB, 49140 MiB, 279.37 W, 300.00 W, 72, 2370 MHz
2026/09/23 02:39:09.711, 0, 89 %, 76 %, 3579 MiB, 49140 MiB, 278.14 W, 300.00 W, 71, 2370 MHz
2026/09/23 02:39:10.712, 0, 95 %, 81 %, 3579 MiB, 49140 MiB, 278.55 W, 300.00 W, 71, 2355 MHz
2026/09/23 02:39:11.713, 0, 92 %, 81 %, 3579 MiB, 49140 MiB, 276.88 W, 300.00 W, 71, 2340 MHz
2026/09/23 02:39:12.715, 0, 91 %, 80 %, 3579 MiB, 49140 MiB, 279.33 W, 300.00 W, 72, 2340 MHz
2026/09/23 02:39:13.715, 0, 92 %, 81 %, 3579 MiB, 49140 MiB, 275.99 W, 300.00 W, 71, 2355 MHz
2026/09/23 02:39:14.716, 0, 93 %, 81 %, 3579 MiB, 49140 MiB, 279.83 W, 300.00 W, 71, 2385 MHz
2026/09/23 02:39:15.717, 0, 92 %, 80 %, 3579 MiB, 49140 MiB, 280.14 W, 300.00 W, 72, 2295 MHz
2026/09/23 02:39:16.717, 0, 69 %, 44 %, 3579 MiB, 49140 MiB, 275.29 W, 300.00 W, 70, 2685 MHz
2026/09/23 02:39:17.718, 0, 0 %, 0 %, 3579 MiB, 49140 MiB, 153.40 W, 300.00 W, 66, 2685 MHz
2026/09/23 02:39:18.719, 0, 93 %, 82 %, 3579 MiB, 49140 MiB, 228.76 W, 300.00 W, 70, 2355 MHz
2026/09/23 02:39:19.720, 0, 94 %, 82 %, 3579 MiB, 49140 MiB, 277.61 W, 300.00 W, 71, 2250 MHz
2026/09/23 02:39:20.721, 0, 92 %, 80 %, 3579 MiB, 49140 MiB, 278.65 W, 300.00 W, 70, 2310 MHz
2026/09/23 02:39:21.722, 0, 94 %, 82 %, 3579 MiB, 49140 MiB, 279.11 W, 300.00 W, 71, 2175 MHz
2026/09/23 02:39:22.723, 0, 92 %, 80 %, 3579 MiB, 49140 MiB, 279.21 W, 300.00 W, 70, 2295 MHz
2026/09/23 02:39:23.724, 0, 92 %, 78 %, 3579 MiB, 49140 MiB, 278.57 W, 300.00 W, 71, 2340 MHz
2026/09/23 02:39:24.725, 0, 95 %, 83 %, 3579 MiB, 49140 MiB, 279.89 W, 300.00 W, 72, 2100 MHz
2026/09/23 02:39:25.726, 0, 95 %, 81 %, 3579 MiB, 49140 MiB, 281.23 W, 300.00 W, 72, 2295 MHz
2026/09/23 02:39:26.727, 0, 93 %, 79 %, 3579 MiB, 49140 MiB, 279.74 W, 300.00 W, 72, 2340 MHz
2026/09/23 02:39:27.730, 0, 92 %, 78 %, 3579 MiB, 49140 MiB, 278.99 W, 300.00 W, 71, 2430 MHz
2026/09/23 02:39:28.731, 0, 91 %, 80 %, 3579 MiB, 49140 MiB, 278.68 W, 300.00 W, 71, 2175 MHz
2026/09/23 02:39:29.732, 0, 69 %, 44 %, 3579 MiB, 49140 MiB, 273.18 W, 300.00 W, 71, 2625 MHz
2026/09/23 02:39:30.733, 0, 39 %, 34 %, 3579 MiB, 49140 MiB, 130.01 W, 300.00 W, 70, 2385 MHz
2026/09/23 02:39:31.734, 0, 90 %, 80 %, 3579 MiB, 49140 MiB, 269.74 W, 300.00 W, 72, 2340 MHz
2026/09/23 02:39:32.735, 0, 91 %, 79 %, 3579 MiB, 49140 MiB, 277.14 W, 300.00 W, 72, 2385 MHz
2026/09/23 02:39:33.736, 0, 93 %, 83 %, 3579 MiB, 49140 MiB, 277.93 W, 300.00 W, 72, 2325 MHz
2026/09/23 02:39:34.736, 0, 92 %, 79 %, 3579 MiB, 49140 MiB, 280.53 W, 300.00 W, 71, 2205 MHz
2026/09/23 02:39:35.737, 0, 95 %, 81 %, 3579 MiB, 49140 MiB, 280.44 W, 300.00 W, 72, 2085 MHz
2026/09/23 02:39:36.738, 0, 94 %, 80 %, 3579 MiB, 49140 MiB, 281.20 W, 300.00 W, 72, 2340 MHz
2026/09/23 02:39:37.739, 0, 90 %, 79 %, 3579 MiB, 49140 MiB, 278.80 W, 300.00 W, 72, 2235 MHz
2026/09/23 02:39:38.739, 0, 95 %, 83 %, 3579 MiB, 49140 MiB, 279.20 W, 300.00 W, 72, 2325 MHz
2026/09/23 02:39:39.740, 0, 92 %, 77 %, 3579 MiB, 49140 MiB, 276.73 W, 300.00 W, 71, 2220 MHz
2026/09/23 02:39:40.741, 0, 89 %, 78 %, 3579 MiB, 49140 MiB, 277.61 W, 300.00 W, 71, 2175 MHz
2026/09/23 02:39:41.742, 0, 94 %, 81 %, 3579 MiB, 49140 MiB, 279.03 W, 300.00 W, 72, 2145 MHz
2026/09/23 02:39:42.743, 0, 24 %, 16 %, 3579 MiB, 49140 MiB, 260.44 W, 300.00 W, 68, 2730 MHz
2026/09/23 02:39:43.743, 0, 93 %, 82 %, 3579 MiB, 49140 MiB, 128.71 W, 300.00 W, 70, 2400 MHz
2026/09/23 02:39:44.744, 0, 92 %, 80 %, 3579 MiB, 49140 MiB, 279.07 W, 300.00 W, 70, 2160 MHz
2026/09/23 02:39:45.745, 0, 88 %, 78 %, 3579 MiB, 49140 MiB, 277.52 W, 300.00 W, 72, 2355 MHz
2026/09/23 02:39:46.745, 0, 89 %, 76 %, 3579 MiB, 49140 MiB, 276.02 W, 300.00 W, 72, 2250 MHz
2026/09/23 02:39:47.746, 0, 90 %, 78 %, 3579 MiB, 49140 MiB, 276.65 W, 300.00 W, 71, 2340 MHz
2026/09/23 02:39:48.747, 0, 89 %, 80 %, 3579 MiB, 49140 MiB, 277.49 W, 300.00 W, 72, 2460 MHz
2026/09/23 02:39:49.748, 0, 93 %, 79 %, 3579 MiB, 49140 MiB, 277.17 W, 300.00 W, 71, 2205 MHz
2026/09/23 02:39:50.749, 0, 89 %, 78 %, 3579 MiB, 49140 MiB, 277.50 W, 300.00 W, 72, 2040 MHz
2026/09/23 02:39:51.750, 0, 88 %, 77 %, 3579 MiB, 49140 MiB, 277.83 W, 300.00 W, 70, 2415 MHz
2026/09/23 02:39:52.751, 0, 89 %, 77 %, 3579 MiB, 49140 MiB, 277.79 W, 300.00 W, 73, 2415 MHz
2026/09/23 02:39:53.754, 0, 92 %, 79 %, 3579 MiB, 49140 MiB, 279.13 W, 300.00 W, 71, 2205 MHz
2026/09/23 02:39:54.755, 0, 91 %, 79 %, 3579 MiB, 49140 MiB, 278.27 W, 300.00 W, 71, 2355 MHz
2026/09/23 02:39:55.756, 0, 0 %, 0 %, 3579 MiB, 49140 MiB, 247.79 W, 300.00 W, 67, 2730 MHz
2026/09/23 02:39:56.756, 0, 88 %, 78 %, 3579 MiB, 49140 MiB, 134.67 W, 300.00 W, 71, 2430 MHz
2026/09/23 02:39:57.757, 0, 92 %, 80 %, 3579 MiB, 49140 MiB, 276.88 W, 300.00 W, 71, 2370 MHz
2026/09/23 02:39:58.759, 0, 93 %, 81 %, 3579 MiB, 49140 MiB, 278.21 W, 300.00 W, 71, 2130 MHz
2026/09/23 02:39:59.759, 0, 93 %, 81 %, 3579 MiB, 49140 MiB, 277.76 W, 300.00 W, 71, 2205 MHz
2026/09/23 02:40:00.760, 0, 92 %, 81 %, 3579 MiB, 49140 MiB, 278.71 W, 300.00 W, 72, 2115 MHz
2026/09/23 02:40:01.761, 0, 92 %, 81 %, 3579 MiB, 49140 MiB, 279.03 W, 300.00 W, 72, 2235 MHz
2026/09/23 02:40:02.761, 0, 93 %, 81 %, 3579 MiB, 49140 MiB, 279.80 W, 300.00 W, 71, 2100 MHz
2026/09/23 02:40:03.762, 0, 94 %, 81 %, 3579 MiB, 49140 MiB, 280.77 W, 300.00 W, 72, 2235 MHz
2026/09/23 02:40:04.763, 0, 89 %, 76 %, 3579 MiB, 49140 MiB, 276.86 W, 300.00 W, 71, 2400 MHz
2026/09/23 02:40:05.763, 0, 89 %, 79 %, 3579 MiB, 49140 MiB, 278.98 W, 300.00 W, 72, 2400 MHz
2026/09/23 02:40:06.765, 0, 93 %, 78 %, 3579 MiB, 49140 MiB, 276.67 W, 300.00 W, 71, 2490 MHz
2026/09/23 02:40:07.766, 0, 92 %, 79 %, 3579 MiB, 49140 MiB, 274.37 W, 300.00 W, 71, 2325 MHz
2026/09/23 02:40:08.767, 0, 0 %, 0 %, 3579 MiB, 49140 MiB, 229.94 W, 300.00 W, 67, 2745 MHz
2026/09/23 02:40:09.767, 0, 89 %, 78 %, 3579 MiB, 49140 MiB, 148.36 W, 300.00 W, 70, 2535 MHz
2026/09/23 02:40:10.768, 0, 92 %, 80 %, 3579 MiB, 49140 MiB, 275.08 W, 300.00 W, 71, 2355 MHz
2026/09/23 02:40:11.769, 0, 96 %, 82 %, 3579 MiB, 49140 MiB, 278.23 W, 300.00 W, 71, 2310 MHz
2026/09/23 02:40:12.770, 0, 96 %, 81 %, 3579 MiB, 49140 MiB, 279.60 W, 300.00 W, 71, 2370 MHz
2026/09/23 02:40:13.771, 0, 95 %, 80 %, 3579 MiB, 49140 MiB, 278.91 W, 300.00 W, 71, 2355 MHz
2026/09/23 02:40:14.771, 0, 91 %, 80 %, 3579 MiB, 49140 MiB, 279.50 W, 300.00 W, 71, 2235 MHz
2026/09/23 02:40:15.772, 0, 92 %, 79 %, 3579 MiB, 49140 MiB, 278.36 W, 300.00 W, 71, 2175 MHz
2026/09/23 02:40:16.773, 0, 94 %, 81 %, 3579 MiB, 49140 MiB, 278.24 W, 300.00 W, 71, 2430 MHz
2026/09/23 02:40:17.774, 0, 88 %, 76 %, 3579 MiB, 49140 MiB, 277.78 W, 300.00 W, 71, 2385 MHz
2026/09/23 02:40:18.777, 0, 93 %, 80 %, 3579 MiB, 49140 MiB, 279.78 W, 300.00 W, 71, 2370 MHz
2026/09/23 02:40:19.777, 0, 86 %, 76 %, 3579 MiB, 49140 MiB, 277.33 W, 300.00 W, 70, 2460 MHz
2026/09/23 02:40:20.779, 0, 88 %, 77 %, 3579 MiB, 49140 MiB, 274.72 W, 300.00 W, 70, 2580 MHz
2026/09/23 02:40:21.779, 0, 0 %, 0 %, 3579 MiB, 49140 MiB, 202.12 W, 300.00 W, 66, 2745 MHz
2026/09/23 02:40:22.780, 0, 0 %, 0 %, 3579 MiB, 49140 MiB, 85.61 W, 300.00 W, 65, 2745 MHz
2026/09/23 02:40:23.780, 0, 85 %, 75 %, 3579 MiB, 49140 MiB, 152.28 W, 300.00 W, 71, 2385 MHz
2026/09/23 02:40:24.781, 0, 91 %, 80 %, 3579 MiB, 49140 MiB, 275.06 W, 300.00 W, 70, 2250 MHz
2026/09/23 02:40:25.781, 0, 88 %, 77 %, 3579 MiB, 49140 MiB, 271.95 W, 300.00 W, 69, 2340 MHz
2026/09/23 02:40:26.783, 0, 88 %, 76 %, 3579 MiB, 49140 MiB, 273.91 W, 300.00 W, 71, 2295 MHz
2026/09/23 02:40:27.783, 0, 92 %, 78 %, 3579 MiB, 49140 MiB, 277.93 W, 300.00 W, 70, 2415 MHz
2026/09/23 02:40:28.785, 0, 92 %, 78 %, 3579 MiB, 49140 MiB, 279.16 W, 300.00 W, 71, 2400 MHz
2026/09/23 02:40:29.785, 0, 94 %, 79 %, 3579 MiB, 49140 MiB, 279.85 W, 300.00 W, 71, 2385 MHz
2026/09/23 02:40:30.786, 0, 91 %, 81 %, 3579 MiB, 49140 MiB, 277.55 W, 300.00 W, 71, 2325 MHz
2026/09/23 02:40:31.787, 0, 94 %, 80 %, 3579 MiB, 49140 MiB, 280.00 W, 300.00 W, 71, 2355 MHz
2026/09/23 02:40:32.787, 0, 95 %, 81 %, 3579 MiB, 49140 MiB, 276.36 W, 300.00 W, 72, 2055 MHz
2026/09/23 02:40:33.788, 0, 91 %, 79 %, 3579 MiB, 49140 MiB, 278.04 W, 300.00 W, 73, 2355 MHz
2026/09/23 02:40:34.789, 0, 91 %, 80 %, 3579 MiB, 49140 MiB, 277.74 W, 300.00 W, 71, 2475 MHz
2026/09/23 02:40:35.790, 0, 0 %, 0 %, 3579 MiB, 49140 MiB, 207.62 W, 300.00 W, 66, 2745 MHz
2026/09/23 02:40:36.790, 0, 92 %, 77 %, 3579 MiB, 49140 MiB, 168.81 W, 300.00 W, 71, 2325 MHz
2026/09/23 02:40:37.791, 0, 93 %, 80 %, 3579 MiB, 49140 MiB, 276.67 W, 300.00 W, 70, 2325 MHz
2026/09/23 02:40:38.791, 0, 93 %, 81 %, 3579 MiB, 49140 MiB, 276.09 W, 300.00 W, 70, 2355 MHz
2026/09/23 02:40:39.792, 0, 95 %, 83 %, 3579 MiB, 49140 MiB, 279.92 W, 300.00 W, 70, 2310 MHz
2026/09/23 02:40:40.793, 0, 88 %, 76 %, 3579 MiB, 49140 MiB, 280.30 W, 300.00 W, 72, 2205 MHz
2026/09/23 02:40:41.794, 0, 93 %, 82 %, 3579 MiB, 49140 MiB, 280.65 W, 300.00 W, 71, 2385 MHz
2026/09/23 02:40:42.794, 0, 91 %, 79 %, 3579 MiB, 49140 MiB, 281.89 W, 300.00 W, 72, 2205 MHz
2026/09/23 02:40:43.795, 0, 92 %, 78 %, 3579 MiB, 49140 MiB, 281.83 W, 300.00 W, 72, 2070 MHz
2026/09/23 02:40:44.796, 0, 87 %, 76 %, 3579 MiB, 49140 MiB, 281.22 W, 300.00 W, 72, 2445 MHz
2026/09/23 02:40:45.798, 0, 89 %, 78 %, 3579 MiB, 49140 MiB, 281.33 W, 300.00 W, 71, 2400 MHz
2026/09/23 02:40:46.799, 0, 91 %, 77 %, 3579 MiB, 49140 MiB, 279.47 W, 300.00 W, 71, 2370 MHz
2026/09/23 02:40:47.799, 0, 75 %, 56 %, 3579 MiB, 49140 MiB, 278.18 W, 300.00 W, 71, 2520 MHz
2026/09/23 02:40:48.800, 0, 0 %, 0 %, 3579 MiB, 49140 MiB, 192.48 W, 300.00 W, 66, 2745 MHz
2026/09/23 02:40:49.801, 0, 93 %, 81 %, 3579 MiB, 49140 MiB, 184.80 W, 300.00 W, 69, 2445 MHz
2026/09/23 02:40:50.802, 0, 93 %, 82 %, 3579 MiB, 49140 MiB, 280.41 W, 300.00 W, 71, 2355 MHz
2026/09/23 02:40:51.802, 0, 92 %, 79 %, 3579 MiB, 49140 MiB, 277.57 W, 300.00 W, 72, 2220 MHz
2026/09/23 02:40:52.803, 0, 91 %, 79 %, 3579 MiB, 49140 MiB, 275.46 W, 300.00 W, 71, 2190 MHz
2026/09/23 02:40:53.804, 0, 90 %, 78 %, 3579 MiB, 49140 MiB, 275.43 W, 300.00 W, 71, 2370 MHz
2026/09/23 02:40:54.805, 0, 89 %, 76 %, 3579 MiB, 49140 MiB, 276.53 W, 300.00 W, 71, 2370 MHz
2026/09/23 02:40:55.808, 0, 92 %, 79 %, 3579 MiB, 49140 MiB, 277.03 W, 300.00 W, 71, 2355 MHz
2026/09/23 02:40:56.808, 0, 88 %, 76 %, 3579 MiB, 49140 MiB, 274.82 W, 300.00 W, 70, 2445 MHz
2026/09/23 02:40:57.809, 0, 91 %, 80 %, 3579 MiB, 49140 MiB, 276.46 W, 300.00 W, 72, 2325 MHz
2026/09/23 02:40:58.810, 0, 91 %, 80 %, 3579 MiB, 49140 MiB, 279.62 W, 300.00 W, 71, 2235 MHz
2026/09/23 02:40:59.813, 0, 90 %, 79 %, 3579 MiB, 49140 MiB, 278.60 W, 300.00 W, 71, 2160 MHz
2026/09/23 02:41:00.814, 0, 69 %, 44 %, 3579 MiB, 49140 MiB, 274.70 W, 300.00 W, 72, 2610 MHz
2026/09/23 02:41:01.814, 0, 0 %, 0 %, 3579 MiB, 49140 MiB, 169.48 W, 300.00 W, 66, 2700 MHz
2026/09/23 02:41:02.816, 0, 90 %, 76 %, 3579 MiB, 49140 MiB, 208.53 W, 300.00 W, 71, 2355 MHz
2026/09/23 02:41:03.817, 0, 90 %, 78 %, 3579 MiB, 49140 MiB, 276.29 W, 300.00 W, 71, 2370 MHz
2026/09/23 02:41:04.818, 0, 93 %, 82 %, 3579 MiB, 49140 MiB, 275.47 W, 300.00 W, 71, 2400 MHz
2026/09/23 02:41:05.818, 0, 92 %, 80 %, 3579 MiB, 49140 MiB, 277.50 W, 300.00 W, 72, 2355 MHz
2026/09/23 02:41:06.819, 0, 89 %, 78 %, 3579 MiB, 49140 MiB, 277.66 W, 300.00 W, 71, 2385 MHz
2026/09/23 02:41:07.820, 0, 89 %, 76 %, 3579 MiB, 49140 MiB, 276.99 W, 300.00 W, 72, 2355 MHz
2026/09/23 02:41:08.821, 0, 95 %, 83 %, 3579 MiB, 49140 MiB, 279.00 W, 300.00 W, 70, 2280 MHz
2026/09/23 02:41:09.823, 0, 82 %, 71 %, 3579 MiB, 49140 MiB, 275.69 W, 300.00 W, 71, 2565 MHz
2026/09/23 02:41:10.824, 0, 90 %, 77 %, 3579 MiB, 49140 MiB, 275.80 W, 300.00 W, 72, 2400 MHz
2026/09/23 02:41:11.825, 0, 87 %, 76 %, 3579 MiB, 49140 MiB, 278.51 W, 300.00 W, 71, 2370 MHz
2026/09/23 02:41:12.825, 0, 90 %, 79 %, 3579 MiB, 49140 MiB, 275.99 W, 300.00 W, 71, 2415 MHz
2026/09/23 02:41:13.826, 0, 68 %, 43 %, 3579 MiB, 49140 MiB, 275.30 W, 300.00 W, 73, 2520 MHz
2026/09/23 02:41:14.826, 0, 0 %, 0 %, 3579 MiB, 49140 MiB, 157.86 W, 300.00 W, 66, 2745 MHz
2026/09/23 02:41:15.827, 0, 87 %, 75 %, 3579 MiB, 49140 MiB, 230.82 W, 300.00 W, 71, 2430 MHz
2026/09/23 02:41:16.828, 0, 94 %, 81 %, 3579 MiB, 49140 MiB, 282.87 W, 300.00 W, 70, 2355 MHz
2026/09/23 02:41:17.829, 0, 90 %, 79 %, 3579 MiB, 49140 MiB, 280.19 W, 300.00 W, 71, 2385 MHz
2026/09/23 02:41:18.830, 0, 85 %, 74 %, 3579 MiB, 49140 MiB, 277.71 W, 300.00 W, 71, 2550 MHz
2026/09/23 02:41:19.831, 0, 92 %, 79 %, 3579 MiB, 49140 MiB, 280.97 W, 300.00 W, 72, 2340 MHz
2026/09/23 02:41:20.832, 0, 91 %, 79 %, 3579 MiB, 49140 MiB, 280.57 W, 300.00 W, 73, 2355 MHz
2026/09/23 02:41:21.832, 0, 92 %, 80 %, 3579 MiB, 49140 MiB, 281.73 W, 300.00 W, 72, 2370 MHz
2026/09/23 02:41:22.833, 0, 94 %, 82 %, 3579 MiB, 49140 MiB, 282.46 W, 300.00 W, 72, 2430 MHz
2026/09/23 02:41:23.833, 0, 88 %, 76 %, 3579 MiB, 49140 MiB, 282.79 W, 300.00 W, 71, 2460 MHz
2026/09/23 02:41:24.835, 0, 88 %, 76 %, 3579 MiB, 49140 MiB, 281.73 W, 300.00 W, 71, 2385 MHz
2026/09/23 02:41:25.839, 0, 89 %, 77 %, 3579 MiB, 49140 MiB, 279.47 W, 300.00 W, 72, 2460 MHz
2026/09/23 02:41:26.839, 0, 60 %, 39 %, 3579 MiB, 49140 MiB, 272.26 W, 300.00 W, 73, 2595 MHz
2026/09/23 02:41:27.841, 0, 0 %, 0 %, 3579 MiB, 49140 MiB, 144.47 W, 300.00 W, 66, 2745 MHz
2026/09/23 02:41:28.842, 0, 91 %, 78 %, 3579 MiB, 49140 MiB, 242.75 W, 300.00 W, 71, 2370 MHz
2026/09/23 02:41:29.842, 0, 92 %, 81 %, 3579 MiB, 49140 MiB, 281.00 W, 300.00 W, 71, 2295 MHz
2026/09/23 02:41:30.843, 0, 91 %, 80 %, 3579 MiB, 49140 MiB, 280.39 W, 300.00 W, 71, 2175 MHz
2026/09/23 02:41:31.844, 0, 92 %, 80 %, 3579 MiB, 49140 MiB, 279.98 W, 300.00 W, 71, 2130 MHz
2026/09/23 02:41:32.844, 0, 95 %, 82 %, 3579 MiB, 49140 MiB, 278.69 W, 300.00 W, 71, 2070 MHz
2026/09/23 02:41:33.846, 0, 89 %, 77 %, 3579 MiB, 49140 MiB, 277.25 W, 300.00 W, 71, 2205 MHz
2026/09/23 02:41:34.846, 0, 91 %, 79 %, 3579 MiB, 49140 MiB, 279.75 W, 300.00 W, 71, 2115 MHz
2026/09/23 02:41:35.847, 0, 94 %, 83 %, 3579 MiB, 49140 MiB, 279.33 W, 300.00 W, 71, 2385 MHz
2026/09/23 02:41:36.850, 0, 88 %, 77 %, 3579 MiB, 49140 MiB, 274.60 W, 300.00 W, 70, 2490 MHz
2026/09/23 02:41:37.851, 0, 90 %, 79 %, 3579 MiB, 49140 MiB, 277.44 W, 300.00 W, 72, 2370 MHz
2026/09/23 02:41:38.852, 0, 91 %, 79 %, 3579 MiB, 49140 MiB, 279.75 W, 300.00 W, 72, 2415 MHz
2026/09/23 02:41:39.852, 0, 57 %, 37 %, 3579 MiB, 49140 MiB, 200.71 W, 300.00 W, 66, 2745 MHz
2026/09/23 02:41:40.853, 0, 21 %, 19 %, 3579 MiB, 49140 MiB, 178.36 W, 300.00 W, 71, 2355 MHz
2026/09/23 02:41:41.854, 0, 89 %, 76 %, 3579 MiB, 49140 MiB, 281.11 W, 300.00 W, 72, 2370 MHz
2026/09/23 02:41:42.855, 0, 85 %, 73 %, 3579 MiB, 49140 MiB, 279.45 W, 300.00 W, 71, 2205 MHz
2026/09/23 02:41:43.856, 0, 93 %, 82 %, 3579 MiB, 49140 MiB, 280.79 W, 300.00 W, 71, 2415 MHz
2026/09/23 02:41:44.857, 0, 95 %, 83 %, 3579 MiB, 49140 MiB, 281.65 W, 300.00 W, 70, 2430 MHz
2026/09/23 02:41:45.857, 0, 90 %, 79 %, 3579 MiB, 49140 MiB, 282.43 W, 300.00 W, 70, 2160 MHz
2026/09/23 02:41:46.858, 0, 87 %, 75 %, 3579 MiB, 49140 MiB, 280.95 W, 300.00 W, 73, 2205 MHz
2026/09/23 02:41:47.858, 0, 88 %, 77 %, 3579 MiB, 49140 MiB, 280.47 W, 300.00 W, 73, 2445 MHz
2026/09/23 02:41:48.859, 0, 90 %, 78 %, 3579 MiB, 49140 MiB, 279.76 W, 300.00 W, 71, 2325 MHz
2026/09/23 02:41:49.860, 0, 89 %, 78 %, 3579 MiB, 49140 MiB, 279.09 W, 300.00 W, 72, 2145 MHz
2026/09/23 02:41:50.861, 0, 93 %, 81 %, 3579 MiB, 49140 MiB, 282.14 W, 300.00 W, 71, 2220 MHz
2026/09/23 02:41:51.862, 0, 92 %, 80 %, 3579 MiB, 49140 MiB, 278.75 W, 300.00 W, 73, 2610 MHz
2026/09/23 02:41:52.862, 0, 64 %, 42 %, 3579 MiB, 49140 MiB, 192.00 W, 300.00 W, 66, 2745 MHz
2026/09/23 02:41:53.863, 0, 82 %, 72 %, 3579 MiB, 49140 MiB, 187.89 W, 300.00 W, 71, 2340 MHz
2026/09/23 02:41:54.865, 0, 94 %, 81 %, 3579 MiB, 49140 MiB, 278.50 W, 300.00 W, 70, 2370 MHz
2026/09/23 02:41:55.867, 0, 92 %, 81 %, 3579 MiB, 49140 MiB, 279.77 W, 300.00 W, 70, 2280 MHz
2026/09/23 02:41:56.869, 0, 90 %, 78 %, 3579 MiB, 49140 MiB, 277.69 W, 300.00 W, 72, 2400 MHz
2026/09/23 02:41:57.870, 0, 90 %, 78 %, 3579 MiB, 49140 MiB, 276.67 W, 300.00 W, 72, 2370 MHz
2026/09/23 02:41:58.871, 0, 89 %, 77 %, 3579 MiB, 49140 MiB, 278.14 W, 300.00 W, 72, 2325 MHz
2026/09/23 02:41:59.872, 0, 89 %, 78 %, 3579 MiB, 49140 MiB, 278.38 W, 300.00 W, 71, 2355 MHz
2026/09/23 02:42:00.873, 0, 92 %, 80 %, 3579 MiB, 49140 MiB, 277.02 W, 300.00 W, 72, 2235 MHz
2026/09/23 02:42:01.874, 0, 90 %, 79 %, 3579 MiB, 49140 MiB, 278.90 W, 300.00 W, 70, 2340 MHz
2026/09/23 02:42:02.874, 0, 92 %, 79 %, 3579 MiB, 49140 MiB, 279.58 W, 300.00 W, 71, 2040 MHz
2026/09/23 02:42:03.875, 0, 91 %, 78 %, 3579 MiB, 49140 MiB, 275.86 W, 300.00 W, 71, 2070 MHz
2026/09/23 02:42:04.875, 0, 92 %, 81 %, 3579 MiB, 49140 MiB, 276.64 W, 300.00 W, 72, 2460 MHz
2026/09/23 02:42:05.876, 0, 16 %, 11 %, 3579 MiB, 49140 MiB, 173.84 W, 300.00 W, 66, 2745 MHz
2026/09/23 02:42:06.876, 0, 92 %, 78 %, 3579 MiB, 49140 MiB, 218.40 W, 300.00 W, 70, 2130 MHz
2026/09/23 02:42:07.877, 0, 89 %, 78 %, 3579 MiB, 49140 MiB, 282.58 W, 300.00 W, 70, 2370 MHz
2026/09/23 02:42:08.878, 0, 94 %, 81 %, 3579 MiB, 49140 MiB, 280.43 W, 300.00 W, 70, 2340 MHz
2026/09/23 02:42:09.879, 0, 93 %, 79 %, 3579 MiB, 49140 MiB, 282.09 W, 300.00 W, 70, 2175 MHz
2026/09/23 02:42:10.880, 0, 94 %, 80 %, 3579 MiB, 49140 MiB, 280.83 W, 300.00 W, 72, 2370 MHz
2026/09/23 02:42:11.882, 0, 87 %, 76 %, 3579 MiB, 49140 MiB, 279.70 W, 300.00 W, 71, 2505 MHz
2026/09/23 02:42:12.883, 0, 88 %, 77 %, 3579 MiB, 49140 MiB, 280.27 W, 300.00 W, 71, 2265 MHz
2026/09/23 02:42:13.884, 0, 89 %, 77 %, 3579 MiB, 49140 MiB, 280.05 W, 300.00 W, 72, 2325 MHz
2026/09/23 02:42:14.885, 0, 89 %, 78 %, 3579 MiB, 49140 MiB, 281.81 W, 300.00 W, 72, 2355 MHz
2026/09/23 02:42:15.886, 0, 93 %, 82 %, 3579 MiB, 49140 MiB, 282.82 W, 300.00 W, 72, 2340 MHz
2026/09/23 02:42:16.889, 0, 88 %, 77 %, 3579 MiB, 49140 MiB, 281.09 W, 300.00 W, 71, 2460 MHz
2026/09/23 02:42:17.890, 0, 93 %, 80 %, 3579 MiB, 49140 MiB, 274.68 W, 300.00 W, 72, 2730 MHz
2026/09/23 02:42:18.891, 0, 0 %, 0 %, 3579 MiB, 49140 MiB, 148.68 W, 300.00 W, 66, 2745 MHz
2026/09/23 02:42:19.892, 0, 93 %, 81 %, 3579 MiB, 49140 MiB, 238.34 W, 300.00 W, 72, 2385 MHz
2026/09/23 02:42:20.893, 0, 90 %, 79 %, 3579 MiB, 49140 MiB, 280.27 W, 300.00 W, 72, 2445 MHz
2026/09/23 02:42:21.893, 0, 88 %, 77 %, 3579 MiB, 49140 MiB, 281.88 W, 300.00 W, 72, 2445 MHz
2026/09/23 02:42:22.894, 0, 88 %, 78 %, 3579 MiB, 49140 MiB, 281.47 W, 300.00 W, 71, 2460 MHz
2026/09/23 02:42:23.895, 0, 89 %, 77 %, 3579 MiB, 49140 MiB, 279.71 W, 300.00 W, 70, 2370 MHz
2026/09/23 02:42:24.896, 0, 92 %, 79 %, 3579 MiB, 49140 MiB, 281.30 W, 300.00 W, 73, 2475 MHz
2026/09/23 02:42:25.897, 0, 92 %, 77 %, 3579 MiB, 49140 MiB, 282.06 W, 300.00 W, 72, 2340 MHz
2026/09/23 02:42:26.898, 0, 90 %, 78 %, 3579 MiB, 49140 MiB, 279.76 W, 300.00 W, 71, 2175 MHz
2026/09/23 02:42:27.899, 0, 94 %, 82 %, 3579 MiB, 49140 MiB, 280.77 W, 300.00 W, 72, 2415 MHz
2026/09/23 02:42:28.899, 0, 93 %, 79 %, 3579 MiB, 49140 MiB, 284.91 W, 300.00 W, 71, 2235 MHz
2026/09/23 02:42:29.901, 0, 94 %, 82 %, 3579 MiB, 49140 MiB, 283.38 W, 300.00 W, 72, 2385 MHz
2026/09/23 02:42:30.901, 0, 89 %, 76 %, 3579 MiB, 49140 MiB, 276.44 W, 300.00 W, 72, 2595 MHz
2026/09/23 02:42:31.902, 0, 0 %, 0 %, 3579 MiB, 49140 MiB, 128.67 W, 300.00 W, 66, 2745 MHz
2026/09/23 02:42:32.902, 0, 88 %, 77 %, 3579 MiB, 49140 MiB, 238.23 W, 300.00 W, 71, 2355 MHz
2026/09/23 02:42:33.903, 0, 92 %, 82 %, 3579 MiB, 49140 MiB, 279.40 W, 300.00 W, 71, 2355 MHz
2026/09/23 02:42:34.904, 0, 89 %, 76 %, 3579 MiB, 49140 MiB, 280.12 W, 300.00 W, 71, 2325 MHz
2026/09/23 02:42:35.905, 0, 91 %, 80 %, 3579 MiB, 49140 MiB, 281.24 W, 300.00 W, 72, 2100 MHz
2026/09/23 02:42:36.906, 0, 89 %, 77 %, 3579 MiB, 49140 MiB, 275.85 W, 300.00 W, 72, 2520 MHz
2026/09/23 02:42:37.907, 0, 86 %, 75 %, 3579 MiB, 49140 MiB, 275.44 W, 300.00 W, 70, 2265 MHz
2026/09/23 02:42:38.907, 0, 89 %, 76 %, 3579 MiB, 49140 MiB, 277.55 W, 300.00 W, 73, 2265 MHz
2026/09/23 02:42:39.908, 0, 87 %, 76 %, 3579 MiB, 49140 MiB, 276.91 W, 300.00 W, 70, 2430 MHz
2026/09/23 02:42:40.909, 0, 94 %, 81 %, 3579 MiB, 49140 MiB, 278.42 W, 300.00 W, 71, 2385 MHz
2026/09/23 02:42:41.909, 0, 93 %, 81 %, 3579 MiB, 49140 MiB, 279.26 W, 300.00 W, 70, 2295 MHz
2026/09/23 02:42:42.910, 0, 92 %, 80 %, 3579 MiB, 49140 MiB, 279.43 W, 300.00 W, 71, 2295 MHz
2026/09/23 02:42:43.912, 0, 92 %, 79 %, 3579 MiB, 49140 MiB, 272.31 W, 300.00 W, 71, 2535 MHz
2026/09/23 02:42:44.912, 0, 0 %, 0 %, 3579 MiB, 49140 MiB, 134.36 W, 300.00 W, 66, 2745 MHz
2026/09/23 02:42:45.914, 0, 93 %, 81 %, 3579 MiB, 49140 MiB, 251.61 W, 300.00 W, 72, 2130 MHz
2026/09/23 02:42:46.915, 0, 87 %, 75 %, 3579 MiB, 49140 MiB, 278.85 W, 300.00 W, 72, 2145 MHz
2026/09/23 02:42:47.916, 0, 93 %, 82 %, 3579 MiB, 49140 MiB, 278.63 W, 300.00 W, 71, 2370 MHz
2026/09/23 02:42:48.918, 0, 93 %, 78 %, 3579 MiB, 49140 MiB, 278.95 W, 300.00 W, 71, 2355 MHz
2026/09/23 02:42:49.919, 0, 89 %, 77 %, 3579 MiB, 49140 MiB, 275.47 W, 300.00 W, 71, 2325 MHz
2026/09/23 02:42:50.920, 0, 90 %, 78 %, 3579 MiB, 49140 MiB, 279.26 W, 300.00 W, 70, 2340 MHz
2026/09/23 02:42:51.921, 0, 90 %, 79 %, 3579 MiB, 49140 MiB, 277.67 W, 300.00 W, 72, 2115 MHz
2026/09/23 02:42:52.922, 0, 92 %, 79 %, 3579 MiB, 49140 MiB, 276.94 W, 300.00 W, 72, 2370 MHz
2026/09/23 02:42:53.923, 0, 88 %, 76 %, 3579 MiB, 49140 MiB, 274.98 W, 300.00 W, 71, 2460 MHz
2026/09/23 02:42:54.924, 0, 90 %, 78 %, 3579 MiB, 49140 MiB, 278.40 W, 300.00 W, 72, 2460 MHz
2026/09/23 02:42:55.924, 0, 92 %, 81 %, 3579 MiB, 49140 MiB, 275.74 W, 300.00 W, 71, 2400 MHz
2026/09/23 02:42:56.925, 0, 94 %, 83 %, 3579 MiB, 49140 MiB, 267.36 W, 300.00 W, 73, 2640 MHz
2026/09/23 02:42:57.926, 0, 0 %, 0 %, 3579 MiB, 49140 MiB, 124.73 W, 300.00 W, 70, 2430 MHz
2026/09/23 02:42:58.927, 0, 95 %, 83 %, 3579 MiB, 49140 MiB, 268.86 W, 300.00 W, 71, 2415 MHz
2026/09/23 02:42:59.928, 0, 87 %, 76 %, 3579 MiB, 49140 MiB, 280.49 W, 300.00 W, 72, 2370 MHz
2026/09/23 02:43:00.928, 0, 90 %, 79 %, 3579 MiB, 49140 MiB, 281.32 W, 300.00 W, 71, 2370 MHz
2026/09/23 02:43:01.929, 0, 94 %, 79 %, 3579 MiB, 49140 MiB, 281.35 W, 300.00 W, 71, 2310 MHz
2026/09/23 02:43:02.929, 0, 91 %, 78 %, 3579 MiB, 49140 MiB, 278.47 W, 300.00 W, 70, 2370 MHz
2026/09/23 02:43:03.930, 0, 93 %, 79 %, 3579 MiB, 49140 MiB, 280.95 W, 300.00 W, 73, 2220 MHz
2026/09/23 02:43:04.931, 0, 94 %, 83 %, 3579 MiB, 49140 MiB, 281.72 W, 300.00 W, 73, 2190 MHz
2026/09/23 02:43:05.932, 0, 90 %, 78 %, 3579 MiB, 49140 MiB, 280.49 W, 300.00 W, 71, 2370 MHz
2026/09/23 02:43:06.932, 0, 94 %, 81 %, 3579 MiB, 49140 MiB, 279.28 W, 300.00 W, 72, 2460 MHz
2026/09/23 02:43:07.933, 0, 87 %, 75 %, 3579 MiB, 49140 MiB, 281.52 W, 300.00 W, 71, 2445 MHz
2026/09/23 02:43:08.934, 0, 92 %, 79 %, 3579 MiB, 49140 MiB, 281.04 W, 300.00 W, 73, 2400 MHz
2026/09/23 02:43:09.935, 0, 77 %, 63 %, 3579 MiB, 49140 MiB, 272.52 W, 300.00 W, 71, 2580 MHz
2026/09/23 02:43:10.935, 0, 0 %, 0 %, 3579 MiB, 49140 MiB, 127.15 W, 300.00 W, 70, 2505 MHz
2026/09/23 02:43:11.936, 0, 93 %, 82 %, 3579 MiB, 49140 MiB, 275.08 W, 300.00 W, 70, 2355 MHz
2026/09/23 02:43:12.937, 0, 90 %, 79 %, 3579 MiB, 49140 MiB, 283.04 W, 300.00 W, 72, 2460 MHz
2026/09/23 02:43:13.937, 0, 91 %, 78 %, 3579 MiB, 49140 MiB, 282.10 W, 300.00 W, 71, 2535 MHz
2026/09/23 02:43:14.940, 0, 94 %, 83 %, 3579 MiB, 49140 MiB, 281.03 W, 300.00 W, 70, 2370 MHz
2026/09/23 02:43:15.941, 0, 92 %, 78 %, 3579 MiB, 49140 MiB, 280.06 W, 300.00 W, 72, 2220 MHz
2026/09/23 02:43:16.942, 0, 95 %, 83 %, 3579 MiB, 49140 MiB, 282.34 W, 300.00 W, 73, 2040 MHz
2026/09/23 02:43:17.943, 0, 91 %, 80 %, 3579 MiB, 49140 MiB, 281.28 W, 300.00 W, 72, 2355 MHz
2026/09/23 02:43:18.944, 0, 91 %, 76 %, 3579 MiB, 49140 MiB, 281.53 W, 300.00 W, 71, 2280 MHz
2026/09/23 02:43:19.944, 0, 92 %, 81 %, 3579 MiB, 49140 MiB, 281.70 W, 300.00 W, 72, 2475 MHz
2026/09/23 02:43:20.946, 0, 92 %, 81 %, 3579 MiB, 49140 MiB, 280.00 W, 300.00 W, 72, 2385 MHz
2026/09/23 02:43:21.947, 0, 85 %, 73 %, 3579 MiB, 49140 MiB, 280.32 W, 300.00 W, 72, 2265 MHz
2026/09/23 02:43:22.948, 0, 62 %, 39 %, 3579 MiB, 49140 MiB, 268.24 W, 300.00 W, 68, 2730 MHz
2026/09/23 02:43:23.948, 0, 0 %, 0 %, 3579 MiB, 49140 MiB, 120.16 W, 300.00 W, 69, 2505 MHz
2026/09/23 02:43:24.949, 0, 92 %, 81 %, 3579 MiB, 49140 MiB, 277.01 W, 300.00 W, 71, 2355 MHz
2026/09/23 02:43:25.950, 0, 92 %, 80 %, 3579 MiB, 49140 MiB, 279.77 W, 300.00 W, 71, 2175 MHz
2026/09/23 02:43:26.951, 0, 91 %, 78 %, 3579 MiB, 49140 MiB, 277.97 W, 300.00 W, 72, 2415 MHz
2026/09/23 02:43:27.952, 0, 89 %, 77 %, 3579 MiB, 49140 MiB, 278.75 W, 300.00 W, 73, 2310 MHz
2026/09/23 02:43:28.953, 0, 92 %, 79 %, 3579 MiB, 49140 MiB, 278.87 W, 300.00 W, 73, 2355 MHz
2026/09/23 02:43:29.954, 0, 91 %, 79 %, 3579 MiB, 49140 MiB, 279.38 W, 300.00 W, 71, 2460 MHz
2026/09/23 02:43:30.957, 0, 94 %, 80 %, 3579 MiB, 49140 MiB, 278.77 W, 300.00 W, 71, 2220 MHz
2026/09/23 02:43:31.958, 0, 88 %, 75 %, 3579 MiB, 49140 MiB, 278.58 W, 300.00 W, 72, 2310 MHz
2026/09/23 02:43:32.959, 0, 92 %, 81 %, 3579 MiB, 49140 MiB, 277.38 W, 300.00 W, 72, 2370 MHz
2026/09/23 02:43:33.960, 0, 92 %, 77 %, 3579 MiB, 49140 MiB, 280.28 W, 300.00 W, 72, 2250 MHz
2026/09/23 02:43:34.961, 0, 91 %, 79 %, 3579 MiB, 49140 MiB, 276.18 W, 300.00 W, 72, 2445 MHz
2026/09/23 02:43:35.962, 0, 62 %, 40 %, 3579 MiB, 49140 MiB, 243.37 W, 300.00 W, 67, 2745 MHz
2026/09/23 02:43:36.962, 0, 0 %, 0 %, 3579 MiB, 49140 MiB, 129.25 W, 300.00 W, 70, 2415 MHz
2026/09/23 02:43:37.963, 0, 89 %, 77 %, 3579 MiB, 49140 MiB, 281.95 W, 300.00 W, 72, 2520 MHz
2026/09/23 02:43:38.964, 0, 87 %, 75 %, 3579 MiB, 49140 MiB, 281.20 W, 300.00 W, 73, 2355 MHz
2026/09/23 02:43:39.965, 0, 93 %, 82 %, 3579 MiB, 49140 MiB, 282.16 W, 300.00 W, 72, 2370 MHz
2026/09/23 02:43:40.966, 0, 91 %, 80 %, 3579 MiB, 49140 MiB, 280.71 W, 300.00 W, 71, 2460 MHz
2026/09/23 02:43:41.967, 0, 87 %, 76 %, 3579 MiB, 49140 MiB, 280.12 W, 300.00 W, 72, 2130 MHz
2026/09/23 02:43:42.969, 0, 86 %, 75 %, 3579 MiB, 49140 MiB, 279.60 W, 300.00 W, 72, 2355 MHz
2026/09/23 02:43:43.969, 0, 92 %, 80 %, 3579 MiB, 49140 MiB, 280.98 W, 300.00 W, 71, 2430 MHz
2026/09/23 02:43:44.970, 0, 86 %, 75 %, 3579 MiB, 49140 MiB, 279.65 W, 300.00 W, 72, 2355 MHz
2026/09/23 02:43:45.971, 0, 87 %, 76 %, 3579 MiB, 49140 MiB, 281.54 W, 300.00 W, 73, 2400 MHz
2026/09/23 02:43:46.972, 0, 91 %, 79 %, 3579 MiB, 49140 MiB, 281.36 W, 300.00 W, 72, 2415 MHz
2026/09/23 02:43:47.972, 0, 88 %, 76 %, 3579 MiB, 49140 MiB, 279.45 W, 300.00 W, 71, 2475 MHz
2026/09/23 02:43:48.973, 0, 63 %, 40 %, 3579 MiB, 49140 MiB, 235.18 W, 300.00 W, 67, 2745 MHz
2026/09/23 02:43:49.974, 0, 0 %, 0 %, 3579 MiB, 49140 MiB, 142.10 W, 300.00 W, 71, 2400 MHz
2026/09/23 02:43:50.974, 0, 94 %, 82 %, 3579 MiB, 49140 MiB, 276.74 W, 300.00 W, 70, 2460 MHz
2026/09/23 02:43:51.979, 0, 92 %, 77 %, 3579 MiB, 49140 MiB, 276.82 W, 300.00 W, 71, 2310 MHz
2026/09/23 02:43:52.979, 0, 87 %, 75 %, 3579 MiB, 49140 MiB, 277.30 W, 300.00 W, 71, 2280 MHz
2026/09/23 02:43:53.981, 0, 87 %, 76 %, 3579 MiB, 49140 MiB, 277.24 W, 300.00 W, 70, 2250 MHz
2026/09/23 02:43:54.982, 0, 91 %, 78 %, 3579 MiB, 49140 MiB, 277.45 W, 300.00 W, 72, 2445 MHz
2026/09/23 02:43:55.983, 0, 92 %, 78 %, 3579 MiB, 49140 MiB, 276.12 W, 300.00 W, 70, 2235 MHz
2026/09/23 02:43:56.983, 0, 90 %, 78 %, 3579 MiB, 49140 MiB, 276.24 W, 300.00 W, 73, 2355 MHz
2026/09/23 02:43:57.984, 0, 93 %, 82 %, 3579 MiB, 49140 MiB, 277.50 W, 300.00 W, 71, 2415 MHz
2026/09/23 02:43:58.985, 0, 93 %, 78 %, 3579 MiB, 49140 MiB, 276.73 W, 300.00 W, 72, 2355 MHz
2026/09/23 02:43:59.986, 0, 86 %, 75 %, 3579 MiB, 49140 MiB, 277.56 W, 300.00 W, 73, 2445 MHz
2026/09/23 02:44:00.991, 0, 92 %, 80 %, 3579 MiB, 49140 MiB, 277.56 W, 300.00 W, 73, 2430 MHz
2026/09/23 02:44:01.992, 0, 57 %, 37 %, 3579 MiB, 49140 MiB, 232.63 W, 300.00 W, 67, 2745 MHz
2026/09/23 02:44:02.992, 0, 0 %, 0 %, 3579 MiB, 49140 MiB, 144.59 W, 300.00 W, 70, 2370 MHz
2026/09/23 02:44:03.993, 0, 84 %, 74 %, 3579 MiB, 49140 MiB, 273.05 W, 300.00 W, 71, 2325 MHz
2026/09/23 02:44:04.993, 0, 91 %, 78 %, 3579 MiB, 49140 MiB, 275.29 W, 300.00 W, 72, 2055 MHz
2026/09/23 02:44:05.995, 0, 90 %, 76 %, 3579 MiB, 49140 MiB, 280.44 W, 300.00 W, 71, 2295 MHz
2026/09/23 02:44:06.995, 0, 91 %, 79 %, 3579 MiB, 49140 MiB, 278.05 W, 300.00 W, 70, 2370 MHz
2026/09/23 02:44:07.996, 0, 94 %, 82 %, 3579 MiB, 49140 MiB, 280.35 W, 300.00 W, 72, 2355 MHz
2026/09/23 02:44:08.997, 0, 93 %, 81 %, 3579 MiB, 49140 MiB, 279.70 W, 300.00 W, 71, 2355 MHz
2026/09/23 02:44:09.998, 0, 90 %, 77 %, 3579 MiB, 49140 MiB, 278.07 W, 300.00 W, 72, 2340 MHz
2026/09/23 02:44:11.000, 0, 90 %, 78 %, 3579 MiB, 49140 MiB, 277.24 W, 300.00 W, 71, 2430 MHz
2026/09/23 02:44:12.001, 0, 91 %, 79 %, 3579 MiB, 49140 MiB, 278.57 W, 300.00 W, 72, 2220 MHz
2026/09/23 02:44:13.001, 0, 95 %, 80 %, 3579 MiB, 49140 MiB, 277.97 W, 300.00 W, 72, 2430 MHz
2026/09/23 02:44:14.002, 0, 92 %, 80 %, 3579 MiB, 49140 MiB, 279.95 W, 300.00 W, 71, 2205 MHz
2026/09/23 02:44:15.003, 0, 60 %, 39 %, 3579 MiB, 49140 MiB, 218.68 W, 300.00 W, 67, 2745 MHz
2026/09/23 02:44:16.003, 0, 0 %, 0 %, 3579 MiB, 49140 MiB, 162.32 W, 300.00 W, 71, 2175 MHz
2026/09/23 02:44:17.004, 0, 92 %, 81 %, 3579 MiB, 49140 MiB, 276.68 W, 300.00 W, 72, 2175 MHz
2026/09/23 02:44:18.005, 0, 93 %, 81 %, 3579 MiB, 49140 MiB, 282.13 W, 300.00 W, 72, 2220 MHz
2026/09/23 02:44:19.006, 0, 92 %, 79 %, 3579 MiB, 49140 MiB, 281.48 W, 300.00 W, 72, 2145 MHz
2026/09/23 02:44:20.007, 0, 88 %, 77 %, 3579 MiB, 49140 MiB, 279.46 W, 300.00 W, 72, 2295 MHz
2026/09/23 02:44:21.007, 0, 94 %, 83 %, 3579 MiB, 49140 MiB, 281.72 W, 300.00 W, 71, 2355 MHz
2026/09/23 02:44:22.008, 0, 95 %, 83 %, 3579 MiB, 49140 MiB, 282.40 W, 300.00 W, 71, 2340 MHz
2026/09/23 02:44:23.010, 0, 90 %, 79 %, 3579 MiB, 49140 MiB, 281.43 W, 300.00 W, 72, 2325 MHz
2026/09/23 02:44:24.011, 0, 90 %, 78 %, 3579 MiB, 49140 MiB, 280.79 W, 300.00 W, 71, 2340 MHz
2026/09/23 02:44:25.011, 0, 96 %, 84 %, 3579 MiB, 49140 MiB, 282.51 W, 300.00 W, 71, 2490 MHz
2026/09/23 02:44:26.013, 0, 91 %, 80 %, 3579 MiB, 49140 MiB, 280.40 W, 300.00 W, 71, 2445 MHz
2026/09/23 02:44:27.013, 0, 93 %, 80 %, 3579 MiB, 49140 MiB, 279.76 W, 300.00 W, 72, 2400 MHz
2026/09/23 02:44:28.014, 0, 60 %, 39 %, 3579 MiB, 49140 MiB, 212.69 W, 300.00 W, 66, 2745 MHz
2026/09/23 02:44:29.014, 0, 0 %, 0 %, 3579 MiB, 49140 MiB, 165.28 W, 300.00 W, 71, 2400 MHz
2026/09/23 02:44:30.015, 0, 92 %, 81 %, 3579 MiB, 49140 MiB, 276.33 W, 300.00 W, 71, 2325 MHz
2026/09/23 02:44:31.016, 0, 92 %, 77 %, 3579 MiB, 49140 MiB, 278.57 W, 300.00 W, 71, 2445 MHz
2026/09/23 02:44:32.017, 0, 93 %, 82 %, 3579 MiB, 49140 MiB, 278.62 W, 300.00 W, 72, 2400 MHz
2026/09/23 02:44:33.018, 0, 91 %, 79 %, 3579 MiB, 49140 MiB, 276.26 W, 300.00 W, 70, 2310 MHz
2026/09/23 02:44:34.019, 0, 94 %, 81 %, 3579 MiB, 49140 MiB, 277.57 W, 300.00 W, 71, 2370 MHz
2026/09/23 02:44:35.019, 0, 91 %, 78 %, 3579 MiB, 49140 MiB, 279.63 W, 300.00 W, 71, 2295 MHz
2026/09/23 02:44:36.021, 0, 87 %, 75 %, 3579 MiB, 49140 MiB, 278.22 W, 300.00 W, 72, 2295 MHz
2026/09/23 02:44:37.022, 0, 92 %, 79 %, 3579 MiB, 49140 MiB, 277.33 W, 300.00 W, 70, 2445 MHz
2026/09/23 02:44:38.022, 0, 94 %, 81 %, 3579 MiB, 49140 MiB, 277.37 W, 300.00 W, 71, 2340 MHz
2026/09/23 02:44:39.023, 0, 90 %, 77 %, 3579 MiB, 49140 MiB, 277.05 W, 300.00 W, 73, 2190 MHz
2026/09/23 02:44:40.024, 0, 90 %, 78 %, 3579 MiB, 49140 MiB, 275.11 W, 300.00 W, 72, 2550 MHz
2026/09/23 02:44:41.024, 0, 64 %, 41 %, 3579 MiB, 49140 MiB, 182.27 W, 300.00 W, 66, 2745 MHz
2026/09/23 02:44:42.025, 0, 0 %, 0 %, 3579 MiB, 49140 MiB, 184.07 W, 300.00 W, 71, 2430 MHz
2026/09/23 02:44:43.026, 0, 92 %, 81 %, 3579 MiB, 49140 MiB, 280.11 W, 300.00 W, 70, 2400 MHz
2026/09/23 02:44:44.026, 0, 85 %, 74 %, 3579 MiB, 49140 MiB, 280.07 W, 300.00 W, 72, 2190 MHz
2026/09/23 02:44:45.029, 0, 90 %, 80 %, 3579 MiB, 49140 MiB, 278.48 W, 300.00 W, 70, 2490 MHz
2026/09/23 02:44:46.030, 0, 87 %, 76 %, 3579 MiB, 49140 MiB, 280.55 W, 300.00 W, 71, 2385 MHz
2026/09/23 02:44:47.031, 0, 87 %, 75 %, 3579 MiB, 49140 MiB, 280.90 W, 300.00 W, 70, 2445 MHz
2026/09/23 02:44:48.032, 0, 91 %, 79 %, 3579 MiB, 49140 MiB, 280.82 W, 300.00 W, 72, 2145 MHz
2026/09/23 02:44:49.032, 0, 93 %, 81 %, 3579 MiB, 49140 MiB, 283.12 W, 300.00 W, 72, 2100 MHz
2026/09/23 02:44:50.033, 0, 90 %, 77 %, 3579 MiB, 49140 MiB, 282.07 W, 300.00 W, 73, 2130 MHz
2026/09/23 02:44:51.034, 0, 92 %, 79 %, 3579 MiB, 49140 MiB, 281.68 W, 300.00 W, 72, 2400 MHz
2026/09/23 02:44:52.035, 0, 87 %, 77 %, 3579 MiB, 49140 MiB, 279.13 W, 300.00 W, 73, 2115 MHz
2026/09/23 02:44:53.036, 0, 90 %, 77 %, 3579 MiB, 49140 MiB, 280.24 W, 300.00 W, 72, 2355 MHz
2026/09/23 02:44:54.037, 0, 60 %, 39 %, 3579 MiB, 49140 MiB, 191.85 W, 300.00 W, 66, 2745 MHz
2026/09/23 02:44:55.037, 0, 0 %, 0 %, 3579 MiB, 49140 MiB, 188.43 W, 300.00 W, 71, 2160 MHz
2026/09/23 02:44:56.038, 0, 92 %, 79 %, 3579 MiB, 49140 MiB, 278.03 W, 300.00 W, 72, 2085 MHz
2026/09/23 02:44:57.039, 0, 92 %, 79 %, 3579 MiB, 49140 MiB, 277.62 W, 300.00 W, 71, 2355 MHz
2026/09/23 02:44:58.040, 0, 90 %, 76 %, 3579 MiB, 49140 MiB, 275.98 W, 300.00 W, 70, 2445 MHz
2026/09/23 02:44:59.041, 0, 87 %, 76 %, 3579 MiB, 49140 MiB, 277.01 W, 300.00 W, 73, 2130 MHz
2026/09/23 02:45:00.042, 0, 87 %, 77 %, 3579 MiB, 49140 MiB, 276.77 W, 300.00 W, 72, 2310 MHz
2026/09/23 02:45:01.043, 0, 92 %, 77 %, 3579 MiB, 49140 MiB, 275.27 W, 300.00 W, 71, 2265 MHz
2026/09/23 02:45:02.043, 0, 88 %, 77 %, 3579 MiB, 49140 MiB, 277.98 W, 300.00 W, 71, 2460 MHz
2026/09/23 02:45:03.044, 0, 93 %, 82 %, 3579 MiB, 49140 MiB, 279.83 W, 300.00 W, 71, 2205 MHz
2026/09/23 02:45:04.045, 0, 88 %, 76 %, 3579 MiB, 49140 MiB, 277.46 W, 300.00 W, 72, 2235 MHz
2026/09/23 02:45:05.046, 0, 94 %, 80 %, 3579 MiB, 49140 MiB, 279.08 W, 300.00 W, 71, 2220 MHz
2026/09/23 02:45:06.046, 0, 88 %, 74 %, 3579 MiB, 49140 MiB, 272.56 W, 300.00 W, 71, 2610 MHz
2026/09/23 02:45:07.047, 0, 53 %, 34 %, 3579 MiB, 49140 MiB, 179.11 W, 300.00 W, 66, 2745 MHz
2026/09/23 02:45:08.047, 0, 96 %, 83 %, 3579 MiB, 49140 MiB, 199.98 W, 300.00 W, 70, 2340 MHz
2026/09/23 02:45:09.048, 0, 88 %, 76 %, 3579 MiB, 49140 MiB, 278.28 W, 300.00 W, 71, 2385 MHz
2026/09/23 02:45:10.049, 0, 92 %, 80 %, 3579 MiB, 49140 MiB, 278.15 W, 300.00 W, 72, 2310 MHz
2026/09/23 02:45:11.050, 0, 88 %, 77 %, 3579 MiB, 49140 MiB, 277.73 W, 300.00 W, 72, 2460 MHz
2026/09/23 02:45:12.050, 0, 90 %, 80 %, 3579 MiB, 49140 MiB, 277.08 W, 300.00 W, 72, 2325 MHz
2026/09/23 02:45:13.051, 0, 91 %, 79 %, 3579 MiB, 49140 MiB, 275.45 W, 300.00 W, 70, 2385 MHz
2026/09/23 02:45:14.055, 0, 88 %, 77 %, 3579 MiB, 49140 MiB, 278.79 W, 300.00 W, 71, 2355 MHz
2026/09/23 02:45:15.056, 0, 86 %, 76 %, 3579 MiB, 49140 MiB, 276.89 W, 300.00 W, 71, 2145 MHz
2026/09/23 02:45:16.056, 0, 92 %, 77 %, 3579 MiB, 49140 MiB, 278.19 W, 300.00 W, 71, 2400 MHz
2026/09/23 02:45:17.057, 0, 93 %, 80 %, 3579 MiB, 49140 MiB, 278.49 W, 300.00 W, 70, 2430 MHz
2026/09/23 02:45:18.058, 0, 90 %, 79 %, 3579 MiB, 49140 MiB, 279.35 W, 300.00 W, 71, 2430 MHz
2026/09/23 02:45:19.059, 0, 94 %, 79 %, 3579 MiB, 49140 MiB, 276.99 W, 300.00 W, 73, 2535 MHz
2026/09/23 02:45:20.059, 0, 0 %, 0 %, 3579 MiB, 49140 MiB, 165.51 W, 300.00 W, 66, 2745 MHz
2026/09/23 02:45:21.060, 0, 94 %, 83 %, 3579 MiB, 49140 MiB, 215.77 W, 300.00 W, 70, 2160 MHz
2026/09/23 02:45:22.060, 0, 86 %, 75 %, 3579 MiB, 49140 MiB, 277.69 W, 300.00 W, 70, 2370 MHz
2026/09/23 02:45:23.061, 0, 90 %, 79 %, 3579 MiB, 49140 MiB, 279.20 W, 300.00 W, 71, 2445 MHz
2026/09/23 02:45:24.062, 0, 88 %, 76 %, 3579 MiB, 49140 MiB, 279.01 W, 300.00 W, 72, 2325 MHz
2026/09/23 02:45:25.063, 0, 87 %, 77 %, 3579 MiB, 49140 MiB, 277.43 W, 300.00 W, 72, 2430 MHz
2026/09/23 02:45:26.064, 0, 93 %, 80 %, 3579 MiB, 49140 MiB, 278.92 W, 300.00 W, 71, 2310 MHz
2026/09/23 02:45:27.065, 0, 88 %, 75 %, 3579 MiB, 49140 MiB, 278.12 W, 300.00 W, 72, 2370 MHz
2026/09/23 02:45:28.065, 0, 88 %, 76 %, 3579 MiB, 49140 MiB, 275.11 W, 300.00 W, 72, 2130 MHz
2026/09/23 02:45:29.067, 0, 90 %, 77 %, 3579 MiB, 49140 MiB, 275.85 W, 300.00 W, 71, 2145 MHz
2026/09/23 02:45:30.068, 0, 94 %, 80 %, 3579 MiB, 49140 MiB, 275.95 W, 300.00 W, 71, 2220 MHz
2026/09/23 02:45:31.069, 0, 91 %, 78 %, 3579 MiB, 49140 MiB, 277.44 W, 300.00 W, 71, 2415 MHz
2026/09/23 02:45:32.069, 0, 93 %, 81 %, 3579 MiB, 49140 MiB, 271.89 W, 300.00 W, 71, 2595 MHz
2026/09/23 02:45:33.070, 0, 0 %, 0 %, 3579 MiB, 49140 MiB, 145.80 W, 300.00 W, 66, 2745 MHz
2026/09/23 02:45:34.070, 0, 92 %, 78 %, 3579 MiB, 49140 MiB, 237.44 W, 300.00 W, 71, 2355 MHz
2026/09/23 02:45:35.071, 0, 91 %, 77 %, 3579 MiB, 49140 MiB, 282.06 W, 300.00 W, 71, 2160 MHz
2026/09/23 02:45:36.071, 0, 93 %, 81 %, 3579 MiB, 49140 MiB, 282.80 W, 300.00 W, 72, 2355 MHz
2026/09/23 02:45:37.072, 0, 88 %, 74 %, 3579 MiB, 49140 MiB, 280.95 W, 300.00 W, 70, 2475 MHz
2026/09/23 02:45:38.073, 0, 91 %, 80 %, 3579 MiB, 49140 MiB, 281.44 W, 300.00 W, 72, 2355 MHz
2026/09/23 02:45:39.074, 0, 87 %, 75 %, 3579 MiB, 49140 MiB, 281.27 W, 300.00 W, 71, 2205 MHz
2026/09/23 02:45:40.075, 0, 92 %, 80 %, 3579 MiB, 49140 MiB, 280.62 W, 300.00 W, 71, 2400 MHz
2026/09/23 02:45:41.075, 0, 89 %, 78 %, 3579 MiB, 49140 MiB, 280.91 W, 300.00 W, 71, 2460 MHz
2026/09/23 02:45:42.076, 0, 93 %, 82 %, 3579 MiB, 49140 MiB, 282.82 W, 300.00 W, 71, 2430 MHz
2026/09/23 02:45:43.078, 0, 86 %, 76 %, 3579 MiB, 49140 MiB, 281.66 W, 300.00 W, 72, 2370 MHz
2026/09/23 02:45:44.079, 0, 87 %, 74 %, 3579 MiB, 49140 MiB, 280.74 W, 300.00 W, 71, 2325 MHz
2026/09/23 02:45:45.080, 0, 90 %, 76 %, 3579 MiB, 49140 MiB, 270.93 W, 300.00 W, 72, 2595 MHz
2026/09/23 02:45:46.080, 0, 0 %, 0 %, 3579 MiB, 49140 MiB, 137.68 W, 300.00 W, 66, 2745 MHz
2026/09/23 02:45:47.082, 0, 93 %, 82 %, 3579 MiB, 49140 MiB, 245.94 W, 300.00 W, 71, 2130 MHz
2026/09/23 02:45:48.083, 0, 95 %, 80 %, 3579 MiB, 49140 MiB, 278.50 W, 300.00 W, 70, 2175 MHz
2026/09/23 02:45:49.084, 0, 92 %, 78 %, 3579 MiB, 49140 MiB, 279.95 W, 300.00 W, 72, 2280 MHz
2026/09/23 02:45:50.084, 0, 87 %, 76 %, 3579 MiB, 49140 MiB, 277.15 W, 300.00 W, 73, 2280 MHz
2026/09/23 02:45:51.085, 0, 93 %, 81 %, 3579 MiB, 49140 MiB, 280.17 W, 300.00 W, 70, 2415 MHz
2026/09/23 02:45:52.085, 0, 89 %, 77 %, 3579 MiB, 49140 MiB, 277.44 W, 300.00 W, 73, 2310 MHz
2026/09/23 02:45:53.087, 0, 89 %, 79 %, 3579 MiB, 49140 MiB, 278.36 W, 300.00 W, 71, 2385 MHz
2026/09/23 02:45:54.088, 0, 93 %, 83 %, 3579 MiB, 49140 MiB, 278.81 W, 300.00 W, 71, 2325 MHz
2026/09/23 02:45:55.090, 0, 91 %, 77 %, 3579 MiB, 49140 MiB, 277.11 W, 300.00 W, 70, 2265 MHz
2026/09/23 02:45:56.090, 0, 90 %, 78 %, 3579 MiB, 49140 MiB, 277.15 W, 300.00 W, 72, 2310 MHz
2026/09/23 02:45:57.092, 0, 83 %, 72 %, 3579 MiB, 49140 MiB, 278.31 W, 300.00 W, 71, 2325 MHz
2026/09/23 02:45:58.092, 0, 92 %, 80 %, 3579 MiB, 49140 MiB, 272.53 W, 300.00 W, 72, 2520 MHz
2026/09/23 02:45:59.093, 0, 0 %, 0 %, 3579 MiB, 49140 MiB, 128.62 W, 300.00 W, 66, 2745 MHz
2026/09/23 02:46:00.094, 0, 90 %, 78 %, 3579 MiB, 49140 MiB, 257.89 W, 300.00 W, 70, 2400 MHz
2026/09/23 02:46:01.095, 0, 91 %, 78 %, 3579 MiB, 49140 MiB, 279.38 W, 300.00 W, 70, 2235 MHz
2026/09/23 02:46:02.095, 0, 86 %, 76 %, 3579 MiB, 49140 MiB, 278.66 W, 300.00 W, 72, 2145 MHz
2026/09/23 02:46:03.096, 0, 93 %, 81 %, 3579 MiB, 49140 MiB, 279.43 W, 300.00 W, 71, 2145 MHz
2026/09/23 02:46:04.097, 0, 95 %, 83 %, 3579 MiB, 49140 MiB, 277.06 W, 300.00 W, 71, 2370 MHz
2026/09/23 02:46:05.098, 0, 90 %, 77 %, 3579 MiB, 49140 MiB, 277.38 W, 300.00 W, 72, 2460 MHz
2026/09/23 02:46:06.099, 0, 88 %, 77 %, 3579 MiB, 49140 MiB, 278.19 W, 300.00 W, 71, 2370 MHz
2026/09/23 02:46:07.100, 0, 89 %, 75 %, 3579 MiB, 49140 MiB, 278.90 W, 300.00 W, 72, 2175 MHz
2026/09/23 02:46:08.100, 0, 95 %, 84 %, 3579 MiB, 49140 MiB, 278.99 W, 300.00 W, 71, 2190 MHz
2026/09/23 02:46:09.101, 0, 92 %, 78 %, 3579 MiB, 49140 MiB, 278.35 W, 300.00 W, 72, 2370 MHz
2026/09/23 02:46:10.102, 0, 93 %, 80 %, 3579 MiB, 49140 MiB, 278.49 W, 300.00 W, 72, 2385 MHz
2026/09/23 02:46:11.102, 0, 84 %, 66 %, 3579 MiB, 49140 MiB, 268.36 W, 300.00 W, 72, 2610 MHz
2026/09/23 02:46:12.103, 0, 0 %, 0 %, 3579 MiB, 49140 MiB, 131.41 W, 300.00 W, 71, 2415 MHz
2026/09/23 02:46:13.104, 0, 87 %, 78 %, 3579 MiB, 49140 MiB, 274.68 W, 300.00 W, 71, 2460 MHz
2026/09/23 02:46:14.104, 0, 95 %, 81 %, 3579 MiB, 49140 MiB, 277.07 W, 300.00 W, 72, 2370 MHz
2026/09/23 02:46:15.105, 0, 91 %, 80 %, 3579 MiB, 49140 MiB, 278.17 W, 300.00 W, 70, 2145 MHz
2026/09/23 02:46:16.106, 0, 90 %, 79 %, 3579 MiB, 49140 MiB, 277.38 W, 300.00 W, 71, 2370 MHz
2026/09/23 02:46:17.107, 0, 87 %, 77 %, 3579 MiB, 49140 MiB, 276.73 W, 300.00 W, 72, 2400 MHz
2026/09/23 02:46:18.108, 0, 95 %, 81 %, 3579 MiB, 49140 MiB, 277.80 W, 300.00 W, 71, 2490 MHz
2026/09/23 02:46:19.109, 0, 89 %, 76 %, 3579 MiB, 49140 MiB, 276.96 W, 300.00 W, 71, 2445 MHz
2026/09/23 02:46:20.109, 0, 93 %, 81 %, 3579 MiB, 49140 MiB, 278.20 W, 300.00 W, 72, 2235 MHz
2026/09/23 02:46:21.111, 0, 91 %, 78 %, 3579 MiB, 49140 MiB, 278.16 W, 300.00 W, 71, 2115 MHz
2026/09/23 02:46:22.111, 0, 89 %, 77 %, 3579 MiB, 49140 MiB, 279.94 W, 300.00 W, 71, 2085 MHz
2026/09/23 02:46:23.112, 0, 92 %, 79 %, 3579 MiB, 49140 MiB, 277.89 W, 300.00 W, 72, 2445 MHz
2026/09/23 02:46:24.113, 0, 63 %, 41 %, 3579 MiB, 49140 MiB, 261.71 W, 300.00 W, 68, 2730 MHz
2026/09/23 02:46:25.113, 0, 0 %, 0 %, 3579 MiB, 49140 MiB, 127.71 W, 300.00 W, 71, 2310 MHz
2026/09/23 02:46:26.114, 0, 90 %, 80 %, 3579 MiB, 49140 MiB, 277.11 W, 300.00 W, 70, 2445 MHz
2026/09/23 02:46:27.115, 0, 90 %, 76 %, 3579 MiB, 49140 MiB, 278.55 W, 300.00 W, 72, 2460 MHz
2026/09/23 02:46:28.118, 0, 91 %, 81 %, 3579 MiB, 49140 MiB, 278.33 W, 300.00 W, 72, 2370 MHz
2026/09/23 02:46:29.119, 0, 93 %, 79 %, 3579 MiB, 49140 MiB, 277.60 W, 300.00 W, 71, 2325 MHz
2026/09/23 02:46:30.120, 0, 93 %, 80 %, 3579 MiB, 49140 MiB, 277.15 W, 300.00 W, 71, 2175 MHz
2026/09/23 02:46:31.120, 0, 89 %, 78 %, 3579 MiB, 49140 MiB, 278.94 W, 300.00 W, 70, 2220 MHz
2026/09/23 02:46:32.123, 0, 87 %, 77 %, 3579 MiB, 49140 MiB, 277.45 W, 300.00 W, 72, 2295 MHz
2026/09/23 02:46:33.123, 0, 92 %, 81 %, 3579 MiB, 49140 MiB, 279.31 W, 300.00 W, 71, 2445 MHz
2026/09/23 02:46:34.124, 0, 94 %, 81 %, 3579 MiB, 49140 MiB, 278.07 W, 300.00 W, 71, 2190 MHz
2026/09/23 02:46:35.125, 0, 92 %, 81 %, 3579 MiB, 49140 MiB, 280.65 W, 300.00 W, 71, 2385 MHz
2026/09/23 02:46:36.125, 0, 93 %, 78 %, 3579 MiB, 49140 MiB, 278.09 W, 300.00 W, 71, 2415 MHz
2026/09/23 02:46:37.126, 0, 69 %, 44 %, 3579 MiB, 49140 MiB, 252.09 W, 300.00 W, 67, 2730 MHz
2026/09/23 02:46:38.126, 0, 0 %, 0 %, 3579 MiB, 49140 MiB, 130.11 W, 300.00 W, 71, 2205 MHz
2026/09/23 02:46:39.127, 0, 90 %, 78 %, 3579 MiB, 49140 MiB, 280.96 W, 300.00 W, 72, 2325 MHz
2026/09/23 02:46:40.128, 0, 90 %, 78 %, 3579 MiB, 49140 MiB, 281.93 W, 300.00 W, 73, 2460 MHz
2026/09/23 02:46:41.130, 0, 83 %, 73 %, 3579 MiB, 49140 MiB, 279.76 W, 300.00 W, 71, 2355 MHz
2026/09/23 02:46:42.131, 0, 95 %, 80 %, 3579 MiB, 49140 MiB, 280.30 W, 300.00 W, 72, 2385 MHz
2026/09/23 02:46:43.131, 0, 93 %, 80 %, 3579 MiB, 49140 MiB, 280.75 W, 300.00 W, 70, 2385 MHz
2026/09/23 02:46:44.133, 0, 84 %, 74 %, 3579 MiB, 49140 MiB, 280.17 W, 300.00 W, 71, 2385 MHz
2026/09/23 02:46:45.133, 0, 87 %, 75 %, 3579 MiB, 49140 MiB, 281.24 W, 300.00 W, 71, 2340 MHz
2026/09/23 02:46:46.134, 0, 89 %, 78 %, 3579 MiB, 49140 MiB, 280.56 W, 300.00 W, 72, 2385 MHz
2026/09/23 02:46:47.135, 0, 93 %, 82 %, 3579 MiB, 49140 MiB, 281.24 W, 300.00 W, 72, 2370 MHz
2026/09/23 02:46:48.136, 0, 90 %, 80 %, 3579 MiB, 49140 MiB, 280.18 W, 300.00 W, 73, 2145 MHz
2026/09/23 02:46:49.136, 0, 89 %, 76 %, 3579 MiB, 49140 MiB, 280.93 W, 300.00 W, 72, 2415 MHz
2026/09/23 02:46:50.137, 0, 61 %, 39 %, 3579 MiB, 49140 MiB, 244.79 W, 300.00 W, 67, 2730 MHz
2026/09/23 02:46:51.138, 0, 0 %, 0 %, 3579 MiB, 49140 MiB, 131.11 W, 300.00 W, 70, 2205 MHz
2026/09/23 02:46:52.138, 0, 93 %, 79 %, 3579 MiB, 49140 MiB, 276.15 W, 300.00 W, 71, 2100 MHz
2026/09/23 02:46:53.139, 0, 90 %, 76 %, 3579 MiB, 49140 MiB, 277.19 W, 300.00 W, 71, 2505 MHz
2026/09/23 02:46:54.140, 0, 95 %, 83 %, 3579 MiB, 49140 MiB, 278.39 W, 300.00 W, 70, 2295 MHz
2026/09/23 02:46:55.142, 0, 90 %, 77 %, 3579 MiB, 49140 MiB, 278.15 W, 300.00 W, 72, 2370 MHz
2026/09/23 02:46:56.143, 0, 94 %, 81 %, 3579 MiB, 49140 MiB, 276.76 W, 300.00 W, 71, 2250 MHz
2026/09/23 02:46:57.143, 0, 88 %, 77 %, 3579 MiB, 49140 MiB, 277.95 W, 300.00 W, 72, 2130 MHz
2026/09/23 02:46:58.145, 0, 82 %, 71 %, 3579 MiB, 49140 MiB, 274.45 W, 300.00 W, 72, 2370 MHz
2026/09/23 02:46:59.146, 0, 90 %, 78 %, 3579 MiB, 49140 MiB, 277.80 W, 300.00 W, 73, 2145 MHz
2026/09/23 02:47:00.147, 0, 87 %, 77 %, 3579 MiB, 49140 MiB, 277.76 W, 300.00 W, 72, 2175 MHz
2026/09/23 02:47:01.147, 0, 95 %, 81 %, 3579 MiB, 49140 MiB, 279.08 W, 300.00 W, 72, 2070 MHz
2026/09/23 02:47:02.149, 0, 92 %, 81 %, 3579 MiB, 49140 MiB, 279.76 W, 300.00 W, 73, 2205 MHz
2026/09/23 02:47:03.149, 0, 60 %, 39 %, 3579 MiB, 49140 MiB, 233.48 W, 300.00 W, 67, 2745 MHz
2026/09/23 02:47:04.150, 0, 0 %, 0 %, 3579 MiB, 49140 MiB, 138.95 W, 300.00 W, 71, 2115 MHz
2026/09/23 02:47:05.151, 0, 89 %, 75 %, 3579 MiB, 49140 MiB, 273.98 W, 300.00 W, 71, 2460 MHz
2026/09/23 02:47:06.151, 0, 89 %, 77 %, 3579 MiB, 49140 MiB, 273.84 W, 300.00 W, 72, 2370 MHz
2026/09/23 02:47:07.152, 0, 93 %, 80 %, 3579 MiB, 49140 MiB, 273.80 W, 300.00 W, 71, 2475 MHz
2026/09/23 02:47:08.153, 0, 87 %, 77 %, 3579 MiB, 49140 MiB, 277.80 W, 300.00 W, 70, 2445 MHz
2026/09/23 02:47:09.154, 0, 92 %, 78 %, 3579 MiB, 49140 MiB, 278.70 W, 300.00 W, 72, 2295 MHz
2026/09/23 02:47:10.155, 0, 94 %, 82 %, 3579 MiB, 49140 MiB, 278.18 W, 300.00 W, 71, 2295 MHz
2026/09/23 02:47:11.155, 0, 93 %, 80 %, 3579 MiB, 49140 MiB, 275.79 W, 300.00 W, 71, 2385 MHz
2026/09/23 02:47:12.157, 0, 89 %, 78 %, 3579 MiB, 49140 MiB, 279.00 W, 300.00 W, 71, 2250 MHz
2026/09/23 02:47:13.157, 0, 87 %, 76 %, 3579 MiB, 49140 MiB, 278.04 W, 300.00 W, 72, 2160 MHz
2026/09/23 02:47:14.158, 0, 90 %, 76 %, 3579 MiB, 49140 MiB, 276.85 W, 300.00 W, 71, 2430 MHz
2026/09/23 02:47:15.159, 0, 89 %, 77 %, 3579 MiB, 49140 MiB, 277.52 W, 300.00 W, 72, 2205 MHz
2026/09/23 02:47:16.160, 0, 72 %, 46 %, 3579 MiB, 49140 MiB, 240.97 W, 300.00 W, 67, 2715 MHz
2026/09/23 02:47:17.160, 0, 0 %, 0 %, 3579 MiB, 49140 MiB, 135.85 W, 300.00 W, 69, 2325 MHz
2026/09/23 02:47:18.161, 0, 91 %, 79 %, 3579 MiB, 49140 MiB, 276.70 W, 300.00 W, 72, 2160 MHz
2026/09/23 02:47:19.162, 0, 91 %, 77 %, 3579 MiB, 49140 MiB, 276.36 W, 300.00 W, 71, 2340 MHz
2026/09/23 02:47:20.163, 0, 91 %, 78 %, 3579 MiB, 49140 MiB, 277.37 W, 300.00 W, 72, 2430 MHz
2026/09/23 02:47:21.163, 0, 89 %, 76 %, 3579 MiB, 49140 MiB, 277.53 W, 300.00 W, 72, 2400 MHz
2026/09/23 02:47:22.164, 0, 94 %, 81 %, 3579 MiB, 49140 MiB, 278.35 W, 300.00 W, 72, 2100 MHz
2026/09/23 02:47:23.167, 0, 93 %, 82 %, 3579 MiB, 49140 MiB, 279.02 W, 300.00 W, 72, 2355 MHz
2026/09/23 02:47:24.168, 0, 88 %, 77 %, 3579 MiB, 49140 MiB, 278.66 W, 300.00 W, 72, 2130 MHz
2026/09/23 02:47:25.169, 0, 89 %, 79 %, 3579 MiB, 49140 MiB, 277.78 W, 300.00 W, 71, 2280 MHz
2026/09/23 02:47:26.171, 0, 94 %, 79 %, 3579 MiB, 49140 MiB, 280.52 W, 300.00 W, 71, 2175 MHz
2026/09/23 02:47:27.172, 0, 91 %, 80 %, 3579 MiB, 49140 MiB, 278.07 W, 300.00 W, 71, 2385 MHz
2026/09/23 02:47:28.173, 0, 94 %, 82 %, 3579 MiB, 49140 MiB, 280.98 W, 300.00 W, 72, 2085 MHz
2026/09/23 02:47:29.173, 0, 60 %, 39 %, 3579 MiB, 49140 MiB, 224.96 W, 300.00 W, 66, 2745 MHz
2026/09/23 02:47:30.174, 0, 0 %, 0 %, 3579 MiB, 49140 MiB, 154.66 W, 300.00 W, 71, 2190 MHz
2026/09/23 02:47:31.175, 0, 88 %, 78 %, 3579 MiB, 49140 MiB, 277.37 W, 300.00 W, 70, 2310 MHz
2026/09/23 02:47:32.175, 0, 94 %, 82 %, 3579 MiB, 49140 MiB, 276.49 W, 300.00 W, 71, 2175 MHz
2026/09/23 02:47:33.176, 0, 93 %, 78 %, 3579 MiB, 49140 MiB, 280.55 W, 300.00 W, 71, 2430 MHz
2026/09/23 02:47:34.177, 0, 90 %, 77 %, 3579 MiB, 49140 MiB, 278.66 W, 300.00 W, 71, 2325 MHz
2026/09/23 02:47:35.177, 0, 93 %, 79 %, 3579 MiB, 49140 MiB, 280.23 W, 300.00 W, 71, 2325 MHz
2026/09/23 02:47:36.178, 0, 93 %, 79 %, 3579 MiB, 49140 MiB, 278.19 W, 300.00 W, 72, 2385 MHz
2026/09/23 02:47:37.180, 0, 93 %, 82 %, 3579 MiB, 49140 MiB, 277.38 W, 300.00 W, 71, 2160 MHz
2026/09/23 02:47:38.180, 0, 94 %, 81 %, 3579 MiB, 49140 MiB, 278.57 W, 300.00 W, 71, 2055 MHz
2026/09/23 02:47:39.181, 0, 89 %, 76 %, 3579 MiB, 49140 MiB, 279.06 W, 300.00 W, 72, 2505 MHz
2026/09/23 02:47:40.182, 0, 89 %, 79 %, 3579 MiB, 49140 MiB, 277.17 W, 300.00 W, 71, 2415 MHz
2026/09/23 02:47:41.183, 0, 93 %, 78 %, 3579 MiB, 49140 MiB, 278.87 W, 300.00 W, 72, 2415 MHz
2026/09/23 02:47:42.184, 0, 56 %, 36 %, 3579 MiB, 49140 MiB, 205.65 W, 300.00 W, 66, 2730 MHz
2026/09/23 02:47:43.184, 0, 17 %, 15 %, 3579 MiB, 49140 MiB, 175.50 W, 300.00 W, 70, 2370 MHz
2026/09/23 02:47:44.185, 0, 93 %, 80 %, 3579 MiB, 49140 MiB, 275.99 W, 300.00 W, 71, 2475 MHz
2026/09/23 02:47:45.186, 0, 90 %, 80 %, 3579 MiB, 49140 MiB, 275.54 W, 300.00 W, 71, 2235 MHz
2026/09/23 02:47:46.187, 0, 94 %, 80 %, 3579 MiB, 49140 MiB, 279.48 W, 300.00 W, 71, 2430 MHz
2026/09/23 02:47:47.188, 0, 93 %, 79 %, 3579 MiB, 49140 MiB, 279.77 W, 300.00 W, 71, 2355 MHz
2026/09/23 02:47:48.189, 0, 84 %, 73 %, 3579 MiB, 49140 MiB, 276.61 W, 300.00 W, 71, 2430 MHz
2026/09/23 02:47:49.190, 0, 93 %, 79 %, 3579 MiB, 49140 MiB, 275.51 W, 300.00 W, 72, 2340 MHz
2026/09/23 02:47:50.190, 0, 90 %, 78 %, 3579 MiB, 49140 MiB, 276.89 W, 300.00 W, 72, 2355 MHz
2026/09/23 02:47:51.191, 0, 90 %, 80 %, 3579 MiB, 49140 MiB, 277.78 W, 300.00 W, 72, 2295 MHz
2026/09/23 02:47:52.191, 0, 92 %, 78 %, 3579 MiB, 49140 MiB, 276.88 W, 300.00 W, 71, 2340 MHz
2026/09/23 02:47:53.192, 0, 93 %, 81 %, 3579 MiB, 49140 MiB, 277.78 W, 300.00 W, 70, 2100 MHz
2026/09/23 02:47:54.194, 0, 93 %, 81 %, 3579 MiB, 49140 MiB, 276.79 W, 300.00 W, 72, 2565 MHz
2026/09/23 02:47:55.194, 0, 55 %, 35 %, 3579 MiB, 49140 MiB, 190.26 W, 300.00 W, 66, 2745 MHz
2026/09/23 02:47:56.195, 0, 50 %, 43 %, 3579 MiB, 49140 MiB, 194.73 W, 300.00 W, 70, 2250 MHz
2026/09/23 02:47:57.196, 0, 94 %, 81 %, 3579 MiB, 49140 MiB, 279.98 W, 300.00 W, 70, 2220 MHz
2026/09/23 02:47:58.197, 0, 94 %, 82 %, 3579 MiB, 49140 MiB, 279.63 W, 300.00 W, 71, 2250 MHz
2026/09/23 02:47:59.197, 0, 86 %, 75 %, 3579 MiB, 49140 MiB, 278.27 W, 300.00 W, 70, 2460 MHz
2026/09/23 02:48:00.199, 0, 90 %, 77 %, 3579 MiB, 49140 MiB, 278.08 W, 300.00 W, 72, 2385 MHz
2026/09/23 02:48:01.199, 0, 92 %, 82 %, 3579 MiB, 49140 MiB, 278.26 W, 300.00 W, 71, 2370 MHz
2026/09/23 02:48:02.200, 0, 91 %, 78 %, 3579 MiB, 49140 MiB, 277.89 W, 300.00 W, 71, 2415 MHz
2026/09/23 02:48:03.201, 0, 93 %, 79 %, 3579 MiB, 49140 MiB, 279.83 W, 300.00 W, 72, 2295 MHz
2026/09/23 02:48:04.202, 0, 87 %, 77 %, 3579 MiB, 49140 MiB, 279.59 W, 300.00 W, 72, 2295 MHz
2026/09/23 02:48:05.203, 0, 93 %, 82 %, 3579 MiB, 49140 MiB, 278.31 W, 300.00 W, 72, 2325 MHz
2026/09/23 02:48:06.204, 0, 91 %, 77 %, 3579 MiB, 49140 MiB, 279.18 W, 300.00 W, 71, 2415 MHz
2026/09/23 02:48:07.205, 0, 93 %, 82 %, 3579 MiB, 49140 MiB, 276.59 W, 300.00 W, 71, 2670 MHz
2026/09/23 02:48:08.206, 0, 30 %, 19 %, 3579 MiB, 49140 MiB, 174.59 W, 300.00 W, 66, 2745 MHz
2026/09/23 02:48:09.207, 0, 89 %, 76 %, 3579 MiB, 49140 MiB, 207.51 W, 300.00 W, 72, 2355 MHz
2026/09/23 02:48:10.208, 0, 95 %, 82 %, 3579 MiB, 49140 MiB, 278.83 W, 300.00 W, 71, 2430 MHz
2026/09/23 02:48:11.208, 0, 94 %, 79 %, 3579 MiB, 49140 MiB, 276.65 W, 300.00 W, 71, 2325 MHz
2026/09/23 02:48:12.209, 0, 92 %, 78 %, 3579 MiB, 49140 MiB, 277.25 W, 300.00 W, 72, 2115 MHz
2026/09/23 02:48:13.210, 0, 93 %, 81 %, 3579 MiB, 49140 MiB, 279.51 W, 300.00 W, 70, 2100 MHz
2026/09/23 02:48:14.211, 0, 90 %, 77 %, 3579 MiB, 49140 MiB, 278.95 W, 300.00 W, 70, 2385 MHz
2026/09/23 02:48:15.212, 0, 91 %, 79 %, 3579 MiB, 49140 MiB, 279.93 W, 300.00 W, 72, 2100 MHz
2026/09/23 02:48:16.212, 0, 90 %, 79 %, 3579 MiB, 49140 MiB, 277.67 W, 300.00 W, 71, 2055 MHz
2026/09/23 02:48:17.213, 0, 90 %, 79 %, 3579 MiB, 49140 MiB, 276.47 W, 300.00 W, 71, 2385 MHz
2026/09/23 02:48:18.214, 0, 93 %, 81 %, 3579 MiB, 49140 MiB, 279.18 W, 300.00 W, 72, 2400 MHz
2026/09/23 02:48:19.216, 0, 86 %, 75 %, 3579 MiB, 49140 MiB, 277.33 W, 300.00 W, 72, 2265 MHz
2026/09/23 02:48:20.216, 0, 89 %, 80 %, 3579 MiB, 49140 MiB, 271.75 W, 300.00 W, 73, 2490 MHz
2026/09/23 02:48:21.217, 0, 0 %, 0 %, 3579 MiB, 49140 MiB, 159.89 W, 300.00 W, 66, 2745 MHz
2026/09/23 02:48:22.217, 0, 91 %, 79 %, 3579 MiB, 49140 MiB, 229.45 W, 300.00 W, 71, 2280 MHz
2026/09/23 02:48:23.218, 0, 91 %, 78 %, 3579 MiB, 49140 MiB, 282.22 W, 300.00 W, 71, 2370 MHz
2026/09/23 02:48:24.219, 0, 91 %, 81 %, 3579 MiB, 49140 MiB, 282.89 W, 300.00 W, 71, 2370 MHz
2026/09/23 02:48:25.220, 0, 89 %, 76 %, 3579 MiB, 49140 MiB, 279.67 W, 300.00 W, 72, 2310 MHz
2026/09/23 02:48:26.222, 0, 93 %, 81 %, 3579 MiB, 49140 MiB, 281.57 W, 300.00 W, 72, 2340 MHz
2026/09/23 02:48:27.223, 0, 93 %, 82 %, 3579 MiB, 49140 MiB, 281.38 W, 300.00 W, 71, 2430 MHz
2026/09/23 02:48:28.224, 0, 91 %, 79 %, 3579 MiB, 49140 MiB, 280.46 W, 300.00 W, 71, 2340 MHz
2026/09/23 02:48:29.225, 0, 92 %, 79 %, 3579 MiB, 49140 MiB, 282.32 W, 300.00 W, 70, 2310 MHz
2026/09/23 02:48:30.227, 0, 92 %, 80 %, 3579 MiB, 49140 MiB, 282.71 W, 300.00 W, 71, 2385 MHz
2026/09/23 02:48:31.227, 0, 89 %, 79 %, 3579 MiB, 49140 MiB, 283.30 W, 300.00 W, 71, 2430 MHz
2026/09/23 02:48:32.228, 0, 85 %, 74 %, 3579 MiB, 49140 MiB, 282.28 W, 300.00 W, 72, 2190 MHz
2026/09/23 02:48:33.229, 0, 93 %, 80 %, 3579 MiB, 49140 MiB, 274.62 W, 300.00 W, 73, 2670 MHz
2026/09/23 02:48:34.230, 0, 0 %, 0 %, 3579 MiB, 49140 MiB, 136.73 W, 300.00 W, 66, 2685 MHz
2026/09/23 02:48:35.231, 0, 92 %, 78 %, 3579 MiB, 49140 MiB, 269.36 W, 300.00 W, 71, 2355 MHz
2026/09/23 02:48:36.232, 0, 91 %, 77 %, 3579 MiB, 49140 MiB, 279.98 W, 300.00 W, 71, 2115 MHz
2026/09/23 02:48:37.233, 0, 92 %, 79 %, 3579 MiB, 49140 MiB, 279.56 W, 300.00 W, 72, 2430 MHz
2026/09/23 02:48:38.234, 0, 91 %, 79 %, 3579 MiB, 49140 MiB, 274.02 W, 300.00 W, 71, 2310 MHz
2026/09/23 02:48:39.235, 0, 93 %, 79 %, 3579 MiB, 49140 MiB, 276.80 W, 300.00 W, 72, 2355 MHz
2026/09/23 02:48:40.236, 0, 91 %, 80 %, 3579 MiB, 49140 MiB, 277.69 W, 300.00 W, 71, 2400 MHz
2026/09/23 02:48:41.237, 0, 90 %, 75 %, 3579 MiB, 49140 MiB, 278.95 W, 300.00 W, 71, 2370 MHz
2026/09/23 02:48:42.237, 0, 92 %, 78 %, 3579 MiB, 49140 MiB, 279.45 W, 300.00 W, 71, 2310 MHz
2026/09/23 02:48:43.239, 0, 93 %, 81 %, 3579 MiB, 49140 MiB, 276.64 W, 300.00 W, 71, 2430 MHz
2026/09/23 02:48:44.240, 0, 94 %, 82 %, 3579 MiB, 49140 MiB, 279.97 W, 300.00 W, 72, 2295 MHz
2026/09/23 02:48:45.241, 0, 92 %, 79 %, 3579 MiB, 49140 MiB, 275.27 W, 300.00 W, 72, 2235 MHz
2026/09/23 02:48:46.241, 0, 87 %, 68 %, 3579 MiB, 49140 MiB, 262.34 W, 300.00 W, 72, 2715 MHz
2026/09/23 02:48:47.242, 0, 0 %, 0 %, 3579 MiB, 49140 MiB, 131.44 W, 300.00 W, 71, 2400 MHz
2026/09/23 02:48:48.243, 0, 86 %, 77 %, 3579 MiB, 49140 MiB, 277.79 W, 300.00 W, 71, 2445 MHz
2026/09/23 02:48:49.243, 0, 87 %, 75 %, 3579 MiB, 49140 MiB, 275.10 W, 300.00 W, 71, 2490 MHz
2026/09/23 02:48:50.245, 0, 90 %, 77 %, 3579 MiB, 49140 MiB, 279.61 W, 300.00 W, 71, 2355 MHz
2026/09/23 02:48:51.246, 0, 91 %, 79 %, 3579 MiB, 49140 MiB, 279.03 W, 300.00 W, 72, 2370 MHz
2026/09/23 02:48:52.247, 0, 94 %, 82 %, 3579 MiB, 49140 MiB, 279.85 W, 300.00 W, 70, 2430 MHz
2026/09/23 02:48:53.247, 0, 91 %, 79 %, 3579 MiB, 49140 MiB, 278.61 W, 300.00 W, 72, 2130 MHz
2026/09/23 02:48:54.249, 0, 89 %, 76 %, 3579 MiB, 49140 MiB, 275.38 W, 300.00 W, 71, 2490 MHz
2026/09/23 02:48:55.250, 0, 90 %, 79 %, 3579 MiB, 49140 MiB, 275.65 W, 300.00 W, 71, 2445 MHz
2026/09/23 02:48:56.250, 0, 91 %, 79 %, 3579 MiB, 49140 MiB, 274.61 W, 300.00 W, 72, 2085 MHz
2026/09/23 02:48:57.251, 0, 91 %, 78 %, 3579 MiB, 49140 MiB, 278.34 W, 300.00 W, 71, 2370 MHz
2026/09/23 02:48:58.252, 0, 89 %, 77 %, 3579 MiB, 49140 MiB, 278.78 W, 300.00 W, 71, 2475 MHz
2026/09/23 02:48:59.253, 0, 66 %, 43 %, 3579 MiB, 49140 MiB, 248.27 W, 300.00 W, 68, 2730 MHz
2026/09/23 02:49:00.254, 0, 0 %, 0 %, 3579 MiB, 49140 MiB, 136.70 W, 300.00 W, 69, 2400 MHz
2026/09/23 02:49:01.254, 0, 95 %, 84 %, 3579 MiB, 49140 MiB, 277.14 W, 300.00 W, 71, 2160 MHz
2026/09/23 02:49:02.255, 0, 94 %, 81 %, 3579 MiB, 49140 MiB, 279.49 W, 300.00 W, 71, 2235 MHz
2026/09/23 02:49:03.256, 0, 88 %, 77 %, 3579 MiB, 49140 MiB, 277.70 W, 300.00 W, 71, 2370 MHz
2026/09/23 02:49:04.256, 0, 92 %, 81 %, 3579 MiB, 49140 MiB, 277.67 W, 300.00 W, 71, 2340 MHz
2026/09/23 02:49:05.258, 0, 89 %, 77 %, 3579 MiB, 49140 MiB, 276.54 W, 300.00 W, 71, 2190 MHz
2026/09/23 02:49:06.259, 0, 95 %, 82 %, 3579 MiB, 49140 MiB, 279.92 W, 300.00 W, 71, 2370 MHz
2026/09/23 02:49:07.259, 0, 92 %, 80 %, 3579 MiB, 49140 MiB, 279.02 W, 300.00 W, 72, 2190 MHz
2026/09/23 02:49:08.261, 0, 91 %, 79 %, 3579 MiB, 49140 MiB, 278.70 W, 300.00 W, 72, 2145 MHz
2026/09/23 02:49:09.261, 0, 92 %, 80 %, 3579 MiB, 49140 MiB, 278.80 W, 300.00 W, 71, 2400 MHz
2026/09/23 02:49:10.262, 0, 91 %, 80 %, 3579 MiB, 49140 MiB, 279.78 W, 300.00 W, 71, 2370 MHz
2026/09/23 02:49:11.262, 0, 92 %, 81 %, 3579 MiB, 49140 MiB, 279.01 W, 300.00 W, 70, 2370 MHz
2026/09/23 02:49:12.263, 0, 65 %, 42 %, 3579 MiB, 49140 MiB, 228.99 W, 300.00 W, 67, 2745 MHz
2026/09/23 02:49:13.263, 0, 0 %, 0 %, 3579 MiB, 49140 MiB, 145.92 W, 300.00 W, 69, 2340 MHz
2026/09/23 02:49:14.264, 0, 87 %, 76 %, 3579 MiB, 49140 MiB, 276.53 W, 300.00 W, 72, 2355 MHz
2026/09/23 02:49:15.265, 0, 90 %, 79 %, 3579 MiB, 49140 MiB, 278.25 W, 300.00 W, 71, 2295 MHz
2026/09/23 02:49:16.266, 0, 88 %, 76 %, 3579 MiB, 49140 MiB, 277.64 W, 300.00 W, 71, 2160 MHz
2026/09/23 02:49:17.267, 0, 94 %, 83 %, 3579 MiB, 49140 MiB, 278.13 W, 300.00 W, 71, 2325 MHz
2026/09/23 02:49:18.267, 0, 89 %, 77 %, 3579 MiB, 49140 MiB, 278.16 W, 300.00 W, 71, 2265 MHz
2026/09/23 02:49:19.268, 0, 87 %, 76 %, 3579 MiB, 49140 MiB, 278.79 W, 300.00 W, 72, 2310 MHz
2026/09/23 02:49:20.269, 0, 87 %, 75 %, 3579 MiB, 49140 MiB, 276.49 W, 300.00 W, 72, 2400 MHz
2026/09/23 02:49:21.270, 0, 93 %, 81 %, 3579 MiB, 49140 MiB, 276.33 W, 300.00 W, 72, 2400 MHz
2026/09/23 02:49:22.270, 0, 92 %, 80 %, 3579 MiB, 49140 MiB, 278.32 W, 300.00 W, 72, 2355 MHz
2026/09/23 02:49:23.273, 0, 93 %, 82 %, 3579 MiB, 49140 MiB, 278.81 W, 300.00 W, 71, 2145 MHz
2026/09/23 02:49:24.273, 0, 88 %, 76 %, 3579 MiB, 49140 MiB, 278.92 W, 300.00 W, 72, 2145 MHz
2026/09/23 02:49:25.274, 0, 67 %, 43 %, 3579 MiB, 49140 MiB, 217.71 W, 300.00 W, 67, 2745 MHz
2026/09/23 02:49:26.275, 0, 0 %, 0 %, 3579 MiB, 49140 MiB, 170.79 W, 300.00 W, 70, 2325 MHz
2026/09/23 02:49:27.275, 0, 87 %, 77 %, 3579 MiB, 49140 MiB, 279.02 W, 300.00 W, 72, 2370 MHz
2026/09/23 02:49:28.277, 0, 92 %, 80 %, 3579 MiB, 49140 MiB, 277.88 W, 300.00 W, 72, 2415 MHz
2026/09/23 02:49:29.277, 0, 88 %, 77 %, 3579 MiB, 49140 MiB, 277.91 W, 300.00 W, 71, 2325 MHz
2026/09/23 02:49:30.278, 0, 88 %, 76 %, 3579 MiB, 49140 MiB, 276.90 W, 300.00 W, 70, 2370 MHz
2026/09/23 02:49:31.278, 0, 89 %, 77 %, 3579 MiB, 49140 MiB, 277.77 W, 300.00 W, 71, 2340 MHz
2026/09/23 02:49:32.279, 0, 91 %, 77 %, 3579 MiB, 49140 MiB, 278.39 W, 300.00 W, 72, 2445 MHz
2026/09/23 02:49:33.280, 0, 87 %, 76 %, 3579 MiB, 49140 MiB, 279.25 W, 300.00 W, 71, 2175 MHz
2026/09/23 02:49:34.281, 0, 93 %, 81 %, 3579 MiB, 49140 MiB, 277.74 W, 300.00 W, 71, 2325 MHz
2026/09/23 02:49:35.282, 0, 90 %, 77 %, 3579 MiB, 49140 MiB, 279.54 W, 300.00 W, 71, 2250 MHz
2026/09/23 02:49:36.283, 0, 93 %, 79 %, 3579 MiB, 49140 MiB, 277.51 W, 300.00 W, 70, 2475 MHz
2026/09/23 02:49:37.284, 0, 90 %, 79 %, 3579 MiB, 49140 MiB, 277.59 W, 300.00 W, 72, 2325 MHz
2026/09/23 02:49:38.284, 0, 70 %, 45 %, 3579 MiB, 49140 MiB, 206.48 W, 300.00 W, 66, 2745 MHz
2026/09/23 02:49:39.285, 0, 12 %, 10 %, 3579 MiB, 49140 MiB, 175.71 W, 300.00 W, 72, 2430 MHz
2026/09/23 02:49:40.285, 0, 84 %, 73 %, 3579 MiB, 49140 MiB, 277.77 W, 300.00 W, 71, 2070 MHz
2026/09/23 02:49:41.286, 0, 95 %, 80 %, 3579 MiB, 49140 MiB, 277.94 W, 300.00 W, 71, 2325 MHz
2026/09/23 02:49:42.286, 0, 94 %, 81 %, 3579 MiB, 49140 MiB, 277.98 W, 300.00 W, 71, 2535 MHz
2026/09/23 02:49:43.287, 0, 94 %, 82 %, 3579 MiB, 49140 MiB, 278.88 W, 300.00 W, 70, 2505 MHz
2026/09/23 02:49:44.289, 0, 89 %, 78 %, 3579 MiB, 49140 MiB, 278.82 W, 300.00 W, 71, 2400 MHz
2026/09/23 02:49:45.289, 0, 91 %, 80 %, 3579 MiB, 49140 MiB, 278.02 W, 300.00 W, 73, 2400 MHz
2026/09/23 02:49:46.291, 0, 89 %, 76 %, 3579 MiB, 49140 MiB, 277.99 W, 300.00 W, 72, 2475 MHz
2026/09/23 02:49:47.292, 0, 90 %, 79 %, 3579 MiB, 49140 MiB, 277.05 W, 300.00 W, 71, 2205 MHz
2026/09/23 02:49:48.292, 0, 93 %, 82 %, 3579 MiB, 49140 MiB, 276.69 W, 300.00 W, 70, 2160 MHz
2026/09/23 02:49:49.293, 0, 92 %, 81 %, 3579 MiB, 49140 MiB, 278.42 W, 300.00 W, 71, 2445 MHz
2026/09/23 02:49:50.294, 0, 86 %, 75 %, 3579 MiB, 49140 MiB, 273.09 W, 300.00 W, 71, 2445 MHz
2026/09/23 02:49:51.295, 0, 62 %, 41 %, 3579 MiB, 49140 MiB, 193.39 W, 300.00 W, 66, 2745 MHz
2026/09/23 02:49:52.295, 0, 60 %, 53 %, 3579 MiB, 49140 MiB, 184.68 W, 300.00 W, 70, 2385 MHz
2026/09/23 02:49:53.296, 0, 90 %, 79 %, 3579 MiB, 49140 MiB, 278.84 W, 300.00 W, 71, 2460 MHz
2026/09/23 02:49:54.297, 0, 87 %, 75 %, 3579 MiB, 49140 MiB, 279.86 W, 300.00 W, 71, 2325 MHz
2026/09/23 02:49:55.298, 0, 92 %, 81 %, 3579 MiB, 49140 MiB, 280.39 W, 300.00 W, 71, 2445 MHz
2026/09/23 02:49:56.299, 0, 93 %, 80 %, 3579 MiB, 49140 MiB, 279.30 W, 300.00 W, 72, 2340 MHz
2026/09/23 02:49:57.300, 0, 93 %, 79 %, 3579 MiB, 49140 MiB, 275.07 W, 300.00 W, 72, 2280 MHz
2026/09/23 02:49:58.303, 0, 89 %, 78 %, 3579 MiB, 49140 MiB, 275.40 W, 300.00 W, 72, 2370 MHz
2026/09/23 02:49:59.303, 0, 95 %, 84 %, 3579 MiB, 49140 MiB, 273.60 W, 300.00 W, 72, 2460 MHz
2026/09/23 02:50:00.304, 0, 87 %, 75 %, 3579 MiB, 49140 MiB, 273.24 W, 300.00 W, 71, 2430 MHz
2026/09/23 02:50:01.305, 0, 86 %, 74 %, 3579 MiB, 49140 MiB, 277.81 W, 300.00 W, 72, 2355 MHz
2026/09/23 02:50:02.306, 0, 91 %, 79 %, 3579 MiB, 49140 MiB, 278.59 W, 300.00 W, 71, 2250 MHz
2026/09/23 02:50:03.307, 0, 92 %, 82 %, 3579 MiB, 49140 MiB, 276.70 W, 300.00 W, 73, 2580 MHz
2026/09/23 02:50:04.307, 0, 53 %, 35 %, 3579 MiB, 49140 MiB, 177.82 W, 300.00 W, 66, 2745 MHz
2026/09/23 02:50:05.308, 0, 94 %, 82 %, 3579 MiB, 49140 MiB, 204.91 W, 300.00 W, 71, 2340 MHz
2026/09/23 02:50:06.309, 0, 89 %, 76 %, 3579 MiB, 49140 MiB, 277.20 W, 300.00 W, 71, 2310 MHz
2026/09/23 02:50:07.310, 0, 90 %, 78 %, 3579 MiB, 49140 MiB, 277.95 W, 300.00 W, 71, 2160 MHz
2026/09/23 02:50:08.311, 0, 87 %, 76 %, 3579 MiB, 49140 MiB, 275.12 W, 300.00 W, 70, 2220 MHz
2026/09/23 02:50:09.312, 0, 92 %, 80 %, 3579 MiB, 49140 MiB, 278.46 W, 300.00 W, 71, 2160 MHz
2026/09/23 02:50:10.313, 0, 91 %, 79 %, 3579 MiB, 49140 MiB, 276.81 W, 300.00 W, 72, 2310 MHz
2026/09/23 02:50:11.314, 0, 89 %, 77 %, 3579 MiB, 49140 MiB, 278.17 W, 300.00 W, 71, 2385 MHz
2026/09/23 02:50:12.315, 0, 90 %, 78 %, 3579 MiB, 49140 MiB, 279.17 W, 300.00 W, 71, 2385 MHz
2026/09/23 02:50:13.316, 0, 90 %, 79 %, 3579 MiB, 49140 MiB, 279.20 W, 300.00 W, 71, 2340 MHz
2026/09/23 02:50:14.317, 0, 93 %, 82 %, 3579 MiB, 49140 MiB, 277.75 W, 300.00 W, 72, 2340 MHz
2026/09/23 02:50:15.318, 0, 91 %, 77 %, 3579 MiB, 49140 MiB, 277.89 W, 300.00 W, 72, 2340 MHz
2026/09/23 02:50:16.319, 0, 90 %, 78 %, 3579 MiB, 49140 MiB, 271.74 W, 300.00 W, 73, 2460 MHz
2026/09/23 02:50:17.320, 0, 9 %, 6 %, 3579 MiB, 49140 MiB, 169.17 W, 300.00 W, 66, 2745 MHz
2026/09/23 02:50:18.320, 0, 91 %, 78 %, 3579 MiB, 49140 MiB, 217.77 W, 300.00 W, 72, 2340 MHz
2026/09/23 02:50:19.321, 0, 87 %, 75 %, 3579 MiB, 49140 MiB, 283.08 W, 300.00 W, 72, 2445 MHz
2026/09/23 02:50:20.321, 0, 94 %, 78 %, 3579 MiB, 49140 MiB, 281.48 W, 300.00 W, 70, 2490 MHz
2026/09/23 02:50:21.322, 0, 88 %, 76 %, 3579 MiB, 49140 MiB, 281.64 W, 300.00 W, 71, 2370 MHz
2026/09/23 02:50:22.323, 0, 89 %, 77 %, 3579 MiB, 49140 MiB, 284.11 W, 300.00 W, 73, 2400 MHz
2026/09/23 02:50:23.324, 0, 92 %, 81 %, 3579 MiB, 49140 MiB, 282.26 W, 300.00 W, 72, 2295 MHz
2026/09/23 02:50:24.325, 0, 86 %, 75 %, 3579 MiB, 49140 MiB, 282.65 W, 300.00 W, 72, 2460 MHz
2026/09/23 02:50:25.326, 0, 92 %, 80 %, 3579 MiB, 49140 MiB, 282.30 W, 300.00 W, 72, 2325 MHz
2026/09/23 02:50:26.327, 0, 91 %, 79 %, 3579 MiB, 49140 MiB, 283.58 W, 300.00 W, 72, 2310 MHz
2026/09/23 02:50:27.328, 0, 89 %, 78 %, 3579 MiB, 49140 MiB, 283.66 W, 300.00 W, 73, 2460 MHz
2026/09/23 02:50:28.328, 0, 93 %, 81 %, 3579 MiB, 49140 MiB, 284.02 W, 300.00 W, 71, 2460 MHz
2026/09/23 02:50:29.329, 0, 87 %, 76 %, 3579 MiB, 49140 MiB, 277.31 W, 300.00 W, 72, 2535 MHz
2026/09/23 02:50:30.329, 0, 0 %, 0 %, 3579 MiB, 49140 MiB, 163.28 W, 300.00 W, 66, 2745 MHz
2026/09/23 02:50:31.330, 0, 90 %, 79 %, 3579 MiB, 49140 MiB, 214.13 W, 300.00 W, 70, 2190 MHz
2026/09/23 02:50:32.331, 0, 89 %, 77 %, 3579 MiB, 49140 MiB, 273.84 W, 300.00 W, 70, 2415 MHz
2026/09/23 02:50:33.331, 0, 89 %, 77 %, 3579 MiB, 49140 MiB, 278.18 W, 300.00 W, 72, 2340 MHz
2026/09/23 02:50:34.332, 0, 91 %, 80 %, 3579 MiB, 49140 MiB, 277.33 W, 300.00 W, 72, 2430 MHz
2026/09/23 02:50:35.333, 0, 91 %, 80 %, 3579 MiB, 49140 MiB, 277.79 W, 300.00 W, 72, 2430 MHz
2026/09/23 02:50:36.335, 0, 95 %, 83 %, 3579 MiB, 49140 MiB, 277.87 W, 300.00 W, 71, 2355 MHz
2026/09/23 02:50:37.336, 0, 94 %, 83 %, 3579 MiB, 49140 MiB, 277.81 W, 300.00 W, 71, 2385 MHz
2026/09/23 02:50:38.337, 0, 93 %, 78 %, 3579 MiB, 49140 MiB, 281.17 W, 300.00 W, 72, 2325 MHz
2026/09/23 02:50:39.337, 0, 95 %, 83 %, 3579 MiB, 49140 MiB, 277.76 W, 300.00 W, 71, 2385 MHz
2026/09/23 02:50:40.338, 0, 89 %, 77 %, 3579 MiB, 49140 MiB, 277.75 W, 300.00 W, 71, 2040 MHz
2026/09/23 02:50:41.340, 0, 95 %, 81 %, 3579 MiB, 49140 MiB, 277.10 W, 300.00 W, 73, 2430 MHz
2026/09/23 02:50:42.340, 0, 91 %, 79 %, 3579 MiB, 49140 MiB, 273.01 W, 300.00 W, 72, 2580 MHz
2026/09/23 02:50:43.341, 0, 0 %, 0 %, 3579 MiB, 49140 MiB, 157.86 W, 300.00 W, 66, 2745 MHz
2026/09/23 02:50:44.342, 0, 93 %, 78 %, 3579 MiB, 49140 MiB, 219.60 W, 300.00 W, 71, 2280 MHz
2026/09/23 02:50:45.342, 0, 90 %, 78 %, 3579 MiB, 49140 MiB, 278.34 W, 300.00 W, 70, 2370 MHz
2026/09/23 02:50:46.343, 0, 90 %, 76 %, 3579 MiB, 49140 MiB, 278.36 W, 300.00 W, 71, 2325 MHz
2026/09/23 02:50:47.344, 0, 86 %, 75 %, 3579 MiB, 49140 MiB, 277.79 W, 300.00 W, 70, 2385 MHz
2026/09/23 02:50:48.345, 0, 93 %, 78 %, 3579 MiB, 49140 MiB, 277.35 W, 300.00 W, 72, 2460 MHz
2026/09/23 02:50:49.346, 0, 93 %, 81 %, 3579 MiB, 49140 MiB, 278.36 W, 300.00 W, 72, 2280 MHz
2026/09/23 02:50:50.347, 0, 92 %, 80 %, 3579 MiB, 49140 MiB, 279.10 W, 300.00 W, 72, 2400 MHz
2026/09/23 02:50:51.348, 0, 85 %, 74 %, 3579 MiB, 49140 MiB, 275.89 W, 300.00 W, 71, 2415 MHz
2026/09/23 02:50:52.348, 0, 89 %, 77 %, 3579 MiB, 49140 MiB, 278.28 W, 300.00 W, 71, 2175 MHz
2026/09/23 02:50:53.352, 0, 90 %, 78 %, 3579 MiB, 49140 MiB, 277.91 W, 300.00 W, 72, 2430 MHz
2026/09/23 02:50:54.352, 0, 87 %, 75 %, 3579 MiB, 49140 MiB, 278.87 W, 300.00 W, 72, 2130 MHz
2026/09/23 02:50:55.353, 0, 91 %, 80 %, 3579 MiB, 49140 MiB, 271.54 W, 300.00 W, 72, 2625 MHz
2026/09/23 02:50:56.353, 0, 0 %, 0 %, 3579 MiB, 49140 MiB, 151.51 W, 300.00 W, 66, 2745 MHz
2026/09/23 02:50:57.355, 0, 84 %, 72 %, 3579 MiB, 49140 MiB, 230.97 W, 300.00 W, 70, 2295 MHz
2026/09/23 02:50:58.355, 0, 94 %, 82 %, 3579 MiB, 49140 MiB, 278.54 W, 300.00 W, 70, 2355 MHz
2026/09/23 02:50:59.356, 0, 89 %, 77 %, 3579 MiB, 49140 MiB, 278.55 W, 300.00 W, 70, 2400 MHz
2026/09/23 02:51:00.357, 0, 92 %, 81 %, 3579 MiB, 49140 MiB, 279.82 W, 300.00 W, 70, 2355 MHz
2026/09/23 02:51:01.357, 0, 95 %, 83 %, 3579 MiB, 49140 MiB, 279.44 W, 300.00 W, 72, 2295 MHz
2026/09/23 02:51:02.358, 0, 91 %, 79 %, 3579 MiB, 49140 MiB, 277.65 W, 300.00 W, 72, 2325 MHz
2026/09/23 02:51:03.359, 0, 94 %, 81 %, 3579 MiB, 49140 MiB, 277.99 W, 300.00 W, 71, 2445 MHz
2026/09/23 02:51:04.359, 0, 86 %, 75 %, 3579 MiB, 49140 MiB, 276.90 W, 300.00 W, 72, 2385 MHz
2026/09/23 02:51:05.360, 0, 90 %, 79 %, 3579 MiB, 49140 MiB, 278.36 W, 300.00 W, 72, 2040 MHz
2026/09/23 02:51:06.361, 0, 92 %, 81 %, 3579 MiB, 49140 MiB, 279.36 W, 300.00 W, 72, 2310 MHz
2026/09/23 02:51:07.361, 0, 89 %, 77 %, 3579 MiB, 49140 MiB, 281.64 W, 300.00 W, 72, 2370 MHz
2026/09/23 02:51:08.362, 0, 92 %, 80 %, 3579 MiB, 49140 MiB, 271.80 W, 300.00 W, 72, 2625 MHz
2026/09/23 02:51:09.362, 0, 1 %, 0 %, 3579 MiB, 49140 MiB, 130.18 W, 300.00 W, 66, 2745 MHz
2026/09/23 02:51:10.363, 0, 0 %, 0 %, 3579 MiB, 49140 MiB, 96.31 W, 300.00 W, 69, 2310 MHz
2026/09/23 02:51:11.364, 0, 86 %, 75 %, 3579 MiB, 49140 MiB, 278.92 W, 300.00 W, 69, 2445 MHz
2026/09/23 02:51:12.366, 0, 93 %, 81 %, 3579 MiB, 49140 MiB, 278.78 W, 300.00 W, 71, 2415 MHz
2026/09/23 02:51:13.367, 0, 92 %, 81 %, 3579 MiB, 49140 MiB, 279.76 W, 300.00 W, 70, 2325 MHz
2026/09/23 02:51:14.367, 0, 84 %, 74 %, 3579 MiB, 49140 MiB, 278.62 W, 300.00 W, 71, 2295 MHz
2026/09/23 02:51:15.368, 0, 94 %, 83 %, 3579 MiB, 49140 MiB, 277.59 W, 300.00 W, 71, 2370 MHz
2026/09/23 02:51:16.369, 0, 91 %, 79 %, 3579 MiB, 49140 MiB, 280.10 W, 300.00 W, 71, 2400 MHz
2026/09/23 02:51:17.369, 0, 90 %, 79 %, 3579 MiB, 49140 MiB, 279.50 W, 300.00 W, 72, 2145 MHz
2026/09/23 02:51:18.371, 0, 89 %, 78 %, 3579 MiB, 49140 MiB, 277.57 W, 300.00 W, 71, 2220 MHz
2026/09/23 02:51:19.372, 0, 89 %, 76 %, 3579 MiB, 49140 MiB, 278.02 W, 300.00 W, 70, 2355 MHz
2026/09/23 02:51:20.375, 0, 87 %, 75 %, 3579 MiB, 49140 MiB, 278.33 W, 300.00 W, 71, 2340 MHz
2026/09/23 02:51:21.375, 0, 95 %, 82 %, 3579 MiB, 49140 MiB, 277.88 W, 300.00 W, 72, 2400 MHz
2026/09/23 02:51:22.376, 0, 63 %, 41 %, 3579 MiB, 49140 MiB, 267.27 W, 300.00 W, 68, 2715 MHz
2026/09/23 02:51:23.382, 0, 0 %, 0 %, 3579 MiB, 49140 MiB, 132.57 W, 300.00 W, 69, 2310 MHz
2026/09/23 02:51:24.382, 0, 89 %, 77 %, 3579 MiB, 49140 MiB, 275.84 W, 300.00 W, 71, 2445 MHz
2026/09/23 02:51:25.383, 0, 85 %, 74 %, 3579 MiB, 49140 MiB, 278.01 W, 300.00 W, 70, 2340 MHz
2026/09/23 02:51:26.384, 0, 92 %, 77 %, 3579 MiB, 49140 MiB, 279.31 W, 300.00 W, 71, 2370 MHz
2026/09/23 02:51:27.385, 0, 90 %, 79 %, 3579 MiB, 49140 MiB, 276.39 W, 300.00 W, 72, 2265 MHz
2026/09/23 02:51:28.386, 0, 89 %, 78 %, 3579 MiB, 49140 MiB, 277.02 W, 300.00 W, 71, 2385 MHz
2026/09/23 02:51:29.386, 0, 90 %, 78 %, 3579 MiB, 49140 MiB, 278.08 W, 300.00 W, 72, 2325 MHz
2026/09/23 02:51:30.387, 0, 93 %, 81 %, 3579 MiB, 49140 MiB, 277.43 W, 300.00 W, 71, 2415 MHz
2026/09/23 02:51:31.388, 0, 92 %, 79 %, 3579 MiB, 49140 MiB, 276.14 W, 300.00 W, 72, 2100 MHz
2026/09/23 02:51:32.390, 0, 90 %, 78 %, 3579 MiB, 49140 MiB, 277.63 W, 300.00 W, 72, 2115 MHz
2026/09/23 02:51:33.391, 0, 91 %, 81 %, 3579 MiB, 49140 MiB, 277.72 W, 300.00 W, 71, 2100 MHz
2026/09/23 02:51:34.392, 0, 92 %, 81 %, 3579 MiB, 49140 MiB, 278.65 W, 300.00 W, 71, 2055 MHz
2026/09/23 02:51:35.392, 0, 68 %, 43 %, 3579 MiB, 49140 MiB, 244.38 W, 300.00 W, 67, 2730 MHz
2026/09/23 02:51:36.393, 0, 0 %, 0 %, 3579 MiB, 49140 MiB, 126.89 W, 300.00 W, 71, 2400 MHz
2026/09/23 02:51:37.394, 0, 91 %, 79 %, 3579 MiB, 49140 MiB, 277.13 W, 300.00 W, 72, 2370 MHz
2026/09/23 02:51:38.395, 0, 92 %, 80 %, 3579 MiB, 49140 MiB, 278.12 W, 300.00 W, 72, 2115 MHz
2026/09/23 02:51:39.396, 0, 92 %, 81 %, 3579 MiB, 49140 MiB, 278.78 W, 300.00 W, 72, 2190 MHz
2026/09/23 02:51:40.396, 0, 94 %, 83 %, 3579 MiB, 49140 MiB, 279.89 W, 300.00 W, 72, 2160 MHz
2026/09/23 02:51:41.398, 0, 88 %, 75 %, 3579 MiB, 49140 MiB, 276.38 W, 300.00 W, 71, 2250 MHz
2026/09/23 02:51:42.399, 0, 94 %, 83 %, 3579 MiB, 49140 MiB, 277.39 W, 300.00 W, 72, 2310 MHz
2026/09/23 02:51:43.399, 0, 89 %, 78 %, 3579 MiB, 49140 MiB, 278.99 W, 300.00 W, 72, 2325 MHz
2026/09/23 02:51:44.401, 0, 91 %, 79 %, 3579 MiB, 49140 MiB, 278.50 W, 300.00 W, 72, 2400 MHz
2026/09/23 02:51:45.401, 0, 93 %, 79 %, 3579 MiB, 49140 MiB, 277.97 W, 300.00 W, 72, 2445 MHz
2026/09/23 02:51:46.402, 0, 91 %, 80 %, 3579 MiB, 49140 MiB, 276.57 W, 300.00 W, 72, 2325 MHz
2026/09/23 02:51:47.403, 0, 89 %, 77 %, 3579 MiB, 49140 MiB, 278.96 W, 300.00 W, 73, 2325 MHz
2026/09/23 02:51:48.404, 0, 73 %, 47 %, 3579 MiB, 49140 MiB, 233.20 W, 300.00 W, 67, 2745 MHz
2026/09/23 02:51:49.404, 0, 0 %, 0 %, 3579 MiB, 49140 MiB, 145.53 W, 300.00 W, 71, 2220 MHz
2026/09/23 02:51:50.405, 0, 90 %, 78 %, 3579 MiB, 49140 MiB, 277.85 W, 300.00 W, 71, 2355 MHz
2026/09/23 02:51:51.406, 0, 91 %, 78 %, 3579 MiB, 49140 MiB, 278.27 W, 300.00 W, 71, 2430 MHz
2026/09/23 02:51:52.407, 0, 92 %, 81 %, 3579 MiB, 49140 MiB, 277.63 W, 300.00 W, 71, 2160 MHz
2026/09/23 02:51:53.407, 0, 92 %, 80 %, 3579 MiB, 49140 MiB, 276.71 W, 300.00 W, 70, 2415 MHz
2026/09/23 02:51:54.408, 0, 94 %, 82 %, 3579 MiB, 49140 MiB, 278.48 W, 300.00 W, 71, 2490 MHz
2026/09/23 02:51:55.409, 0, 90 %, 79 %, 3579 MiB, 49140 MiB, 277.58 W, 300.00 W, 70, 2160 MHz
2026/09/23 02:51:56.410, 0, 90 %, 78 %, 3579 MiB, 49140 MiB, 278.10 W, 300.00 W, 72, 2430 MHz
2026/09/23 02:51:57.411, 0, 93 %, 82 %, 3579 MiB, 49140 MiB, 278.53 W, 300.00 W, 72, 2325 MHz
2026/09/23 02:51:58.412, 0, 93 %, 78 %, 3579 MiB, 49140 MiB, 278.66 W, 300.00 W, 71, 2295 MHz
2026/09/23 02:51:59.413, 0, 91 %, 79 %, 3579 MiB, 49140 MiB, 278.74 W, 300.00 W, 72, 2190 MHz
2026/09/23 02:52:00.413, 0, 57 %, 37 %, 3579 MiB, 49140 MiB, 271.85 W, 300.00 W, 71, 2685 MHz
2026/09/23 02:52:01.414, 0, 0 %, 0 %, 3579 MiB, 49140 MiB, 144.40 W, 300.00 W, 66, 2745 MHz
2026/09/23 02:52:02.415, 0, 92 %, 80 %, 3579 MiB, 49140 MiB, 154.69 W, 300.00 W, 70, 2265 MHz
2026/09/23 02:52:03.418, 0, 89 %, 78 %, 3579 MiB, 49140 MiB, 281.90 W, 300.00 W, 70, 2385 MHz
2026/09/23 02:52:04.419, 0, 91 %, 79 %, 3579 MiB, 49140 MiB, 280.73 W, 300.00 W, 72, 2295 MHz
2026/09/23 02:52:05.420, 0, 84 %, 73 %, 3579 MiB, 49140 MiB, 281.87 W, 300.00 W, 71, 2490 MHz
2026/09/23 02:52:06.420, 0, 90 %, 78 %, 3579 MiB, 49140 MiB, 277.14 W, 300.00 W, 72, 2400 MHz
2026/09/23 02:52:07.421, 0, 91 %, 79 %, 3579 MiB, 49140 MiB, 280.37 W, 300.00 W, 72, 2400 MHz
2026/09/23 02:52:08.422, 0, 88 %, 76 %, 3579 MiB, 49140 MiB, 278.98 W, 300.00 W, 71, 2415 MHz
2026/09/23 02:52:09.423, 0, 88 %, 76 %, 3579 MiB, 49140 MiB, 281.56 W, 300.00 W, 70, 2385 MHz
2026/09/23 02:52:10.426, 0, 92 %, 80 %, 3579 MiB, 49140 MiB, 280.50 W, 300.00 W, 71, 2400 MHz
2026/09/23 02:52:11.427, 0, 91 %, 79 %, 3579 MiB, 49140 MiB, 281.46 W, 300.00 W, 72, 2475 MHz
2026/09/23 02:52:12.428, 0, 90 %, 79 %, 3579 MiB, 49140 MiB, 279.78 W, 300.00 W, 71, 2295 MHz
2026/09/23 02:52:13.429, 0, 89 %, 76 %, 3579 MiB, 49140 MiB, 281.99 W, 300.00 W, 71, 2355 MHz
2026/09/23 02:52:14.430, 0, 0 %, 0 %, 3579 MiB, 49140 MiB, 220.78 W, 300.00 W, 66, 2745 MHz
2026/09/23 02:52:15.431, 0, 86 %, 75 %, 3579 MiB, 49140 MiB, 164.96 W, 300.00 W, 71, 2340 MHz
2026/09/23 02:52:16.431, 0, 94 %, 81 %, 3579 MiB, 49140 MiB, 277.93 W, 300.00 W, 71, 2250 MHz
2026/09/23 02:52:17.433, 0, 89 %, 78 %, 3579 MiB, 49140 MiB, 277.16 W, 300.00 W, 72, 2385 MHz
2026/09/23 02:52:18.434, 0, 92 %, 80 %, 3579 MiB, 49140 MiB, 277.99 W, 300.00 W, 72, 2325 MHz
2026/09/23 02:52:19.435, 0, 81 %, 71 %, 3579 MiB, 49140 MiB, 274.85 W, 300.00 W, 71, 2130 MHz
2026/09/23 02:52:20.435, 0, 89 %, 77 %, 3579 MiB, 49140 MiB, 276.90 W, 300.00 W, 70, 2220 MHz
2026/09/23 02:52:21.437, 0, 91 %, 80 %, 3579 MiB, 49140 MiB, 279.23 W, 300.00 W, 71, 2130 MHz
2026/09/23 02:52:22.438, 0, 86 %, 74 %, 3579 MiB, 49140 MiB, 277.85 W, 300.00 W, 73, 2295 MHz
2026/09/23 02:52:23.438, 0, 92 %, 82 %, 3579 MiB, 49140 MiB, 277.70 W, 300.00 W, 71, 2460 MHz
2026/09/23 02:52:24.439, 0, 87 %, 75 %, 3579 MiB, 49140 MiB, 277.14 W, 300.00 W, 71, 2400 MHz
2026/09/23 02:52:25.441, 0, 90 %, 79 %, 3579 MiB, 49140 MiB, 277.08 W, 300.00 W, 73, 2325 MHz
2026/09/23 02:52:26.442, 0, 87 %, 76 %, 3579 MiB, 49140 MiB, 277.25 W, 300.00 W, 71, 2115 MHz
2026/09/23 02:52:27.442, 0, 0 %, 0 %, 3579 MiB, 49140 MiB, 212.50 W, 300.00 W, 66, 2745 MHz
2026/09/23 02:52:28.443, 0, 90 %, 76 %, 3579 MiB, 49140 MiB, 173.69 W, 300.00 W, 71, 2280 MHz
2026/09/23 02:52:29.444, 0, 90 %, 78 %, 3579 MiB, 49140 MiB, 276.58 W, 300.00 W, 71, 2550 MHz
2026/09/23 02:52:30.446, 0, 92 %, 80 %, 3579 MiB, 49140 MiB, 277.45 W, 300.00 W, 72, 2325 MHz
2026/09/23 02:52:31.447, 0, 90 %, 78 %, 3579 MiB, 49140 MiB, 279.15 W, 300.00 W, 72, 2445 MHz
2026/09/23 02:52:32.448, 0, 90 %, 78 %, 3579 MiB, 49140 MiB, 278.46 W, 300.00 W, 73, 2295 MHz
2026/09/23 02:52:33.448, 0, 92 %, 79 %, 3579 MiB, 49140 MiB, 276.57 W, 300.00 W, 71, 2445 MHz
2026/09/23 02:52:34.449, 0, 91 %, 79 %, 3579 MiB, 49140 MiB, 276.19 W, 300.00 W, 71, 2295 MHz
2026/09/23 02:52:35.450, 0, 92 %, 81 %, 3579 MiB, 49140 MiB, 275.99 W, 300.00 W, 72, 2310 MHz
2026/09/23 02:52:36.452, 0, 92 %, 78 %, 3579 MiB, 49140 MiB, 277.98 W, 300.00 W, 72, 2175 MHz
2026/09/23 02:52:37.453, 0, 92 %, 79 %, 3579 MiB, 49140 MiB, 276.25 W, 300.00 W, 71, 2415 MHz
2026/09/23 02:52:38.453, 0, 87 %, 76 %, 3579 MiB, 49140 MiB, 276.93 W, 300.00 W, 72, 2145 MHz
2026/09/23 02:52:39.454, 0, 82 %, 68 %, 3579 MiB, 49140 MiB, 276.75 W, 300.00 W, 72, 2505 MHz
2026/09/23 02:52:40.455, 0, 0 %, 0 %, 3579 MiB, 49140 MiB, 195.78 W, 300.00 W, 66, 2745 MHz
2026/09/23 02:52:41.455, 0, 90 %, 78 %, 3579 MiB, 49140 MiB, 187.32 W, 300.00 W, 71, 2370 MHz
2026/09/23 02:52:42.456, 0, 92 %, 81 %, 3579 MiB, 49140 MiB, 278.52 W, 300.00 W, 72, 2100 MHz
2026/09/23 02:52:43.456, 0, 93 %, 79 %, 3579 MiB, 49140 MiB, 280.37 W, 300.00 W, 71, 2130 MHz
2026/09/23 02:52:44.457, 0, 93 %, 80 %, 3579 MiB, 49140 MiB, 278.03 W, 300.00 W, 71, 2160 MHz
2026/09/23 02:52:45.459, 0, 89 %, 77 %, 3579 MiB, 49140 MiB, 277.97 W, 300.00 W, 72, 2085 MHz
2026/09/23 02:52:46.459, 0, 87 %, 75 %, 3579 MiB, 49140 MiB, 276.04 W, 300.00 W, 72, 2460 MHz
2026/09/23 02:52:47.460, 0, 87 %, 76 %, 3579 MiB, 49140 MiB, 277.02 W, 300.00 W, 72, 2130 MHz
2026/09/23 02:52:48.461, 0, 89 %, 77 %, 3579 MiB, 49140 MiB, 277.61 W, 300.00 W, 72, 2085 MHz
2026/09/23 02:52:49.462, 0, 92 %, 80 %, 3579 MiB, 49140 MiB, 276.02 W, 300.00 W, 72, 2340 MHz
2026/09/23 02:52:50.462, 0, 86 %, 75 %, 3579 MiB, 49140 MiB, 278.28 W, 300.00 W, 73, 2130 MHz
2026/09/23 02:52:51.463, 0, 91 %, 80 %, 3579 MiB, 49140 MiB, 278.44 W, 300.00 W, 71, 2190 MHz
2026/09/23 02:52:52.465, 0, 67 %, 42 %, 3579 MiB, 49140 MiB, 273.54 W, 300.00 W, 71, 2565 MHz
2026/09/23 02:52:53.465, 0, 0 %, 0 %, 3579 MiB, 49140 MiB, 163.86 W, 300.00 W, 66, 2745 MHz
2026/09/23 02:52:54.466, 0, 91 %, 79 %, 3579 MiB, 49140 MiB, 222.33 W, 300.00 W, 72, 2280 MHz
2026/09/23 02:52:55.467, 0, 92 %, 79 %, 3579 MiB, 49140 MiB, 278.89 W, 300.00 W, 71, 2385 MHz
2026/09/23 02:52:56.467, 0, 90 %, 79 %, 3579 MiB, 49140 MiB, 276.00 W, 300.00 W, 71, 2430 MHz
2026/09/23 02:52:57.468, 0, 91 %, 79 %, 3579 MiB, 49140 MiB, 278.20 W, 300.00 W, 71, 2415 MHz
2026/09/23 02:52:58.469, 0, 92 %, 79 %, 3579 MiB, 49140 MiB, 278.16 W, 300.00 W, 71, 2340 MHz
2026/09/23 02:52:59.470, 0, 91 %, 80 %, 3579 MiB, 49140 MiB, 278.95 W, 300.00 W, 73, 2400 MHz
2026/09/23 02:53:00.471, 0, 95 %, 82 %, 3579 MiB, 49140 MiB, 277.83 W, 300.00 W, 71, 2385 MHz
2026/09/23 02:53:01.472, 0, 92 %, 77 %, 3579 MiB, 49140 MiB, 278.65 W, 300.00 W, 71, 2400 MHz
2026/09/23 02:53:02.473, 0, 92 %, 78 %, 3579 MiB, 49140 MiB, 278.44 W, 300.00 W, 72, 2415 MHz
2026/09/23 02:53:03.474, 0, 91 %, 80 %, 3579 MiB, 49140 MiB, 278.33 W, 300.00 W, 71, 2265 MHz
2026/09/23 02:53:04.474, 0, 88 %, 76 %, 3579 MiB, 49140 MiB, 278.07 W, 300.00 W, 71, 2400 MHz
2026/09/23 02:53:05.475, 0, 65 %, 42 %, 3579 MiB, 49140 MiB, 273.87 W, 300.00 W, 72, 2280 MHz
2026/09/23 02:53:06.475, 0, 0 %, 0 %, 3579 MiB, 49140 MiB, 146.39 W, 300.00 W, 66, 2745 MHz
2026/09/23 02:53:07.475, 0, 96 %, 82 %, 3579 MiB, 49140 MiB, 237.43 W, 300.00 W, 70, 2400 MHz
2026/09/23 02:53:08.477, 0, 89 %, 76 %, 3579 MiB, 49140 MiB, 281.81 W, 300.00 W, 73, 2115 MHz
2026/09/23 02:53:09.478, 0, 94 %, 81 %, 3579 MiB, 49140 MiB, 282.95 W, 300.00 W, 73, 2145 MHz
2026/09/23 02:53:10.479, 0, 87 %, 77 %, 3579 MiB, 49140 MiB, 283.48 W, 300.00 W, 71, 2460 MHz
2026/09/23 02:53:11.480, 0, 90 %, 80 %, 3579 MiB, 49140 MiB, 283.78 W, 300.00 W, 71, 2445 MHz
2026/09/23 02:53:12.481, 0, 91 %, 78 %, 3579 MiB, 49140 MiB, 280.30 W, 300.00 W, 72, 2130 MHz
2026/09/23 02:53:13.482, 0, 91 %, 77 %, 3579 MiB, 49140 MiB, 280.37 W, 300.00 W, 72, 2475 MHz
2026/09/23 02:53:14.483, 0, 92 %, 80 %, 3579 MiB, 49140 MiB, 283.37 W, 300.00 W, 73, 2115 MHz
2026/09/23 02:53:15.484, 0, 90 %, 80 %, 3579 MiB, 49140 MiB, 282.72 W, 300.00 W, 72, 2370 MHz
2026/09/23 02:53:16.484, 0, 93 %, 80 %, 3579 MiB, 49140 MiB, 283.87 W, 300.00 W, 72, 2385 MHz
2026/09/23 02:53:17.485, 0, 94 %, 83 %, 3579 MiB, 49140 MiB, 284.49 W, 300.00 W, 71, 2355 MHz
2026/09/23 02:53:18.486, 0, 60 %, 38 %, 3579 MiB, 49140 MiB, 274.76 W, 300.00 W, 72, 2625 MHz
2026/09/23 02:53:19.487, 0, 0 %, 0 %, 3579 MiB, 49140 MiB, 144.71 W, 300.00 W, 66, 2745 MHz
2026/09/23 02:53:20.487, 0, 92 %, 77 %, 3579 MiB, 49140 MiB, 235.08 W, 300.00 W, 72, 2340 MHz
2026/09/23 02:53:21.489, 0, 94 %, 80 %, 3579 MiB, 49140 MiB, 281.75 W, 300.00 W, 71, 2310 MHz
2026/09/23 02:53:22.490, 0, 92 %, 82 %, 3579 MiB, 49140 MiB, 278.48 W, 300.00 W, 71, 2430 MHz
2026/09/23 02:53:23.491, 0, 93 %, 81 %, 3579 MiB, 49140 MiB, 276.63 W, 300.00 W, 70, 2310 MHz
2026/09/23 02:53:24.492, 0, 91 %, 80 %, 3579 MiB, 49140 MiB, 279.46 W, 300.00 W, 71, 2340 MHz
2026/09/23 02:53:25.492, 0, 90 %, 80 %, 3579 MiB, 49140 MiB, 277.76 W, 300.00 W, 72, 2280 MHz
2026/09/23 02:53:26.493, 0, 91 %, 78 %, 3579 MiB, 49140 MiB, 277.47 W, 300.00 W, 71, 2295 MHz
2026/09/23 02:53:27.494, 0, 87 %, 76 %, 3579 MiB, 49140 MiB, 280.55 W, 300.00 W, 72, 2385 MHz
2026/09/23 02:53:28.495, 0, 92 %, 80 %, 3579 MiB, 49140 MiB, 277.51 W, 300.00 W, 71, 2055 MHz
2026/09/23 02:53:29.496, 0, 85 %, 75 %, 3579 MiB, 49140 MiB, 275.51 W, 300.00 W, 71, 2550 MHz
2026/09/23 02:53:30.500, 0, 94 %, 83 %, 3579 MiB, 49140 MiB, 279.17 W, 300.00 W, 72, 2340 MHz
2026/09/23 02:53:31.500, 0, 58 %, 37 %, 3579 MiB, 49140 MiB, 270.17 W, 300.00 W, 73, 2730 MHz
2026/09/23 02:53:32.501, 0, 0 %, 0 %, 3579 MiB, 49140 MiB, 132.27 W, 300.00 W, 66, 2745 MHz
2026/09/23 02:53:33.502, 0, 87 %, 76 %, 3579 MiB, 49140 MiB, 251.43 W, 300.00 W, 72, 2385 MHz
2026/09/23 02:53:34.503, 0, 87 %, 78 %, 3579 MiB, 49140 MiB, 281.09 W, 300.00 W, 71, 2160 MHz
2026/09/23 02:53:35.504, 0, 93 %, 79 %, 3579 MiB, 49140 MiB, 281.82 W, 300.00 W, 72, 2130 MHz
2026/09/23 02:53:36.505, 0, 95 %, 81 %, 3579 MiB, 49140 MiB, 282.30 W, 300.00 W, 72, 2160 MHz
2026/09/23 02:53:37.506, 0, 90 %, 78 %, 3579 MiB, 49140 MiB, 281.33 W, 300.00 W, 71, 2460 MHz
2026/09/23 02:53:38.507, 0, 89 %, 77 %, 3579 MiB, 49140 MiB, 281.39 W, 300.00 W, 72, 2430 MHz
2026/09/23 02:53:39.507, 0, 91 %, 77 %, 3579 MiB, 49140 MiB, 280.38 W, 300.00 W, 72, 2295 MHz
2026/09/23 02:53:40.510, 0, 87 %, 75 %, 3579 MiB, 49140 MiB, 279.61 W, 300.00 W, 72, 2355 MHz
2026/09/23 02:53:41.510, 0, 86 %, 76 %, 3579 MiB, 49140 MiB, 280.83 W, 300.00 W, 71, 2370 MHz
2026/09/23 02:53:42.511, 0, 88 %, 78 %, 3579 MiB, 49140 MiB, 281.89 W, 300.00 W, 71, 2370 MHz
2026/09/23 02:53:43.512, 0, 92 %, 78 %, 3579 MiB, 49140 MiB, 281.73 W, 300.00 W, 72, 2145 MHz
2026/09/23 02:53:44.513, 0, 61 %, 40 %, 3579 MiB, 49140 MiB, 274.30 W, 300.00 W, 72, 2535 MHz
2026/09/23 02:53:45.513, 0, 0 %, 0 %, 3579 MiB, 49140 MiB, 128.82 W, 300.00 W, 66, 2745 MHz
2026/09/23 02:53:46.514, 0, 85 %, 73 %, 3579 MiB, 49140 MiB, 254.74 W, 300.00 W, 72, 2430 MHz
2026/09/23 02:53:47.514, 0, 90 %, 76 %, 3579 MiB, 49140 MiB, 277.00 W, 300.00 W, 72, 2265 MHz
2026/09/23 02:53:48.515, 0, 93 %, 78 %, 3579 MiB, 49140 MiB, 278.76 W, 300.00 W, 72, 2265 MHz
2026/09/23 02:53:49.515, 0, 92 %, 81 %, 3579 MiB, 49140 MiB, 277.56 W, 300.00 W, 71, 2400 MHz
2026/09/23 02:53:50.516, 0, 90 %, 80 %, 3579 MiB, 49140 MiB, 277.45 W, 300.00 W, 71, 2085 MHz
2026/09/23 02:53:51.517, 0, 93 %, 81 %, 3579 MiB, 49140 MiB, 276.68 W, 300.00 W, 70, 2325 MHz
2026/09/23 02:53:52.517, 0, 91 %, 78 %, 3579 MiB, 49140 MiB, 278.81 W, 300.00 W, 71, 2400 MHz
2026/09/23 02:53:53.518, 0, 90 %, 77 %, 3579 MiB, 49140 MiB, 276.47 W, 300.00 W, 72, 2370 MHz
2026/09/23 02:53:54.519, 0, 92 %, 83 %, 3579 MiB, 49140 MiB, 279.06 W, 300.00 W, 71, 2175 MHz
2026/09/23 02:53:55.519, 0, 93 %, 80 %, 3579 MiB, 49140 MiB, 279.95 W, 300.00 W, 72, 2145 MHz
2026/09/23 02:53:56.520, 0, 89 %, 75 %, 3579 MiB, 49140 MiB, 278.55 W, 300.00 W, 71, 2460 MHz
2026/09/23 02:53:57.521, 0, 69 %, 44 %, 3579 MiB, 49140 MiB, 273.33 W, 300.00 W, 73, 2430 MHz
2026/09/23 02:53:58.522, 0, 13 %, 11 %, 3579 MiB, 49140 MiB, 123.46 W, 300.00 W, 66, 2745 MHz
2026/09/23 02:53:59.523, 0, 90 %, 78 %, 3579 MiB, 49140 MiB, 263.71 W, 300.00 W, 71, 2235 MHz
2026/09/23 02:54:00.524, 0, 88 %, 76 %, 3579 MiB, 49140 MiB, 278.80 W, 300.00 W, 72, 2460 MHz
2026/09/23 02:54:01.525, 0, 91 %, 76 %, 3579 MiB, 49140 MiB, 277.40 W, 300.00 W, 72, 2325 MHz
2026/09/23 02:54:02.525, 0, 90 %, 79 %, 3579 MiB, 49140 MiB, 277.85 W, 300.00 W, 70, 2445 MHz
2026/09/23 02:54:03.526, 0, 92 %, 80 %, 3579 MiB, 49140 MiB, 277.16 W, 300.00 W, 70, 2400 MHz
2026/09/23 02:54:04.528, 0, 90 %, 79 %, 3579 MiB, 49140 MiB, 276.39 W, 300.00 W, 71, 2445 MHz
2026/09/23 02:54:05.529, 0, 92 %, 79 %, 3579 MiB, 49140 MiB, 278.83 W, 300.00 W, 71, 2415 MHz
2026/09/23 02:54:06.529, 0, 91 %, 80 %, 3579 MiB, 49140 MiB, 276.33 W, 300.00 W, 71, 2340 MHz
2026/09/23 02:54:07.530, 0, 94 %, 83 %, 3579 MiB, 49140 MiB, 280.72 W, 300.00 W, 71, 2205 MHz
2026/09/23 02:54:08.531, 0, 92 %, 80 %, 3579 MiB, 49140 MiB, 279.37 W, 300.00 W, 72, 2130 MHz
2026/09/23 02:54:09.532, 0, 92 %, 77 %, 3579 MiB, 49140 MiB, 278.77 W, 300.00 W, 71, 2205 MHz
2026/09/23 02:54:10.533, 0, 62 %, 40 %, 3579 MiB, 49140 MiB, 270.52 W, 300.00 W, 72, 2655 MHz
2026/09/23 02:54:11.533, 0, 94 %, 81 %, 3579 MiB, 49140 MiB, 128.91 W, 300.00 W, 70, 2265 MHz
2026/09/23 02:54:12.534, 0, 90 %, 76 %, 3579 MiB, 49140 MiB, 282.89 W, 300.00 W, 71, 2460 MHz
2026/09/23 02:54:13.535, 0, 91 %, 78 %, 3579 MiB, 49140 MiB, 280.75 W, 300.00 W, 72, 2340 MHz
2026/09/23 02:54:14.535, 0, 92 %, 80 %, 3579 MiB, 49140 MiB, 281.81 W, 300.00 W, 71, 2340 MHz
2026/09/23 02:54:15.536, 0, 87 %, 76 %, 3579 MiB, 49140 MiB, 279.48 W, 300.00 W, 70, 2160 MHz
2026/09/23 02:54:16.536, 0, 88 %, 77 %, 3579 MiB, 49140 MiB, 281.10 W, 300.00 W, 71, 2385 MHz
2026/09/23 02:54:17.539, 0, 92 %, 79 %, 3579 MiB, 49140 MiB, 282.80 W, 300.00 W, 72, 2355 MHz
2026/09/23 02:54:18.539, 0, 88 %, 77 %, 3579 MiB, 49140 MiB, 283.02 W, 300.00 W, 71, 2370 MHz
2026/09/23 02:54:19.540, 0, 89 %, 77 %, 3579 MiB, 49140 MiB, 282.32 W, 300.00 W, 73, 2460 MHz
2026/09/23 02:54:20.541, 0, 91 %, 78 %, 3579 MiB, 49140 MiB, 282.17 W, 300.00 W, 72, 2295 MHz
2026/09/23 02:54:21.542, 0, 89 %, 79 %, 3579 MiB, 49140 MiB, 280.05 W, 300.00 W, 71, 2355 MHz
2026/09/23 02:54:22.543, 0, 95 %, 82 %, 3579 MiB, 49140 MiB, 282.90 W, 300.00 W, 72, 2310 MHz
2026/09/23 02:54:23.544, 0, 0 %, 0 %, 3579 MiB, 49140 MiB, 258.58 W, 300.00 W, 69, 2730 MHz
2026/09/23 02:54:24.544, 0, 92 %, 81 %, 3579 MiB, 49140 MiB, 114.17 W, 300.00 W, 69, 2400 MHz
2026/09/23 02:54:25.546, 0, 89 %, 77 %, 3579 MiB, 49140 MiB, 278.81 W, 300.00 W, 72, 2400 MHz
2026/09/23 02:54:26.546, 0, 91 %, 77 %, 3579 MiB, 49140 MiB, 276.48 W, 300.00 W, 71, 2430 MHz
2026/09/23 02:54:27.547, 0, 89 %, 78 %, 3579 MiB, 49140 MiB, 277.84 W, 300.00 W, 70, 2280 MHz
2026/09/23 02:54:28.548, 0, 89 %, 78 %, 3579 MiB, 49140 MiB, 277.02 W, 300.00 W, 72, 2415 MHz
2026/09/23 02:54:29.549, 0, 89 %, 79 %, 3579 MiB, 49140 MiB, 276.70 W, 300.00 W, 71, 2340 MHz
2026/09/23 02:54:30.550, 0, 94 %, 81 %, 3579 MiB, 49140 MiB, 277.27 W, 300.00 W, 71, 2280 MHz
2026/09/23 02:54:31.552, 0, 92 %, 79 %, 3579 MiB, 49140 MiB, 277.18 W, 300.00 W, 70, 2160 MHz
2026/09/23 02:54:32.553, 0, 89 %, 78 %, 3579 MiB, 49140 MiB, 279.68 W, 300.00 W, 71, 2145 MHz
2026/09/23 02:54:33.554, 0, 90 %, 77 %, 3579 MiB, 49140 MiB, 278.00 W, 300.00 W, 72, 2115 MHz
2026/09/23 02:54:34.554, 0, 85 %, 74 %, 3579 MiB, 49140 MiB, 273.82 W, 300.00 W, 72, 2370 MHz
2026/09/23 02:54:35.555, 0, 87 %, 76 %, 3579 MiB, 49140 MiB, 277.75 W, 300.00 W, 71, 2400 MHz
2026/09/23 02:54:36.556, 0, 55 %, 36 %, 3579 MiB, 49140 MiB, 266.13 W, 300.00 W, 69, 2730 MHz
2026/09/23 02:54:37.556, 0, 89 %, 78 %, 3579 MiB, 49140 MiB, 126.16 W, 300.00 W, 70, 2475 MHz
2026/09/23 02:54:38.558, 0, 88 %, 76 %, 3579 MiB, 49140 MiB, 278.32 W, 300.00 W, 72, 2415 MHz
2026/09/23 02:54:39.558, 0, 88 %, 76 %, 3579 MiB, 49140 MiB, 280.54 W, 300.00 W, 72, 2460 MHz
2026/09/23 02:54:40.559, 0, 92 %, 82 %, 3579 MiB, 49140 MiB, 280.64 W, 300.00 W, 73, 2400 MHz
2026/09/23 02:54:41.562, 0, 92 %, 78 %, 3579 MiB, 49140 MiB, 280.96 W, 300.00 W, 72, 2430 MHz
2026/09/23 02:54:42.563, 0, 87 %, 77 %, 3579 MiB, 49140 MiB, 280.42 W, 300.00 W, 71, 2205 MHz
2026/09/23 02:54:43.563, 0, 88 %, 76 %, 3579 MiB, 49140 MiB, 280.96 W, 300.00 W, 72, 2445 MHz
2026/09/23 02:54:44.564, 0, 92 %, 80 %, 3579 MiB, 49140 MiB, 280.31 W, 300.00 W, 71, 2340 MHz
2026/09/23 02:54:45.566, 0, 94 %, 81 %, 3579 MiB, 49140 MiB, 283.10 W, 300.00 W, 72, 2280 MHz
2026/09/23 02:54:46.567, 0, 94 %, 80 %, 3579 MiB, 49140 MiB, 282.77 W, 300.00 W, 72, 2310 MHz
2026/09/23 02:54:47.568, 0, 91 %, 79 %, 3579 MiB, 49140 MiB, 280.48 W, 300.00 W, 72, 2370 MHz
2026/09/23 02:54:48.568, 0, 92 %, 80 %, 3579 MiB, 49140 MiB, 280.50 W, 300.00 W, 72, 2145 MHz
2026/09/23 02:54:49.569, 0, 42 %, 27 %, 3579 MiB, 49140 MiB, 265.47 W, 300.00 W, 68, 2730 MHz
2026/09/23 02:54:50.570, 0, 92 %, 80 %, 3579 MiB, 49140 MiB, 134.19 W, 300.00 W, 69, 2385 MHz
2026/09/23 02:54:51.570, 0, 91 %, 79 %, 3579 MiB, 49140 MiB, 278.47 W, 300.00 W, 71, 2370 MHz
2026/09/23 02:54:52.571, 0, 87 %, 77 %, 3579 MiB, 49140 MiB, 278.37 W, 300.00 W, 72, 2370 MHz
2026/09/23 02:54:53.572, 0, 93 %, 82 %, 3579 MiB, 49140 MiB, 274.34 W, 300.00 W, 72, 2325 MHz
2026/09/23 02:54:54.573, 0, 87 %, 75 %, 3579 MiB, 49140 MiB, 277.76 W, 300.00 W, 71, 2370 MHz
2026/09/23 02:54:55.574, 0, 89 %, 76 %, 3579 MiB, 49140 MiB, 278.63 W, 300.00 W, 72, 2370 MHz
2026/09/23 02:54:56.574, 0, 89 %, 79 %, 3579 MiB, 49140 MiB, 277.64 W, 300.00 W, 72, 2415 MHz
2026/09/23 02:54:57.575, 0, 88 %, 76 %, 3579 MiB, 49140 MiB, 276.54 W, 300.00 W, 71, 2400 MHz
2026/09/23 02:54:58.576, 0, 86 %, 75 %, 3579 MiB, 49140 MiB, 276.94 W, 300.00 W, 73, 2490 MHz
2026/09/23 02:54:59.577, 0, 89 %, 78 %, 3579 MiB, 49140 MiB, 278.04 W, 300.00 W, 72, 2460 MHz
2026/09/23 02:55:00.578, 0, 87 %, 76 %, 3579 MiB, 49140 MiB, 274.93 W, 300.00 W, 71, 2325 MHz
2026/09/23 02:55:01.579, 0, 88 %, 77 %, 3579 MiB, 49140 MiB, 278.88 W, 300.00 W, 72, 2250 MHz
2026/09/23 02:55:02.579, 0, 6 %, 4 %, 3579 MiB, 49140 MiB, 254.76 W, 300.00 W, 67, 2730 MHz
2026/09/23 02:55:03.580, 0, 93 %, 79 %, 3579 MiB, 49140 MiB, 133.91 W, 300.00 W, 71, 2310 MHz
2026/09/23 02:55:04.581, 0, 86 %, 76 %, 3579 MiB, 49140 MiB, 275.09 W, 300.00 W, 70, 2340 MHz
2026/09/23 02:55:05.581, 0, 89 %, 76 %, 3579 MiB, 49140 MiB, 277.04 W, 300.00 W, 71, 2385 MHz
2026/09/23 02:55:06.582, 0, 88 %, 75 %, 3579 MiB, 49140 MiB, 279.94 W, 300.00 W, 71, 2370 MHz
2026/09/23 02:55:07.582, 0, 88 %, 77 %, 3579 MiB, 49140 MiB, 277.42 W, 300.00 W, 72, 2385 MHz
2026/09/23 02:55:08.583, 0, 90 %, 80 %, 3579 MiB, 49140 MiB, 276.73 W, 300.00 W, 71, 2460 MHz
2026/09/23 02:55:09.584, 0, 92 %, 78 %, 3579 MiB, 49140 MiB, 277.90 W, 300.00 W, 71, 2085 MHz
2026/09/23 02:55:10.585, 0, 92 %, 82 %, 3579 MiB, 49140 MiB, 279.60 W, 300.00 W, 72, 2385 MHz
2026/09/23 02:55:11.586, 0, 91 %, 80 %, 3579 MiB, 49140 MiB, 277.85 W, 300.00 W, 72, 2460 MHz
2026/09/23 02:55:12.587, 0, 96 %, 83 %, 3579 MiB, 49140 MiB, 278.87 W, 300.00 W, 71, 2250 MHz
2026/09/23 02:55:13.588, 0, 91 %, 80 %, 3579 MiB, 49140 MiB, 279.62 W, 300.00 W, 71, 2340 MHz
2026/09/23 02:55:14.589, 0, 96 %, 83 %, 3579 MiB, 49140 MiB, 279.62 W, 300.00 W, 71, 2250 MHz
2026/09/23 02:55:15.590, 0, 0 %, 0 %, 3579 MiB, 49140 MiB, 236.27 W, 300.00 W, 67, 2745 MHz
2026/09/23 02:55:16.591, 0, 92 %, 81 %, 3579 MiB, 49140 MiB, 142.26 W, 300.00 W, 72, 2280 MHz
2026/09/23 02:55:17.592, 0, 88 %, 78 %, 3579 MiB, 49140 MiB, 276.57 W, 300.00 W, 71, 2265 MHz
2026/09/23 02:55:18.593, 0, 89 %, 76 %, 3579 MiB, 49140 MiB, 273.79 W, 300.00 W, 71, 2490 MHz
2026/09/23 02:55:19.594, 0, 91 %, 80 %, 3579 MiB, 49140 MiB, 274.96 W, 300.00 W, 72, 2430 MHz
2026/09/23 02:55:20.595, 0, 92 %, 79 %, 3579 MiB, 49140 MiB, 277.00 W, 300.00 W, 70, 2400 MHz
2026/09/23 02:55:21.596, 0, 88 %, 75 %, 3579 MiB, 49140 MiB, 276.70 W, 300.00 W, 71, 2460 MHz
2026/09/23 02:55:22.597, 0, 94 %, 79 %, 3579 MiB, 49140 MiB, 278.13 W, 300.00 W, 71, 2280 MHz
2026/09/23 02:55:23.598, 0, 95 %, 81 %, 3579 MiB, 49140 MiB, 278.92 W, 300.00 W, 71, 2130 MHz
2026/09/23 02:55:24.599, 0, 85 %, 73 %, 3579 MiB, 49140 MiB, 277.60 W, 300.00 W, 72, 2355 MHz
2026/09/23 02:55:25.600, 0, 85 %, 74 %, 3579 MiB, 49140 MiB, 277.20 W, 300.00 W, 73, 2130 MHz
2026/09/23 02:55:26.600, 0, 90 %, 76 %, 3579 MiB, 49140 MiB, 273.33 W, 300.00 W, 71, 2295 MHz
2026/09/23 02:55:27.601, 0, 94 %, 84 %, 3579 MiB, 49140 MiB, 274.48 W, 300.00 W, 71, 2310 MHz
2026/09/23 02:55:28.604, 0, 0 %, 0 %, 3579 MiB, 49140 MiB, 225.00 W, 300.00 W, 67, 2745 MHz
2026/09/23 02:55:29.604, 0, 92 %, 78 %, 3579 MiB, 49140 MiB, 146.95 W, 300.00 W, 70, 2355 MHz
2026/09/23 02:55:30.606, 0, 91 %, 80 %, 3579 MiB, 49140 MiB, 276.24 W, 300.00 W, 71, 2400 MHz
2026/09/23 02:55:31.607, 0, 89 %, 79 %, 3579 MiB, 49140 MiB, 278.33 W, 300.00 W, 72, 2385 MHz
2026/09/23 02:55:32.607, 0, 91 %, 78 %, 3579 MiB, 49140 MiB, 276.83 W, 300.00 W, 71, 2445 MHz
2026/09/23 02:55:33.609, 0, 83 %, 73 %, 3579 MiB, 49140 MiB, 276.69 W, 300.00 W, 71, 2310 MHz
2026/09/23 02:55:34.609, 0, 89 %, 77 %, 3579 MiB, 49140 MiB, 275.94 W, 300.00 W, 71, 2505 MHz
2026/09/23 02:55:35.610, 0, 87 %, 76 %, 3579 MiB, 49140 MiB, 277.48 W, 300.00 W, 72, 2370 MHz
2026/09/23 02:55:36.611, 0, 93 %, 79 %, 3579 MiB, 49140 MiB, 277.46 W, 300.00 W, 71, 2370 MHz
2026/09/23 02:55:37.612, 0, 94 %, 80 %, 3579 MiB, 49140 MiB, 279.17 W, 300.00 W, 71, 2355 MHz
2026/09/23 02:55:38.613, 0, 91 %, 78 %, 3579 MiB, 49140 MiB, 278.00 W, 300.00 W, 71, 2385 MHz
2026/09/23 02:55:39.614, 0, 90 %, 77 %, 3579 MiB, 49140 MiB, 277.51 W, 300.00 W, 72, 2385 MHz
2026/09/23 02:55:40.615, 0, 91 %, 79 %, 3579 MiB, 49140 MiB, 277.40 W, 300.00 W, 71, 2310 MHz
2026/09/23 02:55:41.616, 0, 0 %, 0 %, 3579 MiB, 49140 MiB, 228.64 W, 300.00 W, 66, 2745 MHz
2026/09/23 02:55:42.616, 0, 90 %, 77 %, 3579 MiB, 49140 MiB, 152.38 W, 300.00 W, 71, 2415 MHz
2026/09/23 02:55:43.617, 0, 92 %, 79 %, 3579 MiB, 49140 MiB, 276.57 W, 300.00 W, 70, 2385 MHz
2026/09/23 02:55:44.618, 0, 90 %, 79 %, 3579 MiB, 49140 MiB, 276.42 W, 300.00 W, 71, 2370 MHz
2026/09/23 02:55:45.619, 0, 94 %, 79 %, 3579 MiB, 49140 MiB, 276.10 W, 300.00 W, 71, 2085 MHz
2026/09/23 02:55:46.620, 0, 93 %, 82 %, 3579 MiB, 49140 MiB, 278.93 W, 300.00 W, 72, 2175 MHz
2026/09/23 02:55:47.621, 0, 91 %, 79 %, 3579 MiB, 49140 MiB, 279.46 W, 300.00 W, 72, 2355 MHz
2026/09/23 02:55:48.622, 0, 88 %, 78 %, 3579 MiB, 49140 MiB, 276.34 W, 300.00 W, 72, 2235 MHz
2026/09/23 02:55:49.622, 0, 93 %, 83 %, 3579 MiB, 49140 MiB, 279.17 W, 300.00 W, 72, 2130 MHz
2026/09/23 02:55:50.623, 0, 94 %, 83 %, 3579 MiB, 49140 MiB, 277.35 W, 300.00 W, 72, 2250 MHz
2026/09/23 02:55:51.623, 0, 89 %, 79 %, 3579 MiB, 49140 MiB, 278.81 W, 300.00 W, 72, 2415 MHz
2026/09/23 02:55:52.624, 0, 92 %, 81 %, 3579 MiB, 49140 MiB, 278.39 W, 300.00 W, 71, 2385 MHz
2026/09/23 02:55:53.626, 0, 89 %, 76 %, 3579 MiB, 49140 MiB, 277.23 W, 300.00 W, 72, 2415 MHz
2026/09/23 02:55:54.626, 0, 0 %, 0 %, 3579 MiB, 49140 MiB, 214.96 W, 300.00 W, 66, 2745 MHz
2026/09/23 02:55:55.627, 0, 92 %, 81 %, 3579 MiB, 49140 MiB, 157.18 W, 300.00 W, 71, 2430 MHz
2026/09/23 02:55:56.627, 0, 95 %, 82 %, 3579 MiB, 49140 MiB, 277.31 W, 300.00 W, 72, 2310 MHz
2026/09/23 02:55:57.628, 0, 89 %, 80 %, 3579 MiB, 49140 MiB, 280.57 W, 300.00 W, 71, 2505 MHz
2026/09/23 02:55:58.629, 0, 89 %, 76 %, 3579 MiB, 49140 MiB, 278.80 W, 300.00 W, 71, 2430 MHz
2026/09/23 02:55:59.630, 0, 94 %, 83 %, 3579 MiB, 49140 MiB, 279.87 W, 300.00 W, 72, 2265 MHz
2026/09/23 02:56:00.631, 0, 90 %, 77 %, 3579 MiB, 49140 MiB, 277.32 W, 300.00 W, 71, 2430 MHz
2026/09/23 02:56:01.631, 0, 91 %, 79 %, 3579 MiB, 49140 MiB, 278.02 W, 300.00 W, 71, 2115 MHz
2026/09/23 02:56:02.632, 0, 89 %, 79 %, 3579 MiB, 49140 MiB, 276.94 W, 300.00 W, 72, 2370 MHz
2026/09/23 02:56:03.633, 0, 93 %, 78 %, 3579 MiB, 49140 MiB, 275.38 W, 300.00 W, 71, 2220 MHz
2026/09/23 02:56:04.634, 0, 90 %, 79 %, 3579 MiB, 49140 MiB, 278.12 W, 300.00 W, 71, 2130 MHz
2026/09/23 02:56:05.635, 0, 92 %, 80 %, 3579 MiB, 49140 MiB, 277.32 W, 300.00 W, 72, 2385 MHz
2026/09/23 02:56:06.636, 0, 89 %, 78 %, 3579 MiB, 49140 MiB, 276.03 W, 300.00 W, 71, 2370 MHz
2026/09/23 02:56:07.636, 0, 0 %, 0 %, 3579 MiB, 49140 MiB, 205.86 W, 300.00 W, 66, 2745 MHz
2026/09/23 02:56:08.637, 0, 92 %, 80 %, 3579 MiB, 49140 MiB, 169.58 W, 300.00 W, 71, 2340 MHz
2026/09/23 02:56:09.638, 0, 90 %, 77 %, 3579 MiB, 49140 MiB, 277.19 W, 300.00 W, 70, 2415 MHz
2026/09/23 02:56:10.638, 0, 91 %, 78 %, 3579 MiB, 49140 MiB, 279.59 W, 300.00 W, 72, 2355 MHz
2026/09/23 02:56:11.639, 0, 95 %, 83 %, 3579 MiB, 49140 MiB, 276.70 W, 300.00 W, 72, 2325 MHz
2026/09/23 02:56:12.640, 0, 90 %, 77 %, 3579 MiB, 49140 MiB, 279.53 W, 300.00 W, 71, 2430 MHz
2026/09/23 02:56:13.642, 0, 89 %, 78 %, 3579 MiB, 49140 MiB, 277.58 W, 300.00 W, 70, 2430 MHz
2026/09/23 02:56:14.643, 0, 87 %, 77 %, 3579 MiB, 49140 MiB, 278.13 W, 300.00 W, 72, 2475 MHz
2026/09/23 02:56:15.643, 0, 90 %, 77 %, 3579 MiB, 49140 MiB, 276.89 W, 300.00 W, 70, 2445 MHz
2026/09/23 02:56:16.644, 0, 88 %, 78 %, 3579 MiB, 49140 MiB, 275.35 W, 300.00 W, 71, 2115 MHz
2026/09/23 02:56:17.645, 0, 87 %, 73 %, 3579 MiB, 49140 MiB, 275.14 W, 300.00 W, 72, 2325 MHz
2026/09/23 02:56:18.646, 0, 95 %, 80 %, 3579 MiB, 49140 MiB, 273.63 W, 300.00 W, 71, 2220 MHz
2026/09/23 02:56:19.646, 0, 93 %, 78 %, 3579 MiB, 49140 MiB, 279.38 W, 300.00 W, 71, 2280 MHz
2026/09/23 02:56:20.647, 0, 0 %, 0 %, 3579 MiB, 49140 MiB, 214.86 W, 300.00 W, 66, 2745 MHz
2026/09/23 02:56:21.648, 0, 94 %, 80 %, 3579 MiB, 49140 MiB, 165.07 W, 300.00 W, 70, 2250 MHz
2026/09/23 02:56:22.648, 0, 85 %, 73 %, 3579 MiB, 49140 MiB, 279.99 W, 300.00 W, 72, 2460 MHz
2026/09/23 02:56:23.649, 0, 93 %, 79 %, 3579 MiB, 49140 MiB, 280.42 W, 300.00 W, 71, 2325 MHz
2026/09/23 02:56:24.650, 0, 91 %, 80 %, 3579 MiB, 49140 MiB, 280.01 W, 300.00 W, 72, 2115 MHz
2026/09/23 02:56:25.650, 0, 86 %, 76 %, 3579 MiB, 49140 MiB, 280.13 W, 300.00 W, 72, 2505 MHz
2026/09/23 02:56:26.651, 0, 91 %, 80 %, 3579 MiB, 49140 MiB, 282.01 W, 300.00 W, 71, 2340 MHz
2026/09/23 02:56:27.652, 0, 89 %, 79 %, 3579 MiB, 49140 MiB, 283.10 W, 300.00 W, 72, 2385 MHz
2026/09/23 02:56:28.653, 0, 93 %, 81 %, 3579 MiB, 49140 MiB, 280.72 W, 300.00 W, 72, 2370 MHz
2026/09/23 02:56:29.654, 0, 85 %, 72 %, 3579 MiB, 49140 MiB, 281.25 W, 300.00 W, 71, 2280 MHz
2026/09/23 02:56:30.655, 0, 94 %, 80 %, 3579 MiB, 49140 MiB, 281.96 W, 300.00 W, 72, 2370 MHz
2026/09/23 02:56:31.656, 0, 91 %, 79 %, 3579 MiB, 49140 MiB, 280.30 W, 300.00 W, 72, 2535 MHz
2026/09/23 02:56:32.657, 0, 92 %, 80 %, 3579 MiB, 49140 MiB, 281.61 W, 300.00 W, 72, 2460 MHz
2026/09/23 02:56:33.658, 0, 0 %, 0 %, 3579 MiB, 49140 MiB, 207.57 W, 300.00 W, 66, 2745 MHz
2026/09/23 02:56:34.658, 0, 84 %, 74 %, 3579 MiB, 49140 MiB, 185.81 W, 300.00 W, 70, 2430 MHz
2026/09/23 02:56:35.659, 0, 88 %, 77 %, 3579 MiB, 49140 MiB, 275.90 W, 300.00 W, 72, 2445 MHz
2026/09/23 02:56:36.660, 0, 92 %, 82 %, 3579 MiB, 49140 MiB, 272.75 W, 300.00 W, 72, 2445 MHz
2026/09/23 02:56:37.661, 0, 92 %, 81 %, 3579 MiB, 49140 MiB, 279.41 W, 300.00 W, 73, 2250 MHz
2026/09/23 02:56:38.661, 0, 91 %, 77 %, 3579 MiB, 49140 MiB, 279.67 W, 300.00 W, 71, 2430 MHz
2026/09/23 02:56:39.662, 0, 89 %, 78 %, 3579 MiB, 49140 MiB, 278.62 W, 300.00 W, 72, 2235 MHz
2026/09/23 02:56:40.663, 0, 86 %, 74 %, 3579 MiB, 49140 MiB, 277.94 W, 300.00 W, 72, 2430 MHz
2026/09/23 02:56:41.664, 0, 91 %, 79 %, 3579 MiB, 49140 MiB, 274.77 W, 300.00 W, 71, 2085 MHz
2026/09/23 02:56:42.665, 0, 93 %, 81 %, 3579 MiB, 49140 MiB, 276.77 W, 300.00 W, 71, 2355 MHz
2026/09/23 02:56:43.668, 0, 91 %, 78 %, 3579 MiB, 49140 MiB, 278.83 W, 300.00 W, 71, 2160 MHz
2026/09/23 02:56:44.669, 0, 91 %, 79 %, 3579 MiB, 49140 MiB, 278.82 W, 300.00 W, 72, 2160 MHz
2026/09/23 02:56:45.670, 0, 88 %, 76 %, 3579 MiB, 49140 MiB, 278.80 W, 300.00 W, 72, 2625 MHz
2026/09/23 02:56:46.671, 0, 0 %, 0 %, 3579 MiB, 49140 MiB, 200.38 W, 300.00 W, 66, 2745 MHz
2026/09/23 02:56:47.671, 0, 92 %, 78 %, 3579 MiB, 49140 MiB, 171.74 W, 300.00 W, 70, 2475 MHz
2026/09/23 02:56:48.673, 0, 83 %, 73 %, 3579 MiB, 49140 MiB, 276.59 W, 300.00 W, 70, 2295 MHz
2026/09/23 02:56:49.674, 0, 94 %, 81 %, 3579 MiB, 49140 MiB, 276.87 W, 300.00 W, 72, 2235 MHz
2026/09/23 02:56:50.674, 0, 90 %, 78 %, 3579 MiB, 49140 MiB, 278.48 W, 300.00 W, 71, 2490 MHz
2026/09/23 02:56:51.675, 0, 91 %, 79 %, 3579 MiB, 49140 MiB, 278.23 W, 300.00 W, 71, 2355 MHz
2026/09/23 02:56:52.676, 0, 93 %, 80 %, 3579 MiB, 49140 MiB, 262.55 W, 300.00 W, 70, 2295 MHz
2026/09/23 02:56:53.677, 0, 92 %, 78 %, 3579 MiB, 49140 MiB, 278.32 W, 300.00 W, 71, 2310 MHz
2026/09/23 02:56:54.678, 0, 91 %, 78 %, 3579 MiB, 49140 MiB, 277.60 W, 300.00 W, 72, 2250 MHz
2026/09/23 02:56:55.679, 0, 90 %, 78 %, 3579 MiB, 49140 MiB, 279.27 W, 300.00 W, 71, 2370 MHz
2026/09/23 02:56:56.680, 0, 88 %, 76 %, 3579 MiB, 49140 MiB, 274.17 W, 300.00 W, 72, 2370 MHz
2026/09/23 02:56:57.681, 0, 81 %, 71 %, 3579 MiB, 49140 MiB, 277.12 W, 300.00 W, 71, 2430 MHz
2026/09/23 02:56:58.682, 0, 92 %, 78 %, 3579 MiB, 49140 MiB, 278.51 W, 300.00 W, 71, 2445 MHz
2026/09/23 02:56:59.682, 0, 0 %, 0 %, 3579 MiB, 49140 MiB, 214.00 W, 300.00 W, 66, 2745 MHz
2026/09/23 02:57:00.683, 0, 91 %, 77 %, 3579 MiB, 49140 MiB, 173.38 W, 300.00 W, 71, 2445 MHz
2026/09/23 02:57:01.684, 0, 85 %, 75 %, 3579 MiB, 49140 MiB, 276.00 W, 300.00 W, 72, 2265 MHz
2026/09/23 02:57:02.685, 0, 92 %, 78 %, 3579 MiB, 49140 MiB, 277.44 W, 300.00 W, 70, 2505 MHz
2026/09/23 02:57:03.685, 0, 91 %, 79 %, 3579 MiB, 49140 MiB, 277.92 W, 300.00 W, 70, 2340 MHz
2026/09/23 02:57:04.687, 0, 92 %, 81 %, 3579 MiB, 49140 MiB, 278.75 W, 300.00 W, 72, 2385 MHz
2026/09/23 02:57:05.688, 0, 91 %, 80 %, 3579 MiB, 49140 MiB, 278.14 W, 300.00 W, 72, 2190 MHz
2026/09/23 02:57:06.688, 0, 90 %, 80 %, 3579 MiB, 49140 MiB, 278.39 W, 300.00 W, 72, 2490 MHz
2026/09/23 02:57:07.690, 0, 94 %, 80 %, 3579 MiB, 49140 MiB, 278.74 W, 300.00 W, 72, 2250 MHz
2026/09/23 02:57:08.690, 0, 93 %, 82 %, 3579 MiB, 49140 MiB, 276.32 W, 300.00 W, 71, 2310 MHz
2026/09/23 02:57:09.691, 0, 92 %, 79 %, 3579 MiB, 49140 MiB, 279.02 W, 300.00 W, 72, 2070 MHz
2026/09/23 02:57:10.692, 0, 81 %, 71 %, 3579 MiB, 49140 MiB, 278.85 W, 300.00 W, 73, 2430 MHz
2026/09/23 02:57:11.693, 0, 80 %, 62 %, 3579 MiB, 49140 MiB, 280.64 W, 300.00 W, 72, 2475 MHz
2026/09/23 02:57:12.694, 0, 0 %, 0 %, 3579 MiB, 49140 MiB, 194.28 W, 300.00 W, 66, 2745 MHz
2026/09/23 02:57:13.694, 0, 91 %, 79 %, 3579 MiB, 49140 MiB, 181.27 W, 300.00 W, 72, 2385 MHz
2026/09/23 02:57:14.695, 0, 91 %, 79 %, 3579 MiB, 49140 MiB, 278.11 W, 300.00 W, 70, 2430 MHz
2026/09/23 02:57:15.696, 0, 94 %, 82 %, 3579 MiB, 49140 MiB, 278.76 W, 300.00 W, 70, 2280 MHz
2026/09/23 02:57:16.697, 0, 86 %, 74 %, 3579 MiB, 49140 MiB, 276.27 W, 300.00 W, 72, 2355 MHz
2026/09/23 02:57:17.697, 0, 87 %, 75 %, 3579 MiB, 49140 MiB, 275.27 W, 300.00 W, 71, 2340 MHz
2026/09/23 02:57:18.698, 0, 90 %, 78 %, 3579 MiB, 49140 MiB, 277.51 W, 300.00 W, 71, 2370 MHz
2026/09/23 02:57:19.700, 0, 92 %, 80 %, 3579 MiB, 49140 MiB, 277.42 W, 300.00 W, 72, 2325 MHz
2026/09/23 02:57:20.701, 0, 90 %, 79 %, 3579 MiB, 49140 MiB, 278.94 W, 300.00 W, 71, 2460 MHz
2026/09/23 02:57:21.701, 0, 95 %, 83 %, 3579 MiB, 49140 MiB, 278.99 W, 300.00 W, 71, 2355 MHz
2026/09/23 02:57:22.703, 0, 92 %, 80 %, 3579 MiB, 49140 MiB, 278.63 W, 300.00 W, 71, 2340 MHz
2026/09/23 02:57:23.703, 0, 93 %, 79 %, 3579 MiB, 49140 MiB, 278.67 W, 300.00 W, 72, 2145 MHz
2026/09/23 02:57:24.704, 0, 80 %, 66 %, 3579 MiB, 49140 MiB, 276.56 W, 300.00 W, 71, 2415 MHz
2026/09/23 02:57:25.705, 0, 0 %, 0 %, 3579 MiB, 49140 MiB, 194.54 W, 300.00 W, 66, 2745 MHz
2026/09/23 02:57:26.705, 0, 93 %, 78 %, 3579 MiB, 49140 MiB, 187.81 W, 300.00 W, 71, 2295 MHz
2026/09/23 02:57:27.706, 0, 94 %, 79 %, 3579 MiB, 49140 MiB, 280.53 W, 300.00 W, 71, 2370 MHz
2026/09/23 02:57:28.707, 0, 94 %, 83 %, 3579 MiB, 49140 MiB, 277.00 W, 300.00 W, 70, 2340 MHz
2026/09/23 02:57:29.708, 0, 87 %, 75 %, 3579 MiB, 49140 MiB, 278.29 W, 300.00 W, 71, 2325 MHz
2026/09/23 02:57:30.709, 0, 90 %, 79 %, 3579 MiB, 49140 MiB, 278.43 W, 300.00 W, 71, 2400 MHz
2026/09/23 02:57:31.710, 0, 86 %, 75 %, 3579 MiB, 49140 MiB, 278.79 W, 300.00 W, 71, 2520 MHz
2026/09/23 02:57:32.710, 0, 89 %, 78 %, 3579 MiB, 49140 MiB, 277.48 W, 300.00 W, 70, 2460 MHz
2026/09/23 02:57:33.711, 0, 91 %, 79 %, 3579 MiB, 49140 MiB, 279.29 W, 300.00 W, 70, 2370 MHz
2026/09/23 02:57:34.712, 0, 92 %, 80 %, 3579 MiB, 49140 MiB, 280.37 W, 300.00 W, 72, 2115 MHz
2026/09/23 02:57:35.713, 0, 92 %, 81 %, 3579 MiB, 49140 MiB, 280.07 W, 300.00 W, 71, 2325 MHz
2026/09/23 02:57:36.713, 0, 94 %, 78 %, 3579 MiB, 49140 MiB, 279.19 W, 300.00 W, 71, 2130 MHz
2026/09/23 02:57:37.715, 0, 56 %, 36 %, 3579 MiB, 49140 MiB, 272.21 W, 300.00 W, 72, 2625 MHz
2026/09/23 02:57:38.715, 0, 0 %, 0 %, 3579 MiB, 49140 MiB, 173.07 W, 300.00 W, 66, 2745 MHz
2026/09/23 02:57:39.716, 0, 87 %, 76 %, 3579 MiB, 49140 MiB, 208.91 W, 300.00 W, 71, 2355 MHz
2026/09/23 02:57:40.716, 0, 87 %, 75 %, 3579 MiB, 49140 MiB, 275.08 W, 300.00 W, 70, 2235 MHz
2026/09/23 02:57:41.717, 0, 92 %, 80 %, 3579 MiB, 49140 MiB, 274.83 W, 300.00 W, 70, 2370 MHz
2026/09/23 02:57:42.718, 0, 89 %, 76 %, 3579 MiB, 49140 MiB, 274.96 W, 300.00 W, 72, 2430 MHz
2026/09/23 02:57:43.719, 0, 90 %, 79 %, 3579 MiB, 49140 MiB, 279.05 W, 300.00 W, 72, 2415 MHz
2026/09/23 02:57:44.720, 0, 92 %, 79 %, 3579 MiB, 49140 MiB, 279.03 W, 300.00 W, 71, 2190 MHz
2026/09/23 02:57:45.720, 0, 94 %, 79 %, 3579 MiB, 49140 MiB, 282.12 W, 300.00 W, 71, 2130 MHz
2026/09/23 02:57:46.721, 0, 93 %, 81 %, 3579 MiB, 49140 MiB, 282.45 W, 300.00 W, 71, 2370 MHz
2026/09/23 02:57:47.722, 0, 94 %, 82 %, 3579 MiB, 49140 MiB, 282.07 W, 300.00 W, 70, 2355 MHz
2026/09/23 02:57:48.723, 0, 92 %, 78 %, 3579 MiB, 49140 MiB, 281.14 W, 300.00 W, 73, 2370 MHz
2026/09/23 02:57:49.724, 0, 90 %, 78 %, 3579 MiB, 49140 MiB, 280.63 W, 300.00 W, 72, 2430 MHz
2026/09/23 02:57:50.725, 0, 67 %, 43 %, 3579 MiB, 49140 MiB, 276.93 W, 300.00 W, 73, 2535 MHz
2026/09/23 02:57:51.726, 0, 0 %, 0 %, 3579 MiB, 49140 MiB, 162.20 W, 300.00 W, 66, 2745 MHz
2026/09/23 02:57:52.726, 0, 91 %, 79 %, 3579 MiB, 49140 MiB, 219.59 W, 300.00 W, 71, 2085 MHz
2026/09/23 02:57:53.727, 0, 91 %, 78 %, 3579 MiB, 49140 MiB, 276.35 W, 300.00 W, 72, 2355 MHz
2026/09/23 02:57:54.728, 0, 93 %, 80 %, 3579 MiB, 49140 MiB, 278.21 W, 300.00 W, 70, 2340 MHz
2026/09/23 02:57:55.729, 0, 87 %, 76 %, 3579 MiB, 49140 MiB, 278.12 W, 300.00 W, 71, 2340 MHz
2026/09/23 02:57:56.730, 0, 89 %, 78 %, 3579 MiB, 49140 MiB, 278.81 W, 300.00 W, 72, 2355 MHz
2026/09/23 02:57:57.731, 0, 92 %, 77 %, 3579 MiB, 49140 MiB, 276.98 W, 300.00 W, 72, 2130 MHz
2026/09/23 02:57:58.732, 0, 90 %, 78 %, 3579 MiB, 49140 MiB, 275.11 W, 300.00 W, 71, 2385 MHz
2026/09/23 02:57:59.733, 0, 93 %, 79 %, 3579 MiB, 49140 MiB, 280.60 W, 300.00 W, 73, 2325 MHz
2026/09/23 02:58:00.735, 0, 89 %, 77 %, 3579 MiB, 49140 MiB, 280.53 W, 300.00 W, 71, 2400 MHz
2026/09/23 02:58:01.736, 0, 90 %, 78 %, 3579 MiB, 49140 MiB, 281.09 W, 300.00 W, 72, 2340 MHz
2026/09/23 02:58:02.737, 0, 91 %, 76 %, 3579 MiB, 49140 MiB, 282.52 W, 300.00 W, 72, 2295 MHz
2026/09/23 02:58:03.737, 0, 66 %, 42 %, 3579 MiB, 49140 MiB, 276.61 W, 300.00 W, 72, 2580 MHz
2026/09/23 02:58:04.738, 0, 0 %, 0 %, 3579 MiB, 49140 MiB, 151.93 W, 300.00 W, 66, 2745 MHz
2026/09/23 02:58:05.738, 0, 91 %, 80 %, 3579 MiB, 49140 MiB, 233.82 W, 300.00 W, 71, 2400 MHz
2026/09/23 02:58:06.739, 0, 92 %, 81 %, 3579 MiB, 49140 MiB, 282.23 W, 300.00 W, 71, 2115 MHz
2026/09/23 02:58:07.740, 0, 93 %, 82 %, 3579 MiB, 49140 MiB, 280.17 W, 300.00 W, 70, 2400 MHz
2026/09/23 02:58:08.742, 0, 90 %, 78 %, 3579 MiB, 49140 MiB, 280.17 W, 300.00 W, 73, 2490 MHz
2026/09/23 02:58:09.743, 0, 92 %, 79 %, 3579 MiB, 49140 MiB, 280.74 W, 300.00 W, 72, 2130 MHz
2026/09/23 02:58:10.744, 0, 90 %, 77 %, 3579 MiB, 49140 MiB, 281.67 W, 300.00 W, 72, 2370 MHz
2026/09/23 02:58:11.745, 0, 92 %, 81 %, 3579 MiB, 49140 MiB, 280.96 W, 300.00 W, 71, 2370 MHz
2026/09/23 02:58:12.746, 0, 92 %, 80 %, 3579 MiB, 49140 MiB, 281.41 W, 300.00 W, 71, 2400 MHz
2026/09/23 02:58:13.746, 0, 90 %, 78 %, 3579 MiB, 49140 MiB, 282.26 W, 300.00 W, 71, 2400 MHz
2026/09/23 02:58:14.748, 0, 92 %, 79 %, 3579 MiB, 49140 MiB, 280.62 W, 300.00 W, 73, 2415 MHz
2026/09/23 02:58:15.749, 0, 92 %, 80 %, 3579 MiB, 49140 MiB, 282.27 W, 300.00 W, 72, 2295 MHz
2026/09/23 02:58:16.750, 0, 64 %, 41 %, 3579 MiB, 49140 MiB, 273.84 W, 300.00 W, 72, 2625 MHz
2026/09/23 02:58:17.750, 0, 0 %, 0 %, 3579 MiB, 49140 MiB, 143.30 W, 300.00 W, 66, 2745 MHz
2026/09/23 02:58:18.751, 0, 93 %, 81 %, 3579 MiB, 49140 MiB, 241.30 W, 300.00 W, 70, 2385 MHz
2026/09/23 02:58:19.751, 0, 91 %, 79 %, 3579 MiB, 49140 MiB, 275.90 W, 300.00 W, 72, 2280 MHz
2026/09/23 02:58:20.753, 0, 93 %, 79 %, 3579 MiB, 49140 MiB, 278.29 W, 300.00 W, 72, 2295 MHz
2026/09/23 02:58:21.753, 0, 83 %, 72 %, 3579 MiB, 49140 MiB, 276.71 W, 300.00 W, 71, 2295 MHz
2026/09/23 02:58:22.754, 0, 86 %, 75 %, 3579 MiB, 49140 MiB, 275.03 W, 300.00 W, 71, 2460 MHz
2026/09/23 02:58:23.755, 0, 89 %, 76 %, 3579 MiB, 49140 MiB, 276.94 W, 300.00 W, 72, 2340 MHz
2026/09/23 02:58:24.756, 0, 93 %, 81 %, 3579 MiB, 49140 MiB, 277.09 W, 300.00 W, 71, 2385 MHz
2026/09/23 02:58:25.756, 0, 91 %, 79 %, 3579 MiB, 49140 MiB, 277.56 W, 300.00 W, 72, 2340 MHz
2026/09/23 02:58:26.758, 0, 95 %, 83 %, 3579 MiB, 49140 MiB, 276.93 W, 300.00 W, 71, 2235 MHz
2026/09/23 02:58:27.759, 0, 92 %, 78 %, 3579 MiB, 49140 MiB, 278.17 W, 300.00 W, 73, 2130 MHz
2026/09/23 02:58:28.759, 0, 89 %, 77 %, 3579 MiB, 49140 MiB, 279.35 W, 300.00 W, 72, 2400 MHz
2026/09/23 02:58:29.760, 0, 62 %, 40 %, 3579 MiB, 49140 MiB, 273.68 W, 300.00 W, 72, 2490 MHz
2026/09/23 02:58:30.761, 0, 0 %, 0 %, 3579 MiB, 49140 MiB, 133.97 W, 300.00 W, 66, 2745 MHz
2026/09/23 02:58:31.761, 0, 92 %, 78 %, 3579 MiB, 49140 MiB, 255.65 W, 300.00 W, 71, 2370 MHz
2026/09/23 02:58:32.762, 0, 88 %, 77 %, 3579 MiB, 49140 MiB, 283.56 W, 300.00 W, 70, 2250 MHz
2026/09/23 02:58:33.763, 0, 88 %, 77 %, 3579 MiB, 49140 MiB, 282.20 W, 300.00 W, 71, 2145 MHz
2026/09/23 02:58:34.764, 0, 95 %, 81 %, 3579 MiB, 49140 MiB, 284.36 W, 300.00 W, 71, 2325 MHz
2026/09/23 02:58:35.765, 0, 88 %, 77 %, 3579 MiB, 49140 MiB, 284.94 W, 300.00 W, 71, 2130 MHz
2026/09/23 02:58:36.765, 0, 90 %, 78 %, 3579 MiB, 49140 MiB, 284.01 W, 300.00 W, 70, 2355 MHz
2026/09/23 02:58:37.766, 0, 94 %, 82 %, 3579 MiB, 49140 MiB, 284.96 W, 300.00 W, 72, 2145 MHz
2026/09/23 02:58:38.767, 0, 92 %, 80 %, 3579 MiB, 49140 MiB, 284.89 W, 300.00 W, 72, 2310 MHz
2026/09/23 02:58:39.767, 0, 91 %, 78 %, 3579 MiB, 49140 MiB, 284.10 W, 300.00 W, 72, 2445 MHz
2026/09/23 02:58:40.768, 0, 93 %, 79 %, 3579 MiB, 49140 MiB, 281.77 W, 300.00 W, 72, 2490 MHz
2026/09/23 02:58:41.769, 0, 91 %, 79 %, 3579 MiB, 49140 MiB, 283.75 W, 300.00 W, 73, 2400 MHz
2026/09/23 02:58:42.770, 0, 62 %, 40 %, 3579 MiB, 49140 MiB, 274.26 W, 300.00 W, 72, 2670 MHz
2026/09/23 02:58:43.771, 0, 58 %, 51 %, 3579 MiB, 49140 MiB, 127.13 W, 300.00 W, 70, 2085 MHz
2026/09/23 02:58:44.772, 0, 91 %, 79 %, 3579 MiB, 49140 MiB, 270.35 W, 300.00 W, 71, 2355 MHz
2026/09/23 02:58:45.773, 0, 92 %, 78 %, 3579 MiB, 49140 MiB, 275.77 W, 300.00 W, 71, 2295 MHz
2026/09/23 02:58:46.774, 0, 88 %, 76 %, 3579 MiB, 49140 MiB, 277.68 W, 300.00 W, 71, 2460 MHz
2026/09/23 02:58:47.775, 0, 95 %, 83 %, 3579 MiB, 49140 MiB, 277.47 W, 300.00 W, 72, 2265 MHz
2026/09/23 02:58:48.776, 0, 90 %, 79 %, 3579 MiB, 49140 MiB, 278.87 W, 300.00 W, 72, 2205 MHz
2026/09/23 02:58:49.777, 0, 92 %, 79 %, 3579 MiB, 49140 MiB, 278.67 W, 300.00 W, 70, 2070 MHz
2026/09/23 02:58:50.777, 0, 91 %, 79 %, 3579 MiB, 49140 MiB, 278.50 W, 300.00 W, 71, 2160 MHz
2026/09/23 02:58:51.778, 0, 86 %, 75 %, 3579 MiB, 49140 MiB, 277.51 W, 300.00 W, 72, 2265 MHz
2026/09/23 02:58:52.779, 0, 95 %, 84 %, 3579 MiB, 49140 MiB, 277.18 W, 300.00 W, 73, 2310 MHz
2026/09/23 02:58:53.781, 0, 82 %, 71 %, 3579 MiB, 49140 MiB, 280.32 W, 300.00 W, 72, 2475 MHz
2026/09/23 02:58:54.781, 0, 90 %, 78 %, 3579 MiB, 49140 MiB, 276.00 W, 300.00 W, 71, 2130 MHz
2026/09/23 02:58:55.782, 0, 60 %, 39 %, 3579 MiB, 49140 MiB, 271.03 W, 300.00 W, 69, 2730 MHz
2026/09/23 02:58:56.782, 0, 89 %, 79 %, 3579 MiB, 49140 MiB, 128.11 W, 300.00 W, 72, 2490 MHz
2026/09/23 02:58:57.784, 0, 93 %, 81 %, 3579 MiB, 49140 MiB, 283.40 W, 300.00 W, 71, 2385 MHz
2026/09/23 02:58:58.784, 0, 94 %, 82 %, 3579 MiB, 49140 MiB, 283.52 W, 300.00 W, 72, 2160 MHz
2026/09/23 02:58:59.785, 0, 91 %, 78 %, 3579 MiB, 49140 MiB, 284.35 W, 300.00 W, 71, 2325 MHz
2026/09/23 02:59:00.786, 0, 94 %, 83 %, 3579 MiB, 49140 MiB, 283.10 W, 300.00 W, 72, 2370 MHz
2026/09/23 02:59:01.787, 0, 95 %, 83 %, 3579 MiB, 49140 MiB, 283.92 W, 300.00 W, 73, 2400 MHz
2026/09/23 02:59:02.789, 0, 87 %, 75 %, 3579 MiB, 49140 MiB, 283.00 W, 300.00 W, 72, 2460 MHz
2026/09/23 02:59:03.789, 0, 88 %, 76 %, 3579 MiB, 49140 MiB, 284.10 W, 300.00 W, 72, 2205 MHz
2026/09/23 02:59:04.790, 0, 90 %, 78 %, 3579 MiB, 49140 MiB, 283.79 W, 300.00 W, 71, 2145 MHz
2026/09/23 02:59:05.792, 0, 92 %, 81 %, 3579 MiB, 49140 MiB, 283.23 W, 300.00 W, 73, 2400 MHz
2026/09/23 02:59:06.793, 0, 92 %, 81 %, 3579 MiB, 49140 MiB, 284.04 W, 300.00 W, 72, 2325 MHz
2026/09/23 02:59:07.794, 0, 94 %, 83 %, 3579 MiB, 49140 MiB, 284.47 W, 300.00 W, 72, 2340 MHz
2026/09/23 02:59:08.795, 0, 41 %, 26 %, 3579 MiB, 49140 MiB, 262.27 W, 300.00 W, 68, 2730 MHz
2026/09/23 02:59:09.795, 0, 89 %, 78 %, 3579 MiB, 49140 MiB, 125.07 W, 300.00 W, 70, 2430 MHz
2026/09/23 02:59:10.796, 0, 94 %, 80 %, 3579 MiB, 49140 MiB, 275.31 W, 300.00 W, 70, 2190 MHz
2026/09/23 02:59:11.797, 0, 90 %, 78 %, 3579 MiB, 49140 MiB, 277.31 W, 300.00 W, 72, 2355 MHz
2026/09/23 02:59:12.798, 0, 90 %, 79 %, 3579 MiB, 49140 MiB, 278.24 W, 300.00 W, 70, 2355 MHz
2026/09/23 02:59:13.798, 0, 91 %, 80 %, 3579 MiB, 49140 MiB, 279.50 W, 300.00 W, 73, 2115 MHz
2026/09/23 02:59:14.799, 0, 92 %, 80 %, 3579 MiB, 49140 MiB, 279.10 W, 300.00 W, 72, 2115 MHz
2026/09/23 02:59:15.800, 0, 94 %, 80 %, 3579 MiB, 49140 MiB, 279.39 W, 300.00 W, 70, 2295 MHz
2026/09/23 02:59:16.801, 0, 90 %, 79 %, 3579 MiB, 49140 MiB, 279.29 W, 300.00 W, 71, 2310 MHz
2026/09/23 02:59:17.802, 0, 88 %, 78 %, 3579 MiB, 49140 MiB, 277.73 W, 300.00 W, 72, 2220 MHz
2026/09/23 02:59:18.803, 0, 92 %, 80 %, 3579 MiB, 49140 MiB, 280.50 W, 300.00 W, 72, 2265 MHz
2026/09/23 02:59:19.804, 0, 92 %, 80 %, 3579 MiB, 49140 MiB, 277.72 W, 300.00 W, 72, 2100 MHz
2026/09/23 02:59:20.804, 0, 93 %, 79 %, 3579 MiB, 49140 MiB, 278.89 W, 300.00 W, 71, 2250 MHz
2026/09/23 02:59:21.805, 0, 0 %, 0 %, 3579 MiB, 49140 MiB, 236.36 W, 300.00 W, 67, 2745 MHz
2026/09/23 02:59:22.805, 0, 94 %, 82 %, 3579 MiB, 49140 MiB, 136.55 W, 300.00 W, 70, 2340 MHz
2026/09/23 02:59:23.806, 0, 92 %, 80 %, 3579 MiB, 49140 MiB, 276.94 W, 300.00 W, 71, 2340 MHz
2026/09/23 02:59:24.808, 0, 91 %, 80 %, 3579 MiB, 49140 MiB, 279.32 W, 300.00 W, 70, 2475 MHz
2026/09/23 02:59:25.809, 0, 94 %, 82 %, 3579 MiB, 49140 MiB, 280.84 W, 300.00 W, 71, 2265 MHz
2026/09/23 02:59:26.810, 0, 87 %, 76 %, 3579 MiB, 49140 MiB, 278.62 W, 300.00 W, 71, 2370 MHz
2026/09/23 02:59:27.810, 0, 91 %, 79 %, 3579 MiB, 49140 MiB, 278.67 W, 300.00 W, 72, 2265 MHz
2026/09/23 02:59:28.811, 0, 91 %, 79 %, 3579 MiB, 49140 MiB, 278.55 W, 300.00 W, 72, 2130 MHz
2026/09/23 02:59:29.812, 0, 92 %, 80 %, 3579 MiB, 49140 MiB, 278.53 W, 300.00 W, 72, 2430 MHz
2026/09/23 02:59:30.813, 0, 90 %, 78 %, 3579 MiB, 49140 MiB, 278.78 W, 300.00 W, 72, 2445 MHz
2026/09/23 02:59:31.814, 0, 91 %, 79 %, 3579 MiB, 49140 MiB, 278.17 W, 300.00 W, 72, 2475 MHz
2026/09/23 02:59:32.815, 0, 91 %, 79 %, 3579 MiB, 49140 MiB, 278.32 W, 300.00 W, 70, 2400 MHz
2026/09/23 02:59:33.816, 0, 93 %, 78 %, 3579 MiB, 49140 MiB, 282.14 W, 300.00 W, 71, 2265 MHz
2026/09/23 02:59:34.816, 0, 0 %, 0 %, 3579 MiB, 49140 MiB, 217.54 W, 300.00 W, 66, 2745 MHz
2026/09/23 02:59:35.817, 0, 90 %, 78 %, 3579 MiB, 49140 MiB, 161.56 W, 300.00 W, 70, 2445 MHz
2026/09/23 02:59:36.817, 0, 93 %, 80 %, 3579 MiB, 49140 MiB, 281.21 W, 300.00 W, 72, 2385 MHz
2026/09/23 02:59:37.818, 0, 90 %, 77 %, 3579 MiB, 49140 MiB, 279.41 W, 300.00 W, 71, 2370 MHz
2026/09/23 02:59:38.819, 0, 90 %, 78 %, 3579 MiB, 49140 MiB, 280.55 W, 300.00 W, 70, 2340 MHz
2026/09/23 02:59:39.821, 0, 87 %, 75 %, 3579 MiB, 49140 MiB, 281.36 W, 300.00 W, 72, 2310 MHz
2026/09/23 02:59:40.822, 0, 94 %, 83 %, 3579 MiB, 49140 MiB, 281.52 W, 300.00 W, 72, 2295 MHz
2026/09/23 02:59:41.822, 0, 95 %, 84 %, 3579 MiB, 49140 MiB, 284.02 W, 300.00 W, 72, 2115 MHz
2026/09/23 02:59:42.824, 0, 82 %, 73 %, 3579 MiB, 49140 MiB, 280.03 W, 300.00 W, 71, 2490 MHz
2026/09/23 02:59:43.824, 0, 95 %, 83 %, 3579 MiB, 49140 MiB, 280.40 W, 300.00 W, 72, 2385 MHz
2026/09/23 02:59:44.825, 0, 88 %, 77 %, 3579 MiB, 49140 MiB, 280.51 W, 300.00 W, 72, 2460 MHz
2026/09/23 02:59:45.827, 0, 95 %, 81 %, 3579 MiB, 49140 MiB, 282.21 W, 300.00 W, 71, 2370 MHz
2026/09/23 02:59:46.829, 0, 93 %, 79 %, 3579 MiB, 49140 MiB, 281.39 W, 300.00 W, 71, 2415 MHz
2026/09/23 02:59:47.830, 0, 0 %, 0 %, 3579 MiB, 49140 MiB, 207.02 W, 300.00 W, 66, 2745 MHz
2026/09/23 02:59:48.830, 0, 92 %, 81 %, 3579 MiB, 49140 MiB, 178.64 W, 300.00 W, 71, 2430 MHz
2026/09/23 02:59:49.831, 0, 92 %, 81 %, 3579 MiB, 49140 MiB, 280.08 W, 300.00 W, 70, 2325 MHz
2026/09/23 02:59:50.832, 0, 92 %, 80 %, 3579 MiB, 49140 MiB, 279.58 W, 300.00 W, 70, 2400 MHz
2026/09/23 02:59:51.833, 0, 92 %, 80 %, 3579 MiB, 49140 MiB, 279.37 W, 300.00 W, 70, 2295 MHz
2026/09/23 02:59:52.834, 0, 91 %, 77 %, 3579 MiB, 49140 MiB, 278.27 W, 300.00 W, 71, 2445 MHz
2026/09/23 02:59:53.834, 0, 92 %, 80 %, 3579 MiB, 49140 MiB, 279.25 W, 300.00 W, 71, 2355 MHz
2026/09/23 02:59:54.835, 0, 92 %, 81 %, 3579 MiB, 49140 MiB, 278.78 W, 300.00 W, 72, 2385 MHz
2026/09/23 02:59:55.837, 0, 92 %, 80 %, 3579 MiB, 49140 MiB, 276.93 W, 300.00 W, 72, 2310 MHz
2026/09/23 02:59:56.837, 0, 93 %, 79 %, 3579 MiB, 49140 MiB, 280.14 W, 300.00 W, 72, 2280 MHz
2026/09/23 02:59:57.838, 0, 89 %, 77 %, 3579 MiB, 49140 MiB, 278.38 W, 300.00 W, 72, 2430 MHz
2026/09/23 02:59:58.839, 0, 91 %, 80 %, 3579 MiB, 49140 MiB, 277.65 W, 300.00 W, 70, 2400 MHz
2026/09/23 02:59:59.840, 0, 73 %, 46 %, 3579 MiB, 49140 MiB, 276.98 W, 300.00 W, 73, 2130 MHz
2026/09/23 03:00:00.841, 0, 0 %, 0 %, 3579 MiB, 49140 MiB, 173.43 W, 300.00 W, 66, 2745 MHz
2026/09/23 03:00:01.842, 0, 89 %, 76 %, 3579 MiB, 49140 MiB, 210.11 W, 300.00 W, 71, 2475 MHz
2026/09/23 03:00:02.842, 0, 88 %, 77 %, 3579 MiB, 49140 MiB, 281.66 W, 300.00 W, 72, 2310 MHz
2026/09/23 03:00:03.843, 0, 89 %, 76 %, 3579 MiB, 49140 MiB, 279.82 W, 300.00 W, 71, 2400 MHz
2026/09/23 03:00:04.844, 0, 93 %, 81 %, 3579 MiB, 49140 MiB, 283.65 W, 300.00 W, 72, 2340 MHz
2026/09/23 03:00:05.845, 0, 90 %, 79 %, 3579 MiB, 49140 MiB, 283.68 W, 300.00 W, 72, 2460 MHz
2026/09/23 03:00:06.846, 0, 90 %, 78 %, 3579 MiB, 49140 MiB, 280.85 W, 300.00 W, 71, 2205 MHz
2026/09/23 03:00:07.847, 0, 89 %, 76 %, 3579 MiB, 49140 MiB, 280.34 W, 300.00 W, 71, 2355 MHz
2026/09/23 03:00:08.847, 0, 93 %, 80 %, 3579 MiB, 49140 MiB, 281.75 W, 300.00 W, 71, 2115 MHz
2026/09/23 03:00:09.848, 0, 92 %, 80 %, 3579 MiB, 49140 MiB, 282.56 W, 300.00 W, 71, 2250 MHz
2026/09/23 03:00:10.849, 0, 93 %, 81 %, 3579 MiB, 49140 MiB, 282.31 W, 300.00 W, 71, 2160 MHz
2026/09/23 03:00:11.851, 0, 92 %, 81 %, 3579 MiB, 49140 MiB, 284.26 W, 300.00 W, 71, 2145 MHz
2026/09/23 03:00:12.852, 0, 62 %, 40 %, 3579 MiB, 49140 MiB, 276.76 W, 300.00 W, 72, 2655 MHz
2026/09/23 03:00:13.852, 0, 0 %, 0 %, 3579 MiB, 49140 MiB, 153.86 W, 300.00 W, 66, 2745 MHz
2026/09/23 03:00:14.854, 0, 87 %, 75 %, 3579 MiB, 49140 MiB, 235.36 W, 300.00 W, 70, 2175 MHz
2026/09/23 03:00:15.854, 0, 90 %, 78 %, 3579 MiB, 49140 MiB, 281.85 W, 300.00 W, 72, 2400 MHz
2026/09/23 03:00:16.856, 0, 93 %, 78 %, 3579 MiB, 49140 MiB, 280.55 W, 300.00 W, 71, 2385 MHz
2026/09/23 03:00:17.856, 0, 90 %, 78 %, 3579 MiB, 49140 MiB, 278.67 W, 300.00 W, 72, 2400 MHz
2026/09/23 03:00:18.857, 0, 92 %, 81 %, 3579 MiB, 49140 MiB, 281.57 W, 300.00 W, 72, 2415 MHz
2026/09/23 03:00:19.859, 0, 89 %, 77 %, 3579 MiB, 49140 MiB, 280.14 W, 300.00 W, 72, 2175 MHz
2026/09/23 03:00:20.860, 0, 89 %, 77 %, 3579 MiB, 49140 MiB, 281.83 W, 300.00 W, 72, 2325 MHz
2026/09/23 03:00:21.860, 0, 92 %, 78 %, 3579 MiB, 49140 MiB, 282.44 W, 300.00 W, 72, 2295 MHz
2026/09/23 03:00:22.861, 0, 91 %, 79 %, 3579 MiB, 49140 MiB, 281.13 W, 300.00 W, 72, 2115 MHz
2026/09/23 03:00:23.862, 0, 90 %, 78 %, 3579 MiB, 49140 MiB, 280.63 W, 300.00 W, 72, 2445 MHz
2026/09/23 03:00:24.863, 0, 84 %, 73 %, 3579 MiB, 49140 MiB, 280.98 W, 300.00 W, 71, 2460 MHz
2026/09/23 03:00:25.864, 0, 67 %, 42 %, 3579 MiB, 49140 MiB, 277.05 W, 300.00 W, 72, 2625 MHz
2026/09/23 03:00:26.864, 0, 0 %, 0 %, 3579 MiB, 49140 MiB, 132.81 W, 300.00 W, 65, 2580 MHz
2026/09/23 03:00:27.865, 0, 91 %, 79 %, 3579 MiB, 49140 MiB, 243.30 W, 300.00 W, 71, 2475 MHz
2026/09/23 03:00:28.866, 0, 92 %, 80 %, 3579 MiB, 49140 MiB, 277.43 W, 300.00 W, 72, 2070 MHz
2026/09/23 03:00:29.867, 0, 89 %, 77 %, 3579 MiB, 49140 MiB, 278.70 W, 300.00 W, 71, 2175 MHz
2026/09/23 03:00:30.868, 0, 89 %, 78 %, 3579 MiB, 49140 MiB, 275.04 W, 300.00 W, 72, 2430 MHz
2026/09/23 03:00:31.869, 0, 88 %, 76 %, 3579 MiB, 49140 MiB, 278.09 W, 300.00 W, 71, 2310 MHz
2026/09/23 03:00:32.869, 0, 88 %, 76 %, 3579 MiB, 49140 MiB, 279.48 W, 300.00 W, 72, 2370 MHz
2026/09/23 03:00:33.870, 0, 94 %, 80 %, 3579 MiB, 49140 MiB, 279.56 W, 300.00 W, 71, 2415 MHz
2026/09/23 03:00:34.871, 0, 95 %, 84 %, 3579 MiB, 49140 MiB, 283.27 W, 300.00 W, 72, 2340 MHz
2026/09/23 03:00:35.872, 0, 87 %, 75 %, 3579 MiB, 49140 MiB, 282.64 W, 300.00 W, 72, 2325 MHz
2026/09/23 03:00:36.872, 0, 92 %, 80 %, 3579 MiB, 49140 MiB, 278.94 W, 300.00 W, 72, 2130 MHz
2026/09/23 03:00:37.873, 0, 87 %, 76 %, 3579 MiB, 49140 MiB, 282.16 W, 300.00 W, 71, 2145 MHz
2026/09/23 03:00:38.874, 0, 60 %, 38 %, 3579 MiB, 49140 MiB, 275.76 W, 300.00 W, 71, 2565 MHz
2026/09/23 03:00:39.875, 0, 0 %, 0 %, 3579 MiB, 49140 MiB, 128.51 W, 300.00 W, 66, 2580 MHz
2026/09/23 03:00:40.875, 0, 93 %, 79 %, 3579 MiB, 49140 MiB, 253.49 W, 300.00 W, 71, 2325 MHz
2026/09/23 03:00:41.877, 0, 91 %, 77 %, 3579 MiB, 49140 MiB, 275.56 W, 300.00 W, 71, 2430 MHz
2026/09/23 03:00:42.877, 0, 90 %, 78 %, 3579 MiB, 49140 MiB, 279.86 W, 300.00 W, 71, 2445 MHz
2026/09/23 03:00:43.878, 0, 94 %, 83 %, 3579 MiB, 49140 MiB, 281.03 W, 300.00 W, 73, 2310 MHz
2026/09/23 03:00:44.878, 0, 90 %, 76 %, 3579 MiB, 49140 MiB, 278.87 W, 300.00 W, 71, 2430 MHz
2026/09/23 03:00:45.879, 0, 93 %, 81 %, 3579 MiB, 49140 MiB, 277.93 W, 300.00 W, 70, 2250 MHz
2026/09/23 03:00:46.880, 0, 90 %, 78 %, 3579 MiB, 49140 MiB, 274.75 W, 300.00 W, 72, 2475 MHz
2026/09/23 03:00:47.881, 0, 90 %, 78 %, 3579 MiB, 49140 MiB, 278.21 W, 300.00 W, 72, 2445 MHz
2026/09/23 03:00:48.881, 0, 94 %, 83 %, 3579 MiB, 49140 MiB, 279.02 W, 300.00 W, 72, 2325 MHz
2026/09/23 03:00:49.883, 0, 92 %, 81 %, 3579 MiB, 49140 MiB, 276.13 W, 300.00 W, 70, 2205 MHz
2026/09/23 03:00:50.886, 0, 89 %, 76 %, 3579 MiB, 49140 MiB, 279.49 W, 300.00 W, 71, 2265 MHz
2026/09/23 03:00:51.886, 0, 65 %, 42 %, 3579 MiB, 49140 MiB, 271.67 W, 300.00 W, 72, 2490 MHz
2026/09/23 03:00:52.888, 0, 70 %, 60 %, 3579 MiB, 49140 MiB, 128.93 W, 300.00 W, 69, 2340 MHz
2026/09/23 03:00:53.888, 0, 95 %, 80 %, 3579 MiB, 49140 MiB, 274.54 W, 300.00 W, 71, 2355 MHz
2026/09/23 03:00:54.889, 0, 92 %, 81 %, 3579 MiB, 49140 MiB, 279.61 W, 300.00 W, 71, 2100 MHz
2026/09/23 03:00:55.890, 0, 91 %, 79 %, 3579 MiB, 49140 MiB, 279.58 W, 300.00 W, 71, 2310 MHz
2026/09/23 03:00:56.891, 0, 85 %, 75 %, 3579 MiB, 49140 MiB, 277.65 W, 300.00 W, 71, 2430 MHz
2026/09/23 03:00:57.892, 0, 93 %, 81 %, 3579 MiB, 49140 MiB, 275.02 W, 300.00 W, 70, 2280 MHz
2026/09/23 03:00:58.892, 0, 89 %, 77 %, 3579 MiB, 49140 MiB, 278.61 W, 300.00 W, 72, 2130 MHz
2026/09/23 03:00:59.893, 0, 90 %, 79 %, 3579 MiB, 49140 MiB, 278.13 W, 300.00 W, 72, 2160 MHz
2026/09/23 03:01:00.894, 0, 89 %, 78 %, 3579 MiB, 49140 MiB, 275.27 W, 300.00 W, 71, 2460 MHz
2026/09/23 03:01:01.895, 0, 90 %, 77 %, 3579 MiB, 49140 MiB, 276.96 W, 300.00 W, 71, 2310 MHz
2026/09/23 03:01:02.896, 0, 91 %, 79 %, 3579 MiB, 49140 MiB, 277.75 W, 300.00 W, 72, 2400 MHz
2026/09/23 03:01:03.897, 0, 88 %, 76 %, 3579 MiB, 49140 MiB, 273.67 W, 300.00 W, 72, 2370 MHz
2026/09/23 03:01:04.898, 0, 58 %, 37 %, 3579 MiB, 49140 MiB, 269.76 W, 300.00 W, 68, 2730 MHz
2026/09/23 03:01:05.898, 0, 92 %, 80 %, 3579 MiB, 49140 MiB, 129.84 W, 300.00 W, 71, 2445 MHz
2026/09/23 03:01:06.899, 0, 88 %, 76 %, 3579 MiB, 49140 MiB, 276.40 W, 300.00 W, 70, 2445 MHz
2026/09/23 03:01:07.900, 0, 91 %, 79 %, 3579 MiB, 49140 MiB, 274.47 W, 300.00 W, 71, 2415 MHz
2026/09/23 03:01:08.901, 0, 96 %, 81 %, 3579 MiB, 49140 MiB, 278.37 W, 300.00 W, 71, 2160 MHz
2026/09/23 03:01:09.902, 0, 90 %, 79 %, 3579 MiB, 49140 MiB, 279.83 W, 300.00 W, 73, 2325 MHz
2026/09/23 03:01:10.906, 0, 90 %, 77 %, 3579 MiB, 49140 MiB, 278.51 W, 300.00 W, 71, 2370 MHz
2026/09/23 03:01:11.906, 0, 90 %, 78 %, 3579 MiB, 49140 MiB, 280.78 W, 300.00 W, 71, 2445 MHz
2026/09/23 03:01:12.907, 0, 88 %, 77 %, 3579 MiB, 49140 MiB, 276.81 W, 300.00 W, 71, 2385 MHz
2026/09/23 03:01:13.908, 0, 93 %, 79 %, 3579 MiB, 49140 MiB, 277.98 W, 300.00 W, 71, 2295 MHz
2026/09/23 03:01:14.909, 0, 89 %, 76 %, 3579 MiB, 49140 MiB, 277.82 W, 300.00 W, 71, 2415 MHz
2026/09/23 03:01:15.910, 0, 91 %, 80 %, 3579 MiB, 49140 MiB, 276.55 W, 300.00 W, 71, 2355 MHz
2026/09/23 03:01:16.914, 0, 95 %, 81 %, 3579 MiB, 49140 MiB, 279.47 W, 300.00 W, 72, 2325 MHz
2026/09/23 03:01:17.914, 0, 0 %, 0 %, 3579 MiB, 49140 MiB, 232.22 W, 300.00 W, 67, 2745 MHz
2026/09/23 03:01:18.915, 0, 92 %, 80 %, 3579 MiB, 49140 MiB, 133.74 W, 300.00 W, 71, 2355 MHz
2026/09/23 03:01:19.915, 0, 93 %, 81 %, 3579 MiB, 49140 MiB, 279.16 W, 300.00 W, 70, 2445 MHz
2026/09/23 03:01:20.916, 0, 91 %, 79 %, 3579 MiB, 49140 MiB, 277.21 W, 300.00 W, 71, 2130 MHz
2026/09/23 03:01:21.917, 0, 90 %, 78 %, 3579 MiB, 49140 MiB, 276.62 W, 300.00 W, 73, 2100 MHz
2026/09/23 03:01:22.917, 0, 93 %, 81 %, 3579 MiB, 49140 MiB, 277.30 W, 300.00 W, 71, 2355 MHz
2026/09/23 03:01:23.918, 0, 91 %, 80 %, 3579 MiB, 49140 MiB, 278.62 W, 300.00 W, 72, 2385 MHz
2026/09/23 03:01:24.919, 0, 91 %, 78 %, 3579 MiB, 49140 MiB, 278.28 W, 300.00 W, 71, 2205 MHz
2026/09/23 03:01:25.920, 0, 89 %, 78 %, 3579 MiB, 49140 MiB, 278.67 W, 300.00 W, 71, 2415 MHz
2026/09/23 03:01:26.921, 0, 93 %, 82 %, 3579 MiB, 49140 MiB, 276.62 W, 300.00 W, 71, 2355 MHz
2026/09/23 03:01:27.922, 0, 95 %, 83 %, 3579 MiB, 49140 MiB, 281.04 W, 300.00 W, 71, 2295 MHz
2026/09/23 03:01:28.924, 0, 90 %, 78 %, 3579 MiB, 49140 MiB, 279.12 W, 300.00 W, 72, 2340 MHz
2026/09/23 03:01:29.925, 0, 92 %, 79 %, 3579 MiB, 49140 MiB, 279.18 W, 300.00 W, 72, 2340 MHz
2026/09/23 03:01:30.926, 0, 0 %, 0 %, 3579 MiB, 49140 MiB, 202.80 W, 300.00 W, 66, 2745 MHz
2026/09/23 03:01:31.926, 0, 91 %, 80 %, 3579 MiB, 49140 MiB, 179.77 W, 300.00 W, 70, 2460 MHz
2026/09/23 03:01:32.927, 0, 88 %, 78 %, 3579 MiB, 49140 MiB, 280.46 W, 300.00 W, 70, 2460 MHz
2026/09/23 03:01:33.927, 0, 90 %, 77 %, 3579 MiB, 49140 MiB, 280.46 W, 300.00 W, 73, 2355 MHz
2026/09/23 03:01:34.928, 0, 90 %, 77 %, 3579 MiB, 49140 MiB, 280.52 W, 300.00 W, 73, 2295 MHz
2026/09/23 03:01:35.929, 0, 91 %, 80 %, 3579 MiB, 49140 MiB, 282.31 W, 300.00 W, 71, 2355 MHz
2026/09/23 03:01:36.930, 0, 95 %, 81 %, 3579 MiB, 49140 MiB, 283.08 W, 300.00 W, 70, 2310 MHz
2026/09/23 03:01:37.932, 0, 90 %, 79 %, 3579 MiB, 49140 MiB, 281.50 W, 300.00 W, 71, 2370 MHz
2026/09/23 03:01:38.934, 0, 90 %, 79 %, 3579 MiB, 49140 MiB, 282.32 W, 300.00 W, 72, 2370 MHz
2026/09/23 03:01:39.935, 0, 90 %, 77 %, 3579 MiB, 49140 MiB, 281.60 W, 300.00 W, 73, 2130 MHz
2026/09/23 03:01:40.935, 0, 90 %, 77 %, 3579 MiB, 49140 MiB, 281.38 W, 300.00 W, 73, 2160 MHz
2026/09/23 03:01:41.937, 0, 89 %, 77 %, 3579 MiB, 49140 MiB, 280.87 W, 300.00 W, 73, 2280 MHz
2026/09/23 03:01:42.937, 0, 66 %, 41 %, 3579 MiB, 49140 MiB, 275.38 W, 300.00 W, 72, 2625 MHz
2026/09/23 03:01:43.938, 0, 0 %, 0 %, 3579 MiB, 49140 MiB, 182.74 W, 300.00 W, 66, 2745 MHz
2026/09/23 03:01:44.939, 0, 95 %, 81 %, 3579 MiB, 49140 MiB, 201.63 W, 300.00 W, 70, 2220 MHz
2026/09/23 03:01:45.940, 0, 85 %, 74 %, 3579 MiB, 49140 MiB, 280.46 W, 300.00 W, 70, 2370 MHz
2026/09/23 03:01:46.940, 0, 90 %, 80 %, 3579 MiB, 49140 MiB, 280.50 W, 300.00 W, 71, 2460 MHz
2026/09/23 03:01:47.941, 0, 92 %, 79 %, 3579 MiB, 49140 MiB, 280.82 W, 300.00 W, 73, 2355 MHz
2026/09/23 03:01:48.941, 0, 90 %, 81 %, 3579 MiB, 49140 MiB, 281.35 W, 300.00 W, 72, 2370 MHz
2026/09/23 03:01:49.942, 0, 92 %, 82 %, 3579 MiB, 49140 MiB, 283.25 W, 300.00 W, 71, 2370 MHz
2026/09/23 03:01:50.943, 0, 93 %, 82 %, 3579 MiB, 49140 MiB, 279.91 W, 300.00 W, 71, 2400 MHz
2026/09/23 03:01:51.944, 0, 92 %, 81 %, 3579 MiB, 49140 MiB, 281.45 W, 300.00 W, 72, 2355 MHz
2026/09/23 03:01:52.945, 0, 88 %, 78 %, 3579 MiB, 49140 MiB, 280.53 W, 300.00 W, 71, 2250 MHz
2026/09/23 03:01:53.945, 0, 95 %, 82 %, 3579 MiB, 49140 MiB, 278.45 W, 300.00 W, 71, 2205 MHz
2026/09/23 03:01:54.946, 0, 95 %, 82 %, 3579 MiB, 49140 MiB, 281.40 W, 300.00 W, 71, 2265 MHz
2026/09/23 03:01:55.947, 0, 58 %, 38 %, 3579 MiB, 49140 MiB, 276.82 W, 300.00 W, 71, 2700 MHz
2026/09/23 03:01:56.947, 0, 0 %, 0 %, 3579 MiB, 49140 MiB, 167.42 W, 300.00 W, 66, 2745 MHz
2026/09/23 03:01:57.951, 0, 0 %, 0 %, 1267 MiB, 49140 MiB, 85.49 W, 300.00 W, 65, 2745 MHz
2026/09/23 03:01:58.955, 0, 0 %, 0 %, 1267 MiB, 49140 MiB, 74.72 W, 300.00 W, 64, 2505 MHz
2026/09/23 03:01:59.955, 0, 0 %, 0 %, 1309 MiB, 49140 MiB, 68.93 W, 300.00 W, 63, 2505 MHz
2026/09/23 03:02:00.956, 0, 1 %, 0 %, 1267 MiB, 49140 MiB, 73.08 W, 300.00 W, 63, 2505 MHz
2026/09/23 03:02:01.957, 0, 0 %, 0 %, 1267 MiB, 49140 MiB, 77.74 W, 300.00 W, 62, 2505 MHz
2026/09/23 03:02:02.957, 0, 17 %, 8 %, 1267 MiB, 49140 MiB, 70.64 W, 300.00 W, 62, 2505 MHz
2026/09/23 03:02:03.958, 0, 0 %, 0 %, 1267 MiB, 49140 MiB, 74.36 W, 300.00 W, 61, 2505 MHz
2026/09/23 03:02:04.958, 0, 0 %, 0 %, 1267 MiB, 49140 MiB, 67.50 W, 300.00 W, 61, 2505 MHz
2026/09/23 03:02:05.958, 0, 0 %, 0 %, 1267 MiB, 49140 MiB, 67.32 W, 300.00 W, 60, 2505 MHz
2026/09/23 03:02:06.959, 0, 0 %, 0 %, 1267 MiB, 49140 MiB, 66.96 W, 300.00 W, 60, 2505 MHz
2026/09/23 03:02:07.959, 0, 0 %, 0 %, 1267 MiB, 49140 MiB, 66.59 W, 300.00 W, 60, 2505 MHz
2026/09/23 03:02:08.960, 0, 0 %, 0 %, 1267 MiB, 49140 MiB, 66.40 W, 300.00 W, 59, 2505 MHz
2026/09/23 03:02:09.961, 0, 0 %, 0 %, 0 MiB, 49140 MiB, 66.29 W, 300.00 W, 59, 2505 MHz
2026/09/23 03:02:10.962, 0, 0 %, 0 %, 0 MiB, 49140 MiB, 67.22 W, 300.00 W, 59, 2505 MHz
2026/09/23 03:02:11.963, 0, 0 %, 0 %, 0 MiB, 49140 MiB, 65.79 W, 300.00 W, 58, 720 MHz
2026/09/23 03:02:12.964, 0, 0 %, 0 %, 0 MiB, 49140 MiB, 46.11 W, 300.00 W, 57, 435 MHz
2026/09/23 03:02:13.964, 0, 0 %, 0 %, 0 MiB, 49140 MiB, 18.06 W, 300.00 W, 56, 255 MHz
2026/09/23 03:02:14.965, 0, 0 %, 0 %, 0 MiB, 49140 MiB, 15.44 W, 300.00 W, 56, 210 MHz
2026/09/23 03:02:15.966, 0, 0 %, 0 %, 0 MiB, 49140 MiB, 12.26 W, 300.00 W, 55, 210 MHz
2026/09/23 03:02:16.967, 0, 0 %, 0 %, 0 MiB, 49140 MiB, 11.46 W, 300.00 W, 55, 210 MHz
2026/09/23 03:02:17.968, 0, 0 %, 0 %, 0 MiB, 49140 MiB, 11.05 W, 300.00 W, 55, 210 MHz
2026/09/23 03:02:18.969, 0, 0 %, 0 %, 0 MiB, 49140 MiB, 10.80 W, 300.00 W, 54, 210 MHz
2026/09/23 03:02:19.972, 0, 0 %, 0 %, 0 MiB, 49140 MiB, 10.51 W, 300.00 W, 54, 210 MHz
2026/09/23 03:02:20.973, 0, 14 %, 1 %, 1151 MiB, 49140 MiB, 40.01 W, 300.00 W, 55, 2505 MHz
2026/09/23 03:02:21.973, 0, 5 %, 0 %, 1073 MiB, 49140 MiB, 75.71 W, 300.00 W, 55, 2505 MHz
2026/09/23 03:02:22.974, 0, 54 %, 13 %, 715 MiB, 49140 MiB, 130.73 W, 300.00 W, 57, 2745 MHz
2026/09/23 03:02:23.974, 0, 55 %, 13 %, 1249 MiB, 49140 MiB, 152.95 W, 300.00 W, 59, 2745 MHz
2026/09/23 03:02:24.975, 0, 56 %, 16 %, 715 MiB, 49140 MiB, 152.86 W, 300.00 W, 57, 2595 MHz
2026/09/23 03:02:25.976, 0, 57 %, 17 %, 1249 MiB, 49140 MiB, 154.40 W, 300.00 W, 61, 2745 MHz
2026/09/23 03:02:26.976, 0, 56 %, 20 %, 1249 MiB, 49140 MiB, 171.25 W, 300.00 W, 61, 2745 MHz
2026/09/23 03:02:27.977, 0, 55 %, 13 %, 715 MiB, 49140 MiB, 170.90 W, 300.00 W, 58, 2745 MHz
2026/09/23 03:02:28.980, 0, 58 %, 18 %, 715 MiB, 49140 MiB, 161.39 W, 300.00 W, 61, 2745 MHz
2026/09/23 03:02:29.980, 0, 52 %, 14 %, 715 MiB, 49140 MiB, 167.57 W, 300.00 W, 58, 2655 MHz
2026/09/23 03:02:30.981, 0, 62 %, 24 %, 715 MiB, 49140 MiB, 171.61 W, 300.00 W, 58, 2745 MHz
2026/09/23 03:02:31.982, 0, 61 %, 22 %, 715 MiB, 49140 MiB, 169.18 W, 300.00 W, 59, 2745 MHz
2026/09/23 03:02:32.982, 0, 54 %, 13 %, 1249 MiB, 49140 MiB, 150.76 W, 300.00 W, 61, 2745 MHz
2026/09/23 03:02:33.983, 0, 43 %, 12 %, 715 MiB, 49140 MiB, 123.91 W, 300.00 W, 57, 2745 MHz
2026/09/23 03:02:34.983, 0, 0 %, 0 %, 715 MiB, 49140 MiB, 78.54 W, 300.00 W, 56, 2745 MHz
