timestamp, index, utilization.gpu [%], utilization.memory [%], memory.used [MiB], memory.total [MiB], power.draw [W], power.limit [W], temperature.gpu, clocks.current.sm [MHz]
2026/09/23 07:47:09.752, 0, 0 %, 0 %, 0 MiB, 49140 MiB, 75.10 W, 300.00 W, 56, 2505 MHz
2026/09/23 07:47:10.757, 0, 0 %, 0 %, 0 MiB, 49140 MiB, 66.67 W, 300.00 W, 55, 2505 MHz
2026/09/23 07:47:11.757, 0, 0 %, 0 %, 0 MiB, 49140 MiB, 65.60 W, 300.00 W, 55, 2505 MHz
2026/09/23 07:47:12.758, 0, 0 %, 0 %, 0 MiB, 49140 MiB, 62.70 W, 300.00 W, 55, 630 MHz
2026/09/23 07:47:13.758, 0, 0 %, 0 %, 633 MiB, 49140 MiB, 37.66 W, 300.00 W, 54, 285 MHz
2026/09/23 07:47:14.759, 0, 0 %, 0 %, 633 MiB, 49140 MiB, 54.27 W, 300.00 W, 54, 2505 MHz
2026/09/23 07:47:15.760, 0, 0 %, 0 %, 633 MiB, 49140 MiB, 62.30 W, 300.00 W, 54, 2505 MHz
2026/09/23 07:47:16.760, 0, 0 %, 0 %, 633 MiB, 49140 MiB, 61.40 W, 300.00 W, 54, 2505 MHz
2026/09/23 07:47:17.761, 0, 0 %, 0 %, 633 MiB, 49140 MiB, 61.29 W, 300.00 W, 54, 2505 MHz
2026/09/23 07:47:18.761, 0, 0 %, 0 %, 633 MiB, 49140 MiB, 61.27 W, 300.00 W, 54, 2505 MHz
2026/09/23 07:47:19.763, 0, 0 %, 0 %, 635 MiB, 49140 MiB, 61.24 W, 300.00 W, 53, 2505 MHz
2026/09/23 07:47:20.763, 0, 0 %, 0 %, 1193 MiB, 49140 MiB, 60.85 W, 300.00 W, 53, 2505 MHz
2026/09/23 07:47:21.764, 0, 16 %, 9 %, 1389 MiB, 49140 MiB, 78.03 W, 300.00 W, 53, 2505 MHz
2026/09/23 07:47:22.764, 0, 2 %, 0 %, 2709 MiB, 49140 MiB, 82.15 W, 300.00 W, 55, 2505 MHz
2026/09/23 07:47:23.765, 0, 2 %, 2 %, 2709 MiB, 49140 MiB, 90.51 W, 300.00 W, 54, 2745 MHz
2026/09/23 07:47:24.765, 0, 0 %, 0 %, 2879 MiB, 49140 MiB, 83.75 W, 300.00 W, 53, 2505 MHz
2026/09/23 07:47:25.766, 0, 0 %, 0 %, 3007 MiB, 49140 MiB, 79.45 W, 300.00 W, 54, 2745 MHz
2026/09/23 07:47:26.766, 0, 0 %, 0 %, 2585 MiB, 49140 MiB, 91.22 W, 300.00 W, 54, 2745 MHz
2026/09/23 07:47:27.767, 0, 0 %, 0 %, 2543 MiB, 49140 MiB, 81.47 W, 300.00 W, 53, 2745 MHz
2026/09/23 07:47:28.767, 0, 0 %, 0 %, 2613 MiB, 49140 MiB, 82.22 W, 300.00 W, 53, 2745 MHz
2026/09/23 07:47:29.768, 0, 0 %, 0 %, 2485 MiB, 49140 MiB, 84.75 W, 300.00 W, 53, 2745 MHz
2026/09/23 07:47:30.768, 0, 0 %, 0 %, 2549 MiB, 49140 MiB, 71.89 W, 300.00 W, 53, 2505 MHz
2026/09/23 07:47:31.769, 0, 0 %, 0 %, 2443 MiB, 49140 MiB, 64.62 W, 300.00 W, 52, 2505 MHz
2026/09/23 07:47:32.769, 0, 0 %, 0 %, 2443 MiB, 49140 MiB, 63.99 W, 300.00 W, 53, 2505 MHz
2026/09/23 07:47:33.770, 0, 0 %, 0 %, 2421 MiB, 49140 MiB, 64.60 W, 300.00 W, 52, 2505 MHz
2026/09/23 07:47:34.770, 0, 7 %, 1 %, 2421 MiB, 49140 MiB, 62.49 W, 300.00 W, 52, 2505 MHz
2026/09/23 07:47:35.771, 0, 3 %, 0 %, 2421 MiB, 49140 MiB, 60.57 W, 300.00 W, 52, 2505 MHz
2026/09/23 07:47:36.771, 0, 15 %, 1 %, 2421 MiB, 49140 MiB, 62.84 W, 300.00 W, 52, 2505 MHz
2026/09/23 07:47:37.772, 0, 0 %, 0 %, 2421 MiB, 49140 MiB, 61.73 W, 300.00 W, 52, 2505 MHz
2026/09/23 07:47:38.772, 0, 0 %, 0 %, 2421 MiB, 49140 MiB, 60.50 W, 300.00 W, 52, 2505 MHz
2026/09/23 07:47:39.773, 0, 0 %, 0 %, 2401 MiB, 49140 MiB, 59.85 W, 300.00 W, 51, 2505 MHz
2026/09/23 07:47:40.773, 0, 0 %, 0 %, 2401 MiB, 49140 MiB, 60.06 W, 300.00 W, 51, 2505 MHz
2026/09/23 07:47:41.774, 0, 0 %, 0 %, 2381 MiB, 49140 MiB, 59.39 W, 300.00 W, 51, 2505 MHz
2026/09/23 07:47:42.774, 0, 14 %, 1 %, 2489 MiB, 49140 MiB, 64.80 W, 300.00 W, 51, 2505 MHz
2026/09/23 07:47:43.775, 0, 10 %, 10 %, 2193 MiB, 49140 MiB, 69.99 W, 300.00 W, 51, 2505 MHz
2026/09/23 07:47:44.775, 0, 28 %, 11 %, 3533 MiB, 49140 MiB, 135.81 W, 300.00 W, 56, 2580 MHz
2026/09/23 07:47:45.778, 0, 78 %, 69 %, 3533 MiB, 49140 MiB, 249.30 W, 300.00 W, 58, 2745 MHz
2026/09/23 07:47:46.779, 0, 42 %, 38 %, 3533 MiB, 49140 MiB, 226.26 W, 300.00 W, 58, 2730 MHz
2026/09/23 07:47:47.781, 0, 87 %, 78 %, 3533 MiB, 49140 MiB, 267.64 W, 300.00 W, 59, 2370 MHz
2026/09/23 07:47:48.781, 0, 94 %, 81 %, 3533 MiB, 49140 MiB, 273.36 W, 300.00 W, 61, 2475 MHz
2026/09/23 07:47:49.782, 0, 89 %, 78 %, 3533 MiB, 49140 MiB, 268.95 W, 300.00 W, 61, 2355 MHz
2026/09/23 07:47:50.784, 0, 91 %, 81 %, 3533 MiB, 49140 MiB, 270.50 W, 300.00 W, 60, 2475 MHz
2026/09/23 07:47:51.786, 0, 89 %, 77 %, 3533 MiB, 49140 MiB, 271.32 W, 300.00 W, 60, 2280 MHz
2026/09/23 07:47:52.786, 0, 95 %, 82 %, 3533 MiB, 49140 MiB, 278.19 W, 300.00 W, 62, 2505 MHz
2026/09/23 07:47:53.788, 0, 92 %, 80 %, 3533 MiB, 49140 MiB, 278.44 W, 300.00 W, 61, 2520 MHz
2026/09/23 07:47:54.790, 0, 92 %, 80 %, 3533 MiB, 49140 MiB, 275.50 W, 300.00 W, 64, 2430 MHz
2026/09/23 07:47:55.790, 0, 78 %, 68 %, 3533 MiB, 49140 MiB, 275.54 W, 300.00 W, 61, 2400 MHz
2026/09/23 07:47:56.791, 0, 75 %, 66 %, 3533 MiB, 49140 MiB, 184.92 W, 300.00 W, 57, 2745 MHz
2026/09/23 07:47:57.791, 0, 0 %, 0 %, 1603 MiB, 49140 MiB, 88.87 W, 300.00 W, 57, 2745 MHz
2026/09/23 07:47:58.792, 0, 66 %, 23 %, 1661 MiB, 49140 MiB, 127.26 W, 300.00 W, 61, 2460 MHz
2026/09/23 07:47:59.792, 0, 12 %, 4 %, 1661 MiB, 49140 MiB, 160.75 W, 300.00 W, 56, 2745 MHz
2026/09/23 07:48:00.792, 0, 0 %, 0 %, 3573 MiB, 49140 MiB, 92.11 W, 300.00 W, 60, 2430 MHz
2026/09/23 07:48:01.794, 0, 90 %, 77 %, 3573 MiB, 49140 MiB, 275.27 W, 300.00 W, 62, 2505 MHz
2026/09/23 07:48:02.794, 0, 89 %, 79 %, 3573 MiB, 49140 MiB, 275.80 W, 300.00 W, 62, 2490 MHz
2026/09/23 07:48:03.795, 0, 89 %, 76 %, 3573 MiB, 49140 MiB, 274.57 W, 300.00 W, 62, 2400 MHz
2026/09/23 07:48:04.796, 0, 88 %, 76 %, 3573 MiB, 49140 MiB, 275.44 W, 300.00 W, 63, 2370 MHz
2026/09/23 07:48:05.797, 0, 92 %, 81 %, 3573 MiB, 49140 MiB, 272.75 W, 300.00 W, 64, 2565 MHz
2026/09/23 07:48:06.798, 0, 86 %, 77 %, 3573 MiB, 49140 MiB, 274.50 W, 300.00 W, 64, 2505 MHz
2026/09/23 07:48:07.799, 0, 91 %, 82 %, 3573 MiB, 49140 MiB, 277.38 W, 300.00 W, 65, 2475 MHz
2026/09/23 07:48:08.800, 0, 89 %, 78 %, 3573 MiB, 49140 MiB, 275.41 W, 300.00 W, 66, 2475 MHz
2026/09/23 07:48:09.801, 0, 89 %, 80 %, 3573 MiB, 49140 MiB, 274.19 W, 300.00 W, 65, 2445 MHz
2026/09/23 07:48:10.802, 0, 89 %, 76 %, 3573 MiB, 49140 MiB, 275.27 W, 300.00 W, 65, 2475 MHz
2026/09/23 07:48:11.803, 0, 94 %, 81 %, 3573 MiB, 49140 MiB, 274.92 W, 300.00 W, 65, 2505 MHz
2026/09/23 07:48:12.804, 0, 68 %, 44 %, 3573 MiB, 49140 MiB, 254.52 W, 300.00 W, 61, 2745 MHz
2026/09/23 07:48:13.804, 0, 0 %, 0 %, 3573 MiB, 49140 MiB, 86.44 W, 300.00 W, 60, 2745 MHz
2026/09/23 07:48:14.805, 0, 0 %, 0 %, 3573 MiB, 49140 MiB, 168.06 W, 300.00 W, 66, 2445 MHz
2026/09/23 07:48:15.805, 0, 88 %, 78 %, 3573 MiB, 49140 MiB, 277.65 W, 300.00 W, 65, 2445 MHz
2026/09/23 07:48:16.807, 0, 92 %, 81 %, 3573 MiB, 49140 MiB, 280.73 W, 300.00 W, 65, 2400 MHz
2026/09/23 07:48:17.807, 0, 93 %, 83 %, 3573 MiB, 49140 MiB, 279.59 W, 300.00 W, 66, 2295 MHz
2026/09/23 07:48:18.808, 0, 95 %, 81 %, 3573 MiB, 49140 MiB, 279.32 W, 300.00 W, 66, 2445 MHz
2026/09/23 07:48:19.809, 0, 93 %, 84 %, 3573 MiB, 49140 MiB, 279.19 W, 300.00 W, 68, 2445 MHz
2026/09/23 07:48:20.810, 0, 86 %, 77 %, 3573 MiB, 49140 MiB, 275.95 W, 300.00 W, 66, 2505 MHz
2026/09/23 07:48:21.811, 0, 91 %, 80 %, 3573 MiB, 49140 MiB, 279.49 W, 300.00 W, 66, 2280 MHz
2026/09/23 07:48:22.812, 0, 93 %, 81 %, 3573 MiB, 49140 MiB, 276.62 W, 300.00 W, 68, 2310 MHz
2026/09/23 07:48:23.812, 0, 87 %, 74 %, 3573 MiB, 49140 MiB, 273.39 W, 300.00 W, 68, 2460 MHz
2026/09/23 07:48:24.813, 0, 90 %, 77 %, 3573 MiB, 49140 MiB, 271.98 W, 300.00 W, 66, 2475 MHz
2026/09/23 07:48:25.814, 0, 91 %, 80 %, 3573 MiB, 49140 MiB, 271.91 W, 300.00 W, 68, 2505 MHz
2026/09/23 07:48:26.815, 0, 53 %, 35 %, 3573 MiB, 49140 MiB, 176.76 W, 300.00 W, 62, 2745 MHz
2026/09/23 07:48:27.815, 0, 0 %, 0 %, 3573 MiB, 49140 MiB, 83.05 W, 300.00 W, 61, 2745 MHz
2026/09/23 07:48:28.816, 0, 88 %, 79 %, 3573 MiB, 49140 MiB, 200.53 W, 300.00 W, 66, 2430 MHz
2026/09/23 07:48:29.817, 0, 89 %, 79 %, 3573 MiB, 49140 MiB, 280.87 W, 300.00 W, 67, 2400 MHz
2026/09/23 07:48:30.819, 0, 89 %, 77 %, 3573 MiB, 49140 MiB, 276.95 W, 300.00 W, 68, 2280 MHz
2026/09/23 07:48:31.819, 0, 92 %, 80 %, 3573 MiB, 49140 MiB, 278.38 W, 300.00 W, 68, 2460 MHz
2026/09/23 07:48:32.820, 0, 91 %, 78 %, 3573 MiB, 49140 MiB, 278.37 W, 300.00 W, 67, 2535 MHz
2026/09/23 07:48:33.821, 0, 91 %, 78 %, 3573 MiB, 49140 MiB, 278.62 W, 300.00 W, 69, 2280 MHz
2026/09/23 07:48:34.821, 0, 92 %, 80 %, 3573 MiB, 49140 MiB, 276.69 W, 300.00 W, 68, 2430 MHz
2026/09/23 07:48:35.822, 0, 86 %, 76 %, 3573 MiB, 49140 MiB, 276.17 W, 300.00 W, 69, 2370 MHz
2026/09/23 07:48:36.824, 0, 93 %, 80 %, 3573 MiB, 49140 MiB, 277.27 W, 300.00 W, 68, 2505 MHz
2026/09/23 07:48:37.825, 0, 94 %, 81 %, 3573 MiB, 49140 MiB, 279.26 W, 300.00 W, 67, 2445 MHz
2026/09/23 07:48:38.827, 0, 88 %, 77 %, 3573 MiB, 49140 MiB, 278.19 W, 300.00 W, 68, 2460 MHz
2026/09/23 07:48:39.828, 0, 93 %, 80 %, 3573 MiB, 49140 MiB, 275.89 W, 300.00 W, 69, 2565 MHz
2026/09/23 07:48:40.828, 0, 9 %, 0 %, 3573 MiB, 49140 MiB, 130.73 W, 300.00 W, 63, 2745 MHz
2026/09/23 07:48:41.828, 0, 0 %, 0 %, 3573 MiB, 49140 MiB, 122.73 W, 300.00 W, 67, 2445 MHz
2026/09/23 07:48:42.829, 0, 95 %, 82 %, 3573 MiB, 49140 MiB, 279.61 W, 300.00 W, 69, 2490 MHz
2026/09/23 07:48:43.830, 0, 87 %, 74 %, 3573 MiB, 49140 MiB, 278.22 W, 300.00 W, 68, 2325 MHz
2026/09/23 07:48:44.831, 0, 88 %, 79 %, 3573 MiB, 49140 MiB, 278.79 W, 300.00 W, 69, 2355 MHz
2026/09/23 07:48:45.832, 0, 91 %, 78 %, 3573 MiB, 49140 MiB, 280.72 W, 300.00 W, 69, 2430 MHz
2026/09/23 07:48:46.833, 0, 90 %, 76 %, 3573 MiB, 49140 MiB, 278.77 W, 300.00 W, 69, 2400 MHz
2026/09/23 07:48:47.834, 0, 93 %, 81 %, 3573 MiB, 49140 MiB, 278.16 W, 300.00 W, 69, 2310 MHz
2026/09/23 07:48:48.834, 0, 93 %, 80 %, 3573 MiB, 49140 MiB, 280.16 W, 300.00 W, 69, 2265 MHz
2026/09/23 07:48:49.835, 0, 91 %, 80 %, 3573 MiB, 49140 MiB, 279.49 W, 300.00 W, 70, 2235 MHz
2026/09/23 07:48:50.837, 0, 92 %, 80 %, 3573 MiB, 49140 MiB, 277.52 W, 300.00 W, 70, 2370 MHz
2026/09/23 07:48:51.838, 0, 89 %, 78 %, 3573 MiB, 49140 MiB, 275.04 W, 300.00 W, 69, 2535 MHz
2026/09/23 07:48:52.839, 0, 90 %, 78 %, 3573 MiB, 49140 MiB, 277.64 W, 300.00 W, 69, 2415 MHz
2026/09/23 07:48:53.839, 0, 71 %, 45 %, 3573 MiB, 49140 MiB, 235.85 W, 300.00 W, 65, 2730 MHz
2026/09/23 07:48:54.840, 0, 0 %, 0 %, 3573 MiB, 49140 MiB, 84.25 W, 300.00 W, 63, 2745 MHz
2026/09/23 07:48:55.841, 0, 91 %, 79 %, 3573 MiB, 49140 MiB, 189.75 W, 300.00 W, 69, 2445 MHz
2026/09/23 07:48:56.841, 0, 94 %, 83 %, 3573 MiB, 49140 MiB, 282.53 W, 300.00 W, 69, 2370 MHz
2026/09/23 07:48:57.843, 0, 86 %, 75 %, 3573 MiB, 49140 MiB, 280.54 W, 300.00 W, 70, 2295 MHz
2026/09/23 07:48:58.845, 0, 89 %, 77 %, 3573 MiB, 49140 MiB, 281.56 W, 300.00 W, 71, 2265 MHz
2026/09/23 07:48:59.846, 0, 91 %, 78 %, 3573 MiB, 49140 MiB, 281.83 W, 300.00 W, 70, 2430 MHz
2026/09/23 07:49:00.847, 0, 90 %, 76 %, 3573 MiB, 49140 MiB, 278.60 W, 300.00 W, 68, 2490 MHz
2026/09/23 07:49:01.848, 0, 92 %, 81 %, 3573 MiB, 49140 MiB, 281.02 W, 300.00 W, 70, 2250 MHz
2026/09/23 07:49:02.850, 0, 87 %, 76 %, 3573 MiB, 49140 MiB, 282.62 W, 300.00 W, 69, 2280 MHz
2026/09/23 07:49:03.850, 0, 88 %, 77 %, 3573 MiB, 49140 MiB, 280.66 W, 300.00 W, 71, 2400 MHz
2026/09/23 07:49:04.852, 0, 92 %, 81 %, 3573 MiB, 49140 MiB, 281.15 W, 300.00 W, 70, 2445 MHz
2026/09/23 07:49:05.853, 0, 91 %, 81 %, 3573 MiB, 49140 MiB, 280.80 W, 300.00 W, 69, 2370 MHz
2026/09/23 07:49:06.853, 0, 94 %, 82 %, 3573 MiB, 49140 MiB, 281.05 W, 300.00 W, 71, 2535 MHz
2026/09/23 07:49:07.854, 0, 21 %, 11 %, 3573 MiB, 49140 MiB, 171.66 W, 300.00 W, 65, 2730 MHz
2026/09/23 07:49:08.854, 0, 0 %, 0 %, 3573 MiB, 49140 MiB, 86.38 W, 300.00 W, 64, 2745 MHz
2026/09/23 07:49:09.855, 0, 86 %, 74 %, 3573 MiB, 49140 MiB, 279.25 W, 300.00 W, 70, 2220 MHz
2026/09/23 07:49:10.856, 0, 87 %, 76 %, 3573 MiB, 49140 MiB, 280.25 W, 300.00 W, 68, 2475 MHz
2026/09/23 07:49:11.857, 0, 93 %, 82 %, 3573 MiB, 49140 MiB, 278.73 W, 300.00 W, 69, 2400 MHz
2026/09/23 07:49:12.857, 0, 90 %, 79 %, 3573 MiB, 49140 MiB, 279.27 W, 300.00 W, 69, 2400 MHz
2026/09/23 07:49:13.858, 0, 94 %, 82 %, 3573 MiB, 49140 MiB, 281.90 W, 300.00 W, 70, 2280 MHz
2026/09/23 07:49:14.858, 0, 92 %, 80 %, 3573 MiB, 49140 MiB, 281.24 W, 300.00 W, 70, 2205 MHz
2026/09/23 07:49:15.859, 0, 92 %, 81 %, 3573 MiB, 49140 MiB, 279.74 W, 300.00 W, 69, 2235 MHz
2026/09/23 07:49:16.861, 0, 88 %, 78 %, 3573 MiB, 49140 MiB, 280.15 W, 300.00 W, 69, 2400 MHz
2026/09/23 07:49:17.862, 0, 87 %, 76 %, 3573 MiB, 49140 MiB, 279.35 W, 300.00 W, 70, 2355 MHz
2026/09/23 07:49:18.862, 0, 89 %, 78 %, 3573 MiB, 49140 MiB, 277.02 W, 300.00 W, 70, 2160 MHz
2026/09/23 07:49:19.864, 0, 95 %, 83 %, 3573 MiB, 49140 MiB, 276.45 W, 300.00 W, 71, 2175 MHz
2026/09/23 07:49:20.865, 0, 0 %, 0 %, 3573 MiB, 49140 MiB, 176.91 W, 300.00 W, 65, 2745 MHz
2026/09/23 07:49:21.865, 0, 0 %, 0 %, 3573 MiB, 49140 MiB, 85.02 W, 300.00 W, 64, 2745 MHz
2026/09/23 07:49:22.866, 0, 95 %, 81 %, 3573 MiB, 49140 MiB, 220.40 W, 300.00 W, 68, 2130 MHz
2026/09/23 07:49:23.867, 0, 90 %, 79 %, 3573 MiB, 49140 MiB, 278.70 W, 300.00 W, 69, 2460 MHz
2026/09/23 07:49:24.869, 0, 91 %, 79 %, 3573 MiB, 49140 MiB, 279.49 W, 300.00 W, 70, 2370 MHz
2026/09/23 07:49:25.869, 0, 90 %, 79 %, 3573 MiB, 49140 MiB, 279.27 W, 300.00 W, 70, 2445 MHz
2026/09/23 07:49:26.870, 0, 91 %, 80 %, 3573 MiB, 49140 MiB, 278.34 W, 300.00 W, 69, 2175 MHz
2026/09/23 07:49:27.871, 0, 87 %, 76 %, 3573 MiB, 49140 MiB, 274.85 W, 300.00 W, 70, 2190 MHz
2026/09/23 07:49:28.872, 0, 87 %, 75 %, 3573 MiB, 49140 MiB, 276.42 W, 300.00 W, 70, 2490 MHz
2026/09/23 07:49:29.872, 0, 87 %, 76 %, 3573 MiB, 49140 MiB, 279.08 W, 300.00 W, 70, 2385 MHz
2026/09/23 07:49:30.873, 0, 93 %, 79 %, 3573 MiB, 49140 MiB, 279.16 W, 300.00 W, 72, 2355 MHz
2026/09/23 07:49:31.874, 0, 92 %, 81 %, 3573 MiB, 49140 MiB, 279.08 W, 300.00 W, 70, 2205 MHz
2026/09/23 07:49:32.876, 0, 92 %, 81 %, 3573 MiB, 49140 MiB, 280.47 W, 300.00 W, 70, 2130 MHz
2026/09/23 07:49:33.878, 0, 66 %, 42 %, 3573 MiB, 49140 MiB, 272.06 W, 300.00 W, 70, 2505 MHz
2026/09/23 07:49:34.878, 0, 0 %, 0 %, 3573 MiB, 49140 MiB, 115.48 W, 300.00 W, 65, 2745 MHz
2026/09/23 07:49:35.879, 0, 91 %, 80 %, 3573 MiB, 49140 MiB, 144.78 W, 300.00 W, 69, 2490 MHz
2026/09/23 07:49:36.881, 0, 90 %, 79 %, 3573 MiB, 49140 MiB, 281.72 W, 300.00 W, 69, 2490 MHz
2026/09/23 07:49:37.882, 0, 90 %, 78 %, 3573 MiB, 49140 MiB, 278.80 W, 300.00 W, 70, 2370 MHz
2026/09/23 07:49:38.883, 0, 82 %, 71 %, 3573 MiB, 49140 MiB, 276.39 W, 300.00 W, 70, 2505 MHz
2026/09/23 07:49:39.885, 0, 92 %, 81 %, 3573 MiB, 49140 MiB, 279.18 W, 300.00 W, 71, 2325 MHz
2026/09/23 07:49:40.885, 0, 86 %, 74 %, 3573 MiB, 49140 MiB, 278.49 W, 300.00 W, 70, 2400 MHz
2026/09/23 07:49:41.886, 0, 93 %, 78 %, 3573 MiB, 49140 MiB, 278.07 W, 300.00 W, 71, 2310 MHz
2026/09/23 07:49:42.887, 0, 92 %, 81 %, 3573 MiB, 49140 MiB, 278.57 W, 300.00 W, 70, 2340 MHz
2026/09/23 07:49:43.888, 0, 92 %, 81 %, 3573 MiB, 49140 MiB, 279.09 W, 300.00 W, 71, 2370 MHz
2026/09/23 07:49:44.888, 0, 91 %, 80 %, 3573 MiB, 49140 MiB, 280.05 W, 300.00 W, 71, 2385 MHz
2026/09/23 07:49:45.889, 0, 89 %, 77 %, 3573 MiB, 49140 MiB, 279.04 W, 300.00 W, 70, 2265 MHz
2026/09/23 07:49:46.890, 0, 89 %, 78 %, 3573 MiB, 49140 MiB, 272.83 W, 300.00 W, 71, 2415 MHz
2026/09/23 07:49:47.891, 0, 8 %, 0 %, 3573 MiB, 49140 MiB, 221.04 W, 300.00 W, 66, 2730 MHz
2026/09/23 07:49:48.891, 0, 0 %, 0 %, 3573 MiB, 49140 MiB, 85.12 W, 300.00 W, 64, 2745 MHz
2026/09/23 07:49:49.892, 0, 92 %, 79 %, 3573 MiB, 49140 MiB, 181.40 W, 300.00 W, 71, 2445 MHz
2026/09/23 07:49:50.893, 0, 89 %, 78 %, 3573 MiB, 49140 MiB, 278.16 W, 300.00 W, 70, 2370 MHz
2026/09/23 07:49:51.894, 0, 92 %, 81 %, 3573 MiB, 49140 MiB, 278.55 W, 300.00 W, 69, 2400 MHz
2026/09/23 07:49:52.895, 0, 85 %, 74 %, 3573 MiB, 49140 MiB, 275.70 W, 300.00 W, 69, 2460 MHz
2026/09/23 07:49:53.896, 0, 92 %, 81 %, 3573 MiB, 49140 MiB, 279.82 W, 300.00 W, 70, 2220 MHz
2026/09/23 07:49:54.897, 0, 86 %, 75 %, 3573 MiB, 49140 MiB, 278.76 W, 300.00 W, 71, 2370 MHz
2026/09/23 07:49:55.898, 0, 88 %, 75 %, 3573 MiB, 49140 MiB, 279.16 W, 300.00 W, 71, 2430 MHz
2026/09/23 07:49:56.900, 0, 94 %, 82 %, 3573 MiB, 49140 MiB, 279.29 W, 300.00 W, 71, 2340 MHz
2026/09/23 07:49:57.901, 0, 89 %, 77 %, 3573 MiB, 49140 MiB, 279.07 W, 300.00 W, 70, 2430 MHz
2026/09/23 07:49:58.902, 0, 91 %, 80 %, 3573 MiB, 49140 MiB, 279.88 W, 300.00 W, 71, 2205 MHz
2026/09/23 07:49:59.902, 0, 92 %, 82 %, 3573 MiB, 49140 MiB, 281.13 W, 300.00 W, 70, 2370 MHz
2026/09/23 07:50:00.903, 0, 66 %, 45 %, 3573 MiB, 49140 MiB, 277.01 W, 300.00 W, 70, 2565 MHz
2026/09/23 07:50:01.903, 0, 0 %, 0 %, 3573 MiB, 49140 MiB, 187.62 W, 300.00 W, 65, 2745 MHz
2026/09/23 07:50:02.904, 0, 0 %, 0 %, 3573 MiB, 49140 MiB, 85.58 W, 300.00 W, 64, 2745 MHz
2026/09/23 07:50:03.905, 0, 94 %, 81 %, 3573 MiB, 49140 MiB, 206.63 W, 300.00 W, 71, 2175 MHz
2026/09/23 07:50:04.905, 0, 86 %, 75 %, 3573 MiB, 49140 MiB, 277.84 W, 300.00 W, 71, 2460 MHz
2026/09/23 07:50:05.906, 0, 90 %, 78 %, 3573 MiB, 49140 MiB, 279.23 W, 300.00 W, 71, 2415 MHz
2026/09/23 07:50:06.907, 0, 90 %, 79 %, 3573 MiB, 49140 MiB, 279.10 W, 300.00 W, 70, 2460 MHz
2026/09/23 07:50:07.908, 0, 89 %, 78 %, 3573 MiB, 49140 MiB, 277.54 W, 300.00 W, 70, 2400 MHz
2026/09/23 07:50:08.908, 0, 92 %, 78 %, 3573 MiB, 49140 MiB, 277.95 W, 300.00 W, 70, 2430 MHz
2026/09/23 07:50:09.909, 0, 88 %, 77 %, 3573 MiB, 49140 MiB, 279.96 W, 300.00 W, 70, 2325 MHz
2026/09/23 07:50:10.911, 0, 83 %, 72 %, 3573 MiB, 49140 MiB, 276.58 W, 300.00 W, 70, 2235 MHz
2026/09/23 07:50:11.911, 0, 84 %, 73 %, 3573 MiB, 49140 MiB, 277.47 W, 300.00 W, 70, 2400 MHz
2026/09/23 07:50:12.912, 0, 86 %, 75 %, 3573 MiB, 49140 MiB, 276.74 W, 300.00 W, 70, 2190 MHz
2026/09/23 07:50:13.913, 0, 88 %, 77 %, 3573 MiB, 49140 MiB, 278.89 W, 300.00 W, 72, 2460 MHz
2026/09/23 07:50:14.914, 0, 59 %, 38 %, 3573 MiB, 49140 MiB, 270.67 W, 300.00 W, 71, 2535 MHz
2026/09/23 07:50:15.916, 0, 0 %, 0 %, 3573 MiB, 49140 MiB, 140.62 W, 300.00 W, 65, 2745 MHz
2026/09/23 07:50:16.916, 0, 84 %, 73 %, 3573 MiB, 49140 MiB, 108.62 W, 300.00 W, 70, 2430 MHz
2026/09/23 07:50:17.917, 0, 91 %, 79 %, 3573 MiB, 49140 MiB, 275.00 W, 300.00 W, 70, 2445 MHz
2026/09/23 07:50:18.918, 0, 89 %, 77 %, 3573 MiB, 49140 MiB, 277.19 W, 300.00 W, 70, 2445 MHz
2026/09/23 07:50:19.919, 0, 91 %, 80 %, 3573 MiB, 49140 MiB, 278.47 W, 300.00 W, 71, 2460 MHz
2026/09/23 07:50:20.921, 0, 92 %, 79 %, 3573 MiB, 49140 MiB, 276.67 W, 300.00 W, 70, 2385 MHz
2026/09/23 07:50:21.922, 0, 91 %, 78 %, 3573 MiB, 49140 MiB, 278.58 W, 300.00 W, 70, 2280 MHz
2026/09/23 07:50:22.922, 0, 92 %, 79 %, 3573 MiB, 49140 MiB, 277.39 W, 300.00 W, 71, 2295 MHz
2026/09/23 07:50:23.924, 0, 91 %, 79 %, 3573 MiB, 49140 MiB, 278.04 W, 300.00 W, 70, 2355 MHz
2026/09/23 07:50:24.924, 0, 92 %, 79 %, 3573 MiB, 49140 MiB, 279.67 W, 300.00 W, 71, 2220 MHz
2026/09/23 07:50:25.925, 0, 86 %, 75 %, 3573 MiB, 49140 MiB, 278.32 W, 300.00 W, 72, 2430 MHz
2026/09/23 07:50:26.925, 0, 87 %, 76 %, 3573 MiB, 49140 MiB, 279.12 W, 300.00 W, 71, 2460 MHz
2026/09/23 07:50:27.927, 0, 92 %, 78 %, 3573 MiB, 49140 MiB, 278.86 W, 300.00 W, 70, 2325 MHz
2026/09/23 07:50:28.927, 0, 41 %, 27 %, 3573 MiB, 49140 MiB, 259.18 W, 300.00 W, 67, 2730 MHz
2026/09/23 07:50:29.928, 0, 0 %, 0 %, 3573 MiB, 49140 MiB, 96.61 W, 300.00 W, 65, 2745 MHz
2026/09/23 07:50:30.928, 0, 91 %, 79 %, 3573 MiB, 49140 MiB, 153.82 W, 300.00 W, 70, 2385 MHz
2026/09/23 07:50:31.929, 0, 93 %, 82 %, 3573 MiB, 49140 MiB, 277.89 W, 300.00 W, 70, 2310 MHz
2026/09/23 07:50:32.930, 0, 94 %, 82 %, 3573 MiB, 49140 MiB, 279.94 W, 300.00 W, 71, 2205 MHz
2026/09/23 07:50:33.931, 0, 90 %, 79 %, 3573 MiB, 49140 MiB, 278.34 W, 300.00 W, 71, 2280 MHz
2026/09/23 07:50:34.932, 0, 90 %, 78 %, 3573 MiB, 49140 MiB, 278.47 W, 300.00 W, 71, 2445 MHz
2026/09/23 07:50:35.933, 0, 88 %, 77 %, 3573 MiB, 49140 MiB, 276.27 W, 300.00 W, 70, 2370 MHz
2026/09/23 07:50:36.934, 0, 90 %, 78 %, 3573 MiB, 49140 MiB, 277.83 W, 300.00 W, 71, 2460 MHz
2026/09/23 07:50:37.935, 0, 89 %, 78 %, 3573 MiB, 49140 MiB, 276.70 W, 300.00 W, 70, 2280 MHz
2026/09/23 07:50:38.935, 0, 92 %, 80 %, 3573 MiB, 49140 MiB, 279.57 W, 300.00 W, 71, 2235 MHz
2026/09/23 07:50:39.937, 0, 87 %, 75 %, 3573 MiB, 49140 MiB, 278.30 W, 300.00 W, 71, 2385 MHz
2026/09/23 07:50:40.938, 0, 90 %, 77 %, 3573 MiB, 49140 MiB, 278.34 W, 300.00 W, 71, 2445 MHz
2026/09/23 07:50:41.939, 0, 90 %, 79 %, 3573 MiB, 49140 MiB, 278.02 W, 300.00 W, 71, 2205 MHz
2026/09/23 07:50:42.942, 0, 5 %, 0 %, 3573 MiB, 49140 MiB, 222.09 W, 300.00 W, 66, 2745 MHz
2026/09/23 07:50:43.943, 0, 0 %, 0 %, 3573 MiB, 49140 MiB, 85.68 W, 300.00 W, 65, 2745 MHz
2026/09/23 07:50:44.944, 0, 92 %, 80 %, 3573 MiB, 49140 MiB, 196.81 W, 300.00 W, 71, 2430 MHz
2026/09/23 07:50:45.944, 0, 90 %, 80 %, 3573 MiB, 49140 MiB, 280.15 W, 300.00 W, 71, 2355 MHz
2026/09/23 07:50:46.945, 0, 92 %, 78 %, 3573 MiB, 49140 MiB, 281.23 W, 300.00 W, 70, 2250 MHz
2026/09/23 07:50:47.946, 0, 86 %, 74 %, 3573 MiB, 49140 MiB, 279.14 W, 300.00 W, 72, 2490 MHz
2026/09/23 07:50:48.947, 0, 91 %, 79 %, 3573 MiB, 49140 MiB, 277.52 W, 300.00 W, 70, 2415 MHz
2026/09/23 07:50:49.947, 0, 94 %, 82 %, 3573 MiB, 49140 MiB, 280.35 W, 300.00 W, 70, 2355 MHz
2026/09/23 07:50:50.948, 0, 92 %, 77 %, 3573 MiB, 49140 MiB, 278.00 W, 300.00 W, 70, 2460 MHz
2026/09/23 07:50:51.949, 0, 92 %, 80 %, 3573 MiB, 49140 MiB, 276.71 W, 300.00 W, 70, 2355 MHz
2026/09/23 07:50:52.951, 0, 83 %, 71 %, 3573 MiB, 49140 MiB, 273.89 W, 300.00 W, 71, 2370 MHz
2026/09/23 07:50:53.952, 0, 87 %, 75 %, 3573 MiB, 49140 MiB, 275.18 W, 300.00 W, 71, 2520 MHz
2026/09/23 07:50:54.952, 0, 90 %, 78 %, 3573 MiB, 49140 MiB, 274.52 W, 300.00 W, 71, 2445 MHz
2026/09/23 07:50:55.953, 0, 70 %, 44 %, 3573 MiB, 49140 MiB, 276.46 W, 300.00 W, 70, 2580 MHz
2026/09/23 07:50:56.954, 0, 0 %, 0 %, 3573 MiB, 49140 MiB, 169.70 W, 300.00 W, 65, 2745 MHz
2026/09/23 07:50:57.955, 0, 0 %, 0 %, 3573 MiB, 49140 MiB, 85.58 W, 300.00 W, 64, 2745 MHz
2026/09/23 07:50:58.956, 0, 94 %, 83 %, 3573 MiB, 49140 MiB, 216.96 W, 300.00 W, 71, 2295 MHz
2026/09/23 07:50:59.956, 0, 95 %, 82 %, 3573 MiB, 49140 MiB, 279.70 W, 300.00 W, 70, 2325 MHz
2026/09/23 07:51:00.957, 0, 93 %, 79 %, 3573 MiB, 49140 MiB, 281.82 W, 300.00 W, 70, 2415 MHz
2026/09/23 07:51:01.958, 0, 91 %, 79 %, 3573 MiB, 49140 MiB, 277.74 W, 300.00 W, 71, 2340 MHz
2026/09/23 07:51:02.959, 0, 94 %, 81 %, 3573 MiB, 49140 MiB, 276.39 W, 300.00 W, 70, 2325 MHz
2026/09/23 07:51:03.960, 0, 93 %, 82 %, 3573 MiB, 49140 MiB, 280.19 W, 300.00 W, 71, 2445 MHz
2026/09/23 07:51:04.960, 0, 91 %, 79 %, 3573 MiB, 49140 MiB, 279.20 W, 300.00 W, 70, 2445 MHz
2026/09/23 07:51:05.962, 0, 93 %, 78 %, 3573 MiB, 49140 MiB, 278.93 W, 300.00 W, 70, 2265 MHz
2026/09/23 07:51:06.963, 0, 89 %, 76 %, 3573 MiB, 49140 MiB, 276.76 W, 300.00 W, 71, 2430 MHz
2026/09/23 07:51:07.964, 0, 88 %, 76 %, 3573 MiB, 49140 MiB, 278.51 W, 300.00 W, 72, 2265 MHz
2026/09/23 07:51:08.965, 0, 94 %, 79 %, 3573 MiB, 49140 MiB, 276.51 W, 300.00 W, 70, 2310 MHz
2026/09/23 07:51:09.966, 0, 56 %, 36 %, 3573 MiB, 49140 MiB, 268.76 W, 300.00 W, 71, 2610 MHz
2026/09/23 07:51:10.966, 0, 0 %, 0 %, 3573 MiB, 49140 MiB, 119.20 W, 300.00 W, 65, 2745 MHz
2026/09/23 07:51:11.967, 0, 92 %, 80 %, 3573 MiB, 49140 MiB, 133.04 W, 300.00 W, 70, 2370 MHz
2026/09/23 07:51:12.968, 0, 88 %, 77 %, 3573 MiB, 49140 MiB, 279.83 W, 300.00 W, 71, 2175 MHz
2026/09/23 07:51:13.969, 0, 90 %, 79 %, 3573 MiB, 49140 MiB, 280.14 W, 300.00 W, 71, 2490 MHz
2026/09/23 07:51:14.971, 0, 88 %, 76 %, 3573 MiB, 49140 MiB, 280.56 W, 300.00 W, 71, 2220 MHz
2026/09/23 07:51:15.971, 0, 92 %, 80 %, 3573 MiB, 49140 MiB, 282.39 W, 300.00 W, 70, 2430 MHz
2026/09/23 07:51:16.972, 0, 90 %, 77 %, 3573 MiB, 49140 MiB, 278.52 W, 300.00 W, 71, 2490 MHz
2026/09/23 07:51:17.973, 0, 94 %, 82 %, 3573 MiB, 49140 MiB, 281.32 W, 300.00 W, 71, 2295 MHz
2026/09/23 07:51:18.974, 0, 92 %, 81 %, 3573 MiB, 49140 MiB, 280.45 W, 300.00 W, 72, 2430 MHz
2026/09/23 07:51:19.974, 0, 83 %, 73 %, 3573 MiB, 49140 MiB, 282.61 W, 300.00 W, 71, 2520 MHz
2026/09/23 07:51:20.975, 0, 94 %, 78 %, 3573 MiB, 49140 MiB, 283.80 W, 300.00 W, 71, 2370 MHz
2026/09/23 07:51:21.976, 0, 91 %, 78 %, 3573 MiB, 49140 MiB, 281.95 W, 300.00 W, 71, 2460 MHz
2026/09/23 07:51:22.977, 0, 93 %, 82 %, 3573 MiB, 49140 MiB, 282.46 W, 300.00 W, 72, 2445 MHz
2026/09/23 07:51:23.977, 0, 10 %, 0 %, 3573 MiB, 49140 MiB, 239.66 W, 300.00 W, 66, 2730 MHz
2026/09/23 07:51:24.978, 0, 0 %, 0 %, 3573 MiB, 49140 MiB, 85.62 W, 300.00 W, 65, 2745 MHz
2026/09/23 07:51:25.978, 0, 90 %, 78 %, 3573 MiB, 49140 MiB, 181.91 W, 300.00 W, 70, 2460 MHz
2026/09/23 07:51:26.980, 0, 91 %, 79 %, 3573 MiB, 49140 MiB, 278.03 W, 300.00 W, 70, 2445 MHz
2026/09/23 07:51:27.980, 0, 93 %, 77 %, 3573 MiB, 49140 MiB, 279.26 W, 300.00 W, 70, 2400 MHz
2026/09/23 07:51:28.981, 0, 90 %, 79 %, 3573 MiB, 49140 MiB, 280.58 W, 300.00 W, 71, 2295 MHz
2026/09/23 07:51:29.982, 0, 87 %, 75 %, 3573 MiB, 49140 MiB, 278.58 W, 300.00 W, 70, 2475 MHz
2026/09/23 07:51:30.983, 0, 90 %, 76 %, 3573 MiB, 49140 MiB, 278.14 W, 300.00 W, 71, 2235 MHz
2026/09/23 07:51:31.983, 0, 93 %, 80 %, 3573 MiB, 49140 MiB, 277.70 W, 300.00 W, 71, 2370 MHz
2026/09/23 07:51:32.984, 0, 95 %, 79 %, 3573 MiB, 49140 MiB, 281.58 W, 300.00 W, 70, 2370 MHz
2026/09/23 07:51:33.985, 0, 90 %, 79 %, 3573 MiB, 49140 MiB, 277.36 W, 300.00 W, 71, 2310 MHz
2026/09/23 07:51:34.986, 0, 89 %, 75 %, 3573 MiB, 49140 MiB, 274.96 W, 300.00 W, 70, 2460 MHz
2026/09/23 07:51:35.987, 0, 93 %, 77 %, 3573 MiB, 49140 MiB, 279.75 W, 300.00 W, 70, 2400 MHz
2026/09/23 07:51:36.987, 0, 69 %, 43 %, 3573 MiB, 49140 MiB, 276.24 W, 300.00 W, 70, 2565 MHz
2026/09/23 07:51:37.988, 0, 0 %, 0 %, 3573 MiB, 49140 MiB, 181.80 W, 300.00 W, 66, 2745 MHz
2026/09/23 07:51:38.988, 0, 0 %, 0 %, 3573 MiB, 49140 MiB, 85.62 W, 300.00 W, 65, 2745 MHz
2026/09/23 07:51:39.989, 0, 95 %, 80 %, 3573 MiB, 49140 MiB, 196.40 W, 300.00 W, 70, 2355 MHz
2026/09/23 07:51:40.989, 0, 88 %, 75 %, 3573 MiB, 49140 MiB, 280.07 W, 300.00 W, 70, 2370 MHz
2026/09/23 07:51:41.990, 0, 90 %, 78 %, 3573 MiB, 49140 MiB, 279.22 W, 300.00 W, 70, 2430 MHz
2026/09/23 07:51:42.990, 0, 94 %, 80 %, 3573 MiB, 49140 MiB, 278.63 W, 300.00 W, 71, 2385 MHz
2026/09/23 07:51:43.992, 0, 95 %, 81 %, 3573 MiB, 49140 MiB, 280.98 W, 300.00 W, 70, 2160 MHz
2026/09/23 07:51:44.992, 0, 92 %, 80 %, 3573 MiB, 49140 MiB, 279.52 W, 300.00 W, 70, 2340 MHz
2026/09/23 07:51:45.993, 0, 92 %, 80 %, 3573 MiB, 49140 MiB, 279.19 W, 300.00 W, 70, 2370 MHz
2026/09/23 07:51:46.994, 0, 94 %, 81 %, 3573 MiB, 49140 MiB, 279.58 W, 300.00 W, 70, 2205 MHz
2026/09/23 07:51:47.996, 0, 89 %, 78 %, 3573 MiB, 49140 MiB, 280.42 W, 300.00 W, 71, 2340 MHz
2026/09/23 07:51:48.996, 0, 93 %, 81 %, 3573 MiB, 49140 MiB, 280.76 W, 300.00 W, 71, 2145 MHz
2026/09/23 07:51:49.997, 0, 90 %, 79 %, 3573 MiB, 49140 MiB, 279.36 W, 300.00 W, 72, 2085 MHz
2026/09/23 07:51:50.998, 0, 66 %, 43 %, 3573 MiB, 49140 MiB, 273.45 W, 300.00 W, 72, 2565 MHz
2026/09/23 07:51:51.998, 0, 0 %, 0 %, 3573 MiB, 49140 MiB, 128.88 W, 300.00 W, 65, 2550 MHz
2026/09/23 07:51:52.999, 0, 96 %, 84 %, 3573 MiB, 49140 MiB, 100.56 W, 300.00 W, 69, 2205 MHz
2026/09/23 07:51:54.000, 0, 94 %, 81 %, 3573 MiB, 49140 MiB, 279.59 W, 300.00 W, 70, 2340 MHz
2026/09/23 07:51:55.002, 0, 88 %, 76 %, 3573 MiB, 49140 MiB, 278.45 W, 300.00 W, 70, 2415 MHz
2026/09/23 07:51:56.003, 0, 89 %, 78 %, 3573 MiB, 49140 MiB, 278.22 W, 300.00 W, 71, 2280 MHz
2026/09/23 07:51:57.003, 0, 91 %, 78 %, 3573 MiB, 49140 MiB, 278.20 W, 300.00 W, 71, 2370 MHz
2026/09/23 07:51:58.004, 0, 94 %, 83 %, 3573 MiB, 49140 MiB, 281.75 W, 300.00 W, 71, 2355 MHz
2026/09/23 07:51:59.005, 0, 93 %, 82 %, 3573 MiB, 49140 MiB, 281.00 W, 300.00 W, 71, 2490 MHz
2026/09/23 07:52:00.007, 0, 89 %, 75 %, 3573 MiB, 49140 MiB, 279.48 W, 300.00 W, 70, 2400 MHz
2026/09/23 07:52:01.008, 0, 92 %, 78 %, 3573 MiB, 49140 MiB, 279.26 W, 300.00 W, 70, 2340 MHz
2026/09/23 07:52:02.009, 0, 89 %, 77 %, 3573 MiB, 49140 MiB, 281.19 W, 300.00 W, 70, 2355 MHz
2026/09/23 07:52:03.010, 0, 88 %, 76 %, 3573 MiB, 49140 MiB, 279.74 W, 300.00 W, 71, 2415 MHz
2026/09/23 07:52:04.011, 0, 89 %, 77 %, 3573 MiB, 49140 MiB, 279.69 W, 300.00 W, 72, 2340 MHz
2026/09/23 07:52:05.013, 0, 0 %, 0 %, 3573 MiB, 49140 MiB, 242.33 W, 300.00 W, 66, 2730 MHz
2026/09/23 07:52:06.013, 0, 93 %, 78 %, 3573 MiB, 49140 MiB, 131.97 W, 300.00 W, 70, 2310 MHz
2026/09/23 07:52:07.014, 0, 86 %, 75 %, 3573 MiB, 49140 MiB, 279.72 W, 300.00 W, 70, 2370 MHz
2026/09/23 07:52:08.014, 0, 90 %, 78 %, 3573 MiB, 49140 MiB, 277.58 W, 300.00 W, 71, 2175 MHz
2026/09/23 07:52:09.016, 0, 91 %, 77 %, 3573 MiB, 49140 MiB, 277.71 W, 300.00 W, 70, 2370 MHz
2026/09/23 07:52:10.017, 0, 93 %, 82 %, 3573 MiB, 49140 MiB, 277.72 W, 300.00 W, 71, 2130 MHz
2026/09/23 07:52:11.018, 0, 94 %, 81 %, 3573 MiB, 49140 MiB, 279.88 W, 300.00 W, 71, 2250 MHz
2026/09/23 07:52:12.018, 0, 90 %, 76 %, 3573 MiB, 49140 MiB, 277.70 W, 300.00 W, 71, 2430 MHz
2026/09/23 07:52:13.019, 0, 88 %, 76 %, 3573 MiB, 49140 MiB, 277.77 W, 300.00 W, 71, 2490 MHz
2026/09/23 07:52:14.020, 0, 92 %, 77 %, 3573 MiB, 49140 MiB, 280.34 W, 300.00 W, 71, 2385 MHz
2026/09/23 07:52:15.021, 0, 92 %, 79 %, 3573 MiB, 49140 MiB, 278.79 W, 300.00 W, 71, 2370 MHz
2026/09/23 07:52:16.021, 0, 88 %, 77 %, 3573 MiB, 49140 MiB, 279.40 W, 300.00 W, 70, 2415 MHz
2026/09/23 07:52:17.022, 0, 87 %, 75 %, 3573 MiB, 49140 MiB, 279.95 W, 300.00 W, 71, 2475 MHz
2026/09/23 07:52:18.023, 0, 9 %, 0 %, 3573 MiB, 49140 MiB, 228.57 W, 300.00 W, 66, 2745 MHz
2026/09/23 07:52:19.023, 0, 0 %, 0 %, 3573 MiB, 49140 MiB, 86.03 W, 300.00 W, 65, 2745 MHz
2026/09/23 07:52:20.024, 0, 90 %, 79 %, 3573 MiB, 49140 MiB, 183.49 W, 300.00 W, 70, 2385 MHz
2026/09/23 07:52:21.025, 0, 87 %, 75 %, 3573 MiB, 49140 MiB, 276.61 W, 300.00 W, 71, 2385 MHz
2026/09/23 07:52:22.026, 0, 94 %, 82 %, 3573 MiB, 49140 MiB, 276.92 W, 300.00 W, 70, 2475 MHz
2026/09/23 07:52:23.027, 0, 87 %, 76 %, 3573 MiB, 49140 MiB, 278.39 W, 300.00 W, 70, 2400 MHz
2026/09/23 07:52:24.028, 0, 85 %, 74 %, 3573 MiB, 49140 MiB, 279.48 W, 300.00 W, 70, 2310 MHz
2026/09/23 07:52:25.029, 0, 89 %, 77 %, 3573 MiB, 49140 MiB, 278.07 W, 300.00 W, 72, 2430 MHz
2026/09/23 07:52:26.030, 0, 89 %, 76 %, 3573 MiB, 49140 MiB, 277.61 W, 300.00 W, 70, 2370 MHz
2026/09/23 07:52:27.030, 0, 91 %, 78 %, 3573 MiB, 49140 MiB, 277.45 W, 300.00 W, 70, 2220 MHz
2026/09/23 07:52:28.031, 0, 90 %, 77 %, 3573 MiB, 49140 MiB, 279.28 W, 300.00 W, 70, 2475 MHz
2026/09/23 07:52:29.033, 0, 92 %, 78 %, 3573 MiB, 49140 MiB, 278.43 W, 300.00 W, 70, 2370 MHz
2026/09/23 07:52:30.034, 0, 86 %, 75 %, 3573 MiB, 49140 MiB, 278.98 W, 300.00 W, 71, 2250 MHz
2026/09/23 07:52:31.034, 0, 69 %, 47 %, 3573 MiB, 49140 MiB, 276.31 W, 300.00 W, 72, 2580 MHz
2026/09/23 07:52:32.035, 0, 0 %, 0 %, 3573 MiB, 49140 MiB, 185.57 W, 300.00 W, 66, 2745 MHz
2026/09/23 07:52:33.035, 0, 0 %, 0 %, 3573 MiB, 49140 MiB, 85.97 W, 300.00 W, 65, 2745 MHz
2026/09/23 07:52:34.036, 0, 89 %, 75 %, 3573 MiB, 49140 MiB, 201.74 W, 300.00 W, 70, 2430 MHz
2026/09/23 07:52:35.037, 0, 86 %, 75 %, 3573 MiB, 49140 MiB, 279.68 W, 300.00 W, 71, 2430 MHz
2026/09/23 07:52:36.038, 0, 89 %, 76 %, 3573 MiB, 49140 MiB, 278.48 W, 300.00 W, 70, 2430 MHz
2026/09/23 07:52:37.039, 0, 93 %, 81 %, 3573 MiB, 49140 MiB, 279.43 W, 300.00 W, 71, 2325 MHz
2026/09/23 07:52:38.040, 0, 85 %, 74 %, 3573 MiB, 49140 MiB, 278.46 W, 300.00 W, 69, 2460 MHz
2026/09/23 07:52:39.040, 0, 89 %, 78 %, 3573 MiB, 49140 MiB, 278.08 W, 300.00 W, 71, 2400 MHz
2026/09/23 07:52:40.041, 0, 92 %, 81 %, 3573 MiB, 49140 MiB, 280.11 W, 300.00 W, 70, 2490 MHz
2026/09/23 07:52:41.041, 0, 89 %, 78 %, 3573 MiB, 49140 MiB, 276.64 W, 300.00 W, 71, 2145 MHz
2026/09/23 07:52:42.042, 0, 88 %, 77 %, 3573 MiB, 49140 MiB, 278.48 W, 300.00 W, 72, 2145 MHz
2026/09/23 07:52:43.043, 0, 92 %, 80 %, 3573 MiB, 49140 MiB, 280.16 W, 300.00 W, 71, 2175 MHz
2026/09/23 07:52:44.044, 0, 93 %, 79 %, 3573 MiB, 49140 MiB, 280.19 W, 300.00 W, 71, 2400 MHz
2026/09/23 07:52:45.045, 0, 69 %, 44 %, 3573 MiB, 49140 MiB, 274.82 W, 300.00 W, 72, 2475 MHz
2026/09/23 07:52:46.045, 0, 0 %, 0 %, 3573 MiB, 49140 MiB, 149.29 W, 300.00 W, 65, 2745 MHz
2026/09/23 07:52:47.046, 0, 0 %, 0 %, 3573 MiB, 49140 MiB, 85.69 W, 300.00 W, 65, 2745 MHz
2026/09/23 07:52:48.046, 0, 92 %, 79 %, 3573 MiB, 49140 MiB, 192.28 W, 300.00 W, 71, 2325 MHz
2026/09/23 07:52:49.047, 0, 91 %, 80 %, 3573 MiB, 49140 MiB, 278.48 W, 300.00 W, 70, 2490 MHz
2026/09/23 07:52:50.048, 0, 87 %, 75 %, 3573 MiB, 49140 MiB, 276.69 W, 300.00 W, 69, 2460 MHz
2026/09/23 07:52:51.049, 0, 92 %, 80 %, 3573 MiB, 49140 MiB, 278.88 W, 300.00 W, 71, 2175 MHz
2026/09/23 07:52:52.049, 0, 91 %, 78 %, 3573 MiB, 49140 MiB, 278.07 W, 300.00 W, 71, 2160 MHz
2026/09/23 07:52:53.050, 0, 88 %, 77 %, 3573 MiB, 49140 MiB, 279.45 W, 300.00 W, 70, 2520 MHz
2026/09/23 07:52:54.051, 0, 89 %, 77 %, 3573 MiB, 49140 MiB, 277.99 W, 300.00 W, 72, 2400 MHz
2026/09/23 07:52:55.051, 0, 92 %, 77 %, 3573 MiB, 49140 MiB, 278.71 W, 300.00 W, 71, 2355 MHz
2026/09/23 07:52:56.052, 0, 88 %, 77 %, 3573 MiB, 49140 MiB, 276.50 W, 300.00 W, 70, 2460 MHz
2026/09/23 07:52:57.053, 0, 91 %, 79 %, 3573 MiB, 49140 MiB, 277.80 W, 300.00 W, 70, 2370 MHz
2026/09/23 07:52:58.054, 0, 87 %, 75 %, 3573 MiB, 49140 MiB, 277.79 W, 300.00 W, 71, 2265 MHz
2026/09/23 07:52:59.055, 0, 64 %, 41 %, 3573 MiB, 49140 MiB, 273.72 W, 300.00 W, 72, 2550 MHz
2026/09/23 07:53:00.056, 0, 0 %, 0 %, 3573 MiB, 49140 MiB, 131.82 W, 300.00 W, 65, 2745 MHz
2026/09/23 07:53:01.057, 0, 91 %, 79 %, 3573 MiB, 49140 MiB, 122.39 W, 300.00 W, 69, 2475 MHz
2026/09/23 07:53:02.058, 0, 88 %, 76 %, 3573 MiB, 49140 MiB, 273.90 W, 300.00 W, 71, 2385 MHz
2026/09/23 07:53:03.059, 0, 95 %, 81 %, 3573 MiB, 49140 MiB, 276.69 W, 300.00 W, 70, 2415 MHz
2026/09/23 07:53:04.060, 0, 89 %, 77 %, 3573 MiB, 49140 MiB, 278.54 W, 300.00 W, 71, 2385 MHz
2026/09/23 07:53:05.060, 0, 92 %, 80 %, 3573 MiB, 49140 MiB, 279.12 W, 300.00 W, 69, 2385 MHz
2026/09/23 07:53:06.062, 0, 88 %, 77 %, 3573 MiB, 49140 MiB, 278.80 W, 300.00 W, 71, 2190 MHz
2026/09/23 07:53:07.062, 0, 86 %, 76 %, 3573 MiB, 49140 MiB, 279.07 W, 300.00 W, 71, 2505 MHz
2026/09/23 07:53:08.063, 0, 90 %, 81 %, 3573 MiB, 49140 MiB, 279.36 W, 300.00 W, 71, 2460 MHz
2026/09/23 07:53:09.064, 0, 91 %, 77 %, 3573 MiB, 49140 MiB, 278.84 W, 300.00 W, 71, 2355 MHz
2026/09/23 07:53:10.066, 0, 93 %, 79 %, 3573 MiB, 49140 MiB, 280.11 W, 300.00 W, 70, 2340 MHz
2026/09/23 07:53:11.066, 0, 90 %, 78 %, 3573 MiB, 49140 MiB, 277.54 W, 300.00 W, 72, 2250 MHz
2026/09/23 07:53:12.067, 0, 92 %, 78 %, 3573 MiB, 49140 MiB, 279.90 W, 300.00 W, 72, 2175 MHz
2026/09/23 07:53:13.068, 0, 49 %, 32 %, 3573 MiB, 49140 MiB, 248.30 W, 300.00 W, 68, 2730 MHz
2026/09/23 07:53:14.069, 0, 0 %, 0 %, 3573 MiB, 49140 MiB, 85.92 W, 300.00 W, 65, 2745 MHz
2026/09/23 07:53:15.069, 0, 89 %, 77 %, 3573 MiB, 49140 MiB, 176.19 W, 300.00 W, 71, 2175 MHz
2026/09/23 07:53:16.070, 0, 84 %, 73 %, 3573 MiB, 49140 MiB, 278.82 W, 300.00 W, 71, 2430 MHz
2026/09/23 07:53:17.071, 0, 92 %, 78 %, 3573 MiB, 49140 MiB, 277.47 W, 300.00 W, 71, 2385 MHz
2026/09/23 07:53:18.072, 0, 91 %, 79 %, 3573 MiB, 49140 MiB, 279.84 W, 300.00 W, 69, 2445 MHz
2026/09/23 07:53:19.073, 0, 92 %, 80 %, 3573 MiB, 49140 MiB, 278.30 W, 300.00 W, 72, 2220 MHz
2026/09/23 07:53:20.073, 0, 90 %, 80 %, 3573 MiB, 49140 MiB, 278.62 W, 300.00 W, 71, 2445 MHz
2026/09/23 07:53:21.074, 0, 90 %, 77 %, 3573 MiB, 49140 MiB, 278.90 W, 300.00 W, 70, 2370 MHz
2026/09/23 07:53:22.075, 0, 93 %, 80 %, 3573 MiB, 49140 MiB, 277.59 W, 300.00 W, 72, 2355 MHz
2026/09/23 07:53:23.076, 0, 88 %, 74 %, 3573 MiB, 49140 MiB, 277.27 W, 300.00 W, 70, 2280 MHz
2026/09/23 07:53:24.077, 0, 91 %, 78 %, 3573 MiB, 49140 MiB, 277.28 W, 300.00 W, 72, 2355 MHz
2026/09/23 07:53:25.077, 0, 87 %, 75 %, 3573 MiB, 49140 MiB, 278.28 W, 300.00 W, 72, 2505 MHz
2026/09/23 07:53:26.078, 0, 88 %, 74 %, 3573 MiB, 49140 MiB, 278.16 W, 300.00 W, 72, 2355 MHz
2026/09/23 07:53:27.079, 0, 0 %, 0 %, 3573 MiB, 49140 MiB, 197.89 W, 300.00 W, 66, 2745 MHz
2026/09/23 07:53:28.079, 0, 94 %, 81 %, 3573 MiB, 49140 MiB, 193.35 W, 300.00 W, 70, 2445 MHz
2026/09/23 07:53:29.080, 0, 95 %, 80 %, 3573 MiB, 49140 MiB, 278.74 W, 300.00 W, 71, 2115 MHz
2026/09/23 07:53:30.081, 0, 93 %, 82 %, 3573 MiB, 49140 MiB, 277.59 W, 300.00 W, 71, 2250 MHz
2026/09/23 07:53:31.082, 0, 91 %, 79 %, 3573 MiB, 49140 MiB, 279.63 W, 300.00 W, 70, 2205 MHz
2026/09/23 07:53:32.084, 0, 91 %, 77 %, 3573 MiB, 49140 MiB, 277.32 W, 300.00 W, 71, 2340 MHz
2026/09/23 07:53:33.084, 0, 92 %, 81 %, 3573 MiB, 49140 MiB, 280.44 W, 300.00 W, 71, 2460 MHz
2026/09/23 07:53:34.086, 0, 86 %, 76 %, 3573 MiB, 49140 MiB, 279.54 W, 300.00 W, 71, 2415 MHz
2026/09/23 07:53:35.086, 0, 88 %, 78 %, 3573 MiB, 49140 MiB, 278.93 W, 300.00 W, 71, 2235 MHz
2026/09/23 07:53:36.087, 0, 91 %, 79 %, 3573 MiB, 49140 MiB, 278.18 W, 300.00 W, 71, 2175 MHz
2026/09/23 07:53:37.088, 0, 90 %, 76 %, 3573 MiB, 49140 MiB, 278.08 W, 300.00 W, 72, 2250 MHz
2026/09/23 07:53:38.089, 0, 92 %, 78 %, 3573 MiB, 49140 MiB, 279.83 W, 300.00 W, 72, 2205 MHz
2026/09/23 07:53:39.089, 0, 70 %, 45 %, 3573 MiB, 49140 MiB, 277.32 W, 300.00 W, 73, 2535 MHz
2026/09/23 07:53:40.090, 0, 0 %, 0 %, 3573 MiB, 49140 MiB, 173.55 W, 300.00 W, 66, 2745 MHz
2026/09/23 07:53:41.090, 0, 87 %, 76 %, 3573 MiB, 49140 MiB, 217.98 W, 300.00 W, 72, 2430 MHz
2026/09/23 07:53:42.091, 0, 91 %, 82 %, 3573 MiB, 49140 MiB, 284.09 W, 300.00 W, 71, 2355 MHz
2026/09/23 07:53:43.092, 0, 94 %, 79 %, 3573 MiB, 49140 MiB, 283.48 W, 300.00 W, 72, 2280 MHz
2026/09/23 07:53:44.093, 0, 89 %, 76 %, 3573 MiB, 49140 MiB, 283.96 W, 300.00 W, 72, 2475 MHz
2026/09/23 07:53:45.094, 0, 93 %, 80 %, 3573 MiB, 49140 MiB, 285.03 W, 300.00 W, 70, 2400 MHz
2026/09/23 07:53:46.095, 0, 78 %, 69 %, 3573 MiB, 49140 MiB, 283.02 W, 300.00 W, 72, 2550 MHz
2026/09/23 07:53:47.095, 0, 92 %, 78 %, 3573 MiB, 49140 MiB, 282.91 W, 300.00 W, 71, 2235 MHz
2026/09/23 07:53:48.097, 0, 93 %, 79 %, 3573 MiB, 49140 MiB, 285.87 W, 300.00 W, 72, 2250 MHz
2026/09/23 07:53:49.097, 0, 89 %, 79 %, 3573 MiB, 49140 MiB, 284.25 W, 300.00 W, 72, 2460 MHz
2026/09/23 07:53:50.098, 0, 93 %, 82 %, 3573 MiB, 49140 MiB, 284.08 W, 300.00 W, 71, 2415 MHz
2026/09/23 07:53:51.099, 0, 90 %, 79 %, 3573 MiB, 49140 MiB, 285.54 W, 300.00 W, 72, 2415 MHz
2026/09/23 07:53:52.100, 0, 64 %, 42 %, 3573 MiB, 49140 MiB, 279.42 W, 300.00 W, 71, 2640 MHz
2026/09/23 07:53:53.101, 0, 0 %, 0 %, 3573 MiB, 49140 MiB, 158.35 W, 300.00 W, 66, 2745 MHz
2026/09/23 07:53:54.101, 0, 89 %, 77 %, 3573 MiB, 49140 MiB, 237.87 W, 300.00 W, 72, 2400 MHz
2026/09/23 07:53:55.102, 0, 90 %, 80 %, 3573 MiB, 49140 MiB, 284.96 W, 300.00 W, 70, 2430 MHz
2026/09/23 07:53:56.104, 0, 89 %, 75 %, 3573 MiB, 49140 MiB, 285.35 W, 300.00 W, 72, 2400 MHz
2026/09/23 07:53:57.105, 0, 85 %, 75 %, 3573 MiB, 49140 MiB, 282.79 W, 300.00 W, 72, 2475 MHz
2026/09/23 07:53:58.106, 0, 94 %, 80 %, 3573 MiB, 49140 MiB, 282.69 W, 300.00 W, 72, 2265 MHz
2026/09/23 07:53:59.106, 0, 91 %, 79 %, 3573 MiB, 49140 MiB, 284.48 W, 300.00 W, 72, 2400 MHz
2026/09/23 07:54:00.107, 0, 87 %, 74 %, 3573 MiB, 49140 MiB, 284.75 W, 300.00 W, 73, 2490 MHz
2026/09/23 07:54:01.108, 0, 90 %, 79 %, 3573 MiB, 49140 MiB, 283.55 W, 300.00 W, 72, 2400 MHz
2026/09/23 07:54:02.109, 0, 88 %, 74 %, 3573 MiB, 49140 MiB, 283.73 W, 300.00 W, 72, 2430 MHz
2026/09/23 07:54:03.109, 0, 89 %, 77 %, 3573 MiB, 49140 MiB, 282.30 W, 300.00 W, 73, 2475 MHz
2026/09/23 07:54:04.110, 0, 85 %, 75 %, 3573 MiB, 49140 MiB, 284.26 W, 300.00 W, 71, 2205 MHz
2026/09/23 07:54:05.111, 0, 65 %, 42 %, 3573 MiB, 49140 MiB, 275.55 W, 300.00 W, 72, 2625 MHz
2026/09/23 07:54:06.112, 0, 0 %, 0 %, 3573 MiB, 49140 MiB, 147.01 W, 300.00 W, 66, 2745 MHz
2026/09/23 07:54:07.112, 0, 90 %, 76 %, 3573 MiB, 49140 MiB, 242.88 W, 300.00 W, 71, 2415 MHz
2026/09/23 07:54:08.113, 0, 92 %, 79 %, 3573 MiB, 49140 MiB, 279.70 W, 300.00 W, 72, 2280 MHz
2026/09/23 07:54:09.114, 0, 91 %, 76 %, 3573 MiB, 49140 MiB, 280.59 W, 300.00 W, 72, 2235 MHz
2026/09/23 07:54:10.117, 0, 90 %, 78 %, 3573 MiB, 49140 MiB, 279.58 W, 300.00 W, 71, 2400 MHz
2026/09/23 07:54:11.118, 0, 94 %, 83 %, 3573 MiB, 49140 MiB, 281.80 W, 300.00 W, 71, 2355 MHz
2026/09/23 07:54:12.119, 0, 94 %, 80 %, 3573 MiB, 49140 MiB, 279.13 W, 300.00 W, 72, 2355 MHz
2026/09/23 07:54:13.120, 0, 92 %, 79 %, 3573 MiB, 49140 MiB, 280.62 W, 300.00 W, 71, 2355 MHz
2026/09/23 07:54:14.120, 0, 88 %, 76 %, 3573 MiB, 49140 MiB, 279.59 W, 300.00 W, 71, 2445 MHz
2026/09/23 07:54:15.122, 0, 90 %, 77 %, 3573 MiB, 49140 MiB, 276.94 W, 300.00 W, 72, 2400 MHz
2026/09/23 07:54:16.123, 0, 94 %, 80 %, 3573 MiB, 49140 MiB, 281.66 W, 300.00 W, 71, 2250 MHz
2026/09/23 07:54:17.124, 0, 92 %, 81 %, 3573 MiB, 49140 MiB, 278.65 W, 300.00 W, 72, 2160 MHz
2026/09/23 07:54:18.125, 0, 68 %, 44 %, 3573 MiB, 49140 MiB, 271.24 W, 300.00 W, 73, 2580 MHz
2026/09/23 07:54:19.125, 0, 28 %, 23 %, 3573 MiB, 49140 MiB, 123.56 W, 300.00 W, 66, 2595 MHz
2026/09/23 07:54:20.126, 0, 95 %, 81 %, 3573 MiB, 49140 MiB, 272.22 W, 300.00 W, 72, 2340 MHz
2026/09/23 07:54:21.127, 0, 85 %, 74 %, 3573 MiB, 49140 MiB, 281.11 W, 300.00 W, 71, 2355 MHz
2026/09/23 07:54:22.128, 0, 88 %, 76 %, 3573 MiB, 49140 MiB, 282.56 W, 300.00 W, 72, 2490 MHz
2026/09/23 07:54:23.128, 0, 91 %, 82 %, 3573 MiB, 49140 MiB, 282.77 W, 300.00 W, 73, 2415 MHz
2026/09/23 07:54:24.129, 0, 87 %, 76 %, 3573 MiB, 49140 MiB, 283.49 W, 300.00 W, 73, 2505 MHz
2026/09/23 07:54:25.131, 0, 92 %, 79 %, 3573 MiB, 49140 MiB, 283.28 W, 300.00 W, 71, 2235 MHz
2026/09/23 07:54:26.132, 0, 92 %, 78 %, 3573 MiB, 49140 MiB, 280.62 W, 300.00 W, 71, 2460 MHz
2026/09/23 07:54:27.132, 0, 90 %, 78 %, 3573 MiB, 49140 MiB, 281.05 W, 300.00 W, 71, 2355 MHz
2026/09/23 07:54:28.134, 0, 92 %, 82 %, 3573 MiB, 49140 MiB, 282.27 W, 300.00 W, 73, 2430 MHz
2026/09/23 07:54:29.135, 0, 91 %, 81 %, 3573 MiB, 49140 MiB, 280.96 W, 300.00 W, 72, 2280 MHz
2026/09/23 07:54:30.135, 0, 95 %, 83 %, 3573 MiB, 49140 MiB, 284.26 W, 300.00 W, 72, 2370 MHz
2026/09/23 07:54:31.136, 0, 63 %, 40 %, 3573 MiB, 49140 MiB, 272.41 W, 300.00 W, 73, 2535 MHz
2026/09/23 07:54:32.136, 0, 78 %, 69 %, 3573 MiB, 49140 MiB, 132.01 W, 300.00 W, 71, 2535 MHz
2026/09/23 07:54:33.137, 0, 94 %, 79 %, 3573 MiB, 49140 MiB, 279.31 W, 300.00 W, 71, 2385 MHz
2026/09/23 07:54:34.139, 0, 93 %, 79 %, 3573 MiB, 49140 MiB, 279.57 W, 300.00 W, 71, 2415 MHz
2026/09/23 07:54:35.140, 0, 91 %, 78 %, 3573 MiB, 49140 MiB, 279.95 W, 300.00 W, 71, 2400 MHz
2026/09/23 07:54:36.140, 0, 92 %, 79 %, 3573 MiB, 49140 MiB, 279.20 W, 300.00 W, 72, 2460 MHz
2026/09/23 07:54:37.141, 0, 93 %, 79 %, 3573 MiB, 49140 MiB, 276.56 W, 300.00 W, 71, 2430 MHz
2026/09/23 07:54:38.142, 0, 92 %, 79 %, 3573 MiB, 49140 MiB, 276.99 W, 300.00 W, 71, 2205 MHz
2026/09/23 07:54:39.142, 0, 90 %, 80 %, 3573 MiB, 49140 MiB, 278.58 W, 300.00 W, 73, 2475 MHz
2026/09/23 07:54:40.143, 0, 87 %, 77 %, 3573 MiB, 49140 MiB, 279.99 W, 300.00 W, 73, 2415 MHz
2026/09/23 07:54:41.145, 0, 89 %, 80 %, 3573 MiB, 49140 MiB, 278.77 W, 300.00 W, 72, 2370 MHz
2026/09/23 07:54:42.146, 0, 89 %, 75 %, 3573 MiB, 49140 MiB, 279.84 W, 300.00 W, 72, 2445 MHz
2026/09/23 07:54:43.147, 0, 93 %, 79 %, 3573 MiB, 49140 MiB, 279.08 W, 300.00 W, 72, 2430 MHz
2026/09/23 07:54:44.147, 0, 52 %, 33 %, 3573 MiB, 49140 MiB, 267.84 W, 300.00 W, 68, 2730 MHz
2026/09/23 07:54:45.148, 0, 93 %, 80 %, 3573 MiB, 49140 MiB, 134.62 W, 300.00 W, 69, 2235 MHz
2026/09/23 07:54:46.148, 0, 86 %, 75 %, 3573 MiB, 49140 MiB, 277.90 W, 300.00 W, 72, 2505 MHz
2026/09/23 07:54:47.150, 0, 92 %, 81 %, 3573 MiB, 49140 MiB, 276.47 W, 300.00 W, 71, 2175 MHz
2026/09/23 07:54:48.151, 0, 89 %, 75 %, 3573 MiB, 49140 MiB, 281.85 W, 300.00 W, 71, 2490 MHz
2026/09/23 07:54:49.152, 0, 94 %, 79 %, 3573 MiB, 49140 MiB, 280.71 W, 300.00 W, 71, 2400 MHz
2026/09/23 07:54:50.153, 0, 91 %, 79 %, 3573 MiB, 49140 MiB, 278.27 W, 300.00 W, 71, 2400 MHz
2026/09/23 07:54:51.155, 0, 90 %, 76 %, 3573 MiB, 49140 MiB, 277.79 W, 300.00 W, 71, 2475 MHz
2026/09/23 07:54:52.156, 0, 94 %, 79 %, 3573 MiB, 49140 MiB, 276.99 W, 300.00 W, 72, 2415 MHz
2026/09/23 07:54:53.157, 0, 88 %, 78 %, 3573 MiB, 49140 MiB, 279.69 W, 300.00 W, 72, 2235 MHz
2026/09/23 07:54:54.157, 0, 93 %, 82 %, 3573 MiB, 49140 MiB, 280.47 W, 300.00 W, 72, 2205 MHz
2026/09/23 07:54:55.158, 0, 95 %, 81 %, 3573 MiB, 49140 MiB, 280.58 W, 300.00 W, 72, 2280 MHz
2026/09/23 07:54:56.159, 0, 90 %, 78 %, 3573 MiB, 49140 MiB, 279.68 W, 300.00 W, 71, 2265 MHz
2026/09/23 07:54:57.159, 0, 0 %, 0 %, 3573 MiB, 49140 MiB, 239.54 W, 300.00 W, 67, 2745 MHz
2026/09/23 07:54:58.160, 0, 92 %, 78 %, 3573 MiB, 49140 MiB, 148.77 W, 300.00 W, 70, 2400 MHz
2026/09/23 07:54:59.160, 0, 95 %, 81 %, 3573 MiB, 49140 MiB, 277.19 W, 300.00 W, 71, 2100 MHz
2026/09/23 07:55:00.161, 0, 87 %, 76 %, 3573 MiB, 49140 MiB, 275.37 W, 300.00 W, 72, 2445 MHz
2026/09/23 07:55:01.162, 0, 93 %, 81 %, 3573 MiB, 49140 MiB, 277.02 W, 300.00 W, 71, 2325 MHz
2026/09/23 07:55:02.163, 0, 89 %, 77 %, 3573 MiB, 49140 MiB, 277.77 W, 300.00 W, 72, 2310 MHz
2026/09/23 07:55:03.163, 0, 91 %, 80 %, 3573 MiB, 49140 MiB, 279.40 W, 300.00 W, 72, 2280 MHz
2026/09/23 07:55:04.164, 0, 90 %, 79 %, 3573 MiB, 49140 MiB, 274.97 W, 300.00 W, 71, 2400 MHz
2026/09/23 07:55:05.165, 0, 93 %, 81 %, 3573 MiB, 49140 MiB, 278.76 W, 300.00 W, 72, 2355 MHz
2026/09/23 07:55:06.166, 0, 89 %, 78 %, 3573 MiB, 49140 MiB, 279.35 W, 300.00 W, 71, 2385 MHz
2026/09/23 07:55:07.167, 0, 89 %, 80 %, 3573 MiB, 49140 MiB, 278.43 W, 300.00 W, 72, 2340 MHz
2026/09/23 07:55:08.168, 0, 94 %, 80 %, 3573 MiB, 49140 MiB, 279.85 W, 300.00 W, 72, 2160 MHz
2026/09/23 07:55:09.169, 0, 93 %, 79 %, 3573 MiB, 49140 MiB, 280.51 W, 300.00 W, 71, 2400 MHz
2026/09/23 07:55:10.170, 0, 0 %, 0 %, 3573 MiB, 49140 MiB, 219.05 W, 300.00 W, 67, 2745 MHz
2026/09/23 07:55:11.170, 0, 93 %, 82 %, 3573 MiB, 49140 MiB, 165.03 W, 300.00 W, 72, 2400 MHz
2026/09/23 07:55:12.171, 0, 91 %, 79 %, 3573 MiB, 49140 MiB, 283.09 W, 300.00 W, 70, 2340 MHz
2026/09/23 07:55:13.171, 0, 88 %, 75 %, 3573 MiB, 49140 MiB, 282.65 W, 300.00 W, 72, 2445 MHz
2026/09/23 07:55:14.173, 0, 89 %, 77 %, 3573 MiB, 49140 MiB, 284.40 W, 300.00 W, 71, 2340 MHz
2026/09/23 07:55:15.174, 0, 90 %, 78 %, 3573 MiB, 49140 MiB, 282.73 W, 300.00 W, 72, 2250 MHz
2026/09/23 07:55:16.175, 0, 87 %, 77 %, 3573 MiB, 49140 MiB, 284.20 W, 300.00 W, 71, 2415 MHz
2026/09/23 07:55:17.175, 0, 93 %, 80 %, 3573 MiB, 49140 MiB, 285.33 W, 300.00 W, 71, 2370 MHz
2026/09/23 07:55:18.176, 0, 89 %, 76 %, 3573 MiB, 49140 MiB, 283.91 W, 300.00 W, 72, 2430 MHz
2026/09/23 07:55:19.178, 0, 92 %, 81 %, 3573 MiB, 49140 MiB, 284.20 W, 300.00 W, 73, 2190 MHz
2026/09/23 07:55:20.180, 0, 90 %, 79 %, 3573 MiB, 49140 MiB, 284.70 W, 300.00 W, 72, 2370 MHz
2026/09/23 07:55:21.181, 0, 93 %, 80 %, 3573 MiB, 49140 MiB, 285.76 W, 300.00 W, 72, 2175 MHz
2026/09/23 07:55:22.181, 0, 92 %, 80 %, 3573 MiB, 49140 MiB, 286.56 W, 300.00 W, 71, 2370 MHz
2026/09/23 07:55:23.182, 0, 0 %, 0 %, 3573 MiB, 49140 MiB, 204.30 W, 300.00 W, 67, 2745 MHz
2026/09/23 07:55:24.183, 0, 93 %, 80 %, 3573 MiB, 49140 MiB, 125.41 W, 300.00 W, 71, 2280 MHz
2026/09/23 07:55:25.183, 0, 93 %, 80 %, 3573 MiB, 49140 MiB, 276.60 W, 300.00 W, 70, 2355 MHz
2026/09/23 07:55:26.184, 0, 91 %, 79 %, 3573 MiB, 49140 MiB, 277.98 W, 300.00 W, 72, 2385 MHz
2026/09/23 07:55:27.185, 0, 91 %, 77 %, 3573 MiB, 49140 MiB, 278.65 W, 300.00 W, 71, 2235 MHz
2026/09/23 07:55:28.185, 0, 93 %, 78 %, 3573 MiB, 49140 MiB, 280.24 W, 300.00 W, 71, 2175 MHz
2026/09/23 07:55:29.187, 0, 90 %, 80 %, 3573 MiB, 49140 MiB, 279.91 W, 300.00 W, 72, 2265 MHz
2026/09/23 07:55:30.188, 0, 91 %, 77 %, 3573 MiB, 49140 MiB, 278.29 W, 300.00 W, 71, 2505 MHz
2026/09/23 07:55:31.188, 0, 88 %, 77 %, 3573 MiB, 49140 MiB, 278.09 W, 300.00 W, 71, 2400 MHz
2026/09/23 07:55:32.190, 0, 89 %, 76 %, 3573 MiB, 49140 MiB, 278.07 W, 300.00 W, 72, 2355 MHz
2026/09/23 07:55:33.191, 0, 94 %, 81 %, 3573 MiB, 49140 MiB, 279.79 W, 300.00 W, 71, 2370 MHz
2026/09/23 07:55:34.192, 0, 91 %, 78 %, 3573 MiB, 49140 MiB, 279.16 W, 300.00 W, 71, 2370 MHz
2026/09/23 07:55:35.192, 0, 91 %, 78 %, 3573 MiB, 49140 MiB, 281.07 W, 300.00 W, 72, 2310 MHz
2026/09/23 07:55:36.193, 0, 0 %, 0 %, 3573 MiB, 49140 MiB, 235.99 W, 300.00 W, 67, 2745 MHz
2026/09/23 07:55:37.194, 0, 89 %, 78 %, 3573 MiB, 49140 MiB, 160.12 W, 300.00 W, 70, 2505 MHz
2026/09/23 07:55:38.194, 0, 87 %, 76 %, 3573 MiB, 49140 MiB, 276.25 W, 300.00 W, 72, 2400 MHz
2026/09/23 07:55:39.196, 0, 90 %, 80 %, 3573 MiB, 49140 MiB, 275.86 W, 300.00 W, 72, 2370 MHz
2026/09/23 07:55:40.197, 0, 93 %, 81 %, 3573 MiB, 49140 MiB, 278.63 W, 300.00 W, 72, 2325 MHz
2026/09/23 07:55:41.197, 0, 91 %, 77 %, 3573 MiB, 49140 MiB, 279.42 W, 300.00 W, 72, 2205 MHz
2026/09/23 07:55:42.198, 0, 93 %, 83 %, 3573 MiB, 49140 MiB, 281.06 W, 300.00 W, 72, 2250 MHz
2026/09/23 07:55:43.199, 0, 92 %, 79 %, 3573 MiB, 49140 MiB, 278.91 W, 300.00 W, 72, 2340 MHz
2026/09/23 07:55:44.200, 0, 95 %, 81 %, 3573 MiB, 49140 MiB, 280.68 W, 300.00 W, 71, 2355 MHz
2026/09/23 07:55:45.204, 0, 87 %, 76 %, 3573 MiB, 49140 MiB, 279.30 W, 300.00 W, 71, 2355 MHz
2026/09/23 07:55:46.205, 0, 92 %, 80 %, 3573 MiB, 49140 MiB, 279.13 W, 300.00 W, 72, 2415 MHz
2026/09/23 07:55:47.206, 0, 93 %, 78 %, 3573 MiB, 49140 MiB, 280.06 W, 300.00 W, 71, 2370 MHz
2026/09/23 07:55:48.206, 0, 89 %, 77 %, 3573 MiB, 49140 MiB, 279.79 W, 300.00 W, 72, 2400 MHz
2026/09/23 07:55:49.207, 0, 0 %, 0 %, 3573 MiB, 49140 MiB, 204.05 W, 300.00 W, 66, 2745 MHz
2026/09/23 07:55:50.208, 0, 87 %, 77 %, 3573 MiB, 49140 MiB, 182.41 W, 300.00 W, 73, 2340 MHz
2026/09/23 07:55:51.209, 0, 90 %, 78 %, 3573 MiB, 49140 MiB, 279.93 W, 300.00 W, 72, 2490 MHz
2026/09/23 07:55:52.211, 0, 92 %, 79 %, 3573 MiB, 49140 MiB, 278.42 W, 300.00 W, 71, 2355 MHz
2026/09/23 07:55:53.211, 0, 85 %, 75 %, 3573 MiB, 49140 MiB, 275.93 W, 300.00 W, 71, 2400 MHz
2026/09/23 07:55:54.212, 0, 90 %, 78 %, 3573 MiB, 49140 MiB, 279.47 W, 300.00 W, 72, 2400 MHz
2026/09/23 07:55:55.213, 0, 91 %, 81 %, 3573 MiB, 49140 MiB, 278.96 W, 300.00 W, 73, 2325 MHz
2026/09/23 07:55:56.214, 0, 91 %, 80 %, 3573 MiB, 49140 MiB, 281.20 W, 300.00 W, 73, 2370 MHz
2026/09/23 07:55:57.215, 0, 93 %, 80 %, 3573 MiB, 49140 MiB, 280.03 W, 300.00 W, 72, 2340 MHz
2026/09/23 07:55:58.215, 0, 91 %, 80 %, 3573 MiB, 49140 MiB, 280.75 W, 300.00 W, 72, 2310 MHz
2026/09/23 07:55:59.217, 0, 90 %, 80 %, 3573 MiB, 49140 MiB, 277.56 W, 300.00 W, 72, 2130 MHz
2026/09/23 07:56:00.218, 0, 94 %, 83 %, 3573 MiB, 49140 MiB, 281.21 W, 300.00 W, 72, 2130 MHz
2026/09/23 07:56:01.219, 0, 67 %, 48 %, 3573 MiB, 49140 MiB, 274.10 W, 300.00 W, 73, 2505 MHz
2026/09/23 07:56:02.220, 0, 0 %, 0 %, 3573 MiB, 49140 MiB, 185.28 W, 300.00 W, 66, 2745 MHz
2026/09/23 07:56:03.221, 0, 85 %, 75 %, 3573 MiB, 49140 MiB, 199.66 W, 300.00 W, 72, 2370 MHz
2026/09/23 07:56:04.221, 0, 90 %, 77 %, 3573 MiB, 49140 MiB, 277.69 W, 300.00 W, 71, 2310 MHz
2026/09/23 07:56:05.222, 0, 88 %, 76 %, 3573 MiB, 49140 MiB, 279.13 W, 300.00 W, 72, 2565 MHz
2026/09/23 07:56:06.223, 0, 91 %, 79 %, 3573 MiB, 49140 MiB, 279.52 W, 300.00 W, 72, 2430 MHz
2026/09/23 07:56:07.225, 0, 92 %, 78 %, 3573 MiB, 49140 MiB, 278.74 W, 300.00 W, 71, 2385 MHz
2026/09/23 07:56:08.226, 0, 92 %, 82 %, 3573 MiB, 49140 MiB, 279.26 W, 300.00 W, 71, 2280 MHz
2026/09/23 07:56:09.227, 0, 92 %, 81 %, 3573 MiB, 49140 MiB, 280.00 W, 300.00 W, 72, 2355 MHz
2026/09/23 07:56:10.228, 0, 90 %, 77 %, 3573 MiB, 49140 MiB, 280.18 W, 300.00 W, 71, 2445 MHz
2026/09/23 07:56:11.231, 0, 92 %, 78 %, 3573 MiB, 49140 MiB, 277.15 W, 300.00 W, 72, 2325 MHz
2026/09/23 07:56:12.231, 0, 93 %, 80 %, 3573 MiB, 49140 MiB, 280.87 W, 300.00 W, 71, 2445 MHz
2026/09/23 07:56:13.233, 0, 88 %, 78 %, 3573 MiB, 49140 MiB, 278.58 W, 300.00 W, 71, 2325 MHz
2026/09/23 07:56:14.233, 0, 63 %, 41 %, 3573 MiB, 49140 MiB, 276.90 W, 300.00 W, 72, 2550 MHz
2026/09/23 07:56:15.234, 0, 0 %, 0 %, 3573 MiB, 49140 MiB, 175.71 W, 300.00 W, 66, 2745 MHz
2026/09/23 07:56:16.236, 0, 86 %, 74 %, 3573 MiB, 49140 MiB, 207.64 W, 300.00 W, 71, 2520 MHz
2026/09/23 07:56:17.236, 0, 79 %, 69 %, 3573 MiB, 49140 MiB, 277.81 W, 300.00 W, 71, 2535 MHz
2026/09/23 07:56:18.237, 0, 89 %, 77 %, 3573 MiB, 49140 MiB, 276.53 W, 300.00 W, 72, 2130 MHz
2026/09/23 07:56:19.239, 0, 92 %, 81 %, 3573 MiB, 49140 MiB, 278.17 W, 300.00 W, 71, 2370 MHz
2026/09/23 07:56:20.239, 0, 89 %, 76 %, 3573 MiB, 49140 MiB, 279.45 W, 300.00 W, 71, 2415 MHz
2026/09/23 07:56:21.240, 0, 90 %, 77 %, 3573 MiB, 49140 MiB, 278.22 W, 300.00 W, 72, 2430 MHz
2026/09/23 07:56:22.241, 0, 88 %, 76 %, 3573 MiB, 49140 MiB, 278.08 W, 300.00 W, 72, 2385 MHz
2026/09/23 07:56:23.241, 0, 87 %, 75 %, 3573 MiB, 49140 MiB, 277.55 W, 300.00 W, 72, 2490 MHz
2026/09/23 07:56:24.242, 0, 95 %, 82 %, 3573 MiB, 49140 MiB, 279.89 W, 300.00 W, 72, 2430 MHz
2026/09/23 07:56:25.243, 0, 87 %, 76 %, 3573 MiB, 49140 MiB, 279.26 W, 300.00 W, 71, 2460 MHz
2026/09/23 07:56:26.244, 0, 90 %, 77 %, 3573 MiB, 49140 MiB, 278.93 W, 300.00 W, 72, 2505 MHz
2026/09/23 07:56:27.246, 0, 53 %, 35 %, 3573 MiB, 49140 MiB, 273.20 W, 300.00 W, 71, 2610 MHz
2026/09/23 07:56:28.246, 0, 0 %, 0 %, 3573 MiB, 49140 MiB, 171.50 W, 300.00 W, 66, 2745 MHz
2026/09/23 07:56:29.247, 0, 0 %, 0 %, 3573 MiB, 49140 MiB, 85.16 W, 300.00 W, 65, 2745 MHz
2026/09/23 07:56:30.248, 0, 92 %, 79 %, 3573 MiB, 49140 MiB, 212.99 W, 300.00 W, 70, 2355 MHz
2026/09/23 07:56:31.248, 0, 93 %, 81 %, 3573 MiB, 49140 MiB, 279.34 W, 300.00 W, 70, 2160 MHz
2026/09/23 07:56:32.249, 0, 87 %, 77 %, 3573 MiB, 49140 MiB, 281.53 W, 300.00 W, 71, 2280 MHz
2026/09/23 07:56:33.250, 0, 90 %, 78 %, 3573 MiB, 49140 MiB, 279.31 W, 300.00 W, 72, 2430 MHz
2026/09/23 07:56:34.251, 0, 87 %, 76 %, 3573 MiB, 49140 MiB, 278.11 W, 300.00 W, 72, 2385 MHz
2026/09/23 07:56:35.252, 0, 88 %, 76 %, 3573 MiB, 49140 MiB, 277.90 W, 300.00 W, 71, 2460 MHz
2026/09/23 07:56:36.253, 0, 93 %, 80 %, 3573 MiB, 49140 MiB, 278.63 W, 300.00 W, 71, 2460 MHz
2026/09/23 07:56:37.254, 0, 95 %, 80 %, 3573 MiB, 49140 MiB, 279.78 W, 300.00 W, 71, 2340 MHz
2026/09/23 07:56:38.255, 0, 93 %, 81 %, 3573 MiB, 49140 MiB, 279.66 W, 300.00 W, 72, 2340 MHz
2026/09/23 07:56:39.255, 0, 93 %, 81 %, 3573 MiB, 49140 MiB, 278.36 W, 300.00 W, 71, 2415 MHz
2026/09/23 07:56:40.256, 0, 91 %, 80 %, 3573 MiB, 49140 MiB, 280.09 W, 300.00 W, 71, 2355 MHz
2026/09/23 07:56:41.256, 0, 65 %, 42 %, 3573 MiB, 49140 MiB, 270.74 W, 300.00 W, 72, 2550 MHz
2026/09/23 07:56:42.257, 0, 0 %, 0 %, 3573 MiB, 49140 MiB, 117.54 W, 300.00 W, 66, 2745 MHz
2026/09/23 07:56:43.257, 0, 90 %, 77 %, 3573 MiB, 49140 MiB, 134.38 W, 300.00 W, 69, 2415 MHz
2026/09/23 07:56:44.258, 0, 90 %, 77 %, 3573 MiB, 49140 MiB, 278.41 W, 300.00 W, 70, 2250 MHz
2026/09/23 07:56:45.259, 0, 86 %, 76 %, 3573 MiB, 49140 MiB, 278.57 W, 300.00 W, 72, 2385 MHz
2026/09/23 07:56:46.259, 0, 93 %, 80 %, 3573 MiB, 49140 MiB, 278.48 W, 300.00 W, 71, 2355 MHz
2026/09/23 07:56:47.260, 0, 93 %, 83 %, 3573 MiB, 49140 MiB, 282.60 W, 300.00 W, 72, 2160 MHz
2026/09/23 07:56:48.261, 0, 86 %, 76 %, 3573 MiB, 49140 MiB, 279.39 W, 300.00 W, 72, 2370 MHz
2026/09/23 07:56:49.263, 0, 91 %, 76 %, 3573 MiB, 49140 MiB, 280.01 W, 300.00 W, 71, 2445 MHz
2026/09/23 07:56:50.263, 0, 89 %, 78 %, 3573 MiB, 49140 MiB, 278.76 W, 300.00 W, 72, 2430 MHz
2026/09/23 07:56:51.264, 0, 91 %, 80 %, 3573 MiB, 49140 MiB, 278.17 W, 300.00 W, 72, 2130 MHz
2026/09/23 07:56:52.265, 0, 92 %, 82 %, 3573 MiB, 49140 MiB, 279.04 W, 300.00 W, 73, 2220 MHz
2026/09/23 07:56:53.266, 0, 93 %, 83 %, 3573 MiB, 49140 MiB, 280.46 W, 300.00 W, 72, 2115 MHz
2026/09/23 07:56:54.268, 0, 87 %, 76 %, 3573 MiB, 49140 MiB, 278.78 W, 300.00 W, 73, 2370 MHz
2026/09/23 07:56:55.268, 0, 9 %, 0 %, 3573 MiB, 49140 MiB, 211.03 W, 300.00 W, 66, 2745 MHz
2026/09/23 07:56:56.269, 0, 0 %, 0 %, 3573 MiB, 49140 MiB, 85.57 W, 300.00 W, 65, 2745 MHz
2026/09/23 07:56:57.269, 0, 93 %, 79 %, 3573 MiB, 49140 MiB, 186.34 W, 300.00 W, 69, 2430 MHz
2026/09/23 07:56:58.270, 0, 88 %, 77 %, 3573 MiB, 49140 MiB, 277.75 W, 300.00 W, 71, 2205 MHz
2026/09/23 07:56:59.271, 0, 91 %, 79 %, 3573 MiB, 49140 MiB, 278.23 W, 300.00 W, 72, 2370 MHz
2026/09/23 07:57:00.271, 0, 92 %, 78 %, 3573 MiB, 49140 MiB, 275.58 W, 300.00 W, 70, 2205 MHz
2026/09/23 07:57:01.272, 0, 89 %, 78 %, 3573 MiB, 49140 MiB, 277.08 W, 300.00 W, 71, 2475 MHz
2026/09/23 07:57:02.273, 0, 89 %, 78 %, 3573 MiB, 49140 MiB, 281.02 W, 300.00 W, 71, 2460 MHz
2026/09/23 07:57:03.274, 0, 93 %, 82 %, 3573 MiB, 49140 MiB, 278.92 W, 300.00 W, 70, 2310 MHz
2026/09/23 07:57:04.275, 0, 88 %, 76 %, 3573 MiB, 49140 MiB, 276.31 W, 300.00 W, 70, 2400 MHz
2026/09/23 07:57:05.276, 0, 89 %, 77 %, 3573 MiB, 49140 MiB, 279.26 W, 300.00 W, 72, 2355 MHz
2026/09/23 07:57:06.277, 0, 88 %, 78 %, 3573 MiB, 49140 MiB, 279.45 W, 300.00 W, 71, 2490 MHz
2026/09/23 07:57:07.278, 0, 90 %, 79 %, 3573 MiB, 49140 MiB, 280.52 W, 300.00 W, 71, 2445 MHz
2026/09/23 07:57:08.279, 0, 62 %, 39 %, 3573 MiB, 49140 MiB, 274.00 W, 300.00 W, 71, 2610 MHz
2026/09/23 07:57:09.280, 0, 0 %, 0 %, 3573 MiB, 49140 MiB, 182.98 W, 300.00 W, 66, 2745 MHz
2026/09/23 07:57:10.281, 0, 85 %, 73 %, 3573 MiB, 49140 MiB, 199.43 W, 300.00 W, 70, 2310 MHz
2026/09/23 07:57:11.282, 0, 91 %, 80 %, 3573 MiB, 49140 MiB, 277.72 W, 300.00 W, 70, 2430 MHz
2026/09/23 07:57:12.283, 0, 92 %, 80 %, 3573 MiB, 49140 MiB, 277.64 W, 300.00 W, 71, 2160 MHz
2026/09/23 07:57:13.284, 0, 89 %, 77 %, 3573 MiB, 49140 MiB, 278.75 W, 300.00 W, 70, 2340 MHz
2026/09/23 07:57:14.285, 0, 91 %, 81 %, 3573 MiB, 49140 MiB, 279.09 W, 300.00 W, 70, 2415 MHz
2026/09/23 07:57:15.286, 0, 92 %, 81 %, 3573 MiB, 49140 MiB, 280.26 W, 300.00 W, 71, 2295 MHz
2026/09/23 07:57:16.286, 0, 89 %, 77 %, 3573 MiB, 49140 MiB, 277.12 W, 300.00 W, 71, 2445 MHz
2026/09/23 07:57:17.287, 0, 92 %, 81 %, 3573 MiB, 49140 MiB, 279.10 W, 300.00 W, 71, 2445 MHz
2026/09/23 07:57:18.288, 0, 92 %, 80 %, 3573 MiB, 49140 MiB, 279.02 W, 300.00 W, 70, 2490 MHz
2026/09/23 07:57:19.288, 0, 88 %, 76 %, 3573 MiB, 49140 MiB, 279.03 W, 300.00 W, 71, 2355 MHz
2026/09/23 07:57:20.289, 0, 91 %, 80 %, 3573 MiB, 49140 MiB, 278.99 W, 300.00 W, 71, 2400 MHz
2026/09/23 07:57:21.290, 0, 75 %, 47 %, 3573 MiB, 49140 MiB, 276.54 W, 300.00 W, 71, 2430 MHz
2026/09/23 07:57:22.290, 0, 0 %, 0 %, 3573 MiB, 49140 MiB, 177.36 W, 300.00 W, 66, 2745 MHz
2026/09/23 07:57:23.292, 0, 90 %, 79 %, 3573 MiB, 49140 MiB, 204.76 W, 300.00 W, 70, 2490 MHz
2026/09/23 07:57:24.293, 0, 93 %, 79 %, 3573 MiB, 49140 MiB, 280.02 W, 300.00 W, 71, 2430 MHz
2026/09/23 07:57:25.294, 0, 91 %, 78 %, 3573 MiB, 49140 MiB, 278.15 W, 300.00 W, 73, 2175 MHz
2026/09/23 07:57:26.294, 0, 91 %, 79 %, 3573 MiB, 49140 MiB, 279.37 W, 300.00 W, 72, 2370 MHz
2026/09/23 07:57:27.295, 0, 89 %, 78 %, 3573 MiB, 49140 MiB, 278.83 W, 300.00 W, 72, 2400 MHz
2026/09/23 07:57:28.296, 0, 90 %, 79 %, 3573 MiB, 49140 MiB, 279.14 W, 300.00 W, 72, 2265 MHz
2026/09/23 07:57:29.297, 0, 92 %, 78 %, 3573 MiB, 49140 MiB, 278.08 W, 300.00 W, 71, 2130 MHz
2026/09/23 07:57:30.298, 0, 94 %, 80 %, 3573 MiB, 49140 MiB, 278.95 W, 300.00 W, 71, 2070 MHz
2026/09/23 07:57:31.298, 0, 90 %, 78 %, 3573 MiB, 49140 MiB, 279.66 W, 300.00 W, 72, 2445 MHz
2026/09/23 07:57:32.299, 0, 90 %, 79 %, 3573 MiB, 49140 MiB, 280.09 W, 300.00 W, 71, 2370 MHz
2026/09/23 07:57:33.300, 0, 87 %, 75 %, 3573 MiB, 49140 MiB, 277.71 W, 300.00 W, 71, 2310 MHz
2026/09/23 07:57:34.303, 0, 71 %, 46 %, 3573 MiB, 49140 MiB, 276.19 W, 300.00 W, 72, 2430 MHz
2026/09/23 07:57:35.303, 0, 0 %, 0 %, 3573 MiB, 49140 MiB, 166.35 W, 300.00 W, 66, 2745 MHz
2026/09/23 07:57:36.304, 0, 91 %, 80 %, 3573 MiB, 49140 MiB, 220.69 W, 300.00 W, 70, 2130 MHz
2026/09/23 07:57:37.305, 0, 87 %, 76 %, 3573 MiB, 49140 MiB, 277.37 W, 300.00 W, 70, 2505 MHz
2026/09/23 07:57:38.306, 0, 86 %, 75 %, 3573 MiB, 49140 MiB, 279.71 W, 300.00 W, 71, 2370 MHz
2026/09/23 07:57:39.307, 0, 91 %, 77 %, 3573 MiB, 49140 MiB, 278.40 W, 300.00 W, 71, 2370 MHz
2026/09/23 07:57:40.308, 0, 92 %, 78 %, 3573 MiB, 49140 MiB, 279.23 W, 300.00 W, 72, 2385 MHz
2026/09/23 07:57:41.308, 0, 94 %, 82 %, 3573 MiB, 49140 MiB, 276.07 W, 300.00 W, 71, 2235 MHz
2026/09/23 07:57:42.309, 0, 89 %, 76 %, 3573 MiB, 49140 MiB, 278.08 W, 300.00 W, 72, 2355 MHz
2026/09/23 07:57:43.310, 0, 92 %, 79 %, 3573 MiB, 49140 MiB, 279.52 W, 300.00 W, 71, 2220 MHz
2026/09/23 07:57:44.311, 0, 86 %, 75 %, 3573 MiB, 49140 MiB, 278.29 W, 300.00 W, 71, 2445 MHz
2026/09/23 07:57:45.311, 0, 88 %, 77 %, 3573 MiB, 49140 MiB, 278.16 W, 300.00 W, 73, 2475 MHz
2026/09/23 07:57:46.312, 0, 88 %, 77 %, 3573 MiB, 49140 MiB, 278.55 W, 300.00 W, 73, 2460 MHz
2026/09/23 07:57:47.313, 0, 64 %, 41 %, 3573 MiB, 49140 MiB, 273.80 W, 300.00 W, 72, 2535 MHz
2026/09/23 07:57:48.314, 0, 0 %, 0 %, 3573 MiB, 49140 MiB, 152.88 W, 300.00 W, 66, 2745 MHz
2026/09/23 07:57:49.314, 0, 83 %, 72 %, 3573 MiB, 49140 MiB, 238.08 W, 300.00 W, 71, 2400 MHz
2026/09/23 07:57:50.316, 0, 90 %, 78 %, 3573 MiB, 49140 MiB, 277.53 W, 300.00 W, 70, 2415 MHz
2026/09/23 07:57:51.317, 0, 92 %, 80 %, 3573 MiB, 49140 MiB, 279.25 W, 300.00 W, 70, 2400 MHz
2026/09/23 07:57:52.317, 0, 94 %, 83 %, 3573 MiB, 49140 MiB, 281.69 W, 300.00 W, 71, 2235 MHz
2026/09/23 07:57:53.319, 0, 91 %, 78 %, 3573 MiB, 49140 MiB, 280.81 W, 300.00 W, 73, 2460 MHz
2026/09/23 07:57:54.320, 0, 85 %, 74 %, 3573 MiB, 49140 MiB, 279.55 W, 300.00 W, 71, 2220 MHz
2026/09/23 07:57:55.320, 0, 93 %, 80 %, 3573 MiB, 49140 MiB, 278.47 W, 300.00 W, 72, 2175 MHz
2026/09/23 07:57:56.321, 0, 88 %, 77 %, 3573 MiB, 49140 MiB, 277.74 W, 300.00 W, 71, 2460 MHz
2026/09/23 07:57:57.322, 0, 86 %, 75 %, 3573 MiB, 49140 MiB, 279.02 W, 300.00 W, 72, 2430 MHz
2026/09/23 07:57:58.322, 0, 86 %, 74 %, 3573 MiB, 49140 MiB, 278.25 W, 300.00 W, 73, 2475 MHz
2026/09/23 07:57:59.324, 0, 87 %, 76 %, 3573 MiB, 49140 MiB, 276.76 W, 300.00 W, 71, 2475 MHz
2026/09/23 07:58:00.324, 0, 69 %, 44 %, 3573 MiB, 49140 MiB, 271.67 W, 300.00 W, 71, 2610 MHz
2026/09/23 07:58:01.325, 0, 0 %, 0 %, 3573 MiB, 49140 MiB, 134.60 W, 300.00 W, 66, 2745 MHz
2026/09/23 07:58:02.326, 0, 88 %, 76 %, 3573 MiB, 49140 MiB, 257.01 W, 300.00 W, 72, 2460 MHz
2026/09/23 07:58:03.327, 0, 89 %, 78 %, 3573 MiB, 49140 MiB, 278.98 W, 300.00 W, 71, 2370 MHz
2026/09/23 07:58:04.327, 0, 88 %, 77 %, 3573 MiB, 49140 MiB, 276.39 W, 300.00 W, 70, 2490 MHz
2026/09/23 07:58:05.328, 0, 92 %, 80 %, 3573 MiB, 49140 MiB, 279.11 W, 300.00 W, 71, 2400 MHz
2026/09/23 07:58:06.329, 0, 93 %, 81 %, 3573 MiB, 49140 MiB, 281.77 W, 300.00 W, 70, 2295 MHz
2026/09/23 07:58:07.330, 0, 91 %, 79 %, 3573 MiB, 49140 MiB, 279.73 W, 300.00 W, 71, 2355 MHz
2026/09/23 07:58:08.330, 0, 90 %, 78 %, 3573 MiB, 49140 MiB, 278.67 W, 300.00 W, 72, 2370 MHz
2026/09/23 07:58:09.332, 0, 91 %, 79 %, 3573 MiB, 49140 MiB, 276.82 W, 300.00 W, 71, 2340 MHz
2026/09/23 07:58:10.333, 0, 88 %, 77 %, 3573 MiB, 49140 MiB, 279.46 W, 300.00 W, 72, 2460 MHz
2026/09/23 07:58:11.333, 0, 89 %, 77 %, 3573 MiB, 49140 MiB, 278.73 W, 300.00 W, 73, 2445 MHz
2026/09/23 07:58:12.334, 0, 91 %, 77 %, 3573 MiB, 49140 MiB, 278.74 W, 300.00 W, 72, 2160 MHz
2026/09/23 07:58:13.335, 0, 59 %, 38 %, 3573 MiB, 49140 MiB, 271.84 W, 300.00 W, 72, 2670 MHz
2026/09/23 07:58:14.335, 0, 46 %, 40 %, 3573 MiB, 49140 MiB, 132.01 W, 300.00 W, 66, 2535 MHz
2026/09/23 07:58:15.337, 0, 92 %, 80 %, 3573 MiB, 49140 MiB, 273.74 W, 300.00 W, 71, 2340 MHz
2026/09/23 07:58:16.338, 0, 89 %, 78 %, 3573 MiB, 49140 MiB, 280.65 W, 300.00 W, 72, 2265 MHz
2026/09/23 07:58:17.340, 0, 88 %, 76 %, 3573 MiB, 49140 MiB, 282.31 W, 300.00 W, 71, 2430 MHz
2026/09/23 07:58:18.340, 0, 89 %, 78 %, 3573 MiB, 49140 MiB, 280.79 W, 300.00 W, 70, 2370 MHz
2026/09/23 07:58:19.341, 0, 89 %, 76 %, 3573 MiB, 49140 MiB, 282.24 W, 300.00 W, 71, 2400 MHz
2026/09/23 07:58:20.341, 0, 89 %, 78 %, 3573 MiB, 49140 MiB, 281.50 W, 300.00 W, 72, 2430 MHz
2026/09/23 07:58:21.342, 0, 88 %, 77 %, 3573 MiB, 49140 MiB, 282.39 W, 300.00 W, 71, 2385 MHz
2026/09/23 07:58:22.343, 0, 85 %, 74 %, 3573 MiB, 49140 MiB, 279.67 W, 300.00 W, 73, 2490 MHz
2026/09/23 07:58:23.343, 0, 89 %, 77 %, 3573 MiB, 49140 MiB, 279.50 W, 300.00 W, 71, 2385 MHz
2026/09/23 07:58:24.344, 0, 92 %, 79 %, 3573 MiB, 49140 MiB, 282.01 W, 300.00 W, 72, 2250 MHz
2026/09/23 07:58:25.345, 0, 93 %, 79 %, 3573 MiB, 49140 MiB, 281.72 W, 300.00 W, 72, 2250 MHz
2026/09/23 07:58:26.346, 0, 67 %, 43 %, 3573 MiB, 49140 MiB, 274.00 W, 300.00 W, 72, 2535 MHz
2026/09/23 07:58:27.346, 0, 0 %, 0 %, 3573 MiB, 49140 MiB, 117.91 W, 300.00 W, 69, 2745 MHz
2026/09/23 07:58:28.348, 0, 89 %, 77 %, 3573 MiB, 49140 MiB, 255.45 W, 300.00 W, 70, 2280 MHz
2026/09/23 07:58:29.348, 0, 90 %, 79 %, 3573 MiB, 49140 MiB, 276.76 W, 300.00 W, 70, 2145 MHz
2026/09/23 07:58:30.350, 0, 89 %, 77 %, 3573 MiB, 49140 MiB, 277.71 W, 300.00 W, 73, 2475 MHz
2026/09/23 07:58:31.351, 0, 94 %, 82 %, 3573 MiB, 49140 MiB, 278.94 W, 300.00 W, 72, 2310 MHz
2026/09/23 07:58:32.353, 0, 91 %, 79 %, 3573 MiB, 49140 MiB, 278.52 W, 300.00 W, 72, 2355 MHz
2026/09/23 07:58:33.354, 0, 88 %, 77 %, 3573 MiB, 49140 MiB, 277.38 W, 300.00 W, 72, 2280 MHz
2026/09/23 07:58:34.355, 0, 93 %, 77 %, 3573 MiB, 49140 MiB, 280.46 W, 300.00 W, 72, 2400 MHz
2026/09/23 07:58:35.355, 0, 89 %, 75 %, 3573 MiB, 49140 MiB, 277.21 W, 300.00 W, 71, 2385 MHz
2026/09/23 07:58:36.356, 0, 88 %, 77 %, 3573 MiB, 49140 MiB, 276.76 W, 300.00 W, 72, 2415 MHz
2026/09/23 07:58:37.357, 0, 92 %, 79 %, 3573 MiB, 49140 MiB, 278.48 W, 300.00 W, 71, 2250 MHz
2026/09/23 07:58:38.358, 0, 88 %, 76 %, 3573 MiB, 49140 MiB, 277.60 W, 300.00 W, 71, 2355 MHz
2026/09/23 07:58:39.358, 0, 69 %, 44 %, 3573 MiB, 49140 MiB, 270.09 W, 300.00 W, 73, 2565 MHz
2026/09/23 07:58:40.359, 0, 71 %, 60 %, 3573 MiB, 49140 MiB, 128.87 W, 300.00 W, 69, 2400 MHz
2026/09/23 07:58:41.361, 0, 87 %, 75 %, 3573 MiB, 49140 MiB, 273.24 W, 300.00 W, 70, 2475 MHz
2026/09/23 07:58:42.361, 0, 88 %, 75 %, 3573 MiB, 49140 MiB, 274.85 W, 300.00 W, 71, 2460 MHz
2026/09/23 07:58:43.362, 0, 92 %, 79 %, 3573 MiB, 49140 MiB, 275.48 W, 300.00 W, 70, 2310 MHz
2026/09/23 07:58:44.363, 0, 89 %, 76 %, 3573 MiB, 49140 MiB, 277.95 W, 300.00 W, 72, 2400 MHz
2026/09/23 07:58:45.364, 0, 88 %, 76 %, 3573 MiB, 49140 MiB, 278.82 W, 300.00 W, 71, 2445 MHz
2026/09/23 07:58:46.365, 0, 91 %, 80 %, 3573 MiB, 49140 MiB, 279.70 W, 300.00 W, 71, 2145 MHz
2026/09/23 07:58:47.366, 0, 89 %, 78 %, 3573 MiB, 49140 MiB, 280.30 W, 300.00 W, 71, 2355 MHz
2026/09/23 07:58:48.367, 0, 89 %, 78 %, 3573 MiB, 49140 MiB, 277.75 W, 300.00 W, 72, 2355 MHz
2026/09/23 07:58:49.368, 0, 84 %, 72 %, 3573 MiB, 49140 MiB, 277.18 W, 300.00 W, 72, 2415 MHz
2026/09/23 07:58:50.369, 0, 92 %, 79 %, 3573 MiB, 49140 MiB, 277.63 W, 300.00 W, 72, 2445 MHz
2026/09/23 07:58:51.369, 0, 84 %, 73 %, 3573 MiB, 49140 MiB, 280.35 W, 300.00 W, 73, 2415 MHz
2026/09/23 07:58:52.370, 0, 69 %, 44 %, 3573 MiB, 49140 MiB, 270.60 W, 300.00 W, 72, 2580 MHz
2026/09/23 07:58:53.370, 0, 0 %, 0 %, 3573 MiB, 49140 MiB, 112.39 W, 300.00 W, 66, 2745 MHz
2026/09/23 07:58:54.371, 0, 86 %, 74 %, 3573 MiB, 49140 MiB, 151.58 W, 300.00 W, 70, 2265 MHz
2026/09/23 07:58:55.372, 0, 84 %, 72 %, 3573 MiB, 49140 MiB, 274.21 W, 300.00 W, 71, 2370 MHz
2026/09/23 07:58:56.373, 0, 91 %, 78 %, 3573 MiB, 49140 MiB, 278.47 W, 300.00 W, 72, 2430 MHz
2026/09/23 07:58:57.373, 0, 92 %, 77 %, 3573 MiB, 49140 MiB, 278.17 W, 300.00 W, 71, 2430 MHz
2026/09/23 07:58:58.374, 0, 85 %, 74 %, 3573 MiB, 49140 MiB, 278.08 W, 300.00 W, 72, 2430 MHz
2026/09/23 07:58:59.375, 0, 90 %, 79 %, 3573 MiB, 49140 MiB, 279.19 W, 300.00 W, 72, 2295 MHz
2026/09/23 07:59:00.376, 0, 92 %, 77 %, 3573 MiB, 49140 MiB, 278.02 W, 300.00 W, 71, 2460 MHz
2026/09/23 07:59:01.377, 0, 94 %, 83 %, 3573 MiB, 49140 MiB, 278.04 W, 300.00 W, 70, 2160 MHz
2026/09/23 07:59:02.377, 0, 90 %, 78 %, 3573 MiB, 49140 MiB, 279.18 W, 300.00 W, 72, 2370 MHz
2026/09/23 07:59:03.378, 0, 92 %, 80 %, 3573 MiB, 49140 MiB, 278.83 W, 300.00 W, 72, 2175 MHz
2026/09/23 07:59:04.380, 0, 90 %, 79 %, 3573 MiB, 49140 MiB, 277.11 W, 300.00 W, 71, 2370 MHz
2026/09/23 07:59:05.380, 0, 91 %, 80 %, 3573 MiB, 49140 MiB, 279.54 W, 300.00 W, 73, 2160 MHz
2026/09/23 07:59:06.381, 0, 0 %, 0 %, 3573 MiB, 49140 MiB, 226.36 W, 300.00 W, 66, 2745 MHz
2026/09/23 07:59:07.381, 0, 90 %, 78 %, 3573 MiB, 49140 MiB, 159.24 W, 300.00 W, 72, 2190 MHz
2026/09/23 07:59:08.382, 0, 87 %, 75 %, 3573 MiB, 49140 MiB, 278.47 W, 300.00 W, 71, 2490 MHz
2026/09/23 07:59:09.383, 0, 88 %, 77 %, 3573 MiB, 49140 MiB, 278.76 W, 300.00 W, 72, 2130 MHz
2026/09/23 07:59:10.383, 0, 85 %, 74 %, 3573 MiB, 49140 MiB, 276.26 W, 300.00 W, 71, 2355 MHz
2026/09/23 07:59:11.384, 0, 93 %, 82 %, 3573 MiB, 49140 MiB, 278.42 W, 300.00 W, 72, 2265 MHz
2026/09/23 07:59:12.385, 0, 88 %, 75 %, 3573 MiB, 49140 MiB, 278.71 W, 300.00 W, 71, 2430 MHz
2026/09/23 07:59:13.386, 0, 85 %, 74 %, 3573 MiB, 49140 MiB, 275.09 W, 300.00 W, 72, 2295 MHz
2026/09/23 07:59:14.386, 0, 87 %, 76 %, 3573 MiB, 49140 MiB, 274.02 W, 300.00 W, 72, 2370 MHz
2026/09/23 07:59:15.387, 0, 88 %, 77 %, 3573 MiB, 49140 MiB, 273.81 W, 300.00 W, 72, 2430 MHz
2026/09/23 07:59:16.387, 0, 90 %, 79 %, 3573 MiB, 49140 MiB, 274.36 W, 300.00 W, 72, 2175 MHz
2026/09/23 07:59:17.388, 0, 92 %, 81 %, 3573 MiB, 49140 MiB, 276.47 W, 300.00 W, 73, 2145 MHz
2026/09/23 07:59:18.389, 0, 91 %, 79 %, 3573 MiB, 49140 MiB, 276.60 W, 300.00 W, 72, 2415 MHz
2026/09/23 07:59:19.389, 0, 0 %, 0 %, 3573 MiB, 49140 MiB, 230.18 W, 300.00 W, 67, 2745 MHz
2026/09/23 07:59:20.390, 0, 91 %, 77 %, 3573 MiB, 49140 MiB, 156.62 W, 300.00 W, 71, 2370 MHz
2026/09/23 07:59:21.391, 0, 89 %, 77 %, 3573 MiB, 49140 MiB, 283.04 W, 300.00 W, 72, 2475 MHz
2026/09/23 07:59:22.392, 0, 86 %, 75 %, 3573 MiB, 49140 MiB, 282.38 W, 300.00 W, 70, 2460 MHz
2026/09/23 07:59:23.393, 0, 79 %, 70 %, 3573 MiB, 49140 MiB, 280.35 W, 300.00 W, 72, 2355 MHz
2026/09/23 07:59:24.394, 0, 89 %, 78 %, 3573 MiB, 49140 MiB, 281.78 W, 300.00 W, 72, 2265 MHz
2026/09/23 07:59:25.394, 0, 91 %, 80 %, 3573 MiB, 49140 MiB, 279.40 W, 300.00 W, 72, 2370 MHz
2026/09/23 07:59:26.396, 0, 90 %, 76 %, 3573 MiB, 49140 MiB, 281.36 W, 300.00 W, 72, 2475 MHz
2026/09/23 07:59:27.397, 0, 91 %, 80 %, 3573 MiB, 49140 MiB, 281.18 W, 300.00 W, 72, 2160 MHz
2026/09/23 07:59:28.398, 0, 94 %, 79 %, 3573 MiB, 49140 MiB, 281.82 W, 300.00 W, 72, 2100 MHz
2026/09/23 07:59:29.398, 0, 92 %, 78 %, 3573 MiB, 49140 MiB, 280.83 W, 300.00 W, 72, 2460 MHz
2026/09/23 07:59:30.399, 0, 87 %, 75 %, 3573 MiB, 49140 MiB, 280.64 W, 300.00 W, 73, 2250 MHz
2026/09/23 07:59:31.400, 0, 86 %, 75 %, 3573 MiB, 49140 MiB, 280.12 W, 300.00 W, 72, 2190 MHz
2026/09/23 07:59:32.401, 0, 5 %, 0 %, 3573 MiB, 49140 MiB, 221.30 W, 300.00 W, 67, 2745 MHz
2026/09/23 07:59:33.401, 0, 0 %, 0 %, 3573 MiB, 49140 MiB, 86.01 W, 300.00 W, 66, 2745 MHz
2026/09/23 07:59:34.402, 0, 85 %, 74 %, 3573 MiB, 49140 MiB, 198.89 W, 300.00 W, 70, 2475 MHz
2026/09/23 07:59:35.403, 0, 92 %, 78 %, 3573 MiB, 49140 MiB, 275.29 W, 300.00 W, 71, 2205 MHz
2026/09/23 07:59:36.404, 0, 88 %, 75 %, 3573 MiB, 49140 MiB, 272.41 W, 300.00 W, 71, 2415 MHz
2026/09/23 07:59:37.405, 0, 87 %, 76 %, 3573 MiB, 49140 MiB, 276.69 W, 300.00 W, 72, 2385 MHz
2026/09/23 07:59:38.406, 0, 90 %, 79 %, 3573 MiB, 49140 MiB, 276.18 W, 300.00 W, 70, 2430 MHz
2026/09/23 07:59:39.406, 0, 90 %, 78 %, 3573 MiB, 49140 MiB, 279.11 W, 300.00 W, 71, 2445 MHz
2026/09/23 07:59:40.407, 0, 93 %, 80 %, 3573 MiB, 49140 MiB, 280.15 W, 300.00 W, 71, 2340 MHz
2026/09/23 07:59:41.407, 0, 87 %, 76 %, 3573 MiB, 49140 MiB, 277.02 W, 300.00 W, 71, 2355 MHz
2026/09/23 07:59:42.408, 0, 90 %, 78 %, 3573 MiB, 49140 MiB, 277.16 W, 300.00 W, 71, 2340 MHz
2026/09/23 07:59:43.409, 0, 92 %, 80 %, 3573 MiB, 49140 MiB, 278.34 W, 300.00 W, 70, 2280 MHz
2026/09/23 07:59:44.410, 0, 88 %, 75 %, 3573 MiB, 49140 MiB, 278.52 W, 300.00 W, 72, 2400 MHz
2026/09/23 07:59:45.410, 0, 76 %, 48 %, 3573 MiB, 49140 MiB, 277.99 W, 300.00 W, 71, 2595 MHz
2026/09/23 07:59:46.411, 0, 0 %, 0 %, 3573 MiB, 49140 MiB, 176.91 W, 300.00 W, 66, 2745 MHz
2026/09/23 07:59:47.412, 0, 90 %, 79 %, 3573 MiB, 49140 MiB, 216.84 W, 300.00 W, 72, 2220 MHz
2026/09/23 07:59:48.412, 0, 92 %, 79 %, 3573 MiB, 49140 MiB, 282.93 W, 300.00 W, 72, 2250 MHz
2026/09/23 07:59:49.413, 0, 87 %, 76 %, 3573 MiB, 49140 MiB, 281.90 W, 300.00 W, 72, 2145 MHz
2026/09/23 07:59:50.414, 0, 89 %, 77 %, 3573 MiB, 49140 MiB, 280.35 W, 300.00 W, 71, 2430 MHz
2026/09/23 07:59:51.414, 0, 91 %, 80 %, 3573 MiB, 49140 MiB, 280.79 W, 300.00 W, 73, 2115 MHz
2026/09/23 07:59:52.415, 0, 86 %, 75 %, 3573 MiB, 49140 MiB, 281.09 W, 300.00 W, 72, 2310 MHz
2026/09/23 07:59:53.416, 0, 91 %, 80 %, 3573 MiB, 49140 MiB, 282.06 W, 300.00 W, 72, 2490 MHz
2026/09/23 07:59:54.417, 0, 92 %, 80 %, 3573 MiB, 49140 MiB, 281.96 W, 300.00 W, 72, 2145 MHz
2026/09/23 07:59:55.418, 0, 93 %, 79 %, 3573 MiB, 49140 MiB, 283.54 W, 300.00 W, 71, 2430 MHz
2026/09/23 07:59:56.419, 0, 89 %, 78 %, 3573 MiB, 49140 MiB, 280.70 W, 300.00 W, 72, 2160 MHz
2026/09/23 07:59:57.420, 0, 92 %, 79 %, 3573 MiB, 49140 MiB, 282.33 W, 300.00 W, 71, 2370 MHz
2026/09/23 07:59:58.421, 0, 65 %, 42 %, 3573 MiB, 49140 MiB, 277.98 W, 300.00 W, 71, 2655 MHz
2026/09/23 07:59:59.421, 0, 0 %, 0 %, 3573 MiB, 49140 MiB, 154.47 W, 300.00 W, 66, 2745 MHz
2026/09/23 08:00:00.422, 0, 92 %, 81 %, 3573 MiB, 49140 MiB, 237.50 W, 300.00 W, 70, 2235 MHz
2026/09/23 08:00:01.422, 0, 85 %, 74 %, 3573 MiB, 49140 MiB, 284.66 W, 300.00 W, 70, 2460 MHz
2026/09/23 08:00:02.423, 0, 91 %, 78 %, 3573 MiB, 49140 MiB, 282.79 W, 300.00 W, 72, 2475 MHz
2026/09/23 08:00:03.424, 0, 92 %, 81 %, 3573 MiB, 49140 MiB, 283.49 W, 300.00 W, 72, 2205 MHz
2026/09/23 08:00:04.425, 0, 91 %, 80 %, 3573 MiB, 49140 MiB, 283.46 W, 300.00 W, 71, 2460 MHz
2026/09/23 08:00:05.426, 0, 91 %, 80 %, 3573 MiB, 49140 MiB, 284.26 W, 300.00 W, 73, 2310 MHz
2026/09/23 08:00:06.427, 0, 90 %, 78 %, 3573 MiB, 49140 MiB, 282.41 W, 300.00 W, 72, 2130 MHz
2026/09/23 08:00:07.428, 0, 87 %, 76 %, 3573 MiB, 49140 MiB, 282.86 W, 300.00 W, 72, 2445 MHz
2026/09/23 08:00:08.429, 0, 89 %, 76 %, 3573 MiB, 49140 MiB, 283.59 W, 300.00 W, 71, 2400 MHz
2026/09/23 08:00:09.430, 0, 91 %, 79 %, 3573 MiB, 49140 MiB, 282.39 W, 300.00 W, 72, 2460 MHz
2026/09/23 08:00:10.431, 0, 92 %, 79 %, 3573 MiB, 49140 MiB, 283.99 W, 300.00 W, 72, 2400 MHz
2026/09/23 08:00:11.432, 0, 61 %, 39 %, 3573 MiB, 49140 MiB, 232.77 W, 300.00 W, 67, 2745 MHz
2026/09/23 08:00:12.433, 0, 0 %, 0 %, 3573 MiB, 49140 MiB, 157.02 W, 300.00 W, 72, 2310 MHz
2026/09/23 08:00:13.434, 0, 94 %, 80 %, 3573 MiB, 49140 MiB, 280.16 W, 300.00 W, 70, 2400 MHz
2026/09/23 08:00:14.435, 0, 86 %, 74 %, 3573 MiB, 49140 MiB, 279.10 W, 300.00 W, 73, 2310 MHz
2026/09/23 08:00:15.436, 0, 91 %, 79 %, 3573 MiB, 49140 MiB, 280.83 W, 300.00 W, 72, 2415 MHz
2026/09/23 08:00:16.437, 0, 95 %, 82 %, 3573 MiB, 49140 MiB, 279.35 W, 300.00 W, 72, 2415 MHz
2026/09/23 08:00:17.437, 0, 92 %, 80 %, 3573 MiB, 49140 MiB, 279.84 W, 300.00 W, 73, 2355 MHz
2026/09/23 08:00:18.438, 0, 91 %, 80 %, 3573 MiB, 49140 MiB, 280.44 W, 300.00 W, 72, 2310 MHz
2026/09/23 08:00:19.439, 0, 86 %, 75 %, 3573 MiB, 49140 MiB, 277.61 W, 300.00 W, 72, 2145 MHz
2026/09/23 08:00:20.440, 0, 91 %, 80 %, 3573 MiB, 49140 MiB, 276.97 W, 300.00 W, 72, 2340 MHz
2026/09/23 08:00:21.441, 0, 92 %, 79 %, 3573 MiB, 49140 MiB, 277.89 W, 300.00 W, 73, 2280 MHz
2026/09/23 08:00:22.442, 0, 91 %, 80 %, 3573 MiB, 49140 MiB, 279.48 W, 300.00 W, 73, 2280 MHz
2026/09/23 08:00:23.443, 0, 94 %, 80 %, 3573 MiB, 49140 MiB, 278.91 W, 300.00 W, 72, 2610 MHz
2026/09/23 08:00:24.443, 0, 66 %, 42 %, 3573 MiB, 49140 MiB, 198.75 W, 300.00 W, 66, 2745 MHz
2026/09/23 08:00:25.444, 0, 76 %, 64 %, 3573 MiB, 49140 MiB, 188.63 W, 300.00 W, 71, 2430 MHz
2026/09/23 08:00:26.445, 0, 92 %, 80 %, 3573 MiB, 49140 MiB, 278.13 W, 300.00 W, 70, 2355 MHz
2026/09/23 08:00:27.446, 0, 91 %, 79 %, 3573 MiB, 49140 MiB, 277.91 W, 300.00 W, 71, 2490 MHz
2026/09/23 08:00:28.446, 0, 92 %, 80 %, 3573 MiB, 49140 MiB, 280.03 W, 300.00 W, 72, 2460 MHz
2026/09/23 08:00:29.447, 0, 92 %, 80 %, 3573 MiB, 49140 MiB, 279.58 W, 300.00 W, 73, 2310 MHz
2026/09/23 08:00:30.448, 0, 85 %, 74 %, 3573 MiB, 49140 MiB, 278.69 W, 300.00 W, 72, 2340 MHz
2026/09/23 08:00:31.449, 0, 94 %, 80 %, 3573 MiB, 49140 MiB, 278.94 W, 300.00 W, 72, 2160 MHz
2026/09/23 08:00:32.449, 0, 94 %, 81 %, 3573 MiB, 49140 MiB, 278.66 W, 300.00 W, 73, 2415 MHz
2026/09/23 08:00:33.450, 0, 92 %, 81 %, 3573 MiB, 49140 MiB, 278.99 W, 300.00 W, 73, 2310 MHz
2026/09/23 08:00:34.451, 0, 86 %, 75 %, 3573 MiB, 49140 MiB, 277.55 W, 300.00 W, 72, 2250 MHz
2026/09/23 08:00:35.453, 0, 89 %, 77 %, 3573 MiB, 49140 MiB, 279.65 W, 300.00 W, 71, 2400 MHz
2026/09/23 08:00:36.455, 0, 86 %, 75 %, 3573 MiB, 49140 MiB, 275.94 W, 300.00 W, 72, 2565 MHz
2026/09/23 08:00:37.456, 0, 57 %, 37 %, 3573 MiB, 49140 MiB, 187.70 W, 300.00 W, 66, 2745 MHz
2026/09/23 08:00:38.457, 0, 86 %, 75 %, 3573 MiB, 49140 MiB, 190.48 W, 300.00 W, 71, 2460 MHz
2026/09/23 08:00:39.457, 0, 95 %, 81 %, 3573 MiB, 49140 MiB, 279.98 W, 300.00 W, 71, 2340 MHz
2026/09/23 08:00:40.458, 0, 86 %, 75 %, 3573 MiB, 49140 MiB, 275.37 W, 300.00 W, 72, 2235 MHz
2026/09/23 08:00:41.461, 0, 86 %, 75 %, 3573 MiB, 49140 MiB, 279.08 W, 300.00 W, 71, 2385 MHz
2026/09/23 08:00:42.462, 0, 87 %, 75 %, 3573 MiB, 49140 MiB, 279.48 W, 300.00 W, 72, 2115 MHz
2026/09/23 08:00:43.463, 0, 89 %, 78 %, 3573 MiB, 49140 MiB, 278.71 W, 300.00 W, 71, 2535 MHz
2026/09/23 08:00:44.464, 0, 89 %, 78 %, 3573 MiB, 49140 MiB, 279.05 W, 300.00 W, 71, 2400 MHz
2026/09/23 08:00:45.465, 0, 89 %, 77 %, 3573 MiB, 49140 MiB, 278.90 W, 300.00 W, 73, 2100 MHz
2026/09/23 08:00:46.466, 0, 90 %, 78 %, 3573 MiB, 49140 MiB, 276.58 W, 300.00 W, 71, 2475 MHz
2026/09/23 08:00:47.466, 0, 86 %, 74 %, 3573 MiB, 49140 MiB, 278.50 W, 300.00 W, 71, 2370 MHz
2026/09/23 08:00:48.467, 0, 89 %, 76 %, 3573 MiB, 49140 MiB, 279.17 W, 300.00 W, 72, 2370 MHz
2026/09/23 08:00:49.468, 0, 88 %, 77 %, 3573 MiB, 49140 MiB, 276.61 W, 300.00 W, 72, 2490 MHz
2026/09/23 08:00:50.469, 0, 67 %, 44 %, 3573 MiB, 49140 MiB, 190.80 W, 300.00 W, 66, 2745 MHz
2026/09/23 08:00:51.470, 0, 85 %, 74 %, 3573 MiB, 49140 MiB, 191.51 W, 300.00 W, 73, 2370 MHz
2026/09/23 08:00:52.471, 0, 87 %, 75 %, 3573 MiB, 49140 MiB, 278.13 W, 300.00 W, 71, 2475 MHz
2026/09/23 08:00:53.472, 0, 90 %, 78 %, 3573 MiB, 49140 MiB, 279.07 W, 300.00 W, 72, 2205 MHz
2026/09/23 08:00:54.473, 0, 90 %, 78 %, 3573 MiB, 49140 MiB, 278.88 W, 300.00 W, 72, 2145 MHz
2026/09/23 08:00:55.474, 0, 89 %, 77 %, 3573 MiB, 49140 MiB, 279.25 W, 300.00 W, 71, 2505 MHz
2026/09/23 08:00:56.475, 0, 90 %, 78 %, 3573 MiB, 49140 MiB, 278.27 W, 300.00 W, 71, 2310 MHz
2026/09/23 08:00:57.476, 0, 92 %, 79 %, 3573 MiB, 49140 MiB, 279.63 W, 300.00 W, 70, 2325 MHz
2026/09/23 08:00:58.476, 0, 85 %, 74 %, 3573 MiB, 49140 MiB, 278.67 W, 300.00 W, 71, 2445 MHz
2026/09/23 08:00:59.478, 0, 92 %, 79 %, 3573 MiB, 49140 MiB, 278.60 W, 300.00 W, 73, 2085 MHz
2026/09/23 08:01:00.478, 0, 91 %, 79 %, 3573 MiB, 49140 MiB, 278.39 W, 300.00 W, 72, 2385 MHz
2026/09/23 08:01:01.479, 0, 92 %, 78 %, 3573 MiB, 49140 MiB, 278.69 W, 300.00 W, 72, 2325 MHz
2026/09/23 08:01:02.480, 0, 93 %, 81 %, 3573 MiB, 49140 MiB, 275.34 W, 300.00 W, 72, 2535 MHz
2026/09/23 08:01:03.481, 0, 50 %, 32 %, 3573 MiB, 49140 MiB, 164.94 W, 300.00 W, 66, 2745 MHz
2026/09/23 08:01:04.481, 0, 87 %, 76 %, 3573 MiB, 49140 MiB, 219.40 W, 300.00 W, 71, 2385 MHz
2026/09/23 08:01:05.482, 0, 92 %, 80 %, 3573 MiB, 49140 MiB, 275.18 W, 300.00 W, 71, 2520 MHz
2026/09/23 08:01:06.483, 0, 89 %, 78 %, 3573 MiB, 49140 MiB, 278.66 W, 300.00 W, 72, 2460 MHz
2026/09/23 08:01:07.484, 0, 92 %, 79 %, 3573 MiB, 49140 MiB, 278.23 W, 300.00 W, 72, 2235 MHz
2026/09/23 08:01:08.485, 0, 93 %, 82 %, 3573 MiB, 49140 MiB, 279.51 W, 300.00 W, 72, 2175 MHz
2026/09/23 08:01:09.485, 0, 92 %, 80 %, 3573 MiB, 49140 MiB, 278.67 W, 300.00 W, 73, 2340 MHz
2026/09/23 08:01:10.487, 0, 93 %, 81 %, 3573 MiB, 49140 MiB, 277.45 W, 300.00 W, 71, 2430 MHz
2026/09/23 08:01:11.488, 0, 93 %, 81 %, 3573 MiB, 49140 MiB, 281.27 W, 300.00 W, 72, 2385 MHz
2026/09/23 08:01:12.489, 0, 91 %, 79 %, 3573 MiB, 49140 MiB, 280.33 W, 300.00 W, 72, 2265 MHz
2026/09/23 08:01:13.490, 0, 90 %, 78 %, 3573 MiB, 49140 MiB, 279.13 W, 300.00 W, 72, 2280 MHz
2026/09/23 08:01:14.490, 0, 93 %, 79 %, 3573 MiB, 49140 MiB, 278.20 W, 300.00 W, 72, 2310 MHz
2026/09/23 08:01:15.492, 0, 88 %, 77 %, 3573 MiB, 49140 MiB, 274.65 W, 300.00 W, 73, 2520 MHz
2026/09/23 08:01:16.492, 0, 2 %, 2 %, 3573 MiB, 49140 MiB, 152.98 W, 300.00 W, 66, 2745 MHz
2026/09/23 08:01:17.493, 0, 91 %, 78 %, 3573 MiB, 49140 MiB, 238.12 W, 300.00 W, 72, 2280 MHz
2026/09/23 08:01:18.493, 0, 91 %, 78 %, 3573 MiB, 49140 MiB, 284.28 W, 300.00 W, 71, 2430 MHz
2026/09/23 08:01:19.494, 0, 91 %, 80 %, 3573 MiB, 49140 MiB, 284.77 W, 300.00 W, 72, 2190 MHz
2026/09/23 08:01:20.496, 0, 92 %, 81 %, 3573 MiB, 49140 MiB, 283.90 W, 300.00 W, 73, 2160 MHz
2026/09/23 08:01:21.497, 0, 90 %, 79 %, 3573 MiB, 49140 MiB, 281.89 W, 300.00 W, 72, 2295 MHz
2026/09/23 08:01:22.497, 0, 92 %, 80 %, 3573 MiB, 49140 MiB, 283.99 W, 300.00 W, 71, 2340 MHz
2026/09/23 08:01:23.498, 0, 95 %, 81 %, 3573 MiB, 49140 MiB, 282.95 W, 300.00 W, 71, 2490 MHz
2026/09/23 08:01:24.499, 0, 86 %, 75 %, 3573 MiB, 49140 MiB, 282.56 W, 300.00 W, 71, 2520 MHz
2026/09/23 08:01:25.499, 0, 91 %, 76 %, 3573 MiB, 49140 MiB, 284.07 W, 300.00 W, 72, 2295 MHz
2026/09/23 08:01:26.500, 0, 95 %, 81 %, 3573 MiB, 49140 MiB, 283.53 W, 300.00 W, 71, 2340 MHz
2026/09/23 08:01:27.502, 0, 91 %, 79 %, 3573 MiB, 49140 MiB, 282.37 W, 300.00 W, 72, 2475 MHz
2026/09/23 08:01:28.503, 0, 89 %, 76 %, 3573 MiB, 49140 MiB, 277.82 W, 300.00 W, 74, 2640 MHz
2026/09/23 08:01:29.503, 0, 0 %, 0 %, 3573 MiB, 49140 MiB, 145.73 W, 300.00 W, 66, 2745 MHz
2026/09/23 08:01:30.504, 0, 91 %, 77 %, 3573 MiB, 49140 MiB, 239.92 W, 300.00 W, 70, 2370 MHz
2026/09/23 08:01:31.505, 0, 88 %, 75 %, 3573 MiB, 49140 MiB, 275.76 W, 300.00 W, 71, 2505 MHz
2026/09/23 08:01:32.506, 0, 90 %, 77 %, 3573 MiB, 49140 MiB, 273.80 W, 300.00 W, 71, 2250 MHz
2026/09/23 08:01:33.507, 0, 94 %, 82 %, 3573 MiB, 49140 MiB, 280.08 W, 300.00 W, 71, 2415 MHz
2026/09/23 08:01:34.507, 0, 88 %, 78 %, 3573 MiB, 49140 MiB, 279.19 W, 300.00 W, 71, 2370 MHz
2026/09/23 08:01:35.508, 0, 95 %, 81 %, 3573 MiB, 49140 MiB, 280.54 W, 300.00 W, 72, 2310 MHz
2026/09/23 08:01:36.509, 0, 93 %, 81 %, 3573 MiB, 49140 MiB, 278.33 W, 300.00 W, 72, 2295 MHz
2026/09/23 08:01:37.510, 0, 86 %, 73 %, 3573 MiB, 49140 MiB, 278.93 W, 300.00 W, 73, 2385 MHz
2026/09/23 08:01:38.511, 0, 90 %, 77 %, 3573 MiB, 49140 MiB, 278.14 W, 300.00 W, 73, 2385 MHz
2026/09/23 08:01:39.511, 0, 93 %, 79 %, 3573 MiB, 49140 MiB, 278.01 W, 300.00 W, 72, 2070 MHz
2026/09/23 08:01:40.512, 0, 95 %, 80 %, 3573 MiB, 49140 MiB, 279.52 W, 300.00 W, 72, 2340 MHz
2026/09/23 08:01:41.513, 0, 88 %, 75 %, 3573 MiB, 49140 MiB, 272.20 W, 300.00 W, 73, 2520 MHz
2026/09/23 08:01:42.513, 0, 2 %, 0 %, 3573 MiB, 49140 MiB, 129.91 W, 300.00 W, 66, 2745 MHz
2026/09/23 08:01:43.514, 0, 0 %, 0 %, 3573 MiB, 49140 MiB, 140.72 W, 300.00 W, 70, 2190 MHz
2026/09/23 08:01:44.515, 0, 94 %, 80 %, 3573 MiB, 49140 MiB, 280.08 W, 300.00 W, 72, 2235 MHz
2026/09/23 08:01:45.516, 0, 92 %, 77 %, 3573 MiB, 49140 MiB, 280.99 W, 300.00 W, 71, 2205 MHz
2026/09/23 08:01:46.516, 0, 94 %, 81 %, 3573 MiB, 49140 MiB, 281.54 W, 300.00 W, 71, 2295 MHz
2026/09/23 08:01:47.518, 0, 92 %, 79 %, 3573 MiB, 49140 MiB, 279.23 W, 300.00 W, 72, 2415 MHz
2026/09/23 08:01:48.519, 0, 92 %, 79 %, 3573 MiB, 49140 MiB, 277.17 W, 300.00 W, 71, 2370 MHz
2026/09/23 08:01:49.520, 0, 93 %, 79 %, 3573 MiB, 49140 MiB, 278.38 W, 300.00 W, 70, 2370 MHz
2026/09/23 08:01:50.522, 0, 94 %, 80 %, 3573 MiB, 49140 MiB, 278.01 W, 300.00 W, 70, 2460 MHz
2026/09/23 08:01:51.523, 0, 96 %, 83 %, 3573 MiB, 49140 MiB, 278.13 W, 300.00 W, 72, 2460 MHz
2026/09/23 08:01:52.523, 0, 89 %, 76 %, 3573 MiB, 49140 MiB, 279.42 W, 300.00 W, 71, 2385 MHz
2026/09/23 08:01:53.524, 0, 90 %, 77 %, 3573 MiB, 49140 MiB, 275.85 W, 300.00 W, 73, 2325 MHz
2026/09/23 08:01:54.525, 0, 91 %, 78 %, 3573 MiB, 49140 MiB, 279.46 W, 300.00 W, 73, 2325 MHz
2026/09/23 08:01:55.526, 0, 61 %, 39 %, 3573 MiB, 49140 MiB, 221.73 W, 300.00 W, 67, 2745 MHz
2026/09/23 08:01:56.526, 0, 0 %, 0 %, 3573 MiB, 49140 MiB, 160.96 W, 300.00 W, 72, 2385 MHz
2026/09/23 08:01:57.529, 0, 89 %, 79 %, 3573 MiB, 49140 MiB, 281.93 W, 300.00 W, 72, 2400 MHz
2026/09/23 08:01:58.530, 0, 80 %, 70 %, 3573 MiB, 49140 MiB, 279.25 W, 300.00 W, 71, 2475 MHz
2026/09/23 08:01:59.531, 0, 88 %, 79 %, 3573 MiB, 49140 MiB, 280.57 W, 300.00 W, 72, 2190 MHz
2026/09/23 08:02:00.532, 0, 89 %, 79 %, 3573 MiB, 49140 MiB, 282.82 W, 300.00 W, 71, 2175 MHz
2026/09/23 08:02:01.533, 0, 94 %, 80 %, 3573 MiB, 49140 MiB, 283.81 W, 300.00 W, 72, 2280 MHz
2026/09/23 08:02:02.533, 0, 88 %, 77 %, 3573 MiB, 49140 MiB, 280.65 W, 300.00 W, 72, 2460 MHz
2026/09/23 08:02:03.534, 0, 87 %, 76 %, 3573 MiB, 49140 MiB, 279.97 W, 300.00 W, 72, 2355 MHz
2026/09/23 08:02:04.534, 0, 91 %, 79 %, 3573 MiB, 49140 MiB, 282.50 W, 300.00 W, 72, 2340 MHz
2026/09/23 08:02:05.536, 0, 90 %, 76 %, 3573 MiB, 49140 MiB, 282.89 W, 300.00 W, 71, 2460 MHz
2026/09/23 08:02:06.536, 0, 87 %, 76 %, 3573 MiB, 49140 MiB, 282.08 W, 300.00 W, 73, 2340 MHz
2026/09/23 08:02:07.537, 0, 92 %, 80 %, 3573 MiB, 49140 MiB, 282.81 W, 300.00 W, 71, 2355 MHz
2026/09/23 08:02:08.537, 0, 68 %, 44 %, 3573 MiB, 49140 MiB, 217.95 W, 300.00 W, 67, 2745 MHz
2026/09/23 08:02:09.538, 0, 0 %, 0 %, 3573 MiB, 49140 MiB, 165.89 W, 300.00 W, 70, 2160 MHz
2026/09/23 08:02:10.539, 0, 90 %, 79 %, 3573 MiB, 49140 MiB, 282.12 W, 300.00 W, 72, 2505 MHz
2026/09/23 08:02:11.540, 0, 88 %, 76 %, 3573 MiB, 49140 MiB, 280.68 W, 300.00 W, 72, 2340 MHz
2026/09/23 08:02:12.542, 0, 95 %, 84 %, 3573 MiB, 49140 MiB, 285.47 W, 300.00 W, 71, 2370 MHz
2026/09/23 08:02:13.543, 0, 88 %, 76 %, 3573 MiB, 49140 MiB, 281.49 W, 300.00 W, 72, 2370 MHz
2026/09/23 08:02:14.544, 0, 90 %, 78 %, 3573 MiB, 49140 MiB, 283.31 W, 300.00 W, 72, 2370 MHz
2026/09/23 08:02:15.545, 0, 90 %, 80 %, 3573 MiB, 49140 MiB, 283.53 W, 300.00 W, 72, 2370 MHz
2026/09/23 08:02:16.545, 0, 92 %, 78 %, 3573 MiB, 49140 MiB, 285.93 W, 300.00 W, 72, 2235 MHz
2026/09/23 08:02:17.546, 0, 92 %, 79 %, 3573 MiB, 49140 MiB, 285.36 W, 300.00 W, 72, 2130 MHz
2026/09/23 08:02:18.548, 0, 90 %, 76 %, 3573 MiB, 49140 MiB, 284.87 W, 300.00 W, 72, 2325 MHz
2026/09/23 08:02:19.549, 0, 93 %, 80 %, 3573 MiB, 49140 MiB, 285.09 W, 300.00 W, 72, 2355 MHz
2026/09/23 08:02:20.549, 0, 91 %, 81 %, 3573 MiB, 49140 MiB, 280.81 W, 300.00 W, 73, 2385 MHz
2026/09/23 08:02:21.550, 0, 74 %, 47 %, 3573 MiB, 49140 MiB, 205.76 W, 300.00 W, 67, 2745 MHz
2026/09/23 08:02:22.550, 0, 27 %, 22 %, 3573 MiB, 49140 MiB, 179.55 W, 300.00 W, 71, 2430 MHz
2026/09/23 08:02:23.552, 0, 93 %, 83 %, 3573 MiB, 49140 MiB, 282.92 W, 300.00 W, 70, 2355 MHz
2026/09/23 08:02:24.553, 0, 89 %, 78 %, 3573 MiB, 49140 MiB, 281.38 W, 300.00 W, 73, 2310 MHz
2026/09/23 08:02:25.553, 0, 89 %, 76 %, 3573 MiB, 49140 MiB, 280.93 W, 300.00 W, 72, 2325 MHz
2026/09/23 08:02:26.555, 0, 93 %, 80 %, 3573 MiB, 49140 MiB, 280.74 W, 300.00 W, 72, 2115 MHz
2026/09/23 08:02:27.556, 0, 88 %, 76 %, 3573 MiB, 49140 MiB, 281.79 W, 300.00 W, 72, 2430 MHz
2026/09/23 08:02:28.556, 0, 94 %, 80 %, 3573 MiB, 49140 MiB, 282.14 W, 300.00 W, 72, 2475 MHz
2026/09/23 08:02:29.557, 0, 88 %, 77 %, 3573 MiB, 49140 MiB, 280.60 W, 300.00 W, 73, 2430 MHz
2026/09/23 08:02:30.558, 0, 93 %, 80 %, 3573 MiB, 49140 MiB, 280.93 W, 300.00 W, 71, 2325 MHz
2026/09/23 08:02:31.560, 0, 93 %, 80 %, 3573 MiB, 49140 MiB, 282.66 W, 300.00 W, 72, 2340 MHz
2026/09/23 08:02:32.561, 0, 90 %, 77 %, 3573 MiB, 49140 MiB, 283.06 W, 300.00 W, 71, 2310 MHz
2026/09/23 08:02:33.561, 0, 88 %, 78 %, 3573 MiB, 49140 MiB, 280.51 W, 300.00 W, 71, 2505 MHz
2026/09/23 08:02:34.562, 0, 56 %, 36 %, 3573 MiB, 49140 MiB, 196.75 W, 300.00 W, 67, 2745 MHz
2026/09/23 08:02:35.563, 0, 86 %, 75 %, 3573 MiB, 49140 MiB, 188.62 W, 300.00 W, 71, 2430 MHz
2026/09/23 08:02:36.563, 0, 88 %, 77 %, 3573 MiB, 49140 MiB, 275.87 W, 300.00 W, 72, 2250 MHz
2026/09/23 08:02:37.564, 0, 87 %, 75 %, 3573 MiB, 49140 MiB, 278.52 W, 300.00 W, 71, 2355 MHz
2026/09/23 08:02:38.566, 0, 85 %, 75 %, 3573 MiB, 49140 MiB, 279.78 W, 300.00 W, 72, 2370 MHz
2026/09/23 08:02:39.567, 0, 91 %, 81 %, 3573 MiB, 49140 MiB, 278.30 W, 300.00 W, 72, 2370 MHz
2026/09/23 08:02:40.567, 0, 92 %, 78 %, 3573 MiB, 49140 MiB, 277.82 W, 300.00 W, 71, 2175 MHz
2026/09/23 08:02:41.570, 0, 89 %, 77 %, 3573 MiB, 49140 MiB, 278.59 W, 300.00 W, 72, 2325 MHz
2026/09/23 08:02:42.571, 0, 94 %, 81 %, 3573 MiB, 49140 MiB, 280.25 W, 300.00 W, 73, 2310 MHz
2026/09/23 08:02:43.572, 0, 93 %, 83 %, 3573 MiB, 49140 MiB, 279.07 W, 300.00 W, 72, 2310 MHz
2026/09/23 08:02:44.574, 0, 90 %, 78 %, 3573 MiB, 49140 MiB, 278.34 W, 300.00 W, 72, 2370 MHz
2026/09/23 08:02:45.575, 0, 87 %, 76 %, 3573 MiB, 49140 MiB, 279.35 W, 300.00 W, 73, 2490 MHz
2026/09/23 08:02:46.576, 0, 87 %, 77 %, 3573 MiB, 49140 MiB, 277.45 W, 300.00 W, 72, 2430 MHz
2026/09/23 08:02:47.576, 0, 53 %, 34 %, 3573 MiB, 49140 MiB, 178.34 W, 300.00 W, 66, 2745 MHz
2026/09/23 08:02:48.577, 0, 88 %, 77 %, 3573 MiB, 49140 MiB, 200.00 W, 300.00 W, 70, 2280 MHz
2026/09/23 08:02:49.578, 0, 89 %, 80 %, 3573 MiB, 49140 MiB, 278.21 W, 300.00 W, 73, 2445 MHz
2026/09/23 08:02:50.579, 0, 89 %, 77 %, 3573 MiB, 49140 MiB, 279.15 W, 300.00 W, 71, 2340 MHz
2026/09/23 08:02:51.581, 0, 92 %, 81 %, 3573 MiB, 49140 MiB, 276.50 W, 300.00 W, 71, 2430 MHz
2026/09/23 08:02:52.582, 0, 88 %, 77 %, 3573 MiB, 49140 MiB, 278.67 W, 300.00 W, 71, 2190 MHz
2026/09/23 08:02:53.582, 0, 92 %, 81 %, 3573 MiB, 49140 MiB, 280.69 W, 300.00 W, 71, 2220 MHz
2026/09/23 08:02:54.583, 0, 89 %, 79 %, 3573 MiB, 49140 MiB, 278.78 W, 300.00 W, 71, 2310 MHz
2026/09/23 08:02:55.584, 0, 88 %, 76 %, 3573 MiB, 49140 MiB, 280.04 W, 300.00 W, 73, 2415 MHz
2026/09/23 08:02:56.585, 0, 93 %, 79 %, 3573 MiB, 49140 MiB, 277.31 W, 300.00 W, 72, 2370 MHz
2026/09/23 08:02:57.586, 0, 92 %, 82 %, 3573 MiB, 49140 MiB, 278.62 W, 300.00 W, 71, 2475 MHz
2026/09/23 08:02:58.587, 0, 89 %, 77 %, 3573 MiB, 49140 MiB, 278.30 W, 300.00 W, 72, 2220 MHz
2026/09/23 08:02:59.587, 0, 92 %, 79 %, 3573 MiB, 49140 MiB, 274.03 W, 300.00 W, 71, 2475 MHz
2026/09/23 08:03:00.589, 0, 11 %, 8 %, 3573 MiB, 49140 MiB, 168.79 W, 300.00 W, 66, 2745 MHz
2026/09/23 08:03:01.589, 0, 88 %, 75 %, 3573 MiB, 49140 MiB, 218.63 W, 300.00 W, 73, 2475 MHz
2026/09/23 08:03:02.591, 0, 92 %, 82 %, 3573 MiB, 49140 MiB, 284.12 W, 300.00 W, 73, 2385 MHz
2026/09/23 08:03:03.592, 0, 93 %, 81 %, 3573 MiB, 49140 MiB, 284.45 W, 300.00 W, 72, 2385 MHz
2026/09/23 08:03:04.592, 0, 87 %, 76 %, 3573 MiB, 49140 MiB, 283.58 W, 300.00 W, 71, 2370 MHz
2026/09/23 08:03:05.593, 0, 93 %, 79 %, 3573 MiB, 49140 MiB, 283.71 W, 300.00 W, 72, 2445 MHz
2026/09/23 08:03:06.594, 0, 89 %, 77 %, 3573 MiB, 49140 MiB, 284.22 W, 300.00 W, 73, 2445 MHz
2026/09/23 08:03:07.598, 0, 90 %, 77 %, 3573 MiB, 49140 MiB, 283.55 W, 300.00 W, 72, 2445 MHz
2026/09/23 08:03:08.599, 0, 91 %, 77 %, 3573 MiB, 49140 MiB, 283.10 W, 300.00 W, 72, 2460 MHz
2026/09/23 08:03:09.600, 0, 92 %, 80 %, 3573 MiB, 49140 MiB, 281.72 W, 300.00 W, 73, 2505 MHz
2026/09/23 08:03:10.601, 0, 92 %, 82 %, 3573 MiB, 49140 MiB, 283.63 W, 300.00 W, 73, 2415 MHz
2026/09/23 08:03:11.601, 0, 87 %, 76 %, 3573 MiB, 49140 MiB, 284.15 W, 300.00 W, 73, 2430 MHz
2026/09/23 08:03:12.602, 0, 93 %, 80 %, 3573 MiB, 49140 MiB, 279.21 W, 300.00 W, 72, 2490 MHz
2026/09/23 08:03:13.602, 0, 0 %, 0 %, 3573 MiB, 49140 MiB, 158.62 W, 300.00 W, 66, 2745 MHz
2026/09/23 08:03:14.604, 0, 93 %, 81 %, 3573 MiB, 49140 MiB, 226.63 W, 300.00 W, 71, 2385 MHz
2026/09/23 08:03:15.604, 0, 90 %, 76 %, 3573 MiB, 49140 MiB, 278.47 W, 300.00 W, 72, 2415 MHz
2026/09/23 08:03:16.605, 0, 90 %, 79 %, 3573 MiB, 49140 MiB, 279.65 W, 300.00 W, 70, 2355 MHz
2026/09/23 08:03:17.605, 0, 94 %, 81 %, 3573 MiB, 49140 MiB, 281.02 W, 300.00 W, 71, 2385 MHz
2026/09/23 08:03:18.606, 0, 90 %, 79 %, 3573 MiB, 49140 MiB, 279.99 W, 300.00 W, 72, 2355 MHz
2026/09/23 08:03:19.607, 0, 86 %, 75 %, 3573 MiB, 49140 MiB, 279.12 W, 300.00 W, 72, 2415 MHz
2026/09/23 08:03:20.608, 0, 90 %, 77 %, 3573 MiB, 49140 MiB, 279.77 W, 300.00 W, 72, 2265 MHz
2026/09/23 08:03:21.609, 0, 92 %, 78 %, 3573 MiB, 49140 MiB, 279.75 W, 300.00 W, 72, 2280 MHz
2026/09/23 08:03:22.610, 0, 95 %, 81 %, 3573 MiB, 49140 MiB, 281.38 W, 300.00 W, 72, 2370 MHz
2026/09/23 08:03:23.612, 0, 92 %, 78 %, 3573 MiB, 49140 MiB, 278.30 W, 300.00 W, 71, 2385 MHz
2026/09/23 08:03:24.612, 0, 94 %, 83 %, 3573 MiB, 49140 MiB, 280.17 W, 300.00 W, 72, 2355 MHz
2026/09/23 08:03:25.613, 0, 95 %, 80 %, 3573 MiB, 49140 MiB, 275.12 W, 300.00 W, 72, 2550 MHz
2026/09/23 08:03:26.614, 0, 0 %, 0 %, 3573 MiB, 49140 MiB, 129.18 W, 300.00 W, 71, 2325 MHz
2026/09/23 08:03:27.615, 0, 90 %, 76 %, 3573 MiB, 49140 MiB, 261.30 W, 300.00 W, 71, 2505 MHz
2026/09/23 08:03:28.617, 0, 93 %, 79 %, 3573 MiB, 49140 MiB, 280.12 W, 300.00 W, 70, 2415 MHz
2026/09/23 08:03:29.617, 0, 83 %, 72 %, 3573 MiB, 49140 MiB, 279.26 W, 300.00 W, 72, 2205 MHz
2026/09/23 08:03:30.619, 0, 92 %, 79 %, 3573 MiB, 49140 MiB, 279.10 W, 300.00 W, 71, 2445 MHz
2026/09/23 08:03:31.619, 0, 88 %, 76 %, 3573 MiB, 49140 MiB, 279.86 W, 300.00 W, 73, 2265 MHz
2026/09/23 08:03:32.621, 0, 84 %, 74 %, 3573 MiB, 49140 MiB, 276.19 W, 300.00 W, 71, 2400 MHz
2026/09/23 08:03:33.622, 0, 89 %, 76 %, 3573 MiB, 49140 MiB, 277.91 W, 300.00 W, 73, 2160 MHz
2026/09/23 08:03:34.622, 0, 91 %, 80 %, 3573 MiB, 49140 MiB, 279.80 W, 300.00 W, 73, 2100 MHz
2026/09/23 08:03:35.623, 0, 89 %, 79 %, 3573 MiB, 49140 MiB, 279.37 W, 300.00 W, 73, 2175 MHz
2026/09/23 08:03:36.624, 0, 90 %, 80 %, 3573 MiB, 49140 MiB, 279.11 W, 300.00 W, 72, 2175 MHz
2026/09/23 08:03:37.625, 0, 92 %, 78 %, 3573 MiB, 49140 MiB, 277.67 W, 300.00 W, 72, 2385 MHz
2026/09/23 08:03:38.626, 0, 85 %, 75 %, 3573 MiB, 49140 MiB, 269.08 W, 300.00 W, 72, 2550 MHz
2026/09/23 08:03:39.626, 0, 0 %, 0 %, 3573 MiB, 49140 MiB, 128.98 W, 300.00 W, 71, 2445 MHz
2026/09/23 08:03:40.627, 0, 89 %, 80 %, 3573 MiB, 49140 MiB, 267.82 W, 300.00 W, 71, 2445 MHz
2026/09/23 08:03:41.628, 0, 92 %, 78 %, 3573 MiB, 49140 MiB, 281.08 W, 300.00 W, 72, 2400 MHz
2026/09/23 08:03:42.629, 0, 93 %, 80 %, 3573 MiB, 49140 MiB, 280.45 W, 300.00 W, 70, 2430 MHz
2026/09/23 08:03:43.630, 0, 89 %, 76 %, 3573 MiB, 49140 MiB, 278.82 W, 300.00 W, 71, 2535 MHz
2026/09/23 08:03:44.630, 0, 94 %, 80 %, 3573 MiB, 49140 MiB, 277.84 W, 300.00 W, 72, 2445 MHz
2026/09/23 08:03:45.631, 0, 89 %, 76 %, 3573 MiB, 49140 MiB, 278.52 W, 300.00 W, 73, 2280 MHz
2026/09/23 08:03:46.632, 0, 81 %, 71 %, 3573 MiB, 49140 MiB, 276.35 W, 300.00 W, 71, 2310 MHz
2026/09/23 08:03:47.633, 0, 89 %, 76 %, 3573 MiB, 49140 MiB, 273.98 W, 300.00 W, 73, 2175 MHz
2026/09/23 08:03:48.635, 0, 90 %, 79 %, 3573 MiB, 49140 MiB, 276.24 W, 300.00 W, 71, 2250 MHz
2026/09/23 08:03:49.636, 0, 91 %, 79 %, 3573 MiB, 49140 MiB, 278.11 W, 300.00 W, 72, 2235 MHz
2026/09/23 08:03:50.637, 0, 94 %, 81 %, 3573 MiB, 49140 MiB, 279.50 W, 300.00 W, 71, 2265 MHz
2026/09/23 08:03:51.638, 0, 89 %, 74 %, 3573 MiB, 49140 MiB, 273.36 W, 300.00 W, 71, 2640 MHz
2026/09/23 08:03:52.638, 0, 0 %, 0 %, 3573 MiB, 49140 MiB, 129.46 W, 300.00 W, 70, 2340 MHz
2026/09/23 08:03:53.639, 0, 90 %, 76 %, 3573 MiB, 49140 MiB, 275.02 W, 300.00 W, 72, 2400 MHz
2026/09/23 08:03:54.640, 0, 92 %, 81 %, 3573 MiB, 49140 MiB, 276.66 W, 300.00 W, 73, 2190 MHz
2026/09/23 08:03:55.642, 0, 90 %, 80 %, 3573 MiB, 49140 MiB, 278.45 W, 300.00 W, 71, 2370 MHz
2026/09/23 08:03:56.643, 0, 95 %, 82 %, 3573 MiB, 49140 MiB, 280.58 W, 300.00 W, 71, 2415 MHz
2026/09/23 08:03:57.644, 0, 91 %, 75 %, 3573 MiB, 49140 MiB, 276.12 W, 300.00 W, 72, 2385 MHz
2026/09/23 08:03:58.644, 0, 87 %, 77 %, 3573 MiB, 49140 MiB, 276.64 W, 300.00 W, 71, 2310 MHz
2026/09/23 08:03:59.645, 0, 92 %, 81 %, 3573 MiB, 49140 MiB, 277.56 W, 300.00 W, 72, 2460 MHz
2026/09/23 08:04:00.646, 0, 87 %, 76 %, 3573 MiB, 49140 MiB, 278.00 W, 300.00 W, 71, 2415 MHz
2026/09/23 08:04:01.647, 0, 94 %, 80 %, 3573 MiB, 49140 MiB, 282.40 W, 300.00 W, 73, 2145 MHz
2026/09/23 08:04:02.647, 0, 90 %, 79 %, 3573 MiB, 49140 MiB, 278.79 W, 300.00 W, 72, 2100 MHz
2026/09/23 08:04:03.648, 0, 89 %, 78 %, 3573 MiB, 49140 MiB, 277.29 W, 300.00 W, 72, 2460 MHz
2026/09/23 08:04:04.649, 0, 74 %, 52 %, 3573 MiB, 49140 MiB, 268.40 W, 300.00 W, 70, 2730 MHz
2026/09/23 08:04:05.650, 0, 0 %, 0 %, 3573 MiB, 49140 MiB, 130.16 W, 300.00 W, 71, 2490 MHz
2026/09/23 08:04:06.651, 0, 90 %, 78 %, 3573 MiB, 49140 MiB, 286.24 W, 300.00 W, 72, 2310 MHz
2026/09/23 08:04:07.652, 0, 90 %, 78 %, 3573 MiB, 49140 MiB, 285.76 W, 300.00 W, 71, 2490 MHz
2026/09/23 08:04:08.653, 0, 90 %, 77 %, 3573 MiB, 49140 MiB, 282.99 W, 300.00 W, 71, 2400 MHz
2026/09/23 08:04:09.654, 0, 89 %, 77 %, 3573 MiB, 49140 MiB, 281.78 W, 300.00 W, 72, 2475 MHz
2026/09/23 08:04:10.655, 0, 92 %, 79 %, 3573 MiB, 49140 MiB, 284.73 W, 300.00 W, 72, 2325 MHz
2026/09/23 08:04:11.655, 0, 91 %, 80 %, 3573 MiB, 49140 MiB, 283.59 W, 300.00 W, 72, 2220 MHz
2026/09/23 08:04:12.656, 0, 95 %, 80 %, 3573 MiB, 49140 MiB, 284.90 W, 300.00 W, 72, 2190 MHz
2026/09/23 08:04:13.657, 0, 94 %, 79 %, 3573 MiB, 49140 MiB, 284.18 W, 300.00 W, 73, 2145 MHz
2026/09/23 08:04:14.658, 0, 94 %, 79 %, 3573 MiB, 49140 MiB, 284.84 W, 300.00 W, 72, 2340 MHz
2026/09/23 08:04:15.661, 0, 91 %, 77 %, 3573 MiB, 49140 MiB, 284.42 W, 300.00 W, 71, 2400 MHz
2026/09/23 08:04:16.662, 0, 91 %, 77 %, 3573 MiB, 49140 MiB, 285.01 W, 300.00 W, 72, 2220 MHz
2026/09/23 08:04:17.663, 0, 68 %, 43 %, 3573 MiB, 49140 MiB, 256.29 W, 300.00 W, 68, 2730 MHz
2026/09/23 08:04:18.663, 0, 0 %, 0 %, 3573 MiB, 49140 MiB, 132.68 W, 300.00 W, 72, 2430 MHz
2026/09/23 08:04:19.664, 0, 88 %, 77 %, 3573 MiB, 49140 MiB, 280.27 W, 300.00 W, 73, 2340 MHz
2026/09/23 08:04:20.665, 0, 89 %, 79 %, 3573 MiB, 49140 MiB, 282.53 W, 300.00 W, 71, 2430 MHz
2026/09/23 08:04:21.666, 0, 87 %, 75 %, 3573 MiB, 49140 MiB, 281.43 W, 300.00 W, 72, 2385 MHz
2026/09/23 08:04:22.667, 0, 90 %, 77 %, 3573 MiB, 49140 MiB, 282.38 W, 300.00 W, 72, 2370 MHz
2026/09/23 08:04:23.667, 0, 85 %, 75 %, 3573 MiB, 49140 MiB, 281.57 W, 300.00 W, 72, 2370 MHz
2026/09/23 08:04:24.668, 0, 91 %, 78 %, 3573 MiB, 49140 MiB, 282.62 W, 300.00 W, 72, 2460 MHz
2026/09/23 08:04:25.669, 0, 92 %, 80 %, 3573 MiB, 49140 MiB, 282.26 W, 300.00 W, 72, 2370 MHz
2026/09/23 08:04:26.669, 0, 94 %, 81 %, 3573 MiB, 49140 MiB, 281.89 W, 300.00 W, 72, 2430 MHz
2026/09/23 08:04:27.671, 0, 86 %, 76 %, 3573 MiB, 49140 MiB, 284.86 W, 300.00 W, 72, 2445 MHz
2026/09/23 08:04:28.672, 0, 94 %, 83 %, 3573 MiB, 49140 MiB, 283.10 W, 300.00 W, 72, 2445 MHz
2026/09/23 08:04:29.673, 0, 93 %, 79 %, 3573 MiB, 49140 MiB, 281.20 W, 300.00 W, 71, 2370 MHz
2026/09/23 08:04:30.674, 0, 69 %, 44 %, 3573 MiB, 49140 MiB, 239.33 W, 300.00 W, 67, 2745 MHz
2026/09/23 08:04:31.674, 0, 0 %, 0 %, 3573 MiB, 49140 MiB, 147.60 W, 300.00 W, 70, 2415 MHz
2026/09/23 08:04:32.675, 0, 84 %, 74 %, 3573 MiB, 49140 MiB, 284.20 W, 300.00 W, 72, 2415 MHz
2026/09/23 08:04:33.676, 0, 88 %, 75 %, 3573 MiB, 49140 MiB, 285.54 W, 300.00 W, 72, 2430 MHz
2026/09/23 08:04:34.677, 0, 85 %, 75 %, 3573 MiB, 49140 MiB, 281.54 W, 300.00 W, 71, 2490 MHz
2026/09/23 08:04:35.678, 0, 91 %, 78 %, 3573 MiB, 49140 MiB, 283.16 W, 300.00 W, 73, 2385 MHz
2026/09/23 08:04:36.679, 0, 94 %, 82 %, 3573 MiB, 49140 MiB, 283.08 W, 300.00 W, 72, 2415 MHz
2026/09/23 08:04:37.679, 0, 92 %, 79 %, 3573 MiB, 49140 MiB, 282.67 W, 300.00 W, 72, 2370 MHz
2026/09/23 08:04:38.680, 0, 89 %, 78 %, 3573 MiB, 49140 MiB, 283.99 W, 300.00 W, 71, 2385 MHz
2026/09/23 08:04:39.681, 0, 89 %, 77 %, 3573 MiB, 49140 MiB, 282.56 W, 300.00 W, 73, 2445 MHz
2026/09/23 08:04:40.682, 0, 87 %, 76 %, 3573 MiB, 49140 MiB, 284.91 W, 300.00 W, 73, 2295 MHz
2026/09/23 08:04:41.683, 0, 92 %, 82 %, 3573 MiB, 49140 MiB, 284.67 W, 300.00 W, 73, 2415 MHz
2026/09/23 08:04:42.684, 0, 86 %, 76 %, 3573 MiB, 49140 MiB, 284.82 W, 300.00 W, 73, 2310 MHz
2026/09/23 08:04:43.684, 0, 71 %, 46 %, 3573 MiB, 49140 MiB, 228.53 W, 300.00 W, 67, 2745 MHz
2026/09/23 08:04:44.686, 0, 0 %, 0 %, 3573 MiB, 49140 MiB, 151.68 W, 300.00 W, 71, 2280 MHz
2026/09/23 08:04:45.687, 0, 90 %, 78 %, 3573 MiB, 49140 MiB, 276.13 W, 300.00 W, 71, 2400 MHz
2026/09/23 08:04:46.687, 0, 92 %, 78 %, 3573 MiB, 49140 MiB, 277.20 W, 300.00 W, 71, 2325 MHz
2026/09/23 08:04:47.688, 0, 92 %, 79 %, 3573 MiB, 49140 MiB, 281.56 W, 300.00 W, 71, 2220 MHz
2026/09/23 08:04:48.688, 0, 88 %, 76 %, 3573 MiB, 49140 MiB, 278.68 W, 300.00 W, 72, 2490 MHz
2026/09/23 08:04:49.689, 0, 89 %, 78 %, 3573 MiB, 49140 MiB, 278.45 W, 300.00 W, 73, 2265 MHz
2026/09/23 08:04:50.689, 0, 90 %, 80 %, 3573 MiB, 49140 MiB, 277.65 W, 300.00 W, 72, 2400 MHz
2026/09/23 08:04:51.690, 0, 94 %, 82 %, 3573 MiB, 49140 MiB, 280.11 W, 300.00 W, 71, 2400 MHz
2026/09/23 08:04:52.692, 0, 93 %, 78 %, 3573 MiB, 49140 MiB, 278.63 W, 300.00 W, 72, 2145 MHz
2026/09/23 08:04:53.693, 0, 87 %, 75 %, 3573 MiB, 49140 MiB, 277.45 W, 300.00 W, 72, 2265 MHz
2026/09/23 08:04:54.693, 0, 89 %, 77 %, 3573 MiB, 49140 MiB, 279.27 W, 300.00 W, 73, 2175 MHz
2026/09/23 08:04:55.694, 0, 89 %, 75 %, 3573 MiB, 49140 MiB, 276.97 W, 300.00 W, 71, 2370 MHz
2026/09/23 08:04:56.695, 0, 63 %, 41 %, 3573 MiB, 49140 MiB, 215.72 W, 300.00 W, 67, 2745 MHz
2026/09/23 08:04:57.695, 0, 0 %, 0 %, 3573 MiB, 49140 MiB, 166.52 W, 300.00 W, 71, 2130 MHz
2026/09/23 08:04:58.696, 0, 88 %, 76 %, 3573 MiB, 49140 MiB, 278.46 W, 300.00 W, 71, 2355 MHz
2026/09/23 08:04:59.697, 0, 93 %, 79 %, 3573 MiB, 49140 MiB, 279.25 W, 300.00 W, 71, 2265 MHz
2026/09/23 08:05:00.697, 0, 90 %, 78 %, 3573 MiB, 49140 MiB, 277.96 W, 300.00 W, 72, 2265 MHz
2026/09/23 08:05:01.698, 0, 93 %, 83 %, 3573 MiB, 49140 MiB, 279.45 W, 300.00 W, 72, 2415 MHz
2026/09/23 08:05:02.698, 0, 87 %, 73 %, 3573 MiB, 49140 MiB, 278.29 W, 300.00 W, 72, 2325 MHz
2026/09/23 08:05:03.699, 0, 90 %, 79 %, 3573 MiB, 49140 MiB, 277.71 W, 300.00 W, 72, 2370 MHz
2026/09/23 08:05:04.699, 0, 92 %, 79 %, 3573 MiB, 49140 MiB, 279.80 W, 300.00 W, 71, 2355 MHz
2026/09/23 08:05:05.701, 0, 92 %, 80 %, 3573 MiB, 49140 MiB, 278.83 W, 300.00 W, 72, 2385 MHz
2026/09/23 08:05:06.702, 0, 88 %, 75 %, 3573 MiB, 49140 MiB, 277.99 W, 300.00 W, 72, 2205 MHz
2026/09/23 08:05:07.703, 0, 88 %, 75 %, 3573 MiB, 49140 MiB, 277.99 W, 300.00 W, 73, 2310 MHz
2026/09/23 08:05:08.703, 0, 94 %, 79 %, 3573 MiB, 49140 MiB, 277.25 W, 300.00 W, 72, 2535 MHz
2026/09/23 08:05:09.704, 0, 66 %, 42 %, 3573 MiB, 49140 MiB, 197.50 W, 300.00 W, 66, 2745 MHz
2026/09/23 08:05:10.705, 0, 48 %, 42 %, 3573 MiB, 49140 MiB, 182.77 W, 300.00 W, 72, 2370 MHz
2026/09/23 08:05:11.706, 0, 93 %, 83 %, 3573 MiB, 49140 MiB, 280.71 W, 300.00 W, 73, 2280 MHz
2026/09/23 08:05:12.706, 0, 89 %, 78 %, 3573 MiB, 49140 MiB, 278.72 W, 300.00 W, 71, 2340 MHz
2026/09/23 08:05:13.707, 0, 93 %, 81 %, 3573 MiB, 49140 MiB, 279.54 W, 300.00 W, 73, 2115 MHz
2026/09/23 08:05:14.709, 0, 92 %, 79 %, 3573 MiB, 49140 MiB, 279.13 W, 300.00 W, 72, 2070 MHz
2026/09/23 08:05:15.709, 0, 93 %, 82 %, 3573 MiB, 49140 MiB, 277.32 W, 300.00 W, 72, 2385 MHz
2026/09/23 08:05:16.710, 0, 85 %, 74 %, 3573 MiB, 49140 MiB, 278.50 W, 300.00 W, 72, 2370 MHz
2026/09/23 08:05:17.711, 0, 90 %, 77 %, 3573 MiB, 49140 MiB, 279.45 W, 300.00 W, 72, 2220 MHz
2026/09/23 08:05:18.711, 0, 93 %, 79 %, 3573 MiB, 49140 MiB, 279.27 W, 300.00 W, 72, 2325 MHz
2026/09/23 08:05:19.712, 0, 89 %, 77 %, 3573 MiB, 49140 MiB, 279.14 W, 300.00 W, 71, 2340 MHz
2026/09/23 08:05:20.713, 0, 91 %, 79 %, 3573 MiB, 49140 MiB, 279.61 W, 300.00 W, 73, 2115 MHz
2026/09/23 08:05:21.715, 0, 88 %, 76 %, 3573 MiB, 49140 MiB, 272.48 W, 300.00 W, 73, 2640 MHz
2026/09/23 08:05:22.715, 0, 17 %, 11 %, 3573 MiB, 49140 MiB, 171.62 W, 300.00 W, 66, 2745 MHz
2026/09/23 08:05:23.716, 0, 90 %, 78 %, 3573 MiB, 49140 MiB, 209.92 W, 300.00 W, 71, 2490 MHz
2026/09/23 08:05:24.717, 0, 89 %, 77 %, 3573 MiB, 49140 MiB, 279.65 W, 300.00 W, 72, 2475 MHz
2026/09/23 08:05:25.718, 0, 91 %, 77 %, 3573 MiB, 49140 MiB, 274.39 W, 300.00 W, 73, 2370 MHz
2026/09/23 08:05:26.719, 0, 90 %, 79 %, 3573 MiB, 49140 MiB, 276.25 W, 300.00 W, 72, 2475 MHz
2026/09/23 08:05:27.720, 0, 92 %, 81 %, 3573 MiB, 49140 MiB, 280.07 W, 300.00 W, 71, 2340 MHz
2026/09/23 08:05:28.720, 0, 93 %, 81 %, 3573 MiB, 49140 MiB, 280.31 W, 300.00 W, 72, 2265 MHz
2026/09/23 08:05:29.721, 0, 89 %, 75 %, 3573 MiB, 49140 MiB, 278.94 W, 300.00 W, 71, 2430 MHz
2026/09/23 08:05:30.721, 0, 96 %, 83 %, 3573 MiB, 49140 MiB, 280.14 W, 300.00 W, 73, 2310 MHz
2026/09/23 08:05:31.722, 0, 89 %, 77 %, 3573 MiB, 49140 MiB, 281.49 W, 300.00 W, 71, 2325 MHz
2026/09/23 08:05:32.723, 0, 94 %, 82 %, 3573 MiB, 49140 MiB, 280.74 W, 300.00 W, 71, 2280 MHz
2026/09/23 08:05:33.724, 0, 90 %, 75 %, 3573 MiB, 49140 MiB, 279.78 W, 300.00 W, 71, 2400 MHz
2026/09/23 08:05:34.725, 0, 87 %, 76 %, 3573 MiB, 49140 MiB, 275.11 W, 300.00 W, 72, 2505 MHz
2026/09/23 08:05:35.726, 0, 0 %, 0 %, 3573 MiB, 49140 MiB, 161.88 W, 300.00 W, 66, 2745 MHz
2026/09/23 08:05:36.727, 0, 90 %, 77 %, 3573 MiB, 49140 MiB, 222.58 W, 300.00 W, 72, 2445 MHz
2026/09/23 08:05:37.728, 0, 89 %, 77 %, 3573 MiB, 49140 MiB, 278.67 W, 300.00 W, 70, 2415 MHz
2026/09/23 08:05:38.729, 0, 90 %, 78 %, 3573 MiB, 49140 MiB, 279.10 W, 300.00 W, 71, 2175 MHz
2026/09/23 08:05:39.729, 0, 88 %, 75 %, 3573 MiB, 49140 MiB, 279.12 W, 300.00 W, 71, 2490 MHz
2026/09/23 08:05:40.730, 0, 95 %, 79 %, 3573 MiB, 49140 MiB, 278.52 W, 300.00 W, 72, 2310 MHz
2026/09/23 08:05:41.731, 0, 89 %, 77 %, 3573 MiB, 49140 MiB, 278.98 W, 300.00 W, 70, 2460 MHz
2026/09/23 08:05:42.732, 0, 90 %, 78 %, 3573 MiB, 49140 MiB, 277.09 W, 300.00 W, 72, 2295 MHz
2026/09/23 08:05:43.733, 0, 88 %, 76 %, 3573 MiB, 49140 MiB, 278.96 W, 300.00 W, 72, 2205 MHz
2026/09/23 08:05:44.733, 0, 91 %, 79 %, 3573 MiB, 49140 MiB, 277.13 W, 300.00 W, 73, 2415 MHz
2026/09/23 08:05:45.734, 0, 92 %, 79 %, 3573 MiB, 49140 MiB, 279.56 W, 300.00 W, 73, 2355 MHz
2026/09/23 08:05:46.735, 0, 86 %, 75 %, 3573 MiB, 49140 MiB, 277.08 W, 300.00 W, 71, 2325 MHz
2026/09/23 08:05:47.736, 0, 95 %, 84 %, 3573 MiB, 49140 MiB, 273.06 W, 300.00 W, 72, 2640 MHz
2026/09/23 08:05:48.736, 0, 0 %, 0 %, 3573 MiB, 49140 MiB, 159.00 W, 300.00 W, 66, 2745 MHz
2026/09/23 08:05:49.736, 0, 0 %, 0 %, 3573 MiB, 49140 MiB, 145.31 W, 300.00 W, 70, 2310 MHz
2026/09/23 08:05:50.737, 0, 91 %, 79 %, 3573 MiB, 49140 MiB, 278.45 W, 300.00 W, 71, 2355 MHz
2026/09/23 08:05:51.738, 0, 91 %, 79 %, 3573 MiB, 49140 MiB, 279.99 W, 300.00 W, 72, 2340 MHz
2026/09/23 08:05:52.739, 0, 92 %, 79 %, 3573 MiB, 49140 MiB, 277.85 W, 300.00 W, 71, 2265 MHz
2026/09/23 08:05:53.740, 0, 89 %, 78 %, 3573 MiB, 49140 MiB, 277.16 W, 300.00 W, 72, 2355 MHz
2026/09/23 08:05:54.741, 0, 93 %, 79 %, 3573 MiB, 49140 MiB, 279.72 W, 300.00 W, 71, 2205 MHz
2026/09/23 08:05:55.741, 0, 87 %, 76 %, 3573 MiB, 49140 MiB, 280.20 W, 300.00 W, 72, 2280 MHz
2026/09/23 08:05:56.742, 0, 93 %, 82 %, 3573 MiB, 49140 MiB, 280.27 W, 300.00 W, 72, 2340 MHz
2026/09/23 08:05:57.743, 0, 85 %, 74 %, 3573 MiB, 49140 MiB, 277.28 W, 300.00 W, 72, 2490 MHz
2026/09/23 08:05:58.743, 0, 88 %, 76 %, 3573 MiB, 49140 MiB, 280.61 W, 300.00 W, 71, 2235 MHz
2026/09/23 08:05:59.744, 0, 86 %, 75 %, 3573 MiB, 49140 MiB, 278.08 W, 300.00 W, 71, 2400 MHz
2026/09/23 08:06:00.745, 0, 82 %, 71 %, 3573 MiB, 49140 MiB, 278.40 W, 300.00 W, 71, 2145 MHz
2026/09/23 08:06:01.746, 0, 62 %, 41 %, 3573 MiB, 49140 MiB, 236.46 W, 300.00 W, 67, 2730 MHz
2026/09/23 08:06:02.746, 0, 0 %, 0 %, 3573 MiB, 49140 MiB, 148.24 W, 300.00 W, 70, 2190 MHz
2026/09/23 08:06:03.747, 0, 91 %, 79 %, 3573 MiB, 49140 MiB, 281.38 W, 300.00 W, 72, 2160 MHz
2026/09/23 08:06:04.748, 0, 91 %, 79 %, 3573 MiB, 49140 MiB, 282.86 W, 300.00 W, 72, 2505 MHz
2026/09/23 08:06:05.749, 0, 91 %, 79 %, 3573 MiB, 49140 MiB, 280.12 W, 300.00 W, 71, 2535 MHz
2026/09/23 08:06:06.750, 0, 87 %, 75 %, 3573 MiB, 49140 MiB, 284.19 W, 300.00 W, 72, 2295 MHz
2026/09/23 08:06:07.752, 0, 94 %, 81 %, 3573 MiB, 49140 MiB, 285.29 W, 300.00 W, 72, 2400 MHz
2026/09/23 08:06:08.752, 0, 88 %, 75 %, 3573 MiB, 49140 MiB, 284.49 W, 300.00 W, 71, 2220 MHz
2026/09/23 08:06:09.753, 0, 87 %, 75 %, 3573 MiB, 49140 MiB, 284.61 W, 300.00 W, 71, 2130 MHz
2026/09/23 08:06:10.755, 0, 94 %, 79 %, 3573 MiB, 49140 MiB, 285.29 W, 300.00 W, 72, 2295 MHz
2026/09/23 08:06:11.755, 0, 94 %, 78 %, 3573 MiB, 49140 MiB, 287.69 W, 300.00 W, 72, 2250 MHz
2026/09/23 08:06:12.756, 0, 86 %, 75 %, 3573 MiB, 49140 MiB, 285.05 W, 300.00 W, 72, 2400 MHz
2026/09/23 08:06:13.757, 0, 91 %, 80 %, 3573 MiB, 49140 MiB, 284.00 W, 300.00 W, 72, 2145 MHz
2026/09/23 08:06:14.758, 0, 65 %, 42 %, 3573 MiB, 49140 MiB, 222.40 W, 300.00 W, 67, 2745 MHz
2026/09/23 08:06:15.758, 0, 0 %, 0 %, 3573 MiB, 49140 MiB, 166.27 W, 300.00 W, 71, 2145 MHz
2026/09/23 08:06:16.759, 0, 91 %, 80 %, 3573 MiB, 49140 MiB, 279.96 W, 300.00 W, 71, 2325 MHz
2026/09/23 08:06:17.762, 0, 90 %, 79 %, 3573 MiB, 49140 MiB, 279.28 W, 300.00 W, 72, 2220 MHz
2026/09/23 08:06:18.763, 0, 93 %, 80 %, 3573 MiB, 49140 MiB, 278.98 W, 300.00 W, 73, 2460 MHz
2026/09/23 08:06:19.763, 0, 92 %, 80 %, 3573 MiB, 49140 MiB, 277.70 W, 300.00 W, 71, 2085 MHz
2026/09/23 08:06:20.764, 0, 91 %, 79 %, 3573 MiB, 49140 MiB, 279.60 W, 300.00 W, 72, 2130 MHz
2026/09/23 08:06:21.765, 0, 91 %, 79 %, 3573 MiB, 49140 MiB, 279.45 W, 300.00 W, 72, 2265 MHz
2026/09/23 08:06:22.766, 0, 89 %, 77 %, 3573 MiB, 49140 MiB, 277.96 W, 300.00 W, 72, 2400 MHz
2026/09/23 08:06:23.767, 0, 85 %, 74 %, 3573 MiB, 49140 MiB, 279.19 W, 300.00 W, 72, 2130 MHz
2026/09/23 08:06:24.768, 0, 86 %, 75 %, 3573 MiB, 49140 MiB, 279.69 W, 300.00 W, 71, 2325 MHz
2026/09/23 08:06:25.769, 0, 92 %, 81 %, 3573 MiB, 49140 MiB, 279.02 W, 300.00 W, 72, 2370 MHz
2026/09/23 08:06:26.770, 0, 89 %, 77 %, 3573 MiB, 49140 MiB, 277.69 W, 300.00 W, 71, 2190 MHz
2026/09/23 08:06:27.771, 0, 62 %, 40 %, 3573 MiB, 49140 MiB, 198.89 W, 300.00 W, 67, 2745 MHz
2026/09/23 08:06:28.771, 0, 55 %, 47 %, 3573 MiB, 49140 MiB, 183.43 W, 300.00 W, 71, 2325 MHz
2026/09/23 08:06:29.773, 0, 87 %, 76 %, 3573 MiB, 49140 MiB, 280.21 W, 300.00 W, 73, 2370 MHz
2026/09/23 08:06:30.774, 0, 90 %, 78 %, 3573 MiB, 49140 MiB, 279.05 W, 300.00 W, 72, 2340 MHz
2026/09/23 08:06:31.774, 0, 85 %, 74 %, 3573 MiB, 49140 MiB, 276.65 W, 300.00 W, 72, 2460 MHz
2026/09/23 08:06:32.776, 0, 85 %, 74 %, 3573 MiB, 49140 MiB, 277.50 W, 300.00 W, 71, 2340 MHz
2026/09/23 08:06:33.776, 0, 87 %, 75 %, 3573 MiB, 49140 MiB, 275.60 W, 300.00 W, 72, 2415 MHz
2026/09/23 08:06:34.777, 0, 93 %, 82 %, 3573 MiB, 49140 MiB, 279.05 W, 300.00 W, 72, 2385 MHz
2026/09/23 08:06:35.778, 0, 91 %, 79 %, 3573 MiB, 49140 MiB, 276.88 W, 300.00 W, 70, 2400 MHz
2026/09/23 08:06:36.779, 0, 91 %, 78 %, 3573 MiB, 49140 MiB, 279.75 W, 300.00 W, 71, 2160 MHz
2026/09/23 08:06:37.780, 0, 91 %, 79 %, 3573 MiB, 49140 MiB, 275.64 W, 300.00 W, 72, 2220 MHz
2026/09/23 08:06:38.781, 0, 91 %, 78 %, 3573 MiB, 49140 MiB, 274.74 W, 300.00 W, 71, 2460 MHz
2026/09/23 08:06:39.782, 0, 87 %, 75 %, 3573 MiB, 49140 MiB, 275.75 W, 300.00 W, 72, 2490 MHz
2026/09/23 08:06:40.783, 0, 59 %, 38 %, 3573 MiB, 49140 MiB, 197.50 W, 300.00 W, 67, 2745 MHz
2026/09/23 08:06:41.783, 0, 64 %, 57 %, 3573 MiB, 49140 MiB, 196.71 W, 300.00 W, 70, 2130 MHz
2026/09/23 08:06:42.784, 0, 95 %, 83 %, 3573 MiB, 49140 MiB, 279.12 W, 300.00 W, 70, 2250 MHz
2026/09/23 08:06:43.785, 0, 89 %, 77 %, 3573 MiB, 49140 MiB, 279.21 W, 300.00 W, 71, 2145 MHz
2026/09/23 08:06:44.786, 0, 92 %, 81 %, 3573 MiB, 49140 MiB, 278.45 W, 300.00 W, 72, 2370 MHz
2026/09/23 08:06:45.786, 0, 93 %, 79 %, 3573 MiB, 49140 MiB, 279.51 W, 300.00 W, 73, 2475 MHz
2026/09/23 08:06:46.787, 0, 92 %, 82 %, 3573 MiB, 49140 MiB, 279.37 W, 300.00 W, 71, 2325 MHz
2026/09/23 08:06:47.787, 0, 90 %, 77 %, 3573 MiB, 49140 MiB, 277.82 W, 300.00 W, 72, 2430 MHz
2026/09/23 08:06:48.788, 0, 88 %, 76 %, 3573 MiB, 49140 MiB, 274.89 W, 300.00 W, 72, 2400 MHz
2026/09/23 08:06:49.789, 0, 91 %, 79 %, 3573 MiB, 49140 MiB, 277.39 W, 300.00 W, 72, 2385 MHz
2026/09/23 08:06:50.790, 0, 94 %, 80 %, 3573 MiB, 49140 MiB, 278.04 W, 300.00 W, 71, 2460 MHz
2026/09/23 08:06:51.790, 0, 87 %, 75 %, 3573 MiB, 49140 MiB, 279.37 W, 300.00 W, 72, 2415 MHz
2026/09/23 08:06:52.791, 0, 90 %, 77 %, 3573 MiB, 49140 MiB, 276.06 W, 300.00 W, 71, 2520 MHz
2026/09/23 08:06:53.792, 0, 63 %, 41 %, 3573 MiB, 49140 MiB, 185.53 W, 300.00 W, 66, 2625 MHz
2026/09/23 08:06:54.793, 0, 88 %, 77 %, 3573 MiB, 49140 MiB, 194.62 W, 300.00 W, 71, 2445 MHz
2026/09/23 08:06:55.794, 0, 86 %, 75 %, 3573 MiB, 49140 MiB, 277.16 W, 300.00 W, 70, 2250 MHz
2026/09/23 08:06:56.795, 0, 90 %, 77 %, 3573 MiB, 49140 MiB, 278.12 W, 300.00 W, 70, 2220 MHz
2026/09/23 08:06:57.795, 0, 92 %, 79 %, 3573 MiB, 49140 MiB, 278.68 W, 300.00 W, 71, 2430 MHz
2026/09/23 08:06:58.796, 0, 91 %, 77 %, 3573 MiB, 49140 MiB, 280.10 W, 300.00 W, 72, 2175 MHz
2026/09/23 08:06:59.797, 0, 84 %, 73 %, 3573 MiB, 49140 MiB, 277.29 W, 300.00 W, 71, 2430 MHz
2026/09/23 08:07:00.797, 0, 90 %, 76 %, 3573 MiB, 49140 MiB, 278.60 W, 300.00 W, 71, 2430 MHz
2026/09/23 08:07:01.800, 0, 88 %, 75 %, 3573 MiB, 49140 MiB, 279.11 W, 300.00 W, 72, 2445 MHz
2026/09/23 08:07:02.801, 0, 89 %, 77 %, 3573 MiB, 49140 MiB, 278.77 W, 300.00 W, 72, 2265 MHz
2026/09/23 08:07:03.802, 0, 86 %, 74 %, 3573 MiB, 49140 MiB, 280.00 W, 300.00 W, 72, 2355 MHz
2026/09/23 08:07:04.803, 0, 94 %, 82 %, 3573 MiB, 49140 MiB, 277.65 W, 300.00 W, 71, 2400 MHz
2026/09/23 08:07:05.804, 0, 94 %, 82 %, 3573 MiB, 49140 MiB, 276.90 W, 300.00 W, 71, 2550 MHz
2026/09/23 08:07:06.806, 0, 25 %, 16 %, 3573 MiB, 49140 MiB, 174.13 W, 300.00 W, 66, 2745 MHz
2026/09/23 08:07:07.806, 0, 87 %, 75 %, 3573 MiB, 49140 MiB, 212.87 W, 300.00 W, 70, 2190 MHz
2026/09/23 08:07:08.807, 0, 88 %, 76 %, 3573 MiB, 49140 MiB, 283.01 W, 300.00 W, 73, 2460 MHz
2026/09/23 08:07:09.808, 0, 88 %, 75 %, 3573 MiB, 49140 MiB, 282.26 W, 300.00 W, 72, 2310 MHz
2026/09/23 08:07:10.809, 0, 87 %, 75 %, 3573 MiB, 49140 MiB, 280.49 W, 300.00 W, 71, 2205 MHz
2026/09/23 08:07:11.810, 0, 93 %, 80 %, 3573 MiB, 49140 MiB, 282.17 W, 300.00 W, 72, 2235 MHz
2026/09/23 08:07:12.811, 0, 94 %, 80 %, 3573 MiB, 49140 MiB, 282.54 W, 300.00 W, 71, 2160 MHz
2026/09/23 08:07:13.812, 0, 86 %, 75 %, 3573 MiB, 49140 MiB, 280.41 W, 300.00 W, 72, 2490 MHz
2026/09/23 08:07:14.815, 0, 91 %, 77 %, 3573 MiB, 49140 MiB, 280.58 W, 300.00 W, 71, 2370 MHz
2026/09/23 08:07:15.816, 0, 89 %, 77 %, 3573 MiB, 49140 MiB, 282.20 W, 300.00 W, 72, 2430 MHz
2026/09/23 08:07:16.816, 0, 93 %, 81 %, 3573 MiB, 49140 MiB, 283.51 W, 300.00 W, 72, 2355 MHz
2026/09/23 08:07:17.817, 0, 92 %, 81 %, 3573 MiB, 49140 MiB, 283.30 W, 300.00 W, 71, 2385 MHz
2026/09/23 08:07:18.818, 0, 87 %, 75 %, 3573 MiB, 49140 MiB, 277.47 W, 300.00 W, 72, 2565 MHz
2026/09/23 08:07:19.819, 0, 0 %, 0 %, 3573 MiB, 49140 MiB, 167.62 W, 300.00 W, 66, 2745 MHz
2026/09/23 08:07:20.820, 0, 94 %, 82 %, 3573 MiB, 49140 MiB, 218.81 W, 300.00 W, 70, 2400 MHz
2026/09/23 08:07:21.821, 0, 85 %, 75 %, 3573 MiB, 49140 MiB, 280.23 W, 300.00 W, 72, 2295 MHz
2026/09/23 08:07:22.822, 0, 94 %, 80 %, 3573 MiB, 49140 MiB, 284.06 W, 300.00 W, 72, 2115 MHz
2026/09/23 08:07:23.822, 0, 94 %, 82 %, 3573 MiB, 49140 MiB, 281.27 W, 300.00 W, 71, 2370 MHz
2026/09/23 08:07:24.824, 0, 92 %, 79 %, 3573 MiB, 49140 MiB, 281.98 W, 300.00 W, 72, 2400 MHz
2026/09/23 08:07:25.825, 0, 89 %, 78 %, 3573 MiB, 49140 MiB, 282.37 W, 300.00 W, 71, 2370 MHz
2026/09/23 08:07:26.826, 0, 84 %, 73 %, 3573 MiB, 49140 MiB, 282.33 W, 300.00 W, 71, 2370 MHz
2026/09/23 08:07:27.826, 0, 91 %, 76 %, 3573 MiB, 49140 MiB, 280.96 W, 300.00 W, 72, 2385 MHz
2026/09/23 08:07:28.827, 0, 88 %, 76 %, 3573 MiB, 49140 MiB, 281.86 W, 300.00 W, 71, 2475 MHz
2026/09/23 08:07:29.828, 0, 89 %, 78 %, 3573 MiB, 49140 MiB, 281.83 W, 300.00 W, 72, 2175 MHz
2026/09/23 08:07:30.829, 0, 92 %, 81 %, 3573 MiB, 49140 MiB, 282.41 W, 300.00 W, 72, 2415 MHz
2026/09/23 08:07:31.830, 0, 90 %, 76 %, 3573 MiB, 49140 MiB, 276.74 W, 300.00 W, 72, 2670 MHz
2026/09/23 08:07:32.831, 0, 0 %, 0 %, 3573 MiB, 49140 MiB, 160.17 W, 300.00 W, 66, 2745 MHz
2026/09/23 08:07:33.831, 0, 92 %, 80 %, 3573 MiB, 49140 MiB, 221.96 W, 300.00 W, 71, 2385 MHz
2026/09/23 08:07:34.833, 0, 92 %, 80 %, 3573 MiB, 49140 MiB, 278.11 W, 300.00 W, 70, 2385 MHz
2026/09/23 08:07:35.833, 0, 94 %, 82 %, 3573 MiB, 49140 MiB, 280.07 W, 300.00 W, 72, 2355 MHz
2026/09/23 08:07:36.835, 0, 95 %, 79 %, 3573 MiB, 49140 MiB, 281.25 W, 300.00 W, 72, 2160 MHz
2026/09/23 08:07:37.835, 0, 93 %, 82 %, 3573 MiB, 49140 MiB, 279.04 W, 300.00 W, 71, 2370 MHz
2026/09/23 08:07:38.836, 0, 91 %, 79 %, 3573 MiB, 49140 MiB, 279.24 W, 300.00 W, 72, 2385 MHz
2026/09/23 08:07:39.836, 0, 92 %, 78 %, 3573 MiB, 49140 MiB, 279.01 W, 300.00 W, 72, 2385 MHz
2026/09/23 08:07:40.837, 0, 90 %, 78 %, 3573 MiB, 49140 MiB, 279.15 W, 300.00 W, 71, 2340 MHz
2026/09/23 08:07:41.838, 0, 95 %, 81 %, 3573 MiB, 49140 MiB, 274.52 W, 300.00 W, 72, 2370 MHz
2026/09/23 08:07:42.839, 0, 91 %, 79 %, 3573 MiB, 49140 MiB, 275.60 W, 300.00 W, 73, 2280 MHz
2026/09/23 08:07:43.840, 0, 91 %, 80 %, 3573 MiB, 49140 MiB, 278.21 W, 300.00 W, 71, 2400 MHz
2026/09/23 08:07:44.843, 0, 93 %, 80 %, 3573 MiB, 49140 MiB, 273.19 W, 300.00 W, 72, 2640 MHz
2026/09/23 08:07:45.843, 0, 0 %, 0 %, 3573 MiB, 49140 MiB, 145.71 W, 300.00 W, 66, 2745 MHz
2026/09/23 08:07:46.844, 0, 86 %, 74 %, 3573 MiB, 49140 MiB, 241.47 W, 300.00 W, 70, 2415 MHz
2026/09/23 08:07:47.845, 0, 92 %, 80 %, 3573 MiB, 49140 MiB, 279.43 W, 300.00 W, 73, 2310 MHz
2026/09/23 08:07:48.846, 0, 89 %, 76 %, 3573 MiB, 49140 MiB, 278.71 W, 300.00 W, 71, 2430 MHz
2026/09/23 08:07:49.846, 0, 90 %, 79 %, 3573 MiB, 49140 MiB, 276.82 W, 300.00 W, 71, 2310 MHz
2026/09/23 08:07:50.847, 0, 90 %, 79 %, 3573 MiB, 49140 MiB, 276.43 W, 300.00 W, 72, 2415 MHz
2026/09/23 08:07:51.849, 0, 89 %, 77 %, 3573 MiB, 49140 MiB, 278.85 W, 300.00 W, 72, 2265 MHz
2026/09/23 08:07:52.850, 0, 91 %, 79 %, 3573 MiB, 49140 MiB, 279.03 W, 300.00 W, 72, 2370 MHz
2026/09/23 08:07:53.851, 0, 92 %, 79 %, 3573 MiB, 49140 MiB, 279.32 W, 300.00 W, 73, 2280 MHz
2026/09/23 08:07:54.851, 0, 90 %, 78 %, 3573 MiB, 49140 MiB, 278.45 W, 300.00 W, 73, 2160 MHz
2026/09/23 08:07:55.852, 0, 91 %, 79 %, 3573 MiB, 49140 MiB, 279.30 W, 300.00 W, 72, 2340 MHz
2026/09/23 08:07:56.853, 0, 89 %, 77 %, 3573 MiB, 49140 MiB, 277.96 W, 300.00 W, 72, 2445 MHz
2026/09/23 08:07:57.854, 0, 90 %, 79 %, 3573 MiB, 49140 MiB, 271.57 W, 300.00 W, 72, 2520 MHz
2026/09/23 08:07:58.854, 0, 0 %, 0 %, 3573 MiB, 49140 MiB, 133.94 W, 300.00 W, 69, 2400 MHz
2026/09/23 08:07:59.855, 0, 92 %, 78 %, 3573 MiB, 49140 MiB, 262.35 W, 300.00 W, 72, 2190 MHz
2026/09/23 08:08:00.856, 0, 94 %, 82 %, 3573 MiB, 49140 MiB, 280.18 W, 300.00 W, 71, 2220 MHz
2026/09/23 08:08:01.857, 0, 88 %, 76 %, 3573 MiB, 49140 MiB, 278.78 W, 300.00 W, 71, 2460 MHz
2026/09/23 08:08:02.858, 0, 92 %, 80 %, 3573 MiB, 49140 MiB, 278.21 W, 300.00 W, 71, 2400 MHz
2026/09/23 08:08:03.858, 0, 85 %, 74 %, 3573 MiB, 49140 MiB, 278.24 W, 300.00 W, 71, 2370 MHz
2026/09/23 08:08:04.859, 0, 88 %, 77 %, 3573 MiB, 49140 MiB, 278.96 W, 300.00 W, 71, 2445 MHz
2026/09/23 08:08:05.860, 0, 90 %, 77 %, 3573 MiB, 49140 MiB, 278.29 W, 300.00 W, 73, 2145 MHz
2026/09/23 08:08:06.861, 0, 90 %, 78 %, 3573 MiB, 49140 MiB, 274.60 W, 300.00 W, 71, 2370 MHz
2026/09/23 08:08:07.862, 0, 87 %, 75 %, 3573 MiB, 49140 MiB, 279.04 W, 300.00 W, 71, 2445 MHz
2026/09/23 08:08:08.863, 0, 88 %, 76 %, 3573 MiB, 49140 MiB, 279.67 W, 300.00 W, 72, 2340 MHz
2026/09/23 08:08:09.863, 0, 90 %, 79 %, 3573 MiB, 49140 MiB, 279.53 W, 300.00 W, 72, 2370 MHz
2026/09/23 08:08:10.864, 0, 91 %, 79 %, 3573 MiB, 49140 MiB, 269.86 W, 300.00 W, 72, 2550 MHz
2026/09/23 08:08:11.865, 0, 0 %, 0 %, 3573 MiB, 49140 MiB, 128.02 W, 300.00 W, 70, 2460 MHz
2026/09/23 08:08:12.866, 0, 87 %, 76 %, 3573 MiB, 49140 MiB, 270.43 W, 300.00 W, 72, 2370 MHz
2026/09/23 08:08:13.867, 0, 90 %, 78 %, 3573 MiB, 49140 MiB, 281.22 W, 300.00 W, 71, 2325 MHz
2026/09/23 08:08:14.868, 0, 89 %, 76 %, 3573 MiB, 49140 MiB, 282.66 W, 300.00 W, 71, 2130 MHz
2026/09/23 08:08:15.869, 0, 90 %, 78 %, 3573 MiB, 49140 MiB, 281.30 W, 300.00 W, 71, 2160 MHz
2026/09/23 08:08:16.869, 0, 87 %, 75 %, 3573 MiB, 49140 MiB, 280.93 W, 300.00 W, 72, 2385 MHz
2026/09/23 08:08:17.871, 0, 90 %, 79 %, 3573 MiB, 49140 MiB, 281.30 W, 300.00 W, 72, 2295 MHz
2026/09/23 08:08:18.873, 0, 95 %, 80 %, 3573 MiB, 49140 MiB, 278.97 W, 300.00 W, 71, 2235 MHz
2026/09/23 08:08:19.874, 0, 89 %, 78 %, 3573 MiB, 49140 MiB, 281.02 W, 300.00 W, 72, 2445 MHz
2026/09/23 08:08:20.874, 0, 91 %, 79 %, 3573 MiB, 49140 MiB, 282.52 W, 300.00 W, 73, 2310 MHz
2026/09/23 08:08:21.875, 0, 90 %, 79 %, 3573 MiB, 49140 MiB, 280.20 W, 300.00 W, 72, 2220 MHz
2026/09/23 08:08:22.876, 0, 92 %, 79 %, 3573 MiB, 49140 MiB, 283.86 W, 300.00 W, 72, 2385 MHz
2026/09/23 08:08:23.877, 0, 83 %, 71 %, 3573 MiB, 49140 MiB, 271.48 W, 300.00 W, 72, 2520 MHz
2026/09/23 08:08:24.878, 0, 0 %, 0 %, 3573 MiB, 49140 MiB, 117.31 W, 300.00 W, 66, 2745 MHz
2026/09/23 08:08:25.878, 0, 89 %, 77 %, 3573 MiB, 49140 MiB, 257.09 W, 300.00 W, 71, 2445 MHz
2026/09/23 08:08:26.879, 0, 93 %, 77 %, 3573 MiB, 49140 MiB, 282.17 W, 300.00 W, 71, 2400 MHz
2026/09/23 08:08:27.881, 0, 92 %, 81 %, 3573 MiB, 49140 MiB, 281.85 W, 300.00 W, 71, 2505 MHz
2026/09/23 08:08:28.882, 0, 89 %, 77 %, 3573 MiB, 49140 MiB, 282.10 W, 300.00 W, 73, 2325 MHz
2026/09/23 08:08:29.882, 0, 85 %, 75 %, 3573 MiB, 49140 MiB, 279.95 W, 300.00 W, 71, 2310 MHz
2026/09/23 08:08:30.883, 0, 95 %, 82 %, 3573 MiB, 49140 MiB, 280.96 W, 300.00 W, 72, 2490 MHz
2026/09/23 08:08:31.884, 0, 90 %, 78 %, 3573 MiB, 49140 MiB, 279.95 W, 300.00 W, 72, 2190 MHz
2026/09/23 08:08:32.887, 0, 95 %, 83 %, 3573 MiB, 49140 MiB, 282.93 W, 300.00 W, 72, 2325 MHz
2026/09/23 08:08:33.888, 0, 87 %, 76 %, 3573 MiB, 49140 MiB, 281.32 W, 300.00 W, 72, 2415 MHz
2026/09/23 08:08:34.889, 0, 89 %, 76 %, 3573 MiB, 49140 MiB, 282.34 W, 300.00 W, 72, 2445 MHz
2026/09/23 08:08:35.890, 0, 90 %, 78 %, 3573 MiB, 49140 MiB, 282.70 W, 300.00 W, 72, 2415 MHz
2026/09/23 08:08:36.890, 0, 87 %, 75 %, 3573 MiB, 49140 MiB, 274.38 W, 300.00 W, 72, 2595 MHz
2026/09/23 08:08:37.891, 0, 0 %, 0 %, 3573 MiB, 49140 MiB, 126.40 W, 300.00 W, 70, 2535 MHz
2026/09/23 08:08:38.892, 0, 94 %, 83 %, 3573 MiB, 49140 MiB, 262.29 W, 300.00 W, 73, 2325 MHz
2026/09/23 08:08:39.892, 0, 86 %, 75 %, 3573 MiB, 49140 MiB, 277.27 W, 300.00 W, 71, 2205 MHz
2026/09/23 08:08:40.893, 0, 95 %, 81 %, 3573 MiB, 49140 MiB, 279.96 W, 300.00 W, 72, 2340 MHz
2026/09/23 08:08:41.896, 0, 87 %, 76 %, 3573 MiB, 49140 MiB, 278.66 W, 300.00 W, 71, 2385 MHz
2026/09/23 08:08:42.896, 0, 88 %, 76 %, 3573 MiB, 49140 MiB, 278.19 W, 300.00 W, 72, 2475 MHz
2026/09/23 08:08:43.897, 0, 88 %, 76 %, 3573 MiB, 49140 MiB, 280.16 W, 300.00 W, 73, 2265 MHz
2026/09/23 08:08:44.898, 0, 91 %, 79 %, 3573 MiB, 49140 MiB, 280.68 W, 300.00 W, 73, 2355 MHz
2026/09/23 08:08:45.899, 0, 90 %, 76 %, 3573 MiB, 49140 MiB, 277.98 W, 300.00 W, 71, 2280 MHz
2026/09/23 08:08:46.900, 0, 90 %, 78 %, 3573 MiB, 49140 MiB, 278.04 W, 300.00 W, 71, 2580 MHz
2026/09/23 08:08:47.901, 0, 88 %, 76 %, 3573 MiB, 49140 MiB, 277.62 W, 300.00 W, 71, 2265 MHz
2026/09/23 08:08:48.902, 0, 88 %, 75 %, 3573 MiB, 49140 MiB, 278.06 W, 300.00 W, 72, 2355 MHz
2026/09/23 08:08:49.902, 0, 90 %, 78 %, 3573 MiB, 49140 MiB, 270.57 W, 300.00 W, 72, 2595 MHz
2026/09/23 08:08:50.903, 0, 0 %, 0 %, 3573 MiB, 49140 MiB, 130.02 W, 300.00 W, 71, 2445 MHz
2026/09/23 08:08:51.904, 0, 89 %, 78 %, 3573 MiB, 49140 MiB, 259.90 W, 300.00 W, 71, 2430 MHz
2026/09/23 08:08:52.904, 0, 91 %, 79 %, 3573 MiB, 49140 MiB, 277.03 W, 300.00 W, 71, 2325 MHz
2026/09/23 08:08:53.905, 0, 89 %, 77 %, 3573 MiB, 49140 MiB, 278.29 W, 300.00 W, 72, 2325 MHz
2026/09/23 08:08:54.906, 0, 89 %, 76 %, 3573 MiB, 49140 MiB, 278.86 W, 300.00 W, 71, 2175 MHz
2026/09/23 08:08:55.908, 0, 91 %, 79 %, 3573 MiB, 49140 MiB, 278.60 W, 300.00 W, 72, 2505 MHz
2026/09/23 08:08:56.909, 0, 91 %, 78 %, 3573 MiB, 49140 MiB, 280.23 W, 300.00 W, 72, 2505 MHz
2026/09/23 08:08:57.909, 0, 85 %, 73 %, 3573 MiB, 49140 MiB, 278.39 W, 300.00 W, 71, 2415 MHz
2026/09/23 08:08:58.910, 0, 87 %, 75 %, 3573 MiB, 49140 MiB, 278.64 W, 300.00 W, 71, 2355 MHz
2026/09/23 08:08:59.911, 0, 94 %, 81 %, 3573 MiB, 49140 MiB, 278.01 W, 300.00 W, 72, 2445 MHz
2026/09/23 08:09:00.912, 0, 89 %, 77 %, 3573 MiB, 49140 MiB, 281.65 W, 300.00 W, 72, 2175 MHz
2026/09/23 08:09:01.913, 0, 89 %, 77 %, 3573 MiB, 49140 MiB, 278.74 W, 300.00 W, 72, 2175 MHz
2026/09/23 08:09:02.914, 0, 89 %, 77 %, 3573 MiB, 49140 MiB, 271.79 W, 300.00 W, 73, 2550 MHz
2026/09/23 08:09:03.915, 0, 0 %, 0 %, 3573 MiB, 49140 MiB, 128.85 W, 300.00 W, 69, 2430 MHz
2026/09/23 08:09:04.916, 0, 94 %, 80 %, 3573 MiB, 49140 MiB, 272.32 W, 300.00 W, 70, 2295 MHz
2026/09/23 08:09:05.917, 0, 90 %, 76 %, 3573 MiB, 49140 MiB, 278.13 W, 300.00 W, 70, 2265 MHz
2026/09/23 08:09:06.918, 0, 91 %, 79 %, 3573 MiB, 49140 MiB, 279.73 W, 300.00 W, 73, 2370 MHz
2026/09/23 08:09:07.919, 0, 93 %, 80 %, 3573 MiB, 49140 MiB, 276.82 W, 300.00 W, 71, 2460 MHz
2026/09/23 08:09:08.919, 0, 91 %, 79 %, 3573 MiB, 49140 MiB, 278.75 W, 300.00 W, 72, 2295 MHz
2026/09/23 08:09:09.920, 0, 91 %, 80 %, 3573 MiB, 49140 MiB, 279.61 W, 300.00 W, 71, 2250 MHz
2026/09/23 08:09:10.921, 0, 92 %, 81 %, 3573 MiB, 49140 MiB, 279.00 W, 300.00 W, 71, 2400 MHz
2026/09/23 08:09:11.922, 0, 93 %, 79 %, 3573 MiB, 49140 MiB, 278.16 W, 300.00 W, 71, 2370 MHz
2026/09/23 08:09:12.922, 0, 85 %, 73 %, 3573 MiB, 49140 MiB, 278.53 W, 300.00 W, 71, 2520 MHz
2026/09/23 08:09:13.923, 0, 86 %, 75 %, 3573 MiB, 49140 MiB, 277.95 W, 300.00 W, 73, 2280 MHz
2026/09/23 08:09:14.925, 0, 85 %, 74 %, 3573 MiB, 49140 MiB, 277.39 W, 300.00 W, 72, 2460 MHz
2026/09/23 08:09:15.926, 0, 88 %, 73 %, 3573 MiB, 49140 MiB, 270.78 W, 300.00 W, 71, 2535 MHz
2026/09/23 08:09:16.926, 0, 0 %, 0 %, 3573 MiB, 49140 MiB, 129.94 W, 300.00 W, 70, 2400 MHz
2026/09/23 08:09:17.927, 0, 87 %, 75 %, 3573 MiB, 49140 MiB, 273.77 W, 300.00 W, 70, 2265 MHz
2026/09/23 08:09:18.927, 0, 91 %, 80 %, 3573 MiB, 49140 MiB, 278.23 W, 300.00 W, 71, 2400 MHz
2026/09/23 08:09:19.928, 0, 92 %, 78 %, 3573 MiB, 49140 MiB, 277.61 W, 300.00 W, 71, 2340 MHz
2026/09/23 08:09:20.929, 0, 91 %, 78 %, 3573 MiB, 49140 MiB, 281.53 W, 300.00 W, 72, 2430 MHz
2026/09/23 08:09:21.929, 0, 93 %, 80 %, 3573 MiB, 49140 MiB, 279.97 W, 300.00 W, 72, 2265 MHz
2026/09/23 08:09:22.930, 0, 89 %, 77 %, 3573 MiB, 49140 MiB, 278.20 W, 300.00 W, 72, 2340 MHz
2026/09/23 08:09:23.932, 0, 90 %, 79 %, 3573 MiB, 49140 MiB, 279.20 W, 300.00 W, 71, 2430 MHz
2026/09/23 08:09:24.932, 0, 90 %, 78 %, 3573 MiB, 49140 MiB, 278.31 W, 300.00 W, 72, 2295 MHz
2026/09/23 08:09:25.933, 0, 94 %, 81 %, 3573 MiB, 49140 MiB, 280.19 W, 300.00 W, 72, 2205 MHz
2026/09/23 08:09:26.935, 0, 92 %, 81 %, 3573 MiB, 49140 MiB, 277.84 W, 300.00 W, 71, 2370 MHz
2026/09/23 08:09:27.936, 0, 91 %, 78 %, 3573 MiB, 49140 MiB, 278.19 W, 300.00 W, 72, 2325 MHz
2026/09/23 08:09:28.936, 0, 75 %, 57 %, 3573 MiB, 49140 MiB, 261.48 W, 300.00 W, 73, 2730 MHz
2026/09/23 08:09:29.937, 0, 0 %, 0 %, 3573 MiB, 49140 MiB, 131.26 W, 300.00 W, 70, 2295 MHz
2026/09/23 08:09:30.937, 0, 90 %, 77 %, 3573 MiB, 49140 MiB, 274.44 W, 300.00 W, 71, 2190 MHz
2026/09/23 08:09:31.939, 0, 90 %, 78 %, 3573 MiB, 49140 MiB, 275.93 W, 300.00 W, 71, 2325 MHz
2026/09/23 08:09:32.940, 0, 87 %, 75 %, 3573 MiB, 49140 MiB, 274.43 W, 300.00 W, 70, 2475 MHz
2026/09/23 08:09:33.941, 0, 94 %, 82 %, 3573 MiB, 49140 MiB, 275.99 W, 300.00 W, 71, 2400 MHz
2026/09/23 08:09:34.942, 0, 86 %, 75 %, 3573 MiB, 49140 MiB, 273.06 W, 300.00 W, 71, 2460 MHz
2026/09/23 08:09:35.943, 0, 89 %, 77 %, 3573 MiB, 49140 MiB, 276.13 W, 300.00 W, 71, 2415 MHz
2026/09/23 08:09:36.943, 0, 88 %, 75 %, 3573 MiB, 49140 MiB, 275.34 W, 300.00 W, 72, 2160 MHz
2026/09/23 08:09:37.944, 0, 93 %, 81 %, 3573 MiB, 49140 MiB, 275.67 W, 300.00 W, 73, 2325 MHz
2026/09/23 08:09:38.945, 0, 93 %, 80 %, 3573 MiB, 49140 MiB, 279.18 W, 300.00 W, 73, 2145 MHz
2026/09/23 08:09:39.945, 0, 88 %, 77 %, 3573 MiB, 49140 MiB, 278.65 W, 300.00 W, 71, 2415 MHz
2026/09/23 08:09:40.946, 0, 95 %, 81 %, 3573 MiB, 49140 MiB, 280.37 W, 300.00 W, 71, 2430 MHz
2026/09/23 08:09:41.947, 0, 71 %, 46 %, 3573 MiB, 49140 MiB, 266.85 W, 300.00 W, 68, 2730 MHz
2026/09/23 08:09:42.948, 0, 0 %, 0 %, 3573 MiB, 49140 MiB, 86.63 W, 300.00 W, 66, 2745 MHz
2026/09/23 08:09:43.949, 0, 85 %, 74 %, 3573 MiB, 49140 MiB, 181.89 W, 300.00 W, 71, 2370 MHz
2026/09/23 08:09:44.950, 0, 91 %, 79 %, 3573 MiB, 49140 MiB, 275.57 W, 300.00 W, 71, 2355 MHz
2026/09/23 08:09:45.951, 0, 87 %, 76 %, 3573 MiB, 49140 MiB, 277.29 W, 300.00 W, 71, 2370 MHz
2026/09/23 08:09:46.952, 0, 91 %, 79 %, 3573 MiB, 49140 MiB, 276.34 W, 300.00 W, 70, 2430 MHz
2026/09/23 08:09:47.954, 0, 93 %, 82 %, 3573 MiB, 49140 MiB, 275.48 W, 300.00 W, 72, 2370 MHz
2026/09/23 08:09:48.955, 0, 85 %, 75 %, 3573 MiB, 49140 MiB, 279.05 W, 300.00 W, 72, 2085 MHz
2026/09/23 08:09:49.955, 0, 88 %, 77 %, 3573 MiB, 49140 MiB, 279.57 W, 300.00 W, 72, 2310 MHz
2026/09/23 08:09:50.956, 0, 92 %, 78 %, 3573 MiB, 49140 MiB, 277.45 W, 300.00 W, 71, 2370 MHz
2026/09/23 08:09:51.957, 0, 89 %, 76 %, 3573 MiB, 49140 MiB, 276.97 W, 300.00 W, 72, 2370 MHz
2026/09/23 08:09:52.958, 0, 87 %, 75 %, 3573 MiB, 49140 MiB, 277.06 W, 300.00 W, 71, 2400 MHz
2026/09/23 08:09:53.958, 0, 88 %, 74 %, 3573 MiB, 49140 MiB, 281.77 W, 300.00 W, 72, 2130 MHz
2026/09/23 08:09:54.959, 0, 90 %, 79 %, 3573 MiB, 49140 MiB, 276.93 W, 300.00 W, 73, 2520 MHz
2026/09/23 08:09:55.959, 0, 69 %, 44 %, 3573 MiB, 49140 MiB, 199.45 W, 300.00 W, 66, 2745 MHz
2026/09/23 08:09:56.961, 0, 49 %, 43 %, 3573 MiB, 49140 MiB, 182.31 W, 300.00 W, 72, 2445 MHz
2026/09/23 08:09:57.962, 0, 88 %, 77 %, 3573 MiB, 49140 MiB, 278.43 W, 300.00 W, 71, 2145 MHz
2026/09/23 08:09:58.965, 0, 94 %, 80 %, 3573 MiB, 49140 MiB, 278.58 W, 300.00 W, 71, 2325 MHz
2026/09/23 08:09:59.966, 0, 88 %, 75 %, 3573 MiB, 49140 MiB, 277.87 W, 300.00 W, 71, 2430 MHz
2026/09/23 08:10:00.967, 0, 89 %, 76 %, 3573 MiB, 49140 MiB, 278.87 W, 300.00 W, 71, 2430 MHz
2026/09/23 08:10:01.967, 0, 92 %, 78 %, 3573 MiB, 49140 MiB, 277.23 W, 300.00 W, 71, 2445 MHz
2026/09/23 08:10:02.968, 0, 91 %, 80 %, 3573 MiB, 49140 MiB, 279.70 W, 300.00 W, 72, 2370 MHz
2026/09/23 08:10:03.970, 0, 85 %, 74 %, 3573 MiB, 49140 MiB, 279.00 W, 300.00 W, 72, 2370 MHz
2026/09/23 08:10:04.971, 0, 88 %, 76 %, 3573 MiB, 49140 MiB, 278.93 W, 300.00 W, 71, 2430 MHz
2026/09/23 08:10:05.971, 0, 85 %, 75 %, 3573 MiB, 49140 MiB, 278.39 W, 300.00 W, 71, 2175 MHz
2026/09/23 08:10:06.972, 0, 89 %, 77 %, 3573 MiB, 49140 MiB, 278.35 W, 300.00 W, 72, 2355 MHz
2026/09/23 08:10:07.972, 0, 86 %, 75 %, 3573 MiB, 49140 MiB, 277.98 W, 300.00 W, 71, 2370 MHz
2026/09/23 08:10:08.973, 0, 65 %, 42 %, 3573 MiB, 49140 MiB, 202.79 W, 300.00 W, 66, 2745 MHz
2026/09/23 08:10:09.974, 0, 48 %, 41 %, 3573 MiB, 49140 MiB, 183.07 W, 300.00 W, 72, 2430 MHz
2026/09/23 08:10:10.975, 0, 93 %, 83 %, 3573 MiB, 49140 MiB, 280.13 W, 300.00 W, 71, 2310 MHz
2026/09/23 08:10:11.976, 0, 91 %, 80 %, 3573 MiB, 49140 MiB, 280.75 W, 300.00 W, 71, 2235 MHz
2026/09/23 08:10:12.978, 0, 90 %, 78 %, 3573 MiB, 49140 MiB, 278.39 W, 300.00 W, 70, 2415 MHz
2026/09/23 08:10:13.979, 0, 88 %, 76 %, 3573 MiB, 49140 MiB, 278.73 W, 300.00 W, 72, 2370 MHz
2026/09/23 08:10:14.979, 0, 94 %, 81 %, 3573 MiB, 49140 MiB, 279.88 W, 300.00 W, 71, 2460 MHz
2026/09/23 08:10:15.980, 0, 86 %, 74 %, 3573 MiB, 49140 MiB, 279.03 W, 300.00 W, 72, 2475 MHz
2026/09/23 08:10:16.982, 0, 88 %, 78 %, 3573 MiB, 49140 MiB, 278.85 W, 300.00 W, 71, 2235 MHz
2026/09/23 08:10:17.983, 0, 89 %, 78 %, 3573 MiB, 49140 MiB, 278.94 W, 300.00 W, 72, 2145 MHz
2026/09/23 08:10:18.984, 0, 95 %, 81 %, 3573 MiB, 49140 MiB, 279.87 W, 300.00 W, 71, 2235 MHz
2026/09/23 08:10:19.985, 0, 87 %, 75 %, 3573 MiB, 49140 MiB, 280.54 W, 300.00 W, 71, 2415 MHz
2026/09/23 08:10:20.986, 0, 92 %, 79 %, 3573 MiB, 49140 MiB, 275.66 W, 300.00 W, 72, 2460 MHz
2026/09/23 08:10:21.986, 0, 60 %, 39 %, 3573 MiB, 49140 MiB, 117.26 W, 300.00 W, 66, 2745 MHz
2026/09/23 08:10:22.987, 0, 90 %, 78 %, 3573 MiB, 49140 MiB, 252.79 W, 300.00 W, 72, 2385 MHz
2026/09/23 08:10:23.988, 0, 90 %, 80 %, 3573 MiB, 49140 MiB, 276.47 W, 300.00 W, 71, 2325 MHz
2026/09/23 08:10:24.989, 0, 88 %, 76 %, 3573 MiB, 49140 MiB, 273.37 W, 300.00 W, 72, 2475 MHz
2026/09/23 08:10:25.990, 0, 92 %, 82 %, 3573 MiB, 49140 MiB, 273.54 W, 300.00 W, 72, 2415 MHz
2026/09/23 08:10:26.990, 0, 85 %, 72 %, 3573 MiB, 49140 MiB, 275.42 W, 300.00 W, 72, 2475 MHz
2026/09/23 08:10:27.991, 0, 91 %, 78 %, 3573 MiB, 49140 MiB, 277.52 W, 300.00 W, 72, 2400 MHz
2026/09/23 08:10:28.992, 0, 90 %, 81 %, 3573 MiB, 49140 MiB, 279.54 W, 300.00 W, 72, 2385 MHz
2026/09/23 08:10:29.993, 0, 87 %, 75 %, 3573 MiB, 49140 MiB, 275.46 W, 300.00 W, 71, 2475 MHz
2026/09/23 08:10:30.994, 0, 89 %, 75 %, 3573 MiB, 49140 MiB, 277.14 W, 300.00 W, 72, 2355 MHz
2026/09/23 08:10:31.995, 0, 90 %, 78 %, 3573 MiB, 49140 MiB, 277.80 W, 300.00 W, 70, 2415 MHz
2026/09/23 08:10:32.996, 0, 84 %, 73 %, 3573 MiB, 49140 MiB, 278.59 W, 300.00 W, 71, 2430 MHz
2026/09/23 08:10:33.997, 0, 60 %, 38 %, 3573 MiB, 49140 MiB, 271.80 W, 300.00 W, 70, 2640 MHz
2026/09/23 08:10:34.997, 0, 0 %, 0 %, 3573 MiB, 49140 MiB, 141.95 W, 300.00 W, 66, 2745 MHz
2026/09/23 08:10:35.998, 0, 90 %, 79 %, 3573 MiB, 49140 MiB, 225.14 W, 300.00 W, 70, 2445 MHz
2026/09/23 08:10:36.998, 0, 92 %, 80 %, 3573 MiB, 49140 MiB, 279.50 W, 300.00 W, 71, 2325 MHz
2026/09/23 08:10:37.999, 0, 90 %, 78 %, 3573 MiB, 49140 MiB, 278.48 W, 300.00 W, 71, 2385 MHz
2026/09/23 08:10:39.000, 0, 89 %, 74 %, 3573 MiB, 49140 MiB, 277.14 W, 300.00 W, 72, 2370 MHz
2026/09/23 08:10:40.001, 0, 94 %, 79 %, 3573 MiB, 49140 MiB, 279.43 W, 300.00 W, 70, 2235 MHz
2026/09/23 08:10:41.002, 0, 82 %, 72 %, 3573 MiB, 49140 MiB, 277.61 W, 300.00 W, 70, 2490 MHz
2026/09/23 08:10:42.002, 0, 91 %, 79 %, 3573 MiB, 49140 MiB, 278.22 W, 300.00 W, 73, 2370 MHz
2026/09/23 08:10:43.003, 0, 90 %, 80 %, 3573 MiB, 49140 MiB, 279.54 W, 300.00 W, 71, 2430 MHz
2026/09/23 08:10:44.004, 0, 93 %, 79 %, 3573 MiB, 49140 MiB, 280.48 W, 300.00 W, 72, 2130 MHz
2026/09/23 08:10:45.005, 0, 91 %, 80 %, 3573 MiB, 49140 MiB, 279.52 W, 300.00 W, 71, 2130 MHz
2026/09/23 08:10:46.006, 0, 92 %, 79 %, 3573 MiB, 49140 MiB, 278.43 W, 300.00 W, 73, 2160 MHz
2026/09/23 08:10:47.006, 0, 68 %, 44 %, 3573 MiB, 49140 MiB, 271.41 W, 300.00 W, 71, 2580 MHz
2026/09/23 08:10:48.007, 0, 0 %, 0 %, 3573 MiB, 49140 MiB, 144.05 W, 300.00 W, 66, 2745 MHz
2026/09/23 08:10:49.007, 0, 92 %, 82 %, 3573 MiB, 49140 MiB, 246.92 W, 300.00 W, 71, 2385 MHz
2026/09/23 08:10:50.008, 0, 88 %, 77 %, 3573 MiB, 49140 MiB, 280.21 W, 300.00 W, 72, 2430 MHz
2026/09/23 08:10:51.008, 0, 92 %, 78 %, 3573 MiB, 49140 MiB, 277.71 W, 300.00 W, 71, 2445 MHz
2026/09/23 08:10:52.009, 0, 90 %, 76 %, 3573 MiB, 49140 MiB, 280.46 W, 300.00 W, 70, 2475 MHz
2026/09/23 08:10:53.011, 0, 87 %, 75 %, 3573 MiB, 49140 MiB, 278.80 W, 300.00 W, 72, 2445 MHz
2026/09/23 08:10:54.012, 0, 89 %, 79 %, 3573 MiB, 49140 MiB, 278.24 W, 300.00 W, 72, 2340 MHz
2026/09/23 08:10:55.013, 0, 92 %, 81 %, 3573 MiB, 49140 MiB, 279.11 W, 300.00 W, 72, 2340 MHz
2026/09/23 08:10:56.013, 0, 92 %, 76 %, 3573 MiB, 49140 MiB, 278.50 W, 300.00 W, 71, 2460 MHz
2026/09/23 08:10:57.014, 0, 87 %, 77 %, 3573 MiB, 49140 MiB, 277.64 W, 300.00 W, 73, 2460 MHz
2026/09/23 08:10:58.015, 0, 91 %, 79 %, 3573 MiB, 49140 MiB, 277.68 W, 300.00 W, 72, 2385 MHz
2026/09/23 08:10:59.016, 0, 95 %, 84 %, 3573 MiB, 49140 MiB, 279.77 W, 300.00 W, 72, 2115 MHz
2026/09/23 08:11:00.017, 0, 69 %, 44 %, 3573 MiB, 49140 MiB, 273.50 W, 300.00 W, 72, 2580 MHz
2026/09/23 08:11:01.017, 0, 0 %, 0 %, 3573 MiB, 49140 MiB, 131.73 W, 300.00 W, 70, 2745 MHz
2026/09/23 08:11:02.018, 0, 91 %, 81 %, 3573 MiB, 49140 MiB, 257.62 W, 300.00 W, 71, 2190 MHz
2026/09/23 08:11:03.019, 0, 90 %, 76 %, 3573 MiB, 49140 MiB, 275.93 W, 300.00 W, 71, 2370 MHz
2026/09/23 08:11:04.019, 0, 91 %, 77 %, 3573 MiB, 49140 MiB, 272.91 W, 300.00 W, 71, 2370 MHz
2026/09/23 08:11:05.020, 0, 92 %, 80 %, 3573 MiB, 49140 MiB, 275.42 W, 300.00 W, 71, 2100 MHz
2026/09/23 08:11:06.021, 0, 93 %, 79 %, 3573 MiB, 49140 MiB, 278.80 W, 300.00 W, 71, 2115 MHz
2026/09/23 08:11:07.022, 0, 91 %, 77 %, 3573 MiB, 49140 MiB, 278.61 W, 300.00 W, 72, 2340 MHz
2026/09/23 08:11:08.023, 0, 90 %, 78 %, 3573 MiB, 49140 MiB, 279.11 W, 300.00 W, 72, 2445 MHz
2026/09/23 08:11:09.023, 0, 93 %, 78 %, 3573 MiB, 49140 MiB, 276.91 W, 300.00 W, 71, 2280 MHz
2026/09/23 08:11:10.025, 0, 90 %, 79 %, 3573 MiB, 49140 MiB, 278.31 W, 300.00 W, 71, 2175 MHz
2026/09/23 08:11:11.026, 0, 93 %, 80 %, 3573 MiB, 49140 MiB, 280.96 W, 300.00 W, 71, 2295 MHz
2026/09/23 08:11:12.028, 0, 91 %, 78 %, 3573 MiB, 49140 MiB, 279.95 W, 300.00 W, 72, 2370 MHz
2026/09/23 08:11:13.029, 0, 75 %, 49 %, 3573 MiB, 49140 MiB, 271.72 W, 300.00 W, 72, 2415 MHz
2026/09/23 08:11:14.029, 0, 69 %, 59 %, 3573 MiB, 49140 MiB, 131.61 W, 300.00 W, 70, 2445 MHz
2026/09/23 08:11:15.031, 0, 91 %, 79 %, 3573 MiB, 49140 MiB, 277.07 W, 300.00 W, 72, 2265 MHz
2026/09/23 08:11:16.032, 0, 89 %, 76 %, 3573 MiB, 49140 MiB, 274.51 W, 300.00 W, 71, 2400 MHz
2026/09/23 08:11:17.032, 0, 91 %, 80 %, 3573 MiB, 49140 MiB, 277.43 W, 300.00 W, 72, 2385 MHz
2026/09/23 08:11:18.033, 0, 91 %, 78 %, 3573 MiB, 49140 MiB, 278.18 W, 300.00 W, 72, 2370 MHz
2026/09/23 08:11:19.033, 0, 84 %, 73 %, 3573 MiB, 49140 MiB, 277.41 W, 300.00 W, 71, 2340 MHz
2026/09/23 08:11:20.036, 0, 91 %, 81 %, 3573 MiB, 49140 MiB, 269.46 W, 300.00 W, 71, 2355 MHz
2026/09/23 08:11:21.036, 0, 89 %, 78 %, 3573 MiB, 49140 MiB, 275.93 W, 300.00 W, 71, 2370 MHz
2026/09/23 08:11:22.037, 0, 91 %, 78 %, 3573 MiB, 49140 MiB, 275.90 W, 300.00 W, 71, 2070 MHz
2026/09/23 08:11:23.038, 0, 91 %, 78 %, 3573 MiB, 49140 MiB, 280.89 W, 300.00 W, 72, 2370 MHz
2026/09/23 08:11:24.038, 0, 92 %, 77 %, 3573 MiB, 49140 MiB, 280.84 W, 300.00 W, 71, 2415 MHz
2026/09/23 08:11:25.039, 0, 88 %, 78 %, 3573 MiB, 49140 MiB, 281.19 W, 300.00 W, 71, 2265 MHz
2026/09/23 08:11:26.040, 0, 65 %, 42 %, 3573 MiB, 49140 MiB, 270.89 W, 300.00 W, 72, 2625 MHz
2026/09/23 08:11:27.041, 0, 36 %, 31 %, 3573 MiB, 49140 MiB, 129.55 W, 300.00 W, 71, 2445 MHz
2026/09/23 08:11:28.041, 0, 92 %, 81 %, 3573 MiB, 49140 MiB, 271.63 W, 300.00 W, 71, 2370 MHz
2026/09/23 08:11:29.042, 0, 89 %, 79 %, 3573 MiB, 49140 MiB, 280.39 W, 300.00 W, 73, 2475 MHz
2026/09/23 08:11:30.043, 0, 83 %, 72 %, 3573 MiB, 49140 MiB, 278.72 W, 300.00 W, 71, 2460 MHz
2026/09/23 08:11:31.044, 0, 90 %, 77 %, 3573 MiB, 49140 MiB, 282.45 W, 300.00 W, 71, 2475 MHz
2026/09/23 08:11:32.045, 0, 88 %, 77 %, 3573 MiB, 49140 MiB, 283.99 W, 300.00 W, 71, 2385 MHz
2026/09/23 08:11:33.046, 0, 89 %, 77 %, 3573 MiB, 49140 MiB, 279.39 W, 300.00 W, 71, 2400 MHz
2026/09/23 08:11:34.047, 0, 91 %, 80 %, 3573 MiB, 49140 MiB, 280.91 W, 300.00 W, 72, 2325 MHz
2026/09/23 08:11:35.048, 0, 95 %, 80 %, 3573 MiB, 49140 MiB, 283.69 W, 300.00 W, 72, 2415 MHz
2026/09/23 08:11:36.049, 0, 93 %, 78 %, 3573 MiB, 49140 MiB, 282.05 W, 300.00 W, 72, 2175 MHz
2026/09/23 08:11:37.050, 0, 91 %, 78 %, 3573 MiB, 49140 MiB, 281.54 W, 300.00 W, 71, 2430 MHz
2026/09/23 08:11:38.051, 0, 89 %, 75 %, 3573 MiB, 49140 MiB, 280.18 W, 300.00 W, 72, 2400 MHz
2026/09/23 08:11:39.051, 0, 72 %, 45 %, 3573 MiB, 49140 MiB, 273.73 W, 300.00 W, 71, 2550 MHz
2026/09/23 08:11:40.052, 0, 76 %, 65 %, 3573 MiB, 49140 MiB, 129.37 W, 300.00 W, 70, 2370 MHz
2026/09/23 08:11:41.052, 0, 93 %, 79 %, 3573 MiB, 49140 MiB, 277.18 W, 300.00 W, 72, 2445 MHz
2026/09/23 08:11:42.053, 0, 87 %, 76 %, 3573 MiB, 49140 MiB, 277.29 W, 300.00 W, 72, 2265 MHz
2026/09/23 08:11:43.054, 0, 92 %, 82 %, 3573 MiB, 49140 MiB, 278.70 W, 300.00 W, 72, 2100 MHz
2026/09/23 08:11:44.055, 0, 92 %, 78 %, 3573 MiB, 49140 MiB, 279.15 W, 300.00 W, 71, 2385 MHz
2026/09/23 08:11:45.057, 0, 93 %, 81 %, 3573 MiB, 49140 MiB, 280.82 W, 300.00 W, 72, 2400 MHz
2026/09/23 08:11:46.058, 0, 90 %, 80 %, 3573 MiB, 49140 MiB, 279.08 W, 300.00 W, 71, 2310 MHz
2026/09/23 08:11:47.059, 0, 88 %, 76 %, 3573 MiB, 49140 MiB, 279.14 W, 300.00 W, 71, 2385 MHz
2026/09/23 08:11:48.060, 0, 91 %, 78 %, 3573 MiB, 49140 MiB, 278.96 W, 300.00 W, 72, 2280 MHz
2026/09/23 08:11:49.060, 0, 90 %, 79 %, 3573 MiB, 49140 MiB, 278.55 W, 300.00 W, 73, 2115 MHz
2026/09/23 08:11:50.061, 0, 86 %, 75 %, 3573 MiB, 49140 MiB, 274.71 W, 300.00 W, 73, 2250 MHz
2026/09/23 08:11:51.062, 0, 89 %, 78 %, 3573 MiB, 49140 MiB, 277.64 W, 300.00 W, 72, 2355 MHz
2026/09/23 08:11:52.062, 0, 64 %, 42 %, 3573 MiB, 49140 MiB, 270.85 W, 300.00 W, 73, 2580 MHz
2026/09/23 08:11:53.063, 0, 89 %, 78 %, 3573 MiB, 49140 MiB, 132.73 W, 300.00 W, 71, 2460 MHz
2026/09/23 08:11:54.064, 0, 90 %, 78 %, 3573 MiB, 49140 MiB, 278.99 W, 300.00 W, 70, 2445 MHz
2026/09/23 08:11:55.064, 0, 89 %, 77 %, 3573 MiB, 49140 MiB, 279.15 W, 300.00 W, 72, 2370 MHz
2026/09/23 08:11:56.065, 0, 92 %, 80 %, 3573 MiB, 49140 MiB, 278.42 W, 300.00 W, 72, 2430 MHz
2026/09/23 08:11:57.066, 0, 88 %, 76 %, 3573 MiB, 49140 MiB, 278.92 W, 300.00 W, 71, 2400 MHz
2026/09/23 08:11:58.067, 0, 90 %, 80 %, 3573 MiB, 49140 MiB, 279.12 W, 300.00 W, 72, 2235 MHz
2026/09/23 08:11:59.069, 0, 86 %, 75 %, 3573 MiB, 49140 MiB, 277.07 W, 300.00 W, 70, 2370 MHz
2026/09/23 08:12:00.070, 0, 85 %, 74 %, 3573 MiB, 49140 MiB, 277.98 W, 300.00 W, 73, 2130 MHz
2026/09/23 08:12:01.071, 0, 93 %, 78 %, 3573 MiB, 49140 MiB, 277.34 W, 300.00 W, 71, 2220 MHz
2026/09/23 08:12:02.072, 0, 84 %, 74 %, 3573 MiB, 49140 MiB, 277.17 W, 300.00 W, 73, 2130 MHz
2026/09/23 08:12:03.073, 0, 89 %, 75 %, 3573 MiB, 49140 MiB, 277.39 W, 300.00 W, 71, 2385 MHz
2026/09/23 08:12:04.074, 0, 94 %, 80 %, 3573 MiB, 49140 MiB, 281.19 W, 300.00 W, 72, 2115 MHz
2026/09/23 08:12:05.075, 0, 65 %, 41 %, 3573 MiB, 49140 MiB, 270.03 W, 300.00 W, 70, 2700 MHz
2026/09/23 08:12:06.075, 0, 90 %, 77 %, 3573 MiB, 49140 MiB, 130.94 W, 300.00 W, 71, 2400 MHz
2026/09/23 08:12:07.076, 0, 89 %, 76 %, 3573 MiB, 49140 MiB, 283.22 W, 300.00 W, 72, 2400 MHz
2026/09/23 08:12:08.077, 0, 94 %, 82 %, 3573 MiB, 49140 MiB, 284.71 W, 300.00 W, 72, 2235 MHz
2026/09/23 08:12:09.078, 0, 92 %, 80 %, 3573 MiB, 49140 MiB, 282.00 W, 300.00 W, 72, 2460 MHz
2026/09/23 08:12:10.079, 0, 89 %, 76 %, 3573 MiB, 49140 MiB, 281.87 W, 300.00 W, 72, 2430 MHz
2026/09/23 08:12:11.080, 0, 90 %, 80 %, 3573 MiB, 49140 MiB, 284.31 W, 300.00 W, 73, 2145 MHz
2026/09/23 08:12:12.081, 0, 94 %, 79 %, 3573 MiB, 49140 MiB, 282.39 W, 300.00 W, 72, 2310 MHz
2026/09/23 08:12:13.082, 0, 86 %, 75 %, 3573 MiB, 49140 MiB, 281.59 W, 300.00 W, 73, 2250 MHz
2026/09/23 08:12:14.083, 0, 88 %, 76 %, 3573 MiB, 49140 MiB, 281.35 W, 300.00 W, 71, 2490 MHz
2026/09/23 08:12:15.083, 0, 86 %, 74 %, 3573 MiB, 49140 MiB, 285.04 W, 300.00 W, 71, 2520 MHz
2026/09/23 08:12:16.084, 0, 94 %, 81 %, 3573 MiB, 49140 MiB, 284.21 W, 300.00 W, 71, 2355 MHz
2026/09/23 08:12:17.085, 0, 91 %, 76 %, 3573 MiB, 49140 MiB, 286.73 W, 300.00 W, 72, 2205 MHz
2026/09/23 08:12:18.085, 0, 23 %, 15 %, 3573 MiB, 49140 MiB, 262.66 W, 300.00 W, 68, 2730 MHz
2026/09/23 08:12:19.086, 0, 90 %, 76 %, 3573 MiB, 49140 MiB, 132.20 W, 300.00 W, 70, 2490 MHz
2026/09/23 08:12:20.087, 0, 92 %, 81 %, 3573 MiB, 49140 MiB, 274.98 W, 300.00 W, 71, 2295 MHz
2026/09/23 08:12:21.088, 0, 88 %, 76 %, 3573 MiB, 49140 MiB, 276.13 W, 300.00 W, 72, 2415 MHz
2026/09/23 08:12:22.089, 0, 94 %, 80 %, 3573 MiB, 49140 MiB, 278.59 W, 300.00 W, 72, 2295 MHz
2026/09/23 08:12:23.090, 0, 92 %, 80 %, 3573 MiB, 49140 MiB, 279.01 W, 300.00 W, 72, 2160 MHz
2026/09/23 08:12:24.091, 0, 85 %, 74 %, 3573 MiB, 49140 MiB, 278.11 W, 300.00 W, 73, 2385 MHz
2026/09/23 08:12:25.091, 0, 93 %, 78 %, 3573 MiB, 49140 MiB, 278.83 W, 300.00 W, 72, 2250 MHz
2026/09/23 08:12:26.092, 0, 91 %, 79 %, 3573 MiB, 49140 MiB, 280.04 W, 300.00 W, 72, 2115 MHz
2026/09/23 08:12:27.093, 0, 95 %, 82 %, 3573 MiB, 49140 MiB, 279.80 W, 300.00 W, 72, 2055 MHz
2026/09/23 08:12:28.093, 0, 89 %, 77 %, 3573 MiB, 49140 MiB, 279.49 W, 300.00 W, 71, 2145 MHz
2026/09/23 08:12:29.094, 0, 89 %, 76 %, 3573 MiB, 49140 MiB, 279.65 W, 300.00 W, 72, 2415 MHz
2026/09/23 08:12:30.096, 0, 91 %, 80 %, 3573 MiB, 49140 MiB, 279.26 W, 300.00 W, 72, 2400 MHz
2026/09/23 08:12:31.096, 0, 0 %, 0 %, 3573 MiB, 49140 MiB, 248.99 W, 300.00 W, 67, 2745 MHz
2026/09/23 08:12:32.097, 0, 91 %, 78 %, 3573 MiB, 49140 MiB, 137.18 W, 300.00 W, 70, 2400 MHz
2026/09/23 08:12:33.097, 0, 93 %, 79 %, 3573 MiB, 49140 MiB, 277.74 W, 300.00 W, 71, 2325 MHz
2026/09/23 08:12:34.098, 0, 87 %, 76 %, 3573 MiB, 49140 MiB, 276.91 W, 300.00 W, 72, 2280 MHz
2026/09/23 08:12:35.099, 0, 90 %, 79 %, 3573 MiB, 49140 MiB, 278.93 W, 300.00 W, 73, 2310 MHz
2026/09/23 08:12:36.100, 0, 89 %, 79 %, 3573 MiB, 49140 MiB, 279.01 W, 300.00 W, 71, 2370 MHz
2026/09/23 08:12:37.101, 0, 91 %, 80 %, 3573 MiB, 49140 MiB, 277.23 W, 300.00 W, 71, 2325 MHz
2026/09/23 08:12:38.101, 0, 85 %, 75 %, 3573 MiB, 49140 MiB, 278.69 W, 300.00 W, 72, 2370 MHz
2026/09/23 08:12:39.103, 0, 91 %, 79 %, 3573 MiB, 49140 MiB, 278.84 W, 300.00 W, 72, 2355 MHz
2026/09/23 08:12:40.105, 0, 92 %, 80 %, 3573 MiB, 49140 MiB, 278.76 W, 300.00 W, 72, 2175 MHz
2026/09/23 08:12:41.106, 0, 92 %, 81 %, 3573 MiB, 49140 MiB, 280.10 W, 300.00 W, 72, 2055 MHz
2026/09/23 08:12:42.107, 0, 95 %, 82 %, 3573 MiB, 49140 MiB, 279.88 W, 300.00 W, 71, 2100 MHz
2026/09/23 08:12:43.108, 0, 88 %, 77 %, 3573 MiB, 49140 MiB, 279.45 W, 300.00 W, 73, 2370 MHz
2026/09/23 08:12:44.108, 0, 0 %, 0 %, 3573 MiB, 49140 MiB, 227.80 W, 300.00 W, 67, 2745 MHz
2026/09/23 08:12:45.109, 0, 91 %, 76 %, 3573 MiB, 49140 MiB, 148.20 W, 300.00 W, 71, 2355 MHz
2026/09/23 08:12:46.110, 0, 94 %, 80 %, 3573 MiB, 49140 MiB, 280.89 W, 300.00 W, 71, 2430 MHz
2026/09/23 08:12:47.111, 0, 94 %, 79 %, 3573 MiB, 49140 MiB, 279.18 W, 300.00 W, 71, 2295 MHz
2026/09/23 08:12:48.112, 0, 92 %, 80 %, 3573 MiB, 49140 MiB, 279.33 W, 300.00 W, 72, 2145 MHz
2026/09/23 08:12:49.112, 0, 86 %, 76 %, 3573 MiB, 49140 MiB, 278.37 W, 300.00 W, 73, 2295 MHz
2026/09/23 08:12:50.113, 0, 89 %, 77 %, 3573 MiB, 49140 MiB, 280.59 W, 300.00 W, 73, 2415 MHz
2026/09/23 08:12:51.115, 0, 90 %, 80 %, 3573 MiB, 49140 MiB, 280.52 W, 300.00 W, 73, 2355 MHz
2026/09/23 08:12:52.115, 0, 88 %, 78 %, 3573 MiB, 49140 MiB, 278.08 W, 300.00 W, 72, 2460 MHz
2026/09/23 08:12:53.116, 0, 94 %, 80 %, 3573 MiB, 49140 MiB, 281.57 W, 300.00 W, 71, 2460 MHz
2026/09/23 08:12:54.118, 0, 91 %, 77 %, 3573 MiB, 49140 MiB, 280.20 W, 300.00 W, 71, 2445 MHz
2026/09/23 08:12:55.119, 0, 88 %, 77 %, 3573 MiB, 49140 MiB, 277.74 W, 300.00 W, 72, 2400 MHz
2026/09/23 08:12:56.120, 0, 90 %, 79 %, 3573 MiB, 49140 MiB, 277.76 W, 300.00 W, 73, 2355 MHz
2026/09/23 08:12:57.120, 0, 0 %, 0 %, 3573 MiB, 49140 MiB, 215.68 W, 300.00 W, 67, 2745 MHz
2026/09/23 08:12:58.122, 0, 88 %, 78 %, 3573 MiB, 49140 MiB, 163.09 W, 300.00 W, 70, 2370 MHz
2026/09/23 08:12:59.123, 0, 93 %, 83 %, 3573 MiB, 49140 MiB, 281.24 W, 300.00 W, 72, 2460 MHz
2026/09/23 08:13:00.124, 0, 88 %, 74 %, 3573 MiB, 49140 MiB, 282.21 W, 300.00 W, 72, 2340 MHz
2026/09/23 08:13:01.125, 0, 91 %, 80 %, 3573 MiB, 49140 MiB, 280.49 W, 300.00 W, 70, 2160 MHz
2026/09/23 08:13:02.126, 0, 93 %, 82 %, 3573 MiB, 49140 MiB, 282.80 W, 300.00 W, 72, 2100 MHz
2026/09/23 08:13:03.127, 0, 87 %, 77 %, 3573 MiB, 49140 MiB, 282.62 W, 300.00 W, 71, 2415 MHz
2026/09/23 08:13:04.127, 0, 88 %, 75 %, 3573 MiB, 49140 MiB, 281.73 W, 300.00 W, 72, 2505 MHz
2026/09/23 08:13:05.128, 0, 92 %, 81 %, 3573 MiB, 49140 MiB, 279.74 W, 300.00 W, 72, 2250 MHz
2026/09/23 08:13:06.129, 0, 89 %, 77 %, 3573 MiB, 49140 MiB, 280.51 W, 300.00 W, 72, 2490 MHz
2026/09/23 08:13:07.129, 0, 91 %, 77 %, 3573 MiB, 49140 MiB, 281.17 W, 300.00 W, 72, 2280 MHz
2026/09/23 08:13:08.130, 0, 89 %, 78 %, 3573 MiB, 49140 MiB, 281.74 W, 300.00 W, 72, 2115 MHz
2026/09/23 08:13:09.131, 0, 90 %, 79 %, 3573 MiB, 49140 MiB, 282.18 W, 300.00 W, 72, 2145 MHz
2026/09/23 08:13:10.131, 0, 0 %, 0 %, 3573 MiB, 49140 MiB, 214.48 W, 300.00 W, 67, 2745 MHz
2026/09/23 08:13:11.132, 0, 87 %, 73 %, 3573 MiB, 49140 MiB, 165.55 W, 300.00 W, 71, 2400 MHz
2026/09/23 08:13:12.133, 0, 91 %, 76 %, 3573 MiB, 49140 MiB, 279.21 W, 300.00 W, 71, 2415 MHz
2026/09/23 08:13:13.136, 0, 89 %, 77 %, 3573 MiB, 49140 MiB, 280.32 W, 300.00 W, 71, 2475 MHz
2026/09/23 08:13:14.137, 0, 91 %, 78 %, 3573 MiB, 49140 MiB, 280.87 W, 300.00 W, 71, 2415 MHz
2026/09/23 08:13:15.139, 0, 90 %, 79 %, 3573 MiB, 49140 MiB, 278.59 W, 300.00 W, 73, 2250 MHz
2026/09/23 08:13:16.141, 0, 89 %, 75 %, 3573 MiB, 49140 MiB, 277.74 W, 300.00 W, 71, 2445 MHz
2026/09/23 08:13:17.142, 0, 95 %, 80 %, 3573 MiB, 49140 MiB, 280.23 W, 300.00 W, 72, 2250 MHz
2026/09/23 08:13:18.143, 0, 89 %, 77 %, 3573 MiB, 49140 MiB, 280.58 W, 300.00 W, 72, 2340 MHz
2026/09/23 08:13:19.144, 0, 94 %, 79 %, 3573 MiB, 49140 MiB, 279.42 W, 300.00 W, 71, 2355 MHz
2026/09/23 08:13:20.145, 0, 94 %, 81 %, 3573 MiB, 49140 MiB, 279.23 W, 300.00 W, 71, 2415 MHz
2026/09/23 08:13:21.146, 0, 89 %, 76 %, 3573 MiB, 49140 MiB, 280.39 W, 300.00 W, 71, 2385 MHz
2026/09/23 08:13:22.147, 0, 88 %, 74 %, 3573 MiB, 49140 MiB, 280.61 W, 300.00 W, 72, 2520 MHz
2026/09/23 08:13:23.147, 0, 0 %, 0 %, 3573 MiB, 49140 MiB, 196.89 W, 300.00 W, 66, 2745 MHz
2026/09/23 08:13:24.148, 0, 93 %, 80 %, 3573 MiB, 49140 MiB, 181.95 W, 300.00 W, 71, 2415 MHz
2026/09/23 08:13:25.148, 0, 88 %, 75 %, 3573 MiB, 49140 MiB, 277.63 W, 300.00 W, 71, 2385 MHz
2026/09/23 08:13:26.150, 0, 91 %, 80 %, 3573 MiB, 49140 MiB, 279.78 W, 300.00 W, 73, 2340 MHz
2026/09/23 08:13:27.151, 0, 90 %, 77 %, 3573 MiB, 49140 MiB, 277.71 W, 300.00 W, 70, 2490 MHz
2026/09/23 08:13:28.151, 0, 91 %, 77 %, 3573 MiB, 49140 MiB, 279.88 W, 300.00 W, 71, 2280 MHz
2026/09/23 08:13:29.152, 0, 94 %, 81 %, 3573 MiB, 49140 MiB, 277.99 W, 300.00 W, 72, 2310 MHz
2026/09/23 08:13:30.153, 0, 74 %, 63 %, 3573 MiB, 49140 MiB, 274.74 W, 300.00 W, 72, 2205 MHz
2026/09/23 08:13:31.154, 0, 93 %, 80 %, 3573 MiB, 49140 MiB, 277.82 W, 300.00 W, 71, 2430 MHz
2026/09/23 08:13:32.155, 0, 84 %, 72 %, 3573 MiB, 49140 MiB, 277.93 W, 300.00 W, 72, 2295 MHz
2026/09/23 08:13:33.156, 0, 89 %, 79 %, 3573 MiB, 49140 MiB, 280.34 W, 300.00 W, 73, 2235 MHz
2026/09/23 08:13:34.157, 0, 92 %, 81 %, 3573 MiB, 49140 MiB, 280.12 W, 300.00 W, 73, 2220 MHz
2026/09/23 08:13:35.157, 0, 66 %, 42 %, 3573 MiB, 49140 MiB, 275.44 W, 300.00 W, 71, 2550 MHz
2026/09/23 08:13:36.158, 0, 0 %, 0 %, 3573 MiB, 49140 MiB, 181.97 W, 300.00 W, 66, 2745 MHz
2026/09/23 08:13:37.159, 0, 89 %, 77 %, 3573 MiB, 49140 MiB, 198.92 W, 300.00 W, 73, 2385 MHz
2026/09/23 08:13:38.159, 0, 87 %, 75 %, 3573 MiB, 49140 MiB, 276.62 W, 300.00 W, 71, 2415 MHz
2026/09/23 08:13:39.160, 0, 92 %, 80 %, 3573 MiB, 49140 MiB, 278.86 W, 300.00 W, 72, 2190 MHz
2026/09/23 08:13:40.161, 0, 91 %, 77 %, 3573 MiB, 49140 MiB, 279.41 W, 300.00 W, 73, 2325 MHz
2026/09/23 08:13:41.161, 0, 89 %, 77 %, 3573 MiB, 49140 MiB, 279.86 W, 300.00 W, 72, 2325 MHz
2026/09/23 08:13:42.162, 0, 90 %, 79 %, 3573 MiB, 49140 MiB, 278.48 W, 300.00 W, 71, 2460 MHz
2026/09/23 08:13:43.163, 0, 91 %, 78 %, 3573 MiB, 49140 MiB, 279.17 W, 300.00 W, 72, 2325 MHz
2026/09/23 08:13:44.164, 0, 91 %, 79 %, 3573 MiB, 49140 MiB, 274.36 W, 300.00 W, 72, 2130 MHz
2026/09/23 08:13:45.165, 0, 94 %, 82 %, 3573 MiB, 49140 MiB, 276.67 W, 300.00 W, 71, 2265 MHz
2026/09/23 08:13:46.166, 0, 90 %, 78 %, 3573 MiB, 49140 MiB, 276.94 W, 300.00 W, 73, 2205 MHz
2026/09/23 08:13:47.167, 0, 93 %, 80 %, 3573 MiB, 49140 MiB, 279.20 W, 300.00 W, 73, 2145 MHz
2026/09/23 08:13:48.168, 0, 65 %, 42 %, 3573 MiB, 49140 MiB, 275.33 W, 300.00 W, 72, 2520 MHz
2026/09/23 08:13:49.169, 0, 0 %, 0 %, 3573 MiB, 49140 MiB, 169.14 W, 300.00 W, 66, 2745 MHz
2026/09/23 08:13:50.169, 0, 93 %, 81 %, 3573 MiB, 49140 MiB, 211.88 W, 300.00 W, 71, 2325 MHz
2026/09/23 08:13:51.171, 0, 88 %, 75 %, 3573 MiB, 49140 MiB, 278.44 W, 300.00 W, 70, 2385 MHz
2026/09/23 08:13:52.172, 0, 93 %, 81 %, 3573 MiB, 49140 MiB, 279.51 W, 300.00 W, 71, 2250 MHz
2026/09/23 08:13:53.173, 0, 89 %, 78 %, 3573 MiB, 49140 MiB, 276.73 W, 300.00 W, 71, 2370 MHz
2026/09/23 08:13:54.173, 0, 86 %, 74 %, 3573 MiB, 49140 MiB, 278.00 W, 300.00 W, 70, 2535 MHz
2026/09/23 08:13:55.174, 0, 87 %, 76 %, 3573 MiB, 49140 MiB, 277.76 W, 300.00 W, 71, 2475 MHz
2026/09/23 08:13:56.176, 0, 89 %, 77 %, 3573 MiB, 49140 MiB, 276.99 W, 300.00 W, 71, 2310 MHz
2026/09/23 08:13:57.176, 0, 91 %, 78 %, 3573 MiB, 49140 MiB, 279.11 W, 300.00 W, 73, 2160 MHz
2026/09/23 08:13:58.177, 0, 91 %, 80 %, 3573 MiB, 49140 MiB, 279.72 W, 300.00 W, 72, 2400 MHz
2026/09/23 08:13:59.178, 0, 94 %, 80 %, 3573 MiB, 49140 MiB, 277.51 W, 300.00 W, 71, 2100 MHz
2026/09/23 08:14:00.179, 0, 89 %, 76 %, 3573 MiB, 49140 MiB, 280.22 W, 300.00 W, 72, 2370 MHz
2026/09/23 08:14:01.180, 0, 69 %, 44 %, 3573 MiB, 49140 MiB, 276.88 W, 300.00 W, 72, 2505 MHz
2026/09/23 08:14:02.180, 0, 0 %, 0 %, 3573 MiB, 49140 MiB, 166.72 W, 300.00 W, 66, 2745 MHz
2026/09/23 08:14:03.181, 0, 90 %, 76 %, 3573 MiB, 49140 MiB, 207.09 W, 300.00 W, 72, 2430 MHz
2026/09/23 08:14:04.182, 0, 87 %, 75 %, 3573 MiB, 49140 MiB, 277.66 W, 300.00 W, 72, 2505 MHz
2026/09/23 08:14:05.183, 0, 92 %, 77 %, 3573 MiB, 49140 MiB, 278.23 W, 300.00 W, 71, 2145 MHz
2026/09/23 08:14:06.183, 0, 91 %, 77 %, 3573 MiB, 49140 MiB, 277.90 W, 300.00 W, 73, 2415 MHz
2026/09/23 08:14:07.185, 0, 87 %, 76 %, 3573 MiB, 49140 MiB, 276.87 W, 300.00 W, 71, 2310 MHz
2026/09/23 08:14:08.186, 0, 94 %, 82 %, 3573 MiB, 49140 MiB, 280.07 W, 300.00 W, 72, 2340 MHz
2026/09/23 08:14:09.186, 0, 89 %, 77 %, 3573 MiB, 49140 MiB, 278.42 W, 300.00 W, 73, 2460 MHz
2026/09/23 08:14:10.187, 0, 91 %, 79 %, 3573 MiB, 49140 MiB, 279.70 W, 300.00 W, 72, 2400 MHz
2026/09/23 08:14:11.188, 0, 90 %, 79 %, 3573 MiB, 49140 MiB, 279.22 W, 300.00 W, 71, 2145 MHz
2026/09/23 08:14:12.189, 0, 93 %, 81 %, 3573 MiB, 49140 MiB, 279.37 W, 300.00 W, 71, 2160 MHz
2026/09/23 08:14:13.189, 0, 92 %, 80 %, 3573 MiB, 49140 MiB, 280.17 W, 300.00 W, 71, 2265 MHz
2026/09/23 08:14:14.190, 0, 75 %, 48 %, 3573 MiB, 49140 MiB, 277.79 W, 300.00 W, 73, 2430 MHz
2026/09/23 08:14:15.191, 0, 0 %, 0 %, 3573 MiB, 49140 MiB, 164.16 W, 300.00 W, 66, 2745 MHz
2026/09/23 08:14:16.191, 0, 90 %, 77 %, 3573 MiB, 49140 MiB, 221.26 W, 300.00 W, 71, 2250 MHz
2026/09/23 08:14:17.193, 0, 91 %, 80 %, 3573 MiB, 49140 MiB, 279.98 W, 300.00 W, 70, 2415 MHz
2026/09/23 08:14:18.193, 0, 94 %, 80 %, 3573 MiB, 49140 MiB, 279.26 W, 300.00 W, 72, 2295 MHz
2026/09/23 08:14:19.197, 0, 90 %, 78 %, 3573 MiB, 49140 MiB, 279.92 W, 300.00 W, 70, 2355 MHz
2026/09/23 08:14:20.197, 0, 88 %, 76 %, 3573 MiB, 49140 MiB, 278.90 W, 300.00 W, 72, 2325 MHz
2026/09/23 08:14:21.198, 0, 90 %, 77 %, 3573 MiB, 49140 MiB, 276.89 W, 300.00 W, 71, 2370 MHz
2026/09/23 08:14:22.199, 0, 90 %, 78 %, 3573 MiB, 49140 MiB, 278.77 W, 300.00 W, 72, 2355 MHz
2026/09/23 08:14:23.199, 0, 89 %, 78 %, 3573 MiB, 49140 MiB, 278.96 W, 300.00 W, 71, 2205 MHz
2026/09/23 08:14:24.200, 0, 93 %, 80 %, 3573 MiB, 49140 MiB, 278.35 W, 300.00 W, 72, 2250 MHz
2026/09/23 08:14:25.201, 0, 89 %, 76 %, 3573 MiB, 49140 MiB, 278.30 W, 300.00 W, 73, 2325 MHz
2026/09/23 08:14:26.202, 0, 87 %, 75 %, 3573 MiB, 49140 MiB, 278.52 W, 300.00 W, 73, 2460 MHz
2026/09/23 08:14:27.203, 0, 69 %, 44 %, 3573 MiB, 49140 MiB, 275.36 W, 300.00 W, 72, 2550 MHz
2026/09/23 08:14:28.203, 0, 0 %, 0 %, 3573 MiB, 49140 MiB, 155.90 W, 300.00 W, 66, 2745 MHz
2026/09/23 08:14:29.204, 0, 95 %, 79 %, 3573 MiB, 49140 MiB, 226.71 W, 300.00 W, 71, 2115 MHz
2026/09/23 08:14:30.205, 0, 88 %, 77 %, 3573 MiB, 49140 MiB, 280.11 W, 300.00 W, 71, 2190 MHz
2026/09/23 08:14:31.206, 0, 95 %, 83 %, 3573 MiB, 49140 MiB, 277.14 W, 300.00 W, 70, 2145 MHz
2026/09/23 08:14:32.207, 0, 88 %, 77 %, 3573 MiB, 49140 MiB, 278.46 W, 300.00 W, 71, 2490 MHz
2026/09/23 08:14:33.208, 0, 89 %, 78 %, 3573 MiB, 49140 MiB, 279.40 W, 300.00 W, 72, 2325 MHz
2026/09/23 08:14:34.208, 0, 92 %, 79 %, 3573 MiB, 49140 MiB, 278.40 W, 300.00 W, 72, 2325 MHz
2026/09/23 08:14:35.210, 0, 88 %, 76 %, 3573 MiB, 49140 MiB, 278.72 W, 300.00 W, 73, 2460 MHz
2026/09/23 08:14:36.211, 0, 84 %, 74 %, 3573 MiB, 49140 MiB, 275.97 W, 300.00 W, 71, 2430 MHz
2026/09/23 08:14:37.212, 0, 89 %, 77 %, 3573 MiB, 49140 MiB, 280.19 W, 300.00 W, 72, 2355 MHz
2026/09/23 08:14:38.215, 0, 87 %, 76 %, 3573 MiB, 49140 MiB, 279.95 W, 300.00 W, 73, 2460 MHz
2026/09/23 08:14:39.216, 0, 90 %, 78 %, 3573 MiB, 49140 MiB, 277.49 W, 300.00 W, 72, 2100 MHz
2026/09/23 08:14:40.217, 0, 62 %, 40 %, 3573 MiB, 49140 MiB, 270.63 W, 300.00 W, 72, 2565 MHz
2026/09/23 08:14:41.218, 0, 0 %, 0 %, 3573 MiB, 49140 MiB, 142.62 W, 300.00 W, 66, 2745 MHz
2026/09/23 08:14:42.218, 0, 90 %, 78 %, 3573 MiB, 49140 MiB, 241.16 W, 300.00 W, 72, 2370 MHz
2026/09/23 08:14:43.222, 0, 92 %, 81 %, 3573 MiB, 49140 MiB, 279.08 W, 300.00 W, 71, 2130 MHz
2026/09/23 08:14:44.223, 0, 93 %, 78 %, 3573 MiB, 49140 MiB, 280.01 W, 300.00 W, 72, 2115 MHz
2026/09/23 08:14:45.224, 0, 88 %, 77 %, 3573 MiB, 49140 MiB, 279.62 W, 300.00 W, 71, 2490 MHz
2026/09/23 08:14:46.224, 0, 92 %, 81 %, 3573 MiB, 49140 MiB, 280.77 W, 300.00 W, 71, 2370 MHz
2026/09/23 08:14:47.225, 0, 83 %, 72 %, 3573 MiB, 49140 MiB, 279.05 W, 300.00 W, 72, 2415 MHz
2026/09/23 08:14:48.226, 0, 90 %, 79 %, 3573 MiB, 49140 MiB, 280.12 W, 300.00 W, 71, 2370 MHz
2026/09/23 08:14:49.227, 0, 93 %, 78 %, 3573 MiB, 49140 MiB, 278.33 W, 300.00 W, 72, 2355 MHz
2026/09/23 08:14:50.229, 0, 92 %, 76 %, 3573 MiB, 49140 MiB, 281.07 W, 300.00 W, 72, 2415 MHz
2026/09/23 08:14:51.230, 0, 85 %, 73 %, 3573 MiB, 49140 MiB, 278.68 W, 300.00 W, 70, 2175 MHz
2026/09/23 08:14:52.231, 0, 88 %, 77 %, 3573 MiB, 49140 MiB, 278.28 W, 300.00 W, 71, 2325 MHz
2026/09/23 08:14:53.231, 0, 64 %, 41 %, 3573 MiB, 49140 MiB, 274.69 W, 300.00 W, 71, 2625 MHz
2026/09/23 08:14:54.232, 0, 0 %, 0 %, 3573 MiB, 49140 MiB, 134.69 W, 300.00 W, 66, 2745 MHz
2026/09/23 08:14:55.232, 0, 90 %, 78 %, 3573 MiB, 49140 MiB, 252.09 W, 300.00 W, 72, 2460 MHz
2026/09/23 08:14:56.233, 0, 87 %, 76 %, 3573 MiB, 49140 MiB, 273.81 W, 300.00 W, 70, 2295 MHz
2026/09/23 08:14:57.234, 0, 88 %, 76 %, 3573 MiB, 49140 MiB, 274.77 W, 300.00 W, 71, 2460 MHz
2026/09/23 08:14:58.235, 0, 94 %, 83 %, 3573 MiB, 49140 MiB, 278.05 W, 300.00 W, 71, 2385 MHz
2026/09/23 08:14:59.238, 0, 94 %, 81 %, 3573 MiB, 49140 MiB, 275.62 W, 300.00 W, 72, 2115 MHz
2026/09/23 08:15:00.238, 0, 93 %, 81 %, 3573 MiB, 49140 MiB, 279.02 W, 300.00 W, 70, 2220 MHz
2026/09/23 08:15:01.239, 0, 92 %, 79 %, 3573 MiB, 49140 MiB, 277.71 W, 300.00 W, 72, 2235 MHz
2026/09/23 08:15:02.241, 0, 93 %, 79 %, 3573 MiB, 49140 MiB, 278.54 W, 300.00 W, 72, 2265 MHz
2026/09/23 08:15:03.241, 0, 89 %, 77 %, 3573 MiB, 49140 MiB, 278.20 W, 300.00 W, 73, 2415 MHz
2026/09/23 08:15:04.242, 0, 90 %, 78 %, 3573 MiB, 49140 MiB, 276.91 W, 300.00 W, 72, 2370 MHz
2026/09/23 08:15:05.243, 0, 91 %, 79 %, 3573 MiB, 49140 MiB, 278.84 W, 300.00 W, 71, 2340 MHz
2026/09/23 08:15:06.243, 0, 74 %, 48 %, 3573 MiB, 49140 MiB, 274.55 W, 300.00 W, 71, 2595 MHz
2026/09/23 08:15:07.244, 0, 34 %, 28 %, 3573 MiB, 49140 MiB, 127.80 W, 300.00 W, 71, 2460 MHz
2026/09/23 08:15:08.245, 0, 84 %, 74 %, 3573 MiB, 49140 MiB, 271.77 W, 300.00 W, 71, 2475 MHz
2026/09/23 08:15:09.246, 0, 89 %, 77 %, 3573 MiB, 49140 MiB, 283.49 W, 300.00 W, 70, 2340 MHz
2026/09/23 08:15:10.247, 0, 93 %, 80 %, 3573 MiB, 49140 MiB, 283.79 W, 300.00 W, 71, 2145 MHz
2026/09/23 08:15:11.248, 0, 91 %, 78 %, 3573 MiB, 49140 MiB, 282.64 W, 300.00 W, 70, 2145 MHz
2026/09/23 08:15:12.248, 0, 89 %, 76 %, 3573 MiB, 49140 MiB, 282.72 W, 300.00 W, 72, 2490 MHz
2026/09/23 08:15:13.251, 0, 92 %, 80 %, 3573 MiB, 49140 MiB, 283.86 W, 300.00 W, 73, 2355 MHz
2026/09/23 08:15:14.252, 0, 93 %, 80 %, 3573 MiB, 49140 MiB, 283.34 W, 300.00 W, 72, 2205 MHz
2026/09/23 08:15:15.252, 0, 89 %, 77 %, 3573 MiB, 49140 MiB, 282.77 W, 300.00 W, 73, 2445 MHz
2026/09/23 08:15:16.253, 0, 91 %, 80 %, 3573 MiB, 49140 MiB, 284.04 W, 300.00 W, 73, 2430 MHz
2026/09/23 08:15:17.254, 0, 86 %, 75 %, 3573 MiB, 49140 MiB, 283.58 W, 300.00 W, 71, 2505 MHz
2026/09/23 08:15:18.255, 0, 89 %, 77 %, 3573 MiB, 49140 MiB, 282.26 W, 300.00 W, 71, 2220 MHz
2026/09/23 08:15:19.255, 0, 66 %, 43 %, 3573 MiB, 49140 MiB, 274.27 W, 300.00 W, 69, 2640 MHz
2026/09/23 08:15:20.256, 0, 89 %, 78 %, 3573 MiB, 49140 MiB, 129.11 W, 300.00 W, 72, 2325 MHz
2026/09/23 08:15:21.257, 0, 89 %, 76 %, 3573 MiB, 49140 MiB, 283.04 W, 300.00 W, 71, 2475 MHz
2026/09/23 08:15:22.259, 0, 88 %, 76 %, 3573 MiB, 49140 MiB, 281.99 W, 300.00 W, 72, 2415 MHz
2026/09/23 08:15:23.260, 0, 95 %, 82 %, 3573 MiB, 49140 MiB, 282.90 W, 300.00 W, 72, 2310 MHz
2026/09/23 08:15:24.261, 0, 91 %, 79 %, 3573 MiB, 49140 MiB, 281.37 W, 300.00 W, 71, 2220 MHz
2026/09/23 08:15:25.262, 0, 89 %, 77 %, 3573 MiB, 49140 MiB, 281.83 W, 300.00 W, 73, 2445 MHz
2026/09/23 08:15:26.264, 0, 89 %, 78 %, 3573 MiB, 49140 MiB, 281.82 W, 300.00 W, 73, 2355 MHz
2026/09/23 08:15:27.265, 0, 90 %, 78 %, 3573 MiB, 49140 MiB, 282.72 W, 300.00 W, 73, 2475 MHz
2026/09/23 08:15:28.266, 0, 93 %, 79 %, 3573 MiB, 49140 MiB, 281.30 W, 300.00 W, 72, 2370 MHz
2026/09/23 08:15:29.267, 0, 91 %, 77 %, 3573 MiB, 49140 MiB, 283.26 W, 300.00 W, 72, 2370 MHz
2026/09/23 08:15:30.268, 0, 89 %, 76 %, 3573 MiB, 49140 MiB, 283.01 W, 300.00 W, 72, 2400 MHz
2026/09/23 08:15:31.269, 0, 93 %, 80 %, 3573 MiB, 49140 MiB, 282.31 W, 300.00 W, 71, 2370 MHz
2026/09/23 08:15:32.270, 0, 0 %, 0 %, 3573 MiB, 49140 MiB, 254.24 W, 300.00 W, 67, 2730 MHz
2026/09/23 08:15:33.271, 0, 94 %, 83 %, 3573 MiB, 49140 MiB, 127.94 W, 300.00 W, 71, 2310 MHz
2026/09/23 08:15:34.272, 0, 91 %, 79 %, 3573 MiB, 49140 MiB, 284.16 W, 300.00 W, 72, 2355 MHz
2026/09/23 08:15:35.273, 0, 92 %, 81 %, 3573 MiB, 49140 MiB, 280.57 W, 300.00 W, 71, 2160 MHz
2026/09/23 08:15:36.273, 0, 94 %, 82 %, 3573 MiB, 49140 MiB, 283.17 W, 300.00 W, 71, 2055 MHz
2026/09/23 08:15:37.274, 0, 92 %, 79 %, 3573 MiB, 49140 MiB, 281.82 W, 300.00 W, 72, 2190 MHz
2026/09/23 08:15:38.275, 0, 92 %, 81 %, 3573 MiB, 49140 MiB, 282.02 W, 300.00 W, 73, 2115 MHz
2026/09/23 08:15:39.276, 0, 89 %, 77 %, 3573 MiB, 49140 MiB, 279.93 W, 300.00 W, 71, 2430 MHz
2026/09/23 08:15:40.276, 0, 94 %, 83 %, 3573 MiB, 49140 MiB, 281.40 W, 300.00 W, 73, 2100 MHz
2026/09/23 08:15:41.277, 0, 92 %, 80 %, 3573 MiB, 49140 MiB, 281.68 W, 300.00 W, 72, 2475 MHz
2026/09/23 08:15:42.279, 0, 86 %, 74 %, 3573 MiB, 49140 MiB, 280.62 W, 300.00 W, 71, 2475 MHz
2026/09/23 08:15:43.279, 0, 88 %, 77 %, 3573 MiB, 49140 MiB, 281.18 W, 300.00 W, 72, 2370 MHz
2026/09/23 08:15:44.280, 0, 91 %, 79 %, 3573 MiB, 49140 MiB, 281.16 W, 300.00 W, 72, 2400 MHz
2026/09/23 08:15:45.280, 0, 8 %, 5 %, 3573 MiB, 49140 MiB, 254.09 W, 300.00 W, 68, 2730 MHz
2026/09/23 08:15:46.281, 0, 92 %, 79 %, 3573 MiB, 49140 MiB, 129.48 W, 300.00 W, 71, 2130 MHz
2026/09/23 08:15:47.281, 0, 91 %, 80 %, 3573 MiB, 49140 MiB, 281.00 W, 300.00 W, 72, 2295 MHz
2026/09/23 08:15:48.282, 0, 89 %, 76 %, 3573 MiB, 49140 MiB, 279.02 W, 300.00 W, 71, 2430 MHz
2026/09/23 08:15:49.283, 0, 94 %, 81 %, 3573 MiB, 49140 MiB, 279.08 W, 300.00 W, 71, 2280 MHz
2026/09/23 08:15:50.284, 0, 88 %, 77 %, 3573 MiB, 49140 MiB, 277.89 W, 300.00 W, 72, 2250 MHz
2026/09/23 08:15:51.285, 0, 85 %, 73 %, 3573 MiB, 49140 MiB, 277.54 W, 300.00 W, 72, 2370 MHz
2026/09/23 08:15:52.285, 0, 89 %, 77 %, 3573 MiB, 49140 MiB, 276.36 W, 300.00 W, 72, 2490 MHz
2026/09/23 08:15:53.286, 0, 89 %, 76 %, 3573 MiB, 49140 MiB, 277.70 W, 300.00 W, 72, 2430 MHz
2026/09/23 08:15:54.288, 0, 90 %, 77 %, 3573 MiB, 49140 MiB, 278.70 W, 300.00 W, 72, 2310 MHz
2026/09/23 08:15:55.289, 0, 88 %, 76 %, 3573 MiB, 49140 MiB, 278.88 W, 300.00 W, 71, 2370 MHz
2026/09/23 08:15:56.290, 0, 92 %, 81 %, 3573 MiB, 49140 MiB, 279.81 W, 300.00 W, 72, 2340 MHz
2026/09/23 08:15:57.291, 0, 88 %, 77 %, 3573 MiB, 49140 MiB, 279.65 W, 300.00 W, 72, 2445 MHz
2026/09/23 08:15:58.291, 0, 0 %, 0 %, 3573 MiB, 49140 MiB, 246.13 W, 300.00 W, 67, 2730 MHz
2026/09/23 08:15:59.292, 0, 92 %, 81 %, 3573 MiB, 49140 MiB, 134.89 W, 300.00 W, 72, 2220 MHz
2026/09/23 08:16:00.294, 0, 94 %, 83 %, 3573 MiB, 49140 MiB, 279.69 W, 300.00 W, 73, 2130 MHz
2026/09/23 08:16:01.295, 0, 90 %, 79 %, 3573 MiB, 49140 MiB, 280.09 W, 300.00 W, 72, 2145 MHz
2026/09/23 08:16:02.296, 0, 86 %, 75 %, 3573 MiB, 49140 MiB, 276.20 W, 300.00 W, 73, 2415 MHz
2026/09/23 08:16:03.296, 0, 93 %, 80 %, 3573 MiB, 49140 MiB, 278.91 W, 300.00 W, 71, 2355 MHz
2026/09/23 08:16:04.297, 0, 93 %, 81 %, 3573 MiB, 49140 MiB, 281.26 W, 300.00 W, 72, 2100 MHz
2026/09/23 08:16:05.298, 0, 91 %, 78 %, 3573 MiB, 49140 MiB, 278.88 W, 300.00 W, 72, 2145 MHz
2026/09/23 08:16:06.299, 0, 89 %, 78 %, 3573 MiB, 49140 MiB, 276.64 W, 300.00 W, 71, 2355 MHz
2026/09/23 08:16:07.300, 0, 91 %, 78 %, 3573 MiB, 49140 MiB, 276.78 W, 300.00 W, 72, 2460 MHz
2026/09/23 08:16:08.300, 0, 87 %, 75 %, 3573 MiB, 49140 MiB, 277.38 W, 300.00 W, 72, 2370 MHz
2026/09/23 08:16:09.305, 0, 91 %, 79 %, 3573 MiB, 49140 MiB, 275.77 W, 300.00 W, 71, 2460 MHz
2026/09/23 08:16:10.306, 0, 85 %, 75 %, 3573 MiB, 49140 MiB, 278.55 W, 300.00 W, 71, 2460 MHz
2026/09/23 08:16:11.307, 0, 0 %, 0 %, 3573 MiB, 49140 MiB, 244.51 W, 300.00 W, 67, 2730 MHz
2026/09/23 08:16:12.308, 0, 87 %, 75 %, 3573 MiB, 49140 MiB, 137.36 W, 300.00 W, 70, 2460 MHz
2026/09/23 08:16:13.309, 0, 90 %, 79 %, 3573 MiB, 49140 MiB, 278.62 W, 300.00 W, 72, 2280 MHz
2026/09/23 08:16:14.310, 0, 83 %, 72 %, 3573 MiB, 49140 MiB, 277.95 W, 300.00 W, 71, 2475 MHz
2026/09/23 08:16:15.310, 0, 91 %, 79 %, 3573 MiB, 49140 MiB, 277.94 W, 300.00 W, 70, 2310 MHz
2026/09/23 08:16:16.311, 0, 90 %, 79 %, 3573 MiB, 49140 MiB, 278.47 W, 300.00 W, 72, 2310 MHz
2026/09/23 08:16:17.312, 0, 94 %, 82 %, 3573 MiB, 49140 MiB, 279.40 W, 300.00 W, 73, 2145 MHz
2026/09/23 08:16:18.312, 0, 94 %, 82 %, 3573 MiB, 49140 MiB, 278.72 W, 300.00 W, 72, 2280 MHz
2026/09/23 08:16:19.313, 0, 93 %, 81 %, 3573 MiB, 49140 MiB, 279.72 W, 300.00 W, 72, 2400 MHz
2026/09/23 08:16:20.314, 0, 88 %, 76 %, 3573 MiB, 49140 MiB, 277.49 W, 300.00 W, 72, 2355 MHz
2026/09/23 08:16:21.315, 0, 88 %, 76 %, 3573 MiB, 49140 MiB, 279.19 W, 300.00 W, 72, 2370 MHz
2026/09/23 08:16:22.315, 0, 90 %, 77 %, 3573 MiB, 49140 MiB, 278.71 W, 300.00 W, 72, 2070 MHz
2026/09/23 08:16:23.316, 0, 87 %, 75 %, 3573 MiB, 49140 MiB, 277.99 W, 300.00 W, 71, 2460 MHz
2026/09/23 08:16:24.317, 0, 0 %, 0 %, 3573 MiB, 49140 MiB, 236.82 W, 300.00 W, 67, 2730 MHz
2026/09/23 08:16:25.317, 0, 93 %, 79 %, 3573 MiB, 49140 MiB, 145.82 W, 300.00 W, 71, 2415 MHz
2026/09/23 08:16:26.318, 0, 87 %, 76 %, 3573 MiB, 49140 MiB, 280.92 W, 300.00 W, 72, 2355 MHz
2026/09/23 08:16:27.319, 0, 94 %, 80 %, 3573 MiB, 49140 MiB, 281.17 W, 300.00 W, 71, 2340 MHz
2026/09/23 08:16:28.320, 0, 94 %, 83 %, 3573 MiB, 49140 MiB, 282.20 W, 300.00 W, 72, 2415 MHz
2026/09/23 08:16:29.320, 0, 88 %, 77 %, 3573 MiB, 49140 MiB, 279.45 W, 300.00 W, 72, 2445 MHz
2026/09/23 08:16:30.321, 0, 91 %, 77 %, 3573 MiB, 49140 MiB, 281.32 W, 300.00 W, 72, 2340 MHz
2026/09/23 08:16:31.322, 0, 93 %, 80 %, 3573 MiB, 49140 MiB, 282.23 W, 300.00 W, 72, 2145 MHz
2026/09/23 08:16:32.323, 0, 83 %, 72 %, 3573 MiB, 49140 MiB, 281.11 W, 300.00 W, 71, 2445 MHz
2026/09/23 08:16:33.324, 0, 88 %, 76 %, 3573 MiB, 49140 MiB, 280.57 W, 300.00 W, 73, 2340 MHz
2026/09/23 08:16:34.325, 0, 84 %, 74 %, 3573 MiB, 49140 MiB, 281.31 W, 300.00 W, 72, 2370 MHz
2026/09/23 08:16:35.326, 0, 94 %, 82 %, 3573 MiB, 49140 MiB, 283.21 W, 300.00 W, 72, 2085 MHz
2026/09/23 08:16:36.327, 0, 87 %, 75 %, 3573 MiB, 49140 MiB, 280.93 W, 300.00 W, 71, 2400 MHz
2026/09/23 08:16:37.327, 0, 0 %, 0 %, 3573 MiB, 49140 MiB, 227.59 W, 300.00 W, 67, 2745 MHz
2026/09/23 08:16:38.328, 0, 93 %, 81 %, 3573 MiB, 49140 MiB, 152.02 W, 300.00 W, 71, 2295 MHz
2026/09/23 08:16:39.329, 0, 85 %, 74 %, 3573 MiB, 49140 MiB, 276.40 W, 300.00 W, 72, 2490 MHz
2026/09/23 08:16:40.329, 0, 89 %, 77 %, 3573 MiB, 49140 MiB, 277.29 W, 300.00 W, 72, 2415 MHz
2026/09/23 08:16:41.330, 0, 93 %, 81 %, 3573 MiB, 49140 MiB, 279.36 W, 300.00 W, 72, 2400 MHz
2026/09/23 08:16:42.332, 0, 90 %, 79 %, 3573 MiB, 49140 MiB, 279.73 W, 300.00 W, 72, 2460 MHz
2026/09/23 08:16:43.333, 0, 93 %, 81 %, 3573 MiB, 49140 MiB, 278.07 W, 300.00 W, 71, 2175 MHz
2026/09/23 08:16:44.333, 0, 94 %, 81 %, 3573 MiB, 49140 MiB, 282.12 W, 300.00 W, 72, 2310 MHz
2026/09/23 08:16:45.334, 0, 93 %, 81 %, 3573 MiB, 49140 MiB, 280.12 W, 300.00 W, 72, 2340 MHz
2026/09/23 08:16:46.335, 0, 91 %, 79 %, 3573 MiB, 49140 MiB, 277.60 W, 300.00 W, 72, 2145 MHz
2026/09/23 08:16:47.337, 0, 91 %, 79 %, 3573 MiB, 49140 MiB, 278.05 W, 300.00 W, 71, 2130 MHz
2026/09/23 08:16:48.337, 0, 93 %, 81 %, 3573 MiB, 49140 MiB, 278.95 W, 300.00 W, 73, 2295 MHz
2026/09/23 08:16:49.338, 0, 89 %, 78 %, 3573 MiB, 49140 MiB, 279.33 W, 300.00 W, 71, 2415 MHz
2026/09/23 08:16:50.339, 0, 0 %, 0 %, 3573 MiB, 49140 MiB, 210.84 W, 300.00 W, 67, 2745 MHz
2026/09/23 08:16:51.339, 0, 90 %, 76 %, 3573 MiB, 49140 MiB, 179.92 W, 300.00 W, 71, 2325 MHz
2026/09/23 08:16:52.340, 0, 92 %, 78 %, 3573 MiB, 49140 MiB, 274.37 W, 300.00 W, 71, 2355 MHz
2026/09/23 08:16:53.341, 0, 91 %, 79 %, 3573 MiB, 49140 MiB, 273.71 W, 300.00 W, 71, 2445 MHz
2026/09/23 08:16:54.342, 0, 90 %, 76 %, 3573 MiB, 49140 MiB, 279.73 W, 300.00 W, 71, 2415 MHz
2026/09/23 08:16:55.342, 0, 90 %, 77 %, 3573 MiB, 49140 MiB, 279.62 W, 300.00 W, 71, 2445 MHz
2026/09/23 08:16:56.344, 0, 90 %, 78 %, 3573 MiB, 49140 MiB, 276.79 W, 300.00 W, 72, 2340 MHz
2026/09/23 08:16:57.346, 0, 95 %, 83 %, 3573 MiB, 49140 MiB, 278.51 W, 300.00 W, 72, 2445 MHz
2026/09/23 08:16:58.346, 0, 91 %, 79 %, 3573 MiB, 49140 MiB, 280.22 W, 300.00 W, 72, 2340 MHz
2026/09/23 08:16:59.347, 0, 93 %, 81 %, 3573 MiB, 49140 MiB, 279.26 W, 300.00 W, 71, 2445 MHz
2026/09/23 08:17:00.348, 0, 95 %, 79 %, 3573 MiB, 49140 MiB, 279.14 W, 300.00 W, 71, 2310 MHz
2026/09/23 08:17:01.350, 0, 92 %, 80 %, 3573 MiB, 49140 MiB, 279.93 W, 300.00 W, 72, 2160 MHz
2026/09/23 08:17:02.351, 0, 86 %, 69 %, 3573 MiB, 49140 MiB, 279.36 W, 300.00 W, 72, 2460 MHz
2026/09/23 08:17:03.351, 0, 0 %, 0 %, 3573 MiB, 49140 MiB, 195.78 W, 300.00 W, 66, 2745 MHz
2026/09/23 08:17:04.352, 0, 87 %, 76 %, 3573 MiB, 49140 MiB, 182.59 W, 300.00 W, 71, 2460 MHz
2026/09/23 08:17:05.352, 0, 91 %, 79 %, 3573 MiB, 49140 MiB, 280.67 W, 300.00 W, 72, 2220 MHz
2026/09/23 08:17:06.353, 0, 86 %, 75 %, 3573 MiB, 49140 MiB, 280.63 W, 300.00 W, 72, 2355 MHz
2026/09/23 08:17:07.353, 0, 89 %, 77 %, 3573 MiB, 49140 MiB, 281.02 W, 300.00 W, 72, 2460 MHz
2026/09/23 08:17:08.354, 0, 92 %, 81 %, 3573 MiB, 49140 MiB, 281.56 W, 300.00 W, 73, 2370 MHz
2026/09/23 08:17:09.355, 0, 94 %, 83 %, 3573 MiB, 49140 MiB, 282.75 W, 300.00 W, 72, 2325 MHz
2026/09/23 08:17:10.355, 0, 86 %, 75 %, 3573 MiB, 49140 MiB, 280.34 W, 300.00 W, 71, 2370 MHz
2026/09/23 08:17:11.356, 0, 89 %, 77 %, 3573 MiB, 49140 MiB, 280.81 W, 300.00 W, 71, 2355 MHz
2026/09/23 08:17:12.357, 0, 93 %, 79 %, 3573 MiB, 49140 MiB, 281.80 W, 300.00 W, 71, 2340 MHz
2026/09/23 08:17:13.358, 0, 86 %, 75 %, 3573 MiB, 49140 MiB, 282.02 W, 300.00 W, 72, 2475 MHz
2026/09/23 08:17:14.359, 0, 92 %, 80 %, 3573 MiB, 49140 MiB, 282.58 W, 300.00 W, 73, 2325 MHz
2026/09/23 08:17:15.359, 0, 76 %, 54 %, 3573 MiB, 49140 MiB, 278.76 W, 300.00 W, 71, 2655 MHz
2026/09/23 08:17:16.360, 0, 0 %, 0 %, 3573 MiB, 49140 MiB, 190.08 W, 300.00 W, 66, 2745 MHz
2026/09/23 08:17:17.361, 0, 87 %, 76 %, 3573 MiB, 49140 MiB, 199.03 W, 300.00 W, 70, 2160 MHz
2026/09/23 08:17:18.362, 0, 93 %, 80 %, 3573 MiB, 49140 MiB, 284.21 W, 300.00 W, 71, 2400 MHz
2026/09/23 08:17:19.363, 0, 87 %, 76 %, 3573 MiB, 49140 MiB, 282.11 W, 300.00 W, 72, 2370 MHz
2026/09/23 08:17:20.364, 0, 87 %, 76 %, 3573 MiB, 49140 MiB, 283.20 W, 300.00 W, 72, 2310 MHz
2026/09/23 08:17:21.364, 0, 87 %, 75 %, 3573 MiB, 49140 MiB, 282.17 W, 300.00 W, 72, 2370 MHz
2026/09/23 08:17:22.365, 0, 86 %, 75 %, 3573 MiB, 49140 MiB, 281.29 W, 300.00 W, 71, 2475 MHz
2026/09/23 08:17:23.366, 0, 95 %, 84 %, 3573 MiB, 49140 MiB, 284.23 W, 300.00 W, 72, 2355 MHz
2026/09/23 08:17:24.367, 0, 92 %, 80 %, 3573 MiB, 49140 MiB, 283.16 W, 300.00 W, 71, 2250 MHz
2026/09/23 08:17:25.368, 0, 92 %, 79 %, 3573 MiB, 49140 MiB, 282.31 W, 300.00 W, 72, 2370 MHz
2026/09/23 08:17:26.369, 0, 86 %, 74 %, 3573 MiB, 49140 MiB, 281.35 W, 300.00 W, 72, 2475 MHz
2026/09/23 08:17:27.370, 0, 89 %, 77 %, 3573 MiB, 49140 MiB, 281.67 W, 300.00 W, 73, 2325 MHz
2026/09/23 08:17:28.370, 0, 67 %, 43 %, 3573 MiB, 49140 MiB, 281.03 W, 300.00 W, 72, 2595 MHz
2026/09/23 08:17:29.372, 0, 0 %, 0 %, 3573 MiB, 49140 MiB, 183.54 W, 300.00 W, 66, 2745 MHz
2026/09/23 08:17:30.372, 0, 93 %, 81 %, 3573 MiB, 49140 MiB, 199.88 W, 300.00 W, 70, 2385 MHz
2026/09/23 08:17:31.373, 0, 90 %, 78 %, 3573 MiB, 49140 MiB, 276.26 W, 300.00 W, 72, 2295 MHz
2026/09/23 08:17:32.374, 0, 92 %, 81 %, 3573 MiB, 49140 MiB, 280.54 W, 300.00 W, 73, 2310 MHz
2026/09/23 08:17:33.375, 0, 95 %, 81 %, 3573 MiB, 49140 MiB, 278.56 W, 300.00 W, 72, 2340 MHz
2026/09/23 08:17:34.375, 0, 92 %, 76 %, 3573 MiB, 49140 MiB, 280.55 W, 300.00 W, 71, 2445 MHz
2026/09/23 08:17:35.376, 0, 89 %, 77 %, 3573 MiB, 49140 MiB, 277.25 W, 300.00 W, 72, 2160 MHz
2026/09/23 08:17:36.377, 0, 88 %, 78 %, 3573 MiB, 49140 MiB, 277.33 W, 300.00 W, 73, 2115 MHz
2026/09/23 08:17:37.377, 0, 89 %, 77 %, 3573 MiB, 49140 MiB, 278.46 W, 300.00 W, 72, 2520 MHz
2026/09/23 08:17:38.379, 0, 91 %, 80 %, 3573 MiB, 49140 MiB, 276.31 W, 300.00 W, 71, 2415 MHz
2026/09/23 08:17:39.380, 0, 88 %, 76 %, 3573 MiB, 49140 MiB, 278.96 W, 300.00 W, 71, 2475 MHz
2026/09/23 08:17:40.381, 0, 85 %, 74 %, 3573 MiB, 49140 MiB, 280.20 W, 300.00 W, 72, 2385 MHz
2026/09/23 08:17:41.382, 0, 63 %, 41 %, 3573 MiB, 49140 MiB, 272.71 W, 300.00 W, 72, 2610 MHz
2026/09/23 08:17:42.382, 0, 0 %, 0 %, 3573 MiB, 49140 MiB, 160.32 W, 300.00 W, 66, 2745 MHz
2026/09/23 08:17:43.383, 0, 93 %, 79 %, 3573 MiB, 49140 MiB, 222.21 W, 300.00 W, 71, 2355 MHz
2026/09/23 08:17:44.384, 0, 89 %, 77 %, 3573 MiB, 49140 MiB, 279.39 W, 300.00 W, 72, 2325 MHz
2026/09/23 08:17:45.385, 0, 94 %, 82 %, 3573 MiB, 49140 MiB, 280.74 W, 300.00 W, 72, 2295 MHz
2026/09/23 08:17:46.386, 0, 92 %, 80 %, 3573 MiB, 49140 MiB, 278.59 W, 300.00 W, 71, 2340 MHz
2026/09/23 08:17:47.387, 0, 93 %, 80 %, 3573 MiB, 49140 MiB, 279.54 W, 300.00 W, 71, 2265 MHz
2026/09/23 08:17:48.388, 0, 88 %, 76 %, 3573 MiB, 49140 MiB, 281.38 W, 300.00 W, 72, 2310 MHz
2026/09/23 08:17:49.389, 0, 90 %, 78 %, 3573 MiB, 49140 MiB, 277.30 W, 300.00 W, 71, 2400 MHz
2026/09/23 08:17:50.390, 0, 91 %, 77 %, 3573 MiB, 49140 MiB, 277.79 W, 300.00 W, 71, 2445 MHz
2026/09/23 08:17:51.391, 0, 92 %, 80 %, 3573 MiB, 49140 MiB, 279.10 W, 300.00 W, 71, 2340 MHz
2026/09/23 08:17:52.391, 0, 94 %, 79 %, 3573 MiB, 49140 MiB, 280.01 W, 300.00 W, 72, 2370 MHz
2026/09/23 08:17:53.392, 0, 94 %, 79 %, 3573 MiB, 49140 MiB, 281.23 W, 300.00 W, 72, 2265 MHz
2026/09/23 08:17:54.393, 0, 64 %, 42 %, 3573 MiB, 49140 MiB, 274.76 W, 300.00 W, 71, 2565 MHz
2026/09/23 08:17:55.394, 0, 0 %, 0 %, 3573 MiB, 49140 MiB, 141.73 W, 300.00 W, 66, 2745 MHz
2026/09/23 08:17:56.395, 0, 91 %, 80 %, 3573 MiB, 49140 MiB, 239.10 W, 300.00 W, 71, 2430 MHz
2026/09/23 08:17:57.395, 0, 91 %, 81 %, 3573 MiB, 49140 MiB, 277.35 W, 300.00 W, 71, 2385 MHz
2026/09/23 08:17:58.396, 0, 93 %, 79 %, 3573 MiB, 49140 MiB, 280.65 W, 300.00 W, 71, 2370 MHz
2026/09/23 08:17:59.397, 0, 86 %, 75 %, 3573 MiB, 49140 MiB, 278.49 W, 300.00 W, 71, 2460 MHz
2026/09/23 08:18:00.397, 0, 90 %, 79 %, 3573 MiB, 49140 MiB, 277.11 W, 300.00 W, 72, 2340 MHz
2026/09/23 08:18:01.398, 0, 88 %, 75 %, 3573 MiB, 49140 MiB, 279.69 W, 300.00 W, 72, 2160 MHz
2026/09/23 08:18:02.399, 0, 92 %, 79 %, 3573 MiB, 49140 MiB, 280.27 W, 300.00 W, 72, 2190 MHz
2026/09/23 08:18:03.400, 0, 91 %, 80 %, 3573 MiB, 49140 MiB, 279.98 W, 300.00 W, 71, 2370 MHz
2026/09/23 08:18:04.401, 0, 92 %, 77 %, 3573 MiB, 49140 MiB, 278.64 W, 300.00 W, 72, 2295 MHz
2026/09/23 08:18:05.401, 0, 89 %, 76 %, 3573 MiB, 49140 MiB, 277.12 W, 300.00 W, 73, 2325 MHz
2026/09/23 08:18:06.402, 0, 94 %, 80 %, 3573 MiB, 49140 MiB, 280.09 W, 300.00 W, 73, 2040 MHz
2026/09/23 08:18:07.403, 0, 65 %, 41 %, 3573 MiB, 49140 MiB, 272.95 W, 300.00 W, 73, 2535 MHz
2026/09/23 08:18:08.404, 0, 0 %, 0 %, 3573 MiB, 49140 MiB, 132.88 W, 300.00 W, 66, 2745 MHz
2026/09/23 08:18:09.405, 0, 94 %, 82 %, 3573 MiB, 49140 MiB, 251.44 W, 300.00 W, 71, 2325 MHz
2026/09/23 08:18:10.405, 0, 93 %, 80 %, 3573 MiB, 49140 MiB, 279.03 W, 300.00 W, 72, 2325 MHz
2026/09/23 08:18:11.407, 0, 90 %, 79 %, 3573 MiB, 49140 MiB, 279.36 W, 300.00 W, 71, 2340 MHz
2026/09/23 08:18:12.408, 0, 90 %, 76 %, 3573 MiB, 49140 MiB, 277.01 W, 300.00 W, 72, 2370 MHz
2026/09/23 08:18:13.408, 0, 90 %, 79 %, 3573 MiB, 49140 MiB, 278.77 W, 300.00 W, 71, 2400 MHz
2026/09/23 08:18:14.409, 0, 93 %, 82 %, 3573 MiB, 49140 MiB, 281.05 W, 300.00 W, 72, 2430 MHz
2026/09/23 08:18:15.410, 0, 88 %, 77 %, 3573 MiB, 49140 MiB, 278.97 W, 300.00 W, 72, 2415 MHz
2026/09/23 08:18:16.411, 0, 94 %, 81 %, 3573 MiB, 49140 MiB, 277.81 W, 300.00 W, 71, 2190 MHz
2026/09/23 08:18:17.412, 0, 91 %, 78 %, 3573 MiB, 49140 MiB, 278.60 W, 300.00 W, 72, 2310 MHz
2026/09/23 08:18:18.413, 0, 91 %, 79 %, 3573 MiB, 49140 MiB, 277.78 W, 300.00 W, 72, 2130 MHz
2026/09/23 08:18:19.413, 0, 92 %, 80 %, 3573 MiB, 49140 MiB, 277.38 W, 300.00 W, 72, 2325 MHz
2026/09/23 08:18:20.414, 0, 66 %, 42 %, 3573 MiB, 49140 MiB, 272.56 W, 300.00 W, 73, 2565 MHz
2026/09/23 08:18:21.415, 0, 0 %, 0 %, 3573 MiB, 49140 MiB, 134.41 W, 300.00 W, 66, 2745 MHz
2026/09/23 08:18:22.415, 0, 94 %, 81 %, 3573 MiB, 49140 MiB, 159.99 W, 300.00 W, 71, 2160 MHz
2026/09/23 08:18:23.416, 0, 88 %, 78 %, 3573 MiB, 49140 MiB, 281.23 W, 300.00 W, 71, 2370 MHz
2026/09/23 08:18:24.417, 0, 93 %, 79 %, 3573 MiB, 49140 MiB, 281.64 W, 300.00 W, 71, 2310 MHz
2026/09/23 08:18:25.418, 0, 90 %, 79 %, 3573 MiB, 49140 MiB, 280.68 W, 300.00 W, 71, 2430 MHz
2026/09/23 08:18:26.419, 0, 91 %, 78 %, 3573 MiB, 49140 MiB, 282.19 W, 300.00 W, 70, 2445 MHz
2026/09/23 08:18:27.420, 0, 92 %, 81 %, 3573 MiB, 49140 MiB, 280.33 W, 300.00 W, 71, 2160 MHz
2026/09/23 08:18:28.421, 0, 82 %, 70 %, 3573 MiB, 49140 MiB, 280.70 W, 300.00 W, 72, 2505 MHz
2026/09/23 08:18:29.421, 0, 92 %, 82 %, 3573 MiB, 49140 MiB, 279.93 W, 300.00 W, 72, 2265 MHz
2026/09/23 08:18:30.422, 0, 91 %, 81 %, 3573 MiB, 49140 MiB, 282.45 W, 300.00 W, 71, 2370 MHz
2026/09/23 08:18:31.424, 0, 94 %, 80 %, 3573 MiB, 49140 MiB, 281.49 W, 300.00 W, 72, 2145 MHz
2026/09/23 08:18:32.425, 0, 91 %, 80 %, 3573 MiB, 49140 MiB, 282.32 W, 300.00 W, 72, 2460 MHz
2026/09/23 08:18:33.426, 0, 86 %, 73 %, 3573 MiB, 49140 MiB, 281.38 W, 300.00 W, 73, 2475 MHz
2026/09/23 08:18:34.427, 0, 0 %, 0 %, 3573 MiB, 49140 MiB, 215.72 W, 300.00 W, 67, 2745 MHz
2026/09/23 08:18:35.427, 0, 92 %, 80 %, 3573 MiB, 49140 MiB, 166.21 W, 300.00 W, 71, 2265 MHz
2026/09/23 08:18:36.428, 0, 83 %, 71 %, 3573 MiB, 49140 MiB, 278.81 W, 300.00 W, 72, 2535 MHz
2026/09/23 08:18:37.429, 0, 90 %, 78 %, 3573 MiB, 49140 MiB, 278.61 W, 300.00 W, 72, 2190 MHz
2026/09/23 08:18:38.430, 0, 91 %, 76 %, 3573 MiB, 49140 MiB, 281.40 W, 300.00 W, 72, 2280 MHz
2026/09/23 08:18:39.430, 0, 90 %, 77 %, 3573 MiB, 49140 MiB, 281.14 W, 300.00 W, 73, 2340 MHz
2026/09/23 08:18:40.432, 0, 88 %, 74 %, 3573 MiB, 49140 MiB, 280.50 W, 300.00 W, 72, 2370 MHz
2026/09/23 08:18:41.433, 0, 89 %, 75 %, 3573 MiB, 49140 MiB, 280.81 W, 300.00 W, 72, 2460 MHz
2026/09/23 08:18:42.433, 0, 90 %, 78 %, 3573 MiB, 49140 MiB, 281.98 W, 300.00 W, 73, 2430 MHz
2026/09/23 08:18:43.435, 0, 89 %, 78 %, 3573 MiB, 49140 MiB, 282.65 W, 300.00 W, 72, 2325 MHz
2026/09/23 08:18:44.436, 0, 90 %, 80 %, 3573 MiB, 49140 MiB, 281.15 W, 300.00 W, 72, 2220 MHz
2026/09/23 08:18:45.437, 0, 91 %, 78 %, 3573 MiB, 49140 MiB, 282.58 W, 300.00 W, 73, 2430 MHz
2026/09/23 08:18:46.438, 0, 91 %, 78 %, 3573 MiB, 49140 MiB, 282.48 W, 300.00 W, 73, 2370 MHz
2026/09/23 08:18:47.439, 0, 0 %, 0 %, 3573 MiB, 49140 MiB, 208.28 W, 300.00 W, 67, 2745 MHz
2026/09/23 08:18:48.439, 0, 90 %, 79 %, 3573 MiB, 49140 MiB, 173.90 W, 300.00 W, 71, 2250 MHz
2026/09/23 08:18:49.440, 0, 83 %, 72 %, 3573 MiB, 49140 MiB, 276.89 W, 300.00 W, 72, 2565 MHz
2026/09/23 08:18:50.440, 0, 83 %, 72 %, 3573 MiB, 49140 MiB, 278.19 W, 300.00 W, 71, 2400 MHz
2026/09/23 08:18:51.441, 0, 89 %, 79 %, 3573 MiB, 49140 MiB, 273.82 W, 300.00 W, 70, 2445 MHz
2026/09/23 08:18:52.442, 0, 89 %, 78 %, 3573 MiB, 49140 MiB, 276.30 W, 300.00 W, 71, 2430 MHz
2026/09/23 08:18:53.443, 0, 90 %, 77 %, 3573 MiB, 49140 MiB, 279.43 W, 300.00 W, 73, 2385 MHz
2026/09/23 08:18:54.444, 0, 95 %, 81 %, 3573 MiB, 49140 MiB, 279.48 W, 300.00 W, 72, 2130 MHz
2026/09/23 08:18:55.445, 0, 88 %, 75 %, 3573 MiB, 49140 MiB, 278.97 W, 300.00 W, 73, 2325 MHz
2026/09/23 08:18:56.447, 0, 93 %, 77 %, 3573 MiB, 49140 MiB, 276.86 W, 300.00 W, 71, 2100 MHz
2026/09/23 08:18:57.448, 0, 86 %, 73 %, 3573 MiB, 49140 MiB, 275.64 W, 300.00 W, 72, 2430 MHz
2026/09/23 08:18:58.448, 0, 93 %, 80 %, 3573 MiB, 49140 MiB, 276.16 W, 300.00 W, 71, 2340 MHz
2026/09/23 08:18:59.449, 0, 90 %, 78 %, 3573 MiB, 49140 MiB, 279.12 W, 300.00 W, 71, 2280 MHz
2026/09/23 08:19:00.450, 0, 0 %, 0 %, 3573 MiB, 49140 MiB, 213.72 W, 300.00 W, 67, 2745 MHz
2026/09/23 08:19:01.450, 0, 88 %, 76 %, 3573 MiB, 49140 MiB, 166.08 W, 300.00 W, 72, 2430 MHz
2026/09/23 08:19:02.452, 0, 92 %, 78 %, 3573 MiB, 49140 MiB, 275.22 W, 300.00 W, 72, 2385 MHz
2026/09/23 08:19:03.452, 0, 91 %, 76 %, 3573 MiB, 49140 MiB, 277.14 W, 300.00 W, 70, 2430 MHz
2026/09/23 08:19:04.453, 0, 89 %, 78 %, 3573 MiB, 49140 MiB, 277.57 W, 300.00 W, 71, 2430 MHz
2026/09/23 08:19:05.454, 0, 93 %, 81 %, 3573 MiB, 49140 MiB, 280.29 W, 300.00 W, 71, 2295 MHz
2026/09/23 08:19:06.455, 0, 87 %, 75 %, 3573 MiB, 49140 MiB, 275.80 W, 300.00 W, 73, 2505 MHz
2026/09/23 08:19:07.456, 0, 87 %, 73 %, 3573 MiB, 49140 MiB, 277.71 W, 300.00 W, 72, 2430 MHz
2026/09/23 08:19:08.459, 0, 91 %, 80 %, 3573 MiB, 49140 MiB, 279.59 W, 300.00 W, 71, 2160 MHz
2026/09/23 08:19:09.459, 0, 85 %, 74 %, 3573 MiB, 49140 MiB, 278.40 W, 300.00 W, 72, 2385 MHz
2026/09/23 08:19:10.460, 0, 89 %, 78 %, 3573 MiB, 49140 MiB, 278.60 W, 300.00 W, 73, 2460 MHz
2026/09/23 08:19:11.461, 0, 90 %, 79 %, 3573 MiB, 49140 MiB, 277.03 W, 300.00 W, 72, 2340 MHz
2026/09/23 08:19:12.462, 0, 88 %, 76 %, 3573 MiB, 49140 MiB, 278.49 W, 300.00 W, 72, 2370 MHz
2026/09/23 08:19:13.463, 0, 0 %, 0 %, 3573 MiB, 49140 MiB, 214.95 W, 300.00 W, 67, 2745 MHz
2026/09/23 08:19:14.463, 0, 89 %, 76 %, 3573 MiB, 49140 MiB, 165.56 W, 300.00 W, 72, 2430 MHz
2026/09/23 08:19:15.464, 0, 91 %, 80 %, 3573 MiB, 49140 MiB, 275.89 W, 300.00 W, 72, 2310 MHz
2026/09/23 08:19:16.465, 0, 91 %, 80 %, 3573 MiB, 49140 MiB, 275.28 W, 300.00 W, 70, 2160 MHz
2026/09/23 08:19:17.465, 0, 91 %, 79 %, 3573 MiB, 49140 MiB, 279.60 W, 300.00 W, 70, 2130 MHz
2026/09/23 08:19:18.466, 0, 95 %, 80 %, 3573 MiB, 49140 MiB, 281.16 W, 300.00 W, 72, 2250 MHz
2026/09/23 08:19:19.468, 0, 93 %, 80 %, 3573 MiB, 49140 MiB, 278.85 W, 300.00 W, 71, 2175 MHz
2026/09/23 08:19:20.468, 0, 93 %, 79 %, 3573 MiB, 49140 MiB, 279.21 W, 300.00 W, 72, 2145 MHz
2026/09/23 08:19:21.469, 0, 89 %, 77 %, 3573 MiB, 49140 MiB, 278.56 W, 300.00 W, 73, 2445 MHz
2026/09/23 08:19:22.470, 0, 92 %, 81 %, 3573 MiB, 49140 MiB, 278.10 W, 300.00 W, 72, 2310 MHz
2026/09/23 08:19:23.471, 0, 91 %, 80 %, 3573 MiB, 49140 MiB, 276.86 W, 300.00 W, 71, 2115 MHz
2026/09/23 08:19:24.471, 0, 87 %, 75 %, 3573 MiB, 49140 MiB, 279.01 W, 300.00 W, 72, 2385 MHz
2026/09/23 08:19:25.472, 0, 89 %, 75 %, 3573 MiB, 49140 MiB, 276.62 W, 300.00 W, 72, 2445 MHz
2026/09/23 08:19:26.473, 0, 0 %, 0 %, 3573 MiB, 49140 MiB, 206.35 W, 300.00 W, 66, 2745 MHz
2026/09/23 08:19:27.473, 0, 87 %, 78 %, 3573 MiB, 49140 MiB, 176.17 W, 300.00 W, 71, 2340 MHz
2026/09/23 08:19:28.474, 0, 93 %, 82 %, 3573 MiB, 49140 MiB, 286.02 W, 300.00 W, 73, 2400 MHz
2026/09/23 08:19:29.475, 0, 95 %, 81 %, 3573 MiB, 49140 MiB, 284.90 W, 300.00 W, 71, 2340 MHz
2026/09/23 08:19:30.476, 0, 86 %, 75 %, 3573 MiB, 49140 MiB, 284.18 W, 300.00 W, 71, 2175 MHz
2026/09/23 08:19:31.477, 0, 87 %, 76 %, 3573 MiB, 49140 MiB, 283.79 W, 300.00 W, 72, 2475 MHz
2026/09/23 08:19:32.477, 0, 89 %, 79 %, 3573 MiB, 49140 MiB, 282.52 W, 300.00 W, 72, 2265 MHz
2026/09/23 08:19:33.478, 0, 89 %, 77 %, 3573 MiB, 49140 MiB, 283.64 W, 300.00 W, 72, 2370 MHz
2026/09/23 08:19:34.478, 0, 88 %, 74 %, 3573 MiB, 49140 MiB, 283.29 W, 300.00 W, 72, 2445 MHz
2026/09/23 08:19:35.479, 0, 91 %, 80 %, 3573 MiB, 49140 MiB, 283.67 W, 300.00 W, 72, 2190 MHz
2026/09/23 08:19:36.480, 0, 84 %, 74 %, 3573 MiB, 49140 MiB, 283.80 W, 300.00 W, 73, 2505 MHz
2026/09/23 08:19:37.481, 0, 90 %, 79 %, 3573 MiB, 49140 MiB, 281.11 W, 300.00 W, 72, 2370 MHz
2026/09/23 08:19:38.482, 0, 92 %, 79 %, 3573 MiB, 49140 MiB, 282.18 W, 300.00 W, 72, 2130 MHz
2026/09/23 08:19:39.482, 0, 0 %, 0 %, 3573 MiB, 49140 MiB, 210.19 W, 300.00 W, 67, 2745 MHz
2026/09/23 08:19:40.483, 0, 92 %, 79 %, 3573 MiB, 49140 MiB, 169.25 W, 300.00 W, 70, 2310 MHz
2026/09/23 08:19:41.484, 0, 91 %, 80 %, 3573 MiB, 49140 MiB, 278.36 W, 300.00 W, 72, 2385 MHz
2026/09/23 08:19:42.485, 0, 93 %, 83 %, 3573 MiB, 49140 MiB, 279.16 W, 300.00 W, 71, 2415 MHz
2026/09/23 08:19:43.485, 0, 85 %, 74 %, 3573 MiB, 49140 MiB, 277.90 W, 300.00 W, 71, 2370 MHz
2026/09/23 08:19:44.487, 0, 90 %, 80 %, 3573 MiB, 49140 MiB, 278.60 W, 300.00 W, 72, 2385 MHz
2026/09/23 08:19:45.488, 0, 91 %, 80 %, 3573 MiB, 49140 MiB, 278.43 W, 300.00 W, 70, 2145 MHz
2026/09/23 08:19:46.488, 0, 92 %, 79 %, 3573 MiB, 49140 MiB, 279.69 W, 300.00 W, 71, 2040 MHz
2026/09/23 08:19:47.489, 0, 90 %, 77 %, 3573 MiB, 49140 MiB, 278.93 W, 300.00 W, 72, 2235 MHz
2026/09/23 08:19:48.489, 0, 95 %, 81 %, 3573 MiB, 49140 MiB, 278.96 W, 300.00 W, 71, 2355 MHz
2026/09/23 08:19:49.490, 0, 88 %, 76 %, 3573 MiB, 49140 MiB, 276.35 W, 300.00 W, 72, 2370 MHz
2026/09/23 08:19:50.491, 0, 90 %, 78 %, 3573 MiB, 49140 MiB, 279.93 W, 300.00 W, 72, 2070 MHz
2026/09/23 08:19:51.492, 0, 91 %, 77 %, 3573 MiB, 49140 MiB, 277.17 W, 300.00 W, 71, 2460 MHz
2026/09/23 08:19:52.492, 0, 0 %, 0 %, 3573 MiB, 49140 MiB, 215.43 W, 300.00 W, 67, 2745 MHz
2026/09/23 08:19:53.493, 0, 89 %, 79 %, 3573 MiB, 49140 MiB, 162.14 W, 300.00 W, 71, 2340 MHz
2026/09/23 08:19:54.494, 0, 90 %, 79 %, 3573 MiB, 49140 MiB, 282.39 W, 300.00 W, 70, 2325 MHz
2026/09/23 08:19:55.494, 0, 91 %, 81 %, 3573 MiB, 49140 MiB, 281.22 W, 300.00 W, 71, 2355 MHz
2026/09/23 08:19:56.496, 0, 88 %, 77 %, 3573 MiB, 49140 MiB, 281.68 W, 300.00 W, 72, 2400 MHz
2026/09/23 08:19:57.497, 0, 91 %, 80 %, 3573 MiB, 49140 MiB, 282.42 W, 300.00 W, 72, 2415 MHz
2026/09/23 08:19:58.498, 0, 94 %, 81 %, 3573 MiB, 49140 MiB, 282.10 W, 300.00 W, 71, 2295 MHz
2026/09/23 08:19:59.498, 0, 90 %, 77 %, 3573 MiB, 49140 MiB, 282.07 W, 300.00 W, 71, 2310 MHz
2026/09/23 08:20:00.499, 0, 84 %, 74 %, 3573 MiB, 49140 MiB, 281.93 W, 300.00 W, 73, 2205 MHz
2026/09/23 08:20:01.500, 0, 87 %, 77 %, 3573 MiB, 49140 MiB, 282.14 W, 300.00 W, 72, 2340 MHz
2026/09/23 08:20:02.501, 0, 92 %, 77 %, 3573 MiB, 49140 MiB, 280.47 W, 300.00 W, 71, 2430 MHz
2026/09/23 08:20:03.501, 0, 91 %, 79 %, 3573 MiB, 49140 MiB, 280.67 W, 300.00 W, 72, 2355 MHz
2026/09/23 08:20:04.502, 0, 91 %, 79 %, 3573 MiB, 49140 MiB, 280.86 W, 300.00 W, 72, 2265 MHz
2026/09/23 08:20:05.502, 0, 0 %, 0 %, 3573 MiB, 49140 MiB, 212.49 W, 300.00 W, 67, 2745 MHz
2026/09/23 08:20:06.503, 0, 89 %, 77 %, 3573 MiB, 49140 MiB, 166.01 W, 300.00 W, 71, 2445 MHz
2026/09/23 08:20:07.503, 0, 88 %, 75 %, 3573 MiB, 49140 MiB, 279.10 W, 300.00 W, 72, 2430 MHz
2026/09/23 08:20:08.504, 0, 93 %, 81 %, 3573 MiB, 49140 MiB, 280.11 W, 300.00 W, 71, 2295 MHz
2026/09/23 08:20:09.505, 0, 90 %, 77 %, 3573 MiB, 49140 MiB, 278.65 W, 300.00 W, 72, 2475 MHz
2026/09/23 08:20:10.506, 0, 91 %, 81 %, 3573 MiB, 49140 MiB, 280.03 W, 300.00 W, 70, 2340 MHz
2026/09/23 08:20:11.506, 0, 88 %, 76 %, 3573 MiB, 49140 MiB, 280.08 W, 300.00 W, 71, 2445 MHz
2026/09/23 08:20:12.507, 0, 90 %, 78 %, 3573 MiB, 49140 MiB, 278.34 W, 300.00 W, 72, 2370 MHz
2026/09/23 08:20:13.508, 0, 91 %, 78 %, 3573 MiB, 49140 MiB, 278.73 W, 300.00 W, 72, 2145 MHz
2026/09/23 08:20:14.509, 0, 91 %, 78 %, 3573 MiB, 49140 MiB, 278.45 W, 300.00 W, 70, 2415 MHz
2026/09/23 08:20:15.510, 0, 91 %, 78 %, 3573 MiB, 49140 MiB, 281.07 W, 300.00 W, 70, 2415 MHz
2026/09/23 08:20:16.511, 0, 92 %, 79 %, 3573 MiB, 49140 MiB, 280.57 W, 300.00 W, 70, 2430 MHz
2026/09/23 08:20:17.512, 0, 89 %, 79 %, 3573 MiB, 49140 MiB, 278.71 W, 300.00 W, 71, 2535 MHz
2026/09/23 08:20:18.512, 0, 0 %, 0 %, 3573 MiB, 49140 MiB, 202.07 W, 300.00 W, 66, 2745 MHz
2026/09/23 08:20:19.513, 0, 94 %, 79 %, 3573 MiB, 49140 MiB, 182.28 W, 300.00 W, 71, 2430 MHz
2026/09/23 08:20:20.515, 0, 90 %, 78 %, 3573 MiB, 49140 MiB, 280.77 W, 300.00 W, 71, 2475 MHz
2026/09/23 08:20:21.515, 0, 89 %, 75 %, 3573 MiB, 49140 MiB, 278.13 W, 300.00 W, 71, 2475 MHz
2026/09/23 08:20:22.517, 0, 85 %, 75 %, 3573 MiB, 49140 MiB, 279.78 W, 300.00 W, 70, 2325 MHz
2026/09/23 08:20:23.518, 0, 87 %, 76 %, 3573 MiB, 49140 MiB, 278.61 W, 300.00 W, 70, 2340 MHz
2026/09/23 08:20:24.519, 0, 87 %, 74 %, 3573 MiB, 49140 MiB, 277.92 W, 300.00 W, 72, 2400 MHz
2026/09/23 08:20:25.520, 0, 92 %, 82 %, 3573 MiB, 49140 MiB, 280.27 W, 300.00 W, 73, 2175 MHz
2026/09/23 08:20:26.521, 0, 89 %, 78 %, 3573 MiB, 49140 MiB, 280.37 W, 300.00 W, 71, 2355 MHz
2026/09/23 08:20:27.522, 0, 94 %, 80 %, 3573 MiB, 49140 MiB, 280.13 W, 300.00 W, 72, 2175 MHz
2026/09/23 08:20:28.523, 0, 90 %, 79 %, 3573 MiB, 49140 MiB, 277.88 W, 300.00 W, 72, 2460 MHz
2026/09/23 08:20:29.525, 0, 87 %, 75 %, 3573 MiB, 49140 MiB, 277.52 W, 300.00 W, 71, 2415 MHz
2026/09/23 08:20:30.526, 0, 82 %, 66 %, 3573 MiB, 49140 MiB, 277.23 W, 300.00 W, 72, 2490 MHz
2026/09/23 08:20:31.526, 0, 0 %, 0 %, 3573 MiB, 49140 MiB, 192.74 W, 300.00 W, 66, 2745 MHz
2026/09/23 08:20:32.528, 0, 0 %, 0 %, 1291 MiB, 49140 MiB, 86.03 W, 300.00 W, 65, 2745 MHz
2026/09/23 08:20:33.529, 0, 0 %, 0 %, 1291 MiB, 49140 MiB, 77.50 W, 300.00 W, 64, 2505 MHz
2026/09/23 08:20:34.530, 0, 0 %, 0 %, 1291 MiB, 49140 MiB, 69.32 W, 300.00 W, 63, 2505 MHz
2026/09/23 08:20:35.531, 0, 0 %, 0 %, 1291 MiB, 49140 MiB, 68.84 W, 300.00 W, 63, 2505 MHz
2026/09/23 08:20:36.531, 0, 1 %, 0 %, 1417 MiB, 49140 MiB, 73.91 W, 300.00 W, 62, 2505 MHz
2026/09/23 08:20:37.532, 0, 0 %, 0 %, 1291 MiB, 49140 MiB, 78.01 W, 300.00 W, 62, 2505 MHz
2026/09/23 08:20:38.534, 0, 49 %, 21 %, 1291 MiB, 49140 MiB, 81.69 W, 300.00 W, 66, 2505 MHz
2026/09/23 08:20:39.534, 0, 0 %, 0 %, 1291 MiB, 49140 MiB, 103.25 W, 300.00 W, 61, 2595 MHz
2026/09/23 08:20:40.535, 0, 0 %, 0 %, 1291 MiB, 49140 MiB, 92.92 W, 300.00 W, 61, 2595 MHz
2026/09/23 08:20:41.539, 0, 0 %, 0 %, 1291 MiB, 49140 MiB, 70.94 W, 300.00 W, 61, 2505 MHz
2026/09/23 08:20:42.540, 0, 0 %, 0 %, 1291 MiB, 49140 MiB, 68.77 W, 300.00 W, 60, 2505 MHz
2026/09/23 08:20:43.540, 0, 0 %, 0 %, 1291 MiB, 49140 MiB, 66.56 W, 300.00 W, 60, 2505 MHz
2026/09/23 08:20:44.541, 0, 0 %, 0 %, 1289 MiB, 49140 MiB, 66.24 W, 300.00 W, 59, 2505 MHz
2026/09/23 08:20:45.541, 0, 0 %, 0 %, 0 MiB, 49140 MiB, 66.63 W, 300.00 W, 59, 2505 MHz
2026/09/23 08:20:46.542, 0, 0 %, 0 %, 0 MiB, 49140 MiB, 67.09 W, 300.00 W, 59, 2505 MHz
2026/09/23 08:20:47.542, 0, 0 %, 0 %, 0 MiB, 49140 MiB, 59.99 W, 300.00 W, 58, 675 MHz
2026/09/23 08:20:48.543, 0, 0 %, 0 %, 0 MiB, 49140 MiB, 46.98 W, 300.00 W, 57, 435 MHz
2026/09/23 08:20:49.543, 0, 0 %, 0 %, 0 MiB, 49140 MiB, 31.96 W, 300.00 W, 57, 270 MHz
2026/09/23 08:20:50.544, 0, 0 %, 0 %, 0 MiB, 49140 MiB, 28.66 W, 300.00 W, 56, 210 MHz
2026/09/23 08:20:51.544, 0, 0 %, 0 %, 0 MiB, 49140 MiB, 27.86 W, 300.00 W, 56, 210 MHz
2026/09/23 08:20:52.549, 0, 0 %, 0 %, 0 MiB, 49140 MiB, 27.76 W, 300.00 W, 55, 210 MHz
2026/09/23 08:20:53.549, 0, 0 %, 0 %, 0 MiB, 49140 MiB, 27.75 W, 300.00 W, 55, 210 MHz
2026/09/23 08:20:54.550, 0, 0 %, 0 %, 0 MiB, 49140 MiB, 27.64 W, 300.00 W, 55, 210 MHz
2026/09/23 08:20:55.550, 0, 0 %, 0 %, 0 MiB, 49140 MiB, 27.53 W, 300.00 W, 54, 210 MHz
2026/09/23 08:20:56.551, 0, 1 %, 0 %, 703 MiB, 49140 MiB, 39.33 W, 300.00 W, 55, 2505 MHz
2026/09/23 08:20:57.551, 0, 8 %, 1 %, 879 MiB, 49140 MiB, 71.10 W, 300.00 W, 55, 2505 MHz
2026/09/23 08:20:58.552, 0, 53 %, 14 %, 1249 MiB, 49140 MiB, 122.01 W, 300.00 W, 57, 2745 MHz
2026/09/23 08:20:59.553, 0, 53 %, 13 %, 847 MiB, 49140 MiB, 156.71 W, 300.00 W, 57, 2745 MHz
2026/09/23 08:21:00.553, 0, 56 %, 13 %, 971 MiB, 49140 MiB, 149.83 W, 300.00 W, 58, 2745 MHz
2026/09/23 08:21:01.554, 0, 56 %, 15 %, 715 MiB, 49140 MiB, 157.63 W, 300.00 W, 61, 2745 MHz
2026/09/23 08:21:02.554, 0, 61 %, 24 %, 715 MiB, 49140 MiB, 167.44 W, 300.00 W, 61, 2535 MHz
2026/09/23 08:21:03.555, 0, 56 %, 17 %, 715 MiB, 49140 MiB, 163.19 W, 300.00 W, 62, 2700 MHz
2026/09/23 08:21:04.557, 0, 64 %, 24 %, 715 MiB, 49140 MiB, 167.22 W, 300.00 W, 60, 2745 MHz
2026/09/23 08:21:05.560, 0, 52 %, 13 %, 715 MiB, 49140 MiB, 158.36 W, 300.00 W, 60, 2595 MHz
2026/09/23 08:21:06.560, 0, 56 %, 16 %, 1249 MiB, 49140 MiB, 178.62 W, 300.00 W, 59, 2745 MHz
2026/09/23 08:21:07.561, 0, 64 %, 24 %, 1249 MiB, 49140 MiB, 169.66 W, 300.00 W, 59, 2745 MHz
2026/09/23 08:21:08.561, 0, 54 %, 13 %, 715 MiB, 49140 MiB, 153.83 W, 300.00 W, 62, 2730 MHz
2026/09/23 08:21:09.562, 0, 52 %, 13 %, 715 MiB, 49140 MiB, 135.42 W, 300.00 W, 57, 2745 MHz
2026/09/23 08:21:10.562, 0, 0 %, 0 %, 715 MiB, 49140 MiB, 91.15 W, 300.00 W, 57, 2745 MHz
