timestamp, index, utilization.gpu [%], utilization.memory [%], memory.used [MiB], memory.total [MiB], power.draw [W], power.limit [W], temperature.gpu, clocks.current.sm [MHz]
2026/09/23 13:57:20.642, 0, 0 %, 0 %, 0 MiB, 49140 MiB, 65.49 W, 300.00 W, 55, 2505 MHz
2026/09/23 13:57:21.646, 0, 0 %, 0 %, 0 MiB, 49140 MiB, 63.99 W, 300.00 W, 55, 2505 MHz
2026/09/23 13:57:22.647, 0, 0 %, 0 %, 0 MiB, 49140 MiB, 60.40 W, 300.00 W, 54, 660 MHz
2026/09/23 13:57:23.647, 0, 0 %, 0 %, 1 MiB, 49140 MiB, 48.40 W, 300.00 W, 54, 420 MHz
2026/09/23 13:57:24.649, 0, 0 %, 0 %, 633 MiB, 49140 MiB, 32.53 W, 300.00 W, 53, 240 MHz
2026/09/23 13:57:25.649, 0, 0 %, 0 %, 633 MiB, 49140 MiB, 53.69 W, 300.00 W, 54, 2505 MHz
2026/09/23 13:57:26.650, 0, 0 %, 0 %, 633 MiB, 49140 MiB, 62.24 W, 300.00 W, 54, 2505 MHz
2026/09/23 13:57:27.650, 0, 0 %, 0 %, 633 MiB, 49140 MiB, 60.66 W, 300.00 W, 53, 2505 MHz
2026/09/23 13:57:28.651, 0, 0 %, 0 %, 633 MiB, 49140 MiB, 60.67 W, 300.00 W, 53, 2505 MHz
2026/09/23 13:57:29.651, 0, 0 %, 0 %, 653 MiB, 49140 MiB, 60.61 W, 300.00 W, 53, 2505 MHz
2026/09/23 13:57:30.652, 0, 0 %, 0 %, 653 MiB, 49140 MiB, 60.51 W, 300.00 W, 53, 2505 MHz
2026/09/23 13:57:31.653, 0, 0 %, 0 %, 653 MiB, 49140 MiB, 60.37 W, 300.00 W, 53, 2505 MHz
2026/09/23 13:57:32.653, 0, 0 %, 0 %, 653 MiB, 49140 MiB, 59.69 W, 300.00 W, 53, 2505 MHz
2026/09/23 13:57:33.654, 0, 0 %, 0 %, 653 MiB, 49140 MiB, 59.79 W, 300.00 W, 52, 2505 MHz
2026/09/23 13:57:34.654, 0, 0 %, 0 %, 653 MiB, 49140 MiB, 59.83 W, 300.00 W, 52, 2505 MHz
2026/09/23 13:57:35.654, 0, 0 %, 0 %, 653 MiB, 49140 MiB, 60.06 W, 300.00 W, 52, 2505 MHz
2026/09/23 13:57:36.655, 0, 0 %, 0 %, 653 MiB, 49140 MiB, 59.41 W, 300.00 W, 52, 2505 MHz
2026/09/23 13:57:37.655, 0, 0 %, 0 %, 653 MiB, 49140 MiB, 59.45 W, 300.00 W, 52, 2505 MHz
2026/09/23 13:57:38.656, 0, 0 %, 0 %, 653 MiB, 49140 MiB, 59.50 W, 300.00 W, 52, 2505 MHz
2026/09/23 13:57:39.658, 0, 0 %, 0 %, 653 MiB, 49140 MiB, 59.42 W, 300.00 W, 51, 2505 MHz
2026/09/23 13:57:40.658, 0, 0 %, 0 %, 653 MiB, 49140 MiB, 59.29 W, 300.00 W, 51, 2505 MHz
2026/09/23 13:57:41.659, 0, 0 %, 0 %, 655 MiB, 49140 MiB, 59.07 W, 300.00 W, 51, 2505 MHz
2026/09/23 13:57:42.659, 0, 0 %, 0 %, 2045 MiB, 49140 MiB, 77.68 W, 300.00 W, 54, 2760 MHz
2026/09/23 13:57:43.659, 0, 36 %, 33 %, 2309 MiB, 49140 MiB, 183.00 W, 300.00 W, 53, 2760 MHz
2026/09/23 13:57:44.660, 0, 47 %, 56 %, 3239 MiB, 49140 MiB, 146.17 W, 300.00 W, 58, 2640 MHz
2026/09/23 13:57:45.661, 0, 99 %, 100 %, 4867 MiB, 49140 MiB, 209.29 W, 300.00 W, 54, 2745 MHz
2026/09/23 13:57:46.662, 0, 0 %, 0 %, 4867 MiB, 49140 MiB, 87.38 W, 300.00 W, 53, 2745 MHz
2026/09/23 13:57:47.662, 0, 0 %, 0 %, 4867 MiB, 49140 MiB, 96.61 W, 300.00 W, 53, 2745 MHz
2026/09/23 13:57:48.662, 0, 0 %, 0 %, 4869 MiB, 49140 MiB, 77.22 W, 300.00 W, 53, 2760 MHz
2026/09/23 13:57:49.663, 0, 92 %, 100 %, 4869 MiB, 49140 MiB, 93.68 W, 300.00 W, 54, 2760 MHz
2026/09/23 13:57:50.664, 0, 0 %, 0 %, 4869 MiB, 49140 MiB, 97.99 W, 300.00 W, 53, 2760 MHz
2026/09/23 13:57:51.664, 0, 0 %, 0 %, 4869 MiB, 49140 MiB, 98.00 W, 300.00 W, 53, 2760 MHz
2026/09/23 13:57:52.665, 0, 0 %, 0 %, 4869 MiB, 49140 MiB, 75.42 W, 300.00 W, 52, 2505 MHz
2026/09/23 13:57:53.665, 0, 0 %, 0 %, 4869 MiB, 49140 MiB, 67.12 W, 300.00 W, 52, 2505 MHz
2026/09/23 13:57:54.666, 0, 0 %, 0 %, 4869 MiB, 49140 MiB, 58.93 W, 300.00 W, 51, 2505 MHz
2026/09/23 13:57:55.666, 0, 0 %, 0 %, 4869 MiB, 49140 MiB, 58.80 W, 300.00 W, 51, 2505 MHz
2026/09/23 13:57:56.668, 0, 0 %, 0 %, 4869 MiB, 49140 MiB, 58.87 W, 300.00 W, 51, 2505 MHz
2026/09/23 13:57:57.668, 0, 0 %, 0 %, 4869 MiB, 49140 MiB, 58.90 W, 300.00 W, 51, 2505 MHz
2026/09/23 13:57:58.669, 0, 0 %, 0 %, 4869 MiB, 49140 MiB, 58.72 W, 300.00 W, 51, 2505 MHz
2026/09/23 13:57:59.669, 0, 0 %, 0 %, 4869 MiB, 49140 MiB, 58.62 W, 300.00 W, 51, 2505 MHz
2026/09/23 13:58:00.670, 0, 0 %, 0 %, 4871 MiB, 49140 MiB, 58.77 W, 300.00 W, 51, 2505 MHz
2026/09/23 13:58:01.670, 0, 0 %, 0 %, 5235 MiB, 49140 MiB, 62.35 W, 300.00 W, 51, 2505 MHz
2026/09/23 13:58:02.671, 0, 0 %, 0 %, 5505 MiB, 49140 MiB, 110.63 W, 300.00 W, 51, 2760 MHz
2026/09/23 13:58:03.671, 0, 100 %, 8 %, 4603 MiB, 49140 MiB, 100.60 W, 300.00 W, 52, 2760 MHz
2026/09/23 13:58:04.672, 0, 99 %, 56 %, 4513 MiB, 49140 MiB, 103.73 W, 300.00 W, 52, 2760 MHz
2026/09/23 13:58:05.672, 0, 32 %, 20 %, 8403 MiB, 49140 MiB, 83.87 W, 300.00 W, 51, 2760 MHz
2026/09/23 13:58:06.673, 0, 39 %, 32 %, 4787 MiB, 49140 MiB, 89.78 W, 300.00 W, 51, 2760 MHz
2026/09/23 13:58:07.673, 0, 28 %, 24 %, 4333 MiB, 49140 MiB, 91.32 W, 300.00 W, 52, 2760 MHz
2026/09/23 13:58:08.673, 0, 0 %, 0 %, 4295 MiB, 49140 MiB, 80.64 W, 300.00 W, 51, 2760 MHz
2026/09/23 13:58:09.674, 0, 0 %, 0 %, 4295 MiB, 49140 MiB, 76.62 W, 300.00 W, 51, 2505 MHz
2026/09/23 13:58:10.675, 0, 4 %, 4 %, 4253 MiB, 49140 MiB, 69.00 W, 300.00 W, 51, 2505 MHz
2026/09/23 13:58:11.675, 0, 0 %, 0 %, 4239 MiB, 49140 MiB, 81.24 W, 300.00 W, 51, 2760 MHz
2026/09/23 13:58:12.676, 0, 19 %, 2 %, 4171 MiB, 49140 MiB, 94.64 W, 300.00 W, 51, 2760 MHz
2026/09/23 13:58:13.676, 0, 11 %, 2 %, 4199 MiB, 49140 MiB, 83.12 W, 300.00 W, 51, 2760 MHz
2026/09/23 13:58:14.677, 0, 0 %, 0 %, 4215 MiB, 49140 MiB, 66.33 W, 300.00 W, 51, 2505 MHz
2026/09/23 13:58:15.677, 0, 7 %, 1 %, 4171 MiB, 49140 MiB, 66.22 W, 300.00 W, 51, 2505 MHz
2026/09/23 13:58:16.678, 0, 0 %, 0 %, 4171 MiB, 49140 MiB, 64.35 W, 300.00 W, 50, 2505 MHz
2026/09/23 13:58:17.678, 0, 0 %, 0 %, 4171 MiB, 49140 MiB, 59.94 W, 300.00 W, 50, 2505 MHz
2026/09/23 13:58:18.679, 0, 0 %, 0 %, 4171 MiB, 49140 MiB, 60.73 W, 300.00 W, 51, 2505 MHz
2026/09/23 13:58:19.679, 0, 0 %, 0 %, 4171 MiB, 49140 MiB, 60.96 W, 300.00 W, 50, 2505 MHz
2026/09/23 13:58:20.680, 0, 3 %, 0 %, 4171 MiB, 49140 MiB, 68.10 W, 300.00 W, 50, 2505 MHz
2026/09/23 13:58:21.680, 0, 0 %, 0 %, 4267 MiB, 49140 MiB, 60.84 W, 300.00 W, 50, 2505 MHz
2026/09/23 13:58:22.681, 0, 0 %, 0 %, 5071 MiB, 49140 MiB, 83.19 W, 300.00 W, 50, 2550 MHz
2026/09/23 13:58:23.682, 0, 0 %, 0 %, 4891 MiB, 49140 MiB, 98.44 W, 300.00 W, 50, 2550 MHz
2026/09/23 13:58:24.682, 0, 0 %, 0 %, 3715 MiB, 49140 MiB, 120.47 W, 300.00 W, 53, 2760 MHz
2026/09/23 13:58:25.683, 0, 96 %, 100 %, 6023 MiB, 49140 MiB, 221.26 W, 300.00 W, 57, 2070 MHz
2026/09/23 13:58:26.684, 0, 97 %, 85 %, 6023 MiB, 49140 MiB, 278.14 W, 300.00 W, 58, 2160 MHz
2026/09/23 13:58:27.684, 0, 98 %, 86 %, 6023 MiB, 49140 MiB, 279.39 W, 300.00 W, 58, 2055 MHz
2026/09/23 13:58:28.686, 0, 96 %, 83 %, 6023 MiB, 49140 MiB, 279.82 W, 300.00 W, 59, 2325 MHz
2026/09/23 13:58:29.687, 0, 97 %, 86 %, 6023 MiB, 49140 MiB, 277.88 W, 300.00 W, 59, 2040 MHz
2026/09/23 13:58:30.687, 0, 90 %, 80 %, 6023 MiB, 49140 MiB, 279.50 W, 300.00 W, 60, 2250 MHz
2026/09/23 13:58:31.690, 0, 98 %, 88 %, 6023 MiB, 49140 MiB, 281.26 W, 300.00 W, 60, 2205 MHz
2026/09/23 13:58:32.691, 0, 98 %, 90 %, 6023 MiB, 49140 MiB, 282.30 W, 300.00 W, 60, 2190 MHz
2026/09/23 13:58:33.692, 0, 98 %, 89 %, 6023 MiB, 49140 MiB, 280.94 W, 300.00 W, 61, 2295 MHz
2026/09/23 13:58:34.693, 0, 96 %, 88 %, 6023 MiB, 49140 MiB, 280.51 W, 300.00 W, 62, 1920 MHz
2026/09/23 13:58:35.694, 0, 97 %, 88 %, 6023 MiB, 49140 MiB, 280.48 W, 300.00 W, 63, 1950 MHz
2026/09/23 13:58:36.695, 0, 98 %, 87 %, 6023 MiB, 49140 MiB, 281.06 W, 300.00 W, 62, 1905 MHz
2026/09/23 13:58:37.697, 0, 97 %, 84 %, 6023 MiB, 49140 MiB, 280.17 W, 300.00 W, 63, 2115 MHz
2026/09/23 13:58:38.697, 0, 92 %, 83 %, 6023 MiB, 49140 MiB, 280.91 W, 300.00 W, 63, 1830 MHz
2026/09/23 13:58:39.698, 0, 97 %, 86 %, 6023 MiB, 49140 MiB, 281.80 W, 300.00 W, 64, 2145 MHz
2026/09/23 13:58:40.700, 0, 97 %, 84 %, 6023 MiB, 49140 MiB, 282.75 W, 300.00 W, 63, 2025 MHz
2026/09/23 13:58:41.702, 0, 98 %, 90 %, 6023 MiB, 49140 MiB, 282.15 W, 300.00 W, 64, 2280 MHz
2026/09/23 13:58:42.703, 0, 97 %, 88 %, 6023 MiB, 49140 MiB, 281.46 W, 300.00 W, 64, 2040 MHz
2026/09/23 13:58:43.704, 0, 96 %, 89 %, 6023 MiB, 49140 MiB, 283.61 W, 300.00 W, 64, 2160 MHz
2026/09/23 13:58:44.704, 0, 97 %, 89 %, 6023 MiB, 49140 MiB, 283.33 W, 300.00 W, 65, 2130 MHz
2026/09/23 13:58:45.707, 0, 95 %, 86 %, 6023 MiB, 49140 MiB, 284.67 W, 300.00 W, 64, 2220 MHz
2026/09/23 13:58:46.707, 0, 97 %, 87 %, 6023 MiB, 49140 MiB, 282.43 W, 300.00 W, 65, 2220 MHz
2026/09/23 13:58:47.708, 0, 0 %, 0 %, 6023 MiB, 49140 MiB, 143.61 W, 300.00 W, 60, 2745 MHz
2026/09/23 13:58:48.708, 0, 0 %, 0 %, 6023 MiB, 49140 MiB, 107.04 W, 300.00 W, 59, 2745 MHz
2026/09/23 13:58:49.709, 0, 0 %, 0 %, 6023 MiB, 49140 MiB, 78.70 W, 300.00 W, 58, 2505 MHz
2026/09/23 13:58:50.709, 0, 0 %, 0 %, 6023 MiB, 49140 MiB, 71.44 W, 300.00 W, 58, 2505 MHz
2026/09/23 13:58:51.710, 0, 0 %, 0 %, 6023 MiB, 49140 MiB, 64.32 W, 300.00 W, 57, 2505 MHz
2026/09/23 13:58:52.710, 0, 0 %, 0 %, 6023 MiB, 49140 MiB, 64.10 W, 300.00 W, 57, 2505 MHz
2026/09/23 13:58:53.711, 0, 0 %, 0 %, 6023 MiB, 49140 MiB, 63.84 W, 300.00 W, 57, 2505 MHz
2026/09/23 13:58:54.711, 0, 0 %, 0 %, 6023 MiB, 49140 MiB, 63.66 W, 300.00 W, 56, 2505 MHz
2026/09/23 13:58:55.713, 0, 0 %, 0 %, 6023 MiB, 49140 MiB, 63.33 W, 300.00 W, 56, 2505 MHz
2026/09/23 13:58:56.713, 0, 0 %, 0 %, 6023 MiB, 49140 MiB, 62.85 W, 300.00 W, 56, 2505 MHz
2026/09/23 13:58:57.714, 0, 1 %, 0 %, 1943 MiB, 49140 MiB, 78.24 W, 300.00 W, 58, 2745 MHz
2026/09/23 13:58:58.715, 0, 58 %, 58 %, 1943 MiB, 49140 MiB, 199.94 W, 300.00 W, 58, 2745 MHz
2026/09/23 13:58:59.715, 0, 36 %, 41 %, 1897 MiB, 49140 MiB, 175.06 W, 300.00 W, 58, 2745 MHz
2026/09/23 13:59:00.716, 0, 53 %, 43 %, 1537 MiB, 49140 MiB, 198.75 W, 300.00 W, 58, 2745 MHz
2026/09/23 13:59:01.716, 0, 0 %, 0 %, 1539 MiB, 49140 MiB, 78.97 W, 300.00 W, 57, 2745 MHz
2026/09/23 13:59:02.717, 0, 72 %, 78 %, 2271 MiB, 49140 MiB, 196.06 W, 300.00 W, 63, 1800 MHz
2026/09/23 13:59:03.717, 0, 37 %, 23 %, 2271 MiB, 49140 MiB, 183.86 W, 300.00 W, 57, 2745 MHz
2026/09/23 13:59:04.717, 0, 0 %, 0 %, 6161 MiB, 49140 MiB, 85.49 W, 300.00 W, 57, 2520 MHz
2026/09/23 13:59:05.719, 0, 94 %, 82 %, 6161 MiB, 49140 MiB, 283.48 W, 300.00 W, 64, 2070 MHz
2026/09/23 13:59:06.720, 0, 98 %, 83 %, 6161 MiB, 49140 MiB, 280.07 W, 300.00 W, 65, 2220 MHz
2026/09/23 13:59:07.721, 0, 97 %, 87 %, 6161 MiB, 49140 MiB, 281.67 W, 300.00 W, 63, 2220 MHz
2026/09/23 13:59:08.722, 0, 98 %, 88 %, 6161 MiB, 49140 MiB, 281.76 W, 300.00 W, 64, 2220 MHz
2026/09/23 13:59:09.723, 0, 98 %, 90 %, 6161 MiB, 49140 MiB, 281.11 W, 300.00 W, 64, 2280 MHz
2026/09/23 13:59:10.724, 0, 98 %, 91 %, 6161 MiB, 49140 MiB, 281.68 W, 300.00 W, 65, 2250 MHz
2026/09/23 13:59:11.724, 0, 98 %, 90 %, 6161 MiB, 49140 MiB, 282.54 W, 300.00 W, 65, 2235 MHz
2026/09/23 13:59:12.725, 0, 97 %, 89 %, 6161 MiB, 49140 MiB, 279.80 W, 300.00 W, 67, 2130 MHz
2026/09/23 13:59:13.726, 0, 98 %, 87 %, 6161 MiB, 49140 MiB, 282.89 W, 300.00 W, 65, 2115 MHz
2026/09/23 13:59:14.726, 0, 98 %, 84 %, 6161 MiB, 49140 MiB, 282.38 W, 300.00 W, 67, 2130 MHz
2026/09/23 13:59:15.727, 0, 97 %, 85 %, 6161 MiB, 49140 MiB, 282.50 W, 300.00 W, 66, 2025 MHz
2026/09/23 13:59:16.728, 0, 98 %, 83 %, 6161 MiB, 49140 MiB, 281.83 W, 300.00 W, 67, 2265 MHz
2026/09/23 13:59:17.729, 0, 97 %, 84 %, 6161 MiB, 49140 MiB, 285.02 W, 300.00 W, 67, 2025 MHz
2026/09/23 13:59:18.730, 0, 98 %, 83 %, 6161 MiB, 49140 MiB, 282.39 W, 300.00 W, 68, 2280 MHz
2026/09/23 13:59:19.730, 0, 97 %, 83 %, 6161 MiB, 49140 MiB, 284.22 W, 300.00 W, 66, 1980 MHz
2026/09/23 13:59:20.731, 0, 98 %, 87 %, 6161 MiB, 49140 MiB, 282.48 W, 300.00 W, 67, 2055 MHz
2026/09/23 13:59:21.732, 0, 87 %, 78 %, 6161 MiB, 49140 MiB, 283.93 W, 300.00 W, 67, 1800 MHz
2026/09/23 13:59:22.733, 0, 97 %, 89 %, 6161 MiB, 49140 MiB, 283.62 W, 300.00 W, 67, 2115 MHz
2026/09/23 13:59:23.733, 0, 97 %, 89 %, 6161 MiB, 49140 MiB, 285.18 W, 300.00 W, 67, 1860 MHz
2026/09/23 13:59:24.734, 0, 97 %, 89 %, 6161 MiB, 49140 MiB, 282.22 W, 300.00 W, 67, 2250 MHz
2026/09/23 13:59:25.735, 0, 97 %, 87 %, 6161 MiB, 49140 MiB, 283.23 W, 300.00 W, 69, 2115 MHz
2026/09/23 13:59:26.736, 0, 97 %, 85 %, 6161 MiB, 49140 MiB, 286.11 W, 300.00 W, 69, 1815 MHz
2026/09/23 13:59:27.736, 0, 94 %, 68 %, 6161 MiB, 49140 MiB, 246.16 W, 300.00 W, 64, 2730 MHz
2026/09/23 13:59:28.737, 0, 0 %, 0 %, 6161 MiB, 49140 MiB, 84.19 W, 300.00 W, 62, 2745 MHz
2026/09/23 13:59:29.738, 0, 96 %, 84 %, 6161 MiB, 49140 MiB, 184.14 W, 300.00 W, 67, 2040 MHz
2026/09/23 13:59:30.739, 0, 95 %, 85 %, 6161 MiB, 49140 MiB, 286.48 W, 300.00 W, 66, 1800 MHz
2026/09/23 13:59:31.739, 0, 98 %, 88 %, 6161 MiB, 49140 MiB, 284.07 W, 300.00 W, 68, 1860 MHz
2026/09/23 13:59:32.740, 0, 96 %, 87 %, 6161 MiB, 49140 MiB, 287.01 W, 300.00 W, 67, 1785 MHz
2026/09/23 13:59:33.743, 0, 98 %, 88 %, 6161 MiB, 49140 MiB, 283.54 W, 300.00 W, 68, 2070 MHz
2026/09/23 13:59:34.743, 0, 97 %, 89 %, 6161 MiB, 49140 MiB, 285.91 W, 300.00 W, 69, 1995 MHz
2026/09/23 13:59:35.745, 0, 98 %, 90 %, 6161 MiB, 49140 MiB, 284.28 W, 300.00 W, 69, 2160 MHz
2026/09/23 13:59:36.746, 0, 98 %, 83 %, 6161 MiB, 49140 MiB, 284.52 W, 300.00 W, 71, 2070 MHz
2026/09/23 13:59:37.747, 0, 96 %, 83 %, 6161 MiB, 49140 MiB, 286.02 W, 300.00 W, 68, 1890 MHz
2026/09/23 13:59:38.748, 0, 97 %, 88 %, 6161 MiB, 49140 MiB, 283.57 W, 300.00 W, 69, 1980 MHz
2026/09/23 13:59:39.749, 0, 95 %, 86 %, 6161 MiB, 49140 MiB, 285.55 W, 300.00 W, 69, 2115 MHz
2026/09/23 13:59:40.750, 0, 98 %, 89 %, 6161 MiB, 49140 MiB, 284.69 W, 300.00 W, 69, 2160 MHz
2026/09/23 13:59:41.751, 0, 97 %, 82 %, 6161 MiB, 49140 MiB, 281.68 W, 300.00 W, 70, 2100 MHz
2026/09/23 13:59:42.753, 0, 94 %, 85 %, 6161 MiB, 49140 MiB, 282.72 W, 300.00 W, 69, 2100 MHz
2026/09/23 13:59:43.755, 0, 98 %, 85 %, 6161 MiB, 49140 MiB, 286.76 W, 300.00 W, 69, 1740 MHz
2026/09/23 13:59:44.755, 0, 97 %, 84 %, 6161 MiB, 49140 MiB, 284.46 W, 300.00 W, 69, 2190 MHz
2026/09/23 13:59:45.756, 0, 97 %, 88 %, 6161 MiB, 49140 MiB, 285.29 W, 300.00 W, 71, 2070 MHz
2026/09/23 13:59:46.758, 0, 97 %, 88 %, 6161 MiB, 49140 MiB, 285.64 W, 300.00 W, 71, 1935 MHz
2026/09/23 13:59:47.759, 0, 98 %, 89 %, 6161 MiB, 49140 MiB, 284.42 W, 300.00 W, 70, 1905 MHz
2026/09/23 13:59:48.760, 0, 97 %, 82 %, 6161 MiB, 49140 MiB, 286.28 W, 300.00 W, 70, 1920 MHz
2026/09/23 13:59:49.760, 0, 94 %, 85 %, 6161 MiB, 49140 MiB, 285.18 W, 300.00 W, 71, 1905 MHz
2026/09/23 13:59:50.761, 0, 91 %, 67 %, 6161 MiB, 49140 MiB, 286.68 W, 300.00 W, 72, 1890 MHz
2026/09/23 13:59:51.761, 0, 9 %, 0 %, 6161 MiB, 49140 MiB, 272.91 W, 300.00 W, 67, 2505 MHz
2026/09/23 13:59:52.762, 0, 0 %, 0 %, 6161 MiB, 49140 MiB, 71.12 W, 300.00 W, 64, 2505 MHz
2026/09/23 13:59:53.763, 0, 93 %, 79 %, 6161 MiB, 49140 MiB, 147.88 W, 300.00 W, 69, 2025 MHz
2026/09/23 13:59:54.763, 0, 96 %, 87 %, 6161 MiB, 49140 MiB, 284.30 W, 300.00 W, 70, 1995 MHz
2026/09/23 13:59:55.765, 0, 98 %, 88 %, 6161 MiB, 49140 MiB, 284.77 W, 300.00 W, 71, 1875 MHz
2026/09/23 13:59:56.766, 0, 98 %, 83 %, 6161 MiB, 49140 MiB, 284.93 W, 300.00 W, 69, 2040 MHz
2026/09/23 13:59:57.767, 0, 94 %, 81 %, 6161 MiB, 49140 MiB, 284.81 W, 300.00 W, 70, 2055 MHz
2026/09/23 13:59:58.768, 0, 97 %, 87 %, 6161 MiB, 49140 MiB, 285.62 W, 300.00 W, 71, 1740 MHz
2026/09/23 13:59:59.769, 0, 97 %, 89 %, 6161 MiB, 49140 MiB, 286.72 W, 300.00 W, 70, 2220 MHz
2026/09/23 14:00:00.770, 0, 98 %, 90 %, 6161 MiB, 49140 MiB, 286.56 W, 300.00 W, 72, 2100 MHz
2026/09/23 14:00:01.771, 0, 97 %, 82 %, 6161 MiB, 49140 MiB, 287.46 W, 300.00 W, 70, 1995 MHz
2026/09/23 14:00:02.771, 0, 96 %, 83 %, 6161 MiB, 49140 MiB, 285.14 W, 300.00 W, 70, 2055 MHz
2026/09/23 14:00:03.772, 0, 98 %, 89 %, 6161 MiB, 49140 MiB, 284.73 W, 300.00 W, 70, 1695 MHz
2026/09/23 14:00:04.773, 0, 98 %, 89 %, 6161 MiB, 49140 MiB, 286.38 W, 300.00 W, 71, 2160 MHz
2026/09/23 14:00:05.774, 0, 95 %, 86 %, 6161 MiB, 49140 MiB, 284.93 W, 300.00 W, 72, 2040 MHz
2026/09/23 14:00:06.775, 0, 97 %, 84 %, 6161 MiB, 49140 MiB, 285.84 W, 300.00 W, 70, 1920 MHz
2026/09/23 14:00:07.776, 0, 94 %, 84 %, 6161 MiB, 49140 MiB, 286.82 W, 300.00 W, 71, 2040 MHz
2026/09/23 14:00:08.779, 0, 98 %, 88 %, 6161 MiB, 49140 MiB, 285.66 W, 300.00 W, 72, 2070 MHz
2026/09/23 14:00:09.779, 0, 98 %, 85 %, 6161 MiB, 49140 MiB, 287.60 W, 300.00 W, 72, 2115 MHz
2026/09/23 14:00:10.781, 0, 97 %, 83 %, 6161 MiB, 49140 MiB, 285.62 W, 300.00 W, 71, 2175 MHz
2026/09/23 14:00:11.782, 0, 97 %, 86 %, 6161 MiB, 49140 MiB, 287.24 W, 300.00 W, 70, 1770 MHz
2026/09/23 14:00:12.783, 0, 96 %, 86 %, 6161 MiB, 49140 MiB, 288.13 W, 300.00 W, 71, 1965 MHz
2026/09/23 14:00:13.786, 0, 98 %, 88 %, 6161 MiB, 49140 MiB, 283.85 W, 300.00 W, 73, 2070 MHz
2026/09/23 14:00:14.787, 0, 98 %, 82 %, 6161 MiB, 49140 MiB, 287.49 W, 300.00 W, 70, 1860 MHz
2026/09/23 14:00:15.788, 0, 93 %, 67 %, 6161 MiB, 49140 MiB, 290.09 W, 300.00 W, 72, 1755 MHz
2026/09/23 14:00:16.788, 0, 0 %, 0 %, 6161 MiB, 49140 MiB, 214.33 W, 300.00 W, 66, 2730 MHz
2026/09/23 14:00:17.789, 0, 0 %, 0 %, 6161 MiB, 49140 MiB, 86.20 W, 300.00 W, 65, 2730 MHz
2026/09/23 14:00:18.789, 0, 96 %, 88 %, 6161 MiB, 49140 MiB, 236.89 W, 300.00 W, 72, 2115 MHz
2026/09/23 14:00:19.790, 0, 97 %, 81 %, 6161 MiB, 49140 MiB, 286.73 W, 300.00 W, 70, 1905 MHz
2026/09/23 14:00:20.791, 0, 94 %, 84 %, 6161 MiB, 49140 MiB, 285.99 W, 300.00 W, 71, 1800 MHz
2026/09/23 14:00:21.792, 0, 98 %, 87 %, 6161 MiB, 49140 MiB, 284.83 W, 300.00 W, 72, 1830 MHz
2026/09/23 14:00:22.793, 0, 98 %, 88 %, 6161 MiB, 49140 MiB, 287.41 W, 300.00 W, 72, 2205 MHz
2026/09/23 14:00:23.794, 0, 98 %, 85 %, 6161 MiB, 49140 MiB, 286.38 W, 300.00 W, 71, 2085 MHz
2026/09/23 14:00:24.795, 0, 98 %, 86 %, 6161 MiB, 49140 MiB, 287.79 W, 300.00 W, 71, 1755 MHz
2026/09/23 14:00:25.796, 0, 97 %, 88 %, 6161 MiB, 49140 MiB, 288.50 W, 300.00 W, 71, 2010 MHz
2026/09/23 14:00:26.797, 0, 98 %, 89 %, 6161 MiB, 49140 MiB, 287.11 W, 300.00 W, 73, 2055 MHz
2026/09/23 14:00:27.798, 0, 98 %, 82 %, 6161 MiB, 49140 MiB, 288.77 W, 300.00 W, 71, 1935 MHz
2026/09/23 14:00:28.798, 0, 95 %, 85 %, 6161 MiB, 49140 MiB, 286.66 W, 300.00 W, 71, 1770 MHz
2026/09/23 14:00:29.799, 0, 97 %, 87 %, 6161 MiB, 49140 MiB, 286.23 W, 300.00 W, 72, 2025 MHz
2026/09/23 14:00:30.800, 0, 98 %, 82 %, 6161 MiB, 49140 MiB, 287.82 W, 300.00 W, 72, 2010 MHz
2026/09/23 14:00:31.801, 0, 97 %, 83 %, 6161 MiB, 49140 MiB, 286.88 W, 300.00 W, 72, 2010 MHz
2026/09/23 14:00:32.803, 0, 98 %, 88 %, 6161 MiB, 49140 MiB, 285.04 W, 300.00 W, 73, 1920 MHz
2026/09/23 14:00:33.804, 0, 97 %, 83 %, 6161 MiB, 49140 MiB, 288.02 W, 300.00 W, 72, 1995 MHz
2026/09/23 14:00:34.805, 0, 94 %, 83 %, 6161 MiB, 49140 MiB, 286.35 W, 300.00 W, 72, 1770 MHz
2026/09/23 14:00:35.807, 0, 98 %, 88 %, 6161 MiB, 49140 MiB, 286.14 W, 300.00 W, 73, 1830 MHz
2026/09/23 14:00:36.808, 0, 98 %, 82 %, 6161 MiB, 49140 MiB, 287.07 W, 300.00 W, 72, 1845 MHz
2026/09/23 14:00:37.809, 0, 96 %, 86 %, 6161 MiB, 49140 MiB, 287.20 W, 300.00 W, 72, 1800 MHz
2026/09/23 14:00:38.810, 0, 98 %, 87 %, 6161 MiB, 49140 MiB, 286.89 W, 300.00 W, 73, 1845 MHz
2026/09/23 14:00:39.810, 0, 96 %, 80 %, 6161 MiB, 49140 MiB, 287.58 W, 300.00 W, 71, 2175 MHz
2026/09/23 14:00:40.811, 0, 94 %, 68 %, 6161 MiB, 49140 MiB, 292.82 W, 300.00 W, 73, 1725 MHz
2026/09/23 14:00:41.814, 0, 0 %, 0 %, 6161 MiB, 49140 MiB, 130.94 W, 300.00 W, 66, 2730 MHz
2026/09/23 14:00:42.814, 0, 97 %, 85 %, 6161 MiB, 49140 MiB, 127.42 W, 300.00 W, 69, 2175 MHz
2026/09/23 14:00:43.816, 0, 96 %, 87 %, 6161 MiB, 49140 MiB, 285.52 W, 300.00 W, 71, 2055 MHz
2026/09/23 14:00:44.817, 0, 98 %, 87 %, 6161 MiB, 49140 MiB, 283.82 W, 300.00 W, 72, 1725 MHz
2026/09/23 14:00:45.818, 0, 97 %, 86 %, 6161 MiB, 49140 MiB, 286.64 W, 300.00 W, 71, 2130 MHz
2026/09/23 14:00:46.819, 0, 98 %, 88 %, 6161 MiB, 49140 MiB, 288.12 W, 300.00 W, 72, 1905 MHz
2026/09/23 14:00:47.820, 0, 96 %, 83 %, 6161 MiB, 49140 MiB, 283.99 W, 300.00 W, 71, 2025 MHz
2026/09/23 14:00:48.821, 0, 98 %, 89 %, 6161 MiB, 49140 MiB, 286.70 W, 300.00 W, 72, 1875 MHz
2026/09/23 14:00:49.821, 0, 97 %, 86 %, 6161 MiB, 49140 MiB, 288.10 W, 300.00 W, 73, 1860 MHz
2026/09/23 14:00:50.822, 0, 96 %, 84 %, 6161 MiB, 49140 MiB, 284.93 W, 300.00 W, 72, 2070 MHz
2026/09/23 14:00:51.823, 0, 96 %, 87 %, 6161 MiB, 49140 MiB, 287.02 W, 300.00 W, 72, 1830 MHz
2026/09/23 14:00:52.825, 0, 97 %, 87 %, 6161 MiB, 49140 MiB, 287.85 W, 300.00 W, 72, 1815 MHz
2026/09/23 14:00:53.826, 0, 95 %, 84 %, 6161 MiB, 49140 MiB, 283.37 W, 300.00 W, 72, 2085 MHz
2026/09/23 14:00:54.826, 0, 97 %, 87 %, 6161 MiB, 49140 MiB, 285.17 W, 300.00 W, 72, 1875 MHz
2026/09/23 14:00:55.828, 0, 98 %, 85 %, 6161 MiB, 49140 MiB, 286.94 W, 300.00 W, 73, 1890 MHz
2026/09/23 14:00:56.829, 0, 94 %, 85 %, 6161 MiB, 49140 MiB, 285.62 W, 300.00 W, 72, 1980 MHz
2026/09/23 14:00:57.830, 0, 98 %, 88 %, 6161 MiB, 49140 MiB, 286.21 W, 300.00 W, 73, 1725 MHz
2026/09/23 14:00:58.832, 0, 97 %, 82 %, 6161 MiB, 49140 MiB, 286.34 W, 300.00 W, 71, 2190 MHz
2026/09/23 14:00:59.832, 0, 96 %, 86 %, 6161 MiB, 49140 MiB, 288.21 W, 300.00 W, 72, 2040 MHz
2026/09/23 14:01:00.834, 0, 98 %, 88 %, 6161 MiB, 49140 MiB, 286.34 W, 300.00 W, 73, 1665 MHz
2026/09/23 14:01:01.835, 0, 97 %, 81 %, 6161 MiB, 49140 MiB, 289.21 W, 300.00 W, 71, 2205 MHz
2026/09/23 14:01:02.836, 0, 94 %, 84 %, 6161 MiB, 49140 MiB, 288.12 W, 300.00 W, 72, 1890 MHz
2026/09/23 14:01:03.837, 0, 98 %, 87 %, 6161 MiB, 49140 MiB, 284.83 W, 300.00 W, 73, 1650 MHz
2026/09/23 14:01:04.839, 0, 88 %, 64 %, 6161 MiB, 49140 MiB, 287.90 W, 300.00 W, 74, 1725 MHz
2026/09/23 14:01:05.839, 0, 9 %, 0 %, 6161 MiB, 49140 MiB, 271.80 W, 300.00 W, 68, 2730 MHz
2026/09/23 14:01:06.840, 0, 0 %, 0 %, 6161 MiB, 49140 MiB, 86.64 W, 300.00 W, 66, 2730 MHz
2026/09/23 14:01:07.840, 0, 96 %, 87 %, 6161 MiB, 49140 MiB, 166.07 W, 300.00 W, 71, 1995 MHz
2026/09/23 14:01:08.842, 0, 98 %, 89 %, 6161 MiB, 49140 MiB, 286.00 W, 300.00 W, 72, 1890 MHz
2026/09/23 14:01:09.843, 0, 96 %, 82 %, 6161 MiB, 49140 MiB, 286.67 W, 300.00 W, 72, 2070 MHz
2026/09/23 14:01:10.843, 0, 95 %, 85 %, 6161 MiB, 49140 MiB, 285.57 W, 300.00 W, 71, 2040 MHz
2026/09/23 14:01:11.844, 0, 96 %, 86 %, 6161 MiB, 49140 MiB, 285.33 W, 300.00 W, 73, 1755 MHz
2026/09/23 14:01:12.845, 0, 98 %, 82 %, 6161 MiB, 49140 MiB, 287.77 W, 300.00 W, 70, 2160 MHz
2026/09/23 14:01:13.846, 0, 95 %, 86 %, 6161 MiB, 49140 MiB, 285.21 W, 300.00 W, 72, 2085 MHz
2026/09/23 14:01:14.847, 0, 98 %, 89 %, 6161 MiB, 49140 MiB, 286.23 W, 300.00 W, 74, 1680 MHz
2026/09/23 14:01:15.848, 0, 97 %, 84 %, 6161 MiB, 49140 MiB, 287.23 W, 300.00 W, 71, 2160 MHz
2026/09/23 14:01:16.849, 0, 97 %, 89 %, 6161 MiB, 49140 MiB, 287.84 W, 300.00 W, 72, 1905 MHz
2026/09/23 14:01:17.851, 0, 98 %, 85 %, 6161 MiB, 49140 MiB, 286.35 W, 300.00 W, 73, 1890 MHz
2026/09/23 14:01:18.852, 0, 98 %, 87 %, 6161 MiB, 49140 MiB, 288.31 W, 300.00 W, 72, 2025 MHz
2026/09/23 14:01:19.854, 0, 98 %, 89 %, 6161 MiB, 49140 MiB, 288.38 W, 300.00 W, 72, 1995 MHz
2026/09/23 14:01:20.854, 0, 97 %, 85 %, 6161 MiB, 49140 MiB, 287.50 W, 300.00 W, 73, 1785 MHz
2026/09/23 14:01:21.855, 0, 97 %, 86 %, 6161 MiB, 49140 MiB, 287.77 W, 300.00 W, 71, 2085 MHz
2026/09/23 14:01:22.857, 0, 97 %, 86 %, 6161 MiB, 49140 MiB, 285.75 W, 300.00 W, 73, 1725 MHz
2026/09/23 14:01:23.857, 0, 96 %, 83 %, 6161 MiB, 49140 MiB, 286.09 W, 300.00 W, 72, 2070 MHz
2026/09/23 14:01:24.859, 0, 98 %, 88 %, 6161 MiB, 49140 MiB, 286.52 W, 300.00 W, 72, 1860 MHz
2026/09/23 14:01:25.859, 0, 96 %, 88 %, 6161 MiB, 49140 MiB, 287.97 W, 300.00 W, 72, 1935 MHz
2026/09/23 14:01:26.860, 0, 98 %, 85 %, 6161 MiB, 49140 MiB, 285.93 W, 300.00 W, 73, 1800 MHz
2026/09/23 14:01:27.861, 0, 98 %, 88 %, 6161 MiB, 49140 MiB, 286.94 W, 300.00 W, 73, 2025 MHz
2026/09/23 14:01:28.863, 0, 98 %, 85 %, 6161 MiB, 49140 MiB, 287.34 W, 300.00 W, 73, 1875 MHz
2026/09/23 14:01:29.864, 0, 91 %, 64 %, 6161 MiB, 49140 MiB, 289.31 W, 300.00 W, 74, 1740 MHz
2026/09/23 14:01:30.865, 0, 0 %, 0 %, 6161 MiB, 49140 MiB, 230.54 W, 300.00 W, 67, 2730 MHz
2026/09/23 14:01:31.865, 0, 0 %, 0 %, 6161 MiB, 49140 MiB, 87.50 W, 300.00 W, 66, 2730 MHz
2026/09/23 14:01:32.866, 0, 97 %, 86 %, 6161 MiB, 49140 MiB, 196.99 W, 300.00 W, 71, 1980 MHz
2026/09/23 14:01:33.867, 0, 98 %, 88 %, 6161 MiB, 49140 MiB, 285.79 W, 300.00 W, 71, 1995 MHz
2026/09/23 14:01:34.868, 0, 96 %, 83 %, 6161 MiB, 49140 MiB, 285.58 W, 300.00 W, 72, 1860 MHz
2026/09/23 14:01:35.869, 0, 98 %, 86 %, 6161 MiB, 49140 MiB, 286.86 W, 300.00 W, 71, 1755 MHz
2026/09/23 14:01:36.870, 0, 97 %, 88 %, 6161 MiB, 49140 MiB, 286.50 W, 300.00 W, 72, 2040 MHz
2026/09/23 14:01:37.870, 0, 98 %, 85 %, 6161 MiB, 49140 MiB, 284.38 W, 300.00 W, 72, 1860 MHz
2026/09/23 14:01:38.871, 0, 97 %, 86 %, 6161 MiB, 49140 MiB, 287.53 W, 300.00 W, 72, 2160 MHz
2026/09/23 14:01:39.872, 0, 97 %, 89 %, 6161 MiB, 49140 MiB, 287.39 W, 300.00 W, 72, 2085 MHz
2026/09/23 14:01:40.872, 0, 97 %, 84 %, 6161 MiB, 49140 MiB, 284.89 W, 300.00 W, 72, 1800 MHz
2026/09/23 14:01:41.873, 0, 97 %, 88 %, 6161 MiB, 49140 MiB, 286.28 W, 300.00 W, 72, 2175 MHz
2026/09/23 14:01:42.875, 0, 98 %, 86 %, 6161 MiB, 49140 MiB, 288.19 W, 300.00 W, 73, 1920 MHz
2026/09/23 14:01:43.876, 0, 96 %, 83 %, 6161 MiB, 49140 MiB, 286.78 W, 300.00 W, 72, 1785 MHz
2026/09/23 14:01:44.877, 0, 97 %, 89 %, 6161 MiB, 49140 MiB, 286.91 W, 300.00 W, 72, 2145 MHz
2026/09/23 14:01:45.877, 0, 97 %, 82 %, 6161 MiB, 49140 MiB, 286.49 W, 300.00 W, 72, 2190 MHz
2026/09/23 14:01:46.879, 0, 96 %, 84 %, 6161 MiB, 49140 MiB, 287.51 W, 300.00 W, 73, 1665 MHz
2026/09/23 14:01:47.880, 0, 97 %, 87 %, 6161 MiB, 49140 MiB, 287.13 W, 300.00 W, 73, 2175 MHz
2026/09/23 14:01:48.880, 0, 98 %, 83 %, 6161 MiB, 49140 MiB, 288.15 W, 300.00 W, 72, 2220 MHz
2026/09/23 14:01:49.881, 0, 96 %, 84 %, 6161 MiB, 49140 MiB, 286.12 W, 300.00 W, 72, 1665 MHz
2026/09/23 14:01:50.882, 0, 97 %, 88 %, 6161 MiB, 49140 MiB, 285.93 W, 300.00 W, 74, 2115 MHz
2026/09/23 14:01:51.883, 0, 97 %, 81 %, 6161 MiB, 49140 MiB, 287.82 W, 300.00 W, 71, 2040 MHz
2026/09/23 14:01:52.884, 0, 95 %, 85 %, 6161 MiB, 49140 MiB, 287.62 W, 300.00 W, 72, 1770 MHz
2026/09/23 14:01:53.885, 0, 98 %, 88 %, 6161 MiB, 49140 MiB, 286.45 W, 300.00 W, 74, 1920 MHz
2026/09/23 14:01:54.887, 0, 92 %, 65 %, 6161 MiB, 49140 MiB, 290.92 W, 300.00 W, 74, 1695 MHz
2026/09/23 14:01:55.888, 0, 0 %, 0 %, 6161 MiB, 49140 MiB, 188.04 W, 300.00 W, 67, 2730 MHz
2026/09/23 14:01:56.888, 0, 0 %, 0 %, 6161 MiB, 49140 MiB, 87.15 W, 300.00 W, 66, 2730 MHz
2026/09/23 14:01:57.889, 0, 98 %, 89 %, 6161 MiB, 49140 MiB, 188.68 W, 300.00 W, 73, 2010 MHz
2026/09/23 14:01:58.889, 0, 97 %, 82 %, 6161 MiB, 49140 MiB, 286.32 W, 300.00 W, 70, 1875 MHz
2026/09/23 14:01:59.890, 0, 95 %, 85 %, 6161 MiB, 49140 MiB, 285.27 W, 300.00 W, 71, 1905 MHz
2026/09/23 14:02:00.892, 0, 97 %, 88 %, 6161 MiB, 49140 MiB, 284.50 W, 300.00 W, 73, 1980 MHz
2026/09/23 14:02:01.892, 0, 98 %, 86 %, 6161 MiB, 49140 MiB, 285.70 W, 300.00 W, 71, 1905 MHz
2026/09/23 14:02:02.893, 0, 97 %, 88 %, 6161 MiB, 49140 MiB, 287.51 W, 300.00 W, 72, 2070 MHz
2026/09/23 14:02:03.893, 0, 97 %, 87 %, 6161 MiB, 49140 MiB, 286.45 W, 300.00 W, 73, 1965 MHz
2026/09/23 14:02:04.894, 0, 98 %, 87 %, 6161 MiB, 49140 MiB, 286.61 W, 300.00 W, 71, 1815 MHz
2026/09/23 14:02:05.895, 0, 97 %, 88 %, 6161 MiB, 49140 MiB, 287.74 W, 300.00 W, 72, 2025 MHz
2026/09/23 14:02:06.896, 0, 96 %, 83 %, 6161 MiB, 49140 MiB, 283.28 W, 300.00 W, 72, 1740 MHz
2026/09/23 14:02:07.896, 0, 97 %, 87 %, 6161 MiB, 49140 MiB, 286.22 W, 300.00 W, 73, 2190 MHz
2026/09/23 14:02:08.898, 0, 98 %, 83 %, 6161 MiB, 49140 MiB, 287.20 W, 300.00 W, 72, 2085 MHz
2026/09/23 14:02:09.899, 0, 96 %, 84 %, 6161 MiB, 49140 MiB, 286.29 W, 300.00 W, 72, 1710 MHz
2026/09/23 14:02:10.899, 0, 97 %, 88 %, 6161 MiB, 49140 MiB, 286.60 W, 300.00 W, 72, 2145 MHz
2026/09/23 14:02:11.900, 0, 97 %, 85 %, 6161 MiB, 49140 MiB, 288.89 W, 300.00 W, 73, 1875 MHz
2026/09/23 14:02:12.901, 0, 96 %, 82 %, 6161 MiB, 49140 MiB, 287.49 W, 300.00 W, 72, 1680 MHz
2026/09/23 14:02:13.901, 0, 96 %, 87 %, 6161 MiB, 49140 MiB, 285.62 W, 300.00 W, 73, 2205 MHz
2026/09/23 14:02:14.903, 0, 98 %, 87 %, 6161 MiB, 49140 MiB, 287.80 W, 300.00 W, 73, 1950 MHz
2026/09/23 14:02:15.903, 0, 92 %, 80 %, 6161 MiB, 49140 MiB, 284.80 W, 300.00 W, 72, 1785 MHz
2026/09/23 14:02:16.904, 0, 98 %, 89 %, 6161 MiB, 49140 MiB, 285.02 W, 300.00 W, 74, 2130 MHz
2026/09/23 14:02:17.905, 0, 96 %, 81 %, 6161 MiB, 49140 MiB, 287.98 W, 300.00 W, 71, 2070 MHz
2026/09/23 14:02:18.906, 0, 95 %, 85 %, 6161 MiB, 49140 MiB, 286.86 W, 300.00 W, 72, 1815 MHz
2026/09/23 14:02:19.908, 0, 94 %, 66 %, 6161 MiB, 49140 MiB, 290.60 W, 300.00 W, 74, 1740 MHz
2026/09/23 14:02:20.908, 0, 0 %, 0 %, 6161 MiB, 49140 MiB, 176.74 W, 300.00 W, 67, 2730 MHz
2026/09/23 14:02:21.909, 0, 0 %, 0 %, 6161 MiB, 49140 MiB, 86.49 W, 300.00 W, 66, 2280 MHz
2026/09/23 14:02:22.910, 0, 95 %, 86 %, 6161 MiB, 49140 MiB, 218.61 W, 300.00 W, 71, 1920 MHz
2026/09/23 14:02:23.910, 0, 94 %, 85 %, 6161 MiB, 49140 MiB, 288.49 W, 300.00 W, 72, 1935 MHz
2026/09/23 14:02:24.911, 0, 97 %, 83 %, 6161 MiB, 49140 MiB, 286.35 W, 300.00 W, 72, 1860 MHz
2026/09/23 14:02:25.913, 0, 94 %, 85 %, 6161 MiB, 49140 MiB, 286.42 W, 300.00 W, 71, 1845 MHz
2026/09/23 14:02:26.914, 0, 98 %, 88 %, 6161 MiB, 49140 MiB, 286.44 W, 300.00 W, 73, 2010 MHz
2026/09/23 14:02:27.915, 0, 98 %, 84 %, 6161 MiB, 49140 MiB, 287.83 W, 300.00 W, 71, 1965 MHz
2026/09/23 14:02:28.917, 0, 96 %, 86 %, 6161 MiB, 49140 MiB, 287.85 W, 300.00 W, 72, 1845 MHz
2026/09/23 14:02:29.918, 0, 98 %, 86 %, 6161 MiB, 49140 MiB, 285.95 W, 300.00 W, 73, 2115 MHz
2026/09/23 14:02:30.918, 0, 98 %, 86 %, 6161 MiB, 49140 MiB, 286.80 W, 300.00 W, 72, 2040 MHz
2026/09/23 14:02:31.919, 0, 96 %, 87 %, 6161 MiB, 49140 MiB, 287.50 W, 300.00 W, 72, 1695 MHz
2026/09/23 14:02:32.920, 0, 91 %, 80 %, 6161 MiB, 49140 MiB, 285.35 W, 300.00 W, 72, 2055 MHz
2026/09/23 14:02:33.920, 0, 97 %, 87 %, 6161 MiB, 49140 MiB, 286.64 W, 300.00 W, 73, 1905 MHz
2026/09/23 14:02:34.921, 0, 98 %, 82 %, 6161 MiB, 49140 MiB, 287.58 W, 300.00 W, 71, 2085 MHz
2026/09/23 14:02:35.922, 0, 97 %, 87 %, 6161 MiB, 49140 MiB, 284.84 W, 300.00 W, 72, 1815 MHz
2026/09/23 14:02:36.923, 0, 98 %, 84 %, 6161 MiB, 49140 MiB, 285.41 W, 300.00 W, 72, 2145 MHz
2026/09/23 14:02:37.924, 0, 97 %, 87 %, 6161 MiB, 49140 MiB, 286.53 W, 300.00 W, 72, 2070 MHz
2026/09/23 14:02:38.925, 0, 98 %, 83 %, 6161 MiB, 49140 MiB, 288.14 W, 300.00 W, 73, 1710 MHz
2026/09/23 14:02:39.925, 0, 96 %, 85 %, 6161 MiB, 49140 MiB, 285.57 W, 300.00 W, 72, 1905 MHz
2026/09/23 14:02:40.926, 0, 98 %, 88 %, 6161 MiB, 49140 MiB, 288.18 W, 300.00 W, 73, 1800 MHz
2026/09/23 14:02:41.927, 0, 98 %, 81 %, 6161 MiB, 49140 MiB, 288.77 W, 300.00 W, 72, 1980 MHz
2026/09/23 14:02:42.928, 0, 96 %, 83 %, 6161 MiB, 49140 MiB, 286.04 W, 300.00 W, 72, 1845 MHz
2026/09/23 14:02:43.929, 0, 98 %, 87 %, 6161 MiB, 49140 MiB, 287.68 W, 300.00 W, 74, 1875 MHz
2026/09/23 14:02:44.930, 0, 95 %, 66 %, 6161 MiB, 49140 MiB, 294.82 W, 300.00 W, 74, 1650 MHz
2026/09/23 14:02:45.930, 0, 0 %, 0 %, 6161 MiB, 49140 MiB, 119.08 W, 300.00 W, 66, 2730 MHz
2026/09/23 14:02:46.931, 0, 97 %, 86 %, 6161 MiB, 49140 MiB, 118.67 W, 300.00 W, 71, 1920 MHz
2026/09/23 14:02:47.933, 0, 97 %, 88 %, 6161 MiB, 49140 MiB, 291.46 W, 300.00 W, 73, 1815 MHz
2026/09/23 14:02:48.934, 0, 97 %, 87 %, 6161 MiB, 49140 MiB, 292.22 W, 300.00 W, 71, 2115 MHz
2026/09/23 14:02:49.936, 0, 96 %, 83 %, 6161 MiB, 49140 MiB, 292.18 W, 300.00 W, 72, 1950 MHz
2026/09/23 14:02:50.937, 0, 97 %, 87 %, 6161 MiB, 49140 MiB, 287.71 W, 300.00 W, 73, 1845 MHz
2026/09/23 14:02:51.938, 0, 97 %, 88 %, 6161 MiB, 49140 MiB, 287.99 W, 300.00 W, 72, 2010 MHz
2026/09/23 14:02:52.939, 0, 92 %, 81 %, 6161 MiB, 49140 MiB, 283.94 W, 300.00 W, 72, 1785 MHz
2026/09/23 14:02:53.940, 0, 96 %, 86 %, 6161 MiB, 49140 MiB, 285.05 W, 300.00 W, 72, 2175 MHz
2026/09/23 14:02:54.941, 0, 97 %, 84 %, 6161 MiB, 49140 MiB, 287.35 W, 300.00 W, 72, 2025 MHz
2026/09/23 14:02:55.942, 0, 97 %, 86 %, 6161 MiB, 49140 MiB, 288.60 W, 300.00 W, 73, 1800 MHz
2026/09/23 14:02:56.945, 0, 97 %, 85 %, 6161 MiB, 49140 MiB, 285.34 W, 300.00 W, 72, 2010 MHz
2026/09/23 14:02:57.946, 0, 98 %, 87 %, 6161 MiB, 49140 MiB, 288.23 W, 300.00 W, 73, 1755 MHz
2026/09/23 14:02:58.947, 0, 97 %, 84 %, 6161 MiB, 49140 MiB, 286.87 W, 300.00 W, 71, 2025 MHz
2026/09/23 14:02:59.948, 0, 98 %, 86 %, 6161 MiB, 49140 MiB, 287.65 W, 300.00 W, 72, 1830 MHz
2026/09/23 14:03:00.950, 0, 97 %, 87 %, 6161 MiB, 49140 MiB, 287.35 W, 300.00 W, 74, 1845 MHz
2026/09/23 14:03:01.951, 0, 97 %, 86 %, 6161 MiB, 49140 MiB, 288.70 W, 300.00 W, 71, 2070 MHz
2026/09/23 14:03:02.952, 0, 98 %, 86 %, 6161 MiB, 49140 MiB, 286.43 W, 300.00 W, 72, 1845 MHz
2026/09/23 14:03:03.954, 0, 95 %, 85 %, 6161 MiB, 49140 MiB, 286.38 W, 300.00 W, 74, 2100 MHz
2026/09/23 14:03:04.955, 0, 97 %, 81 %, 6161 MiB, 49140 MiB, 287.30 W, 300.00 W, 71, 1920 MHz
2026/09/23 14:03:05.959, 0, 96 %, 85 %, 6161 MiB, 49140 MiB, 286.57 W, 300.00 W, 73, 1635 MHz
2026/09/23 14:03:06.960, 0, 96 %, 87 %, 6161 MiB, 49140 MiB, 288.12 W, 300.00 W, 72, 1770 MHz
2026/09/23 14:03:07.960, 0, 97 %, 86 %, 6161 MiB, 49140 MiB, 288.95 W, 300.00 W, 73, 2010 MHz
2026/09/23 14:03:08.962, 0, 89 %, 66 %, 6161 MiB, 49140 MiB, 289.04 W, 300.00 W, 74, 1770 MHz
2026/09/23 14:03:09.963, 0, 9 %, 0 %, 6161 MiB, 49140 MiB, 267.88 W, 300.00 W, 68, 2730 MHz
2026/09/23 14:03:10.963, 0, 0 %, 0 %, 6161 MiB, 49140 MiB, 87.56 W, 300.00 W, 66, 2730 MHz
2026/09/23 14:03:11.964, 0, 96 %, 85 %, 6161 MiB, 49140 MiB, 180.50 W, 300.00 W, 70, 1725 MHz
2026/09/23 14:03:12.965, 0, 97 %, 86 %, 6161 MiB, 49140 MiB, 286.46 W, 300.00 W, 71, 2160 MHz
2026/09/23 14:03:13.968, 0, 95 %, 84 %, 6161 MiB, 49140 MiB, 286.25 W, 300.00 W, 73, 2100 MHz
2026/09/23 14:03:14.969, 0, 98 %, 84 %, 6161 MiB, 49140 MiB, 286.17 W, 300.00 W, 72, 1875 MHz
2026/09/23 14:03:15.969, 0, 98 %, 86 %, 6161 MiB, 49140 MiB, 287.23 W, 300.00 W, 72, 1830 MHz
2026/09/23 14:03:16.971, 0, 96 %, 84 %, 6161 MiB, 49140 MiB, 284.00 W, 300.00 W, 72, 2145 MHz
2026/09/23 14:03:17.972, 0, 96 %, 86 %, 6161 MiB, 49140 MiB, 286.94 W, 300.00 W, 73, 2130 MHz
2026/09/23 14:03:18.975, 0, 98 %, 83 %, 6161 MiB, 49140 MiB, 287.53 W, 300.00 W, 71, 1650 MHz
2026/09/23 14:03:19.976, 0, 95 %, 84 %, 6161 MiB, 49140 MiB, 286.84 W, 300.00 W, 72, 2085 MHz
2026/09/23 14:03:20.978, 0, 98 %, 87 %, 6161 MiB, 49140 MiB, 287.02 W, 300.00 W, 72, 1965 MHz
2026/09/23 14:03:21.978, 0, 98 %, 83 %, 6161 MiB, 49140 MiB, 288.86 W, 300.00 W, 72, 1710 MHz
2026/09/23 14:03:22.979, 0, 96 %, 85 %, 6161 MiB, 49140 MiB, 287.86 W, 300.00 W, 73, 1860 MHz
2026/09/23 14:03:23.980, 0, 98 %, 88 %, 6161 MiB, 49140 MiB, 287.58 W, 300.00 W, 72, 1710 MHz
2026/09/23 14:03:24.981, 0, 98 %, 87 %, 6161 MiB, 49140 MiB, 288.27 W, 300.00 W, 73, 1995 MHz
2026/09/23 14:03:25.981, 0, 97 %, 86 %, 6161 MiB, 49140 MiB, 289.34 W, 300.00 W, 71, 1695 MHz
2026/09/23 14:03:26.982, 0, 96 %, 84 %, 6161 MiB, 49140 MiB, 286.63 W, 300.00 W, 72, 2130 MHz
2026/09/23 14:03:27.986, 0, 97 %, 85 %, 6161 MiB, 49140 MiB, 286.74 W, 300.00 W, 73, 2040 MHz
2026/09/23 14:03:28.987, 0, 97 %, 86 %, 6161 MiB, 49140 MiB, 284.53 W, 300.00 W, 73, 2010 MHz
2026/09/23 14:03:29.988, 0, 98 %, 88 %, 6161 MiB, 49140 MiB, 286.98 W, 300.00 W, 72, 1845 MHz
2026/09/23 14:03:30.989, 0, 97 %, 83 %, 6161 MiB, 49140 MiB, 286.45 W, 300.00 W, 72, 2025 MHz
2026/09/23 14:03:31.990, 0, 98 %, 87 %, 6161 MiB, 49140 MiB, 286.98 W, 300.00 W, 74, 2025 MHz
2026/09/23 14:03:32.991, 0, 98 %, 86 %, 6161 MiB, 49140 MiB, 288.51 W, 300.00 W, 71, 1695 MHz
2026/09/23 14:03:33.994, 0, 94 %, 66 %, 6161 MiB, 49140 MiB, 289.31 W, 300.00 W, 73, 1710 MHz
2026/09/23 14:03:34.994, 0, 0 %, 0 %, 6161 MiB, 49140 MiB, 231.79 W, 300.00 W, 67, 2730 MHz
2026/09/23 14:03:35.995, 0, 0 %, 0 %, 6161 MiB, 49140 MiB, 87.16 W, 300.00 W, 66, 2730 MHz
2026/09/23 14:03:36.995, 0, 98 %, 84 %, 6161 MiB, 49140 MiB, 235.10 W, 300.00 W, 71, 2130 MHz
2026/09/23 14:03:37.996, 0, 98 %, 87 %, 6161 MiB, 49140 MiB, 285.30 W, 300.00 W, 73, 1935 MHz
2026/09/23 14:03:38.997, 0, 96 %, 86 %, 6161 MiB, 49140 MiB, 286.88 W, 300.00 W, 70, 1725 MHz
2026/09/23 14:03:39.998, 0, 96 %, 85 %, 6161 MiB, 49140 MiB, 284.98 W, 300.00 W, 72, 2130 MHz
2026/09/23 14:03:41.001, 0, 98 %, 87 %, 6161 MiB, 49140 MiB, 286.18 W, 300.00 W, 73, 1995 MHz
2026/09/23 14:03:42.001, 0, 97 %, 82 %, 6161 MiB, 49140 MiB, 287.68 W, 300.00 W, 71, 1680 MHz
2026/09/23 14:03:43.003, 0, 96 %, 85 %, 6161 MiB, 49140 MiB, 287.74 W, 300.00 W, 72, 2130 MHz
2026/09/23 14:03:44.005, 0, 97 %, 87 %, 6161 MiB, 49140 MiB, 286.22 W, 300.00 W, 73, 2070 MHz
2026/09/23 14:03:45.006, 0, 94 %, 81 %, 6161 MiB, 49140 MiB, 286.82 W, 300.00 W, 72, 1890 MHz
2026/09/23 14:03:46.006, 0, 98 %, 87 %, 6161 MiB, 49140 MiB, 285.80 W, 300.00 W, 73, 1785 MHz
2026/09/23 14:03:47.007, 0, 98 %, 87 %, 6161 MiB, 49140 MiB, 286.73 W, 300.00 W, 72, 1875 MHz
2026/09/23 14:03:48.009, 0, 97 %, 86 %, 6161 MiB, 49140 MiB, 287.69 W, 300.00 W, 73, 2010 MHz
2026/09/23 14:03:49.012, 0, 97 %, 88 %, 6161 MiB, 49140 MiB, 288.69 W, 300.00 W, 71, 1815 MHz
2026/09/23 14:03:50.014, 0, 98 %, 86 %, 6161 MiB, 49140 MiB, 286.17 W, 300.00 W, 72, 2115 MHz
2026/09/23 14:03:51.017, 0, 97 %, 85 %, 6161 MiB, 49140 MiB, 285.77 W, 300.00 W, 73, 1995 MHz
2026/09/23 14:03:52.017, 0, 95 %, 83 %, 6161 MiB, 49140 MiB, 288.16 W, 300.00 W, 73, 1965 MHz
2026/09/23 14:03:53.018, 0, 97 %, 86 %, 6161 MiB, 49140 MiB, 288.43 W, 300.00 W, 73, 1860 MHz
2026/09/23 14:03:54.018, 0, 98 %, 84 %, 6161 MiB, 49140 MiB, 287.09 W, 300.00 W, 72, 1935 MHz
2026/09/23 14:03:55.019, 0, 98 %, 86 %, 6161 MiB, 49140 MiB, 288.23 W, 300.00 W, 73, 1950 MHz
2026/09/23 14:03:56.020, 0, 97 %, 84 %, 6161 MiB, 49140 MiB, 286.68 W, 300.00 W, 71, 1650 MHz
2026/09/23 14:03:57.022, 0, 96 %, 85 %, 6161 MiB, 49140 MiB, 288.13 W, 300.00 W, 72, 1785 MHz
2026/09/23 14:03:58.022, 0, 97 %, 86 %, 6161 MiB, 49140 MiB, 286.65 W, 300.00 W, 73, 2055 MHz
2026/09/23 14:03:59.023, 0, 93 %, 66 %, 6161 MiB, 49140 MiB, 294.47 W, 300.00 W, 74, 1665 MHz
2026/09/23 14:04:00.024, 0, 0 %, 0 %, 6161 MiB, 49140 MiB, 153.18 W, 300.00 W, 67, 2730 MHz
2026/09/23 14:04:01.024, 0, 98 %, 89 %, 6161 MiB, 49140 MiB, 110.08 W, 300.00 W, 71, 1785 MHz
2026/09/23 14:04:02.025, 0, 97 %, 85 %, 6161 MiB, 49140 MiB, 287.22 W, 300.00 W, 70, 2025 MHz
2026/09/23 14:04:03.025, 0, 96 %, 85 %, 6161 MiB, 49140 MiB, 286.46 W, 300.00 W, 72, 1875 MHz
2026/09/23 14:04:04.026, 0, 98 %, 87 %, 6161 MiB, 49140 MiB, 286.16 W, 300.00 W, 72, 1905 MHz
2026/09/23 14:04:05.027, 0, 97 %, 81 %, 6161 MiB, 49140 MiB, 287.19 W, 300.00 W, 71, 1875 MHz
2026/09/23 14:04:06.028, 0, 96 %, 85 %, 6161 MiB, 49140 MiB, 287.54 W, 300.00 W, 72, 1710 MHz
2026/09/23 14:04:07.029, 0, 96 %, 85 %, 6161 MiB, 49140 MiB, 286.68 W, 300.00 W, 73, 2055 MHz
2026/09/23 14:04:08.030, 0, 94 %, 82 %, 6161 MiB, 49140 MiB, 287.35 W, 300.00 W, 70, 1875 MHz
2026/09/23 14:04:09.031, 0, 97 %, 86 %, 6161 MiB, 49140 MiB, 288.24 W, 300.00 W, 72, 1830 MHz
2026/09/23 14:04:10.031, 0, 97 %, 87 %, 6161 MiB, 49140 MiB, 286.29 W, 300.00 W, 73, 1950 MHz
2026/09/23 14:04:11.032, 0, 98 %, 87 %, 6161 MiB, 49140 MiB, 286.55 W, 300.00 W, 73, 1755 MHz
2026/09/23 14:04:12.033, 0, 98 %, 87 %, 6161 MiB, 49140 MiB, 289.23 W, 300.00 W, 73, 2100 MHz
2026/09/23 14:04:13.034, 0, 97 %, 84 %, 6161 MiB, 49140 MiB, 286.32 W, 300.00 W, 72, 1995 MHz
2026/09/23 14:04:14.036, 0, 98 %, 87 %, 6161 MiB, 49140 MiB, 287.23 W, 300.00 W, 73, 1755 MHz
2026/09/23 14:04:15.038, 0, 98 %, 86 %, 6161 MiB, 49140 MiB, 288.35 W, 300.00 W, 73, 2055 MHz
2026/09/23 14:04:16.038, 0, 96 %, 85 %, 6161 MiB, 49140 MiB, 286.83 W, 300.00 W, 72, 1770 MHz
2026/09/23 14:04:17.039, 0, 98 %, 86 %, 6161 MiB, 49140 MiB, 286.25 W, 300.00 W, 74, 2010 MHz
2026/09/23 14:04:18.041, 0, 97 %, 81 %, 6161 MiB, 49140 MiB, 288.74 W, 300.00 W, 72, 1905 MHz
2026/09/23 14:04:19.041, 0, 95 %, 84 %, 6161 MiB, 49140 MiB, 287.10 W, 300.00 W, 72, 2100 MHz
2026/09/23 14:04:20.042, 0, 98 %, 88 %, 6161 MiB, 49140 MiB, 285.89 W, 300.00 W, 74, 2040 MHz
2026/09/23 14:04:21.044, 0, 97 %, 84 %, 6161 MiB, 49140 MiB, 289.28 W, 300.00 W, 71, 1845 MHz
2026/09/23 14:04:22.044, 0, 97 %, 86 %, 6161 MiB, 49140 MiB, 288.34 W, 300.00 W, 72, 1980 MHz
2026/09/23 14:04:23.045, 0, 94 %, 83 %, 6161 MiB, 49140 MiB, 286.49 W, 300.00 W, 74, 2025 MHz
2026/09/23 14:04:24.046, 0, 92 %, 64 %, 6161 MiB, 49140 MiB, 295.07 W, 300.00 W, 69, 2265 MHz
2026/09/23 14:04:25.046, 0, 0 %, 0 %, 6161 MiB, 49140 MiB, 93.47 W, 300.00 W, 66, 2505 MHz
2026/09/23 14:04:26.047, 0, 96 %, 83 %, 6161 MiB, 49140 MiB, 142.16 W, 300.00 W, 71, 2145 MHz
2026/09/23 14:04:27.048, 0, 97 %, 87 %, 6161 MiB, 49140 MiB, 287.53 W, 300.00 W, 72, 1680 MHz
2026/09/23 14:04:28.049, 0, 97 %, 88 %, 6161 MiB, 49140 MiB, 287.52 W, 300.00 W, 72, 2145 MHz
2026/09/23 14:04:29.050, 0, 97 %, 84 %, 6161 MiB, 49140 MiB, 286.46 W, 300.00 W, 72, 2100 MHz
2026/09/23 14:04:30.051, 0, 98 %, 87 %, 6161 MiB, 49140 MiB, 285.95 W, 300.00 W, 72, 1770 MHz
2026/09/23 14:04:31.054, 0, 97 %, 86 %, 6161 MiB, 49140 MiB, 289.35 W, 300.00 W, 72, 2115 MHz
2026/09/23 14:04:32.055, 0, 97 %, 86 %, 6161 MiB, 49140 MiB, 286.20 W, 300.00 W, 72, 1935 MHz
2026/09/23 14:04:33.055, 0, 98 %, 88 %, 6161 MiB, 49140 MiB, 286.77 W, 300.00 W, 72, 1740 MHz
2026/09/23 14:04:34.057, 0, 98 %, 86 %, 6161 MiB, 49140 MiB, 288.50 W, 300.00 W, 73, 2070 MHz
2026/09/23 14:04:35.058, 0, 96 %, 85 %, 6161 MiB, 49140 MiB, 286.51 W, 300.00 W, 72, 1905 MHz
2026/09/23 14:04:36.059, 0, 96 %, 85 %, 6161 MiB, 49140 MiB, 287.49 W, 300.00 W, 73, 2040 MHz
2026/09/23 14:04:37.060, 0, 98 %, 81 %, 6161 MiB, 49140 MiB, 288.22 W, 300.00 W, 71, 1890 MHz
2026/09/23 14:04:38.061, 0, 94 %, 83 %, 6161 MiB, 49140 MiB, 288.17 W, 300.00 W, 72, 1950 MHz
2026/09/23 14:04:39.062, 0, 97 %, 88 %, 6161 MiB, 49140 MiB, 286.52 W, 300.00 W, 73, 1935 MHz
2026/09/23 14:04:40.063, 0, 96 %, 86 %, 6161 MiB, 49140 MiB, 288.07 W, 300.00 W, 72, 1710 MHz
2026/09/23 14:04:41.064, 0, 98 %, 86 %, 6161 MiB, 49140 MiB, 288.13 W, 300.00 W, 73, 2055 MHz
2026/09/23 14:04:42.064, 0, 98 %, 86 %, 6161 MiB, 49140 MiB, 288.74 W, 300.00 W, 72, 1995 MHz
2026/09/23 14:04:43.066, 0, 98 %, 87 %, 6161 MiB, 49140 MiB, 288.59 W, 300.00 W, 73, 1815 MHz
2026/09/23 14:04:44.067, 0, 97 %, 82 %, 6161 MiB, 49140 MiB, 289.64 W, 300.00 W, 72, 1905 MHz
2026/09/23 14:04:45.068, 0, 96 %, 85 %, 6161 MiB, 49140 MiB, 287.29 W, 300.00 W, 72, 1800 MHz
2026/09/23 14:04:46.069, 0, 97 %, 86 %, 6161 MiB, 49140 MiB, 287.88 W, 300.00 W, 73, 1980 MHz
2026/09/23 14:04:47.070, 0, 98 %, 82 %, 6161 MiB, 49140 MiB, 289.62 W, 300.00 W, 72, 2100 MHz
2026/09/23 14:04:48.071, 0, 92 %, 64 %, 6161 MiB, 49140 MiB, 289.68 W, 300.00 W, 74, 1680 MHz
2026/09/23 14:04:49.072, 0, 8 %, 0 %, 6161 MiB, 49140 MiB, 249.29 W, 300.00 W, 67, 2730 MHz
2026/09/23 14:04:50.072, 0, 0 %, 0 %, 6161 MiB, 49140 MiB, 87.39 W, 300.00 W, 66, 2730 MHz
2026/09/23 14:04:51.073, 0, 98 %, 84 %, 6161 MiB, 49140 MiB, 192.84 W, 300.00 W, 72, 1890 MHz
2026/09/23 14:04:52.073, 0, 97 %, 86 %, 6161 MiB, 49140 MiB, 286.61 W, 300.00 W, 71, 2100 MHz
2026/09/23 14:04:53.074, 0, 97 %, 88 %, 6161 MiB, 49140 MiB, 285.70 W, 300.00 W, 73, 1650 MHz
2026/09/23 14:04:54.075, 0, 98 %, 85 %, 6161 MiB, 49140 MiB, 287.68 W, 300.00 W, 71, 2130 MHz
2026/09/23 14:04:55.076, 0, 98 %, 87 %, 6161 MiB, 49140 MiB, 287.35 W, 300.00 W, 72, 2010 MHz
2026/09/23 14:04:56.078, 0, 98 %, 86 %, 6161 MiB, 49140 MiB, 286.11 W, 300.00 W, 72, 1815 MHz
2026/09/23 14:04:57.078, 0, 98 %, 87 %, 6161 MiB, 49140 MiB, 288.04 W, 300.00 W, 72, 1860 MHz
2026/09/23 14:04:58.079, 0, 94 %, 84 %, 6161 MiB, 49140 MiB, 288.65 W, 300.00 W, 73, 1800 MHz
2026/09/23 14:04:59.080, 0, 97 %, 86 %, 6161 MiB, 49140 MiB, 285.62 W, 300.00 W, 72, 2055 MHz
2026/09/23 14:05:00.081, 0, 96 %, 85 %, 6161 MiB, 49140 MiB, 287.73 W, 300.00 W, 73, 1785 MHz
2026/09/23 14:05:01.082, 0, 98 %, 82 %, 6161 MiB, 49140 MiB, 288.11 W, 300.00 W, 72, 2040 MHz
2026/09/23 14:05:02.083, 0, 96 %, 86 %, 6161 MiB, 49140 MiB, 287.15 W, 300.00 W, 72, 1980 MHz
2026/09/23 14:05:03.084, 0, 97 %, 87 %, 6161 MiB, 49140 MiB, 285.72 W, 300.00 W, 74, 1635 MHz
2026/09/23 14:05:04.086, 0, 97 %, 85 %, 6161 MiB, 49140 MiB, 288.09 W, 300.00 W, 71, 2160 MHz
2026/09/23 14:05:05.087, 0, 96 %, 86 %, 6161 MiB, 49140 MiB, 288.10 W, 300.00 W, 73, 2040 MHz
2026/09/23 14:05:06.088, 0, 97 %, 83 %, 6161 MiB, 49140 MiB, 285.96 W, 300.00 W, 72, 1830 MHz
2026/09/23 14:05:07.089, 0, 97 %, 87 %, 6161 MiB, 49140 MiB, 287.49 W, 300.00 W, 73, 1845 MHz
2026/09/23 14:05:08.090, 0, 97 %, 86 %, 6161 MiB, 49140 MiB, 289.26 W, 300.00 W, 73, 1800 MHz
2026/09/23 14:05:09.091, 0, 98 %, 84 %, 6161 MiB, 49140 MiB, 287.67 W, 300.00 W, 72, 2040 MHz
2026/09/23 14:05:10.091, 0, 91 %, 81 %, 6161 MiB, 49140 MiB, 287.07 W, 300.00 W, 73, 1935 MHz
2026/09/23 14:05:11.092, 0, 98 %, 86 %, 6161 MiB, 49140 MiB, 288.59 W, 300.00 W, 73, 1890 MHz
2026/09/23 14:05:12.094, 0, 96 %, 85 %, 6161 MiB, 49140 MiB, 286.48 W, 300.00 W, 72, 1950 MHz
2026/09/23 14:05:13.098, 0, 95 %, 67 %, 6161 MiB, 49140 MiB, 289.67 W, 300.00 W, 74, 1665 MHz
2026/09/23 14:05:14.099, 0, 0 %, 0 %, 6161 MiB, 49140 MiB, 211.38 W, 300.00 W, 67, 2730 MHz
2026/09/23 14:05:15.100, 0, 0 %, 0 %, 6161 MiB, 49140 MiB, 87.42 W, 300.00 W, 66, 2730 MHz
2026/09/23 14:05:16.101, 0, 98 %, 87 %, 6161 MiB, 49140 MiB, 198.75 W, 300.00 W, 72, 1755 MHz
2026/09/23 14:05:17.101, 0, 97 %, 81 %, 6161 MiB, 49140 MiB, 286.59 W, 300.00 W, 71, 2160 MHz
2026/09/23 14:05:18.102, 0, 95 %, 85 %, 6161 MiB, 49140 MiB, 286.25 W, 300.00 W, 71, 2025 MHz
2026/09/23 14:05:19.103, 0, 97 %, 86 %, 6161 MiB, 49140 MiB, 285.33 W, 300.00 W, 73, 1815 MHz
2026/09/23 14:05:20.103, 0, 98 %, 85 %, 6161 MiB, 49140 MiB, 288.51 W, 300.00 W, 72, 1935 MHz
2026/09/23 14:05:21.104, 0, 97 %, 86 %, 6161 MiB, 49140 MiB, 286.55 W, 300.00 W, 72, 2070 MHz
2026/09/23 14:05:22.104, 0, 97 %, 87 %, 6161 MiB, 49140 MiB, 285.97 W, 300.00 W, 74, 1725 MHz
2026/09/23 14:05:23.105, 0, 97 %, 85 %, 6161 MiB, 49140 MiB, 287.13 W, 300.00 W, 71, 2160 MHz
2026/09/23 14:05:24.106, 0, 92 %, 82 %, 6161 MiB, 49140 MiB, 287.84 W, 300.00 W, 72, 2100 MHz
2026/09/23 14:05:25.108, 0, 98 %, 88 %, 6161 MiB, 49140 MiB, 286.03 W, 300.00 W, 74, 1635 MHz
2026/09/23 14:05:26.109, 0, 98 %, 88 %, 6161 MiB, 49140 MiB, 287.00 W, 300.00 W, 72, 2025 MHz
2026/09/23 14:05:27.110, 0, 97 %, 87 %, 6161 MiB, 49140 MiB, 288.57 W, 300.00 W, 72, 1950 MHz
2026/09/23 14:05:28.111, 0, 98 %, 87 %, 6161 MiB, 49140 MiB, 285.39 W, 300.00 W, 72, 2070 MHz
2026/09/23 14:05:29.113, 0, 98 %, 86 %, 6161 MiB, 49140 MiB, 286.53 W, 300.00 W, 73, 1845 MHz
2026/09/23 14:05:30.114, 0, 97 %, 84 %, 6161 MiB, 49140 MiB, 285.72 W, 300.00 W, 71, 2160 MHz
2026/09/23 14:05:31.115, 0, 97 %, 85 %, 6161 MiB, 49140 MiB, 288.33 W, 300.00 W, 72, 2025 MHz
2026/09/23 14:05:32.115, 0, 97 %, 87 %, 6161 MiB, 49140 MiB, 286.09 W, 300.00 W, 73, 1740 MHz
2026/09/23 14:05:33.116, 0, 96 %, 86 %, 6161 MiB, 49140 MiB, 288.03 W, 300.00 W, 72, 2055 MHz
2026/09/23 14:05:34.117, 0, 98 %, 88 %, 6161 MiB, 49140 MiB, 289.38 W, 300.00 W, 73, 1860 MHz
2026/09/23 14:05:35.119, 0, 98 %, 83 %, 6161 MiB, 49140 MiB, 287.74 W, 300.00 W, 72, 1800 MHz
2026/09/23 14:05:36.121, 0, 98 %, 87 %, 6161 MiB, 49140 MiB, 289.06 W, 300.00 W, 73, 1995 MHz
2026/09/23 14:05:37.121, 0, 98 %, 88 %, 6161 MiB, 49140 MiB, 289.99 W, 300.00 W, 73, 1950 MHz
2026/09/23 14:05:38.122, 0, 96 %, 66 %, 6161 MiB, 49140 MiB, 291.20 W, 300.00 W, 74, 1650 MHz
2026/09/23 14:05:39.123, 0, 0 %, 0 %, 6161 MiB, 49140 MiB, 172.57 W, 300.00 W, 66, 2505 MHz
2026/09/23 14:05:40.124, 0, 0 %, 0 %, 6161 MiB, 49140 MiB, 71.84 W, 300.00 W, 65, 2505 MHz
2026/09/23 14:05:41.124, 0, 97 %, 84 %, 6161 MiB, 49140 MiB, 214.12 W, 300.00 W, 70, 1815 MHz
2026/09/23 14:05:42.125, 0, 98 %, 86 %, 6161 MiB, 49140 MiB, 288.48 W, 300.00 W, 71, 1965 MHz
2026/09/23 14:05:43.126, 0, 98 %, 84 %, 6161 MiB, 49140 MiB, 285.47 W, 300.00 W, 72, 1815 MHz
2026/09/23 14:05:44.127, 0, 97 %, 86 %, 6161 MiB, 49140 MiB, 287.52 W, 300.00 W, 72, 2145 MHz
2026/09/23 14:05:45.129, 0, 97 %, 83 %, 6161 MiB, 49140 MiB, 287.78 W, 300.00 W, 72, 2025 MHz
2026/09/23 14:05:46.129, 0, 97 %, 86 %, 6161 MiB, 49140 MiB, 288.06 W, 300.00 W, 72, 1680 MHz
2026/09/23 14:05:47.130, 0, 97 %, 86 %, 6161 MiB, 49140 MiB, 285.78 W, 300.00 W, 73, 2115 MHz
2026/09/23 14:05:48.131, 0, 98 %, 83 %, 6161 MiB, 49140 MiB, 288.73 W, 300.00 W, 70, 1995 MHz
2026/09/23 14:05:49.131, 0, 96 %, 86 %, 6161 MiB, 49140 MiB, 288.02 W, 300.00 W, 71, 1785 MHz
2026/09/23 14:05:50.132, 0, 97 %, 88 %, 6161 MiB, 49140 MiB, 286.59 W, 300.00 W, 73, 1815 MHz
2026/09/23 14:05:51.133, 0, 93 %, 83 %, 6161 MiB, 49140 MiB, 287.12 W, 300.00 W, 72, 2115 MHz
2026/09/23 14:05:52.134, 0, 97 %, 82 %, 6161 MiB, 49140 MiB, 285.00 W, 300.00 W, 71, 2025 MHz
2026/09/23 14:05:53.135, 0, 97 %, 85 %, 6161 MiB, 49140 MiB, 288.23 W, 300.00 W, 72, 1875 MHz
2026/09/23 14:05:54.136, 0, 97 %, 84 %, 6161 MiB, 49140 MiB, 284.64 W, 300.00 W, 72, 1695 MHz
2026/09/23 14:05:55.137, 0, 98 %, 87 %, 6161 MiB, 49140 MiB, 287.73 W, 300.00 W, 73, 2085 MHz
2026/09/23 14:05:56.138, 0, 98 %, 84 %, 6161 MiB, 49140 MiB, 289.29 W, 300.00 W, 71, 1830 MHz
2026/09/23 14:05:57.139, 0, 96 %, 86 %, 6161 MiB, 49140 MiB, 288.11 W, 300.00 W, 72, 2025 MHz
2026/09/23 14:05:58.140, 0, 98 %, 82 %, 6161 MiB, 49140 MiB, 287.03 W, 300.00 W, 72, 1785 MHz
2026/09/23 14:05:59.141, 0, 98 %, 87 %, 6161 MiB, 49140 MiB, 288.73 W, 300.00 W, 73, 2085 MHz
2026/09/23 14:06:00.142, 0, 97 %, 82 %, 6161 MiB, 49140 MiB, 289.20 W, 300.00 W, 72, 1995 MHz
2026/09/23 14:06:01.142, 0, 97 %, 85 %, 6161 MiB, 49140 MiB, 287.59 W, 300.00 W, 72, 1725 MHz
2026/09/23 14:06:02.146, 0, 97 %, 87 %, 6161 MiB, 49140 MiB, 287.52 W, 300.00 W, 74, 1950 MHz
2026/09/23 14:06:03.146, 0, 95 %, 67 %, 6161 MiB, 49140 MiB, 296.11 W, 300.00 W, 74, 1650 MHz
2026/09/23 14:06:04.147, 0, 0 %, 0 %, 6161 MiB, 49140 MiB, 153.59 W, 300.00 W, 67, 2730 MHz
2026/09/23 14:06:05.147, 0, 96 %, 88 %, 6161 MiB, 49140 MiB, 110.10 W, 300.00 W, 71, 2175 MHz
2026/09/23 14:06:06.148, 0, 97 %, 87 %, 6161 MiB, 49140 MiB, 289.12 W, 300.00 W, 72, 1875 MHz
2026/09/23 14:06:07.151, 0, 97 %, 86 %, 6161 MiB, 49140 MiB, 285.70 W, 300.00 W, 71, 1695 MHz
2026/09/23 14:06:08.151, 0, 98 %, 88 %, 6161 MiB, 49140 MiB, 286.15 W, 300.00 W, 73, 2100 MHz
2026/09/23 14:06:09.153, 0, 97 %, 81 %, 6161 MiB, 49140 MiB, 290.23 W, 300.00 W, 71, 2070 MHz
2026/09/23 14:06:10.154, 0, 94 %, 83 %, 6161 MiB, 49140 MiB, 287.42 W, 300.00 W, 71, 1725 MHz
2026/09/23 14:06:11.155, 0, 98 %, 87 %, 6161 MiB, 49140 MiB, 285.86 W, 300.00 W, 73, 2085 MHz
2026/09/23 14:06:12.156, 0, 98 %, 85 %, 6161 MiB, 49140 MiB, 287.36 W, 300.00 W, 71, 1905 MHz
2026/09/23 14:06:13.157, 0, 96 %, 86 %, 6161 MiB, 49140 MiB, 289.32 W, 300.00 W, 72, 1800 MHz
2026/09/23 14:06:14.160, 0, 98 %, 88 %, 6161 MiB, 49140 MiB, 286.78 W, 300.00 W, 73, 1950 MHz
2026/09/23 14:06:15.161, 0, 97 %, 86 %, 6161 MiB, 49140 MiB, 287.64 W, 300.00 W, 71, 1710 MHz
2026/09/23 14:06:16.161, 0, 97 %, 87 %, 6161 MiB, 49140 MiB, 288.92 W, 300.00 W, 72, 1950 MHz
2026/09/23 14:06:17.162, 0, 96 %, 82 %, 6161 MiB, 49140 MiB, 286.96 W, 300.00 W, 72, 1725 MHz
2026/09/23 14:06:18.163, 0, 98 %, 87 %, 6161 MiB, 49140 MiB, 287.77 W, 300.00 W, 73, 2250 MHz
2026/09/23 14:06:19.163, 0, 97 %, 82 %, 6161 MiB, 49140 MiB, 288.70 W, 300.00 W, 71, 2010 MHz
2026/09/23 14:06:20.164, 0, 97 %, 86 %, 6161 MiB, 49140 MiB, 288.36 W, 300.00 W, 72, 1800 MHz
2026/09/23 14:06:21.165, 0, 97 %, 88 %, 6161 MiB, 49140 MiB, 287.82 W, 300.00 W, 73, 1890 MHz
2026/09/23 14:06:22.166, 0, 98 %, 86 %, 6161 MiB, 49140 MiB, 288.65 W, 300.00 W, 72, 1845 MHz
2026/09/23 14:06:23.168, 0, 97 %, 86 %, 6161 MiB, 49140 MiB, 290.12 W, 300.00 W, 73, 2025 MHz
2026/09/23 14:06:24.168, 0, 98 %, 82 %, 6161 MiB, 49140 MiB, 288.12 W, 300.00 W, 72, 1845 MHz
2026/09/23 14:06:25.169, 0, 98 %, 87 %, 6161 MiB, 49140 MiB, 288.98 W, 300.00 W, 73, 2010 MHz
2026/09/23 14:06:26.172, 0, 96 %, 86 %, 6161 MiB, 49140 MiB, 290.41 W, 300.00 W, 73, 1785 MHz
2026/09/23 14:06:27.172, 0, 94 %, 83 %, 6161 MiB, 49140 MiB, 286.80 W, 300.00 W, 74, 1785 MHz
2026/09/23 14:06:28.173, 0, 88 %, 65 %, 6161 MiB, 49140 MiB, 293.52 W, 300.00 W, 71, 2700 MHz
2026/09/23 14:06:29.173, 0, 0 %, 0 %, 6161 MiB, 49140 MiB, 107.28 W, 300.00 W, 66, 2700 MHz
2026/09/23 14:06:30.174, 0, 96 %, 84 %, 6161 MiB, 49140 MiB, 131.14 W, 300.00 W, 71, 2055 MHz
2026/09/23 14:06:31.175, 0, 98 %, 88 %, 6161 MiB, 49140 MiB, 284.99 W, 300.00 W, 73, 2085 MHz
2026/09/23 14:06:32.176, 0, 98 %, 86 %, 6161 MiB, 49140 MiB, 288.30 W, 300.00 W, 71, 1935 MHz
2026/09/23 14:06:33.177, 0, 98 %, 87 %, 6161 MiB, 49140 MiB, 288.86 W, 300.00 W, 72, 1725 MHz
2026/09/23 14:06:34.177, 0, 98 %, 86 %, 6161 MiB, 49140 MiB, 287.58 W, 300.00 W, 72, 2070 MHz
2026/09/23 14:06:35.179, 0, 98 %, 87 %, 6161 MiB, 49140 MiB, 288.72 W, 300.00 W, 72, 2160 MHz
2026/09/23 14:06:36.181, 0, 94 %, 80 %, 6161 MiB, 49140 MiB, 286.52 W, 300.00 W, 71, 2040 MHz
2026/09/23 14:06:37.182, 0, 96 %, 85 %, 6161 MiB, 49140 MiB, 287.89 W, 300.00 W, 72, 1815 MHz
2026/09/23 14:06:38.182, 0, 98 %, 88 %, 6161 MiB, 49140 MiB, 286.83 W, 300.00 W, 73, 2205 MHz
2026/09/23 14:06:39.183, 0, 97 %, 87 %, 6161 MiB, 49140 MiB, 287.48 W, 300.00 W, 72, 2040 MHz
2026/09/23 14:06:40.184, 0, 98 %, 88 %, 6161 MiB, 49140 MiB, 288.91 W, 300.00 W, 73, 1650 MHz
2026/09/23 14:06:41.186, 0, 96 %, 85 %, 6161 MiB, 49140 MiB, 285.80 W, 300.00 W, 72, 2025 MHz
2026/09/23 14:06:42.187, 0, 97 %, 86 %, 6161 MiB, 49140 MiB, 288.36 W, 300.00 W, 74, 1710 MHz
2026/09/23 14:06:43.187, 0, 98 %, 84 %, 6161 MiB, 49140 MiB, 289.46 W, 300.00 W, 71, 2040 MHz
2026/09/23 14:06:44.188, 0, 97 %, 86 %, 6161 MiB, 49140 MiB, 287.30 W, 300.00 W, 72, 1800 MHz
2026/09/23 14:06:45.189, 0, 98 %, 87 %, 6161 MiB, 49140 MiB, 286.74 W, 300.00 W, 73, 2100 MHz
2026/09/23 14:06:46.190, 0, 96 %, 86 %, 6161 MiB, 49140 MiB, 288.68 W, 300.00 W, 72, 1965 MHz
2026/09/23 14:06:47.191, 0, 98 %, 87 %, 6161 MiB, 49140 MiB, 288.33 W, 300.00 W, 72, 1710 MHz
2026/09/23 14:06:48.192, 0, 98 %, 87 %, 6161 MiB, 49140 MiB, 287.92 W, 300.00 W, 73, 2025 MHz
2026/09/23 14:06:49.192, 0, 97 %, 86 %, 6161 MiB, 49140 MiB, 287.80 W, 300.00 W, 72, 2010 MHz
2026/09/23 14:06:50.193, 0, 98 %, 87 %, 6161 MiB, 49140 MiB, 288.96 W, 300.00 W, 73, 1665 MHz
2026/09/23 14:06:51.193, 0, 98 %, 86 %, 6161 MiB, 49140 MiB, 286.64 W, 300.00 W, 72, 2130 MHz
2026/09/23 14:06:52.194, 0, 87 %, 64 %, 6161 MiB, 49140 MiB, 290.31 W, 300.00 W, 74, 1755 MHz
2026/09/23 14:06:53.195, 0, 8 %, 0 %, 6161 MiB, 49140 MiB, 256.80 W, 300.00 W, 68, 2730 MHz
2026/09/23 14:06:54.196, 0, 0 %, 0 %, 6161 MiB, 49140 MiB, 87.12 W, 300.00 W, 66, 2730 MHz
2026/09/23 14:06:55.196, 0, 0 %, 0 %, 6161 MiB, 49140 MiB, 79.55 W, 300.00 W, 65, 2730 MHz
2026/09/23 14:06:56.197, 0, 97 %, 87 %, 6161 MiB, 49140 MiB, 159.10 W, 300.00 W, 71, 1695 MHz
2026/09/23 14:06:57.198, 0, 98 %, 86 %, 6161 MiB, 49140 MiB, 285.06 W, 300.00 W, 71, 2085 MHz
2026/09/23 14:06:58.199, 0, 97 %, 87 %, 6161 MiB, 49140 MiB, 286.92 W, 300.00 W, 72, 2025 MHz
2026/09/23 14:06:59.200, 0, 98 %, 86 %, 6161 MiB, 49140 MiB, 288.29 W, 300.00 W, 72, 1755 MHz
2026/09/23 14:07:00.201, 0, 96 %, 85 %, 6161 MiB, 49140 MiB, 285.93 W, 300.00 W, 72, 2085 MHz
2026/09/23 14:07:01.203, 0, 96 %, 85 %, 6161 MiB, 49140 MiB, 288.43 W, 300.00 W, 73, 1815 MHz
2026/09/23 14:07:02.204, 0, 98 %, 86 %, 6161 MiB, 49140 MiB, 288.38 W, 300.00 W, 70, 2040 MHz
2026/09/23 14:07:03.204, 0, 96 %, 83 %, 6161 MiB, 49140 MiB, 286.62 W, 300.00 W, 72, 1785 MHz
2026/09/23 14:07:04.206, 0, 97 %, 87 %, 6161 MiB, 49140 MiB, 285.29 W, 300.00 W, 71, 2190 MHz
2026/09/23 14:07:05.206, 0, 97 %, 85 %, 6161 MiB, 49140 MiB, 289.99 W, 300.00 W, 72, 2055 MHz
2026/09/23 14:07:06.207, 0, 98 %, 89 %, 6161 MiB, 49140 MiB, 289.49 W, 300.00 W, 72, 1740 MHz
2026/09/23 14:07:07.207, 0, 97 %, 83 %, 6161 MiB, 49140 MiB, 286.39 W, 300.00 W, 72, 1845 MHz
2026/09/23 14:07:08.208, 0, 97 %, 87 %, 6161 MiB, 49140 MiB, 287.39 W, 300.00 W, 74, 2010 MHz
2026/09/23 14:07:09.209, 0, 98 %, 82 %, 6161 MiB, 49140 MiB, 288.71 W, 300.00 W, 71, 1965 MHz
2026/09/23 14:07:10.210, 0, 92 %, 83 %, 6161 MiB, 49140 MiB, 286.66 W, 300.00 W, 72, 1755 MHz
2026/09/23 14:07:11.211, 0, 97 %, 85 %, 6161 MiB, 49140 MiB, 286.31 W, 300.00 W, 72, 2040 MHz
2026/09/23 14:07:12.212, 0, 97 %, 87 %, 6161 MiB, 49140 MiB, 287.61 W, 300.00 W, 74, 1935 MHz
2026/09/23 14:07:13.212, 0, 98 %, 82 %, 6161 MiB, 49140 MiB, 288.26 W, 300.00 W, 71, 1965 MHz
2026/09/23 14:07:14.214, 0, 95 %, 85 %, 6161 MiB, 49140 MiB, 287.75 W, 300.00 W, 72, 1680 MHz
2026/09/23 14:07:15.215, 0, 98 %, 88 %, 6161 MiB, 49140 MiB, 287.86 W, 300.00 W, 72, 1950 MHz
2026/09/23 14:07:16.216, 0, 97 %, 82 %, 6161 MiB, 49140 MiB, 289.55 W, 300.00 W, 73, 1860 MHz
2026/09/23 14:07:17.217, 0, 97 %, 88 %, 6161 MiB, 49140 MiB, 289.09 W, 300.00 W, 73, 1785 MHz
2026/09/23 14:07:18.218, 0, 90 %, 64 %, 6161 MiB, 49140 MiB, 291.66 W, 300.00 W, 73, 1920 MHz
2026/09/23 14:07:19.218, 0, 0 %, 0 %, 6161 MiB, 49140 MiB, 178.25 W, 300.00 W, 67, 2730 MHz
2026/09/23 14:07:20.219, 0, 94 %, 89 %, 6161 MiB, 49140 MiB, 93.74 W, 300.00 W, 66, 2460 MHz
2026/09/23 14:07:21.220, 0, 97 %, 86 %, 6161 MiB, 49140 MiB, 289.44 W, 300.00 W, 70, 1770 MHz
2026/09/23 14:07:22.221, 0, 96 %, 83 %, 6161 MiB, 49140 MiB, 285.68 W, 300.00 W, 71, 2160 MHz
2026/09/23 14:07:23.222, 0, 97 %, 89 %, 6161 MiB, 49140 MiB, 286.39 W, 300.00 W, 72, 2070 MHz
2026/09/23 14:07:24.223, 0, 97 %, 82 %, 6161 MiB, 49140 MiB, 288.20 W, 300.00 W, 72, 1935 MHz
2026/09/23 14:07:25.223, 0, 96 %, 87 %, 6161 MiB, 49140 MiB, 287.09 W, 300.00 W, 72, 1845 MHz
2026/09/23 14:07:26.224, 0, 97 %, 84 %, 6161 MiB, 49140 MiB, 285.80 W, 300.00 W, 72, 2085 MHz
2026/09/23 14:07:27.224, 0, 98 %, 89 %, 6161 MiB, 49140 MiB, 287.33 W, 300.00 W, 74, 2055 MHz
2026/09/23 14:07:28.226, 0, 98 %, 82 %, 6161 MiB, 49140 MiB, 288.78 W, 300.00 W, 71, 1665 MHz
2026/09/23 14:07:29.230, 0, 96 %, 86 %, 6161 MiB, 49140 MiB, 287.64 W, 300.00 W, 72, 2070 MHz
2026/09/23 14:07:30.231, 0, 97 %, 87 %, 6161 MiB, 49140 MiB, 286.50 W, 300.00 W, 72, 1785 MHz
2026/09/23 14:07:31.231, 0, 98 %, 84 %, 6161 MiB, 49140 MiB, 287.95 W, 300.00 W, 72, 2025 MHz
2026/09/23 14:07:32.232, 0, 97 %, 88 %, 6161 MiB, 49140 MiB, 288.01 W, 300.00 W, 72, 1830 MHz
2026/09/23 14:07:33.233, 0, 96 %, 83 %, 6161 MiB, 49140 MiB, 284.65 W, 300.00 W, 72, 2130 MHz
2026/09/23 14:07:34.234, 0, 93 %, 83 %, 6161 MiB, 49140 MiB, 285.31 W, 300.00 W, 72, 1815 MHz
2026/09/23 14:07:35.234, 0, 98 %, 86 %, 6161 MiB, 49140 MiB, 285.46 W, 300.00 W, 73, 2010 MHz
2026/09/23 14:07:36.235, 0, 96 %, 87 %, 6161 MiB, 49140 MiB, 287.65 W, 300.00 W, 71, 1725 MHz
2026/09/23 14:07:37.235, 0, 94 %, 84 %, 6161 MiB, 49140 MiB, 286.24 W, 300.00 W, 72, 2160 MHz
2026/09/23 14:07:38.236, 0, 97 %, 88 %, 6161 MiB, 49140 MiB, 287.64 W, 300.00 W, 73, 2025 MHz
2026/09/23 14:07:39.238, 0, 97 %, 81 %, 6161 MiB, 49140 MiB, 288.88 W, 300.00 W, 72, 1845 MHz
2026/09/23 14:07:40.240, 0, 97 %, 87 %, 6161 MiB, 49140 MiB, 288.55 W, 300.00 W, 73, 1845 MHz
2026/09/23 14:07:41.240, 0, 97 %, 83 %, 6161 MiB, 49140 MiB, 286.08 W, 300.00 W, 72, 2070 MHz
2026/09/23 14:07:42.241, 0, 97 %, 87 %, 6161 MiB, 49140 MiB, 287.02 W, 300.00 W, 73, 2085 MHz
2026/09/23 14:07:43.242, 0, 95 %, 68 %, 6161 MiB, 49140 MiB, 296.98 W, 300.00 W, 73, 1650 MHz
2026/09/23 14:07:44.242, 0, 0 %, 0 %, 6161 MiB, 49140 MiB, 135.22 W, 300.00 W, 67, 2730 MHz
2026/09/23 14:07:45.244, 0, 98 %, 89 %, 6161 MiB, 49140 MiB, 142.24 W, 300.00 W, 73, 2175 MHz
2026/09/23 14:07:46.245, 0, 98 %, 89 %, 6161 MiB, 49140 MiB, 288.53 W, 300.00 W, 71, 1830 MHz
2026/09/23 14:07:47.246, 0, 91 %, 80 %, 6161 MiB, 49140 MiB, 283.80 W, 300.00 W, 71, 2205 MHz
2026/09/23 14:07:48.247, 0, 95 %, 86 %, 6161 MiB, 49140 MiB, 285.55 W, 300.00 W, 72, 1860 MHz
2026/09/23 14:07:49.247, 0, 97 %, 84 %, 6161 MiB, 49140 MiB, 286.75 W, 300.00 W, 72, 2025 MHz
2026/09/23 14:07:50.248, 0, 96 %, 87 %, 6161 MiB, 49140 MiB, 287.91 W, 300.00 W, 73, 1815 MHz
2026/09/23 14:07:51.249, 0, 98 %, 85 %, 6161 MiB, 49140 MiB, 287.33 W, 300.00 W, 72, 1905 MHz
2026/09/23 14:07:52.250, 0, 97 %, 87 %, 6161 MiB, 49140 MiB, 287.86 W, 300.00 W, 73, 2025 MHz
2026/09/23 14:07:53.252, 0, 98 %, 83 %, 6161 MiB, 49140 MiB, 287.59 W, 300.00 W, 71, 1695 MHz
2026/09/23 14:07:54.252, 0, 95 %, 83 %, 6161 MiB, 49140 MiB, 287.58 W, 300.00 W, 72, 2130 MHz
2026/09/23 14:07:55.254, 0, 97 %, 87 %, 6161 MiB, 49140 MiB, 287.75 W, 300.00 W, 73, 2040 MHz
2026/09/23 14:07:56.255, 0, 96 %, 84 %, 6161 MiB, 49140 MiB, 286.62 W, 300.00 W, 72, 2040 MHz
2026/09/23 14:07:57.255, 0, 97 %, 87 %, 6161 MiB, 49140 MiB, 287.54 W, 300.00 W, 71, 1725 MHz
2026/09/23 14:07:58.257, 0, 97 %, 83 %, 6161 MiB, 49140 MiB, 286.29 W, 300.00 W, 72, 2100 MHz
2026/09/23 14:07:59.257, 0, 98 %, 88 %, 6161 MiB, 49140 MiB, 288.68 W, 300.00 W, 74, 1950 MHz
2026/09/23 14:08:00.258, 0, 97 %, 82 %, 6161 MiB, 49140 MiB, 287.69 W, 300.00 W, 71, 1620 MHz
2026/09/23 14:08:01.259, 0, 95 %, 84 %, 6161 MiB, 49140 MiB, 287.34 W, 300.00 W, 72, 1920 MHz
2026/09/23 14:08:02.260, 0, 97 %, 86 %, 6161 MiB, 49140 MiB, 286.60 W, 300.00 W, 72, 1815 MHz
2026/09/23 14:08:03.263, 0, 97 %, 86 %, 6161 MiB, 49140 MiB, 288.28 W, 300.00 W, 73, 2055 MHz
2026/09/23 14:08:04.264, 0, 98 %, 89 %, 6161 MiB, 49140 MiB, 289.06 W, 300.00 W, 73, 2160 MHz
2026/09/23 14:08:05.264, 0, 98 %, 84 %, 6161 MiB, 49140 MiB, 287.07 W, 300.00 W, 72, 2085 MHz
2026/09/23 14:08:06.265, 0, 98 %, 89 %, 6161 MiB, 49140 MiB, 289.31 W, 300.00 W, 74, 1740 MHz
2026/09/23 14:08:07.266, 0, 85 %, 61 %, 6161 MiB, 49140 MiB, 287.98 W, 300.00 W, 72, 1740 MHz
2026/09/23 14:08:08.267, 0, 9 %, 0 %, 6161 MiB, 49140 MiB, 267.83 W, 300.00 W, 69, 2730 MHz
2026/09/23 14:08:09.267, 0, 0 %, 0 %, 6161 MiB, 49140 MiB, 87.15 W, 300.00 W, 66, 2730 MHz
2026/09/23 14:08:10.268, 0, 98 %, 85 %, 6161 MiB, 49140 MiB, 185.04 W, 300.00 W, 71, 2070 MHz
2026/09/23 14:08:11.268, 0, 97 %, 87 %, 6161 MiB, 49140 MiB, 288.44 W, 300.00 W, 72, 1650 MHz
2026/09/23 14:08:12.269, 0, 98 %, 85 %, 6161 MiB, 49140 MiB, 287.70 W, 300.00 W, 70, 2055 MHz
2026/09/23 14:08:13.270, 0, 96 %, 82 %, 6161 MiB, 49140 MiB, 288.04 W, 300.00 W, 71, 1965 MHz
2026/09/23 14:08:14.270, 0, 98 %, 88 %, 6161 MiB, 49140 MiB, 287.09 W, 300.00 W, 72, 1755 MHz
2026/09/23 14:08:15.271, 0, 98 %, 82 %, 6161 MiB, 49140 MiB, 289.09 W, 300.00 W, 71, 1965 MHz
2026/09/23 14:08:16.272, 0, 93 %, 83 %, 6161 MiB, 49140 MiB, 286.82 W, 300.00 W, 72, 1800 MHz
2026/09/23 14:08:17.273, 0, 97 %, 87 %, 6161 MiB, 49140 MiB, 286.76 W, 300.00 W, 73, 2055 MHz
2026/09/23 14:08:18.274, 0, 98 %, 82 %, 6161 MiB, 49140 MiB, 288.81 W, 300.00 W, 71, 1785 MHz
2026/09/23 14:08:19.275, 0, 95 %, 85 %, 6161 MiB, 49140 MiB, 287.78 W, 300.00 W, 72, 1980 MHz
2026/09/23 14:08:20.276, 0, 98 %, 88 %, 6161 MiB, 49140 MiB, 286.76 W, 300.00 W, 73, 1980 MHz
2026/09/23 14:08:21.277, 0, 98 %, 84 %, 6161 MiB, 49140 MiB, 289.02 W, 300.00 W, 71, 1785 MHz
2026/09/23 14:08:22.281, 0, 96 %, 87 %, 6161 MiB, 49140 MiB, 288.60 W, 300.00 W, 72, 2115 MHz
2026/09/23 14:08:23.282, 0, 97 %, 83 %, 6161 MiB, 49140 MiB, 286.11 W, 300.00 W, 72, 2175 MHz
2026/09/23 14:08:24.283, 0, 98 %, 87 %, 6161 MiB, 49140 MiB, 288.86 W, 300.00 W, 72, 1620 MHz
2026/09/23 14:08:25.285, 0, 98 %, 85 %, 6161 MiB, 49140 MiB, 289.70 W, 300.00 W, 73, 2040 MHz
2026/09/23 14:08:26.285, 0, 93 %, 83 %, 6161 MiB, 49140 MiB, 287.62 W, 300.00 W, 72, 1710 MHz
2026/09/23 14:08:27.286, 0, 98 %, 89 %, 6161 MiB, 49140 MiB, 287.79 W, 300.00 W, 74, 2010 MHz
2026/09/23 14:08:28.288, 0, 98 %, 83 %, 6161 MiB, 49140 MiB, 289.41 W, 300.00 W, 71, 1800 MHz
2026/09/23 14:08:29.289, 0, 96 %, 87 %, 6161 MiB, 49140 MiB, 288.48 W, 300.00 W, 72, 2130 MHz
2026/09/23 14:08:30.289, 0, 93 %, 81 %, 6161 MiB, 49140 MiB, 285.65 W, 300.00 W, 72, 1935 MHz
2026/09/23 14:08:31.290, 0, 97 %, 88 %, 6161 MiB, 49140 MiB, 286.95 W, 300.00 W, 74, 2055 MHz
2026/09/23 14:08:32.291, 0, 92 %, 66 %, 6161 MiB, 49140 MiB, 291.63 W, 300.00 W, 74, 1710 MHz
2026/09/23 14:08:33.292, 0, 0 %, 0 %, 6161 MiB, 49140 MiB, 222.56 W, 300.00 W, 67, 2730 MHz
2026/09/23 14:08:34.292, 0, 0 %, 0 %, 6161 MiB, 49140 MiB, 87.43 W, 300.00 W, 66, 2730 MHz
2026/09/23 14:08:35.293, 0, 98 %, 89 %, 6161 MiB, 49140 MiB, 247.13 W, 300.00 W, 72, 2115 MHz
2026/09/23 14:08:36.294, 0, 97 %, 83 %, 6161 MiB, 49140 MiB, 285.83 W, 300.00 W, 71, 2055 MHz
2026/09/23 14:08:37.294, 0, 96 %, 87 %, 6161 MiB, 49140 MiB, 287.08 W, 300.00 W, 72, 1815 MHz
2026/09/23 14:08:38.295, 0, 93 %, 79 %, 6161 MiB, 49140 MiB, 286.33 W, 300.00 W, 71, 1905 MHz
2026/09/23 14:08:39.296, 0, 97 %, 88 %, 6161 MiB, 49140 MiB, 287.97 W, 300.00 W, 72, 1995 MHz
2026/09/23 14:08:40.297, 0, 97 %, 84 %, 6161 MiB, 49140 MiB, 286.80 W, 300.00 W, 73, 2085 MHz
2026/09/23 14:08:41.298, 0, 98 %, 87 %, 6161 MiB, 49140 MiB, 288.56 W, 300.00 W, 72, 1620 MHz
2026/09/23 14:08:42.299, 0, 97 %, 81 %, 6161 MiB, 49140 MiB, 287.52 W, 300.00 W, 72, 1920 MHz
2026/09/23 14:08:43.300, 0, 94 %, 84 %, 6161 MiB, 49140 MiB, 287.32 W, 300.00 W, 72, 2130 MHz
2026/09/23 14:08:44.304, 0, 97 %, 85 %, 6161 MiB, 49140 MiB, 287.09 W, 300.00 W, 72, 1995 MHz
2026/09/23 14:08:45.306, 0, 98 %, 87 %, 6161 MiB, 49140 MiB, 288.50 W, 300.00 W, 72, 2025 MHz
2026/09/23 14:08:46.308, 0, 97 %, 83 %, 6161 MiB, 49140 MiB, 287.35 W, 300.00 W, 73, 1860 MHz
2026/09/23 14:08:47.309, 0, 95 %, 83 %, 6161 MiB, 49140 MiB, 288.47 W, 300.00 W, 71, 1860 MHz
2026/09/23 14:08:48.310, 0, 98 %, 88 %, 6161 MiB, 49140 MiB, 288.17 W, 300.00 W, 72, 1905 MHz
2026/09/23 14:08:49.311, 0, 97 %, 84 %, 6161 MiB, 49140 MiB, 285.12 W, 300.00 W, 73, 2055 MHz
2026/09/23 14:08:50.312, 0, 98 %, 84 %, 6161 MiB, 49140 MiB, 286.96 W, 300.00 W, 73, 1890 MHz
2026/09/23 14:08:51.313, 0, 95 %, 85 %, 6161 MiB, 49140 MiB, 288.76 W, 300.00 W, 71, 1815 MHz
2026/09/23 14:08:52.314, 0, 95 %, 85 %, 6161 MiB, 49140 MiB, 288.18 W, 300.00 W, 72, 1950 MHz
2026/09/23 14:08:53.315, 0, 98 %, 84 %, 6161 MiB, 49140 MiB, 285.57 W, 300.00 W, 73, 1875 MHz
2026/09/23 14:08:54.318, 0, 91 %, 81 %, 6161 MiB, 49140 MiB, 287.10 W, 300.00 W, 73, 1770 MHz
2026/09/23 14:08:55.319, 0, 94 %, 84 %, 6161 MiB, 49140 MiB, 287.73 W, 300.00 W, 71, 2145 MHz
2026/09/23 14:08:56.320, 0, 96 %, 86 %, 6161 MiB, 49140 MiB, 290.44 W, 300.00 W, 74, 1635 MHz
2026/09/23 14:08:57.321, 0, 95 %, 67 %, 6161 MiB, 49140 MiB, 250.78 W, 300.00 W, 67, 2730 MHz
2026/09/23 14:08:58.321, 0, 0 %, 0 %, 6161 MiB, 49140 MiB, 87.11 W, 300.00 W, 66, 2730 MHz
2026/09/23 14:08:59.322, 0, 97 %, 89 %, 6161 MiB, 49140 MiB, 216.27 W, 300.00 W, 71, 2115 MHz
2026/09/23 14:09:00.326, 0, 98 %, 81 %, 6161 MiB, 49140 MiB, 287.51 W, 300.00 W, 73, 1635 MHz
2026/09/23 14:09:01.326, 0, 96 %, 86 %, 6161 MiB, 49140 MiB, 287.67 W, 300.00 W, 71, 2040 MHz
2026/09/23 14:09:02.327, 0, 92 %, 80 %, 6161 MiB, 49140 MiB, 287.95 W, 300.00 W, 73, 1860 MHz
2026/09/23 14:09:03.328, 0, 97 %, 86 %, 6161 MiB, 49140 MiB, 287.21 W, 300.00 W, 72, 2010 MHz
2026/09/23 14:09:04.329, 0, 97 %, 81 %, 6161 MiB, 49140 MiB, 286.84 W, 300.00 W, 73, 1680 MHz
2026/09/23 14:09:05.330, 0, 98 %, 88 %, 6161 MiB, 49140 MiB, 288.30 W, 300.00 W, 72, 1830 MHz
2026/09/23 14:09:06.330, 0, 97 %, 83 %, 6161 MiB, 49140 MiB, 289.60 W, 300.00 W, 73, 1920 MHz
2026/09/23 14:09:07.332, 0, 98 %, 87 %, 6161 MiB, 49140 MiB, 287.94 W, 300.00 W, 72, 1965 MHz
2026/09/23 14:09:08.332, 0, 96 %, 80 %, 6161 MiB, 49140 MiB, 287.31 W, 300.00 W, 73, 1665 MHz
2026/09/23 14:09:09.333, 0, 96 %, 86 %, 6161 MiB, 49140 MiB, 288.15 W, 300.00 W, 72, 1965 MHz
2026/09/23 14:09:10.334, 0, 97 %, 83 %, 6161 MiB, 49140 MiB, 288.91 W, 300.00 W, 72, 1890 MHz
2026/09/23 14:09:11.335, 0, 97 %, 87 %, 6161 MiB, 49140 MiB, 286.79 W, 300.00 W, 72, 1950 MHz
2026/09/23 14:09:12.338, 0, 98 %, 86 %, 6161 MiB, 49140 MiB, 286.46 W, 300.00 W, 72, 1860 MHz
2026/09/23 14:09:13.339, 0, 96 %, 86 %, 6161 MiB, 49140 MiB, 288.14 W, 300.00 W, 73, 1815 MHz
2026/09/23 14:09:14.340, 0, 95 %, 83 %, 6161 MiB, 49140 MiB, 288.59 W, 300.00 W, 71, 2130 MHz
2026/09/23 14:09:15.340, 0, 98 %, 88 %, 6161 MiB, 49140 MiB, 290.66 W, 300.00 W, 72, 1980 MHz
2026/09/23 14:09:16.341, 0, 97 %, 82 %, 6161 MiB, 49140 MiB, 287.55 W, 300.00 W, 73, 1710 MHz
2026/09/23 14:09:17.341, 0, 97 %, 87 %, 6161 MiB, 49140 MiB, 289.83 W, 300.00 W, 73, 1785 MHz
2026/09/23 14:09:18.342, 0, 96 %, 82 %, 6161 MiB, 49140 MiB, 290.27 W, 300.00 W, 73, 1920 MHz
2026/09/23 14:09:19.343, 0, 97 %, 87 %, 6161 MiB, 49140 MiB, 287.02 W, 300.00 W, 72, 2025 MHz
2026/09/23 14:09:20.343, 0, 98 %, 85 %, 6161 MiB, 49140 MiB, 285.93 W, 300.00 W, 73, 1890 MHz
2026/09/23 14:09:21.344, 0, 97 %, 85 %, 6161 MiB, 49140 MiB, 290.58 W, 300.00 W, 73, 1710 MHz
2026/09/23 14:09:22.345, 0, 91 %, 65 %, 6161 MiB, 49140 MiB, 208.51 W, 300.00 W, 67, 2730 MHz
2026/09/23 14:09:23.345, 0, 0 %, 0 %, 6161 MiB, 49140 MiB, 87.83 W, 300.00 W, 66, 2730 MHz
2026/09/23 14:09:24.346, 0, 97 %, 87 %, 6161 MiB, 49140 MiB, 222.51 W, 300.00 W, 72, 2130 MHz
2026/09/23 14:09:25.347, 0, 98 %, 85 %, 6161 MiB, 49140 MiB, 286.10 W, 300.00 W, 72, 1755 MHz
2026/09/23 14:09:26.348, 0, 97 %, 88 %, 6161 MiB, 49140 MiB, 288.88 W, 300.00 W, 72, 1995 MHz
2026/09/23 14:09:27.348, 0, 97 %, 83 %, 6161 MiB, 49140 MiB, 288.92 W, 300.00 W, 72, 2070 MHz
2026/09/23 14:09:28.349, 0, 96 %, 86 %, 6161 MiB, 49140 MiB, 288.10 W, 300.00 W, 71, 1935 MHz
2026/09/23 14:09:29.350, 0, 95 %, 80 %, 6161 MiB, 49140 MiB, 287.72 W, 300.00 W, 73, 1620 MHz
2026/09/23 14:09:30.351, 0, 98 %, 89 %, 6161 MiB, 49140 MiB, 288.61 W, 300.00 W, 72, 1995 MHz
2026/09/23 14:09:31.352, 0, 98 %, 83 %, 6161 MiB, 49140 MiB, 290.46 W, 300.00 W, 72, 1830 MHz
2026/09/23 14:09:32.352, 0, 98 %, 88 %, 6161 MiB, 49140 MiB, 286.59 W, 300.00 W, 72, 2010 MHz
2026/09/23 14:09:33.354, 0, 98 %, 82 %, 6161 MiB, 49140 MiB, 286.78 W, 300.00 W, 73, 1710 MHz
2026/09/23 14:09:34.355, 0, 95 %, 85 %, 6161 MiB, 49140 MiB, 289.62 W, 300.00 W, 71, 2175 MHz
2026/09/23 14:09:35.356, 0, 98 %, 87 %, 6161 MiB, 49140 MiB, 288.69 W, 300.00 W, 73, 1920 MHz
2026/09/23 14:09:36.357, 0, 97 %, 87 %, 6161 MiB, 49140 MiB, 287.60 W, 300.00 W, 73, 1980 MHz
2026/09/23 14:09:37.358, 0, 98 %, 83 %, 6161 MiB, 49140 MiB, 288.87 W, 300.00 W, 74, 1710 MHz
2026/09/23 14:09:38.358, 0, 96 %, 85 %, 6161 MiB, 49140 MiB, 287.54 W, 300.00 W, 71, 2160 MHz
2026/09/23 14:09:39.359, 0, 98 %, 86 %, 6161 MiB, 49140 MiB, 289.11 W, 300.00 W, 73, 1800 MHz
2026/09/23 14:09:40.360, 0, 97 %, 88 %, 6161 MiB, 49140 MiB, 287.15 W, 300.00 W, 72, 1725 MHz
2026/09/23 14:09:41.360, 0, 98 %, 81 %, 6161 MiB, 49140 MiB, 287.75 W, 300.00 W, 74, 2100 MHz
2026/09/23 14:09:42.362, 0, 96 %, 86 %, 6161 MiB, 49140 MiB, 287.79 W, 300.00 W, 72, 1860 MHz
2026/09/23 14:09:43.363, 0, 97 %, 83 %, 6161 MiB, 49140 MiB, 289.93 W, 300.00 W, 73, 1905 MHz
2026/09/23 14:09:44.364, 0, 97 %, 86 %, 6161 MiB, 49140 MiB, 288.30 W, 300.00 W, 72, 1725 MHz
2026/09/23 14:09:45.365, 0, 98 %, 82 %, 6161 MiB, 49140 MiB, 287.75 W, 300.00 W, 73, 1815 MHz
2026/09/23 14:09:46.366, 0, 92 %, 67 %, 6161 MiB, 49140 MiB, 293.73 W, 300.00 W, 74, 1695 MHz
2026/09/23 14:09:47.368, 0, 9 %, 0 %, 6161 MiB, 49140 MiB, 173.47 W, 300.00 W, 67, 2730 MHz
2026/09/23 14:09:48.368, 0, 0 %, 0 %, 6161 MiB, 49140 MiB, 87.46 W, 300.00 W, 70, 1845 MHz
2026/09/23 14:09:49.369, 0, 98 %, 85 %, 6161 MiB, 49140 MiB, 288.04 W, 300.00 W, 72, 2100 MHz
2026/09/23 14:09:50.371, 0, 91 %, 82 %, 6161 MiB, 49140 MiB, 286.54 W, 300.00 W, 71, 1800 MHz
2026/09/23 14:09:51.372, 0, 97 %, 84 %, 6161 MiB, 49140 MiB, 288.41 W, 300.00 W, 72, 1980 MHz
2026/09/23 14:09:52.374, 0, 98 %, 88 %, 6161 MiB, 49140 MiB, 287.78 W, 300.00 W, 72, 1740 MHz
2026/09/23 14:09:53.374, 0, 97 %, 83 %, 6161 MiB, 49140 MiB, 286.36 W, 300.00 W, 73, 2115 MHz
2026/09/23 14:09:54.375, 0, 95 %, 85 %, 6161 MiB, 49140 MiB, 288.12 W, 300.00 W, 71, 1845 MHz
2026/09/23 14:09:55.376, 0, 98 %, 87 %, 6161 MiB, 49140 MiB, 288.15 W, 300.00 W, 72, 2055 MHz
2026/09/23 14:09:56.377, 0, 98 %, 87 %, 6161 MiB, 49140 MiB, 286.18 W, 300.00 W, 72, 1635 MHz
2026/09/23 14:09:57.380, 0, 97 %, 81 %, 6161 MiB, 49140 MiB, 287.48 W, 300.00 W, 74, 2085 MHz
2026/09/23 14:09:58.380, 0, 95 %, 85 %, 6161 MiB, 49140 MiB, 287.73 W, 300.00 W, 71, 1830 MHz
2026/09/23 14:09:59.382, 0, 98 %, 84 %, 6161 MiB, 49140 MiB, 287.97 W, 300.00 W, 73, 1965 MHz
2026/09/23 14:10:00.382, 0, 98 %, 88 %, 6161 MiB, 49140 MiB, 287.00 W, 300.00 W, 73, 1620 MHz
2026/09/23 14:10:01.383, 0, 98 %, 81 %, 6161 MiB, 49140 MiB, 287.16 W, 300.00 W, 74, 2025 MHz
2026/09/23 14:10:02.384, 0, 96 %, 85 %, 6161 MiB, 49140 MiB, 288.72 W, 300.00 W, 71, 1740 MHz
2026/09/23 14:10:03.386, 0, 97 %, 83 %, 6161 MiB, 49140 MiB, 288.85 W, 300.00 W, 73, 1980 MHz
2026/09/23 14:10:04.386, 0, 97 %, 87 %, 6161 MiB, 49140 MiB, 286.84 W, 300.00 W, 72, 1635 MHz
2026/09/23 14:10:05.388, 0, 97 %, 80 %, 6161 MiB, 49140 MiB, 286.83 W, 300.00 W, 74, 2025 MHz
2026/09/23 14:10:06.389, 0, 95 %, 84 %, 6161 MiB, 49140 MiB, 287.77 W, 300.00 W, 72, 1725 MHz
2026/09/23 14:10:07.389, 0, 98 %, 85 %, 6161 MiB, 49140 MiB, 288.35 W, 300.00 W, 73, 1860 MHz
2026/09/23 14:10:08.390, 0, 96 %, 86 %, 6161 MiB, 49140 MiB, 286.62 W, 300.00 W, 72, 1740 MHz
2026/09/23 14:10:09.391, 0, 98 %, 82 %, 6161 MiB, 49140 MiB, 287.93 W, 300.00 W, 74, 1830 MHz
2026/09/23 14:10:10.392, 0, 97 %, 88 %, 6161 MiB, 49140 MiB, 288.52 W, 300.00 W, 73, 2115 MHz
2026/09/23 14:10:11.393, 0, 93 %, 68 %, 6161 MiB, 49140 MiB, 290.36 W, 300.00 W, 74, 1695 MHz
2026/09/23 14:10:12.396, 0, 9 %, 0 %, 6161 MiB, 49140 MiB, 156.07 W, 300.00 W, 67, 2730 MHz
2026/09/23 14:10:13.396, 0, 0 %, 0 %, 6161 MiB, 49140 MiB, 87.69 W, 300.00 W, 66, 2730 MHz
2026/09/23 14:10:14.397, 0, 90 %, 81 %, 6161 MiB, 49140 MiB, 203.91 W, 300.00 W, 71, 1650 MHz
2026/09/23 14:10:15.398, 0, 98 %, 81 %, 6161 MiB, 49140 MiB, 286.48 W, 300.00 W, 73, 2130 MHz
2026/09/23 14:10:16.398, 0, 95 %, 85 %, 6161 MiB, 49140 MiB, 285.07 W, 300.00 W, 72, 2025 MHz
2026/09/23 14:10:17.399, 0, 97 %, 84 %, 6161 MiB, 49140 MiB, 289.50 W, 300.00 W, 73, 1905 MHz
2026/09/23 14:10:18.400, 0, 98 %, 88 %, 6161 MiB, 49140 MiB, 288.20 W, 300.00 W, 72, 1665 MHz
2026/09/23 14:10:19.401, 0, 97 %, 81 %, 6161 MiB, 49140 MiB, 287.05 W, 300.00 W, 73, 2115 MHz
2026/09/23 14:10:20.402, 0, 95 %, 85 %, 6161 MiB, 49140 MiB, 287.20 W, 300.00 W, 71, 1755 MHz
2026/09/23 14:10:21.403, 0, 97 %, 85 %, 6161 MiB, 49140 MiB, 288.12 W, 300.00 W, 72, 1965 MHz
2026/09/23 14:10:22.405, 0, 97 %, 88 %, 6161 MiB, 49140 MiB, 285.59 W, 300.00 W, 72, 1680 MHz
2026/09/23 14:10:23.406, 0, 98 %, 81 %, 6161 MiB, 49140 MiB, 287.79 W, 300.00 W, 73, 2100 MHz
2026/09/23 14:10:24.407, 0, 96 %, 86 %, 6161 MiB, 49140 MiB, 289.05 W, 300.00 W, 71, 1815 MHz
2026/09/23 14:10:25.408, 0, 98 %, 87 %, 6161 MiB, 49140 MiB, 287.73 W, 300.00 W, 73, 1995 MHz
2026/09/23 14:10:26.408, 0, 98 %, 88 %, 6161 MiB, 49140 MiB, 287.73 W, 300.00 W, 72, 1800 MHz
2026/09/23 14:10:27.409, 0, 98 %, 84 %, 6161 MiB, 49140 MiB, 288.68 W, 300.00 W, 73, 2250 MHz
2026/09/23 14:10:28.411, 0, 95 %, 85 %, 6161 MiB, 49140 MiB, 287.28 W, 300.00 W, 71, 1845 MHz
2026/09/23 14:10:29.411, 0, 98 %, 86 %, 6161 MiB, 49140 MiB, 289.21 W, 300.00 W, 72, 1665 MHz
2026/09/23 14:10:30.412, 0, 98 %, 87 %, 6161 MiB, 49140 MiB, 288.07 W, 300.00 W, 72, 2100 MHz
2026/09/23 14:10:31.412, 0, 94 %, 79 %, 6161 MiB, 49140 MiB, 286.68 W, 300.00 W, 73, 2025 MHz
2026/09/23 14:10:32.413, 0, 96 %, 87 %, 6161 MiB, 49140 MiB, 288.99 W, 300.00 W, 72, 2055 MHz
2026/09/23 14:10:33.414, 0, 98 %, 83 %, 6161 MiB, 49140 MiB, 289.46 W, 300.00 W, 73, 1590 MHz
2026/09/23 14:10:34.415, 0, 97 %, 88 %, 6161 MiB, 49140 MiB, 288.34 W, 300.00 W, 72, 1860 MHz
2026/09/23 14:10:35.415, 0, 98 %, 80 %, 6161 MiB, 49140 MiB, 288.10 W, 300.00 W, 74, 1980 MHz
2026/09/23 14:10:36.416, 0, 93 %, 66 %, 6161 MiB, 49140 MiB, 294.05 W, 300.00 W, 74, 1710 MHz
2026/09/23 14:10:37.417, 0, 10 %, 0 %, 6161 MiB, 49140 MiB, 172.26 W, 300.00 W, 67, 2730 MHz
2026/09/23 14:10:38.417, 0, 0 %, 0 %, 6161 MiB, 49140 MiB, 87.45 W, 300.00 W, 66, 2610 MHz
2026/09/23 14:10:39.419, 0, 97 %, 88 %, 6161 MiB, 49140 MiB, 209.82 W, 300.00 W, 72, 2040 MHz
2026/09/23 14:10:40.420, 0, 93 %, 81 %, 6161 MiB, 49140 MiB, 287.77 W, 300.00 W, 71, 1875 MHz
2026/09/23 14:10:41.421, 0, 97 %, 88 %, 6161 MiB, 49140 MiB, 287.45 W, 300.00 W, 72, 1770 MHz
2026/09/23 14:10:42.422, 0, 98 %, 84 %, 6161 MiB, 49140 MiB, 285.88 W, 300.00 W, 72, 2175 MHz
2026/09/23 14:10:43.422, 0, 97 %, 88 %, 6161 MiB, 49140 MiB, 288.58 W, 300.00 W, 72, 2010 MHz
2026/09/23 14:10:44.425, 0, 96 %, 83 %, 6161 MiB, 49140 MiB, 289.34 W, 300.00 W, 71, 1830 MHz
2026/09/23 14:10:45.425, 0, 98 %, 87 %, 6161 MiB, 49140 MiB, 287.80 W, 300.00 W, 71, 1800 MHz
2026/09/23 14:10:46.426, 0, 97 %, 83 %, 6161 MiB, 49140 MiB, 286.56 W, 300.00 W, 73, 2115 MHz
2026/09/23 14:10:47.427, 0, 88 %, 79 %, 6161 MiB, 49140 MiB, 286.50 W, 300.00 W, 73, 1860 MHz
2026/09/23 14:10:48.428, 0, 94 %, 84 %, 6161 MiB, 49140 MiB, 289.25 W, 300.00 W, 71, 2025 MHz
2026/09/23 14:10:49.429, 0, 97 %, 87 %, 6161 MiB, 49140 MiB, 287.34 W, 300.00 W, 73, 1680 MHz
2026/09/23 14:10:50.430, 0, 97 %, 86 %, 6161 MiB, 49140 MiB, 287.95 W, 300.00 W, 72, 2100 MHz
2026/09/23 14:10:51.430, 0, 98 %, 81 %, 6161 MiB, 49140 MiB, 287.49 W, 300.00 W, 74, 1935 MHz
2026/09/23 14:10:52.431, 0, 94 %, 84 %, 6161 MiB, 49140 MiB, 289.59 W, 300.00 W, 71, 2025 MHz
2026/09/23 14:10:53.431, 0, 97 %, 87 %, 6161 MiB, 49140 MiB, 287.57 W, 300.00 W, 72, 1800 MHz
2026/09/23 14:10:54.433, 0, 98 %, 84 %, 6161 MiB, 49140 MiB, 287.73 W, 300.00 W, 73, 2190 MHz
2026/09/23 14:10:55.434, 0, 98 %, 88 %, 6161 MiB, 49140 MiB, 288.87 W, 300.00 W, 72, 2010 MHz
2026/09/23 14:10:56.435, 0, 97 %, 86 %, 6161 MiB, 49140 MiB, 288.02 W, 300.00 W, 72, 1965 MHz
2026/09/23 14:10:57.436, 0, 98 %, 87 %, 6161 MiB, 49140 MiB, 286.38 W, 300.00 W, 72, 1905 MHz
2026/09/23 14:10:58.437, 0, 97 %, 87 %, 6161 MiB, 49140 MiB, 287.51 W, 300.00 W, 74, 1875 MHz
2026/09/23 14:10:59.438, 0, 97 %, 85 %, 6161 MiB, 49140 MiB, 289.11 W, 300.00 W, 71, 1965 MHz
2026/09/23 14:11:00.440, 0, 97 %, 86 %, 6161 MiB, 49140 MiB, 287.97 W, 300.00 W, 72, 1680 MHz
2026/09/23 14:11:01.442, 0, 95 %, 67 %, 6161 MiB, 49140 MiB, 293.91 W, 300.00 W, 73, 1770 MHz
2026/09/23 14:11:02.445, 0, 1 %, 0 %, 6161 MiB, 49140 MiB, 142.57 W, 300.00 W, 67, 2730 MHz
2026/09/23 14:11:03.445, 0, 0 %, 0 %, 6161 MiB, 49140 MiB, 149.78 W, 300.00 W, 71, 1695 MHz
2026/09/23 14:11:04.446, 0, 94 %, 83 %, 6161 MiB, 49140 MiB, 286.04 W, 300.00 W, 71, 2130 MHz
2026/09/23 14:11:05.447, 0, 97 %, 87 %, 6161 MiB, 49140 MiB, 287.86 W, 300.00 W, 73, 1905 MHz
2026/09/23 14:11:06.450, 0, 98 %, 83 %, 6161 MiB, 49140 MiB, 289.28 W, 300.00 W, 71, 2055 MHz
2026/09/23 14:11:07.451, 0, 93 %, 82 %, 6161 MiB, 49140 MiB, 285.36 W, 300.00 W, 72, 1680 MHz
2026/09/23 14:11:08.454, 0, 97 %, 84 %, 6161 MiB, 49140 MiB, 287.06 W, 300.00 W, 72, 2190 MHz
2026/09/23 14:11:09.454, 0, 98 %, 87 %, 6161 MiB, 49140 MiB, 287.32 W, 300.00 W, 73, 1935 MHz
2026/09/23 14:11:10.455, 0, 97 %, 84 %, 6161 MiB, 49140 MiB, 288.29 W, 300.00 W, 72, 1920 MHz
2026/09/23 14:11:11.456, 0, 96 %, 85 %, 6161 MiB, 49140 MiB, 285.38 W, 300.00 W, 72, 1815 MHz
2026/09/23 14:11:12.457, 0, 96 %, 84 %, 6161 MiB, 49140 MiB, 287.24 W, 300.00 W, 74, 2010 MHz
2026/09/23 14:11:13.459, 0, 92 %, 81 %, 6161 MiB, 49140 MiB, 287.40 W, 300.00 W, 72, 1965 MHz
2026/09/23 14:11:14.463, 0, 98 %, 87 %, 6161 MiB, 49140 MiB, 289.15 W, 300.00 W, 72, 1695 MHz
2026/09/23 14:11:15.463, 0, 97 %, 83 %, 6161 MiB, 49140 MiB, 287.02 W, 300.00 W, 72, 2205 MHz
2026/09/23 14:11:16.464, 0, 96 %, 85 %, 6161 MiB, 49140 MiB, 287.11 W, 300.00 W, 73, 1920 MHz
2026/09/23 14:11:17.465, 0, 97 %, 82 %, 6161 MiB, 49140 MiB, 289.18 W, 300.00 W, 72, 1965 MHz
2026/09/23 14:11:18.466, 0, 97 %, 87 %, 6161 MiB, 49140 MiB, 285.45 W, 300.00 W, 72, 1830 MHz
2026/09/23 14:11:19.467, 0, 97 %, 84 %, 6161 MiB, 49140 MiB, 287.31 W, 300.00 W, 73, 2070 MHz
2026/09/23 14:11:20.468, 0, 96 %, 85 %, 6161 MiB, 49140 MiB, 288.65 W, 300.00 W, 72, 1710 MHz
2026/09/23 14:11:21.469, 0, 97 %, 86 %, 6161 MiB, 49140 MiB, 288.37 W, 300.00 W, 73, 2070 MHz
2026/09/23 14:11:22.470, 0, 98 %, 83 %, 6161 MiB, 49140 MiB, 288.17 W, 300.00 W, 72, 1800 MHz
2026/09/23 14:11:23.471, 0, 96 %, 85 %, 6161 MiB, 49140 MiB, 288.57 W, 300.00 W, 73, 2010 MHz
2026/09/23 14:11:24.473, 0, 96 %, 86 %, 6161 MiB, 49140 MiB, 289.52 W, 300.00 W, 73, 1830 MHz
2026/09/23 14:11:25.474, 0, 98 %, 87 %, 6161 MiB, 49140 MiB, 286.98 W, 300.00 W, 73, 1965 MHz
2026/09/23 14:11:26.475, 0, 93 %, 67 %, 6161 MiB, 49140 MiB, 262.61 W, 300.00 W, 68, 2730 MHz
2026/09/23 14:11:27.476, 0, 0 %, 0 %, 6161 MiB, 49140 MiB, 86.67 W, 300.00 W, 66, 2730 MHz
2026/09/23 14:11:28.476, 0, 92 %, 76 %, 6161 MiB, 49140 MiB, 180.62 W, 300.00 W, 71, 2220 MHz
2026/09/23 14:11:29.477, 0, 97 %, 86 %, 6161 MiB, 49140 MiB, 286.10 W, 300.00 W, 72, 1920 MHz
2026/09/23 14:11:30.477, 0, 97 %, 87 %, 6161 MiB, 49140 MiB, 288.70 W, 300.00 W, 73, 1980 MHz
2026/09/23 14:11:31.478, 0, 98 %, 83 %, 6161 MiB, 49140 MiB, 289.26 W, 300.00 W, 71, 1815 MHz
2026/09/23 14:11:32.479, 0, 98 %, 87 %, 6161 MiB, 49140 MiB, 287.00 W, 300.00 W, 72, 2115 MHz
2026/09/23 14:11:33.480, 0, 97 %, 86 %, 6161 MiB, 49140 MiB, 287.26 W, 300.00 W, 73, 2085 MHz
2026/09/23 14:11:34.482, 0, 96 %, 85 %, 6161 MiB, 49140 MiB, 288.99 W, 300.00 W, 71, 1740 MHz
2026/09/23 14:11:35.482, 0, 98 %, 88 %, 6161 MiB, 49140 MiB, 287.40 W, 300.00 W, 73, 1815 MHz
2026/09/23 14:11:36.485, 0, 97 %, 86 %, 6161 MiB, 49140 MiB, 286.61 W, 300.00 W, 72, 2055 MHz
2026/09/23 14:11:37.486, 0, 97 %, 87 %, 6161 MiB, 49140 MiB, 288.88 W, 300.00 W, 73, 2010 MHz
2026/09/23 14:11:38.486, 0, 98 %, 83 %, 6161 MiB, 49140 MiB, 289.41 W, 300.00 W, 71, 1725 MHz
2026/09/23 14:11:39.487, 0, 97 %, 87 %, 6161 MiB, 49140 MiB, 288.02 W, 300.00 W, 72, 2130 MHz
2026/09/23 14:11:40.488, 0, 93 %, 81 %, 6161 MiB, 49140 MiB, 286.74 W, 300.00 W, 73, 2070 MHz
2026/09/23 14:11:41.489, 0, 95 %, 85 %, 6161 MiB, 49140 MiB, 286.83 W, 300.00 W, 72, 2025 MHz
2026/09/23 14:11:42.489, 0, 97 %, 87 %, 6161 MiB, 49140 MiB, 289.56 W, 300.00 W, 73, 1860 MHz
2026/09/23 14:11:43.491, 0, 97 %, 87 %, 6161 MiB, 49140 MiB, 286.76 W, 300.00 W, 72, 1920 MHz
2026/09/23 14:11:44.491, 0, 96 %, 86 %, 6161 MiB, 49140 MiB, 288.20 W, 300.00 W, 74, 2085 MHz
2026/09/23 14:11:45.493, 0, 95 %, 84 %, 6161 MiB, 49140 MiB, 288.39 W, 300.00 W, 72, 1755 MHz
2026/09/23 14:11:46.494, 0, 95 %, 83 %, 6161 MiB, 49140 MiB, 288.15 W, 300.00 W, 73, 2085 MHz
2026/09/23 14:11:47.495, 0, 90 %, 80 %, 6161 MiB, 49140 MiB, 287.26 W, 300.00 W, 72, 1785 MHz
2026/09/23 14:11:48.496, 0, 98 %, 87 %, 6161 MiB, 49140 MiB, 287.97 W, 300.00 W, 73, 2025 MHz
2026/09/23 14:11:49.497, 0, 97 %, 83 %, 6161 MiB, 49140 MiB, 288.50 W, 300.00 W, 71, 1695 MHz
2026/09/23 14:11:50.498, 0, 97 %, 85 %, 6161 MiB, 49140 MiB, 287.10 W, 300.00 W, 74, 1665 MHz
2026/09/23 14:11:51.499, 0, 94 %, 66 %, 6161 MiB, 49140 MiB, 233.40 W, 300.00 W, 67, 2730 MHz
2026/09/23 14:11:52.500, 0, 0 %, 0 %, 6161 MiB, 49140 MiB, 86.92 W, 300.00 W, 66, 2730 MHz
2026/09/23 14:11:53.500, 0, 95 %, 86 %, 6161 MiB, 49140 MiB, 203.30 W, 300.00 W, 72, 1830 MHz
2026/09/23 14:11:54.501, 0, 97 %, 87 %, 6161 MiB, 49140 MiB, 286.58 W, 300.00 W, 71, 2115 MHz
2026/09/23 14:11:55.501, 0, 97 %, 87 %, 6161 MiB, 49140 MiB, 288.00 W, 300.00 W, 73, 1920 MHz
2026/09/23 14:11:56.502, 0, 96 %, 83 %, 6161 MiB, 49140 MiB, 288.27 W, 300.00 W, 70, 1710 MHz
2026/09/23 14:11:57.504, 0, 97 %, 87 %, 6161 MiB, 49140 MiB, 287.04 W, 300.00 W, 72, 2130 MHz
2026/09/23 14:11:58.507, 0, 97 %, 81 %, 6161 MiB, 49140 MiB, 286.55 W, 300.00 W, 72, 1950 MHz
2026/09/23 14:11:59.507, 0, 98 %, 87 %, 6161 MiB, 49140 MiB, 287.05 W, 300.00 W, 73, 2040 MHz
2026/09/23 14:12:00.508, 0, 97 %, 83 %, 6161 MiB, 49140 MiB, 286.81 W, 300.00 W, 71, 1710 MHz
2026/09/23 14:12:01.509, 0, 98 %, 87 %, 6161 MiB, 49140 MiB, 287.66 W, 300.00 W, 72, 2130 MHz
2026/09/23 14:12:02.510, 0, 95 %, 81 %, 6161 MiB, 49140 MiB, 286.59 W, 300.00 W, 73, 1980 MHz
2026/09/23 14:12:03.510, 0, 97 %, 87 %, 6161 MiB, 49140 MiB, 285.25 W, 300.00 W, 73, 1980 MHz
2026/09/23 14:12:04.511, 0, 98 %, 82 %, 6161 MiB, 49140 MiB, 290.08 W, 300.00 W, 71, 1710 MHz
2026/09/23 14:12:05.512, 0, 97 %, 87 %, 6161 MiB, 49140 MiB, 286.03 W, 300.00 W, 72, 2130 MHz
2026/09/23 14:12:06.513, 0, 97 %, 85 %, 6161 MiB, 49140 MiB, 286.63 W, 300.00 W, 73, 2070 MHz
2026/09/23 14:12:07.513, 0, 96 %, 85 %, 6161 MiB, 49140 MiB, 286.45 W, 300.00 W, 72, 2055 MHz
2026/09/23 14:12:08.514, 0, 98 %, 88 %, 6161 MiB, 49140 MiB, 285.80 W, 300.00 W, 71, 2160 MHz
2026/09/23 14:12:09.516, 0, 97 %, 87 %, 6161 MiB, 49140 MiB, 286.13 W, 300.00 W, 72, 1935 MHz
2026/09/23 14:12:10.517, 0, 96 %, 81 %, 6161 MiB, 49140 MiB, 287.48 W, 300.00 W, 73, 2025 MHz
2026/09/23 14:12:11.518, 0, 93 %, 82 %, 6161 MiB, 49140 MiB, 287.17 W, 300.00 W, 72, 1830 MHz
2026/09/23 14:12:12.519, 0, 97 %, 88 %, 6161 MiB, 49140 MiB, 288.63 W, 300.00 W, 73, 2100 MHz
2026/09/23 14:12:13.519, 0, 98 %, 86 %, 6161 MiB, 49140 MiB, 286.93 W, 300.00 W, 72, 2085 MHz
2026/09/23 14:12:14.520, 0, 97 %, 87 %, 6161 MiB, 49140 MiB, 289.11 W, 300.00 W, 74, 1635 MHz
2026/09/23 14:12:15.521, 0, 96 %, 80 %, 6161 MiB, 49140 MiB, 292.93 W, 300.00 W, 72, 1635 MHz
2026/09/23 14:12:16.522, 0, 94 %, 68 %, 6161 MiB, 49140 MiB, 196.29 W, 300.00 W, 66, 2505 MHz
2026/09/23 14:12:17.524, 0, 0 %, 0 %, 6161 MiB, 49140 MiB, 72.57 W, 300.00 W, 65, 2505 MHz
2026/09/23 14:12:18.524, 0, 97 %, 86 %, 6161 MiB, 49140 MiB, 201.39 W, 300.00 W, 71, 2130 MHz
2026/09/23 14:12:19.525, 0, 97 %, 86 %, 6161 MiB, 49140 MiB, 285.97 W, 300.00 W, 71, 2250 MHz
2026/09/23 14:12:20.526, 0, 93 %, 83 %, 6161 MiB, 49140 MiB, 285.70 W, 300.00 W, 71, 1680 MHz
2026/09/23 14:12:21.527, 0, 98 %, 84 %, 6161 MiB, 49140 MiB, 287.85 W, 300.00 W, 72, 2130 MHz
2026/09/23 14:12:22.527, 0, 97 %, 87 %, 6161 MiB, 49140 MiB, 286.23 W, 300.00 W, 71, 1935 MHz
2026/09/23 14:12:23.530, 0, 97 %, 84 %, 6161 MiB, 49140 MiB, 287.48 W, 300.00 W, 73, 1935 MHz
2026/09/23 14:12:24.530, 0, 96 %, 85 %, 6161 MiB, 49140 MiB, 288.38 W, 300.00 W, 72, 1950 MHz
2026/09/23 14:12:25.531, 0, 98 %, 87 %, 6161 MiB, 49140 MiB, 286.34 W, 300.00 W, 72, 1785 MHz
2026/09/23 14:12:26.532, 0, 96 %, 81 %, 6161 MiB, 49140 MiB, 285.98 W, 300.00 W, 73, 2040 MHz
2026/09/23 14:12:27.534, 0, 95 %, 84 %, 6161 MiB, 49140 MiB, 288.07 W, 300.00 W, 71, 1830 MHz
2026/09/23 14:12:28.535, 0, 98 %, 87 %, 6161 MiB, 49140 MiB, 288.88 W, 300.00 W, 72, 2145 MHz
2026/09/23 14:12:29.535, 0, 96 %, 84 %, 6161 MiB, 49140 MiB, 286.44 W, 300.00 W, 72, 2100 MHz
2026/09/23 14:12:30.536, 0, 97 %, 87 %, 6161 MiB, 49140 MiB, 289.04 W, 300.00 W, 72, 1710 MHz
2026/09/23 14:12:31.538, 0, 96 %, 82 %, 6161 MiB, 49140 MiB, 288.31 W, 300.00 W, 72, 2145 MHz
2026/09/23 14:12:32.539, 0, 97 %, 86 %, 6161 MiB, 49140 MiB, 286.35 W, 300.00 W, 72, 2100 MHz
2026/09/23 14:12:33.541, 0, 96 %, 86 %, 6161 MiB, 49140 MiB, 287.23 W, 300.00 W, 72, 1740 MHz
2026/09/23 14:12:34.542, 0, 97 %, 86 %, 6161 MiB, 49140 MiB, 288.61 W, 300.00 W, 73, 2010 MHz
2026/09/23 14:12:35.542, 0, 97 %, 86 %, 6161 MiB, 49140 MiB, 286.90 W, 300.00 W, 72, 1785 MHz
2026/09/23 14:12:36.543, 0, 98 %, 83 %, 6161 MiB, 49140 MiB, 287.37 W, 300.00 W, 73, 1995 MHz
2026/09/23 14:12:37.544, 0, 95 %, 84 %, 6161 MiB, 49140 MiB, 288.16 W, 300.00 W, 71, 1800 MHz
2026/09/23 14:12:38.544, 0, 97 %, 86 %, 6161 MiB, 49140 MiB, 289.10 W, 300.00 W, 73, 2115 MHz
2026/09/23 14:12:39.545, 0, 98 %, 86 %, 6161 MiB, 49140 MiB, 287.42 W, 300.00 W, 72, 2100 MHz
2026/09/23 14:12:40.546, 0, 91 %, 68 %, 6161 MiB, 49140 MiB, 292.95 W, 300.00 W, 73, 1725 MHz
2026/09/23 14:12:41.546, 0, 9 %, 0 %, 6161 MiB, 49140 MiB, 172.75 W, 300.00 W, 67, 2730 MHz
2026/09/23 14:12:42.547, 0, 0 %, 0 %, 6161 MiB, 49140 MiB, 86.91 W, 300.00 W, 66, 2730 MHz
2026/09/23 14:12:43.548, 0, 96 %, 86 %, 6161 MiB, 49140 MiB, 204.50 W, 300.00 W, 71, 1980 MHz
2026/09/23 14:12:44.549, 0, 97 %, 85 %, 6161 MiB, 49140 MiB, 285.55 W, 300.00 W, 72, 1980 MHz
2026/09/23 14:12:45.550, 0, 96 %, 87 %, 6161 MiB, 49140 MiB, 287.72 W, 300.00 W, 71, 1650 MHz
2026/09/23 14:12:46.550, 0, 96 %, 83 %, 6161 MiB, 49140 MiB, 286.87 W, 300.00 W, 72, 2115 MHz
2026/09/23 14:12:47.554, 0, 97 %, 87 %, 6161 MiB, 49140 MiB, 286.77 W, 300.00 W, 71, 1950 MHz
2026/09/23 14:12:48.555, 0, 97 %, 82 %, 6161 MiB, 49140 MiB, 286.98 W, 300.00 W, 73, 1995 MHz
2026/09/23 14:12:49.556, 0, 94 %, 83 %, 6161 MiB, 49140 MiB, 287.82 W, 300.00 W, 71, 1860 MHz
2026/09/23 14:12:50.556, 0, 98 %, 88 %, 6161 MiB, 49140 MiB, 287.70 W, 300.00 W, 72, 2085 MHz
2026/09/23 14:12:51.558, 0, 97 %, 85 %, 6161 MiB, 49140 MiB, 285.88 W, 300.00 W, 72, 2145 MHz
2026/09/23 14:12:52.559, 0, 98 %, 89 %, 6161 MiB, 49140 MiB, 288.27 W, 300.00 W, 72, 1665 MHz
2026/09/23 14:12:53.559, 0, 90 %, 80 %, 6161 MiB, 49140 MiB, 287.54 W, 300.00 W, 71, 1830 MHz
2026/09/23 14:12:54.560, 0, 98 %, 87 %, 6161 MiB, 49140 MiB, 287.32 W, 300.00 W, 72, 1920 MHz
2026/09/23 14:12:55.561, 0, 97 %, 85 %, 6161 MiB, 49140 MiB, 284.16 W, 300.00 W, 73, 2070 MHz
2026/09/23 14:12:56.563, 0, 97 %, 87 %, 6161 MiB, 49140 MiB, 287.67 W, 300.00 W, 72, 1650 MHz
2026/09/23 14:12:57.563, 0, 97 %, 83 %, 6161 MiB, 49140 MiB, 289.17 W, 300.00 W, 72, 2145 MHz
2026/09/23 14:12:58.565, 0, 97 %, 87 %, 6161 MiB, 49140 MiB, 285.91 W, 300.00 W, 72, 2040 MHz
2026/09/23 14:12:59.566, 0, 97 %, 83 %, 6161 MiB, 49140 MiB, 286.87 W, 300.00 W, 73, 1815 MHz
2026/09/23 14:13:00.567, 0, 95 %, 84 %, 6161 MiB, 49140 MiB, 288.61 W, 300.00 W, 72, 2100 MHz
2026/09/23 14:13:01.568, 0, 98 %, 87 %, 6161 MiB, 49140 MiB, 288.23 W, 300.00 W, 72, 2010 MHz
2026/09/23 14:13:02.569, 0, 97 %, 85 %, 6161 MiB, 49140 MiB, 287.33 W, 300.00 W, 73, 1695 MHz
2026/09/23 14:13:03.570, 0, 97 %, 87 %, 6161 MiB, 49140 MiB, 287.00 W, 300.00 W, 72, 1830 MHz
2026/09/23 14:13:04.571, 0, 96 %, 83 %, 6161 MiB, 49140 MiB, 288.71 W, 300.00 W, 73, 1905 MHz
2026/09/23 14:13:05.572, 0, 84 %, 61 %, 6161 MiB, 49140 MiB, 289.37 W, 300.00 W, 74, 1755 MHz
2026/09/23 14:13:06.572, 0, 9 %, 0 %, 6161 MiB, 49140 MiB, 166.43 W, 300.00 W, 67, 2730 MHz
2026/09/23 14:13:07.573, 0, 0 %, 0 %, 6161 MiB, 49140 MiB, 98.03 W, 300.00 W, 68, 2355 MHz
2026/09/23 14:13:08.574, 0, 96 %, 85 %, 6161 MiB, 49140 MiB, 287.22 W, 300.00 W, 71, 2115 MHz
2026/09/23 14:13:09.575, 0, 98 %, 83 %, 6161 MiB, 49140 MiB, 286.82 W, 300.00 W, 73, 1725 MHz
2026/09/23 14:13:10.576, 0, 97 %, 86 %, 6161 MiB, 49140 MiB, 286.94 W, 300.00 W, 71, 2160 MHz
2026/09/23 14:13:11.577, 0, 96 %, 86 %, 6161 MiB, 49140 MiB, 286.26 W, 300.00 W, 71, 1965 MHz
2026/09/23 14:13:12.578, 0, 97 %, 82 %, 6161 MiB, 49140 MiB, 286.45 W, 300.00 W, 73, 1725 MHz
2026/09/23 14:13:13.579, 0, 94 %, 83 %, 6161 MiB, 49140 MiB, 286.25 W, 300.00 W, 71, 2115 MHz
2026/09/23 14:13:14.580, 0, 96 %, 85 %, 6161 MiB, 49140 MiB, 288.49 W, 300.00 W, 72, 1920 MHz
2026/09/23 14:13:15.581, 0, 97 %, 86 %, 6161 MiB, 49140 MiB, 287.29 W, 300.00 W, 72, 1845 MHz
2026/09/23 14:13:16.581, 0, 94 %, 84 %, 6161 MiB, 49140 MiB, 286.34 W, 300.00 W, 73, 1875 MHz
2026/09/23 14:13:17.583, 0, 89 %, 79 %, 6161 MiB, 49140 MiB, 287.83 W, 300.00 W, 71, 2115 MHz
2026/09/23 14:13:18.583, 0, 98 %, 89 %, 6161 MiB, 49140 MiB, 286.33 W, 300.00 W, 72, 1980 MHz
2026/09/23 14:13:19.584, 0, 98 %, 86 %, 6161 MiB, 49140 MiB, 287.01 W, 300.00 W, 73, 1620 MHz
2026/09/23 14:13:20.585, 0, 97 %, 86 %, 6161 MiB, 49140 MiB, 287.15 W, 300.00 W, 72, 2010 MHz
2026/09/23 14:13:21.586, 0, 98 %, 83 %, 6161 MiB, 49140 MiB, 288.37 W, 300.00 W, 73, 1935 MHz
2026/09/23 14:13:22.587, 0, 97 %, 86 %, 6161 MiB, 49140 MiB, 286.19 W, 300.00 W, 72, 1965 MHz
2026/09/23 14:13:23.587, 0, 97 %, 81 %, 6161 MiB, 49140 MiB, 287.65 W, 300.00 W, 73, 1770 MHz
2026/09/23 14:13:24.589, 0, 97 %, 87 %, 6161 MiB, 49140 MiB, 287.18 W, 300.00 W, 71, 2145 MHz
2026/09/23 14:13:25.591, 0, 97 %, 87 %, 6161 MiB, 49140 MiB, 289.54 W, 300.00 W, 72, 2040 MHz
2026/09/23 14:13:26.591, 0, 97 %, 85 %, 6161 MiB, 49140 MiB, 287.02 W, 300.00 W, 73, 1785 MHz
2026/09/23 14:13:27.594, 0, 98 %, 87 %, 6161 MiB, 49140 MiB, 288.63 W, 300.00 W, 72, 1935 MHz
2026/09/23 14:13:28.594, 0, 96 %, 81 %, 6161 MiB, 49140 MiB, 287.30 W, 300.00 W, 71, 2085 MHz
2026/09/23 14:13:29.595, 0, 97 %, 88 %, 6161 MiB, 49140 MiB, 287.78 W, 300.00 W, 72, 2040 MHz
2026/09/23 14:13:30.596, 0, 91 %, 66 %, 6161 MiB, 49140 MiB, 294.44 W, 300.00 W, 73, 1695 MHz
2026/09/23 14:13:31.596, 0, 0 %, 0 %, 6161 MiB, 49140 MiB, 118.32 W, 300.00 W, 66, 2580 MHz
2026/09/23 14:13:32.597, 0, 0 %, 0 %, 6161 MiB, 49140 MiB, 127.04 W, 300.00 W, 71, 2040 MHz
2026/09/23 14:13:33.598, 0, 98 %, 85 %, 6161 MiB, 49140 MiB, 286.91 W, 300.00 W, 72, 1830 MHz
2026/09/23 14:13:34.598, 0, 94 %, 84 %, 6161 MiB, 49140 MiB, 286.54 W, 300.00 W, 71, 2145 MHz
2026/09/23 14:13:35.599, 0, 97 %, 86 %, 6161 MiB, 49140 MiB, 287.88 W, 300.00 W, 71, 1995 MHz
2026/09/23 14:13:36.601, 0, 97 %, 81 %, 6161 MiB, 49140 MiB, 287.15 W, 300.00 W, 73, 1800 MHz
2026/09/23 14:13:37.602, 0, 96 %, 85 %, 6161 MiB, 49140 MiB, 288.20 W, 300.00 W, 71, 2145 MHz
2026/09/23 14:13:38.603, 0, 97 %, 87 %, 6161 MiB, 49140 MiB, 287.67 W, 300.00 W, 72, 1995 MHz
2026/09/23 14:13:39.603, 0, 97 %, 86 %, 6161 MiB, 49140 MiB, 285.38 W, 300.00 W, 72, 1920 MHz
2026/09/23 14:13:40.604, 0, 97 %, 87 %, 6161 MiB, 49140 MiB, 288.28 W, 300.00 W, 72, 1920 MHz
2026/09/23 14:13:41.605, 0, 96 %, 81 %, 6161 MiB, 49140 MiB, 289.12 W, 300.00 W, 73, 1830 MHz
2026/09/23 14:13:42.605, 0, 97 %, 86 %, 6161 MiB, 49140 MiB, 284.77 W, 300.00 W, 72, 2160 MHz
2026/09/23 14:13:43.607, 0, 96 %, 84 %, 6161 MiB, 49140 MiB, 286.62 W, 300.00 W, 73, 1650 MHz
2026/09/23 14:13:44.607, 0, 98 %, 87 %, 6161 MiB, 49140 MiB, 288.63 W, 300.00 W, 71, 2220 MHz
2026/09/23 14:13:45.608, 0, 98 %, 87 %, 6161 MiB, 49140 MiB, 287.84 W, 300.00 W, 73, 1740 MHz
2026/09/23 14:13:46.609, 0, 98 %, 87 %, 6161 MiB, 49140 MiB, 287.98 W, 300.00 W, 72, 1755 MHz
2026/09/23 14:13:47.610, 0, 97 %, 86 %, 6161 MiB, 49140 MiB, 288.26 W, 300.00 W, 73, 2115 MHz
2026/09/23 14:13:48.611, 0, 98 %, 85 %, 6161 MiB, 49140 MiB, 289.33 W, 300.00 W, 73, 2055 MHz
2026/09/23 14:13:49.611, 0, 96 %, 86 %, 6161 MiB, 49140 MiB, 287.13 W, 300.00 W, 72, 1650 MHz
2026/09/23 14:13:50.612, 0, 98 %, 84 %, 6161 MiB, 49140 MiB, 287.58 W, 300.00 W, 73, 2175 MHz
2026/09/23 14:13:51.614, 0, 93 %, 83 %, 6161 MiB, 49140 MiB, 286.66 W, 300.00 W, 71, 1920 MHz
2026/09/23 14:13:52.614, 0, 97 %, 87 %, 6161 MiB, 49140 MiB, 288.34 W, 300.00 W, 73, 2070 MHz
2026/09/23 14:13:53.615, 0, 97 %, 87 %, 6161 MiB, 49140 MiB, 287.41 W, 300.00 W, 73, 1800 MHz
2026/09/23 14:13:54.616, 0, 98 %, 88 %, 6161 MiB, 49140 MiB, 288.94 W, 300.00 W, 73, 1665 MHz
2026/09/23 14:13:55.617, 0, 94 %, 68 %, 6161 MiB, 49140 MiB, 274.01 W, 300.00 W, 68, 2730 MHz
2026/09/23 14:13:56.618, 0, 0 %, 0 %, 6161 MiB, 49140 MiB, 86.42 W, 300.00 W, 66, 2730 MHz
2026/09/23 14:13:57.619, 0, 95 %, 90 %, 6161 MiB, 49140 MiB, 185.04 W, 300.00 W, 71, 1830 MHz
2026/09/23 14:13:58.620, 0, 97 %, 87 %, 6161 MiB, 49140 MiB, 286.53 W, 300.00 W, 72, 2145 MHz
2026/09/23 14:13:59.621, 0, 96 %, 86 %, 6161 MiB, 49140 MiB, 288.12 W, 300.00 W, 71, 2175 MHz
2026/09/23 14:14:00.622, 0, 97 %, 87 %, 6161 MiB, 49140 MiB, 286.62 W, 300.00 W, 71, 1635 MHz
2026/09/23 14:14:01.622, 0, 98 %, 81 %, 6161 MiB, 49140 MiB, 286.53 W, 300.00 W, 73, 2130 MHz
2026/09/23 14:14:02.623, 0, 96 %, 85 %, 6161 MiB, 49140 MiB, 287.96 W, 300.00 W, 71, 2010 MHz
2026/09/23 14:14:03.624, 0, 97 %, 87 %, 6161 MiB, 49140 MiB, 287.66 W, 300.00 W, 71, 1740 MHz
2026/09/23 14:14:04.625, 0, 97 %, 84 %, 6161 MiB, 49140 MiB, 286.53 W, 300.00 W, 73, 2010 MHz
2026/09/23 14:14:05.625, 0, 95 %, 84 %, 6161 MiB, 49140 MiB, 286.99 W, 300.00 W, 71, 1770 MHz
2026/09/23 14:14:06.626, 0, 97 %, 87 %, 6161 MiB, 49140 MiB, 288.11 W, 300.00 W, 72, 2025 MHz
2026/09/23 14:14:07.627, 0, 98 %, 87 %, 6161 MiB, 49140 MiB, 286.54 W, 300.00 W, 72, 1815 MHz
2026/09/23 14:14:08.628, 0, 97 %, 87 %, 6161 MiB, 49140 MiB, 288.87 W, 300.00 W, 72, 2055 MHz
2026/09/23 14:14:09.628, 0, 98 %, 82 %, 6161 MiB, 49140 MiB, 289.94 W, 300.00 W, 73, 1980 MHz
2026/09/23 14:14:10.629, 0, 97 %, 87 %, 6161 MiB, 49140 MiB, 287.83 W, 300.00 W, 72, 1680 MHz
2026/09/23 14:14:11.630, 0, 97 %, 82 %, 6161 MiB, 49140 MiB, 286.35 W, 300.00 W, 73, 2055 MHz
2026/09/23 14:14:12.631, 0, 96 %, 86 %, 6161 MiB, 49140 MiB, 286.65 W, 300.00 W, 71, 1770 MHz
2026/09/23 14:14:13.633, 0, 98 %, 88 %, 6161 MiB, 49140 MiB, 288.68 W, 300.00 W, 72, 1965 MHz
2026/09/23 14:14:14.634, 0, 93 %, 83 %, 6161 MiB, 49140 MiB, 286.75 W, 300.00 W, 72, 1710 MHz
2026/09/23 14:14:15.635, 0, 98 %, 84 %, 6161 MiB, 49140 MiB, 287.84 W, 300.00 W, 73, 2115 MHz
2026/09/23 14:14:16.635, 0, 94 %, 83 %, 6161 MiB, 49140 MiB, 288.19 W, 300.00 W, 71, 1860 MHz
2026/09/23 14:14:17.636, 0, 96 %, 86 %, 6161 MiB, 49140 MiB, 289.15 W, 300.00 W, 73, 1995 MHz
2026/09/23 14:14:18.639, 0, 97 %, 86 %, 6161 MiB, 49140 MiB, 286.56 W, 300.00 W, 72, 1680 MHz
2026/09/23 14:14:19.640, 0, 97 %, 81 %, 6161 MiB, 49140 MiB, 289.89 W, 300.00 W, 74, 1650 MHz
2026/09/23 14:14:20.641, 0, 92 %, 64 %, 6161 MiB, 49140 MiB, 225.79 W, 300.00 W, 67, 2730 MHz
2026/09/23 14:14:21.641, 0, 85 %, 76 %, 6161 MiB, 49140 MiB, 196.88 W, 300.00 W, 71, 1995 MHz
2026/09/23 14:14:22.642, 0, 95 %, 86 %, 6161 MiB, 49140 MiB, 293.29 W, 300.00 W, 72, 1860 MHz
2026/09/23 14:14:23.643, 0, 97 %, 84 %, 6161 MiB, 49140 MiB, 291.33 W, 300.00 W, 73, 1905 MHz
2026/09/23 14:14:24.643, 0, 97 %, 85 %, 6161 MiB, 49140 MiB, 288.22 W, 300.00 W, 72, 2025 MHz
2026/09/23 14:14:25.644, 0, 96 %, 82 %, 6161 MiB, 49140 MiB, 289.02 W, 300.00 W, 73, 1890 MHz
2026/09/23 14:14:26.645, 0, 98 %, 87 %, 6161 MiB, 49140 MiB, 287.06 W, 300.00 W, 72, 1635 MHz
2026/09/23 14:14:27.646, 0, 97 %, 82 %, 6161 MiB, 49140 MiB, 287.50 W, 300.00 W, 74, 2100 MHz
2026/09/23 14:14:28.647, 0, 95 %, 83 %, 6161 MiB, 49140 MiB, 289.69 W, 300.00 W, 71, 1785 MHz
2026/09/23 14:14:29.648, 0, 98 %, 87 %, 6161 MiB, 49140 MiB, 288.47 W, 300.00 W, 73, 1950 MHz
2026/09/23 14:14:30.649, 0, 96 %, 86 %, 6161 MiB, 49140 MiB, 286.44 W, 300.00 W, 73, 1680 MHz
2026/09/23 14:14:31.650, 0, 97 %, 81 %, 6161 MiB, 49140 MiB, 287.45 W, 300.00 W, 74, 2085 MHz
2026/09/23 14:14:32.651, 0, 95 %, 85 %, 6161 MiB, 49140 MiB, 288.61 W, 300.00 W, 71, 1860 MHz
2026/09/23 14:14:33.655, 0, 98 %, 88 %, 6161 MiB, 49140 MiB, 288.45 W, 300.00 W, 73, 1980 MHz
2026/09/23 14:14:34.656, 0, 98 %, 87 %, 6161 MiB, 49140 MiB, 285.70 W, 300.00 W, 73, 1680 MHz
2026/09/23 14:14:35.657, 0, 97 %, 82 %, 6161 MiB, 49140 MiB, 288.43 W, 300.00 W, 74, 1710 MHz
2026/09/23 14:14:36.657, 0, 97 %, 86 %, 6161 MiB, 49140 MiB, 288.83 W, 300.00 W, 71, 2010 MHz
2026/09/23 14:14:37.658, 0, 98 %, 87 %, 6161 MiB, 49140 MiB, 289.05 W, 300.00 W, 73, 1740 MHz
2026/09/23 14:14:38.659, 0, 95 %, 84 %, 6161 MiB, 49140 MiB, 286.05 W, 300.00 W, 72, 2160 MHz
2026/09/23 14:14:39.660, 0, 95 %, 84 %, 6161 MiB, 49140 MiB, 287.06 W, 300.00 W, 74, 1725 MHz
2026/09/23 14:14:40.661, 0, 94 %, 83 %, 6161 MiB, 49140 MiB, 287.56 W, 300.00 W, 72, 1950 MHz
2026/09/23 14:14:41.661, 0, 96 %, 84 %, 6161 MiB, 49140 MiB, 288.92 W, 300.00 W, 73, 1605 MHz
2026/09/23 14:14:42.662, 0, 96 %, 86 %, 6161 MiB, 49140 MiB, 286.02 W, 300.00 W, 72, 1800 MHz
2026/09/23 14:14:43.663, 0, 97 %, 85 %, 6161 MiB, 49140 MiB, 288.70 W, 300.00 W, 74, 1710 MHz
2026/09/23 14:14:44.664, 0, 92 %, 64 %, 6161 MiB, 49140 MiB, 229.92 W, 300.00 W, 67, 2730 MHz
2026/09/23 14:14:45.664, 0, 0 %, 0 %, 6161 MiB, 49140 MiB, 87.06 W, 300.00 W, 67, 2745 MHz
2026/09/23 14:14:46.665, 0, 97 %, 84 %, 6161 MiB, 49140 MiB, 208.49 W, 300.00 W, 73, 2235 MHz
2026/09/23 14:14:47.666, 0, 98 %, 87 %, 6161 MiB, 49140 MiB, 285.73 W, 300.00 W, 72, 2025 MHz
2026/09/23 14:14:48.667, 0, 96 %, 86 %, 6161 MiB, 49140 MiB, 288.58 W, 300.00 W, 72, 1815 MHz
2026/09/23 14:14:49.668, 0, 98 %, 87 %, 6161 MiB, 49140 MiB, 287.83 W, 300.00 W, 72, 1860 MHz
2026/09/23 14:14:50.672, 0, 97 %, 81 %, 6161 MiB, 49140 MiB, 286.94 W, 300.00 W, 74, 1965 MHz
2026/09/23 14:14:51.673, 0, 97 %, 87 %, 6161 MiB, 49140 MiB, 285.12 W, 300.00 W, 73, 2025 MHz
2026/09/23 14:14:52.675, 0, 94 %, 83 %, 6161 MiB, 49140 MiB, 289.31 W, 300.00 W, 72, 2010 MHz
2026/09/23 14:14:53.675, 0, 97 %, 86 %, 6161 MiB, 49140 MiB, 286.85 W, 300.00 W, 72, 1920 MHz
2026/09/23 14:14:54.676, 0, 97 %, 84 %, 6161 MiB, 49140 MiB, 287.96 W, 300.00 W, 73, 2010 MHz
2026/09/23 14:14:55.677, 0, 98 %, 87 %, 6161 MiB, 49140 MiB, 287.61 W, 300.00 W, 72, 2070 MHz
2026/09/23 14:14:56.678, 0, 97 %, 86 %, 6161 MiB, 49140 MiB, 288.96 W, 300.00 W, 73, 1740 MHz
2026/09/23 14:14:57.679, 0, 96 %, 85 %, 6161 MiB, 49140 MiB, 286.76 W, 300.00 W, 72, 1845 MHz
2026/09/23 14:14:58.681, 0, 96 %, 83 %, 6161 MiB, 49140 MiB, 288.38 W, 300.00 W, 74, 2070 MHz
2026/09/23 14:14:59.682, 0, 97 %, 87 %, 6161 MiB, 49140 MiB, 289.06 W, 300.00 W, 72, 2025 MHz
2026/09/23 14:15:00.683, 0, 96 %, 82 %, 6161 MiB, 49140 MiB, 289.18 W, 300.00 W, 73, 1680 MHz
2026/09/23 14:15:01.684, 0, 96 %, 85 %, 6161 MiB, 49140 MiB, 287.77 W, 300.00 W, 72, 1800 MHz
2026/09/23 14:15:02.684, 0, 97 %, 84 %, 6161 MiB, 49140 MiB, 288.36 W, 300.00 W, 73, 2145 MHz
2026/09/23 14:15:03.685, 0, 98 %, 87 %, 6161 MiB, 49140 MiB, 288.11 W, 300.00 W, 73, 2010 MHz
2026/09/23 14:15:04.686, 0, 96 %, 86 %, 6161 MiB, 49140 MiB, 288.79 W, 300.00 W, 72, 1965 MHz
2026/09/23 14:15:05.687, 0, 96 %, 86 %, 6161 MiB, 49140 MiB, 286.12 W, 300.00 W, 72, 1770 MHz
2026/09/23 14:15:06.688, 0, 97 %, 85 %, 6161 MiB, 49140 MiB, 287.43 W, 300.00 W, 73, 2160 MHz
2026/09/23 14:15:07.688, 0, 95 %, 84 %, 6161 MiB, 49140 MiB, 288.45 W, 300.00 W, 73, 1980 MHz
2026/09/23 14:15:08.690, 0, 96 %, 82 %, 6161 MiB, 49140 MiB, 289.23 W, 300.00 W, 74, 1725 MHz
2026/09/23 14:15:09.691, 0, 95 %, 67 %, 6161 MiB, 49140 MiB, 187.52 W, 300.00 W, 67, 2745 MHz
2026/09/23 14:15:10.691, 0, 0 %, 0 %, 6161 MiB, 49140 MiB, 88.03 W, 300.00 W, 66, 2745 MHz
2026/09/23 14:15:11.692, 0, 96 %, 86 %, 6161 MiB, 49140 MiB, 220.69 W, 300.00 W, 72, 2010 MHz
2026/09/23 14:15:12.693, 0, 97 %, 85 %, 6161 MiB, 49140 MiB, 287.55 W, 300.00 W, 70, 2055 MHz
2026/09/23 14:15:13.695, 0, 98 %, 88 %, 6161 MiB, 49140 MiB, 285.26 W, 300.00 W, 72, 1785 MHz
2026/09/23 14:15:14.696, 0, 98 %, 82 %, 6161 MiB, 49140 MiB, 286.47 W, 300.00 W, 72, 2130 MHz
2026/09/23 14:15:15.697, 0, 96 %, 88 %, 6161 MiB, 49140 MiB, 286.21 W, 300.00 W, 73, 1755 MHz
2026/09/23 14:15:16.697, 0, 96 %, 82 %, 6161 MiB, 49140 MiB, 288.33 W, 300.00 W, 71, 1920 MHz
2026/09/23 14:15:17.698, 0, 98 %, 87 %, 6161 MiB, 49140 MiB, 287.54 W, 300.00 W, 72, 1620 MHz
2026/09/23 14:15:18.699, 0, 97 %, 82 %, 6161 MiB, 49140 MiB, 286.20 W, 300.00 W, 72, 2130 MHz
2026/09/23 14:15:19.700, 0, 97 %, 87 %, 6161 MiB, 49140 MiB, 286.61 W, 300.00 W, 74, 1980 MHz
2026/09/23 14:15:20.701, 0, 97 %, 83 %, 6161 MiB, 49140 MiB, 289.05 W, 300.00 W, 71, 2010 MHz
2026/09/23 14:15:21.702, 0, 97 %, 86 %, 6161 MiB, 49140 MiB, 288.12 W, 300.00 W, 72, 1695 MHz
2026/09/23 14:15:22.703, 0, 98 %, 81 %, 6161 MiB, 49140 MiB, 287.45 W, 300.00 W, 73, 2115 MHz
2026/09/23 14:15:23.704, 0, 97 %, 86 %, 6161 MiB, 49140 MiB, 289.34 W, 300.00 W, 72, 2040 MHz
2026/09/23 14:15:24.704, 0, 96 %, 82 %, 6161 MiB, 49140 MiB, 286.25 W, 300.00 W, 71, 1680 MHz
2026/09/23 14:15:25.706, 0, 97 %, 86 %, 6161 MiB, 49140 MiB, 287.38 W, 300.00 W, 73, 1875 MHz
2026/09/23 14:15:26.706, 0, 97 %, 85 %, 6161 MiB, 49140 MiB, 286.43 W, 300.00 W, 73, 1920 MHz
2026/09/23 14:15:27.707, 0, 98 %, 89 %, 6161 MiB, 49140 MiB, 288.81 W, 300.00 W, 74, 1965 MHz
2026/09/23 14:15:28.708, 0, 98 %, 84 %, 6161 MiB, 49140 MiB, 289.71 W, 300.00 W, 71, 1680 MHz
2026/09/23 14:15:29.712, 0, 98 %, 87 %, 6161 MiB, 49140 MiB, 288.13 W, 300.00 W, 72, 2145 MHz
2026/09/23 14:15:30.713, 0, 98 %, 81 %, 6161 MiB, 49140 MiB, 287.66 W, 300.00 W, 73, 1965 MHz
2026/09/23 14:15:31.714, 0, 95 %, 85 %, 6161 MiB, 49140 MiB, 288.43 W, 300.00 W, 73, 1995 MHz
2026/09/23 14:15:32.714, 0, 98 %, 84 %, 6161 MiB, 49140 MiB, 287.91 W, 300.00 W, 72, 1740 MHz
2026/09/23 14:15:33.716, 0, 89 %, 64 %, 6161 MiB, 49140 MiB, 287.73 W, 300.00 W, 73, 1665 MHz
2026/09/23 14:15:34.716, 0, 10 %, 0 %, 6161 MiB, 49140 MiB, 166.01 W, 300.00 W, 67, 2745 MHz
2026/09/23 14:15:35.717, 0, 0 %, 0 %, 6161 MiB, 49140 MiB, 102.67 W, 300.00 W, 70, 2010 MHz
2026/09/23 14:15:36.719, 0, 97 %, 82 %, 6161 MiB, 49140 MiB, 294.79 W, 300.00 W, 72, 2025 MHz
2026/09/23 14:15:37.719, 0, 95 %, 85 %, 6161 MiB, 49140 MiB, 289.17 W, 300.00 W, 72, 2040 MHz
2026/09/23 14:15:38.721, 0, 97 %, 85 %, 6161 MiB, 49140 MiB, 287.96 W, 300.00 W, 72, 1815 MHz
2026/09/23 14:15:39.721, 0, 96 %, 85 %, 6161 MiB, 49140 MiB, 285.32 W, 300.00 W, 72, 2145 MHz
2026/09/23 14:15:40.722, 0, 98 %, 83 %, 6161 MiB, 49140 MiB, 286.92 W, 300.00 W, 73, 2055 MHz
2026/09/23 14:15:41.723, 0, 95 %, 85 %, 6161 MiB, 49140 MiB, 288.06 W, 300.00 W, 72, 1830 MHz
2026/09/23 14:15:42.724, 0, 97 %, 87 %, 6161 MiB, 49140 MiB, 288.50 W, 300.00 W, 73, 1815 MHz
2026/09/23 14:15:43.724, 0, 98 %, 85 %, 6161 MiB, 49140 MiB, 287.54 W, 300.00 W, 72, 1965 MHz
2026/09/23 14:15:44.725, 0, 98 %, 89 %, 6161 MiB, 49140 MiB, 288.68 W, 300.00 W, 74, 1905 MHz
2026/09/23 14:15:45.726, 0, 97 %, 83 %, 6161 MiB, 49140 MiB, 289.01 W, 300.00 W, 71, 1620 MHz
2026/09/23 14:15:46.727, 0, 97 %, 87 %, 6161 MiB, 49140 MiB, 288.24 W, 300.00 W, 73, 2085 MHz
2026/09/23 14:15:47.727, 0, 98 %, 81 %, 6161 MiB, 49140 MiB, 288.68 W, 300.00 W, 73, 1890 MHz
2026/09/23 14:15:48.731, 0, 95 %, 84 %, 6161 MiB, 49140 MiB, 287.94 W, 300.00 W, 73, 2040 MHz
2026/09/23 14:15:49.731, 0, 97 %, 84 %, 6161 MiB, 49140 MiB, 289.16 W, 300.00 W, 72, 1815 MHz
2026/09/23 14:15:50.733, 0, 98 %, 87 %, 6161 MiB, 49140 MiB, 287.54 W, 300.00 W, 72, 2115 MHz
2026/09/23 14:15:51.733, 0, 98 %, 84 %, 6161 MiB, 49140 MiB, 288.23 W, 300.00 W, 73, 2040 MHz
2026/09/23 14:15:52.734, 0, 95 %, 85 %, 6161 MiB, 49140 MiB, 287.94 W, 300.00 W, 73, 1830 MHz
2026/09/23 14:15:53.735, 0, 95 %, 85 %, 6161 MiB, 49140 MiB, 288.73 W, 300.00 W, 73, 1785 MHz
2026/09/23 14:15:54.735, 0, 98 %, 87 %, 6161 MiB, 49140 MiB, 288.02 W, 300.00 W, 72, 2040 MHz
2026/09/23 14:15:55.736, 0, 97 %, 86 %, 6161 MiB, 49140 MiB, 288.72 W, 300.00 W, 74, 2100 MHz
2026/09/23 14:15:56.736, 0, 96 %, 83 %, 6161 MiB, 49140 MiB, 288.68 W, 300.00 W, 72, 1650 MHz
2026/09/23 14:15:57.738, 0, 96 %, 86 %, 6161 MiB, 49140 MiB, 288.65 W, 300.00 W, 73, 1965 MHz
2026/09/23 14:15:58.739, 0, 94 %, 64 %, 6161 MiB, 49140 MiB, 295.82 W, 300.00 W, 74, 1680 MHz
2026/09/23 14:15:59.739, 0, 0 %, 0 %, 6161 MiB, 49140 MiB, 125.31 W, 300.00 W, 67, 2730 MHz
2026/09/23 14:16:00.740, 0, 0 %, 0 %, 6161 MiB, 49140 MiB, 145.56 W, 300.00 W, 71, 1815 MHz
2026/09/23 14:16:01.741, 0, 97 %, 88 %, 6161 MiB, 49140 MiB, 288.10 W, 300.00 W, 72, 1830 MHz
2026/09/23 14:16:02.743, 0, 95 %, 85 %, 6161 MiB, 49140 MiB, 284.82 W, 300.00 W, 72, 2160 MHz
2026/09/23 14:16:03.744, 0, 97 %, 84 %, 6161 MiB, 49140 MiB, 287.27 W, 300.00 W, 73, 2055 MHz
2026/09/23 14:16:04.744, 0, 95 %, 84 %, 6161 MiB, 49140 MiB, 285.56 W, 300.00 W, 72, 1980 MHz
2026/09/23 14:16:05.746, 0, 98 %, 87 %, 6161 MiB, 49140 MiB, 289.01 W, 300.00 W, 72, 1815 MHz
2026/09/23 14:16:06.746, 0, 98 %, 87 %, 6161 MiB, 49140 MiB, 287.57 W, 300.00 W, 72, 2010 MHz
2026/09/23 14:16:07.749, 0, 98 %, 88 %, 6161 MiB, 49140 MiB, 288.46 W, 300.00 W, 74, 1935 MHz
2026/09/23 14:16:08.750, 0, 96 %, 82 %, 6161 MiB, 49140 MiB, 288.80 W, 300.00 W, 71, 1740 MHz
2026/09/23 14:16:09.750, 0, 98 %, 88 %, 6161 MiB, 49140 MiB, 288.19 W, 300.00 W, 72, 2130 MHz
2026/09/23 14:16:10.751, 0, 98 %, 83 %, 6161 MiB, 49140 MiB, 287.26 W, 300.00 W, 73, 2070 MHz
2026/09/23 14:16:11.752, 0, 94 %, 83 %, 6161 MiB, 49140 MiB, 285.95 W, 300.00 W, 73, 1980 MHz
2026/09/23 14:16:12.753, 0, 97 %, 83 %, 6161 MiB, 49140 MiB, 288.49 W, 300.00 W, 71, 1650 MHz
2026/09/23 14:16:13.754, 0, 97 %, 86 %, 6161 MiB, 49140 MiB, 287.70 W, 300.00 W, 72, 1740 MHz
2026/09/23 14:16:14.755, 0, 98 %, 81 %, 6161 MiB, 49140 MiB, 286.61 W, 300.00 W, 72, 2010 MHz
2026/09/23 14:16:15.758, 0, 96 %, 87 %, 6161 MiB, 49140 MiB, 286.51 W, 300.00 W, 73, 1635 MHz
2026/09/23 14:16:16.758, 0, 97 %, 83 %, 6161 MiB, 49140 MiB, 288.15 W, 300.00 W, 71, 2010 MHz
2026/09/23 14:16:17.759, 0, 98 %, 87 %, 6161 MiB, 49140 MiB, 288.11 W, 300.00 W, 73, 1785 MHz
2026/09/23 14:16:18.760, 0, 95 %, 79 %, 6161 MiB, 49140 MiB, 287.73 W, 300.00 W, 72, 1965 MHz
2026/09/23 14:16:19.760, 0, 95 %, 85 %, 6161 MiB, 49140 MiB, 287.52 W, 300.00 W, 73, 1665 MHz
2026/09/23 14:16:20.762, 0, 88 %, 78 %, 6161 MiB, 49140 MiB, 285.89 W, 300.00 W, 72, 1800 MHz
2026/09/23 14:16:21.762, 0, 97 %, 88 %, 6161 MiB, 49140 MiB, 288.62 W, 300.00 W, 73, 2025 MHz
2026/09/23 14:16:22.763, 0, 97 %, 85 %, 6161 MiB, 49140 MiB, 287.59 W, 300.00 W, 74, 1695 MHz
2026/09/23 14:16:23.764, 0, 90 %, 63 %, 6161 MiB, 49140 MiB, 279.84 W, 300.00 W, 70, 2730 MHz
2026/09/23 14:16:24.764, 0, 0 %, 0 %, 6161 MiB, 49140 MiB, 89.17 W, 300.00 W, 67, 2745 MHz
2026/09/23 14:16:25.765, 0, 0 %, 0 %, 6161 MiB, 49140 MiB, 174.81 W, 300.00 W, 71, 1665 MHz
2026/09/23 14:16:26.766, 0, 97 %, 83 %, 6161 MiB, 49140 MiB, 288.97 W, 300.00 W, 72, 2100 MHz
2026/09/23 14:16:27.767, 0, 98 %, 89 %, 6161 MiB, 49140 MiB, 286.35 W, 300.00 W, 72, 1815 MHz
2026/09/23 14:16:28.768, 0, 97 %, 81 %, 6161 MiB, 49140 MiB, 287.29 W, 300.00 W, 74, 2010 MHz
2026/09/23 14:16:29.770, 0, 95 %, 86 %, 6161 MiB, 49140 MiB, 287.62 W, 300.00 W, 71, 1800 MHz
2026/09/23 14:16:30.772, 0, 97 %, 87 %, 6161 MiB, 49140 MiB, 288.07 W, 300.00 W, 72, 2175 MHz
2026/09/23 14:16:31.773, 0, 96 %, 87 %, 6161 MiB, 49140 MiB, 286.90 W, 300.00 W, 72, 1995 MHz
2026/09/23 14:16:32.774, 0, 97 %, 83 %, 6161 MiB, 49140 MiB, 288.37 W, 300.00 W, 73, 1785 MHz
2026/09/23 14:16:33.775, 0, 95 %, 84 %, 6161 MiB, 49140 MiB, 288.63 W, 300.00 W, 71, 1800 MHz
2026/09/23 14:16:34.776, 0, 98 %, 87 %, 6161 MiB, 49140 MiB, 289.16 W, 300.00 W, 72, 2160 MHz
2026/09/23 14:16:35.777, 0, 97 %, 86 %, 6161 MiB, 49140 MiB, 286.73 W, 300.00 W, 72, 2055 MHz
2026/09/23 14:16:36.778, 0, 98 %, 87 %, 6161 MiB, 49140 MiB, 287.57 W, 300.00 W, 73, 1860 MHz
2026/09/23 14:16:37.780, 0, 95 %, 83 %, 6161 MiB, 49140 MiB, 289.33 W, 300.00 W, 72, 1815 MHz
2026/09/23 14:16:38.780, 0, 97 %, 87 %, 6161 MiB, 49140 MiB, 288.72 W, 300.00 W, 72, 1995 MHz
2026/09/23 14:16:39.781, 0, 98 %, 85 %, 6161 MiB, 49140 MiB, 285.78 W, 300.00 W, 73, 2115 MHz
2026/09/23 14:16:40.782, 0, 98 %, 88 %, 6161 MiB, 49140 MiB, 287.40 W, 300.00 W, 73, 1785 MHz
2026/09/23 14:16:41.783, 0, 97 %, 83 %, 6161 MiB, 49140 MiB, 288.81 W, 300.00 W, 72, 1785 MHz
2026/09/23 14:16:42.784, 0, 98 %, 88 %, 6161 MiB, 49140 MiB, 287.78 W, 300.00 W, 72, 1965 MHz
2026/09/23 14:16:43.785, 0, 98 %, 83 %, 6161 MiB, 49140 MiB, 286.43 W, 300.00 W, 73, 1995 MHz
2026/09/23 14:16:44.786, 0, 97 %, 88 %, 6161 MiB, 49140 MiB, 288.62 W, 300.00 W, 73, 1680 MHz
2026/09/23 14:16:45.787, 0, 96 %, 82 %, 6161 MiB, 49140 MiB, 289.40 W, 300.00 W, 73, 1995 MHz
2026/09/23 14:16:46.789, 0, 97 %, 86 %, 6161 MiB, 49140 MiB, 288.41 W, 300.00 W, 72, 1965 MHz
2026/09/23 14:16:47.789, 0, 97 %, 83 %, 6161 MiB, 49140 MiB, 288.77 W, 300.00 W, 74, 1620 MHz
2026/09/23 14:16:48.791, 0, 92 %, 64 %, 6161 MiB, 49140 MiB, 244.39 W, 300.00 W, 67, 2730 MHz
2026/09/23 14:16:49.791, 0, 0 %, 0 %, 6161 MiB, 49140 MiB, 87.75 W, 300.00 W, 66, 2730 MHz
2026/09/23 14:16:50.794, 0, 96 %, 87 %, 6161 MiB, 49140 MiB, 208.38 W, 300.00 W, 70, 1725 MHz
2026/09/23 14:16:51.794, 0, 98 %, 87 %, 6161 MiB, 49140 MiB, 288.18 W, 300.00 W, 72, 2100 MHz
2026/09/23 14:16:52.795, 0, 98 %, 85 %, 6161 MiB, 49140 MiB, 285.13 W, 300.00 W, 72, 2220 MHz
2026/09/23 14:16:53.796, 0, 98 %, 89 %, 6161 MiB, 49140 MiB, 287.85 W, 300.00 W, 72, 1650 MHz
2026/09/23 14:16:54.797, 0, 95 %, 83 %, 6161 MiB, 49140 MiB, 288.83 W, 300.00 W, 72, 1965 MHz
2026/09/23 14:16:55.798, 0, 96 %, 85 %, 6161 MiB, 49140 MiB, 287.93 W, 300.00 W, 72, 1995 MHz
2026/09/23 14:16:56.798, 0, 98 %, 81 %, 6161 MiB, 49140 MiB, 286.77 W, 300.00 W, 73, 1950 MHz
2026/09/23 14:16:57.799, 0, 97 %, 88 %, 6161 MiB, 49140 MiB, 285.98 W, 300.00 W, 73, 1695 MHz
2026/09/23 14:16:58.802, 0, 95 %, 83 %, 6161 MiB, 49140 MiB, 287.29 W, 300.00 W, 71, 1860 MHz
2026/09/23 14:16:59.802, 0, 90 %, 81 %, 6161 MiB, 49140 MiB, 285.43 W, 300.00 W, 72, 2130 MHz
2026/09/23 14:17:00.803, 0, 96 %, 86 %, 6161 MiB, 49140 MiB, 286.71 W, 300.00 W, 72, 2025 MHz
2026/09/23 14:17:01.804, 0, 97 %, 81 %, 6161 MiB, 49140 MiB, 286.05 W, 300.00 W, 74, 1980 MHz
2026/09/23 14:17:02.805, 0, 95 %, 84 %, 6161 MiB, 49140 MiB, 286.07 W, 300.00 W, 72, 1605 MHz
2026/09/23 14:17:03.805, 0, 98 %, 84 %, 6161 MiB, 49140 MiB, 288.10 W, 300.00 W, 73, 1875 MHz
2026/09/23 14:17:04.806, 0, 97 %, 87 %, 6161 MiB, 49140 MiB, 286.08 W, 300.00 W, 72, 2040 MHz
2026/09/23 14:17:05.807, 0, 98 %, 86 %, 6161 MiB, 49140 MiB, 285.83 W, 300.00 W, 72, 2025 MHz
2026/09/23 14:17:06.809, 0, 97 %, 86 %, 6161 MiB, 49140 MiB, 288.70 W, 300.00 W, 73, 1845 MHz
2026/09/23 14:17:07.811, 0, 95 %, 83 %, 6161 MiB, 49140 MiB, 289.36 W, 300.00 W, 71, 2070 MHz
2026/09/23 14:17:08.812, 0, 95 %, 86 %, 6161 MiB, 49140 MiB, 287.57 W, 300.00 W, 73, 1935 MHz
2026/09/23 14:17:09.812, 0, 98 %, 87 %, 6161 MiB, 49140 MiB, 287.33 W, 300.00 W, 73, 2025 MHz
2026/09/23 14:17:10.813, 0, 98 %, 81 %, 6161 MiB, 49140 MiB, 286.80 W, 300.00 W, 73, 1650 MHz
2026/09/23 14:17:11.814, 0, 97 %, 88 %, 6161 MiB, 49140 MiB, 286.98 W, 300.00 W, 72, 2025 MHz
2026/09/23 14:17:12.815, 0, 97 %, 83 %, 6161 MiB, 49140 MiB, 291.95 W, 300.00 W, 74, 1695 MHz
2026/09/23 14:17:13.816, 0, 94 %, 66 %, 6161 MiB, 49140 MiB, 214.22 W, 300.00 W, 67, 2505 MHz
2026/09/23 14:17:14.817, 0, 0 %, 0 %, 6161 MiB, 49140 MiB, 72.31 W, 300.00 W, 66, 2505 MHz
2026/09/23 14:17:15.818, 0, 97 %, 88 %, 6161 MiB, 49140 MiB, 215.44 W, 300.00 W, 71, 2040 MHz
2026/09/23 14:17:16.819, 0, 98 %, 84 %, 6161 MiB, 49140 MiB, 287.78 W, 300.00 W, 72, 1845 MHz
2026/09/23 14:17:17.820, 0, 95 %, 83 %, 6161 MiB, 49140 MiB, 288.52 W, 300.00 W, 72, 1950 MHz
2026/09/23 14:17:18.820, 0, 97 %, 87 %, 6161 MiB, 49140 MiB, 287.38 W, 300.00 W, 71, 1950 MHz
2026/09/23 14:17:19.821, 0, 98 %, 87 %, 6161 MiB, 49140 MiB, 284.94 W, 300.00 W, 72, 1725 MHz
2026/09/23 14:17:20.822, 0, 98 %, 89 %, 6161 MiB, 49140 MiB, 288.26 W, 300.00 W, 72, 1800 MHz
2026/09/23 14:17:21.823, 0, 96 %, 83 %, 6161 MiB, 49140 MiB, 289.18 W, 300.00 W, 72, 1980 MHz
2026/09/23 14:17:22.823, 0, 98 %, 87 %, 6161 MiB, 49140 MiB, 287.73 W, 300.00 W, 72, 1965 MHz
2026/09/23 14:17:23.825, 0, 98 %, 82 %, 6161 MiB, 49140 MiB, 286.94 W, 300.00 W, 73, 1620 MHz
2026/09/23 14:17:24.826, 0, 97 %, 88 %, 6161 MiB, 49140 MiB, 289.49 W, 300.00 W, 72, 2055 MHz
2026/09/23 14:17:25.826, 0, 96 %, 81 %, 6161 MiB, 49140 MiB, 288.30 W, 300.00 W, 73, 1905 MHz
2026/09/23 14:17:26.827, 0, 97 %, 88 %, 6161 MiB, 49140 MiB, 288.14 W, 300.00 W, 72, 1935 MHz
2026/09/23 14:17:27.828, 0, 98 %, 81 %, 6161 MiB, 49140 MiB, 288.08 W, 300.00 W, 74, 1680 MHz
2026/09/23 14:17:28.828, 0, 97 %, 86 %, 6161 MiB, 49140 MiB, 288.64 W, 300.00 W, 71, 2115 MHz
2026/09/23 14:17:29.830, 0, 98 %, 84 %, 6161 MiB, 49140 MiB, 289.13 W, 300.00 W, 73, 1755 MHz
2026/09/23 14:17:30.832, 0, 98 %, 88 %, 6161 MiB, 49140 MiB, 287.22 W, 300.00 W, 72, 2010 MHz
2026/09/23 14:17:31.832, 0, 97 %, 81 %, 6161 MiB, 49140 MiB, 288.02 W, 300.00 W, 73, 1725 MHz
2026/09/23 14:17:32.834, 0, 91 %, 82 %, 6161 MiB, 49140 MiB, 287.34 W, 300.00 W, 72, 2100 MHz
2026/09/23 14:17:33.835, 0, 97 %, 82 %, 6161 MiB, 49140 MiB, 290.25 W, 300.00 W, 73, 1770 MHz
2026/09/23 14:17:34.836, 0, 97 %, 87 %, 6161 MiB, 49140 MiB, 287.23 W, 300.00 W, 72, 1935 MHz
2026/09/23 14:17:35.836, 0, 97 %, 81 %, 6161 MiB, 49140 MiB, 287.15 W, 300.00 W, 74, 1635 MHz
2026/09/23 14:17:36.837, 0, 97 %, 87 %, 6161 MiB, 49140 MiB, 288.18 W, 300.00 W, 73, 1980 MHz
2026/09/23 14:17:37.838, 0, 87 %, 64 %, 6161 MiB, 49140 MiB, 292.79 W, 300.00 W, 73, 1680 MHz
2026/09/23 14:17:38.840, 0, 9 %, 7 %, 6161 MiB, 49140 MiB, 179.09 W, 300.00 W, 66, 2505 MHz
2026/09/23 14:17:39.840, 0, 98 %, 85 %, 6161 MiB, 49140 MiB, 226.58 W, 300.00 W, 72, 1800 MHz
2026/09/23 14:17:40.842, 0, 96 %, 87 %, 6161 MiB, 49140 MiB, 287.13 W, 300.00 W, 72, 1905 MHz
2026/09/23 14:17:41.843, 0, 97 %, 80 %, 6161 MiB, 49140 MiB, 287.01 W, 300.00 W, 74, 1620 MHz
2026/09/23 14:17:42.844, 0, 96 %, 87 %, 6161 MiB, 49140 MiB, 289.18 W, 300.00 W, 72, 2055 MHz
2026/09/23 14:17:43.845, 0, 98 %, 83 %, 6161 MiB, 49140 MiB, 288.92 W, 300.00 W, 73, 1785 MHz
2026/09/23 14:17:44.846, 0, 98 %, 87 %, 6161 MiB, 49140 MiB, 288.04 W, 300.00 W, 72, 1980 MHz
2026/09/23 14:17:45.846, 0, 98 %, 81 %, 6161 MiB, 49140 MiB, 287.42 W, 300.00 W, 74, 1665 MHz
2026/09/23 14:17:46.847, 0, 97 %, 85 %, 6161 MiB, 49140 MiB, 287.98 W, 300.00 W, 72, 2010 MHz
2026/09/23 14:17:47.849, 0, 97 %, 82 %, 6161 MiB, 49140 MiB, 288.44 W, 300.00 W, 72, 2070 MHz
2026/09/23 14:17:48.849, 0, 98 %, 88 %, 6161 MiB, 49140 MiB, 288.88 W, 300.00 W, 72, 2085 MHz
2026/09/23 14:17:49.850, 0, 97 %, 84 %, 6161 MiB, 49140 MiB, 288.20 W, 300.00 W, 73, 1740 MHz
2026/09/23 14:17:50.851, 0, 97 %, 88 %, 6161 MiB, 49140 MiB, 290.11 W, 300.00 W, 72, 1995 MHz
2026/09/23 14:17:51.852, 0, 98 %, 83 %, 6161 MiB, 49140 MiB, 289.52 W, 300.00 W, 73, 1920 MHz
2026/09/23 14:17:52.853, 0, 98 %, 87 %, 6161 MiB, 49140 MiB, 289.52 W, 300.00 W, 72, 1695 MHz
2026/09/23 14:17:53.854, 0, 98 %, 81 %, 6161 MiB, 49140 MiB, 287.89 W, 300.00 W, 74, 1845 MHz
2026/09/23 14:17:54.854, 0, 98 %, 88 %, 6161 MiB, 49140 MiB, 288.93 W, 300.00 W, 73, 2010 MHz
2026/09/23 14:17:55.855, 0, 96 %, 82 %, 6161 MiB, 49140 MiB, 289.90 W, 300.00 W, 73, 1980 MHz
2026/09/23 14:17:56.856, 0, 96 %, 86 %, 6161 MiB, 49140 MiB, 287.67 W, 300.00 W, 72, 1770 MHz
2026/09/23 14:17:57.858, 0, 98 %, 84 %, 6161 MiB, 49140 MiB, 286.35 W, 300.00 W, 73, 1785 MHz
2026/09/23 14:17:58.858, 0, 97 %, 87 %, 6161 MiB, 49140 MiB, 289.48 W, 300.00 W, 73, 2100 MHz
2026/09/23 14:17:59.859, 0, 94 %, 83 %, 6161 MiB, 49140 MiB, 289.77 W, 300.00 W, 71, 1995 MHz
2026/09/23 14:18:00.860, 0, 98 %, 88 %, 6161 MiB, 49140 MiB, 290.55 W, 300.00 W, 73, 1920 MHz
2026/09/23 14:18:01.861, 0, 87 %, 68 %, 6161 MiB, 49140 MiB, 292.35 W, 300.00 W, 74, 1665 MHz
2026/09/23 14:18:02.861, 0, 54 %, 38 %, 6161 MiB, 49140 MiB, 195.26 W, 300.00 W, 67, 2730 MHz
2026/09/23 14:18:03.864, 0, 96 %, 87 %, 6161 MiB, 49140 MiB, 293.43 W, 300.00 W, 73, 2130 MHz
2026/09/23 14:18:04.867, 0, 96 %, 83 %, 6161 MiB, 49140 MiB, 290.09 W, 300.00 W, 72, 1635 MHz
2026/09/23 14:18:05.868, 0, 97 %, 87 %, 6161 MiB, 49140 MiB, 293.12 W, 300.00 W, 74, 2190 MHz
2026/09/23 14:18:06.868, 0, 97 %, 81 %, 6161 MiB, 49140 MiB, 292.90 W, 300.00 W, 72, 2070 MHz
2026/09/23 14:18:07.869, 0, 94 %, 84 %, 6161 MiB, 49140 MiB, 293.15 W, 300.00 W, 72, 1785 MHz
2026/09/23 14:18:08.870, 0, 97 %, 83 %, 6161 MiB, 49140 MiB, 285.92 W, 300.00 W, 72, 1695 MHz
2026/09/23 14:18:09.872, 0, 98 %, 87 %, 6161 MiB, 49140 MiB, 288.32 W, 300.00 W, 73, 2160 MHz
2026/09/23 14:18:10.873, 0, 98 %, 83 %, 6161 MiB, 49140 MiB, 288.60 W, 300.00 W, 71, 1830 MHz
2026/09/23 14:18:11.874, 0, 97 %, 87 %, 6161 MiB, 49140 MiB, 290.19 W, 300.00 W, 73, 1980 MHz
2026/09/23 14:18:12.875, 0, 97 %, 83 %, 6161 MiB, 49140 MiB, 287.58 W, 300.00 W, 73, 1665 MHz
2026/09/23 14:18:13.875, 0, 97 %, 86 %, 6161 MiB, 49140 MiB, 288.42 W, 300.00 W, 74, 2100 MHz
2026/09/23 14:18:14.876, 0, 94 %, 79 %, 6161 MiB, 49140 MiB, 288.78 W, 300.00 W, 72, 1860 MHz
2026/09/23 14:18:15.877, 0, 96 %, 87 %, 6161 MiB, 49140 MiB, 289.68 W, 300.00 W, 73, 1980 MHz
2026/09/23 14:18:16.877, 0, 95 %, 82 %, 6161 MiB, 49140 MiB, 287.28 W, 300.00 W, 73, 1680 MHz
2026/09/23 14:18:17.880, 0, 98 %, 88 %, 6161 MiB, 49140 MiB, 288.43 W, 300.00 W, 74, 2025 MHz
2026/09/23 14:18:18.882, 0, 97 %, 84 %, 6161 MiB, 49140 MiB, 289.18 W, 300.00 W, 72, 1980 MHz
2026/09/23 14:18:19.882, 0, 97 %, 87 %, 6161 MiB, 49140 MiB, 289.22 W, 300.00 W, 73, 1965 MHz
2026/09/23 14:18:20.883, 0, 94 %, 84 %, 6161 MiB, 49140 MiB, 287.64 W, 300.00 W, 73, 1740 MHz
2026/09/23 14:18:21.884, 0, 97 %, 83 %, 6161 MiB, 49140 MiB, 286.62 W, 300.00 W, 73, 1755 MHz
2026/09/23 14:18:22.886, 0, 98 %, 88 %, 6161 MiB, 49140 MiB, 288.12 W, 300.00 W, 74, 2085 MHz
2026/09/23 14:18:23.886, 0, 98 %, 82 %, 6161 MiB, 49140 MiB, 289.64 W, 300.00 W, 72, 1785 MHz
2026/09/23 14:18:24.888, 0, 97 %, 88 %, 6161 MiB, 49140 MiB, 290.31 W, 300.00 W, 73, 1890 MHz
2026/09/23 14:18:25.888, 0, 94 %, 66 %, 6161 MiB, 49140 MiB, 294.33 W, 300.00 W, 73, 2475 MHz
2026/09/23 14:18:26.889, 0, 98 %, 83 %, 6161 MiB, 49140 MiB, 140.15 W, 300.00 W, 70, 2145 MHz
2026/09/23 14:18:27.890, 0, 97 %, 88 %, 6161 MiB, 49140 MiB, 288.69 W, 300.00 W, 72, 1995 MHz
2026/09/23 14:18:28.891, 0, 98 %, 83 %, 6161 MiB, 49140 MiB, 288.44 W, 300.00 W, 72, 1785 MHz
2026/09/23 14:18:29.892, 0, 97 %, 87 %, 6161 MiB, 49140 MiB, 288.55 W, 300.00 W, 73, 2130 MHz
2026/09/23 14:18:30.892, 0, 96 %, 80 %, 6161 MiB, 49140 MiB, 288.15 W, 300.00 W, 71, 1980 MHz
2026/09/23 14:18:31.893, 0, 96 %, 87 %, 6161 MiB, 49140 MiB, 289.16 W, 300.00 W, 73, 1980 MHz
2026/09/23 14:18:32.894, 0, 98 %, 84 %, 6161 MiB, 49140 MiB, 286.12 W, 300.00 W, 73, 1785 MHz
2026/09/23 14:18:33.896, 0, 97 %, 87 %, 6161 MiB, 49140 MiB, 288.00 W, 300.00 W, 74, 2070 MHz
2026/09/23 14:18:34.896, 0, 98 %, 84 %, 6161 MiB, 49140 MiB, 288.55 W, 300.00 W, 71, 1785 MHz
2026/09/23 14:18:35.897, 0, 96 %, 80 %, 6161 MiB, 49140 MiB, 286.61 W, 300.00 W, 72, 2010 MHz
2026/09/23 14:18:36.900, 0, 96 %, 87 %, 6161 MiB, 49140 MiB, 288.23 W, 300.00 W, 73, 1950 MHz
2026/09/23 14:18:37.900, 0, 97 %, 83 %, 6161 MiB, 49140 MiB, 287.34 W, 300.00 W, 73, 1680 MHz
2026/09/23 14:18:38.901, 0, 97 %, 88 %, 6161 MiB, 49140 MiB, 287.99 W, 300.00 W, 74, 2040 MHz
2026/09/23 14:18:39.903, 0, 97 %, 84 %, 6161 MiB, 49140 MiB, 288.16 W, 300.00 W, 72, 1770 MHz
2026/09/23 14:18:40.904, 0, 98 %, 89 %, 6161 MiB, 49140 MiB, 289.24 W, 300.00 W, 73, 1695 MHz
2026/09/23 14:18:41.905, 0, 96 %, 82 %, 6161 MiB, 49140 MiB, 288.57 W, 300.00 W, 73, 2070 MHz
2026/09/23 14:18:42.906, 0, 98 %, 87 %, 6161 MiB, 49140 MiB, 287.64 W, 300.00 W, 74, 1725 MHz
2026/09/23 14:18:43.907, 0, 98 %, 87 %, 6161 MiB, 49140 MiB, 286.96 W, 300.00 W, 73, 1980 MHz
2026/09/23 14:18:44.907, 0, 97 %, 81 %, 6161 MiB, 49140 MiB, 287.38 W, 300.00 W, 72, 2040 MHz
2026/09/23 14:18:45.908, 0, 96 %, 87 %, 6161 MiB, 49140 MiB, 288.49 W, 300.00 W, 73, 1725 MHz
2026/09/23 14:18:46.909, 0, 94 %, 84 %, 6161 MiB, 49140 MiB, 285.62 W, 300.00 W, 72, 1830 MHz
2026/09/23 14:18:47.910, 0, 96 %, 86 %, 6161 MiB, 49140 MiB, 288.00 W, 300.00 W, 74, 2010 MHz
2026/09/23 14:18:48.911, 0, 98 %, 87 %, 6161 MiB, 49140 MiB, 289.20 W, 300.00 W, 73, 2100 MHz
2026/09/23 14:18:49.911, 0, 93 %, 66 %, 6161 MiB, 49140 MiB, 295.88 W, 300.00 W, 74, 1665 MHz
2026/09/23 14:18:50.912, 0, 28 %, 25 %, 6161 MiB, 49140 MiB, 139.87 W, 300.00 W, 73, 2100 MHz
2026/09/23 14:18:51.913, 0, 98 %, 87 %, 6161 MiB, 49140 MiB, 275.71 W, 300.00 W, 72, 1950 MHz
2026/09/23 14:18:52.914, 0, 98 %, 88 %, 6161 MiB, 49140 MiB, 289.14 W, 300.00 W, 73, 1650 MHz
2026/09/23 14:18:53.915, 0, 90 %, 80 %, 6161 MiB, 49140 MiB, 286.10 W, 300.00 W, 72, 1845 MHz
2026/09/23 14:18:54.916, 0, 98 %, 88 %, 6161 MiB, 49140 MiB, 286.39 W, 300.00 W, 74, 1875 MHz
2026/09/23 14:18:55.917, 0, 98 %, 85 %, 6161 MiB, 49140 MiB, 289.14 W, 300.00 W, 72, 1920 MHz
2026/09/23 14:18:56.918, 0, 94 %, 80 %, 6161 MiB, 49140 MiB, 286.95 W, 300.00 W, 72, 1890 MHz
2026/09/23 14:18:57.919, 0, 96 %, 85 %, 6161 MiB, 49140 MiB, 286.66 W, 300.00 W, 72, 1755 MHz
2026/09/23 14:18:58.920, 0, 97 %, 83 %, 6161 MiB, 49140 MiB, 286.28 W, 300.00 W, 72, 2100 MHz
2026/09/23 14:18:59.922, 0, 98 %, 88 %, 6161 MiB, 49140 MiB, 288.45 W, 300.00 W, 74, 1695 MHz
2026/09/23 14:19:00.923, 0, 98 %, 81 %, 6161 MiB, 49140 MiB, 289.76 W, 300.00 W, 71, 1995 MHz
2026/09/23 14:19:01.925, 0, 96 %, 86 %, 6161 MiB, 49140 MiB, 287.02 W, 300.00 W, 72, 1740 MHz
2026/09/23 14:19:02.925, 0, 96 %, 83 %, 6161 MiB, 49140 MiB, 286.85 W, 300.00 W, 73, 2160 MHz
2026/09/23 14:19:03.926, 0, 98 %, 88 %, 6161 MiB, 49140 MiB, 288.64 W, 300.00 W, 73, 1980 MHz
2026/09/23 14:19:04.927, 0, 97 %, 81 %, 6161 MiB, 49140 MiB, 289.99 W, 300.00 W, 72, 1890 MHz
2026/09/23 14:19:05.928, 0, 97 %, 87 %, 6161 MiB, 49140 MiB, 286.84 W, 300.00 W, 73, 1830 MHz
2026/09/23 14:19:06.929, 0, 96 %, 85 %, 6161 MiB, 49140 MiB, 288.93 W, 300.00 W, 73, 2115 MHz
2026/09/23 14:19:07.930, 0, 97 %, 86 %, 6161 MiB, 49140 MiB, 287.17 W, 300.00 W, 74, 1830 MHz
2026/09/23 14:19:08.931, 0, 97 %, 81 %, 6161 MiB, 49140 MiB, 288.36 W, 300.00 W, 72, 1920 MHz
2026/09/23 14:19:09.932, 0, 95 %, 84 %, 6161 MiB, 49140 MiB, 289.16 W, 300.00 W, 73, 1680 MHz
2026/09/23 14:19:10.933, 0, 98 %, 87 %, 6161 MiB, 49140 MiB, 287.55 W, 300.00 W, 73, 2025 MHz
2026/09/23 14:19:11.933, 0, 97 %, 86 %, 6161 MiB, 49140 MiB, 290.09 W, 300.00 W, 74, 1905 MHz
2026/09/23 14:19:12.935, 0, 97 %, 84 %, 6161 MiB, 49140 MiB, 288.88 W, 300.00 W, 72, 1950 MHz
2026/09/23 14:19:13.935, 0, 93 %, 64 %, 6161 MiB, 49140 MiB, 294.65 W, 300.00 W, 74, 1650 MHz
2026/09/23 14:19:14.936, 0, 0 %, 0 %, 6161 MiB, 49140 MiB, 131.35 W, 300.00 W, 67, 2730 MHz
2026/09/23 14:19:15.937, 0, 96 %, 86 %, 6161 MiB, 49140 MiB, 142.83 W, 300.00 W, 73, 1980 MHz
2026/09/23 14:19:16.938, 0, 97 %, 81 %, 6161 MiB, 49140 MiB, 287.58 W, 300.00 W, 71, 1920 MHz
2026/09/23 14:19:17.938, 0, 97 %, 87 %, 6161 MiB, 49140 MiB, 286.74 W, 300.00 W, 72, 1860 MHz
2026/09/23 14:19:18.939, 0, 96 %, 84 %, 6161 MiB, 49140 MiB, 285.99 W, 300.00 W, 72, 1785 MHz
2026/09/23 14:19:19.940, 0, 95 %, 83 %, 6161 MiB, 49140 MiB, 285.46 W, 300.00 W, 72, 2190 MHz
2026/09/23 14:19:20.941, 0, 97 %, 85 %, 6161 MiB, 49140 MiB, 287.25 W, 300.00 W, 73, 2070 MHz
2026/09/23 14:19:21.942, 0, 98 %, 87 %, 6161 MiB, 49140 MiB, 289.66 W, 300.00 W, 73, 1725 MHz
2026/09/23 14:19:22.944, 0, 96 %, 83 %, 6161 MiB, 49140 MiB, 287.52 W, 300.00 W, 72, 1980 MHz
2026/09/23 14:19:23.944, 0, 96 %, 86 %, 6161 MiB, 49140 MiB, 288.02 W, 300.00 W, 74, 2025 MHz
2026/09/23 14:19:24.945, 0, 98 %, 81 %, 6161 MiB, 49140 MiB, 288.85 W, 300.00 W, 72, 1920 MHz
2026/09/23 14:19:25.946, 0, 95 %, 84 %, 6161 MiB, 49140 MiB, 287.62 W, 300.00 W, 73, 1665 MHz
2026/09/23 14:19:26.948, 0, 95 %, 85 %, 6161 MiB, 49140 MiB, 286.67 W, 300.00 W, 73, 2175 MHz
2026/09/23 14:19:27.949, 0, 97 %, 86 %, 6161 MiB, 49140 MiB, 288.47 W, 300.00 W, 73, 1725 MHz
2026/09/23 14:19:28.950, 0, 97 %, 82 %, 6161 MiB, 49140 MiB, 288.36 W, 300.00 W, 71, 1965 MHz
2026/09/23 14:19:29.951, 0, 96 %, 84 %, 6161 MiB, 49140 MiB, 288.65 W, 300.00 W, 73, 1620 MHz
2026/09/23 14:19:30.952, 0, 97 %, 87 %, 6161 MiB, 49140 MiB, 288.46 W, 300.00 W, 73, 1710 MHz
2026/09/23 14:19:31.952, 0, 98 %, 87 %, 6161 MiB, 49140 MiB, 287.88 W, 300.00 W, 74, 1965 MHz
2026/09/23 14:19:32.953, 0, 98 %, 87 %, 6161 MiB, 49140 MiB, 289.89 W, 300.00 W, 72, 1785 MHz
2026/09/23 14:19:33.954, 0, 98 %, 83 %, 6161 MiB, 49140 MiB, 287.36 W, 300.00 W, 72, 2100 MHz
2026/09/23 14:19:34.955, 0, 96 %, 86 %, 6161 MiB, 49140 MiB, 288.57 W, 300.00 W, 74, 2085 MHz
2026/09/23 14:19:35.956, 0, 97 %, 81 %, 6161 MiB, 49140 MiB, 288.58 W, 300.00 W, 72, 1635 MHz
2026/09/23 14:19:36.957, 0, 97 %, 87 %, 6161 MiB, 49140 MiB, 287.01 W, 300.00 W, 73, 1815 MHz
2026/09/23 14:19:37.958, 0, 92 %, 66 %, 6161 MiB, 49140 MiB, 286.86 W, 300.00 W, 74, 1815 MHz
2026/09/23 14:19:38.962, 0, 15 %, 9 %, 6161 MiB, 49140 MiB, 278.37 W, 300.00 W, 71, 2580 MHz
2026/09/23 14:19:39.963, 0, 0 %, 0 %, 6161 MiB, 49140 MiB, 90.03 W, 300.00 W, 67, 2730 MHz
2026/09/23 14:19:40.964, 0, 98 %, 88 %, 6161 MiB, 49140 MiB, 165.32 W, 300.00 W, 71, 1815 MHz
2026/09/23 14:19:41.964, 0, 98 %, 83 %, 6161 MiB, 49140 MiB, 287.07 W, 300.00 W, 72, 2055 MHz
2026/09/23 14:19:42.965, 0, 97 %, 87 %, 6161 MiB, 49140 MiB, 287.56 W, 300.00 W, 74, 2085 MHz
2026/09/23 14:19:43.965, 0, 98 %, 85 %, 6161 MiB, 49140 MiB, 289.80 W, 300.00 W, 71, 1680 MHz
2026/09/23 14:19:44.967, 0, 92 %, 80 %, 6161 MiB, 49140 MiB, 286.82 W, 300.00 W, 72, 2160 MHz
2026/09/23 14:19:45.968, 0, 98 %, 88 %, 6161 MiB, 49140 MiB, 284.99 W, 300.00 W, 72, 1710 MHz
2026/09/23 14:19:46.969, 0, 98 %, 87 %, 6161 MiB, 49140 MiB, 288.20 W, 300.00 W, 73, 2055 MHz
2026/09/23 14:19:47.970, 0, 98 %, 88 %, 6161 MiB, 49140 MiB, 290.24 W, 300.00 W, 73, 1830 MHz
2026/09/23 14:19:48.972, 0, 96 %, 84 %, 6161 MiB, 49140 MiB, 287.29 W, 300.00 W, 72, 2160 MHz
2026/09/23 14:19:49.973, 0, 98 %, 87 %, 6161 MiB, 49140 MiB, 287.38 W, 300.00 W, 74, 2025 MHz
2026/09/23 14:19:50.974, 0, 98 %, 82 %, 6161 MiB, 49140 MiB, 289.12 W, 300.00 W, 71, 1635 MHz
2026/09/23 14:19:51.975, 0, 96 %, 85 %, 6161 MiB, 49140 MiB, 286.83 W, 300.00 W, 73, 1935 MHz
2026/09/23 14:19:52.977, 0, 97 %, 82 %, 6161 MiB, 49140 MiB, 285.45 W, 300.00 W, 72, 2025 MHz
2026/09/23 14:19:53.978, 0, 97 %, 86 %, 6161 MiB, 49140 MiB, 288.50 W, 300.00 W, 74, 2025 MHz
2026/09/23 14:19:54.979, 0, 97 %, 82 %, 6161 MiB, 49140 MiB, 289.90 W, 300.00 W, 72, 1605 MHz
2026/09/23 14:19:55.980, 0, 96 %, 85 %, 6161 MiB, 49140 MiB, 288.45 W, 300.00 W, 73, 1965 MHz
2026/09/23 14:19:56.981, 0, 97 %, 87 %, 6161 MiB, 49140 MiB, 287.01 W, 300.00 W, 73, 1815 MHz
2026/09/23 14:19:57.981, 0, 98 %, 87 %, 6161 MiB, 49140 MiB, 289.01 W, 300.00 W, 74, 1920 MHz
2026/09/23 14:19:58.982, 0, 96 %, 84 %, 6161 MiB, 49140 MiB, 288.68 W, 300.00 W, 71, 1650 MHz
2026/09/23 14:19:59.983, 0, 96 %, 85 %, 6161 MiB, 49140 MiB, 287.90 W, 300.00 W, 72, 2085 MHz
2026/09/23 14:20:00.983, 0, 97 %, 86 %, 6161 MiB, 49140 MiB, 287.47 W, 300.00 W, 73, 1860 MHz
2026/09/23 14:20:01.987, 0, 97 %, 85 %, 6161 MiB, 49140 MiB, 288.83 W, 300.00 W, 73, 1995 MHz
2026/09/23 14:20:02.988, 0, 93 %, 67 %, 6161 MiB, 49140 MiB, 289.71 W, 300.00 W, 73, 1635 MHz
2026/09/23 14:20:03.989, 0, 9 %, 0 %, 6161 MiB, 49140 MiB, 252.47 W, 300.00 W, 68, 2730 MHz
2026/09/23 14:20:04.989, 0, 0 %, 0 %, 6161 MiB, 49140 MiB, 87.44 W, 300.00 W, 67, 2730 MHz
2026/09/23 14:20:05.989, 0, 98 %, 87 %, 6161 MiB, 49140 MiB, 207.17 W, 300.00 W, 72, 2025 MHz
2026/09/23 14:20:06.990, 0, 97 %, 84 %, 6161 MiB, 49140 MiB, 287.88 W, 300.00 W, 70, 1635 MHz
2026/09/23 14:20:07.991, 0, 94 %, 84 %, 6161 MiB, 49140 MiB, 287.38 W, 300.00 W, 72, 2130 MHz
2026/09/23 14:20:08.991, 0, 98 %, 86 %, 6161 MiB, 49140 MiB, 286.15 W, 300.00 W, 72, 1890 MHz
2026/09/23 14:20:09.992, 0, 95 %, 83 %, 6161 MiB, 49140 MiB, 287.66 W, 300.00 W, 72, 2070 MHz
2026/09/23 14:20:10.993, 0, 97 %, 87 %, 6161 MiB, 49140 MiB, 288.07 W, 300.00 W, 71, 1770 MHz
2026/09/23 14:20:11.994, 0, 94 %, 84 %, 6161 MiB, 49140 MiB, 284.71 W, 300.00 W, 72, 2190 MHz
2026/09/23 14:20:12.995, 0, 97 %, 87 %, 6161 MiB, 49140 MiB, 286.91 W, 300.00 W, 72, 1995 MHz
2026/09/23 14:20:13.996, 0, 97 %, 85 %, 6161 MiB, 49140 MiB, 287.20 W, 300.00 W, 72, 1965 MHz
2026/09/23 14:20:14.997, 0, 97 %, 87 %, 6161 MiB, 49140 MiB, 288.91 W, 300.00 W, 73, 1785 MHz
2026/09/23 14:20:15.997, 0, 98 %, 86 %, 6161 MiB, 49140 MiB, 286.24 W, 300.00 W, 72, 2115 MHz
2026/09/23 14:20:16.998, 0, 97 %, 86 %, 6161 MiB, 49140 MiB, 287.62 W, 300.00 W, 73, 2025 MHz
2026/09/23 14:20:17.999, 0, 97 %, 85 %, 6161 MiB, 49140 MiB, 288.53 W, 300.00 W, 73, 1965 MHz
2026/09/23 14:20:19.001, 0, 97 %, 87 %, 6161 MiB, 49140 MiB, 288.82 W, 300.00 W, 72, 1770 MHz
2026/09/23 14:20:20.002, 0, 95 %, 84 %, 6161 MiB, 49140 MiB, 285.82 W, 300.00 W, 72, 1830 MHz
2026/09/23 14:20:21.002, 0, 98 %, 86 %, 6161 MiB, 49140 MiB, 287.45 W, 300.00 W, 73, 2055 MHz
2026/09/23 14:20:22.003, 0, 97 %, 86 %, 6161 MiB, 49140 MiB, 288.58 W, 300.00 W, 73, 1710 MHz
2026/09/23 14:20:23.004, 0, 96 %, 86 %, 6161 MiB, 49140 MiB, 288.42 W, 300.00 W, 71, 2145 MHz
2026/09/23 14:20:24.005, 0, 93 %, 82 %, 6161 MiB, 49140 MiB, 285.95 W, 300.00 W, 73, 2145 MHz
2026/09/23 14:20:25.006, 0, 90 %, 79 %, 6161 MiB, 49140 MiB, 283.89 W, 300.00 W, 72, 1830 MHz
2026/09/23 14:20:26.008, 0, 98 %, 87 %, 6161 MiB, 49140 MiB, 286.70 W, 300.00 W, 73, 2010 MHz
2026/09/23 14:20:27.008, 0, 97 %, 83 %, 6161 MiB, 49140 MiB, 288.48 W, 300.00 W, 73, 1785 MHz
2026/09/23 14:20:28.009, 0, 94 %, 67 %, 6161 MiB, 49140 MiB, 289.33 W, 300.00 W, 75, 1650 MHz
2026/09/23 14:20:29.010, 0, 0 %, 0 %, 6161 MiB, 49140 MiB, 215.85 W, 300.00 W, 67, 2505 MHz
2026/09/23 14:20:30.010, 0, 0 %, 0 %, 6161 MiB, 49140 MiB, 72.54 W, 300.00 W, 66, 2505 MHz
2026/09/23 14:20:31.011, 0, 98 %, 86 %, 6161 MiB, 49140 MiB, 210.27 W, 300.00 W, 70, 2040 MHz
2026/09/23 14:20:32.011, 0, 97 %, 86 %, 6161 MiB, 49140 MiB, 286.73 W, 300.00 W, 72, 1890 MHz
2026/09/23 14:20:33.013, 0, 97 %, 86 %, 6161 MiB, 49140 MiB, 286.34 W, 300.00 W, 73, 2040 MHz
2026/09/23 14:20:34.013, 0, 97 %, 85 %, 6161 MiB, 49140 MiB, 286.82 W, 300.00 W, 71, 1695 MHz
2026/09/23 14:20:35.014, 0, 97 %, 87 %, 6161 MiB, 49140 MiB, 287.93 W, 300.00 W, 72, 2115 MHz
2026/09/23 14:20:36.015, 0, 97 %, 82 %, 6161 MiB, 49140 MiB, 287.69 W, 300.00 W, 72, 2025 MHz
2026/09/23 14:20:37.017, 0, 98 %, 87 %, 6161 MiB, 49140 MiB, 287.82 W, 300.00 W, 73, 1815 MHz
2026/09/23 14:20:38.018, 0, 98 %, 86 %, 6161 MiB, 49140 MiB, 286.63 W, 300.00 W, 72, 1725 MHz
2026/09/23 14:20:39.019, 0, 97 %, 87 %, 6161 MiB, 49140 MiB, 288.14 W, 300.00 W, 73, 2115 MHz
2026/09/23 14:20:40.020, 0, 96 %, 85 %, 6161 MiB, 49140 MiB, 287.15 W, 300.00 W, 72, 1905 MHz
2026/09/23 14:20:41.021, 0, 97 %, 86 %, 6161 MiB, 49140 MiB, 287.23 W, 300.00 W, 73, 2010 MHz
2026/09/23 14:20:42.022, 0, 97 %, 82 %, 6161 MiB, 49140 MiB, 289.04 W, 300.00 W, 71, 1815 MHz
2026/09/23 14:20:43.023, 0, 96 %, 85 %, 6161 MiB, 49140 MiB, 288.82 W, 300.00 W, 72, 2010 MHz
2026/09/23 14:20:44.024, 0, 97 %, 82 %, 6161 MiB, 49140 MiB, 286.61 W, 300.00 W, 73, 2070 MHz
2026/09/23 14:20:45.025, 0, 97 %, 86 %, 6161 MiB, 49140 MiB, 288.13 W, 300.00 W, 73, 1845 MHz
2026/09/23 14:20:46.026, 0, 97 %, 82 %, 6161 MiB, 49140 MiB, 287.95 W, 300.00 W, 71, 1815 MHz
2026/09/23 14:20:47.026, 0, 97 %, 86 %, 6161 MiB, 49140 MiB, 287.55 W, 300.00 W, 72, 2145 MHz
2026/09/23 14:20:48.027, 0, 96 %, 81 %, 6161 MiB, 49140 MiB, 286.27 W, 300.00 W, 72, 2070 MHz
2026/09/23 14:20:49.029, 0, 97 %, 87 %, 6161 MiB, 49140 MiB, 287.21 W, 300.00 W, 73, 1755 MHz
2026/09/23 14:20:50.029, 0, 97 %, 81 %, 6161 MiB, 49140 MiB, 287.77 W, 300.00 W, 72, 1830 MHz
2026/09/23 14:20:51.030, 0, 95 %, 84 %, 6161 MiB, 49140 MiB, 287.49 W, 300.00 W, 72, 1890 MHz
2026/09/23 14:20:52.031, 0, 97 %, 86 %, 6161 MiB, 49140 MiB, 287.71 W, 300.00 W, 74, 2010 MHz
2026/09/23 14:20:53.032, 0, 93 %, 67 %, 6161 MiB, 49140 MiB, 288.37 W, 300.00 W, 73, 1665 MHz
2026/09/23 14:20:54.033, 0, 0 %, 0 %, 6161 MiB, 49140 MiB, 189.78 W, 300.00 W, 67, 2745 MHz
2026/09/23 14:20:55.033, 0, 0 %, 0 %, 6161 MiB, 49140 MiB, 87.16 W, 300.00 W, 66, 2745 MHz
2026/09/23 14:20:56.034, 0, 97 %, 85 %, 6161 MiB, 49140 MiB, 225.33 W, 300.00 W, 71, 2040 MHz
2026/09/23 14:20:57.035, 0, 98 %, 83 %, 6161 MiB, 49140 MiB, 283.47 W, 300.00 W, 72, 2100 MHz
2026/09/23 14:20:58.036, 0, 98 %, 87 %, 6161 MiB, 49140 MiB, 287.09 W, 300.00 W, 73, 1995 MHz
2026/09/23 14:20:59.036, 0, 97 %, 82 %, 6161 MiB, 49140 MiB, 288.36 W, 300.00 W, 71, 1710 MHz
2026/09/23 14:21:00.037, 0, 97 %, 86 %, 6161 MiB, 49140 MiB, 287.90 W, 300.00 W, 72, 1950 MHz
2026/09/23 14:21:01.039, 0, 97 %, 85 %, 6161 MiB, 49140 MiB, 286.63 W, 300.00 W, 73, 2160 MHz
2026/09/23 14:21:02.040, 0, 97 %, 86 %, 6161 MiB, 49140 MiB, 287.73 W, 300.00 W, 73, 1770 MHz
2026/09/23 14:21:03.042, 0, 97 %, 85 %, 6161 MiB, 49140 MiB, 288.25 W, 300.00 W, 72, 2025 MHz
2026/09/23 14:21:04.043, 0, 90 %, 80 %, 6161 MiB, 49140 MiB, 285.33 W, 300.00 W, 72, 2145 MHz
2026/09/23 14:21:05.044, 0, 98 %, 88 %, 6161 MiB, 49140 MiB, 286.51 W, 300.00 W, 73, 1890 MHz
2026/09/23 14:21:06.045, 0, 95 %, 84 %, 6161 MiB, 49140 MiB, 285.30 W, 300.00 W, 73, 1980 MHz
2026/09/23 14:21:07.048, 0, 96 %, 82 %, 6161 MiB, 49140 MiB, 287.13 W, 300.00 W, 71, 1830 MHz
2026/09/23 14:21:08.048, 0, 97 %, 86 %, 6161 MiB, 49140 MiB, 288.86 W, 300.00 W, 72, 2115 MHz
2026/09/23 14:21:09.049, 0, 97 %, 82 %, 6161 MiB, 49140 MiB, 286.14 W, 300.00 W, 72, 2055 MHz
2026/09/23 14:21:10.050, 0, 97 %, 87 %, 6161 MiB, 49140 MiB, 288.25 W, 300.00 W, 73, 1710 MHz
2026/09/23 14:21:11.051, 0, 98 %, 81 %, 6161 MiB, 49140 MiB, 288.27 W, 300.00 W, 72, 1845 MHz
2026/09/23 14:21:12.051, 0, 97 %, 86 %, 6161 MiB, 49140 MiB, 288.63 W, 300.00 W, 72, 2040 MHz
2026/09/23 14:21:13.052, 0, 98 %, 88 %, 6161 MiB, 49140 MiB, 288.32 W, 300.00 W, 74, 1620 MHz
2026/09/23 14:21:14.054, 0, 97 %, 85 %, 6161 MiB, 49140 MiB, 288.63 W, 300.00 W, 72, 2115 MHz
2026/09/23 14:21:15.055, 0, 97 %, 86 %, 6161 MiB, 49140 MiB, 288.36 W, 300.00 W, 73, 1785 MHz
2026/09/23 14:21:16.055, 0, 97 %, 85 %, 6161 MiB, 49140 MiB, 286.42 W, 300.00 W, 73, 2025 MHz
2026/09/23 14:21:17.056, 0, 98 %, 86 %, 6161 MiB, 49140 MiB, 288.52 W, 300.00 W, 74, 1770 MHz
2026/09/23 14:21:18.057, 0, 94 %, 65 %, 6161 MiB, 49140 MiB, 295.44 W, 300.00 W, 75, 1695 MHz
2026/09/23 14:21:19.058, 0, 0 %, 0 %, 6161 MiB, 49140 MiB, 152.75 W, 300.00 W, 67, 2745 MHz
2026/09/23 14:21:20.059, 0, 96 %, 91 %, 6161 MiB, 49140 MiB, 95.93 W, 300.00 W, 70, 2145 MHz
2026/09/23 14:21:21.060, 0, 96 %, 85 %, 6161 MiB, 49140 MiB, 288.88 W, 300.00 W, 71, 1920 MHz
2026/09/23 14:21:22.060, 0, 97 %, 82 %, 6161 MiB, 49140 MiB, 285.26 W, 300.00 W, 72, 1905 MHz
2026/09/23 14:21:23.061, 0, 97 %, 87 %, 6161 MiB, 49140 MiB, 284.78 W, 300.00 W, 73, 1695 MHz
2026/09/23 14:21:24.062, 0, 97 %, 84 %, 6161 MiB, 49140 MiB, 286.88 W, 300.00 W, 70, 2175 MHz
2026/09/23 14:21:25.063, 0, 97 %, 86 %, 6161 MiB, 49140 MiB, 287.61 W, 300.00 W, 72, 2010 MHz
2026/09/23 14:21:26.064, 0, 97 %, 87 %, 6161 MiB, 49140 MiB, 286.31 W, 300.00 W, 72, 1725 MHz
2026/09/23 14:21:27.064, 0, 97 %, 86 %, 6161 MiB, 49140 MiB, 285.36 W, 300.00 W, 73, 1860 MHz
2026/09/23 14:21:28.065, 0, 97 %, 82 %, 6161 MiB, 49140 MiB, 286.47 W, 300.00 W, 71, 2130 MHz
2026/09/23 14:21:29.066, 0, 96 %, 85 %, 6161 MiB, 49140 MiB, 288.58 W, 300.00 W, 72, 2100 MHz
2026/09/23 14:21:30.067, 0, 98 %, 88 %, 6161 MiB, 49140 MiB, 287.37 W, 300.00 W, 73, 1605 MHz
2026/09/23 14:21:31.067, 0, 98 %, 87 %, 6161 MiB, 49140 MiB, 288.36 W, 300.00 W, 72, 1905 MHz
2026/09/23 14:21:32.068, 0, 97 %, 87 %, 6161 MiB, 49140 MiB, 289.88 W, 300.00 W, 73, 1740 MHz
2026/09/23 14:21:33.069, 0, 96 %, 85 %, 6161 MiB, 49140 MiB, 285.71 W, 300.00 W, 72, 2070 MHz
2026/09/23 14:21:34.070, 0, 97 %, 87 %, 6161 MiB, 49140 MiB, 287.64 W, 300.00 W, 74, 1650 MHz
2026/09/23 14:21:35.071, 0, 95 %, 85 %, 6161 MiB, 49140 MiB, 288.37 W, 300.00 W, 73, 1935 MHz
2026/09/23 14:21:36.073, 0, 98 %, 86 %, 6161 MiB, 49140 MiB, 289.83 W, 300.00 W, 73, 1710 MHz
2026/09/23 14:21:37.073, 0, 95 %, 84 %, 6161 MiB, 49140 MiB, 287.83 W, 300.00 W, 72, 1920 MHz
2026/09/23 14:21:38.074, 0, 97 %, 85 %, 6161 MiB, 49140 MiB, 287.26 W, 300.00 W, 74, 1650 MHz
2026/09/23 14:21:39.075, 0, 95 %, 85 %, 6161 MiB, 49140 MiB, 287.67 W, 300.00 W, 72, 2010 MHz
2026/09/23 14:21:40.076, 0, 98 %, 83 %, 6161 MiB, 49140 MiB, 288.37 W, 300.00 W, 73, 1905 MHz
2026/09/23 14:21:41.077, 0, 97 %, 85 %, 6161 MiB, 49140 MiB, 288.60 W, 300.00 W, 72, 2070 MHz
2026/09/23 14:21:42.077, 0, 98 %, 85 %, 6161 MiB, 49140 MiB, 285.68 W, 300.00 W, 72, 2025 MHz
2026/09/23 14:21:43.078, 0, 92 %, 66 %, 6161 MiB, 49140 MiB, 294.67 W, 300.00 W, 74, 1650 MHz
2026/09/23 14:21:44.079, 0, 10 %, 8 %, 6161 MiB, 49140 MiB, 140.82 W, 300.00 W, 71, 2370 MHz
2026/09/23 14:21:45.079, 0, 98 %, 87 %, 6161 MiB, 49140 MiB, 270.24 W, 300.00 W, 74, 1680 MHz
2026/09/23 14:21:46.080, 0, 97 %, 85 %, 6161 MiB, 49140 MiB, 288.06 W, 300.00 W, 71, 2100 MHz
2026/09/23 14:21:47.081, 0, 98 %, 87 %, 6161 MiB, 49140 MiB, 289.50 W, 300.00 W, 72, 1950 MHz
2026/09/23 14:21:48.081, 0, 96 %, 82 %, 6161 MiB, 49140 MiB, 286.93 W, 300.00 W, 72, 1965 MHz
2026/09/23 14:21:49.083, 0, 98 %, 87 %, 6161 MiB, 49140 MiB, 288.70 W, 300.00 W, 73, 1845 MHz
2026/09/23 14:21:50.085, 0, 96 %, 85 %, 6161 MiB, 49140 MiB, 288.45 W, 300.00 W, 73, 1980 MHz
2026/09/23 14:21:51.086, 0, 96 %, 85 %, 6161 MiB, 49140 MiB, 287.54 W, 300.00 W, 73, 1995 MHz
2026/09/23 14:21:52.086, 0, 98 %, 86 %, 6161 MiB, 49140 MiB, 288.26 W, 300.00 W, 74, 1755 MHz
2026/09/23 14:21:53.087, 0, 97 %, 82 %, 6161 MiB, 49140 MiB, 289.99 W, 300.00 W, 71, 2100 MHz
2026/09/23 14:21:54.088, 0, 98 %, 86 %, 6161 MiB, 49140 MiB, 288.58 W, 300.00 W, 73, 2040 MHz
2026/09/23 14:21:55.088, 0, 97 %, 84 %, 6161 MiB, 49140 MiB, 286.96 W, 300.00 W, 73, 1785 MHz
2026/09/23 14:21:56.089, 0, 98 %, 87 %, 6161 MiB, 49140 MiB, 288.65 W, 300.00 W, 73, 1830 MHz
2026/09/23 14:21:57.090, 0, 97 %, 81 %, 6161 MiB, 49140 MiB, 289.01 W, 300.00 W, 72, 2130 MHz
2026/09/23 14:21:58.091, 0, 98 %, 86 %, 6161 MiB, 49140 MiB, 289.10 W, 300.00 W, 73, 1965 MHz
2026/09/23 14:21:59.092, 0, 98 %, 85 %, 6161 MiB, 49140 MiB, 285.52 W, 300.00 W, 72, 1995 MHz
2026/09/23 14:22:00.093, 0, 94 %, 83 %, 6161 MiB, 49140 MiB, 286.13 W, 300.00 W, 74, 1725 MHz
2026/09/23 14:22:01.093, 0, 97 %, 86 %, 6161 MiB, 49140 MiB, 287.98 W, 300.00 W, 72, 2010 MHz
2026/09/23 14:22:02.094, 0, 96 %, 85 %, 6161 MiB, 49140 MiB, 289.17 W, 300.00 W, 73, 2040 MHz
2026/09/23 14:22:03.095, 0, 95 %, 84 %, 6161 MiB, 49140 MiB, 286.60 W, 300.00 W, 73, 1680 MHz
2026/09/23 14:22:04.095, 0, 97 %, 86 %, 6161 MiB, 49140 MiB, 286.78 W, 300.00 W, 74, 1815 MHz
2026/09/23 14:22:05.096, 0, 98 %, 87 %, 6161 MiB, 49140 MiB, 287.95 W, 300.00 W, 73, 1965 MHz
2026/09/23 14:22:06.097, 0, 98 %, 82 %, 6161 MiB, 49140 MiB, 289.52 W, 300.00 W, 72, 2085 MHz
2026/09/23 14:22:07.098, 0, 91 %, 66 %, 6161 MiB, 49140 MiB, 291.75 W, 300.00 W, 74, 1665 MHz
2026/09/23 14:22:08.100, 0, 0 %, 0 %, 6161 MiB, 49140 MiB, 138.56 W, 300.00 W, 68, 2460 MHz
2026/09/23 14:22:09.101, 0, 97 %, 86 %, 6161 MiB, 49140 MiB, 263.57 W, 300.00 W, 72, 1680 MHz
2026/09/23 14:22:10.101, 0, 97 %, 86 %, 6161 MiB, 49140 MiB, 286.42 W, 300.00 W, 74, 1980 MHz
2026/09/23 14:22:11.102, 0, 98 %, 87 %, 6161 MiB, 49140 MiB, 289.12 W, 300.00 W, 72, 1935 MHz
2026/09/23 14:22:12.105, 0, 96 %, 85 %, 6161 MiB, 49140 MiB, 289.75 W, 300.00 W, 73, 1950 MHz
2026/09/23 14:22:13.105, 0, 98 %, 85 %, 6161 MiB, 49140 MiB, 287.53 W, 300.00 W, 72, 1695 MHz
2026/09/23 14:22:14.106, 0, 97 %, 85 %, 6161 MiB, 49140 MiB, 288.45 W, 300.00 W, 74, 2085 MHz
2026/09/23 14:22:15.107, 0, 98 %, 86 %, 6161 MiB, 49140 MiB, 288.25 W, 300.00 W, 71, 1785 MHz
2026/09/23 14:22:16.108, 0, 96 %, 85 %, 6161 MiB, 49140 MiB, 288.55 W, 300.00 W, 73, 1860 MHz
2026/09/23 14:22:17.109, 0, 96 %, 85 %, 6161 MiB, 49140 MiB, 286.98 W, 300.00 W, 72, 1650 MHz
2026/09/23 14:22:18.110, 0, 98 %, 87 %, 6161 MiB, 49140 MiB, 287.73 W, 300.00 W, 74, 2025 MHz
2026/09/23 14:22:19.110, 0, 98 %, 86 %, 6161 MiB, 49140 MiB, 288.90 W, 300.00 W, 72, 1770 MHz
2026/09/23 14:22:20.112, 0, 97 %, 86 %, 6161 MiB, 49140 MiB, 288.71 W, 300.00 W, 73, 1965 MHz
2026/09/23 14:22:21.113, 0, 97 %, 85 %, 6161 MiB, 49140 MiB, 286.82 W, 300.00 W, 73, 1725 MHz
2026/09/23 14:22:22.113, 0, 97 %, 86 %, 6161 MiB, 49140 MiB, 287.10 W, 300.00 W, 74, 2040 MHz
2026/09/23 14:22:23.114, 0, 97 %, 85 %, 6161 MiB, 49140 MiB, 287.60 W, 300.00 W, 73, 1920 MHz
2026/09/23 14:22:24.115, 0, 97 %, 83 %, 6161 MiB, 49140 MiB, 289.12 W, 300.00 W, 73, 1995 MHz
2026/09/23 14:22:25.116, 0, 97 %, 86 %, 6161 MiB, 49140 MiB, 286.75 W, 300.00 W, 73, 1965 MHz
2026/09/23 14:22:26.117, 0, 90 %, 79 %, 6161 MiB, 49140 MiB, 285.16 W, 300.00 W, 72, 1635 MHz
2026/09/23 14:22:27.118, 0, 98 %, 87 %, 6161 MiB, 49140 MiB, 287.02 W, 300.00 W, 74, 2085 MHz
2026/09/23 14:22:28.119, 0, 97 %, 84 %, 6161 MiB, 49140 MiB, 289.25 W, 300.00 W, 72, 1755 MHz
2026/09/23 14:22:29.120, 0, 96 %, 82 %, 6161 MiB, 49140 MiB, 287.05 W, 300.00 W, 73, 2085 MHz
2026/09/23 14:22:30.122, 0, 96 %, 85 %, 6161 MiB, 49140 MiB, 289.13 W, 300.00 W, 72, 1815 MHz
2026/09/23 14:22:31.122, 0, 94 %, 65 %, 6161 MiB, 49140 MiB, 292.81 W, 300.00 W, 74, 1680 MHz
2026/09/23 14:22:32.123, 0, 0 %, 0 %, 6161 MiB, 49140 MiB, 162.34 W, 300.00 W, 67, 2730 MHz
2026/09/23 14:22:33.123, 0, 97 %, 88 %, 6161 MiB, 49140 MiB, 109.81 W, 300.00 W, 72, 2190 MHz
2026/09/23 14:22:34.125, 0, 95 %, 83 %, 6161 MiB, 49140 MiB, 286.94 W, 300.00 W, 71, 1740 MHz
2026/09/23 14:22:35.131, 0, 97 %, 86 %, 6161 MiB, 49140 MiB, 287.89 W, 300.00 W, 72, 1965 MHz
2026/09/23 14:22:36.132, 0, 98 %, 86 %, 6161 MiB, 49140 MiB, 285.13 W, 300.00 W, 72, 1665 MHz
2026/09/23 14:22:37.133, 0, 97 %, 85 %, 6161 MiB, 49140 MiB, 287.46 W, 300.00 W, 73, 2145 MHz
2026/09/23 14:22:38.134, 0, 97 %, 84 %, 6161 MiB, 49140 MiB, 287.61 W, 300.00 W, 71, 1830 MHz
2026/09/23 14:22:39.134, 0, 98 %, 87 %, 6161 MiB, 49140 MiB, 289.11 W, 300.00 W, 73, 2010 MHz
2026/09/23 14:22:40.135, 0, 94 %, 84 %, 6161 MiB, 49140 MiB, 286.05 W, 300.00 W, 72, 1620 MHz
2026/09/23 14:22:41.136, 0, 97 %, 86 %, 6161 MiB, 49140 MiB, 287.53 W, 300.00 W, 74, 2070 MHz
2026/09/23 14:22:42.137, 0, 98 %, 85 %, 6161 MiB, 49140 MiB, 287.81 W, 300.00 W, 71, 1755 MHz
2026/09/23 14:22:43.138, 0, 98 %, 86 %, 6161 MiB, 49140 MiB, 288.54 W, 300.00 W, 72, 1980 MHz
2026/09/23 14:22:44.139, 0, 97 %, 86 %, 6161 MiB, 49140 MiB, 286.29 W, 300.00 W, 73, 1845 MHz
2026/09/23 14:22:45.141, 0, 97 %, 87 %, 6161 MiB, 49140 MiB, 287.70 W, 300.00 W, 73, 2085 MHz
2026/09/23 14:22:46.143, 0, 97 %, 85 %, 6161 MiB, 49140 MiB, 289.64 W, 300.00 W, 73, 2055 MHz
2026/09/23 14:22:47.143, 0, 96 %, 85 %, 6161 MiB, 49140 MiB, 287.84 W, 300.00 W, 72, 1635 MHz
2026/09/23 14:22:48.144, 0, 93 %, 83 %, 6161 MiB, 49140 MiB, 285.94 W, 300.00 W, 73, 1875 MHz
2026/09/23 14:22:49.144, 0, 89 %, 79 %, 6161 MiB, 49140 MiB, 286.92 W, 300.00 W, 73, 2145 MHz
2026/09/23 14:22:50.145, 0, 97 %, 82 %, 6161 MiB, 49140 MiB, 286.72 W, 300.00 W, 71, 2055 MHz
2026/09/23 14:22:51.146, 0, 96 %, 85 %, 6161 MiB, 49140 MiB, 288.96 W, 300.00 W, 72, 1815 MHz
2026/09/23 14:22:52.148, 0, 98 %, 84 %, 6161 MiB, 49140 MiB, 286.61 W, 300.00 W, 73, 2190 MHz
2026/09/23 14:22:53.148, 0, 97 %, 86 %, 6161 MiB, 49140 MiB, 287.91 W, 300.00 W, 73, 1920 MHz
2026/09/23 14:22:54.150, 0, 97 %, 82 %, 6161 MiB, 49140 MiB, 288.96 W, 300.00 W, 72, 1935 MHz
2026/09/23 14:22:55.150, 0, 96 %, 84 %, 6161 MiB, 49140 MiB, 287.65 W, 300.00 W, 72, 1830 MHz
2026/09/23 14:22:56.151, 0, 90 %, 64 %, 6161 MiB, 49140 MiB, 292.32 W, 300.00 W, 73, 1695 MHz
2026/09/23 14:22:57.152, 0, 0 %, 0 %, 6161 MiB, 49140 MiB, 127.45 W, 300.00 W, 67, 2730 MHz
2026/09/23 14:22:58.152, 0, 97 %, 87 %, 6161 MiB, 49140 MiB, 139.76 W, 300.00 W, 73, 2070 MHz
2026/09/23 14:22:59.154, 0, 97 %, 85 %, 6161 MiB, 49140 MiB, 287.29 W, 300.00 W, 71, 1980 MHz
2026/09/23 14:23:00.154, 0, 97 %, 87 %, 6161 MiB, 49140 MiB, 289.44 W, 300.00 W, 72, 1755 MHz
2026/09/23 14:23:01.157, 0, 97 %, 86 %, 6161 MiB, 49140 MiB, 286.75 W, 300.00 W, 72, 2130 MHz
2026/09/23 14:23:02.157, 0, 96 %, 86 %, 6161 MiB, 49140 MiB, 285.97 W, 300.00 W, 73, 2010 MHz
2026/09/23 14:23:03.158, 0, 96 %, 85 %, 6161 MiB, 49140 MiB, 288.40 W, 300.00 W, 73, 1725 MHz
2026/09/23 14:23:04.158, 0, 95 %, 85 %, 6161 MiB, 49140 MiB, 287.44 W, 300.00 W, 72, 1860 MHz
2026/09/23 14:23:05.162, 0, 98 %, 88 %, 6161 MiB, 49140 MiB, 286.03 W, 300.00 W, 74, 2010 MHz
2026/09/23 14:23:06.163, 0, 97 %, 86 %, 6161 MiB, 49140 MiB, 288.68 W, 300.00 W, 72, 2010 MHz
2026/09/23 14:23:07.163, 0, 98 %, 88 %, 6161 MiB, 49140 MiB, 288.90 W, 300.00 W, 73, 1680 MHz
2026/09/23 14:23:08.164, 0, 98 %, 82 %, 6161 MiB, 49140 MiB, 288.65 W, 300.00 W, 73, 2115 MHz
2026/09/23 14:23:09.165, 0, 97 %, 87 %, 6161 MiB, 49140 MiB, 288.99 W, 300.00 W, 73, 1980 MHz
2026/09/23 14:23:10.166, 0, 97 %, 81 %, 6161 MiB, 49140 MiB, 289.39 W, 300.00 W, 72, 1980 MHz
2026/09/23 14:23:11.167, 0, 95 %, 84 %, 6161 MiB, 49140 MiB, 286.73 W, 300.00 W, 72, 1755 MHz
2026/09/23 14:23:12.167, 0, 98 %, 83 %, 6161 MiB, 49140 MiB, 287.09 W, 300.00 W, 72, 2100 MHz
2026/09/23 14:23:13.168, 0, 97 %, 87 %, 6161 MiB, 49140 MiB, 288.82 W, 300.00 W, 73, 2010 MHz
2026/09/23 14:23:14.169, 0, 97 %, 81 %, 6161 MiB, 49140 MiB, 288.60 W, 300.00 W, 72, 1950 MHz
2026/09/23 14:23:15.170, 0, 97 %, 87 %, 6161 MiB, 49140 MiB, 286.60 W, 300.00 W, 73, 1755 MHz
2026/09/23 14:23:16.171, 0, 98 %, 85 %, 6161 MiB, 49140 MiB, 288.02 W, 300.00 W, 73, 2085 MHz
2026/09/23 14:23:17.171, 0, 97 %, 86 %, 6161 MiB, 49140 MiB, 288.01 W, 300.00 W, 73, 2010 MHz
2026/09/23 14:23:18.172, 0, 97 %, 84 %, 6161 MiB, 49140 MiB, 289.23 W, 300.00 W, 73, 1785 MHz
2026/09/23 14:23:19.173, 0, 95 %, 83 %, 6161 MiB, 49140 MiB, 287.94 W, 300.00 W, 72, 1815 MHz
2026/09/23 14:23:20.176, 0, 84 %, 64 %, 6161 MiB, 49140 MiB, 289.14 W, 300.00 W, 74, 1845 MHz
2026/09/23 14:23:21.176, 0, 9 %, 8 %, 6161 MiB, 49140 MiB, 260.17 W, 300.00 W, 68, 2730 MHz
2026/09/23 14:23:22.177, 0, 96 %, 85 %, 6161 MiB, 49140 MiB, 138.60 W, 300.00 W, 71, 1830 MHz
2026/09/23 14:23:23.178, 0, 97 %, 87 %, 6161 MiB, 49140 MiB, 286.29 W, 300.00 W, 73, 2100 MHz
2026/09/23 14:23:24.178, 0, 97 %, 87 %, 6161 MiB, 49140 MiB, 288.11 W, 300.00 W, 73, 2025 MHz
2026/09/23 14:23:25.180, 0, 98 %, 89 %, 6161 MiB, 49140 MiB, 289.46 W, 300.00 W, 72, 1785 MHz
2026/09/23 14:23:26.180, 0, 96 %, 83 %, 6161 MiB, 49140 MiB, 286.13 W, 300.00 W, 72, 1815 MHz
2026/09/23 14:23:27.181, 0, 98 %, 88 %, 6161 MiB, 49140 MiB, 287.80 W, 300.00 W, 73, 2100 MHz
2026/09/23 14:23:28.182, 0, 97 %, 81 %, 6161 MiB, 49140 MiB, 288.30 W, 300.00 W, 72, 2100 MHz
2026/09/23 14:23:29.183, 0, 97 %, 88 %, 6161 MiB, 49140 MiB, 288.73 W, 300.00 W, 73, 1740 MHz
2026/09/23 14:23:30.183, 0, 97 %, 85 %, 6161 MiB, 49140 MiB, 288.16 W, 300.00 W, 73, 2025 MHz
2026/09/23 14:23:31.184, 0, 97 %, 87 %, 6161 MiB, 49140 MiB, 288.96 W, 300.00 W, 74, 1815 MHz
2026/09/23 14:23:32.186, 0, 96 %, 85 %, 6161 MiB, 49140 MiB, 289.28 W, 300.00 W, 71, 2040 MHz
2026/09/23 14:23:33.187, 0, 96 %, 82 %, 6161 MiB, 49140 MiB, 286.90 W, 300.00 W, 72, 1800 MHz
2026/09/23 14:23:34.188, 0, 98 %, 88 %, 6161 MiB, 49140 MiB, 287.57 W, 300.00 W, 74, 2040 MHz
2026/09/23 14:23:35.189, 0, 98 %, 83 %, 6161 MiB, 49140 MiB, 287.04 W, 300.00 W, 73, 2040 MHz
2026/09/23 14:23:36.189, 0, 97 %, 89 %, 6161 MiB, 49140 MiB, 288.97 W, 300.00 W, 72, 1815 MHz
2026/09/23 14:23:37.191, 0, 97 %, 83 %, 6161 MiB, 49140 MiB, 286.94 W, 300.00 W, 72, 1830 MHz
2026/09/23 14:23:38.191, 0, 98 %, 87 %, 6161 MiB, 49140 MiB, 286.93 W, 300.00 W, 73, 2025 MHz
2026/09/23 14:23:39.192, 0, 97 %, 81 %, 6161 MiB, 49140 MiB, 288.64 W, 300.00 W, 72, 1725 MHz
2026/09/23 14:23:40.193, 0, 96 %, 86 %, 6161 MiB, 49140 MiB, 287.79 W, 300.00 W, 73, 1770 MHz
2026/09/23 14:23:41.194, 0, 98 %, 84 %, 6161 MiB, 49140 MiB, 286.09 W, 300.00 W, 72, 1890 MHz
2026/09/23 14:23:42.194, 0, 97 %, 87 %, 6161 MiB, 49140 MiB, 289.05 W, 300.00 W, 74, 1905 MHz
2026/09/23 14:23:43.195, 0, 98 %, 83 %, 6161 MiB, 49140 MiB, 289.35 W, 300.00 W, 71, 1650 MHz
2026/09/23 14:23:44.195, 0, 93 %, 68 %, 6161 MiB, 49140 MiB, 288.30 W, 300.00 W, 74, 1695 MHz
2026/09/23 14:23:45.196, 0, 10 %, 0 %, 6161 MiB, 49140 MiB, 266.51 W, 300.00 W, 69, 2730 MHz
2026/09/23 14:23:46.196, 0, 0 %, 0 %, 6161 MiB, 49140 MiB, 88.35 W, 300.00 W, 67, 2730 MHz
2026/09/23 14:23:47.197, 0, 95 %, 82 %, 6161 MiB, 49140 MiB, 194.08 W, 300.00 W, 71, 2070 MHz
2026/09/23 14:23:48.198, 0, 97 %, 88 %, 6161 MiB, 49140 MiB, 284.77 W, 300.00 W, 72, 2025 MHz
2026/09/23 14:23:49.199, 0, 98 %, 82 %, 6161 MiB, 49140 MiB, 287.02 W, 300.00 W, 72, 1860 MHz
2026/09/23 14:23:50.200, 0, 95 %, 84 %, 6161 MiB, 49140 MiB, 287.71 W, 300.00 W, 72, 1935 MHz
2026/09/23 14:23:51.200, 0, 97 %, 83 %, 6161 MiB, 49140 MiB, 285.39 W, 300.00 W, 72, 2025 MHz
2026/09/23 14:23:52.203, 0, 97 %, 87 %, 6161 MiB, 49140 MiB, 286.73 W, 300.00 W, 74, 2100 MHz
2026/09/23 14:23:53.203, 0, 98 %, 82 %, 6161 MiB, 49140 MiB, 285.75 W, 300.00 W, 72, 1845 MHz
2026/09/23 14:23:54.206, 0, 96 %, 87 %, 6161 MiB, 49140 MiB, 288.45 W, 300.00 W, 73, 1785 MHz
2026/09/23 14:23:55.208, 0, 98 %, 84 %, 6161 MiB, 49140 MiB, 287.38 W, 300.00 W, 72, 1995 MHz
2026/09/23 14:23:56.209, 0, 98 %, 87 %, 6161 MiB, 49140 MiB, 288.82 W, 300.00 W, 73, 1935 MHz
2026/09/23 14:23:57.210, 0, 97 %, 85 %, 6161 MiB, 49140 MiB, 287.26 W, 300.00 W, 71, 1680 MHz
2026/09/23 14:23:58.211, 0, 93 %, 83 %, 6161 MiB, 49140 MiB, 286.43 W, 300.00 W, 72, 2100 MHz
2026/09/23 14:23:59.212, 0, 98 %, 88 %, 6161 MiB, 49140 MiB, 287.12 W, 300.00 W, 73, 1965 MHz
2026/09/23 14:24:00.212, 0, 97 %, 87 %, 6161 MiB, 49140 MiB, 286.22 W, 300.00 W, 73, 1995 MHz
2026/09/23 14:24:01.213, 0, 98 %, 84 %, 6161 MiB, 49140 MiB, 288.89 W, 300.00 W, 71, 1710 MHz
2026/09/23 14:24:02.214, 0, 96 %, 86 %, 6161 MiB, 49140 MiB, 287.42 W, 300.00 W, 72, 2085 MHz
2026/09/23 14:24:03.215, 0, 98 %, 87 %, 6161 MiB, 49140 MiB, 286.15 W, 300.00 W, 72, 1800 MHz
2026/09/23 14:24:04.216, 0, 98 %, 85 %, 6161 MiB, 49140 MiB, 288.40 W, 300.00 W, 73, 2025 MHz
2026/09/23 14:24:05.216, 0, 98 %, 88 %, 6161 MiB, 49140 MiB, 288.73 W, 300.00 W, 72, 1770 MHz
2026/09/23 14:24:06.217, 0, 96 %, 82 %, 6161 MiB, 49140 MiB, 287.29 W, 300.00 W, 72, 2085 MHz
2026/09/23 14:24:07.219, 0, 98 %, 87 %, 6161 MiB, 49140 MiB, 288.32 W, 300.00 W, 73, 2070 MHz
2026/09/23 14:24:08.220, 0, 97 %, 81 %, 6161 MiB, 49140 MiB, 287.27 W, 300.00 W, 72, 1815 MHz
2026/09/23 14:24:09.220, 0, 91 %, 65 %, 6161 MiB, 49140 MiB, 290.84 W, 300.00 W, 74, 1680 MHz
2026/09/23 14:24:10.222, 0, 0 %, 0 %, 6161 MiB, 49140 MiB, 233.54 W, 300.00 W, 68, 2730 MHz
2026/09/23 14:24:11.222, 0, 0 %, 0 %, 6161 MiB, 49140 MiB, 87.32 W, 300.00 W, 66, 2730 MHz
2026/09/23 14:24:12.223, 0, 98 %, 89 %, 6161 MiB, 49140 MiB, 210.83 W, 300.00 W, 73, 2085 MHz
2026/09/23 14:24:13.224, 0, 98 %, 85 %, 6161 MiB, 49140 MiB, 288.49 W, 300.00 W, 70, 1695 MHz
2026/09/23 14:24:14.224, 0, 94 %, 84 %, 6161 MiB, 49140 MiB, 286.19 W, 300.00 W, 72, 2160 MHz
2026/09/23 14:24:15.225, 0, 97 %, 87 %, 6161 MiB, 49140 MiB, 285.77 W, 300.00 W, 72, 1785 MHz
2026/09/23 14:24:16.226, 0, 95 %, 83 %, 6161 MiB, 49140 MiB, 287.55 W, 300.00 W, 73, 2085 MHz
2026/09/23 14:24:17.227, 0, 97 %, 88 %, 6161 MiB, 49140 MiB, 287.76 W, 300.00 W, 71, 1815 MHz
2026/09/23 14:24:18.227, 0, 95 %, 82 %, 6161 MiB, 49140 MiB, 286.68 W, 300.00 W, 72, 2100 MHz
2026/09/23 14:24:19.228, 0, 97 %, 87 %, 6161 MiB, 49140 MiB, 287.50 W, 300.00 W, 74, 2070 MHz
2026/09/23 14:24:20.229, 0, 97 %, 80 %, 6161 MiB, 49140 MiB, 287.86 W, 300.00 W, 72, 1725 MHz
2026/09/23 14:24:21.229, 0, 96 %, 86 %, 6161 MiB, 49140 MiB, 288.69 W, 300.00 W, 73, 1890 MHz
2026/09/23 14:24:22.231, 0, 96 %, 86 %, 6161 MiB, 49140 MiB, 287.14 W, 300.00 W, 72, 1875 MHz
2026/09/23 14:24:23.231, 0, 97 %, 86 %, 6161 MiB, 49140 MiB, 289.57 W, 300.00 W, 73, 1995 MHz
2026/09/23 14:24:24.232, 0, 98 %, 87 %, 6161 MiB, 49140 MiB, 289.55 W, 300.00 W, 72, 1695 MHz
2026/09/23 14:24:25.232, 0, 96 %, 83 %, 6161 MiB, 49140 MiB, 287.61 W, 300.00 W, 72, 2130 MHz
2026/09/23 14:24:26.234, 0, 97 %, 87 %, 6161 MiB, 49140 MiB, 287.28 W, 300.00 W, 73, 2010 MHz
2026/09/23 14:24:27.236, 0, 95 %, 82 %, 6161 MiB, 49140 MiB, 288.35 W, 300.00 W, 72, 1770 MHz
2026/09/23 14:24:28.237, 0, 97 %, 88 %, 6161 MiB, 49140 MiB, 289.02 W, 300.00 W, 72, 2130 MHz
2026/09/23 14:24:29.237, 0, 96 %, 82 %, 6161 MiB, 49140 MiB, 285.64 W, 300.00 W, 72, 2025 MHz
2026/09/23 14:24:30.238, 0, 93 %, 83 %, 6161 MiB, 49140 MiB, 286.35 W, 300.00 W, 74, 2040 MHz
2026/09/23 14:24:31.239, 0, 97 %, 81 %, 6161 MiB, 49140 MiB, 288.30 W, 300.00 W, 73, 1785 MHz
2026/09/23 14:24:32.240, 0, 97 %, 88 %, 6161 MiB, 49140 MiB, 288.69 W, 300.00 W, 73, 2160 MHz
2026/09/23 14:24:33.240, 0, 98 %, 83 %, 6161 MiB, 49140 MiB, 287.82 W, 300.00 W, 72, 1995 MHz
2026/09/23 14:24:34.242, 0, 92 %, 65 %, 6161 MiB, 49140 MiB, 293.84 W, 300.00 W, 74, 1680 MHz
2026/09/23 14:24:35.243, 0, 0 %, 0 %, 6161 MiB, 49140 MiB, 191.16 W, 300.00 W, 67, 2730 MHz
2026/09/23 14:24:36.243, 0, 0 %, 0 %, 6161 MiB, 49140 MiB, 87.50 W, 300.00 W, 66, 2730 MHz
2026/09/23 14:24:37.244, 0, 97 %, 85 %, 6161 MiB, 49140 MiB, 223.07 W, 300.00 W, 70, 2070 MHz
2026/09/23 14:24:38.245, 0, 96 %, 83 %, 6161 MiB, 49140 MiB, 286.80 W, 300.00 W, 72, 1920 MHz
2026/09/23 14:24:39.246, 0, 97 %, 87 %, 6161 MiB, 49140 MiB, 284.86 W, 300.00 W, 73, 2040 MHz
2026/09/23 14:24:40.246, 0, 98 %, 85 %, 6161 MiB, 49140 MiB, 288.18 W, 300.00 W, 71, 1740 MHz
2026/09/23 14:24:41.247, 0, 96 %, 88 %, 6161 MiB, 49140 MiB, 288.11 W, 300.00 W, 72, 2115 MHz
2026/09/23 14:24:42.248, 0, 98 %, 83 %, 6161 MiB, 49140 MiB, 286.76 W, 300.00 W, 72, 1995 MHz
2026/09/23 14:24:43.249, 0, 98 %, 88 %, 6161 MiB, 49140 MiB, 287.64 W, 300.00 W, 73, 1695 MHz
2026/09/23 14:24:44.250, 0, 98 %, 82 %, 6161 MiB, 49140 MiB, 288.56 W, 300.00 W, 70, 1905 MHz
2026/09/23 14:24:45.251, 0, 96 %, 85 %, 6161 MiB, 49140 MiB, 287.01 W, 300.00 W, 72, 1980 MHz
2026/09/23 14:24:46.253, 0, 97 %, 84 %, 6161 MiB, 49140 MiB, 285.34 W, 300.00 W, 72, 2145 MHz
2026/09/23 14:24:47.254, 0, 97 %, 88 %, 6161 MiB, 49140 MiB, 287.61 W, 300.00 W, 72, 1740 MHz
2026/09/23 14:24:48.255, 0, 97 %, 81 %, 6161 MiB, 49140 MiB, 288.02 W, 300.00 W, 72, 1905 MHz
2026/09/23 14:24:49.255, 0, 95 %, 85 %, 6161 MiB, 49140 MiB, 288.84 W, 300.00 W, 72, 1875 MHz
2026/09/23 14:24:50.256, 0, 97 %, 87 %, 6161 MiB, 49140 MiB, 288.25 W, 300.00 W, 74, 1995 MHz
2026/09/23 14:24:51.258, 0, 97 %, 85 %, 6161 MiB, 49140 MiB, 288.29 W, 300.00 W, 71, 1710 MHz
2026/09/23 14:24:52.261, 0, 97 %, 87 %, 6161 MiB, 49140 MiB, 289.21 W, 300.00 W, 73, 2145 MHz
2026/09/23 14:24:53.262, 0, 96 %, 83 %, 6161 MiB, 49140 MiB, 287.86 W, 300.00 W, 72, 1905 MHz
2026/09/23 14:24:54.264, 0, 97 %, 87 %, 6161 MiB, 49140 MiB, 287.96 W, 300.00 W, 74, 2025 MHz
2026/09/23 14:24:55.264, 0, 97 %, 82 %, 6161 MiB, 49140 MiB, 288.57 W, 300.00 W, 72, 1740 MHz
2026/09/23 14:24:56.265, 0, 97 %, 88 %, 6161 MiB, 49140 MiB, 288.61 W, 300.00 W, 73, 2130 MHz
2026/09/23 14:24:57.266, 0, 97 %, 84 %, 6161 MiB, 49140 MiB, 287.84 W, 300.00 W, 72, 1995 MHz
2026/09/23 14:24:58.266, 0, 98 %, 87 %, 6161 MiB, 49140 MiB, 286.09 W, 300.00 W, 73, 1935 MHz
2026/09/23 14:24:59.267, 0, 95 %, 65 %, 6161 MiB, 49140 MiB, 294.17 W, 300.00 W, 74, 1680 MHz
2026/09/23 14:25:00.267, 0, 0 %, 0 %, 6161 MiB, 49140 MiB, 156.52 W, 300.00 W, 67, 2745 MHz
2026/09/23 14:25:01.268, 0, 95 %, 86 %, 6161 MiB, 49140 MiB, 102.81 W, 300.00 W, 70, 1995 MHz
2026/09/23 14:25:02.268, 0, 97 %, 88 %, 6161 MiB, 49140 MiB, 287.52 W, 300.00 W, 73, 2040 MHz
2026/09/23 14:25:03.269, 0, 97 %, 84 %, 6161 MiB, 49140 MiB, 287.54 W, 300.00 W, 71, 1755 MHz
2026/09/23 14:25:04.270, 0, 92 %, 83 %, 6161 MiB, 49140 MiB, 287.60 W, 300.00 W, 72, 2160 MHz
2026/09/23 14:25:05.271, 0, 98 %, 84 %, 6161 MiB, 49140 MiB, 285.92 W, 300.00 W, 72, 2145 MHz
2026/09/23 14:25:06.272, 0, 97 %, 87 %, 6161 MiB, 49140 MiB, 286.92 W, 300.00 W, 73, 1995 MHz
2026/09/23 14:25:07.273, 0, 98 %, 82 %, 6161 MiB, 49140 MiB, 288.68 W, 300.00 W, 71, 1755 MHz
2026/09/23 14:25:08.274, 0, 95 %, 86 %, 6161 MiB, 49140 MiB, 288.83 W, 300.00 W, 72, 2130 MHz
2026/09/23 14:25:09.275, 0, 97 %, 83 %, 6161 MiB, 49140 MiB, 286.33 W, 300.00 W, 72, 2055 MHz
2026/09/23 14:25:10.276, 0, 97 %, 87 %, 6161 MiB, 49140 MiB, 288.10 W, 300.00 W, 73, 1725 MHz
2026/09/23 14:25:11.277, 0, 97 %, 81 %, 6161 MiB, 49140 MiB, 288.36 W, 300.00 W, 71, 1860 MHz
2026/09/23 14:25:12.278, 0, 95 %, 86 %, 6161 MiB, 49140 MiB, 288.81 W, 300.00 W, 72, 1890 MHz
2026/09/23 14:25:13.278, 0, 97 %, 87 %, 6161 MiB, 49140 MiB, 286.98 W, 300.00 W, 73, 1965 MHz
2026/09/23 14:25:14.279, 0, 97 %, 86 %, 6161 MiB, 49140 MiB, 287.78 W, 300.00 W, 72, 1710 MHz
2026/09/23 14:25:15.280, 0, 97 %, 88 %, 6161 MiB, 49140 MiB, 289.37 W, 300.00 W, 73, 1770 MHz
2026/09/23 14:25:16.281, 0, 96 %, 82 %, 6161 MiB, 49140 MiB, 286.26 W, 300.00 W, 72, 2010 MHz
2026/09/23 14:25:17.282, 0, 98 %, 88 %, 6161 MiB, 49140 MiB, 287.98 W, 300.00 W, 74, 1695 MHz
2026/09/23 14:25:18.283, 0, 97 %, 83 %, 6161 MiB, 49140 MiB, 288.53 W, 300.00 W, 71, 2145 MHz
2026/09/23 14:25:19.284, 0, 98 %, 86 %, 6161 MiB, 49140 MiB, 287.58 W, 300.00 W, 73, 1770 MHz
2026/09/23 14:25:20.284, 0, 95 %, 85 %, 6161 MiB, 49140 MiB, 287.99 W, 300.00 W, 72, 1845 MHz
2026/09/23 14:25:21.286, 0, 97 %, 83 %, 6161 MiB, 49140 MiB, 285.75 W, 300.00 W, 72, 1935 MHz
2026/09/23 14:25:22.287, 0, 97 %, 86 %, 6161 MiB, 49140 MiB, 288.27 W, 300.00 W, 73, 1785 MHz
2026/09/23 14:25:23.287, 0, 98 %, 81 %, 6161 MiB, 49140 MiB, 288.84 W, 300.00 W, 71, 2145 MHz
2026/09/23 14:25:24.288, 0, 91 %, 65 %, 6161 MiB, 49140 MiB, 296.10 W, 300.00 W, 73, 1650 MHz
2026/09/23 14:25:25.289, 0, 0 %, 0 %, 6161 MiB, 49140 MiB, 131.47 W, 300.00 W, 67, 2730 MHz
2026/09/23 14:25:26.289, 0, 96 %, 87 %, 6161 MiB, 49140 MiB, 150.39 W, 300.00 W, 71, 2025 MHz
2026/09/23 14:25:27.290, 0, 98 %, 85 %, 6161 MiB, 49140 MiB, 286.61 W, 300.00 W, 72, 1755 MHz
2026/09/23 14:25:28.291, 0, 97 %, 87 %, 6161 MiB, 49140 MiB, 287.68 W, 300.00 W, 72, 1950 MHz
2026/09/23 14:25:29.293, 0, 96 %, 86 %, 6161 MiB, 49140 MiB, 288.47 W, 300.00 W, 72, 1725 MHz
2026/09/23 14:25:30.294, 0, 90 %, 80 %, 6161 MiB, 49140 MiB, 286.05 W, 300.00 W, 71, 1995 MHz
2026/09/23 14:25:31.295, 0, 97 %, 88 %, 6161 MiB, 49140 MiB, 286.57 W, 300.00 W, 73, 1620 MHz
2026/09/23 14:25:32.296, 0, 95 %, 86 %, 6161 MiB, 49140 MiB, 287.82 W, 300.00 W, 72, 1815 MHz
2026/09/23 14:25:33.297, 0, 98 %, 82 %, 6161 MiB, 49140 MiB, 285.82 W, 300.00 W, 71, 2160 MHz
2026/09/23 14:25:34.298, 0, 97 %, 88 %, 6161 MiB, 49140 MiB, 289.42 W, 300.00 W, 72, 1995 MHz
2026/09/23 14:25:35.298, 0, 90 %, 80 %, 6161 MiB, 49140 MiB, 285.52 W, 300.00 W, 72, 2025 MHz
2026/09/23 14:25:36.299, 0, 98 %, 89 %, 6161 MiB, 49140 MiB, 286.63 W, 300.00 W, 74, 1695 MHz
2026/09/23 14:25:37.300, 0, 98 %, 81 %, 6161 MiB, 49140 MiB, 289.36 W, 300.00 W, 71, 2130 MHz
2026/09/23 14:25:38.301, 0, 97 %, 86 %, 6161 MiB, 49140 MiB, 288.85 W, 300.00 W, 72, 1980 MHz
2026/09/23 14:25:39.302, 0, 97 %, 86 %, 6161 MiB, 49140 MiB, 287.55 W, 300.00 W, 73, 1680 MHz
2026/09/23 14:25:40.303, 0, 97 %, 87 %, 6161 MiB, 49140 MiB, 288.63 W, 300.00 W, 72, 1770 MHz
2026/09/23 14:25:41.303, 0, 96 %, 86 %, 6161 MiB, 49140 MiB, 289.68 W, 300.00 W, 73, 1725 MHz
2026/09/23 14:25:42.305, 0, 94 %, 83 %, 6161 MiB, 49140 MiB, 286.45 W, 300.00 W, 72, 1950 MHz
2026/09/23 14:25:43.305, 0, 97 %, 87 %, 6161 MiB, 49140 MiB, 288.32 W, 300.00 W, 74, 1680 MHz
2026/09/23 14:25:44.306, 0, 97 %, 81 %, 6161 MiB, 49140 MiB, 289.21 W, 300.00 W, 71, 2145 MHz
2026/09/23 14:25:45.307, 0, 96 %, 87 %, 6161 MiB, 49140 MiB, 289.63 W, 300.00 W, 73, 2040 MHz
2026/09/23 14:25:46.308, 0, 98 %, 84 %, 6161 MiB, 49140 MiB, 287.42 W, 300.00 W, 73, 1770 MHz
2026/09/23 14:25:47.311, 0, 97 %, 88 %, 6161 MiB, 49140 MiB, 289.73 W, 300.00 W, 73, 1800 MHz
2026/09/23 14:25:48.312, 0, 91 %, 66 %, 6161 MiB, 49140 MiB, 289.43 W, 300.00 W, 73, 1680 MHz
2026/09/23 14:25:49.312, 0, 0 %, 0 %, 6161 MiB, 49140 MiB, 265.93 W, 300.00 W, 68, 2730 MHz
2026/09/23 14:25:50.313, 0, 97 %, 81 %, 6161 MiB, 49140 MiB, 148.60 W, 300.00 W, 71, 2175 MHz
2026/09/23 14:25:51.313, 0, 95 %, 84 %, 6161 MiB, 49140 MiB, 289.14 W, 300.00 W, 72, 2040 MHz
2026/09/23 14:25:52.314, 0, 97 %, 86 %, 6161 MiB, 49140 MiB, 288.11 W, 300.00 W, 73, 1725 MHz
2026/09/23 14:25:53.315, 0, 97 %, 86 %, 6161 MiB, 49140 MiB, 289.20 W, 300.00 W, 72, 2025 MHz
2026/09/23 14:25:54.317, 0, 98 %, 87 %, 6161 MiB, 49140 MiB, 289.55 W, 300.00 W, 73, 1740 MHz
2026/09/23 14:25:55.317, 0, 93 %, 83 %, 6161 MiB, 49140 MiB, 286.31 W, 300.00 W, 72, 1950 MHz
2026/09/23 14:25:56.319, 0, 97 %, 86 %, 6161 MiB, 49140 MiB, 287.18 W, 300.00 W, 74, 1695 MHz
2026/09/23 14:25:57.320, 0, 98 %, 88 %, 6161 MiB, 49140 MiB, 288.69 W, 300.00 W, 73, 1785 MHz
2026/09/23 14:25:58.320, 0, 97 %, 84 %, 6161 MiB, 49140 MiB, 288.98 W, 300.00 W, 73, 1950 MHz
2026/09/23 14:25:59.321, 0, 93 %, 83 %, 6161 MiB, 49140 MiB, 288.51 W, 300.00 W, 72, 1980 MHz
2026/09/23 14:26:00.322, 0, 98 %, 87 %, 6161 MiB, 49140 MiB, 288.06 W, 300.00 W, 74, 1605 MHz
2026/09/23 14:26:01.323, 0, 97 %, 86 %, 6161 MiB, 49140 MiB, 289.28 W, 300.00 W, 72, 1995 MHz
2026/09/23 14:26:02.324, 0, 98 %, 87 %, 6161 MiB, 49140 MiB, 289.89 W, 300.00 W, 73, 1710 MHz
2026/09/23 14:26:03.325, 0, 94 %, 84 %, 6161 MiB, 49140 MiB, 286.90 W, 300.00 W, 72, 1875 MHz
2026/09/23 14:26:04.325, 0, 98 %, 87 %, 6161 MiB, 49140 MiB, 287.33 W, 300.00 W, 74, 1635 MHz
2026/09/23 14:26:05.326, 0, 98 %, 87 %, 6161 MiB, 49140 MiB, 289.45 W, 300.00 W, 73, 1995 MHz
2026/09/23 14:26:06.327, 0, 98 %, 82 %, 6161 MiB, 49140 MiB, 289.95 W, 300.00 W, 72, 2130 MHz
2026/09/23 14:26:07.327, 0, 96 %, 86 %, 6161 MiB, 49140 MiB, 288.26 W, 300.00 W, 73, 1995 MHz
2026/09/23 14:26:08.328, 0, 94 %, 84 %, 6161 MiB, 49140 MiB, 286.17 W, 300.00 W, 72, 1590 MHz
2026/09/23 14:26:09.329, 0, 98 %, 88 %, 6161 MiB, 49140 MiB, 288.29 W, 300.00 W, 74, 1905 MHz
2026/09/23 14:26:10.330, 0, 98 %, 87 %, 6161 MiB, 49140 MiB, 287.39 W, 300.00 W, 73, 2175 MHz
2026/09/23 14:26:11.331, 0, 96 %, 82 %, 6161 MiB, 49140 MiB, 287.90 W, 300.00 W, 72, 1785 MHz
2026/09/23 14:26:12.331, 0, 91 %, 72 %, 6161 MiB, 49140 MiB, 289.03 W, 300.00 W, 73, 1890 MHz
2026/09/23 14:26:13.332, 0, 37 %, 24 %, 6161 MiB, 49140 MiB, 284.09 W, 300.00 W, 69, 2730 MHz
2026/09/23 14:26:14.332, 0, 0 %, 0 %, 6161 MiB, 49140 MiB, 95.09 W, 300.00 W, 67, 2730 MHz
2026/09/23 14:26:15.333, 0, 96 %, 84 %, 6161 MiB, 49140 MiB, 161.41 W, 300.00 W, 71, 1800 MHz
2026/09/23 14:26:16.334, 0, 93 %, 84 %, 6161 MiB, 49140 MiB, 287.23 W, 300.00 W, 72, 1905 MHz
2026/09/23 14:26:17.335, 0, 95 %, 83 %, 6161 MiB, 49140 MiB, 285.86 W, 300.00 W, 72, 1695 MHz
2026/09/23 14:26:18.337, 0, 97 %, 86 %, 6161 MiB, 49140 MiB, 288.57 W, 300.00 W, 73, 2145 MHz
2026/09/23 14:26:19.338, 0, 97 %, 82 %, 6161 MiB, 49140 MiB, 287.87 W, 300.00 W, 71, 1785 MHz
2026/09/23 14:26:20.339, 0, 98 %, 88 %, 6161 MiB, 49140 MiB, 288.82 W, 300.00 W, 72, 1965 MHz
2026/09/23 14:26:21.339, 0, 95 %, 82 %, 6161 MiB, 49140 MiB, 285.59 W, 300.00 W, 72, 1665 MHz
2026/09/23 14:26:22.341, 0, 98 %, 88 %, 6161 MiB, 49140 MiB, 288.11 W, 300.00 W, 73, 2130 MHz
2026/09/23 14:26:23.342, 0, 97 %, 82 %, 6161 MiB, 49140 MiB, 288.92 W, 300.00 W, 71, 1830 MHz
2026/09/23 14:26:24.343, 0, 98 %, 88 %, 6161 MiB, 49140 MiB, 289.94 W, 300.00 W, 72, 1995 MHz
2026/09/23 14:26:25.344, 0, 98 %, 83 %, 6161 MiB, 49140 MiB, 287.83 W, 300.00 W, 72, 1740 MHz
2026/09/23 14:26:26.345, 0, 98 %, 87 %, 6161 MiB, 49140 MiB, 288.17 W, 300.00 W, 73, 2100 MHz
2026/09/23 14:26:27.346, 0, 94 %, 81 %, 6161 MiB, 49140 MiB, 286.93 W, 300.00 W, 72, 1785 MHz
2026/09/23 14:26:28.346, 0, 97 %, 87 %, 6161 MiB, 49140 MiB, 288.16 W, 300.00 W, 73, 1950 MHz
2026/09/23 14:26:29.347, 0, 96 %, 82 %, 6161 MiB, 49140 MiB, 287.65 W, 300.00 W, 73, 1650 MHz
2026/09/23 14:26:30.348, 0, 98 %, 89 %, 6161 MiB, 49140 MiB, 287.64 W, 300.00 W, 74, 2025 MHz
2026/09/23 14:26:31.348, 0, 98 %, 86 %, 6161 MiB, 49140 MiB, 289.20 W, 300.00 W, 72, 1860 MHz
2026/09/23 14:26:32.349, 0, 97 %, 87 %, 6161 MiB, 49140 MiB, 289.93 W, 300.00 W, 73, 1845 MHz
2026/09/23 14:26:33.350, 0, 94 %, 83 %, 6161 MiB, 49140 MiB, 286.85 W, 300.00 W, 72, 1605 MHz
2026/09/23 14:26:34.351, 0, 98 %, 88 %, 6161 MiB, 49140 MiB, 287.08 W, 300.00 W, 74, 1935 MHz
2026/09/23 14:26:35.351, 0, 98 %, 87 %, 6161 MiB, 49140 MiB, 288.23 W, 300.00 W, 73, 1950 MHz
2026/09/23 14:26:36.353, 0, 97 %, 81 %, 6161 MiB, 49140 MiB, 288.49 W, 300.00 W, 72, 2010 MHz
2026/09/23 14:26:37.354, 0, 92 %, 65 %, 6161 MiB, 49140 MiB, 289.38 W, 300.00 W, 73, 1650 MHz
2026/09/23 14:26:38.354, 0, 10 %, 0 %, 6161 MiB, 49140 MiB, 263.69 W, 300.00 W, 68, 2730 MHz
2026/09/23 14:26:39.355, 0, 0 %, 0 %, 6161 MiB, 49140 MiB, 88.49 W, 300.00 W, 66, 2730 MHz
2026/09/23 14:26:40.356, 0, 97 %, 87 %, 6161 MiB, 49140 MiB, 189.66 W, 300.00 W, 73, 2130 MHz
2026/09/23 14:26:41.357, 0, 97 %, 81 %, 6161 MiB, 49140 MiB, 289.37 W, 300.00 W, 71, 2130 MHz
2026/09/23 14:26:42.358, 0, 95 %, 84 %, 6161 MiB, 49140 MiB, 287.88 W, 300.00 W, 72, 1830 MHz
2026/09/23 14:26:43.360, 0, 93 %, 83 %, 6161 MiB, 49140 MiB, 283.49 W, 300.00 W, 72, 1620 MHz
2026/09/23 14:26:44.360, 0, 97 %, 86 %, 6161 MiB, 49140 MiB, 285.94 W, 300.00 W, 73, 1800 MHz
2026/09/23 14:26:45.361, 0, 98 %, 87 %, 6161 MiB, 49140 MiB, 288.64 W, 300.00 W, 72, 1965 MHz
2026/09/23 14:26:46.363, 0, 97 %, 81 %, 6161 MiB, 49140 MiB, 288.88 W, 300.00 W, 72, 2025 MHz
2026/09/23 14:26:47.364, 0, 96 %, 86 %, 6161 MiB, 49140 MiB, 287.58 W, 300.00 W, 72, 1995 MHz
2026/09/23 14:26:48.364, 0, 96 %, 83 %, 6161 MiB, 49140 MiB, 284.40 W, 300.00 W, 72, 1680 MHz
2026/09/23 14:26:49.365, 0, 98 %, 88 %, 6161 MiB, 49140 MiB, 286.85 W, 300.00 W, 74, 2025 MHz
2026/09/23 14:26:50.366, 0, 96 %, 85 %, 6161 MiB, 49140 MiB, 287.55 W, 300.00 W, 72, 2055 MHz
2026/09/23 14:26:51.366, 0, 98 %, 84 %, 6161 MiB, 49140 MiB, 288.82 W, 300.00 W, 72, 2115 MHz
2026/09/23 14:26:52.367, 0, 94 %, 84 %, 6161 MiB, 49140 MiB, 287.51 W, 300.00 W, 72, 1920 MHz
2026/09/23 14:26:53.368, 0, 98 %, 84 %, 6161 MiB, 49140 MiB, 286.51 W, 300.00 W, 73, 1770 MHz
2026/09/23 14:26:54.369, 0, 98 %, 87 %, 6161 MiB, 49140 MiB, 289.66 W, 300.00 W, 72, 1965 MHz
2026/09/23 14:26:55.370, 0, 98 %, 81 %, 6161 MiB, 49140 MiB, 288.39 W, 300.00 W, 71, 2010 MHz
2026/09/23 14:26:56.371, 0, 97 %, 87 %, 6161 MiB, 49140 MiB, 288.41 W, 300.00 W, 73, 1710 MHz
2026/09/23 14:26:57.372, 0, 94 %, 83 %, 6161 MiB, 49140 MiB, 285.38 W, 300.00 W, 72, 1875 MHz
2026/09/23 14:26:58.374, 0, 98 %, 87 %, 6161 MiB, 49140 MiB, 288.32 W, 300.00 W, 74, 1905 MHz
2026/09/23 14:26:59.375, 0, 98 %, 86 %, 6161 MiB, 49140 MiB, 288.32 W, 300.00 W, 72, 2175 MHz
2026/09/23 14:27:00.375, 0, 93 %, 79 %, 6161 MiB, 49140 MiB, 288.80 W, 300.00 W, 73, 1785 MHz
2026/09/23 14:27:01.376, 0, 97 %, 86 %, 6161 MiB, 49140 MiB, 289.08 W, 300.00 W, 72, 1755 MHz
2026/09/23 14:27:02.377, 0, 95 %, 64 %, 6161 MiB, 49140 MiB, 290.79 W, 300.00 W, 74, 1710 MHz
2026/09/23 14:27:03.438, 0, 4 %, 0 %, 6161 MiB, 49140 MiB, 145.82 W, 300.00 W, 66, 2685 MHz
2026/09/23 14:27:04.439, 0, 0 %, 0 %, 6161 MiB, 49140 MiB, 112.63 W, 300.00 W, 71, 1755 MHz
2026/09/23 14:27:05.439, 0, 98 %, 88 %, 6161 MiB, 49140 MiB, 287.32 W, 300.00 W, 71, 2010 MHz
2026/09/23 14:27:06.440, 0, 98 %, 82 %, 6161 MiB, 49140 MiB, 288.03 W, 300.00 W, 73, 1740 MHz
2026/09/23 14:27:07.441, 0, 95 %, 84 %, 6161 MiB, 49140 MiB, 289.95 W, 300.00 W, 71, 2025 MHz
2026/09/23 14:27:08.442, 0, 98 %, 88 %, 6161 MiB, 49140 MiB, 288.70 W, 300.00 W, 72, 1740 MHz
2026/09/23 14:27:09.444, 0, 97 %, 86 %, 6161 MiB, 49140 MiB, 286.27 W, 300.00 W, 72, 2130 MHz
2026/09/23 14:27:10.444, 0, 97 %, 87 %, 6161 MiB, 49140 MiB, 289.34 W, 300.00 W, 72, 2040 MHz
2026/09/23 14:27:11.446, 0, 96 %, 83 %, 6161 MiB, 49140 MiB, 289.56 W, 300.00 W, 71, 1980 MHz
2026/09/23 14:27:12.447, 0, 97 %, 87 %, 6161 MiB, 49140 MiB, 287.50 W, 300.00 W, 72, 1740 MHz
2026/09/23 14:27:13.447, 0, 95 %, 84 %, 6161 MiB, 49140 MiB, 286.50 W, 300.00 W, 72, 1995 MHz
2026/09/23 14:27:14.448, 0, 97 %, 81 %, 6161 MiB, 49140 MiB, 289.50 W, 300.00 W, 73, 1815 MHz
2026/09/23 14:27:15.450, 0, 95 %, 84 %, 6161 MiB, 49140 MiB, 286.90 W, 300.00 W, 72, 2040 MHz
2026/09/23 14:27:16.452, 0, 97 %, 83 %, 6161 MiB, 49140 MiB, 290.16 W, 300.00 W, 73, 1755 MHz
2026/09/23 14:27:17.452, 0, 98 %, 87 %, 6161 MiB, 49140 MiB, 286.91 W, 300.00 W, 72, 1860 MHz
2026/09/23 14:27:18.453, 0, 97 %, 81 %, 6161 MiB, 49140 MiB, 288.64 W, 300.00 W, 73, 1920 MHz
2026/09/23 14:27:19.454, 0, 96 %, 87 %, 6161 MiB, 49140 MiB, 288.47 W, 300.00 W, 72, 1980 MHz
2026/09/23 14:27:20.455, 0, 97 %, 86 %, 6161 MiB, 49140 MiB, 289.50 W, 300.00 W, 72, 1935 MHz
2026/09/23 14:27:21.456, 0, 98 %, 87 %, 6161 MiB, 49140 MiB, 288.97 W, 300.00 W, 72, 1755 MHz
2026/09/23 14:27:22.457, 0, 98 %, 82 %, 6161 MiB, 49140 MiB, 287.98 W, 300.00 W, 73, 2190 MHz
2026/09/23 14:27:23.458, 0, 96 %, 85 %, 6161 MiB, 49140 MiB, 288.52 W, 300.00 W, 73, 1995 MHz
2026/09/23 14:27:24.458, 0, 97 %, 85 %, 6161 MiB, 49140 MiB, 290.02 W, 300.00 W, 72, 2025 MHz
2026/09/23 14:27:25.459, 0, 98 %, 87 %, 6161 MiB, 49140 MiB, 286.60 W, 300.00 W, 72, 1755 MHz
2026/09/23 14:27:26.460, 0, 97 %, 82 %, 6161 MiB, 49140 MiB, 222.70 W, 300.00 W, 67, 2745 MHz
2026/09/23 14:27:27.461, 0, 96 %, 82 %, 6161 MiB, 49140 MiB, 241.53 W, 300.00 W, 73, 1710 MHz
2026/09/23 14:27:28.462, 0, 92 %, 67 %, 6161 MiB, 49140 MiB, 201.77 W, 300.00 W, 66, 2610 MHz
2026/09/23 14:27:29.462, 0, 0 %, 0 %, 6161 MiB, 49140 MiB, 78.17 W, 300.00 W, 65, 2610 MHz
2026/09/23 14:27:30.463, 0, 97 %, 88 %, 6161 MiB, 49140 MiB, 171.70 W, 300.00 W, 71, 2055 MHz
2026/09/23 14:27:31.464, 0, 96 %, 83 %, 6161 MiB, 49140 MiB, 288.64 W, 300.00 W, 71, 1710 MHz
2026/09/23 14:27:32.465, 0, 96 %, 86 %, 6161 MiB, 49140 MiB, 285.52 W, 300.00 W, 71, 1860 MHz
2026/09/23 14:27:33.466, 0, 97 %, 85 %, 6161 MiB, 49140 MiB, 286.14 W, 300.00 W, 72, 2100 MHz
2026/09/23 14:27:34.467, 0, 95 %, 84 %, 6161 MiB, 49140 MiB, 286.30 W, 300.00 W, 72, 2010 MHz
2026/09/23 14:27:35.467, 0, 96 %, 85 %, 6161 MiB, 49140 MiB, 286.31 W, 300.00 W, 70, 1980 MHz
2026/09/23 14:27:36.469, 0, 93 %, 82 %, 6161 MiB, 49140 MiB, 287.36 W, 300.00 W, 72, 1635 MHz
2026/09/23 14:27:37.469, 0, 97 %, 85 %, 6161 MiB, 49140 MiB, 286.54 W, 300.00 W, 72, 1995 MHz
2026/09/23 14:27:38.471, 0, 97 %, 87 %, 6161 MiB, 49140 MiB, 287.78 W, 300.00 W, 73, 1965 MHz
2026/09/23 14:27:39.472, 0, 95 %, 84 %, 6161 MiB, 49140 MiB, 289.04 W, 300.00 W, 71, 1905 MHz
2026/09/23 14:27:40.473, 0, 97 %, 86 %, 6161 MiB, 49140 MiB, 288.51 W, 300.00 W, 72, 1620 MHz
2026/09/23 14:27:41.473, 0, 97 %, 85 %, 6161 MiB, 49140 MiB, 285.65 W, 300.00 W, 72, 2010 MHz
2026/09/23 14:27:42.474, 0, 97 %, 86 %, 6161 MiB, 49140 MiB, 287.23 W, 300.00 W, 73, 2025 MHz
2026/09/23 14:27:43.475, 0, 96 %, 85 %, 6161 MiB, 49140 MiB, 288.15 W, 300.00 W, 72, 1995 MHz
2026/09/23 14:27:44.476, 0, 98 %, 87 %, 6161 MiB, 49140 MiB, 289.99 W, 300.00 W, 71, 1755 MHz
2026/09/23 14:27:45.477, 0, 97 %, 86 %, 6161 MiB, 49140 MiB, 287.46 W, 300.00 W, 72, 2115 MHz
2026/09/23 14:27:46.478, 0, 98 %, 85 %, 6161 MiB, 49140 MiB, 288.03 W, 300.00 W, 73, 2010 MHz
2026/09/23 14:27:47.478, 0, 97 %, 86 %, 6161 MiB, 49140 MiB, 287.68 W, 300.00 W, 72, 1800 MHz
2026/09/23 14:27:48.479, 0, 96 %, 86 %, 6161 MiB, 49140 MiB, 289.46 W, 300.00 W, 72, 1815 MHz
2026/09/23 14:27:49.479, 0, 97 %, 86 %, 6161 MiB, 49140 MiB, 287.36 W, 300.00 W, 72, 2130 MHz
2026/09/23 14:27:50.480, 0, 97 %, 83 %, 6161 MiB, 49140 MiB, 286.86 W, 300.00 W, 72, 1755 MHz
2026/09/23 14:27:51.481, 0, 97 %, 87 %, 6161 MiB, 49140 MiB, 289.16 W, 300.00 W, 73, 1965 MHz
2026/09/23 14:27:52.482, 0, 97 %, 84 %, 6161 MiB, 49140 MiB, 289.30 W, 300.00 W, 73, 1755 MHz
2026/09/23 14:27:53.482, 0, 94 %, 68 %, 6161 MiB, 49140 MiB, 233.97 W, 300.00 W, 67, 2745 MHz
2026/09/23 14:27:54.483, 0, 0 %, 0 %, 6161 MiB, 49140 MiB, 87.70 W, 300.00 W, 66, 2745 MHz
2026/09/23 14:27:55.483, 0, 97 %, 87 %, 6161 MiB, 49140 MiB, 217.24 W, 300.00 W, 71, 2085 MHz
2026/09/23 14:27:56.484, 0, 98 %, 85 %, 6161 MiB, 49140 MiB, 286.96 W, 300.00 W, 73, 2070 MHz
2026/09/23 14:27:57.485, 0, 96 %, 86 %, 6161 MiB, 49140 MiB, 286.75 W, 300.00 W, 72, 1800 MHz
2026/09/23 14:27:58.487, 0, 93 %, 83 %, 6161 MiB, 49140 MiB, 287.04 W, 300.00 W, 71, 1785 MHz
2026/09/23 14:27:59.488, 0, 93 %, 83 %, 6161 MiB, 49140 MiB, 285.95 W, 300.00 W, 71, 2130 MHz
2026/09/23 14:28:00.489, 0, 97 %, 81 %, 6161 MiB, 49140 MiB, 287.97 W, 300.00 W, 72, 1965 MHz
2026/09/23 14:28:01.494, 0, 96 %, 84 %, 6161 MiB, 49140 MiB, 288.13 W, 300.00 W, 72, 2040 MHz
2026/09/23 14:28:02.495, 0, 97 %, 83 %, 6161 MiB, 49140 MiB, 288.51 W, 300.00 W, 71, 1710 MHz
2026/09/23 14:28:03.496, 0, 92 %, 80 %, 6161 MiB, 49140 MiB, 287.57 W, 300.00 W, 72, 2025 MHz
2026/09/23 14:28:04.497, 0, 97 %, 84 %, 6161 MiB, 49140 MiB, 287.73 W, 300.00 W, 72, 1740 MHz
2026/09/23 14:28:05.499, 0, 97 %, 86 %, 6161 MiB, 49140 MiB, 288.27 W, 300.00 W, 73, 1980 MHz
2026/09/23 14:28:06.499, 0, 96 %, 82 %, 6161 MiB, 49140 MiB, 289.39 W, 300.00 W, 71, 1635 MHz
2026/09/23 14:28:07.502, 0, 96 %, 83 %, 6161 MiB, 49140 MiB, 288.22 W, 300.00 W, 72, 1935 MHz
2026/09/23 14:28:08.502, 0, 97 %, 84 %, 6161 MiB, 49140 MiB, 286.86 W, 300.00 W, 73, 1740 MHz
2026/09/23 14:28:09.504, 0, 96 %, 86 %, 6161 MiB, 49140 MiB, 287.22 W, 300.00 W, 73, 2235 MHz
2026/09/23 14:28:10.505, 0, 95 %, 84 %, 6161 MiB, 49140 MiB, 287.67 W, 300.00 W, 72, 1800 MHz
2026/09/23 14:28:11.507, 0, 97 %, 87 %, 6161 MiB, 49140 MiB, 288.70 W, 300.00 W, 72, 1830 MHz
2026/09/23 14:28:12.508, 0, 97 %, 86 %, 6161 MiB, 49140 MiB, 286.75 W, 300.00 W, 72, 2070 MHz
2026/09/23 14:28:13.509, 0, 98 %, 84 %, 6161 MiB, 49140 MiB, 288.46 W, 300.00 W, 73, 2025 MHz
2026/09/23 14:28:14.509, 0, 95 %, 84 %, 6161 MiB, 49140 MiB, 288.50 W, 300.00 W, 72, 1980 MHz
2026/09/23 14:28:15.510, 0, 97 %, 84 %, 6161 MiB, 49140 MiB, 289.16 W, 300.00 W, 72, 1755 MHz
2026/09/23 14:28:16.511, 0, 97 %, 86 %, 6161 MiB, 49140 MiB, 288.19 W, 300.00 W, 72, 2145 MHz
2026/09/23 14:28:17.512, 0, 98 %, 82 %, 6161 MiB, 49140 MiB, 290.54 W, 300.00 W, 74, 1695 MHz
2026/09/23 14:28:18.513, 0, 94 %, 66 %, 6161 MiB, 49140 MiB, 211.35 W, 300.00 W, 67, 2745 MHz
2026/09/23 14:28:19.513, 0, 0 %, 0 %, 6161 MiB, 49140 MiB, 88.04 W, 300.00 W, 66, 2745 MHz
2026/09/23 14:28:20.514, 0, 97 %, 85 %, 6161 MiB, 49140 MiB, 219.87 W, 300.00 W, 70, 1650 MHz
2026/09/23 14:28:21.515, 0, 92 %, 80 %, 6161 MiB, 49140 MiB, 286.36 W, 300.00 W, 72, 1830 MHz
2026/09/23 14:28:22.516, 0, 97 %, 85 %, 6161 MiB, 49140 MiB, 285.17 W, 300.00 W, 72, 2025 MHz
2026/09/23 14:28:23.517, 0, 98 %, 88 %, 6161 MiB, 49140 MiB, 288.60 W, 300.00 W, 73, 1890 MHz
2026/09/23 14:28:24.518, 0, 97 %, 86 %, 6161 MiB, 49140 MiB, 288.59 W, 300.00 W, 71, 1695 MHz
2026/09/23 14:28:25.519, 0, 97 %, 86 %, 6161 MiB, 49140 MiB, 287.94 W, 300.00 W, 73, 1845 MHz
2026/09/23 14:28:26.520, 0, 98 %, 87 %, 6161 MiB, 49140 MiB, 286.82 W, 300.00 W, 72, 2010 MHz
2026/09/23 14:28:27.521, 0, 96 %, 86 %, 6161 MiB, 49140 MiB, 287.68 W, 300.00 W, 73, 2040 MHz
2026/09/23 14:28:28.522, 0, 96 %, 85 %, 6161 MiB, 49140 MiB, 286.54 W, 300.00 W, 72, 1995 MHz
2026/09/23 14:28:29.523, 0, 98 %, 84 %, 6161 MiB, 49140 MiB, 288.44 W, 300.00 W, 70, 1680 MHz
2026/09/23 14:28:30.525, 0, 92 %, 80 %, 6161 MiB, 49140 MiB, 287.29 W, 300.00 W, 72, 1905 MHz
2026/09/23 14:28:31.525, 0, 97 %, 84 %, 6161 MiB, 49140 MiB, 286.55 W, 300.00 W, 72, 1935 MHz
2026/09/23 14:28:32.526, 0, 97 %, 87 %, 6161 MiB, 49140 MiB, 289.47 W, 300.00 W, 74, 1920 MHz
2026/09/23 14:28:33.527, 0, 97 %, 86 %, 6161 MiB, 49140 MiB, 288.80 W, 300.00 W, 72, 1830 MHz
2026/09/23 14:28:34.527, 0, 97 %, 86 %, 6161 MiB, 49140 MiB, 286.60 W, 300.00 W, 70, 2100 MHz
2026/09/23 14:28:35.528, 0, 97 %, 85 %, 6161 MiB, 49140 MiB, 287.84 W, 300.00 W, 72, 1755 MHz
2026/09/23 14:28:36.529, 0, 95 %, 83 %, 6161 MiB, 49140 MiB, 285.90 W, 300.00 W, 72, 2010 MHz
2026/09/23 14:28:37.530, 0, 98 %, 86 %, 6161 MiB, 49140 MiB, 288.17 W, 300.00 W, 73, 1965 MHz
2026/09/23 14:28:38.533, 0, 95 %, 83 %, 6161 MiB, 49140 MiB, 289.18 W, 300.00 W, 73, 1800 MHz
2026/09/23 14:28:39.534, 0, 98 %, 87 %, 6161 MiB, 49140 MiB, 289.38 W, 300.00 W, 72, 2160 MHz
2026/09/23 14:28:40.535, 0, 98 %, 87 %, 6161 MiB, 49140 MiB, 287.39 W, 300.00 W, 72, 1905 MHz
2026/09/23 14:28:41.536, 0, 98 %, 82 %, 6161 MiB, 49140 MiB, 286.50 W, 300.00 W, 72, 1980 MHz
2026/09/23 14:28:42.537, 0, 89 %, 68 %, 6161 MiB, 49140 MiB, 290.01 W, 300.00 W, 73, 1740 MHz
2026/09/23 14:28:43.537, 0, 37 %, 26 %, 6161 MiB, 49140 MiB, 190.74 W, 300.00 W, 67, 2745 MHz
2026/09/23 14:28:44.538, 0, 98 %, 88 %, 6161 MiB, 49140 MiB, 222.93 W, 300.00 W, 73, 1950 MHz
2026/09/23 14:28:45.539, 0, 96 %, 85 %, 6161 MiB, 49140 MiB, 288.29 W, 300.00 W, 71, 1800 MHz
2026/09/23 14:28:46.540, 0, 97 %, 87 %, 6161 MiB, 49140 MiB, 289.17 W, 300.00 W, 72, 2100 MHz
2026/09/23 14:28:47.541, 0, 96 %, 85 %, 6161 MiB, 49140 MiB, 287.49 W, 300.00 W, 72, 1950 MHz
2026/09/23 14:28:48.542, 0, 96 %, 81 %, 6161 MiB, 49140 MiB, 287.67 W, 300.00 W, 74, 1995 MHz
2026/09/23 14:28:49.543, 0, 96 %, 85 %, 6161 MiB, 49140 MiB, 288.29 W, 300.00 W, 72, 1695 MHz
2026/09/23 14:28:50.543, 0, 97 %, 82 %, 6161 MiB, 49140 MiB, 287.42 W, 300.00 W, 73, 2010 MHz
2026/09/23 14:28:51.545, 0, 98 %, 86 %, 6161 MiB, 49140 MiB, 288.52 W, 300.00 W, 72, 1950 MHz
2026/09/23 14:28:52.546, 0, 97 %, 84 %, 6161 MiB, 49140 MiB, 288.34 W, 300.00 W, 74, 1965 MHz
2026/09/23 14:28:53.547, 0, 97 %, 87 %, 6161 MiB, 49140 MiB, 288.24 W, 300.00 W, 72, 1755 MHz
2026/09/23 14:28:54.547, 0, 98 %, 85 %, 6161 MiB, 49140 MiB, 289.24 W, 300.00 W, 72, 1875 MHz
2026/09/23 14:28:55.548, 0, 98 %, 87 %, 6161 MiB, 49140 MiB, 288.04 W, 300.00 W, 72, 2070 MHz
2026/09/23 14:28:56.549, 0, 98 %, 86 %, 6161 MiB, 49140 MiB, 288.05 W, 300.00 W, 73, 2055 MHz
2026/09/23 14:28:57.550, 0, 98 %, 87 %, 6161 MiB, 49140 MiB, 289.03 W, 300.00 W, 73, 1695 MHz
2026/09/23 14:28:58.551, 0, 95 %, 84 %, 6161 MiB, 49140 MiB, 288.73 W, 300.00 W, 71, 1815 MHz
2026/09/23 14:28:59.552, 0, 96 %, 86 %, 6161 MiB, 49140 MiB, 287.75 W, 300.00 W, 73, 2115 MHz
2026/09/23 14:29:00.557, 0, 97 %, 86 %, 6161 MiB, 49140 MiB, 287.25 W, 300.00 W, 73, 1980 MHz
2026/09/23 14:29:01.557, 0, 92 %, 79 %, 6161 MiB, 49140 MiB, 286.65 W, 300.00 W, 73, 2130 MHz
2026/09/23 14:29:02.559, 0, 96 %, 85 %, 6161 MiB, 49140 MiB, 287.25 W, 300.00 W, 73, 1725 MHz
2026/09/23 14:29:03.560, 0, 96 %, 85 %, 6161 MiB, 49140 MiB, 289.44 W, 300.00 W, 71, 1815 MHz
2026/09/23 14:29:04.560, 0, 98 %, 86 %, 6161 MiB, 49140 MiB, 289.41 W, 300.00 W, 72, 1920 MHz
2026/09/23 14:29:05.561, 0, 98 %, 87 %, 6161 MiB, 49140 MiB, 284.79 W, 300.00 W, 72, 1800 MHz
2026/09/23 14:29:06.562, 0, 96 %, 80 %, 6161 MiB, 49140 MiB, 291.42 W, 300.00 W, 74, 1680 MHz
2026/09/23 14:29:07.563, 0, 94 %, 66 %, 6161 MiB, 49140 MiB, 210.75 W, 300.00 W, 67, 2745 MHz
2026/09/23 14:29:08.563, 0, 0 %, 0 %, 6161 MiB, 49140 MiB, 88.36 W, 300.00 W, 66, 2745 MHz
2026/09/23 14:29:09.564, 0, 98 %, 84 %, 6161 MiB, 49140 MiB, 220.92 W, 300.00 W, 72, 2040 MHz
2026/09/23 14:29:10.565, 0, 96 %, 86 %, 6161 MiB, 49140 MiB, 286.63 W, 300.00 W, 72, 1875 MHz
2026/09/23 14:29:11.565, 0, 95 %, 80 %, 6161 MiB, 49140 MiB, 284.53 W, 300.00 W, 72, 2100 MHz
2026/09/23 14:29:12.566, 0, 97 %, 87 %, 6161 MiB, 49140 MiB, 286.24 W, 300.00 W, 72, 1905 MHz
2026/09/23 14:29:13.567, 0, 92 %, 81 %, 6161 MiB, 49140 MiB, 286.10 W, 300.00 W, 70, 1815 MHz
2026/09/23 14:29:14.568, 0, 97 %, 87 %, 6161 MiB, 49140 MiB, 287.57 W, 300.00 W, 72, 2100 MHz
2026/09/23 14:29:15.569, 0, 97 %, 85 %, 6161 MiB, 49140 MiB, 286.19 W, 300.00 W, 72, 2070 MHz
2026/09/23 14:29:16.570, 0, 97 %, 85 %, 6161 MiB, 49140 MiB, 287.39 W, 300.00 W, 73, 1965 MHz
2026/09/23 14:29:17.570, 0, 91 %, 80 %, 6161 MiB, 49140 MiB, 285.80 W, 300.00 W, 72, 1695 MHz
2026/09/23 14:29:18.571, 0, 97 %, 83 %, 6161 MiB, 49140 MiB, 287.43 W, 300.00 W, 72, 1875 MHz
2026/09/23 14:29:19.574, 0, 98 %, 87 %, 6161 MiB, 49140 MiB, 287.24 W, 300.00 W, 72, 1950 MHz
2026/09/23 14:29:20.574, 0, 97 %, 87 %, 6161 MiB, 49140 MiB, 285.16 W, 300.00 W, 72, 2055 MHz
2026/09/23 14:29:21.576, 0, 98 %, 84 %, 6161 MiB, 49140 MiB, 288.32 W, 300.00 W, 74, 2055 MHz
2026/09/23 14:29:22.576, 0, 97 %, 85 %, 6161 MiB, 49140 MiB, 289.33 W, 300.00 W, 71, 1710 MHz
2026/09/23 14:29:23.579, 0, 97 %, 85 %, 6161 MiB, 49140 MiB, 289.13 W, 300.00 W, 73, 1740 MHz
2026/09/23 14:29:24.581, 0, 97 %, 85 %, 6161 MiB, 49140 MiB, 286.64 W, 300.00 W, 72, 2010 MHz
2026/09/23 14:29:25.582, 0, 98 %, 85 %, 6161 MiB, 49140 MiB, 287.39 W, 300.00 W, 73, 1680 MHz
2026/09/23 14:29:26.582, 0, 97 %, 87 %, 6161 MiB, 49140 MiB, 288.28 W, 300.00 W, 73, 1815 MHz
2026/09/23 14:29:27.584, 0, 93 %, 82 %, 6161 MiB, 49140 MiB, 287.46 W, 300.00 W, 72, 2100 MHz
2026/09/23 14:29:28.586, 0, 96 %, 84 %, 6161 MiB, 49140 MiB, 286.97 W, 300.00 W, 72, 1935 MHz
2026/09/23 14:29:29.586, 0, 97 %, 85 %, 6161 MiB, 49140 MiB, 289.03 W, 300.00 W, 72, 2025 MHz
2026/09/23 14:29:30.588, 0, 97 %, 85 %, 6161 MiB, 49140 MiB, 286.67 W, 300.00 W, 72, 1920 MHz
2026/09/23 14:29:31.589, 0, 93 %, 74 %, 6161 MiB, 49140 MiB, 294.69 W, 300.00 W, 73, 1650 MHz
2026/09/23 14:29:32.589, 0, 34 %, 23 %, 6161 MiB, 49140 MiB, 190.74 W, 300.00 W, 67, 2745 MHz
2026/09/23 14:29:33.590, 0, 0 %, 0 %, 6161 MiB, 49140 MiB, 87.58 W, 300.00 W, 66, 2655 MHz
2026/09/23 14:29:34.590, 0, 96 %, 86 %, 6161 MiB, 49140 MiB, 225.64 W, 300.00 W, 71, 1995 MHz
2026/09/23 14:29:35.593, 0, 96 %, 85 %, 6161 MiB, 49140 MiB, 284.38 W, 300.00 W, 71, 2010 MHz
2026/09/23 14:29:36.594, 0, 96 %, 81 %, 6161 MiB, 49140 MiB, 286.65 W, 300.00 W, 73, 1665 MHz
2026/09/23 14:29:37.595, 0, 98 %, 86 %, 6161 MiB, 49140 MiB, 287.67 W, 300.00 W, 71, 2085 MHz
2026/09/23 14:29:38.596, 0, 97 %, 83 %, 6161 MiB, 49140 MiB, 289.09 W, 300.00 W, 73, 1770 MHz
2026/09/23 14:29:39.597, 0, 97 %, 86 %, 6161 MiB, 49140 MiB, 286.14 W, 300.00 W, 72, 1995 MHz
2026/09/23 14:29:40.597, 0, 98 %, 81 %, 6161 MiB, 49140 MiB, 287.77 W, 300.00 W, 74, 1650 MHz
2026/09/23 14:29:41.600, 0, 96 %, 85 %, 6161 MiB, 49140 MiB, 288.16 W, 300.00 W, 72, 2040 MHz
2026/09/23 14:29:42.601, 0, 97 %, 82 %, 6161 MiB, 49140 MiB, 289.04 W, 300.00 W, 71, 2205 MHz
2026/09/23 14:29:43.602, 0, 97 %, 85 %, 6161 MiB, 49140 MiB, 287.43 W, 300.00 W, 72, 1965 MHz
2026/09/23 14:29:44.603, 0, 96 %, 83 %, 6161 MiB, 49140 MiB, 287.45 W, 300.00 W, 73, 1860 MHz
2026/09/23 14:29:45.607, 0, 97 %, 86 %, 6161 MiB, 49140 MiB, 288.99 W, 300.00 W, 73, 1770 MHz
2026/09/23 14:29:46.607, 0, 96 %, 84 %, 6161 MiB, 49140 MiB, 288.53 W, 300.00 W, 71, 2130 MHz
2026/09/23 14:29:47.608, 0, 98 %, 87 %, 6161 MiB, 49140 MiB, 288.39 W, 300.00 W, 72, 1965 MHz
2026/09/23 14:29:48.608, 0, 93 %, 82 %, 6161 MiB, 49140 MiB, 286.39 W, 300.00 W, 73, 1950 MHz
2026/09/23 14:29:49.609, 0, 97 %, 81 %, 6161 MiB, 49140 MiB, 287.95 W, 300.00 W, 74, 1665 MHz
2026/09/23 14:29:50.611, 0, 96 %, 84 %, 6161 MiB, 49140 MiB, 287.57 W, 300.00 W, 72, 1920 MHz
2026/09/23 14:29:51.612, 0, 97 %, 82 %, 6161 MiB, 49140 MiB, 289.64 W, 300.00 W, 72, 1935 MHz
2026/09/23 14:29:52.613, 0, 97 %, 85 %, 6161 MiB, 49140 MiB, 288.49 W, 300.00 W, 72, 1980 MHz
2026/09/23 14:29:53.615, 0, 96 %, 85 %, 6161 MiB, 49140 MiB, 287.20 W, 300.00 W, 72, 1935 MHz
2026/09/23 14:29:54.616, 0, 97 %, 85 %, 6161 MiB, 49140 MiB, 288.76 W, 300.00 W, 74, 1740 MHz
2026/09/23 14:29:55.616, 0, 96 %, 85 %, 6161 MiB, 49140 MiB, 289.09 W, 300.00 W, 72, 2085 MHz
2026/09/23 14:29:56.617, 0, 92 %, 65 %, 6161 MiB, 49140 MiB, 291.61 W, 300.00 W, 74, 1635 MHz
2026/09/23 14:29:57.618, 0, 9 %, 0 %, 6161 MiB, 49140 MiB, 166.92 W, 300.00 W, 67, 2715 MHz
2026/09/23 14:29:58.618, 0, 0 %, 0 %, 6161 MiB, 49140 MiB, 91.89 W, 300.00 W, 71, 1950 MHz
2026/09/23 14:29:59.620, 0, 97 %, 86 %, 6161 MiB, 49140 MiB, 289.28 W, 300.00 W, 71, 2100 MHz
2026/09/23 14:30:00.621, 0, 97 %, 85 %, 6161 MiB, 49140 MiB, 287.94 W, 300.00 W, 71, 2070 MHz
2026/09/23 14:30:01.622, 0, 98 %, 87 %, 6161 MiB, 49140 MiB, 285.60 W, 300.00 W, 72, 1875 MHz
2026/09/23 14:30:02.623, 0, 97 %, 86 %, 6161 MiB, 49140 MiB, 286.97 W, 300.00 W, 72, 1815 MHz
2026/09/23 14:30:03.624, 0, 96 %, 85 %, 6161 MiB, 49140 MiB, 287.92 W, 300.00 W, 71, 2115 MHz
2026/09/23 14:30:04.625, 0, 97 %, 87 %, 6161 MiB, 49140 MiB, 285.40 W, 300.00 W, 72, 1815 MHz
2026/09/23 14:30:05.628, 0, 97 %, 86 %, 6161 MiB, 49140 MiB, 285.62 W, 300.00 W, 72, 2010 MHz
2026/09/23 14:30:06.629, 0, 97 %, 82 %, 6161 MiB, 49140 MiB, 288.98 W, 300.00 W, 73, 1740 MHz
2026/09/23 14:30:07.630, 0, 94 %, 83 %, 6161 MiB, 49140 MiB, 289.36 W, 300.00 W, 71, 2100 MHz
2026/09/23 14:30:08.630, 0, 97 %, 87 %, 6161 MiB, 49140 MiB, 290.42 W, 300.00 W, 72, 2010 MHz
2026/09/23 14:30:09.632, 0, 98 %, 86 %, 6161 MiB, 49140 MiB, 287.67 W, 300.00 W, 72, 1890 MHz
2026/09/23 14:30:10.632, 0, 98 %, 88 %, 6161 MiB, 49140 MiB, 288.54 W, 300.00 W, 73, 1770 MHz
2026/09/23 14:30:11.633, 0, 94 %, 83 %, 6161 MiB, 49140 MiB, 287.83 W, 300.00 W, 71, 2100 MHz
2026/09/23 14:30:12.634, 0, 98 %, 88 %, 6161 MiB, 49140 MiB, 289.62 W, 300.00 W, 72, 1950 MHz
2026/09/23 14:30:13.635, 0, 98 %, 86 %, 6161 MiB, 49140 MiB, 287.76 W, 300.00 W, 72, 1785 MHz
2026/09/23 14:30:14.636, 0, 96 %, 85 %, 6161 MiB, 49140 MiB, 288.75 W, 300.00 W, 73, 2085 MHz
2026/09/23 14:30:15.636, 0, 94 %, 83 %, 6161 MiB, 49140 MiB, 288.86 W, 300.00 W, 71, 1935 MHz
2026/09/23 14:30:16.637, 0, 98 %, 87 %, 6161 MiB, 49140 MiB, 290.05 W, 300.00 W, 72, 1965 MHz
2026/09/23 14:30:17.638, 0, 96 %, 84 %, 6161 MiB, 49140 MiB, 284.92 W, 300.00 W, 72, 1620 MHz
2026/09/23 14:30:18.641, 0, 97 %, 83 %, 6161 MiB, 49140 MiB, 288.61 W, 300.00 W, 73, 1860 MHz
2026/09/23 14:30:19.642, 0, 98 %, 86 %, 6161 MiB, 49140 MiB, 290.23 W, 300.00 W, 72, 1890 MHz
2026/09/23 14:30:20.643, 0, 97 %, 82 %, 6161 MiB, 49140 MiB, 289.20 W, 300.00 W, 73, 2010 MHz
2026/09/23 14:30:21.643, 0, 94 %, 67 %, 6161 MiB, 49140 MiB, 291.51 W, 300.00 W, 74, 1620 MHz
2026/09/23 14:30:22.644, 0, 5 %, 0 %, 6161 MiB, 49140 MiB, 148.82 W, 300.00 W, 67, 2745 MHz
2026/09/23 14:30:23.644, 0, 0 %, 0 %, 6161 MiB, 49140 MiB, 118.46 W, 300.00 W, 71, 2025 MHz
2026/09/23 14:30:24.645, 0, 96 %, 85 %, 6161 MiB, 49140 MiB, 286.70 W, 300.00 W, 72, 1770 MHz
2026/09/23 14:30:25.645, 0, 97 %, 87 %, 6161 MiB, 49140 MiB, 289.51 W, 300.00 W, 72, 2130 MHz
2026/09/23 14:30:26.646, 0, 96 %, 84 %, 6161 MiB, 49140 MiB, 288.12 W, 300.00 W, 71, 2070 MHz
2026/09/23 14:30:27.646, 0, 97 %, 87 %, 6161 MiB, 49140 MiB, 288.44 W, 300.00 W, 72, 1995 MHz
2026/09/23 14:30:28.647, 0, 96 %, 85 %, 6161 MiB, 49140 MiB, 286.75 W, 300.00 W, 72, 1695 MHz
2026/09/23 14:30:29.649, 0, 98 %, 82 %, 6161 MiB, 49140 MiB, 288.63 W, 300.00 W, 73, 2085 MHz
2026/09/23 14:30:30.649, 0, 96 %, 84 %, 6161 MiB, 49140 MiB, 288.70 W, 300.00 W, 71, 1740 MHz
2026/09/23 14:30:31.651, 0, 97 %, 84 %, 6161 MiB, 49140 MiB, 288.83 W, 300.00 W, 73, 1905 MHz
2026/09/23 14:30:32.652, 0, 98 %, 87 %, 6161 MiB, 49140 MiB, 287.06 W, 300.00 W, 72, 1650 MHz
2026/09/23 14:30:33.652, 0, 97 %, 81 %, 6161 MiB, 49140 MiB, 287.96 W, 300.00 W, 74, 2025 MHz
2026/09/23 14:30:34.653, 0, 96 %, 85 %, 6161 MiB, 49140 MiB, 288.98 W, 300.00 W, 72, 1815 MHz
2026/09/23 14:30:35.655, 0, 94 %, 80 %, 6161 MiB, 49140 MiB, 287.93 W, 300.00 W, 72, 1980 MHz
2026/09/23 14:30:36.656, 0, 97 %, 86 %, 6161 MiB, 49140 MiB, 288.79 W, 300.00 W, 72, 1875 MHz
2026/09/23 14:30:37.656, 0, 97 %, 86 %, 6161 MiB, 49140 MiB, 286.52 W, 300.00 W, 72, 1770 MHz
2026/09/23 14:30:38.657, 0, 97 %, 82 %, 6161 MiB, 49140 MiB, 288.93 W, 300.00 W, 73, 2100 MHz
2026/09/23 14:30:39.658, 0, 95 %, 83 %, 6161 MiB, 49140 MiB, 287.84 W, 300.00 W, 71, 1755 MHz
2026/09/23 14:30:40.660, 0, 96 %, 83 %, 6161 MiB, 49140 MiB, 289.99 W, 300.00 W, 73, 1890 MHz
2026/09/23 14:30:41.661, 0, 97 %, 86 %, 6161 MiB, 49140 MiB, 287.41 W, 300.00 W, 73, 1635 MHz
2026/09/23 14:30:42.663, 0, 97 %, 81 %, 6161 MiB, 49140 MiB, 288.66 W, 300.00 W, 74, 2010 MHz
2026/09/23 14:30:43.664, 0, 97 %, 86 %, 6161 MiB, 49140 MiB, 288.05 W, 300.00 W, 73, 1980 MHz
2026/09/23 14:30:44.665, 0, 97 %, 84 %, 6161 MiB, 49140 MiB, 289.14 W, 300.00 W, 72, 1995 MHz
2026/09/23 14:30:45.666, 0, 98 %, 86 %, 6161 MiB, 49140 MiB, 289.27 W, 300.00 W, 72, 1800 MHz
2026/09/23 14:30:46.666, 0, 95 %, 67 %, 6161 MiB, 49140 MiB, 294.85 W, 300.00 W, 74, 1695 MHz
2026/09/23 14:30:47.667, 0, 0 %, 0 %, 6161 MiB, 49140 MiB, 122.36 W, 300.00 W, 71, 2235 MHz
2026/09/23 14:30:48.670, 0, 96 %, 85 %, 6161 MiB, 49140 MiB, 276.39 W, 300.00 W, 71, 2040 MHz
2026/09/23 14:30:49.671, 0, 98 %, 86 %, 6161 MiB, 49140 MiB, 288.44 W, 300.00 W, 72, 1965 MHz
2026/09/23 14:30:50.671, 0, 98 %, 86 %, 6161 MiB, 49140 MiB, 287.91 W, 300.00 W, 72, 1740 MHz
2026/09/23 14:30:51.672, 0, 96 %, 85 %, 6161 MiB, 49140 MiB, 287.90 W, 300.00 W, 73, 2190 MHz
2026/09/23 14:30:52.673, 0, 95 %, 84 %, 6161 MiB, 49140 MiB, 287.17 W, 300.00 W, 71, 1815 MHz
2026/09/23 14:30:53.673, 0, 97 %, 84 %, 6161 MiB, 49140 MiB, 289.80 W, 300.00 W, 73, 1905 MHz
2026/09/23 14:30:54.674, 0, 97 %, 86 %, 6161 MiB, 49140 MiB, 286.55 W, 300.00 W, 72, 1770 MHz
2026/09/23 14:30:55.675, 0, 97 %, 85 %, 6161 MiB, 49140 MiB, 288.71 W, 300.00 W, 73, 1785 MHz
2026/09/23 14:30:56.676, 0, 97 %, 87 %, 6161 MiB, 49140 MiB, 289.29 W, 300.00 W, 73, 2010 MHz
2026/09/23 14:30:57.677, 0, 96 %, 85 %, 6161 MiB, 49140 MiB, 290.00 W, 300.00 W, 71, 2025 MHz
2026/09/23 14:30:58.678, 0, 98 %, 87 %, 6161 MiB, 49140 MiB, 289.13 W, 300.00 W, 72, 1965 MHz
2026/09/23 14:30:59.679, 0, 98 %, 86 %, 6161 MiB, 49140 MiB, 287.76 W, 300.00 W, 72, 1710 MHz
2026/09/23 14:31:00.680, 0, 95 %, 82 %, 6161 MiB, 49140 MiB, 287.08 W, 300.00 W, 74, 1935 MHz
2026/09/23 14:31:01.680, 0, 97 %, 86 %, 6161 MiB, 49140 MiB, 288.98 W, 300.00 W, 72, 2145 MHz
2026/09/23 14:31:02.682, 0, 95 %, 84 %, 6161 MiB, 49140 MiB, 287.25 W, 300.00 W, 72, 1935 MHz
2026/09/23 14:31:03.683, 0, 96 %, 85 %, 6161 MiB, 49140 MiB, 288.24 W, 300.00 W, 73, 1695 MHz
2026/09/23 14:31:04.684, 0, 98 %, 86 %, 6161 MiB, 49140 MiB, 285.31 W, 300.00 W, 72, 2025 MHz
2026/09/23 14:31:05.685, 0, 95 %, 81 %, 6161 MiB, 49140 MiB, 288.29 W, 300.00 W, 74, 2040 MHz
2026/09/23 14:31:06.686, 0, 98 %, 86 %, 6161 MiB, 49140 MiB, 288.08 W, 300.00 W, 72, 2040 MHz
2026/09/23 14:31:07.686, 0, 97 %, 81 %, 6161 MiB, 49140 MiB, 290.16 W, 300.00 W, 73, 1710 MHz
2026/09/23 14:31:08.687, 0, 97 %, 86 %, 6161 MiB, 49140 MiB, 286.97 W, 300.00 W, 72, 1740 MHz
2026/09/23 14:31:09.688, 0, 97 %, 85 %, 6161 MiB, 49140 MiB, 285.20 W, 300.00 W, 72, 2160 MHz
2026/09/23 14:31:10.689, 0, 89 %, 64 %, 6161 MiB, 49140 MiB, 293.11 W, 300.00 W, 73, 1680 MHz
2026/09/23 14:31:11.689, 0, 0 %, 0 %, 6161 MiB, 49140 MiB, 159.52 W, 300.00 W, 67, 2745 MHz
2026/09/23 14:31:12.691, 0, 90 %, 79 %, 6161 MiB, 49140 MiB, 256.15 W, 300.00 W, 74, 1965 MHz
2026/09/23 14:31:13.692, 0, 97 %, 87 %, 6161 MiB, 49140 MiB, 287.60 W, 300.00 W, 72, 2040 MHz
2026/09/23 14:31:14.694, 0, 97 %, 85 %, 6161 MiB, 49140 MiB, 289.51 W, 300.00 W, 72, 1845 MHz
2026/09/23 14:31:15.695, 0, 97 %, 85 %, 6161 MiB, 49140 MiB, 289.93 W, 300.00 W, 72, 1785 MHz
2026/09/23 14:31:16.695, 0, 97 %, 85 %, 6161 MiB, 49140 MiB, 288.51 W, 300.00 W, 73, 2085 MHz
2026/09/23 14:31:17.697, 0, 97 %, 86 %, 6161 MiB, 49140 MiB, 287.68 W, 300.00 W, 74, 1740 MHz
2026/09/23 14:31:18.698, 0, 96 %, 85 %, 6161 MiB, 49140 MiB, 289.93 W, 300.00 W, 71, 1905 MHz
2026/09/23 14:31:19.699, 0, 98 %, 85 %, 6161 MiB, 49140 MiB, 287.96 W, 300.00 W, 72, 1995 MHz
2026/09/23 14:31:20.700, 0, 97 %, 86 %, 6161 MiB, 49140 MiB, 288.16 W, 300.00 W, 73, 1635 MHz
2026/09/23 14:31:21.701, 0, 95 %, 84 %, 6161 MiB, 49140 MiB, 286.24 W, 300.00 W, 72, 1725 MHz
2026/09/23 14:31:22.702, 0, 98 %, 86 %, 6161 MiB, 49140 MiB, 288.86 W, 300.00 W, 72, 2100 MHz
2026/09/23 14:31:23.703, 0, 95 %, 84 %, 6161 MiB, 49140 MiB, 287.43 W, 300.00 W, 74, 1860 MHz
2026/09/23 14:31:24.704, 0, 96 %, 84 %, 6161 MiB, 49140 MiB, 288.78 W, 300.00 W, 72, 1920 MHz
2026/09/23 14:31:25.704, 0, 98 %, 84 %, 6161 MiB, 49140 MiB, 288.50 W, 300.00 W, 73, 1620 MHz
2026/09/23 14:31:26.706, 0, 97 %, 86 %, 6161 MiB, 49140 MiB, 287.35 W, 300.00 W, 72, 1815 MHz
2026/09/23 14:31:27.707, 0, 96 %, 83 %, 6161 MiB, 49140 MiB, 288.90 W, 300.00 W, 73, 2085 MHz
2026/09/23 14:31:28.709, 0, 97 %, 86 %, 6161 MiB, 49140 MiB, 289.31 W, 300.00 W, 73, 1980 MHz
2026/09/23 14:31:29.709, 0, 97 %, 84 %, 6161 MiB, 49140 MiB, 289.91 W, 300.00 W, 73, 1815 MHz
2026/09/23 14:31:30.710, 0, 97 %, 85 %, 6161 MiB, 49140 MiB, 288.14 W, 300.00 W, 72, 1740 MHz
2026/09/23 14:31:31.711, 0, 97 %, 85 %, 6161 MiB, 49140 MiB, 287.71 W, 300.00 W, 73, 2115 MHz
2026/09/23 14:31:32.712, 0, 97 %, 86 %, 6161 MiB, 49140 MiB, 288.37 W, 300.00 W, 74, 1740 MHz
2026/09/23 14:31:33.712, 0, 96 %, 84 %, 6161 MiB, 49140 MiB, 289.80 W, 300.00 W, 72, 1830 MHz
2026/09/23 14:31:34.713, 0, 83 %, 60 %, 6161 MiB, 49140 MiB, 291.62 W, 300.00 W, 74, 1665 MHz
2026/09/23 14:31:35.714, 0, 16 %, 11 %, 6161 MiB, 49140 MiB, 168.35 W, 300.00 W, 67, 2730 MHz
2026/09/23 14:31:36.715, 0, 98 %, 86 %, 6161 MiB, 49140 MiB, 248.32 W, 300.00 W, 72, 1785 MHz
2026/09/23 14:31:37.715, 0, 97 %, 86 %, 6161 MiB, 49140 MiB, 285.86 W, 300.00 W, 72, 1845 MHz
2026/09/23 14:31:38.717, 0, 97 %, 81 %, 6161 MiB, 49140 MiB, 288.29 W, 300.00 W, 73, 2085 MHz
2026/09/23 14:31:39.717, 0, 95 %, 84 %, 6161 MiB, 49140 MiB, 287.56 W, 300.00 W, 73, 1905 MHz
2026/09/23 14:31:40.718, 0, 98 %, 84 %, 6161 MiB, 49140 MiB, 289.13 W, 300.00 W, 72, 1980 MHz
2026/09/23 14:31:41.719, 0, 98 %, 87 %, 6161 MiB, 49140 MiB, 287.60 W, 300.00 W, 73, 1680 MHz
2026/09/23 14:31:42.720, 0, 97 %, 82 %, 6161 MiB, 49140 MiB, 287.20 W, 300.00 W, 72, 2010 MHz
2026/09/23 14:31:43.721, 0, 98 %, 83 %, 6161 MiB, 49140 MiB, 286.18 W, 300.00 W, 73, 2100 MHz
2026/09/23 14:31:44.721, 0, 96 %, 85 %, 6161 MiB, 49140 MiB, 287.81 W, 300.00 W, 73, 1890 MHz
2026/09/23 14:31:45.723, 0, 96 %, 81 %, 6161 MiB, 49140 MiB, 290.23 W, 300.00 W, 71, 1980 MHz
2026/09/23 14:31:46.724, 0, 95 %, 85 %, 6161 MiB, 49140 MiB, 287.93 W, 300.00 W, 73, 1695 MHz
2026/09/23 14:31:47.726, 0, 98 %, 86 %, 6161 MiB, 49140 MiB, 284.33 W, 300.00 W, 72, 1785 MHz
2026/09/23 14:31:48.729, 0, 97 %, 81 %, 6161 MiB, 49140 MiB, 287.57 W, 300.00 W, 73, 2085 MHz
2026/09/23 14:31:49.729, 0, 94 %, 83 %, 6161 MiB, 49140 MiB, 288.64 W, 300.00 W, 73, 1965 MHz
2026/09/23 14:31:50.730, 0, 98 %, 84 %, 6161 MiB, 49140 MiB, 290.11 W, 300.00 W, 72, 1740 MHz
2026/09/23 14:31:51.732, 0, 98 %, 87 %, 6161 MiB, 49140 MiB, 288.92 W, 300.00 W, 72, 2115 MHz
2026/09/23 14:31:52.735, 0, 98 %, 81 %, 6161 MiB, 49140 MiB, 288.04 W, 300.00 W, 73, 1950 MHz
2026/09/23 14:31:53.736, 0, 96 %, 85 %, 6161 MiB, 49140 MiB, 289.15 W, 300.00 W, 73, 2025 MHz
2026/09/23 14:31:54.737, 0, 98 %, 84 %, 6161 MiB, 49140 MiB, 290.24 W, 300.00 W, 72, 1695 MHz
2026/09/23 14:31:55.738, 0, 98 %, 87 %, 6161 MiB, 49140 MiB, 287.62 W, 300.00 W, 73, 1965 MHz
2026/09/23 14:31:56.738, 0, 98 %, 81 %, 6161 MiB, 49140 MiB, 288.61 W, 300.00 W, 73, 1740 MHz
2026/09/23 14:31:57.739, 0, 97 %, 88 %, 6161 MiB, 49140 MiB, 289.28 W, 300.00 W, 74, 1875 MHz
2026/09/23 14:31:58.741, 0, 89 %, 65 %, 6161 MiB, 49140 MiB, 291.39 W, 300.00 W, 74, 1650 MHz
2026/09/23 14:31:59.741, 0, 22 %, 16 %, 6161 MiB, 49140 MiB, 186.83 W, 300.00 W, 67, 2715 MHz
2026/09/23 14:32:00.744, 0, 98 %, 87 %, 6161 MiB, 49140 MiB, 233.06 W, 300.00 W, 73, 1770 MHz
2026/09/23 14:32:01.744, 0, 97 %, 87 %, 6161 MiB, 49140 MiB, 285.20 W, 300.00 W, 73, 1980 MHz
2026/09/23 14:32:02.745, 0, 97 %, 85 %, 6161 MiB, 49140 MiB, 286.58 W, 300.00 W, 72, 1995 MHz
2026/09/23 14:32:03.746, 0, 98 %, 88 %, 6161 MiB, 49140 MiB, 288.45 W, 300.00 W, 74, 1980 MHz
2026/09/23 14:32:04.747, 0, 95 %, 84 %, 6161 MiB, 49140 MiB, 289.66 W, 300.00 W, 72, 1710 MHz
2026/09/23 14:32:05.747, 0, 98 %, 87 %, 6161 MiB, 49140 MiB, 289.68 W, 300.00 W, 73, 1845 MHz
2026/09/23 14:32:06.748, 0, 98 %, 86 %, 6161 MiB, 49140 MiB, 287.85 W, 300.00 W, 72, 2070 MHz
2026/09/23 14:32:07.749, 0, 97 %, 80 %, 6161 MiB, 49140 MiB, 288.23 W, 300.00 W, 73, 1965 MHz
2026/09/23 14:32:08.750, 0, 96 %, 87 %, 6161 MiB, 49140 MiB, 288.53 W, 300.00 W, 73, 1965 MHz
2026/09/23 14:32:09.750, 0, 98 %, 83 %, 6161 MiB, 49140 MiB, 290.76 W, 300.00 W, 71, 1650 MHz
2026/09/23 14:32:10.751, 0, 97 %, 87 %, 6161 MiB, 49140 MiB, 289.57 W, 300.00 W, 73, 2040 MHz
2026/09/23 14:32:11.752, 0, 98 %, 82 %, 6161 MiB, 49140 MiB, 289.08 W, 300.00 W, 73, 1725 MHz
2026/09/23 14:32:12.753, 0, 97 %, 88 %, 6161 MiB, 49140 MiB, 288.33 W, 300.00 W, 74, 1890 MHz
2026/09/23 14:32:13.753, 0, 96 %, 83 %, 6161 MiB, 49140 MiB, 287.59 W, 300.00 W, 73, 1695 MHz
2026/09/23 14:32:14.754, 0, 98 %, 88 %, 6161 MiB, 49140 MiB, 288.86 W, 300.00 W, 72, 1770 MHz
2026/09/23 14:32:15.755, 0, 97 %, 86 %, 6161 MiB, 49140 MiB, 287.93 W, 300.00 W, 72, 2070 MHz
2026/09/23 14:32:16.757, 0, 97 %, 81 %, 6161 MiB, 49140 MiB, 289.11 W, 300.00 W, 73, 1965 MHz
2026/09/23 14:32:17.758, 0, 96 %, 86 %, 6161 MiB, 49140 MiB, 289.80 W, 300.00 W, 73, 1935 MHz
2026/09/23 14:32:18.761, 0, 97 %, 84 %, 6161 MiB, 49140 MiB, 289.20 W, 300.00 W, 72, 1755 MHz
2026/09/23 14:32:19.761, 0, 98 %, 88 %, 6161 MiB, 49140 MiB, 287.72 W, 300.00 W, 72, 2100 MHz
2026/09/23 14:32:20.764, 0, 98 %, 81 %, 6161 MiB, 49140 MiB, 287.58 W, 300.00 W, 73, 1800 MHz
2026/09/23 14:32:21.764, 0, 97 %, 87 %, 6161 MiB, 49140 MiB, 288.96 W, 300.00 W, 74, 1965 MHz
2026/09/23 14:32:22.765, 0, 96 %, 82 %, 6161 MiB, 49140 MiB, 292.85 W, 300.00 W, 74, 1665 MHz
2026/09/23 14:32:23.766, 0, 92 %, 64 %, 6161 MiB, 49140 MiB, 203.17 W, 300.00 W, 67, 2730 MHz
2026/09/23 14:32:24.767, 0, 0 %, 0 %, 6161 MiB, 49140 MiB, 87.92 W, 300.00 W, 67, 2730 MHz
2026/09/23 14:32:25.768, 0, 97 %, 88 %, 6161 MiB, 49140 MiB, 221.57 W, 300.00 W, 72, 1800 MHz
2026/09/23 14:32:26.769, 0, 98 %, 87 %, 6161 MiB, 49140 MiB, 288.23 W, 300.00 W, 72, 2010 MHz
2026/09/23 14:32:27.770, 0, 98 %, 85 %, 6161 MiB, 49140 MiB, 289.14 W, 300.00 W, 73, 2055 MHz
2026/09/23 14:32:28.772, 0, 95 %, 84 %, 6161 MiB, 49140 MiB, 289.45 W, 300.00 W, 72, 1710 MHz
2026/09/23 14:32:29.772, 0, 96 %, 86 %, 6161 MiB, 49140 MiB, 288.34 W, 300.00 W, 72, 1770 MHz
2026/09/23 14:32:30.774, 0, 96 %, 85 %, 6161 MiB, 49140 MiB, 287.03 W, 300.00 W, 72, 2085 MHz
2026/09/23 14:32:31.775, 0, 98 %, 82 %, 6161 MiB, 49140 MiB, 289.04 W, 300.00 W, 73, 2010 MHz
2026/09/23 14:32:32.776, 0, 97 %, 87 %, 6161 MiB, 49140 MiB, 287.31 W, 300.00 W, 73, 1995 MHz
2026/09/23 14:32:33.777, 0, 98 %, 84 %, 6161 MiB, 49140 MiB, 290.73 W, 300.00 W, 72, 1755 MHz
2026/09/23 14:32:34.777, 0, 98 %, 87 %, 6161 MiB, 49140 MiB, 287.51 W, 300.00 W, 72, 2070 MHz
2026/09/23 14:32:35.778, 0, 97 %, 81 %, 6161 MiB, 49140 MiB, 288.49 W, 300.00 W, 73, 1785 MHz
2026/09/23 14:32:36.780, 0, 97 %, 87 %, 6161 MiB, 49140 MiB, 289.92 W, 300.00 W, 73, 1680 MHz
2026/09/23 14:32:37.780, 0, 98 %, 84 %, 6161 MiB, 49140 MiB, 290.56 W, 300.00 W, 72, 2055 MHz
2026/09/23 14:32:38.781, 0, 98 %, 87 %, 6161 MiB, 49140 MiB, 288.81 W, 300.00 W, 72, 1695 MHz
2026/09/23 14:32:39.781, 0, 98 %, 81 %, 6161 MiB, 49140 MiB, 288.95 W, 300.00 W, 72, 1920 MHz
2026/09/23 14:32:40.783, 0, 97 %, 88 %, 6161 MiB, 49140 MiB, 290.25 W, 300.00 W, 74, 1590 MHz
2026/09/23 14:32:41.783, 0, 95 %, 81 %, 6161 MiB, 49140 MiB, 290.24 W, 300.00 W, 72, 1815 MHz
2026/09/23 14:32:42.784, 0, 97 %, 86 %, 6161 MiB, 49140 MiB, 289.38 W, 300.00 W, 73, 2085 MHz
2026/09/23 14:32:43.784, 0, 96 %, 85 %, 6161 MiB, 49140 MiB, 286.85 W, 300.00 W, 72, 2085 MHz
2026/09/23 14:32:44.785, 0, 97 %, 81 %, 6161 MiB, 49140 MiB, 288.13 W, 300.00 W, 73, 1950 MHz
2026/09/23 14:32:45.786, 0, 97 %, 87 %, 6161 MiB, 49140 MiB, 290.18 W, 300.00 W, 73, 1665 MHz
2026/09/23 14:32:46.786, 0, 98 %, 83 %, 6161 MiB, 49140 MiB, 289.50 W, 300.00 W, 72, 2085 MHz
2026/09/23 14:32:47.788, 0, 93 %, 65 %, 6161 MiB, 49140 MiB, 292.95 W, 300.00 W, 74, 1770 MHz
2026/09/23 14:32:48.788, 0, 7 %, 0 %, 6161 MiB, 49140 MiB, 173.54 W, 300.00 W, 66, 2505 MHz
2026/09/23 14:32:49.789, 0, 0 %, 0 %, 6161 MiB, 49140 MiB, 72.12 W, 300.00 W, 69, 2400 MHz
2026/09/23 14:32:50.790, 0, 94 %, 81 %, 6161 MiB, 49140 MiB, 223.04 W, 300.00 W, 72, 2070 MHz
2026/09/23 14:32:51.790, 0, 97 %, 88 %, 6161 MiB, 49140 MiB, 289.25 W, 300.00 W, 72, 1665 MHz
2026/09/23 14:32:52.791, 0, 96 %, 83 %, 6161 MiB, 49140 MiB, 288.23 W, 300.00 W, 72, 1980 MHz
2026/09/23 14:32:53.791, 0, 98 %, 87 %, 6161 MiB, 49140 MiB, 288.08 W, 300.00 W, 72, 1860 MHz
2026/09/23 14:32:54.792, 0, 96 %, 80 %, 6161 MiB, 49140 MiB, 287.80 W, 300.00 W, 73, 1965 MHz
2026/09/23 14:32:55.793, 0, 97 %, 88 %, 6161 MiB, 49140 MiB, 288.50 W, 300.00 W, 72, 1620 MHz
2026/09/23 14:32:56.794, 0, 95 %, 81 %, 6161 MiB, 49140 MiB, 289.14 W, 300.00 W, 72, 1890 MHz
2026/09/23 14:32:57.795, 0, 95 %, 85 %, 6161 MiB, 49140 MiB, 288.86 W, 300.00 W, 72, 1920 MHz
2026/09/23 14:32:58.796, 0, 98 %, 84 %, 6161 MiB, 49140 MiB, 287.38 W, 300.00 W, 73, 2040 MHz
2026/09/23 14:32:59.796, 0, 97 %, 88 %, 6161 MiB, 49140 MiB, 289.15 W, 300.00 W, 72, 1695 MHz
2026/09/23 14:33:00.797, 0, 96 %, 82 %, 6161 MiB, 49140 MiB, 288.01 W, 300.00 W, 71, 1755 MHz
2026/09/23 14:33:01.798, 0, 96 %, 86 %, 6161 MiB, 49140 MiB, 289.67 W, 300.00 W, 73, 2130 MHz
2026/09/23 14:33:02.799, 0, 98 %, 88 %, 6161 MiB, 49140 MiB, 287.27 W, 300.00 W, 72, 1755 MHz
2026/09/23 14:33:03.800, 0, 97 %, 80 %, 6161 MiB, 49140 MiB, 287.42 W, 300.00 W, 74, 1935 MHz
2026/09/23 14:33:04.800, 0, 98 %, 88 %, 6161 MiB, 49140 MiB, 287.55 W, 300.00 W, 72, 1605 MHz
2026/09/23 14:33:05.801, 0, 98 %, 83 %, 6161 MiB, 49140 MiB, 289.68 W, 300.00 W, 73, 2025 MHz
2026/09/23 14:33:06.802, 0, 98 %, 87 %, 6161 MiB, 49140 MiB, 288.83 W, 300.00 W, 72, 1800 MHz
2026/09/23 14:33:07.803, 0, 98 %, 81 %, 6161 MiB, 49140 MiB, 288.38 W, 300.00 W, 74, 1935 MHz
2026/09/23 14:33:08.803, 0, 97 %, 88 %, 6161 MiB, 49140 MiB, 287.42 W, 300.00 W, 73, 1605 MHz
2026/09/23 14:33:09.805, 0, 97 %, 83 %, 6161 MiB, 49140 MiB, 289.56 W, 300.00 W, 73, 1965 MHz
2026/09/23 14:33:10.806, 0, 98 %, 86 %, 6161 MiB, 49140 MiB, 289.63 W, 300.00 W, 72, 1860 MHz
2026/09/23 14:33:11.807, 0, 97 %, 82 %, 6161 MiB, 49140 MiB, 287.85 W, 300.00 W, 73, 2010 MHz
2026/09/23 14:33:12.807, 0, 91 %, 65 %, 6161 MiB, 49140 MiB, 294.85 W, 300.00 W, 74, 1680 MHz
2026/09/23 14:33:13.808, 0, 9 %, 0 %, 6161 MiB, 49140 MiB, 156.82 W, 300.00 W, 67, 2730 MHz
2026/09/23 14:33:14.808, 0, 0 %, 0 %, 6161 MiB, 49140 MiB, 103.19 W, 300.00 W, 71, 2340 MHz
2026/09/23 14:33:15.809, 0, 97 %, 82 %, 6161 MiB, 49140 MiB, 287.19 W, 300.00 W, 73, 2010 MHz
2026/09/23 14:33:16.810, 0, 96 %, 86 %, 6161 MiB, 49140 MiB, 287.29 W, 300.00 W, 71, 1665 MHz
2026/09/23 14:33:17.811, 0, 97 %, 83 %, 6161 MiB, 49140 MiB, 288.70 W, 300.00 W, 72, 2100 MHz
2026/09/23 14:33:18.812, 0, 98 %, 87 %, 6161 MiB, 49140 MiB, 286.53 W, 300.00 W, 72, 1770 MHz
2026/09/23 14:33:19.813, 0, 97 %, 80 %, 6161 MiB, 49140 MiB, 287.11 W, 300.00 W, 74, 2010 MHz
2026/09/23 14:33:20.814, 0, 95 %, 85 %, 6161 MiB, 49140 MiB, 287.05 W, 300.00 W, 71, 1695 MHz
2026/09/23 14:33:21.815, 0, 97 %, 83 %, 6161 MiB, 49140 MiB, 289.51 W, 300.00 W, 72, 2145 MHz
2026/09/23 14:33:22.816, 0, 98 %, 88 %, 6161 MiB, 49140 MiB, 286.51 W, 300.00 W, 72, 1935 MHz
2026/09/23 14:33:23.817, 0, 98 %, 83 %, 6161 MiB, 49140 MiB, 288.39 W, 300.00 W, 73, 2025 MHz
2026/09/23 14:33:24.818, 0, 95 %, 84 %, 6161 MiB, 49140 MiB, 287.70 W, 300.00 W, 71, 1740 MHz
2026/09/23 14:33:25.820, 0, 97 %, 86 %, 6161 MiB, 49140 MiB, 290.17 W, 300.00 W, 72, 2130 MHz
2026/09/23 14:33:26.820, 0, 98 %, 87 %, 6161 MiB, 49140 MiB, 287.12 W, 300.00 W, 72, 2010 MHz
2026/09/23 14:33:27.822, 0, 96 %, 83 %, 6161 MiB, 49140 MiB, 288.17 W, 300.00 W, 73, 1965 MHz
2026/09/23 14:33:28.822, 0, 96 %, 86 %, 6161 MiB, 49140 MiB, 288.75 W, 300.00 W, 71, 2100 MHz
2026/09/23 14:33:29.824, 0, 95 %, 84 %, 6161 MiB, 49140 MiB, 288.78 W, 300.00 W, 73, 1875 MHz
2026/09/23 14:33:30.825, 0, 97 %, 86 %, 6161 MiB, 49140 MiB, 286.31 W, 300.00 W, 72, 1995 MHz
2026/09/23 14:33:31.826, 0, 97 %, 80 %, 6161 MiB, 49140 MiB, 287.10 W, 300.00 W, 74, 1620 MHz
2026/09/23 14:33:32.827, 0, 97 %, 87 %, 6161 MiB, 49140 MiB, 288.15 W, 300.00 W, 73, 1935 MHz
2026/09/23 14:33:33.828, 0, 96 %, 83 %, 6161 MiB, 49140 MiB, 288.17 W, 300.00 W, 71, 2055 MHz
2026/09/23 14:33:34.829, 0, 98 %, 88 %, 6161 MiB, 49140 MiB, 289.04 W, 300.00 W, 72, 2010 MHz
2026/09/23 14:33:35.833, 0, 97 %, 82 %, 6161 MiB, 49140 MiB, 286.82 W, 300.00 W, 73, 1680 MHz
2026/09/23 14:33:36.834, 0, 95 %, 86 %, 6161 MiB, 49140 MiB, 289.05 W, 300.00 W, 73, 1800 MHz
2026/09/23 14:33:37.834, 0, 93 %, 67 %, 6161 MiB, 49140 MiB, 293.99 W, 300.00 W, 74, 1695 MHz
2026/09/23 14:33:38.835, 0, 0 %, 0 %, 6161 MiB, 49140 MiB, 150.11 W, 300.00 W, 70, 2220 MHz
2026/09/23 14:33:39.835, 0, 97 %, 86 %, 6161 MiB, 49140 MiB, 286.82 W, 300.00 W, 72, 1995 MHz
2026/09/23 14:33:40.836, 0, 97 %, 81 %, 6161 MiB, 49140 MiB, 290.73 W, 300.00 W, 73, 1680 MHz
2026/09/23 14:33:41.836, 0, 94 %, 83 %, 6161 MiB, 49140 MiB, 286.34 W, 300.00 W, 72, 1815 MHz
2026/09/23 14:33:42.837, 0, 98 %, 84 %, 6161 MiB, 49140 MiB, 290.74 W, 300.00 W, 73, 1740 MHz
2026/09/23 14:33:43.838, 0, 98 %, 87 %, 6161 MiB, 49140 MiB, 286.29 W, 300.00 W, 72, 1965 MHz
2026/09/23 14:33:44.839, 0, 96 %, 80 %, 6161 MiB, 49140 MiB, 287.15 W, 300.00 W, 73, 1635 MHz
2026/09/23 14:33:45.840, 0, 97 %, 87 %, 6161 MiB, 49140 MiB, 287.76 W, 300.00 W, 73, 1935 MHz
2026/09/23 14:33:46.841, 0, 97 %, 83 %, 6161 MiB, 49140 MiB, 288.30 W, 300.00 W, 72, 2070 MHz
2026/09/23 14:33:47.841, 0, 96 %, 87 %, 6161 MiB, 49140 MiB, 287.60 W, 300.00 W, 72, 1980 MHz
2026/09/23 14:33:48.843, 0, 98 %, 86 %, 6161 MiB, 49140 MiB, 287.53 W, 300.00 W, 73, 1785 MHz
2026/09/23 14:33:49.845, 0, 97 %, 86 %, 6161 MiB, 49140 MiB, 288.84 W, 300.00 W, 73, 1815 MHz
2026/09/23 14:33:50.845, 0, 95 %, 83 %, 6161 MiB, 49140 MiB, 288.47 W, 300.00 W, 72, 2055 MHz
2026/09/23 14:33:51.846, 0, 97 %, 87 %, 6161 MiB, 49140 MiB, 289.95 W, 300.00 W, 72, 2025 MHz
2026/09/23 14:33:52.847, 0, 97 %, 86 %, 6161 MiB, 49140 MiB, 286.99 W, 300.00 W, 72, 1995 MHz
2026/09/23 14:33:53.848, 0, 97 %, 81 %, 6161 MiB, 49140 MiB, 288.68 W, 300.00 W, 74, 1680 MHz
2026/09/23 14:33:54.849, 0, 95 %, 85 %, 6161 MiB, 49140 MiB, 289.89 W, 300.00 W, 71, 2145 MHz
2026/09/23 14:33:55.850, 0, 98 %, 86 %, 6161 MiB, 49140 MiB, 289.76 W, 300.00 W, 73, 1905 MHz
2026/09/23 14:33:56.850, 0, 97 %, 87 %, 6161 MiB, 49140 MiB, 287.15 W, 300.00 W, 73, 2010 MHz
2026/09/23 14:33:57.852, 0, 97 %, 82 %, 6161 MiB, 49140 MiB, 288.60 W, 300.00 W, 74, 1680 MHz
2026/09/23 14:33:58.853, 0, 95 %, 84 %, 6161 MiB, 49140 MiB, 288.65 W, 300.00 W, 72, 2085 MHz
2026/09/23 14:33:59.853, 0, 97 %, 83 %, 6161 MiB, 49140 MiB, 288.24 W, 300.00 W, 72, 1965 MHz
2026/09/23 14:34:00.854, 0, 97 %, 86 %, 6161 MiB, 49140 MiB, 288.83 W, 300.00 W, 73, 1965 MHz
2026/09/23 14:34:01.854, 0, 94 %, 64 %, 6161 MiB, 49140 MiB, 292.81 W, 300.00 W, 75, 1650 MHz
2026/09/23 14:34:02.855, 0, 3 %, 0 %, 6161 MiB, 49140 MiB, 136.52 W, 300.00 W, 66, 2505 MHz
2026/09/23 14:34:03.856, 0, 0 %, 0 %, 6161 MiB, 49140 MiB, 103.96 W, 300.00 W, 71, 1785 MHz
2026/09/23 14:34:04.857, 0, 97 %, 87 %, 6161 MiB, 49140 MiB, 286.16 W, 300.00 W, 71, 1965 MHz
2026/09/23 14:34:05.859, 0, 97 %, 82 %, 6161 MiB, 49140 MiB, 287.54 W, 300.00 W, 73, 1680 MHz
2026/09/23 14:34:06.860, 0, 96 %, 87 %, 6161 MiB, 49140 MiB, 288.63 W, 300.00 W, 72, 1905 MHz
2026/09/23 14:34:07.860, 0, 92 %, 81 %, 6161 MiB, 49140 MiB, 285.85 W, 300.00 W, 71, 2085 MHz
2026/09/23 14:34:08.861, 0, 97 %, 86 %, 6161 MiB, 49140 MiB, 289.32 W, 300.00 W, 72, 1920 MHz
2026/09/23 14:34:09.862, 0, 97 %, 88 %, 6161 MiB, 49140 MiB, 283.89 W, 300.00 W, 72, 1935 MHz
2026/09/23 14:34:10.863, 0, 94 %, 79 %, 6161 MiB, 49140 MiB, 286.25 W, 300.00 W, 72, 1725 MHz
2026/09/23 14:34:11.864, 0, 98 %, 88 %, 6161 MiB, 49140 MiB, 288.39 W, 300.00 W, 73, 1845 MHz
2026/09/23 14:34:12.866, 0, 96 %, 82 %, 6161 MiB, 49140 MiB, 288.90 W, 300.00 W, 70, 2160 MHz
2026/09/23 14:34:13.866, 0, 96 %, 86 %, 6161 MiB, 49140 MiB, 287.69 W, 300.00 W, 72, 1920 MHz
2026/09/23 14:34:14.867, 0, 97 %, 86 %, 6161 MiB, 49140 MiB, 287.52 W, 300.00 W, 72, 1980 MHz
2026/09/23 14:34:15.868, 0, 98 %, 84 %, 6161 MiB, 49140 MiB, 288.86 W, 300.00 W, 73, 1740 MHz
2026/09/23 14:34:16.870, 0, 95 %, 85 %, 6161 MiB, 49140 MiB, 289.69 W, 300.00 W, 71, 2145 MHz
2026/09/23 14:34:17.870, 0, 97 %, 84 %, 6161 MiB, 49140 MiB, 286.58 W, 300.00 W, 73, 1755 MHz
2026/09/23 14:34:18.872, 0, 98 %, 87 %, 6161 MiB, 49140 MiB, 286.04 W, 300.00 W, 72, 1620 MHz
2026/09/23 14:34:19.873, 0, 98 %, 81 %, 6161 MiB, 49140 MiB, 287.54 W, 300.00 W, 74, 1890 MHz
2026/09/23 14:34:20.874, 0, 96 %, 87 %, 6161 MiB, 49140 MiB, 289.63 W, 300.00 W, 72, 1935 MHz
2026/09/23 14:34:21.875, 0, 96 %, 83 %, 6161 MiB, 49140 MiB, 289.17 W, 300.00 W, 72, 2055 MHz
2026/09/23 14:34:22.876, 0, 98 %, 88 %, 6161 MiB, 49140 MiB, 287.92 W, 300.00 W, 73, 2025 MHz
2026/09/23 14:34:23.877, 0, 97 %, 86 %, 6161 MiB, 49140 MiB, 287.56 W, 300.00 W, 72, 1695 MHz
2026/09/23 14:34:24.878, 0, 98 %, 82 %, 6161 MiB, 49140 MiB, 288.94 W, 300.00 W, 74, 2100 MHz
2026/09/23 14:34:25.879, 0, 95 %, 85 %, 6161 MiB, 49140 MiB, 289.22 W, 300.00 W, 71, 1875 MHz
2026/09/23 14:34:26.880, 0, 90 %, 65 %, 6161 MiB, 49140 MiB, 294.39 W, 300.00 W, 74, 1590 MHz
2026/09/23 14:34:27.881, 0, 0 %, 0 %, 6161 MiB, 49140 MiB, 132.76 W, 300.00 W, 67, 2730 MHz
2026/09/23 14:34:28.881, 0, 0 %, 0 %, 6161 MiB, 49140 MiB, 115.67 W, 300.00 W, 72, 1935 MHz
2026/09/23 14:34:29.882, 0, 97 %, 86 %, 6161 MiB, 49140 MiB, 286.51 W, 300.00 W, 72, 1695 MHz
2026/09/23 14:34:30.882, 0, 95 %, 80 %, 6161 MiB, 49140 MiB, 285.95 W, 300.00 W, 73, 2025 MHz
2026/09/23 14:34:31.883, 0, 96 %, 86 %, 6161 MiB, 49140 MiB, 286.03 W, 300.00 W, 71, 1800 MHz
2026/09/23 14:34:32.884, 0, 96 %, 86 %, 6161 MiB, 49140 MiB, 289.26 W, 300.00 W, 72, 2055 MHz
2026/09/23 14:34:33.884, 0, 97 %, 88 %, 6161 MiB, 49140 MiB, 286.82 W, 300.00 W, 72, 1695 MHz
2026/09/23 14:34:34.885, 0, 97 %, 81 %, 6161 MiB, 49140 MiB, 287.50 W, 300.00 W, 74, 2085 MHz
2026/09/23 14:34:35.887, 0, 95 %, 86 %, 6161 MiB, 49140 MiB, 288.90 W, 300.00 W, 71, 1950 MHz
2026/09/23 14:34:36.887, 0, 98 %, 86 %, 6161 MiB, 49140 MiB, 288.99 W, 300.00 W, 72, 2010 MHz
2026/09/23 14:34:37.888, 0, 98 %, 86 %, 6161 MiB, 49140 MiB, 286.80 W, 300.00 W, 72, 1770 MHz
2026/09/23 14:34:38.889, 0, 98 %, 88 %, 6161 MiB, 49140 MiB, 288.17 W, 300.00 W, 73, 2100 MHz
2026/09/23 14:34:39.890, 0, 97 %, 83 %, 6161 MiB, 49140 MiB, 288.39 W, 300.00 W, 72, 2025 MHz
2026/09/23 14:34:40.891, 0, 97 %, 87 %, 6161 MiB, 49140 MiB, 287.67 W, 300.00 W, 72, 1755 MHz
2026/09/23 14:34:41.891, 0, 98 %, 83 %, 6161 MiB, 49140 MiB, 286.04 W, 300.00 W, 73, 1830 MHz
2026/09/23 14:34:42.892, 0, 98 %, 89 %, 6161 MiB, 49140 MiB, 287.68 W, 300.00 W, 72, 2145 MHz
2026/09/23 14:34:43.893, 0, 94 %, 83 %, 6161 MiB, 49140 MiB, 288.03 W, 300.00 W, 72, 2010 MHz
2026/09/23 14:34:44.894, 0, 96 %, 87 %, 6161 MiB, 49140 MiB, 288.35 W, 300.00 W, 72, 1950 MHz
2026/09/23 14:34:45.895, 0, 96 %, 85 %, 6161 MiB, 49140 MiB, 286.00 W, 300.00 W, 73, 1755 MHz
2026/09/23 14:34:46.895, 0, 97 %, 87 %, 6161 MiB, 49140 MiB, 289.36 W, 300.00 W, 73, 2115 MHz
2026/09/23 14:34:47.896, 0, 95 %, 83 %, 6161 MiB, 49140 MiB, 289.20 W, 300.00 W, 72, 2010 MHz
2026/09/23 14:34:48.897, 0, 97 %, 86 %, 6161 MiB, 49140 MiB, 288.48 W, 300.00 W, 72, 1800 MHz
2026/09/23 14:34:49.899, 0, 98 %, 83 %, 6161 MiB, 49140 MiB, 288.42 W, 300.00 W, 73, 1815 MHz
2026/09/23 14:34:50.903, 0, 98 %, 89 %, 6161 MiB, 49140 MiB, 290.00 W, 300.00 W, 73, 2115 MHz
2026/09/23 14:34:51.903, 0, 94 %, 66 %, 6161 MiB, 49140 MiB, 294.44 W, 300.00 W, 74, 1695 MHz
2026/09/23 14:34:52.904, 0, 0 %, 0 %, 6161 MiB, 49140 MiB, 148.48 W, 300.00 W, 71, 2100 MHz
2026/09/23 14:34:53.904, 0, 98 %, 87 %, 6161 MiB, 49140 MiB, 287.46 W, 300.00 W, 72, 1620 MHz
2026/09/23 14:34:54.905, 0, 98 %, 82 %, 6161 MiB, 49140 MiB, 286.57 W, 300.00 W, 74, 2100 MHz
2026/09/23 14:34:55.906, 0, 92 %, 82 %, 6161 MiB, 49140 MiB, 288.88 W, 300.00 W, 71, 1785 MHz
2026/09/23 14:34:56.907, 0, 97 %, 85 %, 6161 MiB, 49140 MiB, 289.28 W, 300.00 W, 72, 1965 MHz
2026/09/23 14:34:57.907, 0, 97 %, 87 %, 6161 MiB, 49140 MiB, 287.56 W, 300.00 W, 72, 1680 MHz
2026/09/23 14:34:58.908, 0, 98 %, 82 %, 6161 MiB, 49140 MiB, 288.43 W, 300.00 W, 73, 2205 MHz
2026/09/23 14:34:59.909, 0, 95 %, 85 %, 6161 MiB, 49140 MiB, 288.37 W, 300.00 W, 71, 1845 MHz
2026/09/23 14:35:00.909, 0, 97 %, 83 %, 6161 MiB, 49140 MiB, 288.78 W, 300.00 W, 73, 1965 MHz
2026/09/23 14:35:01.911, 0, 96 %, 86 %, 6161 MiB, 49140 MiB, 287.47 W, 300.00 W, 73, 1620 MHz
2026/09/23 14:35:02.911, 0, 97 %, 81 %, 6161 MiB, 49140 MiB, 288.42 W, 300.00 W, 74, 2085 MHz
2026/09/23 14:35:03.912, 0, 96 %, 86 %, 6161 MiB, 49140 MiB, 287.98 W, 300.00 W, 72, 1680 MHz
2026/09/23 14:35:04.913, 0, 96 %, 83 %, 6161 MiB, 49140 MiB, 290.13 W, 300.00 W, 73, 1995 MHz
2026/09/23 14:35:05.914, 0, 97 %, 87 %, 6161 MiB, 49140 MiB, 286.73 W, 300.00 W, 72, 1635 MHz
2026/09/23 14:35:06.915, 0, 98 %, 81 %, 6161 MiB, 49140 MiB, 288.20 W, 300.00 W, 74, 2070 MHz
2026/09/23 14:35:07.917, 0, 95 %, 85 %, 6161 MiB, 49140 MiB, 289.44 W, 300.00 W, 71, 1980 MHz
2026/09/23 14:35:08.918, 0, 98 %, 86 %, 6161 MiB, 49140 MiB, 288.71 W, 300.00 W, 73, 1665 MHz
2026/09/23 14:35:09.919, 0, 98 %, 87 %, 6161 MiB, 49140 MiB, 286.74 W, 300.00 W, 72, 2085 MHz
2026/09/23 14:35:10.920, 0, 97 %, 81 %, 6161 MiB, 49140 MiB, 287.37 W, 300.00 W, 74, 2055 MHz
2026/09/23 14:35:11.920, 0, 96 %, 87 %, 6161 MiB, 49140 MiB, 288.35 W, 300.00 W, 72, 2025 MHz
2026/09/23 14:35:12.921, 0, 98 %, 83 %, 6161 MiB, 49140 MiB, 289.70 W, 300.00 W, 73, 1695 MHz
2026/09/23 14:35:13.923, 0, 96 %, 86 %, 6161 MiB, 49140 MiB, 287.20 W, 300.00 W, 73, 1770 MHz
2026/09/23 14:35:14.924, 0, 98 %, 81 %, 6161 MiB, 49140 MiB, 287.36 W, 300.00 W, 73, 2100 MHz
2026/09/23 14:35:15.924, 0, 92 %, 64 %, 6161 MiB, 49140 MiB, 295.53 W, 300.00 W, 75, 1725 MHz
2026/09/23 14:35:16.925, 0, 0 %, 0 %, 6161 MiB, 49140 MiB, 149.93 W, 300.00 W, 70, 2055 MHz
2026/09/23 14:35:17.926, 0, 96 %, 86 %, 6161 MiB, 49140 MiB, 286.43 W, 300.00 W, 73, 1755 MHz
2026/09/23 14:35:18.927, 0, 96 %, 86 %, 6161 MiB, 49140 MiB, 286.92 W, 300.00 W, 72, 1800 MHz
2026/09/23 14:35:19.928, 0, 97 %, 81 %, 6161 MiB, 49140 MiB, 285.64 W, 300.00 W, 73, 2070 MHz
2026/09/23 14:35:20.928, 0, 98 %, 88 %, 6161 MiB, 49140 MiB, 286.35 W, 300.00 W, 74, 1725 MHz
2026/09/23 14:35:21.929, 0, 95 %, 84 %, 6161 MiB, 49140 MiB, 287.87 W, 300.00 W, 72, 1920 MHz
2026/09/23 14:35:22.930, 0, 97 %, 82 %, 6161 MiB, 49140 MiB, 289.34 W, 300.00 W, 73, 1650 MHz
2026/09/23 14:35:23.931, 0, 98 %, 87 %, 6161 MiB, 49140 MiB, 287.16 W, 300.00 W, 72, 1890 MHz
2026/09/23 14:35:24.932, 0, 98 %, 81 %, 6161 MiB, 49140 MiB, 288.49 W, 300.00 W, 74, 1905 MHz
2026/09/23 14:35:25.932, 0, 96 %, 86 %, 6161 MiB, 49140 MiB, 288.93 W, 300.00 W, 72, 1890 MHz
2026/09/23 14:35:26.935, 0, 98 %, 85 %, 6161 MiB, 49140 MiB, 288.65 W, 300.00 W, 73, 1635 MHz
2026/09/23 14:35:27.936, 0, 96 %, 87 %, 6161 MiB, 49140 MiB, 286.06 W, 300.00 W, 73, 1950 MHz
2026/09/23 14:35:28.937, 0, 98 %, 82 %, 6161 MiB, 49140 MiB, 287.78 W, 300.00 W, 73, 2010 MHz
2026/09/23 14:35:29.937, 0, 97 %, 88 %, 6161 MiB, 49140 MiB, 287.46 W, 300.00 W, 73, 2085 MHz
2026/09/23 14:35:30.938, 0, 97 %, 83 %, 6161 MiB, 49140 MiB, 288.37 W, 300.00 W, 72, 1815 MHz
2026/09/23 14:35:31.939, 0, 98 %, 87 %, 6161 MiB, 49140 MiB, 287.16 W, 300.00 W, 72, 1785 MHz
2026/09/23 14:35:32.940, 0, 95 %, 82 %, 6161 MiB, 49140 MiB, 286.01 W, 300.00 W, 72, 2100 MHz
2026/09/23 14:35:33.940, 0, 97 %, 86 %, 6161 MiB, 49140 MiB, 289.04 W, 300.00 W, 74, 1770 MHz
2026/09/23 14:35:34.942, 0, 97 %, 83 %, 6161 MiB, 49140 MiB, 289.11 W, 300.00 W, 72, 1905 MHz
2026/09/23 14:35:35.943, 0, 98 %, 87 %, 6161 MiB, 49140 MiB, 288.72 W, 300.00 W, 73, 1740 MHz
2026/09/23 14:35:36.944, 0, 97 %, 87 %, 6161 MiB, 49140 MiB, 286.32 W, 300.00 W, 72, 1800 MHz
2026/09/23 14:35:37.944, 0, 98 %, 84 %, 6161 MiB, 49140 MiB, 288.83 W, 300.00 W, 74, 2010 MHz
2026/09/23 14:35:38.945, 0, 95 %, 84 %, 6161 MiB, 49140 MiB, 288.69 W, 300.00 W, 73, 2025 MHz
2026/09/23 14:35:39.945, 0, 94 %, 65 %, 6161 MiB, 49140 MiB, 294.51 W, 300.00 W, 74, 1635 MHz
2026/09/23 14:35:40.946, 0, 0 %, 0 %, 6161 MiB, 49140 MiB, 148.05 W, 300.00 W, 70, 2085 MHz
2026/09/23 14:35:41.947, 0, 97 %, 87 %, 6161 MiB, 49140 MiB, 286.59 W, 300.00 W, 72, 1755 MHz
2026/09/23 14:35:42.948, 0, 95 %, 80 %, 6161 MiB, 49140 MiB, 286.55 W, 300.00 W, 72, 2130 MHz
2026/09/23 14:35:43.949, 0, 96 %, 86 %, 6161 MiB, 49140 MiB, 289.40 W, 300.00 W, 73, 1950 MHz
2026/09/23 14:35:44.950, 0, 96 %, 83 %, 6161 MiB, 49140 MiB, 289.89 W, 300.00 W, 72, 1920 MHz
2026/09/23 14:35:45.951, 0, 97 %, 87 %, 6161 MiB, 49140 MiB, 285.12 W, 300.00 W, 73, 1695 MHz
2026/09/23 14:35:46.952, 0, 98 %, 82 %, 6161 MiB, 49140 MiB, 287.71 W, 300.00 W, 73, 2115 MHz
2026/09/23 14:35:47.953, 0, 95 %, 84 %, 6161 MiB, 49140 MiB, 288.34 W, 300.00 W, 73, 1965 MHz
2026/09/23 14:35:48.953, 0, 96 %, 81 %, 6161 MiB, 49140 MiB, 287.56 W, 300.00 W, 71, 2040 MHz
2026/09/23 14:35:49.954, 0, 98 %, 86 %, 6161 MiB, 49140 MiB, 288.14 W, 300.00 W, 73, 1680 MHz
2026/09/23 14:35:50.955, 0, 97 %, 81 %, 6161 MiB, 49140 MiB, 287.22 W, 300.00 W, 73, 2160 MHz
2026/09/23 14:35:51.956, 0, 97 %, 85 %, 6161 MiB, 49140 MiB, 288.67 W, 300.00 W, 73, 1980 MHz
2026/09/23 14:35:52.957, 0, 97 %, 81 %, 6161 MiB, 49140 MiB, 288.87 W, 300.00 W, 71, 2025 MHz
2026/09/23 14:35:53.958, 0, 97 %, 86 %, 6161 MiB, 49140 MiB, 287.93 W, 300.00 W, 72, 1770 MHz
2026/09/23 14:35:54.958, 0, 97 %, 82 %, 6161 MiB, 49140 MiB, 286.83 W, 300.00 W, 73, 2115 MHz
2026/09/23 14:35:55.959, 0, 97 %, 85 %, 6161 MiB, 49140 MiB, 289.53 W, 300.00 W, 73, 1935 MHz
2026/09/23 14:35:56.960, 0, 97 %, 87 %, 6161 MiB, 49140 MiB, 289.48 W, 300.00 W, 73, 1770 MHz
2026/09/23 14:35:57.961, 0, 97 %, 86 %, 6161 MiB, 49140 MiB, 287.48 W, 300.00 W, 73, 2085 MHz
2026/09/23 14:35:58.965, 0, 96 %, 85 %, 6161 MiB, 49140 MiB, 288.00 W, 300.00 W, 74, 1995 MHz
2026/09/23 14:35:59.965, 0, 95 %, 83 %, 6161 MiB, 49140 MiB, 288.10 W, 300.00 W, 73, 2025 MHz
2026/09/23 14:36:00.966, 0, 97 %, 83 %, 6161 MiB, 49140 MiB, 289.63 W, 300.00 W, 72, 1740 MHz
2026/09/23 14:36:01.967, 0, 97 %, 86 %, 6161 MiB, 49140 MiB, 287.64 W, 300.00 W, 73, 2085 MHz
2026/09/23 14:36:02.968, 0, 97 %, 85 %, 6161 MiB, 49140 MiB, 288.16 W, 300.00 W, 73, 1890 MHz
2026/09/23 14:36:03.969, 0, 92 %, 63 %, 6161 MiB, 49140 MiB, 215.39 W, 300.00 W, 74, 2730 MHz
2026/09/23 14:36:04.969, 0, 0 %, 0 %, 6161 MiB, 49140 MiB, 202.94 W, 300.00 W, 72, 2115 MHz
2026/09/23 14:36:05.973, 0, 97 %, 86 %, 6161 MiB, 49140 MiB, 287.50 W, 300.00 W, 73, 1995 MHz
2026/09/23 14:36:06.973, 0, 96 %, 85 %, 6161 MiB, 49140 MiB, 288.27 W, 300.00 W, 73, 2010 MHz
2026/09/23 14:36:07.974, 0, 97 %, 87 %, 6161 MiB, 49140 MiB, 289.06 W, 300.00 W, 72, 1725 MHz
2026/09/23 14:36:08.976, 0, 96 %, 84 %, 6161 MiB, 49140 MiB, 286.30 W, 300.00 W, 73, 2100 MHz
2026/09/23 14:36:09.977, 0, 98 %, 88 %, 6161 MiB, 49140 MiB, 286.00 W, 300.00 W, 73, 1770 MHz
2026/09/23 14:36:10.978, 0, 97 %, 86 %, 6161 MiB, 49140 MiB, 289.64 W, 300.00 W, 73, 1995 MHz
2026/09/23 14:36:11.979, 0, 97 %, 87 %, 6161 MiB, 49140 MiB, 289.54 W, 300.00 W, 72, 1710 MHz
2026/09/23 14:36:12.979, 0, 96 %, 85 %, 6161 MiB, 49140 MiB, 287.37 W, 300.00 W, 73, 2115 MHz
2026/09/23 14:36:13.982, 0, 98 %, 86 %, 6161 MiB, 49140 MiB, 287.60 W, 300.00 W, 73, 1815 MHz
2026/09/23 14:36:14.982, 0, 96 %, 86 %, 6161 MiB, 49140 MiB, 288.34 W, 300.00 W, 73, 2040 MHz
2026/09/23 14:36:15.983, 0, 98 %, 86 %, 6161 MiB, 49140 MiB, 288.92 W, 300.00 W, 72, 1710 MHz
2026/09/23 14:36:16.984, 0, 95 %, 84 %, 6161 MiB, 49140 MiB, 287.92 W, 300.00 W, 73, 2055 MHz
2026/09/23 14:36:17.985, 0, 97 %, 83 %, 6161 MiB, 49140 MiB, 286.91 W, 300.00 W, 73, 2025 MHz
2026/09/23 14:36:18.985, 0, 97 %, 86 %, 6161 MiB, 49140 MiB, 288.42 W, 300.00 W, 74, 2025 MHz
2026/09/23 14:36:19.986, 0, 96 %, 83 %, 6161 MiB, 49140 MiB, 288.05 W, 300.00 W, 73, 1860 MHz
2026/09/23 14:36:20.987, 0, 98 %, 86 %, 6161 MiB, 49140 MiB, 289.59 W, 300.00 W, 74, 1830 MHz
2026/09/23 14:36:21.989, 0, 98 %, 82 %, 6161 MiB, 49140 MiB, 286.43 W, 300.00 W, 72, 1980 MHz
2026/09/23 14:36:22.990, 0, 96 %, 85 %, 6161 MiB, 49140 MiB, 289.22 W, 300.00 W, 75, 2085 MHz
2026/09/23 14:36:23.991, 0, 95 %, 83 %, 6161 MiB, 49140 MiB, 286.99 W, 300.00 W, 73, 2040 MHz
2026/09/23 14:36:24.992, 0, 98 %, 82 %, 6161 MiB, 49140 MiB, 285.63 W, 300.00 W, 72, 1680 MHz
2026/09/23 14:36:25.993, 0, 96 %, 84 %, 6161 MiB, 49140 MiB, 288.29 W, 300.00 W, 74, 1770 MHz
2026/09/23 14:36:26.994, 0, 93 %, 68 %, 6161 MiB, 49140 MiB, 289.82 W, 300.00 W, 74, 1710 MHz
2026/09/23 14:36:27.994, 0, 0 %, 0 %, 6161 MiB, 49140 MiB, 229.13 W, 300.00 W, 68, 2730 MHz
2026/09/23 14:36:28.995, 0, 0 %, 0 %, 6161 MiB, 49140 MiB, 87.01 W, 300.00 W, 67, 2730 MHz
2026/09/23 14:36:29.996, 0, 96 %, 86 %, 6161 MiB, 49140 MiB, 221.75 W, 300.00 W, 72, 1950 MHz
2026/09/23 14:36:30.996, 0, 98 %, 87 %, 6161 MiB, 49140 MiB, 291.79 W, 300.00 W, 72, 1830 MHz
2026/09/23 14:36:31.997, 0, 97 %, 85 %, 6161 MiB, 49140 MiB, 287.31 W, 300.00 W, 73, 2010 MHz
2026/09/23 14:36:32.998, 0, 96 %, 85 %, 6161 MiB, 49140 MiB, 288.93 W, 300.00 W, 71, 1710 MHz
2026/09/23 14:36:33.998, 0, 96 %, 85 %, 6161 MiB, 49140 MiB, 287.28 W, 300.00 W, 72, 2130 MHz
2026/09/23 14:36:34.999, 0, 98 %, 88 %, 6161 MiB, 49140 MiB, 285.30 W, 300.00 W, 72, 1740 MHz
2026/09/23 14:36:36.000, 0, 98 %, 86 %, 6161 MiB, 49140 MiB, 288.27 W, 300.00 W, 73, 2055 MHz
2026/09/23 14:36:37.001, 0, 98 %, 87 %, 6161 MiB, 49140 MiB, 289.13 W, 300.00 W, 72, 1800 MHz
2026/09/23 14:36:38.002, 0, 95 %, 83 %, 6161 MiB, 49140 MiB, 287.02 W, 300.00 W, 72, 2160 MHz
2026/09/23 14:36:39.003, 0, 97 %, 85 %, 6161 MiB, 49140 MiB, 288.17 W, 300.00 W, 74, 2100 MHz
2026/09/23 14:36:40.004, 0, 98 %, 81 %, 6161 MiB, 49140 MiB, 288.68 W, 300.00 W, 72, 1770 MHz
2026/09/23 14:36:41.005, 0, 96 %, 85 %, 6161 MiB, 49140 MiB, 289.04 W, 300.00 W, 73, 1905 MHz
2026/09/23 14:36:42.005, 0, 97 %, 86 %, 6161 MiB, 49140 MiB, 285.55 W, 300.00 W, 72, 1890 MHz
2026/09/23 14:36:43.007, 0, 98 %, 87 %, 6161 MiB, 49140 MiB, 289.39 W, 300.00 W, 74, 1950 MHz
2026/09/23 14:36:44.007, 0, 97 %, 81 %, 6161 MiB, 49140 MiB, 288.45 W, 300.00 W, 72, 1635 MHz
2026/09/23 14:36:45.008, 0, 96 %, 85 %, 6161 MiB, 49140 MiB, 287.80 W, 300.00 W, 73, 1950 MHz
2026/09/23 14:36:46.008, 0, 97 %, 85 %, 6161 MiB, 49140 MiB, 286.73 W, 300.00 W, 72, 2070 MHz
2026/09/23 14:36:47.009, 0, 96 %, 86 %, 6161 MiB, 49140 MiB, 288.63 W, 300.00 W, 74, 1860 MHz
2026/09/23 14:36:48.010, 0, 96 %, 82 %, 6161 MiB, 49140 MiB, 288.71 W, 300.00 W, 73, 1845 MHz
2026/09/23 14:36:49.011, 0, 97 %, 87 %, 6161 MiB, 49140 MiB, 289.06 W, 300.00 W, 73, 2070 MHz
2026/09/23 14:36:50.012, 0, 97 %, 82 %, 6161 MiB, 49140 MiB, 287.88 W, 300.00 W, 72, 2010 MHz
2026/09/23 14:36:51.013, 0, 97 %, 86 %, 6161 MiB, 49140 MiB, 288.68 W, 300.00 W, 73, 1995 MHz
2026/09/23 14:36:52.014, 0, 95 %, 68 %, 6161 MiB, 49140 MiB, 294.32 W, 300.00 W, 73, 1635 MHz
2026/09/23 14:36:53.014, 0, 0 %, 0 %, 6161 MiB, 49140 MiB, 182.52 W, 300.00 W, 67, 2640 MHz
2026/09/23 14:36:54.017, 0, 0 %, 0 %, 6161 MiB, 49140 MiB, 78.93 W, 300.00 W, 66, 2640 MHz
2026/09/23 14:36:55.018, 0, 97 %, 87 %, 6161 MiB, 49140 MiB, 217.18 W, 300.00 W, 72, 1635 MHz
2026/09/23 14:36:56.019, 0, 97 %, 85 %, 6161 MiB, 49140 MiB, 287.33 W, 300.00 W, 70, 2040 MHz
2026/09/23 14:36:57.020, 0, 95 %, 84 %, 6161 MiB, 49140 MiB, 287.13 W, 300.00 W, 72, 1755 MHz
2026/09/23 14:36:58.021, 0, 96 %, 86 %, 6161 MiB, 49140 MiB, 285.42 W, 300.00 W, 73, 1950 MHz
2026/09/23 14:36:59.022, 0, 98 %, 86 %, 6161 MiB, 49140 MiB, 286.48 W, 300.00 W, 72, 1635 MHz
2026/09/23 14:37:00.023, 0, 98 %, 86 %, 6161 MiB, 49140 MiB, 288.99 W, 300.00 W, 73, 2040 MHz
2026/09/23 14:37:01.023, 0, 97 %, 86 %, 6161 MiB, 49140 MiB, 287.58 W, 300.00 W, 72, 1710 MHz
2026/09/23 14:37:02.024, 0, 94 %, 84 %, 6161 MiB, 49140 MiB, 286.27 W, 300.00 W, 73, 1920 MHz
2026/09/23 14:37:03.025, 0, 98 %, 86 %, 6161 MiB, 49140 MiB, 288.15 W, 300.00 W, 72, 1680 MHz
2026/09/23 14:37:04.026, 0, 97 %, 81 %, 6161 MiB, 49140 MiB, 287.14 W, 300.00 W, 72, 1785 MHz
2026/09/23 14:37:05.029, 0, 95 %, 84 %, 6161 MiB, 49140 MiB, 288.23 W, 300.00 W, 72, 1905 MHz
2026/09/23 14:37:06.030, 0, 98 %, 88 %, 6161 MiB, 49140 MiB, 287.17 W, 300.00 W, 74, 1935 MHz
2026/09/23 14:37:07.031, 0, 98 %, 87 %, 6161 MiB, 49140 MiB, 288.38 W, 300.00 W, 72, 1695 MHz
2026/09/23 14:37:08.031, 0, 97 %, 88 %, 6161 MiB, 49140 MiB, 289.42 W, 300.00 W, 73, 2130 MHz
2026/09/23 14:37:09.033, 0, 95 %, 84 %, 6161 MiB, 49140 MiB, 286.34 W, 300.00 W, 72, 1785 MHz
2026/09/23 14:37:10.033, 0, 97 %, 84 %, 6161 MiB, 49140 MiB, 285.36 W, 300.00 W, 73, 2055 MHz
2026/09/23 14:37:11.034, 0, 97 %, 87 %, 6161 MiB, 49140 MiB, 287.61 W, 300.00 W, 73, 1800 MHz
2026/09/23 14:37:12.035, 0, 97 %, 81 %, 6161 MiB, 49140 MiB, 289.45 W, 300.00 W, 71, 1830 MHz
2026/09/23 14:37:13.036, 0, 98 %, 88 %, 6161 MiB, 49140 MiB, 287.34 W, 300.00 W, 73, 2115 MHz
2026/09/23 14:37:14.037, 0, 97 %, 86 %, 6161 MiB, 49140 MiB, 286.57 W, 300.00 W, 73, 1935 MHz
2026/09/23 14:37:15.038, 0, 98 %, 86 %, 6161 MiB, 49140 MiB, 286.77 W, 300.00 W, 74, 1980 MHz
2026/09/23 14:37:16.039, 0, 98 %, 86 %, 6161 MiB, 49140 MiB, 289.11 W, 300.00 W, 72, 1710 MHz
2026/09/23 14:37:17.039, 0, 94 %, 65 %, 6161 MiB, 49140 MiB, 291.37 W, 300.00 W, 74, 1665 MHz
2026/09/23 14:37:18.040, 0, 0 %, 0 %, 6161 MiB, 49140 MiB, 169.60 W, 300.00 W, 67, 2730 MHz
2026/09/23 14:37:19.041, 0, 97 %, 87 %, 6161 MiB, 49140 MiB, 97.33 W, 300.00 W, 69, 1965 MHz
2026/09/23 14:37:20.042, 0, 95 %, 84 %, 6161 MiB, 49140 MiB, 288.79 W, 300.00 W, 71, 2025 MHz
2026/09/23 14:37:21.043, 0, 97 %, 87 %, 6161 MiB, 49140 MiB, 288.24 W, 300.00 W, 73, 1995 MHz
2026/09/23 14:37:22.044, 0, 97 %, 85 %, 6161 MiB, 49140 MiB, 288.41 W, 300.00 W, 71, 1725 MHz
2026/09/23 14:37:23.045, 0, 97 %, 87 %, 6161 MiB, 49140 MiB, 288.62 W, 300.00 W, 72, 2145 MHz
2026/09/23 14:37:24.045, 0, 97 %, 86 %, 6161 MiB, 49140 MiB, 286.59 W, 300.00 W, 72, 1980 MHz
2026/09/23 14:37:25.046, 0, 98 %, 86 %, 6161 MiB, 49140 MiB, 288.54 W, 300.00 W, 73, 1890 MHz
2026/09/23 14:37:26.047, 0, 96 %, 83 %, 6161 MiB, 49140 MiB, 288.91 W, 300.00 W, 71, 1845 MHz
2026/09/23 14:37:27.048, 0, 97 %, 87 %, 6161 MiB, 49140 MiB, 288.57 W, 300.00 W, 72, 2100 MHz
2026/09/23 14:37:28.048, 0, 97 %, 85 %, 6161 MiB, 49140 MiB, 286.15 W, 300.00 W, 73, 1935 MHz
2026/09/23 14:37:29.050, 0, 89 %, 80 %, 6161 MiB, 49140 MiB, 285.20 W, 300.00 W, 73, 2280 MHz
2026/09/23 14:37:30.050, 0, 97 %, 86 %, 6161 MiB, 49140 MiB, 287.42 W, 300.00 W, 72, 1635 MHz
2026/09/23 14:37:31.051, 0, 97 %, 84 %, 6161 MiB, 49140 MiB, 288.65 W, 300.00 W, 72, 1980 MHz
2026/09/23 14:37:32.052, 0, 96 %, 85 %, 6161 MiB, 49140 MiB, 289.22 W, 300.00 W, 72, 1725 MHz
2026/09/23 14:37:33.053, 0, 98 %, 88 %, 6161 MiB, 49140 MiB, 287.89 W, 300.00 W, 74, 1965 MHz
2026/09/23 14:37:34.053, 0, 98 %, 86 %, 6161 MiB, 49140 MiB, 288.55 W, 300.00 W, 72, 1620 MHz
2026/09/23 14:37:35.054, 0, 97 %, 81 %, 6161 MiB, 49140 MiB, 287.36 W, 300.00 W, 72, 2130 MHz
2026/09/23 14:37:36.055, 0, 98 %, 87 %, 6161 MiB, 49140 MiB, 287.90 W, 300.00 W, 73, 2010 MHz
2026/09/23 14:37:37.056, 0, 96 %, 82 %, 6161 MiB, 49140 MiB, 288.30 W, 300.00 W, 72, 1905 MHz
2026/09/23 14:37:38.056, 0, 97 %, 86 %, 6161 MiB, 49140 MiB, 287.54 W, 300.00 W, 73, 1815 MHz
2026/09/23 14:37:39.057, 0, 96 %, 81 %, 6161 MiB, 49140 MiB, 288.03 W, 300.00 W, 71, 2175 MHz
2026/09/23 14:37:40.058, 0, 98 %, 87 %, 6161 MiB, 49140 MiB, 289.01 W, 300.00 W, 73, 1995 MHz
2026/09/23 14:37:41.058, 0, 98 %, 83 %, 6161 MiB, 49140 MiB, 287.25 W, 300.00 W, 72, 1830 MHz
2026/09/23 14:37:42.059, 0, 92 %, 65 %, 6161 MiB, 49140 MiB, 293.51 W, 300.00 W, 75, 1710 MHz
2026/09/23 14:37:43.060, 0, 22 %, 19 %, 6161 MiB, 49140 MiB, 145.56 W, 300.00 W, 72, 1770 MHz
2026/09/23 14:37:44.061, 0, 97 %, 86 %, 6161 MiB, 49140 MiB, 273.99 W, 300.00 W, 72, 1935 MHz
2026/09/23 14:37:45.062, 0, 97 %, 84 %, 6161 MiB, 49140 MiB, 287.81 W, 300.00 W, 72, 1980 MHz
2026/09/23 14:37:46.062, 0, 96 %, 85 %, 6161 MiB, 49140 MiB, 287.95 W, 300.00 W, 72, 1905 MHz
2026/09/23 14:37:47.063, 0, 97 %, 87 %, 6161 MiB, 49140 MiB, 285.17 W, 300.00 W, 73, 1755 MHz
2026/09/23 14:37:48.065, 0, 96 %, 86 %, 6161 MiB, 49140 MiB, 288.32 W, 300.00 W, 72, 1905 MHz
2026/09/23 14:37:49.065, 0, 98 %, 87 %, 6161 MiB, 49140 MiB, 290.17 W, 300.00 W, 72, 2175 MHz
2026/09/23 14:37:50.066, 0, 96 %, 85 %, 6161 MiB, 49140 MiB, 288.35 W, 300.00 W, 72, 1875 MHz
2026/09/23 14:37:51.067, 0, 98 %, 87 %, 6161 MiB, 49140 MiB, 287.02 W, 300.00 W, 73, 1710 MHz
2026/09/23 14:37:52.069, 0, 97 %, 86 %, 6161 MiB, 49140 MiB, 288.33 W, 300.00 W, 73, 1815 MHz
2026/09/23 14:37:53.070, 0, 98 %, 82 %, 6161 MiB, 49140 MiB, 288.18 W, 300.00 W, 71, 2100 MHz
2026/09/23 14:37:54.070, 0, 93 %, 83 %, 6161 MiB, 49140 MiB, 288.30 W, 300.00 W, 72, 1965 MHz
2026/09/23 14:37:55.072, 0, 96 %, 84 %, 6161 MiB, 49140 MiB, 284.69 W, 300.00 W, 72, 1980 MHz
2026/09/23 14:37:56.072, 0, 97 %, 86 %, 6161 MiB, 49140 MiB, 287.88 W, 300.00 W, 74, 1665 MHz
2026/09/23 14:37:57.073, 0, 97 %, 85 %, 6161 MiB, 49140 MiB, 289.21 W, 300.00 W, 72, 1995 MHz
2026/09/23 14:37:58.075, 0, 97 %, 87 %, 6161 MiB, 49140 MiB, 290.48 W, 300.00 W, 73, 1770 MHz
2026/09/23 14:37:59.077, 0, 97 %, 85 %, 6161 MiB, 49140 MiB, 285.91 W, 300.00 W, 72, 1980 MHz
2026/09/23 14:38:00.077, 0, 97 %, 82 %, 6161 MiB, 49140 MiB, 286.55 W, 300.00 W, 73, 1935 MHz
2026/09/23 14:38:01.079, 0, 97 %, 85 %, 6161 MiB, 49140 MiB, 288.08 W, 300.00 W, 74, 1785 MHz
2026/09/23 14:38:02.079, 0, 98 %, 84 %, 6161 MiB, 49140 MiB, 289.86 W, 300.00 W, 71, 2085 MHz
2026/09/23 14:38:03.080, 0, 97 %, 86 %, 6161 MiB, 49140 MiB, 290.17 W, 300.00 W, 73, 1935 MHz
2026/09/23 14:38:04.081, 0, 98 %, 86 %, 6161 MiB, 49140 MiB, 287.91 W, 300.00 W, 73, 1995 MHz
2026/09/23 14:38:05.082, 0, 97 %, 86 %, 6161 MiB, 49140 MiB, 288.59 W, 300.00 W, 74, 1665 MHz
2026/09/23 14:38:06.083, 0, 93 %, 64 %, 6161 MiB, 49140 MiB, 295.64 W, 300.00 W, 74, 1635 MHz
2026/09/23 14:38:07.084, 0, 0 %, 0 %, 6161 MiB, 49140 MiB, 154.36 W, 300.00 W, 67, 2730 MHz
2026/09/23 14:38:08.085, 0, 96 %, 81 %, 6161 MiB, 49140 MiB, 262.57 W, 300.00 W, 71, 2160 MHz
2026/09/23 14:38:09.086, 0, 98 %, 87 %, 6161 MiB, 49140 MiB, 288.41 W, 300.00 W, 73, 1935 MHz
2026/09/23 14:38:10.087, 0, 97 %, 81 %, 6161 MiB, 49140 MiB, 287.26 W, 300.00 W, 72, 1920 MHz
2026/09/23 14:38:11.087, 0, 96 %, 85 %, 6161 MiB, 49140 MiB, 287.52 W, 300.00 W, 74, 1695 MHz
2026/09/23 14:38:12.088, 0, 98 %, 87 %, 6161 MiB, 49140 MiB, 288.26 W, 300.00 W, 72, 2040 MHz
2026/09/23 14:38:13.089, 0, 97 %, 86 %, 6161 MiB, 49140 MiB, 289.60 W, 300.00 W, 73, 1755 MHz
2026/09/23 14:38:14.093, 0, 95 %, 84 %, 6161 MiB, 49140 MiB, 287.73 W, 300.00 W, 72, 1980 MHz
2026/09/23 14:38:15.094, 0, 97 %, 87 %, 6161 MiB, 49140 MiB, 287.99 W, 300.00 W, 74, 1620 MHz
2026/09/23 14:38:16.095, 0, 97 %, 86 %, 6161 MiB, 49140 MiB, 289.16 W, 300.00 W, 73, 1920 MHz
2026/09/23 14:38:17.095, 0, 98 %, 86 %, 6161 MiB, 49140 MiB, 290.89 W, 300.00 W, 73, 1860 MHz
2026/09/23 14:38:18.099, 0, 95 %, 84 %, 6161 MiB, 49140 MiB, 288.85 W, 300.00 W, 72, 1935 MHz
2026/09/23 14:38:19.100, 0, 97 %, 87 %, 6161 MiB, 49140 MiB, 288.98 W, 300.00 W, 73, 1620 MHz
2026/09/23 14:38:20.100, 0, 97 %, 86 %, 6161 MiB, 49140 MiB, 289.17 W, 300.00 W, 73, 1935 MHz
2026/09/23 14:38:21.102, 0, 98 %, 82 %, 6161 MiB, 49140 MiB, 289.12 W, 300.00 W, 72, 2040 MHz
2026/09/23 14:38:22.103, 0, 97 %, 86 %, 6161 MiB, 49140 MiB, 289.20 W, 300.00 W, 72, 2010 MHz
2026/09/23 14:38:23.104, 0, 97 %, 83 %, 6161 MiB, 49140 MiB, 287.43 W, 300.00 W, 73, 1770 MHz
2026/09/23 14:38:24.104, 0, 98 %, 87 %, 6161 MiB, 49140 MiB, 289.31 W, 300.00 W, 73, 2055 MHz
2026/09/23 14:38:25.105, 0, 96 %, 82 %, 6161 MiB, 49140 MiB, 288.70 W, 300.00 W, 72, 1965 MHz
2026/09/23 14:38:26.106, 0, 94 %, 84 %, 6161 MiB, 49140 MiB, 288.92 W, 300.00 W, 73, 1935 MHz
2026/09/23 14:38:27.107, 0, 96 %, 86 %, 6161 MiB, 49140 MiB, 287.78 W, 300.00 W, 73, 1635 MHz
2026/09/23 14:38:28.108, 0, 96 %, 86 %, 6161 MiB, 49140 MiB, 288.14 W, 300.00 W, 74, 1860 MHz
2026/09/23 14:38:29.109, 0, 98 %, 86 %, 6161 MiB, 49140 MiB, 289.93 W, 300.00 W, 73, 1890 MHz
2026/09/23 14:38:30.110, 0, 94 %, 66 %, 6161 MiB, 49140 MiB, 294.20 W, 300.00 W, 75, 1710 MHz
2026/09/23 14:38:31.111, 0, 0 %, 0 %, 6161 MiB, 49140 MiB, 168.63 W, 300.00 W, 67, 2730 MHz
2026/09/23 14:38:32.115, 0, 98 %, 89 %, 6161 MiB, 49140 MiB, 253.09 W, 300.00 W, 73, 2085 MHz
2026/09/23 14:38:33.116, 0, 96 %, 85 %, 6161 MiB, 49140 MiB, 293.92 W, 300.00 W, 72, 1650 MHz
2026/09/23 14:38:34.117, 0, 97 %, 86 %, 6161 MiB, 49140 MiB, 294.90 W, 300.00 W, 74, 2025 MHz
2026/09/23 14:38:35.117, 0, 97 %, 84 %, 6161 MiB, 49140 MiB, 297.08 W, 300.00 W, 71, 1950 MHz
2026/09/23 14:38:36.118, 0, 97 %, 86 %, 6161 MiB, 49140 MiB, 297.24 W, 300.00 W, 72, 1890 MHz
2026/09/23 14:38:37.121, 0, 96 %, 87 %, 6161 MiB, 49140 MiB, 295.62 W, 300.00 W, 75, 1965 MHz
2026/09/23 14:38:38.121, 0, 97 %, 85 %, 6161 MiB, 49140 MiB, 296.92 W, 300.00 W, 72, 1770 MHz
2026/09/23 14:38:39.122, 0, 96 %, 87 %, 6161 MiB, 49140 MiB, 296.68 W, 300.00 W, 73, 2055 MHz
2026/09/23 14:38:40.122, 0, 97 %, 82 %, 6161 MiB, 49140 MiB, 295.48 W, 300.00 W, 73, 1860 MHz
2026/09/23 14:38:41.123, 0, 97 %, 86 %, 6161 MiB, 49140 MiB, 297.02 W, 300.00 W, 74, 2175 MHz
2026/09/23 14:38:42.125, 0, 98 %, 82 %, 6161 MiB, 49140 MiB, 296.80 W, 300.00 W, 72, 2100 MHz
2026/09/23 14:38:43.126, 0, 96 %, 85 %, 6161 MiB, 49140 MiB, 296.74 W, 300.00 W, 73, 1815 MHz
2026/09/23 14:38:44.127, 0, 98 %, 88 %, 6161 MiB, 49140 MiB, 296.10 W, 300.00 W, 74, 1890 MHz
2026/09/23 14:38:45.128, 0, 98 %, 87 %, 6161 MiB, 49140 MiB, 297.49 W, 300.00 W, 73, 1755 MHz
2026/09/23 14:38:46.129, 0, 96 %, 86 %, 6161 MiB, 49140 MiB, 297.97 W, 300.00 W, 73, 1980 MHz
2026/09/23 14:38:47.130, 0, 98 %, 85 %, 6161 MiB, 49140 MiB, 295.16 W, 300.00 W, 73, 1650 MHz
2026/09/23 14:38:48.131, 0, 95 %, 84 %, 6161 MiB, 49140 MiB, 296.03 W, 300.00 W, 75, 2130 MHz
2026/09/23 14:38:49.133, 0, 97 %, 84 %, 6161 MiB, 49140 MiB, 296.02 W, 300.00 W, 72, 1800 MHz
2026/09/23 14:38:50.133, 0, 97 %, 87 %, 6161 MiB, 49140 MiB, 296.64 W, 300.00 W, 74, 1980 MHz
2026/09/23 14:38:51.134, 0, 97 %, 83 %, 6161 MiB, 49140 MiB, 296.55 W, 300.00 W, 73, 1725 MHz
2026/09/23 14:38:52.136, 0, 96 %, 86 %, 6161 MiB, 49140 MiB, 296.60 W, 300.00 W, 74, 2145 MHz
2026/09/23 14:38:53.137, 0, 97 %, 83 %, 6161 MiB, 49140 MiB, 297.82 W, 300.00 W, 73, 2115 MHz
2026/09/23 14:38:54.137, 0, 95 %, 65 %, 6161 MiB, 49140 MiB, 300.13 W, 300.00 W, 74, 1470 MHz
2026/09/23 14:38:55.138, 0, 0 %, 0 %, 6161 MiB, 49140 MiB, 168.05 W, 300.00 W, 67, 2730 MHz
2026/09/23 14:38:56.139, 0, 0 %, 0 %, 6161 MiB, 49140 MiB, 86.56 W, 300.00 W, 71, 2280 MHz
2026/09/23 14:38:57.140, 0, 98 %, 87 %, 6161 MiB, 49140 MiB, 219.89 W, 300.00 W, 73, 1830 MHz
2026/09/23 14:38:58.141, 0, 98 %, 86 %, 6161 MiB, 49140 MiB, 287.82 W, 300.00 W, 72, 2040 MHz
2026/09/23 14:38:59.144, 0, 98 %, 84 %, 6161 MiB, 49140 MiB, 290.28 W, 300.00 W, 72, 2025 MHz
2026/09/23 14:39:00.145, 0, 96 %, 84 %, 6161 MiB, 49140 MiB, 288.55 W, 300.00 W, 72, 1695 MHz
2026/09/23 14:39:01.146, 0, 98 %, 88 %, 6161 MiB, 49140 MiB, 289.02 W, 300.00 W, 73, 1740 MHz
2026/09/23 14:39:02.147, 0, 96 %, 85 %, 6161 MiB, 49140 MiB, 287.24 W, 300.00 W, 73, 2100 MHz
2026/09/23 14:39:03.148, 0, 98 %, 83 %, 6161 MiB, 49140 MiB, 288.87 W, 300.00 W, 71, 1950 MHz
2026/09/23 14:39:04.149, 0, 96 %, 84 %, 6161 MiB, 49140 MiB, 288.53 W, 300.00 W, 72, 1965 MHz
2026/09/23 14:39:05.150, 0, 98 %, 86 %, 6161 MiB, 49140 MiB, 287.40 W, 300.00 W, 73, 1770 MHz
2026/09/23 14:39:06.151, 0, 98 %, 87 %, 6161 MiB, 49140 MiB, 288.88 W, 300.00 W, 73, 2145 MHz
2026/09/23 14:39:07.152, 0, 98 %, 81 %, 6161 MiB, 49140 MiB, 289.33 W, 300.00 W, 72, 2025 MHz
2026/09/23 14:39:08.152, 0, 97 %, 87 %, 6161 MiB, 49140 MiB, 288.40 W, 300.00 W, 73, 1980 MHz
2026/09/23 14:39:09.153, 0, 96 %, 84 %, 6161 MiB, 49140 MiB, 285.64 W, 300.00 W, 72, 1605 MHz
2026/09/23 14:39:10.154, 0, 97 %, 86 %, 6161 MiB, 49140 MiB, 288.02 W, 300.00 W, 74, 1935 MHz
2026/09/23 14:39:11.155, 0, 95 %, 84 %, 6161 MiB, 49140 MiB, 288.41 W, 300.00 W, 73, 2055 MHz
2026/09/23 14:39:12.157, 0, 96 %, 82 %, 6161 MiB, 49140 MiB, 288.20 W, 300.00 W, 71, 1995 MHz
2026/09/23 14:39:13.157, 0, 97 %, 87 %, 6161 MiB, 49140 MiB, 289.54 W, 300.00 W, 73, 1635 MHz
2026/09/23 14:39:14.158, 0, 98 %, 86 %, 6161 MiB, 49140 MiB, 287.59 W, 300.00 W, 73, 2010 MHz
2026/09/23 14:39:15.159, 0, 98 %, 86 %, 6161 MiB, 49140 MiB, 287.68 W, 300.00 W, 74, 1875 MHz
2026/09/23 14:39:16.160, 0, 96 %, 85 %, 6161 MiB, 49140 MiB, 287.93 W, 300.00 W, 73, 2010 MHz
2026/09/23 14:39:17.160, 0, 97 %, 83 %, 6161 MiB, 49140 MiB, 287.24 W, 300.00 W, 71, 1965 MHz
2026/09/23 14:39:18.161, 0, 98 %, 86 %, 6161 MiB, 49140 MiB, 290.39 W, 300.00 W, 73, 1665 MHz
2026/09/23 14:39:19.162, 0, 94 %, 67 %, 6161 MiB, 49140 MiB, 291.77 W, 300.00 W, 74, 1770 MHz
2026/09/23 14:39:20.163, 0, 0 %, 0 %, 6161 MiB, 49140 MiB, 161.86 W, 300.00 W, 67, 2730 MHz
2026/09/23 14:39:21.163, 0, 97 %, 89 %, 6161 MiB, 49140 MiB, 107.37 W, 300.00 W, 72, 2010 MHz
2026/09/23 14:39:22.164, 0, 98 %, 86 %, 6161 MiB, 49140 MiB, 290.02 W, 300.00 W, 71, 1920 MHz
2026/09/23 14:39:23.165, 0, 97 %, 86 %, 6161 MiB, 49140 MiB, 288.50 W, 300.00 W, 72, 1680 MHz
2026/09/23 14:39:24.166, 0, 96 %, 83 %, 6161 MiB, 49140 MiB, 286.83 W, 300.00 W, 72, 2100 MHz
2026/09/23 14:39:25.166, 0, 97 %, 87 %, 6161 MiB, 49140 MiB, 287.62 W, 300.00 W, 73, 1950 MHz
2026/09/23 14:39:26.168, 0, 97 %, 84 %, 6161 MiB, 49140 MiB, 287.30 W, 300.00 W, 71, 1965 MHz
2026/09/23 14:39:27.169, 0, 96 %, 86 %, 6161 MiB, 49140 MiB, 288.09 W, 300.00 W, 72, 1650 MHz
2026/09/23 14:39:28.170, 0, 94 %, 83 %, 6161 MiB, 49140 MiB, 285.60 W, 300.00 W, 72, 1920 MHz
2026/09/23 14:39:29.170, 0, 98 %, 86 %, 6161 MiB, 49140 MiB, 287.38 W, 300.00 W, 74, 1950 MHz
2026/09/23 14:39:30.171, 0, 97 %, 86 %, 6161 MiB, 49140 MiB, 288.06 W, 300.00 W, 72, 2025 MHz
2026/09/23 14:39:31.171, 0, 97 %, 82 %, 6161 MiB, 49140 MiB, 288.85 W, 300.00 W, 72, 1905 MHz
2026/09/23 14:39:32.172, 0, 97 %, 85 %, 6161 MiB, 49140 MiB, 287.00 W, 300.00 W, 72, 1785 MHz
2026/09/23 14:39:33.173, 0, 97 %, 85 %, 6161 MiB, 49140 MiB, 288.41 W, 300.00 W, 73, 2070 MHz
2026/09/23 14:39:34.174, 0, 98 %, 86 %, 6161 MiB, 49140 MiB, 288.65 W, 300.00 W, 73, 1995 MHz
2026/09/23 14:39:35.175, 0, 96 %, 82 %, 6161 MiB, 49140 MiB, 289.88 W, 300.00 W, 72, 1770 MHz
2026/09/23 14:39:36.175, 0, 95 %, 84 %, 6161 MiB, 49140 MiB, 288.59 W, 300.00 W, 72, 1785 MHz
2026/09/23 14:39:37.176, 0, 98 %, 84 %, 6161 MiB, 49140 MiB, 288.62 W, 300.00 W, 73, 2130 MHz
2026/09/23 14:39:38.178, 0, 97 %, 86 %, 6161 MiB, 49140 MiB, 289.85 W, 300.00 W, 73, 1980 MHz
2026/09/23 14:39:39.178, 0, 98 %, 83 %, 6161 MiB, 49140 MiB, 289.77 W, 300.00 W, 71, 1965 MHz
2026/09/23 14:39:40.179, 0, 97 %, 86 %, 6161 MiB, 49140 MiB, 289.14 W, 300.00 W, 73, 1695 MHz
2026/09/23 14:39:41.180, 0, 96 %, 83 %, 6161 MiB, 49140 MiB, 288.24 W, 300.00 W, 72, 2070 MHz
2026/09/23 14:39:42.181, 0, 98 %, 86 %, 6161 MiB, 49140 MiB, 290.69 W, 300.00 W, 74, 1725 MHz
2026/09/23 14:39:43.181, 0, 98 %, 84 %, 6161 MiB, 49140 MiB, 289.86 W, 300.00 W, 71, 1935 MHz
2026/09/23 14:39:44.182, 0, 94 %, 66 %, 6161 MiB, 49140 MiB, 296.09 W, 300.00 W, 74, 1680 MHz
2026/09/23 14:39:45.182, 0, 0 %, 0 %, 6161 MiB, 49140 MiB, 113.96 W, 300.00 W, 67, 2730 MHz
2026/09/23 14:39:46.183, 0, 97 %, 86 %, 6161 MiB, 49140 MiB, 150.43 W, 300.00 W, 71, 1680 MHz
2026/09/23 14:39:47.184, 0, 97 %, 88 %, 6161 MiB, 49140 MiB, 287.01 W, 300.00 W, 72, 2145 MHz
2026/09/23 14:39:48.185, 0, 98 %, 87 %, 6161 MiB, 49140 MiB, 286.98 W, 300.00 W, 73, 1740 MHz
2026/09/23 14:39:49.186, 0, 96 %, 82 %, 6161 MiB, 49140 MiB, 288.19 W, 300.00 W, 71, 2040 MHz
2026/09/23 14:39:50.187, 0, 96 %, 86 %, 6161 MiB, 49140 MiB, 287.58 W, 300.00 W, 72, 1680 MHz
2026/09/23 14:39:51.188, 0, 98 %, 86 %, 6161 MiB, 49140 MiB, 286.93 W, 300.00 W, 72, 2070 MHz
2026/09/23 14:39:52.188, 0, 97 %, 87 %, 6161 MiB, 49140 MiB, 289.31 W, 300.00 W, 73, 1740 MHz
2026/09/23 14:39:53.189, 0, 98 %, 85 %, 6161 MiB, 49140 MiB, 290.61 W, 300.00 W, 71, 2010 MHz
2026/09/23 14:39:54.191, 0, 92 %, 82 %, 6161 MiB, 49140 MiB, 288.01 W, 300.00 W, 72, 1695 MHz
2026/09/23 14:39:55.192, 0, 97 %, 83 %, 6161 MiB, 49140 MiB, 286.26 W, 300.00 W, 73, 1935 MHz
2026/09/23 14:39:56.193, 0, 98 %, 87 %, 6161 MiB, 49140 MiB, 288.15 W, 300.00 W, 74, 1920 MHz
2026/09/23 14:39:57.193, 0, 97 %, 81 %, 6161 MiB, 49140 MiB, 288.69 W, 300.00 W, 72, 2085 MHz
2026/09/23 14:39:58.195, 0, 97 %, 87 %, 6161 MiB, 49140 MiB, 288.68 W, 300.00 W, 71, 1995 MHz
2026/09/23 14:39:59.197, 0, 94 %, 82 %, 6161 MiB, 49140 MiB, 286.99 W, 300.00 W, 72, 1755 MHz
2026/09/23 14:40:00.198, 0, 98 %, 87 %, 6161 MiB, 49140 MiB, 287.27 W, 300.00 W, 73, 2070 MHz
2026/09/23 14:40:01.198, 0, 98 %, 88 %, 6161 MiB, 49140 MiB, 288.16 W, 300.00 W, 74, 1830 MHz
2026/09/23 14:40:02.199, 0, 97 %, 80 %, 6161 MiB, 49140 MiB, 288.69 W, 300.00 W, 72, 1695 MHz
2026/09/23 14:40:03.200, 0, 96 %, 86 %, 6161 MiB, 49140 MiB, 288.09 W, 300.00 W, 73, 1815 MHz
2026/09/23 14:40:04.201, 0, 96 %, 82 %, 6161 MiB, 49140 MiB, 286.53 W, 300.00 W, 72, 2070 MHz
2026/09/23 14:40:05.202, 0, 97 %, 86 %, 6161 MiB, 49140 MiB, 287.06 W, 300.00 W, 74, 2025 MHz
2026/09/23 14:40:06.203, 0, 96 %, 81 %, 6161 MiB, 49140 MiB, 288.07 W, 300.00 W, 72, 1815 MHz
2026/09/23 14:40:07.204, 0, 98 %, 88 %, 6161 MiB, 49140 MiB, 290.33 W, 300.00 W, 73, 1725 MHz
2026/09/23 14:40:08.205, 0, 88 %, 64 %, 6161 MiB, 49140 MiB, 286.62 W, 300.00 W, 74, 1980 MHz
2026/09/23 14:40:09.206, 0, 11 %, 8 %, 6161 MiB, 49140 MiB, 279.37 W, 300.00 W, 70, 2535 MHz
2026/09/23 14:40:10.206, 0, 97 %, 82 %, 6161 MiB, 49140 MiB, 133.65 W, 300.00 W, 72, 2100 MHz
2026/09/23 14:40:11.207, 0, 98 %, 87 %, 6161 MiB, 49140 MiB, 288.88 W, 300.00 W, 73, 1995 MHz
2026/09/23 14:40:12.208, 0, 97 %, 86 %, 6161 MiB, 49140 MiB, 289.41 W, 300.00 W, 71, 1680 MHz
2026/09/23 14:40:13.208, 0, 95 %, 84 %, 6161 MiB, 49140 MiB, 286.94 W, 300.00 W, 72, 2100 MHz
2026/09/23 14:40:14.209, 0, 98 %, 87 %, 6161 MiB, 49140 MiB, 287.83 W, 300.00 W, 72, 1695 MHz
2026/09/23 14:40:15.210, 0, 98 %, 87 %, 6161 MiB, 49140 MiB, 288.71 W, 300.00 W, 74, 1905 MHz
2026/09/23 14:40:16.210, 0, 98 %, 81 %, 6161 MiB, 49140 MiB, 288.31 W, 300.00 W, 73, 1785 MHz
2026/09/23 14:40:17.212, 0, 97 %, 88 %, 6161 MiB, 49140 MiB, 288.32 W, 300.00 W, 72, 1815 MHz
2026/09/23 14:40:18.213, 0, 88 %, 78 %, 6161 MiB, 49140 MiB, 284.40 W, 300.00 W, 72, 2250 MHz
2026/09/23 14:40:19.214, 0, 98 %, 87 %, 6161 MiB, 49140 MiB, 287.25 W, 300.00 W, 72, 1770 MHz
2026/09/23 14:40:20.214, 0, 97 %, 86 %, 6161 MiB, 49140 MiB, 289.52 W, 300.00 W, 73, 1965 MHz
2026/09/23 14:40:21.217, 0, 96 %, 80 %, 6161 MiB, 49140 MiB, 288.73 W, 300.00 W, 71, 1680 MHz
2026/09/23 14:40:22.218, 0, 97 %, 87 %, 6161 MiB, 49140 MiB, 288.20 W, 300.00 W, 73, 1815 MHz
2026/09/23 14:40:23.218, 0, 97 %, 83 %, 6161 MiB, 49140 MiB, 288.22 W, 300.00 W, 73, 1980 MHz
2026/09/23 14:40:24.220, 0, 91 %, 82 %, 6161 MiB, 49140 MiB, 287.64 W, 300.00 W, 74, 2250 MHz
2026/09/23 14:40:25.220, 0, 97 %, 83 %, 6161 MiB, 49140 MiB, 287.42 W, 300.00 W, 73, 1980 MHz
2026/09/23 14:40:26.221, 0, 97 %, 84 %, 6161 MiB, 49140 MiB, 289.03 W, 300.00 W, 71, 1665 MHz
2026/09/23 14:40:27.223, 0, 96 %, 85 %, 6161 MiB, 49140 MiB, 289.06 W, 300.00 W, 73, 2055 MHz
2026/09/23 14:40:28.224, 0, 95 %, 85 %, 6161 MiB, 49140 MiB, 288.13 W, 300.00 W, 72, 1875 MHz
2026/09/23 14:40:29.225, 0, 98 %, 87 %, 6161 MiB, 49140 MiB, 289.21 W, 300.00 W, 74, 1890 MHz
2026/09/23 14:40:30.226, 0, 98 %, 81 %, 6161 MiB, 49140 MiB, 289.74 W, 300.00 W, 72, 1620 MHz
2026/09/23 14:40:31.226, 0, 96 %, 85 %, 6161 MiB, 49140 MiB, 288.85 W, 300.00 W, 73, 1755 MHz
2026/09/23 14:40:32.228, 0, 92 %, 80 %, 6161 MiB, 49140 MiB, 284.39 W, 300.00 W, 72, 2175 MHz
2026/09/23 14:40:33.228, 0, 92 %, 66 %, 6161 MiB, 49140 MiB, 295.40 W, 300.00 W, 74, 1695 MHz
2026/09/23 14:40:34.230, 0, 97 %, 83 %, 6161 MiB, 49140 MiB, 142.90 W, 300.00 W, 71, 1995 MHz
2026/09/23 14:40:35.231, 0, 97 %, 86 %, 6161 MiB, 49140 MiB, 286.70 W, 300.00 W, 74, 2010 MHz
2026/09/23 14:40:36.231, 0, 97 %, 80 %, 6161 MiB, 49140 MiB, 288.89 W, 300.00 W, 72, 1800 MHz
2026/09/23 14:40:37.232, 0, 97 %, 87 %, 6161 MiB, 49140 MiB, 286.95 W, 300.00 W, 71, 1725 MHz
2026/09/23 14:40:38.234, 0, 96 %, 83 %, 6161 MiB, 49140 MiB, 286.46 W, 300.00 W, 72, 2085 MHz
2026/09/23 14:40:39.235, 0, 98 %, 88 %, 6161 MiB, 49140 MiB, 287.94 W, 300.00 W, 72, 1935 MHz
2026/09/23 14:40:40.236, 0, 97 %, 85 %, 6161 MiB, 49140 MiB, 288.62 W, 300.00 W, 73, 2010 MHz
2026/09/23 14:40:41.237, 0, 98 %, 83 %, 6161 MiB, 49140 MiB, 288.39 W, 300.00 W, 71, 1620 MHz
2026/09/23 14:40:42.239, 0, 95 %, 85 %, 6161 MiB, 49140 MiB, 288.23 W, 300.00 W, 73, 2010 MHz
2026/09/23 14:40:43.240, 0, 97 %, 86 %, 6161 MiB, 49140 MiB, 288.50 W, 300.00 W, 72, 1830 MHz
2026/09/23 14:40:44.241, 0, 98 %, 89 %, 6161 MiB, 49140 MiB, 289.07 W, 300.00 W, 74, 1965 MHz
2026/09/23 14:40:45.244, 0, 98 %, 81 %, 6161 MiB, 49140 MiB, 289.22 W, 300.00 W, 72, 1680 MHz
2026/09/23 14:40:46.245, 0, 96 %, 87 %, 6161 MiB, 49140 MiB, 288.62 W, 300.00 W, 74, 1800 MHz
2026/09/23 14:40:47.245, 0, 98 %, 83 %, 6161 MiB, 49140 MiB, 287.71 W, 300.00 W, 73, 2055 MHz
2026/09/23 14:40:48.246, 0, 98 %, 87 %, 6161 MiB, 49140 MiB, 288.68 W, 300.00 W, 73, 1995 MHz
2026/09/23 14:40:49.247, 0, 97 %, 85 %, 6161 MiB, 49140 MiB, 289.55 W, 300.00 W, 73, 1950 MHz
2026/09/23 14:40:50.248, 0, 98 %, 87 %, 6161 MiB, 49140 MiB, 289.89 W, 300.00 W, 72, 1695 MHz
2026/09/23 14:40:51.249, 0, 91 %, 81 %, 6161 MiB, 49140 MiB, 286.67 W, 300.00 W, 73, 1905 MHz
2026/09/23 14:40:52.250, 0, 97 %, 83 %, 6161 MiB, 49140 MiB, 285.02 W, 300.00 W, 72, 2085 MHz
2026/09/23 14:40:53.251, 0, 98 %, 87 %, 6161 MiB, 49140 MiB, 288.53 W, 300.00 W, 73, 1845 MHz
2026/09/23 14:40:54.251, 0, 98 %, 85 %, 6161 MiB, 49140 MiB, 287.14 W, 300.00 W, 73, 1680 MHz
2026/09/23 14:40:55.252, 0, 97 %, 82 %, 6161 MiB, 49140 MiB, 287.72 W, 300.00 W, 72, 1950 MHz
2026/09/23 14:40:56.253, 0, 95 %, 85 %, 6161 MiB, 49140 MiB, 289.14 W, 300.00 W, 73, 1875 MHz
2026/09/23 14:40:57.254, 0, 93 %, 65 %, 6161 MiB, 49140 MiB, 295.02 W, 300.00 W, 75, 1755 MHz
2026/09/23 14:40:58.254, 0, 72 %, 64 %, 6161 MiB, 49140 MiB, 130.63 W, 300.00 W, 67, 2220 MHz
2026/09/23 14:40:59.255, 0, 95 %, 85 %, 6161 MiB, 49140 MiB, 280.96 W, 300.00 W, 72, 1890 MHz
2026/09/23 14:41:00.256, 0, 97 %, 87 %, 6161 MiB, 49140 MiB, 287.90 W, 300.00 W, 72, 1920 MHz
2026/09/23 14:41:01.257, 0, 98 %, 88 %, 6161 MiB, 49140 MiB, 286.43 W, 300.00 W, 73, 2010 MHz
2026/09/23 14:41:02.258, 0, 97 %, 87 %, 6161 MiB, 49140 MiB, 285.94 W, 300.00 W, 73, 1770 MHz
2026/09/23 14:41:03.258, 0, 98 %, 84 %, 6161 MiB, 49140 MiB, 288.41 W, 300.00 W, 72, 1725 MHz
2026/09/23 14:41:04.260, 0, 96 %, 84 %, 6161 MiB, 49140 MiB, 289.40 W, 300.00 W, 73, 2010 MHz
2026/09/23 14:41:05.260, 0, 94 %, 84 %, 6161 MiB, 49140 MiB, 289.73 W, 300.00 W, 72, 1815 MHz
2026/09/23 14:41:06.261, 0, 90 %, 80 %, 6161 MiB, 49140 MiB, 287.06 W, 300.00 W, 72, 2235 MHz
2026/09/23 14:41:07.262, 0, 98 %, 88 %, 6161 MiB, 49140 MiB, 287.83 W, 300.00 W, 73, 1680 MHz
2026/09/23 14:41:08.263, 0, 97 %, 83 %, 6161 MiB, 49140 MiB, 287.95 W, 300.00 W, 72, 1695 MHz
2026/09/23 14:41:09.264, 0, 97 %, 85 %, 6161 MiB, 49140 MiB, 289.62 W, 300.00 W, 73, 2085 MHz
2026/09/23 14:41:10.265, 0, 95 %, 84 %, 6161 MiB, 49140 MiB, 287.55 W, 300.00 W, 72, 1935 MHz
2026/09/23 14:41:11.267, 0, 98 %, 84 %, 6161 MiB, 49140 MiB, 287.02 W, 300.00 W, 73, 1980 MHz
2026/09/23 14:41:12.267, 0, 96 %, 86 %, 6161 MiB, 49140 MiB, 288.71 W, 300.00 W, 74, 1950 MHz
2026/09/23 14:41:13.269, 0, 98 %, 84 %, 6161 MiB, 49140 MiB, 289.45 W, 300.00 W, 72, 1665 MHz
2026/09/23 14:41:14.270, 0, 97 %, 87 %, 6161 MiB, 49140 MiB, 289.86 W, 300.00 W, 73, 2100 MHz
2026/09/23 14:41:15.271, 0, 93 %, 83 %, 6161 MiB, 49140 MiB, 287.05 W, 300.00 W, 73, 1800 MHz
2026/09/23 14:41:16.271, 0, 97 %, 84 %, 6161 MiB, 49140 MiB, 287.78 W, 300.00 W, 73, 2085 MHz
2026/09/23 14:41:17.273, 0, 97 %, 87 %, 6161 MiB, 49140 MiB, 289.18 W, 300.00 W, 73, 1725 MHz
2026/09/23 14:41:18.273, 0, 97 %, 81 %, 6161 MiB, 49140 MiB, 287.70 W, 300.00 W, 72, 1755 MHz
2026/09/23 14:41:19.275, 0, 97 %, 87 %, 6161 MiB, 49140 MiB, 289.69 W, 300.00 W, 73, 2085 MHz
2026/09/23 14:41:20.275, 0, 96 %, 85 %, 6161 MiB, 49140 MiB, 287.41 W, 300.00 W, 73, 1725 MHz
2026/09/23 14:41:21.276, 0, 91 %, 64 %, 6161 MiB, 49140 MiB, 290.70 W, 300.00 W, 75, 1710 MHz
2026/09/23 14:41:22.276, 0, 0 %, 0 %, 6161 MiB, 49140 MiB, 152.71 W, 300.00 W, 66, 2505 MHz
2026/09/23 14:41:23.277, 0, 86 %, 77 %, 6161 MiB, 49140 MiB, 88.52 W, 300.00 W, 70, 2325 MHz
2026/09/23 14:41:24.278, 0, 97 %, 84 %, 6161 MiB, 49140 MiB, 286.89 W, 300.00 W, 72, 2040 MHz
2026/09/23 14:41:25.279, 0, 98 %, 88 %, 6161 MiB, 49140 MiB, 288.41 W, 300.00 W, 72, 1740 MHz
2026/09/23 14:41:26.279, 0, 98 %, 82 %, 6161 MiB, 49140 MiB, 288.00 W, 300.00 W, 72, 1845 MHz
2026/09/23 14:41:27.280, 0, 95 %, 84 %, 6161 MiB, 49140 MiB, 288.42 W, 300.00 W, 72, 1950 MHz
2026/09/23 14:41:28.281, 0, 97 %, 82 %, 6161 MiB, 49140 MiB, 285.25 W, 300.00 W, 72, 2055 MHz
2026/09/23 14:41:29.282, 0, 98 %, 89 %, 6161 MiB, 49140 MiB, 285.98 W, 300.00 W, 74, 1980 MHz
2026/09/23 14:41:30.282, 0, 96 %, 85 %, 6161 MiB, 49140 MiB, 287.55 W, 300.00 W, 72, 1665 MHz
2026/09/23 14:41:31.283, 0, 97 %, 87 %, 6161 MiB, 49140 MiB, 289.63 W, 300.00 W, 73, 2100 MHz
2026/09/23 14:41:32.284, 0, 95 %, 83 %, 6161 MiB, 49140 MiB, 286.46 W, 300.00 W, 72, 1740 MHz
2026/09/23 14:41:33.285, 0, 97 %, 87 %, 6161 MiB, 49140 MiB, 287.45 W, 300.00 W, 74, 1995 MHz
2026/09/23 14:41:34.286, 0, 98 %, 86 %, 6161 MiB, 49140 MiB, 288.36 W, 300.00 W, 72, 1680 MHz
2026/09/23 14:41:35.287, 0, 98 %, 84 %, 6161 MiB, 49140 MiB, 289.42 W, 300.00 W, 73, 2025 MHz
2026/09/23 14:41:36.288, 0, 94 %, 83 %, 6161 MiB, 49140 MiB, 288.14 W, 300.00 W, 72, 1860 MHz
2026/09/23 14:41:37.288, 0, 98 %, 88 %, 6161 MiB, 49140 MiB, 288.47 W, 300.00 W, 74, 1995 MHz
2026/09/23 14:41:38.289, 0, 97 %, 83 %, 6161 MiB, 49140 MiB, 290.08 W, 300.00 W, 71, 1740 MHz
2026/09/23 14:41:39.290, 0, 97 %, 88 %, 6161 MiB, 49140 MiB, 289.39 W, 300.00 W, 73, 2130 MHz
2026/09/23 14:41:40.291, 0, 96 %, 82 %, 6161 MiB, 49140 MiB, 285.57 W, 300.00 W, 72, 1920 MHz
2026/09/23 14:41:41.292, 0, 97 %, 88 %, 6161 MiB, 49140 MiB, 288.06 W, 300.00 W, 74, 1665 MHz
2026/09/23 14:41:42.293, 0, 96 %, 84 %, 6161 MiB, 49140 MiB, 288.33 W, 300.00 W, 72, 2100 MHz
2026/09/23 14:41:43.297, 0, 97 %, 87 %, 6161 MiB, 49140 MiB, 289.28 W, 300.00 W, 73, 1770 MHz
2026/09/23 14:41:44.298, 0, 97 %, 83 %, 6161 MiB, 49140 MiB, 287.08 W, 300.00 W, 73, 1980 MHz
2026/09/23 14:41:45.298, 0, 97 %, 87 %, 6161 MiB, 49140 MiB, 288.51 W, 300.00 W, 74, 1695 MHz
2026/09/23 14:41:46.299, 0, 88 %, 62 %, 6161 MiB, 49140 MiB, 294.38 W, 300.00 W, 74, 1740 MHz
2026/09/23 14:41:47.299, 0, 0 %, 0 %, 6161 MiB, 49140 MiB, 136.98 W, 300.00 W, 67, 2745 MHz
2026/09/23 14:41:48.300, 0, 97 %, 89 %, 6161 MiB, 49140 MiB, 124.17 W, 300.00 W, 73, 1710 MHz
2026/09/23 14:41:49.301, 0, 98 %, 87 %, 6161 MiB, 49140 MiB, 286.75 W, 300.00 W, 71, 2040 MHz
2026/09/23 14:41:50.302, 0, 98 %, 84 %, 6161 MiB, 49140 MiB, 288.42 W, 300.00 W, 73, 1905 MHz
2026/09/23 14:41:51.304, 0, 95 %, 84 %, 6161 MiB, 49140 MiB, 287.89 W, 300.00 W, 71, 1980 MHz
2026/09/23 14:41:52.304, 0, 97 %, 88 %, 6161 MiB, 49140 MiB, 287.23 W, 300.00 W, 73, 1665 MHz
2026/09/23 14:41:53.305, 0, 97 %, 82 %, 6161 MiB, 49140 MiB, 288.60 W, 300.00 W, 71, 2160 MHz
2026/09/23 14:41:54.307, 0, 98 %, 81 %, 6161 MiB, 49140 MiB, 285.64 W, 300.00 W, 72, 1965 MHz
2026/09/23 14:41:55.308, 0, 95 %, 83 %, 6161 MiB, 49140 MiB, 288.24 W, 300.00 W, 72, 2010 MHz
2026/09/23 14:41:56.309, 0, 98 %, 86 %, 6161 MiB, 49140 MiB, 287.23 W, 300.00 W, 73, 1740 MHz
2026/09/23 14:41:57.310, 0, 97 %, 88 %, 6161 MiB, 49140 MiB, 288.02 W, 300.00 W, 73, 1800 MHz
2026/09/23 14:41:58.312, 0, 98 %, 81 %, 6161 MiB, 49140 MiB, 287.88 W, 300.00 W, 71, 2160 MHz
2026/09/23 14:41:59.312, 0, 96 %, 87 %, 6161 MiB, 49140 MiB, 287.95 W, 300.00 W, 72, 1950 MHz
2026/09/23 14:42:00.314, 0, 97 %, 84 %, 6161 MiB, 49140 MiB, 288.16 W, 300.00 W, 73, 1800 MHz
2026/09/23 14:42:01.314, 0, 98 %, 87 %, 6161 MiB, 49140 MiB, 288.60 W, 300.00 W, 73, 1755 MHz
2026/09/23 14:42:02.315, 0, 98 %, 81 %, 6161 MiB, 49140 MiB, 288.55 W, 300.00 W, 71, 2160 MHz
2026/09/23 14:42:03.317, 0, 96 %, 86 %, 6161 MiB, 49140 MiB, 289.70 W, 300.00 W, 72, 1935 MHz
2026/09/23 14:42:04.318, 0, 97 %, 83 %, 6161 MiB, 49140 MiB, 287.43 W, 300.00 W, 72, 1980 MHz
2026/09/23 14:42:05.319, 0, 96 %, 86 %, 6161 MiB, 49140 MiB, 289.33 W, 300.00 W, 73, 1830 MHz
2026/09/23 14:42:06.319, 0, 98 %, 82 %, 6161 MiB, 49140 MiB, 287.99 W, 300.00 W, 73, 1980 MHz
2026/09/23 14:42:07.320, 0, 95 %, 85 %, 6161 MiB, 49140 MiB, 289.80 W, 300.00 W, 72, 1920 MHz
2026/09/23 14:42:08.322, 0, 97 %, 86 %, 6161 MiB, 49140 MiB, 287.29 W, 300.00 W, 73, 1620 MHz
2026/09/23 14:42:09.323, 0, 98 %, 88 %, 6161 MiB, 49140 MiB, 287.98 W, 300.00 W, 73, 1800 MHz
2026/09/23 14:42:10.324, 0, 98 %, 82 %, 6161 MiB, 49140 MiB, 288.95 W, 300.00 W, 73, 1905 MHz
2026/09/23 14:42:11.324, 0, 94 %, 64 %, 6161 MiB, 49140 MiB, 295.62 W, 300.00 W, 74, 1770 MHz
2026/09/23 14:42:12.325, 0, 0 %, 0 %, 6161 MiB, 49140 MiB, 113.25 W, 300.00 W, 67, 2730 MHz
2026/09/23 14:42:13.326, 0, 98 %, 86 %, 6161 MiB, 49140 MiB, 137.61 W, 300.00 W, 71, 1710 MHz
2026/09/23 14:42:14.326, 0, 97 %, 88 %, 6161 MiB, 49140 MiB, 286.00 W, 300.00 W, 72, 1815 MHz
2026/09/23 14:42:15.327, 0, 97 %, 81 %, 6161 MiB, 49140 MiB, 286.44 W, 300.00 W, 70, 2145 MHz
2026/09/23 14:42:16.330, 0, 97 %, 88 %, 6161 MiB, 49140 MiB, 287.65 W, 300.00 W, 72, 1980 MHz
2026/09/23 14:42:17.330, 0, 98 %, 84 %, 6161 MiB, 49140 MiB, 286.87 W, 300.00 W, 72, 1725 MHz
2026/09/23 14:42:18.331, 0, 98 %, 87 %, 6161 MiB, 49140 MiB, 288.37 W, 300.00 W, 72, 2025 MHz
2026/09/23 14:42:19.331, 0, 97 %, 87 %, 6161 MiB, 49140 MiB, 289.22 W, 300.00 W, 73, 1740 MHz
2026/09/23 14:42:20.333, 0, 95 %, 85 %, 6161 MiB, 49140 MiB, 286.19 W, 300.00 W, 72, 1965 MHz
2026/09/23 14:42:21.334, 0, 98 %, 87 %, 6161 MiB, 49140 MiB, 285.45 W, 300.00 W, 73, 1620 MHz
2026/09/23 14:42:22.335, 0, 98 %, 85 %, 6161 MiB, 49140 MiB, 288.93 W, 300.00 W, 72, 2100 MHz
2026/09/23 14:42:23.336, 0, 98 %, 89 %, 6161 MiB, 49140 MiB, 289.45 W, 300.00 W, 72, 1905 MHz
2026/09/23 14:42:24.337, 0, 98 %, 82 %, 6161 MiB, 49140 MiB, 288.17 W, 300.00 W, 72, 1935 MHz
2026/09/23 14:42:25.337, 0, 97 %, 87 %, 6161 MiB, 49140 MiB, 288.49 W, 300.00 W, 73, 1830 MHz
2026/09/23 14:42:26.338, 0, 96 %, 80 %, 6161 MiB, 49140 MiB, 289.93 W, 300.00 W, 72, 2070 MHz
2026/09/23 14:42:27.339, 0, 95 %, 85 %, 6161 MiB, 49140 MiB, 287.93 W, 300.00 W, 72, 1980 MHz
2026/09/23 14:42:28.340, 0, 97 %, 84 %, 6161 MiB, 49140 MiB, 285.90 W, 300.00 W, 73, 1740 MHz
2026/09/23 14:42:29.341, 0, 96 %, 86 %, 6161 MiB, 49140 MiB, 287.74 W, 300.00 W, 73, 1830 MHz
2026/09/23 14:42:30.342, 0, 98 %, 81 %, 6161 MiB, 49140 MiB, 289.37 W, 300.00 W, 72, 2040 MHz
2026/09/23 14:42:31.343, 0, 94 %, 83 %, 6161 MiB, 49140 MiB, 288.62 W, 300.00 W, 72, 1800 MHz
2026/09/23 14:42:32.344, 0, 98 %, 84 %, 6161 MiB, 49140 MiB, 285.81 W, 300.00 W, 73, 1830 MHz
2026/09/23 14:42:33.347, 0, 98 %, 87 %, 6161 MiB, 49140 MiB, 289.36 W, 300.00 W, 72, 1980 MHz
2026/09/23 14:42:34.347, 0, 98 %, 83 %, 6161 MiB, 49140 MiB, 289.61 W, 300.00 W, 73, 1995 MHz
2026/09/23 14:42:35.349, 0, 83 %, 62 %, 6161 MiB, 49140 MiB, 288.48 W, 300.00 W, 74, 1710 MHz
2026/09/23 14:42:36.350, 0, 26 %, 17 %, 6161 MiB, 49140 MiB, 280.70 W, 300.00 W, 68, 2730 MHz
2026/09/23 14:42:37.350, 0, 0 %, 0 %, 6161 MiB, 49140 MiB, 92.69 W, 300.00 W, 66, 2730 MHz
2026/09/23 14:42:38.351, 0, 95 %, 86 %, 6161 MiB, 49140 MiB, 180.56 W, 300.00 W, 72, 1935 MHz
2026/09/23 14:42:39.351, 0, 95 %, 82 %, 6161 MiB, 49140 MiB, 285.69 W, 300.00 W, 71, 1710 MHz
2026/09/23 14:42:40.353, 0, 98 %, 87 %, 6161 MiB, 49140 MiB, 286.43 W, 300.00 W, 73, 2175 MHz
2026/09/23 14:42:41.353, 0, 97 %, 80 %, 6161 MiB, 49140 MiB, 287.90 W, 300.00 W, 70, 1980 MHz
2026/09/23 14:42:42.354, 0, 97 %, 87 %, 6161 MiB, 49140 MiB, 287.91 W, 300.00 W, 72, 1905 MHz
2026/09/23 14:42:43.355, 0, 95 %, 81 %, 6161 MiB, 49140 MiB, 284.81 W, 300.00 W, 72, 1815 MHz
2026/09/23 14:42:44.356, 0, 98 %, 88 %, 6161 MiB, 49140 MiB, 286.55 W, 300.00 W, 73, 2175 MHz
2026/09/23 14:42:45.357, 0, 98 %, 82 %, 6161 MiB, 49140 MiB, 289.15 W, 300.00 W, 71, 2040 MHz
2026/09/23 14:42:46.358, 0, 96 %, 85 %, 6161 MiB, 49140 MiB, 288.92 W, 300.00 W, 72, 1815 MHz
2026/09/23 14:42:47.361, 0, 98 %, 86 %, 6161 MiB, 49140 MiB, 288.34 W, 300.00 W, 73, 1830 MHz
2026/09/23 14:42:48.362, 0, 97 %, 86 %, 6161 MiB, 49140 MiB, 288.96 W, 300.00 W, 72, 2010 MHz
2026/09/23 14:42:49.363, 0, 97 %, 84 %, 6161 MiB, 49140 MiB, 289.16 W, 300.00 W, 73, 1965 MHz
2026/09/23 14:42:50.363, 0, 95 %, 84 %, 6161 MiB, 49140 MiB, 288.60 W, 300.00 W, 72, 1605 MHz
2026/09/23 14:42:51.364, 0, 97 %, 87 %, 6161 MiB, 49140 MiB, 287.45 W, 300.00 W, 74, 2130 MHz
2026/09/23 14:42:52.366, 0, 97 %, 80 %, 6161 MiB, 49140 MiB, 289.83 W, 300.00 W, 71, 1950 MHz
2026/09/23 14:42:53.367, 0, 96 %, 86 %, 6161 MiB, 49140 MiB, 288.98 W, 300.00 W, 72, 1980 MHz
2026/09/23 14:42:54.367, 0, 97 %, 83 %, 6161 MiB, 49140 MiB, 284.86 W, 300.00 W, 72, 1710 MHz
2026/09/23 14:42:55.368, 0, 97 %, 87 %, 6161 MiB, 49140 MiB, 287.75 W, 300.00 W, 73, 2130 MHz
2026/09/23 14:42:56.369, 0, 97 %, 81 %, 6161 MiB, 49140 MiB, 288.32 W, 300.00 W, 71, 1980 MHz
2026/09/23 14:42:57.369, 0, 95 %, 85 %, 6161 MiB, 49140 MiB, 289.24 W, 300.00 W, 72, 1860 MHz
2026/09/23 14:42:58.371, 0, 97 %, 83 %, 6161 MiB, 49140 MiB, 286.30 W, 300.00 W, 73, 1815 MHz
2026/09/23 14:42:59.372, 0, 97 %, 88 %, 6161 MiB, 49140 MiB, 289.20 W, 300.00 W, 73, 2070 MHz
2026/09/23 14:43:00.373, 0, 93 %, 66 %, 6161 MiB, 49140 MiB, 290.05 W, 300.00 W, 74, 1650 MHz
2026/09/23 14:43:01.373, 0, 1 %, 0 %, 6161 MiB, 49140 MiB, 236.37 W, 300.00 W, 67, 2505 MHz
2026/09/23 14:43:02.374, 0, 0 %, 0 %, 6161 MiB, 49140 MiB, 73.45 W, 300.00 W, 66, 2505 MHz
2026/09/23 14:43:03.375, 0, 98 %, 81 %, 6161 MiB, 49140 MiB, 202.49 W, 300.00 W, 71, 1785 MHz
2026/09/23 14:43:04.375, 0, 97 %, 88 %, 6161 MiB, 49140 MiB, 287.89 W, 300.00 W, 72, 1980 MHz
2026/09/23 14:43:05.376, 0, 98 %, 83 %, 6161 MiB, 49140 MiB, 286.95 W, 300.00 W, 72, 1800 MHz
2026/09/23 14:43:06.377, 0, 98 %, 88 %, 6161 MiB, 49140 MiB, 288.60 W, 300.00 W, 72, 1980 MHz
2026/09/23 14:43:07.378, 0, 98 %, 82 %, 6161 MiB, 49140 MiB, 287.95 W, 300.00 W, 72, 1980 MHz
2026/09/23 14:43:08.381, 0, 96 %, 84 %, 6161 MiB, 49140 MiB, 287.98 W, 300.00 W, 72, 1605 MHz
2026/09/23 14:43:09.382, 0, 98 %, 88 %, 6161 MiB, 49140 MiB, 286.98 W, 300.00 W, 73, 2145 MHz
2026/09/23 14:43:10.382, 0, 98 %, 81 %, 6161 MiB, 49140 MiB, 287.48 W, 300.00 W, 71, 2040 MHz
2026/09/23 14:43:11.383, 0, 96 %, 86 %, 6161 MiB, 49140 MiB, 288.53 W, 300.00 W, 72, 1800 MHz
2026/09/23 14:43:12.384, 0, 96 %, 86 %, 6161 MiB, 49140 MiB, 286.62 W, 300.00 W, 73, 1830 MHz
2026/09/23 14:43:13.385, 0, 96 %, 86 %, 6161 MiB, 49140 MiB, 284.53 W, 300.00 W, 73, 2175 MHz
2026/09/23 14:43:14.386, 0, 96 %, 80 %, 6161 MiB, 49140 MiB, 288.26 W, 300.00 W, 71, 1920 MHz
2026/09/23 14:43:15.387, 0, 97 %, 88 %, 6161 MiB, 49140 MiB, 288.88 W, 300.00 W, 73, 2010 MHz
2026/09/23 14:43:16.389, 0, 97 %, 83 %, 6161 MiB, 49140 MiB, 287.36 W, 300.00 W, 72, 1710 MHz
2026/09/23 14:43:17.390, 0, 96 %, 86 %, 6161 MiB, 49140 MiB, 288.02 W, 300.00 W, 74, 2085 MHz
2026/09/23 14:43:18.390, 0, 97 %, 82 %, 6161 MiB, 49140 MiB, 287.81 W, 300.00 W, 71, 1815 MHz
2026/09/23 14:43:19.392, 0, 97 %, 88 %, 6161 MiB, 49140 MiB, 288.40 W, 300.00 W, 72, 1980 MHz
2026/09/23 14:43:20.393, 0, 96 %, 82 %, 6161 MiB, 49140 MiB, 285.62 W, 300.00 W, 72, 2070 MHz
2026/09/23 14:43:21.393, 0, 96 %, 85 %, 6161 MiB, 49140 MiB, 287.57 W, 300.00 W, 73, 1770 MHz
2026/09/23 14:43:22.394, 0, 97 %, 81 %, 6161 MiB, 49140 MiB, 286.93 W, 300.00 W, 71, 2070 MHz
2026/09/23 14:43:23.395, 0, 96 %, 86 %, 6161 MiB, 49140 MiB, 289.10 W, 300.00 W, 72, 1785 MHz
2026/09/23 14:43:24.396, 0, 98 %, 84 %, 6161 MiB, 49140 MiB, 287.43 W, 300.00 W, 73, 2160 MHz
2026/09/23 14:43:25.396, 0, 93 %, 66 %, 6161 MiB, 49140 MiB, 290.49 W, 300.00 W, 74, 1725 MHz
2026/09/23 14:43:26.397, 0, 0 %, 0 %, 6161 MiB, 49140 MiB, 207.10 W, 300.00 W, 67, 2730 MHz
2026/09/23 14:43:27.398, 0, 98 %, 88 %, 6161 MiB, 49140 MiB, 205.73 W, 300.00 W, 73, 2025 MHz
2026/09/23 14:43:28.399, 0, 98 %, 84 %, 6161 MiB, 49140 MiB, 290.29 W, 300.00 W, 71, 2010 MHz
2026/09/23 14:43:29.400, 0, 96 %, 87 %, 6161 MiB, 49140 MiB, 288.26 W, 300.00 W, 72, 1740 MHz
2026/09/23 14:43:30.401, 0, 98 %, 83 %, 6161 MiB, 49140 MiB, 285.81 W, 300.00 W, 72, 2100 MHz
2026/09/23 14:43:31.401, 0, 97 %, 87 %, 6161 MiB, 49140 MiB, 288.10 W, 300.00 W, 73, 1965 MHz
2026/09/23 14:43:32.402, 0, 96 %, 79 %, 6161 MiB, 49140 MiB, 288.78 W, 300.00 W, 71, 2055 MHz
2026/09/23 14:43:33.402, 0, 95 %, 85 %, 6161 MiB, 49140 MiB, 288.08 W, 300.00 W, 72, 1770 MHz
2026/09/23 14:43:34.404, 0, 97 %, 84 %, 6161 MiB, 49140 MiB, 286.93 W, 300.00 W, 73, 2085 MHz
2026/09/23 14:43:35.404, 0, 97 %, 87 %, 6161 MiB, 49140 MiB, 289.45 W, 300.00 W, 73, 2025 MHz
2026/09/23 14:43:36.405, 0, 91 %, 77 %, 6161 MiB, 49140 MiB, 288.56 W, 300.00 W, 72, 2025 MHz
2026/09/23 14:43:37.406, 0, 94 %, 84 %, 6161 MiB, 49140 MiB, 286.91 W, 300.00 W, 72, 1710 MHz
2026/09/23 14:43:38.407, 0, 96 %, 81 %, 6161 MiB, 49140 MiB, 287.13 W, 300.00 W, 72, 2085 MHz
2026/09/23 14:43:39.407, 0, 98 %, 87 %, 6161 MiB, 49140 MiB, 288.48 W, 300.00 W, 74, 1770 MHz
2026/09/23 14:43:40.408, 0, 98 %, 82 %, 6161 MiB, 49140 MiB, 289.05 W, 300.00 W, 71, 1965 MHz
2026/09/23 14:43:41.409, 0, 97 %, 87 %, 6161 MiB, 49140 MiB, 289.11 W, 300.00 W, 73, 1680 MHz
2026/09/23 14:43:42.410, 0, 97 %, 83 %, 6161 MiB, 49140 MiB, 287.83 W, 300.00 W, 72, 2085 MHz
2026/09/23 14:43:43.411, 0, 96 %, 85 %, 6161 MiB, 49140 MiB, 288.84 W, 300.00 W, 73, 1800 MHz
2026/09/23 14:43:44.413, 0, 98 %, 88 %, 6161 MiB, 49140 MiB, 290.52 W, 300.00 W, 72, 1980 MHz
2026/09/23 14:43:45.414, 0, 96 %, 85 %, 6161 MiB, 49140 MiB, 287.84 W, 300.00 W, 72, 1800 MHz
2026/09/23 14:43:46.414, 0, 98 %, 87 %, 6161 MiB, 49140 MiB, 288.80 W, 300.00 W, 74, 1950 MHz
2026/09/23 14:43:47.415, 0, 97 %, 82 %, 6161 MiB, 49140 MiB, 288.78 W, 300.00 W, 72, 1980 MHz
2026/09/23 14:43:48.416, 0, 97 %, 85 %, 6161 MiB, 49140 MiB, 288.64 W, 300.00 W, 73, 1680 MHz
2026/09/23 14:43:49.416, 0, 93 %, 67 %, 6161 MiB, 49140 MiB, 291.77 W, 300.00 W, 73, 1695 MHz
2026/09/23 14:43:50.417, 0, 0 %, 0 %, 6161 MiB, 49140 MiB, 194.31 W, 300.00 W, 67, 2730 MHz
2026/09/23 14:43:51.418, 0, 0 %, 0 %, 6161 MiB, 49140 MiB, 87.22 W, 300.00 W, 66, 2730 MHz
2026/09/23 14:43:52.418, 0, 96 %, 84 %, 6161 MiB, 49140 MiB, 212.50 W, 300.00 W, 71, 1785 MHz
2026/09/23 14:43:53.419, 0, 97 %, 87 %, 6161 MiB, 49140 MiB, 285.90 W, 300.00 W, 72, 2130 MHz
2026/09/23 14:43:54.420, 0, 97 %, 86 %, 6161 MiB, 49140 MiB, 286.45 W, 300.00 W, 73, 1845 MHz
2026/09/23 14:43:55.422, 0, 98 %, 88 %, 6161 MiB, 49140 MiB, 288.18 W, 300.00 W, 71, 1995 MHz
2026/09/23 14:43:56.423, 0, 94 %, 84 %, 6161 MiB, 49140 MiB, 284.90 W, 300.00 W, 72, 1725 MHz
2026/09/23 14:43:57.423, 0, 97 %, 86 %, 6161 MiB, 49140 MiB, 286.29 W, 300.00 W, 72, 2070 MHz
2026/09/23 14:43:58.424, 0, 97 %, 87 %, 6161 MiB, 49140 MiB, 287.81 W, 300.00 W, 74, 1935 MHz
2026/09/23 14:43:59.425, 0, 96 %, 84 %, 6161 MiB, 49140 MiB, 289.55 W, 300.00 W, 71, 1995 MHz
2026/09/23 14:44:00.426, 0, 95 %, 85 %, 6161 MiB, 49140 MiB, 286.99 W, 300.00 W, 72, 1635 MHz
2026/09/23 14:44:01.428, 0, 97 %, 88 %, 6161 MiB, 49140 MiB, 286.62 W, 300.00 W, 72, 2130 MHz
2026/09/23 14:44:02.428, 0, 97 %, 86 %, 6161 MiB, 49140 MiB, 287.79 W, 300.00 W, 73, 1845 MHz
2026/09/23 14:44:03.429, 0, 97 %, 86 %, 6161 MiB, 49140 MiB, 289.54 W, 300.00 W, 72, 2025 MHz
2026/09/23 14:44:04.430, 0, 97 %, 84 %, 6161 MiB, 49140 MiB, 286.33 W, 300.00 W, 72, 1815 MHz
2026/09/23 14:44:05.431, 0, 97 %, 86 %, 6161 MiB, 49140 MiB, 288.32 W, 300.00 W, 73, 2010 MHz
2026/09/23 14:44:06.432, 0, 96 %, 81 %, 6161 MiB, 49140 MiB, 288.88 W, 300.00 W, 72, 2070 MHz
2026/09/23 14:44:07.433, 0, 97 %, 86 %, 6161 MiB, 49140 MiB, 288.99 W, 300.00 W, 73, 1605 MHz
2026/09/23 14:44:08.434, 0, 89 %, 78 %, 6161 MiB, 49140 MiB, 283.75 W, 300.00 W, 72, 1815 MHz
2026/09/23 14:44:09.435, 0, 88 %, 78 %, 6161 MiB, 49140 MiB, 284.32 W, 300.00 W, 73, 2310 MHz
2026/09/23 14:44:10.435, 0, 98 %, 86 %, 6161 MiB, 49140 MiB, 286.72 W, 300.00 W, 73, 1950 MHz
2026/09/23 14:44:11.437, 0, 97 %, 83 %, 6161 MiB, 49140 MiB, 289.55 W, 300.00 W, 71, 1635 MHz
2026/09/23 14:44:12.438, 0, 96 %, 85 %, 6161 MiB, 49140 MiB, 287.95 W, 300.00 W, 73, 1905 MHz
2026/09/23 14:44:13.439, 0, 97 %, 86 %, 6161 MiB, 49140 MiB, 286.33 W, 300.00 W, 73, 1965 MHz
2026/09/23 14:44:14.440, 0, 93 %, 65 %, 6161 MiB, 49140 MiB, 291.36 W, 300.00 W, 74, 1680 MHz
2026/09/23 14:44:15.440, 0, 0 %, 0 %, 6161 MiB, 49140 MiB, 176.17 W, 300.00 W, 67, 2730 MHz
2026/09/23 14:44:16.441, 0, 0 %, 0 %, 6161 MiB, 49140 MiB, 87.41 W, 300.00 W, 66, 2730 MHz
2026/09/23 14:44:17.442, 0, 98 %, 87 %, 6161 MiB, 49140 MiB, 225.27 W, 300.00 W, 72, 1830 MHz
2026/09/23 14:44:18.443, 0, 94 %, 84 %, 6161 MiB, 49140 MiB, 282.37 W, 300.00 W, 71, 2115 MHz
2026/09/23 14:44:19.444, 0, 96 %, 86 %, 6161 MiB, 49140 MiB, 285.92 W, 300.00 W, 72, 2115 MHz
2026/09/23 14:44:20.445, 0, 98 %, 86 %, 6161 MiB, 49140 MiB, 289.28 W, 300.00 W, 73, 2040 MHz
2026/09/23 14:44:21.445, 0, 98 %, 88 %, 6161 MiB, 49140 MiB, 288.66 W, 300.00 W, 72, 1800 MHz
2026/09/23 14:44:22.446, 0, 96 %, 85 %, 6161 MiB, 49140 MiB, 285.46 W, 300.00 W, 71, 2175 MHz
2026/09/23 14:44:23.447, 0, 96 %, 85 %, 6161 MiB, 49140 MiB, 286.97 W, 300.00 W, 73, 2055 MHz
2026/09/23 14:44:24.448, 0, 97 %, 84 %, 6161 MiB, 49140 MiB, 286.94 W, 300.00 W, 72, 1965 MHz
2026/09/23 14:44:25.448, 0, 97 %, 87 %, 6161 MiB, 49140 MiB, 288.45 W, 300.00 W, 72, 1800 MHz
2026/09/23 14:44:26.450, 0, 91 %, 81 %, 6161 MiB, 49140 MiB, 285.71 W, 300.00 W, 72, 2310 MHz
2026/09/23 14:44:27.450, 0, 97 %, 88 %, 6161 MiB, 49140 MiB, 285.70 W, 300.00 W, 72, 1725 MHz
2026/09/23 14:44:28.452, 0, 97 %, 86 %, 6161 MiB, 49140 MiB, 288.60 W, 300.00 W, 73, 2010 MHz
2026/09/23 14:44:29.453, 0, 98 %, 82 %, 6161 MiB, 49140 MiB, 287.70 W, 300.00 W, 71, 1635 MHz
2026/09/23 14:44:30.456, 0, 96 %, 85 %, 6161 MiB, 49140 MiB, 287.77 W, 300.00 W, 73, 2040 MHz
2026/09/23 14:44:31.457, 0, 97 %, 86 %, 6161 MiB, 49140 MiB, 286.32 W, 300.00 W, 72, 1905 MHz
2026/09/23 14:44:32.457, 0, 98 %, 87 %, 6161 MiB, 49140 MiB, 288.89 W, 300.00 W, 74, 1905 MHz
2026/09/23 14:44:33.458, 0, 97 %, 82 %, 6161 MiB, 49140 MiB, 287.58 W, 300.00 W, 72, 1710 MHz
2026/09/23 14:44:34.459, 0, 97 %, 86 %, 6161 MiB, 49140 MiB, 289.26 W, 300.00 W, 73, 1830 MHz
2026/09/23 14:44:35.459, 0, 97 %, 87 %, 6161 MiB, 49140 MiB, 288.36 W, 300.00 W, 72, 1710 MHz
2026/09/23 14:44:36.461, 0, 97 %, 86 %, 6161 MiB, 49140 MiB, 288.70 W, 300.00 W, 74, 1965 MHz
2026/09/23 14:44:37.461, 0, 98 %, 82 %, 6161 MiB, 49140 MiB, 287.76 W, 300.00 W, 72, 1710 MHz
2026/09/23 14:44:38.463, 0, 98 %, 87 %, 6161 MiB, 49140 MiB, 288.77 W, 300.00 W, 73, 1830 MHz
2026/09/23 14:44:39.463, 0, 94 %, 66 %, 6161 MiB, 49140 MiB, 294.11 W, 300.00 W, 74, 1680 MHz
2026/09/23 14:44:40.467, 0, 0 %, 0 %, 6161 MiB, 49140 MiB, 160.41 W, 300.00 W, 67, 2730 MHz
2026/09/23 14:44:41.467, 0, 97 %, 83 %, 6161 MiB, 49140 MiB, 250.68 W, 300.00 W, 71, 2115 MHz
2026/09/23 14:44:42.468, 0, 98 %, 87 %, 6161 MiB, 49140 MiB, 287.38 W, 300.00 W, 73, 2070 MHz
2026/09/23 14:44:43.469, 0, 97 %, 82 %, 6161 MiB, 49140 MiB, 287.90 W, 300.00 W, 72, 1725 MHz
2026/09/23 14:44:44.470, 0, 96 %, 84 %, 6161 MiB, 49140 MiB, 288.72 W, 300.00 W, 73, 1860 MHz
2026/09/23 14:44:45.471, 0, 98 %, 86 %, 6161 MiB, 49140 MiB, 287.02 W, 300.00 W, 72, 1920 MHz
2026/09/23 14:44:46.471, 0, 97 %, 87 %, 6161 MiB, 49140 MiB, 288.62 W, 300.00 W, 74, 1905 MHz
2026/09/23 14:44:47.473, 0, 98 %, 85 %, 6161 MiB, 49140 MiB, 289.84 W, 300.00 W, 71, 1680 MHz
2026/09/23 14:44:48.473, 0, 96 %, 85 %, 6161 MiB, 49140 MiB, 287.52 W, 300.00 W, 72, 2100 MHz
2026/09/23 14:44:49.474, 0, 97 %, 86 %, 6161 MiB, 49140 MiB, 285.58 W, 300.00 W, 72, 1875 MHz
2026/09/23 14:44:50.474, 0, 97 %, 87 %, 6161 MiB, 49140 MiB, 289.26 W, 300.00 W, 74, 1980 MHz
2026/09/23 14:44:51.475, 0, 98 %, 87 %, 6161 MiB, 49140 MiB, 288.46 W, 300.00 W, 71, 1695 MHz
2026/09/23 14:44:52.476, 0, 96 %, 85 %, 6161 MiB, 49140 MiB, 286.16 W, 300.00 W, 72, 2175 MHz
2026/09/23 14:44:53.476, 0, 97 %, 85 %, 6161 MiB, 49140 MiB, 287.13 W, 300.00 W, 73, 1905 MHz
2026/09/23 14:44:54.477, 0, 97 %, 86 %, 6161 MiB, 49140 MiB, 287.07 W, 300.00 W, 73, 2025 MHz
2026/09/23 14:44:55.478, 0, 97 %, 84 %, 6161 MiB, 49140 MiB, 288.68 W, 300.00 W, 71, 1620 MHz
2026/09/23 14:44:56.479, 0, 95 %, 84 %, 6161 MiB, 49140 MiB, 288.47 W, 300.00 W, 73, 2010 MHz
2026/09/23 14:44:57.480, 0, 96 %, 86 %, 6161 MiB, 49140 MiB, 287.89 W, 300.00 W, 72, 1770 MHz
2026/09/23 14:44:58.481, 0, 97 %, 85 %, 6161 MiB, 49140 MiB, 289.05 W, 300.00 W, 73, 1950 MHz
2026/09/23 14:44:59.482, 0, 97 %, 84 %, 6161 MiB, 49140 MiB, 289.32 W, 300.00 W, 71, 1995 MHz
2026/09/23 14:45:00.483, 0, 95 %, 84 %, 6161 MiB, 49140 MiB, 287.52 W, 300.00 W, 73, 2055 MHz
2026/09/23 14:45:01.484, 0, 97 %, 87 %, 6161 MiB, 49140 MiB, 286.83 W, 300.00 W, 72, 1995 MHz
2026/09/23 14:45:02.484, 0, 98 %, 87 %, 6161 MiB, 49140 MiB, 288.17 W, 300.00 W, 73, 1680 MHz
2026/09/23 14:45:03.485, 0, 93 %, 68 %, 6161 MiB, 49140 MiB, 293.88 W, 300.00 W, 74, 1665 MHz
2026/09/23 14:45:04.486, 0, 0 %, 0 %, 6161 MiB, 49140 MiB, 167.89 W, 300.00 W, 67, 2730 MHz
2026/09/23 14:45:05.487, 0, 96 %, 85 %, 6161 MiB, 49140 MiB, 248.45 W, 300.00 W, 72, 2010 MHz
2026/09/23 14:45:06.488, 0, 97 %, 86 %, 6161 MiB, 49140 MiB, 287.22 W, 300.00 W, 72, 1965 MHz
2026/09/23 14:45:07.489, 0, 97 %, 87 %, 6161 MiB, 49140 MiB, 287.24 W, 300.00 W, 74, 1740 MHz
2026/09/23 14:45:08.490, 0, 97 %, 81 %, 6161 MiB, 49140 MiB, 287.96 W, 300.00 W, 72, 1830 MHz
2026/09/23 14:45:09.491, 0, 94 %, 84 %, 6161 MiB, 49140 MiB, 286.77 W, 300.00 W, 72, 2070 MHz
2026/09/23 14:45:10.491, 0, 96 %, 85 %, 6161 MiB, 49140 MiB, 283.64 W, 300.00 W, 72, 1770 MHz
2026/09/23 14:45:11.493, 0, 97 %, 88 %, 6161 MiB, 49140 MiB, 286.67 W, 300.00 W, 73, 1965 MHz
2026/09/23 14:45:12.495, 0, 98 %, 86 %, 6161 MiB, 49140 MiB, 286.67 W, 300.00 W, 73, 1770 MHz
2026/09/23 14:45:13.496, 0, 98 %, 85 %, 6161 MiB, 49140 MiB, 288.32 W, 300.00 W, 71, 1785 MHz
2026/09/23 14:45:14.497, 0, 97 %, 87 %, 6161 MiB, 49140 MiB, 289.50 W, 300.00 W, 73, 2115 MHz
2026/09/23 14:45:15.497, 0, 98 %, 82 %, 6161 MiB, 49140 MiB, 287.60 W, 300.00 W, 72, 2085 MHz
2026/09/23 14:45:16.498, 0, 97 %, 86 %, 6161 MiB, 49140 MiB, 288.08 W, 300.00 W, 73, 1800 MHz
2026/09/23 14:45:17.499, 0, 97 %, 83 %, 6161 MiB, 49140 MiB, 288.29 W, 300.00 W, 71, 1815 MHz
2026/09/23 14:45:18.500, 0, 97 %, 85 %, 6161 MiB, 49140 MiB, 289.78 W, 300.00 W, 72, 2085 MHz
2026/09/23 14:45:19.500, 0, 95 %, 81 %, 6161 MiB, 49140 MiB, 286.81 W, 300.00 W, 72, 2010 MHz
2026/09/23 14:45:20.501, 0, 98 %, 86 %, 6161 MiB, 49140 MiB, 287.76 W, 300.00 W, 74, 1920 MHz
2026/09/23 14:45:21.502, 0, 97 %, 82 %, 6161 MiB, 49140 MiB, 288.84 W, 300.00 W, 71, 1770 MHz
2026/09/23 14:45:22.504, 0, 97 %, 87 %, 6161 MiB, 49140 MiB, 289.95 W, 300.00 W, 73, 2205 MHz
2026/09/23 14:45:23.504, 0, 97 %, 85 %, 6161 MiB, 49140 MiB, 286.56 W, 300.00 W, 73, 1965 MHz
2026/09/23 14:45:24.505, 0, 96 %, 85 %, 6161 MiB, 49140 MiB, 288.29 W, 300.00 W, 74, 2025 MHz
2026/09/23 14:45:25.506, 0, 98 %, 85 %, 6161 MiB, 49140 MiB, 288.47 W, 300.00 W, 72, 1740 MHz
2026/09/23 14:45:26.507, 0, 97 %, 87 %, 6161 MiB, 49140 MiB, 289.60 W, 300.00 W, 73, 2070 MHz
2026/09/23 14:45:27.507, 0, 95 %, 66 %, 6161 MiB, 49140 MiB, 292.17 W, 300.00 W, 74, 1650 MHz
2026/09/23 14:45:28.508, 0, 0 %, 0 %, 6161 MiB, 49140 MiB, 180.06 W, 300.00 W, 67, 2730 MHz
2026/09/23 14:45:29.508, 0, 95 %, 84 %, 6161 MiB, 49140 MiB, 233.79 W, 300.00 W, 72, 1740 MHz
2026/09/23 14:45:30.510, 0, 97 %, 86 %, 6161 MiB, 49140 MiB, 286.60 W, 300.00 W, 73, 1920 MHz
2026/09/23 14:45:31.510, 0, 95 %, 85 %, 6161 MiB, 49140 MiB, 287.31 W, 300.00 W, 72, 1710 MHz
2026/09/23 14:45:32.512, 0, 97 %, 81 %, 6161 MiB, 49140 MiB, 288.05 W, 300.00 W, 72, 1785 MHz
2026/09/23 14:45:33.512, 0, 97 %, 85 %, 6161 MiB, 49140 MiB, 289.54 W, 300.00 W, 72, 2010 MHz
2026/09/23 14:45:34.513, 0, 96 %, 82 %, 6161 MiB, 49140 MiB, 286.79 W, 300.00 W, 73, 2085 MHz
2026/09/23 14:45:35.514, 0, 98 %, 87 %, 6161 MiB, 49140 MiB, 288.06 W, 300.00 W, 73, 1665 MHz
2026/09/23 14:45:36.515, 0, 98 %, 82 %, 6161 MiB, 49140 MiB, 289.88 W, 300.00 W, 72, 1890 MHz
2026/09/23 14:45:37.515, 0, 97 %, 85 %, 6161 MiB, 49140 MiB, 288.68 W, 300.00 W, 72, 1950 MHz
2026/09/23 14:45:38.516, 0, 96 %, 82 %, 6161 MiB, 49140 MiB, 286.06 W, 300.00 W, 72, 2040 MHz
2026/09/23 14:45:39.517, 0, 98 %, 86 %, 6161 MiB, 49140 MiB, 289.42 W, 300.00 W, 73, 1770 MHz
2026/09/23 14:45:40.518, 0, 97 %, 83 %, 6161 MiB, 49140 MiB, 288.36 W, 300.00 W, 71, 1785 MHz
2026/09/23 14:45:41.519, 0, 97 %, 87 %, 6161 MiB, 49140 MiB, 289.45 W, 300.00 W, 73, 2145 MHz
2026/09/23 14:45:42.520, 0, 96 %, 85 %, 6161 MiB, 49140 MiB, 286.12 W, 300.00 W, 72, 2085 MHz
2026/09/23 14:45:43.520, 0, 97 %, 87 %, 6161 MiB, 49140 MiB, 288.18 W, 300.00 W, 74, 1950 MHz
2026/09/23 14:45:44.521, 0, 96 %, 85 %, 6161 MiB, 49140 MiB, 289.02 W, 300.00 W, 73, 1635 MHz
2026/09/23 14:45:45.522, 0, 96 %, 81 %, 6161 MiB, 49140 MiB, 288.89 W, 300.00 W, 72, 1860 MHz
2026/09/23 14:45:46.524, 0, 97 %, 86 %, 6161 MiB, 49140 MiB, 288.06 W, 300.00 W, 73, 2115 MHz
2026/09/23 14:45:47.525, 0, 97 %, 84 %, 6161 MiB, 49140 MiB, 287.00 W, 300.00 W, 73, 1965 MHz
2026/09/23 14:45:48.526, 0, 98 %, 87 %, 6161 MiB, 49140 MiB, 285.54 W, 300.00 W, 73, 1695 MHz
2026/09/23 14:45:49.527, 0, 98 %, 87 %, 6161 MiB, 49140 MiB, 286.50 W, 300.00 W, 73, 1995 MHz
2026/09/23 14:45:50.528, 0, 98 %, 83 %, 6161 MiB, 49140 MiB, 288.06 W, 300.00 W, 72, 1965 MHz
2026/09/23 14:45:51.529, 0, 94 %, 68 %, 6161 MiB, 49140 MiB, 293.81 W, 300.00 W, 69, 2640 MHz
2026/09/23 14:45:52.529, 0, 0 %, 0 %, 6161 MiB, 49140 MiB, 105.69 W, 300.00 W, 67, 2730 MHz
2026/09/23 14:45:53.529, 0, 0 %, 0 %, 6161 MiB, 49140 MiB, 175.32 W, 300.00 W, 71, 2160 MHz
2026/09/23 14:45:54.531, 0, 98 %, 85 %, 6161 MiB, 49140 MiB, 290.09 W, 300.00 W, 72, 1965 MHz
2026/09/23 14:45:55.532, 0, 97 %, 86 %, 6161 MiB, 49140 MiB, 287.90 W, 300.00 W, 72, 1995 MHz
2026/09/23 14:45:56.532, 0, 97 %, 84 %, 6161 MiB, 49140 MiB, 286.69 W, 300.00 W, 72, 1920 MHz
2026/09/23 14:45:57.535, 0, 97 %, 86 %, 6161 MiB, 49140 MiB, 288.54 W, 300.00 W, 72, 1815 MHz
2026/09/23 14:45:58.536, 0, 97 %, 83 %, 6161 MiB, 49140 MiB, 290.52 W, 300.00 W, 73, 1950 MHz
2026/09/23 14:45:59.537, 0, 93 %, 82 %, 6161 MiB, 49140 MiB, 287.60 W, 300.00 W, 72, 1995 MHz
2026/09/23 14:46:00.537, 0, 96 %, 85 %, 6161 MiB, 49140 MiB, 285.62 W, 300.00 W, 72, 1950 MHz
2026/09/23 14:46:01.538, 0, 98 %, 86 %, 6161 MiB, 49140 MiB, 288.61 W, 300.00 W, 73, 1770 MHz
2026/09/23 14:46:02.540, 0, 96 %, 85 %, 6161 MiB, 49140 MiB, 287.31 W, 300.00 W, 71, 2145 MHz
2026/09/23 14:46:03.541, 0, 98 %, 88 %, 6161 MiB, 49140 MiB, 290.21 W, 300.00 W, 73, 1920 MHz
2026/09/23 14:46:04.542, 0, 98 %, 86 %, 6161 MiB, 49140 MiB, 287.19 W, 300.00 W, 72, 1920 MHz
2026/09/23 14:46:05.543, 0, 98 %, 86 %, 6161 MiB, 49140 MiB, 289.48 W, 300.00 W, 73, 1800 MHz
2026/09/23 14:46:06.544, 0, 96 %, 85 %, 6161 MiB, 49140 MiB, 287.93 W, 300.00 W, 71, 2115 MHz
2026/09/23 14:46:07.545, 0, 98 %, 88 %, 6161 MiB, 49140 MiB, 289.78 W, 300.00 W, 72, 2010 MHz
2026/09/23 14:46:08.549, 0, 98 %, 86 %, 6161 MiB, 49140 MiB, 288.02 W, 300.00 W, 73, 1830 MHz
2026/09/23 14:46:09.550, 0, 97 %, 87 %, 6161 MiB, 49140 MiB, 287.15 W, 300.00 W, 73, 1815 MHz
2026/09/23 14:46:10.550, 0, 94 %, 83 %, 6161 MiB, 49140 MiB, 287.92 W, 300.00 W, 71, 2130 MHz
2026/09/23 14:46:11.551, 0, 98 %, 87 %, 6161 MiB, 49140 MiB, 288.58 W, 300.00 W, 73, 1785 MHz
2026/09/23 14:46:12.551, 0, 97 %, 86 %, 6161 MiB, 49140 MiB, 287.49 W, 300.00 W, 72, 2010 MHz
2026/09/23 14:46:13.554, 0, 96 %, 81 %, 6161 MiB, 49140 MiB, 286.85 W, 300.00 W, 74, 1620 MHz
2026/09/23 14:46:14.555, 0, 97 %, 86 %, 6161 MiB, 49140 MiB, 289.14 W, 300.00 W, 73, 1965 MHz
2026/09/23 14:46:15.556, 0, 94 %, 82 %, 6161 MiB, 49140 MiB, 288.92 W, 300.00 W, 73, 1755 MHz
2026/09/23 14:46:16.556, 0, 91 %, 64 %, 6161 MiB, 49140 MiB, 253.38 W, 300.00 W, 68, 2745 MHz
2026/09/23 14:46:17.557, 0, 0 %, 0 %, 6161 MiB, 49140 MiB, 87.89 W, 300.00 W, 66, 2745 MHz
2026/09/23 14:46:18.557, 0, 94 %, 88 %, 6161 MiB, 49140 MiB, 183.47 W, 300.00 W, 71, 1995 MHz
2026/09/23 14:46:19.558, 0, 97 %, 81 %, 6161 MiB, 49140 MiB, 286.10 W, 300.00 W, 73, 1635 MHz
2026/09/23 14:46:20.559, 0, 98 %, 86 %, 6161 MiB, 49140 MiB, 288.33 W, 300.00 W, 71, 2115 MHz
2026/09/23 14:46:21.559, 0, 97 %, 86 %, 6161 MiB, 49140 MiB, 289.10 W, 300.00 W, 72, 1965 MHz
2026/09/23 14:46:22.560, 0, 98 %, 86 %, 6161 MiB, 49140 MiB, 287.29 W, 300.00 W, 72, 1965 MHz
2026/09/23 14:46:23.561, 0, 98 %, 87 %, 6161 MiB, 49140 MiB, 288.87 W, 300.00 W, 73, 1800 MHz
2026/09/23 14:46:24.562, 0, 95 %, 83 %, 6161 MiB, 49140 MiB, 288.91 W, 300.00 W, 71, 2100 MHz
2026/09/23 14:46:25.562, 0, 98 %, 86 %, 6161 MiB, 49140 MiB, 288.99 W, 300.00 W, 72, 2055 MHz
2026/09/23 14:46:26.563, 0, 97 %, 84 %, 6161 MiB, 49140 MiB, 286.96 W, 300.00 W, 72, 1725 MHz
2026/09/23 14:46:27.564, 0, 97 %, 87 %, 6161 MiB, 49140 MiB, 288.80 W, 300.00 W, 72, 1920 MHz
2026/09/23 14:46:28.564, 0, 98 %, 83 %, 6161 MiB, 49140 MiB, 289.36 W, 300.00 W, 73, 1815 MHz
2026/09/23 14:46:29.566, 0, 97 %, 86 %, 6161 MiB, 49140 MiB, 287.51 W, 300.00 W, 72, 1965 MHz
2026/09/23 14:46:30.566, 0, 97 %, 81 %, 6161 MiB, 49140 MiB, 288.04 W, 300.00 W, 74, 1620 MHz
2026/09/23 14:46:31.569, 0, 96 %, 85 %, 6161 MiB, 49140 MiB, 287.52 W, 300.00 W, 72, 1950 MHz
2026/09/23 14:46:32.570, 0, 97 %, 82 %, 6161 MiB, 49140 MiB, 289.26 W, 300.00 W, 73, 1845 MHz
2026/09/23 14:46:33.570, 0, 97 %, 86 %, 6161 MiB, 49140 MiB, 288.74 W, 300.00 W, 72, 1980 MHz
2026/09/23 14:46:34.572, 0, 97 %, 82 %, 6161 MiB, 49140 MiB, 288.30 W, 300.00 W, 74, 1635 MHz
2026/09/23 14:46:35.574, 0, 96 %, 85 %, 6161 MiB, 49140 MiB, 289.10 W, 300.00 W, 71, 2070 MHz
2026/09/23 14:46:36.576, 0, 97 %, 83 %, 6161 MiB, 49140 MiB, 288.74 W, 300.00 W, 73, 1875 MHz
2026/09/23 14:46:37.579, 0, 98 %, 86 %, 6161 MiB, 49140 MiB, 288.40 W, 300.00 W, 72, 1680 MHz
2026/09/23 14:46:38.580, 0, 98 %, 83 %, 6161 MiB, 49140 MiB, 288.19 W, 300.00 W, 73, 1800 MHz
2026/09/23 14:46:39.581, 0, 97 %, 87 %, 6161 MiB, 49140 MiB, 286.62 W, 300.00 W, 73, 2115 MHz
2026/09/23 14:46:40.582, 0, 97 %, 85 %, 6161 MiB, 49140 MiB, 289.71 W, 300.00 W, 74, 1710 MHz
2026/09/23 14:46:41.583, 0, 94 %, 65 %, 6161 MiB, 49140 MiB, 235.59 W, 300.00 W, 67, 2505 MHz
2026/09/23 14:46:42.583, 0, 0 %, 0 %, 6161 MiB, 49140 MiB, 166.75 W, 300.00 W, 72, 1890 MHz
2026/09/23 14:46:43.585, 0, 98 %, 85 %, 6161 MiB, 49140 MiB, 288.89 W, 300.00 W, 71, 2085 MHz
2026/09/23 14:46:44.586, 0, 98 %, 88 %, 6161 MiB, 49140 MiB, 287.94 W, 300.00 W, 72, 1965 MHz
2026/09/23 14:46:45.586, 0, 96 %, 85 %, 6161 MiB, 49140 MiB, 286.75 W, 300.00 W, 72, 1695 MHz
2026/09/23 14:46:46.587, 0, 97 %, 85 %, 6161 MiB, 49140 MiB, 288.96 W, 300.00 W, 73, 2100 MHz
2026/09/23 14:46:47.589, 0, 96 %, 85 %, 6161 MiB, 49140 MiB, 288.90 W, 300.00 W, 71, 1980 MHz
2026/09/23 14:46:48.589, 0, 98 %, 87 %, 6161 MiB, 49140 MiB, 289.78 W, 300.00 W, 72, 1935 MHz
2026/09/23 14:46:49.590, 0, 94 %, 82 %, 6161 MiB, 49140 MiB, 285.64 W, 300.00 W, 72, 1725 MHz
2026/09/23 14:46:50.591, 0, 98 %, 82 %, 6161 MiB, 49140 MiB, 288.16 W, 300.00 W, 74, 2010 MHz
2026/09/23 14:46:51.592, 0, 96 %, 85 %, 6161 MiB, 49140 MiB, 288.62 W, 300.00 W, 72, 1995 MHz
2026/09/23 14:46:52.592, 0, 98 %, 84 %, 6161 MiB, 49140 MiB, 289.36 W, 300.00 W, 73, 1965 MHz
2026/09/23 14:46:53.593, 0, 97 %, 86 %, 6161 MiB, 49140 MiB, 287.87 W, 300.00 W, 72, 1605 MHz
2026/09/23 14:46:54.594, 0, 96 %, 81 %, 6161 MiB, 49140 MiB, 288.30 W, 300.00 W, 74, 2010 MHz
2026/09/23 14:46:55.594, 0, 96 %, 85 %, 6161 MiB, 49140 MiB, 288.09 W, 300.00 W, 73, 2010 MHz
2026/09/23 14:46:56.595, 0, 97 %, 84 %, 6161 MiB, 49140 MiB, 290.08 W, 300.00 W, 73, 1980 MHz
2026/09/23 14:46:57.597, 0, 96 %, 84 %, 6161 MiB, 49140 MiB, 288.86 W, 300.00 W, 72, 1935 MHz
2026/09/23 14:46:58.598, 0, 98 %, 87 %, 6161 MiB, 49140 MiB, 286.66 W, 300.00 W, 73, 1785 MHz
2026/09/23 14:46:59.599, 0, 98 %, 87 %, 6161 MiB, 49140 MiB, 288.69 W, 300.00 W, 73, 2145 MHz
2026/09/23 14:47:00.600, 0, 94 %, 83 %, 6161 MiB, 49140 MiB, 287.09 W, 300.00 W, 72, 1965 MHz
2026/09/23 14:47:01.601, 0, 97 %, 83 %, 6161 MiB, 49140 MiB, 288.61 W, 300.00 W, 73, 2115 MHz
2026/09/23 14:47:02.602, 0, 98 %, 86 %, 6161 MiB, 49140 MiB, 289.48 W, 300.00 W, 72, 1725 MHz
2026/09/23 14:47:03.603, 0, 97 %, 85 %, 6161 MiB, 49140 MiB, 285.61 W, 300.00 W, 72, 1665 MHz
2026/09/23 14:47:04.605, 0, 98 %, 82 %, 6161 MiB, 49140 MiB, 290.28 W, 300.00 W, 73, 1665 MHz
2026/09/23 14:47:05.605, 0, 94 %, 67 %, 6161 MiB, 49140 MiB, 259.08 W, 300.00 W, 68, 2730 MHz
2026/09/23 14:47:06.606, 0, 0 %, 0 %, 6161 MiB, 49140 MiB, 87.84 W, 300.00 W, 66, 2730 MHz
2026/09/23 14:47:07.606, 0, 0 %, 0 %, 6161 MiB, 49140 MiB, 174.06 W, 300.00 W, 72, 2085 MHz
2026/09/23 14:47:08.607, 0, 97 %, 86 %, 6161 MiB, 49140 MiB, 287.53 W, 300.00 W, 71, 2055 MHz
2026/09/23 14:47:09.607, 0, 97 %, 86 %, 6161 MiB, 49140 MiB, 286.82 W, 300.00 W, 71, 1620 MHz
2026/09/23 14:47:10.608, 0, 93 %, 80 %, 6161 MiB, 49140 MiB, 286.92 W, 300.00 W, 73, 1800 MHz
2026/09/23 14:47:11.609, 0, 97 %, 87 %, 6161 MiB, 49140 MiB, 289.23 W, 300.00 W, 72, 2070 MHz
2026/09/23 14:47:12.611, 0, 97 %, 82 %, 6161 MiB, 49140 MiB, 289.34 W, 300.00 W, 73, 2010 MHz
2026/09/23 14:47:13.611, 0, 98 %, 87 %, 6161 MiB, 49140 MiB, 288.85 W, 300.00 W, 72, 1605 MHz
2026/09/23 14:47:14.613, 0, 97 %, 83 %, 6161 MiB, 49140 MiB, 285.74 W, 300.00 W, 73, 1815 MHz
2026/09/23 14:47:15.614, 0, 97 %, 86 %, 6161 MiB, 49140 MiB, 288.58 W, 300.00 W, 72, 1995 MHz
2026/09/23 14:47:16.614, 0, 97 %, 85 %, 6161 MiB, 49140 MiB, 289.43 W, 300.00 W, 72, 2070 MHz
2026/09/23 14:47:17.615, 0, 97 %, 85 %, 6161 MiB, 49140 MiB, 288.59 W, 300.00 W, 72, 1800 MHz
2026/09/23 14:47:18.616, 0, 95 %, 84 %, 6161 MiB, 49140 MiB, 285.70 W, 300.00 W, 72, 1725 MHz
2026/09/23 14:47:19.617, 0, 97 %, 81 %, 6161 MiB, 49140 MiB, 286.71 W, 300.00 W, 74, 2055 MHz
2026/09/23 14:47:20.618, 0, 97 %, 86 %, 6161 MiB, 49140 MiB, 287.11 W, 300.00 W, 72, 2010 MHz
2026/09/23 14:47:21.619, 0, 98 %, 82 %, 6161 MiB, 49140 MiB, 289.50 W, 300.00 W, 73, 1860 MHz
2026/09/23 14:47:22.620, 0, 97 %, 86 %, 6161 MiB, 49140 MiB, 287.36 W, 300.00 W, 72, 1620 MHz
2026/09/23 14:47:23.620, 0, 97 %, 81 %, 6161 MiB, 49140 MiB, 286.97 W, 300.00 W, 74, 1965 MHz
2026/09/23 14:47:24.621, 0, 96 %, 85 %, 6161 MiB, 49140 MiB, 286.79 W, 300.00 W, 72, 1905 MHz
2026/09/23 14:47:25.623, 0, 96 %, 81 %, 6161 MiB, 49140 MiB, 288.78 W, 300.00 W, 73, 1890 MHz
2026/09/23 14:47:26.624, 0, 98 %, 86 %, 6161 MiB, 49140 MiB, 287.43 W, 300.00 W, 72, 1830 MHz
2026/09/23 14:47:27.625, 0, 98 %, 83 %, 6161 MiB, 49140 MiB, 287.55 W, 300.00 W, 74, 1935 MHz
2026/09/23 14:47:28.625, 0, 97 %, 87 %, 6161 MiB, 49140 MiB, 288.70 W, 300.00 W, 73, 2010 MHz
2026/09/23 14:47:29.627, 0, 97 %, 84 %, 6161 MiB, 49140 MiB, 290.80 W, 300.00 W, 74, 1785 MHz
2026/09/23 14:47:30.627, 0, 87 %, 65 %, 6161 MiB, 49140 MiB, 252.45 W, 300.00 W, 68, 2745 MHz
2026/09/23 14:47:31.628, 0, 0 %, 0 %, 6161 MiB, 49140 MiB, 160.54 W, 300.00 W, 72, 2040 MHz
2026/09/23 14:47:32.629, 0, 96 %, 85 %, 6161 MiB, 49140 MiB, 289.69 W, 300.00 W, 71, 1980 MHz
2026/09/23 14:47:33.630, 0, 97 %, 86 %, 6161 MiB, 49140 MiB, 289.20 W, 300.00 W, 72, 1740 MHz
2026/09/23 14:47:34.634, 0, 97 %, 85 %, 6161 MiB, 49140 MiB, 287.26 W, 300.00 W, 72, 2175 MHz
2026/09/23 14:47:35.637, 0, 98 %, 87 %, 6161 MiB, 49140 MiB, 289.45 W, 300.00 W, 73, 1935 MHz
2026/09/23 14:47:36.637, 0, 94 %, 83 %, 6161 MiB, 49140 MiB, 288.94 W, 300.00 W, 71, 2010 MHz
2026/09/23 14:47:37.640, 0, 97 %, 86 %, 6161 MiB, 49140 MiB, 289.87 W, 300.00 W, 73, 1725 MHz
2026/09/23 14:47:38.640, 0, 97 %, 85 %, 6161 MiB, 49140 MiB, 288.71 W, 300.00 W, 73, 2160 MHz
2026/09/23 14:47:39.641, 0, 98 %, 86 %, 6161 MiB, 49140 MiB, 289.29 W, 300.00 W, 73, 1980 MHz
2026/09/23 14:47:40.641, 0, 97 %, 86 %, 6161 MiB, 49140 MiB, 289.58 W, 300.00 W, 73, 1800 MHz
2026/09/23 14:47:41.642, 0, 97 %, 85 %, 6161 MiB, 49140 MiB, 289.88 W, 300.00 W, 72, 1830 MHz
2026/09/23 14:47:42.643, 0, 97 %, 82 %, 6161 MiB, 49140 MiB, 287.90 W, 300.00 W, 74, 2130 MHz
2026/09/23 14:47:43.643, 0, 97 %, 86 %, 6161 MiB, 49140 MiB, 286.83 W, 300.00 W, 73, 1950 MHz
2026/09/23 14:47:44.645, 0, 95 %, 83 %, 6161 MiB, 49140 MiB, 289.32 W, 300.00 W, 71, 1950 MHz
2026/09/23 14:47:45.646, 0, 97 %, 87 %, 6161 MiB, 49140 MiB, 288.88 W, 300.00 W, 73, 1665 MHz
2026/09/23 14:47:46.646, 0, 97 %, 85 %, 6161 MiB, 49140 MiB, 288.01 W, 300.00 W, 73, 2085 MHz
2026/09/23 14:47:47.648, 0, 98 %, 82 %, 6161 MiB, 49140 MiB, 289.65 W, 300.00 W, 74, 1725 MHz
2026/09/23 14:47:48.649, 0, 94 %, 83 %, 6161 MiB, 49140 MiB, 290.25 W, 300.00 W, 71, 1980 MHz
2026/09/23 14:47:49.649, 0, 97 %, 86 %, 6161 MiB, 49140 MiB, 289.11 W, 300.00 W, 73, 1665 MHz
2026/09/23 14:47:50.650, 0, 98 %, 87 %, 6161 MiB, 49140 MiB, 287.30 W, 300.00 W, 73, 1980 MHz
2026/09/23 14:47:51.651, 0, 97 %, 81 %, 6161 MiB, 49140 MiB, 289.14 W, 300.00 W, 74, 1710 MHz
2026/09/23 14:47:52.652, 0, 95 %, 84 %, 6161 MiB, 49140 MiB, 288.97 W, 300.00 W, 72, 1905 MHz
2026/09/23 14:47:53.653, 0, 97 %, 84 %, 6161 MiB, 49140 MiB, 290.39 W, 300.00 W, 74, 1650 MHz
2026/09/23 14:47:54.654, 0, 89 %, 62 %, 6161 MiB, 49140 MiB, 248.37 W, 300.00 W, 68, 2730 MHz
2026/09/23 14:47:55.655, 0, 0 %, 0 %, 6161 MiB, 49140 MiB, 167.71 W, 300.00 W, 71, 2115 MHz
2026/09/23 14:47:56.656, 0, 98 %, 87 %, 6161 MiB, 49140 MiB, 287.48 W, 300.00 W, 72, 1785 MHz
2026/09/23 14:47:57.657, 0, 98 %, 85 %, 6161 MiB, 49140 MiB, 288.08 W, 300.00 W, 73, 2100 MHz
2026/09/23 14:47:58.658, 0, 98 %, 87 %, 6161 MiB, 49140 MiB, 287.87 W, 300.00 W, 73, 2055 MHz
2026/09/23 14:47:59.659, 0, 98 %, 88 %, 6161 MiB, 49140 MiB, 289.59 W, 300.00 W, 73, 1680 MHz
2026/09/23 14:48:00.660, 0, 98 %, 87 %, 6161 MiB, 49140 MiB, 287.48 W, 300.00 W, 72, 1890 MHz
2026/09/23 14:48:01.661, 0, 98 %, 82 %, 6161 MiB, 49140 MiB, 288.63 W, 300.00 W, 74, 1950 MHz
2026/09/23 14:48:02.662, 0, 94 %, 84 %, 6161 MiB, 49140 MiB, 288.26 W, 300.00 W, 73, 2040 MHz
2026/09/23 14:48:03.662, 0, 98 %, 87 %, 6161 MiB, 49140 MiB, 289.53 W, 300.00 W, 73, 1710 MHz
2026/09/23 14:48:04.663, 0, 94 %, 84 %, 6161 MiB, 49140 MiB, 286.00 W, 300.00 W, 72, 1785 MHz
2026/09/23 14:48:05.664, 0, 98 %, 82 %, 6161 MiB, 49140 MiB, 288.65 W, 300.00 W, 74, 2040 MHz
2026/09/23 14:48:06.665, 0, 95 %, 85 %, 6161 MiB, 49140 MiB, 289.08 W, 300.00 W, 72, 2040 MHz
2026/09/23 14:48:07.665, 0, 98 %, 87 %, 6161 MiB, 49140 MiB, 290.20 W, 300.00 W, 73, 1725 MHz
2026/09/23 14:48:08.666, 0, 98 %, 87 %, 6161 MiB, 49140 MiB, 287.78 W, 300.00 W, 73, 1770 MHz
2026/09/23 14:48:09.667, 0, 94 %, 80 %, 6161 MiB, 49140 MiB, 287.78 W, 300.00 W, 73, 2100 MHz
2026/09/23 14:48:10.671, 0, 95 %, 85 %, 6161 MiB, 49140 MiB, 289.42 W, 300.00 W, 73, 1995 MHz
2026/09/23 14:48:11.672, 0, 98 %, 88 %, 6161 MiB, 49140 MiB, 289.86 W, 300.00 W, 73, 1725 MHz
2026/09/23 14:48:12.672, 0, 97 %, 87 %, 6161 MiB, 49140 MiB, 286.37 W, 300.00 W, 72, 1800 MHz
2026/09/23 14:48:13.673, 0, 98 %, 83 %, 6161 MiB, 49140 MiB, 288.25 W, 300.00 W, 73, 2055 MHz
2026/09/23 14:48:14.674, 0, 96 %, 86 %, 6161 MiB, 49140 MiB, 288.80 W, 300.00 W, 73, 1980 MHz
2026/09/23 14:48:15.674, 0, 98 %, 84 %, 6161 MiB, 49140 MiB, 289.48 W, 300.00 W, 72, 1695 MHz
2026/09/23 14:48:16.676, 0, 98 %, 88 %, 6161 MiB, 49140 MiB, 287.28 W, 300.00 W, 72, 2160 MHz
2026/09/23 14:48:17.677, 0, 98 %, 81 %, 6161 MiB, 49140 MiB, 288.82 W, 300.00 W, 73, 1650 MHz
2026/09/23 14:48:18.678, 0, 90 %, 64 %, 6161 MiB, 49140 MiB, 255.39 W, 300.00 W, 68, 2520 MHz
2026/09/23 14:48:19.678, 0, 0 %, 0 %, 6161 MiB, 49140 MiB, 72.75 W, 300.00 W, 66, 2520 MHz
2026/09/23 14:48:20.679, 0, 91 %, 73 %, 6161 MiB, 49140 MiB, 171.50 W, 300.00 W, 71, 2070 MHz
2026/09/23 14:48:21.679, 0, 97 %, 87 %, 6161 MiB, 49140 MiB, 283.96 W, 300.00 W, 72, 1920 MHz
2026/09/23 14:48:22.680, 0, 95 %, 82 %, 6161 MiB, 49140 MiB, 285.44 W, 300.00 W, 71, 2025 MHz
2026/09/23 14:48:23.681, 0, 98 %, 89 %, 6161 MiB, 49140 MiB, 288.69 W, 300.00 W, 73, 2040 MHz
2026/09/23 14:48:24.681, 0, 97 %, 83 %, 6161 MiB, 49140 MiB, 289.42 W, 300.00 W, 70, 1680 MHz
2026/09/23 14:48:25.682, 0, 98 %, 88 %, 6161 MiB, 49140 MiB, 286.29 W, 300.00 W, 72, 2145 MHz
2026/09/23 14:48:26.685, 0, 97 %, 81 %, 6161 MiB, 49140 MiB, 286.50 W, 300.00 W, 72, 1995 MHz
2026/09/23 14:48:27.686, 0, 94 %, 84 %, 6161 MiB, 49140 MiB, 287.45 W, 300.00 W, 73, 2055 MHz
2026/09/23 14:48:28.686, 0, 97 %, 83 %, 6161 MiB, 49140 MiB, 289.57 W, 300.00 W, 72, 1800 MHz
2026/09/23 14:48:29.687, 0, 98 %, 88 %, 6161 MiB, 49140 MiB, 286.86 W, 300.00 W, 72, 2115 MHz
2026/09/23 14:48:30.688, 0, 98 %, 81 %, 6161 MiB, 49140 MiB, 287.54 W, 300.00 W, 73, 1890 MHz
2026/09/23 14:48:31.688, 0, 96 %, 86 %, 6161 MiB, 49140 MiB, 289.39 W, 300.00 W, 73, 2010 MHz
2026/09/23 14:48:32.689, 0, 97 %, 86 %, 6161 MiB, 49140 MiB, 288.62 W, 300.00 W, 73, 1740 MHz
2026/09/23 14:48:33.690, 0, 94 %, 85 %, 6161 MiB, 49140 MiB, 286.32 W, 300.00 W, 72, 2220 MHz
2026/09/23 14:48:34.690, 0, 98 %, 82 %, 6161 MiB, 49140 MiB, 287.49 W, 300.00 W, 73, 2010 MHz
2026/09/23 14:48:35.693, 0, 95 %, 85 %, 6161 MiB, 49140 MiB, 285.43 W, 300.00 W, 73, 2070 MHz
2026/09/23 14:48:36.694, 0, 91 %, 81 %, 6161 MiB, 49140 MiB, 285.20 W, 300.00 W, 72, 1770 MHz
2026/09/23 14:48:37.694, 0, 98 %, 88 %, 6161 MiB, 49140 MiB, 289.34 W, 300.00 W, 73, 1845 MHz
2026/09/23 14:48:38.698, 0, 98 %, 84 %, 6161 MiB, 49140 MiB, 287.27 W, 300.00 W, 73, 1905 MHz
2026/09/23 14:48:39.700, 0, 97 %, 88 %, 6161 MiB, 49140 MiB, 288.22 W, 300.00 W, 74, 2055 MHz
2026/09/23 14:48:40.701, 0, 95 %, 82 %, 6161 MiB, 49140 MiB, 289.54 W, 300.00 W, 71, 1605 MHz
2026/09/23 14:48:41.701, 0, 97 %, 86 %, 6161 MiB, 49140 MiB, 289.17 W, 300.00 W, 73, 2115 MHz
2026/09/23 14:48:42.702, 0, 97 %, 82 %, 6161 MiB, 49140 MiB, 287.46 W, 300.00 W, 74, 1950 MHz
2026/09/23 14:48:43.703, 0, 92 %, 66 %, 6161 MiB, 49140 MiB, 245.22 W, 300.00 W, 68, 2730 MHz
2026/09/23 14:48:44.703, 0, 0 %, 0 %, 6161 MiB, 49140 MiB, 87.78 W, 300.00 W, 66, 2730 MHz
2026/09/23 14:48:45.704, 0, 97 %, 87 %, 6161 MiB, 49140 MiB, 190.22 W, 300.00 W, 73, 1965 MHz
2026/09/23 14:48:46.705, 0, 96 %, 83 %, 6161 MiB, 49140 MiB, 287.30 W, 300.00 W, 70, 1665 MHz
2026/09/23 14:48:47.705, 0, 97 %, 87 %, 6161 MiB, 49140 MiB, 287.50 W, 300.00 W, 72, 2085 MHz
2026/09/23 14:48:48.706, 0, 96 %, 80 %, 6161 MiB, 49140 MiB, 286.70 W, 300.00 W, 72, 1950 MHz
2026/09/23 14:48:49.707, 0, 96 %, 86 %, 6161 MiB, 49140 MiB, 288.48 W, 300.00 W, 72, 1980 MHz
2026/09/23 14:48:50.707, 0, 97 %, 86 %, 6161 MiB, 49140 MiB, 289.43 W, 300.00 W, 73, 1815 MHz
2026/09/23 14:48:51.708, 0, 97 %, 86 %, 6161 MiB, 49140 MiB, 287.67 W, 300.00 W, 72, 1965 MHz
2026/09/23 14:48:52.710, 0, 97 %, 88 %, 6161 MiB, 49140 MiB, 287.98 W, 300.00 W, 74, 1980 MHz
2026/09/23 14:48:53.710, 0, 88 %, 78 %, 6161 MiB, 49140 MiB, 286.15 W, 300.00 W, 72, 1965 MHz
2026/09/23 14:48:54.711, 0, 98 %, 85 %, 6161 MiB, 49140 MiB, 287.01 W, 300.00 W, 70, 1710 MHz
2026/09/23 14:48:55.712, 0, 98 %, 87 %, 6161 MiB, 49140 MiB, 285.68 W, 300.00 W, 72, 2130 MHz
2026/09/23 14:48:56.713, 0, 98 %, 81 %, 6161 MiB, 49140 MiB, 287.26 W, 300.00 W, 73, 1950 MHz
2026/09/23 14:48:57.714, 0, 95 %, 85 %, 6161 MiB, 49140 MiB, 286.76 W, 300.00 W, 73, 2025 MHz
2026/09/23 14:48:58.715, 0, 96 %, 82 %, 6161 MiB, 49140 MiB, 289.99 W, 300.00 W, 72, 1710 MHz
2026/09/23 14:48:59.716, 0, 98 %, 88 %, 6161 MiB, 49140 MiB, 286.70 W, 300.00 W, 72, 2130 MHz
2026/09/23 14:49:00.716, 0, 98 %, 81 %, 6161 MiB, 49140 MiB, 287.37 W, 300.00 W, 73, 1935 MHz
2026/09/23 14:49:01.717, 0, 95 %, 85 %, 6161 MiB, 49140 MiB, 287.80 W, 300.00 W, 73, 2025 MHz
2026/09/23 14:49:02.718, 0, 97 %, 83 %, 6161 MiB, 49140 MiB, 286.64 W, 300.00 W, 70, 1635 MHz
2026/09/23 14:49:03.718, 0, 97 %, 87 %, 6161 MiB, 49140 MiB, 284.86 W, 300.00 W, 72, 1755 MHz
2026/09/23 14:49:04.720, 0, 97 %, 81 %, 6161 MiB, 49140 MiB, 288.16 W, 300.00 W, 73, 2055 MHz
2026/09/23 14:49:05.721, 0, 96 %, 87 %, 6161 MiB, 49140 MiB, 287.05 W, 300.00 W, 73, 1605 MHz
2026/09/23 14:49:06.722, 0, 97 %, 83 %, 6161 MiB, 49140 MiB, 289.17 W, 300.00 W, 71, 2100 MHz
2026/09/23 14:49:07.723, 0, 98 %, 88 %, 6161 MiB, 49140 MiB, 289.60 W, 300.00 W, 74, 1770 MHz
2026/09/23 14:49:08.724, 0, 95 %, 64 %, 6161 MiB, 49140 MiB, 230.27 W, 300.00 W, 68, 2745 MHz
2026/09/23 14:49:09.724, 0, 0 %, 0 %, 6161 MiB, 49140 MiB, 117.29 W, 300.00 W, 67, 2745 MHz
2026/09/23 14:49:10.725, 0, 98 %, 88 %, 6161 MiB, 49140 MiB, 214.60 W, 300.00 W, 71, 2055 MHz
2026/09/23 14:49:11.726, 0, 98 %, 82 %, 6161 MiB, 49140 MiB, 286.28 W, 300.00 W, 73, 1995 MHz
2026/09/23 14:49:12.727, 0, 95 %, 85 %, 6161 MiB, 49140 MiB, 287.37 W, 300.00 W, 72, 1845 MHz
2026/09/23 14:49:13.728, 0, 98 %, 88 %, 6161 MiB, 49140 MiB, 287.91 W, 300.00 W, 73, 2055 MHz
2026/09/23 14:49:14.729, 0, 98 %, 85 %, 6161 MiB, 49140 MiB, 286.44 W, 300.00 W, 73, 2100 MHz
2026/09/23 14:49:15.729, 0, 98 %, 89 %, 6161 MiB, 49140 MiB, 288.54 W, 300.00 W, 72, 1740 MHz
2026/09/23 14:49:16.730, 0, 97 %, 83 %, 6161 MiB, 49140 MiB, 288.70 W, 300.00 W, 72, 2025 MHz
2026/09/23 14:49:17.731, 0, 97 %, 88 %, 6161 MiB, 49140 MiB, 285.79 W, 300.00 W, 72, 1950 MHz
2026/09/23 14:49:18.731, 0, 98 %, 84 %, 6161 MiB, 49140 MiB, 286.07 W, 300.00 W, 73, 1995 MHz
2026/09/23 14:49:19.732, 0, 98 %, 89 %, 6161 MiB, 49140 MiB, 288.33 W, 300.00 W, 72, 1770 MHz
2026/09/23 14:49:20.733, 0, 93 %, 83 %, 6161 MiB, 49140 MiB, 287.51 W, 300.00 W, 71, 1830 MHz
2026/09/23 14:49:21.734, 0, 90 %, 81 %, 6161 MiB, 49140 MiB, 286.28 W, 300.00 W, 72, 2100 MHz
2026/09/23 14:49:22.735, 0, 97 %, 86 %, 6161 MiB, 49140 MiB, 285.82 W, 300.00 W, 72, 2010 MHz
2026/09/23 14:49:23.736, 0, 97 %, 83 %, 6161 MiB, 49140 MiB, 288.18 W, 300.00 W, 73, 1815 MHz
2026/09/23 14:49:24.737, 0, 95 %, 84 %, 6161 MiB, 49140 MiB, 287.98 W, 300.00 W, 72, 1845 MHz
2026/09/23 14:49:25.738, 0, 98 %, 88 %, 6161 MiB, 49140 MiB, 288.42 W, 300.00 W, 72, 2025 MHz
2026/09/23 14:49:26.738, 0, 97 %, 85 %, 6161 MiB, 49140 MiB, 285.93 W, 300.00 W, 72, 2040 MHz
2026/09/23 14:49:27.739, 0, 98 %, 83 %, 6161 MiB, 49140 MiB, 287.34 W, 300.00 W, 73, 1860 MHz
2026/09/23 14:49:28.740, 0, 93 %, 83 %, 6161 MiB, 49140 MiB, 287.07 W, 300.00 W, 71, 1770 MHz
2026/09/23 14:49:29.741, 0, 97 %, 84 %, 6161 MiB, 49140 MiB, 288.80 W, 300.00 W, 73, 2115 MHz
2026/09/23 14:49:30.741, 0, 98 %, 87 %, 6161 MiB, 49140 MiB, 288.43 W, 300.00 W, 72, 2010 MHz
2026/09/23 14:49:31.742, 0, 98 %, 85 %, 6161 MiB, 49140 MiB, 288.28 W, 300.00 W, 73, 1845 MHz
2026/09/23 14:49:32.744, 0, 87 %, 64 %, 6161 MiB, 49140 MiB, 291.79 W, 300.00 W, 74, 1680 MHz
2026/09/23 14:49:33.745, 0, 10 %, 0 %, 6161 MiB, 49140 MiB, 171.92 W, 300.00 W, 67, 2745 MHz
2026/09/23 14:49:34.745, 0, 0 %, 0 %, 6161 MiB, 49140 MiB, 107.74 W, 300.00 W, 72, 2055 MHz
2026/09/23 14:49:35.746, 0, 95 %, 86 %, 6161 MiB, 49140 MiB, 286.58 W, 300.00 W, 71, 1725 MHz
2026/09/23 14:49:36.747, 0, 97 %, 84 %, 6161 MiB, 49140 MiB, 288.31 W, 300.00 W, 72, 2130 MHz
2026/09/23 14:49:37.748, 0, 97 %, 87 %, 6161 MiB, 49140 MiB, 285.77 W, 300.00 W, 72, 2040 MHz
2026/09/23 14:49:38.749, 0, 98 %, 84 %, 6161 MiB, 49140 MiB, 287.46 W, 300.00 W, 73, 1785 MHz
2026/09/23 14:49:39.751, 0, 93 %, 83 %, 6161 MiB, 49140 MiB, 286.80 W, 300.00 W, 70, 1815 MHz
2026/09/23 14:49:40.752, 0, 97 %, 86 %, 6161 MiB, 49140 MiB, 286.49 W, 300.00 W, 72, 2145 MHz
2026/09/23 14:49:41.753, 0, 98 %, 88 %, 6161 MiB, 49140 MiB, 285.48 W, 300.00 W, 72, 1920 MHz
2026/09/23 14:49:42.753, 0, 98 %, 82 %, 6161 MiB, 49140 MiB, 287.61 W, 300.00 W, 74, 1995 MHz
2026/09/23 14:49:43.754, 0, 96 %, 86 %, 6161 MiB, 49140 MiB, 288.41 W, 300.00 W, 71, 1770 MHz
2026/09/23 14:49:44.755, 0, 98 %, 88 %, 6161 MiB, 49140 MiB, 288.45 W, 300.00 W, 72, 2010 MHz
2026/09/23 14:49:45.757, 0, 98 %, 86 %, 6161 MiB, 49140 MiB, 286.57 W, 300.00 W, 73, 2085 MHz
2026/09/23 14:49:46.757, 0, 96 %, 87 %, 6161 MiB, 49140 MiB, 288.50 W, 300.00 W, 73, 1635 MHz
2026/09/23 14:49:47.758, 0, 95 %, 81 %, 6161 MiB, 49140 MiB, 288.59 W, 300.00 W, 73, 1980 MHz
2026/09/23 14:49:48.759, 0, 98 %, 87 %, 6161 MiB, 49140 MiB, 286.92 W, 300.00 W, 72, 1965 MHz
2026/09/23 14:49:49.760, 0, 97 %, 82 %, 6161 MiB, 49140 MiB, 287.08 W, 300.00 W, 74, 1995 MHz
2026/09/23 14:49:50.760, 0, 96 %, 87 %, 6161 MiB, 49140 MiB, 284.45 W, 300.00 W, 73, 1800 MHz
2026/09/23 14:49:51.761, 0, 94 %, 85 %, 6161 MiB, 49140 MiB, 287.59 W, 300.00 W, 71, 1875 MHz
2026/09/23 14:49:52.762, 0, 98 %, 88 %, 6161 MiB, 49140 MiB, 288.83 W, 300.00 W, 72, 2100 MHz
2026/09/23 14:49:53.763, 0, 98 %, 85 %, 6161 MiB, 49140 MiB, 286.06 W, 300.00 W, 73, 1755 MHz
2026/09/23 14:49:54.764, 0, 97 %, 88 %, 6161 MiB, 49140 MiB, 288.04 W, 300.00 W, 73, 1815 MHz
2026/09/23 14:49:55.765, 0, 92 %, 80 %, 6161 MiB, 49140 MiB, 288.70 W, 300.00 W, 72, 2010 MHz
2026/09/23 14:49:56.766, 0, 97 %, 87 %, 6161 MiB, 49140 MiB, 287.62 W, 300.00 W, 72, 1965 MHz
2026/09/23 14:49:57.766, 0, 91 %, 65 %, 6161 MiB, 49140 MiB, 290.85 W, 300.00 W, 74, 1665 MHz
2026/09/23 14:49:58.767, 0, 0 %, 0 %, 6161 MiB, 49140 MiB, 145.80 W, 300.00 W, 71, 2025 MHz
2026/09/23 14:49:59.767, 0, 97 %, 81 %, 6161 MiB, 49140 MiB, 286.63 W, 300.00 W, 74, 1665 MHz
2026/09/23 14:50:00.768, 0, 94 %, 85 %, 6161 MiB, 49140 MiB, 286.20 W, 300.00 W, 72, 1920 MHz
2026/09/23 14:50:01.769, 0, 95 %, 82 %, 6161 MiB, 49140 MiB, 286.65 W, 300.00 W, 72, 2070 MHz
2026/09/23 14:50:02.770, 0, 97 %, 87 %, 6161 MiB, 49140 MiB, 287.86 W, 300.00 W, 72, 2085 MHz
2026/09/23 14:50:03.771, 0, 96 %, 81 %, 6161 MiB, 49140 MiB, 287.33 W, 300.00 W, 74, 1650 MHz
2026/09/23 14:50:04.772, 0, 97 %, 89 %, 6161 MiB, 49140 MiB, 288.65 W, 300.00 W, 72, 1995 MHz
2026/09/23 14:50:05.773, 0, 98 %, 84 %, 6161 MiB, 49140 MiB, 289.72 W, 300.00 W, 73, 1755 MHz
2026/09/23 14:50:06.773, 0, 97 %, 87 %, 6161 MiB, 49140 MiB, 287.47 W, 300.00 W, 72, 2010 MHz
2026/09/23 14:50:07.774, 0, 98 %, 85 %, 6161 MiB, 49140 MiB, 286.38 W, 300.00 W, 74, 1785 MHz
2026/09/23 14:50:08.775, 0, 95 %, 85 %, 6161 MiB, 49140 MiB, 287.02 W, 300.00 W, 71, 2130 MHz
2026/09/23 14:50:09.778, 0, 98 %, 88 %, 6161 MiB, 49140 MiB, 287.29 W, 300.00 W, 72, 1935 MHz
2026/09/23 14:50:10.778, 0, 98 %, 87 %, 6161 MiB, 49140 MiB, 286.89 W, 300.00 W, 73, 1890 MHz
2026/09/23 14:50:11.779, 0, 98 %, 87 %, 6161 MiB, 49140 MiB, 289.19 W, 300.00 W, 73, 1785 MHz
2026/09/23 14:50:12.780, 0, 94 %, 83 %, 6161 MiB, 49140 MiB, 289.26 W, 300.00 W, 72, 2010 MHz
2026/09/23 14:50:13.781, 0, 97 %, 87 %, 6161 MiB, 49140 MiB, 288.73 W, 300.00 W, 72, 2040 MHz
2026/09/23 14:50:14.782, 0, 98 %, 82 %, 6161 MiB, 49140 MiB, 287.74 W, 300.00 W, 74, 1605 MHz
2026/09/23 14:50:15.782, 0, 96 %, 86 %, 6161 MiB, 49140 MiB, 288.19 W, 300.00 W, 72, 2055 MHz
2026/09/23 14:50:16.783, 0, 98 %, 85 %, 6161 MiB, 49140 MiB, 289.27 W, 300.00 W, 73, 1890 MHz
2026/09/23 14:50:17.784, 0, 98 %, 88 %, 6161 MiB, 49140 MiB, 287.04 W, 300.00 W, 73, 1935 MHz
2026/09/23 14:50:18.785, 0, 96 %, 84 %, 6161 MiB, 49140 MiB, 288.17 W, 300.00 W, 74, 1770 MHz
2026/09/23 14:50:19.786, 0, 95 %, 84 %, 6161 MiB, 49140 MiB, 287.87 W, 300.00 W, 72, 2115 MHz
2026/09/23 14:50:20.787, 0, 98 %, 87 %, 6161 MiB, 49140 MiB, 289.40 W, 300.00 W, 73, 1995 MHz
2026/09/23 14:50:21.788, 0, 92 %, 66 %, 6161 MiB, 49140 MiB, 294.02 W, 300.00 W, 74, 1650 MHz
2026/09/23 14:50:22.788, 0, 0 %, 0 %, 6161 MiB, 49140 MiB, 126.45 W, 300.00 W, 67, 2745 MHz
2026/09/23 14:50:23.789, 0, 0 %, 0 %, 6161 MiB, 49140 MiB, 140.58 W, 300.00 W, 73, 1755 MHz
2026/09/23 14:50:24.789, 0, 96 %, 87 %, 6161 MiB, 49140 MiB, 285.97 W, 300.00 W, 71, 2220 MHz
2026/09/23 14:50:25.790, 0, 98 %, 88 %, 6161 MiB, 49140 MiB, 287.71 W, 300.00 W, 72, 2025 MHz
2026/09/23 14:50:26.791, 0, 97 %, 86 %, 6161 MiB, 49140 MiB, 286.10 W, 300.00 W, 73, 1800 MHz
2026/09/23 14:50:27.792, 0, 98 %, 88 %, 6161 MiB, 49140 MiB, 288.94 W, 300.00 W, 73, 1815 MHz
2026/09/23 14:50:28.793, 0, 96 %, 83 %, 6161 MiB, 49140 MiB, 288.56 W, 300.00 W, 73, 1965 MHz
2026/09/23 14:50:29.794, 0, 98 %, 87 %, 6161 MiB, 49140 MiB, 287.16 W, 300.00 W, 72, 1995 MHz
2026/09/23 14:50:30.794, 0, 98 %, 84 %, 6161 MiB, 49140 MiB, 285.93 W, 300.00 W, 73, 1695 MHz
2026/09/23 14:50:31.795, 0, 94 %, 86 %, 6161 MiB, 49140 MiB, 288.71 W, 300.00 W, 72, 1980 MHz
2026/09/23 14:50:32.795, 0, 98 %, 84 %, 6161 MiB, 49140 MiB, 289.44 W, 300.00 W, 72, 1815 MHz
2026/09/23 14:50:33.796, 0, 97 %, 87 %, 6161 MiB, 49140 MiB, 285.56 W, 300.00 W, 72, 1980 MHz
2026/09/23 14:50:34.797, 0, 98 %, 84 %, 6161 MiB, 49140 MiB, 287.72 W, 300.00 W, 73, 1785 MHz
2026/09/23 14:50:35.803, 0, 95 %, 85 %, 6161 MiB, 49140 MiB, 289.13 W, 300.00 W, 71, 2130 MHz
2026/09/23 14:50:36.803, 0, 97 %, 87 %, 6161 MiB, 49140 MiB, 288.13 W, 300.00 W, 72, 2085 MHz
2026/09/23 14:50:37.804, 0, 95 %, 83 %, 6161 MiB, 49140 MiB, 286.46 W, 300.00 W, 73, 1830 MHz
2026/09/23 14:50:38.807, 0, 96 %, 86 %, 6161 MiB, 49140 MiB, 287.90 W, 300.00 W, 73, 1785 MHz
2026/09/23 14:50:39.808, 0, 96 %, 84 %, 6161 MiB, 49140 MiB, 288.88 W, 300.00 W, 72, 2085 MHz
2026/09/23 14:50:40.810, 0, 97 %, 87 %, 6161 MiB, 49140 MiB, 287.18 W, 300.00 W, 72, 1890 MHz
2026/09/23 14:50:41.811, 0, 97 %, 85 %, 6161 MiB, 49140 MiB, 285.79 W, 300.00 W, 73, 1845 MHz
2026/09/23 14:50:42.812, 0, 97 %, 87 %, 6161 MiB, 49140 MiB, 287.12 W, 300.00 W, 73, 2115 MHz
2026/09/23 14:50:43.813, 0, 95 %, 85 %, 6161 MiB, 49140 MiB, 287.88 W, 300.00 W, 71, 1875 MHz
2026/09/23 14:50:44.814, 0, 97 %, 87 %, 6161 MiB, 49140 MiB, 289.62 W, 300.00 W, 73, 1965 MHz
2026/09/23 14:50:45.814, 0, 97 %, 86 %, 6161 MiB, 49140 MiB, 287.32 W, 300.00 W, 73, 1755 MHz
2026/09/23 14:50:46.815, 0, 95 %, 67 %, 6161 MiB, 49140 MiB, 279.05 W, 300.00 W, 68, 2730 MHz
2026/09/23 14:50:47.815, 0, 0 %, 0 %, 6161 MiB, 49140 MiB, 90.03 W, 300.00 W, 67, 2730 MHz
2026/09/23 14:50:48.816, 0, 88 %, 67 %, 6161 MiB, 49140 MiB, 180.19 W, 300.00 W, 72, 1980 MHz
2026/09/23 14:50:49.816, 0, 98 %, 88 %, 6161 MiB, 49140 MiB, 286.52 W, 300.00 W, 72, 1710 MHz
2026/09/23 14:50:50.817, 0, 98 %, 81 %, 6161 MiB, 49140 MiB, 286.65 W, 300.00 W, 73, 2040 MHz
2026/09/23 14:50:51.818, 0, 96 %, 86 %, 6161 MiB, 49140 MiB, 287.55 W, 300.00 W, 71, 1965 MHz
2026/09/23 14:50:52.819, 0, 97 %, 88 %, 6161 MiB, 49140 MiB, 286.77 W, 300.00 W, 72, 2025 MHz
2026/09/23 14:50:53.819, 0, 96 %, 84 %, 6161 MiB, 49140 MiB, 286.25 W, 300.00 W, 73, 1800 MHz
2026/09/23 14:50:54.820, 0, 96 %, 88 %, 6161 MiB, 49140 MiB, 289.68 W, 300.00 W, 72, 1875 MHz
2026/09/23 14:50:55.821, 0, 92 %, 79 %, 6161 MiB, 49140 MiB, 286.04 W, 300.00 W, 72, 2055 MHz
2026/09/23 14:50:56.823, 0, 98 %, 88 %, 6161 MiB, 49140 MiB, 288.50 W, 300.00 W, 72, 1920 MHz
2026/09/23 14:50:57.824, 0, 98 %, 84 %, 6161 MiB, 49140 MiB, 287.57 W, 300.00 W, 73, 1845 MHz
2026/09/23 14:50:58.825, 0, 97 %, 88 %, 6161 MiB, 49140 MiB, 288.30 W, 300.00 W, 72, 1905 MHz
2026/09/23 14:50:59.826, 0, 98 %, 84 %, 6161 MiB, 49140 MiB, 289.38 W, 300.00 W, 73, 1980 MHz
2026/09/23 14:51:00.828, 0, 98 %, 88 %, 6161 MiB, 49140 MiB, 287.45 W, 300.00 W, 72, 1755 MHz
2026/09/23 14:51:01.829, 0, 98 %, 87 %, 6161 MiB, 49140 MiB, 290.19 W, 300.00 W, 73, 2040 MHz
2026/09/23 14:51:02.829, 0, 96 %, 83 %, 6161 MiB, 49140 MiB, 289.43 W, 300.00 W, 72, 2025 MHz
2026/09/23 14:51:03.830, 0, 98 %, 88 %, 6161 MiB, 49140 MiB, 289.02 W, 300.00 W, 72, 1845 MHz
2026/09/23 14:51:04.831, 0, 97 %, 83 %, 6161 MiB, 49140 MiB, 288.12 W, 300.00 W, 73, 1815 MHz
2026/09/23 14:51:05.832, 0, 96 %, 86 %, 6161 MiB, 49140 MiB, 286.52 W, 300.00 W, 73, 2100 MHz
2026/09/23 14:51:06.834, 0, 95 %, 85 %, 6161 MiB, 49140 MiB, 288.32 W, 300.00 W, 71, 1920 MHz
2026/09/23 14:51:07.834, 0, 89 %, 80 %, 6161 MiB, 49140 MiB, 287.44 W, 300.00 W, 73, 1950 MHz
2026/09/23 14:51:08.836, 0, 98 %, 87 %, 6161 MiB, 49140 MiB, 287.70 W, 300.00 W, 72, 1665 MHz
2026/09/23 14:51:09.836, 0, 98 %, 82 %, 6161 MiB, 49140 MiB, 288.18 W, 300.00 W, 74, 2100 MHz
2026/09/23 14:51:10.837, 0, 97 %, 87 %, 6161 MiB, 49140 MiB, 288.27 W, 300.00 W, 74, 1635 MHz
2026/09/23 14:51:11.838, 0, 94 %, 68 %, 6161 MiB, 49140 MiB, 240.10 W, 300.00 W, 68, 2730 MHz
2026/09/23 14:51:12.839, 0, 0 %, 0 %, 6161 MiB, 49140 MiB, 175.52 W, 300.00 W, 72, 2085 MHz
2026/09/23 14:51:13.840, 0, 96 %, 83 %, 6161 MiB, 49140 MiB, 288.48 W, 300.00 W, 72, 1980 MHz
2026/09/23 14:51:14.841, 0, 98 %, 88 %, 6161 MiB, 49140 MiB, 288.81 W, 300.00 W, 72, 1680 MHz
2026/09/23 14:51:15.842, 0, 98 %, 81 %, 6161 MiB, 49140 MiB, 288.73 W, 300.00 W, 74, 2010 MHz
2026/09/23 14:51:16.842, 0, 96 %, 85 %, 6161 MiB, 49140 MiB, 289.10 W, 300.00 W, 71, 1785 MHz
2026/09/23 14:51:17.844, 0, 98 %, 86 %, 6161 MiB, 49140 MiB, 287.76 W, 300.00 W, 73, 2010 MHz
2026/09/23 14:51:18.845, 0, 98 %, 87 %, 6161 MiB, 49140 MiB, 287.83 W, 300.00 W, 72, 1650 MHz
2026/09/23 14:51:19.846, 0, 98 %, 81 %, 6161 MiB, 49140 MiB, 287.65 W, 300.00 W, 74, 1920 MHz
2026/09/23 14:51:20.848, 0, 97 %, 87 %, 6161 MiB, 49140 MiB, 289.66 W, 300.00 W, 72, 1875 MHz
2026/09/23 14:51:21.848, 0, 95 %, 81 %, 6161 MiB, 49140 MiB, 286.86 W, 300.00 W, 72, 2055 MHz
2026/09/23 14:51:22.849, 0, 97 %, 87 %, 6161 MiB, 49140 MiB, 288.47 W, 300.00 W, 73, 1995 MHz
2026/09/23 14:51:23.850, 0, 97 %, 86 %, 6161 MiB, 49140 MiB, 287.99 W, 300.00 W, 72, 1725 MHz
2026/09/23 14:51:24.851, 0, 97 %, 84 %, 6161 MiB, 49140 MiB, 289.13 W, 300.00 W, 74, 2100 MHz
2026/09/23 14:51:25.851, 0, 95 %, 84 %, 6161 MiB, 49140 MiB, 288.14 W, 300.00 W, 71, 1815 MHz
2026/09/23 14:51:26.852, 0, 98 %, 84 %, 6161 MiB, 49140 MiB, 288.57 W, 300.00 W, 73, 1860 MHz
2026/09/23 14:51:27.852, 0, 98 %, 88 %, 6161 MiB, 49140 MiB, 287.43 W, 300.00 W, 73, 1620 MHz
2026/09/23 14:51:28.853, 0, 98 %, 81 %, 6161 MiB, 49140 MiB, 287.64 W, 300.00 W, 74, 1890 MHz
2026/09/23 14:51:29.853, 0, 95 %, 84 %, 6161 MiB, 49140 MiB, 287.64 W, 300.00 W, 73, 2025 MHz
2026/09/23 14:51:30.854, 0, 98 %, 83 %, 6161 MiB, 49140 MiB, 289.09 W, 300.00 W, 73, 1725 MHz
2026/09/23 14:51:31.855, 0, 97 %, 87 %, 6161 MiB, 49140 MiB, 287.79 W, 300.00 W, 72, 1845 MHz
2026/09/23 14:51:32.856, 0, 97 %, 81 %, 6161 MiB, 49140 MiB, 287.45 W, 300.00 W, 74, 1965 MHz
2026/09/23 14:51:33.856, 0, 96 %, 86 %, 6161 MiB, 49140 MiB, 288.76 W, 300.00 W, 72, 2055 MHz
2026/09/23 14:51:34.858, 0, 96 %, 82 %, 6161 MiB, 49140 MiB, 288.51 W, 300.00 W, 74, 1755 MHz
2026/09/23 14:51:35.858, 0, 94 %, 66 %, 6161 MiB, 49140 MiB, 253.52 W, 300.00 W, 68, 2730 MHz
2026/09/23 14:51:36.859, 0, 0 %, 0 %, 6161 MiB, 49140 MiB, 163.19 W, 300.00 W, 71, 1950 MHz
2026/09/23 14:51:37.859, 0, 97 %, 85 %, 6161 MiB, 49140 MiB, 287.73 W, 300.00 W, 72, 1680 MHz
2026/09/23 14:51:38.860, 0, 98 %, 87 %, 6161 MiB, 49140 MiB, 285.87 W, 300.00 W, 72, 2160 MHz
2026/09/23 14:51:39.861, 0, 97 %, 85 %, 6161 MiB, 49140 MiB, 286.85 W, 300.00 W, 73, 2010 MHz
2026/09/23 14:51:40.863, 0, 96 %, 83 %, 6161 MiB, 49140 MiB, 288.18 W, 300.00 W, 72, 1950 MHz
2026/09/23 14:51:41.864, 0, 96 %, 86 %, 6161 MiB, 49140 MiB, 288.32 W, 300.00 W, 72, 1785 MHz
2026/09/23 14:51:42.865, 0, 97 %, 81 %, 6161 MiB, 49140 MiB, 286.85 W, 300.00 W, 73, 2085 MHz
2026/09/23 14:51:43.866, 0, 98 %, 89 %, 6161 MiB, 49140 MiB, 289.09 W, 300.00 W, 72, 1935 MHz
2026/09/23 14:51:44.867, 0, 97 %, 84 %, 6161 MiB, 49140 MiB, 289.16 W, 300.00 W, 73, 1635 MHz
2026/09/23 14:51:45.869, 0, 97 %, 87 %, 6161 MiB, 49140 MiB, 285.86 W, 300.00 W, 72, 1860 MHz
2026/09/23 14:51:46.869, 0, 97 %, 81 %, 6161 MiB, 49140 MiB, 287.90 W, 300.00 W, 74, 2130 MHz
2026/09/23 14:51:47.870, 0, 98 %, 88 %, 6161 MiB, 49140 MiB, 287.60 W, 300.00 W, 73, 2025 MHz
2026/09/23 14:51:48.871, 0, 94 %, 84 %, 6161 MiB, 49140 MiB, 286.18 W, 300.00 W, 72, 1860 MHz
2026/09/23 14:51:49.871, 0, 97 %, 83 %, 6161 MiB, 49140 MiB, 287.98 W, 300.00 W, 73, 1680 MHz
2026/09/23 14:51:50.872, 0, 98 %, 88 %, 6161 MiB, 49140 MiB, 287.77 W, 300.00 W, 73, 2100 MHz
2026/09/23 14:51:51.874, 0, 97 %, 81 %, 6161 MiB, 49140 MiB, 288.59 W, 300.00 W, 74, 1770 MHz
2026/09/23 14:51:52.875, 0, 95 %, 85 %, 6161 MiB, 49140 MiB, 290.10 W, 300.00 W, 71, 2010 MHz
2026/09/23 14:51:53.876, 0, 98 %, 88 %, 6161 MiB, 49140 MiB, 286.43 W, 300.00 W, 73, 1680 MHz
2026/09/23 14:51:54.879, 0, 95 %, 83 %, 6161 MiB, 49140 MiB, 284.94 W, 300.00 W, 73, 2040 MHz
2026/09/23 14:51:55.880, 0, 97 %, 87 %, 6161 MiB, 49140 MiB, 286.69 W, 300.00 W, 74, 1980 MHz
2026/09/23 14:51:56.882, 0, 96 %, 84 %, 6161 MiB, 49140 MiB, 289.17 W, 300.00 W, 72, 1980 MHz
2026/09/23 14:51:57.883, 0, 96 %, 85 %, 6161 MiB, 49140 MiB, 288.32 W, 300.00 W, 73, 1665 MHz
2026/09/23 14:51:58.884, 0, 96 %, 84 %, 6161 MiB, 49140 MiB, 288.62 W, 300.00 W, 74, 1725 MHz
2026/09/23 14:51:59.885, 0, 94 %, 66 %, 6161 MiB, 49140 MiB, 243.67 W, 300.00 W, 68, 2700 MHz
2026/09/23 14:52:00.885, 0, 0 %, 0 %, 6161 MiB, 49140 MiB, 84.26 W, 300.00 W, 67, 2700 MHz
2026/09/23 14:52:01.886, 0, 97 %, 88 %, 6161 MiB, 49140 MiB, 197.51 W, 300.00 W, 72, 1635 MHz
2026/09/23 14:52:02.887, 0, 98 %, 85 %, 6161 MiB, 49140 MiB, 286.20 W, 300.00 W, 71, 2130 MHz
2026/09/23 14:52:03.889, 0, 97 %, 86 %, 6161 MiB, 49140 MiB, 288.74 W, 300.00 W, 73, 1995 MHz
2026/09/23 14:52:04.890, 0, 97 %, 84 %, 6161 MiB, 49140 MiB, 288.70 W, 300.00 W, 70, 2085 MHz
2026/09/23 14:52:05.890, 0, 97 %, 87 %, 6161 MiB, 49140 MiB, 283.50 W, 300.00 W, 72, 1815 MHz
2026/09/23 14:52:06.891, 0, 94 %, 80 %, 6161 MiB, 49140 MiB, 286.70 W, 300.00 W, 72, 2115 MHz
2026/09/23 14:52:07.893, 0, 97 %, 86 %, 6161 MiB, 49140 MiB, 288.33 W, 300.00 W, 73, 1935 MHz
2026/09/23 14:52:08.895, 0, 92 %, 80 %, 6161 MiB, 49140 MiB, 287.17 W, 300.00 W, 71, 2025 MHz
2026/09/23 14:52:09.895, 0, 97 %, 86 %, 6161 MiB, 49140 MiB, 287.23 W, 300.00 W, 72, 1800 MHz
2026/09/23 14:52:10.898, 0, 98 %, 84 %, 6161 MiB, 49140 MiB, 286.06 W, 300.00 W, 72, 2130 MHz
2026/09/23 14:52:11.898, 0, 95 %, 85 %, 6161 MiB, 49140 MiB, 288.92 W, 300.00 W, 73, 1875 MHz
2026/09/23 14:52:12.900, 0, 97 %, 83 %, 6161 MiB, 49140 MiB, 289.56 W, 300.00 W, 72, 2025 MHz
2026/09/23 14:52:13.901, 0, 97 %, 87 %, 6161 MiB, 49140 MiB, 286.06 W, 300.00 W, 72, 1755 MHz
2026/09/23 14:52:14.904, 0, 98 %, 81 %, 6161 MiB, 49140 MiB, 285.99 W, 300.00 W, 73, 2175 MHz
2026/09/23 14:52:15.905, 0, 98 %, 86 %, 6161 MiB, 49140 MiB, 286.15 W, 300.00 W, 74, 1755 MHz
2026/09/23 14:52:16.906, 0, 97 %, 84 %, 6161 MiB, 49140 MiB, 288.29 W, 300.00 W, 71, 1995 MHz
2026/09/23 14:52:17.907, 0, 96 %, 85 %, 6161 MiB, 49140 MiB, 287.62 W, 300.00 W, 73, 2085 MHz
2026/09/23 14:52:18.907, 0, 97 %, 81 %, 6161 MiB, 49140 MiB, 286.25 W, 300.00 W, 73, 1950 MHz
2026/09/23 14:52:19.908, 0, 97 %, 85 %, 6161 MiB, 49140 MiB, 288.60 W, 300.00 W, 73, 1800 MHz
2026/09/23 14:52:20.910, 0, 94 %, 84 %, 6161 MiB, 49140 MiB, 288.92 W, 300.00 W, 73, 1830 MHz
2026/09/23 14:52:21.911, 0, 97 %, 87 %, 6161 MiB, 49140 MiB, 286.08 W, 300.00 W, 72, 2130 MHz
2026/09/23 14:52:22.911, 0, 98 %, 84 %, 6161 MiB, 49140 MiB, 287.60 W, 300.00 W, 74, 2040 MHz
2026/09/23 14:52:23.912, 0, 96 %, 85 %, 6161 MiB, 49140 MiB, 291.28 W, 300.00 W, 73, 1680 MHz
2026/09/23 14:52:24.913, 0, 93 %, 68 %, 6161 MiB, 49140 MiB, 220.95 W, 300.00 W, 67, 2730 MHz
2026/09/23 14:52:25.913, 0, 0 %, 0 %, 6161 MiB, 49140 MiB, 87.36 W, 300.00 W, 67, 2730 MHz
2026/09/23 14:52:26.915, 0, 97 %, 85 %, 6161 MiB, 49140 MiB, 223.64 W, 300.00 W, 72, 2040 MHz
2026/09/23 14:52:27.916, 0, 93 %, 82 %, 6161 MiB, 49140 MiB, 286.64 W, 300.00 W, 72, 2025 MHz
2026/09/23 14:52:28.917, 0, 98 %, 86 %, 6161 MiB, 49140 MiB, 288.48 W, 300.00 W, 72, 1800 MHz
2026/09/23 14:52:29.918, 0, 97 %, 86 %, 6161 MiB, 49140 MiB, 287.96 W, 300.00 W, 72, 1965 MHz
2026/09/23 14:52:30.919, 0, 97 %, 87 %, 6161 MiB, 49140 MiB, 288.06 W, 300.00 W, 74, 2010 MHz
2026/09/23 14:52:31.920, 0, 92 %, 82 %, 6161 MiB, 49140 MiB, 286.88 W, 300.00 W, 72, 1770 MHz
2026/09/23 14:52:32.921, 0, 97 %, 86 %, 6161 MiB, 49140 MiB, 287.43 W, 300.00 W, 72, 2010 MHz
2026/09/23 14:52:33.921, 0, 97 %, 84 %, 6161 MiB, 49140 MiB, 286.81 W, 300.00 W, 72, 1710 MHz
2026/09/23 14:52:34.922, 0, 96 %, 86 %, 6161 MiB, 49140 MiB, 288.53 W, 300.00 W, 73, 1980 MHz
2026/09/23 14:52:35.923, 0, 98 %, 83 %, 6161 MiB, 49140 MiB, 289.95 W, 300.00 W, 72, 1785 MHz
2026/09/23 14:52:36.924, 0, 97 %, 87 %, 6161 MiB, 49140 MiB, 286.78 W, 300.00 W, 72, 2115 MHz
2026/09/23 14:52:37.925, 0, 97 %, 84 %, 6161 MiB, 49140 MiB, 287.91 W, 300.00 W, 73, 2040 MHz
2026/09/23 14:52:38.926, 0, 96 %, 84 %, 6161 MiB, 49140 MiB, 288.53 W, 300.00 W, 72, 1860 MHz
2026/09/23 14:52:39.927, 0, 98 %, 87 %, 6161 MiB, 49140 MiB, 288.91 W, 300.00 W, 73, 1800 MHz
2026/09/23 14:52:40.928, 0, 97 %, 86 %, 6161 MiB, 49140 MiB, 287.63 W, 300.00 W, 72, 2100 MHz
2026/09/23 14:52:41.929, 0, 98 %, 85 %, 6161 MiB, 49140 MiB, 286.99 W, 300.00 W, 74, 2070 MHz
2026/09/23 14:52:42.930, 0, 95 %, 84 %, 6161 MiB, 49140 MiB, 287.20 W, 300.00 W, 73, 1920 MHz
2026/09/23 14:52:43.931, 0, 97 %, 87 %, 6161 MiB, 49140 MiB, 288.84 W, 300.00 W, 73, 1815 MHz
2026/09/23 14:52:44.931, 0, 97 %, 86 %, 6161 MiB, 49140 MiB, 286.40 W, 300.00 W, 72, 2100 MHz
2026/09/23 14:52:45.932, 0, 98 %, 84 %, 6161 MiB, 49140 MiB, 287.78 W, 300.00 W, 73, 2010 MHz
2026/09/23 14:52:46.934, 0, 97 %, 85 %, 6161 MiB, 49140 MiB, 287.23 W, 300.00 W, 73, 2025 MHz
2026/09/23 14:52:47.936, 0, 97 %, 84 %, 6161 MiB, 49140 MiB, 289.49 W, 300.00 W, 72, 1680 MHz
2026/09/23 14:52:48.936, 0, 92 %, 65 %, 6161 MiB, 49140 MiB, 290.12 W, 300.00 W, 73, 1695 MHz
2026/09/23 14:52:49.937, 0, 7 %, 0 %, 6161 MiB, 49140 MiB, 182.18 W, 300.00 W, 67, 2730 MHz
2026/09/23 14:52:50.938, 0, 0 %, 0 %, 6161 MiB, 49140 MiB, 86.11 W, 300.00 W, 66, 2730 MHz
2026/09/23 14:52:51.939, 0, 98 %, 87 %, 6161 MiB, 49140 MiB, 226.98 W, 300.00 W, 71, 2115 MHz
2026/09/23 14:52:52.939, 0, 97 %, 87 %, 6161 MiB, 49140 MiB, 286.82 W, 300.00 W, 73, 2070 MHz
2026/09/23 14:52:53.941, 0, 96 %, 85 %, 6161 MiB, 49140 MiB, 286.07 W, 300.00 W, 72, 1980 MHz
2026/09/23 14:52:54.942, 0, 98 %, 88 %, 6161 MiB, 49140 MiB, 287.59 W, 300.00 W, 72, 1800 MHz
2026/09/23 14:52:55.943, 0, 97 %, 86 %, 6161 MiB, 49140 MiB, 285.29 W, 300.00 W, 72, 2145 MHz
2026/09/23 14:52:56.944, 0, 97 %, 82 %, 6161 MiB, 49140 MiB, 287.30 W, 300.00 W, 72, 1785 MHz
2026/09/23 14:52:57.945, 0, 97 %, 85 %, 6161 MiB, 49140 MiB, 288.21 W, 300.00 W, 73, 2025 MHz
2026/09/23 14:52:58.946, 0, 96 %, 81 %, 6161 MiB, 49140 MiB, 288.58 W, 300.00 W, 71, 1710 MHz
2026/09/23 14:52:59.947, 0, 98 %, 88 %, 6161 MiB, 49140 MiB, 287.68 W, 300.00 W, 72, 2130 MHz
2026/09/23 14:53:00.948, 0, 97 %, 82 %, 6161 MiB, 49140 MiB, 287.34 W, 300.00 W, 73, 2040 MHz
2026/09/23 14:53:01.950, 0, 96 %, 85 %, 6161 MiB, 49140 MiB, 288.14 W, 300.00 W, 72, 2010 MHz
2026/09/23 14:53:02.951, 0, 97 %, 87 %, 6161 MiB, 49140 MiB, 288.52 W, 300.00 W, 73, 1800 MHz
2026/09/23 14:53:03.954, 0, 98 %, 86 %, 6161 MiB, 49140 MiB, 287.13 W, 300.00 W, 72, 2100 MHz
2026/09/23 14:53:04.955, 0, 97 %, 85 %, 6161 MiB, 49140 MiB, 287.28 W, 300.00 W, 74, 2070 MHz
2026/09/23 14:53:05.956, 0, 95 %, 85 %, 6161 MiB, 49140 MiB, 287.71 W, 300.00 W, 72, 1950 MHz
2026/09/23 14:53:06.957, 0, 97 %, 85 %, 6161 MiB, 49140 MiB, 288.45 W, 300.00 W, 72, 1770 MHz
2026/09/23 14:53:07.958, 0, 97 %, 86 %, 6161 MiB, 49140 MiB, 286.34 W, 300.00 W, 72, 1965 MHz
2026/09/23 14:53:08.959, 0, 95 %, 80 %, 6161 MiB, 49140 MiB, 285.83 W, 300.00 W, 72, 2040 MHz
2026/09/23 14:53:09.960, 0, 97 %, 86 %, 6161 MiB, 49140 MiB, 286.50 W, 300.00 W, 74, 1725 MHz
2026/09/23 14:53:10.960, 0, 98 %, 86 %, 6161 MiB, 49140 MiB, 289.08 W, 300.00 W, 71, 2010 MHz
2026/09/23 14:53:11.961, 0, 97 %, 85 %, 6161 MiB, 49140 MiB, 287.63 W, 300.00 W, 73, 1905 MHz
2026/09/23 14:53:12.963, 0, 97 %, 84 %, 6161 MiB, 49140 MiB, 285.60 W, 300.00 W, 73, 2115 MHz
2026/09/23 14:53:13.964, 0, 94 %, 66 %, 6161 MiB, 49140 MiB, 294.69 W, 300.00 W, 73, 1665 MHz
2026/09/23 14:53:14.965, 0, 9 %, 0 %, 6161 MiB, 49140 MiB, 155.61 W, 300.00 W, 67, 2730 MHz
2026/09/23 14:53:15.965, 0, 0 %, 0 %, 6161 MiB, 49140 MiB, 116.77 W, 300.00 W, 70, 2160 MHz
2026/09/23 14:53:16.966, 0, 97 %, 87 %, 6161 MiB, 49140 MiB, 285.94 W, 300.00 W, 71, 2055 MHz
2026/09/23 14:53:17.967, 0, 98 %, 82 %, 6161 MiB, 49140 MiB, 284.73 W, 300.00 W, 73, 2055 MHz
2026/09/23 14:53:18.967, 0, 99 %, 88 %, 6161 MiB, 49140 MiB, 287.99 W, 300.00 W, 71, 1815 MHz
2026/09/23 14:53:19.969, 0, 97 %, 87 %, 6161 MiB, 49140 MiB, 288.18 W, 300.00 W, 72, 2295 MHz
2026/09/23 14:53:20.969, 0, 96 %, 85 %, 6161 MiB, 49140 MiB, 285.27 W, 300.00 W, 72, 1755 MHz
2026/09/23 14:53:21.970, 0, 97 %, 81 %, 6161 MiB, 49140 MiB, 286.66 W, 300.00 W, 73, 1980 MHz
2026/09/23 14:53:22.970, 0, 95 %, 85 %, 6161 MiB, 49140 MiB, 288.18 W, 300.00 W, 72, 1665 MHz
2026/09/23 14:53:23.971, 0, 97 %, 82 %, 6161 MiB, 49140 MiB, 289.79 W, 300.00 W, 72, 2115 MHz
2026/09/23 14:53:24.972, 0, 97 %, 86 %, 6161 MiB, 49140 MiB, 285.88 W, 300.00 W, 72, 1770 MHz
2026/09/23 14:53:25.973, 0, 96 %, 84 %, 6161 MiB, 49140 MiB, 285.64 W, 300.00 W, 73, 2010 MHz
2026/09/23 14:53:26.974, 0, 96 %, 86 %, 6161 MiB, 49140 MiB, 287.08 W, 300.00 W, 72, 1755 MHz
2026/09/23 14:53:27.975, 0, 97 %, 84 %, 6161 MiB, 49140 MiB, 288.82 W, 300.00 W, 72, 1905 MHz
2026/09/23 14:53:28.975, 0, 97 %, 86 %, 6161 MiB, 49140 MiB, 288.51 W, 300.00 W, 72, 1935 MHz
2026/09/23 14:53:29.976, 0, 95 %, 83 %, 6161 MiB, 49140 MiB, 287.32 W, 300.00 W, 74, 1950 MHz
2026/09/23 14:53:30.977, 0, 97 %, 86 %, 6161 MiB, 49140 MiB, 287.45 W, 300.00 W, 72, 1620 MHz
2026/09/23 14:53:31.977, 0, 97 %, 83 %, 6161 MiB, 49140 MiB, 288.67 W, 300.00 W, 73, 2115 MHz
2026/09/23 14:53:32.979, 0, 97 %, 87 %, 6161 MiB, 49140 MiB, 286.60 W, 300.00 W, 72, 1830 MHz
2026/09/23 14:53:33.979, 0, 94 %, 80 %, 6161 MiB, 49140 MiB, 287.67 W, 300.00 W, 74, 1995 MHz
2026/09/23 14:53:34.980, 0, 94 %, 84 %, 6161 MiB, 49140 MiB, 287.68 W, 300.00 W, 72, 1695 MHz
2026/09/23 14:53:35.981, 0, 97 %, 83 %, 6161 MiB, 49140 MiB, 289.34 W, 300.00 W, 73, 2055 MHz
2026/09/23 14:53:36.983, 0, 98 %, 87 %, 6161 MiB, 49140 MiB, 287.25 W, 300.00 W, 73, 1875 MHz
2026/09/23 14:53:37.984, 0, 95 %, 80 %, 6161 MiB, 49140 MiB, 287.58 W, 300.00 W, 74, 1980 MHz
2026/09/23 14:53:38.984, 0, 95 %, 66 %, 6161 MiB, 49140 MiB, 296.24 W, 300.00 W, 73, 1740 MHz
2026/09/23 14:53:39.985, 0, 0 %, 0 %, 6161 MiB, 49140 MiB, 143.06 W, 300.00 W, 72, 2175 MHz
2026/09/23 14:53:40.986, 0, 96 %, 85 %, 6161 MiB, 49140 MiB, 291.21 W, 300.00 W, 72, 1860 MHz
2026/09/23 14:53:41.987, 0, 96 %, 86 %, 6161 MiB, 49140 MiB, 286.68 W, 300.00 W, 72, 2130 MHz
2026/09/23 14:53:42.987, 0, 98 %, 86 %, 6161 MiB, 49140 MiB, 285.83 W, 300.00 W, 72, 2055 MHz
2026/09/23 14:53:43.988, 0, 97 %, 86 %, 6161 MiB, 49140 MiB, 288.46 W, 300.00 W, 73, 1725 MHz
2026/09/23 14:53:44.989, 0, 98 %, 86 %, 6161 MiB, 49140 MiB, 289.00 W, 300.00 W, 71, 1950 MHz
2026/09/23 14:53:45.991, 0, 97 %, 87 %, 6161 MiB, 49140 MiB, 287.02 W, 300.00 W, 73, 2130 MHz
2026/09/23 14:53:46.992, 0, 96 %, 84 %, 6161 MiB, 49140 MiB, 287.22 W, 300.00 W, 72, 2010 MHz
2026/09/23 14:53:47.994, 0, 96 %, 84 %, 6161 MiB, 49140 MiB, 287.35 W, 300.00 W, 74, 1920 MHz
2026/09/23 14:53:48.994, 0, 95 %, 83 %, 6161 MiB, 49140 MiB, 287.41 W, 300.00 W, 71, 1785 MHz
2026/09/23 14:53:49.996, 0, 96 %, 86 %, 6161 MiB, 49140 MiB, 288.28 W, 300.00 W, 73, 2130 MHz
2026/09/23 14:53:50.997, 0, 97 %, 87 %, 6161 MiB, 49140 MiB, 287.05 W, 300.00 W, 73, 1920 MHz
2026/09/23 14:53:51.999, 0, 97 %, 82 %, 6161 MiB, 49140 MiB, 287.96 W, 300.00 W, 74, 2040 MHz
2026/09/23 14:53:52.999, 0, 96 %, 85 %, 6161 MiB, 49140 MiB, 287.79 W, 300.00 W, 71, 1755 MHz
2026/09/23 14:53:54.000, 0, 97 %, 82 %, 6161 MiB, 49140 MiB, 288.25 W, 300.00 W, 73, 2115 MHz
2026/09/23 14:53:55.000, 0, 96 %, 86 %, 6161 MiB, 49140 MiB, 288.15 W, 300.00 W, 73, 1995 MHz
2026/09/23 14:53:56.001, 0, 97 %, 82 %, 6161 MiB, 49140 MiB, 286.85 W, 300.00 W, 74, 1605 MHz
2026/09/23 14:53:57.001, 0, 96 %, 85 %, 6161 MiB, 49140 MiB, 286.92 W, 300.00 W, 72, 1905 MHz
2026/09/23 14:53:58.003, 0, 97 %, 81 %, 6161 MiB, 49140 MiB, 289.60 W, 300.00 W, 73, 1875 MHz
2026/09/23 14:53:59.003, 0, 97 %, 86 %, 6161 MiB, 49140 MiB, 287.51 W, 300.00 W, 72, 2085 MHz
2026/09/23 14:54:00.004, 0, 97 %, 84 %, 6161 MiB, 49140 MiB, 288.78 W, 300.00 W, 74, 1590 MHz
2026/09/23 14:54:01.005, 0, 97 %, 85 %, 6161 MiB, 49140 MiB, 288.85 W, 300.00 W, 72, 2040 MHz
2026/09/23 14:54:02.006, 0, 97 %, 84 %, 6161 MiB, 49140 MiB, 287.79 W, 300.00 W, 74, 1830 MHz
2026/09/23 14:54:03.006, 0, 94 %, 68 %, 6161 MiB, 49140 MiB, 294.40 W, 300.00 W, 75, 1680 MHz
2026/09/23 14:54:04.006, 0, 0 %, 0 %, 6161 MiB, 49140 MiB, 131.14 W, 300.00 W, 70, 2205 MHz
2026/09/23 14:54:05.007, 0, 97 %, 85 %, 6161 MiB, 49140 MiB, 280.75 W, 300.00 W, 72, 1935 MHz
2026/09/23 14:54:06.009, 0, 97 %, 82 %, 6161 MiB, 49140 MiB, 287.87 W, 300.00 W, 74, 1620 MHz
2026/09/23 14:54:07.010, 0, 97 %, 86 %, 6161 MiB, 49140 MiB, 289.11 W, 300.00 W, 72, 2055 MHz
2026/09/23 14:54:08.013, 0, 97 %, 83 %, 6161 MiB, 49140 MiB, 288.56 W, 300.00 W, 73, 1770 MHz
2026/09/23 14:54:09.014, 0, 96 %, 86 %, 6161 MiB, 49140 MiB, 286.28 W, 300.00 W, 72, 1935 MHz
2026/09/23 14:54:10.016, 0, 97 %, 84 %, 6161 MiB, 49140 MiB, 285.42 W, 300.00 W, 73, 1725 MHz
2026/09/23 14:54:11.018, 0, 98 %, 87 %, 6161 MiB, 49140 MiB, 288.32 W, 300.00 W, 73, 1830 MHz
2026/09/23 14:54:12.018, 0, 95 %, 85 %, 6161 MiB, 49140 MiB, 286.48 W, 300.00 W, 71, 2130 MHz
2026/09/23 14:54:13.019, 0, 96 %, 86 %, 6161 MiB, 49140 MiB, 287.39 W, 300.00 W, 73, 1770 MHz
2026/09/23 14:54:14.021, 0, 98 %, 87 %, 6161 MiB, 49140 MiB, 285.68 W, 300.00 W, 72, 1980 MHz
2026/09/23 14:54:15.021, 0, 98 %, 82 %, 6161 MiB, 49140 MiB, 286.87 W, 300.00 W, 74, 1620 MHz
2026/09/23 14:54:16.022, 0, 97 %, 86 %, 6161 MiB, 49140 MiB, 288.35 W, 300.00 W, 72, 2100 MHz
2026/09/23 14:54:17.023, 0, 98 %, 86 %, 6161 MiB, 49140 MiB, 287.61 W, 300.00 W, 73, 1785 MHz
2026/09/23 14:54:18.025, 0, 96 %, 85 %, 6161 MiB, 49140 MiB, 285.42 W, 300.00 W, 72, 1995 MHz
2026/09/23 14:54:19.025, 0, 97 %, 81 %, 6161 MiB, 49140 MiB, 286.56 W, 300.00 W, 74, 1695 MHz
2026/09/23 14:54:20.026, 0, 96 %, 85 %, 6161 MiB, 49140 MiB, 288.58 W, 300.00 W, 72, 2160 MHz
2026/09/23 14:54:21.028, 0, 97 %, 86 %, 6161 MiB, 49140 MiB, 289.28 W, 300.00 W, 73, 1800 MHz
2026/09/23 14:54:22.029, 0, 98 %, 87 %, 6161 MiB, 49140 MiB, 287.16 W, 300.00 W, 72, 1980 MHz
2026/09/23 14:54:23.030, 0, 98 %, 82 %, 6161 MiB, 49140 MiB, 287.21 W, 300.00 W, 74, 1695 MHz
2026/09/23 14:54:24.030, 0, 97 %, 86 %, 6161 MiB, 49140 MiB, 288.99 W, 300.00 W, 71, 2190 MHz
2026/09/23 14:54:25.032, 0, 98 %, 87 %, 6161 MiB, 49140 MiB, 289.02 W, 300.00 W, 73, 1980 MHz
2026/09/23 14:54:26.033, 0, 96 %, 85 %, 6161 MiB, 49140 MiB, 285.22 W, 300.00 W, 72, 2070 MHz
2026/09/23 14:54:27.034, 0, 87 %, 62 %, 6161 MiB, 49140 MiB, 292.32 W, 300.00 W, 74, 1650 MHz
2026/09/23 14:54:28.034, 0, 3 %, 0 %, 6161 MiB, 49140 MiB, 144.77 W, 300.00 W, 67, 2745 MHz
2026/09/23 14:54:29.035, 0, 0 %, 0 %, 6161 MiB, 49140 MiB, 118.15 W, 300.00 W, 71, 1995 MHz
2026/09/23 14:54:30.036, 0, 96 %, 85 %, 6161 MiB, 49140 MiB, 283.96 W, 300.00 W, 71, 2010 MHz
2026/09/23 14:54:31.037, 0, 97 %, 84 %, 6161 MiB, 49140 MiB, 287.31 W, 300.00 W, 73, 1785 MHz
2026/09/23 14:54:32.038, 0, 95 %, 84 %, 6161 MiB, 49140 MiB, 286.35 W, 300.00 W, 71, 2130 MHz
2026/09/23 14:54:33.038, 0, 97 %, 87 %, 6161 MiB, 49140 MiB, 287.84 W, 300.00 W, 72, 1905 MHz
2026/09/23 14:54:34.039, 0, 97 %, 87 %, 6161 MiB, 49140 MiB, 286.62 W, 300.00 W, 72, 2010 MHz
2026/09/23 14:54:35.040, 0, 98 %, 88 %, 6161 MiB, 49140 MiB, 289.12 W, 300.00 W, 72, 1815 MHz
2026/09/23 14:54:36.041, 0, 96 %, 83 %, 6161 MiB, 49140 MiB, 288.56 W, 300.00 W, 73, 1860 MHz
2026/09/23 14:54:37.041, 0, 96 %, 85 %, 6161 MiB, 49140 MiB, 286.49 W, 300.00 W, 72, 1920 MHz
2026/09/23 14:54:38.042, 0, 97 %, 83 %, 6161 MiB, 49140 MiB, 285.65 W, 300.00 W, 73, 1665 MHz
2026/09/23 14:54:39.043, 0, 97 %, 86 %, 6161 MiB, 49140 MiB, 287.87 W, 300.00 W, 73, 1920 MHz
2026/09/23 14:54:40.044, 0, 97 %, 84 %, 6161 MiB, 49140 MiB, 288.50 W, 300.00 W, 71, 2160 MHz
2026/09/23 14:54:41.045, 0, 97 %, 86 %, 6161 MiB, 49140 MiB, 288.34 W, 300.00 W, 72, 1965 MHz
2026/09/23 14:54:42.046, 0, 97 %, 85 %, 6161 MiB, 49140 MiB, 286.18 W, 300.00 W, 73, 1770 MHz
2026/09/23 14:54:43.047, 0, 94 %, 84 %, 6161 MiB, 49140 MiB, 288.19 W, 300.00 W, 73, 1770 MHz
2026/09/23 14:54:44.047, 0, 95 %, 84 %, 6161 MiB, 49140 MiB, 289.47 W, 300.00 W, 72, 2040 MHz
2026/09/23 14:54:45.048, 0, 98 %, 88 %, 6161 MiB, 49140 MiB, 286.51 W, 300.00 W, 73, 2025 MHz
2026/09/23 14:54:46.049, 0, 92 %, 82 %, 6161 MiB, 49140 MiB, 285.98 W, 300.00 W, 72, 1740 MHz
2026/09/23 14:54:47.049, 0, 97 %, 87 %, 6161 MiB, 49140 MiB, 287.66 W, 300.00 W, 73, 2160 MHz
2026/09/23 14:54:48.050, 0, 96 %, 85 %, 6161 MiB, 49140 MiB, 287.58 W, 300.00 W, 71, 1755 MHz
2026/09/23 14:54:49.051, 0, 98 %, 86 %, 6161 MiB, 49140 MiB, 289.30 W, 300.00 W, 73, 1890 MHz
2026/09/23 14:54:50.052, 0, 97 %, 86 %, 6161 MiB, 49140 MiB, 286.92 W, 300.00 W, 72, 1725 MHz
2026/09/23 14:54:51.053, 0, 96 %, 83 %, 6161 MiB, 49140 MiB, 286.73 W, 300.00 W, 73, 1815 MHz
2026/09/23 14:54:52.053, 0, 91 %, 67 %, 6161 MiB, 49140 MiB, 292.03 W, 300.00 W, 74, 1725 MHz
2026/09/23 14:54:53.054, 0, 0 %, 0 %, 6161 MiB, 49140 MiB, 115.51 W, 300.00 W, 66, 2505 MHz
2026/09/23 14:54:54.054, 0, 0 %, 0 %, 6161 MiB, 49140 MiB, 85.86 W, 300.00 W, 70, 2055 MHz
2026/09/23 14:54:55.056, 0, 96 %, 86 %, 6161 MiB, 49140 MiB, 285.28 W, 300.00 W, 71, 2085 MHz
2026/09/23 14:54:56.058, 0, 96 %, 84 %, 6161 MiB, 49140 MiB, 285.70 W, 300.00 W, 72, 1845 MHz
2026/09/23 14:54:57.058, 0, 97 %, 87 %, 6161 MiB, 49140 MiB, 288.08 W, 300.00 W, 72, 2175 MHz
2026/09/23 14:54:58.059, 0, 97 %, 85 %, 6161 MiB, 49140 MiB, 287.11 W, 300.00 W, 71, 2100 MHz
2026/09/23 14:54:59.060, 0, 97 %, 86 %, 6161 MiB, 49140 MiB, 287.74 W, 300.00 W, 71, 1785 MHz
2026/09/23 14:55:00.061, 0, 97 %, 85 %, 6161 MiB, 49140 MiB, 287.17 W, 300.00 W, 73, 1845 MHz
2026/09/23 14:55:01.062, 0, 96 %, 86 %, 6161 MiB, 49140 MiB, 288.67 W, 300.00 W, 72, 2010 MHz
2026/09/23 14:55:02.064, 0, 97 %, 84 %, 6161 MiB, 49140 MiB, 289.64 W, 300.00 W, 72, 2100 MHz
2026/09/23 14:55:03.065, 0, 98 %, 87 %, 6161 MiB, 49140 MiB, 288.12 W, 300.00 W, 72, 1755 MHz
2026/09/23 14:55:04.066, 0, 97 %, 83 %, 6161 MiB, 49140 MiB, 287.06 W, 300.00 W, 73, 1905 MHz
2026/09/23 14:55:05.066, 0, 98 %, 87 %, 6161 MiB, 49140 MiB, 288.63 W, 300.00 W, 72, 1980 MHz
2026/09/23 14:55:06.067, 0, 97 %, 82 %, 6161 MiB, 49140 MiB, 289.78 W, 300.00 W, 73, 1890 MHz
2026/09/23 14:55:07.068, 0, 98 %, 87 %, 6161 MiB, 49140 MiB, 287.55 W, 300.00 W, 72, 1695 MHz
2026/09/23 14:55:08.068, 0, 98 %, 82 %, 6161 MiB, 49140 MiB, 288.28 W, 300.00 W, 74, 2100 MHz
2026/09/23 14:55:09.070, 0, 95 %, 84 %, 6161 MiB, 49140 MiB, 289.76 W, 300.00 W, 71, 1995 MHz
2026/09/23 14:55:10.071, 0, 98 %, 88 %, 6161 MiB, 49140 MiB, 288.69 W, 300.00 W, 72, 1995 MHz
2026/09/23 14:55:11.071, 0, 94 %, 83 %, 6161 MiB, 49140 MiB, 285.19 W, 300.00 W, 72, 1695 MHz
2026/09/23 14:55:12.072, 0, 97 %, 81 %, 6161 MiB, 49140 MiB, 286.42 W, 300.00 W, 73, 1815 MHz
2026/09/23 14:55:13.073, 0, 96 %, 86 %, 6161 MiB, 49140 MiB, 287.64 W, 300.00 W, 73, 2100 MHz
2026/09/23 14:55:14.073, 0, 95 %, 84 %, 6161 MiB, 49140 MiB, 287.33 W, 300.00 W, 71, 1770 MHz
2026/09/23 14:55:15.074, 0, 97 %, 86 %, 6161 MiB, 49140 MiB, 288.90 W, 300.00 W, 73, 1935 MHz
2026/09/23 14:55:16.075, 0, 91 %, 80 %, 6161 MiB, 49140 MiB, 285.63 W, 300.00 W, 72, 1710 MHz
2026/09/23 14:55:17.076, 0, 89 %, 63 %, 6161 MiB, 49140 MiB, 293.05 W, 300.00 W, 73, 1650 MHz
2026/09/23 14:55:18.077, 0, 0 %, 0 %, 6161 MiB, 49140 MiB, 145.32 W, 300.00 W, 71, 1935 MHz
2026/09/23 14:55:19.078, 0, 95 %, 85 %, 6161 MiB, 49140 MiB, 274.15 W, 300.00 W, 73, 2160 MHz
2026/09/23 14:55:20.079, 0, 92 %, 82 %, 6161 MiB, 49140 MiB, 288.35 W, 300.00 W, 71, 1995 MHz
2026/09/23 14:55:21.080, 0, 96 %, 85 %, 6161 MiB, 49140 MiB, 288.20 W, 300.00 W, 72, 1995 MHz
2026/09/23 14:55:22.080, 0, 98 %, 86 %, 6161 MiB, 49140 MiB, 286.67 W, 300.00 W, 72, 1695 MHz
2026/09/23 14:55:23.081, 0, 97 %, 84 %, 6161 MiB, 49140 MiB, 288.23 W, 300.00 W, 73, 2115 MHz
2026/09/23 14:55:24.082, 0, 96 %, 85 %, 6161 MiB, 49140 MiB, 289.45 W, 300.00 W, 71, 1980 MHz
2026/09/23 14:55:25.083, 0, 97 %, 86 %, 6161 MiB, 49140 MiB, 289.41 W, 300.00 W, 72, 2010 MHz
2026/09/23 14:55:26.084, 0, 97 %, 86 %, 6161 MiB, 49140 MiB, 285.07 W, 300.00 W, 72, 1650 MHz
2026/09/23 14:55:27.085, 0, 97 %, 82 %, 6161 MiB, 49140 MiB, 287.67 W, 300.00 W, 74, 1980 MHz
2026/09/23 14:55:28.086, 0, 98 %, 84 %, 6161 MiB, 49140 MiB, 288.20 W, 300.00 W, 73, 1785 MHz
2026/09/23 14:55:29.087, 0, 98 %, 87 %, 6161 MiB, 49140 MiB, 289.86 W, 300.00 W, 73, 2070 MHz
2026/09/23 14:55:30.088, 0, 97 %, 81 %, 6161 MiB, 49140 MiB, 289.31 W, 300.00 W, 72, 1980 MHz
2026/09/23 14:55:31.090, 0, 97 %, 85 %, 6161 MiB, 49140 MiB, 289.63 W, 300.00 W, 72, 1815 MHz
2026/09/23 14:55:32.091, 0, 97 %, 86 %, 6161 MiB, 49140 MiB, 288.59 W, 300.00 W, 73, 1785 MHz
2026/09/23 14:55:33.092, 0, 97 %, 86 %, 6161 MiB, 49140 MiB, 289.45 W, 300.00 W, 73, 2115 MHz
2026/09/23 14:55:34.092, 0, 97 %, 82 %, 6161 MiB, 49140 MiB, 289.82 W, 300.00 W, 72, 1830 MHz
2026/09/23 14:55:35.095, 0, 97 %, 85 %, 6161 MiB, 49140 MiB, 287.68 W, 300.00 W, 73, 1665 MHz
2026/09/23 14:55:36.095, 0, 98 %, 82 %, 6161 MiB, 49140 MiB, 287.13 W, 300.00 W, 72, 2130 MHz
2026/09/23 14:55:37.096, 0, 96 %, 84 %, 6161 MiB, 49140 MiB, 288.08 W, 300.00 W, 74, 1770 MHz
2026/09/23 14:55:38.097, 0, 96 %, 85 %, 6161 MiB, 49140 MiB, 288.51 W, 300.00 W, 72, 1890 MHz
2026/09/23 14:55:39.098, 0, 94 %, 81 %, 6161 MiB, 49140 MiB, 287.27 W, 300.00 W, 73, 1875 MHz
2026/09/23 14:55:40.099, 0, 91 %, 66 %, 6161 MiB, 49140 MiB, 291.17 W, 300.00 W, 74, 1695 MHz
2026/09/23 14:55:41.099, 0, 8 %, 0 %, 6161 MiB, 49140 MiB, 248.85 W, 300.00 W, 68, 2730 MHz
2026/09/23 14:55:42.100, 0, 0 %, 0 %, 6161 MiB, 49140 MiB, 87.57 W, 300.00 W, 67, 2730 MHz
2026/09/23 14:55:43.101, 0, 97 %, 85 %, 6161 MiB, 49140 MiB, 214.22 W, 300.00 W, 71, 1815 MHz
2026/09/23 14:55:44.102, 0, 96 %, 86 %, 6161 MiB, 49140 MiB, 287.43 W, 300.00 W, 71, 1830 MHz
2026/09/23 14:55:45.103, 0, 98 %, 87 %, 6161 MiB, 49140 MiB, 288.03 W, 300.00 W, 74, 1920 MHz
2026/09/23 14:55:46.104, 0, 97 %, 86 %, 6161 MiB, 49140 MiB, 287.67 W, 300.00 W, 72, 2145 MHz
2026/09/23 14:55:47.105, 0, 97 %, 87 %, 6161 MiB, 49140 MiB, 289.63 W, 300.00 W, 73, 1650 MHz
2026/09/23 14:55:48.109, 0, 95 %, 84 %, 6161 MiB, 49140 MiB, 286.31 W, 300.00 W, 72, 1785 MHz
2026/09/23 14:55:49.110, 0, 97 %, 87 %, 6161 MiB, 49140 MiB, 287.76 W, 300.00 W, 73, 2070 MHz
2026/09/23 14:55:50.111, 0, 97 %, 86 %, 6161 MiB, 49140 MiB, 289.44 W, 300.00 W, 72, 1995 MHz
2026/09/23 14:55:51.112, 0, 96 %, 86 %, 6161 MiB, 49140 MiB, 289.83 W, 300.00 W, 73, 1620 MHz
2026/09/23 14:55:52.113, 0, 97 %, 85 %, 6161 MiB, 49140 MiB, 287.77 W, 300.00 W, 72, 2070 MHz
2026/09/23 14:55:53.114, 0, 97 %, 85 %, 6161 MiB, 49140 MiB, 289.11 W, 300.00 W, 73, 1770 MHz
2026/09/23 14:55:54.115, 0, 97 %, 84 %, 6161 MiB, 49140 MiB, 288.88 W, 300.00 W, 71, 1935 MHz
2026/09/23 14:55:55.117, 0, 96 %, 85 %, 6161 MiB, 49140 MiB, 288.40 W, 300.00 W, 73, 1695 MHz
2026/09/23 14:55:56.118, 0, 95 %, 84 %, 6161 MiB, 49140 MiB, 287.05 W, 300.00 W, 72, 1815 MHz
2026/09/23 14:55:57.119, 0, 98 %, 87 %, 6161 MiB, 49140 MiB, 288.59 W, 300.00 W, 73, 1965 MHz
2026/09/23 14:55:58.120, 0, 97 %, 86 %, 6161 MiB, 49140 MiB, 289.87 W, 300.00 W, 72, 1950 MHz
2026/09/23 14:55:59.121, 0, 98 %, 85 %, 6161 MiB, 49140 MiB, 288.32 W, 300.00 W, 71, 2085 MHz
2026/09/23 14:56:00.122, 0, 97 %, 86 %, 6161 MiB, 49140 MiB, 286.47 W, 300.00 W, 72, 1785 MHz
2026/09/23 14:56:01.123, 0, 97 %, 83 %, 6161 MiB, 49140 MiB, 287.62 W, 300.00 W, 73, 2145 MHz
2026/09/23 14:56:02.124, 0, 97 %, 86 %, 6161 MiB, 49140 MiB, 288.82 W, 300.00 W, 73, 1965 MHz
2026/09/23 14:56:03.126, 0, 97 %, 81 %, 6161 MiB, 49140 MiB, 290.28 W, 300.00 W, 72, 2040 MHz
2026/09/23 14:56:04.127, 0, 96 %, 85 %, 6161 MiB, 49140 MiB, 287.76 W, 300.00 W, 72, 1755 MHz
2026/09/23 14:56:05.127, 0, 93 %, 65 %, 6161 MiB, 49140 MiB, 291.33 W, 300.00 W, 73, 1710 MHz
2026/09/23 14:56:06.128, 0, 0 %, 0 %, 6161 MiB, 49140 MiB, 193.34 W, 300.00 W, 67, 2730 MHz
2026/09/23 14:56:07.129, 0, 0 %, 0 %, 6161 MiB, 49140 MiB, 87.22 W, 300.00 W, 66, 2730 MHz
2026/09/23 14:56:08.129, 0, 97 %, 87 %, 6161 MiB, 49140 MiB, 180.30 W, 300.00 W, 72, 1995 MHz
2026/09/23 14:56:09.130, 0, 97 %, 87 %, 6161 MiB, 49140 MiB, 287.83 W, 300.00 W, 70, 2040 MHz
2026/09/23 14:56:10.132, 0, 95 %, 85 %, 6161 MiB, 49140 MiB, 286.07 W, 300.00 W, 72, 1725 MHz
2026/09/23 14:56:11.134, 0, 98 %, 86 %, 6161 MiB, 49140 MiB, 287.31 W, 300.00 W, 72, 2085 MHz
2026/09/23 14:56:12.135, 0, 96 %, 85 %, 6161 MiB, 49140 MiB, 288.46 W, 300.00 W, 73, 1935 MHz
2026/09/23 14:56:13.136, 0, 97 %, 82 %, 6161 MiB, 49140 MiB, 288.12 W, 300.00 W, 71, 2010 MHz
2026/09/23 14:56:14.138, 0, 95 %, 85 %, 6161 MiB, 49140 MiB, 287.82 W, 300.00 W, 72, 1680 MHz
2026/09/23 14:56:15.139, 0, 96 %, 86 %, 6161 MiB, 49140 MiB, 287.64 W, 300.00 W, 72, 2160 MHz
2026/09/23 14:56:16.140, 0, 98 %, 88 %, 6161 MiB, 49140 MiB, 287.97 W, 300.00 W, 73, 1785 MHz
2026/09/23 14:56:17.141, 0, 97 %, 83 %, 6161 MiB, 49140 MiB, 289.55 W, 300.00 W, 71, 1980 MHz
2026/09/23 14:56:18.144, 0, 95 %, 85 %, 6161 MiB, 49140 MiB, 288.43 W, 300.00 W, 72, 1695 MHz
2026/09/23 14:56:19.145, 0, 98 %, 88 %, 6161 MiB, 49140 MiB, 287.80 W, 300.00 W, 72, 2130 MHz
2026/09/23 14:56:20.145, 0, 97 %, 86 %, 6161 MiB, 49140 MiB, 288.22 W, 300.00 W, 73, 1830 MHz
2026/09/23 14:56:21.146, 0, 98 %, 83 %, 6161 MiB, 49140 MiB, 288.86 W, 300.00 W, 71, 1950 MHz
2026/09/23 14:56:22.147, 0, 95 %, 86 %, 6161 MiB, 49140 MiB, 288.57 W, 300.00 W, 73, 2025 MHz
2026/09/23 14:56:23.151, 0, 97 %, 86 %, 6161 MiB, 49140 MiB, 288.61 W, 300.00 W, 72, 1800 MHz
2026/09/23 14:56:24.152, 0, 92 %, 83 %, 6161 MiB, 49140 MiB, 287.11 W, 300.00 W, 74, 2250 MHz
2026/09/23 14:56:25.153, 0, 97 %, 81 %, 6161 MiB, 49140 MiB, 287.11 W, 300.00 W, 73, 1815 MHz
2026/09/23 14:56:26.154, 0, 98 %, 88 %, 6161 MiB, 49140 MiB, 289.47 W, 300.00 W, 73, 1785 MHz
2026/09/23 14:56:27.154, 0, 96 %, 82 %, 6161 MiB, 49140 MiB, 287.52 W, 300.00 W, 72, 2085 MHz
2026/09/23 14:56:28.156, 0, 98 %, 88 %, 6161 MiB, 49140 MiB, 288.06 W, 300.00 W, 73, 1965 MHz
2026/09/23 14:56:29.156, 0, 96 %, 86 %, 6161 MiB, 49140 MiB, 286.27 W, 300.00 W, 73, 1965 MHz
2026/09/23 14:56:30.158, 0, 90 %, 66 %, 6161 MiB, 49140 MiB, 290.21 W, 300.00 W, 74, 1770 MHz
2026/09/23 14:56:31.158, 0, 0 %, 0 %, 6161 MiB, 49140 MiB, 219.58 W, 300.00 W, 67, 2745 MHz
2026/09/23 14:56:32.159, 0, 0 %, 0 %, 6161 MiB, 49140 MiB, 87.34 W, 300.00 W, 66, 2745 MHz
2026/09/23 14:56:33.159, 0, 97 %, 85 %, 6161 MiB, 49140 MiB, 216.74 W, 300.00 W, 70, 1695 MHz
2026/09/23 14:56:34.160, 0, 95 %, 85 %, 6161 MiB, 49140 MiB, 285.64 W, 300.00 W, 72, 2025 MHz
2026/09/23 14:56:35.161, 0, 96 %, 86 %, 6161 MiB, 49140 MiB, 286.78 W, 300.00 W, 71, 1770 MHz
2026/09/23 14:56:36.162, 0, 98 %, 86 %, 6161 MiB, 49140 MiB, 288.82 W, 300.00 W, 73, 2010 MHz
2026/09/23 14:56:37.162, 0, 98 %, 85 %, 6161 MiB, 49140 MiB, 288.21 W, 300.00 W, 71, 1695 MHz
2026/09/23 14:56:38.163, 0, 93 %, 83 %, 6161 MiB, 49140 MiB, 287.39 W, 300.00 W, 72, 2145 MHz
2026/09/23 14:56:39.164, 0, 98 %, 88 %, 6161 MiB, 49140 MiB, 287.15 W, 300.00 W, 72, 1830 MHz
2026/09/23 14:56:40.166, 0, 98 %, 85 %, 6161 MiB, 49140 MiB, 289.45 W, 300.00 W, 73, 2010 MHz
2026/09/23 14:56:41.167, 0, 98 %, 87 %, 6161 MiB, 49140 MiB, 288.74 W, 300.00 W, 71, 1695 MHz
2026/09/23 14:56:42.168, 0, 95 %, 85 %, 6161 MiB, 49140 MiB, 286.42 W, 300.00 W, 72, 2010 MHz
2026/09/23 14:56:43.169, 0, 98 %, 86 %, 6161 MiB, 49140 MiB, 287.98 W, 300.00 W, 72, 1710 MHz
2026/09/23 14:56:44.170, 0, 98 %, 87 %, 6161 MiB, 49140 MiB, 289.34 W, 300.00 W, 73, 2040 MHz
2026/09/23 14:56:45.171, 0, 98 %, 82 %, 6161 MiB, 49140 MiB, 287.99 W, 300.00 W, 71, 1635 MHz
2026/09/23 14:56:46.171, 0, 97 %, 88 %, 6161 MiB, 49140 MiB, 286.77 W, 300.00 W, 73, 1830 MHz
2026/09/23 14:56:47.172, 0, 93 %, 81 %, 6161 MiB, 49140 MiB, 285.77 W, 300.00 W, 72, 2235 MHz
2026/09/23 14:56:48.173, 0, 97 %, 87 %, 6161 MiB, 49140 MiB, 287.14 W, 300.00 W, 72, 1815 MHz
2026/09/23 14:56:49.173, 0, 98 %, 86 %, 6161 MiB, 49140 MiB, 289.30 W, 300.00 W, 73, 1995 MHz
2026/09/23 14:56:50.174, 0, 97 %, 87 %, 6161 MiB, 49140 MiB, 289.92 W, 300.00 W, 72, 1725 MHz
2026/09/23 14:56:51.175, 0, 96 %, 83 %, 6161 MiB, 49140 MiB, 287.72 W, 300.00 W, 72, 2100 MHz
2026/09/23 14:56:52.176, 0, 98 %, 88 %, 6161 MiB, 49140 MiB, 288.69 W, 300.00 W, 73, 2100 MHz
2026/09/23 14:56:53.177, 0, 97 %, 82 %, 6161 MiB, 49140 MiB, 288.88 W, 300.00 W, 73, 1920 MHz
2026/09/23 14:56:54.178, 0, 98 %, 88 %, 6161 MiB, 49140 MiB, 289.05 W, 300.00 W, 73, 1755 MHz
2026/09/23 14:56:55.179, 0, 93 %, 65 %, 6161 MiB, 49140 MiB, 292.82 W, 300.00 W, 74, 1680 MHz
2026/09/23 14:56:56.180, 0, 0 %, 0 %, 6161 MiB, 49140 MiB, 195.86 W, 300.00 W, 67, 2745 MHz
2026/09/23 14:56:57.180, 0, 95 %, 85 %, 6161 MiB, 49140 MiB, 217.54 W, 300.00 W, 72, 2070 MHz
2026/09/23 14:56:58.181, 0, 98 %, 87 %, 6161 MiB, 49140 MiB, 287.12 W, 300.00 W, 72, 1695 MHz
2026/09/23 14:56:59.182, 0, 98 %, 87 %, 6161 MiB, 49140 MiB, 288.77 W, 300.00 W, 73, 1980 MHz
2026/09/23 14:57:00.183, 0, 97 %, 81 %, 6161 MiB, 49140 MiB, 288.97 W, 300.00 W, 71, 1620 MHz
2026/09/23 14:57:01.185, 0, 95 %, 85 %, 6161 MiB, 49140 MiB, 288.20 W, 300.00 W, 73, 2025 MHz
2026/09/23 14:57:02.185, 0, 95 %, 83 %, 6161 MiB, 49140 MiB, 287.31 W, 300.00 W, 73, 2070 MHz
2026/09/23 14:57:03.186, 0, 96 %, 87 %, 6161 MiB, 49140 MiB, 287.09 W, 300.00 W, 74, 2115 MHz
2026/09/23 14:57:04.187, 0, 97 %, 81 %, 6161 MiB, 49140 MiB, 288.25 W, 300.00 W, 72, 1755 MHz
2026/09/23 14:57:05.188, 0, 97 %, 88 %, 6161 MiB, 49140 MiB, 288.80 W, 300.00 W, 73, 1800 MHz
2026/09/23 14:57:06.189, 0, 95 %, 81 %, 6161 MiB, 49140 MiB, 287.10 W, 300.00 W, 72, 2115 MHz
2026/09/23 14:57:07.189, 0, 97 %, 87 %, 6161 MiB, 49140 MiB, 287.02 W, 300.00 W, 73, 1935 MHz
2026/09/23 14:57:08.190, 0, 98 %, 86 %, 6161 MiB, 49140 MiB, 287.86 W, 300.00 W, 73, 1965 MHz
2026/09/23 14:57:09.193, 0, 98 %, 86 %, 6161 MiB, 49140 MiB, 289.86 W, 300.00 W, 72, 1695 MHz
2026/09/23 14:57:10.195, 0, 93 %, 83 %, 6161 MiB, 49140 MiB, 287.21 W, 300.00 W, 72, 2010 MHz
2026/09/23 14:57:11.196, 0, 97 %, 85 %, 6161 MiB, 49140 MiB, 287.03 W, 300.00 W, 72, 1905 MHz
2026/09/23 14:57:12.196, 0, 97 %, 87 %, 6161 MiB, 49140 MiB, 289.56 W, 300.00 W, 74, 1680 MHz
2026/09/23 14:57:13.197, 0, 97 %, 82 %, 6161 MiB, 49140 MiB, 289.32 W, 300.00 W, 71, 1965 MHz
2026/09/23 14:57:14.198, 0, 95 %, 84 %, 6161 MiB, 49140 MiB, 288.89 W, 300.00 W, 73, 1950 MHz
2026/09/23 14:57:15.200, 0, 97 %, 83 %, 6161 MiB, 49140 MiB, 286.88 W, 300.00 W, 73, 2055 MHz
2026/09/23 14:57:16.200, 0, 97 %, 87 %, 6161 MiB, 49140 MiB, 287.60 W, 300.00 W, 73, 1980 MHz
2026/09/23 14:57:17.201, 0, 98 %, 83 %, 6161 MiB, 49140 MiB, 288.62 W, 300.00 W, 73, 1770 MHz
2026/09/23 14:57:18.203, 0, 97 %, 88 %, 6161 MiB, 49140 MiB, 289.95 W, 300.00 W, 73, 2100 MHz
2026/09/23 14:57:19.204, 0, 90 %, 64 %, 6161 MiB, 49140 MiB, 290.46 W, 300.00 W, 73, 1770 MHz
2026/09/23 14:57:20.204, 0, 0 %, 0 %, 6161 MiB, 49140 MiB, 212.60 W, 300.00 W, 67, 2745 MHz
2026/09/23 14:57:21.207, 0, 98 %, 81 %, 6161 MiB, 49140 MiB, 198.71 W, 300.00 W, 72, 1890 MHz
2026/09/23 14:57:22.208, 0, 93 %, 84 %, 6161 MiB, 49140 MiB, 293.32 W, 300.00 W, 72, 1830 MHz
2026/09/23 14:57:23.209, 0, 97 %, 87 %, 6161 MiB, 49140 MiB, 286.81 W, 300.00 W, 74, 1950 MHz
2026/09/23 14:57:24.210, 0, 97 %, 87 %, 6161 MiB, 49140 MiB, 288.25 W, 300.00 W, 73, 1620 MHz
2026/09/23 14:57:25.211, 0, 97 %, 81 %, 6161 MiB, 49140 MiB, 288.57 W, 300.00 W, 72, 1830 MHz
2026/09/23 14:57:26.212, 0, 95 %, 85 %, 6161 MiB, 49140 MiB, 287.97 W, 300.00 W, 72, 1995 MHz
2026/09/23 14:57:27.213, 0, 98 %, 84 %, 6161 MiB, 49140 MiB, 286.37 W, 300.00 W, 72, 2025 MHz
2026/09/23 14:57:28.214, 0, 97 %, 86 %, 6161 MiB, 49140 MiB, 288.42 W, 300.00 W, 73, 1815 MHz
2026/09/23 14:57:29.215, 0, 98 %, 81 %, 6161 MiB, 49140 MiB, 289.70 W, 300.00 W, 72, 1800 MHz
2026/09/23 14:57:30.215, 0, 97 %, 87 %, 6161 MiB, 49140 MiB, 288.77 W, 300.00 W, 72, 1995 MHz
2026/09/23 14:57:31.216, 0, 96 %, 82 %, 6161 MiB, 49140 MiB, 286.58 W, 300.00 W, 72, 1995 MHz
2026/09/23 14:57:32.217, 0, 98 %, 88 %, 6161 MiB, 49140 MiB, 287.97 W, 300.00 W, 74, 1995 MHz
2026/09/23 14:57:33.218, 0, 98 %, 81 %, 6161 MiB, 49140 MiB, 289.34 W, 300.00 W, 71, 1800 MHz
2026/09/23 14:57:34.218, 0, 97 %, 87 %, 6161 MiB, 49140 MiB, 290.10 W, 300.00 W, 72, 2010 MHz
2026/09/23 14:57:35.219, 0, 96 %, 83 %, 6161 MiB, 49140 MiB, 288.43 W, 300.00 W, 73, 2115 MHz
2026/09/23 14:57:36.221, 0, 98 %, 87 %, 6161 MiB, 49140 MiB, 290.26 W, 300.00 W, 73, 1620 MHz
2026/09/23 14:57:37.222, 0, 94 %, 80 %, 6161 MiB, 49140 MiB, 288.91 W, 300.00 W, 73, 1920 MHz
2026/09/23 14:57:38.222, 0, 95 %, 84 %, 6161 MiB, 49140 MiB, 288.05 W, 300.00 W, 72, 1890 MHz
2026/09/23 14:57:39.225, 0, 97 %, 85 %, 6161 MiB, 49140 MiB, 287.45 W, 300.00 W, 73, 1950 MHz
2026/09/23 14:57:40.226, 0, 98 %, 88 %, 6161 MiB, 49140 MiB, 289.45 W, 300.00 W, 73, 1605 MHz
2026/09/23 14:57:41.228, 0, 97 %, 81 %, 6161 MiB, 49140 MiB, 289.05 W, 300.00 W, 72, 1830 MHz
2026/09/23 14:57:42.228, 0, 94 %, 83 %, 6161 MiB, 49140 MiB, 288.34 W, 300.00 W, 73, 2085 MHz
2026/09/23 14:57:43.231, 0, 90 %, 64 %, 6161 MiB, 49140 MiB, 288.82 W, 300.00 W, 74, 1725 MHz
2026/09/23 14:57:44.232, 0, 0 %, 0 %, 6161 MiB, 49140 MiB, 229.35 W, 300.00 W, 68, 2745 MHz
2026/09/23 14:57:45.232, 0, 0 %, 0 %, 6161 MiB, 49140 MiB, 87.31 W, 300.00 W, 67, 2745 MHz
2026/09/23 14:57:46.233, 0, 98 %, 84 %, 6161 MiB, 49140 MiB, 207.80 W, 300.00 W, 72, 2055 MHz
2026/09/23 14:57:47.233, 0, 97 %, 87 %, 6161 MiB, 49140 MiB, 288.71 W, 300.00 W, 72, 1740 MHz
2026/09/23 14:57:48.234, 0, 97 %, 81 %, 6161 MiB, 49140 MiB, 287.32 W, 300.00 W, 70, 1830 MHz
2026/09/23 14:57:49.235, 0, 96 %, 88 %, 6161 MiB, 49140 MiB, 287.13 W, 300.00 W, 72, 2115 MHz
2026/09/23 14:57:50.235, 0, 93 %, 80 %, 6161 MiB, 49140 MiB, 285.62 W, 300.00 W, 72, 1965 MHz
2026/09/23 14:57:51.236, 0, 98 %, 89 %, 6161 MiB, 49140 MiB, 287.25 W, 300.00 W, 74, 2010 MHz
2026/09/23 14:57:52.237, 0, 95 %, 84 %, 6161 MiB, 49140 MiB, 286.41 W, 300.00 W, 72, 1635 MHz
2026/09/23 14:57:53.238, 0, 97 %, 81 %, 6161 MiB, 49140 MiB, 287.09 W, 300.00 W, 71, 1845 MHz
2026/09/23 14:57:54.239, 0, 95 %, 84 %, 6161 MiB, 49140 MiB, 288.07 W, 300.00 W, 72, 1950 MHz
2026/09/23 14:57:55.240, 0, 95 %, 82 %, 6161 MiB, 49140 MiB, 284.92 W, 300.00 W, 72, 2085 MHz
2026/09/23 14:57:56.240, 0, 97 %, 87 %, 6161 MiB, 49140 MiB, 285.27 W, 300.00 W, 73, 1935 MHz
2026/09/23 14:57:57.241, 0, 97 %, 86 %, 6161 MiB, 49140 MiB, 288.85 W, 300.00 W, 72, 1695 MHz
2026/09/23 14:57:58.242, 0, 97 %, 87 %, 6161 MiB, 49140 MiB, 290.09 W, 300.00 W, 73, 2085 MHz
2026/09/23 14:57:59.243, 0, 96 %, 83 %, 6161 MiB, 49140 MiB, 286.78 W, 300.00 W, 73, 1860 MHz
2026/09/23 14:58:00.244, 0, 98 %, 87 %, 6161 MiB, 49140 MiB, 288.38 W, 300.00 W, 74, 2040 MHz
2026/09/23 14:58:01.245, 0, 98 %, 84 %, 6161 MiB, 49140 MiB, 288.93 W, 300.00 W, 71, 2100 MHz
2026/09/23 14:58:02.246, 0, 98 %, 88 %, 6161 MiB, 49140 MiB, 288.64 W, 300.00 W, 73, 1755 MHz
2026/09/23 14:58:03.247, 0, 97 %, 82 %, 6161 MiB, 49140 MiB, 288.26 W, 300.00 W, 73, 1965 MHz
2026/09/23 14:58:04.248, 0, 98 %, 87 %, 6161 MiB, 49140 MiB, 287.60 W, 300.00 W, 74, 1590 MHz
2026/09/23 14:58:05.249, 0, 96 %, 86 %, 6161 MiB, 49140 MiB, 287.84 W, 300.00 W, 73, 1800 MHz
2026/09/23 14:58:06.250, 0, 98 %, 81 %, 6161 MiB, 49140 MiB, 288.54 W, 300.00 W, 71, 2130 MHz
2026/09/23 14:58:07.250, 0, 98 %, 87 %, 6161 MiB, 49140 MiB, 289.04 W, 300.00 W, 74, 1785 MHz
2026/09/23 14:58:08.251, 0, 85 %, 60 %, 6161 MiB, 49140 MiB, 288.67 W, 300.00 W, 73, 1710 MHz
2026/09/23 14:58:09.252, 0, 0 %, 0 %, 6161 MiB, 49140 MiB, 214.50 W, 300.00 W, 67, 2730 MHz
2026/09/23 14:58:10.252, 0, 0 %, 0 %, 6161 MiB, 49140 MiB, 87.39 W, 300.00 W, 67, 2730 MHz
2026/09/23 14:58:11.253, 0, 96 %, 84 %, 6161 MiB, 49140 MiB, 229.19 W, 300.00 W, 71, 2070 MHz
2026/09/23 14:58:12.254, 0, 98 %, 88 %, 6161 MiB, 49140 MiB, 288.89 W, 300.00 W, 72, 1800 MHz
2026/09/23 14:58:13.255, 0, 95 %, 81 %, 6161 MiB, 49140 MiB, 286.63 W, 300.00 W, 72, 1980 MHz
2026/09/23 14:58:14.255, 0, 96 %, 86 %, 6161 MiB, 49140 MiB, 286.95 W, 300.00 W, 73, 1710 MHz
2026/09/23 14:58:15.257, 0, 96 %, 83 %, 6161 MiB, 49140 MiB, 288.89 W, 300.00 W, 71, 2130 MHz
2026/09/23 14:58:16.258, 0, 97 %, 88 %, 6161 MiB, 49140 MiB, 288.99 W, 300.00 W, 73, 1890 MHz
2026/09/23 14:58:17.259, 0, 93 %, 83 %, 6161 MiB, 49140 MiB, 285.78 W, 300.00 W, 72, 1920 MHz
2026/09/23 14:58:18.260, 0, 97 %, 85 %, 6161 MiB, 49140 MiB, 286.58 W, 300.00 W, 73, 1710 MHz
2026/09/23 14:58:19.260, 0, 98 %, 87 %, 6161 MiB, 49140 MiB, 289.94 W, 300.00 W, 73, 1860 MHz
2026/09/23 14:58:20.261, 0, 97 %, 82 %, 6161 MiB, 49140 MiB, 290.26 W, 300.00 W, 72, 2115 MHz
2026/09/23 14:58:21.262, 0, 94 %, 84 %, 6161 MiB, 49140 MiB, 289.31 W, 300.00 W, 72, 2085 MHz
2026/09/23 14:58:22.263, 0, 97 %, 83 %, 6161 MiB, 49140 MiB, 287.82 W, 300.00 W, 73, 1785 MHz
2026/09/23 14:58:23.263, 0, 97 %, 87 %, 6161 MiB, 49140 MiB, 288.08 W, 300.00 W, 73, 1800 MHz
2026/09/23 14:58:24.264, 0, 98 %, 81 %, 6161 MiB, 49140 MiB, 290.01 W, 300.00 W, 72, 2085 MHz
2026/09/23 14:58:25.266, 0, 96 %, 86 %, 6161 MiB, 49140 MiB, 289.44 W, 300.00 W, 72, 1950 MHz
2026/09/23 14:58:26.267, 0, 95 %, 82 %, 6161 MiB, 49140 MiB, 286.47 W, 300.00 W, 72, 1980 MHz
2026/09/23 14:58:27.267, 0, 98 %, 88 %, 6161 MiB, 49140 MiB, 287.94 W, 300.00 W, 74, 1605 MHz
2026/09/23 14:58:28.268, 0, 96 %, 85 %, 6161 MiB, 49140 MiB, 288.38 W, 300.00 W, 72, 2025 MHz
2026/09/23 14:58:29.269, 0, 96 %, 86 %, 6161 MiB, 49140 MiB, 290.12 W, 300.00 W, 73, 1755 MHz
2026/09/23 14:58:30.270, 0, 95 %, 83 %, 6161 MiB, 49140 MiB, 287.52 W, 300.00 W, 73, 1935 MHz
2026/09/23 14:58:31.270, 0, 89 %, 79 %, 6161 MiB, 49140 MiB, 286.42 W, 300.00 W, 72, 1875 MHz
2026/09/23 14:58:32.271, 0, 98 %, 87 %, 6161 MiB, 49140 MiB, 287.81 W, 300.00 W, 73, 1770 MHz
2026/09/23 14:58:33.272, 0, 94 %, 65 %, 6161 MiB, 49140 MiB, 292.47 W, 300.00 W, 74, 1650 MHz
2026/09/23 14:58:34.273, 0, 0 %, 0 %, 6161 MiB, 49140 MiB, 186.66 W, 300.00 W, 67, 2730 MHz
2026/09/23 14:58:35.274, 0, 97 %, 82 %, 6161 MiB, 49140 MiB, 227.13 W, 300.00 W, 71, 2115 MHz
2026/09/23 14:58:36.275, 0, 96 %, 87 %, 6161 MiB, 49140 MiB, 290.16 W, 300.00 W, 72, 1995 MHz
2026/09/23 14:58:37.275, 0, 98 %, 84 %, 6161 MiB, 49140 MiB, 287.98 W, 300.00 W, 72, 1965 MHz
2026/09/23 14:58:38.277, 0, 96 %, 86 %, 6161 MiB, 49140 MiB, 288.28 W, 300.00 W, 74, 1680 MHz
2026/09/23 14:58:39.278, 0, 97 %, 81 %, 6161 MiB, 49140 MiB, 289.23 W, 300.00 W, 71, 2145 MHz
2026/09/23 14:58:40.278, 0, 98 %, 87 %, 6161 MiB, 49140 MiB, 288.77 W, 300.00 W, 73, 1695 MHz
2026/09/23 14:58:41.279, 0, 94 %, 83 %, 6161 MiB, 49140 MiB, 287.88 W, 300.00 W, 72, 1935 MHz
2026/09/23 14:58:42.280, 0, 98 %, 88 %, 6161 MiB, 49140 MiB, 288.54 W, 300.00 W, 74, 1695 MHz
2026/09/23 14:58:43.281, 0, 97 %, 84 %, 6161 MiB, 49140 MiB, 288.45 W, 300.00 W, 72, 2085 MHz
2026/09/23 14:58:44.281, 0, 96 %, 86 %, 6161 MiB, 49140 MiB, 290.26 W, 300.00 W, 73, 1740 MHz
2026/09/23 14:58:45.282, 0, 95 %, 85 %, 6161 MiB, 49140 MiB, 287.07 W, 300.00 W, 72, 2070 MHz
2026/09/23 14:58:46.283, 0, 97 %, 86 %, 6161 MiB, 49140 MiB, 288.98 W, 300.00 W, 73, 1740 MHz
2026/09/23 14:58:47.285, 0, 98 %, 87 %, 6161 MiB, 49140 MiB, 287.84 W, 300.00 W, 73, 1770 MHz
2026/09/23 14:58:48.286, 0, 98 %, 81 %, 6161 MiB, 49140 MiB, 288.96 W, 300.00 W, 71, 2100 MHz
2026/09/23 14:58:49.286, 0, 98 %, 87 %, 6161 MiB, 49140 MiB, 287.82 W, 300.00 W, 73, 1740 MHz
2026/09/23 14:58:50.287, 0, 95 %, 84 %, 6161 MiB, 49140 MiB, 287.94 W, 300.00 W, 72, 1905 MHz
2026/09/23 14:58:51.288, 0, 97 %, 83 %, 6161 MiB, 49140 MiB, 286.22 W, 300.00 W, 73, 1755 MHz
2026/09/23 14:58:52.289, 0, 98 %, 87 %, 6161 MiB, 49140 MiB, 288.02 W, 300.00 W, 74, 2085 MHz
2026/09/23 14:58:53.290, 0, 98 %, 87 %, 6161 MiB, 49140 MiB, 287.87 W, 300.00 W, 73, 2070 MHz
2026/09/23 14:58:54.291, 0, 98 %, 82 %, 6161 MiB, 49140 MiB, 290.38 W, 300.00 W, 73, 1980 MHz
2026/09/23 14:58:55.292, 0, 94 %, 84 %, 6161 MiB, 49140 MiB, 288.85 W, 300.00 W, 72, 1680 MHz
2026/09/23 14:58:56.293, 0, 93 %, 81 %, 6161 MiB, 49140 MiB, 284.98 W, 300.00 W, 73, 1620 MHz
2026/09/23 14:58:57.294, 0, 94 %, 67 %, 6161 MiB, 49140 MiB, 291.14 W, 300.00 W, 74, 1695 MHz
2026/09/23 14:58:58.295, 0, 0 %, 0 %, 6161 MiB, 49140 MiB, 210.71 W, 300.00 W, 67, 2730 MHz
2026/09/23 14:58:59.295, 0, 0 %, 0 %, 6161 MiB, 49140 MiB, 87.83 W, 300.00 W, 67, 2730 MHz
2026/09/23 14:59:00.296, 0, 97 %, 84 %, 6161 MiB, 49140 MiB, 211.37 W, 300.00 W, 72, 1845 MHz
2026/09/23 14:59:01.297, 0, 98 %, 88 %, 6161 MiB, 49140 MiB, 288.17 W, 300.00 W, 72, 2100 MHz
2026/09/23 14:59:02.298, 0, 97 %, 81 %, 6161 MiB, 49140 MiB, 288.96 W, 300.00 W, 71, 2085 MHz
2026/09/23 14:59:03.302, 0, 94 %, 84 %, 6161 MiB, 49140 MiB, 289.24 W, 300.00 W, 72, 1725 MHz
2026/09/23 14:59:04.302, 0, 96 %, 84 %, 6161 MiB, 49140 MiB, 287.19 W, 300.00 W, 73, 1785 MHz
2026/09/23 14:59:05.303, 0, 98 %, 88 %, 6161 MiB, 49140 MiB, 287.92 W, 300.00 W, 72, 2085 MHz
2026/09/23 14:59:06.304, 0, 98 %, 82 %, 6161 MiB, 49140 MiB, 289.54 W, 300.00 W, 72, 2025 MHz
2026/09/23 14:59:07.306, 0, 95 %, 85 %, 6161 MiB, 49140 MiB, 289.27 W, 300.00 W, 72, 1695 MHz
2026/09/23 14:59:08.307, 0, 95 %, 81 %, 6161 MiB, 49140 MiB, 285.72 W, 300.00 W, 72, 1815 MHz
2026/09/23 14:59:09.307, 0, 97 %, 86 %, 6161 MiB, 49140 MiB, 288.89 W, 300.00 W, 74, 2100 MHz
2026/09/23 14:59:10.308, 0, 98 %, 84 %, 6161 MiB, 49140 MiB, 288.19 W, 300.00 W, 72, 1800 MHz
2026/09/23 14:59:11.309, 0, 97 %, 87 %, 6161 MiB, 49140 MiB, 289.82 W, 300.00 W, 73, 1890 MHz
2026/09/23 14:59:12.310, 0, 95 %, 84 %, 6161 MiB, 49140 MiB, 287.21 W, 300.00 W, 72, 1590 MHz
2026/09/23 14:59:13.311, 0, 98 %, 87 %, 6161 MiB, 49140 MiB, 288.22 W, 300.00 W, 74, 1920 MHz
2026/09/23 14:59:14.312, 0, 98 %, 87 %, 6161 MiB, 49140 MiB, 289.57 W, 300.00 W, 73, 2010 MHz
2026/09/23 14:59:15.312, 0, 98 %, 81 %, 6161 MiB, 49140 MiB, 289.32 W, 300.00 W, 72, 2010 MHz
2026/09/23 14:59:16.314, 0, 96 %, 85 %, 6161 MiB, 49140 MiB, 288.98 W, 300.00 W, 72, 1785 MHz
2026/09/23 14:59:17.316, 0, 98 %, 84 %, 6161 MiB, 49140 MiB, 286.06 W, 300.00 W, 73, 1800 MHz
2026/09/23 14:59:18.317, 0, 98 %, 87 %, 6161 MiB, 49140 MiB, 289.73 W, 300.00 W, 73, 2070 MHz
2026/09/23 14:59:19.317, 0, 98 %, 85 %, 6161 MiB, 49140 MiB, 288.11 W, 300.00 W, 72, 1695 MHz
2026/09/23 14:59:20.320, 0, 98 %, 88 %, 6161 MiB, 49140 MiB, 290.41 W, 300.00 W, 73, 1920 MHz
2026/09/23 14:59:21.320, 0, 93 %, 83 %, 6161 MiB, 49140 MiB, 286.60 W, 300.00 W, 72, 1710 MHz
2026/09/23 14:59:22.324, 0, 94 %, 67 %, 6161 MiB, 49140 MiB, 289.90 W, 300.00 W, 74, 1650 MHz
2026/09/23 14:59:23.324, 0, 0 %, 0 %, 6161 MiB, 49140 MiB, 196.65 W, 300.00 W, 67, 2730 MHz
2026/09/23 14:59:24.326, 0, 0 %, 0 %, 6161 MiB, 49140 MiB, 87.62 W, 300.00 W, 67, 2730 MHz
2026/09/23 14:59:25.326, 0, 98 %, 85 %, 6161 MiB, 49140 MiB, 197.15 W, 300.00 W, 72, 1800 MHz
2026/09/23 14:59:26.327, 0, 97 %, 87 %, 6161 MiB, 49140 MiB, 286.62 W, 300.00 W, 72, 2145 MHz
2026/09/23 14:59:27.328, 0, 98 %, 81 %, 6161 MiB, 49140 MiB, 288.20 W, 300.00 W, 70, 1980 MHz
2026/09/23 14:59:28.328, 0, 98 %, 88 %, 6161 MiB, 49140 MiB, 287.49 W, 300.00 W, 72, 1965 MHz
2026/09/23 14:59:29.330, 0, 97 %, 83 %, 6161 MiB, 49140 MiB, 285.98 W, 300.00 W, 72, 1785 MHz
2026/09/23 14:59:30.331, 0, 98 %, 87 %, 6161 MiB, 49140 MiB, 288.35 W, 300.00 W, 73, 2175 MHz
2026/09/23 14:59:31.331, 0, 98 %, 81 %, 6161 MiB, 49140 MiB, 288.10 W, 300.00 W, 71, 1965 MHz
2026/09/23 14:59:32.332, 0, 97 %, 88 %, 6161 MiB, 49140 MiB, 288.60 W, 300.00 W, 72, 1935 MHz
2026/09/23 14:59:33.333, 0, 98 %, 84 %, 6161 MiB, 49140 MiB, 285.94 W, 300.00 W, 72, 1785 MHz
2026/09/23 14:59:34.334, 0, 98 %, 88 %, 6161 MiB, 49140 MiB, 289.31 W, 300.00 W, 72, 2040 MHz
2026/09/23 14:59:35.334, 0, 97 %, 81 %, 6161 MiB, 49140 MiB, 289.42 W, 300.00 W, 72, 2040 MHz
2026/09/23 14:59:36.335, 0, 96 %, 85 %, 6161 MiB, 49140 MiB, 287.83 W, 300.00 W, 72, 1830 MHz
2026/09/23 14:59:37.336, 0, 97 %, 86 %, 6161 MiB, 49140 MiB, 288.09 W, 300.00 W, 73, 1830 MHz
2026/09/23 14:59:38.337, 0, 96 %, 86 %, 6161 MiB, 49140 MiB, 288.00 W, 300.00 W, 73, 2115 MHz
2026/09/23 14:59:39.338, 0, 98 %, 82 %, 6161 MiB, 49140 MiB, 289.57 W, 300.00 W, 72, 1785 MHz
2026/09/23 14:59:40.339, 0, 96 %, 85 %, 6161 MiB, 49140 MiB, 289.84 W, 300.00 W, 72, 1770 MHz
2026/09/23 14:59:41.340, 0, 93 %, 83 %, 6161 MiB, 49140 MiB, 288.26 W, 300.00 W, 73, 1995 MHz
2026/09/23 14:59:42.341, 0, 98 %, 88 %, 6161 MiB, 49140 MiB, 287.55 W, 300.00 W, 72, 2040 MHz
2026/09/23 14:59:43.342, 0, 97 %, 81 %, 6161 MiB, 49140 MiB, 288.94 W, 300.00 W, 72, 1965 MHz
2026/09/23 14:59:44.343, 0, 95 %, 85 %, 6161 MiB, 49140 MiB, 288.46 W, 300.00 W, 72, 1815 MHz
2026/09/23 14:59:45.343, 0, 97 %, 85 %, 6161 MiB, 49140 MiB, 288.38 W, 300.00 W, 73, 2100 MHz
2026/09/23 14:59:46.345, 0, 97 %, 87 %, 6161 MiB, 49140 MiB, 288.54 W, 300.00 W, 73, 1995 MHz
2026/09/23 14:59:47.347, 0, 95 %, 65 %, 6161 MiB, 49140 MiB, 292.73 W, 300.00 W, 74, 1635 MHz
2026/09/23 14:59:48.348, 0, 0 %, 0 %, 6161 MiB, 49140 MiB, 197.21 W, 300.00 W, 66, 2505 MHz
2026/09/23 14:59:49.349, 0, 98 %, 82 %, 6161 MiB, 49140 MiB, 204.13 W, 300.00 W, 71, 2025 MHz
2026/09/23 14:59:50.351, 0, 97 %, 87 %, 6161 MiB, 49140 MiB, 288.41 W, 300.00 W, 72, 1755 MHz
2026/09/23 14:59:51.351, 0, 98 %, 84 %, 6161 MiB, 49140 MiB, 285.89 W, 300.00 W, 72, 2100 MHz
2026/09/23 14:59:52.352, 0, 94 %, 84 %, 6161 MiB, 49140 MiB, 287.43 W, 300.00 W, 74, 1755 MHz
2026/09/23 14:59:53.354, 0, 98 %, 81 %, 6161 MiB, 49140 MiB, 288.21 W, 300.00 W, 71, 1995 MHz
2026/09/23 14:59:54.354, 0, 97 %, 87 %, 6161 MiB, 49140 MiB, 288.38 W, 300.00 W, 72, 1740 MHz
2026/09/23 14:59:55.356, 0, 96 %, 83 %, 6161 MiB, 49140 MiB, 286.62 W, 300.00 W, 72, 2145 MHz
2026/09/23 14:59:56.357, 0, 98 %, 88 %, 6161 MiB, 49140 MiB, 287.50 W, 300.00 W, 72, 2025 MHz
2026/09/23 14:59:57.358, 0, 98 %, 81 %, 6161 MiB, 49140 MiB, 288.02 W, 300.00 W, 71, 1980 MHz
2026/09/23 14:59:58.359, 0, 97 %, 87 %, 6161 MiB, 49140 MiB, 286.90 W, 300.00 W, 72, 1710 MHz
2026/09/23 14:59:59.360, 0, 97 %, 83 %, 6161 MiB, 49140 MiB, 286.18 W, 300.00 W, 72, 2100 MHz
2026/09/23 15:00:00.361, 0, 98 %, 87 %, 6161 MiB, 49140 MiB, 287.43 W, 300.00 W, 73, 1770 MHz
2026/09/23 15:00:01.362, 0, 98 %, 81 %, 6161 MiB, 49140 MiB, 289.40 W, 300.00 W, 71, 2025 MHz
2026/09/23 15:00:02.362, 0, 97 %, 88 %, 6161 MiB, 49140 MiB, 286.24 W, 300.00 W, 73, 1680 MHz
2026/09/23 15:00:03.364, 0, 98 %, 87 %, 6161 MiB, 49140 MiB, 288.38 W, 300.00 W, 72, 2115 MHz
2026/09/23 15:00:04.364, 0, 98 %, 86 %, 6161 MiB, 49140 MiB, 290.12 W, 300.00 W, 73, 1980 MHz
2026/09/23 15:00:05.365, 0, 97 %, 87 %, 6161 MiB, 49140 MiB, 289.07 W, 300.00 W, 71, 1995 MHz
2026/09/23 15:00:06.366, 0, 96 %, 85 %, 6161 MiB, 49140 MiB, 287.33 W, 300.00 W, 73, 1590 MHz
2026/09/23 15:00:07.368, 0, 96 %, 86 %, 6161 MiB, 49140 MiB, 288.09 W, 300.00 W, 72, 2070 MHz
2026/09/23 15:00:08.368, 0, 98 %, 87 %, 6161 MiB, 49140 MiB, 289.98 W, 300.00 W, 74, 1710 MHz
2026/09/23 15:00:09.369, 0, 96 %, 80 %, 6161 MiB, 49140 MiB, 288.53 W, 300.00 W, 72, 1890 MHz
2026/09/23 15:00:10.370, 0, 96 %, 85 %, 6161 MiB, 49140 MiB, 287.86 W, 300.00 W, 73, 1710 MHz
2026/09/23 15:00:11.371, 0, 95 %, 66 %, 6161 MiB, 49140 MiB, 291.84 W, 300.00 W, 74, 1680 MHz
2026/09/23 15:00:12.371, 0, 0 %, 0 %, 6161 MiB, 49140 MiB, 195.16 W, 300.00 W, 67, 2730 MHz
2026/09/23 15:00:13.372, 0, 0 %, 0 %, 1665 MiB, 49140 MiB, 87.13 W, 300.00 W, 66, 2730 MHz
2026/09/23 15:00:14.373, 0, 0 %, 0 %, 1665 MiB, 49140 MiB, 80.70 W, 300.00 W, 65, 2505 MHz
2026/09/23 15:00:15.373, 0, 0 %, 0 %, 1665 MiB, 49140 MiB, 70.74 W, 300.00 W, 65, 2505 MHz
2026/09/23 15:00:16.380, 0, 1 %, 0 %, 1665 MiB, 49140 MiB, 71.96 W, 300.00 W, 64, 2505 MHz
2026/09/23 15:00:17.380, 0, 21 %, 6 %, 1665 MiB, 49140 MiB, 76.69 W, 300.00 W, 65, 2505 MHz
2026/09/23 15:00:18.381, 0, 0 %, 0 %, 1665 MiB, 49140 MiB, 73.40 W, 300.00 W, 63, 2505 MHz
2026/09/23 15:00:19.382, 0, 32 %, 14 %, 1665 MiB, 49140 MiB, 147.62 W, 300.00 W, 68, 2715 MHz
2026/09/23 15:00:20.382, 0, 34 %, 15 %, 1665 MiB, 49140 MiB, 182.32 W, 300.00 W, 67, 2670 MHz
2026/09/23 15:00:21.385, 0, 0 %, 0 %, 1665 MiB, 49140 MiB, 180.77 W, 300.00 W, 65, 2730 MHz
2026/09/23 15:00:22.385, 0, 0 %, 0 %, 1665 MiB, 49140 MiB, 115.93 W, 300.00 W, 63, 2745 MHz
2026/09/23 15:00:23.386, 0, 0 %, 0 %, 1665 MiB, 49140 MiB, 96.49 W, 300.00 W, 63, 2745 MHz
2026/09/23 15:00:24.386, 0, 0 %, 0 %, 1665 MiB, 49140 MiB, 73.18 W, 300.00 W, 62, 2505 MHz
2026/09/23 15:00:25.387, 0, 0 %, 0 %, 1665 MiB, 49140 MiB, 69.75 W, 300.00 W, 61, 2505 MHz
2026/09/23 15:00:26.387, 0, 0 %, 0 %, 1665 MiB, 49140 MiB, 67.14 W, 300.00 W, 61, 2505 MHz
2026/09/23 15:00:27.388, 0, 0 %, 0 %, 1665 MiB, 49140 MiB, 66.86 W, 300.00 W, 60, 2505 MHz
2026/09/23 15:00:28.388, 0, 0 %, 0 %, 1665 MiB, 49140 MiB, 66.14 W, 300.00 W, 60, 2505 MHz
2026/09/23 15:00:29.389, 0, 33 %, 3 %, 0 MiB, 49140 MiB, 66.72 W, 300.00 W, 59, 2505 MHz
2026/09/23 15:00:30.389, 0, 0 %, 0 %, 0 MiB, 49140 MiB, 67.62 W, 300.00 W, 59, 2505 MHz
2026/09/23 15:00:31.390, 0, 0 %, 0 %, 0 MiB, 49140 MiB, 42.33 W, 300.00 W, 58, 645 MHz
2026/09/23 15:00:32.390, 0, 0 %, 0 %, 0 MiB, 49140 MiB, 37.18 W, 300.00 W, 57, 405 MHz
2026/09/23 15:00:33.391, 0, 0 %, 0 %, 0 MiB, 49140 MiB, 31.40 W, 300.00 W, 57, 255 MHz
2026/09/23 15:00:34.391, 0, 0 %, 0 %, 0 MiB, 49140 MiB, 28.08 W, 300.00 W, 56, 210 MHz
2026/09/23 15:00:35.392, 0, 0 %, 0 %, 0 MiB, 49140 MiB, 27.74 W, 300.00 W, 56, 210 MHz
2026/09/23 15:00:36.392, 0, 0 %, 0 %, 0 MiB, 49140 MiB, 27.50 W, 300.00 W, 56, 210 MHz
2026/09/23 15:00:37.393, 0, 0 %, 0 %, 0 MiB, 49140 MiB, 27.35 W, 300.00 W, 55, 210 MHz
2026/09/23 15:00:38.393, 0, 0 %, 0 %, 0 MiB, 49140 MiB, 27.26 W, 300.00 W, 55, 210 MHz
2026/09/23 15:00:39.397, 0, 0 %, 0 %, 0 MiB, 49140 MiB, 27.14 W, 300.00 W, 55, 210 MHz
2026/09/23 15:00:40.397, 0, 1 %, 0 %, 817 MiB, 49140 MiB, 48.25 W, 300.00 W, 55, 2505 MHz
2026/09/23 15:00:41.398, 0, 18 %, 2 %, 829 MiB, 49140 MiB, 74.30 W, 300.00 W, 56, 2505 MHz
2026/09/23 15:00:42.398, 0, 53 %, 12 %, 715 MiB, 49140 MiB, 125.19 W, 300.00 W, 57, 2745 MHz
2026/09/23 15:00:43.399, 0, 53 %, 12 %, 719 MiB, 49140 MiB, 153.43 W, 300.00 W, 59, 2745 MHz
2026/09/23 15:00:44.399, 0, 51 %, 12 %, 1161 MiB, 49140 MiB, 146.51 W, 300.00 W, 60, 2745 MHz
2026/09/23 15:00:45.400, 0, 52 %, 12 %, 1161 MiB, 49140 MiB, 156.62 W, 300.00 W, 58, 2745 MHz
2026/09/23 15:00:46.401, 0, 47 %, 10 %, 829 MiB, 49140 MiB, 165.73 W, 300.00 W, 59, 2745 MHz
2026/09/23 15:00:47.402, 0, 51 %, 12 %, 715 MiB, 49140 MiB, 165.53 W, 300.00 W, 61, 2745 MHz
2026/09/23 15:00:48.403, 0, 58 %, 22 %, 715 MiB, 49140 MiB, 165.80 W, 300.00 W, 61, 2745 MHz
2026/09/23 15:00:49.403, 0, 59 %, 22 %, 715 MiB, 49140 MiB, 170.41 W, 300.00 W, 58, 2685 MHz
2026/09/23 15:00:50.404, 0, 59 %, 22 %, 1161 MiB, 49140 MiB, 170.46 W, 300.00 W, 62, 2745 MHz
2026/09/23 15:00:51.405, 0, 57 %, 22 %, 715 MiB, 49140 MiB, 175.86 W, 300.00 W, 61, 2745 MHz
2026/09/23 15:00:52.405, 0, 53 %, 13 %, 715 MiB, 49140 MiB, 160.73 W, 300.00 W, 59, 2685 MHz
2026/09/23 15:00:53.406, 0, 50 %, 12 %, 715 MiB, 49140 MiB, 145.69 W, 300.00 W, 59, 2745 MHz
2026/09/23 15:00:54.407, 0, 0 %, 0 %, 715 MiB, 49140 MiB, 90.12 W, 300.00 W, 57, 2745 MHz
