timestamp, index, utilization.gpu [%], utilization.memory [%], memory.used [MiB], memory.total [MiB], power.draw [W], power.limit [W], temperature.gpu, clocks.current.sm [MHz]
2026/09/23 05:03:14.192, 0, 0 %, 0 %, 0 MiB, 49140 MiB, 79.16 W, 300.00 W, 57, 2745 MHz
2026/09/23 05:03:15.196, 0, 0 %, 0 %, 0 MiB, 49140 MiB, 73.16 W, 300.00 W, 56, 2505 MHz
2026/09/23 05:03:16.197, 0, 0 %, 0 %, 0 MiB, 49140 MiB, 67.38 W, 300.00 W, 56, 2505 MHz
2026/09/23 05:03:17.197, 0, 0 %, 0 %, 0 MiB, 49140 MiB, 59.13 W, 300.00 W, 55, 615 MHz
2026/09/23 05:03:18.198, 0, 0 %, 0 %, 633 MiB, 49140 MiB, 35.85 W, 300.00 W, 54, 300 MHz
2026/09/23 05:03:19.199, 0, 2 %, 0 %, 633 MiB, 49140 MiB, 51.76 W, 300.00 W, 55, 2505 MHz
2026/09/23 05:03:20.199, 0, 0 %, 0 %, 633 MiB, 49140 MiB, 62.07 W, 300.00 W, 55, 2505 MHz
2026/09/23 05:03:21.200, 0, 0 %, 0 %, 633 MiB, 49140 MiB, 60.61 W, 300.00 W, 54, 2505 MHz
2026/09/23 05:03:22.203, 0, 0 %, 0 %, 633 MiB, 49140 MiB, 60.44 W, 300.00 W, 54, 2505 MHz
2026/09/23 05:03:23.203, 0, 0 %, 0 %, 633 MiB, 49140 MiB, 60.48 W, 300.00 W, 54, 2505 MHz
2026/09/23 05:03:24.204, 0, 0 %, 0 %, 633 MiB, 49140 MiB, 60.69 W, 300.00 W, 54, 2505 MHz
2026/09/23 05:03:25.204, 0, 0 %, 0 %, 633 MiB, 49140 MiB, 60.58 W, 300.00 W, 54, 2505 MHz
2026/09/23 05:03:26.205, 0, 0 %, 0 %, 633 MiB, 49140 MiB, 60.01 W, 300.00 W, 54, 2505 MHz
2026/09/23 05:03:27.205, 0, 0 %, 0 %, 633 MiB, 49140 MiB, 59.89 W, 300.00 W, 53, 2505 MHz
2026/09/23 05:03:28.205, 0, 0 %, 0 %, 633 MiB, 49140 MiB, 60.01 W, 300.00 W, 53, 2505 MHz
2026/09/23 05:03:29.206, 0, 0 %, 0 %, 633 MiB, 49140 MiB, 60.39 W, 300.00 W, 53, 2505 MHz
2026/09/23 05:03:30.206, 0, 0 %, 0 %, 633 MiB, 49140 MiB, 59.52 W, 300.00 W, 53, 2505 MHz
2026/09/23 05:03:31.207, 0, 0 %, 0 %, 633 MiB, 49140 MiB, 59.48 W, 300.00 W, 53, 2505 MHz
2026/09/23 05:03:32.207, 0, 0 %, 0 %, 633 MiB, 49140 MiB, 59.40 W, 300.00 W, 53, 2505 MHz
2026/09/23 05:03:33.208, 0, 0 %, 0 %, 633 MiB, 49140 MiB, 59.37 W, 300.00 W, 53, 2505 MHz
2026/09/23 05:03:34.208, 0, 0 %, 0 %, 633 MiB, 49140 MiB, 59.29 W, 300.00 W, 52, 2505 MHz
2026/09/23 05:03:35.209, 0, 0 %, 0 %, 633 MiB, 49140 MiB, 59.27 W, 300.00 W, 52, 2505 MHz
2026/09/23 05:03:36.209, 0, 0 %, 0 %, 3475 MiB, 49140 MiB, 59.06 W, 300.00 W, 52, 2505 MHz
2026/09/23 05:03:37.209, 0, 1 %, 1 %, 1305 MiB, 49140 MiB, 122.29 W, 300.00 W, 56, 2745 MHz
2026/09/23 05:03:38.210, 0, 45 %, 49 %, 1521 MiB, 49140 MiB, 159.94 W, 300.00 W, 54, 2745 MHz
2026/09/23 05:03:39.210, 0, 63 %, 71 %, 3215 MiB, 49140 MiB, 151.53 W, 300.00 W, 56, 2745 MHz
2026/09/23 05:03:40.211, 0, 62 %, 65 %, 2521 MiB, 49140 MiB, 141.41 W, 300.00 W, 54, 2745 MHz
2026/09/23 05:03:41.211, 0, 0 %, 0 %, 2525 MiB, 49140 MiB, 90.53 W, 300.00 W, 54, 2745 MHz
2026/09/23 05:03:42.213, 0, 28 %, 34 %, 2525 MiB, 49140 MiB, 83.45 W, 300.00 W, 53, 2505 MHz
2026/09/23 05:03:43.213, 0, 0 %, 0 %, 2525 MiB, 49140 MiB, 75.57 W, 300.00 W, 53, 2505 MHz
2026/09/23 05:03:44.213, 0, 0 %, 0 %, 2525 MiB, 49140 MiB, 60.27 W, 300.00 W, 52, 2505 MHz
2026/09/23 05:03:45.214, 0, 0 %, 0 %, 2525 MiB, 49140 MiB, 60.17 W, 300.00 W, 52, 2505 MHz
2026/09/23 05:03:46.214, 0, 0 %, 0 %, 2525 MiB, 49140 MiB, 60.03 W, 300.00 W, 52, 2505 MHz
2026/09/23 05:03:47.215, 0, 0 %, 0 %, 2525 MiB, 49140 MiB, 59.88 W, 300.00 W, 52, 2505 MHz
2026/09/23 05:03:48.216, 0, 0 %, 0 %, 2525 MiB, 49140 MiB, 59.78 W, 300.00 W, 52, 2505 MHz
2026/09/23 05:03:49.217, 0, 0 %, 0 %, 2525 MiB, 49140 MiB, 59.88 W, 300.00 W, 52, 2505 MHz
2026/09/23 05:03:50.217, 0, 0 %, 0 %, 2525 MiB, 49140 MiB, 59.99 W, 300.00 W, 52, 2505 MHz
2026/09/23 05:03:51.218, 0, 0 %, 0 %, 2525 MiB, 49140 MiB, 59.70 W, 300.00 W, 52, 2505 MHz
2026/09/23 05:03:52.218, 0, 0 %, 0 %, 2433 MiB, 49140 MiB, 59.32 W, 300.00 W, 51, 2505 MHz
2026/09/23 05:03:53.219, 0, 0 %, 0 %, 2579 MiB, 49140 MiB, 63.84 W, 300.00 W, 51, 2505 MHz
2026/09/23 05:03:54.219, 0, 0 %, 0 %, 2691 MiB, 49140 MiB, 89.96 W, 300.00 W, 52, 2760 MHz
2026/09/23 05:03:55.220, 0, 0 %, 0 %, 2329 MiB, 49140 MiB, 89.22 W, 300.00 W, 52, 2760 MHz
2026/09/23 05:03:56.220, 0, 0 %, 0 %, 2293 MiB, 49140 MiB, 88.73 W, 300.00 W, 52, 2760 MHz
2026/09/23 05:03:57.221, 0, 0 %, 0 %, 2351 MiB, 49140 MiB, 89.19 W, 300.00 W, 52, 2760 MHz
2026/09/23 05:03:58.221, 0, 51 %, 4 %, 2241 MiB, 49140 MiB, 98.12 W, 300.00 W, 52, 2760 MHz
2026/09/23 05:03:59.221, 0, 2 %, 1 %, 2241 MiB, 49140 MiB, 85.07 W, 300.00 W, 52, 2760 MHz
2026/09/23 05:04:00.222, 0, 0 %, 0 %, 2297 MiB, 49140 MiB, 79.23 W, 300.00 W, 51, 2505 MHz
2026/09/23 05:04:01.222, 0, 0 %, 0 %, 2241 MiB, 49140 MiB, 84.29 W, 300.00 W, 52, 2760 MHz
2026/09/23 05:04:02.223, 0, 0 %, 0 %, 2241 MiB, 49140 MiB, 90.35 W, 300.00 W, 52, 2760 MHz
2026/09/23 05:04:03.223, 0, 0 %, 0 %, 2241 MiB, 49140 MiB, 64.38 W, 300.00 W, 51, 2505 MHz
2026/09/23 05:04:04.224, 0, 0 %, 0 %, 2241 MiB, 49140 MiB, 62.33 W, 300.00 W, 51, 2505 MHz
2026/09/23 05:04:05.224, 0, 0 %, 0 %, 2241 MiB, 49140 MiB, 60.37 W, 300.00 W, 51, 2505 MHz
2026/09/23 05:04:06.225, 0, 0 %, 0 %, 2241 MiB, 49140 MiB, 62.04 W, 300.00 W, 51, 2505 MHz
2026/09/23 05:04:07.225, 0, 0 %, 0 %, 2241 MiB, 49140 MiB, 61.53 W, 300.00 W, 51, 2505 MHz
2026/09/23 05:04:08.226, 0, 0 %, 0 %, 2241 MiB, 49140 MiB, 59.71 W, 300.00 W, 51, 2505 MHz
2026/09/23 05:04:09.226, 0, 1 %, 0 %, 2241 MiB, 49140 MiB, 60.40 W, 300.00 W, 51, 2505 MHz
2026/09/23 05:04:10.226, 0, 6 %, 0 %, 2241 MiB, 49140 MiB, 59.97 W, 300.00 W, 51, 2505 MHz
2026/09/23 05:04:11.227, 0, 4 %, 0 %, 2241 MiB, 49140 MiB, 68.05 W, 300.00 W, 51, 2505 MHz
2026/09/23 05:04:12.227, 0, 0 %, 0 %, 2241 MiB, 49140 MiB, 59.53 W, 300.00 W, 50, 2505 MHz
2026/09/23 05:04:13.228, 0, 0 %, 0 %, 2297 MiB, 49140 MiB, 69.75 W, 300.00 W, 51, 2505 MHz
2026/09/23 05:04:14.228, 0, 0 %, 0 %, 2631 MiB, 49140 MiB, 108.24 W, 300.00 W, 53, 2760 MHz
2026/09/23 05:04:15.229, 0, 0 %, 0 %, 3187 MiB, 49140 MiB, 94.84 W, 300.00 W, 51, 2760 MHz
2026/09/23 05:04:16.231, 0, 90 %, 77 %, 3187 MiB, 49140 MiB, 225.46 W, 300.00 W, 56, 2550 MHz
2026/09/23 05:04:17.232, 0, 89 %, 73 %, 3187 MiB, 49140 MiB, 272.17 W, 300.00 W, 59, 2475 MHz
2026/09/23 05:04:18.233, 0, 89 %, 76 %, 3187 MiB, 49140 MiB, 274.79 W, 300.00 W, 59, 2595 MHz
2026/09/23 05:04:19.234, 0, 81 %, 70 %, 3187 MiB, 49140 MiB, 272.17 W, 300.00 W, 60, 2550 MHz
2026/09/23 05:04:20.235, 0, 85 %, 72 %, 3187 MiB, 49140 MiB, 271.46 W, 300.00 W, 60, 2595 MHz
2026/09/23 05:04:21.235, 0, 81 %, 69 %, 3187 MiB, 49140 MiB, 271.99 W, 300.00 W, 59, 2610 MHz
2026/09/23 05:04:22.236, 0, 85 %, 70 %, 3187 MiB, 49140 MiB, 274.17 W, 300.00 W, 60, 2475 MHz
2026/09/23 05:04:23.237, 0, 83 %, 71 %, 3187 MiB, 49140 MiB, 271.96 W, 300.00 W, 62, 2475 MHz
2026/09/23 05:04:24.238, 0, 86 %, 72 %, 3187 MiB, 49140 MiB, 275.49 W, 300.00 W, 61, 2580 MHz
2026/09/23 05:04:25.238, 0, 87 %, 72 %, 3187 MiB, 49140 MiB, 274.72 W, 300.00 W, 61, 2430 MHz
2026/09/23 05:04:26.239, 0, 88 %, 73 %, 3187 MiB, 49140 MiB, 213.02 W, 300.00 W, 57, 2745 MHz
2026/09/23 05:04:27.240, 0, 0 %, 0 %, 3187 MiB, 49140 MiB, 106.76 W, 300.00 W, 56, 2745 MHz
2026/09/23 05:04:28.240, 0, 0 %, 0 %, 3187 MiB, 49140 MiB, 74.88 W, 300.00 W, 55, 2505 MHz
2026/09/23 05:04:29.240, 0, 0 %, 0 %, 3187 MiB, 49140 MiB, 67.43 W, 300.00 W, 55, 2505 MHz
2026/09/23 05:04:30.241, 0, 0 %, 0 %, 3187 MiB, 49140 MiB, 60.58 W, 300.00 W, 54, 2505 MHz
2026/09/23 05:04:31.241, 0, 0 %, 0 %, 3187 MiB, 49140 MiB, 60.74 W, 300.00 W, 54, 2505 MHz
2026/09/23 05:04:32.242, 0, 0 %, 0 %, 3187 MiB, 49140 MiB, 60.54 W, 300.00 W, 54, 2505 MHz
2026/09/23 05:04:33.242, 0, 0 %, 0 %, 3187 MiB, 49140 MiB, 60.35 W, 300.00 W, 54, 2505 MHz
2026/09/23 05:04:34.243, 0, 0 %, 0 %, 3187 MiB, 49140 MiB, 60.14 W, 300.00 W, 53, 2505 MHz
2026/09/23 05:04:35.244, 0, 0 %, 0 %, 3187 MiB, 49140 MiB, 60.08 W, 300.00 W, 53, 2505 MHz
2026/09/23 05:04:36.244, 0, 0 %, 0 %, 1629 MiB, 49140 MiB, 60.18 W, 300.00 W, 53, 2505 MHz
2026/09/23 05:04:37.245, 0, 74 %, 87 %, 1631 MiB, 49140 MiB, 163.60 W, 300.00 W, 56, 2745 MHz
2026/09/23 05:04:38.246, 0, 87 %, 100 %, 1629 MiB, 49140 MiB, 177.61 W, 300.00 W, 57, 2745 MHz
2026/09/23 05:04:39.247, 0, 68 %, 81 %, 1705 MiB, 49140 MiB, 177.70 W, 300.00 W, 55, 2535 MHz
2026/09/23 05:04:40.248, 0, 57 %, 34 %, 1705 MiB, 49140 MiB, 163.39 W, 300.00 W, 55, 2745 MHz
2026/09/23 05:04:41.249, 0, 0 %, 0 %, 3205 MiB, 49140 MiB, 78.35 W, 300.00 W, 54, 2745 MHz
2026/09/23 05:04:42.249, 0, 80 %, 67 %, 3205 MiB, 49140 MiB, 212.83 W, 300.00 W, 60, 2655 MHz
2026/09/23 05:04:43.250, 0, 85 %, 70 %, 3205 MiB, 49140 MiB, 264.97 W, 300.00 W, 61, 2520 MHz
2026/09/23 05:04:44.252, 0, 84 %, 70 %, 3205 MiB, 49140 MiB, 268.67 W, 300.00 W, 62, 2550 MHz
2026/09/23 05:04:45.253, 0, 89 %, 76 %, 3205 MiB, 49140 MiB, 279.39 W, 300.00 W, 62, 2370 MHz
2026/09/23 05:04:46.253, 0, 87 %, 72 %, 3205 MiB, 49140 MiB, 273.73 W, 300.00 W, 63, 2595 MHz
2026/09/23 05:04:47.254, 0, 81 %, 69 %, 3205 MiB, 49140 MiB, 278.73 W, 300.00 W, 64, 2565 MHz
2026/09/23 05:04:48.255, 0, 86 %, 71 %, 3205 MiB, 49140 MiB, 272.35 W, 300.00 W, 63, 2565 MHz
2026/09/23 05:04:49.255, 0, 89 %, 75 %, 3205 MiB, 49140 MiB, 277.31 W, 300.00 W, 63, 2595 MHz
2026/09/23 05:04:50.257, 0, 86 %, 74 %, 3205 MiB, 49140 MiB, 276.42 W, 300.00 W, 64, 2370 MHz
2026/09/23 05:04:51.257, 0, 80 %, 69 %, 3205 MiB, 49140 MiB, 275.67 W, 300.00 W, 65, 2505 MHz
2026/09/23 05:04:52.258, 0, 82 %, 69 %, 3205 MiB, 49140 MiB, 265.87 W, 300.00 W, 65, 2625 MHz
2026/09/23 05:04:53.258, 0, 0 %, 0 %, 3205 MiB, 49140 MiB, 122.22 W, 300.00 W, 58, 2745 MHz
2026/09/23 05:04:54.259, 0, 0 %, 0 %, 3205 MiB, 49140 MiB, 108.04 W, 300.00 W, 61, 2595 MHz
2026/09/23 05:04:55.260, 0, 79 %, 67 %, 3205 MiB, 49140 MiB, 263.83 W, 300.00 W, 64, 2475 MHz
2026/09/23 05:04:56.260, 0, 85 %, 71 %, 3205 MiB, 49140 MiB, 275.33 W, 300.00 W, 65, 2535 MHz
2026/09/23 05:04:57.261, 0, 84 %, 69 %, 3205 MiB, 49140 MiB, 276.92 W, 300.00 W, 65, 2535 MHz
2026/09/23 05:04:58.262, 0, 85 %, 73 %, 3205 MiB, 49140 MiB, 276.08 W, 300.00 W, 66, 2385 MHz
2026/09/23 05:04:59.262, 0, 84 %, 72 %, 3205 MiB, 49140 MiB, 276.71 W, 300.00 W, 67, 2505 MHz
2026/09/23 05:05:00.263, 0, 83 %, 69 %, 3205 MiB, 49140 MiB, 275.38 W, 300.00 W, 67, 2505 MHz
2026/09/23 05:05:01.264, 0, 80 %, 67 %, 3205 MiB, 49140 MiB, 278.75 W, 300.00 W, 67, 2505 MHz
2026/09/23 05:05:02.265, 0, 87 %, 72 %, 3205 MiB, 49140 MiB, 276.34 W, 300.00 W, 66, 2535 MHz
2026/09/23 05:05:03.266, 0, 88 %, 73 %, 3205 MiB, 49140 MiB, 277.02 W, 300.00 W, 65, 2595 MHz
2026/09/23 05:05:04.267, 0, 86 %, 72 %, 3205 MiB, 49140 MiB, 277.93 W, 300.00 W, 66, 2505 MHz
2026/09/23 05:05:05.267, 0, 64 %, 37 %, 3205 MiB, 49140 MiB, 252.17 W, 300.00 W, 65, 2745 MHz
2026/09/23 05:05:06.267, 0, 0 %, 0 %, 3205 MiB, 49140 MiB, 125.44 W, 300.00 W, 66, 2565 MHz
2026/09/23 05:05:07.268, 0, 87 %, 73 %, 3205 MiB, 49140 MiB, 273.19 W, 300.00 W, 66, 2520 MHz
2026/09/23 05:05:08.269, 0, 90 %, 73 %, 3205 MiB, 49140 MiB, 274.11 W, 300.00 W, 66, 2595 MHz
2026/09/23 05:05:09.270, 0, 84 %, 70 %, 3205 MiB, 49140 MiB, 275.57 W, 300.00 W, 67, 2535 MHz
2026/09/23 05:05:10.271, 0, 84 %, 73 %, 3205 MiB, 49140 MiB, 272.53 W, 300.00 W, 67, 2565 MHz
2026/09/23 05:05:11.272, 0, 87 %, 72 %, 3205 MiB, 49140 MiB, 274.05 W, 300.00 W, 67, 2550 MHz
2026/09/23 05:05:12.273, 0, 83 %, 71 %, 3205 MiB, 49140 MiB, 273.55 W, 300.00 W, 67, 2505 MHz
2026/09/23 05:05:13.275, 0, 85 %, 73 %, 3205 MiB, 49140 MiB, 274.15 W, 300.00 W, 66, 2490 MHz
2026/09/23 05:05:14.276, 0, 89 %, 73 %, 3205 MiB, 49140 MiB, 276.16 W, 300.00 W, 67, 2460 MHz
2026/09/23 05:05:15.278, 0, 85 %, 70 %, 3205 MiB, 49140 MiB, 275.75 W, 300.00 W, 68, 2520 MHz
2026/09/23 05:05:16.279, 0, 85 %, 68 %, 3205 MiB, 49140 MiB, 276.04 W, 300.00 W, 68, 2595 MHz
2026/09/23 05:05:17.279, 0, 61 %, 36 %, 3205 MiB, 49140 MiB, 244.29 W, 300.00 W, 65, 2730 MHz
2026/09/23 05:05:18.280, 0, 0 %, 0 %, 3205 MiB, 49140 MiB, 85.79 W, 300.00 W, 62, 2745 MHz
2026/09/23 05:05:19.281, 0, 0 %, 0 %, 3205 MiB, 49140 MiB, 150.02 W, 300.00 W, 68, 2505 MHz
2026/09/23 05:05:20.282, 0, 84 %, 68 %, 3205 MiB, 49140 MiB, 272.46 W, 300.00 W, 67, 2550 MHz
2026/09/23 05:05:21.283, 0, 87 %, 73 %, 3205 MiB, 49140 MiB, 276.20 W, 300.00 W, 68, 2550 MHz
2026/09/23 05:05:22.284, 0, 82 %, 68 %, 3205 MiB, 49140 MiB, 276.87 W, 300.00 W, 69, 2415 MHz
2026/09/23 05:05:23.285, 0, 81 %, 66 %, 3205 MiB, 49140 MiB, 272.95 W, 300.00 W, 68, 2490 MHz
2026/09/23 05:05:24.285, 0, 83 %, 69 %, 3205 MiB, 49140 MiB, 274.37 W, 300.00 W, 69, 2505 MHz
2026/09/23 05:05:25.286, 0, 84 %, 71 %, 3205 MiB, 49140 MiB, 274.09 W, 300.00 W, 70, 2550 MHz
2026/09/23 05:05:26.287, 0, 82 %, 69 %, 3205 MiB, 49140 MiB, 271.80 W, 300.00 W, 68, 2490 MHz
2026/09/23 05:05:27.288, 0, 85 %, 73 %, 3205 MiB, 49140 MiB, 276.07 W, 300.00 W, 69, 2550 MHz
2026/09/23 05:05:28.288, 0, 89 %, 73 %, 3205 MiB, 49140 MiB, 273.54 W, 300.00 W, 69, 2460 MHz
2026/09/23 05:05:29.289, 0, 89 %, 76 %, 3205 MiB, 49140 MiB, 273.89 W, 300.00 W, 69, 2505 MHz
2026/09/23 05:05:30.290, 0, 64 %, 37 %, 3205 MiB, 49140 MiB, 235.87 W, 300.00 W, 65, 2730 MHz
2026/09/23 05:05:31.291, 0, 0 %, 0 %, 3205 MiB, 49140 MiB, 84.16 W, 300.00 W, 63, 2745 MHz
2026/09/23 05:05:32.292, 0, 80 %, 66 %, 3205 MiB, 49140 MiB, 175.60 W, 300.00 W, 68, 2565 MHz
2026/09/23 05:05:33.292, 0, 81 %, 69 %, 3205 MiB, 49140 MiB, 273.69 W, 300.00 W, 69, 2430 MHz
2026/09/23 05:05:34.293, 0, 81 %, 67 %, 3205 MiB, 49140 MiB, 273.00 W, 300.00 W, 68, 2535 MHz
2026/09/23 05:05:35.295, 0, 87 %, 75 %, 3205 MiB, 49140 MiB, 273.67 W, 300.00 W, 69, 2490 MHz
2026/09/23 05:05:36.295, 0, 77 %, 65 %, 3205 MiB, 49140 MiB, 273.17 W, 300.00 W, 69, 2520 MHz
2026/09/23 05:05:37.296, 0, 80 %, 68 %, 3205 MiB, 49140 MiB, 273.14 W, 300.00 W, 70, 2475 MHz
2026/09/23 05:05:38.298, 0, 78 %, 66 %, 3205 MiB, 49140 MiB, 273.21 W, 300.00 W, 70, 2610 MHz
2026/09/23 05:05:39.299, 0, 85 %, 68 %, 3205 MiB, 49140 MiB, 272.73 W, 300.00 W, 69, 2535 MHz
2026/09/23 05:05:40.300, 0, 83 %, 70 %, 3205 MiB, 49140 MiB, 275.91 W, 300.00 W, 70, 2505 MHz
2026/09/23 05:05:41.301, 0, 91 %, 74 %, 3205 MiB, 49140 MiB, 276.43 W, 300.00 W, 70, 2520 MHz
2026/09/23 05:05:42.302, 0, 84 %, 71 %, 3205 MiB, 49140 MiB, 275.66 W, 300.00 W, 69, 2505 MHz
2026/09/23 05:05:43.302, 0, 58 %, 34 %, 3205 MiB, 49140 MiB, 202.84 W, 300.00 W, 64, 2730 MHz
2026/09/23 05:05:44.303, 0, 0 %, 0 %, 3205 MiB, 49140 MiB, 84.57 W, 300.00 W, 63, 2745 MHz
2026/09/23 05:05:45.304, 0, 0 %, 0 %, 3205 MiB, 49140 MiB, 156.77 W, 300.00 W, 68, 2535 MHz
2026/09/23 05:05:46.305, 0, 85 %, 70 %, 3205 MiB, 49140 MiB, 275.20 W, 300.00 W, 69, 2400 MHz
2026/09/23 05:05:47.305, 0, 87 %, 72 %, 3205 MiB, 49140 MiB, 274.30 W, 300.00 W, 69, 2520 MHz
2026/09/23 05:05:48.306, 0, 85 %, 70 %, 3205 MiB, 49140 MiB, 275.16 W, 300.00 W, 68, 2355 MHz
2026/09/23 05:05:49.306, 0, 84 %, 70 %, 3205 MiB, 49140 MiB, 274.48 W, 300.00 W, 69, 2490 MHz
2026/09/23 05:05:50.307, 0, 84 %, 71 %, 3205 MiB, 49140 MiB, 275.62 W, 300.00 W, 68, 2400 MHz
2026/09/23 05:05:51.308, 0, 86 %, 73 %, 3205 MiB, 49140 MiB, 274.55 W, 300.00 W, 70, 2490 MHz
2026/09/23 05:05:52.309, 0, 87 %, 75 %, 3205 MiB, 49140 MiB, 277.29 W, 300.00 W, 71, 2580 MHz
2026/09/23 05:05:53.310, 0, 88 %, 71 %, 3205 MiB, 49140 MiB, 274.23 W, 300.00 W, 70, 2475 MHz
2026/09/23 05:05:54.312, 0, 91 %, 76 %, 3205 MiB, 49140 MiB, 274.82 W, 300.00 W, 70, 2430 MHz
2026/09/23 05:05:55.312, 0, 55 %, 32 %, 3205 MiB, 49140 MiB, 265.33 W, 300.00 W, 70, 2700 MHz
2026/09/23 05:05:56.313, 0, 0 %, 0 %, 3205 MiB, 49140 MiB, 114.25 W, 300.00 W, 64, 2730 MHz
2026/09/23 05:05:57.313, 0, 83 %, 69 %, 3205 MiB, 49140 MiB, 127.07 W, 300.00 W, 68, 2490 MHz
2026/09/23 05:05:58.314, 0, 81 %, 69 %, 3205 MiB, 49140 MiB, 275.11 W, 300.00 W, 69, 2460 MHz
2026/09/23 05:05:59.314, 0, 84 %, 69 %, 3205 MiB, 49140 MiB, 277.44 W, 300.00 W, 69, 2535 MHz
2026/09/23 05:06:00.315, 0, 85 %, 72 %, 3205 MiB, 49140 MiB, 276.76 W, 300.00 W, 71, 2520 MHz
2026/09/23 05:06:01.316, 0, 87 %, 73 %, 3205 MiB, 49140 MiB, 276.90 W, 300.00 W, 70, 2460 MHz
2026/09/23 05:06:02.317, 0, 88 %, 72 %, 3205 MiB, 49140 MiB, 280.40 W, 300.00 W, 70, 2295 MHz
2026/09/23 05:06:03.320, 0, 90 %, 74 %, 3205 MiB, 49140 MiB, 276.48 W, 300.00 W, 71, 2520 MHz
2026/09/23 05:06:04.321, 0, 86 %, 70 %, 3205 MiB, 49140 MiB, 280.17 W, 300.00 W, 71, 2475 MHz
2026/09/23 05:06:05.321, 0, 83 %, 68 %, 3205 MiB, 49140 MiB, 277.28 W, 300.00 W, 70, 2385 MHz
2026/09/23 05:06:06.322, 0, 87 %, 72 %, 3205 MiB, 49140 MiB, 278.98 W, 300.00 W, 71, 2505 MHz
2026/09/23 05:06:07.323, 0, 82 %, 70 %, 3205 MiB, 49140 MiB, 278.03 W, 300.00 W, 71, 2475 MHz
2026/09/23 05:06:08.324, 0, 18 %, 8 %, 3205 MiB, 49140 MiB, 247.69 W, 300.00 W, 66, 2730 MHz
2026/09/23 05:06:09.324, 0, 0 %, 0 %, 3205 MiB, 49140 MiB, 89.12 W, 300.00 W, 64, 2745 MHz
2026/09/23 05:06:10.325, 0, 85 %, 72 %, 3205 MiB, 49140 MiB, 144.59 W, 300.00 W, 68, 2475 MHz
2026/09/23 05:06:11.325, 0, 85 %, 73 %, 3205 MiB, 49140 MiB, 268.89 W, 300.00 W, 70, 2520 MHz
2026/09/23 05:06:12.326, 0, 88 %, 73 %, 3205 MiB, 49140 MiB, 276.29 W, 300.00 W, 69, 2520 MHz
2026/09/23 05:06:13.327, 0, 88 %, 74 %, 3205 MiB, 49140 MiB, 275.10 W, 300.00 W, 70, 2490 MHz
2026/09/23 05:06:14.327, 0, 88 %, 73 %, 3205 MiB, 49140 MiB, 277.52 W, 300.00 W, 70, 2370 MHz
2026/09/23 05:06:15.328, 0, 85 %, 69 %, 3205 MiB, 49140 MiB, 275.03 W, 300.00 W, 70, 2475 MHz
2026/09/23 05:06:16.329, 0, 86 %, 71 %, 3205 MiB, 49140 MiB, 275.01 W, 300.00 W, 69, 2550 MHz
2026/09/23 05:06:17.330, 0, 84 %, 71 %, 3205 MiB, 49140 MiB, 272.61 W, 300.00 W, 70, 2580 MHz
2026/09/23 05:06:18.330, 0, 86 %, 70 %, 3205 MiB, 49140 MiB, 276.50 W, 300.00 W, 70, 2460 MHz
2026/09/23 05:06:19.331, 0, 86 %, 73 %, 3205 MiB, 49140 MiB, 273.86 W, 300.00 W, 70, 2505 MHz
2026/09/23 05:06:20.332, 0, 84 %, 68 %, 3205 MiB, 49140 MiB, 276.16 W, 300.00 W, 71, 2460 MHz
2026/09/23 05:06:21.333, 0, 9 %, 0 %, 3205 MiB, 49140 MiB, 222.02 W, 300.00 W, 65, 2730 MHz
2026/09/23 05:06:22.333, 0, 0 %, 0 %, 3205 MiB, 49140 MiB, 85.44 W, 300.00 W, 64, 2745 MHz
2026/09/23 05:06:23.334, 0, 84 %, 71 %, 3205 MiB, 49140 MiB, 168.02 W, 300.00 W, 70, 2475 MHz
2026/09/23 05:06:24.335, 0, 88 %, 75 %, 3205 MiB, 49140 MiB, 272.78 W, 300.00 W, 71, 2460 MHz
2026/09/23 05:06:25.336, 0, 82 %, 66 %, 3205 MiB, 49140 MiB, 275.04 W, 300.00 W, 70, 2475 MHz
2026/09/23 05:06:26.337, 0, 79 %, 66 %, 3205 MiB, 49140 MiB, 275.69 W, 300.00 W, 69, 2520 MHz
2026/09/23 05:06:27.337, 0, 89 %, 73 %, 3205 MiB, 49140 MiB, 276.12 W, 300.00 W, 71, 2325 MHz
2026/09/23 05:06:28.338, 0, 91 %, 74 %, 3205 MiB, 49140 MiB, 277.49 W, 300.00 W, 70, 2520 MHz
2026/09/23 05:06:29.339, 0, 78 %, 65 %, 3205 MiB, 49140 MiB, 275.32 W, 300.00 W, 70, 2475 MHz
2026/09/23 05:06:30.340, 0, 88 %, 75 %, 3205 MiB, 49140 MiB, 276.37 W, 300.00 W, 71, 2460 MHz
2026/09/23 05:06:31.341, 0, 86 %, 72 %, 3205 MiB, 49140 MiB, 276.18 W, 300.00 W, 71, 2505 MHz
2026/09/23 05:06:32.342, 0, 82 %, 70 %, 3205 MiB, 49140 MiB, 275.94 W, 300.00 W, 72, 2415 MHz
2026/09/23 05:06:33.342, 0, 83 %, 68 %, 3205 MiB, 49140 MiB, 274.27 W, 300.00 W, 71, 2475 MHz
2026/09/23 05:06:34.345, 0, 0 %, 0 %, 3205 MiB, 49140 MiB, 201.69 W, 300.00 W, 65, 2700 MHz
2026/09/23 05:06:35.345, 0, 0 %, 0 %, 3205 MiB, 49140 MiB, 83.09 W, 300.00 W, 64, 2700 MHz
2026/09/23 05:06:36.345, 0, 83 %, 69 %, 3205 MiB, 49140 MiB, 176.29 W, 300.00 W, 68, 2550 MHz
2026/09/23 05:06:37.347, 0, 86 %, 74 %, 3205 MiB, 49140 MiB, 272.10 W, 300.00 W, 70, 2460 MHz
2026/09/23 05:06:38.348, 0, 84 %, 71 %, 3205 MiB, 49140 MiB, 271.19 W, 300.00 W, 70, 2580 MHz
2026/09/23 05:06:39.349, 0, 84 %, 69 %, 3205 MiB, 49140 MiB, 273.27 W, 300.00 W, 69, 2475 MHz
2026/09/23 05:06:40.349, 0, 89 %, 73 %, 3205 MiB, 49140 MiB, 274.60 W, 300.00 W, 70, 2430 MHz
2026/09/23 05:06:41.350, 0, 81 %, 69 %, 3205 MiB, 49140 MiB, 272.40 W, 300.00 W, 71, 2550 MHz
2026/09/23 05:06:42.351, 0, 80 %, 68 %, 3205 MiB, 49140 MiB, 272.29 W, 300.00 W, 71, 2475 MHz
2026/09/23 05:06:43.354, 0, 83 %, 68 %, 3205 MiB, 49140 MiB, 271.64 W, 300.00 W, 69, 2505 MHz
2026/09/23 05:06:44.355, 0, 83 %, 69 %, 3205 MiB, 49140 MiB, 274.21 W, 300.00 W, 71, 2490 MHz
2026/09/23 05:06:45.356, 0, 87 %, 73 %, 3205 MiB, 49140 MiB, 273.98 W, 300.00 W, 69, 2520 MHz
2026/09/23 05:06:46.357, 0, 67 %, 48 %, 3205 MiB, 49140 MiB, 269.17 W, 300.00 W, 70, 2700 MHz
2026/09/23 05:06:47.358, 0, 0 %, 0 %, 3205 MiB, 49140 MiB, 178.57 W, 300.00 W, 65, 2730 MHz
2026/09/23 05:06:48.358, 0, 0 %, 0 %, 3205 MiB, 49140 MiB, 85.07 W, 300.00 W, 64, 2745 MHz
2026/09/23 05:06:49.359, 0, 81 %, 67 %, 3205 MiB, 49140 MiB, 204.04 W, 300.00 W, 69, 2490 MHz
2026/09/23 05:06:50.360, 0, 80 %, 68 %, 3205 MiB, 49140 MiB, 274.59 W, 300.00 W, 70, 2535 MHz
2026/09/23 05:06:51.360, 0, 84 %, 72 %, 3205 MiB, 49140 MiB, 277.83 W, 300.00 W, 71, 2400 MHz
2026/09/23 05:06:52.362, 0, 87 %, 70 %, 3205 MiB, 49140 MiB, 279.43 W, 300.00 W, 70, 2490 MHz
2026/09/23 05:06:53.362, 0, 80 %, 67 %, 3205 MiB, 49140 MiB, 275.80 W, 300.00 W, 70, 2520 MHz
2026/09/23 05:06:54.363, 0, 85 %, 70 %, 3205 MiB, 49140 MiB, 279.38 W, 300.00 W, 70, 2475 MHz
2026/09/23 05:06:55.364, 0, 87 %, 74 %, 3205 MiB, 49140 MiB, 280.05 W, 300.00 W, 72, 2430 MHz
2026/09/23 05:06:56.364, 0, 88 %, 71 %, 3205 MiB, 49140 MiB, 279.08 W, 300.00 W, 72, 2280 MHz
2026/09/23 05:06:57.365, 0, 84 %, 68 %, 3205 MiB, 49140 MiB, 277.76 W, 300.00 W, 70, 2415 MHz
2026/09/23 05:06:58.366, 0, 90 %, 75 %, 3205 MiB, 49140 MiB, 277.90 W, 300.00 W, 71, 2520 MHz
2026/09/23 05:06:59.367, 0, 52 %, 31 %, 3205 MiB, 49140 MiB, 270.02 W, 300.00 W, 72, 2640 MHz
2026/09/23 05:07:00.367, 0, 0 %, 0 %, 3205 MiB, 49140 MiB, 151.20 W, 300.00 W, 65, 2730 MHz
2026/09/23 05:07:01.368, 0, 66 %, 58 %, 3205 MiB, 49140 MiB, 87.90 W, 300.00 W, 68, 2550 MHz
2026/09/23 05:07:02.368, 0, 82 %, 69 %, 3205 MiB, 49140 MiB, 276.84 W, 300.00 W, 71, 2340 MHz
2026/09/23 05:07:03.370, 0, 86 %, 70 %, 3205 MiB, 49140 MiB, 281.21 W, 300.00 W, 69, 2460 MHz
2026/09/23 05:07:04.371, 0, 89 %, 74 %, 3205 MiB, 49140 MiB, 281.32 W, 300.00 W, 71, 2460 MHz
2026/09/23 05:07:05.373, 0, 85 %, 70 %, 3205 MiB, 49140 MiB, 279.96 W, 300.00 W, 69, 2535 MHz
2026/09/23 05:07:06.373, 0, 84 %, 72 %, 3205 MiB, 49140 MiB, 279.90 W, 300.00 W, 72, 2580 MHz
2026/09/23 05:07:07.374, 0, 86 %, 73 %, 3205 MiB, 49140 MiB, 280.23 W, 300.00 W, 71, 2475 MHz
2026/09/23 05:07:08.375, 0, 90 %, 76 %, 3205 MiB, 49140 MiB, 280.33 W, 300.00 W, 72, 2520 MHz
2026/09/23 05:07:09.376, 0, 85 %, 72 %, 3205 MiB, 49140 MiB, 284.15 W, 300.00 W, 71, 2460 MHz
2026/09/23 05:07:10.377, 0, 85 %, 70 %, 3205 MiB, 49140 MiB, 282.74 W, 300.00 W, 72, 2460 MHz
2026/09/23 05:07:11.377, 0, 77 %, 65 %, 3205 MiB, 49140 MiB, 281.21 W, 300.00 W, 71, 2415 MHz
2026/09/23 05:07:12.378, 0, 53 %, 31 %, 3205 MiB, 49140 MiB, 266.47 W, 300.00 W, 71, 2685 MHz
2026/09/23 05:07:13.380, 0, 0 %, 0 %, 3205 MiB, 49140 MiB, 121.35 W, 300.00 W, 65, 2745 MHz
2026/09/23 05:07:14.380, 0, 84 %, 68 %, 3205 MiB, 49140 MiB, 110.46 W, 300.00 W, 69, 2505 MHz
2026/09/23 05:07:15.381, 0, 87 %, 71 %, 3205 MiB, 49140 MiB, 271.61 W, 300.00 W, 69, 2505 MHz
2026/09/23 05:07:16.382, 0, 85 %, 71 %, 3205 MiB, 49140 MiB, 271.21 W, 300.00 W, 70, 2490 MHz
2026/09/23 05:07:17.383, 0, 83 %, 71 %, 3205 MiB, 49140 MiB, 273.48 W, 300.00 W, 71, 2475 MHz
2026/09/23 05:07:18.383, 0, 85 %, 73 %, 3205 MiB, 49140 MiB, 275.42 W, 300.00 W, 71, 2415 MHz
2026/09/23 05:07:19.384, 0, 87 %, 75 %, 3205 MiB, 49140 MiB, 276.84 W, 300.00 W, 71, 2535 MHz
2026/09/23 05:07:20.385, 0, 84 %, 68 %, 3205 MiB, 49140 MiB, 274.74 W, 300.00 W, 70, 2580 MHz
2026/09/23 05:07:21.386, 0, 91 %, 75 %, 3205 MiB, 49140 MiB, 273.03 W, 300.00 W, 71, 2490 MHz
2026/09/23 05:07:22.387, 0, 86 %, 72 %, 3205 MiB, 49140 MiB, 273.61 W, 300.00 W, 70, 2460 MHz
2026/09/23 05:07:23.388, 0, 87 %, 73 %, 3205 MiB, 49140 MiB, 275.76 W, 300.00 W, 72, 2460 MHz
2026/09/23 05:07:24.388, 0, 81 %, 68 %, 3205 MiB, 49140 MiB, 275.60 W, 300.00 W, 71, 2415 MHz
2026/09/23 05:07:25.390, 0, 56 %, 33 %, 3205 MiB, 49140 MiB, 260.91 W, 300.00 W, 71, 2730 MHz
2026/09/23 05:07:26.390, 0, 68 %, 55 %, 3205 MiB, 49140 MiB, 115.84 W, 300.00 W, 69, 2505 MHz
2026/09/23 05:07:27.391, 0, 90 %, 76 %, 3205 MiB, 49140 MiB, 264.19 W, 300.00 W, 71, 2520 MHz
2026/09/23 05:07:28.391, 0, 87 %, 73 %, 3205 MiB, 49140 MiB, 270.54 W, 300.00 W, 70, 2475 MHz
2026/09/23 05:07:29.392, 0, 82 %, 69 %, 3205 MiB, 49140 MiB, 271.80 W, 300.00 W, 71, 2580 MHz
2026/09/23 05:07:30.393, 0, 88 %, 73 %, 3205 MiB, 49140 MiB, 274.23 W, 300.00 W, 70, 2490 MHz
2026/09/23 05:07:31.394, 0, 82 %, 70 %, 3205 MiB, 49140 MiB, 276.38 W, 300.00 W, 71, 2550 MHz
2026/09/23 05:07:32.394, 0, 91 %, 76 %, 3205 MiB, 49140 MiB, 275.23 W, 300.00 W, 71, 2565 MHz
2026/09/23 05:07:33.395, 0, 84 %, 69 %, 3205 MiB, 49140 MiB, 274.38 W, 300.00 W, 70, 2475 MHz
2026/09/23 05:07:34.396, 0, 84 %, 72 %, 3205 MiB, 49140 MiB, 273.65 W, 300.00 W, 71, 2460 MHz
2026/09/23 05:07:35.397, 0, 87 %, 73 %, 3205 MiB, 49140 MiB, 275.27 W, 300.00 W, 71, 2565 MHz
2026/09/23 05:07:36.398, 0, 84 %, 71 %, 3205 MiB, 49140 MiB, 273.95 W, 300.00 W, 70, 2490 MHz
2026/09/23 05:07:37.399, 0, 56 %, 33 %, 3205 MiB, 49140 MiB, 266.20 W, 300.00 W, 72, 2610 MHz
2026/09/23 05:07:38.399, 0, 44 %, 36 %, 3205 MiB, 49140 MiB, 128.12 W, 300.00 W, 68, 2445 MHz
2026/09/23 05:07:39.400, 0, 88 %, 71 %, 3205 MiB, 49140 MiB, 264.54 W, 300.00 W, 72, 2430 MHz
2026/09/23 05:07:40.401, 0, 81 %, 67 %, 3205 MiB, 49140 MiB, 276.96 W, 300.00 W, 70, 2520 MHz
2026/09/23 05:07:41.403, 0, 81 %, 69 %, 3205 MiB, 49140 MiB, 277.69 W, 300.00 W, 71, 2535 MHz
2026/09/23 05:07:42.404, 0, 90 %, 74 %, 3205 MiB, 49140 MiB, 280.61 W, 300.00 W, 72, 2505 MHz
2026/09/23 05:07:43.405, 0, 88 %, 74 %, 3205 MiB, 49140 MiB, 279.62 W, 300.00 W, 70, 2505 MHz
2026/09/23 05:07:44.405, 0, 86 %, 72 %, 3205 MiB, 49140 MiB, 278.22 W, 300.00 W, 71, 2490 MHz
2026/09/23 05:07:45.407, 0, 81 %, 68 %, 3205 MiB, 49140 MiB, 277.30 W, 300.00 W, 72, 2400 MHz
2026/09/23 05:07:46.408, 0, 84 %, 70 %, 3205 MiB, 49140 MiB, 275.91 W, 300.00 W, 71, 2550 MHz
2026/09/23 05:07:47.409, 0, 80 %, 67 %, 3205 MiB, 49140 MiB, 276.75 W, 300.00 W, 71, 2400 MHz
2026/09/23 05:07:48.410, 0, 87 %, 75 %, 3205 MiB, 49140 MiB, 278.75 W, 300.00 W, 72, 2535 MHz
2026/09/23 05:07:49.410, 0, 60 %, 35 %, 3205 MiB, 49140 MiB, 268.52 W, 300.00 W, 71, 2730 MHz
2026/09/23 05:07:50.411, 0, 0 %, 0 %, 3205 MiB, 49140 MiB, 114.77 W, 300.00 W, 65, 2745 MHz
2026/09/23 05:07:51.412, 0, 81 %, 68 %, 3205 MiB, 49140 MiB, 128.17 W, 300.00 W, 70, 2550 MHz
2026/09/23 05:07:52.412, 0, 87 %, 72 %, 3205 MiB, 49140 MiB, 278.77 W, 300.00 W, 70, 2580 MHz
2026/09/23 05:07:53.413, 0, 88 %, 74 %, 3205 MiB, 49140 MiB, 277.08 W, 300.00 W, 70, 2520 MHz
2026/09/23 05:07:54.414, 0, 86 %, 70 %, 3205 MiB, 49140 MiB, 279.07 W, 300.00 W, 69, 2460 MHz
2026/09/23 05:07:55.416, 0, 81 %, 66 %, 3205 MiB, 49140 MiB, 276.73 W, 300.00 W, 71, 2490 MHz
2026/09/23 05:07:56.417, 0, 84 %, 72 %, 3205 MiB, 49140 MiB, 275.52 W, 300.00 W, 71, 2580 MHz
2026/09/23 05:07:57.418, 0, 84 %, 72 %, 3205 MiB, 49140 MiB, 278.74 W, 300.00 W, 72, 2295 MHz
2026/09/23 05:07:58.418, 0, 84 %, 69 %, 3205 MiB, 49140 MiB, 277.14 W, 300.00 W, 70, 2580 MHz
2026/09/23 05:07:59.419, 0, 83 %, 71 %, 3205 MiB, 49140 MiB, 276.14 W, 300.00 W, 71, 2505 MHz
2026/09/23 05:08:00.420, 0, 87 %, 73 %, 3205 MiB, 49140 MiB, 278.97 W, 300.00 W, 70, 2535 MHz
2026/09/23 05:08:01.420, 0, 85 %, 70 %, 3205 MiB, 49140 MiB, 279.72 W, 300.00 W, 70, 2595 MHz
2026/09/23 05:08:02.421, 0, 6 %, 0 %, 3205 MiB, 49140 MiB, 247.87 W, 300.00 W, 67, 2730 MHz
2026/09/23 05:08:03.422, 0, 0 %, 0 %, 3205 MiB, 49140 MiB, 87.09 W, 300.00 W, 65, 2745 MHz
2026/09/23 05:08:04.423, 0, 83 %, 70 %, 3205 MiB, 49140 MiB, 149.13 W, 300.00 W, 71, 2460 MHz
2026/09/23 05:08:05.424, 0, 87 %, 72 %, 3205 MiB, 49140 MiB, 279.37 W, 300.00 W, 71, 2445 MHz
2026/09/23 05:08:06.425, 0, 81 %, 68 %, 3205 MiB, 49140 MiB, 277.13 W, 300.00 W, 70, 2520 MHz
2026/09/23 05:08:07.427, 0, 86 %, 71 %, 3205 MiB, 49140 MiB, 278.08 W, 300.00 W, 71, 2400 MHz
2026/09/23 05:08:08.428, 0, 84 %, 71 %, 3205 MiB, 49140 MiB, 276.49 W, 300.00 W, 71, 2475 MHz
2026/09/23 05:08:09.430, 0, 82 %, 70 %, 3205 MiB, 49140 MiB, 277.62 W, 300.00 W, 71, 2475 MHz
2026/09/23 05:08:10.430, 0, 78 %, 65 %, 3205 MiB, 49140 MiB, 275.57 W, 300.00 W, 72, 2475 MHz
2026/09/23 05:08:11.431, 0, 82 %, 69 %, 3205 MiB, 49140 MiB, 278.13 W, 300.00 W, 72, 2445 MHz
2026/09/23 05:08:12.432, 0, 86 %, 69 %, 3205 MiB, 49140 MiB, 278.40 W, 300.00 W, 71, 2550 MHz
2026/09/23 05:08:13.433, 0, 84 %, 71 %, 3205 MiB, 49140 MiB, 278.66 W, 300.00 W, 71, 2535 MHz
2026/09/23 05:08:14.436, 0, 87 %, 73 %, 3205 MiB, 49140 MiB, 274.88 W, 300.00 W, 72, 2535 MHz
2026/09/23 05:08:15.436, 0, 9 %, 0 %, 3205 MiB, 49140 MiB, 220.62 W, 300.00 W, 66, 2700 MHz
2026/09/23 05:08:16.437, 0, 0 %, 0 %, 3205 MiB, 49140 MiB, 83.16 W, 300.00 W, 65, 2700 MHz
2026/09/23 05:08:17.437, 0, 85 %, 72 %, 3205 MiB, 49140 MiB, 177.18 W, 300.00 W, 70, 2580 MHz
2026/09/23 05:08:18.438, 0, 91 %, 75 %, 3205 MiB, 49140 MiB, 279.24 W, 300.00 W, 70, 2505 MHz
2026/09/23 05:08:19.438, 0, 86 %, 73 %, 3205 MiB, 49140 MiB, 276.09 W, 300.00 W, 71, 2505 MHz
2026/09/23 05:08:20.439, 0, 83 %, 68 %, 3205 MiB, 49140 MiB, 275.77 W, 300.00 W, 70, 2475 MHz
2026/09/23 05:08:21.440, 0, 84 %, 71 %, 3205 MiB, 49140 MiB, 274.27 W, 300.00 W, 71, 2475 MHz
2026/09/23 05:08:22.441, 0, 80 %, 68 %, 3205 MiB, 49140 MiB, 276.60 W, 300.00 W, 72, 2370 MHz
2026/09/23 05:08:23.442, 0, 90 %, 73 %, 3205 MiB, 49140 MiB, 274.75 W, 300.00 W, 71, 2520 MHz
2026/09/23 05:08:24.444, 0, 90 %, 73 %, 3205 MiB, 49140 MiB, 275.07 W, 300.00 W, 71, 2370 MHz
2026/09/23 05:08:25.445, 0, 86 %, 73 %, 3205 MiB, 49140 MiB, 276.00 W, 300.00 W, 71, 2535 MHz
2026/09/23 05:08:26.446, 0, 83 %, 69 %, 3205 MiB, 49140 MiB, 275.54 W, 300.00 W, 71, 2475 MHz
2026/09/23 05:08:27.446, 0, 84 %, 70 %, 3205 MiB, 49140 MiB, 272.64 W, 300.00 W, 71, 2655 MHz
2026/09/23 05:08:28.447, 0, 0 %, 0 %, 3205 MiB, 49140 MiB, 181.09 W, 300.00 W, 65, 2595 MHz
2026/09/23 05:08:29.447, 0, 86 %, 69 %, 3205 MiB, 49140 MiB, 183.98 W, 300.00 W, 70, 2595 MHz
2026/09/23 05:08:30.448, 0, 85 %, 70 %, 3205 MiB, 49140 MiB, 272.70 W, 300.00 W, 70, 2505 MHz
2026/09/23 05:08:31.449, 0, 83 %, 71 %, 3205 MiB, 49140 MiB, 272.66 W, 300.00 W, 70, 2550 MHz
2026/09/23 05:08:32.450, 0, 87 %, 74 %, 3205 MiB, 49140 MiB, 273.63 W, 300.00 W, 70, 2430 MHz
2026/09/23 05:08:33.451, 0, 84 %, 70 %, 3205 MiB, 49140 MiB, 273.47 W, 300.00 W, 70, 2580 MHz
2026/09/23 05:08:34.452, 0, 90 %, 74 %, 3205 MiB, 49140 MiB, 271.73 W, 300.00 W, 71, 2415 MHz
2026/09/23 05:08:35.452, 0, 86 %, 72 %, 3205 MiB, 49140 MiB, 271.86 W, 300.00 W, 72, 2370 MHz
2026/09/23 05:08:36.454, 0, 86 %, 72 %, 3205 MiB, 49140 MiB, 273.98 W, 300.00 W, 71, 2475 MHz
2026/09/23 05:08:37.455, 0, 83 %, 69 %, 3205 MiB, 49140 MiB, 271.19 W, 300.00 W, 70, 2445 MHz
2026/09/23 05:08:38.455, 0, 89 %, 73 %, 3205 MiB, 49140 MiB, 273.52 W, 300.00 W, 71, 2445 MHz
2026/09/23 05:08:39.456, 0, 84 %, 66 %, 3205 MiB, 49140 MiB, 275.28 W, 300.00 W, 71, 2520 MHz
2026/09/23 05:08:40.456, 0, 0 %, 0 %, 3205 MiB, 49140 MiB, 189.04 W, 300.00 W, 66, 2745 MHz
2026/09/23 05:08:41.457, 0, 87 %, 71 %, 3205 MiB, 49140 MiB, 177.74 W, 300.00 W, 71, 2445 MHz
2026/09/23 05:08:42.458, 0, 82 %, 68 %, 3205 MiB, 49140 MiB, 278.46 W, 300.00 W, 72, 2295 MHz
2026/09/23 05:08:43.459, 0, 85 %, 72 %, 3205 MiB, 49140 MiB, 276.50 W, 300.00 W, 71, 2415 MHz
2026/09/23 05:08:44.459, 0, 88 %, 72 %, 3205 MiB, 49140 MiB, 278.89 W, 300.00 W, 71, 2415 MHz
2026/09/23 05:08:45.461, 0, 92 %, 75 %, 3205 MiB, 49140 MiB, 280.03 W, 300.00 W, 71, 2460 MHz
2026/09/23 05:08:46.462, 0, 78 %, 67 %, 3205 MiB, 49140 MiB, 276.75 W, 300.00 W, 71, 2625 MHz
2026/09/23 05:08:47.462, 0, 91 %, 74 %, 3205 MiB, 49140 MiB, 279.64 W, 300.00 W, 72, 2460 MHz
2026/09/23 05:08:48.463, 0, 87 %, 73 %, 3205 MiB, 49140 MiB, 278.15 W, 300.00 W, 72, 2520 MHz
2026/09/23 05:08:49.463, 0, 84 %, 70 %, 3205 MiB, 49140 MiB, 277.78 W, 300.00 W, 71, 2550 MHz
2026/09/23 05:08:50.464, 0, 85 %, 72 %, 3205 MiB, 49140 MiB, 280.94 W, 300.00 W, 70, 2490 MHz
2026/09/23 05:08:51.465, 0, 77 %, 57 %, 3205 MiB, 49140 MiB, 278.98 W, 300.00 W, 72, 2595 MHz
2026/09/23 05:08:52.466, 0, 0 %, 0 %, 3205 MiB, 49140 MiB, 182.98 W, 300.00 W, 66, 2745 MHz
2026/09/23 05:08:53.467, 0, 83 %, 69 %, 3205 MiB, 49140 MiB, 185.93 W, 300.00 W, 71, 2520 MHz
2026/09/23 05:08:54.468, 0, 89 %, 74 %, 3205 MiB, 49140 MiB, 276.60 W, 300.00 W, 71, 2355 MHz
2026/09/23 05:08:55.468, 0, 91 %, 76 %, 3205 MiB, 49140 MiB, 279.38 W, 300.00 W, 71, 2400 MHz
2026/09/23 05:08:56.469, 0, 84 %, 69 %, 3205 MiB, 49140 MiB, 277.57 W, 300.00 W, 72, 2490 MHz
2026/09/23 05:08:57.470, 0, 90 %, 74 %, 3205 MiB, 49140 MiB, 277.72 W, 300.00 W, 72, 2400 MHz
2026/09/23 05:08:58.472, 0, 89 %, 73 %, 3205 MiB, 49140 MiB, 279.10 W, 300.00 W, 72, 2490 MHz
2026/09/23 05:08:59.473, 0, 89 %, 73 %, 3205 MiB, 49140 MiB, 281.17 W, 300.00 W, 71, 2370 MHz
2026/09/23 05:09:00.473, 0, 81 %, 67 %, 3205 MiB, 49140 MiB, 279.95 W, 300.00 W, 72, 2415 MHz
2026/09/23 05:09:01.474, 0, 85 %, 70 %, 3205 MiB, 49140 MiB, 275.97 W, 300.00 W, 71, 2535 MHz
2026/09/23 05:09:02.475, 0, 84 %, 70 %, 3205 MiB, 49140 MiB, 277.67 W, 300.00 W, 71, 2520 MHz
2026/09/23 05:09:03.476, 0, 85 %, 64 %, 3205 MiB, 49140 MiB, 275.79 W, 300.00 W, 72, 2490 MHz
2026/09/23 05:09:04.477, 0, 0 %, 0 %, 3205 MiB, 49140 MiB, 184.00 W, 300.00 W, 66, 2670 MHz
2026/09/23 05:09:05.477, 0, 0 %, 0 %, 3205 MiB, 49140 MiB, 79.87 W, 300.00 W, 65, 2670 MHz
2026/09/23 05:09:06.478, 0, 85 %, 70 %, 3205 MiB, 49140 MiB, 187.41 W, 300.00 W, 70, 2460 MHz
2026/09/23 05:09:07.478, 0, 85 %, 71 %, 3205 MiB, 49140 MiB, 273.44 W, 300.00 W, 71, 2535 MHz
2026/09/23 05:09:08.479, 0, 88 %, 72 %, 3205 MiB, 49140 MiB, 275.33 W, 300.00 W, 70, 2415 MHz
2026/09/23 05:09:09.479, 0, 83 %, 69 %, 3205 MiB, 49140 MiB, 275.10 W, 300.00 W, 70, 2520 MHz
2026/09/23 05:09:10.480, 0, 81 %, 67 %, 3205 MiB, 49140 MiB, 274.04 W, 300.00 W, 72, 2550 MHz
2026/09/23 05:09:11.481, 0, 87 %, 72 %, 3205 MiB, 49140 MiB, 274.79 W, 300.00 W, 70, 2430 MHz
2026/09/23 05:09:12.482, 0, 84 %, 70 %, 3205 MiB, 49140 MiB, 275.25 W, 300.00 W, 72, 2520 MHz
2026/09/23 05:09:13.483, 0, 85 %, 71 %, 3205 MiB, 49140 MiB, 275.63 W, 300.00 W, 71, 2445 MHz
2026/09/23 05:09:14.483, 0, 86 %, 72 %, 3205 MiB, 49140 MiB, 275.26 W, 300.00 W, 72, 2550 MHz
2026/09/23 05:09:15.484, 0, 86 %, 71 %, 3205 MiB, 49140 MiB, 274.95 W, 300.00 W, 71, 2370 MHz
2026/09/23 05:09:16.486, 0, 61 %, 35 %, 3205 MiB, 49140 MiB, 271.13 W, 300.00 W, 71, 2670 MHz
2026/09/23 05:09:17.487, 0, 0 %, 0 %, 3205 MiB, 49140 MiB, 168.19 W, 300.00 W, 66, 2745 MHz
2026/09/23 05:09:18.488, 0, 73 %, 63 %, 3205 MiB, 49140 MiB, 87.53 W, 300.00 W, 65, 2745 MHz
2026/09/23 05:09:19.489, 0, 81 %, 70 %, 3205 MiB, 49140 MiB, 278.60 W, 300.00 W, 69, 2460 MHz
2026/09/23 05:09:20.490, 0, 83 %, 69 %, 3205 MiB, 49140 MiB, 279.63 W, 300.00 W, 70, 2565 MHz
2026/09/23 05:09:21.490, 0, 88 %, 75 %, 3205 MiB, 49140 MiB, 280.05 W, 300.00 W, 71, 2520 MHz
2026/09/23 05:09:22.491, 0, 90 %, 76 %, 3205 MiB, 49140 MiB, 280.67 W, 300.00 W, 71, 2460 MHz
2026/09/23 05:09:23.492, 0, 82 %, 70 %, 3205 MiB, 49140 MiB, 281.16 W, 300.00 W, 70, 2595 MHz
2026/09/23 05:09:24.492, 0, 81 %, 68 %, 3205 MiB, 49140 MiB, 281.77 W, 300.00 W, 72, 2550 MHz
2026/09/23 05:09:25.493, 0, 83 %, 69 %, 3205 MiB, 49140 MiB, 281.45 W, 300.00 W, 72, 2505 MHz
2026/09/23 05:09:26.494, 0, 81 %, 67 %, 3205 MiB, 49140 MiB, 280.22 W, 300.00 W, 72, 2490 MHz
2026/09/23 05:09:27.494, 0, 89 %, 73 %, 3205 MiB, 49140 MiB, 280.24 W, 300.00 W, 71, 2490 MHz
2026/09/23 05:09:28.495, 0, 86 %, 70 %, 3205 MiB, 49140 MiB, 280.54 W, 300.00 W, 72, 2430 MHz
2026/09/23 05:09:29.496, 0, 62 %, 36 %, 3205 MiB, 49140 MiB, 268.15 W, 300.00 W, 71, 2640 MHz
2026/09/23 05:09:30.496, 0, 0 %, 0 %, 3205 MiB, 49140 MiB, 119.28 W, 300.00 W, 65, 2745 MHz
2026/09/23 05:09:31.497, 0, 86 %, 72 %, 3205 MiB, 49140 MiB, 129.13 W, 300.00 W, 70, 2370 MHz
2026/09/23 05:09:32.497, 0, 83 %, 71 %, 3205 MiB, 49140 MiB, 276.36 W, 300.00 W, 70, 2460 MHz
2026/09/23 05:09:33.498, 0, 89 %, 73 %, 3205 MiB, 49140 MiB, 277.23 W, 300.00 W, 70, 2445 MHz
2026/09/23 05:09:34.499, 0, 83 %, 69 %, 3205 MiB, 49140 MiB, 278.19 W, 300.00 W, 70, 2535 MHz
2026/09/23 05:09:35.500, 0, 81 %, 67 %, 3205 MiB, 49140 MiB, 278.95 W, 300.00 W, 72, 2520 MHz
2026/09/23 05:09:36.500, 0, 87 %, 73 %, 3205 MiB, 49140 MiB, 278.41 W, 300.00 W, 71, 2520 MHz
2026/09/23 05:09:37.501, 0, 84 %, 70 %, 3205 MiB, 49140 MiB, 279.53 W, 300.00 W, 70, 2505 MHz
2026/09/23 05:09:38.502, 0, 86 %, 71 %, 3205 MiB, 49140 MiB, 279.15 W, 300.00 W, 71, 2460 MHz
2026/09/23 05:09:39.503, 0, 88 %, 73 %, 3205 MiB, 49140 MiB, 280.58 W, 300.00 W, 72, 2445 MHz
2026/09/23 05:09:40.504, 0, 88 %, 73 %, 3205 MiB, 49140 MiB, 278.16 W, 300.00 W, 70, 2550 MHz
2026/09/23 05:09:41.504, 0, 85 %, 69 %, 3205 MiB, 49140 MiB, 278.29 W, 300.00 W, 70, 2550 MHz
2026/09/23 05:09:42.505, 0, 9 %, 0 %, 3205 MiB, 49140 MiB, 231.96 W, 300.00 W, 67, 2730 MHz
2026/09/23 05:09:43.505, 0, 0 %, 0 %, 3205 MiB, 49140 MiB, 85.43 W, 300.00 W, 65, 2745 MHz
2026/09/23 05:09:44.506, 0, 85 %, 71 %, 3205 MiB, 49140 MiB, 163.14 W, 300.00 W, 69, 2445 MHz
2026/09/23 05:09:45.507, 0, 82 %, 67 %, 3205 MiB, 49140 MiB, 275.73 W, 300.00 W, 69, 2580 MHz
2026/09/23 05:09:46.508, 0, 83 %, 68 %, 3205 MiB, 49140 MiB, 277.08 W, 300.00 W, 70, 2580 MHz
2026/09/23 05:09:47.509, 0, 92 %, 77 %, 3205 MiB, 49140 MiB, 278.76 W, 300.00 W, 71, 2430 MHz
2026/09/23 05:09:48.509, 0, 83 %, 70 %, 3205 MiB, 49140 MiB, 276.36 W, 300.00 W, 70, 2520 MHz
2026/09/23 05:09:49.510, 0, 90 %, 74 %, 3205 MiB, 49140 MiB, 280.05 W, 300.00 W, 70, 2460 MHz
2026/09/23 05:09:50.511, 0, 83 %, 69 %, 3205 MiB, 49140 MiB, 278.66 W, 300.00 W, 70, 2370 MHz
2026/09/23 05:09:51.512, 0, 85 %, 71 %, 3205 MiB, 49140 MiB, 277.63 W, 300.00 W, 70, 2430 MHz
2026/09/23 05:09:52.512, 0, 87 %, 72 %, 3205 MiB, 49140 MiB, 278.36 W, 300.00 W, 72, 2535 MHz
2026/09/23 05:09:53.513, 0, 88 %, 73 %, 3205 MiB, 49140 MiB, 278.52 W, 300.00 W, 71, 2415 MHz
2026/09/23 05:09:54.513, 0, 85 %, 71 %, 3205 MiB, 49140 MiB, 277.82 W, 300.00 W, 72, 2520 MHz
2026/09/23 05:09:55.514, 0, 0 %, 0 %, 3205 MiB, 49140 MiB, 204.76 W, 300.00 W, 66, 2745 MHz
2026/09/23 05:09:56.514, 0, 0 %, 0 %, 3205 MiB, 49140 MiB, 85.66 W, 300.00 W, 65, 2745 MHz
2026/09/23 05:09:57.515, 0, 85 %, 71 %, 3205 MiB, 49140 MiB, 185.89 W, 300.00 W, 69, 2535 MHz
2026/09/23 05:09:58.515, 0, 87 %, 72 %, 3205 MiB, 49140 MiB, 275.58 W, 300.00 W, 71, 2550 MHz
2026/09/23 05:09:59.516, 0, 89 %, 74 %, 3205 MiB, 49140 MiB, 280.13 W, 300.00 W, 72, 2550 MHz
2026/09/23 05:10:00.517, 0, 87 %, 71 %, 3205 MiB, 49140 MiB, 277.22 W, 300.00 W, 70, 2535 MHz
2026/09/23 05:10:01.518, 0, 88 %, 74 %, 3205 MiB, 49140 MiB, 279.67 W, 300.00 W, 70, 2430 MHz
2026/09/23 05:10:02.519, 0, 85 %, 72 %, 3205 MiB, 49140 MiB, 277.35 W, 300.00 W, 72, 2565 MHz
2026/09/23 05:10:03.520, 0, 82 %, 68 %, 3205 MiB, 49140 MiB, 276.30 W, 300.00 W, 71, 2580 MHz
2026/09/23 05:10:04.521, 0, 81 %, 68 %, 3205 MiB, 49140 MiB, 277.30 W, 300.00 W, 72, 2565 MHz
2026/09/23 05:10:05.522, 0, 84 %, 70 %, 3205 MiB, 49140 MiB, 278.49 W, 300.00 W, 71, 2490 MHz
2026/09/23 05:10:06.522, 0, 82 %, 67 %, 3205 MiB, 49140 MiB, 274.81 W, 300.00 W, 72, 2535 MHz
2026/09/23 05:10:07.523, 0, 62 %, 36 %, 3205 MiB, 49140 MiB, 273.47 W, 300.00 W, 71, 2580 MHz
2026/09/23 05:10:08.524, 0, 0 %, 0 %, 3205 MiB, 49140 MiB, 161.19 W, 300.00 W, 65, 2745 MHz
2026/09/23 05:10:09.524, 0, 0 %, 0 %, 3205 MiB, 49140 MiB, 85.48 W, 300.00 W, 65, 2745 MHz
2026/09/23 05:10:10.525, 0, 85 %, 71 %, 3205 MiB, 49140 MiB, 136.40 W, 300.00 W, 69, 2415 MHz
2026/09/23 05:10:11.525, 0, 84 %, 69 %, 3205 MiB, 49140 MiB, 271.40 W, 300.00 W, 70, 2565 MHz
2026/09/23 05:10:12.526, 0, 81 %, 68 %, 3205 MiB, 49140 MiB, 275.11 W, 300.00 W, 70, 2460 MHz
2026/09/23 05:10:13.527, 0, 87 %, 72 %, 3205 MiB, 49140 MiB, 273.51 W, 300.00 W, 71, 2355 MHz
2026/09/23 05:10:14.528, 0, 80 %, 66 %, 3205 MiB, 49140 MiB, 275.33 W, 300.00 W, 69, 2505 MHz
2026/09/23 05:10:15.529, 0, 84 %, 70 %, 3205 MiB, 49140 MiB, 273.93 W, 300.00 W, 71, 2490 MHz
2026/09/23 05:10:16.529, 0, 84 %, 69 %, 3205 MiB, 49140 MiB, 273.39 W, 300.00 W, 70, 2580 MHz
2026/09/23 05:10:17.530, 0, 85 %, 71 %, 3205 MiB, 49140 MiB, 274.23 W, 300.00 W, 71, 2520 MHz
2026/09/23 05:10:18.531, 0, 81 %, 67 %, 3205 MiB, 49140 MiB, 275.55 W, 300.00 W, 70, 2415 MHz
2026/09/23 05:10:19.531, 0, 86 %, 71 %, 3205 MiB, 49140 MiB, 273.04 W, 300.00 W, 71, 2550 MHz
2026/09/23 05:10:20.532, 0, 88 %, 74 %, 3205 MiB, 49140 MiB, 275.87 W, 300.00 W, 71, 2475 MHz
2026/09/23 05:10:21.533, 0, 0 %, 0 %, 3205 MiB, 49140 MiB, 217.12 W, 300.00 W, 66, 2745 MHz
2026/09/23 05:10:22.534, 0, 85 %, 70 %, 3205 MiB, 49140 MiB, 168.29 W, 300.00 W, 70, 2460 MHz
2026/09/23 05:10:23.535, 0, 88 %, 74 %, 3205 MiB, 49140 MiB, 278.32 W, 300.00 W, 70, 2415 MHz
2026/09/23 05:10:24.536, 0, 88 %, 73 %, 3205 MiB, 49140 MiB, 278.55 W, 300.00 W, 71, 2565 MHz
2026/09/23 05:10:25.536, 0, 87 %, 71 %, 3205 MiB, 49140 MiB, 278.37 W, 300.00 W, 71, 2580 MHz
2026/09/23 05:10:26.537, 0, 83 %, 70 %, 3205 MiB, 49140 MiB, 277.30 W, 300.00 W, 72, 2610 MHz
2026/09/23 05:10:27.538, 0, 81 %, 68 %, 3205 MiB, 49140 MiB, 276.41 W, 300.00 W, 70, 2460 MHz
2026/09/23 05:10:28.539, 0, 89 %, 73 %, 3205 MiB, 49140 MiB, 277.60 W, 300.00 W, 71, 2370 MHz
2026/09/23 05:10:29.540, 0, 82 %, 68 %, 3205 MiB, 49140 MiB, 275.95 W, 300.00 W, 70, 2520 MHz
2026/09/23 05:10:30.541, 0, 86 %, 72 %, 3205 MiB, 49140 MiB, 277.70 W, 300.00 W, 72, 2460 MHz
2026/09/23 05:10:31.541, 0, 82 %, 68 %, 3205 MiB, 49140 MiB, 277.84 W, 300.00 W, 70, 2460 MHz
2026/09/23 05:10:32.542, 0, 86 %, 71 %, 3205 MiB, 49140 MiB, 275.34 W, 300.00 W, 71, 2475 MHz
2026/09/23 05:10:33.543, 0, 8 %, 0 %, 3205 MiB, 49140 MiB, 224.40 W, 300.00 W, 66, 2745 MHz
2026/09/23 05:10:34.543, 0, 0 %, 0 %, 3205 MiB, 49140 MiB, 86.00 W, 300.00 W, 65, 2745 MHz
2026/09/23 05:10:35.544, 0, 86 %, 71 %, 3205 MiB, 49140 MiB, 193.92 W, 300.00 W, 69, 2460 MHz
2026/09/23 05:10:36.545, 0, 84 %, 70 %, 3205 MiB, 49140 MiB, 277.14 W, 300.00 W, 70, 2595 MHz
2026/09/23 05:10:37.546, 0, 81 %, 67 %, 3205 MiB, 49140 MiB, 274.22 W, 300.00 W, 70, 2565 MHz
2026/09/23 05:10:38.546, 0, 85 %, 70 %, 3205 MiB, 49140 MiB, 275.31 W, 300.00 W, 70, 2565 MHz
2026/09/23 05:10:39.547, 0, 85 %, 71 %, 3205 MiB, 49140 MiB, 279.48 W, 300.00 W, 70, 2505 MHz
2026/09/23 05:10:40.548, 0, 84 %, 71 %, 3205 MiB, 49140 MiB, 278.24 W, 300.00 W, 71, 2490 MHz
2026/09/23 05:10:41.548, 0, 87 %, 72 %, 3205 MiB, 49140 MiB, 280.44 W, 300.00 W, 71, 2430 MHz
2026/09/23 05:10:42.549, 0, 86 %, 71 %, 3205 MiB, 49140 MiB, 278.26 W, 300.00 W, 71, 2550 MHz
2026/09/23 05:10:43.549, 0, 84 %, 70 %, 3205 MiB, 49140 MiB, 279.01 W, 300.00 W, 71, 2445 MHz
2026/09/23 05:10:44.550, 0, 85 %, 71 %, 3205 MiB, 49140 MiB, 277.18 W, 300.00 W, 71, 2520 MHz
2026/09/23 05:10:45.551, 0, 60 %, 37 %, 3205 MiB, 49140 MiB, 275.14 W, 300.00 W, 72, 2685 MHz
2026/09/23 05:10:46.552, 0, 0 %, 0 %, 3205 MiB, 49140 MiB, 176.07 W, 300.00 W, 65, 2745 MHz
2026/09/23 05:10:47.552, 0, 86 %, 70 %, 3205 MiB, 49140 MiB, 195.67 W, 300.00 W, 70, 2460 MHz
2026/09/23 05:10:48.553, 0, 83 %, 69 %, 3205 MiB, 49140 MiB, 268.68 W, 300.00 W, 71, 2505 MHz
2026/09/23 05:10:49.553, 0, 79 %, 66 %, 3205 MiB, 49140 MiB, 268.95 W, 300.00 W, 70, 2565 MHz
2026/09/23 05:10:50.554, 0, 86 %, 73 %, 3205 MiB, 49140 MiB, 277.27 W, 300.00 W, 71, 2595 MHz
2026/09/23 05:10:51.555, 0, 86 %, 72 %, 3205 MiB, 49140 MiB, 277.18 W, 300.00 W, 71, 2550 MHz
2026/09/23 05:10:52.555, 0, 83 %, 70 %, 3205 MiB, 49140 MiB, 277.87 W, 300.00 W, 71, 2610 MHz
2026/09/23 05:10:53.556, 0, 88 %, 73 %, 3205 MiB, 49140 MiB, 277.32 W, 300.00 W, 71, 2490 MHz
2026/09/23 05:10:54.557, 0, 86 %, 72 %, 3205 MiB, 49140 MiB, 277.16 W, 300.00 W, 71, 2475 MHz
2026/09/23 05:10:55.558, 0, 84 %, 70 %, 3205 MiB, 49140 MiB, 278.94 W, 300.00 W, 71, 2505 MHz
2026/09/23 05:10:56.558, 0, 87 %, 73 %, 3205 MiB, 49140 MiB, 276.87 W, 300.00 W, 72, 2535 MHz
2026/09/23 05:10:57.559, 0, 73 %, 46 %, 3205 MiB, 49140 MiB, 279.06 W, 300.00 W, 71, 2565 MHz
2026/09/23 05:10:58.560, 0, 0 %, 0 %, 3205 MiB, 49140 MiB, 180.25 W, 300.00 W, 66, 2745 MHz
2026/09/23 05:10:59.560, 0, 83 %, 70 %, 3205 MiB, 49140 MiB, 196.31 W, 300.00 W, 71, 2580 MHz
2026/09/23 05:11:00.561, 0, 82 %, 69 %, 3205 MiB, 49140 MiB, 278.96 W, 300.00 W, 71, 2505 MHz
2026/09/23 05:11:01.562, 0, 85 %, 71 %, 3205 MiB, 49140 MiB, 279.96 W, 300.00 W, 72, 2400 MHz
2026/09/23 05:11:02.563, 0, 90 %, 74 %, 3205 MiB, 49140 MiB, 282.30 W, 300.00 W, 72, 2445 MHz
2026/09/23 05:11:03.564, 0, 88 %, 73 %, 3205 MiB, 49140 MiB, 281.35 W, 300.00 W, 72, 2430 MHz
2026/09/23 05:11:04.564, 0, 83 %, 69 %, 3205 MiB, 49140 MiB, 280.26 W, 300.00 W, 71, 2460 MHz
2026/09/23 05:11:05.565, 0, 84 %, 71 %, 3205 MiB, 49140 MiB, 277.77 W, 300.00 W, 71, 2580 MHz
2026/09/23 05:11:06.565, 0, 81 %, 68 %, 3205 MiB, 49140 MiB, 281.45 W, 300.00 W, 71, 2565 MHz
2026/09/23 05:11:07.566, 0, 90 %, 73 %, 3205 MiB, 49140 MiB, 279.50 W, 300.00 W, 71, 2625 MHz
2026/09/23 05:11:08.567, 0, 89 %, 75 %, 3205 MiB, 49140 MiB, 278.42 W, 300.00 W, 71, 2505 MHz
2026/09/23 05:11:09.568, 0, 80 %, 62 %, 3205 MiB, 49140 MiB, 279.29 W, 300.00 W, 71, 2685 MHz
2026/09/23 05:11:10.570, 0, 0 %, 0 %, 3205 MiB, 49140 MiB, 190.53 W, 300.00 W, 66, 2745 MHz
2026/09/23 05:11:11.571, 0, 0 %, 0 %, 3205 MiB, 49140 MiB, 85.97 W, 300.00 W, 65, 2520 MHz
2026/09/23 05:11:12.572, 0, 85 %, 70 %, 3205 MiB, 49140 MiB, 231.33 W, 300.00 W, 70, 2520 MHz
2026/09/23 05:11:13.573, 0, 83 %, 70 %, 3205 MiB, 49140 MiB, 275.13 W, 300.00 W, 71, 2535 MHz
2026/09/23 05:11:14.574, 0, 85 %, 70 %, 3205 MiB, 49140 MiB, 276.10 W, 300.00 W, 70, 2535 MHz
2026/09/23 05:11:15.574, 0, 85 %, 71 %, 3205 MiB, 49140 MiB, 275.83 W, 300.00 W, 71, 2550 MHz
2026/09/23 05:11:16.575, 0, 86 %, 71 %, 3205 MiB, 49140 MiB, 273.23 W, 300.00 W, 72, 2370 MHz
2026/09/23 05:11:17.576, 0, 85 %, 71 %, 3205 MiB, 49140 MiB, 273.02 W, 300.00 W, 71, 2520 MHz
2026/09/23 05:11:18.578, 0, 87 %, 73 %, 3205 MiB, 49140 MiB, 275.13 W, 300.00 W, 72, 2400 MHz
2026/09/23 05:11:19.579, 0, 92 %, 77 %, 3205 MiB, 49140 MiB, 274.50 W, 300.00 W, 72, 2490 MHz
2026/09/23 05:11:20.580, 0, 87 %, 72 %, 3205 MiB, 49140 MiB, 272.95 W, 300.00 W, 71, 2535 MHz
2026/09/23 05:11:21.581, 0, 84 %, 70 %, 3205 MiB, 49140 MiB, 271.54 W, 300.00 W, 71, 2520 MHz
2026/09/23 05:11:22.581, 0, 50 %, 30 %, 3205 MiB, 49140 MiB, 262.00 W, 300.00 W, 70, 2730 MHz
2026/09/23 05:11:23.582, 0, 0 %, 0 %, 3205 MiB, 49140 MiB, 139.78 W, 300.00 W, 65, 2745 MHz
2026/09/23 05:11:24.583, 0, 86 %, 71 %, 3205 MiB, 49140 MiB, 241.34 W, 300.00 W, 71, 2475 MHz
2026/09/23 05:11:25.584, 0, 85 %, 70 %, 3205 MiB, 49140 MiB, 274.92 W, 300.00 W, 70, 2475 MHz
2026/09/23 05:11:26.585, 0, 80 %, 68 %, 3205 MiB, 49140 MiB, 273.17 W, 300.00 W, 71, 2430 MHz
2026/09/23 05:11:27.586, 0, 82 %, 68 %, 3205 MiB, 49140 MiB, 271.93 W, 300.00 W, 70, 2580 MHz
2026/09/23 05:11:28.586, 0, 89 %, 73 %, 3205 MiB, 49140 MiB, 271.23 W, 300.00 W, 71, 2595 MHz
2026/09/23 05:11:29.587, 0, 81 %, 66 %, 3205 MiB, 49140 MiB, 271.62 W, 300.00 W, 70, 2550 MHz
2026/09/23 05:11:30.588, 0, 78 %, 67 %, 3205 MiB, 49140 MiB, 271.75 W, 300.00 W, 72, 2460 MHz
2026/09/23 05:11:31.588, 0, 84 %, 70 %, 3205 MiB, 49140 MiB, 273.65 W, 300.00 W, 71, 2415 MHz
2026/09/23 05:11:32.589, 0, 83 %, 71 %, 3205 MiB, 49140 MiB, 273.70 W, 300.00 W, 72, 2535 MHz
2026/09/23 05:11:33.590, 0, 91 %, 76 %, 3205 MiB, 49140 MiB, 273.53 W, 300.00 W, 71, 2520 MHz
2026/09/23 05:11:34.591, 0, 61 %, 36 %, 3205 MiB, 49140 MiB, 266.51 W, 300.00 W, 71, 2730 MHz
2026/09/23 05:11:35.591, 0, 0 %, 0 %, 3205 MiB, 49140 MiB, 136.40 W, 300.00 W, 65, 2745 MHz
2026/09/23 05:11:36.592, 0, 82 %, 70 %, 3205 MiB, 49140 MiB, 248.75 W, 300.00 W, 72, 2490 MHz
2026/09/23 05:11:37.592, 0, 88 %, 75 %, 3205 MiB, 49140 MiB, 282.32 W, 300.00 W, 70, 2400 MHz
2026/09/23 05:11:38.593, 0, 88 %, 74 %, 3205 MiB, 49140 MiB, 280.96 W, 300.00 W, 71, 2385 MHz
2026/09/23 05:11:39.594, 0, 82 %, 68 %, 3205 MiB, 49140 MiB, 280.79 W, 300.00 W, 70, 2460 MHz
2026/09/23 05:11:40.594, 0, 84 %, 72 %, 3205 MiB, 49140 MiB, 279.12 W, 300.00 W, 72, 2520 MHz
2026/09/23 05:11:41.595, 0, 85 %, 70 %, 3205 MiB, 49140 MiB, 281.24 W, 300.00 W, 71, 2535 MHz
2026/09/23 05:11:42.596, 0, 82 %, 69 %, 3205 MiB, 49140 MiB, 280.52 W, 300.00 W, 72, 2610 MHz
2026/09/23 05:11:43.597, 0, 87 %, 72 %, 3205 MiB, 49140 MiB, 279.69 W, 300.00 W, 71, 2460 MHz
2026/09/23 05:11:44.598, 0, 87 %, 73 %, 3205 MiB, 49140 MiB, 281.11 W, 300.00 W, 71, 2565 MHz
2026/09/23 05:11:45.599, 0, 81 %, 67 %, 3205 MiB, 49140 MiB, 279.74 W, 300.00 W, 71, 2460 MHz
2026/09/23 05:11:46.600, 0, 58 %, 34 %, 3205 MiB, 49140 MiB, 269.16 W, 300.00 W, 71, 2685 MHz
2026/09/23 05:11:47.601, 0, 0 %, 0 %, 3205 MiB, 49140 MiB, 132.06 W, 300.00 W, 66, 2745 MHz
2026/09/23 05:11:48.602, 0, 71 %, 59 %, 3205 MiB, 49140 MiB, 241.71 W, 300.00 W, 72, 2580 MHz
2026/09/23 05:11:49.603, 0, 83 %, 69 %, 3205 MiB, 49140 MiB, 269.20 W, 300.00 W, 71, 2535 MHz
2026/09/23 05:11:50.604, 0, 89 %, 74 %, 3205 MiB, 49140 MiB, 279.07 W, 300.00 W, 72, 2430 MHz
2026/09/23 05:11:51.605, 0, 88 %, 73 %, 3205 MiB, 49140 MiB, 277.55 W, 300.00 W, 72, 2475 MHz
2026/09/23 05:11:52.605, 0, 87 %, 72 %, 3205 MiB, 49140 MiB, 280.80 W, 300.00 W, 71, 2535 MHz
2026/09/23 05:11:53.606, 0, 82 %, 67 %, 3205 MiB, 49140 MiB, 279.31 W, 300.00 W, 71, 2595 MHz
2026/09/23 05:11:54.607, 0, 84 %, 69 %, 3205 MiB, 49140 MiB, 278.02 W, 300.00 W, 71, 2520 MHz
2026/09/23 05:11:55.608, 0, 88 %, 74 %, 3205 MiB, 49140 MiB, 279.04 W, 300.00 W, 71, 2475 MHz
2026/09/23 05:11:56.608, 0, 90 %, 74 %, 3205 MiB, 49140 MiB, 277.17 W, 300.00 W, 72, 2460 MHz
2026/09/23 05:11:57.609, 0, 87 %, 71 %, 3205 MiB, 49140 MiB, 279.31 W, 300.00 W, 71, 2550 MHz
2026/09/23 05:11:58.610, 0, 53 %, 31 %, 3205 MiB, 49140 MiB, 272.18 W, 300.00 W, 72, 2655 MHz
2026/09/23 05:11:59.610, 0, 27 %, 21 %, 3205 MiB, 49140 MiB, 130.13 W, 300.00 W, 70, 2430 MHz
2026/09/23 05:12:00.611, 0, 82 %, 69 %, 3205 MiB, 49140 MiB, 268.59 W, 300.00 W, 71, 2475 MHz
2026/09/23 05:12:01.612, 0, 79 %, 65 %, 3205 MiB, 49140 MiB, 279.29 W, 300.00 W, 71, 2565 MHz
2026/09/23 05:12:02.613, 0, 89 %, 74 %, 3205 MiB, 49140 MiB, 282.39 W, 300.00 W, 72, 2430 MHz
2026/09/23 05:12:03.613, 0, 88 %, 73 %, 3205 MiB, 49140 MiB, 281.21 W, 300.00 W, 71, 2610 MHz
2026/09/23 05:12:04.614, 0, 86 %, 73 %, 3205 MiB, 49140 MiB, 278.57 W, 300.00 W, 72, 2580 MHz
2026/09/23 05:12:05.615, 0, 87 %, 73 %, 3205 MiB, 49140 MiB, 282.56 W, 300.00 W, 72, 2565 MHz
2026/09/23 05:12:06.615, 0, 90 %, 75 %, 3205 MiB, 49140 MiB, 281.70 W, 300.00 W, 73, 2490 MHz
2026/09/23 05:12:07.616, 0, 78 %, 66 %, 3205 MiB, 49140 MiB, 279.00 W, 300.00 W, 72, 2415 MHz
2026/09/23 05:12:08.617, 0, 87 %, 74 %, 3205 MiB, 49140 MiB, 279.52 W, 300.00 W, 71, 2475 MHz
2026/09/23 05:12:09.618, 0, 90 %, 74 %, 3205 MiB, 49140 MiB, 281.46 W, 300.00 W, 72, 2460 MHz
2026/09/23 05:12:10.619, 0, 56 %, 33 %, 3205 MiB, 49140 MiB, 270.67 W, 300.00 W, 72, 2595 MHz
2026/09/23 05:12:11.619, 0, 38 %, 31 %, 3205 MiB, 49140 MiB, 124.35 W, 300.00 W, 71, 2460 MHz
2026/09/23 05:12:12.620, 0, 87 %, 72 %, 3205 MiB, 49140 MiB, 263.46 W, 300.00 W, 71, 2535 MHz
2026/09/23 05:12:13.621, 0, 85 %, 70 %, 3205 MiB, 49140 MiB, 276.70 W, 300.00 W, 71, 2520 MHz
2026/09/23 05:12:14.622, 0, 84 %, 71 %, 3205 MiB, 49140 MiB, 275.45 W, 300.00 W, 72, 2370 MHz
2026/09/23 05:12:15.623, 0, 82 %, 67 %, 3205 MiB, 49140 MiB, 273.46 W, 300.00 W, 72, 2565 MHz
2026/09/23 05:12:16.623, 0, 81 %, 67 %, 3205 MiB, 49140 MiB, 275.23 W, 300.00 W, 71, 2550 MHz
2026/09/23 05:12:17.624, 0, 85 %, 72 %, 3205 MiB, 49140 MiB, 275.73 W, 300.00 W, 72, 2475 MHz
2026/09/23 05:12:18.624, 0, 84 %, 71 %, 3205 MiB, 49140 MiB, 277.19 W, 300.00 W, 72, 2415 MHz
2026/09/23 05:12:19.625, 0, 90 %, 74 %, 3205 MiB, 49140 MiB, 275.97 W, 300.00 W, 72, 2415 MHz
2026/09/23 05:12:20.626, 0, 80 %, 67 %, 3205 MiB, 49140 MiB, 275.19 W, 300.00 W, 71, 2505 MHz
2026/09/23 05:12:21.628, 0, 85 %, 72 %, 3205 MiB, 49140 MiB, 274.50 W, 300.00 W, 71, 2475 MHz
2026/09/23 05:12:22.628, 0, 56 %, 33 %, 3205 MiB, 49140 MiB, 265.37 W, 300.00 W, 72, 2595 MHz
2026/09/23 05:12:23.630, 0, 87 %, 71 %, 3205 MiB, 49140 MiB, 132.15 W, 300.00 W, 70, 2490 MHz
2026/09/23 05:12:24.630, 0, 86 %, 71 %, 3205 MiB, 49140 MiB, 276.35 W, 300.00 W, 72, 2400 MHz
2026/09/23 05:12:25.631, 0, 85 %, 70 %, 3205 MiB, 49140 MiB, 280.48 W, 300.00 W, 71, 2445 MHz
2026/09/23 05:12:26.631, 0, 83 %, 70 %, 3205 MiB, 49140 MiB, 279.11 W, 300.00 W, 71, 2535 MHz
2026/09/23 05:12:27.632, 0, 86 %, 72 %, 3205 MiB, 49140 MiB, 282.72 W, 300.00 W, 73, 2445 MHz
2026/09/23 05:12:28.633, 0, 88 %, 73 %, 3205 MiB, 49140 MiB, 282.79 W, 300.00 W, 72, 2460 MHz
2026/09/23 05:12:29.634, 0, 87 %, 72 %, 3205 MiB, 49140 MiB, 280.90 W, 300.00 W, 71, 2430 MHz
2026/09/23 05:12:30.635, 0, 82 %, 68 %, 3205 MiB, 49140 MiB, 279.78 W, 300.00 W, 71, 2580 MHz
2026/09/23 05:12:31.636, 0, 86 %, 71 %, 3205 MiB, 49140 MiB, 281.41 W, 300.00 W, 72, 2430 MHz
2026/09/23 05:12:32.637, 0, 84 %, 71 %, 3205 MiB, 49140 MiB, 280.36 W, 300.00 W, 73, 2340 MHz
2026/09/23 05:12:33.638, 0, 86 %, 73 %, 3205 MiB, 49140 MiB, 281.76 W, 300.00 W, 71, 2550 MHz
2026/09/23 05:12:34.638, 0, 63 %, 36 %, 3205 MiB, 49140 MiB, 255.91 W, 300.00 W, 70, 2730 MHz
2026/09/23 05:12:35.639, 0, 86 %, 71 %, 3205 MiB, 49140 MiB, 133.14 W, 300.00 W, 71, 2430 MHz
2026/09/23 05:12:36.640, 0, 86 %, 72 %, 3205 MiB, 49140 MiB, 271.46 W, 300.00 W, 72, 2460 MHz
2026/09/23 05:12:37.640, 0, 89 %, 73 %, 3205 MiB, 49140 MiB, 276.39 W, 300.00 W, 72, 2400 MHz
2026/09/23 05:12:38.641, 0, 82 %, 68 %, 3205 MiB, 49140 MiB, 275.33 W, 300.00 W, 72, 2505 MHz
2026/09/23 05:12:39.642, 0, 85 %, 73 %, 3205 MiB, 49140 MiB, 275.77 W, 300.00 W, 71, 2475 MHz
2026/09/23 05:12:40.642, 0, 82 %, 69 %, 3205 MiB, 49140 MiB, 275.55 W, 300.00 W, 70, 2505 MHz
2026/09/23 05:12:41.643, 0, 81 %, 68 %, 3205 MiB, 49140 MiB, 275.69 W, 300.00 W, 72, 2430 MHz
2026/09/23 05:12:42.644, 0, 81 %, 66 %, 3205 MiB, 49140 MiB, 274.67 W, 300.00 W, 71, 2550 MHz
2026/09/23 05:12:43.646, 0, 89 %, 76 %, 3205 MiB, 49140 MiB, 276.27 W, 300.00 W, 71, 2475 MHz
2026/09/23 05:12:44.646, 0, 93 %, 77 %, 3205 MiB, 49140 MiB, 277.54 W, 300.00 W, 70, 2430 MHz
2026/09/23 05:12:45.647, 0, 87 %, 71 %, 3205 MiB, 49140 MiB, 275.05 W, 300.00 W, 73, 2370 MHz
2026/09/23 05:12:46.647, 0, 0 %, 0 %, 3205 MiB, 49140 MiB, 241.04 W, 300.00 W, 68, 2730 MHz
2026/09/23 05:12:47.648, 0, 81 %, 69 %, 3205 MiB, 49140 MiB, 136.37 W, 300.00 W, 70, 2550 MHz
2026/09/23 05:12:48.649, 0, 88 %, 76 %, 3205 MiB, 49140 MiB, 270.88 W, 300.00 W, 70, 2505 MHz
2026/09/23 05:12:49.650, 0, 86 %, 73 %, 3205 MiB, 49140 MiB, 273.53 W, 300.00 W, 70, 2520 MHz
2026/09/23 05:12:50.651, 0, 84 %, 67 %, 3205 MiB, 49140 MiB, 271.85 W, 300.00 W, 71, 2475 MHz
2026/09/23 05:12:51.651, 0, 85 %, 73 %, 3205 MiB, 49140 MiB, 271.56 W, 300.00 W, 71, 2550 MHz
2026/09/23 05:12:52.653, 0, 81 %, 69 %, 3205 MiB, 49140 MiB, 272.57 W, 300.00 W, 72, 2490 MHz
2026/09/23 05:12:53.654, 0, 83 %, 70 %, 3205 MiB, 49140 MiB, 274.62 W, 300.00 W, 72, 2460 MHz
2026/09/23 05:12:54.655, 0, 84 %, 72 %, 3205 MiB, 49140 MiB, 272.63 W, 300.00 W, 70, 2475 MHz
2026/09/23 05:12:55.655, 0, 82 %, 69 %, 3205 MiB, 49140 MiB, 273.14 W, 300.00 W, 72, 2475 MHz
2026/09/23 05:12:56.656, 0, 84 %, 69 %, 3205 MiB, 49140 MiB, 272.42 W, 300.00 W, 71, 2400 MHz
2026/09/23 05:12:57.659, 0, 83 %, 70 %, 3205 MiB, 49140 MiB, 269.83 W, 300.00 W, 71, 2550 MHz
2026/09/23 05:12:58.660, 0, 6 %, 3 %, 3205 MiB, 49140 MiB, 242.57 W, 300.00 W, 69, 2730 MHz
2026/09/23 05:12:59.660, 0, 82 %, 69 %, 3205 MiB, 49140 MiB, 113.78 W, 300.00 W, 69, 2535 MHz
2026/09/23 05:13:00.660, 0, 85 %, 69 %, 3205 MiB, 49140 MiB, 275.27 W, 300.00 W, 71, 2475 MHz
2026/09/23 05:13:01.661, 0, 88 %, 72 %, 3205 MiB, 49140 MiB, 278.27 W, 300.00 W, 70, 2520 MHz
2026/09/23 05:13:02.662, 0, 89 %, 72 %, 3205 MiB, 49140 MiB, 277.30 W, 300.00 W, 71, 2310 MHz
2026/09/23 05:13:03.662, 0, 88 %, 72 %, 3205 MiB, 49140 MiB, 279.48 W, 300.00 W, 71, 2370 MHz
2026/09/23 05:13:04.663, 0, 91 %, 74 %, 3205 MiB, 49140 MiB, 278.48 W, 300.00 W, 71, 2385 MHz
2026/09/23 05:13:05.664, 0, 90 %, 73 %, 3205 MiB, 49140 MiB, 279.54 W, 300.00 W, 70, 2475 MHz
2026/09/23 05:13:06.665, 0, 83 %, 69 %, 3205 MiB, 49140 MiB, 275.61 W, 300.00 W, 73, 2505 MHz
2026/09/23 05:13:07.665, 0, 84 %, 69 %, 3205 MiB, 49140 MiB, 275.24 W, 300.00 W, 73, 2490 MHz
2026/09/23 05:13:08.666, 0, 88 %, 73 %, 3205 MiB, 49140 MiB, 279.97 W, 300.00 W, 72, 2505 MHz
2026/09/23 05:13:09.667, 0, 87 %, 73 %, 3205 MiB, 49140 MiB, 278.18 W, 300.00 W, 71, 2325 MHz
2026/09/23 05:13:10.668, 0, 27 %, 16 %, 3205 MiB, 49140 MiB, 258.80 W, 300.00 W, 71, 2730 MHz
2026/09/23 05:13:11.668, 0, 79 %, 66 %, 3205 MiB, 49140 MiB, 130.78 W, 300.00 W, 70, 2595 MHz
2026/09/23 05:13:12.669, 0, 84 %, 68 %, 3205 MiB, 49140 MiB, 277.22 W, 300.00 W, 71, 2505 MHz
2026/09/23 05:13:13.670, 0, 79 %, 66 %, 3205 MiB, 49140 MiB, 277.37 W, 300.00 W, 72, 2565 MHz
2026/09/23 05:13:14.671, 0, 87 %, 73 %, 3205 MiB, 49140 MiB, 280.33 W, 300.00 W, 70, 2460 MHz
2026/09/23 05:13:15.671, 0, 85 %, 72 %, 3205 MiB, 49140 MiB, 277.29 W, 300.00 W, 70, 2370 MHz
2026/09/23 05:13:16.672, 0, 82 %, 70 %, 3205 MiB, 49140 MiB, 279.50 W, 300.00 W, 71, 2415 MHz
2026/09/23 05:13:17.673, 0, 85 %, 70 %, 3205 MiB, 49140 MiB, 278.68 W, 300.00 W, 72, 2475 MHz
2026/09/23 05:13:18.674, 0, 86 %, 72 %, 3205 MiB, 49140 MiB, 276.98 W, 300.00 W, 72, 2355 MHz
2026/09/23 05:13:19.674, 0, 85 %, 70 %, 3205 MiB, 49140 MiB, 277.92 W, 300.00 W, 73, 2490 MHz
2026/09/23 05:13:20.675, 0, 88 %, 72 %, 3205 MiB, 49140 MiB, 278.87 W, 300.00 W, 72, 2340 MHz
2026/09/23 05:13:21.676, 0, 87 %, 74 %, 3205 MiB, 49140 MiB, 276.49 W, 300.00 W, 71, 2490 MHz
2026/09/23 05:13:22.676, 0, 23 %, 12 %, 3205 MiB, 49140 MiB, 257.05 W, 300.00 W, 72, 2730 MHz
2026/09/23 05:13:23.677, 0, 0 %, 0 %, 3205 MiB, 49140 MiB, 91.96 W, 300.00 W, 65, 2745 MHz
2026/09/23 05:13:24.677, 0, 87 %, 72 %, 3205 MiB, 49140 MiB, 160.44 W, 300.00 W, 69, 2505 MHz
2026/09/23 05:13:25.678, 0, 85 %, 71 %, 3205 MiB, 49140 MiB, 267.49 W, 300.00 W, 70, 2340 MHz
2026/09/23 05:13:26.679, 0, 83 %, 68 %, 3205 MiB, 49140 MiB, 271.74 W, 300.00 W, 71, 2565 MHz
2026/09/23 05:13:27.679, 0, 84 %, 69 %, 3205 MiB, 49140 MiB, 275.07 W, 300.00 W, 72, 2520 MHz
2026/09/23 05:13:28.680, 0, 85 %, 72 %, 3205 MiB, 49140 MiB, 277.61 W, 300.00 W, 71, 2430 MHz
2026/09/23 05:13:29.680, 0, 86 %, 72 %, 3205 MiB, 49140 MiB, 275.17 W, 300.00 W, 70, 2475 MHz
2026/09/23 05:13:30.681, 0, 91 %, 75 %, 3205 MiB, 49140 MiB, 277.62 W, 300.00 W, 72, 2460 MHz
2026/09/23 05:13:31.682, 0, 87 %, 72 %, 3205 MiB, 49140 MiB, 278.48 W, 300.00 W, 72, 2490 MHz
2026/09/23 05:13:32.682, 0, 88 %, 72 %, 3205 MiB, 49140 MiB, 275.73 W, 300.00 W, 72, 2400 MHz
2026/09/23 05:13:33.683, 0, 86 %, 73 %, 3205 MiB, 49140 MiB, 277.45 W, 300.00 W, 71, 2505 MHz
2026/09/23 05:13:34.684, 0, 86 %, 72 %, 3205 MiB, 49140 MiB, 278.51 W, 300.00 W, 72, 2415 MHz
2026/09/23 05:13:35.685, 0, 10 %, 0 %, 3205 MiB, 49140 MiB, 222.32 W, 300.00 W, 67, 2745 MHz
2026/09/23 05:13:36.685, 0, 0 %, 0 %, 3205 MiB, 49140 MiB, 85.75 W, 300.00 W, 65, 2745 MHz
2026/09/23 05:13:37.686, 0, 86 %, 72 %, 3205 MiB, 49140 MiB, 200.50 W, 300.00 W, 69, 2565 MHz
2026/09/23 05:13:38.686, 0, 87 %, 72 %, 3205 MiB, 49140 MiB, 271.70 W, 300.00 W, 71, 2520 MHz
2026/09/23 05:13:39.687, 0, 86 %, 69 %, 3205 MiB, 49140 MiB, 278.38 W, 300.00 W, 71, 2475 MHz
2026/09/23 05:13:40.688, 0, 86 %, 70 %, 3205 MiB, 49140 MiB, 277.35 W, 300.00 W, 72, 2475 MHz
2026/09/23 05:13:41.689, 0, 85 %, 71 %, 3205 MiB, 49140 MiB, 277.22 W, 300.00 W, 71, 2520 MHz
2026/09/23 05:13:42.689, 0, 90 %, 75 %, 3205 MiB, 49140 MiB, 278.24 W, 300.00 W, 71, 2490 MHz
2026/09/23 05:13:43.690, 0, 88 %, 73 %, 3205 MiB, 49140 MiB, 276.30 W, 300.00 W, 72, 2475 MHz
2026/09/23 05:13:44.691, 0, 86 %, 73 %, 3205 MiB, 49140 MiB, 276.74 W, 300.00 W, 70, 2565 MHz
2026/09/23 05:13:45.693, 0, 84 %, 71 %, 3205 MiB, 49140 MiB, 276.62 W, 300.00 W, 71, 2550 MHz
2026/09/23 05:13:46.694, 0, 78 %, 65 %, 3205 MiB, 49140 MiB, 275.78 W, 300.00 W, 71, 2595 MHz
2026/09/23 05:13:47.694, 0, 84 %, 72 %, 3205 MiB, 49140 MiB, 279.24 W, 300.00 W, 71, 2460 MHz
2026/09/23 05:13:48.695, 0, 0 %, 0 %, 3205 MiB, 49140 MiB, 194.43 W, 300.00 W, 66, 2745 MHz
2026/09/23 05:13:49.695, 0, 86 %, 73 %, 3205 MiB, 49140 MiB, 178.63 W, 300.00 W, 70, 2535 MHz
2026/09/23 05:13:50.696, 0, 81 %, 68 %, 3205 MiB, 49140 MiB, 268.92 W, 300.00 W, 72, 2490 MHz
2026/09/23 05:13:51.697, 0, 85 %, 73 %, 3205 MiB, 49140 MiB, 273.17 W, 300.00 W, 71, 2520 MHz
2026/09/23 05:13:52.697, 0, 89 %, 73 %, 3205 MiB, 49140 MiB, 273.54 W, 300.00 W, 70, 2505 MHz
2026/09/23 05:13:53.698, 0, 86 %, 70 %, 3205 MiB, 49140 MiB, 271.80 W, 300.00 W, 72, 2460 MHz
2026/09/23 05:13:54.699, 0, 84 %, 72 %, 3205 MiB, 49140 MiB, 273.74 W, 300.00 W, 71, 2640 MHz
2026/09/23 05:13:55.700, 0, 89 %, 73 %, 3205 MiB, 49140 MiB, 273.07 W, 300.00 W, 71, 2505 MHz
2026/09/23 05:13:56.700, 0, 86 %, 73 %, 3205 MiB, 49140 MiB, 272.81 W, 300.00 W, 70, 2520 MHz
2026/09/23 05:13:57.701, 0, 83 %, 70 %, 3205 MiB, 49140 MiB, 273.11 W, 300.00 W, 71, 2430 MHz
2026/09/23 05:13:58.701, 0, 85 %, 70 %, 3205 MiB, 49140 MiB, 272.00 W, 300.00 W, 72, 2415 MHz
2026/09/23 05:13:59.702, 0, 87 %, 71 %, 3205 MiB, 49140 MiB, 273.00 W, 300.00 W, 72, 2265 MHz
2026/09/23 05:14:00.703, 0, 0 %, 0 %, 3205 MiB, 49140 MiB, 201.11 W, 300.00 W, 66, 2745 MHz
2026/09/23 05:14:01.703, 0, 84 %, 70 %, 3205 MiB, 49140 MiB, 171.29 W, 300.00 W, 70, 2565 MHz
2026/09/23 05:14:02.704, 0, 84 %, 72 %, 3205 MiB, 49140 MiB, 273.42 W, 300.00 W, 70, 2550 MHz
2026/09/23 05:14:03.705, 0, 85 %, 72 %, 3205 MiB, 49140 MiB, 274.64 W, 300.00 W, 70, 2520 MHz
2026/09/23 05:14:04.706, 0, 88 %, 71 %, 3205 MiB, 49140 MiB, 278.81 W, 300.00 W, 72, 2460 MHz
2026/09/23 05:14:05.706, 0, 83 %, 68 %, 3205 MiB, 49140 MiB, 275.34 W, 300.00 W, 71, 2400 MHz
2026/09/23 05:14:06.707, 0, 89 %, 72 %, 3205 MiB, 49140 MiB, 275.14 W, 300.00 W, 71, 2475 MHz
2026/09/23 05:14:07.708, 0, 79 %, 66 %, 3205 MiB, 49140 MiB, 273.02 W, 300.00 W, 71, 2370 MHz
2026/09/23 05:14:08.709, 0, 84 %, 69 %, 3205 MiB, 49140 MiB, 273.61 W, 300.00 W, 72, 2460 MHz
2026/09/23 05:14:09.709, 0, 86 %, 72 %, 3205 MiB, 49140 MiB, 276.97 W, 300.00 W, 72, 2505 MHz
2026/09/23 05:14:10.710, 0, 84 %, 72 %, 3205 MiB, 49140 MiB, 274.32 W, 300.00 W, 71, 2535 MHz
2026/09/23 05:14:11.711, 0, 85 %, 70 %, 3205 MiB, 49140 MiB, 274.97 W, 300.00 W, 71, 2475 MHz
2026/09/23 05:14:12.711, 0, 0 %, 0 %, 3205 MiB, 49140 MiB, 196.56 W, 300.00 W, 66, 2745 MHz
2026/09/23 05:14:13.712, 0, 91 %, 76 %, 3205 MiB, 49140 MiB, 178.38 W, 300.00 W, 70, 2445 MHz
2026/09/23 05:14:14.712, 0, 82 %, 68 %, 3205 MiB, 49140 MiB, 271.24 W, 300.00 W, 71, 2535 MHz
2026/09/23 05:14:15.713, 0, 91 %, 75 %, 3205 MiB, 49140 MiB, 279.45 W, 300.00 W, 72, 2475 MHz
2026/09/23 05:14:16.716, 0, 84 %, 70 %, 3205 MiB, 49140 MiB, 277.19 W, 300.00 W, 70, 2535 MHz
2026/09/23 05:14:17.716, 0, 87 %, 75 %, 3205 MiB, 49140 MiB, 278.00 W, 300.00 W, 71, 2505 MHz
2026/09/23 05:14:18.717, 0, 91 %, 74 %, 3205 MiB, 49140 MiB, 278.95 W, 300.00 W, 71, 2520 MHz
2026/09/23 05:14:19.718, 0, 86 %, 70 %, 3205 MiB, 49140 MiB, 277.71 W, 300.00 W, 70, 2430 MHz
2026/09/23 05:14:20.719, 0, 84 %, 68 %, 3205 MiB, 49140 MiB, 277.36 W, 300.00 W, 71, 2565 MHz
2026/09/23 05:14:21.719, 0, 76 %, 63 %, 3205 MiB, 49140 MiB, 273.27 W, 300.00 W, 71, 2595 MHz
2026/09/23 05:14:22.720, 0, 85 %, 72 %, 3205 MiB, 49140 MiB, 279.26 W, 300.00 W, 71, 2565 MHz
2026/09/23 05:14:23.720, 0, 88 %, 72 %, 3205 MiB, 49140 MiB, 278.95 W, 300.00 W, 70, 2385 MHz
2026/09/23 05:14:24.721, 0, 0 %, 0 %, 3205 MiB, 49140 MiB, 197.74 W, 300.00 W, 66, 2745 MHz
2026/09/23 05:14:25.721, 0, 85 %, 72 %, 3205 MiB, 49140 MiB, 179.56 W, 300.00 W, 71, 2535 MHz
2026/09/23 05:14:26.723, 0, 86 %, 71 %, 3205 MiB, 49140 MiB, 280.79 W, 300.00 W, 70, 2400 MHz
2026/09/23 05:14:27.723, 0, 82 %, 69 %, 3205 MiB, 49140 MiB, 278.95 W, 300.00 W, 72, 2535 MHz
2026/09/23 05:14:28.724, 0, 82 %, 70 %, 3205 MiB, 49140 MiB, 278.27 W, 300.00 W, 72, 2490 MHz
2026/09/23 05:14:29.724, 0, 82 %, 66 %, 3205 MiB, 49140 MiB, 281.59 W, 300.00 W, 71, 2595 MHz
2026/09/23 05:14:30.726, 0, 83 %, 69 %, 3205 MiB, 49140 MiB, 280.04 W, 300.00 W, 71, 2580 MHz
2026/09/23 05:14:31.727, 0, 80 %, 68 %, 3205 MiB, 49140 MiB, 278.67 W, 300.00 W, 72, 2400 MHz
2026/09/23 05:14:32.727, 0, 85 %, 72 %, 3205 MiB, 49140 MiB, 281.36 W, 300.00 W, 72, 2520 MHz
2026/09/23 05:14:33.728, 0, 89 %, 72 %, 3205 MiB, 49140 MiB, 280.83 W, 300.00 W, 71, 2520 MHz
2026/09/23 05:14:34.729, 0, 81 %, 69 %, 3205 MiB, 49140 MiB, 280.08 W, 300.00 W, 72, 2550 MHz
2026/09/23 05:14:35.730, 0, 91 %, 75 %, 3205 MiB, 49140 MiB, 279.05 W, 300.00 W, 72, 2370 MHz
2026/09/23 05:14:36.730, 0, 0 %, 0 %, 3205 MiB, 49140 MiB, 211.69 W, 300.00 W, 66, 2745 MHz
2026/09/23 05:14:37.731, 0, 85 %, 69 %, 3205 MiB, 49140 MiB, 165.55 W, 300.00 W, 70, 2415 MHz
2026/09/23 05:14:38.732, 0, 82 %, 67 %, 3205 MiB, 49140 MiB, 265.42 W, 300.00 W, 70, 2565 MHz
2026/09/23 05:14:39.733, 0, 84 %, 72 %, 3205 MiB, 49140 MiB, 275.67 W, 300.00 W, 72, 2610 MHz
2026/09/23 05:14:40.734, 0, 90 %, 73 %, 3205 MiB, 49140 MiB, 277.90 W, 300.00 W, 72, 2490 MHz
2026/09/23 05:14:41.734, 0, 85 %, 71 %, 3205 MiB, 49140 MiB, 278.53 W, 300.00 W, 72, 2400 MHz
2026/09/23 05:14:42.735, 0, 83 %, 71 %, 3205 MiB, 49140 MiB, 277.60 W, 300.00 W, 71, 2520 MHz
2026/09/23 05:14:43.736, 0, 86 %, 72 %, 3205 MiB, 49140 MiB, 279.44 W, 300.00 W, 70, 2505 MHz
2026/09/23 05:14:44.737, 0, 81 %, 68 %, 3205 MiB, 49140 MiB, 276.62 W, 300.00 W, 72, 2505 MHz
2026/09/23 05:14:45.737, 0, 90 %, 74 %, 3205 MiB, 49140 MiB, 276.24 W, 300.00 W, 72, 2310 MHz
2026/09/23 05:14:46.741, 0, 87 %, 74 %, 3205 MiB, 49140 MiB, 276.15 W, 300.00 W, 71, 2565 MHz
2026/09/23 05:14:47.741, 0, 83 %, 71 %, 3205 MiB, 49140 MiB, 277.23 W, 300.00 W, 72, 2490 MHz
2026/09/23 05:14:48.742, 0, 3 %, 0 %, 3205 MiB, 49140 MiB, 216.44 W, 300.00 W, 66, 2745 MHz
2026/09/23 05:14:49.744, 0, 0 %, 0 %, 3205 MiB, 49140 MiB, 86.08 W, 300.00 W, 65, 2745 MHz
2026/09/23 05:14:50.744, 0, 82 %, 70 %, 3205 MiB, 49140 MiB, 181.44 W, 300.00 W, 71, 2520 MHz
2026/09/23 05:14:51.745, 0, 86 %, 70 %, 3205 MiB, 49140 MiB, 279.89 W, 300.00 W, 70, 2490 MHz
2026/09/23 05:14:52.746, 0, 81 %, 68 %, 3205 MiB, 49140 MiB, 280.58 W, 300.00 W, 71, 2580 MHz
2026/09/23 05:14:53.747, 0, 86 %, 70 %, 3205 MiB, 49140 MiB, 280.20 W, 300.00 W, 71, 2460 MHz
2026/09/23 05:14:54.748, 0, 88 %, 71 %, 3205 MiB, 49140 MiB, 278.02 W, 300.00 W, 71, 2475 MHz
2026/09/23 05:14:55.749, 0, 85 %, 70 %, 3205 MiB, 49140 MiB, 280.75 W, 300.00 W, 71, 2460 MHz
2026/09/23 05:14:56.749, 0, 82 %, 66 %, 3205 MiB, 49140 MiB, 278.79 W, 300.00 W, 71, 2550 MHz
2026/09/23 05:14:57.750, 0, 89 %, 73 %, 3205 MiB, 49140 MiB, 280.86 W, 300.00 W, 71, 2520 MHz
2026/09/23 05:14:58.751, 0, 86 %, 71 %, 3205 MiB, 49140 MiB, 282.04 W, 300.00 W, 71, 2490 MHz
2026/09/23 05:14:59.752, 0, 85 %, 71 %, 3205 MiB, 49140 MiB, 279.24 W, 300.00 W, 71, 2520 MHz
2026/09/23 05:15:00.753, 0, 89 %, 73 %, 3205 MiB, 49140 MiB, 281.30 W, 300.00 W, 71, 2625 MHz
2026/09/23 05:15:01.754, 0, 0 %, 0 %, 3205 MiB, 49140 MiB, 196.51 W, 300.00 W, 66, 2745 MHz
2026/09/23 05:15:02.754, 0, 83 %, 71 %, 3205 MiB, 49140 MiB, 172.13 W, 300.00 W, 71, 2430 MHz
2026/09/23 05:15:03.755, 0, 88 %, 72 %, 3205 MiB, 49140 MiB, 274.61 W, 300.00 W, 70, 2535 MHz
2026/09/23 05:15:04.756, 0, 86 %, 74 %, 3205 MiB, 49140 MiB, 276.15 W, 300.00 W, 72, 2370 MHz
2026/09/23 05:15:05.757, 0, 86 %, 70 %, 3205 MiB, 49140 MiB, 275.26 W, 300.00 W, 70, 2550 MHz
2026/09/23 05:15:06.757, 0, 85 %, 70 %, 3205 MiB, 49140 MiB, 276.19 W, 300.00 W, 70, 2460 MHz
2026/09/23 05:15:07.758, 0, 90 %, 74 %, 3205 MiB, 49140 MiB, 275.58 W, 300.00 W, 70, 2460 MHz
2026/09/23 05:15:08.759, 0, 88 %, 74 %, 3205 MiB, 49140 MiB, 275.86 W, 300.00 W, 70, 2535 MHz
2026/09/23 05:15:09.760, 0, 89 %, 73 %, 3205 MiB, 49140 MiB, 275.61 W, 300.00 W, 72, 2400 MHz
2026/09/23 05:15:10.761, 0, 86 %, 73 %, 3205 MiB, 49140 MiB, 275.83 W, 300.00 W, 71, 2475 MHz
2026/09/23 05:15:11.761, 0, 85 %, 70 %, 3205 MiB, 49140 MiB, 277.89 W, 300.00 W, 71, 2475 MHz
2026/09/23 05:15:12.762, 0, 85 %, 69 %, 3205 MiB, 49140 MiB, 274.97 W, 300.00 W, 71, 2625 MHz
2026/09/23 05:15:13.763, 0, 0 %, 0 %, 3205 MiB, 49140 MiB, 191.15 W, 300.00 W, 66, 2745 MHz
2026/09/23 05:15:14.763, 0, 84 %, 70 %, 3205 MiB, 49140 MiB, 186.49 W, 300.00 W, 71, 2550 MHz
2026/09/23 05:15:15.765, 0, 87 %, 70 %, 3205 MiB, 49140 MiB, 276.67 W, 300.00 W, 70, 2610 MHz
2026/09/23 05:15:16.765, 0, 86 %, 69 %, 3205 MiB, 49140 MiB, 275.44 W, 300.00 W, 70, 2490 MHz
2026/09/23 05:15:17.766, 0, 88 %, 73 %, 3205 MiB, 49140 MiB, 276.05 W, 300.00 W, 71, 2535 MHz
2026/09/23 05:15:18.767, 0, 78 %, 64 %, 3205 MiB, 49140 MiB, 276.16 W, 300.00 W, 71, 2565 MHz
2026/09/23 05:15:19.767, 0, 82 %, 69 %, 3205 MiB, 49140 MiB, 275.25 W, 300.00 W, 72, 2520 MHz
2026/09/23 05:15:20.768, 0, 89 %, 72 %, 3205 MiB, 49140 MiB, 276.35 W, 300.00 W, 71, 2475 MHz
2026/09/23 05:15:21.769, 0, 87 %, 75 %, 3205 MiB, 49140 MiB, 279.37 W, 300.00 W, 71, 2520 MHz
2026/09/23 05:15:22.770, 0, 87 %, 75 %, 3205 MiB, 49140 MiB, 279.52 W, 300.00 W, 72, 2370 MHz
2026/09/23 05:15:23.771, 0, 86 %, 72 %, 3205 MiB, 49140 MiB, 278.61 W, 300.00 W, 72, 2370 MHz
2026/09/23 05:15:24.771, 0, 86 %, 72 %, 3205 MiB, 49140 MiB, 276.46 W, 300.00 W, 70, 2430 MHz
2026/09/23 05:15:25.772, 0, 0 %, 0 %, 3205 MiB, 49140 MiB, 198.79 W, 300.00 W, 66, 2745 MHz
2026/09/23 05:15:26.773, 0, 85 %, 73 %, 3205 MiB, 49140 MiB, 179.69 W, 300.00 W, 71, 2580 MHz
2026/09/23 05:15:27.774, 0, 85 %, 71 %, 3205 MiB, 49140 MiB, 280.79 W, 300.00 W, 71, 2430 MHz
2026/09/23 05:15:28.775, 0, 89 %, 72 %, 3205 MiB, 49140 MiB, 281.56 W, 300.00 W, 71, 2460 MHz
2026/09/23 05:15:29.776, 0, 84 %, 72 %, 3205 MiB, 49140 MiB, 280.11 W, 300.00 W, 72, 2565 MHz
2026/09/23 05:15:30.778, 0, 85 %, 70 %, 3205 MiB, 49140 MiB, 281.70 W, 300.00 W, 71, 2505 MHz
2026/09/23 05:15:31.779, 0, 84 %, 69 %, 3205 MiB, 49140 MiB, 278.80 W, 300.00 W, 71, 2490 MHz
2026/09/23 05:15:32.779, 0, 85 %, 73 %, 3205 MiB, 49140 MiB, 281.57 W, 300.00 W, 72, 2460 MHz
2026/09/23 05:15:33.780, 0, 85 %, 72 %, 3205 MiB, 49140 MiB, 279.70 W, 300.00 W, 71, 2505 MHz
2026/09/23 05:15:34.780, 0, 85 %, 70 %, 3205 MiB, 49140 MiB, 279.76 W, 300.00 W, 70, 2460 MHz
2026/09/23 05:15:35.781, 0, 85 %, 74 %, 3205 MiB, 49140 MiB, 281.06 W, 300.00 W, 73, 2520 MHz
2026/09/23 05:15:36.782, 0, 86 %, 70 %, 3205 MiB, 49140 MiB, 283.76 W, 300.00 W, 71, 2655 MHz
2026/09/23 05:15:37.782, 0, 0 %, 0 %, 3205 MiB, 49140 MiB, 197.75 W, 300.00 W, 66, 2745 MHz
2026/09/23 05:15:38.783, 0, 88 %, 75 %, 3205 MiB, 49140 MiB, 183.63 W, 300.00 W, 72, 2490 MHz
2026/09/23 05:15:39.784, 0, 88 %, 72 %, 3205 MiB, 49140 MiB, 280.47 W, 300.00 W, 72, 2505 MHz
2026/09/23 05:15:40.785, 0, 82 %, 69 %, 3205 MiB, 49140 MiB, 285.30 W, 300.00 W, 71, 2430 MHz
2026/09/23 05:15:41.785, 0, 85 %, 73 %, 3205 MiB, 49140 MiB, 283.39 W, 300.00 W, 73, 2490 MHz
2026/09/23 05:15:42.787, 0, 85 %, 72 %, 3205 MiB, 49140 MiB, 283.79 W, 300.00 W, 72, 2475 MHz
2026/09/23 05:15:43.788, 0, 86 %, 73 %, 3205 MiB, 49140 MiB, 283.31 W, 300.00 W, 72, 2415 MHz
2026/09/23 05:15:44.789, 0, 87 %, 75 %, 3205 MiB, 49140 MiB, 284.17 W, 300.00 W, 72, 2535 MHz
2026/09/23 05:15:45.789, 0, 81 %, 68 %, 3205 MiB, 49140 MiB, 282.89 W, 300.00 W, 72, 2565 MHz
2026/09/23 05:15:46.790, 0, 75 %, 63 %, 3205 MiB, 49140 MiB, 280.52 W, 300.00 W, 71, 2535 MHz
2026/09/23 05:15:47.791, 0, 83 %, 71 %, 3205 MiB, 49140 MiB, 282.93 W, 300.00 W, 73, 2475 MHz
2026/09/23 05:15:48.791, 0, 81 %, 66 %, 3205 MiB, 49140 MiB, 282.71 W, 300.00 W, 71, 2595 MHz
2026/09/23 05:15:49.792, 0, 0 %, 0 %, 3205 MiB, 49140 MiB, 206.21 W, 300.00 W, 66, 2745 MHz
2026/09/23 05:15:50.793, 0, 85 %, 72 %, 3205 MiB, 49140 MiB, 177.43 W, 300.00 W, 71, 2370 MHz
2026/09/23 05:15:51.793, 0, 83 %, 71 %, 3205 MiB, 49140 MiB, 278.97 W, 300.00 W, 72, 2505 MHz
2026/09/23 05:15:52.794, 0, 88 %, 73 %, 3205 MiB, 49140 MiB, 281.39 W, 300.00 W, 72, 2415 MHz
2026/09/23 05:15:53.795, 0, 87 %, 70 %, 3205 MiB, 49140 MiB, 281.23 W, 300.00 W, 71, 2520 MHz
2026/09/23 05:15:54.796, 0, 78 %, 65 %, 3205 MiB, 49140 MiB, 280.79 W, 300.00 W, 71, 2445 MHz
2026/09/23 05:15:55.798, 0, 86 %, 72 %, 3205 MiB, 49140 MiB, 279.24 W, 300.00 W, 71, 2550 MHz
2026/09/23 05:15:56.799, 0, 86 %, 73 %, 3205 MiB, 49140 MiB, 281.27 W, 300.00 W, 71, 2475 MHz
2026/09/23 05:15:57.801, 0, 86 %, 71 %, 3205 MiB, 49140 MiB, 280.55 W, 300.00 W, 71, 2550 MHz
2026/09/23 05:15:58.802, 0, 87 %, 73 %, 3205 MiB, 49140 MiB, 279.28 W, 300.00 W, 71, 2505 MHz
2026/09/23 05:15:59.803, 0, 82 %, 67 %, 3205 MiB, 49140 MiB, 280.55 W, 300.00 W, 71, 2460 MHz
2026/09/23 05:16:00.803, 0, 88 %, 72 %, 3205 MiB, 49140 MiB, 280.91 W, 300.00 W, 73, 2505 MHz
2026/09/23 05:16:01.804, 0, 0 %, 0 %, 3205 MiB, 49140 MiB, 208.15 W, 300.00 W, 66, 2745 MHz
2026/09/23 05:16:02.805, 0, 85 %, 70 %, 3205 MiB, 49140 MiB, 178.34 W, 300.00 W, 70, 2415 MHz
2026/09/23 05:16:03.805, 0, 82 %, 67 %, 3205 MiB, 49140 MiB, 278.43 W, 300.00 W, 71, 2595 MHz
2026/09/23 05:16:04.806, 0, 84 %, 69 %, 3205 MiB, 49140 MiB, 279.18 W, 300.00 W, 71, 2550 MHz
2026/09/23 05:16:05.807, 0, 82 %, 69 %, 3205 MiB, 49140 MiB, 280.60 W, 300.00 W, 72, 2535 MHz
2026/09/23 05:16:06.808, 0, 77 %, 65 %, 3205 MiB, 49140 MiB, 279.32 W, 300.00 W, 73, 2505 MHz
2026/09/23 05:16:07.809, 0, 89 %, 72 %, 3205 MiB, 49140 MiB, 280.04 W, 300.00 W, 71, 2520 MHz
2026/09/23 05:16:08.809, 0, 81 %, 69 %, 3205 MiB, 49140 MiB, 279.98 W, 300.00 W, 72, 2565 MHz
2026/09/23 05:16:09.810, 0, 84 %, 71 %, 3205 MiB, 49140 MiB, 279.19 W, 300.00 W, 72, 2460 MHz
2026/09/23 05:16:10.811, 0, 83 %, 69 %, 3205 MiB, 49140 MiB, 280.04 W, 300.00 W, 72, 2565 MHz
2026/09/23 05:16:11.812, 0, 84 %, 72 %, 3205 MiB, 49140 MiB, 280.26 W, 300.00 W, 72, 2520 MHz
2026/09/23 05:16:12.813, 0, 86 %, 72 %, 3205 MiB, 49140 MiB, 279.28 W, 300.00 W, 71, 2400 MHz
2026/09/23 05:16:13.814, 0, 0 %, 0 %, 3205 MiB, 49140 MiB, 214.98 W, 300.00 W, 66, 2745 MHz
2026/09/23 05:16:14.814, 0, 86 %, 69 %, 3205 MiB, 49140 MiB, 160.35 W, 300.00 W, 70, 2550 MHz
2026/09/23 05:16:15.815, 0, 85 %, 69 %, 3205 MiB, 49140 MiB, 274.74 W, 300.00 W, 70, 2430 MHz
2026/09/23 05:16:16.816, 0, 84 %, 72 %, 3205 MiB, 49140 MiB, 277.10 W, 300.00 W, 72, 2550 MHz
2026/09/23 05:16:17.817, 0, 88 %, 72 %, 3205 MiB, 49140 MiB, 276.06 W, 300.00 W, 71, 2415 MHz
2026/09/23 05:16:18.818, 0, 81 %, 69 %, 3205 MiB, 49140 MiB, 276.79 W, 300.00 W, 72, 2535 MHz
2026/09/23 05:16:19.818, 0, 85 %, 72 %, 3205 MiB, 49140 MiB, 279.35 W, 300.00 W, 72, 2400 MHz
2026/09/23 05:16:20.819, 0, 83 %, 70 %, 3205 MiB, 49140 MiB, 278.68 W, 300.00 W, 72, 2400 MHz
2026/09/23 05:16:21.820, 0, 88 %, 76 %, 3205 MiB, 49140 MiB, 278.41 W, 300.00 W, 73, 2490 MHz
2026/09/23 05:16:22.821, 0, 84 %, 71 %, 3205 MiB, 49140 MiB, 277.60 W, 300.00 W, 72, 2550 MHz
2026/09/23 05:16:23.822, 0, 89 %, 76 %, 3205 MiB, 49140 MiB, 278.80 W, 300.00 W, 72, 2505 MHz
2026/09/23 05:16:24.823, 0, 86 %, 71 %, 3205 MiB, 49140 MiB, 278.90 W, 300.00 W, 71, 2550 MHz
2026/09/23 05:16:25.823, 0, 0 %, 0 %, 3205 MiB, 49140 MiB, 214.02 W, 300.00 W, 66, 2745 MHz
2026/09/23 05:16:26.824, 0, 83 %, 70 %, 3205 MiB, 49140 MiB, 164.07 W, 300.00 W, 72, 2400 MHz
2026/09/23 05:16:27.825, 0, 84 %, 70 %, 3205 MiB, 49140 MiB, 279.42 W, 300.00 W, 71, 2520 MHz
2026/09/23 05:16:28.826, 0, 81 %, 69 %, 3205 MiB, 49140 MiB, 281.91 W, 300.00 W, 71, 2535 MHz
2026/09/23 05:16:29.827, 0, 84 %, 72 %, 3205 MiB, 49140 MiB, 283.04 W, 300.00 W, 72, 2370 MHz
2026/09/23 05:16:30.828, 0, 83 %, 68 %, 3205 MiB, 49140 MiB, 282.80 W, 300.00 W, 71, 2505 MHz
2026/09/23 05:16:31.829, 0, 88 %, 73 %, 3205 MiB, 49140 MiB, 285.92 W, 300.00 W, 72, 2490 MHz
2026/09/23 05:16:32.829, 0, 84 %, 72 %, 3205 MiB, 49140 MiB, 283.02 W, 300.00 W, 72, 2565 MHz
2026/09/23 05:16:33.830, 0, 84 %, 73 %, 3205 MiB, 49140 MiB, 284.34 W, 300.00 W, 73, 2415 MHz
2026/09/23 05:16:34.831, 0, 86 %, 71 %, 3205 MiB, 49140 MiB, 281.77 W, 300.00 W, 71, 2505 MHz
2026/09/23 05:16:35.831, 0, 88 %, 75 %, 3205 MiB, 49140 MiB, 282.54 W, 300.00 W, 72, 2520 MHz
2026/09/23 05:16:36.832, 0, 85 %, 73 %, 3205 MiB, 49140 MiB, 283.38 W, 300.00 W, 72, 2460 MHz
2026/09/23 05:16:37.832, 0, 0 %, 0 %, 3205 MiB, 49140 MiB, 232.76 W, 300.00 W, 67, 2730 MHz
2026/09/23 05:16:38.833, 0, 84 %, 67 %, 3205 MiB, 49140 MiB, 149.45 W, 300.00 W, 70, 2460 MHz
2026/09/23 05:16:39.834, 0, 86 %, 70 %, 3205 MiB, 49140 MiB, 266.30 W, 300.00 W, 72, 2430 MHz
2026/09/23 05:16:40.835, 0, 85 %, 70 %, 3205 MiB, 49140 MiB, 273.70 W, 300.00 W, 70, 2550 MHz
2026/09/23 05:16:41.836, 0, 82 %, 65 %, 3205 MiB, 49140 MiB, 276.01 W, 300.00 W, 72, 2370 MHz
2026/09/23 05:16:42.836, 0, 85 %, 71 %, 3205 MiB, 49140 MiB, 275.26 W, 300.00 W, 72, 2520 MHz
2026/09/23 05:16:43.837, 0, 89 %, 75 %, 3205 MiB, 49140 MiB, 278.85 W, 300.00 W, 71, 2520 MHz
2026/09/23 05:16:44.838, 0, 86 %, 73 %, 3205 MiB, 49140 MiB, 279.45 W, 300.00 W, 72, 2490 MHz
2026/09/23 05:16:45.839, 0, 85 %, 72 %, 3205 MiB, 49140 MiB, 279.74 W, 300.00 W, 72, 2550 MHz
2026/09/23 05:16:46.840, 0, 83 %, 68 %, 3205 MiB, 49140 MiB, 275.15 W, 300.00 W, 71, 2565 MHz
2026/09/23 05:16:47.840, 0, 78 %, 65 %, 3205 MiB, 49140 MiB, 276.24 W, 300.00 W, 71, 2550 MHz
2026/09/23 05:16:48.841, 0, 88 %, 72 %, 3205 MiB, 49140 MiB, 276.35 W, 300.00 W, 72, 2535 MHz
2026/09/23 05:16:49.842, 0, 0 %, 0 %, 3205 MiB, 49140 MiB, 217.13 W, 300.00 W, 66, 2610 MHz
2026/09/23 05:16:50.843, 0, 84 %, 69 %, 3205 MiB, 49140 MiB, 148.69 W, 300.00 W, 70, 2520 MHz
2026/09/23 05:16:51.844, 0, 86 %, 73 %, 3205 MiB, 49140 MiB, 272.03 W, 300.00 W, 71, 2475 MHz
2026/09/23 05:16:52.844, 0, 83 %, 71 %, 3205 MiB, 49140 MiB, 271.98 W, 300.00 W, 72, 2325 MHz
2026/09/23 05:16:53.845, 0, 86 %, 72 %, 3205 MiB, 49140 MiB, 272.59 W, 300.00 W, 71, 2535 MHz
2026/09/23 05:16:54.845, 0, 92 %, 75 %, 3205 MiB, 49140 MiB, 270.95 W, 300.00 W, 72, 2400 MHz
2026/09/23 05:16:55.846, 0, 88 %, 72 %, 3205 MiB, 49140 MiB, 270.17 W, 300.00 W, 71, 2565 MHz
2026/09/23 05:16:56.848, 0, 88 %, 70 %, 3205 MiB, 49140 MiB, 270.77 W, 300.00 W, 71, 2460 MHz
2026/09/23 05:16:57.848, 0, 87 %, 73 %, 3205 MiB, 49140 MiB, 272.13 W, 300.00 W, 70, 2475 MHz
2026/09/23 05:16:58.849, 0, 86 %, 70 %, 3205 MiB, 49140 MiB, 275.85 W, 300.00 W, 71, 2490 MHz
2026/09/23 05:16:59.850, 0, 89 %, 72 %, 3205 MiB, 49140 MiB, 272.46 W, 300.00 W, 70, 2445 MHz
2026/09/23 05:17:00.851, 0, 86 %, 70 %, 3205 MiB, 49140 MiB, 269.59 W, 300.00 W, 71, 2415 MHz
2026/09/23 05:17:01.852, 0, 0 %, 0 %, 3205 MiB, 49140 MiB, 225.38 W, 300.00 W, 67, 2730 MHz
2026/09/23 05:17:02.853, 0, 85 %, 70 %, 3205 MiB, 49140 MiB, 143.50 W, 300.00 W, 70, 2580 MHz
2026/09/23 05:17:03.853, 0, 86 %, 73 %, 3205 MiB, 49140 MiB, 281.29 W, 300.00 W, 71, 2505 MHz
2026/09/23 05:17:04.854, 0, 86 %, 71 %, 3205 MiB, 49140 MiB, 280.82 W, 300.00 W, 70, 2550 MHz
2026/09/23 05:17:05.855, 0, 82 %, 71 %, 3205 MiB, 49140 MiB, 280.51 W, 300.00 W, 71, 2580 MHz
2026/09/23 05:17:06.855, 0, 92 %, 77 %, 3205 MiB, 49140 MiB, 282.00 W, 300.00 W, 72, 2205 MHz
2026/09/23 05:17:07.856, 0, 85 %, 70 %, 3205 MiB, 49140 MiB, 280.39 W, 300.00 W, 70, 2535 MHz
2026/09/23 05:17:08.857, 0, 88 %, 74 %, 3205 MiB, 49140 MiB, 280.23 W, 300.00 W, 71, 2370 MHz
2026/09/23 05:17:09.858, 0, 85 %, 70 %, 3205 MiB, 49140 MiB, 280.36 W, 300.00 W, 71, 2490 MHz
2026/09/23 05:17:10.859, 0, 86 %, 71 %, 3205 MiB, 49140 MiB, 281.38 W, 300.00 W, 71, 2550 MHz
2026/09/23 05:17:11.859, 0, 82 %, 68 %, 3205 MiB, 49140 MiB, 280.96 W, 300.00 W, 73, 2400 MHz
2026/09/23 05:17:12.860, 0, 86 %, 73 %, 3205 MiB, 49140 MiB, 279.65 W, 300.00 W, 71, 2520 MHz
2026/09/23 05:17:13.861, 0, 0 %, 0 %, 3205 MiB, 49140 MiB, 239.00 W, 300.00 W, 67, 2730 MHz
2026/09/23 05:17:14.861, 0, 86 %, 73 %, 3205 MiB, 49140 MiB, 137.76 W, 300.00 W, 69, 2520 MHz
2026/09/23 05:17:15.862, 0, 86 %, 71 %, 3205 MiB, 49140 MiB, 277.75 W, 300.00 W, 72, 2460 MHz
2026/09/23 05:17:16.863, 0, 90 %, 74 %, 3205 MiB, 49140 MiB, 277.02 W, 300.00 W, 71, 2370 MHz
2026/09/23 05:17:17.864, 0, 82 %, 68 %, 3205 MiB, 49140 MiB, 277.31 W, 300.00 W, 71, 2340 MHz
2026/09/23 05:17:18.865, 0, 87 %, 71 %, 3205 MiB, 49140 MiB, 278.81 W, 300.00 W, 72, 2505 MHz
2026/09/23 05:17:19.865, 0, 80 %, 67 %, 3205 MiB, 49140 MiB, 275.56 W, 300.00 W, 71, 2490 MHz
2026/09/23 05:17:20.866, 0, 83 %, 70 %, 3205 MiB, 49140 MiB, 274.19 W, 300.00 W, 72, 2550 MHz
2026/09/23 05:17:21.867, 0, 92 %, 76 %, 3205 MiB, 49140 MiB, 277.00 W, 300.00 W, 70, 2460 MHz
2026/09/23 05:17:22.868, 0, 81 %, 68 %, 3205 MiB, 49140 MiB, 278.11 W, 300.00 W, 71, 2445 MHz
2026/09/23 05:17:23.868, 0, 87 %, 71 %, 3205 MiB, 49140 MiB, 277.68 W, 300.00 W, 73, 2430 MHz
2026/09/23 05:17:24.869, 0, 84 %, 71 %, 3205 MiB, 49140 MiB, 275.86 W, 300.00 W, 72, 2580 MHz
2026/09/23 05:17:25.870, 0, 23 %, 14 %, 3205 MiB, 49140 MiB, 165.23 W, 300.00 W, 65, 2580 MHz
2026/09/23 05:17:26.870, 0, 83 %, 69 %, 3205 MiB, 49140 MiB, 196.13 W, 300.00 W, 71, 2490 MHz
2026/09/23 05:17:27.871, 0, 86 %, 72 %, 3205 MiB, 49140 MiB, 269.36 W, 300.00 W, 71, 2430 MHz
2026/09/23 05:17:28.872, 0, 89 %, 74 %, 3205 MiB, 49140 MiB, 272.44 W, 300.00 W, 71, 2430 MHz
2026/09/23 05:17:29.873, 0, 79 %, 66 %, 3205 MiB, 49140 MiB, 276.74 W, 300.00 W, 71, 2565 MHz
2026/09/23 05:17:30.874, 0, 87 %, 71 %, 3205 MiB, 49140 MiB, 279.52 W, 300.00 W, 71, 2385 MHz
2026/09/23 05:17:31.874, 0, 88 %, 73 %, 3205 MiB, 49140 MiB, 278.08 W, 300.00 W, 71, 2430 MHz
2026/09/23 05:17:32.876, 0, 81 %, 67 %, 3205 MiB, 49140 MiB, 276.79 W, 300.00 W, 70, 2460 MHz
2026/09/23 05:17:33.877, 0, 85 %, 71 %, 3205 MiB, 49140 MiB, 276.92 W, 300.00 W, 72, 2505 MHz
2026/09/23 05:17:34.877, 0, 84 %, 70 %, 3205 MiB, 49140 MiB, 277.40 W, 300.00 W, 72, 2280 MHz
2026/09/23 05:17:35.878, 0, 89 %, 73 %, 3205 MiB, 49140 MiB, 277.31 W, 300.00 W, 71, 2505 MHz
2026/09/23 05:17:36.879, 0, 87 %, 72 %, 3205 MiB, 49140 MiB, 275.57 W, 300.00 W, 71, 2580 MHz
2026/09/23 05:17:37.879, 0, 54 %, 32 %, 3205 MiB, 49140 MiB, 176.48 W, 300.00 W, 66, 2745 MHz
2026/09/23 05:17:38.880, 0, 82 %, 68 %, 3205 MiB, 49140 MiB, 199.77 W, 300.00 W, 71, 2505 MHz
2026/09/23 05:17:39.880, 0, 85 %, 73 %, 3205 MiB, 49140 MiB, 279.78 W, 300.00 W, 71, 2370 MHz
2026/09/23 05:17:40.881, 0, 79 %, 67 %, 3205 MiB, 49140 MiB, 279.73 W, 300.00 W, 70, 2490 MHz
2026/09/23 05:17:41.882, 0, 88 %, 73 %, 3205 MiB, 49140 MiB, 281.44 W, 300.00 W, 70, 2535 MHz
2026/09/23 05:17:42.883, 0, 79 %, 66 %, 3205 MiB, 49140 MiB, 278.02 W, 300.00 W, 71, 2490 MHz
2026/09/23 05:17:43.884, 0, 85 %, 71 %, 3205 MiB, 49140 MiB, 278.49 W, 300.00 W, 72, 2520 MHz
2026/09/23 05:17:44.885, 0, 85 %, 72 %, 3205 MiB, 49140 MiB, 278.29 W, 300.00 W, 70, 2580 MHz
2026/09/23 05:17:45.886, 0, 83 %, 69 %, 3205 MiB, 49140 MiB, 280.01 W, 300.00 W, 72, 2460 MHz
2026/09/23 05:17:46.886, 0, 89 %, 73 %, 3205 MiB, 49140 MiB, 280.79 W, 300.00 W, 71, 2475 MHz
2026/09/23 05:17:47.887, 0, 87 %, 72 %, 3205 MiB, 49140 MiB, 279.19 W, 300.00 W, 72, 2475 MHz
2026/09/23 05:17:48.888, 0, 85 %, 71 %, 3205 MiB, 49140 MiB, 279.64 W, 300.00 W, 72, 2550 MHz
2026/09/23 05:17:49.888, 0, 57 %, 33 %, 3205 MiB, 49140 MiB, 188.65 W, 300.00 W, 66, 2745 MHz
2026/09/23 05:17:50.889, 0, 90 %, 74 %, 3205 MiB, 49140 MiB, 189.13 W, 300.00 W, 70, 2475 MHz
2026/09/23 05:17:51.891, 0, 89 %, 73 %, 3205 MiB, 49140 MiB, 282.66 W, 300.00 W, 71, 2355 MHz
2026/09/23 05:17:52.893, 0, 84 %, 72 %, 3205 MiB, 49140 MiB, 280.47 W, 300.00 W, 71, 2460 MHz
2026/09/23 05:17:53.894, 0, 89 %, 73 %, 3205 MiB, 49140 MiB, 280.64 W, 300.00 W, 71, 2535 MHz
2026/09/23 05:17:54.895, 0, 82 %, 68 %, 3205 MiB, 49140 MiB, 278.33 W, 300.00 W, 70, 2640 MHz
2026/09/23 05:17:55.895, 0, 80 %, 65 %, 3205 MiB, 49140 MiB, 279.76 W, 300.00 W, 70, 2490 MHz
2026/09/23 05:17:56.896, 0, 87 %, 71 %, 3205 MiB, 49140 MiB, 281.70 W, 300.00 W, 71, 2370 MHz
2026/09/23 05:17:57.897, 0, 88 %, 73 %, 3205 MiB, 49140 MiB, 280.71 W, 300.00 W, 71, 2475 MHz
2026/09/23 05:17:58.898, 0, 85 %, 69 %, 3205 MiB, 49140 MiB, 279.46 W, 300.00 W, 72, 2550 MHz
2026/09/23 05:17:59.899, 0, 87 %, 73 %, 3205 MiB, 49140 MiB, 280.79 W, 300.00 W, 72, 2520 MHz
2026/09/23 05:18:00.899, 0, 84 %, 72 %, 3205 MiB, 49140 MiB, 275.46 W, 300.00 W, 71, 2565 MHz
2026/09/23 05:18:01.900, 0, 60 %, 35 %, 3205 MiB, 49140 MiB, 185.92 W, 300.00 W, 66, 2745 MHz
2026/09/23 05:18:02.901, 0, 68 %, 57 %, 3205 MiB, 49140 MiB, 180.50 W, 300.00 W, 71, 2445 MHz
2026/09/23 05:18:03.902, 0, 82 %, 70 %, 3205 MiB, 49140 MiB, 271.67 W, 300.00 W, 70, 2370 MHz
2026/09/23 05:18:04.903, 0, 86 %, 71 %, 3205 MiB, 49140 MiB, 274.16 W, 300.00 W, 70, 2505 MHz
2026/09/23 05:18:05.903, 0, 81 %, 67 %, 3205 MiB, 49140 MiB, 273.65 W, 300.00 W, 72, 2415 MHz
2026/09/23 05:18:06.904, 0, 81 %, 70 %, 3205 MiB, 49140 MiB, 272.34 W, 300.00 W, 71, 2415 MHz
2026/09/23 05:18:07.904, 0, 81 %, 67 %, 3205 MiB, 49140 MiB, 276.50 W, 300.00 W, 70, 2520 MHz
2026/09/23 05:18:08.905, 0, 90 %, 74 %, 3205 MiB, 49140 MiB, 273.24 W, 300.00 W, 71, 2370 MHz
2026/09/23 05:18:09.906, 0, 84 %, 70 %, 3205 MiB, 49140 MiB, 275.52 W, 300.00 W, 71, 2475 MHz
2026/09/23 05:18:10.906, 0, 89 %, 74 %, 3205 MiB, 49140 MiB, 275.43 W, 300.00 W, 71, 2565 MHz
2026/09/23 05:18:11.907, 0, 76 %, 64 %, 3205 MiB, 49140 MiB, 274.62 W, 300.00 W, 71, 2280 MHz
2026/09/23 05:18:12.908, 0, 86 %, 71 %, 3205 MiB, 49140 MiB, 273.95 W, 300.00 W, 70, 2460 MHz
2026/09/23 05:18:13.909, 0, 51 %, 31 %, 3205 MiB, 49140 MiB, 202.89 W, 300.00 W, 66, 2745 MHz
2026/09/23 05:18:14.910, 0, 0 %, 0 %, 3205 MiB, 49140 MiB, 163.21 W, 300.00 W, 71, 2460 MHz
2026/09/23 05:18:15.911, 0, 87 %, 74 %, 3205 MiB, 49140 MiB, 273.52 W, 300.00 W, 71, 2550 MHz
2026/09/23 05:18:16.912, 0, 87 %, 71 %, 3205 MiB, 49140 MiB, 273.67 W, 300.00 W, 71, 2490 MHz
2026/09/23 05:18:17.912, 0, 86 %, 72 %, 3205 MiB, 49140 MiB, 272.55 W, 300.00 W, 70, 2565 MHz
2026/09/23 05:18:18.914, 0, 81 %, 67 %, 3205 MiB, 49140 MiB, 274.45 W, 300.00 W, 70, 2370 MHz
2026/09/23 05:18:19.914, 0, 85 %, 72 %, 3205 MiB, 49140 MiB, 275.52 W, 300.00 W, 72, 2505 MHz
2026/09/23 05:18:20.915, 0, 90 %, 73 %, 3205 MiB, 49140 MiB, 274.93 W, 300.00 W, 71, 2520 MHz
2026/09/23 05:18:21.917, 0, 83 %, 68 %, 3205 MiB, 49140 MiB, 275.39 W, 300.00 W, 71, 2445 MHz
2026/09/23 05:18:22.918, 0, 87 %, 73 %, 3205 MiB, 49140 MiB, 274.22 W, 300.00 W, 70, 2475 MHz
2026/09/23 05:18:23.919, 0, 81 %, 68 %, 3205 MiB, 49140 MiB, 274.55 W, 300.00 W, 72, 2595 MHz
2026/09/23 05:18:24.920, 0, 90 %, 74 %, 3205 MiB, 49140 MiB, 275.25 W, 300.00 W, 71, 2310 MHz
2026/09/23 05:18:25.921, 0, 52 %, 30 %, 3205 MiB, 49140 MiB, 212.71 W, 300.00 W, 66, 2745 MHz
2026/09/23 05:18:26.921, 0, 0 %, 0 %, 3205 MiB, 49140 MiB, 156.56 W, 300.00 W, 71, 2550 MHz
2026/09/23 05:18:27.922, 0, 87 %, 72 %, 3205 MiB, 49140 MiB, 274.74 W, 300.00 W, 71, 2550 MHz
2026/09/23 05:18:28.923, 0, 86 %, 71 %, 3205 MiB, 49140 MiB, 278.27 W, 300.00 W, 70, 2415 MHz
2026/09/23 05:18:29.923, 0, 84 %, 70 %, 3205 MiB, 49140 MiB, 276.64 W, 300.00 W, 71, 2475 MHz
2026/09/23 05:18:30.924, 0, 85 %, 71 %, 3205 MiB, 49140 MiB, 276.16 W, 300.00 W, 71, 2490 MHz
2026/09/23 05:18:31.925, 0, 84 %, 70 %, 3205 MiB, 49140 MiB, 278.49 W, 300.00 W, 70, 2505 MHz
2026/09/23 05:18:32.926, 0, 81 %, 69 %, 3205 MiB, 49140 MiB, 276.85 W, 300.00 W, 71, 2490 MHz
2026/09/23 05:18:33.927, 0, 84 %, 68 %, 3205 MiB, 49140 MiB, 278.76 W, 300.00 W, 71, 2205 MHz
2026/09/23 05:18:34.928, 0, 82 %, 68 %, 3205 MiB, 49140 MiB, 277.83 W, 300.00 W, 72, 2580 MHz
2026/09/23 05:18:35.929, 0, 90 %, 74 %, 3205 MiB, 49140 MiB, 276.59 W, 300.00 W, 71, 2535 MHz
2026/09/23 05:18:36.930, 0, 86 %, 71 %, 3205 MiB, 49140 MiB, 278.68 W, 300.00 W, 71, 2370 MHz
2026/09/23 05:18:37.930, 0, 57 %, 33 %, 3205 MiB, 49140 MiB, 217.50 W, 300.00 W, 66, 2730 MHz
2026/09/23 05:18:38.932, 0, 0 %, 0 %, 3205 MiB, 49140 MiB, 150.39 W, 300.00 W, 70, 2520 MHz
2026/09/23 05:18:39.932, 0, 86 %, 72 %, 3205 MiB, 49140 MiB, 274.42 W, 300.00 W, 70, 2430 MHz
2026/09/23 05:18:40.933, 0, 81 %, 68 %, 3205 MiB, 49140 MiB, 275.67 W, 300.00 W, 72, 2445 MHz
2026/09/23 05:18:41.934, 0, 89 %, 73 %, 3205 MiB, 49140 MiB, 275.54 W, 300.00 W, 71, 2460 MHz
2026/09/23 05:18:42.934, 0, 89 %, 74 %, 3205 MiB, 49140 MiB, 274.94 W, 300.00 W, 71, 2490 MHz
2026/09/23 05:18:43.935, 0, 87 %, 72 %, 3205 MiB, 49140 MiB, 276.47 W, 300.00 W, 71, 2460 MHz
2026/09/23 05:18:44.937, 0, 82 %, 68 %, 3205 MiB, 49140 MiB, 273.15 W, 300.00 W, 72, 2535 MHz
2026/09/23 05:18:45.937, 0, 91 %, 75 %, 3205 MiB, 49140 MiB, 275.19 W, 300.00 W, 71, 2460 MHz
2026/09/23 05:18:46.939, 0, 84 %, 72 %, 3205 MiB, 49140 MiB, 274.58 W, 300.00 W, 71, 2445 MHz
2026/09/23 05:18:47.939, 0, 88 %, 73 %, 3205 MiB, 49140 MiB, 272.70 W, 300.00 W, 71, 2475 MHz
2026/09/23 05:18:48.940, 0, 86 %, 72 %, 3205 MiB, 49140 MiB, 273.44 W, 300.00 W, 71, 2550 MHz
2026/09/23 05:18:49.942, 0, 57 %, 33 %, 3205 MiB, 49140 MiB, 214.00 W, 300.00 W, 66, 2730 MHz
2026/09/23 05:18:50.942, 0, 0 %, 0 %, 3205 MiB, 49140 MiB, 160.03 W, 300.00 W, 70, 2505 MHz
2026/09/23 05:18:51.943, 0, 86 %, 73 %, 3205 MiB, 49140 MiB, 280.30 W, 300.00 W, 72, 2535 MHz
2026/09/23 05:18:52.944, 0, 78 %, 66 %, 3205 MiB, 49140 MiB, 280.01 W, 300.00 W, 72, 2550 MHz
2026/09/23 05:18:53.945, 0, 90 %, 74 %, 3205 MiB, 49140 MiB, 281.96 W, 300.00 W, 71, 2415 MHz
2026/09/23 05:18:54.945, 0, 89 %, 74 %, 3205 MiB, 49140 MiB, 279.95 W, 300.00 W, 72, 2460 MHz
2026/09/23 05:18:55.946, 0, 91 %, 75 %, 3205 MiB, 49140 MiB, 280.10 W, 300.00 W, 72, 2370 MHz
2026/09/23 05:18:56.947, 0, 86 %, 72 %, 3205 MiB, 49140 MiB, 279.65 W, 300.00 W, 72, 2520 MHz
2026/09/23 05:18:57.950, 0, 86 %, 71 %, 3205 MiB, 49140 MiB, 282.02 W, 300.00 W, 72, 2520 MHz
2026/09/23 05:18:58.950, 0, 85 %, 71 %, 3205 MiB, 49140 MiB, 279.13 W, 300.00 W, 71, 2565 MHz
2026/09/23 05:18:59.951, 0, 85 %, 71 %, 3205 MiB, 49140 MiB, 279.89 W, 300.00 W, 72, 2355 MHz
2026/09/23 05:19:00.952, 0, 91 %, 75 %, 3205 MiB, 49140 MiB, 280.51 W, 300.00 W, 72, 2490 MHz
2026/09/23 05:19:01.952, 0, 60 %, 35 %, 3205 MiB, 49140 MiB, 210.73 W, 300.00 W, 66, 2730 MHz
2026/09/23 05:19:02.953, 0, 0 %, 0 %, 3205 MiB, 49140 MiB, 155.85 W, 300.00 W, 70, 2640 MHz
2026/09/23 05:19:03.954, 0, 87 %, 71 %, 3205 MiB, 49140 MiB, 274.50 W, 300.00 W, 71, 2535 MHz
2026/09/23 05:19:04.954, 0, 84 %, 70 %, 3205 MiB, 49140 MiB, 277.98 W, 300.00 W, 72, 2370 MHz
2026/09/23 05:19:05.955, 0, 82 %, 69 %, 3205 MiB, 49140 MiB, 276.96 W, 300.00 W, 70, 2535 MHz
2026/09/23 05:19:06.956, 0, 83 %, 71 %, 3205 MiB, 49140 MiB, 278.43 W, 300.00 W, 72, 2460 MHz
2026/09/23 05:19:07.957, 0, 86 %, 72 %, 3205 MiB, 49140 MiB, 277.04 W, 300.00 W, 72, 2460 MHz
2026/09/23 05:19:08.958, 0, 90 %, 74 %, 3205 MiB, 49140 MiB, 275.92 W, 300.00 W, 71, 2430 MHz
2026/09/23 05:19:09.959, 0, 91 %, 75 %, 3205 MiB, 49140 MiB, 277.59 W, 300.00 W, 71, 2385 MHz
2026/09/23 05:19:10.960, 0, 86 %, 71 %, 3205 MiB, 49140 MiB, 279.96 W, 300.00 W, 72, 2340 MHz
2026/09/23 05:19:11.960, 0, 90 %, 74 %, 3205 MiB, 49140 MiB, 281.29 W, 300.00 W, 72, 2430 MHz
2026/09/23 05:19:12.962, 0, 85 %, 71 %, 3205 MiB, 49140 MiB, 277.06 W, 300.00 W, 71, 2475 MHz
2026/09/23 05:19:13.963, 0, 57 %, 33 %, 3205 MiB, 49140 MiB, 217.84 W, 300.00 W, 66, 2745 MHz
2026/09/23 05:19:14.963, 0, 0 %, 0 %, 3205 MiB, 49140 MiB, 157.02 W, 300.00 W, 71, 2460 MHz
2026/09/23 05:19:15.964, 0, 84 %, 71 %, 3205 MiB, 49140 MiB, 279.06 W, 300.00 W, 70, 2535 MHz
2026/09/23 05:19:16.965, 0, 86 %, 73 %, 3205 MiB, 49140 MiB, 274.65 W, 300.00 W, 71, 2535 MHz
2026/09/23 05:19:17.967, 0, 80 %, 66 %, 3205 MiB, 49140 MiB, 274.84 W, 300.00 W, 72, 2475 MHz
2026/09/23 05:19:18.968, 0, 87 %, 72 %, 3205 MiB, 49140 MiB, 275.54 W, 300.00 W, 71, 2490 MHz
2026/09/23 05:19:19.968, 0, 83 %, 70 %, 3205 MiB, 49140 MiB, 275.38 W, 300.00 W, 71, 2535 MHz
2026/09/23 05:19:20.969, 0, 87 %, 72 %, 3205 MiB, 49140 MiB, 277.33 W, 300.00 W, 71, 2505 MHz
2026/09/23 05:19:21.969, 0, 85 %, 71 %, 3205 MiB, 49140 MiB, 278.58 W, 300.00 W, 72, 2250 MHz
2026/09/23 05:19:22.972, 0, 85 %, 71 %, 3205 MiB, 49140 MiB, 277.30 W, 300.00 W, 70, 2535 MHz
2026/09/23 05:19:23.973, 0, 82 %, 68 %, 3205 MiB, 49140 MiB, 277.91 W, 300.00 W, 72, 2355 MHz
2026/09/23 05:19:24.973, 0, 89 %, 73 %, 3205 MiB, 49140 MiB, 276.46 W, 300.00 W, 70, 2625 MHz
2026/09/23 05:19:25.974, 0, 69 %, 40 %, 3205 MiB, 49140 MiB, 231.43 W, 300.00 W, 66, 2730 MHz
2026/09/23 05:19:26.975, 0, 0 %, 0 %, 3205 MiB, 49140 MiB, 145.42 W, 300.00 W, 72, 2415 MHz
2026/09/23 05:19:27.977, 0, 91 %, 76 %, 3205 MiB, 49140 MiB, 278.80 W, 300.00 W, 70, 2580 MHz
2026/09/23 05:19:28.977, 0, 84 %, 71 %, 3205 MiB, 49140 MiB, 280.44 W, 300.00 W, 71, 2505 MHz
2026/09/23 05:19:29.978, 0, 85 %, 70 %, 3205 MiB, 49140 MiB, 279.55 W, 300.00 W, 72, 2430 MHz
2026/09/23 05:19:30.978, 0, 86 %, 71 %, 3205 MiB, 49140 MiB, 279.39 W, 300.00 W, 71, 2490 MHz
2026/09/23 05:19:31.979, 0, 85 %, 72 %, 3205 MiB, 49140 MiB, 282.73 W, 300.00 W, 71, 2460 MHz
2026/09/23 05:19:32.979, 0, 86 %, 70 %, 3205 MiB, 49140 MiB, 279.61 W, 300.00 W, 71, 2520 MHz
2026/09/23 05:19:33.980, 0, 81 %, 69 %, 3205 MiB, 49140 MiB, 280.77 W, 300.00 W, 71, 2490 MHz
2026/09/23 05:19:34.980, 0, 82 %, 68 %, 3205 MiB, 49140 MiB, 280.27 W, 300.00 W, 73, 2430 MHz
2026/09/23 05:19:35.981, 0, 91 %, 76 %, 3205 MiB, 49140 MiB, 282.37 W, 300.00 W, 73, 2325 MHz
2026/09/23 05:19:36.982, 0, 86 %, 71 %, 3205 MiB, 49140 MiB, 283.67 W, 300.00 W, 73, 2370 MHz
2026/09/23 05:19:37.983, 0, 63 %, 37 %, 3205 MiB, 49140 MiB, 231.84 W, 300.00 W, 66, 2730 MHz
2026/09/23 05:19:38.983, 0, 0 %, 0 %, 3205 MiB, 49140 MiB, 144.25 W, 300.00 W, 71, 2490 MHz
2026/09/23 05:19:39.984, 0, 85 %, 69 %, 3205 MiB, 49140 MiB, 280.58 W, 300.00 W, 71, 2415 MHz
2026/09/23 05:19:40.985, 0, 88 %, 73 %, 3205 MiB, 49140 MiB, 279.61 W, 300.00 W, 72, 2325 MHz
2026/09/23 05:19:41.986, 0, 87 %, 72 %, 3205 MiB, 49140 MiB, 276.64 W, 300.00 W, 72, 2490 MHz
2026/09/23 05:19:42.986, 0, 85 %, 71 %, 3205 MiB, 49140 MiB, 280.22 W, 300.00 W, 72, 2460 MHz
2026/09/23 05:19:43.987, 0, 89 %, 73 %, 3205 MiB, 49140 MiB, 280.46 W, 300.00 W, 71, 2550 MHz
2026/09/23 05:19:44.988, 0, 85 %, 70 %, 3205 MiB, 49140 MiB, 280.23 W, 300.00 W, 72, 2400 MHz
2026/09/23 05:19:45.988, 0, 88 %, 73 %, 3205 MiB, 49140 MiB, 278.83 W, 300.00 W, 71, 2580 MHz
2026/09/23 05:19:46.989, 0, 84 %, 70 %, 3205 MiB, 49140 MiB, 276.84 W, 300.00 W, 72, 2580 MHz
2026/09/23 05:19:47.990, 0, 91 %, 74 %, 3205 MiB, 49140 MiB, 281.57 W, 300.00 W, 71, 2430 MHz
2026/09/23 05:19:48.991, 0, 91 %, 76 %, 3205 MiB, 49140 MiB, 281.22 W, 300.00 W, 70, 2460 MHz
2026/09/23 05:19:49.992, 0, 62 %, 37 %, 3205 MiB, 49140 MiB, 235.95 W, 300.00 W, 66, 2610 MHz
2026/09/23 05:19:50.993, 0, 0 %, 0 %, 3205 MiB, 49140 MiB, 131.84 W, 300.00 W, 71, 2535 MHz
2026/09/23 05:19:51.995, 0, 88 %, 74 %, 3205 MiB, 49140 MiB, 276.66 W, 300.00 W, 72, 2460 MHz
2026/09/23 05:19:52.995, 0, 87 %, 71 %, 3205 MiB, 49140 MiB, 276.22 W, 300.00 W, 70, 2550 MHz
2026/09/23 05:19:53.996, 0, 85 %, 70 %, 3205 MiB, 49140 MiB, 274.26 W, 300.00 W, 70, 2490 MHz
2026/09/23 05:19:54.998, 0, 82 %, 70 %, 3205 MiB, 49140 MiB, 272.74 W, 300.00 W, 71, 2475 MHz
2026/09/23 05:19:55.999, 0, 87 %, 72 %, 3205 MiB, 49140 MiB, 273.97 W, 300.00 W, 72, 2310 MHz
2026/09/23 05:19:57.000, 0, 87 %, 72 %, 3205 MiB, 49140 MiB, 277.01 W, 300.00 W, 70, 2415 MHz
2026/09/23 05:19:58.001, 0, 86 %, 71 %, 3205 MiB, 49140 MiB, 275.51 W, 300.00 W, 71, 2490 MHz
2026/09/23 05:19:59.001, 0, 88 %, 72 %, 3205 MiB, 49140 MiB, 273.32 W, 300.00 W, 72, 2400 MHz
2026/09/23 05:20:00.002, 0, 85 %, 71 %, 3205 MiB, 49140 MiB, 276.75 W, 300.00 W, 72, 2415 MHz
2026/09/23 05:20:01.002, 0, 90 %, 74 %, 3205 MiB, 49140 MiB, 279.52 W, 300.00 W, 72, 2490 MHz
2026/09/23 05:20:02.003, 0, 67 %, 39 %, 3205 MiB, 49140 MiB, 235.94 W, 300.00 W, 66, 2745 MHz
2026/09/23 05:20:03.004, 0, 0 %, 0 %, 3205 MiB, 49140 MiB, 137.26 W, 300.00 W, 71, 2580 MHz
2026/09/23 05:20:04.005, 0, 88 %, 72 %, 3205 MiB, 49140 MiB, 275.86 W, 300.00 W, 71, 2490 MHz
2026/09/23 05:20:05.005, 0, 86 %, 70 %, 3205 MiB, 49140 MiB, 277.52 W, 300.00 W, 71, 2355 MHz
2026/09/23 05:20:06.006, 0, 80 %, 65 %, 3205 MiB, 49140 MiB, 275.89 W, 300.00 W, 71, 2550 MHz
2026/09/23 05:20:07.006, 0, 80 %, 66 %, 3205 MiB, 49140 MiB, 277.99 W, 300.00 W, 72, 2460 MHz
2026/09/23 05:20:08.007, 0, 89 %, 74 %, 3205 MiB, 49140 MiB, 279.89 W, 300.00 W, 72, 2505 MHz
2026/09/23 05:20:09.008, 0, 90 %, 75 %, 3205 MiB, 49140 MiB, 279.46 W, 300.00 W, 71, 2520 MHz
2026/09/23 05:20:10.009, 0, 88 %, 72 %, 3205 MiB, 49140 MiB, 277.21 W, 300.00 W, 71, 2475 MHz
2026/09/23 05:20:11.009, 0, 89 %, 73 %, 3205 MiB, 49140 MiB, 281.85 W, 300.00 W, 72, 2505 MHz
2026/09/23 05:20:12.010, 0, 88 %, 73 %, 3205 MiB, 49140 MiB, 277.89 W, 300.00 W, 71, 2520 MHz
2026/09/23 05:20:13.011, 0, 86 %, 71 %, 3205 MiB, 49140 MiB, 278.16 W, 300.00 W, 71, 2490 MHz
2026/09/23 05:20:14.011, 0, 60 %, 35 %, 3205 MiB, 49140 MiB, 233.97 W, 300.00 W, 66, 2745 MHz
2026/09/23 05:20:15.012, 0, 0 %, 0 %, 3205 MiB, 49140 MiB, 150.60 W, 300.00 W, 70, 2490 MHz
2026/09/23 05:20:16.013, 0, 85 %, 70 %, 3205 MiB, 49140 MiB, 279.63 W, 300.00 W, 70, 2535 MHz
2026/09/23 05:20:17.014, 0, 88 %, 73 %, 3205 MiB, 49140 MiB, 278.66 W, 300.00 W, 71, 2505 MHz
2026/09/23 05:20:18.016, 0, 84 %, 69 %, 3205 MiB, 49140 MiB, 277.15 W, 300.00 W, 70, 2460 MHz
2026/09/23 05:20:19.016, 0, 83 %, 68 %, 3205 MiB, 49140 MiB, 277.88 W, 300.00 W, 71, 2535 MHz
2026/09/23 05:20:20.017, 0, 86 %, 73 %, 3205 MiB, 49140 MiB, 281.08 W, 300.00 W, 71, 2400 MHz
2026/09/23 05:20:21.018, 0, 80 %, 66 %, 3205 MiB, 49140 MiB, 281.72 W, 300.00 W, 72, 2505 MHz
2026/09/23 05:20:22.018, 0, 87 %, 71 %, 3205 MiB, 49140 MiB, 280.09 W, 300.00 W, 71, 2460 MHz
2026/09/23 05:20:23.019, 0, 83 %, 68 %, 3205 MiB, 49140 MiB, 278.50 W, 300.00 W, 70, 2460 MHz
2026/09/23 05:20:24.020, 0, 85 %, 70 %, 3205 MiB, 49140 MiB, 277.50 W, 300.00 W, 72, 2385 MHz
2026/09/23 05:20:25.021, 0, 89 %, 74 %, 3205 MiB, 49140 MiB, 284.15 W, 300.00 W, 71, 2265 MHz
2026/09/23 05:20:26.022, 0, 56 %, 32 %, 3205 MiB, 49140 MiB, 242.34 W, 300.00 W, 67, 2745 MHz
2026/09/23 05:20:27.022, 0, 0 %, 0 %, 3205 MiB, 49140 MiB, 131.07 W, 300.00 W, 70, 2610 MHz
2026/09/23 05:20:28.024, 0, 85 %, 70 %, 3205 MiB, 49140 MiB, 275.36 W, 300.00 W, 70, 2460 MHz
2026/09/23 05:20:29.025, 0, 84 %, 70 %, 3205 MiB, 49140 MiB, 278.03 W, 300.00 W, 71, 2535 MHz
2026/09/23 05:20:30.025, 0, 87 %, 71 %, 3205 MiB, 49140 MiB, 276.82 W, 300.00 W, 71, 2535 MHz
2026/09/23 05:20:31.026, 0, 83 %, 69 %, 3205 MiB, 49140 MiB, 277.67 W, 300.00 W, 72, 2595 MHz
2026/09/23 05:20:32.027, 0, 85 %, 70 %, 3205 MiB, 49140 MiB, 275.73 W, 300.00 W, 71, 2535 MHz
2026/09/23 05:20:33.028, 0, 87 %, 72 %, 3205 MiB, 49140 MiB, 278.71 W, 300.00 W, 71, 2505 MHz
2026/09/23 05:20:34.029, 0, 87 %, 71 %, 3205 MiB, 49140 MiB, 277.95 W, 300.00 W, 72, 2475 MHz
2026/09/23 05:20:35.030, 0, 84 %, 70 %, 3205 MiB, 49140 MiB, 277.80 W, 300.00 W, 72, 2595 MHz
2026/09/23 05:20:36.030, 0, 88 %, 73 %, 3205 MiB, 49140 MiB, 275.55 W, 300.00 W, 71, 2535 MHz
2026/09/23 05:20:37.031, 0, 90 %, 75 %, 3205 MiB, 49140 MiB, 280.05 W, 300.00 W, 72, 2460 MHz
2026/09/23 05:20:38.032, 0, 69 %, 40 %, 3205 MiB, 49140 MiB, 244.16 W, 300.00 W, 67, 2745 MHz
2026/09/23 05:20:39.033, 0, 0 %, 0 %, 3205 MiB, 49140 MiB, 130.56 W, 300.00 W, 70, 2505 MHz
2026/09/23 05:20:40.034, 0, 85 %, 71 %, 3205 MiB, 49140 MiB, 271.11 W, 300.00 W, 70, 2460 MHz
2026/09/23 05:20:41.035, 0, 83 %, 70 %, 3205 MiB, 49140 MiB, 273.86 W, 300.00 W, 71, 2445 MHz
2026/09/23 05:20:42.035, 0, 84 %, 69 %, 3205 MiB, 49140 MiB, 276.61 W, 300.00 W, 70, 2505 MHz
2026/09/23 05:20:43.036, 0, 85 %, 72 %, 3205 MiB, 49140 MiB, 274.54 W, 300.00 W, 71, 2490 MHz
2026/09/23 05:20:44.037, 0, 84 %, 68 %, 3205 MiB, 49140 MiB, 275.30 W, 300.00 W, 71, 2520 MHz
2026/09/23 05:20:45.038, 0, 85 %, 71 %, 3205 MiB, 49140 MiB, 274.20 W, 300.00 W, 70, 2505 MHz
2026/09/23 05:20:46.038, 0, 84 %, 69 %, 3205 MiB, 49140 MiB, 272.71 W, 300.00 W, 72, 2415 MHz
2026/09/23 05:20:47.039, 0, 81 %, 66 %, 3205 MiB, 49140 MiB, 273.83 W, 300.00 W, 72, 2445 MHz
2026/09/23 05:20:48.040, 0, 85 %, 70 %, 3205 MiB, 49140 MiB, 274.63 W, 300.00 W, 71, 2460 MHz
2026/09/23 05:20:49.043, 0, 85 %, 70 %, 3205 MiB, 49140 MiB, 275.15 W, 300.00 W, 71, 2475 MHz
2026/09/23 05:20:50.044, 0, 63 %, 37 %, 3205 MiB, 49140 MiB, 249.23 W, 300.00 W, 67, 2745 MHz
2026/09/23 05:20:51.044, 0, 0 %, 0 %, 3205 MiB, 49140 MiB, 129.20 W, 300.00 W, 69, 2400 MHz
2026/09/23 05:20:52.046, 0, 82 %, 67 %, 3205 MiB, 49140 MiB, 277.27 W, 300.00 W, 72, 2460 MHz
2026/09/23 05:20:53.046, 0, 84 %, 69 %, 3205 MiB, 49140 MiB, 277.24 W, 300.00 W, 70, 2445 MHz
2026/09/23 05:20:54.047, 0, 87 %, 73 %, 3205 MiB, 49140 MiB, 275.55 W, 300.00 W, 71, 2475 MHz
2026/09/23 05:20:55.048, 0, 84 %, 69 %, 3205 MiB, 49140 MiB, 278.44 W, 300.00 W, 71, 2430 MHz
2026/09/23 05:20:56.049, 0, 85 %, 71 %, 3205 MiB, 49140 MiB, 276.06 W, 300.00 W, 71, 2505 MHz
2026/09/23 05:20:57.049, 0, 84 %, 70 %, 3205 MiB, 49140 MiB, 275.37 W, 300.00 W, 71, 2520 MHz
2026/09/23 05:20:58.050, 0, 77 %, 65 %, 3205 MiB, 49140 MiB, 276.06 W, 300.00 W, 72, 2400 MHz
2026/09/23 05:20:59.051, 0, 88 %, 73 %, 3205 MiB, 49140 MiB, 280.08 W, 300.00 W, 72, 2415 MHz
2026/09/23 05:21:00.052, 0, 87 %, 71 %, 3205 MiB, 49140 MiB, 279.16 W, 300.00 W, 71, 2505 MHz
2026/09/23 05:21:01.054, 0, 87 %, 72 %, 3205 MiB, 49140 MiB, 280.29 W, 300.00 W, 71, 2535 MHz
2026/09/23 05:21:02.055, 0, 55 %, 32 %, 3205 MiB, 49140 MiB, 254.68 W, 300.00 W, 67, 2730 MHz
2026/09/23 05:21:03.056, 0, 0 %, 0 %, 3205 MiB, 49140 MiB, 138.76 W, 300.00 W, 69, 2460 MHz
2026/09/23 05:21:04.056, 0, 87 %, 73 %, 3205 MiB, 49140 MiB, 274.63 W, 300.00 W, 71, 2490 MHz
2026/09/23 05:21:05.057, 0, 89 %, 74 %, 3205 MiB, 49140 MiB, 278.01 W, 300.00 W, 71, 2550 MHz
2026/09/23 05:21:06.058, 0, 91 %, 73 %, 3205 MiB, 49140 MiB, 278.87 W, 300.00 W, 72, 2370 MHz
2026/09/23 05:21:07.059, 0, 87 %, 75 %, 3205 MiB, 49140 MiB, 276.76 W, 300.00 W, 70, 2535 MHz
2026/09/23 05:21:08.060, 0, 81 %, 67 %, 3205 MiB, 49140 MiB, 277.00 W, 300.00 W, 71, 2490 MHz
2026/09/23 05:21:09.061, 0, 88 %, 70 %, 3205 MiB, 49140 MiB, 276.60 W, 300.00 W, 70, 2520 MHz
2026/09/23 05:21:10.062, 0, 78 %, 65 %, 3205 MiB, 49140 MiB, 275.00 W, 300.00 W, 71, 2490 MHz
2026/09/23 05:21:11.063, 0, 85 %, 73 %, 3205 MiB, 49140 MiB, 276.36 W, 300.00 W, 72, 2505 MHz
2026/09/23 05:21:12.063, 0, 87 %, 73 %, 3205 MiB, 49140 MiB, 278.71 W, 300.00 W, 71, 2490 MHz
2026/09/23 05:21:13.064, 0, 82 %, 70 %, 3205 MiB, 49140 MiB, 276.98 W, 300.00 W, 70, 2550 MHz
2026/09/23 05:21:14.065, 0, 66 %, 38 %, 3205 MiB, 49140 MiB, 248.71 W, 300.00 W, 69, 2730 MHz
2026/09/23 05:21:15.065, 0, 0 %, 0 %, 3205 MiB, 49140 MiB, 126.54 W, 300.00 W, 71, 2520 MHz
2026/09/23 05:21:16.066, 0, 88 %, 73 %, 3205 MiB, 49140 MiB, 279.64 W, 300.00 W, 71, 2490 MHz
2026/09/23 05:21:17.067, 0, 83 %, 68 %, 3205 MiB, 49140 MiB, 281.32 W, 300.00 W, 71, 2475 MHz
2026/09/23 05:21:18.068, 0, 81 %, 66 %, 3205 MiB, 49140 MiB, 280.63 W, 300.00 W, 70, 2550 MHz
2026/09/23 05:21:19.071, 0, 90 %, 73 %, 3205 MiB, 49140 MiB, 279.61 W, 300.00 W, 70, 2535 MHz
2026/09/23 05:21:20.072, 0, 83 %, 70 %, 3205 MiB, 49140 MiB, 280.63 W, 300.00 W, 72, 2415 MHz
2026/09/23 05:21:21.074, 0, 83 %, 69 %, 3205 MiB, 49140 MiB, 281.74 W, 300.00 W, 72, 2265 MHz
2026/09/23 05:21:22.074, 0, 87 %, 72 %, 3205 MiB, 49140 MiB, 279.07 W, 300.00 W, 71, 2445 MHz
2026/09/23 05:21:23.075, 0, 87 %, 74 %, 3205 MiB, 49140 MiB, 281.65 W, 300.00 W, 71, 2565 MHz
2026/09/23 05:21:24.075, 0, 88 %, 71 %, 3205 MiB, 49140 MiB, 279.65 W, 300.00 W, 72, 2490 MHz
2026/09/23 05:21:25.076, 0, 82 %, 68 %, 3205 MiB, 49140 MiB, 281.75 W, 300.00 W, 71, 2490 MHz
2026/09/23 05:21:26.077, 0, 55 %, 33 %, 3205 MiB, 49140 MiB, 254.28 W, 300.00 W, 70, 2730 MHz
2026/09/23 05:21:27.078, 0, 0 %, 0 %, 3205 MiB, 49140 MiB, 131.53 W, 300.00 W, 69, 2505 MHz
2026/09/23 05:21:28.079, 0, 86 %, 73 %, 3205 MiB, 49140 MiB, 276.95 W, 300.00 W, 71, 2460 MHz
2026/09/23 05:21:29.079, 0, 85 %, 73 %, 3205 MiB, 49140 MiB, 277.80 W, 300.00 W, 71, 2505 MHz
2026/09/23 05:21:30.081, 0, 83 %, 68 %, 3205 MiB, 49140 MiB, 278.47 W, 300.00 W, 71, 2490 MHz
2026/09/23 05:21:31.081, 0, 87 %, 75 %, 3205 MiB, 49140 MiB, 277.58 W, 300.00 W, 71, 2445 MHz
2026/09/23 05:21:32.082, 0, 82 %, 67 %, 3205 MiB, 49140 MiB, 278.35 W, 300.00 W, 71, 2460 MHz
2026/09/23 05:21:33.083, 0, 84 %, 69 %, 3205 MiB, 49140 MiB, 278.66 W, 300.00 W, 71, 2520 MHz
2026/09/23 05:21:34.084, 0, 81 %, 67 %, 3205 MiB, 49140 MiB, 277.57 W, 300.00 W, 71, 2430 MHz
2026/09/23 05:21:35.085, 0, 84 %, 70 %, 3205 MiB, 49140 MiB, 277.67 W, 300.00 W, 72, 2580 MHz
2026/09/23 05:21:36.085, 0, 88 %, 73 %, 3205 MiB, 49140 MiB, 274.85 W, 300.00 W, 70, 2520 MHz
2026/09/23 05:21:37.086, 0, 80 %, 67 %, 3205 MiB, 49140 MiB, 278.68 W, 300.00 W, 72, 2445 MHz
2026/09/23 05:21:38.086, 0, 65 %, 38 %, 3205 MiB, 49140 MiB, 255.64 W, 300.00 W, 70, 2730 MHz
2026/09/23 05:21:39.087, 0, 0 %, 0 %, 3205 MiB, 49140 MiB, 134.78 W, 300.00 W, 70, 2310 MHz
2026/09/23 05:21:40.087, 0, 89 %, 71 %, 3205 MiB, 49140 MiB, 273.89 W, 300.00 W, 71, 2505 MHz
2026/09/23 05:21:41.091, 0, 84 %, 71 %, 3205 MiB, 49140 MiB, 276.61 W, 300.00 W, 71, 2580 MHz
2026/09/23 05:21:42.091, 0, 82 %, 68 %, 3205 MiB, 49140 MiB, 276.70 W, 300.00 W, 71, 2460 MHz
2026/09/23 05:21:43.093, 0, 90 %, 74 %, 3205 MiB, 49140 MiB, 278.03 W, 300.00 W, 71, 2325 MHz
2026/09/23 05:21:44.093, 0, 87 %, 72 %, 3205 MiB, 49140 MiB, 273.32 W, 300.00 W, 72, 2550 MHz
2026/09/23 05:21:45.094, 0, 84 %, 70 %, 3205 MiB, 49140 MiB, 274.60 W, 300.00 W, 72, 2490 MHz
2026/09/23 05:21:46.095, 0, 86 %, 70 %, 3205 MiB, 49140 MiB, 273.59 W, 300.00 W, 70, 2520 MHz
2026/09/23 05:21:47.096, 0, 87 %, 73 %, 3205 MiB, 49140 MiB, 274.53 W, 300.00 W, 72, 2415 MHz
2026/09/23 05:21:48.097, 0, 84 %, 72 %, 3205 MiB, 49140 MiB, 274.52 W, 300.00 W, 72, 2235 MHz
2026/09/23 05:21:49.097, 0, 88 %, 71 %, 3205 MiB, 49140 MiB, 273.98 W, 300.00 W, 70, 2535 MHz
2026/09/23 05:21:50.098, 0, 58 %, 34 %, 3205 MiB, 49140 MiB, 252.55 W, 300.00 W, 71, 2730 MHz
2026/09/23 05:21:51.099, 0, 0 %, 0 %, 3205 MiB, 49140 MiB, 131.59 W, 300.00 W, 71, 2475 MHz
2026/09/23 05:21:52.099, 0, 85 %, 70 %, 3205 MiB, 49140 MiB, 279.27 W, 300.00 W, 72, 2400 MHz
2026/09/23 05:21:53.100, 0, 86 %, 74 %, 3205 MiB, 49140 MiB, 278.35 W, 300.00 W, 71, 2370 MHz
2026/09/23 05:21:54.101, 0, 89 %, 72 %, 3205 MiB, 49140 MiB, 281.72 W, 300.00 W, 71, 2160 MHz
2026/09/23 05:21:55.101, 0, 87 %, 73 %, 3205 MiB, 49140 MiB, 279.61 W, 300.00 W, 71, 2580 MHz
2026/09/23 05:21:56.102, 0, 82 %, 68 %, 3205 MiB, 49140 MiB, 280.77 W, 300.00 W, 72, 2490 MHz
2026/09/23 05:21:57.103, 0, 86 %, 74 %, 3205 MiB, 49140 MiB, 281.08 W, 300.00 W, 72, 2445 MHz
2026/09/23 05:21:58.104, 0, 86 %, 72 %, 3205 MiB, 49140 MiB, 279.01 W, 300.00 W, 70, 2460 MHz
2026/09/23 05:21:59.105, 0, 86 %, 71 %, 3205 MiB, 49140 MiB, 278.37 W, 300.00 W, 72, 2535 MHz
2026/09/23 05:22:00.105, 0, 83 %, 70 %, 3205 MiB, 49140 MiB, 280.75 W, 300.00 W, 72, 2340 MHz
2026/09/23 05:22:01.107, 0, 84 %, 72 %, 3205 MiB, 49140 MiB, 280.39 W, 300.00 W, 71, 2535 MHz
2026/09/23 05:22:02.108, 0, 60 %, 35 %, 3205 MiB, 49140 MiB, 246.25 W, 300.00 W, 69, 2730 MHz
2026/09/23 05:22:03.109, 0, 0 %, 0 %, 3205 MiB, 49140 MiB, 134.53 W, 300.00 W, 71, 2520 MHz
2026/09/23 05:22:04.110, 0, 88 %, 73 %, 3205 MiB, 49140 MiB, 277.27 W, 300.00 W, 70, 2520 MHz
2026/09/23 05:22:05.112, 0, 83 %, 68 %, 3205 MiB, 49140 MiB, 278.53 W, 300.00 W, 71, 2475 MHz
2026/09/23 05:22:06.112, 0, 80 %, 67 %, 3205 MiB, 49140 MiB, 276.68 W, 300.00 W, 71, 2355 MHz
2026/09/23 05:22:07.114, 0, 84 %, 69 %, 3205 MiB, 49140 MiB, 276.65 W, 300.00 W, 72, 2445 MHz
2026/09/23 05:22:08.114, 0, 88 %, 73 %, 3205 MiB, 49140 MiB, 277.66 W, 300.00 W, 71, 2550 MHz
2026/09/23 05:22:09.115, 0, 88 %, 75 %, 3205 MiB, 49140 MiB, 278.70 W, 300.00 W, 71, 2355 MHz
2026/09/23 05:22:10.116, 0, 90 %, 73 %, 3205 MiB, 49140 MiB, 278.04 W, 300.00 W, 72, 2535 MHz
2026/09/23 05:22:11.116, 0, 85 %, 73 %, 3205 MiB, 49140 MiB, 277.37 W, 300.00 W, 71, 2460 MHz
2026/09/23 05:22:12.117, 0, 86 %, 72 %, 3205 MiB, 49140 MiB, 277.70 W, 300.00 W, 71, 2370 MHz
2026/09/23 05:22:13.118, 0, 82 %, 67 %, 3205 MiB, 49140 MiB, 280.21 W, 300.00 W, 71, 2535 MHz
2026/09/23 05:22:14.118, 0, 61 %, 35 %, 3205 MiB, 49140 MiB, 258.45 W, 300.00 W, 73, 2730 MHz
2026/09/23 05:22:15.119, 0, 0 %, 0 %, 3205 MiB, 49140 MiB, 132.18 W, 300.00 W, 70, 2460 MHz
2026/09/23 05:22:16.120, 0, 84 %, 68 %, 3205 MiB, 49140 MiB, 276.55 W, 300.00 W, 71, 2325 MHz
2026/09/23 05:22:17.121, 0, 86 %, 70 %, 3205 MiB, 49140 MiB, 277.80 W, 300.00 W, 73, 2460 MHz
2026/09/23 05:22:18.122, 0, 81 %, 67 %, 3205 MiB, 49140 MiB, 278.71 W, 300.00 W, 71, 2370 MHz
2026/09/23 05:22:19.123, 0, 91 %, 77 %, 3205 MiB, 49140 MiB, 280.96 W, 300.00 W, 71, 2415 MHz
2026/09/23 05:22:20.123, 0, 89 %, 72 %, 3205 MiB, 49140 MiB, 277.12 W, 300.00 W, 71, 2520 MHz
2026/09/23 05:22:21.125, 0, 83 %, 70 %, 3205 MiB, 49140 MiB, 276.61 W, 300.00 W, 72, 2460 MHz
2026/09/23 05:22:22.126, 0, 87 %, 72 %, 3205 MiB, 49140 MiB, 276.09 W, 300.00 W, 71, 2505 MHz
2026/09/23 05:22:23.127, 0, 88 %, 73 %, 3205 MiB, 49140 MiB, 278.38 W, 300.00 W, 72, 2505 MHz
2026/09/23 05:22:24.128, 0, 83 %, 70 %, 3205 MiB, 49140 MiB, 276.58 W, 300.00 W, 72, 2370 MHz
2026/09/23 05:22:25.129, 0, 88 %, 72 %, 3205 MiB, 49140 MiB, 277.68 W, 300.00 W, 71, 2430 MHz
2026/09/23 05:22:26.130, 0, 61 %, 35 %, 3205 MiB, 49140 MiB, 257.85 W, 300.00 W, 73, 2700 MHz
2026/09/23 05:22:27.130, 0, 0 %, 0 %, 3205 MiB, 49140 MiB, 127.07 W, 300.00 W, 70, 2460 MHz
2026/09/23 05:22:28.131, 0, 88 %, 73 %, 3205 MiB, 49140 MiB, 270.77 W, 300.00 W, 71, 2370 MHz
2026/09/23 05:22:29.131, 0, 83 %, 70 %, 3205 MiB, 49140 MiB, 271.65 W, 300.00 W, 70, 2520 MHz
2026/09/23 05:22:30.132, 0, 90 %, 74 %, 3205 MiB, 49140 MiB, 274.19 W, 300.00 W, 71, 2520 MHz
2026/09/23 05:22:31.133, 0, 89 %, 74 %, 3205 MiB, 49140 MiB, 269.94 W, 300.00 W, 72, 2490 MHz
2026/09/23 05:22:32.134, 0, 88 %, 75 %, 3205 MiB, 49140 MiB, 271.01 W, 300.00 W, 71, 2505 MHz
2026/09/23 05:22:33.137, 0, 85 %, 68 %, 3205 MiB, 49140 MiB, 271.65 W, 300.00 W, 71, 2490 MHz
2026/09/23 05:22:34.138, 0, 87 %, 71 %, 3205 MiB, 49140 MiB, 273.17 W, 300.00 W, 71, 2475 MHz
2026/09/23 05:22:35.138, 0, 86 %, 70 %, 3205 MiB, 49140 MiB, 272.37 W, 300.00 W, 70, 2385 MHz
2026/09/23 05:22:36.139, 0, 79 %, 65 %, 3205 MiB, 49140 MiB, 270.70 W, 300.00 W, 71, 2400 MHz
2026/09/23 05:22:37.140, 0, 84 %, 68 %, 3205 MiB, 49140 MiB, 268.45 W, 300.00 W, 71, 2295 MHz
2026/09/23 05:22:38.141, 0, 67 %, 39 %, 3205 MiB, 49140 MiB, 258.35 W, 300.00 W, 68, 2730 MHz
2026/09/23 05:22:39.141, 0, 0 %, 0 %, 3205 MiB, 49140 MiB, 129.85 W, 300.00 W, 70, 2460 MHz
2026/09/23 05:22:40.142, 0, 82 %, 70 %, 3205 MiB, 49140 MiB, 271.46 W, 300.00 W, 71, 2565 MHz
2026/09/23 05:22:41.142, 0, 86 %, 69 %, 3205 MiB, 49140 MiB, 275.78 W, 300.00 W, 72, 2475 MHz
2026/09/23 05:22:42.143, 0, 85 %, 71 %, 3205 MiB, 49140 MiB, 274.01 W, 300.00 W, 72, 2520 MHz
2026/09/23 05:22:43.144, 0, 88 %, 75 %, 3205 MiB, 49140 MiB, 274.07 W, 300.00 W, 71, 2550 MHz
2026/09/23 05:22:44.144, 0, 84 %, 70 %, 3205 MiB, 49140 MiB, 274.19 W, 300.00 W, 71, 2520 MHz
2026/09/23 05:22:45.146, 0, 86 %, 72 %, 3205 MiB, 49140 MiB, 274.53 W, 300.00 W, 71, 2400 MHz
2026/09/23 05:22:46.147, 0, 83 %, 70 %, 3205 MiB, 49140 MiB, 275.33 W, 300.00 W, 71, 2460 MHz
2026/09/23 05:22:47.147, 0, 86 %, 74 %, 3205 MiB, 49140 MiB, 278.12 W, 300.00 W, 72, 2475 MHz
2026/09/23 05:22:48.149, 0, 86 %, 70 %, 3205 MiB, 49140 MiB, 276.04 W, 300.00 W, 72, 2475 MHz
2026/09/23 05:22:49.149, 0, 88 %, 76 %, 3205 MiB, 49140 MiB, 274.32 W, 300.00 W, 71, 2535 MHz
2026/09/23 05:22:50.150, 0, 75 %, 53 %, 3205 MiB, 49140 MiB, 266.59 W, 300.00 W, 69, 2730 MHz
2026/09/23 05:22:51.151, 0, 0 %, 0 %, 3205 MiB, 49140 MiB, 128.02 W, 300.00 W, 69, 2460 MHz
2026/09/23 05:22:52.152, 0, 85 %, 70 %, 3205 MiB, 49140 MiB, 280.58 W, 300.00 W, 72, 2535 MHz
2026/09/23 05:22:53.153, 0, 83 %, 70 %, 3205 MiB, 49140 MiB, 277.10 W, 300.00 W, 72, 2595 MHz
2026/09/23 05:22:54.153, 0, 87 %, 70 %, 3205 MiB, 49140 MiB, 280.09 W, 300.00 W, 71, 2475 MHz
2026/09/23 05:22:55.154, 0, 92 %, 75 %, 3205 MiB, 49140 MiB, 280.10 W, 300.00 W, 71, 2490 MHz
2026/09/23 05:22:56.156, 0, 88 %, 75 %, 3205 MiB, 49140 MiB, 282.88 W, 300.00 W, 71, 2385 MHz
2026/09/23 05:22:57.156, 0, 87 %, 72 %, 3205 MiB, 49140 MiB, 279.68 W, 300.00 W, 73, 2520 MHz
2026/09/23 05:22:58.157, 0, 83 %, 69 %, 3205 MiB, 49140 MiB, 280.99 W, 300.00 W, 71, 2505 MHz
2026/09/23 05:22:59.158, 0, 83 %, 70 %, 3205 MiB, 49140 MiB, 280.97 W, 300.00 W, 71, 2505 MHz
2026/09/23 05:23:00.159, 0, 86 %, 73 %, 3205 MiB, 49140 MiB, 279.68 W, 300.00 W, 70, 2565 MHz
2026/09/23 05:23:01.160, 0, 87 %, 72 %, 3205 MiB, 49140 MiB, 279.72 W, 300.00 W, 72, 2505 MHz
2026/09/23 05:23:02.160, 0, 65 %, 46 %, 3205 MiB, 49140 MiB, 268.13 W, 300.00 W, 69, 2730 MHz
2026/09/23 05:23:03.161, 0, 0 %, 0 %, 3205 MiB, 49140 MiB, 127.40 W, 300.00 W, 70, 2475 MHz
2026/09/23 05:23:04.162, 0, 85 %, 70 %, 3205 MiB, 49140 MiB, 280.22 W, 300.00 W, 72, 2505 MHz
2026/09/23 05:23:05.163, 0, 90 %, 76 %, 3205 MiB, 49140 MiB, 282.26 W, 300.00 W, 73, 2520 MHz
2026/09/23 05:23:06.164, 0, 88 %, 72 %, 3205 MiB, 49140 MiB, 281.19 W, 300.00 W, 71, 2550 MHz
2026/09/23 05:23:07.165, 0, 88 %, 73 %, 3205 MiB, 49140 MiB, 279.12 W, 300.00 W, 71, 2475 MHz
2026/09/23 05:23:08.166, 0, 86 %, 74 %, 3205 MiB, 49140 MiB, 279.08 W, 300.00 W, 72, 2400 MHz
2026/09/23 05:23:09.168, 0, 85 %, 72 %, 3205 MiB, 49140 MiB, 280.51 W, 300.00 W, 71, 2520 MHz
2026/09/23 05:23:10.168, 0, 84 %, 71 %, 3205 MiB, 49140 MiB, 280.89 W, 300.00 W, 71, 2490 MHz
2026/09/23 05:23:11.169, 0, 84 %, 71 %, 3205 MiB, 49140 MiB, 278.74 W, 300.00 W, 72, 2370 MHz
2026/09/23 05:23:12.170, 0, 84 %, 69 %, 3205 MiB, 49140 MiB, 279.86 W, 300.00 W, 73, 2565 MHz
2026/09/23 05:23:13.171, 0, 89 %, 72 %, 3205 MiB, 49140 MiB, 279.67 W, 300.00 W, 72, 2505 MHz
2026/09/23 05:23:14.171, 0, 71 %, 50 %, 3205 MiB, 49140 MiB, 269.67 W, 300.00 W, 69, 2730 MHz
2026/09/23 05:23:15.172, 0, 0 %, 0 %, 3205 MiB, 49140 MiB, 129.50 W, 300.00 W, 71, 2265 MHz
2026/09/23 05:23:16.172, 0, 91 %, 74 %, 3205 MiB, 49140 MiB, 277.67 W, 300.00 W, 72, 2535 MHz
2026/09/23 05:23:17.173, 0, 82 %, 67 %, 3205 MiB, 49140 MiB, 280.33 W, 300.00 W, 71, 2520 MHz
2026/09/23 05:23:18.174, 0, 86 %, 71 %, 3205 MiB, 49140 MiB, 278.84 W, 300.00 W, 71, 2520 MHz
2026/09/23 05:23:19.175, 0, 85 %, 71 %, 3205 MiB, 49140 MiB, 281.07 W, 300.00 W, 72, 2460 MHz
2026/09/23 05:23:20.176, 0, 87 %, 70 %, 3205 MiB, 49140 MiB, 280.43 W, 300.00 W, 71, 2475 MHz
2026/09/23 05:23:21.176, 0, 83 %, 70 %, 3205 MiB, 49140 MiB, 278.52 W, 300.00 W, 72, 2505 MHz
2026/09/23 05:23:22.177, 0, 81 %, 66 %, 3205 MiB, 49140 MiB, 282.25 W, 300.00 W, 72, 2430 MHz
2026/09/23 05:23:23.178, 0, 85 %, 68 %, 3205 MiB, 49140 MiB, 279.56 W, 300.00 W, 72, 2490 MHz
2026/09/23 05:23:24.180, 0, 86 %, 69 %, 3205 MiB, 49140 MiB, 280.89 W, 300.00 W, 72, 2460 MHz
2026/09/23 05:23:25.181, 0, 83 %, 69 %, 3205 MiB, 49140 MiB, 280.63 W, 300.00 W, 73, 2415 MHz
2026/09/23 05:23:26.181, 0, 92 %, 75 %, 3205 MiB, 49140 MiB, 270.83 W, 300.00 W, 71, 2610 MHz
2026/09/23 05:23:27.182, 0, 0 %, 0 %, 3205 MiB, 49140 MiB, 130.98 W, 300.00 W, 69, 2520 MHz
2026/09/23 05:23:28.184, 0, 85 %, 70 %, 3205 MiB, 49140 MiB, 274.71 W, 300.00 W, 72, 2310 MHz
2026/09/23 05:23:29.185, 0, 86 %, 70 %, 3205 MiB, 49140 MiB, 275.27 W, 300.00 W, 72, 2535 MHz
2026/09/23 05:23:30.185, 0, 88 %, 72 %, 3205 MiB, 49140 MiB, 276.73 W, 300.00 W, 71, 2535 MHz
2026/09/23 05:23:31.186, 0, 85 %, 73 %, 3205 MiB, 49140 MiB, 278.06 W, 300.00 W, 71, 2475 MHz
2026/09/23 05:23:32.187, 0, 86 %, 71 %, 3205 MiB, 49140 MiB, 278.39 W, 300.00 W, 71, 2265 MHz
2026/09/23 05:23:33.188, 0, 87 %, 73 %, 3205 MiB, 49140 MiB, 276.05 W, 300.00 W, 72, 2370 MHz
2026/09/23 05:23:34.190, 0, 89 %, 76 %, 3205 MiB, 49140 MiB, 276.95 W, 300.00 W, 72, 2370 MHz
2026/09/23 05:23:35.190, 0, 90 %, 73 %, 3205 MiB, 49140 MiB, 275.99 W, 300.00 W, 71, 2550 MHz
2026/09/23 05:23:36.191, 0, 85 %, 72 %, 3205 MiB, 49140 MiB, 275.71 W, 300.00 W, 72, 2460 MHz
2026/09/23 05:23:37.192, 0, 89 %, 73 %, 3205 MiB, 49140 MiB, 279.50 W, 300.00 W, 72, 2370 MHz
2026/09/23 05:23:38.193, 0, 86 %, 72 %, 3205 MiB, 49140 MiB, 266.64 W, 300.00 W, 72, 2655 MHz
2026/09/23 05:23:39.193, 0, 0 %, 0 %, 3205 MiB, 49140 MiB, 128.19 W, 300.00 W, 69, 2475 MHz
2026/09/23 05:23:40.194, 0, 86 %, 70 %, 3205 MiB, 49140 MiB, 269.13 W, 300.00 W, 71, 2475 MHz
2026/09/23 05:23:41.195, 0, 88 %, 75 %, 3205 MiB, 49140 MiB, 278.24 W, 300.00 W, 71, 2460 MHz
2026/09/23 05:23:42.195, 0, 86 %, 72 %, 3205 MiB, 49140 MiB, 279.05 W, 300.00 W, 72, 2520 MHz
2026/09/23 05:23:43.196, 0, 81 %, 69 %, 3205 MiB, 49140 MiB, 278.29 W, 300.00 W, 72, 2460 MHz
2026/09/23 05:23:44.197, 0, 85 %, 71 %, 3205 MiB, 49140 MiB, 275.66 W, 300.00 W, 71, 2520 MHz
2026/09/23 05:23:45.198, 0, 83 %, 70 %, 3205 MiB, 49140 MiB, 275.78 W, 300.00 W, 72, 2475 MHz
2026/09/23 05:23:46.198, 0, 83 %, 70 %, 3205 MiB, 49140 MiB, 278.16 W, 300.00 W, 71, 2445 MHz
2026/09/23 05:23:47.199, 0, 86 %, 71 %, 3205 MiB, 49140 MiB, 278.66 W, 300.00 W, 71, 2535 MHz
2026/09/23 05:23:48.199, 0, 86 %, 74 %, 3205 MiB, 49140 MiB, 276.39 W, 300.00 W, 71, 2505 MHz
2026/09/23 05:23:49.201, 0, 86 %, 70 %, 3205 MiB, 49140 MiB, 276.80 W, 300.00 W, 71, 2520 MHz
2026/09/23 05:23:50.202, 0, 88 %, 72 %, 3205 MiB, 49140 MiB, 266.58 W, 300.00 W, 72, 2580 MHz
2026/09/23 05:23:51.203, 0, 0 %, 0 %, 3205 MiB, 49140 MiB, 129.05 W, 300.00 W, 70, 2520 MHz
2026/09/23 05:23:52.204, 0, 88 %, 73 %, 3205 MiB, 49140 MiB, 270.61 W, 300.00 W, 71, 2580 MHz
2026/09/23 05:23:53.207, 0, 85 %, 72 %, 3205 MiB, 49140 MiB, 277.52 W, 300.00 W, 71, 2490 MHz
2026/09/23 05:23:54.207, 0, 87 %, 74 %, 3205 MiB, 49140 MiB, 278.94 W, 300.00 W, 72, 2535 MHz
2026/09/23 05:23:55.208, 0, 86 %, 70 %, 3205 MiB, 49140 MiB, 276.53 W, 300.00 W, 71, 2460 MHz
2026/09/23 05:23:56.209, 0, 84 %, 69 %, 3205 MiB, 49140 MiB, 278.71 W, 300.00 W, 72, 2475 MHz
2026/09/23 05:23:57.210, 0, 84 %, 71 %, 3205 MiB, 49140 MiB, 277.32 W, 300.00 W, 72, 2505 MHz
2026/09/23 05:23:58.211, 0, 88 %, 73 %, 3205 MiB, 49140 MiB, 278.71 W, 300.00 W, 71, 2475 MHz
2026/09/23 05:23:59.213, 0, 92 %, 75 %, 3205 MiB, 49140 MiB, 275.97 W, 300.00 W, 71, 2445 MHz
2026/09/23 05:24:00.214, 0, 85 %, 70 %, 3205 MiB, 49140 MiB, 276.43 W, 300.00 W, 71, 2580 MHz
2026/09/23 05:24:01.215, 0, 79 %, 66 %, 3205 MiB, 49140 MiB, 276.83 W, 300.00 W, 71, 2520 MHz
2026/09/23 05:24:02.215, 0, 85 %, 72 %, 3205 MiB, 49140 MiB, 266.99 W, 300.00 W, 72, 2625 MHz
2026/09/23 05:24:03.216, 0, 0 %, 0 %, 3205 MiB, 49140 MiB, 125.73 W, 300.00 W, 69, 2490 MHz
2026/09/23 05:24:04.216, 0, 81 %, 69 %, 3205 MiB, 49140 MiB, 267.55 W, 300.00 W, 71, 2355 MHz
2026/09/23 05:24:05.217, 0, 86 %, 70 %, 3205 MiB, 49140 MiB, 280.07 W, 300.00 W, 72, 2535 MHz
2026/09/23 05:24:06.218, 0, 84 %, 72 %, 3205 MiB, 49140 MiB, 282.32 W, 300.00 W, 71, 2535 MHz
2026/09/23 05:24:07.218, 0, 83 %, 71 %, 3205 MiB, 49140 MiB, 280.49 W, 300.00 W, 72, 2340 MHz
2026/09/23 05:24:08.219, 0, 85 %, 69 %, 3205 MiB, 49140 MiB, 277.90 W, 300.00 W, 72, 2460 MHz
2026/09/23 05:24:09.221, 0, 88 %, 72 %, 3205 MiB, 49140 MiB, 278.76 W, 300.00 W, 72, 2535 MHz
2026/09/23 05:24:10.221, 0, 83 %, 68 %, 3205 MiB, 49140 MiB, 281.70 W, 300.00 W, 72, 2400 MHz
2026/09/23 05:24:11.223, 0, 86 %, 70 %, 3205 MiB, 49140 MiB, 281.62 W, 300.00 W, 71, 2370 MHz
2026/09/23 05:24:12.223, 0, 84 %, 72 %, 3205 MiB, 49140 MiB, 281.59 W, 300.00 W, 73, 2490 MHz
2026/09/23 05:24:13.224, 0, 89 %, 76 %, 3205 MiB, 49140 MiB, 282.45 W, 300.00 W, 73, 2445 MHz
2026/09/23 05:24:14.225, 0, 87 %, 72 %, 3205 MiB, 49140 MiB, 268.43 W, 300.00 W, 72, 2655 MHz
2026/09/23 05:24:15.225, 0, 0 %, 0 %, 3205 MiB, 49140 MiB, 124.93 W, 300.00 W, 70, 2535 MHz
2026/09/23 05:24:16.227, 0, 83 %, 68 %, 3205 MiB, 49140 MiB, 252.87 W, 300.00 W, 70, 2460 MHz
2026/09/23 05:24:17.229, 0, 87 %, 75 %, 3205 MiB, 49140 MiB, 278.94 W, 300.00 W, 72, 2415 MHz
2026/09/23 05:24:18.230, 0, 83 %, 71 %, 3205 MiB, 49140 MiB, 276.96 W, 300.00 W, 72, 2520 MHz
2026/09/23 05:24:19.231, 0, 83 %, 66 %, 3205 MiB, 49140 MiB, 276.39 W, 300.00 W, 71, 2295 MHz
2026/09/23 05:24:20.232, 0, 84 %, 69 %, 3205 MiB, 49140 MiB, 277.01 W, 300.00 W, 71, 2655 MHz
2026/09/23 05:24:21.232, 0, 88 %, 71 %, 3205 MiB, 49140 MiB, 275.64 W, 300.00 W, 72, 2250 MHz
2026/09/23 05:24:22.233, 0, 86 %, 70 %, 3205 MiB, 49140 MiB, 278.49 W, 300.00 W, 71, 2415 MHz
2026/09/23 05:24:23.234, 0, 84 %, 72 %, 3205 MiB, 49140 MiB, 279.49 W, 300.00 W, 72, 2520 MHz
2026/09/23 05:24:24.234, 0, 83 %, 70 %, 3205 MiB, 49140 MiB, 279.29 W, 300.00 W, 72, 2535 MHz
2026/09/23 05:24:25.235, 0, 82 %, 70 %, 3205 MiB, 49140 MiB, 280.16 W, 300.00 W, 71, 2325 MHz
2026/09/23 05:24:26.235, 0, 83 %, 70 %, 3205 MiB, 49140 MiB, 271.28 W, 300.00 W, 71, 2655 MHz
2026/09/23 05:24:27.236, 0, 0 %, 0 %, 3205 MiB, 49140 MiB, 126.38 W, 300.00 W, 69, 2505 MHz
2026/09/23 05:24:28.236, 0, 85 %, 72 %, 3205 MiB, 49140 MiB, 253.73 W, 300.00 W, 71, 2580 MHz
2026/09/23 05:24:29.237, 0, 89 %, 74 %, 3205 MiB, 49140 MiB, 275.17 W, 300.00 W, 71, 2280 MHz
2026/09/23 05:24:30.237, 0, 85 %, 69 %, 3205 MiB, 49140 MiB, 270.77 W, 300.00 W, 71, 2505 MHz
2026/09/23 05:24:31.238, 0, 86 %, 69 %, 3205 MiB, 49140 MiB, 269.80 W, 300.00 W, 71, 2460 MHz
2026/09/23 05:24:32.239, 0, 84 %, 71 %, 3205 MiB, 49140 MiB, 272.97 W, 300.00 W, 71, 2460 MHz
2026/09/23 05:24:33.239, 0, 86 %, 73 %, 3205 MiB, 49140 MiB, 269.90 W, 300.00 W, 72, 2415 MHz
2026/09/23 05:24:34.240, 0, 88 %, 72 %, 3205 MiB, 49140 MiB, 271.37 W, 300.00 W, 71, 2505 MHz
2026/09/23 05:24:35.241, 0, 90 %, 73 %, 3205 MiB, 49140 MiB, 271.56 W, 300.00 W, 71, 2370 MHz
2026/09/23 05:24:36.242, 0, 82 %, 67 %, 3205 MiB, 49140 MiB, 273.08 W, 300.00 W, 72, 2490 MHz
2026/09/23 05:24:37.242, 0, 83 %, 70 %, 3205 MiB, 49140 MiB, 269.09 W, 300.00 W, 71, 2565 MHz
2026/09/23 05:24:38.243, 0, 86 %, 70 %, 3205 MiB, 49140 MiB, 261.96 W, 300.00 W, 71, 2625 MHz
2026/09/23 05:24:39.243, 0, 0 %, 0 %, 3205 MiB, 49140 MiB, 146.11 W, 300.00 W, 66, 2745 MHz
2026/09/23 05:24:40.244, 0, 89 %, 72 %, 3205 MiB, 49140 MiB, 235.32 W, 300.00 W, 72, 2520 MHz
2026/09/23 05:24:41.245, 0, 87 %, 73 %, 3205 MiB, 49140 MiB, 277.64 W, 300.00 W, 70, 2385 MHz
2026/09/23 05:24:42.248, 0, 86 %, 72 %, 3205 MiB, 49140 MiB, 279.27 W, 300.00 W, 70, 2535 MHz
2026/09/23 05:24:43.249, 0, 80 %, 68 %, 3205 MiB, 49140 MiB, 276.50 W, 300.00 W, 70, 2550 MHz
2026/09/23 05:24:44.250, 0, 80 %, 66 %, 3205 MiB, 49140 MiB, 275.48 W, 300.00 W, 72, 2505 MHz
2026/09/23 05:24:45.251, 0, 82 %, 68 %, 3205 MiB, 49140 MiB, 276.49 W, 300.00 W, 71, 2580 MHz
2026/09/23 05:24:46.252, 0, 85 %, 72 %, 3205 MiB, 49140 MiB, 277.52 W, 300.00 W, 72, 2505 MHz
2026/09/23 05:24:47.253, 0, 86 %, 69 %, 3205 MiB, 49140 MiB, 275.97 W, 300.00 W, 70, 2490 MHz
2026/09/23 05:24:48.253, 0, 87 %, 72 %, 3205 MiB, 49140 MiB, 275.62 W, 300.00 W, 71, 2550 MHz
2026/09/23 05:24:49.254, 0, 85 %, 70 %, 3205 MiB, 49140 MiB, 277.70 W, 300.00 W, 72, 2370 MHz
2026/09/23 05:24:50.255, 0, 84 %, 72 %, 3205 MiB, 49140 MiB, 271.77 W, 300.00 W, 72, 2685 MHz
2026/09/23 05:24:51.255, 0, 10 %, 0 %, 3205 MiB, 49140 MiB, 149.87 W, 300.00 W, 66, 2745 MHz
2026/09/23 05:24:52.256, 0, 0 %, 0 %, 3205 MiB, 49140 MiB, 86.06 W, 300.00 W, 65, 2745 MHz
2026/09/23 05:24:53.256, 0, 0 %, 0 %, 3205 MiB, 49140 MiB, 105.28 W, 300.00 W, 68, 2430 MHz
2026/09/23 05:24:54.257, 0, 81 %, 67 %, 3205 MiB, 49140 MiB, 272.39 W, 300.00 W, 71, 2505 MHz
2026/09/23 05:24:55.258, 0, 85 %, 72 %, 3205 MiB, 49140 MiB, 278.70 W, 300.00 W, 70, 2475 MHz
2026/09/23 05:24:56.259, 0, 83 %, 68 %, 3205 MiB, 49140 MiB, 277.81 W, 300.00 W, 71, 2520 MHz
2026/09/23 05:24:57.260, 0, 90 %, 73 %, 3205 MiB, 49140 MiB, 277.61 W, 300.00 W, 69, 2565 MHz
2026/09/23 05:24:58.260, 0, 82 %, 67 %, 3205 MiB, 49140 MiB, 275.29 W, 300.00 W, 70, 2520 MHz
2026/09/23 05:24:59.261, 0, 78 %, 64 %, 3205 MiB, 49140 MiB, 277.52 W, 300.00 W, 70, 2550 MHz
2026/09/23 05:25:00.261, 0, 87 %, 73 %, 3205 MiB, 49140 MiB, 277.94 W, 300.00 W, 71, 2460 MHz
2026/09/23 05:25:01.262, 0, 88 %, 76 %, 3205 MiB, 49140 MiB, 276.45 W, 300.00 W, 70, 2595 MHz
2026/09/23 05:25:02.263, 0, 85 %, 70 %, 3205 MiB, 49140 MiB, 277.22 W, 300.00 W, 72, 2370 MHz
2026/09/23 05:25:03.263, 0, 83 %, 66 %, 3205 MiB, 49140 MiB, 275.61 W, 300.00 W, 70, 2565 MHz
2026/09/23 05:25:04.264, 0, 58 %, 34 %, 3205 MiB, 49140 MiB, 259.84 W, 300.00 W, 67, 2745 MHz
2026/09/23 05:25:05.264, 0, 0 %, 0 %, 3205 MiB, 49140 MiB, 128.98 W, 300.00 W, 69, 2580 MHz
2026/09/23 05:25:06.265, 0, 80 %, 67 %, 3205 MiB, 49140 MiB, 272.29 W, 300.00 W, 71, 2460 MHz
2026/09/23 05:25:07.266, 0, 78 %, 64 %, 3205 MiB, 49140 MiB, 277.32 W, 300.00 W, 70, 2580 MHz
2026/09/23 05:25:08.266, 0, 80 %, 68 %, 3205 MiB, 49140 MiB, 276.26 W, 300.00 W, 71, 2550 MHz
2026/09/23 05:25:09.267, 0, 88 %, 75 %, 3205 MiB, 49140 MiB, 277.97 W, 300.00 W, 70, 2520 MHz
2026/09/23 05:25:10.268, 0, 88 %, 75 %, 3205 MiB, 49140 MiB, 275.27 W, 300.00 W, 70, 2640 MHz
2026/09/23 05:25:11.270, 0, 81 %, 68 %, 3205 MiB, 49140 MiB, 275.59 W, 300.00 W, 71, 2505 MHz
2026/09/23 05:25:12.271, 0, 84 %, 71 %, 3205 MiB, 49140 MiB, 274.98 W, 300.00 W, 70, 2550 MHz
2026/09/23 05:25:13.271, 0, 85 %, 68 %, 3205 MiB, 49140 MiB, 276.99 W, 300.00 W, 71, 2400 MHz
2026/09/23 05:25:14.272, 0, 93 %, 75 %, 3205 MiB, 49140 MiB, 278.90 W, 300.00 W, 71, 2460 MHz
2026/09/23 05:25:15.273, 0, 85 %, 70 %, 3205 MiB, 49140 MiB, 278.92 W, 300.00 W, 71, 2520 MHz
2026/09/23 05:25:16.274, 0, 70 %, 50 %, 3205 MiB, 49140 MiB, 253.63 W, 300.00 W, 72, 2730 MHz
2026/09/23 05:25:17.274, 0, 0 %, 0 %, 3205 MiB, 49140 MiB, 124.71 W, 300.00 W, 70, 2520 MHz
2026/09/23 05:25:18.275, 0, 81 %, 66 %, 3205 MiB, 49140 MiB, 267.53 W, 300.00 W, 71, 2430 MHz
2026/09/23 05:25:19.276, 0, 82 %, 69 %, 3205 MiB, 49140 MiB, 273.47 W, 300.00 W, 70, 2550 MHz
2026/09/23 05:25:20.277, 0, 85 %, 70 %, 3205 MiB, 49140 MiB, 273.51 W, 300.00 W, 71, 2370 MHz
2026/09/23 05:25:21.279, 0, 88 %, 72 %, 3205 MiB, 49140 MiB, 275.20 W, 300.00 W, 71, 2550 MHz
2026/09/23 05:25:22.280, 0, 82 %, 67 %, 3205 MiB, 49140 MiB, 277.17 W, 300.00 W, 72, 2370 MHz
2026/09/23 05:25:23.281, 0, 87 %, 73 %, 3205 MiB, 49140 MiB, 273.62 W, 300.00 W, 71, 2505 MHz
2026/09/23 05:25:24.282, 0, 86 %, 70 %, 3205 MiB, 49140 MiB, 274.73 W, 300.00 W, 71, 2520 MHz
2026/09/23 05:25:25.282, 0, 83 %, 70 %, 3205 MiB, 49140 MiB, 274.04 W, 300.00 W, 71, 2550 MHz
2026/09/23 05:25:26.283, 0, 90 %, 73 %, 3205 MiB, 49140 MiB, 274.83 W, 300.00 W, 70, 2610 MHz
2026/09/23 05:25:27.284, 0, 81 %, 66 %, 3205 MiB, 49140 MiB, 274.47 W, 300.00 W, 72, 2475 MHz
2026/09/23 05:25:28.284, 0, 85 %, 71 %, 3205 MiB, 49140 MiB, 262.31 W, 300.00 W, 73, 2610 MHz
2026/09/23 05:25:29.285, 0, 0 %, 0 %, 3205 MiB, 49140 MiB, 132.84 W, 300.00 W, 69, 2595 MHz
2026/09/23 05:25:30.286, 0, 83 %, 68 %, 3205 MiB, 49140 MiB, 282.65 W, 300.00 W, 71, 2310 MHz
2026/09/23 05:25:31.286, 0, 89 %, 73 %, 3205 MiB, 49140 MiB, 282.57 W, 300.00 W, 71, 2520 MHz
2026/09/23 05:25:32.287, 0, 83 %, 69 %, 3205 MiB, 49140 MiB, 277.53 W, 300.00 W, 71, 2490 MHz
2026/09/23 05:25:33.288, 0, 87 %, 72 %, 3205 MiB, 49140 MiB, 281.40 W, 300.00 W, 72, 2340 MHz
2026/09/23 05:25:34.289, 0, 82 %, 68 %, 3205 MiB, 49140 MiB, 279.14 W, 300.00 W, 70, 2670 MHz
2026/09/23 05:25:35.290, 0, 83 %, 68 %, 3205 MiB, 49140 MiB, 279.39 W, 300.00 W, 72, 2460 MHz
2026/09/23 05:25:36.290, 0, 87 %, 71 %, 3205 MiB, 49140 MiB, 278.61 W, 300.00 W, 70, 2520 MHz
2026/09/23 05:25:37.291, 0, 83 %, 69 %, 3205 MiB, 49140 MiB, 281.24 W, 300.00 W, 72, 2550 MHz
2026/09/23 05:25:38.292, 0, 88 %, 73 %, 3205 MiB, 49140 MiB, 279.91 W, 300.00 W, 71, 2520 MHz
2026/09/23 05:25:39.293, 0, 81 %, 68 %, 3205 MiB, 49140 MiB, 280.53 W, 300.00 W, 71, 2535 MHz
2026/09/23 05:25:40.294, 0, 88 %, 72 %, 3205 MiB, 49140 MiB, 269.04 W, 300.00 W, 72, 2700 MHz
2026/09/23 05:25:41.295, 0, 0 %, 0 %, 3205 MiB, 49140 MiB, 125.29 W, 300.00 W, 65, 2745 MHz
2026/09/23 05:25:42.295, 0, 87 %, 71 %, 3205 MiB, 49140 MiB, 272.10 W, 300.00 W, 70, 2580 MHz
2026/09/23 05:25:43.296, 0, 86 %, 71 %, 3205 MiB, 49140 MiB, 283.90 W, 300.00 W, 72, 2370 MHz
2026/09/23 05:25:44.297, 0, 91 %, 76 %, 3205 MiB, 49140 MiB, 280.93 W, 300.00 W, 72, 2580 MHz
2026/09/23 05:25:45.298, 0, 87 %, 71 %, 3205 MiB, 49140 MiB, 283.21 W, 300.00 W, 70, 2580 MHz
2026/09/23 05:25:46.299, 0, 80 %, 68 %, 3205 MiB, 49140 MiB, 283.34 W, 300.00 W, 72, 2490 MHz
2026/09/23 05:25:47.299, 0, 86 %, 71 %, 3205 MiB, 49140 MiB, 282.22 W, 300.00 W, 72, 2565 MHz
2026/09/23 05:25:48.302, 0, 85 %, 71 %, 3205 MiB, 49140 MiB, 284.47 W, 300.00 W, 72, 2370 MHz
2026/09/23 05:25:49.302, 0, 82 %, 67 %, 3205 MiB, 49140 MiB, 282.04 W, 300.00 W, 71, 2580 MHz
2026/09/23 05:25:50.303, 0, 83 %, 67 %, 3205 MiB, 49140 MiB, 281.40 W, 300.00 W, 73, 2490 MHz
2026/09/23 05:25:51.304, 0, 84 %, 70 %, 3205 MiB, 49140 MiB, 283.27 W, 300.00 W, 71, 2505 MHz
2026/09/23 05:25:52.305, 0, 86 %, 73 %, 3205 MiB, 49140 MiB, 277.11 W, 300.00 W, 73, 2685 MHz
2026/09/23 05:25:53.305, 0, 0 %, 0 %, 3205 MiB, 49140 MiB, 126.64 W, 300.00 W, 66, 2745 MHz
2026/09/23 05:25:54.306, 0, 90 %, 75 %, 3205 MiB, 49140 MiB, 254.98 W, 300.00 W, 70, 2655 MHz
2026/09/23 05:25:55.306, 0, 84 %, 71 %, 3205 MiB, 49140 MiB, 277.70 W, 300.00 W, 72, 2460 MHz
2026/09/23 05:25:56.307, 0, 83 %, 69 %, 3205 MiB, 49140 MiB, 277.39 W, 300.00 W, 71, 2490 MHz
2026/09/23 05:25:57.308, 0, 88 %, 73 %, 3205 MiB, 49140 MiB, 280.57 W, 300.00 W, 72, 2280 MHz
2026/09/23 05:25:58.309, 0, 87 %, 71 %, 3205 MiB, 49140 MiB, 275.98 W, 300.00 W, 72, 2565 MHz
2026/09/23 05:25:59.309, 0, 77 %, 65 %, 3205 MiB, 49140 MiB, 273.62 W, 300.00 W, 71, 2325 MHz
2026/09/23 05:26:00.310, 0, 81 %, 68 %, 3205 MiB, 49140 MiB, 278.59 W, 300.00 W, 71, 2565 MHz
2026/09/23 05:26:01.310, 0, 86 %, 71 %, 3205 MiB, 49140 MiB, 275.50 W, 300.00 W, 71, 2475 MHz
2026/09/23 05:26:02.311, 0, 85 %, 72 %, 3205 MiB, 49140 MiB, 276.35 W, 300.00 W, 72, 2370 MHz
2026/09/23 05:26:03.312, 0, 87 %, 71 %, 3205 MiB, 49140 MiB, 278.01 W, 300.00 W, 72, 2490 MHz
2026/09/23 05:26:04.312, 0, 87 %, 72 %, 3205 MiB, 49140 MiB, 267.23 W, 300.00 W, 72, 2565 MHz
2026/09/23 05:26:05.313, 0, 0 %, 0 %, 3205 MiB, 49140 MiB, 132.48 W, 300.00 W, 65, 2640 MHz
2026/09/23 05:26:06.314, 0, 88 %, 72 %, 3205 MiB, 49140 MiB, 236.40 W, 300.00 W, 72, 2505 MHz
2026/09/23 05:26:07.314, 0, 87 %, 74 %, 3205 MiB, 49140 MiB, 269.62 W, 300.00 W, 71, 2520 MHz
2026/09/23 05:26:08.315, 0, 83 %, 70 %, 3205 MiB, 49140 MiB, 271.75 W, 300.00 W, 71, 2535 MHz
2026/09/23 05:26:09.316, 0, 88 %, 72 %, 3205 MiB, 49140 MiB, 274.18 W, 300.00 W, 71, 2460 MHz
2026/09/23 05:26:10.317, 0, 84 %, 68 %, 3205 MiB, 49140 MiB, 273.49 W, 300.00 W, 71, 2505 MHz
2026/09/23 05:26:11.319, 0, 87 %, 73 %, 3205 MiB, 49140 MiB, 276.06 W, 300.00 W, 72, 2445 MHz
2026/09/23 05:26:12.320, 0, 87 %, 72 %, 3205 MiB, 49140 MiB, 273.21 W, 300.00 W, 72, 2475 MHz
2026/09/23 05:26:13.320, 0, 84 %, 69 %, 3205 MiB, 49140 MiB, 274.34 W, 300.00 W, 72, 2445 MHz
2026/09/23 05:26:14.321, 0, 85 %, 71 %, 3205 MiB, 49140 MiB, 274.94 W, 300.00 W, 71, 2490 MHz
2026/09/23 05:26:15.322, 0, 86 %, 71 %, 3205 MiB, 49140 MiB, 273.07 W, 300.00 W, 72, 2460 MHz
2026/09/23 05:26:16.322, 0, 83 %, 70 %, 3205 MiB, 49140 MiB, 268.85 W, 300.00 W, 71, 2685 MHz
2026/09/23 05:26:17.323, 0, 0 %, 0 %, 3205 MiB, 49140 MiB, 144.46 W, 300.00 W, 66, 2745 MHz
2026/09/23 05:26:18.324, 0, 82 %, 68 %, 3205 MiB, 49140 MiB, 227.17 W, 300.00 W, 70, 2475 MHz
2026/09/23 05:26:19.325, 0, 89 %, 73 %, 3205 MiB, 49140 MiB, 278.35 W, 300.00 W, 71, 2490 MHz
2026/09/23 05:26:20.325, 0, 85 %, 71 %, 3205 MiB, 49140 MiB, 276.42 W, 300.00 W, 71, 2535 MHz
2026/09/23 05:26:21.327, 0, 91 %, 75 %, 3205 MiB, 49140 MiB, 278.62 W, 300.00 W, 70, 2460 MHz
2026/09/23 05:26:22.329, 0, 89 %, 74 %, 3205 MiB, 49140 MiB, 277.32 W, 300.00 W, 70, 2490 MHz
2026/09/23 05:26:23.329, 0, 76 %, 63 %, 3205 MiB, 49140 MiB, 278.25 W, 300.00 W, 71, 2280 MHz
2026/09/23 05:26:24.331, 0, 84 %, 70 %, 3205 MiB, 49140 MiB, 276.49 W, 300.00 W, 72, 2535 MHz
2026/09/23 05:26:25.331, 0, 84 %, 69 %, 3205 MiB, 49140 MiB, 278.07 W, 300.00 W, 72, 2460 MHz
2026/09/23 05:26:26.332, 0, 82 %, 70 %, 3205 MiB, 49140 MiB, 274.03 W, 300.00 W, 71, 2490 MHz
2026/09/23 05:26:27.333, 0, 89 %, 73 %, 3205 MiB, 49140 MiB, 278.27 W, 300.00 W, 72, 2415 MHz
2026/09/23 05:26:28.334, 0, 88 %, 72 %, 3205 MiB, 49140 MiB, 271.05 W, 300.00 W, 72, 2655 MHz
2026/09/23 05:26:29.334, 0, 28 %, 16 %, 3205 MiB, 49140 MiB, 154.83 W, 300.00 W, 66, 2745 MHz
2026/09/23 05:26:30.335, 0, 83 %, 68 %, 3205 MiB, 49140 MiB, 222.88 W, 300.00 W, 71, 2490 MHz
2026/09/23 05:26:31.336, 0, 87 %, 72 %, 3205 MiB, 49140 MiB, 274.60 W, 300.00 W, 71, 2430 MHz
2026/09/23 05:26:32.336, 0, 80 %, 66 %, 3205 MiB, 49140 MiB, 274.23 W, 300.00 W, 71, 2490 MHz
2026/09/23 05:26:33.338, 0, 88 %, 72 %, 3205 MiB, 49140 MiB, 277.61 W, 300.00 W, 71, 2325 MHz
2026/09/23 05:26:34.339, 0, 91 %, 75 %, 3205 MiB, 49140 MiB, 274.96 W, 300.00 W, 70, 2520 MHz
2026/09/23 05:26:35.339, 0, 83 %, 69 %, 3205 MiB, 49140 MiB, 276.54 W, 300.00 W, 72, 2490 MHz
2026/09/23 05:26:36.340, 0, 85 %, 72 %, 3205 MiB, 49140 MiB, 275.42 W, 300.00 W, 70, 2400 MHz
2026/09/23 05:26:37.340, 0, 84 %, 70 %, 3205 MiB, 49140 MiB, 273.46 W, 300.00 W, 71, 2535 MHz
2026/09/23 05:26:38.341, 0, 87 %, 72 %, 3205 MiB, 49140 MiB, 276.85 W, 300.00 W, 71, 2520 MHz
2026/09/23 05:26:39.342, 0, 87 %, 71 %, 3205 MiB, 49140 MiB, 275.18 W, 300.00 W, 71, 2535 MHz
2026/09/23 05:26:40.342, 0, 89 %, 73 %, 3205 MiB, 49140 MiB, 271.17 W, 300.00 W, 71, 2655 MHz
2026/09/23 05:26:41.343, 0, 0 %, 0 %, 3205 MiB, 49140 MiB, 162.24 W, 300.00 W, 66, 2745 MHz
2026/09/23 05:26:42.343, 0, 81 %, 67 %, 3205 MiB, 49140 MiB, 213.71 W, 300.00 W, 70, 2625 MHz
2026/09/23 05:26:43.344, 0, 84 %, 69 %, 3205 MiB, 49140 MiB, 279.64 W, 300.00 W, 72, 2370 MHz
2026/09/23 05:26:44.345, 0, 85 %, 72 %, 3205 MiB, 49140 MiB, 280.46 W, 300.00 W, 70, 2550 MHz
2026/09/23 05:26:45.346, 0, 87 %, 72 %, 3205 MiB, 49140 MiB, 281.25 W, 300.00 W, 72, 2460 MHz
2026/09/23 05:26:46.347, 0, 83 %, 68 %, 3205 MiB, 49140 MiB, 279.31 W, 300.00 W, 71, 2475 MHz
2026/09/23 05:26:47.347, 0, 86 %, 72 %, 3205 MiB, 49140 MiB, 280.62 W, 300.00 W, 71, 2340 MHz
2026/09/23 05:26:48.348, 0, 83 %, 70 %, 3205 MiB, 49140 MiB, 281.00 W, 300.00 W, 71, 2535 MHz
2026/09/23 05:26:49.349, 0, 80 %, 66 %, 3205 MiB, 49140 MiB, 278.22 W, 300.00 W, 71, 2580 MHz
2026/09/23 05:26:50.351, 0, 89 %, 73 %, 3205 MiB, 49140 MiB, 282.66 W, 300.00 W, 71, 2520 MHz
2026/09/23 05:26:51.352, 0, 86 %, 71 %, 3205 MiB, 49140 MiB, 280.50 W, 300.00 W, 71, 2415 MHz
2026/09/23 05:26:52.352, 0, 88 %, 75 %, 3205 MiB, 49140 MiB, 275.64 W, 300.00 W, 72, 2610 MHz
2026/09/23 05:26:53.353, 0, 33 %, 20 %, 3205 MiB, 49140 MiB, 168.73 W, 300.00 W, 66, 2745 MHz
2026/09/23 05:26:54.353, 0, 91 %, 76 %, 3205 MiB, 49140 MiB, 201.83 W, 300.00 W, 70, 2520 MHz
2026/09/23 05:26:55.354, 0, 85 %, 71 %, 3205 MiB, 49140 MiB, 278.64 W, 300.00 W, 71, 2505 MHz
2026/09/23 05:26:56.355, 0, 83 %, 69 %, 3205 MiB, 49140 MiB, 279.24 W, 300.00 W, 72, 2520 MHz
2026/09/23 05:26:57.355, 0, 88 %, 73 %, 3205 MiB, 49140 MiB, 280.98 W, 300.00 W, 71, 2505 MHz
2026/09/23 05:26:58.356, 0, 88 %, 73 %, 3205 MiB, 49140 MiB, 281.05 W, 300.00 W, 71, 2490 MHz
2026/09/23 05:26:59.357, 0, 84 %, 70 %, 3205 MiB, 49140 MiB, 279.41 W, 300.00 W, 71, 2370 MHz
2026/09/23 05:27:00.358, 0, 89 %, 75 %, 3205 MiB, 49140 MiB, 279.47 W, 300.00 W, 71, 2355 MHz
2026/09/23 05:27:01.358, 0, 83 %, 71 %, 3205 MiB, 49140 MiB, 279.20 W, 300.00 W, 72, 2520 MHz
2026/09/23 05:27:02.359, 0, 84 %, 70 %, 3205 MiB, 49140 MiB, 279.89 W, 300.00 W, 72, 2520 MHz
2026/09/23 05:27:03.360, 0, 82 %, 70 %, 3205 MiB, 49140 MiB, 279.51 W, 300.00 W, 73, 2520 MHz
2026/09/23 05:27:04.360, 0, 87 %, 71 %, 3205 MiB, 49140 MiB, 281.55 W, 300.00 W, 71, 2610 MHz
2026/09/23 05:27:05.361, 0, 53 %, 31 %, 3205 MiB, 49140 MiB, 188.61 W, 300.00 W, 66, 2745 MHz
2026/09/23 05:27:06.362, 0, 74 %, 61 %, 3205 MiB, 49140 MiB, 184.63 W, 300.00 W, 71, 2490 MHz
2026/09/23 05:27:07.362, 0, 79 %, 66 %, 3205 MiB, 49140 MiB, 272.27 W, 300.00 W, 70, 2520 MHz
2026/09/23 05:27:08.363, 0, 83 %, 69 %, 3205 MiB, 49140 MiB, 274.77 W, 300.00 W, 70, 2400 MHz
2026/09/23 05:27:09.364, 0, 88 %, 72 %, 3205 MiB, 49140 MiB, 272.17 W, 300.00 W, 71, 2475 MHz
2026/09/23 05:27:10.365, 0, 82 %, 68 %, 3205 MiB, 49140 MiB, 275.30 W, 300.00 W, 70, 2430 MHz
2026/09/23 05:27:11.366, 0, 82 %, 67 %, 3205 MiB, 49140 MiB, 274.60 W, 300.00 W, 72, 2475 MHz
2026/09/23 05:27:12.366, 0, 87 %, 72 %, 3205 MiB, 49140 MiB, 275.79 W, 300.00 W, 72, 2550 MHz
2026/09/23 05:27:13.367, 0, 84 %, 69 %, 3205 MiB, 49140 MiB, 273.43 W, 300.00 W, 72, 2520 MHz
2026/09/23 05:27:14.367, 0, 89 %, 73 %, 3205 MiB, 49140 MiB, 276.00 W, 300.00 W, 71, 2460 MHz
2026/09/23 05:27:15.368, 0, 84 %, 70 %, 3205 MiB, 49140 MiB, 272.93 W, 300.00 W, 71, 2490 MHz
2026/09/23 05:27:16.369, 0, 91 %, 75 %, 3205 MiB, 49140 MiB, 274.52 W, 300.00 W, 71, 2460 MHz
2026/09/23 05:27:17.369, 0, 65 %, 38 %, 3205 MiB, 49140 MiB, 209.79 W, 300.00 W, 66, 2745 MHz
2026/09/23 05:27:18.371, 0, 0 %, 0 %, 3205 MiB, 49140 MiB, 161.79 W, 300.00 W, 70, 2385 MHz
2026/09/23 05:27:19.371, 0, 80 %, 66 %, 3205 MiB, 49140 MiB, 272.81 W, 300.00 W, 71, 2475 MHz
2026/09/23 05:27:20.372, 0, 83 %, 70 %, 3205 MiB, 49140 MiB, 274.36 W, 300.00 W, 70, 2310 MHz
2026/09/23 05:27:21.373, 0, 89 %, 74 %, 3205 MiB, 49140 MiB, 272.14 W, 300.00 W, 72, 2460 MHz
2026/09/23 05:27:22.374, 0, 84 %, 70 %, 3205 MiB, 49140 MiB, 271.99 W, 300.00 W, 71, 2505 MHz
2026/09/23 05:27:23.376, 0, 82 %, 69 %, 3205 MiB, 49140 MiB, 274.30 W, 300.00 W, 70, 2400 MHz
2026/09/23 05:27:24.376, 0, 85 %, 71 %, 3205 MiB, 49140 MiB, 275.55 W, 300.00 W, 70, 2520 MHz
2026/09/23 05:27:25.377, 0, 84 %, 70 %, 3205 MiB, 49140 MiB, 274.92 W, 300.00 W, 70, 2475 MHz
2026/09/23 05:27:26.378, 0, 89 %, 74 %, 3205 MiB, 49140 MiB, 274.93 W, 300.00 W, 72, 2550 MHz
2026/09/23 05:27:27.379, 0, 86 %, 70 %, 3205 MiB, 49140 MiB, 273.40 W, 300.00 W, 71, 2460 MHz
2026/09/23 05:27:28.379, 0, 84 %, 71 %, 3205 MiB, 49140 MiB, 273.83 W, 300.00 W, 71, 2460 MHz
2026/09/23 05:27:29.380, 0, 61 %, 35 %, 3205 MiB, 49140 MiB, 218.43 W, 300.00 W, 66, 2745 MHz
2026/09/23 05:27:30.380, 0, 0 %, 0 %, 3205 MiB, 49140 MiB, 145.99 W, 300.00 W, 71, 2475 MHz
2026/09/23 05:27:31.381, 0, 88 %, 73 %, 3205 MiB, 49140 MiB, 280.60 W, 300.00 W, 70, 2565 MHz
2026/09/23 05:27:32.382, 0, 84 %, 71 %, 3205 MiB, 49140 MiB, 279.67 W, 300.00 W, 72, 2430 MHz
2026/09/23 05:27:33.383, 0, 87 %, 72 %, 3205 MiB, 49140 MiB, 283.35 W, 300.00 W, 72, 2265 MHz
2026/09/23 05:27:34.383, 0, 88 %, 73 %, 3205 MiB, 49140 MiB, 280.86 W, 300.00 W, 71, 2565 MHz
2026/09/23 05:27:35.385, 0, 83 %, 68 %, 3205 MiB, 49140 MiB, 281.80 W, 300.00 W, 72, 2265 MHz
2026/09/23 05:27:36.385, 0, 88 %, 72 %, 3205 MiB, 49140 MiB, 279.61 W, 300.00 W, 72, 2565 MHz
2026/09/23 05:27:37.386, 0, 83 %, 69 %, 3205 MiB, 49140 MiB, 279.16 W, 300.00 W, 72, 2505 MHz
2026/09/23 05:27:38.387, 0, 83 %, 69 %, 3205 MiB, 49140 MiB, 283.13 W, 300.00 W, 72, 2400 MHz
2026/09/23 05:27:39.388, 0, 87 %, 72 %, 3205 MiB, 49140 MiB, 279.44 W, 300.00 W, 72, 2370 MHz
2026/09/23 05:27:40.389, 0, 85 %, 71 %, 3205 MiB, 49140 MiB, 279.26 W, 300.00 W, 70, 2520 MHz
2026/09/23 05:27:41.390, 0, 51 %, 30 %, 3205 MiB, 49140 MiB, 237.39 W, 300.00 W, 66, 2595 MHz
2026/09/23 05:27:42.390, 0, 0 %, 0 %, 3205 MiB, 49140 MiB, 129.65 W, 300.00 W, 72, 2340 MHz
2026/09/23 05:27:43.391, 0, 84 %, 70 %, 3205 MiB, 49140 MiB, 270.82 W, 300.00 W, 72, 2370 MHz
2026/09/23 05:27:44.392, 0, 88 %, 73 %, 3205 MiB, 49140 MiB, 273.07 W, 300.00 W, 71, 2415 MHz
2026/09/23 05:27:45.394, 0, 85 %, 70 %, 3205 MiB, 49140 MiB, 273.62 W, 300.00 W, 70, 2505 MHz
2026/09/23 05:27:46.395, 0, 87 %, 73 %, 3205 MiB, 49140 MiB, 273.23 W, 300.00 W, 71, 2370 MHz
2026/09/23 05:27:47.396, 0, 90 %, 74 %, 3205 MiB, 49140 MiB, 272.05 W, 300.00 W, 71, 2535 MHz
2026/09/23 05:27:48.396, 0, 85 %, 70 %, 3205 MiB, 49140 MiB, 270.44 W, 300.00 W, 71, 2535 MHz
2026/09/23 05:27:49.397, 0, 85 %, 71 %, 3205 MiB, 49140 MiB, 274.35 W, 300.00 W, 71, 2370 MHz
2026/09/23 05:27:50.398, 0, 87 %, 71 %, 3205 MiB, 49140 MiB, 271.09 W, 300.00 W, 71, 2535 MHz
2026/09/23 05:27:51.398, 0, 84 %, 69 %, 3205 MiB, 49140 MiB, 273.81 W, 300.00 W, 72, 2370 MHz
2026/09/23 05:27:52.399, 0, 86 %, 71 %, 3205 MiB, 49140 MiB, 273.38 W, 300.00 W, 71, 2400 MHz
2026/09/23 05:27:53.400, 0, 73 %, 42 %, 3205 MiB, 49140 MiB, 251.03 W, 300.00 W, 67, 2730 MHz
2026/09/23 05:27:54.400, 0, 0 %, 0 %, 3205 MiB, 49140 MiB, 130.13 W, 300.00 W, 71, 2460 MHz
2026/09/23 05:27:55.401, 0, 85 %, 71 %, 3205 MiB, 49140 MiB, 270.04 W, 300.00 W, 70, 2580 MHz
2026/09/23 05:27:56.402, 0, 85 %, 72 %, 3205 MiB, 49140 MiB, 277.14 W, 300.00 W, 72, 2250 MHz
2026/09/23 05:27:57.403, 0, 88 %, 71 %, 3205 MiB, 49140 MiB, 275.13 W, 300.00 W, 71, 2490 MHz
2026/09/23 05:27:58.404, 0, 81 %, 67 %, 3205 MiB, 49140 MiB, 275.95 W, 300.00 W, 72, 2310 MHz
2026/09/23 05:27:59.405, 0, 88 %, 73 %, 3205 MiB, 49140 MiB, 276.07 W, 300.00 W, 70, 2595 MHz
2026/09/23 05:28:00.406, 0, 90 %, 75 %, 3205 MiB, 49140 MiB, 274.75 W, 300.00 W, 71, 2535 MHz
2026/09/23 05:28:01.406, 0, 85 %, 71 %, 3205 MiB, 49140 MiB, 272.05 W, 300.00 W, 72, 2565 MHz
2026/09/23 05:28:02.407, 0, 86 %, 71 %, 3205 MiB, 49140 MiB, 274.42 W, 300.00 W, 71, 2520 MHz
2026/09/23 05:28:03.407, 0, 86 %, 71 %, 3205 MiB, 49140 MiB, 274.92 W, 300.00 W, 72, 2370 MHz
2026/09/23 05:28:04.408, 0, 80 %, 66 %, 3205 MiB, 49140 MiB, 274.41 W, 300.00 W, 72, 2370 MHz
2026/09/23 05:28:05.409, 0, 69 %, 48 %, 3205 MiB, 49140 MiB, 263.35 W, 300.00 W, 68, 2730 MHz
2026/09/23 05:28:06.409, 0, 0 %, 0 %, 3205 MiB, 49140 MiB, 127.69 W, 300.00 W, 70, 2595 MHz
2026/09/23 05:28:07.410, 0, 85 %, 71 %, 3205 MiB, 49140 MiB, 273.03 W, 300.00 W, 72, 2460 MHz
2026/09/23 05:28:08.411, 0, 87 %, 71 %, 3205 MiB, 49140 MiB, 273.68 W, 300.00 W, 69, 2520 MHz
2026/09/23 05:28:09.412, 0, 87 %, 74 %, 3205 MiB, 49140 MiB, 273.24 W, 300.00 W, 72, 2460 MHz
2026/09/23 05:28:10.413, 0, 84 %, 68 %, 3205 MiB, 49140 MiB, 272.31 W, 300.00 W, 70, 2535 MHz
2026/09/23 05:28:11.414, 0, 84 %, 69 %, 3205 MiB, 49140 MiB, 271.94 W, 300.00 W, 71, 2535 MHz
2026/09/23 05:28:12.414, 0, 77 %, 64 %, 3205 MiB, 49140 MiB, 273.58 W, 300.00 W, 72, 2460 MHz
2026/09/23 05:28:13.415, 0, 85 %, 70 %, 3205 MiB, 49140 MiB, 273.30 W, 300.00 W, 70, 2490 MHz
2026/09/23 05:28:14.416, 0, 84 %, 70 %, 3205 MiB, 49140 MiB, 275.03 W, 300.00 W, 71, 2370 MHz
2026/09/23 05:28:15.417, 0, 90 %, 75 %, 3205 MiB, 49140 MiB, 273.79 W, 300.00 W, 70, 2490 MHz
2026/09/23 05:28:16.417, 0, 86 %, 72 %, 3205 MiB, 49140 MiB, 272.39 W, 300.00 W, 72, 2490 MHz
2026/09/23 05:28:17.418, 0, 86 %, 70 %, 3205 MiB, 49140 MiB, 259.35 W, 300.00 W, 72, 2730 MHz
2026/09/23 05:28:18.418, 0, 0 %, 0 %, 3205 MiB, 49140 MiB, 116.79 W, 300.00 W, 65, 2745 MHz
2026/09/23 05:28:19.419, 0, 85 %, 72 %, 3205 MiB, 49140 MiB, 238.78 W, 300.00 W, 70, 2595 MHz
2026/09/23 05:28:20.420, 0, 82 %, 68 %, 3205 MiB, 49140 MiB, 279.01 W, 300.00 W, 70, 2535 MHz
2026/09/23 05:28:21.421, 0, 81 %, 67 %, 3205 MiB, 49140 MiB, 275.59 W, 300.00 W, 71, 2535 MHz
2026/09/23 05:28:22.422, 0, 83 %, 69 %, 3205 MiB, 49140 MiB, 274.11 W, 300.00 W, 70, 2595 MHz
2026/09/23 05:28:23.423, 0, 90 %, 74 %, 3205 MiB, 49140 MiB, 276.47 W, 300.00 W, 71, 2505 MHz
2026/09/23 05:28:24.424, 0, 85 %, 73 %, 3205 MiB, 49140 MiB, 276.81 W, 300.00 W, 72, 2520 MHz
2026/09/23 05:28:25.425, 0, 85 %, 71 %, 3205 MiB, 49140 MiB, 277.15 W, 300.00 W, 72, 2280 MHz
2026/09/23 05:28:26.425, 0, 87 %, 73 %, 3205 MiB, 49140 MiB, 279.15 W, 300.00 W, 71, 2475 MHz
2026/09/23 05:28:27.426, 0, 89 %, 72 %, 3205 MiB, 49140 MiB, 277.42 W, 300.00 W, 71, 2430 MHz
2026/09/23 05:28:28.427, 0, 83 %, 69 %, 3205 MiB, 49140 MiB, 276.55 W, 300.00 W, 71, 2520 MHz
2026/09/23 05:28:29.428, 0, 0 %, 0 %, 3205 MiB, 49140 MiB, 241.13 W, 300.00 W, 67, 2730 MHz
2026/09/23 05:28:30.429, 0, 88 %, 72 %, 3205 MiB, 49140 MiB, 134.93 W, 300.00 W, 71, 2460 MHz
2026/09/23 05:28:31.430, 0, 81 %, 69 %, 3205 MiB, 49140 MiB, 274.89 W, 300.00 W, 71, 2370 MHz
2026/09/23 05:28:32.431, 0, 86 %, 71 %, 3205 MiB, 49140 MiB, 277.66 W, 300.00 W, 72, 2400 MHz
2026/09/23 05:28:33.432, 0, 81 %, 67 %, 3205 MiB, 49140 MiB, 277.26 W, 300.00 W, 71, 2400 MHz
2026/09/23 05:28:34.433, 0, 87 %, 71 %, 3205 MiB, 49140 MiB, 276.18 W, 300.00 W, 72, 2490 MHz
2026/09/23 05:28:35.433, 0, 87 %, 73 %, 3205 MiB, 49140 MiB, 278.08 W, 300.00 W, 72, 2355 MHz
2026/09/23 05:28:36.434, 0, 86 %, 72 %, 3205 MiB, 49140 MiB, 278.01 W, 300.00 W, 72, 2505 MHz
2026/09/23 05:28:37.435, 0, 85 %, 69 %, 3205 MiB, 49140 MiB, 277.10 W, 300.00 W, 71, 2520 MHz
2026/09/23 05:28:38.435, 0, 85 %, 71 %, 3205 MiB, 49140 MiB, 279.08 W, 300.00 W, 70, 2430 MHz
2026/09/23 05:28:39.436, 0, 88 %, 73 %, 3205 MiB, 49140 MiB, 277.57 W, 300.00 W, 72, 2505 MHz
2026/09/23 05:28:40.437, 0, 85 %, 69 %, 3205 MiB, 49140 MiB, 276.92 W, 300.00 W, 71, 2490 MHz
2026/09/23 05:28:41.438, 0, 0 %, 0 %, 3205 MiB, 49140 MiB, 246.95 W, 300.00 W, 67, 2730 MHz
2026/09/23 05:28:42.438, 0, 83 %, 69 %, 3205 MiB, 49140 MiB, 123.81 W, 300.00 W, 71, 2625 MHz
2026/09/23 05:28:43.439, 0, 92 %, 76 %, 3205 MiB, 49140 MiB, 279.46 W, 300.00 W, 72, 2370 MHz
2026/09/23 05:28:44.440, 0, 81 %, 67 %, 3205 MiB, 49140 MiB, 279.48 W, 300.00 W, 71, 2490 MHz
2026/09/23 05:28:45.441, 0, 82 %, 68 %, 3205 MiB, 49140 MiB, 279.59 W, 300.00 W, 70, 2535 MHz
2026/09/23 05:28:46.442, 0, 90 %, 74 %, 3205 MiB, 49140 MiB, 279.45 W, 300.00 W, 72, 2490 MHz
2026/09/23 05:28:47.443, 0, 83 %, 69 %, 3205 MiB, 49140 MiB, 281.49 W, 300.00 W, 71, 2550 MHz
2026/09/23 05:28:48.444, 0, 85 %, 69 %, 3205 MiB, 49140 MiB, 278.39 W, 300.00 W, 72, 2475 MHz
2026/09/23 05:28:49.444, 0, 84 %, 70 %, 3205 MiB, 49140 MiB, 278.54 W, 300.00 W, 71, 2520 MHz
2026/09/23 05:28:50.445, 0, 85 %, 70 %, 3205 MiB, 49140 MiB, 277.33 W, 300.00 W, 71, 2550 MHz
2026/09/23 05:28:51.445, 0, 83 %, 70 %, 3205 MiB, 49140 MiB, 279.26 W, 300.00 W, 72, 2475 MHz
2026/09/23 05:28:52.446, 0, 87 %, 72 %, 3205 MiB, 49140 MiB, 280.28 W, 300.00 W, 71, 2445 MHz
2026/09/23 05:28:53.447, 0, 32 %, 18 %, 3205 MiB, 49140 MiB, 258.31 W, 300.00 W, 67, 2730 MHz
2026/09/23 05:28:54.448, 0, 84 %, 70 %, 3205 MiB, 49140 MiB, 130.80 W, 300.00 W, 71, 2445 MHz
2026/09/23 05:28:55.448, 0, 85 %, 71 %, 3205 MiB, 49140 MiB, 272.14 W, 300.00 W, 70, 2460 MHz
2026/09/23 05:28:56.449, 0, 79 %, 67 %, 3205 MiB, 49140 MiB, 276.77 W, 300.00 W, 72, 2565 MHz
2026/09/23 05:28:57.450, 0, 85 %, 72 %, 3205 MiB, 49140 MiB, 274.83 W, 300.00 W, 72, 2475 MHz
2026/09/23 05:28:58.451, 0, 85 %, 70 %, 3205 MiB, 49140 MiB, 277.80 W, 300.00 W, 71, 2565 MHz
2026/09/23 05:28:59.453, 0, 82 %, 68 %, 3205 MiB, 49140 MiB, 276.92 W, 300.00 W, 70, 2520 MHz
2026/09/23 05:29:00.453, 0, 86 %, 70 %, 3205 MiB, 49140 MiB, 276.21 W, 300.00 W, 71, 2520 MHz
2026/09/23 05:29:01.454, 0, 86 %, 70 %, 3205 MiB, 49140 MiB, 274.38 W, 300.00 W, 71, 2490 MHz
2026/09/23 05:29:02.455, 0, 85 %, 70 %, 3205 MiB, 49140 MiB, 276.93 W, 300.00 W, 71, 2490 MHz
2026/09/23 05:29:03.455, 0, 87 %, 71 %, 3205 MiB, 49140 MiB, 277.89 W, 300.00 W, 71, 2460 MHz
2026/09/23 05:29:04.456, 0, 84 %, 70 %, 3205 MiB, 49140 MiB, 280.11 W, 300.00 W, 71, 2400 MHz
2026/09/23 05:29:05.457, 0, 53 %, 31 %, 3205 MiB, 49140 MiB, 262.77 W, 300.00 W, 69, 2730 MHz
2026/09/23 05:29:06.457, 0, 85 %, 70 %, 3205 MiB, 49140 MiB, 123.73 W, 300.00 W, 70, 2475 MHz
2026/09/23 05:29:07.458, 0, 87 %, 73 %, 3205 MiB, 49140 MiB, 274.19 W, 300.00 W, 70, 2520 MHz
2026/09/23 05:29:08.459, 0, 92 %, 76 %, 3205 MiB, 49140 MiB, 275.25 W, 300.00 W, 70, 2445 MHz
2026/09/23 05:29:09.459, 0, 86 %, 70 %, 3205 MiB, 49140 MiB, 272.89 W, 300.00 W, 71, 2415 MHz
2026/09/23 05:29:10.460, 0, 81 %, 66 %, 3205 MiB, 49140 MiB, 273.74 W, 300.00 W, 70, 2520 MHz
2026/09/23 05:29:11.461, 0, 85 %, 70 %, 3205 MiB, 49140 MiB, 274.17 W, 300.00 W, 72, 2460 MHz
2026/09/23 05:29:12.462, 0, 84 %, 69 %, 3205 MiB, 49140 MiB, 274.77 W, 300.00 W, 71, 2520 MHz
2026/09/23 05:29:13.462, 0, 88 %, 74 %, 3205 MiB, 49140 MiB, 276.38 W, 300.00 W, 71, 2475 MHz
2026/09/23 05:29:14.463, 0, 86 %, 72 %, 3205 MiB, 49140 MiB, 274.68 W, 300.00 W, 72, 2475 MHz
2026/09/23 05:29:15.463, 0, 83 %, 69 %, 3205 MiB, 49140 MiB, 274.23 W, 300.00 W, 72, 2475 MHz
2026/09/23 05:29:16.464, 0, 84 %, 70 %, 3205 MiB, 49140 MiB, 274.19 W, 300.00 W, 71, 2460 MHz
2026/09/23 05:29:17.465, 0, 60 %, 35 %, 3205 MiB, 49140 MiB, 264.13 W, 300.00 W, 71, 2715 MHz
2026/09/23 05:29:18.466, 0, 26 %, 20 %, 3205 MiB, 49140 MiB, 118.32 W, 300.00 W, 69, 2610 MHz
2026/09/23 05:29:19.466, 0, 82 %, 68 %, 3205 MiB, 49140 MiB, 266.93 W, 300.00 W, 71, 2550 MHz
2026/09/23 05:29:20.467, 0, 86 %, 71 %, 3205 MiB, 49140 MiB, 280.87 W, 300.00 W, 72, 2400 MHz
2026/09/23 05:29:21.468, 0, 81 %, 66 %, 3205 MiB, 49140 MiB, 279.54 W, 300.00 W, 70, 2550 MHz
2026/09/23 05:29:22.469, 0, 88 %, 73 %, 3205 MiB, 49140 MiB, 279.03 W, 300.00 W, 72, 2490 MHz
2026/09/23 05:29:23.469, 0, 81 %, 67 %, 3205 MiB, 49140 MiB, 279.78 W, 300.00 W, 71, 2505 MHz
2026/09/23 05:29:24.470, 0, 92 %, 76 %, 3205 MiB, 49140 MiB, 281.31 W, 300.00 W, 72, 2370 MHz
2026/09/23 05:29:25.470, 0, 86 %, 71 %, 3205 MiB, 49140 MiB, 280.28 W, 300.00 W, 71, 2535 MHz
2026/09/23 05:29:26.471, 0, 86 %, 70 %, 3205 MiB, 49140 MiB, 279.55 W, 300.00 W, 72, 2460 MHz
2026/09/23 05:29:27.472, 0, 84 %, 71 %, 3205 MiB, 49140 MiB, 279.70 W, 300.00 W, 72, 2400 MHz
2026/09/23 05:29:28.473, 0, 86 %, 70 %, 3205 MiB, 49140 MiB, 279.77 W, 300.00 W, 72, 2550 MHz
2026/09/23 05:29:29.473, 0, 61 %, 36 %, 3205 MiB, 49140 MiB, 272.86 W, 300.00 W, 72, 2685 MHz
2026/09/23 05:29:30.474, 0, 0 %, 0 %, 3205 MiB, 49140 MiB, 125.91 W, 300.00 W, 68, 2400 MHz
2026/09/23 05:29:31.475, 0, 81 %, 68 %, 3205 MiB, 49140 MiB, 269.32 W, 300.00 W, 71, 2460 MHz
2026/09/23 05:29:32.476, 0, 83 %, 68 %, 3205 MiB, 49140 MiB, 276.68 W, 300.00 W, 70, 2490 MHz
2026/09/23 05:29:33.476, 0, 90 %, 74 %, 3205 MiB, 49140 MiB, 278.38 W, 300.00 W, 72, 2355 MHz
2026/09/23 05:29:34.478, 0, 84 %, 70 %, 3205 MiB, 49140 MiB, 277.55 W, 300.00 W, 71, 2580 MHz
2026/09/23 05:29:35.479, 0, 86 %, 70 %, 3205 MiB, 49140 MiB, 277.15 W, 300.00 W, 73, 2370 MHz
2026/09/23 05:29:36.480, 0, 86 %, 73 %, 3205 MiB, 49140 MiB, 277.47 W, 300.00 W, 72, 2460 MHz
2026/09/23 05:29:37.482, 0, 85 %, 70 %, 3205 MiB, 49140 MiB, 275.72 W, 300.00 W, 72, 2490 MHz
2026/09/23 05:29:38.482, 0, 72 %, 59 %, 3205 MiB, 49140 MiB, 273.78 W, 300.00 W, 73, 2430 MHz
2026/09/23 05:29:39.483, 0, 86 %, 71 %, 3205 MiB, 49140 MiB, 276.93 W, 300.00 W, 72, 2505 MHz
2026/09/23 05:29:40.484, 0, 90 %, 76 %, 3205 MiB, 49140 MiB, 278.47 W, 300.00 W, 72, 2475 MHz
2026/09/23 05:29:41.484, 0, 62 %, 37 %, 3205 MiB, 49140 MiB, 269.61 W, 300.00 W, 71, 2670 MHz
2026/09/23 05:29:42.485, 0, 4 %, 3 %, 3205 MiB, 49140 MiB, 122.81 W, 300.00 W, 66, 2745 MHz
2026/09/23 05:29:43.486, 0, 88 %, 72 %, 3205 MiB, 49140 MiB, 257.95 W, 300.00 W, 70, 2490 MHz
2026/09/23 05:29:44.487, 0, 82 %, 66 %, 3205 MiB, 49140 MiB, 276.62 W, 300.00 W, 72, 2490 MHz
2026/09/23 05:29:45.488, 0, 80 %, 67 %, 3205 MiB, 49140 MiB, 277.27 W, 300.00 W, 71, 2565 MHz
2026/09/23 05:29:46.488, 0, 90 %, 73 %, 3205 MiB, 49140 MiB, 276.60 W, 300.00 W, 70, 2490 MHz
2026/09/23 05:29:47.489, 0, 82 %, 68 %, 3205 MiB, 49140 MiB, 276.37 W, 300.00 W, 72, 2370 MHz
2026/09/23 05:29:48.491, 0, 85 %, 73 %, 3205 MiB, 49140 MiB, 277.69 W, 300.00 W, 71, 2535 MHz
2026/09/23 05:29:49.492, 0, 86 %, 73 %, 3205 MiB, 49140 MiB, 277.71 W, 300.00 W, 71, 2505 MHz
2026/09/23 05:29:50.492, 0, 81 %, 67 %, 3205 MiB, 49140 MiB, 278.50 W, 300.00 W, 72, 2370 MHz
2026/09/23 05:29:51.493, 0, 79 %, 66 %, 3205 MiB, 49140 MiB, 275.73 W, 300.00 W, 71, 2370 MHz
2026/09/23 05:29:52.495, 0, 84 %, 71 %, 3205 MiB, 49140 MiB, 276.70 W, 300.00 W, 72, 2460 MHz
2026/09/23 05:29:53.496, 0, 63 %, 37 %, 3205 MiB, 49140 MiB, 271.31 W, 300.00 W, 72, 2655 MHz
2026/09/23 05:29:54.496, 0, 0 %, 0 %, 3205 MiB, 49140 MiB, 138.09 W, 300.00 W, 66, 2745 MHz
2026/09/23 05:29:55.497, 0, 85 %, 69 %, 3205 MiB, 49140 MiB, 226.94 W, 300.00 W, 71, 2430 MHz
2026/09/23 05:29:56.498, 0, 89 %, 72 %, 3205 MiB, 49140 MiB, 276.08 W, 300.00 W, 71, 2415 MHz
2026/09/23 05:29:57.499, 0, 86 %, 73 %, 3205 MiB, 49140 MiB, 277.85 W, 300.00 W, 72, 2460 MHz
2026/09/23 05:29:58.500, 0, 83 %, 69 %, 3205 MiB, 49140 MiB, 278.82 W, 300.00 W, 72, 2445 MHz
2026/09/23 05:29:59.500, 0, 86 %, 73 %, 3205 MiB, 49140 MiB, 277.07 W, 300.00 W, 71, 2490 MHz
2026/09/23 05:30:00.501, 0, 84 %, 71 %, 3205 MiB, 49140 MiB, 277.95 W, 300.00 W, 70, 2550 MHz
2026/09/23 05:30:01.502, 0, 86 %, 73 %, 3205 MiB, 49140 MiB, 276.06 W, 300.00 W, 71, 2520 MHz
2026/09/23 05:30:02.503, 0, 83 %, 70 %, 3205 MiB, 49140 MiB, 277.06 W, 300.00 W, 71, 2310 MHz
2026/09/23 05:30:03.505, 0, 84 %, 71 %, 3205 MiB, 49140 MiB, 277.62 W, 300.00 W, 72, 2460 MHz
2026/09/23 05:30:04.506, 0, 88 %, 73 %, 3205 MiB, 49140 MiB, 278.32 W, 300.00 W, 72, 2490 MHz
2026/09/23 05:30:05.506, 0, 63 %, 36 %, 3205 MiB, 49140 MiB, 273.17 W, 300.00 W, 71, 2685 MHz
2026/09/23 05:30:06.507, 0, 0 %, 0 %, 3205 MiB, 49140 MiB, 159.22 W, 300.00 W, 66, 2745 MHz
2026/09/23 05:30:07.507, 0, 87 %, 71 %, 3205 MiB, 49140 MiB, 212.57 W, 300.00 W, 71, 2505 MHz
2026/09/23 05:30:08.508, 0, 90 %, 75 %, 3205 MiB, 49140 MiB, 276.61 W, 300.00 W, 71, 2430 MHz
2026/09/23 05:30:09.509, 0, 87 %, 72 %, 3205 MiB, 49140 MiB, 277.04 W, 300.00 W, 71, 2310 MHz
2026/09/23 05:30:10.510, 0, 84 %, 70 %, 3205 MiB, 49140 MiB, 275.23 W, 300.00 W, 72, 2505 MHz
2026/09/23 05:30:11.511, 0, 87 %, 72 %, 3205 MiB, 49140 MiB, 274.83 W, 300.00 W, 72, 2550 MHz
2026/09/23 05:30:12.511, 0, 87 %, 72 %, 3205 MiB, 49140 MiB, 274.82 W, 300.00 W, 71, 2370 MHz
2026/09/23 05:30:13.512, 0, 85 %, 72 %, 3205 MiB, 49140 MiB, 274.76 W, 300.00 W, 70, 2550 MHz
2026/09/23 05:30:14.512, 0, 82 %, 68 %, 3205 MiB, 49140 MiB, 272.32 W, 300.00 W, 72, 2505 MHz
2026/09/23 05:30:15.514, 0, 95 %, 77 %, 3205 MiB, 49140 MiB, 273.97 W, 300.00 W, 72, 2220 MHz
2026/09/23 05:30:16.515, 0, 84 %, 71 %, 3205 MiB, 49140 MiB, 272.11 W, 300.00 W, 71, 2520 MHz
2026/09/23 05:30:17.515, 0, 59 %, 34 %, 3205 MiB, 49140 MiB, 271.09 W, 300.00 W, 72, 2685 MHz
2026/09/23 05:30:18.516, 0, 0 %, 0 %, 3205 MiB, 49140 MiB, 161.70 W, 300.00 W, 65, 2625 MHz
2026/09/23 05:30:19.517, 0, 86 %, 70 %, 3205 MiB, 49140 MiB, 197.57 W, 300.00 W, 71, 2430 MHz
2026/09/23 05:30:20.517, 0, 84 %, 70 %, 3205 MiB, 49140 MiB, 276.60 W, 300.00 W, 71, 2310 MHz
2026/09/23 05:30:21.518, 0, 88 %, 74 %, 3205 MiB, 49140 MiB, 277.88 W, 300.00 W, 72, 2505 MHz
2026/09/23 05:30:22.519, 0, 80 %, 65 %, 3205 MiB, 49140 MiB, 275.05 W, 300.00 W, 71, 2505 MHz
2026/09/23 05:30:23.519, 0, 84 %, 68 %, 3205 MiB, 49140 MiB, 275.77 W, 300.00 W, 71, 2505 MHz
2026/09/23 05:30:24.520, 0, 87 %, 72 %, 3205 MiB, 49140 MiB, 277.78 W, 300.00 W, 72, 2325 MHz
2026/09/23 05:30:25.521, 0, 84 %, 71 %, 3205 MiB, 49140 MiB, 278.55 W, 300.00 W, 71, 2520 MHz
2026/09/23 05:30:26.521, 0, 88 %, 71 %, 3205 MiB, 49140 MiB, 275.73 W, 300.00 W, 71, 2460 MHz
2026/09/23 05:30:27.522, 0, 86 %, 74 %, 3205 MiB, 49140 MiB, 278.55 W, 300.00 W, 71, 2490 MHz
2026/09/23 05:30:28.523, 0, 90 %, 74 %, 3205 MiB, 49140 MiB, 279.32 W, 300.00 W, 70, 2220 MHz
2026/09/23 05:30:29.523, 0, 74 %, 55 %, 3205 MiB, 49140 MiB, 275.38 W, 300.00 W, 71, 2550 MHz
2026/09/23 05:30:30.524, 0, 0 %, 0 %, 3205 MiB, 49140 MiB, 184.33 W, 300.00 W, 66, 2745 MHz
2026/09/23 05:30:31.526, 0, 86 %, 71 %, 3205 MiB, 49140 MiB, 185.19 W, 300.00 W, 71, 2475 MHz
2026/09/23 05:30:32.527, 0, 86 %, 69 %, 3205 MiB, 49140 MiB, 272.12 W, 300.00 W, 70, 2430 MHz
2026/09/23 05:30:33.527, 0, 87 %, 71 %, 3205 MiB, 49140 MiB, 273.64 W, 300.00 W, 71, 2280 MHz
2026/09/23 05:30:34.528, 0, 86 %, 73 %, 3205 MiB, 49140 MiB, 275.20 W, 300.00 W, 71, 2460 MHz
2026/09/23 05:30:35.529, 0, 79 %, 66 %, 3205 MiB, 49140 MiB, 274.78 W, 300.00 W, 71, 2475 MHz
2026/09/23 05:30:36.529, 0, 86 %, 70 %, 3205 MiB, 49140 MiB, 272.98 W, 300.00 W, 71, 2370 MHz
2026/09/23 05:30:37.530, 0, 85 %, 68 %, 3205 MiB, 49140 MiB, 275.09 W, 300.00 W, 72, 2415 MHz
2026/09/23 05:30:38.531, 0, 86 %, 70 %, 3205 MiB, 49140 MiB, 275.58 W, 300.00 W, 72, 2460 MHz
2026/09/23 05:30:39.533, 0, 83 %, 70 %, 3205 MiB, 49140 MiB, 271.57 W, 300.00 W, 70, 2610 MHz
2026/09/23 05:30:40.534, 0, 85 %, 72 %, 3205 MiB, 49140 MiB, 272.68 W, 300.00 W, 70, 2370 MHz
2026/09/23 05:30:41.535, 0, 84 %, 68 %, 3205 MiB, 49140 MiB, 273.96 W, 300.00 W, 72, 2430 MHz
2026/09/23 05:30:42.535, 0, 0 %, 0 %, 3205 MiB, 49140 MiB, 202.94 W, 300.00 W, 66, 2700 MHz
2026/09/23 05:30:43.536, 0, 85 %, 72 %, 3205 MiB, 49140 MiB, 165.24 W, 300.00 W, 70, 2520 MHz
2026/09/23 05:30:44.536, 0, 88 %, 71 %, 3205 MiB, 49140 MiB, 271.84 W, 300.00 W, 71, 2250 MHz
2026/09/23 05:30:45.537, 0, 82 %, 68 %, 3205 MiB, 49140 MiB, 272.05 W, 300.00 W, 71, 2550 MHz
2026/09/23 05:30:46.538, 0, 82 %, 70 %, 3205 MiB, 49140 MiB, 272.84 W, 300.00 W, 71, 2535 MHz
2026/09/23 05:30:47.538, 0, 90 %, 73 %, 3205 MiB, 49140 MiB, 276.02 W, 300.00 W, 70, 2400 MHz
2026/09/23 05:30:48.539, 0, 79 %, 66 %, 3205 MiB, 49140 MiB, 278.14 W, 300.00 W, 71, 2595 MHz
2026/09/23 05:30:49.540, 0, 86 %, 71 %, 3205 MiB, 49140 MiB, 278.72 W, 300.00 W, 72, 2295 MHz
2026/09/23 05:30:50.541, 0, 85 %, 70 %, 3205 MiB, 49140 MiB, 277.89 W, 300.00 W, 72, 2490 MHz
2026/09/23 05:30:51.542, 0, 86 %, 74 %, 3205 MiB, 49140 MiB, 278.10 W, 300.00 W, 71, 2520 MHz
2026/09/23 05:30:52.543, 0, 81 %, 68 %, 3205 MiB, 49140 MiB, 277.19 W, 300.00 W, 71, 2445 MHz
2026/09/23 05:30:53.544, 0, 84 %, 69 %, 3205 MiB, 49140 MiB, 279.21 W, 300.00 W, 72, 2445 MHz
2026/09/23 05:30:54.544, 0, 0 %, 0 %, 3205 MiB, 49140 MiB, 214.72 W, 300.00 W, 67, 2745 MHz
2026/09/23 05:30:55.545, 0, 85 %, 72 %, 3205 MiB, 49140 MiB, 161.55 W, 300.00 W, 70, 2565 MHz
2026/09/23 05:30:56.545, 0, 77 %, 64 %, 3205 MiB, 49140 MiB, 279.03 W, 300.00 W, 72, 2580 MHz
2026/09/23 05:30:57.546, 0, 87 %, 71 %, 3205 MiB, 49140 MiB, 277.47 W, 300.00 W, 70, 2520 MHz
2026/09/23 05:30:58.547, 0, 84 %, 69 %, 3205 MiB, 49140 MiB, 281.85 W, 300.00 W, 72, 2295 MHz
2026/09/23 05:30:59.547, 0, 86 %, 70 %, 3205 MiB, 49140 MiB, 279.69 W, 300.00 W, 72, 2460 MHz
2026/09/23 05:31:00.547, 0, 86 %, 70 %, 3205 MiB, 49140 MiB, 278.36 W, 300.00 W, 72, 2520 MHz
2026/09/23 05:31:01.549, 0, 80 %, 68 %, 3205 MiB, 49140 MiB, 280.11 W, 300.00 W, 71, 2565 MHz
2026/09/23 05:31:02.549, 0, 87 %, 72 %, 3205 MiB, 49140 MiB, 279.58 W, 300.00 W, 71, 2370 MHz
2026/09/23 05:31:03.550, 0, 86 %, 70 %, 3205 MiB, 49140 MiB, 277.56 W, 300.00 W, 70, 2580 MHz
2026/09/23 05:31:04.550, 0, 83 %, 71 %, 3205 MiB, 49140 MiB, 279.08 W, 300.00 W, 73, 2610 MHz
2026/09/23 05:31:05.551, 0, 84 %, 71 %, 3205 MiB, 49140 MiB, 280.42 W, 300.00 W, 72, 2460 MHz
2026/09/23 05:31:06.552, 0, 0 %, 0 %, 3205 MiB, 49140 MiB, 229.04 W, 300.00 W, 67, 2730 MHz
2026/09/23 05:31:07.553, 0, 88 %, 74 %, 3205 MiB, 49140 MiB, 142.70 W, 300.00 W, 70, 2490 MHz
2026/09/23 05:31:08.553, 0, 89 %, 73 %, 3205 MiB, 49140 MiB, 278.95 W, 300.00 W, 71, 2310 MHz
2026/09/23 05:31:09.554, 0, 80 %, 68 %, 3205 MiB, 49140 MiB, 273.99 W, 300.00 W, 71, 2505 MHz
2026/09/23 05:31:10.554, 0, 81 %, 66 %, 3205 MiB, 49140 MiB, 275.44 W, 300.00 W, 71, 2490 MHz
2026/09/23 05:31:11.556, 0, 90 %, 74 %, 3205 MiB, 49140 MiB, 275.71 W, 300.00 W, 71, 2475 MHz
2026/09/23 05:31:12.557, 0, 88 %, 72 %, 3205 MiB, 49140 MiB, 281.55 W, 300.00 W, 72, 2400 MHz
2026/09/23 05:31:13.558, 0, 82 %, 67 %, 3205 MiB, 49140 MiB, 275.04 W, 300.00 W, 71, 2535 MHz
2026/09/23 05:31:14.558, 0, 91 %, 74 %, 3205 MiB, 49140 MiB, 277.85 W, 300.00 W, 71, 2445 MHz
2026/09/23 05:31:15.559, 0, 86 %, 70 %, 3205 MiB, 49140 MiB, 277.11 W, 300.00 W, 70, 2415 MHz
2026/09/23 05:31:16.559, 0, 85 %, 72 %, 3205 MiB, 49140 MiB, 274.88 W, 300.00 W, 71, 2565 MHz
2026/09/23 05:31:17.560, 0, 82 %, 69 %, 3205 MiB, 49140 MiB, 276.54 W, 300.00 W, 72, 2580 MHz
2026/09/23 05:31:18.561, 0, 0 %, 0 %, 3205 MiB, 49140 MiB, 238.46 W, 300.00 W, 67, 2730 MHz
2026/09/23 05:31:19.564, 0, 83 %, 68 %, 3205 MiB, 49140 MiB, 129.82 W, 300.00 W, 71, 2490 MHz
2026/09/23 05:31:20.564, 0, 85 %, 70 %, 3205 MiB, 49140 MiB, 271.30 W, 300.00 W, 70, 2235 MHz
2026/09/23 05:31:21.565, 0, 86 %, 72 %, 3205 MiB, 49140 MiB, 274.82 W, 300.00 W, 72, 2535 MHz
2026/09/23 05:31:22.566, 0, 82 %, 69 %, 3205 MiB, 49140 MiB, 275.41 W, 300.00 W, 71, 2460 MHz
2026/09/23 05:31:23.566, 0, 83 %, 70 %, 3205 MiB, 49140 MiB, 275.31 W, 300.00 W, 72, 2580 MHz
2026/09/23 05:31:24.567, 0, 88 %, 70 %, 3205 MiB, 49140 MiB, 274.04 W, 300.00 W, 71, 2565 MHz
2026/09/23 05:31:25.568, 0, 81 %, 68 %, 3205 MiB, 49140 MiB, 273.83 W, 300.00 W, 72, 2550 MHz
2026/09/23 05:31:26.569, 0, 90 %, 72 %, 3205 MiB, 49140 MiB, 274.99 W, 300.00 W, 71, 2460 MHz
2026/09/23 05:31:27.570, 0, 85 %, 72 %, 3205 MiB, 49140 MiB, 273.86 W, 300.00 W, 72, 2415 MHz
2026/09/23 05:31:28.571, 0, 85 %, 71 %, 3205 MiB, 49140 MiB, 275.81 W, 300.00 W, 72, 2370 MHz
2026/09/23 05:31:29.571, 0, 86 %, 74 %, 3205 MiB, 49140 MiB, 274.63 W, 300.00 W, 72, 2520 MHz
2026/09/23 05:31:30.572, 0, 0 %, 0 %, 3205 MiB, 49140 MiB, 242.61 W, 300.00 W, 67, 2730 MHz
2026/09/23 05:31:31.572, 0, 86 %, 68 %, 3205 MiB, 49140 MiB, 126.31 W, 300.00 W, 70, 2520 MHz
2026/09/23 05:31:32.574, 0, 88 %, 72 %, 3205 MiB, 49140 MiB, 274.89 W, 300.00 W, 71, 2370 MHz
2026/09/23 05:31:33.575, 0, 86 %, 72 %, 3205 MiB, 49140 MiB, 277.67 W, 300.00 W, 72, 2490 MHz
2026/09/23 05:31:34.576, 0, 85 %, 70 %, 3205 MiB, 49140 MiB, 276.34 W, 300.00 W, 71, 2370 MHz
2026/09/23 05:31:35.576, 0, 81 %, 66 %, 3205 MiB, 49140 MiB, 276.40 W, 300.00 W, 72, 2535 MHz
2026/09/23 05:31:36.578, 0, 86 %, 71 %, 3205 MiB, 49140 MiB, 277.53 W, 300.00 W, 71, 2550 MHz
2026/09/23 05:31:37.579, 0, 85 %, 70 %, 3205 MiB, 49140 MiB, 278.19 W, 300.00 W, 72, 2430 MHz
2026/09/23 05:31:38.580, 0, 86 %, 70 %, 3205 MiB, 49140 MiB, 277.27 W, 300.00 W, 71, 2580 MHz
2026/09/23 05:31:39.580, 0, 86 %, 72 %, 3205 MiB, 49140 MiB, 278.47 W, 300.00 W, 71, 2370 MHz
2026/09/23 05:31:40.581, 0, 85 %, 72 %, 3205 MiB, 49140 MiB, 274.42 W, 300.00 W, 72, 2415 MHz
2026/09/23 05:31:41.581, 0, 84 %, 69 %, 3205 MiB, 49140 MiB, 276.76 W, 300.00 W, 71, 2415 MHz
2026/09/23 05:31:42.582, 0, 19 %, 11 %, 3205 MiB, 49140 MiB, 253.99 W, 300.00 W, 67, 2730 MHz
2026/09/23 05:31:43.583, 0, 84 %, 69 %, 3205 MiB, 49140 MiB, 133.52 W, 300.00 W, 71, 2430 MHz
2026/09/23 05:31:44.584, 0, 82 %, 66 %, 3205 MiB, 49140 MiB, 276.89 W, 300.00 W, 71, 2595 MHz
2026/09/23 05:31:45.584, 0, 81 %, 67 %, 3205 MiB, 49140 MiB, 278.32 W, 300.00 W, 71, 2565 MHz
2026/09/23 05:31:46.585, 0, 91 %, 73 %, 3205 MiB, 49140 MiB, 281.62 W, 300.00 W, 72, 2175 MHz
2026/09/23 05:31:47.586, 0, 88 %, 72 %, 3205 MiB, 49140 MiB, 280.10 W, 300.00 W, 71, 2535 MHz
2026/09/23 05:31:48.587, 0, 82 %, 69 %, 3205 MiB, 49140 MiB, 277.62 W, 300.00 W, 72, 2535 MHz
2026/09/23 05:31:49.587, 0, 79 %, 66 %, 3205 MiB, 49140 MiB, 279.85 W, 300.00 W, 72, 2490 MHz
2026/09/23 05:31:50.589, 0, 83 %, 68 %, 3205 MiB, 49140 MiB, 278.44 W, 300.00 W, 70, 2505 MHz
2026/09/23 05:31:51.590, 0, 79 %, 67 %, 3205 MiB, 49140 MiB, 277.48 W, 300.00 W, 72, 2520 MHz
2026/09/23 05:31:52.591, 0, 90 %, 73 %, 3205 MiB, 49140 MiB, 278.64 W, 300.00 W, 71, 2535 MHz
2026/09/23 05:31:53.591, 0, 84 %, 71 %, 3205 MiB, 49140 MiB, 281.58 W, 300.00 W, 72, 2490 MHz
2026/09/23 05:31:54.592, 0, 52 %, 31 %, 3205 MiB, 49140 MiB, 264.80 W, 300.00 W, 70, 2685 MHz
2026/09/23 05:31:55.593, 0, 78 %, 65 %, 3205 MiB, 49140 MiB, 115.39 W, 300.00 W, 70, 2475 MHz
2026/09/23 05:31:56.594, 0, 81 %, 68 %, 3205 MiB, 49140 MiB, 267.11 W, 300.00 W, 72, 2475 MHz
2026/09/23 05:31:57.594, 0, 81 %, 68 %, 3205 MiB, 49140 MiB, 272.85 W, 300.00 W, 71, 2430 MHz
2026/09/23 05:31:58.595, 0, 82 %, 69 %, 3205 MiB, 49140 MiB, 274.97 W, 300.00 W, 71, 2445 MHz
2026/09/23 05:31:59.596, 0, 82 %, 68 %, 3205 MiB, 49140 MiB, 275.68 W, 300.00 W, 71, 2490 MHz
2026/09/23 05:32:00.597, 0, 84 %, 67 %, 3205 MiB, 49140 MiB, 274.51 W, 300.00 W, 71, 2445 MHz
2026/09/23 05:32:01.598, 0, 88 %, 74 %, 3205 MiB, 49140 MiB, 275.02 W, 300.00 W, 71, 2550 MHz
2026/09/23 05:32:02.599, 0, 86 %, 73 %, 3205 MiB, 49140 MiB, 272.40 W, 300.00 W, 72, 2490 MHz
2026/09/23 05:32:03.599, 0, 82 %, 67 %, 3205 MiB, 49140 MiB, 276.02 W, 300.00 W, 71, 2520 MHz
2026/09/23 05:32:04.600, 0, 86 %, 70 %, 3205 MiB, 49140 MiB, 274.53 W, 300.00 W, 71, 2460 MHz
2026/09/23 05:32:05.601, 0, 89 %, 72 %, 3205 MiB, 49140 MiB, 275.28 W, 300.00 W, 71, 2355 MHz
2026/09/23 05:32:06.602, 0, 65 %, 38 %, 3205 MiB, 49140 MiB, 264.57 W, 300.00 W, 70, 2685 MHz
2026/09/23 05:32:07.602, 0, 34 %, 27 %, 3205 MiB, 49140 MiB, 126.87 W, 300.00 W, 71, 2340 MHz
2026/09/23 05:32:08.603, 0, 82 %, 69 %, 3205 MiB, 49140 MiB, 268.84 W, 300.00 W, 71, 2445 MHz
2026/09/23 05:32:09.604, 0, 87 %, 71 %, 3205 MiB, 49140 MiB, 279.11 W, 300.00 W, 72, 2415 MHz
2026/09/23 05:32:10.605, 0, 84 %, 68 %, 3205 MiB, 49140 MiB, 278.70 W, 300.00 W, 70, 2565 MHz
2026/09/23 05:32:11.605, 0, 87 %, 75 %, 3205 MiB, 49140 MiB, 279.50 W, 300.00 W, 71, 2490 MHz
2026/09/23 05:32:12.606, 0, 80 %, 67 %, 3205 MiB, 49140 MiB, 278.66 W, 300.00 W, 71, 2490 MHz
2026/09/23 05:32:13.607, 0, 85 %, 71 %, 3205 MiB, 49140 MiB, 279.02 W, 300.00 W, 71, 2565 MHz
2026/09/23 05:32:14.608, 0, 91 %, 77 %, 3205 MiB, 49140 MiB, 279.58 W, 300.00 W, 70, 2370 MHz
2026/09/23 05:32:15.609, 0, 88 %, 71 %, 3205 MiB, 49140 MiB, 280.58 W, 300.00 W, 72, 2400 MHz
2026/09/23 05:32:16.609, 0, 79 %, 67 %, 3205 MiB, 49140 MiB, 278.95 W, 300.00 W, 73, 2460 MHz
2026/09/23 05:32:17.610, 0, 82 %, 68 %, 3205 MiB, 49140 MiB, 277.26 W, 300.00 W, 71, 2475 MHz
2026/09/23 05:32:18.611, 0, 64 %, 38 %, 3205 MiB, 49140 MiB, 269.81 W, 300.00 W, 71, 2700 MHz
2026/09/23 05:32:19.612, 0, 0 %, 0 %, 3205 MiB, 49140 MiB, 135.50 W, 300.00 W, 66, 2745 MHz
2026/09/23 05:32:20.613, 0, 86 %, 71 %, 3205 MiB, 49140 MiB, 238.82 W, 300.00 W, 70, 2550 MHz
2026/09/23 05:32:21.613, 0, 81 %, 69 %, 3205 MiB, 49140 MiB, 277.44 W, 300.00 W, 71, 2520 MHz
2026/09/23 05:32:22.614, 0, 79 %, 66 %, 3205 MiB, 49140 MiB, 276.42 W, 300.00 W, 72, 2460 MHz
2026/09/23 05:32:23.614, 0, 86 %, 73 %, 3205 MiB, 49140 MiB, 278.51 W, 300.00 W, 71, 2475 MHz
2026/09/23 05:32:24.615, 0, 84 %, 71 %, 3205 MiB, 49140 MiB, 278.62 W, 300.00 W, 72, 2490 MHz
2026/09/23 05:32:25.616, 0, 83 %, 67 %, 3205 MiB, 49140 MiB, 277.02 W, 300.00 W, 70, 2580 MHz
2026/09/23 05:32:26.617, 0, 81 %, 68 %, 3205 MiB, 49140 MiB, 274.45 W, 300.00 W, 72, 2580 MHz
2026/09/23 05:32:27.617, 0, 88 %, 72 %, 3205 MiB, 49140 MiB, 278.15 W, 300.00 W, 72, 2445 MHz
2026/09/23 05:32:28.618, 0, 89 %, 72 %, 3205 MiB, 49140 MiB, 280.03 W, 300.00 W, 72, 2235 MHz
2026/09/23 05:32:29.619, 0, 80 %, 67 %, 3205 MiB, 49140 MiB, 278.34 W, 300.00 W, 71, 2445 MHz
2026/09/23 05:32:30.619, 0, 64 %, 37 %, 3205 MiB, 49140 MiB, 271.72 W, 300.00 W, 71, 2625 MHz
2026/09/23 05:32:31.620, 0, 0 %, 0 %, 3205 MiB, 49140 MiB, 147.85 W, 300.00 W, 66, 2745 MHz
2026/09/23 05:32:32.621, 0, 83 %, 69 %, 3205 MiB, 49140 MiB, 202.77 W, 300.00 W, 71, 2475 MHz
2026/09/23 05:32:33.621, 0, 83 %, 68 %, 3205 MiB, 49140 MiB, 267.04 W, 300.00 W, 70, 2535 MHz
2026/09/23 05:32:34.622, 0, 85 %, 72 %, 3205 MiB, 49140 MiB, 274.10 W, 300.00 W, 71, 2550 MHz
2026/09/23 05:32:35.623, 0, 87 %, 73 %, 3205 MiB, 49140 MiB, 274.67 W, 300.00 W, 71, 2415 MHz
2026/09/23 05:32:36.624, 0, 86 %, 71 %, 3205 MiB, 49140 MiB, 273.48 W, 300.00 W, 71, 2520 MHz
2026/09/23 05:32:37.625, 0, 90 %, 72 %, 3205 MiB, 49140 MiB, 275.34 W, 300.00 W, 72, 2445 MHz
2026/09/23 05:32:38.626, 0, 84 %, 69 %, 3205 MiB, 49140 MiB, 273.27 W, 300.00 W, 71, 2460 MHz
2026/09/23 05:32:39.626, 0, 87 %, 70 %, 3205 MiB, 49140 MiB, 273.45 W, 300.00 W, 71, 2550 MHz
2026/09/23 05:32:40.627, 0, 83 %, 70 %, 3205 MiB, 49140 MiB, 274.61 W, 300.00 W, 71, 2370 MHz
2026/09/23 05:32:41.628, 0, 82 %, 69 %, 3205 MiB, 49140 MiB, 276.50 W, 300.00 W, 71, 2490 MHz
2026/09/23 05:32:42.629, 0, 71 %, 48 %, 3205 MiB, 49140 MiB, 272.40 W, 300.00 W, 72, 2550 MHz
2026/09/23 05:32:43.629, 0, 0 %, 0 %, 3205 MiB, 49140 MiB, 179.74 W, 300.00 W, 66, 2745 MHz
2026/09/23 05:32:44.630, 0, 85 %, 72 %, 3205 MiB, 49140 MiB, 199.13 W, 300.00 W, 70, 2340 MHz
2026/09/23 05:32:45.631, 0, 85 %, 73 %, 3205 MiB, 49140 MiB, 282.01 W, 300.00 W, 72, 2580 MHz
2026/09/23 05:32:46.632, 0, 79 %, 65 %, 3205 MiB, 49140 MiB, 282.69 W, 300.00 W, 72, 2580 MHz
2026/09/23 05:32:47.633, 0, 91 %, 76 %, 3205 MiB, 49140 MiB, 283.05 W, 300.00 W, 72, 2505 MHz
2026/09/23 05:32:48.634, 0, 85 %, 71 %, 3205 MiB, 49140 MiB, 282.55 W, 300.00 W, 71, 2520 MHz
2026/09/23 05:32:49.634, 0, 91 %, 75 %, 3205 MiB, 49140 MiB, 285.14 W, 300.00 W, 71, 2295 MHz
2026/09/23 05:32:50.635, 0, 81 %, 68 %, 3205 MiB, 49140 MiB, 280.13 W, 300.00 W, 71, 2475 MHz
2026/09/23 05:32:51.636, 0, 82 %, 65 %, 3205 MiB, 49140 MiB, 280.73 W, 300.00 W, 71, 2580 MHz
2026/09/23 05:32:52.637, 0, 84 %, 70 %, 3205 MiB, 49140 MiB, 282.13 W, 300.00 W, 72, 2520 MHz
2026/09/23 05:32:53.638, 0, 81 %, 69 %, 3205 MiB, 49140 MiB, 283.22 W, 300.00 W, 72, 2565 MHz
2026/09/23 05:32:54.638, 0, 83 %, 68 %, 3205 MiB, 49140 MiB, 283.11 W, 300.00 W, 71, 2535 MHz
2026/09/23 05:32:55.639, 0, 0 %, 0 %, 3205 MiB, 49140 MiB, 196.70 W, 300.00 W, 66, 2745 MHz
2026/09/23 05:32:56.640, 0, 88 %, 70 %, 3205 MiB, 49140 MiB, 178.19 W, 300.00 W, 71, 2445 MHz
2026/09/23 05:32:57.641, 0, 85 %, 71 %, 3205 MiB, 49140 MiB, 276.33 W, 300.00 W, 71, 2490 MHz
2026/09/23 05:32:58.642, 0, 84 %, 70 %, 3205 MiB, 49140 MiB, 277.52 W, 300.00 W, 71, 2535 MHz
2026/09/23 05:32:59.642, 0, 87 %, 72 %, 3205 MiB, 49140 MiB, 278.19 W, 300.00 W, 72, 2505 MHz
2026/09/23 05:33:00.643, 0, 81 %, 67 %, 3205 MiB, 49140 MiB, 277.49 W, 300.00 W, 70, 2475 MHz
2026/09/23 05:33:01.644, 0, 84 %, 71 %, 3205 MiB, 49140 MiB, 277.92 W, 300.00 W, 73, 2505 MHz
2026/09/23 05:33:02.645, 0, 88 %, 74 %, 3205 MiB, 49140 MiB, 280.69 W, 300.00 W, 73, 2445 MHz
2026/09/23 05:33:03.645, 0, 77 %, 65 %, 3205 MiB, 49140 MiB, 275.05 W, 300.00 W, 72, 2370 MHz
2026/09/23 05:33:04.646, 0, 91 %, 74 %, 3205 MiB, 49140 MiB, 276.84 W, 300.00 W, 71, 2460 MHz
2026/09/23 05:33:05.646, 0, 84 %, 71 %, 3205 MiB, 49140 MiB, 277.93 W, 300.00 W, 71, 2505 MHz
2026/09/23 05:33:06.647, 0, 84 %, 71 %, 3205 MiB, 49140 MiB, 275.36 W, 300.00 W, 71, 2505 MHz
2026/09/23 05:33:07.648, 0, 0 %, 0 %, 3205 MiB, 49140 MiB, 202.03 W, 300.00 W, 66, 2610 MHz
2026/09/23 05:33:08.649, 0, 86 %, 71 %, 3205 MiB, 49140 MiB, 170.26 W, 300.00 W, 71, 2475 MHz
2026/09/23 05:33:09.649, 0, 85 %, 71 %, 3205 MiB, 49140 MiB, 274.79 W, 300.00 W, 71, 2265 MHz
2026/09/23 05:33:10.650, 0, 88 %, 71 %, 3205 MiB, 49140 MiB, 274.26 W, 300.00 W, 71, 2520 MHz
2026/09/23 05:33:11.650, 0, 83 %, 68 %, 3205 MiB, 49140 MiB, 274.88 W, 300.00 W, 71, 2580 MHz
2026/09/23 05:33:12.651, 0, 84 %, 71 %, 3205 MiB, 49140 MiB, 272.01 W, 300.00 W, 72, 2475 MHz
2026/09/23 05:33:13.652, 0, 81 %, 68 %, 3205 MiB, 49140 MiB, 275.73 W, 300.00 W, 72, 2460 MHz
2026/09/23 05:33:14.654, 0, 84 %, 71 %, 3205 MiB, 49140 MiB, 274.04 W, 300.00 W, 72, 2355 MHz
2026/09/23 05:33:15.654, 0, 86 %, 73 %, 3205 MiB, 49140 MiB, 276.21 W, 300.00 W, 72, 2490 MHz
2026/09/23 05:33:16.655, 0, 83 %, 68 %, 3205 MiB, 49140 MiB, 274.84 W, 300.00 W, 70, 2490 MHz
2026/09/23 05:33:17.656, 0, 89 %, 71 %, 3205 MiB, 49140 MiB, 275.12 W, 300.00 W, 71, 2535 MHz
2026/09/23 05:33:18.657, 0, 85 %, 69 %, 3205 MiB, 49140 MiB, 273.66 W, 300.00 W, 71, 2490 MHz
2026/09/23 05:33:19.657, 0, 0 %, 0 %, 3205 MiB, 49140 MiB, 217.69 W, 300.00 W, 66, 2745 MHz
2026/09/23 05:33:20.658, 0, 83 %, 70 %, 3205 MiB, 49140 MiB, 153.09 W, 300.00 W, 70, 2400 MHz
2026/09/23 05:33:21.659, 0, 83 %, 71 %, 3205 MiB, 49140 MiB, 277.58 W, 300.00 W, 72, 2490 MHz
2026/09/23 05:33:22.659, 0, 91 %, 74 %, 3205 MiB, 49140 MiB, 283.11 W, 300.00 W, 71, 2505 MHz
2026/09/23 05:33:23.660, 0, 84 %, 71 %, 3205 MiB, 49140 MiB, 280.89 W, 300.00 W, 71, 2400 MHz
2026/09/23 05:33:24.661, 0, 84 %, 69 %, 3205 MiB, 49140 MiB, 279.92 W, 300.00 W, 71, 2490 MHz
2026/09/23 05:33:25.661, 0, 84 %, 71 %, 3205 MiB, 49140 MiB, 280.46 W, 300.00 W, 71, 2460 MHz
2026/09/23 05:33:26.662, 0, 89 %, 75 %, 3205 MiB, 49140 MiB, 281.10 W, 300.00 W, 72, 2490 MHz
2026/09/23 05:33:27.663, 0, 83 %, 71 %, 3205 MiB, 49140 MiB, 280.65 W, 300.00 W, 73, 2415 MHz
2026/09/23 05:33:28.665, 0, 87 %, 73 %, 3205 MiB, 49140 MiB, 281.05 W, 300.00 W, 72, 2535 MHz
2026/09/23 05:33:29.665, 0, 85 %, 71 %, 3205 MiB, 49140 MiB, 281.17 W, 300.00 W, 73, 2370 MHz
2026/09/23 05:33:30.666, 0, 83 %, 70 %, 3205 MiB, 49140 MiB, 279.16 W, 300.00 W, 72, 2475 MHz
2026/09/23 05:33:31.668, 0, 0 %, 0 %, 3205 MiB, 49140 MiB, 229.34 W, 300.00 W, 67, 2745 MHz
2026/09/23 05:33:32.668, 0, 86 %, 70 %, 3205 MiB, 49140 MiB, 143.03 W, 300.00 W, 71, 2460 MHz
2026/09/23 05:33:33.669, 0, 87 %, 71 %, 3205 MiB, 49140 MiB, 274.90 W, 300.00 W, 71, 2460 MHz
2026/09/23 05:33:34.670, 0, 89 %, 73 %, 3205 MiB, 49140 MiB, 278.95 W, 300.00 W, 71, 2445 MHz
2026/09/23 05:33:35.671, 0, 82 %, 70 %, 3205 MiB, 49140 MiB, 276.92 W, 300.00 W, 71, 2415 MHz
2026/09/23 05:33:36.672, 0, 85 %, 71 %, 3205 MiB, 49140 MiB, 278.13 W, 300.00 W, 72, 2490 MHz
2026/09/23 05:33:37.672, 0, 82 %, 66 %, 3205 MiB, 49140 MiB, 276.10 W, 300.00 W, 70, 2640 MHz
2026/09/23 05:33:38.674, 0, 80 %, 68 %, 3205 MiB, 49140 MiB, 277.47 W, 300.00 W, 73, 2490 MHz
2026/09/23 05:33:39.675, 0, 79 %, 67 %, 3205 MiB, 49140 MiB, 274.87 W, 300.00 W, 72, 2445 MHz
2026/09/23 05:33:40.676, 0, 82 %, 67 %, 3205 MiB, 49140 MiB, 275.73 W, 300.00 W, 71, 2550 MHz
2026/09/23 05:33:41.676, 0, 86 %, 72 %, 3205 MiB, 49140 MiB, 277.38 W, 300.00 W, 71, 2520 MHz
2026/09/23 05:33:42.677, 0, 78 %, 65 %, 3205 MiB, 49140 MiB, 276.20 W, 300.00 W, 71, 2550 MHz
2026/09/23 05:33:43.678, 0, 0 %, 0 %, 3205 MiB, 49140 MiB, 229.37 W, 300.00 W, 67, 2730 MHz
2026/09/23 05:33:44.678, 0, 83 %, 68 %, 3205 MiB, 49140 MiB, 136.91 W, 300.00 W, 71, 2475 MHz
2026/09/23 05:33:45.679, 0, 86 %, 71 %, 3205 MiB, 49140 MiB, 276.02 W, 300.00 W, 71, 2430 MHz
2026/09/23 05:33:46.680, 0, 85 %, 73 %, 3205 MiB, 49140 MiB, 280.31 W, 300.00 W, 72, 2400 MHz
2026/09/23 05:33:47.682, 0, 82 %, 70 %, 3205 MiB, 49140 MiB, 281.02 W, 300.00 W, 72, 2535 MHz
2026/09/23 05:33:48.683, 0, 86 %, 71 %, 3205 MiB, 49140 MiB, 280.85 W, 300.00 W, 72, 2415 MHz
2026/09/23 05:33:49.684, 0, 79 %, 66 %, 3205 MiB, 49140 MiB, 278.19 W, 300.00 W, 71, 2580 MHz
2026/09/23 05:33:50.685, 0, 85 %, 72 %, 3205 MiB, 49140 MiB, 279.58 W, 300.00 W, 72, 2520 MHz
2026/09/23 05:33:51.685, 0, 84 %, 69 %, 3205 MiB, 49140 MiB, 280.47 W, 300.00 W, 71, 2535 MHz
2026/09/23 05:33:52.686, 0, 86 %, 69 %, 3205 MiB, 49140 MiB, 279.01 W, 300.00 W, 72, 2520 MHz
2026/09/23 05:33:53.687, 0, 81 %, 67 %, 3205 MiB, 49140 MiB, 278.89 W, 300.00 W, 70, 2565 MHz
2026/09/23 05:33:54.687, 0, 89 %, 72 %, 3205 MiB, 49140 MiB, 278.79 W, 300.00 W, 71, 2460 MHz
2026/09/23 05:33:55.688, 0, 59 %, 34 %, 3205 MiB, 49140 MiB, 252.61 W, 300.00 W, 69, 2715 MHz
2026/09/23 05:33:56.688, 0, 82 %, 70 %, 3205 MiB, 49140 MiB, 126.46 W, 300.00 W, 70, 2505 MHz
2026/09/23 05:33:57.689, 0, 77 %, 63 %, 3205 MiB, 49140 MiB, 274.70 W, 300.00 W, 71, 2580 MHz
2026/09/23 05:33:58.689, 0, 84 %, 68 %, 3205 MiB, 49140 MiB, 278.67 W, 300.00 W, 71, 2460 MHz
2026/09/23 05:33:59.690, 0, 85 %, 72 %, 3205 MiB, 49140 MiB, 278.17 W, 300.00 W, 71, 2520 MHz
2026/09/23 05:34:00.691, 0, 85 %, 69 %, 3205 MiB, 49140 MiB, 277.23 W, 300.00 W, 70, 2520 MHz
2026/09/23 05:34:01.692, 0, 86 %, 72 %, 3205 MiB, 49140 MiB, 277.78 W, 300.00 W, 71, 2520 MHz
2026/09/23 05:34:02.693, 0, 88 %, 73 %, 3205 MiB, 49140 MiB, 279.11 W, 300.00 W, 70, 2475 MHz
2026/09/23 05:34:03.696, 0, 84 %, 70 %, 3205 MiB, 49140 MiB, 279.83 W, 300.00 W, 72, 2415 MHz
2026/09/23 05:34:04.696, 0, 86 %, 72 %, 3205 MiB, 49140 MiB, 276.26 W, 300.00 W, 72, 2460 MHz
2026/09/23 05:34:05.697, 0, 88 %, 72 %, 3205 MiB, 49140 MiB, 276.14 W, 300.00 W, 72, 2445 MHz
2026/09/23 05:34:06.698, 0, 82 %, 68 %, 3205 MiB, 49140 MiB, 278.74 W, 300.00 W, 72, 2280 MHz
2026/09/23 05:34:07.699, 0, 61 %, 35 %, 3205 MiB, 49140 MiB, 264.05 W, 300.00 W, 71, 2700 MHz
2026/09/23 05:34:08.699, 0, 72 %, 60 %, 3205 MiB, 49140 MiB, 125.30 W, 300.00 W, 70, 2610 MHz
2026/09/23 05:34:09.700, 0, 86 %, 71 %, 3205 MiB, 49140 MiB, 269.51 W, 300.00 W, 70, 2475 MHz
2026/09/23 05:34:10.700, 0, 88 %, 74 %, 3205 MiB, 49140 MiB, 277.54 W, 300.00 W, 71, 2400 MHz
2026/09/23 05:34:11.701, 0, 81 %, 67 %, 3205 MiB, 49140 MiB, 277.01 W, 300.00 W, 72, 2505 MHz
2026/09/23 05:34:12.702, 0, 90 %, 73 %, 3205 MiB, 49140 MiB, 281.04 W, 300.00 W, 71, 2385 MHz
2026/09/23 05:34:13.703, 0, 78 %, 67 %, 3205 MiB, 49140 MiB, 277.50 W, 300.00 W, 72, 2490 MHz
2026/09/23 05:34:14.704, 0, 85 %, 70 %, 3205 MiB, 49140 MiB, 276.86 W, 300.00 W, 72, 2490 MHz
2026/09/23 05:34:15.704, 0, 86 %, 71 %, 3205 MiB, 49140 MiB, 278.40 W, 300.00 W, 72, 2265 MHz
2026/09/23 05:34:16.705, 0, 88 %, 72 %, 3205 MiB, 49140 MiB, 281.15 W, 300.00 W, 72, 2265 MHz
2026/09/23 05:34:17.706, 0, 82 %, 68 %, 3205 MiB, 49140 MiB, 277.34 W, 300.00 W, 72, 2550 MHz
2026/09/23 05:34:18.707, 0, 90 %, 74 %, 3205 MiB, 49140 MiB, 279.45 W, 300.00 W, 72, 2490 MHz
2026/09/23 05:34:19.707, 0, 58 %, 35 %, 3205 MiB, 49140 MiB, 266.44 W, 300.00 W, 71, 2700 MHz
2026/09/23 05:34:20.708, 0, 81 %, 70 %, 3205 MiB, 49140 MiB, 126.30 W, 300.00 W, 69, 2505 MHz
2026/09/23 05:34:21.709, 0, 84 %, 71 %, 3205 MiB, 49140 MiB, 282.21 W, 300.00 W, 71, 2550 MHz
2026/09/23 05:34:22.709, 0, 87 %, 73 %, 3205 MiB, 49140 MiB, 280.97 W, 300.00 W, 73, 2550 MHz
2026/09/23 05:34:23.710, 0, 80 %, 66 %, 3205 MiB, 49140 MiB, 280.14 W, 300.00 W, 72, 2535 MHz
2026/09/23 05:34:24.710, 0, 89 %, 73 %, 3205 MiB, 49140 MiB, 281.28 W, 300.00 W, 71, 2430 MHz
2026/09/23 05:34:25.711, 0, 86 %, 71 %, 3205 MiB, 49140 MiB, 283.09 W, 300.00 W, 72, 2385 MHz
2026/09/23 05:34:26.712, 0, 85 %, 71 %, 3205 MiB, 49140 MiB, 280.91 W, 300.00 W, 73, 2475 MHz
2026/09/23 05:34:27.713, 0, 87 %, 72 %, 3205 MiB, 49140 MiB, 281.03 W, 300.00 W, 72, 2415 MHz
2026/09/23 05:34:28.713, 0, 82 %, 70 %, 3205 MiB, 49140 MiB, 281.89 W, 300.00 W, 70, 2520 MHz
2026/09/23 05:34:29.714, 0, 79 %, 65 %, 3205 MiB, 49140 MiB, 281.61 W, 300.00 W, 73, 2475 MHz
2026/09/23 05:34:30.715, 0, 84 %, 70 %, 3205 MiB, 49140 MiB, 282.13 W, 300.00 W, 72, 2520 MHz
2026/09/23 05:34:31.715, 0, 56 %, 33 %, 3205 MiB, 49140 MiB, 272.53 W, 300.00 W, 72, 2700 MHz
2026/09/23 05:34:32.716, 0, 0 %, 0 %, 3205 MiB, 49140 MiB, 126.42 W, 300.00 W, 66, 2745 MHz
2026/09/23 05:34:33.716, 0, 84 %, 70 %, 3205 MiB, 49140 MiB, 244.49 W, 300.00 W, 71, 2565 MHz
2026/09/23 05:34:34.717, 0, 86 %, 70 %, 3205 MiB, 49140 MiB, 273.65 W, 300.00 W, 70, 2505 MHz
2026/09/23 05:34:35.718, 0, 82 %, 69 %, 3205 MiB, 49140 MiB, 274.03 W, 300.00 W, 70, 2535 MHz
2026/09/23 05:34:36.719, 0, 85 %, 70 %, 3205 MiB, 49140 MiB, 273.46 W, 300.00 W, 72, 2475 MHz
2026/09/23 05:34:37.720, 0, 87 %, 71 %, 3205 MiB, 49140 MiB, 272.33 W, 300.00 W, 70, 2475 MHz
2026/09/23 05:34:38.721, 0, 80 %, 65 %, 3205 MiB, 49140 MiB, 272.88 W, 300.00 W, 72, 2490 MHz
2026/09/23 05:34:39.721, 0, 89 %, 73 %, 3205 MiB, 49140 MiB, 276.83 W, 300.00 W, 72, 2370 MHz
2026/09/23 05:34:40.722, 0, 85 %, 71 %, 3205 MiB, 49140 MiB, 275.59 W, 300.00 W, 72, 2565 MHz
2026/09/23 05:34:41.722, 0, 84 %, 71 %, 3205 MiB, 49140 MiB, 275.39 W, 300.00 W, 71, 2505 MHz
2026/09/23 05:34:42.723, 0, 85 %, 69 %, 3205 MiB, 49140 MiB, 273.16 W, 300.00 W, 70, 2505 MHz
2026/09/23 05:34:43.724, 0, 56 %, 34 %, 3205 MiB, 49140 MiB, 266.32 W, 300.00 W, 70, 2700 MHz
2026/09/23 05:34:44.724, 0, 0 %, 0 %, 3205 MiB, 49140 MiB, 132.75 W, 300.00 W, 66, 2745 MHz
2026/09/23 05:34:45.725, 0, 90 %, 74 %, 3205 MiB, 49140 MiB, 251.18 W, 300.00 W, 70, 2430 MHz
2026/09/23 05:34:46.726, 0, 80 %, 66 %, 3205 MiB, 49140 MiB, 278.51 W, 300.00 W, 71, 2535 MHz
2026/09/23 05:34:47.726, 0, 88 %, 73 %, 3205 MiB, 49140 MiB, 280.49 W, 300.00 W, 71, 2310 MHz
2026/09/23 05:34:48.727, 0, 83 %, 68 %, 3205 MiB, 49140 MiB, 281.20 W, 300.00 W, 72, 2445 MHz
2026/09/23 05:34:49.728, 0, 87 %, 73 %, 3205 MiB, 49140 MiB, 279.30 W, 300.00 W, 71, 2490 MHz
2026/09/23 05:34:50.729, 0, 80 %, 66 %, 3205 MiB, 49140 MiB, 279.59 W, 300.00 W, 72, 2595 MHz
2026/09/23 05:34:51.730, 0, 87 %, 72 %, 3205 MiB, 49140 MiB, 279.71 W, 300.00 W, 71, 2445 MHz
2026/09/23 05:34:52.730, 0, 82 %, 67 %, 3205 MiB, 49140 MiB, 279.91 W, 300.00 W, 71, 2490 MHz
2026/09/23 05:34:53.731, 0, 84 %, 71 %, 3205 MiB, 49140 MiB, 279.64 W, 300.00 W, 72, 2565 MHz
2026/09/23 05:34:54.732, 0, 84 %, 69 %, 3205 MiB, 49140 MiB, 278.83 W, 300.00 W, 71, 2535 MHz
2026/09/23 05:34:55.733, 0, 56 %, 32 %, 3205 MiB, 49140 MiB, 274.33 W, 300.00 W, 71, 2700 MHz
2026/09/23 05:34:56.733, 0, 0 %, 0 %, 3205 MiB, 49140 MiB, 148.05 W, 300.00 W, 66, 2745 MHz
2026/09/23 05:34:57.734, 0, 13 %, 1 %, 1501 MiB, 49140 MiB, 85.49 W, 300.00 W, 65, 2505 MHz
2026/09/23 05:34:58.735, 0, 0 %, 0 %, 1501 MiB, 49140 MiB, 71.30 W, 300.00 W, 64, 2505 MHz
2026/09/23 05:34:59.735, 0, 0 %, 0 %, 1501 MiB, 49140 MiB, 68.98 W, 300.00 W, 63, 2505 MHz
2026/09/23 05:35:00.736, 0, 0 %, 0 %, 1501 MiB, 49140 MiB, 68.25 W, 300.00 W, 63, 2505 MHz
2026/09/23 05:35:01.737, 0, 0 %, 0 %, 1501 MiB, 49140 MiB, 68.01 W, 300.00 W, 62, 2505 MHz
2026/09/23 05:35:02.737, 0, 0 %, 0 %, 1501 MiB, 49140 MiB, 67.74 W, 300.00 W, 62, 2505 MHz
2026/09/23 05:35:03.738, 0, 0 %, 0 %, 1501 MiB, 49140 MiB, 67.52 W, 300.00 W, 61, 2505 MHz
2026/09/23 05:35:04.739, 0, 0 %, 0 %, 1501 MiB, 49140 MiB, 67.19 W, 300.00 W, 61, 2505 MHz
2026/09/23 05:35:05.739, 0, 0 %, 0 %, 1501 MiB, 49140 MiB, 66.83 W, 300.00 W, 60, 2505 MHz
2026/09/23 05:35:06.740, 0, 0 %, 0 %, 1501 MiB, 49140 MiB, 66.58 W, 300.00 W, 60, 2505 MHz
2026/09/23 05:35:07.740, 0, 37 %, 44 %, 1597 MiB, 49140 MiB, 68.47 W, 300.00 W, 59, 2505 MHz
2026/09/23 05:35:08.741, 0, 48 %, 55 %, 1597 MiB, 49140 MiB, 165.77 W, 300.00 W, 61, 2745 MHz
2026/09/23 05:35:09.742, 0, 0 %, 0 %, 1597 MiB, 49140 MiB, 165.06 W, 300.00 W, 61, 2745 MHz
2026/09/23 05:35:10.744, 0, 30 %, 12 %, 1501 MiB, 49140 MiB, 98.65 W, 300.00 W, 65, 2745 MHz
2026/09/23 05:35:11.744, 0, 0 %, 0 %, 1501 MiB, 49140 MiB, 94.60 W, 300.00 W, 59, 2505 MHz
2026/09/23 05:35:12.745, 0, 0 %, 0 %, 1501 MiB, 49140 MiB, 66.35 W, 300.00 W, 59, 2505 MHz
2026/09/23 05:35:13.746, 0, 0 %, 0 %, 1501 MiB, 49140 MiB, 66.01 W, 300.00 W, 58, 2505 MHz
2026/09/23 05:35:14.746, 0, 0 %, 0 %, 1501 MiB, 49140 MiB, 65.53 W, 300.00 W, 58, 2505 MHz
2026/09/23 05:35:15.747, 0, 0 %, 0 %, 1501 MiB, 49140 MiB, 64.94 W, 300.00 W, 58, 2505 MHz
2026/09/23 05:35:16.747, 0, 0 %, 0 %, 1501 MiB, 49140 MiB, 64.96 W, 300.00 W, 57, 2505 MHz
2026/09/23 05:35:17.748, 0, 0 %, 0 %, 1501 MiB, 49140 MiB, 64.67 W, 300.00 W, 57, 2505 MHz
2026/09/23 05:35:18.748, 0, 0 %, 0 %, 0 MiB, 49140 MiB, 65.63 W, 300.00 W, 57, 2505 MHz
2026/09/23 05:35:19.749, 0, 0 %, 0 %, 0 MiB, 49140 MiB, 65.88 W, 300.00 W, 57, 2505 MHz
2026/09/23 05:35:20.750, 0, 0 %, 0 %, 0 MiB, 49140 MiB, 39.89 W, 300.00 W, 55, 630 MHz
2026/09/23 05:35:21.751, 0, 0 %, 0 %, 0 MiB, 49140 MiB, 35.20 W, 300.00 W, 55, 390 MHz
2026/09/23 05:35:22.751, 0, 0 %, 0 %, 0 MiB, 49140 MiB, 30.36 W, 300.00 W, 55, 255 MHz
2026/09/23 05:35:23.752, 0, 0 %, 0 %, 0 MiB, 49140 MiB, 27.60 W, 300.00 W, 54, 210 MHz
2026/09/23 05:35:24.752, 0, 0 %, 0 %, 0 MiB, 49140 MiB, 27.34 W, 300.00 W, 54, 210 MHz
2026/09/23 05:35:25.753, 0, 0 %, 0 %, 0 MiB, 49140 MiB, 27.10 W, 300.00 W, 54, 210 MHz
2026/09/23 05:35:26.754, 0, 0 %, 0 %, 0 MiB, 49140 MiB, 26.83 W, 300.00 W, 53, 210 MHz
2026/09/23 05:35:27.754, 0, 0 %, 0 %, 0 MiB, 49140 MiB, 26.54 W, 300.00 W, 53, 210 MHz
2026/09/23 05:35:28.755, 0, 0 %, 0 %, 0 MiB, 49140 MiB, 26.46 W, 300.00 W, 53, 210 MHz
2026/09/23 05:35:29.755, 0, 0 %, 0 %, 763 MiB, 49140 MiB, 33.99 W, 300.00 W, 53, 2505 MHz
2026/09/23 05:35:30.756, 0, 5 %, 0 %, 1025 MiB, 49140 MiB, 67.32 W, 300.00 W, 53, 2505 MHz
2026/09/23 05:35:31.756, 0, 57 %, 13 %, 1161 MiB, 49140 MiB, 104.28 W, 300.00 W, 55, 2745 MHz
2026/09/23 05:35:32.757, 0, 55 %, 15 %, 1161 MiB, 49140 MiB, 146.21 W, 300.00 W, 59, 2685 MHz
2026/09/23 05:35:33.757, 0, 49 %, 11 %, 1161 MiB, 49140 MiB, 155.33 W, 300.00 W, 56, 2745 MHz
2026/09/23 05:35:34.758, 0, 60 %, 21 %, 715 MiB, 49140 MiB, 154.29 W, 300.00 W, 56, 2745 MHz
2026/09/23 05:35:35.758, 0, 54 %, 15 %, 1161 MiB, 49140 MiB, 168.62 W, 300.00 W, 58, 2655 MHz
2026/09/23 05:35:36.759, 0, 50 %, 14 %, 715 MiB, 49140 MiB, 164.50 W, 300.00 W, 58, 2655 MHz
2026/09/23 05:35:37.763, 0, 59 %, 21 %, 715 MiB, 49140 MiB, 163.53 W, 300.00 W, 57, 2745 MHz
2026/09/23 05:35:38.763, 0, 57 %, 20 %, 1161 MiB, 49140 MiB, 167.42 W, 300.00 W, 57, 2745 MHz
2026/09/23 05:35:39.764, 0, 54 %, 16 %, 715 MiB, 49140 MiB, 168.20 W, 300.00 W, 61, 2745 MHz
2026/09/23 05:35:40.765, 0, 54 %, 15 %, 715 MiB, 49140 MiB, 174.58 W, 300.00 W, 59, 2655 MHz
2026/09/23 05:35:41.765, 0, 53 %, 14 %, 715 MiB, 49140 MiB, 156.95 W, 300.00 W, 58, 2685 MHz
2026/09/23 05:35:42.766, 0, 50 %, 11 %, 715 MiB, 49140 MiB, 146.26 W, 300.00 W, 59, 2745 MHz
2026/09/23 05:35:43.766, 0, 0 %, 0 %, 715 MiB, 49140 MiB, 89.69 W, 300.00 W, 56, 2745 MHz
