timestamp, index, utilization.gpu [%], utilization.memory [%], memory.used [MiB], memory.total [MiB], power.draw [W], power.limit [W], temperature.gpu, clocks.current.sm [MHz]
2026/09/23 03:36:16.844, 0, 0 %, 0 %, 0 MiB, 49140 MiB, 76.18 W, 300.00 W, 56, 2505 MHz
2026/09/23 03:36:17.848, 0, 0 %, 0 %, 0 MiB, 49140 MiB, 67.55 W, 300.00 W, 56, 2505 MHz
2026/09/23 03:36:18.849, 0, 0 %, 0 %, 0 MiB, 49140 MiB, 66.39 W, 300.00 W, 56, 2505 MHz
2026/09/23 03:36:19.849, 0, 0 %, 0 %, 0 MiB, 49140 MiB, 45.40 W, 300.00 W, 54, 510 MHz
2026/09/23 03:36:20.850, 0, 0 %, 0 %, 633 MiB, 49140 MiB, 26.86 W, 300.00 W, 54, 210 MHz
2026/09/23 03:36:21.851, 0, 0 %, 0 %, 633 MiB, 49140 MiB, 51.30 W, 300.00 W, 54, 2505 MHz
2026/09/23 03:36:22.851, 0, 0 %, 0 %, 633 MiB, 49140 MiB, 61.96 W, 300.00 W, 54, 2505 MHz
2026/09/23 03:36:23.852, 0, 0 %, 0 %, 633 MiB, 49140 MiB, 60.81 W, 300.00 W, 54, 2505 MHz
2026/09/23 03:36:24.853, 0, 0 %, 0 %, 633 MiB, 49140 MiB, 60.67 W, 300.00 W, 54, 2505 MHz
2026/09/23 03:36:25.853, 0, 0 %, 0 %, 633 MiB, 49140 MiB, 60.70 W, 300.00 W, 54, 2505 MHz
2026/09/23 03:36:26.854, 0, 0 %, 0 %, 633 MiB, 49140 MiB, 60.68 W, 300.00 W, 53, 2505 MHz
2026/09/23 03:36:27.854, 0, 0 %, 0 %, 633 MiB, 49140 MiB, 60.67 W, 300.00 W, 53, 2505 MHz
2026/09/23 03:36:28.855, 0, 0 %, 0 %, 633 MiB, 49140 MiB, 60.17 W, 300.00 W, 53, 2505 MHz
2026/09/23 03:36:29.855, 0, 0 %, 0 %, 633 MiB, 49140 MiB, 60.19 W, 300.00 W, 53, 2505 MHz
2026/09/23 03:36:30.855, 0, 0 %, 0 %, 633 MiB, 49140 MiB, 60.12 W, 300.00 W, 53, 2505 MHz
2026/09/23 03:36:31.856, 0, 0 %, 0 %, 633 MiB, 49140 MiB, 60.23 W, 300.00 W, 53, 2505 MHz
2026/09/23 03:36:32.856, 0, 0 %, 0 %, 633 MiB, 49140 MiB, 59.67 W, 300.00 W, 53, 2505 MHz
2026/09/23 03:36:33.857, 0, 0 %, 0 %, 633 MiB, 49140 MiB, 59.56 W, 300.00 W, 53, 2505 MHz
2026/09/23 03:36:34.857, 0, 0 %, 0 %, 633 MiB, 49140 MiB, 59.39 W, 300.00 W, 52, 2505 MHz
2026/09/23 03:36:35.858, 0, 0 %, 0 %, 633 MiB, 49140 MiB, 59.14 W, 300.00 W, 52, 2505 MHz
2026/09/23 03:36:36.859, 0, 0 %, 0 %, 633 MiB, 49140 MiB, 59.12 W, 300.00 W, 52, 2505 MHz
2026/09/23 03:36:37.859, 0, 0 %, 0 %, 633 MiB, 49140 MiB, 59.17 W, 300.00 W, 52, 2505 MHz
2026/09/23 03:36:38.860, 0, 0 %, 0 %, 1305 MiB, 49140 MiB, 64.34 W, 300.00 W, 52, 2505 MHz
2026/09/23 03:36:39.861, 0, 85 %, 99 %, 1279 MiB, 49140 MiB, 174.62 W, 300.00 W, 55, 2760 MHz
2026/09/23 03:36:40.862, 0, 69 %, 84 %, 1423 MiB, 49140 MiB, 173.25 W, 300.00 W, 55, 2760 MHz
2026/09/23 03:36:41.862, 0, 21 %, 24 %, 1455 MiB, 49140 MiB, 151.31 W, 300.00 W, 54, 2760 MHz
2026/09/23 03:36:42.863, 0, 91 %, 100 %, 2233 MiB, 49140 MiB, 163.22 W, 300.00 W, 56, 2760 MHz
2026/09/23 03:36:43.863, 0, 0 %, 0 %, 2237 MiB, 49140 MiB, 128.86 W, 300.00 W, 54, 2760 MHz
2026/09/23 03:36:44.864, 0, 0 %, 0 %, 2237 MiB, 49140 MiB, 83.96 W, 300.00 W, 53, 2760 MHz
2026/09/23 03:36:45.864, 0, 0 %, 0 %, 2237 MiB, 49140 MiB, 91.99 W, 300.00 W, 53, 2760 MHz
2026/09/23 03:36:46.865, 0, 0 %, 0 %, 2237 MiB, 49140 MiB, 91.97 W, 300.00 W, 53, 2760 MHz
2026/09/23 03:36:47.865, 0, 0 %, 0 %, 2237 MiB, 49140 MiB, 75.49 W, 300.00 W, 53, 2505 MHz
2026/09/23 03:36:48.865, 0, 0 %, 0 %, 2237 MiB, 49140 MiB, 67.15 W, 300.00 W, 52, 2505 MHz
2026/09/23 03:36:49.866, 0, 0 %, 0 %, 2237 MiB, 49140 MiB, 58.90 W, 300.00 W, 52, 2505 MHz
2026/09/23 03:36:50.866, 0, 0 %, 0 %, 2237 MiB, 49140 MiB, 58.70 W, 300.00 W, 52, 2505 MHz
2026/09/23 03:36:51.867, 0, 0 %, 0 %, 2237 MiB, 49140 MiB, 58.51 W, 300.00 W, 52, 2505 MHz
2026/09/23 03:36:52.867, 0, 0 %, 0 %, 2237 MiB, 49140 MiB, 58.53 W, 300.00 W, 52, 2505 MHz
2026/09/23 03:36:53.868, 0, 0 %, 0 %, 2237 MiB, 49140 MiB, 58.72 W, 300.00 W, 52, 2505 MHz
2026/09/23 03:36:54.869, 0, 0 %, 0 %, 2145 MiB, 49140 MiB, 58.54 W, 300.00 W, 51, 2505 MHz
2026/09/23 03:36:55.869, 0, 17 %, 4 %, 2145 MiB, 49140 MiB, 59.33 W, 300.00 W, 51, 2505 MHz
2026/09/23 03:36:56.870, 0, 25 %, 19 %, 2269 MiB, 49140 MiB, 90.76 W, 300.00 W, 52, 2760 MHz
2026/09/23 03:36:57.871, 0, 0 %, 0 %, 2361 MiB, 49140 MiB, 87.24 W, 300.00 W, 52, 2760 MHz
2026/09/23 03:36:58.871, 0, 0 %, 0 %, 2059 MiB, 49140 MiB, 86.48 W, 300.00 W, 52, 2760 MHz
2026/09/23 03:36:59.872, 0, 0 %, 0 %, 2121 MiB, 49140 MiB, 84.58 W, 300.00 W, 52, 2760 MHz
2026/09/23 03:37:00.873, 0, 0 %, 0 %, 2217 MiB, 49140 MiB, 92.82 W, 300.00 W, 54, 2760 MHz
2026/09/23 03:37:01.873, 0, 0 %, 0 %, 2125 MiB, 49140 MiB, 95.96 W, 300.00 W, 53, 2760 MHz
2026/09/23 03:37:02.874, 0, 0 %, 0 %, 2125 MiB, 49140 MiB, 89.09 W, 300.00 W, 52, 2505 MHz
2026/09/23 03:37:03.875, 0, 0 %, 0 %, 2125 MiB, 49140 MiB, 70.75 W, 300.00 W, 52, 2760 MHz
2026/09/23 03:37:04.875, 0, 0 %, 0 %, 2125 MiB, 49140 MiB, 78.87 W, 300.00 W, 52, 2760 MHz
2026/09/23 03:37:05.876, 0, 0 %, 0 %, 2125 MiB, 49140 MiB, 75.71 W, 300.00 W, 51, 2505 MHz
2026/09/23 03:37:06.877, 0, 0 %, 0 %, 2125 MiB, 49140 MiB, 61.44 W, 300.00 W, 51, 2505 MHz
2026/09/23 03:37:07.877, 0, 0 %, 0 %, 2125 MiB, 49140 MiB, 61.02 W, 300.00 W, 51, 2505 MHz
2026/09/23 03:37:08.878, 0, 0 %, 0 %, 2125 MiB, 49140 MiB, 59.77 W, 300.00 W, 51, 2505 MHz
2026/09/23 03:37:09.879, 0, 0 %, 0 %, 2125 MiB, 49140 MiB, 61.19 W, 300.00 W, 51, 2505 MHz
2026/09/23 03:37:10.879, 0, 0 %, 0 %, 2127 MiB, 49140 MiB, 60.93 W, 300.00 W, 51, 2505 MHz
2026/09/23 03:37:11.880, 0, 0 %, 0 %, 2127 MiB, 49140 MiB, 59.06 W, 300.00 W, 51, 2505 MHz
2026/09/23 03:37:12.880, 0, 0 %, 0 %, 2125 MiB, 49140 MiB, 59.46 W, 300.00 W, 51, 2505 MHz
2026/09/23 03:37:13.881, 0, 0 %, 0 %, 2221 MiB, 49140 MiB, 59.33 W, 300.00 W, 50, 2505 MHz
2026/09/23 03:37:14.882, 0, 80 %, 92 %, 2125 MiB, 49140 MiB, 74.78 W, 300.00 W, 51, 2505 MHz
2026/09/23 03:37:15.882, 0, 0 %, 0 %, 2125 MiB, 49140 MiB, 78.35 W, 300.00 W, 51, 2760 MHz
2026/09/23 03:37:16.883, 0, 0 %, 0 %, 2105 MiB, 49140 MiB, 85.61 W, 300.00 W, 51, 2760 MHz
2026/09/23 03:37:17.883, 0, 7 %, 0 %, 2197 MiB, 49140 MiB, 83.44 W, 300.00 W, 51, 2505 MHz
2026/09/23 03:37:18.884, 0, 0 %, 0 %, 2541 MiB, 49140 MiB, 87.42 W, 300.00 W, 51, 2505 MHz
2026/09/23 03:37:19.884, 0, 0 %, 0 %, 2815 MiB, 49140 MiB, 95.78 W, 300.00 W, 54, 2760 MHz
2026/09/23 03:37:20.885, 0, 81 %, 69 %, 2815 MiB, 49140 MiB, 227.40 W, 300.00 W, 57, 2670 MHz
2026/09/23 03:37:21.886, 0, 78 %, 66 %, 2815 MiB, 49140 MiB, 259.27 W, 300.00 W, 58, 2535 MHz
2026/09/23 03:37:22.887, 0, 77 %, 67 %, 2815 MiB, 49140 MiB, 261.07 W, 300.00 W, 58, 2625 MHz
2026/09/23 03:37:23.887, 0, 75 %, 64 %, 2815 MiB, 49140 MiB, 259.02 W, 300.00 W, 58, 2700 MHz
2026/09/23 03:37:24.888, 0, 73 %, 62 %, 2815 MiB, 49140 MiB, 259.18 W, 300.00 W, 59, 2655 MHz
2026/09/23 03:37:25.889, 0, 81 %, 69 %, 2815 MiB, 49140 MiB, 258.06 W, 300.00 W, 58, 2730 MHz
2026/09/23 03:37:26.890, 0, 62 %, 53 %, 2815 MiB, 49140 MiB, 247.16 W, 300.00 W, 60, 2625 MHz
2026/09/23 03:37:27.891, 0, 80 %, 68 %, 2815 MiB, 49140 MiB, 260.04 W, 300.00 W, 59, 2670 MHz
2026/09/23 03:37:28.892, 0, 79 %, 65 %, 2815 MiB, 49140 MiB, 263.40 W, 300.00 W, 61, 2580 MHz
2026/09/23 03:37:29.892, 0, 78 %, 67 %, 2815 MiB, 49140 MiB, 262.03 W, 300.00 W, 61, 2745 MHz
2026/09/23 03:37:30.893, 0, 0 %, 0 %, 2815 MiB, 49140 MiB, 101.73 W, 300.00 W, 55, 2745 MHz
2026/09/23 03:37:31.893, 0, 0 %, 0 %, 2815 MiB, 49140 MiB, 74.70 W, 300.00 W, 54, 2505 MHz
2026/09/23 03:37:32.893, 0, 0 %, 0 %, 2815 MiB, 49140 MiB, 67.89 W, 300.00 W, 54, 2505 MHz
2026/09/23 03:37:33.894, 0, 0 %, 0 %, 2815 MiB, 49140 MiB, 61.11 W, 300.00 W, 54, 2505 MHz
2026/09/23 03:37:34.894, 0, 0 %, 0 %, 2815 MiB, 49140 MiB, 60.83 W, 300.00 W, 53, 2505 MHz
2026/09/23 03:37:35.895, 0, 0 %, 0 %, 2815 MiB, 49140 MiB, 60.64 W, 300.00 W, 53, 2505 MHz
2026/09/23 03:37:36.897, 0, 0 %, 0 %, 2815 MiB, 49140 MiB, 60.35 W, 300.00 W, 53, 2505 MHz
2026/09/23 03:37:37.897, 0, 0 %, 0 %, 2815 MiB, 49140 MiB, 60.10 W, 300.00 W, 53, 2505 MHz
2026/09/23 03:37:38.898, 0, 0 %, 0 %, 2815 MiB, 49140 MiB, 59.86 W, 300.00 W, 53, 2505 MHz
2026/09/23 03:37:39.898, 0, 0 %, 0 %, 1569 MiB, 49140 MiB, 59.93 W, 300.00 W, 53, 2505 MHz
2026/09/23 03:37:40.899, 0, 76 %, 68 %, 1569 MiB, 49140 MiB, 160.92 W, 300.00 W, 56, 2760 MHz
2026/09/23 03:37:41.900, 0, 60 %, 72 %, 1569 MiB, 49140 MiB, 160.66 W, 300.00 W, 57, 2760 MHz
2026/09/23 03:37:42.901, 0, 77 %, 93 %, 1571 MiB, 49140 MiB, 187.19 W, 300.00 W, 57, 2760 MHz
2026/09/23 03:37:43.902, 0, 48 %, 27 %, 1571 MiB, 49140 MiB, 168.87 W, 300.00 W, 55, 2760 MHz
2026/09/23 03:37:44.903, 0, 0 %, 0 %, 2833 MiB, 49140 MiB, 77.96 W, 300.00 W, 54, 2760 MHz
2026/09/23 03:37:45.903, 0, 81 %, 68 %, 2833 MiB, 49140 MiB, 193.57 W, 300.00 W, 59, 2685 MHz
2026/09/23 03:37:46.904, 0, 76 %, 66 %, 2833 MiB, 49140 MiB, 261.59 W, 300.00 W, 60, 2670 MHz
2026/09/23 03:37:47.905, 0, 77 %, 67 %, 2833 MiB, 49140 MiB, 262.40 W, 300.00 W, 62, 2490 MHz
2026/09/23 03:37:48.906, 0, 79 %, 67 %, 2833 MiB, 49140 MiB, 264.51 W, 300.00 W, 62, 2685 MHz
2026/09/23 03:37:49.909, 0, 75 %, 64 %, 2833 MiB, 49140 MiB, 262.90 W, 300.00 W, 61, 2685 MHz
2026/09/23 03:37:50.910, 0, 81 %, 69 %, 2833 MiB, 49140 MiB, 261.86 W, 300.00 W, 61, 2610 MHz
2026/09/23 03:37:51.911, 0, 73 %, 64 %, 2833 MiB, 49140 MiB, 260.38 W, 300.00 W, 62, 2670 MHz
2026/09/23 03:37:52.912, 0, 79 %, 65 %, 2833 MiB, 49140 MiB, 260.24 W, 300.00 W, 62, 2595 MHz
2026/09/23 03:37:53.913, 0, 78 %, 66 %, 2833 MiB, 49140 MiB, 262.06 W, 300.00 W, 63, 2640 MHz
2026/09/23 03:37:54.913, 0, 73 %, 63 %, 2833 MiB, 49140 MiB, 258.62 W, 300.00 W, 62, 2745 MHz
2026/09/23 03:37:55.914, 0, 10 %, 0 %, 2833 MiB, 49140 MiB, 135.18 W, 300.00 W, 57, 2745 MHz
2026/09/23 03:37:56.914, 0, 0 %, 0 %, 2833 MiB, 49140 MiB, 78.60 W, 300.00 W, 57, 2745 MHz
2026/09/23 03:37:57.915, 0, 75 %, 63 %, 2833 MiB, 49140 MiB, 183.93 W, 300.00 W, 63, 2655 MHz
2026/09/23 03:37:58.916, 0, 80 %, 68 %, 2833 MiB, 49140 MiB, 263.73 W, 300.00 W, 63, 2670 MHz
2026/09/23 03:37:59.916, 0, 70 %, 59 %, 2833 MiB, 49140 MiB, 262.98 W, 300.00 W, 62, 2700 MHz
2026/09/23 03:38:00.917, 0, 73 %, 62 %, 2833 MiB, 49140 MiB, 263.28 W, 300.00 W, 65, 2610 MHz
2026/09/23 03:38:01.918, 0, 82 %, 69 %, 2833 MiB, 49140 MiB, 266.14 W, 300.00 W, 63, 2565 MHz
2026/09/23 03:38:02.918, 0, 74 %, 62 %, 2833 MiB, 49140 MiB, 263.54 W, 300.00 W, 64, 2625 MHz
2026/09/23 03:38:03.919, 0, 82 %, 69 %, 2833 MiB, 49140 MiB, 265.19 W, 300.00 W, 64, 2550 MHz
2026/09/23 03:38:04.920, 0, 80 %, 67 %, 2833 MiB, 49140 MiB, 265.34 W, 300.00 W, 64, 2610 MHz
2026/09/23 03:38:05.921, 0, 72 %, 61 %, 2833 MiB, 49140 MiB, 267.16 W, 300.00 W, 66, 2655 MHz
2026/09/23 03:38:06.923, 0, 80 %, 68 %, 2833 MiB, 49140 MiB, 246.71 W, 300.00 W, 65, 2715 MHz
2026/09/23 03:38:07.923, 0, 0 %, 0 %, 2833 MiB, 49140 MiB, 109.54 W, 300.00 W, 59, 2715 MHz
2026/09/23 03:38:08.923, 0, 0 %, 0 %, 2833 MiB, 49140 MiB, 94.77 W, 300.00 W, 63, 2655 MHz
2026/09/23 03:38:09.925, 0, 79 %, 68 %, 2833 MiB, 49140 MiB, 267.34 W, 300.00 W, 66, 2700 MHz
2026/09/23 03:38:10.925, 0, 77 %, 66 %, 2833 MiB, 49140 MiB, 268.96 W, 300.00 W, 66, 2595 MHz
2026/09/23 03:38:11.926, 0, 76 %, 63 %, 2833 MiB, 49140 MiB, 266.25 W, 300.00 W, 65, 2610 MHz
2026/09/23 03:38:12.926, 0, 75 %, 65 %, 2833 MiB, 49140 MiB, 269.15 W, 300.00 W, 65, 2550 MHz
2026/09/23 03:38:13.928, 0, 73 %, 62 %, 2833 MiB, 49140 MiB, 270.15 W, 300.00 W, 66, 2625 MHz
2026/09/23 03:38:14.929, 0, 78 %, 65 %, 2833 MiB, 49140 MiB, 266.69 W, 300.00 W, 66, 2535 MHz
2026/09/23 03:38:15.929, 0, 73 %, 63 %, 2833 MiB, 49140 MiB, 263.25 W, 300.00 W, 66, 2550 MHz
2026/09/23 03:38:16.930, 0, 76 %, 65 %, 2833 MiB, 49140 MiB, 264.60 W, 300.00 W, 67, 2670 MHz
2026/09/23 03:38:17.931, 0, 80 %, 68 %, 2833 MiB, 49140 MiB, 262.53 W, 300.00 W, 66, 2610 MHz
2026/09/23 03:38:18.932, 0, 50 %, 29 %, 2833 MiB, 49140 MiB, 231.03 W, 300.00 W, 62, 2745 MHz
2026/09/23 03:38:19.932, 0, 0 %, 0 %, 2833 MiB, 49140 MiB, 82.64 W, 300.00 W, 61, 2745 MHz
2026/09/23 03:38:20.933, 0, 0 %, 0 %, 2833 MiB, 49140 MiB, 141.01 W, 300.00 W, 66, 2610 MHz
2026/09/23 03:38:21.934, 0, 82 %, 70 %, 2833 MiB, 49140 MiB, 264.49 W, 300.00 W, 65, 2610 MHz
2026/09/23 03:38:22.934, 0, 80 %, 67 %, 2833 MiB, 49140 MiB, 266.57 W, 300.00 W, 67, 2595 MHz
2026/09/23 03:38:23.935, 0, 76 %, 65 %, 2833 MiB, 49140 MiB, 267.09 W, 300.00 W, 67, 2595 MHz
2026/09/23 03:38:24.936, 0, 78 %, 66 %, 2833 MiB, 49140 MiB, 266.26 W, 300.00 W, 66, 2505 MHz
2026/09/23 03:38:25.936, 0, 72 %, 61 %, 2833 MiB, 49140 MiB, 267.71 W, 300.00 W, 67, 2535 MHz
2026/09/23 03:38:26.937, 0, 85 %, 71 %, 2833 MiB, 49140 MiB, 270.26 W, 300.00 W, 68, 2655 MHz
2026/09/23 03:38:27.938, 0, 80 %, 68 %, 2833 MiB, 49140 MiB, 267.55 W, 300.00 W, 67, 2580 MHz
2026/09/23 03:38:28.939, 0, 73 %, 63 %, 2833 MiB, 49140 MiB, 266.71 W, 300.00 W, 67, 2610 MHz
2026/09/23 03:38:29.940, 0, 80 %, 68 %, 2833 MiB, 49140 MiB, 266.41 W, 300.00 W, 67, 2745 MHz
2026/09/23 03:38:30.940, 0, 47 %, 27 %, 2833 MiB, 49140 MiB, 174.03 W, 300.00 W, 62, 2745 MHz
2026/09/23 03:38:31.941, 0, 0 %, 0 %, 2833 MiB, 49140 MiB, 82.52 W, 300.00 W, 61, 2430 MHz
2026/09/23 03:38:32.942, 0, 77 %, 66 %, 2833 MiB, 49140 MiB, 216.82 W, 300.00 W, 68, 2595 MHz
2026/09/23 03:38:33.942, 0, 78 %, 67 %, 2833 MiB, 49140 MiB, 263.36 W, 300.00 W, 67, 2610 MHz
2026/09/23 03:38:34.943, 0, 78 %, 66 %, 2833 MiB, 49140 MiB, 265.67 W, 300.00 W, 67, 2610 MHz
2026/09/23 03:38:35.944, 0, 75 %, 64 %, 2833 MiB, 49140 MiB, 265.39 W, 300.00 W, 68, 2535 MHz
2026/09/23 03:38:36.945, 0, 75 %, 64 %, 2833 MiB, 49140 MiB, 264.57 W, 300.00 W, 68, 2655 MHz
2026/09/23 03:38:37.946, 0, 78 %, 66 %, 2833 MiB, 49140 MiB, 262.17 W, 300.00 W, 67, 2640 MHz
2026/09/23 03:38:38.946, 0, 80 %, 68 %, 2833 MiB, 49140 MiB, 265.60 W, 300.00 W, 67, 2565 MHz
2026/09/23 03:38:39.947, 0, 75 %, 64 %, 2833 MiB, 49140 MiB, 263.73 W, 300.00 W, 69, 2640 MHz
2026/09/23 03:38:40.948, 0, 81 %, 68 %, 2833 MiB, 49140 MiB, 265.39 W, 300.00 W, 69, 2595 MHz
2026/09/23 03:38:41.949, 0, 59 %, 40 %, 2833 MiB, 49140 MiB, 244.31 W, 300.00 W, 65, 2745 MHz
2026/09/23 03:38:42.950, 0, 0 %, 0 %, 2833 MiB, 49140 MiB, 97.91 W, 300.00 W, 62, 2745 MHz
2026/09/23 03:38:43.950, 0, 0 %, 0 %, 2833 MiB, 49140 MiB, 145.88 W, 300.00 W, 67, 2595 MHz
2026/09/23 03:38:44.951, 0, 80 %, 67 %, 2833 MiB, 49140 MiB, 263.71 W, 300.00 W, 68, 2610 MHz
2026/09/23 03:38:45.952, 0, 77 %, 66 %, 2833 MiB, 49140 MiB, 264.98 W, 300.00 W, 67, 2580 MHz
2026/09/23 03:38:46.953, 0, 75 %, 64 %, 2833 MiB, 49140 MiB, 264.95 W, 300.00 W, 68, 2520 MHz
2026/09/23 03:38:47.954, 0, 75 %, 62 %, 2833 MiB, 49140 MiB, 264.45 W, 300.00 W, 69, 2670 MHz
2026/09/23 03:38:48.954, 0, 79 %, 66 %, 2833 MiB, 49140 MiB, 262.89 W, 300.00 W, 68, 2640 MHz
2026/09/23 03:38:49.955, 0, 79 %, 66 %, 2833 MiB, 49140 MiB, 266.25 W, 300.00 W, 68, 2565 MHz
2026/09/23 03:38:50.957, 0, 84 %, 70 %, 2833 MiB, 49140 MiB, 262.51 W, 300.00 W, 68, 2565 MHz
2026/09/23 03:38:51.958, 0, 84 %, 71 %, 2833 MiB, 49140 MiB, 264.29 W, 300.00 W, 68, 2505 MHz
2026/09/23 03:38:52.959, 0, 43 %, 25 %, 2833 MiB, 49140 MiB, 246.71 W, 300.00 W, 68, 2745 MHz
2026/09/23 03:38:53.959, 0, 0 %, 0 %, 2833 MiB, 49140 MiB, 110.61 W, 300.00 W, 63, 2745 MHz
2026/09/23 03:38:54.960, 0, 68 %, 57 %, 2833 MiB, 49140 MiB, 89.22 W, 300.00 W, 66, 2505 MHz
2026/09/23 03:38:55.961, 0, 83 %, 71 %, 2833 MiB, 49140 MiB, 266.70 W, 300.00 W, 68, 2610 MHz
2026/09/23 03:38:56.961, 0, 76 %, 65 %, 2833 MiB, 49140 MiB, 272.91 W, 300.00 W, 67, 2535 MHz
2026/09/23 03:38:57.963, 0, 77 %, 66 %, 2833 MiB, 49140 MiB, 271.31 W, 300.00 W, 68, 2625 MHz
2026/09/23 03:38:58.964, 0, 78 %, 67 %, 2833 MiB, 49140 MiB, 270.75 W, 300.00 W, 68, 2625 MHz
2026/09/23 03:38:59.964, 0, 73 %, 63 %, 2833 MiB, 49140 MiB, 269.01 W, 300.00 W, 69, 2550 MHz
2026/09/23 03:39:00.965, 0, 76 %, 65 %, 2833 MiB, 49140 MiB, 270.72 W, 300.00 W, 68, 2670 MHz
2026/09/23 03:39:01.966, 0, 79 %, 66 %, 2833 MiB, 49140 MiB, 269.57 W, 300.00 W, 69, 2640 MHz
2026/09/23 03:39:02.968, 0, 75 %, 64 %, 2833 MiB, 49140 MiB, 268.48 W, 300.00 W, 68, 2610 MHz
2026/09/23 03:39:03.968, 0, 72 %, 61 %, 2833 MiB, 49140 MiB, 270.17 W, 300.00 W, 70, 2565 MHz
2026/09/23 03:39:04.969, 0, 9 %, 0 %, 2833 MiB, 49140 MiB, 226.86 W, 300.00 W, 64, 2745 MHz
2026/09/23 03:39:05.970, 0, 0 %, 0 %, 2833 MiB, 49140 MiB, 83.87 W, 300.00 W, 63, 2745 MHz
2026/09/23 03:39:06.970, 0, 79 %, 67 %, 2833 MiB, 49140 MiB, 154.50 W, 300.00 W, 68, 2610 MHz
2026/09/23 03:39:07.970, 0, 75 %, 63 %, 2833 MiB, 49140 MiB, 266.92 W, 300.00 W, 68, 2580 MHz
2026/09/23 03:39:08.971, 0, 76 %, 66 %, 2833 MiB, 49140 MiB, 268.29 W, 300.00 W, 68, 2595 MHz
2026/09/23 03:39:09.972, 0, 80 %, 67 %, 2833 MiB, 49140 MiB, 268.82 W, 300.00 W, 70, 2535 MHz
2026/09/23 03:39:10.973, 0, 77 %, 64 %, 2833 MiB, 49140 MiB, 269.67 W, 300.00 W, 69, 2520 MHz
2026/09/23 03:39:11.974, 0, 74 %, 63 %, 2833 MiB, 49140 MiB, 265.68 W, 300.00 W, 69, 2535 MHz
2026/09/23 03:39:12.974, 0, 82 %, 70 %, 2833 MiB, 49140 MiB, 267.22 W, 300.00 W, 70, 2595 MHz
2026/09/23 03:39:13.975, 0, 78 %, 66 %, 2833 MiB, 49140 MiB, 267.51 W, 300.00 W, 69, 2430 MHz
2026/09/23 03:39:14.975, 0, 78 %, 65 %, 2833 MiB, 49140 MiB, 265.27 W, 300.00 W, 69, 2610 MHz
2026/09/23 03:39:15.977, 0, 54 %, 35 %, 2833 MiB, 49140 MiB, 259.44 W, 300.00 W, 69, 2745 MHz
2026/09/23 03:39:16.977, 0, 0 %, 0 %, 2833 MiB, 49140 MiB, 151.71 W, 300.00 W, 64, 2745 MHz
2026/09/23 03:39:17.977, 0, 0 %, 0 %, 2833 MiB, 49140 MiB, 83.88 W, 300.00 W, 63, 2745 MHz
2026/09/23 03:39:18.978, 0, 79 %, 66 %, 2833 MiB, 49140 MiB, 201.90 W, 300.00 W, 68, 2715 MHz
2026/09/23 03:39:19.978, 0, 77 %, 66 %, 2833 MiB, 49140 MiB, 265.16 W, 300.00 W, 68, 2520 MHz
2026/09/23 03:39:20.979, 0, 83 %, 71 %, 2833 MiB, 49140 MiB, 263.47 W, 300.00 W, 69, 2580 MHz
2026/09/23 03:39:21.980, 0, 77 %, 64 %, 2833 MiB, 49140 MiB, 265.96 W, 300.00 W, 70, 2535 MHz
2026/09/23 03:39:22.980, 0, 81 %, 68 %, 2833 MiB, 49140 MiB, 266.27 W, 300.00 W, 70, 2490 MHz
2026/09/23 03:39:23.981, 0, 81 %, 66 %, 2833 MiB, 49140 MiB, 265.17 W, 300.00 W, 69, 2505 MHz
2026/09/23 03:39:24.982, 0, 80 %, 68 %, 2833 MiB, 49140 MiB, 265.59 W, 300.00 W, 70, 2535 MHz
2026/09/23 03:39:25.982, 0, 83 %, 71 %, 2833 MiB, 49140 MiB, 266.18 W, 300.00 W, 68, 2565 MHz
2026/09/23 03:39:26.983, 0, 79 %, 68 %, 2833 MiB, 49140 MiB, 266.87 W, 300.00 W, 69, 2475 MHz
2026/09/23 03:39:27.983, 0, 49 %, 28 %, 2833 MiB, 49140 MiB, 234.97 W, 300.00 W, 66, 2745 MHz
2026/09/23 03:39:28.984, 0, 0 %, 0 %, 2833 MiB, 49140 MiB, 84.48 W, 300.00 W, 63, 2745 MHz
2026/09/23 03:39:29.984, 0, 73 %, 61 %, 2833 MiB, 49140 MiB, 166.97 W, 300.00 W, 68, 2640 MHz
2026/09/23 03:39:30.985, 0, 74 %, 64 %, 2833 MiB, 49140 MiB, 265.52 W, 300.00 W, 69, 2625 MHz
2026/09/23 03:39:31.986, 0, 79 %, 65 %, 2833 MiB, 49140 MiB, 264.35 W, 300.00 W, 68, 2580 MHz
2026/09/23 03:39:32.987, 0, 85 %, 72 %, 2833 MiB, 49140 MiB, 263.39 W, 300.00 W, 69, 2565 MHz
2026/09/23 03:39:33.987, 0, 82 %, 69 %, 2833 MiB, 49140 MiB, 266.04 W, 300.00 W, 69, 2595 MHz
2026/09/23 03:39:34.988, 0, 82 %, 69 %, 2833 MiB, 49140 MiB, 266.28 W, 300.00 W, 70, 2595 MHz
2026/09/23 03:39:35.989, 0, 80 %, 68 %, 2833 MiB, 49140 MiB, 267.33 W, 300.00 W, 68, 2655 MHz
2026/09/23 03:39:36.990, 0, 81 %, 68 %, 2833 MiB, 49140 MiB, 266.92 W, 300.00 W, 70, 2535 MHz
2026/09/23 03:39:37.990, 0, 83 %, 70 %, 2833 MiB, 49140 MiB, 267.49 W, 300.00 W, 69, 2535 MHz
2026/09/23 03:39:38.991, 0, 55 %, 32 %, 2833 MiB, 49140 MiB, 262.01 W, 300.00 W, 69, 2745 MHz
2026/09/23 03:39:39.992, 0, 0 %, 0 %, 2833 MiB, 49140 MiB, 145.70 W, 300.00 W, 64, 2745 MHz
2026/09/23 03:39:40.992, 0, 0 %, 0 %, 2833 MiB, 49140 MiB, 89.89 W, 300.00 W, 63, 2745 MHz
2026/09/23 03:39:41.994, 0, 78 %, 66 %, 2833 MiB, 49140 MiB, 260.76 W, 300.00 W, 68, 2505 MHz
2026/09/23 03:39:42.995, 0, 76 %, 65 %, 2833 MiB, 49140 MiB, 263.82 W, 300.00 W, 70, 2535 MHz
2026/09/23 03:39:43.995, 0, 76 %, 64 %, 2833 MiB, 49140 MiB, 262.27 W, 300.00 W, 70, 2625 MHz
2026/09/23 03:39:44.996, 0, 78 %, 67 %, 2833 MiB, 49140 MiB, 265.15 W, 300.00 W, 69, 2565 MHz
2026/09/23 03:39:45.997, 0, 75 %, 63 %, 2833 MiB, 49140 MiB, 263.70 W, 300.00 W, 69, 2640 MHz
2026/09/23 03:39:46.997, 0, 73 %, 63 %, 2833 MiB, 49140 MiB, 265.20 W, 300.00 W, 70, 2655 MHz
2026/09/23 03:39:47.998, 0, 78 %, 64 %, 2833 MiB, 49140 MiB, 264.59 W, 300.00 W, 69, 2625 MHz
2026/09/23 03:39:48.999, 0, 79 %, 66 %, 2833 MiB, 49140 MiB, 264.21 W, 300.00 W, 69, 2595 MHz
2026/09/23 03:39:50.000, 0, 80 %, 67 %, 2833 MiB, 49140 MiB, 267.23 W, 300.00 W, 71, 2595 MHz
2026/09/23 03:39:51.000, 0, 30 %, 17 %, 2833 MiB, 49140 MiB, 246.31 W, 300.00 W, 69, 2745 MHz
2026/09/23 03:39:52.001, 0, 80 %, 68 %, 2833 MiB, 49140 MiB, 126.33 W, 300.00 W, 68, 2580 MHz
2026/09/23 03:39:53.002, 0, 78 %, 65 %, 2833 MiB, 49140 MiB, 263.20 W, 300.00 W, 69, 2610 MHz
2026/09/23 03:39:54.002, 0, 76 %, 65 %, 2833 MiB, 49140 MiB, 264.92 W, 300.00 W, 69, 2505 MHz
2026/09/23 03:39:55.003, 0, 76 %, 66 %, 2833 MiB, 49140 MiB, 264.91 W, 300.00 W, 70, 2655 MHz
2026/09/23 03:39:56.004, 0, 74 %, 64 %, 2833 MiB, 49140 MiB, 266.62 W, 300.00 W, 69, 2655 MHz
2026/09/23 03:39:57.005, 0, 79 %, 67 %, 2833 MiB, 49140 MiB, 265.59 W, 300.00 W, 69, 2550 MHz
2026/09/23 03:39:58.005, 0, 81 %, 68 %, 2833 MiB, 49140 MiB, 263.18 W, 300.00 W, 69, 2595 MHz
2026/09/23 03:39:59.006, 0, 80 %, 68 %, 2833 MiB, 49140 MiB, 266.77 W, 300.00 W, 70, 2520 MHz
2026/09/23 03:40:00.007, 0, 76 %, 66 %, 2833 MiB, 49140 MiB, 264.87 W, 300.00 W, 71, 2625 MHz
2026/09/23 03:40:01.008, 0, 77 %, 66 %, 2833 MiB, 49140 MiB, 262.55 W, 300.00 W, 69, 2535 MHz
2026/09/23 03:40:02.009, 0, 7 %, 0 %, 2833 MiB, 49140 MiB, 208.31 W, 300.00 W, 65, 2745 MHz
2026/09/23 03:40:03.009, 0, 0 %, 0 %, 2833 MiB, 49140 MiB, 84.38 W, 300.00 W, 64, 2745 MHz
2026/09/23 03:40:04.010, 0, 78 %, 64 %, 2833 MiB, 49140 MiB, 191.38 W, 300.00 W, 68, 2595 MHz
2026/09/23 03:40:05.011, 0, 81 %, 70 %, 2833 MiB, 49140 MiB, 265.51 W, 300.00 W, 70, 2580 MHz
2026/09/23 03:40:06.011, 0, 78 %, 66 %, 2833 MiB, 49140 MiB, 264.63 W, 300.00 W, 70, 2505 MHz
2026/09/23 03:40:07.012, 0, 80 %, 66 %, 2833 MiB, 49140 MiB, 264.18 W, 300.00 W, 70, 2580 MHz
2026/09/23 03:40:08.013, 0, 74 %, 64 %, 2833 MiB, 49140 MiB, 264.13 W, 300.00 W, 70, 2595 MHz
2026/09/23 03:40:09.014, 0, 79 %, 67 %, 2833 MiB, 49140 MiB, 265.00 W, 300.00 W, 69, 2505 MHz
2026/09/23 03:40:10.015, 0, 77 %, 65 %, 2833 MiB, 49140 MiB, 265.28 W, 300.00 W, 69, 2595 MHz
2026/09/23 03:40:11.016, 0, 77 %, 65 %, 2833 MiB, 49140 MiB, 265.97 W, 300.00 W, 69, 2610 MHz
2026/09/23 03:40:12.017, 0, 77 %, 67 %, 2833 MiB, 49140 MiB, 267.02 W, 300.00 W, 71, 2625 MHz
2026/09/23 03:40:13.018, 0, 52 %, 30 %, 2833 MiB, 49140 MiB, 256.83 W, 300.00 W, 70, 2715 MHz
2026/09/23 03:40:14.018, 0, 0 %, 0 %, 2833 MiB, 49140 MiB, 131.19 W, 300.00 W, 64, 2745 MHz
2026/09/23 03:40:15.019, 0, 0 %, 0 %, 2833 MiB, 49140 MiB, 84.34 W, 300.00 W, 64, 2745 MHz
2026/09/23 03:40:16.019, 0, 81 %, 69 %, 2833 MiB, 49140 MiB, 188.50 W, 300.00 W, 70, 2580 MHz
2026/09/23 03:40:17.020, 0, 78 %, 65 %, 2833 MiB, 49140 MiB, 269.73 W, 300.00 W, 70, 2580 MHz
2026/09/23 03:40:18.021, 0, 79 %, 65 %, 2833 MiB, 49140 MiB, 266.59 W, 300.00 W, 70, 2595 MHz
2026/09/23 03:40:19.022, 0, 77 %, 65 %, 2833 MiB, 49140 MiB, 268.01 W, 300.00 W, 69, 2610 MHz
2026/09/23 03:40:20.023, 0, 78 %, 67 %, 2833 MiB, 49140 MiB, 269.94 W, 300.00 W, 70, 2535 MHz
2026/09/23 03:40:21.024, 0, 77 %, 66 %, 2833 MiB, 49140 MiB, 268.09 W, 300.00 W, 69, 2565 MHz
2026/09/23 03:40:22.025, 0, 83 %, 69 %, 2833 MiB, 49140 MiB, 268.95 W, 300.00 W, 71, 2535 MHz
2026/09/23 03:40:23.026, 0, 78 %, 65 %, 2833 MiB, 49140 MiB, 268.84 W, 300.00 W, 70, 2640 MHz
2026/09/23 03:40:24.026, 0, 77 %, 66 %, 2833 MiB, 49140 MiB, 268.71 W, 300.00 W, 70, 2580 MHz
2026/09/23 03:40:25.027, 0, 26 %, 14 %, 2833 MiB, 49140 MiB, 247.00 W, 300.00 W, 70, 2730 MHz
2026/09/23 03:40:26.028, 0, 0 %, 0 %, 2833 MiB, 49140 MiB, 92.44 W, 300.00 W, 64, 2745 MHz
2026/09/23 03:40:27.029, 0, 81 %, 68 %, 2833 MiB, 49140 MiB, 128.20 W, 300.00 W, 68, 2520 MHz
2026/09/23 03:40:28.029, 0, 77 %, 67 %, 2833 MiB, 49140 MiB, 263.79 W, 300.00 W, 69, 2640 MHz
2026/09/23 03:40:29.030, 0, 81 %, 69 %, 2833 MiB, 49140 MiB, 267.89 W, 300.00 W, 70, 2535 MHz
2026/09/23 03:40:30.031, 0, 80 %, 68 %, 2833 MiB, 49140 MiB, 268.70 W, 300.00 W, 69, 2535 MHz
2026/09/23 03:40:31.033, 0, 81 %, 70 %, 2833 MiB, 49140 MiB, 266.09 W, 300.00 W, 70, 2610 MHz
2026/09/23 03:40:32.034, 0, 78 %, 67 %, 2833 MiB, 49140 MiB, 267.94 W, 300.00 W, 70, 2505 MHz
2026/09/23 03:40:33.035, 0, 81 %, 67 %, 2833 MiB, 49140 MiB, 267.68 W, 300.00 W, 71, 2535 MHz
2026/09/23 03:40:34.035, 0, 79 %, 65 %, 2833 MiB, 49140 MiB, 268.21 W, 300.00 W, 70, 2580 MHz
2026/09/23 03:40:35.037, 0, 77 %, 65 %, 2833 MiB, 49140 MiB, 269.08 W, 300.00 W, 70, 2655 MHz
2026/09/23 03:40:36.037, 0, 78 %, 66 %, 2833 MiB, 49140 MiB, 267.50 W, 300.00 W, 69, 2625 MHz
2026/09/23 03:40:37.038, 0, 0 %, 0 %, 2833 MiB, 49140 MiB, 186.60 W, 300.00 W, 65, 2745 MHz
2026/09/23 03:40:38.038, 0, 0 %, 0 %, 2833 MiB, 49140 MiB, 84.45 W, 300.00 W, 64, 2745 MHz
2026/09/23 03:40:39.038, 0, 79 %, 66 %, 2833 MiB, 49140 MiB, 179.15 W, 300.00 W, 68, 2640 MHz
2026/09/23 03:40:40.040, 0, 75 %, 65 %, 2833 MiB, 49140 MiB, 263.65 W, 300.00 W, 69, 2580 MHz
2026/09/23 03:40:41.040, 0, 75 %, 64 %, 2833 MiB, 49140 MiB, 263.91 W, 300.00 W, 69, 2655 MHz
2026/09/23 03:40:42.041, 0, 85 %, 72 %, 2833 MiB, 49140 MiB, 263.12 W, 300.00 W, 70, 2565 MHz
2026/09/23 03:40:43.041, 0, 83 %, 69 %, 2833 MiB, 49140 MiB, 265.72 W, 300.00 W, 70, 2520 MHz
2026/09/23 03:40:44.044, 0, 78 %, 64 %, 2833 MiB, 49140 MiB, 264.49 W, 300.00 W, 70, 2610 MHz
2026/09/23 03:40:45.044, 0, 74 %, 65 %, 2833 MiB, 49140 MiB, 266.81 W, 300.00 W, 70, 2505 MHz
2026/09/23 03:40:46.045, 0, 81 %, 68 %, 2833 MiB, 49140 MiB, 263.34 W, 300.00 W, 69, 2580 MHz
2026/09/23 03:40:47.046, 0, 77 %, 65 %, 2833 MiB, 49140 MiB, 265.60 W, 300.00 W, 71, 2625 MHz
2026/09/23 03:40:48.047, 0, 47 %, 27 %, 2833 MiB, 49140 MiB, 257.40 W, 300.00 W, 70, 2745 MHz
2026/09/23 03:40:49.047, 0, 0 %, 0 %, 2833 MiB, 49140 MiB, 138.53 W, 300.00 W, 64, 2745 MHz
2026/09/23 03:40:50.049, 0, 85 %, 71 %, 2833 MiB, 49140 MiB, 223.63 W, 300.00 W, 69, 2550 MHz
2026/09/23 03:40:51.050, 0, 78 %, 65 %, 2833 MiB, 49140 MiB, 266.89 W, 300.00 W, 70, 2610 MHz
2026/09/23 03:40:52.051, 0, 80 %, 66 %, 2833 MiB, 49140 MiB, 265.84 W, 300.00 W, 70, 2610 MHz
2026/09/23 03:40:53.052, 0, 82 %, 70 %, 2833 MiB, 49140 MiB, 266.74 W, 300.00 W, 70, 2565 MHz
2026/09/23 03:40:54.052, 0, 83 %, 69 %, 2833 MiB, 49140 MiB, 265.77 W, 300.00 W, 69, 2550 MHz
2026/09/23 03:40:55.053, 0, 78 %, 67 %, 2833 MiB, 49140 MiB, 266.39 W, 300.00 W, 71, 2640 MHz
2026/09/23 03:40:56.054, 0, 75 %, 63 %, 2833 MiB, 49140 MiB, 264.75 W, 300.00 W, 69, 2550 MHz
2026/09/23 03:40:57.054, 0, 84 %, 71 %, 2833 MiB, 49140 MiB, 265.48 W, 300.00 W, 69, 2565 MHz
2026/09/23 03:40:58.055, 0, 79 %, 66 %, 2833 MiB, 49140 MiB, 265.82 W, 300.00 W, 70, 2640 MHz
2026/09/23 03:40:59.056, 0, 46 %, 26 %, 2833 MiB, 49140 MiB, 252.13 W, 300.00 W, 70, 2745 MHz
2026/09/23 03:41:00.057, 0, 75 %, 62 %, 2833 MiB, 49140 MiB, 122.12 W, 300.00 W, 68, 2595 MHz
2026/09/23 03:41:01.058, 0, 76 %, 66 %, 2833 MiB, 49140 MiB, 264.75 W, 300.00 W, 70, 2535 MHz
2026/09/23 03:41:02.059, 0, 81 %, 70 %, 2833 MiB, 49140 MiB, 265.88 W, 300.00 W, 69, 2520 MHz
2026/09/23 03:41:03.060, 0, 76 %, 65 %, 2833 MiB, 49140 MiB, 265.71 W, 300.00 W, 70, 2565 MHz
2026/09/23 03:41:04.061, 0, 82 %, 69 %, 2833 MiB, 49140 MiB, 266.55 W, 300.00 W, 70, 2580 MHz
2026/09/23 03:41:05.062, 0, 82 %, 69 %, 2833 MiB, 49140 MiB, 265.30 W, 300.00 W, 71, 2640 MHz
2026/09/23 03:41:06.062, 0, 82 %, 69 %, 2833 MiB, 49140 MiB, 267.03 W, 300.00 W, 69, 2550 MHz
2026/09/23 03:41:07.063, 0, 80 %, 68 %, 2833 MiB, 49140 MiB, 265.48 W, 300.00 W, 71, 2640 MHz
2026/09/23 03:41:08.064, 0, 80 %, 67 %, 2833 MiB, 49140 MiB, 264.00 W, 300.00 W, 70, 2580 MHz
2026/09/23 03:41:09.065, 0, 81 %, 69 %, 2833 MiB, 49140 MiB, 264.88 W, 300.00 W, 70, 2475 MHz
2026/09/23 03:41:10.065, 0, 9 %, 0 %, 2833 MiB, 49140 MiB, 207.86 W, 300.00 W, 65, 2745 MHz
2026/09/23 03:41:11.066, 0, 0 %, 0 %, 2833 MiB, 49140 MiB, 84.47 W, 300.00 W, 64, 2745 MHz
2026/09/23 03:41:12.067, 0, 81 %, 68 %, 2833 MiB, 49140 MiB, 157.24 W, 300.00 W, 70, 2625 MHz
2026/09/23 03:41:13.068, 0, 76 %, 66 %, 2833 MiB, 49140 MiB, 267.82 W, 300.00 W, 69, 2520 MHz
2026/09/23 03:41:14.068, 0, 80 %, 69 %, 2833 MiB, 49140 MiB, 269.20 W, 300.00 W, 70, 2520 MHz
2026/09/23 03:41:15.069, 0, 81 %, 68 %, 2833 MiB, 49140 MiB, 268.14 W, 300.00 W, 69, 2610 MHz
2026/09/23 03:41:16.070, 0, 74 %, 63 %, 2833 MiB, 49140 MiB, 264.57 W, 300.00 W, 69, 2535 MHz
2026/09/23 03:41:17.070, 0, 77 %, 65 %, 2833 MiB, 49140 MiB, 267.50 W, 300.00 W, 70, 2580 MHz
2026/09/23 03:41:18.071, 0, 80 %, 66 %, 2833 MiB, 49140 MiB, 267.29 W, 300.00 W, 70, 2595 MHz
2026/09/23 03:41:19.071, 0, 76 %, 63 %, 2833 MiB, 49140 MiB, 268.11 W, 300.00 W, 70, 2580 MHz
2026/09/23 03:41:20.072, 0, 81 %, 68 %, 2833 MiB, 49140 MiB, 267.64 W, 300.00 W, 70, 2640 MHz
2026/09/23 03:41:21.073, 0, 54 %, 35 %, 2833 MiB, 49140 MiB, 263.35 W, 300.00 W, 69, 2730 MHz
2026/09/23 03:41:22.074, 0, 0 %, 0 %, 2833 MiB, 49140 MiB, 166.21 W, 300.00 W, 65, 2745 MHz
2026/09/23 03:41:23.074, 0, 0 %, 0 %, 2833 MiB, 49140 MiB, 84.57 W, 300.00 W, 64, 2745 MHz
2026/09/23 03:41:24.075, 0, 82 %, 69 %, 2833 MiB, 49140 MiB, 197.84 W, 300.00 W, 70, 2610 MHz
2026/09/23 03:41:25.075, 0, 77 %, 63 %, 2833 MiB, 49140 MiB, 272.40 W, 300.00 W, 69, 2535 MHz
2026/09/23 03:41:26.076, 0, 81 %, 68 %, 2833 MiB, 49140 MiB, 272.96 W, 300.00 W, 69, 2625 MHz
2026/09/23 03:41:27.076, 0, 79 %, 66 %, 2833 MiB, 49140 MiB, 276.04 W, 300.00 W, 69, 2655 MHz
2026/09/23 03:41:28.077, 0, 81 %, 69 %, 2833 MiB, 49140 MiB, 277.04 W, 300.00 W, 71, 2535 MHz
2026/09/23 03:41:29.078, 0, 78 %, 66 %, 2833 MiB, 49140 MiB, 273.37 W, 300.00 W, 70, 2640 MHz
2026/09/23 03:41:30.079, 0, 74 %, 64 %, 2833 MiB, 49140 MiB, 274.06 W, 300.00 W, 71, 2670 MHz
2026/09/23 03:41:31.080, 0, 78 %, 64 %, 2833 MiB, 49140 MiB, 272.88 W, 300.00 W, 70, 2625 MHz
2026/09/23 03:41:32.081, 0, 79 %, 65 %, 2833 MiB, 49140 MiB, 275.39 W, 300.00 W, 70, 2535 MHz
2026/09/23 03:41:33.082, 0, 52 %, 30 %, 2833 MiB, 49140 MiB, 260.51 W, 300.00 W, 71, 2685 MHz
2026/09/23 03:41:34.082, 0, 0 %, 0 %, 2833 MiB, 49140 MiB, 117.08 W, 300.00 W, 64, 2745 MHz
2026/09/23 03:41:35.083, 0, 76 %, 63 %, 2833 MiB, 49140 MiB, 106.29 W, 300.00 W, 68, 2565 MHz
2026/09/23 03:41:36.084, 0, 80 %, 67 %, 2833 MiB, 49140 MiB, 267.51 W, 300.00 W, 70, 2535 MHz
2026/09/23 03:41:37.085, 0, 79 %, 69 %, 2833 MiB, 49140 MiB, 270.49 W, 300.00 W, 70, 2640 MHz
2026/09/23 03:41:38.085, 0, 81 %, 69 %, 2833 MiB, 49140 MiB, 272.10 W, 300.00 W, 69, 2610 MHz
2026/09/23 03:41:39.086, 0, 78 %, 67 %, 2833 MiB, 49140 MiB, 272.33 W, 300.00 W, 71, 2520 MHz
2026/09/23 03:41:40.087, 0, 75 %, 64 %, 2833 MiB, 49140 MiB, 269.20 W, 300.00 W, 69, 2610 MHz
2026/09/23 03:41:41.088, 0, 74 %, 61 %, 2833 MiB, 49140 MiB, 265.58 W, 300.00 W, 69, 2625 MHz
2026/09/23 03:41:42.090, 0, 79 %, 66 %, 2833 MiB, 49140 MiB, 269.26 W, 300.00 W, 71, 2595 MHz
2026/09/23 03:41:43.091, 0, 78 %, 68 %, 2833 MiB, 49140 MiB, 269.90 W, 300.00 W, 70, 2610 MHz
2026/09/23 03:41:44.092, 0, 77 %, 64 %, 2833 MiB, 49140 MiB, 267.59 W, 300.00 W, 71, 2565 MHz
2026/09/23 03:41:45.093, 0, 0 %, 0 %, 2833 MiB, 49140 MiB, 226.00 W, 300.00 W, 65, 2730 MHz
2026/09/23 03:41:46.093, 0, 81 %, 67 %, 2833 MiB, 49140 MiB, 146.95 W, 300.00 W, 68, 2550 MHz
2026/09/23 03:41:47.094, 0, 80 %, 69 %, 2833 MiB, 49140 MiB, 266.27 W, 300.00 W, 71, 2505 MHz
2026/09/23 03:41:48.095, 0, 81 %, 67 %, 2833 MiB, 49140 MiB, 264.18 W, 300.00 W, 70, 2550 MHz
2026/09/23 03:41:49.096, 0, 78 %, 68 %, 2833 MiB, 49140 MiB, 265.89 W, 300.00 W, 70, 2580 MHz
2026/09/23 03:41:50.097, 0, 77 %, 66 %, 2833 MiB, 49140 MiB, 263.82 W, 300.00 W, 69, 2595 MHz
2026/09/23 03:41:51.098, 0, 80 %, 67 %, 2833 MiB, 49140 MiB, 265.23 W, 300.00 W, 71, 2460 MHz
2026/09/23 03:41:52.099, 0, 76 %, 62 %, 2833 MiB, 49140 MiB, 264.57 W, 300.00 W, 70, 2535 MHz
2026/09/23 03:41:53.100, 0, 74 %, 61 %, 2833 MiB, 49140 MiB, 263.98 W, 300.00 W, 69, 2640 MHz
2026/09/23 03:41:54.101, 0, 78 %, 67 %, 2833 MiB, 49140 MiB, 263.85 W, 300.00 W, 70, 2610 MHz
2026/09/23 03:41:55.102, 0, 79 %, 67 %, 2833 MiB, 49140 MiB, 265.43 W, 300.00 W, 70, 2655 MHz
2026/09/23 03:41:56.102, 0, 0 %, 0 %, 2833 MiB, 49140 MiB, 177.18 W, 300.00 W, 65, 2745 MHz
2026/09/23 03:41:57.103, 0, 79 %, 65 %, 2833 MiB, 49140 MiB, 194.56 W, 300.00 W, 70, 2580 MHz
2026/09/23 03:41:58.104, 0, 76 %, 66 %, 2833 MiB, 49140 MiB, 278.62 W, 300.00 W, 71, 2580 MHz
2026/09/23 03:41:59.104, 0, 81 %, 68 %, 2833 MiB, 49140 MiB, 276.38 W, 300.00 W, 70, 2625 MHz
2026/09/23 03:42:00.106, 0, 78 %, 66 %, 2833 MiB, 49140 MiB, 278.77 W, 300.00 W, 72, 2490 MHz
2026/09/23 03:42:01.107, 0, 73 %, 64 %, 2833 MiB, 49140 MiB, 276.30 W, 300.00 W, 70, 2610 MHz
2026/09/23 03:42:02.108, 0, 76 %, 65 %, 2833 MiB, 49140 MiB, 270.83 W, 300.00 W, 71, 2625 MHz
2026/09/23 03:42:03.108, 0, 80 %, 67 %, 2833 MiB, 49140 MiB, 275.75 W, 300.00 W, 70, 2535 MHz
2026/09/23 03:42:04.109, 0, 82 %, 69 %, 2833 MiB, 49140 MiB, 275.41 W, 300.00 W, 70, 2670 MHz
2026/09/23 03:42:05.110, 0, 79 %, 67 %, 2833 MiB, 49140 MiB, 274.95 W, 300.00 W, 72, 2535 MHz
2026/09/23 03:42:06.111, 0, 50 %, 29 %, 2833 MiB, 49140 MiB, 265.53 W, 300.00 W, 70, 2730 MHz
2026/09/23 03:42:07.113, 0, 0 %, 0 %, 2833 MiB, 49140 MiB, 143.96 W, 300.00 W, 65, 2745 MHz
2026/09/23 03:42:08.114, 0, 80 %, 66 %, 2833 MiB, 49140 MiB, 225.70 W, 300.00 W, 71, 2580 MHz
2026/09/23 03:42:09.114, 0, 77 %, 65 %, 2833 MiB, 49140 MiB, 263.97 W, 300.00 W, 70, 2565 MHz
2026/09/23 03:42:10.114, 0, 81 %, 69 %, 2833 MiB, 49140 MiB, 263.88 W, 300.00 W, 70, 2565 MHz
2026/09/23 03:42:11.115, 0, 81 %, 69 %, 2833 MiB, 49140 MiB, 266.79 W, 300.00 W, 71, 2535 MHz
2026/09/23 03:42:12.116, 0, 72 %, 62 %, 2833 MiB, 49140 MiB, 263.84 W, 300.00 W, 69, 2670 MHz
2026/09/23 03:42:13.117, 0, 77 %, 64 %, 2833 MiB, 49140 MiB, 262.43 W, 300.00 W, 69, 2580 MHz
2026/09/23 03:42:14.118, 0, 81 %, 68 %, 2833 MiB, 49140 MiB, 264.07 W, 300.00 W, 70, 2580 MHz
2026/09/23 03:42:15.119, 0, 76 %, 64 %, 2833 MiB, 49140 MiB, 267.49 W, 300.00 W, 71, 2565 MHz
2026/09/23 03:42:16.120, 0, 76 %, 64 %, 2833 MiB, 49140 MiB, 265.27 W, 300.00 W, 70, 2505 MHz
2026/09/23 03:42:17.120, 0, 47 %, 27 %, 2833 MiB, 49140 MiB, 256.73 W, 300.00 W, 71, 2730 MHz
2026/09/23 03:42:18.121, 0, 0 %, 0 %, 2833 MiB, 49140 MiB, 112.12 W, 300.00 W, 65, 2745 MHz
2026/09/23 03:42:19.121, 0, 78 %, 66 %, 2833 MiB, 49140 MiB, 176.23 W, 300.00 W, 70, 2640 MHz
2026/09/23 03:42:20.122, 0, 76 %, 65 %, 2833 MiB, 49140 MiB, 263.04 W, 300.00 W, 71, 2640 MHz
2026/09/23 03:42:21.122, 0, 80 %, 68 %, 2833 MiB, 49140 MiB, 264.29 W, 300.00 W, 70, 2550 MHz
2026/09/23 03:42:22.123, 0, 78 %, 65 %, 2833 MiB, 49140 MiB, 264.70 W, 300.00 W, 69, 2595 MHz
2026/09/23 03:42:23.125, 0, 76 %, 65 %, 2833 MiB, 49140 MiB, 265.02 W, 300.00 W, 70, 2580 MHz
2026/09/23 03:42:24.125, 0, 79 %, 65 %, 2833 MiB, 49140 MiB, 264.10 W, 300.00 W, 69, 2565 MHz
2026/09/23 03:42:25.126, 0, 78 %, 64 %, 2833 MiB, 49140 MiB, 264.00 W, 300.00 W, 69, 2565 MHz
2026/09/23 03:42:26.127, 0, 78 %, 67 %, 2833 MiB, 49140 MiB, 263.21 W, 300.00 W, 71, 2610 MHz
2026/09/23 03:42:27.128, 0, 78 %, 65 %, 2833 MiB, 49140 MiB, 263.58 W, 300.00 W, 70, 2625 MHz
2026/09/23 03:42:28.129, 0, 53 %, 30 %, 2833 MiB, 49140 MiB, 263.09 W, 300.00 W, 69, 2730 MHz
2026/09/23 03:42:29.129, 0, 0 %, 0 %, 2833 MiB, 49140 MiB, 161.28 W, 300.00 W, 65, 2745 MHz
2026/09/23 03:42:30.130, 0, 70 %, 60 %, 2833 MiB, 49140 MiB, 209.37 W, 300.00 W, 71, 2535 MHz
2026/09/23 03:42:31.130, 0, 81 %, 69 %, 2833 MiB, 49140 MiB, 273.80 W, 300.00 W, 71, 2550 MHz
2026/09/23 03:42:32.132, 0, 79 %, 66 %, 2833 MiB, 49140 MiB, 276.08 W, 300.00 W, 72, 2595 MHz
2026/09/23 03:42:33.132, 0, 77 %, 65 %, 2833 MiB, 49140 MiB, 274.47 W, 300.00 W, 71, 2490 MHz
2026/09/23 03:42:34.134, 0, 80 %, 66 %, 2833 MiB, 49140 MiB, 274.05 W, 300.00 W, 71, 2595 MHz
2026/09/23 03:42:35.134, 0, 78 %, 64 %, 2833 MiB, 49140 MiB, 276.21 W, 300.00 W, 70, 2595 MHz
2026/09/23 03:42:36.135, 0, 78 %, 65 %, 2833 MiB, 49140 MiB, 273.90 W, 300.00 W, 71, 2655 MHz
2026/09/23 03:42:37.136, 0, 79 %, 68 %, 2833 MiB, 49140 MiB, 270.08 W, 300.00 W, 71, 2595 MHz
2026/09/23 03:42:38.137, 0, 84 %, 71 %, 2833 MiB, 49140 MiB, 271.64 W, 300.00 W, 72, 2580 MHz
2026/09/23 03:42:39.138, 0, 54 %, 31 %, 2833 MiB, 49140 MiB, 261.00 W, 300.00 W, 71, 2730 MHz
2026/09/23 03:42:40.138, 0, 0 %, 0 %, 2833 MiB, 49140 MiB, 129.65 W, 300.00 W, 65, 2745 MHz
2026/09/23 03:42:41.139, 0, 79 %, 66 %, 2833 MiB, 49140 MiB, 237.96 W, 300.00 W, 70, 2565 MHz
2026/09/23 03:42:42.140, 0, 80 %, 69 %, 2833 MiB, 49140 MiB, 264.10 W, 300.00 W, 70, 2535 MHz
2026/09/23 03:42:43.141, 0, 82 %, 69 %, 2833 MiB, 49140 MiB, 264.75 W, 300.00 W, 69, 2460 MHz
2026/09/23 03:42:44.142, 0, 73 %, 63 %, 2833 MiB, 49140 MiB, 261.92 W, 300.00 W, 70, 2550 MHz
2026/09/23 03:42:45.142, 0, 78 %, 65 %, 2833 MiB, 49140 MiB, 266.21 W, 300.00 W, 71, 2580 MHz
2026/09/23 03:42:46.143, 0, 80 %, 68 %, 2833 MiB, 49140 MiB, 262.30 W, 300.00 W, 70, 2640 MHz
2026/09/23 03:42:47.144, 0, 80 %, 69 %, 2833 MiB, 49140 MiB, 263.38 W, 300.00 W, 70, 2520 MHz
2026/09/23 03:42:48.146, 0, 80 %, 66 %, 2833 MiB, 49140 MiB, 264.77 W, 300.00 W, 70, 2565 MHz
2026/09/23 03:42:49.147, 0, 83 %, 70 %, 2833 MiB, 49140 MiB, 264.13 W, 300.00 W, 72, 2580 MHz
2026/09/23 03:42:50.148, 0, 49 %, 28 %, 2833 MiB, 49140 MiB, 256.46 W, 300.00 W, 70, 2730 MHz
2026/09/23 03:42:51.148, 0, 77 %, 66 %, 2833 MiB, 49140 MiB, 125.95 W, 300.00 W, 70, 2520 MHz
2026/09/23 03:42:52.149, 0, 80 %, 67 %, 2833 MiB, 49140 MiB, 266.01 W, 300.00 W, 71, 2655 MHz
2026/09/23 03:42:53.150, 0, 72 %, 62 %, 2833 MiB, 49140 MiB, 264.68 W, 300.00 W, 71, 2535 MHz
2026/09/23 03:42:54.151, 0, 77 %, 65 %, 2833 MiB, 49140 MiB, 264.36 W, 300.00 W, 70, 2595 MHz
2026/09/23 03:42:55.152, 0, 76 %, 64 %, 2833 MiB, 49140 MiB, 263.58 W, 300.00 W, 70, 2535 MHz
2026/09/23 03:42:56.153, 0, 81 %, 69 %, 2833 MiB, 49140 MiB, 263.37 W, 300.00 W, 70, 2565 MHz
2026/09/23 03:42:57.154, 0, 77 %, 64 %, 2833 MiB, 49140 MiB, 264.85 W, 300.00 W, 70, 2580 MHz
2026/09/23 03:42:58.154, 0, 79 %, 67 %, 2833 MiB, 49140 MiB, 264.26 W, 300.00 W, 71, 2610 MHz
2026/09/23 03:42:59.155, 0, 79 %, 69 %, 2833 MiB, 49140 MiB, 265.18 W, 300.00 W, 70, 2550 MHz
2026/09/23 03:43:00.156, 0, 80 %, 67 %, 2833 MiB, 49140 MiB, 265.66 W, 300.00 W, 70, 2625 MHz
2026/09/23 03:43:01.157, 0, 0 %, 0 %, 2833 MiB, 49140 MiB, 223.64 W, 300.00 W, 66, 2730 MHz
2026/09/23 03:43:02.157, 0, 78 %, 66 %, 2833 MiB, 49140 MiB, 132.55 W, 300.00 W, 70, 2640 MHz
2026/09/23 03:43:03.158, 0, 75 %, 65 %, 2833 MiB, 49140 MiB, 267.99 W, 300.00 W, 70, 2580 MHz
2026/09/23 03:43:04.159, 0, 79 %, 66 %, 2833 MiB, 49140 MiB, 269.60 W, 300.00 W, 69, 2610 MHz
2026/09/23 03:43:05.159, 0, 81 %, 68 %, 2833 MiB, 49140 MiB, 273.98 W, 300.00 W, 71, 2595 MHz
2026/09/23 03:43:06.160, 0, 83 %, 70 %, 2833 MiB, 49140 MiB, 271.40 W, 300.00 W, 70, 2655 MHz
2026/09/23 03:43:07.161, 0, 79 %, 65 %, 2833 MiB, 49140 MiB, 273.42 W, 300.00 W, 70, 2580 MHz
2026/09/23 03:43:08.162, 0, 82 %, 69 %, 2833 MiB, 49140 MiB, 271.93 W, 300.00 W, 70, 2610 MHz
2026/09/23 03:43:09.163, 0, 76 %, 64 %, 2833 MiB, 49140 MiB, 272.38 W, 300.00 W, 70, 2625 MHz
2026/09/23 03:43:10.163, 0, 79 %, 65 %, 2833 MiB, 49140 MiB, 271.96 W, 300.00 W, 70, 2685 MHz
2026/09/23 03:43:11.164, 0, 76 %, 65 %, 2833 MiB, 49140 MiB, 273.28 W, 300.00 W, 70, 2640 MHz
2026/09/23 03:43:12.165, 0, 0 %, 0 %, 2833 MiB, 49140 MiB, 203.32 W, 300.00 W, 66, 2745 MHz
2026/09/23 03:43:13.167, 0, 80 %, 67 %, 2833 MiB, 49140 MiB, 155.97 W, 300.00 W, 70, 2655 MHz
2026/09/23 03:43:14.168, 0, 80 %, 67 %, 2833 MiB, 49140 MiB, 268.95 W, 300.00 W, 70, 2535 MHz
2026/09/23 03:43:15.169, 0, 78 %, 66 %, 2833 MiB, 49140 MiB, 268.47 W, 300.00 W, 71, 2520 MHz
2026/09/23 03:43:16.170, 0, 78 %, 66 %, 2833 MiB, 49140 MiB, 271.08 W, 300.00 W, 71, 2610 MHz
2026/09/23 03:43:17.171, 0, 76 %, 62 %, 2833 MiB, 49140 MiB, 269.46 W, 300.00 W, 70, 2565 MHz
2026/09/23 03:43:18.172, 0, 79 %, 69 %, 2833 MiB, 49140 MiB, 267.95 W, 300.00 W, 70, 2520 MHz
2026/09/23 03:43:19.172, 0, 80 %, 68 %, 2833 MiB, 49140 MiB, 270.66 W, 300.00 W, 71, 2580 MHz
2026/09/23 03:43:20.173, 0, 81 %, 67 %, 2833 MiB, 49140 MiB, 271.30 W, 300.00 W, 71, 2520 MHz
2026/09/23 03:43:21.173, 0, 81 %, 68 %, 2833 MiB, 49140 MiB, 269.79 W, 300.00 W, 70, 2595 MHz
2026/09/23 03:43:22.175, 0, 81 %, 69 %, 2833 MiB, 49140 MiB, 272.63 W, 300.00 W, 69, 2730 MHz
2026/09/23 03:43:23.176, 0, 0 %, 0 %, 2833 MiB, 49140 MiB, 181.51 W, 300.00 W, 65, 2745 MHz
2026/09/23 03:43:24.176, 0, 85 %, 72 %, 2833 MiB, 49140 MiB, 178.48 W, 300.00 W, 69, 2520 MHz
2026/09/23 03:43:25.177, 0, 78 %, 67 %, 2833 MiB, 49140 MiB, 261.41 W, 300.00 W, 70, 2565 MHz
2026/09/23 03:43:26.178, 0, 70 %, 60 %, 2833 MiB, 49140 MiB, 262.14 W, 300.00 W, 69, 2625 MHz
2026/09/23 03:43:27.178, 0, 75 %, 64 %, 2833 MiB, 49140 MiB, 262.66 W, 300.00 W, 70, 2610 MHz
2026/09/23 03:43:28.179, 0, 78 %, 67 %, 2833 MiB, 49140 MiB, 263.09 W, 300.00 W, 71, 2475 MHz
2026/09/23 03:43:29.180, 0, 83 %, 69 %, 2833 MiB, 49140 MiB, 262.97 W, 300.00 W, 70, 2625 MHz
2026/09/23 03:43:30.181, 0, 81 %, 68 %, 2833 MiB, 49140 MiB, 265.92 W, 300.00 W, 71, 2595 MHz
2026/09/23 03:43:31.182, 0, 80 %, 67 %, 2833 MiB, 49140 MiB, 263.79 W, 300.00 W, 70, 2565 MHz
2026/09/23 03:43:32.182, 0, 75 %, 63 %, 2833 MiB, 49140 MiB, 264.34 W, 300.00 W, 71, 2490 MHz
2026/09/23 03:43:33.184, 0, 51 %, 29 %, 2833 MiB, 49140 MiB, 258.80 W, 300.00 W, 70, 2730 MHz
2026/09/23 03:43:34.184, 0, 0 %, 0 %, 2833 MiB, 49140 MiB, 152.33 W, 300.00 W, 65, 2745 MHz
2026/09/23 03:43:35.185, 0, 73 %, 60 %, 2833 MiB, 49140 MiB, 209.71 W, 300.00 W, 71, 2490 MHz
2026/09/23 03:43:36.186, 0, 80 %, 66 %, 2833 MiB, 49140 MiB, 263.58 W, 300.00 W, 69, 2550 MHz
2026/09/23 03:43:37.187, 0, 77 %, 66 %, 2833 MiB, 49140 MiB, 265.26 W, 300.00 W, 70, 2565 MHz
2026/09/23 03:43:38.188, 0, 77 %, 64 %, 2833 MiB, 49140 MiB, 265.92 W, 300.00 W, 69, 2625 MHz
2026/09/23 03:43:39.189, 0, 81 %, 67 %, 2833 MiB, 49140 MiB, 264.42 W, 300.00 W, 69, 2580 MHz
2026/09/23 03:43:40.190, 0, 79 %, 66 %, 2833 MiB, 49140 MiB, 266.44 W, 300.00 W, 70, 2625 MHz
2026/09/23 03:43:41.191, 0, 80 %, 67 %, 2833 MiB, 49140 MiB, 262.65 W, 300.00 W, 71, 2595 MHz
2026/09/23 03:43:42.192, 0, 82 %, 69 %, 2833 MiB, 49140 MiB, 265.39 W, 300.00 W, 69, 2595 MHz
2026/09/23 03:43:43.193, 0, 76 %, 66 %, 2833 MiB, 49140 MiB, 263.98 W, 300.00 W, 70, 2595 MHz
2026/09/23 03:43:44.194, 0, 41 %, 23 %, 2833 MiB, 49140 MiB, 255.86 W, 300.00 W, 70, 2730 MHz
2026/09/23 03:43:45.195, 0, 0 %, 0 %, 2833 MiB, 49140 MiB, 129.01 W, 300.00 W, 65, 2745 MHz
2026/09/23 03:43:46.196, 0, 79 %, 65 %, 2833 MiB, 49140 MiB, 246.99 W, 300.00 W, 70, 2625 MHz
2026/09/23 03:43:47.197, 0, 83 %, 69 %, 2833 MiB, 49140 MiB, 279.24 W, 300.00 W, 70, 2505 MHz
2026/09/23 03:43:48.198, 0, 80 %, 69 %, 2833 MiB, 49140 MiB, 278.14 W, 300.00 W, 70, 2595 MHz
2026/09/23 03:43:49.198, 0, 72 %, 60 %, 2833 MiB, 49140 MiB, 270.20 W, 300.00 W, 72, 2520 MHz
2026/09/23 03:43:50.199, 0, 78 %, 65 %, 2833 MiB, 49140 MiB, 263.48 W, 300.00 W, 70, 2610 MHz
2026/09/23 03:43:51.200, 0, 83 %, 69 %, 2833 MiB, 49140 MiB, 261.03 W, 300.00 W, 70, 2535 MHz
2026/09/23 03:43:52.200, 0, 78 %, 65 %, 2833 MiB, 49140 MiB, 261.89 W, 300.00 W, 71, 2535 MHz
2026/09/23 03:43:53.201, 0, 82 %, 69 %, 2833 MiB, 49140 MiB, 262.30 W, 300.00 W, 71, 2580 MHz
2026/09/23 03:43:54.202, 0, 83 %, 70 %, 2833 MiB, 49140 MiB, 265.43 W, 300.00 W, 70, 2520 MHz
2026/09/23 03:43:55.203, 0, 49 %, 28 %, 2833 MiB, 49140 MiB, 251.60 W, 300.00 W, 70, 2730 MHz
2026/09/23 03:43:56.203, 0, 81 %, 69 %, 2833 MiB, 49140 MiB, 124.75 W, 300.00 W, 69, 2640 MHz
2026/09/23 03:43:57.204, 0, 77 %, 65 %, 2833 MiB, 49140 MiB, 261.95 W, 300.00 W, 71, 2490 MHz
2026/09/23 03:43:58.204, 0, 76 %, 65 %, 2833 MiB, 49140 MiB, 264.30 W, 300.00 W, 71, 2595 MHz
2026/09/23 03:43:59.205, 0, 78 %, 67 %, 2833 MiB, 49140 MiB, 264.19 W, 300.00 W, 71, 2580 MHz
2026/09/23 03:44:00.206, 0, 79 %, 67 %, 2833 MiB, 49140 MiB, 264.76 W, 300.00 W, 70, 2610 MHz
2026/09/23 03:44:01.207, 0, 78 %, 68 %, 2833 MiB, 49140 MiB, 263.66 W, 300.00 W, 70, 2610 MHz
2026/09/23 03:44:02.207, 0, 85 %, 72 %, 2833 MiB, 49140 MiB, 264.92 W, 300.00 W, 71, 2520 MHz
2026/09/23 03:44:03.208, 0, 75 %, 62 %, 2833 MiB, 49140 MiB, 265.39 W, 300.00 W, 69, 2580 MHz
2026/09/23 03:44:04.208, 0, 80 %, 67 %, 2833 MiB, 49140 MiB, 266.36 W, 300.00 W, 71, 2520 MHz
2026/09/23 03:44:05.210, 0, 78 %, 67 %, 2833 MiB, 49140 MiB, 262.49 W, 300.00 W, 70, 2580 MHz
2026/09/23 03:44:06.210, 0, 0 %, 0 %, 2833 MiB, 49140 MiB, 214.44 W, 300.00 W, 66, 2730 MHz
2026/09/23 03:44:07.211, 0, 79 %, 65 %, 2833 MiB, 49140 MiB, 134.71 W, 300.00 W, 69, 2565 MHz
2026/09/23 03:44:08.212, 0, 80 %, 68 %, 2833 MiB, 49140 MiB, 264.62 W, 300.00 W, 69, 2610 MHz
2026/09/23 03:44:09.212, 0, 76 %, 66 %, 2833 MiB, 49140 MiB, 266.00 W, 300.00 W, 69, 2595 MHz
2026/09/23 03:44:10.214, 0, 80 %, 67 %, 2833 MiB, 49140 MiB, 266.01 W, 300.00 W, 72, 2550 MHz
2026/09/23 03:44:11.214, 0, 77 %, 67 %, 2833 MiB, 49140 MiB, 264.82 W, 300.00 W, 70, 2640 MHz
2026/09/23 03:44:12.215, 0, 82 %, 67 %, 2833 MiB, 49140 MiB, 265.28 W, 300.00 W, 71, 2430 MHz
2026/09/23 03:44:13.216, 0, 76 %, 65 %, 2833 MiB, 49140 MiB, 263.87 W, 300.00 W, 71, 2595 MHz
2026/09/23 03:44:14.216, 0, 81 %, 67 %, 2833 MiB, 49140 MiB, 264.26 W, 300.00 W, 70, 2550 MHz
2026/09/23 03:44:15.217, 0, 82 %, 68 %, 2833 MiB, 49140 MiB, 264.44 W, 300.00 W, 70, 2460 MHz
2026/09/23 03:44:16.218, 0, 76 %, 64 %, 2833 MiB, 49140 MiB, 264.25 W, 300.00 W, 71, 2625 MHz
2026/09/23 03:44:17.218, 0, 0 %, 0 %, 2833 MiB, 49140 MiB, 201.21 W, 300.00 W, 66, 2745 MHz
2026/09/23 03:44:18.219, 0, 79 %, 65 %, 2833 MiB, 49140 MiB, 163.42 W, 300.00 W, 70, 2565 MHz
2026/09/23 03:44:19.219, 0, 78 %, 66 %, 2833 MiB, 49140 MiB, 264.26 W, 300.00 W, 69, 2595 MHz
2026/09/23 03:44:20.220, 0, 79 %, 68 %, 2833 MiB, 49140 MiB, 264.27 W, 300.00 W, 69, 2580 MHz
2026/09/23 03:44:21.220, 0, 73 %, 62 %, 2833 MiB, 49140 MiB, 263.24 W, 300.00 W, 70, 2655 MHz
2026/09/23 03:44:22.221, 0, 83 %, 70 %, 2833 MiB, 49140 MiB, 264.42 W, 300.00 W, 70, 2460 MHz
2026/09/23 03:44:23.222, 0, 78 %, 67 %, 2833 MiB, 49140 MiB, 263.20 W, 300.00 W, 70, 2610 MHz
2026/09/23 03:44:24.222, 0, 82 %, 68 %, 2833 MiB, 49140 MiB, 263.77 W, 300.00 W, 70, 2565 MHz
2026/09/23 03:44:25.223, 0, 84 %, 70 %, 2833 MiB, 49140 MiB, 264.59 W, 300.00 W, 70, 2520 MHz
2026/09/23 03:44:26.224, 0, 71 %, 58 %, 2833 MiB, 49140 MiB, 262.62 W, 300.00 W, 72, 2610 MHz
2026/09/23 03:44:27.224, 0, 74 %, 57 %, 2833 MiB, 49140 MiB, 260.99 W, 300.00 W, 70, 2670 MHz
2026/09/23 03:44:28.225, 0, 0 %, 0 %, 2833 MiB, 49140 MiB, 171.34 W, 300.00 W, 65, 2745 MHz
2026/09/23 03:44:29.225, 0, 81 %, 68 %, 2833 MiB, 49140 MiB, 191.40 W, 300.00 W, 69, 2535 MHz
2026/09/23 03:44:30.226, 0, 78 %, 67 %, 2833 MiB, 49140 MiB, 265.49 W, 300.00 W, 71, 2580 MHz
2026/09/23 03:44:31.227, 0, 82 %, 69 %, 2833 MiB, 49140 MiB, 264.76 W, 300.00 W, 70, 2535 MHz
2026/09/23 03:44:32.228, 0, 76 %, 65 %, 2833 MiB, 49140 MiB, 264.60 W, 300.00 W, 71, 2580 MHz
2026/09/23 03:44:33.228, 0, 77 %, 64 %, 2833 MiB, 49140 MiB, 264.06 W, 300.00 W, 70, 2535 MHz
2026/09/23 03:44:34.229, 0, 76 %, 64 %, 2833 MiB, 49140 MiB, 264.88 W, 300.00 W, 71, 2595 MHz
2026/09/23 03:44:35.230, 0, 78 %, 65 %, 2833 MiB, 49140 MiB, 263.56 W, 300.00 W, 70, 2490 MHz
2026/09/23 03:44:36.231, 0, 79 %, 68 %, 2833 MiB, 49140 MiB, 265.23 W, 300.00 W, 70, 2580 MHz
2026/09/23 03:44:37.231, 0, 75 %, 62 %, 2833 MiB, 49140 MiB, 264.82 W, 300.00 W, 70, 2595 MHz
2026/09/23 03:44:38.232, 0, 48 %, 27 %, 2833 MiB, 49140 MiB, 259.52 W, 300.00 W, 71, 2730 MHz
2026/09/23 03:44:39.233, 0, 0 %, 0 %, 2833 MiB, 49140 MiB, 152.53 W, 300.00 W, 65, 2745 MHz
2026/09/23 03:44:40.233, 0, 83 %, 71 %, 2833 MiB, 49140 MiB, 201.47 W, 300.00 W, 69, 2580 MHz
2026/09/23 03:44:41.234, 0, 84 %, 69 %, 2833 MiB, 49140 MiB, 266.95 W, 300.00 W, 69, 2535 MHz
2026/09/23 03:44:42.234, 0, 81 %, 69 %, 2833 MiB, 49140 MiB, 267.19 W, 300.00 W, 70, 2475 MHz
2026/09/23 03:44:43.235, 0, 78 %, 65 %, 2833 MiB, 49140 MiB, 265.71 W, 300.00 W, 69, 2535 MHz
2026/09/23 03:44:44.236, 0, 76 %, 65 %, 2833 MiB, 49140 MiB, 265.12 W, 300.00 W, 70, 2640 MHz
2026/09/23 03:44:45.237, 0, 83 %, 70 %, 2833 MiB, 49140 MiB, 267.17 W, 300.00 W, 70, 2490 MHz
2026/09/23 03:44:46.237, 0, 74 %, 63 %, 2833 MiB, 49140 MiB, 265.80 W, 300.00 W, 70, 2640 MHz
2026/09/23 03:44:47.238, 0, 76 %, 64 %, 2833 MiB, 49140 MiB, 264.66 W, 300.00 W, 71, 2595 MHz
2026/09/23 03:44:48.239, 0, 73 %, 62 %, 2833 MiB, 49140 MiB, 264.63 W, 300.00 W, 72, 2625 MHz
2026/09/23 03:44:49.240, 0, 53 %, 30 %, 2833 MiB, 49140 MiB, 254.94 W, 300.00 W, 70, 2730 MHz
2026/09/23 03:44:50.241, 0, 0 %, 0 %, 2833 MiB, 49140 MiB, 130.92 W, 300.00 W, 65, 2745 MHz
2026/09/23 03:44:51.241, 0, 78 %, 67 %, 2833 MiB, 49140 MiB, 248.99 W, 300.00 W, 70, 2580 MHz
2026/09/23 03:44:52.242, 0, 83 %, 70 %, 2833 MiB, 49140 MiB, 277.27 W, 300.00 W, 71, 2580 MHz
2026/09/23 03:44:53.243, 0, 79 %, 67 %, 2833 MiB, 49140 MiB, 278.95 W, 300.00 W, 71, 2595 MHz
2026/09/23 03:44:54.244, 0, 77 %, 66 %, 2833 MiB, 49140 MiB, 275.21 W, 300.00 W, 72, 2535 MHz
2026/09/23 03:44:55.245, 0, 80 %, 66 %, 2833 MiB, 49140 MiB, 278.25 W, 300.00 W, 70, 2640 MHz
2026/09/23 03:44:56.246, 0, 76 %, 65 %, 2833 MiB, 49140 MiB, 275.98 W, 300.00 W, 71, 2625 MHz
2026/09/23 03:44:57.246, 0, 76 %, 64 %, 2833 MiB, 49140 MiB, 275.28 W, 300.00 W, 71, 2625 MHz
2026/09/23 03:44:58.247, 0, 83 %, 69 %, 2833 MiB, 49140 MiB, 275.65 W, 300.00 W, 70, 2565 MHz
2026/09/23 03:44:59.247, 0, 79 %, 65 %, 2833 MiB, 49140 MiB, 278.77 W, 300.00 W, 70, 2655 MHz
2026/09/23 03:45:00.248, 0, 51 %, 29 %, 2833 MiB, 49140 MiB, 256.38 W, 300.00 W, 71, 2730 MHz
2026/09/23 03:45:01.249, 0, 0 %, 0 %, 2833 MiB, 49140 MiB, 104.07 W, 300.00 W, 69, 2745 MHz
2026/09/23 03:45:02.250, 0, 74 %, 62 %, 2833 MiB, 49140 MiB, 247.51 W, 300.00 W, 70, 2460 MHz
2026/09/23 03:45:03.251, 0, 81 %, 67 %, 2833 MiB, 49140 MiB, 264.42 W, 300.00 W, 69, 2550 MHz
2026/09/23 03:45:04.252, 0, 81 %, 67 %, 2833 MiB, 49140 MiB, 266.27 W, 300.00 W, 71, 2595 MHz
2026/09/23 03:45:05.253, 0, 81 %, 67 %, 2833 MiB, 49140 MiB, 262.28 W, 300.00 W, 70, 2610 MHz
2026/09/23 03:45:06.254, 0, 82 %, 69 %, 2833 MiB, 49140 MiB, 266.55 W, 300.00 W, 71, 2580 MHz
2026/09/23 03:45:07.255, 0, 82 %, 69 %, 2833 MiB, 49140 MiB, 263.57 W, 300.00 W, 71, 2610 MHz
2026/09/23 03:45:08.255, 0, 74 %, 63 %, 2833 MiB, 49140 MiB, 263.55 W, 300.00 W, 71, 2610 MHz
2026/09/23 03:45:09.256, 0, 80 %, 66 %, 2833 MiB, 49140 MiB, 265.45 W, 300.00 W, 71, 2580 MHz
2026/09/23 03:45:10.257, 0, 78 %, 64 %, 2833 MiB, 49140 MiB, 262.84 W, 300.00 W, 71, 2550 MHz
2026/09/23 03:45:11.259, 0, 52 %, 29 %, 2833 MiB, 49140 MiB, 252.70 W, 300.00 W, 68, 2730 MHz
2026/09/23 03:45:12.259, 0, 75 %, 65 %, 2833 MiB, 49140 MiB, 121.07 W, 300.00 W, 70, 2535 MHz
2026/09/23 03:45:13.260, 0, 73 %, 62 %, 2833 MiB, 49140 MiB, 272.69 W, 300.00 W, 70, 2550 MHz
2026/09/23 03:45:14.260, 0, 79 %, 66 %, 2833 MiB, 49140 MiB, 273.70 W, 300.00 W, 70, 2610 MHz
2026/09/23 03:45:15.261, 0, 76 %, 66 %, 2833 MiB, 49140 MiB, 271.95 W, 300.00 W, 70, 2640 MHz
2026/09/23 03:45:16.262, 0, 80 %, 67 %, 2833 MiB, 49140 MiB, 275.00 W, 300.00 W, 72, 2595 MHz
2026/09/23 03:45:17.263, 0, 83 %, 70 %, 2833 MiB, 49140 MiB, 275.36 W, 300.00 W, 71, 2610 MHz
2026/09/23 03:45:18.264, 0, 80 %, 69 %, 2833 MiB, 49140 MiB, 269.64 W, 300.00 W, 71, 2505 MHz
2026/09/23 03:45:19.264, 0, 80 %, 67 %, 2833 MiB, 49140 MiB, 271.40 W, 300.00 W, 72, 2625 MHz
2026/09/23 03:45:20.266, 0, 75 %, 63 %, 2833 MiB, 49140 MiB, 270.30 W, 300.00 W, 70, 2475 MHz
2026/09/23 03:45:21.267, 0, 72 %, 61 %, 2833 MiB, 49140 MiB, 267.33 W, 300.00 W, 70, 2535 MHz
2026/09/23 03:45:22.269, 0, 42 %, 24 %, 2833 MiB, 49140 MiB, 244.32 W, 300.00 W, 67, 2730 MHz
2026/09/23 03:45:23.269, 0, 70 %, 60 %, 2833 MiB, 49140 MiB, 126.89 W, 300.00 W, 69, 2640 MHz
2026/09/23 03:45:24.270, 0, 78 %, 66 %, 2833 MiB, 49140 MiB, 265.00 W, 300.00 W, 70, 2535 MHz
2026/09/23 03:45:25.270, 0, 81 %, 66 %, 2833 MiB, 49140 MiB, 264.71 W, 300.00 W, 70, 2625 MHz
2026/09/23 03:45:26.271, 0, 85 %, 71 %, 2833 MiB, 49140 MiB, 264.35 W, 300.00 W, 70, 2490 MHz
2026/09/23 03:45:27.272, 0, 83 %, 70 %, 2833 MiB, 49140 MiB, 264.55 W, 300.00 W, 70, 2520 MHz
2026/09/23 03:45:28.273, 0, 77 %, 66 %, 2833 MiB, 49140 MiB, 263.46 W, 300.00 W, 70, 2595 MHz
2026/09/23 03:45:29.274, 0, 80 %, 66 %, 2833 MiB, 49140 MiB, 265.17 W, 300.00 W, 70, 2580 MHz
2026/09/23 03:45:30.274, 0, 82 %, 68 %, 2833 MiB, 49140 MiB, 264.47 W, 300.00 W, 72, 2610 MHz
2026/09/23 03:45:31.275, 0, 72 %, 61 %, 2833 MiB, 49140 MiB, 263.62 W, 300.00 W, 71, 2535 MHz
2026/09/23 03:45:32.276, 0, 79 %, 66 %, 2833 MiB, 49140 MiB, 264.54 W, 300.00 W, 71, 2655 MHz
2026/09/23 03:45:33.277, 0, 0 %, 0 %, 2833 MiB, 49140 MiB, 219.88 W, 300.00 W, 66, 2730 MHz
2026/09/23 03:45:34.277, 0, 80 %, 68 %, 2833 MiB, 49140 MiB, 149.48 W, 300.00 W, 70, 2580 MHz
2026/09/23 03:45:35.281, 0, 85 %, 71 %, 2833 MiB, 49140 MiB, 268.25 W, 300.00 W, 70, 2475 MHz
2026/09/23 03:45:36.282, 0, 80 %, 67 %, 2833 MiB, 49140 MiB, 272.80 W, 300.00 W, 70, 2535 MHz
2026/09/23 03:45:37.282, 0, 82 %, 69 %, 2833 MiB, 49140 MiB, 274.29 W, 300.00 W, 71, 2595 MHz
2026/09/23 03:45:38.283, 0, 80 %, 67 %, 2833 MiB, 49140 MiB, 271.97 W, 300.00 W, 71, 2580 MHz
2026/09/23 03:45:39.284, 0, 73 %, 62 %, 2833 MiB, 49140 MiB, 272.34 W, 300.00 W, 71, 2535 MHz
2026/09/23 03:45:40.284, 0, 78 %, 64 %, 2833 MiB, 49140 MiB, 272.82 W, 300.00 W, 71, 2595 MHz
2026/09/23 03:45:41.285, 0, 81 %, 68 %, 2833 MiB, 49140 MiB, 270.72 W, 300.00 W, 70, 2595 MHz
2026/09/23 03:45:42.286, 0, 81 %, 69 %, 2833 MiB, 49140 MiB, 271.67 W, 300.00 W, 70, 2535 MHz
2026/09/23 03:45:43.287, 0, 76 %, 65 %, 2833 MiB, 49140 MiB, 271.96 W, 300.00 W, 71, 2670 MHz
2026/09/23 03:45:44.287, 0, 0 %, 0 %, 2833 MiB, 49140 MiB, 185.44 W, 300.00 W, 65, 2745 MHz
2026/09/23 03:45:45.288, 0, 81 %, 69 %, 2833 MiB, 49140 MiB, 180.59 W, 300.00 W, 71, 2475 MHz
2026/09/23 03:45:46.289, 0, 77 %, 64 %, 2833 MiB, 49140 MiB, 264.23 W, 300.00 W, 69, 2625 MHz
2026/09/23 03:45:47.289, 0, 83 %, 70 %, 2833 MiB, 49140 MiB, 264.52 W, 300.00 W, 70, 2610 MHz
2026/09/23 03:45:48.290, 0, 80 %, 69 %, 2833 MiB, 49140 MiB, 265.00 W, 300.00 W, 70, 2625 MHz
2026/09/23 03:45:49.291, 0, 80 %, 66 %, 2833 MiB, 49140 MiB, 264.95 W, 300.00 W, 71, 2580 MHz
2026/09/23 03:45:50.291, 0, 83 %, 70 %, 2833 MiB, 49140 MiB, 264.67 W, 300.00 W, 71, 2520 MHz
2026/09/23 03:45:51.292, 0, 78 %, 66 %, 2833 MiB, 49140 MiB, 265.74 W, 300.00 W, 71, 2580 MHz
2026/09/23 03:45:52.293, 0, 83 %, 69 %, 2833 MiB, 49140 MiB, 266.85 W, 300.00 W, 70, 2550 MHz
2026/09/23 03:45:53.294, 0, 76 %, 64 %, 2833 MiB, 49140 MiB, 263.92 W, 300.00 W, 70, 2655 MHz
2026/09/23 03:45:54.295, 0, 48 %, 28 %, 2833 MiB, 49140 MiB, 259.78 W, 300.00 W, 71, 2730 MHz
2026/09/23 03:45:55.296, 0, 0 %, 0 %, 2833 MiB, 49140 MiB, 160.70 W, 300.00 W, 65, 2745 MHz
2026/09/23 03:45:56.296, 0, 82 %, 69 %, 2833 MiB, 49140 MiB, 195.93 W, 300.00 W, 70, 2580 MHz
2026/09/23 03:45:57.297, 0, 77 %, 65 %, 2833 MiB, 49140 MiB, 262.16 W, 300.00 W, 69, 2580 MHz
2026/09/23 03:45:58.298, 0, 82 %, 68 %, 2833 MiB, 49140 MiB, 265.48 W, 300.00 W, 70, 2550 MHz
2026/09/23 03:45:59.298, 0, 76 %, 64 %, 2833 MiB, 49140 MiB, 262.35 W, 300.00 W, 69, 2580 MHz
2026/09/23 03:46:00.299, 0, 81 %, 68 %, 2833 MiB, 49140 MiB, 263.38 W, 300.00 W, 71, 2460 MHz
2026/09/23 03:46:01.300, 0, 84 %, 72 %, 2833 MiB, 49140 MiB, 263.44 W, 300.00 W, 70, 2535 MHz
2026/09/23 03:46:02.301, 0, 78 %, 66 %, 2833 MiB, 49140 MiB, 265.53 W, 300.00 W, 70, 2580 MHz
2026/09/23 03:46:03.302, 0, 76 %, 64 %, 2833 MiB, 49140 MiB, 265.48 W, 300.00 W, 71, 2595 MHz
2026/09/23 03:46:04.303, 0, 79 %, 66 %, 2833 MiB, 49140 MiB, 264.46 W, 300.00 W, 72, 2490 MHz
2026/09/23 03:46:05.303, 0, 41 %, 23 %, 2833 MiB, 49140 MiB, 257.42 W, 300.00 W, 71, 2715 MHz
2026/09/23 03:46:06.304, 0, 0 %, 0 %, 2833 MiB, 49140 MiB, 140.17 W, 300.00 W, 65, 2745 MHz
2026/09/23 03:46:07.304, 0, 76 %, 63 %, 2833 MiB, 49140 MiB, 224.06 W, 300.00 W, 70, 2565 MHz
2026/09/23 03:46:08.305, 0, 82 %, 69 %, 2833 MiB, 49140 MiB, 261.03 W, 300.00 W, 71, 2475 MHz
2026/09/23 03:46:09.305, 0, 79 %, 66 %, 2833 MiB, 49140 MiB, 265.09 W, 300.00 W, 70, 2565 MHz
2026/09/23 03:46:10.306, 0, 79 %, 66 %, 2833 MiB, 49140 MiB, 262.63 W, 300.00 W, 70, 2535 MHz
2026/09/23 03:46:11.307, 0, 79 %, 68 %, 2833 MiB, 49140 MiB, 264.23 W, 300.00 W, 70, 2625 MHz
2026/09/23 03:46:12.308, 0, 78 %, 64 %, 2833 MiB, 49140 MiB, 266.24 W, 300.00 W, 71, 2535 MHz
2026/09/23 03:46:13.308, 0, 75 %, 64 %, 2833 MiB, 49140 MiB, 262.63 W, 300.00 W, 69, 2655 MHz
2026/09/23 03:46:14.309, 0, 82 %, 70 %, 2833 MiB, 49140 MiB, 265.22 W, 300.00 W, 70, 2550 MHz
2026/09/23 03:46:15.311, 0, 73 %, 61 %, 2833 MiB, 49140 MiB, 262.78 W, 300.00 W, 70, 2655 MHz
2026/09/23 03:46:16.311, 0, 52 %, 30 %, 2833 MiB, 49140 MiB, 257.69 W, 300.00 W, 71, 2730 MHz
2026/09/23 03:46:17.312, 0, 0 %, 0 %, 2833 MiB, 49140 MiB, 125.36 W, 300.00 W, 65, 2745 MHz
2026/09/23 03:46:18.314, 0, 81 %, 68 %, 2833 MiB, 49140 MiB, 245.78 W, 300.00 W, 71, 2595 MHz
2026/09/23 03:46:19.314, 0, 73 %, 64 %, 2833 MiB, 49140 MiB, 273.85 W, 300.00 W, 70, 2625 MHz
2026/09/23 03:46:20.315, 0, 79 %, 66 %, 2833 MiB, 49140 MiB, 274.99 W, 300.00 W, 69, 2640 MHz
2026/09/23 03:46:21.316, 0, 74 %, 61 %, 2833 MiB, 49140 MiB, 274.91 W, 300.00 W, 72, 2535 MHz
2026/09/23 03:46:22.316, 0, 80 %, 69 %, 2833 MiB, 49140 MiB, 274.22 W, 300.00 W, 70, 2625 MHz
2026/09/23 03:46:23.317, 0, 78 %, 67 %, 2833 MiB, 49140 MiB, 275.35 W, 300.00 W, 70, 2595 MHz
2026/09/23 03:46:24.318, 0, 81 %, 67 %, 2833 MiB, 49140 MiB, 273.48 W, 300.00 W, 72, 2475 MHz
2026/09/23 03:46:25.319, 0, 77 %, 66 %, 2833 MiB, 49140 MiB, 269.23 W, 300.00 W, 70, 2565 MHz
2026/09/23 03:46:26.319, 0, 75 %, 64 %, 2833 MiB, 49140 MiB, 268.60 W, 300.00 W, 70, 2610 MHz
2026/09/23 03:46:27.320, 0, 52 %, 30 %, 2833 MiB, 49140 MiB, 252.13 W, 300.00 W, 71, 2730 MHz
2026/09/23 03:46:28.322, 0, 78 %, 65 %, 2833 MiB, 49140 MiB, 128.35 W, 300.00 W, 69, 2595 MHz
2026/09/23 03:46:29.322, 0, 80 %, 67 %, 2833 MiB, 49140 MiB, 274.88 W, 300.00 W, 71, 2580 MHz
2026/09/23 03:46:30.323, 0, 75 %, 64 %, 2833 MiB, 49140 MiB, 276.36 W, 300.00 W, 70, 2655 MHz
2026/09/23 03:46:31.324, 0, 78 %, 66 %, 2833 MiB, 49140 MiB, 274.23 W, 300.00 W, 70, 2610 MHz
2026/09/23 03:46:32.325, 0, 75 %, 64 %, 2833 MiB, 49140 MiB, 276.47 W, 300.00 W, 70, 2475 MHz
2026/09/23 03:46:33.325, 0, 81 %, 67 %, 2833 MiB, 49140 MiB, 275.94 W, 300.00 W, 70, 2640 MHz
2026/09/23 03:46:34.326, 0, 78 %, 68 %, 2833 MiB, 49140 MiB, 274.54 W, 300.00 W, 70, 2580 MHz
2026/09/23 03:46:35.327, 0, 83 %, 71 %, 2833 MiB, 49140 MiB, 277.33 W, 300.00 W, 71, 2640 MHz
2026/09/23 03:46:36.328, 0, 77 %, 66 %, 2833 MiB, 49140 MiB, 274.48 W, 300.00 W, 70, 2550 MHz
2026/09/23 03:46:37.328, 0, 84 %, 71 %, 2833 MiB, 49140 MiB, 276.04 W, 300.00 W, 71, 2520 MHz
2026/09/23 03:46:38.329, 0, 0 %, 0 %, 2833 MiB, 49140 MiB, 231.87 W, 300.00 W, 66, 2745 MHz
2026/09/23 03:46:39.330, 0, 77 %, 66 %, 2833 MiB, 49140 MiB, 138.96 W, 300.00 W, 70, 2610 MHz
2026/09/23 03:46:40.331, 0, 70 %, 58 %, 2833 MiB, 49140 MiB, 261.86 W, 300.00 W, 70, 2520 MHz
2026/09/23 03:46:41.332, 0, 83 %, 69 %, 2833 MiB, 49140 MiB, 264.50 W, 300.00 W, 71, 2535 MHz
2026/09/23 03:46:42.333, 0, 83 %, 69 %, 2833 MiB, 49140 MiB, 265.98 W, 300.00 W, 71, 2520 MHz
2026/09/23 03:46:43.334, 0, 76 %, 65 %, 2833 MiB, 49140 MiB, 263.77 W, 300.00 W, 70, 2460 MHz
2026/09/23 03:46:44.334, 0, 78 %, 65 %, 2833 MiB, 49140 MiB, 264.01 W, 300.00 W, 71, 2610 MHz
2026/09/23 03:46:45.335, 0, 79 %, 68 %, 2833 MiB, 49140 MiB, 265.05 W, 300.00 W, 71, 2475 MHz
2026/09/23 03:46:46.336, 0, 75 %, 63 %, 2833 MiB, 49140 MiB, 264.66 W, 300.00 W, 70, 2550 MHz
2026/09/23 03:46:47.337, 0, 84 %, 71 %, 2833 MiB, 49140 MiB, 264.35 W, 300.00 W, 70, 2460 MHz
2026/09/23 03:46:48.337, 0, 88 %, 74 %, 2833 MiB, 49140 MiB, 265.91 W, 300.00 W, 70, 2460 MHz
2026/09/23 03:46:49.338, 0, 0 %, 0 %, 2833 MiB, 49140 MiB, 196.19 W, 300.00 W, 65, 2745 MHz
2026/09/23 03:46:50.338, 0, 0 %, 0 %, 2833 MiB, 49140 MiB, 85.03 W, 300.00 W, 65, 2745 MHz
2026/09/23 03:46:51.339, 0, 76 %, 64 %, 2833 MiB, 49140 MiB, 203.12 W, 300.00 W, 69, 2535 MHz
2026/09/23 03:46:52.339, 0, 77 %, 65 %, 2833 MiB, 49140 MiB, 263.50 W, 300.00 W, 69, 2535 MHz
2026/09/23 03:46:53.340, 0, 82 %, 69 %, 2833 MiB, 49140 MiB, 264.77 W, 300.00 W, 71, 2550 MHz
2026/09/23 03:46:54.341, 0, 77 %, 67 %, 2833 MiB, 49140 MiB, 262.96 W, 300.00 W, 70, 2550 MHz
2026/09/23 03:46:55.342, 0, 81 %, 68 %, 2833 MiB, 49140 MiB, 266.23 W, 300.00 W, 70, 2685 MHz
2026/09/23 03:46:56.342, 0, 75 %, 64 %, 2833 MiB, 49140 MiB, 264.52 W, 300.00 W, 70, 2550 MHz
2026/09/23 03:46:57.343, 0, 75 %, 63 %, 2833 MiB, 49140 MiB, 262.62 W, 300.00 W, 70, 2580 MHz
2026/09/23 03:46:58.345, 0, 80 %, 68 %, 2833 MiB, 49140 MiB, 265.45 W, 300.00 W, 69, 2565 MHz
2026/09/23 03:46:59.346, 0, 78 %, 66 %, 2833 MiB, 49140 MiB, 265.08 W, 300.00 W, 70, 2610 MHz
2026/09/23 03:47:00.346, 0, 47 %, 27 %, 2833 MiB, 49140 MiB, 256.76 W, 300.00 W, 71, 2685 MHz
2026/09/23 03:47:01.347, 0, 0 %, 0 %, 2833 MiB, 49140 MiB, 133.62 W, 300.00 W, 64, 2625 MHz
2026/09/23 03:47:02.348, 0, 78 %, 65 %, 2833 MiB, 49140 MiB, 225.10 W, 300.00 W, 70, 2610 MHz
2026/09/23 03:47:03.348, 0, 83 %, 69 %, 2833 MiB, 49140 MiB, 267.18 W, 300.00 W, 69, 2565 MHz
2026/09/23 03:47:04.349, 0, 75 %, 63 %, 2833 MiB, 49140 MiB, 266.58 W, 300.00 W, 70, 2550 MHz
2026/09/23 03:47:05.350, 0, 81 %, 69 %, 2833 MiB, 49140 MiB, 267.87 W, 300.00 W, 71, 2490 MHz
2026/09/23 03:47:06.351, 0, 83 %, 68 %, 2833 MiB, 49140 MiB, 267.52 W, 300.00 W, 70, 2535 MHz
2026/09/23 03:47:07.352, 0, 78 %, 66 %, 2833 MiB, 49140 MiB, 266.87 W, 300.00 W, 71, 2595 MHz
2026/09/23 03:47:08.353, 0, 77 %, 65 %, 2833 MiB, 49140 MiB, 266.76 W, 300.00 W, 71, 2475 MHz
2026/09/23 03:47:09.354, 0, 78 %, 66 %, 2833 MiB, 49140 MiB, 267.20 W, 300.00 W, 71, 2640 MHz
2026/09/23 03:47:10.355, 0, 75 %, 63 %, 2833 MiB, 49140 MiB, 266.04 W, 300.00 W, 71, 2490 MHz
2026/09/23 03:47:11.356, 0, 50 %, 29 %, 2833 MiB, 49140 MiB, 256.35 W, 300.00 W, 70, 2730 MHz
2026/09/23 03:47:12.356, 0, 0 %, 0 %, 2833 MiB, 49140 MiB, 119.57 W, 300.00 W, 65, 2745 MHz
2026/09/23 03:47:13.357, 0, 69 %, 58 %, 2833 MiB, 49140 MiB, 229.33 W, 300.00 W, 70, 2490 MHz
2026/09/23 03:47:14.358, 0, 77 %, 64 %, 2833 MiB, 49140 MiB, 259.65 W, 300.00 W, 69, 2610 MHz
2026/09/23 03:47:15.359, 0, 77 %, 65 %, 2833 MiB, 49140 MiB, 264.89 W, 300.00 W, 69, 2535 MHz
2026/09/23 03:47:16.360, 0, 83 %, 71 %, 2833 MiB, 49140 MiB, 264.92 W, 300.00 W, 70, 2565 MHz
2026/09/23 03:47:17.361, 0, 79 %, 67 %, 2833 MiB, 49140 MiB, 264.83 W, 300.00 W, 70, 2580 MHz
2026/09/23 03:47:18.361, 0, 79 %, 67 %, 2833 MiB, 49140 MiB, 265.31 W, 300.00 W, 70, 2565 MHz
2026/09/23 03:47:19.362, 0, 82 %, 69 %, 2833 MiB, 49140 MiB, 264.73 W, 300.00 W, 71, 2640 MHz
2026/09/23 03:47:20.363, 0, 84 %, 71 %, 2833 MiB, 49140 MiB, 261.35 W, 300.00 W, 70, 2535 MHz
2026/09/23 03:47:21.364, 0, 79 %, 66 %, 2833 MiB, 49140 MiB, 265.68 W, 300.00 W, 71, 2625 MHz
2026/09/23 03:47:22.365, 0, 48 %, 28 %, 2833 MiB, 49140 MiB, 254.22 W, 300.00 W, 70, 2730 MHz
2026/09/23 03:47:23.365, 0, 32 %, 27 %, 2833 MiB, 49140 MiB, 123.36 W, 300.00 W, 69, 2595 MHz
2026/09/23 03:47:24.366, 0, 79 %, 68 %, 2833 MiB, 49140 MiB, 253.44 W, 300.00 W, 69, 2520 MHz
2026/09/23 03:47:25.367, 0, 85 %, 72 %, 2833 MiB, 49140 MiB, 266.04 W, 300.00 W, 71, 2595 MHz
2026/09/23 03:47:26.368, 0, 82 %, 70 %, 2833 MiB, 49140 MiB, 264.88 W, 300.00 W, 71, 2580 MHz
2026/09/23 03:47:27.369, 0, 80 %, 67 %, 2833 MiB, 49140 MiB, 265.73 W, 300.00 W, 71, 2460 MHz
2026/09/23 03:47:28.369, 0, 80 %, 69 %, 2833 MiB, 49140 MiB, 263.86 W, 300.00 W, 69, 2640 MHz
2026/09/23 03:47:29.370, 0, 77 %, 66 %, 2833 MiB, 49140 MiB, 262.08 W, 300.00 W, 70, 2595 MHz
2026/09/23 03:47:30.371, 0, 82 %, 67 %, 2833 MiB, 49140 MiB, 265.45 W, 300.00 W, 71, 2505 MHz
2026/09/23 03:47:31.372, 0, 80 %, 67 %, 2833 MiB, 49140 MiB, 263.65 W, 300.00 W, 71, 2475 MHz
2026/09/23 03:47:32.372, 0, 81 %, 69 %, 2833 MiB, 49140 MiB, 265.86 W, 300.00 W, 70, 2625 MHz
2026/09/23 03:47:33.373, 0, 38 %, 22 %, 2833 MiB, 49140 MiB, 250.62 W, 300.00 W, 67, 2730 MHz
2026/09/23 03:47:34.373, 0, 82 %, 69 %, 2833 MiB, 49140 MiB, 127.51 W, 300.00 W, 70, 2625 MHz
2026/09/23 03:47:35.375, 0, 76 %, 63 %, 2833 MiB, 49140 MiB, 264.38 W, 300.00 W, 70, 2550 MHz
2026/09/23 03:47:36.375, 0, 74 %, 64 %, 2833 MiB, 49140 MiB, 265.58 W, 300.00 W, 69, 2580 MHz
2026/09/23 03:47:37.376, 0, 84 %, 69 %, 2833 MiB, 49140 MiB, 265.70 W, 300.00 W, 71, 2505 MHz
2026/09/23 03:47:38.377, 0, 82 %, 68 %, 2833 MiB, 49140 MiB, 262.44 W, 300.00 W, 69, 2595 MHz
2026/09/23 03:47:39.378, 0, 79 %, 66 %, 2833 MiB, 49140 MiB, 265.75 W, 300.00 W, 72, 2505 MHz
2026/09/23 03:47:40.378, 0, 77 %, 65 %, 2833 MiB, 49140 MiB, 262.83 W, 300.00 W, 70, 2625 MHz
2026/09/23 03:47:41.379, 0, 77 %, 65 %, 2833 MiB, 49140 MiB, 261.53 W, 300.00 W, 71, 2535 MHz
2026/09/23 03:47:42.379, 0, 82 %, 69 %, 2833 MiB, 49140 MiB, 264.66 W, 300.00 W, 71, 2520 MHz
2026/09/23 03:47:43.380, 0, 74 %, 62 %, 2833 MiB, 49140 MiB, 264.47 W, 300.00 W, 70, 2565 MHz
2026/09/23 03:47:44.380, 0, 0 %, 0 %, 2833 MiB, 49140 MiB, 202.70 W, 300.00 W, 66, 2745 MHz
2026/09/23 03:47:45.382, 0, 79 %, 67 %, 2833 MiB, 49140 MiB, 151.81 W, 300.00 W, 68, 2625 MHz
2026/09/23 03:47:46.383, 0, 83 %, 71 %, 2833 MiB, 49140 MiB, 263.81 W, 300.00 W, 70, 2580 MHz
2026/09/23 03:47:47.383, 0, 74 %, 63 %, 2833 MiB, 49140 MiB, 264.64 W, 300.00 W, 69, 2610 MHz
2026/09/23 03:47:48.384, 0, 79 %, 68 %, 2833 MiB, 49140 MiB, 266.67 W, 300.00 W, 70, 2595 MHz
2026/09/23 03:47:49.385, 0, 80 %, 66 %, 2833 MiB, 49140 MiB, 264.58 W, 300.00 W, 71, 2535 MHz
2026/09/23 03:47:50.386, 0, 77 %, 66 %, 2833 MiB, 49140 MiB, 263.80 W, 300.00 W, 70, 2550 MHz
2026/09/23 03:47:51.386, 0, 82 %, 70 %, 2833 MiB, 49140 MiB, 265.24 W, 300.00 W, 70, 2565 MHz
2026/09/23 03:47:52.388, 0, 74 %, 62 %, 2833 MiB, 49140 MiB, 264.27 W, 300.00 W, 71, 2595 MHz
2026/09/23 03:47:53.389, 0, 79 %, 68 %, 2833 MiB, 49140 MiB, 266.24 W, 300.00 W, 70, 2640 MHz
2026/09/23 03:47:54.390, 0, 84 %, 72 %, 2833 MiB, 49140 MiB, 264.04 W, 300.00 W, 70, 2505 MHz
2026/09/23 03:47:55.391, 0, 0 %, 0 %, 2833 MiB, 49140 MiB, 177.27 W, 300.00 W, 65, 2625 MHz
2026/09/23 03:47:56.391, 0, 76 %, 63 %, 2833 MiB, 49140 MiB, 169.29 W, 300.00 W, 70, 2625 MHz
2026/09/23 03:47:57.392, 0, 79 %, 68 %, 2833 MiB, 49140 MiB, 267.33 W, 300.00 W, 69, 2565 MHz
2026/09/23 03:47:58.392, 0, 82 %, 69 %, 2833 MiB, 49140 MiB, 264.18 W, 300.00 W, 71, 2580 MHz
2026/09/23 03:47:59.394, 0, 72 %, 63 %, 2833 MiB, 49140 MiB, 263.75 W, 300.00 W, 71, 2640 MHz
2026/09/23 03:48:00.395, 0, 77 %, 65 %, 2833 MiB, 49140 MiB, 264.38 W, 300.00 W, 70, 2625 MHz
2026/09/23 03:48:01.397, 0, 77 %, 64 %, 2833 MiB, 49140 MiB, 264.10 W, 300.00 W, 70, 2565 MHz
2026/09/23 03:48:02.398, 0, 80 %, 67 %, 2833 MiB, 49140 MiB, 265.09 W, 300.00 W, 69, 2520 MHz
2026/09/23 03:48:03.399, 0, 77 %, 65 %, 2833 MiB, 49140 MiB, 265.04 W, 300.00 W, 69, 2610 MHz
2026/09/23 03:48:04.399, 0, 79 %, 66 %, 2833 MiB, 49140 MiB, 263.13 W, 300.00 W, 70, 2610 MHz
2026/09/23 03:48:05.400, 0, 49 %, 28 %, 2833 MiB, 49140 MiB, 260.40 W, 300.00 W, 70, 2715 MHz
2026/09/23 03:48:06.401, 0, 0 %, 0 %, 2833 MiB, 49140 MiB, 161.44 W, 300.00 W, 65, 2745 MHz
2026/09/23 03:48:07.402, 0, 75 %, 62 %, 2833 MiB, 49140 MiB, 194.92 W, 300.00 W, 69, 2640 MHz
2026/09/23 03:48:08.402, 0, 78 %, 65 %, 2833 MiB, 49140 MiB, 266.01 W, 300.00 W, 69, 2535 MHz
2026/09/23 03:48:09.403, 0, 79 %, 67 %, 2833 MiB, 49140 MiB, 265.13 W, 300.00 W, 71, 2610 MHz
2026/09/23 03:48:10.404, 0, 80 %, 68 %, 2833 MiB, 49140 MiB, 264.22 W, 300.00 W, 70, 2625 MHz
2026/09/23 03:48:11.405, 0, 74 %, 63 %, 2833 MiB, 49140 MiB, 265.07 W, 300.00 W, 69, 2640 MHz
2026/09/23 03:48:12.405, 0, 83 %, 69 %, 2833 MiB, 49140 MiB, 264.16 W, 300.00 W, 71, 2520 MHz
2026/09/23 03:48:13.406, 0, 82 %, 69 %, 2833 MiB, 49140 MiB, 266.78 W, 300.00 W, 70, 2550 MHz
2026/09/23 03:48:14.407, 0, 75 %, 64 %, 2833 MiB, 49140 MiB, 264.35 W, 300.00 W, 70, 2580 MHz
2026/09/23 03:48:15.408, 0, 84 %, 71 %, 2833 MiB, 49140 MiB, 267.70 W, 300.00 W, 70, 2550 MHz
2026/09/23 03:48:16.409, 0, 47 %, 27 %, 2833 MiB, 49140 MiB, 257.82 W, 300.00 W, 70, 2730 MHz
2026/09/23 03:48:17.410, 0, 0 %, 0 %, 2833 MiB, 49140 MiB, 143.51 W, 300.00 W, 65, 2745 MHz
2026/09/23 03:48:18.411, 0, 81 %, 69 %, 2833 MiB, 49140 MiB, 228.29 W, 300.00 W, 69, 2490 MHz
2026/09/23 03:48:19.411, 0, 82 %, 70 %, 2833 MiB, 49140 MiB, 277.74 W, 300.00 W, 70, 2475 MHz
2026/09/23 03:48:20.412, 0, 81 %, 69 %, 2833 MiB, 49140 MiB, 275.39 W, 300.00 W, 71, 2610 MHz
2026/09/23 03:48:21.413, 0, 81 %, 69 %, 2833 MiB, 49140 MiB, 276.47 W, 300.00 W, 71, 2490 MHz
2026/09/23 03:48:22.414, 0, 72 %, 60 %, 2833 MiB, 49140 MiB, 269.92 W, 300.00 W, 71, 2580 MHz
2026/09/23 03:48:23.414, 0, 78 %, 67 %, 2833 MiB, 49140 MiB, 272.66 W, 300.00 W, 71, 2520 MHz
2026/09/23 03:48:24.415, 0, 80 %, 66 %, 2833 MiB, 49140 MiB, 275.50 W, 300.00 W, 71, 2565 MHz
2026/09/23 03:48:25.417, 0, 80 %, 68 %, 2833 MiB, 49140 MiB, 273.60 W, 300.00 W, 70, 2505 MHz
2026/09/23 03:48:26.417, 0, 74 %, 63 %, 2833 MiB, 49140 MiB, 275.32 W, 300.00 W, 72, 2625 MHz
2026/09/23 03:48:27.418, 0, 41 %, 23 %, 2833 MiB, 49140 MiB, 257.90 W, 300.00 W, 71, 2730 MHz
2026/09/23 03:48:28.419, 0, 0 %, 0 %, 2833 MiB, 49140 MiB, 127.82 W, 300.00 W, 65, 2745 MHz
2026/09/23 03:48:29.420, 0, 78 %, 66 %, 2833 MiB, 49140 MiB, 247.81 W, 300.00 W, 70, 2520 MHz
2026/09/23 03:48:30.420, 0, 79 %, 65 %, 2833 MiB, 49140 MiB, 276.09 W, 300.00 W, 71, 2550 MHz
2026/09/23 03:48:31.422, 0, 82 %, 68 %, 2833 MiB, 49140 MiB, 268.20 W, 300.00 W, 70, 2565 MHz
2026/09/23 03:48:32.422, 0, 80 %, 67 %, 2833 MiB, 49140 MiB, 267.73 W, 300.00 W, 70, 2550 MHz
2026/09/23 03:48:33.423, 0, 80 %, 66 %, 2833 MiB, 49140 MiB, 270.33 W, 300.00 W, 70, 2550 MHz
2026/09/23 03:48:34.425, 0, 78 %, 67 %, 2833 MiB, 49140 MiB, 269.29 W, 300.00 W, 70, 2520 MHz
2026/09/23 03:48:35.426, 0, 72 %, 61 %, 2833 MiB, 49140 MiB, 268.36 W, 300.00 W, 72, 2625 MHz
2026/09/23 03:48:36.427, 0, 82 %, 68 %, 2833 MiB, 49140 MiB, 267.86 W, 300.00 W, 70, 2460 MHz
2026/09/23 03:48:37.427, 0, 77 %, 66 %, 2833 MiB, 49140 MiB, 270.73 W, 300.00 W, 72, 2610 MHz
2026/09/23 03:48:38.428, 0, 50 %, 28 %, 2833 MiB, 49140 MiB, 254.34 W, 300.00 W, 70, 2730 MHz
2026/09/23 03:48:39.428, 0, 83 %, 70 %, 2833 MiB, 49140 MiB, 123.85 W, 300.00 W, 69, 2580 MHz
2026/09/23 03:48:40.429, 0, 75 %, 61 %, 2833 MiB, 49140 MiB, 267.81 W, 300.00 W, 71, 2595 MHz
2026/09/23 03:48:41.430, 0, 79 %, 66 %, 2833 MiB, 49140 MiB, 271.50 W, 300.00 W, 70, 2595 MHz
2026/09/23 03:48:42.431, 0, 77 %, 65 %, 2833 MiB, 49140 MiB, 273.12 W, 300.00 W, 70, 2625 MHz
2026/09/23 03:48:43.431, 0, 79 %, 68 %, 2833 MiB, 49140 MiB, 272.34 W, 300.00 W, 70, 2625 MHz
2026/09/23 03:48:44.433, 0, 79 %, 67 %, 2833 MiB, 49140 MiB, 273.35 W, 300.00 W, 71, 2475 MHz
2026/09/23 03:48:45.434, 0, 79 %, 67 %, 2833 MiB, 49140 MiB, 273.52 W, 300.00 W, 71, 2475 MHz
2026/09/23 03:48:46.435, 0, 82 %, 70 %, 2833 MiB, 49140 MiB, 270.24 W, 300.00 W, 72, 2580 MHz
2026/09/23 03:48:47.436, 0, 78 %, 65 %, 2833 MiB, 49140 MiB, 270.59 W, 300.00 W, 70, 2595 MHz
2026/09/23 03:48:48.437, 0, 76 %, 66 %, 2833 MiB, 49140 MiB, 273.85 W, 300.00 W, 72, 2595 MHz
2026/09/23 03:48:49.437, 0, 0 %, 0 %, 2833 MiB, 49140 MiB, 235.59 W, 300.00 W, 67, 2730 MHz
2026/09/23 03:48:50.438, 0, 81 %, 67 %, 2833 MiB, 49140 MiB, 126.56 W, 300.00 W, 70, 2505 MHz
2026/09/23 03:48:51.438, 0, 70 %, 60 %, 2833 MiB, 49140 MiB, 264.41 W, 300.00 W, 70, 2580 MHz
2026/09/23 03:48:52.439, 0, 80 %, 69 %, 2833 MiB, 49140 MiB, 260.29 W, 300.00 W, 70, 2610 MHz
2026/09/23 03:48:53.440, 0, 80 %, 69 %, 2833 MiB, 49140 MiB, 265.30 W, 300.00 W, 70, 2565 MHz
2026/09/23 03:48:54.441, 0, 71 %, 61 %, 2833 MiB, 49140 MiB, 266.51 W, 300.00 W, 70, 2640 MHz
2026/09/23 03:48:55.441, 0, 78 %, 66 %, 2833 MiB, 49140 MiB, 263.54 W, 300.00 W, 70, 2460 MHz
2026/09/23 03:48:56.442, 0, 75 %, 64 %, 2833 MiB, 49140 MiB, 262.51 W, 300.00 W, 69, 2595 MHz
2026/09/23 03:48:57.443, 0, 75 %, 64 %, 2833 MiB, 49140 MiB, 262.70 W, 300.00 W, 70, 2610 MHz
2026/09/23 03:48:58.444, 0, 81 %, 67 %, 2833 MiB, 49140 MiB, 265.45 W, 300.00 W, 70, 2580 MHz
2026/09/23 03:48:59.444, 0, 79 %, 66 %, 2833 MiB, 49140 MiB, 265.95 W, 300.00 W, 71, 2460 MHz
2026/09/23 03:49:00.445, 0, 0 %, 0 %, 2833 MiB, 49140 MiB, 209.99 W, 300.00 W, 66, 2745 MHz
2026/09/23 03:49:01.445, 0, 74 %, 60 %, 2833 MiB, 49140 MiB, 152.91 W, 300.00 W, 69, 2640 MHz
2026/09/23 03:49:02.446, 0, 75 %, 63 %, 2833 MiB, 49140 MiB, 263.18 W, 300.00 W, 71, 2580 MHz
2026/09/23 03:49:03.448, 0, 78 %, 66 %, 2833 MiB, 49140 MiB, 262.61 W, 300.00 W, 70, 2550 MHz
2026/09/23 03:49:04.449, 0, 82 %, 68 %, 2833 MiB, 49140 MiB, 263.13 W, 300.00 W, 70, 2550 MHz
2026/09/23 03:49:05.450, 0, 73 %, 62 %, 2833 MiB, 49140 MiB, 265.19 W, 300.00 W, 71, 2595 MHz
2026/09/23 03:49:06.450, 0, 73 %, 62 %, 2833 MiB, 49140 MiB, 260.16 W, 300.00 W, 71, 2610 MHz
2026/09/23 03:49:07.451, 0, 80 %, 66 %, 2833 MiB, 49140 MiB, 262.37 W, 300.00 W, 71, 2475 MHz
2026/09/23 03:49:08.451, 0, 80 %, 67 %, 2833 MiB, 49140 MiB, 262.72 W, 300.00 W, 70, 2490 MHz
2026/09/23 03:49:09.452, 0, 79 %, 67 %, 2833 MiB, 49140 MiB, 265.12 W, 300.00 W, 70, 2610 MHz
2026/09/23 03:49:10.452, 0, 83 %, 69 %, 2833 MiB, 49140 MiB, 264.45 W, 300.00 W, 70, 2505 MHz
2026/09/23 03:49:11.453, 0, 0 %, 0 %, 2833 MiB, 49140 MiB, 196.06 W, 300.00 W, 66, 2730 MHz
2026/09/23 03:49:12.453, 0, 80 %, 67 %, 2833 MiB, 49140 MiB, 157.11 W, 300.00 W, 69, 2595 MHz
2026/09/23 03:49:13.454, 0, 79 %, 67 %, 2833 MiB, 49140 MiB, 271.23 W, 300.00 W, 70, 2565 MHz
2026/09/23 03:49:14.455, 0, 80 %, 66 %, 2833 MiB, 49140 MiB, 268.87 W, 300.00 W, 69, 2640 MHz
2026/09/23 03:49:15.456, 0, 79 %, 66 %, 2833 MiB, 49140 MiB, 270.03 W, 300.00 W, 70, 2535 MHz
2026/09/23 03:49:16.457, 0, 80 %, 68 %, 2833 MiB, 49140 MiB, 270.46 W, 300.00 W, 71, 2490 MHz
2026/09/23 03:49:17.458, 0, 72 %, 62 %, 2833 MiB, 49140 MiB, 268.72 W, 300.00 W, 71, 2595 MHz
2026/09/23 03:49:18.459, 0, 83 %, 70 %, 2833 MiB, 49140 MiB, 269.90 W, 300.00 W, 70, 2580 MHz
2026/09/23 03:49:19.459, 0, 73 %, 60 %, 2833 MiB, 49140 MiB, 268.94 W, 300.00 W, 70, 2640 MHz
2026/09/23 03:49:20.460, 0, 76 %, 64 %, 2833 MiB, 49140 MiB, 269.20 W, 300.00 W, 70, 2580 MHz
2026/09/23 03:49:21.460, 0, 74 %, 61 %, 2833 MiB, 49140 MiB, 269.06 W, 300.00 W, 70, 2610 MHz
2026/09/23 03:49:22.462, 0, 0 %, 0 %, 2833 MiB, 49140 MiB, 181.26 W, 300.00 W, 65, 2745 MHz
2026/09/23 03:49:23.462, 0, 80 %, 68 %, 2833 MiB, 49140 MiB, 177.39 W, 300.00 W, 70, 2595 MHz
2026/09/23 03:49:24.463, 0, 78 %, 68 %, 2833 MiB, 49140 MiB, 264.81 W, 300.00 W, 70, 2475 MHz
2026/09/23 03:49:25.464, 0, 79 %, 65 %, 2833 MiB, 49140 MiB, 264.31 W, 300.00 W, 70, 2535 MHz
2026/09/23 03:49:26.464, 0, 82 %, 69 %, 2833 MiB, 49140 MiB, 262.86 W, 300.00 W, 69, 2535 MHz
2026/09/23 03:49:27.465, 0, 76 %, 65 %, 2833 MiB, 49140 MiB, 265.64 W, 300.00 W, 71, 2550 MHz
2026/09/23 03:49:28.465, 0, 77 %, 63 %, 2833 MiB, 49140 MiB, 266.45 W, 300.00 W, 70, 2610 MHz
2026/09/23 03:49:29.466, 0, 82 %, 68 %, 2833 MiB, 49140 MiB, 265.91 W, 300.00 W, 71, 2505 MHz
2026/09/23 03:49:30.467, 0, 79 %, 67 %, 2833 MiB, 49140 MiB, 264.40 W, 300.00 W, 70, 2520 MHz
2026/09/23 03:49:31.468, 0, 86 %, 72 %, 2833 MiB, 49140 MiB, 263.97 W, 300.00 W, 69, 2475 MHz
2026/09/23 03:49:32.468, 0, 51 %, 29 %, 2833 MiB, 49140 MiB, 259.88 W, 300.00 W, 70, 2730 MHz
2026/09/23 03:49:33.469, 0, 0 %, 0 %, 2833 MiB, 49140 MiB, 161.67 W, 300.00 W, 65, 2745 MHz
2026/09/23 03:49:34.470, 0, 75 %, 62 %, 2833 MiB, 49140 MiB, 199.12 W, 300.00 W, 69, 2610 MHz
2026/09/23 03:49:35.470, 0, 76 %, 62 %, 2833 MiB, 49140 MiB, 262.10 W, 300.00 W, 71, 2535 MHz
2026/09/23 03:49:36.471, 0, 81 %, 67 %, 2833 MiB, 49140 MiB, 262.20 W, 300.00 W, 69, 2595 MHz
2026/09/23 03:49:37.471, 0, 75 %, 63 %, 2833 MiB, 49140 MiB, 265.26 W, 300.00 W, 70, 2580 MHz
2026/09/23 03:49:38.473, 0, 79 %, 65 %, 2833 MiB, 49140 MiB, 265.14 W, 300.00 W, 69, 2550 MHz
2026/09/23 03:49:39.474, 0, 81 %, 69 %, 2833 MiB, 49140 MiB, 265.18 W, 300.00 W, 71, 2625 MHz
2026/09/23 03:49:40.476, 0, 82 %, 68 %, 2833 MiB, 49140 MiB, 264.32 W, 300.00 W, 70, 2520 MHz
2026/09/23 03:49:41.477, 0, 83 %, 70 %, 2833 MiB, 49140 MiB, 265.46 W, 300.00 W, 70, 2550 MHz
2026/09/23 03:49:42.477, 0, 79 %, 65 %, 2833 MiB, 49140 MiB, 263.67 W, 300.00 W, 69, 2565 MHz
2026/09/23 03:49:43.478, 0, 52 %, 29 %, 2833 MiB, 49140 MiB, 257.69 W, 300.00 W, 69, 2685 MHz
2026/09/23 03:49:44.478, 0, 0 %, 0 %, 2833 MiB, 49140 MiB, 132.54 W, 300.00 W, 65, 2745 MHz
2026/09/23 03:49:45.479, 0, 78 %, 65 %, 2833 MiB, 49140 MiB, 233.72 W, 300.00 W, 69, 2520 MHz
2026/09/23 03:49:46.480, 0, 71 %, 61 %, 2833 MiB, 49140 MiB, 264.05 W, 300.00 W, 70, 2655 MHz
2026/09/23 03:49:47.480, 0, 81 %, 67 %, 2833 MiB, 49140 MiB, 263.97 W, 300.00 W, 70, 2580 MHz
2026/09/23 03:49:48.481, 0, 78 %, 67 %, 2833 MiB, 49140 MiB, 268.32 W, 300.00 W, 71, 2610 MHz
2026/09/23 03:49:49.482, 0, 80 %, 67 %, 2833 MiB, 49140 MiB, 272.11 W, 300.00 W, 70, 2565 MHz
2026/09/23 03:49:50.483, 0, 77 %, 65 %, 2833 MiB, 49140 MiB, 270.04 W, 300.00 W, 70, 2505 MHz
2026/09/23 03:49:51.484, 0, 85 %, 72 %, 2833 MiB, 49140 MiB, 273.36 W, 300.00 W, 70, 2520 MHz
2026/09/23 03:49:52.485, 0, 78 %, 66 %, 2833 MiB, 49140 MiB, 273.75 W, 300.00 W, 72, 2640 MHz
2026/09/23 03:49:53.485, 0, 82 %, 69 %, 2833 MiB, 49140 MiB, 273.49 W, 300.00 W, 71, 2550 MHz
2026/09/23 03:49:54.486, 0, 53 %, 31 %, 2833 MiB, 49140 MiB, 255.54 W, 300.00 W, 71, 2730 MHz
2026/09/23 03:49:55.486, 0, 53 %, 45 %, 2833 MiB, 49140 MiB, 119.49 W, 300.00 W, 70, 2655 MHz
2026/09/23 03:49:56.488, 0, 80 %, 67 %, 2833 MiB, 49140 MiB, 258.17 W, 300.00 W, 71, 2580 MHz
2026/09/23 03:49:57.489, 0, 83 %, 69 %, 2833 MiB, 49140 MiB, 261.85 W, 300.00 W, 69, 2535 MHz
2026/09/23 03:49:58.490, 0, 81 %, 68 %, 2833 MiB, 49140 MiB, 263.80 W, 300.00 W, 70, 2580 MHz
2026/09/23 03:49:59.491, 0, 82 %, 68 %, 2833 MiB, 49140 MiB, 266.37 W, 300.00 W, 71, 2610 MHz
2026/09/23 03:50:00.491, 0, 80 %, 66 %, 2833 MiB, 49140 MiB, 265.09 W, 300.00 W, 71, 2475 MHz
2026/09/23 03:50:01.492, 0, 73 %, 63 %, 2833 MiB, 49140 MiB, 264.67 W, 300.00 W, 70, 2580 MHz
2026/09/23 03:50:02.492, 0, 77 %, 65 %, 2833 MiB, 49140 MiB, 265.95 W, 300.00 W, 71, 2475 MHz
2026/09/23 03:50:03.493, 0, 78 %, 67 %, 2833 MiB, 49140 MiB, 264.06 W, 300.00 W, 71, 2610 MHz
2026/09/23 03:50:04.497, 0, 82 %, 67 %, 2833 MiB, 49140 MiB, 265.17 W, 300.00 W, 71, 2430 MHz
2026/09/23 03:50:05.499, 0, 40 %, 23 %, 2833 MiB, 49140 MiB, 243.09 W, 300.00 W, 67, 2730 MHz
2026/09/23 03:50:06.500, 0, 76 %, 63 %, 2833 MiB, 49140 MiB, 124.56 W, 300.00 W, 69, 2625 MHz
2026/09/23 03:50:07.501, 0, 76 %, 64 %, 2833 MiB, 49140 MiB, 265.98 W, 300.00 W, 71, 2520 MHz
2026/09/23 03:50:08.501, 0, 78 %, 68 %, 2833 MiB, 49140 MiB, 263.18 W, 300.00 W, 70, 2550 MHz
2026/09/23 03:50:09.502, 0, 77 %, 65 %, 2833 MiB, 49140 MiB, 264.02 W, 300.00 W, 69, 2550 MHz
2026/09/23 03:50:10.503, 0, 76 %, 65 %, 2833 MiB, 49140 MiB, 263.63 W, 300.00 W, 70, 2625 MHz
2026/09/23 03:50:11.503, 0, 79 %, 66 %, 2833 MiB, 49140 MiB, 265.23 W, 300.00 W, 71, 2490 MHz
2026/09/23 03:50:12.505, 0, 78 %, 64 %, 2833 MiB, 49140 MiB, 266.02 W, 300.00 W, 69, 2595 MHz
2026/09/23 03:50:13.506, 0, 80 %, 69 %, 2833 MiB, 49140 MiB, 264.80 W, 300.00 W, 70, 2550 MHz
2026/09/23 03:50:14.506, 0, 81 %, 67 %, 2833 MiB, 49140 MiB, 262.22 W, 300.00 W, 70, 2535 MHz
2026/09/23 03:50:15.507, 0, 80 %, 66 %, 2833 MiB, 49140 MiB, 262.88 W, 300.00 W, 70, 2610 MHz
2026/09/23 03:50:16.507, 0, 0 %, 0 %, 2833 MiB, 49140 MiB, 211.40 W, 300.00 W, 65, 2745 MHz
2026/09/23 03:50:17.507, 0, 81 %, 69 %, 2833 MiB, 49140 MiB, 142.94 W, 300.00 W, 69, 2595 MHz
2026/09/23 03:50:18.508, 0, 80 %, 68 %, 2833 MiB, 49140 MiB, 277.22 W, 300.00 W, 70, 2565 MHz
2026/09/23 03:50:19.509, 0, 82 %, 69 %, 2833 MiB, 49140 MiB, 275.40 W, 300.00 W, 69, 2565 MHz
2026/09/23 03:50:20.509, 0, 78 %, 66 %, 2833 MiB, 49140 MiB, 277.21 W, 300.00 W, 72, 2490 MHz
2026/09/23 03:50:21.510, 0, 76 %, 62 %, 2833 MiB, 49140 MiB, 277.81 W, 300.00 W, 71, 2520 MHz
2026/09/23 03:50:22.511, 0, 79 %, 67 %, 2833 MiB, 49140 MiB, 277.55 W, 300.00 W, 72, 2520 MHz
2026/09/23 03:50:23.512, 0, 71 %, 60 %, 2833 MiB, 49140 MiB, 278.05 W, 300.00 W, 70, 2625 MHz
2026/09/23 03:50:24.513, 0, 73 %, 63 %, 2833 MiB, 49140 MiB, 273.47 W, 300.00 W, 70, 2565 MHz
2026/09/23 03:50:25.514, 0, 75 %, 63 %, 2833 MiB, 49140 MiB, 275.86 W, 300.00 W, 70, 2595 MHz
2026/09/23 03:50:26.515, 0, 77 %, 64 %, 2833 MiB, 49140 MiB, 263.39 W, 300.00 W, 70, 2730 MHz
2026/09/23 03:50:27.515, 0, 0 %, 0 %, 2833 MiB, 49140 MiB, 121.17 W, 300.00 W, 68, 2640 MHz
2026/09/23 03:50:28.517, 0, 83 %, 70 %, 2833 MiB, 49140 MiB, 248.80 W, 300.00 W, 69, 2550 MHz
2026/09/23 03:50:29.518, 0, 73 %, 63 %, 2833 MiB, 49140 MiB, 264.63 W, 300.00 W, 71, 2520 MHz
2026/09/23 03:50:30.518, 0, 79 %, 65 %, 2833 MiB, 49140 MiB, 263.96 W, 300.00 W, 69, 2625 MHz
2026/09/23 03:50:31.519, 0, 79 %, 66 %, 2833 MiB, 49140 MiB, 263.30 W, 300.00 W, 71, 2640 MHz
2026/09/23 03:50:32.520, 0, 78 %, 64 %, 2833 MiB, 49140 MiB, 264.52 W, 300.00 W, 70, 2535 MHz
2026/09/23 03:50:33.521, 0, 81 %, 69 %, 2833 MiB, 49140 MiB, 265.13 W, 300.00 W, 71, 2610 MHz
2026/09/23 03:50:34.521, 0, 76 %, 62 %, 2833 MiB, 49140 MiB, 264.99 W, 300.00 W, 71, 2535 MHz
2026/09/23 03:50:35.524, 0, 78 %, 65 %, 2833 MiB, 49140 MiB, 260.66 W, 300.00 W, 70, 2625 MHz
2026/09/23 03:50:36.525, 0, 83 %, 70 %, 2833 MiB, 49140 MiB, 264.12 W, 300.00 W, 70, 2610 MHz
2026/09/23 03:50:37.528, 0, 69 %, 55 %, 2833 MiB, 49140 MiB, 249.18 W, 300.00 W, 71, 2730 MHz
2026/09/23 03:50:38.528, 0, 0 %, 0 %, 2833 MiB, 49140 MiB, 104.43 W, 300.00 W, 65, 2745 MHz
2026/09/23 03:50:39.529, 0, 0 %, 0 %, 2833 MiB, 49140 MiB, 123.84 W, 300.00 W, 70, 2535 MHz
2026/09/23 03:50:40.530, 0, 79 %, 66 %, 2833 MiB, 49140 MiB, 266.30 W, 300.00 W, 69, 2565 MHz
2026/09/23 03:50:41.531, 0, 82 %, 68 %, 2833 MiB, 49140 MiB, 268.02 W, 300.00 W, 69, 2670 MHz
2026/09/23 03:50:42.531, 0, 80 %, 69 %, 2833 MiB, 49140 MiB, 265.67 W, 300.00 W, 69, 2580 MHz
2026/09/23 03:50:43.532, 0, 79 %, 67 %, 2833 MiB, 49140 MiB, 264.87 W, 300.00 W, 71, 2535 MHz
2026/09/23 03:50:44.533, 0, 76 %, 63 %, 2833 MiB, 49140 MiB, 265.91 W, 300.00 W, 70, 2610 MHz
2026/09/23 03:50:45.534, 0, 79 %, 65 %, 2833 MiB, 49140 MiB, 266.86 W, 300.00 W, 71, 2520 MHz
2026/09/23 03:50:46.535, 0, 80 %, 68 %, 2833 MiB, 49140 MiB, 267.78 W, 300.00 W, 70, 2610 MHz
2026/09/23 03:50:47.536, 0, 76 %, 62 %, 2833 MiB, 49140 MiB, 267.11 W, 300.00 W, 70, 2625 MHz
2026/09/23 03:50:48.536, 0, 78 %, 66 %, 2833 MiB, 49140 MiB, 264.06 W, 300.00 W, 70, 2535 MHz
2026/09/23 03:50:49.537, 0, 56 %, 32 %, 2833 MiB, 49140 MiB, 217.50 W, 300.00 W, 65, 2745 MHz
2026/09/23 03:50:50.538, 0, 0 %, 0 %, 2833 MiB, 49140 MiB, 84.86 W, 300.00 W, 64, 2745 MHz
2026/09/23 03:50:51.538, 0, 67 %, 51 %, 2833 MiB, 49140 MiB, 164.98 W, 300.00 W, 69, 2550 MHz
2026/09/23 03:50:52.539, 0, 83 %, 70 %, 2833 MiB, 49140 MiB, 265.25 W, 300.00 W, 69, 2520 MHz
2026/09/23 03:50:53.540, 0, 74 %, 61 %, 2833 MiB, 49140 MiB, 263.10 W, 300.00 W, 70, 2610 MHz
2026/09/23 03:50:54.541, 0, 81 %, 69 %, 2833 MiB, 49140 MiB, 262.98 W, 300.00 W, 69, 2535 MHz
2026/09/23 03:50:55.541, 0, 79 %, 67 %, 2833 MiB, 49140 MiB, 267.81 W, 300.00 W, 71, 2580 MHz
2026/09/23 03:50:56.542, 0, 79 %, 66 %, 2833 MiB, 49140 MiB, 264.97 W, 300.00 W, 70, 2475 MHz
2026/09/23 03:50:57.543, 0, 80 %, 66 %, 2833 MiB, 49140 MiB, 265.21 W, 300.00 W, 69, 2580 MHz
2026/09/23 03:50:58.544, 0, 71 %, 60 %, 2833 MiB, 49140 MiB, 262.80 W, 300.00 W, 69, 2580 MHz
2026/09/23 03:50:59.544, 0, 79 %, 65 %, 2833 MiB, 49140 MiB, 263.79 W, 300.00 W, 71, 2565 MHz
2026/09/23 03:51:00.545, 0, 82 %, 68 %, 2833 MiB, 49140 MiB, 261.72 W, 300.00 W, 70, 2715 MHz
2026/09/23 03:51:01.545, 0, 30 %, 17 %, 2833 MiB, 49140 MiB, 161.31 W, 300.00 W, 64, 2625 MHz
2026/09/23 03:51:02.546, 0, 77 %, 64 %, 2833 MiB, 49140 MiB, 193.87 W, 300.00 W, 71, 2595 MHz
2026/09/23 03:51:03.547, 0, 68 %, 58 %, 2833 MiB, 49140 MiB, 267.27 W, 300.00 W, 69, 2610 MHz
2026/09/23 03:51:04.547, 0, 78 %, 64 %, 2833 MiB, 49140 MiB, 266.93 W, 300.00 W, 70, 2490 MHz
2026/09/23 03:51:05.548, 0, 73 %, 63 %, 2833 MiB, 49140 MiB, 267.74 W, 300.00 W, 71, 2640 MHz
2026/09/23 03:51:06.549, 0, 79 %, 66 %, 2833 MiB, 49140 MiB, 267.22 W, 300.00 W, 69, 2490 MHz
2026/09/23 03:51:07.550, 0, 73 %, 63 %, 2833 MiB, 49140 MiB, 266.20 W, 300.00 W, 70, 2475 MHz
2026/09/23 03:51:08.551, 0, 75 %, 65 %, 2833 MiB, 49140 MiB, 267.05 W, 300.00 W, 69, 2580 MHz
2026/09/23 03:51:09.551, 0, 80 %, 66 %, 2833 MiB, 49140 MiB, 265.33 W, 300.00 W, 71, 2595 MHz
2026/09/23 03:51:10.552, 0, 76 %, 64 %, 2833 MiB, 49140 MiB, 268.73 W, 300.00 W, 71, 2625 MHz
2026/09/23 03:51:11.553, 0, 80 %, 67 %, 2833 MiB, 49140 MiB, 260.74 W, 300.00 W, 70, 2700 MHz
2026/09/23 03:51:12.554, 0, 10 %, 0 %, 2833 MiB, 49140 MiB, 141.67 W, 300.00 W, 65, 2745 MHz
2026/09/23 03:51:13.554, 0, 0 %, 0 %, 2833 MiB, 49140 MiB, 84.69 W, 300.00 W, 66, 2610 MHz
2026/09/23 03:51:14.555, 0, 80 %, 66 %, 2833 MiB, 49140 MiB, 200.03 W, 300.00 W, 69, 2505 MHz
2026/09/23 03:51:15.556, 0, 77 %, 67 %, 2833 MiB, 49140 MiB, 264.49 W, 300.00 W, 69, 2610 MHz
2026/09/23 03:51:16.556, 0, 80 %, 68 %, 2833 MiB, 49140 MiB, 265.07 W, 300.00 W, 69, 2595 MHz
2026/09/23 03:51:17.557, 0, 83 %, 70 %, 2833 MiB, 49140 MiB, 265.28 W, 300.00 W, 69, 2565 MHz
2026/09/23 03:51:18.559, 0, 81 %, 69 %, 2833 MiB, 49140 MiB, 262.83 W, 300.00 W, 70, 2565 MHz
2026/09/23 03:51:19.560, 0, 78 %, 65 %, 2833 MiB, 49140 MiB, 265.07 W, 300.00 W, 69, 2550 MHz
2026/09/23 03:51:20.561, 0, 71 %, 60 %, 2833 MiB, 49140 MiB, 261.88 W, 300.00 W, 70, 2580 MHz
2026/09/23 03:51:21.561, 0, 79 %, 66 %, 2833 MiB, 49140 MiB, 263.24 W, 300.00 W, 71, 2640 MHz
2026/09/23 03:51:22.562, 0, 80 %, 66 %, 2833 MiB, 49140 MiB, 262.55 W, 300.00 W, 70, 2610 MHz
2026/09/23 03:51:23.563, 0, 79 %, 67 %, 2833 MiB, 49140 MiB, 246.52 W, 300.00 W, 70, 2730 MHz
2026/09/23 03:51:24.563, 0, 0 %, 0 %, 2833 MiB, 49140 MiB, 109.79 W, 300.00 W, 64, 2745 MHz
2026/09/23 03:51:25.564, 0, 0 %, 0 %, 2833 MiB, 49140 MiB, 120.85 W, 300.00 W, 68, 2520 MHz
2026/09/23 03:51:26.564, 0, 74 %, 64 %, 2833 MiB, 49140 MiB, 266.05 W, 300.00 W, 69, 2625 MHz
2026/09/23 03:51:27.565, 0, 80 %, 67 %, 2833 MiB, 49140 MiB, 262.40 W, 300.00 W, 69, 2595 MHz
2026/09/23 03:51:28.567, 0, 79 %, 65 %, 2833 MiB, 49140 MiB, 265.51 W, 300.00 W, 69, 2595 MHz
2026/09/23 03:51:29.568, 0, 81 %, 69 %, 2833 MiB, 49140 MiB, 269.47 W, 300.00 W, 71, 2625 MHz
2026/09/23 03:51:30.568, 0, 75 %, 64 %, 2833 MiB, 49140 MiB, 272.85 W, 300.00 W, 70, 2565 MHz
2026/09/23 03:51:31.569, 0, 78 %, 65 %, 2833 MiB, 49140 MiB, 273.63 W, 300.00 W, 69, 2580 MHz
2026/09/23 03:51:32.570, 0, 77 %, 65 %, 2833 MiB, 49140 MiB, 274.26 W, 300.00 W, 70, 2490 MHz
2026/09/23 03:51:33.571, 0, 75 %, 64 %, 2833 MiB, 49140 MiB, 272.84 W, 300.00 W, 71, 2505 MHz
2026/09/23 03:51:34.572, 0, 80 %, 68 %, 2833 MiB, 49140 MiB, 275.83 W, 300.00 W, 71, 2535 MHz
2026/09/23 03:51:35.572, 0, 51 %, 29 %, 2833 MiB, 49140 MiB, 209.82 W, 300.00 W, 65, 2745 MHz
2026/09/23 03:51:36.573, 0, 0 %, 0 %, 2833 MiB, 49140 MiB, 85.00 W, 300.00 W, 64, 2745 MHz
2026/09/23 03:51:37.573, 0, 77 %, 65 %, 2833 MiB, 49140 MiB, 180.65 W, 300.00 W, 70, 2595 MHz
2026/09/23 03:51:38.574, 0, 79 %, 67 %, 2833 MiB, 49140 MiB, 264.82 W, 300.00 W, 69, 2520 MHz
2026/09/23 03:51:39.574, 0, 80 %, 66 %, 2833 MiB, 49140 MiB, 266.20 W, 300.00 W, 70, 2625 MHz
2026/09/23 03:51:40.576, 0, 79 %, 66 %, 2833 MiB, 49140 MiB, 264.44 W, 300.00 W, 69, 2580 MHz
2026/09/23 03:51:41.578, 0, 72 %, 60 %, 2833 MiB, 49140 MiB, 263.78 W, 300.00 W, 70, 2535 MHz
2026/09/23 03:51:42.578, 0, 81 %, 68 %, 2833 MiB, 49140 MiB, 263.59 W, 300.00 W, 69, 2595 MHz
2026/09/23 03:51:43.579, 0, 84 %, 71 %, 2833 MiB, 49140 MiB, 264.09 W, 300.00 W, 69, 2550 MHz
2026/09/23 03:51:44.579, 0, 72 %, 62 %, 2833 MiB, 49140 MiB, 263.24 W, 300.00 W, 69, 2625 MHz
2026/09/23 03:51:45.580, 0, 75 %, 65 %, 2833 MiB, 49140 MiB, 263.34 W, 300.00 W, 69, 2535 MHz
2026/09/23 03:51:46.581, 0, 63 %, 52 %, 2833 MiB, 49140 MiB, 258.49 W, 300.00 W, 69, 2730 MHz
2026/09/23 03:51:47.581, 0, 24 %, 14 %, 2833 MiB, 49140 MiB, 159.39 W, 300.00 W, 64, 2745 MHz
2026/09/23 03:51:48.582, 0, 78 %, 66 %, 2833 MiB, 49140 MiB, 207.63 W, 300.00 W, 69, 2610 MHz
2026/09/23 03:51:49.583, 0, 79 %, 65 %, 2833 MiB, 49140 MiB, 271.49 W, 300.00 W, 70, 2565 MHz
2026/09/23 03:51:50.584, 0, 75 %, 65 %, 2833 MiB, 49140 MiB, 270.57 W, 300.00 W, 70, 2535 MHz
2026/09/23 03:51:51.584, 0, 83 %, 69 %, 2833 MiB, 49140 MiB, 271.69 W, 300.00 W, 70, 2415 MHz
2026/09/23 03:51:52.585, 0, 71 %, 60 %, 2833 MiB, 49140 MiB, 266.54 W, 300.00 W, 70, 2610 MHz
2026/09/23 03:51:53.586, 0, 81 %, 68 %, 2833 MiB, 49140 MiB, 271.10 W, 300.00 W, 70, 2580 MHz
2026/09/23 03:51:54.586, 0, 81 %, 69 %, 2833 MiB, 49140 MiB, 272.77 W, 300.00 W, 70, 2610 MHz
2026/09/23 03:51:55.587, 0, 82 %, 69 %, 2833 MiB, 49140 MiB, 272.32 W, 300.00 W, 71, 2535 MHz
2026/09/23 03:51:56.587, 0, 82 %, 69 %, 2833 MiB, 49140 MiB, 271.71 W, 300.00 W, 70, 2610 MHz
2026/09/23 03:51:57.588, 0, 83 %, 71 %, 2833 MiB, 49140 MiB, 261.73 W, 300.00 W, 70, 2730 MHz
2026/09/23 03:51:58.589, 0, 0 %, 0 %, 2833 MiB, 49140 MiB, 133.08 W, 300.00 W, 65, 2745 MHz
2026/09/23 03:51:59.589, 0, 81 %, 68 %, 2833 MiB, 49140 MiB, 229.98 W, 300.00 W, 70, 2625 MHz
2026/09/23 03:52:00.591, 0, 80 %, 66 %, 2833 MiB, 49140 MiB, 266.41 W, 300.00 W, 69, 2655 MHz
2026/09/23 03:52:01.592, 0, 77 %, 65 %, 2833 MiB, 49140 MiB, 264.11 W, 300.00 W, 69, 2580 MHz
2026/09/23 03:52:02.592, 0, 77 %, 64 %, 2833 MiB, 49140 MiB, 265.24 W, 300.00 W, 69, 2655 MHz
2026/09/23 03:52:03.593, 0, 77 %, 63 %, 2833 MiB, 49140 MiB, 266.30 W, 300.00 W, 70, 2625 MHz
2026/09/23 03:52:04.594, 0, 81 %, 69 %, 2833 MiB, 49140 MiB, 265.35 W, 300.00 W, 70, 2610 MHz
2026/09/23 03:52:05.595, 0, 80 %, 67 %, 2833 MiB, 49140 MiB, 264.14 W, 300.00 W, 71, 2460 MHz
2026/09/23 03:52:06.598, 0, 80 %, 67 %, 2833 MiB, 49140 MiB, 265.34 W, 300.00 W, 70, 2625 MHz
2026/09/23 03:52:07.599, 0, 79 %, 67 %, 2833 MiB, 49140 MiB, 263.83 W, 300.00 W, 70, 2595 MHz
2026/09/23 03:52:08.600, 0, 77 %, 66 %, 2833 MiB, 49140 MiB, 246.25 W, 300.00 W, 70, 2730 MHz
2026/09/23 03:52:09.601, 0, 0 %, 0 %, 2833 MiB, 49140 MiB, 107.38 W, 300.00 W, 68, 2595 MHz
2026/09/23 03:52:10.602, 0, 76 %, 64 %, 2833 MiB, 49140 MiB, 265.70 W, 300.00 W, 69, 2595 MHz
2026/09/23 03:52:11.603, 0, 80 %, 67 %, 2833 MiB, 49140 MiB, 268.16 W, 300.00 W, 70, 2430 MHz
2026/09/23 03:52:12.604, 0, 74 %, 62 %, 2833 MiB, 49140 MiB, 267.25 W, 300.00 W, 69, 2610 MHz
2026/09/23 03:52:13.604, 0, 80 %, 66 %, 2833 MiB, 49140 MiB, 267.08 W, 300.00 W, 70, 2505 MHz
2026/09/23 03:52:14.605, 0, 76 %, 63 %, 2833 MiB, 49140 MiB, 267.22 W, 300.00 W, 69, 2550 MHz
2026/09/23 03:52:15.606, 0, 78 %, 65 %, 2833 MiB, 49140 MiB, 265.22 W, 300.00 W, 71, 2535 MHz
2026/09/23 03:52:16.607, 0, 82 %, 70 %, 2833 MiB, 49140 MiB, 267.06 W, 300.00 W, 71, 2505 MHz
2026/09/23 03:52:17.608, 0, 81 %, 68 %, 2833 MiB, 49140 MiB, 267.66 W, 300.00 W, 70, 2580 MHz
2026/09/23 03:52:18.609, 0, 77 %, 65 %, 2833 MiB, 49140 MiB, 267.37 W, 300.00 W, 71, 2550 MHz
2026/09/23 03:52:19.610, 0, 51 %, 29 %, 2833 MiB, 49140 MiB, 238.64 W, 300.00 W, 68, 2730 MHz
2026/09/23 03:52:20.610, 0, 0 %, 0 %, 2833 MiB, 49140 MiB, 125.53 W, 300.00 W, 68, 2655 MHz
2026/09/23 03:52:21.611, 0, 73 %, 61 %, 2833 MiB, 49140 MiB, 273.41 W, 300.00 W, 70, 2520 MHz
2026/09/23 03:52:22.612, 0, 83 %, 68 %, 2833 MiB, 49140 MiB, 276.73 W, 300.00 W, 70, 2595 MHz
2026/09/23 03:52:23.615, 0, 77 %, 66 %, 2833 MiB, 49140 MiB, 276.53 W, 300.00 W, 70, 2580 MHz
2026/09/23 03:52:24.616, 0, 74 %, 64 %, 2833 MiB, 49140 MiB, 274.24 W, 300.00 W, 71, 2550 MHz
2026/09/23 03:52:25.616, 0, 78 %, 67 %, 2833 MiB, 49140 MiB, 276.91 W, 300.00 W, 70, 2550 MHz
2026/09/23 03:52:26.618, 0, 77 %, 65 %, 2833 MiB, 49140 MiB, 276.28 W, 300.00 W, 71, 2580 MHz
2026/09/23 03:52:27.619, 0, 80 %, 67 %, 2833 MiB, 49140 MiB, 275.28 W, 300.00 W, 71, 2580 MHz
2026/09/23 03:52:28.619, 0, 84 %, 70 %, 2833 MiB, 49140 MiB, 272.73 W, 300.00 W, 71, 2580 MHz
2026/09/23 03:52:29.620, 0, 79 %, 68 %, 2833 MiB, 49140 MiB, 275.64 W, 300.00 W, 71, 2580 MHz
2026/09/23 03:52:30.621, 0, 54 %, 31 %, 2833 MiB, 49140 MiB, 199.90 W, 300.00 W, 66, 2730 MHz
2026/09/23 03:52:31.622, 0, 0 %, 0 %, 2833 MiB, 49140 MiB, 158.74 W, 300.00 W, 69, 2550 MHz
2026/09/23 03:52:32.622, 0, 75 %, 63 %, 2833 MiB, 49140 MiB, 276.09 W, 300.00 W, 71, 2565 MHz
2026/09/23 03:52:33.623, 0, 79 %, 65 %, 2833 MiB, 49140 MiB, 277.46 W, 300.00 W, 71, 2580 MHz
2026/09/23 03:52:34.624, 0, 78 %, 67 %, 2833 MiB, 49140 MiB, 277.52 W, 300.00 W, 70, 2625 MHz
2026/09/23 03:52:35.625, 0, 78 %, 65 %, 2833 MiB, 49140 MiB, 279.04 W, 300.00 W, 70, 2580 MHz
2026/09/23 03:52:36.625, 0, 75 %, 65 %, 2833 MiB, 49140 MiB, 277.84 W, 300.00 W, 70, 2610 MHz
2026/09/23 03:52:37.626, 0, 80 %, 66 %, 2833 MiB, 49140 MiB, 278.86 W, 300.00 W, 71, 2520 MHz
2026/09/23 03:52:38.627, 0, 78 %, 65 %, 2833 MiB, 49140 MiB, 276.21 W, 300.00 W, 71, 2655 MHz
2026/09/23 03:52:39.628, 0, 74 %, 62 %, 2833 MiB, 49140 MiB, 277.59 W, 300.00 W, 71, 2640 MHz
2026/09/23 03:52:40.629, 0, 76 %, 63 %, 2833 MiB, 49140 MiB, 276.03 W, 300.00 W, 71, 2520 MHz
2026/09/23 03:52:41.629, 0, 45 %, 26 %, 2833 MiB, 49140 MiB, 177.58 W, 300.00 W, 66, 2730 MHz
2026/09/23 03:52:42.630, 0, 20 %, 15 %, 2833 MiB, 49140 MiB, 175.61 W, 300.00 W, 70, 2565 MHz
2026/09/23 03:52:43.631, 0, 76 %, 65 %, 2833 MiB, 49140 MiB, 273.02 W, 300.00 W, 70, 2640 MHz
2026/09/23 03:52:44.632, 0, 74 %, 64 %, 2833 MiB, 49140 MiB, 276.27 W, 300.00 W, 72, 2460 MHz
2026/09/23 03:52:45.633, 0, 80 %, 67 %, 2833 MiB, 49140 MiB, 273.84 W, 300.00 W, 70, 2580 MHz
2026/09/23 03:52:46.633, 0, 84 %, 68 %, 2833 MiB, 49140 MiB, 276.94 W, 300.00 W, 70, 2580 MHz
2026/09/23 03:52:47.634, 0, 82 %, 69 %, 2833 MiB, 49140 MiB, 275.43 W, 300.00 W, 71, 2565 MHz
2026/09/23 03:52:48.636, 0, 82 %, 69 %, 2833 MiB, 49140 MiB, 275.42 W, 300.00 W, 71, 2610 MHz
2026/09/23 03:52:49.636, 0, 79 %, 68 %, 2833 MiB, 49140 MiB, 275.07 W, 300.00 W, 71, 2580 MHz
2026/09/23 03:52:50.637, 0, 82 %, 68 %, 2833 MiB, 49140 MiB, 276.08 W, 300.00 W, 71, 2460 MHz
2026/09/23 03:52:51.638, 0, 77 %, 66 %, 2833 MiB, 49140 MiB, 273.40 W, 300.00 W, 72, 2715 MHz
2026/09/23 03:52:52.639, 0, 23 %, 13 %, 2833 MiB, 49140 MiB, 165.58 W, 300.00 W, 66, 2745 MHz
2026/09/23 03:52:53.640, 0, 79 %, 66 %, 2833 MiB, 49140 MiB, 196.93 W, 300.00 W, 70, 2535 MHz
2026/09/23 03:52:54.640, 0, 79 %, 66 %, 2833 MiB, 49140 MiB, 258.00 W, 300.00 W, 71, 2580 MHz
2026/09/23 03:52:55.641, 0, 85 %, 71 %, 2833 MiB, 49140 MiB, 263.10 W, 300.00 W, 70, 2460 MHz
2026/09/23 03:52:56.642, 0, 82 %, 68 %, 2833 MiB, 49140 MiB, 261.19 W, 300.00 W, 70, 2625 MHz
2026/09/23 03:52:57.643, 0, 79 %, 66 %, 2833 MiB, 49140 MiB, 264.36 W, 300.00 W, 72, 2535 MHz
2026/09/23 03:52:58.643, 0, 69 %, 59 %, 2833 MiB, 49140 MiB, 263.46 W, 300.00 W, 71, 2520 MHz
2026/09/23 03:52:59.644, 0, 78 %, 66 %, 2833 MiB, 49140 MiB, 263.86 W, 300.00 W, 71, 2610 MHz
2026/09/23 03:53:00.645, 0, 78 %, 65 %, 2833 MiB, 49140 MiB, 263.72 W, 300.00 W, 71, 2520 MHz
2026/09/23 03:53:01.645, 0, 79 %, 67 %, 2833 MiB, 49140 MiB, 265.80 W, 300.00 W, 70, 2475 MHz
2026/09/23 03:53:02.646, 0, 79 %, 67 %, 2833 MiB, 49140 MiB, 261.90 W, 300.00 W, 71, 2730 MHz
2026/09/23 03:53:03.646, 0, 0 %, 0 %, 2833 MiB, 49140 MiB, 154.92 W, 300.00 W, 65, 2745 MHz
2026/09/23 03:53:04.647, 0, 76 %, 64 %, 2833 MiB, 49140 MiB, 207.16 W, 300.00 W, 69, 2400 MHz
2026/09/23 03:53:05.648, 0, 78 %, 65 %, 2833 MiB, 49140 MiB, 264.34 W, 300.00 W, 71, 2580 MHz
2026/09/23 03:53:06.648, 0, 78 %, 65 %, 2833 MiB, 49140 MiB, 265.51 W, 300.00 W, 69, 2550 MHz
2026/09/23 03:53:07.649, 0, 80 %, 66 %, 2833 MiB, 49140 MiB, 265.75 W, 300.00 W, 70, 2490 MHz
2026/09/23 03:53:08.651, 0, 81 %, 68 %, 2833 MiB, 49140 MiB, 265.80 W, 300.00 W, 71, 2565 MHz
2026/09/23 03:53:09.653, 0, 84 %, 71 %, 2833 MiB, 49140 MiB, 266.02 W, 300.00 W, 70, 2565 MHz
2026/09/23 03:53:10.653, 0, 71 %, 59 %, 2833 MiB, 49140 MiB, 263.42 W, 300.00 W, 70, 2595 MHz
2026/09/23 03:53:11.654, 0, 77 %, 65 %, 2833 MiB, 49140 MiB, 265.92 W, 300.00 W, 70, 2580 MHz
2026/09/23 03:53:12.655, 0, 81 %, 68 %, 2833 MiB, 49140 MiB, 265.05 W, 300.00 W, 70, 2640 MHz
2026/09/23 03:53:13.655, 0, 79 %, 68 %, 2833 MiB, 49140 MiB, 253.10 W, 300.00 W, 71, 2730 MHz
2026/09/23 03:53:14.656, 0, 2 %, 0 %, 2833 MiB, 49140 MiB, 126.75 W, 300.00 W, 65, 2745 MHz
2026/09/23 03:53:15.656, 0, 0 %, 0 %, 2833 MiB, 49140 MiB, 117.43 W, 300.00 W, 69, 2595 MHz
2026/09/23 03:53:16.658, 0, 81 %, 66 %, 2833 MiB, 49140 MiB, 260.55 W, 300.00 W, 71, 2580 MHz
2026/09/23 03:53:17.658, 0, 72 %, 60 %, 2833 MiB, 49140 MiB, 261.43 W, 300.00 W, 69, 2535 MHz
2026/09/23 03:53:18.659, 0, 82 %, 70 %, 2833 MiB, 49140 MiB, 263.71 W, 300.00 W, 69, 2565 MHz
2026/09/23 03:53:19.660, 0, 77 %, 66 %, 2833 MiB, 49140 MiB, 265.58 W, 300.00 W, 70, 2550 MHz
2026/09/23 03:53:20.661, 0, 79 %, 66 %, 2833 MiB, 49140 MiB, 264.69 W, 300.00 W, 70, 2505 MHz
2026/09/23 03:53:21.661, 0, 84 %, 71 %, 2833 MiB, 49140 MiB, 265.95 W, 300.00 W, 70, 2625 MHz
2026/09/23 03:53:22.662, 0, 76 %, 64 %, 2833 MiB, 49140 MiB, 264.73 W, 300.00 W, 72, 2565 MHz
2026/09/23 03:53:23.663, 0, 77 %, 64 %, 2833 MiB, 49140 MiB, 264.96 W, 300.00 W, 71, 2535 MHz
2026/09/23 03:53:24.664, 0, 76 %, 65 %, 2833 MiB, 49140 MiB, 263.33 W, 300.00 W, 70, 2580 MHz
2026/09/23 03:53:25.664, 0, 51 %, 29 %, 2833 MiB, 49140 MiB, 226.80 W, 300.00 W, 66, 2730 MHz
2026/09/23 03:53:26.665, 0, 0 %, 0 %, 2833 MiB, 49140 MiB, 85.17 W, 300.00 W, 64, 2745 MHz
2026/09/23 03:53:27.665, 0, 0 %, 0 %, 2833 MiB, 49140 MiB, 157.18 W, 300.00 W, 69, 2505 MHz
2026/09/23 03:53:28.666, 0, 83 %, 70 %, 2833 MiB, 49140 MiB, 265.13 W, 300.00 W, 70, 2475 MHz
2026/09/23 03:53:29.666, 0, 76 %, 64 %, 2833 MiB, 49140 MiB, 262.44 W, 300.00 W, 71, 2475 MHz
2026/09/23 03:53:30.667, 0, 79 %, 65 %, 2833 MiB, 49140 MiB, 263.17 W, 300.00 W, 69, 2520 MHz
2026/09/23 03:53:31.668, 0, 77 %, 65 %, 2833 MiB, 49140 MiB, 264.20 W, 300.00 W, 69, 2625 MHz
2026/09/23 03:53:32.668, 0, 81 %, 67 %, 2833 MiB, 49140 MiB, 264.97 W, 300.00 W, 69, 2610 MHz
2026/09/23 03:53:33.670, 0, 79 %, 68 %, 2833 MiB, 49140 MiB, 263.52 W, 300.00 W, 70, 2580 MHz
2026/09/23 03:53:34.671, 0, 81 %, 69 %, 2833 MiB, 49140 MiB, 263.24 W, 300.00 W, 70, 2595 MHz
2026/09/23 03:53:35.671, 0, 80 %, 67 %, 2833 MiB, 49140 MiB, 265.07 W, 300.00 W, 70, 2535 MHz
2026/09/23 03:53:36.673, 0, 75 %, 63 %, 2833 MiB, 49140 MiB, 264.01 W, 300.00 W, 70, 2730 MHz
2026/09/23 03:53:37.674, 0, 47 %, 27 %, 2833 MiB, 49140 MiB, 173.38 W, 300.00 W, 65, 2745 MHz
2026/09/23 03:53:38.674, 0, 0 %, 0 %, 2833 MiB, 49140 MiB, 85.09 W, 300.00 W, 64, 2745 MHz
2026/09/23 03:53:39.675, 0, 82 %, 71 %, 2833 MiB, 49140 MiB, 198.32 W, 300.00 W, 69, 2535 MHz
2026/09/23 03:53:40.676, 0, 74 %, 62 %, 2833 MiB, 49140 MiB, 263.36 W, 300.00 W, 69, 2655 MHz
2026/09/23 03:53:41.677, 0, 82 %, 69 %, 2833 MiB, 49140 MiB, 265.75 W, 300.00 W, 70, 2580 MHz
2026/09/23 03:53:42.677, 0, 74 %, 62 %, 2833 MiB, 49140 MiB, 275.08 W, 300.00 W, 71, 2565 MHz
2026/09/23 03:53:43.678, 0, 79 %, 66 %, 2833 MiB, 49140 MiB, 274.36 W, 300.00 W, 69, 2535 MHz
2026/09/23 03:53:44.678, 0, 78 %, 64 %, 2833 MiB, 49140 MiB, 275.75 W, 300.00 W, 70, 2550 MHz
2026/09/23 03:53:45.679, 0, 80 %, 66 %, 2833 MiB, 49140 MiB, 276.67 W, 300.00 W, 72, 2640 MHz
2026/09/23 03:53:46.680, 0, 81 %, 70 %, 2833 MiB, 49140 MiB, 273.28 W, 300.00 W, 70, 2580 MHz
2026/09/23 03:53:47.681, 0, 79 %, 68 %, 2833 MiB, 49140 MiB, 277.03 W, 300.00 W, 71, 2625 MHz
2026/09/23 03:53:48.682, 0, 81 %, 68 %, 2833 MiB, 49140 MiB, 258.15 W, 300.00 W, 70, 2730 MHz
2026/09/23 03:53:49.682, 0, 0 %, 0 %, 2833 MiB, 49140 MiB, 117.46 W, 300.00 W, 65, 2745 MHz
2026/09/23 03:53:50.683, 0, 0 %, 0 %, 2833 MiB, 49140 MiB, 110.56 W, 300.00 W, 69, 2550 MHz
2026/09/23 03:53:51.684, 0, 83 %, 70 %, 2833 MiB, 49140 MiB, 266.65 W, 300.00 W, 70, 2505 MHz
2026/09/23 03:53:52.684, 0, 79 %, 66 %, 2833 MiB, 49140 MiB, 268.54 W, 300.00 W, 70, 2595 MHz
2026/09/23 03:53:53.685, 0, 76 %, 65 %, 2833 MiB, 49140 MiB, 270.71 W, 300.00 W, 71, 2625 MHz
2026/09/23 03:53:54.685, 0, 81 %, 69 %, 2833 MiB, 49140 MiB, 269.37 W, 300.00 W, 70, 2595 MHz
2026/09/23 03:53:55.686, 0, 82 %, 69 %, 2833 MiB, 49140 MiB, 270.75 W, 300.00 W, 71, 2520 MHz
2026/09/23 03:53:56.688, 0, 84 %, 70 %, 2833 MiB, 49140 MiB, 271.43 W, 300.00 W, 71, 2550 MHz
2026/09/23 03:53:57.689, 0, 79 %, 66 %, 2833 MiB, 49140 MiB, 271.50 W, 300.00 W, 70, 2535 MHz
2026/09/23 03:53:58.690, 0, 82 %, 71 %, 2833 MiB, 49140 MiB, 269.27 W, 300.00 W, 71, 2625 MHz
2026/09/23 03:53:59.690, 0, 81 %, 68 %, 2833 MiB, 49140 MiB, 269.07 W, 300.00 W, 70, 2535 MHz
2026/09/23 03:54:00.692, 0, 51 %, 29 %, 2833 MiB, 49140 MiB, 210.77 W, 300.00 W, 65, 2745 MHz
2026/09/23 03:54:01.692, 0, 0 %, 0 %, 2833 MiB, 49140 MiB, 85.28 W, 300.00 W, 64, 2745 MHz
2026/09/23 03:54:02.692, 0, 72 %, 60 %, 2833 MiB, 49140 MiB, 175.93 W, 300.00 W, 70, 2520 MHz
2026/09/23 03:54:03.695, 0, 80 %, 68 %, 2833 MiB, 49140 MiB, 267.07 W, 300.00 W, 70, 2520 MHz
2026/09/23 03:54:04.696, 0, 77 %, 66 %, 2833 MiB, 49140 MiB, 264.70 W, 300.00 W, 70, 2475 MHz
2026/09/23 03:54:05.697, 0, 75 %, 63 %, 2833 MiB, 49140 MiB, 264.18 W, 300.00 W, 71, 2595 MHz
2026/09/23 03:54:06.698, 0, 81 %, 68 %, 2833 MiB, 49140 MiB, 264.57 W, 300.00 W, 70, 2535 MHz
2026/09/23 03:54:07.699, 0, 76 %, 64 %, 2833 MiB, 49140 MiB, 265.17 W, 300.00 W, 70, 2595 MHz
2026/09/23 03:54:08.700, 0, 74 %, 62 %, 2833 MiB, 49140 MiB, 266.03 W, 300.00 W, 71, 2550 MHz
2026/09/23 03:54:09.701, 0, 78 %, 66 %, 2833 MiB, 49140 MiB, 266.25 W, 300.00 W, 71, 2625 MHz
2026/09/23 03:54:10.702, 0, 77 %, 65 %, 2833 MiB, 49140 MiB, 266.10 W, 300.00 W, 71, 2610 MHz
2026/09/23 03:54:11.704, 0, 84 %, 70 %, 2833 MiB, 49140 MiB, 255.25 W, 300.00 W, 69, 2730 MHz
2026/09/23 03:54:12.704, 0, 9 %, 0 %, 2833 MiB, 49140 MiB, 146.20 W, 300.00 W, 64, 2745 MHz
2026/09/23 03:54:13.705, 0, 0 %, 0 %, 2833 MiB, 49140 MiB, 84.93 W, 300.00 W, 64, 2745 MHz
2026/09/23 03:54:14.705, 0, 76 %, 64 %, 2833 MiB, 49140 MiB, 187.47 W, 300.00 W, 70, 2625 MHz
2026/09/23 03:54:15.706, 0, 79 %, 67 %, 2833 MiB, 49140 MiB, 270.87 W, 300.00 W, 69, 2655 MHz
2026/09/23 03:54:16.708, 0, 81 %, 68 %, 2833 MiB, 49140 MiB, 266.56 W, 300.00 W, 71, 2625 MHz
2026/09/23 03:54:17.709, 0, 80 %, 67 %, 2833 MiB, 49140 MiB, 267.54 W, 300.00 W, 70, 2475 MHz
2026/09/23 03:54:18.710, 0, 73 %, 62 %, 2833 MiB, 49140 MiB, 266.42 W, 300.00 W, 69, 2625 MHz
2026/09/23 03:54:19.711, 0, 75 %, 63 %, 2833 MiB, 49140 MiB, 265.47 W, 300.00 W, 69, 2550 MHz
2026/09/23 03:54:20.711, 0, 82 %, 69 %, 2833 MiB, 49140 MiB, 266.90 W, 300.00 W, 69, 2565 MHz
2026/09/23 03:54:21.712, 0, 79 %, 68 %, 2833 MiB, 49140 MiB, 268.16 W, 300.00 W, 70, 2625 MHz
2026/09/23 03:54:22.713, 0, 85 %, 72 %, 2833 MiB, 49140 MiB, 266.31 W, 300.00 W, 70, 2580 MHz
2026/09/23 03:54:23.714, 0, 73 %, 62 %, 2833 MiB, 49140 MiB, 255.51 W, 300.00 W, 70, 2730 MHz
2026/09/23 03:54:24.714, 0, 0 %, 0 %, 2833 MiB, 49140 MiB, 128.12 W, 300.00 W, 64, 2745 MHz
2026/09/23 03:54:25.715, 0, 0 %, 0 %, 2833 MiB, 49140 MiB, 141.61 W, 300.00 W, 69, 2550 MHz
2026/09/23 03:54:26.716, 0, 76 %, 65 %, 2833 MiB, 49140 MiB, 263.76 W, 300.00 W, 70, 2595 MHz
2026/09/23 03:54:27.717, 0, 82 %, 69 %, 2833 MiB, 49140 MiB, 264.85 W, 300.00 W, 70, 2595 MHz
2026/09/23 03:54:28.717, 0, 83 %, 70 %, 2833 MiB, 49140 MiB, 265.26 W, 300.00 W, 69, 2625 MHz
2026/09/23 03:54:29.718, 0, 80 %, 67 %, 2833 MiB, 49140 MiB, 265.46 W, 300.00 W, 70, 2595 MHz
2026/09/23 03:54:30.718, 0, 79 %, 68 %, 2833 MiB, 49140 MiB, 267.07 W, 300.00 W, 70, 2490 MHz
2026/09/23 03:54:31.719, 0, 84 %, 71 %, 2833 MiB, 49140 MiB, 264.45 W, 300.00 W, 70, 2580 MHz
2026/09/23 03:54:32.720, 0, 75 %, 65 %, 2833 MiB, 49140 MiB, 264.11 W, 300.00 W, 69, 2640 MHz
2026/09/23 03:54:33.721, 0, 76 %, 65 %, 2833 MiB, 49140 MiB, 266.26 W, 300.00 W, 71, 2490 MHz
2026/09/23 03:54:34.722, 0, 79 %, 66 %, 2833 MiB, 49140 MiB, 265.36 W, 300.00 W, 71, 2490 MHz
2026/09/23 03:54:35.722, 0, 44 %, 25 %, 2833 MiB, 49140 MiB, 198.88 W, 300.00 W, 65, 2745 MHz
2026/09/23 03:54:36.723, 0, 0 %, 0 %, 2833 MiB, 49140 MiB, 154.27 W, 300.00 W, 69, 2595 MHz
2026/09/23 03:54:37.724, 0, 76 %, 65 %, 2833 MiB, 49140 MiB, 264.83 W, 300.00 W, 69, 2580 MHz
2026/09/23 03:54:38.725, 0, 82 %, 68 %, 2833 MiB, 49140 MiB, 264.62 W, 300.00 W, 70, 2565 MHz
2026/09/23 03:54:39.726, 0, 75 %, 63 %, 2833 MiB, 49140 MiB, 263.26 W, 300.00 W, 69, 2565 MHz
2026/09/23 03:54:40.727, 0, 81 %, 68 %, 2833 MiB, 49140 MiB, 263.45 W, 300.00 W, 71, 2490 MHz
2026/09/23 03:54:41.727, 0, 81 %, 67 %, 2833 MiB, 49140 MiB, 263.06 W, 300.00 W, 70, 2595 MHz
2026/09/23 03:54:42.728, 0, 75 %, 63 %, 2833 MiB, 49140 MiB, 261.96 W, 300.00 W, 70, 2520 MHz
2026/09/23 03:54:43.729, 0, 79 %, 66 %, 2833 MiB, 49140 MiB, 263.38 W, 300.00 W, 70, 2610 MHz
2026/09/23 03:54:44.730, 0, 83 %, 70 %, 2833 MiB, 49140 MiB, 264.80 W, 300.00 W, 70, 2565 MHz
2026/09/23 03:54:45.731, 0, 73 %, 62 %, 2833 MiB, 49140 MiB, 265.52 W, 300.00 W, 70, 2610 MHz
2026/09/23 03:54:46.731, 0, 47 %, 27 %, 2833 MiB, 49140 MiB, 178.02 W, 300.00 W, 65, 2745 MHz
2026/09/23 03:54:47.732, 0, 0 %, 0 %, 2833 MiB, 49140 MiB, 84.79 W, 300.00 W, 64, 2745 MHz
2026/09/23 03:54:48.732, 0, 76 %, 64 %, 2833 MiB, 49140 MiB, 200.59 W, 300.00 W, 69, 2595 MHz
2026/09/23 03:54:49.733, 0, 79 %, 65 %, 2833 MiB, 49140 MiB, 264.15 W, 300.00 W, 69, 2550 MHz
2026/09/23 03:54:50.733, 0, 76 %, 65 %, 2833 MiB, 49140 MiB, 263.67 W, 300.00 W, 69, 2625 MHz
2026/09/23 03:54:51.734, 0, 78 %, 65 %, 2833 MiB, 49140 MiB, 264.75 W, 300.00 W, 69, 2550 MHz
2026/09/23 03:54:52.738, 0, 77 %, 66 %, 2833 MiB, 49140 MiB, 266.78 W, 300.00 W, 70, 2505 MHz
2026/09/23 03:54:53.738, 0, 79 %, 67 %, 2833 MiB, 49140 MiB, 266.20 W, 300.00 W, 69, 2580 MHz
2026/09/23 03:54:54.739, 0, 76 %, 62 %, 2833 MiB, 49140 MiB, 265.85 W, 300.00 W, 69, 2565 MHz
2026/09/23 03:54:55.740, 0, 79 %, 66 %, 2833 MiB, 49140 MiB, 263.88 W, 300.00 W, 70, 2565 MHz
2026/09/23 03:54:56.741, 0, 80 %, 67 %, 2833 MiB, 49140 MiB, 264.85 W, 300.00 W, 70, 2565 MHz
2026/09/23 03:54:57.742, 0, 76 %, 64 %, 2833 MiB, 49140 MiB, 251.41 W, 300.00 W, 69, 2730 MHz
2026/09/23 03:54:58.743, 0, 0 %, 0 %, 2833 MiB, 49140 MiB, 119.07 W, 300.00 W, 69, 2670 MHz
2026/09/23 03:54:59.744, 0, 79 %, 65 %, 2833 MiB, 49140 MiB, 251.17 W, 300.00 W, 70, 2535 MHz
2026/09/23 03:55:00.744, 0, 76 %, 65 %, 2833 MiB, 49140 MiB, 264.83 W, 300.00 W, 70, 2565 MHz
2026/09/23 03:55:01.746, 0, 81 %, 68 %, 2833 MiB, 49140 MiB, 272.66 W, 300.00 W, 70, 2535 MHz
2026/09/23 03:55:02.747, 0, 78 %, 67 %, 2833 MiB, 49140 MiB, 271.08 W, 300.00 W, 69, 2505 MHz
2026/09/23 03:55:03.747, 0, 77 %, 67 %, 2833 MiB, 49140 MiB, 270.09 W, 300.00 W, 70, 2640 MHz
2026/09/23 03:55:04.749, 0, 77 %, 65 %, 2833 MiB, 49140 MiB, 265.16 W, 300.00 W, 71, 2520 MHz
2026/09/23 03:55:05.749, 0, 77 %, 64 %, 2833 MiB, 49140 MiB, 269.14 W, 300.00 W, 70, 2550 MHz
2026/09/23 03:55:06.750, 0, 74 %, 63 %, 2833 MiB, 49140 MiB, 270.52 W, 300.00 W, 70, 2550 MHz
2026/09/23 03:55:07.751, 0, 83 %, 71 %, 2833 MiB, 49140 MiB, 268.54 W, 300.00 W, 69, 2490 MHz
2026/09/23 03:55:08.752, 0, 65 %, 49 %, 2833 MiB, 49140 MiB, 254.98 W, 300.00 W, 67, 2730 MHz
2026/09/23 03:55:09.753, 0, 0 %, 0 %, 2833 MiB, 49140 MiB, 99.99 W, 300.00 W, 64, 2745 MHz
2026/09/23 03:55:10.753, 0, 0 %, 0 %, 2833 MiB, 49140 MiB, 148.77 W, 300.00 W, 68, 2580 MHz
2026/09/23 03:55:11.754, 0, 72 %, 60 %, 2833 MiB, 49140 MiB, 265.28 W, 300.00 W, 71, 2580 MHz
2026/09/23 03:55:12.755, 0, 76 %, 65 %, 2833 MiB, 49140 MiB, 265.07 W, 300.00 W, 69, 2595 MHz
2026/09/23 03:55:13.756, 0, 79 %, 66 %, 2833 MiB, 49140 MiB, 264.05 W, 300.00 W, 71, 2625 MHz
2026/09/23 03:55:14.756, 0, 79 %, 66 %, 2833 MiB, 49140 MiB, 263.27 W, 300.00 W, 71, 2640 MHz
2026/09/23 03:55:15.757, 0, 83 %, 69 %, 2833 MiB, 49140 MiB, 263.39 W, 300.00 W, 69, 2610 MHz
2026/09/23 03:55:16.758, 0, 75 %, 61 %, 2833 MiB, 49140 MiB, 265.24 W, 300.00 W, 70, 2475 MHz
2026/09/23 03:55:17.759, 0, 78 %, 66 %, 2833 MiB, 49140 MiB, 265.63 W, 300.00 W, 71, 2595 MHz
2026/09/23 03:55:18.760, 0, 75 %, 64 %, 2833 MiB, 49140 MiB, 265.39 W, 300.00 W, 70, 2565 MHz
2026/09/23 03:55:19.761, 0, 75 %, 63 %, 2833 MiB, 49140 MiB, 265.88 W, 300.00 W, 70, 2625 MHz
2026/09/23 03:55:20.762, 0, 51 %, 29 %, 2833 MiB, 49140 MiB, 186.98 W, 300.00 W, 65, 2745 MHz
2026/09/23 03:55:21.762, 0, 63 %, 53 %, 2833 MiB, 49140 MiB, 180.85 W, 300.00 W, 69, 2625 MHz
2026/09/23 03:55:22.762, 0, 75 %, 64 %, 2833 MiB, 49140 MiB, 265.07 W, 300.00 W, 70, 2565 MHz
2026/09/23 03:55:23.764, 0, 76 %, 65 %, 2833 MiB, 49140 MiB, 264.36 W, 300.00 W, 71, 2625 MHz
2026/09/23 03:55:24.764, 0, 72 %, 60 %, 2833 MiB, 49140 MiB, 265.32 W, 300.00 W, 70, 2490 MHz
2026/09/23 03:55:25.765, 0, 74 %, 63 %, 2833 MiB, 49140 MiB, 264.34 W, 300.00 W, 71, 2595 MHz
2026/09/23 03:55:26.766, 0, 77 %, 65 %, 2833 MiB, 49140 MiB, 266.34 W, 300.00 W, 71, 2670 MHz
2026/09/23 03:55:27.767, 0, 81 %, 68 %, 2833 MiB, 49140 MiB, 263.37 W, 300.00 W, 71, 2640 MHz
2026/09/23 03:55:28.768, 0, 77 %, 65 %, 2833 MiB, 49140 MiB, 261.28 W, 300.00 W, 70, 2595 MHz
2026/09/23 03:55:29.769, 0, 77 %, 66 %, 2833 MiB, 49140 MiB, 262.44 W, 300.00 W, 70, 2565 MHz
2026/09/23 03:55:30.770, 0, 76 %, 65 %, 2833 MiB, 49140 MiB, 262.00 W, 300.00 W, 71, 2640 MHz
2026/09/23 03:55:31.807, 0, 21 %, 12 %, 2833 MiB, 49140 MiB, 161.02 W, 300.00 W, 65, 2745 MHz
2026/09/23 03:55:32.808, 0, 0 %, 0 %, 2833 MiB, 49140 MiB, 85.33 W, 300.00 W, 64, 2745 MHz
2026/09/23 03:55:33.809, 0, 82 %, 68 %, 2833 MiB, 49140 MiB, 200.77 W, 300.00 W, 70, 2580 MHz
2026/09/23 03:55:34.810, 0, 81 %, 69 %, 2833 MiB, 49140 MiB, 263.88 W, 300.00 W, 69, 2430 MHz
2026/09/23 03:55:35.811, 0, 78 %, 67 %, 2833 MiB, 49140 MiB, 263.81 W, 300.00 W, 69, 2580 MHz
2026/09/23 03:55:36.811, 0, 84 %, 71 %, 2833 MiB, 49140 MiB, 264.38 W, 300.00 W, 69, 2535 MHz
2026/09/23 03:55:37.812, 0, 78 %, 66 %, 2833 MiB, 49140 MiB, 264.37 W, 300.00 W, 70, 2460 MHz
2026/09/23 03:55:38.813, 0, 74 %, 62 %, 2833 MiB, 49140 MiB, 264.50 W, 300.00 W, 70, 2550 MHz
2026/09/23 03:55:39.814, 0, 78 %, 67 %, 2833 MiB, 49140 MiB, 265.62 W, 300.00 W, 70, 2580 MHz
2026/09/23 03:55:40.814, 0, 82 %, 69 %, 2833 MiB, 49140 MiB, 262.95 W, 300.00 W, 71, 2625 MHz
2026/09/23 03:55:41.815, 0, 77 %, 64 %, 2833 MiB, 49140 MiB, 266.00 W, 300.00 W, 70, 2625 MHz
2026/09/23 03:55:42.816, 0, 82 %, 69 %, 2833 MiB, 49140 MiB, 255.12 W, 300.00 W, 70, 2730 MHz
2026/09/23 03:55:43.816, 0, 0 %, 0 %, 2833 MiB, 49140 MiB, 122.17 W, 300.00 W, 69, 2670 MHz
2026/09/23 03:55:44.817, 0, 84 %, 72 %, 2833 MiB, 49140 MiB, 258.46 W, 300.00 W, 71, 2610 MHz
2026/09/23 03:55:45.818, 0, 80 %, 67 %, 2833 MiB, 49140 MiB, 272.51 W, 300.00 W, 71, 2670 MHz
2026/09/23 03:55:46.818, 0, 78 %, 65 %, 2833 MiB, 49140 MiB, 272.07 W, 300.00 W, 71, 2610 MHz
2026/09/23 03:55:47.819, 0, 77 %, 66 %, 2833 MiB, 49140 MiB, 275.54 W, 300.00 W, 71, 2610 MHz
2026/09/23 03:55:48.819, 0, 83 %, 70 %, 2833 MiB, 49140 MiB, 274.71 W, 300.00 W, 71, 2640 MHz
2026/09/23 03:55:49.820, 0, 81 %, 69 %, 2833 MiB, 49140 MiB, 274.64 W, 300.00 W, 72, 2610 MHz
2026/09/23 03:55:50.821, 0, 82 %, 68 %, 2833 MiB, 49140 MiB, 274.55 W, 300.00 W, 70, 2565 MHz
2026/09/23 03:55:51.821, 0, 81 %, 69 %, 2833 MiB, 49140 MiB, 277.03 W, 300.00 W, 72, 2610 MHz
2026/09/23 03:55:52.822, 0, 80 %, 66 %, 2833 MiB, 49140 MiB, 274.43 W, 300.00 W, 70, 2565 MHz
2026/09/23 03:55:53.823, 0, 45 %, 28 %, 2833 MiB, 49140 MiB, 250.75 W, 300.00 W, 67, 2730 MHz
2026/09/23 03:55:54.824, 0, 0 %, 0 %, 2833 MiB, 49140 MiB, 127.15 W, 300.00 W, 70, 2535 MHz
2026/09/23 03:55:55.825, 0, 76 %, 62 %, 2833 MiB, 49140 MiB, 261.88 W, 300.00 W, 70, 2565 MHz
2026/09/23 03:55:56.826, 0, 82 %, 69 %, 2833 MiB, 49140 MiB, 263.94 W, 300.00 W, 70, 2565 MHz
2026/09/23 03:55:57.827, 0, 81 %, 68 %, 2833 MiB, 49140 MiB, 265.17 W, 300.00 W, 70, 2595 MHz
2026/09/23 03:55:58.827, 0, 75 %, 64 %, 2833 MiB, 49140 MiB, 264.61 W, 300.00 W, 69, 2550 MHz
2026/09/23 03:55:59.828, 0, 80 %, 69 %, 2833 MiB, 49140 MiB, 261.04 W, 300.00 W, 70, 2580 MHz
2026/09/23 03:56:00.829, 0, 87 %, 72 %, 2833 MiB, 49140 MiB, 264.45 W, 300.00 W, 70, 2580 MHz
2026/09/23 03:56:01.830, 0, 81 %, 67 %, 2833 MiB, 49140 MiB, 264.40 W, 300.00 W, 71, 2535 MHz
2026/09/23 03:56:02.831, 0, 77 %, 63 %, 2833 MiB, 49140 MiB, 264.99 W, 300.00 W, 70, 2550 MHz
2026/09/23 03:56:03.832, 0, 75 %, 63 %, 2833 MiB, 49140 MiB, 263.89 W, 300.00 W, 70, 2565 MHz
2026/09/23 03:56:04.832, 0, 44 %, 25 %, 2833 MiB, 49140 MiB, 223.59 W, 300.00 W, 66, 2730 MHz
2026/09/23 03:56:05.833, 0, 0 %, 0 %, 2833 MiB, 49140 MiB, 85.60 W, 300.00 W, 65, 2745 MHz
2026/09/23 03:56:06.835, 0, 0 %, 0 %, 2833 MiB, 49140 MiB, 158.38 W, 300.00 W, 68, 2580 MHz
2026/09/23 03:56:07.836, 0, 80 %, 68 %, 2833 MiB, 49140 MiB, 262.37 W, 300.00 W, 69, 2655 MHz
2026/09/23 03:56:08.836, 0, 72 %, 59 %, 2833 MiB, 49140 MiB, 260.95 W, 300.00 W, 69, 2580 MHz
2026/09/23 03:56:09.837, 0, 80 %, 67 %, 2833 MiB, 49140 MiB, 264.86 W, 300.00 W, 70, 2625 MHz
2026/09/23 03:56:10.838, 0, 76 %, 65 %, 2833 MiB, 49140 MiB, 265.79 W, 300.00 W, 70, 2550 MHz
2026/09/23 03:56:11.838, 0, 71 %, 59 %, 2833 MiB, 49140 MiB, 261.64 W, 300.00 W, 69, 2640 MHz
2026/09/23 03:56:12.839, 0, 80 %, 67 %, 2833 MiB, 49140 MiB, 263.38 W, 300.00 W, 71, 2580 MHz
2026/09/23 03:56:13.839, 0, 82 %, 69 %, 2833 MiB, 49140 MiB, 263.41 W, 300.00 W, 70, 2595 MHz
2026/09/23 03:56:14.840, 0, 73 %, 62 %, 2833 MiB, 49140 MiB, 265.54 W, 300.00 W, 69, 2460 MHz
2026/09/23 03:56:15.841, 0, 80 %, 67 %, 2833 MiB, 49140 MiB, 261.70 W, 300.00 W, 70, 2730 MHz
2026/09/23 03:56:16.841, 0, 51 %, 29 %, 2833 MiB, 49140 MiB, 187.29 W, 300.00 W, 65, 2745 MHz
2026/09/23 03:56:17.842, 0, 0 %, 0 %, 2833 MiB, 49140 MiB, 174.65 W, 300.00 W, 71, 2490 MHz
2026/09/23 03:56:18.842, 0, 81 %, 68 %, 2833 MiB, 49140 MiB, 262.90 W, 300.00 W, 70, 2640 MHz
2026/09/23 03:56:19.845, 0, 77 %, 65 %, 2833 MiB, 49140 MiB, 263.52 W, 300.00 W, 71, 2460 MHz
2026/09/23 03:56:20.845, 0, 79 %, 66 %, 2833 MiB, 49140 MiB, 262.81 W, 300.00 W, 70, 2475 MHz
2026/09/23 03:56:21.846, 0, 80 %, 67 %, 2833 MiB, 49140 MiB, 260.05 W, 300.00 W, 69, 2640 MHz
2026/09/23 03:56:22.846, 0, 82 %, 69 %, 2833 MiB, 49140 MiB, 266.47 W, 300.00 W, 70, 2595 MHz
2026/09/23 03:56:23.847, 0, 78 %, 65 %, 2833 MiB, 49140 MiB, 263.64 W, 300.00 W, 71, 2535 MHz
2026/09/23 03:56:24.848, 0, 83 %, 71 %, 2833 MiB, 49140 MiB, 265.98 W, 300.00 W, 70, 2520 MHz
2026/09/23 03:56:25.848, 0, 78 %, 64 %, 2833 MiB, 49140 MiB, 262.35 W, 300.00 W, 70, 2595 MHz
2026/09/23 03:56:26.849, 0, 69 %, 57 %, 2833 MiB, 49140 MiB, 257.46 W, 300.00 W, 70, 2700 MHz
2026/09/23 03:56:27.850, 0, 45 %, 26 %, 2833 MiB, 49140 MiB, 173.16 W, 300.00 W, 65, 2745 MHz
2026/09/23 03:56:28.850, 0, 1 %, 1 %, 2833 MiB, 49140 MiB, 182.01 W, 300.00 W, 68, 2610 MHz
2026/09/23 03:56:29.851, 0, 79 %, 66 %, 2833 MiB, 49140 MiB, 263.67 W, 300.00 W, 69, 2550 MHz
2026/09/23 03:56:30.853, 0, 79 %, 67 %, 2833 MiB, 49140 MiB, 266.05 W, 300.00 W, 71, 2595 MHz
2026/09/23 03:56:31.854, 0, 79 %, 65 %, 2833 MiB, 49140 MiB, 266.29 W, 300.00 W, 69, 2595 MHz
2026/09/23 03:56:32.855, 0, 78 %, 65 %, 2833 MiB, 49140 MiB, 263.18 W, 300.00 W, 71, 2610 MHz
2026/09/23 03:56:33.856, 0, 73 %, 61 %, 2833 MiB, 49140 MiB, 262.31 W, 300.00 W, 70, 2610 MHz
2026/09/23 03:56:34.857, 0, 82 %, 68 %, 2833 MiB, 49140 MiB, 263.47 W, 300.00 W, 71, 2475 MHz
2026/09/23 03:56:35.858, 0, 80 %, 66 %, 2833 MiB, 49140 MiB, 265.54 W, 300.00 W, 69, 2550 MHz
2026/09/23 03:56:36.858, 0, 73 %, 62 %, 2833 MiB, 49140 MiB, 260.89 W, 300.00 W, 71, 2475 MHz
2026/09/23 03:56:37.860, 0, 83 %, 71 %, 2833 MiB, 49140 MiB, 258.96 W, 300.00 W, 69, 2730 MHz
2026/09/23 03:56:38.861, 0, 16 %, 9 %, 2833 MiB, 49140 MiB, 161.92 W, 300.00 W, 65, 2745 MHz
2026/09/23 03:56:39.861, 0, 80 %, 67 %, 2833 MiB, 49140 MiB, 202.65 W, 300.00 W, 69, 2595 MHz
2026/09/23 03:56:40.862, 0, 79 %, 66 %, 2833 MiB, 49140 MiB, 264.93 W, 300.00 W, 71, 2580 MHz
2026/09/23 03:56:41.862, 0, 80 %, 67 %, 2833 MiB, 49140 MiB, 272.96 W, 300.00 W, 71, 2640 MHz
2026/09/23 03:56:42.863, 0, 76 %, 63 %, 2833 MiB, 49140 MiB, 274.61 W, 300.00 W, 71, 2640 MHz
2026/09/23 03:56:43.864, 0, 76 %, 65 %, 2833 MiB, 49140 MiB, 275.64 W, 300.00 W, 70, 2625 MHz
2026/09/23 03:56:44.865, 0, 75 %, 65 %, 2833 MiB, 49140 MiB, 275.65 W, 300.00 W, 71, 2595 MHz
2026/09/23 03:56:45.865, 0, 80 %, 66 %, 2833 MiB, 49140 MiB, 272.30 W, 300.00 W, 71, 2580 MHz
2026/09/23 03:56:46.866, 0, 82 %, 70 %, 2833 MiB, 49140 MiB, 276.83 W, 300.00 W, 70, 2610 MHz
2026/09/23 03:56:47.867, 0, 76 %, 63 %, 2833 MiB, 49140 MiB, 276.02 W, 300.00 W, 70, 2625 MHz
2026/09/23 03:56:48.868, 0, 80 %, 67 %, 2833 MiB, 49140 MiB, 262.70 W, 300.00 W, 71, 2730 MHz
2026/09/23 03:56:49.869, 0, 0 %, 0 %, 2833 MiB, 49140 MiB, 138.95 W, 300.00 W, 65, 2745 MHz
2026/09/23 03:56:50.870, 0, 78 %, 67 %, 2833 MiB, 49140 MiB, 224.83 W, 300.00 W, 70, 2580 MHz
2026/09/23 03:56:51.870, 0, 82 %, 68 %, 2833 MiB, 49140 MiB, 272.94 W, 300.00 W, 70, 2550 MHz
2026/09/23 03:56:52.872, 0, 73 %, 62 %, 2833 MiB, 49140 MiB, 270.91 W, 300.00 W, 70, 2580 MHz
2026/09/23 03:56:53.873, 0, 76 %, 65 %, 2833 MiB, 49140 MiB, 269.65 W, 300.00 W, 71, 2565 MHz
2026/09/23 03:56:54.873, 0, 78 %, 66 %, 2833 MiB, 49140 MiB, 273.36 W, 300.00 W, 70, 2610 MHz
2026/09/23 03:56:55.875, 0, 80 %, 67 %, 2833 MiB, 49140 MiB, 274.18 W, 300.00 W, 71, 2490 MHz
2026/09/23 03:56:56.876, 0, 79 %, 65 %, 2833 MiB, 49140 MiB, 270.96 W, 300.00 W, 70, 2520 MHz
2026/09/23 03:56:57.876, 0, 83 %, 71 %, 2833 MiB, 49140 MiB, 274.42 W, 300.00 W, 70, 2610 MHz
2026/09/23 03:56:58.877, 0, 78 %, 66 %, 2833 MiB, 49140 MiB, 269.64 W, 300.00 W, 71, 2610 MHz
2026/09/23 03:56:59.878, 0, 78 %, 64 %, 2833 MiB, 49140 MiB, 260.37 W, 300.00 W, 71, 2730 MHz
2026/09/23 03:57:00.879, 0, 0 %, 0 %, 2833 MiB, 49140 MiB, 124.19 W, 300.00 W, 65, 2580 MHz
2026/09/23 03:57:01.880, 0, 80 %, 67 %, 2833 MiB, 49140 MiB, 262.77 W, 300.00 W, 71, 2640 MHz
2026/09/23 03:57:02.881, 0, 82 %, 68 %, 2833 MiB, 49140 MiB, 276.73 W, 300.00 W, 70, 2640 MHz
2026/09/23 03:57:03.882, 0, 79 %, 66 %, 2833 MiB, 49140 MiB, 276.57 W, 300.00 W, 71, 2595 MHz
2026/09/23 03:57:04.882, 0, 76 %, 64 %, 2833 MiB, 49140 MiB, 275.53 W, 300.00 W, 71, 2580 MHz
2026/09/23 03:57:05.883, 0, 79 %, 66 %, 2833 MiB, 49140 MiB, 277.16 W, 300.00 W, 71, 2475 MHz
2026/09/23 03:57:06.883, 0, 81 %, 68 %, 2833 MiB, 49140 MiB, 276.79 W, 300.00 W, 72, 2610 MHz
2026/09/23 03:57:07.884, 0, 77 %, 66 %, 2833 MiB, 49140 MiB, 277.82 W, 300.00 W, 71, 2520 MHz
2026/09/23 03:57:08.885, 0, 80 %, 66 %, 2833 MiB, 49140 MiB, 276.97 W, 300.00 W, 71, 2610 MHz
2026/09/23 03:57:09.886, 0, 74 %, 64 %, 2833 MiB, 49140 MiB, 277.46 W, 300.00 W, 73, 2640 MHz
2026/09/23 03:57:10.887, 0, 61 %, 43 %, 2833 MiB, 49140 MiB, 255.28 W, 300.00 W, 71, 2730 MHz
2026/09/23 03:57:11.888, 0, 0 %, 0 %, 2833 MiB, 49140 MiB, 124.42 W, 300.00 W, 70, 2535 MHz
2026/09/23 03:57:12.888, 0, 79 %, 67 %, 2833 MiB, 49140 MiB, 264.06 W, 300.00 W, 71, 2460 MHz
2026/09/23 03:57:13.889, 0, 76 %, 65 %, 2833 MiB, 49140 MiB, 265.05 W, 300.00 W, 70, 2640 MHz
2026/09/23 03:57:14.891, 0, 78 %, 66 %, 2833 MiB, 49140 MiB, 264.24 W, 300.00 W, 71, 2625 MHz
2026/09/23 03:57:15.891, 0, 82 %, 68 %, 2833 MiB, 49140 MiB, 266.73 W, 300.00 W, 70, 2490 MHz
2026/09/23 03:57:16.892, 0, 79 %, 67 %, 2833 MiB, 49140 MiB, 262.34 W, 300.00 W, 71, 2475 MHz
2026/09/23 03:57:17.893, 0, 77 %, 65 %, 2833 MiB, 49140 MiB, 263.02 W, 300.00 W, 70, 2595 MHz
2026/09/23 03:57:18.894, 0, 81 %, 68 %, 2833 MiB, 49140 MiB, 262.39 W, 300.00 W, 70, 2595 MHz
2026/09/23 03:57:19.895, 0, 74 %, 64 %, 2833 MiB, 49140 MiB, 264.73 W, 300.00 W, 71, 2610 MHz
2026/09/23 03:57:20.896, 0, 75 %, 64 %, 2833 MiB, 49140 MiB, 261.85 W, 300.00 W, 70, 2565 MHz
2026/09/23 03:57:21.896, 0, 47 %, 27 %, 2833 MiB, 49140 MiB, 233.07 W, 300.00 W, 67, 2730 MHz
2026/09/23 03:57:22.897, 0, 0 %, 0 %, 2833 MiB, 49140 MiB, 114.73 W, 300.00 W, 69, 2505 MHz
2026/09/23 03:57:23.897, 0, 81 %, 68 %, 2833 MiB, 49140 MiB, 262.84 W, 300.00 W, 70, 2610 MHz
2026/09/23 03:57:24.898, 0, 81 %, 69 %, 2833 MiB, 49140 MiB, 266.01 W, 300.00 W, 71, 2595 MHz
2026/09/23 03:57:25.899, 0, 76 %, 62 %, 2833 MiB, 49140 MiB, 263.08 W, 300.00 W, 70, 2595 MHz
2026/09/23 03:57:26.900, 0, 78 %, 65 %, 2833 MiB, 49140 MiB, 266.25 W, 300.00 W, 71, 2565 MHz
2026/09/23 03:57:27.901, 0, 83 %, 69 %, 2833 MiB, 49140 MiB, 264.54 W, 300.00 W, 71, 2610 MHz
2026/09/23 03:57:28.901, 0, 77 %, 65 %, 2833 MiB, 49140 MiB, 262.30 W, 300.00 W, 70, 2625 MHz
2026/09/23 03:57:29.902, 0, 82 %, 68 %, 2833 MiB, 49140 MiB, 264.79 W, 300.00 W, 70, 2610 MHz
2026/09/23 03:57:30.903, 0, 78 %, 66 %, 2833 MiB, 49140 MiB, 264.53 W, 300.00 W, 71, 2595 MHz
2026/09/23 03:57:31.904, 0, 80 %, 67 %, 2833 MiB, 49140 MiB, 265.72 W, 300.00 W, 71, 2625 MHz
2026/09/23 03:57:32.904, 0, 49 %, 28 %, 2833 MiB, 49140 MiB, 212.13 W, 300.00 W, 66, 2730 MHz
2026/09/23 03:57:33.905, 0, 0 %, 0 %, 2833 MiB, 49140 MiB, 151.79 W, 300.00 W, 69, 2610 MHz
2026/09/23 03:57:34.907, 0, 80 %, 68 %, 2833 MiB, 49140 MiB, 264.48 W, 300.00 W, 69, 2610 MHz
2026/09/23 03:57:35.907, 0, 79 %, 67 %, 2833 MiB, 49140 MiB, 264.06 W, 300.00 W, 69, 2460 MHz
2026/09/23 03:57:36.908, 0, 76 %, 65 %, 2833 MiB, 49140 MiB, 264.37 W, 300.00 W, 69, 2535 MHz
2026/09/23 03:57:37.910, 0, 84 %, 70 %, 2833 MiB, 49140 MiB, 264.32 W, 300.00 W, 70, 2640 MHz
2026/09/23 03:57:38.911, 0, 81 %, 67 %, 2833 MiB, 49140 MiB, 265.51 W, 300.00 W, 70, 2580 MHz
2026/09/23 03:57:39.911, 0, 83 %, 70 %, 2833 MiB, 49140 MiB, 267.34 W, 300.00 W, 71, 2460 MHz
2026/09/23 03:57:40.912, 0, 78 %, 65 %, 2833 MiB, 49140 MiB, 261.24 W, 300.00 W, 71, 2520 MHz
2026/09/23 03:57:41.913, 0, 78 %, 66 %, 2833 MiB, 49140 MiB, 264.81 W, 300.00 W, 71, 2460 MHz
2026/09/23 03:57:42.914, 0, 80 %, 66 %, 2833 MiB, 49140 MiB, 263.63 W, 300.00 W, 71, 2610 MHz
2026/09/23 03:57:43.915, 0, 50 %, 29 %, 2833 MiB, 49140 MiB, 187.38 W, 300.00 W, 66, 2745 MHz
2026/09/23 03:57:44.915, 0, 44 %, 37 %, 2833 MiB, 49140 MiB, 176.23 W, 300.00 W, 70, 2490 MHz
2026/09/23 03:57:45.916, 0, 80 %, 68 %, 2833 MiB, 49140 MiB, 269.09 W, 300.00 W, 70, 2520 MHz
2026/09/23 03:57:46.917, 0, 78 %, 65 %, 2833 MiB, 49140 MiB, 275.37 W, 300.00 W, 70, 2550 MHz
2026/09/23 03:57:47.918, 0, 77 %, 67 %, 2833 MiB, 49140 MiB, 274.67 W, 300.00 W, 72, 2475 MHz
2026/09/23 03:57:48.919, 0, 80 %, 66 %, 2833 MiB, 49140 MiB, 268.54 W, 300.00 W, 71, 2610 MHz
2026/09/23 03:57:49.919, 0, 79 %, 67 %, 2833 MiB, 49140 MiB, 268.86 W, 300.00 W, 71, 2490 MHz
2026/09/23 03:57:50.920, 0, 79 %, 64 %, 2833 MiB, 49140 MiB, 269.11 W, 300.00 W, 70, 2595 MHz
2026/09/23 03:57:51.922, 0, 80 %, 69 %, 2833 MiB, 49140 MiB, 271.71 W, 300.00 W, 70, 2625 MHz
2026/09/23 03:57:52.923, 0, 77 %, 65 %, 2833 MiB, 49140 MiB, 272.74 W, 300.00 W, 71, 2580 MHz
2026/09/23 03:57:53.924, 0, 76 %, 62 %, 2833 MiB, 49140 MiB, 265.05 W, 300.00 W, 71, 2535 MHz
2026/09/23 03:57:54.924, 0, 8 %, 5 %, 2833 MiB, 49140 MiB, 155.95 W, 300.00 W, 65, 2745 MHz
2026/09/23 03:57:55.925, 0, 82 %, 68 %, 2833 MiB, 49140 MiB, 207.64 W, 300.00 W, 71, 2625 MHz
2026/09/23 03:57:56.926, 0, 82 %, 68 %, 2833 MiB, 49140 MiB, 264.03 W, 300.00 W, 70, 2535 MHz
2026/09/23 03:57:57.927, 0, 81 %, 68 %, 2833 MiB, 49140 MiB, 264.85 W, 300.00 W, 69, 2640 MHz
2026/09/23 03:57:58.928, 0, 79 %, 66 %, 2833 MiB, 49140 MiB, 266.32 W, 300.00 W, 72, 2610 MHz
2026/09/23 03:57:59.928, 0, 76 %, 64 %, 2833 MiB, 49140 MiB, 265.22 W, 300.00 W, 70, 2520 MHz
2026/09/23 03:58:00.929, 0, 76 %, 66 %, 2833 MiB, 49140 MiB, 266.03 W, 300.00 W, 71, 2565 MHz
2026/09/23 03:58:01.930, 0, 78 %, 65 %, 2833 MiB, 49140 MiB, 262.51 W, 300.00 W, 70, 2655 MHz
2026/09/23 03:58:02.931, 0, 72 %, 60 %, 2833 MiB, 49140 MiB, 261.30 W, 300.00 W, 71, 2595 MHz
2026/09/23 03:58:03.932, 0, 81 %, 68 %, 2833 MiB, 49140 MiB, 263.54 W, 300.00 W, 70, 2565 MHz
2026/09/23 03:58:04.932, 0, 73 %, 63 %, 2833 MiB, 49140 MiB, 259.26 W, 300.00 W, 70, 2730 MHz
2026/09/23 03:58:05.933, 0, 0 %, 0 %, 2833 MiB, 49140 MiB, 141.37 W, 300.00 W, 65, 2745 MHz
2026/09/23 03:58:06.933, 0, 79 %, 66 %, 2833 MiB, 49140 MiB, 225.35 W, 300.00 W, 71, 2625 MHz
2026/09/23 03:58:07.936, 0, 76 %, 64 %, 2833 MiB, 49140 MiB, 261.47 W, 300.00 W, 71, 2595 MHz
2026/09/23 03:58:08.937, 0, 73 %, 61 %, 2833 MiB, 49140 MiB, 263.04 W, 300.00 W, 70, 2550 MHz
2026/09/23 03:58:09.938, 0, 79 %, 65 %, 2833 MiB, 49140 MiB, 264.33 W, 300.00 W, 70, 2580 MHz
2026/09/23 03:58:10.939, 0, 81 %, 67 %, 2833 MiB, 49140 MiB, 264.70 W, 300.00 W, 72, 2625 MHz
2026/09/23 03:58:11.939, 0, 83 %, 69 %, 2833 MiB, 49140 MiB, 262.77 W, 300.00 W, 70, 2640 MHz
2026/09/23 03:58:12.940, 0, 77 %, 65 %, 2833 MiB, 49140 MiB, 264.08 W, 300.00 W, 70, 2565 MHz
2026/09/23 03:58:13.942, 0, 82 %, 69 %, 2833 MiB, 49140 MiB, 264.36 W, 300.00 W, 70, 2505 MHz
2026/09/23 03:58:14.943, 0, 76 %, 62 %, 2833 MiB, 49140 MiB, 265.69 W, 300.00 W, 71, 2610 MHz
2026/09/23 03:58:15.944, 0, 78 %, 66 %, 2833 MiB, 49140 MiB, 254.35 W, 300.00 W, 72, 2595 MHz
2026/09/23 03:58:16.944, 0, 0 %, 0 %, 2833 MiB, 49140 MiB, 127.55 W, 300.00 W, 65, 2745 MHz
2026/09/23 03:58:17.945, 0, 81 %, 68 %, 2833 MiB, 49140 MiB, 240.95 W, 300.00 W, 70, 2520 MHz
2026/09/23 03:58:18.945, 0, 80 %, 67 %, 2833 MiB, 49140 MiB, 266.38 W, 300.00 W, 71, 2625 MHz
2026/09/23 03:58:19.946, 0, 83 %, 70 %, 2833 MiB, 49140 MiB, 262.36 W, 300.00 W, 70, 2550 MHz
2026/09/23 03:58:20.947, 0, 77 %, 64 %, 2833 MiB, 49140 MiB, 263.10 W, 300.00 W, 70, 2565 MHz
2026/09/23 03:58:21.948, 0, 78 %, 68 %, 2833 MiB, 49140 MiB, 262.83 W, 300.00 W, 70, 2565 MHz
2026/09/23 03:58:22.949, 0, 81 %, 69 %, 2833 MiB, 49140 MiB, 263.75 W, 300.00 W, 71, 2595 MHz
2026/09/23 03:58:23.949, 0, 79 %, 66 %, 2833 MiB, 49140 MiB, 265.04 W, 300.00 W, 70, 2580 MHz
2026/09/23 03:58:24.950, 0, 76 %, 63 %, 2833 MiB, 49140 MiB, 264.40 W, 300.00 W, 72, 2625 MHz
2026/09/23 03:58:25.950, 0, 76 %, 63 %, 2833 MiB, 49140 MiB, 262.76 W, 300.00 W, 71, 2625 MHz
2026/09/23 03:58:26.951, 0, 76 %, 64 %, 2833 MiB, 49140 MiB, 250.97 W, 300.00 W, 70, 2730 MHz
2026/09/23 03:58:27.951, 0, 0 %, 0 %, 2833 MiB, 49140 MiB, 122.08 W, 300.00 W, 70, 2550 MHz
2026/09/23 03:58:28.952, 0, 77 %, 63 %, 2833 MiB, 49140 MiB, 263.23 W, 300.00 W, 70, 2580 MHz
2026/09/23 03:58:29.953, 0, 82 %, 69 %, 2833 MiB, 49140 MiB, 266.36 W, 300.00 W, 71, 2595 MHz
2026/09/23 03:58:30.954, 0, 80 %, 67 %, 2833 MiB, 49140 MiB, 265.71 W, 300.00 W, 70, 2565 MHz
2026/09/23 03:58:31.955, 0, 81 %, 67 %, 2833 MiB, 49140 MiB, 265.88 W, 300.00 W, 71, 2520 MHz
2026/09/23 03:58:32.956, 0, 76 %, 63 %, 2833 MiB, 49140 MiB, 265.17 W, 300.00 W, 70, 2580 MHz
2026/09/23 03:58:33.957, 0, 76 %, 64 %, 2833 MiB, 49140 MiB, 265.46 W, 300.00 W, 70, 2610 MHz
2026/09/23 03:58:34.958, 0, 79 %, 67 %, 2833 MiB, 49140 MiB, 267.09 W, 300.00 W, 70, 2610 MHz
2026/09/23 03:58:35.958, 0, 77 %, 64 %, 2833 MiB, 49140 MiB, 266.28 W, 300.00 W, 70, 2580 MHz
2026/09/23 03:58:36.959, 0, 79 %, 66 %, 2833 MiB, 49140 MiB, 265.65 W, 300.00 W, 71, 2475 MHz
2026/09/23 03:58:37.960, 0, 53 %, 30 %, 2833 MiB, 49140 MiB, 240.88 W, 300.00 W, 67, 2730 MHz
2026/09/23 03:58:38.961, 0, 0 %, 0 %, 2833 MiB, 49140 MiB, 127.13 W, 300.00 W, 69, 2625 MHz
2026/09/23 03:58:39.962, 0, 79 %, 66 %, 2833 MiB, 49140 MiB, 264.20 W, 300.00 W, 70, 2580 MHz
2026/09/23 03:58:40.963, 0, 80 %, 70 %, 2833 MiB, 49140 MiB, 265.26 W, 300.00 W, 70, 2565 MHz
2026/09/23 03:58:41.963, 0, 73 %, 61 %, 2833 MiB, 49140 MiB, 262.72 W, 300.00 W, 69, 2610 MHz
2026/09/23 03:58:42.964, 0, 83 %, 71 %, 2833 MiB, 49140 MiB, 265.07 W, 300.00 W, 70, 2610 MHz
2026/09/23 03:58:43.965, 0, 78 %, 66 %, 2833 MiB, 49140 MiB, 263.66 W, 300.00 W, 70, 2580 MHz
2026/09/23 03:58:44.965, 0, 76 %, 63 %, 2833 MiB, 49140 MiB, 264.81 W, 300.00 W, 70, 2625 MHz
2026/09/23 03:58:45.966, 0, 80 %, 67 %, 2833 MiB, 49140 MiB, 266.48 W, 300.00 W, 71, 2580 MHz
2026/09/23 03:58:46.968, 0, 80 %, 67 %, 2833 MiB, 49140 MiB, 265.48 W, 300.00 W, 71, 2550 MHz
2026/09/23 03:58:47.969, 0, 77 %, 65 %, 2833 MiB, 49140 MiB, 264.96 W, 300.00 W, 71, 2610 MHz
2026/09/23 03:58:48.970, 0, 49 %, 28 %, 2833 MiB, 49140 MiB, 226.92 W, 300.00 W, 66, 2730 MHz
2026/09/23 03:58:49.970, 0, 0 %, 0 %, 2833 MiB, 49140 MiB, 134.57 W, 300.00 W, 71, 2580 MHz
2026/09/23 03:58:50.971, 0, 77 %, 65 %, 2833 MiB, 49140 MiB, 262.69 W, 300.00 W, 70, 2580 MHz
2026/09/23 03:58:51.971, 0, 75 %, 63 %, 2833 MiB, 49140 MiB, 265.70 W, 300.00 W, 69, 2535 MHz
2026/09/23 03:58:52.972, 0, 74 %, 64 %, 2833 MiB, 49140 MiB, 263.33 W, 300.00 W, 70, 2475 MHz
2026/09/23 03:58:53.972, 0, 79 %, 66 %, 2833 MiB, 49140 MiB, 263.33 W, 300.00 W, 70, 2565 MHz
2026/09/23 03:58:54.973, 0, 79 %, 67 %, 2833 MiB, 49140 MiB, 258.98 W, 300.00 W, 70, 2610 MHz
2026/09/23 03:58:55.973, 0, 81 %, 69 %, 2833 MiB, 49140 MiB, 261.54 W, 300.00 W, 70, 2595 MHz
2026/09/23 03:58:56.974, 0, 77 %, 64 %, 2833 MiB, 49140 MiB, 262.97 W, 300.00 W, 70, 2550 MHz
2026/09/23 03:58:57.975, 0, 81 %, 69 %, 2833 MiB, 49140 MiB, 265.34 W, 300.00 W, 71, 2565 MHz
2026/09/23 03:58:58.975, 0, 78 %, 65 %, 2833 MiB, 49140 MiB, 262.52 W, 300.00 W, 70, 2475 MHz
2026/09/23 03:58:59.977, 0, 42 %, 24 %, 2833 MiB, 49140 MiB, 212.03 W, 300.00 W, 66, 2745 MHz
2026/09/23 03:59:00.977, 0, 0 %, 0 %, 2833 MiB, 49140 MiB, 141.04 W, 300.00 W, 70, 2550 MHz
2026/09/23 03:59:01.978, 0, 71 %, 61 %, 2833 MiB, 49140 MiB, 259.47 W, 300.00 W, 70, 2640 MHz
2026/09/23 03:59:02.979, 0, 75 %, 65 %, 2833 MiB, 49140 MiB, 270.05 W, 300.00 W, 70, 2670 MHz
2026/09/23 03:59:03.980, 0, 80 %, 70 %, 2833 MiB, 49140 MiB, 273.19 W, 300.00 W, 70, 2550 MHz
2026/09/23 03:59:04.981, 0, 75 %, 63 %, 2833 MiB, 49140 MiB, 274.36 W, 300.00 W, 72, 2475 MHz
2026/09/23 03:59:05.982, 0, 81 %, 69 %, 2833 MiB, 49140 MiB, 272.65 W, 300.00 W, 70, 2640 MHz
2026/09/23 03:59:06.982, 0, 71 %, 60 %, 2833 MiB, 49140 MiB, 273.41 W, 300.00 W, 70, 2520 MHz
2026/09/23 03:59:07.983, 0, 80 %, 68 %, 2833 MiB, 49140 MiB, 273.96 W, 300.00 W, 70, 2595 MHz
2026/09/23 03:59:08.983, 0, 75 %, 65 %, 2833 MiB, 49140 MiB, 272.89 W, 300.00 W, 70, 2550 MHz
2026/09/23 03:59:09.984, 0, 76 %, 66 %, 2833 MiB, 49140 MiB, 273.70 W, 300.00 W, 71, 2550 MHz
2026/09/23 03:59:10.984, 0, 49 %, 28 %, 2833 MiB, 49140 MiB, 214.29 W, 300.00 W, 66, 2745 MHz
2026/09/23 03:59:11.985, 0, 0 %, 0 %, 2833 MiB, 49140 MiB, 148.03 W, 300.00 W, 70, 2610 MHz
2026/09/23 03:59:12.986, 0, 76 %, 63 %, 2833 MiB, 49140 MiB, 265.11 W, 300.00 W, 71, 2490 MHz
2026/09/23 03:59:13.987, 0, 75 %, 62 %, 2833 MiB, 49140 MiB, 264.11 W, 300.00 W, 70, 2535 MHz
2026/09/23 03:59:14.988, 0, 75 %, 63 %, 2833 MiB, 49140 MiB, 263.29 W, 300.00 W, 71, 2535 MHz
2026/09/23 03:59:15.988, 0, 81 %, 68 %, 2833 MiB, 49140 MiB, 265.54 W, 300.00 W, 70, 2625 MHz
2026/09/23 03:59:16.989, 0, 80 %, 68 %, 2833 MiB, 49140 MiB, 263.84 W, 300.00 W, 71, 2520 MHz
2026/09/23 03:59:17.990, 0, 82 %, 71 %, 2833 MiB, 49140 MiB, 263.67 W, 300.00 W, 70, 2625 MHz
2026/09/23 03:59:18.991, 0, 78 %, 65 %, 2833 MiB, 49140 MiB, 263.15 W, 300.00 W, 70, 2550 MHz
2026/09/23 03:59:19.991, 0, 81 %, 68 %, 2833 MiB, 49140 MiB, 263.93 W, 300.00 W, 70, 2625 MHz
2026/09/23 03:59:20.992, 0, 79 %, 66 %, 2833 MiB, 49140 MiB, 264.12 W, 300.00 W, 70, 2535 MHz
2026/09/23 03:59:21.993, 0, 41 %, 24 %, 2833 MiB, 49140 MiB, 207.78 W, 300.00 W, 66, 2745 MHz
2026/09/23 03:59:22.993, 0, 0 %, 0 %, 2833 MiB, 49140 MiB, 144.05 W, 300.00 W, 69, 2640 MHz
2026/09/23 03:59:23.994, 0, 78 %, 65 %, 2833 MiB, 49140 MiB, 264.79 W, 300.00 W, 70, 2550 MHz
2026/09/23 03:59:24.995, 0, 78 %, 64 %, 2833 MiB, 49140 MiB, 264.75 W, 300.00 W, 70, 2535 MHz
2026/09/23 03:59:25.996, 0, 77 %, 64 %, 2833 MiB, 49140 MiB, 263.79 W, 300.00 W, 70, 2640 MHz
2026/09/23 03:59:26.997, 0, 77 %, 64 %, 2833 MiB, 49140 MiB, 265.71 W, 300.00 W, 70, 2565 MHz
2026/09/23 03:59:27.997, 0, 82 %, 69 %, 2833 MiB, 49140 MiB, 265.77 W, 300.00 W, 70, 2625 MHz
2026/09/23 03:59:28.999, 0, 77 %, 65 %, 2833 MiB, 49140 MiB, 263.68 W, 300.00 W, 70, 2580 MHz
2026/09/23 03:59:29.999, 0, 78 %, 67 %, 2833 MiB, 49140 MiB, 261.55 W, 300.00 W, 70, 2580 MHz
2026/09/23 03:59:31.000, 0, 80 %, 67 %, 2833 MiB, 49140 MiB, 264.82 W, 300.00 W, 70, 2565 MHz
2026/09/23 03:59:32.001, 0, 74 %, 62 %, 2833 MiB, 49140 MiB, 263.66 W, 300.00 W, 70, 2535 MHz
2026/09/23 03:59:33.001, 0, 45 %, 26 %, 2833 MiB, 49140 MiB, 208.18 W, 300.00 W, 66, 2745 MHz
2026/09/23 03:59:34.002, 0, 0 %, 0 %, 2833 MiB, 49140 MiB, 129.61 W, 300.00 W, 69, 2595 MHz
2026/09/23 03:59:35.002, 0, 73 %, 63 %, 2833 MiB, 49140 MiB, 259.51 W, 300.00 W, 69, 2535 MHz
2026/09/23 03:59:36.005, 0, 80 %, 69 %, 2833 MiB, 49140 MiB, 261.46 W, 300.00 W, 69, 2535 MHz
2026/09/23 03:59:37.006, 0, 76 %, 61 %, 2833 MiB, 49140 MiB, 262.40 W, 300.00 W, 70, 2595 MHz
2026/09/23 03:59:38.007, 0, 82 %, 68 %, 2833 MiB, 49140 MiB, 265.74 W, 300.00 W, 71, 2610 MHz
2026/09/23 03:59:39.008, 0, 74 %, 61 %, 2833 MiB, 49140 MiB, 262.74 W, 300.00 W, 70, 2625 MHz
2026/09/23 03:59:40.009, 0, 77 %, 65 %, 2833 MiB, 49140 MiB, 264.30 W, 300.00 W, 69, 2535 MHz
2026/09/23 03:59:41.010, 0, 74 %, 64 %, 2833 MiB, 49140 MiB, 262.75 W, 300.00 W, 70, 2535 MHz
2026/09/23 03:59:42.010, 0, 80 %, 66 %, 2833 MiB, 49140 MiB, 265.73 W, 300.00 W, 71, 2580 MHz
2026/09/23 03:59:43.011, 0, 80 %, 69 %, 2833 MiB, 49140 MiB, 264.52 W, 300.00 W, 71, 2625 MHz
2026/09/23 03:59:44.012, 0, 50 %, 29 %, 2833 MiB, 49140 MiB, 205.62 W, 300.00 W, 65, 2745 MHz
2026/09/23 03:59:45.012, 0, 0 %, 0 %, 2833 MiB, 49140 MiB, 150.13 W, 300.00 W, 70, 2550 MHz
2026/09/23 03:59:46.014, 0, 78 %, 64 %, 2833 MiB, 49140 MiB, 262.82 W, 300.00 W, 71, 2655 MHz
2026/09/23 03:59:47.015, 0, 78 %, 67 %, 2833 MiB, 49140 MiB, 265.19 W, 300.00 W, 70, 2460 MHz
2026/09/23 03:59:48.015, 0, 80 %, 66 %, 2833 MiB, 49140 MiB, 265.81 W, 300.00 W, 70, 2655 MHz
2026/09/23 03:59:49.016, 0, 77 %, 65 %, 2833 MiB, 49140 MiB, 263.66 W, 300.00 W, 69, 2520 MHz
2026/09/23 03:59:50.017, 0, 82 %, 69 %, 2833 MiB, 49140 MiB, 266.10 W, 300.00 W, 71, 2655 MHz
2026/09/23 03:59:51.018, 0, 79 %, 67 %, 2833 MiB, 49140 MiB, 262.59 W, 300.00 W, 71, 2625 MHz
2026/09/23 03:59:52.018, 0, 78 %, 64 %, 2833 MiB, 49140 MiB, 264.32 W, 300.00 W, 71, 2625 MHz
2026/09/23 03:59:53.019, 0, 79 %, 67 %, 2833 MiB, 49140 MiB, 264.70 W, 300.00 W, 70, 2580 MHz
2026/09/23 03:59:54.022, 0, 81 %, 70 %, 2833 MiB, 49140 MiB, 266.08 W, 300.00 W, 72, 2565 MHz
2026/09/23 03:59:55.023, 0, 47 %, 27 %, 2833 MiB, 49140 MiB, 191.99 W, 300.00 W, 65, 2745 MHz
2026/09/23 03:59:56.024, 0, 19 %, 14 %, 2833 MiB, 49140 MiB, 175.55 W, 300.00 W, 70, 2685 MHz
2026/09/23 03:59:57.025, 0, 75 %, 62 %, 2833 MiB, 49140 MiB, 273.14 W, 300.00 W, 70, 2580 MHz
2026/09/23 03:59:58.026, 0, 78 %, 64 %, 2833 MiB, 49140 MiB, 276.74 W, 300.00 W, 71, 2490 MHz
2026/09/23 03:59:59.026, 0, 77 %, 67 %, 2833 MiB, 49140 MiB, 274.70 W, 300.00 W, 72, 2565 MHz
2026/09/23 04:00:00.027, 0, 80 %, 69 %, 2833 MiB, 49140 MiB, 276.92 W, 300.00 W, 70, 2565 MHz
2026/09/23 04:00:01.028, 0, 77 %, 65 %, 2833 MiB, 49140 MiB, 274.64 W, 300.00 W, 70, 2625 MHz
2026/09/23 04:00:02.029, 0, 79 %, 66 %, 2833 MiB, 49140 MiB, 275.04 W, 300.00 W, 70, 2595 MHz
2026/09/23 04:00:03.030, 0, 76 %, 65 %, 2833 MiB, 49140 MiB, 276.08 W, 300.00 W, 71, 2595 MHz
2026/09/23 04:00:04.031, 0, 82 %, 70 %, 2833 MiB, 49140 MiB, 274.60 W, 300.00 W, 71, 2550 MHz
2026/09/23 04:00:05.031, 0, 78 %, 66 %, 2833 MiB, 49140 MiB, 275.37 W, 300.00 W, 71, 2730 MHz
2026/09/23 04:00:06.032, 0, 50 %, 29 %, 2833 MiB, 49140 MiB, 173.91 W, 300.00 W, 65, 2745 MHz
2026/09/23 04:00:07.032, 0, 75 %, 64 %, 2833 MiB, 49140 MiB, 193.28 W, 300.00 W, 71, 2595 MHz
2026/09/23 04:00:08.033, 0, 74 %, 62 %, 2833 MiB, 49140 MiB, 273.75 W, 300.00 W, 71, 2655 MHz
2026/09/23 04:00:09.034, 0, 80 %, 67 %, 2833 MiB, 49140 MiB, 275.58 W, 300.00 W, 71, 2490 MHz
2026/09/23 04:00:10.034, 0, 77 %, 66 %, 2833 MiB, 49140 MiB, 275.90 W, 300.00 W, 70, 2580 MHz
2026/09/23 04:00:11.035, 0, 80 %, 67 %, 2833 MiB, 49140 MiB, 279.12 W, 300.00 W, 72, 2625 MHz
2026/09/23 04:00:12.036, 0, 74 %, 61 %, 2833 MiB, 49140 MiB, 275.51 W, 300.00 W, 71, 2595 MHz
2026/09/23 04:00:13.037, 0, 83 %, 70 %, 2833 MiB, 49140 MiB, 278.03 W, 300.00 W, 70, 2535 MHz
2026/09/23 04:00:14.038, 0, 71 %, 61 %, 2833 MiB, 49140 MiB, 273.30 W, 300.00 W, 71, 2550 MHz
2026/09/23 04:00:15.039, 0, 80 %, 67 %, 2833 MiB, 49140 MiB, 274.92 W, 300.00 W, 71, 2580 MHz
2026/09/23 04:00:16.039, 0, 76 %, 63 %, 2833 MiB, 49140 MiB, 272.21 W, 300.00 W, 70, 2730 MHz
2026/09/23 04:00:17.040, 0, 5 %, 3 %, 2833 MiB, 49140 MiB, 158.41 W, 300.00 W, 65, 2745 MHz
2026/09/23 04:00:18.040, 0, 76 %, 65 %, 2833 MiB, 49140 MiB, 202.29 W, 300.00 W, 70, 2565 MHz
2026/09/23 04:00:19.041, 0, 79 %, 67 %, 2833 MiB, 49140 MiB, 274.50 W, 300.00 W, 70, 2550 MHz
2026/09/23 04:00:20.042, 0, 80 %, 68 %, 2833 MiB, 49140 MiB, 273.10 W, 300.00 W, 70, 2625 MHz
2026/09/23 04:00:21.043, 0, 80 %, 67 %, 2833 MiB, 49140 MiB, 270.69 W, 300.00 W, 70, 2595 MHz
2026/09/23 04:00:22.043, 0, 77 %, 65 %, 2833 MiB, 49140 MiB, 274.97 W, 300.00 W, 70, 2625 MHz
2026/09/23 04:00:23.044, 0, 73 %, 61 %, 2833 MiB, 49140 MiB, 271.68 W, 300.00 W, 70, 2565 MHz
2026/09/23 04:00:24.045, 0, 78 %, 67 %, 2833 MiB, 49140 MiB, 276.30 W, 300.00 W, 72, 2610 MHz
2026/09/23 04:00:25.046, 0, 78 %, 67 %, 2833 MiB, 49140 MiB, 274.26 W, 300.00 W, 72, 2610 MHz
2026/09/23 04:00:26.047, 0, 78 %, 66 %, 2833 MiB, 49140 MiB, 274.33 W, 300.00 W, 71, 2565 MHz
2026/09/23 04:00:27.048, 0, 79 %, 66 %, 2833 MiB, 49140 MiB, 268.48 W, 300.00 W, 72, 2730 MHz
2026/09/23 04:00:28.048, 0, 0 %, 0 %, 2833 MiB, 49140 MiB, 148.28 W, 300.00 W, 65, 2745 MHz
2026/09/23 04:00:29.049, 0, 77 %, 63 %, 2833 MiB, 49140 MiB, 219.13 W, 300.00 W, 70, 2565 MHz
2026/09/23 04:00:30.050, 0, 81 %, 68 %, 2833 MiB, 49140 MiB, 263.55 W, 300.00 W, 71, 2580 MHz
2026/09/23 04:00:31.051, 0, 76 %, 64 %, 2833 MiB, 49140 MiB, 262.65 W, 300.00 W, 70, 2610 MHz
2026/09/23 04:00:32.052, 0, 75 %, 64 %, 2833 MiB, 49140 MiB, 265.86 W, 300.00 W, 70, 2580 MHz
2026/09/23 04:00:33.053, 0, 78 %, 65 %, 2833 MiB, 49140 MiB, 264.95 W, 300.00 W, 70, 2535 MHz
2026/09/23 04:00:34.054, 0, 81 %, 69 %, 2833 MiB, 49140 MiB, 265.88 W, 300.00 W, 71, 2565 MHz
2026/09/23 04:00:35.055, 0, 79 %, 67 %, 2833 MiB, 49140 MiB, 265.55 W, 300.00 W, 70, 2520 MHz
2026/09/23 04:00:36.056, 0, 77 %, 66 %, 2833 MiB, 49140 MiB, 264.51 W, 300.00 W, 70, 2565 MHz
2026/09/23 04:00:37.057, 0, 80 %, 67 %, 2833 MiB, 49140 MiB, 264.58 W, 300.00 W, 69, 2595 MHz
2026/09/23 04:00:38.058, 0, 78 %, 66 %, 2833 MiB, 49140 MiB, 252.83 W, 300.00 W, 71, 2730 MHz
2026/09/23 04:00:39.058, 0, 0 %, 0 %, 2833 MiB, 49140 MiB, 115.51 W, 300.00 W, 65, 2745 MHz
2026/09/23 04:00:40.059, 0, 81 %, 68 %, 2833 MiB, 49140 MiB, 259.51 W, 300.00 W, 69, 2640 MHz
2026/09/23 04:00:41.059, 0, 78 %, 67 %, 2833 MiB, 49140 MiB, 271.39 W, 300.00 W, 71, 2550 MHz
2026/09/23 04:00:42.060, 0, 72 %, 61 %, 2833 MiB, 49140 MiB, 270.05 W, 300.00 W, 71, 2535 MHz
2026/09/23 04:00:43.061, 0, 79 %, 68 %, 2833 MiB, 49140 MiB, 270.42 W, 300.00 W, 72, 2565 MHz
2026/09/23 04:00:44.062, 0, 82 %, 68 %, 2833 MiB, 49140 MiB, 273.53 W, 300.00 W, 72, 2520 MHz
2026/09/23 04:00:45.063, 0, 76 %, 64 %, 2833 MiB, 49140 MiB, 271.33 W, 300.00 W, 72, 2490 MHz
2026/09/23 04:00:46.064, 0, 80 %, 69 %, 2833 MiB, 49140 MiB, 272.15 W, 300.00 W, 70, 2550 MHz
2026/09/23 04:00:47.065, 0, 81 %, 68 %, 2833 MiB, 49140 MiB, 274.01 W, 300.00 W, 70, 2565 MHz
2026/09/23 04:00:48.066, 0, 82 %, 70 %, 2833 MiB, 49140 MiB, 272.79 W, 300.00 W, 72, 2625 MHz
2026/09/23 04:00:49.067, 0, 0 %, 0 %, 2833 MiB, 49140 MiB, 180.51 W, 300.00 W, 66, 2745 MHz
2026/09/23 04:00:50.067, 0, 82 %, 68 %, 2833 MiB, 49140 MiB, 177.88 W, 300.00 W, 69, 2550 MHz
2026/09/23 04:00:51.071, 0, 79 %, 66 %, 2833 MiB, 49140 MiB, 263.30 W, 300.00 W, 69, 2565 MHz
2026/09/23 04:00:52.072, 0, 75 %, 65 %, 2833 MiB, 49140 MiB, 264.57 W, 300.00 W, 69, 2655 MHz
2026/09/23 04:00:53.073, 0, 79 %, 66 %, 2833 MiB, 49140 MiB, 262.33 W, 300.00 W, 69, 2580 MHz
2026/09/23 04:00:54.074, 0, 82 %, 68 %, 2833 MiB, 49140 MiB, 266.70 W, 300.00 W, 70, 2595 MHz
2026/09/23 04:00:55.074, 0, 70 %, 59 %, 2833 MiB, 49140 MiB, 262.95 W, 300.00 W, 71, 2475 MHz
2026/09/23 04:00:56.075, 0, 78 %, 65 %, 2833 MiB, 49140 MiB, 258.98 W, 300.00 W, 71, 2610 MHz
2026/09/23 04:00:57.076, 0, 75 %, 64 %, 2833 MiB, 49140 MiB, 265.25 W, 300.00 W, 69, 2625 MHz
2026/09/23 04:00:58.076, 0, 76 %, 64 %, 2833 MiB, 49140 MiB, 264.19 W, 300.00 W, 72, 2475 MHz
2026/09/23 04:00:59.077, 0, 68 %, 52 %, 2833 MiB, 49140 MiB, 258.45 W, 300.00 W, 70, 2640 MHz
2026/09/23 04:01:00.078, 0, 0 %, 0 %, 2833 MiB, 49140 MiB, 171.02 W, 300.00 W, 65, 2745 MHz
2026/09/23 04:01:01.078, 0, 0 %, 0 %, 2833 MiB, 49140 MiB, 84.92 W, 300.00 W, 64, 2745 MHz
2026/09/23 04:01:02.079, 0, 82 %, 69 %, 2833 MiB, 49140 MiB, 187.56 W, 300.00 W, 70, 2640 MHz
2026/09/23 04:01:03.079, 0, 72 %, 60 %, 2833 MiB, 49140 MiB, 265.65 W, 300.00 W, 71, 2535 MHz
2026/09/23 04:01:04.080, 0, 81 %, 68 %, 2833 MiB, 49140 MiB, 264.19 W, 300.00 W, 70, 2640 MHz
2026/09/23 04:01:05.081, 0, 73 %, 62 %, 2833 MiB, 49140 MiB, 264.53 W, 300.00 W, 71, 2625 MHz
2026/09/23 04:01:06.081, 0, 79 %, 68 %, 2833 MiB, 49140 MiB, 263.95 W, 300.00 W, 69, 2580 MHz
2026/09/23 04:01:07.083, 0, 82 %, 68 %, 2833 MiB, 49140 MiB, 265.24 W, 300.00 W, 70, 2580 MHz
2026/09/23 04:01:08.084, 0, 81 %, 69 %, 2833 MiB, 49140 MiB, 263.70 W, 300.00 W, 70, 2565 MHz
2026/09/23 04:01:09.085, 0, 77 %, 64 %, 2833 MiB, 49140 MiB, 263.49 W, 300.00 W, 70, 2520 MHz
2026/09/23 04:01:10.086, 0, 78 %, 65 %, 2833 MiB, 49140 MiB, 263.00 W, 300.00 W, 70, 2475 MHz
2026/09/23 04:01:11.086, 0, 41 %, 24 %, 2833 MiB, 49140 MiB, 250.85 W, 300.00 W, 69, 2730 MHz
2026/09/23 04:01:12.087, 0, 0 %, 0 %, 2833 MiB, 49140 MiB, 132.57 W, 300.00 W, 64, 2715 MHz
2026/09/23 04:01:13.087, 0, 0 %, 0 %, 2833 MiB, 49140 MiB, 83.08 W, 300.00 W, 64, 2715 MHz
2026/09/23 04:01:14.089, 0, 77 %, 64 %, 2833 MiB, 49140 MiB, 200.66 W, 300.00 W, 69, 2610 MHz
2026/09/23 04:01:15.089, 0, 81 %, 70 %, 2833 MiB, 49140 MiB, 268.18 W, 300.00 W, 69, 2565 MHz
2026/09/23 04:01:16.090, 0, 79 %, 66 %, 2833 MiB, 49140 MiB, 268.83 W, 300.00 W, 69, 2505 MHz
2026/09/23 04:01:17.090, 0, 78 %, 65 %, 2833 MiB, 49140 MiB, 265.62 W, 300.00 W, 69, 2550 MHz
2026/09/23 04:01:18.091, 0, 80 %, 69 %, 2833 MiB, 49140 MiB, 267.38 W, 300.00 W, 70, 2595 MHz
2026/09/23 04:01:19.092, 0, 73 %, 62 %, 2833 MiB, 49140 MiB, 266.77 W, 300.00 W, 70, 2655 MHz
2026/09/23 04:01:20.092, 0, 81 %, 68 %, 2833 MiB, 49140 MiB, 268.73 W, 300.00 W, 70, 2595 MHz
2026/09/23 04:01:21.093, 0, 81 %, 68 %, 2833 MiB, 49140 MiB, 268.39 W, 300.00 W, 69, 2535 MHz
2026/09/23 04:01:22.094, 0, 77 %, 66 %, 2833 MiB, 49140 MiB, 265.93 W, 300.00 W, 69, 2595 MHz
2026/09/23 04:01:23.095, 0, 47 %, 26 %, 2833 MiB, 49140 MiB, 253.80 W, 300.00 W, 71, 2730 MHz
2026/09/23 04:01:24.095, 0, 64 %, 54 %, 2833 MiB, 49140 MiB, 119.11 W, 300.00 W, 66, 2610 MHz
2026/09/23 04:01:25.096, 0, 84 %, 70 %, 2833 MiB, 49140 MiB, 260.90 W, 300.00 W, 69, 2490 MHz
2026/09/23 04:01:26.097, 0, 77 %, 67 %, 2833 MiB, 49140 MiB, 263.83 W, 300.00 W, 69, 2610 MHz
2026/09/23 04:01:27.098, 0, 81 %, 68 %, 2833 MiB, 49140 MiB, 265.09 W, 300.00 W, 69, 2490 MHz
2026/09/23 04:01:28.099, 0, 81 %, 67 %, 2833 MiB, 49140 MiB, 265.07 W, 300.00 W, 69, 2580 MHz
2026/09/23 04:01:29.100, 0, 76 %, 64 %, 2833 MiB, 49140 MiB, 264.03 W, 300.00 W, 71, 2550 MHz
2026/09/23 04:01:30.101, 0, 81 %, 66 %, 2833 MiB, 49140 MiB, 263.75 W, 300.00 W, 70, 2475 MHz
2026/09/23 04:01:31.101, 0, 76 %, 64 %, 2833 MiB, 49140 MiB, 270.17 W, 300.00 W, 70, 2625 MHz
2026/09/23 04:01:32.103, 0, 75 %, 64 %, 2833 MiB, 49140 MiB, 276.64 W, 300.00 W, 70, 2655 MHz
2026/09/23 04:01:33.103, 0, 79 %, 66 %, 2833 MiB, 49140 MiB, 271.41 W, 300.00 W, 69, 2490 MHz
2026/09/23 04:01:34.104, 0, 15 %, 7 %, 2833 MiB, 49140 MiB, 244.61 W, 300.00 W, 69, 2730 MHz
2026/09/23 04:01:35.105, 0, 0 %, 0 %, 2833 MiB, 49140 MiB, 89.32 W, 300.00 W, 64, 2745 MHz
2026/09/23 04:01:36.105, 0, 81 %, 68 %, 2833 MiB, 49140 MiB, 143.54 W, 300.00 W, 69, 2520 MHz
2026/09/23 04:01:37.107, 0, 77 %, 66 %, 2833 MiB, 49140 MiB, 261.83 W, 300.00 W, 68, 2565 MHz
2026/09/23 04:01:38.107, 0, 76 %, 65 %, 2833 MiB, 49140 MiB, 264.62 W, 300.00 W, 70, 2625 MHz
2026/09/23 04:01:39.108, 0, 72 %, 60 %, 2833 MiB, 49140 MiB, 263.51 W, 300.00 W, 69, 2655 MHz
2026/09/23 04:01:40.109, 0, 84 %, 71 %, 2833 MiB, 49140 MiB, 264.98 W, 300.00 W, 70, 2550 MHz
2026/09/23 04:01:41.109, 0, 84 %, 70 %, 2833 MiB, 49140 MiB, 265.05 W, 300.00 W, 70, 2460 MHz
2026/09/23 04:01:42.110, 0, 74 %, 63 %, 2833 MiB, 49140 MiB, 265.40 W, 300.00 W, 70, 2610 MHz
2026/09/23 04:01:43.112, 0, 77 %, 65 %, 2833 MiB, 49140 MiB, 263.72 W, 300.00 W, 70, 2580 MHz
2026/09/23 04:01:44.112, 0, 81 %, 67 %, 2833 MiB, 49140 MiB, 264.19 W, 300.00 W, 69, 2520 MHz
2026/09/23 04:01:45.113, 0, 83 %, 69 %, 2833 MiB, 49140 MiB, 263.92 W, 300.00 W, 70, 2535 MHz
2026/09/23 04:01:46.114, 0, 0 %, 0 %, 2833 MiB, 49140 MiB, 194.87 W, 300.00 W, 65, 2745 MHz
2026/09/23 04:01:47.114, 0, 0 %, 0 %, 2833 MiB, 49140 MiB, 84.92 W, 300.00 W, 64, 2745 MHz
2026/09/23 04:01:48.115, 0, 82 %, 67 %, 2833 MiB, 49140 MiB, 176.82 W, 300.00 W, 69, 2550 MHz
2026/09/23 04:01:49.115, 0, 86 %, 74 %, 2833 MiB, 49140 MiB, 268.39 W, 300.00 W, 68, 2565 MHz
2026/09/23 04:01:50.116, 0, 80 %, 67 %, 2833 MiB, 49140 MiB, 267.52 W, 300.00 W, 69, 2610 MHz
2026/09/23 04:01:51.117, 0, 73 %, 61 %, 2833 MiB, 49140 MiB, 267.61 W, 300.00 W, 71, 2625 MHz
2026/09/23 04:01:52.117, 0, 78 %, 64 %, 2833 MiB, 49140 MiB, 266.19 W, 300.00 W, 69, 2520 MHz
2026/09/23 04:01:53.118, 0, 73 %, 62 %, 2833 MiB, 49140 MiB, 265.30 W, 300.00 W, 70, 2685 MHz
2026/09/23 04:01:54.119, 0, 82 %, 69 %, 2833 MiB, 49140 MiB, 269.87 W, 300.00 W, 70, 2490 MHz
2026/09/23 04:01:55.119, 0, 77 %, 64 %, 2833 MiB, 49140 MiB, 265.69 W, 300.00 W, 70, 2550 MHz
2026/09/23 04:01:56.120, 0, 79 %, 65 %, 2833 MiB, 49140 MiB, 264.39 W, 300.00 W, 69, 2565 MHz
2026/09/23 04:01:57.121, 0, 53 %, 30 %, 2833 MiB, 49140 MiB, 261.14 W, 300.00 W, 71, 2730 MHz
2026/09/23 04:01:58.121, 0, 0 %, 0 %, 2833 MiB, 49140 MiB, 142.85 W, 300.00 W, 64, 2745 MHz
2026/09/23 04:01:59.122, 0, 72 %, 60 %, 2833 MiB, 49140 MiB, 91.83 W, 300.00 W, 64, 2535 MHz
2026/09/23 04:02:00.123, 0, 83 %, 70 %, 2833 MiB, 49140 MiB, 264.32 W, 300.00 W, 69, 2550 MHz
2026/09/23 04:02:01.124, 0, 72 %, 61 %, 2833 MiB, 49140 MiB, 265.93 W, 300.00 W, 69, 2520 MHz
2026/09/23 04:02:02.125, 0, 78 %, 65 %, 2833 MiB, 49140 MiB, 264.92 W, 300.00 W, 69, 2655 MHz
2026/09/23 04:02:03.125, 0, 81 %, 68 %, 2833 MiB, 49140 MiB, 264.65 W, 300.00 W, 69, 2625 MHz
2026/09/23 04:02:04.126, 0, 86 %, 71 %, 2833 MiB, 49140 MiB, 263.99 W, 300.00 W, 70, 2505 MHz
2026/09/23 04:02:05.126, 0, 68 %, 58 %, 2833 MiB, 49140 MiB, 263.29 W, 300.00 W, 70, 2535 MHz
2026/09/23 04:02:06.127, 0, 80 %, 67 %, 2833 MiB, 49140 MiB, 264.33 W, 300.00 W, 70, 2610 MHz
2026/09/23 04:02:07.128, 0, 83 %, 68 %, 2833 MiB, 49140 MiB, 263.57 W, 300.00 W, 70, 2595 MHz
2026/09/23 04:02:08.129, 0, 80 %, 68 %, 2833 MiB, 49140 MiB, 263.79 W, 300.00 W, 69, 2550 MHz
2026/09/23 04:02:09.129, 0, 17 %, 10 %, 2833 MiB, 49140 MiB, 240.17 W, 300.00 W, 66, 2730 MHz
2026/09/23 04:02:10.130, 0, 81 %, 68 %, 2833 MiB, 49140 MiB, 121.92 W, 300.00 W, 69, 2610 MHz
2026/09/23 04:02:11.131, 0, 81 %, 68 %, 2833 MiB, 49140 MiB, 260.58 W, 300.00 W, 69, 2580 MHz
2026/09/23 04:02:12.131, 0, 71 %, 60 %, 2833 MiB, 49140 MiB, 265.47 W, 300.00 W, 69, 2595 MHz
2026/09/23 04:02:13.132, 0, 78 %, 66 %, 2833 MiB, 49140 MiB, 266.47 W, 300.00 W, 69, 2505 MHz
2026/09/23 04:02:14.132, 0, 78 %, 64 %, 2833 MiB, 49140 MiB, 262.87 W, 300.00 W, 69, 2610 MHz
2026/09/23 04:02:15.133, 0, 78 %, 66 %, 2833 MiB, 49140 MiB, 265.46 W, 300.00 W, 69, 2580 MHz
2026/09/23 04:02:16.134, 0, 73 %, 63 %, 2833 MiB, 49140 MiB, 263.34 W, 300.00 W, 69, 2460 MHz
2026/09/23 04:02:17.135, 0, 84 %, 70 %, 2833 MiB, 49140 MiB, 263.23 W, 300.00 W, 69, 2550 MHz
2026/09/23 04:02:18.136, 0, 78 %, 64 %, 2833 MiB, 49140 MiB, 264.82 W, 300.00 W, 71, 2625 MHz
2026/09/23 04:02:19.136, 0, 72 %, 61 %, 2833 MiB, 49140 MiB, 263.72 W, 300.00 W, 70, 2520 MHz
2026/09/23 04:02:20.137, 0, 0 %, 0 %, 2833 MiB, 49140 MiB, 217.56 W, 300.00 W, 65, 2745 MHz
2026/09/23 04:02:21.137, 0, 79 %, 66 %, 2833 MiB, 49140 MiB, 134.19 W, 300.00 W, 69, 2610 MHz
2026/09/23 04:02:22.139, 0, 76 %, 64 %, 2833 MiB, 49140 MiB, 264.76 W, 300.00 W, 69, 2505 MHz
2026/09/23 04:02:23.140, 0, 84 %, 71 %, 2833 MiB, 49140 MiB, 264.56 W, 300.00 W, 69, 2580 MHz
2026/09/23 04:02:24.141, 0, 78 %, 66 %, 2833 MiB, 49140 MiB, 264.59 W, 300.00 W, 69, 2610 MHz
2026/09/23 04:02:25.141, 0, 70 %, 59 %, 2833 MiB, 49140 MiB, 264.09 W, 300.00 W, 69, 2640 MHz
2026/09/23 04:02:26.142, 0, 77 %, 66 %, 2833 MiB, 49140 MiB, 264.45 W, 300.00 W, 70, 2625 MHz
2026/09/23 04:02:27.143, 0, 83 %, 70 %, 2833 MiB, 49140 MiB, 266.38 W, 300.00 W, 70, 2565 MHz
2026/09/23 04:02:28.144, 0, 81 %, 67 %, 2833 MiB, 49140 MiB, 264.14 W, 300.00 W, 70, 2610 MHz
2026/09/23 04:02:29.144, 0, 77 %, 65 %, 2833 MiB, 49140 MiB, 265.30 W, 300.00 W, 69, 2565 MHz
2026/09/23 04:02:30.145, 0, 78 %, 67 %, 2833 MiB, 49140 MiB, 264.10 W, 300.00 W, 70, 2535 MHz
2026/09/23 04:02:31.146, 0, 0 %, 0 %, 2833 MiB, 49140 MiB, 196.00 W, 300.00 W, 65, 2745 MHz
2026/09/23 04:02:32.146, 0, 82 %, 69 %, 2833 MiB, 49140 MiB, 164.50 W, 300.00 W, 70, 2625 MHz
2026/09/23 04:02:33.147, 0, 76 %, 64 %, 2833 MiB, 49140 MiB, 263.19 W, 300.00 W, 69, 2595 MHz
2026/09/23 04:02:34.148, 0, 82 %, 68 %, 2833 MiB, 49140 MiB, 263.22 W, 300.00 W, 69, 2520 MHz
2026/09/23 04:02:35.148, 0, 81 %, 69 %, 2833 MiB, 49140 MiB, 267.03 W, 300.00 W, 70, 2535 MHz
2026/09/23 04:02:36.150, 0, 77 %, 66 %, 2833 MiB, 49140 MiB, 263.88 W, 300.00 W, 70, 2490 MHz
2026/09/23 04:02:37.150, 0, 82 %, 69 %, 2833 MiB, 49140 MiB, 265.60 W, 300.00 W, 71, 2610 MHz
2026/09/23 04:02:38.151, 0, 74 %, 62 %, 2833 MiB, 49140 MiB, 263.24 W, 300.00 W, 70, 2490 MHz
2026/09/23 04:02:39.152, 0, 80 %, 67 %, 2833 MiB, 49140 MiB, 262.84 W, 300.00 W, 70, 2580 MHz
2026/09/23 04:02:40.152, 0, 80 %, 69 %, 2833 MiB, 49140 MiB, 264.08 W, 300.00 W, 70, 2550 MHz
2026/09/23 04:02:41.153, 0, 50 %, 28 %, 2833 MiB, 49140 MiB, 261.86 W, 300.00 W, 70, 2730 MHz
2026/09/23 04:02:42.153, 0, 0 %, 0 %, 2833 MiB, 49140 MiB, 157.61 W, 300.00 W, 65, 2745 MHz
2026/09/23 04:02:43.154, 0, 81 %, 68 %, 2833 MiB, 49140 MiB, 157.15 W, 300.00 W, 68, 2550 MHz
2026/09/23 04:02:44.155, 0, 80 %, 67 %, 2833 MiB, 49140 MiB, 262.83 W, 300.00 W, 70, 2580 MHz
2026/09/23 04:02:45.155, 0, 74 %, 63 %, 2833 MiB, 49140 MiB, 263.19 W, 300.00 W, 69, 2580 MHz
2026/09/23 04:02:46.156, 0, 81 %, 67 %, 2833 MiB, 49140 MiB, 263.73 W, 300.00 W, 69, 2535 MHz
2026/09/23 04:02:47.158, 0, 75 %, 64 %, 2833 MiB, 49140 MiB, 264.92 W, 300.00 W, 69, 2565 MHz
2026/09/23 04:02:48.159, 0, 80 %, 67 %, 2833 MiB, 49140 MiB, 263.39 W, 300.00 W, 69, 2625 MHz
2026/09/23 04:02:49.160, 0, 77 %, 66 %, 2833 MiB, 49140 MiB, 266.04 W, 300.00 W, 69, 2550 MHz
2026/09/23 04:02:50.161, 0, 73 %, 63 %, 2833 MiB, 49140 MiB, 265.02 W, 300.00 W, 69, 2625 MHz
2026/09/23 04:02:51.161, 0, 74 %, 62 %, 2833 MiB, 49140 MiB, 262.96 W, 300.00 W, 69, 2640 MHz
2026/09/23 04:02:52.162, 0, 75 %, 63 %, 2833 MiB, 49140 MiB, 260.74 W, 300.00 W, 70, 2580 MHz
2026/09/23 04:02:53.163, 0, 0 %, 0 %, 2833 MiB, 49140 MiB, 186.23 W, 300.00 W, 65, 2745 MHz
2026/09/23 04:02:54.164, 0, 77 %, 63 %, 2833 MiB, 49140 MiB, 170.96 W, 300.00 W, 69, 2625 MHz
2026/09/23 04:02:55.164, 0, 75 %, 63 %, 2833 MiB, 49140 MiB, 264.49 W, 300.00 W, 68, 2565 MHz
2026/09/23 04:02:56.165, 0, 81 %, 67 %, 2833 MiB, 49140 MiB, 264.43 W, 300.00 W, 69, 2565 MHz
2026/09/23 04:02:57.166, 0, 81 %, 70 %, 2833 MiB, 49140 MiB, 263.45 W, 300.00 W, 70, 2610 MHz
2026/09/23 04:02:58.167, 0, 79 %, 66 %, 2833 MiB, 49140 MiB, 264.23 W, 300.00 W, 70, 2535 MHz
2026/09/23 04:02:59.168, 0, 76 %, 64 %, 2833 MiB, 49140 MiB, 265.74 W, 300.00 W, 69, 2565 MHz
2026/09/23 04:03:00.168, 0, 80 %, 67 %, 2833 MiB, 49140 MiB, 263.70 W, 300.00 W, 70, 2595 MHz
2026/09/23 04:03:01.170, 0, 74 %, 62 %, 2833 MiB, 49140 MiB, 263.48 W, 300.00 W, 69, 2550 MHz
2026/09/23 04:03:02.170, 0, 79 %, 65 %, 2833 MiB, 49140 MiB, 264.93 W, 300.00 W, 71, 2490 MHz
2026/09/23 04:03:03.171, 0, 51 %, 29 %, 2833 MiB, 49140 MiB, 261.74 W, 300.00 W, 70, 2730 MHz
2026/09/23 04:03:04.172, 0, 0 %, 0 %, 2833 MiB, 49140 MiB, 158.12 W, 300.00 W, 65, 2745 MHz
2026/09/23 04:03:05.172, 0, 82 %, 68 %, 2833 MiB, 49140 MiB, 201.18 W, 300.00 W, 71, 2610 MHz
2026/09/23 04:03:06.173, 0, 76 %, 65 %, 2833 MiB, 49140 MiB, 265.60 W, 300.00 W, 70, 2595 MHz
2026/09/23 04:03:07.176, 0, 82 %, 69 %, 2833 MiB, 49140 MiB, 264.70 W, 300.00 W, 71, 2475 MHz
2026/09/23 04:03:08.178, 0, 79 %, 67 %, 2833 MiB, 49140 MiB, 262.94 W, 300.00 W, 69, 2550 MHz
2026/09/23 04:03:09.179, 0, 83 %, 70 %, 2833 MiB, 49140 MiB, 266.37 W, 300.00 W, 71, 2460 MHz
2026/09/23 04:03:10.179, 0, 79 %, 68 %, 2833 MiB, 49140 MiB, 263.34 W, 300.00 W, 70, 2625 MHz
2026/09/23 04:03:11.180, 0, 80 %, 67 %, 2833 MiB, 49140 MiB, 264.95 W, 300.00 W, 71, 2475 MHz
2026/09/23 04:03:12.180, 0, 84 %, 72 %, 2833 MiB, 49140 MiB, 263.65 W, 300.00 W, 70, 2535 MHz
2026/09/23 04:03:13.181, 0, 77 %, 66 %, 2833 MiB, 49140 MiB, 262.58 W, 300.00 W, 69, 2610 MHz
2026/09/23 04:03:14.182, 0, 48 %, 27 %, 2833 MiB, 49140 MiB, 256.60 W, 300.00 W, 71, 2700 MHz
2026/09/23 04:03:15.183, 0, 0 %, 0 %, 2833 MiB, 49140 MiB, 140.01 W, 300.00 W, 65, 2745 MHz
2026/09/23 04:03:16.184, 0, 77 %, 67 %, 2833 MiB, 49140 MiB, 222.52 W, 300.00 W, 70, 2580 MHz
2026/09/23 04:03:17.184, 0, 70 %, 60 %, 2833 MiB, 49140 MiB, 263.37 W, 300.00 W, 69, 2625 MHz
2026/09/23 04:03:18.185, 0, 81 %, 69 %, 2833 MiB, 49140 MiB, 264.85 W, 300.00 W, 70, 2520 MHz
2026/09/23 04:03:19.185, 0, 77 %, 66 %, 2833 MiB, 49140 MiB, 263.74 W, 300.00 W, 71, 2625 MHz
2026/09/23 04:03:20.186, 0, 81 %, 68 %, 2833 MiB, 49140 MiB, 264.36 W, 300.00 W, 71, 2490 MHz
2026/09/23 04:03:21.187, 0, 79 %, 67 %, 2833 MiB, 49140 MiB, 263.45 W, 300.00 W, 70, 2580 MHz
2026/09/23 04:03:22.188, 0, 83 %, 69 %, 2833 MiB, 49140 MiB, 266.94 W, 300.00 W, 71, 2490 MHz
2026/09/23 04:03:23.189, 0, 82 %, 69 %, 2833 MiB, 49140 MiB, 264.61 W, 300.00 W, 70, 2565 MHz
2026/09/23 04:03:24.190, 0, 84 %, 71 %, 2833 MiB, 49140 MiB, 266.76 W, 300.00 W, 71, 2475 MHz
2026/09/23 04:03:25.191, 0, 47 %, 27 %, 2833 MiB, 49140 MiB, 256.84 W, 300.00 W, 71, 2730 MHz
2026/09/23 04:03:26.191, 0, 0 %, 0 %, 2833 MiB, 49140 MiB, 120.25 W, 300.00 W, 67, 2610 MHz
2026/09/23 04:03:27.192, 0, 78 %, 68 %, 2833 MiB, 49140 MiB, 246.38 W, 300.00 W, 69, 2610 MHz
2026/09/23 04:03:28.193, 0, 74 %, 63 %, 2833 MiB, 49140 MiB, 263.58 W, 300.00 W, 70, 2580 MHz
2026/09/23 04:03:29.194, 0, 80 %, 69 %, 2833 MiB, 49140 MiB, 265.60 W, 300.00 W, 69, 2580 MHz
2026/09/23 04:03:30.194, 0, 83 %, 70 %, 2833 MiB, 49140 MiB, 266.33 W, 300.00 W, 70, 2520 MHz
2026/09/23 04:03:31.195, 0, 76 %, 64 %, 2833 MiB, 49140 MiB, 264.38 W, 300.00 W, 69, 2595 MHz
2026/09/23 04:03:32.196, 0, 84 %, 70 %, 2833 MiB, 49140 MiB, 265.20 W, 300.00 W, 69, 2565 MHz
2026/09/23 04:03:33.197, 0, 79 %, 66 %, 2833 MiB, 49140 MiB, 266.48 W, 300.00 W, 71, 2520 MHz
2026/09/23 04:03:34.198, 0, 73 %, 62 %, 2833 MiB, 49140 MiB, 264.96 W, 300.00 W, 71, 2625 MHz
2026/09/23 04:03:35.198, 0, 83 %, 70 %, 2833 MiB, 49140 MiB, 265.96 W, 300.00 W, 71, 2490 MHz
2026/09/23 04:03:36.199, 0, 34 %, 19 %, 2833 MiB, 49140 MiB, 246.87 W, 300.00 W, 67, 2730 MHz
2026/09/23 04:03:37.200, 0, 79 %, 67 %, 2833 MiB, 49140 MiB, 120.71 W, 300.00 W, 70, 2595 MHz
2026/09/23 04:03:38.201, 0, 78 %, 67 %, 2833 MiB, 49140 MiB, 264.71 W, 300.00 W, 69, 2565 MHz
2026/09/23 04:03:39.202, 0, 75 %, 64 %, 2833 MiB, 49140 MiB, 266.70 W, 300.00 W, 69, 2580 MHz
2026/09/23 04:03:40.202, 0, 77 %, 64 %, 2833 MiB, 49140 MiB, 265.42 W, 300.00 W, 70, 2625 MHz
2026/09/23 04:03:41.203, 0, 76 %, 64 %, 2833 MiB, 49140 MiB, 266.63 W, 300.00 W, 70, 2475 MHz
2026/09/23 04:03:42.204, 0, 80 %, 67 %, 2833 MiB, 49140 MiB, 265.10 W, 300.00 W, 70, 2565 MHz
2026/09/23 04:03:43.205, 0, 83 %, 71 %, 2833 MiB, 49140 MiB, 266.29 W, 300.00 W, 70, 2550 MHz
2026/09/23 04:03:44.205, 0, 74 %, 62 %, 2833 MiB, 49140 MiB, 263.93 W, 300.00 W, 70, 2595 MHz
2026/09/23 04:03:45.207, 0, 79 %, 67 %, 2833 MiB, 49140 MiB, 264.69 W, 300.00 W, 70, 2490 MHz
2026/09/23 04:03:46.208, 0, 77 %, 65 %, 2833 MiB, 49140 MiB, 263.83 W, 300.00 W, 69, 2640 MHz
2026/09/23 04:03:47.209, 0, 0 %, 0 %, 2833 MiB, 49140 MiB, 226.11 W, 300.00 W, 66, 2730 MHz
2026/09/23 04:03:48.209, 0, 77 %, 64 %, 2833 MiB, 49140 MiB, 125.26 W, 300.00 W, 68, 2595 MHz
2026/09/23 04:03:49.210, 0, 80 %, 67 %, 2833 MiB, 49140 MiB, 262.42 W, 300.00 W, 70, 2625 MHz
2026/09/23 04:03:50.211, 0, 82 %, 68 %, 2833 MiB, 49140 MiB, 265.33 W, 300.00 W, 70, 2565 MHz
2026/09/23 04:03:51.212, 0, 85 %, 72 %, 2833 MiB, 49140 MiB, 266.14 W, 300.00 W, 71, 2625 MHz
2026/09/23 04:03:52.214, 0, 75 %, 64 %, 2833 MiB, 49140 MiB, 263.98 W, 300.00 W, 71, 2475 MHz
2026/09/23 04:03:53.215, 0, 82 %, 70 %, 2833 MiB, 49140 MiB, 265.36 W, 300.00 W, 70, 2610 MHz
2026/09/23 04:03:54.216, 0, 71 %, 61 %, 2833 MiB, 49140 MiB, 264.12 W, 300.00 W, 70, 2580 MHz
2026/09/23 04:03:55.219, 0, 80 %, 65 %, 2833 MiB, 49140 MiB, 263.12 W, 300.00 W, 70, 2595 MHz
2026/09/23 04:03:56.220, 0, 77 %, 66 %, 2833 MiB, 49140 MiB, 264.08 W, 300.00 W, 70, 2535 MHz
2026/09/23 04:03:57.221, 0, 78 %, 65 %, 2833 MiB, 49140 MiB, 262.74 W, 300.00 W, 70, 2655 MHz
2026/09/23 04:03:58.221, 0, 0 %, 0 %, 2833 MiB, 49140 MiB, 215.37 W, 300.00 W, 65, 2745 MHz
2026/09/23 04:03:59.222, 0, 84 %, 72 %, 2833 MiB, 49140 MiB, 149.66 W, 300.00 W, 70, 2595 MHz
2026/09/23 04:04:00.223, 0, 76 %, 65 %, 2833 MiB, 49140 MiB, 264.70 W, 300.00 W, 70, 2535 MHz
2026/09/23 04:04:01.224, 0, 78 %, 64 %, 2833 MiB, 49140 MiB, 265.30 W, 300.00 W, 70, 2535 MHz
2026/09/23 04:04:02.224, 0, 83 %, 71 %, 2833 MiB, 49140 MiB, 261.97 W, 300.00 W, 70, 2625 MHz
2026/09/23 04:04:03.225, 0, 79 %, 66 %, 2833 MiB, 49140 MiB, 266.29 W, 300.00 W, 72, 2610 MHz
2026/09/23 04:04:04.226, 0, 80 %, 67 %, 2833 MiB, 49140 MiB, 263.89 W, 300.00 W, 70, 2640 MHz
2026/09/23 04:04:05.227, 0, 80 %, 67 %, 2833 MiB, 49140 MiB, 265.00 W, 300.00 W, 71, 2565 MHz
2026/09/23 04:04:06.227, 0, 78 %, 64 %, 2833 MiB, 49140 MiB, 267.19 W, 300.00 W, 72, 2610 MHz
2026/09/23 04:04:07.228, 0, 74 %, 63 %, 2833 MiB, 49140 MiB, 264.06 W, 300.00 W, 71, 2490 MHz
2026/09/23 04:04:08.229, 0, 83 %, 70 %, 2833 MiB, 49140 MiB, 265.28 W, 300.00 W, 71, 2610 MHz
2026/09/23 04:04:09.230, 0, 0 %, 0 %, 2833 MiB, 49140 MiB, 185.09 W, 300.00 W, 65, 2745 MHz
2026/09/23 04:04:10.231, 0, 81 %, 66 %, 2833 MiB, 49140 MiB, 174.76 W, 300.00 W, 70, 2580 MHz
2026/09/23 04:04:11.232, 0, 77 %, 65 %, 2833 MiB, 49140 MiB, 264.34 W, 300.00 W, 70, 2595 MHz
2026/09/23 04:04:12.235, 0, 82 %, 69 %, 2833 MiB, 49140 MiB, 264.05 W, 300.00 W, 71, 2610 MHz
2026/09/23 04:04:13.236, 0, 79 %, 66 %, 2833 MiB, 49140 MiB, 262.26 W, 300.00 W, 71, 2610 MHz
2026/09/23 04:04:14.237, 0, 80 %, 69 %, 2833 MiB, 49140 MiB, 262.97 W, 300.00 W, 71, 2490 MHz
2026/09/23 04:04:15.237, 0, 80 %, 67 %, 2833 MiB, 49140 MiB, 265.12 W, 300.00 W, 71, 2625 MHz
2026/09/23 04:04:16.238, 0, 77 %, 66 %, 2833 MiB, 49140 MiB, 265.83 W, 300.00 W, 70, 2505 MHz
2026/09/23 04:04:17.239, 0, 85 %, 70 %, 2833 MiB, 49140 MiB, 265.08 W, 300.00 W, 70, 2475 MHz
2026/09/23 04:04:18.240, 0, 82 %, 70 %, 2833 MiB, 49140 MiB, 264.59 W, 300.00 W, 71, 2580 MHz
2026/09/23 04:04:19.240, 0, 45 %, 28 %, 2833 MiB, 49140 MiB, 259.52 W, 300.00 W, 69, 2730 MHz
2026/09/23 04:04:20.241, 0, 0 %, 0 %, 2833 MiB, 49140 MiB, 164.91 W, 300.00 W, 65, 2745 MHz
2026/09/23 04:04:21.242, 0, 0 %, 0 %, 2833 MiB, 49140 MiB, 84.83 W, 300.00 W, 64, 2745 MHz
2026/09/23 04:04:22.242, 0, 78 %, 67 %, 2833 MiB, 49140 MiB, 183.64 W, 300.00 W, 69, 2490 MHz
2026/09/23 04:04:23.243, 0, 72 %, 60 %, 2833 MiB, 49140 MiB, 262.96 W, 300.00 W, 69, 2565 MHz
2026/09/23 04:04:24.244, 0, 82 %, 69 %, 2833 MiB, 49140 MiB, 263.44 W, 300.00 W, 70, 2625 MHz
2026/09/23 04:04:25.245, 0, 75 %, 62 %, 2833 MiB, 49140 MiB, 263.46 W, 300.00 W, 70, 2625 MHz
2026/09/23 04:04:26.246, 0, 73 %, 60 %, 2833 MiB, 49140 MiB, 264.15 W, 300.00 W, 71, 2595 MHz
2026/09/23 04:04:27.246, 0, 67 %, 58 %, 2833 MiB, 49140 MiB, 264.21 W, 300.00 W, 69, 2595 MHz
2026/09/23 04:04:28.248, 0, 80 %, 69 %, 2833 MiB, 49140 MiB, 263.57 W, 300.00 W, 69, 2655 MHz
2026/09/23 04:04:29.249, 0, 78 %, 66 %, 2833 MiB, 49140 MiB, 264.37 W, 300.00 W, 70, 2565 MHz
2026/09/23 04:04:30.249, 0, 79 %, 66 %, 2833 MiB, 49140 MiB, 262.03 W, 300.00 W, 71, 2490 MHz
2026/09/23 04:04:31.250, 0, 48 %, 28 %, 2833 MiB, 49140 MiB, 256.44 W, 300.00 W, 70, 2730 MHz
2026/09/23 04:04:32.251, 0, 0 %, 0 %, 2833 MiB, 49140 MiB, 130.62 W, 300.00 W, 64, 2745 MHz
2026/09/23 04:04:33.251, 0, 78 %, 66 %, 2833 MiB, 49140 MiB, 91.70 W, 300.00 W, 67, 2505 MHz
2026/09/23 04:04:34.252, 0, 80 %, 68 %, 2833 MiB, 49140 MiB, 265.79 W, 300.00 W, 69, 2610 MHz
2026/09/23 04:04:35.254, 0, 84 %, 72 %, 2833 MiB, 49140 MiB, 270.20 W, 300.00 W, 70, 2610 MHz
2026/09/23 04:04:36.254, 0, 79 %, 65 %, 2833 MiB, 49140 MiB, 272.64 W, 300.00 W, 70, 2625 MHz
2026/09/23 04:04:37.256, 0, 83 %, 70 %, 2833 MiB, 49140 MiB, 271.89 W, 300.00 W, 70, 2550 MHz
2026/09/23 04:04:38.256, 0, 77 %, 64 %, 2833 MiB, 49140 MiB, 270.21 W, 300.00 W, 69, 2595 MHz
2026/09/23 04:04:39.257, 0, 76 %, 64 %, 2833 MiB, 49140 MiB, 271.59 W, 300.00 W, 70, 2550 MHz
2026/09/23 04:04:40.258, 0, 82 %, 69 %, 2833 MiB, 49140 MiB, 270.91 W, 300.00 W, 70, 2610 MHz
2026/09/23 04:04:41.259, 0, 76 %, 64 %, 2833 MiB, 49140 MiB, 269.53 W, 300.00 W, 70, 2520 MHz
2026/09/23 04:04:42.260, 0, 81 %, 68 %, 2833 MiB, 49140 MiB, 270.03 W, 300.00 W, 71, 2550 MHz
2026/09/23 04:04:43.260, 0, 24 %, 12 %, 2833 MiB, 49140 MiB, 245.78 W, 300.00 W, 66, 2730 MHz
2026/09/23 04:04:44.261, 0, 0 %, 0 %, 2833 MiB, 49140 MiB, 91.76 W, 300.00 W, 64, 2745 MHz
2026/09/23 04:04:45.261, 0, 78 %, 64 %, 2833 MiB, 49140 MiB, 134.18 W, 300.00 W, 69, 2595 MHz
2026/09/23 04:04:46.262, 0, 77 %, 66 %, 2833 MiB, 49140 MiB, 266.00 W, 300.00 W, 69, 2610 MHz
2026/09/23 04:04:47.263, 0, 72 %, 60 %, 2833 MiB, 49140 MiB, 264.13 W, 300.00 W, 69, 2550 MHz
2026/09/23 04:04:48.264, 0, 77 %, 66 %, 2833 MiB, 49140 MiB, 267.07 W, 300.00 W, 70, 2640 MHz
2026/09/23 04:04:49.266, 0, 77 %, 64 %, 2833 MiB, 49140 MiB, 263.96 W, 300.00 W, 71, 2475 MHz
2026/09/23 04:04:50.266, 0, 75 %, 64 %, 2833 MiB, 49140 MiB, 264.64 W, 300.00 W, 69, 2625 MHz
2026/09/23 04:04:51.268, 0, 80 %, 67 %, 2833 MiB, 49140 MiB, 264.50 W, 300.00 W, 70, 2565 MHz
2026/09/23 04:04:52.268, 0, 75 %, 65 %, 2833 MiB, 49140 MiB, 264.40 W, 300.00 W, 69, 2625 MHz
2026/09/23 04:04:53.269, 0, 76 %, 66 %, 2833 MiB, 49140 MiB, 262.46 W, 300.00 W, 69, 2580 MHz
2026/09/23 04:04:54.270, 0, 77 %, 65 %, 2833 MiB, 49140 MiB, 263.94 W, 300.00 W, 69, 2460 MHz
2026/09/23 04:04:55.271, 0, 0 %, 0 %, 2833 MiB, 49140 MiB, 179.29 W, 300.00 W, 65, 2655 MHz
2026/09/23 04:04:56.271, 0, 81 %, 68 %, 2833 MiB, 49140 MiB, 168.07 W, 300.00 W, 68, 2520 MHz
2026/09/23 04:04:57.272, 0, 77 %, 66 %, 2833 MiB, 49140 MiB, 271.89 W, 300.00 W, 70, 2490 MHz
2026/09/23 04:04:58.273, 0, 77 %, 64 %, 2833 MiB, 49140 MiB, 270.55 W, 300.00 W, 70, 2580 MHz
2026/09/23 04:04:59.273, 0, 76 %, 65 %, 2833 MiB, 49140 MiB, 272.24 W, 300.00 W, 70, 2595 MHz
2026/09/23 04:05:00.274, 0, 70 %, 60 %, 2833 MiB, 49140 MiB, 272.98 W, 300.00 W, 71, 2490 MHz
2026/09/23 04:05:01.274, 0, 82 %, 70 %, 2833 MiB, 49140 MiB, 272.52 W, 300.00 W, 69, 2535 MHz
2026/09/23 04:05:02.275, 0, 78 %, 67 %, 2833 MiB, 49140 MiB, 270.03 W, 300.00 W, 70, 2640 MHz
2026/09/23 04:05:03.277, 0, 82 %, 69 %, 2833 MiB, 49140 MiB, 268.64 W, 300.00 W, 70, 2595 MHz
2026/09/23 04:05:04.277, 0, 78 %, 66 %, 2833 MiB, 49140 MiB, 269.06 W, 300.00 W, 70, 2655 MHz
2026/09/23 04:05:05.278, 0, 80 %, 68 %, 2833 MiB, 49140 MiB, 266.09 W, 300.00 W, 69, 2655 MHz
2026/09/23 04:05:06.278, 0, 0 %, 0 %, 2833 MiB, 49140 MiB, 166.25 W, 300.00 W, 65, 2745 MHz
2026/09/23 04:05:07.280, 0, 73 %, 62 %, 2833 MiB, 49140 MiB, 188.34 W, 300.00 W, 68, 2610 MHz
2026/09/23 04:05:08.281, 0, 80 %, 68 %, 2833 MiB, 49140 MiB, 262.96 W, 300.00 W, 71, 2490 MHz
2026/09/23 04:05:09.282, 0, 81 %, 69 %, 2833 MiB, 49140 MiB, 265.09 W, 300.00 W, 69, 2595 MHz
2026/09/23 04:05:10.282, 0, 75 %, 64 %, 2833 MiB, 49140 MiB, 263.13 W, 300.00 W, 71, 2520 MHz
2026/09/23 04:05:11.283, 0, 83 %, 69 %, 2833 MiB, 49140 MiB, 264.48 W, 300.00 W, 70, 2565 MHz
2026/09/23 04:05:12.284, 0, 80 %, 70 %, 2833 MiB, 49140 MiB, 264.15 W, 300.00 W, 71, 2520 MHz
2026/09/23 04:05:13.284, 0, 73 %, 63 %, 2833 MiB, 49140 MiB, 265.58 W, 300.00 W, 69, 2640 MHz
2026/09/23 04:05:14.285, 0, 78 %, 65 %, 2833 MiB, 49140 MiB, 266.50 W, 300.00 W, 69, 2565 MHz
2026/09/23 04:05:15.286, 0, 79 %, 69 %, 2833 MiB, 49140 MiB, 264.77 W, 300.00 W, 71, 2475 MHz
2026/09/23 04:05:16.287, 0, 52 %, 30 %, 2833 MiB, 49140 MiB, 259.48 W, 300.00 W, 70, 2700 MHz
2026/09/23 04:05:17.287, 0, 0 %, 0 %, 2833 MiB, 49140 MiB, 144.33 W, 300.00 W, 65, 2745 MHz
2026/09/23 04:05:18.288, 0, 0 %, 0 %, 1419 MiB, 49140 MiB, 84.48 W, 300.00 W, 64, 2745 MHz
2026/09/23 04:05:19.289, 0, 0 %, 0 %, 1419 MiB, 49140 MiB, 70.83 W, 300.00 W, 63, 2505 MHz
2026/09/23 04:05:20.289, 0, 0 %, 0 %, 1419 MiB, 49140 MiB, 68.86 W, 300.00 W, 63, 2505 MHz
2026/09/23 04:05:21.292, 0, 0 %, 0 %, 1419 MiB, 49140 MiB, 68.18 W, 300.00 W, 62, 2505 MHz
2026/09/23 04:05:22.292, 0, 0 %, 0 %, 1419 MiB, 49140 MiB, 67.98 W, 300.00 W, 61, 2505 MHz
2026/09/23 04:05:23.293, 0, 0 %, 0 %, 1419 MiB, 49140 MiB, 67.68 W, 300.00 W, 61, 2505 MHz
2026/09/23 04:05:24.293, 0, 0 %, 0 %, 1419 MiB, 49140 MiB, 67.47 W, 300.00 W, 61, 2505 MHz
2026/09/23 04:05:25.294, 0, 0 %, 0 %, 1419 MiB, 49140 MiB, 67.25 W, 300.00 W, 60, 2505 MHz
2026/09/23 04:05:26.294, 0, 0 %, 0 %, 1419 MiB, 49140 MiB, 66.86 W, 300.00 W, 60, 2505 MHz
2026/09/23 04:05:27.295, 0, 0 %, 0 %, 1419 MiB, 49140 MiB, 66.46 W, 300.00 W, 60, 2505 MHz
2026/09/23 04:05:28.295, 0, 0 %, 0 %, 1515 MiB, 49140 MiB, 66.09 W, 300.00 W, 59, 2505 MHz
2026/09/23 04:05:29.296, 0, 47 %, 54 %, 1515 MiB, 49140 MiB, 158.56 W, 300.00 W, 62, 2745 MHz
2026/09/23 04:05:30.297, 0, 59 %, 72 %, 1515 MiB, 49140 MiB, 172.14 W, 300.00 W, 62, 2745 MHz
2026/09/23 04:05:31.297, 0, 0 %, 0 %, 1419 MiB, 49140 MiB, 89.36 W, 300.00 W, 60, 2745 MHz
2026/09/23 04:05:32.298, 0, 0 %, 0 %, 1419 MiB, 49140 MiB, 89.93 W, 300.00 W, 59, 2505 MHz
2026/09/23 04:05:33.298, 0, 0 %, 0 %, 1419 MiB, 49140 MiB, 88.59 W, 300.00 W, 59, 2505 MHz
2026/09/23 04:05:34.301, 0, 0 %, 0 %, 1419 MiB, 49140 MiB, 64.53 W, 300.00 W, 58, 2505 MHz
2026/09/23 04:05:35.301, 0, 0 %, 0 %, 1419 MiB, 49140 MiB, 64.36 W, 300.00 W, 58, 2505 MHz
2026/09/23 04:05:36.302, 0, 0 %, 0 %, 1419 MiB, 49140 MiB, 64.04 W, 300.00 W, 57, 2505 MHz
2026/09/23 04:05:37.302, 0, 0 %, 0 %, 1419 MiB, 49140 MiB, 64.06 W, 300.00 W, 57, 2505 MHz
2026/09/23 04:05:38.303, 0, 25 %, 2 %, 0 MiB, 49140 MiB, 64.17 W, 300.00 W, 57, 2505 MHz
2026/09/23 04:05:39.303, 0, 0 %, 0 %, 0 MiB, 49140 MiB, 65.37 W, 300.00 W, 56, 2505 MHz
2026/09/23 04:05:40.304, 0, 0 %, 0 %, 0 MiB, 49140 MiB, 55.02 W, 300.00 W, 56, 585 MHz
2026/09/23 04:05:41.304, 0, 0 %, 0 %, 0 MiB, 49140 MiB, 44.00 W, 300.00 W, 55, 405 MHz
2026/09/23 04:05:42.305, 0, 0 %, 0 %, 0 MiB, 49140 MiB, 30.93 W, 300.00 W, 55, 255 MHz
2026/09/23 04:05:43.306, 0, 0 %, 0 %, 0 MiB, 49140 MiB, 27.78 W, 300.00 W, 54, 210 MHz
2026/09/23 04:05:44.306, 0, 0 %, 0 %, 0 MiB, 49140 MiB, 27.42 W, 300.00 W, 54, 210 MHz
2026/09/23 04:05:45.308, 0, 0 %, 0 %, 0 MiB, 49140 MiB, 27.18 W, 300.00 W, 54, 210 MHz
2026/09/23 04:05:46.308, 0, 0 %, 0 %, 0 MiB, 49140 MiB, 27.08 W, 300.00 W, 53, 210 MHz
2026/09/23 04:05:47.309, 0, 0 %, 0 %, 0 MiB, 49140 MiB, 26.95 W, 300.00 W, 53, 210 MHz
2026/09/23 04:05:48.309, 0, 0 %, 0 %, 0 MiB, 49140 MiB, 26.74 W, 300.00 W, 53, 210 MHz
2026/09/23 04:05:49.311, 0, 0 %, 0 %, 701 MiB, 49140 MiB, 26.59 W, 300.00 W, 53, 210 MHz
2026/09/23 04:05:50.311, 0, 5 %, 0 %, 793 MiB, 49140 MiB, 46.08 W, 300.00 W, 54, 2505 MHz
2026/09/23 04:05:51.312, 0, 60 %, 27 %, 717 MiB, 49140 MiB, 88.35 W, 300.00 W, 57, 2700 MHz
2026/09/23 04:05:52.314, 0, 48 %, 9 %, 1087 MiB, 49140 MiB, 138.82 W, 300.00 W, 55, 2760 MHz
2026/09/23 04:05:53.314, 0, 47 %, 9 %, 1089 MiB, 49140 MiB, 156.85 W, 300.00 W, 56, 2760 MHz
2026/09/23 04:05:54.315, 0, 49 %, 13 %, 717 MiB, 49140 MiB, 133.86 W, 300.00 W, 56, 2760 MHz
2026/09/23 04:05:55.315, 0, 59 %, 30 %, 1087 MiB, 49140 MiB, 171.20 W, 300.00 W, 59, 2760 MHz
2026/09/23 04:05:56.316, 0, 51 %, 18 %, 1087 MiB, 49140 MiB, 195.13 W, 300.00 W, 57, 2745 MHz
2026/09/23 04:05:57.316, 0, 49 %, 12 %, 717 MiB, 49140 MiB, 179.85 W, 300.00 W, 59, 2745 MHz
2026/09/23 04:05:58.317, 0, 49 %, 12 %, 717 MiB, 49140 MiB, 164.80 W, 300.00 W, 57, 2745 MHz
2026/09/23 04:05:59.318, 0, 49 %, 13 %, 887 MiB, 49140 MiB, 176.19 W, 300.00 W, 58, 2745 MHz
2026/09/23 04:06:00.318, 0, 58 %, 29 %, 935 MiB, 49140 MiB, 185.48 W, 300.00 W, 61, 2745 MHz
2026/09/23 04:06:01.319, 0, 56 %, 23 %, 1087 MiB, 49140 MiB, 191.88 W, 300.00 W, 61, 2745 MHz
2026/09/23 04:06:02.319, 0, 51 %, 19 %, 717 MiB, 49140 MiB, 193.78 W, 300.00 W, 58, 2745 MHz
2026/09/23 04:06:03.320, 0, 48 %, 11 %, 717 MiB, 49140 MiB, 188.54 W, 300.00 W, 62, 2745 MHz
2026/09/23 04:06:04.322, 0, 48 %, 9 %, 717 MiB, 49140 MiB, 160.69 W, 300.00 W, 59, 2745 MHz
2026/09/23 04:06:05.322, 0, 42 %, 9 %, 717 MiB, 49140 MiB, 137.37 W, 300.00 W, 58, 2745 MHz
2026/09/23 04:06:06.323, 0, 0 %, 0 %, 715 MiB, 49140 MiB, 83.22 W, 300.00 W, 56, 2745 MHz
