timestamp, index, utilization.gpu [%], utilization.memory [%], memory.used [MiB], memory.total [MiB], power.draw [W], power.limit [W], temperature.gpu, clocks.current.sm [MHz]
2026/09/23 11:45:57.584, 0, 0 %, 0 %, 0 MiB, 49140 MiB, 65.40 W, 300.00 W, 55, 2505 MHz
2026/09/23 11:45:58.589, 0, 0 %, 0 %, 0 MiB, 49140 MiB, 63.79 W, 300.00 W, 55, 2505 MHz
2026/09/23 11:45:59.590, 0, 0 %, 0 %, 0 MiB, 49140 MiB, 52.35 W, 300.00 W, 54, 540 MHz
2026/09/23 11:46:00.590, 0, 0 %, 0 %, 0 MiB, 49140 MiB, 43.01 W, 300.00 W, 54, 345 MHz
2026/09/23 11:46:01.591, 0, 0 %, 0 %, 633 MiB, 49140 MiB, 30.80 W, 300.00 W, 53, 210 MHz
2026/09/23 11:46:02.592, 0, 0 %, 0 %, 633 MiB, 49140 MiB, 54.20 W, 300.00 W, 54, 2505 MHz
2026/09/23 11:46:03.592, 0, 0 %, 0 %, 633 MiB, 49140 MiB, 60.42 W, 300.00 W, 54, 2505 MHz
2026/09/23 11:46:04.593, 0, 0 %, 0 %, 633 MiB, 49140 MiB, 60.33 W, 300.00 W, 54, 2505 MHz
2026/09/23 11:46:05.595, 0, 0 %, 0 %, 633 MiB, 49140 MiB, 60.17 W, 300.00 W, 54, 2505 MHz
2026/09/23 11:46:06.595, 0, 0 %, 0 %, 653 MiB, 49140 MiB, 60.27 W, 300.00 W, 53, 2505 MHz
2026/09/23 11:46:07.596, 0, 0 %, 0 %, 653 MiB, 49140 MiB, 60.27 W, 300.00 W, 53, 2505 MHz
2026/09/23 11:46:08.597, 0, 0 %, 0 %, 655 MiB, 49140 MiB, 60.13 W, 300.00 W, 53, 2505 MHz
2026/09/23 11:46:09.597, 0, 0 %, 0 %, 2235 MiB, 49140 MiB, 91.17 W, 300.00 W, 58, 2760 MHz
2026/09/23 11:46:10.598, 0, 0 %, 0 %, 5161 MiB, 49140 MiB, 122.16 W, 300.00 W, 55, 2085 MHz
2026/09/23 11:46:11.599, 0, 0 %, 0 %, 5167 MiB, 49140 MiB, 117.80 W, 300.00 W, 54, 2745 MHz
2026/09/23 11:46:12.599, 0, 0 %, 0 %, 5553 MiB, 49140 MiB, 92.41 W, 300.00 W, 54, 2745 MHz
2026/09/23 11:46:13.600, 0, 0 %, 0 %, 5845 MiB, 49140 MiB, 102.55 W, 300.00 W, 56, 2745 MHz
2026/09/23 11:46:14.600, 0, 0 %, 0 %, 4883 MiB, 49140 MiB, 97.39 W, 300.00 W, 57, 1860 MHz
2026/09/23 11:46:15.601, 0, 0 %, 0 %, 4789 MiB, 49140 MiB, 106.32 W, 300.00 W, 54, 2760 MHz
2026/09/23 11:46:16.601, 0, 0 %, 0 %, 4937 MiB, 49140 MiB, 85.37 W, 300.00 W, 54, 2760 MHz
2026/09/23 11:46:17.602, 0, 0 %, 0 %, 4647 MiB, 49140 MiB, 77.06 W, 300.00 W, 53, 2505 MHz
2026/09/23 11:46:18.602, 0, 0 %, 0 %, 4647 MiB, 49140 MiB, 86.23 W, 300.00 W, 53, 2760 MHz
2026/09/23 11:46:19.602, 0, 0 %, 0 %, 4809 MiB, 49140 MiB, 81.84 W, 300.00 W, 53, 2760 MHz
2026/09/23 11:46:20.603, 0, 33 %, 17 %, 4719 MiB, 49140 MiB, 74.61 W, 300.00 W, 53, 2505 MHz
2026/09/23 11:46:21.603, 0, 40 %, 17 %, 4451 MiB, 49140 MiB, 70.70 W, 300.00 W, 53, 2505 MHz
2026/09/23 11:46:22.604, 0, 0 %, 0 %, 4477 MiB, 49140 MiB, 62.58 W, 300.00 W, 52, 2505 MHz
2026/09/23 11:46:23.604, 0, 0 %, 0 %, 4353 MiB, 49140 MiB, 67.50 W, 300.00 W, 52, 2505 MHz
2026/09/23 11:46:24.605, 0, 0 %, 0 %, 4383 MiB, 49140 MiB, 67.23 W, 300.00 W, 52, 2505 MHz
2026/09/23 11:46:25.605, 0, 0 %, 0 %, 4387 MiB, 49140 MiB, 62.66 W, 300.00 W, 52, 2505 MHz
2026/09/23 11:46:26.606, 0, 0 %, 0 %, 4317 MiB, 49140 MiB, 66.69 W, 300.00 W, 52, 2505 MHz
2026/09/23 11:46:27.606, 0, 0 %, 0 %, 4317 MiB, 49140 MiB, 65.15 W, 300.00 W, 52, 2505 MHz
2026/09/23 11:46:28.607, 0, 0 %, 0 %, 4317 MiB, 49140 MiB, 59.85 W, 300.00 W, 52, 2505 MHz
2026/09/23 11:46:29.607, 0, 0 %, 0 %, 4299 MiB, 49140 MiB, 60.92 W, 300.00 W, 52, 2505 MHz
2026/09/23 11:46:30.608, 0, 0 %, 0 %, 4295 MiB, 49140 MiB, 61.05 W, 300.00 W, 52, 2505 MHz
2026/09/23 11:46:31.608, 0, 4 %, 0 %, 4295 MiB, 49140 MiB, 60.30 W, 300.00 W, 51, 2505 MHz
2026/09/23 11:46:32.609, 0, 2 %, 0 %, 4323 MiB, 49140 MiB, 59.65 W, 300.00 W, 51, 2505 MHz
2026/09/23 11:46:33.609, 0, 0 %, 0 %, 4671 MiB, 49140 MiB, 72.53 W, 300.00 W, 51, 2460 MHz
2026/09/23 11:46:34.610, 0, 0 %, 0 %, 5447 MiB, 49140 MiB, 85.23 W, 300.00 W, 51, 2505 MHz
2026/09/23 11:46:35.611, 0, 0 %, 0 %, 7401 MiB, 49140 MiB, 99.64 W, 300.00 W, 54, 2295 MHz
2026/09/23 11:46:36.611, 0, 96 %, 87 %, 7401 MiB, 49140 MiB, 282.27 W, 300.00 W, 57, 2100 MHz
2026/09/23 11:46:37.612, 0, 98 %, 91 %, 7401 MiB, 49140 MiB, 283.38 W, 300.00 W, 58, 1740 MHz
2026/09/23 11:46:38.613, 0, 97 %, 89 %, 7401 MiB, 49140 MiB, 284.95 W, 300.00 W, 59, 1785 MHz
2026/09/23 11:46:39.614, 0, 98 %, 88 %, 7401 MiB, 49140 MiB, 283.53 W, 300.00 W, 60, 1935 MHz
2026/09/23 11:46:40.615, 0, 97 %, 89 %, 7401 MiB, 49140 MiB, 283.59 W, 300.00 W, 61, 2100 MHz
2026/09/23 11:46:41.616, 0, 96 %, 88 %, 7401 MiB, 49140 MiB, 284.62 W, 300.00 W, 62, 2115 MHz
2026/09/23 11:46:42.617, 0, 96 %, 88 %, 7401 MiB, 49140 MiB, 283.80 W, 300.00 W, 63, 2160 MHz
2026/09/23 11:46:43.618, 0, 97 %, 89 %, 7401 MiB, 49140 MiB, 283.66 W, 300.00 W, 63, 2025 MHz
2026/09/23 11:46:44.619, 0, 96 %, 87 %, 7401 MiB, 49140 MiB, 284.66 W, 300.00 W, 62, 1890 MHz
2026/09/23 11:46:45.620, 0, 97 %, 88 %, 7401 MiB, 49140 MiB, 285.49 W, 300.00 W, 63, 1995 MHz
2026/09/23 11:46:46.621, 0, 96 %, 86 %, 7401 MiB, 49140 MiB, 286.41 W, 300.00 W, 63, 2115 MHz
2026/09/23 11:46:47.622, 0, 97 %, 85 %, 7401 MiB, 49140 MiB, 285.46 W, 300.00 W, 63, 2190 MHz
2026/09/23 11:46:48.622, 0, 96 %, 87 %, 7401 MiB, 49140 MiB, 285.64 W, 300.00 W, 64, 2205 MHz
2026/09/23 11:46:49.623, 0, 98 %, 89 %, 7401 MiB, 49140 MiB, 285.76 W, 300.00 W, 64, 2100 MHz
2026/09/23 11:46:50.624, 0, 98 %, 89 %, 7401 MiB, 49140 MiB, 286.13 W, 300.00 W, 65, 2010 MHz
2026/09/23 11:46:51.626, 0, 97 %, 89 %, 7401 MiB, 49140 MiB, 285.69 W, 300.00 W, 65, 1890 MHz
2026/09/23 11:46:52.627, 0, 97 %, 89 %, 7401 MiB, 49140 MiB, 286.32 W, 300.00 W, 63, 1680 MHz
2026/09/23 11:46:53.627, 0, 97 %, 87 %, 7401 MiB, 49140 MiB, 286.29 W, 300.00 W, 65, 1815 MHz
2026/09/23 11:46:54.628, 0, 96 %, 88 %, 7401 MiB, 49140 MiB, 286.39 W, 300.00 W, 66, 2025 MHz
2026/09/23 11:46:55.629, 0, 97 %, 87 %, 7401 MiB, 49140 MiB, 287.21 W, 300.00 W, 68, 2115 MHz
2026/09/23 11:46:56.630, 0, 98 %, 89 %, 7401 MiB, 49140 MiB, 287.45 W, 300.00 W, 67, 1950 MHz
2026/09/23 11:46:57.631, 0, 97 %, 87 %, 7401 MiB, 49140 MiB, 286.18 W, 300.00 W, 66, 2130 MHz
2026/09/23 11:46:58.632, 0, 97 %, 87 %, 7401 MiB, 49140 MiB, 219.23 W, 300.00 W, 61, 2745 MHz
2026/09/23 11:46:59.632, 0, 0 %, 0 %, 1937 MiB, 49140 MiB, 93.62 W, 300.00 W, 61, 2685 MHz
2026/09/23 11:47:00.633, 0, 13 %, 1 %, 2333 MiB, 49140 MiB, 143.93 W, 300.00 W, 65, 2505 MHz
2026/09/23 11:47:01.634, 0, 95 %, 69 %, 2333 MiB, 49140 MiB, 263.70 W, 300.00 W, 67, 1845 MHz
2026/09/23 11:47:02.634, 0, 0 %, 0 %, 2333 MiB, 49140 MiB, 129.08 W, 300.00 W, 60, 2745 MHz
2026/09/23 11:47:03.635, 0, 0 %, 0 %, 7503 MiB, 49140 MiB, 138.49 W, 300.00 W, 65, 2175 MHz
2026/09/23 11:47:04.636, 0, 98 %, 89 %, 7503 MiB, 49140 MiB, 286.03 W, 300.00 W, 66, 1800 MHz
2026/09/23 11:47:05.638, 0, 98 %, 88 %, 7503 MiB, 49140 MiB, 287.16 W, 300.00 W, 65, 1740 MHz
2026/09/23 11:47:06.638, 0, 97 %, 87 %, 7503 MiB, 49140 MiB, 286.52 W, 300.00 W, 66, 1995 MHz
2026/09/23 11:47:07.639, 0, 95 %, 85 %, 7503 MiB, 49140 MiB, 286.75 W, 300.00 W, 69, 2160 MHz
2026/09/23 11:47:08.640, 0, 94 %, 86 %, 7503 MiB, 49140 MiB, 288.03 W, 300.00 W, 68, 1815 MHz
2026/09/23 11:47:09.641, 0, 97 %, 85 %, 7503 MiB, 49140 MiB, 288.02 W, 300.00 W, 67, 2100 MHz
2026/09/23 11:47:10.642, 0, 98 %, 88 %, 7503 MiB, 49140 MiB, 288.43 W, 300.00 W, 68, 1770 MHz
2026/09/23 11:47:11.642, 0, 97 %, 87 %, 7503 MiB, 49140 MiB, 287.26 W, 300.00 W, 67, 1650 MHz
2026/09/23 11:47:12.645, 0, 96 %, 85 %, 7503 MiB, 49140 MiB, 287.35 W, 300.00 W, 69, 1950 MHz
2026/09/23 11:47:13.645, 0, 97 %, 87 %, 7503 MiB, 49140 MiB, 288.03 W, 300.00 W, 68, 1905 MHz
2026/09/23 11:47:14.646, 0, 97 %, 86 %, 7503 MiB, 49140 MiB, 288.29 W, 300.00 W, 68, 2085 MHz
2026/09/23 11:47:15.648, 0, 98 %, 87 %, 7503 MiB, 49140 MiB, 289.42 W, 300.00 W, 69, 1800 MHz
2026/09/23 11:47:16.649, 0, 96 %, 85 %, 7503 MiB, 49140 MiB, 287.04 W, 300.00 W, 68, 1665 MHz
2026/09/23 11:47:17.650, 0, 97 %, 88 %, 7503 MiB, 49140 MiB, 289.36 W, 300.00 W, 70, 2070 MHz
2026/09/23 11:47:18.650, 0, 97 %, 88 %, 7503 MiB, 49140 MiB, 289.67 W, 300.00 W, 69, 1785 MHz
2026/09/23 11:47:19.651, 0, 97 %, 85 %, 7503 MiB, 49140 MiB, 289.33 W, 300.00 W, 69, 1965 MHz
2026/09/23 11:47:20.652, 0, 97 %, 87 %, 7503 MiB, 49140 MiB, 289.11 W, 300.00 W, 69, 1725 MHz
2026/09/23 11:47:21.653, 0, 98 %, 88 %, 7503 MiB, 49140 MiB, 288.18 W, 300.00 W, 69, 1935 MHz
2026/09/23 11:47:22.654, 0, 96 %, 86 %, 7503 MiB, 49140 MiB, 288.98 W, 300.00 W, 71, 1995 MHz
2026/09/23 11:47:23.654, 0, 98 %, 87 %, 7503 MiB, 49140 MiB, 288.28 W, 300.00 W, 69, 2055 MHz
2026/09/23 11:47:24.656, 0, 95 %, 86 %, 7503 MiB, 49140 MiB, 290.44 W, 300.00 W, 70, 1680 MHz
2026/09/23 11:47:25.660, 0, 98 %, 88 %, 7503 MiB, 49140 MiB, 289.96 W, 300.00 W, 69, 1635 MHz
2026/09/23 11:47:26.661, 0, 97 %, 88 %, 7503 MiB, 49140 MiB, 290.27 W, 300.00 W, 70, 1800 MHz
2026/09/23 11:47:27.662, 0, 94 %, 71 %, 7503 MiB, 49140 MiB, 276.39 W, 300.00 W, 68, 2670 MHz
2026/09/23 11:47:28.662, 0, 0 %, 0 %, 7503 MiB, 49140 MiB, 82.43 W, 300.00 W, 64, 2670 MHz
2026/09/23 11:47:29.663, 0, 0 %, 0 %, 7503 MiB, 49140 MiB, 165.75 W, 300.00 W, 69, 2040 MHz
2026/09/23 11:47:30.668, 0, 97 %, 86 %, 7503 MiB, 49140 MiB, 289.44 W, 300.00 W, 68, 1965 MHz
2026/09/23 11:47:31.669, 0, 97 %, 86 %, 7503 MiB, 49140 MiB, 288.11 W, 300.00 W, 70, 1590 MHz
2026/09/23 11:47:32.669, 0, 98 %, 88 %, 7503 MiB, 49140 MiB, 290.69 W, 300.00 W, 71, 1935 MHz
2026/09/23 11:47:33.671, 0, 98 %, 87 %, 7503 MiB, 49140 MiB, 289.76 W, 300.00 W, 70, 1980 MHz
2026/09/23 11:47:34.672, 0, 97 %, 88 %, 7503 MiB, 49140 MiB, 290.02 W, 300.00 W, 71, 2070 MHz
2026/09/23 11:47:35.672, 0, 98 %, 87 %, 7503 MiB, 49140 MiB, 291.07 W, 300.00 W, 69, 1800 MHz
2026/09/23 11:47:36.673, 0, 97 %, 87 %, 7503 MiB, 49140 MiB, 287.24 W, 300.00 W, 71, 1650 MHz
2026/09/23 11:47:37.674, 0, 96 %, 87 %, 7503 MiB, 49140 MiB, 288.36 W, 300.00 W, 70, 2055 MHz
2026/09/23 11:47:38.675, 0, 95 %, 87 %, 7503 MiB, 49140 MiB, 287.69 W, 300.00 W, 71, 2055 MHz
2026/09/23 11:47:39.676, 0, 97 %, 88 %, 7503 MiB, 49140 MiB, 288.50 W, 300.00 W, 69, 1755 MHz
2026/09/23 11:47:40.677, 0, 97 %, 86 %, 7503 MiB, 49140 MiB, 290.10 W, 300.00 W, 72, 1830 MHz
2026/09/23 11:47:41.678, 0, 98 %, 88 %, 7503 MiB, 49140 MiB, 288.96 W, 300.00 W, 71, 2010 MHz
2026/09/23 11:47:42.681, 0, 97 %, 86 %, 7503 MiB, 49140 MiB, 290.52 W, 300.00 W, 70, 1950 MHz
2026/09/23 11:47:43.682, 0, 98 %, 88 %, 7503 MiB, 49140 MiB, 289.71 W, 300.00 W, 70, 1830 MHz
2026/09/23 11:47:44.682, 0, 97 %, 86 %, 7503 MiB, 49140 MiB, 290.29 W, 300.00 W, 71, 1590 MHz
2026/09/23 11:47:45.683, 0, 98 %, 87 %, 7503 MiB, 49140 MiB, 291.30 W, 300.00 W, 73, 1935 MHz
2026/09/23 11:47:46.685, 0, 97 %, 85 %, 7503 MiB, 49140 MiB, 290.54 W, 300.00 W, 71, 1680 MHz
2026/09/23 11:47:47.686, 0, 97 %, 88 %, 7503 MiB, 49140 MiB, 291.00 W, 300.00 W, 72, 2040 MHz
2026/09/23 11:47:48.687, 0, 98 %, 87 %, 7503 MiB, 49140 MiB, 289.80 W, 300.00 W, 71, 1665 MHz
2026/09/23 11:47:49.690, 0, 98 %, 88 %, 7503 MiB, 49140 MiB, 289.07 W, 300.00 W, 71, 2025 MHz
2026/09/23 11:47:50.691, 0, 98 %, 87 %, 7503 MiB, 49140 MiB, 291.17 W, 300.00 W, 71, 1785 MHz
2026/09/23 11:47:51.692, 0, 95 %, 85 %, 7503 MiB, 49140 MiB, 289.39 W, 300.00 W, 70, 1695 MHz
2026/09/23 11:47:52.693, 0, 98 %, 87 %, 7503 MiB, 49140 MiB, 290.55 W, 300.00 W, 72, 1665 MHz
2026/09/23 11:47:53.696, 0, 93 %, 70 %, 7503 MiB, 49140 MiB, 169.69 W, 300.00 W, 67, 2730 MHz
2026/09/23 11:47:54.696, 0, 0 %, 0 %, 7503 MiB, 49140 MiB, 91.27 W, 300.00 W, 65, 2160 MHz
2026/09/23 11:47:55.697, 0, 97 %, 86 %, 7503 MiB, 49140 MiB, 289.83 W, 300.00 W, 71, 1980 MHz
2026/09/23 11:47:56.698, 0, 97 %, 87 %, 7503 MiB, 49140 MiB, 291.09 W, 300.00 W, 71, 2070 MHz
2026/09/23 11:47:57.700, 0, 97 %, 85 %, 7503 MiB, 49140 MiB, 288.81 W, 300.00 W, 69, 1710 MHz
2026/09/23 11:47:58.701, 0, 97 %, 87 %, 7503 MiB, 49140 MiB, 289.97 W, 300.00 W, 72, 1890 MHz
2026/09/23 11:47:59.701, 0, 97 %, 85 %, 7503 MiB, 49140 MiB, 289.90 W, 300.00 W, 71, 1890 MHz
2026/09/23 11:48:00.702, 0, 98 %, 88 %, 7503 MiB, 49140 MiB, 291.79 W, 300.00 W, 71, 2055 MHz
2026/09/23 11:48:01.705, 0, 98 %, 87 %, 7503 MiB, 49140 MiB, 289.43 W, 300.00 W, 71, 1650 MHz
2026/09/23 11:48:02.706, 0, 98 %, 87 %, 7503 MiB, 49140 MiB, 289.77 W, 300.00 W, 73, 1860 MHz
2026/09/23 11:48:03.707, 0, 98 %, 88 %, 7503 MiB, 49140 MiB, 290.27 W, 300.00 W, 71, 1725 MHz
2026/09/23 11:48:04.707, 0, 98 %, 88 %, 7503 MiB, 49140 MiB, 291.90 W, 300.00 W, 72, 2100 MHz
2026/09/23 11:48:05.708, 0, 97 %, 86 %, 7503 MiB, 49140 MiB, 289.87 W, 300.00 W, 71, 1650 MHz
2026/09/23 11:48:06.709, 0, 96 %, 87 %, 7503 MiB, 49140 MiB, 289.34 W, 300.00 W, 72, 1830 MHz
2026/09/23 11:48:07.711, 0, 96 %, 85 %, 7503 MiB, 49140 MiB, 289.62 W, 300.00 W, 72, 2085 MHz
2026/09/23 11:48:08.711, 0, 97 %, 86 %, 7503 MiB, 49140 MiB, 288.53 W, 300.00 W, 71, 1770 MHz
2026/09/23 11:48:09.712, 0, 98 %, 87 %, 7503 MiB, 49140 MiB, 290.27 W, 300.00 W, 73, 1860 MHz
2026/09/23 11:48:10.713, 0, 98 %, 88 %, 7503 MiB, 49140 MiB, 288.41 W, 300.00 W, 72, 1785 MHz
2026/09/23 11:48:11.714, 0, 98 %, 88 %, 7503 MiB, 49140 MiB, 292.04 W, 300.00 W, 72, 2100 MHz
2026/09/23 11:48:12.715, 0, 98 %, 87 %, 7503 MiB, 49140 MiB, 290.16 W, 300.00 W, 71, 1665 MHz
2026/09/23 11:48:13.715, 0, 98 %, 86 %, 7503 MiB, 49140 MiB, 289.99 W, 300.00 W, 74, 1605 MHz
2026/09/23 11:48:14.716, 0, 98 %, 88 %, 7503 MiB, 49140 MiB, 290.70 W, 300.00 W, 72, 1875 MHz
2026/09/23 11:48:15.718, 0, 98 %, 88 %, 7503 MiB, 49140 MiB, 291.85 W, 300.00 W, 73, 1725 MHz
2026/09/23 11:48:16.718, 0, 98 %, 87 %, 7503 MiB, 49140 MiB, 290.80 W, 300.00 W, 72, 2070 MHz
2026/09/23 11:48:17.719, 0, 98 %, 88 %, 7503 MiB, 49140 MiB, 290.50 W, 300.00 W, 73, 1560 MHz
2026/09/23 11:48:18.720, 0, 91 %, 66 %, 7503 MiB, 49140 MiB, 296.01 W, 300.00 W, 73, 1785 MHz
2026/09/23 11:48:19.721, 0, 0 %, 0 %, 7503 MiB, 49140 MiB, 165.38 W, 300.00 W, 66, 2730 MHz
2026/09/23 11:48:20.722, 0, 0 %, 0 %, 7503 MiB, 49140 MiB, 86.56 W, 300.00 W, 66, 2745 MHz
2026/09/23 11:48:21.722, 0, 98 %, 87 %, 7503 MiB, 49140 MiB, 166.89 W, 300.00 W, 70, 1950 MHz
2026/09/23 11:48:22.723, 0, 97 %, 87 %, 7503 MiB, 49140 MiB, 290.66 W, 300.00 W, 71, 1770 MHz
2026/09/23 11:48:23.724, 0, 96 %, 87 %, 7503 MiB, 49140 MiB, 289.52 W, 300.00 W, 72, 1665 MHz
2026/09/23 11:48:24.725, 0, 97 %, 87 %, 7503 MiB, 49140 MiB, 290.27 W, 300.00 W, 72, 1935 MHz
2026/09/23 11:48:25.726, 0, 97 %, 85 %, 7503 MiB, 49140 MiB, 290.26 W, 300.00 W, 71, 2055 MHz
2026/09/23 11:48:26.726, 0, 97 %, 87 %, 7503 MiB, 49140 MiB, 289.48 W, 300.00 W, 72, 1770 MHz
2026/09/23 11:48:27.727, 0, 98 %, 87 %, 7503 MiB, 49140 MiB, 289.79 W, 300.00 W, 72, 1800 MHz
2026/09/23 11:48:28.728, 0, 98 %, 87 %, 7503 MiB, 49140 MiB, 291.84 W, 300.00 W, 72, 1965 MHz
2026/09/23 11:48:29.729, 0, 98 %, 85 %, 7503 MiB, 49140 MiB, 290.03 W, 300.00 W, 70, 2025 MHz
2026/09/23 11:48:30.730, 0, 96 %, 87 %, 7503 MiB, 49140 MiB, 289.84 W, 300.00 W, 73, 1710 MHz
2026/09/23 11:48:31.731, 0, 97 %, 86 %, 7503 MiB, 49140 MiB, 289.33 W, 300.00 W, 72, 1875 MHz
2026/09/23 11:48:32.732, 0, 97 %, 87 %, 7503 MiB, 49140 MiB, 290.64 W, 300.00 W, 73, 1755 MHz
2026/09/23 11:48:33.733, 0, 97 %, 86 %, 7503 MiB, 49140 MiB, 289.32 W, 300.00 W, 72, 1875 MHz
2026/09/23 11:48:34.733, 0, 98 %, 88 %, 7503 MiB, 49140 MiB, 290.89 W, 300.00 W, 73, 1575 MHz
2026/09/23 11:48:35.734, 0, 97 %, 86 %, 7503 MiB, 49140 MiB, 289.60 W, 300.00 W, 72, 1845 MHz
2026/09/23 11:48:36.736, 0, 95 %, 84 %, 7503 MiB, 49140 MiB, 289.72 W, 300.00 W, 72, 1980 MHz
2026/09/23 11:48:37.737, 0, 98 %, 88 %, 7503 MiB, 49140 MiB, 290.17 W, 300.00 W, 72, 1650 MHz
2026/09/23 11:48:38.739, 0, 98 %, 89 %, 7503 MiB, 49140 MiB, 292.07 W, 300.00 W, 73, 1560 MHz
2026/09/23 11:48:39.740, 0, 98 %, 87 %, 7503 MiB, 49140 MiB, 291.58 W, 300.00 W, 72, 1950 MHz
2026/09/23 11:48:40.740, 0, 97 %, 85 %, 7503 MiB, 49140 MiB, 289.99 W, 300.00 W, 71, 2040 MHz
2026/09/23 11:48:41.741, 0, 97 %, 88 %, 7503 MiB, 49140 MiB, 290.72 W, 300.00 W, 73, 1755 MHz
2026/09/23 11:48:42.742, 0, 96 %, 85 %, 7503 MiB, 49140 MiB, 290.54 W, 300.00 W, 72, 1890 MHz
2026/09/23 11:48:43.744, 0, 97 %, 87 %, 7503 MiB, 49140 MiB, 290.91 W, 300.00 W, 73, 1710 MHz
2026/09/23 11:48:44.745, 0, 94 %, 66 %, 7503 MiB, 49140 MiB, 292.13 W, 300.00 W, 73, 1665 MHz
2026/09/23 11:48:45.746, 0, 6 %, 0 %, 7503 MiB, 49140 MiB, 247.32 W, 300.00 W, 67, 2730 MHz
2026/09/23 11:48:46.747, 0, 0 %, 0 %, 7503 MiB, 49140 MiB, 87.03 W, 300.00 W, 66, 2730 MHz
2026/09/23 11:48:47.748, 0, 97 %, 88 %, 7503 MiB, 49140 MiB, 217.44 W, 300.00 W, 72, 1830 MHz
2026/09/23 11:48:48.748, 0, 98 %, 88 %, 7503 MiB, 49140 MiB, 293.61 W, 300.00 W, 72, 1695 MHz
2026/09/23 11:48:49.750, 0, 97 %, 86 %, 7503 MiB, 49140 MiB, 291.10 W, 300.00 W, 72, 1860 MHz
2026/09/23 11:48:50.751, 0, 97 %, 86 %, 7503 MiB, 49140 MiB, 289.60 W, 300.00 W, 71, 2100 MHz
2026/09/23 11:48:51.752, 0, 97 %, 85 %, 7503 MiB, 49140 MiB, 289.66 W, 300.00 W, 73, 1620 MHz
2026/09/23 11:48:52.752, 0, 98 %, 88 %, 7503 MiB, 49140 MiB, 290.19 W, 300.00 W, 72, 1920 MHz
2026/09/23 11:48:53.753, 0, 97 %, 86 %, 7503 MiB, 49140 MiB, 288.98 W, 300.00 W, 71, 1995 MHz
2026/09/23 11:48:54.754, 0, 97 %, 88 %, 7503 MiB, 49140 MiB, 290.15 W, 300.00 W, 73, 1665 MHz
2026/09/23 11:48:55.755, 0, 97 %, 85 %, 7503 MiB, 49140 MiB, 289.85 W, 300.00 W, 72, 1965 MHz
2026/09/23 11:48:56.756, 0, 97 %, 87 %, 7503 MiB, 49140 MiB, 292.10 W, 300.00 W, 73, 1860 MHz
2026/09/23 11:48:57.756, 0, 97 %, 87 %, 7503 MiB, 49140 MiB, 289.57 W, 300.00 W, 72, 1695 MHz
2026/09/23 11:48:58.757, 0, 96 %, 86 %, 7503 MiB, 49140 MiB, 291.35 W, 300.00 W, 73, 1755 MHz
2026/09/23 11:48:59.758, 0, 97 %, 86 %, 7503 MiB, 49140 MiB, 292.31 W, 300.00 W, 73, 1890 MHz
2026/09/23 11:49:00.758, 0, 97 %, 86 %, 7503 MiB, 49140 MiB, 290.29 W, 300.00 W, 71, 1695 MHz
2026/09/23 11:49:01.759, 0, 97 %, 86 %, 7503 MiB, 49140 MiB, 290.43 W, 300.00 W, 74, 1680 MHz
2026/09/23 11:49:02.762, 0, 97 %, 86 %, 7503 MiB, 49140 MiB, 291.27 W, 300.00 W, 72, 1845 MHz
2026/09/23 11:49:03.763, 0, 98 %, 85 %, 7503 MiB, 49140 MiB, 290.93 W, 300.00 W, 71, 1725 MHz
2026/09/23 11:49:04.764, 0, 98 %, 86 %, 7503 MiB, 49140 MiB, 291.36 W, 300.00 W, 74, 1890 MHz
2026/09/23 11:49:05.765, 0, 97 %, 87 %, 7503 MiB, 49140 MiB, 290.65 W, 300.00 W, 72, 1680 MHz
2026/09/23 11:49:06.766, 0, 97 %, 85 %, 7503 MiB, 49140 MiB, 291.66 W, 300.00 W, 72, 1890 MHz
2026/09/23 11:49:07.766, 0, 97 %, 87 %, 7503 MiB, 49140 MiB, 289.61 W, 300.00 W, 74, 2115 MHz
2026/09/23 11:49:08.767, 0, 98 %, 87 %, 7503 MiB, 49140 MiB, 290.18 W, 300.00 W, 72, 1575 MHz
2026/09/23 11:49:09.768, 0, 98 %, 88 %, 7503 MiB, 49140 MiB, 292.36 W, 300.00 W, 74, 1875 MHz
2026/09/23 11:49:10.769, 0, 95 %, 66 %, 7503 MiB, 49140 MiB, 294.28 W, 300.00 W, 73, 1560 MHz
2026/09/23 11:49:11.770, 0, 6 %, 0 %, 7503 MiB, 49140 MiB, 246.97 W, 300.00 W, 68, 2730 MHz
2026/09/23 11:49:12.770, 0, 0 %, 0 %, 7503 MiB, 49140 MiB, 87.67 W, 300.00 W, 66, 2745 MHz
2026/09/23 11:49:13.771, 0, 94 %, 85 %, 7503 MiB, 49140 MiB, 209.31 W, 300.00 W, 72, 1815 MHz
2026/09/23 11:49:14.771, 0, 97 %, 87 %, 7503 MiB, 49140 MiB, 290.20 W, 300.00 W, 72, 1920 MHz
2026/09/23 11:49:15.772, 0, 98 %, 87 %, 7503 MiB, 49140 MiB, 289.11 W, 300.00 W, 71, 1665 MHz
2026/09/23 11:49:16.773, 0, 98 %, 87 %, 7503 MiB, 49140 MiB, 290.64 W, 300.00 W, 74, 1755 MHz
2026/09/23 11:49:17.774, 0, 95 %, 85 %, 7503 MiB, 49140 MiB, 289.79 W, 300.00 W, 72, 1695 MHz
2026/09/23 11:49:18.778, 0, 97 %, 85 %, 7503 MiB, 49140 MiB, 290.52 W, 300.00 W, 71, 1875 MHz
2026/09/23 11:49:19.779, 0, 96 %, 85 %, 7503 MiB, 49140 MiB, 290.18 W, 300.00 W, 74, 2100 MHz
2026/09/23 11:49:20.779, 0, 97 %, 86 %, 7503 MiB, 49140 MiB, 289.78 W, 300.00 W, 72, 1575 MHz
2026/09/23 11:49:21.780, 0, 97 %, 87 %, 7503 MiB, 49140 MiB, 291.76 W, 300.00 W, 73, 1965 MHz
2026/09/23 11:49:22.781, 0, 97 %, 86 %, 7503 MiB, 49140 MiB, 290.41 W, 300.00 W, 73, 2025 MHz
2026/09/23 11:49:23.781, 0, 97 %, 87 %, 7503 MiB, 49140 MiB, 291.61 W, 300.00 W, 73, 1725 MHz
2026/09/23 11:49:24.783, 0, 97 %, 86 %, 7503 MiB, 49140 MiB, 292.51 W, 300.00 W, 73, 1845 MHz
2026/09/23 11:49:25.785, 0, 96 %, 85 %, 7503 MiB, 49140 MiB, 288.49 W, 300.00 W, 72, 1995 MHz
2026/09/23 11:49:26.785, 0, 97 %, 87 %, 7503 MiB, 49140 MiB, 291.40 W, 300.00 W, 74, 1695 MHz
2026/09/23 11:49:27.786, 0, 97 %, 87 %, 7503 MiB, 49140 MiB, 290.59 W, 300.00 W, 73, 1965 MHz
2026/09/23 11:49:28.787, 0, 97 %, 86 %, 7503 MiB, 49140 MiB, 288.04 W, 300.00 W, 72, 2130 MHz
2026/09/23 11:49:29.788, 0, 96 %, 86 %, 7503 MiB, 49140 MiB, 290.13 W, 300.00 W, 73, 1740 MHz
2026/09/23 11:49:30.791, 0, 96 %, 86 %, 7503 MiB, 49140 MiB, 290.00 W, 300.00 W, 73, 2280 MHz
2026/09/23 11:49:31.791, 0, 98 %, 88 %, 7503 MiB, 49140 MiB, 289.46 W, 300.00 W, 73, 1995 MHz
2026/09/23 11:49:32.793, 0, 98 %, 86 %, 7503 MiB, 49140 MiB, 290.98 W, 300.00 W, 73, 1665 MHz
2026/09/23 11:49:33.794, 0, 98 %, 88 %, 7503 MiB, 49140 MiB, 292.20 W, 300.00 W, 73, 1980 MHz
2026/09/23 11:49:34.795, 0, 98 %, 87 %, 7503 MiB, 49140 MiB, 290.17 W, 300.00 W, 73, 1935 MHz
2026/09/23 11:49:35.796, 0, 98 %, 88 %, 7503 MiB, 49140 MiB, 291.75 W, 300.00 W, 73, 1665 MHz
2026/09/23 11:49:36.797, 0, 93 %, 67 %, 7503 MiB, 49140 MiB, 292.86 W, 300.00 W, 74, 1635 MHz
2026/09/23 11:49:37.798, 0, 10 %, 0 %, 7503 MiB, 49140 MiB, 256.97 W, 300.00 W, 67, 2505 MHz
2026/09/23 11:49:38.798, 0, 0 %, 0 %, 7503 MiB, 49140 MiB, 71.80 W, 300.00 W, 66, 2505 MHz
2026/09/23 11:49:39.799, 0, 98 %, 88 %, 7503 MiB, 49140 MiB, 184.63 W, 300.00 W, 72, 1680 MHz
2026/09/23 11:49:40.799, 0, 98 %, 87 %, 7503 MiB, 49140 MiB, 289.87 W, 300.00 W, 72, 1890 MHz
2026/09/23 11:49:41.800, 0, 97 %, 85 %, 7503 MiB, 49140 MiB, 289.09 W, 300.00 W, 71, 1830 MHz
2026/09/23 11:49:42.801, 0, 97 %, 86 %, 7503 MiB, 49140 MiB, 289.19 W, 300.00 W, 73, 2055 MHz
2026/09/23 11:49:43.804, 0, 96 %, 87 %, 7503 MiB, 49140 MiB, 287.61 W, 300.00 W, 72, 1650 MHz
2026/09/23 11:49:44.805, 0, 98 %, 88 %, 7503 MiB, 49140 MiB, 290.13 W, 300.00 W, 73, 1950 MHz
2026/09/23 11:49:45.806, 0, 97 %, 87 %, 7503 MiB, 49140 MiB, 289.57 W, 300.00 W, 72, 2040 MHz
2026/09/23 11:49:46.807, 0, 96 %, 87 %, 7503 MiB, 49140 MiB, 289.56 W, 300.00 W, 72, 1740 MHz
2026/09/23 11:49:47.808, 0, 97 %, 86 %, 7503 MiB, 49140 MiB, 291.72 W, 300.00 W, 72, 1860 MHz
2026/09/23 11:49:48.809, 0, 97 %, 85 %, 7503 MiB, 49140 MiB, 290.68 W, 300.00 W, 71, 1875 MHz
2026/09/23 11:49:49.810, 0, 98 %, 88 %, 7503 MiB, 49140 MiB, 290.64 W, 300.00 W, 73, 1740 MHz
2026/09/23 11:49:50.810, 0, 94 %, 84 %, 7503 MiB, 49140 MiB, 288.17 W, 300.00 W, 73, 1980 MHz
2026/09/23 11:49:51.813, 0, 97 %, 87 %, 7503 MiB, 49140 MiB, 292.16 W, 300.00 W, 73, 1590 MHz
2026/09/23 11:49:52.816, 0, 98 %, 87 %, 7503 MiB, 49140 MiB, 289.00 W, 300.00 W, 72, 1980 MHz
2026/09/23 11:49:53.816, 0, 93 %, 83 %, 7503 MiB, 49140 MiB, 288.11 W, 300.00 W, 73, 2100 MHz
2026/09/23 11:49:54.817, 0, 97 %, 86 %, 7503 MiB, 49140 MiB, 292.30 W, 300.00 W, 73, 1635 MHz
2026/09/23 11:49:55.818, 0, 98 %, 85 %, 7503 MiB, 49140 MiB, 290.83 W, 300.00 W, 71, 1845 MHz
2026/09/23 11:49:56.820, 0, 98 %, 87 %, 7503 MiB, 49140 MiB, 289.90 W, 300.00 W, 74, 1815 MHz
2026/09/23 11:49:57.821, 0, 97 %, 86 %, 7503 MiB, 49140 MiB, 290.24 W, 300.00 W, 73, 1815 MHz
2026/09/23 11:49:58.822, 0, 90 %, 80 %, 7503 MiB, 49140 MiB, 290.15 W, 300.00 W, 72, 1890 MHz
2026/09/23 11:49:59.823, 0, 98 %, 88 %, 7503 MiB, 49140 MiB, 288.20 W, 300.00 W, 73, 1695 MHz
2026/09/23 11:50:00.823, 0, 96 %, 84 %, 7503 MiB, 49140 MiB, 289.33 W, 300.00 W, 72, 1890 MHz
2026/09/23 11:50:01.824, 0, 97 %, 87 %, 7503 MiB, 49140 MiB, 291.92 W, 300.00 W, 73, 1545 MHz
2026/09/23 11:50:02.825, 0, 90 %, 68 %, 7503 MiB, 49140 MiB, 291.50 W, 300.00 W, 74, 1530 MHz
2026/09/23 11:50:03.826, 0, 9 %, 0 %, 7503 MiB, 49140 MiB, 264.42 W, 300.00 W, 67, 2595 MHz
2026/09/23 11:50:04.826, 0, 0 %, 0 %, 7503 MiB, 49140 MiB, 76.79 W, 300.00 W, 66, 2595 MHz
2026/09/23 11:50:05.827, 0, 97 %, 86 %, 7503 MiB, 49140 MiB, 177.99 W, 300.00 W, 70, 1935 MHz
2026/09/23 11:50:06.828, 0, 97 %, 87 %, 7503 MiB, 49140 MiB, 289.91 W, 300.00 W, 72, 1740 MHz
2026/09/23 11:50:07.828, 0, 98 %, 86 %, 7503 MiB, 49140 MiB, 289.46 W, 300.00 W, 72, 2055 MHz
2026/09/23 11:50:08.831, 0, 98 %, 88 %, 7503 MiB, 49140 MiB, 291.21 W, 300.00 W, 72, 1575 MHz
2026/09/23 11:50:09.832, 0, 97 %, 86 %, 7503 MiB, 49140 MiB, 290.43 W, 300.00 W, 71, 1845 MHz
2026/09/23 11:50:10.833, 0, 97 %, 87 %, 7503 MiB, 49140 MiB, 290.35 W, 300.00 W, 74, 1920 MHz
2026/09/23 11:50:11.834, 0, 98 %, 86 %, 7503 MiB, 49140 MiB, 290.21 W, 300.00 W, 72, 1860 MHz
2026/09/23 11:50:12.835, 0, 98 %, 88 %, 7503 MiB, 49140 MiB, 291.02 W, 300.00 W, 73, 1620 MHz
2026/09/23 11:50:13.836, 0, 98 %, 87 %, 7503 MiB, 49140 MiB, 290.71 W, 300.00 W, 72, 1905 MHz
2026/09/23 11:50:14.836, 0, 98 %, 87 %, 7503 MiB, 49140 MiB, 291.21 W, 300.00 W, 74, 1905 MHz
2026/09/23 11:50:15.837, 0, 98 %, 88 %, 7503 MiB, 49140 MiB, 290.80 W, 300.00 W, 72, 1785 MHz
2026/09/23 11:50:16.838, 0, 96 %, 86 %, 7503 MiB, 49140 MiB, 291.39 W, 300.00 W, 73, 1650 MHz
2026/09/23 11:50:17.839, 0, 94 %, 84 %, 7503 MiB, 49140 MiB, 288.85 W, 300.00 W, 72, 1860 MHz
2026/09/23 11:50:18.841, 0, 98 %, 88 %, 7503 MiB, 49140 MiB, 291.30 W, 300.00 W, 73, 2040 MHz
2026/09/23 11:50:19.841, 0, 98 %, 87 %, 7503 MiB, 49140 MiB, 291.48 W, 300.00 W, 72, 1650 MHz
2026/09/23 11:50:20.843, 0, 98 %, 85 %, 7503 MiB, 49140 MiB, 290.85 W, 300.00 W, 71, 1860 MHz
2026/09/23 11:50:21.844, 0, 98 %, 87 %, 7503 MiB, 49140 MiB, 289.80 W, 300.00 W, 74, 1830 MHz
2026/09/23 11:50:22.844, 0, 98 %, 87 %, 7503 MiB, 49140 MiB, 291.02 W, 300.00 W, 72, 1710 MHz
2026/09/23 11:50:23.845, 0, 97 %, 87 %, 7503 MiB, 49140 MiB, 292.20 W, 300.00 W, 73, 1725 MHz
2026/09/23 11:50:24.846, 0, 98 %, 87 %, 7503 MiB, 49140 MiB, 291.14 W, 300.00 W, 73, 1920 MHz
2026/09/23 11:50:25.847, 0, 98 %, 89 %, 7503 MiB, 49140 MiB, 289.86 W, 300.00 W, 73, 2085 MHz
2026/09/23 11:50:26.848, 0, 94 %, 84 %, 7503 MiB, 49140 MiB, 291.89 W, 300.00 W, 73, 1605 MHz
2026/09/23 11:50:27.849, 0, 98 %, 82 %, 7503 MiB, 49140 MiB, 291.17 W, 300.00 W, 72, 1800 MHz
2026/09/23 11:50:28.849, 0, 93 %, 66 %, 7503 MiB, 49140 MiB, 291.48 W, 300.00 W, 74, 1605 MHz
2026/09/23 11:50:29.850, 0, 7 %, 0 %, 7503 MiB, 49140 MiB, 250.81 W, 300.00 W, 68, 2730 MHz
2026/09/23 11:50:30.850, 0, 0 %, 0 %, 7503 MiB, 49140 MiB, 87.53 W, 300.00 W, 66, 2745 MHz
2026/09/23 11:50:31.852, 0, 96 %, 87 %, 7503 MiB, 49140 MiB, 188.60 W, 300.00 W, 72, 1635 MHz
2026/09/23 11:50:32.853, 0, 97 %, 87 %, 7503 MiB, 49140 MiB, 286.69 W, 300.00 W, 72, 1875 MHz
2026/09/23 11:50:33.854, 0, 97 %, 89 %, 7503 MiB, 49140 MiB, 289.34 W, 300.00 W, 72, 2115 MHz
2026/09/23 11:50:34.855, 0, 96 %, 86 %, 7503 MiB, 49140 MiB, 290.58 W, 300.00 W, 72, 1590 MHz
2026/09/23 11:50:35.855, 0, 98 %, 82 %, 7503 MiB, 49140 MiB, 289.57 W, 300.00 W, 71, 1815 MHz
2026/09/23 11:50:36.856, 0, 97 %, 87 %, 7503 MiB, 49140 MiB, 288.17 W, 300.00 W, 73, 2070 MHz
2026/09/23 11:50:37.857, 0, 96 %, 85 %, 7503 MiB, 49140 MiB, 290.65 W, 300.00 W, 72, 1770 MHz
2026/09/23 11:50:38.858, 0, 97 %, 89 %, 7503 MiB, 49140 MiB, 291.09 W, 300.00 W, 71, 1680 MHz
2026/09/23 11:50:39.859, 0, 98 %, 87 %, 7503 MiB, 49140 MiB, 289.12 W, 300.00 W, 73, 1875 MHz
2026/09/23 11:50:40.859, 0, 97 %, 87 %, 7503 MiB, 49140 MiB, 290.53 W, 300.00 W, 73, 1935 MHz
2026/09/23 11:50:41.862, 0, 98 %, 89 %, 7503 MiB, 49140 MiB, 291.58 W, 300.00 W, 73, 1620 MHz
2026/09/23 11:50:42.863, 0, 96 %, 85 %, 7503 MiB, 49140 MiB, 289.98 W, 300.00 W, 73, 1905 MHz
2026/09/23 11:50:43.864, 0, 97 %, 87 %, 7503 MiB, 49140 MiB, 289.78 W, 300.00 W, 73, 1695 MHz
2026/09/23 11:50:44.865, 0, 97 %, 86 %, 7503 MiB, 49140 MiB, 290.15 W, 300.00 W, 72, 2040 MHz
2026/09/23 11:50:45.866, 0, 98 %, 89 %, 7503 MiB, 49140 MiB, 292.17 W, 300.00 W, 72, 1665 MHz
2026/09/23 11:50:46.867, 0, 97 %, 87 %, 7503 MiB, 49140 MiB, 290.08 W, 300.00 W, 73, 1845 MHz
2026/09/23 11:50:47.869, 0, 97 %, 86 %, 7503 MiB, 49140 MiB, 290.20 W, 300.00 W, 72, 1950 MHz
2026/09/23 11:50:48.870, 0, 96 %, 87 %, 7503 MiB, 49140 MiB, 291.50 W, 300.00 W, 73, 1665 MHz
2026/09/23 11:50:49.871, 0, 98 %, 85 %, 7503 MiB, 49140 MiB, 289.74 W, 300.00 W, 73, 1860 MHz
2026/09/23 11:50:50.872, 0, 98 %, 89 %, 7503 MiB, 49140 MiB, 291.33 W, 300.00 W, 73, 1680 MHz
2026/09/23 11:50:51.873, 0, 96 %, 86 %, 7503 MiB, 49140 MiB, 292.10 W, 300.00 W, 73, 1905 MHz
2026/09/23 11:50:52.874, 0, 98 %, 82 %, 7503 MiB, 49140 MiB, 290.36 W, 300.00 W, 73, 1605 MHz
2026/09/23 11:50:53.875, 0, 98 %, 88 %, 7503 MiB, 49140 MiB, 290.88 W, 300.00 W, 73, 1875 MHz
2026/09/23 11:50:54.876, 0, 93 %, 67 %, 7503 MiB, 49140 MiB, 292.40 W, 300.00 W, 73, 1680 MHz
2026/09/23 11:50:55.876, 0, 9 %, 0 %, 7503 MiB, 49140 MiB, 268.93 W, 300.00 W, 69, 2730 MHz
2026/09/23 11:50:56.877, 0, 0 %, 0 %, 7503 MiB, 49140 MiB, 87.02 W, 300.00 W, 67, 2745 MHz
2026/09/23 11:50:57.877, 0, 98 %, 86 %, 7503 MiB, 49140 MiB, 181.43 W, 300.00 W, 72, 1755 MHz
2026/09/23 11:50:58.880, 0, 97 %, 88 %, 7503 MiB, 49140 MiB, 289.26 W, 300.00 W, 72, 1725 MHz
2026/09/23 11:50:59.881, 0, 93 %, 84 %, 7503 MiB, 49140 MiB, 288.82 W, 300.00 W, 72, 2025 MHz
2026/09/23 11:51:00.882, 0, 98 %, 86 %, 7503 MiB, 49140 MiB, 290.47 W, 300.00 W, 71, 1575 MHz
2026/09/23 11:51:01.882, 0, 98 %, 88 %, 7503 MiB, 49140 MiB, 289.63 W, 300.00 W, 73, 1920 MHz
2026/09/23 11:51:02.885, 0, 97 %, 84 %, 7503 MiB, 49140 MiB, 287.03 W, 300.00 W, 72, 2040 MHz
2026/09/23 11:51:03.886, 0, 98 %, 90 %, 7503 MiB, 49140 MiB, 292.59 W, 300.00 W, 72, 1710 MHz
2026/09/23 11:51:04.887, 0, 98 %, 88 %, 7503 MiB, 49140 MiB, 290.21 W, 300.00 W, 73, 1875 MHz
2026/09/23 11:51:05.890, 0, 97 %, 87 %, 7503 MiB, 49140 MiB, 291.41 W, 300.00 W, 73, 1935 MHz
2026/09/23 11:51:06.891, 0, 97 %, 87 %, 7503 MiB, 49140 MiB, 292.46 W, 300.00 W, 73, 1680 MHz
2026/09/23 11:51:07.892, 0, 98 %, 87 %, 7503 MiB, 49140 MiB, 289.61 W, 300.00 W, 72, 1860 MHz
2026/09/23 11:51:08.893, 0, 97 %, 87 %, 7503 MiB, 49140 MiB, 292.06 W, 300.00 W, 73, 1680 MHz
2026/09/23 11:51:09.893, 0, 95 %, 85 %, 7503 MiB, 49140 MiB, 291.49 W, 300.00 W, 73, 1935 MHz
2026/09/23 11:51:10.894, 0, 97 %, 81 %, 7503 MiB, 49140 MiB, 290.61 W, 300.00 W, 72, 1560 MHz
2026/09/23 11:51:11.896, 0, 98 %, 87 %, 7503 MiB, 49140 MiB, 290.07 W, 300.00 W, 74, 1860 MHz
2026/09/23 11:51:12.897, 0, 97 %, 87 %, 7503 MiB, 49140 MiB, 291.06 W, 300.00 W, 72, 2040 MHz
2026/09/23 11:51:13.898, 0, 96 %, 81 %, 7503 MiB, 49140 MiB, 289.72 W, 300.00 W, 71, 1620 MHz
2026/09/23 11:51:14.899, 0, 97 %, 87 %, 7503 MiB, 49140 MiB, 291.00 W, 300.00 W, 74, 1875 MHz
2026/09/23 11:51:15.900, 0, 97 %, 87 %, 7503 MiB, 49140 MiB, 291.51 W, 300.00 W, 72, 2055 MHz
2026/09/23 11:51:16.901, 0, 93 %, 81 %, 7503 MiB, 49140 MiB, 290.80 W, 300.00 W, 71, 1620 MHz
2026/09/23 11:51:17.902, 0, 98 %, 88 %, 7503 MiB, 49140 MiB, 289.12 W, 300.00 W, 74, 1890 MHz
2026/09/23 11:51:18.903, 0, 98 %, 85 %, 7503 MiB, 49140 MiB, 291.58 W, 300.00 W, 72, 2025 MHz
2026/09/23 11:51:19.903, 0, 96 %, 81 %, 7503 MiB, 49140 MiB, 289.63 W, 300.00 W, 72, 1590 MHz
2026/09/23 11:51:20.904, 0, 91 %, 66 %, 7503 MiB, 49140 MiB, 290.40 W, 300.00 W, 74, 1650 MHz
2026/09/23 11:51:21.905, 0, 37 %, 25 %, 7503 MiB, 49140 MiB, 286.79 W, 300.00 W, 74, 2490 MHz
2026/09/23 11:51:22.905, 0, 0 %, 0 %, 7503 MiB, 49140 MiB, 94.76 W, 300.00 W, 67, 2745 MHz
2026/09/23 11:51:23.906, 0, 98 %, 85 %, 7503 MiB, 49140 MiB, 182.42 W, 300.00 W, 72, 1890 MHz
2026/09/23 11:51:24.907, 0, 90 %, 82 %, 7503 MiB, 49140 MiB, 288.26 W, 300.00 W, 72, 2265 MHz
2026/09/23 11:51:25.908, 0, 98 %, 89 %, 7503 MiB, 49140 MiB, 289.81 W, 300.00 W, 73, 1680 MHz
2026/09/23 11:51:26.909, 0, 98 %, 87 %, 7503 MiB, 49140 MiB, 290.23 W, 300.00 W, 72, 1665 MHz
2026/09/23 11:51:27.910, 0, 98 %, 90 %, 7503 MiB, 49140 MiB, 290.71 W, 300.00 W, 72, 1875 MHz
2026/09/23 11:51:28.910, 0, 96 %, 86 %, 7503 MiB, 49140 MiB, 291.66 W, 300.00 W, 72, 2070 MHz
2026/09/23 11:51:29.911, 0, 98 %, 82 %, 7503 MiB, 49140 MiB, 290.90 W, 300.00 W, 72, 1665 MHz
2026/09/23 11:51:30.912, 0, 98 %, 87 %, 7503 MiB, 49140 MiB, 291.38 W, 300.00 W, 73, 1920 MHz
2026/09/23 11:51:31.912, 0, 93 %, 83 %, 7503 MiB, 49140 MiB, 290.98 W, 300.00 W, 72, 1800 MHz
2026/09/23 11:51:32.913, 0, 98 %, 83 %, 7503 MiB, 49140 MiB, 288.80 W, 300.00 W, 72, 1665 MHz
2026/09/23 11:51:33.914, 0, 98 %, 89 %, 7503 MiB, 49140 MiB, 290.66 W, 300.00 W, 73, 1890 MHz
2026/09/23 11:51:34.915, 0, 95 %, 85 %, 7503 MiB, 49140 MiB, 292.36 W, 300.00 W, 72, 1905 MHz
2026/09/23 11:51:35.916, 0, 97 %, 81 %, 7503 MiB, 49140 MiB, 290.72 W, 300.00 W, 72, 1635 MHz
2026/09/23 11:51:36.916, 0, 97 %, 87 %, 7503 MiB, 49140 MiB, 290.73 W, 300.00 W, 73, 1890 MHz
2026/09/23 11:51:37.917, 0, 94 %, 84 %, 7503 MiB, 49140 MiB, 290.36 W, 300.00 W, 72, 1965 MHz
2026/09/23 11:51:38.918, 0, 98 %, 83 %, 7503 MiB, 49140 MiB, 291.45 W, 300.00 W, 72, 1665 MHz
2026/09/23 11:51:39.919, 0, 97 %, 87 %, 7503 MiB, 49140 MiB, 289.01 W, 300.00 W, 74, 1875 MHz
2026/09/23 11:51:40.920, 0, 96 %, 85 %, 7503 MiB, 49140 MiB, 290.45 W, 300.00 W, 72, 1935 MHz
2026/09/23 11:51:41.921, 0, 97 %, 84 %, 7503 MiB, 49140 MiB, 289.82 W, 300.00 W, 72, 1680 MHz
2026/09/23 11:51:42.922, 0, 97 %, 87 %, 7503 MiB, 49140 MiB, 291.94 W, 300.00 W, 74, 1890 MHz
2026/09/23 11:51:43.922, 0, 96 %, 86 %, 7503 MiB, 49140 MiB, 291.26 W, 300.00 W, 72, 1695 MHz
2026/09/23 11:51:44.923, 0, 97 %, 83 %, 7503 MiB, 49140 MiB, 291.61 W, 300.00 W, 72, 1665 MHz
2026/09/23 11:51:45.924, 0, 96 %, 87 %, 7503 MiB, 49140 MiB, 290.82 W, 300.00 W, 74, 1830 MHz
2026/09/23 11:51:46.926, 0, 86 %, 63 %, 7503 MiB, 49140 MiB, 290.02 W, 300.00 W, 73, 1755 MHz
2026/09/23 11:51:47.927, 0, 58 %, 43 %, 7503 MiB, 49140 MiB, 291.39 W, 300.00 W, 69, 2625 MHz
2026/09/23 11:51:48.927, 0, 0 %, 0 %, 7503 MiB, 49140 MiB, 100.13 W, 300.00 W, 67, 2745 MHz
2026/09/23 11:51:49.928, 0, 95 %, 85 %, 7503 MiB, 49140 MiB, 154.25 W, 300.00 W, 71, 1815 MHz
2026/09/23 11:51:50.928, 0, 96 %, 86 %, 7503 MiB, 49140 MiB, 289.76 W, 300.00 W, 71, 1920 MHz
2026/09/23 11:51:51.931, 0, 98 %, 89 %, 7503 MiB, 49140 MiB, 289.68 W, 300.00 W, 73, 1680 MHz
2026/09/23 11:51:52.932, 0, 97 %, 83 %, 7503 MiB, 49140 MiB, 290.61 W, 300.00 W, 72, 1935 MHz
2026/09/23 11:51:53.932, 0, 98 %, 89 %, 7503 MiB, 49140 MiB, 291.26 W, 300.00 W, 73, 2070 MHz
2026/09/23 11:51:54.933, 0, 98 %, 87 %, 7503 MiB, 49140 MiB, 290.85 W, 300.00 W, 72, 1635 MHz
2026/09/23 11:51:55.934, 0, 96 %, 88 %, 7503 MiB, 49140 MiB, 290.52 W, 300.00 W, 73, 1935 MHz
2026/09/23 11:51:56.935, 0, 98 %, 90 %, 7503 MiB, 49140 MiB, 290.77 W, 300.00 W, 73, 2040 MHz
2026/09/23 11:51:57.936, 0, 97 %, 86 %, 7503 MiB, 49140 MiB, 290.76 W, 300.00 W, 73, 1590 MHz
2026/09/23 11:51:58.937, 0, 98 %, 88 %, 7503 MiB, 49140 MiB, 290.09 W, 300.00 W, 73, 1995 MHz
2026/09/23 11:51:59.937, 0, 98 %, 90 %, 7503 MiB, 49140 MiB, 291.53 W, 300.00 W, 73, 2055 MHz
2026/09/23 11:52:00.938, 0, 97 %, 86 %, 7503 MiB, 49140 MiB, 289.72 W, 300.00 W, 72, 1620 MHz
2026/09/23 11:52:01.938, 0, 98 %, 90 %, 7503 MiB, 49140 MiB, 291.39 W, 300.00 W, 73, 1785 MHz
2026/09/23 11:52:02.939, 0, 96 %, 86 %, 7503 MiB, 49140 MiB, 292.57 W, 300.00 W, 72, 1890 MHz
2026/09/23 11:52:03.940, 0, 97 %, 83 %, 7503 MiB, 49140 MiB, 290.56 W, 300.00 W, 71, 1710 MHz
2026/09/23 11:52:04.941, 0, 98 %, 88 %, 7503 MiB, 49140 MiB, 291.97 W, 300.00 W, 74, 1860 MHz
2026/09/23 11:52:05.942, 0, 96 %, 85 %, 7503 MiB, 49140 MiB, 290.05 W, 300.00 W, 72, 1710 MHz
2026/09/23 11:52:06.943, 0, 98 %, 89 %, 7503 MiB, 49140 MiB, 292.37 W, 300.00 W, 73, 2040 MHz
2026/09/23 11:52:07.943, 0, 98 %, 88 %, 7503 MiB, 49140 MiB, 289.57 W, 300.00 W, 73, 1560 MHz
2026/09/23 11:52:08.944, 0, 98 %, 84 %, 7503 MiB, 49140 MiB, 290.64 W, 300.00 W, 72, 1770 MHz
2026/09/23 11:52:09.945, 0, 98 %, 89 %, 7503 MiB, 49140 MiB, 292.36 W, 300.00 W, 73, 2025 MHz
2026/09/23 11:52:10.946, 0, 97 %, 88 %, 7503 MiB, 49140 MiB, 289.31 W, 300.00 W, 73, 1650 MHz
2026/09/23 11:52:11.947, 0, 97 %, 84 %, 7503 MiB, 49140 MiB, 290.07 W, 300.00 W, 73, 1710 MHz
2026/09/23 11:52:12.947, 0, 98 %, 87 %, 7503 MiB, 49140 MiB, 291.56 W, 300.00 W, 74, 1920 MHz
2026/09/23 11:52:13.948, 0, 93 %, 68 %, 7503 MiB, 49140 MiB, 297.64 W, 300.00 W, 74, 1350 MHz
2026/09/23 11:52:14.949, 0, 0 %, 0 %, 7503 MiB, 49140 MiB, 111.03 W, 300.00 W, 66, 2505 MHz
2026/09/23 11:52:15.950, 0, 98 %, 89 %, 7503 MiB, 49140 MiB, 131.42 W, 300.00 W, 72, 1695 MHz
2026/09/23 11:52:16.950, 0, 96 %, 85 %, 7503 MiB, 49140 MiB, 287.99 W, 300.00 W, 71, 1920 MHz
2026/09/23 11:52:17.951, 0, 97 %, 88 %, 7503 MiB, 49140 MiB, 291.02 W, 300.00 W, 73, 1890 MHz
2026/09/23 11:52:18.952, 0, 97 %, 87 %, 7503 MiB, 49140 MiB, 290.25 W, 300.00 W, 72, 1695 MHz
2026/09/23 11:52:19.952, 0, 98 %, 89 %, 7503 MiB, 49140 MiB, 290.25 W, 300.00 W, 73, 1620 MHz
2026/09/23 11:52:20.954, 0, 95 %, 85 %, 7503 MiB, 49140 MiB, 291.09 W, 300.00 W, 72, 1935 MHz
2026/09/23 11:52:21.955, 0, 98 %, 83 %, 7503 MiB, 49140 MiB, 290.17 W, 300.00 W, 71, 2175 MHz
2026/09/23 11:52:22.955, 0, 97 %, 87 %, 7503 MiB, 49140 MiB, 289.41 W, 300.00 W, 73, 1575 MHz
2026/09/23 11:52:23.956, 0, 94 %, 84 %, 7503 MiB, 49140 MiB, 291.00 W, 300.00 W, 72, 1950 MHz
2026/09/23 11:52:24.957, 0, 98 %, 83 %, 7503 MiB, 49140 MiB, 289.98 W, 300.00 W, 71, 2010 MHz
2026/09/23 11:52:25.958, 0, 98 %, 88 %, 7503 MiB, 49140 MiB, 290.77 W, 300.00 W, 74, 1560 MHz
2026/09/23 11:52:26.959, 0, 95 %, 85 %, 7503 MiB, 49140 MiB, 290.55 W, 300.00 W, 72, 1980 MHz
2026/09/23 11:52:27.959, 0, 98 %, 83 %, 7503 MiB, 49140 MiB, 289.29 W, 300.00 W, 71, 2040 MHz
2026/09/23 11:52:28.960, 0, 97 %, 87 %, 7503 MiB, 49140 MiB, 291.35 W, 300.00 W, 74, 1650 MHz
2026/09/23 11:52:29.960, 0, 97 %, 85 %, 7503 MiB, 49140 MiB, 290.86 W, 300.00 W, 72, 1860 MHz
2026/09/23 11:52:30.961, 0, 98 %, 89 %, 7503 MiB, 49140 MiB, 292.49 W, 300.00 W, 73, 1860 MHz
2026/09/23 11:52:31.963, 0, 98 %, 88 %, 7503 MiB, 49140 MiB, 289.79 W, 300.00 W, 73, 1680 MHz
2026/09/23 11:52:32.963, 0, 98 %, 84 %, 7503 MiB, 49140 MiB, 289.83 W, 300.00 W, 73, 1845 MHz
2026/09/23 11:52:33.964, 0, 97 %, 89 %, 7503 MiB, 49140 MiB, 292.55 W, 300.00 W, 73, 1695 MHz
2026/09/23 11:52:34.964, 0, 97 %, 87 %, 7503 MiB, 49140 MiB, 289.76 W, 300.00 W, 73, 1710 MHz
2026/09/23 11:52:35.965, 0, 98 %, 88 %, 7503 MiB, 49140 MiB, 291.64 W, 300.00 W, 73, 1665 MHz
2026/09/23 11:52:36.967, 0, 97 %, 87 %, 7503 MiB, 49140 MiB, 292.86 W, 300.00 W, 73, 1920 MHz
2026/09/23 11:52:37.968, 0, 98 %, 83 %, 7503 MiB, 49140 MiB, 290.53 W, 300.00 W, 71, 2010 MHz
2026/09/23 11:52:38.969, 0, 98 %, 89 %, 7503 MiB, 49140 MiB, 290.74 W, 300.00 W, 74, 1620 MHz
2026/09/23 11:52:39.970, 0, 90 %, 67 %, 7503 MiB, 49140 MiB, 297.06 W, 300.00 W, 74, 1590 MHz
2026/09/23 11:52:40.970, 0, 0 %, 0 %, 7503 MiB, 49140 MiB, 127.97 W, 300.00 W, 66, 2700 MHz
2026/09/23 11:52:41.971, 0, 97 %, 86 %, 7503 MiB, 49140 MiB, 120.75 W, 300.00 W, 71, 1920 MHz
2026/09/23 11:52:42.971, 0, 96 %, 86 %, 7503 MiB, 49140 MiB, 291.26 W, 300.00 W, 72, 1920 MHz
2026/09/23 11:52:43.972, 0, 98 %, 89 %, 7503 MiB, 49140 MiB, 285.23 W, 300.00 W, 72, 1680 MHz
2026/09/23 11:52:44.973, 0, 94 %, 85 %, 7503 MiB, 49140 MiB, 287.73 W, 300.00 W, 72, 1935 MHz
2026/09/23 11:52:45.973, 0, 97 %, 84 %, 7503 MiB, 49140 MiB, 289.79 W, 300.00 W, 70, 2130 MHz
2026/09/23 11:52:46.974, 0, 98 %, 89 %, 7503 MiB, 49140 MiB, 289.54 W, 300.00 W, 73, 1695 MHz
2026/09/23 11:52:47.975, 0, 97 %, 83 %, 7503 MiB, 49140 MiB, 289.55 W, 300.00 W, 72, 1890 MHz
2026/09/23 11:52:48.976, 0, 98 %, 89 %, 7503 MiB, 49140 MiB, 291.43 W, 300.00 W, 73, 1710 MHz
2026/09/23 11:52:49.977, 0, 98 %, 86 %, 7503 MiB, 49140 MiB, 289.15 W, 300.00 W, 72, 2010 MHz
2026/09/23 11:52:50.978, 0, 97 %, 89 %, 7503 MiB, 49140 MiB, 289.36 W, 300.00 W, 73, 1545 MHz
2026/09/23 11:52:51.979, 0, 96 %, 86 %, 7503 MiB, 49140 MiB, 291.87 W, 300.00 W, 72, 1875 MHz
2026/09/23 11:52:52.979, 0, 98 %, 82 %, 7503 MiB, 49140 MiB, 291.05 W, 300.00 W, 71, 2025 MHz
2026/09/23 11:52:53.980, 0, 98 %, 88 %, 7503 MiB, 49140 MiB, 290.99 W, 300.00 W, 74, 1650 MHz
2026/09/23 11:52:54.981, 0, 95 %, 84 %, 7503 MiB, 49140 MiB, 289.91 W, 300.00 W, 72, 1845 MHz
2026/09/23 11:52:55.983, 0, 98 %, 88 %, 7503 MiB, 49140 MiB, 291.71 W, 300.00 W, 73, 1860 MHz
2026/09/23 11:52:56.984, 0, 98 %, 88 %, 7503 MiB, 49140 MiB, 290.64 W, 300.00 W, 73, 1680 MHz
2026/09/23 11:52:57.985, 0, 98 %, 86 %, 7503 MiB, 49140 MiB, 290.85 W, 300.00 W, 73, 1755 MHz
2026/09/23 11:52:58.985, 0, 95 %, 88 %, 7503 MiB, 49140 MiB, 291.93 W, 300.00 W, 73, 1710 MHz
2026/09/23 11:52:59.986, 0, 97 %, 86 %, 7503 MiB, 49140 MiB, 290.21 W, 300.00 W, 73, 1755 MHz
2026/09/23 11:53:00.987, 0, 98 %, 89 %, 7503 MiB, 49140 MiB, 291.34 W, 300.00 W, 73, 1560 MHz
2026/09/23 11:53:01.987, 0, 97 %, 87 %, 7503 MiB, 49140 MiB, 292.16 W, 300.00 W, 73, 1905 MHz
2026/09/23 11:53:02.991, 0, 98 %, 83 %, 7503 MiB, 49140 MiB, 290.97 W, 300.00 W, 71, 1710 MHz
2026/09/23 11:53:03.991, 0, 98 %, 88 %, 7503 MiB, 49140 MiB, 291.68 W, 300.00 W, 74, 1950 MHz
2026/09/23 11:53:04.992, 0, 95 %, 85 %, 7503 MiB, 49140 MiB, 290.99 W, 300.00 W, 72, 1605 MHz
2026/09/23 11:53:05.993, 0, 93 %, 67 %, 7503 MiB, 49140 MiB, 296.00 W, 300.00 W, 74, 1530 MHz
2026/09/23 11:53:06.993, 0, 0 %, 0 %, 7503 MiB, 49140 MiB, 154.38 W, 300.00 W, 67, 2745 MHz
2026/09/23 11:53:07.994, 0, 95 %, 86 %, 7503 MiB, 49140 MiB, 103.75 W, 300.00 W, 70, 1950 MHz
2026/09/23 11:53:08.994, 0, 97 %, 88 %, 7503 MiB, 49140 MiB, 292.21 W, 300.00 W, 73, 1950 MHz
2026/09/23 11:53:09.997, 0, 97 %, 86 %, 7503 MiB, 49140 MiB, 289.42 W, 300.00 W, 72, 1950 MHz
2026/09/23 11:53:10.998, 0, 97 %, 88 %, 7503 MiB, 49140 MiB, 289.90 W, 300.00 W, 73, 1650 MHz
2026/09/23 11:53:11.999, 0, 96 %, 86 %, 7503 MiB, 49140 MiB, 291.49 W, 300.00 W, 72, 1890 MHz
2026/09/23 11:53:12.999, 0, 98 %, 82 %, 7503 MiB, 49140 MiB, 290.36 W, 300.00 W, 71, 1710 MHz
2026/09/23 11:53:14.000, 0, 98 %, 88 %, 7503 MiB, 49140 MiB, 291.35 W, 300.00 W, 74, 1995 MHz
2026/09/23 11:53:15.001, 0, 96 %, 86 %, 7503 MiB, 49140 MiB, 290.57 W, 300.00 W, 72, 1605 MHz
2026/09/23 11:53:16.002, 0, 96 %, 87 %, 7503 MiB, 49140 MiB, 292.02 W, 300.00 W, 73, 1965 MHz
2026/09/23 11:53:17.003, 0, 98 %, 87 %, 7503 MiB, 49140 MiB, 290.81 W, 300.00 W, 72, 1920 MHz
2026/09/23 11:53:18.004, 0, 98 %, 87 %, 7503 MiB, 49140 MiB, 290.35 W, 300.00 W, 72, 1740 MHz
2026/09/23 11:53:19.005, 0, 97 %, 88 %, 7503 MiB, 49140 MiB, 291.81 W, 300.00 W, 72, 1815 MHz
2026/09/23 11:53:20.005, 0, 97 %, 82 %, 7503 MiB, 49140 MiB, 289.97 W, 300.00 W, 71, 1695 MHz
2026/09/23 11:53:21.007, 0, 98 %, 89 %, 7503 MiB, 49140 MiB, 291.56 W, 300.00 W, 74, 2055 MHz
2026/09/23 11:53:22.008, 0, 97 %, 85 %, 7503 MiB, 49140 MiB, 290.02 W, 300.00 W, 72, 1560 MHz
2026/09/23 11:53:23.008, 0, 98 %, 89 %, 7503 MiB, 49140 MiB, 291.55 W, 300.00 W, 73, 2010 MHz
2026/09/23 11:53:24.009, 0, 97 %, 88 %, 7503 MiB, 49140 MiB, 290.34 W, 300.00 W, 73, 2070 MHz
2026/09/23 11:53:25.012, 0, 98 %, 87 %, 7503 MiB, 49140 MiB, 291.36 W, 300.00 W, 73, 1695 MHz
2026/09/23 11:53:26.013, 0, 97 %, 87 %, 7503 MiB, 49140 MiB, 293.10 W, 300.00 W, 73, 1890 MHz
2026/09/23 11:53:27.014, 0, 98 %, 87 %, 7503 MiB, 49140 MiB, 289.15 W, 300.00 W, 72, 1905 MHz
2026/09/23 11:53:28.015, 0, 97 %, 88 %, 7503 MiB, 49140 MiB, 290.93 W, 300.00 W, 73, 1695 MHz
2026/09/23 11:53:29.015, 0, 97 %, 87 %, 7503 MiB, 49140 MiB, 291.27 W, 300.00 W, 73, 1875 MHz
2026/09/23 11:53:30.017, 0, 98 %, 83 %, 7503 MiB, 49140 MiB, 290.86 W, 300.00 W, 71, 1680 MHz
2026/09/23 11:53:31.018, 0, 97 %, 87 %, 7503 MiB, 49140 MiB, 290.94 W, 300.00 W, 74, 1800 MHz
2026/09/23 11:53:32.018, 0, 93 %, 68 %, 7503 MiB, 49140 MiB, 295.58 W, 300.00 W, 74, 1470 MHz
2026/09/23 11:53:33.019, 0, 0 %, 0 %, 7503 MiB, 49140 MiB, 164.75 W, 300.00 W, 67, 2685 MHz
2026/09/23 11:53:34.019, 0, 98 %, 87 %, 7503 MiB, 49140 MiB, 95.54 W, 300.00 W, 71, 2055 MHz
2026/09/23 11:53:35.021, 0, 98 %, 88 %, 7503 MiB, 49140 MiB, 291.48 W, 300.00 W, 72, 2220 MHz
2026/09/23 11:53:36.021, 0, 97 %, 88 %, 7503 MiB, 49140 MiB, 289.07 W, 300.00 W, 72, 1710 MHz
2026/09/23 11:53:37.022, 0, 97 %, 86 %, 7503 MiB, 49140 MiB, 291.16 W, 300.00 W, 72, 1800 MHz
2026/09/23 11:53:38.023, 0, 98 %, 83 %, 7503 MiB, 49140 MiB, 289.16 W, 300.00 W, 71, 1710 MHz
2026/09/23 11:53:39.024, 0, 98 %, 88 %, 7503 MiB, 49140 MiB, 291.08 W, 300.00 W, 74, 1980 MHz
2026/09/23 11:53:40.024, 0, 95 %, 85 %, 7503 MiB, 49140 MiB, 290.75 W, 300.00 W, 72, 1590 MHz
2026/09/23 11:53:41.026, 0, 97 %, 86 %, 7503 MiB, 49140 MiB, 290.61 W, 300.00 W, 72, 2010 MHz
2026/09/23 11:53:42.027, 0, 98 %, 88 %, 7503 MiB, 49140 MiB, 290.00 W, 300.00 W, 73, 1980 MHz
2026/09/23 11:53:43.027, 0, 98 %, 84 %, 7503 MiB, 49140 MiB, 290.05 W, 300.00 W, 72, 1560 MHz
2026/09/23 11:53:44.028, 0, 98 %, 89 %, 7503 MiB, 49140 MiB, 291.90 W, 300.00 W, 73, 1800 MHz
2026/09/23 11:53:45.030, 0, 97 %, 86 %, 7503 MiB, 49140 MiB, 290.28 W, 300.00 W, 73, 1965 MHz
2026/09/23 11:53:46.031, 0, 97 %, 87 %, 7503 MiB, 49140 MiB, 290.43 W, 300.00 W, 73, 1710 MHz
2026/09/23 11:53:47.033, 0, 97 %, 88 %, 7503 MiB, 49140 MiB, 290.95 W, 300.00 W, 72, 1845 MHz
2026/09/23 11:53:48.033, 0, 97 %, 81 %, 7503 MiB, 49140 MiB, 290.79 W, 300.00 W, 71, 1710 MHz
2026/09/23 11:53:49.035, 0, 98 %, 88 %, 7503 MiB, 49140 MiB, 288.51 W, 300.00 W, 73, 1605 MHz
2026/09/23 11:53:50.035, 0, 94 %, 84 %, 7503 MiB, 49140 MiB, 291.75 W, 300.00 W, 72, 1875 MHz
2026/09/23 11:53:51.037, 0, 97 %, 85 %, 7503 MiB, 49140 MiB, 289.14 W, 300.00 W, 72, 1770 MHz
2026/09/23 11:53:52.038, 0, 97 %, 88 %, 7503 MiB, 49140 MiB, 290.69 W, 300.00 W, 73, 2040 MHz
2026/09/23 11:53:53.039, 0, 96 %, 86 %, 7503 MiB, 49140 MiB, 291.22 W, 300.00 W, 73, 1635 MHz
2026/09/23 11:53:54.039, 0, 94 %, 82 %, 7503 MiB, 49140 MiB, 289.98 W, 300.00 W, 72, 1800 MHz
2026/09/23 11:53:55.041, 0, 98 %, 88 %, 7503 MiB, 49140 MiB, 290.72 W, 300.00 W, 74, 1965 MHz
2026/09/23 11:53:56.042, 0, 96 %, 86 %, 7503 MiB, 49140 MiB, 292.46 W, 300.00 W, 72, 1695 MHz
2026/09/23 11:53:57.043, 0, 98 %, 83 %, 7503 MiB, 49140 MiB, 292.33 W, 300.00 W, 72, 1905 MHz
2026/09/23 11:53:58.044, 0, 94 %, 68 %, 7503 MiB, 49140 MiB, 294.75 W, 300.00 W, 74, 1560 MHz
2026/09/23 11:53:59.044, 0, 0 %, 0 %, 7503 MiB, 49140 MiB, 179.45 W, 300.00 W, 67, 2745 MHz
2026/09/23 11:54:00.046, 0, 0 %, 0 %, 7503 MiB, 49140 MiB, 87.04 W, 300.00 W, 66, 2370 MHz
2026/09/23 11:54:01.046, 0, 98 %, 86 %, 7503 MiB, 49140 MiB, 222.98 W, 300.00 W, 72, 2070 MHz
2026/09/23 11:54:02.048, 0, 98 %, 88 %, 7503 MiB, 49140 MiB, 288.34 W, 300.00 W, 73, 1770 MHz
2026/09/23 11:54:03.049, 0, 98 %, 88 %, 7503 MiB, 49140 MiB, 290.83 W, 300.00 W, 72, 1920 MHz
2026/09/23 11:54:04.049, 0, 97 %, 87 %, 7503 MiB, 49140 MiB, 290.31 W, 300.00 W, 72, 2130 MHz
2026/09/23 11:54:05.050, 0, 97 %, 87 %, 7503 MiB, 49140 MiB, 292.29 W, 300.00 W, 72, 1680 MHz
2026/09/23 11:54:06.051, 0, 98 %, 86 %, 7503 MiB, 49140 MiB, 288.91 W, 300.00 W, 72, 1920 MHz
2026/09/23 11:54:07.052, 0, 97 %, 87 %, 7503 MiB, 49140 MiB, 290.39 W, 300.00 W, 73, 2025 MHz
2026/09/23 11:54:08.053, 0, 95 %, 85 %, 7503 MiB, 49140 MiB, 291.19 W, 300.00 W, 72, 1740 MHz
2026/09/23 11:54:09.053, 0, 98 %, 83 %, 7503 MiB, 49140 MiB, 291.50 W, 300.00 W, 71, 1890 MHz
2026/09/23 11:54:10.054, 0, 95 %, 85 %, 7503 MiB, 49140 MiB, 288.20 W, 300.00 W, 74, 1920 MHz
2026/09/23 11:54:11.055, 0, 95 %, 85 %, 7503 MiB, 49140 MiB, 290.06 W, 300.00 W, 72, 1680 MHz
2026/09/23 11:54:12.057, 0, 97 %, 84 %, 7503 MiB, 49140 MiB, 292.14 W, 300.00 W, 72, 1845 MHz
2026/09/23 11:54:13.057, 0, 98 %, 89 %, 7503 MiB, 49140 MiB, 290.29 W, 300.00 W, 73, 1680 MHz
2026/09/23 11:54:14.058, 0, 98 %, 84 %, 7503 MiB, 49140 MiB, 291.27 W, 300.00 W, 72, 1995 MHz
2026/09/23 11:54:15.059, 0, 92 %, 85 %, 7503 MiB, 49140 MiB, 291.75 W, 300.00 W, 73, 1605 MHz
2026/09/23 11:54:16.062, 0, 95 %, 85 %, 7503 MiB, 49140 MiB, 288.78 W, 300.00 W, 73, 1875 MHz
2026/09/23 11:54:17.065, 0, 97 %, 87 %, 7503 MiB, 49140 MiB, 291.65 W, 300.00 W, 73, 2070 MHz
2026/09/23 11:54:18.066, 0, 96 %, 85 %, 7503 MiB, 49140 MiB, 291.20 W, 300.00 W, 73, 1665 MHz
2026/09/23 11:54:19.067, 0, 98 %, 86 %, 7503 MiB, 49140 MiB, 291.30 W, 300.00 W, 71, 1845 MHz
2026/09/23 11:54:20.067, 0, 97 %, 87 %, 7503 MiB, 49140 MiB, 290.23 W, 300.00 W, 74, 1800 MHz
2026/09/23 11:54:21.068, 0, 98 %, 85 %, 7503 MiB, 49140 MiB, 290.68 W, 300.00 W, 73, 1650 MHz
2026/09/23 11:54:22.069, 0, 98 %, 87 %, 7503 MiB, 49140 MiB, 291.82 W, 300.00 W, 72, 1890 MHz
2026/09/23 11:54:23.070, 0, 97 %, 86 %, 7503 MiB, 49140 MiB, 290.90 W, 300.00 W, 74, 1710 MHz
2026/09/23 11:54:24.071, 0, 91 %, 67 %, 7503 MiB, 49140 MiB, 294.08 W, 300.00 W, 72, 1680 MHz
2026/09/23 11:54:25.071, 0, 0 %, 0 %, 7503 MiB, 49140 MiB, 176.03 W, 300.00 W, 66, 2505 MHz
2026/09/23 11:54:26.072, 0, 0 %, 0 %, 7503 MiB, 49140 MiB, 72.47 W, 300.00 W, 66, 2505 MHz
2026/09/23 11:54:27.073, 0, 98 %, 88 %, 7503 MiB, 49140 MiB, 206.56 W, 300.00 W, 73, 1935 MHz
2026/09/23 11:54:28.073, 0, 98 %, 85 %, 7503 MiB, 49140 MiB, 289.48 W, 300.00 W, 72, 1695 MHz
2026/09/23 11:54:29.074, 0, 97 %, 88 %, 7503 MiB, 49140 MiB, 291.94 W, 300.00 W, 72, 1815 MHz
2026/09/23 11:54:30.075, 0, 95 %, 84 %, 7503 MiB, 49140 MiB, 288.50 W, 300.00 W, 72, 1710 MHz
2026/09/23 11:54:31.075, 0, 97 %, 88 %, 7503 MiB, 49140 MiB, 290.89 W, 300.00 W, 72, 2040 MHz
2026/09/23 11:54:32.077, 0, 96 %, 86 %, 7503 MiB, 49140 MiB, 291.64 W, 300.00 W, 72, 1590 MHz
2026/09/23 11:54:33.077, 0, 97 %, 85 %, 7503 MiB, 49140 MiB, 290.61 W, 300.00 W, 71, 1875 MHz
2026/09/23 11:54:34.078, 0, 97 %, 86 %, 7503 MiB, 49140 MiB, 288.93 W, 300.00 W, 72, 2040 MHz
2026/09/23 11:54:35.079, 0, 97 %, 86 %, 7503 MiB, 49140 MiB, 290.92 W, 300.00 W, 72, 1590 MHz
2026/09/23 11:54:36.080, 0, 96 %, 86 %, 7503 MiB, 49140 MiB, 287.75 W, 300.00 W, 72, 1860 MHz
2026/09/23 11:54:37.081, 0, 98 %, 87 %, 7503 MiB, 49140 MiB, 290.55 W, 300.00 W, 72, 1965 MHz
2026/09/23 11:54:38.081, 0, 96 %, 85 %, 7503 MiB, 49140 MiB, 292.68 W, 300.00 W, 73, 1605 MHz
2026/09/23 11:54:39.082, 0, 98 %, 86 %, 7503 MiB, 49140 MiB, 288.14 W, 300.00 W, 73, 1785 MHz
2026/09/23 11:54:40.083, 0, 95 %, 85 %, 7503 MiB, 49140 MiB, 290.43 W, 300.00 W, 73, 1905 MHz
2026/09/23 11:54:41.084, 0, 97 %, 86 %, 7503 MiB, 49140 MiB, 292.48 W, 300.00 W, 73, 1725 MHz
2026/09/23 11:54:42.085, 0, 98 %, 86 %, 7503 MiB, 49140 MiB, 290.91 W, 300.00 W, 72, 1695 MHz
2026/09/23 11:54:43.086, 0, 97 %, 86 %, 7503 MiB, 49140 MiB, 292.17 W, 300.00 W, 74, 1920 MHz
2026/09/23 11:54:44.087, 0, 97 %, 87 %, 7503 MiB, 49140 MiB, 291.38 W, 300.00 W, 72, 2070 MHz
2026/09/23 11:54:45.087, 0, 98 %, 87 %, 7503 MiB, 49140 MiB, 293.18 W, 300.00 W, 72, 1620 MHz
2026/09/23 11:54:46.089, 0, 97 %, 87 %, 7503 MiB, 49140 MiB, 289.40 W, 300.00 W, 74, 1950 MHz
2026/09/23 11:54:47.090, 0, 97 %, 85 %, 7503 MiB, 49140 MiB, 291.59 W, 300.00 W, 72, 2010 MHz
2026/09/23 11:54:48.091, 0, 98 %, 87 %, 7503 MiB, 49140 MiB, 292.64 W, 300.00 W, 72, 1620 MHz
2026/09/23 11:54:49.091, 0, 98 %, 88 %, 7503 MiB, 49140 MiB, 290.89 W, 300.00 W, 73, 1830 MHz
2026/09/23 11:54:50.092, 0, 94 %, 67 %, 7503 MiB, 49140 MiB, 294.11 W, 300.00 W, 74, 1575 MHz
2026/09/23 11:54:51.093, 0, 0 %, 0 %, 7503 MiB, 49140 MiB, 217.33 W, 300.00 W, 67, 2745 MHz
2026/09/23 11:54:52.093, 0, 0 %, 0 %, 7503 MiB, 49140 MiB, 87.53 W, 300.00 W, 66, 2745 MHz
2026/09/23 11:54:53.095, 0, 97 %, 86 %, 7503 MiB, 49140 MiB, 204.00 W, 300.00 W, 72, 1875 MHz
2026/09/23 11:54:54.095, 0, 97 %, 87 %, 7503 MiB, 49140 MiB, 288.16 W, 300.00 W, 72, 1920 MHz
2026/09/23 11:54:55.096, 0, 98 %, 87 %, 7503 MiB, 49140 MiB, 290.75 W, 300.00 W, 72, 1650 MHz
2026/09/23 11:54:56.098, 0, 97 %, 86 %, 7503 MiB, 49140 MiB, 287.74 W, 300.00 W, 72, 1920 MHz
2026/09/23 11:54:57.098, 0, 97 %, 86 %, 7503 MiB, 49140 MiB, 288.76 W, 300.00 W, 72, 1935 MHz
2026/09/23 11:54:58.099, 0, 96 %, 87 %, 7503 MiB, 49140 MiB, 291.98 W, 300.00 W, 73, 1665 MHz
2026/09/23 11:54:59.101, 0, 96 %, 85 %, 7503 MiB, 49140 MiB, 289.51 W, 300.00 W, 72, 1890 MHz
2026/09/23 11:55:00.102, 0, 98 %, 88 %, 7503 MiB, 49140 MiB, 290.50 W, 300.00 W, 72, 1680 MHz
2026/09/23 11:55:01.102, 0, 94 %, 84 %, 7503 MiB, 49140 MiB, 290.22 W, 300.00 W, 73, 1710 MHz
2026/09/23 11:55:02.103, 0, 97 %, 85 %, 7503 MiB, 49140 MiB, 289.62 W, 300.00 W, 72, 1695 MHz
2026/09/23 11:55:03.104, 0, 97 %, 87 %, 7503 MiB, 49140 MiB, 290.25 W, 300.00 W, 73, 1695 MHz
2026/09/23 11:55:04.104, 0, 98 %, 87 %, 7503 MiB, 49140 MiB, 291.62 W, 300.00 W, 72, 1980 MHz
2026/09/23 11:55:05.105, 0, 97 %, 86 %, 7503 MiB, 49140 MiB, 291.66 W, 300.00 W, 71, 1560 MHz
2026/09/23 11:55:06.106, 0, 96 %, 86 %, 7503 MiB, 49140 MiB, 289.92 W, 300.00 W, 74, 2010 MHz
2026/09/23 11:55:07.107, 0, 96 %, 87 %, 7503 MiB, 49140 MiB, 288.36 W, 300.00 W, 72, 2100 MHz
2026/09/23 11:55:08.109, 0, 98 %, 85 %, 7503 MiB, 49140 MiB, 289.79 W, 300.00 W, 71, 1575 MHz
2026/09/23 11:55:09.112, 0, 98 %, 88 %, 7503 MiB, 49140 MiB, 290.17 W, 300.00 W, 74, 1995 MHz
2026/09/23 11:55:10.113, 0, 96 %, 85 %, 7503 MiB, 49140 MiB, 289.02 W, 300.00 W, 73, 2010 MHz
2026/09/23 11:55:11.113, 0, 98 %, 86 %, 7503 MiB, 49140 MiB, 291.77 W, 300.00 W, 71, 1545 MHz
2026/09/23 11:55:12.115, 0, 97 %, 87 %, 7503 MiB, 49140 MiB, 290.60 W, 300.00 W, 74, 1980 MHz
2026/09/23 11:55:13.115, 0, 97 %, 85 %, 7503 MiB, 49140 MiB, 291.57 W, 300.00 W, 72, 2025 MHz
2026/09/23 11:55:14.116, 0, 97 %, 86 %, 7503 MiB, 49140 MiB, 292.32 W, 300.00 W, 71, 1650 MHz
2026/09/23 11:55:15.117, 0, 98 %, 87 %, 7503 MiB, 49140 MiB, 289.59 W, 300.00 W, 74, 1965 MHz
2026/09/23 11:55:16.118, 0, 90 %, 66 %, 7503 MiB, 49140 MiB, 291.97 W, 300.00 W, 72, 1635 MHz
2026/09/23 11:55:17.119, 0, 10 %, 0 %, 7503 MiB, 49140 MiB, 250.56 W, 300.00 W, 68, 2730 MHz
2026/09/23 11:55:18.120, 0, 0 %, 0 %, 7503 MiB, 49140 MiB, 87.62 W, 300.00 W, 66, 2745 MHz
2026/09/23 11:55:19.120, 0, 97 %, 87 %, 7503 MiB, 49140 MiB, 169.47 W, 300.00 W, 72, 1635 MHz
2026/09/23 11:55:20.121, 0, 98 %, 85 %, 7503 MiB, 49140 MiB, 291.20 W, 300.00 W, 71, 1665 MHz
2026/09/23 11:55:21.122, 0, 97 %, 87 %, 7503 MiB, 49140 MiB, 289.94 W, 300.00 W, 73, 1950 MHz
2026/09/23 11:55:22.122, 0, 97 %, 88 %, 7503 MiB, 49140 MiB, 289.31 W, 300.00 W, 72, 2085 MHz
2026/09/23 11:55:23.124, 0, 98 %, 87 %, 7503 MiB, 49140 MiB, 291.68 W, 300.00 W, 71, 1680 MHz
2026/09/23 11:55:24.125, 0, 97 %, 86 %, 7503 MiB, 49140 MiB, 290.14 W, 300.00 W, 73, 1860 MHz
2026/09/23 11:55:25.127, 0, 98 %, 86 %, 7503 MiB, 49140 MiB, 288.62 W, 300.00 W, 72, 1935 MHz
2026/09/23 11:55:26.127, 0, 98 %, 87 %, 7503 MiB, 49140 MiB, 292.57 W, 300.00 W, 73, 1635 MHz
2026/09/23 11:55:27.128, 0, 98 %, 87 %, 7503 MiB, 49140 MiB, 290.25 W, 300.00 W, 72, 1815 MHz
2026/09/23 11:55:28.129, 0, 97 %, 86 %, 7503 MiB, 49140 MiB, 290.59 W, 300.00 W, 73, 1725 MHz
2026/09/23 11:55:29.129, 0, 98 %, 88 %, 7503 MiB, 49140 MiB, 291.82 W, 300.00 W, 73, 1950 MHz
2026/09/23 11:55:30.130, 0, 98 %, 85 %, 7503 MiB, 49140 MiB, 292.21 W, 300.00 W, 71, 1665 MHz
2026/09/23 11:55:31.131, 0, 98 %, 87 %, 7503 MiB, 49140 MiB, 291.99 W, 300.00 W, 74, 1680 MHz
2026/09/23 11:55:32.132, 0, 97 %, 84 %, 7503 MiB, 49140 MiB, 290.79 W, 300.00 W, 72, 1860 MHz
2026/09/23 11:55:33.133, 0, 97 %, 87 %, 7503 MiB, 49140 MiB, 291.31 W, 300.00 W, 71, 1935 MHz
2026/09/23 11:55:34.134, 0, 98 %, 88 %, 7503 MiB, 49140 MiB, 291.28 W, 300.00 W, 73, 1575 MHz
2026/09/23 11:55:35.135, 0, 98 %, 87 %, 7503 MiB, 49140 MiB, 291.21 W, 300.00 W, 73, 1905 MHz
2026/09/23 11:55:36.136, 0, 98 %, 87 %, 7503 MiB, 49140 MiB, 292.75 W, 300.00 W, 73, 2025 MHz
2026/09/23 11:55:37.137, 0, 98 %, 86 %, 7503 MiB, 49140 MiB, 290.79 W, 300.00 W, 72, 1605 MHz
2026/09/23 11:55:38.138, 0, 98 %, 88 %, 7503 MiB, 49140 MiB, 290.83 W, 300.00 W, 72, 1905 MHz
2026/09/23 11:55:39.139, 0, 98 %, 87 %, 7503 MiB, 49140 MiB, 292.76 W, 300.00 W, 72, 1980 MHz
2026/09/23 11:55:40.140, 0, 97 %, 85 %, 7503 MiB, 49140 MiB, 291.83 W, 300.00 W, 72, 1680 MHz
2026/09/23 11:55:41.141, 0, 98 %, 87 %, 7503 MiB, 49140 MiB, 290.91 W, 300.00 W, 74, 1845 MHz
2026/09/23 11:55:42.142, 0, 91 %, 65 %, 7503 MiB, 49140 MiB, 291.56 W, 300.00 W, 72, 1725 MHz
2026/09/23 11:55:43.143, 0, 61 %, 40 %, 7503 MiB, 49140 MiB, 291.84 W, 300.00 W, 69, 2655 MHz
2026/09/23 11:55:44.143, 0, 0 %, 0 %, 7503 MiB, 49140 MiB, 99.23 W, 300.00 W, 66, 2745 MHz
2026/09/23 11:55:45.144, 0, 97 %, 85 %, 7503 MiB, 49140 MiB, 160.46 W, 300.00 W, 73, 1890 MHz
2026/09/23 11:55:46.145, 0, 98 %, 88 %, 7503 MiB, 49140 MiB, 288.87 W, 300.00 W, 71, 1815 MHz
2026/09/23 11:55:47.146, 0, 98 %, 86 %, 7503 MiB, 49140 MiB, 290.07 W, 300.00 W, 71, 1770 MHz
2026/09/23 11:55:48.147, 0, 96 %, 86 %, 7503 MiB, 49140 MiB, 289.00 W, 300.00 W, 73, 1845 MHz
2026/09/23 11:55:49.147, 0, 98 %, 88 %, 7503 MiB, 49140 MiB, 290.12 W, 300.00 W, 72, 1740 MHz
2026/09/23 11:55:50.148, 0, 98 %, 87 %, 7503 MiB, 49140 MiB, 290.44 W, 300.00 W, 72, 1860 MHz
2026/09/23 11:55:51.150, 0, 97 %, 87 %, 7503 MiB, 49140 MiB, 289.48 W, 300.00 W, 73, 1560 MHz
2026/09/23 11:55:52.151, 0, 98 %, 85 %, 7503 MiB, 49140 MiB, 290.77 W, 300.00 W, 72, 1920 MHz
2026/09/23 11:55:53.153, 0, 98 %, 88 %, 7503 MiB, 49140 MiB, 292.83 W, 300.00 W, 73, 2070 MHz
2026/09/23 11:55:54.154, 0, 96 %, 85 %, 7503 MiB, 49140 MiB, 288.50 W, 300.00 W, 72, 1575 MHz
2026/09/23 11:55:55.155, 0, 97 %, 86 %, 7503 MiB, 49140 MiB, 290.76 W, 300.00 W, 73, 1965 MHz
2026/09/23 11:55:56.157, 0, 98 %, 87 %, 7503 MiB, 49140 MiB, 292.11 W, 300.00 W, 72, 1995 MHz
2026/09/23 11:55:57.157, 0, 98 %, 86 %, 7503 MiB, 49140 MiB, 290.48 W, 300.00 W, 72, 1635 MHz
2026/09/23 11:55:58.158, 0, 96 %, 85 %, 7503 MiB, 49140 MiB, 291.01 W, 300.00 W, 74, 1890 MHz
2026/09/23 11:55:59.159, 0, 96 %, 85 %, 7503 MiB, 49140 MiB, 291.80 W, 300.00 W, 72, 1710 MHz
2026/09/23 11:56:00.161, 0, 98 %, 85 %, 7503 MiB, 49140 MiB, 291.17 W, 300.00 W, 71, 1695 MHz
2026/09/23 11:56:01.164, 0, 98 %, 87 %, 7503 MiB, 49140 MiB, 290.11 W, 300.00 W, 74, 1830 MHz
2026/09/23 11:56:02.167, 0, 97 %, 86 %, 7503 MiB, 49140 MiB, 290.23 W, 300.00 W, 72, 2085 MHz
2026/09/23 11:56:03.168, 0, 98 %, 86 %, 7503 MiB, 49140 MiB, 290.96 W, 300.00 W, 71, 1710 MHz
2026/09/23 11:56:04.168, 0, 95 %, 85 %, 7503 MiB, 49140 MiB, 290.36 W, 300.00 W, 73, 1860 MHz
2026/09/23 11:56:05.170, 0, 98 %, 87 %, 7503 MiB, 49140 MiB, 291.12 W, 300.00 W, 72, 1920 MHz
2026/09/23 11:56:06.171, 0, 96 %, 85 %, 7503 MiB, 49140 MiB, 291.57 W, 300.00 W, 71, 1650 MHz
2026/09/23 11:56:07.172, 0, 96 %, 86 %, 7503 MiB, 49140 MiB, 289.00 W, 300.00 W, 74, 1830 MHz
2026/09/23 11:56:08.172, 0, 96 %, 84 %, 7503 MiB, 49140 MiB, 291.61 W, 300.00 W, 74, 1740 MHz
2026/09/23 11:56:09.173, 0, 95 %, 69 %, 7503 MiB, 49140 MiB, 297.88 W, 300.00 W, 74, 1530 MHz
2026/09/23 11:56:10.174, 0, 0 %, 0 %, 7503 MiB, 49140 MiB, 117.97 W, 300.00 W, 67, 2745 MHz
2026/09/23 11:56:11.174, 0, 96 %, 87 %, 7503 MiB, 49140 MiB, 137.56 W, 300.00 W, 71, 2100 MHz
2026/09/23 11:56:12.175, 0, 97 %, 85 %, 7503 MiB, 49140 MiB, 291.29 W, 300.00 W, 70, 1635 MHz
2026/09/23 11:56:13.175, 0, 98 %, 87 %, 7503 MiB, 49140 MiB, 289.18 W, 300.00 W, 73, 1875 MHz
2026/09/23 11:56:14.177, 0, 97 %, 87 %, 7503 MiB, 49140 MiB, 289.07 W, 300.00 W, 71, 1710 MHz
2026/09/23 11:56:15.177, 0, 97 %, 86 %, 7503 MiB, 49140 MiB, 290.28 W, 300.00 W, 70, 1725 MHz
2026/09/23 11:56:16.178, 0, 98 %, 88 %, 7503 MiB, 49140 MiB, 288.90 W, 300.00 W, 74, 1650 MHz
2026/09/23 11:56:17.180, 0, 97 %, 86 %, 7503 MiB, 49140 MiB, 289.52 W, 300.00 W, 72, 1845 MHz
2026/09/23 11:56:18.181, 0, 98 %, 87 %, 7503 MiB, 49140 MiB, 291.39 W, 300.00 W, 73, 1710 MHz
2026/09/23 11:56:19.182, 0, 98 %, 87 %, 7503 MiB, 49140 MiB, 288.89 W, 300.00 W, 72, 1680 MHz
2026/09/23 11:56:20.183, 0, 97 %, 85 %, 7503 MiB, 49140 MiB, 290.49 W, 300.00 W, 72, 1875 MHz
2026/09/23 11:56:21.183, 0, 98 %, 88 %, 7503 MiB, 49140 MiB, 292.51 W, 300.00 W, 73, 1665 MHz
2026/09/23 11:56:22.184, 0, 96 %, 85 %, 7503 MiB, 49140 MiB, 289.88 W, 300.00 W, 73, 1740 MHz
2026/09/23 11:56:23.185, 0, 98 %, 88 %, 7503 MiB, 49140 MiB, 291.31 W, 300.00 W, 73, 1620 MHz
2026/09/23 11:56:24.186, 0, 98 %, 87 %, 7503 MiB, 49140 MiB, 292.83 W, 300.00 W, 73, 1905 MHz
2026/09/23 11:56:25.187, 0, 98 %, 86 %, 7503 MiB, 49140 MiB, 289.84 W, 300.00 W, 71, 2085 MHz
2026/09/23 11:56:26.188, 0, 97 %, 87 %, 7503 MiB, 49140 MiB, 290.93 W, 300.00 W, 74, 1650 MHz
2026/09/23 11:56:27.189, 0, 98 %, 87 %, 7503 MiB, 49140 MiB, 290.92 W, 300.00 W, 72, 1875 MHz
2026/09/23 11:56:28.191, 0, 97 %, 87 %, 7503 MiB, 49140 MiB, 291.77 W, 300.00 W, 73, 1740 MHz
2026/09/23 11:56:29.192, 0, 98 %, 87 %, 7503 MiB, 49140 MiB, 290.08 W, 300.00 W, 73, 1740 MHz
2026/09/23 11:56:30.192, 0, 97 %, 87 %, 7503 MiB, 49140 MiB, 289.61 W, 300.00 W, 73, 1710 MHz
2026/09/23 11:56:31.194, 0, 97 %, 87 %, 7503 MiB, 49140 MiB, 292.19 W, 300.00 W, 73, 1815 MHz
2026/09/23 11:56:32.195, 0, 98 %, 87 %, 7503 MiB, 49140 MiB, 289.44 W, 300.00 W, 73, 1890 MHz
2026/09/23 11:56:33.196, 0, 98 %, 88 %, 7503 MiB, 49140 MiB, 291.01 W, 300.00 W, 73, 1665 MHz
2026/09/23 11:56:34.196, 0, 98 %, 87 %, 7503 MiB, 49140 MiB, 292.07 W, 300.00 W, 73, 1725 MHz
2026/09/23 11:56:35.197, 0, 95 %, 68 %, 7503 MiB, 49140 MiB, 296.98 W, 300.00 W, 74, 1455 MHz
2026/09/23 11:56:36.197, 0, 0 %, 0 %, 7503 MiB, 49140 MiB, 137.80 W, 300.00 W, 67, 2730 MHz
2026/09/23 11:56:37.198, 0, 97 %, 87 %, 7503 MiB, 49140 MiB, 121.00 W, 300.00 W, 71, 1995 MHz
2026/09/23 11:56:38.199, 0, 98 %, 87 %, 7503 MiB, 49140 MiB, 290.24 W, 300.00 W, 72, 1815 MHz
2026/09/23 11:56:39.199, 0, 97 %, 86 %, 7503 MiB, 49140 MiB, 289.67 W, 300.00 W, 72, 1710 MHz
2026/09/23 11:56:40.201, 0, 97 %, 87 %, 7503 MiB, 49140 MiB, 290.12 W, 300.00 W, 73, 1620 MHz
2026/09/23 11:56:41.201, 0, 98 %, 87 %, 7503 MiB, 49140 MiB, 292.09 W, 300.00 W, 72, 2025 MHz
2026/09/23 11:56:42.202, 0, 91 %, 83 %, 7503 MiB, 49140 MiB, 289.63 W, 300.00 W, 71, 2070 MHz
2026/09/23 11:56:43.203, 0, 96 %, 85 %, 7503 MiB, 49140 MiB, 289.57 W, 300.00 W, 74, 1695 MHz
2026/09/23 11:56:44.204, 0, 97 %, 87 %, 7503 MiB, 49140 MiB, 289.26 W, 300.00 W, 72, 1905 MHz
2026/09/23 11:56:45.205, 0, 97 %, 88 %, 7503 MiB, 49140 MiB, 292.08 W, 300.00 W, 73, 1725 MHz
2026/09/23 11:56:46.206, 0, 98 %, 88 %, 7503 MiB, 49140 MiB, 289.97 W, 300.00 W, 72, 1695 MHz
2026/09/23 11:56:47.207, 0, 94 %, 84 %, 7503 MiB, 49140 MiB, 290.56 W, 300.00 W, 72, 1965 MHz
2026/09/23 11:56:48.207, 0, 97 %, 86 %, 7503 MiB, 49140 MiB, 291.91 W, 300.00 W, 73, 1875 MHz
2026/09/23 11:56:49.208, 0, 97 %, 85 %, 7503 MiB, 49140 MiB, 290.94 W, 300.00 W, 71, 2070 MHz
2026/09/23 11:56:50.209, 0, 96 %, 85 %, 7503 MiB, 49140 MiB, 289.33 W, 300.00 W, 74, 1605 MHz
2026/09/23 11:56:51.210, 0, 96 %, 87 %, 7503 MiB, 49140 MiB, 290.74 W, 300.00 W, 72, 1800 MHz
2026/09/23 11:56:52.211, 0, 96 %, 85 %, 7503 MiB, 49140 MiB, 290.93 W, 300.00 W, 71, 2040 MHz
2026/09/23 11:56:53.211, 0, 97 %, 87 %, 7503 MiB, 49140 MiB, 290.16 W, 300.00 W, 74, 1650 MHz
2026/09/23 11:56:54.212, 0, 96 %, 85 %, 7503 MiB, 49140 MiB, 289.69 W, 300.00 W, 72, 1830 MHz
2026/09/23 11:56:55.213, 0, 98 %, 87 %, 7503 MiB, 49140 MiB, 291.93 W, 300.00 W, 72, 1890 MHz
2026/09/23 11:56:56.215, 0, 98 %, 88 %, 7503 MiB, 49140 MiB, 291.92 W, 300.00 W, 73, 1665 MHz
2026/09/23 11:56:57.216, 0, 97 %, 87 %, 7503 MiB, 49140 MiB, 291.93 W, 300.00 W, 73, 1755 MHz
2026/09/23 11:56:58.218, 0, 96 %, 86 %, 7503 MiB, 49140 MiB, 292.71 W, 300.00 W, 73, 1725 MHz
2026/09/23 11:56:59.218, 0, 98 %, 87 %, 7503 MiB, 49140 MiB, 289.29 W, 300.00 W, 72, 2025 MHz
2026/09/23 11:57:00.219, 0, 98 %, 89 %, 7503 MiB, 49140 MiB, 290.76 W, 300.00 W, 74, 1575 MHz
2026/09/23 11:57:01.220, 0, 95 %, 65 %, 7503 MiB, 49140 MiB, 298.01 W, 300.00 W, 73, 1590 MHz
2026/09/23 11:57:02.220, 0, 0 %, 0 %, 7503 MiB, 49140 MiB, 145.08 W, 300.00 W, 67, 2685 MHz
2026/09/23 11:57:03.220, 0, 97 %, 89 %, 7503 MiB, 49140 MiB, 98.55 W, 300.00 W, 70, 1920 MHz
2026/09/23 11:57:04.221, 0, 97 %, 85 %, 7503 MiB, 49140 MiB, 291.23 W, 300.00 W, 71, 2010 MHz
2026/09/23 11:57:05.222, 0, 98 %, 88 %, 7503 MiB, 49140 MiB, 289.53 W, 300.00 W, 72, 2010 MHz
2026/09/23 11:57:06.223, 0, 97 %, 85 %, 7503 MiB, 49140 MiB, 289.70 W, 300.00 W, 72, 1665 MHz
2026/09/23 11:57:07.224, 0, 98 %, 86 %, 7503 MiB, 49140 MiB, 288.73 W, 300.00 W, 71, 1995 MHz
2026/09/23 11:57:08.226, 0, 97 %, 87 %, 7503 MiB, 49140 MiB, 288.56 W, 300.00 W, 73, 2070 MHz
2026/09/23 11:57:09.227, 0, 97 %, 85 %, 7503 MiB, 49140 MiB, 290.19 W, 300.00 W, 72, 1590 MHz
2026/09/23 11:57:10.228, 0, 95 %, 86 %, 7503 MiB, 49140 MiB, 292.17 W, 300.00 W, 73, 1860 MHz
2026/09/23 11:57:11.229, 0, 98 %, 86 %, 7503 MiB, 49140 MiB, 289.79 W, 300.00 W, 72, 1965 MHz
2026/09/23 11:57:12.230, 0, 97 %, 87 %, 7503 MiB, 49140 MiB, 290.44 W, 300.00 W, 73, 1680 MHz
2026/09/23 11:57:13.230, 0, 97 %, 86 %, 7503 MiB, 49140 MiB, 291.39 W, 300.00 W, 72, 1815 MHz
2026/09/23 11:57:14.232, 0, 98 %, 85 %, 7503 MiB, 49140 MiB, 290.56 W, 300.00 W, 71, 1725 MHz
2026/09/23 11:57:15.234, 0, 98 %, 87 %, 7503 MiB, 49140 MiB, 291.05 W, 300.00 W, 74, 2025 MHz
2026/09/23 11:57:16.235, 0, 98 %, 87 %, 7503 MiB, 49140 MiB, 290.82 W, 300.00 W, 72, 1545 MHz
2026/09/23 11:57:17.235, 0, 96 %, 85 %, 7503 MiB, 49140 MiB, 291.37 W, 300.00 W, 72, 1995 MHz
2026/09/23 11:57:18.236, 0, 98 %, 88 %, 7503 MiB, 49140 MiB, 288.64 W, 300.00 W, 73, 2175 MHz
2026/09/23 11:57:19.237, 0, 98 %, 87 %, 7503 MiB, 49140 MiB, 289.56 W, 300.00 W, 72, 1560 MHz
2026/09/23 11:57:20.238, 0, 96 %, 86 %, 7503 MiB, 49140 MiB, 291.76 W, 300.00 W, 73, 1935 MHz
2026/09/23 11:57:21.239, 0, 98 %, 87 %, 7503 MiB, 49140 MiB, 291.32 W, 300.00 W, 73, 1965 MHz
2026/09/23 11:57:22.239, 0, 97 %, 88 %, 7503 MiB, 49140 MiB, 292.05 W, 300.00 W, 73, 1680 MHz
2026/09/23 11:57:23.240, 0, 98 %, 86 %, 7503 MiB, 49140 MiB, 292.20 W, 300.00 W, 72, 1830 MHz
2026/09/23 11:57:24.241, 0, 98 %, 85 %, 7503 MiB, 49140 MiB, 291.02 W, 300.00 W, 71, 1710 MHz
2026/09/23 11:57:25.242, 0, 97 %, 86 %, 7503 MiB, 49140 MiB, 290.84 W, 300.00 W, 74, 2025 MHz
2026/09/23 11:57:26.243, 0, 96 %, 85 %, 7503 MiB, 49140 MiB, 289.83 W, 300.00 W, 72, 1575 MHz
2026/09/23 11:57:27.244, 0, 94 %, 64 %, 7503 MiB, 49140 MiB, 293.48 W, 300.00 W, 74, 1620 MHz
2026/09/23 11:57:28.245, 0, 0 %, 0 %, 7503 MiB, 49140 MiB, 172.12 W, 300.00 W, 67, 2745 MHz
2026/09/23 11:57:29.245, 0, 0 %, 0 %, 7503 MiB, 49140 MiB, 85.97 W, 300.00 W, 69, 2295 MHz
2026/09/23 11:57:30.246, 0, 97 %, 86 %, 7503 MiB, 49140 MiB, 222.01 W, 300.00 W, 72, 2055 MHz
2026/09/23 11:57:31.247, 0, 98 %, 86 %, 7503 MiB, 49140 MiB, 295.19 W, 300.00 W, 73, 1845 MHz
2026/09/23 11:57:32.248, 0, 95 %, 84 %, 7503 MiB, 49140 MiB, 290.32 W, 300.00 W, 71, 1635 MHz
2026/09/23 11:57:33.249, 0, 97 %, 86 %, 7503 MiB, 49140 MiB, 290.83 W, 300.00 W, 72, 1950 MHz
2026/09/23 11:57:34.250, 0, 97 %, 87 %, 7503 MiB, 49140 MiB, 288.79 W, 300.00 W, 73, 2085 MHz
2026/09/23 11:57:35.250, 0, 93 %, 83 %, 7503 MiB, 49140 MiB, 288.71 W, 300.00 W, 72, 1650 MHz
2026/09/23 11:57:36.252, 0, 97 %, 86 %, 7503 MiB, 49140 MiB, 291.22 W, 300.00 W, 72, 2100 MHz
2026/09/23 11:57:37.252, 0, 98 %, 87 %, 7503 MiB, 49140 MiB, 290.84 W, 300.00 W, 72, 1935 MHz
2026/09/23 11:57:38.254, 0, 89 %, 79 %, 7503 MiB, 49140 MiB, 288.96 W, 300.00 W, 72, 1710 MHz
2026/09/23 11:57:39.256, 0, 98 %, 88 %, 7503 MiB, 49140 MiB, 290.48 W, 300.00 W, 73, 1845 MHz
2026/09/23 11:57:40.258, 0, 97 %, 86 %, 7503 MiB, 49140 MiB, 290.07 W, 300.00 W, 72, 1845 MHz
2026/09/23 11:57:41.259, 0, 96 %, 86 %, 7503 MiB, 49140 MiB, 290.06 W, 300.00 W, 73, 1740 MHz
2026/09/23 11:57:42.260, 0, 97 %, 86 %, 7503 MiB, 49140 MiB, 292.08 W, 300.00 W, 72, 1890 MHz
2026/09/23 11:57:43.261, 0, 97 %, 86 %, 7503 MiB, 49140 MiB, 291.15 W, 300.00 W, 72, 1845 MHz
2026/09/23 11:57:44.261, 0, 97 %, 87 %, 7503 MiB, 49140 MiB, 289.72 W, 300.00 W, 72, 1830 MHz
2026/09/23 11:57:45.263, 0, 97 %, 86 %, 7503 MiB, 49140 MiB, 291.28 W, 300.00 W, 73, 1680 MHz
2026/09/23 11:57:46.264, 0, 96 %, 85 %, 7503 MiB, 49140 MiB, 292.24 W, 300.00 W, 72, 1590 MHz
2026/09/23 11:57:47.265, 0, 98 %, 88 %, 7503 MiB, 49140 MiB, 291.32 W, 300.00 W, 72, 1965 MHz
2026/09/23 11:57:48.265, 0, 98 %, 87 %, 7503 MiB, 49140 MiB, 291.09 W, 300.00 W, 73, 2070 MHz
2026/09/23 11:57:49.266, 0, 97 %, 87 %, 7503 MiB, 49140 MiB, 290.82 W, 300.00 W, 72, 1650 MHz
2026/09/23 11:57:50.267, 0, 96 %, 86 %, 7503 MiB, 49140 MiB, 292.46 W, 300.00 W, 73, 1815 MHz
2026/09/23 11:57:51.269, 0, 98 %, 87 %, 7503 MiB, 49140 MiB, 290.43 W, 300.00 W, 72, 1875 MHz
2026/09/23 11:57:52.269, 0, 98 %, 88 %, 7503 MiB, 49140 MiB, 290.93 W, 300.00 W, 74, 1680 MHz
2026/09/23 11:57:53.270, 0, 95 %, 69 %, 7503 MiB, 49140 MiB, 288.26 W, 300.00 W, 68, 2655 MHz
2026/09/23 11:57:54.271, 0, 0 %, 0 %, 7503 MiB, 49140 MiB, 88.47 W, 300.00 W, 66, 2655 MHz
2026/09/23 11:57:55.271, 0, 0 %, 0 %, 7503 MiB, 49140 MiB, 152.72 W, 300.00 W, 71, 2025 MHz
2026/09/23 11:57:56.272, 0, 98 %, 86 %, 7503 MiB, 49140 MiB, 291.70 W, 300.00 W, 72, 1875 MHz
2026/09/23 11:57:57.274, 0, 97 %, 87 %, 7503 MiB, 49140 MiB, 289.69 W, 300.00 W, 71, 1995 MHz
2026/09/23 11:57:58.274, 0, 98 %, 87 %, 7503 MiB, 49140 MiB, 290.10 W, 300.00 W, 73, 1935 MHz
2026/09/23 11:57:59.275, 0, 96 %, 85 %, 7503 MiB, 49140 MiB, 290.65 W, 300.00 W, 72, 1740 MHz
2026/09/23 11:58:00.275, 0, 97 %, 86 %, 7503 MiB, 49140 MiB, 290.41 W, 300.00 W, 71, 1935 MHz
2026/09/23 11:58:01.277, 0, 98 %, 87 %, 7503 MiB, 49140 MiB, 291.78 W, 300.00 W, 73, 1695 MHz
2026/09/23 11:58:02.277, 0, 95 %, 84 %, 7503 MiB, 49140 MiB, 289.88 W, 300.00 W, 72, 1620 MHz
2026/09/23 11:58:03.278, 0, 97 %, 86 %, 7503 MiB, 49140 MiB, 291.34 W, 300.00 W, 72, 1875 MHz
2026/09/23 11:58:04.279, 0, 97 %, 87 %, 7503 MiB, 49140 MiB, 289.37 W, 300.00 W, 74, 1830 MHz
2026/09/23 11:58:05.279, 0, 97 %, 85 %, 7503 MiB, 49140 MiB, 290.91 W, 300.00 W, 72, 1680 MHz
2026/09/23 11:58:06.280, 0, 96 %, 86 %, 7503 MiB, 49140 MiB, 290.89 W, 300.00 W, 72, 1860 MHz
2026/09/23 11:58:07.281, 0, 91 %, 82 %, 7503 MiB, 49140 MiB, 288.77 W, 300.00 W, 74, 1920 MHz
2026/09/23 11:58:08.282, 0, 98 %, 86 %, 7503 MiB, 49140 MiB, 290.69 W, 300.00 W, 73, 1635 MHz
2026/09/23 11:58:09.283, 0, 97 %, 86 %, 7503 MiB, 49140 MiB, 288.03 W, 300.00 W, 73, 1875 MHz
2026/09/23 11:58:10.285, 0, 97 %, 88 %, 7503 MiB, 49140 MiB, 291.89 W, 300.00 W, 73, 2055 MHz
2026/09/23 11:58:11.285, 0, 98 %, 87 %, 7503 MiB, 49140 MiB, 291.71 W, 300.00 W, 73, 1560 MHz
2026/09/23 11:58:12.286, 0, 97 %, 86 %, 7503 MiB, 49140 MiB, 289.10 W, 300.00 W, 72, 1890 MHz
2026/09/23 11:58:13.288, 0, 98 %, 88 %, 7503 MiB, 49140 MiB, 290.72 W, 300.00 W, 72, 2010 MHz
2026/09/23 11:58:14.289, 0, 98 %, 87 %, 7503 MiB, 49140 MiB, 292.54 W, 300.00 W, 73, 1545 MHz
2026/09/23 11:58:15.290, 0, 97 %, 85 %, 7503 MiB, 49140 MiB, 288.48 W, 300.00 W, 73, 1695 MHz
2026/09/23 11:58:16.291, 0, 96 %, 85 %, 7503 MiB, 49140 MiB, 288.54 W, 300.00 W, 72, 1620 MHz
2026/09/23 11:58:17.293, 0, 98 %, 87 %, 7503 MiB, 49140 MiB, 291.71 W, 300.00 W, 71, 1845 MHz
2026/09/23 11:58:18.294, 0, 98 %, 87 %, 7503 MiB, 49140 MiB, 290.22 W, 300.00 W, 74, 2010 MHz
2026/09/23 11:58:19.295, 0, 95 %, 69 %, 7503 MiB, 49140 MiB, 297.58 W, 300.00 W, 74, 1635 MHz
2026/09/23 11:58:20.295, 0, 0 %, 0 %, 7503 MiB, 49140 MiB, 112.89 W, 300.00 W, 67, 2745 MHz
2026/09/23 11:58:21.296, 0, 0 %, 0 %, 7503 MiB, 49140 MiB, 134.61 W, 300.00 W, 70, 1920 MHz
2026/09/23 11:58:22.297, 0, 98 %, 87 %, 7503 MiB, 49140 MiB, 289.88 W, 300.00 W, 72, 1860 MHz
2026/09/23 11:58:23.298, 0, 98 %, 88 %, 7503 MiB, 49140 MiB, 288.67 W, 300.00 W, 72, 1740 MHz
2026/09/23 11:58:24.301, 0, 97 %, 86 %, 7503 MiB, 49140 MiB, 292.72 W, 300.00 W, 72, 1710 MHz
2026/09/23 11:58:25.302, 0, 97 %, 88 %, 7503 MiB, 49140 MiB, 288.38 W, 300.00 W, 74, 1725 MHz
2026/09/23 11:58:26.304, 0, 98 %, 89 %, 7503 MiB, 49140 MiB, 290.92 W, 300.00 W, 72, 1680 MHz
2026/09/23 11:58:27.305, 0, 97 %, 87 %, 7503 MiB, 49140 MiB, 292.65 W, 300.00 W, 71, 1830 MHz
2026/09/23 11:58:28.306, 0, 97 %, 86 %, 7503 MiB, 49140 MiB, 289.94 W, 300.00 W, 73, 1665 MHz
2026/09/23 11:58:29.306, 0, 96 %, 87 %, 7503 MiB, 49140 MiB, 290.57 W, 300.00 W, 72, 1620 MHz
2026/09/23 11:58:30.307, 0, 97 %, 88 %, 7503 MiB, 49140 MiB, 291.03 W, 300.00 W, 71, 1890 MHz
2026/09/23 11:58:31.308, 0, 96 %, 86 %, 7503 MiB, 49140 MiB, 289.31 W, 300.00 W, 74, 2010 MHz
2026/09/23 11:58:32.309, 0, 97 %, 83 %, 7503 MiB, 49140 MiB, 291.40 W, 300.00 W, 72, 1680 MHz
2026/09/23 11:58:33.310, 0, 94 %, 85 %, 7503 MiB, 49140 MiB, 291.53 W, 300.00 W, 71, 1845 MHz
2026/09/23 11:58:34.310, 0, 97 %, 87 %, 7503 MiB, 49140 MiB, 290.71 W, 300.00 W, 74, 1920 MHz
2026/09/23 11:58:35.312, 0, 98 %, 84 %, 7503 MiB, 49140 MiB, 291.51 W, 300.00 W, 72, 1695 MHz
2026/09/23 11:58:36.312, 0, 98 %, 89 %, 7503 MiB, 49140 MiB, 292.19 W, 300.00 W, 71, 1845 MHz
2026/09/23 11:58:37.313, 0, 98 %, 85 %, 7503 MiB, 49140 MiB, 290.12 W, 300.00 W, 74, 1875 MHz
2026/09/23 11:58:38.314, 0, 96 %, 84 %, 7503 MiB, 49140 MiB, 290.82 W, 300.00 W, 72, 1695 MHz
2026/09/23 11:58:39.314, 0, 96 %, 87 %, 7503 MiB, 49140 MiB, 291.47 W, 300.00 W, 71, 1845 MHz
2026/09/23 11:58:40.315, 0, 96 %, 86 %, 7503 MiB, 49140 MiB, 291.85 W, 300.00 W, 74, 1950 MHz
2026/09/23 11:58:41.316, 0, 97 %, 85 %, 7503 MiB, 49140 MiB, 291.10 W, 300.00 W, 72, 1650 MHz
2026/09/23 11:58:42.317, 0, 97 %, 88 %, 7503 MiB, 49140 MiB, 292.96 W, 300.00 W, 71, 1875 MHz
2026/09/23 11:58:43.319, 0, 93 %, 84 %, 7503 MiB, 49140 MiB, 289.65 W, 300.00 W, 74, 2010 MHz
2026/09/23 11:58:44.319, 0, 97 %, 82 %, 7503 MiB, 49140 MiB, 290.90 W, 300.00 W, 72, 2085 MHz
2026/09/23 11:58:45.321, 0, 95 %, 68 %, 7503 MiB, 49140 MiB, 296.84 W, 300.00 W, 75, 1575 MHz
2026/09/23 11:58:46.322, 0, 9 %, 0 %, 7503 MiB, 49140 MiB, 150.39 W, 300.00 W, 67, 2700 MHz
2026/09/23 11:58:47.322, 0, 0 %, 0 %, 7503 MiB, 49140 MiB, 95.86 W, 300.00 W, 66, 2385 MHz
2026/09/23 11:58:48.323, 0, 97 %, 86 %, 7503 MiB, 49140 MiB, 291.85 W, 300.00 W, 73, 1965 MHz
2026/09/23 11:58:49.324, 0, 95 %, 81 %, 7503 MiB, 49140 MiB, 290.05 W, 300.00 W, 72, 2070 MHz
2026/09/23 11:58:50.325, 0, 97 %, 88 %, 7503 MiB, 49140 MiB, 290.63 W, 300.00 W, 71, 1590 MHz
2026/09/23 11:58:51.326, 0, 96 %, 86 %, 7503 MiB, 49140 MiB, 290.83 W, 300.00 W, 74, 1935 MHz
2026/09/23 11:58:52.326, 0, 98 %, 85 %, 7503 MiB, 49140 MiB, 290.99 W, 300.00 W, 72, 2040 MHz
2026/09/23 11:58:53.327, 0, 97 %, 87 %, 7503 MiB, 49140 MiB, 291.05 W, 300.00 W, 71, 1575 MHz
2026/09/23 11:58:54.328, 0, 96 %, 85 %, 7503 MiB, 49140 MiB, 291.26 W, 300.00 W, 74, 1890 MHz
2026/09/23 11:58:55.329, 0, 98 %, 84 %, 7503 MiB, 49140 MiB, 290.88 W, 300.00 W, 72, 2115 MHz
2026/09/23 11:58:56.330, 0, 98 %, 87 %, 7503 MiB, 49140 MiB, 291.32 W, 300.00 W, 71, 1590 MHz
2026/09/23 11:58:57.331, 0, 96 %, 85 %, 7503 MiB, 49140 MiB, 291.28 W, 300.00 W, 74, 1920 MHz
2026/09/23 11:58:58.332, 0, 97 %, 82 %, 7503 MiB, 49140 MiB, 290.77 W, 300.00 W, 72, 2055 MHz
2026/09/23 11:58:59.333, 0, 98 %, 88 %, 7503 MiB, 49140 MiB, 291.48 W, 300.00 W, 71, 1545 MHz
2026/09/23 11:59:00.333, 0, 97 %, 85 %, 7503 MiB, 49140 MiB, 291.71 W, 300.00 W, 74, 1980 MHz
2026/09/23 11:59:01.334, 0, 96 %, 87 %, 7503 MiB, 49140 MiB, 291.64 W, 300.00 W, 72, 2025 MHz
2026/09/23 11:59:02.335, 0, 96 %, 86 %, 7503 MiB, 49140 MiB, 292.81 W, 300.00 W, 71, 1620 MHz
2026/09/23 11:59:03.336, 0, 97 %, 85 %, 7503 MiB, 49140 MiB, 290.54 W, 300.00 W, 74, 1950 MHz
2026/09/23 11:59:04.336, 0, 97 %, 86 %, 7503 MiB, 49140 MiB, 292.14 W, 300.00 W, 72, 1980 MHz
2026/09/23 11:59:05.337, 0, 97 %, 89 %, 7503 MiB, 49140 MiB, 292.22 W, 300.00 W, 71, 1545 MHz
2026/09/23 11:59:06.338, 0, 98 %, 85 %, 7503 MiB, 49140 MiB, 290.81 W, 300.00 W, 74, 1920 MHz
2026/09/23 11:59:07.339, 0, 98 %, 85 %, 7503 MiB, 49140 MiB, 289.50 W, 300.00 W, 72, 2055 MHz
2026/09/23 11:59:08.340, 0, 98 %, 89 %, 7503 MiB, 49140 MiB, 291.78 W, 300.00 W, 71, 1530 MHz
2026/09/23 11:59:09.340, 0, 96 %, 85 %, 7503 MiB, 49140 MiB, 292.06 W, 300.00 W, 74, 1905 MHz
2026/09/23 11:59:10.343, 0, 98 %, 87 %, 7503 MiB, 49140 MiB, 291.19 W, 300.00 W, 72, 2025 MHz
2026/09/23 11:59:11.343, 0, 93 %, 68 %, 7503 MiB, 49140 MiB, 295.36 W, 300.00 W, 74, 1575 MHz
2026/09/23 11:59:12.344, 0, 31 %, 21 %, 7503 MiB, 49140 MiB, 189.32 W, 300.00 W, 67, 2745 MHz
2026/09/23 11:59:13.344, 0, 0 %, 0 %, 7503 MiB, 49140 MiB, 87.61 W, 300.00 W, 66, 2745 MHz
2026/09/23 11:59:14.344, 0, 98 %, 88 %, 7503 MiB, 49140 MiB, 204.66 W, 300.00 W, 71, 1605 MHz
2026/09/23 11:59:15.345, 0, 96 %, 86 %, 7503 MiB, 49140 MiB, 290.55 W, 300.00 W, 73, 1935 MHz
2026/09/23 11:59:16.346, 0, 97 %, 84 %, 7503 MiB, 49140 MiB, 291.03 W, 300.00 W, 72, 2055 MHz
2026/09/23 11:59:17.347, 0, 97 %, 88 %, 7503 MiB, 49140 MiB, 290.90 W, 300.00 W, 71, 1560 MHz
2026/09/23 11:59:18.347, 0, 96 %, 85 %, 7503 MiB, 49140 MiB, 291.14 W, 300.00 W, 74, 1920 MHz
2026/09/23 11:59:19.348, 0, 98 %, 84 %, 7503 MiB, 49140 MiB, 291.21 W, 300.00 W, 72, 2025 MHz
2026/09/23 11:59:20.350, 0, 97 %, 88 %, 7503 MiB, 49140 MiB, 291.67 W, 300.00 W, 71, 1575 MHz
2026/09/23 11:59:21.352, 0, 97 %, 85 %, 7503 MiB, 49140 MiB, 290.86 W, 300.00 W, 74, 1935 MHz
2026/09/23 11:59:22.353, 0, 98 %, 88 %, 7503 MiB, 49140 MiB, 290.62 W, 300.00 W, 72, 2040 MHz
2026/09/23 11:59:23.354, 0, 96 %, 87 %, 7503 MiB, 49140 MiB, 292.83 W, 300.00 W, 71, 1575 MHz
2026/09/23 11:59:24.354, 0, 98 %, 83 %, 7503 MiB, 49140 MiB, 291.15 W, 300.00 W, 73, 1860 MHz
2026/09/23 11:59:25.355, 0, 98 %, 88 %, 7503 MiB, 49140 MiB, 290.49 W, 300.00 W, 72, 1965 MHz
2026/09/23 11:59:26.357, 0, 97 %, 88 %, 7503 MiB, 49140 MiB, 293.50 W, 300.00 W, 73, 1680 MHz
2026/09/23 11:59:27.357, 0, 98 %, 85 %, 7503 MiB, 49140 MiB, 290.97 W, 300.00 W, 73, 1815 MHz
2026/09/23 11:59:28.359, 0, 97 %, 89 %, 7503 MiB, 49140 MiB, 291.89 W, 300.00 W, 73, 1830 MHz
2026/09/23 11:59:29.359, 0, 96 %, 85 %, 7503 MiB, 49140 MiB, 293.04 W, 300.00 W, 73, 1650 MHz
2026/09/23 11:59:30.360, 0, 98 %, 87 %, 7503 MiB, 49140 MiB, 291.77 W, 300.00 W, 73, 1605 MHz
2026/09/23 11:59:31.361, 0, 96 %, 87 %, 7503 MiB, 49140 MiB, 289.64 W, 300.00 W, 73, 2040 MHz
2026/09/23 11:59:32.362, 0, 98 %, 87 %, 7503 MiB, 49140 MiB, 292.92 W, 300.00 W, 74, 2010 MHz
2026/09/23 11:59:33.363, 0, 98 %, 87 %, 7503 MiB, 49140 MiB, 290.43 W, 300.00 W, 73, 1545 MHz
2026/09/23 11:59:34.365, 0, 98 %, 89 %, 7503 MiB, 49140 MiB, 292.20 W, 300.00 W, 72, 1890 MHz
2026/09/23 11:59:35.365, 0, 98 %, 86 %, 7503 MiB, 49140 MiB, 293.00 W, 300.00 W, 73, 2010 MHz
2026/09/23 11:59:36.366, 0, 98 %, 88 %, 7503 MiB, 49140 MiB, 290.98 W, 300.00 W, 73, 1620 MHz
2026/09/23 11:59:37.367, 0, 96 %, 86 %, 7503 MiB, 49140 MiB, 293.55 W, 300.00 W, 74, 1725 MHz
2026/09/23 11:59:38.367, 0, 94 %, 68 %, 7503 MiB, 49140 MiB, 234.08 W, 300.00 W, 68, 2745 MHz
2026/09/23 11:59:39.368, 0, 0 %, 0 %, 7503 MiB, 49140 MiB, 87.28 W, 300.00 W, 67, 2745 MHz
2026/09/23 11:59:40.368, 0, 98 %, 88 %, 7503 MiB, 49140 MiB, 200.14 W, 300.00 W, 72, 1590 MHz
2026/09/23 11:59:41.369, 0, 96 %, 86 %, 7503 MiB, 49140 MiB, 291.05 W, 300.00 W, 72, 1875 MHz
2026/09/23 11:59:42.371, 0, 96 %, 83 %, 7503 MiB, 49140 MiB, 291.12 W, 300.00 W, 72, 1950 MHz
2026/09/23 11:59:43.372, 0, 97 %, 88 %, 7503 MiB, 49140 MiB, 291.00 W, 300.00 W, 71, 1695 MHz
2026/09/23 11:59:44.373, 0, 95 %, 85 %, 7503 MiB, 49140 MiB, 291.40 W, 300.00 W, 74, 1875 MHz
2026/09/23 11:59:45.374, 0, 97 %, 81 %, 7503 MiB, 49140 MiB, 291.01 W, 300.00 W, 72, 1875 MHz
2026/09/23 11:59:46.374, 0, 98 %, 89 %, 7503 MiB, 49140 MiB, 291.03 W, 300.00 W, 71, 1725 MHz
2026/09/23 11:59:47.375, 0, 94 %, 84 %, 7503 MiB, 49140 MiB, 291.78 W, 300.00 W, 74, 1860 MHz
2026/09/23 11:59:48.376, 0, 98 %, 82 %, 7503 MiB, 49140 MiB, 291.63 W, 300.00 W, 72, 2115 MHz
2026/09/23 11:59:49.377, 0, 98 %, 87 %, 7503 MiB, 49140 MiB, 290.78 W, 300.00 W, 71, 1650 MHz
2026/09/23 11:59:50.377, 0, 96 %, 85 %, 7503 MiB, 49140 MiB, 291.85 W, 300.00 W, 74, 1845 MHz
2026/09/23 11:59:51.379, 0, 97 %, 82 %, 7503 MiB, 49140 MiB, 291.21 W, 300.00 W, 72, 1830 MHz
2026/09/23 11:59:52.380, 0, 97 %, 87 %, 7503 MiB, 49140 MiB, 291.25 W, 300.00 W, 71, 1620 MHz
2026/09/23 11:59:53.381, 0, 95 %, 85 %, 7503 MiB, 49140 MiB, 291.62 W, 300.00 W, 74, 1860 MHz
2026/09/23 11:59:54.383, 0, 98 %, 83 %, 7503 MiB, 49140 MiB, 291.60 W, 300.00 W, 72, 1665 MHz
2026/09/23 11:59:55.383, 0, 98 %, 88 %, 7503 MiB, 49140 MiB, 292.19 W, 300.00 W, 72, 1695 MHz
2026/09/23 11:59:56.384, 0, 98 %, 86 %, 7503 MiB, 49140 MiB, 291.87 W, 300.00 W, 73, 1665 MHz
2026/09/23 11:59:57.384, 0, 91 %, 79 %, 7503 MiB, 49140 MiB, 290.27 W, 300.00 W, 72, 1785 MHz
2026/09/23 11:59:58.385, 0, 98 %, 88 %, 7503 MiB, 49140 MiB, 292.39 W, 300.00 W, 72, 1695 MHz
2026/09/23 11:59:59.387, 0, 95 %, 85 %, 7503 MiB, 49140 MiB, 291.70 W, 300.00 W, 74, 1800 MHz
2026/09/23 12:00:00.387, 0, 97 %, 83 %, 7503 MiB, 49140 MiB, 291.09 W, 300.00 W, 73, 1665 MHz
2026/09/23 12:00:01.388, 0, 98 %, 89 %, 7503 MiB, 49140 MiB, 291.98 W, 300.00 W, 72, 1695 MHz
2026/09/23 12:00:02.392, 0, 97 %, 85 %, 7503 MiB, 49140 MiB, 291.90 W, 300.00 W, 74, 1665 MHz
2026/09/23 12:00:03.393, 0, 98 %, 88 %, 7503 MiB, 49140 MiB, 291.97 W, 300.00 W, 74, 1635 MHz
2026/09/23 12:00:04.394, 0, 94 %, 68 %, 7503 MiB, 49140 MiB, 274.00 W, 300.00 W, 68, 2730 MHz
2026/09/23 12:00:05.394, 0, 0 %, 0 %, 7503 MiB, 49140 MiB, 87.10 W, 300.00 W, 67, 2745 MHz
2026/09/23 12:00:06.395, 0, 0 %, 0 %, 7503 MiB, 49140 MiB, 118.34 W, 300.00 W, 70, 1845 MHz
2026/09/23 12:00:07.396, 0, 98 %, 87 %, 7503 MiB, 49140 MiB, 289.36 W, 300.00 W, 71, 1740 MHz
2026/09/23 12:00:08.396, 0, 97 %, 85 %, 7503 MiB, 49140 MiB, 289.61 W, 300.00 W, 73, 1605 MHz
2026/09/23 12:00:09.397, 0, 98 %, 89 %, 7503 MiB, 49140 MiB, 291.05 W, 300.00 W, 72, 1920 MHz
2026/09/23 12:00:10.399, 0, 98 %, 87 %, 7503 MiB, 49140 MiB, 292.21 W, 300.00 W, 72, 2100 MHz
2026/09/23 12:00:11.399, 0, 98 %, 86 %, 7503 MiB, 49140 MiB, 290.36 W, 300.00 W, 72, 1575 MHz
2026/09/23 12:00:12.400, 0, 95 %, 83 %, 7503 MiB, 49140 MiB, 290.49 W, 300.00 W, 72, 1995 MHz
2026/09/23 12:00:13.401, 0, 98 %, 87 %, 7503 MiB, 49140 MiB, 292.82 W, 300.00 W, 72, 2010 MHz
2026/09/23 12:00:14.402, 0, 98 %, 87 %, 7503 MiB, 49140 MiB, 290.48 W, 300.00 W, 72, 1605 MHz
2026/09/23 12:00:15.403, 0, 96 %, 87 %, 7503 MiB, 49140 MiB, 291.27 W, 300.00 W, 73, 1860 MHz
2026/09/23 12:00:16.404, 0, 95 %, 84 %, 7503 MiB, 49140 MiB, 292.62 W, 300.00 W, 73, 2025 MHz
2026/09/23 12:00:17.405, 0, 98 %, 89 %, 7503 MiB, 49140 MiB, 290.36 W, 300.00 W, 72, 1620 MHz
2026/09/23 12:00:18.405, 0, 97 %, 88 %, 7503 MiB, 49140 MiB, 291.94 W, 300.00 W, 73, 1815 MHz
2026/09/23 12:00:19.406, 0, 98 %, 85 %, 7503 MiB, 49140 MiB, 292.58 W, 300.00 W, 73, 1905 MHz
2026/09/23 12:00:20.407, 0, 98 %, 87 %, 7503 MiB, 49140 MiB, 291.65 W, 300.00 W, 71, 2070 MHz
2026/09/23 12:00:21.407, 0, 96 %, 86 %, 7503 MiB, 49140 MiB, 292.13 W, 300.00 W, 74, 1545 MHz
2026/09/23 12:00:22.408, 0, 98 %, 82 %, 7503 MiB, 49140 MiB, 291.08 W, 300.00 W, 72, 1995 MHz
2026/09/23 12:00:23.409, 0, 97 %, 87 %, 7503 MiB, 49140 MiB, 291.35 W, 300.00 W, 71, 1980 MHz
2026/09/23 12:00:24.410, 0, 96 %, 86 %, 7503 MiB, 49140 MiB, 291.10 W, 300.00 W, 74, 1530 MHz
2026/09/23 12:00:25.411, 0, 97 %, 83 %, 7503 MiB, 49140 MiB, 293.07 W, 300.00 W, 72, 1935 MHz
2026/09/23 12:00:26.412, 0, 98 %, 88 %, 7503 MiB, 49140 MiB, 291.46 W, 300.00 W, 71, 2040 MHz
2026/09/23 12:00:27.413, 0, 95 %, 85 %, 7503 MiB, 49140 MiB, 291.83 W, 300.00 W, 74, 1560 MHz
2026/09/23 12:00:28.414, 0, 96 %, 83 %, 7503 MiB, 49140 MiB, 293.02 W, 300.00 W, 72, 1845 MHz
2026/09/23 12:00:29.415, 0, 97 %, 88 %, 7503 MiB, 49140 MiB, 289.62 W, 300.00 W, 73, 1860 MHz
2026/09/23 12:00:30.416, 0, 95 %, 68 %, 7503 MiB, 49140 MiB, 296.06 W, 300.00 W, 75, 1590 MHz
2026/09/23 12:00:31.418, 0, 9 %, 0 %, 7503 MiB, 49140 MiB, 164.48 W, 300.00 W, 67, 2745 MHz
2026/09/23 12:00:32.419, 0, 0 %, 0 %, 7503 MiB, 49140 MiB, 104.78 W, 300.00 W, 70, 1965 MHz
2026/09/23 12:00:33.419, 0, 98 %, 89 %, 7503 MiB, 49140 MiB, 293.48 W, 300.00 W, 72, 1830 MHz
2026/09/23 12:00:34.420, 0, 98 %, 84 %, 7503 MiB, 49140 MiB, 290.69 W, 300.00 W, 72, 1680 MHz
2026/09/23 12:00:35.421, 0, 98 %, 88 %, 7503 MiB, 49140 MiB, 288.97 W, 300.00 W, 72, 1905 MHz
2026/09/23 12:00:36.422, 0, 98 %, 89 %, 7503 MiB, 49140 MiB, 291.43 W, 300.00 W, 72, 1875 MHz
2026/09/23 12:00:37.423, 0, 98 %, 84 %, 7503 MiB, 49140 MiB, 290.17 W, 300.00 W, 72, 1650 MHz
2026/09/23 12:00:38.423, 0, 97 %, 89 %, 7503 MiB, 49140 MiB, 291.71 W, 300.00 W, 72, 1815 MHz
2026/09/23 12:00:39.424, 0, 97 %, 88 %, 7503 MiB, 49140 MiB, 292.92 W, 300.00 W, 73, 1650 MHz
2026/09/23 12:00:40.425, 0, 97 %, 83 %, 7503 MiB, 49140 MiB, 289.76 W, 300.00 W, 72, 1665 MHz
2026/09/23 12:00:41.425, 0, 98 %, 89 %, 7503 MiB, 49140 MiB, 290.65 W, 300.00 W, 72, 1815 MHz
2026/09/23 12:00:42.426, 0, 98 %, 88 %, 7503 MiB, 49140 MiB, 292.99 W, 300.00 W, 73, 1710 MHz
2026/09/23 12:00:43.427, 0, 97 %, 83 %, 7503 MiB, 49140 MiB, 290.26 W, 300.00 W, 73, 1665 MHz
2026/09/23 12:00:44.428, 0, 98 %, 88 %, 7503 MiB, 49140 MiB, 290.24 W, 300.00 W, 72, 1875 MHz
2026/09/23 12:00:45.429, 0, 98 %, 88 %, 7503 MiB, 49140 MiB, 293.59 W, 300.00 W, 73, 1740 MHz
2026/09/23 12:00:46.430, 0, 98 %, 84 %, 7503 MiB, 49140 MiB, 289.92 W, 300.00 W, 73, 1620 MHz
2026/09/23 12:00:47.430, 0, 98 %, 88 %, 7503 MiB, 49140 MiB, 290.12 W, 300.00 W, 72, 1890 MHz
2026/09/23 12:00:48.431, 0, 97 %, 88 %, 7503 MiB, 49140 MiB, 292.04 W, 300.00 W, 72, 1920 MHz
2026/09/23 12:00:49.432, 0, 97 %, 85 %, 7503 MiB, 49140 MiB, 290.82 W, 300.00 W, 73, 1725 MHz
2026/09/23 12:00:50.433, 0, 97 %, 84 %, 7503 MiB, 49140 MiB, 290.87 W, 300.00 W, 72, 1830 MHz
2026/09/23 12:00:51.433, 0, 98 %, 88 %, 7503 MiB, 49140 MiB, 292.98 W, 300.00 W, 73, 1920 MHz
2026/09/23 12:00:52.435, 0, 96 %, 82 %, 7503 MiB, 49140 MiB, 290.99 W, 300.00 W, 73, 1650 MHz
2026/09/23 12:00:53.435, 0, 98 %, 88 %, 7503 MiB, 49140 MiB, 291.86 W, 300.00 W, 72, 1815 MHz
2026/09/23 12:00:54.436, 0, 98 %, 87 %, 7503 MiB, 49140 MiB, 293.16 W, 300.00 W, 74, 1725 MHz
2026/09/23 12:00:55.437, 0, 98 %, 84 %, 7503 MiB, 49140 MiB, 290.61 W, 300.00 W, 73, 1665 MHz
2026/09/23 12:00:56.439, 0, 92 %, 68 %, 7503 MiB, 49140 MiB, 296.16 W, 300.00 W, 73, 1620 MHz
2026/09/23 12:00:57.440, 0, 7 %, 0 %, 7503 MiB, 49140 MiB, 175.15 W, 300.00 W, 66, 2505 MHz
2026/09/23 12:00:58.440, 0, 0 %, 0 %, 7503 MiB, 49140 MiB, 71.35 W, 300.00 W, 69, 2235 MHz
2026/09/23 12:00:59.441, 0, 97 %, 88 %, 7503 MiB, 49140 MiB, 224.74 W, 300.00 W, 71, 2040 MHz
2026/09/23 12:01:00.441, 0, 94 %, 84 %, 7503 MiB, 49140 MiB, 289.36 W, 300.00 W, 72, 1575 MHz
2026/09/23 12:01:01.442, 0, 98 %, 87 %, 7503 MiB, 49140 MiB, 290.42 W, 300.00 W, 72, 1860 MHz
2026/09/23 12:01:02.443, 0, 95 %, 86 %, 7503 MiB, 49140 MiB, 289.46 W, 300.00 W, 72, 1905 MHz
2026/09/23 12:01:03.444, 0, 96 %, 87 %, 7503 MiB, 49140 MiB, 290.80 W, 300.00 W, 73, 1665 MHz
2026/09/23 12:01:04.445, 0, 97 %, 86 %, 7503 MiB, 49140 MiB, 292.24 W, 300.00 W, 72, 1890 MHz
2026/09/23 12:01:05.445, 0, 98 %, 88 %, 7503 MiB, 49140 MiB, 290.82 W, 300.00 W, 71, 2085 MHz
2026/09/23 12:01:06.447, 0, 96 %, 85 %, 7503 MiB, 49140 MiB, 291.66 W, 300.00 W, 74, 1575 MHz
2026/09/23 12:01:07.447, 0, 98 %, 82 %, 7503 MiB, 49140 MiB, 290.44 W, 300.00 W, 72, 1575 MHz
2026/09/23 12:01:08.448, 0, 96 %, 86 %, 7503 MiB, 49140 MiB, 291.18 W, 300.00 W, 72, 1860 MHz
2026/09/23 12:01:09.449, 0, 95 %, 85 %, 7503 MiB, 49140 MiB, 290.25 W, 300.00 W, 74, 1980 MHz
2026/09/23 12:01:10.450, 0, 96 %, 83 %, 7503 MiB, 49140 MiB, 290.78 W, 300.00 W, 72, 1575 MHz
2026/09/23 12:01:11.451, 0, 98 %, 89 %, 7503 MiB, 49140 MiB, 291.94 W, 300.00 W, 72, 2010 MHz
2026/09/23 12:01:12.452, 0, 97 %, 85 %, 7503 MiB, 49140 MiB, 289.96 W, 300.00 W, 73, 2025 MHz
2026/09/23 12:01:13.453, 0, 98 %, 88 %, 7503 MiB, 49140 MiB, 291.70 W, 300.00 W, 73, 1620 MHz
2026/09/23 12:01:14.453, 0, 98 %, 88 %, 7503 MiB, 49140 MiB, 292.39 W, 300.00 W, 74, 1800 MHz
2026/09/23 12:01:15.454, 0, 98 %, 84 %, 7503 MiB, 49140 MiB, 291.02 W, 300.00 W, 73, 1875 MHz
2026/09/23 12:01:16.455, 0, 98 %, 89 %, 7503 MiB, 49140 MiB, 292.01 W, 300.00 W, 73, 1680 MHz
2026/09/23 12:01:17.457, 0, 97 %, 86 %, 7503 MiB, 49140 MiB, 293.56 W, 300.00 W, 73, 1845 MHz
2026/09/23 12:01:18.458, 0, 98 %, 89 %, 7503 MiB, 49140 MiB, 291.36 W, 300.00 W, 72, 1785 MHz
2026/09/23 12:01:19.458, 0, 94 %, 85 %, 7503 MiB, 49140 MiB, 291.59 W, 300.00 W, 74, 1680 MHz
2026/09/23 12:01:20.459, 0, 98 %, 84 %, 7503 MiB, 49140 MiB, 292.64 W, 300.00 W, 73, 1845 MHz
2026/09/23 12:01:21.460, 0, 98 %, 89 %, 7503 MiB, 49140 MiB, 290.32 W, 300.00 W, 72, 1845 MHz
2026/09/23 12:01:22.461, 0, 84 %, 65 %, 7503 MiB, 49140 MiB, 294.70 W, 300.00 W, 73, 1590 MHz
2026/09/23 12:01:23.462, 0, 73 %, 54 %, 7503 MiB, 49140 MiB, 197.98 W, 300.00 W, 67, 2745 MHz
2026/09/23 12:01:24.462, 0, 0 %, 0 %, 7503 MiB, 49140 MiB, 87.29 W, 300.00 W, 67, 2745 MHz
2026/09/23 12:01:25.463, 0, 98 %, 88 %, 7503 MiB, 49140 MiB, 216.88 W, 300.00 W, 72, 1890 MHz
2026/09/23 12:01:26.464, 0, 97 %, 87 %, 7503 MiB, 49140 MiB, 290.46 W, 300.00 W, 72, 1950 MHz
2026/09/23 12:01:27.465, 0, 97 %, 88 %, 7503 MiB, 49140 MiB, 291.44 W, 300.00 W, 73, 1710 MHz
2026/09/23 12:01:28.466, 0, 98 %, 83 %, 7503 MiB, 49140 MiB, 291.64 W, 300.00 W, 72, 1875 MHz
2026/09/23 12:01:29.467, 0, 97 %, 87 %, 7503 MiB, 49140 MiB, 290.34 W, 300.00 W, 71, 1695 MHz
2026/09/23 12:01:30.467, 0, 95 %, 85 %, 7503 MiB, 49140 MiB, 291.88 W, 300.00 W, 74, 1935 MHz
2026/09/23 12:01:31.468, 0, 97 %, 83 %, 7503 MiB, 49140 MiB, 291.32 W, 300.00 W, 72, 1785 MHz
2026/09/23 12:01:32.469, 0, 97 %, 87 %, 7503 MiB, 49140 MiB, 290.93 W, 300.00 W, 71, 1725 MHz
2026/09/23 12:01:33.470, 0, 92 %, 82 %, 7503 MiB, 49140 MiB, 291.81 W, 300.00 W, 74, 1785 MHz
2026/09/23 12:01:34.471, 0, 98 %, 82 %, 7503 MiB, 49140 MiB, 291.71 W, 300.00 W, 72, 1695 MHz
2026/09/23 12:01:35.472, 0, 97 %, 87 %, 7503 MiB, 49140 MiB, 290.36 W, 300.00 W, 71, 1725 MHz
2026/09/23 12:01:36.473, 0, 96 %, 85 %, 7503 MiB, 49140 MiB, 290.59 W, 300.00 W, 74, 1680 MHz
2026/09/23 12:01:37.475, 0, 98 %, 83 %, 7503 MiB, 49140 MiB, 292.71 W, 300.00 W, 73, 1800 MHz
2026/09/23 12:01:38.475, 0, 97 %, 88 %, 7503 MiB, 49140 MiB, 291.24 W, 300.00 W, 72, 1680 MHz
2026/09/23 12:01:39.476, 0, 95 %, 84 %, 7503 MiB, 49140 MiB, 291.76 W, 300.00 W, 74, 1665 MHz
2026/09/23 12:01:40.477, 0, 95 %, 83 %, 7503 MiB, 49140 MiB, 291.69 W, 300.00 W, 72, 1875 MHz
2026/09/23 12:01:41.480, 0, 92 %, 82 %, 7503 MiB, 49140 MiB, 288.70 W, 300.00 W, 73, 1920 MHz
2026/09/23 12:01:42.481, 0, 97 %, 89 %, 7503 MiB, 49140 MiB, 292.24 W, 300.00 W, 73, 1665 MHz
2026/09/23 12:01:43.482, 0, 98 %, 88 %, 7503 MiB, 49140 MiB, 292.79 W, 300.00 W, 73, 1770 MHz
2026/09/23 12:01:44.483, 0, 98 %, 84 %, 7503 MiB, 49140 MiB, 291.11 W, 300.00 W, 73, 2040 MHz
2026/09/23 12:01:45.484, 0, 98 %, 89 %, 7503 MiB, 49140 MiB, 292.38 W, 300.00 W, 73, 1650 MHz
2026/09/23 12:01:46.486, 0, 97 %, 87 %, 7503 MiB, 49140 MiB, 292.74 W, 300.00 W, 73, 1785 MHz
2026/09/23 12:01:47.487, 0, 97 %, 85 %, 7503 MiB, 49140 MiB, 287.06 W, 300.00 W, 74, 1710 MHz
2026/09/23 12:01:48.490, 0, 98 %, 83 %, 7503 MiB, 49140 MiB, 293.74 W, 300.00 W, 73, 1575 MHz
2026/09/23 12:01:49.491, 0, 92 %, 67 %, 7503 MiB, 49140 MiB, 239.62 W, 300.00 W, 67, 2745 MHz
2026/09/23 12:01:50.491, 0, 0 %, 0 %, 7503 MiB, 49140 MiB, 87.36 W, 300.00 W, 67, 2745 MHz
2026/09/23 12:01:51.492, 0, 96 %, 87 %, 7503 MiB, 49140 MiB, 197.16 W, 300.00 W, 72, 2055 MHz
2026/09/23 12:01:52.492, 0, 98 %, 88 %, 7503 MiB, 49140 MiB, 288.68 W, 300.00 W, 71, 1605 MHz
2026/09/23 12:01:53.494, 0, 98 %, 89 %, 7503 MiB, 49140 MiB, 290.41 W, 300.00 W, 71, 1920 MHz
2026/09/23 12:01:54.496, 0, 96 %, 86 %, 7503 MiB, 49140 MiB, 289.96 W, 300.00 W, 73, 1935 MHz
2026/09/23 12:01:55.497, 0, 98 %, 82 %, 7503 MiB, 49140 MiB, 290.95 W, 300.00 W, 72, 1710 MHz
2026/09/23 12:01:56.498, 0, 97 %, 87 %, 7503 MiB, 49140 MiB, 291.09 W, 300.00 W, 71, 1740 MHz
2026/09/23 12:01:57.500, 0, 90 %, 80 %, 7503 MiB, 49140 MiB, 289.64 W, 300.00 W, 74, 1995 MHz
2026/09/23 12:01:58.501, 0, 98 %, 84 %, 7503 MiB, 49140 MiB, 291.99 W, 300.00 W, 72, 1680 MHz
2026/09/23 12:01:59.502, 0, 92 %, 82 %, 7503 MiB, 49140 MiB, 288.75 W, 300.00 W, 72, 1965 MHz
2026/09/23 12:02:00.503, 0, 97 %, 88 %, 7503 MiB, 49140 MiB, 291.82 W, 300.00 W, 73, 2025 MHz
2026/09/23 12:02:01.504, 0, 98 %, 86 %, 7503 MiB, 49140 MiB, 293.19 W, 300.00 W, 72, 1605 MHz
2026/09/23 12:02:02.504, 0, 97 %, 88 %, 7503 MiB, 49140 MiB, 290.78 W, 300.00 W, 72, 1920 MHz
2026/09/23 12:02:03.506, 0, 97 %, 88 %, 7503 MiB, 49140 MiB, 291.62 W, 300.00 W, 73, 2070 MHz
2026/09/23 12:02:04.507, 0, 98 %, 86 %, 7503 MiB, 49140 MiB, 294.09 W, 300.00 W, 72, 1575 MHz
2026/09/23 12:02:05.507, 0, 97 %, 88 %, 7503 MiB, 49140 MiB, 290.64 W, 300.00 W, 72, 1980 MHz
2026/09/23 12:02:06.509, 0, 97 %, 88 %, 7503 MiB, 49140 MiB, 288.09 W, 300.00 W, 72, 1665 MHz
2026/09/23 12:02:07.512, 0, 97 %, 88 %, 7503 MiB, 49140 MiB, 291.75 W, 300.00 W, 72, 1800 MHz
2026/09/23 12:02:08.513, 0, 96 %, 85 %, 7503 MiB, 49140 MiB, 291.85 W, 300.00 W, 74, 1650 MHz
2026/09/23 12:02:09.513, 0, 98 %, 84 %, 7503 MiB, 49140 MiB, 291.36 W, 300.00 W, 72, 1650 MHz
2026/09/23 12:02:10.514, 0, 98 %, 88 %, 7503 MiB, 49140 MiB, 290.58 W, 300.00 W, 71, 1815 MHz
2026/09/23 12:02:11.515, 0, 95 %, 84 %, 7503 MiB, 49140 MiB, 291.97 W, 300.00 W, 74, 2205 MHz
2026/09/23 12:02:12.516, 0, 97 %, 85 %, 7503 MiB, 49140 MiB, 291.70 W, 300.00 W, 73, 1530 MHz
2026/09/23 12:02:13.517, 0, 97 %, 85 %, 7503 MiB, 49140 MiB, 290.34 W, 300.00 W, 73, 1920 MHz
2026/09/23 12:02:14.518, 0, 97 %, 89 %, 7503 MiB, 49140 MiB, 294.02 W, 300.00 W, 74, 1575 MHz
2026/09/23 12:02:15.522, 0, 95 %, 67 %, 7503 MiB, 49140 MiB, 270.45 W, 300.00 W, 68, 2730 MHz
2026/09/23 12:02:16.523, 0, 0 %, 0 %, 7503 MiB, 49140 MiB, 87.74 W, 300.00 W, 67, 2745 MHz
2026/09/23 12:02:17.523, 0, 0 %, 0 %, 7503 MiB, 49140 MiB, 181.60 W, 300.00 W, 73, 1710 MHz
2026/09/23 12:02:18.524, 0, 98 %, 84 %, 7503 MiB, 49140 MiB, 290.63 W, 300.00 W, 71, 1695 MHz
2026/09/23 12:02:19.524, 0, 96 %, 87 %, 7503 MiB, 49140 MiB, 292.54 W, 300.00 W, 71, 1770 MHz
2026/09/23 12:02:20.525, 0, 97 %, 84 %, 7503 MiB, 49140 MiB, 291.06 W, 300.00 W, 73, 1830 MHz
2026/09/23 12:02:21.526, 0, 98 %, 89 %, 7503 MiB, 49140 MiB, 291.58 W, 300.00 W, 72, 1935 MHz
2026/09/23 12:02:22.528, 0, 97 %, 85 %, 7503 MiB, 49140 MiB, 292.81 W, 300.00 W, 73, 1605 MHz
2026/09/23 12:02:23.529, 0, 97 %, 87 %, 7503 MiB, 49140 MiB, 290.51 W, 300.00 W, 72, 1875 MHz
2026/09/23 12:02:24.530, 0, 97 %, 87 %, 7503 MiB, 49140 MiB, 289.59 W, 300.00 W, 72, 1695 MHz
2026/09/23 12:02:25.531, 0, 97 %, 86 %, 7503 MiB, 49140 MiB, 292.31 W, 300.00 W, 72, 1830 MHz
2026/09/23 12:02:26.532, 0, 97 %, 84 %, 7503 MiB, 49140 MiB, 291.07 W, 300.00 W, 73, 1740 MHz
2026/09/23 12:02:27.533, 0, 87 %, 82 %, 7503 MiB, 49140 MiB, 288.56 W, 300.00 W, 73, 1560 MHz
2026/09/23 12:02:28.534, 0, 96 %, 84 %, 7503 MiB, 49140 MiB, 291.14 W, 300.00 W, 72, 1905 MHz
2026/09/23 12:02:29.535, 0, 97 %, 86 %, 7503 MiB, 49140 MiB, 291.38 W, 300.00 W, 72, 2040 MHz
2026/09/23 12:02:30.536, 0, 98 %, 86 %, 7503 MiB, 49140 MiB, 292.46 W, 300.00 W, 73, 1590 MHz
2026/09/23 12:02:31.536, 0, 98 %, 87 %, 7503 MiB, 49140 MiB, 289.91 W, 300.00 W, 73, 1860 MHz
2026/09/23 12:02:32.537, 0, 97 %, 87 %, 7503 MiB, 49140 MiB, 292.22 W, 300.00 W, 72, 1920 MHz
2026/09/23 12:02:33.538, 0, 98 %, 86 %, 7503 MiB, 49140 MiB, 293.23 W, 300.00 W, 73, 1590 MHz
2026/09/23 12:02:34.539, 0, 98 %, 88 %, 7503 MiB, 49140 MiB, 290.62 W, 300.00 W, 73, 1860 MHz
2026/09/23 12:02:35.540, 0, 98 %, 86 %, 7503 MiB, 49140 MiB, 290.40 W, 300.00 W, 73, 1875 MHz
2026/09/23 12:02:36.540, 0, 97 %, 85 %, 7503 MiB, 49140 MiB, 293.14 W, 300.00 W, 73, 1680 MHz
2026/09/23 12:02:37.541, 0, 97 %, 86 %, 7503 MiB, 49140 MiB, 291.83 W, 300.00 W, 73, 1860 MHz
2026/09/23 12:02:38.542, 0, 97 %, 87 %, 7503 MiB, 49140 MiB, 291.89 W, 300.00 W, 72, 1920 MHz
2026/09/23 12:02:39.543, 0, 97 %, 86 %, 7503 MiB, 49140 MiB, 292.89 W, 300.00 W, 73, 1740 MHz
2026/09/23 12:02:40.543, 0, 98 %, 86 %, 7503 MiB, 49140 MiB, 291.49 W, 300.00 W, 74, 1890 MHz
2026/09/23 12:02:41.544, 0, 96 %, 66 %, 7503 MiB, 49140 MiB, 298.43 W, 300.00 W, 73, 1530 MHz
2026/09/23 12:02:42.544, 0, 0 %, 0 %, 7503 MiB, 49140 MiB, 133.71 W, 300.00 W, 71, 1965 MHz
2026/09/23 12:02:43.546, 0, 97 %, 87 %, 7503 MiB, 49140 MiB, 293.05 W, 300.00 W, 72, 1680 MHz
2026/09/23 12:02:44.547, 0, 98 %, 87 %, 7503 MiB, 49140 MiB, 291.15 W, 300.00 W, 73, 1710 MHz
2026/09/23 12:02:45.548, 0, 98 %, 88 %, 7503 MiB, 49140 MiB, 291.80 W, 300.00 W, 72, 1815 MHz
2026/09/23 12:02:46.548, 0, 97 %, 87 %, 7503 MiB, 49140 MiB, 292.21 W, 300.00 W, 71, 1620 MHz
2026/09/23 12:02:47.549, 0, 98 %, 87 %, 7503 MiB, 49140 MiB, 289.43 W, 300.00 W, 74, 1920 MHz
2026/09/23 12:02:48.550, 0, 97 %, 85 %, 7503 MiB, 49140 MiB, 291.24 W, 300.00 W, 73, 1860 MHz
2026/09/23 12:02:49.551, 0, 96 %, 84 %, 7503 MiB, 49140 MiB, 291.51 W, 300.00 W, 72, 1695 MHz
2026/09/23 12:02:50.552, 0, 97 %, 86 %, 7503 MiB, 49140 MiB, 292.79 W, 300.00 W, 73, 1740 MHz
2026/09/23 12:02:51.553, 0, 98 %, 85 %, 7503 MiB, 49140 MiB, 292.37 W, 300.00 W, 73, 1890 MHz
2026/09/23 12:02:52.553, 0, 95 %, 84 %, 7503 MiB, 49140 MiB, 291.53 W, 300.00 W, 72, 1650 MHz
2026/09/23 12:02:53.554, 0, 97 %, 86 %, 7503 MiB, 49140 MiB, 291.80 W, 300.00 W, 73, 1680 MHz
2026/09/23 12:02:54.555, 0, 98 %, 86 %, 7503 MiB, 49140 MiB, 292.32 W, 300.00 W, 74, 1665 MHz
2026/09/23 12:02:55.556, 0, 98 %, 88 %, 7503 MiB, 49140 MiB, 291.09 W, 300.00 W, 73, 1800 MHz
2026/09/23 12:02:56.557, 0, 98 %, 87 %, 7503 MiB, 49140 MiB, 292.61 W, 300.00 W, 73, 1680 MHz
2026/09/23 12:02:57.558, 0, 97 %, 85 %, 7503 MiB, 49140 MiB, 293.36 W, 300.00 W, 74, 1605 MHz
2026/09/23 12:02:58.559, 0, 97 %, 86 %, 7503 MiB, 49140 MiB, 290.78 W, 300.00 W, 74, 1800 MHz
2026/09/23 12:02:59.560, 0, 97 %, 86 %, 7503 MiB, 49140 MiB, 290.26 W, 300.00 W, 73, 2010 MHz
2026/09/23 12:03:00.560, 0, 95 %, 85 %, 7503 MiB, 49140 MiB, 292.79 W, 300.00 W, 71, 1530 MHz
2026/09/23 12:03:01.562, 0, 97 %, 87 %, 7503 MiB, 49140 MiB, 290.06 W, 300.00 W, 74, 1845 MHz
2026/09/23 12:03:02.563, 0, 97 %, 85 %, 7503 MiB, 49140 MiB, 291.87 W, 300.00 W, 73, 1695 MHz
2026/09/23 12:03:03.564, 0, 98 %, 87 %, 7503 MiB, 49140 MiB, 289.96 W, 300.00 W, 73, 1815 MHz
2026/09/23 12:03:04.565, 0, 97 %, 86 %, 7503 MiB, 49140 MiB, 291.45 W, 300.00 W, 73, 1875 MHz
2026/09/23 12:03:05.566, 0, 98 %, 86 %, 7503 MiB, 49140 MiB, 293.51 W, 300.00 W, 74, 1665 MHz
2026/09/23 12:03:06.566, 0, 88 %, 63 %, 7503 MiB, 49140 MiB, 296.30 W, 300.00 W, 74, 1575 MHz
2026/09/23 12:03:07.567, 0, 0 %, 0 %, 7503 MiB, 49140 MiB, 175.61 W, 300.00 W, 67, 2745 MHz
2026/09/23 12:03:08.568, 0, 97 %, 86 %, 7503 MiB, 49140 MiB, 247.27 W, 300.00 W, 72, 2010 MHz
2026/09/23 12:03:09.569, 0, 92 %, 82 %, 7503 MiB, 49140 MiB, 293.12 W, 300.00 W, 71, 1575 MHz
2026/09/23 12:03:10.569, 0, 97 %, 85 %, 7503 MiB, 49140 MiB, 291.25 W, 300.00 W, 74, 1905 MHz
2026/09/23 12:03:11.570, 0, 97 %, 86 %, 7503 MiB, 49140 MiB, 290.86 W, 300.00 W, 72, 2130 MHz
2026/09/23 12:03:12.572, 0, 98 %, 86 %, 7503 MiB, 49140 MiB, 291.68 W, 300.00 W, 72, 1575 MHz
2026/09/23 12:03:13.576, 0, 96 %, 85 %, 7503 MiB, 49140 MiB, 291.66 W, 300.00 W, 74, 1845 MHz
2026/09/23 12:03:14.577, 0, 97 %, 85 %, 7503 MiB, 49140 MiB, 291.82 W, 300.00 W, 73, 1950 MHz
2026/09/23 12:03:15.579, 0, 98 %, 86 %, 7503 MiB, 49140 MiB, 290.64 W, 300.00 W, 73, 1890 MHz
2026/09/23 12:03:16.580, 0, 98 %, 86 %, 7503 MiB, 49140 MiB, 291.48 W, 300.00 W, 73, 1680 MHz
2026/09/23 12:03:17.581, 0, 97 %, 86 %, 7503 MiB, 49140 MiB, 292.97 W, 300.00 W, 73, 1605 MHz
2026/09/23 12:03:18.582, 0, 97 %, 86 %, 7503 MiB, 49140 MiB, 290.62 W, 300.00 W, 73, 1815 MHz
2026/09/23 12:03:19.584, 0, 96 %, 86 %, 7503 MiB, 49140 MiB, 290.79 W, 300.00 W, 72, 2010 MHz
2026/09/23 12:03:20.585, 0, 97 %, 86 %, 7503 MiB, 49140 MiB, 293.31 W, 300.00 W, 72, 1575 MHz
2026/09/23 12:03:21.586, 0, 97 %, 85 %, 7503 MiB, 49140 MiB, 291.22 W, 300.00 W, 75, 1830 MHz
2026/09/23 12:03:22.587, 0, 98 %, 86 %, 7503 MiB, 49140 MiB, 292.05 W, 300.00 W, 73, 2040 MHz
2026/09/23 12:03:23.588, 0, 98 %, 87 %, 7503 MiB, 49140 MiB, 293.25 W, 300.00 W, 72, 1620 MHz
2026/09/23 12:03:24.589, 0, 97 %, 85 %, 7503 MiB, 49140 MiB, 291.82 W, 300.00 W, 74, 1755 MHz
2026/09/23 12:03:25.590, 0, 97 %, 86 %, 7503 MiB, 49140 MiB, 290.86 W, 300.00 W, 73, 2100 MHz
2026/09/23 12:03:26.591, 0, 96 %, 84 %, 7503 MiB, 49140 MiB, 291.85 W, 300.00 W, 72, 1575 MHz
2026/09/23 12:03:27.592, 0, 96 %, 85 %, 7503 MiB, 49140 MiB, 291.92 W, 300.00 W, 74, 1875 MHz
2026/09/23 12:03:28.592, 0, 97 %, 85 %, 7503 MiB, 49140 MiB, 290.73 W, 300.00 W, 73, 1620 MHz
2026/09/23 12:03:29.593, 0, 98 %, 86 %, 7503 MiB, 49140 MiB, 290.49 W, 300.00 W, 74, 1785 MHz
2026/09/23 12:03:30.594, 0, 98 %, 88 %, 7503 MiB, 49140 MiB, 292.41 W, 300.00 W, 73, 1890 MHz
2026/09/23 12:03:31.595, 0, 96 %, 85 %, 7503 MiB, 49140 MiB, 294.91 W, 300.00 W, 75, 1575 MHz
2026/09/23 12:03:32.596, 0, 94 %, 68 %, 7503 MiB, 49140 MiB, 240.23 W, 300.00 W, 68, 2505 MHz
2026/09/23 12:03:33.596, 0, 1 %, 0 %, 7503 MiB, 49140 MiB, 172.60 W, 300.00 W, 74, 1935 MHz
2026/09/23 12:03:34.598, 0, 96 %, 85 %, 7503 MiB, 49140 MiB, 290.31 W, 300.00 W, 72, 1935 MHz
2026/09/23 12:03:35.599, 0, 97 %, 85 %, 7503 MiB, 49140 MiB, 291.43 W, 300.00 W, 72, 1620 MHz
2026/09/23 12:03:36.600, 0, 97 %, 85 %, 7503 MiB, 49140 MiB, 291.15 W, 300.00 W, 73, 1830 MHz
2026/09/23 12:03:37.600, 0, 97 %, 86 %, 7503 MiB, 49140 MiB, 292.05 W, 300.00 W, 73, 1920 MHz
2026/09/23 12:03:38.601, 0, 97 %, 87 %, 7503 MiB, 49140 MiB, 292.06 W, 300.00 W, 73, 1650 MHz
2026/09/23 12:03:39.602, 0, 98 %, 86 %, 7503 MiB, 49140 MiB, 292.39 W, 300.00 W, 73, 1830 MHz
2026/09/23 12:03:40.603, 0, 97 %, 85 %, 7503 MiB, 49140 MiB, 292.78 W, 300.00 W, 73, 1845 MHz
2026/09/23 12:03:41.604, 0, 97 %, 87 %, 7503 MiB, 49140 MiB, 290.70 W, 300.00 W, 73, 1545 MHz
2026/09/23 12:03:42.605, 0, 97 %, 86 %, 7503 MiB, 49140 MiB, 290.61 W, 300.00 W, 72, 1875 MHz
2026/09/23 12:03:43.605, 0, 98 %, 88 %, 7503 MiB, 49140 MiB, 291.66 W, 300.00 W, 71, 1710 MHz
2026/09/23 12:03:44.606, 0, 96 %, 86 %, 7503 MiB, 49140 MiB, 291.17 W, 300.00 W, 74, 1800 MHz
2026/09/23 12:03:45.607, 0, 98 %, 85 %, 7503 MiB, 49140 MiB, 292.07 W, 300.00 W, 73, 1695 MHz
2026/09/23 12:03:46.609, 0, 96 %, 85 %, 7503 MiB, 49140 MiB, 292.07 W, 300.00 W, 72, 1590 MHz
2026/09/23 12:03:47.610, 0, 97 %, 85 %, 7503 MiB, 49140 MiB, 292.15 W, 300.00 W, 75, 1905 MHz
2026/09/23 12:03:48.611, 0, 97 %, 85 %, 7503 MiB, 49140 MiB, 292.17 W, 300.00 W, 73, 1950 MHz
2026/09/23 12:03:49.615, 0, 98 %, 86 %, 7503 MiB, 49140 MiB, 289.45 W, 300.00 W, 73, 1605 MHz
2026/09/23 12:03:50.616, 0, 97 %, 86 %, 7503 MiB, 49140 MiB, 291.20 W, 300.00 W, 73, 1950 MHz
2026/09/23 12:03:51.616, 0, 97 %, 85 %, 7503 MiB, 49140 MiB, 292.80 W, 300.00 W, 74, 2010 MHz
2026/09/23 12:03:52.618, 0, 92 %, 83 %, 7503 MiB, 49140 MiB, 288.72 W, 300.00 W, 75, 1830 MHz
2026/09/23 12:03:53.619, 0, 98 %, 86 %, 7503 MiB, 49140 MiB, 292.07 W, 300.00 W, 73, 1920 MHz
2026/09/23 12:03:54.621, 0, 98 %, 87 %, 7503 MiB, 49140 MiB, 292.11 W, 300.00 W, 72, 1665 MHz
2026/09/23 12:03:55.622, 0, 98 %, 86 %, 7503 MiB, 49140 MiB, 291.95 W, 300.00 W, 74, 1770 MHz
2026/09/23 12:03:56.623, 0, 98 %, 86 %, 7503 MiB, 49140 MiB, 293.12 W, 300.00 W, 73, 1950 MHz
2026/09/23 12:03:57.623, 0, 93 %, 64 %, 7503 MiB, 49140 MiB, 295.22 W, 300.00 W, 75, 1650 MHz
2026/09/23 12:03:58.624, 0, 0 %, 0 %, 7503 MiB, 49140 MiB, 111.16 W, 300.00 W, 66, 2505 MHz
2026/09/23 12:03:59.624, 0, 0 %, 0 %, 7503 MiB, 49140 MiB, 108.02 W, 300.00 W, 71, 1920 MHz
2026/09/23 12:04:00.626, 0, 96 %, 85 %, 7503 MiB, 49140 MiB, 289.56 W, 300.00 W, 71, 1635 MHz
2026/09/23 12:04:01.626, 0, 97 %, 86 %, 7503 MiB, 49140 MiB, 290.29 W, 300.00 W, 73, 1875 MHz
2026/09/23 12:04:02.628, 0, 97 %, 86 %, 7503 MiB, 49140 MiB, 290.43 W, 300.00 W, 72, 2085 MHz
2026/09/23 12:04:03.632, 0, 97 %, 87 %, 7503 MiB, 49140 MiB, 289.14 W, 300.00 W, 73, 1575 MHz
2026/09/23 12:04:04.633, 0, 97 %, 86 %, 7503 MiB, 49140 MiB, 291.26 W, 300.00 W, 73, 1980 MHz
2026/09/23 12:04:05.634, 0, 98 %, 86 %, 7503 MiB, 49140 MiB, 292.24 W, 300.00 W, 73, 1995 MHz
2026/09/23 12:04:06.635, 0, 97 %, 85 %, 7503 MiB, 49140 MiB, 289.35 W, 300.00 W, 73, 1560 MHz
2026/09/23 12:04:07.636, 0, 97 %, 86 %, 7503 MiB, 49140 MiB, 290.73 W, 300.00 W, 73, 1785 MHz
2026/09/23 12:04:08.637, 0, 96 %, 86 %, 7503 MiB, 49140 MiB, 291.64 W, 300.00 W, 73, 1770 MHz
2026/09/23 12:04:09.638, 0, 98 %, 87 %, 7503 MiB, 49140 MiB, 291.49 W, 300.00 W, 73, 1650 MHz
2026/09/23 12:04:10.640, 0, 97 %, 86 %, 7503 MiB, 49140 MiB, 292.23 W, 300.00 W, 73, 1755 MHz
2026/09/23 12:04:11.641, 0, 98 %, 88 %, 7503 MiB, 49140 MiB, 293.57 W, 300.00 W, 73, 1920 MHz
2026/09/23 12:04:12.643, 0, 97 %, 86 %, 7503 MiB, 49140 MiB, 289.95 W, 300.00 W, 74, 1800 MHz
2026/09/23 12:04:13.644, 0, 96 %, 84 %, 7503 MiB, 49140 MiB, 290.27 W, 300.00 W, 72, 1980 MHz
2026/09/23 12:04:14.644, 0, 97 %, 85 %, 7503 MiB, 49140 MiB, 289.92 W, 300.00 W, 71, 1650 MHz
2026/09/23 12:04:15.645, 0, 98 %, 86 %, 7503 MiB, 49140 MiB, 291.12 W, 300.00 W, 73, 1785 MHz
2026/09/23 12:04:16.646, 0, 98 %, 86 %, 7503 MiB, 49140 MiB, 292.35 W, 300.00 W, 73, 1950 MHz
2026/09/23 12:04:17.647, 0, 96 %, 86 %, 7503 MiB, 49140 MiB, 290.26 W, 300.00 W, 73, 1620 MHz
2026/09/23 12:04:18.648, 0, 97 %, 86 %, 7503 MiB, 49140 MiB, 291.27 W, 300.00 W, 73, 1950 MHz
2026/09/23 12:04:19.649, 0, 97 %, 85 %, 7503 MiB, 49140 MiB, 292.52 W, 300.00 W, 74, 2055 MHz
2026/09/23 12:04:20.650, 0, 98 %, 85 %, 7503 MiB, 49140 MiB, 291.23 W, 300.00 W, 73, 1575 MHz
2026/09/23 12:04:21.650, 0, 97 %, 86 %, 7503 MiB, 49140 MiB, 290.91 W, 300.00 W, 73, 1725 MHz
2026/09/23 12:04:22.651, 0, 97 %, 87 %, 7503 MiB, 49140 MiB, 291.94 W, 300.00 W, 73, 1755 MHz
2026/09/23 12:04:23.652, 0, 92 %, 68 %, 7503 MiB, 49140 MiB, 295.72 W, 300.00 W, 73, 1920 MHz
2026/09/23 12:04:24.652, 0, 10 %, 0 %, 7503 MiB, 49140 MiB, 177.37 W, 300.00 W, 67, 2745 MHz
2026/09/23 12:04:25.653, 0, 0 %, 0 %, 7503 MiB, 49140 MiB, 87.69 W, 300.00 W, 67, 2745 MHz
2026/09/23 12:04:26.654, 0, 97 %, 88 %, 7503 MiB, 49140 MiB, 220.90 W, 300.00 W, 73, 1710 MHz
2026/09/23 12:04:27.654, 0, 98 %, 87 %, 7503 MiB, 49140 MiB, 290.99 W, 300.00 W, 72, 1815 MHz
2026/09/23 12:04:28.656, 0, 98 %, 87 %, 7503 MiB, 49140 MiB, 289.33 W, 300.00 W, 72, 1830 MHz
2026/09/23 12:04:29.656, 0, 94 %, 84 %, 7503 MiB, 49140 MiB, 292.03 W, 300.00 W, 72, 2040 MHz
2026/09/23 12:04:30.657, 0, 97 %, 86 %, 7503 MiB, 49140 MiB, 289.32 W, 300.00 W, 73, 1650 MHz
2026/09/23 12:04:31.658, 0, 96 %, 85 %, 7503 MiB, 49140 MiB, 291.22 W, 300.00 W, 72, 1845 MHz
2026/09/23 12:04:32.659, 0, 97 %, 86 %, 7503 MiB, 49140 MiB, 291.98 W, 300.00 W, 72, 1935 MHz
2026/09/23 12:04:33.660, 0, 98 %, 88 %, 7503 MiB, 49140 MiB, 290.98 W, 300.00 W, 74, 1620 MHz
2026/09/23 12:04:34.661, 0, 98 %, 85 %, 7503 MiB, 49140 MiB, 291.62 W, 300.00 W, 72, 1935 MHz
2026/09/23 12:04:35.662, 0, 97 %, 86 %, 7503 MiB, 49140 MiB, 290.60 W, 300.00 W, 71, 2040 MHz
2026/09/23 12:04:36.662, 0, 95 %, 84 %, 7503 MiB, 49140 MiB, 291.61 W, 300.00 W, 74, 1545 MHz
2026/09/23 12:04:37.663, 0, 93 %, 82 %, 7503 MiB, 49140 MiB, 290.89 W, 300.00 W, 73, 1665 MHz
2026/09/23 12:04:38.664, 0, 96 %, 84 %, 7503 MiB, 49140 MiB, 290.14 W, 300.00 W, 73, 1635 MHz
2026/09/23 12:04:39.664, 0, 98 %, 86 %, 7503 MiB, 49140 MiB, 290.30 W, 300.00 W, 72, 1800 MHz
2026/09/23 12:04:40.665, 0, 98 %, 87 %, 7503 MiB, 49140 MiB, 290.36 W, 300.00 W, 71, 2085 MHz
2026/09/23 12:04:41.667, 0, 97 %, 87 %, 7503 MiB, 49140 MiB, 290.96 W, 300.00 W, 74, 1575 MHz
2026/09/23 12:04:42.668, 0, 98 %, 85 %, 7503 MiB, 49140 MiB, 292.38 W, 300.00 W, 73, 1920 MHz
2026/09/23 12:04:43.669, 0, 98 %, 87 %, 7503 MiB, 49140 MiB, 291.27 W, 300.00 W, 72, 2055 MHz
2026/09/23 12:04:44.669, 0, 98 %, 86 %, 7503 MiB, 49140 MiB, 291.16 W, 300.00 W, 74, 1575 MHz
2026/09/23 12:04:45.670, 0, 96 %, 85 %, 7503 MiB, 49140 MiB, 292.75 W, 300.00 W, 73, 1875 MHz
2026/09/23 12:04:46.671, 0, 97 %, 87 %, 7503 MiB, 49140 MiB, 291.87 W, 300.00 W, 72, 2040 MHz
2026/09/23 12:04:47.672, 0, 97 %, 86 %, 7503 MiB, 49140 MiB, 291.64 W, 300.00 W, 75, 1530 MHz
2026/09/23 12:04:48.672, 0, 98 %, 85 %, 7503 MiB, 49140 MiB, 292.95 W, 300.00 W, 72, 1905 MHz
2026/09/23 12:04:49.678, 0, 93 %, 81 %, 7503 MiB, 49140 MiB, 292.13 W, 300.00 W, 74, 1575 MHz
2026/09/23 12:04:50.678, 0, 92 %, 66 %, 7503 MiB, 49140 MiB, 229.89 W, 300.00 W, 67, 2745 MHz
2026/09/23 12:04:51.680, 0, 0 %, 0 %, 7503 MiB, 49140 MiB, 87.89 W, 300.00 W, 67, 2745 MHz
2026/09/23 12:04:52.681, 0, 97 %, 88 %, 7503 MiB, 49140 MiB, 197.10 W, 300.00 W, 72, 1965 MHz
2026/09/23 12:04:53.681, 0, 98 %, 88 %, 7503 MiB, 49140 MiB, 290.08 W, 300.00 W, 71, 2070 MHz
2026/09/23 12:04:54.682, 0, 97 %, 86 %, 7503 MiB, 49140 MiB, 289.96 W, 300.00 W, 73, 1575 MHz
2026/09/23 12:04:55.683, 0, 98 %, 86 %, 7503 MiB, 49140 MiB, 291.95 W, 300.00 W, 72, 1890 MHz
2026/09/23 12:04:56.684, 0, 97 %, 87 %, 7503 MiB, 49140 MiB, 290.38 W, 300.00 W, 71, 2055 MHz
2026/09/23 12:04:57.686, 0, 98 %, 86 %, 7503 MiB, 49140 MiB, 291.41 W, 300.00 W, 74, 1560 MHz
2026/09/23 12:04:58.687, 0, 97 %, 85 %, 7503 MiB, 49140 MiB, 293.21 W, 300.00 W, 72, 1875 MHz
2026/09/23 12:04:59.688, 0, 98 %, 86 %, 7503 MiB, 49140 MiB, 291.83 W, 300.00 W, 71, 1995 MHz
2026/09/23 12:05:00.689, 0, 98 %, 87 %, 7503 MiB, 49140 MiB, 290.66 W, 300.00 W, 74, 1530 MHz
2026/09/23 12:05:01.690, 0, 97 %, 85 %, 7503 MiB, 49140 MiB, 292.01 W, 300.00 W, 72, 1935 MHz
2026/09/23 12:05:02.690, 0, 97 %, 85 %, 7503 MiB, 49140 MiB, 291.36 W, 300.00 W, 71, 2070 MHz
2026/09/23 12:05:03.691, 0, 98 %, 86 %, 7503 MiB, 49140 MiB, 290.74 W, 300.00 W, 74, 1545 MHz
2026/09/23 12:05:04.691, 0, 97 %, 85 %, 7503 MiB, 49140 MiB, 291.26 W, 300.00 W, 73, 1695 MHz
2026/09/23 12:05:05.692, 0, 97 %, 86 %, 7503 MiB, 49140 MiB, 290.09 W, 300.00 W, 73, 1650 MHz
2026/09/23 12:05:06.693, 0, 97 %, 86 %, 7503 MiB, 49140 MiB, 291.11 W, 300.00 W, 73, 1785 MHz
2026/09/23 12:05:07.694, 0, 98 %, 87 %, 7503 MiB, 49140 MiB, 293.44 W, 300.00 W, 74, 1665 MHz
2026/09/23 12:05:08.694, 0, 98 %, 86 %, 7503 MiB, 49140 MiB, 291.20 W, 300.00 W, 73, 1650 MHz
2026/09/23 12:05:09.695, 0, 96 %, 86 %, 7503 MiB, 49140 MiB, 290.53 W, 300.00 W, 73, 1860 MHz
2026/09/23 12:05:10.696, 0, 98 %, 87 %, 7503 MiB, 49140 MiB, 290.24 W, 300.00 W, 71, 2025 MHz
2026/09/23 12:05:11.697, 0, 97 %, 86 %, 7503 MiB, 49140 MiB, 291.98 W, 300.00 W, 74, 1545 MHz
2026/09/23 12:05:12.697, 0, 98 %, 86 %, 7503 MiB, 49140 MiB, 292.04 W, 300.00 W, 72, 1935 MHz
2026/09/23 12:05:13.698, 0, 98 %, 86 %, 7503 MiB, 49140 MiB, 290.95 W, 300.00 W, 71, 2055 MHz
2026/09/23 12:05:14.699, 0, 96 %, 86 %, 7503 MiB, 49140 MiB, 291.96 W, 300.00 W, 74, 1530 MHz
2026/09/23 12:05:15.700, 0, 97 %, 86 %, 7503 MiB, 49140 MiB, 292.51 W, 300.00 W, 73, 1620 MHz
2026/09/23 12:05:16.700, 0, 94 %, 69 %, 7503 MiB, 49140 MiB, 273.21 W, 300.00 W, 68, 2505 MHz
2026/09/23 12:05:17.701, 0, 0 %, 0 %, 7503 MiB, 49140 MiB, 73.74 W, 300.00 W, 66, 2505 MHz
2026/09/23 12:05:18.703, 0, 0 %, 0 %, 7503 MiB, 49140 MiB, 156.82 W, 300.00 W, 71, 1665 MHz
2026/09/23 12:05:19.703, 0, 97 %, 87 %, 7503 MiB, 49140 MiB, 290.71 W, 300.00 W, 73, 1860 MHz
2026/09/23 12:05:20.704, 0, 97 %, 86 %, 7503 MiB, 49140 MiB, 289.07 W, 300.00 W, 72, 1815 MHz
2026/09/23 12:05:21.705, 0, 90 %, 81 %, 7503 MiB, 49140 MiB, 288.36 W, 300.00 W, 72, 1920 MHz
2026/09/23 12:05:22.706, 0, 97 %, 87 %, 7503 MiB, 49140 MiB, 289.97 W, 300.00 W, 72, 1605 MHz
2026/09/23 12:05:23.707, 0, 97 %, 87 %, 7503 MiB, 49140 MiB, 291.79 W, 300.00 W, 72, 1950 MHz
2026/09/23 12:05:24.709, 0, 97 %, 86 %, 7503 MiB, 49140 MiB, 289.34 W, 300.00 W, 74, 2025 MHz
2026/09/23 12:05:25.710, 0, 97 %, 85 %, 7503 MiB, 49140 MiB, 290.60 W, 300.00 W, 72, 1650 MHz
2026/09/23 12:05:26.712, 0, 96 %, 84 %, 7503 MiB, 49140 MiB, 291.90 W, 300.00 W, 71, 1860 MHz
2026/09/23 12:05:27.713, 0, 98 %, 88 %, 7503 MiB, 49140 MiB, 291.62 W, 300.00 W, 74, 2025 MHz
2026/09/23 12:05:28.714, 0, 97 %, 85 %, 7503 MiB, 49140 MiB, 291.07 W, 300.00 W, 72, 1590 MHz
2026/09/23 12:05:29.715, 0, 98 %, 87 %, 7503 MiB, 49140 MiB, 291.75 W, 300.00 W, 71, 1905 MHz
2026/09/23 12:05:30.719, 0, 98 %, 88 %, 7503 MiB, 49140 MiB, 290.65 W, 300.00 W, 74, 1980 MHz
2026/09/23 12:05:31.720, 0, 97 %, 85 %, 7503 MiB, 49140 MiB, 291.38 W, 300.00 W, 72, 1545 MHz
2026/09/23 12:05:32.720, 0, 98 %, 86 %, 7503 MiB, 49140 MiB, 291.72 W, 300.00 W, 71, 1845 MHz
2026/09/23 12:05:33.722, 0, 97 %, 87 %, 7503 MiB, 49140 MiB, 291.89 W, 300.00 W, 74, 2085 MHz
2026/09/23 12:05:34.722, 0, 96 %, 85 %, 7503 MiB, 49140 MiB, 290.98 W, 300.00 W, 72, 1560 MHz
2026/09/23 12:05:35.727, 0, 98 %, 87 %, 7503 MiB, 49140 MiB, 290.84 W, 300.00 W, 72, 1860 MHz
2026/09/23 12:05:36.728, 0, 97 %, 86 %, 7503 MiB, 49140 MiB, 291.04 W, 300.00 W, 73, 2040 MHz
2026/09/23 12:05:37.729, 0, 97 %, 86 %, 7503 MiB, 49140 MiB, 291.34 W, 300.00 W, 73, 1545 MHz
2026/09/23 12:05:38.729, 0, 97 %, 86 %, 7503 MiB, 49140 MiB, 293.13 W, 300.00 W, 74, 1890 MHz
2026/09/23 12:05:39.730, 0, 97 %, 85 %, 7503 MiB, 49140 MiB, 292.15 W, 300.00 W, 73, 2025 MHz
2026/09/23 12:05:40.731, 0, 97 %, 86 %, 7503 MiB, 49140 MiB, 291.14 W, 300.00 W, 72, 1590 MHz
2026/09/23 12:05:41.732, 0, 97 %, 86 %, 7503 MiB, 49140 MiB, 293.37 W, 300.00 W, 74, 1785 MHz
2026/09/23 12:05:42.732, 0, 96 %, 66 %, 7503 MiB, 49140 MiB, 298.04 W, 300.00 W, 74, 1560 MHz
2026/09/23 12:05:43.733, 0, 0 %, 0 %, 7503 MiB, 49140 MiB, 111.92 W, 300.00 W, 66, 2505 MHz
2026/09/23 12:05:44.733, 0, 0 %, 0 %, 7503 MiB, 49140 MiB, 101.96 W, 300.00 W, 69, 1770 MHz
2026/09/23 12:05:45.735, 0, 98 %, 88 %, 7503 MiB, 49140 MiB, 289.17 W, 300.00 W, 73, 1950 MHz
2026/09/23 12:05:46.736, 0, 98 %, 85 %, 7503 MiB, 49140 MiB, 290.61 W, 300.00 W, 72, 1545 MHz
2026/09/23 12:05:47.737, 0, 97 %, 86 %, 7503 MiB, 49140 MiB, 292.09 W, 300.00 W, 71, 1965 MHz
2026/09/23 12:05:48.739, 0, 98 %, 88 %, 7503 MiB, 49140 MiB, 290.64 W, 300.00 W, 73, 2025 MHz
2026/09/23 12:05:49.740, 0, 97 %, 85 %, 7503 MiB, 49140 MiB, 290.84 W, 300.00 W, 72, 1545 MHz
2026/09/23 12:05:50.742, 0, 98 %, 87 %, 7503 MiB, 49140 MiB, 292.10 W, 300.00 W, 72, 1935 MHz
2026/09/23 12:05:51.743, 0, 97 %, 86 %, 7503 MiB, 49140 MiB, 290.92 W, 300.00 W, 73, 2055 MHz
2026/09/23 12:05:52.744, 0, 98 %, 86 %, 7503 MiB, 49140 MiB, 290.63 W, 300.00 W, 72, 1560 MHz
2026/09/23 12:05:53.745, 0, 97 %, 86 %, 7503 MiB, 49140 MiB, 290.53 W, 300.00 W, 71, 1845 MHz
2026/09/23 12:05:54.746, 0, 96 %, 86 %, 7503 MiB, 49140 MiB, 291.19 W, 300.00 W, 74, 1950 MHz
2026/09/23 12:05:55.746, 0, 97 %, 85 %, 7503 MiB, 49140 MiB, 291.49 W, 300.00 W, 72, 1590 MHz
2026/09/23 12:05:56.747, 0, 97 %, 86 %, 7503 MiB, 49140 MiB, 291.68 W, 300.00 W, 71, 1860 MHz
2026/09/23 12:05:57.748, 0, 96 %, 85 %, 7503 MiB, 49140 MiB, 290.43 W, 300.00 W, 74, 1935 MHz
2026/09/23 12:05:58.750, 0, 98 %, 85 %, 7503 MiB, 49140 MiB, 291.87 W, 300.00 W, 72, 1590 MHz
2026/09/23 12:05:59.750, 0, 98 %, 88 %, 7503 MiB, 49140 MiB, 292.12 W, 300.00 W, 72, 1905 MHz
2026/09/23 12:06:00.751, 0, 98 %, 86 %, 7503 MiB, 49140 MiB, 292.07 W, 300.00 W, 73, 2040 MHz
2026/09/23 12:06:01.753, 0, 95 %, 84 %, 7503 MiB, 49140 MiB, 290.95 W, 300.00 W, 72, 1560 MHz
2026/09/23 12:06:02.754, 0, 95 %, 85 %, 7503 MiB, 49140 MiB, 291.59 W, 300.00 W, 72, 1875 MHz
2026/09/23 12:06:03.756, 0, 97 %, 87 %, 7503 MiB, 49140 MiB, 291.12 W, 300.00 W, 74, 2040 MHz
2026/09/23 12:06:04.757, 0, 95 %, 84 %, 7503 MiB, 49140 MiB, 291.56 W, 300.00 W, 73, 1530 MHz
2026/09/23 12:06:05.757, 0, 97 %, 86 %, 7503 MiB, 49140 MiB, 292.17 W, 300.00 W, 72, 1860 MHz
2026/09/23 12:06:06.758, 0, 95 %, 84 %, 7503 MiB, 49140 MiB, 291.42 W, 300.00 W, 74, 1920 MHz
2026/09/23 12:06:07.759, 0, 97 %, 85 %, 7503 MiB, 49140 MiB, 292.02 W, 300.00 W, 72, 1665 MHz
2026/09/23 12:06:08.759, 0, 92 %, 68 %, 7503 MiB, 49140 MiB, 294.83 W, 300.00 W, 73, 1545 MHz
2026/09/23 12:06:09.760, 0, 0 %, 0 %, 7503 MiB, 49140 MiB, 174.31 W, 300.00 W, 67, 2745 MHz
2026/09/23 12:06:10.761, 0, 97 %, 88 %, 7503 MiB, 49140 MiB, 242.93 W, 300.00 W, 73, 1530 MHz
2026/09/23 12:06:11.761, 0, 97 %, 86 %, 7503 MiB, 49140 MiB, 291.33 W, 300.00 W, 73, 1920 MHz
2026/09/23 12:06:12.763, 0, 97 %, 87 %, 7503 MiB, 49140 MiB, 291.36 W, 300.00 W, 72, 2040 MHz
2026/09/23 12:06:13.763, 0, 95 %, 83 %, 7503 MiB, 49140 MiB, 290.91 W, 300.00 W, 73, 1545 MHz
2026/09/23 12:06:14.764, 0, 98 %, 86 %, 7503 MiB, 49140 MiB, 291.16 W, 300.00 W, 73, 1845 MHz
2026/09/23 12:06:15.768, 0, 98 %, 88 %, 7503 MiB, 49140 MiB, 291.57 W, 300.00 W, 72, 1905 MHz
2026/09/23 12:06:16.768, 0, 98 %, 87 %, 7503 MiB, 49140 MiB, 293.03 W, 300.00 W, 73, 1680 MHz
2026/09/23 12:06:17.769, 0, 97 %, 86 %, 7503 MiB, 49140 MiB, 289.23 W, 300.00 W, 74, 1740 MHz
2026/09/23 12:06:18.770, 0, 96 %, 84 %, 7503 MiB, 49140 MiB, 291.64 W, 300.00 W, 73, 1635 MHz
2026/09/23 12:06:19.771, 0, 97 %, 86 %, 7503 MiB, 49140 MiB, 291.35 W, 300.00 W, 71, 1830 MHz
2026/09/23 12:06:20.772, 0, 97 %, 86 %, 7503 MiB, 49140 MiB, 291.70 W, 300.00 W, 74, 1875 MHz
2026/09/23 12:06:21.773, 0, 97 %, 85 %, 7503 MiB, 49140 MiB, 291.02 W, 300.00 W, 73, 1590 MHz
2026/09/23 12:06:22.773, 0, 98 %, 88 %, 7503 MiB, 49140 MiB, 289.91 W, 300.00 W, 73, 1905 MHz
2026/09/23 12:06:23.774, 0, 97 %, 87 %, 7503 MiB, 49140 MiB, 289.68 W, 300.00 W, 72, 1995 MHz
2026/09/23 12:06:24.775, 0, 95 %, 85 %, 7503 MiB, 49140 MiB, 292.15 W, 300.00 W, 74, 1590 MHz
2026/09/23 12:06:25.776, 0, 98 %, 85 %, 7503 MiB, 49140 MiB, 291.02 W, 300.00 W, 73, 1860 MHz
2026/09/23 12:06:26.777, 0, 95 %, 85 %, 7503 MiB, 49140 MiB, 289.50 W, 300.00 W, 72, 1680 MHz
2026/09/23 12:06:27.778, 0, 98 %, 87 %, 7503 MiB, 49140 MiB, 293.66 W, 300.00 W, 72, 1770 MHz
2026/09/23 12:06:28.779, 0, 98 %, 87 %, 7503 MiB, 49140 MiB, 289.31 W, 300.00 W, 75, 1875 MHz
2026/09/23 12:06:29.780, 0, 98 %, 85 %, 7503 MiB, 49140 MiB, 292.01 W, 300.00 W, 73, 1635 MHz
2026/09/23 12:06:30.780, 0, 91 %, 80 %, 7503 MiB, 49140 MiB, 289.97 W, 300.00 W, 73, 1980 MHz
2026/09/23 12:06:31.781, 0, 97 %, 86 %, 7503 MiB, 49140 MiB, 292.40 W, 300.00 W, 73, 2025 MHz
2026/09/23 12:06:32.782, 0, 98 %, 86 %, 7503 MiB, 49140 MiB, 293.07 W, 300.00 W, 73, 1545 MHz
2026/09/23 12:06:33.782, 0, 98 %, 87 %, 7503 MiB, 49140 MiB, 293.25 W, 300.00 W, 74, 1590 MHz
2026/09/23 12:06:34.783, 0, 92 %, 68 %, 7503 MiB, 49140 MiB, 226.56 W, 300.00 W, 67, 2625 MHz
2026/09/23 12:06:35.783, 0, 0 %, 0 %, 7503 MiB, 49140 MiB, 78.94 W, 300.00 W, 66, 2625 MHz
2026/09/23 12:06:36.784, 0, 97 %, 88 %, 7503 MiB, 49140 MiB, 194.33 W, 300.00 W, 71, 1680 MHz
2026/09/23 12:06:37.785, 0, 97 %, 86 %, 7503 MiB, 49140 MiB, 292.18 W, 300.00 W, 70, 1905 MHz
2026/09/23 12:06:38.786, 0, 97 %, 87 %, 7503 MiB, 49140 MiB, 289.58 W, 300.00 W, 74, 1965 MHz
2026/09/23 12:06:39.788, 0, 98 %, 85 %, 7503 MiB, 49140 MiB, 290.99 W, 300.00 W, 72, 1605 MHz
2026/09/23 12:06:40.788, 0, 96 %, 85 %, 7503 MiB, 49140 MiB, 291.17 W, 300.00 W, 71, 1890 MHz
2026/09/23 12:06:41.790, 0, 97 %, 86 %, 7503 MiB, 49140 MiB, 290.33 W, 300.00 W, 74, 1830 MHz
2026/09/23 12:06:42.791, 0, 97 %, 83 %, 7503 MiB, 49140 MiB, 291.17 W, 300.00 W, 72, 1605 MHz
2026/09/23 12:06:43.791, 0, 97 %, 86 %, 7503 MiB, 49140 MiB, 291.14 W, 300.00 W, 72, 1875 MHz
2026/09/23 12:06:44.792, 0, 95 %, 85 %, 7503 MiB, 49140 MiB, 291.49 W, 300.00 W, 73, 1995 MHz
2026/09/23 12:06:45.793, 0, 97 %, 83 %, 7503 MiB, 49140 MiB, 291.83 W, 300.00 W, 73, 1545 MHz
2026/09/23 12:06:46.793, 0, 97 %, 87 %, 7503 MiB, 49140 MiB, 291.68 W, 300.00 W, 73, 1905 MHz
2026/09/23 12:06:47.795, 0, 96 %, 85 %, 7503 MiB, 49140 MiB, 291.73 W, 300.00 W, 73, 2055 MHz
2026/09/23 12:06:48.797, 0, 98 %, 83 %, 7503 MiB, 49140 MiB, 292.02 W, 300.00 W, 73, 1620 MHz
2026/09/23 12:06:49.798, 0, 98 %, 88 %, 7503 MiB, 49140 MiB, 291.57 W, 300.00 W, 72, 1830 MHz
2026/09/23 12:06:50.798, 0, 96 %, 85 %, 7503 MiB, 49140 MiB, 291.30 W, 300.00 W, 73, 2010 MHz
2026/09/23 12:06:51.799, 0, 98 %, 81 %, 7503 MiB, 49140 MiB, 291.88 W, 300.00 W, 73, 1620 MHz
2026/09/23 12:06:52.800, 0, 98 %, 87 %, 7503 MiB, 49140 MiB, 290.43 W, 300.00 W, 73, 1980 MHz
2026/09/23 12:06:53.801, 0, 96 %, 86 %, 7503 MiB, 49140 MiB, 291.46 W, 300.00 W, 73, 2070 MHz
2026/09/23 12:06:54.802, 0, 98 %, 86 %, 7503 MiB, 49140 MiB, 290.51 W, 300.00 W, 72, 1620 MHz
2026/09/23 12:06:55.803, 0, 98 %, 83 %, 7503 MiB, 49140 MiB, 290.84 W, 300.00 W, 74, 1785 MHz
2026/09/23 12:06:56.804, 0, 98 %, 88 %, 7503 MiB, 49140 MiB, 291.44 W, 300.00 W, 72, 1995 MHz
2026/09/23 12:06:57.805, 0, 98 %, 87 %, 7503 MiB, 49140 MiB, 291.36 W, 300.00 W, 71, 1560 MHz
2026/09/23 12:06:58.806, 0, 95 %, 85 %, 7503 MiB, 49140 MiB, 291.54 W, 300.00 W, 74, 1905 MHz
2026/09/23 12:06:59.807, 0, 97 %, 82 %, 7503 MiB, 49140 MiB, 293.11 W, 300.00 W, 74, 1650 MHz
2026/09/23 12:07:00.807, 0, 94 %, 68 %, 7503 MiB, 49140 MiB, 275.02 W, 300.00 W, 69, 2730 MHz
2026/09/23 12:07:01.808, 0, 0 %, 0 %, 7503 MiB, 49140 MiB, 87.34 W, 300.00 W, 67, 2745 MHz
2026/09/23 12:07:02.808, 0, 0 %, 0 %, 7503 MiB, 49140 MiB, 155.20 W, 300.00 W, 71, 2085 MHz
2026/09/23 12:07:03.809, 0, 97 %, 89 %, 7503 MiB, 49140 MiB, 291.03 W, 300.00 W, 70, 1545 MHz
2026/09/23 12:07:04.810, 0, 98 %, 86 %, 7503 MiB, 49140 MiB, 289.50 W, 300.00 W, 74, 1950 MHz
2026/09/23 12:07:05.810, 0, 97 %, 83 %, 7503 MiB, 49140 MiB, 290.43 W, 300.00 W, 72, 2055 MHz
2026/09/23 12:07:06.812, 0, 98 %, 89 %, 7503 MiB, 49140 MiB, 290.58 W, 300.00 W, 71, 1545 MHz
2026/09/23 12:07:07.813, 0, 95 %, 85 %, 7503 MiB, 49140 MiB, 291.74 W, 300.00 W, 74, 1920 MHz
2026/09/23 12:07:08.813, 0, 98 %, 87 %, 7503 MiB, 49140 MiB, 290.66 W, 300.00 W, 72, 2040 MHz
2026/09/23 12:07:09.816, 0, 97 %, 89 %, 7503 MiB, 49140 MiB, 291.71 W, 300.00 W, 71, 1530 MHz
2026/09/23 12:07:10.817, 0, 97 %, 86 %, 7503 MiB, 49140 MiB, 289.23 W, 300.00 W, 74, 1890 MHz
2026/09/23 12:07:11.817, 0, 97 %, 81 %, 7503 MiB, 49140 MiB, 291.16 W, 300.00 W, 72, 1830 MHz
2026/09/23 12:07:12.819, 0, 96 %, 86 %, 7503 MiB, 49140 MiB, 291.28 W, 300.00 W, 73, 1725 MHz
2026/09/23 12:07:13.819, 0, 98 %, 86 %, 7503 MiB, 49140 MiB, 289.37 W, 300.00 W, 73, 1860 MHz
2026/09/23 12:07:14.820, 0, 97 %, 87 %, 7503 MiB, 49140 MiB, 291.94 W, 300.00 W, 73, 1890 MHz
2026/09/23 12:07:15.821, 0, 98 %, 88 %, 7503 MiB, 49140 MiB, 293.55 W, 300.00 W, 73, 1635 MHz
2026/09/23 12:07:16.822, 0, 95 %, 84 %, 7503 MiB, 49140 MiB, 290.19 W, 300.00 W, 73, 1920 MHz
2026/09/23 12:07:17.823, 0, 96 %, 87 %, 7503 MiB, 49140 MiB, 291.31 W, 300.00 W, 72, 1890 MHz
2026/09/23 12:07:18.825, 0, 98 %, 88 %, 7503 MiB, 49140 MiB, 292.84 W, 300.00 W, 74, 1590 MHz
2026/09/23 12:07:19.826, 0, 98 %, 87 %, 7503 MiB, 49140 MiB, 290.86 W, 300.00 W, 73, 1860 MHz
2026/09/23 12:07:20.827, 0, 98 %, 85 %, 7503 MiB, 49140 MiB, 291.23 W, 300.00 W, 73, 1860 MHz
2026/09/23 12:07:21.828, 0, 97 %, 88 %, 7503 MiB, 49140 MiB, 293.18 W, 300.00 W, 73, 1710 MHz
2026/09/23 12:07:22.829, 0, 97 %, 86 %, 7503 MiB, 49140 MiB, 291.65 W, 300.00 W, 73, 1920 MHz
2026/09/23 12:07:23.830, 0, 97 %, 87 %, 7503 MiB, 49140 MiB, 291.94 W, 300.00 W, 73, 1830 MHz
2026/09/23 12:07:24.832, 0, 97 %, 89 %, 7503 MiB, 49140 MiB, 292.83 W, 300.00 W, 73, 1695 MHz
2026/09/23 12:07:25.833, 0, 95 %, 68 %, 7503 MiB, 49140 MiB, 293.30 W, 300.00 W, 74, 1545 MHz
2026/09/23 12:07:26.834, 0, 0 %, 0 %, 7503 MiB, 49140 MiB, 230.01 W, 300.00 W, 68, 2745 MHz
2026/09/23 12:07:27.834, 0, 0 %, 0 %, 7503 MiB, 49140 MiB, 88.09 W, 300.00 W, 67, 2745 MHz
2026/09/23 12:07:28.834, 0, 98 %, 89 %, 7503 MiB, 49140 MiB, 205.09 W, 300.00 W, 73, 1950 MHz
2026/09/23 12:07:29.836, 0, 98 %, 86 %, 7503 MiB, 49140 MiB, 290.70 W, 300.00 W, 71, 2010 MHz
2026/09/23 12:07:30.838, 0, 97 %, 84 %, 7503 MiB, 49140 MiB, 291.62 W, 300.00 W, 70, 1545 MHz
2026/09/23 12:07:31.839, 0, 95 %, 86 %, 7503 MiB, 49140 MiB, 290.48 W, 300.00 W, 74, 2100 MHz
2026/09/23 12:07:32.839, 0, 96 %, 85 %, 7503 MiB, 49140 MiB, 291.23 W, 300.00 W, 72, 2055 MHz
2026/09/23 12:07:33.840, 0, 98 %, 84 %, 7503 MiB, 49140 MiB, 292.04 W, 300.00 W, 71, 1545 MHz
2026/09/23 12:07:34.842, 0, 98 %, 88 %, 7503 MiB, 49140 MiB, 289.20 W, 300.00 W, 73, 1830 MHz
2026/09/23 12:07:35.843, 0, 96 %, 86 %, 7503 MiB, 49140 MiB, 292.09 W, 300.00 W, 73, 1950 MHz
2026/09/23 12:07:36.844, 0, 97 %, 81 %, 7503 MiB, 49140 MiB, 291.66 W, 300.00 W, 71, 1575 MHz
2026/09/23 12:07:37.846, 0, 97 %, 88 %, 7503 MiB, 49140 MiB, 287.71 W, 300.00 W, 72, 1860 MHz
2026/09/23 12:07:38.847, 0, 98 %, 89 %, 7503 MiB, 49140 MiB, 292.05 W, 300.00 W, 72, 1665 MHz
2026/09/23 12:07:39.851, 0, 98 %, 88 %, 7503 MiB, 49140 MiB, 290.26 W, 300.00 W, 74, 1815 MHz
2026/09/23 12:07:40.852, 0, 95 %, 82 %, 7503 MiB, 49140 MiB, 290.55 W, 300.00 W, 72, 2085 MHz
2026/09/23 12:07:41.853, 0, 97 %, 86 %, 7503 MiB, 49140 MiB, 292.28 W, 300.00 W, 71, 1560 MHz
2026/09/23 12:07:42.854, 0, 97 %, 88 %, 7503 MiB, 49140 MiB, 291.07 W, 300.00 W, 74, 1950 MHz
2026/09/23 12:07:43.854, 0, 97 %, 85 %, 7503 MiB, 49140 MiB, 291.09 W, 300.00 W, 72, 1665 MHz
2026/09/23 12:07:44.855, 0, 97 %, 86 %, 7503 MiB, 49140 MiB, 293.12 W, 300.00 W, 71, 1860 MHz
2026/09/23 12:07:45.857, 0, 98 %, 88 %, 7503 MiB, 49140 MiB, 289.45 W, 300.00 W, 74, 1800 MHz
2026/09/23 12:07:46.858, 0, 95 %, 85 %, 7503 MiB, 49140 MiB, 290.68 W, 300.00 W, 72, 1680 MHz
2026/09/23 12:07:47.859, 0, 98 %, 82 %, 7503 MiB, 49140 MiB, 291.62 W, 300.00 W, 72, 1590 MHz
2026/09/23 12:07:48.859, 0, 97 %, 87 %, 7503 MiB, 49140 MiB, 292.59 W, 300.00 W, 74, 1890 MHz
2026/09/23 12:07:49.860, 0, 96 %, 86 %, 7503 MiB, 49140 MiB, 290.42 W, 300.00 W, 73, 1875 MHz
2026/09/23 12:07:50.862, 0, 98 %, 87 %, 7503 MiB, 49140 MiB, 288.81 W, 300.00 W, 73, 1530 MHz
2026/09/23 12:07:51.862, 0, 93 %, 69 %, 7503 MiB, 49140 MiB, 292.51 W, 300.00 W, 73, 1695 MHz
2026/09/23 12:07:52.863, 0, 9 %, 0 %, 7503 MiB, 49140 MiB, 272.47 W, 300.00 W, 69, 2730 MHz
2026/09/23 12:07:53.863, 0, 0 %, 0 %, 7503 MiB, 49140 MiB, 87.53 W, 300.00 W, 67, 2745 MHz
2026/09/23 12:07:54.866, 0, 96 %, 87 %, 7503 MiB, 49140 MiB, 170.71 W, 300.00 W, 72, 1845 MHz
2026/09/23 12:07:55.867, 0, 98 %, 84 %, 7503 MiB, 49140 MiB, 291.36 W, 300.00 W, 71, 1680 MHz
2026/09/23 12:07:56.868, 0, 98 %, 87 %, 7503 MiB, 49140 MiB, 292.05 W, 300.00 W, 74, 1890 MHz
2026/09/23 12:07:57.869, 0, 94 %, 84 %, 7503 MiB, 49140 MiB, 291.65 W, 300.00 W, 72, 1965 MHz
2026/09/23 12:07:58.870, 0, 96 %, 83 %, 7503 MiB, 49140 MiB, 290.57 W, 300.00 W, 71, 1680 MHz
2026/09/23 12:07:59.871, 0, 98 %, 89 %, 7503 MiB, 49140 MiB, 290.86 W, 300.00 W, 73, 1845 MHz
2026/09/23 12:08:00.872, 0, 96 %, 85 %, 7503 MiB, 49140 MiB, 293.02 W, 300.00 W, 72, 1920 MHz
2026/09/23 12:08:01.873, 0, 98 %, 86 %, 7503 MiB, 49140 MiB, 289.82 W, 300.00 W, 72, 1575 MHz
2026/09/23 12:08:02.873, 0, 98 %, 87 %, 7503 MiB, 49140 MiB, 290.40 W, 300.00 W, 73, 1980 MHz
2026/09/23 12:08:03.875, 0, 98 %, 89 %, 7503 MiB, 49140 MiB, 292.32 W, 300.00 W, 73, 2040 MHz
2026/09/23 12:08:04.875, 0, 96 %, 87 %, 7503 MiB, 49140 MiB, 289.46 W, 300.00 W, 73, 1590 MHz
2026/09/23 12:08:05.876, 0, 98 %, 85 %, 7503 MiB, 49140 MiB, 290.30 W, 300.00 W, 72, 1695 MHz
2026/09/23 12:08:06.877, 0, 98 %, 87 %, 7503 MiB, 49140 MiB, 292.06 W, 300.00 W, 72, 1845 MHz
2026/09/23 12:08:07.878, 0, 97 %, 88 %, 7503 MiB, 49140 MiB, 291.29 W, 300.00 W, 73, 1635 MHz
2026/09/23 12:08:08.879, 0, 91 %, 81 %, 7503 MiB, 49140 MiB, 290.42 W, 300.00 W, 72, 1950 MHz
2026/09/23 12:08:09.880, 0, 97 %, 82 %, 7503 MiB, 49140 MiB, 291.44 W, 300.00 W, 71, 1620 MHz
2026/09/23 12:08:10.880, 0, 97 %, 87 %, 7503 MiB, 49140 MiB, 291.99 W, 300.00 W, 74, 1845 MHz
2026/09/23 12:08:11.881, 0, 96 %, 85 %, 7503 MiB, 49140 MiB, 292.22 W, 300.00 W, 73, 1665 MHz
2026/09/23 12:08:12.882, 0, 98 %, 82 %, 7503 MiB, 49140 MiB, 292.08 W, 300.00 W, 72, 1680 MHz
2026/09/23 12:08:13.883, 0, 98 %, 88 %, 7503 MiB, 49140 MiB, 290.71 W, 300.00 W, 74, 1875 MHz
2026/09/23 12:08:14.884, 0, 98 %, 89 %, 7503 MiB, 49140 MiB, 291.24 W, 300.00 W, 73, 2010 MHz
2026/09/23 12:08:15.885, 0, 98 %, 86 %, 7503 MiB, 49140 MiB, 292.00 W, 300.00 W, 72, 1605 MHz
2026/09/23 12:08:16.886, 0, 97 %, 88 %, 7503 MiB, 49140 MiB, 291.49 W, 300.00 W, 73, 1950 MHz
2026/09/23 12:08:17.888, 0, 98 %, 88 %, 7503 MiB, 49140 MiB, 290.55 W, 300.00 W, 72, 1920 MHz
2026/09/23 12:08:18.888, 0, 94 %, 68 %, 7503 MiB, 49140 MiB, 295.19 W, 300.00 W, 74, 1575 MHz
2026/09/23 12:08:19.889, 0, 0 %, 0 %, 7503 MiB, 49140 MiB, 114.50 W, 300.00 W, 66, 2505 MHz
2026/09/23 12:08:20.890, 0, 96 %, 87 %, 7503 MiB, 49140 MiB, 125.72 W, 300.00 W, 71, 1950 MHz
2026/09/23 12:08:21.891, 0, 97 %, 83 %, 7503 MiB, 49140 MiB, 290.44 W, 300.00 W, 71, 1710 MHz
2026/09/23 12:08:22.892, 0, 98 %, 89 %, 7503 MiB, 49140 MiB, 288.61 W, 300.00 W, 73, 1845 MHz
2026/09/23 12:08:23.892, 0, 96 %, 85 %, 7503 MiB, 49140 MiB, 292.26 W, 300.00 W, 72, 1905 MHz
2026/09/23 12:08:24.894, 0, 98 %, 82 %, 7503 MiB, 49140 MiB, 291.04 W, 300.00 W, 71, 1665 MHz
2026/09/23 12:08:25.894, 0, 98 %, 88 %, 7503 MiB, 49140 MiB, 291.31 W, 300.00 W, 74, 1830 MHz
2026/09/23 12:08:26.895, 0, 95 %, 85 %, 7503 MiB, 49140 MiB, 290.80 W, 300.00 W, 72, 1680 MHz
2026/09/23 12:08:27.896, 0, 98 %, 86 %, 7503 MiB, 49140 MiB, 292.31 W, 300.00 W, 73, 1890 MHz
2026/09/23 12:08:28.897, 0, 98 %, 88 %, 7503 MiB, 49140 MiB, 290.92 W, 300.00 W, 73, 1530 MHz
2026/09/23 12:08:29.897, 0, 98 %, 84 %, 7503 MiB, 49140 MiB, 291.66 W, 300.00 W, 72, 1875 MHz
2026/09/23 12:08:30.898, 0, 97 %, 88 %, 7503 MiB, 49140 MiB, 293.34 W, 300.00 W, 73, 2040 MHz
2026/09/23 12:08:31.899, 0, 98 %, 88 %, 7503 MiB, 49140 MiB, 290.96 W, 300.00 W, 72, 1545 MHz
2026/09/23 12:08:32.900, 0, 97 %, 86 %, 7503 MiB, 49140 MiB, 292.30 W, 300.00 W, 73, 1710 MHz
2026/09/23 12:08:33.901, 0, 98 %, 89 %, 7503 MiB, 49140 MiB, 292.28 W, 300.00 W, 74, 1695 MHz
2026/09/23 12:08:34.902, 0, 97 %, 87 %, 7503 MiB, 49140 MiB, 291.34 W, 300.00 W, 73, 1590 MHz
2026/09/23 12:08:35.903, 0, 98 %, 84 %, 7503 MiB, 49140 MiB, 292.32 W, 300.00 W, 73, 1770 MHz
2026/09/23 12:08:36.904, 0, 98 %, 88 %, 7503 MiB, 49140 MiB, 293.70 W, 300.00 W, 74, 1755 MHz
2026/09/23 12:08:37.906, 0, 96 %, 87 %, 7503 MiB, 49140 MiB, 290.31 W, 300.00 W, 74, 1650 MHz
2026/09/23 12:08:38.907, 0, 96 %, 86 %, 7503 MiB, 49140 MiB, 291.21 W, 300.00 W, 72, 1860 MHz
2026/09/23 12:08:39.907, 0, 98 %, 82 %, 7503 MiB, 49140 MiB, 291.63 W, 300.00 W, 71, 2025 MHz
2026/09/23 12:08:40.908, 0, 97 %, 86 %, 7503 MiB, 49140 MiB, 291.94 W, 300.00 W, 74, 1530 MHz
2026/09/23 12:08:41.909, 0, 96 %, 86 %, 7503 MiB, 49140 MiB, 292.40 W, 300.00 W, 73, 1890 MHz
2026/09/23 12:08:42.910, 0, 98 %, 86 %, 7503 MiB, 49140 MiB, 291.30 W, 300.00 W, 72, 1890 MHz
2026/09/23 12:08:43.911, 0, 97 %, 86 %, 7503 MiB, 49140 MiB, 291.12 W, 300.00 W, 73, 1725 MHz
2026/09/23 12:08:44.912, 0, 96 %, 68 %, 7503 MiB, 49140 MiB, 298.68 W, 300.00 W, 74, 1500 MHz
2026/09/23 12:08:45.912, 0, 0 %, 0 %, 7503 MiB, 49140 MiB, 150.84 W, 300.00 W, 67, 2745 MHz
2026/09/23 12:08:46.913, 0, 0 %, 0 %, 7503 MiB, 49140 MiB, 86.88 W, 300.00 W, 66, 2505 MHz
2026/09/23 12:08:47.914, 0, 96 %, 86 %, 7503 MiB, 49140 MiB, 208.30 W, 300.00 W, 73, 1935 MHz
2026/09/23 12:08:48.915, 0, 96 %, 85 %, 7503 MiB, 49140 MiB, 289.15 W, 300.00 W, 72, 1830 MHz
2026/09/23 12:08:49.916, 0, 98 %, 85 %, 7503 MiB, 49140 MiB, 288.98 W, 300.00 W, 71, 2025 MHz
2026/09/23 12:08:50.917, 0, 96 %, 82 %, 7503 MiB, 49140 MiB, 288.26 W, 300.00 W, 72, 1890 MHz
2026/09/23 12:08:51.918, 0, 96 %, 85 %, 7503 MiB, 49140 MiB, 292.07 W, 300.00 W, 72, 1965 MHz
2026/09/23 12:08:52.920, 0, 97 %, 87 %, 7503 MiB, 49140 MiB, 288.49 W, 300.00 W, 74, 1605 MHz
2026/09/23 12:08:53.920, 0, 97 %, 86 %, 7503 MiB, 49140 MiB, 291.79 W, 300.00 W, 72, 1815 MHz
2026/09/23 12:08:54.921, 0, 98 %, 83 %, 7503 MiB, 49140 MiB, 290.24 W, 300.00 W, 71, 2040 MHz
2026/09/23 12:08:55.922, 0, 97 %, 87 %, 7503 MiB, 49140 MiB, 292.17 W, 300.00 W, 74, 1545 MHz
2026/09/23 12:08:56.923, 0, 97 %, 86 %, 7503 MiB, 49140 MiB, 291.97 W, 300.00 W, 72, 1905 MHz
2026/09/23 12:08:57.924, 0, 98 %, 83 %, 7503 MiB, 49140 MiB, 291.83 W, 300.00 W, 71, 2025 MHz
2026/09/23 12:08:58.925, 0, 97 %, 88 %, 7503 MiB, 49140 MiB, 291.69 W, 300.00 W, 73, 1590 MHz
2026/09/23 12:08:59.925, 0, 97 %, 85 %, 7503 MiB, 49140 MiB, 293.23 W, 300.00 W, 73, 1875 MHz
2026/09/23 12:09:00.926, 0, 98 %, 84 %, 7503 MiB, 49140 MiB, 291.54 W, 300.00 W, 72, 2070 MHz
2026/09/23 12:09:01.926, 0, 98 %, 89 %, 7503 MiB, 49140 MiB, 291.95 W, 300.00 W, 73, 1545 MHz
2026/09/23 12:09:02.927, 0, 97 %, 87 %, 7503 MiB, 49140 MiB, 293.30 W, 300.00 W, 73, 1740 MHz
2026/09/23 12:09:03.927, 0, 95 %, 85 %, 7503 MiB, 49140 MiB, 289.83 W, 300.00 W, 73, 1635 MHz
2026/09/23 12:09:04.929, 0, 96 %, 82 %, 7503 MiB, 49140 MiB, 290.27 W, 300.00 W, 73, 1875 MHz
2026/09/23 12:09:05.930, 0, 98 %, 87 %, 7503 MiB, 49140 MiB, 292.79 W, 300.00 W, 73, 1875 MHz
2026/09/23 12:09:06.930, 0, 97 %, 87 %, 7503 MiB, 49140 MiB, 289.41 W, 300.00 W, 74, 1560 MHz
2026/09/23 12:09:07.932, 0, 95 %, 84 %, 7503 MiB, 49140 MiB, 290.77 W, 300.00 W, 72, 1875 MHz
2026/09/23 12:09:08.933, 0, 95 %, 82 %, 7503 MiB, 49140 MiB, 290.64 W, 300.00 W, 72, 2070 MHz
2026/09/23 12:09:09.934, 0, 98 %, 88 %, 7503 MiB, 49140 MiB, 291.53 W, 300.00 W, 73, 1590 MHz
2026/09/23 12:09:10.935, 0, 93 %, 67 %, 7503 MiB, 49140 MiB, 295.05 W, 300.00 W, 73, 1650 MHz
2026/09/23 12:09:11.935, 0, 0 %, 0 %, 7503 MiB, 49140 MiB, 221.91 W, 300.00 W, 67, 2745 MHz
2026/09/23 12:09:12.936, 0, 0 %, 0 %, 7503 MiB, 49140 MiB, 87.83 W, 300.00 W, 67, 2745 MHz
2026/09/23 12:09:13.936, 0, 97 %, 85 %, 7503 MiB, 49140 MiB, 213.24 W, 300.00 W, 71, 1800 MHz
2026/09/23 12:09:14.937, 0, 98 %, 82 %, 7503 MiB, 49140 MiB, 290.63 W, 300.00 W, 70, 2025 MHz
2026/09/23 12:09:15.937, 0, 98 %, 88 %, 7503 MiB, 49140 MiB, 289.50 W, 300.00 W, 74, 1605 MHz
2026/09/23 12:09:16.939, 0, 95 %, 85 %, 7503 MiB, 49140 MiB, 291.21 W, 300.00 W, 72, 1830 MHz
2026/09/23 12:09:17.939, 0, 93 %, 81 %, 7503 MiB, 49140 MiB, 290.79 W, 300.00 W, 71, 2025 MHz
2026/09/23 12:09:18.940, 0, 98 %, 87 %, 7503 MiB, 49140 MiB, 286.91 W, 300.00 W, 74, 1545 MHz
2026/09/23 12:09:19.941, 0, 94 %, 84 %, 7503 MiB, 49140 MiB, 290.41 W, 300.00 W, 72, 1890 MHz
2026/09/23 12:09:20.941, 0, 98 %, 82 %, 7503 MiB, 49140 MiB, 290.73 W, 300.00 W, 71, 1725 MHz
2026/09/23 12:09:21.942, 0, 97 %, 87 %, 7503 MiB, 49140 MiB, 291.32 W, 300.00 W, 74, 1785 MHz
2026/09/23 12:09:22.943, 0, 95 %, 85 %, 7503 MiB, 49140 MiB, 291.38 W, 300.00 W, 72, 1710 MHz
2026/09/23 12:09:23.944, 0, 96 %, 81 %, 7503 MiB, 49140 MiB, 291.77 W, 300.00 W, 71, 1875 MHz
2026/09/23 12:09:24.944, 0, 98 %, 88 %, 7503 MiB, 49140 MiB, 290.78 W, 300.00 W, 74, 1995 MHz
2026/09/23 12:09:25.945, 0, 96 %, 86 %, 7503 MiB, 49140 MiB, 291.41 W, 300.00 W, 72, 1590 MHz
2026/09/23 12:09:26.947, 0, 98 %, 87 %, 7503 MiB, 49140 MiB, 292.93 W, 300.00 W, 73, 1965 MHz
2026/09/23 12:09:27.948, 0, 98 %, 88 %, 7503 MiB, 49140 MiB, 291.03 W, 300.00 W, 73, 2040 MHz
2026/09/23 12:09:28.949, 0, 99 %, 85 %, 7503 MiB, 49140 MiB, 290.95 W, 300.00 W, 73, 1560 MHz
2026/09/23 12:09:29.950, 0, 97 %, 82 %, 7503 MiB, 49140 MiB, 290.50 W, 300.00 W, 71, 1770 MHz
2026/09/23 12:09:30.951, 0, 98 %, 88 %, 7503 MiB, 49140 MiB, 291.54 W, 300.00 W, 74, 1890 MHz
2026/09/23 12:09:31.951, 0, 93 %, 83 %, 7503 MiB, 49140 MiB, 291.47 W, 300.00 W, 72, 1740 MHz
2026/09/23 12:09:32.952, 0, 97 %, 83 %, 7503 MiB, 49140 MiB, 292.46 W, 300.00 W, 71, 1860 MHz
2026/09/23 12:09:33.953, 0, 98 %, 87 %, 7503 MiB, 49140 MiB, 290.62 W, 300.00 W, 74, 1875 MHz
2026/09/23 12:09:34.954, 0, 97 %, 85 %, 7503 MiB, 49140 MiB, 291.88 W, 300.00 W, 73, 1890 MHz
2026/09/23 12:09:35.954, 0, 98 %, 85 %, 7503 MiB, 49140 MiB, 290.39 W, 300.00 W, 73, 1800 MHz
2026/09/23 12:09:36.955, 0, 94 %, 69 %, 7503 MiB, 49140 MiB, 293.18 W, 300.00 W, 75, 1935 MHz
2026/09/23 12:09:37.956, 0, 9 %, 0 %, 7503 MiB, 49140 MiB, 253.97 W, 300.00 W, 68, 2730 MHz
2026/09/23 12:09:38.956, 0, 0 %, 0 %, 7503 MiB, 49140 MiB, 87.71 W, 300.00 W, 67, 2730 MHz
2026/09/23 12:09:39.956, 0, 96 %, 89 %, 7503 MiB, 49140 MiB, 169.57 W, 300.00 W, 72, 2145 MHz
2026/09/23 12:09:40.957, 0, 97 %, 87 %, 7503 MiB, 49140 MiB, 290.09 W, 300.00 W, 72, 1995 MHz
2026/09/23 12:09:41.958, 0, 96 %, 83 %, 7503 MiB, 49140 MiB, 289.88 W, 300.00 W, 72, 1650 MHz
2026/09/23 12:09:42.960, 0, 98 %, 89 %, 7503 MiB, 49140 MiB, 291.74 W, 300.00 W, 73, 1785 MHz
2026/09/23 12:09:43.960, 0, 98 %, 88 %, 7503 MiB, 49140 MiB, 290.08 W, 300.00 W, 72, 2025 MHz
2026/09/23 12:09:44.961, 0, 98 %, 86 %, 7503 MiB, 49140 MiB, 292.02 W, 300.00 W, 73, 1665 MHz
2026/09/23 12:09:45.963, 0, 98 %, 89 %, 7503 MiB, 49140 MiB, 292.27 W, 300.00 W, 73, 1875 MHz
2026/09/23 12:09:46.963, 0, 97 %, 86 %, 7503 MiB, 49140 MiB, 291.02 W, 300.00 W, 72, 1905 MHz
2026/09/23 12:09:47.967, 0, 94 %, 83 %, 7503 MiB, 49140 MiB, 290.27 W, 300.00 W, 72, 1695 MHz
2026/09/23 12:09:48.968, 0, 97 %, 89 %, 7503 MiB, 49140 MiB, 292.43 W, 300.00 W, 73, 1815 MHz
2026/09/23 12:09:49.968, 0, 95 %, 85 %, 7503 MiB, 49140 MiB, 290.48 W, 300.00 W, 73, 1920 MHz
2026/09/23 12:09:50.969, 0, 98 %, 87 %, 7503 MiB, 49140 MiB, 290.88 W, 300.00 W, 73, 1695 MHz
2026/09/23 12:09:51.970, 0, 97 %, 88 %, 7503 MiB, 49140 MiB, 293.05 W, 300.00 W, 73, 1830 MHz
2026/09/23 12:09:52.971, 0, 98 %, 86 %, 7503 MiB, 49140 MiB, 290.59 W, 300.00 W, 73, 1980 MHz
2026/09/23 12:09:53.973, 0, 97 %, 83 %, 7503 MiB, 49140 MiB, 290.64 W, 300.00 W, 73, 1620 MHz
2026/09/23 12:09:54.974, 0, 98 %, 89 %, 7503 MiB, 49140 MiB, 293.23 W, 300.00 W, 73, 1845 MHz
2026/09/23 12:09:55.975, 0, 98 %, 87 %, 7503 MiB, 49140 MiB, 291.82 W, 300.00 W, 73, 1845 MHz
2026/09/23 12:09:56.976, 0, 97 %, 87 %, 7503 MiB, 49140 MiB, 291.58 W, 300.00 W, 73, 1680 MHz
2026/09/23 12:09:57.976, 0, 97 %, 87 %, 7503 MiB, 49140 MiB, 293.17 W, 300.00 W, 73, 1830 MHz
2026/09/23 12:09:58.977, 0, 97 %, 85 %, 7503 MiB, 49140 MiB, 291.50 W, 300.00 W, 72, 1695 MHz
2026/09/23 12:09:59.978, 0, 97 %, 88 %, 7503 MiB, 49140 MiB, 291.91 W, 300.00 W, 74, 1650 MHz
2026/09/23 12:10:00.979, 0, 94 %, 84 %, 7503 MiB, 49140 MiB, 292.48 W, 300.00 W, 73, 1800 MHz
2026/09/23 12:10:01.980, 0, 98 %, 86 %, 7503 MiB, 49140 MiB, 289.55 W, 300.00 W, 73, 2070 MHz
2026/09/23 12:10:02.983, 0, 94 %, 84 %, 7503 MiB, 49140 MiB, 291.39 W, 300.00 W, 75, 1905 MHz
2026/09/23 12:10:03.983, 0, 93 %, 67 %, 7503 MiB, 49140 MiB, 298.02 W, 300.00 W, 74, 2175 MHz
2026/09/23 12:10:04.984, 0, 98 %, 89 %, 7503 MiB, 49140 MiB, 145.78 W, 300.00 W, 72, 1980 MHz
2026/09/23 12:10:05.986, 0, 97 %, 87 %, 7503 MiB, 49140 MiB, 291.39 W, 300.00 W, 72, 2115 MHz
2026/09/23 12:10:06.986, 0, 98 %, 84 %, 7503 MiB, 49140 MiB, 289.94 W, 300.00 W, 73, 1605 MHz
2026/09/23 12:10:07.987, 0, 98 %, 88 %, 7503 MiB, 49140 MiB, 291.91 W, 300.00 W, 73, 1965 MHz
2026/09/23 12:10:08.988, 0, 98 %, 89 %, 7503 MiB, 49140 MiB, 291.28 W, 300.00 W, 73, 1980 MHz
2026/09/23 12:10:09.989, 0, 98 %, 87 %, 7503 MiB, 49140 MiB, 292.73 W, 300.00 W, 73, 1710 MHz
2026/09/23 12:10:10.991, 0, 97 %, 87 %, 7503 MiB, 49140 MiB, 292.98 W, 300.00 W, 73, 1560 MHz
2026/09/23 12:10:11.992, 0, 97 %, 85 %, 7503 MiB, 49140 MiB, 290.25 W, 300.00 W, 72, 1920 MHz
2026/09/23 12:10:12.993, 0, 98 %, 89 %, 7503 MiB, 49140 MiB, 292.34 W, 300.00 W, 74, 2010 MHz
2026/09/23 12:10:13.994, 0, 97 %, 87 %, 7503 MiB, 49140 MiB, 292.39 W, 300.00 W, 73, 1635 MHz
2026/09/23 12:10:14.994, 0, 98 %, 86 %, 7503 MiB, 49140 MiB, 291.12 W, 300.00 W, 73, 1950 MHz
2026/09/23 12:10:15.995, 0, 98 %, 87 %, 7503 MiB, 49140 MiB, 290.75 W, 300.00 W, 73, 2055 MHz
2026/09/23 12:10:16.996, 0, 98 %, 88 %, 7503 MiB, 49140 MiB, 293.20 W, 300.00 W, 73, 1530 MHz
2026/09/23 12:10:17.997, 0, 98 %, 86 %, 7503 MiB, 49140 MiB, 290.70 W, 300.00 W, 73, 1980 MHz
2026/09/23 12:10:18.998, 0, 98 %, 83 %, 7503 MiB, 49140 MiB, 290.17 W, 300.00 W, 73, 1950 MHz
2026/09/23 12:10:19.999, 0, 98 %, 89 %, 7503 MiB, 49140 MiB, 292.91 W, 300.00 W, 74, 1560 MHz
2026/09/23 12:10:20.999, 0, 98 %, 89 %, 7503 MiB, 49140 MiB, 291.84 W, 300.00 W, 73, 1860 MHz
2026/09/23 12:10:22.000, 0, 97 %, 85 %, 7503 MiB, 49140 MiB, 292.27 W, 300.00 W, 73, 2040 MHz
2026/09/23 12:10:23.001, 0, 98 %, 89 %, 7503 MiB, 49140 MiB, 293.05 W, 300.00 W, 73, 1590 MHz
2026/09/23 12:10:24.002, 0, 96 %, 86 %, 7503 MiB, 49140 MiB, 289.60 W, 300.00 W, 73, 1830 MHz
2026/09/23 12:10:25.003, 0, 98 %, 84 %, 7503 MiB, 49140 MiB, 291.24 W, 300.00 W, 73, 1890 MHz
2026/09/23 12:10:26.004, 0, 97 %, 86 %, 7503 MiB, 49140 MiB, 292.67 W, 300.00 W, 73, 1800 MHz
2026/09/23 12:10:27.004, 0, 98 %, 88 %, 7503 MiB, 49140 MiB, 291.19 W, 300.00 W, 74, 1710 MHz
2026/09/23 12:10:28.006, 0, 98 %, 84 %, 7503 MiB, 49140 MiB, 291.99 W, 300.00 W, 73, 1740 MHz
2026/09/23 12:10:29.007, 0, 92 %, 66 %, 7503 MiB, 49140 MiB, 295.91 W, 300.00 W, 74, 1605 MHz
2026/09/23 12:10:30.008, 0, 0 %, 0 %, 7503 MiB, 49140 MiB, 152.98 W, 300.00 W, 67, 2730 MHz
2026/09/23 12:10:31.008, 0, 98 %, 84 %, 7503 MiB, 49140 MiB, 264.83 W, 300.00 W, 72, 2025 MHz
2026/09/23 12:10:32.009, 0, 97 %, 86 %, 7503 MiB, 49140 MiB, 291.14 W, 300.00 W, 72, 1815 MHz
2026/09/23 12:10:33.010, 0, 98 %, 89 %, 7503 MiB, 49140 MiB, 290.98 W, 300.00 W, 74, 1680 MHz
2026/09/23 12:10:34.011, 0, 96 %, 84 %, 7503 MiB, 49140 MiB, 291.24 W, 300.00 W, 73, 1650 MHz
2026/09/23 12:10:35.012, 0, 97 %, 87 %, 7503 MiB, 49140 MiB, 293.49 W, 300.00 W, 73, 1755 MHz
2026/09/23 12:10:36.012, 0, 96 %, 86 %, 7503 MiB, 49140 MiB, 290.97 W, 300.00 W, 74, 1710 MHz
2026/09/23 12:10:37.013, 0, 97 %, 87 %, 7503 MiB, 49140 MiB, 292.60 W, 300.00 W, 73, 1920 MHz
2026/09/23 12:10:38.014, 0, 97 %, 86 %, 7503 MiB, 49140 MiB, 293.88 W, 300.00 W, 74, 1575 MHz
2026/09/23 12:10:39.015, 0, 97 %, 85 %, 7503 MiB, 49140 MiB, 290.86 W, 300.00 W, 73, 1845 MHz
2026/09/23 12:10:40.019, 0, 97 %, 86 %, 7503 MiB, 49140 MiB, 289.45 W, 300.00 W, 73, 1785 MHz
2026/09/23 12:10:41.019, 0, 97 %, 87 %, 7503 MiB, 49140 MiB, 293.18 W, 300.00 W, 73, 1680 MHz
2026/09/23 12:10:42.020, 0, 98 %, 86 %, 7503 MiB, 49140 MiB, 290.68 W, 300.00 W, 74, 1710 MHz
2026/09/23 12:10:43.021, 0, 97 %, 86 %, 7503 MiB, 49140 MiB, 289.19 W, 300.00 W, 73, 1680 MHz
2026/09/23 12:10:44.022, 0, 96 %, 84 %, 7503 MiB, 49140 MiB, 291.86 W, 300.00 W, 72, 1830 MHz
2026/09/23 12:10:45.022, 0, 98 %, 86 %, 7503 MiB, 49140 MiB, 290.96 W, 300.00 W, 74, 1980 MHz
2026/09/23 12:10:46.023, 0, 98 %, 86 %, 7503 MiB, 49140 MiB, 292.33 W, 300.00 W, 73, 1530 MHz
2026/09/23 12:10:47.024, 0, 97 %, 86 %, 7503 MiB, 49140 MiB, 289.75 W, 300.00 W, 74, 1740 MHz
2026/09/23 12:10:48.024, 0, 97 %, 84 %, 7503 MiB, 49140 MiB, 290.48 W, 300.00 W, 73, 1665 MHz
2026/09/23 12:10:49.025, 0, 97 %, 86 %, 7503 MiB, 49140 MiB, 293.03 W, 300.00 W, 73, 1860 MHz
2026/09/23 12:10:50.026, 0, 98 %, 87 %, 7503 MiB, 49140 MiB, 290.61 W, 300.00 W, 74, 1755 MHz
2026/09/23 12:10:51.027, 0, 97 %, 86 %, 7503 MiB, 49140 MiB, 291.43 W, 300.00 W, 73, 1650 MHz
2026/09/23 12:10:52.028, 0, 96 %, 85 %, 7503 MiB, 49140 MiB, 293.46 W, 300.00 W, 72, 1875 MHz
2026/09/23 12:10:53.029, 0, 96 %, 86 %, 7503 MiB, 49140 MiB, 290.78 W, 300.00 W, 75, 1980 MHz
2026/09/23 12:10:54.030, 0, 92 %, 68 %, 7503 MiB, 49140 MiB, 294.47 W, 300.00 W, 74, 1650 MHz
2026/09/23 12:10:55.031, 0, 0 %, 0 %, 7503 MiB, 49140 MiB, 217.20 W, 300.00 W, 67, 2505 MHz
2026/09/23 12:10:56.031, 0, 0 %, 0 %, 7503 MiB, 49140 MiB, 73.00 W, 300.00 W, 66, 2505 MHz
2026/09/23 12:10:57.032, 0, 98 %, 87 %, 7503 MiB, 49140 MiB, 203.79 W, 300.00 W, 70, 1935 MHz
2026/09/23 12:10:58.032, 0, 97 %, 87 %, 7503 MiB, 49140 MiB, 290.36 W, 300.00 W, 74, 1800 MHz
2026/09/23 12:10:59.033, 0, 97 %, 85 %, 7503 MiB, 49140 MiB, 291.00 W, 300.00 W, 72, 2025 MHz
2026/09/23 12:11:00.034, 0, 98 %, 87 %, 7503 MiB, 49140 MiB, 292.75 W, 300.00 W, 72, 1590 MHz
2026/09/23 12:11:01.035, 0, 96 %, 85 %, 7503 MiB, 49140 MiB, 291.14 W, 300.00 W, 73, 1785 MHz
2026/09/23 12:11:02.035, 0, 98 %, 85 %, 7503 MiB, 49140 MiB, 290.95 W, 300.00 W, 72, 1965 MHz
2026/09/23 12:11:03.037, 0, 97 %, 86 %, 7503 MiB, 49140 MiB, 292.22 W, 300.00 W, 72, 1590 MHz
2026/09/23 12:11:04.037, 0, 98 %, 87 %, 7503 MiB, 49140 MiB, 291.96 W, 300.00 W, 74, 1785 MHz
2026/09/23 12:11:05.038, 0, 98 %, 85 %, 7503 MiB, 49140 MiB, 291.43 W, 300.00 W, 73, 1965 MHz
2026/09/23 12:11:06.039, 0, 98 %, 87 %, 7503 MiB, 49140 MiB, 293.22 W, 300.00 W, 72, 1590 MHz
2026/09/23 12:11:07.040, 0, 98 %, 87 %, 7503 MiB, 49140 MiB, 292.17 W, 300.00 W, 74, 1845 MHz
2026/09/23 12:11:08.041, 0, 96 %, 84 %, 7503 MiB, 49140 MiB, 290.24 W, 300.00 W, 72, 2040 MHz
2026/09/23 12:11:09.044, 0, 97 %, 85 %, 7503 MiB, 49140 MiB, 291.65 W, 300.00 W, 71, 1545 MHz
2026/09/23 12:11:10.045, 0, 98 %, 87 %, 7503 MiB, 49140 MiB, 290.36 W, 300.00 W, 74, 1935 MHz
2026/09/23 12:11:11.046, 0, 98 %, 87 %, 7503 MiB, 49140 MiB, 290.95 W, 300.00 W, 72, 2055 MHz
2026/09/23 12:11:12.047, 0, 98 %, 87 %, 7503 MiB, 49140 MiB, 292.90 W, 300.00 W, 72, 1560 MHz
2026/09/23 12:11:13.047, 0, 97 %, 87 %, 7503 MiB, 49140 MiB, 290.92 W, 300.00 W, 75, 1905 MHz
2026/09/23 12:11:14.048, 0, 98 %, 88 %, 7503 MiB, 49140 MiB, 290.95 W, 300.00 W, 72, 2055 MHz
2026/09/23 12:11:15.049, 0, 98 %, 87 %, 7503 MiB, 49140 MiB, 292.89 W, 300.00 W, 72, 1560 MHz
2026/09/23 12:11:16.050, 0, 98 %, 87 %, 7503 MiB, 49140 MiB, 290.95 W, 300.00 W, 75, 1935 MHz
2026/09/23 12:11:17.051, 0, 96 %, 86 %, 7503 MiB, 49140 MiB, 290.10 W, 300.00 W, 72, 2085 MHz
2026/09/23 12:11:18.052, 0, 97 %, 85 %, 7503 MiB, 49140 MiB, 292.24 W, 300.00 W, 72, 1560 MHz
2026/09/23 12:11:19.055, 0, 98 %, 87 %, 7503 MiB, 49140 MiB, 290.86 W, 300.00 W, 74, 1860 MHz
2026/09/23 12:11:20.057, 0, 87 %, 65 %, 7503 MiB, 49140 MiB, 292.67 W, 300.00 W, 73, 1695 MHz
2026/09/23 12:11:21.058, 0, 9 %, 0 %, 7503 MiB, 49140 MiB, 250.59 W, 300.00 W, 68, 2505 MHz
2026/09/23 12:11:22.058, 0, 0 %, 0 %, 7503 MiB, 49140 MiB, 72.92 W, 300.00 W, 66, 2505 MHz
2026/09/23 12:11:23.059, 0, 97 %, 87 %, 7503 MiB, 49140 MiB, 168.62 W, 300.00 W, 72, 1695 MHz
2026/09/23 12:11:24.060, 0, 97 %, 85 %, 7503 MiB, 49140 MiB, 290.76 W, 300.00 W, 72, 1740 MHz
2026/09/23 12:11:25.061, 0, 97 %, 85 %, 7503 MiB, 49140 MiB, 290.58 W, 300.00 W, 72, 1650 MHz
2026/09/23 12:11:26.062, 0, 98 %, 87 %, 7503 MiB, 49140 MiB, 291.54 W, 300.00 W, 73, 1890 MHz
2026/09/23 12:11:27.063, 0, 97 %, 85 %, 7503 MiB, 49140 MiB, 291.06 W, 300.00 W, 72, 1950 MHz
2026/09/23 12:11:28.064, 0, 98 %, 85 %, 7503 MiB, 49140 MiB, 291.32 W, 300.00 W, 71, 1590 MHz
2026/09/23 12:11:29.064, 0, 98 %, 87 %, 7503 MiB, 49140 MiB, 291.11 W, 300.00 W, 74, 1875 MHz
2026/09/23 12:11:30.065, 0, 96 %, 86 %, 7503 MiB, 49140 MiB, 291.63 W, 300.00 W, 72, 2040 MHz
2026/09/23 12:11:31.067, 0, 97 %, 85 %, 7503 MiB, 49140 MiB, 291.67 W, 300.00 W, 71, 1575 MHz
2026/09/23 12:11:32.068, 0, 98 %, 87 %, 7503 MiB, 49140 MiB, 290.41 W, 300.00 W, 74, 1890 MHz
2026/09/23 12:11:33.069, 0, 97 %, 86 %, 7503 MiB, 49140 MiB, 291.76 W, 300.00 W, 72, 2055 MHz
2026/09/23 12:11:34.070, 0, 96 %, 85 %, 7503 MiB, 49140 MiB, 292.73 W, 300.00 W, 71, 1545 MHz
2026/09/23 12:11:35.071, 0, 98 %, 87 %, 7503 MiB, 49140 MiB, 291.10 W, 300.00 W, 74, 1920 MHz
2026/09/23 12:11:36.072, 0, 97 %, 85 %, 7503 MiB, 49140 MiB, 292.42 W, 300.00 W, 72, 1965 MHz
2026/09/23 12:11:37.075, 0, 98 %, 87 %, 7503 MiB, 49140 MiB, 293.41 W, 300.00 W, 72, 1605 MHz
2026/09/23 12:11:38.076, 0, 98 %, 87 %, 7503 MiB, 49140 MiB, 288.71 W, 300.00 W, 75, 1905 MHz
2026/09/23 12:11:39.077, 0, 97 %, 85 %, 7503 MiB, 49140 MiB, 290.92 W, 300.00 W, 73, 1980 MHz
2026/09/23 12:11:40.078, 0, 97 %, 85 %, 7503 MiB, 49140 MiB, 290.94 W, 300.00 W, 72, 1695 MHz
2026/09/23 12:11:41.081, 0, 98 %, 85 %, 7503 MiB, 49140 MiB, 292.29 W, 300.00 W, 74, 1830 MHz
2026/09/23 12:11:42.082, 0, 97 %, 86 %, 7503 MiB, 49140 MiB, 291.77 W, 300.00 W, 73, 1935 MHz
2026/09/23 12:11:43.084, 0, 97 %, 85 %, 7503 MiB, 49140 MiB, 291.64 W, 300.00 W, 72, 1530 MHz
2026/09/23 12:11:44.087, 0, 98 %, 86 %, 7503 MiB, 49140 MiB, 291.84 W, 300.00 W, 74, 1680 MHz
2026/09/23 12:11:45.088, 0, 97 %, 86 %, 7503 MiB, 49140 MiB, 293.03 W, 300.00 W, 73, 1845 MHz
2026/09/23 12:11:46.089, 0, 94 %, 73 %, 7503 MiB, 49140 MiB, 292.06 W, 300.00 W, 73, 1635 MHz
2026/09/23 12:11:47.090, 0, 96 %, 68 %, 7503 MiB, 49140 MiB, 299.15 W, 300.00 W, 74, 1320 MHz
2026/09/23 12:11:48.091, 0, 0 %, 0 %, 7503 MiB, 49140 MiB, 94.37 W, 300.00 W, 66, 2505 MHz
2026/09/23 12:11:49.091, 0, 97 %, 87 %, 7503 MiB, 49140 MiB, 152.53 W, 300.00 W, 73, 1605 MHz
2026/09/23 12:11:50.093, 0, 98 %, 86 %, 7503 MiB, 49140 MiB, 289.92 W, 300.00 W, 72, 1830 MHz
2026/09/23 12:11:51.094, 0, 97 %, 86 %, 7503 MiB, 49140 MiB, 292.33 W, 300.00 W, 71, 1980 MHz
2026/09/23 12:11:52.095, 0, 94 %, 83 %, 7503 MiB, 49140 MiB, 287.85 W, 300.00 W, 74, 1920 MHz
2026/09/23 12:11:53.096, 0, 97 %, 86 %, 7503 MiB, 49140 MiB, 291.28 W, 300.00 W, 72, 1950 MHz
2026/09/23 12:11:54.097, 0, 97 %, 86 %, 7503 MiB, 49140 MiB, 290.34 W, 300.00 W, 72, 1695 MHz
2026/09/23 12:11:55.097, 0, 94 %, 84 %, 7503 MiB, 49140 MiB, 291.22 W, 300.00 W, 73, 1860 MHz
2026/09/23 12:11:56.098, 0, 95 %, 84 %, 7503 MiB, 49140 MiB, 291.04 W, 300.00 W, 73, 1920 MHz
2026/09/23 12:11:57.099, 0, 93 %, 82 %, 7503 MiB, 49140 MiB, 288.83 W, 300.00 W, 73, 1545 MHz
2026/09/23 12:11:58.100, 0, 96 %, 85 %, 7503 MiB, 49140 MiB, 289.70 W, 300.00 W, 72, 1950 MHz
2026/09/23 12:11:59.101, 0, 97 %, 86 %, 7503 MiB, 49140 MiB, 291.80 W, 300.00 W, 73, 1950 MHz
2026/09/23 12:12:00.103, 0, 98 %, 87 %, 7503 MiB, 49140 MiB, 291.37 W, 300.00 W, 73, 1560 MHz
2026/09/23 12:12:01.104, 0, 97 %, 86 %, 7503 MiB, 49140 MiB, 290.35 W, 300.00 W, 72, 1695 MHz
2026/09/23 12:12:02.105, 0, 97 %, 85 %, 7503 MiB, 49140 MiB, 291.99 W, 300.00 W, 72, 1680 MHz
2026/09/23 12:12:03.106, 0, 97 %, 85 %, 7503 MiB, 49140 MiB, 290.91 W, 300.00 W, 75, 1890 MHz
2026/09/23 12:12:04.106, 0, 97 %, 86 %, 7503 MiB, 49140 MiB, 291.97 W, 300.00 W, 73, 1935 MHz
2026/09/23 12:12:05.107, 0, 97 %, 86 %, 7503 MiB, 49140 MiB, 291.17 W, 300.00 W, 72, 1680 MHz
2026/09/23 12:12:06.108, 0, 98 %, 86 %, 7503 MiB, 49140 MiB, 292.43 W, 300.00 W, 74, 1860 MHz
2026/09/23 12:12:07.110, 0, 87 %, 78 %, 7503 MiB, 49140 MiB, 289.93 W, 300.00 W, 73, 2100 MHz
2026/09/23 12:12:08.111, 0, 97 %, 86 %, 7503 MiB, 49140 MiB, 288.97 W, 300.00 W, 73, 1590 MHz
2026/09/23 12:12:09.111, 0, 95 %, 84 %, 7503 MiB, 49140 MiB, 289.51 W, 300.00 W, 73, 1755 MHz
2026/09/23 12:12:10.112, 0, 98 %, 85 %, 7503 MiB, 49140 MiB, 291.65 W, 300.00 W, 72, 1680 MHz
2026/09/23 12:12:11.113, 0, 97 %, 86 %, 7503 MiB, 49140 MiB, 292.38 W, 300.00 W, 75, 1815 MHz
2026/09/23 12:12:12.113, 0, 97 %, 86 %, 7503 MiB, 49140 MiB, 291.34 W, 300.00 W, 73, 1665 MHz
2026/09/23 12:12:13.114, 0, 97 %, 68 %, 7503 MiB, 49140 MiB, 295.36 W, 300.00 W, 73, 1635 MHz
2026/09/23 12:12:14.115, 0, 0 %, 0 %, 7503 MiB, 49140 MiB, 136.71 W, 300.00 W, 67, 2745 MHz
2026/09/23 12:12:15.115, 0, 96 %, 87 %, 7503 MiB, 49140 MiB, 113.75 W, 300.00 W, 71, 1605 MHz
2026/09/23 12:12:16.117, 0, 98 %, 87 %, 7503 MiB, 49140 MiB, 290.00 W, 300.00 W, 72, 1980 MHz
2026/09/23 12:12:17.118, 0, 98 %, 86 %, 7503 MiB, 49140 MiB, 292.99 W, 300.00 W, 72, 1995 MHz
2026/09/23 12:12:18.119, 0, 97 %, 85 %, 7503 MiB, 49140 MiB, 288.82 W, 300.00 W, 72, 1605 MHz
2026/09/23 12:12:19.119, 0, 97 %, 87 %, 7503 MiB, 49140 MiB, 291.36 W, 300.00 W, 73, 1800 MHz
2026/09/23 12:12:20.120, 0, 97 %, 86 %, 7503 MiB, 49140 MiB, 292.24 W, 300.00 W, 72, 2010 MHz
2026/09/23 12:12:21.121, 0, 98 %, 87 %, 7503 MiB, 49140 MiB, 290.79 W, 300.00 W, 72, 1605 MHz
2026/09/23 12:12:22.121, 0, 97 %, 87 %, 7503 MiB, 49140 MiB, 292.22 W, 300.00 W, 74, 1875 MHz
2026/09/23 12:12:23.122, 0, 97 %, 85 %, 7503 MiB, 49140 MiB, 292.01 W, 300.00 W, 72, 1950 MHz
2026/09/23 12:12:24.123, 0, 98 %, 86 %, 7503 MiB, 49140 MiB, 290.52 W, 300.00 W, 72, 1605 MHz
2026/09/23 12:12:25.124, 0, 96 %, 86 %, 7503 MiB, 49140 MiB, 291.82 W, 300.00 W, 73, 1830 MHz
2026/09/23 12:12:26.124, 0, 98 %, 85 %, 7503 MiB, 49140 MiB, 292.49 W, 300.00 W, 73, 1920 MHz
2026/09/23 12:12:27.125, 0, 97 %, 86 %, 7503 MiB, 49140 MiB, 290.90 W, 300.00 W, 72, 1650 MHz
2026/09/23 12:12:28.127, 0, 97 %, 87 %, 7503 MiB, 49140 MiB, 291.29 W, 300.00 W, 74, 1845 MHz
2026/09/23 12:12:29.128, 0, 98 %, 87 %, 7503 MiB, 49140 MiB, 292.83 W, 300.00 W, 73, 1845 MHz
2026/09/23 12:12:30.129, 0, 96 %, 85 %, 7503 MiB, 49140 MiB, 290.87 W, 300.00 W, 72, 1710 MHz
2026/09/23 12:12:31.130, 0, 97 %, 86 %, 7503 MiB, 49140 MiB, 292.76 W, 300.00 W, 75, 1830 MHz
2026/09/23 12:12:32.131, 0, 97 %, 85 %, 7503 MiB, 49140 MiB, 291.20 W, 300.00 W, 73, 1785 MHz
2026/09/23 12:12:33.132, 0, 96 %, 84 %, 7503 MiB, 49140 MiB, 291.70 W, 300.00 W, 72, 1650 MHz
2026/09/23 12:12:34.133, 0, 96 %, 85 %, 7503 MiB, 49140 MiB, 291.14 W, 300.00 W, 74, 1875 MHz
2026/09/23 12:12:35.134, 0, 96 %, 86 %, 7503 MiB, 49140 MiB, 291.46 W, 300.00 W, 73, 1680 MHz
2026/09/23 12:12:36.135, 0, 98 %, 85 %, 7503 MiB, 49140 MiB, 292.19 W, 300.00 W, 72, 1965 MHz
2026/09/23 12:12:37.136, 0, 98 %, 86 %, 7503 MiB, 49140 MiB, 291.45 W, 300.00 W, 75, 1605 MHz
2026/09/23 12:12:38.136, 0, 97 %, 87 %, 7503 MiB, 49140 MiB, 291.96 W, 300.00 W, 73, 1830 MHz
2026/09/23 12:12:39.139, 0, 94 %, 65 %, 7503 MiB, 49140 MiB, 295.12 W, 300.00 W, 73, 1755 MHz
2026/09/23 12:12:40.140, 0, 0 %, 0 %, 7503 MiB, 49140 MiB, 172.59 W, 300.00 W, 67, 2730 MHz
2026/09/23 12:12:41.141, 0, 97 %, 85 %, 7503 MiB, 49140 MiB, 244.59 W, 300.00 W, 72, 1905 MHz
2026/09/23 12:12:42.142, 0, 97 %, 85 %, 7503 MiB, 49140 MiB, 291.51 W, 300.00 W, 72, 2055 MHz
2026/09/23 12:12:43.143, 0, 97 %, 86 %, 7503 MiB, 49140 MiB, 291.14 W, 300.00 W, 74, 1530 MHz
2026/09/23 12:12:44.145, 0, 97 %, 86 %, 7503 MiB, 49140 MiB, 292.35 W, 300.00 W, 73, 1890 MHz
2026/09/23 12:12:45.146, 0, 96 %, 84 %, 7503 MiB, 49140 MiB, 290.39 W, 300.00 W, 73, 1860 MHz
2026/09/23 12:12:46.146, 0, 98 %, 87 %, 7503 MiB, 49140 MiB, 291.48 W, 300.00 W, 73, 1620 MHz
2026/09/23 12:12:47.147, 0, 98 %, 87 %, 7503 MiB, 49140 MiB, 292.58 W, 300.00 W, 73, 1680 MHz
2026/09/23 12:12:48.150, 0, 95 %, 84 %, 7503 MiB, 49140 MiB, 289.55 W, 300.00 W, 74, 1650 MHz
2026/09/23 12:12:49.151, 0, 98 %, 86 %, 7503 MiB, 49140 MiB, 291.46 W, 300.00 W, 73, 1845 MHz
2026/09/23 12:12:50.152, 0, 97 %, 85 %, 7503 MiB, 49140 MiB, 292.48 W, 300.00 W, 72, 1980 MHz
2026/09/23 12:12:51.155, 0, 97 %, 87 %, 7503 MiB, 49140 MiB, 291.46 W, 300.00 W, 75, 1650 MHz
2026/09/23 12:12:52.156, 0, 97 %, 85 %, 7503 MiB, 49140 MiB, 291.48 W, 300.00 W, 73, 1905 MHz
2026/09/23 12:12:53.157, 0, 98 %, 85 %, 7503 MiB, 49140 MiB, 291.48 W, 300.00 W, 72, 2070 MHz
2026/09/23 12:12:54.158, 0, 97 %, 86 %, 7503 MiB, 49140 MiB, 291.60 W, 300.00 W, 74, 1575 MHz
2026/09/23 12:12:55.158, 0, 98 %, 87 %, 7503 MiB, 49140 MiB, 292.55 W, 300.00 W, 73, 1785 MHz
2026/09/23 12:12:56.160, 0, 98 %, 86 %, 7503 MiB, 49140 MiB, 290.68 W, 300.00 W, 73, 1860 MHz
2026/09/23 12:12:57.163, 0, 96 %, 84 %, 7503 MiB, 49140 MiB, 291.54 W, 300.00 W, 73, 1830 MHz
2026/09/23 12:12:58.164, 0, 97 %, 86 %, 7503 MiB, 49140 MiB, 293.18 W, 300.00 W, 73, 2070 MHz
2026/09/23 12:12:59.166, 0, 97 %, 87 %, 7503 MiB, 49140 MiB, 290.85 W, 300.00 W, 74, 1620 MHz
2026/09/23 12:13:00.167, 0, 97 %, 85 %, 7503 MiB, 49140 MiB, 291.69 W, 300.00 W, 73, 1950 MHz
2026/09/23 12:13:01.168, 0, 98 %, 86 %, 7503 MiB, 49140 MiB, 291.27 W, 300.00 W, 72, 2040 MHz
2026/09/23 12:13:02.169, 0, 96 %, 85 %, 7503 MiB, 49140 MiB, 291.08 W, 300.00 W, 73, 1755 MHz
2026/09/23 12:13:03.169, 0, 98 %, 87 %, 7503 MiB, 49140 MiB, 293.21 W, 300.00 W, 74, 1650 MHz
2026/09/23 12:13:04.171, 0, 93 %, 67 %, 7503 MiB, 49140 MiB, 293.36 W, 300.00 W, 75, 1635 MHz
2026/09/23 12:13:05.171, 0, 0 %, 0 %, 7503 MiB, 49140 MiB, 248.28 W, 300.00 W, 68, 2730 MHz
2026/09/23 12:13:06.172, 0, 100 %, 87 %, 7503 MiB, 49140 MiB, 174.30 W, 300.00 W, 73, 1725 MHz
2026/09/23 12:13:07.173, 0, 97 %, 86 %, 7503 MiB, 49140 MiB, 290.80 W, 300.00 W, 73, 1635 MHz
2026/09/23 12:13:08.174, 0, 98 %, 85 %, 7503 MiB, 49140 MiB, 290.94 W, 300.00 W, 73, 1845 MHz
2026/09/23 12:13:09.175, 0, 98 %, 86 %, 7503 MiB, 49140 MiB, 292.91 W, 300.00 W, 73, 1830 MHz
2026/09/23 12:13:10.176, 0, 97 %, 87 %, 7503 MiB, 49140 MiB, 291.10 W, 300.00 W, 74, 1635 MHz
2026/09/23 12:13:11.178, 0, 96 %, 85 %, 7503 MiB, 49140 MiB, 291.74 W, 300.00 W, 73, 1815 MHz
2026/09/23 12:13:12.178, 0, 98 %, 85 %, 7503 MiB, 49140 MiB, 292.24 W, 300.00 W, 72, 1995 MHz
2026/09/23 12:13:13.180, 0, 97 %, 86 %, 7503 MiB, 49140 MiB, 291.50 W, 300.00 W, 74, 1530 MHz
2026/09/23 12:13:14.182, 0, 98 %, 87 %, 7503 MiB, 49140 MiB, 289.71 W, 300.00 W, 74, 1740 MHz
2026/09/23 12:13:15.182, 0, 98 %, 86 %, 7503 MiB, 49140 MiB, 291.85 W, 300.00 W, 74, 1575 MHz
2026/09/23 12:13:16.184, 0, 97 %, 86 %, 7503 MiB, 49140 MiB, 291.44 W, 300.00 W, 73, 1800 MHz
2026/09/23 12:13:17.185, 0, 97 %, 85 %, 7503 MiB, 49140 MiB, 292.11 W, 300.00 W, 71, 2025 MHz
2026/09/23 12:13:18.189, 0, 98 %, 85 %, 7503 MiB, 49140 MiB, 291.85 W, 300.00 W, 75, 1515 MHz
2026/09/23 12:13:19.190, 0, 96 %, 85 %, 7503 MiB, 49140 MiB, 292.61 W, 300.00 W, 73, 1875 MHz
2026/09/23 12:13:20.192, 0, 97 %, 86 %, 7503 MiB, 49140 MiB, 290.54 W, 300.00 W, 73, 1935 MHz
2026/09/23 12:13:21.194, 0, 98 %, 87 %, 7503 MiB, 49140 MiB, 292.26 W, 300.00 W, 74, 1605 MHz
2026/09/23 12:13:22.195, 0, 98 %, 87 %, 7503 MiB, 49140 MiB, 293.16 W, 300.00 W, 74, 1620 MHz
2026/09/23 12:13:23.196, 0, 97 %, 86 %, 7503 MiB, 49140 MiB, 290.40 W, 300.00 W, 74, 1635 MHz
2026/09/23 12:13:24.197, 0, 97 %, 87 %, 7503 MiB, 49140 MiB, 292.49 W, 300.00 W, 73, 1785 MHz
2026/09/23 12:13:25.197, 0, 97 %, 84 %, 7503 MiB, 49140 MiB, 292.81 W, 300.00 W, 72, 1695 MHz
2026/09/23 12:13:26.198, 0, 97 %, 86 %, 7503 MiB, 49140 MiB, 291.93 W, 300.00 W, 74, 1620 MHz
2026/09/23 12:13:27.198, 0, 97 %, 86 %, 7503 MiB, 49140 MiB, 293.23 W, 300.00 W, 73, 1815 MHz
2026/09/23 12:13:28.199, 0, 98 %, 88 %, 7503 MiB, 49140 MiB, 290.80 W, 300.00 W, 74, 2010 MHz
2026/09/23 12:13:29.201, 0, 97 %, 86 %, 7503 MiB, 49140 MiB, 292.31 W, 300.00 W, 73, 1530 MHz
2026/09/23 12:13:30.202, 0, 93 %, 66 %, 7503 MiB, 49140 MiB, 296.51 W, 300.00 W, 74, 1560 MHz
2026/09/23 12:13:31.203, 0, 37 %, 34 %, 7503 MiB, 49140 MiB, 144.50 W, 300.00 W, 73, 2445 MHz
2026/09/23 12:13:32.204, 0, 95 %, 83 %, 7503 MiB, 49140 MiB, 280.37 W, 300.00 W, 73, 1545 MHz
2026/09/23 12:13:33.205, 0, 98 %, 85 %, 7503 MiB, 49140 MiB, 292.61 W, 300.00 W, 72, 1890 MHz
2026/09/23 12:13:34.207, 0, 98 %, 86 %, 7503 MiB, 49140 MiB, 291.44 W, 300.00 W, 74, 1860 MHz
2026/09/23 12:13:35.208, 0, 96 %, 84 %, 7503 MiB, 49140 MiB, 292.07 W, 300.00 W, 73, 1800 MHz
2026/09/23 12:13:36.208, 0, 97 %, 86 %, 7503 MiB, 49140 MiB, 291.58 W, 300.00 W, 72, 1995 MHz
2026/09/23 12:13:37.209, 0, 96 %, 85 %, 7503 MiB, 49140 MiB, 290.65 W, 300.00 W, 73, 1635 MHz
2026/09/23 12:13:38.211, 0, 97 %, 86 %, 7503 MiB, 49140 MiB, 292.61 W, 300.00 W, 74, 1950 MHz
2026/09/23 12:13:39.213, 0, 97 %, 86 %, 7503 MiB, 49140 MiB, 290.98 W, 300.00 W, 74, 1995 MHz
2026/09/23 12:13:40.214, 0, 97 %, 85 %, 7503 MiB, 49140 MiB, 292.39 W, 300.00 W, 73, 1560 MHz
2026/09/23 12:13:41.214, 0, 96 %, 85 %, 7503 MiB, 49140 MiB, 291.22 W, 300.00 W, 72, 1635 MHz
2026/09/23 12:13:42.215, 0, 97 %, 87 %, 7503 MiB, 49140 MiB, 292.84 W, 300.00 W, 74, 1635 MHz
2026/09/23 12:13:43.217, 0, 98 %, 86 %, 7503 MiB, 49140 MiB, 291.46 W, 300.00 W, 74, 1845 MHz
2026/09/23 12:13:44.217, 0, 97 %, 87 %, 7503 MiB, 49140 MiB, 291.06 W, 300.00 W, 74, 2010 MHz
2026/09/23 12:13:45.218, 0, 96 %, 85 %, 7503 MiB, 49140 MiB, 292.26 W, 300.00 W, 73, 1530 MHz
2026/09/23 12:13:46.219, 0, 97 %, 85 %, 7503 MiB, 49140 MiB, 290.82 W, 300.00 W, 72, 1680 MHz
2026/09/23 12:13:47.220, 0, 97 %, 87 %, 7503 MiB, 49140 MiB, 292.53 W, 300.00 W, 73, 1620 MHz
2026/09/23 12:13:48.223, 0, 98 %, 87 %, 7503 MiB, 49140 MiB, 293.55 W, 300.00 W, 74, 1785 MHz
2026/09/23 12:13:49.224, 0, 98 %, 87 %, 7503 MiB, 49140 MiB, 290.61 W, 300.00 W, 74, 2040 MHz
2026/09/23 12:13:50.225, 0, 98 %, 88 %, 7503 MiB, 49140 MiB, 291.84 W, 300.00 W, 73, 1575 MHz
2026/09/23 12:13:51.226, 0, 97 %, 85 %, 7503 MiB, 49140 MiB, 292.60 W, 300.00 W, 72, 1770 MHz
2026/09/23 12:13:52.226, 0, 98 %, 86 %, 7503 MiB, 49140 MiB, 292.12 W, 300.00 W, 75, 1680 MHz
2026/09/23 12:13:53.227, 0, 97 %, 86 %, 7503 MiB, 49140 MiB, 292.30 W, 300.00 W, 74, 1860 MHz
2026/09/23 12:13:54.227, 0, 97 %, 85 %, 7503 MiB, 49140 MiB, 291.24 W, 300.00 W, 73, 1815 MHz
2026/09/23 12:13:55.231, 0, 89 %, 63 %, 7503 MiB, 49140 MiB, 293.51 W, 300.00 W, 74, 1665 MHz
2026/09/23 12:13:56.232, 0, 0 %, 0 %, 7503 MiB, 49140 MiB, 217.74 W, 300.00 W, 68, 2730 MHz
2026/09/23 12:13:57.232, 0, 97 %, 86 %, 7503 MiB, 49140 MiB, 201.13 W, 300.00 W, 73, 1965 MHz
2026/09/23 12:13:58.233, 0, 97 %, 85 %, 7503 MiB, 49140 MiB, 291.24 W, 300.00 W, 73, 1560 MHz
2026/09/23 12:13:59.234, 0, 98 %, 86 %, 7503 MiB, 49140 MiB, 293.43 W, 300.00 W, 73, 1890 MHz
2026/09/23 12:14:00.234, 0, 97 %, 86 %, 7503 MiB, 49140 MiB, 289.39 W, 300.00 W, 75, 1965 MHz
2026/09/23 12:14:01.235, 0, 97 %, 86 %, 7503 MiB, 49140 MiB, 291.90 W, 300.00 W, 73, 1740 MHz
2026/09/23 12:14:02.236, 0, 97 %, 86 %, 7503 MiB, 49140 MiB, 291.27 W, 300.00 W, 72, 1665 MHz
2026/09/23 12:14:03.238, 0, 98 %, 88 %, 7503 MiB, 49140 MiB, 292.12 W, 300.00 W, 74, 1620 MHz
2026/09/23 12:14:04.238, 0, 98 %, 86 %, 7503 MiB, 49140 MiB, 293.95 W, 300.00 W, 73, 1830 MHz
2026/09/23 12:14:05.240, 0, 98 %, 86 %, 7503 MiB, 49140 MiB, 291.36 W, 300.00 W, 73, 1890 MHz
2026/09/23 12:14:06.240, 0, 97 %, 86 %, 7503 MiB, 49140 MiB, 292.50 W, 300.00 W, 73, 1665 MHz
2026/09/23 12:14:07.241, 0, 98 %, 86 %, 7503 MiB, 49140 MiB, 294.23 W, 300.00 W, 73, 1860 MHz
2026/09/23 12:14:08.242, 0, 97 %, 85 %, 7503 MiB, 49140 MiB, 291.61 W, 300.00 W, 73, 1875 MHz
2026/09/23 12:14:09.243, 0, 97 %, 85 %, 7503 MiB, 49140 MiB, 292.30 W, 300.00 W, 73, 1605 MHz
2026/09/23 12:14:10.244, 0, 97 %, 86 %, 7503 MiB, 49140 MiB, 293.37 W, 300.00 W, 73, 1935 MHz
2026/09/23 12:14:11.245, 0, 97 %, 86 %, 7503 MiB, 49140 MiB, 291.26 W, 300.00 W, 74, 2010 MHz
2026/09/23 12:14:12.245, 0, 97 %, 85 %, 7503 MiB, 49140 MiB, 292.22 W, 300.00 W, 73, 1620 MHz
2026/09/23 12:14:13.246, 0, 98 %, 86 %, 7503 MiB, 49140 MiB, 291.48 W, 300.00 W, 72, 1680 MHz
2026/09/23 12:14:14.248, 0, 97 %, 87 %, 7503 MiB, 49140 MiB, 291.68 W, 300.00 W, 74, 2025 MHz
2026/09/23 12:14:15.249, 0, 98 %, 87 %, 7503 MiB, 49140 MiB, 293.65 W, 300.00 W, 74, 1545 MHz
2026/09/23 12:14:16.250, 0, 96 %, 85 %, 7503 MiB, 49140 MiB, 291.01 W, 300.00 W, 74, 1665 MHz
2026/09/23 12:14:17.250, 0, 98 %, 87 %, 7503 MiB, 49140 MiB, 291.92 W, 300.00 W, 73, 1620 MHz
2026/09/23 12:14:18.254, 0, 97 %, 84 %, 7503 MiB, 49140 MiB, 293.05 W, 300.00 W, 72, 1845 MHz
2026/09/23 12:14:19.254, 0, 97 %, 88 %, 7503 MiB, 49140 MiB, 291.62 W, 300.00 W, 74, 1980 MHz
2026/09/23 12:14:20.255, 0, 80 %, 64 %, 7503 MiB, 49140 MiB, 290.07 W, 300.00 W, 74, 1845 MHz
2026/09/23 12:14:21.256, 0, 87 %, 59 %, 7503 MiB, 49140 MiB, 295.55 W, 300.00 W, 70, 2700 MHz
2026/09/23 12:14:22.256, 0, 98 %, 87 %, 7503 MiB, 49140 MiB, 129.54 W, 300.00 W, 72, 1665 MHz
2026/09/23 12:14:23.257, 0, 97 %, 85 %, 7503 MiB, 49140 MiB, 290.53 W, 300.00 W, 71, 1785 MHz
2026/09/23 12:14:24.258, 0, 98 %, 87 %, 7503 MiB, 49140 MiB, 291.26 W, 300.00 W, 74, 1950 MHz
2026/09/23 12:14:25.259, 0, 97 %, 86 %, 7503 MiB, 49140 MiB, 292.70 W, 300.00 W, 73, 1590 MHz
2026/09/23 12:14:26.259, 0, 98 %, 86 %, 7503 MiB, 49140 MiB, 292.21 W, 300.00 W, 72, 1860 MHz
2026/09/23 12:14:27.260, 0, 98 %, 88 %, 7503 MiB, 49140 MiB, 291.98 W, 300.00 W, 73, 1995 MHz
2026/09/23 12:14:28.261, 0, 98 %, 87 %, 7503 MiB, 49140 MiB, 292.26 W, 300.00 W, 74, 1500 MHz
2026/09/23 12:14:29.262, 0, 97 %, 86 %, 7503 MiB, 49140 MiB, 290.12 W, 300.00 W, 74, 1725 MHz
2026/09/23 12:14:30.263, 0, 97 %, 85 %, 7503 MiB, 49140 MiB, 291.57 W, 300.00 W, 73, 1665 MHz
2026/09/23 12:14:31.264, 0, 97 %, 85 %, 7503 MiB, 49140 MiB, 292.27 W, 300.00 W, 72, 1800 MHz
2026/09/23 12:14:32.265, 0, 94 %, 84 %, 7503 MiB, 49140 MiB, 291.29 W, 300.00 W, 73, 2040 MHz
2026/09/23 12:14:33.265, 0, 98 %, 87 %, 7503 MiB, 49140 MiB, 293.96 W, 300.00 W, 74, 1560 MHz
2026/09/23 12:14:34.267, 0, 97 %, 86 %, 7503 MiB, 49140 MiB, 292.01 W, 300.00 W, 74, 1830 MHz
2026/09/23 12:14:35.267, 0, 96 %, 84 %, 7503 MiB, 49140 MiB, 291.98 W, 300.00 W, 73, 1845 MHz
2026/09/23 12:14:36.269, 0, 96 %, 85 %, 7503 MiB, 49140 MiB, 293.70 W, 300.00 W, 73, 1785 MHz
2026/09/23 12:14:37.270, 0, 98 %, 87 %, 7503 MiB, 49140 MiB, 291.45 W, 300.00 W, 75, 1650 MHz
2026/09/23 12:14:38.272, 0, 96 %, 85 %, 7503 MiB, 49140 MiB, 291.94 W, 300.00 W, 73, 1650 MHz
2026/09/23 12:14:39.273, 0, 98 %, 85 %, 7503 MiB, 49140 MiB, 293.07 W, 300.00 W, 72, 1800 MHz
2026/09/23 12:14:40.273, 0, 98 %, 88 %, 7503 MiB, 49140 MiB, 291.87 W, 300.00 W, 74, 1950 MHz
2026/09/23 12:14:41.274, 0, 97 %, 86 %, 7503 MiB, 49140 MiB, 293.09 W, 300.00 W, 73, 1545 MHz
2026/09/23 12:14:42.274, 0, 97 %, 86 %, 7503 MiB, 49140 MiB, 291.38 W, 300.00 W, 73, 1830 MHz
2026/09/23 12:14:43.275, 0, 97 %, 85 %, 7503 MiB, 49140 MiB, 291.30 W, 300.00 W, 73, 1815 MHz
2026/09/23 12:14:44.276, 0, 98 %, 86 %, 7503 MiB, 49140 MiB, 293.28 W, 300.00 W, 73, 1800 MHz
2026/09/23 12:14:45.277, 0, 98 %, 87 %, 7503 MiB, 49140 MiB, 292.43 W, 300.00 W, 74, 1665 MHz
2026/09/23 12:14:46.277, 0, 95 %, 70 %, 7503 MiB, 49140 MiB, 297.95 W, 300.00 W, 75, 1485 MHz
2026/09/23 12:14:47.279, 0, 0 %, 0 %, 7503 MiB, 49140 MiB, 157.00 W, 300.00 W, 67, 2505 MHz
2026/09/23 12:14:48.280, 0, 0 %, 0 %, 7503 MiB, 49140 MiB, 73.39 W, 300.00 W, 66, 2505 MHz
2026/09/23 12:14:49.281, 0, 97 %, 88 %, 7503 MiB, 49140 MiB, 198.67 W, 300.00 W, 73, 2010 MHz
2026/09/23 12:14:50.282, 0, 96 %, 86 %, 7503 MiB, 49140 MiB, 291.42 W, 300.00 W, 72, 1620 MHz
2026/09/23 12:14:51.282, 0, 98 %, 82 %, 7503 MiB, 49140 MiB, 290.81 W, 300.00 W, 72, 1890 MHz
2026/09/23 12:14:52.283, 0, 98 %, 87 %, 7503 MiB, 49140 MiB, 291.30 W, 300.00 W, 73, 1980 MHz
2026/09/23 12:14:53.284, 0, 95 %, 85 %, 7503 MiB, 49140 MiB, 291.51 W, 300.00 W, 72, 1545 MHz
2026/09/23 12:14:54.286, 0, 98 %, 84 %, 7503 MiB, 49140 MiB, 290.44 W, 300.00 W, 72, 1905 MHz
2026/09/23 12:14:55.287, 0, 98 %, 89 %, 7503 MiB, 49140 MiB, 292.09 W, 300.00 W, 73, 2040 MHz
2026/09/23 12:14:56.288, 0, 97 %, 86 %, 7503 MiB, 49140 MiB, 292.76 W, 300.00 W, 72, 1545 MHz
2026/09/23 12:14:57.288, 0, 98 %, 83 %, 7503 MiB, 49140 MiB, 291.61 W, 300.00 W, 72, 1965 MHz
2026/09/23 12:14:58.289, 0, 98 %, 87 %, 7503 MiB, 49140 MiB, 292.18 W, 300.00 W, 73, 1995 MHz
2026/09/23 12:14:59.291, 0, 97 %, 87 %, 7503 MiB, 49140 MiB, 291.70 W, 300.00 W, 73, 1530 MHz
2026/09/23 12:15:00.292, 0, 97 %, 85 %, 7503 MiB, 49140 MiB, 290.89 W, 300.00 W, 73, 1875 MHz
2026/09/23 12:15:01.293, 0, 98 %, 86 %, 7503 MiB, 49140 MiB, 290.91 W, 300.00 W, 72, 1845 MHz
2026/09/23 12:15:02.293, 0, 97 %, 89 %, 7503 MiB, 49140 MiB, 293.16 W, 300.00 W, 73, 1710 MHz
2026/09/23 12:15:03.295, 0, 97 %, 88 %, 7503 MiB, 49140 MiB, 289.23 W, 300.00 W, 75, 1935 MHz
2026/09/23 12:15:04.296, 0, 95 %, 84 %, 7503 MiB, 49140 MiB, 290.57 W, 300.00 W, 73, 1920 MHz
2026/09/23 12:15:05.297, 0, 97 %, 81 %, 7503 MiB, 49140 MiB, 291.73 W, 300.00 W, 72, 1575 MHz
2026/09/23 12:15:06.298, 0, 98 %, 88 %, 7503 MiB, 49140 MiB, 290.90 W, 300.00 W, 73, 1650 MHz
2026/09/23 12:15:07.299, 0, 98 %, 88 %, 7503 MiB, 49140 MiB, 292.37 W, 300.00 W, 74, 1620 MHz
2026/09/23 12:15:08.300, 0, 98 %, 87 %, 7503 MiB, 49140 MiB, 290.87 W, 300.00 W, 74, 1800 MHz
2026/09/23 12:15:09.301, 0, 97 %, 82 %, 7503 MiB, 49140 MiB, 291.36 W, 300.00 W, 73, 2010 MHz
2026/09/23 12:15:10.302, 0, 98 %, 84 %, 7503 MiB, 49140 MiB, 291.85 W, 300.00 W, 72, 1545 MHz
2026/09/23 12:15:11.304, 0, 98 %, 87 %, 7503 MiB, 49140 MiB, 291.41 W, 300.00 W, 74, 1875 MHz
2026/09/23 12:15:12.305, 0, 92 %, 67 %, 7503 MiB, 49140 MiB, 292.99 W, 300.00 W, 73, 1605 MHz
2026/09/23 12:15:13.305, 0, 2 %, 0 %, 7503 MiB, 49140 MiB, 237.69 W, 300.00 W, 68, 2505 MHz
2026/09/23 12:15:14.306, 0, 0 %, 0 %, 7503 MiB, 49140 MiB, 73.11 W, 300.00 W, 66, 2505 MHz
2026/09/23 12:15:15.307, 0, 92 %, 82 %, 7503 MiB, 49140 MiB, 192.21 W, 300.00 W, 72, 1905 MHz
2026/09/23 12:15:16.308, 0, 95 %, 83 %, 7503 MiB, 49140 MiB, 289.40 W, 300.00 W, 72, 2100 MHz
2026/09/23 12:15:17.310, 0, 97 %, 87 %, 7503 MiB, 49140 MiB, 290.71 W, 300.00 W, 71, 1575 MHz
2026/09/23 12:15:18.310, 0, 97 %, 88 %, 7503 MiB, 49140 MiB, 290.98 W, 300.00 W, 74, 1965 MHz
2026/09/23 12:15:19.312, 0, 96 %, 85 %, 7503 MiB, 49140 MiB, 290.98 W, 300.00 W, 72, 2055 MHz
2026/09/23 12:15:20.312, 0, 97 %, 81 %, 7503 MiB, 49140 MiB, 290.19 W, 300.00 W, 71, 1590 MHz
2026/09/23 12:15:21.317, 0, 98 %, 87 %, 7503 MiB, 49140 MiB, 291.32 W, 300.00 W, 73, 1695 MHz
2026/09/23 12:15:22.318, 0, 96 %, 86 %, 7503 MiB, 49140 MiB, 291.88 W, 300.00 W, 72, 1725 MHz
2026/09/23 12:15:23.319, 0, 97 %, 86 %, 7503 MiB, 49140 MiB, 289.68 W, 300.00 W, 73, 1905 MHz
2026/09/23 12:15:24.320, 0, 98 %, 88 %, 7503 MiB, 49140 MiB, 292.08 W, 300.00 W, 73, 1755 MHz
2026/09/23 12:15:25.321, 0, 96 %, 86 %, 7503 MiB, 49140 MiB, 293.92 W, 300.00 W, 74, 1635 MHz
2026/09/23 12:15:26.321, 0, 97 %, 86 %, 7503 MiB, 49140 MiB, 290.72 W, 300.00 W, 73, 1875 MHz
2026/09/23 12:15:27.322, 0, 97 %, 85 %, 7503 MiB, 49140 MiB, 291.44 W, 300.00 W, 72, 1905 MHz
2026/09/23 12:15:28.323, 0, 98 %, 89 %, 7503 MiB, 49140 MiB, 293.60 W, 300.00 W, 73, 1635 MHz
2026/09/23 12:15:29.324, 0, 97 %, 88 %, 7503 MiB, 49140 MiB, 291.01 W, 300.00 W, 74, 1770 MHz
2026/09/23 12:15:30.329, 0, 98 %, 84 %, 7503 MiB, 49140 MiB, 291.58 W, 300.00 W, 73, 1965 MHz
2026/09/23 12:15:31.330, 0, 97 %, 84 %, 7503 MiB, 49140 MiB, 292.63 W, 300.00 W, 71, 1545 MHz
2026/09/23 12:15:32.332, 0, 96 %, 86 %, 7503 MiB, 49140 MiB, 289.82 W, 300.00 W, 74, 1770 MHz
2026/09/23 12:15:33.332, 0, 96 %, 85 %, 7503 MiB, 49140 MiB, 292.53 W, 300.00 W, 73, 1845 MHz
2026/09/23 12:15:34.333, 0, 97 %, 85 %, 7503 MiB, 49140 MiB, 290.57 W, 300.00 W, 73, 1830 MHz
2026/09/23 12:15:35.334, 0, 90 %, 79 %, 7503 MiB, 49140 MiB, 289.40 W, 300.00 W, 73, 2235 MHz
2026/09/23 12:15:36.335, 0, 97 %, 87 %, 7503 MiB, 49140 MiB, 292.31 W, 300.00 W, 72, 1605 MHz
2026/09/23 12:15:37.336, 0, 98 %, 88 %, 7503 MiB, 49140 MiB, 291.80 W, 300.00 W, 74, 1905 MHz
2026/09/23 12:15:38.336, 0, 89 %, 66 %, 7503 MiB, 49140 MiB, 292.22 W, 300.00 W, 74, 1845 MHz
2026/09/23 12:15:39.337, 0, 59 %, 43 %, 7503 MiB, 49140 MiB, 291.55 W, 300.00 W, 74, 2490 MHz
2026/09/23 12:15:40.338, 0, 98 %, 90 %, 7503 MiB, 49140 MiB, 142.69 W, 300.00 W, 74, 2055 MHz
2026/09/23 12:15:41.338, 0, 95 %, 84 %, 7503 MiB, 49140 MiB, 290.69 W, 300.00 W, 72, 1905 MHz
2026/09/23 12:15:42.339, 0, 95 %, 84 %, 7503 MiB, 49140 MiB, 289.92 W, 300.00 W, 73, 1845 MHz
2026/09/23 12:15:43.340, 0, 98 %, 88 %, 7503 MiB, 49140 MiB, 292.10 W, 300.00 W, 73, 1650 MHz
2026/09/23 12:15:44.341, 0, 97 %, 86 %, 7503 MiB, 49140 MiB, 292.84 W, 300.00 W, 73, 1635 MHz
2026/09/23 12:15:45.342, 0, 96 %, 85 %, 7503 MiB, 49140 MiB, 290.03 W, 300.00 W, 73, 1815 MHz
2026/09/23 12:15:46.343, 0, 98 %, 84 %, 7503 MiB, 49140 MiB, 291.75 W, 300.00 W, 73, 1890 MHz
2026/09/23 12:15:47.343, 0, 97 %, 88 %, 7503 MiB, 49140 MiB, 292.90 W, 300.00 W, 72, 1650 MHz
2026/09/23 12:15:48.344, 0, 97 %, 87 %, 7503 MiB, 49140 MiB, 291.12 W, 300.00 W, 74, 1905 MHz
2026/09/23 12:15:49.345, 0, 95 %, 85 %, 7503 MiB, 49140 MiB, 291.03 W, 300.00 W, 73, 2055 MHz
2026/09/23 12:15:50.346, 0, 97 %, 85 %, 7503 MiB, 49140 MiB, 289.71 W, 300.00 W, 73, 1800 MHz
2026/09/23 12:15:51.346, 0, 92 %, 80 %, 7503 MiB, 49140 MiB, 289.68 W, 300.00 W, 73, 1980 MHz
2026/09/23 12:15:52.347, 0, 98 %, 88 %, 7503 MiB, 49140 MiB, 293.20 W, 300.00 W, 73, 2025 MHz
2026/09/23 12:15:53.348, 0, 98 %, 88 %, 7503 MiB, 49140 MiB, 290.79 W, 300.00 W, 75, 1695 MHz
2026/09/23 12:15:54.349, 0, 95 %, 85 %, 7503 MiB, 49140 MiB, 291.52 W, 300.00 W, 73, 1680 MHz
2026/09/23 12:15:55.349, 0, 97 %, 83 %, 7503 MiB, 49140 MiB, 290.90 W, 300.00 W, 73, 1650 MHz
2026/09/23 12:15:56.350, 0, 98 %, 89 %, 7503 MiB, 49140 MiB, 291.82 W, 300.00 W, 73, 1785 MHz
2026/09/23 12:15:57.351, 0, 98 %, 88 %, 7503 MiB, 49140 MiB, 293.29 W, 300.00 W, 74, 1965 MHz
2026/09/23 12:15:58.352, 0, 98 %, 88 %, 7503 MiB, 49140 MiB, 290.16 W, 300.00 W, 75, 1650 MHz
2026/09/23 12:15:59.353, 0, 95 %, 84 %, 7503 MiB, 49140 MiB, 291.14 W, 300.00 W, 73, 1875 MHz
2026/09/23 12:16:00.355, 0, 98 %, 83 %, 7503 MiB, 49140 MiB, 291.98 W, 300.00 W, 73, 1680 MHz
2026/09/23 12:16:01.355, 0, 97 %, 87 %, 7503 MiB, 49140 MiB, 292.35 W, 300.00 W, 73, 1800 MHz
2026/09/23 12:16:02.356, 0, 96 %, 85 %, 7503 MiB, 49140 MiB, 292.88 W, 300.00 W, 73, 2010 MHz
2026/09/23 12:16:03.358, 0, 96 %, 84 %, 7503 MiB, 49140 MiB, 290.17 W, 300.00 W, 73, 1530 MHz
2026/09/23 12:16:04.359, 0, 93 %, 67 %, 7503 MiB, 49140 MiB, 294.92 W, 300.00 W, 75, 1575 MHz
2026/09/23 12:16:05.359, 0, 0 %, 0 %, 7503 MiB, 49140 MiB, 182.66 W, 300.00 W, 67, 2730 MHz
2026/09/23 12:16:06.360, 0, 0 %, 0 %, 7503 MiB, 49140 MiB, 88.06 W, 300.00 W, 67, 2730 MHz
2026/09/23 12:16:07.362, 0, 97 %, 89 %, 7503 MiB, 49140 MiB, 200.37 W, 300.00 W, 73, 1695 MHz
2026/09/23 12:16:08.363, 0, 98 %, 85 %, 7503 MiB, 49140 MiB, 290.45 W, 300.00 W, 72, 1680 MHz
2026/09/23 12:16:09.363, 0, 98 %, 84 %, 7503 MiB, 49140 MiB, 291.79 W, 300.00 W, 72, 1665 MHz
2026/09/23 12:16:10.365, 0, 96 %, 86 %, 7503 MiB, 49140 MiB, 290.55 W, 300.00 W, 74, 1890 MHz
2026/09/23 12:16:11.367, 0, 95 %, 85 %, 7503 MiB, 49140 MiB, 291.82 W, 300.00 W, 72, 1905 MHz
2026/09/23 12:16:12.367, 0, 98 %, 83 %, 7503 MiB, 49140 MiB, 291.98 W, 300.00 W, 71, 1665 MHz
2026/09/23 12:16:13.368, 0, 94 %, 84 %, 7503 MiB, 49140 MiB, 291.80 W, 300.00 W, 73, 1845 MHz
2026/09/23 12:16:14.369, 0, 97 %, 87 %, 7503 MiB, 49140 MiB, 292.14 W, 300.00 W, 73, 1995 MHz
2026/09/23 12:16:15.370, 0, 97 %, 85 %, 7503 MiB, 49140 MiB, 290.52 W, 300.00 W, 73, 1530 MHz
2026/09/23 12:16:16.370, 0, 98 %, 84 %, 7503 MiB, 49140 MiB, 292.10 W, 300.00 W, 73, 1875 MHz
2026/09/23 12:16:17.371, 0, 98 %, 87 %, 7503 MiB, 49140 MiB, 293.13 W, 300.00 W, 73, 1875 MHz
2026/09/23 12:16:18.373, 0, 96 %, 87 %, 7503 MiB, 49140 MiB, 291.69 W, 300.00 W, 71, 1650 MHz
2026/09/23 12:16:19.374, 0, 96 %, 85 %, 7503 MiB, 49140 MiB, 290.37 W, 300.00 W, 74, 1845 MHz
2026/09/23 12:16:20.375, 0, 98 %, 84 %, 7503 MiB, 49140 MiB, 292.65 W, 300.00 W, 73, 1995 MHz
2026/09/23 12:16:21.376, 0, 97 %, 88 %, 7503 MiB, 49140 MiB, 291.47 W, 300.00 W, 73, 1560 MHz
2026/09/23 12:16:22.377, 0, 98 %, 88 %, 7503 MiB, 49140 MiB, 291.20 W, 300.00 W, 73, 1890 MHz
2026/09/23 12:16:23.378, 0, 96 %, 86 %, 7503 MiB, 49140 MiB, 293.45 W, 300.00 W, 73, 1845 MHz
2026/09/23 12:16:24.381, 0, 93 %, 83 %, 7503 MiB, 49140 MiB, 290.20 W, 300.00 W, 75, 1860 MHz
2026/09/23 12:16:25.382, 0, 97 %, 82 %, 7503 MiB, 49140 MiB, 292.67 W, 300.00 W, 73, 1980 MHz
2026/09/23 12:16:26.383, 0, 98 %, 88 %, 7503 MiB, 49140 MiB, 290.61 W, 300.00 W, 73, 1515 MHz
2026/09/23 12:16:27.384, 0, 98 %, 89 %, 7503 MiB, 49140 MiB, 293.14 W, 300.00 W, 73, 1890 MHz
2026/09/23 12:16:28.385, 0, 98 %, 87 %, 7503 MiB, 49140 MiB, 293.63 W, 300.00 W, 74, 1920 MHz
2026/09/23 12:16:29.387, 0, 98 %, 84 %, 7503 MiB, 49140 MiB, 291.68 W, 300.00 W, 74, 1620 MHz
2026/09/23 12:16:30.389, 0, 91 %, 68 %, 7503 MiB, 49140 MiB, 296.82 W, 300.00 W, 73, 1590 MHz
2026/09/23 12:16:31.390, 0, 0 %, 0 %, 7503 MiB, 49140 MiB, 165.85 W, 300.00 W, 67, 2730 MHz
2026/09/23 12:16:32.390, 0, 95 %, 85 %, 7503 MiB, 49140 MiB, 251.24 W, 300.00 W, 73, 1785 MHz
2026/09/23 12:16:33.391, 0, 96 %, 85 %, 7503 MiB, 49140 MiB, 293.00 W, 300.00 W, 73, 1965 MHz
2026/09/23 12:16:34.392, 0, 98 %, 87 %, 7503 MiB, 49140 MiB, 291.32 W, 300.00 W, 73, 1515 MHz
2026/09/23 12:16:35.393, 0, 98 %, 89 %, 7503 MiB, 49140 MiB, 291.88 W, 300.00 W, 73, 1845 MHz
2026/09/23 12:16:36.396, 0, 98 %, 88 %, 7503 MiB, 49140 MiB, 293.46 W, 300.00 W, 74, 1905 MHz
2026/09/23 12:16:37.397, 0, 97 %, 82 %, 7503 MiB, 49140 MiB, 291.22 W, 300.00 W, 74, 1650 MHz
2026/09/23 12:16:38.398, 0, 98 %, 87 %, 7503 MiB, 49140 MiB, 292.58 W, 300.00 W, 73, 1680 MHz
2026/09/23 12:16:39.399, 0, 98 %, 88 %, 7503 MiB, 49140 MiB, 292.68 W, 300.00 W, 72, 1635 MHz
2026/09/23 12:16:40.399, 0, 95 %, 84 %, 7503 MiB, 49140 MiB, 290.60 W, 300.00 W, 74, 1845 MHz
2026/09/23 12:16:41.400, 0, 98 %, 86 %, 7503 MiB, 49140 MiB, 293.98 W, 300.00 W, 73, 1695 MHz
2026/09/23 12:16:42.401, 0, 97 %, 83 %, 7503 MiB, 49140 MiB, 289.68 W, 300.00 W, 74, 1560 MHz
2026/09/23 12:16:43.403, 0, 98 %, 86 %, 7503 MiB, 49140 MiB, 291.58 W, 300.00 W, 73, 1800 MHz
2026/09/23 12:16:44.403, 0, 98 %, 86 %, 7503 MiB, 49140 MiB, 292.48 W, 300.00 W, 71, 2025 MHz
2026/09/23 12:16:45.408, 0, 95 %, 85 %, 7503 MiB, 49140 MiB, 292.17 W, 300.00 W, 75, 1560 MHz
2026/09/23 12:16:46.409, 0, 97 %, 81 %, 7503 MiB, 49140 MiB, 292.54 W, 300.00 W, 73, 1890 MHz
2026/09/23 12:16:47.410, 0, 97 %, 86 %, 7503 MiB, 49140 MiB, 290.91 W, 300.00 W, 73, 1995 MHz
2026/09/23 12:16:48.411, 0, 97 %, 87 %, 7503 MiB, 49140 MiB, 291.89 W, 300.00 W, 74, 1650 MHz
2026/09/23 12:16:49.411, 0, 98 %, 86 %, 7503 MiB, 49140 MiB, 293.71 W, 300.00 W, 74, 1635 MHz
2026/09/23 12:16:50.412, 0, 98 %, 83 %, 7503 MiB, 49140 MiB, 291.54 W, 300.00 W, 73, 1635 MHz
2026/09/23 12:16:51.413, 0, 98 %, 86 %, 7503 MiB, 49140 MiB, 291.07 W, 300.00 W, 73, 1785 MHz
2026/09/23 12:16:52.414, 0, 98 %, 87 %, 7503 MiB, 49140 MiB, 292.01 W, 300.00 W, 72, 2085 MHz
2026/09/23 12:16:53.415, 0, 96 %, 86 %, 7503 MiB, 49140 MiB, 291.21 W, 300.00 W, 74, 1590 MHz
2026/09/23 12:16:54.417, 0, 98 %, 86 %, 7503 MiB, 49140 MiB, 293.26 W, 300.00 W, 74, 1710 MHz
2026/09/23 12:16:55.417, 0, 97 %, 86 %, 7503 MiB, 49140 MiB, 294.17 W, 300.00 W, 74, 1545 MHz
2026/09/23 12:16:56.418, 0, 91 %, 66 %, 7503 MiB, 49140 MiB, 246.49 W, 300.00 W, 68, 2730 MHz
2026/09/23 12:16:57.419, 0, 0 %, 0 %, 7503 MiB, 49140 MiB, 175.40 W, 300.00 W, 72, 1965 MHz
2026/09/23 12:16:58.421, 0, 97 %, 87 %, 7503 MiB, 49140 MiB, 291.05 W, 300.00 W, 72, 2040 MHz
2026/09/23 12:16:59.422, 0, 95 %, 84 %, 7503 MiB, 49140 MiB, 291.79 W, 300.00 W, 74, 1560 MHz
2026/09/23 12:17:00.422, 0, 97 %, 86 %, 7503 MiB, 49140 MiB, 292.97 W, 300.00 W, 73, 1770 MHz
2026/09/23 12:17:01.423, 0, 98 %, 88 %, 7503 MiB, 49140 MiB, 291.33 W, 300.00 W, 73, 1845 MHz
2026/09/23 12:17:02.423, 0, 98 %, 88 %, 7503 MiB, 49140 MiB, 292.43 W, 300.00 W, 74, 1650 MHz
2026/09/23 12:17:03.424, 0, 97 %, 87 %, 7503 MiB, 49140 MiB, 292.68 W, 300.00 W, 74, 1785 MHz
2026/09/23 12:17:04.425, 0, 98 %, 84 %, 7503 MiB, 49140 MiB, 291.48 W, 300.00 W, 74, 1680 MHz
2026/09/23 12:17:05.426, 0, 97 %, 84 %, 7503 MiB, 49140 MiB, 292.16 W, 300.00 W, 73, 1815 MHz
2026/09/23 12:17:06.428, 0, 95 %, 84 %, 7503 MiB, 49140 MiB, 291.56 W, 300.00 W, 72, 2085 MHz
2026/09/23 12:17:07.429, 0, 97 %, 86 %, 7503 MiB, 49140 MiB, 292.04 W, 300.00 W, 74, 1515 MHz
2026/09/23 12:17:08.430, 0, 98 %, 86 %, 7503 MiB, 49140 MiB, 293.15 W, 300.00 W, 74, 1680 MHz
2026/09/23 12:17:09.431, 0, 97 %, 83 %, 7503 MiB, 49140 MiB, 290.72 W, 300.00 W, 74, 1590 MHz
2026/09/23 12:17:10.431, 0, 98 %, 85 %, 7503 MiB, 49140 MiB, 291.56 W, 300.00 W, 73, 1785 MHz
2026/09/23 12:17:11.432, 0, 90 %, 79 %, 7503 MiB, 49140 MiB, 289.95 W, 300.00 W, 73, 1845 MHz
2026/09/23 12:17:12.433, 0, 97 %, 89 %, 7503 MiB, 49140 MiB, 291.40 W, 300.00 W, 73, 1755 MHz
2026/09/23 12:17:13.434, 0, 98 %, 87 %, 7503 MiB, 49140 MiB, 293.83 W, 300.00 W, 73, 1905 MHz
2026/09/23 12:17:14.435, 0, 97 %, 85 %, 7503 MiB, 49140 MiB, 289.98 W, 300.00 W, 75, 1530 MHz
2026/09/23 12:17:15.436, 0, 98 %, 82 %, 7503 MiB, 49140 MiB, 292.10 W, 300.00 W, 73, 1755 MHz
2026/09/23 12:17:16.438, 0, 98 %, 86 %, 7503 MiB, 49140 MiB, 289.76 W, 300.00 W, 73, 1635 MHz
2026/09/23 12:17:17.439, 0, 98 %, 86 %, 7503 MiB, 49140 MiB, 290.78 W, 300.00 W, 73, 1770 MHz
2026/09/23 12:17:18.440, 0, 97 %, 87 %, 7503 MiB, 49140 MiB, 292.97 W, 300.00 W, 72, 1980 MHz
2026/09/23 12:17:19.441, 0, 96 %, 85 %, 7503 MiB, 49140 MiB, 291.46 W, 300.00 W, 74, 1545 MHz
2026/09/23 12:17:20.441, 0, 98 %, 85 %, 7503 MiB, 49140 MiB, 292.82 W, 300.00 W, 74, 1710 MHz
2026/09/23 12:17:21.442, 0, 93 %, 65 %, 7503 MiB, 49140 MiB, 297.67 W, 300.00 W, 75, 1320 MHz
2026/09/23 12:17:22.444, 0, 0 %, 0 %, 7503 MiB, 49140 MiB, 139.04 W, 300.00 W, 69, 2625 MHz
2026/09/23 12:17:23.444, 0, 97 %, 82 %, 7503 MiB, 49140 MiB, 267.77 W, 300.00 W, 74, 1800 MHz
2026/09/23 12:17:24.445, 0, 93 %, 80 %, 7503 MiB, 49140 MiB, 291.67 W, 300.00 W, 73, 1875 MHz
2026/09/23 12:17:25.446, 0, 98 %, 87 %, 7503 MiB, 49140 MiB, 289.54 W, 300.00 W, 73, 1815 MHz
2026/09/23 12:17:26.448, 0, 98 %, 89 %, 7503 MiB, 49140 MiB, 289.43 W, 300.00 W, 73, 1845 MHz
2026/09/23 12:17:27.448, 0, 96 %, 86 %, 7503 MiB, 49140 MiB, 290.06 W, 300.00 W, 71, 1965 MHz
2026/09/23 12:17:28.449, 0, 95 %, 85 %, 7503 MiB, 49140 MiB, 292.04 W, 300.00 W, 74, 1680 MHz
2026/09/23 12:17:29.450, 0, 98 %, 84 %, 7503 MiB, 49140 MiB, 292.25 W, 300.00 W, 73, 1875 MHz
2026/09/23 12:17:30.450, 0, 98 %, 88 %, 7503 MiB, 49140 MiB, 290.99 W, 300.00 W, 73, 1905 MHz
2026/09/23 12:17:31.451, 0, 96 %, 87 %, 7503 MiB, 49140 MiB, 290.56 W, 300.00 W, 73, 1560 MHz
2026/09/23 12:17:32.454, 0, 97 %, 87 %, 7503 MiB, 49140 MiB, 293.44 W, 300.00 W, 74, 1890 MHz
2026/09/23 12:17:33.455, 0, 97 %, 84 %, 7503 MiB, 49140 MiB, 289.19 W, 300.00 W, 74, 1725 MHz
2026/09/23 12:17:34.457, 0, 97 %, 85 %, 7503 MiB, 49140 MiB, 291.90 W, 300.00 W, 73, 1860 MHz
2026/09/23 12:17:35.460, 0, 97 %, 85 %, 7503 MiB, 49140 MiB, 290.54 W, 300.00 W, 74, 1995 MHz
2026/09/23 12:17:36.461, 0, 98 %, 88 %, 7503 MiB, 49140 MiB, 291.90 W, 300.00 W, 73, 1560 MHz
2026/09/23 12:17:37.462, 0, 97 %, 88 %, 7503 MiB, 49140 MiB, 293.24 W, 300.00 W, 73, 1890 MHz
2026/09/23 12:17:38.462, 0, 96 %, 86 %, 7503 MiB, 49140 MiB, 290.31 W, 300.00 W, 75, 1860 MHz
2026/09/23 12:17:39.463, 0, 97 %, 85 %, 7503 MiB, 49140 MiB, 291.41 W, 300.00 W, 73, 1815 MHz
2026/09/23 12:17:40.464, 0, 98 %, 85 %, 7503 MiB, 49140 MiB, 290.23 W, 300.00 W, 74, 1995 MHz
2026/09/23 12:17:41.465, 0, 97 %, 87 %, 7503 MiB, 49140 MiB, 291.44 W, 300.00 W, 73, 1530 MHz
2026/09/23 12:17:42.467, 0, 98 %, 87 %, 7503 MiB, 49140 MiB, 291.80 W, 300.00 W, 72, 1650 MHz
2026/09/23 12:17:43.469, 0, 95 %, 84 %, 7503 MiB, 49140 MiB, 291.48 W, 300.00 W, 74, 1605 MHz
2026/09/23 12:17:44.470, 0, 98 %, 89 %, 7503 MiB, 49140 MiB, 291.73 W, 300.00 W, 74, 1890 MHz
2026/09/23 12:17:45.471, 0, 98 %, 84 %, 7503 MiB, 49140 MiB, 290.98 W, 300.00 W, 75, 2010 MHz
2026/09/23 12:17:46.472, 0, 97 %, 81 %, 7503 MiB, 49140 MiB, 294.52 W, 300.00 W, 74, 1530 MHz
2026/09/23 12:17:47.473, 0, 93 %, 68 %, 7503 MiB, 49140 MiB, 238.14 W, 300.00 W, 68, 2730 MHz
2026/09/23 12:17:48.473, 0, 0 %, 0 %, 7503 MiB, 49140 MiB, 175.04 W, 300.00 W, 73, 1785 MHz
2026/09/23 12:17:49.475, 0, 97 %, 87 %, 7503 MiB, 49140 MiB, 290.82 W, 300.00 W, 73, 1905 MHz
2026/09/23 12:17:50.476, 0, 96 %, 88 %, 7503 MiB, 49140 MiB, 291.26 W, 300.00 W, 72, 1590 MHz
2026/09/23 12:17:51.476, 0, 97 %, 87 %, 7503 MiB, 49140 MiB, 293.25 W, 300.00 W, 73, 1935 MHz
2026/09/23 12:17:52.477, 0, 97 %, 85 %, 7503 MiB, 49140 MiB, 290.95 W, 300.00 W, 74, 1995 MHz
2026/09/23 12:17:53.478, 0, 98 %, 83 %, 7503 MiB, 49140 MiB, 292.08 W, 300.00 W, 72, 1650 MHz
2026/09/23 12:17:54.479, 0, 97 %, 87 %, 7503 MiB, 49140 MiB, 290.48 W, 300.00 W, 72, 1770 MHz
2026/09/23 12:17:55.480, 0, 97 %, 87 %, 7503 MiB, 49140 MiB, 292.70 W, 300.00 W, 74, 1605 MHz
2026/09/23 12:17:56.481, 0, 98 %, 86 %, 7503 MiB, 49140 MiB, 293.08 W, 300.00 W, 73, 1875 MHz
2026/09/23 12:17:57.481, 0, 97 %, 86 %, 7503 MiB, 49140 MiB, 290.69 W, 300.00 W, 73, 1980 MHz
2026/09/23 12:17:58.483, 0, 98 %, 89 %, 7503 MiB, 49140 MiB, 291.52 W, 300.00 W, 73, 1515 MHz
2026/09/23 12:17:59.483, 0, 97 %, 88 %, 7503 MiB, 49140 MiB, 292.85 W, 300.00 W, 72, 1845 MHz
2026/09/23 12:18:00.484, 0, 96 %, 86 %, 7503 MiB, 49140 MiB, 291.42 W, 300.00 W, 74, 1635 MHz
2026/09/23 12:18:01.485, 0, 97 %, 84 %, 7503 MiB, 49140 MiB, 291.82 W, 300.00 W, 74, 1785 MHz
2026/09/23 12:18:02.487, 0, 99 %, 84 %, 7503 MiB, 49140 MiB, 291.50 W, 300.00 W, 74, 1995 MHz
2026/09/23 12:18:03.489, 0, 98 %, 87 %, 7503 MiB, 49140 MiB, 291.15 W, 300.00 W, 73, 1575 MHz
2026/09/23 12:18:04.490, 0, 97 %, 86 %, 7503 MiB, 49140 MiB, 292.15 W, 300.00 W, 72, 1665 MHz
2026/09/23 12:18:05.490, 0, 96 %, 85 %, 7503 MiB, 49140 MiB, 290.77 W, 300.00 W, 73, 1710 MHz
2026/09/23 12:18:06.491, 0, 97 %, 87 %, 7503 MiB, 49140 MiB, 291.97 W, 300.00 W, 74, 1890 MHz
2026/09/23 12:18:07.493, 0, 98 %, 83 %, 7503 MiB, 49140 MiB, 290.86 W, 300.00 W, 74, 2025 MHz
2026/09/23 12:18:08.493, 0, 98 %, 83 %, 7503 MiB, 49140 MiB, 292.29 W, 300.00 W, 73, 1560 MHz
2026/09/23 12:18:09.494, 0, 98 %, 87 %, 7503 MiB, 49140 MiB, 292.63 W, 300.00 W, 72, 1725 MHz
2026/09/23 12:18:10.495, 0, 95 %, 84 %, 7503 MiB, 49140 MiB, 292.30 W, 300.00 W, 75, 1680 MHz
2026/09/23 12:18:11.496, 0, 97 %, 84 %, 7503 MiB, 49140 MiB, 291.52 W, 300.00 W, 74, 1800 MHz
2026/09/23 12:18:12.496, 0, 95 %, 68 %, 7503 MiB, 49140 MiB, 296.46 W, 300.00 W, 74, 1545 MHz
2026/09/23 12:18:13.497, 0, 0 %, 0 %, 7503 MiB, 49140 MiB, 141.02 W, 300.00 W, 72, 1680 MHz
2026/09/23 12:18:14.498, 0, 95 %, 85 %, 7503 MiB, 49140 MiB, 276.57 W, 300.00 W, 73, 1905 MHz
2026/09/23 12:18:15.499, 0, 98 %, 84 %, 7503 MiB, 49140 MiB, 291.92 W, 300.00 W, 74, 1995 MHz
2026/09/23 12:18:16.500, 0, 97 %, 84 %, 7503 MiB, 49140 MiB, 291.41 W, 300.00 W, 73, 1575 MHz
2026/09/23 12:18:17.500, 0, 98 %, 87 %, 7503 MiB, 49140 MiB, 292.60 W, 300.00 W, 72, 1830 MHz
2026/09/23 12:18:18.501, 0, 96 %, 85 %, 7503 MiB, 49140 MiB, 291.87 W, 300.00 W, 75, 1845 MHz
2026/09/23 12:18:19.502, 0, 97 %, 82 %, 7503 MiB, 49140 MiB, 292.72 W, 300.00 W, 73, 1605 MHz
2026/09/23 12:18:20.503, 0, 97 %, 87 %, 7503 MiB, 49140 MiB, 289.65 W, 300.00 W, 73, 1830 MHz
2026/09/23 12:18:21.503, 0, 98 %, 88 %, 7503 MiB, 49140 MiB, 291.88 W, 300.00 W, 73, 1845 MHz
2026/09/23 12:18:22.504, 0, 97 %, 88 %, 7503 MiB, 49140 MiB, 293.32 W, 300.00 W, 73, 1815 MHz
2026/09/23 12:18:23.505, 0, 96 %, 85 %, 7503 MiB, 49140 MiB, 290.92 W, 300.00 W, 75, 1890 MHz
2026/09/23 12:18:24.506, 0, 97 %, 82 %, 7503 MiB, 49140 MiB, 292.80 W, 300.00 W, 73, 1620 MHz
2026/09/23 12:18:25.508, 0, 98 %, 88 %, 7503 MiB, 49140 MiB, 291.90 W, 300.00 W, 72, 1800 MHz
2026/09/23 12:18:26.510, 0, 97 %, 87 %, 7503 MiB, 49140 MiB, 291.96 W, 300.00 W, 73, 2025 MHz
2026/09/23 12:18:27.512, 0, 97 %, 85 %, 7503 MiB, 49140 MiB, 292.67 W, 300.00 W, 74, 1575 MHz
2026/09/23 12:18:28.513, 0, 95 %, 85 %, 7503 MiB, 49140 MiB, 288.98 W, 300.00 W, 75, 1905 MHz
2026/09/23 12:18:29.514, 0, 98 %, 82 %, 7503 MiB, 49140 MiB, 292.98 W, 300.00 W, 73, 1635 MHz
2026/09/23 12:18:30.515, 0, 97 %, 87 %, 7503 MiB, 49140 MiB, 292.05 W, 300.00 W, 73, 1890 MHz
2026/09/23 12:18:31.516, 0, 97 %, 87 %, 7503 MiB, 49140 MiB, 292.03 W, 300.00 W, 73, 2040 MHz
2026/09/23 12:18:32.517, 0, 97 %, 88 %, 7503 MiB, 49140 MiB, 291.98 W, 300.00 W, 73, 1800 MHz
2026/09/23 12:18:33.517, 0, 95 %, 85 %, 7503 MiB, 49140 MiB, 291.10 W, 300.00 W, 75, 1830 MHz
2026/09/23 12:18:34.519, 0, 98 %, 83 %, 7503 MiB, 49140 MiB, 292.81 W, 300.00 W, 73, 1605 MHz
2026/09/23 12:18:35.522, 0, 97 %, 87 %, 7503 MiB, 49140 MiB, 291.10 W, 300.00 W, 73, 1920 MHz
2026/09/23 12:18:36.523, 0, 97 %, 87 %, 7503 MiB, 49140 MiB, 291.31 W, 300.00 W, 74, 1680 MHz
2026/09/23 12:18:37.524, 0, 98 %, 89 %, 7503 MiB, 49140 MiB, 293.85 W, 300.00 W, 75, 1515 MHz
2026/09/23 12:18:38.524, 0, 95 %, 67 %, 7503 MiB, 49140 MiB, 206.11 W, 300.00 W, 67, 2610 MHz
2026/09/23 12:18:39.525, 0, 59 %, 51 %, 7503 MiB, 49140 MiB, 206.09 W, 300.00 W, 72, 1590 MHz
2026/09/23 12:18:40.526, 0, 96 %, 87 %, 7503 MiB, 49140 MiB, 290.73 W, 300.00 W, 73, 1920 MHz
2026/09/23 12:18:41.526, 0, 97 %, 89 %, 7503 MiB, 49140 MiB, 292.85 W, 300.00 W, 73, 2025 MHz
2026/09/23 12:18:42.528, 0, 98 %, 87 %, 7503 MiB, 49140 MiB, 293.29 W, 300.00 W, 73, 1560 MHz
2026/09/23 12:18:43.528, 0, 96 %, 85 %, 7503 MiB, 49140 MiB, 291.09 W, 300.00 W, 74, 1725 MHz
2026/09/23 12:18:44.529, 0, 96 %, 86 %, 7503 MiB, 49140 MiB, 291.68 W, 300.00 W, 73, 1635 MHz
2026/09/23 12:18:45.531, 0, 97 %, 86 %, 7503 MiB, 49140 MiB, 289.71 W, 300.00 W, 73, 1935 MHz
2026/09/23 12:18:46.531, 0, 97 %, 86 %, 7503 MiB, 49140 MiB, 292.31 W, 300.00 W, 73, 1980 MHz
2026/09/23 12:18:47.532, 0, 97 %, 85 %, 7503 MiB, 49140 MiB, 293.61 W, 300.00 W, 74, 1650 MHz
2026/09/23 12:18:48.533, 0, 98 %, 85 %, 7503 MiB, 49140 MiB, 291.49 W, 300.00 W, 74, 1650 MHz
2026/09/23 12:18:49.534, 0, 97 %, 85 %, 7503 MiB, 49140 MiB, 292.22 W, 300.00 W, 73, 1605 MHz
2026/09/23 12:18:50.534, 0, 97 %, 85 %, 7503 MiB, 49140 MiB, 291.61 W, 300.00 W, 73, 1890 MHz
2026/09/23 12:18:51.535, 0, 98 %, 86 %, 7503 MiB, 49140 MiB, 292.66 W, 300.00 W, 73, 1980 MHz
2026/09/23 12:18:52.537, 0, 95 %, 83 %, 7503 MiB, 49140 MiB, 292.62 W, 300.00 W, 72, 1755 MHz
2026/09/23 12:18:53.540, 0, 96 %, 84 %, 7503 MiB, 49140 MiB, 291.71 W, 300.00 W, 75, 1905 MHz
2026/09/23 12:18:54.541, 0, 97 %, 84 %, 7503 MiB, 49140 MiB, 292.69 W, 300.00 W, 73, 1575 MHz
2026/09/23 12:18:55.542, 0, 97 %, 85 %, 7503 MiB, 49140 MiB, 291.44 W, 300.00 W, 73, 1875 MHz
2026/09/23 12:18:56.543, 0, 97 %, 86 %, 7503 MiB, 49140 MiB, 291.50 W, 300.00 W, 73, 1845 MHz
2026/09/23 12:18:57.546, 0, 93 %, 83 %, 7503 MiB, 49140 MiB, 292.10 W, 300.00 W, 72, 1815 MHz
2026/09/23 12:18:58.548, 0, 96 %, 85 %, 7503 MiB, 49140 MiB, 290.70 W, 300.00 W, 74, 2025 MHz
2026/09/23 12:18:59.548, 0, 93 %, 84 %, 7503 MiB, 49140 MiB, 292.22 W, 300.00 W, 74, 1575 MHz
2026/09/23 12:19:00.549, 0, 93 %, 82 %, 7503 MiB, 49140 MiB, 290.93 W, 300.00 W, 73, 1830 MHz
2026/09/23 12:19:01.550, 0, 97 %, 86 %, 7503 MiB, 49140 MiB, 291.09 W, 300.00 W, 73, 1605 MHz
2026/09/23 12:19:02.551, 0, 97 %, 86 %, 7503 MiB, 49140 MiB, 292.87 W, 300.00 W, 72, 1710 MHz
2026/09/23 12:19:03.552, 0, 95 %, 66 %, 7503 MiB, 49140 MiB, 299.22 W, 300.00 W, 74, 1545 MHz
2026/09/23 12:19:04.552, 0, 0 %, 0 %, 7503 MiB, 49140 MiB, 147.81 W, 300.00 W, 72, 2055 MHz
2026/09/23 12:19:05.553, 0, 98 %, 85 %, 7503 MiB, 49140 MiB, 292.45 W, 300.00 W, 73, 1650 MHz
2026/09/23 12:19:06.554, 0, 97 %, 86 %, 7503 MiB, 49140 MiB, 289.86 W, 300.00 W, 74, 1830 MHz
2026/09/23 12:19:07.555, 0, 95 %, 84 %, 7503 MiB, 49140 MiB, 289.72 W, 300.00 W, 73, 2055 MHz
2026/09/23 12:19:08.556, 0, 97 %, 84 %, 7503 MiB, 49140 MiB, 291.72 W, 300.00 W, 72, 1530 MHz
2026/09/23 12:19:09.556, 0, 96 %, 85 %, 7503 MiB, 49140 MiB, 291.97 W, 300.00 W, 73, 1665 MHz
2026/09/23 12:19:10.557, 0, 96 %, 84 %, 7503 MiB, 49140 MiB, 292.81 W, 300.00 W, 74, 1605 MHz
2026/09/23 12:19:11.558, 0, 98 %, 86 %, 7503 MiB, 49140 MiB, 291.72 W, 300.00 W, 74, 1830 MHz
2026/09/23 12:19:12.559, 0, 95 %, 85 %, 7503 MiB, 49140 MiB, 290.78 W, 300.00 W, 73, 1965 MHz
2026/09/23 12:19:13.560, 0, 98 %, 86 %, 7503 MiB, 49140 MiB, 291.83 W, 300.00 W, 72, 1515 MHz
2026/09/23 12:19:14.561, 0, 96 %, 85 %, 7503 MiB, 49140 MiB, 291.99 W, 300.00 W, 74, 1695 MHz
2026/09/23 12:19:15.562, 0, 97 %, 86 %, 7503 MiB, 49140 MiB, 292.59 W, 300.00 W, 73, 1620 MHz
2026/09/23 12:19:16.563, 0, 97 %, 86 %, 7503 MiB, 49140 MiB, 288.68 W, 300.00 W, 74, 1995 MHz
2026/09/23 12:19:17.563, 0, 89 %, 82 %, 7503 MiB, 49140 MiB, 290.42 W, 300.00 W, 74, 1635 MHz
2026/09/23 12:19:18.565, 0, 93 %, 83 %, 7503 MiB, 49140 MiB, 290.77 W, 300.00 W, 74, 1815 MHz
2026/09/23 12:19:19.566, 0, 93 %, 83 %, 7503 MiB, 49140 MiB, 291.17 W, 300.00 W, 73, 2010 MHz
2026/09/23 12:19:20.566, 0, 95 %, 85 %, 7503 MiB, 49140 MiB, 290.12 W, 300.00 W, 73, 1800 MHz
2026/09/23 12:19:21.567, 0, 98 %, 86 %, 7503 MiB, 49140 MiB, 291.80 W, 300.00 W, 73, 1845 MHz
2026/09/23 12:19:22.569, 0, 97 %, 85 %, 7503 MiB, 49140 MiB, 291.95 W, 300.00 W, 72, 1545 MHz
2026/09/23 12:19:23.571, 0, 97 %, 87 %, 7503 MiB, 49140 MiB, 290.69 W, 300.00 W, 74, 1845 MHz
2026/09/23 12:19:24.572, 0, 97 %, 85 %, 7503 MiB, 49140 MiB, 292.70 W, 300.00 W, 73, 1650 MHz
2026/09/23 12:19:25.572, 0, 97 %, 87 %, 7503 MiB, 49140 MiB, 291.14 W, 300.00 W, 73, 1845 MHz
2026/09/23 12:19:26.573, 0, 96 %, 86 %, 7503 MiB, 49140 MiB, 291.84 W, 300.00 W, 73, 1890 MHz
2026/09/23 12:19:27.574, 0, 97 %, 86 %, 7503 MiB, 49140 MiB, 291.77 W, 300.00 W, 71, 1590 MHz
2026/09/23 12:19:28.575, 0, 85 %, 64 %, 7503 MiB, 49140 MiB, 294.71 W, 300.00 W, 75, 1515 MHz
2026/09/23 12:19:29.576, 0, 72 %, 53 %, 7503 MiB, 49140 MiB, 197.18 W, 300.00 W, 68, 2730 MHz
2026/09/23 12:19:30.577, 0, 95 %, 85 %, 7503 MiB, 49140 MiB, 223.73 W, 300.00 W, 72, 1530 MHz
2026/09/23 12:19:31.577, 0, 97 %, 86 %, 7503 MiB, 49140 MiB, 291.39 W, 300.00 W, 73, 1680 MHz
2026/09/23 12:19:32.578, 0, 98 %, 86 %, 7503 MiB, 49140 MiB, 293.68 W, 300.00 W, 74, 1635 MHz
2026/09/23 12:19:33.579, 0, 97 %, 85 %, 7503 MiB, 49140 MiB, 290.31 W, 300.00 W, 74, 1785 MHz
2026/09/23 12:19:34.579, 0, 98 %, 87 %, 7503 MiB, 49140 MiB, 290.52 W, 300.00 W, 73, 2085 MHz
2026/09/23 12:19:35.581, 0, 97 %, 85 %, 7503 MiB, 49140 MiB, 292.16 W, 300.00 W, 72, 1560 MHz
2026/09/23 12:19:36.583, 0, 97 %, 86 %, 7503 MiB, 49140 MiB, 291.27 W, 300.00 W, 73, 1650 MHz
2026/09/23 12:19:37.585, 0, 98 %, 86 %, 7503 MiB, 49140 MiB, 292.84 W, 300.00 W, 74, 1635 MHz
2026/09/23 12:19:38.585, 0, 97 %, 85 %, 7503 MiB, 49140 MiB, 291.07 W, 300.00 W, 74, 1785 MHz
2026/09/23 12:19:39.586, 0, 96 %, 85 %, 7503 MiB, 49140 MiB, 290.95 W, 300.00 W, 72, 2115 MHz
2026/09/23 12:19:40.588, 0, 93 %, 82 %, 7503 MiB, 49140 MiB, 290.08 W, 300.00 W, 73, 1815 MHz
2026/09/23 12:19:41.588, 0, 97 %, 85 %, 7503 MiB, 49140 MiB, 291.44 W, 300.00 W, 73, 1935 MHz
2026/09/23 12:19:42.589, 0, 96 %, 85 %, 7503 MiB, 49140 MiB, 292.08 W, 300.00 W, 72, 1605 MHz
2026/09/23 12:19:43.590, 0, 97 %, 85 %, 7503 MiB, 49140 MiB, 291.76 W, 300.00 W, 75, 1890 MHz
2026/09/23 12:19:44.591, 0, 98 %, 85 %, 7503 MiB, 49140 MiB, 291.11 W, 300.00 W, 73, 1935 MHz
2026/09/23 12:19:45.591, 0, 97 %, 85 %, 7503 MiB, 49140 MiB, 291.44 W, 300.00 W, 73, 1545 MHz
2026/09/23 12:19:46.592, 0, 98 %, 86 %, 7503 MiB, 49140 MiB, 290.09 W, 300.00 W, 73, 1755 MHz
2026/09/23 12:19:47.593, 0, 98 %, 85 %, 7503 MiB, 49140 MiB, 294.21 W, 300.00 W, 74, 1590 MHz
2026/09/23 12:19:48.594, 0, 98 %, 86 %, 7503 MiB, 49140 MiB, 290.78 W, 300.00 W, 74, 1770 MHz
2026/09/23 12:19:49.594, 0, 96 %, 85 %, 7503 MiB, 49140 MiB, 292.77 W, 300.00 W, 73, 1980 MHz
2026/09/23 12:19:50.595, 0, 98 %, 86 %, 7503 MiB, 49140 MiB, 292.50 W, 300.00 W, 71, 1560 MHz
2026/09/23 12:19:51.597, 0, 95 %, 84 %, 7503 MiB, 49140 MiB, 290.40 W, 300.00 W, 74, 1755 MHz
2026/09/23 12:19:52.597, 0, 97 %, 85 %, 7503 MiB, 49140 MiB, 292.23 W, 300.00 W, 74, 1590 MHz
2026/09/23 12:19:53.598, 0, 97 %, 86 %, 7503 MiB, 49140 MiB, 291.38 W, 300.00 W, 75, 1620 MHz
2026/09/23 12:19:54.599, 0, 95 %, 70 %, 7503 MiB, 49140 MiB, 284.67 W, 300.00 W, 72, 2625 MHz
2026/09/23 12:19:55.599, 0, 0 %, 0 %, 7503 MiB, 49140 MiB, 138.00 W, 300.00 W, 72, 1560 MHz
2026/09/23 12:19:56.600, 0, 97 %, 86 %, 7503 MiB, 49140 MiB, 288.90 W, 300.00 W, 73, 1620 MHz
2026/09/23 12:19:57.600, 0, 97 %, 86 %, 7503 MiB, 49140 MiB, 292.71 W, 300.00 W, 73, 1755 MHz
2026/09/23 12:19:58.601, 0, 97 %, 85 %, 7503 MiB, 49140 MiB, 293.19 W, 300.00 W, 74, 1980 MHz
2026/09/23 12:19:59.602, 0, 97 %, 85 %, 7503 MiB, 49140 MiB, 290.63 W, 300.00 W, 74, 1575 MHz
2026/09/23 12:20:00.603, 0, 97 %, 85 %, 7503 MiB, 49140 MiB, 291.25 W, 300.00 W, 73, 1695 MHz
2026/09/23 12:20:01.603, 0, 97 %, 86 %, 7503 MiB, 49140 MiB, 292.46 W, 300.00 W, 72, 1665 MHz
2026/09/23 12:20:02.604, 0, 96 %, 84 %, 7503 MiB, 49140 MiB, 292.33 W, 300.00 W, 74, 1830 MHz
2026/09/23 12:20:03.605, 0, 97 %, 85 %, 7503 MiB, 49140 MiB, 292.23 W, 300.00 W, 74, 1935 MHz
2026/09/23 12:20:04.607, 0, 98 %, 88 %, 7503 MiB, 49140 MiB, 289.04 W, 300.00 W, 74, 1590 MHz
2026/09/23 12:20:05.607, 0, 97 %, 85 %, 7503 MiB, 49140 MiB, 291.06 W, 300.00 W, 73, 1845 MHz
2026/09/23 12:20:06.608, 0, 96 %, 84 %, 7503 MiB, 49140 MiB, 289.17 W, 300.00 W, 73, 1560 MHz
2026/09/23 12:20:07.609, 0, 97 %, 87 %, 7503 MiB, 49140 MiB, 290.33 W, 300.00 W, 73, 1830 MHz
2026/09/23 12:20:08.610, 0, 96 %, 86 %, 7503 MiB, 49140 MiB, 292.48 W, 300.00 W, 72, 1680 MHz
2026/09/23 12:20:09.611, 0, 96 %, 85 %, 7503 MiB, 49140 MiB, 291.01 W, 300.00 W, 75, 1860 MHz
2026/09/23 12:20:10.612, 0, 93 %, 84 %, 7503 MiB, 49140 MiB, 292.95 W, 300.00 W, 73, 1875 MHz
2026/09/23 12:20:11.612, 0, 98 %, 87 %, 7503 MiB, 49140 MiB, 290.97 W, 300.00 W, 73, 1560 MHz
2026/09/23 12:20:12.613, 0, 93 %, 83 %, 7503 MiB, 49140 MiB, 291.49 W, 300.00 W, 74, 1800 MHz
2026/09/23 12:20:13.614, 0, 98 %, 87 %, 7503 MiB, 49140 MiB, 293.52 W, 300.00 W, 73, 1815 MHz
2026/09/23 12:20:14.615, 0, 97 %, 85 %, 7503 MiB, 49140 MiB, 289.68 W, 300.00 W, 75, 1815 MHz
2026/09/23 12:20:15.617, 0, 96 %, 85 %, 7503 MiB, 49140 MiB, 292.21 W, 300.00 W, 73, 1980 MHz
2026/09/23 12:20:16.618, 0, 96 %, 85 %, 7503 MiB, 49140 MiB, 291.20 W, 300.00 W, 73, 1530 MHz
2026/09/23 12:20:17.618, 0, 98 %, 86 %, 7503 MiB, 49140 MiB, 290.78 W, 300.00 W, 73, 1680 MHz
2026/09/23 12:20:18.620, 0, 98 %, 86 %, 7503 MiB, 49140 MiB, 291.71 W, 300.00 W, 72, 1590 MHz
2026/09/23 12:20:19.621, 0, 97 %, 70 %, 7503 MiB, 49140 MiB, 296.45 W, 300.00 W, 74, 1560 MHz
2026/09/23 12:20:20.622, 0, 0 %, 0 %, 7503 MiB, 49140 MiB, 179.23 W, 300.00 W, 68, 2730 MHz
2026/09/23 12:20:21.624, 0, 96 %, 86 %, 7503 MiB, 49140 MiB, 237.10 W, 300.00 W, 73, 1545 MHz
2026/09/23 12:20:22.625, 0, 98 %, 87 %, 7503 MiB, 49140 MiB, 291.60 W, 300.00 W, 73, 1935 MHz
2026/09/23 12:20:23.627, 0, 98 %, 87 %, 7503 MiB, 49140 MiB, 293.99 W, 300.00 W, 74, 2010 MHz
2026/09/23 12:20:24.627, 0, 97 %, 85 %, 7503 MiB, 49140 MiB, 290.27 W, 300.00 W, 74, 1695 MHz
2026/09/23 12:20:25.630, 0, 98 %, 86 %, 7503 MiB, 49140 MiB, 291.98 W, 300.00 W, 73, 1665 MHz
2026/09/23 12:20:26.631, 0, 98 %, 86 %, 7503 MiB, 49140 MiB, 292.23 W, 300.00 W, 72, 1620 MHz
2026/09/23 12:20:27.631, 0, 97 %, 86 %, 7503 MiB, 49140 MiB, 291.84 W, 300.00 W, 74, 1800 MHz
2026/09/23 12:20:28.632, 0, 98 %, 86 %, 7503 MiB, 49140 MiB, 292.68 W, 300.00 W, 74, 2040 MHz
2026/09/23 12:20:29.634, 0, 95 %, 84 %, 7503 MiB, 49140 MiB, 290.66 W, 300.00 W, 74, 1605 MHz
2026/09/23 12:20:30.637, 0, 97 %, 85 %, 7503 MiB, 49140 MiB, 291.80 W, 300.00 W, 73, 1920 MHz
2026/09/23 12:20:31.637, 0, 97 %, 85 %, 7503 MiB, 49140 MiB, 292.49 W, 300.00 W, 72, 1665 MHz
2026/09/23 12:20:32.638, 0, 97 %, 85 %, 7503 MiB, 49140 MiB, 292.60 W, 300.00 W, 74, 1875 MHz
2026/09/23 12:20:33.638, 0, 97 %, 86 %, 7503 MiB, 49140 MiB, 293.01 W, 300.00 W, 74, 1995 MHz
2026/09/23 12:20:34.639, 0, 97 %, 85 %, 7503 MiB, 49140 MiB, 290.75 W, 300.00 W, 75, 1770 MHz
2026/09/23 12:20:35.640, 0, 97 %, 85 %, 7503 MiB, 49140 MiB, 292.64 W, 300.00 W, 73, 1710 MHz
2026/09/23 12:20:36.641, 0, 97 %, 86 %, 7503 MiB, 49140 MiB, 291.93 W, 300.00 W, 72, 1575 MHz
2026/09/23 12:20:37.642, 0, 96 %, 85 %, 7503 MiB, 49140 MiB, 291.58 W, 300.00 W, 74, 1845 MHz
2026/09/23 12:20:38.644, 0, 96 %, 85 %, 7503 MiB, 49140 MiB, 292.36 W, 300.00 W, 73, 1965 MHz
2026/09/23 12:20:39.645, 0, 96 %, 85 %, 7503 MiB, 49140 MiB, 290.58 W, 300.00 W, 73, 1530 MHz
2026/09/23 12:20:40.645, 0, 96 %, 85 %, 7503 MiB, 49140 MiB, 291.33 W, 300.00 W, 73, 1725 MHz
2026/09/23 12:20:41.646, 0, 97 %, 87 %, 7503 MiB, 49140 MiB, 293.00 W, 300.00 W, 72, 1665 MHz
2026/09/23 12:20:42.647, 0, 98 %, 86 %, 7503 MiB, 49140 MiB, 291.98 W, 300.00 W, 75, 1560 MHz
2026/09/23 12:20:43.648, 0, 96 %, 85 %, 7503 MiB, 49140 MiB, 292.66 W, 300.00 W, 73, 1860 MHz
2026/09/23 12:20:44.650, 0, 97 %, 86 %, 7503 MiB, 49140 MiB, 292.43 W, 300.00 W, 75, 1575 MHz
2026/09/23 12:20:45.651, 0, 94 %, 65 %, 7503 MiB, 49140 MiB, 265.17 W, 300.00 W, 68, 2730 MHz
2026/09/23 12:20:46.651, 0, 0 %, 0 %, 7503 MiB, 49140 MiB, 160.58 W, 300.00 W, 73, 1980 MHz
2026/09/23 12:20:47.652, 0, 97 %, 87 %, 7503 MiB, 49140 MiB, 298.38 W, 300.00 W, 74, 1680 MHz
2026/09/23 12:20:48.653, 0, 97 %, 85 %, 7503 MiB, 49140 MiB, 292.69 W, 300.00 W, 74, 1620 MHz
2026/09/23 12:20:49.654, 0, 98 %, 86 %, 7503 MiB, 49140 MiB, 290.81 W, 300.00 W, 73, 1815 MHz
2026/09/23 12:20:50.655, 0, 96 %, 85 %, 7503 MiB, 49140 MiB, 292.13 W, 300.00 W, 71, 2055 MHz
2026/09/23 12:20:51.657, 0, 97 %, 86 %, 7503 MiB, 49140 MiB, 291.30 W, 300.00 W, 74, 1530 MHz
2026/09/23 12:20:52.657, 0, 98 %, 86 %, 7503 MiB, 49140 MiB, 292.02 W, 300.00 W, 73, 1695 MHz
2026/09/23 12:20:53.658, 0, 98 %, 87 %, 7503 MiB, 49140 MiB, 290.61 W, 300.00 W, 73, 1635 MHz
2026/09/23 12:20:54.660, 0, 98 %, 87 %, 7503 MiB, 49140 MiB, 291.95 W, 300.00 W, 73, 1815 MHz
2026/09/23 12:20:55.661, 0, 97 %, 86 %, 7503 MiB, 49140 MiB, 293.36 W, 300.00 W, 73, 1905 MHz
2026/09/23 12:20:56.661, 0, 97 %, 87 %, 7503 MiB, 49140 MiB, 290.87 W, 300.00 W, 75, 1545 MHz
2026/09/23 12:20:57.662, 0, 98 %, 86 %, 7503 MiB, 49140 MiB, 292.37 W, 300.00 W, 73, 1920 MHz
2026/09/23 12:20:58.663, 0, 98 %, 86 %, 7503 MiB, 49140 MiB, 291.93 W, 300.00 W, 72, 2055 MHz
2026/09/23 12:20:59.664, 0, 98 %, 86 %, 7503 MiB, 49140 MiB, 291.99 W, 300.00 W, 74, 1560 MHz
2026/09/23 12:21:00.664, 0, 97 %, 86 %, 7503 MiB, 49140 MiB, 292.53 W, 300.00 W, 74, 1740 MHz
2026/09/23 12:21:01.665, 0, 98 %, 87 %, 7503 MiB, 49140 MiB, 291.01 W, 300.00 W, 73, 1695 MHz
2026/09/23 12:21:02.666, 0, 97 %, 86 %, 7503 MiB, 49140 MiB, 291.25 W, 300.00 W, 73, 1860 MHz
2026/09/23 12:21:03.667, 0, 97 %, 86 %, 7503 MiB, 49140 MiB, 293.20 W, 300.00 W, 71, 2160 MHz
2026/09/23 12:21:04.667, 0, 97 %, 85 %, 7503 MiB, 49140 MiB, 290.12 W, 300.00 W, 74, 1530 MHz
2026/09/23 12:21:05.668, 0, 98 %, 86 %, 7503 MiB, 49140 MiB, 293.08 W, 300.00 W, 73, 1830 MHz
2026/09/23 12:21:06.670, 0, 97 %, 86 %, 7503 MiB, 49140 MiB, 290.41 W, 300.00 W, 73, 1620 MHz
2026/09/23 12:21:07.673, 0, 97 %, 85 %, 7503 MiB, 49140 MiB, 290.59 W, 300.00 W, 73, 1800 MHz
2026/09/23 12:21:08.675, 0, 97 %, 85 %, 7503 MiB, 49140 MiB, 290.94 W, 300.00 W, 72, 2070 MHz
2026/09/23 12:21:09.676, 0, 98 %, 86 %, 7503 MiB, 49140 MiB, 292.31 W, 300.00 W, 74, 1530 MHz
2026/09/23 12:21:10.676, 0, 94 %, 69 %, 7503 MiB, 49140 MiB, 297.31 W, 300.00 W, 75, 1455 MHz
2026/09/23 12:21:11.677, 0, 0 %, 0 %, 7503 MiB, 49140 MiB, 151.30 W, 300.00 W, 67, 2730 MHz
2026/09/23 12:21:12.678, 0, 96 %, 86 %, 7503 MiB, 49140 MiB, 255.52 W, 300.00 W, 74, 1710 MHz
2026/09/23 12:21:13.679, 0, 96 %, 85 %, 7503 MiB, 49140 MiB, 291.76 W, 300.00 W, 73, 1845 MHz
2026/09/23 12:21:14.679, 0, 98 %, 87 %, 7503 MiB, 49140 MiB, 291.41 W, 300.00 W, 73, 1935 MHz
2026/09/23 12:21:15.681, 0, 95 %, 86 %, 7503 MiB, 49140 MiB, 289.02 W, 300.00 W, 72, 1860 MHz
2026/09/23 12:21:16.681, 0, 97 %, 87 %, 7503 MiB, 49140 MiB, 292.41 W, 300.00 W, 72, 1935 MHz
2026/09/23 12:21:17.684, 0, 97 %, 85 %, 7503 MiB, 49140 MiB, 290.84 W, 300.00 W, 74, 1560 MHz
2026/09/23 12:21:18.686, 0, 97 %, 85 %, 7503 MiB, 49140 MiB, 293.16 W, 300.00 W, 73, 1830 MHz
2026/09/23 12:21:19.688, 0, 97 %, 86 %, 7503 MiB, 49140 MiB, 290.62 W, 300.00 W, 73, 1695 MHz
2026/09/23 12:21:20.689, 0, 96 %, 85 %, 7503 MiB, 49140 MiB, 290.84 W, 300.00 W, 73, 1830 MHz
2026/09/23 12:21:21.689, 0, 97 %, 86 %, 7503 MiB, 49140 MiB, 290.94 W, 300.00 W, 72, 2025 MHz
2026/09/23 12:21:22.691, 0, 96 %, 85 %, 7503 MiB, 49140 MiB, 291.23 W, 300.00 W, 74, 1605 MHz
2026/09/23 12:21:23.693, 0, 97 %, 85 %, 7503 MiB, 49140 MiB, 293.01 W, 300.00 W, 74, 1665 MHz
2026/09/23 12:21:24.693, 0, 96 %, 84 %, 7503 MiB, 49140 MiB, 290.99 W, 300.00 W, 73, 1590 MHz
2026/09/23 12:21:25.695, 0, 98 %, 86 %, 7503 MiB, 49140 MiB, 291.75 W, 300.00 W, 73, 1815 MHz
2026/09/23 12:21:26.696, 0, 97 %, 86 %, 7503 MiB, 49140 MiB, 291.95 W, 300.00 W, 72, 1950 MHz
2026/09/23 12:21:27.696, 0, 97 %, 85 %, 7503 MiB, 49140 MiB, 291.91 W, 300.00 W, 75, 1530 MHz
2026/09/23 12:21:28.697, 0, 97 %, 85 %, 7503 MiB, 49140 MiB, 292.82 W, 300.00 W, 73, 1950 MHz
2026/09/23 12:21:29.698, 0, 97 %, 87 %, 7503 MiB, 49140 MiB, 290.13 W, 300.00 W, 73, 1815 MHz
2026/09/23 12:21:30.698, 0, 98 %, 87 %, 7503 MiB, 49140 MiB, 291.92 W, 300.00 W, 73, 1815 MHz
2026/09/23 12:21:31.699, 0, 98 %, 86 %, 7503 MiB, 49140 MiB, 293.60 W, 300.00 W, 74, 1725 MHz
2026/09/23 12:21:32.700, 0, 96 %, 84 %, 7503 MiB, 49140 MiB, 290.60 W, 300.00 W, 74, 2010 MHz
2026/09/23 12:21:33.701, 0, 98 %, 86 %, 7503 MiB, 49140 MiB, 292.40 W, 300.00 W, 73, 1545 MHz
2026/09/23 12:21:34.702, 0, 98 %, 86 %, 7503 MiB, 49140 MiB, 291.24 W, 300.00 W, 72, 1695 MHz
2026/09/23 12:21:35.702, 0, 97 %, 85 %, 7503 MiB, 49140 MiB, 291.01 W, 300.00 W, 75, 1545 MHz
2026/09/23 12:21:36.703, 0, 95 %, 65 %, 7503 MiB, 49140 MiB, 254.40 W, 300.00 W, 68, 2730 MHz
2026/09/23 12:21:37.703, 0, 0 %, 0 %, 7503 MiB, 49140 MiB, 165.44 W, 300.00 W, 73, 1680 MHz
2026/09/23 12:21:38.704, 0, 98 %, 86 %, 7503 MiB, 49140 MiB, 290.62 W, 300.00 W, 72, 1575 MHz
2026/09/23 12:21:39.705, 0, 98 %, 87 %, 7503 MiB, 49140 MiB, 292.86 W, 300.00 W, 72, 1860 MHz
2026/09/23 12:21:40.706, 0, 96 %, 85 %, 7503 MiB, 49140 MiB, 291.07 W, 300.00 W, 74, 1950 MHz
2026/09/23 12:21:41.707, 0, 96 %, 84 %, 7503 MiB, 49140 MiB, 292.12 W, 300.00 W, 73, 1770 MHz
2026/09/23 12:21:42.708, 0, 98 %, 87 %, 7503 MiB, 49140 MiB, 291.38 W, 300.00 W, 72, 1785 MHz
2026/09/23 12:21:43.710, 0, 97 %, 86 %, 7503 MiB, 49140 MiB, 291.34 W, 300.00 W, 73, 1620 MHz
2026/09/23 12:21:44.711, 0, 96 %, 85 %, 7503 MiB, 49140 MiB, 292.62 W, 300.00 W, 73, 1920 MHz
2026/09/23 12:21:45.713, 0, 97 %, 86 %, 7503 MiB, 49140 MiB, 291.77 W, 300.00 W, 74, 2010 MHz
2026/09/23 12:21:46.713, 0, 98 %, 86 %, 7503 MiB, 49140 MiB, 291.96 W, 300.00 W, 73, 1545 MHz
2026/09/23 12:21:47.716, 0, 97 %, 86 %, 7503 MiB, 49140 MiB, 292.64 W, 300.00 W, 73, 1890 MHz
2026/09/23 12:21:48.717, 0, 95 %, 84 %, 7503 MiB, 49140 MiB, 291.04 W, 300.00 W, 75, 1770 MHz
2026/09/23 12:21:49.718, 0, 97 %, 85 %, 7503 MiB, 49140 MiB, 292.54 W, 300.00 W, 73, 1800 MHz
2026/09/23 12:21:50.719, 0, 98 %, 87 %, 7503 MiB, 49140 MiB, 291.23 W, 300.00 W, 72, 1815 MHz
2026/09/23 12:21:51.720, 0, 97 %, 86 %, 7503 MiB, 49140 MiB, 292.08 W, 300.00 W, 73, 1635 MHz
2026/09/23 12:21:52.721, 0, 97 %, 86 %, 7503 MiB, 49140 MiB, 293.32 W, 300.00 W, 73, 1845 MHz
2026/09/23 12:21:53.722, 0, 97 %, 86 %, 7503 MiB, 49140 MiB, 291.65 W, 300.00 W, 73, 1965 MHz
2026/09/23 12:21:54.723, 0, 96 %, 86 %, 7503 MiB, 49140 MiB, 291.47 W, 300.00 W, 73, 1575 MHz
2026/09/23 12:21:55.724, 0, 96 %, 85 %, 7503 MiB, 49140 MiB, 293.51 W, 300.00 W, 73, 1950 MHz
2026/09/23 12:21:56.726, 0, 97 %, 85 %, 7503 MiB, 49140 MiB, 290.81 W, 300.00 W, 75, 1920 MHz
2026/09/23 12:21:57.727, 0, 98 %, 86 %, 7503 MiB, 49140 MiB, 291.26 W, 300.00 W, 73, 1860 MHz
2026/09/23 12:21:58.727, 0, 98 %, 87 %, 7503 MiB, 49140 MiB, 291.09 W, 300.00 W, 73, 1890 MHz
2026/09/23 12:21:59.729, 0, 97 %, 87 %, 7503 MiB, 49140 MiB, 292.56 W, 300.00 W, 74, 1710 MHz
2026/09/23 12:22:00.730, 0, 97 %, 85 %, 7503 MiB, 49140 MiB, 293.41 W, 300.00 W, 73, 1800 MHz
2026/09/23 12:22:01.732, 0, 86 %, 64 %, 7503 MiB, 49140 MiB, 295.71 W, 300.00 W, 74, 1530 MHz
2026/09/23 12:22:02.732, 0, 1 %, 0 %, 7503 MiB, 49140 MiB, 140.89 W, 300.00 W, 67, 2730 MHz
2026/09/23 12:22:03.733, 0, 0 %, 0 %, 7503 MiB, 49140 MiB, 111.35 W, 300.00 W, 72, 2085 MHz
2026/09/23 12:22:04.733, 0, 98 %, 86 %, 7503 MiB, 49140 MiB, 289.15 W, 300.00 W, 72, 1560 MHz
2026/09/23 12:22:05.735, 0, 97 %, 87 %, 7503 MiB, 49140 MiB, 293.41 W, 300.00 W, 73, 1935 MHz
2026/09/23 12:22:06.736, 0, 97 %, 85 %, 7503 MiB, 49140 MiB, 290.85 W, 300.00 W, 73, 2010 MHz
2026/09/23 12:22:07.737, 0, 97 %, 87 %, 7503 MiB, 49140 MiB, 291.11 W, 300.00 W, 73, 1605 MHz
2026/09/23 12:22:08.738, 0, 98 %, 88 %, 7503 MiB, 49140 MiB, 293.16 W, 300.00 W, 73, 1860 MHz
2026/09/23 12:22:09.739, 0, 97 %, 85 %, 7503 MiB, 49140 MiB, 290.44 W, 300.00 W, 73, 2025 MHz
2026/09/23 12:22:10.740, 0, 98 %, 87 %, 7503 MiB, 49140 MiB, 291.81 W, 300.00 W, 73, 1560 MHz
2026/09/23 12:22:11.742, 0, 97 %, 87 %, 7503 MiB, 49140 MiB, 293.16 W, 300.00 W, 74, 1905 MHz
2026/09/23 12:22:12.743, 0, 98 %, 85 %, 7503 MiB, 49140 MiB, 290.57 W, 300.00 W, 73, 2040 MHz
2026/09/23 12:22:13.744, 0, 97 %, 85 %, 7503 MiB, 49140 MiB, 291.06 W, 300.00 W, 72, 1635 MHz
2026/09/23 12:22:14.745, 0, 98 %, 86 %, 7503 MiB, 49140 MiB, 290.98 W, 300.00 W, 71, 1695 MHz
2026/09/23 12:22:15.745, 0, 97 %, 86 %, 7503 MiB, 49140 MiB, 291.71 W, 300.00 W, 74, 1770 MHz
2026/09/23 12:22:16.747, 0, 97 %, 85 %, 7503 MiB, 49140 MiB, 292.16 W, 300.00 W, 72, 1695 MHz
2026/09/23 12:22:17.748, 0, 98 %, 85 %, 7503 MiB, 49140 MiB, 291.36 W, 300.00 W, 72, 1695 MHz
2026/09/23 12:22:18.749, 0, 97 %, 87 %, 7503 MiB, 49140 MiB, 291.67 W, 300.00 W, 74, 1665 MHz
2026/09/23 12:22:19.750, 0, 97 %, 85 %, 7503 MiB, 49140 MiB, 292.55 W, 300.00 W, 73, 1785 MHz
2026/09/23 12:22:20.750, 0, 97 %, 87 %, 7503 MiB, 49140 MiB, 290.40 W, 300.00 W, 73, 1935 MHz
2026/09/23 12:22:21.751, 0, 97 %, 86 %, 7503 MiB, 49140 MiB, 291.58 W, 300.00 W, 73, 1995 MHz
2026/09/23 12:22:22.753, 0, 98 %, 86 %, 7503 MiB, 49140 MiB, 292.29 W, 300.00 W, 73, 1575 MHz
2026/09/23 12:22:23.753, 0, 97 %, 86 %, 7503 MiB, 49140 MiB, 288.90 W, 300.00 W, 73, 1845 MHz
2026/09/23 12:22:24.754, 0, 96 %, 85 %, 7503 MiB, 49140 MiB, 290.64 W, 300.00 W, 73, 1680 MHz
2026/09/23 12:22:25.755, 0, 97 %, 86 %, 7503 MiB, 49140 MiB, 292.58 W, 300.00 W, 72, 1845 MHz
2026/09/23 12:22:26.757, 0, 97 %, 86 %, 7503 MiB, 49140 MiB, 290.55 W, 300.00 W, 74, 1755 MHz
2026/09/23 12:22:27.757, 0, 88 %, 65 %, 7503 MiB, 49140 MiB, 296.72 W, 300.00 W, 74, 1560 MHz
2026/09/23 12:22:28.760, 0, 0 %, 0 %, 7503 MiB, 49140 MiB, 184.86 W, 300.00 W, 67, 2730 MHz
2026/09/23 12:22:29.760, 0, 98 %, 88 %, 7503 MiB, 49140 MiB, 236.57 W, 300.00 W, 72, 1920 MHz
2026/09/23 12:22:30.761, 0, 96 %, 85 %, 7503 MiB, 49140 MiB, 291.55 W, 300.00 W, 73, 2100 MHz
2026/09/23 12:22:31.762, 0, 97 %, 87 %, 7503 MiB, 49140 MiB, 293.30 W, 300.00 W, 73, 1575 MHz
2026/09/23 12:22:32.763, 0, 98 %, 86 %, 7503 MiB, 49140 MiB, 290.39 W, 300.00 W, 73, 1890 MHz
2026/09/23 12:22:33.764, 0, 97 %, 87 %, 7503 MiB, 49140 MiB, 291.52 W, 300.00 W, 73, 1980 MHz
2026/09/23 12:22:34.765, 0, 98 %, 87 %, 7503 MiB, 49140 MiB, 293.43 W, 300.00 W, 74, 1560 MHz
2026/09/23 12:22:35.765, 0, 98 %, 86 %, 7503 MiB, 49140 MiB, 291.50 W, 300.00 W, 73, 1860 MHz
2026/09/23 12:22:36.766, 0, 96 %, 86 %, 7503 MiB, 49140 MiB, 290.59 W, 300.00 W, 72, 1695 MHz
2026/09/23 12:22:37.768, 0, 95 %, 85 %, 7503 MiB, 49140 MiB, 291.64 W, 300.00 W, 72, 1905 MHz
2026/09/23 12:22:38.769, 0, 96 %, 86 %, 7503 MiB, 49140 MiB, 289.15 W, 300.00 W, 74, 1995 MHz
2026/09/23 12:22:39.769, 0, 97 %, 85 %, 7503 MiB, 49140 MiB, 292.55 W, 300.00 W, 73, 1605 MHz
2026/09/23 12:22:40.770, 0, 97 %, 87 %, 7503 MiB, 49140 MiB, 289.50 W, 300.00 W, 73, 1830 MHz
2026/09/23 12:22:41.772, 0, 97 %, 86 %, 7503 MiB, 49140 MiB, 292.02 W, 300.00 W, 73, 1950 MHz
2026/09/23 12:22:42.773, 0, 97 %, 86 %, 7503 MiB, 49140 MiB, 293.54 W, 300.00 W, 74, 1545 MHz
2026/09/23 12:22:43.773, 0, 98 %, 85 %, 7503 MiB, 49140 MiB, 291.33 W, 300.00 W, 74, 1725 MHz
2026/09/23 12:22:44.774, 0, 97 %, 86 %, 7503 MiB, 49140 MiB, 291.73 W, 300.00 W, 73, 1650 MHz
2026/09/23 12:22:45.775, 0, 97 %, 86 %, 7503 MiB, 49140 MiB, 293.38 W, 300.00 W, 72, 1845 MHz
2026/09/23 12:22:46.775, 0, 96 %, 85 %, 7503 MiB, 49140 MiB, 291.30 W, 300.00 W, 75, 1935 MHz
2026/09/23 12:22:47.776, 0, 97 %, 85 %, 7503 MiB, 49140 MiB, 291.66 W, 300.00 W, 73, 1665 MHz
2026/09/23 12:22:48.777, 0, 97 %, 85 %, 7503 MiB, 49140 MiB, 292.46 W, 300.00 W, 72, 1785 MHz
2026/09/23 12:22:49.778, 0, 97 %, 85 %, 7503 MiB, 49140 MiB, 291.33 W, 300.00 W, 74, 2010 MHz
2026/09/23 12:22:50.780, 0, 98 %, 86 %, 7503 MiB, 49140 MiB, 292.88 W, 300.00 W, 73, 1590 MHz
2026/09/23 12:22:51.781, 0, 97 %, 87 %, 7503 MiB, 49140 MiB, 291.74 W, 300.00 W, 73, 1950 MHz
2026/09/23 12:22:52.783, 0, 98 %, 86 %, 7503 MiB, 49140 MiB, 295.12 W, 300.00 W, 75, 1500 MHz
2026/09/23 12:22:53.783, 0, 95 %, 65 %, 7503 MiB, 49140 MiB, 233.88 W, 300.00 W, 68, 2730 MHz
2026/09/23 12:22:54.784, 0, 0 %, 0 %, 7503 MiB, 49140 MiB, 189.69 W, 300.00 W, 72, 1770 MHz
2026/09/23 12:22:55.785, 0, 98 %, 84 %, 7503 MiB, 49140 MiB, 291.18 W, 300.00 W, 74, 1680 MHz
2026/09/23 12:22:56.786, 0, 98 %, 88 %, 7503 MiB, 49140 MiB, 291.63 W, 300.00 W, 72, 1635 MHz
2026/09/23 12:22:57.787, 0, 97 %, 89 %, 7503 MiB, 49140 MiB, 292.04 W, 300.00 W, 71, 1830 MHz
2026/09/23 12:22:58.788, 0, 95 %, 85 %, 7503 MiB, 49140 MiB, 290.50 W, 300.00 W, 73, 1965 MHz
2026/09/23 12:22:59.789, 0, 97 %, 82 %, 7503 MiB, 49140 MiB, 291.51 W, 300.00 W, 73, 1560 MHz
2026/09/23 12:23:00.790, 0, 97 %, 88 %, 7503 MiB, 49140 MiB, 290.32 W, 300.00 W, 73, 1860 MHz
2026/09/23 12:23:01.790, 0, 97 %, 87 %, 7503 MiB, 49140 MiB, 291.97 W, 300.00 W, 73, 2040 MHz
2026/09/23 12:23:02.791, 0, 97 %, 87 %, 7503 MiB, 49140 MiB, 291.98 W, 300.00 W, 73, 1800 MHz
2026/09/23 12:23:03.792, 0, 98 %, 83 %, 7503 MiB, 49140 MiB, 291.24 W, 300.00 W, 74, 1695 MHz
2026/09/23 12:23:04.793, 0, 97 %, 86 %, 7503 MiB, 49140 MiB, 290.84 W, 300.00 W, 73, 1635 MHz
2026/09/23 12:23:05.793, 0, 95 %, 84 %, 7503 MiB, 49140 MiB, 291.17 W, 300.00 W, 73, 1920 MHz
2026/09/23 12:23:06.794, 0, 96 %, 85 %, 7503 MiB, 49140 MiB, 292.14 W, 300.00 W, 73, 2040 MHz
2026/09/23 12:23:07.796, 0, 97 %, 85 %, 7503 MiB, 49140 MiB, 292.17 W, 300.00 W, 74, 1620 MHz
2026/09/23 12:23:08.797, 0, 94 %, 81 %, 7503 MiB, 49140 MiB, 288.11 W, 300.00 W, 74, 1935 MHz
2026/09/23 12:23:09.798, 0, 97 %, 82 %, 7503 MiB, 49140 MiB, 292.07 W, 300.00 W, 73, 1620 MHz
2026/09/23 12:23:10.800, 0, 97 %, 86 %, 7503 MiB, 49140 MiB, 291.80 W, 300.00 W, 72, 1575 MHz
2026/09/23 12:23:11.801, 0, 94 %, 83 %, 7503 MiB, 49140 MiB, 291.68 W, 300.00 W, 73, 1725 MHz
2026/09/23 12:23:12.802, 0, 97 %, 83 %, 7503 MiB, 49140 MiB, 292.68 W, 300.00 W, 73, 1665 MHz
2026/09/23 12:23:13.804, 0, 98 %, 88 %, 7503 MiB, 49140 MiB, 289.58 W, 300.00 W, 74, 1860 MHz
2026/09/23 12:23:14.804, 0, 98 %, 88 %, 7503 MiB, 49140 MiB, 290.37 W, 300.00 W, 73, 1935 MHz
2026/09/23 12:23:15.806, 0, 98 %, 88 %, 7503 MiB, 49140 MiB, 292.36 W, 300.00 W, 72, 1560 MHz
2026/09/23 12:23:16.807, 0, 96 %, 85 %, 7503 MiB, 49140 MiB, 291.03 W, 300.00 W, 73, 1695 MHz
2026/09/23 12:23:17.808, 0, 97 %, 85 %, 7503 MiB, 49140 MiB, 292.53 W, 300.00 W, 74, 1635 MHz
2026/09/23 12:23:18.808, 0, 95 %, 68 %, 7503 MiB, 49140 MiB, 297.48 W, 300.00 W, 75, 1455 MHz
2026/09/23 12:23:19.809, 0, 0 %, 0 %, 7503 MiB, 49140 MiB, 148.59 W, 300.00 W, 72, 2025 MHz
2026/09/23 12:23:20.810, 0, 98 %, 87 %, 7503 MiB, 49140 MiB, 291.61 W, 300.00 W, 72, 1905 MHz
2026/09/23 12:23:21.811, 0, 98 %, 86 %, 7503 MiB, 49140 MiB, 293.26 W, 300.00 W, 73, 1680 MHz
2026/09/23 12:23:22.812, 0, 97 %, 83 %, 7503 MiB, 49140 MiB, 290.22 W, 300.00 W, 74, 1845 MHz
2026/09/23 12:23:23.813, 0, 98 %, 89 %, 7503 MiB, 49140 MiB, 291.76 W, 300.00 W, 72, 1935 MHz
2026/09/23 12:23:24.814, 0, 97 %, 87 %, 7503 MiB, 49140 MiB, 292.59 W, 300.00 W, 71, 1605 MHz
2026/09/23 12:23:25.815, 0, 95 %, 83 %, 7503 MiB, 49140 MiB, 290.39 W, 300.00 W, 75, 1935 MHz
2026/09/23 12:23:26.816, 0, 96 %, 83 %, 7503 MiB, 49140 MiB, 291.14 W, 300.00 W, 73, 2040 MHz
2026/09/23 12:23:27.819, 0, 98 %, 87 %, 7503 MiB, 49140 MiB, 292.53 W, 300.00 W, 72, 1590 MHz
2026/09/23 12:23:28.820, 0, 97 %, 86 %, 7503 MiB, 49140 MiB, 291.86 W, 300.00 W, 74, 1875 MHz
2026/09/23 12:23:29.821, 0, 97 %, 81 %, 7503 MiB, 49140 MiB, 291.51 W, 300.00 W, 73, 1920 MHz
2026/09/23 12:23:30.822, 0, 97 %, 87 %, 7503 MiB, 49140 MiB, 290.68 W, 300.00 W, 73, 1740 MHz
2026/09/23 12:23:31.823, 0, 97 %, 86 %, 7503 MiB, 49140 MiB, 291.61 W, 300.00 W, 73, 1725 MHz
2026/09/23 12:23:32.824, 0, 98 %, 85 %, 7503 MiB, 49140 MiB, 293.19 W, 300.00 W, 73, 1650 MHz
2026/09/23 12:23:33.825, 0, 97 %, 88 %, 7503 MiB, 49140 MiB, 291.15 W, 300.00 W, 73, 1800 MHz
2026/09/23 12:23:34.826, 0, 96 %, 86 %, 7503 MiB, 49140 MiB, 289.95 W, 300.00 W, 72, 1995 MHz
2026/09/23 12:23:35.830, 0, 97 %, 89 %, 7503 MiB, 49140 MiB, 291.39 W, 300.00 W, 72, 1515 MHz
2026/09/23 12:23:36.831, 0, 94 %, 84 %, 7503 MiB, 49140 MiB, 289.16 W, 300.00 W, 73, 1710 MHz
2026/09/23 12:23:37.832, 0, 98 %, 86 %, 7503 MiB, 49140 MiB, 291.80 W, 300.00 W, 74, 1620 MHz
2026/09/23 12:23:38.832, 0, 97 %, 88 %, 7503 MiB, 49140 MiB, 291.02 W, 300.00 W, 74, 1845 MHz
2026/09/23 12:23:39.833, 0, 96 %, 88 %, 7503 MiB, 49140 MiB, 291.60 W, 300.00 W, 73, 1905 MHz
2026/09/23 12:23:40.835, 0, 98 %, 86 %, 7503 MiB, 49140 MiB, 293.33 W, 300.00 W, 73, 1635 MHz
2026/09/23 12:23:41.837, 0, 98 %, 83 %, 7503 MiB, 49140 MiB, 291.23 W, 300.00 W, 74, 1770 MHz
2026/09/23 12:23:42.838, 0, 96 %, 86 %, 7503 MiB, 49140 MiB, 290.50 W, 300.00 W, 73, 2055 MHz
2026/09/23 12:23:43.838, 0, 85 %, 63 %, 7503 MiB, 49140 MiB, 296.07 W, 300.00 W, 75, 1560 MHz
2026/09/23 12:23:44.839, 0, 31 %, 22 %, 7503 MiB, 49140 MiB, 186.75 W, 300.00 W, 67, 2655 MHz
2026/09/23 12:23:45.840, 0, 96 %, 86 %, 7503 MiB, 49140 MiB, 229.43 W, 300.00 W, 73, 1710 MHz
2026/09/23 12:23:46.841, 0, 97 %, 83 %, 7503 MiB, 49140 MiB, 292.72 W, 300.00 W, 73, 1875 MHz
2026/09/23 12:23:47.841, 0, 98 %, 88 %, 7503 MiB, 49140 MiB, 289.85 W, 300.00 W, 73, 1845 MHz
2026/09/23 12:23:48.843, 0, 97 %, 87 %, 7503 MiB, 49140 MiB, 292.22 W, 300.00 W, 73, 1650 MHz
2026/09/23 12:23:49.845, 0, 98 %, 85 %, 7503 MiB, 49140 MiB, 292.03 W, 300.00 W, 74, 1575 MHz
2026/09/23 12:23:50.845, 0, 97 %, 86 %, 7503 MiB, 49140 MiB, 290.61 W, 300.00 W, 74, 1800 MHz
2026/09/23 12:23:51.846, 0, 96 %, 88 %, 7503 MiB, 49140 MiB, 291.35 W, 300.00 W, 72, 2010 MHz
2026/09/23 12:23:52.847, 0, 98 %, 88 %, 7503 MiB, 49140 MiB, 293.15 W, 300.00 W, 72, 1575 MHz
2026/09/23 12:23:53.848, 0, 95 %, 81 %, 7503 MiB, 49140 MiB, 290.34 W, 300.00 W, 74, 1860 MHz
2026/09/23 12:23:54.849, 0, 97 %, 82 %, 7503 MiB, 49140 MiB, 291.46 W, 300.00 W, 73, 1935 MHz
2026/09/23 12:23:55.850, 0, 98 %, 88 %, 7503 MiB, 49140 MiB, 291.30 W, 300.00 W, 73, 1725 MHz
2026/09/23 12:23:56.851, 0, 97 %, 86 %, 7503 MiB, 49140 MiB, 292.11 W, 300.00 W, 73, 1635 MHz
2026/09/23 12:23:57.852, 0, 96 %, 84 %, 7503 MiB, 49140 MiB, 291.65 W, 300.00 W, 73, 1740 MHz
2026/09/23 12:23:58.853, 0, 93 %, 81 %, 7503 MiB, 49140 MiB, 288.09 W, 300.00 W, 74, 1575 MHz
2026/09/23 12:23:59.854, 0, 96 %, 85 %, 7503 MiB, 49140 MiB, 290.86 W, 300.00 W, 73, 1725 MHz
2026/09/23 12:24:00.855, 0, 98 %, 88 %, 7503 MiB, 49140 MiB, 291.55 W, 300.00 W, 72, 1635 MHz
2026/09/23 12:24:01.858, 0, 95 %, 85 %, 7503 MiB, 49140 MiB, 291.57 W, 300.00 W, 73, 1845 MHz
2026/09/23 12:24:02.858, 0, 97 %, 82 %, 7503 MiB, 49140 MiB, 292.62 W, 300.00 W, 73, 1815 MHz
2026/09/23 12:24:03.859, 0, 97 %, 87 %, 7503 MiB, 49140 MiB, 290.52 W, 300.00 W, 73, 1620 MHz
2026/09/23 12:24:04.860, 0, 98 %, 87 %, 7503 MiB, 49140 MiB, 291.15 W, 300.00 W, 73, 1950 MHz
2026/09/23 12:24:05.860, 0, 98 %, 86 %, 7503 MiB, 49140 MiB, 293.69 W, 300.00 W, 74, 2085 MHz
2026/09/23 12:24:06.861, 0, 98 %, 86 %, 7503 MiB, 49140 MiB, 290.34 W, 300.00 W, 74, 1545 MHz
2026/09/23 12:24:07.862, 0, 98 %, 89 %, 7503 MiB, 49140 MiB, 291.83 W, 300.00 W, 73, 1935 MHz
2026/09/23 12:24:08.863, 0, 98 %, 88 %, 7503 MiB, 49140 MiB, 294.19 W, 300.00 W, 74, 1590 MHz
2026/09/23 12:24:09.864, 0, 94 %, 68 %, 7503 MiB, 49140 MiB, 253.18 W, 300.00 W, 68, 2505 MHz
2026/09/23 12:24:10.864, 0, 0 %, 0 %, 7503 MiB, 49140 MiB, 154.45 W, 300.00 W, 73, 1560 MHz
2026/09/23 12:24:11.866, 0, 98 %, 88 %, 7503 MiB, 49140 MiB, 290.25 W, 300.00 W, 73, 1890 MHz
2026/09/23 12:24:12.868, 0, 98 %, 88 %, 7503 MiB, 49140 MiB, 293.04 W, 300.00 W, 73, 1950 MHz
2026/09/23 12:24:13.869, 0, 97 %, 83 %, 7503 MiB, 49140 MiB, 290.49 W, 300.00 W, 74, 1770 MHz
2026/09/23 12:24:14.870, 0, 98 %, 83 %, 7503 MiB, 49140 MiB, 291.37 W, 300.00 W, 73, 1635 MHz
2026/09/23 12:24:15.871, 0, 98 %, 87 %, 7503 MiB, 49140 MiB, 291.89 W, 300.00 W, 71, 1650 MHz
2026/09/23 12:24:16.872, 0, 95 %, 84 %, 7503 MiB, 49140 MiB, 289.26 W, 300.00 W, 73, 1860 MHz
2026/09/23 12:24:17.874, 0, 98 %, 87 %, 7503 MiB, 49140 MiB, 291.27 W, 300.00 W, 74, 2010 MHz
2026/09/23 12:24:18.875, 0, 98 %, 83 %, 7503 MiB, 49140 MiB, 288.85 W, 300.00 W, 74, 1890 MHz
2026/09/23 12:24:19.876, 0, 97 %, 82 %, 7503 MiB, 49140 MiB, 291.27 W, 300.00 W, 73, 1695 MHz
2026/09/23 12:24:20.876, 0, 98 %, 87 %, 7503 MiB, 49140 MiB, 292.22 W, 300.00 W, 72, 1665 MHz
2026/09/23 12:24:21.878, 0, 96 %, 86 %, 7503 MiB, 49140 MiB, 290.59 W, 300.00 W, 74, 1860 MHz
2026/09/23 12:24:22.880, 0, 97 %, 82 %, 7503 MiB, 49140 MiB, 291.01 W, 300.00 W, 73, 2100 MHz
2026/09/23 12:24:23.881, 0, 98 %, 83 %, 7503 MiB, 49140 MiB, 289.36 W, 300.00 W, 74, 1605 MHz
2026/09/23 12:24:24.882, 0, 98 %, 88 %, 7503 MiB, 49140 MiB, 292.76 W, 300.00 W, 73, 1860 MHz
2026/09/23 12:24:25.883, 0, 98 %, 88 %, 7503 MiB, 49140 MiB, 291.93 W, 300.00 W, 72, 1710 MHz
2026/09/23 12:24:26.883, 0, 95 %, 85 %, 7503 MiB, 49140 MiB, 290.42 W, 300.00 W, 74, 1890 MHz
2026/09/23 12:24:27.884, 0, 96 %, 81 %, 7503 MiB, 49140 MiB, 291.66 W, 300.00 W, 73, 1935 MHz
2026/09/23 12:24:28.885, 0, 97 %, 87 %, 7503 MiB, 49140 MiB, 291.73 W, 300.00 W, 73, 1590 MHz
2026/09/23 12:24:29.885, 0, 98 %, 88 %, 7503 MiB, 49140 MiB, 290.30 W, 300.00 W, 73, 1995 MHz
2026/09/23 12:24:30.887, 0, 97 %, 87 %, 7503 MiB, 49140 MiB, 292.32 W, 300.00 W, 73, 1860 MHz
2026/09/23 12:24:31.888, 0, 98 %, 85 %, 7503 MiB, 49140 MiB, 290.63 W, 300.00 W, 75, 1800 MHz
2026/09/23 12:24:32.889, 0, 98 %, 83 %, 7503 MiB, 49140 MiB, 292.25 W, 300.00 W, 73, 1635 MHz
2026/09/23 12:24:33.890, 0, 96 %, 86 %, 7503 MiB, 49140 MiB, 291.51 W, 300.00 W, 72, 1605 MHz
2026/09/23 12:24:34.891, 0, 94 %, 66 %, 7503 MiB, 49140 MiB, 298.41 W, 300.00 W, 74, 1500 MHz
2026/09/23 12:24:35.891, 0, 0 %, 0 %, 7503 MiB, 49140 MiB, 134.19 W, 300.00 W, 71, 2355 MHz
2026/09/23 12:24:36.892, 0, 97 %, 85 %, 7503 MiB, 49140 MiB, 272.98 W, 300.00 W, 73, 2010 MHz
2026/09/23 12:24:37.892, 0, 97 %, 84 %, 7503 MiB, 49140 MiB, 290.09 W, 300.00 W, 73, 1665 MHz
2026/09/23 12:24:38.893, 0, 97 %, 85 %, 7503 MiB, 49140 MiB, 291.07 W, 300.00 W, 72, 1695 MHz
2026/09/23 12:24:39.894, 0, 97 %, 88 %, 7503 MiB, 49140 MiB, 292.70 W, 300.00 W, 72, 1665 MHz
2026/09/23 12:24:40.895, 0, 95 %, 85 %, 7503 MiB, 49140 MiB, 291.15 W, 300.00 W, 74, 1845 MHz
2026/09/23 12:24:41.897, 0, 94 %, 80 %, 7503 MiB, 49140 MiB, 290.68 W, 300.00 W, 73, 1965 MHz
2026/09/23 12:24:42.899, 0, 97 %, 88 %, 7503 MiB, 49140 MiB, 291.35 W, 300.00 W, 73, 1635 MHz
2026/09/23 12:24:43.899, 0, 97 %, 88 %, 7503 MiB, 49140 MiB, 291.16 W, 300.00 W, 73, 1995 MHz
2026/09/23 12:24:44.900, 0, 98 %, 86 %, 7503 MiB, 49140 MiB, 292.66 W, 300.00 W, 73, 2055 MHz
2026/09/23 12:24:45.901, 0, 97 %, 84 %, 7503 MiB, 49140 MiB, 290.80 W, 300.00 W, 73, 1590 MHz
2026/09/23 12:24:46.901, 0, 98 %, 88 %, 7503 MiB, 49140 MiB, 291.53 W, 300.00 W, 73, 1800 MHz
2026/09/23 12:24:47.902, 0, 97 %, 87 %, 7503 MiB, 49140 MiB, 293.38 W, 300.00 W, 74, 1785 MHz
2026/09/23 12:24:48.903, 0, 98 %, 83 %, 7503 MiB, 49140 MiB, 290.49 W, 300.00 W, 74, 1650 MHz
2026/09/23 12:24:49.904, 0, 98 %, 86 %, 7503 MiB, 49140 MiB, 292.08 W, 300.00 W, 72, 1830 MHz
2026/09/23 12:24:50.906, 0, 98 %, 88 %, 7503 MiB, 49140 MiB, 292.66 W, 300.00 W, 72, 1980 MHz
2026/09/23 12:24:51.909, 0, 97 %, 85 %, 7503 MiB, 49140 MiB, 291.29 W, 300.00 W, 75, 1605 MHz
2026/09/23 12:24:52.910, 0, 98 %, 83 %, 7503 MiB, 49140 MiB, 292.18 W, 300.00 W, 72, 1845 MHz
2026/09/23 12:24:53.911, 0, 98 %, 87 %, 7503 MiB, 49140 MiB, 291.51 W, 300.00 W, 72, 2010 MHz
2026/09/23 12:24:54.911, 0, 95 %, 85 %, 7503 MiB, 49140 MiB, 292.48 W, 300.00 W, 74, 1530 MHz
2026/09/23 12:24:55.912, 0, 97 %, 83 %, 7503 MiB, 49140 MiB, 292.01 W, 300.00 W, 73, 1905 MHz
2026/09/23 12:24:56.912, 0, 97 %, 88 %, 7503 MiB, 49140 MiB, 290.72 W, 300.00 W, 73, 1935 MHz
2026/09/23 12:24:57.913, 0, 97 %, 87 %, 7503 MiB, 49140 MiB, 290.83 W, 300.00 W, 73, 1830 MHz
2026/09/23 12:24:58.914, 0, 97 %, 87 %, 7503 MiB, 49140 MiB, 292.30 W, 300.00 W, 74, 1770 MHz
2026/09/23 12:24:59.915, 0, 96 %, 81 %, 7503 MiB, 49140 MiB, 295.19 W, 300.00 W, 75, 1500 MHz
2026/09/23 12:25:00.916, 0, 97 %, 65 %, 7503 MiB, 49140 MiB, 213.28 W, 300.00 W, 67, 2730 MHz
2026/09/23 12:25:01.916, 0, 97 %, 83 %, 7503 MiB, 49140 MiB, 209.69 W, 300.00 W, 72, 1905 MHz
2026/09/23 12:25:02.917, 0, 97 %, 87 %, 7503 MiB, 49140 MiB, 292.68 W, 300.00 W, 71, 2010 MHz
2026/09/23 12:25:03.918, 0, 97 %, 85 %, 7503 MiB, 49140 MiB, 290.24 W, 300.00 W, 74, 1530 MHz
2026/09/23 12:25:04.921, 0, 97 %, 83 %, 7503 MiB, 49140 MiB, 291.13 W, 300.00 W, 73, 1755 MHz
2026/09/23 12:25:05.922, 0, 98 %, 88 %, 7503 MiB, 49140 MiB, 289.75 W, 300.00 W, 72, 1980 MHz
2026/09/23 12:25:06.923, 0, 98 %, 89 %, 7503 MiB, 49140 MiB, 289.92 W, 300.00 W, 73, 1815 MHz
2026/09/23 12:25:07.924, 0, 97 %, 87 %, 7503 MiB, 49140 MiB, 293.02 W, 300.00 W, 73, 1800 MHz
2026/09/23 12:25:08.925, 0, 98 %, 84 %, 7503 MiB, 49140 MiB, 291.14 W, 300.00 W, 73, 1620 MHz
2026/09/23 12:25:09.926, 0, 97 %, 87 %, 7503 MiB, 49140 MiB, 291.45 W, 300.00 W, 72, 1860 MHz
2026/09/23 12:25:10.928, 0, 98 %, 84 %, 7503 MiB, 49140 MiB, 291.89 W, 300.00 W, 72, 1845 MHz
2026/09/23 12:25:11.930, 0, 95 %, 80 %, 7503 MiB, 49140 MiB, 291.12 W, 300.00 W, 71, 1995 MHz
2026/09/23 12:25:12.931, 0, 98 %, 88 %, 7503 MiB, 49140 MiB, 290.06 W, 300.00 W, 74, 1545 MHz
2026/09/23 12:25:13.932, 0, 96 %, 85 %, 7503 MiB, 49140 MiB, 292.92 W, 300.00 W, 73, 1875 MHz
2026/09/23 12:25:14.933, 0, 98 %, 82 %, 7503 MiB, 49140 MiB, 291.65 W, 300.00 W, 72, 2070 MHz
2026/09/23 12:25:15.937, 0, 98 %, 87 %, 7503 MiB, 49140 MiB, 292.24 W, 300.00 W, 75, 1530 MHz
2026/09/23 12:25:16.938, 0, 96 %, 86 %, 7503 MiB, 49140 MiB, 292.01 W, 300.00 W, 73, 1890 MHz
2026/09/23 12:25:17.938, 0, 98 %, 85 %, 7503 MiB, 49140 MiB, 291.63 W, 300.00 W, 72, 2010 MHz
2026/09/23 12:25:18.940, 0, 98 %, 88 %, 7503 MiB, 49140 MiB, 292.52 W, 300.00 W, 74, 1575 MHz
2026/09/23 12:25:19.942, 0, 97 %, 86 %, 7503 MiB, 49140 MiB, 293.05 W, 300.00 W, 73, 1845 MHz
2026/09/23 12:25:20.943, 0, 97 %, 84 %, 7503 MiB, 49140 MiB, 291.77 W, 300.00 W, 72, 2040 MHz
2026/09/23 12:25:21.944, 0, 97 %, 88 %, 7503 MiB, 49140 MiB, 292.09 W, 300.00 W, 74, 1590 MHz
2026/09/23 12:25:22.945, 0, 97 %, 87 %, 7503 MiB, 49140 MiB, 292.55 W, 300.00 W, 73, 1815 MHz
2026/09/23 12:25:23.947, 0, 97 %, 85 %, 7503 MiB, 49140 MiB, 291.72 W, 300.00 W, 73, 1920 MHz
2026/09/23 12:25:24.948, 0, 94 %, 66 %, 7503 MiB, 49140 MiB, 296.60 W, 300.00 W, 75, 1545 MHz
2026/09/23 12:25:25.950, 0, 0 %, 0 %, 7503 MiB, 49140 MiB, 180.94 W, 300.00 W, 67, 2730 MHz
2026/09/23 12:25:26.950, 0, 96 %, 86 %, 7503 MiB, 49140 MiB, 245.60 W, 300.00 W, 73, 1800 MHz
2026/09/23 12:25:27.951, 0, 98 %, 88 %, 7503 MiB, 49140 MiB, 288.15 W, 300.00 W, 73, 1650 MHz
2026/09/23 12:25:28.952, 0, 98 %, 84 %, 7503 MiB, 49140 MiB, 291.30 W, 300.00 W, 73, 1830 MHz
2026/09/23 12:25:29.953, 0, 98 %, 85 %, 7503 MiB, 49140 MiB, 292.59 W, 300.00 W, 72, 1950 MHz
2026/09/23 12:25:30.953, 0, 97 %, 87 %, 7503 MiB, 49140 MiB, 291.17 W, 300.00 W, 74, 1605 MHz
2026/09/23 12:25:31.954, 0, 96 %, 86 %, 7503 MiB, 49140 MiB, 292.15 W, 300.00 W, 72, 1800 MHz
2026/09/23 12:25:32.956, 0, 98 %, 82 %, 7503 MiB, 49140 MiB, 291.68 W, 300.00 W, 72, 2010 MHz
2026/09/23 12:25:33.956, 0, 98 %, 87 %, 7503 MiB, 49140 MiB, 292.39 W, 300.00 W, 74, 1530 MHz
2026/09/23 12:25:34.957, 0, 96 %, 85 %, 7503 MiB, 49140 MiB, 293.34 W, 300.00 W, 73, 1965 MHz
2026/09/23 12:25:35.957, 0, 95 %, 84 %, 7503 MiB, 49140 MiB, 290.39 W, 300.00 W, 73, 1905 MHz
2026/09/23 12:25:36.958, 0, 96 %, 84 %, 7503 MiB, 49140 MiB, 290.79 W, 300.00 W, 73, 1635 MHz
2026/09/23 12:25:37.959, 0, 98 %, 89 %, 7503 MiB, 49140 MiB, 293.66 W, 300.00 W, 74, 1770 MHz
2026/09/23 12:25:38.960, 0, 97 %, 87 %, 7503 MiB, 49140 MiB, 291.23 W, 300.00 W, 73, 1965 MHz
2026/09/23 12:25:39.961, 0, 98 %, 84 %, 7503 MiB, 49140 MiB, 291.93 W, 300.00 W, 73, 1590 MHz
2026/09/23 12:25:40.962, 0, 98 %, 87 %, 7503 MiB, 49140 MiB, 293.29 W, 300.00 W, 72, 2070 MHz
2026/09/23 12:25:41.962, 0, 97 %, 87 %, 7503 MiB, 49140 MiB, 290.69 W, 300.00 W, 74, 2010 MHz
2026/09/23 12:25:42.963, 0, 94 %, 84 %, 7503 MiB, 49140 MiB, 291.62 W, 300.00 W, 73, 1680 MHz
2026/09/23 12:25:43.964, 0, 98 %, 84 %, 7503 MiB, 49140 MiB, 291.42 W, 300.00 W, 72, 1635 MHz
2026/09/23 12:25:44.965, 0, 98 %, 86 %, 7503 MiB, 49140 MiB, 291.05 W, 300.00 W, 73, 1635 MHz
2026/09/23 12:25:45.966, 0, 98 %, 87 %, 7503 MiB, 49140 MiB, 292.74 W, 300.00 W, 73, 1980 MHz
2026/09/23 12:25:46.967, 0, 98 %, 88 %, 7503 MiB, 49140 MiB, 291.86 W, 300.00 W, 74, 1995 MHz
2026/09/23 12:25:47.968, 0, 97 %, 86 %, 7503 MiB, 49140 MiB, 291.97 W, 300.00 W, 73, 1530 MHz
2026/09/23 12:25:48.969, 0, 98 %, 81 %, 7503 MiB, 49140 MiB, 292.95 W, 300.00 W, 71, 1725 MHz
2026/09/23 12:25:49.970, 0, 92 %, 68 %, 7503 MiB, 49140 MiB, 291.53 W, 300.00 W, 75, 1545 MHz
2026/09/23 12:25:50.971, 0, 0 %, 0 %, 7503 MiB, 49140 MiB, 253.66 W, 300.00 W, 68, 2730 MHz
2026/09/23 12:25:51.971, 0, 95 %, 83 %, 7503 MiB, 49140 MiB, 171.49 W, 300.00 W, 72, 1920 MHz
2026/09/23 12:25:52.973, 0, 97 %, 86 %, 7503 MiB, 49140 MiB, 290.04 W, 300.00 W, 74, 1875 MHz
2026/09/23 12:25:53.975, 0, 95 %, 84 %, 7503 MiB, 49140 MiB, 291.97 W, 300.00 W, 73, 1830 MHz
2026/09/23 12:25:54.976, 0, 98 %, 85 %, 7503 MiB, 49140 MiB, 290.20 W, 300.00 W, 72, 1845 MHz
2026/09/23 12:25:55.977, 0, 97 %, 87 %, 7503 MiB, 49140 MiB, 291.76 W, 300.00 W, 73, 1665 MHz
2026/09/23 12:25:56.978, 0, 98 %, 89 %, 7503 MiB, 49140 MiB, 292.24 W, 300.00 W, 73, 1845 MHz
2026/09/23 12:25:57.981, 0, 98 %, 88 %, 7503 MiB, 49140 MiB, 290.97 W, 300.00 W, 74, 2040 MHz
2026/09/23 12:25:58.982, 0, 97 %, 85 %, 7503 MiB, 49140 MiB, 291.92 W, 300.00 W, 72, 1545 MHz
2026/09/23 12:25:59.984, 0, 97 %, 82 %, 7503 MiB, 49140 MiB, 290.95 W, 300.00 W, 72, 1650 MHz
2026/09/23 12:26:00.985, 0, 98 %, 88 %, 7503 MiB, 49140 MiB, 292.50 W, 300.00 W, 74, 1665 MHz
2026/09/23 12:26:01.985, 0, 97 %, 88 %, 7503 MiB, 49140 MiB, 292.91 W, 300.00 W, 73, 1815 MHz
2026/09/23 12:26:02.987, 0, 98 %, 89 %, 7503 MiB, 49140 MiB, 289.82 W, 300.00 W, 74, 2025 MHz
2026/09/23 12:26:03.989, 0, 96 %, 85 %, 7503 MiB, 49140 MiB, 291.48 W, 300.00 W, 72, 1575 MHz
2026/09/23 12:26:04.991, 0, 98 %, 82 %, 7503 MiB, 49140 MiB, 292.49 W, 300.00 W, 72, 1755 MHz
2026/09/23 12:26:05.992, 0, 98 %, 86 %, 7503 MiB, 49140 MiB, 291.62 W, 300.00 W, 74, 1635 MHz
2026/09/23 12:26:06.992, 0, 97 %, 86 %, 7503 MiB, 49140 MiB, 293.09 W, 300.00 W, 73, 1770 MHz
2026/09/23 12:26:07.993, 0, 97 %, 85 %, 7503 MiB, 49140 MiB, 291.16 W, 300.00 W, 73, 1875 MHz
2026/09/23 12:26:08.994, 0, 98 %, 84 %, 7503 MiB, 49140 MiB, 290.36 W, 300.00 W, 73, 1530 MHz
2026/09/23 12:26:09.994, 0, 98 %, 81 %, 7503 MiB, 49140 MiB, 291.83 W, 300.00 W, 72, 1680 MHz
2026/09/23 12:26:10.995, 0, 98 %, 87 %, 7503 MiB, 49140 MiB, 293.04 W, 300.00 W, 75, 1800 MHz
2026/09/23 12:26:11.996, 0, 97 %, 86 %, 7503 MiB, 49140 MiB, 293.21 W, 300.00 W, 73, 1785 MHz
2026/09/23 12:26:12.998, 0, 98 %, 84 %, 7503 MiB, 49140 MiB, 292.48 W, 300.00 W, 72, 1695 MHz
2026/09/23 12:26:13.998, 0, 97 %, 83 %, 7503 MiB, 49140 MiB, 290.68 W, 300.00 W, 73, 1605 MHz
2026/09/23 12:26:15.000, 0, 98 %, 88 %, 7503 MiB, 49140 MiB, 293.51 W, 300.00 W, 73, 1920 MHz
2026/09/23 12:26:16.000, 0, 90 %, 65 %, 7503 MiB, 49140 MiB, 295.08 W, 300.00 W, 75, 1635 MHz
2026/09/23 12:26:17.001, 0, 1 %, 0 %, 7503 MiB, 49140 MiB, 141.73 W, 300.00 W, 71, 2055 MHz
2026/09/23 12:26:18.002, 0, 98 %, 83 %, 7503 MiB, 49140 MiB, 273.71 W, 300.00 W, 72, 1860 MHz
2026/09/23 12:26:19.003, 0, 97 %, 87 %, 7503 MiB, 49140 MiB, 291.58 W, 300.00 W, 74, 1950 MHz
2026/09/23 12:26:20.004, 0, 96 %, 85 %, 7503 MiB, 49140 MiB, 290.90 W, 300.00 W, 72, 1620 MHz
2026/09/23 12:26:21.004, 0, 98 %, 82 %, 7503 MiB, 49140 MiB, 291.48 W, 300.00 W, 71, 1695 MHz
2026/09/23 12:26:22.006, 0, 97 %, 86 %, 7503 MiB, 49140 MiB, 292.43 W, 300.00 W, 74, 1680 MHz
2026/09/23 12:26:23.006, 0, 97 %, 86 %, 7503 MiB, 49140 MiB, 291.46 W, 300.00 W, 73, 1875 MHz
2026/09/23 12:26:24.007, 0, 98 %, 86 %, 7503 MiB, 49140 MiB, 290.98 W, 300.00 W, 73, 1890 MHz
2026/09/23 12:26:25.008, 0, 97 %, 85 %, 7503 MiB, 49140 MiB, 291.76 W, 300.00 W, 73, 1635 MHz
2026/09/23 12:26:26.010, 0, 98 %, 89 %, 7503 MiB, 49140 MiB, 293.51 W, 300.00 W, 73, 1545 MHz
2026/09/23 12:26:27.010, 0, 97 %, 88 %, 7503 MiB, 49140 MiB, 291.12 W, 300.00 W, 73, 1815 MHz
2026/09/23 12:26:28.011, 0, 97 %, 83 %, 7503 MiB, 49140 MiB, 290.99 W, 300.00 W, 73, 1665 MHz
2026/09/23 12:26:29.013, 0, 98 %, 84 %, 7503 MiB, 49140 MiB, 292.24 W, 300.00 W, 72, 1830 MHz
2026/09/23 12:26:30.014, 0, 97 %, 86 %, 7503 MiB, 49140 MiB, 290.90 W, 300.00 W, 75, 1845 MHz
2026/09/23 12:26:31.015, 0, 97 %, 87 %, 7503 MiB, 49140 MiB, 292.70 W, 300.00 W, 72, 1620 MHz
2026/09/23 12:26:32.016, 0, 98 %, 82 %, 7503 MiB, 49140 MiB, 292.80 W, 300.00 W, 72, 1860 MHz
2026/09/23 12:26:33.017, 0, 98 %, 87 %, 7503 MiB, 49140 MiB, 292.01 W, 300.00 W, 75, 1890 MHz
2026/09/23 12:26:34.018, 0, 96 %, 86 %, 7503 MiB, 49140 MiB, 291.31 W, 300.00 W, 73, 1530 MHz
2026/09/23 12:26:35.020, 0, 98 %, 87 %, 7503 MiB, 49140 MiB, 291.02 W, 300.00 W, 73, 1845 MHz
2026/09/23 12:26:36.022, 0, 97 %, 83 %, 7503 MiB, 49140 MiB, 291.95 W, 300.00 W, 73, 1935 MHz
2026/09/23 12:26:37.023, 0, 98 %, 87 %, 7503 MiB, 49140 MiB, 293.16 W, 300.00 W, 73, 1650 MHz
2026/09/23 12:26:38.023, 0, 98 %, 89 %, 7503 MiB, 49140 MiB, 291.36 W, 300.00 W, 74, 1620 MHz
2026/09/23 12:26:39.025, 0, 95 %, 85 %, 7503 MiB, 49140 MiB, 292.10 W, 300.00 W, 73, 1560 MHz
2026/09/23 12:26:40.026, 0, 97 %, 81 %, 7503 MiB, 49140 MiB, 291.71 W, 300.00 W, 72, 1845 MHz
2026/09/23 12:26:41.031, 0, 90 %, 67 %, 7503 MiB, 49140 MiB, 293.94 W, 300.00 W, 75, 1470 MHz
2026/09/23 12:26:42.032, 0, 0 %, 0 %, 7503 MiB, 49140 MiB, 216.72 W, 300.00 W, 68, 2730 MHz
2026/09/23 12:26:43.032, 0, 0 %, 0 %, 7503 MiB, 49140 MiB, 88.22 W, 300.00 W, 67, 2730 MHz
2026/09/23 12:26:44.033, 0, 98 %, 88 %, 7503 MiB, 49140 MiB, 226.48 W, 300.00 W, 73, 1740 MHz
2026/09/23 12:26:45.033, 0, 97 %, 87 %, 7503 MiB, 49140 MiB, 288.61 W, 300.00 W, 72, 1635 MHz
2026/09/23 12:26:46.035, 0, 98 %, 82 %, 7503 MiB, 49140 MiB, 292.74 W, 300.00 W, 71, 1890 MHz
2026/09/23 12:26:47.035, 0, 96 %, 86 %, 7503 MiB, 49140 MiB, 290.96 W, 300.00 W, 74, 1935 MHz
2026/09/23 12:26:48.036, 0, 95 %, 84 %, 7503 MiB, 49140 MiB, 291.04 W, 300.00 W, 72, 1695 MHz
2026/09/23 12:26:49.037, 0, 97 %, 82 %, 7503 MiB, 49140 MiB, 292.56 W, 300.00 W, 71, 1860 MHz
2026/09/23 12:26:50.038, 0, 98 %, 86 %, 7503 MiB, 49140 MiB, 290.84 W, 300.00 W, 73, 1995 MHz
2026/09/23 12:26:51.042, 0, 98 %, 86 %, 7503 MiB, 49140 MiB, 291.34 W, 300.00 W, 73, 1560 MHz
2026/09/23 12:26:52.043, 0, 97 %, 86 %, 7503 MiB, 49140 MiB, 290.81 W, 300.00 W, 73, 1875 MHz
2026/09/23 12:26:53.043, 0, 97 %, 87 %, 7503 MiB, 49140 MiB, 291.60 W, 300.00 W, 72, 1995 MHz
2026/09/23 12:26:54.044, 0, 98 %, 87 %, 7503 MiB, 49140 MiB, 293.38 W, 300.00 W, 74, 1530 MHz
2026/09/23 12:26:55.046, 0, 97 %, 86 %, 7503 MiB, 49140 MiB, 291.40 W, 300.00 W, 73, 1845 MHz
2026/09/23 12:26:56.047, 0, 98 %, 86 %, 7503 MiB, 49140 MiB, 290.38 W, 300.00 W, 72, 1725 MHz
2026/09/23 12:26:57.047, 0, 98 %, 87 %, 7503 MiB, 49140 MiB, 292.42 W, 300.00 W, 72, 1830 MHz
2026/09/23 12:26:58.049, 0, 98 %, 88 %, 7503 MiB, 49140 MiB, 291.43 W, 300.00 W, 74, 1665 MHz
2026/09/23 12:26:59.049, 0, 97 %, 85 %, 7503 MiB, 49140 MiB, 291.29 W, 300.00 W, 73, 1650 MHz
2026/09/23 12:27:00.051, 0, 97 %, 86 %, 7503 MiB, 49140 MiB, 292.94 W, 300.00 W, 72, 1830 MHz
2026/09/23 12:27:01.051, 0, 98 %, 87 %, 7503 MiB, 49140 MiB, 291.72 W, 300.00 W, 74, 1635 MHz
2026/09/23 12:27:02.053, 0, 98 %, 85 %, 7503 MiB, 49140 MiB, 291.55 W, 300.00 W, 73, 1650 MHz
2026/09/23 12:27:03.056, 0, 96 %, 86 %, 7503 MiB, 49140 MiB, 293.09 W, 300.00 W, 72, 1845 MHz
2026/09/23 12:27:04.056, 0, 98 %, 87 %, 7503 MiB, 49140 MiB, 291.02 W, 300.00 W, 74, 1695 MHz
2026/09/23 12:27:05.057, 0, 98 %, 85 %, 7503 MiB, 49140 MiB, 291.70 W, 300.00 W, 73, 1650 MHz
2026/09/23 12:27:06.058, 0, 97 %, 86 %, 7503 MiB, 49140 MiB, 292.87 W, 300.00 W, 72, 1875 MHz
2026/09/23 12:27:07.058, 0, 95 %, 66 %, 7503 MiB, 49140 MiB, 293.89 W, 300.00 W, 74, 1590 MHz
2026/09/23 12:27:08.059, 0, 0 %, 0 %, 7503 MiB, 49140 MiB, 231.35 W, 300.00 W, 68, 2730 MHz
2026/09/23 12:27:09.060, 0, 97 %, 86 %, 7503 MiB, 49140 MiB, 193.15 W, 300.00 W, 73, 1575 MHz
2026/09/23 12:27:10.061, 0, 98 %, 85 %, 7503 MiB, 49140 MiB, 291.29 W, 300.00 W, 72, 1890 MHz
2026/09/23 12:27:11.062, 0, 96 %, 84 %, 7503 MiB, 49140 MiB, 291.85 W, 300.00 W, 73, 2055 MHz
2026/09/23 12:27:12.062, 0, 97 %, 86 %, 7503 MiB, 49140 MiB, 291.81 W, 300.00 W, 73, 1575 MHz
2026/09/23 12:27:13.063, 0, 98 %, 86 %, 7503 MiB, 49140 MiB, 291.02 W, 300.00 W, 72, 1905 MHz
2026/09/23 12:27:14.064, 0, 98 %, 86 %, 7503 MiB, 49140 MiB, 291.88 W, 300.00 W, 73, 1965 MHz
2026/09/23 12:27:15.065, 0, 97 %, 85 %, 7503 MiB, 49140 MiB, 292.29 W, 300.00 W, 73, 1755 MHz
2026/09/23 12:27:16.066, 0, 97 %, 86 %, 7503 MiB, 49140 MiB, 290.80 W, 300.00 W, 73, 1830 MHz
2026/09/23 12:27:17.067, 0, 97 %, 86 %, 7503 MiB, 49140 MiB, 291.65 W, 300.00 W, 73, 1680 MHz
2026/09/23 12:27:18.068, 0, 97 %, 86 %, 7503 MiB, 49140 MiB, 293.10 W, 300.00 W, 73, 1815 MHz
2026/09/23 12:27:19.069, 0, 98 %, 86 %, 7503 MiB, 49140 MiB, 291.36 W, 300.00 W, 73, 1680 MHz
2026/09/23 12:27:20.071, 0, 96 %, 86 %, 7503 MiB, 49140 MiB, 291.72 W, 300.00 W, 73, 1680 MHz
2026/09/23 12:27:21.072, 0, 97 %, 85 %, 7503 MiB, 49140 MiB, 292.15 W, 300.00 W, 73, 1680 MHz
2026/09/23 12:27:22.073, 0, 98 %, 86 %, 7503 MiB, 49140 MiB, 291.39 W, 300.00 W, 73, 1785 MHz
2026/09/23 12:27:23.073, 0, 97 %, 87 %, 7503 MiB, 49140 MiB, 291.15 W, 300.00 W, 73, 1875 MHz
2026/09/23 12:27:24.075, 0, 97 %, 87 %, 7503 MiB, 49140 MiB, 291.76 W, 300.00 W, 73, 1605 MHz
2026/09/23 12:27:25.076, 0, 97 %, 87 %, 7503 MiB, 49140 MiB, 291.32 W, 300.00 W, 74, 1815 MHz
2026/09/23 12:27:26.077, 0, 97 %, 84 %, 7503 MiB, 49140 MiB, 291.85 W, 300.00 W, 73, 1995 MHz
2026/09/23 12:27:27.078, 0, 98 %, 86 %, 7503 MiB, 49140 MiB, 293.08 W, 300.00 W, 72, 1605 MHz
2026/09/23 12:27:28.079, 0, 98 %, 87 %, 7503 MiB, 49140 MiB, 292.39 W, 300.00 W, 74, 1785 MHz
2026/09/23 12:27:29.080, 0, 97 %, 85 %, 7503 MiB, 49140 MiB, 291.97 W, 300.00 W, 73, 2010 MHz
2026/09/23 12:27:30.081, 0, 94 %, 84 %, 7503 MiB, 49140 MiB, 291.50 W, 300.00 W, 72, 1560 MHz
2026/09/23 12:27:31.082, 0, 97 %, 86 %, 7503 MiB, 49140 MiB, 291.39 W, 300.00 W, 74, 1815 MHz
2026/09/23 12:27:32.085, 0, 88 %, 65 %, 7503 MiB, 49140 MiB, 292.33 W, 300.00 W, 73, 1740 MHz
2026/09/23 12:27:33.086, 0, 69 %, 51 %, 7503 MiB, 49140 MiB, 292.75 W, 300.00 W, 74, 2295 MHz
2026/09/23 12:27:34.086, 0, 0 %, 0 %, 7503 MiB, 49140 MiB, 102.84 W, 300.00 W, 67, 2730 MHz
2026/09/23 12:27:35.087, 0, 100 %, 88 %, 7503 MiB, 49140 MiB, 153.15 W, 300.00 W, 72, 1740 MHz
2026/09/23 12:27:36.089, 0, 97 %, 86 %, 7503 MiB, 49140 MiB, 290.10 W, 300.00 W, 72, 1875 MHz
2026/09/23 12:27:37.089, 0, 98 %, 88 %, 7503 MiB, 49140 MiB, 291.55 W, 300.00 W, 72, 1815 MHz
2026/09/23 12:27:38.090, 0, 97 %, 86 %, 7503 MiB, 49140 MiB, 293.33 W, 300.00 W, 73, 1575 MHz
2026/09/23 12:27:39.090, 0, 97 %, 86 %, 7503 MiB, 49140 MiB, 290.56 W, 300.00 W, 72, 1890 MHz
2026/09/23 12:27:40.091, 0, 97 %, 87 %, 7503 MiB, 49140 MiB, 292.39 W, 300.00 W, 72, 1800 MHz
2026/09/23 12:27:41.092, 0, 96 %, 85 %, 7503 MiB, 49140 MiB, 292.54 W, 300.00 W, 73, 1650 MHz
2026/09/23 12:27:42.093, 0, 97 %, 85 %, 7503 MiB, 49140 MiB, 289.40 W, 300.00 W, 73, 1875 MHz
2026/09/23 12:27:43.094, 0, 97 %, 86 %, 7503 MiB, 49140 MiB, 291.15 W, 300.00 W, 72, 1905 MHz
2026/09/23 12:27:44.094, 0, 98 %, 88 %, 7503 MiB, 49140 MiB, 293.09 W, 300.00 W, 73, 1665 MHz
2026/09/23 12:27:45.095, 0, 97 %, 85 %, 7503 MiB, 49140 MiB, 291.37 W, 300.00 W, 73, 1860 MHz
2026/09/23 12:27:46.097, 0, 98 %, 86 %, 7503 MiB, 49140 MiB, 291.40 W, 300.00 W, 73, 1905 MHz
2026/09/23 12:27:47.098, 0, 96 %, 86 %, 7503 MiB, 49140 MiB, 292.54 W, 300.00 W, 72, 1650 MHz
2026/09/23 12:27:48.099, 0, 97 %, 87 %, 7503 MiB, 49140 MiB, 290.83 W, 300.00 W, 73, 1800 MHz
2026/09/23 12:27:49.100, 0, 97 %, 85 %, 7503 MiB, 49140 MiB, 290.37 W, 300.00 W, 72, 2040 MHz
2026/09/23 12:27:50.102, 0, 96 %, 85 %, 7503 MiB, 49140 MiB, 291.46 W, 300.00 W, 71, 1530 MHz
2026/09/23 12:27:51.102, 0, 97 %, 86 %, 7503 MiB, 49140 MiB, 290.60 W, 300.00 W, 74, 1950 MHz
2026/09/23 12:27:52.104, 0, 94 %, 83 %, 7503 MiB, 49140 MiB, 290.40 W, 300.00 W, 73, 1725 MHz
2026/09/23 12:27:53.104, 0, 98 %, 87 %, 7503 MiB, 49140 MiB, 289.80 W, 300.00 W, 73, 1785 MHz
2026/09/23 12:27:54.105, 0, 97 %, 87 %, 7503 MiB, 49140 MiB, 290.96 W, 300.00 W, 73, 1800 MHz
2026/09/23 12:27:55.106, 0, 98 %, 87 %, 7503 MiB, 49140 MiB, 292.48 W, 300.00 W, 73, 1680 MHz
2026/09/23 12:27:56.107, 0, 98 %, 87 %, 7503 MiB, 49140 MiB, 290.75 W, 300.00 W, 74, 1830 MHz
2026/09/23 12:27:57.108, 0, 97 %, 84 %, 7503 MiB, 49140 MiB, 291.11 W, 300.00 W, 72, 2010 MHz
2026/09/23 12:27:58.109, 0, 97 %, 86 %, 7503 MiB, 49140 MiB, 292.83 W, 300.00 W, 72, 1605 MHz
2026/09/23 12:27:59.110, 0, 95 %, 64 %, 7503 MiB, 49140 MiB, 297.50 W, 300.00 W, 74, 1470 MHz
2026/09/23 12:28:00.110, 0, 0 %, 0 %, 7503 MiB, 49140 MiB, 140.27 W, 300.00 W, 67, 2730 MHz
2026/09/23 12:28:01.111, 0, 97 %, 87 %, 7503 MiB, 49140 MiB, 121.09 W, 300.00 W, 71, 1755 MHz
2026/09/23 12:28:02.112, 0, 97 %, 85 %, 7503 MiB, 49140 MiB, 289.28 W, 300.00 W, 71, 1695 MHz
2026/09/23 12:28:03.112, 0, 97 %, 86 %, 7503 MiB, 49140 MiB, 291.63 W, 300.00 W, 73, 1860 MHz
2026/09/23 12:28:04.113, 0, 97 %, 86 %, 7503 MiB, 49140 MiB, 291.19 W, 300.00 W, 72, 1890 MHz
2026/09/23 12:28:05.113, 0, 98 %, 85 %, 7503 MiB, 49140 MiB, 290.80 W, 300.00 W, 72, 1665 MHz
2026/09/23 12:28:06.114, 0, 97 %, 86 %, 7503 MiB, 49140 MiB, 291.35 W, 300.00 W, 72, 1785 MHz
2026/09/23 12:28:07.115, 0, 97 %, 85 %, 7503 MiB, 49140 MiB, 292.57 W, 300.00 W, 73, 1965 MHz
2026/09/23 12:28:08.116, 0, 97 %, 86 %, 7503 MiB, 49140 MiB, 290.89 W, 300.00 W, 73, 1665 MHz
2026/09/23 12:28:09.116, 0, 97 %, 87 %, 7503 MiB, 49140 MiB, 291.89 W, 300.00 W, 73, 1815 MHz
2026/09/23 12:28:10.117, 0, 98 %, 86 %, 7503 MiB, 49140 MiB, 292.62 W, 300.00 W, 73, 1860 MHz
2026/09/23 12:28:11.118, 0, 96 %, 85 %, 7503 MiB, 49140 MiB, 291.37 W, 300.00 W, 72, 1695 MHz
2026/09/23 12:28:12.118, 0, 98 %, 86 %, 7503 MiB, 49140 MiB, 292.25 W, 300.00 W, 73, 1845 MHz
2026/09/23 12:28:13.120, 0, 97 %, 86 %, 7503 MiB, 49140 MiB, 291.73 W, 300.00 W, 73, 1905 MHz
2026/09/23 12:28:14.120, 0, 97 %, 85 %, 7503 MiB, 49140 MiB, 289.08 W, 300.00 W, 73, 1530 MHz
2026/09/23 12:28:15.121, 0, 98 %, 87 %, 7503 MiB, 49140 MiB, 292.33 W, 300.00 W, 73, 1905 MHz
2026/09/23 12:28:16.122, 0, 97 %, 86 %, 7503 MiB, 49140 MiB, 293.51 W, 300.00 W, 73, 1995 MHz
2026/09/23 12:28:17.123, 0, 97 %, 86 %, 7503 MiB, 49140 MiB, 290.54 W, 300.00 W, 73, 1560 MHz
2026/09/23 12:28:18.123, 0, 97 %, 84 %, 7503 MiB, 49140 MiB, 291.61 W, 300.00 W, 72, 1845 MHz
2026/09/23 12:28:19.124, 0, 98 %, 87 %, 7503 MiB, 49140 MiB, 292.96 W, 300.00 W, 73, 1980 MHz
2026/09/23 12:28:20.125, 0, 98 %, 88 %, 7503 MiB, 49140 MiB, 289.74 W, 300.00 W, 74, 1695 MHz
2026/09/23 12:28:21.126, 0, 98 %, 86 %, 7503 MiB, 49140 MiB, 292.18 W, 300.00 W, 72, 1680 MHz
2026/09/23 12:28:22.127, 0, 98 %, 85 %, 7503 MiB, 49140 MiB, 292.31 W, 300.00 W, 72, 1710 MHz
2026/09/23 12:28:23.128, 0, 97 %, 86 %, 7503 MiB, 49140 MiB, 290.76 W, 300.00 W, 74, 1815 MHz
2026/09/23 12:28:24.129, 0, 98 %, 87 %, 7503 MiB, 49140 MiB, 291.39 W, 300.00 W, 73, 1665 MHz
2026/09/23 12:28:25.130, 0, 93 %, 68 %, 7503 MiB, 49140 MiB, 293.12 W, 300.00 W, 74, 1590 MHz
2026/09/23 12:28:26.131, 0, 0 %, 0 %, 7503 MiB, 49140 MiB, 175.85 W, 300.00 W, 67, 2730 MHz
2026/09/23 12:28:27.132, 0, 98 %, 86 %, 7503 MiB, 49140 MiB, 243.30 W, 300.00 W, 72, 1860 MHz
2026/09/23 12:28:28.133, 0, 98 %, 86 %, 7503 MiB, 49140 MiB, 290.33 W, 300.00 W, 71, 1665 MHz
2026/09/23 12:28:29.134, 0, 98 %, 88 %, 7503 MiB, 49140 MiB, 291.84 W, 300.00 W, 74, 1875 MHz
2026/09/23 12:28:30.135, 0, 98 %, 87 %, 7503 MiB, 49140 MiB, 292.51 W, 300.00 W, 73, 1905 MHz
2026/09/23 12:28:31.137, 0, 97 %, 86 %, 7503 MiB, 49140 MiB, 291.84 W, 300.00 W, 71, 1680 MHz
2026/09/23 12:28:32.138, 0, 97 %, 87 %, 7503 MiB, 49140 MiB, 291.16 W, 300.00 W, 73, 1800 MHz
2026/09/23 12:28:33.138, 0, 96 %, 85 %, 7503 MiB, 49140 MiB, 292.68 W, 300.00 W, 73, 1950 MHz
2026/09/23 12:28:34.143, 0, 93 %, 82 %, 7503 MiB, 49140 MiB, 289.74 W, 300.00 W, 73, 1560 MHz
2026/09/23 12:28:35.144, 0, 97 %, 87 %, 7503 MiB, 49140 MiB, 290.43 W, 300.00 W, 73, 1950 MHz
2026/09/23 12:28:36.145, 0, 97 %, 86 %, 7503 MiB, 49140 MiB, 293.46 W, 300.00 W, 73, 1950 MHz
2026/09/23 12:28:37.146, 0, 98 %, 86 %, 7503 MiB, 49140 MiB, 291.23 W, 300.00 W, 73, 1590 MHz
2026/09/23 12:28:38.147, 0, 94 %, 84 %, 7503 MiB, 49140 MiB, 290.49 W, 300.00 W, 73, 2070 MHz
2026/09/23 12:28:39.149, 0, 97 %, 87 %, 7503 MiB, 49140 MiB, 292.37 W, 300.00 W, 73, 2085 MHz
2026/09/23 12:28:40.150, 0, 98 %, 87 %, 7503 MiB, 49140 MiB, 291.42 W, 300.00 W, 73, 1545 MHz
2026/09/23 12:28:41.151, 0, 98 %, 86 %, 7503 MiB, 49140 MiB, 292.19 W, 300.00 W, 73, 1875 MHz
2026/09/23 12:28:42.151, 0, 98 %, 87 %, 7503 MiB, 49140 MiB, 293.77 W, 300.00 W, 73, 2055 MHz
2026/09/23 12:28:43.152, 0, 98 %, 86 %, 7503 MiB, 49140 MiB, 291.65 W, 300.00 W, 73, 1545 MHz
2026/09/23 12:28:44.153, 0, 97 %, 86 %, 7503 MiB, 49140 MiB, 291.82 W, 300.00 W, 73, 1935 MHz
2026/09/23 12:28:45.154, 0, 96 %, 86 %, 7503 MiB, 49140 MiB, 292.49 W, 300.00 W, 73, 2040 MHz
2026/09/23 12:28:46.155, 0, 98 %, 88 %, 7503 MiB, 49140 MiB, 290.12 W, 300.00 W, 74, 1545 MHz
2026/09/23 12:28:47.156, 0, 98 %, 87 %, 7503 MiB, 49140 MiB, 291.06 W, 300.00 W, 72, 1680 MHz
2026/09/23 12:28:48.157, 0, 97 %, 85 %, 7503 MiB, 49140 MiB, 292.25 W, 300.00 W, 71, 1695 MHz
2026/09/23 12:28:49.158, 0, 97 %, 86 %, 7503 MiB, 49140 MiB, 291.55 W, 300.00 W, 74, 1830 MHz
2026/09/23 12:28:50.159, 0, 93 %, 64 %, 7503 MiB, 49140 MiB, 294.52 W, 300.00 W, 74, 1545 MHz
2026/09/23 12:28:51.159, 0, 0 %, 0 %, 7503 MiB, 49140 MiB, 238.29 W, 300.00 W, 68, 2730 MHz
2026/09/23 12:28:52.161, 0, 98 %, 87 %, 7503 MiB, 49140 MiB, 181.98 W, 300.00 W, 73, 1800 MHz
2026/09/23 12:28:53.162, 0, 97 %, 86 %, 7503 MiB, 49140 MiB, 290.77 W, 300.00 W, 72, 1830 MHz
2026/09/23 12:28:54.163, 0, 97 %, 86 %, 7503 MiB, 49140 MiB, 292.04 W, 300.00 W, 72, 1980 MHz
2026/09/23 12:28:55.164, 0, 98 %, 88 %, 7503 MiB, 49140 MiB, 291.45 W, 300.00 W, 73, 1635 MHz
2026/09/23 12:28:56.164, 0, 98 %, 85 %, 7503 MiB, 49140 MiB, 291.89 W, 300.00 W, 73, 1875 MHz
2026/09/23 12:28:57.166, 0, 98 %, 87 %, 7503 MiB, 49140 MiB, 293.58 W, 300.00 W, 73, 1800 MHz
2026/09/23 12:28:58.166, 0, 97 %, 87 %, 7503 MiB, 49140 MiB, 290.09 W, 300.00 W, 74, 1665 MHz
2026/09/23 12:28:59.167, 0, 97 %, 86 %, 7503 MiB, 49140 MiB, 291.17 W, 300.00 W, 72, 1845 MHz
2026/09/23 12:29:00.168, 0, 98 %, 86 %, 7503 MiB, 49140 MiB, 292.80 W, 300.00 W, 72, 1905 MHz
2026/09/23 12:29:01.169, 0, 97 %, 87 %, 7503 MiB, 49140 MiB, 290.39 W, 300.00 W, 74, 1665 MHz
2026/09/23 12:29:02.170, 0, 97 %, 86 %, 7503 MiB, 49140 MiB, 291.02 W, 300.00 W, 73, 1920 MHz
2026/09/23 12:29:03.171, 0, 98 %, 86 %, 7503 MiB, 49140 MiB, 290.14 W, 300.00 W, 73, 1935 MHz
2026/09/23 12:29:04.173, 0, 97 %, 86 %, 7503 MiB, 49140 MiB, 292.20 W, 300.00 W, 73, 1665 MHz
2026/09/23 12:29:05.174, 0, 98 %, 87 %, 7503 MiB, 49140 MiB, 293.04 W, 300.00 W, 73, 1665 MHz
2026/09/23 12:29:06.175, 0, 96 %, 85 %, 7503 MiB, 49140 MiB, 289.99 W, 300.00 W, 74, 1650 MHz
2026/09/23 12:29:07.176, 0, 93 %, 82 %, 7503 MiB, 49140 MiB, 288.83 W, 300.00 W, 73, 1905 MHz
2026/09/23 12:29:08.178, 0, 93 %, 82 %, 7503 MiB, 49140 MiB, 288.59 W, 300.00 W, 73, 1665 MHz
2026/09/23 12:29:09.178, 0, 98 %, 87 %, 7503 MiB, 49140 MiB, 291.62 W, 300.00 W, 73, 1710 MHz
2026/09/23 12:29:10.179, 0, 98 %, 87 %, 7503 MiB, 49140 MiB, 293.98 W, 300.00 W, 73, 1710 MHz
2026/09/23 12:29:11.181, 0, 97 %, 86 %, 7503 MiB, 49140 MiB, 290.34 W, 300.00 W, 73, 1650 MHz
2026/09/23 12:29:12.182, 0, 98 %, 85 %, 7503 MiB, 49140 MiB, 289.91 W, 300.00 W, 73, 1860 MHz
2026/09/23 12:29:13.182, 0, 97 %, 86 %, 7503 MiB, 49140 MiB, 293.85 W, 300.00 W, 74, 1725 MHz
2026/09/23 12:29:14.184, 0, 97 %, 86 %, 7503 MiB, 49140 MiB, 290.07 W, 300.00 W, 75, 1590 MHz
2026/09/23 12:29:15.184, 0, 96 %, 85 %, 7503 MiB, 49140 MiB, 291.61 W, 300.00 W, 74, 1740 MHz
2026/09/23 12:29:16.185, 0, 94 %, 69 %, 7503 MiB, 49140 MiB, 298.09 W, 300.00 W, 75, 1500 MHz
2026/09/23 12:29:17.186, 0, 98 %, 91 %, 7503 MiB, 49140 MiB, 143.01 W, 300.00 W, 73, 1545 MHz
2026/09/23 12:29:18.187, 0, 98 %, 87 %, 7503 MiB, 49140 MiB, 296.17 W, 300.00 W, 72, 1980 MHz
2026/09/23 12:29:19.187, 0, 98 %, 86 %, 7503 MiB, 49140 MiB, 290.86 W, 300.00 W, 71, 2100 MHz
2026/09/23 12:29:20.189, 0, 98 %, 87 %, 7503 MiB, 49140 MiB, 289.98 W, 300.00 W, 73, 1680 MHz
2026/09/23 12:29:21.190, 0, 98 %, 87 %, 7503 MiB, 49140 MiB, 293.23 W, 300.00 W, 73, 1680 MHz
2026/09/23 12:29:22.190, 0, 98 %, 87 %, 7503 MiB, 49140 MiB, 291.52 W, 300.00 W, 73, 1890 MHz
2026/09/23 12:29:23.191, 0, 98 %, 88 %, 7503 MiB, 49140 MiB, 292.29 W, 300.00 W, 73, 1560 MHz
2026/09/23 12:29:24.192, 0, 97 %, 86 %, 7503 MiB, 49140 MiB, 292.73 W, 300.00 W, 73, 1860 MHz
2026/09/23 12:29:25.193, 0, 97 %, 85 %, 7503 MiB, 49140 MiB, 289.70 W, 300.00 W, 73, 1740 MHz
2026/09/23 12:29:26.193, 0, 97 %, 86 %, 7503 MiB, 49140 MiB, 290.38 W, 300.00 W, 73, 1785 MHz
2026/09/23 12:29:27.196, 0, 98 %, 87 %, 7503 MiB, 49140 MiB, 293.40 W, 300.00 W, 73, 1665 MHz
2026/09/23 12:29:28.196, 0, 98 %, 86 %, 7503 MiB, 49140 MiB, 291.02 W, 300.00 W, 73, 1710 MHz
2026/09/23 12:29:29.197, 0, 98 %, 87 %, 7503 MiB, 49140 MiB, 292.43 W, 300.00 W, 73, 1680 MHz
2026/09/23 12:29:30.198, 0, 97 %, 87 %, 7503 MiB, 49140 MiB, 293.27 W, 300.00 W, 73, 1680 MHz
2026/09/23 12:29:31.199, 0, 97 %, 87 %, 7503 MiB, 49140 MiB, 289.00 W, 300.00 W, 74, 1665 MHz
2026/09/23 12:29:32.201, 0, 96 %, 85 %, 7503 MiB, 49140 MiB, 291.34 W, 300.00 W, 73, 1830 MHz
2026/09/23 12:29:33.202, 0, 98 %, 87 %, 7503 MiB, 49140 MiB, 293.12 W, 300.00 W, 74, 1845 MHz
2026/09/23 12:29:34.203, 0, 98 %, 87 %, 7503 MiB, 49140 MiB, 290.73 W, 300.00 W, 74, 1650 MHz
2026/09/23 12:29:35.203, 0, 96 %, 85 %, 7503 MiB, 49140 MiB, 290.91 W, 300.00 W, 73, 2040 MHz
2026/09/23 12:29:36.204, 0, 97 %, 86 %, 7503 MiB, 49140 MiB, 289.87 W, 300.00 W, 73, 1830 MHz
2026/09/23 12:29:37.205, 0, 92 %, 83 %, 7503 MiB, 49140 MiB, 290.18 W, 300.00 W, 73, 1950 MHz
2026/09/23 12:29:38.206, 0, 97 %, 86 %, 7503 MiB, 49140 MiB, 293.14 W, 300.00 W, 73, 1770 MHz
2026/09/23 12:29:39.206, 0, 98 %, 87 %, 7503 MiB, 49140 MiB, 288.68 W, 300.00 W, 75, 1590 MHz
2026/09/23 12:29:40.207, 0, 95 %, 84 %, 7503 MiB, 49140 MiB, 292.28 W, 300.00 W, 72, 1905 MHz
2026/09/23 12:29:41.208, 0, 95 %, 67 %, 7503 MiB, 49140 MiB, 296.27 W, 300.00 W, 73, 1560 MHz
2026/09/23 12:29:42.208, 0, 0 %, 0 %, 7503 MiB, 49140 MiB, 190.58 W, 300.00 W, 67, 2730 MHz
2026/09/23 12:29:43.209, 0, 0 %, 0 %, 7503 MiB, 49140 MiB, 87.69 W, 300.00 W, 67, 2730 MHz
2026/09/23 12:29:44.210, 0, 98 %, 87 %, 7503 MiB, 49140 MiB, 133.67 W, 300.00 W, 71, 1590 MHz
2026/09/23 12:29:45.210, 0, 98 %, 88 %, 7503 MiB, 49140 MiB, 292.17 W, 300.00 W, 72, 1815 MHz
2026/09/23 12:29:46.212, 0, 96 %, 85 %, 7503 MiB, 49140 MiB, 290.53 W, 300.00 W, 72, 1950 MHz
2026/09/23 12:29:47.212, 0, 97 %, 86 %, 7503 MiB, 49140 MiB, 290.34 W, 300.00 W, 73, 1755 MHz
2026/09/23 12:29:48.213, 0, 97 %, 86 %, 7503 MiB, 49140 MiB, 292.34 W, 300.00 W, 72, 1830 MHz
2026/09/23 12:29:49.216, 0, 97 %, 85 %, 7503 MiB, 49140 MiB, 289.98 W, 300.00 W, 72, 1965 MHz
2026/09/23 12:29:50.216, 0, 97 %, 85 %, 7503 MiB, 49140 MiB, 290.77 W, 300.00 W, 72, 1605 MHz
2026/09/23 12:29:51.217, 0, 97 %, 86 %, 7503 MiB, 49140 MiB, 292.08 W, 300.00 W, 73, 1935 MHz
2026/09/23 12:29:52.219, 0, 97 %, 86 %, 7503 MiB, 49140 MiB, 290.55 W, 300.00 W, 73, 2130 MHz
2026/09/23 12:29:53.220, 0, 98 %, 85 %, 7503 MiB, 49140 MiB, 290.99 W, 300.00 W, 72, 1560 MHz
2026/09/23 12:29:54.221, 0, 97 %, 85 %, 7503 MiB, 49140 MiB, 291.75 W, 300.00 W, 72, 1890 MHz
2026/09/23 12:29:55.222, 0, 96 %, 86 %, 7503 MiB, 49140 MiB, 291.00 W, 300.00 W, 74, 2070 MHz
2026/09/23 12:29:56.223, 0, 96 %, 86 %, 7503 MiB, 49140 MiB, 291.07 W, 300.00 W, 72, 1590 MHz
2026/09/23 12:29:57.224, 0, 98 %, 86 %, 7503 MiB, 49140 MiB, 292.24 W, 300.00 W, 72, 1875 MHz
2026/09/23 12:29:58.224, 0, 97 %, 85 %, 7503 MiB, 49140 MiB, 291.16 W, 300.00 W, 74, 2025 MHz
2026/09/23 12:29:59.225, 0, 96 %, 85 %, 7503 MiB, 49140 MiB, 291.36 W, 300.00 W, 72, 1755 MHz
2026/09/23 12:30:00.225, 0, 97 %, 86 %, 7503 MiB, 49140 MiB, 290.83 W, 300.00 W, 71, 1680 MHz
2026/09/23 12:30:01.227, 0, 98 %, 88 %, 7503 MiB, 49140 MiB, 292.32 W, 300.00 W, 74, 1620 MHz
2026/09/23 12:30:02.228, 0, 97 %, 85 %, 7503 MiB, 49140 MiB, 292.71 W, 300.00 W, 73, 1890 MHz
2026/09/23 12:30:03.229, 0, 96 %, 84 %, 7503 MiB, 49140 MiB, 289.58 W, 300.00 W, 73, 1965 MHz
2026/09/23 12:30:04.231, 0, 97 %, 85 %, 7503 MiB, 49140 MiB, 291.38 W, 300.00 W, 73, 1605 MHz
2026/09/23 12:30:05.232, 0, 97 %, 87 %, 7503 MiB, 49140 MiB, 293.40 W, 300.00 W, 74, 1800 MHz
2026/09/23 12:30:06.232, 0, 98 %, 87 %, 7503 MiB, 49140 MiB, 291.41 W, 300.00 W, 73, 1935 MHz
2026/09/23 12:30:07.234, 0, 98 %, 85 %, 7503 MiB, 49140 MiB, 291.61 W, 300.00 W, 73, 1605 MHz
2026/09/23 12:30:08.235, 0, 90 %, 64 %, 7503 MiB, 49140 MiB, 295.44 W, 300.00 W, 74, 1545 MHz
2026/09/23 12:30:09.235, 0, 0 %, 0 %, 7503 MiB, 49140 MiB, 154.39 W, 300.00 W, 67, 2730 MHz
2026/09/23 12:30:10.236, 0, 98 %, 85 %, 7503 MiB, 49140 MiB, 101.08 W, 300.00 W, 70, 2040 MHz
2026/09/23 12:30:11.236, 0, 97 %, 87 %, 7503 MiB, 49140 MiB, 291.78 W, 300.00 W, 73, 2025 MHz
2026/09/23 12:30:12.237, 0, 97 %, 86 %, 7503 MiB, 49140 MiB, 289.84 W, 300.00 W, 72, 1515 MHz
2026/09/23 12:30:13.238, 0, 98 %, 87 %, 7503 MiB, 49140 MiB, 292.37 W, 300.00 W, 73, 1950 MHz
2026/09/23 12:30:14.239, 0, 96 %, 86 %, 7503 MiB, 49140 MiB, 291.10 W, 300.00 W, 73, 2010 MHz
2026/09/23 12:30:15.241, 0, 97 %, 87 %, 7503 MiB, 49140 MiB, 289.06 W, 300.00 W, 72, 1575 MHz
2026/09/23 12:30:16.242, 0, 97 %, 86 %, 7503 MiB, 49140 MiB, 291.75 W, 300.00 W, 71, 1920 MHz
2026/09/23 12:30:17.242, 0, 97 %, 86 %, 7503 MiB, 49140 MiB, 289.65 W, 300.00 W, 74, 1965 MHz
2026/09/23 12:30:18.243, 0, 97 %, 86 %, 7503 MiB, 49140 MiB, 290.82 W, 300.00 W, 72, 1770 MHz
2026/09/23 12:30:19.244, 0, 98 %, 86 %, 7503 MiB, 49140 MiB, 290.55 W, 300.00 W, 72, 1740 MHz
2026/09/23 12:30:20.245, 0, 98 %, 88 %, 7503 MiB, 49140 MiB, 291.61 W, 300.00 W, 73, 1620 MHz
2026/09/23 12:30:21.245, 0, 97 %, 87 %, 7503 MiB, 49140 MiB, 291.60 W, 300.00 W, 73, 1815 MHz
2026/09/23 12:30:22.247, 0, 98 %, 86 %, 7503 MiB, 49140 MiB, 291.39 W, 300.00 W, 73, 1890 MHz
2026/09/23 12:30:23.248, 0, 95 %, 84 %, 7503 MiB, 49140 MiB, 289.81 W, 300.00 W, 72, 1635 MHz
2026/09/23 12:30:24.248, 0, 97 %, 86 %, 7503 MiB, 49140 MiB, 293.15 W, 300.00 W, 74, 1950 MHz
2026/09/23 12:30:25.249, 0, 98 %, 87 %, 7503 MiB, 49140 MiB, 291.07 W, 300.00 W, 73, 1980 MHz
2026/09/23 12:30:26.251, 0, 97 %, 85 %, 7503 MiB, 49140 MiB, 292.04 W, 300.00 W, 73, 1560 MHz
2026/09/23 12:30:27.251, 0, 97 %, 85 %, 7503 MiB, 49140 MiB, 292.71 W, 300.00 W, 72, 1935 MHz
2026/09/23 12:30:28.254, 0, 98 %, 87 %, 7503 MiB, 49140 MiB, 289.73 W, 300.00 W, 74, 1725 MHz
2026/09/23 12:30:29.257, 0, 97 %, 86 %, 7503 MiB, 49140 MiB, 292.31 W, 300.00 W, 73, 1695 MHz
2026/09/23 12:30:30.258, 0, 96 %, 85 %, 7503 MiB, 49140 MiB, 291.13 W, 300.00 W, 72, 1680 MHz
2026/09/23 12:30:31.258, 0, 97 %, 87 %, 7503 MiB, 49140 MiB, 292.27 W, 300.00 W, 73, 1635 MHz
2026/09/23 12:30:32.260, 0, 97 %, 86 %, 7503 MiB, 49140 MiB, 292.65 W, 300.00 W, 73, 1515 MHz
2026/09/23 12:30:33.262, 0, 95 %, 84 %, 7503 MiB, 49140 MiB, 287.08 W, 300.00 W, 75, 1845 MHz
2026/09/23 12:30:34.265, 0, 91 %, 62 %, 7503 MiB, 49140 MiB, 295.42 W, 300.00 W, 73, 1605 MHz
2026/09/23 12:30:35.267, 0, 0 %, 0 %, 7503 MiB, 49140 MiB, 201.69 W, 300.00 W, 67, 2730 MHz
2026/09/23 12:30:36.267, 0, 0 %, 0 %, 7503 MiB, 49140 MiB, 87.92 W, 300.00 W, 67, 2730 MHz
2026/09/23 12:30:37.268, 0, 98 %, 87 %, 7503 MiB, 49140 MiB, 208.50 W, 300.00 W, 73, 1680 MHz
2026/09/23 12:30:38.270, 0, 94 %, 84 %, 7503 MiB, 49140 MiB, 290.49 W, 300.00 W, 72, 1620 MHz
2026/09/23 12:30:39.271, 0, 97 %, 85 %, 7503 MiB, 49140 MiB, 290.58 W, 300.00 W, 70, 1860 MHz
2026/09/23 12:30:40.272, 0, 98 %, 86 %, 7503 MiB, 49140 MiB, 291.58 W, 300.00 W, 74, 1905 MHz
2026/09/23 12:30:41.274, 0, 98 %, 86 %, 7503 MiB, 49140 MiB, 291.53 W, 300.00 W, 72, 1620 MHz
2026/09/23 12:30:42.275, 0, 98 %, 86 %, 7503 MiB, 49140 MiB, 291.69 W, 300.00 W, 71, 1785 MHz
2026/09/23 12:30:43.276, 0, 98 %, 87 %, 7503 MiB, 49140 MiB, 292.38 W, 300.00 W, 73, 1980 MHz
2026/09/23 12:30:44.276, 0, 97 %, 86 %, 7503 MiB, 49140 MiB, 292.86 W, 300.00 W, 72, 1665 MHz
2026/09/23 12:30:45.278, 0, 97 %, 86 %, 7503 MiB, 49140 MiB, 290.03 W, 300.00 W, 72, 1785 MHz
2026/09/23 12:30:46.279, 0, 97 %, 86 %, 7503 MiB, 49140 MiB, 290.86 W, 300.00 W, 73, 2010 MHz
2026/09/23 12:30:47.279, 0, 98 %, 87 %, 7503 MiB, 49140 MiB, 293.01 W, 300.00 W, 72, 1545 MHz
2026/09/23 12:30:48.280, 0, 98 %, 86 %, 7503 MiB, 49140 MiB, 291.74 W, 300.00 W, 72, 1920 MHz
2026/09/23 12:30:49.281, 0, 97 %, 87 %, 7503 MiB, 49140 MiB, 292.60 W, 300.00 W, 73, 2010 MHz
2026/09/23 12:30:50.281, 0, 98 %, 87 %, 7503 MiB, 49140 MiB, 293.51 W, 300.00 W, 73, 1545 MHz
2026/09/23 12:30:51.283, 0, 97 %, 86 %, 7503 MiB, 49140 MiB, 290.91 W, 300.00 W, 73, 1995 MHz
2026/09/23 12:30:52.283, 0, 98 %, 87 %, 7503 MiB, 49140 MiB, 292.17 W, 300.00 W, 73, 2010 MHz
2026/09/23 12:30:53.284, 0, 97 %, 86 %, 7503 MiB, 49140 MiB, 292.11 W, 300.00 W, 74, 1650 MHz
2026/09/23 12:30:54.285, 0, 97 %, 86 %, 7503 MiB, 49140 MiB, 291.39 W, 300.00 W, 74, 1695 MHz
2026/09/23 12:30:55.285, 0, 97 %, 86 %, 7503 MiB, 49140 MiB, 290.75 W, 300.00 W, 72, 1605 MHz
2026/09/23 12:30:56.287, 0, 97 %, 84 %, 7503 MiB, 49140 MiB, 292.71 W, 300.00 W, 71, 1830 MHz
2026/09/23 12:30:57.288, 0, 97 %, 86 %, 7503 MiB, 49140 MiB, 291.55 W, 300.00 W, 75, 1935 MHz
2026/09/23 12:30:58.290, 0, 97 %, 87 %, 7503 MiB, 49140 MiB, 291.65 W, 300.00 W, 73, 1680 MHz
2026/09/23 12:30:59.293, 0, 96 %, 85 %, 7503 MiB, 49140 MiB, 292.02 W, 300.00 W, 72, 1800 MHz
2026/09/23 12:31:00.295, 0, 93 %, 69 %, 7503 MiB, 49140 MiB, 294.72 W, 300.00 W, 74, 1515 MHz
2026/09/23 12:31:01.295, 0, 0 %, 0 %, 7503 MiB, 49140 MiB, 233.71 W, 300.00 W, 68, 2730 MHz
2026/09/23 12:31:02.296, 0, 98 %, 86 %, 7503 MiB, 49140 MiB, 190.96 W, 300.00 W, 73, 1710 MHz
2026/09/23 12:31:03.297, 0, 97 %, 86 %, 7503 MiB, 49140 MiB, 288.15 W, 300.00 W, 74, 1890 MHz
2026/09/23 12:31:04.298, 0, 97 %, 86 %, 7503 MiB, 49140 MiB, 290.98 W, 300.00 W, 72, 1605 MHz
2026/09/23 12:31:05.298, 0, 98 %, 86 %, 7503 MiB, 49140 MiB, 291.84 W, 300.00 W, 72, 1785 MHz
2026/09/23 12:31:06.299, 0, 98 %, 87 %, 7503 MiB, 49140 MiB, 292.12 W, 300.00 W, 74, 1980 MHz
2026/09/23 12:31:07.300, 0, 97 %, 86 %, 7503 MiB, 49140 MiB, 291.07 W, 300.00 W, 73, 1530 MHz
2026/09/23 12:31:08.301, 0, 98 %, 86 %, 7503 MiB, 49140 MiB, 290.10 W, 300.00 W, 73, 1815 MHz
2026/09/23 12:31:09.302, 0, 98 %, 85 %, 7503 MiB, 49140 MiB, 291.54 W, 300.00 W, 72, 1800 MHz
2026/09/23 12:31:10.302, 0, 97 %, 88 %, 7503 MiB, 49140 MiB, 293.41 W, 300.00 W, 72, 1770 MHz
2026/09/23 12:31:11.303, 0, 98 %, 88 %, 7503 MiB, 49140 MiB, 291.44 W, 300.00 W, 74, 1650 MHz
2026/09/23 12:31:12.304, 0, 97 %, 85 %, 7503 MiB, 49140 MiB, 290.72 W, 300.00 W, 72, 1620 MHz
2026/09/23 12:31:13.305, 0, 97 %, 84 %, 7503 MiB, 49140 MiB, 292.71 W, 300.00 W, 71, 1830 MHz
2026/09/23 12:31:14.306, 0, 97 %, 86 %, 7503 MiB, 49140 MiB, 289.92 W, 300.00 W, 73, 1965 MHz
2026/09/23 12:31:15.306, 0, 97 %, 86 %, 7503 MiB, 49140 MiB, 292.22 W, 300.00 W, 73, 1515 MHz
2026/09/23 12:31:16.307, 0, 97 %, 86 %, 7503 MiB, 49140 MiB, 290.56 W, 300.00 W, 73, 1740 MHz
2026/09/23 12:31:17.308, 0, 98 %, 83 %, 7503 MiB, 49140 MiB, 291.11 W, 300.00 W, 72, 1650 MHz
2026/09/23 12:31:18.308, 0, 97 %, 84 %, 7503 MiB, 49140 MiB, 291.89 W, 300.00 W, 71, 1830 MHz
2026/09/23 12:31:19.309, 0, 98 %, 88 %, 7503 MiB, 49140 MiB, 291.58 W, 300.00 W, 75, 1845 MHz
2026/09/23 12:31:20.310, 0, 96 %, 85 %, 7503 MiB, 49140 MiB, 291.84 W, 300.00 W, 73, 1545 MHz
2026/09/23 12:31:21.311, 0, 97 %, 85 %, 7503 MiB, 49140 MiB, 290.48 W, 300.00 W, 73, 1860 MHz
2026/09/23 12:31:22.312, 0, 95 %, 82 %, 7503 MiB, 49140 MiB, 291.57 W, 300.00 W, 73, 2070 MHz
2026/09/23 12:31:23.313, 0, 97 %, 85 %, 7503 MiB, 49140 MiB, 292.33 W, 300.00 W, 71, 1515 MHz
2026/09/23 12:31:24.314, 0, 97 %, 86 %, 7503 MiB, 49140 MiB, 290.33 W, 300.00 W, 73, 1695 MHz
2026/09/23 12:31:25.315, 0, 97 %, 86 %, 7503 MiB, 49140 MiB, 292.43 W, 300.00 W, 73, 1650 MHz
2026/09/23 12:31:26.315, 0, 95 %, 67 %, 7503 MiB, 49140 MiB, 297.03 W, 300.00 W, 74, 1455 MHz
2026/09/23 12:31:27.316, 0, 97 %, 90 %, 7503 MiB, 49140 MiB, 146.31 W, 300.00 W, 73, 2130 MHz
2026/09/23 12:31:28.316, 0, 98 %, 84 %, 7503 MiB, 49140 MiB, 297.18 W, 300.00 W, 73, 1980 MHz
2026/09/23 12:31:29.317, 0, 97 %, 89 %, 7503 MiB, 49140 MiB, 298.50 W, 300.00 W, 73, 1725 MHz
2026/09/23 12:31:30.318, 0, 98 %, 86 %, 7503 MiB, 49140 MiB, 293.86 W, 300.00 W, 73, 1860 MHz
2026/09/23 12:31:31.319, 0, 97 %, 83 %, 7503 MiB, 49140 MiB, 291.64 W, 300.00 W, 73, 1890 MHz
2026/09/23 12:31:32.320, 0, 94 %, 81 %, 7503 MiB, 49140 MiB, 291.42 W, 300.00 W, 71, 1560 MHz
2026/09/23 12:31:33.321, 0, 98 %, 87 %, 7503 MiB, 49140 MiB, 290.88 W, 300.00 W, 74, 1890 MHz
2026/09/23 12:31:34.321, 0, 95 %, 85 %, 7503 MiB, 49140 MiB, 291.93 W, 300.00 W, 73, 1920 MHz
2026/09/23 12:31:35.322, 0, 98 %, 83 %, 7503 MiB, 49140 MiB, 291.99 W, 300.00 W, 73, 1650 MHz
2026/09/23 12:31:36.323, 0, 97 %, 88 %, 7503 MiB, 49140 MiB, 292.52 W, 300.00 W, 73, 1665 MHz
2026/09/23 12:31:37.324, 0, 97 %, 86 %, 7503 MiB, 49140 MiB, 293.51 W, 300.00 W, 73, 1680 MHz
2026/09/23 12:31:38.325, 0, 97 %, 85 %, 7503 MiB, 49140 MiB, 290.48 W, 300.00 W, 73, 1860 MHz
2026/09/23 12:31:39.326, 0, 97 %, 83 %, 7503 MiB, 49140 MiB, 290.50 W, 300.00 W, 73, 1980 MHz
2026/09/23 12:31:40.327, 0, 98 %, 89 %, 7503 MiB, 49140 MiB, 294.49 W, 300.00 W, 73, 1605 MHz
2026/09/23 12:31:41.328, 0, 93 %, 84 %, 7503 MiB, 49140 MiB, 290.54 W, 300.00 W, 74, 1980 MHz
2026/09/23 12:31:42.328, 0, 97 %, 86 %, 7503 MiB, 49140 MiB, 290.76 W, 300.00 W, 73, 2040 MHz
2026/09/23 12:31:43.329, 0, 97 %, 85 %, 7503 MiB, 49140 MiB, 290.03 W, 300.00 W, 73, 1800 MHz
2026/09/23 12:31:44.330, 0, 98 %, 88 %, 7503 MiB, 49140 MiB, 292.48 W, 300.00 W, 73, 1665 MHz
2026/09/23 12:31:45.330, 0, 97 %, 87 %, 7503 MiB, 49140 MiB, 293.16 W, 300.00 W, 74, 1620 MHz
2026/09/23 12:31:46.332, 0, 98 %, 88 %, 7503 MiB, 49140 MiB, 290.71 W, 300.00 W, 74, 1770 MHz
2026/09/23 12:31:47.333, 0, 93 %, 81 %, 7503 MiB, 49140 MiB, 291.64 W, 300.00 W, 73, 2115 MHz
2026/09/23 12:31:48.334, 0, 97 %, 82 %, 7503 MiB, 49140 MiB, 292.66 W, 300.00 W, 72, 1575 MHz
2026/09/23 12:31:49.336, 0, 93 %, 82 %, 7503 MiB, 49140 MiB, 290.93 W, 300.00 W, 74, 1680 MHz
2026/09/23 12:31:50.336, 0, 98 %, 88 %, 7503 MiB, 49140 MiB, 291.48 W, 300.00 W, 74, 1590 MHz
2026/09/23 12:31:51.337, 0, 95 %, 68 %, 7503 MiB, 49140 MiB, 292.73 W, 300.00 W, 74, 1575 MHz
2026/09/23 12:31:52.338, 0, 0 %, 0 %, 7503 MiB, 49140 MiB, 196.92 W, 300.00 W, 68, 2730 MHz
2026/09/23 12:31:53.339, 0, 97 %, 85 %, 7503 MiB, 49140 MiB, 224.56 W, 300.00 W, 71, 1530 MHz
2026/09/23 12:31:54.339, 0, 97 %, 86 %, 7503 MiB, 49140 MiB, 290.47 W, 300.00 W, 74, 1845 MHz
2026/09/23 12:31:55.341, 0, 97 %, 87 %, 7503 MiB, 49140 MiB, 291.24 W, 300.00 W, 73, 1635 MHz
2026/09/23 12:31:56.342, 0, 98 %, 85 %, 7503 MiB, 49140 MiB, 291.54 W, 300.00 W, 73, 1800 MHz
2026/09/23 12:31:57.345, 0, 98 %, 89 %, 7503 MiB, 49140 MiB, 292.15 W, 300.00 W, 73, 1695 MHz
2026/09/23 12:31:58.346, 0, 98 %, 88 %, 7503 MiB, 49140 MiB, 293.81 W, 300.00 W, 74, 1590 MHz
2026/09/23 12:31:59.347, 0, 98 %, 87 %, 7503 MiB, 49140 MiB, 291.53 W, 300.00 W, 73, 1860 MHz
2026/09/23 12:32:00.348, 0, 98 %, 87 %, 7503 MiB, 49140 MiB, 292.84 W, 300.00 W, 73, 1815 MHz
2026/09/23 12:32:01.348, 0, 98 %, 89 %, 7503 MiB, 49140 MiB, 293.28 W, 300.00 W, 73, 1620 MHz
2026/09/23 12:32:02.349, 0, 97 %, 87 %, 7503 MiB, 49140 MiB, 292.06 W, 300.00 W, 74, 1800 MHz
2026/09/23 12:32:03.351, 0, 96 %, 83 %, 7503 MiB, 49140 MiB, 290.86 W, 300.00 W, 73, 2010 MHz
2026/09/23 12:32:04.353, 0, 95 %, 80 %, 7503 MiB, 49140 MiB, 291.00 W, 300.00 W, 72, 1635 MHz
2026/09/23 12:32:05.354, 0, 97 %, 86 %, 7503 MiB, 49140 MiB, 292.16 W, 300.00 W, 74, 1725 MHz
2026/09/23 12:32:06.355, 0, 97 %, 85 %, 7503 MiB, 49140 MiB, 292.74 W, 300.00 W, 73, 1755 MHz
2026/09/23 12:32:07.356, 0, 98 %, 85 %, 7503 MiB, 49140 MiB, 291.47 W, 300.00 W, 73, 1755 MHz
2026/09/23 12:32:08.357, 0, 98 %, 88 %, 7503 MiB, 49140 MiB, 292.10 W, 300.00 W, 73, 1755 MHz
2026/09/23 12:32:09.358, 0, 96 %, 88 %, 7503 MiB, 49140 MiB, 293.33 W, 300.00 W, 73, 1695 MHz
2026/09/23 12:32:10.358, 0, 98 %, 88 %, 7503 MiB, 49140 MiB, 291.37 W, 300.00 W, 74, 1560 MHz
2026/09/23 12:32:11.359, 0, 97 %, 82 %, 7503 MiB, 49140 MiB, 291.89 W, 300.00 W, 73, 1770 MHz
2026/09/23 12:32:12.361, 0, 98 %, 84 %, 7503 MiB, 49140 MiB, 293.14 W, 300.00 W, 72, 1725 MHz
2026/09/23 12:32:13.362, 0, 97 %, 86 %, 7503 MiB, 49140 MiB, 291.31 W, 300.00 W, 74, 1845 MHz
2026/09/23 12:32:14.363, 0, 95 %, 84 %, 7503 MiB, 49140 MiB, 292.64 W, 300.00 W, 74, 1950 MHz
2026/09/23 12:32:15.364, 0, 98 %, 83 %, 7503 MiB, 49140 MiB, 291.82 W, 300.00 W, 73, 1665 MHz
2026/09/23 12:32:16.365, 0, 95 %, 68 %, 7503 MiB, 49140 MiB, 293.54 W, 300.00 W, 75, 1515 MHz
2026/09/23 12:32:17.366, 0, 0 %, 0 %, 7503 MiB, 49140 MiB, 266.28 W, 300.00 W, 69, 2730 MHz
2026/09/23 12:32:18.367, 0, 97 %, 82 %, 7503 MiB, 49140 MiB, 151.70 W, 300.00 W, 71, 1635 MHz
2026/09/23 12:32:19.368, 0, 97 %, 87 %, 7503 MiB, 49140 MiB, 291.01 W, 300.00 W, 73, 1860 MHz
2026/09/23 12:32:20.370, 0, 97 %, 87 %, 7503 MiB, 49140 MiB, 293.27 W, 300.00 W, 73, 1905 MHz
2026/09/23 12:32:21.370, 0, 98 %, 86 %, 7503 MiB, 49140 MiB, 290.99 W, 300.00 W, 73, 1575 MHz
2026/09/23 12:32:22.371, 0, 96 %, 84 %, 7503 MiB, 49140 MiB, 291.48 W, 300.00 W, 73, 1965 MHz
2026/09/23 12:32:23.373, 0, 98 %, 89 %, 7503 MiB, 49140 MiB, 293.80 W, 300.00 W, 73, 1980 MHz
2026/09/23 12:32:24.373, 0, 98 %, 88 %, 7503 MiB, 49140 MiB, 290.74 W, 300.00 W, 73, 1530 MHz
2026/09/23 12:32:25.374, 0, 96 %, 86 %, 7503 MiB, 49140 MiB, 291.05 W, 300.00 W, 73, 1665 MHz
2026/09/23 12:32:26.375, 0, 98 %, 81 %, 7503 MiB, 49140 MiB, 292.69 W, 300.00 W, 71, 1605 MHz
2026/09/23 12:32:27.377, 0, 98 %, 87 %, 7503 MiB, 49140 MiB, 292.12 W, 300.00 W, 75, 1800 MHz
2026/09/23 12:32:28.377, 0, 96 %, 86 %, 7503 MiB, 49140 MiB, 291.45 W, 300.00 W, 73, 2100 MHz
2026/09/23 12:32:29.378, 0, 98 %, 88 %, 7503 MiB, 49140 MiB, 290.80 W, 300.00 W, 73, 1530 MHz
2026/09/23 12:32:30.379, 0, 98 %, 83 %, 7503 MiB, 49140 MiB, 292.35 W, 300.00 W, 73, 1830 MHz
2026/09/23 12:32:31.380, 0, 98 %, 87 %, 7503 MiB, 49140 MiB, 294.25 W, 300.00 W, 73, 1890 MHz
2026/09/23 12:32:32.381, 0, 98 %, 87 %, 7503 MiB, 49140 MiB, 290.97 W, 300.00 W, 75, 1785 MHz
2026/09/23 12:32:33.383, 0, 95 %, 84 %, 7503 MiB, 49140 MiB, 292.81 W, 300.00 W, 73, 1875 MHz
2026/09/23 12:32:34.385, 0, 97 %, 83 %, 7503 MiB, 49140 MiB, 291.58 W, 300.00 W, 72, 1635 MHz
2026/09/23 12:32:35.386, 0, 98 %, 88 %, 7503 MiB, 49140 MiB, 292.29 W, 300.00 W, 74, 1830 MHz
2026/09/23 12:32:36.387, 0, 98 %, 88 %, 7503 MiB, 49140 MiB, 294.28 W, 300.00 W, 73, 2055 MHz
2026/09/23 12:32:37.388, 0, 98 %, 88 %, 7503 MiB, 49140 MiB, 291.40 W, 300.00 W, 73, 1545 MHz
2026/09/23 12:32:38.389, 0, 98 %, 83 %, 7503 MiB, 49140 MiB, 292.00 W, 300.00 W, 73, 1785 MHz
2026/09/23 12:32:39.390, 0, 98 %, 86 %, 7503 MiB, 49140 MiB, 293.93 W, 300.00 W, 73, 1815 MHz
2026/09/23 12:32:40.390, 0, 98 %, 88 %, 7503 MiB, 49140 MiB, 290.29 W, 300.00 W, 74, 1815 MHz
2026/09/23 12:32:41.391, 0, 97 %, 87 %, 7503 MiB, 49140 MiB, 293.39 W, 300.00 W, 73, 1950 MHz
2026/09/23 12:32:42.393, 0, 92 %, 63 %, 7503 MiB, 49140 MiB, 296.49 W, 300.00 W, 74, 1440 MHz
2026/09/23 12:32:43.393, 0, 0 %, 0 %, 7503 MiB, 49140 MiB, 156.53 W, 300.00 W, 67, 2730 MHz
2026/09/23 12:32:44.394, 0, 98 %, 82 %, 7503 MiB, 49140 MiB, 257.18 W, 300.00 W, 71, 1650 MHz
2026/09/23 12:32:45.394, 0, 98 %, 87 %, 7503 MiB, 49140 MiB, 292.40 W, 300.00 W, 74, 1905 MHz
2026/09/23 12:32:46.395, 0, 94 %, 84 %, 7503 MiB, 49140 MiB, 292.47 W, 300.00 W, 72, 1890 MHz
2026/09/23 12:32:47.395, 0, 97 %, 84 %, 7503 MiB, 49140 MiB, 290.74 W, 300.00 W, 72, 1635 MHz
2026/09/23 12:32:48.397, 0, 98 %, 87 %, 7503 MiB, 49140 MiB, 291.42 W, 300.00 W, 73, 1905 MHz
2026/09/23 12:32:49.397, 0, 98 %, 89 %, 7503 MiB, 49140 MiB, 293.72 W, 300.00 W, 73, 2010 MHz
2026/09/23 12:32:50.399, 0, 98 %, 86 %, 7503 MiB, 49140 MiB, 291.27 W, 300.00 W, 73, 1545 MHz
2026/09/23 12:32:51.400, 0, 98 %, 85 %, 7503 MiB, 49140 MiB, 292.67 W, 300.00 W, 73, 1905 MHz
2026/09/23 12:32:52.401, 0, 98 %, 89 %, 7503 MiB, 49140 MiB, 293.82 W, 300.00 W, 74, 2025 MHz
2026/09/23 12:32:53.401, 0, 97 %, 87 %, 7503 MiB, 49140 MiB, 290.54 W, 300.00 W, 74, 1815 MHz
2026/09/23 12:32:54.404, 0, 95 %, 85 %, 7503 MiB, 49140 MiB, 291.64 W, 300.00 W, 73, 1845 MHz
2026/09/23 12:32:55.405, 0, 98 %, 82 %, 7503 MiB, 49140 MiB, 292.45 W, 300.00 W, 72, 1620 MHz
2026/09/23 12:32:56.406, 0, 98 %, 87 %, 7503 MiB, 49140 MiB, 292.66 W, 300.00 W, 74, 1815 MHz
2026/09/23 12:32:57.407, 0, 97 %, 87 %, 7503 MiB, 49140 MiB, 293.11 W, 300.00 W, 73, 2025 MHz
2026/09/23 12:32:58.408, 0, 97 %, 86 %, 7503 MiB, 49140 MiB, 290.70 W, 300.00 W, 73, 1545 MHz
2026/09/23 12:32:59.408, 0, 98 %, 83 %, 7503 MiB, 49140 MiB, 291.57 W, 300.00 W, 73, 1845 MHz
2026/09/23 12:33:00.409, 0, 98 %, 87 %, 7503 MiB, 49140 MiB, 293.41 W, 300.00 W, 72, 2115 MHz
2026/09/23 12:33:01.411, 0, 98 %, 88 %, 7503 MiB, 49140 MiB, 289.50 W, 300.00 W, 74, 1560 MHz
2026/09/23 12:33:02.412, 0, 98 %, 88 %, 7503 MiB, 49140 MiB, 291.71 W, 300.00 W, 74, 1785 MHz
2026/09/23 12:33:03.413, 0, 97 %, 86 %, 7503 MiB, 49140 MiB, 290.17 W, 300.00 W, 74, 1590 MHz
2026/09/23 12:33:04.414, 0, 96 %, 85 %, 7503 MiB, 49140 MiB, 292.45 W, 300.00 W, 73, 1905 MHz
2026/09/23 12:33:05.415, 0, 98 %, 83 %, 7503 MiB, 49140 MiB, 291.79 W, 300.00 W, 72, 2070 MHz
2026/09/23 12:33:06.416, 0, 98 %, 88 %, 7503 MiB, 49140 MiB, 292.42 W, 300.00 W, 74, 1560 MHz
2026/09/23 12:33:07.419, 0, 95 %, 69 %, 7503 MiB, 49140 MiB, 294.39 W, 300.00 W, 75, 1455 MHz
2026/09/23 12:33:08.419, 0, 0 %, 0 %, 7503 MiB, 49140 MiB, 240.07 W, 300.00 W, 67, 2505 MHz
2026/09/23 12:33:09.420, 0, 96 %, 85 %, 7503 MiB, 49140 MiB, 166.19 W, 300.00 W, 72, 1800 MHz
2026/09/23 12:33:10.421, 0, 98 %, 83 %, 7503 MiB, 49140 MiB, 292.42 W, 300.00 W, 72, 1995 MHz
2026/09/23 12:33:11.423, 0, 98 %, 87 %, 7503 MiB, 49140 MiB, 291.44 W, 300.00 W, 74, 1560 MHz
2026/09/23 12:33:12.423, 0, 96 %, 85 %, 7503 MiB, 49140 MiB, 292.66 W, 300.00 W, 72, 1920 MHz
2026/09/23 12:33:13.424, 0, 97 %, 84 %, 7503 MiB, 49140 MiB, 291.75 W, 300.00 W, 72, 2025 MHz
2026/09/23 12:33:14.425, 0, 98 %, 84 %, 7503 MiB, 49140 MiB, 290.25 W, 300.00 W, 73, 1770 MHz
2026/09/23 12:33:15.425, 0, 94 %, 85 %, 7503 MiB, 49140 MiB, 292.89 W, 300.00 W, 73, 1950 MHz
2026/09/23 12:33:16.426, 0, 98 %, 88 %, 7503 MiB, 49140 MiB, 290.14 W, 300.00 W, 74, 1635 MHz
2026/09/23 12:33:17.428, 0, 95 %, 85 %, 7503 MiB, 49140 MiB, 292.49 W, 300.00 W, 73, 1875 MHz
2026/09/23 12:33:18.429, 0, 98 %, 82 %, 7503 MiB, 49140 MiB, 292.02 W, 300.00 W, 72, 1935 MHz
2026/09/23 12:33:19.429, 0, 97 %, 86 %, 7503 MiB, 49140 MiB, 292.73 W, 300.00 W, 74, 1530 MHz
2026/09/23 12:33:20.431, 0, 97 %, 86 %, 7503 MiB, 49140 MiB, 292.57 W, 300.00 W, 73, 1950 MHz
2026/09/23 12:33:21.432, 0, 98 %, 86 %, 7503 MiB, 49140 MiB, 290.65 W, 300.00 W, 73, 1875 MHz
2026/09/23 12:33:22.433, 0, 97 %, 85 %, 7503 MiB, 49140 MiB, 291.82 W, 300.00 W, 73, 1785 MHz
2026/09/23 12:33:23.433, 0, 97 %, 88 %, 7503 MiB, 49140 MiB, 293.40 W, 300.00 W, 74, 1710 MHz
2026/09/23 12:33:24.434, 0, 96 %, 87 %, 7503 MiB, 49140 MiB, 291.34 W, 300.00 W, 74, 1635 MHz
2026/09/23 12:33:25.435, 0, 97 %, 86 %, 7503 MiB, 49140 MiB, 292.12 W, 300.00 W, 73, 1800 MHz
2026/09/23 12:33:26.437, 0, 96 %, 80 %, 7503 MiB, 49140 MiB, 292.25 W, 300.00 W, 71, 1980 MHz
2026/09/23 12:33:27.439, 0, 97 %, 86 %, 7503 MiB, 49140 MiB, 292.03 W, 300.00 W, 75, 1515 MHz
2026/09/23 12:33:28.440, 0, 96 %, 86 %, 7503 MiB, 49140 MiB, 292.73 W, 300.00 W, 73, 1845 MHz
2026/09/23 12:33:29.440, 0, 94 %, 83 %, 7503 MiB, 49140 MiB, 291.03 W, 300.00 W, 73, 1665 MHz
2026/09/23 12:33:30.441, 0, 98 %, 83 %, 7503 MiB, 49140 MiB, 291.55 W, 300.00 W, 73, 1785 MHz
2026/09/23 12:33:31.443, 0, 98 %, 88 %, 7503 MiB, 49140 MiB, 293.97 W, 300.00 W, 73, 1785 MHz
2026/09/23 12:33:32.446, 0, 97 %, 86 %, 7503 MiB, 49140 MiB, 290.22 W, 300.00 W, 74, 1530 MHz
2026/09/23 12:33:33.447, 0, 95 %, 68 %, 7503 MiB, 49140 MiB, 298.78 W, 300.00 W, 75, 1365 MHz
2026/09/23 12:33:34.447, 0, 57 %, 51 %, 7503 MiB, 49140 MiB, 132.74 W, 300.00 W, 70, 2175 MHz
2026/09/23 12:33:35.448, 0, 96 %, 87 %, 7503 MiB, 49140 MiB, 282.02 W, 300.00 W, 73, 1590 MHz
2026/09/23 12:33:36.449, 0, 97 %, 88 %, 7503 MiB, 49140 MiB, 292.48 W, 300.00 W, 73, 1665 MHz
2026/09/23 12:33:37.450, 0, 97 %, 86 %, 7503 MiB, 49140 MiB, 291.35 W, 300.00 W, 73, 1680 MHz
2026/09/23 12:33:38.450, 0, 95 %, 85 %, 7503 MiB, 49140 MiB, 289.87 W, 300.00 W, 72, 1845 MHz
2026/09/23 12:33:39.451, 0, 98 %, 82 %, 7503 MiB, 49140 MiB, 292.21 W, 300.00 W, 72, 1995 MHz
2026/09/23 12:33:40.452, 0, 97 %, 86 %, 7503 MiB, 49140 MiB, 291.71 W, 300.00 W, 74, 1530 MHz
2026/09/23 12:33:41.452, 0, 97 %, 87 %, 7503 MiB, 49140 MiB, 292.24 W, 300.00 W, 73, 1830 MHz
2026/09/23 12:33:42.453, 0, 98 %, 86 %, 7503 MiB, 49140 MiB, 291.70 W, 300.00 W, 73, 1890 MHz
2026/09/23 12:33:43.454, 0, 97 %, 88 %, 7503 MiB, 49140 MiB, 292.92 W, 300.00 W, 73, 1545 MHz
2026/09/23 12:33:44.454, 0, 96 %, 86 %, 7503 MiB, 49140 MiB, 293.14 W, 300.00 W, 73, 1680 MHz
2026/09/23 12:33:45.455, 0, 97 %, 86 %, 7503 MiB, 49140 MiB, 291.04 W, 300.00 W, 73, 1665 MHz
2026/09/23 12:33:46.455, 0, 98 %, 84 %, 7503 MiB, 49140 MiB, 291.86 W, 300.00 W, 73, 1755 MHz
2026/09/23 12:33:47.456, 0, 96 %, 86 %, 7503 MiB, 49140 MiB, 293.31 W, 300.00 W, 73, 1845 MHz
2026/09/23 12:33:48.456, 0, 98 %, 88 %, 7503 MiB, 49140 MiB, 291.61 W, 300.00 W, 74, 2025 MHz
2026/09/23 12:33:49.458, 0, 97 %, 86 %, 7503 MiB, 49140 MiB, 292.39 W, 300.00 W, 73, 1515 MHz
2026/09/23 12:33:50.459, 0, 96 %, 80 %, 7503 MiB, 49140 MiB, 292.41 W, 300.00 W, 71, 1695 MHz
2026/09/23 12:33:51.460, 0, 95 %, 84 %, 7503 MiB, 49140 MiB, 289.68 W, 300.00 W, 73, 1650 MHz
2026/09/23 12:33:52.463, 0, 98 %, 84 %, 7503 MiB, 49140 MiB, 290.82 W, 300.00 W, 73, 1875 MHz
2026/09/23 12:33:53.464, 0, 98 %, 88 %, 7503 MiB, 49140 MiB, 292.18 W, 300.00 W, 74, 1980 MHz
2026/09/23 12:33:54.465, 0, 96 %, 85 %, 7503 MiB, 49140 MiB, 292.51 W, 300.00 W, 73, 1575 MHz
2026/09/23 12:33:55.465, 0, 97 %, 81 %, 7503 MiB, 49140 MiB, 292.68 W, 300.00 W, 72, 1725 MHz
2026/09/23 12:33:56.466, 0, 98 %, 88 %, 7503 MiB, 49140 MiB, 291.25 W, 300.00 W, 74, 1635 MHz
2026/09/23 12:33:57.467, 0, 97 %, 87 %, 7503 MiB, 49140 MiB, 293.70 W, 300.00 W, 73, 1815 MHz
2026/09/23 12:33:58.468, 0, 94 %, 67 %, 7503 MiB, 49140 MiB, 294.90 W, 300.00 W, 73, 1710 MHz
2026/09/23 12:33:59.468, 0, 0 %, 0 %, 7503 MiB, 49140 MiB, 209.83 W, 300.00 W, 67, 2730 MHz
2026/09/23 12:34:00.469, 0, 94 %, 85 %, 7503 MiB, 49140 MiB, 134.80 W, 300.00 W, 71, 1920 MHz
2026/09/23 12:34:01.470, 0, 97 %, 88 %, 7503 MiB, 49140 MiB, 289.21 W, 300.00 W, 73, 2070 MHz
2026/09/23 12:34:02.472, 0, 98 %, 84 %, 7503 MiB, 49140 MiB, 291.92 W, 300.00 W, 72, 1530 MHz
2026/09/23 12:34:03.473, 0, 98 %, 85 %, 7503 MiB, 49140 MiB, 292.13 W, 300.00 W, 72, 1905 MHz
2026/09/23 12:34:04.473, 0, 98 %, 88 %, 7503 MiB, 49140 MiB, 291.94 W, 300.00 W, 73, 2025 MHz
2026/09/23 12:34:05.478, 0, 94 %, 84 %, 7503 MiB, 49140 MiB, 290.86 W, 300.00 W, 72, 1710 MHz
2026/09/23 12:34:06.479, 0, 97 %, 84 %, 7503 MiB, 49140 MiB, 290.46 W, 300.00 W, 72, 1695 MHz
2026/09/23 12:34:07.479, 0, 98 %, 88 %, 7503 MiB, 49140 MiB, 292.32 W, 300.00 W, 74, 1650 MHz
2026/09/23 12:34:08.481, 0, 98 %, 88 %, 7503 MiB, 49140 MiB, 292.32 W, 300.00 W, 73, 1635 MHz
2026/09/23 12:34:09.483, 0, 97 %, 87 %, 7503 MiB, 49140 MiB, 292.69 W, 300.00 W, 73, 1875 MHz
2026/09/23 12:34:10.483, 0, 98 %, 83 %, 7503 MiB, 49140 MiB, 291.26 W, 300.00 W, 74, 2055 MHz
2026/09/23 12:34:11.484, 0, 98 %, 88 %, 7503 MiB, 49140 MiB, 292.26 W, 300.00 W, 72, 1560 MHz
2026/09/23 12:34:12.485, 0, 97 %, 88 %, 7503 MiB, 49140 MiB, 293.23 W, 300.00 W, 72, 2025 MHz
2026/09/23 12:34:13.485, 0, 97 %, 85 %, 7503 MiB, 49140 MiB, 290.77 W, 300.00 W, 75, 1980 MHz
2026/09/23 12:34:14.487, 0, 98 %, 82 %, 7503 MiB, 49140 MiB, 292.07 W, 300.00 W, 73, 1695 MHz
2026/09/23 12:34:15.488, 0, 97 %, 86 %, 7503 MiB, 49140 MiB, 291.75 W, 300.00 W, 72, 1680 MHz
2026/09/23 12:34:16.488, 0, 96 %, 85 %, 7503 MiB, 49140 MiB, 292.51 W, 300.00 W, 75, 1815 MHz
2026/09/23 12:34:17.490, 0, 98 %, 83 %, 7503 MiB, 49140 MiB, 292.55 W, 300.00 W, 73, 1770 MHz
2026/09/23 12:34:18.491, 0, 97 %, 88 %, 7503 MiB, 49140 MiB, 291.31 W, 300.00 W, 72, 1755 MHz
2026/09/23 12:34:19.491, 0, 97 %, 87 %, 7503 MiB, 49140 MiB, 292.10 W, 300.00 W, 73, 1620 MHz
2026/09/23 12:34:20.492, 0, 97 %, 86 %, 7503 MiB, 49140 MiB, 293.16 W, 300.00 W, 73, 1800 MHz
2026/09/23 12:34:21.493, 0, 97 %, 85 %, 7503 MiB, 49140 MiB, 291.02 W, 300.00 W, 74, 1935 MHz
2026/09/23 12:34:22.494, 0, 98 %, 89 %, 7503 MiB, 49140 MiB, 291.01 W, 300.00 W, 72, 1515 MHz
2026/09/23 12:34:23.495, 0, 97 %, 87 %, 7503 MiB, 49140 MiB, 293.31 W, 300.00 W, 74, 1575 MHz
2026/09/23 12:34:24.496, 0, 90 %, 64 %, 7503 MiB, 49140 MiB, 261.54 W, 300.00 W, 67, 2505 MHz
2026/09/23 12:34:25.496, 0, 0 %, 0 %, 7503 MiB, 49140 MiB, 147.64 W, 300.00 W, 72, 1830 MHz
2026/09/23 12:34:26.497, 0, 98 %, 89 %, 7503 MiB, 49140 MiB, 290.45 W, 300.00 W, 71, 1710 MHz
2026/09/23 12:34:27.499, 0, 94 %, 83 %, 7503 MiB, 49140 MiB, 291.30 W, 300.00 W, 74, 1680 MHz
2026/09/23 12:34:28.501, 0, 97 %, 82 %, 7503 MiB, 49140 MiB, 292.51 W, 300.00 W, 72, 1755 MHz
2026/09/23 12:34:29.502, 0, 97 %, 87 %, 7503 MiB, 49140 MiB, 289.55 W, 300.00 W, 72, 1950 MHz
2026/09/23 12:34:30.502, 0, 98 %, 87 %, 7503 MiB, 49140 MiB, 291.19 W, 300.00 W, 73, 1605 MHz
2026/09/23 12:34:31.503, 0, 97 %, 87 %, 7503 MiB, 49140 MiB, 293.11 W, 300.00 W, 74, 1800 MHz
2026/09/23 12:34:32.504, 0, 98 %, 83 %, 7503 MiB, 49140 MiB, 291.09 W, 300.00 W, 74, 2025 MHz
2026/09/23 12:34:33.505, 0, 97 %, 86 %, 7503 MiB, 49140 MiB, 291.27 W, 300.00 W, 72, 1545 MHz
2026/09/23 12:34:34.506, 0, 94 %, 85 %, 7503 MiB, 49140 MiB, 292.51 W, 300.00 W, 72, 1830 MHz
2026/09/23 12:34:35.507, 0, 96 %, 85 %, 7503 MiB, 49140 MiB, 292.12 W, 300.00 W, 74, 1935 MHz
2026/09/23 12:34:36.507, 0, 98 %, 82 %, 7503 MiB, 49140 MiB, 292.55 W, 300.00 W, 72, 1590 MHz
2026/09/23 12:34:37.508, 0, 98 %, 87 %, 7503 MiB, 49140 MiB, 292.27 W, 300.00 W, 71, 1845 MHz
2026/09/23 12:34:38.509, 0, 95 %, 85 %, 7503 MiB, 49140 MiB, 292.51 W, 300.00 W, 75, 1860 MHz
2026/09/23 12:34:39.510, 0, 98 %, 82 %, 7503 MiB, 49140 MiB, 292.75 W, 300.00 W, 73, 1650 MHz
2026/09/23 12:34:40.511, 0, 98 %, 88 %, 7503 MiB, 49140 MiB, 291.48 W, 300.00 W, 72, 1830 MHz
2026/09/23 12:34:41.512, 0, 96 %, 86 %, 7503 MiB, 49140 MiB, 292.23 W, 300.00 W, 75, 1875 MHz
2026/09/23 12:34:42.513, 0, 97 %, 82 %, 7503 MiB, 49140 MiB, 292.21 W, 300.00 W, 73, 1635 MHz
2026/09/23 12:34:43.514, 0, 97 %, 87 %, 7503 MiB, 49140 MiB, 290.94 W, 300.00 W, 72, 1770 MHz
2026/09/23 12:34:44.515, 0, 96 %, 86 %, 7503 MiB, 49140 MiB, 291.09 W, 300.00 W, 73, 2055 MHz
2026/09/23 12:34:45.516, 0, 96 %, 85 %, 7503 MiB, 49140 MiB, 292.67 W, 300.00 W, 73, 1530 MHz
2026/09/23 12:34:46.516, 0, 97 %, 87 %, 7503 MiB, 49140 MiB, 290.94 W, 300.00 W, 73, 1890 MHz
2026/09/23 12:34:47.517, 0, 98 %, 89 %, 7503 MiB, 49140 MiB, 292.21 W, 300.00 W, 73, 2040 MHz
2026/09/23 12:34:48.518, 0, 98 %, 88 %, 7503 MiB, 49140 MiB, 293.55 W, 300.00 W, 73, 1560 MHz
2026/09/23 12:34:49.520, 0, 91 %, 66 %, 7503 MiB, 49140 MiB, 293.02 W, 300.00 W, 75, 1560 MHz
2026/09/23 12:34:50.521, 0, 0 %, 0 %, 7503 MiB, 49140 MiB, 142.69 W, 300.00 W, 71, 1695 MHz
2026/09/23 12:34:51.522, 0, 98 %, 86 %, 7503 MiB, 49140 MiB, 271.10 W, 300.00 W, 73, 1725 MHz
2026/09/23 12:34:52.523, 0, 98 %, 89 %, 7503 MiB, 49140 MiB, 292.11 W, 300.00 W, 73, 2040 MHz
2026/09/23 12:34:53.523, 0, 98 %, 87 %, 7503 MiB, 49140 MiB, 293.20 W, 300.00 W, 73, 1515 MHz
2026/09/23 12:34:54.524, 0, 96 %, 86 %, 7503 MiB, 49140 MiB, 289.41 W, 300.00 W, 73, 1695 MHz
2026/09/23 12:34:55.525, 0, 98 %, 88 %, 7503 MiB, 49140 MiB, 291.52 W, 300.00 W, 72, 1710 MHz
2026/09/23 12:34:56.526, 0, 98 %, 88 %, 7503 MiB, 49140 MiB, 292.96 W, 300.00 W, 72, 1875 MHz
2026/09/23 12:34:57.527, 0, 96 %, 86 %, 7503 MiB, 49140 MiB, 288.37 W, 300.00 W, 73, 2010 MHz
2026/09/23 12:34:58.527, 0, 98 %, 86 %, 7503 MiB, 49140 MiB, 292.68 W, 300.00 W, 73, 1575 MHz
2026/09/23 12:34:59.529, 0, 97 %, 83 %, 7503 MiB, 49140 MiB, 290.53 W, 300.00 W, 73, 1830 MHz
2026/09/23 12:35:00.530, 0, 98 %, 87 %, 7503 MiB, 49140 MiB, 291.89 W, 300.00 W, 73, 1920 MHz
2026/09/23 12:35:01.530, 0, 96 %, 84 %, 7503 MiB, 49140 MiB, 292.20 W, 300.00 W, 72, 1875 MHz
2026/09/23 12:35:02.531, 0, 98 %, 85 %, 7503 MiB, 49140 MiB, 290.23 W, 300.00 W, 75, 1830 MHz
2026/09/23 12:35:03.532, 0, 98 %, 86 %, 7503 MiB, 49140 MiB, 291.31 W, 300.00 W, 73, 1650 MHz
2026/09/23 12:35:04.533, 0, 98 %, 87 %, 7503 MiB, 49140 MiB, 289.44 W, 300.00 W, 73, 1995 MHz
2026/09/23 12:35:05.534, 0, 98 %, 86 %, 7503 MiB, 49140 MiB, 291.55 W, 300.00 W, 73, 2010 MHz
2026/09/23 12:35:06.535, 0, 98 %, 86 %, 7503 MiB, 49140 MiB, 293.30 W, 300.00 W, 73, 1590 MHz
2026/09/23 12:35:07.536, 0, 97 %, 87 %, 7503 MiB, 49140 MiB, 291.04 W, 300.00 W, 73, 1890 MHz
2026/09/23 12:35:08.536, 0, 98 %, 87 %, 7503 MiB, 49140 MiB, 292.10 W, 300.00 W, 73, 2025 MHz
2026/09/23 12:35:09.537, 0, 97 %, 85 %, 7503 MiB, 49140 MiB, 293.49 W, 300.00 W, 74, 1575 MHz
2026/09/23 12:35:10.539, 0, 97 %, 86 %, 7503 MiB, 49140 MiB, 291.26 W, 300.00 W, 73, 1830 MHz
2026/09/23 12:35:11.540, 0, 98 %, 87 %, 7503 MiB, 49140 MiB, 292.36 W, 300.00 W, 73, 1935 MHz
2026/09/23 12:35:12.541, 0, 97 %, 85 %, 7503 MiB, 49140 MiB, 292.73 W, 300.00 W, 73, 1785 MHz
2026/09/23 12:35:13.543, 0, 97 %, 84 %, 7503 MiB, 49140 MiB, 290.18 W, 300.00 W, 74, 1665 MHz
2026/09/23 12:35:14.546, 0, 89 %, 73 %, 7503 MiB, 49140 MiB, 294.93 W, 300.00 W, 74, 1575 MHz
2026/09/23 12:35:15.546, 0, 90 %, 67 %, 7503 MiB, 49140 MiB, 197.04 W, 300.00 W, 67, 2505 MHz
2026/09/23 12:35:16.547, 0, 97 %, 86 %, 7503 MiB, 49140 MiB, 208.04 W, 300.00 W, 73, 2025 MHz
2026/09/23 12:35:17.549, 0, 95 %, 85 %, 7503 MiB, 49140 MiB, 291.89 W, 300.00 W, 73, 1530 MHz
2026/09/23 12:35:18.549, 0, 96 %, 86 %, 7503 MiB, 49140 MiB, 288.73 W, 300.00 W, 73, 1695 MHz
2026/09/23 12:35:19.550, 0, 97 %, 87 %, 7503 MiB, 49140 MiB, 291.43 W, 300.00 W, 72, 1680 MHz
2026/09/23 12:35:20.551, 0, 98 %, 87 %, 7503 MiB, 49140 MiB, 292.92 W, 300.00 W, 72, 1800 MHz
2026/09/23 12:35:21.552, 0, 97 %, 85 %, 7503 MiB, 49140 MiB, 291.15 W, 300.00 W, 74, 1680 MHz
2026/09/23 12:35:22.553, 0, 97 %, 86 %, 7503 MiB, 49140 MiB, 291.53 W, 300.00 W, 72, 1620 MHz
2026/09/23 12:35:23.554, 0, 97 %, 87 %, 7503 MiB, 49140 MiB, 293.00 W, 300.00 W, 72, 1860 MHz
2026/09/23 12:35:24.555, 0, 96 %, 85 %, 7503 MiB, 49140 MiB, 290.60 W, 300.00 W, 74, 1920 MHz
2026/09/23 12:35:25.556, 0, 97 %, 85 %, 7503 MiB, 49140 MiB, 291.32 W, 300.00 W, 73, 1935 MHz
2026/09/23 12:35:26.558, 0, 98 %, 85 %, 7503 MiB, 49140 MiB, 291.33 W, 300.00 W, 72, 1650 MHz
2026/09/23 12:35:27.559, 0, 95 %, 84 %, 7503 MiB, 49140 MiB, 291.02 W, 300.00 W, 73, 1650 MHz
2026/09/23 12:35:28.560, 0, 96 %, 85 %, 7503 MiB, 49140 MiB, 292.59 W, 300.00 W, 73, 1665 MHz
2026/09/23 12:35:29.562, 0, 97 %, 87 %, 7503 MiB, 49140 MiB, 289.60 W, 300.00 W, 73, 1815 MHz
2026/09/23 12:35:30.563, 0, 98 %, 87 %, 7503 MiB, 49140 MiB, 292.16 W, 300.00 W, 73, 1920 MHz
2026/09/23 12:35:31.563, 0, 96 %, 85 %, 7503 MiB, 49140 MiB, 293.28 W, 300.00 W, 73, 1695 MHz
2026/09/23 12:35:32.564, 0, 98 %, 87 %, 7503 MiB, 49140 MiB, 291.39 W, 300.00 W, 74, 1800 MHz
2026/09/23 12:35:33.565, 0, 98 %, 88 %, 7503 MiB, 49140 MiB, 291.33 W, 300.00 W, 72, 1905 MHz
2026/09/23 12:35:34.566, 0, 97 %, 87 %, 7503 MiB, 49140 MiB, 293.27 W, 300.00 W, 72, 1605 MHz
2026/09/23 12:35:35.567, 0, 98 %, 85 %, 7503 MiB, 49140 MiB, 291.93 W, 300.00 W, 74, 1785 MHz
2026/09/23 12:35:36.568, 0, 98 %, 87 %, 7503 MiB, 49140 MiB, 291.28 W, 300.00 W, 73, 2055 MHz
2026/09/23 12:35:37.568, 0, 97 %, 87 %, 7503 MiB, 49140 MiB, 292.21 W, 300.00 W, 71, 1545 MHz
2026/09/23 12:35:38.569, 0, 96 %, 86 %, 7503 MiB, 49140 MiB, 290.28 W, 300.00 W, 74, 1860 MHz
2026/09/23 12:35:39.570, 0, 98 %, 85 %, 7503 MiB, 49140 MiB, 290.62 W, 300.00 W, 73, 1680 MHz
2026/09/23 12:35:40.571, 0, 93 %, 66 %, 7503 MiB, 49140 MiB, 277.17 W, 300.00 W, 70, 2730 MHz
2026/09/23 12:35:41.571, 0, 0 %, 0 %, 7503 MiB, 49140 MiB, 135.47 W, 300.00 W, 71, 1620 MHz
2026/09/23 12:35:42.573, 0, 97 %, 85 %, 7503 MiB, 49140 MiB, 291.42 W, 300.00 W, 71, 1545 MHz
2026/09/23 12:35:43.574, 0, 97 %, 87 %, 7503 MiB, 49140 MiB, 290.95 W, 300.00 W, 73, 1845 MHz
2026/09/23 12:35:44.575, 0, 98 %, 85 %, 7503 MiB, 49140 MiB, 291.25 W, 300.00 W, 73, 2010 MHz
2026/09/23 12:35:45.575, 0, 97 %, 86 %, 7503 MiB, 49140 MiB, 291.27 W, 300.00 W, 72, 1545 MHz
2026/09/23 12:35:46.576, 0, 97 %, 86 %, 7503 MiB, 49140 MiB, 291.49 W, 300.00 W, 74, 1755 MHz
2026/09/23 12:35:47.579, 0, 97 %, 85 %, 7503 MiB, 49140 MiB, 292.09 W, 300.00 W, 73, 1725 MHz
2026/09/23 12:35:48.580, 0, 98 %, 87 %, 7503 MiB, 49140 MiB, 290.15 W, 300.00 W, 73, 1830 MHz
2026/09/23 12:35:49.581, 0, 98 %, 87 %, 7503 MiB, 49140 MiB, 291.81 W, 300.00 W, 73, 1740 MHz
2026/09/23 12:35:50.582, 0, 97 %, 86 %, 7503 MiB, 49140 MiB, 293.05 W, 300.00 W, 73, 1680 MHz
2026/09/23 12:35:51.583, 0, 97 %, 85 %, 7503 MiB, 49140 MiB, 291.23 W, 300.00 W, 74, 1845 MHz
2026/09/23 12:35:52.583, 0, 98 %, 87 %, 7503 MiB, 49140 MiB, 291.20 W, 300.00 W, 72, 2025 MHz
2026/09/23 12:35:53.585, 0, 97 %, 86 %, 7503 MiB, 49140 MiB, 293.38 W, 300.00 W, 72, 1620 MHz
2026/09/23 12:35:54.586, 0, 97 %, 85 %, 7503 MiB, 49140 MiB, 290.44 W, 300.00 W, 74, 1950 MHz
2026/09/23 12:35:55.587, 0, 97 %, 86 %, 7503 MiB, 49140 MiB, 290.54 W, 300.00 W, 73, 2055 MHz
2026/09/23 12:35:56.588, 0, 97 %, 87 %, 7503 MiB, 49140 MiB, 289.31 W, 300.00 W, 73, 1800 MHz
2026/09/23 12:35:57.589, 0, 97 %, 86 %, 7503 MiB, 49140 MiB, 292.02 W, 300.00 W, 73, 1695 MHz
2026/09/23 12:35:58.590, 0, 98 %, 86 %, 7503 MiB, 49140 MiB, 292.34 W, 300.00 W, 74, 1590 MHz
2026/09/23 12:35:59.591, 0, 98 %, 87 %, 7503 MiB, 49140 MiB, 290.40 W, 300.00 W, 74, 1845 MHz
2026/09/23 12:36:00.592, 0, 97 %, 86 %, 7503 MiB, 49140 MiB, 290.85 W, 300.00 W, 72, 1995 MHz
2026/09/23 12:36:01.593, 0, 98 %, 88 %, 7503 MiB, 49140 MiB, 293.13 W, 300.00 W, 72, 1590 MHz
2026/09/23 12:36:02.594, 0, 97 %, 86 %, 7503 MiB, 49140 MiB, 290.39 W, 300.00 W, 75, 2040 MHz
2026/09/23 12:36:03.594, 0, 98 %, 85 %, 7503 MiB, 49140 MiB, 291.54 W, 300.00 W, 73, 1995 MHz
2026/09/23 12:36:04.595, 0, 97 %, 85 %, 7503 MiB, 49140 MiB, 291.05 W, 300.00 W, 73, 1800 MHz
2026/09/23 12:36:05.599, 0, 94 %, 68 %, 7503 MiB, 49140 MiB, 296.45 W, 300.00 W, 73, 1605 MHz
2026/09/23 12:36:06.600, 0, 0 %, 0 %, 7503 MiB, 49140 MiB, 155.03 W, 300.00 W, 67, 2505 MHz
2026/09/23 12:36:07.601, 0, 97 %, 86 %, 7503 MiB, 49140 MiB, 249.03 W, 300.00 W, 74, 1830 MHz
2026/09/23 12:36:08.602, 0, 98 %, 87 %, 7503 MiB, 49140 MiB, 291.02 W, 300.00 W, 72, 2040 MHz
2026/09/23 12:36:09.602, 0, 97 %, 86 %, 7503 MiB, 49140 MiB, 292.48 W, 300.00 W, 72, 1620 MHz
2026/09/23 12:36:10.603, 0, 96 %, 85 %, 7503 MiB, 49140 MiB, 290.42 W, 300.00 W, 74, 1935 MHz
2026/09/23 12:36:11.604, 0, 98 %, 85 %, 7503 MiB, 49140 MiB, 291.58 W, 300.00 W, 72, 2040 MHz
2026/09/23 12:36:12.605, 0, 97 %, 86 %, 7503 MiB, 49140 MiB, 291.28 W, 300.00 W, 72, 1590 MHz
2026/09/23 12:36:13.606, 0, 97 %, 87 %, 7503 MiB, 49140 MiB, 290.91 W, 300.00 W, 73, 1875 MHz
2026/09/23 12:36:14.607, 0, 98 %, 86 %, 7503 MiB, 49140 MiB, 291.57 W, 300.00 W, 73, 2010 MHz
2026/09/23 12:36:15.608, 0, 97 %, 87 %, 7503 MiB, 49140 MiB, 290.85 W, 300.00 W, 73, 1605 MHz
2026/09/23 12:36:16.609, 0, 97 %, 86 %, 7503 MiB, 49140 MiB, 292.60 W, 300.00 W, 73, 1800 MHz
2026/09/23 12:36:17.610, 0, 98 %, 86 %, 7503 MiB, 49140 MiB, 293.15 W, 300.00 W, 73, 2025 MHz
2026/09/23 12:36:18.612, 0, 97 %, 87 %, 7503 MiB, 49140 MiB, 290.64 W, 300.00 W, 73, 1590 MHz
2026/09/23 12:36:19.614, 0, 98 %, 87 %, 7503 MiB, 49140 MiB, 288.18 W, 300.00 W, 72, 1725 MHz
2026/09/23 12:36:20.615, 0, 97 %, 86 %, 7503 MiB, 49140 MiB, 291.24 W, 300.00 W, 72, 1635 MHz
2026/09/23 12:36:21.616, 0, 96 %, 85 %, 7503 MiB, 49140 MiB, 290.21 W, 300.00 W, 74, 1860 MHz
2026/09/23 12:36:22.616, 0, 98 %, 86 %, 7503 MiB, 49140 MiB, 291.08 W, 300.00 W, 73, 2010 MHz
2026/09/23 12:36:23.617, 0, 94 %, 84 %, 7503 MiB, 49140 MiB, 290.27 W, 300.00 W, 73, 1530 MHz
2026/09/23 12:36:24.618, 0, 96 %, 86 %, 7503 MiB, 49140 MiB, 290.92 W, 300.00 W, 73, 1935 MHz
2026/09/23 12:36:25.620, 0, 97 %, 86 %, 7503 MiB, 49140 MiB, 292.96 W, 300.00 W, 74, 2010 MHz
2026/09/23 12:36:26.622, 0, 98 %, 85 %, 7503 MiB, 49140 MiB, 290.80 W, 300.00 W, 74, 1545 MHz
2026/09/23 12:36:27.622, 0, 98 %, 86 %, 7503 MiB, 49140 MiB, 290.70 W, 300.00 W, 73, 1785 MHz
2026/09/23 12:36:28.623, 0, 98 %, 86 %, 7503 MiB, 49140 MiB, 290.78 W, 300.00 W, 71, 1650 MHz
2026/09/23 12:36:29.624, 0, 95 %, 83 %, 7503 MiB, 49140 MiB, 290.86 W, 300.00 W, 73, 1920 MHz
2026/09/23 12:36:30.625, 0, 95 %, 84 %, 7503 MiB, 49140 MiB, 293.93 W, 300.00 W, 74, 1560 MHz
2026/09/23 12:36:31.626, 0, 91 %, 66 %, 7503 MiB, 49140 MiB, 239.79 W, 300.00 W, 67, 2505 MHz
2026/09/23 12:36:32.627, 0, 0 %, 0 %, 7503 MiB, 49140 MiB, 168.80 W, 300.00 W, 72, 1965 MHz
2026/09/23 12:36:33.627, 0, 97 %, 85 %, 7503 MiB, 49140 MiB, 292.67 W, 300.00 W, 73, 2085 MHz
2026/09/23 12:36:34.628, 0, 97 %, 86 %, 7503 MiB, 49140 MiB, 290.00 W, 300.00 W, 73, 1545 MHz
2026/09/23 12:36:35.629, 0, 97 %, 86 %, 7503 MiB, 49140 MiB, 289.60 W, 300.00 W, 72, 1740 MHz
2026/09/23 12:36:36.630, 0, 97 %, 87 %, 7503 MiB, 49140 MiB, 291.50 W, 300.00 W, 72, 1710 MHz
2026/09/23 12:36:37.631, 0, 97 %, 86 %, 7503 MiB, 49140 MiB, 290.55 W, 300.00 W, 74, 1890 MHz
2026/09/23 12:36:38.632, 0, 95 %, 84 %, 7503 MiB, 49140 MiB, 291.31 W, 300.00 W, 72, 1785 MHz
2026/09/23 12:36:39.634, 0, 97 %, 84 %, 7503 MiB, 49140 MiB, 290.82 W, 300.00 W, 71, 1695 MHz
2026/09/23 12:36:40.635, 0, 96 %, 85 %, 7503 MiB, 49140 MiB, 290.22 W, 300.00 W, 73, 1980 MHz
2026/09/23 12:36:41.635, 0, 96 %, 85 %, 7503 MiB, 49140 MiB, 292.57 W, 300.00 W, 73, 2070 MHz
2026/09/23 12:36:42.636, 0, 97 %, 86 %, 7503 MiB, 49140 MiB, 290.98 W, 300.00 W, 73, 1515 MHz
2026/09/23 12:36:43.637, 0, 98 %, 87 %, 7503 MiB, 49140 MiB, 292.48 W, 300.00 W, 73, 1965 MHz
2026/09/23 12:36:44.639, 0, 97 %, 86 %, 7503 MiB, 49140 MiB, 293.25 W, 300.00 W, 74, 2040 MHz
2026/09/23 12:36:45.641, 0, 97 %, 85 %, 7503 MiB, 49140 MiB, 291.17 W, 300.00 W, 73, 1575 MHz
2026/09/23 12:36:46.642, 0, 96 %, 85 %, 7503 MiB, 49140 MiB, 291.21 W, 300.00 W, 73, 1830 MHz
2026/09/23 12:36:47.643, 0, 98 %, 87 %, 7503 MiB, 49140 MiB, 293.28 W, 300.00 W, 73, 1950 MHz
2026/09/23 12:36:48.644, 0, 98 %, 85 %, 7503 MiB, 49140 MiB, 291.17 W, 300.00 W, 74, 1620 MHz
2026/09/23 12:36:49.647, 0, 97 %, 86 %, 7503 MiB, 49140 MiB, 289.99 W, 300.00 W, 72, 1650 MHz
2026/09/23 12:36:50.649, 0, 96 %, 84 %, 7503 MiB, 49140 MiB, 290.83 W, 300.00 W, 71, 1635 MHz
2026/09/23 12:36:51.650, 0, 98 %, 87 %, 7503 MiB, 49140 MiB, 291.99 W, 300.00 W, 74, 1845 MHz
2026/09/23 12:36:52.651, 0, 97 %, 85 %, 7503 MiB, 49140 MiB, 290.73 W, 300.00 W, 73, 2040 MHz
2026/09/23 12:36:53.652, 0, 97 %, 85 %, 7503 MiB, 49140 MiB, 290.73 W, 300.00 W, 73, 1560 MHz
2026/09/23 12:36:54.653, 0, 97 %, 86 %, 7503 MiB, 49140 MiB, 290.54 W, 300.00 W, 73, 1815 MHz
2026/09/23 12:36:55.654, 0, 98 %, 87 %, 7503 MiB, 49140 MiB, 292.57 W, 300.00 W, 73, 1695 MHz
2026/09/23 12:36:56.655, 0, 94 %, 67 %, 7503 MiB, 49140 MiB, 294.12 W, 300.00 W, 74, 1560 MHz
2026/09/23 12:36:57.655, 0, 0 %, 0 %, 7503 MiB, 49140 MiB, 125.22 W, 300.00 W, 72, 1755 MHz
2026/09/23 12:36:58.656, 0, 98 %, 87 %, 7503 MiB, 49140 MiB, 280.62 W, 300.00 W, 72, 1935 MHz
2026/09/23 12:36:59.658, 0, 97 %, 85 %, 7503 MiB, 49140 MiB, 292.31 W, 300.00 W, 73, 2055 MHz
2026/09/23 12:37:00.660, 0, 96 %, 84 %, 7503 MiB, 49140 MiB, 290.50 W, 300.00 W, 73, 1545 MHz
2026/09/23 12:37:01.660, 0, 97 %, 85 %, 7503 MiB, 49140 MiB, 290.91 W, 300.00 W, 72, 1710 MHz
2026/09/23 12:37:02.662, 0, 97 %, 86 %, 7503 MiB, 49140 MiB, 292.29 W, 300.00 W, 72, 1950 MHz
2026/09/23 12:37:03.663, 0, 97 %, 87 %, 7503 MiB, 49140 MiB, 290.46 W, 300.00 W, 74, 1620 MHz
2026/09/23 12:37:04.663, 0, 97 %, 85 %, 7503 MiB, 49140 MiB, 290.12 W, 300.00 W, 73, 1740 MHz
2026/09/23 12:37:05.664, 0, 98 %, 87 %, 7503 MiB, 49140 MiB, 290.74 W, 300.00 W, 73, 1770 MHz
2026/09/23 12:37:06.665, 0, 98 %, 87 %, 7503 MiB, 49140 MiB, 290.99 W, 300.00 W, 73, 1755 MHz
2026/09/23 12:37:07.665, 0, 98 %, 86 %, 7503 MiB, 49140 MiB, 293.27 W, 300.00 W, 73, 1650 MHz
2026/09/23 12:37:08.667, 0, 98 %, 85 %, 7503 MiB, 49140 MiB, 290.56 W, 300.00 W, 73, 1650 MHz
2026/09/23 12:37:09.668, 0, 98 %, 86 %, 7503 MiB, 49140 MiB, 291.62 W, 300.00 W, 73, 1860 MHz
2026/09/23 12:37:10.670, 0, 98 %, 87 %, 7503 MiB, 49140 MiB, 292.74 W, 300.00 W, 73, 1875 MHz
2026/09/23 12:37:11.670, 0, 98 %, 85 %, 7503 MiB, 49140 MiB, 290.95 W, 300.00 W, 74, 1680 MHz
2026/09/23 12:37:12.672, 0, 97 %, 85 %, 7503 MiB, 49140 MiB, 291.00 W, 300.00 W, 73, 1815 MHz
2026/09/23 12:37:13.673, 0, 97 %, 86 %, 7503 MiB, 49140 MiB, 291.17 W, 300.00 W, 71, 2010 MHz
2026/09/23 12:37:14.674, 0, 98 %, 87 %, 7503 MiB, 49140 MiB, 287.69 W, 300.00 W, 72, 1860 MHz
2026/09/23 12:37:15.674, 0, 95 %, 84 %, 7503 MiB, 49140 MiB, 292.23 W, 300.00 W, 72, 1935 MHz
2026/09/23 12:37:16.675, 0, 98 %, 87 %, 7503 MiB, 49140 MiB, 290.15 W, 300.00 W, 75, 1635 MHz
2026/09/23 12:37:17.677, 0, 97 %, 85 %, 7503 MiB, 49140 MiB, 291.69 W, 300.00 W, 72, 1950 MHz
2026/09/23 12:37:18.678, 0, 97 %, 84 %, 7503 MiB, 49140 MiB, 291.35 W, 300.00 W, 72, 2040 MHz
2026/09/23 12:37:19.679, 0, 98 %, 87 %, 7503 MiB, 49140 MiB, 292.21 W, 300.00 W, 75, 1530 MHz
2026/09/23 12:37:20.681, 0, 98 %, 85 %, 7503 MiB, 49140 MiB, 292.20 W, 300.00 W, 73, 1935 MHz
2026/09/23 12:37:21.682, 0, 91 %, 80 %, 7503 MiB, 49140 MiB, 294.03 W, 300.00 W, 74, 1590 MHz
2026/09/23 12:37:22.683, 0, 93 %, 67 %, 7503 MiB, 49140 MiB, 207.00 W, 300.00 W, 67, 2640 MHz
2026/09/23 12:37:23.683, 0, 97 %, 88 %, 7503 MiB, 49140 MiB, 204.27 W, 300.00 W, 72, 1800 MHz
2026/09/23 12:37:24.684, 0, 98 %, 88 %, 7503 MiB, 49140 MiB, 289.81 W, 300.00 W, 72, 1935 MHz
2026/09/23 12:37:25.685, 0, 97 %, 86 %, 7503 MiB, 49140 MiB, 290.45 W, 300.00 W, 73, 1680 MHz
2026/09/23 12:37:26.686, 0, 98 %, 86 %, 7503 MiB, 49140 MiB, 292.46 W, 300.00 W, 73, 1785 MHz
2026/09/23 12:37:27.687, 0, 97 %, 87 %, 7503 MiB, 49140 MiB, 290.10 W, 300.00 W, 72, 1905 MHz
2026/09/23 12:37:28.688, 0, 97 %, 86 %, 7503 MiB, 49140 MiB, 291.41 W, 300.00 W, 73, 1650 MHz
2026/09/23 12:37:29.689, 0, 98 %, 86 %, 7503 MiB, 49140 MiB, 293.35 W, 300.00 W, 73, 1845 MHz
2026/09/23 12:37:30.690, 0, 98 %, 88 %, 7503 MiB, 49140 MiB, 291.25 W, 300.00 W, 72, 1980 MHz
2026/09/23 12:37:31.691, 0, 97 %, 85 %, 7503 MiB, 49140 MiB, 291.52 W, 300.00 W, 73, 1545 MHz
2026/09/23 12:37:32.693, 0, 98 %, 86 %, 7503 MiB, 49140 MiB, 293.31 W, 300.00 W, 73, 1845 MHz
2026/09/23 12:37:33.693, 0, 98 %, 86 %, 7503 MiB, 49140 MiB, 288.96 W, 300.00 W, 73, 1680 MHz
2026/09/23 12:37:34.694, 0, 97 %, 87 %, 7503 MiB, 49140 MiB, 291.03 W, 300.00 W, 73, 1815 MHz
2026/09/23 12:37:35.696, 0, 98 %, 86 %, 7503 MiB, 49140 MiB, 292.56 W, 300.00 W, 73, 1845 MHz
2026/09/23 12:37:36.698, 0, 97 %, 84 %, 7503 MiB, 49140 MiB, 290.49 W, 300.00 W, 74, 1635 MHz
2026/09/23 12:37:37.699, 0, 97 %, 86 %, 7503 MiB, 49140 MiB, 291.77 W, 300.00 W, 73, 1875 MHz
2026/09/23 12:37:38.699, 0, 96 %, 85 %, 7503 MiB, 49140 MiB, 290.85 W, 300.00 W, 71, 1995 MHz
2026/09/23 12:37:39.700, 0, 97 %, 85 %, 7503 MiB, 49140 MiB, 290.16 W, 300.00 W, 74, 1545 MHz
2026/09/23 12:37:40.701, 0, 91 %, 81 %, 7503 MiB, 49140 MiB, 291.17 W, 300.00 W, 73, 1800 MHz
2026/09/23 12:37:41.704, 0, 98 %, 85 %, 7503 MiB, 49140 MiB, 289.80 W, 300.00 W, 73, 1680 MHz
2026/09/23 12:37:42.704, 0, 97 %, 86 %, 7503 MiB, 49140 MiB, 290.37 W, 300.00 W, 73, 1875 MHz
2026/09/23 12:37:43.705, 0, 98 %, 87 %, 7503 MiB, 49140 MiB, 293.43 W, 300.00 W, 73, 1890 MHz
2026/09/23 12:37:44.708, 0, 96 %, 85 %, 7503 MiB, 49140 MiB, 290.40 W, 300.00 W, 74, 1620 MHz
2026/09/23 12:37:45.708, 0, 97 %, 85 %, 7503 MiB, 49140 MiB, 291.51 W, 300.00 W, 73, 1815 MHz
2026/09/23 12:37:46.710, 0, 97 %, 86 %, 7503 MiB, 49140 MiB, 291.20 W, 300.00 W, 75, 1620 MHz
2026/09/23 12:37:47.710, 0, 95 %, 69 %, 7503 MiB, 49140 MiB, 281.31 W, 300.00 W, 68, 2505 MHz
2026/09/23 12:37:48.711, 0, 0 %, 0 %, 7503 MiB, 49140 MiB, 130.60 W, 300.00 W, 71, 1860 MHz
2026/09/23 12:37:49.713, 0, 98 %, 86 %, 7503 MiB, 49140 MiB, 289.52 W, 300.00 W, 71, 2115 MHz
2026/09/23 12:37:50.713, 0, 97 %, 86 %, 7503 MiB, 49140 MiB, 290.18 W, 300.00 W, 73, 1575 MHz
2026/09/23 12:37:51.715, 0, 97 %, 86 %, 7503 MiB, 49140 MiB, 292.00 W, 300.00 W, 73, 1815 MHz
2026/09/23 12:37:52.717, 0, 97 %, 87 %, 7503 MiB, 49140 MiB, 291.17 W, 300.00 W, 72, 1755 MHz
2026/09/23 12:37:53.718, 0, 97 %, 85 %, 7503 MiB, 49140 MiB, 290.21 W, 300.00 W, 73, 1710 MHz
2026/09/23 12:37:54.719, 0, 97 %, 85 %, 7503 MiB, 49140 MiB, 292.95 W, 300.00 W, 73, 1815 MHz
2026/09/23 12:37:55.720, 0, 98 %, 86 %, 7503 MiB, 49140 MiB, 290.37 W, 300.00 W, 73, 2025 MHz
2026/09/23 12:37:56.721, 0, 97 %, 87 %, 7503 MiB, 49140 MiB, 291.06 W, 300.00 W, 73, 1620 MHz
2026/09/23 12:37:57.721, 0, 97 %, 87 %, 7503 MiB, 49140 MiB, 292.02 W, 300.00 W, 73, 1950 MHz
2026/09/23 12:37:58.722, 0, 98 %, 86 %, 7503 MiB, 49140 MiB, 290.34 W, 300.00 W, 74, 2040 MHz
2026/09/23 12:37:59.724, 0, 96 %, 84 %, 7503 MiB, 49140 MiB, 290.96 W, 300.00 W, 72, 1680 MHz
2026/09/23 12:38:00.725, 0, 98 %, 87 %, 7503 MiB, 49140 MiB, 292.16 W, 300.00 W, 72, 1830 MHz
2026/09/23 12:38:01.726, 0, 97 %, 87 %, 7503 MiB, 49140 MiB, 291.37 W, 300.00 W, 74, 1935 MHz
2026/09/23 12:38:02.727, 0, 97 %, 84 %, 7503 MiB, 49140 MiB, 290.75 W, 300.00 W, 73, 1785 MHz
2026/09/23 12:38:03.728, 0, 97 %, 85 %, 7503 MiB, 49140 MiB, 290.81 W, 300.00 W, 72, 1665 MHz
2026/09/23 12:38:04.729, 0, 97 %, 85 %, 7503 MiB, 49140 MiB, 292.63 W, 300.00 W, 74, 1650 MHz
2026/09/23 12:38:05.731, 0, 97 %, 86 %, 7503 MiB, 49140 MiB, 292.80 W, 300.00 W, 73, 1875 MHz
2026/09/23 12:38:06.732, 0, 97 %, 86 %, 7503 MiB, 49140 MiB, 290.77 W, 300.00 W, 73, 1935 MHz
2026/09/23 12:38:07.732, 0, 97 %, 87 %, 7503 MiB, 49140 MiB, 291.18 W, 300.00 W, 73, 1575 MHz
2026/09/23 12:38:08.733, 0, 97 %, 87 %, 7503 MiB, 49140 MiB, 293.16 W, 300.00 W, 73, 1905 MHz
2026/09/23 12:38:09.734, 0, 98 %, 86 %, 7503 MiB, 49140 MiB, 291.50 W, 300.00 W, 74, 2010 MHz
2026/09/23 12:38:10.734, 0, 98 %, 85 %, 7503 MiB, 49140 MiB, 291.87 W, 300.00 W, 73, 1620 MHz
2026/09/23 12:38:11.735, 0, 98 %, 87 %, 7503 MiB, 49140 MiB, 289.39 W, 300.00 W, 73, 1935 MHz
2026/09/23 12:38:12.738, 0, 83 %, 61 %, 7503 MiB, 49140 MiB, 296.47 W, 300.00 W, 74, 1485 MHz
2026/09/23 12:38:13.738, 0, 0 %, 0 %, 7503 MiB, 49140 MiB, 156.21 W, 300.00 W, 66, 2505 MHz
2026/09/23 12:38:14.740, 0, 95 %, 83 %, 7503 MiB, 49140 MiB, 230.71 W, 300.00 W, 72, 1875 MHz
2026/09/23 12:38:15.742, 0, 97 %, 87 %, 7503 MiB, 49140 MiB, 289.42 W, 300.00 W, 72, 1575 MHz
2026/09/23 12:38:16.743, 0, 98 %, 87 %, 7503 MiB, 49140 MiB, 292.45 W, 300.00 W, 72, 1950 MHz
2026/09/23 12:38:17.744, 0, 98 %, 86 %, 7503 MiB, 49140 MiB, 290.79 W, 300.00 W, 74, 2055 MHz
2026/09/23 12:38:18.745, 0, 97 %, 85 %, 7503 MiB, 49140 MiB, 291.46 W, 300.00 W, 72, 1560 MHz
2026/09/23 12:38:19.747, 0, 97 %, 86 %, 7503 MiB, 49140 MiB, 291.96 W, 300.00 W, 71, 1770 MHz
2026/09/23 12:38:20.749, 0, 97 %, 86 %, 7503 MiB, 49140 MiB, 291.19 W, 300.00 W, 74, 1695 MHz
2026/09/23 12:38:21.750, 0, 97 %, 85 %, 7503 MiB, 49140 MiB, 292.61 W, 300.00 W, 73, 1920 MHz
2026/09/23 12:38:22.752, 0, 97 %, 86 %, 7503 MiB, 49140 MiB, 290.48 W, 300.00 W, 73, 1920 MHz
2026/09/23 12:38:23.753, 0, 98 %, 87 %, 7503 MiB, 49140 MiB, 290.93 W, 300.00 W, 73, 1635 MHz
2026/09/23 12:38:24.753, 0, 95 %, 84 %, 7503 MiB, 49140 MiB, 293.66 W, 300.00 W, 73, 1785 MHz
2026/09/23 12:38:25.755, 0, 96 %, 84 %, 7503 MiB, 49140 MiB, 290.56 W, 300.00 W, 73, 2010 MHz
2026/09/23 12:38:26.757, 0, 98 %, 86 %, 7503 MiB, 49140 MiB, 290.91 W, 300.00 W, 72, 1530 MHz
2026/09/23 12:38:27.757, 0, 96 %, 85 %, 7503 MiB, 49140 MiB, 289.80 W, 300.00 W, 72, 1710 MHz
2026/09/23 12:38:28.759, 0, 97 %, 86 %, 7503 MiB, 49140 MiB, 291.71 W, 300.00 W, 74, 1650 MHz
2026/09/23 12:38:29.760, 0, 97 %, 86 %, 7503 MiB, 49140 MiB, 292.94 W, 300.00 W, 73, 1830 MHz
2026/09/23 12:38:30.764, 0, 98 %, 88 %, 7503 MiB, 49140 MiB, 291.71 W, 300.00 W, 73, 1860 MHz
2026/09/23 12:38:31.765, 0, 93 %, 83 %, 7503 MiB, 49140 MiB, 290.63 W, 300.00 W, 73, 1575 MHz
2026/09/23 12:38:32.766, 0, 96 %, 85 %, 7503 MiB, 49140 MiB, 293.29 W, 300.00 W, 74, 1875 MHz
2026/09/23 12:38:33.769, 0, 97 %, 85 %, 7503 MiB, 49140 MiB, 291.26 W, 300.00 W, 74, 2040 MHz
2026/09/23 12:38:34.770, 0, 98 %, 85 %, 7503 MiB, 49140 MiB, 292.09 W, 300.00 W, 73, 1575 MHz
2026/09/23 12:38:35.770, 0, 98 %, 87 %, 7503 MiB, 49140 MiB, 291.68 W, 300.00 W, 72, 1785 MHz
2026/09/23 12:38:36.771, 0, 98 %, 86 %, 7503 MiB, 49140 MiB, 290.47 W, 300.00 W, 75, 1725 MHz
2026/09/23 12:38:37.772, 0, 97 %, 85 %, 7503 MiB, 49140 MiB, 294.17 W, 300.00 W, 75, 1530 MHz
2026/09/23 12:38:38.773, 0, 93 %, 64 %, 7503 MiB, 49140 MiB, 257.24 W, 300.00 W, 68, 2730 MHz
2026/09/23 12:38:39.773, 0, 0 %, 0 %, 7503 MiB, 49140 MiB, 161.84 W, 300.00 W, 73, 1575 MHz
2026/09/23 12:38:40.774, 0, 98 %, 86 %, 7503 MiB, 49140 MiB, 291.39 W, 300.00 W, 73, 1530 MHz
2026/09/23 12:38:41.775, 0, 97 %, 86 %, 7503 MiB, 49140 MiB, 287.76 W, 300.00 W, 74, 1680 MHz
2026/09/23 12:38:42.775, 0, 97 %, 85 %, 7503 MiB, 49140 MiB, 291.57 W, 300.00 W, 72, 1620 MHz
2026/09/23 12:38:43.778, 0, 98 %, 86 %, 7503 MiB, 49140 MiB, 292.10 W, 300.00 W, 71, 1800 MHz
2026/09/23 12:38:44.779, 0, 97 %, 86 %, 7503 MiB, 49140 MiB, 291.18 W, 300.00 W, 74, 1980 MHz
2026/09/23 12:38:45.779, 0, 98 %, 86 %, 7503 MiB, 49140 MiB, 292.27 W, 300.00 W, 73, 1575 MHz
2026/09/23 12:38:46.780, 0, 97 %, 87 %, 7503 MiB, 49140 MiB, 291.22 W, 300.00 W, 73, 1950 MHz
2026/09/23 12:38:47.781, 0, 98 %, 87 %, 7503 MiB, 49140 MiB, 292.10 W, 300.00 W, 73, 2010 MHz
2026/09/23 12:38:48.782, 0, 97 %, 86 %, 7503 MiB, 49140 MiB, 293.55 W, 300.00 W, 73, 1530 MHz
2026/09/23 12:38:49.783, 0, 98 %, 87 %, 7503 MiB, 49140 MiB, 291.23 W, 300.00 W, 73, 1830 MHz
2026/09/23 12:38:50.786, 0, 97 %, 86 %, 7503 MiB, 49140 MiB, 291.56 W, 300.00 W, 73, 1770 MHz
2026/09/23 12:38:51.788, 0, 98 %, 87 %, 7503 MiB, 49140 MiB, 290.39 W, 300.00 W, 71, 1830 MHz
2026/09/23 12:38:52.788, 0, 97 %, 86 %, 7503 MiB, 49140 MiB, 291.36 W, 300.00 W, 74, 1830 MHz
2026/09/23 12:38:53.790, 0, 97 %, 85 %, 7503 MiB, 49140 MiB, 292.34 W, 300.00 W, 73, 1620 MHz
2026/09/23 12:38:54.791, 0, 97 %, 87 %, 7503 MiB, 49140 MiB, 290.26 W, 300.00 W, 73, 1905 MHz
2026/09/23 12:38:55.791, 0, 98 %, 87 %, 7503 MiB, 49140 MiB, 291.94 W, 300.00 W, 73, 2040 MHz
2026/09/23 12:38:56.792, 0, 98 %, 87 %, 7503 MiB, 49140 MiB, 292.19 W, 300.00 W, 74, 1515 MHz
2026/09/23 12:38:57.795, 0, 98 %, 85 %, 7503 MiB, 49140 MiB, 289.92 W, 300.00 W, 74, 1650 MHz
2026/09/23 12:38:58.796, 0, 97 %, 85 %, 7503 MiB, 49140 MiB, 291.80 W, 300.00 W, 73, 1665 MHz
2026/09/23 12:38:59.797, 0, 97 %, 85 %, 7503 MiB, 49140 MiB, 292.54 W, 300.00 W, 72, 1815 MHz
2026/09/23 12:39:00.797, 0, 97 %, 85 %, 7503 MiB, 49140 MiB, 290.79 W, 300.00 W, 73, 2025 MHz
2026/09/23 12:39:01.798, 0, 97 %, 85 %, 7503 MiB, 49140 MiB, 292.55 W, 300.00 W, 73, 1530 MHz
2026/09/23 12:39:02.801, 0, 98 %, 87 %, 7503 MiB, 49140 MiB, 291.19 W, 300.00 W, 73, 1890 MHz
2026/09/23 12:39:03.801, 0, 89 %, 64 %, 7503 MiB, 49140 MiB, 298.15 W, 300.00 W, 73, 1605 MHz
2026/09/23 12:39:04.803, 0, 0 %, 0 %, 7503 MiB, 49140 MiB, 136.57 W, 300.00 W, 67, 2130 MHz
2026/09/23 12:39:05.803, 0, 100 %, 86 %, 7503 MiB, 49140 MiB, 283.07 W, 300.00 W, 72, 1890 MHz
2026/09/23 12:39:06.805, 0, 98 %, 88 %, 7503 MiB, 49140 MiB, 293.32 W, 300.00 W, 73, 1590 MHz
2026/09/23 12:39:07.807, 0, 91 %, 80 %, 7503 MiB, 49140 MiB, 289.32 W, 300.00 W, 74, 1785 MHz
2026/09/23 12:39:08.808, 0, 98 %, 85 %, 7503 MiB, 49140 MiB, 291.26 W, 300.00 W, 72, 1695 MHz
2026/09/23 12:39:09.810, 0, 98 %, 85 %, 7503 MiB, 49140 MiB, 292.44 W, 300.00 W, 71, 1860 MHz
2026/09/23 12:39:10.811, 0, 97 %, 86 %, 7503 MiB, 49140 MiB, 291.29 W, 300.00 W, 74, 2025 MHz
2026/09/23 12:39:11.811, 0, 96 %, 85 %, 7503 MiB, 49140 MiB, 292.26 W, 300.00 W, 73, 1620 MHz
2026/09/23 12:39:12.813, 0, 97 %, 87 %, 7503 MiB, 49140 MiB, 291.09 W, 300.00 W, 73, 1935 MHz
2026/09/23 12:39:13.813, 0, 97 %, 86 %, 7503 MiB, 49140 MiB, 288.74 W, 300.00 W, 72, 1665 MHz
2026/09/23 12:39:14.815, 0, 97 %, 86 %, 7503 MiB, 49140 MiB, 293.07 W, 300.00 W, 72, 1875 MHz
2026/09/23 12:39:15.816, 0, 96 %, 85 %, 7503 MiB, 49140 MiB, 291.08 W, 300.00 W, 74, 1845 MHz
2026/09/23 12:39:16.817, 0, 98 %, 82 %, 7503 MiB, 49140 MiB, 291.75 W, 300.00 W, 73, 1590 MHz
2026/09/23 12:39:17.818, 0, 98 %, 87 %, 7503 MiB, 49140 MiB, 291.12 W, 300.00 W, 73, 1905 MHz
2026/09/23 12:39:18.819, 0, 96 %, 86 %, 7503 MiB, 49140 MiB, 291.73 W, 300.00 W, 73, 1995 MHz
2026/09/23 12:39:19.820, 0, 97 %, 86 %, 7503 MiB, 49140 MiB, 291.84 W, 300.00 W, 72, 1815 MHz
2026/09/23 12:39:20.822, 0, 97 %, 82 %, 7503 MiB, 49140 MiB, 290.94 W, 300.00 W, 75, 1965 MHz
2026/09/23 12:39:21.823, 0, 98 %, 84 %, 7503 MiB, 49140 MiB, 291.18 W, 300.00 W, 73, 1605 MHz
2026/09/23 12:39:22.824, 0, 97 %, 87 %, 7503 MiB, 49140 MiB, 290.39 W, 300.00 W, 73, 1905 MHz
2026/09/23 12:39:23.825, 0, 97 %, 86 %, 7503 MiB, 49140 MiB, 291.67 W, 300.00 W, 73, 1995 MHz
2026/09/23 12:39:24.828, 0, 98 %, 86 %, 7503 MiB, 49140 MiB, 292.64 W, 300.00 W, 73, 1695 MHz
2026/09/23 12:39:25.829, 0, 97 %, 82 %, 7503 MiB, 49140 MiB, 290.63 W, 300.00 W, 74, 1710 MHz
2026/09/23 12:39:26.830, 0, 98 %, 87 %, 7503 MiB, 49140 MiB, 292.07 W, 300.00 W, 73, 1590 MHz
2026/09/23 12:39:27.830, 0, 97 %, 87 %, 7503 MiB, 49140 MiB, 292.70 W, 300.00 W, 72, 1815 MHz
2026/09/23 12:39:28.831, 0, 94 %, 83 %, 7503 MiB, 49140 MiB, 293.79 W, 300.00 W, 74, 1560 MHz
2026/09/23 12:39:29.832, 0, 93 %, 65 %, 7503 MiB, 49140 MiB, 215.79 W, 300.00 W, 68, 2730 MHz
2026/09/23 12:39:30.832, 0, 90 %, 82 %, 7503 MiB, 49140 MiB, 197.85 W, 300.00 W, 74, 1845 MHz
2026/09/23 12:39:31.833, 0, 98 %, 82 %, 7503 MiB, 49140 MiB, 291.43 W, 300.00 W, 72, 1995 MHz
2026/09/23 12:39:32.834, 0, 97 %, 88 %, 7503 MiB, 49140 MiB, 289.20 W, 300.00 W, 73, 1875 MHz
2026/09/23 12:39:33.835, 0, 98 %, 87 %, 7503 MiB, 49140 MiB, 291.94 W, 300.00 W, 73, 1680 MHz
2026/09/23 12:39:34.836, 0, 97 %, 85 %, 7503 MiB, 49140 MiB, 292.61 W, 300.00 W, 74, 1635 MHz
2026/09/23 12:39:35.836, 0, 98 %, 88 %, 7503 MiB, 49140 MiB, 290.29 W, 300.00 W, 73, 1875 MHz
2026/09/23 12:39:36.837, 0, 97 %, 89 %, 7503 MiB, 49140 MiB, 291.74 W, 300.00 W, 73, 1920 MHz
2026/09/23 12:39:37.838, 0, 98 %, 87 %, 7503 MiB, 49140 MiB, 292.96 W, 300.00 W, 73, 1665 MHz
2026/09/23 12:39:38.839, 0, 97 %, 84 %, 7503 MiB, 49140 MiB, 290.72 W, 300.00 W, 74, 1785 MHz
2026/09/23 12:39:39.840, 0, 98 %, 88 %, 7503 MiB, 49140 MiB, 291.77 W, 300.00 W, 73, 1980 MHz
2026/09/23 12:39:40.841, 0, 98 %, 88 %, 7503 MiB, 49140 MiB, 291.87 W, 300.00 W, 72, 1560 MHz
2026/09/23 12:39:41.843, 0, 96 %, 86 %, 7503 MiB, 49140 MiB, 291.73 W, 300.00 W, 75, 1875 MHz
2026/09/23 12:39:42.843, 0, 98 %, 82 %, 7503 MiB, 49140 MiB, 291.84 W, 300.00 W, 73, 1905 MHz
2026/09/23 12:39:43.844, 0, 98 %, 87 %, 7503 MiB, 49140 MiB, 289.36 W, 300.00 W, 73, 1875 MHz
2026/09/23 12:39:44.845, 0, 98 %, 88 %, 7503 MiB, 49140 MiB, 291.89 W, 300.00 W, 73, 1920 MHz
2026/09/23 12:39:45.846, 0, 98 %, 87 %, 7503 MiB, 49140 MiB, 293.37 W, 300.00 W, 73, 1635 MHz
2026/09/23 12:39:46.847, 0, 98 %, 84 %, 7503 MiB, 49140 MiB, 291.20 W, 300.00 W, 74, 1785 MHz
2026/09/23 12:39:47.848, 0, 98 %, 87 %, 7503 MiB, 49140 MiB, 291.98 W, 300.00 W, 73, 1980 MHz
2026/09/23 12:39:48.849, 0, 98 %, 88 %, 7503 MiB, 49140 MiB, 290.99 W, 300.00 W, 73, 1590 MHz
2026/09/23 12:39:49.850, 0, 97 %, 87 %, 7503 MiB, 49140 MiB, 290.05 W, 300.00 W, 73, 1875 MHz
2026/09/23 12:39:50.852, 0, 98 %, 86 %, 7503 MiB, 49140 MiB, 291.39 W, 300.00 W, 71, 1590 MHz
2026/09/23 12:39:51.852, 0, 98 %, 85 %, 7503 MiB, 49140 MiB, 290.37 W, 300.00 W, 74, 1890 MHz
2026/09/23 12:39:52.853, 0, 98 %, 83 %, 7503 MiB, 49140 MiB, 292.11 W, 300.00 W, 73, 2010 MHz
2026/09/23 12:39:53.855, 0, 97 %, 87 %, 7503 MiB, 49140 MiB, 291.79 W, 300.00 W, 72, 1710 MHz
2026/09/23 12:39:54.856, 0, 94 %, 67 %, 7503 MiB, 49140 MiB, 294.83 W, 300.00 W, 75, 1545 MHz
2026/09/23 12:39:55.857, 0, 0 %, 0 %, 7503 MiB, 49140 MiB, 129.87 W, 300.00 W, 71, 1800 MHz
2026/09/23 12:39:56.857, 0, 95 %, 85 %, 7503 MiB, 49140 MiB, 291.01 W, 300.00 W, 72, 1875 MHz
2026/09/23 12:39:57.858, 0, 98 %, 86 %, 7503 MiB, 49140 MiB, 293.13 W, 300.00 W, 73, 1605 MHz
2026/09/23 12:39:58.859, 0, 98 %, 87 %, 7503 MiB, 49140 MiB, 290.52 W, 300.00 W, 73, 1830 MHz
2026/09/23 12:39:59.860, 0, 97 %, 87 %, 7503 MiB, 49140 MiB, 291.10 W, 300.00 W, 73, 1965 MHz
2026/09/23 12:40:00.861, 0, 97 %, 87 %, 7503 MiB, 49140 MiB, 292.70 W, 300.00 W, 71, 1545 MHz
2026/09/23 12:40:01.862, 0, 96 %, 85 %, 7503 MiB, 49140 MiB, 289.32 W, 300.00 W, 73, 1710 MHz
2026/09/23 12:40:02.863, 0, 98 %, 84 %, 7503 MiB, 49140 MiB, 292.40 W, 300.00 W, 73, 1635 MHz
2026/09/23 12:40:03.864, 0, 97 %, 88 %, 7503 MiB, 49140 MiB, 291.13 W, 300.00 W, 73, 1860 MHz
2026/09/23 12:40:04.865, 0, 98 %, 88 %, 7503 MiB, 49140 MiB, 291.10 W, 300.00 W, 73, 1950 MHz
2026/09/23 12:40:05.865, 0, 98 %, 88 %, 7503 MiB, 49140 MiB, 292.11 W, 300.00 W, 71, 1545 MHz
2026/09/23 12:40:06.866, 0, 96 %, 85 %, 7503 MiB, 49140 MiB, 289.19 W, 300.00 W, 73, 1635 MHz
2026/09/23 12:40:07.867, 0, 98 %, 86 %, 7503 MiB, 49140 MiB, 292.79 W, 300.00 W, 74, 1635 MHz
2026/09/23 12:40:08.867, 0, 97 %, 83 %, 7503 MiB, 49140 MiB, 290.49 W, 300.00 W, 74, 1935 MHz
2026/09/23 12:40:09.870, 0, 98 %, 83 %, 7503 MiB, 49140 MiB, 290.76 W, 300.00 W, 73, 2025 MHz
2026/09/23 12:40:10.871, 0, 97 %, 86 %, 7503 MiB, 49140 MiB, 291.09 W, 300.00 W, 73, 1680 MHz
2026/09/23 12:40:11.872, 0, 97 %, 85 %, 7503 MiB, 49140 MiB, 291.69 W, 300.00 W, 73, 1815 MHz
2026/09/23 12:40:12.873, 0, 97 %, 85 %, 7503 MiB, 49140 MiB, 292.38 W, 300.00 W, 73, 1605 MHz
2026/09/23 12:40:13.873, 0, 98 %, 84 %, 7503 MiB, 49140 MiB, 291.13 W, 300.00 W, 74, 1785 MHz
2026/09/23 12:40:14.874, 0, 98 %, 88 %, 7503 MiB, 49140 MiB, 291.40 W, 300.00 W, 73, 2010 MHz
2026/09/23 12:40:15.875, 0, 89 %, 79 %, 7503 MiB, 49140 MiB, 289.47 W, 300.00 W, 73, 1725 MHz
2026/09/23 12:40:16.876, 0, 96 %, 86 %, 7503 MiB, 49140 MiB, 292.02 W, 300.00 W, 73, 1680 MHz
2026/09/23 12:40:17.877, 0, 98 %, 86 %, 7503 MiB, 49140 MiB, 293.23 W, 300.00 W, 74, 1980 MHz
2026/09/23 12:40:18.877, 0, 97 %, 85 %, 7503 MiB, 49140 MiB, 290.41 W, 300.00 W, 74, 1560 MHz
2026/09/23 12:40:19.878, 0, 92 %, 74 %, 7503 MiB, 49140 MiB, 296.33 W, 300.00 W, 73, 1590 MHz
2026/09/23 12:40:20.879, 0, 79 %, 54 %, 7503 MiB, 49140 MiB, 199.51 W, 300.00 W, 68, 2730 MHz
2026/09/23 12:40:21.880, 0, 98 %, 89 %, 7503 MiB, 49140 MiB, 221.48 W, 300.00 W, 72, 1650 MHz
2026/09/23 12:40:22.881, 0, 95 %, 85 %, 7503 MiB, 49140 MiB, 292.27 W, 300.00 W, 73, 1830 MHz
2026/09/23 12:40:23.882, 0, 97 %, 85 %, 7503 MiB, 49140 MiB, 291.59 W, 300.00 W, 73, 1995 MHz
2026/09/23 12:40:24.883, 0, 98 %, 87 %, 7503 MiB, 49140 MiB, 290.07 W, 300.00 W, 74, 1560 MHz
2026/09/23 12:40:25.883, 0, 98 %, 88 %, 7503 MiB, 49140 MiB, 291.48 W, 300.00 W, 72, 1830 MHz
2026/09/23 12:40:26.886, 0, 98 %, 89 %, 7503 MiB, 49140 MiB, 291.92 W, 300.00 W, 72, 1665 MHz
2026/09/23 12:40:27.887, 0, 94 %, 84 %, 7503 MiB, 49140 MiB, 289.40 W, 300.00 W, 73, 1800 MHz
2026/09/23 12:40:28.888, 0, 97 %, 85 %, 7503 MiB, 49140 MiB, 292.54 W, 300.00 W, 73, 2040 MHz
2026/09/23 12:40:29.889, 0, 96 %, 85 %, 7503 MiB, 49140 MiB, 291.28 W, 300.00 W, 73, 1530 MHz
2026/09/23 12:40:30.890, 0, 96 %, 87 %, 7503 MiB, 49140 MiB, 290.39 W, 300.00 W, 73, 1845 MHz
2026/09/23 12:40:31.891, 0, 97 %, 88 %, 7503 MiB, 49140 MiB, 291.77 W, 300.00 W, 72, 1650 MHz
2026/09/23 12:40:32.891, 0, 91 %, 80 %, 7503 MiB, 49140 MiB, 290.42 W, 300.00 W, 74, 1830 MHz
2026/09/23 12:40:33.892, 0, 97 %, 85 %, 7503 MiB, 49140 MiB, 292.07 W, 300.00 W, 73, 1980 MHz
2026/09/23 12:40:34.893, 0, 98 %, 87 %, 7503 MiB, 49140 MiB, 291.20 W, 300.00 W, 73, 1530 MHz
2026/09/23 12:40:35.894, 0, 96 %, 88 %, 7503 MiB, 49140 MiB, 291.23 W, 300.00 W, 73, 1830 MHz
2026/09/23 12:40:36.895, 0, 97 %, 87 %, 7503 MiB, 49140 MiB, 292.27 W, 300.00 W, 72, 1710 MHz
2026/09/23 12:40:37.896, 0, 96 %, 86 %, 7503 MiB, 49140 MiB, 290.94 W, 300.00 W, 74, 1785 MHz
2026/09/23 12:40:38.897, 0, 98 %, 81 %, 7503 MiB, 49140 MiB, 292.15 W, 300.00 W, 73, 1905 MHz
2026/09/23 12:40:39.898, 0, 96 %, 86 %, 7503 MiB, 49140 MiB, 291.00 W, 300.00 W, 73, 1620 MHz
2026/09/23 12:40:40.898, 0, 98 %, 88 %, 7503 MiB, 49140 MiB, 291.85 W, 300.00 W, 73, 1920 MHz
2026/09/23 12:40:41.899, 0, 97 %, 87 %, 7503 MiB, 49140 MiB, 292.66 W, 300.00 W, 73, 1980 MHz
2026/09/23 12:40:42.900, 0, 97 %, 85 %, 7503 MiB, 49140 MiB, 289.87 W, 300.00 W, 74, 1785 MHz
2026/09/23 12:40:43.901, 0, 98 %, 82 %, 7503 MiB, 49140 MiB, 291.84 W, 300.00 W, 73, 1740 MHz
2026/09/23 12:40:44.902, 0, 97 %, 87 %, 7503 MiB, 49140 MiB, 291.61 W, 300.00 W, 74, 1665 MHz
2026/09/23 12:40:45.903, 0, 95 %, 67 %, 7503 MiB, 49140 MiB, 281.63 W, 300.00 W, 69, 2730 MHz
2026/09/23 12:40:46.903, 0, 0 %, 0 %, 7503 MiB, 49140 MiB, 90.14 W, 300.00 W, 67, 2730 MHz
2026/09/23 12:40:47.904, 0, 0 %, 0 %, 7503 MiB, 49140 MiB, 165.94 W, 300.00 W, 71, 1635 MHz
2026/09/23 12:40:48.904, 0, 97 %, 87 %, 7503 MiB, 49140 MiB, 291.21 W, 300.00 W, 73, 1770 MHz
2026/09/23 12:40:49.905, 0, 97 %, 86 %, 7503 MiB, 49140 MiB, 291.75 W, 300.00 W, 73, 2025 MHz
2026/09/23 12:40:50.906, 0, 98 %, 86 %, 7503 MiB, 49140 MiB, 290.44 W, 300.00 W, 72, 1560 MHz
2026/09/23 12:40:51.907, 0, 97 %, 88 %, 7503 MiB, 49140 MiB, 290.77 W, 300.00 W, 73, 1860 MHz
2026/09/23 12:40:52.908, 0, 97 %, 88 %, 7503 MiB, 49140 MiB, 292.23 W, 300.00 W, 72, 1905 MHz
2026/09/23 12:40:53.908, 0, 96 %, 85 %, 7503 MiB, 49140 MiB, 289.72 W, 300.00 W, 74, 1830 MHz
2026/09/23 12:40:54.909, 0, 97 %, 83 %, 7503 MiB, 49140 MiB, 289.78 W, 300.00 W, 72, 2025 MHz
2026/09/23 12:40:55.911, 0, 98 %, 89 %, 7503 MiB, 49140 MiB, 289.05 W, 300.00 W, 72, 1560 MHz
2026/09/23 12:40:56.912, 0, 96 %, 86 %, 7503 MiB, 49140 MiB, 289.71 W, 300.00 W, 72, 1695 MHz
2026/09/23 12:40:57.913, 0, 97 %, 87 %, 7503 MiB, 49140 MiB, 291.16 W, 300.00 W, 71, 1635 MHz
2026/09/23 12:40:58.914, 0, 94 %, 84 %, 7503 MiB, 49140 MiB, 290.80 W, 300.00 W, 74, 1875 MHz
2026/09/23 12:40:59.914, 0, 97 %, 82 %, 7503 MiB, 49140 MiB, 291.25 W, 300.00 W, 72, 1905 MHz
2026/09/23 12:41:00.916, 0, 97 %, 86 %, 7503 MiB, 49140 MiB, 289.56 W, 300.00 W, 72, 1635 MHz
2026/09/23 12:41:01.917, 0, 96 %, 86 %, 7503 MiB, 49140 MiB, 291.59 W, 300.00 W, 73, 1800 MHz
2026/09/23 12:41:02.918, 0, 97 %, 88 %, 7503 MiB, 49140 MiB, 289.96 W, 300.00 W, 73, 2085 MHz
2026/09/23 12:41:03.921, 0, 97 %, 83 %, 7503 MiB, 49140 MiB, 290.19 W, 300.00 W, 73, 1545 MHz
2026/09/23 12:41:04.922, 0, 98 %, 83 %, 7503 MiB, 49140 MiB, 289.81 W, 300.00 W, 72, 1695 MHz
2026/09/23 12:41:05.923, 0, 98 %, 87 %, 7503 MiB, 49140 MiB, 291.65 W, 300.00 W, 72, 1710 MHz
2026/09/23 12:41:06.923, 0, 95 %, 85 %, 7503 MiB, 49140 MiB, 291.54 W, 300.00 W, 74, 1635 MHz
2026/09/23 12:41:07.924, 0, 97 %, 83 %, 7503 MiB, 49140 MiB, 291.51 W, 300.00 W, 73, 1785 MHz
2026/09/23 12:41:08.926, 0, 96 %, 85 %, 7503 MiB, 49140 MiB, 291.04 W, 300.00 W, 71, 1995 MHz
2026/09/23 12:41:09.927, 0, 97 %, 87 %, 7503 MiB, 49140 MiB, 290.27 W, 300.00 W, 74, 1590 MHz
2026/09/23 12:41:10.928, 0, 97 %, 84 %, 7503 MiB, 49140 MiB, 292.45 W, 300.00 W, 73, 1860 MHz
2026/09/23 12:41:11.928, 0, 94 %, 65 %, 7503 MiB, 49140 MiB, 297.00 W, 300.00 W, 73, 1515 MHz
2026/09/23 12:41:12.930, 0, 1 %, 0 %, 7503 MiB, 49140 MiB, 138.14 W, 300.00 W, 67, 2730 MHz
2026/09/23 12:41:13.930, 0, 0 %, 0 %, 7503 MiB, 49140 MiB, 111.43 W, 300.00 W, 70, 1980 MHz
2026/09/23 12:41:14.933, 0, 97 %, 88 %, 7503 MiB, 49140 MiB, 289.48 W, 300.00 W, 72, 1860 MHz
2026/09/23 12:41:15.934, 0, 96 %, 87 %, 7503 MiB, 49140 MiB, 291.75 W, 300.00 W, 73, 1725 MHz
2026/09/23 12:41:16.937, 0, 96 %, 85 %, 7503 MiB, 49140 MiB, 288.88 W, 300.00 W, 73, 1590 MHz
2026/09/23 12:41:17.938, 0, 98 %, 84 %, 7503 MiB, 49140 MiB, 289.32 W, 300.00 W, 72, 1830 MHz
2026/09/23 12:41:18.939, 0, 98 %, 89 %, 7503 MiB, 49140 MiB, 289.96 W, 300.00 W, 71, 1980 MHz
2026/09/23 12:41:19.940, 0, 97 %, 87 %, 7503 MiB, 49140 MiB, 291.24 W, 300.00 W, 74, 1680 MHz
2026/09/23 12:41:20.941, 0, 96 %, 84 %, 7503 MiB, 49140 MiB, 289.87 W, 300.00 W, 72, 1860 MHz
2026/09/23 12:41:21.942, 0, 98 %, 88 %, 7503 MiB, 49140 MiB, 290.72 W, 300.00 W, 71, 2010 MHz
2026/09/23 12:41:22.943, 0, 96 %, 86 %, 7503 MiB, 49140 MiB, 289.96 W, 300.00 W, 74, 1620 MHz
2026/09/23 12:41:23.946, 0, 97 %, 82 %, 7503 MiB, 49140 MiB, 290.86 W, 300.00 W, 72, 1830 MHz
2026/09/23 12:41:24.946, 0, 98 %, 87 %, 7503 MiB, 49140 MiB, 291.41 W, 300.00 W, 72, 1920 MHz
2026/09/23 12:41:25.947, 0, 97 %, 85 %, 7503 MiB, 49140 MiB, 291.40 W, 300.00 W, 73, 1680 MHz
2026/09/23 12:41:26.948, 0, 96 %, 86 %, 7503 MiB, 49140 MiB, 290.38 W, 300.00 W, 72, 1860 MHz
2026/09/23 12:41:27.950, 0, 97 %, 88 %, 7503 MiB, 49140 MiB, 291.69 W, 300.00 W, 72, 1905 MHz
2026/09/23 12:41:28.951, 0, 96 %, 85 %, 7503 MiB, 49140 MiB, 290.34 W, 300.00 W, 74, 1650 MHz
2026/09/23 12:41:29.952, 0, 97 %, 84 %, 7503 MiB, 49140 MiB, 290.64 W, 300.00 W, 72, 1830 MHz
2026/09/23 12:41:30.953, 0, 97 %, 87 %, 7503 MiB, 49140 MiB, 291.57 W, 300.00 W, 71, 2025 MHz
2026/09/23 12:41:31.954, 0, 96 %, 85 %, 7503 MiB, 49140 MiB, 290.14 W, 300.00 W, 74, 1575 MHz
2026/09/23 12:41:32.955, 0, 97 %, 81 %, 7503 MiB, 49140 MiB, 291.24 W, 300.00 W, 72, 1980 MHz
2026/09/23 12:41:33.955, 0, 97 %, 86 %, 7503 MiB, 49140 MiB, 289.70 W, 300.00 W, 72, 2115 MHz
2026/09/23 12:41:34.956, 0, 96 %, 85 %, 7503 MiB, 49140 MiB, 291.45 W, 300.00 W, 74, 1530 MHz
2026/09/23 12:41:35.958, 0, 96 %, 83 %, 7503 MiB, 49140 MiB, 291.72 W, 300.00 W, 73, 1770 MHz
2026/09/23 12:41:36.959, 0, 98 %, 88 %, 7503 MiB, 49140 MiB, 289.74 W, 300.00 W, 73, 1935 MHz
2026/09/23 12:41:37.959, 0, 93 %, 68 %, 7503 MiB, 49140 MiB, 296.64 W, 300.00 W, 75, 1530 MHz
2026/09/23 12:41:38.960, 0, 0 %, 0 %, 7503 MiB, 49140 MiB, 173.55 W, 300.00 W, 66, 2505 MHz
2026/09/23 12:41:39.960, 0, 98 %, 86 %, 7503 MiB, 49140 MiB, 219.16 W, 300.00 W, 72, 1605 MHz
2026/09/23 12:41:40.961, 0, 93 %, 81 %, 7503 MiB, 49140 MiB, 288.45 W, 300.00 W, 72, 1695 MHz
2026/09/23 12:41:41.963, 0, 98 %, 89 %, 7503 MiB, 49140 MiB, 291.44 W, 300.00 W, 73, 1770 MHz
2026/09/23 12:41:42.964, 0, 97 %, 86 %, 7503 MiB, 49140 MiB, 293.02 W, 300.00 W, 73, 1740 MHz
2026/09/23 12:41:43.965, 0, 96 %, 86 %, 7503 MiB, 49140 MiB, 290.58 W, 300.00 W, 73, 1860 MHz
2026/09/23 12:41:44.966, 0, 98 %, 89 %, 7503 MiB, 49140 MiB, 290.33 W, 300.00 W, 72, 1770 MHz
2026/09/23 12:41:45.967, 0, 97 %, 86 %, 7503 MiB, 49140 MiB, 292.79 W, 300.00 W, 73, 1740 MHz
2026/09/23 12:41:46.968, 0, 97 %, 87 %, 7503 MiB, 49140 MiB, 290.77 W, 300.00 W, 73, 1860 MHz
2026/09/23 12:41:47.969, 0, 98 %, 88 %, 7503 MiB, 49140 MiB, 292.05 W, 300.00 W, 73, 1545 MHz
2026/09/23 12:41:48.969, 0, 97 %, 85 %, 7503 MiB, 49140 MiB, 291.98 W, 300.00 W, 73, 1755 MHz
2026/09/23 12:41:49.970, 0, 97 %, 87 %, 7503 MiB, 49140 MiB, 291.03 W, 300.00 W, 72, 1980 MHz
2026/09/23 12:41:50.971, 0, 98 %, 88 %, 7503 MiB, 49140 MiB, 291.56 W, 300.00 W, 73, 1560 MHz
2026/09/23 12:41:51.971, 0, 97 %, 85 %, 7503 MiB, 49140 MiB, 292.47 W, 300.00 W, 73, 1830 MHz
2026/09/23 12:41:52.972, 0, 97 %, 88 %, 7503 MiB, 49140 MiB, 289.48 W, 300.00 W, 73, 1875 MHz
2026/09/23 12:41:53.973, 0, 97 %, 87 %, 7503 MiB, 49140 MiB, 290.93 W, 300.00 W, 73, 1620 MHz
2026/09/23 12:41:54.974, 0, 98 %, 86 %, 7503 MiB, 49140 MiB, 292.95 W, 300.00 W, 73, 1815 MHz
2026/09/23 12:41:55.974, 0, 97 %, 88 %, 7503 MiB, 49140 MiB, 290.77 W, 300.00 W, 73, 1785 MHz
2026/09/23 12:41:56.977, 0, 98 %, 88 %, 7503 MiB, 49140 MiB, 291.36 W, 300.00 W, 73, 1695 MHz
2026/09/23 12:41:57.978, 0, 97 %, 86 %, 7503 MiB, 49140 MiB, 293.57 W, 300.00 W, 73, 1860 MHz
2026/09/23 12:41:58.979, 0, 97 %, 88 %, 7503 MiB, 49140 MiB, 290.86 W, 300.00 W, 73, 2145 MHz
2026/09/23 12:41:59.980, 0, 97 %, 89 %, 7503 MiB, 49140 MiB, 290.38 W, 300.00 W, 73, 1620 MHz
2026/09/23 12:42:00.980, 0, 97 %, 88 %, 7503 MiB, 49140 MiB, 292.49 W, 300.00 W, 74, 1815 MHz
2026/09/23 12:42:01.982, 0, 93 %, 81 %, 7503 MiB, 49140 MiB, 289.86 W, 300.00 W, 74, 2025 MHz
2026/09/23 12:42:02.984, 0, 97 %, 87 %, 7503 MiB, 49140 MiB, 292.44 W, 300.00 W, 73, 1575 MHz
2026/09/23 12:42:03.985, 0, 94 %, 68 %, 7503 MiB, 49140 MiB, 255.23 W, 300.00 W, 68, 2745 MHz
2026/09/23 12:42:04.985, 0, 0 %, 0 %, 7503 MiB, 49140 MiB, 173.58 W, 300.00 W, 73, 1890 MHz
2026/09/23 12:42:05.986, 0, 97 %, 84 %, 7503 MiB, 49140 MiB, 289.64 W, 300.00 W, 73, 2025 MHz
2026/09/23 12:42:06.989, 0, 97 %, 89 %, 7503 MiB, 49140 MiB, 292.24 W, 300.00 W, 73, 1695 MHz
2026/09/23 12:42:07.990, 0, 97 %, 86 %, 7503 MiB, 49140 MiB, 292.58 W, 300.00 W, 73, 1845 MHz
2026/09/23 12:42:08.990, 0, 98 %, 87 %, 7503 MiB, 49140 MiB, 290.37 W, 300.00 W, 73, 1890 MHz
2026/09/23 12:42:09.991, 0, 98 %, 89 %, 7503 MiB, 49140 MiB, 290.16 W, 300.00 W, 72, 1620 MHz
2026/09/23 12:42:10.992, 0, 97 %, 87 %, 7503 MiB, 49140 MiB, 292.19 W, 300.00 W, 74, 1830 MHz
2026/09/23 12:42:11.993, 0, 98 %, 84 %, 7503 MiB, 49140 MiB, 290.74 W, 300.00 W, 73, 2040 MHz
2026/09/23 12:42:12.994, 0, 97 %, 88 %, 7503 MiB, 49140 MiB, 290.88 W, 300.00 W, 73, 1545 MHz
2026/09/23 12:42:13.995, 0, 97 %, 88 %, 7503 MiB, 49140 MiB, 292.26 W, 300.00 W, 73, 1905 MHz
2026/09/23 12:42:14.996, 0, 97 %, 85 %, 7503 MiB, 49140 MiB, 291.60 W, 300.00 W, 74, 2010 MHz
2026/09/23 12:42:15.997, 0, 96 %, 85 %, 7503 MiB, 49140 MiB, 291.26 W, 300.00 W, 73, 1545 MHz
2026/09/23 12:42:16.997, 0, 98 %, 88 %, 7503 MiB, 49140 MiB, 291.84 W, 300.00 W, 72, 1905 MHz
2026/09/23 12:42:17.999, 0, 94 %, 84 %, 7503 MiB, 49140 MiB, 291.12 W, 300.00 W, 74, 2010 MHz
2026/09/23 12:42:18.999, 0, 91 %, 79 %, 7503 MiB, 49140 MiB, 290.40 W, 300.00 W, 73, 1785 MHz
2026/09/23 12:42:20.001, 0, 98 %, 88 %, 7503 MiB, 49140 MiB, 290.52 W, 300.00 W, 72, 1680 MHz
2026/09/23 12:42:21.002, 0, 96 %, 86 %, 7503 MiB, 49140 MiB, 292.22 W, 300.00 W, 74, 1650 MHz
2026/09/23 12:42:22.003, 0, 97 %, 83 %, 7503 MiB, 49140 MiB, 292.33 W, 300.00 W, 73, 1815 MHz
2026/09/23 12:42:23.004, 0, 97 %, 87 %, 7503 MiB, 49140 MiB, 291.32 W, 300.00 W, 72, 1740 MHz
2026/09/23 12:42:24.004, 0, 95 %, 85 %, 7503 MiB, 49140 MiB, 290.82 W, 300.00 W, 73, 1620 MHz
2026/09/23 12:42:25.005, 0, 91 %, 81 %, 7503 MiB, 49140 MiB, 290.52 W, 300.00 W, 73, 1935 MHz
2026/09/23 12:42:26.006, 0, 98 %, 84 %, 7503 MiB, 49140 MiB, 290.34 W, 300.00 W, 74, 2070 MHz
2026/09/23 12:42:27.007, 0, 96 %, 81 %, 7503 MiB, 49140 MiB, 290.54 W, 300.00 W, 73, 1800 MHz
2026/09/23 12:42:28.008, 0, 97 %, 89 %, 7503 MiB, 49140 MiB, 290.20 W, 300.00 W, 73, 1830 MHz
2026/09/23 12:42:29.008, 0, 92 %, 67 %, 7503 MiB, 49140 MiB, 296.45 W, 300.00 W, 73, 1605 MHz
2026/09/23 12:42:30.009, 0, 0 %, 0 %, 7503 MiB, 49140 MiB, 135.58 W, 300.00 W, 71, 1725 MHz
2026/09/23 12:42:31.010, 0, 97 %, 88 %, 7503 MiB, 49140 MiB, 291.59 W, 300.00 W, 72, 1920 MHz
2026/09/23 12:42:32.011, 0, 95 %, 85 %, 7503 MiB, 49140 MiB, 290.50 W, 300.00 W, 74, 2010 MHz
2026/09/23 12:42:33.012, 0, 97 %, 83 %, 7503 MiB, 49140 MiB, 291.09 W, 300.00 W, 72, 1560 MHz
2026/09/23 12:42:34.013, 0, 98 %, 88 %, 7503 MiB, 49140 MiB, 290.79 W, 300.00 W, 71, 1800 MHz
2026/09/23 12:42:35.014, 0, 97 %, 89 %, 7503 MiB, 49140 MiB, 286.10 W, 300.00 W, 72, 1575 MHz
2026/09/23 12:42:36.015, 0, 96 %, 87 %, 7503 MiB, 49140 MiB, 292.45 W, 300.00 W, 72, 1965 MHz
2026/09/23 12:42:37.017, 0, 97 %, 85 %, 7503 MiB, 49140 MiB, 291.05 W, 300.00 W, 73, 2010 MHz
2026/09/23 12:42:38.018, 0, 97 %, 85 %, 7503 MiB, 49140 MiB, 290.52 W, 300.00 W, 72, 1530 MHz
2026/09/23 12:42:39.019, 0, 97 %, 88 %, 7503 MiB, 49140 MiB, 292.22 W, 300.00 W, 72, 1890 MHz
2026/09/23 12:42:40.020, 0, 97 %, 85 %, 7503 MiB, 49140 MiB, 292.20 W, 300.00 W, 74, 2010 MHz
2026/09/23 12:42:41.021, 0, 97 %, 87 %, 7503 MiB, 49140 MiB, 290.25 W, 300.00 W, 73, 1560 MHz
2026/09/23 12:42:42.021, 0, 96 %, 87 %, 7503 MiB, 49140 MiB, 291.06 W, 300.00 W, 72, 1815 MHz
2026/09/23 12:42:43.022, 0, 93 %, 82 %, 7503 MiB, 49140 MiB, 290.70 W, 300.00 W, 74, 1665 MHz
2026/09/23 12:42:44.024, 0, 90 %, 80 %, 7503 MiB, 49140 MiB, 291.73 W, 300.00 W, 73, 1875 MHz
2026/09/23 12:42:45.025, 0, 98 %, 88 %, 7503 MiB, 49140 MiB, 290.66 W, 300.00 W, 73, 1920 MHz
2026/09/23 12:42:46.026, 0, 98 %, 89 %, 7503 MiB, 49140 MiB, 292.24 W, 300.00 W, 73, 2055 MHz
2026/09/23 12:42:47.027, 0, 97 %, 86 %, 7503 MiB, 49140 MiB, 293.05 W, 300.00 W, 74, 1575 MHz
2026/09/23 12:42:48.027, 0, 97 %, 85 %, 7503 MiB, 49140 MiB, 290.77 W, 300.00 W, 73, 1875 MHz
2026/09/23 12:42:49.028, 0, 98 %, 89 %, 7503 MiB, 49140 MiB, 290.59 W, 300.00 W, 73, 2070 MHz
2026/09/23 12:42:50.029, 0, 97 %, 89 %, 7503 MiB, 49140 MiB, 291.37 W, 300.00 W, 73, 1755 MHz
2026/09/23 12:42:51.030, 0, 98 %, 84 %, 7503 MiB, 49140 MiB, 290.64 W, 300.00 W, 74, 1710 MHz
2026/09/23 12:42:52.031, 0, 97 %, 84 %, 7503 MiB, 49140 MiB, 290.49 W, 300.00 W, 73, 1680 MHz
2026/09/23 12:42:53.034, 0, 97 %, 88 %, 7503 MiB, 49140 MiB, 290.91 W, 300.00 W, 71, 1650 MHz
2026/09/23 12:42:54.034, 0, 63 %, 46 %, 7503 MiB, 49140 MiB, 292.46 W, 300.00 W, 69, 2625 MHz
2026/09/23 12:42:55.035, 0, 63 %, 46 %, 7503 MiB, 49140 MiB, 196.90 W, 300.00 W, 67, 1905 MHz
2026/09/23 12:42:56.037, 0, 97 %, 83 %, 7503 MiB, 49140 MiB, 290.96 W, 300.00 W, 72, 1755 MHz
2026/09/23 12:42:57.038, 0, 96 %, 85 %, 7503 MiB, 49140 MiB, 291.22 W, 300.00 W, 73, 1815 MHz
2026/09/23 12:42:58.039, 0, 98 %, 89 %, 7503 MiB, 49140 MiB, 289.52 W, 300.00 W, 73, 1725 MHz
2026/09/23 12:42:59.039, 0, 96 %, 86 %, 7503 MiB, 49140 MiB, 289.66 W, 300.00 W, 72, 1650 MHz
2026/09/23 12:43:00.041, 0, 98 %, 84 %, 7503 MiB, 49140 MiB, 291.21 W, 300.00 W, 72, 1830 MHz
2026/09/23 12:43:01.043, 0, 98 %, 89 %, 7503 MiB, 49140 MiB, 291.38 W, 300.00 W, 74, 1665 MHz
2026/09/23 12:43:02.044, 0, 96 %, 85 %, 7503 MiB, 49140 MiB, 290.35 W, 300.00 W, 72, 1665 MHz
2026/09/23 12:43:03.045, 0, 97 %, 82 %, 7503 MiB, 49140 MiB, 292.51 W, 300.00 W, 72, 1875 MHz
2026/09/23 12:43:04.046, 0, 98 %, 87 %, 7503 MiB, 49140 MiB, 290.26 W, 300.00 W, 74, 1950 MHz
2026/09/23 12:43:05.047, 0, 96 %, 85 %, 7503 MiB, 49140 MiB, 290.95 W, 300.00 W, 73, 1650 MHz
2026/09/23 12:43:06.048, 0, 98 %, 83 %, 7503 MiB, 49140 MiB, 291.48 W, 300.00 W, 72, 1830 MHz
2026/09/23 12:43:07.050, 0, 96 %, 85 %, 7503 MiB, 49140 MiB, 290.23 W, 300.00 W, 74, 2040 MHz
2026/09/23 12:43:08.051, 0, 95 %, 84 %, 7503 MiB, 49140 MiB, 291.27 W, 300.00 W, 73, 1665 MHz
2026/09/23 12:43:09.051, 0, 97 %, 84 %, 7503 MiB, 49140 MiB, 291.34 W, 300.00 W, 72, 1830 MHz
2026/09/23 12:43:10.052, 0, 97 %, 87 %, 7503 MiB, 49140 MiB, 289.64 W, 300.00 W, 73, 2085 MHz
2026/09/23 12:43:11.053, 0, 98 %, 86 %, 7503 MiB, 49140 MiB, 292.54 W, 300.00 W, 73, 1530 MHz
2026/09/23 12:43:12.053, 0, 97 %, 86 %, 7503 MiB, 49140 MiB, 291.07 W, 300.00 W, 73, 1965 MHz
2026/09/23 12:43:13.054, 0, 97 %, 87 %, 7503 MiB, 49140 MiB, 291.09 W, 300.00 W, 73, 2055 MHz
2026/09/23 12:43:14.055, 0, 97 %, 87 %, 7503 MiB, 49140 MiB, 291.74 W, 300.00 W, 74, 1575 MHz
2026/09/23 12:43:15.057, 0, 97 %, 85 %, 7503 MiB, 49140 MiB, 290.20 W, 300.00 W, 74, 1695 MHz
2026/09/23 12:43:16.058, 0, 97 %, 86 %, 7503 MiB, 49140 MiB, 287.80 W, 300.00 W, 73, 1635 MHz
2026/09/23 12:43:17.059, 0, 97 %, 85 %, 7503 MiB, 49140 MiB, 290.72 W, 300.00 W, 72, 1815 MHz
2026/09/23 12:43:18.060, 0, 97 %, 85 %, 7503 MiB, 49140 MiB, 291.08 W, 300.00 W, 74, 2010 MHz
2026/09/23 12:43:19.061, 0, 94 %, 66 %, 7503 MiB, 49140 MiB, 295.91 W, 300.00 W, 74, 1560 MHz
2026/09/23 12:43:20.061, 0, 0 %, 0 %, 7503 MiB, 49140 MiB, 143.95 W, 300.00 W, 67, 2610 MHz
2026/09/23 12:43:21.062, 0, 97 %, 87 %, 7503 MiB, 49140 MiB, 263.52 W, 300.00 W, 72, 2070 MHz
2026/09/23 12:43:22.063, 0, 98 %, 87 %, 7503 MiB, 49140 MiB, 292.32 W, 300.00 W, 73, 1545 MHz
2026/09/23 12:43:23.064, 0, 98 %, 86 %, 7503 MiB, 49140 MiB, 291.41 W, 300.00 W, 72, 1920 MHz
2026/09/23 12:43:24.065, 0, 97 %, 87 %, 7503 MiB, 49140 MiB, 290.21 W, 300.00 W, 73, 2085 MHz
2026/09/23 12:43:25.065, 0, 97 %, 86 %, 7503 MiB, 49140 MiB, 291.81 W, 300.00 W, 73, 1545 MHz
2026/09/23 12:43:26.066, 0, 96 %, 85 %, 7503 MiB, 49140 MiB, 288.28 W, 300.00 W, 73, 1755 MHz
2026/09/23 12:43:27.067, 0, 98 %, 87 %, 7503 MiB, 49140 MiB, 291.10 W, 300.00 W, 73, 1875 MHz
2026/09/23 12:43:28.067, 0, 97 %, 87 %, 7503 MiB, 49140 MiB, 293.04 W, 300.00 W, 73, 1605 MHz
2026/09/23 12:43:29.068, 0, 97 %, 85 %, 7503 MiB, 49140 MiB, 291.01 W, 300.00 W, 73, 1860 MHz
2026/09/23 12:43:30.069, 0, 97 %, 85 %, 7503 MiB, 49140 MiB, 290.12 W, 300.00 W, 73, 1680 MHz
2026/09/23 12:43:31.069, 0, 97 %, 87 %, 7503 MiB, 49140 MiB, 292.72 W, 300.00 W, 72, 1845 MHz
2026/09/23 12:43:32.070, 0, 98 %, 87 %, 7503 MiB, 49140 MiB, 290.46 W, 300.00 W, 74, 1650 MHz
2026/09/23 12:43:33.071, 0, 97 %, 87 %, 7503 MiB, 49140 MiB, 290.36 W, 300.00 W, 72, 1635 MHz
2026/09/23 12:43:34.072, 0, 97 %, 86 %, 7503 MiB, 49140 MiB, 292.63 W, 300.00 W, 72, 1605 MHz
2026/09/23 12:43:35.073, 0, 97 %, 87 %, 7503 MiB, 49140 MiB, 290.94 W, 300.00 W, 74, 1800 MHz
2026/09/23 12:43:36.074, 0, 98 %, 86 %, 7503 MiB, 49140 MiB, 290.82 W, 300.00 W, 72, 1995 MHz
2026/09/23 12:43:37.074, 0, 97 %, 86 %, 7503 MiB, 49140 MiB, 291.89 W, 300.00 W, 72, 1560 MHz
2026/09/23 12:43:38.075, 0, 97 %, 87 %, 7503 MiB, 49140 MiB, 290.66 W, 300.00 W, 74, 1935 MHz
2026/09/23 12:43:39.076, 0, 97 %, 85 %, 7503 MiB, 49140 MiB, 291.46 W, 300.00 W, 73, 2040 MHz
2026/09/23 12:43:40.076, 0, 98 %, 87 %, 7503 MiB, 49140 MiB, 292.17 W, 300.00 W, 71, 1560 MHz
2026/09/23 12:43:41.077, 0, 98 %, 87 %, 7503 MiB, 49140 MiB, 288.98 W, 300.00 W, 74, 1890 MHz
2026/09/23 12:43:42.078, 0, 89 %, 79 %, 7503 MiB, 49140 MiB, 289.45 W, 300.00 W, 73, 1710 MHz
2026/09/23 12:43:43.079, 0, 97 %, 86 %, 7503 MiB, 49140 MiB, 287.68 W, 300.00 W, 73, 1860 MHz
2026/09/23 12:43:44.079, 0, 93 %, 70 %, 7503 MiB, 49140 MiB, 294.67 W, 300.00 W, 73, 1590 MHz
2026/09/23 12:43:45.080, 0, 0 %, 0 %, 7503 MiB, 49140 MiB, 215.39 W, 300.00 W, 68, 2730 MHz
2026/09/23 12:43:46.081, 0, 98 %, 86 %, 7503 MiB, 49140 MiB, 201.57 W, 300.00 W, 72, 1905 MHz
2026/09/23 12:43:47.083, 0, 97 %, 87 %, 7503 MiB, 49140 MiB, 290.31 W, 300.00 W, 72, 1875 MHz
2026/09/23 12:43:48.084, 0, 97 %, 86 %, 7503 MiB, 49140 MiB, 292.17 W, 300.00 W, 73, 1665 MHz
2026/09/23 12:43:49.085, 0, 98 %, 86 %, 7503 MiB, 49140 MiB, 290.52 W, 300.00 W, 72, 1785 MHz
2026/09/23 12:43:50.086, 0, 97 %, 86 %, 7503 MiB, 49140 MiB, 291.90 W, 300.00 W, 73, 1710 MHz
2026/09/23 12:43:51.087, 0, 97 %, 86 %, 7503 MiB, 49140 MiB, 290.53 W, 300.00 W, 73, 1680 MHz
2026/09/23 12:43:52.092, 0, 98 %, 86 %, 7503 MiB, 49140 MiB, 290.88 W, 300.00 W, 73, 1800 MHz
2026/09/23 12:43:53.093, 0, 98 %, 88 %, 7503 MiB, 49140 MiB, 290.55 W, 300.00 W, 73, 1680 MHz
2026/09/23 12:43:54.095, 0, 97 %, 85 %, 7503 MiB, 49140 MiB, 292.84 W, 300.00 W, 73, 1695 MHz
2026/09/23 12:43:55.099, 0, 98 %, 86 %, 7503 MiB, 49140 MiB, 289.34 W, 300.00 W, 73, 1860 MHz
2026/09/23 12:43:56.100, 0, 97 %, 87 %, 7503 MiB, 49140 MiB, 291.80 W, 300.00 W, 72, 1845 MHz
2026/09/23 12:43:57.100, 0, 97 %, 86 %, 7503 MiB, 49140 MiB, 293.10 W, 300.00 W, 73, 1635 MHz
2026/09/23 12:43:58.102, 0, 97 %, 86 %, 7503 MiB, 49140 MiB, 289.94 W, 300.00 W, 73, 1875 MHz
2026/09/23 12:43:59.103, 0, 97 %, 86 %, 7503 MiB, 49140 MiB, 291.57 W, 300.00 W, 73, 1920 MHz
2026/09/23 12:44:00.104, 0, 97 %, 87 %, 7503 MiB, 49140 MiB, 292.46 W, 300.00 W, 74, 1680 MHz
2026/09/23 12:44:01.105, 0, 98 %, 87 %, 7503 MiB, 49140 MiB, 290.71 W, 300.00 W, 73, 1845 MHz
2026/09/23 12:44:02.105, 0, 98 %, 87 %, 7503 MiB, 49140 MiB, 291.75 W, 300.00 W, 73, 1890 MHz
2026/09/23 12:44:03.106, 0, 97 %, 87 %, 7503 MiB, 49140 MiB, 293.22 W, 300.00 W, 74, 1650 MHz
2026/09/23 12:44:04.107, 0, 98 %, 86 %, 7503 MiB, 49140 MiB, 291.77 W, 300.00 W, 73, 1845 MHz
2026/09/23 12:44:05.111, 0, 97 %, 86 %, 7503 MiB, 49140 MiB, 290.12 W, 300.00 W, 72, 1980 MHz
2026/09/23 12:44:06.113, 0, 97 %, 87 %, 7503 MiB, 49140 MiB, 293.12 W, 300.00 W, 73, 1680 MHz
2026/09/23 12:44:07.113, 0, 97 %, 86 %, 7503 MiB, 49140 MiB, 290.65 W, 300.00 W, 74, 1890 MHz
2026/09/23 12:44:08.114, 0, 93 %, 83 %, 7503 MiB, 49140 MiB, 289.65 W, 300.00 W, 73, 2100 MHz
2026/09/23 12:44:09.115, 0, 94 %, 67 %, 7503 MiB, 49140 MiB, 293.18 W, 300.00 W, 74, 1545 MHz
2026/09/23 12:44:10.117, 0, 0 %, 0 %, 7503 MiB, 49140 MiB, 275.72 W, 300.00 W, 70, 2520 MHz
2026/09/23 12:44:11.118, 0, 97 %, 87 %, 7503 MiB, 49140 MiB, 138.16 W, 300.00 W, 72, 2085 MHz
2026/09/23 12:44:12.119, 0, 97 %, 86 %, 7503 MiB, 49140 MiB, 291.69 W, 300.00 W, 72, 1620 MHz
2026/09/23 12:44:13.120, 0, 97 %, 87 %, 7503 MiB, 49140 MiB, 289.82 W, 300.00 W, 74, 1890 MHz
2026/09/23 12:44:14.120, 0, 94 %, 83 %, 7503 MiB, 49140 MiB, 289.42 W, 300.00 W, 72, 2100 MHz
2026/09/23 12:44:15.121, 0, 97 %, 86 %, 7503 MiB, 49140 MiB, 291.03 W, 300.00 W, 71, 1545 MHz
2026/09/23 12:44:16.122, 0, 97 %, 87 %, 7503 MiB, 49140 MiB, 290.78 W, 300.00 W, 75, 1965 MHz
2026/09/23 12:44:17.123, 0, 97 %, 86 %, 7503 MiB, 49140 MiB, 288.83 W, 300.00 W, 73, 1650 MHz
2026/09/23 12:44:18.123, 0, 97 %, 85 %, 7503 MiB, 49140 MiB, 289.99 W, 300.00 W, 73, 1890 MHz
2026/09/23 12:44:19.124, 0, 97 %, 87 %, 7503 MiB, 49140 MiB, 292.01 W, 300.00 W, 73, 1710 MHz
2026/09/23 12:44:20.125, 0, 97 %, 86 %, 7503 MiB, 49140 MiB, 292.25 W, 300.00 W, 74, 1635 MHz
2026/09/23 12:44:21.127, 0, 98 %, 86 %, 7503 MiB, 49140 MiB, 290.58 W, 300.00 W, 73, 1860 MHz
2026/09/23 12:44:22.128, 0, 97 %, 86 %, 7503 MiB, 49140 MiB, 291.40 W, 300.00 W, 73, 1935 MHz
2026/09/23 12:44:23.128, 0, 89 %, 79 %, 7503 MiB, 49140 MiB, 291.28 W, 300.00 W, 71, 1905 MHz
2026/09/23 12:44:24.129, 0, 97 %, 86 %, 7503 MiB, 49140 MiB, 289.16 W, 300.00 W, 75, 1785 MHz
2026/09/23 12:44:25.130, 0, 97 %, 86 %, 7503 MiB, 49140 MiB, 291.82 W, 300.00 W, 73, 1680 MHz
2026/09/23 12:44:26.132, 0, 94 %, 84 %, 7503 MiB, 49140 MiB, 291.02 W, 300.00 W, 72, 1695 MHz
2026/09/23 12:44:27.133, 0, 98 %, 87 %, 7503 MiB, 49140 MiB, 291.74 W, 300.00 W, 74, 1830 MHz
2026/09/23 12:44:28.133, 0, 96 %, 85 %, 7503 MiB, 49140 MiB, 293.03 W, 300.00 W, 73, 1905 MHz
2026/09/23 12:44:29.135, 0, 96 %, 85 %, 7503 MiB, 49140 MiB, 291.18 W, 300.00 W, 73, 1665 MHz
2026/09/23 12:44:30.136, 0, 97 %, 86 %, 7503 MiB, 49140 MiB, 290.43 W, 300.00 W, 73, 1950 MHz
2026/09/23 12:44:31.137, 0, 94 %, 83 %, 7503 MiB, 49140 MiB, 292.01 W, 300.00 W, 71, 1890 MHz
2026/09/23 12:44:32.137, 0, 97 %, 86 %, 7503 MiB, 49140 MiB, 290.73 W, 300.00 W, 75, 1725 MHz
2026/09/23 12:44:33.138, 0, 98 %, 85 %, 7503 MiB, 49140 MiB, 290.80 W, 300.00 W, 73, 1815 MHz
2026/09/23 12:44:34.139, 0, 98 %, 86 %, 7503 MiB, 49140 MiB, 288.93 W, 300.00 W, 73, 1590 MHz
2026/09/23 12:44:35.141, 0, 95 %, 65 %, 7503 MiB, 49140 MiB, 295.04 W, 300.00 W, 74, 1560 MHz
2026/09/23 12:44:36.142, 0, 0 %, 0 %, 7503 MiB, 49140 MiB, 164.15 W, 300.00 W, 67, 2730 MHz
2026/09/23 12:44:37.143, 0, 98 %, 85 %, 7503 MiB, 49140 MiB, 256.59 W, 300.00 W, 71, 1590 MHz
2026/09/23 12:44:38.144, 0, 96 %, 85 %, 7503 MiB, 49140 MiB, 291.30 W, 300.00 W, 74, 1830 MHz
2026/09/23 12:44:39.144, 0, 94 %, 83 %, 7503 MiB, 49140 MiB, 291.62 W, 300.00 W, 73, 1875 MHz
2026/09/23 12:44:40.146, 0, 98 %, 86 %, 7503 MiB, 49140 MiB, 289.64 W, 300.00 W, 72, 1605 MHz
2026/09/23 12:44:41.147, 0, 97 %, 86 %, 7503 MiB, 49140 MiB, 291.12 W, 300.00 W, 73, 1965 MHz
2026/09/23 12:44:42.147, 0, 94 %, 85 %, 7503 MiB, 49140 MiB, 292.99 W, 300.00 W, 74, 2055 MHz
2026/09/23 12:44:43.148, 0, 98 %, 87 %, 7503 MiB, 49140 MiB, 289.48 W, 300.00 W, 74, 1680 MHz
2026/09/23 12:44:44.149, 0, 90 %, 79 %, 7503 MiB, 49140 MiB, 291.41 W, 300.00 W, 72, 1830 MHz
2026/09/23 12:44:45.150, 0, 97 %, 85 %, 7503 MiB, 49140 MiB, 291.57 W, 300.00 W, 71, 1650 MHz
2026/09/23 12:44:46.151, 0, 97 %, 85 %, 7503 MiB, 49140 MiB, 291.30 W, 300.00 W, 74, 1815 MHz
2026/09/23 12:44:47.152, 0, 98 %, 86 %, 7503 MiB, 49140 MiB, 292.23 W, 300.00 W, 73, 1950 MHz
2026/09/23 12:44:48.153, 0, 98 %, 86 %, 7503 MiB, 49140 MiB, 291.76 W, 300.00 W, 72, 1605 MHz
2026/09/23 12:44:49.154, 0, 96 %, 85 %, 7503 MiB, 49140 MiB, 291.19 W, 300.00 W, 74, 1995 MHz
2026/09/23 12:44:50.155, 0, 97 %, 86 %, 7503 MiB, 49140 MiB, 293.19 W, 300.00 W, 73, 2025 MHz
2026/09/23 12:44:51.155, 0, 97 %, 86 %, 7503 MiB, 49140 MiB, 291.42 W, 300.00 W, 73, 1545 MHz
2026/09/23 12:44:52.157, 0, 98 %, 85 %, 7503 MiB, 49140 MiB, 291.99 W, 300.00 W, 73, 1890 MHz
2026/09/23 12:44:53.159, 0, 98 %, 87 %, 7503 MiB, 49140 MiB, 293.69 W, 300.00 W, 74, 1995 MHz
2026/09/23 12:44:54.160, 0, 98 %, 87 %, 7503 MiB, 49140 MiB, 290.85 W, 300.00 W, 74, 1635 MHz
2026/09/23 12:44:55.161, 0, 97 %, 86 %, 7503 MiB, 49140 MiB, 291.80 W, 300.00 W, 72, 1650 MHz
2026/09/23 12:44:56.162, 0, 97 %, 85 %, 7503 MiB, 49140 MiB, 292.41 W, 300.00 W, 71, 1695 MHz
2026/09/23 12:44:57.163, 0, 98 %, 86 %, 7503 MiB, 49140 MiB, 290.78 W, 300.00 W, 75, 1875 MHz
2026/09/23 12:44:58.164, 0, 97 %, 87 %, 7503 MiB, 49140 MiB, 292.06 W, 300.00 W, 73, 1890 MHz
2026/09/23 12:44:59.164, 0, 97 %, 86 %, 7503 MiB, 49140 MiB, 291.43 W, 300.00 W, 72, 1635 MHz
2026/09/23 12:45:00.166, 0, 95 %, 69 %, 7503 MiB, 49140 MiB, 292.28 W, 300.00 W, 74, 1560 MHz
2026/09/23 12:45:01.166, 0, 0 %, 0 %, 7503 MiB, 49140 MiB, 236.30 W, 300.00 W, 68, 2730 MHz
2026/09/23 12:45:02.167, 0, 98 %, 87 %, 7503 MiB, 49140 MiB, 182.36 W, 300.00 W, 74, 1860 MHz
2026/09/23 12:45:03.168, 0, 97 %, 85 %, 7503 MiB, 49140 MiB, 294.23 W, 300.00 W, 72, 1905 MHz
2026/09/23 12:45:04.168, 0, 97 %, 85 %, 7503 MiB, 49140 MiB, 288.61 W, 300.00 W, 73, 1530 MHz
2026/09/23 12:45:05.169, 0, 93 %, 84 %, 7503 MiB, 49140 MiB, 290.04 W, 300.00 W, 73, 1785 MHz
2026/09/23 12:45:06.171, 0, 96 %, 84 %, 7503 MiB, 49140 MiB, 291.14 W, 300.00 W, 72, 1650 MHz
2026/09/23 12:45:07.172, 0, 98 %, 88 %, 7503 MiB, 49140 MiB, 291.62 W, 300.00 W, 74, 1740 MHz
2026/09/23 12:45:08.173, 0, 97 %, 87 %, 7503 MiB, 49140 MiB, 291.44 W, 300.00 W, 73, 1665 MHz
2026/09/23 12:45:09.174, 0, 98 %, 85 %, 7503 MiB, 49140 MiB, 292.48 W, 300.00 W, 71, 1695 MHz
2026/09/23 12:45:10.176, 0, 98 %, 86 %, 7503 MiB, 49140 MiB, 288.58 W, 300.00 W, 74, 1530 MHz
2026/09/23 12:45:11.176, 0, 96 %, 84 %, 7503 MiB, 49140 MiB, 292.60 W, 300.00 W, 73, 1920 MHz
2026/09/23 12:45:12.177, 0, 97 %, 86 %, 7503 MiB, 49140 MiB, 289.92 W, 300.00 W, 73, 1890 MHz
2026/09/23 12:45:13.180, 0, 98 %, 87 %, 7503 MiB, 49140 MiB, 291.85 W, 300.00 W, 73, 1665 MHz
2026/09/23 12:45:14.180, 0, 96 %, 86 %, 7503 MiB, 49140 MiB, 292.03 W, 300.00 W, 74, 1770 MHz
2026/09/23 12:45:15.182, 0, 98 %, 87 %, 7503 MiB, 49140 MiB, 290.88 W, 300.00 W, 73, 1635 MHz
2026/09/23 12:45:16.183, 0, 95 %, 84 %, 7503 MiB, 49140 MiB, 290.06 W, 300.00 W, 72, 1815 MHz
2026/09/23 12:45:17.184, 0, 98 %, 85 %, 7503 MiB, 49140 MiB, 291.51 W, 300.00 W, 71, 1950 MHz
2026/09/23 12:45:18.184, 0, 96 %, 84 %, 7503 MiB, 49140 MiB, 291.00 W, 300.00 W, 74, 1545 MHz
2026/09/23 12:45:19.185, 0, 97 %, 85 %, 7503 MiB, 49140 MiB, 292.55 W, 300.00 W, 73, 1710 MHz
2026/09/23 12:45:20.186, 0, 97 %, 85 %, 7503 MiB, 49140 MiB, 289.31 W, 300.00 W, 73, 1695 MHz
2026/09/23 12:45:21.187, 0, 96 %, 84 %, 7503 MiB, 49140 MiB, 290.92 W, 300.00 W, 73, 1860 MHz
2026/09/23 12:45:22.187, 0, 97 %, 86 %, 7503 MiB, 49140 MiB, 293.01 W, 300.00 W, 73, 1755 MHz
2026/09/23 12:45:23.188, 0, 97 %, 86 %, 7503 MiB, 49140 MiB, 290.17 W, 300.00 W, 74, 1680 MHz
2026/09/23 12:45:24.190, 0, 97 %, 87 %, 7503 MiB, 49140 MiB, 291.55 W, 300.00 W, 73, 1800 MHz
2026/09/23 12:45:25.190, 0, 98 %, 85 %, 7503 MiB, 49140 MiB, 291.40 W, 300.00 W, 71, 1995 MHz
2026/09/23 12:45:26.191, 0, 94 %, 70 %, 7503 MiB, 49140 MiB, 296.00 W, 300.00 W, 74, 1530 MHz
2026/09/23 12:45:27.194, 0, 82 %, 74 %, 7503 MiB, 49140 MiB, 143.96 W, 300.00 W, 71, 1890 MHz
2026/09/23 12:45:28.194, 0, 98 %, 86 %, 7503 MiB, 49140 MiB, 287.90 W, 300.00 W, 72, 1935 MHz
2026/09/23 12:45:29.195, 0, 97 %, 87 %, 7503 MiB, 49140 MiB, 290.86 W, 300.00 W, 73, 1695 MHz
2026/09/23 12:45:30.196, 0, 98 %, 87 %, 7503 MiB, 49140 MiB, 292.92 W, 300.00 W, 73, 1695 MHz
2026/09/23 12:45:31.198, 0, 98 %, 86 %, 7503 MiB, 49140 MiB, 290.85 W, 300.00 W, 73, 1710 MHz
2026/09/23 12:45:32.199, 0, 98 %, 87 %, 7503 MiB, 49140 MiB, 292.16 W, 300.00 W, 73, 1740 MHz
2026/09/23 12:45:33.200, 0, 97 %, 86 %, 7503 MiB, 49140 MiB, 291.76 W, 300.00 W, 73, 1905 MHz
2026/09/23 12:45:34.200, 0, 98 %, 87 %, 7503 MiB, 49140 MiB, 291.36 W, 300.00 W, 74, 1665 MHz
2026/09/23 12:45:35.201, 0, 97 %, 87 %, 7503 MiB, 49140 MiB, 291.41 W, 300.00 W, 72, 1770 MHz
2026/09/23 12:45:36.202, 0, 97 %, 84 %, 7503 MiB, 49140 MiB, 291.82 W, 300.00 W, 71, 2010 MHz
2026/09/23 12:45:37.204, 0, 98 %, 87 %, 7503 MiB, 49140 MiB, 288.00 W, 300.00 W, 73, 1635 MHz
2026/09/23 12:45:38.206, 0, 98 %, 86 %, 7503 MiB, 49140 MiB, 292.40 W, 300.00 W, 73, 1665 MHz
2026/09/23 12:45:39.207, 0, 98 %, 86 %, 7503 MiB, 49140 MiB, 290.77 W, 300.00 W, 73, 1695 MHz
2026/09/23 12:45:40.208, 0, 96 %, 85 %, 7503 MiB, 49140 MiB, 291.41 W, 300.00 W, 73, 1815 MHz
2026/09/23 12:45:41.208, 0, 98 %, 86 %, 7503 MiB, 49140 MiB, 291.18 W, 300.00 W, 72, 1905 MHz
2026/09/23 12:45:42.209, 0, 98 %, 87 %, 7503 MiB, 49140 MiB, 290.94 W, 300.00 W, 74, 1590 MHz
2026/09/23 12:45:43.211, 0, 97 %, 87 %, 7503 MiB, 49140 MiB, 292.21 W, 300.00 W, 73, 1800 MHz
2026/09/23 12:45:44.212, 0, 97 %, 85 %, 7503 MiB, 49140 MiB, 292.34 W, 300.00 W, 72, 2010 MHz
2026/09/23 12:45:45.213, 0, 96 %, 85 %, 7503 MiB, 49140 MiB, 291.08 W, 300.00 W, 74, 1575 MHz
2026/09/23 12:45:46.214, 0, 98 %, 86 %, 7503 MiB, 49140 MiB, 292.35 W, 300.00 W, 73, 1920 MHz
2026/09/23 12:45:47.214, 0, 97 %, 85 %, 7503 MiB, 49140 MiB, 291.70 W, 300.00 W, 72, 2040 MHz
2026/09/23 12:45:48.215, 0, 98 %, 88 %, 7503 MiB, 49140 MiB, 291.89 W, 300.00 W, 73, 1575 MHz
2026/09/23 12:45:49.217, 0, 98 %, 86 %, 7503 MiB, 49140 MiB, 293.60 W, 300.00 W, 73, 1875 MHz
2026/09/23 12:45:50.220, 0, 98 %, 86 %, 7503 MiB, 49140 MiB, 291.58 W, 300.00 W, 73, 1965 MHz
2026/09/23 12:45:51.221, 0, 94 %, 65 %, 7503 MiB, 49140 MiB, 296.67 W, 300.00 W, 73, 1590 MHz
2026/09/23 12:45:52.222, 0, 0 %, 0 %, 7503 MiB, 49140 MiB, 197.51 W, 300.00 W, 67, 2730 MHz
2026/09/23 12:45:53.223, 0, 97 %, 87 %, 7503 MiB, 49140 MiB, 213.16 W, 300.00 W, 73, 1560 MHz
2026/09/23 12:45:54.224, 0, 96 %, 85 %, 7503 MiB, 49140 MiB, 291.90 W, 300.00 W, 72, 1800 MHz
2026/09/23 12:45:55.227, 0, 97 %, 86 %, 7503 MiB, 49140 MiB, 289.20 W, 300.00 W, 73, 1635 MHz
2026/09/23 12:45:56.227, 0, 98 %, 85 %, 7503 MiB, 49140 MiB, 290.71 W, 300.00 W, 73, 1875 MHz
2026/09/23 12:45:57.228, 0, 98 %, 85 %, 7503 MiB, 49140 MiB, 291.55 W, 300.00 W, 72, 2010 MHz
2026/09/23 12:45:58.229, 0, 97 %, 86 %, 7503 MiB, 49140 MiB, 290.62 W, 300.00 W, 74, 1590 MHz
2026/09/23 12:45:59.230, 0, 96 %, 84 %, 7503 MiB, 49140 MiB, 291.15 W, 300.00 W, 72, 1620 MHz
2026/09/23 12:46:00.230, 0, 98 %, 85 %, 7503 MiB, 49140 MiB, 290.92 W, 300.00 W, 71, 1710 MHz
2026/09/23 12:46:01.231, 0, 98 %, 87 %, 7503 MiB, 49140 MiB, 292.02 W, 300.00 W, 74, 1665 MHz
2026/09/23 12:46:02.232, 0, 96 %, 85 %, 7503 MiB, 49140 MiB, 292.64 W, 300.00 W, 73, 1770 MHz
2026/09/23 12:46:03.232, 0, 96 %, 85 %, 7503 MiB, 49140 MiB, 291.47 W, 300.00 W, 72, 1710 MHz
2026/09/23 12:46:04.233, 0, 97 %, 87 %, 7503 MiB, 49140 MiB, 291.32 W, 300.00 W, 73, 1635 MHz
2026/09/23 12:46:05.234, 0, 97 %, 87 %, 7503 MiB, 49140 MiB, 293.10 W, 300.00 W, 73, 1845 MHz
2026/09/23 12:46:06.235, 0, 97 %, 86 %, 7503 MiB, 49140 MiB, 290.90 W, 300.00 W, 73, 1920 MHz
2026/09/23 12:46:07.236, 0, 98 %, 85 %, 7503 MiB, 49140 MiB, 291.63 W, 300.00 W, 73, 1590 MHz
2026/09/23 12:46:08.239, 0, 97 %, 85 %, 7503 MiB, 49140 MiB, 291.63 W, 300.00 W, 72, 1845 MHz
2026/09/23 12:46:09.239, 0, 97 %, 85 %, 7503 MiB, 49140 MiB, 291.88 W, 300.00 W, 75, 1935 MHz
2026/09/23 12:46:10.240, 0, 97 %, 85 %, 7503 MiB, 49140 MiB, 292.21 W, 300.00 W, 73, 1515 MHz
2026/09/23 12:46:11.241, 0, 97 %, 85 %, 7503 MiB, 49140 MiB, 291.22 W, 300.00 W, 72, 1680 MHz
2026/09/23 12:46:12.243, 0, 98 %, 86 %, 7503 MiB, 49140 MiB, 292.00 W, 300.00 W, 74, 1665 MHz
2026/09/23 12:46:13.243, 0, 97 %, 86 %, 7503 MiB, 49140 MiB, 293.14 W, 300.00 W, 73, 1830 MHz
2026/09/23 12:46:14.244, 0, 97 %, 86 %, 7503 MiB, 49140 MiB, 290.52 W, 300.00 W, 73, 1800 MHz
2026/09/23 12:46:15.245, 0, 96 %, 85 %, 7503 MiB, 49140 MiB, 290.04 W, 300.00 W, 73, 1635 MHz
2026/09/23 12:46:16.245, 0, 91 %, 66 %, 7503 MiB, 49140 MiB, 292.66 W, 300.00 W, 73, 1815 MHz
2026/09/23 12:46:17.247, 0, 0 %, 0 %, 7503 MiB, 49140 MiB, 278.76 W, 300.00 W, 68, 2730 MHz
2026/09/23 12:46:18.247, 0, 97 %, 87 %, 7503 MiB, 49140 MiB, 141.83 W, 300.00 W, 72, 1605 MHz
2026/09/23 12:46:19.248, 0, 97 %, 87 %, 7503 MiB, 49140 MiB, 298.10 W, 300.00 W, 73, 1830 MHz
2026/09/23 12:46:20.248, 0, 96 %, 86 %, 7503 MiB, 49140 MiB, 292.08 W, 300.00 W, 73, 2010 MHz
2026/09/23 12:46:21.252, 0, 98 %, 86 %, 7503 MiB, 49140 MiB, 290.60 W, 300.00 W, 73, 1515 MHz
2026/09/23 12:46:22.253, 0, 98 %, 86 %, 7503 MiB, 49140 MiB, 292.80 W, 300.00 W, 72, 1905 MHz
2026/09/23 12:46:23.253, 0, 98 %, 87 %, 7503 MiB, 49140 MiB, 291.93 W, 300.00 W, 73, 2040 MHz
2026/09/23 12:46:24.254, 0, 97 %, 85 %, 7503 MiB, 49140 MiB, 291.57 W, 300.00 W, 73, 1530 MHz
2026/09/23 12:46:25.256, 0, 98 %, 86 %, 7503 MiB, 49140 MiB, 292.83 W, 300.00 W, 72, 1920 MHz
2026/09/23 12:46:26.257, 0, 98 %, 87 %, 7503 MiB, 49140 MiB, 289.74 W, 300.00 W, 74, 1980 MHz
2026/09/23 12:46:27.257, 0, 98 %, 86 %, 7503 MiB, 49140 MiB, 291.34 W, 300.00 W, 73, 1620 MHz
2026/09/23 12:46:28.258, 0, 98 %, 86 %, 7503 MiB, 49140 MiB, 290.40 W, 300.00 W, 72, 1695 MHz
2026/09/23 12:46:29.259, 0, 98 %, 88 %, 7503 MiB, 49140 MiB, 291.27 W, 300.00 W, 74, 1650 MHz
2026/09/23 12:46:30.259, 0, 97 %, 87 %, 7503 MiB, 49140 MiB, 291.79 W, 300.00 W, 73, 1890 MHz
2026/09/23 12:46:31.260, 0, 96 %, 86 %, 7503 MiB, 49140 MiB, 289.60 W, 300.00 W, 73, 2025 MHz
2026/09/23 12:46:32.261, 0, 97 %, 85 %, 7503 MiB, 49140 MiB, 290.84 W, 300.00 W, 72, 1530 MHz
2026/09/23 12:46:33.262, 0, 96 %, 85 %, 7503 MiB, 49140 MiB, 292.15 W, 300.00 W, 72, 1905 MHz
2026/09/23 12:46:34.263, 0, 98 %, 87 %, 7503 MiB, 49140 MiB, 290.96 W, 300.00 W, 74, 1995 MHz
2026/09/23 12:46:35.264, 0, 96 %, 85 %, 7503 MiB, 49140 MiB, 291.43 W, 300.00 W, 73, 1665 MHz
2026/09/23 12:46:36.265, 0, 98 %, 86 %, 7503 MiB, 49140 MiB, 290.97 W, 300.00 W, 72, 1680 MHz
2026/09/23 12:46:37.266, 0, 98 %, 88 %, 7503 MiB, 49140 MiB, 292.03 W, 300.00 W, 74, 1635 MHz
2026/09/23 12:46:38.267, 0, 98 %, 86 %, 7503 MiB, 49140 MiB, 292.57 W, 300.00 W, 73, 1800 MHz
2026/09/23 12:46:39.267, 0, 97 %, 85 %, 7503 MiB, 49140 MiB, 290.81 W, 300.00 W, 73, 1815 MHz
2026/09/23 12:46:40.269, 0, 97 %, 86 %, 7503 MiB, 49140 MiB, 292.93 W, 300.00 W, 73, 1620 MHz
2026/09/23 12:46:41.269, 0, 97 %, 86 %, 7503 MiB, 49140 MiB, 293.13 W, 300.00 W, 73, 1875 MHz
2026/09/23 12:46:42.270, 0, 93 %, 66 %, 7503 MiB, 49140 MiB, 295.27 W, 300.00 W, 73, 1560 MHz
2026/09/23 12:46:43.270, 0, 0 %, 0 %, 7503 MiB, 49140 MiB, 157.81 W, 300.00 W, 67, 2730 MHz
2026/09/23 12:46:44.273, 0, 98 %, 87 %, 7503 MiB, 49140 MiB, 260.76 W, 300.00 W, 72, 1830 MHz
2026/09/23 12:46:45.273, 0, 94 %, 83 %, 7503 MiB, 49140 MiB, 288.64 W, 300.00 W, 73, 2040 MHz
2026/09/23 12:46:46.274, 0, 97 %, 85 %, 7503 MiB, 49140 MiB, 290.35 W, 300.00 W, 73, 1635 MHz
2026/09/23 12:46:47.275, 0, 98 %, 87 %, 7503 MiB, 49140 MiB, 293.18 W, 300.00 W, 73, 1575 MHz
2026/09/23 12:46:48.276, 0, 98 %, 86 %, 7503 MiB, 49140 MiB, 289.98 W, 300.00 W, 73, 1875 MHz
2026/09/23 12:46:49.277, 0, 97 %, 85 %, 7503 MiB, 49140 MiB, 291.90 W, 300.00 W, 73, 2010 MHz
2026/09/23 12:46:50.278, 0, 98 %, 87 %, 7503 MiB, 49140 MiB, 292.07 W, 300.00 W, 73, 1620 MHz
2026/09/23 12:46:51.278, 0, 97 %, 87 %, 7503 MiB, 49140 MiB, 290.43 W, 300.00 W, 73, 1770 MHz
2026/09/23 12:46:52.279, 0, 97 %, 85 %, 7503 MiB, 49140 MiB, 290.69 W, 300.00 W, 72, 1815 MHz
2026/09/23 12:46:53.283, 0, 97 %, 85 %, 7503 MiB, 49140 MiB, 291.96 W, 300.00 W, 72, 1845 MHz
2026/09/23 12:46:54.284, 0, 95 %, 84 %, 7503 MiB, 49140 MiB, 290.27 W, 300.00 W, 74, 1995 MHz
2026/09/23 12:46:55.284, 0, 97 %, 86 %, 7503 MiB, 49140 MiB, 291.62 W, 300.00 W, 73, 1650 MHz
2026/09/23 12:46:56.285, 0, 98 %, 85 %, 7503 MiB, 49140 MiB, 291.97 W, 300.00 W, 71, 1830 MHz
2026/09/23 12:46:57.287, 0, 98 %, 88 %, 7503 MiB, 49140 MiB, 290.05 W, 300.00 W, 73, 1995 MHz
2026/09/23 12:46:58.287, 0, 97 %, 86 %, 7503 MiB, 49140 MiB, 292.59 W, 300.00 W, 73, 1560 MHz
2026/09/23 12:46:59.289, 0, 95 %, 83 %, 7503 MiB, 49140 MiB, 289.28 W, 300.00 W, 73, 1905 MHz
2026/09/23 12:47:00.289, 0, 98 %, 85 %, 7503 MiB, 49140 MiB, 291.17 W, 300.00 W, 73, 1965 MHz
2026/09/23 12:47:01.290, 0, 97 %, 86 %, 7503 MiB, 49140 MiB, 292.98 W, 300.00 W, 74, 1680 MHz
2026/09/23 12:47:02.291, 0, 98 %, 87 %, 7503 MiB, 49140 MiB, 290.66 W, 300.00 W, 74, 1665 MHz
2026/09/23 12:47:03.292, 0, 97 %, 85 %, 7503 MiB, 49140 MiB, 290.68 W, 300.00 W, 72, 1680 MHz
2026/09/23 12:47:04.293, 0, 98 %, 85 %, 7503 MiB, 49140 MiB, 292.63 W, 300.00 W, 72, 1860 MHz
2026/09/23 12:47:05.294, 0, 97 %, 86 %, 7503 MiB, 49140 MiB, 291.67 W, 300.00 W, 75, 1815 MHz
2026/09/23 12:47:06.295, 0, 98 %, 87 %, 7503 MiB, 49140 MiB, 291.08 W, 300.00 W, 73, 1665 MHz
2026/09/23 12:47:07.297, 0, 95 %, 66 %, 7503 MiB, 49140 MiB, 295.21 W, 300.00 W, 74, 1650 MHz
2026/09/23 12:47:08.297, 0, 0 %, 0 %, 7503 MiB, 49140 MiB, 202.77 W, 300.00 W, 67, 2505 MHz
2026/09/23 12:47:09.298, 0, 100 %, 88 %, 7503 MiB, 49140 MiB, 201.90 W, 300.00 W, 72, 1545 MHz
2026/09/23 12:47:10.300, 0, 98 %, 86 %, 7503 MiB, 49140 MiB, 291.14 W, 300.00 W, 72, 1980 MHz
2026/09/23 12:47:11.301, 0, 97 %, 87 %, 7503 MiB, 49140 MiB, 291.61 W, 300.00 W, 73, 2055 MHz
2026/09/23 12:47:12.302, 0, 98 %, 87 %, 7503 MiB, 49140 MiB, 291.85 W, 300.00 W, 73, 1590 MHz
2026/09/23 12:47:13.303, 0, 97 %, 86 %, 7503 MiB, 49140 MiB, 288.11 W, 300.00 W, 73, 1680 MHz
2026/09/23 12:47:14.304, 0, 98 %, 87 %, 7503 MiB, 49140 MiB, 291.16 W, 300.00 W, 73, 1650 MHz
2026/09/23 12:47:15.305, 0, 97 %, 85 %, 7503 MiB, 49140 MiB, 291.30 W, 300.00 W, 71, 1860 MHz
2026/09/23 12:47:16.305, 0, 97 %, 86 %, 7503 MiB, 49140 MiB, 290.34 W, 300.00 W, 74, 2070 MHz
2026/09/23 12:47:17.306, 0, 97 %, 85 %, 7503 MiB, 49140 MiB, 292.33 W, 300.00 W, 73, 1545 MHz
2026/09/23 12:47:18.307, 0, 96 %, 84 %, 7503 MiB, 49140 MiB, 291.58 W, 300.00 W, 73, 1965 MHz
2026/09/23 12:47:19.308, 0, 97 %, 86 %, 7503 MiB, 49140 MiB, 291.64 W, 300.00 W, 73, 2070 MHz
2026/09/23 12:47:20.309, 0, 98 %, 87 %, 7503 MiB, 49140 MiB, 292.62 W, 300.00 W, 73, 1575 MHz
2026/09/23 12:47:21.309, 0, 96 %, 84 %, 7503 MiB, 49140 MiB, 289.90 W, 300.00 W, 73, 1830 MHz
2026/09/23 12:47:22.310, 0, 98 %, 83 %, 7503 MiB, 49140 MiB, 290.39 W, 300.00 W, 73, 1710 MHz
2026/09/23 12:47:23.311, 0, 96 %, 85 %, 7503 MiB, 49140 MiB, 291.95 W, 300.00 W, 71, 1920 MHz
2026/09/23 12:47:24.312, 0, 97 %, 88 %, 7503 MiB, 49140 MiB, 290.91 W, 300.00 W, 74, 1920 MHz
2026/09/23 12:47:25.312, 0, 95 %, 85 %, 7503 MiB, 49140 MiB, 291.31 W, 300.00 W, 73, 1680 MHz
2026/09/23 12:47:26.314, 0, 95 %, 80 %, 7503 MiB, 49140 MiB, 290.98 W, 300.00 W, 72, 1980 MHz
2026/09/23 12:47:27.314, 0, 98 %, 83 %, 7503 MiB, 49140 MiB, 287.20 W, 300.00 W, 72, 1665 MHz
2026/09/23 12:47:28.315, 0, 98 %, 89 %, 7503 MiB, 49140 MiB, 293.31 W, 300.00 W, 73, 1800 MHz
2026/09/23 12:47:29.316, 0, 97 %, 87 %, 7503 MiB, 49140 MiB, 291.74 W, 300.00 W, 74, 1680 MHz
2026/09/23 12:47:30.317, 0, 97 %, 83 %, 7503 MiB, 49140 MiB, 291.40 W, 300.00 W, 72, 1650 MHz
2026/09/23 12:47:31.318, 0, 98 %, 89 %, 7503 MiB, 49140 MiB, 293.23 W, 300.00 W, 72, 1815 MHz
2026/09/23 12:47:32.320, 0, 90 %, 66 %, 7503 MiB, 49140 MiB, 290.77 W, 300.00 W, 73, 1695 MHz
2026/09/23 12:47:33.321, 0, 21 %, 14 %, 7503 MiB, 49140 MiB, 284.72 W, 300.00 W, 72, 2640 MHz
2026/09/23 12:47:34.322, 0, 96 %, 86 %, 7503 MiB, 49140 MiB, 133.15 W, 300.00 W, 72, 1635 MHz
2026/09/23 12:47:35.325, 0, 98 %, 81 %, 7503 MiB, 49140 MiB, 289.73 W, 300.00 W, 72, 1605 MHz
2026/09/23 12:47:36.325, 0, 98 %, 87 %, 7503 MiB, 49140 MiB, 289.97 W, 300.00 W, 73, 1710 MHz
2026/09/23 12:47:37.326, 0, 96 %, 86 %, 7503 MiB, 49140 MiB, 291.39 W, 300.00 W, 73, 1710 MHz
2026/09/23 12:47:38.327, 0, 97 %, 85 %, 7503 MiB, 49140 MiB, 290.36 W, 300.00 W, 73, 1875 MHz
2026/09/23 12:47:39.328, 0, 98 %, 89 %, 7503 MiB, 49140 MiB, 290.58 W, 300.00 W, 72, 1785 MHz
2026/09/23 12:47:40.329, 0, 95 %, 86 %, 7503 MiB, 49140 MiB, 292.10 W, 300.00 W, 73, 1605 MHz
2026/09/23 12:47:41.329, 0, 98 %, 86 %, 7503 MiB, 49140 MiB, 289.56 W, 300.00 W, 73, 1860 MHz
2026/09/23 12:47:42.330, 0, 98 %, 84 %, 7503 MiB, 49140 MiB, 290.35 W, 300.00 W, 72, 1905 MHz
2026/09/23 12:47:43.330, 0, 98 %, 89 %, 7503 MiB, 49140 MiB, 292.91 W, 300.00 W, 73, 1620 MHz
2026/09/23 12:47:44.331, 0, 97 %, 87 %, 7503 MiB, 49140 MiB, 290.26 W, 300.00 W, 74, 1845 MHz
2026/09/23 12:47:45.332, 0, 98 %, 85 %, 7503 MiB, 49140 MiB, 290.47 W, 300.00 W, 72, 1980 MHz
2026/09/23 12:47:46.333, 0, 97 %, 82 %, 7503 MiB, 49140 MiB, 289.58 W, 300.00 W, 72, 1725 MHz
2026/09/23 12:47:47.334, 0, 98 %, 85 %, 7503 MiB, 49140 MiB, 288.74 W, 300.00 W, 72, 1860 MHz
2026/09/23 12:47:48.335, 0, 98 %, 88 %, 7503 MiB, 49140 MiB, 292.11 W, 300.00 W, 72, 1575 MHz
2026/09/23 12:47:49.336, 0, 97 %, 88 %, 7503 MiB, 49140 MiB, 290.90 W, 300.00 W, 74, 1920 MHz
2026/09/23 12:47:50.337, 0, 98 %, 85 %, 7503 MiB, 49140 MiB, 291.58 W, 300.00 W, 72, 1995 MHz
2026/09/23 12:47:51.338, 0, 98 %, 85 %, 7503 MiB, 49140 MiB, 292.67 W, 300.00 W, 71, 1545 MHz
2026/09/23 12:47:52.340, 0, 98 %, 88 %, 7503 MiB, 49140 MiB, 291.52 W, 300.00 W, 74, 1920 MHz
2026/09/23 12:47:53.341, 0, 96 %, 85 %, 7503 MiB, 49140 MiB, 291.23 W, 300.00 W, 72, 2070 MHz
2026/09/23 12:47:54.342, 0, 96 %, 82 %, 7503 MiB, 49140 MiB, 292.51 W, 300.00 W, 71, 1560 MHz
2026/09/23 12:47:55.343, 0, 97 %, 86 %, 7503 MiB, 49140 MiB, 290.78 W, 300.00 W, 73, 1725 MHz
2026/09/23 12:47:56.344, 0, 98 %, 88 %, 7503 MiB, 49140 MiB, 291.05 W, 300.00 W, 74, 1650 MHz
2026/09/23 12:47:57.345, 0, 97 %, 88 %, 7503 MiB, 49140 MiB, 289.31 W, 300.00 W, 74, 1830 MHz
2026/09/23 12:47:58.346, 0, 94 %, 68 %, 7503 MiB, 49140 MiB, 297.87 W, 300.00 W, 74, 1635 MHz
2026/09/23 12:47:59.346, 0, 0 %, 0 %, 7503 MiB, 49140 MiB, 154.96 W, 300.00 W, 66, 2505 MHz
2026/09/23 12:48:00.348, 0, 96 %, 86 %, 7503 MiB, 49140 MiB, 238.69 W, 300.00 W, 72, 2055 MHz
2026/09/23 12:48:01.349, 0, 97 %, 82 %, 7503 MiB, 49140 MiB, 290.62 W, 300.00 W, 72, 1575 MHz
2026/09/23 12:48:02.350, 0, 98 %, 88 %, 7503 MiB, 49140 MiB, 290.97 W, 300.00 W, 73, 1680 MHz
2026/09/23 12:48:03.350, 0, 96 %, 85 %, 7503 MiB, 49140 MiB, 292.33 W, 300.00 W, 73, 1815 MHz
2026/09/23 12:48:04.351, 0, 98 %, 84 %, 7503 MiB, 49140 MiB, 290.03 W, 300.00 W, 72, 1755 MHz
2026/09/23 12:48:05.352, 0, 98 %, 88 %, 7503 MiB, 49140 MiB, 292.20 W, 300.00 W, 73, 1710 MHz
2026/09/23 12:48:06.353, 0, 95 %, 85 %, 7503 MiB, 49140 MiB, 292.52 W, 300.00 W, 73, 1905 MHz
2026/09/23 12:48:07.354, 0, 98 %, 82 %, 7503 MiB, 49140 MiB, 292.34 W, 300.00 W, 72, 1545 MHz
2026/09/23 12:48:08.355, 0, 97 %, 87 %, 7503 MiB, 49140 MiB, 291.69 W, 300.00 W, 74, 1845 MHz
2026/09/23 12:48:09.356, 0, 96 %, 85 %, 7503 MiB, 49140 MiB, 291.91 W, 300.00 W, 73, 1890 MHz
2026/09/23 12:48:10.357, 0, 98 %, 81 %, 7503 MiB, 49140 MiB, 292.17 W, 300.00 W, 72, 1515 MHz
2026/09/23 12:48:11.358, 0, 97 %, 88 %, 7503 MiB, 49140 MiB, 291.34 W, 300.00 W, 73, 1680 MHz
2026/09/23 12:48:12.358, 0, 96 %, 86 %, 7503 MiB, 49140 MiB, 292.19 W, 300.00 W, 73, 1665 MHz
2026/09/23 12:48:13.359, 0, 97 %, 86 %, 7503 MiB, 49140 MiB, 290.16 W, 300.00 W, 73, 1860 MHz
2026/09/23 12:48:14.360, 0, 98 %, 88 %, 7503 MiB, 49140 MiB, 291.50 W, 300.00 W, 73, 1710 MHz
2026/09/23 12:48:15.361, 0, 97 %, 88 %, 7503 MiB, 49140 MiB, 292.98 W, 300.00 W, 74, 1605 MHz
2026/09/23 12:48:16.361, 0, 98 %, 88 %, 7503 MiB, 49140 MiB, 291.25 W, 300.00 W, 74, 1845 MHz
2026/09/23 12:48:17.363, 0, 98 %, 83 %, 7503 MiB, 49140 MiB, 291.21 W, 300.00 W, 72, 1980 MHz
2026/09/23 12:48:18.363, 0, 89 %, 78 %, 7503 MiB, 49140 MiB, 290.30 W, 300.00 W, 71, 1635 MHz
2026/09/23 12:48:19.364, 0, 97 %, 87 %, 7503 MiB, 49140 MiB, 288.87 W, 300.00 W, 73, 1665 MHz
2026/09/23 12:48:20.365, 0, 97 %, 87 %, 7503 MiB, 49140 MiB, 292.49 W, 300.00 W, 73, 1665 MHz
2026/09/23 12:48:21.366, 0, 98 %, 86 %, 7503 MiB, 49140 MiB, 291.44 W, 300.00 W, 73, 1785 MHz
2026/09/23 12:48:22.367, 0, 98 %, 87 %, 7503 MiB, 49140 MiB, 291.85 W, 300.00 W, 73, 1815 MHz
2026/09/23 12:48:23.370, 0, 95 %, 68 %, 7503 MiB, 49140 MiB, 295.22 W, 300.00 W, 75, 1500 MHz
2026/09/23 12:48:24.370, 0, 0 %, 0 %, 7503 MiB, 49140 MiB, 239.69 W, 300.00 W, 67, 2505 MHz
2026/09/23 12:48:25.371, 0, 98 %, 83 %, 7503 MiB, 49140 MiB, 165.69 W, 300.00 W, 72, 1770 MHz
2026/09/23 12:48:26.371, 0, 98 %, 86 %, 7503 MiB, 49140 MiB, 292.40 W, 300.00 W, 71, 1890 MHz
2026/09/23 12:48:27.372, 0, 95 %, 86 %, 7503 MiB, 49140 MiB, 289.59 W, 300.00 W, 74, 1860 MHz
2026/09/23 12:48:28.373, 0, 96 %, 86 %, 7503 MiB, 49140 MiB, 290.48 W, 300.00 W, 72, 1695 MHz
2026/09/23 12:48:29.374, 0, 98 %, 82 %, 7503 MiB, 49140 MiB, 291.95 W, 300.00 W, 72, 1635 MHz
2026/09/23 12:48:30.375, 0, 98 %, 87 %, 7503 MiB, 49140 MiB, 290.33 W, 300.00 W, 73, 1845 MHz
2026/09/23 12:48:31.375, 0, 96 %, 86 %, 7503 MiB, 49140 MiB, 291.58 W, 300.00 W, 72, 2025 MHz
2026/09/23 12:48:32.376, 0, 97 %, 86 %, 7503 MiB, 49140 MiB, 289.92 W, 300.00 W, 73, 1620 MHz
2026/09/23 12:48:33.377, 0, 98 %, 88 %, 7503 MiB, 49140 MiB, 291.32 W, 300.00 W, 73, 1920 MHz
2026/09/23 12:48:34.380, 0, 97 %, 87 %, 7503 MiB, 49140 MiB, 292.93 W, 300.00 W, 73, 1995 MHz
2026/09/23 12:48:35.381, 0, 98 %, 86 %, 7503 MiB, 49140 MiB, 291.34 W, 300.00 W, 73, 1560 MHz
2026/09/23 12:48:36.382, 0, 98 %, 86 %, 7503 MiB, 49140 MiB, 292.00 W, 300.00 W, 73, 1920 MHz
2026/09/23 12:48:37.383, 0, 98 %, 88 %, 7503 MiB, 49140 MiB, 292.15 W, 300.00 W, 74, 1980 MHz
2026/09/23 12:48:38.385, 0, 97 %, 87 %, 7503 MiB, 49140 MiB, 291.55 W, 300.00 W, 73, 1590 MHz
2026/09/23 12:48:39.386, 0, 97 %, 84 %, 7503 MiB, 49140 MiB, 290.42 W, 300.00 W, 72, 1725 MHz
2026/09/23 12:48:40.387, 0, 97 %, 87 %, 7503 MiB, 49140 MiB, 293.05 W, 300.00 W, 73, 1890 MHz
2026/09/23 12:48:41.389, 0, 98 %, 89 %, 7503 MiB, 49140 MiB, 290.96 W, 300.00 W, 74, 1665 MHz
2026/09/23 12:48:42.390, 0, 93 %, 83 %, 7503 MiB, 49140 MiB, 291.04 W, 300.00 W, 73, 2040 MHz
2026/09/23 12:48:43.391, 0, 98 %, 85 %, 7503 MiB, 49140 MiB, 289.98 W, 300.00 W, 72, 1605 MHz
2026/09/23 12:48:44.392, 0, 97 %, 83 %, 7503 MiB, 49140 MiB, 288.77 W, 300.00 W, 73, 1905 MHz
2026/09/23 12:48:45.393, 0, 97 %, 87 %, 7503 MiB, 49140 MiB, 292.63 W, 300.00 W, 71, 1890 MHz
2026/09/23 12:48:46.395, 0, 97 %, 87 %, 7503 MiB, 49140 MiB, 289.67 W, 300.00 W, 75, 1830 MHz
2026/09/23 12:48:47.395, 0, 96 %, 85 %, 7503 MiB, 49140 MiB, 291.07 W, 300.00 W, 73, 1920 MHz
2026/09/23 12:48:48.396, 0, 96 %, 85 %, 7503 MiB, 49140 MiB, 290.39 W, 300.00 W, 73, 1590 MHz
2026/09/23 12:48:49.397, 0, 95 %, 68 %, 7503 MiB, 49140 MiB, 298.23 W, 300.00 W, 75, 1455 MHz
2026/09/23 12:48:50.398, 0, 80 %, 72 %, 7503 MiB, 49140 MiB, 132.08 W, 300.00 W, 72, 2130 MHz
2026/09/23 12:48:51.399, 0, 97 %, 85 %, 7503 MiB, 49140 MiB, 286.45 W, 300.00 W, 72, 1620 MHz
2026/09/23 12:48:52.400, 0, 98 %, 89 %, 7503 MiB, 49140 MiB, 292.05 W, 300.00 W, 73, 1800 MHz
2026/09/23 12:48:53.401, 0, 97 %, 87 %, 7503 MiB, 49140 MiB, 293.01 W, 300.00 W, 73, 1980 MHz
2026/09/23 12:48:54.402, 0, 98 %, 86 %, 7503 MiB, 49140 MiB, 290.55 W, 300.00 W, 73, 1590 MHz
2026/09/23 12:48:55.403, 0, 97 %, 86 %, 7503 MiB, 49140 MiB, 291.35 W, 300.00 W, 73, 1980 MHz
2026/09/23 12:48:56.405, 0, 98 %, 89 %, 7503 MiB, 49140 MiB, 293.12 W, 300.00 W, 73, 2070 MHz
2026/09/23 12:48:57.406, 0, 96 %, 86 %, 7503 MiB, 49140 MiB, 290.40 W, 300.00 W, 73, 1575 MHz
2026/09/23 12:48:58.407, 0, 98 %, 86 %, 7503 MiB, 49140 MiB, 292.34 W, 300.00 W, 73, 1935 MHz
2026/09/23 12:48:59.408, 0, 98 %, 89 %, 7503 MiB, 49140 MiB, 292.98 W, 300.00 W, 73, 2100 MHz
2026/09/23 12:49:00.408, 0, 98 %, 88 %, 7503 MiB, 49140 MiB, 290.80 W, 300.00 W, 73, 1575 MHz
2026/09/23 12:49:01.409, 0, 98 %, 83 %, 7503 MiB, 49140 MiB, 291.84 W, 300.00 W, 73, 1875 MHz
2026/09/23 12:49:02.410, 0, 98 %, 89 %, 7503 MiB, 49140 MiB, 293.30 W, 300.00 W, 71, 1995 MHz
2026/09/23 12:49:03.411, 0, 97 %, 87 %, 7503 MiB, 49140 MiB, 289.75 W, 300.00 W, 75, 1860 MHz
2026/09/23 12:49:04.412, 0, 91 %, 81 %, 7503 MiB, 49140 MiB, 290.70 W, 300.00 W, 73, 1995 MHz
2026/09/23 12:49:05.413, 0, 97 %, 83 %, 7503 MiB, 49140 MiB, 289.93 W, 300.00 W, 72, 1665 MHz
2026/09/23 12:49:06.414, 0, 98 %, 88 %, 7503 MiB, 49140 MiB, 291.76 W, 300.00 W, 74, 1800 MHz
2026/09/23 12:49:07.416, 0, 96 %, 86 %, 7503 MiB, 49140 MiB, 292.97 W, 300.00 W, 73, 2010 MHz
2026/09/23 12:49:08.416, 0, 96 %, 86 %, 7503 MiB, 49140 MiB, 289.26 W, 300.00 W, 73, 1545 MHz
2026/09/23 12:49:09.417, 0, 97 %, 83 %, 7503 MiB, 49140 MiB, 290.89 W, 300.00 W, 73, 1845 MHz
2026/09/23 12:49:10.418, 0, 98 %, 83 %, 7503 MiB, 49140 MiB, 291.43 W, 300.00 W, 72, 1635 MHz
2026/09/23 12:49:11.419, 0, 98 %, 87 %, 7503 MiB, 49140 MiB, 290.59 W, 300.00 W, 75, 1530 MHz
2026/09/23 12:49:12.420, 0, 95 %, 84 %, 7503 MiB, 49140 MiB, 292.50 W, 300.00 W, 73, 1965 MHz
2026/09/23 12:49:13.420, 0, 98 %, 83 %, 7503 MiB, 49140 MiB, 291.58 W, 300.00 W, 72, 2040 MHz
2026/09/23 12:49:14.422, 0, 91 %, 65 %, 7503 MiB, 49140 MiB, 297.35 W, 300.00 W, 74, 1620 MHz
2026/09/23 12:49:15.423, 0, 0 %, 0 %, 7503 MiB, 49140 MiB, 196.46 W, 300.00 W, 67, 2730 MHz
2026/09/23 12:49:16.423, 0, 97 %, 84 %, 7503 MiB, 49140 MiB, 223.92 W, 300.00 W, 72, 1725 MHz
2026/09/23 12:49:17.425, 0, 98 %, 86 %, 7503 MiB, 49140 MiB, 292.21 W, 300.00 W, 72, 1950 MHz
2026/09/23 12:49:18.425, 0, 98 %, 89 %, 7503 MiB, 49140 MiB, 289.83 W, 300.00 W, 74, 1605 MHz
2026/09/23 12:49:19.426, 0, 97 %, 86 %, 7503 MiB, 49140 MiB, 291.29 W, 300.00 W, 73, 1770 MHz
2026/09/23 12:49:20.426, 0, 98 %, 85 %, 7503 MiB, 49140 MiB, 289.58 W, 300.00 W, 72, 2025 MHz
2026/09/23 12:49:21.427, 0, 98 %, 89 %, 7503 MiB, 49140 MiB, 292.41 W, 300.00 W, 73, 1560 MHz
2026/09/23 12:49:22.429, 0, 98 %, 88 %, 7503 MiB, 49140 MiB, 292.59 W, 300.00 W, 73, 1710 MHz
2026/09/23 12:49:23.432, 0, 96 %, 85 %, 7503 MiB, 49140 MiB, 290.97 W, 300.00 W, 73, 1785 MHz
2026/09/23 12:49:24.433, 0, 97 %, 83 %, 7503 MiB, 49140 MiB, 290.48 W, 300.00 W, 73, 1815 MHz
2026/09/23 12:49:25.434, 0, 98 %, 88 %, 7503 MiB, 49140 MiB, 292.47 W, 300.00 W, 73, 1965 MHz
2026/09/23 12:49:26.434, 0, 98 %, 89 %, 7503 MiB, 49140 MiB, 290.69 W, 300.00 W, 74, 1650 MHz
2026/09/23 12:49:27.436, 0, 97 %, 85 %, 7503 MiB, 49140 MiB, 292.39 W, 300.00 W, 72, 1815 MHz
2026/09/23 12:49:28.437, 0, 98 %, 84 %, 7503 MiB, 49140 MiB, 292.85 W, 300.00 W, 72, 1905 MHz
2026/09/23 12:49:29.438, 0, 98 %, 87 %, 7503 MiB, 49140 MiB, 291.48 W, 300.00 W, 74, 1530 MHz
2026/09/23 12:49:30.441, 0, 96 %, 86 %, 7503 MiB, 49140 MiB, 292.64 W, 300.00 W, 73, 1890 MHz
2026/09/23 12:49:31.441, 0, 97 %, 84 %, 7503 MiB, 49140 MiB, 290.70 W, 300.00 W, 72, 2010 MHz
2026/09/23 12:49:32.443, 0, 97 %, 88 %, 7503 MiB, 49140 MiB, 291.99 W, 300.00 W, 73, 1560 MHz
2026/09/23 12:49:33.444, 0, 97 %, 87 %, 7503 MiB, 49140 MiB, 293.75 W, 300.00 W, 73, 1830 MHz
2026/09/23 12:49:34.446, 0, 97 %, 86 %, 7503 MiB, 49140 MiB, 290.76 W, 300.00 W, 73, 1710 MHz
2026/09/23 12:49:35.447, 0, 98 %, 83 %, 7503 MiB, 49140 MiB, 291.44 W, 300.00 W, 73, 1815 MHz
2026/09/23 12:49:36.447, 0, 97 %, 88 %, 7503 MiB, 49140 MiB, 293.39 W, 300.00 W, 74, 1680 MHz
2026/09/23 12:49:37.449, 0, 98 %, 88 %, 7503 MiB, 49140 MiB, 290.87 W, 300.00 W, 73, 1560 MHz
2026/09/23 12:49:38.450, 0, 96 %, 85 %, 7503 MiB, 49140 MiB, 290.73 W, 300.00 W, 73, 1815 MHz
2026/09/23 12:49:39.450, 0, 92 %, 67 %, 7503 MiB, 49140 MiB, 292.49 W, 300.00 W, 74, 1650 MHz
2026/09/23 12:49:40.451, 0, 12 %, 9 %, 7503 MiB, 49140 MiB, 280.69 W, 300.00 W, 68, 2505 MHz
2026/09/23 12:49:41.452, 0, 95 %, 86 %, 7503 MiB, 49140 MiB, 132.10 W, 300.00 W, 72, 1935 MHz
2026/09/23 12:49:42.453, 0, 98 %, 86 %, 7503 MiB, 49140 MiB, 289.80 W, 300.00 W, 72, 1905 MHz
2026/09/23 12:49:43.455, 0, 96 %, 84 %, 7503 MiB, 49140 MiB, 290.82 W, 300.00 W, 72, 1860 MHz
2026/09/23 12:49:44.456, 0, 97 %, 87 %, 7503 MiB, 49140 MiB, 292.17 W, 300.00 W, 72, 2025 MHz
2026/09/23 12:49:45.457, 0, 97 %, 88 %, 7503 MiB, 49140 MiB, 290.87 W, 300.00 W, 74, 1650 MHz
2026/09/23 12:49:46.458, 0, 96 %, 85 %, 7503 MiB, 49140 MiB, 291.08 W, 300.00 W, 72, 1785 MHz
2026/09/23 12:49:47.459, 0, 97 %, 81 %, 7503 MiB, 49140 MiB, 291.52 W, 300.00 W, 71, 2040 MHz
2026/09/23 12:49:48.460, 0, 98 %, 87 %, 7503 MiB, 49140 MiB, 291.66 W, 300.00 W, 74, 1590 MHz
2026/09/23 12:49:49.461, 0, 95 %, 85 %, 7503 MiB, 49140 MiB, 291.83 W, 300.00 W, 72, 1935 MHz
2026/09/23 12:49:50.462, 0, 98 %, 85 %, 7503 MiB, 49140 MiB, 290.48 W, 300.00 W, 72, 2010 MHz
2026/09/23 12:49:51.463, 0, 98 %, 88 %, 7503 MiB, 49140 MiB, 292.58 W, 300.00 W, 74, 1530 MHz
2026/09/23 12:49:52.464, 0, 95 %, 85 %, 7503 MiB, 49140 MiB, 292.25 W, 300.00 W, 73, 1830 MHz
2026/09/23 12:49:53.465, 0, 97 %, 86 %, 7503 MiB, 49140 MiB, 290.80 W, 300.00 W, 73, 1920 MHz
2026/09/23 12:49:54.465, 0, 98 %, 88 %, 7503 MiB, 49140 MiB, 292.50 W, 300.00 W, 73, 1515 MHz
2026/09/23 12:49:55.466, 0, 98 %, 90 %, 7503 MiB, 49140 MiB, 292.93 W, 300.00 W, 73, 1680 MHz
2026/09/23 12:49:56.467, 0, 97 %, 87 %, 7503 MiB, 49140 MiB, 291.16 W, 300.00 W, 73, 1665 MHz
2026/09/23 12:49:57.467, 0, 97 %, 84 %, 7503 MiB, 49140 MiB, 292.17 W, 300.00 W, 73, 1785 MHz
2026/09/23 12:49:58.468, 0, 97 %, 86 %, 7503 MiB, 49140 MiB, 291.66 W, 300.00 W, 72, 1965 MHz
2026/09/23 12:49:59.469, 0, 97 %, 87 %, 7503 MiB, 49140 MiB, 290.45 W, 300.00 W, 75, 1590 MHz
2026/09/23 12:50:00.469, 0, 94 %, 83 %, 7503 MiB, 49140 MiB, 291.91 W, 300.00 W, 73, 2040 MHz
2026/09/23 12:50:01.471, 0, 98 %, 82 %, 7503 MiB, 49140 MiB, 291.37 W, 300.00 W, 72, 1665 MHz
2026/09/23 12:50:02.472, 0, 97 %, 87 %, 7503 MiB, 49140 MiB, 291.62 W, 300.00 W, 74, 1650 MHz
2026/09/23 12:50:03.473, 0, 98 %, 89 %, 7503 MiB, 49140 MiB, 291.50 W, 300.00 W, 74, 1770 MHz
2026/09/23 12:50:04.475, 0, 98 %, 88 %, 7503 MiB, 49140 MiB, 290.73 W, 300.00 W, 73, 2085 MHz
2026/09/23 12:50:05.475, 0, 96 %, 68 %, 7503 MiB, 49140 MiB, 296.60 W, 300.00 W, 74, 1560 MHz
2026/09/23 12:50:06.476, 0, 0 %, 0 %, 7503 MiB, 49140 MiB, 157.10 W, 300.00 W, 66, 2505 MHz
2026/09/23 12:50:07.477, 0, 98 %, 85 %, 7503 MiB, 49140 MiB, 242.40 W, 300.00 W, 72, 1650 MHz
2026/09/23 12:50:08.478, 0, 98 %, 90 %, 7503 MiB, 49140 MiB, 293.10 W, 300.00 W, 73, 1890 MHz
2026/09/23 12:50:09.479, 0, 98 %, 87 %, 7503 MiB, 49140 MiB, 291.26 W, 300.00 W, 73, 1935 MHz
2026/09/23 12:50:10.480, 0, 98 %, 84 %, 7503 MiB, 49140 MiB, 291.68 W, 300.00 W, 73, 1605 MHz
2026/09/23 12:50:11.481, 0, 98 %, 89 %, 7503 MiB, 49140 MiB, 293.51 W, 300.00 W, 73, 2130 MHz
2026/09/23 12:50:12.482, 0, 98 %, 88 %, 7503 MiB, 49140 MiB, 289.84 W, 300.00 W, 73, 2010 MHz
2026/09/23 12:50:13.483, 0, 97 %, 85 %, 7503 MiB, 49140 MiB, 291.30 W, 300.00 W, 72, 1530 MHz
2026/09/23 12:50:14.484, 0, 97 %, 82 %, 7503 MiB, 49140 MiB, 291.48 W, 300.00 W, 72, 1845 MHz
2026/09/23 12:50:15.486, 0, 98 %, 88 %, 7503 MiB, 49140 MiB, 291.46 W, 300.00 W, 75, 1920 MHz
2026/09/23 12:50:16.487, 0, 96 %, 86 %, 7503 MiB, 49140 MiB, 292.35 W, 300.00 W, 73, 1575 MHz
2026/09/23 12:50:17.488, 0, 97 %, 81 %, 7503 MiB, 49140 MiB, 290.97 W, 300.00 W, 71, 1710 MHz
2026/09/23 12:50:18.488, 0, 98 %, 88 %, 7503 MiB, 49140 MiB, 289.58 W, 300.00 W, 74, 1605 MHz
2026/09/23 12:50:19.489, 0, 98 %, 89 %, 7503 MiB, 49140 MiB, 292.23 W, 300.00 W, 74, 1815 MHz
2026/09/23 12:50:20.490, 0, 97 %, 87 %, 7503 MiB, 49140 MiB, 290.66 W, 300.00 W, 74, 1995 MHz
2026/09/23 12:50:21.490, 0, 97 %, 83 %, 7503 MiB, 49140 MiB, 290.72 W, 300.00 W, 73, 1560 MHz
2026/09/23 12:50:22.491, 0, 92 %, 81 %, 7503 MiB, 49140 MiB, 290.45 W, 300.00 W, 72, 1905 MHz
2026/09/23 12:50:23.492, 0, 97 %, 88 %, 7503 MiB, 49140 MiB, 290.38 W, 300.00 W, 74, 2040 MHz
2026/09/23 12:50:24.493, 0, 97 %, 83 %, 7503 MiB, 49140 MiB, 291.08 W, 300.00 W, 72, 1545 MHz
2026/09/23 12:50:25.494, 0, 97 %, 87 %, 7503 MiB, 49140 MiB, 292.51 W, 300.00 W, 73, 1950 MHz
2026/09/23 12:50:26.494, 0, 98 %, 88 %, 7503 MiB, 49140 MiB, 290.48 W, 300.00 W, 74, 2010 MHz
2026/09/23 12:50:27.495, 0, 97 %, 83 %, 7503 MiB, 49140 MiB, 292.15 W, 300.00 W, 73, 1590 MHz
2026/09/23 12:50:28.496, 0, 98 %, 89 %, 7503 MiB, 49140 MiB, 293.97 W, 300.00 W, 73, 1800 MHz
2026/09/23 12:50:29.496, 0, 96 %, 86 %, 7503 MiB, 49140 MiB, 290.51 W, 300.00 W, 73, 1890 MHz
2026/09/23 12:50:30.498, 0, 88 %, 63 %, 7503 MiB, 49140 MiB, 293.40 W, 300.00 W, 74, 1620 MHz
2026/09/23 12:50:31.499, 0, 0 %, 0 %, 7503 MiB, 49140 MiB, 234.50 W, 300.00 W, 68, 2745 MHz
2026/09/23 12:50:32.500, 0, 97 %, 86 %, 7503 MiB, 49140 MiB, 180.05 W, 300.00 W, 74, 1920 MHz
2026/09/23 12:50:33.501, 0, 95 %, 85 %, 7503 MiB, 49140 MiB, 290.25 W, 300.00 W, 72, 1710 MHz
2026/09/23 12:50:34.502, 0, 98 %, 82 %, 7503 MiB, 49140 MiB, 290.35 W, 300.00 W, 71, 1995 MHz
2026/09/23 12:50:35.503, 0, 97 %, 87 %, 7503 MiB, 49140 MiB, 289.31 W, 300.00 W, 73, 1695 MHz
2026/09/23 12:50:36.507, 0, 97 %, 87 %, 7503 MiB, 49140 MiB, 292.40 W, 300.00 W, 73, 1860 MHz
2026/09/23 12:50:37.508, 0, 98 %, 88 %, 7503 MiB, 49140 MiB, 287.82 W, 300.00 W, 73, 2055 MHz
2026/09/23 12:50:38.508, 0, 97 %, 83 %, 7503 MiB, 49140 MiB, 290.57 W, 300.00 W, 72, 1605 MHz
2026/09/23 12:50:39.509, 0, 98 %, 88 %, 7503 MiB, 49140 MiB, 292.21 W, 300.00 W, 74, 1845 MHz
2026/09/23 12:50:40.510, 0, 98 %, 88 %, 7503 MiB, 49140 MiB, 290.00 W, 300.00 W, 73, 2010 MHz
2026/09/23 12:50:41.511, 0, 98 %, 84 %, 7503 MiB, 49140 MiB, 290.90 W, 300.00 W, 73, 1590 MHz
2026/09/23 12:50:42.512, 0, 98 %, 88 %, 7503 MiB, 49140 MiB, 292.18 W, 300.00 W, 74, 1965 MHz
2026/09/23 12:50:43.513, 0, 98 %, 88 %, 7503 MiB, 49140 MiB, 289.98 W, 300.00 W, 73, 1995 MHz
2026/09/23 12:50:44.513, 0, 97 %, 83 %, 7503 MiB, 49140 MiB, 291.30 W, 300.00 W, 72, 1575 MHz
2026/09/23 12:50:45.514, 0, 97 %, 88 %, 7503 MiB, 49140 MiB, 292.28 W, 300.00 W, 73, 1995 MHz
2026/09/23 12:50:46.515, 0, 98 %, 88 %, 7503 MiB, 49140 MiB, 289.87 W, 300.00 W, 74, 2025 MHz
2026/09/23 12:50:47.516, 0, 97 %, 84 %, 7503 MiB, 49140 MiB, 290.98 W, 300.00 W, 73, 1560 MHz
2026/09/23 12:50:48.516, 0, 97 %, 88 %, 7503 MiB, 49140 MiB, 292.22 W, 300.00 W, 73, 1980 MHz
2026/09/23 12:50:49.517, 0, 98 %, 88 %, 7503 MiB, 49140 MiB, 291.20 W, 300.00 W, 73, 1830 MHz
2026/09/23 12:50:50.518, 0, 98 %, 85 %, 7503 MiB, 49140 MiB, 291.99 W, 300.00 W, 73, 2040 MHz
2026/09/23 12:50:51.521, 0, 96 %, 88 %, 7503 MiB, 49140 MiB, 292.68 W, 300.00 W, 73, 1605 MHz
2026/09/23 12:50:52.522, 0, 98 %, 86 %, 7503 MiB, 49140 MiB, 291.40 W, 300.00 W, 73, 1965 MHz
2026/09/23 12:50:53.523, 0, 98 %, 88 %, 7503 MiB, 49140 MiB, 291.81 W, 300.00 W, 73, 2055 MHz
2026/09/23 12:50:54.524, 0, 98 %, 89 %, 7503 MiB, 49140 MiB, 292.96 W, 300.00 W, 73, 1560 MHz
2026/09/23 12:50:55.529, 0, 92 %, 71 %, 7503 MiB, 49140 MiB, 290.55 W, 300.00 W, 73, 1770 MHz
2026/09/23 12:50:56.530, 0, 91 %, 64 %, 7503 MiB, 49140 MiB, 296.95 W, 300.00 W, 71, 2700 MHz
2026/09/23 12:50:57.530, 0, 9 %, 0 %, 7503 MiB, 49140 MiB, 108.99 W, 300.00 W, 67, 2745 MHz
2026/09/23 12:50:58.531, 0, 6 %, 0 %, 1765 MiB, 49140 MiB, 86.08 W, 300.00 W, 66, 2745 MHz
2026/09/23 12:50:59.532, 0, 0 %, 0 %, 1765 MiB, 49140 MiB, 84.49 W, 300.00 W, 65, 2745 MHz
2026/09/23 12:51:00.532, 0, 2 %, 0 %, 1765 MiB, 49140 MiB, 83.84 W, 300.00 W, 64, 2505 MHz
2026/09/23 12:51:01.533, 0, 1 %, 0 %, 1765 MiB, 49140 MiB, 72.43 W, 300.00 W, 64, 2505 MHz
2026/09/23 12:51:02.533, 0, 0 %, 0 %, 1765 MiB, 49140 MiB, 74.14 W, 300.00 W, 63, 2505 MHz
2026/09/23 12:51:03.535, 0, 19 %, 7 %, 1765 MiB, 49140 MiB, 89.68 W, 300.00 W, 64, 2505 MHz
2026/09/23 12:51:04.535, 0, 39 %, 15 %, 1765 MiB, 49140 MiB, 170.37 W, 300.00 W, 69, 2685 MHz
2026/09/23 12:51:05.536, 0, 0 %, 0 %, 1765 MiB, 49140 MiB, 120.90 W, 300.00 W, 63, 2640 MHz
2026/09/23 12:51:06.536, 0, 0 %, 0 %, 1765 MiB, 49140 MiB, 86.07 W, 300.00 W, 63, 2640 MHz
2026/09/23 12:51:07.541, 0, 0 %, 0 %, 1765 MiB, 49140 MiB, 73.48 W, 300.00 W, 62, 2505 MHz
2026/09/23 12:51:08.541, 0, 0 %, 0 %, 1765 MiB, 49140 MiB, 70.28 W, 300.00 W, 61, 2505 MHz
2026/09/23 12:51:09.542, 0, 0 %, 0 %, 1765 MiB, 49140 MiB, 67.04 W, 300.00 W, 61, 2505 MHz
2026/09/23 12:51:10.542, 0, 0 %, 0 %, 1765 MiB, 49140 MiB, 66.94 W, 300.00 W, 60, 2505 MHz
2026/09/23 12:51:11.543, 0, 0 %, 0 %, 0 MiB, 49140 MiB, 66.19 W, 300.00 W, 60, 2505 MHz
2026/09/23 12:51:12.545, 0, 0 %, 0 %, 0 MiB, 49140 MiB, 67.61 W, 300.00 W, 59, 2505 MHz
2026/09/23 12:51:13.545, 0, 0 %, 0 %, 0 MiB, 49140 MiB, 67.57 W, 300.00 W, 59, 2505 MHz
2026/09/23 12:51:14.548, 0, 0 %, 0 %, 0 MiB, 49140 MiB, 49.96 W, 300.00 W, 58, 720 MHz
2026/09/23 12:51:15.548, 0, 0 %, 0 %, 0 MiB, 49140 MiB, 41.40 W, 300.00 W, 58, 450 MHz
2026/09/23 12:51:16.549, 0, 0 %, 0 %, 0 MiB, 49140 MiB, 31.97 W, 300.00 W, 57, 285 MHz
2026/09/23 12:51:17.550, 0, 0 %, 0 %, 0 MiB, 49140 MiB, 28.69 W, 300.00 W, 57, 210 MHz
2026/09/23 12:51:18.550, 0, 0 %, 0 %, 0 MiB, 49140 MiB, 27.87 W, 300.00 W, 56, 210 MHz
2026/09/23 12:51:19.551, 0, 0 %, 0 %, 0 MiB, 49140 MiB, 27.70 W, 300.00 W, 56, 210 MHz
2026/09/23 12:51:20.551, 0, 0 %, 0 %, 0 MiB, 49140 MiB, 27.64 W, 300.00 W, 56, 210 MHz
2026/09/23 12:51:21.557, 0, 0 %, 0 %, 0 MiB, 49140 MiB, 27.58 W, 300.00 W, 55, 210 MHz
2026/09/23 12:51:22.557, 0, 0 %, 0 %, 733 MiB, 49140 MiB, 27.38 W, 300.00 W, 55, 210 MHz
2026/09/23 12:51:23.558, 0, 5 %, 0 %, 909 MiB, 49140 MiB, 67.53 W, 300.00 W, 56, 2505 MHz
2026/09/23 12:51:24.558, 0, 41 %, 13 %, 717 MiB, 49140 MiB, 93.79 W, 300.00 W, 57, 2745 MHz
2026/09/23 12:51:25.559, 0, 45 %, 8 %, 1017 MiB, 49140 MiB, 131.48 W, 300.00 W, 57, 2745 MHz
2026/09/23 12:51:26.559, 0, 46 %, 9 %, 717 MiB, 49140 MiB, 151.43 W, 300.00 W, 58, 2745 MHz
2026/09/23 12:51:27.560, 0, 44 %, 8 %, 855 MiB, 49140 MiB, 138.49 W, 300.00 W, 58, 2745 MHz
2026/09/23 12:51:28.560, 0, 46 %, 12 %, 1017 MiB, 49140 MiB, 156.86 W, 300.00 W, 61, 2745 MHz
2026/09/23 12:51:29.560, 0, 43 %, 8 %, 717 MiB, 49140 MiB, 167.66 W, 300.00 W, 60, 2745 MHz
2026/09/23 12:51:30.562, 0, 51 %, 22 %, 717 MiB, 49140 MiB, 167.82 W, 300.00 W, 61, 2745 MHz
2026/09/23 12:51:31.563, 0, 44 %, 11 %, 717 MiB, 49140 MiB, 161.18 W, 300.00 W, 59, 2745 MHz
2026/09/23 12:51:32.563, 0, 45 %, 9 %, 717 MiB, 49140 MiB, 160.78 W, 300.00 W, 59, 2745 MHz
2026/09/23 12:51:33.564, 0, 48 %, 15 %, 1017 MiB, 49140 MiB, 172.92 W, 300.00 W, 61, 2745 MHz
2026/09/23 12:51:34.564, 0, 45 %, 9 %, 717 MiB, 49140 MiB, 169.95 W, 300.00 W, 62, 2745 MHz
2026/09/23 12:51:35.565, 0, 51 %, 21 %, 1017 MiB, 49140 MiB, 176.82 W, 300.00 W, 62, 2745 MHz
2026/09/23 12:51:36.565, 0, 46 %, 8 %, 1017 MiB, 49140 MiB, 173.55 W, 300.00 W, 60, 2745 MHz
2026/09/23 12:51:37.566, 0, 44 %, 8 %, 855 MiB, 49140 MiB, 147.05 W, 300.00 W, 59, 2745 MHz
2026/09/23 12:51:38.566, 0, 0 %, 0 %, 717 MiB, 49140 MiB, 124.92 W, 300.00 W, 58, 2745 MHz
2026/09/23 12:51:39.567, 0, 0 %, 0 %, 715 MiB, 49140 MiB, 78.53 W, 300.00 W, 57, 2745 MHz
